1,1,1,1,1,1,1,1,1,1
1,1,1,1,1,1,1,1,1,1
1,1,1,1,1,1,1,1,1,1
1,1,1,1,1,1,1,1,1,1
1,1,1,1,1,1,1,1,1,1
1,1,1,1,1,1,1,1,1,1
1,1,1,1,1,1,1,1,1,1
1,1,1,1,1,1,1,1,1,1
1,1,1,1,1,1,1,1,1,1
1,1,1,1,1,1,1,1,1,1
1,1,1,1,1,1,1,1,1,1
1,1,1,1,1,1,1,1,1,1
1,1,1,1,1,1,1,1,1,1
1,1,1,1,1,1,1,1,1,1
1,1,1,1,1,1,1,1,1,1
1,1,1,1,1,1,1,1,1,1
1,1,1,1,1,1,1,1,1,1
1,1,1,1,1,1,1,1,1,1
1,1,1,1,1,1,1,1,1,1
1,1,1,1,1,1,1,1,1,1
1,1,1,1,1,1,1,1,1,1
1,1,1,1,1,1,1,1,1,1
1,1,1,1,1,1,1,1,1,1
1,1,1,1,1,1,1,1,1,1
1,1,1,1,1,1,1,1,1,1
1,1,1,1,1,1,1,1,1,1
1,1,1,1,1,1,1,1,1,1
1,1,1,1,1,1,1,1,1,1
1,1,1,1,1,1,1,1,1,1
1,1,1,1,1,1,1,1,1,1
1,1,1,1,1,1,1,1,1,1
1,1,1,1,1,1,1,1,1,1
1,1,1,1,1,1,1,1,1,1
1,1,1,1,1,1,1,1,1,1
1,1,1,1,1,1,1,1,1,1
1,1,1,1,1,1,1,1,1,1
1,1,1,1,1,1,1,1,1,1
1,1,1,1,1,1,1,1,1,1
1,1,1,1,1,1,1,1,1,1
1,1,1,1,1,1,1,1,1,1
1,1,1,1,1,1,1,1,1,1
1,1,1,1,1,1,1,1,1,1
1,1,1,1,1,1,1,1,1,1
1,1,1,1,1,1,1,1,1,1
1,1,1,1,1,1,1,1,1,1
1,1,1,1,1,1,1,1,1,1
1,1,1,1,1,1,1,1,1,1
1,1,1,1,1,1,1,1,1,1
1,1,1,1,1,1,1,1,1,1
1,1,1,1,1,1,1,1,1,1
1,1,1,1,1,1,1,1,1,1
1,1,1,1,1,1,1,1,1,1
1,1,1,1,1,1,1,1,1,1
1,1,1,1,1,1,1,1,1,1
1,1,1,1,1,1,1,1,1,1
1,1,1,1,1,1,1,1,1,1
1,1,1,1,1,1,1,1,1,1
1,1,1,1,1,1,1,1,1,1
1,1,1,1,1,1,1,1,1,1
1,1,1,1,1,1,1,1,1,1
1,1,1,1,1,1,1,1,1,1
1,1,1,1,1,1,1,1,1,1
1,1,1,1,1,1,1,1,1,1
1,1,1,1,1,1,1,1,1,1
1,1,1,1,1,1,1,1,1,1
1,1,1,1,1,1,1,1,1,1
1,1,1,1,1,1,1,1,1,1
1,1,1,1,1,1,1,1,1,1
1,1,1,1,1,1,1,1,1,1
1,1,1,1,1,1,1,1,1,1
1,1,1,1,1,1,1,1,1,1
1,1,1,1,1,1,1,1,1,1
1,1,1,1,1,1,1,1,1,1
1,1,1,1,1,1,1,1,1,1
1,1,1,1,1,1,1,1,1,1
1,1,1,1,1,1,1,1,1,1
1,1,1,1,1,1,1,1,1,1
1,1,1,1,1,1,1,1,1,1
1,1,1,1,1,1,1,1,1,1
1,1,1,1,1,1,1,1,1,1
1,1,1,1,1,1,1,1,1,1
1,1,1,1,1,1,1,1,1,1
1,1,1,1,1,1,1,1,1,1
1,1,1,1,1,1,1,1,1,1
1,1,1,1,1,1,1,1,1,1
1,1,1,1,1,1,1,1,1,1
1,1,1,1,1,1,1,1,1,1
1,1,1,1,1,1,1,1,1,1
1,1,1,1,1,1,1,1,1,1
1,1,1,1,1,1,1,1,1,1
1,1,1,1,1,1,1,1,1,1
1,1,1,1,1,1,1,1,1,1
1,1,1,1,1,1,1,1,1,1
1,1,1,1,1,1,1,1,1,1
1,1,1,1,1,1,1,1,1,1
1,1,1,1,1,1,1,1,1,1
1,1,1,1,1,1,1,1,1,1
1,1,1,1,1,1,1,1,1,1
1,1,1,1,1,1,1,1,1,1
1,1,1,1,1,1,1,1,1,1
1,1,1,1,1,1,1,1,1,1
1,1,1,1,1,1,1,1,1,1
1,1,1,1,1,1,1,1,1,1
1,1,1,1,1,1,1,1,1,1
1,1,1,1,1,1,1,1,1,1
1,1,1,1,1,1,1,1,1,1
1,1,1,1,1,1,1,1,1,1
1,1,1,1,1,1,1,1,1,1
1,1,1,1,1,1,1,1,1,1
1,1,1,1,1,1,1,1,1,1
1,1,1,1,1,1,1,1,1,1
1,1,1,1,1,1,1,1,1,1
1,1,1,1,1,1,1,1,1,1
1,1,1,1,1,1,1,1,1,1
1,1,1,1,1,1,1,1,1,1
1,1,1,1,1,1,1,1,1,1
1,1,1,1,1,1,1,1,1,1
1,1,1,1,1,1,1,1,1,1
1,1,1,1,1,1,1,1,1,1
1,1,1,1,1,1,1,1,1,1
1,1,1,1,1,1,1,1,1,1
1,1,1,1,1,1,1,1,1,1
1,1,1,1,1,1,1,1,1,1
1,1,1,1,1,1,1,1,1,1
1,1,1,1,1,1,1,1,1,1
1,1,1,1,1,1,1,1,1,1
1,1,1,1,1,1,1,1,1,1
1,1,1,1,1,1,1,1,1,1
1,1,1,1,1,1,1,1,1,1
1,1,1,1,1,1,1,1,1,1
1,1,1,1,1,1,1,1,1,1
1,1,1,1,1,1,1,1,1,1
1,1,1,1,1,1,1,1,1,1
1,1,1,1,1,1,1,1,1,1
1,1,1,1,1,1,1,1,1,1
1,1,1,1,1,1,1,1,1,1
1,1,1,1,1,1,1,1,1,1
1,1,1,1,1,1,1,1,1,1
1,1,1,1,1,1,1,1,1,1
1,1,1,1,1,1,1,1,1,1
1,1,1,1,1,1,1,1,1,1
1,1,1,1,1,1,1,1,1,1
1,1,1,1,1,1,1,1,1,1
1,1,1,1,1,1,1,1,1,1
1,1,1,1,1,1,1,1,1,1
1,1,1,1,1,1,1,1,1,1
1,1,1,1,1,1,1,1,1,1
1,1,1,1,1,1,1,1,1,1
1,1,1,1,1,1,1,1,1,1
1,1,1,1,1,1,1,1,1,1
1,1,1,1,1,1,1,1,1,1
1,1,1,1,1,1,1,1,1,1
1,1,1,1,1,1,1,1,1,1
1,1,1,1,1,1,1,1,1,1
1,1,1,1,1,1,1,1,1,1
1,1,1,1,1,1,1,1,1,1
1,1,1,1,1,1,1,1,1,1
1,1,1,1,1,1,1,1,1,1
1,1,1,1,1,1,1,1,1,1
1,1,1,1,1,1,1,1,1,1
1,1,1,1,1,1,1,1,1,1
1,1,1,1,1,1,1,1,1,1
1,1,1,1,1,1,1,1,1,1
1,1,1,1,1,1,1,1,1,1
1,1,1,1,1,1,1,1,1,1
1,1,1,1,1,1,1,1,1,1
1,1,1,1,1,1,1,1,1,1
1,1,1,1,1,1,1,1,1,1
1,1,1,1,1,1,1,1,1,1
1,1,1,1,1,1,1,1,1,1
1,1,1,1,1,1,1,1,1,1
1,1,1,1,1,1,1,1,1,1
1,1,1,1,1,1,1,1,1,1
1,1,1,1,1,1,1,1,1,1
1,1,1,1,1,1,1,1,1,1
1,1,1,1,1,1,1,1,1,1
1,1,1,1,1,1,1,1,1,1
1,1,1,1,1,1,1,1,1,1
1,1,1,1,1,1,1,1,1,1
1,1,1,1,1,1,1,1,1,1
1,1,1,1,1,1,1,1,1,1
1,1,1,1,1,1,1,1,1,1
1,1,1,1,1,1,1,1,1,1
1,1,1,1,1,1,1,1,1,1
1,1,1,1,1,1,1,1,1,1
1,1,1,1,1,1,1,1,1,1
1,1,1,1,1,1,1,1,1,1
1,1,1,1,1,1,1,1,1,1
1,1,1,1,1,1,1,1,1,1
1,1,1,1,1,1,1,1,1,1
1,1,1,1,1,1,1,1,1,1
1,1,1,1,1,1,1,1,1,1
1,1,1,1,1,1,1,1,1,1
1,1,1,1,1,1,1,1,1,1
1,1,1,1,1,1,1,1,1,1
1,1,1,1,1,1,1,1,1,1
1,1,1,1,1,1,1,1,1,1
1,1,1,1,1,1,1,1,1,1
1,1,1,1,1,1,1,1,1,1
1,1,1,1,1,1,1,1,1,1
1,1,1,1,1,1,1,1,1,1
1,1,1,1,1,1,1,1,1,1
1,1,1,1,1,1,0.9972245,1,1,1
1,1,1,1,1,1,0.9861676,1,1,1
1,1,1,1,1,1,0.975022,1,1,1
1,1,1,1,1,1,0.9637907,1,1,1
1,1,1,1,1,1,0.9524766,1,1,1
1,1,1,1,1,1,0.9410828,1,1,1
1,1,1,1,1,1,0.9296128,1,1,1
1,1,1,1,1,1,0.9180704,1,1,1
1,1,1,1,1,1,0.9064598,1,1,1
1,1,1,1,1,1,0.8947852,1,1,1
1,1,1,1,1,1,0.883051,1,1,1
1,1,1,1,1,1,0.8712621,1,1,1
1,1,1,1,1,1,0.8594263,1,1,1
1,1,1,1,1,1,0.8475456,1,1,1
1,1,1,1,1,1,0.835625,1,1,1
1,1,1,1,1,1,0.8236696,1,1,1
1,1,1,1,1,1,0.8116845,1,1,1
1,1,1,1,1,1,0.7996752,1,1,1
1,1,1,1,1,1,0.7943352,0.9872355,1,1
1,1,1,1,1,1,0.8023204,0.9681247,1,0
1,1,1,1,1,1,0.8114071,0.9487404,1,0
1,1,1,1,1,1,0.8216408,0.9291288,1,0
1,1,1,1,1,1,0.8330711,0.9093454,1,0
1,1,1,1,1,1,0.8457592,0.8957383,1,0
1,1,1,1,1,1,0.8593355,0.9012893,1,0
1,1,1,1,1,1,0.8725117,0.9066281,1,0
1,1,1,1,1,1,0.8852676,0.9117554,1,0
1,1,1,1,1,1,0.8975775,0.9166687,1,1
1,1,1,1,1,1,0.9094281,0.9213706,1,1
1,1,1,1,1,1,0.9208086,0.8732111,1,0
1,1,1,1,1,1,0.9357699,0.8547915,1,0
1,1,1,1,1,1,0.9521063,0.8363354,1,0
1,1,1,1,1,1,0.9820082,0.8178785,1,0
1,1,1,1,1,1,1,0.7995849,1,0
1,1,1,1,1,1,1,0.7813331,1,0
1,1,1,1,1,1,1,0.7629629,1,0
1,1,1,1,1,1,1,0.7445163,1,0
1,1,1,1,1,1,1,0.7260308,1,0
1,1,1,1,1,1,1,0.7075434,1,0
1,1,1,1,1,1,1,0.6890942,1,0
1,1,1,1,1,1,1,0.670718,1,0
1,1,1,1,1,1,1,0.6524512,1,0
1,1,1,1,1,1,1,0.6343247,0.9957091,0
1,1,1,1,1,1,1,0.6162875,0.951797,0
1,1,1,1,1,1,1,0.5976588,0.9060892,0
1,1,1,1,1,1,1,0.5785798,0.8592868,0
1,1,1,1,1,1,1,0.5700228,0.8121265,0
1,1,1,1,1,1,1,0.5879425,0.7824241,0
1,1,1,1,1,1,1,0.6075391,0.7934493,0
1,1,1,1,1,1,1,0.6275483,0.8045774,0
1,1,1,1,1,1,1,0.6478842,0.7726911,0
1,1,1,1,1,1,1,0.670097,0.735556,0
1,1,1,1,1,1,1,0.6945658,0.6999674,0
1,1,1,1,1,1,1,0.7214411,0.6660142,0
1,1,1,1,1,1,1,0.7508801,0.6337307,0
1,1,1,1,1,1,1,0.7915434,0.6031252,0
1,1,1,1,1,1,1,0.8266045,0.5742966,0
1,1,1,1,1,1,1,0.86469,0.5470423,0
1,1,1,1,1,1,1,0.9059718,0.5212997,0
1,1,1,1,1,1,1,1,0.5112273,0
1,1,1,1,1,1,1,1,0.5241712,0
1,1,1,1,1,1,1,1,0.5374843,0
1,1,1,1,1,1,1,1,0.5511419,0
1,1,1,1,1,1,1,1,0.5651251,0
1,1,1,1,1,1,1,1,0.5794057,0
1,1,1,1,1,1,1,1,0.5939621,0
1,1,1,1,1,1,1,1,0.6087629,0
1,1,1,1,1,1,1,1,0.6237842,0
1,1,1,1,1,1,1,1,0.6389962,0
1,1,1,1,1,1,1,1,0.6543683,0
1,1,1,1,1,1,1,1,0.6698736,0
1,1,1,1,1,1,1,1,0.6854801,0
1,1,1,1,1,1,1,1,0.7073755,0
1,1,1,1,1,1,1,1,0.7229995,0
1,1,1,1,1,1,1,1,0.7386215,0
1,1,1,1,1,1,1,1,0.7542134,0
1,1,1,1,1,1,1,1,0.7697426,0
1,1,1,1,1,1,1,1,0.7851814,0
1,1,1,1,1,1,1,1,0.8005031,0
1,1,1,1,1,1,1,1,1,1
1,1,1,1,1,1,1,1,1,1
1,1,1,1,1,1,1,1,1,1
1,1,1,1,1,1,1,1,1,1
1,1,1,1,1,1,1,1,1,1
1,1,1,1,1,1,1,1,1,1
1,1,1,1,1,1,1,1,1,1
1,1,1,1,1,1,1,1,1,1
1,1,1,1,1,1,1,1,1,1
1,1,1,1,1,1,1,1,1,1
1,1,1,1,1,1,1,1,1,1
1,1,1,1,1,1,1,1,1,1
1,1,1,1,1,1,1,1,1,1
1,1,1,1,1,1,1,1,1,1
1,1,1,1,1,1,1,1,1,1
1,1,1,1,1,1,1,1,1,1
1,1,1,1,1,1,1,1,1,1
1,1,1,1,1,1,1,1,1,1
1,1,1,1,1,1,1,1,1,1
1,1,1,1,1,1,1,1,1,1
1,1,1,1,1,1,1,1,1,1
1,1,1,1,1,1,1,1,1,1
1,1,1,1,1,1,1,1,1,1
1,1,1,1,1,1,1,1,1,1
1,1,1,1,1,1,1,1,1,1
1,1,1,1,1,1,1,1,1,1
1,1,1,1,1,1,1,1,1,1
1,1,1,1,1,1,1,1,1,1
1,1,1,1,1,1,1,1,1,1
1,1,1,1,1,1,1,1,1,1
1,1,1,1,1,1,1,1,1,1
1,1,1,1,1,1,1,1,1,1
1,1,1,1,1,1,1,1,1,1
1,1,1,1,1,1,1,1,1,1
1,1,1,1,1,1,1,1,1,1
1,1,1,1,1,1,1,1,1,1
1,1,1,1,1,1,1,1,1,1
1,1,1,1,1,1,1,1,1,1
1,1,1,1,1,1,1,1,1,1
1,1,1,1,1,1,1,1,1,1
1,1,1,1,1,1,1,1,1,1
1,1,1,1,1,1,1,1,1,1
1,1,1,1,1,1,1,1,1,1
1,1,1,1,1,1,1,1,1,1
1,1,1,1,1,1,1,1,1,1
1,1,1,1,1,1,1,1,1,1
1,1,1,1,1,1,1,1,1,1
1,1,1,1,1,1,1,1,1,1
1,1,1,1,1,1,1,1,1,1
1,1,1,1,1,1,1,1,1,1
1,1,1,1,1,1,1,1,1,1
1,1,1,1,1,1,1,1,1,1
1,1,1,1,1,1,1,1,1,1
1,1,1,1,1,1,1,1,1,1
1,1,1,1,1,1,1,1,1,1
1,1,1,1,1,1,1,1,1,1
1,1,1,1,1,1,1,1,1,1
1,1,1,1,1,1,1,1,1,1
1,1,1,1,1,1,1,1,1,1
1,1,1,1,1,1,1,1,1,1
1,1,1,1,1,1,1,1,1,1
1,1,1,1,1,1,1,1,1,1
1,1,1,1,1,1,1,1,1,1
1,1,1,1,1,1,1,1,1,1
1,1,1,1,1,1,1,1,1,1
1,1,1,1,1,1,1,1,1,1
1,1,1,1,1,1,1,1,1,1
1,1,1,1,1,1,1,1,1,1
1,1,1,1,1,1,1,1,1,1
1,1,1,1,1,1,1,1,1,1
1,1,1,1,1,1,1,1,1,1
1,1,1,1,1,1,1,1,1,1
1,1,1,1,1,1,1,1,1,1
1,1,1,1,1,1,1,1,1,1
1,1,1,1,1,1,1,1,1,1
1,1,1,1,1,1,1,1,1,1
1,1,1,1,1,1,1,1,1,1
1,1,1,1,1,1,1,1,1,1
1,1,1,1,1,1,1,1,1,1
1,1,1,1,1,1,1,1,1,1
1,1,1,1,1,1,1,1,1,1
1,1,1,1,1,1,1,1,1,1
1,1,1,1,1,1,1,1,1,1
1,1,1,1,1,1,1,1,1,1
1,1,1,1,1,1,1,1,1,1
1,1,1,1,1,1,1,1,1,1
1,1,1,1,1,1,1,1,1,1
1,1,1,1,1,1,1,1,1,1
1,1,1,1,1,1,1,1,1,1
1,1,1,1,1,1,1,1,1,1
1,1,1,1,1,1,1,1,1,1
1,1,1,1,1,1,1,1,1,1
1,1,1,1,1,1,1,1,1,1
1,0.9974328,1,1,1,1,1,1,1,1
1,0.9913853,1,1,1,1,1,1,1,1
1,0.985353,1,1,1,1,1,1,1,1
1,0.9793391,1,1,1,1,1,1,1,1
1,0.9733437,1,1,1,1,1,1,1,1
1,0.9673703,1,1,1,1,1,1,1,1
1,0.9614193,1,1,1,1,1,1,1,1
1,0.9554976,1,1,1,1,1,1,1,1
1,0.9496059,1,1,1,1,1,1,1,1
1,0.9437453,1,1,1,1,1,1,1,1
1,0.9379198,1,1,1,1,1,1,1,1
1,0.9321337,1,1,1,1,1,1,1,1
1,0.9263912,1,1,1,1,1,1,1,1
1,0.920694,1,0.9940479,1,1,1,1,1,1
1,0.9150584,1,0.9788349,1,1,1,1,1,1
1,0.9095133,1,0.9630286,1,1,1,1,1,2
1,0.9040724,1,0.9466637,1,1,1,1,1,2
1,0.8987504,1,0.9297811,1,1,1,1,1,2
1,0.8935632,1,0.9124231,1,1,1,1,1,2
1,0.8885276,1,0.8946406,1,1,1,1,1,2
1,0.8836612,1,0.876489,1,1,1,1,1,2
1,0.8789824,1,0.8580225,1,1,1,1,1,2
1,0.8745098,1,0.8393055,1,1,1,1,1,2
1,0.8702629,1,0.8317289,1,1,1,1,1,2
0.894282,0.866217,1,0.8332656,1,1,1,1,1,2
0.8852236,1,1,0.8392763,1,1,1,1,1,2
0.8777808,1,1,0.8403829,1,1,1,1,1,2
0.8704769,1,1,0.8419506,1,1,1,1,1,2
0.8633202,1,1,0.8439831,1,1,1,1,1,2
0.8563182,1,1,0.8464853,1,1,1,1,1,2
0.8494836,1,0.9106313,0.8494716,1,1,1,1,1,2
0.8422955,1,0.880658,0.8563356,1,1,1,1,1,2
0.8352411,1,0.8506109,0.8650053,1,1,1,1,1,2
0.8283772,1,0.8206978,0.8755927,1,1,1,1,1,2
0.8217587,1,0.7911114,1,1,1,1,1,1,2
0.815753,1,0.7643663,1,1,1,1,1,1,2
0.8099539,1,0.7376831,1,1,1,1,1,1,2
0.8044131,1,0.7111899,1,1,1,1,1,1,2
0.7991794,1,0.6850172,1,1,1,1,1,1,2
0.7942971,1,0.6874305,1,1,1,1,1,1,2
0.7898567,1,0.6952692,1,1,1,1,1,1,2
0.785853,1,0.7037212,1,1,1,1,1,1,2
0.7822767,1,0.7127928,1,1,1,1,1,1,2
1,1,0.7224798,1,1,1,1,1,1,2
1,1,0.7247313,1,1,1,1,1,1,2
1,1,0.7270687,1,1,1,1,1,1,2
1,1,0.7294861,1,1,1,1,1,1,2
1,1,0.7319821,1,1,1,1,1,1,2
1,1,0.7345551,1,1,1,1,1,1,2
1,1,0.7371994,1,1,1,1,1,1,2
1,1,1,1,1,1,1,1,1,1
1,1,1,1,1,1,1,1,1,1
1,1,1,1,1,1,1,1,1,1
1,0.7321582,1,1,1,1,1,1,1,2
1,0.6966942,1,1,1,1,1,1,1,2
1,0.6610123,1,1,1,1,1,1,1,2
1,0.625411,1,1,1,1,1,1,1,2
1,0.5901641,1,1,1,1,1,1,1,2
1,0.5555301,1,1,1,1,1,1,1,2
1,0.5217202,1,1,1,1,1,1,1,2
1,0.5184345,1,1,1,1,1,1,1,2
1,0.5227445,1,1,1,1,1,1,1,2
1,0.5273843,1,1,1,1,1,1,1,2
1,0.5323516,1,1,1,1,1,1,1,2
1,0.5376367,1,1,1,1,1,1,1,2
1,0.5432333,1,1,1,1,1,1,1,2
1,0.5491343,1,1,1,1,1,1,1,2
1,0.5553329,1,1,1,1,1,1,1,2
1,0.5618215,1,1,1,1,1,1,1,2
0.6477796,0.5685884,1,1,1,1,1,1,1,2
0.566722,1,1,1,1,1,1,1,1,2
0.5021867,1,1,1,1,1,1,1,1,2
0.4589895,1,1,1,1,1,1,1,1,2
0.4632583,1,1,1,1,1,1,1,1,2
0.4680226,1,1,1,1,1,1,1,1,2
0.4732636,1,1,1,1,1,1,1,1,2
0.4789462,1,1,1,1,1,1,1,1,2
0.4850594,1,1,1,1,1,1,1,1,2
0.4916015,1,1,1,1,1,1,1,1,2
0.4985605,1,1,1,1,1,1,1,1,2
0.5059302,1,1,1,1,1,1,1,1,2
0.5137042,1,1,1,1,1,1,1,1,2
1,1,1,1,1,1,1,1,1,1
1,1,1,1,1,1,1,1,1,1
1,1,1,1,1,1,1,1,1,1
1,1,1,1,1,1,1,1,1,1
1,1,1,1,1,1,1,1,1,1
1,1,1,1,1,1,1,1,1,1
1,1,1,1,1,1,1,1,1,1
1,1,1,1,1,1,1,1,1,1
1,1,1,1,1,1,1,1,1,1
1,1,1,1,1,1,1,1,1,1
1,1,1,1,1,1,1,1,1,1
1,1,1,1,1,1,1,1,1,1
1,1,1,1,1,1,1,1,1,1
1,1,1,1,1,1,1,1,1,1
1,1,1,1,1,1,1,1,1,1
1,1,1,1,1,1,1,1,1,1
1,1,1,1,1,1,1,1,1,1
1,1,1,1,1,1,1,1,1,1
1,1,1,1,1,1,1,1,1,1
1,1,1,1,1,1,1,1,1,1
1,1,1,1,1,1,1,1,1,1
1,1,1,1,1,1,1,1,1,1
1,1,1,1,1,1,1,1,1,1
1,1,1,1,1,1,1,1,1,1
1,1,1,1,1,1,1,1,1,1
1,1,1,1,1,1,1,1,1,1
1,1,1,1,1,1,1,1,1,1
1,1,1,1,1,1,1,1,1,1
1,1,1,1,1,1,1,1,1,1
1,1,1,1,1,1,1,1,1,1
1,1,1,1,1,1,1,1,1,1
1,1,1,1,1,1,1,1,1,1
1,1,1,1,1,1,1,1,1,1
1,1,1,1,1,1,1,1,1,1
1,1,1,1,1,1,1,1,1,1
1,1,1,1,1,1,1,1,1,1
1,1,1,1,1,1,1,1,1,1
1,1,1,1,1,1,1,1,1,1
1,1,1,1,1,1,1,1,1,1
1,1,1,1,1,1,1,1,1,1
1,1,1,1,1,1,1,1,1,1
1,1,1,1,1,1,1,1,1,1
1,1,1,1,1,1,1,1,1,1
1,1,1,1,1,1,1,1,1,1
1,1,1,1,1,1,1,1,1,1
1,1,1,1,1,1,1,1,1,1
1,1,1,1,1,1,1,1,1,1
1,1,1,1,1,1,1,1,1,1
1,1,1,1,1,1,1,1,1,1
1,1,1,1,1,1,1,1,1,1
1,1,1,1,1,1,1,1,1,1
1,1,1,1,1,1,1,1,1,1
1,1,1,1,1,1,1,1,1,1
1,1,1,1,1,1,1,1,1,1
1,1,1,1,1,1,1,1,1,1
1,1,1,1,1,1,1,1,1,1
1,1,1,1,1,1,1,1,1,1
1,1,1,1,1,1,1,1,1,1
1,1,1,1,1,1,1,1,1,1
1,1,1,1,1,1,1,1,1,1
1,1,1,1,1,1,1,1,1,1
1,1,1,1,1,1,1,1,1,1
1,1,1,1,1,1,1,1,1,1
1,1,1,1,1,1,1,1,1,1
1,1,1,1,1,1,1,1,1,1
1,1,1,1,1,1,1,1,1,1
1,1,1,1,1,1,1,1,1,1
1,1,1,1,1,1,1,1,1,1
1,1,1,1,1,1,1,1,1,1
1,1,1,1,1,1,1,1,1,1
1,1,1,1,1,1,1,1,1,1
1,1,1,1,1,1,1,1,1,1
1,1,1,1,1,1,1,1,1,1
1,1,1,1,1,1,1,1,1,1
1,1,1,1,1,1,1,1,1,1
1,1,1,1,1,1,1,1,1,1
1,1,1,1,1,1,1,1,1,1
1,1,1,1,1,1,1,1,1,1
1,1,1,1,1,1,1,1,1,1
1,1,1,1,1,1,1,1,1,1
1,1,1,1,1,1,1,1,1,1
1,1,1,1,1,1,1,1,1,1
1,1,1,1,1,1,1,1,1,1
1,1,1,1,1,1,1,1,1,1
1,1,1,1,1,1,1,1,1,1
1,1,1,1,1,1,1,1,1,1
1,1,1,1,1,1,1,1,1,1
1,1,1,1,1,1,1,1,1,1
1,1,1,1,1,1,1,1,1,1
1,1,1,1,1,1,1,1,1,1
1,1,1,1,1,1,1,1,1,1
1,1,1,1,1,1,1,1,1,1
1,1,1,1,1,1,1,1,1,1
1,1,1,1,1,1,1,1,1,1
1,1,1,1,1,1,1,1,1,1
1,1,1,1,1,1,1,1,1,1
1,1,1,1,1,1,1,1,1,1
1,1,1,1,1,1,1,1,1,1
1,1,1,1,1,1,1,1,1,1
1,1,1,1,1,1,1,1,1,1
1,1,1,1,1,1,1,1,1,1
1,1,1,1,1,1,1,1,1,1
1,1,1,1,1,1,1,1,1,1
1,1,1,1,1,1,1,1,1,1
1,1,1,1,1,1,1,1,1,1
1,1,1,1,1,1,1,1,1,1
1,1,1,1,1,1,1,1,1,1
1,1,1,1,1,1,1,1,1,1
1,1,1,1,1,1,1,1,1,1
1,1,1,1,1,1,1,1,1,1
1,1,1,1,1,1,1,1,1,1
1,1,1,1,1,1,1,1,1,1
1,1,1,1,1,1,1,1,1,1
1,1,1,1,1,1,1,1,1,1
1,1,1,1,1,1,1,1,1,1
1,1,1,1,1,1,1,1,1,1
1,1,1,1,1,1,1,1,1,1
1,1,1,1,1,1,1,1,1,1
1,1,1,1,1,1,1,1,1,1
1,1,1,1,1,1,1,1,1,1
1,1,1,1,1,1,1,1,1,1
1,1,1,1,1,1,1,1,1,1
1,1,1,1,1,1,1,1,1,1
1,1,1,1,1,1,1,1,1,1
1,1,1,1,1,1,1,1,1,1
1,1,1,1,1,1,1,1,1,1
1,1,1,1,1,1,1,1,1,1
1,1,1,1,1,1,1,1,1,1
1,1,1,1,1,1,1,1,1,1
1,1,1,1,1,1,1,1,1,1
1,1,1,1,1,1,1,1,1,1
1,1,1,1,1,1,1,1,1,1
1,1,0.999211,1,1,1,1,1,1,1
1,1,0.9959582,1,1,1,1,1,1,1
1,1,0.996111,1,1,1,1,1,1,1
1,1,0.9962653,1,1,1,1,1,1,1
1,1,0.9964139,1,1,1,1,1,1,1
1,1,0.9965568,1,1,1,1,1,1,1
1,1,0.9966943,1,1,1,1,1,1,1
1,1,0.9968266,1,1,1,1,0.8509331,1,0
1,1,0.9867198,1,1,1,1,0.8306915,1,0
1,1,0.9758016,1,1,1,1,0.8102697,1,0
1,1,0.9641682,1,1,1,1,0.7897302,1,0
1,1,0.9519103,1,1,1,1,0.7691246,1,0
1,1,0.9391251,1,1,1,1,0.7485067,1,0
1,1,0.9259067,1,1,1,1,0.7279316,1,0
1,1,0.9123456,1,1,1,1,0.707446,1,0
1,1,0.898527,1,1,1,1,0.690508,1,0
1,1,0.8847026,1,1,1,1,0.6961465,1,0
1,1,0.8720274,1,1,1,1,0.7016402,1,0
1,1,0.8603765,1,1,1,1,0.7069817,1,0
1,1,0.8496372,1,1,1,1,0.7121687,1,0
1,1,0.8397183,1,1,1,1,0.7171953,1,0
1,1,0.8305417,1,1,1,1,0.7220565,1,0
1,1,0.8220264,1,1,1,1,0.7267565,1,0
1,1,0.8141147,1,1,1,1,0.7312914,1,1
1,1,0.8067502,1,1,1,1,0.7356622,1,1
1,1,0.799889,1,1,1,1,0.822264,1,1
1,1,0.7967058,1,1,1,1,0.8244973,1,1
1,1,0.7937056,1,1,1,1,0.826625,1,1
1,1,0.7908801,1,1,1,1,0.8286481,1,1
1,1,0.7882212,1,1,1,1,0.8305689,1,1
1,1,0.7857162,1,1,1,1,0.832393,1,1
1,1,0.7833533,1,1,1,1,0.8341263,1,1
1,1,0.7811219,1,1,1,1,0.8357742,1,1
1,1,0.7790178,1,1,1,1,0.8373373,1,1
1,1,0.7770318,1,1,1,1,0.8388211,1,1
1,1,0.7751611,1,1,1,1,0.8402256,1,1
1,1,0.7733973,1,1,1,1,0.8415561,0.7169126,0
1,1,0.7576421,1,1,1,1,0.8528165,0.6705664,0
1,1,0.7411795,1,1,1,1,0.8655022,0.6253359,0
1,1,0.7242903,1,1,1,1,0.8796094,0.5816357,0
1,1,0.7072162,1,1,1,1,0.8951305,0.5814886,0
1,1,0.6918058,1,1,1,1,0.9103048,0.586474,0
1,1,0.6780131,1,1,1,1,0.9248651,0.5913802,0
1,1,0.6656016,1,1,1,1,0.9387709,0.5961894,0
1,1,0.6543828,1,1,1,1,1,0.6008831,0
1,1,0.6453157,1,1,1,1,1,0.6050507,0
1,1,0.6367632,1,1,1,1,1,0.6091791,0
1,1,0.6286771,1,1,1,1,1,0.6132628,0
1,1,0.6210199,1,1,1,1,1,0.6172937,0
1,1,0.6137589,1,1,1,1,1,0.6860787,1
1,1,0.6087679,1,1,1,1,1,0.6892234,1
1,1,0.6039905,1,1,1,1,1,0.6922914,1
1,1,0.5994198,1,1,1,1,1,0.6952782,1
1,1,0.5950393,1,1,1,1,1,0.6981865,1
1,1,0.5908346,1,1,1,1,1,0.7010193,1
1,1,0.5868022,1,1,1,1,1,0.7037727,1
1,1,0.5829292,1,1,1,1,1,0.7064497,1
1,1,0.579209,1,1,1,1,1,0.7090501,1
1,1,0.5756308,1,1,1,1,1,0.711577,1
1,1,0.5721945,1,1,1,1,1,0.7140266,1
1,1,0.5688859,1,1,1,1,1,0.7164058,1
1,1,0.5657009,1,1,1,1,1,0.7187144,1
1,1,0.5626369,1,1,1,1,1,0.7209519,1
1,1,0.5596861,1,1,1,1,1,0.7231218,1
1,0.5984486,0.5568415,1,1,1,1,1,0.7252272,2
1,0.5593333,0.5653042,1,1,1,1,1,0.7214802,2
1,0.5219969,1,1,1,1,1,1,0.7175738,2
1,0.4955761,1,1,1,1,1,1,0.7172307,2
1,0.4690962,1,1,1,1,1,1,0.7165567,2
1,0.4426988,1,1,1,1,1,1,0.7155671,2
1,0.4165201,1,1,1,1,1,1,0.7142872,2
1,0.3906815,1,1,1,1,1,1,0.712741,2
1,0.3873501,1,1,1,1,1,1,0.7109566,2
1,0.3884417,1,1,1,1,1,1,0.7092006,2
1,0.3896392,1,1,1,1,1,1,0.7075126,2
1,0.3909341,1,1,1,1,1,1,0.7058899,2
1,0.392325,1,1,1,1,1,1,0.7043239,2
1,0.3938072,1,1,1,1,1,1,0.7028096,2
1,0.3953719,1,1,1,1,1,1,0.7013453,2
1,0.397018,1,1,1,1,1,1,0.6999237,2
1,0.3987406,1,1,1,1,1,1,0.6985408,2
0.5049857,0.4005347,1,1,1,1,1,1,0.6971928,2
0.4154016,0.4066075,1,1,1,1,1,1,0.6929511,2
0.3407451,0.4133367,1,1,1,1,1,1,0.6888462,2
0.3319892,0.4207582,1,1,1,1,1,1,0.6848756,2
0.3343158,0.8894171,1,1,1,1,1,1,0.6810303,2
0.3365901,0.8825284,1,1,1,1,1,1,0.6778993,2
0.3391373,0.8776351,1,1,1,1,1,1,0.6748537,2
0.3419463,0.8929974,1,1,1,1,1,1,0.6718938,2
0.3449309,0.9084736,1,1,1,1,1,1,0.6690804,2
0.3480639,0.9239899,1,1,1,1,1,1,0.6663929,2
0.3513285,0.939486,1,1,1,1,1,1,0.6638049,2
0.3547054,0.9548985,1,1,1,1,1,1,0.6612961,2
0.3581794,0.9701697,1,1,1,1,1,1,0.6588459,2
0.3617289,0.985234,1,1,1,1,1,1,0.6564428,2
0.3653401,1,1,1,1,1,1,1,0.6540712,2
0.3689964,1,1,1,1,1,1,1,0.6517212,2
0.7549564,1,1,1,1,1,1,1,0.649361,0
0.755026,1,1,1,1,1,1,1,0.6477764,0
0.7550427,1,1,1,1,1,1,1,0.6462666,0
0.7550129,1,1,1,1,1,1,1,0.6448287,0
0.7549356,1,1,1,1,1,1,1,0.6434657,0
0.7548137,1,1,1,1,1,1,1,0.6421776,0
0.7546495,1,1,1,1,1,1,1,0.6409642,0
0.7544452,1,1,1,1,1,1,1,0.6398252,0
0.7542031,0.9969171,1,1,1,1,1,1,0.6387607,0
0.7539524,1,1,1,1,1,1,1,0.6377636,0
0.7536391,1,1,1,1,1,1,1,0.6368466,0
0.7532934,1,1,1,1,1,1,1,0.636003,0
0.7529167,1,1,1,1,1,1,1,0.6352324,0
0.7525107,1,1,1,1,1,1,1,1,2
0.7568359,1,1,1,1,1,1,1,1,2
0.7613026,1,1,1,1,1,1,1,1,2
0.7658997,1,1,1,0.9933228,1,1,1,1,2
0.770609,1,1,1,0.984681,1,1,1,1,2
0.7534608,1,1,1,0.9760617,1,1,1,1,2
0.7473425,1,1,1,0.967604,1,1,1,1,2
0.7526633,1,1,1,0.9592387,1,1,1,1,2
0.7580783,1,1,0.9335341,0.950885,1,1,1,1,2
0.763556,1,1,0.9239089,0.9425262,1,1,1,1,2
0.7690844,1,1,0.9143555,0.934155,1,1,1,1,2
0.774651,1,1,0.9048602,0.9257574,1,1,1,1,2
0.7802366,1,1,0.8954134,1,1,1,1,1,2
0.7861591,1,1,0.8860482,1,1,1,1,1,2
0.7921306,1,1,0.8767304,1,1,1,1,1,2
0.7981386,1,1,0.8674526,1,1,1,1,1,2
0.8041749,1,1,0.8582077,1,1,1,1,1,2
0.8102237,1,1,0.8489861,1,1,1,1,1,2
0.8162733,1,1,0.8397849,1,1,1,1,1,2
0.8223125,1,1,0.8305956,1,1,1,1,1,2
0.8283299,1,1,0.8214132,1,1,1,1,1,2
0.8343149,1,1,0.8122333,1,1,1,1,1,2
0.8402573,1,1,0.8030521,1,1,1,1,1,2
0.8461435,1,1,0.793863,1,1,1,1,1,2
0.8519679,1,1,0.7846631,1,1,1,1,1,1
1,1,1,0.77545,1,1,1,1,1,1
1,1,1,0.7657035,1,1,1,1,1,1
1,1,1,0.7559541,1,1,1,1,1,1
1,1,1,0.7462023,1,1,1,1,1,1
1,1,1,0.7364453,1,1,1,1,1,1
1,1,1,0.7266864,1,1,1,1,1,1
1,1,1,0.716926,1,1,1,1,1,1
1,1,1,0.7071612,1,1,1,1,1,1
1,1,1,0.6973957,1,1,1,1,1,1
1,1,1,0.6876293,1,1,1,1,1,1
1,1,1,0.6778597,1,1,1,1,1,1
1,1,1,0.6680897,1,1,1,1,1,1
1,1,1,0.6583167,1,1,1,1,1,1
1,1,1,0.6485441,1,1,1,1,1,1
1,1,1,0.6387689,1,1,1,1,1,1
1,1,1,0.6289943,1,1,1,1,1,1
1,1,1,0.6192174,1,1,1,1,1,1
1,1,1,0.6094415,1,1,1,1,1,1
1,1,1,0.5996635,1,1,1,1,1,1
1,1,1,0.5898868,1,1,1,1,1,1
1,1,1,0.5801082,1,1,1,1,1,1
1,1,1,0.570331,1,1,1,1,1,1
1,1,1,0.5605521,1,1,1,1,1,1
1,1,1,0.5507747,1,1,1,1,1,1
1,1,0.5466691,0.5409957,0.9990382,1,1,1,1,1
1,1,0.5367495,0.5313832,0.9894376,1,1,1,1,1
1,1,0.5268505,0.5217661,0.9797997,1,1,1,1,1
1,1,0.5169711,0.5121443,0.9701254,1,1,1,1,1
1,1,0.5071102,0.5025179,0.9604157,1,1,1,1,1
1,1,0.4972668,0.4928873,0.9506713,1,1,1,1,1
1,1,0.4874367,0.4832494,0.9408906,1,1,1,1,1
1,1,0.4776221,0.4736078,0.9310781,1,1,1,1,1
1,1,0.467819,0.4639597,0.921232,1,1,1,1,1
1,1,0.4580294,0.4543085,0.9113572,1,1,1,1,1
1,1,0.4482495,0.4446517,0.9014522,1,1,1,1,1
1,1,0.4384783,0.4349895,0.8915187,1,1,1,1,1
1,1,0.4287182,0.4253255,0.8815618,1,1,1,1,1
1,1,0.4189652,0.4156571,0.8715799,1,1,1,1,1
1,1,0.4092185,0.4059849,0.8615752,1,1,1,1,1
1,1,0.3994775,0.3963091,0.8515495,1,1,1,1,1
1,1,0.3897383,0.3866273,0.8415015,1,1,1,1,1
1,1,0.3800034,0.3769428,0.8314363,1,1,1,1,1
1,1,0.3702721,0.3672563,0.8213556,1,1,1,1,1
1,1,0.3605407,0.3575649,0.8112581,1,1,1,1,1
1,1,0.3508117,0.3478722,0.8011488,1,1,1,1,1
1,1,0.3410846,0.3381785,0.7910293,1,1,1,1,1
1,1,0.3313558,0.3284811,0.7808979,1,1,1,1,1
1,1,0.3216247,0.3187804,0.7707564,1,1,1,1,1
1,1,0.311894,0.3090796,0.7606093,1,1,1,1,1
1,1,0.3021602,0.2993761,0.7504548,1,1,1,1,1
1,1,0.292426,0.289673,0.7402974,1,1,1,1,1
1,1,0.2826878,0.2799677,0.7301352,1,1,1,1,1
1,1,0.2729455,0.6973242,0.7199692,1,1,1,1,1
1,1,0.26313,0.6876944,0.7101318,1,1,1,1,1
1,0.3033431,0.2533228,0.6780556,0.7002667,1,1,1,1,2
1,0.288335,0.2429304,0.6696106,0.6936995,1,1,1,1,2
1,0.2739927,0.2327427,0.6612834,0.687085,1,1,1,1,2
1,0.2602383,0.2227331,0.6530377,0.6803908,1,1,1,1,2
1,0.247003,0.2128784,0.6448426,0.6735896,1,1,1,1,2
1,0.2342231,0.2031556,0.6366691,1,1,1,1,1,2
1,0.2212733,0.1934922,0.6290635,1,1,1,1,1,2
1,0.2088031,0.1839729,0.6215096,1,1,1,1,1,2
1,0.1967573,0.1745789,0.6139797,1,1,1,1,1,2
1,0.1850847,0.356867,0.6064478,1,1,1,1,1,2
0.2484338,0.1737646,0.5813776,0.5988578,1,1,1,1,1,2
0.2281531,0.1620577,0.5722208,0.5927356,1,1,1,1,1,2
0.2090926,0.1507466,0.5634058,0.5869006,1,1,1,1,1,2
0.1911489,0.1398092,0.5549242,0.5813519,1,1,1,1,1,2
0.1742301,0.1292255,0.5467686,1,1,1,1,1,1,2
0.1582583,0.1189798,0.5389351,1,1,1,1,1,1,2
0.1431599,0.1344126,0.5314175,1,1,0.9795561,1,1,1,2
0.1288688,0.1608172,0.5242107,1,1,0.9488697,1,1,1,2
0.1153256,0.1916246,0.5173097,1,1,0.9197177,1,1,1,2
0.1024806,0.2278773,0.5107137,1,1,0.8919716,1,1,1,2
0.1045719,0.270961,0.5044162,1,1,0.8655203,1,1,1,2
0.1171898,0.4998907,0.4984179,1,1,0.8540751,1,1,1,2
0.1303743,0.4898395,0.492416,1,0.9861372,0.8597839,1,1,1,2
0.1441249,0.4803087,0.4864094,1,0.9558479,0.8643295,1,1,1,2
0.1582499,0.4712489,0.4802944,1,0.9293274,0.8671285,1,1,1,2
0.1726447,0.4625691,1,1,0.9059184,0.8681383,1,1,1,2
0.1889683,0.4538316,1,1,0.8791001,0.8739055,1,1,1,2
0.2057854,0.4454598,1,1,0.8550226,0.8782264,1,1,1,2
0.2229922,0.4373927,1,1,0.8332595,0.8810269,1,1,1,2
0.4992343,0.4295739,1,1,0.8134776,0.882239,1,1,1,1
0.4896364,0.4221629,1,1,0.8000636,0.8749186,1,1,1,1
0.4802901,0.4148116,1,1,0.787227,0.8668396,1,1,1,1
0.4711787,0.4075157,1,1,0.7749312,0.8580149,1,1,1,1
0.4622789,0.4002648,1,1,0.7631463,0.8484529,1,1,1,1
0.4535726,0.3930526,1,1,0.7518409,0.8381737,1,1,1,1
0.4450419,0.3858733,1,1,0.7409854,0.8272045,1,1,1,1
0.4366666,0.3787181,1,1,0.7305564,0.815572,1,1,1,1
0.4284304,0.3715821,1,1,0.7205275,0.8033141,1,1,1,1
0.4203176,0.3644603,1,1,0.710874,0.7904733,1,1,1,1
0.412313,0.3573486,1,1,0.7015721,0.7770958,1,1,1,1
0.4043981,0.3502393,1,1,0.692603,0.7632257,1,1,1,1
0.3965618,0.3431316,1,1,0.6839404,0.7489197,1,1,1,1
0.3887897,0.3360214,1,1,0.675567,0.7342306,1,1,1,1
0.3810641,0.3289015,1,1,0.6674577,0.719206,1,1,1,1
0.3733745,0.3217712,1,1,0.659592,0.7039036,1,1,1,1
0.3657108,0.3146296,1,1,0.6519501,0.6883791,1,1,1,1
0.3580555,0.3074695,1,1,0.6445126,0.672676,1,1,1,1
0.3503991,0.30029,1,1,0.6372607,0.6568454,1,1,1,0
0.342728,0.3293453,1,1,0.6301714,0.6409296,1,1,1,0
0.3350714,0.3715476,1,1,0.6233497,0.6248223,1,1,1,0
0.3274263,0.4090213,1,1,0.6168308,0.6085115,1,1,1,0
0.3197777,0.4421015,1,1,0.6105798,0.5920718,1,1,1,0
0.3121073,0.4711706,1,1,0.6045685,0.5755641,1,1,1,0
0.3044014,0.4966435,1,1,0.5987701,0.5590473,1,1,1,0
0.2966429,0.5189418,1,1,0.5931593,0.5425675,1,1,1,0
0.288819,0.5384689,1,1,0.5877123,0.5261681,1,1,1,0
0.2809141,0.5556206,1,1,0.5824021,0.5098808,1,1,1,0
0.2729201,0.5707535,1,1,0.5772032,0.49374,1,1,1,0
0.2648227,0.5841672,1,1,0.5720963,0.4788279,1,1,1,0
0.2566054,0.5962468,1,1,0.5670353,0.4733864,1,1,1,0
0.2482102,0.6081335,1,1,0.5617905,0.4678499,1,1,1,0
0.2396447,0.6198491,1,1,0.5563689,0.4622218,1,1,1,0
0.2309126,0.6313959,1,1,0.5507811,0.456509,1,1,1,0
0.2256157,0.6427785,1,1,0.5450376,0.4507183,0.5904155,1,1,0
0.2291855,0.6119923,1,1,0.5503303,0.4513682,0.5506331,1,1,0
0.2325194,0.586613,1,1,0.5561635,0.4523065,0.5141419,1,1,0
0.2357243,0.5659392,1,1,1,0.4533933,0.4807406,1,1,0
0.2417637,0.5686758,1,1,1,0.4495152,0.4577548,1,1,0
0.2474423,0.5700402,1,1,1,0.4459609,0.4349923,1,1,0
0.2527815,0.5702961,1,1,1,0.4427066,0.4125582,1,1,0
0.2578076,0.5696867,1,1,1,0.4397259,0.3905269,1,1,0
0.2625465,0.5684198,1,1,1,0.4369949,0.3689565,1,1,0
0.2670266,0.5666788,1,1,1,0.4344864,0.3478856,1,1,0
0.2712659,0.5645959,1,1,1,0.4321853,0.3397681,1,1,0
0.2754138,0.5629602,1,1,1,0.429837,0.3361947,1,1,0
0.2795115,0.5619181,1,1,1,0.4273674,0.3326001,1,1,0
0.2835606,0.5613703,1,1,1,0.4247821,0.3289843,1,1,0
0.2875592,0.5612288,1,1,1,0.4220905,0.3253505,1,1,0
0.2915016,0.5614147,1,1,1,0.4193061,0.3217056,1,1,0
0.2953918,1,1,1,1,0.4164312,0.318048,1,1,0
0.2972593,1,1,1,1,1,0.3162749,1,1,1
0.3030725,1,1,1,1,1,0.3106499,1,1,1
0.3087788,1,1,1,1,1,0.3051208,0.4450213,1,0
0.3087905,1,1,1,1,1,0.3049338,0.3755979,1,0
0.3086926,1,1,1,1,1,0.3051282,0.3160103,1,0
0.3084888,1,1,1,1,1,0.3057269,0.2642415,1,0
0.3081823,1,1,1,1,1,0.3067561,0.2341174,1,0
0.3077796,0.5050854,1,1,1,1,0.3082404,0.2321869,1,0
0.3082115,0.497289,1,1,1,1,0.3087963,0.2301249,1,0
0.308785,0.4907178,1,1,1,1,0.3092803,0.22815,1,0
0.3094731,0.4851594,1,1,1,1,0.3096878,0.2262512,1,0
0.3102542,0.4804459,1,1,1,1,1,0.2244188,1,2
0.3150099,1,1,1,1,1,1,0.2205922,1,0
0.317267,1,1,1,1,1,1,0.2180037,1,0
0.3194504,1,1,1,1,1,1,0.2154714,0.1974782,0
0.3185186,1,1,1,1,1,1,0.2146261,0.1948034,0
0.3175171,1,1,1,1,1,1,0.2140836,0.1924159,0
0.3164452,1,1,1,1,1,1,0.2138547,0.1903157,0
0.3153053,1,1,1,1,1,1,0.2139481,0.1885005,0
0.3140963,1,1,1,1,1,1,0.2143773,0.1869717,0
0.3128234,1,1,1,1,1,1,0.2151502,0.1857254,0
0.3114848,1,1,1,1,1,1,0.2162829,0.1847645,0
0.3100818,1,1,1,1,1,1,0.2177899,0.1840897,0
0.3086153,1,1,1,1,1,1,1,0.1837021,0
0.3088226,1,1,1,1,1,1,1,0.1829882,0
0.3089817,1,1,1,1,1,1,1,0.1823438,0
0.3090931,1,1,1,1,1,1,1,0.1817684,0
0.3091572,1,1,1,1,1,1,1,0.1812619,0
0.3091742,1,1,1,1,1,1,1,0.1808241,0
0.3091444,1,1,1,1,1,1,1,0.1804549,0
0.3090713,1,1,1,1,1,1,1,0.1801508,0
0.3089549,1,1,0.9927808,0.9857267,1,1,1,0.9239036,2
0.3118109,1,1,0.9802951,1,1,1,1,0.9192058,2
0.3150668,1,1,0.96831,1,1,1,1,0.9147375,2
0.3187382,1,1,0.9568136,1,1,1,1,0.9104886,2
0.3228354,1,0.9909047,0.9457922,1,1,1,1,0.9064558,2
0.3273737,1,0.9743055,0.9352363,1,1,1,1,0.9026332,2
0.3323665,1,0.9583685,0.9251345,1,1,1,1,0.899018,2
1,1,0.9430669,0.9154761,1,1,1,1,0.8956022,1
1,1,0.9338485,0.9055956,1,1,1,1,0.8939583,1
1,1,0.9246063,0.895721,1,1,1,1,0.8923637,1
1,1,0.915341,0.8858544,1,1,1,1,0.8908142,1
1,1,0.9060499,0.8759949,1,1,1,1,0.8893086,1
1,1,0.8967307,0.8661415,1,1,1,1,0.8878428,1
1,1,0.8873809,0.8562933,1,1,1,1,0.8864186,1
1,1,0.8779984,0.846449,1,1,1,1,0.8850316,1
1,1,0.8685806,0.8366076,1,1,1,1,0.8836803,1
1,1,0.8591259,0.8267678,1,1,1,1,0.8823638,1
1,1,0.8496352,0.8169318,1,1,1,1,0.8810774,1
1,1,0.8401038,0.8070952,1,1,1,1,0.8798197,1
1,1,0.8305331,0.79726,1,1,1,1,0.8785895,1
1,1,0.8209186,0.7874221,1,1,1,1,0.8773824,1
1,1,0.8112621,0.7775832,1,1,1,1,0.876197,1
1,1,0.8015627,0.7677427,1,1,1,1,0.8750291,1
1,1,0.7918195,0.7578995,1,1,1,1,0.8738807,1
1,1,0.7820285,0.7480497,1,1,1,1,0.8727442,1
1,1,0.7721959,0.7381986,1,1,1,1,0.8716189,1
1,1,0.7623181,0.7283424,1,1,1,1,0.8705035,1
1,1,0.7523953,0.7184805,1,1,1,1,0.8693975,1
1,1,0.7424274,0.7086122,1,1,1,1,0.8682936,1
1,1,0.732415,0.6987372,1,1,1,1,0.8671944,1
1,1,0.7223618,0.6888581,1,1,1,1,0.8660961,1
1,1,0.7122654,0.6789714,1,1,1,1,0.8649954,1
1,1,0.7021299,0.6690801,1,1,1,1,0.8638946,1
1,1,0.6919531,0.6591809,1,1,1,1,0.8627876,1
1,1,0.6817397,0.6492766,1,1,1,1,0.861674,1
1,1,0.6714877,0.6393644,1,1,1,1,0.8605539,1
1,1,0.6612018,0.6294473,1,1,1,1,0.859427,1
1,1,0.6508838,0.6195253,1,1,1,1,0.8582875,1
1,1,0.6405352,0.6095985,1,1,1,1,0.8571388,1
1,1,0.6301547,0.5996643,1,1,1,1,0.8559777,1
1,1,0.6197474,0.5897257,1,1,1,1,0.854805,1
1,1,0.6093151,0.5797832,1,1,1,1,0.8536178,1
1,1,0.5988598,0.569837,1,1,1,1,0.8524166,1
1,1,0.5883835,0.5598873,1,1,1,1,0.851202,1
1,1,0.5778912,0.5499377,1,1,1,1,0.8499717,1
1,1,0.5673819,0.5399854,1,1,1,1,0.848726,1
1,1,0.5568573,0.5300307,1,1,1,1,1,2
1,1,0.5452136,0.5199161,1,1,1,1,1,2
1,1,0.533667,0.5098404,1,1,1,1,1,2
1,1,0.5222183,0.4998043,1,1,1,1,1,2
1,1,0.5108682,0.6696906,1,1,1,1,1,2
1,1,0.4996407,1,1,1,1,1,1,2
1,1,0.4885345,1,1,1,1,1,1,2
1,0.6054309,0.4774904,1,1,1,1,1,1,2
1,0.5842602,0.4651937,1,1,1,1,1,1,2
1,0.5638014,0.4531477,1,1,1,1,1,1,2
1,0.5440588,0.441357,1,1,1,1,1,1,2
1,0.5250209,0.429817,1,1,1,1,1,1,2
1,0.5066737,0.4185238,1,1,1,1,1,1,2
1,0.4889982,0.4074714,1,1,1,1,1,1,2
1,0.4719675,0.3966486,1,1,1,1,1,1,2
1,0.4555597,0.3860497,1,1,1,1,1,0.829891,2
1,0.4416927,0.3759761,1,1,1,1,1,0.8792272,2
1,0.427512,0.4083632,1,1,1,1,1,0.8784913,2
1,0.4137039,0.4775849,1,1,1,1,1,0.8825086,2
1,0.4002291,0.5608243,1,1,1,1,1,0.8887259,2
1,0.3870464,0.6627053,1,1,1,1,1,0.8955089,2
1,0.3741357,1,1,1,1,1,1,0.90259,2
0.5379673,0.3616159,1,1,1,1,1,1,0.9158791,2
0.5077053,0.3470805,1,1,1,1,1,1,0.8378855,2
0.4794173,0.3331053,1,1,1,1,1,1,0.787295,2
0.4530173,0.319685,1,1,1,1,1,1,0.7856709,2
0.4281524,0.3067371,1,1,1,1,1,1,0.7842084,2
0.4047857,0.2942634,1,1,1,1,1,1,0.7828862,2
0.3827976,0.2822426,1,1,1,1,1,1,0.781706,2
0.362077,0.2725491,1,1,1,1,1,1,0.7806697,2
0.3425405,0.3040016,1,1,1,1,1,1,0.7797723,2
0.3243347,0.3392428,1,1,1,1,1,1,0.7788303,2
0.3073114,0.3786768,1,1,1,1,1,1,0.7777988,2
0.291343,0.4227165,1,1,1,1,1,1,0.7766412,2
0.2763125,0.4718092,1,1,1,1,1,1,0.7753201,2
0.2621206,0.5264224,1,1,1,1,1,1,0.7738012,2
0.2486717,0.5870226,1,1,1,1,1,1,0.7720571,2
0.235885,1,1,1,1,1,1,1,0.7700542,2
0.245317,1,1,1,1,1,1,1,0.7667698,2
0.2592211,1,1,1,1,1,1,1,0.7632556,2
0.2733908,1,1,1,1,1,1,1,0.7594719,2
0.2877911,1,1,1,1,1,1,1,0.7554085,2
0.3023782,1,1,1,1,1,1,1,0.7510606,2
0.3171057,1,1,1,1,1,1,1,0.7464255,2
0.3319248,1,1,1,1,1,1,1,0.7415022,2
0.3467898,1,1,1,1,1,1,1,0.7362881,2
0.3616481,1,1,1,1,1,1,1,0.7307863,2
0.3764461,1,1,1,1,1,1,1,0.7250014,1
0.3911354,1,1,1,1,1,1,1,0.7189363,1
0.4056621,1,1,1,1,1,1,1,0.7125995,1
0.4199724,1,1,1,1,1,1,1,0.7060009,1
0.4340263,1,1,1,1,1,1,1,0.7137724,1
0.4481642,1,1,1,1,1,1,1,0.7267398,1
0.4625248,1,1,1,1,1,1,1,0.7393873,1
0.4771072,1,1,1,1,1,1,1,0.7517351,1
0.4919153,1,1,1,1,1,1,1,0.7637968,1
1,1,1,1,1,1,1,1,0.7755995,0
1,1,1,1,1,1,1,1,0.8034808,0
1,1,1,1,1,1,1,1,0.8308125,0
1,1,1,1,1,1,1,1,0.8573964,0
1,1,1,1,1,1,1,1,0.8830521,0
1,1,1,1,1,1,1,1,0.9076155,1
1,1,1,1,1,1,1,0.9584978,0.9309644,0
1,1,1,1,1,1,1,0.9518496,0.9564122,1
1,1,1,1,1,1,1,0.9452564,0.9810213,1
1,1,1,1,1,1,1,1,1,1
1,1,1,1,0.9837067,0.9988819,1,1,1,1
1,1,1,1,0.9737061,0.9887257,1,1,1,1
1,1,1,1,0.9637054,0.9785566,1,1,1,1
1,1,1,0.9684593,0.953705,0.9683753,1,1,1,1
1,1,1,0.9583038,0.9437043,0.958221,1,1,1,1
1,1,1,0.9481484,0.9337037,0.9480667,1,1,1,1
1,1,1,0.9379929,0.923703,0.9379123,1,1,1,1
1,1,1,0.9278374,0.9137024,0.9277581,1,1,1,1
1,1,1,0.9176817,0.9037018,0.917604,1,1,1,1
1,1,1,0.9075261,0.8937012,0.9074498,1,0.9944593,1,1
1,1,1,0.8973986,0.8837007,0.8972677,1,0.9787009,1,1
1,1,1,0.8873496,0.8737004,0.8870079,1,0.962373,1,1
1,1,1,0.8773791,0.8637016,0.8766724,1,0.9454948,1,1
1,1,1,0.8674871,0.8537055,0.8662645,1,0.9280924,1,1
1,1,1,0.8576738,0.8437145,0.8557886,1,0.9102001,1,1
1,1,1,0.8479394,0.8337313,0.8452508,1,0.8918575,1,1
1,1,1,0.8382839,0.8237591,0.8346578,1,0.8731108,1,1
1,1,1,0.8287104,0.8138047,0.8240207,1,0.8540154,1,0
1,1,1,0.8192155,0.8038689,0.8133453,1,0.8346217,1,0
1,1,1,0.8097985,0.7939557,0.8026406,1,0.8149877,1,0
1,1,1,0.8004616,0.7840723,0.7919198,1,0.7951771,1,0
1,1,1,0.7912,0.7742193,0.7811896,1,0.7752454,1,0
1,1,1,1,0.7644034,0.7704628,1,0.7552558,1,0
1,1,1,1,0.754701,0.7595615,1,0.7337109,1,0
1,1,1,1,0.7450711,0.7487019,1,0.7122552,1,0
1,1,1,1,0.735518,0.737896,1,0.6909534,1,0
1,1,1,1,0.7260448,0.7271545,1,0.6942637,1,0
1,1,1,1,0.7166104,0.716535,1,0.7019621,1,0
1,1,1,1,0.7071963,0.7060328,1,0.7096121,1,0
1,1,1,1,0.6977891,0.6956307,1,0.7171923,1,0
1,1,1,1,0.6883832,0.6853191,1,0.7246821,1,0
1,1,1,1,0.6789709,0.6750863,1,0.7320534,1,0
1,1,1,1,0.6695457,0.664922,1,0.7392936,1,0
1,1,1,1,0.6600993,0.654814,1,0.7463775,1,0
1,1,1,1,0.6506304,0.6447572,1,0.7532913,0.999648,0
1,1,1,1,0.641134,0.634741,0.6624691,0.7600341,0.9619669,0
1,1,1,1,0.6321505,0.624692,0.650133,0.7714964,0.9146539,0
1,1,1,1,0.6233383,0.614732,0.637781,0.7844571,0.8676984,0
1,1,1,1,0.6146962,0.6048797,0.6254671,0.7989305,0.8216613,0
1,1,1,1,0.6062214,0.595152,0.6132439,0.8149117,0.7770105,0
1,1,1,1,0.5979026,0.5855578,0.6011543,0.8323668,0.734091,0
1,1,1,1,0.5897293,0.5761061,0.5892383,0.8512429,0.693151,0
1,1,1,1,0.581684,0.5667974,0.577524,0.8714682,0.6543296,0
1,1,1,1,1,0.5576238,0.5660269,0.8929491,0.6176732,0
1,1,1,1,1,0.5488075,0.5543482,0.9214461,0.6074165,0
1,1,1,1,1,0.5401278,0.5430764,1,0.617065,0
1,1,1,1,1,0.5314214,0.5322895,1,0.6260945,0
1,1,1,1,1,0.5227636,0.5217599,1,0.6351727,0
1,1,1,1,1,0.5141341,0.5114546,1,0.6442614,0
1,1,1,1,1,0.505513,0.5013413,1,0.6533251,0
1,1,1,1,1,0.4968863,0.4913948,1,0.6623303,0
1,1,1,1,1,0.4882403,0.4815901,1,0.67125,0
1,1,1,1,1,0.4795668,0.4719084,1,0.680052,0
1,1,1,1,1,0.4708567,0.4623304,1,0.6887146,0
1,1,1,1,1,0.4621031,0.4528395,0.5126083,0.6972184,0
1,1,1,1,1,1,0.4432761,0.4978788,0.7108957,0
1,1,1,1,1,1,0.4338909,0.48274,0.7275158,0
1,1,1,1,1,1,0.4247652,0.4684463,0.7444202,0
1,1,1,1,1,1,0.4158526,0.4548944,0.7615215,0
1,1,1,1,1,1,0.4071181,0.4419987,0.7787345,0
1,1,1,1,1,1,0.3985286,0.4296807,0.7959769,0
1,1,1,1,1,1,0.3900558,0.4178711,0.8131709,0
1,1,1,1,1,1,0.3816758,0.4065087,0.8302472,0
1,1,1,1,1,1,0.3733652,0.3955368,0.8471429,0
1,1,1,1,1,1,0.3651073,0.3849083,1,0
1,1,1,1,1,1,0.3567137,0.3750687,1,0
1,1,1,1,1,1,0.3483417,0.3653353,1,0
1,1,1,1,1,1,0.339993,0.3557065,1,0
1,1,1,1,1,1,1,0.3461745,0.4502421,0
1,1,1,1,1,1,1,0.3351659,0.4304804,0
1,1,1,1,1,1,1,0.3245623,0.4117838,0
1,1,1,1,1,1,1,0.3143466,0.3940787,0
1,1,1,1,1,1,1,0.304506,0.3773021,0
1,1,1,1,1,1,1,0.2950227,0.3613894,0
1,1,1,1,1,1,1,0.285886,0.3462895,0
1,1,1,1,1,1,1,0.2770832,0.3319521,0
1,0.7321375,1,1,1,1,1,0.2686026,0.3183315,0
1,1,1,1,1,1,1,0.2607667,0.3076307,0
1,0.6316164,1,1,1,1,1,0.2527611,0.2951927,1
1,0.6983832,1,1,1,1,1,0.2930033,0.2859855,0
1,0.943268,1,1,1,1,1,0.3747938,0.2764406,0
1,0.6817428,1,1,1,1,1,0.517623,0.2655846,1
1,0.9049594,1,1,1,1,1,1,0.2567908,0
1,0.8987528,1,1,1,1,1,1,0.2470805,0
1,0.8925368,1,1,1,1,1,1,0.2376676,0
1,0.8863041,1,1,1,1,1,1,0.2285351,0
1,0.8800419,1,1,1,1,1,1,0.219664,0
1,0.8737437,1,1,1,1,1,1,0.2110395,0
1,0.867401,1,1,1,1,1,1,0.2217232,0
1,0.8609595,1,1,1,1,1,1,0.2431888,0
1,0.8543804,1,1,1,1,1,1,0.2651021,0
1,0.8476588,1,1,1,1,1,1,0.2873506,0
1,0.8407897,1,1,1,1,1,1,0.3098211,0
1,0.8337715,1,1,1,1,1,1,0.3323951,0
1,0.8266016,1,1,1,1,1,1,0.354958,1
1,0.8370417,1,1,1,1,1,1,0.3773868,1
1,0.8526635,1,1,1,1,1,1,0.4002423,1
1,0.8668407,1,1,1,1,1,1,0.4237387,1
1,0.8798923,1,1,1,1,1,1,0.4478529,1
1,0.8920985,1,1,1,1,1,1,0.4725722,1
1,0.9036446,1,1,1,1,1,1,1,1
1,0.949379,1,1,1,1,1,1,1,1
1,0.9881573,1,1,1,1,1,1,1,1
0.9273359,1,1,1,1,1,1,1,1,1
0.9158148,1,1,1,1,1,1,1,1,1
0.5314069,1,1,1,1,1,1,1,1,2
0.5157588,1,1,1,1,1,1,1,1,2
0.5004655,1,1,1,1,1,1,1,1,2
0.4855543,1,1,1,1,1,1,1,1,2
0.4710464,1,1,1,1,1,1,1,1,2
0.4627197,1,1,1,1,1,1,1,1,2
0.4912563,1,1,1,1,1,1,1,1,2
0.5214017,1,1,1,1,1,1,1,1,2
0.7590416,1,1,1,1,1,1,1,1,2
0.7476674,1,1,1,1,1,1,1,1,2
0.7363598,1,1,1,1,1,1,1,1,2
0.7251319,1,1,1,1,1,1,1,1,2
0.7140034,1,1,1,1,1,1,1,1,2
0.7248912,1,1,1,1,1,1,1,1,2
0.7587243,1,1,1,1,1,1,1,1,2
0.7921781,1,1,1,1,1,1,1,1,2
0.8249084,1,1,1,1,1,1,1,1,2
0.8565953,1,1,1,1,1,1,1,1,2
0.8869495,1,1,1,1,1,1,1,1,2
0.9157101,1,0.9974247,1,1,1,1,1,1,1
0.9429097,1,0.9921858,1,1,1,1,1,1,1
0.968647,1,0.9865371,1,1,1,1,1,1,1
0.9928867,1,0.9805017,1,1,1,1,1,1,1
1,1,0.9741131,1,1,1,1,1,1,1
1,1,0.9677076,1,1,1,1,1,1,1
1,1,0.9614283,1,1,1,1,1,1,1
1,1,0.9552684,1,1,1,1,1,1,1
1,1,0.949231,1,1,1,1,1,1,1
1,1,0.9433093,1,1,1,1,1,1,1
1,1,1,1,1,1,1,1,1,1
1,1,1,1,1,1,1,1,1,1
1,1,1,1,1,1,1,1,1,1
1,1,1,1,1,1,1,1,1,1
1,1,1,1,1,1,0.9957533,1,1,1
1,1,1,1,1,1,0.9876028,1,1,1
1,1,1,1,1,1,0.979437,1,1,1
1,1,1,1,1,1,0.9712529,1,1,1
1,1,1,1,1,1,0.9630545,1,1,1
1,1,1,1,1,1,0.9548389,1,1,1
1,1,1,1,1,1,0.9466065,1,1,1
1,1,1,1,1,1,0.9383579,1,1,1
1,1,1,1,1,1,0.9300939,1,1,1
1,1,1,1,1,1,0.9218147,1,1,1
1,1,1,1,1,1,0.913521,1,1,1
1,1,1,1,1,1,0.9052104,1,1,1
1,1,1,1,1,1,0.8968865,1,1,1
1,1,1,1,1,1,0.8885471,1,1,1
1,1,1,1,1,1,0.8801925,1,1,1
1,1,1,1,1,1,0.8718235,1,1,1
1,0.8568718,1,1,1,1,0.8634409,1,1,2
1,0.7047266,1,1,1,1,0.8539655,1,1,2
1,0.6995673,1,1,1,1,0.8434548,1,1,2
1,0.6946518,1,1,1,1,0.833042,1,1,2
1,0.6899818,1,1,1,1,0.8227322,1,1,2
1,0.6855642,1,1,1,1,0.8125294,1,1,2
1,0.6813989,1,1,1,1,0.802439,1,1,2
1,0.6774879,1,1,1,1,0.7924618,1,1,2
1,0.6738299,1,1,1,1,0.7825999,1,1,2
1,0.6704255,1,1,1,1,0.7728513,1,1,2
1,0.6672718,1,1,1,1,0.7632158,1,1,2
1,0.6643652,1,1,1,1,0.7536916,1,1,2
1,0.6617044,1,1,1,1,0.7442728,1,1,2
1,0.6592818,1,1,1,1,0.7349529,1,1,2
1,1,1,1,1,1,0.7257303,1,1,1
1,1,1,1,1,1,0.7167251,1,1,1
1,1,1,1,1,1,0.707717,1,1,1
1,1,1,1,1,1,0.6987088,1,1,1
1,1,1,1,1,1,0.6897007,1,1,1
1,1,1,1,1,1,0.6806926,1,1,1
0.6218147,1,1,1,1,1,0.6716815,1,1,2
0.6157786,1,1,1,1,1,0.6625525,1,1,2
0.6100655,1,1,1,1,1,0.6535236,1,1,2
0.6046768,1,1,1,1,1,0.6445898,1,1,2
0.5996104,1,1,1,1,1,0.6357481,1,1,2
0.5948629,1,1,1,1,1,0.6269943,1,1,2
0.5904306,1,1,1,1,1,0.6183231,1,1,2
0.5863121,1,1,1,1,0.6150498,0.6097255,1,1,2
0.5824351,1,1,1,1,0.6037029,0.601371,1,1,2
0.5789415,1,1,1,1,0.5925919,0.5930972,1,1,2
0.5758122,1,1,1,1,0.5816969,0.5848846,1,1,2
0.5730284,1,1,1,1,0.5710002,0.5767168,1,1,2
1,1,1,1,1,0.5604814,0.5685745,1,1,1
1,1,1,1,1,0.5508519,0.5585225,1,1,1
1,1,1,1,1,0.5412267,0.5484883,1,1,1
1,1,1,1,1,0.5316054,0.5384718,1,1,1
1,1,1,1,1,0.5219848,0.5284699,1,1,1
1,1,1,1,1,0.5123678,0.5184855,1,1,1
1,1,1,1,1,0.502751,0.5085152,1,1,1
1,1,1,1,1,0.4931374,0.4985619,1,1,1
1,1,1,1,1,0.4835239,0.4886223,1,1,1
1,1,1,1,1,0.4739132,0.4786993,1,1,1
1,1,1,1,1,0.4643022,0.4687894,1,1,1
1,1,1,1,1,0.4546908,0.4588923,0.5491897,1,0
1,1,1,1,1,0.4456014,0.4482697,0.5330887,1,0
1,1,1,1,1,0.4365705,0.4378096,0.5174843,1,0
1,1,1,1,1,1,0.4275044,0.502354,1,0
1,1,1,1,1,1,0.4171945,0.48673,1,0
1,1,1,1,1,1,0.4070584,0.4715871,1,0
1,1,1,1,1,1,0.3970863,0.4569043,1,0
1,1,1,1,1,1,0.3872713,0.4426633,1,0
1,1,1,1,1,1,0.3776003,0.4288384,1,0
1,1,1,1,1,1,0.3680661,0.4154108,1,0
1,1,1,1,1,1,0.3586591,0.4023581,1,0
1,1,1,1,1,1,0.3493697,0.3896587,1,0
1,1,1,1,1,1,0.3401887,0.3772915,1,0
1,1,1,1,1,1,0.3311076,0.3652363,1,0
1,1,1,1,1,1,0.3221181,0.3534735,1,0
1,1,1,1,1,1,0.3132097,0.3419815,0.474477,0
1,1,1,1,1,1,1,0.3293366,0.4503949,0
1,1,1,1,1,1,1,0.3171607,0.4277283,0
1,1,1,1,1,1,1,0.3054273,0.4063606,0
1,1,1,1,1,1,1,0.2941184,0.3861956,0
1,1,1,1,1,1,1,0.283214,0.3671433,0
1,1,1,1,1,1,1,0.2726957,0.3491224,0
1,1,1,1,1,1,1,0.2625494,0.3320639,0
1,1,1,1,1,1,1,0.2527592,0.3159013,0
1,1,1,1,1,1,1,0.243307,0.3005709,0
1,1,1,1,1,1,1,0.2341822,0.2860221,0
1,1,1,1,1,1,1,0.2777993,0.2722055,0
1,1,1,1,1,1,1,0.3535867,0.2590797,0
1,1,1,1,1,1,1,0.4528772,0.2465998,0
1,1,1,1,1,1,1,1,0.2347944,0
1,1,1,1,1,1,1,1,0.2239883,0
1,1,1,1,1,1,1,1,0.2136294,0
1,1,1,1,1,1,1,1,0.2036889,0
1,1,1,1,1,1,1,1,0.2103609,0
1,1,1,1,1,1,1,1,0.232885,0
1,1,1,1,1,1,1,1,0.2566347,0
1,1,1,1,1,1,1,1,0.2815958,0
1,1,1,1,1,1,1,1,0.3077354,0
1,1,1,1,1,1,1,1,0.3350233,0
1,1,1,1,1,1,1,1,0.3634024,0
1,1,1,1,1,1,1,1,0.3928181,0
1,1,1,1,1,1,1,1,0.4231961,0
1,1,1,1,1,1,1,1,0.4544501,0
1,1,1,1,1,1,1,1,0.4864816,0
1,1,1,1,1,1,1,1,1,1
1,1,1,1,1,1,1,1,1,1
1,1,1,1,1,1,1,1,1,1
1,1,1,1,1,1,1,1,1,1
1,1,1,1,1,1,1,1,1,1
1,1,1,1,1,1,1,1,1,1
1,1,1,1,1,1,1,1,1,1
1,1,1,1,1,1,1,1,1,1
1,1,1,1,1,1,1,1,1,1
1,1,1,1,1,1,1,1,1,1
1,1,1,1,1,1,1,1,1,1
1,1,1,1,1,1,1,1,1,1
1,1,1,1,1,1,1,1,1,1
1,1,1,1,1,1,1,1,1,1
1,1,1,1,1,1,1,1,1,1
1,1,1,1,1,1,1,1,1,1
0.9930137,1,1,1,1,1,1,1,1,1
0.9823869,1,1,1,1,1,1,1,1,1
0.9714953,1,1,1,1,1,1,1,1,1
0.960346,1,1,1,1,1,1,1,1,1
0.948943,1,1,1,1,1,1,1,1,1
0.9372991,1,1,1,1,1,1,1,1,1
0.9254212,1,1,1,1,1,1,1,1,1
0.913316,1,1,1,1,1,1,1,1,1
0.9009995,1,1,1,1,1,1,1,1,1
0.8884813,1,1,1,1,1,1,1,1,1
0.8757752,1,1,1,1,1,1,1,1,1
0.8628967,1,1,1,1,1,1,1,1,2
0.8498619,1,1,1,1,1,1,1,1,2
0.8366873,1,1,1,1,1,1,1,1,2
0.8233911,1,1,1,1,1,1,1,1,2
0.8099917,1,1,1,1,1,1,1,1,2
0.8164393,1,1,1,1,1,1,1,1,2
0.8341768,1,1,1,1,1,1,1,1,2
0.8516426,1,1,1,1,1,1,1,1,2
0.8687783,1,1,1,1,1,1,1,1,2
0.8855232,1,1,1,1,1,1,1,1,1
0.9018278,1,1,1,1,1,1,1,1,1
0.9176427,1,1,1,1,1,1,1,1,1
0.9329298,1,1,1,1,1,1,1,1,1
0.9476578,1,1,1,1,1,1,1,1,1
0.9618021,1,1,1,1,1,1,1,1,1
0.9753391,1,1,1,1,1,1,1,1,1
0.9882575,1,1,1,1,1,1,1,1,1
1,1,1,1,1,1,1,1,1,1
1,1,1,1,1,1,1,1,1,1
1,1,1,1,1,1,1,1,1,1
1,1,1,1,1,1,1,1,1,1
1,1,1,1,1,1,1,1,1,1
1,1,1,1,1,1,1,1,1,1
1,1,1,1,1,1,1,1,1,1
1,1,1,1,1,1,1,1,1,1
1,1,1,1,1,1,1,1,1,1
1,1,1,1,1,1,1,1,1,1
1,1,1,1,1,1,1,1,1,1
1,1,1,1,1,1,1,1,1,1
1,1,1,1,1,1,1,1,1,1
1,1,1,1,1,1,1,1,1,1
1,1,1,1,1,1,1,1,1,1
1,1,1,1,1,1,1,1,1,1
1,1,1,1,1,1,1,1,1,1
1,1,1,1,1,1,1,1,1,1
1,1,1,1,1,1,1,1,1,1
1,1,1,1,1,1,1,1,1,1
1,1,1,1,1,1,1,1,1,1
1,1,1,1,1,1,1,1,1,1
1,1,1,1,1,1,1,1,1,1
1,1,1,1,1,1,1,1,1,1
1,1,1,1,1,1,1,1,1,1
1,1,1,1,1,1,1,1,1,1
1,1,1,1,1,1,1,1,1,1
1,1,1,1,1,1,1,1,1,1
1,1,1,1,1,1,1,1,1,1
1,1,1,1,1,1,1,1,1,1
1,1,1,1,1,1,1,1,1,1
1,1,1,1,1,1,1,1,1,1
1,1,1,1,1,1,1,1,1,1
1,1,1,1,1,1,1,0.9756249,1,1
1,1,1,1,1,1,1,0.9690717,1,1
1,1,1,1,1,1,1,0.9625183,1,1
1,1,1,1,1,1,1,0.9559649,1,1
1,1,1,1,1,1,1,0.9494114,1,1
1,1,1,1,1,1,1,0.9428579,1,1
1,1,1,1,1,1,1,0.9363043,1,1
1,1,1,1,1,1,1,0.9297507,1,1
1,1,1,1,1,1,1,0.9232,1,1
1,1,1,1,1,1,1,0.9166493,1,1
1,1,1,1,1,1,1,0.9100987,1,1
1,1,1,1,1,1,1,0.9035478,1,1
1,1,1,1,1,1,1,0.896997,1,1
1,1,1,1,1,1,1,0.8904461,1,1
1,1,1,1,1,1,1,0.8838952,1,1
1,1,1,1,1,1,1,0.8773474,1,1
1,1,1,1,1,1,1,0.8707994,1,1
1,1,1,1,1,1,1,0.8642514,1,1
1,1,1,1,1,1,1,0.8577035,1,1
1,1,1,1,1,1,1,0.8511555,1,1
1,1,1,1,1,1,1,0.8446105,1,1
1,1,1,1,1,1,1,0.8380655,1,1
1,1,1,1,1,1,1,0.8315204,1,1
1,1,1,1,1,1,1,0.8249755,1,1
1,1,1,1,1,1,1,0.8184335,1,1
1,1,1,1,1,1,1,0.8118914,1,1
1,1,1,1,1,1,1,0.8053495,1,1
1,1,1,1,1,1,1,0.7988106,1,1
1,1,1,1,1,1,1,0.7922716,1,1
1,1,1,1,1,1,1,0.7857327,1,1
1,1,1,1,1,1,1,0.7791969,1,1
1,1,1,1,1,1,1,0.7726609,1,1
1,1,1,1,1,1,1,0.7661251,1,1
1,1,1,1,1,1,1,0.7595922,1,1
1,1,1,1,1,1,1,0.7530595,1,1
1,1,1,1,1,1,1,0.7465267,1,1
1,1,1,1,1,1,1,0.739997,1,1
1,1,1,1,1,1,1,0.7334673,1,1
1,1,1,1,1,1,1,0.7269377,1,1
1,1,1,1,1,1,1,0.7204111,1,1
1,1,1,1,1,1,1,0.7138845,1,1
1,1,1,1,1,1,1,0.7073579,1,1
1,1,1,1,1,1,1,0.7008345,1,1
1,1,1,1,1,1,1,0.694311,0.7704803,0
1,1,1,1,1,1,1,0.6877927,0.7617013,0
1,1,1,1,1,1,1,0.6813208,0.7529858,0
1,1,1,1,1,1,1,0.6748961,0.7443373,0
1,1,1,1,1,1,1,0.6685184,0.7357588,0
1,1,1,1,1,1,1,0.6621908,0.7272565,0
1,1,1,1,1,1,1,0.6559134,0.7188329,0
1,1,1,1,1,1,1,0.6496828,0.7104868,0
1,1,1,1,1,1,1,1,0.7022235,0
1,1,1,1,1,1,1,1,0.6939413,0
1,1,1,1,1,1,1,1,0.6857318,0
1,1,1,1,1,1,1,1,0.6775971,0
1,1,1,1,1,1,1,1,0.6695425,0
1,1,1,1,1,1,0.9762033,1,0.6615699,0
1,1,1,1,1,1,0.9503039,1,0.6537963,0
1,1,1,1,1,1,0.9256226,1,0.6462254,1
1,1,1,1,1,1,0.9020401,1,0.6388403,1
1,1,1,1,1,1,0.8794562,1,0.631622,1
1,1,1,1,1,1,0.8577693,1,0.6245559,1
1,1,1,1,1,1,0.8459411,1,0.6176315,1
1,1,1,1,1,1,0.8404592,1,0.6107904,1
1,1,1,1,1,1,0.8349616,1,0.6040038,1
1,1,1,1,1,1,0.8294472,1,0.5972712,1
1,1,1,1,1,1,0.8239115,1,0.5905886,1
1,1,1,1,1,1,0.818354,1,0.5839554,1
1,1,1,1,1,1,0.8127736,1,0.577371,1
1,1,1,1,1,1,0.8071698,1,0.5708348,1
1,1,1,1,1,1,0.8015386,1,0.5643427,1
1,1,1,1,1,1,0.7958831,1,0.5578974,1
1,1,1,1,1,1,0.7901992,1,0.5514948,1
1,1,1,1,1,1,0.7844869,1,0.5451343,1
1,1,1,1,1,1,0.7787458,1,0.5420833,1
1,1,1,1,1,1,0.7729518,1,0.5696636,1
1,1,1,1,1,1,0.7669086,1,0.5965837,1
1,1,1,1,1,1,0.7606223,1,0.6227356,1
1,1,1,1,1,1,1,1,0.6480227,0
1,1,1,1,1,1,1,1,0.6828179,0
1,1,1,1,1,1,1,1,0.7175555,1
1,1,1,1,1,1,1,1,0.7520972,1
1,1,1,1,1,1,1,1,0.786307,1
1,1,1,1,1,1,1,1,0.8200536,1
1,1,1,1,1,1,1,1,0.8532096,1
1,1,1,1,1,1,1,1,0.8856573,1
1,1,1,1,1,1,1,1,1,1
1,1,1,1,1,1,1,1,1,1
1,1,1,1,1,1,1,1,1,1
1,1,1,1,1,1,1,1,1,1
1,1,1,1,1,1,1,1,1,1
1,1,1,1,1,1,1,1,1,1
1,1,1,1,1,1,1,1,1,1
1,1,1,1,1,1,1,1,1,1
1,1,1,1,1,1,1,1,1,1
1,1,1,1,1,1,1,1,1,1
1,1,1,1,1,1,1,1,1,1
1,1,1,1,1,1,1,1,1,1
1,1,1,1,1,1,1,1,1,1
1,1,1,1,1,1,1,1,1,1
1,1,1,1,1,1,1,1,1,1
1,1,1,1,1,1,1,1,1,1
1,1,1,1,1,1,1,0.592167,1,1
1,1,1,1,1,1,1,0.5346395,1,1
1,1,1,1,1,1,1,0.5100437,1,1
1,1,1,1,1,1,1,0.5043815,1,1
1,1,1,1,1,1,1,0.4987055,1,1
1,1,1,1,1,1,1,0.4930158,1,1
1,1,1,1,1,1,1,0.4873151,1,1
1,1,1,1,1,1,1,0.4816002,1,1
1,1,1,1,1,1,1,0.475874,1,1
1,1,1,1,1,1,1,0.4701332,1,1
1,1,1,1,1,1,1,0.4643806,1,1
1,1,1,1,1,1,1,0.4586162,1,1
1,1,1,1,1,1,1,0.4528365,1,1
1,1,1,1,1,1,1,0.4470446,1,1
1,1,1,1,1,1,1,0.4412401,1,1
1,1,1,1,1,1,1,0.4354261,1,1
1,1,1,1,1,1,1,0.4295992,1,1
1,1,1,1,1,1,1,0.4237592,1,1
1,1,1,1,1,1,1,1,1,1
1,1,1,1,1,1,1,1,1,1
1,1,1,1,1,1,1,1,1,1
1,1,1,1,1,1,1,1,1,1
1,1,1,1,1,1,1,1,1,1
1,1,1,1,1,1,1,1,1,1
1,1,1,1,1,1,1,1,1,1
1,1,1,1,1,1,1,1,1,1
1,1,1,1,1,1,1,1,0.3944483,0
1,1,1,1,1,1,1,1,0.3871721,0
1,1,1,1,1,1,1,1,0.3800588,0
1,1,1,1,1,1,1,1,0.3731041,0
1,1,1,1,1,1,1,1,0.366304,0
1,1,1,1,1,1,1,1,0.3596546,0
1,1,1,1,0.9741505,1,1,1,0.3531519,0
1,1,1,1,0.9598309,1,1,1,0.3468751,0
1,1,1,1,0.9460019,1,1,1,0.3538988,0
1,1,1,1,0.9327134,1,1,1,0.3917471,0
1,1,1,1,0.9201072,1,1,1,0.4296014,1
1,1,1,1,0.9081107,1,1,1,1,1
1,1,1,1,0.8998996,1,1,1,1,1
1,1,1,1,0.8918422,1,1,1,1,1
1,1,1,1,0.8839374,1,1,1,1,1
1,1,1,1,0.8761806,1,1,1,1,2
1,1,1,0.9212149,0.8685714,1,1,1,1,2
1,1,1,0.8895928,0.8627814,1,1,1,1,2
1,1,1,0.8561309,1,1,1,1,1,2
1,1,1,0.8309919,1,1,1,1,1,2
1,1,1,0.8046156,1,1,1,1,1,2
1,1,1,0.7771405,1,1,1,1,1,2
1,1,1,0.7555092,1,1,1,1,1,2
1,1,1,0.7496991,1,1,1,1,1,2
1,1,1,0.7440287,1,1,1,1,1,2
1,1,1,0.738501,1,1,1,1,1,2
1,1,1,0.733115,1,1,1,1,1,2
1,1,1,0.7278732,1,1,1,1,1,2
1,1,1,0.7227744,1,1,1,1,1,2
1,1,1,0.7178212,1,1,1,1,1,2
1,1,1,0.7130122,1,1,1,1,1,2
1,1,1,0.7083496,1,1,1,1,1,2
1,1,1,0.7038318,1,1,1,1,1,2
1,1,1,0.6994611,1,1,1,1,1,2
1,1,1,0.6952355,1,1,1,1,1,2
1,1,1,1,1,1,1,1,1,1
1,1,1,1,1,1,1,1,1,1
1,1,1,1,1,1,1,1,1,1
1,1,0.713382,1,1,1,1,1,1,2
1,1,0.6651246,1,1,1,1,1,1,2
1,1,0.6164894,1,1,1,1,1,1,2
1,1,0.5744809,1,1,1,1,1,1,2
1,1,0.5704487,1,1,1,1,1,1,2
1,1,0.5666724,1,1,1,1,1,1,2
1,1,0.5631499,1,1,1,1,1,1,2
1,1,0.5598826,1,1,1,1,1,1,2
1,1,0.5568719,1,1,1,1,1,1,2
1,1,0.5541154,1,1,1,1,1,1,2
1,1,0.5516142,1,1,1,1,1,1,2
1,1,0.5493661,1,1,1,1,1,1,2
1,1,1,1,1,1,1,1,1,1
1,1,1,1,1,1,1,1,1,1
1,1,1,1,1,1,1,1,1,1
1,1,1,1,1,1,1,1,1,1
1,0.9908554,1,1,1,1,1,1,1,1
1,0.8793046,1,1,1,1,1,1,1,1
1,0.8822349,1,1,1,1,1,1,1,1
1,0.8851659,1,1,1,1,1,1,1,1
1,0.888096,1,1,1,1,1,1,1,1
1,0.8910244,1,1,1,1,1,1,1,1
1,0.8939459,1,1,1,1,1,1,1,1
1,0.8968596,1,1,1,1,1,1,1,1
1,0.8997647,1,1,1,1,1,1,1,1
1,0.9026562,1,1,1,1,1,1,1,1
1,0.9055335,1,1,1,1,1,1,1,1
1,0.9083959,1,1,1,1,1,1,1,1
1,0.9112386,1,1,1,1,1,1,1,1
1,0.9140609,1,1,1,1,1,1,1,1
1,0.9168626,1,1,1,1,1,1,1,1
1,0.9196388,1,1,1,1,1,1,1,1
1,0.9223894,1,1,1,1,1,1,1,1
1,0.9251143,1,1,1,1,1,1,1,1
1,0.9278086,1,1,1,1,1,1,1,1
1,0.9304767,1,1,1,1,1,1,1,1
0.9791167,0.9331142,1,1,1,1,1,1,1,1
0.9390632,0.9364645,1,1,1,1,1,1,1,2
0.8957578,0.9412295,1,1,1,1,1,1,1,2
0.8497078,1,1,1,1,1,1,1,1,2
0.8051818,1,1,1,1,1,1,1,1,2
0.7584828,1,1,1,1,1,1,1,1,2
0.7295672,1,1,1,1,1,1,1,1,2
0.7335988,1,1,1,1,1,1,1,1,2
0.7377996,1,1,1,1,1,1,1,1,2
0.7421622,1,1,1,1,1,1,1,1,2
0.7466823,1,1,1,1,1,1,1,1,2
0.7513486,1,1,1,1,1,1,1,1,2
0.7561567,1,1,1,1,1,1,1,1,2
0.7611018,1,1,1,1,1,1,1,1,2
0.7661724,1,1,1,1,1,1,1,1,2
0.7713635,1,1,1,1,1,1,1,1,2
0.7766666,1,1,1,1,1,1,1,1,2
0.7820737,1,1,1,1,1,1,1,1,2
0.7875758,1,1,1,1,1,1,1,1,2
0.7931646,1,1,1,1,1,1,1,1,2
0.7988349,1,1,1,1,1,1,1,1,2
0.8045782,1,1,1,1,1,1,1,1,2
0.8103858,1,1,1,1,1,1,1,1,2
0.8162491,1,1,1,1,1,1,1,1,2
0.8221631,1,1,1,1,1,1,1,1,2
0.8281158,1,1,1,1,1,1,1,1,2
0.834102,1,1,1,1,1,1,1,1,2
1,1,1,1,1,1,1,1,1,1
1,1,1,1,1,1,1,1,1,1
1,1,1,1,1,1,1,1,1,1
1,1,1,1,1,1,1,1,1,1
1,1,1,1,1,1,1,1,1,1
1,1,1,1,1,1,1,1,1,1
1,1,1,1,1,1,1,1,1,1
1,1,1,1,1,1,1,1,1,1
1,1,1,1,1,1,1,1,1,1
1,1,1,1,1,1,1,1,1,1
1,1,1,1,1,1,1,1,1,1
1,1,1,1,1,1,1,1,1,1
1,1,1,1,1,1,1,1,1,1
1,1,1,1,1,1,1,1,1,1
1,1,1,1,1,1,1,1,1,1
1,1,1,1,1,1,1,1,1,1
1,1,1,1,1,1,1,1,1,1
1,1,1,1,1,1,1,1,1,1
1,1,1,1,1,1,1,1,1,1
1,1,1,1,1,1,1,1,1,1
1,1,1,1,1,1,1,1,1,1
1,1,1,1,1,1,1,1,1,1
1,1,1,1,1,1,1,1,1,1
1,1,1,1,1,1,1,1,1,1
1,1,1,1,1,1,1,1,1,1
1,1,1,1,1,1,1,1,1,1
1,1,1,1,1,1,1,1,1,1
1,1,1,1,1,1,1,1,1,1
1,1,1,1,1,1,1,1,1,1
1,1,1,1,1,1,1,1,1,1
1,1,1,1,1,1,1,1,1,1
1,1,1,1,1,1,1,1,1,1
1,1,1,1,1,1,1,1,1,1
1,1,1,1,1,1,1,1,1,1
1,1,1,1,1,1,1,1,1,1
1,1,1,1,1,1,1,1,1,1
1,1,1,1,1,1,1,1,1,1
1,1,1,1,1,1,1,1,1,1
1,1,1,1,1,1,1,1,1,1
1,1,1,1,1,1,1,1,1,1
1,1,1,1,1,1,1,1,1,1
1,1,1,1,1,1,1,1,1,1
1,1,1,1,1,1,1,1,1,1
1,1,1,1,1,1,1,1,1,1
1,1,1,1,1,1,1,1,1,1
1,1,1,1,1,1,1,1,1,1
1,1,1,1,1,1,1,1,1,1
1,1,1,1,1,1,1,1,1,1
1,1,1,1,1,1,1,1,1,1
1,1,1,1,1,1,1,1,1,1
1,1,1,1,1,1,1,1,1,1
1,1,1,1,1,1,1,1,1,1
1,1,1,1,1,1,1,1,1,1
1,1,1,1,1,1,1,1,1,1
1,1,1,1,1,1,1,1,1,1
1,1,1,1,1,1,1,1,1,1
1,1,1,1,1,1,1,1,1,1
1,1,1,1,1,1,1,1,1,1
1,1,1,1,1,1,1,1,1,1
1,1,1,1,1,1,1,1,1,1
1,1,1,1,1,1,1,1,1,1
1,1,1,1,1,1,1,1,1,1
1,1,1,1,1,1,1,1,1,1
1,1,1,1,1,1,1,1,1,1
1,1,1,1,1,1,1,1,1,1
1,1,1,1,1,1,1,1,1,1
1,1,1,1,1,1,1,1,1,1
1,1,1,1,1,1,1,1,1,1
1,1,1,1,1,1,1,1,1,1
1,1,1,1,1,1,1,1,1,1
1,1,1,1,1,1,1,1,1,1
1,1,1,1,1,1,1,1,1,1
1,1,1,1,1,1,1,1,1,1
1,1,1,1,1,1,1,1,1,1
1,1,1,1,1,1,1,1,1,1
1,1,1,1,1,1,1,1,1,1
1,1,1,1,1,1,1,1,1,1
1,1,1,1,1,1,1,1,1,1
1,1,1,1,1,1,1,1,1,1
1,1,1,1,1,1,1,1,1,1
1,1,1,1,1,1,1,1,1,1
1,1,1,1,1,1,1,1,1,1
1,1,1,1,1,1,1,1,1,1
1,1,1,1,1,1,1,1,1,1
1,1,1,1,1,1,1,1,1,1
1,1,1,1,1,1,1,1,1,1
1,1,1,1,1,1,1,1,1,1
1,1,1,1,1,1,1,1,0.9990794,1
1,1,1,1,1,1,1,1,0.996421,1
1,1,1,1,1,1,1,1,0.9937649,1
1,1,1,1,1,1,1,1,0.9911079,1
1,1,1,1,1,1,1,1,0.9884566,1
1,1,1,1,1,1,1,1,0.9858077,1
1,1,1,1,1,1,1,1,0.9831646,1
1,1,1,1,1,1,1,1,0.9805275,1
1,1,1,1,1,1,1,1,0.9778996,1
1,1,1,1,1,1,1,1,0.9752811,1
1,1,1,1,1,1,1,1,0.9726726,1
1,1,1,1,1,1,1,1,0.9700772,1
1,1,1,1,1,1,1,1,0.9674953,1
1,1,1,1,1,1,1,1,0.9649273,1
1,1,1,1,1,1,1,1,0.9623768,1
1,1,1,1,1,1,1,1,0.959844,1
1,1,1,1,1,1,1,1,0.9573296,1
1,1,1,1,1,1,1,1,0.9548368,1
1,1,1,1,1,1,1,1,0.9523665,1
1,1,1,1,1,1,1,1,0.9499189,1
1,1,1,1,1,1,1,1,0.9474978,1
1,1,1,1,1,1,1,1,0.9451036,1
1,1,1,1,1,1,1,1,0.942737,1
1,1,1,1,1,1,1,1,0.9404017,1
1,1,1,1,1,1,1,1,0.9380949,1
1,1,1,1,1,1,1,1,0.9358236,1
1,1,1,1,1,1,1,1,1,1
1,1,1,1,1,1,1,1,1,1
1,1,1,1,1,1,1,1,1,1
1,1,1,1,1,1,1,1,1,1
1,1,1,1,1,1,1,1,1,1
1,1,1,1,1,1,1,1,1,1
1,1,1,1,1,1,1,1,1,1
1,1,1,1,1,1,1,1,1,1
1,1,1,1,1,1,1,1,1,1
1,1,1,1,1,1,1,1,1,1
1,1,1,1,1,1,1,1,1,1
1,1,1,1,1,1,1,1,1,1
1,1,1,1,1,1,1,1,1,1
1,1,1,1,1,1,1,1,1,1
1,1,1,1,1,1,1,1,1,1
1,1,1,1,1,1,1,1,1,1
1,1,1,1,1,1,1,1,1,1
1,1,1,1,1,1,1,1,1,1
1,1,1,1,1,1,1,1,1,1
1,1,1,1,1,1,1,1,1,1
1,1,1,1,1,1,1,1,1,1
1,1,1,1,1,1,1,1,1,1
1,1,1,1,1,1,1,1,1,1
1,1,1,1,1,1,1,1,1,1
1,1,1,1,1,1,1,1,1,1
1,1,1,1,1,1,1,1,1,1
1,1,1,1,1,1,1,1,1,1
1,1,1,1,1,1,1,1,1,1
1,1,1,1,1,1,1,1,1,1
1,1,1,1,1,1,1,1,1,1
1,1,1,1,1,1,1,1,1,1
1,1,1,1,1,1,1,1,1,1
1,1,1,1,1,1,1,1,1,1
1,1,1,1,1,1,1,1,1,1
1,1,1,1,1,1,1,1,1,1
1,1,1,1,1,1,1,1,1,1
1,1,1,1,1,1,1,1,1,1
1,1,1,1,1,1,1,1,1,1
1,1,1,1,1,1,1,1,1,1
1,1,1,1,1,1,1,1,1,1
1,1,1,1,1,1,1,1,1,1
1,1,1,1,1,1,1,1,1,1
1,1,1,1,1,1,1,1,1,1
1,1,1,1,1,1,1,1,1,1
1,1,1,1,1,1,1,1,1,1
1,1,1,1,1,1,1,1,1,1
1,1,1,1,1,1,1,1,1,1
1,1,1,1,1,1,1,1,1,1
1,1,1,1,1,1,1,1,1,1
1,1,1,1,1,1,1,1,1,1
1,1,1,1,1,1,1,1,1,1
1,1,1,1,1,1,1,1,1,1
1,1,1,1,1,1,1,1,1,1
1,1,1,1,1,1,1,1,1,1
1,1,1,1,1,1,1,1,1,1
1,1,1,1,1,1,1,1,1,1
1,1,1,1,1,1,1,1,1,1
1,1,1,1,1,1,1,1,1,1
1,1,1,1,1,1,1,1,1,1
1,1,1,1,1,1,1,1,1,1
1,1,1,1,1,1,1,1,1,1
1,1,1,1,1,1,1,1,1,1
1,1,1,1,1,1,1,1,1,1
1,1,1,1,1,1,1,1,1,1
1,1,1,1,1,1,1,1,1,1
1,1,1,1,1,1,1,1,1,1
1,1,1,1,1,1,1,1,1,1
1,1,1,1,1,1,1,1,1,1
1,1,1,1,1,1,1,1,1,1
1,1,1,1,1,1,1,1,1,1
1,1,1,1,1,1,1,1,1,1
1,1,1,1,1,1,1,1,1,1
1,1,1,1,1,1,1,1,1,1
1,1,1,1,1,1,1,1,1,1
1,1,1,1,1,1,1,1,1,1
1,1,1,0.9922314,1,1,1,1,1,1
1,1,1,0.9824848,1,1,1,1,1,1
1,1,1,0.9727338,1,1,1,1,1,1
1,1,1,0.9629816,1,1,1,1,1,1
1,1,1,0.9532281,1,1,1,1,1,1
1,1,1,0.9434735,1,1,1,1,1,1
1,1,1,0.9337177,1,1,1,1,1,1
1,1,1,0.923961,1,1,1,1,1,1
1,1,1,0.914203,1,1,1,1,1,1
1,1,1,0.9044443,1,1,1,1,1,1
1,1,1,0.8946847,1,1,1,1,1,1
1,1,1,0.8849212,1,1,1,1,1,1
1,1,1,0.8751569,1,1,1,1,1,1
1,1,1,0.8653919,1,1,1,1,1,1
1,1,1,0.8556263,1,1,1,1,1,1
1,1,1,0.845857,1,1,1,1,1,1
1,1,1,0.8360873,1,1,1,1,1,1
1,1,1,0.8263172,1,1,1,1,1,1
1,1,1,0.8165467,1,1,1,1,1,1
1,1,1,0.8067729,1,1,1,1,1,1
1,1,1,0.7969988,1,1,1,1,1,1
1,1,1,0.7872247,1,1,1,1,1,1
1,1,1,0.7774472,1,1,1,1,1,1
1,1,1,0.7676698,1,1,1,1,1,1
1,1,1,0.7578924,1,1,1,1,1,1
1,1,1,0.7481121,1,1,1,1,1,1
1,1,1,0.7383319,1,1,1,1,1,1
1,1,1,0.7285488,1,1,1,1,1,1
1,1,1,0.718766,1,1,1,1,1,1
1,1,1,0.7089835,1,1,1,1,1,1
1,1,1,0.6991984,1,1,1,1,1,1
1,1,1,0.6894135,1,1,1,1,1,1
1,1,1,0.6796261,1,1,1,1,1,1
1,1,1,0.6698391,1,1,1,1,1,1
1,1,1,0.6600496,1,1,1,1,1,1
1,1,1,0.6502607,1,1,1,1,1,1
1,1,1,0.6404694,1,1,1,1,1,1
1,1,1,0.6306785,1,1,1,1,1,1
1,1,1,0.6208854,1,1,1,1,1,1
1,1,1,0.6110929,1,1,1,1,1,1
1,1,1,0.601298,1,1,1,1,1,1
1,1,1,0.5915038,1,1,1,1,1,1
1,1,1,0.5817104,1,1,1,1,1,1
1,1,1,0.5719146,1,1,1,1,1,1
1,1,1,0.5621196,1,1,1,1,1,1
1,1,1,0.5523223,1,1,1,1,1,1
1,1,1,0.5425256,1,1,1,1,1,1
1,1,1,0.5327268,1,1,1,1,1,1
1,1,1,0.5229288,1,1,1,1,1,1
1,1,1,0.5131284,1,1,1,1,1,1
1,1,0.516302,0.5033287,1,1,1,1,1,1
1,1,0.5058232,0.4936174,1,1,1,1,1,1
1,1,0.4953877,0.4839181,1,1,1,1,1,1
1,1,0.4849914,0.4742271,1,1,1,1,1,1
1,1,0.4746362,0.4645465,1,1,1,1,1,1
1,1,0.464321,0.4548756,1,1,1,1,1,1
1,1,0.4540414,0.4452108,1,1,1,1,1,1
1,1,0.4437993,0.4355543,1,1,1,1,1,1
1,1,0.4335905,0.4259025,1,1,1,1,1,1
1,1,0.4234167,0.4162578,1,1,1,1,1,1
1,1,0.4132737,0.4066167,1,1,1,1,1,1
1,1,0.4031634,0.3969819,1,1,1,1,1,1
1,1,0.3930815,0.3873497,1,1,1,1,1,1
1,1,0.3830269,0.3777199,1,1,1,1,1,1
1,1,0.3729984,0.3680921,1,1,1,1,1,1
1,1,0.362995,0.358466,1,1,1,1,1,1
1,1,0.3530186,0.3488446,1,1,1,1,1,1
1,1,0.3430652,0.3392245,1,1,1,1,1,1
1,1,0.3331338,0.3296055,1,1,1,1,1,1
1,1,0.3232233,0.3199878,1,1,1,1,1,1
1,1,0.3133299,0.310368,1,1,1,1,1,1
1,1,0.3034558,0.3007492,1,1,1,1,1,1
1,1,0.2936,1,1,1,1,1,1,2
1,1,0.2836342,1,1,1,1,1,1,2
1,1,0.2737057,1,1,1,1,1,1,2
1,0.3129632,0.2638163,1,1,1,1,1,1,2
1,0.297559,0.2534549,1,1,1,1,1,1,2
1,0.2828702,0.2433373,1,1,1,1,1,1,2
1,0.268824,0.2334348,1,1,1,1,1,1,2
1,0.2553614,0.2237264,1,1,1,1,1,1,2
1,0.2424251,0.2141907,1,1,1,1,1,1,2
1,0.2299639,0.2048082,1,1,1,1,1,1,2
1,0.2179315,0.3177404,1,1,1,1,1,1,2
1,0.2062938,1,1,1,1,1,1,1,2
0.273351,0.1950096,1,1,1,1,1,1,1,2
0.2534168,0.1834736,1,1,1,1,1,1,1,2
0.2346472,0.1723261,1,1,1,1,1,1,1,2
0.2169515,0.1615498,1,1,1,1,1,1,1,2
0.2002448,0.1511253,1,1,1,1,1,1,1,2
0.1844508,0.1410348,1,1,1,1,1,1,1,2
0.1695012,0.1506413,1,1,1,1,1,1,1,2
0.1553385,0.1815667,1,1,1,1,1,1,1,2
0.1419068,0.2180812,1,1,1,1,1,1,1,2
0.1291557,0.2616305,1,1,1,1,1,1,1,2
0.1170395,1,1,1,1,1,1,1,1,2
0.1256473,1,1,1,1,1,1,1,1,2
0.140495,1,1,1,1,1,1,1,1,2
0.1565493,1,1,1,1,1,1,1,1,2
0.1736962,1,1,1,1,1,1,1,1,2
0.1919608,1,1,1,1,1,1,1,1,2
0.2113497,1,1,1,1,1,1,1,1,2
0.2318678,1,1,1,1,1,1,1,1,2
0.2535117,1,1,1,1,1,1,1,1,2
1,1,1,1,1,1,1,1,1,1
1,1,1,1,1,1,1,1,1,1
1,1,1,1,1,1,1,1,1,1
1,1,1,1,1,1,1,1,1,1
1,1,1,1,1,1,1,1,1,1
1,1,1,1,1,1,1,1,1,1
1,1,1,1,1,1,1,1,1,1
1,1,1,1,1,1,1,1,1,1
1,1,1,1,1,1,1,1,1,1
1,1,1,1,1,1,1,1,1,1
1,1,1,1,1,1,1,1,1,1
1,1,1,1,1,1,1,1,1,1
1,1,1,1,1,1,1,1,1,1
1,1,1,1,1,1,1,1,1,1
1,1,1,1,1,1,1,1,1,1
1,1,1,1,1,1,1,1,1,1
1,1,1,1,1,1,1,1,1,1
1,1,1,1,1,1,1,1,1,1
1,1,1,1,1,1,1,1,1,1
1,1,1,1,1,1,1,1,1,1
1,1,1,1,1,1,1,1,1,1
1,1,1,1,1,1,1,1,1,1
1,1,1,1,1,1,1,1,1,1
1,1,1,1,1,1,1,1,1,1
1,1,1,1,1,1,1,0.9930881,1,1
1,1,1,1,1,1,1,0.9856828,1,1
1,1,1,1,1,1,1,0.9782473,1,1
1,1,1,1,1,1,1,0.9707832,1,1
1,1,1,1,1,1,1,0.9632915,1,1
1,1,1,1,1,1,1,0.9557802,1,1
1,1,1,1,1,1,1,0.9482516,1,1
1,1,1,1,1,1,1,0.9407109,1,1
1,1,1,1,1,1,1,0.9331608,1,1
1,1,1,1,1,1,1,0.9256102,1,1
1,1,1,1,1,1,1,0.9180619,1,1
1,1,1,1,1,1,1,0.9105193,1,1
1,1,1,1,1,1,1,0.9029921,1,1
1,1,1,1,1,1,1,0.8954837,1,0
1,1,1,1,1,1,0.9806554,0.888001,1,0
1,1,1,1,1,1,0.9455271,0.8805,1,0
1,1,1,1,1,1,0.9071906,0.8729643,1,0
1,1,1,1,1,1,0.8687354,0.8654362,0.9865457,0
1,1,1,1,1,1,0.8651899,0.8579532,0.9727238,0
1,1,1,1,1,1,0.8621535,0.8506402,0.9588159,0
1,1,1,1,1,1,0.8596609,1,0.944893,0
1,1,1,1,1,1,0.8552194,1,0.9339763,0
1,1,1,1,1,1,0.8510798,1,0.9230035,0
1,1,1,1,1,0.9994119,0.8472565,1,0.9120058,0
1,1,1,1,1,0.9986894,0.8437683,1,0.9010032,0
1,1,1,1,1,0.9986185,0.8406293,1,0.8900224,0
1,1,1,1,1,0.9992098,0.8378474,1,0.8791035,0
1,1,1,1,1,1,0.8354298,1,0.8682845,0
1,1,1,1,1,1,0.8333866,1,0.8575926,0
1,1,1,1,1,1,0.8317416,1,0.8470434,0
1,1,1,1,1,1,0.8305117,1,0.8366641,0
1,1,1,1,1,1,0.8297142,1,0.826481,0
1,1,1,1,1,1,0.829363,1,0.8165153,0
1,1,1,1,1,1,0.8294719,1,0.8067876,0
1,1,1,1,1,1,0.8300587,1,0.7973195,0
1,1,1,1,1,1,0.8311369,1,0.788128,0
1,1,1,1,1,1,0.8327204,1,0.7792287,0
1,1,1,1,1,1,0.8348225,0.9417951,0.7706352,0
1,1,1,1,1,1,0.8389088,0.8035308,0.7618998,0
1,1,1,1,1,1,0.8458093,0.6936077,0.8314225,0
1,1,1,1,1,1,0.8535395,0.6920423,0.9531872,0
1,1,1,1,1,1,0.8610213,0.6906741,1,0
1,1,1,1,1,1,0.8676438,0.6893008,1,0
1,1,1,1,1,1,1,0.6882228,1,0
1,1,1,1,1,1,1,0.6865749,1,0
1,1,1,1,1,1,1,0.6851493,1,0
1,1,1,1,1,1,1,0.6839454,1,0
1,1,1,1,1,1,1,0.6829625,1,0
1,1,1,1,1,1,1,0.682203,1,0
1,1,1,1,1,1,1,0.6816626,1,0
1,1,1,1,1,1,1,0.6813433,1,0
1,1,1,1,1,1,1,0.681244,1,0
1,1,1,1,1,1,1,0.6813598,1,0
1,1,1,1,1,1,1,0.6816925,1,0
1,1,1,1,1,1,1,0.6822406,1,0
1,1,1,1,1,1,1,0.6829987,0.622192,0
1,1,1,1,1,1,1,0.6869282,0.6196913,0
1,1,1,1,1,1,1,0.6914707,0.617666,0
1,1,1,1,1,1,1,0.6966484,0.616114,0
1,1,1,1,1,1,1,0.7024857,0.6150343,0
1,1,1,1,1,1,1,0.7090137,0.6144299,0
1,1,1,1,1,1,1,0.7162586,0.6142991,0
1,1,1,1,1,1,1,1,0.6146472,0
1,1,1,1,1,1,1,1,0.6149586,0
1,1,1,1,1,1,1,1,0.615582,0
1,1,1,1,1,1,1,1,0.6165194,0
1,1,1,1,1,1,1,1,0.6177697,0
1,1,1,1,1,1,1,1,0.6193285,0
1,1,1,1,1,1,1,1,0.6211942,0
1,1,1,1,1,1,1,1,0.6233648,0
1,1,1,1,1,1,1,1,0.6258351,0
1,1,1,1,1,1,1,1,0.628603,0
1,1,1,1,1,1,1,1,0.6316625,0
1,1,1,1,1,1,1,1,0.6350077,0
1,0.9924938,1,1,1,1,1,1,0.6386353,0
1,0.981387,1,1,1,1,1,1,0.6424793,0
1,0.9709422,1,1,1,1,1,1,0.6464915,0
1,0.9699053,1,1,1,1,1,1,1,1
1,0.9605943,1,1,1,1,1,1,1,1
1,0.9603179,1,1,1,1,1,1,1,1
1,0.9600631,1,1,1,1,1,1,1,1
1,0.9598331,1,1,1,1,1,1,1,1
1,0.9596239,1,1,1,1,1,1,1,1
1,0.9594384,1,1,1,1,1,1,1,1
1,0.9592727,1,1,1,1,1,1,1,1
1,0.9591301,1,1,1,1,1,1,1,1
1,0.9590063,1,1,1,1,1,1,1,1
1,0.9589049,1,1,1,1,1,1,1,1
1,0.9588252,1,1,1,1,1,1,1,1
1,0.958763,1,1,1,1,1,1,1,1
1,0.9587218,1,1,1,1,1,1,1,1
1,0.9586976,1,1,1,1,1,1,1,1
1,0.9586934,1,1,1,1,1,1,1,1
1,0.9587091,1,1,1,1,1,1,1,1
1,0.9587404,1,1,1,1,1,1,1,1
1,0.9587906,1,1,1,1,1,1,1,1
1,0.9588557,1,1,1,1,1,1,1,1
1,0.9589393,1,1,1,1,1,1,1,1
1,0.9590369,1,1,1,1,1,1,1,1
1,0.9591523,1,1,1,1,1,1,1,1
1,0.959285,1,1,1,1,1,1,1,1
1,0.9594306,1,1,1,1,1,1,1,1
1,0.9595891,1,1,1,1,1,1,1,1
1,0.959764,1,1,1,1,1,1,1,1
1,0.9599509,1,1,1,1,1,1,1,1
1,0.9601537,1,1,1,1,1,1,1,1
1,0.960368,1,1,1,1,1,1,1,1
1,0.9605972,1,1,1,1,1,1,1,1
1,1,1,1,1,1,1,1,1,1
1,1,1,1,1,1,1,1,1,1
1,1,1,1,1,1,1,1,1,1
1,1,1,1,1,1,1,1,0.9822347,1
0.9742956,1,1,1,1,1,1,1,0.9483384,1
0.9295739,1,1,1,1,1,1,1,0.9137775,1
0.8824307,1,1,1,1,1,1,1,0.8806459,1
0.8325287,1,1,1,1,1,1,1,0.8491994,1
0.7814689,1,1,1,1,1,1,1,0.842454,1
0.7813435,1,1,1,1,1,1,1,0.8422855,1
0.7812466,1,1,1,1,1,1,1,0.8421011,1
0.781181,1,1,1,1,1,1,1,0.841898,1
0.7811462,1,1,1,1,1,1,1,0.8416767,1
0.7811389,1,1,1,1,1,1,1,0.841441,1
0.7811617,1,1,1,1,1,1,1,0.8411878,1
0.7812111,1,1,1,1,1,1,1,0.840921,1
0.78129,1,1,1,1,1,1,1,0.8406375,1
0.7813947,1,1,1,1,1,1,1,0.8403408,1
0.7815279,1,1,1,1,1,1,1,0.8400281,1
0.7816862,1,1,1,1,1,1,1,0.8397027,1
0.7818692,1,1,1,1,1,1,1,0.839365,1
0.7820764,1,1,1,1,1,1,1,0.8390151,1
0.7823073,1,1,1,1,1,1,1,0.8386532,1
0.7825587,1,1,1,1,1,1,1,0.8382826,1
0.782833,1,1,1,1,1,1,1,0.8379,1
0.7831301,1,1,1,1,1,1,1,0.8375058,1
0.7834462,1,1,1,1,1,1,1,0.8371032,1
0.783781,1,1,1,1,1,1,1,0.836692,1
0.7841342,1,1,1,1,1,1,1,0.8362725,1
0.7845053,1,1,1,1,1,1,1,0.8358445,1
1,1,1,1,1,1,1,1,1,1
1,1,1,1,1,1,1,1,1,1
1,1,1,1,1,1,1,1,1,1
1,1,1,1,1,1,1,1,1,1
1,1,1,1,1,1,1,1,1,1
1,1,1,1,1,1,1,1,1,1
1,1,1,1,1,1,1,1,1,1
1,1,1,1,1,1,1,1,1,1
1,1,1,1,1,1,1,1,1,1
1,1,1,1,1,1,1,1,1,1
1,1,1,1,1,1,1,1,1,1
1,1,1,1,1,1,1,1,1,1
1,1,1,1,1,1,1,1,1,1
1,1,1,1,1,1,1,1,1,1
1,1,1,1,1,1,1,1,1,1
1,1,1,1,1,1,1,1,1,1
1,1,1,1,1,1,1,1,1,1
1,1,1,1,1,1,1,1,1,1
1,1,1,1,1,1,1,1,1,1
1,1,1,1,1,1,1,1,1,1
1,1,1,1,1,1,1,1,1,1
1,1,1,1,1,1,1,1,1,1
1,1,1,1,1,1,1,1,1,1
1,1,1,1,1,1,1,1,1,1
1,1,1,1,1,1,1,1,1,1
1,1,1,1,1,1,1,1,1,1
1,1,1,1,1,1,1,1,1,1
1,1,1,1,1,1,1,1,1,1
1,1,1,1,1,1,1,1,1,1
1,1,1,1,1,1,1,1,1,1
1,1,1,1,1,1,1,1,1,1
1,1,1,1,1,1,1,1,1,1
1,1,1,1,1,1,1,1,1,1
1,1,1,1,1,1,1,1,1,1
1,1,1,1,1,1,1,1,1,1
1,1,1,1,1,1,1,1,1,1
1,1,1,1,1,1,1,1,1,1
1,1,1,1,1,1,1,1,1,1
1,1,1,1,1,1,1,1,1,1
1,1,1,1,1,1,1,1,1,1
1,1,1,1,1,1,1,1,1,1
1,1,1,1,1,1,1,1,1,1
1,1,1,1,1,1,1,1,1,1
1,1,1,1,1,1,1,1,1,1
1,1,1,1,1,1,1,1,1,1
1,1,1,1,1,1,1,1,1,1
1,1,1,1,1,1,1,1,1,1
1,1,1,1,1,1,1,1,1,1
1,1,1,1,1,1,1,1,1,1
1,1,1,1,1,1,1,1,1,1
1,1,1,1,1,1,1,1,1,1
1,1,1,1,1,1,1,1,1,1
1,1,1,1,1,1,1,1,1,1
1,1,1,1,1,1,1,1,1,1
1,1,1,1,1,1,1,1,1,1
1,1,1,1,1,1,1,1,1,1
1,0.9888523,1,1,1,1,1,1,1,1
1,0.9728795,1,1,1,1,1,1,1,1
1,0.9563375,1,1,1,1,1,1,1,1
1,0.9392402,1,1,1,1,1,1,1,1
1,0.921607,1,1,1,1,1,1,1,1
1,0.9034627,1,1,1,1,1,1,1,1
1,0.8848377,1,1,1,1,1,1,1,1
1,0.8760259,1,1,1,1,1,1,1,1
1,0.8792494,1,1,1,1,1,1,1,1
1,0.8824723,1,1,1,1,1,1,1,1
1,0.8856894,1,1,1,1,1,1,1,1
1,0.8888991,1,1,1,1,1,1,1,1
1,0.8920968,1,1,1,1,1,1,1,1
1,0.8952811,1,1,1,1,1,1,1,1
1,0.8984513,1,1,1,1,1,1,1,1
1,0.9016024,1,1,1,1,1,1,1,1
1,0.9047333,1,1,1,1,1,1,1,1
1,0.9078437,1,1,1,1,1,1,1,1
1,0.9109287,1,1,1,1,1,1,1,1
1,0.9139876,1,1,1,1,1,1,1,1
1,0.9170159,1,1,1,1,1,1,1,1
1,0.9200174,1,1,0.9975399,1,1,0.7634714,1,0
1,0.9159881,1,0.9931181,0.9872313,1,1,0.7412415,1,0
1,0.9114708,1,0.9838034,0.9769295,1,1,0.7188215,1,0
1,0.9065175,1,0.9745755,0.9666464,1,1,0.6963093,1,0
1,0.9011763,1,0.9654369,0.9563922,1,1,0.6737873,1,0
1,0.8954927,1,0.9563891,0.9461768,1,1,0.651333,1,0
1,0.8895172,1,0.9474353,0.9360121,1,1,0.6290224,1,0
1,0.8832989,1,0.9385719,0.9259031,1,1,0.6069146,1,0
1,0.8768855,1,0.9297997,0.915859,1,1,0.5850703,1,0
1,0.8703221,1,0.9211152,0.9058849,1,1,0.5635375,1,0
1,0.863651,1,0.9125169,0.8959872,1,1,0.5660008,1,0
1,0.8574321,1,0.9038583,0.8861474,1,1,0.570578,1,0
1,0.8516786,1,0.8951195,0.8763523,1,1,0.5750475,1,0
1,0.8463546,1,0.8862923,0.866588,1,1,0.5793934,1,0
1,0.8414285,1,0.8773701,0.856843,1,1,0.5836016,1,0
1,0.8368714,1,0.8683486,0.8471073,1,1,0.587659,1,0
1,0.8326581,1,0.859225,0.8373729,1,1,0.5915541,1,0
1,0.8287656,1,0.8499981,0.8276331,1,1,0.5952768,1,0
1,0.8251699,1,0.8406679,0.8178827,1,1,0.5988228,1,1
1,0.821849,1,0.8312356,0.8081176,1,1,0.602189,1,1
1,0.8187908,1,0.8217036,0.798335,1,1,0.6053649,1,1
1,0.8159736,1,0.8120717,0.7885295,1,1,0.6083543,1,1
1,0.8133882,1,0.802347,0.7787032,0.7794173,1,1,1,2
1,0.8173693,1,0.7903253,0.7681938,1,1,1,1,2
0.9494877,0.8219873,1,0.7782725,0.7577112,1,1,1,1,2
0.8519489,0.8280237,0.8456332,0.7659982,0.7472213,1,1,1,1,2
0.7417207,0.838833,0.8266522,0.7527695,0.7366291,1,1,1,1,2
0.682072,0.8527526,0.806969,0.7393998,0.7262371,1,1,1,1,2
0.6859007,0.8678077,0.7880286,0.7264572,0.716167,1,1,0.5673609,1,2
0.6876806,0.8743502,0.7740297,0.7153049,0.7062305,1,1,1,1,2
0.6923105,0.8911379,0.7561327,0.7029577,0.6965982,1,1,0.5534399,1,2
0.6940819,1,0.7433323,0.6922783,0.6867653,1,1,1,1,2
0.6986428,1,0.72732,0.6807164,0.6773725,1,1,1,1,2
0.7035028,1,0.711924,0.669462,0.6681502,1,1,0.5346679,1,1
0.7044194,1,0.7011548,0.6594149,0.6581731,1,1,1,0.6293265,1
0.7055217,1,0.6902098,0.6493251,0.6482303,1,1,1,0.5786992,1
0.7061141,1,0.6797875,0.6393632,0.6381865,1,1,1,0.5217849,1
0.70614,1,0.6699027,0.6295332,0.6280398,1,1,1,0.4601033,0
0.7055765,1,0.6605634,0.6198453,0.6178045,1,1,1,0.4389685,0
0.7048745,1,0.6513075,0.6101893,0.6075748,1,1,1,0.438827,0
0.7042566,1,0.6419036,0.6005032,0.5973856,1,1,1,0.4387082,0
0.70372,1,0.6323539,0.5907842,0.5872303,1,1,1,0.4386037,0
0.7032593,1,0.6226617,0.5810302,0.577103,1,1,1,0.4385088,1
0.7028697,1,0.6128314,0.57124,0.5669985,1,1,1,0.4384196,1
0.7025499,1,0.6028715,0.5614163,0.5569156,1,1,1,0.4383289,1
0.7022992,1,0.5927879,0.551559,0.5468506,1,1,1,0.4382306,1
0.7021109,1,0.5825843,0.5416657,0.536797,1,1,1,0.4381246,1
0.7019849,1,0.5722709,0.5317407,0.5267556,1,1,1,0.4380053,1
0.7019188,1,0.5618553,0.5217854,0.516724,1,1,1,0.4378704,1
0.7019101,1,0.5513452,0.5118014,0.5067006,1,1,1,0.4377179,1
0.7019567,1,0.5407485,0.5017909,0.4966837,1,1,1,0.437546,1
0.702057,1,0.5300699,0.4917529,0.4866692,1,1,1,0.437353,1
0.7022065,1,0.5193207,0.4816926,0.4766594,1,1,1,0.4371406,1
0.702407,1,0.5085084,0.4716124,0.4666533,1,1,1,0.4369043,1
0.7026578,1,0.4976406,0.4615146,0.4566503,1,1,1,0.4366429,1
0.7029548,1,0.4867247,0.4514015,0.4466502,1,1,1,1,2
0.7080131,1,0.4716528,0.440029,0.4369999,1,1,1,1,2
0.7136717,1,0.4570554,0.4289218,0.4275345,1,1,1,1,2
0.7198007,0.5880033,0.4429947,0.4180865,0.4182243,1,1,1,1,2
0.7267018,0.5623634,0.4292656,0.4074696,0.4091006,1,1,1,1,2
0.7342625,0.5380045,0.4159425,0.3970842,0.4001392,1,1,1,1,2
1,0.5148351,0.4030072,0.3869224,1,1,1,1,1,2
1,0.4927685,0.3904398,0.3769735,1,1,1,1,1,2
1,0.4719435,0.3782751,0.3672232,1,1,1,1,1,2
1,0.4522831,0.3664883,0.3576478,1,1,1,1,1,2
1,0.4336854,0.3550471,0.348224,1,1,1,1,1,2
1,0.4160499,0.3439171,0.3389264,1,1,1,1,1,2
1,0.3992868,0.3330688,0.3297349,1,1,1,1,1,2
1,0.3833058,0.3224685,0.3206255,1,1,1,1,1,2
1,0.3680316,0.3120914,1,1,1,1,1,1,2
1,0.3526145,0.3017899,1,1,1,1,1,1,2
0.5161868,0.3378365,0.2917084,1,1,1,1,1,1,2
0.484694,0.3229675,0.281752,1,1,1,1,0.9972283,1,2
0.4553384,0.3086748,0.2720288,1,1,1,1,0.9861849,1,2
0.4279113,0.2949218,0.2625253,1,1,1,1,0.9755228,1,2
0.4022446,0.2816846,0.2532375,1,1,1,1,0.9652231,1,2
0.3781763,0.2689316,0.244153,1,1,1,1,0.9552686,1,2
0.3555721,0.2566397,0.2352657,1,1,1,1,0.9456455,1,2
0.3343089,0.2447845,1,1,1,1,1,0.9363416,1,2
0.3142814,0.2333466,1,1,1,1,1,0.9273454,1,2
0.2953914,0.222305,1,1,1,1,1,0.9186425,0.5559367,2
0.2802473,0.2123346,1,1,1,1,1,0.9118077,1,2
0.2630282,0.2018856,1,1,1,1,1,0.9035361,1,2
0.2467379,0.1917854,1,1,1,1,1,0.8955311,0.5477601,2
0.2337167,0.1825937,1,1,1,1,1,0.8890632,1,2
0.218744,0.1729891,1,1,1,1,1,0.8814279,1,2
0.2045412,0.1646074,1,1,1,1,1,0.8740365,0.543749,2
0.1931572,0.1938813,1,1,1,1,1,0.8677251,1,2
0.1800057,0.2402104,1,1,1,1,1,0.8606453,1,2
0.1675073,0.2971502,1,1,1,1,1,0.8537909,1,2
0.1556868,0.3671412,1,1,1,1,1,0.8471602,1,2
0.1445735,0.4513349,1,1,1,1,1,0.8407154,1,2
0.1426891,0.552583,1,1,1,1,1,0.8343855,1,2
0.1588724,1,1,1,1,1,1,0.828108,1,2
0.1749954,1,1,1,1,1,1,0.8217407,1,2
0.1916036,1,1,1,1,1,1,0.8153428,1,2
0.2086397,1,1,1,1,1,1,0.8088962,1,2
0.226034,1,1,1,1,1,1,0.8023888,1,2
0.2437175,1,1,1,1,1,1,0.7958099,1,2
0.2616227,1,1,1,1,1,1,0.7891476,1,2
0.2796661,1,1,1,1,1,1,0.7823997,1,2
0.2977678,1,1,1,1,1,1,0.7755629,1,2
0.3158466,1,1,1,1,1,1,0.7686367,1,1
0.3338276,1,1,1,1,1,1,0.761619,1,1
0.3516307,1,1,1,1,1,1,0.7545131,1,1
0.3691777,1,1,1,1,1,1,0.7473234,1,1
0.3864006,1,1,1,1,1,1,0.7400532,1,1
0.4032358,1,1,1,1,1,1,0.7327067,1,1
0.4196177,1,1,1,1,1,1,0.7252924,1,1
0.4354871,1,1,1,1,1,1,0.7178198,1,1
0.450798,1,1,1,1,1,1,0.710296,1,1
0.4655108,1,1,1,1,1,1,0.702729,1,1
0.4795931,1,1,1,1,1,1,0.6951271,1,1
0.4930126,1,1,1,1,1,1,0.687502,1,1
1,1,1,1,1,1,1,0.679863,1,0
1,1,1,1,1,1,1,0.6715375,1,0
1,1,1,1,1,1,1,0.6634268,1,0
1,1,1,1,1,1,1,0.655543,1,0
1,1,1,1,1,1,1,0.6478921,1,0
1,1,1,1,1,1,1,0.6404854,1,0
1,1,1,1,1,1,1,0.6333341,1,0
1,1,1,1,1,1,1,0.6264427,1,0
1,1,1,1,1,1,1,0.6198213,1,0
1,1,1,1,1,1,1,0.6134766,1,0
0.9964752,1,1,1,1,1,1,1,0.6623594,0
0.989625,1,1,1,1,1,1,1,0.6520668,0
0.9826201,1,1,1,1,1,1,1,0.6420314,0
0.9755066,1,1,1,1,1,1,1,0.6322597,0
0.968321,1,1,1,1,1,1,1,0.6227598,0
0.9610918,1,1,1,1,1,1,1,0.6135426,0
0.9538539,1,1,1,1,1,1,1,0.604611,0
0.9466293,1,1,1,1,1,1,1,0.5959738,0
0.9394469,1,1,1,1,1,1,1,0.5876324,0
0.9323267,1,1,1,1,1,1,1,0.5795906,0
0.9252871,1,1,1,1,1,1,1,0.5718512,0
0.9252879,1,1,1,1,1,1,1,0.5644168,0
0.9274069,1,1,1,1,1,1,1,0.5572609,0
0.9300985,1,1,1,1,1,1,1,0.5503827,0
0.9334241,1,1,1,1,1,1,1,0.5739821,0
0.9361218,1,1,1,1,1,1,1,0.6659719,0
0.9350078,1,1,1,1,1,1,1,0.7586258,0
0.9296457,1,1,1,1,1,1,1,1,1
0.9130718,1,1,1,1,1,1,1,1,1
0.9019288,1,1,1,1,1,1,1,1,1
0.9099665,1,1,1,1,1,1,1,1,1
0.9178802,1,1,1,1,1,1,1,1,1
0.9256667,1,1,1,1,1,1,1,1,1
0.9333184,1,1,1,1,1,1,1,1,1
0.940829,1,1,1,1,1,1,1,1,1
0.9481918,1,1,1,1,1,1,1,1,1
0.9554054,1,1,1,1,1,1,1,1,1
0.9624646,1,1,1,1,1,1,1,1,1
0.9693683,1,1,1,1,1,1,1,1,1
0.9761119,1,1,1,1,1,1,1,1,1
0.9826916,1,1,1,1,1,1,1,1,1
0.9891079,1,1,1,1,1,1,1,1,1
0.9953569,1,1,1,1,1,1,1,1,1
1,1,1,1,1,1,1,1,1,1
1,1,1,1,1,1,1,1,1,1
1,1,1,1,1,1,1,1,1,1
1,1,1,1,1,1,1,1,1,1
1,1,1,1,1,1,1,1,1,1
1,1,1,1,1,1,1,1,1,1
1,1,1,1,1,1,1,1,1,1
1,1,1,1,1,1,1,1,1,1
1,1,1,1,1,1,1,1,1,1
1,1,1,1,1,1,1,1,1,1
1,1,1,1,1,1,1,1,1,1
1,1,1,1,1,1,1,1,1,1
1,1,1,1,1,1,1,1,1,1
1,1,1,1,1,1,1,1,1,1
1,1,1,1,1,1,1,1,1,1
1,1,1,1,1,1,1,1,1,1
1,1,1,1,1,1,1,1,1,1
1,1,1,1,1,1,1,1,1,1
1,1,1,1,0.9944801,1,1,1,1,1
1,1,1,1,0.9844298,1,1,1,1,1
1,1,1,1,0.9742863,1,1,1,1,1
1,1,1,1,0.9640549,1,1,1,1,1
1,1,1,1,0.9537354,1,1,1,1,1
1,1,1,1,0.9433268,1,1,1,1,1
1,1,1,1,0.9328362,1,1,1,1,1
1,1,1,1,0.9222633,1,1,1,1,1
1,1,1,1,0.9116117,1,1,1,1,1
1,1,1,1,0.9008859,1,1,1,1,1
1,1,1,1,0.8900863,0.9885637,1,1,1,1
1,1,1,1,0.8790978,0.9758261,1,1,1,1
1,1,1,1,0.8679153,0.9627741,1,1,1,1
1,1,1,1,0.8565464,0.9494208,1,1,1,1
1,1,1,1,0.845003,0.9357855,1,1,1,0
1,1,1,1,0.8332956,0.9218866,1,1,1,0
1,1,1,1,0.8214358,0.9077441,1,1,1,0
1,1,1,1,0.80944,0.8933842,1,1,1,0
1,1,1,1,0.7973219,0.8788304,1,1,1,0
1,1,1,1,0.7903143,0.8641115,1,1,1,0
1,1,1,1,0.7925621,0.8493025,1,1,1,0
1,1,1,1,0.7954908,0.8345104,1,1,1,0
1,1,1,1,0.7991026,0.819754,1,1,1,0
1,1,1,1,0.8034093,0.8050503,1,1,1,0
1,1,1,1,0.8084244,0.790414,0.9803848,1,1,0
1,1,1,1,0.8154254,0.7755745,0.9585242,1,1,0
1,1,1,1,0.82465,0.760558,0.9363321,1,1,0
1,1,1,1,0.8362429,0.7454168,0.9139225,1,1,0
1,1,1,1,0.8503825,0.7302012,0.8914043,1,1,0
1,1,1,1,0.8672659,0.7149633,0.8688849,1,1,0
1,1,1,1,0.8871121,0.6997544,0.8464667,1,1,0
1,1,1,1,0.9101863,0.684615,0.8242344,1,1,0
1,1,1,1,0.9367868,0.6695835,0.802265,1,1,0
1,1,1,1,0.9672739,0.6546931,0.780624,1,1,0
1,1,1,1,1,0.6399748,0.7593688,1,1,0
1,1,1,1,1,0.6325907,0.7385234,1,1,0
1,1,1,1,1,0.6457369,0.7179713,1,1,0
1,1,1,1,1,0.6601812,0.697937,1,1,0
1,1,1,1,1,0.6759869,0.6784256,1,1,0
1,1,1,1,1,0.6932229,0.6594256,1,1,0
1,1,1,1,1,0.7119557,0.640933,1,1,0
1,1,1,1,1,0.7322661,0.6229328,1,1,0
1,1,1,1,1,0.7542423,0.6054111,1,1,0
1,1,1,1,1,0.7779694,0.5883484,1,1,0
1,1,1,1,1,0.8035496,0.5717312,1,1,0
1,1,1,1,1,0.8310837,0.5555336,1,1,0
1,1,1,1,1,0.8606796,0.5397369,0.8342492,1,0
1,0.9783939,1,1,1,0.911256,0.5225151,0.7952229,1,0
1,0.9624194,1,1,1,1,0.5057712,0.7582926,1,0
1,0.947288,1,1,1,1,0.5079026,0.7236139,1,0
1,0.9324889,1,1,1,1,0.5239822,0.6905135,1,0
1,0.9183199,1,1,1,1,0.5415923,0.6592058,1,0
1,0.9048074,1,1,1,1,0.5607748,0.6296068,1,0
1,0.8919603,1,1,1,1,0.5815717,0.6016191,1,0
1,0.8797716,1,1,1,1,0.6040252,0.5751384,1,0
1,0.868224,1,1,1,1,0.6281761,0.5500575,1,0
1,0.8572962,1,1,1,1,0.6540559,0.5262657,1,0
1,0.8469599,1,1,1,1,0.6816922,0.5036603,1,0
1,0.83718,1,1,1,1,0.7111174,0.4821426,1,0
1,0.8279268,1,1,1,1,0.7423404,0.4616164,1,0
1,0.819162,1,1,1,1,0.7753826,0.4419954,1,0
1,0.8108511,1,1,1,1,0.8102475,0.4231962,1,0
1,0.802964,1,1,1,1,1,0.405142,0.7729491,0
0.9850178,0.7920735,1,1,1,1,1,0.385447,0.716286,0
0.9813975,0.7809234,1,1,1,1,1,0.3935705,0.6627596,0
0.9779261,0.7698061,1,1,1,1,1,0.4065818,0.6130325,0
0.9746491,0.7588788,1,1,1,1,1,0.4209738,0.5672022,0
0.9715918,0.7482309,1,1,1,1,1,0.436772,0.5250876,0
0.9687564,0.7379152,1,1,1,1,1,0.4540097,0.4864443,0
0.9661394,0.7279701,1,1,1,1,1,0.4727013,0.4509853,0
0.9637253,0.7184128,1,1,1,1,1,0.4928566,0.4184128,0
0.9614866,0.709241,1,1,1,1,1,0.5144848,0.3884344,0
0.9593956,0.7004474,1,1,1,1,1,0.537577,0.3607688,0
0.957417,0.6920129,1,1,1,1,1,0.5621207,0.3403654,0
0.9554973,0.6839566,1,1,1,1,1,0.5878951,0.3492891,0
0.9534895,0.6764506,1,1,1,1,1,0.6137179,0.3582341,0
0.9513395,0.6694018,1,1,1,1,1,0.639383,0.3671504,0
0.9490105,0.6627388,1,1,1,1,1,0.6646733,0.3759867,0
0.9464751,0.6564025,1,1,1,1,1,1,0.3846983,1
0.9428437,0.6513796,1,1,1,1,1,1,0.3913476,1
0.9390877,0.6464603,1,1,1,1,1,1,0.3978666,1
0.9352086,0.6416377,1,1,1,1,1,1,0.4042434,1
0.9312146,0.6369129,1,1,1,1,1,1,0.4104587,1
0.9271097,0.6322815,1,1,1,1,1,1,0.416503,1
0.9228987,0.6277398,1,1,1,1,1,1,0.4223676,1
0.9185938,0.6232919,1,1,1,1,1,1,0.4280368,1
0.9142017,0.6189359,1,1,1,1,1,1,0.4335046,1
0.9097301,0.6146708,1,1,1,1,1,1,0.4387661,1
0.9051906,0.6104993,1,1,1,1,1,1,0.4438137,1
0.900595,0.6064245,1,1,1,1,1,1,0.4486408,1
0.8959531,0.602447,1,1,1,1,1,1,0.4532467,1
0.9021189,0.5985678,1,1,1,1,1,1,0.4576311,1
0.9717436,0.5947114,1,1,1,1,1,1,0.4619701,1
1,0.5904255,1,1,1,1,1,1,0.4673006,1
1,0.5859995,1,1,1,1,1,1,0.4729601,1
1,0.5816321,1,1,1,1,1,1,0.4784817,1
1,0.5773225,1,1,1,1,1,1,0.483862,1
1,0.5730737,1,1,1,1,1,1,0.4890934,1
1,0.5688828,1,1,1,1,1,1,0.4941775,1
0.5517116,0.5647501,1,1,0.9965842,1,1,1,0.4991123,2
0.5459841,0.5638748,1,1,0.9778037,1,1,1,0.4961867,2
0.5406823,0.5634431,1,1,0.9595773,1,1,1,0.4932454,2
0.535808,0.5634505,1,1,0.9730992,1,1,1,0.4903263,2
0.5313808,1,1,1,1,1,1,1,0.4876188,1
0.5278966,1,1,0.9913271,1,1,1,1,0.4910767,1
0.524419,1,1,0.9791458,1,1,1,1,0.4943561,1
0.5209532,1,1,0.9667273,1,1,1,1,0.4974284,1
0.5175055,1,1,0.9540884,1,1,1,1,0.5002936,1
0.5140849,1,1,0.9412508,1,1,1,1,0.5029494,2
0.5106978,1,1,0.9282364,1,1,1,1,0.5053982,2
0.507354,1,1,0.9150643,1,1,1,1,0.50764,2
0.5040599,1,1,0.9017539,1,1,1,1,0.5096794,2
0.5008224,1,1,0.8883315,1,1,1,1,0.5115222,2
0.4976481,1,1,0.8748161,1,1,1,1,0.5131744,2
0.4945467,1,1,0.8612295,1,1,1,1,0.5146399,2
0.4915248,1,1,0.8475899,1,1,1,1,0.5159261,2
0.4885887,1,0.9963088,0.8339211,1,1,1,1,0.839615,2
0.4857828,1,0.9674597,0.8156231,1,1,1,1,0.8332409,2
0.4833482,1,0.9391658,0.7975866,1,1,1,1,0.8266996,2
0.4813066,1,0.9115691,0.7798905,1,1,1,1,0.8200929,2
1,1,0.8848032,0.7918664,1,1,1,1,0.8135142,1
1,1,0.8731054,0.7847214,1,1,1,1,0.8161733,1
1,1,0.8610578,0.778597,1,1,1,1,0.8186225,1
1,1,0.8486882,0.77344,1,1,1,1,0.8208621,1
1,1,0.8360254,0.7691967,1,1,1,1,0.822897,1
1,1,0.8230945,0.7658218,1,1,1,1,0.8247328,1
1,1,0.8099245,0.7632838,1,1,1,1,0.8263728,1
1,1,0.7965443,0.7615492,1,1,1,1,0.8278245,1
1,1,0.7829784,0.7605973,1,1,1,1,0.8290923,1
1,1,0.7692544,0.7604037,1,1,1,1,0.8301848,1
1,1,0.7553991,0.7609391,1,1,1,1,0.8311141,1
1,1,0.741438,0.7621953,1,1,1,1,0.8318856,1
1,1,0.7273949,0.76415,1,1,1,1,0.832512,1
1,1,0.713293,0.7668002,1,1,1,1,0.8329982,1
1,1,0.6991494,0.770129,1,1,1,1,0.8333567,2
1,1,0.6849874,0.7741302,1,1,1,1,0.8335956,2
1,1,0.6708214,0.7787999,1,1,1,1,1,2
1,1,0.6538228,0.7985338,1,1,1,1,1,2
1,1,0.6371768,0.8197757,1,1,1,1,1,2
1,1,0.6208745,0.84259,1,1,1,1,1,2
1,1,0.6049059,0.8670462,1,0.999308,1,1,1,2
1,1,0.5892634,0.8932353,1,0.9899051,1,1,1,2
1,1,0.5739419,1,0.984014,0.980575,1,1,1,2
1,1,0.5592126,1,0.9730773,1,1,1,1,2
1,1,0.5445968,1,0.9622117,1,1,1,1,2
1,1,0.5301241,1,0.9514283,1,1,1,1,2
1,0.7669763,0.5222979,1,0.9407345,1,1,1,1,2
1,0.7322629,0.5386035,1,0.9297291,1,1,1,1,2
1,0.6989984,0.5570626,1,0.9190179,1,1,1,1,2
1,0.667236,0.5778275,1,0.9086155,1,1,1,1,2
1,0.6369869,0.6010722,1,0.8985246,1,1,1,0.7952438,2
1,0.6140598,0.615179,1,0.8886102,1,1,1,0.7929831,2
1,0.5916957,0.6303648,1,0.8787887,1,1,1,1,2
1,0.5645932,0.6601407,1,0.8693539,1,1,1,0.7867966,2
1,0.5439354,0.6778311,0.8648782,0.8597736,1,1,1,0.7845583,2
1,0.5234462,0.6978464,0.8537778,0.8503068,1,1,1,0.7822038,2
1,0.5035561,0.7190215,0.8428184,0.8409174,1,1,1,1,2
1,0.4799148,0.9767116,0.8313607,1,1,1,1,0.7762308,2
1,0.4627618,0.9992272,0.8209354,1,1,1,1,0.7743154,2
1,0.445884,1,0.8105685,1,1,1,1,1,2
1,0.425398,1,0.7998401,1,1,1,1,1,2
1,0.4056119,1,0.7893695,1,1,1,1,0.7661463,2
1,0.3949123,1,0.7793043,1,1,1,1,1,2
0.6810468,0.4052556,1,0.7692028,1,1,1,1,0.7609831,2
0.6317511,0.4171472,1,0.7593676,1,1,1,1,0.7579213,2
0.5855256,0.4304495,1,0.7498411,1,1,1,1,0.754903,2
0.5424567,0.4452186,1,0.7406441,1,1,1,1,0.7519591,2
0.5025055,0.4614985,1,0.7317823,1,1,1,1,0.7491139,2
0.4655534,0.4793295,1,1,1,1,1,1,0.7463788,2
0.4309013,0.4993049,0.7191529,1,1,1,1,1,0.7437596,2
0.3988565,0.5211748,0.7073818,1,1,1,1,1,0.7412629,2
0.3691444,0.5451481,0.6960527,1,1,1,1,1,0.7388883,2
0.3496313,0.571473,0.6851481,1,1,1,1,1,0.7366329,2
0.3593359,0.6004332,0.6746581,1,1,1,1,1,0.7344967,2
0.3693716,0.7866616,0.6646081,1,1,1,1,1,0.7323703,2
0.3785732,0.8180662,0.6549938,1,1,1,1,1,0.7298651,2
0.3877483,0.8491532,0.6456039,1,1,1,1,1,0.7272154,2
0.3968573,0.8796886,0.6363889,1,1,1,1,1,0.7243951,2
0.4058558,1,0.6273055,1,1,1,1,1,0.7213921,2
0.4141195,1,0.6183051,1,1,1,1,1,0.7180001,2
0.4223641,1,1,1,1,1,1,1,0.7144904,2
0.4306737,1,1,1,1,1,1,1,0.7108922,2
0.4389727,1,1,1,1,1,1,1,0.7071895,2
0.447249,1,1,1,1,1,1,1,0.7033771,2
0.4554784,1,1,1,1,1,1,1,0.6994597,2
0.4636491,1,1,1,1,1,1,1,0.6954337,1
0.4717413,1,1,1,1,1,1,1,0.6913024,1
0.4797354,1,1,1,1,1,1,1,0.6870696,1
0.4876164,1,1,1,1,1,1,1,0.684895,1
0.4954159,0.5698365,1,1,1,1,1,1,0.7150707,2
0.5070642,0.5581221,1,1,1,1,1,1,0.7213238,2
0.5190171,0.5466592,1,1,1,1,1,1,0.7275659,2
0.5312655,0.5354373,1,1,1,1,1,1,0.7338465,2
0.6477008,0.5244457,1,1,1,1,1,1,0.7401973,2
0.6594185,0.5141944,1,1,1,1,1,1,0.7546409,2
0.6715531,0.5040132,1,1,1,1,1,1,0.7677971,2
0.6840725,0.4939132,1,1,1,1,1,1,0.7799318,2
0.6969491,0.4839078,1,1,1,1,1,1,0.7912427,2
0.7101586,0.4740039,1,1,1,1,1,1,0.8019055,2
0.7236802,0.4642088,1,1,1,1,1,1,0.8120505,2
0.7374951,0.4545214,1,1,1,1,1,1,0.8218032,2
0.7515829,0.4449424,1,1,1,1,1,1,0.8312558,2
0.7659333,0.435471,1,1,1,1,1,1,0.840481,2
1,0.4261058,1,1,1,1,1,1,0.8495396,1
1,0.4308442,1,1,1,1,1,1,0.8730494,1
1,0.4542957,1,1,1,1,1,1,0.8942859,1
1,0.4790062,1,1,1,1,1,0.961905,0.9139324,1
1,0.502008,1,1,1,1,1,0.8806013,0.9362876,1
0.4849645,0.5197676,1,1,1,1,1,0.8379351,0.9660548,2
0.4697898,1,1,1,1,1,1,0.8313118,0.9602171,2
0.4570935,1,1,1,1,1,1,0.825105,0.9690329,2
0.4444522,1,1,1,1,1,1,0.8188613,0.9766853,2
0.4319019,1,1,1,1,1,1,0.8125852,0.9833606,2
0.4194714,1,1,1,1,1,1,0.8062865,0.9892228,2
0.4071806,1,1,1,1,1,1,0.7999633,0.9944197,2
0.3950444,1,1,1,1,1,1,0.7936226,0.9990824,2
0.3830735,1,1,1,1,1,1,0.7872636,1,2
0.3713148,1,1,1,1,1,0.9981233,0.780894,1,2
0.3597885,1,1,1,1,1,0.987893,0.7745141,1,2
0.3485655,1,1,1,1,1,0.9779615,0.768131,1,2
0.3599118,1,1,1,1,1,0.9683059,0.7617368,1,2
0.3731171,1,1,1,1,1,0.9591677,0.7553402,1,1
0.38598,1,1,1,1,1,0.9505234,0.7489361,1,1
0.3984489,1,1,1,1,1,0.9423342,0.7425249,1,1
0.4104833,1,1,1,1,1,0.9345649,0.7361072,1,1
0.422048,1,1,1,1,1,0.9271865,0.7296856,1,1
0.4331098,1,1,1,1,1,0.9201782,0.7232679,1,1
0.4436519,1,1,1,1,1,0.9135166,0.7168574,1,1
0.4536531,1,1,1,1,1,0.9071891,0.7104647,0.9965514,1
0.4630235,1,1,1,1,1,0.9012348,0.704096,0.9883558,1
1,1,1,1,1,1,0.8957216,0.6977658,0.9797798,0
1,1,1,1,1,1,0.8964179,0.691775,0.9654838,0
1,1,1,1,1,1,0.8979098,0.6861539,0.9515542,0
1,1,1,1,1,1,0.9002387,0.6809317,0.9380538,0
1,1,1,1,1,1,0.9034384,0.676129,0.9336005,0
1,1,1,1,1,1,0.9073621,0.671744,1,0
1,1,1,1,1,1,0.9104043,0.6675301,1,0
1,1,1,1,1,1,0.9139525,0.6636377,1,0
1,1,1,1,1,1,0.9180024,0.6600617,1,0
1,1,1,1,1,1,0.9225527,0.9152035,1,0
1,1,1,1,1,1,0.9204565,0.8346232,0.6643258,0
1,1,1,1,1,1,0.9285016,0.7625839,0.6558771,0
1,1,1,1,1,1,0.9374474,0.7612601,0.6479907,0
1,1,1,1,1,1,1,0.7604511,0.6406496,0
1,1,1,1,1,1,1,0.7601649,0.6338412,0
1,1,1,1,1,1,1,0.7604079,0.6275517,0
1,1,1,1,1,1,1,0.761191,0.6217715,0
1,1,1,1,1,1,1,0.7625266,0.616492,0
1,1,1,1,1,1,1,1,1,1
1,1,1,1,1,1,1,1,1,1
1,1,1,1,1,1,1,1,1,1
1,1,1,1,1,1,1,1,1,1
1,1,1,1,1,1,1,1,1,1
1,1,1,1,1,1,1,1,1,1
1,1,1,1,1,1,1,1,1,1
1,1,1,1,1,1,1,1,1,1
1,1,1,1,1,1,1,1,1,1
1,1,1,1,1,1,1,1,1,1
1,1,1,1,1,1,1,1,1,1
1,1,1,1,1,1,1,1,1,1
1,1,1,1,1,1,1,1,1,1
1,1,1,1,1,1,1,1,1,1
1,1,1,1,1,1,1,1,1,1
1,1,1,1,1,1,1,1,1,1
1,1,1,1,1,1,1,1,1,1
1,1,1,1,1,1,1,1,1,1
1,1,1,1,1,1,1,1,1,1
1,1,1,1,1,1,1,1,1,1
1,1,1,1,1,1,1,1,1,1
1,1,1,1,1,1,1,1,1,1
1,1,1,0.9973923,1,1,1,1,1,1
1,1,1,0.9872341,1,1,1,1,1,1
1,1,1,0.9770633,1,1,1,1,1,1
1,1,1,0.9668801,1,1,1,1,1,1
1,1,1,0.9566852,1,1,1,1,1,1
1,1,1,0.9464791,1,1,1,1,1,1
1,1,1,0.9362621,1,1,1,1,1,1
1,1,1,0.9260349,1,1,1,1,1,1
1,1,1,0.9157979,1,1,1,1,1,1
1,1,1,0.9055518,1,1,1,1,1,1
1,1,1,0.8952972,1,1,1,1,1,1
1,1,1,0.8850346,1,1,1,1,1,1
1,1,1,0.8747648,1,1,1,1,1,1
1,1,1,0.8644882,1,1,1,1,1,1
1,1,1,0.8542057,1,1,1,1,1,1
1,1,1,0.8439178,1,1,1,1,1,1
1,1,1,0.8336252,1,1,1,1,1,1
1,1,1,0.8233286,1,1,1,1,1,1
1,1,1,0.8130286,1,1,1,1,1,1
1,1,1,0.8027259,1,1,1,1,1,1
1,1,1,0.7924241,1,1,1,1,1,1
1,1,1,0.782121,1,1,1,1,1,1
1,1,1,0.771817,1,1,1,1,1,1
1,1,1,0.7615127,1,1,1,1,1,1
1,1,1,0.7512089,1,1,1,1,1,1
1,1,1,0.740906,1,1,1,1,1,1
1,1,1,0.7306046,1,1,1,1,1,1
1,1,0.7771253,0.7203053,1,1,1,1,1,2
1,1,0.7644032,0.7096216,1,1,1,1,1,2
1,1,0.7517114,0.6989602,1,1,1,1,1,2
1,1,0.7390613,0.6883271,1,1,1,1,1,2
1,1,0.7264601,0.677725,1,1,1,1,1,2
1,1,0.7139145,0.6671562,1,1,1,1,1,2
1,1,0.7014301,0.6566225,1,1,1,1,1,2
1,1,0.6890124,0.6461253,1,1,1,1,1,2
1,1,0.6766689,0.6356689,1,1,1,1,1,2
1,1,0.6644004,0.6252508,1,1,1,1,1,2
1,1,0.6522131,0.6148747,1,1,1,1,1,2
1,1,0.6401095,0.6045405,1,1,1,1,1,2
1,1,0.6280916,0.5942478,1,1,1,1,1,2
1,1,0.6161605,0.5839963,1,1,1,1,1,2
1,1,0.604317,0.5737849,1,1,1,1,1,2
1,1,0.5925645,0.5636159,1,1,1,1,1,2
1,1,0.5808997,0.5534847,1,1,1,1,1,2
1,1,0.569325,0.6131855,1,1,1,1,1,2
1,1,0.5578617,0.7477188,1,1,1,1,1,2
1,1,0.5465154,1,1,1,1,1,1,2
1,1,0.5352966,1,1,1,1,1,1,2
1,1,0.5241348,1,1,1,1,1,1,2
1,1,0.5130275,1,1,1,1,1,1,2
1,1,0.5019779,1,1,1,1,1,1,2
1,1,0.4909857,1,1,1,1,1,1,2
1,1,0.4800541,1,1,1,1,1,1,2
1,1,0.4691793,1,1,1,1,1,1,2
1,1,0.458361,1,1,1,1,1,1,2
1,1,0.4476015,1,1,1,1,1,1,2
1,0.5436286,0.4368969,1,1,1,1,1,1,2
1,0.5238663,0.4251021,1,1,1,1,1,1,2
1,0.504858,0.4135743,1,1,1,1,1,1,2
1,0.4865781,0.4023038,1,1,1,1,1,1,2
1,0.4690042,0.3912853,1,1,1,1,1,1,2
1,0.4521032,0.3934461,1,1,1,1,1,1,2
1,0.4358666,0.4633056,1,1,1,1,1,1,2
1,0.4203437,0.5504363,1,1,1,1,1,1,2
1,0.4054689,1,1,1,1,1,1,1,2
1,0.3915097,1,1,1,1,1,1,1,2
1,0.3778665,1,1,1,1,1,1,1,2
1,0.3645346,1,1,1,1,1,1,1,2
1,0.3515088,1,1,1,1,1,1,1,2
1,0.3387795,1,1,1,1,1,1,1,2
0.4696576,0.3263367,1,1,1,1,1,1,1,2
0.4434156,0.31296,1,1,1,1,1,1,1,2
0.418794,0.3000796,1,1,1,1,1,1,1,2
0.3956592,0.2876724,1,1,1,1,1,1,1,2
0.373888,0.2929728,1,1,1,1,1,1,1,2
0.3533705,0.3232147,1,1,1,1,1,1,1,2
0.3340089,0.3577316,1,1,1,1,1,1,1,2
0.3157194,0.397363,1,1,1,1,1,1,1,2
0.2984188,0.4431862,1,1,1,1,1,1,1,2
0.28204,0.4966066,1,1,1,1,1,1,1,2
0.2665226,1,1,1,1,1,1,1,1,2
0.2520656,1,1,1,1,1,1,1,1,2
0.2521054,1,1,1,1,1,1,1,1,2
0.2691761,1,1,1,1,1,1,1,1,2
0.2871321,1,1,1,1,1,1,1,1,2
0.3059656,1,1,1,1,1,1,1,1,2
0.3256629,1,1,1,1,1,1,1,1,2
0.3462089,1,1,1,1,1,1,1,1,2
0.3675765,1,1,1,1,1,1,1,1,2
0.3897378,1,1,1,1,1,1,1,1,2
0.4126515,1,1,1,1,1,1,1,1,2
0.4362816,1,1,1,1,1,1,1,1,2
0.4605729,1,1,1,1,1,1,1,1,2
1,1,1,1,1,1,1,1,1,1
1,1,1,1,1,1,1,1,1,1
1,1,1,1,1,1,1,1,1,1
1,1,1,1,1,1,1,1,1,1
1,1,1,1,1,1,1,1,1,1
1,1,1,1,1,1,1,1,1,1
1,1,1,1,1,1,1,1,1,1
1,1,1,1,1,1,1,1,1,1
1,1,1,1,1,1,1,1,1,1
1,1,1,1,1,1,1,1,1,1
1,1,1,1,1,1,1,1,1,1
1,1,1,1,1,1,1,1,1,1
0.998552,1,1,1,1,1,1,1,1,1
0.9908063,1,1,1,1,1,1,1,1,1
1,1,1,1,1,1,1,1,1,1
1,1,1,1,1,1,1,1,1,1
1,1,1,1,1,1,1,1,1,1
1,1,1,1,1,1,1,1,1,1
1,1,1,1,1,1,1,1,1,1
1,1,1,1,1,1,1,1,1,1
1,1,1,1,1,1,1,1,1,1
1,1,1,1,1,1,1,1,1,1
1,1,1,1,1,1,1,0.9970044,1,1
1,1,1,1,1,1,1,0.9896258,1,1
1,1,1,1,1,1,1,0.9822138,1,1
1,1,1,1,1,1,1,0.9747692,1,1
1,1,1,1,1,1,1,0.9672999,1,1
1,1,1,1,1,1,1,0.9598073,1,1
1,1,1,1,1,1,1,0.9522933,1,1
1,1,1,1,1,1,1,0.9447662,1,1
1,1,1,1,1,1,1,0.9372284,1,1
1,1,1,1,1,1,1,0.9296858,1,1
1,1,1,1,1,1,1,0.9221442,1,1
1,1,1,1,1,1,1,0.9146068,1,1
1,1,1,1,1,1,1,0.9070799,1,1
1,1,1,1,1,1,1,0.8995702,1,1
1,1,1,1,1,1,1,0.8920842,1,0
1,1,1,1,1,1,1,0.884626,1,0
1,1,1,1,1,1,1,0.8772025,1,0
1,1,1,1,1,1,1,0.869821,1,0
1,1,1,1,1,1,1,0.8624886,1,0
1,1,1,1,1,1,1,0.8552096,1,0
1,1,1,1,1,1,1,0.8479947,1,0
1,1,1,1,1,1,1,0.8408481,1,0
1,1,1,1,1,1,1,0.8337773,1,0
1,1,1,1,1,1,1,0.8267899,1,0
1,1,1,1,1,1,1,0.8198903,1,0
1,1,1,1,1,1,1,0.8130891,1,0
1,1,1,1,1,1,1,0.8063906,1,0
1,1,1,1,1,1,1,0.7998022,0.8863612,0
1,1,1,1,1,1,1,1,0.8740405,0
1,1,1,1,1,1,1,1,0.8651217,0
1,1,1,1,1,1,1,1,0.8561701,0
1,1,1,1,1,1,1,1,0.8471959,0
1,1,1,1,1,1,1,1,0.8382101,0
1,1,1,1,1,1,1,1,0.8292235,0
1,1,1,1,1,1,1,1,0.8202475,0
1,1,1,1,1,1,1,1,0.8112934,0
1,1,1,1,1,1,1,1,0.8023728,0
1,1,1,1,1,1,1,1,0.7934975,0
1,1,1,1,1,1,1,1,0.7846791,0
1,1,1,1,1,1,1,1,0.7759327,0
1,1,1,1,1,1,1,1,0.7672669,0
1,1,1,1,1,1,1,1,0.7586968,0
1,1,1,1,1,1,1,1,0.7502307,0
1,1,1,1,1,1,1,1,0.7418836,0
1,1,1,1,1,1,1,1,0.7336671,0
1,1,1,1,1,1,1,1,0.7255957,0
1,1,1,1,1,1,1,1,0.7176773,0
1,1,1,1,1,1,1,1,0.7099262,0
1,1,1,1,1,1,1,1,0.7023531,0
1,1,1,1,1,1,1,1,0.6949685,0
1,1,1,1,1,1,1,1,0.7393999,0
1,1,1,1,1,1,1,1,0.8103284,0
1,1,1,1,1,1,1,1,0.8770547,0
1,1,1,1,1,1,1,1,0.9371349,1
1,1,1,1,1,1,1,1,0.9889892,1
1,1,1,1,1,1,1,1,1,1
1,1,1,1,1,1,1,1,1,1
1,1,1,1,1,1,1,1,1,1
1,1,1,1,1,1,1,1,1,1
1,1,1,1,1,1,1,1,1,1
1,1,1,1,1,1,1,1,1,1
1,1,1,1,1,1,1,1,1,1
1,1,1,1,1,1,1,1,1,1
1,1,1,1,1,1,1,1,1,1
1,1,1,1,1,1,1,1,1,1
1,1,1,1,1,1,1,1,1,1
1,1,1,1,1,1,1,1,1,1
1,1,1,1,1,1,1,1,1,1
1,1,1,1,1,1,1,1,1,1
1,1,1,1,1,1,1,1,1,1
1,1,1,1,1,1,1,1,1,1
1,1,1,1,1,1,1,1,1,1
1,1,1,1,1,1,1,1,1,1
1,1,0.9954154,1,1,1,1,1,1,1
1,1,0.9865353,1,1,1,1,1,1,1
1,1,0.9776546,1,1,1,1,1,1,1
1,1,0.9687732,1,1,1,1,1,1,1
1,1,0.9598911,1,1,1,1,1,1,1
1,1,0.9510053,0.9960217,1,1,1,1,1,1
1,1,0.9421171,0.9866757,1,1,1,1,1,1
1,1,0.9332237,0.9772897,1,1,1,1,1,1
1,1,0.9243222,0.9678618,1,1,1,1,1,1
1,1,0.9154132,0.9583935,1,1,1,1,1,1
1,1,0.9064968,0.9488864,1,1,1,1,1,1
1,1,0.8975736,0.9393424,1,1,1,1,1,1
1,1,0.8886439,0.9297632,1,1,1,1,1,1
1,1,0.8797053,0.9201477,1,1,1,1,1,1
1,1,0.8707582,0.910498,1,1,1,1,1,1
1,1,0.8618032,0.9008161,1,1,1,1,1,1
1,1,0.8528409,0.8911042,1,1,1,1,1,1
1,1,0.8438718,0.8813649,1,1,1,1,1,1
1,1,0.8348966,0.8716003,1,1,1,1,1,1
1,1,0.8259127,0.8618096,1,1,1,1,1,1
1,1,0.8169208,0.8519951,1,1,1,1,1,1
1,1,0.8079213,0.8421593,1,1,1,1,1,1
1,1,0.798915,0.8323045,1,1,1,1,1,1
1,1,0.7899022,0.8224329,1,1,1,1,1,1
1,1,0.7808834,0.812547,1,1,1,1,1,1
1,1,0.7718591,0.802649,1,1,1,1,1,1
1,1,0.7628268,0.7927378,1,1,1,1,1,1
1,1,0.7537897,0.7828187,1,1,1,1,1,1
1,1,0.7447453,0.7728906,1,1,1,1,1,1
1,1,0.7356936,0.7629555,1,1,1,1,1,1
1,1,0.726635,0.753015,1,1,1,1,1,1
1,1,0.7175727,0.7430743,1,1,1,1,1,1
1,1,0.7085038,0.7331316,1,1,1,1,1,1
1,1,0.6994283,0.7231885,1,1,1,1,1,1
1,1,0.6903462,0.7132465,1,1,1,1,1,1
1,1,0.6812576,0.7033068,1,1,1,1,1,1
1,1,0.6721622,0.6933705,1,1,1,1,1,1
1,1,0.66306,0.6834387,1,1,1,1,1,1
1,1,0.6539508,0.6735123,1,1,1,1,1,1
1,1,0.6448342,0.6635921,1,1,1,1,1,1
1,1,0.6357102,0.6536788,1,1,1,1,1,1
1,1,0.6265784,0.643773,1,1,1,1,1,1
1,0.6914124,0.6174384,0.633875,1,1,1,1,1,1
1,0.6801578,0.6082023,0.6248637,1,1,1,1,1,1
1,0.6689492,0.5989848,0.61586,1,1,1,1,1,1
0.9910336,0.6577858,0.5897824,0.6068593,1,1,1,1,1,1
0.9725865,0.64658,0.5805949,0.5979068,1,1,1,1,1,1
0.9536339,0.6352528,0.5714241,0.5890477,1,0.9903516,1,1,1,1
0.9345144,0.623895,0.5622784,1,1,0.9771487,1,1,1,2
0.9106245,0.6113088,0.5531651,1,1,0.9576295,1,1,1,2
0.8871129,0.598848,0.5441309,1,1,0.9382243,1,1,1,2
0.8640504,0.5865347,0.5351795,1,1,0.9190184,1,1,1,2
0.8414903,0.5743843,0.5263103,1,1,0.9000887,1,1,1,2
0.8194737,0.5624087,0.5175217,1,1,0.8814974,1,1,1,2
0.798035,0.5506201,0.5088143,1,1,0.8632982,1,1,1,2
0.8038972,0.5390245,0.5001847,1,1,0.845522,1,1,1,2
0.8166684,0.5277926,0.4916015,1,1,0.8290647,1,1,1,2
0.8289263,0.5169196,0.483042,1,1,0.8139865,1,1,1,2
0.8406655,0.5063556,0.4744954,1,1,0.8000965,1,1,1,2
0.8518837,0.4960544,0.4659504,1,1,0.7872385,1,1,1,2
0.8625835,0.4859789,0.4574013,1,1,0.7752812,1,1,1,1
0.8727819,0.4760969,0.4488437,1,1,0.7641043,1,1,1,1
0.8824895,0.4663804,0.4402749,1,1,0.7536145,1,1,1,1
0.8917292,0.4568048,0.4316928,1,1,0.743723,1,1,1,1
0.900521,0.4473483,0.423096,1,1,0.7343577,1,1,1,1
0.5794315,0.4379918,0.4144837,1,1,0.7254527,1,1,1,2
0.5616196,0.4273235,0.4063021,1,1,0.7088085,1,1,1,2
0.5445728,0.4169057,0.3981714,1,1,0.6929332,1,1,1,2
0.5282364,0.4067241,1,1,1,0.6777695,1,1,1,2
0.5110971,0.3963841,1,1,1,0.6609512,1,1,1,2
0.4946824,0.3862959,1,1,1,0.6448211,1,1,1,2
0.47894,0.3764418,1,1,1,0.6366561,1,1,1,2
0.4637399,0.3667858,1,1,0.7588597,0.6318913,1,1,1,2
0.4511378,0.3578208,1,1,0.743543,0.6233947,1,1,1,2
0.438859,0.3489578,1,1,0.7288953,0.6145619,1,1,1,1
0.426877,0.340189,1,1,0.7148658,0.6054045,1,1,1,1
0.4151629,0.3315043,1,1,0.7013978,0.5959329,1,1,1,1
0.4036857,0.3228908,1,1,0.6884486,0.5861543,1,1,1,1
0.3924238,0.3143425,1,1,0.6759744,0.5760869,1,1,1,1
0.381357,0.3058539,1,1,0.6639393,0.5657503,1,1,1,1
0.3704588,0.2974139,1,1,0.6523002,0.5551564,1,1,1,1
0.3597116,0.2890176,1,1,0.6410221,0.5443264,1,1,1,1
0.3490951,0.2806579,1,1,0.630073,0.5332779,1,1,1,1
0.3385942,0.2723308,1,1,0.6194226,0.5220329,1,1,1,1
0.3281867,0.2640265,1,1,0.6090435,0.5106045,1,1,1,1
0.3178635,0.2557449,1,1,0.598905,0.4990186,1,1,1,1
0.3076084,0.2536601,1,1,0.5889887,0.4872919,1,1,1,1
0.2974203,0.2785525,1,1,0.5793152,0.4754099,1,1,1,1
0.2873432,0.3026505,1,1,0.5700639,0.4670742,1,1,1,1
0.2773233,0.3260003,1,1,0.5610988,0.4594805,1,1,1,1
0.267338,0.3486006,1,1,0.5523586,0.4520206,1,1,1,1
0.2573675,0.3704305,1,1,0.5438086,0.4446756,1,1,1,1
0.2473983,0.3914832,1,1,0.535419,0.4374294,1,1,1,1
0.2374183,0.4117762,1,1,0.5271595,0.4302642,1,1,1,1
0.2274134,0.431321,1,1,0.5190088,0.4231689,0.5538417,1,1,0
0.2202351,0.4229292,1,1,0.5231768,0.4231398,0.5195628,1,1,0
0.2126044,0.4164561,1,1,1,0.4230956,0.4881118,1,1,0
0.2025643,0.4268315,1,1,1,0.4178884,0.4673202,1,1,0
0.1924151,0.4362541,1,1,1,0.4128231,0.4467084,1,1,0
0.1982519,0.4448362,1,1,1,0.4078767,0.4263304,1,1,0
0.204482,0.4520289,1,1,1,0.4032401,0.4059428,1,1,0
0.2104063,0.4579608,1,1,1,0.3988963,0.3856323,1,1,0
0.2160401,0.4627987,1,0.9963182,1,0.394817,0.365492,1,1,0
0.2213823,0.4666176,1,0.9838045,1,0.3910064,0.345563,1,1,0
0.2264216,0.4694096,1,0.9712232,1,0.3874985,0.325852,1,1,0
0.2311759,0.4713478,1,0.9586205,1,0.3842677,0.3064263,1,1,0
0.2356715,0.4726041,1,0.9460384,1,0.3812815,0.2965044,1,1,0
0.2400039,0.4736992,1,0.9336106,1,0.3783612,0.2927416,1,1,0
0.2442307,0.4749102,1,0.9213963,0.9919362,0.3753986,0.2889933,1,1,0
0.2483197,0.4760372,1,0.9093313,0.9770467,0.3724732,0.2852958,1,1,0
0.2522541,0.4769654,1,0.8973781,0.9623488,0.3696375,0.2816707,1,1,0
0.2560435,0.4777418,1,0.8855451,0.9478568,0.3668804,0.2781142,1,1,0
0.2597042,0.4784185,1,0.8738313,0.9335728,0.3641816,0.2746153,1,1,0
0.2632466,0.4790308,1,0.8622395,0.9195021,1,0.2711682,1,1,2
0.2703418,0.4961178,1,0.8543794,0.9122745,1,0.264162,0.3904067,1,0
0.2712467,0.4851146,1,0.8404737,0.8939158,1,0.2631436,0.3288196,1,0
0.2717303,0.4736329,1,0.8267188,0.8756944,1,0.262728,0.2741297,1,0
0.2720747,0.4628553,1,0.8133783,0.8580926,1,0.2626769,0.2263929,1,0
0.2722851,0.45269,1,0.8589814,0.8410779,1,0.2630137,0.1996679,1,0
0.272366,0.4430586,1,0.945021,0.8246202,0.8934448,0.2637648,0.1976007,1,0
0.2723247,0.4339003,0.9473885,1,0.8086947,0.8723448,0.2649554,0.1958018,1,0
0.2724467,0.4261955,0.8334463,1,0.7936518,0.8526934,0.2661463,0.1941345,1,0
0.2727842,0.4199857,0.7565121,1,0.7794663,0.8344746,0.2671688,0.1925366,1,0
0.273295,0.4149792,0.7017018,1,0.7659794,0.8174388,1,0.1909909,1,2
0.2773456,0.4231757,0.7423817,1,0.7571692,0.8089393,1,0.1875359,1,1
0.281235,0.4306728,0.7791213,1,0.7480594,0.7998718,1,0.1841787,0.1681946,0
0.2807401,0.4222312,0.7031259,1,0.7337749,0.7813309,1,0.1831443,0.1656288,0
0.2801459,0.4141114,0.6559377,1,0.7199137,0.7634272,1,0.1823987,0.1633396,0
0.2794563,0.4062811,0.6488682,1,0.706459,0.7461298,1,0.1819492,0.1613244,0
0.2786752,0.3987123,0.6419739,1,0.693392,0.7294062,1,0.1818038,0.159581,0
0.2778021,0.3913751,0.63525,1,0.7529219,0.7132266,1,0.1819756,0.1581112,0
0.2768431,0.384252,0.6286951,1,0.8453614,0.6975662,1,0.1824715,0.156911,0
0.2758738,0.3775793,0.622189,1,1,0.6825334,0.7721256,0.1832289,0.1559651,0
0.2747454,0.3708112,0.6159558,1,1,0.667825,0.7504557,0.6661947,0.155303,0
0.2754203,0.3706576,0.6063633,1,1,0.6566248,0.7368528,0.666862,0.1543296,0
0.2760546,0.3704585,0.5967432,1,1,0.6454626,0.7233368,0.6675888,0.1534007,0
0.2766503,0.3702218,0.5870941,1,1,0.634344,0.7099174,0.6683667,0.1525157,0
0.2772095,1,0.5774118,1,1,0.6232705,0.6965989,0.6691877,0.1516742,0
0.2759016,1,0.5712137,1,1,0.6095492,0.6768769,0.6782565,0.1515054,0
0.2745113,1,0.5651554,1,1,0.596226,0.6578907,0.6881695,0.1516174,0
0.2731323,1,0.5590014,1,1,0.5870151,0.6399111,1,0.8027724,2
0.2751992,1,0.5440339,1,1,0.5754594,0.634601,1,0.7990227,2
0.2774381,0.7133355,0.5297303,1,1,0.5674766,0.6289736,1,0.8095167,2
0.2804273,0.6841734,0.5149837,1,1,0.5602288,0.6249437,0.6676507,0.8482316,2
0.2830165,0.6607367,0.501841,1,1,0.5521041,0.6186298,0.6598725,0.8608955,2
0.2858008,0.6383048,0.4890026,1,1,0.543986,0.6122221,0.6523618,0.8742582,2
0.2887723,0.6168176,0.4915949,1,1,0.5358621,0.6057,0.6451097,0.8882298,2
0.2918994,0.5963101,0.5175626,1,0.7986339,0.5276808,0.5989621,0.6381815,0.9011924,2
0.2949499,0.577471,0.542334,1,0.7325144,0.5191607,0.5913876,0.6321591,0.8996941,2
0.2979065,0.5599794,0.5655862,1,0.6824037,0.5103123,0.5830324,0.6268891,0.8810614,2
0.3006505,0.5439149,0.5855097,1,0.6460897,0.5010324,0.573685,0.6225176,0.8369275,1
1,0.5294586,0.5994996,1,0.6233762,0.4911748,0.5630432,1,0.7712806,0
1,0.5222605,0.5780787,1,0.663251,0.4784884,0.5461515,1,0.7706414,0
1,0.5144265,0.5604137,1,0.7053629,0.4661576,0.5300317,1,0.5991939,0
1,0.5092492,0.5332407,1,1,0.4530954,0.5122293,1,0.5359415,0
1,0.5038416,0.5091805,1,1,0.4403491,0.4950789,1,0.5361153,0
1,0.4977658,0.4888886,1,1,0.4279982,0.478774,1,0.5365015,0
1,0.4909852,0.47164,1,1,0.4159864,0.4632075,1,0.5370553,0
1,0.4834836,0.4568796,1,1,0.4115507,0.448292,1,0.5377384,0
1,0.4752105,0.4442548,1,1,0.4307016,0.4339611,1,0.5385115,0
1,0.466065,0.4336577,1,1,0.4496633,0.4201914,1,0.5393111,0
1,0.4560798,0.4247217,1,1,0.4681948,0.4068934,1,0.540115,0
1,0.4453048,0.4171804,1,1,0.4860224,0.3939981,1,0.5408994,0
1,0.4337976,0.4108122,1,1,0.5029085,0.3814477,1,0.5416501,0
1,0.4216153,0.4054503,1,1,0.5186178,0.3691901,1,0.5423529,0
1,0.408814,0.4009474,1,1,0.5329748,0.3571776,0.5066818,0.5430025,0
1,0.4031078,0.3836215,1,1,0.599779,0.3428451,0.4792407,0.5461186,0
1,0.3962798,0.3689066,1,1,1,0.3292045,0.4542913,1,1
1,0.3784097,0.3709623,1,1,1,0.3188179,0.4410568,1,1
1,0.3608542,0.37288,1,1,1,0.3083583,0.4275597,1,1
1,0.3435857,0.3746464,1,1,1,0.2978289,0.4138113,1,1
1,0.3265764,0.3762433,1,1,1,0.2872333,0.3998247,1,1
1,0.3098001,0.377669,1,1,1,0.2765757,0.3856153,1,1
1,0.293231,0.3789102,1,1,1,0.2658607,0.3711994,1,1
1,0.2768394,0.3799698,1,1,1,0.2550898,0.3565899,1,1
1,0.2606071,0.3808391,1,1,1,0.2442715,0.3418096,1,1
1,0.2445117,0.381525,1,1,1,0.2387195,0.3268773,1,1
1,0.2285069,0.382103,1,1,1,0.2384173,0.3118451,1,1
0.5383023,0.2131708,0.3826524,1,1,1,0.2381287,0.2967562,1,2
0.4637651,0.2168679,0.3994167,1,1,1,0.228136,0.2879952,1,2
0.3988108,0.2210867,0.4185829,1,1,1,0.2184686,0.2790092,1,2
0.3422934,0.2257554,0.4400019,1,1,0.4379941,0.2093012,0.2695901,1,2
0.2974541,0.2295572,0.4570614,1,1,0.4108817,0.2027533,0.2576834,1,2
0.2569228,0.2334325,0.4744422,1,1,0.3877982,0.1966753,0.2450261,1,2
0.2199052,0.2373324,1,1,1,0.3680095,0.1910364,0.2315994,1,1
0.1893596,0.2393461,1,1,1,0.3605022,0.1882414,0.2151231,1,1
0.1808152,0.241445,1,1,1,0.3529017,0.1853807,0.1985442,1,1
0.1820083,0.2434009,1,1,1,0.3463482,0.1827444,0.1816164,1,1
0.1831435,0.2451158,1,1,1,0.341161,0.1804316,0.1643169,1,1
0.1842181,0.2466029,1,1,1,0.3371332,0.1784047,0.1467528,1,1
0.1852295,0.2478754,1,1,1,0.3341089,0.1766348,0.1290189,1,1
0.1861782,0.2489499,1,1,1,0.3319581,0.1750949,0.1111968,0.3831972,0
0.1855734,0.2448608,1,1,1,0.3559892,0.1800266,0.1085947,0.286465,0
0.1848365,0.2407526,1,1,1,1,0.1858682,0.1095887,0.2091664,0
0.1839733,0.2366271,1,1,1,1,0.1927284,0.1109268,0.1459468,0
0.1829825,0.2324781,1,1,1,1,0.200751,0.1126308,0.09324245,0
0.1818656,0.2283033,1,1,1,1,0.2101008,0.1147212,0.09057512,0
0.1806451,0.2241705,1,1,1,1,0.2207818,0.1171758,0.09140907,0
0.179419,0.2204367,1,1,1,1,0.2317506,0.1197561,0.09241362,0
0.1781777,0.2170269,1,1,1,1,0.2428994,0.1224301,0.09355953,0
0.1769118,0.213879,1,1,1,1,0.2541304,0.1251745,0.09482522,0
0.1756175,0.2109466,1,1,1,1,0.265343,0.1279661,0.09618994,0
0.1742921,0.2081923,1,1,1,1,1,0.130786,0.09763684,1
0.1733148,0.2071059,1,1,1,1,1,0.1320955,0.09866253,1
0.1723465,0.2060411,1,1,1,1,1,0.1333794,0.09967709,1
0.1713903,0.2050003,1,1,1,1,1,0.1346345,0.1006775,1
0.1704488,0.2039858,1,1,1,1,1,0.1358574,0.1016609,1
0.1695218,0.2029962,1,1,1,1,1,0.1370491,0.1026275,1
0.1686093,0.2020304,1,1,1,1,1,0.1382105,0.1035775,1
0.1677108,0.2010873,1,1,1,1,1,0.1393428,0.1045113,1
0.1668263,0.2001658,1,1,1,1,1,0.1404467,0.1054291,1
0.1659587,0.1992689,1,1,1,1,1,0.1415189,0.1063278,1
0.1651048,0.1983918,1,1,1,1,1,0.1425645,0.1072112,1
0.1642673,0.1975376,1,1,1,1,1,0.1435801,0.1080759,1
0.1634464,0.1967054,1,1,1,1,1,0.1445665,0.1089224,1
0.1626417,0.1958948,1,1,1,1,1,0.1455245,0.1097508,1
0.1618532,0.1951049,1,1,1,1,1,0.146455,0.1105614,1
0.1610807,0.1943352,1,1,1,1,1,1,0.1113544,2
0.1611293,0.1965721,1,1,1,1,1,1,0.1111806,2
0.161462,1,1,1,1,1,1,1,0.1108404,1
0.161004,1,1,1,1,1,1,1,0.1113046,1
0.1605362,1,1,1,1,1,1,1,0.1117801,1
0.1600586,1,1,1,1,1,1,1,0.1122666,1
0.1595712,1,1,1,1,1,1,1,0.1127644,1
0.159077,1,1,1,1,1,1,1,1,2
0.1596055,1,1,1,1,1,1,1,1,2
1,1,1,1,1,1,1,1,1,1
1,1,1,1,1,1,1,1,1,1
1,1,1,1,1,1,1,1,1,1
1,1,1,1,1,1,1,1,1,1
1,1,1,1,1,1,1,1,1,1
1,1,1,1,1,1,1,1,1,1
1,1,1,1,1,1,1,1,1,1
1,1,1,1,1,1,1,1,1,1
1,1,1,1,1,1,1,1,1,1
1,1,1,1,1,1,1,1,1,1
1,1,1,1,1,1,1,1,1,1
1,1,1,1,1,1,1,1,1,1
1,1,1,1,1,1,1,1,1,1
1,1,1,1,1,1,1,1,1,1
1,1,1,1,1,1,1,1,1,1
1,1,1,1,1,1,1,1,1,1
1,1,1,1,1,1,1,1,1,1
1,1,1,1,1,1,1,1,1,1
1,1,1,1,1,1,1,1,1,1
1,1,1,1,1,1,1,1,1,1
1,1,1,1,1,1,1,1,1,1
1,1,1,1,1,1,1,1,1,1
1,1,1,1,1,1,1,1,1,1
1,1,1,1,1,1,1,1,1,1
1,1,1,1,1,1,1,1,1,1
1,1,1,1,1,1,1,1,1,1
1,1,1,1,1,1,1,1,1,1
1,1,1,1,1,1,1,1,1,1
1,1,1,1,1,1,1,1,1,1
1,1,1,1,1,1,1,1,1,1
1,1,1,1,1,1,1,1,1,1
1,1,1,1,1,1,1,1,1,1
1,1,1,1,1,1,1,1,1,1
1,1,1,1,1,1,1,1,1,1
1,1,1,1,1,1,1,1,1,1
1,1,1,1,1,1,1,1,1,1
1,1,1,1,1,1,1,1,1,1
1,1,1,1,1,1,1,1,1,1
1,1,1,1,1,1,1,1,1,1
1,1,1,1,1,1,1,1,1,1
1,1,1,1,1,1,1,1,1,1
1,1,1,1,1,1,1,1,1,1
1,1,1,1,1,1,1,1,1,1
1,1,1,1,1,1,1,1,1,1
1,1,1,1,1,1,1,1,1,1
1,1,1,1,1,1,1,1,1,1
1,1,1,1,1,1,1,1,1,1
1,1,1,1,1,1,1,1,1,1
1,1,1,1,1,1,1,1,1,1
1,1,1,1,1,1,1,1,1,1
1,1,1,1,1,1,1,1,1,1
1,1,1,1,1,1,1,1,1,1
1,1,1,1,1,1,1,1,1,1
1,1,1,1,1,1,1,1,1,1
1,1,1,1,1,1,1,1,1,1
1,1,1,1,1,1,1,1,1,1
1,1,1,1,1,1,1,1,1,1
1,1,1,1,1,1,1,1,1,1
1,1,1,1,1,1,1,1,1,1
1,1,1,1,1,1,1,1,1,1
1,1,1,1,1,1,1,1,1,1
1,1,1,1,1,1,1,1,1,1
1,1,1,1,1,1,1,1,1,1
1,1,1,1,1,1,1,1,1,1
1,1,1,1,1,1,1,1,1,1
1,1,1,1,1,1,1,1,1,1
1,1,1,1,1,1,1,1,1,1
1,1,1,1,1,1,1,1,1,1
1,1,1,1,1,1,1,1,1,1
1,1,1,1,1,1,1,1,1,1
1,1,1,1,1,1,1,1,1,1
1,1,1,1,1,1,1,1,1,1
1,1,1,1,1,1,1,1,1,1
1,1,1,1,1,1,1,1,1,1
1,1,1,1,1,1,1,1,1,1
1,1,1,1,1,1,1,1,1,1
1,1,1,1,1,1,1,1,1,1
1,1,1,1,1,1,1,1,1,1
1,1,1,1,1,1,1,1,1,1
1,1,1,1,1,1,1,1,1,1
1,1,1,1,1,1,1,1,1,1
1,1,1,1,1,1,1,1,0.9750394,1
1,1,1,1,1,1,1,1,0.9328848,1
1,1,1,1,1,1,1,1,0.8854591,0
1,1,1,1,0.9928895,1,1,1,0.8331735,0
1,1,1,1,0.9829692,1,1,1,0.8157953,0
1,1,1,1,0.973106,1,1,1,0.817775,0
1,1,1,1,0.9632929,1,1,1,0.8198575,0
1,1,1,1,0.9535227,1,1,1,0.8220361,0
1,1,1,1,0.9437941,1,1,1,0.824307,0
1,1,1,1,0.9341029,1,1,1,0.8266659,0
1,1,1,1,0.9244478,1,1,1,0.8291055,0
1,1,1,1,0.9148215,1,1,1,0.8316215,0
1,1,1,1,0.9052197,1,1,1,0.8342067,0
1,1,1,1,0.8956412,1,1,1,0.836853,0
1,1,1,1,0.8860821,1,1,1,0.8395564,0
1,1,1,1,1,1,1,1,0.8423125,0
1,1,1,1,1,1,1,1,0.8452619,0
1,1,1,1,1,1,1,1,0.8482808,0
1,1,1,1,1,1,1,1,0.8513638,0
1,1,1,1,1,1,1,1,0.8545084,0
1,1,1,1,1,1,1,1,0.8577089,0
1,1,1,1,1,0.8144468,1,1,0.8609627,0
1,1,1,1,1,0.8042989,1,1,0.8644103,0
1,1,1,1,1,0.7941944,1,1,0.8679002,0
1,1,1,1,1,0.7841331,0.9906521,1,0.871428,0
1,1,1,1,1,0.7741062,0.9787272,1,1,1
1,1,1,1,1,0.7642006,0.9682562,1,1,1
1,1,1,1,1,0.7542928,0.9577514,1,1,1
1,1,1,1,1,0.7443831,0.9472148,1,1,1
1,1,1,1,1,0.734475,0.9366518,1,1,1
1,1,1,1,1,0.7245658,0.9260615,1,1,1
1,1,1,1,1,0.7146589,0.9154493,1,1,1
1,1,1,1,1,0.7047517,0.9048144,1,1,1
1,1,1,1,1,0.6948476,0.8941625,1,1,1
1,1,1,1,1,0.684947,0.8834958,1,1,1
1,1,1,1,1,0.6750503,0.8728169,1,1,1
1,1,1,1,1,0.6651579,0.8621284,1,1,1
1,1,1,1,1,0.6552671,0.8514292,1,1,1
1,1,1,1,1,0.6453811,0.8407251,1,1,1
1,1,1,1,1,0.6355035,0.8300214,1,1,1
1,1,1,1,1,0.6256315,0.8193173,1,1,1
1,1,1,1,1,0.6157652,0.808615,1,1,1
1,1,1,1,1,0.6059048,0.7979165,1,1,1
1,1,1,1,1,0.5960505,0.7872239,1,1,1
1,1,1,1,1,0.5862056,0.7765422,1,1,1
1,1,1,0.9967944,1,0.5763669,0.76587,1,1,1
1,1,1,0.9871834,1,0.5665344,0.7552181,1,1,1
1,1,1,0.9775327,1,0.5567106,0.7446086,1,1,1
1,1,1,0.9678378,1,0.5468918,0.7365844,1,1,1
1,1,1,0.9580879,1,0.5370774,0.7501108,1,1,1
1,0.9977759,1,0.9482027,1,0.5272652,0.7628687,0.8918851,1,1
1,0.9849938,1,0.9391966,1,0.5174849,0.7835969,0.8762592,1,1
1,0.9710641,1,0.9299833,1,0.5077118,0.8033713,0.8611444,1,1
1,0.9559386,1,0.9205495,1,0.4979425,0.8218643,0.8465335,1,1
1,0.9395865,1,0.9108843,1,0.488174,0.8387369,0.8324181,1,1
1,0.9219902,1,0.9009768,1,1,0.8536933,0.8187842,1,1
1,0.9043218,1,0.8910499,1,1,0.8688166,0.8052155,1,1
1,0.9014705,1,0.8808928,1,1,0.8818401,0.792081,1,1
1,0.8986455,1,0.8707078,1,1,0.4608479,0.7790148,1,0
1,0.8938446,1,0.861941,1,1,0.4502855,0.763564,1,0
1,0.8890365,1,0.8531713,1,1,0.4397721,0.7482727,1,0
1,0.8842326,1,0.8443881,1,1,0.4293052,0.733144,1,0
1,0.87944,1,0.8355874,1,1,0.4188883,0.7181874,1,0
1,0.8746682,1,0.8267592,1,1,0.4085181,0.703403,1,0
1,0.8699188,1,0.8179002,1,1,0.3981975,0.6887969,1,0
1,0.8651997,1,0.8090044,1,1,0.3879258,0.6743704,1,0
1,0.8605143,1,0.8000661,1,1,0.377702,0.6601232,1,0
1,0.8558648,1,0.7910765,1,1,0.3675219,0.6460508,1,0
1,0.851257,1,0.7820345,1,1,0.3573875,0.6321546,1,0
1,0.8466949,1,0.7729357,0.9952018,1,0.3472972,0.6184317,1,1
1,0.8421996,1,0.7637547,0.9701096,1,0.3372495,0.6048965,1,1
1,0.8378582,1,0.7544094,0.947106,1,0.3272547,0.5916332,1,1
1,0.833661,1,0.7449092,0.9259403,1,0.3173071,0.5786149,1,1
1,0.8295957,1,0.7352641,0.906387,1,0.3074021,0.5658176,1,1
1,0.8256519,1,0.725481,0.8882523,1,0.297532,0.5532151,1,1
1,0.8218194,1,0.7155703,0.8713678,1,0.2876931,0.540787,1,1
1,0.8180893,1,0.7055429,0.8555878,1,0.2778822,0.5285149,1,1
1,0.8144506,1,0.6954054,0.8407742,1,0.2681055,0.5163779,1,1
1,0.8108993,1,0.6851682,0.826827,1,0.2889443,0.5043608,1,1
1,0.807498,1,0.6747764,0.8141894,1,0.3093334,0.4925132,1,1
1,0.8042342,1,0.6642505,0.8026875,1,0.329148,0.283664,1,0
1,0.7994512,1,0.6551126,0.7798557,1,1,0.2712942,0.7450525,0
1,0.7931653,1,0.6473917,0.7469122,1,1,0.2583206,0.7163175,0
1,0.7868974,1,0.6396858,0.71561,1,1,0.2455504,0.6885003,0
1,0.7806669,1,0.63197,0.6940657,1,1,0.232987,0.6616256,0
1,0.7744572,1,0.6242574,0.6861501,1,1,0.2206163,0.6355979,0
1,0.7682345,1,0.6165866,0.6782964,1,1,0.2084216,0.6102831,0
1,0.7620153,1,0.6089339,0.6704884,1,1,0.1964076,0.5857155,0
1,0.7558194,1,0.6012754,0.6616146,1,1,0.1845757,0.5619134,0
1,0.7496668,1,0.5935827,0.635931,1,1,0.1729265,0.5388938,0
1,0.7436327,1,0.5857449,0.6119117,1,1,0.1704871,0.2393751,0
1,0.7354226,1,0.5811158,0.5759181,1,1,0.1842121,0.2185978,0
1,0.7278185,1,0.5758747,0.5452145,0.8176423,1,0.1984491,0.1994183,0
1,0.7210892,1,0.5693394,0.520703,0.7617023,1,0.2123049,0.1819012,0
1,0.7148499,1,0.5619876,0.5092832,0.7166628,1,0.2260331,0.1654122,0
1,0.7089687,1,0.553959,0.5011008,0.6790742,1,0.6571217,0.1496751,1
1,0.7048523,1,0.5424689,0.4908376,0.6655711,1,0.6474327,0.1381175,1
1,0.70077,1,0.5309461,0.4805526,0.6522985,1,0.6377636,0.1433917,1
1,0.696829,1,0.5192024,0.4701316,0.6405589,1,0.6282665,0.1485522,1
1,0.6930182,1,0.507283,0.4596019,0.6301211,1,0.6189122,0.1535977,1
1,0.6893309,1,0.4952256,0.4489853,0.6208031,1,0.6096713,0.1585241,1
1,1,1,0.483067,0.4383041,0.6124387,1,0.6005205,0.1633321,0
1,1,1,0.474965,0.4300696,0.5748881,1,0.5878835,0.1699165,0
1,1,1,0.4663356,0.4215332,0.5427129,1,0.5758454,0.1764715,0
1,1,1,0.4572174,0.4127139,0.514713,1,0.5665785,0.1829677,0
1,1,1,0.4476396,0.4036256,0.4900596,1,0.5828149,0.4651062,2
1,1,1,0.4347371,0.3925236,0.4841634,1,0.58573,0.4684255,2
1,1,1,0.4218641,0.3814318,0.4786046,1,0.5882097,0.4715769,2
1,1,0.5193304,0.4090394,0.3703617,0.473308,1,0.5903285,0.474582,2
1,1,0.4931665,0.3923184,0.3617655,0.4977795,1,0.574393,0.4716667,2
0.626952,1,0.4687881,0.3763561,0.369391,0.5257479,1,0.560606,0.4691625,2
0.6218247,1,0.4450696,0.3606415,0.3794463,0.5634207,1,0.5466878,0.4663498,2
0.6171882,1,0.4224467,0.3453897,0.3914135,0.6115991,1,0.5336266,0.4635851,2
0.6130372,1,0.4008353,0.3305729,0.4056614,1,1,0.5213185,0.4608619,2
0.6093642,1,0.3801511,0.3161588,0.4014072,1,1,0.5096804,0.4581781,2
0.6061664,1,0.3603304,0.3021271,0.3888754,1,1,0.4986354,0.4555275,2
0.6034386,1,0.3413034,0.2884492,0.3766049,1,1,0.4894937,0.4529082,2
0.601177,1,0.3230148,0.2940395,0.3782005,1,1,0.4848533,0.4503179,2
1,1,0.3057007,0.3021604,0.4012617,1,1,0.4797813,0.4480504,1
1,1,0.2931725,0.2971135,0.3928365,1,1,0.4723078,0.4503135,1
1,1,0.2805967,0.292276,0.3848884,1,1,0.4751695,0.4524943,1
1,1,0.2679362,0.2878022,0.3777875,1,1,0.477684,0.4545364,1
1,1,0.2552184,0.2836413,0.3713976,1,1,0.4798897,0.456452,1
1,1,0.2424693,0.279746,0.3655984,1,1,0.4818253,0.4582544,1
1,0.3912116,0.2297104,0.2760785,0.3602946,1,1,0.4835248,0.4599552,2
1,0.3562656,0.2140661,0.2859041,0.3895596,1,1,0.4739603,0.4572783,2
1,0.3239285,0.1989364,0.282456,0.4274113,1,1,0.4647625,0.4546287,2
1,0.2938989,0.1842845,0.2699926,1,1,1,0.4558936,0.452001,2
1,0.2673416,0.1814205,0.2580675,1,1,1,0.4490232,0.4500562,2
1,0.242563,0.1841705,0.246393,1,1,1,0.4427087,0.448252,2
1,0.2193603,0.1871182,0.2485567,1,1,1,0.4369546,0.4465958,2
1,0.1975437,0.1901941,0.2590171,1,1,1,0.4317637,0.4450928,2
1,0.176908,0.1933488,0.2700695,1,1,1,0.4270966,0.4437323,2
1,0.1572653,0.1965653,0.2816933,1,1,1,0.4228795,0.4424902,2
1,0.1384538,0.1998404,0.2938921,1,1,1,0.4190424,0.4413408,2
0.3298914,0.1203408,0.1980264,0.3066404,1,1,1,0.4155347,0.4402689,2
0.2616141,0.1189049,0.1848681,0.3393771,1,1,1,0.4081135,0.4377071,2
0.2038928,0.1210799,0.1720509,1,1,1,1,0.4008625,0.435152,2
0.1544398,0.1236694,0.161225,1,1,1,1,0.3937629,0.432598,2
0.1115853,0.1266949,0.1707253,1,1,1,1,0.3868048,0.4300459,2
0.09907912,0.1301892,0.1819177,1,1,1,1,0.3799713,0.4274902,2
0.1007787,0.1341802,0.1950961,1,1,1,1,0.3732543,0.4249315,2
0.1027752,0.1387084,0.2106499,1,1,1,1,0.3666388,0.4223641,2
0.105075,0.1309111,0.229056,1,1,1,1,0.3601179,0.4197883,2
0.1076884,0.1153405,0.2509437,1,1,1,1,0.3536816,0.4172015,2
0.1105641,0.1115961,0.2761084,1,1,1,1,0.3475277,0.4146484,2
0.1135985,0.1169999,1,1,1,1,1,0.3419096,0.4121649,2
0.1162529,0.1213401,1,1,1,1,1,0.3381461,0.4099631,2
0.1053426,0.1257418,1,1,1,1,1,0.334524,0.4077409,2
0.08979869,0.1302744,1,1,1,1,1,0.3309371,0.4054843,2
0.09255676,0.1349678,1,1,1,1,1,0.3273478,0.4031866,2
0.09536058,0.1396876,1,1,1,1,1,0.3238732,0.400862,2
0.0981981,0.1444119,1,1,1,1,1,0.3205038,0.3985129,2
0.1010574,0.1491192,1,1,1,1,1,0.3172332,0.3961427,1
0.1039302,0.1537936,1,1,1,1,1,0.314053,0.393753,1
0.1068084,0.15842,1,1,1,1,1,0.3109568,0.3913465,1
0.109684,0.1629841,1,1,1,1,1,0.3079397,0.3611553,1
0.1124664,0.1671893,1,1,1,1,1,0.3051816,0.274187,1
0.1149597,0.1704119,1,1,1,1,1,0.3030543,0.2718315,1
0.1173939,0.1735109,1,1,1,1,1,0.3009858,0.2695165,1
0.1197739,0.1764958,1,1,1,1,1,0.2989704,0.2672393,1
0.1220938,1,1,1,1,1,1,0.2970128,0.2650059,0
0.1230799,1,1,1,1,1,1,0.2979346,0.263186,0
0.1238718,1,1,1,1,1,1,0.2992439,0.2616827,0
0.1244737,1,1,1,1,1,1,0.300958,0.260498,0
0.1248957,1,1,1,1,1,1,0.303089,0.259629,0
0.1251405,1,1,1,1,1,1,0.3056577,0.2590794,0
0.1252102,1,1,1,1,1,1,0.3086874,0.2588539,0
0.1251439,1,1,1,1,1,1,1,0.2589197,1
0.1262412,1,1,1,1,1,1,1,0.2578593,1
0.1273753,1,1,1,1,1,1,1,0.2567742,1
0.7863179,1,1,1,1,1,1,1,0.2556639,0
0.7811908,1,1,1,1,1,1,1,0.2558889,0
0.7762566,1,1,1,1,1,1,0.9838322,0.2564437,0
0.7715105,1,1,1,1,1,1,0.9413023,0.2573297,0
0.7669418,1,1,1,1,1,1,0.9410669,0.2585553,0
0.7625433,1,1,1,1,1,1,0.9579113,0.2601269,0
0.7583114,1,1,1,1,1,1,0.9760785,0.2620486,0
0.7543175,1,1,1,1,1,1,0.9952227,1,2
0.7555144,1,1,1,1,1,1,0.986725,1,2
0.7568324,1,1,1,1,1,1,0.9786385,1,2
0.7582589,1,1,1,1,1,1,0.9709402,1,2
0.7597857,1,1,1,1,1,1,0.9636046,1,2
0.7614037,1,1,1,1,1,1,0.9566076,1,2
0.7631051,1,1,1,1,1,1,0.9499283,1,2
0.7648851,1,1,1,1,1,1,0.9435426,1,2
0.7667326,1,1,1,1,1,1,0.9374365,1,2
0.7686404,1,1,1,1,1,1,0.9315932,1,2
0.7706015,1,1,1,1,1,1,0.9259971,1,2
0.7726089,1,1,1,1,1,1,0.9206339,1,2
0.7746561,1,1,1,1,1,1,0.9154904,1,2
0.7767366,1,1,1,1,1,1,0.9105548,1,2
0.7788478,1,1,1,1,1,1,0.9058118,1,2
1,1,1,1,1,1,1,0.9012552,1,1
1,1,1,1,1,1,1,0.9027318,1,1
1,1,1,1,1,1,0.9878987,0.9042248,1,1
1,1,1,1,1,1,0.9747607,0.9059043,1,1
1,1,1,1,1,1,0.9615811,0.9077822,1,1
1,1,1,1,1,1,0.9483741,0.9098557,1,1
1,1,1,1,1,1,0.9351465,0.9121264,1,1
1,1,1,1,1,1,0.9219117,0.9145956,1,0
1,1,1,1,1,1,0.9086758,1,1,1
1,1,1,1,1,1,0.8966821,1,1,1
1,1,1,1,1,1,0.8846137,1,1,1
1,1,1,1,1,1,0.8724731,1,1,1
1,1,1,1,1,1,0.8602697,1,1,1
1,1,1,1,1,1,0.8480097,1,1,1
1,1,1,1,1,1,0.8356993,1,1,1
1,1,1,1,1,1,0.823345,1,1,1
1,1,1,1,1,1,0.8109498,1,0.9459066,0
1,1,1,1,1,1,0.7976878,1,0.8855831,0
1,1,1,1,1,1,0.7835547,1,0.819708,0
1,1,1,1,1,1,0.768592,1,0.75015,0
1,1,1,1,1,1,0.7529058,1,0.7511722,0
1,1,1,1,1,1,0.7375482,1,0.7548183,0
1,1,1,1,1,1,0.7225456,1,0.758777,0
1,1,1,1,1,1,0.7078933,1,0.7630392,0
1,1,1,1,1,1,0.7015594,1,0.7675978,0
1,1,1,1,1,1,0.7310348,1,0.7724112,0
1,1,1,1,1,1,0.7615642,0.8738359,0.7773061,0
1,1,1,1,1,1,0.8021557,0.8475176,0.7834532,0
1,1,1,1,1,1,0.8468181,0.8223842,0.7899411,0
1,1,1,1,1,1,0.8958701,0.798391,0.796744,0
1,1,1,1,1,1,0.9496257,0.7754896,0.8038274,0
1,1,1,1,1,1,1,0.7536223,1,0
1,1,1,1,1,1,1,0.7369048,1,0
1,1,1,1,1,1,1,0.720187,1,0
1,1,1,1,1,1,1,0.7034982,1,0
1,1,1,1,1,1,1,0.6868632,1,0
1,1,1,1,1,1,1,0.6703089,1,0
1,1,1,1,1,1,1,0.6538576,1,0
1,1,1,1,1,1,1,0.6375297,1,0
1,1,1,1,1,1,1,0.6213477,1,0
1,1,1,1,1,1,1,0.6053327,1,0
1,1,1,1,1,1,1,0.5894998,1,0
1,1,1,1,1,1,1,0.5738626,1,0
1,1,1,1,1,1,1,0.558436,1,0
1,1,1,1,1,1,1,0.5432332,1,0
1,1,1,1,1,1,1,0.5334681,1,0
1,1,1,1,1,1,1,0.5482956,1,0
1,1,1,1,1,1,1,0.5634104,0.7697021,0
1,1,1,1,1,1,1,0.5868524,0.7334669,0
1,1,1,1,1,1,1,0.6126941,0.6989798,0
1,1,1,1,1,1,1,0.6411055,0.6662744,0
1,1,1,0.9950811,1,1,1,0.6722808,0.6353365,0
1,1,1,0.9605449,1,1,1,0.7062533,0.6062177,0
1,1,1,0.9290522,1,1,1,0.7420672,0.5793105,0
1,1,1,0.9276389,1,1,1,0.7796146,0.5543738,0
1,1,1,0.9275411,1,1,1,1,0.530794,0
1,1,1,0.9254165,1,1,1,1,0.5101084,0
1,1,1,0.9237614,1,1,1,1,0.4899688,0
1,1,1,0.9225863,1,1,1,1,0.4707385,0
1,1,1,0.9218863,1,1,1,1,0.4841753,0
1,1,1,0.9209121,0.9795545,1,1,1,0.497905,0
1,1,1,0.9192737,0.949828,1,1,1,0.511661,0
1,1,1,0.9167366,0.9231764,1,1,1,0.5252494,0
1,1,1,0.913276,0.8991774,1,1,1,0.5385984,0
1,1,1,0.9088839,0.877474,1,1,1,0.5516518,0
1,1,1,0.903556,0.8577916,1,1,1,0.5643421,0
1,1,1,0.8972974,0.8398897,1,1,1,0.5766195,0
1,1,1,0.8901212,0.8235747,1,1,1,0.5884338,1
1,1,1,0.8820523,0.8086852,1,1,1,0.5997393,1
1,1,1,0.8731152,0.7950869,1,1,1,0.6104969,1
1,1,1,0.8633484,0.782662,1,1,1,0.6206779,1
1,1,1,0.8527935,0.7713158,1,1,1,0.6302558,1
1,1,1,0.8415008,0.7609628,1,1,1,0.6392153,1
1,1,1,0.8295212,0.7515351,1,1,1,0.6475433,1
1,1,1,0.8169129,0.7429646,1,1,1,0.6552429,1
1,1,1,0.8037327,0.7352024,1,1,1,0.6623145,1
1,1,1,0.7900426,0.7281958,1,1,1,0.6687731,1
1,1,1,0.7759009,0.7219099,1,1,1,0.6746298,1
1,1,1,0.7613738,0.7163033,1,1,1,0.6799105,2
1,1,1,0.7465219,0.7113392,1,1,1,0.6846436,2
1,1,1,0.7313989,0.706996,1,1,1,1,2
1,1,1,0.7103061,0.7130188,1,1,1,1,2
1,1,0.9687012,0.6896816,0.7199391,1,1,1,1,2
1,1,0.9309861,0.6689155,0.7291362,1,1,1,1,2
1,1,0.8933526,0.648032,0.7410829,1,1,1,0.6743743,2
1,1,0.8677188,0.6321832,0.742613,1,1,1,1,2
1,1,0.8305196,0.6112651,0.7596565,1,1,1,0.6694967,2
1,1,0.8048435,0.5952538,0.7646936,1,1,1,1,2
1,1,0.769399,0.5882944,0.9154364,1,1,1,0.662856,2
1,1,0.7181995,0.587918,1,1,1,1,1,2
1,1,0.6878386,0.5968481,1,1,1,1,0.6583648,2
1,1,0.6671093,0.5970497,1,1,1,1,1,2
1,1,0.6384302,0.6081812,1,1,1,1,0.6535774,2
1,1,0.6186631,0.6093907,1,1,1,1,1,2
1,1,0.5917594,0.6228849,1,1,1,1,0.6484917,2
1,1,0.5730445,0.6250136,1,1,1,1,1,2
1,1,0.5479133,0.6410481,1,1,1,1,0.6433807,2
1,1,0.5302656,0.6439942,1,1,1,1,1,2
1,1,0.5068383,0.6627544,1,1,1,1,0.6384388,2
1,1,0.4902045,0.7892607,1,1,1,1,1,2
1,1,0.4693485,1,1,1,1,1,1,2
1,0.8714789,0.4640449,1,1,1,1,1,1,2
1,0.8133744,0.4710319,1,1,1,1,1,1,2
1,0.757817,0.4797522,1,1,1,1,1,0.6234609,2
1,0.7237853,0.4814941,1,1,1,1,1,1,2
1,0.6751101,0.491641,1,1,1,1,1,0.6186746,2
1,0.6422862,0.4953991,1,1,1,1,1,1,2
1,0.5632909,0.5072838,1,1,1,1,1,0.6134029,2
1,0.5320143,0.5141084,1,1,1,1,1,0.6115546,2
1,0.5017142,0.5218962,1,1,1,1,1,1,2
1,0.4671567,0.5369324,0.9970188,1,1,1,1,0.6055838,2
1,0.4396116,0.5469383,0.982577,1,1,1,1,0.603459,2
1,0.4130226,0.6698878,0.9683264,1,1,1,1,1,2
1,0.3838494,1,0.9526755,1,1,1,1,0.5974995,2
1,0.3639925,1,0.941079,1,1,1,1,1,2
1,0.3530001,1,0.959722,1,1,1,1,1,2
1,0.3584535,1,1,1,1,1,1,0.589918,2
1,0.3594788,1,1,1,1,1,1,1,2
0.747467,0.3656814,1,1,1,1,1,1,1,2
0.6571907,0.3725524,1,1,1,1,1,1,0.5825566,2
0.5253838,0.3785794,1,1,1,1,1,1,0.5798838,2
0.4601429,0.3867512,0.9078839,1,1,1,1,1,0.5766518,2
0.4029083,0.3957158,0.8899239,1,1,1,1,1,0.5734885,2
0.3522916,0.4055312,0.87265,1,1,1,1,1,0.5703902,2
0.3072083,0.4162669,0.8560338,1,1,1,1,1,0.5673497,2
0.3108079,0.4279913,0.8400455,1,1,1,1,1,0.5643665,2
0.3154473,0.5276089,0.8246574,1,1,1,1,1,0.5614369,2
0.3205415,0.5437471,0.8773635,1,1,1,1,1,0.5585602,2
0.3260705,0.561133,1,1,1,1,1,1,0.5557405,2
0.3315929,1,1,1,1,1,1,1,0.5530455,2
0.3352202,1,1,1,1,1,1,1,0.5506612,2
0.3388878,1,1,1,1,1,1,1,0.5482482,2
0.3425932,1,1,1,1,1,1,1,1,2
0.3496065,1,1,1,1,1,1,1,0.5430927,2
0.3535338,1,1,1,1,1,1,1,1,2
0.3612617,1,1,1,1,1,1,1,0.724564,2
0.3672399,1,1,1,1,1,1,1,0.7638232,2
0.373798,1,1,1,1,1,1,1,0.7620412,2
0.4483939,1,1,1,1,1,1,1,0.7666033,2
0.4551691,1,1,1,1,1,1,1,0.7980083,2
0.4624977,0.7642154,1,1,1,1,1,1,0.8115575,2
0.4718944,0.7465634,1,1,1,1,1,1,0.7768172,2
0.4811715,0.7301511,1,1,1,1,1,1,0.7634506,2
0.4905782,0.7145014,1,1,1,1,1,1,0.7579542,2
1,0.6994327,1,1,1,1,1,1,0.7561643,0
1,0.6905925,1,1,1,1,1,1,0.8521906,1
1,0.6802262,1,1,1,1,1,1,1,2
1,0.6676919,1,1,1,1,1,1,1,2
1,0.6552349,1,1,1,1,1,1,1,2
1,0.6491927,1,1,1,1,1,1,1,2
1,0.6671019,1,1,1,1,1,1,1,2
1,0.6850601,1,1,1,1,1,1,1,2
1,0.7030305,1,1,1,1,1,1,1,2
1,0.7209755,1,1,1,1,1,1,1,2
1,1,1,1,1,1,0.9996701,1,1,1
1,1,1,1,1,1,0.9941344,1,1,1
1,1,1,1,1,1,0.9887492,1,1,1
1,1,1,1,1,1,0.9835085,1,1,1
1,1,1,1,1,1,0.9784104,1,1,1
1,1,1,1,1,1,0.9734489,1,1,1
1,1,1,1,1,1,0.9686193,1,1,1
1,1,1,1,1,1,0.9639202,1,1,1
1,0.9966586,1,1,1,1,0.9593512,1,1,1
1,0.9872173,1,1,1,1,0.9548557,1,1,1
1,0.9777481,1,1,1,1,0.9503477,1,1,1
1,0.9682539,1,1,1,1,0.9458265,1,1,1
1,0.9587308,1,1,1,1,0.941287,1,1,1
0.6469672,0.9491787,1,1,1,1,0.9367288,1,1,2
0.6250252,0.934642,1,1,1,1,0.9231036,1,1,2
0.6034778,0.9202325,1,1,1,1,0.9093957,1,1,2
0.5823819,0.9059884,1,1,1,1,0.8956674,1,1,2
0.5617791,0.9299105,1,1,1,1,0.8819712,1,1,2
0.5420696,0.9667379,1,1,1,1,0.8687698,1,1,2
0.5379926,1,1,1,1,1,0.8561695,1,1,2
0.549426,1,1,1,1,1,0.8443621,1,1,2
0.5607204,1,1,1,1,1,0.8332345,1,1,2
0.5718435,1,1,1,1,1,0.8227186,1,1,2
0.5827688,1,1,1,1,1,0.8127521,1,1,2
0.5934719,1,1,1,1,1,0.8032817,1,1,2
0.6039311,1,1,1,1,1,0.794261,1,1,2
1,1,1,1,1,1,0.7856537,1,1,0
1,1,1,1,1,1,0.7834765,1,1,0
1,1,1,1,1,1,0.7814192,1,1,0
1,1,1,1,1,1,0.7794806,1,1,0
1,1,1,1,1,1,0.7776631,1,1,0
1,1,1,1,1,1,0.7759619,1,1,0
1,1,1,1,1,1,1,1,1,1
1,1,1,0.9984134,1,1,1,1,1,1
1,1,1,0.9891372,1,1,1,1,1,1
1,1,1,0.9798177,1,1,1,1,1,1
1,1,1,0.9704596,1,1,1,0.8476976,1,0
1,1,1,0.9590615,1,1,1,0.7787309,1,0
1,1,1,0.9468216,1,1,1,0.7042775,1,0
1,1,1,0.9337887,1,1,1,0.6272603,1,0
1,1,1,0.9200858,1,1,1,0.6029729,1,0
1,1,1,0.9064148,1,1,1,0.6013197,1,0
1,1,1,0.893037,1,1,1,0.6000035,1,0
1,1,1,0.8799545,1,1,1,0.5990254,1,0
1,1,1,0.8671631,1,1,1,0.598382,1,0
1,1,1,0.8546622,1,1,1,0.5980693,1,0
1,1,1,0.8424427,1,1,1,0.5980855,1,0
1,1,1,0.8304993,1,1,1,0.5984217,1,0
1,1,1,0.8478584,1,1,1,0.5990711,1,0
1,1,1,0.9367604,0.8381252,1,1,0.5999837,1,0
1,1,1,1,0.8237236,1,1,0.6015996,1,0
1,1,1,1,0.809774,1,1,0.6034895,1,0
1,1,1,1,0.7961827,1,1,0.6057275,1,0
1,1,1,1,0.7829357,1,1,1,0.5427207,0
1,1,1,1,0.7693114,1,1,1,0.5411569,0
1,1,1,1,0.7561024,1,1,1,0.5400324,0
1,1,1,1,0.7432908,1,1,1,0.5393502,0
1,1,1,1,0.7308595,0.7616941,1,1,0.5391112,0
1,1,1,1,0.7829798,0.7462413,1,1,0.5393177,0
1,1,1,1,1,0.7312862,1,1,0.5399728,0
1,0.739314,1,1,1,0.7168083,1,1,0.541081,0
1,0.730113,1,1,1,0.7039541,1,1,0.5418457,0
1,0.7214579,1,1,1,0.6914011,1,1,0.5428032,0
1,0.7133065,1,1,1,0.6791252,1,1,0.5439402,0
1,0.7056195,1,1,1,0.6671039,1,1,0.5452434,0
1,0.6983683,1,1,1,0.6553129,1,1,0.5466939,0
1,0.6915183,1,1,1,0.6437297,1,1,1,2
1,0.6959336,1,1,1,0.6344101,1,1,1,2
1,1,1,1,1,0.625055,1,1,1,1
1,1,1,1,1,0.6145092,1,1,1,1
1,1,1,1,1,0.6039737,1,1,1,1
1,1,1,1,1,0.5934524,1,1,1,1
1,1,1,1,1,0.5829455,1,1,1,1
1,1,1,1,1,0.5724534,1,1,1,1
1,1,1,1,1,0.5619766,1,1,1,1
1,1,1,1,1,0.551515,1,1,1,1
1,1,1,1,1,0.5497195,1,1,1,1
1,1,1,1,1,0.5607145,1,1,1,1
1,1,1,1,1,0.5718591,0.5632492,1,1,0
1,1,1,1,1,0.6123691,0.5497301,1,1,0
1,1,1,1,1,1,0.5364851,1,1,0
1,1,1,1,1,1,0.5239343,1,1,0
1,1,1,1,1,1,0.511483,1,1,0
1,1,1,1,1,1,0.4991319,1,1,0
1,1,1,1,1,1,0.4868848,1,1,0
1,1,1,1,1,1,0.4747416,1,1,0
1,1,1,1,1,1,0.4627019,1,1,0
1,1,1,1,1,1,0.450765,1,1,0
1,1,1,1,1,1,0.4389296,1,1,0
1,1,1,1,1,1,0.4271975,1,1,0
1,1,1,1,1,1,0.4155638,1,1,0
1,1,1,1,1,1,0.4040296,1,1,0
1,1,1,1,1,1,0.3925928,1,1,0
1,1,1,1,1,1,0.3812541,1,1,0
1,1,1,1,1,1,0.3700077,1,1,0
1,1,1,1,1,1,0.3784975,1,1,0
1,1,1,1,1,1,0.3938819,1,1,0
0.6079495,1,1,1,1,1,0.4098174,1,1,2
0.5115895,1,1,1,1,1,0.4016075,1,1,2
0.5109565,1,1,1,1,1,0.388759,1,1,2
0.5105091,1,1,1,1,1,0.3772076,1,1,2
0.5102357,1,1,1,1,1,0.3667445,1,1,2
0.5101191,1,1,1,1,1,0.3572204,1,1,2
0.5101521,1,1,1,1,1,0.3484877,1,1,2
1,1,1,1,1,1,0.3404427,0.3627537,1,0
0.5074577,1,1,1,1,1,0.3640175,0.341438,1,0
1,1,1,1,1,1,0.3755685,0.3252051,1,0
1,1,1,1,1,1,1,0.3054413,1,0
1,1,1,1,1,1,1,0.2869148,1,0
1,1,1,1,1,1,1,0.269152,1,0
1,1,1,1,1,1,1,0.2521129,1,0
1,1,1,1,1,1,1,0.2357637,1,0
1,1,1,1,1,1,1,0.220066,1,0
1,1,1,1,1,1,1,0.2288755,1,0
1,1,1,1,1,1,1,0.2397342,0.3102406,0
1,1,1,1,1,1,1,0.2524461,0.2812697,0
0.5484948,1,1,1,1,1,1,0.2664823,0.2544425,0
0.5192983,1,1,1,1,1,1,0.281988,0.229536,0
0.5030892,1,1,1,1,1,1,0.2991381,0.2063523,0
0.4925129,1,1,1,1,1,1,1,0.1893885,0
0.5460063,1,1,1,1,1,1,1,0.1948766,0
1,1,1,1,1,1,1,1,0.2008121,0
1,1,1,1,1,1,1,1,0.2091583,0
0.5489669,1,1,1,1,1,1,1,0.2181287,0
1,1,1,1,1,1,1,1,0.2248342,0
1,1,1,1,1,1,1,1,0.2347523,0
0.5526326,1,1,1,1,1,1,1,0.2453969,0
1,1,1,1,1,1,1,1,0.2528417,0
1,1,1,1,1,1,1,1,1,1
1,1,1,1,1,1,1,1,1,1
1,1,1,1,1,1,1,1,1,1
1,1,1,1,1,1,1,1,1,1
1,1,1,1,1,1,1,1,1,1
1,1,1,1,1,1,1,1,1,1
1,1,1,1,1,1,1,1,1,1
1,1,1,1,1,1,1,1,1,1
1,1,1,1,1,1,1,1,1,1
1,1,1,1,1,1,1,1,1,1
1,1,1,1,1,1,1,1,1,1
1,1,1,1,1,1,1,1,1,1
1,1,1,1,1,1,1,1,1,1
1,1,1,1,1,1,1,1,1,1
1,1,1,1,1,1,1,1,1,1
1,1,1,1,1,1,1,1,1,1
1,1,1,1,1,1,1,1,1,1
1,1,1,1,1,1,1,1,1,1
1,1,1,1,1,1,1,1,1,1
1,1,1,1,1,1,1,1,1,1
1,1,1,1,1,1,1,1,1,1
1,1,1,1,1,1,1,1,1,1
1,1,1,1,1,1,1,1,1,1
1,1,1,1,1,1,1,1,1,1
1,1,1,1,1,1,1,1,1,1
1,1,1,1,1,1,1,1,1,1
1,0.9901396,1,1,1,1,1,1,1,1
1,0.9742141,1,1,1,1,1,1,1,1
1,0.9577186,1,1,1,1,1,1,1,1
1,0.9406665,1,1,1,1,1,1,1,1
1,0.9230767,1,1,1,1,1,1,1,1
1,0.9049735,1,1,1,1,1,1,1,1
1,0.8863871,1,1,1,1,1,1,1,1
1,0.8673571,1,1,1,1,1,1,1,2
1,0.8479188,1,1,1,1,1,1,1,2
1,0.8281175,1,1,1,1,1,1,1,2
1,0.8080015,1,1,1,1,1,1,1,2
1,0.787627,1,1,1,1,1,1,1,2
1,0.7670482,1,1,1,1,1,1,1,2
1,0.7463209,1,1,1,1,1,1,1,2
1,0.7255011,1,1,1,1,1,1,1,2
1,0.7046493,1,1,1,1,1,1,1,2
1,0.7062892,1,1,1,1,1,1,1,2
1,0.7135754,1,1,1,1,1,1,1,2
1,0.7209501,1,1,1,1,1,1,1,2
1,0.7284071,1,1,1,1,1,1,1,2
1,0.7359358,1,1,1,1,1,1,1,2
1,0.7435251,1,1,1,1,1,1,1,2
1,0.7511644,1,1,1,1,1,1,1,2
1,0.7588428,1,1,1,1,1,1,1,2
1,0.766554,1,1,1,1,1,1,1,2
0.9851816,0.7742828,1,1,1,1,1,1,1,2
0.944822,0.7825326,1,1,1,1,1,1,1,2
0.9032136,0.7922304,1,1,1,1,1,1,1,2
0.86081,0.8034927,1,1,1,1,1,1,1,2
0.8180772,0.8164425,1,1,1,1,1,1,1,2
0.7754912,0.8312098,1,1,1,1,1,1,1,2
0.7334706,0.8479109,1,1,1,1,1,1,1,2
0.6923879,0.8666723,1,1,1,1,1,1,1,2
0.6525573,0.8876122,1,1,1,1,1,1,1,2
0.6142155,0.9108536,1,1,1,1,1,1,1,2
0.6198178,0.9365155,1,1,1,1,1,1,1,2
0.6286274,1,1,1,1,1,1,1,1,2
0.6371253,1,1,1,1,1,1,1,1,2
0.6458582,1,1,1,1,1,1,1,1,2
0.6548102,1,1,1,1,1,1,1,1,2
0.6639646,1,1,1,1,1,1,1,1,2
0.6733083,1,1,1,1,1,1,1,1,2
0.682827,1,1,1,1,1,1,1,1,2
0.6925068,1,1,1,1,1,1,1,1,2
0.7023295,1,1,1,1,1,1,1,1,2
0.7122761,1,1,1,1,1,1,1,1,2
0.7223322,1,1,1,1,1,1,1,1,2
0.7324821,1,1,1,1,1,1,1,1,2
0.7427107,1,1,1,1,1,1,1,1,2
0.7529986,1,1,1,1,1,1,1,1,2
0.7633303,1,1,1,1,1,1,1,1,2
0.7736906,1,1,1,1,1,1,1,1,2
0.7840599,1,1,1,1,1,1,1,1,2
0.7944276,1,1,1,1,1,1,1,1,2
0.8047743,1,1,1,1,1,1,1,1,2
0.8150854,1,1,1,1,1,1,1,1,2
0.8253466,1,1,1,1,1,1,1,1,2
0.8355441,1,1,1,1,1,1,1,1,2
0.8456644,1,1,1,1,1,1,1,1,2
1,1,1,1,1,1,1,1,1,1
1,1,1,1,1,1,1,1,1,1
1,1,1,1,1,1,1,1,1,1
1,1,1,1,1,1,1,1,1,1
1,1,1,1,1,1,1,1,1,1
1,1,1,1,1,1,1,1,1,1
1,1,1,1,1,1,1,1,1,1
1,1,1,1,1,1,1,1,1,1
1,1,1,1,1,1,1,1,1,1
1,1,1,1,1,1,1,1,1,1
1,1,1,1,1,1,1,1,1,1
1,1,1,1,1,1,1,1,1,1
1,1,1,1,1,1,1,1,0.8970434,0
1,1,1,1,1,1,1,1,0.8914847,0
1,1,1,1,1,1,1,1,0.8859484,0
1,1,1,1,1,1,1,1,0.8804409,0
1,1,1,1,1,1,1,1,0.8749655,0
1,1,1,1,1,1,1,1,0.8695287,0
1,1,1,1,1,1,1,1,0.8641373,0
1,1,1,1,1,1,1,1,0.8587977,0
1,1,1,1,1,1,1,1,0.8535135,0
1,1,1,1,1,1,1,1,0.8482916,0
1,1,1,1,1,1,1,1,0.8431355,0
1,1,1,1,1,1,1,1,0.8380551,0
1,1,1,1,1,1,1,1,0.8330539,0
1,1,1,1,1,1,1,1,0.8281358,0
1,1,1,1,1,1,1,1,0.8233101,0
1,1,1,1,1,1,0.9994162,1,0.8185809,0
1,1,1,1,1,1,0.9775853,1,0.8139526,0
1,1,1,1,1,1,0.955232,1,0.94848,1
1,1,1,1,1,1,0.9381568,1,1,1
1,1,1,1,1,1,0.9227877,1,1,1
1,1,1,1,1,1,0.9070286,1,1,1
1,1,1,1,1,1,0.8908955,1,1,1
1,1,1,1,1,1,0.885347,1,1,1
1,1,1,1,1,1,0.8833649,1,1,1
1,1,1,1,1,1,0.8814684,1,1,1
1,1,1,1,1,1,0.8796557,1,1,1
1,1,1,1,1,1,0.877925,1,1,1
1,1,1,1,1,1,0.8762748,1,1,1
1,1,1,1,1,1,0.8747033,1,1,1
1,1,1,1,1,1,0.8732134,1,1,1
1,1,1,1,1,1,0.8717988,1,1,1
1,1,1,1,1,1,0.8704628,1,1,1
1,1,1,1,1,1,0.8691992,1,1,1
1,1,1,1,1,1,0.8680112,1,1,1
1,1,1,1,1,1,0.8668971,1,1,1
1,1,1,1,1,1,0.8658556,1,1,1
1,1,1,1,1,1,0.8648853,1,1,1
1,1,1,1,1,1,0.8639849,1,1,1
1,1,1,1,1,1,0.8631532,1,1,1
1,1,1,1,1,1,0.8623885,1,1,1
1,1,1,1,1,1,0.8616899,1,1,1
1,1,1,1,1,1,0.8610609,1,1,1
1,1,1,1,1,1,1,1,1,1
1,1,1,1,1,1,1,1,1,1
1,1,1,1,1,1,1,1,1,1
1,1,1,1,1,1,1,1,1,1
1,1,1,1,1,1,1,1,1,1
1,1,1,0.9963329,1,1,1,1,1,1
1,1,1,0.9866856,1,1,1,1,1,1
1,1,1,0.9770331,1,1,1,1,1,1
1,1,1,0.9673754,1,1,1,1,1,1
1,1,1,0.9577125,0.9929662,1,1,1,1,1
1,1,1,0.9480356,0.9828809,1,1,0.8138051,1,0
1,1,1,0.9375635,0.9706756,1,1,0.7759036,1,0
1,1,1,0.9269868,0.9581205,1,1,0.7366523,1,0
1,1,1,0.9163481,0.9452707,1,1,0.696538,1,0
1,1,1,0.9056948,0.9321911,1,1,0.656062,1,0
1,1,1,0.8950771,0.9189536,1,1,0.6157085,1,0
1,1,1,0.8845569,0.9056457,1,1,0.5949248,1,0
1,1,1,0.8742118,0.8924851,1,1,0.5977051,1,0
1,1,1,0.8640777,0.8796554,1,1,0.6007876,1,0
1,1,1,0.8541366,0.8671386,0.908576,1,0.6041579,1,0
1,1,1,0.8443905,0.8547412,0.8928132,1,0.6082844,1,0
1,1,1,0.83484,0.8426493,0.8775207,1,0.612758,1,0
1,1,1,0.8254708,0.8308526,0.8626894,1,0.6175514,1,0
1,1,1,0.8162605,0.8193318,0.8482988,1,0.6226358,1,0
1,1,1,0.8071877,0.8080681,0.8343288,1,0.6279809,1,0
1,1,1,0.7982283,0.7970384,0.820753,1,0.6335518,1,0
1,1,1,0.7893631,0.7862244,0.8075504,1,0.6393166,1,0
1,1,1,0.7805678,0.775602,0.7946926,1,1,0.7422066,0
1,1,1,0.771688,0.765191,0.7823762,1,1,0.6582096,0
1,1,1,0.7632435,0.7548294,0.7697318,1,1,0.5750027,0
1,1,1,0.7553082,0.744625,0.7569178,1,1,0.5312979,0
1,1,1,0.7477393,0.7346742,0.7442842,1,1,0.5342092,0
1,1,1,0.7402753,0.7249764,0.7320908,1,1,0.537413,0
1,1,1,1,0.7154893,0.7202891,0.7717797,1,0.5408781,0
1,1,1,1,0.7063826,0.7085179,0.7547248,1,0.5454016,0
1,1,1,1,0.6975778,0.6971269,0.7382897,1,0.5504562,0
1,1,1,1,0.6890674,0.6861023,0.7224445,1,0.5560557,0
1,1,1,1,0.680794,0.6754477,0.7072848,1,0.5620817,0
1,1,1,1,0.6726872,0.6651338,0.6928346,1,0.5684146,0
1,1,1,1,0.6647025,0.6551128,0.6790243,1,0.575008,0
1,1,1,1,0.6567963,0.6453372,0.6657858,1,1,1
1,1,1,1,0.6468681,0.6355177,0.6555545,1,1,1
1,1,1,1,0.6369376,0.6256981,0.6453267,1,1,1
1,1,1,1,0.6270077,0.6158816,0.635106,1,1,1
1,1,1,1,0.6170753,0.6060651,0.6248891,1,1,1
1,1,1,1,0.6071402,0.5962485,0.6146764,1,1,1
1,1,1,1,0.5972055,0.586435,0.6044708,1,1,1
1,1,1,1,0.5872678,0.5766214,0.5942696,1,1,1
1,1,1,1,0.5773271,0.5668076,0.5840728,1,1,1
1,1,1,1,0.5673864,0.5569968,0.5738834,1,1,1
1,1,1,1,0.5574427,0.5471858,0.5636984,1,1,1
1,1,1,1,0.5474958,0.5373747,0.5535179,1,1,1
1,1,1,1,0.537549,0.5275665,0.5433447,1,1,1
1,1,1,1,0.527599,0.517758,0.5331759,1,1,1
1,1,1,1,0.5176458,0.5079494,0.5230113,1,1,1
1,1,1,1,0.5076926,0.4981435,0.5128541,1,1,1
1,1,1,1,0.4977364,0.4883375,0.5027009,1,1,1
1,1,1,1,0.4877771,0.4785312,0.4925518,1,1,1
1,1,1,1,0.4778149,0.4687246,0.4824066,1,1,1
1,1,1,1,0.4678529,0.4589208,0.4722683,1,1,1
1,1,1,1,0.4578879,0.4491168,0.4621336,1,1,1
1,1,1,1,0.4479203,0.4393125,0.4520026,0.5625408,1,0
1,1,1,1,0.4390124,0.4296763,0.4407032,0.5449096,1,0
1,1,1,1,0.4300969,0.4201064,0.429599,0.5279099,1,0
1,1,1,1,0.4211639,0.4105921,0.4186745,0.5114979,1,0
1,1,1,1,1,0.4011205,0.4079119,0.4956267,1,0
1,1,1,1,1,0.3918859,0.396885,0.4782675,1,0
1,1,1,1,1,0.3827412,0.3860925,0.461628,1,0
1,1,1,1,1,0.3736706,0.3755137,0.4456528,1,0
1,1,1,1,1,0.36466,0.3651292,0.4302888,1,0
1,1,1,1,1,0.3556962,0.3549204,0.4154858,1,0
1,1,1,1,1,0.3467677,0.3448702,0.4011967,1,0
1,1,1,1,1,0.3378644,0.3349627,0.3873776,1,0
1,1,1,1,1,0.3289746,0.3251803,0.3739843,1,0
1,1,1,1,1,0.3200912,0.3155101,0.3609794,1,0
1,1,1,1,1,0.3112084,0.3059404,0.3483287,1,0
1,1,1,1,1,1,0.296461,0.3360008,0.4946694,0
1,1,1,1,1,1,0.2869609,0.3219964,0.4663073,0
1,1,1,1,1,1,0.2776833,0.3085197,0.4397582,0
1,1,1,1,1,1,0.2686216,0.2955452,0.4148661,0
1,1,1,1,1,1,0.2597671,0.2830459,0.3914874,0
1,1,1,1,1,1,0.2511113,0.270997,0.3694953,0
1,1,1,1,1,1,0.2426493,0.2593786,0.3487814,0
1,1,1,1,1,1,0.2343735,0.2481693,0.3292446,0
1,1,1,1,1,1,1,0.2373489,0.3107945,0
1,1,1,1,1,1,1,0.2268991,0.2933499,0
1,1,1,1,1,1,1,0.2168024,0.2768375,0
1,1,1,1,1,1,1,0.2070461,0.2611956,0
1,1,1,1,1,1,1,0.1976151,0.2463644,0
1,1,1,1,1,1,1,0.1884954,0.2322896,0
1,1,1,1,1,1,1,0.1796742,0.2189221,0
1,1,1,1,1,1,1,0.1711425,0.2062209,0
1,1,1,1,1,1,1,0.1628859,0.1941415,0
1,1,1,1,1,1,1,0.2289481,0.1826503,0
1,1,1,1,1,1,1,0.3293163,0.1717098,0
1,1,1,1,1,1,1,0.4754459,0.1612924,0
1,1,0.985691,1,1,1,1,1,0.1514488,0
1,1,0.9723881,1,1,1,1,1,0.1422538,0
1,1,0.9596547,1,1,1,1,1,0.145342,0
1,1,0.9474939,1,1,1,1,1,0.1663669,0
1,1,0.9359175,1,1,1,1,1,0.1883896,0
1,1,0.9248411,1,1,1,1,1,0.2113138,0
1,1,0.9141942,1,1,1,1,1,0.235026,0
1,1,0.9039151,1,1,1,1,1,0.2594047,0
1,1,0.8939586,1,1,1,1,1,0.2842992,0
1,1,0.8842786,1,1,1,1,1,0.3095711,0
1,1,0.8748426,1,1,1,1,1,0.3350589,0
1,1,0.8656219,1,1,1,1,1,0.3606041,0
1,1,0.8565921,1,1,1,1,1,0.3860475,1
1,1,0.8477312,1,1,1,1,1,0.4112402,1
1,1,0.8390272,1,1,1,1,1,0.4360228,1
1,1,0.830462,1,1,1,1,1,0.4602695,1
1,1,0.8220299,1,1,1,1,1,0.483841,1
1,1,0.8137215,1,1,1,1,1,0.5066274,1
1,1,0.8055293,1,1,1,1,1,1,2
1,1,0.7986789,1,1,1,1,1,1,2
1,1,0.7919558,1,1,1,1,1,1,2
1,1,0.7853621,1,1,1,1,1,1,2
1,1,0.7789031,1,1,1,1,1,1,2
1,1,0.7725804,1,1,1,1,1,1,2
1,1,0.766399,1,1,1,1,1,1,2
1,1,0.7603635,1,1,1,1,1,1,2
1,1,0.7544754,1,1,1,1,1,1,2
1,1,0.7487422,1,1,1,1,1,1,2
1,1,0.743162,1,1,1,1,1,1,2
1,1,0.737742,1,1,1,1,1,1,2
1,0.7028806,0.7324831,1,1,1,1,1,1,2
1,0.6939507,0.7300007,1,1,1,1,1,1,2
1,0.6855138,0.7279643,1,1,1,1,1,1,2
1,0.6775565,0.7263786,1,1,1,1,1,1,2
1,0.6700697,0.7252532,1,1,1,1,1,1,2
1,0.6630453,1,1,1,1,1,1,1,2
1,0.6564388,1,1,1,1,1,1,1,2
1,0.6500754,1,1,1,1,1,1,1,2
1,0.6439651,1,1,1,1,1,1,1,2
1,0.6381112,1,1,1,1,1,1,1,2
1,0.6325198,1,1,1,1,1,1,1,2
1,0.6271998,1,1,1,1,1,1,1,2
1,0.6221533,1,1,1,1,1,1,1,2
1,0.6173886,1,1,1,1,1,1,1,2
1,0.6129073,1,1,1,1,1,1,1,2
0.632681,0.6087168,1,1,1,1,1,1,1,2
0.6232658,0.6052876,1,1,1,1,1,1,1,2
0.6144233,0.6022855,1,1,1,1,1,1,1,2
0.6061368,0.599713,1,1,1,1,1,1,1,2
0.5983878,0.597571,1,1,1,1,1,1,1,2
0.5911627,0.5958641,1,1,1,1,1,1,1,2
0.5844494,1,1,1,1,1,1,1,1,2
0.5785569,1,1,1,1,1,1,1,1,2
0.5730025,1,1,1,1,1,1,1,1,2
0.5677955,1,1,1,1,1,1,1,1,2
0.5629394,1,1,1,1,1,1,1,1,2
0.558443,1,1,1,1,1,1,1,1,2
0.5543116,1,1,1,1,1,1,1,1,2
0.5505503,1,1,1,1,1,1,1,1,2
0.547161,1,1,1,1,1,1,1,1,2
0.5441512,1,1,1,1,1,1,1,1,2
0.5415221,1,1,1,1,1,1,1,1,2
0.5392777,1,1,1,1,1,1,1,1,2
0.5374216,1,1,1,1,1,1,1,1,2
1,1,1,1,1,1,1,1,1,1
1,1,1,1,1,1,1,1,1,1
1,1,1,1,1,1,1,1,1,1
1,1,1,1,1,1,1,1,1,1
1,1,1,1,1,1,1,1,1,1
1,1,1,1,1,1,1,1,1,1
1,1,1,1,1,1,1,1,1,1
1,1,1,1,1,1,1,1,1,1
1,1,1,1,1,1,1,1,1,1
1,1,1,1,1,1,1,1,1,1
1,1,1,1,1,1,1,1,1,1
1,1,1,1,1,1,1,1,1,1
1,1,0.9973687,1,1,1,1,1,1,1
1,1,0.985128,1,1,1,1,1,1,1
1,1,0.9726688,1,1,1,1,1,1,1
1,1,0.9599929,1,1,1,1,1,1,1
1,1,0.9471101,1,1,1,1,1,1,1
1,1,0.9340243,1,1,1,1,1,1,1
1,1,0.9207441,1,1,1,1,1,1,1
1,1,0.9072792,1,1,1,1,1,1,1
1,1,0.8936362,1,1,1,1,1,1,1
1,1,0.8798307,1,1,1,1,1,1,1
1,1,0.8658711,1,1,1,1,1,1,1
1,1,0.8517707,1,1,1,1,1,1,1
1,1,0.8375433,1,1,1,1,1,1,1
1,1,0.8231999,1,1,1,1,1,1,2
1,1,0.8087586,1,1,1,1,1,1,2
1,1,0.7942349,1,1,1,1,1,1,2
1,1,0.7796407,1,1,1,1,1,1,2
1,1,0.7649912,1,1,1,1,1,1,2
1,1,0.7503022,1,1,1,1,1,1,2
1,1,0.7355924,1,1,1,1,1,1,2
1,1,0.7226244,1,1,1,1,1,1,2
1,1,0.7272946,1,1,1,1,1,1,2
1,1,0.7320077,1,1,1,1,1,1,2
1,1,0.7367624,1,1,1,1,1,1,2
1,1,0.7415509,1,1,1,1,1,1,2
1,1,0.7463659,1,1,1,1,1,1,2
1,1,0.7512063,1,1,1,1,1,1,2
1,1,0.7560698,1,1,1,1,1,1,2
1,1,0.7609496,1,1,1,1,1,1,2
1,1,0.765838,1,1,1,1,1,1,2
1,1,0.7707335,1,1,1,1,1,1,2
1,0.8528093,0.7756348,1,1,1,1,1,1,2
1,0.8245333,0.787712,1,1,1,1,1,1,2
1,0.7964203,0.8013994,1,1,1,1,1,1,2
1,0.7685891,0.8167822,1,1,1,1,1,1,2
1,0.741145,0.8339585,1,1,1,1,1,1,2
1,0.7141823,1,1,1,1,1,1,1,2
1,0.690093,1,1,1,1,1,1,1,2
1,0.6660346,1,1,1,1,1,1,1,2
1,0.6420949,1,1,1,1,1,1,1,2
1,0.6183571,1,1,1,1,1,1,1,2
1,0.5948925,1,1,1,1,1,1,1,2
1,0.5717658,1,1,1,1,1,1,1,2
1,0.549037,1,1,1,1,1,1,1,2
1,0.5296463,1,1,1,1,1,1,1,2
1,0.5382115,1,1,1,1,1,1,1,2
1,0.5470716,1,1,1,1,1,1,1,2
1,0.5562213,1,1,1,1,1,1,1,2
1,0.5656459,1,1,1,1,1,1,1,2
1,0.5753297,1,1,1,1,1,1,1,2
1,0.585261,1,1,1,1,1,1,1,2
0.7252194,0.5954224,1,1,1,1,1,1,1,2
0.6698979,0.6131088,1,1,1,1,1,1,1,2
0.6196422,0.6323147,1,1,1,1,1,1,1,2
0.573793,0.6531817,1,1,1,1,1,1,1,2
0.5318056,0.6758702,1,1,1,1,1,1,1,2
0.493217,1,1,1,1,1,1,1,1,2
0.471639,1,1,1,1,1,1,1,1,2
0.4806902,1,1,1,1,1,1,1,1,2
0.4901687,1,1,1,1,1,1,1,1,2
0.5000666,1,1,1,1,1,1,1,1,2
0.510368,1,1,1,1,1,1,1,1,2
0.5210586,1,1,1,1,1,1,1,1,2
0.5321237,1,1,1,1,1,1,1,1,2
0.5435507,1,1,1,1,1,1,1,1,2
0.5553187,1,1,1,1,1,1,1,1,2
0.5674086,1,1,1,1,1,1,1,1,2
0.5798007,1,1,1,1,1,1,1,1,2
0.5924777,1,1,1,1,1,1,1,1,2
0.6054136,1,1,1,1,1,1,1,1,2
0.6185887,1,1,1,1,1,1,1,1,2
1,1,1,1,1,1,1,1,1,1
1,1,1,1,1,1,1,1,1,1
1,1,1,1,1,1,1,1,1,1
1,1,1,1,1,1,1,1,1,1
1,1,1,1,1,1,1,1,1,1
1,1,1,1,1,1,1,1,1,1
1,1,1,1,1,1,1,1,1,1
1,1,1,1,1,1,1,1,1,1
1,1,1,1,1,1,1,1,1,1
1,1,1,1,1,1,1,1,1,1
1,1,1,1,1,1,1,1,1,1
1,1,1,1,1,1,1,1,1,1
1,1,1,1,1,1,1,1,1,1
1,1,1,1,1,1,1,1,1,1
1,1,1,1,1,1,1,0.9916307,1,1
1,1,1,1,1,1,1,0.9608504,1,1
1,1,1,1,1,1,1,0.9563223,1,1
1,1,1,1,1,1,1,0.9518459,1,1
1,1,1,1,1,1,1,0.9474244,1,1
1,1,1,1,1,1,1,0.9430578,1,1
1,1,1,1,1,1,1,0.9387494,1,1
1,1,1,1,1,1,1,0.9344993,1,1
1,1,1,1,1,1,1,0.9303107,1,1
1,1,1,1,1,1,1,0.926184,1,1
1,1,1,1,1,1,1,0.9221227,1,1
1,1,1,1,1,1,1,0.9181269,1,1
1,1,1,1,1,1,1,0.9142002,1,1
1,1,1,1,1,1,1,0.9103431,1,1
1,1,1,1,1,1,1,0.9065588,1,1
1,1,1,1,1,1,1,0.9028479,1,1
1,1,1,1,1,1,1,1,1,1
1,1,1,1,1,1,1,1,1,1
1,1,1,1,1,1,1,1,1,1
1,1,1,1,1,1,1,1,1,1
1,1,1,1,1,1,1,1,1,1
1,1,1,1,1,1,1,1,1,1
1,1,1,1,1,1,1,1,1,1
1,1,1,1,1,1,1,1,1,1
1,1,1,1,1,1,1,1,1,1
1,1,1,1,1,1,1,1,1,1
1,1,1,1,1,1,1,1,1,1
1,1,1,1,1,1,1,1,1,1
1,1,1,1,1,1,1,1,1,1
1,1,1,1,1,1,1,1,1,1
1,1,1,1,1,1,1,1,1,1
1,1,1,1,1,1,1,1,1,1
1,1,1,1,1,1,1,1,1,1
1,1,1,1,1,1,1,1,1,1
1,1,1,1,1,1,1,1,1,1
1,1,1,1,1,1,1,1,1,1
1,1,1,1,1,1,1,1,1,1
1,1,1,1,1,1,1,1,1,1
1,1,1,1,1,1,1,1,1,1
1,1,1,1,1,1,1,1,0.7860863,0
1,1,1,1,1,1,1,1,0.7803954,0
1,1,1,1,1,1,1,1,0.7748331,0
1,1,1,1,1,1,1,1,0.7694071,0
1,1,1,1,1,1,1,1,0.7641219,0
1,1,1,1,1,1,1,1,0.7589884,0
1,1,1,1,1,1,1,1,0.7540107,0
1,1,1,1,1,1,1,1,0.7491962,0
1,1,1,1,1,1,1,1,0.7445489,0
1,1,1,1,1,1,1,1,0.756467,0
1,1,1,1,1,1,1,1,1,1
1,1,1,1,1,1,1,1,1,1
1,1,1,1,1,1,1,1,1,1
1,1,1,1,1,1,1,1,1,1
1,1,1,1,1,1,1,1,1,1
1,1,1,1,1,1,1,1,1,1
1,1,1,1,1,1,1,1,1,1
1,1,1,1,1,1,1,1,1,1
1,1,1,1,1,1,1,1,1,1
1,1,1,1,1,1,1,1,1,1
1,1,1,1,1,1,1,1,1,1
1,1,1,1,1,1,1,1,1,1
1,1,1,1,1,1,1,1,1,1
1,1,1,1,1,1,1,1,1,1
1,1,1,1,1,1,1,1,1,1
1,1,1,1,1,1,1,1,1,1
1,1,1,1,1,1,1,1,1,1
1,1,1,1,1,1,1,1,1,1
1,1,1,1,1,1,1,1,1,1
1,1,1,1,1,1,1,1,1,1
1,1,1,1,1,1,1,1,1,1
1,1,1,1,1,1,0.9986746,1,1,1
1,1,1,1,1,1,0.9938184,1,1,1
1,1,1,1,1,1,0.9891075,1,1,1
1,1,1,1,1,1,0.9845356,1,1,1
1,1,1,1,1,1,0.9800971,1,1,1
1,1,1,1,1,1,0.9757906,1,1,1
1,1,1,1,1,1,0.9716113,1,1,1
1,1,1,1,1,1,0.9675583,0.987111,1,1
1,1,1,1,1,1,0.9641183,0.9554601,1,1
1,1,1,1,1,1,0.962004,0.9206249,1,0
1,1,1,1,1,1,0.9613253,0.8828586,1,0
1,1,1,1,1,1,0.9622018,0.8425509,1,0
1,1,1,1,1,1,0.9647514,0.8001992,1,0
1,1,1,1,1,1,0.9691025,0.7563911,1,0
1,1,1,1,1,1,1,0.7164258,1,0
1,1,1,1,1,1,1,0.716472,1,0
1,1,1,1,1,1,1,0.716706,1,0
1,1,1,1,1,1,1,0.7171231,1,0
1,1,1,1,1,1,1,0.7177216,1,0
1,1,1,1,1,1,1,0.7184996,1,0
1,1,1,1,1,1,1,0.7194555,1,0
1,1,1,1,1,1,1,0.720587,1,0
1,1,1,1,1,1,1,0.7218888,1,0
1,1,1,1,1,1,1,0.7233586,1,0
1,1,1,1,1,1,1,0.7249942,1,0
1,1,1,1,1,1,1,0.7267934,1,0
1,1,1,1,1,1,1,0.7287499,1,0
1,1,1,1,1,1,1,0.7308617,1,0
1,1,1,1,1,1,1,0.7331222,1,0
1,1,1,1,1,1,1,0.7355326,1,0
1,1,1,1,1,1,1,0.7380829,0.9728751,0
1,1,1,1,1,1,1,0.7413111,0.8135172,0
1,1,1,1,1,1,1,0.7479886,0.6480168,0
1,1,1,1,1,1,1,0.7573618,0.6334888,0
1,1,1,1,1,1,1,0.7675999,0.6350473,0
1,1,1,1,1,1,1,0.7787507,0.6371096,0
1,1,1,1,1,1,1,1,0.639687,0
1,1,1,1,1,1,1,1,0.641723,0
1,1,1,1,1,1,1,1,0.6440421,0
1,1,1,1,1,1,1,1,0.6466384,0
1,1,1,1,1,1,1,1,0.6495097,0
1,1,1,1,1,1,1,1,0.6526498,0
1,1,1,1,1,1,1,1,0.6560524,0
1,1,1,1,1,1,1,1,1,1
1,1,1,1,1,1,1,1,1,1
1,1,1,1,1,1,1,1,1,1
1,1,1,1,1,1,1,1,1,1
1,1,1,1,1,1,1,1,1,1
1,1,1,1,1,1,1,1,1,1
1,1,1,1,1,1,1,1,1,1
1,1,1,1,1,1,1,1,1,1
1,1,1,1,1,1,1,1,1,1
1,1,1,1,1,1,1,1,1,1
1,1,1,1,1,1,1,1,1,1
1,1,1,1,1,1,1,1,1,1
1,1,1,1,1,1,1,1,1,1
1,1,1,1,1,1,1,1,1,1
1,1,1,1,1,1,1,1,1,1
1,1,1,1,1,1,1,1,1,1
1,1,1,1,1,1,1,1,1,1
1,1,1,1,1,1,1,1,1,1
1,1,1,1,1,1,1,1,1,1
1,1,1,1,1,1,1,1,1,1
1,1,1,1,1,1,1,1,1,1
1,1,1,1,1,1,1,1,1,1
1,1,1,1,1,1,1,1,1,1
1,1,1,1,1,1,1,1,1,1
1,1,1,1,1,1,1,1,1,1
1,1,1,1,1,1,1,1,1,1
1,1,1,1,1,1,1,1,1,1
1,1,1,1,1,1,1,1,1,1
1,1,1,1,1,1,1,1,1,1
1,1,1,1,1,1,1,1,1,1
1,1,1,1,1,1,1,1,1,1
1,1,1,1,1,1,1,1,1,1
1,1,1,1,1,1,1,1,1,1
1,1,1,1,1,1,1,1,1,1
1,1,1,1,1,1,1,1,1,1
1,1,1,1,1,1,1,1,1,1
1,1,1,1,1,1,1,1,1,1
1,1,1,1,1,1,1,1,1,1
1,1,1,1,1,1,1,1,1,1
1,1,1,1,1,1,1,1,1,1
1,1,1,1,1,1,1,1,1,1
1,1,1,1,1,1,1,1,1,1
1,1,1,1,1,1,1,1,1,1
1,1,1,1,1,1,1,1,1,1
1,1,1,1,1,1,1,1,1,1
1,1,1,1,1,1,1,1,1,1
1,1,1,1,1,1,1,1,1,1
1,1,1,1,1,1,1,1,1,1
1,1,1,1,1,1,1,1,1,1
1,1,1,1,1,1,1,1,1,1
1,1,1,1,1,1,1,1,1,1
1,1,1,1,1,1,1,1,1,1
1,1,1,1,1,1,1,1,1,1
1,1,1,1,1,1,1,1,1,1
1,1,1,1,1,1,1,1,1,1
1,1,1,1,1,1,1,1,1,1
1,1,1,1,1,1,1,1,1,1
1,1,1,1,1,1,1,1,1,1
1,1,1,1,1,1,1,1,1,1
1,1,1,1,1,1,1,1,1,1
1,1,1,1,1,1,1,1,1,1
1,1,1,1,1,1,1,1,1,1
1,1,1,1,1,1,1,1,1,1
1,1,1,1,1,1,1,1,1,1
1,1,1,1,1,1,1,1,1,1
1,1,1,1,1,1,1,1,1,1
1,1,1,1,1,1,1,1,1,1
1,1,1,1,1,1,1,1,1,1
1,1,1,1,1,1,1,1,1,1
1,1,1,1,1,1,1,1,1,1
1,1,1,1,1,1,1,1,1,1
1,1,1,1,1,1,1,1,1,1
1,1,1,1,1,1,1,1,1,1
1,1,1,1,1,1,1,1,1,1
1,1,1,1,1,1,1,1,1,1
1,1,1,1,1,1,1,1,1,1
1,1,1,1,1,1,1,1,1,1
1,1,1,1,1,1,1,1,1,1
1,1,1,1,1,1,1,1,1,1
1,1,1,1,1,1,1,1,1,1
1,1,1,1,1,1,1,1,1,1
1,1,1,1,1,1,1,1,1,1
1,1,1,1,1,1,1,1,1,1
1,1,1,1,1,1,1,1,1,1
1,1,1,1,1,1,1,1,1,1
1,1,1,1,1,1,1,1,1,1
1,1,1,1,1,1,1,1,1,1
1,1,1,1,1,1,1,1,1,1
1,1,1,1,1,1,1,1,1,1
1,1,1,1,1,1,1,1,1,1
1,1,1,1,1,1,1,1,1,1
1,1,1,1,1,1,1,1,1,1
1,1,1,1,1,1,1,1,1,1
1,1,1,1,1,1,1,1,1,1
1,1,1,1,1,1,1,1,1,1
1,1,1,1,1,1,1,1,1,1
1,1,1,1,1,1,1,1,1,1
1,1,1,1,1,1,1,1,1,1
1,1,1,1,1,1,1,1,1,1
1,1,1,1,1,1,1,1,1,1
1,1,1,1,1,1,1,1,1,1
1,1,1,1,1,1,1,1,1,1
1,1,1,1,1,1,1,1,1,1
1,1,1,1,1,1,1,1,1,1
1,1,1,1,1,1,1,1,1,1
1,1,1,1,1,1,1,1,1,1
1,1,1,1,1,1,1,1,1,1
1,1,1,1,1,1,1,1,1,1
1,1,1,1,1,1,1,1,1,1
1,1,1,1,1,1,1,1,1,1
1,1,1,1,1,1,1,1,1,1
1,1,1,1,1,1,1,1,1,1
1,1,1,1,1,1,1,1,1,1
1,1,1,1,1,1,1,1,1,1
1,1,1,1,1,1,1,1,1,1
1,1,1,1,1,1,1,1,1,1
1,1,1,1,1,1,1,1,1,1
1,1,1,1,1,1,1,1,1,1
1,1,1,1,1,1,1,1,1,1
1,1,1,1,1,1,1,1,1,1
1,1,1,1,1,1,1,1,1,1
1,1,1,1,1,1,1,1,1,1
1,1,1,1,1,1,1,1,1,1
1,1,1,1,1,1,1,1,1,1
1,1,1,1,1,1,1,1,1,1
1,1,1,1,1,1,1,1,1,1
1,1,1,1,1,1,1,1,1,1
1,1,1,1,1,1,1,1,1,1
1,1,1,1,1,1,1,1,1,1
1,1,1,1,1,1,1,1,1,1
1,1,1,1,1,1,1,1,1,1
1,1,1,1,1,1,1,1,1,1
1,1,1,1,1,1,1,1,1,1
1,1,1,1,1,1,1,1,1,1
1,1,1,1,1,1,1,1,1,1
1,1,1,1,1,1,1,1,1,1
1,1,1,1,1,1,1,1,1,1
1,1,1,1,1,1,1,1,1,1
1,1,1,1,1,1,1,1,1,1
1,1,1,1,1,1,1,1,1,1
1,1,1,1,1,1,1,1,1,1
1,1,1,1,1,1,1,1,1,1
1,1,1,1,1,1,1,1,1,1
1,1,1,1,1,1,1,1,1,1
1,1,1,1,1,1,1,1,1,1
1,1,1,1,1,1,1,1,1,1
1,1,1,1,1,1,1,1,1,1
1,1,1,1,1,1,1,1,1,1
1,1,1,1,1,1,1,1,1,1
1,1,1,1,1,1,1,1,1,1
1,1,1,1,1,1,1,1,1,1
1,1,1,1,1,1,1,1,1,1
1,1,1,1,1,1,1,1,1,1
1,1,1,1,1,1,1,1,1,1
1,1,1,1,1,1,1,1,1,1
1,1,1,1,1,1,1,1,1,1
1,1,1,1,1,1,1,1,1,1
1,1,1,1,1,1,1,1,1,1
1,1,1,1,1,1,1,1,1,1
1,1,1,1,1,1,1,1,1,1
1,1,1,1,1,1,1,1,1,1
1,1,1,1,1,1,1,1,1,1
1,1,1,1,1,1,1,1,1,1
1,1,1,1,1,1,1,1,1,1
1,1,1,1,1,1,1,1,1,1
1,1,1,1,1,1,1,1,1,1
1,1,1,1,1,1,1,1,1,1
1,1,1,1,1,1,1,1,1,1
1,1,1,1,1,1,1,1,1,1
1,1,1,1,1,1,1,1,1,1
1,1,1,1,1,1,1,1,1,1
1,1,1,1,1,1,1,1,1,1
1,1,1,1,1,1,1,1,1,1
1,1,1,1,1,1,1,1,1,1
1,1,1,1,1,1,1,1,1,1
1,1,1,1,1,1,1,1,1,1
1,1,1,1,1,1,1,1,1,1
1,1,1,1,1,1,1,1,1,1
1,1,1,1,1,1,1,1,1,1
1,1,1,1,1,1,1,1,1,1
1,1,1,1,1,1,1,1,1,1
1,1,1,1,1,1,1,1,1,1
1,1,1,1,1,1,1,1,1,1
1,1,1,1,1,1,1,1,1,1
1,1,1,1,1,1,1,1,1,1
1,1,1,1,1,1,1,1,1,1
1,1,1,1,1,1,1,1,1,1
1,1,1,1,1,1,1,1,1,1
1,1,1,1,1,1,1,1,1,1
1,1,1,1,1,1,1,1,1,1
1,1,1,1,1,1,1,1,1,1
1,1,1,1,1,1,1,1,1,1
1,1,1,1,1,1,1,1,1,1
1,1,1,1,1,1,1,1,1,1
1,1,1,1,1,1,1,1,1,1
1,1,1,1,1,1,1,1,1,1
1,1,1,1,1,1,1,1,1,1
1,1,1,1,1,1,1,1,1,1
1,1,1,1,1,1,1,1,1,1
1,1,1,1,1,1,1,1,1,1
1,1,1,1,1,1,1,1,1,1
1,1,1,1,1,1,1,1,1,1
1,1,1,1,1,1,1,1,1,1
1,1,1,1,1,1,1,1,1,1
1,1,1,1,1,1,1,1,1,1
1,1,1,1,1,1,1,1,1,1
1,1,1,1,1,1,1,1,1,1
1,1,1,1,1,1,1,1,1,1
1,1,1,1,1,1,1,1,1,1
1,1,1,1,1,1,1,1,1,1
1,1,1,1,1,1,1,1,1,1
1,1,1,1,1,1,1,1,1,1
1,1,1,1,1,1,1,1,1,1
1,1,1,1,1,1,1,1,1,1
1,1,1,1,1,1,1,1,1,1
1,1,1,1,1,1,1,1,1,1
1,1,1,1,1,1,1,1,1,1
1,1,1,1,1,1,1,1,1,1
1,1,1,1,1,1,1,1,1,1
1,1,1,1,1,1,1,1,1,1
1,1,1,1,1,1,1,1,1,1
1,1,1,1,1,1,1,1,1,1
1,1,1,1,1,1,1,1,1,1
1,1,1,1,1,1,1,1,1,1
1,1,1,1,1,1,1,1,1,1
1,1,1,1,1,1,1,1,1,1
1,1,1,1,1,1,1,1,1,1
1,1,1,1,1,1,1,1,1,1
1,1,1,1,1,1,1,1,1,1
1,1,1,1,1,1,1,1,1,1
1,1,1,1,1,1,1,1,1,1
1,1,1,1,1,1,1,1,1,1
1,1,1,1,1,1,1,1,1,1
1,1,1,1,1,1,1,1,1,1
1,1,1,1,1,1,1,1,1,1
1,1,1,1,1,1,1,1,1,1
1,1,1,1,1,1,1,1,1,1
1,1,1,1,1,1,1,1,1,1
1,1,1,1,1,1,1,1,1,1
1,1,1,1,1,1,1,1,1,1
1,1,1,1,1,1,1,1,1,1
1,1,1,1,1,1,1,1,1,1
1,1,1,1,1,1,1,1,1,1
1,1,1,1,1,1,1,1,1,1
1,1,1,1,1,1,1,1,1,1
1,1,1,1,1,1,1,1,1,1
1,1,1,1,1,1,1,1,1,1
1,1,1,1,1,1,1,1,1,1
1,1,1,1,1,1,1,1,1,1
1,1,1,1,1,1,1,1,1,1
1,1,1,1,1,1,1,1,1,1
1,1,1,1,1,1,1,1,1,1
1,1,1,1,1,1,1,1,1,1
1,1,1,1,1,1,1,1,1,1
1,1,1,1,1,1,1,1,1,1
1,1,1,1,1,1,1,1,1,1
1,1,1,1,1,1,1,1,1,1
1,1,1,1,1,1,1,1,1,1
1,1,1,1,1,1,1,1,1,1
1,1,1,1,1,1,1,1,1,1
1,1,1,1,1,1,1,1,1,1
1,1,1,1,1,1,1,1,1,1
1,1,1,1,1,1,1,1,1,1
1,1,1,1,1,1,1,1,1,1
1,1,1,1,1,1,1,1,1,1
1,1,1,1,1,1,1,1,1,1
1,1,1,1,1,1,1,1,1,1
1,1,1,1,1,1,1,1,1,1
1,1,1,1,1,1,1,1,1,1
1,1,1,1,1,1,1,1,1,1
1,1,1,1,1,1,1,1,1,1
1,1,1,1,1,1,1,1,1,1
1,1,1,1,1,1,1,1,1,1
1,1,1,1,1,1,1,1,1,1
1,1,0.994666,1,1,1,1,1,1,1
1,1,0.9835882,1,1,1,1,1,1,1
1,1,0.9724226,1,1,1,1,1,1,1
1,1,0.9611718,1,1,1,1,1,1,1
1,1,0.949839,1,1,1,1,1,1,1
1,1,0.9384272,1,1,1,1,1,1,1
1,1,0.9269401,1,1,1,1,1,1,1
1,1,0.9153816,1,1,1,1,1,1,1
1,1,0.9037558,1,1,1,1,1,1,1
1,1,0.892067,1,1,1,1,1,1,1
1,1,0.8803197,1,1,1,1,1,1,1
1,1,0.8685187,1,1,1,1,1,1,1
1,1,0.8566722,1,1,1,1,1,1,1
1,1,0.8484727,1,1,1,1,1,1,1
1,1,0.853897,1,1,1,1,1,1,1
1,1,0.8592421,1,1,1,1,1,1,1
1,1,0.8645085,1,1,1,1,1,1,1
1,1,0.869688,1,1,1,1,1,1,1
1,1,0.8747892,1,1,1,1,1,1,1
1,1,0.8797966,1,1,1,1,1,1,1
1,1,0.8847186,1,1,1,1,1,1,1
1,1,0.8895483,1,1,1,1,1,1,1
1,1,0.8942863,1,1,1,1,1,1,1
1,1,0.8989335,1,1,1,1,1,1,1
1,0.9834283,0.9034832,1,1,1,1,1,1,1
1,0.9663708,0.9090719,1,1,1,1,1,1,1
1,0.9489509,0.9157337,1,1,1,1,1,1,1
1,0.9312121,0.9235071,1,1,1,1,1,1,1
1,0.9131915,0.9324187,1,1,1,1,1,1,1
1,0.8949353,0.9425225,1,1,1,1,1,1,1
1,0.8764864,0.9538517,1,1,1,1,1,1,2
1,0.8578874,0.9664594,1,1,1,1,1,1,2
1,0.8391808,0.9803942,1,1,1,1,1,1,2
1,0.820407,0.9957005,1,1,1,1,1,1,2
1,0.8016058,1,1,1,1,1,1,1,2
1,0.7826753,1,1,1,1,1,1,1,2
1,0.7636046,1,1,1,1,1,1,1,2
1,0.7444367,1,1,1,1,1,1,1,2
1,0.7252146,1,1,1,1,1,1,1,2
1,0.7059849,1,1,1,1,1,1,1,2
1,0.6867889,1,1,1,1,1,1,1,2
1,0.6676704,1,1,1,1,1,1,1,2
1,0.648667,1,1,1,1,1,1,1,2
1,0.629818,1,1,1,1,1,1,1,2
1,0.6111552,1,1,1,1,1,1,1,2
1,0.592712,1,1,1,1,1,1,1,2
1,0.5809572,1,1,1,1,1,1,1,2
1,0.5920095,1,1,1,1,1,1,1,2
0.9427654,0.6032814,1,1,1,1,1,1,1,2
0.8987932,0.6164949,1,1,1,1,1,1,1,2
0.8552911,0.631401,1,1,1,1,1,1,1,2
0.8126472,0.6481377,1,1,1,1,1,1,1,2
0.7711955,0.6668388,1,1,1,1,1,1,1,2
0.7311969,0.6876435,1,1,1,1,1,1,1,2
0.6928496,0.7107031,1,1,1,1,1,1,1,2
0.6562809,0.7361642,1,1,1,1,1,1,1,2
0.6215655,0.7641807,1,1,1,1,1,1,1,2
0.5887235,0.7949063,1,1,1,1,1,1,1,2
0.5577348,0.8285079,1,1,1,1,1,1,1,2
0.5285488,0.8651463,1,1,1,1,1,1,1,2
0.5208126,1,1,1,1,1,1,1,1,2
0.5326272,1,1,1,1,1,1,1,1,2
0.5447964,1,1,1,1,1,1,1,1,2
0.5573015,1,1,1,1,1,1,1,1,2
0.5701259,1,1,1,1,1,1,1,1,2
0.5832443,1,1,1,1,1,1,1,1,2
0.5966376,1,1,1,1,1,1,1,1,2
0.6102774,1,1,1,1,1,1,1,1,2
0.6241428,1,1,1,1,1,1,1,1,2
0.6382076,1,1,1,1,1,1,1,1,2
0.6524485,1,1,1,1,1,1,1,1,2
0.6668334,1,1,1,1,1,1,1,1,2
0.6813376,1,1,1,1,1,1,1,1,2
0.6959363,1,1,1,1,1,1,1,1,2
0.7105954,1,1,1,1,1,1,1,1,2
0.7252937,1,1,1,1,1,1,1,1,2
0.7400011,1,1,1,1,1,1,1,1,2
0.7546875,1,1,1,1,1,1,1,1,2
0.7693325,1,1,1,1,1,1,1,1,2
0.7839014,1,1,1,1,1,1,1,1,2
0.7983745,1,1,1,1,1,1,1,1,2
1,1,1,1,1,1,1,1,1,1
1,1,1,1,1,1,1,0.9874949,1,1
1,1,1,1,1,1,1,0.981716,1,1
1,1,1,1,1,1,1,0.975962,1,1
1,1,1,1,1,1,1,0.9702358,1,1
1,1,1,1,1,1,1,0.9645378,1,1
1,1,1,1,1,1,1,0.9588715,1,1
1,1,1,1,1,1,1,0.9532374,1,1
1,1,1,1,1,1,1,0.9476422,1,1
1,1,1,1,1,1,1,0.9420868,1,1
1,1,1,1,1,1,1,0.9365721,1,1
1,1,1,1,1,1,1,0.9311021,1,1
1,1,1,1,1,1,1,0.9256809,1,1
1,1,1,1,1,1,1,0.9203098,1,1
1,1,1,1,1,1,1,0.914993,1,1
1,1,1,1,1,1,1,0.9097349,1,1
1,1,1,1,1,1,1,0.9045369,1,1
1,1,1,1,1,1,1,0.8994034,1,1
1,1,1,1,1,1,1,0.8943359,1,0
1,1,1,1,1,1,1,0.889342,1,0
1,1,1,1,1,1,1,0.8844201,1,0
1,1,1,1,1,1,1,0.8795749,1,0
1,1,1,1,1,1,1,0.874811,1,0
1,1,1,1,1,1,1,0.8701329,1,0
1,1,1,1,1,1,1,0.8655423,1,0
1,1,1,1,1,1,1,0.8610405,1,0
1,1,1,1,1,1,1,0.8566353,1,0
1,1,1,1,1,1,1,0.8523251,1,0
1,1,1,1,1,1,1,0.8481174,1,0
1,1,1,1,1,1,1,0.8440105,1,0
1,1,1,1,1,1,1,0.840012,1,0
1,1,1,1,1,1,1,0.83612,1,0
1,1,1,1,1,1,1,0.832342,1,0
1,1,1,1,1,1,1,0.8286792,0.8335487,0
1,1,1,1,1,1,1,0.826421,0.8262016,0
1,1,1,1,1,1,1,1,0.8191174,0
1,1,1,1,1,1,1,1,0.8133833,0
1,1,1,1,1,1,1,1,0.807741,0
1,1,1,1,1,1,1,1,0.8022014,0
1,1,1,1,1,1,1,1,0.7967691,0
1,1,1,1,1,1,1,1,0.7914514,0
1,1,1,1,1,1,1,1,0.7862557,0
1,1,1,1,1,1,1,1,0.7811865,0
1,1,1,1,1,1,1,1,0.7762539,0
1,1,1,1,1,1,1,1,0.7714621,0
1,1,1,1,1,1,1,1,0.766818,0
1,1,1,1,1,1,1,1,0.7623255,0
1,1,1,1,1,1,1,1,0.7579912,0
1,1,1,1,1,1,1,1,0.7538217,0
1,1,1,1,1,1,1,1,0.7498236,0
1,1,1,1,1,1,1,1,0.7459998,0
1,1,1,1,1,1,1,1,0.7423565,0
1,1,1,1,1,1,1,1,0.7388996,0
1,1,1,1,1,1,1,1,0.7356318,0
1,1,1,1,1,1,1,1,0.7325586,0
1,1,1,1,1,1,1,1,0.7296823,0
1,1,1,1,1,1,1,1,1,1
1,1,1,1,1,1,1,1,1,1
1,1,1,1,1,1,1,1,1,1
1,1,1,1,1,1,1,1,1,1
1,1,1,1,1,1,1,1,1,1
1,1,1,1,1,1,1,1,1,1
1,1,1,1,1,1,1,1,1,1
1,1,1,1,1,1,1,1,1,1
1,1,1,1,1,1,1,1,1,1
1,1,1,1,1,1,1,1,1,1
1,1,1,1,1,1,1,1,1,1
1,1,1,1,1,1,1,1,1,1
1,1,1,1,1,1,1,1,1,1
1,1,1,1,1,1,1,1,1,1
1,1,1,1,1,1,1,1,1,1
1,1,1,1,1,1,1,1,1,1
1,1,1,1,1,1,1,1,1,1
1,1,1,1,1,1,1,1,1,1
1,1,1,1,1,1,1,1,1,1
1,1,1,1,1,1,1,1,1,1
1,1,1,1,1,1,1,1,1,1
1,1,1,1,1,1,1,1,1,1
1,1,1,1,1,1,1,1,1,1
1,1,1,1,1,1,1,1,1,1
1,1,1,1,1,1,1,1,1,1
1,1,1,1,1,1,1,1,1,1
1,1,1,1,1,1,1,1,1,1
1,1,1,1,1,1,1,1,1,1
1,1,1,1,1,1,1,1,1,1
1,1,1,1,1,1,1,1,1,1
1,1,1,1,1,1,1,1,1,1
1,1,1,1,1,1,1,1,1,1
1,1,1,1,1,1,1,1,1,1
1,1,1,1,1,1,1,1,1,1
1,1,1,1,1,1,1,1,1,1
1,1,1,1,1,1,1,1,1,1
1,1,1,1,1,1,1,1,1,1
1,1,1,1,1,1,1,1,1,1
1,1,1,1,1,1,1,1,1,1
1,1,1,1,1,1,1,1,1,1
1,1,1,1,1,1,1,1,1,1
1,1,1,1,1,1,1,1,1,1
1,1,1,1,1,1,1,1,1,1
1,1,1,1,1,1,1,1,1,1
1,1,1,1,1,1,1,1,1,1
1,1,1,1,1,1,1,1,1,1
1,1,1,1,1,1,1,1,1,1
1,1,1,1,1,1,1,1,1,1
1,1,1,1,1,1,1,1,1,1
1,1,1,1,1,1,1,1,1,1
1,1,1,1,1,1,1,1,1,1
1,1,1,1,1,1,1,1,1,1
1,1,1,1,1,1,1,1,1,1
1,1,1,1,1,1,1,1,1,1
1,1,1,1,1,1,1,1,1,1
1,1,1,1,1,1,1,1,1,1
1,1,1,1,1,1,1,1,1,1
1,1,1,1,1,1,1,1,1,1
1,1,1,1,1,1,1,1,1,1
1,1,1,1,1,1,1,1,1,1
1,1,1,1,1,1,1,1,1,1
1,1,1,1,1,1,1,1,1,1
1,1,1,1,1,1,1,1,1,1
1,1,1,1,1,1,1,1,1,1
1,1,1,1,1,1,1,1,1,1
1,1,1,1,1,1,1,1,1,1
1,1,1,1,1,1,1,1,1,1
1,1,1,1,1,1,1,1,1,1
1,1,1,1,1,1,1,1,1,1
1,1,1,1,1,1,1,1,1,1
1,1,1,1,1,1,1,1,1,1
1,1,1,1,1,1,1,1,1,1
1,1,1,1,1,1,1,1,1,1
1,1,1,1,1,1,1,1,1,1
1,1,1,1,1,1,1,1,1,1
1,1,1,1,1,1,1,1,1,1
1,1,1,1,1,1,1,1,1,1
1,1,1,1,1,1,1,1,1,1
1,1,1,1,1,1,1,1,1,1
1,1,1,1,1,1,1,1,1,1
1,1,1,1,1,1,1,1,1,1
1,1,1,1,1,1,1,1,1,1
1,1,1,1,1,1,1,1,1,1
1,1,1,1,1,1,1,1,1,1
1,1,1,1,1,1,1,1,1,1
1,1,1,1,1,1,1,1,1,1
1,1,1,1,1,1,1,1,1,1
1,1,1,1,1,1,1,1,1,1
1,1,1,1,1,1,1,1,1,1
1,1,1,1,1,1,1,1,1,1
1,1,1,1,1,1,1,1,1,1
1,1,0.8852428,1,1,1,0.8725243,0.9680422,1,1
1,1,0.8816801,1,1,1,0.8609884,0.9690758,1,1
1,1,0.8790881,1,1,1,0.84943,0.9702106,1,1
1,1,0.8762853,1,1,1,0.8378463,0.9714534,1,1
1,1,0.8732861,1,1,1,0.8265611,0.9728018,1,1
1,1,0.8701148,1,1,1,0.8296844,0.9742484,1,1
1,1,0.8672615,1,1,1,0.8325374,0.97557,1,1
1,1,0.8646825,1,1,1,0.8351519,0.9767826,1,1
1,1,0.86236,1,1,1,0.8375344,0.9778889,1,1
1,1,0.860258,1,1,1,0.8397139,0.9789034,1,1
1,1,0.8583585,1,1,1,0.841702,0.9798314,1,1
1,1,0.8566457,1,1,1,0.8435089,0.9806774,1,1
1,1,0.8550919,1,1,1,0.8451597,0.9814538,1,1
1,1,0.8536865,1,1,1,0.8466617,0.9821636,1,1
1,1,0.85242,1,1,1,0.8480219,0.9828097,1,1
1,1,0.8512703,1,1,1,0.8492615,0.9782698,1,1
1,1,0.849948,1,1,1,0.8506947,0.9624063,1,1
1,1,0.8478241,1,1,1,0.853017,0.9460769,1,1
1,0.9907783,0.844947,1,1,1,0.8562007,0.9293319,1,1
1,0.9766964,0.8418772,1,1,1,0.8596448,0.9125354,1,1
1,0.962485,0.8389052,1,1,1,0.8630239,0.8958659,1,1
1,0.9481384,0.83604,1,1,1,0.8663224,0.8793257,1,1
1,0.9336519,0.8332968,1,1,1,0.869517,0.8629156,1,1
1,0.9190227,0.8306824,1,1,1,0.8725942,0.8466361,1,1
1,0.9042484,0.8282093,1,1,1,0.8755324,0.830486,1,1
1,0.8893286,0.8258752,1,1,1,0.878328,0.8144638,0.9789521,1
1,0.875203,0.8222869,1,1,1,0.8827143,0.7978142,0.9383819,1
1,0.8626724,0.8162224,1,1,1,0.8903545,0.7799184,0.8938287,0
1,0.8518256,0.8075708,1,1,1,0.9017167,0.7608011,0.8457879,0
1,0.842725,0.7963618,1,1,1,0.9172918,0.7405347,0.7949778,0
1,0.8354286,0.782738,1,1,1,0.937638,0.7192621,0.7859139,0
1,0.8280044,0.7694446,1,1,1,1,0.6984388,0.7887214,0
1,0.8191692,0.758052,1,1,1,1,0.6788522,0.7913572,0
1,0.8099669,0.7471341,1,1,1,1,0.6597443,0.7940605,0
1,0.8003489,0.736703,1,1,1,1,0.6411023,0.7968158,0
1,0.7902802,0.7267725,1,1,1,1,0.6229202,0.7996037,0
1,0.7797238,0.7173406,1,1,1,1,0.6051845,0.8024119,0
1,0.7686462,0.7084085,1,1,1,1,0.5878808,0.8052241,0
1,0.7570186,0.6999753,1,1,1,1,0.5709929,0.8080245,0
1,0.744811,0.6920437,1,1,1,1,0.5544993,0.8107941,0
1,0.7320108,0.6846093,1,1,1,1,0.5383859,0.8135179,0
1,0.7186056,0.6776653,1,1,1,1,0.5278224,0.8161818,1
1,0.7044225,0.6713694,1,1,1,1,0.5317096,0.8187194,1
1,0.6890447,0.6661358,1,1,1,1,0.5351091,0.8209769,1
1,0.6725621,0.6618977,1,1,1,1,0.5380108,0.8229474,1
1,0.6550704,0.6585995,1,1,1,1,0.5404108,0.824628,1
1,0.6366795,0.656195,1,1,1,1,0.5423108,0.8260191,1
1,0.6175069,0.6546448,1,1,1,1,0.5437186,0.8271244,1
1,0.597667,0.6539102,1,1,1,1,0.5446516,0.8241771,1
1,0.5774113,0.6538052,1,1,1,1,0.5452174,0.8021488,1
1,0.557468,0.653522,1,1,1,1,0.5458765,0.7794951,1
1,0.5378288,0.6530336,1,1,1,1,0.546642,0.7561868,1
1,0.5184874,0.6523087,1,1,1,1,0.5475309,0.7322139,1
1,0.4994394,0.6513191,1,1,1,1,0.5485588,0.7075862,1
1,0.4806716,0.6500345,1,1,1,1,0.549744,0.6823188,1
1,0.4621613,0.6484416,1,1,1,1,0.5510947,0.6564316,1
1,0.4438943,0.6465245,1,1,1,1,0.5526216,0.6299732,1
1,0.4258478,0.6442744,1,1,1,1,0.5543339,0.6029958,1
1,0.4079967,0.6416875,1,1,1,1,0.5562383,0.5755624,1
1,0.4017016,0.6387662,1,1,1,1,0.55834,0.5477527,1
1,0.3999237,0.6350983,1,1,1,1,0.5608881,0.5191191,1
1,0.3979084,0.6305639,1,1,1,1,0.5639776,0.4896758,1
1,0.3956647,0.6252286,1,1,1,1,0.5676045,0.4596807,1
1,0.393208,0.619176,1,1,1,1,0.571759,0.4293903,0
1,0.3905555,0.6124963,1,1,1,1,0.576429,0.4212391,1
1,0.3879459,0.6061057,1,1,1,1,0.5810366,0.4234282,1
1,0.3854742,0.6003493,1,1,1,1,0.5853196,0.42555,1
1,0.3831261,0.595149,1,1,1,1,0.5892938,0.4276045,1
1,0.3808864,0.5904347,1,1,1,1,0.5929787,0.4295951,1
1,0.3787461,0.5861521,1,1,1,1,0.5963889,0.4315218,1
1,0.3766981,0.5822561,1,1,1,1,0.5995389,0.4333843,1
1,0.3747299,0.5786974,1,1,1,1,0.6024512,0.4351889,1
0.761279,0.3728375,0.5754446,1,1,1,1,0.6051381,0.4369349,2
0.6202457,0.3734184,0.5813789,1,1,1,1,0.6007282,0.4366432,2
0.4811822,0.3754324,0.5925518,1,1,1,1,0.592981,0.4353308,2
0.3585415,0.3789114,1,1,1,1,1,0.582642,0.4331827,2
0.318043,0.3813933,1,1,1,1,1,0.5757459,0.4319045,2
0.3180877,0.3843875,1,1,1,1,1,0.5685123,0.4304508,2
0.3182788,0.3874215,1,1,1,1,1,0.5619334,0.4290992,2
0.3185987,0.3904786,1,1,1,1,1,0.5559283,0.4278324,2
0.3190277,0.3935388,1,1,1,1,1,0.5504333,0.4266394,2
0.3195569,0.3965951,1,1,1,1,1,0.5453821,0.4255021,2
0.3201691,0.3996292,1,1,1,1,1,0.5407304,0.4244148,2
0.3208539,0.4026319,1,1,1,1,1,0.536433,0.4233673,2
0.321602,0.4055946,1,1,1,1,1,0.532451,0.422351,2
0.3224046,0.4085093,1,0.9960694,1,1,1,0.5287513,0.4213596,2
0.323253,0.4113744,1,0.9847174,1,1,1,0.5252975,0.4203879,2
0.3241469,0.4142039,1,0.9735258,1,1,1,0.5220433,0.4194247,2
0.3250816,0.4169927,1,0.9990139,1,1,1,0.518971,0.4184659,2
0.3260243,0.4196439,1,1,1,1,1,1,0.4175357,2
0.328792,0.4285823,1,1,1,1,1,1,0.4150476,2
0.3318653,0.4380169,1,1,1,1,1,0.498899,0.4126181,1
0.3329293,0.4399679,1,1,1,1,1,1,0.411668,2
0.3362612,0.4497337,1,1,1,1,1,1,0.4093231,2
0.3398049,1,1,1,1,1,1,1,0.4070241,1
0.3412066,1,1,1,1,1,1,1,0.4057836,1
0.3426032,1,1,1,1,1,1,1,0.4045419,1
0.3439947,1,1,1,1,1,1,1,0.4032987,1
0.3453811,1,1,1,1,1,1,1,0.4020538,1
0.3467589,1,1,1,1,1,1,1,0.4008099,1
0.3481282,1,1,1,1,1,1,1,0.3995667,1
0.3494857,1,1,1,1,1,1,1,0.3983272,1
0.3508314,1,1,1,1,1,1,1,0.397091,1
0.3521656,1,1,1,1,1,1,1,0.395858,1
0.3534849,1,0.8343756,1,1,1,1,1,0.3946309,1
0.355121,1,0.8233587,1,1,1,1,1,0.3932694,1
0.3567815,1,0.8123699,1,1,1,1,1,0.3918901,1
0.358466,1,0.8014096,1,1,1,1,1,0.3904932,1
0.3601739,1,0.7904781,1,1,1,1,1,0.3890787,1
0.3619013,1,0.7795752,1,1,1,1,1,0.3876498,1
0.3636512,1,0.7686981,1,1,1,1,1,0.3862036,1
0.3654197,1,0.7578496,1,1,1,1,1,0.384743,1
0.3672096,1,0.7470299,1,1,1,1,1,0.383265,1
0.6319164,1,0.7362387,1,1,1,1,1,0.3817728,0
0.6311423,1,0.7277376,1,1,1,1,1,0.3808541,0
0.630398,1,0.7191715,1,1,1,1,1,0.3800257,0
0.6296836,1,0.7105344,1,1,1,1,1,1,2
1,1,0.6959867,1,1,1,1,1,1,1
1,1,0.6848033,1,1,1,1,1,1,1
1,1,0.6736435,1,1,1,1,1,1,1
1,1,0.6625093,1,1,1,1,1,1,1
1,1,0.6514027,1,1,1,1,1,1,1
1,1,0.6629789,1,1,1,1,1,1,1
1,1,0.6777961,1,1,1,1,1,1,1
1,1,0.6926214,1,1,1,1,1,1,1
1,1,0.7074371,1,1,1,1,1,1,1
1,1,1,1,0.9965423,1,1,1,1,1
1,1,1,1,0.9865372,1,1,1,1,1
1,1,1,1,0.9765204,1,1,1,1,1
1,1,1,1,0.9664925,1,1,1,1,1
1,1,1,1,0.956454,1,1,1,1,1
1,1,1,1,0.9464051,0.9904894,1,1,1,1
1,1,1,1,0.9363252,0.9798473,1,1,1,1
1,1,1,1,0.9262104,0.9691309,1,1,1,1
1,1,1,1,0.9160654,0.958347,1,1,1,1
1,1,1,1,0.9058887,0.9474958,1,1,1,1
1,1,1,1,0.8956827,0.936581,1,1,1,1
1,1,1,1,0.8854524,0.9256099,1,1,1,1
1,1,1,1,0.8751971,0.9145837,1,1,1,1
1,1,1,1,0.8649192,0.9035071,1,1,1,1
1,1,1,1,0.8546182,0.8923812,1,1,1,1
1,1,1,1,0.8442998,0.8812144,1,1,1,1
1,1,1,1,0.8339666,0.8700116,1,1,1,1
1,1,1,1,0.8236215,0.8587779,1,1,1,1
1,1,1,1,0.8132638,0.8475151,1,1,1,1
1,1,1,1,0.8028994,0.8362314,1,1,1,1
1,1,1,1,0.7925277,0.8249286,1,1,1,1
1,1,1,1,0.7821544,0.8136147,1,1,1,1
1,1,1,1,0.7717789,0.8022914,1,1,1,1
1,0.4739695,1,1,0.7614065,0.7909665,0.8933261,1,1,2
1,0.4568306,1,1,0.7522808,0.7827358,0.8865085,1,1,2
1,0.4400743,1,1,0.7431853,0.7744899,0.8796026,1,1,2
1,0.4236915,1,1,0.7341118,0.7662164,0.9982901,1,1,2
1,0.4066544,1,1,0.7254053,0.7586856,0.9938141,1,1,2
1,0.3900856,1,1,0.716745,0.7511454,0.9892543,1,1,2
0.9613613,0.3739654,1,1,0.7081187,0.7435786,0.9845757,1,1,2
0.9163465,0.3809597,1,1,0.69972,0.7363892,0.9807955,1,1,2
0.8723541,0.3903544,1,1,0.6915125,0.7294781,0.977653,1,1,2
0.8790959,0.4006304,1,1,0.6834861,0.7228158,0.9750758,1,1,2
0.8872017,0.4107665,1,1,0.6753335,0.7158068,0.9715918,1,1,2
0.8949591,0.420651,1,1,0.667022,0.7084142,0.9671221,1,1,2
0.9023131,0.8856157,1,0.9194013,0.6585317,0.7006236,0.9616443,1,1,1
0.9032516,0.8760406,1,0.9320594,0.6479022,0.6888102,0.9461901,1,1,1
0.9039772,0.8666352,1,0.9513054,0.6372364,0.6769298,0.9305661,1,1,0
0.9045109,0.8573726,1,0.9781305,0.6265455,0.6650023,0.9148196,1,1,0
0.4013546,0.848222,1,1,0.6158367,0.653043,0.898991,1,1,2
0.3717942,0.8279215,1,0.7977738,0.6079176,0.6463646,0.8964011,1,1,2
0.3437671,0.8082067,1,0.6464193,0.6000912,0.6397614,0.8939651,1,1,2
0.3172448,0.7891407,1,0.5727766,0.5923299,0.6331845,0.8915658,1,1,2
0.3172518,0.7706596,1,0.5639659,0.584636,0.6266435,0.8892365,1,1,2
0.3232556,0.7824377,1,0.5552025,0.576865,0.6198862,0.886351,1,1,2
0.32915,0.8015609,1,0.5463949,0.5688307,0.6125984,0.8821246,1,1,2
0.3348502,0.819105,1,0.5375016,0.5604852,0.604717,0.8764021,1,1,2
0.340325,0.8349365,1,0.5285038,0.5518268,0.5962566,0.86922,1,1,2
0.3455483,0.8489582,1,0.5193936,0.5428645,0.5872447,0.8606412,1,1,1
1,0.8611129,1,0.510166,0.5336105,0.5777127,0.8507426,1,1,0
1,0.8391532,1,0.4989924,0.5199951,0.5606265,0.8215766,1,1,0
1,0.8189607,1,0.4880428,0.5067543,0.5441507,0.7939662,1,1,0
1,0.8004935,1,0.4773025,0.4938757,0.5282699,0.6292799,1,1,0
1,0.7809662,1,0.4666494,0.481026,0.51238,0.6055566,1,1,0
1,0.7625598,1,0.4561894,0.4684778,0.4969646,0.5828469,1,1,0
1,0.7459359,1,0.4459264,0.4562935,0.4821528,0.5614178,1,1,0
1,0.7312943,1,0.605675,0.4444719,0.4679639,0.5413087,1,1,0
1,0.7185349,1,1,0.4329761,0.4543519,0.5224249,1,1,0
1,0.7072589,1,1,0.4217417,0.4412105,0.5045418,1,1,0
1,0.6969622,1,1,0.4107032,0.4284216,0.4874072,1,1,0
1,0.687557,1,1,0.3998359,0.4159493,0.4709488,1,1,0
0.9163642,0.6789612,1,1,0.3891171,0.4037605,0.4550996,1,1,0
0.9139285,0.6734217,1,1,0.3786646,0.3921995,0.4406703,1,1,0
1,0.6683123,1,1,0.3682844,0.3807951,0.4265892,1,1,0
0.9084488,0.6612307,1,1,0.3578496,0.369179,0.411987,1,1,0
1,0.6571168,1,1,0.3476056,0.3580933,0.3986287,1,1,0
1,0.6509074,1,1,0.3373101,0.3467855,0.3847132,0.7502367,1,0
0.8986737,0.6399928,1,1,0.3269226,0.3349665,0.3694716,0.7146971,1,0
0.8949658,0.6320572,1,1,0.3167156,0.3236738,0.3554757,0.6850908,1,0
0.8914472,0.6245143,1,1,0.3065856,0.3125429,0.341831,0.4899718,1,0
0.8867318,0.6144413,1,1,0.5006081,0.3012605,0.327669,0.4631156,1,0
0.8825048,0.6053513,1,1,1,0.2902299,0.3140707,0.4383169,1,0
0.8785917,0.5968929,1,1,1,0.2793892,0.3008961,0.4150446,1,0
0.874947,0.5889844,1,1,1,0.2687129,0.2880957,0.3930971,1,0
0.8715414,0.5815823,1,1,1,0.2581813,0.2756332,0.3723291,1,0
0.8683437,0.5746393,1,1,1,0.2477737,0.263472,0.3526056,1,0
0.8653261,0.5681139,1,1,1,0.2374714,0.2515784,0.3338053,1,0
0.8624636,0.5619671,1,1,1,0.2272609,0.2399249,0.3158247,1,0
0.8597329,0.5561629,1,1,1,0.2171307,0.2284871,0.2985721,1,0
0.8571073,0.550661,1,1,1,0.2070654,0.2172371,0.2819586,1,0
0.8545722,0.5454356,1,1,1,0.2477954,0.2061529,0.2659097,1,0
0.8521175,0.5404845,1,1,1,0.3783528,0.1952232,0.2503819,1,0
0.8497311,0.535798,1,1,1,0.9174423,0.1844297,0.2353213,0.4384797,0
0.8462501,0.5272009,1,1,1,0.9074019,0.173162,0.2182875,0.3954349,0
0.8429443,0.5188009,1,1,1,0.8977991,0.1621363,0.2019867,0.3563427,0
0.8398122,0.5105862,1,1,1,1,0.1513378,0.1863664,0.3206819,0
0.8368496,0.5025426,0.7212572,1,1,1,0.1407525,0.1713789,0.2880193,0
0.8340555,0.4976287,0.6989933,1,1,1,0.1322411,0.1569844,0.257997,0
0.831417,0.4958528,0.6788329,1,1,1,0.1660228,0.1432636,0.2307959,0
0.8288798,0.4923836,0.6607391,1,1,1,0.2082385,0.130154,0.2060316,0
0.8263818,0.4869594,0.6444502,1,1,1,0.260825,0.1175665,0.183269,0
0.8238737,0.4793513,0.629752,1,1,1,0.3259895,0.105427,0.1621589,0
0.8213114,0.4693511,0.6164595,1,1,1,0.4061928,0.09366421,0.1424047,0
0.8186585,0.4568048,0.6044172,1,1,1,0.8143204,0.08477773,0.1237652,0
0.8158053,0.4506531,0.5941718,1,1,1,0.8043617,0.0933601,0.1061961,0
0.8128525,0.4455897,0.5845729,1,1,1,0.7945579,0.1022121,0.08922897,0
0.8097997,0.4406358,0.5755267,1,1,1,0.7848827,0.1112991,0.07276455,0
0.8066466,0.43578,0.5669734,1,1,1,0.775313,0.120579,0.07094686,0
0.8033469,0.4310787,0.5591072,1,1,1,0.765844,0.1298917,0.07598163,1
0.7998901,0.4265479,0.5519571,1,1,1,0.7564592,0.139109,0.08101761,1
0.796289,0.4221664,0.5454262,1,1,1,0.7471343,0.1481747,0.08603584,1
0.7925598,0.4179185,0.5394357,1,1,1,0.8169152,0.1570398,0.09101866,1
0.7887102,0.4138128,0.5339893,1,1,1,0.9240883,0.1656131,0.09593621,1
0.7847531,0.4098436,0.5290494,1,1,1,1,0.1738455,0.1007727,1
0.7807203,0.4060004,0.5245448,1,1,1,1,0.1817178,0.1055141,1
0.7766412,0.4022577,0.5203702,1,1,1,1,0.1892655,0.110166,1
0.7725333,0.3986128,0.5164973,1,1,1,1,0.1964771,0.1147205,1
0.811982,0.395064,0.5129024,1,1,1,1,0.2033463,0.1191708,1
0.9000293,0.3913609,0.5086808,1,1,1,1,0.2106249,0.1237025,1
0.9652139,0.3872363,0.5029153,1,1,1,1,0.2192061,0.1285494,1
1,0.3828458,0.4962321,1,1,1,1,0.2287391,0.1336418,1
1,0.3783773,0.4893374,1,1,1,1,0.2386826,0.1388536,1
1,0.3740187,0.4829153,1,1,1,1,0.2483309,0.1440136,1
1,0.369757,1,1,1,1,1,0.2576581,0.1491123,0
1,0.3636575,0.4642971,1,1,1,1,0.2757125,0.1563133,1
1,0.359632,1,1,1,1,1,0.283934,0.1612699,0
0.3457649,0.3537916,1,1,1,1,1,0.6633965,0.168632,2
0.3406557,0.3517118,1,1,1,1,1,0.6597077,0.1709613,2
0.3359165,0.3498886,1,1,1,1,1,0.6559698,0.1731204,2
0.3315299,0.3483118,1,1,1,1,1,0.6521569,0.1751213,2
0.3274735,0.346965,1,1,1,1,1,0.648239,0.1769814,2
0.3237318,0.3458387,1,1,1,1,1,0.6441897,0.1787086,2
0.3202811,0.3449134,1,1,1,1,0.9202586,0.6399832,0.18032,2
0.3171095,0.3441176,1,1,1,1,0.8312066,0.6354234,0.18187,2
0.3141866,0.3433988,1,1,1,1,0.7659701,0.630413,0.1833886,2
0.3114808,0.3427355,1,1,1,1,0.7164704,0.6249373,0.1848802,2
0.3089695,0.3421144,1,1,1,1,0.6778992,0.6189908,0.1863423,2
0.3066297,0.3415204,1,1,1,1,0.6472493,0.6125654,0.187777,2
0.3044375,0.3409365,1,1,1,1,0.6225525,0.6056682,0.1891901,2
0.30238,0.3403571,1,1,1,1,0.6024164,0.5982998,0.1905777,2
0.3004368,1,1,1,1,1,0.5858959,0.5904676,0.1919466,0
0.2979992,1,1,1,1,1,0.6383759,0.571319,0.1960073,0
0.2955004,1,1,1,1,1,0.696468,0.5531731,1,2
0.2934264,1,1,1,1,1,0.6555167,0.5475534,1,2
0.2915575,1,1,1,1,1,0.6220222,0.5415251,1,2
0.2898757,1,1,1,1,1,0.5942084,0.5350734,1,2
0.2883612,1,1,1,1,1,0.5708402,0.5281831,1,2
0.2869956,1,1,1,1,1,0.5510261,0.5208384,1,2
0.2857643,1,1,1,1,1,0.5340968,0.513035,1,2
0.2846538,1,1,1,1,1,0.5195469,0.5047681,1,2
0.2836486,1,1,1,1,1,0.5069988,0.4960323,1,2
0.2827367,1,1,1,1,1,0.4961494,0.4868299,1,2
1,1,1,1,1,1,0.4867694,0.4771665,1,0
1,1,1,1,1,1,0.5245053,0.4546874,1,0
1,1,1,1,1,1,0.5687644,0.4332832,1,0
1,1,1,1,1,1,0.6200321,0.4130295,1,0
1,1,1,1,1,1,0.6790302,0.3939005,0.6921052,0
1,1,1,1,1,1,0.7538371,0.3752283,0.6431935,0
1,1,1,1,1,1,1,0.357367,0.5984207,0
1,1,1,1,1,1,1,0.3402624,0.557289,0
1,1,1,1,1,1,1,0.323869,0.5193835,0
1,1,1,1,1,1,1,0.3201895,0.4843391,0
1,1,1,1,1,1,1,0.3372415,0.4518599,0
1,1,1,1,1,1,1,0.3560539,0.4216748,0
1,1,1,1,1,1,1,0.3768372,0.393559,0
1,1,1,1,1,1,1,0.3998449,0.367312,0
1,1,1,1,1,1,1,0.42537,0.3427634,0
1,1,1,1,1,1,1,0.4537688,0.3197588,0
1,1,1,1,1,1,1,0.4854609,0.2981619,0
1,1,1,1,1,1,1,0.5209544,0.2778569,0
0.5825676,1,1,1,1,1,1,0.5608782,0.285608,0
1,1,1,1,1,1,1,0.5911104,0.2954805,0
0.578791,1,1,1,1,1,1,0.6398529,0.3087182,0
1,1,1,1,1,1,1,0.670633,0.3186668,0
1,1,1,1,1,1,1,1,0.3333827,0
1,1,1,1,1,1,1,1,0.3484578,0
0.5688275,1,1,1,1,1,1,1,0.3642054,1
1,1,1,1,1,1,1,1,0.3728817,0
1,1,1,1,1,1,1,1,0.3893675,0
1,1,1,1,1,1,1,1,0.4064806,0
1,1,1,1,1,1,1,1,0.4242019,0
1,1,1,1,1,1,1,1,0.442503,0
1,1,1,1,1,1,1,1,0.4613518,0
1,1,1,1,1,1,1,1,0.480717,0
1,1,1,1,1,1,1,1,0.5005682,0
1,1,1,1,1,1,1,1,0.520861,0
1,1,1,1,1,1,1,1,0.5415526,0
1,1,1,1,1,1,1,1,0.5625967,0
1,1,1,1,1,1,1,1,0.5839437,0
1,1,1,1,1,1,1,1,1,1
1,1,1,1,1,1,1,1,1,1
1,1,1,1,1,1,1,1,1,1
1,1,1,1,1,1,1,1,1,1
1,1,1,1,1,1,1,1,1,1
1,1,1,1,1,1,1,1,1,1
1,1,1,1,1,1,1,1,1,1
1,1,1,1,1,1,1,1,1,1
1,1,1,1,1,1,1,1,1,1
1,1,0.996455,1,1,1,1,1,1,1
1,1,0.9891567,1,1,1,1,1,1,1
1,1,0.9819738,1,1,1,1,1,1,1
1,1,0.9749018,1,1,1,1,1,1,1
1,1,0.9679441,1,1,1,1,1,1,1
1,1,0.9610976,1,1,1,1,1,1,1
1,1,0.9543591,1,1,1,1,1,1,1
1,1,0.9477323,1,1,1,1,1,1,1
1,1,0.9412117,1,1,1,1,1,1,1
1,1,0.9348014,1,1,1,1,1,1,1
1,1,0.9284995,1,1,1,1,1,1,1
1,1,0.9223072,1,1,1,1,1,1,1
1,1,0.9162229,1,1,1,1,1,1,1
1,1,0.9102481,1,1,1,1,1,1,1
1,1,0.9043814,1,1,1,1,1,1,1
1,1,0.8986246,1,1,1,1,1,1,1
1,1,0.89298,1,1,1,1,1,1,1
1,1,0.8874461,1,1,1,1,1,1,2
1,1,0.8820252,1,1,1,1,1,1,2
1,1,0.8767164,1,1,1,1,1,1,2
1,1,0.8715218,1,1,1,1,1,1,2
1,1,0.8664406,1,1,1,1,1,1,2
1,1,0.8614752,1,1,1,1,1,1,2
1,1,0.8566244,1,1,1,1,1,1,2
1,1,0.8518913,1,1,1,1,1,1,2
1,1,0.8472746,1,1,1,1,1,1,2
1,1,0.842777,1,1,1,1,1,1,2
1,1,0.8383975,1,1,1,1,1,1,2
1,1,0.8341388,1,1,1,1,1,1,2
1,1,0.8300001,1,1,1,1,1,1,2
1,0.7951814,0.8259805,1,1,1,1,1,1,2
1,0.7241284,0.8260388,1,1,1,1,1,1,2
1,0.7194057,0.8278401,1,1,1,1,1,1,2
1,0.71505,0.8301437,1,1,1,1,1,1,2
1,0.7110605,0.8329512,1,1,1,1,1,1,2
1,0.7074345,0.836263,1,1,1,1,1,1,2
1,0.7041658,1,1,1,1,1,1,1,2
1,0.7005109,1,1,1,1,1,1,1,2
1,0.6970706,1,1,1,1,1,1,1,2
1,0.693849,1,1,1,1,1,1,1,2
1,0.6908468,1,1,1,1,1,1,1,2
1,0.688068,1,1,1,1,1,1,1,2
1,0.6855129,1,1,1,1,1,1,1,2
1,0.6831849,1,1,1,1,1,1,1,2
1,0.6810842,1,1,1,1,1,1,1,2
1,0.6792137,1,1,1,1,1,1,1,2
1,0.6775702,1,1,1,1,1,1,1,2
0.652217,0.6761562,1,1,1,1,1,1,1,2
0.6467663,0.6768169,1,1,1,1,1,1,1,2
0.6418214,0.6779929,1,1,1,1,1,1,1,2
0.6373761,0.6796985,1,1,1,1,1,1,1,2
0.6334226,0.6819458,1,1,1,1,1,1,1,2
0.6299538,0.6847488,1,1,1,1,1,1,1,2
0.6269675,0.6881266,1,1,1,1,1,1,1,2
0.624459,1,1,1,1,1,1,1,1,2
0.6222855,1,1,1,1,1,1,1,1,2
0.6204225,1,1,1,1,1,1,1,1,2
0.6188707,1,1,1,1,1,1,1,1,2
0.6176308,1,1,1,1,1,1,1,1,2
0.6167034,1,1,1,1,1,1,1,1,2
0.6160916,1,1,1,1,1,1,1,1,2
0.6157956,1,1,1,1,1,1,1,1,2
0.6158149,1,1,1,1,1,1,1,1,2
0.6161493,1,1,1,1,1,1,1,1,2
0.6167949,1,1,1,1,1,1,1,1,2
0.6177537,1,1,1,1,1,1,1,1,2
0.6190217,1,1,1,1,1,1,1,1,2
0.6206005,1,1,1,1,1,1,1,1,2
0.6224822,1,1,1,1,1,1,1,1,2
1,1,1,1,1,1,1,1,1,1
1,1,1,1,1,1,1,1,1,1
1,1,1,1,1,1,1,1,1,1
1,1,1,1,1,1,1,1,1,1
1,1,1,1,1,1,1,1,1,1
1,1,1,1,1,1,1,1,1,1
1,1,1,1,1,1,1,1,1,1
1,1,1,1,1,1,1,1,1,1
1,1,1,1,1,1,1,1,1,1
1,1,1,1,1,1,1,1,1,1
1,1,1,1,1,1,1,1,1,1
1,1,1,1,1,1,1,1,1,1
1,1,1,1,1,1,1,1,1,1
1,1,1,1,1,1,1,1,1,1
1,1,1,1,1,1,1,1,1,1
1,1,1,1,1,1,1,1,1,1
1,1,1,1,1,1,1,1,1,1
1,1,1,1,1,1,1,1,1,1
1,1,1,1,1,1,1,1,1,1
1,1,1,1,1,1,1,1,1,1
1,1,1,1,1,1,1,1,1,1
1,1,1,1,1,1,1,1,1,1
1,1,1,1,1,1,1,1,1,1
1,1,1,1,1,1,1,1,1,1
1,1,1,1,1,1,1,1,1,1
1,1,1,1,1,1,1,1,1,1
1,1,1,1,1,1,1,1,1,1
1,1,1,1,1,1,1,1,1,1
1,1,1,1,1,1,1,1,1,1
1,1,1,1,1,1,1,1,1,1
1,1,1,1,1,1,1,1,1,1
1,1,1,1,1,1,1,1,1,1
1,1,1,1,1,1,1,1,1,1
1,1,1,1,1,1,1,1,1,1
1,1,1,1,1,1,1,1,1,1
1,1,1,1,1,1,1,1,1,1
1,1,1,1,1,1,1,1,1,1
1,1,1,1,1,1,1,1,1,1
1,1,1,1,1,1,1,1,1,1
1,1,1,1,1,1,1,1,1,1
1,1,1,1,1,1,1,1,1,1
1,1,1,1,1,1,1,1,1,1
1,1,1,1,1,1,1,1,1,1
1,1,1,1,1,1,1,1,1,1
1,1,1,1,1,1,1,1,1,1
1,1,1,1,1,1,1,1,1,1
1,1,1,1,1,1,1,1,1,1
1,1,1,1,1,1,1,1,1,1
1,1,1,1,1,1,1,1,1,1
1,1,1,1,1,1,1,1,1,1
1,1,1,1,1,1,1,1,1,1
1,1,1,1,1,1,1,1,1,1
1,1,1,1,1,1,1,1,1,1
1,1,1,1,1,1,1,1,1,1
1,1,1,1,1,1,1,1,1,1
1,1,1,1,1,1,1,1,1,1
1,1,1,1,1,1,1,1,1,1
1,1,1,1,1,1,1,1,1,1
1,1,1,1,1,1,1,1,1,1
1,1,1,1,1,1,1,1,1,1
1,1,1,1,1,1,1,1,1,1
1,1,1,1,1,1,1,1,1,1
1,1,1,1,1,1,1,1,1,1
1,1,1,1,1,1,1,1,1,1
1,1,1,1,1,1,1,1,1,1
1,1,1,1,1,1,1,1,1,1
1,1,1,1,1,1,1,1,1,1
1,1,1,1,1,1,1,1,1,1
1,1,1,1,1,1,1,1,1,1
1,1,1,1,1,1,1,1,1,1
1,1,1,1,1,1,1,1,1,1
1,1,1,1,1,1,1,1,1,1
1,1,1,1,1,1,1,1,1,1
1,1,1,1,1,1,1,1,1,1
1,1,1,1,1,1,1,1,1,1
1,1,1,1,1,1,1,1,1,1
1,1,1,1,1,1,1,1,1,1
1,1,1,1,1,1,1,1,1,1
1,1,1,1,1,1,1,1,1,1
1,1,1,1,1,1,1,1,1,1
1,1,1,1,1,1,1,1,1,1
1,1,1,1,1,1,1,1,1,1
1,1,1,1,1,1,1,1,1,1
1,1,1,1,1,1,1,1,1,1
1,1,1,1,1,1,1,1,1,1
1,1,1,1,1,1,1,1,1,1
1,1,1,1,1,1,1,1,1,1
1,1,1,1,1,1,1,1,1,1
1,1,1,1,1,1,1,1,1,1
1,1,1,1,1,1,1,1,1,1
1,1,1,1,1,1,1,1,1,1
1,1,1,1,1,1,1,1,1,1
1,1,1,1,1,1,1,1,1,1
1,1,1,1,1,1,1,1,1,1
1,1,1,1,1,1,1,1,1,1
1,1,1,1,1,1,1,1,1,1
1,1,1,1,1,1,1,1,1,1
1,1,1,1,1,1,1,1,1,1
1,1,1,1,1,1,1,1,1,1
1,1,1,1,1,1,1,1,1,1
1,1,1,1,1,1,1,1,1,1
1,1,1,1,1,1,1,1,1,1
1,1,1,1,1,1,1,1,1,1
1,1,1,1,1,1,1,1,1,1
1,1,1,1,1,1,1,1,1,1
1,1,1,1,1,1,1,1,1,1
1,1,1,1,1,1,1,1,1,1
1,1,1,1,1,1,1,1,1,1
1,1,1,1,1,1,1,1,1,1
1,1,1,1,1,1,1,1,1,1
1,1,1,1,1,1,1,1,1,1
1,1,1,1,1,1,1,1,1,1
1,1,1,1,1,1,1,1,1,1
1,1,1,1,1,1,1,1,1,1
1,1,1,1,1,1,1,1,1,1
1,1,1,1,1,1,1,1,1,1
1,1,1,1,1,1,1,1,1,1
1,1,1,1,1,1,1,1,1,1
1,1,1,1,1,1,1,1,1,1
1,1,1,1,1,1,1,1,1,1
1,1,1,1,1,1,1,1,1,1
1,1,1,1,1,1,1,1,1,1
1,1,1,1,1,1,1,1,1,1
1,1,1,1,1,1,1,1,1,1
1,1,1,1,1,1,1,1,1,1
1,1,1,1,1,1,1,1,1,1
1,1,1,1,1,1,1,1,1,1
1,1,1,1,1,1,1,1,1,1
1,1,1,1,1,1,1,1,1,1
1,1,1,1,1,1,1,1,1,1
1,1,1,1,1,1,1,1,1,1
1,1,1,1,1,1,1,1,1,1
1,1,1,1,1,1,1,1,1,1
1,1,1,1,1,1,1,1,1,1
1,1,1,1,1,1,1,1,1,1
1,1,1,1,1,1,1,1,1,1
1,1,1,1,1,1,1,1,1,1
1,1,1,1,1,1,1,1,1,1
1,1,1,1,1,1,1,1,1,1
1,1,1,1,1,1,1,1,1,1
1,1,1,1,1,1,1,1,1,1
1,1,1,1,1,1,1,1,1,1
1,1,1,1,1,1,1,1,1,1
1,1,1,1,1,1,1,1,1,1
1,1,1,1,1,1,1,1,1,1
1,1,1,1,1,1,0.993589,1,1,1
1,1,1,1,1,1,0.9825026,1,1,1
1,1,1,1,1,1,0.9713286,1,1,1
1,1,1,1,1,1,0.9600697,1,1,1
1,1,1,1,1,1,0.9487289,1,1,1
1,1,1,1,1,1,0.9373096,1,1,1
1,1,1,1,1,1,0.9258154,1,1,1
1,1,1,1,1,1,0.9142502,1,1,1
1,1,1,1,1,1,0.9080111,1,1,1
1,1,1,1,1,1,0.9113949,1,1,1
1,1,1,1,1,1,0.9147121,1,1,1
1,1,1,1,1,1,0.917964,1,1,1
1,1,1,1,1,1,0.9211515,1,1,1
1,1,1,1,1,1,0.9242689,1,1,1
1,1,1,1,1,1,0.9273249,1,1,1
1,1,1,1,1,1,0.9303131,1,1,1
1,1,1,1,1,1,0.9332355,1,1,1
1,1,1,1,1,1,0.9360856,1,1,1
1,1,1,1,1,1,0.9388728,1,1,1
1,1,1,1,1,1,0.9415909,1,1,1
1,1,1,1,1,1,0.9442496,1,1,1
1,1,1,1,1,1,0.9468422,1,1,1
1,1,1,1,1,1,0.9493706,1,1,1
1,1,1,1,1,1,0.9518288,1,1,1
1,1,1,1,1,1,0.9542264,1,1,1
1,1,1,1,1,1,0.9565574,1,1,1
1,1,1,1,1,1,0.958831,1,1,1
1,1,1,1,1,1,0.9610413,1,1,1
1,1,1,1,1,1,0.9631901,1,1,1
1,1,1,1,1,1,0.9652789,1,1,1
1,1,1,1,1,1,0.9673098,0.9030887,1,1
1,1,1,1,1,1,1,0.8845145,1,1
1,1,1,1,1,1,1,0.8660725,1,1
1,1,1,1,1,1,1,0.8472698,1,0
1,1,1,1,1,1,1,0.8281468,1,0
1,1,1,1,1,1,1,0.808742,1,0
1,1,1,1,1,1,1,0.7891062,1,0
1,1,1,1,1,1,1,0.7692913,1,0
1,1,1,1,1,1,1,0.7493423,1,0
1,1,1,1,1,1,1,0.7293128,1,0
1,1,1,1,1,1,1,0.7092521,1,0
1,1,1,1,1,1,1,0.6892127,1,0
1,1,1,1,1,1,1,0.6692412,1,0
1,1,1,1,1,1,1,0.6493813,1,0
1,1,1,1,1,1,1,0.6296788,1,0
1,1,1,1,1,1,1,0.6101716,1,0
1,1,1,1,1,1,1,0.594597,1,0
1,1,1,1,1,1,1,0.6046355,1,0
1,1,1,1,1,1,1,0.6148773,1,0
1,1,1,1,1,1,1,0.6253088,1,0
1,1,1,1,1,1,1,0.6359153,1,0
1,1,1,1,1,1,1,0.6466774,1,0
1,1,1,1,1,1,1,0.6575742,1,0
1,1,1,1,1,1,1,0.6685952,1,0
1,1,1,1,1,1,1,0.6797189,0.7770942,0
1,1,1,1,1,1,1,0.6988221,0.73362,0
1,1,1,1,1,1,1,0.7201698,0.6918801,0
1,1,1,1,1,1,1,0.7439119,0.6520789,0
1,1,0.9752701,1,1,1,1,1,0.6143354,0
1,1,0.9568901,1,1,1,1,1,0.5840502,0
1,1,0.9385742,1,1,1,1,1,0.5547918,0
1,1,0.9204189,1,1,1,1,1,0.5266072,0
1,1,0.9025083,1,1,1,1,1,0.5297507,0
1,1,0.8858144,1,1,1,1,1,0.5391098,0
1,1,0.8793,1,1,1,1,1,0.5484766,0
1,1,0.8765599,1,1,1,1,1,0.5579425,0
1,1,0.8733839,1,1,1,1,1,0.567527,0
1,1,0.869732,1,1,1,1,1,0.5772018,0
1,1,0.8655688,1,1,1,1,1,0.5869405,0
1,1,0.8608605,1,1,1,1,1,0.5967077,0
1,1,0.8555652,1,1,1,1,1,0.6064742,0
1,1,0.8496572,1,1,1,1,1,0.6162049,0
1,1,0.8430989,1,1,1,1,1,0.6258642,0
1,1,0.8358649,1,1,1,1,1,0.6354152,0
1,1,0.8279295,1,1,1,1,1,0.64482,0
1,1,0.8192701,1,1,1,1,1,0.6540408,0
1,1,0.8098694,1,1,1,1,1,0.6630392,1
1,1,0.7997153,1,1,1,1,1,1,2
1,1,0.7784405,1,1,1,1,1,1,2
1,1,0.7568719,1,1,1,1,1,1,2
1,1,0.735072,1,1,1,1,1,1,2
1,1,0.7216541,1,1,1,1,1,1,2
1,1,0.7215377,1,1,1,1,1,1,2
1,1,0.7215479,1,1,1,1,1,1,2
1,1,0.7216791,1,1,1,1,1,1,2
1,1,0.721934,1,1,1,1,1,1,2
1,1,0.7223068,1,1,1,1,1,1,2
1,1,0.7227963,1,1,1,1,1,1,2
1,1,0.7234007,1,1,1,1,1,1,2
1,1,0.7241185,1,1,1,1,1,1,2
1,1,0.7249445,0.9866506,1,1,1,1,1,2
1,1,0.7260905,0.9707259,1,1,1,1,1,2
1,1,0.7275947,0.9548699,1,1,1,1,1,2
1,1,0.7294582,0.939103,1,1,1,1,1,2
1,1,0.7316779,0.9234443,1,0.9889764,1,1,1,2
1,1,0.7343146,0.9153529,1,0.9779466,1,1,1,2
1,1,0.7372375,0.9250946,1,0.9669979,1,1,1,2
1,0.7919147,0.7401541,0.9348795,0.9938266,0.9561784,1,1,1,2
1,0.7369199,1,0.9602377,0.9786986,0.9445502,1,1,1,2
1,0.694733,1,0.9764639,0.9654837,0.9337231,1,1,1,2
1,0.6526484,0.9801276,0.9968774,0.9520801,0.922891,1,1,1,2
1,0.6105137,0.9558164,1,0.9384481,0.9120717,1,1,1,2
1,0.5684203,0.9306244,1,0.9245976,0.9013152,1,1,1,2
1,0.5476425,0.9048213,1,0.9106477,0.8907146,1,1,1,2
1,0.5514413,0.8792316,1,0.89688,0.8803876,1,1,1,2
1,0.5558453,0.8545704,1,0.8835147,0.8703891,1,1,1,2
1,0.5608454,0.8308705,0.9085672,0.8705655,0.8607176,1,1,1,2
1,0.5666474,0.8078356,0.8919638,0.8579667,1,1,1,1,2
1,0.5731075,0.7857291,0.8759419,0.8457882,1,1,1,1,2
1,0.5802623,0.8118229,0.8604752,0.8340148,1,1,1,1,2
1,0.5879604,0.8403589,0.8456303,0.8226592,1,1,1,1,2
1,0.5958127,0.8697861,0.8315169,0.8117199,1,1,1,1,2
0.6852589,0.6037522,0.899927,0.8180426,0.8011274,1,1,1,1,2
0.5889393,0.9790502,0.9388021,0.8044796,0.7907721,1,1,1,1,2
0.5090007,0.9405001,0.9802513,0.7914897,0.7807615,1,1,1,1,2
0.4958297,0.9032062,1,0.7788107,0.771088,1,1,1,1,2
0.4996219,0.868024,1,0.7665583,1,1,1,1,1,2
0.5039093,0.8347807,0.8034343,0.7547172,1,1,1,1,1,2
0.5087037,0.803322,0.7866727,0.7432725,1,1,1,1,1,2
0.5140212,0.7735183,0.7705284,0.7322168,1,1,1,1,1,2
0.5198796,0.7452404,0.7549695,0.7215344,1,1,1,1,1,2
0.5262991,0.7183803,0.7399727,0.7112165,1,1,1,1,1,2
0.5333012,0.6928363,0.7255131,0.701252,1,1,1,1,1,2
0.540907,0.6685197,0.7115707,0.6916338,1,1,1,1,1,2
0.5491425,0.6877318,0.698124,1,1,1,1,1,1,2
0.5580367,0.7112313,0.6851557,1,1,1,1,1,1,2
0.9875592,0.7367896,0.6726473,1,1,1,1,1,1,2
0.9530989,0.7512923,0.6618095,1,1,1,1,1,1,2
0.9186597,0.7672912,0.6510098,1,1,1,1,1,1,2
0.8844857,0.7848659,0.6402733,1,1,1,1,1,1,2
0.8507921,0.8040817,0.6296205,1,1,1,1,1,1,2
0.8177751,0.8250059,0.6190758,1,1,1,1,1,1,2
0.7855945,0.8476957,0.6086575,1,1,1,1,1,1,2
0.7543715,0.8722021,0.5983778,1,1,1,1,1,1,2
0.7242002,0.8985695,0.588248,1,1,1,1,1,1,2
0.6951455,0.6602663,0.5782764,1,1,1,1,1,1,2
0.662442,0.6431118,0.5683125,1,1,1,1,1,1,2
0.631049,0.6263568,0.6687336,1,1,1,1,1,1,2
0.6011982,0.6101171,1,1,1,1,1,1,0.8276429,2
0.6089607,0.5963567,1,1,1,1,1,1,0.8189915,2
0.621016,0.5830963,1,1,1,1,1,1,0.8143012,2
0.6331991,0.5702887,1,1,1,1,1,1,0.8126707,2
0.6455473,0.5578652,1,1,1,1,1,1,0.8130996,2
0.6580896,0.5457793,1,1,1,1,1,1,0.8149735,2
0.6708325,0.5339968,1,1,1,1,1,1,0.8179077,2
0.6837881,0.5224873,1,1,1,1,1,1,0.8216586,2
0.6969565,0.5112319,1,1,1,1,1,1,0.8260394,2
0.7103425,0.500209,1,1,1,1,1,1,1,2
0.7290861,0.4882517,1,1,1,1,1,1,0.8157188,2
0.7422706,0.4779187,1,1,1,1,1,1,1,2
0.7615132,0.4666723,1,1,1,1,1,1,0.8147064,2
0.5921699,0.456849,1,1,1,1,1,1,1,2
0.5711563,0.4455287,1,1,1,1,1,1,0.8068967,2
0.5547178,0.4354819,1,1,1,1,1,1,0.8067584,2
0.5386458,0.4255925,1,1,1,1,1,1,0.8060778,2
0.5229634,0.4399851,1,1,1,1,1,1,0.8050466,2
0.5077897,0.4834531,1,1,1,1,1,1,0.8043548,2
0.4932068,0.5303422,1,1,1,1,1,1,1,2
0.4764124,0.6011735,1,1,1,1,1,1,0.7906176,2
0.4633655,0.6559924,1,1,1,1,1,1,0.7942678,2
0.4506871,1,1,1,1,1,1,1,1,2
0.4366941,1,1,1,1,1,1,1,1,2
0.4231362,1,1,1,1,1,1,1,0.7874143,2
0.4122073,1,1,1,1,1,1,1,1,2
0.3992722,1,1,1,1,1,1,1,1,2
0.3867587,1,1,1,1,1,1,1,1,2
0.374659,1,1,1,1,1,1,1,1,2
0.3629606,1,1,1,1,1,1,1,0.7745706,2
0.3788101,1,1,1,1,1,1,1,1,2
0.4014422,1,1,1,1,1,1,1,1,2
0.4248088,1,1,1,1,1,1,1,1,2
0.4488638,1,1,1,1,1,1,1,1,2
0.4735545,1,1,1,1,1,1,1,1,2
0.4988276,1,1,1,1,1,1,1,1,2
0.5246112,1,1,1,1,1,1,1,1,2
0.5508407,1,1,1,1,1,1,1,1,2
0.5774392,1,1,1,1,1,1,1,1,2
0.6043332,1,1,1,1,1,1,1,1,2
1,1,1,1,1,1,1,1,1,1
1,1,1,1,1,1,1,1,1,1
1,1,1,1,1,1,1,1,1,1
1,1,1,1,1,1,1,1,1,1
1,1,1,1,1,1,1,1,1,1
1,1,1,1,1,1,1,1,1,1
1,1,1,1,1,1,1,1,1,1
1,1,1,1,1,1,1,1,1,1
1,1,1,1,1,1,1,1,1,1
1,1,1,1,1,1,1,1,1,1
1,1,1,1,1,1,1,1,1,1
1,1,1,1,1,1,1,1,1,1
1,1,1,1,1,1,1,1,1,1
1,1,1,1,1,1,1,1,1,1
1,1,1,1,1,1,1,1,1,1
1,1,1,1,1,1,1,1,1,1
1,1,1,1,1,1,1,1,1,1
1,1,1,1,1,1,1,1,1,1
1,1,1,1,1,1,1,1,1,1
1,1,1,1,1,1,1,1,1,1
1,1,1,1,1,1,1,1,1,1
1,1,1,1,1,1,1,1,1,1
1,1,1,1,1,1,1,1,1,1
1,1,1,1,1,1,1,1,1,1
1,1,1,1,1,1,1,1,1,1
1,1,1,1,1,1,1,1,1,1
1,1,1,1,1,1,1,1,1,1
1,1,1,1,1,1,1,1,1,1
1,1,1,1,1,1,1,1,1,1
1,1,1,1,1,1,1,1,1,1
1,1,1,1,1,1,1,1,1,1
1,1,1,1,1,1,1,1,1,1
1,1,1,1,1,1,1,1,1,1
1,1,1,1,1,1,1,1,1,1
1,1,1,1,1,1,1,1,1,1
1,1,1,1,1,1,1,1,1,1
1,1,1,1,1,1,1,1,1,1
1,1,1,1,1,1,1,1,1,1
1,1,1,1,1,1,1,1,1,1
1,1,1,1,1,1,1,1,1,1
1,1,1,1,1,1,1,1,1,1
1,1,1,1,1,1,1,1,1,1
1,1,1,1,1,1,1,1,1,1
1,1,1,1,1,1,1,1,1,1
1,1,1,1,1,1,1,1,1,1
1,1,1,1,1,1,1,1,1,1
1,1,1,1,1,1,1,1,1,1
1,1,1,1,1,1,1,1,1,1
1,1,1,1,1,1,1,1,1,1
1,1,1,1,1,1,1,1,1,1
1,1,1,1,1,1,1,1,1,1
1,1,1,1,1,1,1,1,1,1
1,1,1,1,1,1,1,1,1,1
1,1,1,1,1,1,1,1,1,1
1,1,1,1,1,1,1,1,1,1
1,1,1,1,1,1,1,1,1,1
1,1,1,1,1,1,1,1,1,1
1,1,1,1,1,1,1,1,1,1
1,1,1,1,1,1,1,1,1,1
1,1,1,1,1,1,1,1,1,1
1,1,1,1,1,1,1,1,1,1
1,1,1,1,1,1,1,1,1,1
1,1,1,1,1,0.9876407,1,1,1,1
1,1,1,1,1,0.9740561,1,1,1,1
1,1,1,1,1,0.9596723,1,1,1,1
1,1,1,1,1,0.944473,1,1,1,1
1,1,1,1,1,0.928456,1,1,1,1
1,1,1,1,1,0.9116288,1,1,1,1
1,1,1,1,1,0.8943095,1,1,1,1
1,1,1,1,1,0.887548,1,1,1,1
1,1,1,1,1,0.880922,1,1,1,0
1,1,1,1,0.9955828,0.8744355,1,1,1,0
1,1,1,1,0.9896858,0.8681599,1,1,1,0
1,1,1,1,0.9841566,0.8621193,1,1,1,0
1,1,1,1,0.9789778,0.8563031,1,1,1,0
1,1,1,1,0.9741423,0.8507087,1,1,1,0
1,1,1,1,0.9696392,0.8453301,1,1,1,0
1,1,1,1,0.9654551,0.8401583,1,1,1,0
1,1,1,1,0.9615811,0.8351886,1,1,1,0
1,1,1,1,0.9580091,0.8304166,1,1,1,0
1,1,1,1,0.9547279,0.8258344,1,1,1,0
1,1,1,1,0.9517303,0.8214381,1,1,1,0
1,1,1,1,0.9490105,0.8172243,1,1,1,0
1,1,1,1,0.9465579,0.8131855,0.9962572,1,1,0
1,1,1,1,0.9445125,0.8094061,0.9558685,1,1,0
1,1,1,1,0.9443206,0.8067571,0.913094,1,1,0
1,1,1,1,0.946079,0.8052928,0.868682,1,1,0
1,1,1,1,0.9498839,0.8050653,0.8234181,1,1,0
1,1,1,1,0.9558193,0.8061136,0.7780634,1,1,0
1,1,1,1,0.9639597,0.808468,0.7332872,1,1,0
1,1,1,1,0.974371,0.8121478,0.6896513,1,1,0
1,1,1,1,1,0.8171584,0.6810261,1,1,0
1,1,1,1,1,0.8222559,0.6805103,1,1,0
1,1,1,1,1,0.8277074,0.6802301,1,1,0
1,1,1,1,1,0.8334939,0.6801684,1,1,0
1,1,1,1,1,0.8396007,0.6803116,1,1,0
1,1,1,1,1,0.846008,0.6806433,1,1,0
1,1,1,1,1,0.8526963,0.681147,1,1,0
1,1,1,1,1,0.8596504,0.6818105,1,1,0
1,1,1,1,1,0.8668505,0.6826183,1,1,0
1,1,1,1,1,0.8742768,0.6835555,1,1,0
1,1,1,1,1,0.8819147,0.6846114,1,1,0
1,1,1,1,1,1,0.6857722,0.9711078,1,0
1,1,1,1,1,1,0.6861241,0.8801597,1,0
1,1,1,1,1,1,0.6887197,0.7860766,1,0
1,1,1,1,1,1,0.6938258,0.6933587,1,0
1,1,1,1,1,1,0.7008278,0.608651,1,0
1,1,1,1,1,1,0.7086602,0.5504161,1,0
1,1,1,1,1,1,0.7173792,0.5501953,1,0
1,1,1,1,1,1,0.7270435,0.5504216,1,0
1,1,1,1,1,1,0.7377183,0.5511034,1,0
1,1,1,1,1,1,0.7494813,0.5522534,1,0
1,1,1,1,1,1,0.7624198,0.5538861,1,0
1,1,1,1,1,1,1,0.5560142,1,0
1,1,1,1,1,1,1,0.5575548,1,0
1,1,1,1,1,1,1,0.5594097,1,0
1,1,1,1,1,1,1,0.5615768,1,0
1,1,1,1,1,1,1,0.5640509,1,0
1,1,1,1,1,1,1,0.5668293,0.7403152,0
1,1,1,1,1,1,1,0.5716413,0.4961375,0
1,1,1,1,1,1,1,0.5770653,0.4956846,0
1,1,1,1,1,1,1,0.5831325,0.4956569,0
1,1,1,1,1,1,1,0.5898771,0.4960602,0
1,1,1,1,1,1,1,0.5973293,0.4968952,0
1,1,1,1,1,1,1,0.6055263,0.4981667,0
1,1,1,1,1,1,1,0.6145133,0.4998839,0
1,1,1,1,1,1,1,0.6243323,0.5020508,0
1,1,1,1,1,1,1,0.6350378,0.5046788,0
1,1,1,1,1,1,1,0.6466858,0.5077779,0
1,1,1,1,1,1,1,1,0.5113557,0
1,1,1,1,1,1,1,1,0.5151743,0
1,1,1,1,1,1,1,1,0.5193945,0
1,1,1,1,1,1,1,1,0.5240115,0
1,1,1,1,0.9999631,1,1,1,0.5290198,0
1,1,1,1,0.99225,1,1,1,0.5344136,0
1,1,1,1,0.9848033,0.9738617,1,1,0.5401733,0
1,1,1,1,1,0.9637526,1,1,0.5462946,0
1,1,1,1,1,0.9539704,1,1,0.5527976,0
1,1,1,1,1,0.9444887,1,1,0.5596435,0
1,1,1,1,1,0.935285,1,1,0.5668157,0
1,1,1,1,1,0.9263281,1,1,0.5743,0
1,1,1,1,1,0.9175963,1,1,0.5820814,0
1,1,1,1,1,0.9090602,1,1,1,1
1,1,1,1,1,0.8993419,1,1,1,1
1,1,1,1,1,0.8896184,1,1,1,1
1,1,1,1,1,0.879893,1,1,1,1
1,1,1,1,1,0.8701657,1,1,1,1
1,1,1,1,1,0.8604338,1,1,1,1
1,1,1,1,1,0.8507003,1,1,1,1
1,1,1,1,1,0.8409624,1,1,1,1
1,1,1,1,1,0.8312234,1,1,1,1
1,1,1,1,1,0.8214804,1,1,1,1
1,1,1,1,1,0.8117365,1,1,1,1
1,1,1,1,1,0.801989,1,1,1,1
1,1,1,1,1,0.7922409,1,1,1,1
1,1,1,1,1,0.7824894,1,1,1,1
1,1,1,1,1,0.7727348,1,1,1,1
1,1,1,1,1,0.76298,1,1,1,1
1,1,1,1,1,0.7532225,1,1,1,1
1,1,1,1,1,0.7434621,1,1,1,1
1,1,1,1,1,0.7337021,1,1,1,1
1,1,1,1,1,0.7239397,1,1,1,1
1,1,1,1,1,0.7141749,1,1,1,1
1,1,1,1,1,0.7044079,1,1,1,1
1,1,1,1,1,0.6946418,1,1,1,1
1,1,1,1,1,0.6848737,1,1,1,1
1,1,1,1,1,0.6751037,1,1,1,1
1,1,1,1,1,0.6653319,1,1,1,1
1,1,1,1,1,0.6555583,1,1,1,1
1,1,1,1,1,0.6457863,1,1,1,1
1,1,1,1,1,0.6360127,1,1,0.9964141,1
1,1,1,1,1,0.6262433,1,1,0.9780585,1
1,1,1,1,1,0.6165037,0.6266671,1,0.9606953,1
1,1,1,1,1,0.6069251,0.6163875,1,0.96527,1
1,1,1,1,1,0.5973477,0.6061624,1,0.9697865,1
1,1,1,1,1,0.5877677,0.5959856,1,0.9742397,1
1,1,1,1,1,0.5781875,0.5858568,1,0.9786285,1
1,1,1,1,1,0.5686035,0.57577,1,0.9829486,1
1,1,1,1,1,0.5590123,0.5657191,1,0.9871968,1
1,1,1,1,1,0.5494169,0.5557045,1,0.9913734,1
1,1,1,1,1,0.5398173,0.5457239,1,0.9954723,1
1,1,1,1,1,0.5302106,0.5357717,1,0.9994982,1
1,1,1,1,1,0.5205999,0.525849,1,1,1
1,1,1,1,1,1,0.5159395,1,1,1
1,1,1,1,1,1,0.5058852,1,1,1
1,1,1,1,1,1,0.4958571,1,1,1
1,1,1,1,1,1,0.485855,1,1,1
1,1,1,1,1,1,0.4758789,1,1,1
1,1,1,1,1,1,0.4659284,1,1,1
1,1,1,1,1,1,0.4560033,1,1,1
1,1,1,1,1,1,0.4461033,1,1,1
1,1,1,1,1,1,0.4362282,1,1,1
1,1,1,1,1,1,0.4263805,1,1,1
1,1,1,1,1,1,0.416557,1,1,1
1,1,1,1,1,1,0.4067572,1,1,1
1,1,1,1,1,1,0.3969806,1,1,1
1,1,1,1,1,1,0.3872268,1,1,1
1,1,1,1,1,1,0.3774986,1,1,1
1,1,1,1,1,1,0.3677923,1,1,1
1,1,1,1,1,1,0.3581075,1,1,1
1,1,1,1,1,1,0.3484437,1,1,1
1,1,1,1,1,1,0.3388006,1,1,1
1,1,1,1,1,1,0.3291805,0.3821151,1,0
1,1,1,1,1,1,0.3192122,0.3675733,1,0
1,1,1,1,1,1,0.3094237,0.3535583,1,0
1,1,1,1,1,1,0.3669673,0.3400344,1,0
1,1,1,1,1,1,1,0.3269891,1,0
1,1,1,1,1,1,1,0.3145266,1,0
1,1,1,1,1,1,1,0.3023506,1,0
1,1,1,1,1,1,1,0.290453,1,0
1,1,1,1,1,1,1,0.2788189,1,0
1,1,1,1,1,1,1,0.2674401,1,0
1,1,1,1,1,1,1,0.256305,1,0
1,1,1,1,1,1,1,0.245406,0.3352681,0
1,1,1,1,1,1,1,0.233955,0.3152013,0
1,1,0.8470247,1,1,1,1,0.222901,0.2962752,0
1,1,0.8287228,1,1,1,1,0.2177148,0.2784015,0
1,1,0.8110759,1,1,1,1,0.2497216,0.2615011,0
1,1,0.7940394,1,1,1,1,0.2869928,0.2455031,0
1,1,0.7775797,1,1,1,1,0.3307558,0.2303471,0
1,1,0.7620122,1,1,1,1,1,0.216111,0
1,1,0.7502456,1,1,1,1,1,0.203807,0
1,1,0.7388192,1,1,1,1,1,0.1919229,0
1,1,0.7277091,1,1,1,1,1,0.1838244,0
1,1,0.71692,1,1,1,1,1,0.1968837,0
1,1,0.7066067,1,1,1,1,1,0.2101539,0
1,1,0.6967126,1,1,1,1,1,0.2235866,0
1,1,0.6871962,1,1,1,1,1,0.237122,0
1,1,0.6780131,1,1,1,1,1,0.2507152,0
1,1,0.6691352,1,1,1,1,1,0.264306,0
1,1,0.6605297,1,1,1,1,1,0.2778513,1
1,1,0.6521713,1,1,1,1,1,0.2913039,1
1,1,0.6440393,1,1,1,1,1,0.3046189,1
1,1,0.6361157,1,1,1,1,1,1,2
1,1,0.6329187,1,1,1,1,1,1,2
1,1,0.6299341,1,1,1,1,1,1,2
1,1,0.6271635,1,1,1,1,1,1,2
1,1,0.6246058,1,1,1,1,1,1,2
1,1,0.622259,1,1,1,1,1,1,2
1,1,0.6201249,1,1,1,1,1,1,2
1,1,1,1,1,1,1,1,1,1
1,1,1,1,1,1,1,1,1,1
1,1,1,1,1,1,1,1,1,1
1,1,1,1,1,1,1,1,1,1
1,1,1,1,1,1,0.9762209,1,1,1
1,1,1,1,1,1,0.956364,1,1,1
1,1,1,1,1,1,0.9480459,1,1,1
1,1,1,1,1,1,0.9397141,1,1,1
1,0.9964476,1,1,1,1,0.9313695,1,1,1
1,0.9906411,1,1,1,1,0.922986,1,1,1
1,0.9848663,1,1,1,1,0.9145463,1,1,1
1,0.9791268,1,1,1,1,0.9060529,1,1,1
1,0.9734228,1,1,1,1,0.8975058,1,1,1
1,0.9677584,1,1,1,1,0.888905,1,1,1
1,0.9621373,1,1,1,1,0.8802541,1,1,1
1,0.9565607,1,1,1,1,0.8715539,1,1,1
1,0.951036,1,1,1,1,0.8628079,1,1,1
1,0.9455642,1,1,1,1,0.8540173,1,1,1
1,0.4549001,1,1,1,1,0.8451859,1,1,2
1,0.4326914,1,1,1,1,0.8339463,1,1,2
1,0.428455,1,1,1,1,0.823027,1,1,2
1,0.4245652,1,1,1,1,0.8274294,1,1,2
1,0.4210193,1,1,1,1,1,1,1,2
1,0.4178187,1,1,1,1,1,1,1,2
1,0.4149659,1,1,1,1,1,1,1,2
1,0.9279749,1,1,1,1,1,1,1,1
1,0.9241216,1,1,1,1,1,1,1,1
1,0.9203347,1,1,1,1,1,1,1,1
1,0.9166177,1,1,1,1,1,1,1,1
1,0.9129707,1,1,1,1,1,1,1,1
1,0.9093939,1,1,1,1,1,1,1,1
0.3805356,0.9058906,1,1,1,1,1,1,1,2
0.3751123,1,1,1,1,1,1,1,1,2
0.3700823,1,1,1,1,1,1,1,1,2
0.3654361,1,1,1,1,0.7049318,1,1,1,2
0.3611711,1,1,1,1,0.6925673,1,1,1,2
0.3572765,1,1,1,1,0.680528,1,1,1,2
0.4566271,1,1,1,1,0.6687988,1,1,1,2
0.8514535,1,1,1,1,0.6573685,1,1,1,2
0.8484908,1,1,1,1,0.647125,1,1,1,2
0.8456575,1,1,1,1,0.636911,1,1,1,2
0.8429543,1,1,1,1,0.6267296,1,1,1,2
0.8403814,1,1,1,1,0.6165831,1,1,1,2
0.8379422,1,1,1,1,0.6064678,1,1,1,2
0.8356332,1,1,1,1,0.5963857,1,1,1,2
0.8334568,1,1,1,1,0.5863322,1,1,1,2
0.8314122,1,1,1,1,0.5763086,1,1,1,2
0.8294951,1,1,1,1,0.5663131,1,1,1,2
0.8277043,1,1,1,1,0.5563464,1,1,1,2
0.8260409,1,1,1,1,0.5464062,1,1,1,2
1,1,1,1,0.5467752,0.5364901,1,1,1,1
1,1,1,1,0.5363377,0.5266299,1,1,1,1
1,1,1,1,0.5259229,0.5167713,1,1,1,1
1,1,1,1,0.515533,0.5069162,1,1,1,1
1,1,1,1,1,1,1,1,1,1
1,1,1,1,1,1,1,1,1,1
1,1,1,1,1,1,1,1,1,1
1,1,1,1,1,1,1,1,1,1
1,1,1,1,1,1,1,1,1,1
1,1,1,1,1,1,1,1,1,1
1,1,1,1,1,1,1,1,1,1
1,1,1,1,1,1,1,1,1,1
1,1,1,1,1,1,1,1,1,1
1,1,1,1,1,1,1,1,1,1
1,1,1,1,1,1,1,1,1,1
1,1,1,1,1,1,1,1,1,1
1,1,1,1,1,1,1,1,1,1
1,1,1,1,1,1,1,1,1,1
1,1,1,1,1,1,1,1,1,1
1,1,1,1,1,1,1,1,1,1
1,1,1,1,1,1,1,1,1,1
1,1,1,1,1,1,1,1,1,1
1,1,1,1,1,1,1,1,1,1
1,1,1,1,1,1,1,1,1,1
1,1,1,1,1,1,1,1,1,1
1,1,1,1,1,1,1,1,1,1
1,1,1,1,1,1,1,1,1,1
1,1,1,1,1,1,1,1,1,1
1,1,1,1,1,1,1,1,1,1
1,1,1,1,1,1,1,1,1,1
1,1,1,1,1,1,1,1,1,1
1,1,1,1,1,1,1,1,1,1
1,1,1,1,1,1,1,1,1,1
1,1,1,1,1,1,1,1,1,1
1,1,1,1,1,1,1,1,1,1
1,1,1,1,1,1,1,1,1,1
1,1,1,1,1,1,1,1,1,1
1,1,1,1,1,1,1,1,1,1
1,1,1,1,1,1,1,1,1,1
1,1,1,1,1,1,1,1,1,1
1,1,1,1,1,1,1,1,1,1
1,1,1,1,1,1,1,1,1,1
1,1,1,1,1,1,1,1,1,1
1,1,1,1,1,1,1,1,1,1
1,1,1,1,1,1,1,1,1,1
1,1,1,1,1,1,1,1,1,1
1,1,1,1,1,1,1,1,1,1
1,1,1,1,1,1,1,1,1,1
1,1,1,1,1,1,1,1,1,1
1,1,1,1,1,1,1,1,1,1
1,1,1,1,1,1,1,0.9901077,1,1
1,1,1,1,1,1,1,0.974181,1,1
1,1,1,1,1,1,1,0.9576844,1,1
1,1,1,1,1,1,1,0.9406312,1,1
1,1,1,1,1,1,1,0.9230403,1,1
1,1,1,1,1,1,1,0.9049361,1,1
1,1,1,1,1,1,1,0.8863488,1,1
1,1,1,1,1,1,1,0.8826935,1,1
1,1,1,1,1,1,1,0.8857678,1,1
1,1,1,1,1,1,1,0.8888379,1,1
1,1,1,1,1,1,1,0.8919032,1,1
1,1,1,1,1,1,1,0.894958,1,1
1,1,1,1,1,1,1,0.898002,1,1
1,1,1,1,1,1,1,0.9010296,1,1
1,1,1,1,1,1,1,0.9040405,1,1
1,1,1,1,1,1,1,0.9070338,1,1
1,1,1,1,1,1,1,0.9100047,1,1
1,1,1,1,1,1,1,0.912957,1,1
1,1,1,1,1,1,1,0.9158815,1,1
1,1,1,1,1,1,1,0.9187824,1,1
1,1,1,1,1,1,1,0.9216545,1,1
1,1,1,1,1,1,1,0.9244981,1,1
1,1,1,1,1,1,1,0.9273084,1,1
1,1,1,1,1,1,1,0.9300898,1,1
1,1,1,1,1,1,1,0.9328334,1,1
1,1,1,1,1,1,1,0.9355437,1,1
1,1,1,1,1,1,1,0.9382205,1,1
1,1,1,1,1,1,1,0.9408599,1,1
1,1,1,1,1,1,1,0.9434575,1,1
1,1,1,1,1,1,1,0.9460179,1,1
1,1,1,1,1,1,1,0.9485375,1,1
1,1,1,1,1,1,1,0.9510158,0.9880535,1
1,1,1,1,1,1,1,0.9539038,0.9526329,1
1,1,1,1,1,1,1,1,0.9142383,1
1,1,1,1,1,1,1,1,0.8762309,0
1,1,1,1,1,1,1,1,0.8355216,0
1,1,1,1,1,1,1,1,0.7925206,0
1,1,1,1,1,1,1,1,0.7477582,0
1,1,1,1,1,1,1,1,0.7381994,0
1,1,1,1,1,1,1,1,0.7425421,0
1,1,1,1,1,1,1,1,0.7470423,0
1,1,1,1,1,1,1,1,0.7516922,0
1,1,1,1,1,1,1,1,0.7564835,0
1,1,1,1,1,1,1,1,0.7614084,0
1,1,1,1,1,1,1,1,0.7664589,0
1,1,1,1,1,1,1,1,0.77163,0
1,1,1,1,1,1,1,1,0.7769133,0
1,1,1,1,1,1,1,1,0.7823003,0
1,1,1,1,1,1,1,1,0.7877827,0
1,1,1,1,1,1,1,1,0.7933519,0
1,1,1,1,1,1,1,1,0.7990027,0
1,1,1,1,1,1,1,1,0.8047266,0
1,1,1,1,1,1,1,1,0.8105151,0
1,1,1,1,1,1,1,1,0.8163593,0
1,1,1,1,1,1,1,1,0.8222548,0
1,1,1,1,1,1,1,1,0.828189,0
1,1,1,1,1,1,1,1,0.8341572,0
1,1,1,1,1,1,1,1,0.840151,0
1,1,1,1,1,1,1,1,1,1
1,1,1,1,1,1,1,1,1,1
1,1,1,1,1,1,1,1,1,1
1,1,1,1,1,1,1,1,1,1
1,1,1,1,1,1,1,1,1,1
1,1,1,1,1,1,1,1,1,1
1,1,1,1,1,1,1,1,1,1
1,1,1,1,1,1,1,1,1,1
1,1,1,1,1,1,1,1,1,1
1,1,1,1,1,1,1,1,1,1
1,1,1,1,1,1,1,1,1,1
1,1,1,1,1,1,1,1,1,1
1,1,1,1,1,1,1,1,1,1
1,1,1,1,1,1,1,1,1,1
1,1,1,1,1,1,1,1,1,1
1,1,1,1,1,1,1,1,1,1
1,1,1,1,1,1,1,1,1,1
1,1,1,1,1,1,1,1,1,1
1,1,1,1,1,1,1,1,1,1
1,1,1,1,1,1,1,1,1,1
1,1,1,1,1,1,1,1,1,1
1,1,1,1,1,1,1,1,1,1
1,1,1,1,1,1,1,1,1,1
1,1,1,1,1,1,1,1,1,1
1,1,1,1,1,1,1,1,1,1
1,1,1,1,1,1,1,1,1,1
1,1,1,1,1,1,1,1,1,1
1,1,1,1,1,1,1,1,1,1
1,1,1,1,1,1,1,1,1,1
1,1,1,1,1,1,1,1,1,1
1,1,1,1,1,1,1,1,1,1
1,1,1,1,1,1,1,1,1,1
1,1,1,1,1,1,1,1,1,1
1,1,1,1,1,1,1,1,1,1
1,1,1,1,1,1,1,1,1,1
1,1,1,1,1,1,1,1,1,1
1,1,1,1,1,1,1,1,1,1
1,1,1,1,1,1,1,1,1,1
1,1,1,1,1,1,1,1,1,1
1,1,1,1,1,1,1,1,1,1
1,1,1,1,1,1,1,1,1,1
1,1,1,1,1,1,1,1,1,1
1,1,1,1,1,1,1,1,1,1
1,1,1,1,1,1,1,1,1,1
1,1,1,1,1,1,1,1,1,1
1,1,1,1,1,1,1,1,1,1
1,1,1,1,1,1,1,1,1,1
1,1,1,1,1,1,1,1,1,1
1,1,1,1,1,1,1,1,1,1
1,1,1,1,1,1,1,1,1,1
1,1,1,1,1,1,1,1,1,1
1,1,1,1,1,1,1,1,1,1
1,1,1,1,1,1,1,1,1,1
1,1,1,1,1,1,1,1,1,1
1,1,1,1,1,1,1,1,1,1
1,1,1,1,1,1,1,1,1,1
1,1,1,1,1,1,1,1,1,1
1,1,1,1,1,1,1,1,1,1
1,1,0.9967472,1,1,1,1,1,1,1
1,1,0.9839739,1,1,1,1,1,1,1
1,1,0.9772938,1,1,1,1,1,1,1
1,1,0.9738611,1,1,1,1,1,1,1
1,1,0.9705433,1,1,1,1,1,1,1
1,1,0.9673314,1,1,1,1,1,1,1
1,1,0.9642261,1,1,1,1,1,1,1
1,1,0.9612234,1,1,1,1,1,1,1
1,1,0.9583197,1,1,1,1,1,1,1
1,1,0.9555159,1,1,1,1,1,1,1
1,1,0.9528086,1,1,1,1,1,1,1
1,1,0.9501942,1,1,1,1,1,1,1
1,1,0.9476701,1,1,1,1,1,1,1
1,1,0.9452375,1,1,1,1,1,1,1
1,1,0.9428886,1,1,1,1,1,1,1
1,1,0.9406255,1,1,1,1,1,1,1
1,1,0.9384457,1,1,1,1,1,1,1
1,1,0.9363462,1,1,1,1,1,1,1
1,1,0.9343294,1,1,1,1,1,1,1
1,1,0.9323883,1,1,1,1,1,1,1
1,1,0.9305246,1,1,1,1,1,1,1
1,1,1,1,1,1,1,1,1,1
1,1,1,1,1,1,1,1,1,1
1,1,1,1,1,1,1,1,1,1
1,1,1,1,1,1,1,1,1,1
1,1,1,1,1,1,1,1,1,1
1,1,1,1,1,1,1,1,1,1
1,1,1,1,1,1,1,1,1,1
1,1,1,1,1,1,1,1,1,1
1,1,1,1,1,1,1,1,1,1
1,1,1,1,1,1,1,1,1,1
1,1,1,1,1,0.9994704,1,1,1,1
1,1,1,1,1,0.9897512,1,1,1,1
1,1,1,1,1,0.9800299,1,1,1,1
1,1,1,1,0.998312,0.9703066,1,1,1,1
1,1,1,1,0.9882852,0.9605798,1,1,1,1
1,1,1,1,0.9782259,0.950844,1,1,1,1
1,1,1,1,0.9681322,0.9410962,1,1,1,1
1,1,1,1,0.9580086,0.9313402,1,1,1,1
1,1,1,1,0.9478532,0.9215733,1,1,1,1
1,1,1,1,0.9376708,0.9117993,1,1,1,1
1,1,1,1,0.92746,0.9020155,1,1,1,1
1,1,1,1,0.9172222,0.8922228,1,1,1,1
1,0.7724422,1,1,0.9069595,0.8824219,1,1,1,2
1,0.7355873,1,0.9482684,0.8948013,0.8721265,1,1,1,2
1,0.6971056,1,0.932844,0.8823088,0.8618075,1,1,1,2
1,0.658422,1,0.9170817,0.8696853,0.8515496,1,1,1,2
1,0.620006,1,0.9010977,0.8570091,0.8414066,1,1,1,2
1,0.6041228,1,0.8850137,0.844361,0.8314322,1,1,1,2
1,0.608412,1,0.8691901,0.8319273,0.8216679,1,1,1,2
1,0.6130486,1,0.8538698,0.819818,0.8121071,1,1,1,2
1,0.6179992,1,0.8390347,0.8080156,0.8027293,1,1,1,2
1,0.6232327,1,0.8246624,0.7965003,1,1,1,1,2
1,0.6289717,1,0.8105979,0.7852051,1,1,1,1,2
1,0.6350181,1,0.7969335,0.774158,1,1,1,1,2
1,0.6413465,1,0.7836431,0.7633363,1,1,1,1,2
1,1,1,0.7707063,0.752723,1,1,1,1,1
1,1,1,0.7600237,0.7426327,1,1,1,1,1
1,1,1,0.7493479,0.7325478,1,1,1,1,1
1,1,1,0.7386805,0.7224687,1,1,1,1,1
1,1,1,0.7280197,0.7123926,1,1,1,1,1
1,1,0.7871519,0.7173701,0.7023229,1,1,1,1,2
0.6486928,1,0.7732543,0.7061431,0.6921774,1,1,1,1,2
0.5572776,1,0.7543627,0.6931326,0.6819457,1,1,1,1,2
0.5335863,1,0.736173,0.6805269,0.6720186,1,1,1,1,2
0.5372843,1,0.7186445,0.6683062,0.662383,1,1,1,1,2
0.5414892,1,0.7017492,0.6564612,0.6530358,1,1,1,1,2
0.5462121,1,0.6854519,0.644974,0.6439651,1,1,1,1,2
0.551472,1,0.6697258,0.6338339,1,1,1,1,1,2
0.5572834,1,0.6545463,0.623031,1,1,1,1,1,2
0.5636655,1,0.6398872,0.6125532,1,1,1,1,1,2
0.9565603,1,0.6257244,0.6023892,1,1,1,1,1,2
0.9610666,1,0.6144366,0.5924943,1,1,1,1,1,2
0.9655894,1,0.6032614,0.5826344,1,1,1,1,1,2
0.9701182,1,0.5921896,0.5728031,1,1,1,1,1,2
0.9746436,1,0.5812156,0.5629971,1,1,1,1,1,2
0.9791564,1,0.5703338,0.5532132,1,1,1,1,1,2
0.9836518,1,0.5595385,0.5434486,1,1,1,1,1,2
0.9881214,1,0.5488247,0.5337007,1,1,1,1,1,2
0.9925583,1,0.538187,0.5239674,1,1,1,1,1,1
0.9969554,1,0.5276209,0.5142466,1,1,1,1,1,1
1,1,0.5171217,0.5045365,1,1,1,1,1,1
1,0.6243014,0.5066764,0.4948335,1,1,1,1,1,2
1,0.6058669,0.495269,1,1,1,1,1,1,2
1,0.5875131,0.4839509,1,1,1,1,1,1,2
1,0.5696719,0.4728229,1,1,1,1,1,1,2
1,0.5523483,0.4618885,1,1,1,1,1,1,2
1,0.535535,0.4511432,1,1,1,1,1,1,2
1,0.5192211,0.4405811,1,1,1,1,1,1,2
1,0.5033962,0.4301983,1,1,1,1,1,1,2
1,0.4880439,0.4199867,1,1,1,1,1,1,2
1,0.4731496,0.4099406,1,1,1,1,1,1,2
1,0.4586938,0.4000508,1,1,1,1,1,1,2
1,0.4446597,0.3903111,1,1,1,1,1,1,2
1,0.4310229,0.3807086,1,1,1,1,1,1,2
1,0.417766,0.3712371,1,1,1,1,1,1,2
1,0.4048685,0.6334896,1,1,1,1,1,1,2
0.5605468,0.3923705,1,1,1,1,1,1,1,2
0.532496,0.3785142,1,1,1,1,1,1,1,2
0.5061654,0.3651848,1,1,1,1,1,1,1,2
0.4814145,0.3523586,1,1,1,1,1,1,1,2
0.458119,0.3400134,1,1,1,1,1,1,1,2
0.4361638,0.328126,1,1,1,1,1,1,1,2
0.4154414,0.3166711,1,1,1,1,1,1,1,2
0.3958679,0.305635,1,1,1,1,1,1,1,2
0.3773556,0.2949958,1,1,1,1,1,1,1,2
0.3598338,0.2847391,1,1,1,1,1,1,1,2
0.3432302,0.3034307,1,1,1,1,1,1,1,2
0.3274874,0.3585104,1,1,1,1,1,1,1,2
0.3125496,0.4257468,1,1,1,1,1,1,1,2
0.2983658,0.5093504,1,1,1,1,1,1,1,2
0.2849269,0.6149595,1,1,1,1,1,1,1,2
0.2723693,1,1,1,1,1,1,1,1,2
0.2608161,1,1,1,1,1,1,1,1,2
0.2497316,1,1,1,1,1,1,1,1,2
0.2500357,1,1,1,1,1,1,1,1,2
0.2716087,1,1,1,1,1,1,1,1,2
0.2942441,1,1,1,1,1,1,1,1,2
0.3179233,1,1,1,1,1,1,1,1,2
0.3426111,1,1,1,1,1,1,1,1,2
0.3682694,1,1,1,1,1,1,1,1,2
0.3948499,1,1,1,1,1,1,1,1,2
0.4222947,1,1,1,1,1,1,1,1,2
0.4505433,1,1,1,1,1,1,1,1,2
0.4795112,1,1,1,1,1,1,1,1,2
0.5091197,1,1,1,1,1,1,1,1,2
0.5392827,1,1,1,1,1,1,1,1,2
0.5698985,1,1,1,1,1,1,1,1,2
1,1,1,1,1,1,1,1,1,1
1,1,1,1,1,1,1,1,1,1
1,1,1,1,1,1,1,1,1,1
1,1,1,1,1,1,1,1,1,1
1,1,1,1,1,1,1,1,1,1
1,1,1,1,1,1,1,1,1,1
1,1,1,1,1,1,1,1,1,1
1,1,1,1,1,1,1,1,1,1
1,1,1,1,1,1,1,1,1,1
1,1,1,1,1,1,1,1,1,1
1,1,1,1,1,1,1,1,1,1
1,1,1,1,1,1,1,1,1,1
1,1,1,1,1,1,1,1,1,1
1,1,1,1,1,1,1,1,1,1
1,1,1,1,1,1,1,1,1,1
1,1,1,1,1,1,1,1,1,1
1,1,1,1,1,1,1,1,1,1
1,1,1,1,1,1,1,1,1,1
1,1,1,1,1,1,1,1,1,1
1,1,1,1,1,1,1,1,1,1
1,1,1,1,1,1,1,1,1,1
1,1,1,1,1,1,1,1,1,1
1,1,1,1,1,1,1,1,1,1
1,1,1,1,1,1,1,1,1,1
1,1,1,1,1,1,1,1,1,1
1,1,1,1,1,1,1,1,1,1
1,1,1,1,1,1,1,1,1,1
1,1,1,1,1,1,1,1,1,1
1,1,1,1,1,1,1,1,1,1
1,1,1,1,1,1,1,1,1,1
1,1,1,1,1,1,1,1,1,1
1,1,1,1,1,1,1,1,1,1
1,1,1,1,1,1,1,1,1,1
1,1,1,1,1,1,1,1,1,1
1,1,1,1,1,1,1,1,1,1
1,1,1,1,1,1,1,1,1,1
1,1,1,1,1,1,1,1,1,1
1,1,1,1,1,1,1,1,1,1
1,1,1,1,1,1,1,1,1,1
1,1,1,1,1,1,1,1,1,1
1,1,1,1,1,1,1,1,1,1
1,1,1,1,1,1,1,1,1,1
1,1,1,1,1,1,1,1,1,1
1,1,1,1,1,1,1,1,1,1
1,1,1,1,1,1,1,1,1,1
1,1,1,1,1,1,1,1,1,1
1,1,1,1,1,1,1,1,1,1
1,1,0.9884568,1,1,1,1,1,1,1
1,1,0.9718564,1,1,1,1,1,1,1
1,1,0.9558357,1,1,1,1,1,1,1
1,1,0.9403521,1,1,1,1,1,1,1
1,1,0.9253608,1,1,1,1,1,1,1
1,1,0.9108265,1,1,0.9884594,1,1,1,1
1,1,0.8974544,1,1,0.9711183,1,1,1,1
1,1,0.8855483,1,1,0.9522338,1,1,1,1
1,1,0.8751213,1,1,0.9318874,1,1,1,0
1,1,0.8661939,1,1,0.9101812,1,1,1,0
1,1,0.8588076,1,1,0.8872486,1,1,1,0
1,1,0.8530051,1,1,0.8632447,1,1,1,0
1,1,0.8488369,1,1,0.8473832,1,1,1,0
1,1,0.8457702,1,1,0.8425277,1,1,1,0
1,1,0.8430646,0.8755485,1,0.8378217,1,1,1,0
1,1,0.8470371,0.858534,1,0.8349499,1,1,1,0
1,1,0.8521891,0.841636,1,0.8324158,1,1,1,0
1,1,0.8585533,0.8248972,1,0.8302134,1,1,1,0
1,1,0.8661523,0.8083569,1,0.8283283,1,1,1,0
1,1,0.8750225,0.7920465,1,0.8267484,1,1,1,0
1,1,0.8852082,0.7759942,1,0.8254612,1,1,1,0
1,1,1,0.7602144,1,0.824453,1,1,1,0
1,1,1,0.745467,1,1,1,1,1,0
1,1,1,0.7337977,1,1,1,1,1,0
1,1,1,0.7220922,1,1,1,1,1,0
1,1,1,0.7103602,1,1,1,1,1,0
1,1,1,0.6986083,1,1,0.819997,1,1,0
1,1,1,0.6838059,1,1,0.7746392,1,1,0
1,1,1,0.6685048,1,1,0.728905,1,1,0
1,1,1,0.6528231,1,1,0.6835107,1,1,0
1,1,1,0.6368955,0.716154,1,0.6828766,1,1,0
1,1,1,0.6208415,0.6944453,1,0.683264,1,1,0
1,1,1,0.6052652,0.6735703,1,0.6841542,1,1,0
1,1,1,0.5901374,0.6534721,1,0.6855654,1,1,0
1,1,1,0.5754311,0.6340982,1,0.6875147,1,1,0
1,1,1,0.561121,0.6154006,1,0.6900283,1,1,0
1,1,1,0.5653843,0.5973349,1,1,1,1,0
1,1,1,0.5741094,0.5817483,1,1,1,1,0
1,1,1,0.5836633,0.5665904,0.6400708,1,1,1,0
1,1,1,0.6047733,0.5499858,0.6179779,1,1,1,0
1,1,1,0.6295826,0.5338853,0.5967563,1,1,1,0
1,1,1,0.6588987,0.5182574,0.5763451,1,1,1,0
1,1,1,1,0.503073,0.5566884,1,0.6962868,1,0
1,1,1,1,0.488308,0.5377387,1,0.6129526,1,0
1,1,1,1,0.4739369,0.5194486,1,0.5685549,1,0
1,1,1,1,0.4609484,0.5017747,1,0.5685717,1,0
1,1,1,1,0.4770252,0.4846802,1,0.5690473,1,0
1,1,1,1,0.4958686,0.4681245,1,0.5699942,1,0
1,1,1,1,0.5180265,0.4520801,0.5451751,0.5714227,1,0
1,1,1,1,0.5442162,0.4365111,0.5220826,0.573348,1,0
1,1,1,1,0.5753671,0.4213913,0.4999831,1,1,0
1,1,1,1,1,0.406696,0.4788074,1,1,0
1,1,1,1,1,0.392399,0.4584886,1,1,0
1,1,1,1,1,0.3935634,0.4389658,1,1,0
1,1,1,1,1,0.4101212,0.420187,1,1,0
1,1,1,1,1,0.4294433,0.4021011,1,0.573585,0
1,1,1,1,1,0.4520572,0.3846613,1,0.5155881,0
1,1,1,1,1,0.4786611,0.3678279,1,0.5157462,0
1,1,1,1,1,0.5101651,0.3515609,1,0.5163455,0
1,1,1,1,1,1,0.3358271,1,0.5173871,0
1,1,1,1,1,1,0.3205921,1,0.5188764,0
1,1,1,1,1,1,0.3058278,0.4440373,0.520823,0
1,1,1,1,1,1,0.3126844,0.4165403,1,0
1,1,1,1,1,1,0.3268275,0.3906054,1,0
1,1,1,1,1,1,0.3429867,0.3660986,1,0
1,1,1,1,1,1,0.361472,0.3428968,1,0
1,1,1,1,1,1,0.382681,0.3208946,1,0
1,1,1,1,1,1,0.4070893,0.2999938,1,0
1,1,1,1,1,1,0.4353135,0.2801102,1,0
1,1,1,1,1,1,1,0.2611645,1,0
1,1,1,1,1,1,1,0.2430889,1,0
1,1,1,1,1,1,1,0.2258184,1,0
1,1,1,1,1,1,1,0.2332906,0.3713547,0
1,1,1,1,1,1,1,0.2429616,0.3347019,0
1,1,1,1,1,1,1,0.2536208,0.3011621,0
1,1,1,1,1,1,1,0.265365,0.2703542,0
1,1,1,1,1,1,1,0.2782994,0.2419626,0
1,1,1,1,1,1,1,0.2925506,0.2157195,0
1,1,1,1,1,1,1,0.308259,0.1942555,0
1,1,1,1,1,1,1,0.3255934,0.2010091,0
1,1,1,1,1,1,1,1,0.2082923,0
1,1,1,1,1,1,1,1,0.2161334,0
1,1,1,1,1,1,1,1,0.2245641,0
1,1,1,1,1,1,1,1,0.2336231,0
1,1,1,1,1,1,1,1,0.243349,0
1,1,1,1,1,1,1,1,0.253789,0
1,1,1,1,1,1,1,1,0.2649912,0
1,1,1,1,1,1,1,1,0.2770132,0
1,1,1,1,1,1,1,1,0.2899102,0
1,1,1,1,1,1,1,1,1,1
1,1,1,1,1,1,1,1,1,1
1,1,1,1,1,1,1,1,1,1
1,1,1,1,1,1,1,1,1,1
1,1,1,1,1,1,1,1,1,1
1,1,1,1,1,1,1,1,1,1
1,1,1,1,1,1,1,1,1,1
1,1,1,1,1,1,1,1,1,1
1,1,1,1,1,1,1,1,1,1
1,1,1,1,1,1,1,1,1,1
1,1,1,1,1,1,1,1,1,1
1,1,1,1,1,1,1,1,1,1
1,1,1,1,1,1,1,1,1,1
1,1,1,1,1,1,1,1,1,1
1,1,1,1,1,1,1,1,1,1
1,1,1,1,1,1,1,1,1,1
1,1,1,1,1,1,1,1,1,1
1,1,1,1,1,1,1,1,1,1
1,1,1,1,1,1,1,1,1,1
1,1,1,1,1,1,1,1,1,1
1,1,1,1,1,1,1,1,1,1
1,1,1,1,1,1,1,1,1,1
1,1,1,1,1,1,1,1,1,1
1,1,1,1,1,1,1,1,1,1
1,1,1,1,1,1,1,1,1,1
1,1,1,1,1,1,1,1,1,1
1,1,1,1,1,1,1,1,1,1
1,1,1,1,1,1,1,1,1,1
1,1,1,1,1,1,1,1,1,1
1,1,1,1,1,1,1,1,1,1
1,1,1,1,1,1,1,1,1,1
1,1,1,1,1,1,1,1,1,1
1,1,1,1,1,1,1,1,1,1
1,1,1,1,1,1,1,1,1,1
1,1,1,1,1,1,1,1,1,1
1,1,1,1,1,1,1,1,1,1
1,1,1,1,1,1,1,1,1,1
1,1,1,1,1,1,1,1,1,1
1,1,1,1,1,1,1,1,1,1
1,1,1,1,1,1,1,1,1,1
1,1,1,1,1,1,1,1,1,1
1,1,1,1,1,1,1,1,1,1
1,1,1,1,1,1,1,1,1,1
1,1,1,1,1,1,1,1,1,1
1,1,1,1,1,1,1,1,1,1
1,1,1,1,1,1,1,1,1,1
1,1,1,1,1,1,1,1,1,1
1,1,1,1,1,1,1,1,1,1
1,1,1,1,1,1,1,1,1,1
1,1,1,1,1,1,1,1,1,1
1,1,1,1,1,1,1,1,1,1
1,1,1,1,1,1,1,1,1,1
1,1,1,1,1,1,1,1,1,1
1,1,1,1,1,1,1,1,1,1
1,1,1,1,1,1,1,1,1,1
1,1,1,1,1,1,1,1,1,1
1,1,1,1,1,1,1,1,1,1
1,1,1,1,1,1,1,1,1,1
1,1,1,1,1,1,1,1,1,1
1,1,1,1,1,1,1,1,1,1
1,1,1,1,1,1,1,1,1,1
1,1,1,1,1,1,1,1,1,1
1,1,1,1,1,1,1,1,1,1
1,1,1,1,1,1,1,1,1,1
1,1,1,1,1,1,1,1,1,1
1,1,1,1,1,1,1,1,1,1
1,1,1,1,1,1,1,1,1,1
1,1,1,1,1,1,1,1,1,1
1,1,1,1,1,1,1,1,1,1
1,1,1,1,1,1,1,1,1,1
1,1,1,1,1,1,1,1,1,1
1,1,1,1,1,1,1,1,1,1
1,1,1,1,1,1,1,1,1,1
1,1,1,1,1,1,1,1,1,1
1,1,1,1,1,1,1,1,1,1
1,1,1,1,1,1,1,1,1,1
1,1,1,1,1,1,1,1,1,1
1,1,1,1,1,1,1,0.9962834,1,1
1,1,1,1,1,1,1,0.996383,1,1
1,1,1,1,1,1,1,0.9964842,1,1
1,1,1,1,1,1,1,0.9965825,1,1
1,1,1,1,1,1,1,0.9966782,1,1
1,1,1,1,1,1,1,0.9967754,1,1
1,1,1,1,1,1,1,0.9968699,1,1
1,1,1,1,1,1,1,0.996966,1,1
1,1,1,1,1,1,1,0.9970595,1,1
1,1,1,1,1,1,1,0.9971506,1,1
1,1,1,1,1,1,1,0.9972391,1,1
1,1,1,1,1,1,1,0.9973294,1,1
1,1,1,1,1,1,1,0.9974171,1,1
1,1,1,1,1,1,1,0.9975025,1,1
1,1,1,1,1,1,1,0.9975896,1,1
1,1,1,1,1,1,1,0.9976745,1,1
1,1,1,1,1,1,1,0.997757,1,1
1,1,1,1,1,1,1,0.9978372,1,1
1,1,1,1,1,1,1,0.9979196,1,1
1,1,1,1,1,1,1,0.9979994,1,1
1,1,1,1,1,1,1,0.9980771,1,1
1,1,1,1,1,1,1,0.9981529,1,1
1,1,1,1,1,1,1,0.9982266,1,1
1,1,1,1,1,1,1,0.9983023,1,1
1,1,1,1,1,1,1,0.998376,1,1
1,1,1,1,1,1,1,0.9984477,1,1
1,1,1,1,1,1,1,0.9985175,1,1
1,1,1,1,1,1,1,0.9985854,1,1
1,1,1,1,1,1,1,0.9986514,1,1
1,1,1,1,1,1,1,0.9987157,1,1
1,1,1,1,1,1,1,0.9987823,1,1
1,1,1,1,1,1,1,0.9988471,1,1
1,1,1,1,1,1,1,0.9989101,1,1
1,1,1,1,1,1,1,0.9989715,1,1
1,1,1,1,1,1,1,0.9990312,1,1
1,1,1,1,1,1,1,0.9990891,1,1
1,1,1,1,1,1,1,0.9991457,1,1
1,1,1,1,1,1,1,0.9992007,1,1
1,1,1,1,1,1,1,0.9992542,0.9789836,1
1,1,1,1,1,1,1,1,0.9376875,1
1,1,1,1,1,1,1,1,0.8912784,0
1,1,1,1,1,1,1,1,0.8400422,0
1,1,1,1,1,1,1,1,0.7948314,0
1,1,1,1,1,1,1,1,0.7970026,0
1,1,1,1,1,1,1,1,0.7992991,0
1,1,1,1,1,1,1,1,0.8017155,0
1,1,1,1,1,1,1,1,0.8042492,0
1,1,1,1,1,1,1,1,0.8068978,0
1,1,1,1,1,1,1,1,0.8096558,0
1,1,1,1,1,1,1,1,0.8125202,0
1,1,1,1,1,1,1,1,0.8154855,0
1,1,1,1,1,1,1,1,0.8185487,0
1,1,1,1,1,1,1,1,0.821704,0
1,1,1,1,1,1,1,1,0.8249486,0
1,1,1,1,1,1,1,1,0.8282763,0
1,1,1,1,1,1,1,1,0.8316842,0
1,1,1,1,1,1,1,1,0.8351663,0
1,1,1,1,1,1,1,1,0.8387197,0
1,1,1,1,1,1,1,1,0.8423381,0
1,1,1,1,1,1,1,1,0.8460186,0
1,1,1,1,1,1,1,1,0.8497551,0
1,1,1,1,1,1,1,1,0.8535445,0
1,1,1,1,1,1,1,1,0.8573812,0
1,1,1,1,1,1,1,1,0.8612617,0
1,1,1,1,1,1,1,1,0.8651802,0
1,1,1,1,1,1,1,1,0.8691338,0
1,1,1,1,1,1,1,1,0.8731165,0
1,1,1,1,1,1,1,1,0.967567,1
1,1,1,1,1,1,1,1,0.9701632,1
1,1,1,1,1,1,1,1,0.9727313,1
1,1,1,1,1,1,1,1,0.9752679,1
1,1,1,1,1,1,1,1,0.9777728,1
1,1,1,1,1,1,1,1,0.9802459,1
1,1,1,1,1,1,1,1,0.982684,1
1,1,1,1,1,1,1,1,0.9850872,1
1,1,1,1,1,1,1,1,0.9874555,1
1,1,1,1,1,1,1,1,1,1
1,1,1,1,1,1,1,1,1,1
1,1,1,1,1,1,1,1,1,1
1,1,1,1,1,1,1,1,1,1
1,1,1,1,1,1,1,1,1,1
1,1,1,1,1,1,1,1,1,1
1,1,1,1,1,1,1,1,1,1
1,1,1,1,1,1,1,1,1,1
1,1,1,1,1,1,1,1,1,1
1,1,1,1,1,1,1,1,1,1
1,1,1,1,1,1,1,1,1,1
1,1,1,1,1,1,1,1,1,1
1,1,1,1,1,1,1,1,1,1
1,1,1,1,1,1,1,1,1,1
1,1,1,1,1,1,1,1,1,1
1,1,1,1,1,1,1,1,1,1
1,1,1,1,1,1,1,1,1,1
1,1,1,1,1,1,1,1,1,1
1,1,1,1,1,1,1,1,1,1
1,1,1,1,1,1,1,1,1,1
1,1,1,1,1,1,1,1,1,1
1,1,1,1,1,1,1,1,1,1
1,1,1,1,1,1,1,1,1,1
1,1,1,1,1,1,1,1,1,1
1,1,1,1,1,1,1,1,1,1
1,1,1,1,1,1,1,1,1,1
1,1,1,1,1,1,1,1,1,1
1,1,1,1,1,1,1,1,1,1
1,1,1,1,1,1,1,1,1,1
1,1,1,1,1,1,1,1,1,1
1,1,1,1,1,1,1,1,1,1
1,1,1,1,1,1,1,1,1,1
1,1,1,1,1,1,1,1,1,1
1,1,1,1,1,1,1,1,1,1
1,1,1,1,1,1,1,1,1,1
1,1,1,1,1,1,1,1,1,1
1,1,1,1,1,1,1,1,1,1
1,1,1,1,1,1,1,1,1,1
1,1,1,1,1,1,1,1,1,1
1,1,1,1,1,1,1,1,1,1
1,1,1,1,1,1,1,1,1,1
1,1,1,1,1,1,1,1,1,1
1,1,1,1,1,1,1,1,1,1
1,1,1,1,1,1,1,1,1,1
1,1,1,1,1,1,1,1,1,1
1,1,1,1,1,1,1,1,1,1
1,1,1,1,1,1,1,1,1,1
1,1,1,1,1,1,1,1,1,1
1,1,1,1,1,1,1,1,1,1
1,1,1,1,1,1,1,1,1,1
1,1,1,1,1,1,1,1,1,1
1,1,1,1,1,1,1,1,1,1
1,1,1,1,1,1,1,1,1,1
1,1,1,1,1,1,1,1,1,1
1,1,1,1,1,1,1,1,1,1
1,1,1,1,1,1,1,1,1,1
1,1,1,1,1,1,1,1,1,1
1,1,1,1,1,1,1,1,1,1
1,1,1,1,1,1,1,1,1,1
1,1,1,1,1,1,1,1,1,1
1,1,1,1,1,1,1,1,1,1
1,1,1,1,1,1,1,1,1,1
1,1,1,1,1,1,1,1,1,1
1,1,1,1,1,1,1,1,1,1
1,1,1,1,1,1,1,1,1,1
1,1,1,1,1,1,1,1,1,1
1,1,1,1,1,1,1,1,1,1
1,1,1,1,1,1,1,1,1,1
1,1,1,1,1,1,1,1,1,1
1,1,1,1,1,1,1,1,1,1
1,1,1,1,1,1,1,1,1,1
1,1,1,1,1,1,1,1,1,1
1,1,1,1,1,1,1,1,1,1
0.9996731,1,1,1,1,1,1,1,1,1
0.9977741,1,1,1,1,1,1,1,1,1
0.9958838,1,1,1,1,1,1,1,1,1
0.9939991,1,1,1,1,1,1,1,1,1
0.9921231,1,1,1,1,1,1,1,1,1
0.9902557,1,1,1,1,1,1,1,1,1
0.988397,1,1,1,1,1,1,1,1,1
0.9865502,1,1,1,1,0.9920834,1,1,1,1
0.9847153,1,1,1,1,0.982251,1,1,1,1
0.9828929,1,1,1,1,0.9724181,1,1,1,1
0.9810827,1,1,1,1,0.9625818,0.9932597,1,1,1
0.9792829,1,1,1,1,0.9527458,0.9833047,1,1,1
0.9774876,1,1,1,1,0.9429079,0.9733372,1,1,1
0.9756967,1,1,1,1,0.9330708,0.96336,1,1,1
0.9739102,1,1,1,1,0.9232346,0.953373,1,1,1
0.9721277,1,1,1,1,0.9133961,0.9433728,1,1,1
0.9703494,1,1,1,1,0.9035584,0.9333625,1,1,1
0.968575,1,1,1,1,0.8937181,0.9233387,1,1,1
0.9668043,1,1,1,1,0.8838784,0.9133047,1,1,1
0.9650373,1,1,1,1,0.8740393,0.9032602,1,1,1
0.9632708,1,1,1,1,0.8642006,0.8932055,1,1,1
0.9615048,1,1,1,1,0.8543593,0.8831373,1,1,1
1,1,1,1,1,0.8445185,0.8730589,1,1,1
1,1,1,1,1,0.834689,0.862594,1,1,1
1,1,1,1,1,0.8248646,0.8521206,1,1,1
1,1,1,1,1,0.8150454,0.8416403,1,1,1
1,1,1,1,1,0.8052314,0.8311548,1,1,1
1,1,1,1,1,0.795423,0.820666,1,1,1
1,1,1,1,1,0.7856204,0.8101754,1,1,1
1,1,1,1,1,0.7758236,0.7996848,1,1,1
1,1,1,1,1,0.7660328,0.7891959,1,1,1
1,1,1,1,1,0.7562482,0.7787102,1,1,1
1,1,1,1,1,0.7464696,0.7682292,1,1,1
1,1,1,1,1,0.7367004,0.7577576,1,1,1
1,1,1,1,1,0.7269374,0.7472936,1,1,1
1,1,1,1,1,0.7171836,0.7368415,1,1,1
1,1,1,1,1,0.707436,0.7263995,1,1,1
1,1,1,1,1,0.6976974,0.7159719,1,1,1
1,1,1,1,1,0.6879648,0.7055566,1,1,1
1,1,1,1,1,0.678241,0.6951576,1,1,1
1,1,1,1,1,0.6685229,0.6847729,1,1,1
1,1,1,1,1,0.6588131,0.6744062,1,1,1
1,1,1,1,1,0.6491117,0.6640581,1,1,1
1,1,1,1,1,0.6394151,0.6537263,1,1,1
1,1,1,1,1,0.6297264,0.6434143,1,1,1
1,1,1,1,1,0.620045,0.6331226,1,1,1
1,1,1,1,1,0.6103708,0.6228516,1,1,1
1,1,1,1,1,0.6007004,0.6125984,1,0.9935732,1
1,1,1,1,1,0.5910448,0.6023369,1,0.9683293,1
1,1,1,1,1,0.5814322,0.5919911,1,0.9417807,0
1,1,1,1,1,0.5718668,0.581571,0.7066815,0.914076,0
1,1,1,1,1,0.5626884,0.5703365,0.6884173,0.9101416,0
1,1,1,1,1,0.5536141,0.5592701,0.6705984,0.9198434,0
1,1,1,1,1,1,0.5484179,0.6534544,0.9296955,0
1,1,1,1,1,1,0.5376108,0.6361178,0.9408354,0
1,1,1,1,1,1,0.5270115,0.6193987,0.952265,0
1,1,0.9985546,1,1,1,0.516606,0.6032664,0.9639438,0
1,1,0.9810202,1,1,1,0.5063825,0.5877036,0.9758025,0
1,1,0.9648765,1,1,1,0.4963449,0.5728285,0.9874743,0
1,1,0.9499699,1,1,1,0.4864675,0.5585657,0.9989166,0
1,1,0.9361652,1,1,1,0.4767254,0.5448444,1,0
1,1,0.9230322,1,1,1,0.4670896,0.5315054,1,0
1,1,0.9104888,1,1,1,0.4575456,0.5185052,1,0
1,1,0.8984896,1,1,1,0.4480847,0.5058182,1,0
1,1,0.8869959,1,1,1,0.438696,0.4934178,1,0
1,1,0.8759683,1,1,1,0.4293725,0.4812818,1,0
1,1,0.8653741,1,1,1,0.4201081,0.4693902,1,0
1,1,0.8551797,1,1,1,0.4108972,0.4577243,1,0
1,1,0.8453536,1,1,1,0.401732,0.4462635,1,0
1,1,0.8358713,1,1,1,0.8541091,0.4349886,0.6173013,0
1,1,0.8181813,1,1,1,1,0.4215527,0.5907323,0
1,1,0.8011482,1,1,1,1,0.4085692,0.5656264,0
1,1,0.784748,1,1,1,1,0.3960162,0.5418816,0
1,1,0.768975,1,1,1,1,0.3838823,0.5194325,0
1,1,0.7538198,1,1,1,1,0.3721501,0.4982032,0
1,1,0.7392641,1,1,1,1,0.3607993,0.4781151,0
1,1,0.7252802,1,1,1,1,0.3498056,0.4590847,0
1,1,0.7118426,0.8922133,1,1,1,0.3391504,0.4410388,0
1,1,0.7002794,0.8731709,1,1,1,0.3291017,0.425043,0
1,1,0.6892892,0.855471,1,1,1,0.3193212,0.4098663,0
1,1,0.678804,0.8389506,1,1,1,0.3097742,0.3954042,0
1,1,0.6687645,0.8234683,1,1,1,0.3004293,0.3815652,0
1,1,0.6591221,0.808905,1,1,1,0.2912652,0.3682769,0
1,1,0.6498351,0.7951587,1,1,1,0.3101344,0.355468,0
1,1,0.6409723,0.7823664,1,1,1,0.340334,0.3431606,0
1,1,0.6325217,0.7704908,1,1,1,0.3705657,0.3313076,1
1,1,0.6244305,0.7594093,1,1,1,0.4005633,0.3198372,1
1,1,0.6166487,0.7490118,1,1,1,0.4301081,0.3086843,1
1,1,0.6091439,0.7392172,1,1,1,0.4589711,0.2977923,1
1,1,0.60188,0.7299452,1,1,1,0.4869945,0.2871154,1
1,1,0.5948259,0.7211272,1,1,1,0.5140538,0.2766139,1
1,1,0.5879589,0.7127085,1,1,1,0.5400437,0.2662492,1
1,1,0.58126,0.7046426,1,1,1,0.5648903,0.2559943,1
1,1,0.5747097,0.696885,1,1,1,0.5885614,0.2458221,1
1,1,0.568288,0.6893936,1,1,1,0.6110615,0.2357081,1
1,1,0.5619842,0.6821393,1,1,1,0.6323881,0.2402978,1
1,1,0.5559075,0.6753473,1,1,1,0.6515412,0.2490553,1
1,0.8099934,0.550066,0.6690313,1,1,1,1,0.2575028,2
1,0.5741335,0.54805,0.6706985,1,1,1,0.6534713,0.2618841,2
1,0.4721897,0.5481528,0.6767108,1,1,1,0.6272207,0.2641961,2
1,0.467895,0.5488843,1,1,1,1,0.603036,0.2660904,2
1,0.4633211,0.5469632,1,1,1,1,0.5969825,0.2702864,2
1,0.4588841,0.545096,1,1,1,1,0.5917471,0.274362,2
1,0.4545756,0.5432773,1,1,1,1,0.5872127,0.2783261,2
1,0.4503903,0.5415059,1,1,1,1,0.5832736,0.2821824,2
1,0.4463206,0.5397774,1,1,1,1,0.5798521,0.2859386,2
1,0.4423596,0.5380874,1,1,1,1,0.5768824,0.2896011,2
1,0.4385006,0.5364321,1,1,1,1,0.574309,0.2931764,2
1,0.4347404,0.5348117,1,1,1,1,0.5720769,0.2966657,2
1,0.4310731,0.5332225,1,1,1,1,0.5701476,0.3000746,2
1,0.4274965,0.5316652,1,1,1,1,0.5684801,0.303404,2
1,0.4240051,0.5301366,1,1,1,1,0.5670468,0.3066588,2
1,0.4205939,0.5286335,1,1,1,1,1,0.3098435,2
0.4081929,0.4182085,0.5306683,1,1,1,1,0.5556658,0.3109087,2
0.402902,0.4166563,0.5352195,1,1,1,1,0.5412515,0.3107257,2
0.3980126,0.4154703,1,1,1,1,1,0.5278025,0.3104421,2
0.3936767,0.4138928,1,1,1,1,1,0.5199441,0.311243,2
0.3896176,0.4124791,1,1,1,1,1,0.5128294,0.3120421,2
0.3858179,0.4112187,1,1,1,1,1,0.5063685,0.3128369,2
0.3822619,0.4101018,1,1,1,1,1,0.500484,0.3136248,2
0.3789316,0.409116,1,1,1,1,1,0.4951156,0.3144068,2
0.3758132,0.4082528,1,1,1,1,1,0.4902051,0.3151803,2
0.372891,0.4075006,1,1,1,1,1,0.4857077,0.3159462,2
0.3701563,0.4068553,1,1,1,1,1,0.4815736,0.3166985,2
0.367595,0.4063067,1,1,1,1,1,0.4777697,0.3174385,2
0.3651938,0.4058445,1,1,1,1,1,0.4742672,0.3181676,2
0.3629463,0.4054661,1,1,1,1,1,1,0.3188801,2
0.3610976,0.4074353,1,1,1,1,1,0.4616476,0.3177588,2
0.3592381,0.4071895,1,1,1,1,1,1,0.3185007,2
0.3579125,0.4098174,1,1,1,1,1,0.4504341,0.3172696,2
0.3563864,0.4096476,1,1,1,1,1,1,0.3180196,2
0.3555545,1,1,1,1,1,1,1,0.3166891,1
0.3540331,1,1,1,1,1,1,1,0.3182768,1
0.3525222,1,1,1,1,1,1,1,0.319841,1
0.3510247,1,1,1,1,1,1,1,0.3213785,1
0.3495437,1,1,1,1,1,1,1,0.3228863,1
0.348076,1,1,1,1,1,1,1,0.3243682,1
0.3466246,1,1,1,1,1,1,1,0.3258213,1
0.3451895,1,1,1,1,1,1,1,0.327246,1
0.3437738,1,1,1,1,1,1,1,0.3286393,1
0.3423773,1,1,1,1,1,1,1,0.3300019,1
0.341,1,1,1,1,1,1,1,0.3313342,1
0.339642,1,1,1,1,1,1,1,0.3326367,1
0.3383062,1,1,1,1,1,1,1,0.3339066,1
0.3369928,1,1,1,1,1,1,1,0.3351446,1
0.3357015,1,1,1,1,1,1,1,0.3363511,1
0.3344354,1,1,1,1,1,1,1,0.3375234,1
0.3331916,1,1,1,1,1,1,1,0.3386654,1
1,1,1,1,1,1,1,1,0.3397745,0
1,1,1,1,1,1,1,1,0.3444645,0
1,1,1,1,1,1,1,1,1,1
1,1,1,1,1,1,1,1,1,1
1,1,1,1,1,1,1,1,1,1
1,1,1,1,1,1,1,1,1,1
1,1,1,1,1,1,1,1,1,1
1,1,1,1,1,1,1,1,1,1
1,1,1,1,1,1,1,1,0.9903069,1
1,1,1,1,1,1,1,1,0.9661113,1
1,1,1,1,1,1,1,1,0.940101,1
1,1,1,1,1,1,1,1,0.9123151,1
1,1,1,1,1,1,1,1,0.8828467,0
1,1,1,1,1,1,1,1,0.8862505,0
1,1,1,1,1,1,1,1,0.8901602,1
1,1,1,1,1,1,1,1,0.8940787,1
1,1,1,1,1,1,1,1,0.8980036,1
1,1,1,1,1,1,1,1,0.9019295,1
1,1,1,1,1,1,1,1,0.9058544,1
1,1,1,1,1,1,1,1,0.9097761,1
1,1,1,1,1,1,1,1,0.9136863,1
1,1,1,1,1,1,0.989603,1,0.9175863,1
1,1,1,1,1,1,0.9788952,1,0.9215172,1
1,1,1,1,1,1,0.9682301,1,0.925478,1
1,1,1,1,1,1,0.9576104,1,0.9294665,1
1,1,1,1,1,1,0.9470325,1,0.9334769,1
1,1,1,1,1,1,0.9364955,1,0.9375068,1
1,1,1,1,1,1,0.9259989,1,0.9415573,1
1,1,1,1,1,1,0.9155416,1,0.9456194,1
1,1,1,1,1,1,0.9051231,1,0.9496943,1
1,1,1,1,1,1,0.8947423,1,0.9537761,1
1,1,1,1,1,1,0.8843983,1,0.9578665,1
1,1,1,1,1,1,0.8740904,1,0.9619566,1
1,1,1,1,1,1,0.8638172,1,0.9660476,1
1,1,1,1,1,1,0.853578,1,0.9701344,1
1,1,1,1,1,1,0.8433717,1,0.974215,1
1,1,1,1,1,1,0.8331974,1,0.9782881,1
1,1,1,1,1,1,0.823051,1,0.9823519,1
1,1,1,1,1,1,0.8129345,1,0.9864014,1
1,1,1,1,1,1,0.8028439,1,0.990435,1
1,1,1,1,1,1,0.7927813,1,0.9944523,1
1,1,1,1,1,1,0.7827426,1,0.9984478,1
1,1,1,1,1,1,0.7727301,1,1,1
1,1,1,1,1,1,0.7627282,1,1,1
1,1,1,1,1,1,0.7527329,1,1,1
1,1,1,1,1,1,0.7427419,1,1,1
1,1,1,1,1,1,0.7327589,1,1,1
1,1,1,1,1,1,0.7227813,1,1,1
1,1,1,1,1,1,0.7128128,1,1,1
1,1,1,1,1,1,0.7028539,1,1,1
1,1,1,1,1,1,0.6929053,1,1,1
1,1,1,1,1,1,0.6829642,1,1,1
1,1,1,1,1,1,0.6730343,1,1,1
1,1,1,1,1,1,0.663116,1,1,1
1,1,1,1,1,1,0.6532096,1,1,1
1,1,1,1,1,1,0.6433156,1,1,1
1,1,1,1,1,1,0.6610839,1,1,1
1,1,1,1,1,1,0.6910097,1,1,1
1,1,1,1,1,1,0.7208587,1,1,1
1,1,1,1,1,1,0.7505381,1,1,1
1,1,1,1,1,1,0.7799559,1,1,1
1,1,1,1,1,1,1,1,1,1
1,1,1,1,1,1,1,1,1,1
1,1,1,1,1,1,1,1,1,1
1,1,1,1,1,1,1,1,1,1
1,1,1,1,1,1,1,1,1,1
1,1,1,1,1,1,1,1,1,1
1,1,1,1,1,1,1,0.6206083,1,0
1,1,1,1,1,1,1,0.60594,1,0
1,1,1,1,1,1,1,0.5914291,1,0
1,1,1,1,1,1,1,0.5770885,1,0
1,1,1,1,1,1,1,0.5629259,1,0
1,1,1,1,1,1,1,0.5489476,1,0
1,1,1,1,1,1,1,0.535159,1,0
1,1,1,1,1,1,1,0.5215711,1,0
1,1,1,1,1,1,1,0.5081832,1,0
1,1,1,1,1,1,1,0.4950007,1,0
1,1,1,1,1,1,1,0.4820243,1,0
1,1,1,1,1,1,1,0.4692573,1,0
1,1,1,1,1,1,1,0.4566986,1,0
1,1,1,1,1,1,1,0.4443499,1,0
1,1,1,1,1,1,1,0.4322053,1,0
1,1,1,0.9941367,1,1,1,0.4388842,1,0
1,1,1,0.9734792,1,1,1,0.4591392,1,0
1,1,1,0.9546892,1,1,1,0.4793509,1,0
1,1,1,0.9375197,1,1,1,0.4994164,0.5318739,0
1,1,1,0.9154495,1,1,1,0.5380369,0.5069716,0
1,1,1,0.9190407,1,1,1,0.5803462,0.4839396,0
1,1,1,0.9228285,1,1,1,1,0.4624138,0
1,1,1,0.9224501,1,1,1,1,0.4444357,0
1,1,1,0.9225491,1,1,1,1,0.4270051,0
1,1,1,0.923134,0.9834046,1,1,1,0.4101224,0
1,1,1,0.9238788,0.952552,1,1,1,0.3939111,0
1,1,1,0.9244421,0.9236928,1,1,1,0.3784494,0
1,1,1,0.9247777,0.8966417,1,1,1,0.3792424,0
1,1,1,0.9244431,0.8717337,1,1,1,0.3940304,0
1,1,1,1,0.8491316,1,1,1,0.4087748,0
1,1,1,1,0.8259419,1,1,1,0.4246982,0
1,1,1,1,0.8047682,1,1,1,0.4405592,0
1,1,1,1,0.7853239,1,1,1,0.4562944,0
1,1,1,1,0.7746508,1,1,1,0.4718427,0
1,1,1,1,0.7691667,1,1,1,0.487275,0
1,1,1,1,0.7632658,1,1,1,0.5026354,0
1,1,1,1,0.7569441,1,1,1,1,2
1,1,1,1,0.742875,1,1,1,1,2
1,1,1,1,0.7287372,1,1,1,1,2
1,1,1,1,0.7145542,1,1,1,1,2
1,1,1,1,0.7042214,1,1,1,1,2
1,1,1,1,0.7011682,1,1,1,1,2
1,1,1,0.788469,0.6981996,1,1,1,1,2
1,1,1,0.7649332,0.7015055,1,1,1,1,2
1,1,1,0.7418129,0.7056798,1,1,1,1,2
1,1,1,0.7191618,0.7107452,1,1,1,1,2
1,1,1,0.6970167,0.7167262,1,1,1,1,2
1,1,1,0.6754162,0.723637,1,1,1,1,2
1,1,1,0.6543752,0.7314986,1,1,1,1,2
1,1,1,0.6339074,0.740333,1,1,1,1,2
1,1,1,0.6140182,1,1,1,1,1,2
1,1,1,0.5973422,1,1,1,1,1,2
1,1,1,0.5850602,1,1,1,1,1,2
1,1,1,0.5854259,1,1,1,1,1,2
1,1,1,0.5859081,1,1,1,1,1,2
1,1,1,0.5865065,1,1,1,1,1,2
1,1,1,0.5872203,1,1,1,1,1,2
1,1,1,0.5880438,1,1,1,1,1,2
1,1,0.6242553,0.588977,1,1,1,1,1,2
1,1,0.5949393,0.5996208,1,1,1,1,1,2
1,1,0.5671443,0.6115621,1,1,1,1,1,2
1,1,0.5407449,1,1,1,1,1,1,2
1,1,0.5193427,1,1,1,1,1,1,2
1,1,0.4983521,1,1,1,1,1,1,2
1,1,0.4778055,1,1,1,1,1,1,2
1,1,0.4598121,1,1,1,1,1,1,2
1,1,0.4630645,1,1,1,1,1,1,2
1,1,0.4665756,1,1,1,1,1,1,2
1,1,0.470347,1,1,1,1,1,1,2
1,1,0.4743752,1,1,1,1,1,1,2
1,1,0.4786567,1,1,1,1,1,1,2
1,1,0.4831879,1,1,1,1,1,1,2
1,1,0.4879652,1,1,1,1,1,1,2
1,1,0.4929845,1,1,1,1,1,1,2
1,0.5083152,1,1,1,1,1,1,1,2
1,0.4724151,1,1,1,1,1,1,1,2
1,0.4379693,1,1,1,1,1,1,1,2
1,0.4051027,1,1,1,1,1,1,1,2
1,0.3739751,1,1,1,1,1,1,1,2
1,0.3488088,1,1,1,1,1,1,1,2
1,0.3530428,1,1,1,1,1,1,1,2
1,0.3578264,1,1,1,1,1,1,1,2
1,0.3631857,1,1,1,1,1,1,1,2
1,0.3691577,1,1,1,1,1,1,1,2
1,0.375616,1,1,1,1,1,1,1,2
1,0.3825414,1,1,1,1,1,1,1,2
0.4122377,0.3899308,1,1,1,1,1,1,1,2
0.3560861,1,1,1,1,1,1,1,1,2
0.3068612,1,1,1,1,1,1,1,1,2
0.3104732,1,1,1,1,1,1,1,1,2
0.3145066,1,1,1,1,1,1,1,1,2
0.3189763,1,1,1,1,1,1,1,1,2
0.3238956,1,1,1,1,1,1,1,1,2
0.329286,1,1,1,1,1,1,1,1,2
0.335164,1,1,1,1,1,1,1,1,2
0.3415518,1,1,1,1,1,1,1,1,2
0.3484734,1,1,1,1,1,1,1,1,2
1,1,1,1,1,1,1,1,1,1
1,1,1,1,1,1,1,1,1,1
1,1,1,1,1,1,1,1,1,1
1,1,1,1,1,1,1,1,1,1
1,1,1,1,1,1,1,1,1,1
1,1,1,1,1,1,1,1,1,1
1,1,1,1,1,1,1,1,1,1
1,1,1,1,1,1,1,1,1,1
1,1,1,1,1,1,1,1,1,1
1,1,1,1,1,1,1,1,1,1
1,1,1,1,1,1,1,1,1,1
1,1,1,1,1,1,1,1,1,1
1,1,1,1,1,1,1,1,1,1
1,1,1,1,1,1,1,1,1,1
1,1,1,1,1,1,1,1,1,1
1,1,1,1,1,1,1,1,1,1
1,1,1,1,1,1,1,1,1,1
1,1,1,1,1,1,1,1,1,1
1,1,1,1,1,1,1,1,1,1
1,1,1,1,1,1,1,1,1,1
1,1,1,1,1,1,1,1,1,1
1,1,1,1,1,1,1,1,1,1
1,1,1,1,1,1,1,1,1,1
1,1,1,1,1,1,1,1,1,1
1,1,1,1,1,1,1,1,1,1
1,1,1,1,1,1,1,1,1,1
1,1,1,1,1,1,1,1,1,1
1,1,1,1,1,1,1,1,1,1
1,1,1,1,1,1,1,1,1,1
1,1,1,1,1,1,1,1,1,1
1,1,1,1,1,1,1,1,1,1
1,1,1,1,1,1,1,1,1,1
1,1,1,1,1,1,1,1,1,1
1,1,1,1,1,1,1,1,1,1
1,1,1,1,1,1,1,1,1,1
1,1,0.9275034,1,1,1,1,1,1,1
1,1,0.8341835,1,1,1,1,1,1,1
1,1,0.8220409,1,1,1,1,1,1,1
1,1,0.8098658,1,1,1,1,1,1,1
1,1,0.7976644,1,1,1,1,1,1,1
1,1,0.7854456,1,1,1,1,1,1,1
1,1,0.7732118,1,1,1,1,1,1,1
1,1,0.7747799,1,1,1,1,1,1,1
1,1,0.7821756,1,1,1,1,1,1,1
1,1,0.7895109,1,1,1,1,1,1,1
1,1,0.7967911,1,1,1,1,1,1,1
1,1,0.8040059,1,1,1,1,1,1,1
1,1,0.8111448,1,1,1,1,1,1,1
1,1,0.8182062,1,1,1,1,1,1,1
1,1,0.8251882,1,1,1,1,1,1,1
1,1,0.8320807,1,1,1,1,1,1,1
1,0.8910546,0.8388826,1,1,1,1,1,1,2
1,0.8708882,0.8527504,1,1,1,1,1,1,2
1,0.8507029,0.8650765,1,1,1,1,1,1,2
1,0.8305027,0.8699723,1,1,1,1,1,1,2
1,0.8102301,0.8884457,1,1,1,1,1,1,2
1,0.7900869,0.9085331,1,1,1,1,1,1,2
1,0.7701102,0.9303201,1,1,1,1,1,1,2
1,0.7503318,0.9538892,1,1,1,1,1,1,2
1,0.7307843,1,1,1,1,1,1,1,2
1,0.7116801,1,1,1,1,1,1,1,2
1,0.6925983,1,1,1,1,1,1,1,2
1,0.6735827,1,1,1,1,1,1,1,2
1,0.6546701,1,1,1,1,1,1,1,2
1,0.6358957,1,1,1,1,1,1,1,2
1,0.6172959,1,1,1,1,1,1,1,2
1,0.598904,1,1,1,1,1,1,1,2
1,0.5807461,1,1,1,1,1,1,1,2
1,0.5628489,1,1,1,1,1,1,1,2
1,0.5453733,1,1,1,1,1,1,1,2
1,0.5572128,1,1,1,1,1,1,1,2
1,0.5693189,1,1,1,1,1,1,1,2
1,0.5816755,1,1,1,1,1,1,1,2
0.7958506,0.594261,1,1,1,1,1,1,1,2
0.7528951,0.6136961,1,1,1,1,1,1,1,2
0.7118313,0.6353723,1,1,1,1,1,1,1,2
0.6728132,0.659457,1,1,1,1,1,1,1,2
0.6359171,0.6759487,1,1,1,1,1,1,1,2
0.6009755,0.7053113,1,1,1,1,1,1,1,2
0.5681833,0.7376374,1,1,1,1,1,1,1,2
0.537472,0.7731284,1,1,1,1,1,1,1,2
0.5087422,1,1,1,1,1,1,1,1,2
0.4853172,1,1,1,1,1,1,1,1,2
0.497563,1,1,1,1,1,1,1,1,2
0.5102175,1,1,1,1,1,1,1,1,2
0.5232633,1,1,1,1,1,1,1,1,2
0.5366762,1,1,1,1,1,1,1,1,2
0.5504354,1,1,1,1,1,1,1,1,2
0.5645218,1,1,1,1,1,1,1,1,2
0.578907,1,1,1,1,1,1,1,1,2
0.5935649,1,1,1,1,1,1,1,1,2
0.6084724,1,1,1,1,1,1,1,1,2
0.6157987,1,1,1,1,1,1,1,1,2
0.6311811,1,1,1,1,1,1,1,1,2
0.6467345,1,1,1,1,1,1,1,1,2
0.6624321,1,1,1,1,1,1,1,1,2
0.6782407,1,1,1,1,1,1,1,1,2
0.6941317,1,1,1,1,1,1,1,1,2
1,1,1,1,1,1,1,1,1,1
1,1,1,1,1,1,1,1,1,1
1,1,1,1,1,1,1,1,1,1
1,1,1,1,1,1,1,1,1,1
1,1,1,1,1,1,1,1,1,1
1,1,1,1,1,1,1,1,1,1
1,1,1,1,1,1,1,1,1,1
1,1,1,1,1,1,1,1,1,1
1,1,1,1,1,1,1,1,1,1
1,1,1,1,1,1,1,1,1,1
1,1,1,1,1,1,1,1,1,1
1,1,1,1,1,1,1,1,1,1
1,1,1,1,1,1,1,1,1,1
1,1,1,1,1,1,1,1,1,1
1,1,1,1,1,1,1,1,1,1
1,1,1,1,1,1,1,1,1,1
1,1,1,1,1,1,1,1,1,1
1,1,1,1,1,1,1,1,1,1
1,1,1,1,1,1,1,1,1,1
1,1,1,1,1,1,1,1,1,1
1,1,1,1,1,1,1,1,1,1
1,1,1,1,1,1,1,1,1,1
1,1,1,1,1,1,1,1,1,1
1,1,1,1,1,1,1,1,1,1
1,1,1,1,1,1,1,1,1,1
1,1,1,1,1,1,1,1,1,1
1,1,1,1,1,1,1,1,1,1
1,1,1,1,1,1,1,1,1,1
1,1,1,1,1,1,1,1,1,1
1,1,1,1,1,1,1,1,1,1
1,1,1,1,0.9939176,1,1,1,1,1
1,1,1,1,0.9838144,1,1,1,1,1
1,1,1,1,0.9735408,1,1,1,1,1
1,1,1,1,0.9631003,1,1,1,1,1
1,1,1,1,0.952493,1,1,1,1,1
1,1,1,1,0.9417233,1,1,1,1,1
1,1,1,1,0.9307927,1,1,1,1,1
1,1,1,1,0.9197068,1,1,1,1,1
1,1,1,1,0.9084724,1,1,1,1,1
1,1,1,1,0.8970927,1,1,1,1,1
1,1,1,1,0.8855717,1,1,1,1,1
1,1,1,1,0.8739175,1,1,1,1,1
1,1,1,1,0.8621353,1,1,1,1,1
1,1,1,1,0.8502378,1,1,1,1,1
1,1,1,1,0.8382274,1,1,1,1,1
1,1,1,1,0.8261141,1,1,1,1,1
1,1,1,1,0.813908,1,1,1,1,0
1,1,1,1,0.801616,1,1,1,1,0
1,1,1,1,0.7892488,1,1,1,1,0
1,1,1,1,0.7768172,1,1,1,1,0
1,1,1,1,0.7643283,1,1,1,1,0
1,1,1,1,0.7517892,1,1,1,1,0
1,1,1,1,0.739214,0.8424625,1,1,1,0
1,1,1,1,0.724649,0.8235936,1,1,1,0
1,1,1,1,0.7099785,0.8045877,1,1,1,0
1,1,1,1,0.6991476,0.785514,1,1,1,0
1,1,1,1,0.7041627,0.7664896,1,1,1,0
1,1,1,1,0.7099761,0.7477602,1,1,1,0
1,1,1,1,0.7165942,0.7293458,1,1,1,0
1,1,1,1,0.724044,0.7112609,1,1,1,0
1,1,1,1,0.7323347,0.693515,1,1,1,0
1,1,1,1,0.7414904,0.6761172,1,1,1,0
1,1,1,1,0.7515373,0.6590727,1,1,1,0
1,1,1,1,0.762489,0.6423789,1,1,1,0
1,1,1,1,0.7743682,0.626031,1,1,1,0
1,1,1,1,1,0.6100248,1,1,1,0
1,1,1,1,1,0.595657,1,1,1,0
1,1,1,1,1,0.5813837,1,1,1,0
1,1,1,1,1,0.5672135,1,1,1,0
1,1,1,1,1,0.5682848,0.6808049,1,1,0
1,1,1,1,1,0.5801997,0.6548552,1,1,0
1,1,1,1,1,0.5935625,0.6299646,1,1,0
1,1,1,1,1,0.6084541,0.6061079,1,1,0
1,1,1,1,1,0.6249493,0.5832505,1,1,0
1,1,1,1,1,0.643145,0.5613495,1,1,0
1,1,1,1,1,0.6631259,0.540361,1,1,0
1,1,1,1,1,1,0.5202335,1,1,0
1,1,1,1,1,1,0.5029224,1,1,0
1,1,1,1,1,1,0.4858925,1,1,0
1,1,1,1,1,1,0.4691557,1,1,0
1,1,1,1,1,1,0.453754,1,1,0
1,1,1,1,1,1,0.4595074,1,1,0
1,1,1,1,1,1,0.4655309,1,1,0
1,1,1,1,1,1,0.4718159,1,1,0
1,1,1,1,1,1,0.4783588,1,1,0
1,1,1,1,1,1,0.4851558,1,1,0
1,1,1,1,1,1,0.4922021,1,1,0
1,1,1,1,1,1,0.4994932,0.5291268,1,0
1,1,1,1,1,1,0.5165486,0.4965536,0.9801405,0
1,1,1,1,1,1,0.5356134,0.4660133,0.9563519,0
1,1,1,1,1,1,1,0.4373117,0.9604943,0
1,1,1,1,1,1,1,0.4106782,0.9651119,0
1,1,1,1,1,1,1,0.3853192,1,0
1,1,1,1,1,1,1,0.3616931,1,0
1,1,1,1,1,1,1,0.3434982,1,0
1,1,1,1,1,1,1,0.3510495,1,0
1,1,1,1,1,1,1,0.3591035,1,0
1,1,1,1,1,1,1,0.3676594,1,0
1,1,1,1,1,1,1,0.3767153,1,0
1,1,1,1,1,1,1,0.3862681,0.4583825,0
1,1,1,1,1,0.9948885,1,0.3981209,0.4132131,0
1,1,1,1,1,0.9850538,1,0.4110732,0.3722914,0
1,1,1,1,1,0.9756868,1,0.4252187,0.3350441,0
1,1,1,1,1,0.9667818,0.9870815,1,0.3010034,0
1,1,1,1,1,0.9583309,0.9730465,1,0.3066652,0
1,1,1,1,1,1,0.9596041,1,0.3134384,0
1,1,1,1,1,1,0.946735,1,0.3207557,0
1,1,1,1,1,1,0.9344209,1,0.3286462,0
1,1,1,1,1,1,0.9226453,1,0.3371378,0
1,1,1,1,1,1,0.9113989,1,0.3462655,0
1,1,1,1,1,1,0.9006646,1,0.3560637,0
1,1,1,1,1,1,0.8904327,1,0.3665742,0
1,1,1,1,1,1,0.8806916,1,0.3778394,0
1,1,1,1,1,1,0.871428,1,1,1
1,1,1,1,1,1,0.8623613,1,1,1
1,1,1,1,1,1,0.8532944,1,1,1
1,1,1,1,1,1,0.8442276,1,1,1
1,1,1,1,1,1,0.8351609,1,1,1
1,1,1,1,1,1,0.826094,1,1,1
1,1,1,1,1,1,0.8170273,1,1,1
1,1,1,1,1,1,0.8079605,1,1,1
1,1,1,1,1,1,0.7988937,0.8817692,1,1
1,1,1,1,1,1,0.7898368,0.8709186,1,1
1,1,1,1,1,1,0.7807927,0.8600381,1,1
1,1,1,1,1,1,1,0.8491364,1,1
1,1,1,1,1,1,1,0.8381931,1,1
1,1,1,1,1,1,1,0.82723,1,1
1,1,1,1,1,1,1,0.8162549,1,1
1,1,1,1,1,1,1,0.8052694,1,1
1,1,1,1,1,1,1,0.7942814,1,1
1,1,1,1,1,1,1,0.7832958,1,1
1,1,1,1,1,1,1,0.7723173,1,1
1,1,1,1,1,1,1,0.7613537,1,1
1,1,1,1,1,1,1,0.7504095,1,1
1,1,1,1,1,1,1,0.7394888,1,0
1,1,1,1,1,1,1,0.7285962,1,0
1,1,1,1,1,1,1,0.7177387,1,0
1,1,1,1,1,1,1,0.7069203,1,0
1,1,1,1,1,1,1,0.6961445,1,0
1,1,1,1,1,1,1,0.6854147,1,0
1,1,1,1,1,1,1,0.6747376,1,0
1,1,1,1,1,1,1,0.6641127,1,0
1,1,1,1,1,1,1,0.6535462,1,0
1,1,1,1,1,1,1,0.6430438,1,0
1,1,1,1,1,1,1,0.6326045,1,0
1,1,1,1,1,1,1,0.6222335,1,0
1,1,1,1,1,1,1,0.6119328,1,0
1,1,1,1,1,1,1,0.6017038,1,0
1,1,1,1,1,1,1,0.591548,1,0
1,1,1,1,1,1,1,0.5814664,1,0
1,1,1,1,1,1,1,0.5714632,0.7442216,0
1,1,1,1,1,1,1,0.5602766,0.7239791,0
1,1,1,1,1,1,1,0.5492825,0.7041776,0
1,1,1,1,1,1,1,0.5385004,0.6848651,0
1,1,1,1,1,1,1,0.5559231,0.6660765,0
1,1,1,1,1,1,1,0.609825,0.6479959,0
1,1,1,1,1,1,1,0.6691861,0.6307819,0
1,1,1,1,1,1,1,0.734526,0.6143739,0
1,1,1,1,1,1,1,0.8063869,0.598718,0
1,1,1,1,1,1,1,1,0.5837588,0
1,1,1,1,1,1,1,1,0.5698249,0
1,1,1,1,1,1,1,1,0.5561631,0
1,1,1,1,1,1,1,1,0.5427837,0
1,1,1,1,1,1,1,1,0.5296918,0
1,1,1,1,1,1,1,1,0.5168942,0
1,1,1,1,1,1,1,1,0.5043924,0
1,1,1,1,1,1,1,0.9983878,0.4921906,0
1,1,1,1,1,1,1,0.9897749,0.4802853,0
1,1,1,1,1,1,1,0.9813803,0.4686696,0
1,1,1,1,1,1,1,0.9732088,0.4819589,0
1,1,1,1,1,1,1,0.9652939,0.5058156,0
1,1,1,1,1,1,1,0.957626,0.5301726,0
1,1,1,1,1,1,1,0.9501771,0.5549561,0
1,1,1,1,1,1,1,0.9429218,0.5800996,0
1,1,1,1,1,1,1,0.9358336,0.6055325,0
1,1,1,1,1,1,1,0.9288918,0.6311739,0
1,1,1,1,1,1,1,0.9220748,0.6569408,0
1,1,1,1,1,1,1,0.9153656,0.6827551,0
1,1,1,1,1,1,1,0.9087462,0.7085375,0
1,1,1,1,1,1,1,0.9022061,0.734202,0
1,1,1,1,1,1,1,0.8957306,0.7596784,0
1,1,1,1,1,1,1,0.8893089,0.9472815,1
1,1,1,1,1,1,1,0.8828985,0.9674141,1
1,1,1,1,1,1,1,0.876491,0.9659081,1
1,1,1,1,1,1,1,0.8700899,0.9585921,1
1,1,1,1,1,1,1,0.8636956,0.9512328,1
1,1,1,1,1,1,1,1,0.9438319,1
1,1,1,1,1,1,1,1,0.9363793,1
1,1,1,1,1,1,1,1,0.9288899,1
1,1,1,1,1,1,1,1,0.9213656,1
1,1,1,1,1,1,1,1,0.9138115,1
1,1,1,1,1,1,1,1,0.9062265,1
1,1,1,1,1,1,1,1,0.8986193,1
1,1,1,1,1,1,1,1,0.8909889,1
1,1,1,1,1,1,1,1,0.883341,1
1,1,1,1,1,1,1,1,0.8756776,1
1,1,1,1,1,1,1,1,0.8680015,1
1,1,1,1,1,1,1,1,0.8603182,1
1,1,1,1,1,1,1,1,0.8526304,1
1,1,1,1,1,1,1,1,0.8449404,1
1,1,1,1,1,1,1,1,0.8372542,1
1,1,1,1,1,1,1,1,0.8295742,1
1,1,1,1,1,1,1,1,0.8219029,1
1,1,1,1,1,1,1,1,0.8142462,1
1,1,1,1,1,1,1,1,0.8066031,1
1,1,1,1,1,1,1,1,0.7989795,1
1,1,1,1,1,1,1,1,0.7913809,1
1,1,1,1,1,1,1,1,0.7838064,1
1,1,1,1,1,1,1,1,0.7762617,1
1,1,1,1,1,1,1,1,0.768752,1
1,1,1,1,1,1,1,1,0.7612764,1
1,1,1,1,1,1,1,1,0.7538401,1
1,1,1,1,1,1,1,1,0.7464451,1
1,1,1,1,1,1,1,1,0.7390932,1
1,1,1,1,1,1,1,1,0.7317864,1
1,1,1,1,1,1,1,1,0.7245293,1
1,1,1,1,1,1,1,1,0.7173204,1
1,1,1,1,1,1,1,1,0.7145377,1
1,1,1,1,1,1,1,1,0.7470728,1
1,1,1,1,1,1,1,1,0.7793202,1
1,1,1,1,1,1,1,1,0.8111628,1
1,1,1,1,1,1,1,1,0.8424888,1
1,1,1,1,1,1,1,1,0.8731928,1
1,1,1,1,1,1,1,1,0.9031751,1
1,1,1,1,1,1,1,1,0.9323462,1
1,0.9942272,1,1,1,1,1,1,0.9606336,1
1,0.9856597,1,1,1,1,1,1,0.9872816,1
1,0.9768906,1,1,1,1,1,1,1,1
1,0.9679831,1,1,1,1,1,1,1,1
1,0.9589884,1,1,1,1,1,1,1,1
1,0.9499128,1,1,1,1,1,1,1,1
1,0.9407633,1,1,1,1,1,1,1,1
1,0.9315469,1,1,1,1,1,1,1,1
1,0.922268,1,1,1,1,1,1,1,1
1,0.9129317,1,1,1,1,1,1,1,1
1,0.9035495,1,1,1,1,1,1,1,1
1,0.8941268,1,1,1,1,1,1,1,2
1,0.884673,1,1,1,1,1,1,1,2
1,0.8751976,1,1,1,1,1,1,1,2
1,0.8657104,1,1,1,1,1,1,1,2
1,0.8706668,1,1,1,1,1,1,1,2
1,0.9150656,1,1,1,1,1,1,1,1
1,0.9543012,1,1,1,1,1,1,0.9802168,1
1,0.9867242,1,1,1,1,1,1,0.9743811,1
1,1,1,1,1,1,1,1,0.9679934,1
1,1,1,1,1,1,1,1,0.9613624,1
0.9981008,1,1,1,1,1,1,1,0.954702,1
0.988376,1,1,1,1,1,1,1,0.9480367,1
0.9784734,1,1,1,1,1,1,1,0.9414598,1
0.9683883,1,1,1,1,1,1,1,0.9349682,1
0.9581246,1,1,1,1,1,1,1,0.9285628,1
0.9476866,1,1,1,1,1,1,1,0.9222412,1
0.9370757,1,1,1,1,1,1,1,0.9160039,1
0.926294,1,1,1,1,1,1,1,0.9098489,1
0.9153475,1,1,1,1,1,1,1,0.9037738,1
0.9042436,1,1,1,1,1,1,1,0.8977798,1
0.8929862,1,1,1,1,1,1,1,0.891865,1
0.8815839,1,1,1,1,1,1,1,0.8860277,1
0.870042,1,1,1,1,1,1,1,0.880266,1
0.85837,1,1,1,1,1,1,1,0.8745817,1
0.8465747,1,1,1,1,1,1,1,0.8689736,1
0.8346671,1,1,1,1,1,1,1,0.8634402,1
0.8226547,1,1,1,1,1,1,1,0.8579838,1
0.8105532,1,1,1,1,1,1,1,0.8526002,1
0.798372,1,1,1,1,1,1,1,0.8472921,2
0.7861196,1,1,1,1,1,1,1,0.8420585,2
0.7738133,1,1,1,1,1,1,1,0.8369025,2
0.761463,1,1,1,1,1,1,1,0.8318205,2
0.7490829,1,1,1,1,1,1,1,0.8268154,2
0.736683,1,1,1,1,1,1,1,0.8218874,2
0.7242776,1,1,1,1,1,1,1,0.8170366,2
0.711885,1,1,1,1,1,1,1,0.8122665,2
0.7165661,1,1,1,1,1,1,1,0.8075741,2
0.7350538,1,1,1,1,1,1,1,0.8027379,2
0.7531642,1,1,1,1,1,1,1,0.7975646,2
0.7708081,1,1,1,1,1,1,1,0.7926409,1
0.7879171,1,1,1,1,1,1,1,0.8026338,1
0.804783,1,1,1,1,1,1,1,0.8130934,1
0.8213831,1,1,1,1,1,1,1,0.8240101,1
0.8376991,1,1,1,1,1,1,1,0.8353664,1
0.8537152,1,1,1,1,1,1,1,0.8471592,1
0.8694267,1,1,1,1,1,1,1,0.8593717,1
0.8848192,1,1,1,1,1,1,1,0.8719935,1
0.8998944,1,1,1,1,1,1,1,0.885008,1
0.9146503,1,1,1,1,1,1,1,0.8984057,1
0.929088,1,1,1,1,1,1,1,0.9121763,1
0.9432157,1,1,1,1,1,1,1,0.9263039,1
0.9570453,1,1,1,1,1,1,1,0.9407786,1
0.970582,1,1,1,1,1,1,1,0.9555853,1
0.9331177,1,1,1,1,1,1,1,0.9707153,1
0.9235234,1,1,1,1,1,1,1,0.9828188,1
0.9136474,1,1,1,1,1,1,1,1,1
0.9034454,1,1,1,1,1,1,1,1,1
0.893115,1,1,1,1,1,1,1,1,1
0.8826703,1,1,1,1,1,1,1,1,2
0.8721226,1,1,1,1,1,1,1,1,2
0.8614806,1,1,1,1,1,1,1,1,2
0.8507605,1,1,1,1,1,1,1,1,2
0.8723027,1,1,1,1,1,1,1,1,2
0.8938283,1,1,1,1,1,1,1,1,1
0.9145282,1,1,1,1,1,1,1,1,1
0.9343214,1,1,1,1,1,1,1,1,1
1,1,1,1,1,1,1,1,1,1
1,1,1,1,1,1,1,1,1,1
1,1,1,1,1,1,1,1,1,1
1,1,1,1,1,1,1,1,1,1
1,1,1,1,1,1,1,1,1,1
1,1,1,1,1,1,1,1,1,1
1,1,1,1,1,1,1,1,1,1
1,1,1,1,1,1,1,1,1,1
1,1,1,1,1,1,1,1,1,1
1,1,1,1,1,1,1,1,1,1
1,1,1,1,1,1,1,1,1,1
1,1,1,1,1,1,1,1,1,1
1,1,1,1,1,1,1,1,1,1
1,1,1,1,1,1,1,1,1,1
1,1,1,1,1,1,1,1,1,1
1,1,1,1,1,1,1,1,1,1
1,1,1,1,1,1,1,1,1,1
1,1,1,1,1,1,1,1,1,1
1,1,1,1,1,1,1,1,1,1
1,1,1,1,1,1,1,1,0.995744,1
1,1,1,1,1,1,1,1,0.9873147,1
1,1,1,1,1,1,1,1,0.9787797,1
1,1,1,1,1,1,1,1,0.9701446,1
1,1,1,1,1,1,1,1,0.9614151,1
1,1,1,1,1,1,1,1,0.9525937,1
1,1,1,1,1,1,1,1,0.943683,1
1,1,1,1,1,1,1,1,0.93469,1
1,1,1,1,1,1,1,1,0.9256179,1
1,1,1,1,1,1,1,1,0.9164742,1
1,1,1,1,1,1,1,1,0.9072624,1
1,1,1,1,1,1,1,1,0.8979874,1
1,1,1,1,1,1,1,1,0.8886569,1
1,1,1,1,1,1,1,1,0.8792791,1
1,1,1,1,1,1,1,1,0.8698557,1
1,1,1,1,1,1,1,1,0.8807389,1
1,1,1,1,1,1,1,1,0.899003,1
1,1,1,1,1,1,1,1,0.9168269,1
1,1,1,1,1,1,1,1,0.934189,1
1,1,1,1,1,1,1,1,0.9510644,1
1,1,0.7966425,1,1,1,1,1,0.9674381,2
1,1,0.7592844,1,1,1,1,1,0.9692561,2
1,1,0.7203741,1,1,1,1,1,0.9684758,2
1,1,0.6804881,1,1,1,1,1,0.9652539,2
1,1,0.6478879,1,1,1,1,1,0.9598131,2
1,1,0.6438851,1,1,1,1,1,0.9528949,2
1,1,0.640026,1,1,1,1,1,0.9463626,2
1,1,0.636307,1,1,1,1,1,0.9401962,2
1,1,0.6327245,1,1,1,1,1,0.9343767,2
1,1,0.6292752,1,1,1,1,1,0.9288866,2
1,1,0.6259592,1,1,1,1,1,0.9237033,2
1,1,0.6227698,1,1,1,1,1,0.9188163,2
1,1,0.6197039,1,1,1,1,1,0.9142097,2
1,1,0.6167586,1,1,1,1,1,0.9098687,2
1,1,1,1,1,1,1,1,0.9057792,1
1,1,1,1,1,1,1,1,0.9181886,1
1,1,1,1,1,1,1,1,0.9303203,1
1,1,1,1,1,1,1,1,0.9421574,1
1,1,1,1,1,1,1,1,0.9536939,1
1,1,1,1,1,1,1,1,0.9649196,1
1,1,1,1,1,1,1,1,0.9758316,1
1,1,1,1,1,1,1,1,1,1
1,1,1,1,1,1,1,1,1,1
1,1,1,1,1,1,1,1,1,1
1,1,1,1,1,1,1,1,1,1
1,1,1,1,1,1,1,1,1,1
1,1,1,1,1,1,1,1,1,1
1,1,1,1,1,1,1,1,1,1
1,1,1,1,1,1,1,1,1,1
1,1,1,1,1,1,1,1,1,1
1,1,1,1,1,1,1,1,1,1
1,0.4376431,1,1,1,1,1,1,1,2
1,0.4323338,1,1,1,1,1,1,1,2
1,0.42737,1,1,1,1,1,1,1,2
1,0.4227497,1,1,1,1,1,1,1,2
1,0.4184687,1,1,1,1,1,1,1,2
1,0.4145296,1,1,1,1,1,1,1,2
1,0.4109299,1,1,1,1,1,1,1,2
1,0.4076709,1,1,1,1,1,1,1,2
1,1,1,1,1,1,1,1,1,1
1,1,1,1,1,1,1,1,1,1
1,1,1,1,1,1,1,1,1,1
1,1,1,1,1,1,1,0.9916974,1,1
1,1,1,1,1,1,1,0.9820389,1,1
0.381072,1,1,1,1,1,1,0.9723191,1,2
0.3748753,1,1,1,1,1,1,0.9712533,1,2
0.3690863,1,1,1,1,1,1,0.9705003,1,2
0.3636963,1,1,1,1,1,1,0.970064,1,2
0.3586945,1,1,1,1,1,1,0.9699559,1,2
0.3540715,1,1,1,1,1,1,0.9701853,1,2
0.3498215,1,1,1,1,1,1,0.9707662,1,2
0.4270343,1,1,1,1,1,1,0.9717104,0.9160796,2
1,1,1,1,1,1,1,0.9727113,0.9074439,1
1,1,1,1,1,1,1,0.9591829,1,1
1,1,1,1,1,1,1,0.9474679,1,1
1,1,1,1,1,1,1,0.9356216,1,1
1,1,1,1,1,1,1,0.9236531,1,1
1,1,1,1,1,1,1,0.9115692,1,1
1,1,1,1,1,1,0.9996945,0.8993767,1,1
1,1,1,1,1,0.9953087,0.9899179,0.8870821,1,1
1,1,1,1,1,0.9861081,0.9801279,0.8746862,1,1
1,1,1,1,1,0.9769531,0.9703335,0.8622178,1,1
1,1,1,1,1,0.9678437,0.9605378,0.8496871,1,1
1,1,1,1,1,0.9587824,0.950747,0.8371083,1,1
1,1,1,1,1,0.949769,0.9409642,0.8244923,1,1
1,1,1,1,1,0.9408028,0.9311929,0.8118499,1,1
1,1,1,1,1,0.9318832,0.921436,0.7991922,1,1
1,1,1,1,1,0.9230091,0.9116968,0.7865301,1,1
1,1,1,1,1,0.9141827,0.9019812,0.7738777,1,0
1,1,1,1,1,0.9054025,0.8922919,0.7612454,1,0
1,1,1,1,1,0.896667,0.8826317,0.7486429,1,0
1,1,1,1,1,0.8879775,0.8730057,0.7360834,1,0
1,1,1,1,1,1,0.8634164,0.7235756,1,0
1,1,1,1,1,1,0.85382,0.7107478,1,0
1,1,1,1,1,1,0.8442733,0.697982,1,0
1,1,1,1,1,1,0.8347815,0.6852912,1,0
1,1,1,1,1,1,0.8253472,0.6726838,1,0
1,1,1,1,1,1,0.815972,0.6601679,1,0
1,1,1,1,1,1,0.8066604,0.647754,0.9296193,0
1,1,1,1,1,1,0.7973931,0.6347476,0.9047936,0
1,1,1,1,1,1,0.7882298,0.6217035,0.8797585,0
1,1,1,1,1,1,0.7791935,0.6342419,0.8546658,0
1,1,1,1,1,1,0.7702976,0.6605593,0.8300835,0
1,1,1,1,1,1,0.7615409,0.6885783,0.8062665,0
1,1,1,1,1,1,0.7529191,0.7183437,0.7832292,0
1,1,1,1,1,1,0.7444265,0.7498937,0.7609757,0
1,1,1,1,1,1,0.7360592,0.7832671,0.7395058,0
1,1,1,1,1,1,0.7278093,0.7772971,0.7188073,0
1,1,1,1,1,1,0.7197044,0.7648254,0.6984266,0
1,1,1,1,1,1,0.71176,0.7524875,0.6783577,0
1,1,1,1,1,1,0.7039821,0.7403127,0.6586608,0
1,1,1,1,1,1,0.6963753,0.7283273,0.6393872,0
1,1,1,1,1,1,1,0.7165505,0.6205754,0
1,1,1,1,1,1,1,0.7046553,0.6013681,0
1,1,1,1,1,1,1,0.6930234,0.5827014,0
1,1,1,1,1,1,1,0.6816698,0.564599,0
1,1,1,1,1,1,1,1,1,1
1,1,1,1,1,1,1,1,1,1
1,1,1,1,1,1,1,1,1,1
1,1,1,1,1,1,1,1,1,1
1,1,1,1,1,1,1,1,1,1
1,1,1,1,1,1,1,1,1,1
1,1,1,1,1,1,1,1,1,1
1,1,1,1,1,1,1,1,1,1
1,1,1,1,1,1,1,1,1,1
1,1,1,1,1,1,1,1,1,1
1,1,1,1,1,1,1,1,1,1
1,1,1,1,1,1,1,1,1,1
1,1,1,1,1,1,1,1,1,1
1,1,1,1,1,1,1,1,1,1
1,1,1,1,1,1,1,1,1,1
1,1,1,1,1,1,1,1,1,1
1,1,1,1,1,1,1,1,1,1
1,1,1,1,1,1,1,1,1,1
1,1,1,1,1,1,1,1,1,1
1,1,1,1,1,1,1,1,1,1
1,1,1,1,1,1,1,1,1,1
1,1,1,1,1,1,1,1,1,1
1,1,1,1,1,1,1,1,1,1
1,1,1,1,1,1,1,1,1,1
1,1,1,1,1,1,1,1,1,1
1,1,1,1,1,1,1,1,1,1
1,1,1,1,1,1,1,1,1,1
1,1,1,1,1,1,1,1,1,1
1,1,1,1,1,1,1,1,1,1
1,1,1,1,1,1,1,1,1,1
1,1,1,1,1,1,1,1,1,1
1,1,1,1,1,1,1,1,1,1
1,1,1,1,1,1,1,1,1,1
1,1,1,1,1,1,1,1,1,1
1,1,1,1,1,1,1,1,1,1
1,1,1,1,1,1,1,1,1,1
1,1,1,1,1,1,1,1,1,1
1,1,1,1,1,1,1,1,1,1
1,1,1,1,1,1,1,1,1,1
1,1,1,1,1,1,1,1,1,1
1,1,1,1,1,1,1,1,1,1
1,1,1,1,1,1,1,1,1,1
1,1,1,1,1,1,1,1,1,1
1,1,1,1,1,1,1,1,1,1
1,1,1,1,1,1,1,1,1,1
1,1,1,1,1,1,1,1,1,1
1,1,1,1,1,1,1,1,1,1
1,1,1,1,1,1,1,1,1,1
1,1,1,1,1,1,1,1,1,1
1,1,1,1,1,1,1,1,1,1
1,1,1,1,1,1,1,1,1,1
1,1,1,1,1,1,1,1,1,1
1,1,1,1,1,1,1,1,1,1
1,1,1,1,1,1,1,1,1,1
1,1,1,1,1,1,1,1,1,1
1,1,1,1,1,1,1,1,1,1
1,1,1,1,1,1,1,1,1,1
1,1,1,1,1,1,1,1,1,1
1,1,1,1,1,1,1,1,1,1
1,1,1,1,1,1,1,1,1,1
1,1,1,1,1,1,1,1,1,1
1,1,1,1,1,1,1,1,1,1
1,1,1,1,1,1,1,1,1,1
1,1,1,1,1,1,1,1,1,1
1,1,1,1,1,1,1,1,1,1
1,1,1,1,1,1,1,1,1,1
1,1,1,1,1,1,1,1,1,1
1,1,1,1,1,1,1,1,1,1
1,1,1,1,1,1,1,1,1,1
1,1,1,1,1,1,1,1,1,1
1,1,1,1,1,1,1,1,1,1
1,1,1,1,1,1,1,1,1,1
1,1,1,1,1,1,1,1,1,1
1,1,1,1,1,1,1,1,0.9869903,1
1,1,1,1,1,1,1,1,0.9796209,1
1,1,1,1,1,1,1,1,0.9798509,1
1,1,1,1,1,1,1,1,0.9800884,1
1,1,1,1,1,1,1,1,0.9803338,1
1,1,1,1,1,1,1,1,0.9805834,1
1,1,1,1,1,1,1,1,0.9808405,1
1,1,1,1,1,1,1,1,0.9811018,1
1,1,1,1,1,1,1,1,0.9813704,1
1,1,1,1,1,1,1,1,0.9816431,1
1,1,1,1,1,1,1,1,0.9819229,1
1,1,1,1,1,1,1,1,0.9822065,1
1,1,1,1,1,1,1,1,0.9824972,1
1,1,1,1,1,1,1,1,0.9827916,1
1,1,1,1,1,1,1,1,0.9830896,1
1,1,1,1,1,1,1,1,0.9833911,1
1,1,1,1,1,1,1,1,0.9836994,1
1,1,1,1,1,1,1,1,0.9840112,1
1,1,1,1,1,1,1,1,0.9843262,1
1,1,1,1,1,1,1,1,0.9846446,1
1,1,1,1,1,1,1,1,0.9849662,1
1,1,1,1,1,1,1,1,0.9852909,1
1,1,1,1,1,1,1,1,0.9856188,1
1,1,1,1,1,1,1,1,0.9859498,1
1,1,1,1,1,1,1,1,0.9862838,1
1,1,1,1,1,1,1,1,0.9866174,1
1,1,1,1,1,1,1,1,0.9869541,1
1,1,1,1,1,1,1,1,0.9872936,1
1,1,1,1,1,1,1,1,0.987636,1
1,1,1,1,1,1,1,1,0.9879778,1
1,1,1,1,1,1,1,1,0.9883224,1
1,1,1,1,1,1,1,1,0.9886667,1
1,1,1,1,1,1,1,1,0.9890136,1
1,1,1,1,1,1,1,1,0.9893597,1
1,1,1,1,1,1,1,1,0.9897086,1
1,1,1,1,1,1,1,1,0.990057,1
1,1,1,1,1,1,1,1,0.9904046,1
1,1,1,1,1,1,1,1,0.9907548,1
1,1,1,1,1,1,1,1,0.9911042,1
1,1,1,1,1,1,1,1,0.9914531,1
1,1,1,1,1,1,1,1,0.9918011,1
1,1,1,1,1,1,1,1,0.9921484,1
1,1,1,1,1,1,1,1,0.9924951,1
1,1,1,1,1,1,1,1,0.9928409,1
1,1,1,1,1,1,1,1,0.993186,1
1,1,1,1,1,1,1,1,0.9935304,1
1,1,1,1,1,1,1,1,0.9938741,1
1,1,1,1,1,1,1,1,1,1
1,1,1,1,1,1,1,1,1,1
1,1,1,1,1,1,1,1,1,1
1,1,1,1,1,1,1,1,1,1
1,1,1,1,1,1,1,1,1,1
1,1,1,1,1,1,1,1,1,1
1,1,1,1,1,1,1,1,1,1
1,1,1,1,1,1,1,1,1,1
1,1,1,1,1,1,1,1,1,1
1,1,1,1,1,1,1,1,1,1
1,1,1,1,1,1,1,1,1,1
1,1,1,1,1,1,1,1,1,1
1,1,1,1,1,1,1,1,1,1
1,1,1,1,1,1,1,1,1,1
1,1,1,1,1,1,1,1,0.9883024,1
1,1,1,1,1,1,1,1,0.9515541,1
1,1,1,1,1,1,1,1,0.9406914,1
1,1,1,1,1,1,1,1,0.9416817,1
1,1,1,1,1,1,1,1,0.9426925,1
1,1,1,1,1,1,1,1,0.9437232,1
1,1,1,1,1,1,1,1,0.9447702,1
1,1,1,1,1,1,1,1,0.9458329,1
1,1,1,1,1,1,1,1,0.946911,1
1,1,1,1,1,1,1,1,0.9480044,1
1,1,1,1,1,1,1,1,0.9491121,1
1,1,1,1,1,1,1,1,0.9502339,1
1,1,1,1,1,1,1,1,1,1
1,1,1,1,1,1,1,1,1,1
1,1,1,1,1,1,1,1,1,1
1,1,1,1,1,1,1,1,1,1
1,1,1,1,1,1,1,1,1,1
1,1,1,1,1,1,1,1,1,1
1,1,1,1,1,1,1,1,1,1
1,1,1,1,1,1,1,1,1,1
1,1,1,1,1,1,1,1,1,1
1,1,1,1,1,1,1,1,1,1
1,1,1,1,1,1,1,1,1,1
1,1,1,1,1,1,1,1,1,1
1,1,1,1,1,1,1,1,1,1
1,1,1,1,1,1,1,1,1,1
1,1,1,1,1,1,1,1,1,1
1,1,1,1,1,1,1,1,1,1
1,1,1,1,1,1,1,1,1,1
1,1,1,1,1,1,1,1,1,1
1,1,1,1,1,1,1,1,1,1
1,1,1,1,1,1,1,1,1,1
1,1,1,1,1,1,1,1,1,1
1,1,1,1,1,1,1,1,1,1
1,1,1,1,1,1,1,1,1,1
1,1,1,1,1,1,1,1,1,1
1,1,1,1,1,1,1,1,1,1
1,1,1,1,1,1,1,1,1,1
1,1,1,1,1,1,1,1,1,1
1,1,1,1,1,1,1,1,1,1
1,1,1,1,1,1,1,1,1,1
1,1,1,1,1,1,1,1,1,1
1,1,1,1,1,1,1,1,1,1
1,1,1,1,1,1,1,1,1,1
1,1,1,1,1,1,1,1,1,1
1,1,1,1,1,1,1,1,1,1
1,1,1,1,1,1,1,1,1,1
1,1,1,1,1,1,1,1,1,1
1,1,1,1,1,1,1,1,1,1
1,1,1,1,1,1,1,1,1,1
1,1,1,1,1,1,1,1,1,1
1,1,1,1,1,1,1,1,1,1
1,1,1,1,1,1,1,1,1,1
1,1,1,1,1,1,1,1,1,1
1,1,1,1,1,1,1,1,1,1
1,1,1,1,1,1,1,1,1,1
1,1,1,1,1,1,1,1,1,1
1,1,1,1,1,1,1,1,1,1
1,1,1,1,1,1,1,1,1,1
1,1,1,1,1,1,1,1,1,1
1,1,1,1,1,1,1,1,1,1
1,1,1,1,1,1,1,1,1,1
1,1,1,1,1,1,1,1,1,1
1,1,1,1,1,1,1,1,1,1
1,1,1,1,1,1,1,1,1,1
1,1,1,1,1,1,1,1,1,1
1,1,1,1,1,1,1,1,1,1
1,1,1,1,1,1,1,1,1,1
1,1,1,1,1,1,1,1,1,1
1,1,1,0.9991428,1,1,1,1,1,1
1,1,1,0.9888951,1,1,1,1,1,1
1,1,1,0.978626,1,1,1,1,1,1
1,1,1,0.9683363,1,1,1,1,1,1
1,1,1,0.9580266,1,1,1,1,1,1
1,1,1,0.9476978,1,1,1,1,1,1
1,1,1,0.9373506,1,1,1,1,1,1
1,1,1,0.926986,1,1,1,1,1,1
1,1,1,0.916605,1,1,1,1,1,1
1,1,1,0.9062085,1,1,1,1,1,1
1,1,1,0.8957974,1,1,1,1,1,1
1,1,1,0.8853698,1,1,1,1,1,1
1,1,1,0.8749296,1,1,1,1,1,1
1,1,1,0.8644782,1,1,1,1,1,1
1,1,1,0.8540165,1,1,1,1,1,1
1,1,1,0.8435456,1,1,1,1,1,1
1,1,1,0.8330668,1,1,1,1,1,1
1,1,1,0.822578,1,1,1,1,1,1
1,1,1,0.8120834,1,1,1,1,1,1
1,1,1,0.8015841,1,1,1,1,1,1
1,1,1,0.7910813,1,1,1,1,1,1
1,1,1,0.7805759,1,1,1,1,1,1
1,1,1,0.7700692,1,1,1,1,1,1
1,1,1,0.759559,1,1,1,1,1,1
1,1,1,0.7490495,1,1,1,1,1,1
1,1,1,0.7385415,1,1,1,1,1,1
1,1,1,0.7280363,1,1,1,1,1,1
1,1,1,0.7175345,1,1,1,1,1,1
1,1,1,0.7070372,1,1,1,1,1,1
1,1,1,0.6965451,1,1,1,1,1,1
1,1,1,0.686056,1,1,1,1,1,1
1,1,0.7359816,0.6755736,1,1,1,1,1,2
1,1,0.7224241,0.6645275,1,1,1,1,1,2
1,1,0.7089462,0.6535275,1,1,1,1,1,2
1,1,0.6955567,0.6425771,1,1,1,1,1,2
1,1,0.6822662,0.6458644,1,1,1,1,1,2
1,1,0.6691077,0.6813874,1,1,1,1,1,2
1,1,0.6561309,0.720328,1,1,1,1,1,2
1,1,0.64333,0.7630652,1,1,1,1,1,2
1,0.9928586,0.6306961,0.8100066,1,1,1,1,1,2
1,1,0.6181696,1,1,1,1,1,1,2
1,1,0.6060101,1,1,1,1,1,1,2
1,1,0.593909,1,1,1,1,1,1,2
1,1,0.5818688,1,1,1,1,1,1,2
1,1,0.5698951,1,1,1,1,1,1,2
1,1,0.5579895,1,1,1,1,1,1,2
1,1,0.5461538,1,1,1,1,1,1,2
1,1,0.5343891,1,1,1,1,1,1,2
1,1,0.5226961,1,1,1,1,1,1,2
1,1,0.5110756,1,1,1,1,1,1,2
1,1,0.4995311,1,1,1,1,1,1,2
1,1,0.4880593,1,1,1,1,1,1,2
1,1,0.4766632,1,1,1,1,1,1,2
1,1,0.4653423,1,1,1,1,1,1,2
1,1,0.4540959,1,1,1,1,1,1,2
1,1,0.4429232,1,1,1,1,1,1,2
1,1,0.4334134,1,1,1,1,1,1,2
1,1,0.4497101,1,1,1,1,1,1,2
1,0.5176451,0.4664703,1,1,1,1,1,1,2
1,0.4969741,0.5092891,1,1,1,1,1,1,2
1,0.4773651,0.5586428,1,1,1,1,1,1,2
0.9731528,0.4587325,1,1,1,1,1,1,1,2
0.927009,0.4417408,1,1,1,1,1,1,1,2
0.880689,0.4246984,1,1,1,1,1,1,1,2
0.8883865,0.4077332,1,1,1,1,1,1,1,2
0.9015579,0.3914521,1,1,1,1,1,1,1,2
0.9152187,0.3758552,1,1,1,1,1,1,1,2
0.9293235,0.3608897,1,1,1,1,1,1,1,2
0.9438324,0.3465092,1,1,1,1,1,1,1,2
0.9586964,0.3326664,1,1,1,1,1,1,1,2
0.9738691,0.3262017,1,1,1,1,0.9823123,1,1,2
0.4478393,0.3429091,1,1,1,1,0.9645444,1,1,2
0.4212197,0.3661776,1,1,1,1,0.9411367,1,1,2
0.3962799,0.3920977,1,1,1,1,0.9310228,1,1,2
0.3728723,0.421065,1,1,1,1,0.9405463,1,1,2
0.3508708,0.4535587,1,1,1,1,0.9511515,1,1,2
0.3301591,1,1,1,1,1,0.9629353,1,1,2
0.3111812,1,1,1,1,1,0.97358,1,1,2
0.2930259,1,1,1,1,1,0.9861258,1,1,2
0.2864229,1,1,1,1,1,1,1,1,2
0.3009415,1,1,1,1,0.9795554,1,1,1,2
0.3159809,1,1,1,1,0.9519684,1,1,1,2
0.3313842,1,1,1,1,0.9271113,1,1,1,2
0.3470855,1,1,1,1,0.9045624,1,1,1,2
0.3630109,1,1,1,1,0.8839837,1,1,1,2
0.3790888,1,1,1,1,0.8650964,1,1,1,2
0.3952467,1,1,1,1,0.8476712,1,1,1,2
0.4114162,1,1,1,1,0.8315142,1,1,1,2
0.4275304,1,1,1,1,0.8164647,1,1,1,2
0.7589914,1,1,1,1,0.8023917,1,1,1,1
0.7695189,1,1,1,1,0.794345,1,1,1,1
0.7794665,1,1,1,1,0.7866379,1,1,1,1
0.7888409,1,1,1,1,0.7792493,1,1,1,1
1,1,1,1,1,0.7721573,1,1,1,0
1,1,1,1,0.9911233,0.7686604,1,1,1,0
1,1,1,1,0.975125,0.7654434,1,1,1,0
1,1,1,1,0.9589585,0.7626292,1,1,1,0
1,1,1,1,0.9426649,0.7602241,1,1,1,0
1,1,1,1,0.9262837,0.75823,0.8542464,1,1,0
1,1,1,1,0.9062004,0.7606052,0.8144839,1,1,0
1,1,1,1,0.8855449,0.764684,0.7744416,1,1,0
1,1,1,1,0.8645263,0.7705854,0.7346479,1,1,0
1,1,1,1,0.8433473,0.7784187,0.6955593,1,1,0
0.7669592,1,1,1,0.8308218,0.9383121,0.657566,1,1,0
0.7657236,1,1,1,0.8355597,0.9179002,0.6313651,1,1,0
0.7636011,1,1,1,0.8423171,0.8970546,0.626118,1,1,0
0.7612966,1,1,1,0.8500581,0.8764924,0.6253164,1,1,0
1,1,1,1,0.8585519,0.8563652,0.6247473,1,1,0
0.7514387,1,1,1,0.8795887,0.8318739,0.6278344,1,1,0
0.7496474,1,1,1,0.8891547,0.8132114,0.6275659,0.9979581,1,0
0.7478415,1,1,1,0.8995456,0.7949116,0.6275198,0.9959667,1,0
0.7460514,1,1,1,0.9107396,0.776985,0.6276795,0.9942007,1,0
0.7443064,1,1,1,0.9227031,0.75944,0.6280248,0.9926479,1,0
1,1,1,1,0.9354032,0.7422816,0.6285368,0.9912956,1,0
0.7359965,1,1,1,0.9668,0.7214333,0.6338391,0.9925613,1,0
0.7350338,1,1,1,0.9799079,0.7055807,0.6343415,0.9914778,1,0
0.7341255,1,1,1,0.9936643,0.7085791,0.6349644,0.9905461,1,0
1,1,1,1,1,0.7122517,0.6354375,0.9356214,1,0
0.7270867,1,1,1,1,0.7291384,0.8085093,0.6829696,1,0
0.7236102,1,1,1,1,0.7409679,0.7830907,0.6274338,1,0
0.7191094,1,1,1,1,0.7568706,0.7569109,0.5729619,1,0
0.7138035,1,1,1,1,0.7772141,0.7303916,0.5206254,1,0
0.7079236,0.9828715,1,1,1,0.8024014,0.7039331,0.4883215,1,0
0.7021474,0.9574308,1,1,1,0.8310176,0.6784938,0.4898939,1,0
0.697137,0.935369,1,1,1,0.8604832,0.6549114,0.4915997,1,0
0.6927923,0.9161596,1,1,1,0.8906563,0.6329288,0.4933984,0.917987,0
0.6877638,0.8953193,1,1,1,0.9890345,0.6107091,0.4961843,0.916566,0
0.6837566,0.8783259,1,1,1,1,0.5921897,0.4987608,0.9155485,0
0.6801582,0.8630733,1,1,1,1,0.6032199,0.5014682,0.9149156,0
0.6770909,0.8498846,1,1,1,1,0.6139258,0.5041144,0.914565,0
0.6744695,0.8384271,1,1,1,1,0.6242647,0.5066792,0.914435,0
0.6722243,0.828433,1,1,1,1,0.6342012,0.5091461,0.9144742,0
0.6702985,0.8196856,1,1,1,1,0.6437069,0.5115024,0.6418063,0
0.6658888,0.8032548,1,1,1,1,0.6640309,0.7445168,0.4940989,0
0.6622922,0.7897348,1,1,1,1,0.6832551,0.7077509,0.4345339,0
0.6582569,0.77505,1,1,1,1,0.7071955,0.6710465,0.4355474,0
0.6544619,0.7613817,1,1,1,1,0.7329064,0.63707,0.4368985,0
0.650905,0.7486992,1,1,1,1,0.7603196,0.6055634,0.4385561,0
0.6475728,0.7369506,1,1,1,1,0.8420978,0.5762849,0.4404918,0
0.6446134,0.7266532,1,1,1,1,1,0.5496109,0.4425508,0
0.642185,0.7183798,1,1,1,1,1,0.5258951,0.4444996,0
0.6397653,0.7102993,1,1,1,1,1,0.5030609,0.446676,0
0.637364,0.7024337,1,1,1,1,1,0.48108,0.4490674,0
0.6349816,0.6947905,1,1,1,1,1,0.470615,0.4516673,0
0.632662,0.6875402,1,1,1,1,1,0.4773911,0.4544103,0
0.6304547,0.6808971,1,1,1,0.9927761,1,0.4840569,0.4571947,0
0.6283367,0.6747782,1,1,1,0.9819281,1,0.4905978,0.7702003,1
0.627652,0.67483,1,1,1,0.9721413,1,0.4906568,0.7704653,1
0.6269912,0.6748868,1,1,1,0.9623483,1,0.4907146,0.7707258,1
0.6263475,0.6749405,1,1,1,0.9525482,1,0.4907804,0.7709882,1
0.6257239,0.6749939,1,1,1,0.9427438,1,0.4908496,0.7234732,1
1,0.6741292,1,1,1,0.9327751,1,0.4918737,0.6951047,0
1,0.6654357,1,1,1,1,1,0.5014685,0.6377229,0
1,0.6564788,1,1,1,1,1,0.5123034,0.5837908,0
1,0.6472962,1,1,1,1,1,0.524534,0.5332412,0
0.6135436,0.6380246,1,1,1,1,1,0.5381861,0.4862593,1
1,0.6349236,1,1,1,1,1,0.5426522,0.4586115,0
1,0.6254677,1,1,1,1,1,0.5584847,0.4160519,0
1,0.616181,1,1,1,1,0.8844961,0.5758004,0.400607,0
0.6031023,0.6070412,1,1,1,1,0.8703486,0.5947949,0.4073092,1
1,0.6038617,1,1,1,1,0.8599507,0.6001838,0.4102838,0
1,0.5956181,1,1,1,1,0.8467757,0.6577134,0.4171181,0
1,0.5882658,1,1,1,1,0.834411,0.6768295,0.4237878,0
1,0.5814098,1,1,1,1,0.8225686,1,0.4304694,0
1,0.5768934,1,1,1,1,0.8120548,1,0.4351485,0
1,0.5724705,1,1,1,1,0.8016559,1,0.439822,0
1,0.5681343,1,1,1,1,0.7913586,1,0.4444824,0
1,0.5638824,1,1,1,1,0.7811542,1,0.4491194,1
1,0.5597091,1,1,1,1,0.8196371,1,0.4537266,1
1,0.5556794,1,1,1,1,0.8622438,1,0.4582127,1
1,0.5517878,1,1,1,1,1,1,0.4625658,1
1,0.5481527,1,1,1,1,1,1,0.4666168,1
1,0.5445822,1,1,1,1,1,1,0.4705974,1
1,0.5410716,1,1,1,1,1,1,0.4745077,1
1,0.5376231,1,1,1,1,1,1,0.4783407,1
1,0.5342328,1,1,1,1,1,1,0.4820975,1
1,0.5309035,1,1,1,1,1,1,0.4857715,1
1,0.5276315,1,1,1,1,1,1,0.4893641,1
1,0.5244172,1,1,1,1,1,1,0.492873,1
1,0.5212575,1,1,1,1,1,1,0.4962999,1
1,0.5181561,1,1,1,1,1,1,0.4996392,1
1,0.5151104,1,1,1,1,1,1,0.5028931,1
1,0.5121214,1,1,1,1,1,1,0.5060599,1
1,0.5091869,1,1,1,1,1,1,0.5359735,1
0.4674093,0.5065192,1,1,1,1,1,1,0.5386089,2
0.464368,0.5081012,1,1,1,1,1,1,0.5349275,2
0.4617341,0.5101606,1,1,1,1,1,1,0.5313374,2
0.4595069,0.512715,1,1,1,1,1,1,0.5278298,2
0.457684,0.5157812,1,1,1,1,1,1,0.5244002,2
0.4562635,1,1,1,1,1,1,1,0.521044,2
0.4545047,1,1,1,1,1,1,1,0.5219526,2
0.452803,1,1,1,1,1,1,1,0.5228032,2
0.4511612,1,1,1,1,1,1,1,0.5235944,2
0.4495796,1,1,1,1,1,1,1,0.5243286,2
0.4480583,1,1,1,1,1,1,1,0.5250076,2
0.4465971,1,1,1,1,1,1,1,0.5256335,2
0.4451962,1,1,1,1,1,1,1,0.5262082,2
0.4438553,1,1,1,1,1,1,1,0.5267335,2
0.4425747,1,1,1,1,1,1,1,0.527211,2
0.441357,1,1,1,1,1,1,1,1,2
0.4412592,1,1,1,1,1,1,1,1,2
0.4415651,1,1,1,1,1,0.5934319,1,1,2
0.4419779,1,1,1,1,1,0.5672598,1,1,2
0.4426374,1,1,1,1,1,0.5442474,1,1,2
1,1,1,1,1,1,0.5238341,1,1,0
1,1,1,1,1,1,0.5354123,1,1,0
1,1,1,1,1,1,0.5472223,1,1,0
1,1,1,1,1,1,1,1,1,1
1,1,1,1,1,1,1,1,1,1
1,1,1,1,1,1,1,1,1,1
1,1,1,1,1,1,1,1,1,1
1,1,1,1,1,1,1,1,1,1
1,1,1,1,1,1,1,1,1,1
1,1,1,1,1,1,1,0.463989,1,0
1,1,1,1,1,1,1,0.4425265,1,0
1,1,1,1,1,1,1,0.4217167,1,0
1,1,1,1,1,1,1,0.4015718,1,0
1,1,1,1,1,1,1,0.3820881,1,0
1,1,1,1,1,1,1,0.3632644,1,0
1,1,1,1,1,1,1,0.3450857,1,0
1,1,1,1,1,1,1,0.3375349,1,0
1,1,1,1,1,1,1,0.3484674,1,0
1,1,1,1,1,1,1,0.3599619,1,0
1,1,1,1,1,1,1,0.3720199,1,0
1,1,1,1,1,1,1,0.3846309,1,0
1,1,1,1,1,1,1,0.3977816,0.4039211,0
1,1,1,1,1,1,1,1,0.3721953,0
1,1,1,1,1,1,1,1,0.3428011,0
1,1,1,1,1,1,1,1,0.3154984,0
1,1,1,1,1,1,1,1,0.2909594,0
1,1,1,1,1,1,1,1,0.3000695,0
1,1,1,1,1,1,1,1,0.3098507,0
1,1,1,1,1,1,1,1,0.3203427,0
1,1,1,1,1,1,1,1,0.3315903,0
1,1,1,1,1,1,1,1,0.3436462,0
1,1,1,1,1,1,1,1,0.3564398,0
1,1,1,1,1,1,1,1,1,1
1,1,1,1,1,1,1,1,1,1
1,1,1,1,1,1,1,1,1,1
1,1,1,1,1,1,1,1,1,1
1,1,1,1,1,1,1,1,1,1
1,1,1,1,1,1,1,1,1,1
1,1,1,1,1,1,1,1,1,1
1,1,1,1,1,1,1,1,1,1
1,1,1,1,1,1,1,1,1,1
1,1,1,1,1,1,1,1,1,1
1,1,1,1,1,1,1,1,1,1
1,1,1,1,1,1,1,1,1,1
1,1,1,1,1,1,1,1,1,1
1,1,1,1,1,1,1,1,1,1
1,1,1,1,1,1,1,1,1,1
1,1,1,1,1,1,1,1,1,1
1,1,1,1,1,1,1,1,1,1
1,1,1,1,1,1,1,1,1,1
1,1,1,1,1,1,1,1,1,1
1,1,1,1,1,1,1,1,1,1
1,1,1,1,1,1,1,1,1,1
1,1,1,1,1,1,1,1,1,1
1,1,1,1,1,1,1,1,1,1
1,1,1,1,1,1,1,1,1,1
1,1,1,1,1,1,1,1,1,1
1,1,1,1,1,1,1,1,1,1
1,0.9848215,1,1,1,1,1,1,1,1
1,0.9364898,1,1,1,1,1,1,1,1
1,0.8795871,1,1,1,1,1,1,1,2
1,0.8448898,1,1,1,1,1,1,1,2
1,0.8412083,1,1,1,1,1,1,1,2
1,0.8376368,1,1,1,1,1,1,1,2
1,0.8341757,1,1,1,1,1,1,1,2
1,0.8308291,1,1,1,1,1,1,1,2
1,0.8275981,1,1,1,1,1,1,1,2
1,0.8244864,1,1,1,1,1,1,1,2
1,0.8214947,1,1,1,1,1,1,1,2
1,0.8186237,1,1,1,1,1,1,1,2
1,0.815877,1,1,1,1,1,1,1,2
1,0.813255,1,1,1,1,1,1,1,2
1,0.8107613,1,1,1,1,1,1,1,2
1,0.8083965,1,1,1,1,1,1,1,2
1,0.8061603,1,1,1,1,1,1,1,2
1,0.8040532,1,1,1,1,1,1,1,2
1,0.8020784,1,1,1,1,1,1,1,2
1,0.8002356,1,1,1,1,1,1,1,2
1,0.798525,1,1,1,1,1,1,1,2
1,0.7969494,1,1,1,1,1,1,1,2
1,0.7955053,1,1,1,1,1,1,1,2
1,0.7941956,1,1,1,1,1,1,1,2
1,0.7930198,1,1,1,1,1,1,1,2
1,0.7919775,1,1,1,1,1,1,1,2
0.7375889,0.7910679,1,1,1,1,1,1,1,2
0.7338545,0.7939608,1,1,1,1,1,1,1,2
0.7305775,0.7973898,1,1,1,1,1,1,1,2
0.7277533,1,1,1,1,1,1,1,1,2
0.7252435,1,1,1,1,1,1,1,1,2
0.722942,1,1,1,1,1,1,1,1,2
0.7208503,1,1,1,1,1,1,1,1,2
1,1,1,1,1,1,1,1,1,1
1,1,1,1,1,1,1,1,1,1
1,1,1,1,1,1,1,1,1,1
1,1,1,1,1,1,1,1,1,1
1,1,1,1,1,1,1,1,1,1
1,1,1,1,1,1,0.9914948,1,1,1
1,1,1,1,1,1,0.9803916,1,1,1
1,1,1,1,1,1,0.9692012,1,1,1
1,1,1,1,1,1,0.9579265,1,1,1
1,1,1,1,1,1,0.9465705,1,1,1
1,1,1,1,1,1,0.9351367,1,1,1
1,1,1,1,1,1,0.9236287,1,1,1
1,1,1,1,1,1,0.9120504,1,1,1
1,1,1,1,1,1,0.900406,1,1,1
1,1,1,1,1,1,0.8886998,1,1,1
1,1,1,1,1,1,0.8769366,1,1,1
1,1,1,1,1,1,0.8651209,1,1,1
1,1,1,1,1,1,0.8532613,1,1,1
1,1,1,1,1,1,0.8527316,1,1,1
1,1,1,1,1,1,0.8580573,1,1,1
1,1,1,1,1,1,0.8633047,1,1,1
1,1,1,1,1,1,0.8684743,1,1,1
1,1,1,1,1,1,0.8735579,1,1,1
1,1,1,1,1,1,0.8785563,1,1,1
1,1,1,1,1,1,0.8834623,1,1,1
1,1,1,1,1,1,0.8882844,1,1,1
1,1,1,1,1,1,0.8930154,1,1,1
1,1,1,1,1,1,0.8976482,1,1,1
1,1,1,1,1,1,1,1,1,1
1,1,1,1,1,1,1,1,1,1
1,1,1,1,1,1,1,1,1,1
1,1,1,1,1,1,1,1,1,1
1,1,1,1,1,1,1,1,1,1
1,1,1,1,1,1,1,1,1,1
1,1,1,1,1,1,1,1,1,1
1,1,1,1,1,1,1,1,1,1
1,1,1,1,1,1,1,1,1,1
1,1,1,1,1,1,1,1,1,1
1,1,1,1,1,1,1,1,1,1
1,1,1,1,1,1,1,1,1,1
1,1,1,1,1,1,1,1,1,1
1,1,1,1,1,1,1,1,1,1
1,1,1,1,1,1,1,1,1,1
1,1,1,1,1,1,1,1,1,1
1,1,1,1,1,1,1,1,1,1
1,1,1,1,1,1,1,1,1,1
1,1,1,1,1,1,1,1,1,1
1,1,1,1,1,1,1,1,1,1
1,1,1,1,1,1,1,1,1,1
1,1,1,1,1,1,1,0.6832656,1,0
1,1,1,1,1,1,1,0.66125,1,0
1,1,1,1,1,1,1,0.6393704,1,0
1,1,1,1,1,1,1,0.6176836,1,0
1,1,1,1,1,1,1,0.5962461,1,0
1,1,1,1,1,1,1,0.5751043,1,0
1,1,1,1,1,1,1,0.5543028,1,0
1,1,1,1,1,1,1,0.5338807,1,0
1,1,1,1,1,1,1,0.5406169,1,0
1,1,1,1,1,1,1,0.5506195,1,0
1,1,1,1,1,1,1,0.5608987,1,0
1,1,1,1,1,1,1,0.5714421,1,0
1,1,1,1,1,1,1,0.5822367,1,0
1,1,1,1,1,1,1,0.593264,1,0
1,1,1,1,1,1,1,1,1,1
1,1,1,1,1,1,1,1,1,1
1,1,1,1,1,1,1,1,1,1
1,1,1,1,1,1,1,1,1,1
1,1,1,1,1,1,1,1,1,1
1,1,1,1,1,1,1,1,1,1
1,1,1,1,1,1,1,1,0.5831582,0
1,1,1,1,1,1,1,1,0.5444814,0
1,1,1,1,1,1,1,1,0.5070375,0
1,1,1,1,1,1,1,1,0.4710631,0
1,1,1,1,1,1,1,1,0.4614849,0
1,1,1,1,1,1,1,1,0.4703264,0
1,1,1,1,1,1,1,1,0.4796089,0
1,1,1,1,1,1,1,1,0.4893216,0
1,1,1,1,1,1,1,1,0.4994529,0
1,1,1,1,1,1,1,1,0.50999,0
1,1,1,1,1,1,1,1,0.5209149,0
1,1,1,1,1,1,1,1,1,1
1,1,1,1,1,1,1,1,1,1
1,1,1,1,1,1,1,1,1,1
1,1,1,1,1,1,1,1,1,1
1,1,1,1,1,1,1,1,1,1
1,1,1,1,1,1,1,1,1,1
1,1,1,1,1,1,1,1,1,1
1,1,1,1,1,1,1,1,1,1
1,1,1,1,1,1,1,1,1,1
1,1,1,1,1,1,1,1,1,1
1,1,1,1,1,1,1,1,1,1
1,1,1,1,1,1,1,1,1,1
1,1,1,1,1,1,1,1,1,1
1,1,1,1,1,1,1,1,1,1
1,1,1,1,1,1,1,1,1,1
1,1,1,1,1,1,1,1,1,1
1,1,1,1,1,1,1,1,1,1
1,1,1,1,1,1,1,1,1,1
1,1,1,1,1,1,1,1,1,1
1,1,1,1,1,1,1,1,1,1
1,1,1,1,1,1,1,1,1,1
1,1,1,1,1,1,1,1,1,1
1,1,1,1,1,1,1,1,1,1
1,1,1,1,1,1,1,1,1,1
1,1,1,1,1,1,1,1,1,1
1,1,1,1,1,1,1,1,1,1
1,1,1,1,1,1,1,1,1,1
1,1,1,1,1,1,1,1,1,1
1,1,1,1,1,1,1,1,1,1
1,1,1,1,1,1,1,1,1,1
1,1,1,1,1,1,1,1,1,1
1,0.9765605,1,1,1,1,1,1,1,1
1,0.972805,1,1,1,1,1,1,1,1
1,0.9691032,1,1,1,1,1,1,1,1
1,0.9654577,1,1,1,1,1,1,1,1
1,0.9618676,1,1,1,1,1,1,1,1
1,0.9583357,1,1,1,1,1,1,1,1
1,0.9548613,1,1,1,1,1,1,1,1
1,0.951444,1,1,1,1,1,1,1,1
1,0.9480864,1,1,1,1,1,1,1,1
1,0.9447883,1,1,1,1,1,1,1,1
1,0.9415523,1,1,1,1,1,1,1,1
1,0.9383782,1,1,1,1,1,1,1,1
1,0.9352657,1,1,1,1,1,1,1,1
1,0.9322176,1,1,1,1,1,1,1,1
1,0.9292367,1,1,1,1,1,1,1,1
1,0.9263198,1,1,1,1,1,1,1,1
1,0.9234694,1,1,1,1,1,1,1,1
1,0.9206858,1,1,1,1,1,1,1,1
1,0.9179716,1,1,1,1,1,1,1,1
1,0.9153265,1,1,1,1,1,1,1,1
1,0.9127506,1,1,1,1,1,1,1,1
1,0.9102467,1,1,1,1,1,1,1,1
1,0.9078143,1,1,1,0.9927956,1,1,1,1
1,0.905471,1,1,1,0.9826175,1,1,1,1
1,0.9032258,1,1,1,0.9724275,1,1,1,1
1,0.901078,1,1,1,0.9622291,1,1,1,1
1,0.8990297,1,1,0.9942032,0.9520226,1,1,1,2
1,0.897107,1,1,0.982739,0.9418024,1,1,1,2
1,0.8953422,1,1,0.9712211,0.9315599,1,1,1,2
1,0.8937334,1,1,0.9596609,0.9213014,1,1,1,2
1,0.8922819,1,1,0.948069,0.9110326,1,1,1,2
1,0.8909853,1,1,0.9364527,0.9007562,1,1,1,2
1,0.8898478,1,1,0.9248255,0.8904809,1,1,1,2
1,0.8888662,1,1,0.9131938,0.8802084,1,1,1,2
0.814877,0.8880408,1,1,0.9015695,0.8699463,1,1,1,2
0.8119402,0.8905217,1,1,0.887965,0.8589786,1,1,1,2
0.8092943,1,1,1,0.8745804,0.8481637,1,1,1,2
0.8068609,1,1,1,0.8623215,0.837766,1,1,1,2
0.8046031,1,1,1,0.8501524,0.8274331,1,1,1,2
0.802529,1,1,1,0.83808,0.8171675,1,1,1,2
0.8006404,1,1,1,0.82611,0.9468787,1,1,1,2
0.7989233,1,1,0.8592123,0.8142959,1,1,1,1,2
0.7975148,1,1,0.8445048,0.802231,1,1,1,1,2
0.7963594,1,1,0.8299733,0.7902915,1,1,1,1,2
0.7954634,1,1,0.8156297,0.7784823,1,1,1,1,2
0.7948285,1,1,0.801489,0.7668122,1,1,1,1,2
0.7944577,1,1,0.7875633,0.7552873,1,1,1,1,2
0.7943466,1,1,0.773858,0.7439088,1,1,1,1,2
0.7944954,1,1,0.7603759,0.7326754,1,1,1,1,2
0.7948998,1,1,0.7471232,0.7215902,1,1,1,1,2
0.7955511,1,1,0.7340945,0.7106454,1,1,1,1,2
0.7964424,1,1,0.7212912,0.6998408,1,1,1,1,2
0.7975659,1,1,0.7087041,0.6891657,1,1,1,1,2
0.7989096,1,1,0.6963311,0.6786178,1,1,1,1,2
0.8004608,1,1,0.6841633,0.6681874,1,1,1,1,2
1,1,1,0.6721901,0.7155401,1,1,1,1,1
1,1,1,0.6615134,0.7789187,1,1,1,1,1
1,1,1,0.6508688,0.8556961,1,1,1,1,1
1,1,1,0.6402516,1,1,1,1,1,1
1,1,0.6887463,0.6296705,1,1,1,1,1,2
1,1,0.6746824,0.6184107,1,1,1,1,1,2
1,1,0.6607531,0.6072217,1,1,1,1,1,2
1,1,0.6469682,0.5961086,1,1,1,1,1,2
1,1,0.633333,0.5850725,1,1,1,1,1,2
1,1,0.619854,0.5741169,1,1,1,1,1,2
1,1,0.6065334,0.5632413,1,1,1,1,1,2
1,1,0.5933723,0.5524447,1,1,1,1,1,2
1,1,0.5803703,0.5417255,1,1,1,1,1,2
1,1,0.5675294,0.5310844,1,1,1,1,1,2
1,1,0.5548476,0.5205189,1,1,1,1,1,2
1,1,0.5423219,0.5100259,1,1,1,1,1,2
1,1,0.5299487,0.4996019,1,1,1,1,1,2
1,1,0.5177268,0.4892466,1,1,1,1,1,2
1,1,0.5056487,0.478953,1,1,1,1,1,2
1,1,0.4937121,0.4932827,1,1,1,1,1,2
1,1,0.4819225,0.5865313,1,1,1,1,1,2
1,1,0.4702972,0.7074305,1,1,1,1,1,2
1,1,0.4588259,1,1,1,1,1,1,2
1,1,0.4475229,1,1,1,1,1,1,2
1,1,0.4362974,1,1,1,1,1,1,2
1,1,0.4251481,1,1,1,1,1,1,2
1,1,0.4140734,1,1,1,1,1,1,2
1,1,0.4030751,1,1,1,1,1,1,2
1,0.4945787,0.3921515,1,1,1,1,1,1,2
1,0.4738216,0.3800096,1,1,1,1,1,1,2
1,0.4540274,0.3681967,1,1,1,1,1,1,2
1,0.4351511,0.3567018,1,1,1,1,1,1,2
1,0.4171375,0.3455054,1,1,1,1,1,1,2
1,0.3999336,0.3456925,1,1,1,1,1,1,2
1,0.3835055,0.4097635,1,1,1,1,1,1,2
1,0.3678815,0.4906287,1,1,1,1,1,1,2
1,0.3529719,1,1,1,1,1,1,1,2
1,0.3390659,1,1,1,1,1,1,1,2
1,0.3255177,1,1,1,1,1,1,1,2
1,0.312314,1,1,1,1,1,1,1,2
0.4399525,0.2994449,1,1,1,1,1,1,1,2
0.413197,0.2858832,1,1,1,1,1,1,1,2
0.3881406,0.2728223,1,1,1,1,1,1,1,2
0.3646371,0.2602379,1,1,1,1,1,1,1,2
0.3425573,0.2481076,1,1,1,1,1,1,1,2
0.3217779,0.2684781,1,1,1,1,1,1,1,2
0.3021974,0.2967763,1,1,1,1,1,1,1,2
0.2837213,0.3290308,1,1,1,1,1,1,1,2
0.2662649,0.3660138,1,1,1,1,1,1,1,2
0.249752,0.4087025,1,1,1,1,1,1,1,2
0.2341184,0.4583765,1,1,1,1,1,1,1,2
0.2193019,0.8389028,1,1,1,1,1,1,1,2
0.2219853,0.9357702,1,1,1,1,1,1,1,2
0.2379953,1,1,1,1,1,1,1,1,2
0.2547448,1,1,1,1,1,1,1,1,2
0.2723978,1,1,1,1,1,1,1,1,2
0.2909501,1,1,1,1,1,1,1,1,2
0.3103914,1,1,1,1,1,1,1,1,2
0.3307104,1,1,1,1,1,1,1,1,2
0.3518839,1,1,1,1,1,1,1,1,2
0.373887,1,1,1,1,1,1,1,1,2
0.3966819,1,1,1,1,1,1,1,1,2
0.4202296,1,1,1,1,1,1,1,1,2
0.6175879,1,1,1,1,1,1,1,1,2
0.6418715,1,1,1,1,1,1,1,1,2
0.6662585,1,1,1,1,1,1,1,1,2
0.6906838,1,1,1,1,1,1,1,1,2
0.7150749,1,1,1,1,1,1,1,1,2
0.7393656,1,1,1,1,1,1,1,1,2
0.763484,1,1,1,1,1,1,1,1,2
0.7873735,1,1,1,1,1,1,1,1,1
0.8109654,1,1,1,1,1,1,1,1,1
0.8342068,1,1,1,1,1,1,1,1,1
1,1,1,1,1,1,1,1,1,1
1,1,1,1,1,1,1,1,1,1
1,1,1,1,1,1,1,1,1,1
1,1,1,1,1,1,1,1,0.9983605,1
1,1,1,1,1,1,1,1,0.9891199,1
1,1,1,1,1,1,1,1,0.9796694,1
1,1,1,1,1,1,1,1,0.9700109,1
1,1,1,1,1,1,1,1,0.9601544,1
1,1,1,1,1,1,1,1,0.9501029,1
1,1,1,1,1,1,1,1,0.9430798,1
1,1,1,1,1,1,1,1,0.9575771,1
1,1,1,1,1,1,1,1,0.9714607,1
1,1,1,1,1,1,1,1,0.984711,1
1,1,1,1,1,1,1,1,0.9973266,1
1,1,1,1,1,1,1,1,1,1
1,1,1,1,1,1,1,1,1,1
1,1,1,1,1,1,1,1,1,1
1,1,1,1,1,1,1,1,1,1
1,1,1,1,1,1,1,1,1,1
1,1,1,1,1,1,1,1,1,1
1,1,1,1,1,1,1,1,1,1
1,1,1,1,1,1,1,1,1,1
1,1,1,1,1,1,1,1,1,1
1,1,1,1,1,1,1,1,1,1
1,1,1,1,1,1,1,1,1,1
1,1,1,1,1,1,1,1,1,1
1,1,1,1,1,1,1,1,1,1
1,1,1,1,1,1,1,1,1,1
1,1,1,1,1,1,1,1,1,1
1,1,1,1,1,1,1,1,1,1
1,1,1,1,1,1,1,1,1,1
1,1,1,1,1,1,1,1,1,1
1,1,1,1,1,1,1,1,1,1
1,1,1,1,1,1,1,1,1,1
1,1,1,1,1,1,1,1,1,1
1,1,1,1,1,1,1,1,1,1
1,1,1,1,1,1,1,1,1,1
1,1,1,1,1,1,1,1,1,1
1,1,1,1,1,1,1,1,1,1
1,1,1,1,1,1,1,1,1,1
1,1,1,1,1,1,1,1,1,1
1,1,1,1,1,1,1,1,1,1
1,1,1,1,1,1,1,1,1,1
1,1,1,1,1,1,1,1,1,1
1,1,1,1,1,1,1,1,1,1
1,1,1,1,1,1,1,1,1,1
1,1,1,1,1,1,1,1,1,1
1,1,1,1,1,1,1,1,1,1
1,1,1,1,1,1,1,1,1,1
1,1,1,1,1,1,1,1,1,1
1,1,1,1,1,1,1,1,1,1
1,1,1,1,1,1,1,1,1,1
1,1,1,1,1,1,1,1,1,1
1,1,1,1,1,1,1,1,1,1
1,1,1,1,1,1,1,1,1,1
1,1,1,1,1,1,1,1,1,1
1,1,1,1,1,1,1,1,1,1
1,1,1,1,1,1,1,1,1,1
1,1,1,1,1,1,1,1,1,1
1,1,1,1,1,1,1,1,1,1
1,1,1,1,1,1,1,1,1,1
1,1,1,1,1,1,1,1,1,1
1,1,1,1,1,1,1,1,1,1
1,1,1,1,1,1,1,1,1,1
1,1,1,1,1,1,1,1,1,1
1,1,1,1,1,1,1,1,1,1
1,1,1,1,1,1,1,1,1,1
1,1,1,1,1,1,1,1,1,1
1,1,1,1,1,1,1,1,1,1
1,1,1,1,1,1,1,1,1,1
1,1,1,1,1,1,1,1,1,1
1,1,1,1,1,1,1,1,1,1
1,1,1,1,1,1,1,1,1,1
1,1,1,1,1,1,1,1,1,1
1,1,1,1,1,1,1,1,1,1
1,1,1,1,1,1,1,1,1,1
1,1,1,1,1,1,1,1,1,1
1,1,1,1,1,1,1,1,1,1
1,1,1,1,1,1,1,1,1,1
1,1,1,1,1,1,1,1,1,1
1,1,1,1,1,1,1,1,1,1
1,1,1,1,1,1,1,1,1,1
1,1,1,1,1,1,1,1,1,1
1,1,1,1,1,1,1,1,1,1
1,1,1,1,1,1,1,1,1,1
1,1,1,1,1,1,1,1,1,1
1,1,1,1,1,1,1,1,1,1
1,1,1,1,1,1,1,1,1,1
1,1,1,1,1,1,1,1,1,1
1,1,1,1,1,1,1,1,1,1
1,1,1,1,1,1,1,1,1,1
1,1,1,1,1,1,1,1,1,1
1,1,1,1,1,1,1,1,1,1
1,1,1,1,1,1,1,1,1,1
1,1,1,1,1,1,1,1,1,1
1,1,1,1,1,1,1,1,1,1
1,1,1,1,1,1,1,1,1,1
1,1,1,1,1,1,1,1,1,1
1,1,1,1,1,1,1,1,1,1
1,1,1,1,1,1,1,1,1,1
1,1,1,1,1,1,1,1,1,1
1,1,1,1,1,1,1,1,1,1
1,1,1,1,1,1,1,1,1,1
1,1,1,1,1,1,1,1,1,1
1,1,1,1,1,1,1,1,1,1
1,1,1,1,1,1,1,1,1,1
1,1,1,1,1,1,1,1,1,1
1,1,1,1,1,1,1,1,1,1
1,1,1,1,1,1,1,1,1,1
1,1,1,1,1,1,1,1,1,1
1,1,1,1,1,1,1,1,1,1
1,1,1,1,1,1,1,1,1,1
1,1,1,1,1,1,1,1,1,1
1,1,1,1,1,1,1,1,1,1
1,1,1,1,1,1,1,1,1,1
1,1,1,1,1,1,1,1,1,1
1,1,1,1,1,1,1,1,1,1
1,1,1,1,1,1,1,1,1,1
1,1,1,1,1,1,1,1,1,1
1,1,1,1,1,1,1,1,1,1
1,1,1,1,1,1,1,1,1,1
1,1,1,1,1,1,1,1,1,1
1,1,1,1,1,1,1,1,1,1
1,1,1,1,1,1,1,1,1,1
1,1,1,1,1,1,1,1,1,1
1,1,1,1,1,1,1,1,1,1
1,1,1,1,1,1,1,1,1,1
1,1,1,1,1,1,1,1,1,1
1,1,1,1,1,1,1,1,1,1
1,1,1,1,1,1,1,1,1,1
1,1,1,1,1,1,1,1,1,1
1,1,1,1,1,1,1,1,1,1
1,1,1,1,1,1,1,1,1,1
1,1,1,1,1,1,1,1,1,1
1,1,1,1,1,1,1,1,1,1
1,1,1,1,1,1,1,1,1,1
1,1,1,1,1,1,1,1,1,1
1,1,1,1,1,1,1,1,1,1
1,1,1,1,1,1,1,1,1,1
1,1,1,1,1,1,1,1,1,1
1,1,1,1,1,1,1,1,1,1
1,1,1,1,1,1,1,1,1,1
1,1,1,1,1,1,1,1,1,1
1,1,1,1,1,1,1,1,1,1
1,1,1,1,1,1,1,1,1,1
1,1,1,1,1,1,1,1,1,1
1,1,1,1,1,1,1,1,1,1
1,1,1,1,1,1,1,1,1,1
1,1,1,1,1,1,1,1,1,1
1,1,1,1,1,1,1,1,1,1
1,1,1,1,1,1,1,1,1,1
1,1,1,1,1,1,1,1,1,1
1,1,1,1,1,1,1,1,1,1
1,1,1,1,1,1,1,1,1,1
1,1,1,1,1,1,1,1,1,1
1,1,1,1,1,1,1,1,1,1
1,1,1,1,1,1,1,1,1,1
1,1,1,1,1,1,1,1,1,1
1,1,1,1,1,1,1,1,1,1
1,1,1,1,1,1,1,1,1,1
1,1,1,1,1,1,1,1,1,1
1,1,1,1,1,1,1,1,1,1
1,1,1,1,1,1,1,1,1,1
1,1,1,1,1,1,1,1,1,1
1,1,1,1,1,1,1,1,1,1
1,1,1,1,1,1,1,1,1,1
1,1,1,1,1,1,1,1,1,1
1,1,1,1,1,1,1,1,1,1
1,1,1,1,1,1,1,1,1,1
1,1,1,1,1,1,1,1,1,1
1,1,1,1,1,1,1,1,1,1
1,1,1,1,1,1,1,1,1,1
1,1,1,1,1,1,1,1,1,1
1,1,1,1,1,1,1,1,1,1
1,1,1,1,1,1,1,1,1,1
1,1,1,1,1,1,1,1,1,1
1,1,1,1,1,1,1,1,1,1
1,1,1,1,1,1,1,1,1,1
1,1,1,1,1,1,1,1,1,1
1,1,1,1,1,1,1,1,1,1
1,1,1,1,1,1,1,1,1,1
1,1,1,1,1,1,1,1,1,1
1,1,1,1,1,1,1,1,1,1
1,1,1,1,1,1,1,1,1,1
1,1,1,1,1,1,1,1,1,1
1,1,1,1,1,1,1,1,1,1
1,1,1,1,1,1,1,1,1,1
1,1,1,1,1,1,1,1,1,1
1,1,1,1,1,1,1,1,1,1
1,1,1,1,1,1,1,1,1,1
1,1,1,1,1,1,1,1,1,1
1,1,1,1,1,1,1,1,1,1
1,1,1,1,1,1,1,1,1,1
1,1,1,1,1,1,1,1,1,1
1,1,1,1,1,1,1,1,1,1
1,1,1,1,1,1,1,1,1,1
1,1,1,1,1,1,1,1,1,1
1,1,1,1,1,1,1,1,1,1
1,1,1,1,1,1,1,1,1,1
1,1,1,1,1,1,1,0.9950716,1,1
1,1,1,1,1,1,1,0.987428,1,1
1,1,1,1,1,1,1,0.97974,1,1
1,1,1,1,1,1,1,0.9720094,1,1
1,1,1,1,1,1,1,0.9642434,1,1
1,1,1,1,1,1,1,0.9564444,1,1
1,1,1,1,1,1,1,0.9486176,1,1
1,1,1,1,1,1,1,0.9407686,1,1
1,1,1,1,1,1,1,0.9329004,1,1
1,1,1,1,1,1,1,0.925019,1,1
1,1,1,1,1,1,1,0.9171308,1,1
1,1,1,1,1,1,1,0.9092427,1,1
1,1,1,1,1,1,1,0.9013584,1,1
1,1,1,1,1,1,1,0.8934852,1,0
1,1,1,1,1,1,1,0.88563,1,0
1,1,1,1,1,1,1,0.8778005,1,0
1,1,1,1,1,1,1,0.8700013,1,0
1,1,1,1,1,1,1,0.8622401,1,0
1,1,1,1,1,1,1,0.897379,1,0
1,1,1,1,1,1,1,1,1,1
1,1,1,1,1,1,1,1,1,1
1,1,1,1,1,1,1,1,0.9620677,1
1,1,1,1,1,1,1,1,0.953028,1
1,1,1,1,1,1,1,1,0.9438378,1
1,1,1,1,1,1,1,1,0.9345042,1
1,1,1,1,1,1,1,1,0.9250317,1
1,1,1,1,1,1,1,1,0.9154323,1
1,1,1,1,1,1,1,1,0.9057115,1
1,1,1,1,1,1,1,1,0.8958791,1
1,1,1,1,1,1,1,1,0.8859447,1
1,1,1,1,1,1,1,1,0.875916,0
1,1,1,1,1,1,1,1,0.8658074,0
1,1,1,1,1,1,1,1,0.8556305,0
1,1,1,1,1,1,1,1,0.8453943,0
1,1,1,1,1,1,1,1,0.8351141,0
1,1,1,1,1,1,1,1,0.8248031,0
1,1,1,1,1,1,1,1,0.8144747,0
1,1,1,1,1,1,1,1,0.8041388,0
1,1,1,1,1,1,1,1,0.7938125,0
1,1,1,1,1,1,1,1,0.7835097,0
1,1,1,1,1,1,1,1,0.7732481,0
1,1,1,1,1,1,1,1,0.7630383,0
1,1,1,1,1,1,1,1,0.7528979,0
1,1,1,1,1,1,1,1,0.7428413,0
1,1,1,1,1,1,1,1,0.7328824,0
1,1,1,1,1,1,1,1,0.7430066,0
1,1,1,1,1,1,1,1,0.7820925,0
1,1,1,1,1,1,1,1,0.8202891,0
1,1,1,1,1,1,1,1,0.8571064,0
1,1,1,1,1,1,1,1,0.8920982,0
1,1,1,1,1,1,1,1,0.9248977,1
1,1,1,1,1,1,1,1,0.9552375,1
1,1,1,1,1,1,1,1,0.9829686,1
1,1,1,1,1,1,1,1,1,1
1,1,1,1,1,1,1,1,1,1
1,1,1,1,1,1,1,1,1,1
1,1,1,1,1,1,1,1,1,1
1,1,1,1,1,1,1,1,1,1
1,1,1,1,1,1,1,1,1,1
1,1,1,1,1,1,1,1,1,1
1,1,1,1,1,1,1,1,1,1
1,1,1,1,1,1,1,1,1,1
1,1,1,1,1,1,1,1,1,1
1,1,1,1,1,1,1,1,1,1
1,1,1,1,1,1,1,1,1,1
1,1,1,1,1,1,1,1,1,1
1,1,1,1,1,1,1,1,1,1
1,1,1,1,1,1,1,1,1,1
1,1,1,1,1,1,1,1,1,1
1,1,1,1,1,1,1,1,1,1
1,1,1,1,1,1,1,1,1,1
1,1,1,1,1,1,1,1,1,1
1,1,1,1,1,1,1,1,1,1
1,1,1,1,1,1,1,1,1,1
1,1,1,1,1,1,1,1,1,1
1,1,1,1,1,1,1,1,1,1
1,1,1,1,1,1,1,1,1,1
1,1,1,1,1,1,1,1,1,1
1,1,1,1,1,1,1,1,1,1
1,1,1,1,1,1,1,1,1,1
1,1,1,1,1,1,1,1,1,1
1,1,1,1,1,1,1,1,1,1
1,1,1,1,1,1,1,1,1,1
1,1,1,1,1,1,1,1,1,1
1,1,1,1,1,1,1,1,1,1
1,1,1,1,1,0.9984528,1,1,1,1
1,1,1,1,1,0.988296,1,1,1,1
1,1,1,1,1,0.9781264,1,1,1,1
1,1,1,1,1,0.9679446,1,1,1,1
1,1,1,1,1,0.957751,1,1,1,1
1,1,1,1,1,0.9475459,1,1,1,1
1,1,1,1,1,0.9373301,1,1,1,1
1,1,1,1,1,0.9271039,1,1,1,1
1,1,1,1,1,0.9168679,0.9956613,1,1,1
1,1,1,1,1,0.9066107,0.9843305,1,1,1
1,1,1,1,1,0.8963144,0.9728858,1,1,1
1,1,1,1,1,0.8859814,0.9613324,1,1,1
1,1,1,1,1,0.875614,0.9496762,1,1,1
1,1,1,1,1,0.8652148,0.9379236,1,1,1
1,1,1,1,1,0.8547871,0.9260815,1,1,1
1,1,1,1,1,0.8443336,0.9141575,1,1,1
1,1,1,1,1,0.8338612,0.9021624,1,1,1
1,1,1,1,1,0.8233699,0.890101,1,1,1
1,1,1,1,1,0.8128635,0.8779815,1,1,1
1,1,1,1,1,0.8023453,0.8658125,1,1,1
1,1,1,1,1,0.7918192,0.8536024,1,1,1
1,1,1,1,1,0.7812918,0.8413631,1,1,1
1,1,1,1,1,0.7707635,0.8290997,1,1,1
1,1,1,1,1,0.7602408,0.8168238,1,1,0
1,1,1,1,1,0.7497239,0.8045405,1,1,0
1,1,1,1,1,0.7782527,0.7922607,1,1,0
1,1,1,1,1,0.8109239,0.7800568,1,1,0
1,1,1,1,1,0.8460997,0.7679318,1,1,0
1,1,1,1,1,0.8839594,0.7558811,1,1,0
1,1,1,1,1,0.9247285,0.7439069,1,1,0
1,1,1,1,1,0.9686557,0.732008,1,1,1
1,1,1,1,1,1,0.7201828,1,1,1
1,1,1,1,1,1,0.708412,1,1,0
1,1,1,1,1,1,0.6966603,1,1,0
1,1,1,1,1,1,0.6849346,1,1,0
1,1,1,1,1,1,0.6732351,1,1,0
1,1,1,1,1,1,0.6615647,1,1,0
1,1,1,1,1,1,0.6499296,1,1,0
1,1,1,1,1,1,0.6383294,1,1,0
1,1,1,1,1,1,0.6267696,1,1,0
1,1,1,1,1,1,0.6152524,1,1,0
1,1,1,1,1,1,0.6037799,1,1,0
1,1,1,1,1,1,0.5923538,1,1,0
1,1,1,1,1,1,0.5809757,1,1,0
1,1,1,1,1,1,0.56965,1,1,0
1,1,1,1,1,1,0.5583746,0.7176868,1,0
1,1,1,1,1,1,0.5458971,0.6961909,1,0
1,1,1,1,1,1,0.5335798,0.67512,1,0
1,1,1,1,1,1,0.5214346,0.6545119,1,0
1,1,1,1,1,1,0.5228713,0.6343956,1,0
1,1,1,1,1,1,0.5648881,0.6148635,1,0
1,1,1,1,1,1,0.6122982,0.596079,1,0
1,1,1,1,1,1,0.6659039,0.5779978,1,0
1,1,1,1,1,1,0.7266264,0.5605798,1,0
1,1,1,1,1,1,0.7955648,0.5437785,1,0
1,1,1,1,1,1,1,0.5275558,1,0
1,1,1,1,1,1,1,0.5121515,1,0
1,1,1,1,1,1,1,0.4970188,1,0
1,1,1,1,1,1,1,0.4821613,1,0
1,1,1,1,1,1,1,0.4675846,1,0
1,1,1,1,1,1,1,0.453289,1,0
1,1,1,1,1,1,1,0.4392767,1,0
1,1,1,1,1,1,1,0.4255485,0.6378814,0
1,1,1,1,1,1,1,0.4101002,0.6042624,0
1,1,1,1,1,1,1,0.3952637,0.5728689,0
1,1,1,1,1,1,1,0.3947222,0.5435012,0
1,1,1,1,1,1,1,0.4228234,0.5159743,0
1,1,1,1,1,1,1,0.454274,0.4901341,0
1,1,1,1,1,1,1,0.4896068,0.4658434,0
1,1,1,1,1,1,1,0.5294765,0.442972,0
1,1,1,1,1,1,1,0.5747046,0.4214121,0
1,1,1,1,1,1,1,0.6263151,0.401063,0
1,1,1,1,1,1,1,1,0.3818343,0
1,1,1,1,1,1,1,1,0.3647277,0
1,1,1,1,1,1,1,1,0.3483439,0
1,1,1,1,1,1,1,1,0.3511287,0
1,1,1,1,1,1,1,1,0.368269,0
1,1,1,1,1,1,1,1,0.3860905,0
1,1,1,1,1,1,1,1,0.4045696,0
1,1,1,1,1,1,1,1,0.423683,0
1,1,1,1,1,1,1,1,0.4434029,0
1,1,1,1,1,1,1,1,0.4636915,0
1,1,1,1,1,1,1,1,0.4845114,0
1,1,1,1,1,1,1,1,0.5058264,0
1,1,1,1,1,1,1,1,0.527585,0
1,1,1,1,1,1,1,1,0.5497371,0
1,1,1,1,1,1,1,1,0.5722288,0
1,1,1,1,1,1,1,1,0.5950085,0
1,1,1,1,1,1,1,1,1,1
1,1,1,1,1,1,1,1,1,1
1,1,1,1,1,1,1,1,1,1
1,1,1,1,1,1,1,1,1,1
1,1,1,1,1,1,1,1,1,1
1,1,1,1,1,1,1,1,1,1
1,1,1,1,1,1,1,1,1,1
1,1,1,1,1,1,1,1,1,1
1,1,1,1,1,1,1,1,1,1
1,1,1,1,1,1,1,1,1,1
1,1,1,1,1,1,1,1,1,1
1,1,1,1,1,1,1,1,1,1
1,1,1,1,1,1,1,1,1,1
1,1,1,1,1,1,1,1,1,1
1,1,1,1,1,1,1,1,1,1
1,1,1,1,1,1,1,1,1,1
1,1,1,1,1,1,1,1,1,1
1,1,1,1,1,1,1,1,1,1
1,1,1,1,1,1,1,1,1,1
1,1,1,1,1,1,1,1,1,1
1,1,1,1,1,1,1,1,1,1
1,1,1,1,1,1,1,1,1,1
1,1,1,1,1,1,1,1,1,1
1,1,1,1,1,1,1,1,1,1
1,1,1,1,1,1,1,1,1,1
1,1,1,1,1,1,1,1,1,1
1,1,1,1,1,1,1,1,1,1
1,1,1,1,1,1,1,1,1,1
1,1,1,1,1,1,1,1,1,1
1,1,1,1,1,1,1,1,1,1
1,1,1,1,1,1,1,1,1,1
1,1,1,1,1,1,1,1,1,1
1,1,1,1,1,1,1,1,1,1
1,1,1,1,1,1,1,1,1,1
1,1,1,1,1,1,1,1,1,1
1,1,1,1,1,1,1,1,1,1
1,1,1,1,1,1,1,1,1,1
1,0.9284859,1,1,1,1,1,1,1,1
1,0.9211687,1,1,1,1,1,1,1,1
1,0.913865,1,1,1,1,1,1,1,1
1,0.9065781,1,1,1,1,1,1,1,1
1,0.8993141,1,1,1,1,1,1,1,2
1,0.8920795,1,1,1,1,1,1,1,2
1,0.8848812,1,1,1,1,1,1,1,2
1,0.8777226,1,1,1,1,1,1,1,2
1,0.8706105,1,1,1,1,1,1,1,2
1,0.8635522,1,1,1,1,1,1,1,2
1,0.8565543,1,1,1,1,1,1,1,2
1,0.8496243,1,1,1,1,1,1,1,2
1,0.8427658,1,1,1,1,1,1,1,2
1,0.8359863,1,1,1,1,1,1,1,2
1,0.8292928,1,1,1,1,1,1,1,2
1,0.8226923,1,1,1,1,1,1,1,2
1,0.816189,1,1,1,1,1,1,1,2
1,0.8097929,1,1,1,1,1,1,1,2
1,0.8035081,1,1,1,1,1,1,1,2
1,0.7973413,1,1,1,1,1,1,1,2
1,0.7912964,1,1,1,1,1,1,1,2
1,0.7853832,1,1,1,1,1,1,1,2
1,0.7796053,1,1,1,1,1,1,1,2
1,0.7739691,1,1,1,1,1,1,1,2
1,0.7684809,1,1,1,1,1,1,1,2
1,1,1,1,1,1,1,1,1,1
1,1,1,1,1,1,1,1,1,1
0.8011661,1,1,1,1,1,1,1,1,2
0.792681,1,1,1,1,1,1,1,1,2
0.7842633,1,1,1,1,1,1,1,1,2
0.775921,1,1,1,1,1,1,1,1,2
0.7676719,1,1,1,1,1,1,1,1,2
0.7595238,1,1,1,1,1,1,1,1,2
0.7514879,1,1,1,1,1,1,1,1,2
0.7435753,1,1,1,1,1,1,1,1,2
0.7358,1,1,1,1,1,1,1,1,2
0.7281729,1,1,1,1,1,1,1,1,2
0.7207012,1,1,1,1,1,1,1,1,2
0.7133985,1,1,1,1,1,1,1,1,2
0.706278,1,1,1,1,1,1,1,1,2
0.6993467,1,1,1,1,1,1,1,1,2
0.692614,1,1,1,1,1,1,1,1,2
0.6860923,1,1,1,1,1,1,1,1,2
0.6797909,1,1,1,1,1,1,1,1,2
0.6737183,1,1,1,1,1,1,1,1,2
0.7375144,1,1,1,1,1,1,1,1,2
0.8457471,1,1,1,1,1,1,1,1,2
0.9417545,1,1,1,1,1,1,1,1,1
1,1,1,1,1,1,1,1,1,1
1,1,1,1,1,1,1,1,1,1
1,1,1,1,1,1,1,1,1,1
1,1,1,1,1,1,1,1,1,1
1,1,1,1,1,1,1,1,1,1
1,1,1,1,1,1,1,1,1,1
1,1,1,1,1,1,1,1,1,1
1,1,1,1,1,1,1,1,1,1
1,1,1,1,1,1,1,1,1,1
1,1,1,1,1,1,1,1,1,1
1,1,1,1,1,1,1,1,1,1
1,1,1,1,1,1,1,1,1,1
1,1,1,1,1,1,1,1,1,1
1,1,1,1,1,1,1,1,1,1
1,1,1,1,1,1,1,1,1,1
1,1,1,1,1,1,1,1,1,1
1,1,1,1,1,1,1,1,1,1
1,1,1,1,1,1,1,1,1,1
1,1,1,1,1,1,1,1,1,1
1,1,1,1,1,1,1,1,1,1
1,1,1,1,1,1,1,1,1,1
1,1,1,1,1,1,1,1,1,1
1,1,1,1,1,1,1,1,1,1
1,1,1,1,1,1,1,1,1,1
1,1,1,1,1,1,1,1,1,1
1,1,1,1,1,1,1,1,1,1
1,1,1,1,1,1,1,1,1,1
1,1,1,1,1,1,1,1,1,1
1,1,1,1,1,1,1,1,1,1
1,1,1,1,1,1,1,1,1,1
1,1,1,1,1,1,1,1,1,1
1,1,1,1,1,1,1,1,1,1
1,1,1,1,1,1,1,1,1,1
1,1,1,1,1,1,1,1,1,1
1,1,1,1,1,1,1,1,1,1
1,1,1,1,1,1,1,1,1,1
1,1,1,1,1,1,1,1,1,1
1,1,1,1,1,1,1,1,1,1
1,1,1,1,1,1,1,1,1,1
1,1,1,1,1,1,1,1,1,1
1,1,1,1,1,1,1,1,1,1
1,1,1,1,1,1,1,1,1,1
1,1,1,1,1,1,1,1,1,1
1,1,1,1,1,1,1,1,1,1
1,1,1,1,1,1,1,1,1,1
1,1,1,1,1,1,1,1,1,1
1,1,1,1,1,1,1,1,1,1
1,1,1,1,1,1,1,1,1,1
1,1,1,1,1,1,0.9943841,1,1,1
1,1,1,1,1,1,0.9852135,1,1,1
1,1,0.9977153,1,1,1,0.9760426,1,1,1
1,1,0.9924257,1,1,1,0.9668733,1,1,1
1,1,0.9872761,1,1,1,0.9577079,1,1,1
1,1,0.9822602,1,1,1,0.948543,1,1,1
1,1,0.9773723,1,1,1,0.9393817,1,1,1
1,1,0.9726107,1,1,1,0.9302209,1,1,1
1,1,0.9679737,1,1,1,0.9210607,1,1,1
1,1,0.9634522,1,1,1,0.911901,1,1,1
1,1,0.9590483,1,1,1,0.9027389,1,1,1
1,1,0.9547533,1,1,1,0.8935775,1,1,1
1,1,0.9505659,1,1,1,0.8844139,1,1,1
1,1,0.9464813,1,1,1,0.8752481,1,1,1
1,1,0.9424985,1,1,1,0.8660802,1,1,1
1,1,0.9386088,1,1,1,0.8569103,1,1,1
1,1,0.9348116,1,1,1,0.8477386,1,1,1
1,1,0.9311064,1,1,1,0.8385651,1,1,1
1,1,0.9274847,1,1,1,0.8293896,1,1,1
1,1,0.9239461,1,1,1,0.8502425,1,1,1
1,1,0.9205376,1,1,1,0.8945462,1,1,1
1,1,1,1,1,1,0.9313258,1,1,1
1,1,1,1,1,1,1,1,1,1
1,1,1,1,1,1,1,1,1,1
1,1,1,1,1,1,1,1,1,1
1,1,1,1,1,1,1,1,1,1
1,0.9656982,1,1,1,1,1,1,1,1
1,0.9313623,1,1,1,1,1,1,1,1
1,0.8935087,1,1,1,1,1,1,1,2
1,0.8523332,1,1,1,1,1,1,1,2
1,0.8082072,1,1,1,1,1,1,1,2
1,0.7616721,1,1,1,1,1,1,1,2
1,0.7134098,1,1,1,1,1,1,1,2
1,0.670333,1,1,1,1,1,1,1,2
1,0.6701055,1,1,1,1,1,1,1,2
1,0.6701058,1,1,1,1,0.8220774,1,1,2
1,0.6700862,1,1,1,1,0.7695363,1,1,2
1,0.6701591,1,1,1,1,0.7274347,1,1,2
1,0.6703151,1,1,1,1,0.6929904,1,1,2
1,0.6705425,1,1,1,0.9438627,0.6643475,1,1,2
1,0.6709126,1,1,1,0.9332286,0.6392964,1,1,2
1,0.671346,1,1,1,0.9227187,0.6231695,1,1,2
1,0.6718459,1,1,1,0.9123181,0.6144448,1,1,2
1,0.6724166,1,1,1,0.9020144,0.6056867,1,1,2
1,0.673049,1,1,1,0.8917966,0.5968874,1,1,2
1,0.6737273,1,1,1,0.8816543,0.5880396,1,1,2
1,0.6744394,1,1,1,0.8715832,0.5791427,1,1,2
1,0.6751773,1,1,1,0.8615704,0.5701873,1,1,2
1,0.6759261,1,1,1,0.8516092,0.5611711,1,1,2
1,0.6766752,1,1,1,0.8416942,0.5520922,1,1,2
0.7634371,0.6774143,1,1,1,0.8318135,0.5429431,1,1,2
0.5888892,1,1,1,1,0.8220235,0.5351751,1,1,2
0.5881445,1,1,1,1,0.8123242,0.5266796,1,1,2
0.5875623,1,1,1,1,0.8027028,0.5181163,1,1,2
0.5871275,1,1,1,1,0.7931446,0.5094743,1,1,2
0.5868284,1,1,1,1,0.7836378,0.500747,1,1,2
0.5866532,1,1,1,1,0.7741719,0.4919288,1,1,2
0.5865875,1,1,1,1,1,0.4830086,1,1,2
0.5867065,1,1,1,0.7552436,1,0.4741158,1,1,2
0.5870462,1,1,1,0.7446068,1,0.4652901,1,1,2
0.5874993,1,1,1,0.7340802,1,0.4563534,1,1,2
0.5880477,1,1,1,0.7236527,1,0.447302,1,1,2
0.5886837,1,1,1,0.713314,1,0.4381335,1,1,2
0.5893933,1,1,1,0.7030516,1,0.4288432,1,1,2
0.5901629,1,1,1,0.6928539,1,0.4194276,1,1,2
0.5909798,1,1,1,0.6827105,1,0.4098845,1,1,2
0.5918378,1,1,1,0.6726145,1,0.4002162,1,1,2
0.5927221,1,1,1,0.6625544,1,0.3904191,1,1,2
0.5936245,1,1,1,0.6525255,1,0.3804978,1,1,2
1,1,1,1,0.6425207,1,0.370454,1,1,0
1,1,1,1,0.6325477,1,0.3575558,1,1,0
1,1,1,1,0.6226525,1,0.3581364,1,1,0
1,1,1,1,0.6128223,1,0.3677011,1,1,0
1,1,1,1,0.6030419,1,0.3775023,1,1,0
1,1,1,1,0.5932988,1,0.3875192,0.4195413,1,0
1,1,1,1,0.5840573,0.5856934,0.410661,0.3960424,1,0
1,1,1,1,0.5750601,0.5745614,0.4373015,0.3737301,1,0
1,1,1,1,1,0.5637408,1,0.3525146,1,0
1,1,1,1,1,0.5532455,1,0.3326592,1,0
1,1,1,1,1,0.5430138,1,0.3137214,1,0
1,1,1,1,1,0.5330337,1,0.2956477,1,0
1,1,1,1,1,0.5232856,1,0.2783765,1,0
1,1,1,1,1,0.5137521,1,0.261851,1,0
1,1,1,1,1,0.5044147,1,0.2653645,1,0
1,1,1,1,1,0.4952353,1,0.2758257,1,0
1,1,1,1,1,1,1,0.2867224,0.3546124,0
0.7238144,1,1,1,1,1,0.4803869,0.3006419,0.3237296,0
0.5897003,1,1,1,1,1,0.4693111,0.3159704,0.2951632,0
0.5460237,1,1,1,1,1,0.458567,0.3328609,0.2686639,0
0.5434641,1,1,1,1,1,0.4481444,0.3514973,0.2440217,0
0.5409381,1,1,1,1,1,0.4380312,1,0.2229892,0
0.5490211,1,1,1,1,1,0.428455,1,0.2290009,0
0.5863975,1,1,1,1,1,0.4189608,1,0.2351737,0
0.6138866,1,1,1,1,1,0.4095252,1,0.2417487,0
0.6350101,1,1,1,1,1,0.4001682,1,0.2486702,0
0.6521331,1,1,1,1,1,0.3908968,1,0.2558985,0
0.6667256,1,1,1,1,1,0.3817148,1,0.2634076,0
0.6797026,1,1,1,1,1,1,1,0.2711801,0
0.6917847,1,1,1,1,1,1,1,0.2791924,0
0.7022198,1,1,1,1,1,1,1,0.2875169,0
0.7115012,1,1,1,1,1,1,1,0.296142,0
0.7199811,1,1,1,1,1,1,0.3651405,1,1
0.7659955,1,1,1,1,1,1,0.3556764,1,1
1,1,1,1,1,1,1,0.3459063,1,0
1,1,1,1,1,1,1,0.3348518,1,0
1,1,1,1,1,1,1,0.3239941,1,0
1,1,1,1,1,1,1,0.3133296,1,0
1,1,1,1,1,1,1,0.3028483,1,0
1,1,1,1,1,1,1,0.2925467,1,0
1,1,1,1,1,1,1,0.282418,1,0
1,1,1,1,1,1,1,0.2724525,1,0
1,1,1,1,1,1,1,0.2626469,1,0
1,1,1,1,1,1,1,0.2529949,1,0
1,1,1,1,1,1,1,0.2716406,1,0
1,1,1,1,1,1,1,0.2992976,0.2996631,0
1,1,1,1,1,1,1,0.3438201,0.2835093,0
1,1,1,1,1,1,1,1,0.2681982,0
1,1,1,1,1,1,1,1,0.2539789,0
1,1,1,1,1,1,1,1,0.2404417,0
1,1,1,1,1,1,1,1,0.2275459,0
0.7316759,1,1,1,1,1,1,1,0.2152524,0
1,1,1,1,1,1,1,1,0.2276691,0
0.7260352,1,1,1,1,1,1,1,0.2461661,0
1,1,1,1,1,1,1,1,0.2612773,0
0.7247386,1,1,1,1,1,1,1,0.2812895,0
1,1,1,1,1,1,1,1,0.2971,0
1,1,1,1,1,1,1,1,1,1
1,1,1,1,1,1,1,1,1,1
1,1,1,1,1,1,1,1,1,1
1,1,1,1,1,1,1,1,1,1
1,1,1,1,1,1,1,1,1,1
1,1,1,1,1,1,1,1,1,1
1,1,1,1,1,1,1,1,1,1
1,1,1,1,1,1,1,1,1,1
1,1,1,1,1,1,1,1,1,1
1,1,1,1,1,1,1,1,1,1
1,1,1,1,1,1,1,1,1,1
1,1,1,1,1,1,1,1,1,1
1,1,1,1,1,1,1,1,1,1
1,1,1,1,1,1,1,1,1,1
1,1,1,1,1,1,1,1,1,1
1,1,1,1,1,1,1,1,1,1
1,1,1,1,1,1,1,1,1,1
1,1,1,1,1,1,1,1,1,1
1,1,1,1,1,1,1,1,1,1
1,1,1,1,1,1,1,1,1,1
1,1,1,1,1,1,1,1,1,1
1,1,1,1,1,1,1,1,1,1
1,1,1,1,1,1,1,1,1,1
1,1,1,1,1,1,1,1,1,1
1,1,1,1,1,1,1,1,1,1
1,1,1,1,1,1,1,1,1,1
1,1,1,1,1,1,1,1,1,1
1,1,1,1,1,1,1,1,1,1
1,1,1,1,1,1,1,1,1,1
1,1,1,1,1,1,1,1,1,1
1,1,1,1,1,1,1,1,1,1
1,1,1,1,1,1,1,1,1,1
1,1,1,1,1,1,1,1,1,1
1,1,1,1,1,1,1,1,1,1
1,1,1,1,1,1,1,1,1,1
1,1,1,1,1,1,1,1,1,1
1,1,1,1,1,1,1,1,1,1
1,1,1,1,1,1,1,1,1,1
1,1,1,1,1,1,1,1,1,1
1,1,1,1,1,1,1,1,1,1
1,1,1,1,1,1,1,1,1,1
1,1,1,1,1,1,1,1,1,1
1,1,1,1,1,1,1,1,1,1
1,1,1,1,1,1,1,1,1,1
1,1,1,1,1,1,1,1,1,1
1,1,1,1,1,1,1,1,1,1
1,1,1,1,1,1,1,1,1,1
1,1,1,1,1,1,1,1,1,1
1,1,1,1,1,1,1,1,1,1
1,1,1,1,1,1,1,1,1,1
1,1,1,1,1,1,1,1,1,1
1,1,1,1,1,1,1,1,1,1
1,1,1,1,1,1,1,1,1,1
1,1,1,1,1,1,1,1,1,1
1,1,1,1,1,1,1,1,1,1
1,1,1,1,1,1,1,1,1,1
1,1,1,1,1,1,1,1,1,1
1,1,1,1,1,1,1,1,1,1
1,1,1,1,1,1,1,1,1,1
1,1,1,1,1,1,0.9972451,1,1,1
1,1,1,1,1,1,0.9896568,1,1,1
1,1,1,1,1,1,0.9820322,0.9956821,1,1
1,1,1,1,1,1,0.9743748,0.9885232,1,1
1,1,1,1,1,1,0.9666926,0.9813714,1,1
1,1,1,1,1,1,0.9589829,0.9742237,1,1
1,1,1,1,1,1,0.9512467,0.9670799,1,1
1,1,1,1,1,1,0.9434848,0.9599398,1,1
1,1,1,1,1,1,0.9356947,0.9528005,1,1
1,1,1,1,1,1,0.9278808,0.9456647,1,1
1,1,1,1,1,1,0.9200408,0.9724016,1,1
1,1,1,1,1,1,0.9121302,1,1,1
1,1,1,1,1,1,0.9041465,1,1,1
1,1,1,1,1,1,0.8961288,1,1,1
1,1,1,1,1,1,0.8880786,1,1,1
1,1,1,1,1,1,0.879994,1,1,1
1,1,1,1,1,1,0.8718799,1,1,1
1,1,1,1,1,1,0.8637345,1,1,1
1,1,1,1,1,1,0.8555596,1,1,1
1,1,1,1,1,1,0.8473536,1,1,1
1,1,1,1,1,1,0.8391213,1,1,1
1,1,1,1,1,1,0.8308612,1,1,1
1,1,1,1,1,1,0.8225749,1,0.9981672,1
1,1,1,1,1,1,0.8142749,1,0.9909343,1
1,1,1,1,1,1,0.8059932,1,0.9836246,1
1,1,1,1,1,1,0.7977298,1,0.9762353,1
1,1,1,1,1,1,0.7894879,1,0.9687679,1
1,1,1,1,1,1,0.7812639,1,0.9612168,1
1,1,1,1,1,1,0.7730609,1,0.9535835,1
1,1,1,1,1,1,0.7648786,1,0.9458664,1
1,1,1,1,1,1,0.7567196,1,0.9380676,1
1,1,1,1,1,1,0.7485806,1,0.930182,1
1,1,1,1,1,1,0.7404641,0.7153512,0.9222122,1
1,1,1,1,1,1,0.7327545,0.7078154,0.9131781,1
1,1,1,1,1,1,0.7250767,0.7002655,0.9040594,1
1,1,1,1,1,1,0.7174357,0.6927084,0.8948679,1
1,1,1,1,1,1,0.7098268,0.6851422,0.8856044,1
1,1,1,1,1,1,0.702252,0.6775706,0.8762771,1
1,1,1,1,1,1,0.6947096,0.6699949,0.8668911,1
1,1,0.9988697,1,1,1,0.6872012,0.662419,0.8574553,1
1,1,0.9910637,1,1,1,0.6797162,0.6548481,0.8479985,1
1,1,0.983333,1,1,1,0.6721956,0.647302,0.8386601,1
1,1,0.975674,1,1,1,0.664641,0.6397799,0.8294344,1
1,1,0.968083,1,1,1,0.6570509,0.6322771,0.8203124,1
1,1,0.9605598,1,1,1,0.6494268,0.6247929,0.8112884,1
1,1,0.9531008,1,1,1,0.6417709,0.6173261,0.8023571,1
1,1,0.9457055,1,1,1,0.6340851,0.6098758,0.7935129,1
1,1,0.9383671,1,1,1,0.6263683,0.6024379,0.7847467,1
1,1,0.9310884,1,1,1,0.6186227,0.5950114,0.7760533,1
1,1,0.9238629,1,1,1,0.6108475,0.5875925,0.7674236,1
1,1,0.91669,1,1,1,0.6030448,0.5801804,0.7588523,1
1,1,0.9095662,1,1,1,0.595217,0.5727742,0.7503344,1
1,1,0.9024916,1,1,1,0.5873665,0.5653731,0.7418648,1
1,1,0.8954592,1,1,1,0.5794922,0.5579733,0.7334347,1
1,1,0.8884692,1,1,1,0.5715995,0.5505772,0.7355635,1
1,1,0.8816093,1,1,1,0.5636426,0.5431955,0.7466685,1
1,1,1,1,1,1,0.5555903,0.535838,0.7571018,1
1,1,1,1,1,1,0.5483056,0.5281817,0.7727208,1
1,1,1,1,1,1,0.5409397,0.5205861,0.7878581,1
1,1,1,1,1,1,0.5334965,0.5130423,0.8025056,1
1,1,1,1,1,1,0.5259768,0.5055395,0.8166588,1
1,1,1,1,1,1,0.5183879,0.4980733,0.8303171,1
1,1,1,1,1,1,0.510734,0.490637,0.8434844,1
1,1,1,1,1,1,0.5030191,0.4832245,0.5671867,0
1,1,1,1,1,1,0.4963245,0.4754861,0.5563837,0
1,1,1,1,1,1,0.4896416,0.4678287,0.5457864,0
1,1,1,1,1,1,0.4829649,0.4602468,0.5353858,0
1,1,1,1,1,1,0.4762923,0.4527382,0.5251764,0
1,1,1,1,1,1,1,0.4452973,0.5151487,0
1,1,1,1,1,1,1,1,1,1
1,1,1,1,1,1,1,1,1,1
1,1,1,1,1,1,1,1,1,1
1,1,1,1,1,1,1,1,1,1
1,1,1,1,1,1,1,1,1,1
1,1,1,1,1,1,1,1,1,1
1,1,1,1,1,1,1,1,1,1
1,1,1,1,1,1,1,1,1,1
1,1,1,1,1,0.9999251,1,1,1,1
1,1,1,1,1,0.9897701,1,1,1,1
1,1,1,1,1,0.9796025,1,1,1,1
1,1,1,1,1,0.9694223,1,1,1,1
1,1,1,1,1,0.9592303,1,1,1,1
1,1,1,1,1,0.9490269,1,1,1,1
1,1,1,1,1,0.9388126,1,1,1,1
1,1,1,1,1,0.9285877,1,1,1,1
1,1,1,1,1,0.9183532,0.9972987,1,1,1
1,1,1,1,1,0.9081017,0.9859849,1,1,1
1,1,1,1,1,0.8978111,0.9745563,1,1,1
1,1,1,1,1,0.8874831,0.9630184,1,1,1
1,1,1,1,1,0.8771206,0.9513766,1,1,1
1,1,1,1,1,0.8667258,0.9396375,1,1,1
1,1,1,1,1,0.8761522,0.927808,1,1,1
1,1,1,1,1,0.8881119,0.9159516,1,1,1
1,1,1,1,1,0.9011342,0.9040816,1,1,1
1,1,1,1,1,0.9152274,0.8922001,1,1,1
1,1,1,1,1,0.9304428,0.8803117,1,1,1
1,1,1,1,1,0.9468161,0.8684214,1,1,1
1,1,1,1,1,0.9644076,0.8565332,1,1,1
1,1,1,1,1,0.98324,0.8446513,1,1,1
1,1,1,1,1,1,0.832783,1,1,1
1,1,1,1,1,1,0.8209211,1,1,1
1,1,1,1,1,1,0.8090326,1,1,1
1,1,1,1,1,1,0.7971258,1,1,1
1,1,1,1,1,1,0.7852023,1,1,1
1,1,1,1,1,1,0.7732702,1,1,1
1,1,1,1,1,1,0.761331,1,1,1
1,1,1,1,1,1,0.7493928,1,1,1
1,1,1,1,1,1,0.7374567,1,1,1
1,1,1,1,1,1,0.7255306,1,1,0
1,1,1,1,1,1,0.7136188,1,1,0
1,1,1,1,1,1,0.7017254,1,1,0
1,1,1,1,1,1,0.6898541,1,1,0
1,1,1,1,1,1,0.6780089,1,1,0
1,1,1,1,1,1,0.6661932,1,1,0
1,1,1,1,1,1,0.6544135,1,1,0
1,1,1,1,1,1,0.6426696,1,1,0
1,1,1,1,1,1,0.6309675,1,1,0
1,1,1,1,1,1,0.6193064,1,1,0
1,1,1,1,1,1,0.6076921,1,1,0
1,1,1,1,1,1,0.5961263,1,1,0
1,1,1,1,1,1,0.5846109,1,1,0
1,1,1,1,1,1,0.5731475,1,1,0
1,1,1,1,1,1,0.5617405,1,1,0
1,1,1,1,1,1,0.5528163,1,1,0
1,1,1,1,1,1,0.5677007,1,1,0
1,1,1,1,1,1,0.5827887,0.6768156,1,0
1,1,1,1,1,1,0.6173271,0.6555109,1,0
1,1,1,1,1,1,0.655636,0.634975,1,0
1,1,1,1,1,1,0.6981444,0.6151764,1,0
1,1,1,1,1,1,0.7453305,0.5960811,1,0
1,1,1,1,1,1,1,0.5776573,1,0
1,1,1,1,1,1,1,0.5606531,1,0
1,1,1,1,1,1,1,0.5439132,1,0
1,1,1,1,1,1,1,0.5274502,1,0
1,1,1,1,1,1,1,0.5112742,1,0
1,1,1,1,1,1,1,0.4953962,1,0
1,1,1,1,1,1,1,0.4798252,1,0
1,1,1,1,1,1,1,0.4645638,1,0
1,1,1,1,1,1,1,0.4496165,1,0
1,1,1,1,1,1,1,0.4349857,1,0
1,1,1,1,1,1,1,0.4206687,1,0
1,1,1,1,1,1,1,0.4101864,1,0
1,1,1,1,1,1,1,0.4262342,0.589646,0
1,1,1,1,1,1,1,0.4504233,0.557322,0
1,1,1,1,1,1,1,0.4771909,0.5271372,0
1,1,1,1,1,1,1,0.5068929,0.4988943,0
1,1,1,1,1,1,1,0.5399475,0.4724249,0
1,1,1,1,1,1,1,0.5768663,0.4475757,0
1,1,1,1,1,1,1,0.6182629,0.4242103,0
1,1,1,1,1,1,1,1,0.4022079,0
1,1,1,1,1,1,1,1,0.3825449,0
1,1,1,1,1,1,1,1,0.3637432,0
1,1,1,1,1,1,1,1,0.3745715,0
1,1,1,1,1,1,1,1,0.3900873,0
1,1,1,1,1,1,1,1,0.4062083,0
1,1,1,1,1,1,1,1,0.4229179,0
1,1,1,1,1,1,1,0.9897977,0.4401963,0
1,1,1,1,1,1,1,0.9779388,0.4580754,0
1,1,1,1,1,1,1,0.9666058,0.4765462,0
1,1,1,1,1,1,1,0.9557523,0.4955722,0
1,1,1,1,1,1,1,0.9453395,0.5151176,0
1,1,1,1,1,1,1,1,0.5351476,0
1,1,1,1,1,1,1,1,0.5552181,0
1,1,1,1,1,1,1,1,1,1
1,1,1,1,1,1,1,1,1,1
1,1,1,1,1,1,1,1,1,1
1,1,1,1,1,1,1,1,1,1
1,1,1,1,1,1,1,1,1,1
1,1,1,1,1,1,1,1,1,1
1,1,1,1,1,1,1,1,1,1
1,1,1,1,1,1,1,1,1,1
1,1,1,1,1,1,1,1,1,1
1,1,1,1,1,1,1,1,1,1
1,1,1,1,1,1,1,1,1,1
1,1,1,1,1,1,1,1,0.991999,1
1,1,1,1,1,1,1,1,0.9827638,1
1,1,1,1,1,1,1,1,0.9733926,1
1,1,1,1,1,1,1,1,0.963888,1
1,1,1,1,1,1,1,1,0.9542567,1
1,1,1,1,1,1,1,1,0.9445022,1
1,1,1,1,1,1,0.9992104,1,0.9346326,1
1,1,1,1,1,1,0.9918232,1,0.9246582,1
1,1,1,1,1,1,0.9844854,1,0.9146346,1
1,1,1,1,1,1,0.9771968,1,0.904566,1
1,1,1,1,1,1,0.9699566,1,0.8944566,1
1,1,1,1,1,1,0.9627675,1,0.8843142,1
1,1,1,1,1,1,0.955629,1,0.8741439,1
1,1,1,1,1,1,0.9485403,1,0.8639501,1
1,1,1,1,1,1,0.9415008,1,0.8537377,1
1,1,1,1,1,1,0.9345127,1,0.8435154,1
1,1,1,1,1,1,0.9275753,1,0.8332882,1
1,1,1,1,1,1,0.9206875,1,0.823061,1
1,1,1,1,1,1,0.9138514,1,0.8128425,1
1,1,1,1,1,1,0.9070662,1,0.8026379,1
1,1,1,1,1,1,0.9003302,1,0.792452,1
1,1,1,1,1,1,0.8936423,1,0.7844629,1
1,1,1,1,1,1,0.8869904,1,0.8019193,1
1,1,1,1,1,1,0.8802007,1,0.8189296,1
1,1,1,1,1,1,0.8732742,1,0.8354523,1
1,1,1,1,1,1,0.8662154,1,0.8514614,1
1,1,1,1,1,1,0.8590235,1,0.8669226,1
1,1,1,1,1,1,0.8517014,1,0.8818119,1
1,1,1,1,1,1,0.8442525,1,0.8961164,1
1,1,1,1,1,1,0.836681,1,0.9098145,1
1,1,1,1,1,1,0.8289943,1,0.9228956,1
1,1,1,1,1,1,0.8211941,1,0.9353533,1
1,1,1,1,1,1,0.8132883,1,0.9471905,1
1,1,1,1,1,1,0.8052788,1,0.9584082,1
1,1,1,1,1,1,0.797177,1,0.969011,1
1,1,1,1,1,1,0.7889848,1,0.9790059,1
1,1,1,1,1,1,0.7807105,1,0.9884033,1
1,1,1,1,1,1,0.7723557,1,0.9972223,1
1,1,1,1,1,1,0.7639316,1,1,1
1,1,1,1,1,1,0.7554723,1,1,1
1,1,1,1,1,1,0.7469955,1,1,1
1,1,1,1,1,1,1,1,1,1
1,1,1,1,1,1,1,1,1,1
1,1,1,1,1,1,1,1,1,1
1,1,1,1,1,1,1,1,1,1
1,1,1,1,1,1,1,1,1,1
1,1,1,1,1,1,1,1,1,1
1,1,1,1,1,1,1,1,1,1
1,1,1,0.9972288,1,1,1,1,1,1
1,1,1,0.9887744,1,1,1,1,1,1
1,1,1,0.9805332,1,1,1,1,1,1
1,1,1,0.9724989,1,1,1,1,1,1
1,1,1,0.964662,1,1,1,1,1,1
1,1,1,0.9570173,1,1,1,0.6207224,1,1
1,1,1,0.9480227,1,1,1,0.6132361,1,1
1,1,1,0.9392274,1,1,1,0.6057758,1,1
1,1,1,0.9306213,1,1,1,0.5983366,1,1
1,1,1,0.9221921,1,1,1,0.5909166,1,1
1,1,1,0.9139315,1,1,1,0.5835116,1,1
1,1,1,0.9058323,1,1,1,0.5761201,1,1
1,1,1,0.8978835,1,1,1,0.5687379,1,1
1,1,1,0.890075,1,1,1,0.5613639,1,1
1,1,0.9926078,0.8824013,1,1,1,0.5539939,1,1
1,1,0.9694935,0.8750508,1,1,1,0.5466453,1,1
1,1,0.9441525,0.8684258,1,1,1,0.5393556,1,1
1,1,0.9167358,0.862553,1,1,1,0.5321227,1,2
1,1,0.8874434,0.8574628,1,1,1,0.5249425,1,2
1,1,0.8565375,0.8531845,1,1,1,0.5178144,1,2
1,1,0.8243157,0.8497452,1,1,1,0.5107353,1,2
1,1,0.7911193,0.8471687,1,1,1,0.5037083,1,2
1,1,0.757287,0.8454715,1,1,1,0.4967298,1,2
1,1,0.7231598,0.8446733,1,1,1,0.4897981,1,2
1,1,0.7071583,0.8447811,1,1,1,0.4829133,1,2
1,1,0.7043959,0.8452691,1,1,1,0.4760043,1,2
1,1,0.7016725,0.8457423,1,1,1,0.4690204,1,2
1,1,0.6989807,0.8461893,1,1,1,0.4619575,1,2
1,1,0.6963105,0.8465953,1,1,1,0.4548094,1,2
1,1,0.693652,0.8469459,1,1,1,0.447576,1,2
1,1,0.691,0.8472325,1,1,1,0.4402522,1,2
1,1,0.6883425,0.8474382,1,1,1,0.4328359,1,2
1,1,0.6856754,0.8475561,1,1,1,0.425326,1,2
1,1,0.6829951,0.8475797,1,1,1,0.417722,1,2
1,1,0.6802951,0.8474992,1,1,1,0.4100235,1,2
1,1,0.6775692,0.8473057,1,1,1,0.4022276,1,2
1,1,0.6748118,0.8469904,1,1,1,0.3943351,1,2
1,1,0.6720218,1,1,1,1,0.3863439,1,1
1,1,0.6672406,1,1,1,1,0.3777308,1,1
1,1,0.6624547,1,1,1,1,0.3690796,1,1
1,1,0.6576638,1,1,1,1,0.3603871,1,1
1,1,0.6528634,1,1,1,1,0.351656,1,1
1,0.9495896,0.6480566,1,1,1,1,0.3428863,1,2
1,0.8711503,0.6441914,1,1,1,1,0.3343178,0.4433178,0
1,0.8621982,0.6343298,1,1,1,1,0.324217,0.427677,0
1,0.8496228,0.6247757,1,1,1,1,0.3142982,0.4125904,0
1,0.8321296,0.6155683,1,1,1,1,0.3250361,0.3980651,0
1,0.8065687,0.6068734,1,1,1,1,0.3478668,0.384211,0
1,0.7700589,0.5988379,1,1,1,1,0.3698369,0.371104,1
1,0.720853,0.5915745,1,1,1,1,0.3900874,0.3587684,1
1,0.6583899,0.58521,1,1,1,1,0.4076549,0.3472367,1
1,0.5841085,0.5798898,1,1,1,1,0.4215716,0.3365313,2
0.9957296,0.501795,0.5757388,1,1,1,1,0.4311448,0.3266491,2
0.9876912,0.4820157,0.5729039,1,1,1,1,0.4359483,0.3175937,2
0.9797083,0.4775632,0.5703923,1,1,1,1,0.439604,0.3085033,2
0.9719783,0.4732078,0.5679351,1,1,1,1,0.4430607,0.2991612,2
1,0.468945,0.5655227,1,1,1,1,0.446363,0.2895543,2
1,0.4646307,0.562546,1,1,1,1,0.4512884,0.2792706,2
1,0.4603572,0.5594864,1,1,1,1,1,0.2686818,2
1,0.4569786,0.5598667,1,1,1,1,1,0.260012,2
1,0.4537414,0.5602453,1,1,1,1,1,0.2508273,2
1,0.4506253,0.5605926,1,1,1,1,1,0.2411171,2
1,0.4476083,0.560876,1,1,1,1,1,0.2409447,2
1,0.4447203,0.5612307,1,1,1,1,1,0.243896,2
1,0.4419619,0.5616922,1,1,1,1,1,0.2467379,2
1,0.4393291,0.5622563,1,1,1,1,1,0.2494753,2
1,0.4368145,1,1,1,1,1,1,0.2521162,1
0.417564,0.4324358,1,1,1,1,1,1,0.2575029,2
0.4126944,0.4314141,1,1,1,1,1,1,0.2580476,2
0.408226,0.4307758,1,1,1,1,1,1,0.2584469,2
0.4041504,0.4305271,1,1,1,1,1,1,0.2587094,2
0.4004636,0.4306785,1,1,1,1,1,1,0.2588393,2
0.3971624,0.4312418,1,1,1,1,1,1,0.2588404,2
0.3942392,0.4322021,1,1,1,1,1,1,0.2587397,2
0.3916859,0.4334988,1,1,1,1,1,1,0.2585889,2
0.3894823,0.4351162,1,1,1,1,1,1,0.2583949,2
0.3876118,0.4370418,1,1,1,1,1,1,0.2581591,2
0.3860581,0.4392627,1,1,1,1,1,1,0.2578821,2
0.3848026,0.4417626,1,1,1,1,1,1,0.257567,2
0.3838303,0.4445284,1,1,1,1,1,1,0.2572126,2
0.3831237,0.4475432,1,1,1,1,1,1,0.2568206,2
0.3826656,1,1,1,1,1,1,1,0.256392,1
0.3811927,1,1,1,1,1,1,1,0.2581333,1
0.3797061,1,1,1,1,1,1,1,0.2598923,1
0.3782017,1,1,1,1,1,1,1,0.261672,1
0.376685,1,1,1,1,1,1,1,0.263465,1
0.3751553,1,1,1,1,1,1,1,0.2652709,1
0.3736119,1,1,1,1,1,1,1,0.2670894,1
0.3720572,1,1,1,1,1,1,1,0.2689164,1
0.3704937,1,1,1,1,1,1,1,0.2707484,1
0.368921,1,1,1,1,1,1,1,0.272585,1
0.3673384,1,1,1,1,1,1,1,1,2
0.3669692,1,1,1,1,1,1,1,1,2
0.3669693,1,1,1,1,1,1,1,1,2
0.3673447,1,1,1,1,1,1,1,1,2
0.3680961,1,1,1,1,1,1,1,1,2
0.3692316,1,1,1,1,1,1,1,1,2
1,1,1,1,1,1,1,1,1,1
1,1,1,1,1,1,1,1,1,1
1,1,1,1,1,1,1,1,1,1
1,1,1,1,1,1,1,1,1,1
1,1,1,1,1,1,1,1,1,1
1,1,1,1,1,1,1,1,1,1
1,1,1,1,1,1,1,1,1,1
1,1,1,1,1,1,1,1,1,1
1,1,1,1,1,1,1,1,1,1
1,1,1,1,1,1,1,1,1,1
1,1,1,1,1,1,1,1,1,1
1,1,1,1,1,1,1,1,1,1
1,1,1,1,1,1,1,1,1,1
1,1,1,1,1,1,1,1,1,1
1,1,1,1,1,1,1,1,1,1
1,1,1,1,1,1,1,1,1,1
1,1,1,1,1,1,1,1,1,1
1,1,1,1,1,1,1,1,1,1
1,1,1,1,1,1,1,1,1,1
1,1,1,1,1,1,1,1,1,1
1,1,1,1,1,1,1,1,1,1
1,1,1,1,1,1,1,1,1,1
1,1,1,1,1,1,1,1,1,1
1,0.9842933,1,1,1,1,1,1,1,1
1,0.9676262,1,1,1,1,1,1,1,1
1,0.950332,1,1,1,1,1,1,1,1
1,0.9324271,1,1,1,1,1,1,1,1
1,0.9139355,1,1,1,1,1,1,1,1
1,0.8948868,1,1,1,1,1,1,1,1
1,0.8753181,1,1,1,1,1,1,1,1
1,0.8552672,1,1,1,1,1,1,1,2
1,0.8347875,1,1,1,1,1,1,1,2
1,0.8139327,1,1,1,1,1,1,1,2
1,0.7927611,1,1,1,1,1,1,1,2
1,0.7713342,1,1,1,1,1,1,0.9996887,2
1,0.7497309,1,1,1,1,1,1,0.9976705,2
1,0.7440521,1,1,1,1,1,1,0.995499,2
1,0.7497678,1,1,1,1,1,1,0.9933094,2
1,0.7554907,1,1,1,1,1,1,0.9911816,2
1,0.7612115,1,1,1,1,1,1,0.9891089,2
1,0.7669162,1,1,1,1,1,1,0.9870889,2
1,0.7726003,1,1,1,1,1,1,0.9851128,2
1,0.7782501,1,1,1,1,1,1,0.983179,2
1,0.7838615,1,1,1,1,1,1,0.9812804,2
1,0.7894211,1,1,1,1,1,1,0.9794162,2
1,0.7949252,1,1,1,1,1,1,0.9775799,2
1,0.8003653,1,1,1,1,1,1,0.9757687,2
1,0.8057337,1,1,1,1,1,1,0.9739802,2
1,0.8110225,1,1,1,1,1,1,0.9722122,2
1,0.8162244,1,1,1,1,1,1,0.9704633,1
1,0.8213326,1,1,1,1,1,1,0.9687318,1
0.9089801,0.8263442,1,1,1,1,1,1,0.9670135,2
0.8662316,0.8344544,1,1,1,1,1,1,0.9647849,2
0.8224853,0.8440408,1,1,1,1,1,1,0.9623592,2
0.7782714,1,1,1,1,1,1,1,0.9597608,2
0.7409787,1,1,1,1,1,1,1,0.9575032,2
0.7028247,1,1,1,1,1,1,1,0.9550792,2
0.6641979,1,1,1,1,1,1,1,0.9525043,2
0.638533,1,1,1,1,1,1,1,0.9498037,2
0.6441248,1,1,1,1,1,1,1,0.9470463,2
0.6498597,1,1,1,1,1,1,1,0.9443356,2
0.6557227,1,1,1,1,1,1,1,0.9416639,2
0.6617054,1,1,1,1,1,1,1,0.9390175,2
0.6677924,1,1,1,1,1,1,1,0.9363897,2
0.6739684,1,1,1,1,1,1,1,0.9337744,2
0.6802244,1,1,1,1,1,1,1,0.93116,2
0.686545,1,1,1,1,1,1,1,0.9285413,2
0.6929142,1,1,1,1,1,1,1,0.9259143,2
0.6993199,1,1,1,1,1,1,1,0.923272,2
0.7057499,1,1,1,1,1,1,1,0.9206083,2
0.7121917,1,1,1,1,1,1,1,0.9179175,2
0.7186338,1,1,1,1,1,1,1,0.9151947,2
0.72506,1,1,1,1,1,1,1,0.9124383,2
0.7314589,1,1,1,1,1,1,1,0.9096445,2
0.7378189,1,1,1,1,1,1,1,0.9931773,2
0.745937,1,1,1,1,1,1,1,1,2
1,1,1,1,1,1,1,1,1,1
1,1,1,1,1,1,1,1,1,1
1,1,1,1,1,1,1,1,1,1
1,1,1,1,1,1,1,1,1,1
1,1,1,1,1,1,1,1,1,1
1,1,1,1,1,1,1,1,1,1
1,1,1,1,1,1,1,1,1,1
1,1,1,1,1,1,1,1,1,1
1,1,1,1,1,1,1,1,1,1
1,1,1,1,1,1,1,1,1,1
1,1,1,1,1,1,1,1,1,1
1,1,1,1,1,1,1,1,1,1
1,1,1,1,1,1,1,1,1,1
1,1,1,1,1,1,1,1,1,1
1,1,1,1,1,1,1,1,1,1
1,1,1,1,1,1,1,1,1,1
1,1,1,1,1,1,1,1,1,1
1,1,1,1,1,1,1,1,1,1
1,1,1,1,1,1,1,1,1,1
1,1,1,1,1,1,1,1,1,1
1,1,1,1,1,1,1,1,1,1
1,1,1,1,1,1,1,1,1,1
1,1,1,1,1,1,1,1,1,1
1,1,1,1,1,1,1,1,1,1
1,1,1,1,1,1,1,1,1,1
1,1,1,1,1,1,1,1,1,1
1,1,1,1,1,1,1,1,1,1
1,1,1,1,1,1,1,1,1,1
1,1,1,1,1,1,1,1,1,1
1,1,1,1,1,1,1,1,1,1
1,1,1,1,1,1,1,1,1,1
1,1,1,1,1,1,1,1,1,1
1,1,1,1,1,1,1,1,1,1
1,1,1,1,1,1,1,1,1,1
1,1,1,1,1,1,1,1,1,1
1,1,1,1,1,1,1,1,1,1
1,1,1,1,1,1,1,1,1,1
1,1,1,1,1,1,1,1,1,1
1,1,1,1,1,1,1,1,1,1
1,1,1,1,1,1,1,1,1,1
1,1,1,1,1,1,1,1,1,1
1,1,1,1,1,1,1,1,1,1
1,1,1,1,1,1,1,1,1,1
1,1,1,1,1,1,1,1,1,1
1,1,1,1,1,1,1,1,1,1
1,1,1,1,1,1,1,1,1,1
1,1,1,1,1,1,1,1,1,1
1,1,1,1,1,1,1,1,1,1
1,1,1,1,1,1,1,1,1,1
1,1,1,1,1,1,1,1,1,1
1,1,1,1,1,1,1,1,1,1
1,1,1,1,1,1,1,1,1,1
1,1,1,1,1,1,1,1,1,1
1,1,1,1,1,1,1,1,1,1
1,1,1,1,1,1,1,1,1,1
1,1,1,1,1,1,1,1,1,1
1,1,1,1,1,1,1,1,1,1
1,1,1,1,1,1,1,1,1,1
1,1,1,1,1,1,1,1,1,1
1,1,1,1,1,1,1,1,1,1
1,1,1,1,1,1,1,1,1,1
1,1,1,1,1,1,1,1,1,1
1,1,1,1,1,1,1,1,1,1
1,1,1,1,1,1,1,1,1,1
1,1,1,1,1,1,1,1,1,1
1,1,1,1,1,1,1,1,1,1
1,1,1,1,1,1,1,1,1,1
1,1,1,1,1,1,1,1,1,1
1,1,1,1,1,1,1,1,1,1
1,1,1,1,1,1,1,1,1,1
0.9848574,1,1,1,1,1,1,1,1,1
0.9671804,1,1,1,1,1,1,1,1,1
0.9486748,1,1,1,1,1,1,1,1,1
0.9293642,1,1,1,1,1,1,1,1,1
0.9092783,1,1,1,1,1,1,1,1,1
0.9109974,1,1,1,1,1,1,1,1,1
0.9170173,1,1,1,1,1,1,1,1,1
0.9229676,1,1,1,1,1,1,1,1,1
0.9288422,1,1,1,1,1,1,1,1,1
0.9346393,1,1,1,1,1,1,1,1,1
0.9403534,1,1,1,1,1,1,1,1,1
0.945979,1,1,1,1,1,1,1,1,1
0.9515152,1,1,1,1,1,1,1,1,1
0.956957,1,1,1,1,1,1,1,1,1
0.9623,1,1,1,1,1,1,1,1,1
0.9675436,1,1,1,1,1,1,1,1,1
0.9726877,1,1,1,1,1,1,1,1,1
0.9777285,1,1,1,1,1,1,1,1,1
0.9826622,1,1,1,1,1,1,1,1,1
0.9874894,1,1,1,1,1,1,1,1,1
0.9922069,1,1,1,1,1,1,1,1,1
0.9968154,1,1,1,1,1,1,1,1,1
1,1,1,1,1,1,1,1,1,1
1,1,1,1,1,1,1,1,1,1
1,1,1,1,1,1,1,1,1,1
1,1,1,1,1,1,1,1,1,1
1,1,1,1,1,1,1,1,1,1
1,1,1,1,1,1,1,1,1,1
1,1,1,1,1,1,1,1,1,1
1,1,1,1,1,1,1,1,1,1
1,1,1,1,1,1,1,1,1,1
1,1,1,1,1,1,1,1,1,1
1,1,1,1,1,1,1,1,1,1
1,1,1,1,1,1,1,1,1,1
1,1,1,1,1,1,1,1,1,1
1,1,1,1,1,1,1,1,1,1
1,1,1,1,1,1,1,1,1,1
1,1,1,1,1,1,1,1,1,1
1,1,1,1,1,1,1,1,1,1
1,1,1,1,1,1,1,1,1,1
1,1,1,1,1,1,1,1,1,1
1,1,1,1,1,1,1,1,1,1
1,1,1,1,1,1,1,1,1,1
1,1,1,1,1,1,1,1,1,1
1,1,1,1,1,1,1,1,1,1
1,1,1,1,1,1,1,1,1,1
1,1,1,1,1,1,1,1,1,1
1,1,1,1,1,1,1,1,1,1
1,1,1,1,1,1,1,1,1,1
1,1,1,1,1,1,1,1,1,1
1,1,1,1,1,1,1,1,1,1
1,1,1,1,1,1,1,1,1,1
1,1,1,1,1,1,1,1,1,1
1,1,1,1,1,1,1,1,1,1
1,1,1,1,1,1,1,1,1,1
1,1,1,1,1,1,1,1,1,1
1,1,1,1,1,1,1,1,1,1
1,1,1,1,1,1,1,1,1,1
1,1,1,1,1,1,1,1,1,1
1,1,1,1,1,1,1,1,1,1
1,1,1,1,1,1,1,1,1,1
1,1,1,1,1,1,1,1,1,1
1,1,1,1,1,1,1,1,1,1
1,1,1,1,1,1,1,1,1,1
1,1,1,1,1,1,1,1,1,1
1,1,1,1,1,1,1,1,1,1
1,1,1,1,1,1,1,1,1,1
1,1,1,1,1,1,1,1,1,1
1,1,1,1,1,1,1,1,1,1
1,1,1,1,1,1,1,1,1,1
1,1,1,1,1,1,1,1,1,1
1,1,1,1,1,1,1,1,1,1
1,1,1,1,1,1,1,1,1,1
1,1,1,1,1,1,1,1,1,1
1,1,1,1,1,1,1,1,1,1
1,1,1,1,1,1,1,1,1,1
1,1,1,1,1,1,1,1,1,1
1,1,1,1,1,1,1,1,1,1
1,1,1,1,1,1,1,1,1,1
1,1,1,1,1,1,1,1,1,1
1,1,1,1,1,1,1,1,1,1
1,1,1,1,1,1,1,1,1,1
1,1,1,1,1,1,1,1,1,1
1,1,1,1,1,1,1,1,1,1
1,1,1,1,1,1,1,1,1,1
1,1,1,1,1,1,1,1,1,1
1,1,1,1,1,1,1,1,1,1
1,1,1,1,1,1,1,1,1,1
1,1,1,1,1,1,1,1,1,1
1,1,1,1,1,1,1,1,1,1
1,1,1,1,1,1,1,1,1,1
1,1,1,1,1,1,1,1,1,1
1,1,1,1,1,1,1,1,1,1
1,1,1,1,1,1,1,1,1,1
1,1,1,1,1,1,1,1,1,1
1,1,1,1,1,1,1,1,1,1
1,1,1,1,1,1,1,1,1,1
1,1,1,1,1,1,1,1,1,1
1,1,1,1,1,1,1,1,1,1
1,1,1,1,1,1,1,1,1,1
1,1,1,1,1,1,1,1,1,1
1,1,1,1,1,1,1,1,1,1
1,1,1,1,1,1,1,1,1,1
1,1,1,1,1,1,1,1,1,1
1,1,1,1,1,1,1,1,1,1
1,1,1,1,1,1,1,0.8981454,1,1
1,1,1,1,1,1,1,0.900664,1,1
1,1,1,1,1,1,1,0.9031776,1,1
1,1,1,1,1,1,1,0.9056851,1,1
1,1,1,1,1,1,1,0.9081863,1,1
1,1,1,1,1,1,1,0.9106802,1,1
1,1,1,1,1,1,1,0.9131624,1,1
1,1,1,1,1,1,1,0.9156321,1,1
1,1,1,1,1,1,1,0.918089,1,1
1,1,1,1,1,1,1,0.9205286,1,1
1,1,1,1,1,1,1,0.9229506,1,1
1,1,1,1,1,1,1,0.9253546,1,1
1,1,1,1,1,1,1,0.9277402,1,1
1,1,1,1,1,1,1,0.9301032,0.9686269,1
1,1,1,1,1,1,1,0.9335232,0.9242131,0
1,1,1,1,1,1,1,0.938474,0.8761461,0
1,1,1,1,1,1,1,0.9451243,0.8251394,0
1,1,1,1,1,1,1,1,0.7720951,0
1,1,1,1,1,1,1,1,0.7330052,0
1,1,1,1,1,1,1,1,0.7365594,0
1,1,1,1,1,1,1,1,0.740285,0
1,1,1,1,1,1,1,1,0.744175,0
1,1,1,1,1,1,1,1,0.7482253,0
1,1,1,1,1,1,1,1,0.7524288,0
1,1,1,1,1,1,1,1,0.7567779,0
1,1,1,1,1,1,1,1,0.7612683,0
1,1,1,1,1,1,1,1,0.7658924,0
1,1,1,1,1,1,1,1,0.7706422,0
1,1,1,1,1,1,1,1,0.77551,0
1,1,1,1,1,1,1,1,0.7804908,0
1,1,1,1,1,1,1,1,0.7855769,0
1,1,1,1,1,1,1,1,0.79076,0
1,1,1,1,1,1,1,1,0.7960319,0
1,1,1,1,1,1,1,1,0.8013878,0
1,1,1,1,1,1,1,1,0.806816,0
1,1,1,1,1,1,1,1,0.8123118,0
1,1,1,1,1,1,1,1,0.8178703,0
1,1,1,1,1,1,1,1,0.8234797,0
1,1,1,1,1,1,1,1,0.8291354,0
1,1,1,1,1,1,1,1,0.8348293,0
1,1,1,1,1,1,1,1,0.8405532,0
1,1,1,1,1,1,1,0.9949109,1,1
1,1,1,1,1,1,1,0.9830071,1,1
1,1,1,1,1,1,1,0.9709094,1,1
1,1,1,1,1,1,1,0.9586264,1,1
1,1,1,1,1,1,1,0.9461644,1,1
1,1,1,1,1,1,1,0.9335297,1,1
1,1,1,1,1,1,1,0.9207304,1,1
1,1,1,1,1,1,1,0.9207185,1,1
1,1,1,1,1,1,1,0.9279065,1,1
1,1,1,1,1,1,1,0.9349246,1,1
1,1,1,1,1,1,1,0.9417728,1,1
1,1,1,1,1,1,1,0.9484462,1,1
1,1,1,1,1,1,1,0.9549447,1,1
1,1,1,1,1,1,1,0.9612646,1,1
1,1,1,1,1,1,1,0.9674071,1,1
1,1,1,1,1,1,1,0.9733738,1,1
1,1,1,1,1,1,1,0.9791613,1,1
1,1,1,1,1,1,1,0.9847668,1,1
1,1,1,1,1,1,1,0.9901926,1,1
1,1,1,1,1,1,1,0.9954419,1,1
1,1,1,1,1,1,1,1,1,1
1,1,1,1,1,1,1,1,1,1
1,1,1,1,1,1,1,1,1,1
1,1,1,1,1,1,1,1,1,1
1,1,1,1,1,1,1,1,1,1
1,1,1,1,1,1,1,1,1,1
1,1,1,1,1,1,1,1,1,1
1,1,1,1,1,1,1,1,1,1
1,1,1,1,1,1,1,1,1,1
1,1,1,1,1,1,1,1,1,1
1,1,1,1,1,1,1,1,1,1
1,1,1,1,1,1,1,1,1,1
1,1,1,1,1,1,1,1,0.9824471,1
1,1,1,1,1,1,1,1,0.9627532,1
1,1,1,1,1,1,1,1,0.9420005,1
1,1,1,1,1,1,1,1,0.9202221,1
1,1,1,1,1,1,1,1,0.8974674,1
1,1,1,1,1,1,1,1,0.8737981,0
1,1,1,1,1,1,1,1,0.8493037,0
1,1,1,1,1,1,1,1,0.8240795,0
1,1,1,1,1,1,1,1,0.7982391,0
1,1,1,1,1,1,1,1,0.7719088,0
1,1,1,1,1,1,1,1,0.7452226,0
1,1,1,1,1,1,1,1,0.7530726,0
1,1,1,1,1,1,1,1,0.761486,0
1,1,1,1,1,1,1,1,0.7699658,0
1,1,1,1,1,1,1,1,0.7784992,0
1,1,1,1,1,1,1,1,0.787078,0
1,1,1,1,1,1,1,1,0.7956859,0
1,1,1,1,1,1,1,1,0.8043107,0
1,1,1,1,1,1,1,1,0.8129408,0
1,1,1,1,1,1,1,1,0.8215638,0
1,1,1,1,1,1,1,1,0.8301685,0
1,1,1,1,1,1,1,1,0.8387432,0
1,1,1,1,1,1,1,1,0.8472769,0
1,1,1,1,1,1,1,1,0.8557585,0
1,1,1,1,1,1,1,1,0.864178,0
1,1,1,1,1,1,1,1,0.8725287,1
1,1,1,1,1,1,1,1,1,1
1,1,1,1,1,1,1,1,1,1
1,1,1,1,1,1,1,1,1,1
1,1,1,0.9988729,1,1,1,1,1,1
1,1,1,0.9878214,1,1,1,1,1,1
1,1,1,0.9765968,1,1,1,1,1,1
1,1,1,0.965199,1,1,1,1,1,1
1,1,1,0.9536325,1,1,1,1,1,1
1,1,1,0.9419025,1,1,1,1,1,1
1,1,0.9932848,0.9300113,1,1,1,1,1,1
1,1,0.9772508,0.9178306,1,1,1,1,1,1
1,1,0.9729633,0.9051954,1,1,1,1,1,1
1,1,0.9702424,0.8923467,1,1,1,1,1,1
1,1,0.9678752,0.8793249,1,1,1,1,1,1
1,1,0.9658637,0.8767304,1,1,1,1,1,1
1,1,0.9639871,0.8748088,1,1,1,1,1,1
1,1,0.9622328,0.8730559,1,1,1,1,1,1
1,1,0.9605985,0.8714679,1,1,1,1,1,1
1,1,0.9590744,0.8700307,1,1,1,1,1,1
1,1,0.9576586,0.8687413,1,1,1,1,1,2
1,1,0.9563462,0.8675922,1,1,1,1,1,2
1,1,0.9551318,0.8665763,1,1,1,1,1,2
1,1,0.9540106,0.8656862,1,1,1,1,1,2
0.999977,1,0.9243609,0.8649157,1,1,1,1,1,2
0.9958731,1,0.9060008,0.8655305,1,1,1,1,1,2
0.991792,1,0.8872238,0.8672788,1,1,1,1,1,2
0.987754,1,0.8681046,0.8701888,1,1,1,1,1,2
0.9837799,1,0.8487147,0.8742912,1,1,1,1,1,2
0.9798914,1,0.8291287,0.8796209,1,1,1,1,1,2
0.9761069,1,0.8094162,0.8862088,1,1,1,1,1,2
0.9724506,1,0.789647,0.8941024,1,1,1,1,1,2
0.9689401,1,0.7698831,1,1,1,1,1,1,2
1,1,0.7514793,1,1,1,1,1,1,2
1,1,0.7339023,1,1,1,1,1,1,2
1,1,0.7162751,1,1,1,1,1,1,2
1,1,0.6986297,1,1,1,1,1,1,2
1,0.960318,0.6809935,1,1,1,1,1,1,2
1,0.9165751,0.6625561,1,1,1,1,1,1,2
1,0.8710163,0.6433829,1,1,1,1,1,1,2
1,0.8243235,0.6415392,1,1,1,1,1,1,2
1,0.7779239,0.6512128,1,1,1,1,1,1,2
1,0.732716,0.6628507,1,1,1,1,1,1,2
1,0.7269384,0.676587,1,1,1,1,1,1,2
1,0.7325651,0.6911553,1,1,1,1,1,1,2
1,0.7383587,0.7061235,1,1,1,1,1,1,2
1,0.7442824,0.7214412,1,1,1,1,1,1,2
1,0.7503047,0.7370619,1,1,1,1,1,1,2
1,0.7296617,1,1,1,1,1,1,1,2
1,0.7022709,1,1,1,1,1,1,1,2
1,0.6748127,1,1,1,1,1,1,1,2
1,0.6474188,1,1,1,1,1,1,1,2
1,0.6202184,1,1,1,1,1,1,1,2
1,0.5933261,1,1,1,1,1,1,1,2
1,0.5668451,1,1,1,1,1,1,1,2
0.9146387,0.5408697,1,1,1,1,1,1,1,2
0.8129283,0.5133401,1,1,1,1,1,1,1,2
0.7183043,0.5077682,1,1,1,1,1,1,1,2
0.6522732,0.5179324,1,1,1,1,1,1,1,2
0.65739,0.5290154,1,1,1,1,1,1,1,2
0.6630906,0.5410787,1,1,1,1,1,1,1,2
0.6693932,0.5541958,1,1,1,1,1,1,1,2
0.6763214,0.568453,1,1,1,1,1,1,1,2
0.6553797,0.5839376,1,1,1,1,1,1,1,2
0.6015665,0.6007485,1,1,1,1,1,1,1,2
0.552799,1,1,1,1,1,1,1,1,2
0.5124958,1,1,1,1,1,1,1,1,2
0.4737956,1,1,1,1,1,1,1,1,2
0.4546255,1,1,1,1,1,1,1,1,2
0.4628021,1,1,1,1,1,1,1,1,2
0.4714299,1,1,1,1,1,1,1,1,2
0.4804958,1,1,1,1,1,1,1,1,2
0.4899892,1,1,1,1,1,1,1,1,2
0.4999026,1,1,1,1,1,1,1,1,2
0.5102194,1,1,1,1,1,1,1,1,2
0.5209259,1,1,1,1,1,1,1,1,2
0.532007,1,1,1,1,1,1,1,1,2
0.5434505,1,1,1,1,1,1,1,1,2
1,1,1,1,1,1,1,1,1,1
1,1,1,1,1,1,1,1,1,1
1,1,1,1,1,1,1,1,1,1
1,1,1,1,1,1,1,1,1,1
1,1,1,1,1,1,1,1,1,1
1,1,1,1,1,1,1,1,1,1
1,1,1,1,1,1,1,1,1,1
1,1,1,1,1,1,1,1,1,1
1,1,1,1,1,1,1,1,1,1
1,1,1,1,1,1,1,1,1,1
1,1,1,1,1,1,1,1,1,1
1,1,1,1,1,1,1,1,1,1
1,1,1,1,1,1,1,1,1,1
1,1,1,1,1,1,1,1,1,1
1,1,1,1,1,1,1,1,1,1
1,1,1,1,1,1,1,1,1,1
1,1,1,1,1,1,1,1,1,1
1,1,1,1,1,1,1,1,1,1
1,1,1,1,1,1,1,1,1,1
1,1,1,1,1,1,1,1,1,1
1,1,1,1,1,1,1,1,1,1
1,1,1,1,1,1,1,1,1,1
1,1,1,1,1,1,1,1,1,1
1,1,1,1,1,1,1,1,1,1
1,1,1,1,1,1,1,1,1,1
1,1,1,1,1,1,1,1,1,1
1,1,1,1,1,1,1,1,1,1
1,1,1,1,1,1,1,1,1,1
1,1,1,1,1,1,1,1,1,1
1,1,1,1,1,1,1,1,1,1
1,1,1,1,1,1,1,1,1,1
1,1,1,1,1,1,1,1,1,1
1,1,1,1,1,1,1,1,1,1
1,1,1,1,1,1,1,1,1,1
1,1,1,1,1,1,1,1,1,1
1,1,1,1,1,1,1,1,1,1
1,1,1,1,1,1,1,1,1,1
1,1,1,1,1,1,1,1,1,1
1,1,1,1,1,1,1,1,1,1
1,1,1,1,1,1,1,1,1,1
1,1,1,1,1,1,1,1,1,1
1,1,1,1,1,1,1,1,1,1
1,1,1,1,1,1,1,1,1,1
1,1,1,1,1,1,1,1,1,1
1,1,1,1,1,1,1,1,1,1
1,1,1,1,1,1,1,1,1,1
1,1,1,1,1,1,1,1,1,1
1,1,1,1,1,1,1,1,1,1
1,1,1,1,1,1,1,1,1,1
1,1,1,1,1,1,1,1,1,1
1,1,1,1,1,1,1,1,1,1
1,1,1,1,1,1,1,1,1,1
1,1,1,1,1,1,1,1,1,1
1,0.9950731,1,1,1,1,1,1,1,1
1,0.9848623,1,1,1,1,1,1,1,1
1,0.9745666,1,1,1,1,1,1,1,1
1,0.9641851,1,1,1,1,1,1,1,1
1,0.9537237,1,1,1,1,1,1,1,1
1,0.9431855,1,1,1,1,1,1,1,1
1,0.9325771,1,1,1,1,1,1,1,1
1,0.934859,1,1,1,1,1,1,1,1
1,0.9466612,1,1,1,1,1,1,1,1
1,0.95811,1,1,1,1,1,1,1,1
1,0.9691962,1,1,1,1,1,1,1,1
1,0.9799185,1,1,1,1,1,1,1,1
1,0.9902703,1,1,1,1,1,1,1,1
1,1,1,1,1,1,1,1,1,1
1,1,1,1,1,1,1,1,1,1
1,1,1,1,1,1,1,1,1,1
1,1,1,1,1,1,1,1,1,1
1,1,1,1,1,1,1,1,1,1
1,1,1,1,1,1,1,1,1,1
1,1,1,1,1,1,1,1,1,1
1,1,1,1,1,1,1,1,1,1
1,1,1,1,1,1,1,1,1,1
1,1,1,1,1,1,1,1,1,1
1,1,1,1,1,1,1,1,1,1
1,1,1,1,1,1,1,1,1,1
1,1,1,1,1,1,1,1,1,1
1,1,1,1,1,1,1,1,1,1
1,1,1,1,1,1,1,1,1,1
1,1,1,1,1,1,1,1,1,1
0.9910809,1,1,1,1,1,1,1,1,1
0.976425,1,1,1,1,1,1,1,1,1
0.961232,1,1,1,1,1,1,1,1,1
0.9455164,1,1,1,1,1,1,1,1,1
0.9292933,1,1,1,1,1,1,1,1,1
0.9125857,1,1,1,1,1,1,1,1,1
0.895424,1,1,1,1,1,1,1,1,1
0.8778418,1,1,1,1,1,1,1,1,1
0.8598729,1,1,1,1,1,1,1,1,2
0.8415653,1,1,1,1,1,1,1,1,2
0.8229605,1,1,1,1,1,1,1,1,2
0.8041085,1,1,1,1,1,1,1,1,2
0.7850617,1,1,1,1,1,1,1,1,2
0.7658737,1,1,1,1,1,1,1,1,2
0.7556801,1,1,1,1,1,1,1,1,2
0.7673362,1,1,1,1,1,1,1,1,2
0.7789837,1,1,1,1,1,1,1,1,2
0.7906092,1,1,1,1,1,1,1,1,2
0.8021913,1,1,1,1,1,1,1,1,2
0.8137127,1,1,1,1,1,1,1,1,2
0.8251573,1,1,1,1,1,1,1,1,2
0.8365086,1,1,1,1,1,1,1,1,2
0.8477514,1,1,1,1,1,1,1,1,2
0.8588664,1,1,1,1,1,1,1,1,1
0.8698435,1,1,1,1,1,1,1,1,1
0.8806692,1,1,1,1,1,1,1,1,1
0.8913264,0.9989609,1,1,1,1,1,1,1,1
0.9018205,0.9888775,1,1,1,1,1,1,1,1
0.9122614,0.9789,1,1,1,1,1,1,1,1
0.9226327,0.9690245,1,1,1,1,1,1,1,1
0.932932,0.9592439,1,1,1,1,1,1,1,1
0.943148,0.9495573,1,1,1,1,1,1,1,1
0.9532703,0.9399579,1,1,1,1,1,1,1,1
0.9632936,0.9304389,1,1,1,1,1,1,1,1
0.9732082,0.9209999,1,1,1,1,1,1,1,1
1,0.9116343,1,1,1,1,1,1,1,1
1,0.9276641,1,1,1,1,1,1,1,1
1,0.9483169,1,1,1,1,1,1,1,1
1,0.968291,1,1,1,1,1,1,1,1
1,0.9875641,1,1,1,1,1,1,1,1
1,1,1,1,1,1,1,1,1,1
1,1,1,1,1,1,1,1,1,1
1,1,1,1,1,1,1,1,1,1
1,1,1,1,1,1,1,1,1,1
1,1,1,1,1,1,1,1,1,1
1,1,1,1,1,1,1,1,1,1
1,1,1,1,1,1,1,1,1,1
1,1,1,1,1,1,1,1,1,1
1,1,1,1,1,1,1,1,1,1
1,1,1,1,1,1,1,1,1,1
1,1,1,1,1,1,1,1,1,1
1,1,1,1,1,1,1,1,1,1
1,1,1,1,1,1,1,1,1,1
0.9712166,1,1,1,1,1,1,1,1,1
0.9591137,1,1,1,1,1,1,1,1,1
0.9467446,1,1,1,1,1,1,1,1,1
0.9341213,1,1,1,1,1,1,1,1,1
0.9212538,1,1,1,1,1,1,1,1,1
0.9081568,1,1,1,1,1,1,1,1,1
0.8948435,1,1,1,1,1,1,1,1,1
0.8813363,1,1,1,1,1,1,1,1,1
0.8676507,1,1,1,1,1,1,1,1,1
0.8538038,1,1,1,1,1,1,1,1,1
0.8398212,1,1,1,1,1,1,1,1,2
0.8257223,1,1,1,1,1,1,1,1,2
0.8115305,1,1,1,1,1,1,1,1,2
0.7972657,1,1,1,1,1,1,1,1,2
0.7829524,1,1,1,1,1,1,1,1,2
0.7686154,1,1,1,1,1,1,1,1,2
0.7542788,1,1,1,1,1,1,1,1,2
0.7430159,1,1,1,1,1,1,1,1,2
0.7589117,1,1,1,1,0.9957755,1,1,1,2
0.774601,1,1,1,1,0.9818133,1,1,1,2
0.7897374,1,1,1,1,0.9687781,1,1,1,2
0.804291,1,1,1,1,0.9565743,1,1,1,1
0.8182331,1,1,1,1,0.9451232,1,1,1,1
0.8315503,1,1,1,1,0.9343497,1,1,1,1
0.844225,1,1,1,1,0.9241965,1,1,1,1
0.8562548,1,1,1,1,0.9146072,1,1,1,1
0.8676422,1,0.9919604,0.9995079,1,0.9055315,1,1,1,1
0.878287,1,0.9635764,0.9907439,1,0.8969998,1,1,1,1
0.8877687,1,0.9392209,0.9814593,1,0.8892606,1,1,1,1
0.8961539,1,0.9182876,0.9717112,1,0.882233,1,1,1,1
0.9035145,1,0.9003016,0.961555,1,0.8758479,0.9909807,1,1,1
0.9095193,1,0.8862225,0.9508751,1,0.8703167,0.9671175,1,1,0
0.9136223,1,0.8778688,0.9394747,1,0.8660116,0.9407936,1,1,0
0.9159139,1,0.8752731,0.9274303,1,0.8629153,0.9124211,1,1,0
0.9165311,1,0.878634,0.9148232,1,0.8610058,0.8824329,1,1,0
0.9156404,1,0.8883733,0.9017527,1,0.8602645,0.8512877,1,1,0
0.9134392,1,0.9051428,0.8883151,1,0.8606645,0.8194202,1,1,0
0.9101385,1,0.9299157,0.8746131,1,0.8621755,0.7872445,1,1,0
0.9059575,1,0.9640824,0.8607451,0.9491399,0.8647565,0.7551283,1,1,0
0.8998716,1,1,0.8463528,0.9302907,1,0.7219579,1,1,0
0.8966753,1,1,0.833176,0.9134825,1,0.6998108,1,1,0
0.8924734,1,1,0.8197982,0.8963451,1,0.6990598,1,1,0
0.8881243,1,1,0.8065261,0.879392,1,0.6986521,1,1,0
0.8836964,1,1,0.7933825,0.8626593,1,0.6985767,1,1,0
0.8792483,1,1,0.7803885,0.8461795,1,0.6988207,1,1,0
0.8748353,1,1,0.767557,0.829974,1,0.6993673,1,1,0
0.8704988,1,1,0.7548968,0.8140579,1,0.7002026,1,1,0
0.8662809,1,1,0.7424157,0.7984439,1,0.7013043,1,1,0
0.8622071,1,1,0.7301182,0.7831388,1,0.7026573,1,1,0
0.8583009,1,1,0.718002,0.7681421,1,0.7042426,1,1,0
0.8545793,1,1,0.7060663,0.7534527,0.8348485,0.7060412,1,1,0
0.8482038,1,1,0.6935683,0.7376968,0.8142437,0.7105008,1,1,0
0.8421025,1,1,0.681312,0.7223335,0.7942917,0.7154229,1,1,0
0.8363165,1,1,0.6693006,0.7073711,0.7750019,0.7207639,1,1,0
0.8308759,1,1,0.6575259,0.6928031,0.7563649,1,0.7795732,1,0
0.8255332,1,1,0.6459252,0.6785083,0.7381738,1,0.7153984,1,0
0.8189639,1,1,0.6342381,0.6639272,0.7194664,1,0.6526425,1,0
0.8114785,1,1,0.6225764,0.6492363,0.7005187,1,0.5927071,1,0
0.8040799,1,1,0.6111492,0.6348658,0.6820582,1,0.5583791,1,0
0.7969877,1,1,0.599989,0.6208946,0.6642202,1,0.5604168,1,0
0.790185,1,1,0.7155156,0.6073049,0.6469721,1,0.5629633,1,0
0.7838904,1,1,0.904225,0.5941547,0.6304284,1,0.5658813,1,0
0.7784754,1,1,1,0.5815364,0.6147848,0.7164771,0.56885,1,0
0.7724152,1,1,1,0.5689477,0.5990685,0.6930661,0.5729588,1,0
0.766589,1,0.8668011,1,0.5566734,0.5838268,0.6706187,0.5776524,1,0
0.7609826,1,0.808906,1,0.5447007,0.5690373,0.649075,0.5829583,1,0
0.7556571,1,0.7590693,1,0.5330306,0.5547138,0.6284634,0.5888206,1,0
0.7510626,1,0.7442492,1,0.5217375,0.5410742,0.6092893,0.5946397,1,0
0.7469903,1,0.7381886,1,0.5107316,0.527961,0.5912209,0.6004945,0.682487,0
0.7421145,1,0.7331541,1,0.5891196,0.5146786,0.5726167,1,0.550057,0
0.7377244,1,0.7280018,1,0.7743651,0.5018961,0.5550458,1,0.5052022,0
0.7334168,1,0.72311,1,1,0.4893955,0.5379898,1,0.5069764,0
0.7295889,1,0.7179285,1,1,0.4773362,0.5218824,1,0.508964,0
0.7260586,1,0.7125836,1,1,0.4656038,0.5064674,1,0.5111914,0
0.7227918,1,0.7070345,1,1,0.4541586,0.4916739,1,0.513624,0
0.7197555,1,0.7012489,1,1,0.4429676,0.4774403,1,0.5162289,0
0.7169226,1,0.6951896,1,1,0.4319922,0.4637013,1,0.5189717,0
0.7142652,1,0.688832,1,1,0.4212039,0.4504047,1,0.5218228,0
0.711758,1,0.6821569,1,1,0.4494764,0.4375033,0.5883699,0.5247545,0
0.7081009,1,0.6787841,1,1,0.5707158,0.4235075,0.5619276,0.5296258,0
0.7045699,1,0.6756548,1,1,0.7748381,0.4099287,0.536836,0.5350294,0
0.7011818,1,0.6726876,0.7397332,1,1,0.3967699,0.5130861,0.5409353,0
0.6983185,1,0.6678797,0.699401,1,1,0.3845081,0.4925047,1,1
0.6970894,1,0.6548252,0.7006463,1,1,0.3744925,0.4804589,1,1
0.6958641,1,0.6419463,0.7013482,1,1,0.3644265,0.4682261,1,1
0.694639,1,0.6292282,0.7015045,1,1,0.3543129,0.4558184,1,1
0.6934139,1,0.6166568,1,1,1,0.3441548,0.4432483,1,1
0.6918125,1,0.6057354,1,1,1,0.3335672,0.4290429,1,1
0.6901873,1,0.5948238,1,1,1,0.3229941,0.4148747,1,1
0.6885365,1,0.5839121,1,1,1,0.3124344,0.4007471,1,1
0.6868616,1,0.5729942,1,1,1,0.3018896,0.3866664,1,1
0.6851639,1,0.5620644,1,1,1,0.2913614,0.3726385,1,1
0.6834444,1,0.5511173,1,1,1,0.2808508,0.3586681,1,1
0.6817041,1,0.5401515,1,1,1,0.2703622,0.3447633,1,1
0.6799439,1,0.5291589,1,1,1,0.2598931,0.3309235,1,1
0.6781645,1,0.5181352,1,1,1,0.2615191,0.3171509,1,1
0.6763759,1,0.5070289,1,1,1,0.2697213,0.3034835,1,1
0.6745852,1,0.495821,1,1,1,0.2779235,0.289937,1,1
0.6727938,1,0.4845143,1,1,1,0.2861018,0.2764966,0.5064458,0
0.6697514,1,0.4794676,0.552377,1,1,0.3166932,0.2590981,0.4621009,0
0.6671236,1,0.4721428,0.5274895,1,1,0.3435063,0.2437042,0.4272889,0
0.6645148,1,0.4645847,0.5047632,1,1,0.3733016,0.2288298,0.3949443,0
0.6619192,1,0.4567512,0.4839966,1,1,0.4061913,0.2144395,0.364805,0
0.6593257,1,0.4486097,0.4649802,1,1,0.4422742,0.2004942,0.3366195,0
0.6567253,1,0.4401369,0.4475223,1,1,0.4815979,0.1869538,0.3101525,0
0.6541065,1,0.4313146,0.4314377,1,1,0.5241804,0.1737752,0.285183,0
0.6514617,1,0.4221406,0.4165653,1,1,1,0.1667094,0.2615239,0
0.6487818,1,0.4114857,0.405429,1,1,1,0.1729269,0.2402323,0
0.6460677,1,0.4005928,0.3948281,1,1,1,0.1792175,0.2195421,0
0.6433177,1,0.3894749,0.384713,1,1,1,0.1855654,0.1993903,0
0.6405307,1,0.3781388,0.3750376,1,1,1,0.1919555,0.1797075,1
0.6377093,1,0.3665929,0.365766,1,1,1,0.1983677,0.1604296,1
0.6348568,1,0.3548515,0.356865,1,1,1,0.2047831,0.1415034,1
0.6319708,1,0.3429298,0.3482909,1,1,1,0.2111944,0.1352438,1
0.6290478,1,0.3307114,0.3403124,1,1,1,0.2174301,0.138953,1
0.8359631,1,0.3181315,0.333086,1,1,1,0.2233446,0.1425851,0
0.8771556,1,0.3077638,0.3208931,1,1,1,0.2322832,0.1470572,0
0.9053437,1,0.2972923,0.3089446,1,1,1,0.2416648,0.1516963,0
1,1,0.2865465,0.2975448,1,1,1,0.2512638,0.1564395,0
1,1,0.2763091,0.2851559,1,1,1,0.2623492,0.1616193,0
1,1,0.2654024,0.274023,1,1,1,0.2731031,0.1667641,0
1,1,0.2539026,0.2639096,1,1,1,0.2834477,0.1718459,0
1,1,0.2418834,0.2546308,1,1,1,0.2933236,0.176843,1
1,1,0.2294222,0.2460393,1,1,1,0.3026899,0.1817396,1
1,1,0.2165892,0.2380204,1,1,1,0.3115176,0.1865221,1
1,1,0.2034503,0.2304845,1,1,1,0.3197889,0.1911787,1
1,1,0.1900747,0.2233553,1,1,1,0.3275019,0.195703,1
1,1,0.1765167,0.2165663,1,1,1,0.3346688,0.2000937,1
1,0.9999931,0.1628328,0.2100693,1,1,1,0.3413021,0.2043467,1
1,0.9969037,0.1490638,0.2038201,1,1,1,0.3474245,0.2084625,1
1,0.9941,0.1412527,0.1978295,1,1,1,1,0.2124197,2
1,0.2463141,0.1387556,0.1966512,1,1,1,1,0.2140957,2
1,0.2070675,0.1371426,0.1974836,1,1,1,1,0.2149037,2
1,0.1717292,0.1358127,0.198903,1,1,1,1,0.2155474,2
1,0.1397025,0.134787,0.2009884,1,1,1,1,0.216032,2
1,0.1105054,0.1340848,0.2038271,1,1,1,1,0.2163654,2
0.9214862,0.09343319,0.1337331,1,1,1,1,1,0.2165512,2
0.919892,0.09196168,0.1337527,1,1,1,1,1,0.2165993,2
0.9189036,0.09073152,0.134178,1,1,1,1,1,0.2165121,2
0.09064058,0.08975228,0.1350484,1,1,1,1,1,0.2162912,2
0.07675677,0.08903117,0.1364039,1,1,1,1,1,0.2159414,2
0.07556719,0.0885728,0.1382851,1,1,1,1,1,0.2154701,2
0.0746174,0.0883937,0.1407567,1,1,1,1,1,0.2148742,2
0.07390504,0.08850093,1,1,1,1,1,1,0.2141602,2
0.0734314,0.08890645,1,1,1,1,1,1,0.2133307,2
0.07320156,0.08962755,1,1,1,1,1,1,0.2123847,2
0.07321506,0.09067566,1,1,1,1,1,0.9932561,0.2113272,2
0.07347834,0.09207167,1,1,1,1,1,0.9753337,0.2101565,2
0.0739923,0.09383078,1,1,1,1,1,0.9581958,0.2088769,2
0.07476486,1,1,1,1,1,1,0.9417834,0.2074858,1
0.07518096,1,1,1,1,1,1,0.9392306,0.2070017,1
0.07562298,1,1,1,1,1,1,0.9367929,0.2065003,1
0.07609093,1,1,1,1,1,1,0.934463,0.2059809,1
1,1,1,1,1,1,1,0.9322426,0.2054494,0
1,1,1,1,1,1,1,0.9474916,0.2062532,0
1,1,1,1,1,1,1,0.9639618,0.9629761,1
1,1,1,1,1,1,1,0.9661629,0.9153806,0
1,1,1,1,1,1,1,0.9699621,0.8628939,0
1,1,1,1,1,1,1,0.9755708,0.8064141,0
1,1,1,1,1,1,1,1,0.7695131,0
1,1,1,1,1,1,1,1,0.7719728,0
1,1,1,1,1,1,1,1,0.7745786,0
1,1,1,1,1,1,1,1,0.777328,0
1,1,1,1,1,1,1,1,0.7802148,0
1,1,1,1,1,1,1,1,0.7832331,0
1,1,1,1,1,1,1,1,0.7863799,0
1,1,1,1,1,1,1,1,0.789652,0
1,1,1,1,1,1,1,1,0.793043,0
1,1,1,1,1,1,1,1,0.7965466,0
1,1,1,1,1,1,1,1,0.8001593,0
1,1,1,1,1,1,1,1,0.803878,0
1,1,1,1,1,1,1,1,0.8076959,0
1,1,1,1,1,1,1,1,0.811606,0
1,1,1,1,1,1,1,1,0.815602,0
1,1,1,1,1,1,1,1,0.8196834,0
1,1,1,1,1,1,1,1,0.82384,0
1,1,1,1,1,1,1,1,0.8280684,0
1,1,1,1,1,1,1,1,0.8323617,0
1,1,1,1,1,1,1,1,0.8367164,0
1,1,1,1,1,1,1,1,0.8411254,0
1,1,1,1,1,1,1,1,0.8455822,0
1,1,1,1,1,1,1,1,0.8500831,0
1,1,1,1,1,1,1,1,0.8546214,0
1,1,1,1,1,1,1,1,0.8591939,0
1,1,1,1,1,1,1,1,0.8637902,0
1,1,1,1,1,1,1,1,1,1
1,1,1,1,1,1,1,1,1,1
1,1,1,1,1,1,1,1,1,1
1,1,1,1,1,1,1,0.9902731,1,1
1,1,1,1,1,1,1,0.9905365,1,1
1,1,1,1,1,1,1,0.9907972,1,1
1,1,1,1,1,1,1,0.9910549,1,1
1,1,1,1,1,1,1,0.9913098,1,1
1,1,1,1,1,1,1,0.9915622,1,1
1,1,1,1,1,1,1,0.9918119,1,1
1,1,1,1,1,1,1,0.9920591,1,1
1,1,1,1,1,1,1,0.9922996,1,1
1,1,1,1,1,1,1,0.9925379,1,1
1,1,1,1,1,1,1,0.9927739,1,1
1,1,1,1,1,1,1,0.9930078,1,1
1,1,1,1,1,1,1,0.9932354,1,1
1,1,1,1,1,1,1,0.993461,1,1
1,1,1,1,1,1,1,0.9936846,1,1
1,1,1,1,1,1,1,0.9939063,1,1
1,1,1,1,1,1,1,0.9941221,0.9614118,1
1,1,1,1,1,1,1,0.9956716,0.9174563,1
1,1,1,1,1,1,1,0.9987423,0.868634,0
1,1,1,1,1,1,1,1,0.815626,0
1,1,1,1,1,1,1,1,0.7911288,0
1,1,1,1,1,1,1,1,0.7934185,0
1,1,1,1,1,1,1,1,0.7958344,0
1,1,1,1,1,1,1,1,0.7983741,0
1,1,1,1,1,1,1,1,0.8010318,0
1,1,1,1,1,1,1,1,0.803805,0
1,1,1,1,1,1,1,1,0.8066878,0
1,1,1,1,1,1,1,1,0.8096776,0
1,1,1,1,1,1,1,1,0.8127715,0
1,1,1,1,1,1,1,1,0.8159636,0
1,1,1,1,1,1,1,1,0.8192475,0
1,1,1,1,1,1,1,1,0.8226237,0
1,1,1,1,1,1,1,1,0.8260828,0
1,1,1,1,1,1,1,1,0.8296217,0
1,1,1,1,1,1,1,1,0.8332373,0
1,1,1,1,1,1,1,1,0.8369236,0
1,1,1,1,1,1,1,1,0.840674,0
1,1,1,1,1,1,1,1,0.8444856,0
1,1,1,1,1,1,1,1,0.8483521,0
1,1,1,1,1,1,1,1,0.8522704,0
1,1,1,1,1,1,1,1,0.8562344,0
1,1,1,1,1,1,1,1,0.8602411,0
1,1,1,1,1,1,1,1,0.8642839,0
1,1,1,1,1,1,1,1,0.8683607,0
1,1,1,1,1,1,1,1,0.8724645,0
1,1,1,1,1,1,1,1,0.8765933,0
1,1,1,1,1,1,1,1,0.8807406,0
1,1,1,1,1,1,1,1,0.8849006,0
1,1,1,1,1,1,1,1,0.8890707,1
1,1,1,1,1,1,1,1,0.8932449,1
1,1,1,1,1,1,1,1,1,1
1,1,1,1,1,1,1,1,1,1
1,1,1,1,1,1,1,1,1,1
1,1,1,1,1,1,1,1,1,1
1,1,1,1,1,1,1,1,1,1
1,1,1,1,1,1,1,1,1,1
1,1,1,1,1,1,1,1,0.9816923,1
1,1,1,1,1,1,1,1,0.9589705,1
1,1,1,1,1,1,1,1,0.934776,1
1,1,1,1,1,1,1,1,0.9091514,1
1,1,1,1,1,1,1,1,0.882183,0
1,1,1,1,1,1,1,1,0.8759714,0
1,1,1,1,1,1,1,1,0.8806769,0
1,1,1,1,1,1,1,1,0.8853846,0
1,1,1,1,1,1,1,1,0.8900913,1
1,1,1,1,1,1,1,1,0.8947911,1
1,1,1,1,1,1,1,1,0.8994776,1
1,1,1,1,0.9970137,1,1,1,0.9041485,1
1,1,1,1,0.9879004,1,1,1,0.9087824,1
1,1,1,1,0.9787194,1,1,1,1,1
1,1,1,1,0.968661,1,1,1,1,1
1,1,1,1,0.9585772,1,1,1,1,1
1,1,1,1,0.9484692,1,1,1,1,1
1,1,1,0.9984875,0.9383346,1,1,1,1,1
1,1,1,0.9875416,0.9281718,1,1,1,1,1
1,1,1,0.9764684,0.9179397,1,1,1,1,1
1,1,1,0.9652731,0.9076417,1,1,1,1,1
1,1,1,0.9539617,0.8972811,1,1,1,1,1
1,1,1,0.9425375,0.8868588,1,1,1,1,1
1,1,1,0.9310073,0.8763787,1,1,1,1,1
1,1,1,0.9193789,0.8658458,1,1,1,1,1
1,1,1,0.9076605,0.8552645,1,1,1,1,1
1,1,1,0.8958606,0.8446404,1,1,1,1,1
1,1,1,0.8839847,0.8339751,1,1,1,1,1
1,1,1,0.8720453,0.8232777,1,1,1,1,1
1,1,1,0.8600485,0.8125502,1,1,1,1,1
1,1,1,0.8480034,0.8017982,1,1,1,1,2
1,1,1,0.8359194,0.7910274,1,1,1,1,2
1,1,0.9578412,0.8238059,0.7833265,1,1,1,1,2
1,1,0.9414238,0.8113282,0.7948087,1,1,1,1,2
1,1,0.9248835,0.798793,0.8088719,1,1,1,1,2
1,1,0.90826,0.7862181,0.8257667,1,1,1,1,2
1,1,0.8915982,0.7736269,0.8457451,1,1,1,1,2
1,1,0.8749369,0.7610379,0.8691289,1,1,1,1,2
1,1,0.858308,0.7484653,0.8963082,1,1,1,1,2
1,1,0.8417476,0.7359277,0.9277562,1,1,1,1,2
1,1,0.8252847,0.723439,0.9640474,1,1,1,1,2
1,1,0.8089447,0.7110113,1,1,1,1,1,2
1,1,0.7927306,0.6986462,1,1,1,1,1,2
1,1,0.7765408,0.6862999,1,1,1,1,1,2
1,1,0.7604038,0.6739863,1,1,1,1,1,2
1,1,0.7443499,0.6617218,1,1,1,1,1,2
1,1,0.7283998,0.6495148,1,1,1,1,1,2
1,1,0.7125788,0.6373792,1,1,1,1,1,2
1,1,0.6969063,0.6253237,1,1,1,1,1,2
1,1,0.6813989,0.6133562,1,1,1,1,1,2
1,1,0.6660737,0.6014858,1,1,1,1,1,2
1,1,0.6509425,0.6208282,1,1,1,1,1,2
1,1,0.6361109,0.6482307,1,1,1,1,1,2
1,1,0.6215869,0.6780891,1,1,1,1,1,2
1,1,0.6073533,0.7106315,1,1,1,1,1,2
1,1,0.5933938,0.7460967,1,1,1,1,1,2
1,1,0.5796953,0.7847334,1,1,1,1,1,2
1,1,0.5662421,0.8268541,1,1,1,1,1,2
1,1,0.5530223,0.8727907,1,1,1,1,1,2
1,0.7491131,0.5400176,0.9229149,1,1,1,1,1,2
1,0.7208466,0.5254578,1,1,1,1,1,1,2
1,0.6935923,0.5111896,1,1,1,1,1,1,2
1,0.6670419,0.4971376,1,1,1,1,1,1,2
1,0.6412699,0.4833283,1,1,1,1,1,1,2
1,0.6163384,0.4697885,1,1,1,1,1,1,2
1,0.5922855,0.4727573,1,1,1,1,1,1,2
1,0.5692375,0.5065352,1,1,1,1,1,1,2
1,0.5473365,0.5447972,1,1,1,1,1,1,2
1,0.5265056,0.5881672,1,1,1,1,1,1,2
1,0.5066692,0.6373968,1,1,1,1,1,1,2
1,0.4877501,0.6933674,1,1,1,1,1,1,2
1,0.4696749,0.7571348,1,1,1,1,1,1,2
1,0.4523777,1,1,1,1,1,1,1,2
1,0.4362058,1,1,1,1,1,1,1,2
1,0.4204212,1,1,1,1,1,1,1,2
0.647858,0.40502,1,1,1,1,1,1,1,2
0.6087623,0.3882458,1,1,1,1,1,1,1,2
0.5725234,0.3721552,1,1,1,1,1,1,1,2
0.5388521,0.3567107,1,1,1,1,1,1,1,2
0.5074931,0.3717404,1,1,1,1,1,1,1,2
0.4782283,0.3947344,1,1,1,1,1,1,1,2
0.4508625,0.4202575,1,1,1,1,1,1,1,2
0.4252241,0.4486695,1,1,1,1,1,1,1,2
0.4011617,0.4803954,1,1,1,1,1,1,1,2
0.3785457,0.5159496,1,1,1,1,1,1,1,2
0.3572567,0.5559698,1,1,1,1,1,1,1,2
0.3371883,0.6012353,1,1,1,1,1,1,1,2
0.3182454,0.6527204,1,1,1,1,1,1,1,2
0.3228354,1,1,1,1,1,1,1,1,2
0.3379001,1,1,1,1,1,1,1,0.9393383,2
0.3526414,1,1,1,1,1,1,1,0.9207234,2
0.3675831,1,1,1,1,1,1,1,0.9074178,2
0.38274,1,1,1,1,1,1,1,0.89801,2
0.3981211,1,1,1,1,1,1,1,0.8915479,2
0.4137284,1,1,1,1,1,1,1,0.8873784,2
0.4295645,1,1,1,1,1,1,1,0.8850219,2
0.4456278,1,1,1,1,1,1,1,0.8841389,2
0.4619142,1,1,1,1,1,1,1,0.8844665,2
0.4784225,1,1,1,1,1,1,1,0.8857974,2
0.4951448,1,1,1,1,1,1,1,0.8879812,2
0.512077,1,1,1,1,1,1,1,0.8908881,2
0.5292138,1,1,1,1,1,1,1,0.8944184,2
0.546549,1,1,1,1,1,1,1,0.8984916,2
0.5640762,1,1,1,1,1,1,1,0.9030362,2
0.5817876,1,1,1,1,1,1,1,1,2
0.6029329,1,1,1,1,1,1,1,1,2
1,1,0.9992396,1,1,1,1,1,1,1
1,1,0.9915332,1,1,1,1,1,1,1
1,1,0.9837955,1,1,1,1,1,1,1
1,1,0.9760242,1,1,1,1,1,1,1
1,1,0.9682196,1,1,1,1,1,1,1
1,1,0.9603862,1,1,1,1,1,1,1
1,1,0.9525182,1,1,1,1,1,1,1
1,1,0.9446195,1,1,1,1,1,1,1
1,1,0.9366884,1,1,1,1,1,1,1
1,1,0.9287288,1,1,1,1,1,1,1
1,1,0.9207385,1,1,1,1,1,1,1
1,1,0.9127157,1,1,1,1,1,1,1
1,1,0.9046645,1,1,1,1,1,1,1
1,1,0.8965832,1,1,1,1,1,1,1
1,1,0.8884761,1,1,1,1,1,1,1
1,1,0.8803381,1,1,1,1,1,1,1
1,1,0.8721737,1,1,1,1,1,1,1
1,1,0.8639843,1,1,1,1,1,1,1
1,1,0.8557681,1,1,1,1,1,1,1
1,1,0.8475264,1,1,1,1,1,1,1
1,1,0.8392608,1,1,1,1,1,1,1
1,1,0.8309725,1,1,1,1,1,1,1
1,1,0.822663,1,1,1,1,1,1,1
1,1,0.8143306,1,1,1,1,1,1,1
1,1,0.8059765,1,1,1,1,1,1,1
1,1,0.7976023,1,1,1,1,1,1,1
1,1,0.7892093,1,1,1,1,1,1,1
1,1,0.780799,1,1,1,1,1,1,1
1,1,0.7723726,1,1,1,1,1,1,1
1,1,0.7639283,1,1,1,1,1,1,1
1,1,0.7554674,1,1,1,1,1,1,1
1,1,0.7469944,1,1,1,1,1,1,1
1,1,0.7385072,1,1,1,1,1,1,1
1,1,0.7300071,1,1,1,1,1,1,1
1,1,0.7214953,1,1,1,1,1,1,1
1,1,0.7129696,1,1,1,1,1,1,1
1,1,0.7044343,1,1,1,1,1,1,1
1,1,0.6958903,1,1,1,1,1,1,1
1,1,0.6873356,1,1,1,1,1,1,1
1,1,0.6787739,1,1,1,1,1,1,1
1,1,0.6702033,1,1,1,1,1,1,1
1,1,0.6616243,1,1,1,1,1,1,1
1,1,0.6530409,1,1,1,1,1,1,1
1,1,0.6444507,1,1,1,1,1,1,1
1,1,0.6358541,1,1,1,1,1,1,1
1,1,0.6272518,1,1,1,1,1,1,1
1,1,0.6186443,1,1,1,1,1,1,1
1,1,0.610032,1,1,1,1,1,1,1
1,1,0.6014153,1,1,1,1,1,1,1
1,1,0.5927944,1,1,1,1,1,1,1
1,1,0.5841699,1,1,1,1,1,1,1
1,1,0.5755416,1,1,1,1,1,1,1
1,1,0.5669132,1,1,1,1,1,1,1
1,1,0.5582815,1,1,1,1,1,1,1
1,0.5563554,0.5496465,1,1,1,1,1,1,1
1,0.5478863,0.5415052,1,1,1,1,1,1,1
1,0.5394267,0.5333632,1,1,1,1,1,1,1
1,0.5309796,0.5252234,1,1,1,1,1,1,1
1,0.522545,0.5170858,1,1,1,1,1,1,1
1,0.5141228,0.5089504,1,1,1,1,1,1,1
1,0.5057098,0.500814,1,1,1,1,1,1,1
1,0.4973092,0.4926797,1,1,1,1,1,1,1
1,0.4889176,0.4845444,1,1,1,1,1,1,1
1,0.4805382,0.4764113,1,1,1,1,1,1,1
1,0.4721707,0.4682802,1,1,1,1,1,1,1
1,0.463812,0.4601481,1,1,1,1,1,1,1
1,0.4554651,0.4520182,1,1,1,1,1,1,1
1,0.4471267,1,1,1,1,1,1,1,2
1,0.4383454,1,1,1,1,1,0.9954435,1,2
1,0.4296524,1,1,1,1,1,0.9891263,1,2
1,0.4210477,1,1,1,1,1,0.9828151,1,2
1,0.4125263,1,1,1,1,1,0.9765047,1,2
1,0.4040841,1,1,1,1,1,0.9701936,1,1
1,0.3957137,1,1,1,1,1,0.9638804,1,1
1,0.3874082,1,1,1,1,1,0.9575612,1,1
1,0.3791642,1,1,1,1,1,0.9512385,1,1
0.4511482,0.3709783,1,1,1,1,1,0.9449092,1,2
0.4364146,0.3620014,1,1,1,1,1,0.9383126,1,2
0.4224268,0.3533115,1,1,1,1,1,0.9318422,1,2
0.4091285,0.3448884,1,1,1,1,1,0.9254759,1,2
0.3964632,0.33671,1,1,1,1,1,0.9191862,1,2
0.3843788,0.3287559,1,1,1,1,1,0.9129502,1,2
0.3728272,0.3210067,1,1,1,1,1,0.9067492,1,2
0.3617641,0.3134444,1,1,1,1,1,0.9005605,1,2
0.3511486,0.3060525,1,1,1,1,1,0.8943658,1,2
0.3409432,0.4555234,1,1,1,1,1,0.8881491,1,2
0.3311895,1,1,1,1,1,1,0.8818491,1,2
0.3219799,1,1,1,1,1,1,0.8753613,1,2
0.312988,1,1,1,1,1,1,0.8688332,1,2
0.3042037,1,1,1,1,1,1,0.8622608,1,2
0.2956175,1,1,1,1,1,1,0.8556367,1,2
0.2872132,0.9939029,1,1,1,1,1,0.8489604,1,2
0.2789852,0.9872473,1,1,1,1,1,0.8422263,1,2
0.2709189,1,1,1,1,1,1,0.8354312,1,2
0.2630081,1,1,1,1,1,1,0.8285683,1,2
0.2558898,1,1,1,1,1,1,0.8216398,1,2
0.2778007,1,1,1,1,1,1,0.8146396,1,2
0.2998009,1,1,1,1,1,1,0.807492,1,1
0.3217787,1,1,1,1,1,1,0.8001963,1,1
0.3436065,1,1,1,1,1,1,0.7927607,1,1
0.3651816,1,1,1,1,1,1,0.785185,1,1
0.3863818,1,1,1,1,1,1,0.7774807,0.9925647,1
0.4068707,0.972033,1,1,1,1,1,0.7696149,0.9848911,1
0.4264793,0.9658138,1,1,1,1,1,0.7615947,0.9954826,1
0.4457561,0.9595835,1,1,1,1,1,0.753531,1,1
0.4644465,0.9533347,1,1,1,1,1,0.7453994,1,1
0.4823333,0.9470598,1,1,1,1,1,0.7371864,1,1
1,0.940756,1,1,1,1,1,0.7289067,1,0
1,0.9342367,1,1,1,1,1,0.7194564,1,0
1,0.9277475,1,1,1,1,1,0.7101614,1,0
1,0.9212953,1,1,1,1,1,0.7010335,1,0
1,0.9148863,1,1,1,1,1,0.6920866,1,0
1,0.9085293,1,1,1,1,1,0.683328,1,0
1,0.9022323,1,1,1,1,1,0.6747708,0.7906899,0
1,0.8963941,1,1,1,1,1,0.6659421,0.7723087,0
1,1,0.9424835,1,1,1,1,0.6575729,0.7547866,0
1,1,0.928009,1,1,1,1,0.6496707,0.7381767,0
1,1,0.9139907,1,1,1,1,1,0.7224364,0
1,1,0.9030097,1,1,1,1,1,0.7108012,0
1,1,0.8919871,1,1,1,1,1,0.6992915,0
1,1,0.8809431,1,1,1,1,1,0.6879321,0
1,1,0.8699005,1,1,1,1,1,0.6767507,0
1,1,0.8588784,1,1,1,1,1,0.6657737,0
1,1,0.8478953,1,1,1,1,1,0.6550232,0
1,1,0.8369684,1,1,1,1,1,0.6445267,0
1,1,0.8261173,1,1,1,1,1,0.6343035,0
1,0.9869636,0.8153596,1,1,1,1,1,0.6243746,0
1,0.9512698,0.8047301,1,1,1,1,1,0.6147867,0
1,0.919201,0.7942722,1,1,1,1,1,0.6056002,0
1,0.8902754,0.7839841,1,1,1,1,1,0.5968121,0
1,0.8641022,0.7738589,1,1,1,1,1,0.5884151,0
1,0.8403508,0.7638912,1,1,1,1,1,0.5804008,0
1,0.818732,0.7540743,1,1,1,1,1,0.6440625,0
1,0.8051302,0.7445678,1,1,1,1,1,0.7122112,0
1,0.7985929,0.7352887,1,1,1,1,1,0.7777483,0
1,0.7979974,0.7261716,1,1,1,1,1,0.8384225,1
1,0.8024355,0.7171682,1,1,1,1,1,0.8926668,1
1,0.8111044,0.7082474,1,1,1,1,1,0.9397898,1
1,0.8233272,0.6993926,1,1,1,1,1,1,1
1,0.840237,0.6906258,1,1,1,1,1,1,1
1,0.8566771,0.6818576,1,1,1,1,1,1,1
1,0.872632,0.6730843,1,1,1,1,1,1,1
1,0.888073,0.664306,1,1,1,1,1,1,1
1,0.9029918,0.6555229,1,1,1,1,1,1,1
1,1,0.6467323,1,1,1,1,1,1,1
1,1,0.6378784,1,1,1,1,1,1,1
1,1,0.6290224,1,1,1,1,1,1,1
1,0.6669885,0.6201645,1,1,1,1,1,1,2
0.8186221,0.6563904,0.6115076,1,1,1,1,1,1,2
0.7976488,0.6445099,0.6031301,1,1,1,1,1,1,2
0.7768953,0.6327288,0.5948696,1,1,1,1,1,1,2
0.7564363,0.6210753,0.5867342,1,1,1,1,1,1,2
0.7363294,0.6095689,0.5787247,1,1,1,1,1,1,2
0.7166274,0.5982293,0.5708436,1,1,1,1,1,1,2
0.6973742,0.5870734,0.5630921,1,1,1,1,1,1,2
0.678601,0.5761122,0.5554668,1,1,1,1,1,1,2
0.6603388,0.5653597,0.5479695,1,1,1,1,1,1,2
0.6425986,0.5548183,0.5405914,1,1,1,1,1,1,2
0.6361987,0.5444939,0.5333294,1,1,1,1,1,1,2
0.654141,0.5344275,1,1,1,1,1,1,1,2
0.6750575,0.5242393,1,1,1,1,1,1,1,2
0.6962494,0.5144094,1,1,1,1,1,1,1,2
0.7176586,0.504897,1,1,1,1,1,1,1,2
0.7392105,0.4956715,1,1,1,1,1,1,1,2
0.7608458,0.4866996,1,1,1,1,1,1,1,2
0.5766732,0.4779512,1,1,1,1,1,1,1,2
0.5617176,0.469035,1,1,1,1,1,1,1,2
0.5473133,0.4603584,1,1,1,1,1,1,1,2
0.5334419,0.451912,1,1,1,1,1,1,1,2
0.5200903,0.4436916,1,1,1,1,1,1,1,2
0.5072368,0.4356863,1,1,1,1,1,1,1,2
0.4948657,0.4278907,1,1,1,1,1,1,1,2
0.4829535,0.4202933,1,1,1,1,1,1,1,2
0.4714801,0.4128853,1,1,1,1,1,1,1,2
0.4604253,0.4056582,1,1,1,1,1,1,1,2
0.4497658,0.3986002,1,1,1,1,1,1,1,2
0.4394821,0.6118025,1,1,1,1,1,1,1,2
0.4296184,1,1,1,1,1,1,1,1,2
0.4201374,1,1,1,1,1,1,1,1,2
0.4108987,1,1,1,1,1,1,1,1,2
0.4018966,1,1,1,1,1,1,1,1,2
0.3931284,1,1,1,1,1,1,1,1,2
0.3845848,1,1,1,1,1,1,1,1,2
0.376263,1,1,1,1,1,1,1,1,2
0.3681536,1,1,1,1,1,1,1,1,2
0.3602505,1,1,1,1,1,1,1,1,2
0.3525478,1,1,1,1,1,1,1,1,2
0.3450394,1,1,1,1,1,1,1,1,2
0.3398351,1,1,1,1,1,1,1,1,2
0.3737165,1,1,1,1,1,1,1,1,2
0.4087895,1,1,1,1,1,1,1,1,2
0.444936,1,1,1,1,1,1,1,1,2
0.4820414,1,1,1,1,1,1,1,1,2
0.519957,1,1,1,1,1,1,1,1,2
0.55852,1,1,1,1,1,1,1,1,2
0.5975779,1,1,1,1,1,1,1,1,2
0.6369483,1,1,1,1,1,1,1,1,2
0.6764639,1,1,1,1,1,1,1,1,1
0.7274256,1,1,1,1,1,1,1,1,1
0.766454,1,1,1,1,1,1,1,1,1
0.8050426,1,1,1,1,1,1,1,1,1
0.8430107,1,1,1,1,1,1,1,1,1
1,1,1,1,1,1,1,1,1,1
1,1,1,1,1,1,1,1,1,1
1,1,1,1,1,1,1,1,1,1
1,1,1,1,1,1,1,1,1,1
1,1,1,1,1,1,1,1,1,1
1,1,1,1,1,1,1,1,1,1
1,1,1,1,1,1,1,1,1,1
1,1,1,1,1,1,1,1,1,1
1,1,1,1,1,1,1,1,1,1
1,1,1,1,1,1,1,1,1,1
1,1,1,1,1,1,1,1,1,1
1,1,1,1,1,1,1,1,1,1
1,1,1,1,1,1,1,1,1,1
1,1,1,1,1,1,1,1,1,1
1,1,1,1,1,1,1,1,1,1
1,1,1,1,1,1,1,1,1,1
1,1,1,1,1,1,1,1,1,1
1,1,1,1,1,1,1,1,1,1
1,1,1,1,1,1,1,1,1,1
1,1,1,1,1,1,1,1,1,1
1,1,1,1,1,1,1,1,1,1
1,1,1,1,1,1,1,1,1,1
1,1,1,1,1,1,1,1,1,1
1,1,1,1,1,1,1,1,1,1
1,1,1,1,1,1,1,1,1,1
1,1,1,1,1,1,1,1,1,1
1,1,1,1,1,1,1,1,1,1
1,1,1,1,1,1,1,0.9909968,1,1
1,1,1,1,1,1,1,0.981761,1,1
1,1,1,1,1,1,1,0.97241,1,1
1,1,1,1,1,1,1,0.9629434,1,1
1,1,1,1,1,1,1,0.9533706,1,1
1,1,1,1,1,1,1,0.9713378,1,1
1,1,1,1,1,1,1,0.9904348,1,1
1,1,1,1,1,1,1,1,1,1
1,1,1,1,1,1,1,1,1,1
1,1,1,1,1,1,1,1,1,1
1,1,1,1,1,1,1,1,1,1
1,1,1,1,1,1,1,1,1,1
1,1,1,1,1,1,1,1,1,1
1,1,1,1,1,1,1,1,1,1
1,1,1,1,1,1,1,1,1,1
1,1,1,1,1,1,1,1,1,1
1,1,1,1,1,1,1,1,1,1
1,1,1,1,1,1,1,1,1,1
1,1,1,1,1,1,1,1,1,1
1,1,1,1,1,1,1,1,1,1
1,1,1,1,1,1,1,1,1,1
1,1,1,1,1,1,1,1,1,1
1,1,1,1,1,1,1,1,1,1
1,1,1,1,1,1,1,1,1,1
1,1,1,1,1,1,1,1,1,1
1,1,1,1,1,1,1,1,1,1
1,1,1,1,1,1,1,1,0.9889888,1
1,1,1,1,1,1,1,1,0.9767873,1
1,1,1,1,1,1,1,1,0.9642563,1
1,1,1,1,1,1,1,1,0.9514052,1
1,1,1,1,1,1,1,1,0.9382448,1
1,1,1,1,1,1,1,1,0.9247828,1
1,1,1,1,1,1,1,1,0.9110332,1
1,1,1,1,1,1,1,1,0.8970063,1
1,1,1,1,1,1,1,1,0.8827227,1
1,1,1,1,1,1,1,1,0.8681963,1
1,1,1,1,1,1,1,1,0.853446,0
1,1,1,1,1,1,1,1,0.8384923,0
1,1,1,1,1,1,1,1,0.8233567,0
1,1,1,1,1,1,1,1,0.8080621,0
1,1,1,1,1,1,1,1,0.7926276,0
1,1,1,1,1,1,1,1,0.7770823,0
1,1,1,0.9965571,1,1,1,1,0.7817191,0
1,1,1,0.9813527,1,1,1,1,0.7969649,0
1,1,1,0.9663226,1,1,1,1,0.8126022,0
1,1,1,0.9514898,1,1,1,1,0.8286135,0
1,1,1,0.9368789,1,1,1,1,0.844972,0
1,1,1,0.922503,1,1,1,1,0.8616568,0
1,1,1,0.9083847,1,1,1,1,0.8786284,0
1,1,1,0.8945311,1,1,1,1,0.8958584,0
1,1,1,0.8809544,1,1,1,1,0.9133045,0
1,1,1,0.8676642,1,1,1,1,0.9309222,0
1,1,1,0.8546668,1,1,1,1,0.9486635,0
1,1,1,0.841962,1,1,1,1,0.9664849,0
1,1,1,0.8295509,1,1,1,1,0.9843341,0
1,1,1,0.8174285,1,1,1,1,1,0
1,1,1,0.8055453,0.9639362,1,1,1,1,0
1,1,1,0.7927305,0.9464015,1,1,1,1,0
1,1,1,0.7794529,0.9281379,1,1,1,1,0
1,1,1,0.7661402,0.9092039,1,1,1,1,0
1,1,1,0.7627602,0.8896891,1,1,1,1,0
1,1,1,0.7600588,0.8699406,1,1,1,1,0
1,1,1,0.7580431,0.8500408,1,1,1,1,0
1,1,1,0.7567299,0.8300682,1,1,1,1,0
1,1,1,0.7561215,0.810092,1,1,1,1,0
1,1,1,0.7562307,0.7901838,1,1,1,1,0
1,1,1,0.7570652,0.7704083,1,1,1,1,0
1,1,1,0.7586388,0.7508188,1,1,1,1,0
1,1,1,0.7609546,0.7314605,1,1,1,1,0
1,1,1,0.7640276,0.7123755,1,1,1,1,0
1,1,1,0.767868,0.6935978,1,1,1,1,0
1,1,1,0.7724808,0.6751546,0.8110987,1,1,1,0
1,1,1,0.7862365,0.6535832,0.7794979,1,1,1,0
1,1,1,0.8028553,0.6323937,0.7487701,1,1,1,0
1,1,1,1,0.6246172,0.7196002,1,1,1,0
1,1,1,1,0.6298712,0.6938222,1,1,1,0
1,1,1,1,0.6361107,0.6689066,1,1,1,0
1,1,1,1,0.6433606,0.6448728,1,1,1,0
1,1,1,1,0.6516526,0.6217195,1,1,1,0
1,1,1,1,0.6610101,0.5994371,1,1,1,0
1,1,1,1,0.6714641,0.5780097,1,1,1,0
1,1,1,1,0.6830419,0.5574045,1,1,1,0
1,1,1,1,0.6957737,0.5375907,1,1,1,0
1,1,1,1,0.7096923,0.5416223,0.6794692,1,1,0
1,1,1,1,0.9862546,0.5490912,0.6467359,1,1,0
1,1,1,1,1,0.557556,0.6158369,1,1,0
1,1,1,1,1,0.567116,0.586606,1,1,0
1,1,1,1,1,0.5778843,0.5588964,1,1,0
1,1,1,1,1,0.5899867,0.5325819,1,1,0
1,1,1,1,1,0.6035741,0.5075413,1,1,0
1,1,1,1,1,0.6188232,0.483679,0.9744625,1,0
1,1,1,1,1,0.6359273,0.4608962,0.9788877,1,0
1,1,1,1,1,0.9090365,0.4463294,0.9840382,1,0
1,1,1,1,1,0.9356773,0.451156,0.9886004,1,0
1,1,1,1,1,0.9626186,0.4559487,0.9931957,1,0
1,1,1,1,1,0.9897383,0.4606756,0.9977757,1,0
1,1,1,1,1,1,0.4653037,1,1,0
1,1,1,1,1,1,0.4700419,1,1,0
1,1,1,1,1,1,0.4750338,0.567625,1,0
1,1,1,1,1,1,0.4855358,0.526131,1,0
1,1,1,1,1,1,0.4972518,0.4877826,1,0
1,1,1,1,1,1,0.5103045,0.452218,1,0
1,1,1,1,1,1,0.5248355,0.4191347,1,0
1,1,1,1,1,1,0.7671128,0.3882667,1,0
1,1,1,1,1,1,0.7933463,0.3593901,1,0
1,1,1,1,1,1,0.8223751,0.3442358,0.939707,0
1,1,1,1,1,1,0.8545526,0.349193,0.9058813,0
1,1,1,1,1,1,0.8903114,0.3547389,0.9101404,0
1,1,1,1,1,1,1,0.3609043,0.91506,0
1,1,1,1,1,1,1,1,1,1
1,1,1,1,1,0.992238,1,1,1,1
1,1,1,1,1,0.9820733,1,1,1,1
1,1,1,1,1,0.9718963,1,1,1,1
1,1,1,1,1,0.9617071,1,1,1,1
1,1,1,1,1,0.9515065,1,1,1,1
1,1,1,1,1,0.9412948,1,1,1,1
1,1,1,1,1,0.9310725,1,1,1,1
1,1,1,1,1,0.9208403,1,1,1,1
1,1,1,1,1,0.9105986,0.9887503,1,1,1
1,1,1,1,1,0.9003172,0.9773492,1,1,1
1,1,1,1,1,0.8920286,0.9658373,1,1,1
1,1,1,1,1,0.899519,0.9542264,1,1,1
1,1,1,1,1,0.9079891,0.9425704,1,1,1
1,1,1,1,1,0.9174482,0.9308754,1,1,1
1,1,1,1,1,0.9279273,0.9191469,1,1,1
1,1,1,1,1,0.9394425,0.9073909,1,0.99397,1
1,1,1,1,1,0.9534896,0.8955183,1,0.9807712,1
1,1,1,1,1,0.9719602,0.8834271,1,0.9817608,1
1,1,1,1,1,0.9914989,0.8713635,1,0.9827998,1
1,1,1,1,1,1,0.8593305,1,0.9838831,1
1,1,1,1,1,1,0.8473029,1,0.9850346,1
1,1,1,1,1,1,0.8352682,1,0.9862696,1
1,1,1,1,1,1,0.8232284,1,0.9875911,1
1,1,1,1,1,1,0.8111887,1,0.9889983,1
1,1,1,1,1,1,0.7991574,1,0.9904944,1
1,1,1,1,1,1,0.7871359,1,0.9920784,1
1,1,1,1,1,1,0.7751322,1,0.9937494,1
1,1,1,1,1,1,0.7631471,1,0.9955068,1
1,1,1,1,1,1,0.7511878,1,0.9973525,1
1,1,1,1,1,1,0.7392583,1,0.9992855,1
1,1,1,1,1,1,0.7273617,1,1,1
1,1,1,1,1,1,0.7154871,1,1,0
1,1,1,1,1,1,0.70363,1,1,0
1,1,1,1,1,1,0.6917943,1,1,0
1,1,1,1,0.9979855,1,0.6799836,1,1,0
1,1,1,1,0.9883717,1,0.6682032,1,1,0
1,1,1,1,0.9787816,1,0.6564625,1,1,0
1,1,1,1,0.9692176,0.9679543,0.6447678,1,1,0
1,1,1,0.9919859,0.9596859,0.9576018,0.6330948,1,1,0
1,1,1,0.9830352,0.9501728,0.9472882,0.6214885,1,1,0
1,1,1,0.9740762,0.9406743,0.9370139,0.6099532,1,1,0
1,1,1,0.965103,0.9311875,0.9267784,0.5984899,1,1,0
1,1,1,0.956107,0.9217063,0.9165776,0.587096,1,1,0
1,1,1,0.9470855,0.9122306,0.9064134,0.575775,1,1,0
1,1,1,0.938033,0.9027572,0.8962844,0.5645266,1,1,0
1,1,1,0.9289445,0.8932829,0.8861889,0.5754189,1,1,1
1,1,1,0.9197332,0.8837708,0.8761342,0.5875329,0.6990049,1,0
1,1,1,0.9129531,0.8753041,0.8659054,0.6166924,0.6783029,1,0
1,1,1,0.906152,0.8669,0.8558316,0.6479906,0.6583732,1,0
1,1,1,0.8993025,0.8585383,0.8458971,0.6814386,0.639181,1,0
1,1,1,0.8923815,0.8502027,0.8360888,0.7170364,0.6206931,1,0
1,1,1,0.8853618,0.8418713,0.8263871,0.7547452,0.6028659,1,0
1,1,1,0.878221,0.8335264,0.8167762,1,0.5856593,1,0
1,1,1,0.8702325,0.8247966,0.8071785,1,0.5699121,1,0
1,1,1,0.8622419,0.8160901,0.7976323,1,0.5544133,1,0
1,1,1,0.8542371,0.8073999,0.7881342,1,0.5391651,1,0
1,1,1,0.84621,0.7987219,0.7786832,1,0.5241722,1,0
1,1,1,0.8381456,0.7900456,0.7692723,1,0.5094293,1,0
1,1,1,0.8300322,0.7813638,0.7598969,1,0.4949336,1,0
1,1,1,0.8218592,0.7726694,0.7505525,1,0.480681,1,0
1,1,1,0.8136199,0.7639585,0.7412373,1,0.4666696,1,0
1,1,1,0.8053008,0.7552214,0.7319436,1,0.4528893,1,0
1,1,1,1,0.7464519,0.7226669,0.7293956,0.4393325,1,0
1,1,1,1,0.7388295,0.7138308,0.718347,0.4244207,1,0
1,1,1,1,0.7312173,0.7050696,0.707489,0.4099016,1,0
1,1,1,1,0.7236032,0.6963743,0.6968144,0.4012562,1,0
1,1,1,1,0.7159409,0.6877183,0.6863199,0.4135271,0.5953592,0
1,1,1,1,0.7109872,0.6803156,0.6751971,0.4343275,0.5600088,0
1,1,1,1,0.7063532,0.6732367,0.6644911,0.4572316,0.5271415,0
1,1,1,1,0.7020377,0.6664748,0.654186,0.4825034,0.4965081,0
1,1,1,1,0.6979954,0.6600035,0.6442775,0.5102731,0.4680064,0
1,1,1,1,0.6939054,0.6536445,0.6347538,0.5397085,0.4419613,0
1,1,1,1,0.6896992,0.6473407,0.625558,0.5706888,0.4180548,0
1,1,1,1,0.6853139,0.6410383,0.616634,0.603065,0.3960027,0
1,1,1,1,1,0.6346909,0.6079308,1,0.3755568,0
1,1,1,1,1,0.6282654,0.5994037,1,0.3564898,0
1,1,1,1,1,0.6219398,0.5910521,1,0.3585422,0
1,1,1,1,1,0.6155598,0.5828338,1,0.3700209,0
1,1,1,1,1,0.6090444,0.5747094,1,0.3815888,0
1,1,1,1,1,0.6023775,0.5666526,1,0.3931986,0
1,1,1,1,1,0.5955437,0.5586383,0.586893,0.4048125,0
1,1,1,1,1,0.5898848,0.5510455,0.5750953,0.4189459,0
1,1,1,1,1,0.5840248,0.5435156,0.5638547,0.4331296,0
1,1,1,1,1,0.5779405,0.5360144,0.5530915,0.4472977,0
1,1,1,1,1,0.5716217,0.5285195,0.5427429,0.4613915,0
1,1,1,1,1,0.5650572,0.5210075,0.5327485,0.4753518,0
1,1,1,1,1,1,0.5134658,0.5230616,0.489128,0
1,1,1,1,1,1,0.5066844,0.5126638,0.5076272,0
1,1,1,1,1,1,0.4999336,0.502704,0.5262768,0
1,1,1,1,1,1,0.4931843,0.4931197,0.8421674,1
1,1,1,1,1,1,0.485521,0.4845946,0.856716,1
1,1,1,1,1,1,0.4778128,0.4761701,0.8708417,1
1,1,1,1,1,1,0.4700603,0.4678333,0.8845385,1
1,1,1,1,1,1,0.4622639,0.4595726,0.8977979,1
1,1,1,1,1,1,0.4544249,0.4513778,0.9106207,1
1,1,1,1,1,1,0.4465445,0.443239,0.9230103,1
1,1,1,1,1,1,0.4386271,0.4351506,0.9349731,1
1,1,1,1,1,1,0.4306709,0.4271013,1,1
1,1,1,1,1,1,0.4225385,0.4191932,0.5108794,0
1,1,1,1,1,1,0.4157289,0.4103641,0.4970974,0
1,1,1,1,1,1,0.4089645,0.4017254,0.4838217,0
1,1,1,1,1,1,0.402235,0.3932636,0.4710198,0
1,1,1,1,1,1,0.3955344,0.3849691,0.458664,0
1,1,1,1,1,1,0.388854,0.3768291,0.4467236,0
1,1,1,1,1,1,0.382186,0.3688315,0.4351696,0
1,1,1,1,1,1,0.3755266,0.3609679,0.4239776,0
1,1,1,1,1,1,1,0.3532273,0.4131209,0
1,1,1,1,1,1,1,0.3453458,0.4006414,0
1,1,1,1,1,1,1,0.3377098,0.3887457,0
1,1,1,1,1,1,1,0.3302984,0.3773881,0
1,1,1,1,1,1,1,0.3230973,0.3665324,0
1,1,1,1,1,1,1,0.3160905,0.3561412,0
1,1,1,1,1,1,1,0.3092655,0.346183,0
1,1,1,1,1,1,1,0.302605,0.3366218,0
1,1,1,1,1,1,1,0.2960988,0.3274307,0
1,1,1,1,1,1,1,0.2897314,0.3185782,0
1,1,1,1,1,1,1,0.2834945,0.3100417,0
1,1,1,1,1,1,1,0.2773776,0.3017972,0
1,1,1,1,1,1,1,0.2713678,0.2938192,0
1,1,1,1,1,1,1,1,0.2860872,0
1,1,1,1,1,1,1,1,0.278427,0
1,1,1,1,1,1,1,1,0.2709838,0
1,1,1,1,1,1,1,1,0.2637494,0
1,1,1,1,1,1,1,1,0.256716,0
1,1,1,1,1,1,1,1,0.249873,0
1,1,1,1,1,1,1,1,0.2432132,0
1,1,1,1,1,1,1,1,0.2367268,0
1,1,1,1,1,1,1,1,0.2304073,0
1,1,1,1,1,1,1,1,0.2254908,0
1,1,1,1,1,1,1,1,0.2634574,0
1,1,1,1,1,1,1,1,0.3033349,0
1,1,1,1,1,1,1,1,0.345008,0
1,1,1,1,1,1,1,1,0.3883322,0
1,1,1,1,1,1,1,1,0.4331344,0
1,1,1,1,1,1,1,1,0.4792023,0
1,1,1,1,1,1,1,1,0.5263238,0
1,1,1,1,1,1,1,1,0.5742418,1
1,1,1,1,1,1,1,0.9764916,0.6227065,1
1,1,1,1,1,1,0.9831872,0.9723802,1,1
1,1,1,1,1,1,0.9693562,0.9674267,1,1
1,1,1,1,1,1,0.9560086,0.9623871,1,1
1,1,1,1,1,1,0.9431089,0.9572636,1,1
1,1,1,1,1,1,0.9306307,0.9520584,1,1
1,1,1,1,1,1,0.9185438,0.9467741,1,1
1,1,1,1,1,1,0.9073092,0.9414131,1,1
1,1,1,1,1,1,0.8994874,0.9359808,1,1
1,1,1,1,1,1,0.8915262,0.9304932,1,1
1,1,1,1,1,1,0.8834324,0.9249533,1,1
1,1,1,1,1,1,0.8752087,0.9193605,1,1
1,1,1,1,1,1,0.8668594,0.9137146,1,1
1,1,1,1,1,1,0.8583921,0.9080189,1,1
1,1,1,1,1,1,0.8498151,0.9022768,1,2
1,1,1,1,1,1,0.8411293,0.8964851,1,2
1,1,1,1,1,1,0.8323474,0.8906506,1,2
1,1,1,1,1,1,0.8234708,0.8847705,1,2
1,1,1,1,1,1,0.8145084,0.8788483,1,2
1,1,1,1,1,1,0.8054697,0.8728876,1,2
1,1,1,1,1,1,0.79636,0.866889,1,2
1,1,1,1,1,1,0.7871884,0.8608559,1,2
1,1,1,1,1,1,0.7779603,0.8547884,1,2
1,1,1,1,1,1,0.7686845,0.8486902,1,2
1,1,1,1,1,1,0.7593699,0.8425643,1,2
1,1,1,1,1,1,0.7500211,0.8364107,1,2
1,1,1,1,1,1,0.7406462,0.8302321,1,2
1,1,1,1,1,0.9018134,0.7312495,0.8240284,1,2
1,1,1,1,1,0.8849992,0.7205563,0.8175462,1,2
1,1,1,1,1,0.8679818,0.7097217,0.8110279,1,2
1,1,1,1,1,0.8508235,0.7011162,0.8044852,1,2
1,1,1,1,1,0.8336239,0.698496,0.7979315,1,2
1,1,1,1,1,0.816527,0.6963979,0.7913805,1,2
1,1,1,1,1,0.7995778,0.6948069,0.7848395,1,2
1,1,1,1,1,0.7828105,0.6937075,0.7783111,1,2
1,1,1,1,1,0.7662574,0.6930839,0.7717997,1,2
1,1,1,1,1,0.7499486,0.6929122,0.7653103,1,2
1,1,1,1,1,0.7339002,0.6931754,0.7588407,1,2
1,1,1,1,1,0.7181274,0.6938564,0.7523902,1,2
1,1,1,1,1,0.7026438,0.6949212,0.7459594,1,2
1,1,1,1,1,0.6874546,0.6963597,0.7395447,1,2
1,1,1,1,1,0.6725655,0.6981367,0.7331446,1,2
1,0.998192,1,1,1,0.6579744,0.7002326,0.7267532,1,2
1,0.9898683,1,1,1,0.6436419,0.7027622,0.7203684,1,2
1,0.9817791,1,1,0.7274882,0.6294533,0.7062473,0.7140061,1,2
1,0.9735047,1,1,0.7032114,0.612096,0.7280111,0.708242,1,2
1,0.9658059,1,1,0.6798302,0.5952121,0.7540088,0.702629,1,2
1,0.9586902,1,1,0.6573876,0.578838,0.784811,0.6971547,1,2
1,0.9521503,1,1,0.6358978,0.5629918,1,0.6917991,1,2
1,0.9461182,1,1,0.6163102,0.5482633,1,0.6862857,1,2
1,0.9405645,1,1,0.597239,0.533814,1,0.68089,1,2
1,0.9354984,1,1,0.5787117,0.5196645,1,0.6755984,1,2
1,0.9309158,1,0.651241,0.56075,0.5058333,1,0.6703993,1,2
1,0.9270066,1,0.6262566,0.5426217,0.4918783,1,0.6656193,1,2
1,0.9236638,1,0.602383,0.5251002,0.4782723,1,0.6609551,1,2
1,1,1,0.5795341,0.5081446,0.4649934,1,0.656404,1,2
0.941577,1,1,0.5576363,0.491721,0.4649775,1,0.6519669,1,2
0.9311983,1,1,0.536615,0.4757909,0.4776546,1,0.6476383,1,2
0.9215258,1,1,0.5164099,0.4603256,0.4927347,1,0.6434193,1,2
0.9125379,1,1,0.4969624,0.4452949,0.5107113,1,0.6393079,1,2
0.9042215,1,1,0.4782226,0.4306743,0.5322509,1,1,1,2
0.8965589,1,1,0.4601375,0.4164342,0.5582141,1,1,1,2
0.8895372,1,0.5569779,0.4426657,0.4025533,0.589782,1,1,1,2
0.8831421,1,0.5305868,0.4257691,0.389012,0.6285841,1,1,1,2
0.8773638,1,0.5054795,0.4094054,0.3757854,1,1,1,1,2
0.8721914,1,0.4815547,0.3935427,0.3725526,1,1,1,1,2
0.8676183,1,0.4587218,0.3781513,0.3855546,1,1,1,1,2
0.8636361,1,0.4368905,0.3631969,0.4011153,1,1,1,1,2
0.8602411,1,0.415992,0.3486578,0.4198011,1,1,1,1,2
1,1,0.3959514,0.3345038,0.4423477,1,1,1,1,2
1,1,0.3767092,0.3207131,0.4697463,1,1,1,1,2
1,1,0.3582069,0.3072624,0.5033782,1,1,1,1,2
1,1,0.3403953,0.2962922,0.5451878,1,1,1,1,2
1,1,0.3232253,0.3078707,1,1,1,1,1,2
1,1,0.3066524,0.3216191,1,1,0.5930124,1,1,2
1,1,0.2906502,0.3379036,1,1,0.5573324,1,1,2
1,0.4274256,0.2754594,0.35525,1,1,0.5285177,1,1,2
1,0.3966613,0.2604302,0.3782273,1,1,0.4999317,1,1,2
1,0.3678596,0.2458604,0.4059643,1,1,0.4741614,1,1,2
1,0.3408257,0.2317195,0.43974,1,1,0.450748,1,1,2
1,0.3153941,0.2202591,0.4813772,1,1,0.4293123,1,1,2
1,0.2914196,0.2294449,1,1,1,0.4129385,1,1,2
1,0.2687649,0.2400749,1,1,1,0.4058852,1,1,2
1,0.2473224,0.2523661,1,1,1,0.3988768,1,1,2
1,0.2269825,0.266575,1,1,1,0.3919034,1,1,2
1,0.2076569,0.2830343,1,1,1,0.384962,1,1,2
0.3887171,0.1892664,0.3021401,1,1,1,0.3780494,1,1,2
0.3406688,0.1717357,0.324401,1,1,1,0.3711591,1,1,2
0.2976972,0.1553205,0.3504668,1,1,1,0.364284,1,1,2
0.2590397,0.1613312,0.3811808,1,1,1,0.3574209,1,1,2
0.2240726,0.1680322,1,1,1,1,0.3505624,1,1,2
0.1922934,0.1754835,1,1,1,0.4362527,0.3437048,1,1,2
0.1632811,0.183748,1,1,1,0.4083697,0.3368405,1,1,2
0.1366853,0.1929026,1,1,1,0.3828416,0.3299614,1,1,2
0.1348302,0.2030296,1,1,1,0.3593279,0.323063,1,1,2
0.1397176,0.2142291,1,1,1,0.3375436,0.3161363,1,1,2
0.1447609,0.2256475,1,1,1,0.3189436,0.308431,1,1,2
0.1498814,0.2370556,1,1,1,0.3029574,0.2998763,1,1,2
0.15504,0.2483435,1,1,1,0.2889805,0.2905163,1,1,2
0.1602001,0.259407,1,1,1,0.2765803,0.280412,1,1,2
0.1653312,0.2701569,1,1,1,0.2654346,0.2696293,1,1,2
0.1704048,0.280514,1,1,1,0.2553036,0.2582391,1,1,2
0.1753989,0.2904174,1,1,1,0.2460009,0.2463148,1,1,1
0.1802937,1,1,1,1,0.237384,0.2339339,1,1,0
0.1830317,1,1,1,1,0.2352209,0.2178951,1,1,0
0.1856446,1,1,1,1,0.2331403,0.202235,1,1,0
0.1881419,1,1,1,1,0.2311333,0.1869322,1,1,0
0.1905289,1,1,1,1,0.2291979,0.171966,1,1,0
0.1928099,1,1,1,1,0.2273333,0.1573121,1,1,0
0.1949959,1,1,1,1,0.2255261,0.1530849,1,1,0
0.1971277,1,1,1,1,0.2236423,0.1505125,0.2418831,1,0
0.1977249,1,1,1,1,0.227347,0.1501261,0.2077821,1,0
0.1981594,1,1,1,1,0.2320016,0.1501122,0.1766086,1,0
0.1984385,1,1,1,1,1,0.1504982,0.1479767,1,0
0.1985689,1,1,1,1,1,0.151316,0.1215655,1,0
0.1985563,1,1,1,1,1,0.1526018,0.1017615,1,0
0.1984025,1,1,1,1,1,0.1544031,0.1011353,1,0
0.1981156,1,1,1,1,1,0.1567633,0.1007791,1,0
0.1977517,1,1,1,1,1,0.1595757,0.1006586,0.128944,0
0.1972038,0.7755936,1,1,1,1,0.1632267,0.100874,0.08444048,0
0.1965302,0.7605623,1,1,1,1,0.6038307,0.1013954,0.08395211,0
0.1957336,0.746179,1,1,1,1,0.6259686,0.1022367,0.08370882,0
0.1948128,0.7323898,1,1,1,1,0.6506471,0.103417,0.08371633,0
0.1937699,0.7191497,1,1,0.9931417,1,0.678212,0.104954,0.08397792,0
0.7160872,0.7064217,1,0.999125,0.9830326,1,1,0.1068631,0.08449448,0
0.735572,0.6941642,1,0.9929611,0.9733557,1,1,0.1091702,0.08527388,0
0.7591792,0.6823472,1,0.9871914,0.9641047,1,1,1,0.08631849,0
0.7682065,0.6735198,1,0.9805833,0.9549473,1,1,1,0.08743111,0
0.7771837,0.6650804,1,0.9740696,0.9459875,1,1,0.6107887,0.08872896,0
0.8147838,0.6542292,1,0.9692494,0.9377531,0.9357777,1,0.5842606,0.0904715,0
0.8639824,0.643719,1,0.9648253,0.929921,0.9245658,1,0.5590804,0.09250549,0
1,0.6335261,1,1,0.9224861,0.913812,1,0.5351461,1,1
0.8459983,0.6320146,1,1,0.9124398,0.9039176,1,0.5220128,1,2
0.7251938,0.6330079,1,0.9378846,0.9016215,0.8942172,1,0.5116849,1,2
0.5925398,0.6363556,1,0.9240495,0.8902479,0.8847666,1,0.5037147,1,2
0.5393162,0.6421665,1,0.909117,0.878541,0.8756965,1,0.4979669,1,2
0.5400591,0.6491411,1,0.8942288,0.8669966,0.8669372,1,0.4928288,1,2
0.5410556,1,1,0.8799783,0.8558179,0.8583318,1,0.4871467,1,2
0.5408567,1,1,0.8687316,0.8455558,1,1,0.4749865,1,2
0.540744,1,1,0.8574688,0.8353,1,1,0.4628471,1,2
0.540645,1,1,0.846325,0.8250862,1,1,0.4504181,1,1
0.5405527,1,1,0.835291,0.8149066,1,1,0.4376981,1,1
0.5404606,1,1,0.8243607,0.8047565,1,1,0.4247523,1,1
0.5403629,1,1,0.8135306,0.7946348,1,1,0.4241311,1,1
0.5403005,1,1,0.8027228,0.7845214,1,1,0.4234803,1,1
0.5402727,1,1,0.7919415,0.7744192,1,1,0.4228032,1,1
0.5402814,1,1,0.7811841,0.764325,1,1,0.4220986,1,1
0.5403227,1,1,0.7704539,0.7542413,1,1,0.4213735,1,1
0.5403957,1,1,0.7597514,0.744168,1,1,0.4206302,1,1
0.5404994,1,1,0.7490734,0.7341013,1,1,0.4198708,1,1
0.5406297,1,1,0.7384229,0.7240439,1,1,0.4191013,1,1
0.5407892,1,1,0.7277997,0.7139952,1,1,0.4183193,1,1
0.5409736,1,1,0.7172033,0.7039545,1,1,0.4175301,1,1
0.5411824,0.9858418,1,0.7066332,0.6939213,1,1,0.416735,1,1
0.5414843,0.9662021,1,0.6960248,0.6838879,1,1,0.4157618,1,1
0.5419049,0.9461076,1,0.6853679,0.6738588,1,1,0.4145596,1,2
0.5424497,0.9256444,1,0.6746734,0.6638378,1,1,0.4131382,1,2
0.5431207,0.9048988,1,0.6639522,0.653829,1,1,0.4115124,1,2
0.5439228,0.883955,1,0.6532151,0.6438357,1,1,0.4096947,1,2
0.5448573,0.8628948,1,0.6424726,0.6338613,1,1,0.4077019,1,2
0.5459251,0.8417997,1,0.6317374,0.6239115,1,1,1,0.447314,1
1,0.8236729,0.6714117,0.6213163,0.6139454,1,1,1,0.4111583,0
1,0.818504,0.6636446,0.6122503,0.6038538,1,1,1,0.354301,0
1,0.8146237,1,0.6033683,0.593835,1,1,1,0.3260006,0
1,0.8170648,1,0.5952672,0.5839723,0.5907122,1,1,0.3279082,0
1,0.8217143,1,0.5875311,0.5743429,0.5789384,1,1,0.3303324,0
1,0.8255796,1,0.5797991,0.5648931,0.5675468,1,1,0.332978,0
1,0.8285184,1,0.5720304,0.5555783,0.5564818,1,1,0.3358113,0
1,0.8303902,1,0.5641891,0.5463588,0.5456938,1,1,0.3387986,0
1,0.8310523,1,0.5562404,0.5371971,0.5351362,1,1,0.341907,0
1,0.8303671,1,0.5481539,0.52806,0.5247682,1,1,0.3451032,0
1,0.8282052,1,0.5399038,0.518919,0.514554,1,1,0.3483548,0
1,0.8244485,1,0.5314679,0.5097495,0.5044626,1,1,1,2
1,0.7865706,1,0.5185091,0.4986873,0.4948061,1,1,1,2
1,0.7498742,1,0.5056731,0.4877232,0.4852424,1,1,1,2
1,0.7145482,1,0.4929987,0.4768788,0.4757784,1,1,1,2
1,0.6893473,1,0.4805094,0.4661633,0.4664098,1,1,1,2
1,0.6964927,0.5192218,0.468258,0.4555922,0.457117,1,1,1,2
1,0.7068546,0.5021157,0.4557051,0.4450417,0.4481722,1,1,1,2
1,0.7181367,0.4855895,0.4434598,0.434698,0.4393671,1,1,1,2
1,0.7302198,0.4696753,0.4315314,0.424554,0.4306763,1,1,1,2
1,0.7419572,0.4546905,0.4200167,0.4145815,0.421942,1,1,1,2
1,0.7532557,0.4404845,0.4088376,0.4047297,0.4131314,1,1,1,2
1,0.7640391,0.4269233,0.3979222,0.394951,0.4042147,1,1,1,2
1,0.77425,0.4139051,0.3872212,0.385218,0.395181,1,1,1,2
0.9297231,0.7838532,0.4013366,0.3766871,0.3755028,0.3860182,1,1,1,2
0.8663102,0.7950494,0.3887447,0.3661918,0.3658735,0.3770007,1,1,1,2
0.8056693,0.8075795,0.3762375,0.3557719,0.3563271,0.3680857,1,1,1,2
0.7484997,0.8213093,0.363873,0.3454463,0.3468606,0.3592469,1,1,1,2
0.6951706,0.836079,0.3516944,0.3352257,0.3374652,1,1,1,1,2
0.6364087,1,0.3390934,0.3250557,0.3284316,1,1,1,1,2
0.6276526,0.4146759,0.3270411,0.3150772,0.3193921,1,1,1,1,2
0.6358736,0.3947544,0.3150732,0.3052551,0.3105805,1,1,1,1,2
0.6447758,0.3757264,0.3034111,0.295602,0.3018766,1,1,1,1,2
0.6543865,0.357534,0.292042,0.2861115,0.2932759,1,1,1,1,2
0.6647353,0.3401208,0.2809505,0.2767744,0.284771,1,1,1,1,2
0.6758618,0.3234387,0.2701254,0.2675851,0.2763577,1,1,1,1,2
0.6878027,0.3074404,0.2595531,0.258535,0.268029,1,1,1,1,2
0.699799,0.2923937,0.249269,0.2495506,0.2596271,1,1,1,1,2
0.71134,0.2783026,0.2392453,0.2405699,1,1,1,1,1,2
0.7257258,0.2639953,0.229306,0.2318519,1,1,1,1,1,2
0.7411069,0.2502293,0.2195776,0.2232466,1,1,1,1,1,2
0.3467003,0.2370997,0.2100569,0.2146948,1,1,1,1,1,2
0.3227216,0.2243098,0.2007141,0.2062903,1,1,1,1,1,2
0.3002479,0.211977,0.1915555,0.1979806,1,1,1,1,1,2
0.2791464,0.2000757,0.1825717,0.1897587,1,1,1,1,1,2
0.2592997,0.1885824,0.1737542,1,1,1,1,1,1,2
0.2406078,0.1774784,0.1650977,1,1,1,1,1,1,2
0.2229775,0.1667433,0.1565941,1,1,1,1,1,1,2
0.2063299,0.1563614,0.1482389,1,1,1,1,1,1,2
0.1905857,0.1463117,0.1400218,1,1,1,1,1,1,2
0.1756819,0.1365809,0.1319389,1,1,1,1,1,1,2
0.1615579,0.1271537,0.1239836,1,1,1,1,1,1,2
0.1481588,0.1180157,1,1,1,1,1,1,1,2
0.135439,0.1091567,1,1,1,1,1,1,1,2
0.1233495,0.100561,1,1,1,1,1,1,1,2
0.1118533,0.09222022,1,1,1,1,1,1,1,2
0.100913,0.08412332,1,1,1,1,1,1,1,2
0.09049466,0.1142721,1,1,1,1,1,1,1,2
0.08056723,0.1856727,1,1,1,1,1,1,1,2
0.07110236,0.2862388,1,1,1,1,1,1,1,2
0.075666,1,1,1,1,1,1,1,1,2
0.09325199,0.9974374,1,1,1,1,1,1,1,2
0.112209,0.9895738,1,1,1,1,1,1,1,2
0.1325808,0.9822146,1,1,1,1,1,1,1,2
0.1543843,0.9752952,1,1,1,1,1,1,1,2
0.1776381,0.9687602,1,1,1,1,1,1,1,2
0.2023402,0.962553,1,1,1,1,1,1,1,2
0.2284814,0.9566288,1,1,1,1,1,1,1,2
0.2560369,0.9509438,1,1,1,1,1,1,1,2
0.2849651,0.9454592,1,1,1,1,1,1,1,2
0.3151986,0.9401397,1,1,1,1,1,1,1,2
0.3466689,0.9349568,1,1,1,1,1,1,1,2
1,0.9298797,1,1,1,1,1,1,1,1
1,0.9240752,1,1,1,1,1,1,1,1
1,0.9182698,1,1,1,1,1,1,1,1
1,0.91246,1,1,1,1,1,1,1,1
1,0.906646,1,1,1,1,1,1,1,1
1,0.9008279,1,1,1,1,1,1,1,1
1,0.8950058,1,1,1,1,1,1,1,1
1,0.8891797,1,1,1,1,1,1,1,1
0.9388906,0.8833496,1,1,1,1,1,1,1,1
0.932557,0.8775857,1,1,1,1,1,1,1,1
0.926209,0.8718325,1,1,1,1,1,1,1,1
0.9198473,0.8660902,1,1,1,1,1,1,1,1
0.913473,0.8603585,1,1,1,1,1,1,1,1
0.907087,0.8546375,1,1,1,1,1,1,1,1
0.9006902,1,1,1,1,1,1,1,1,1
0.8941138,1,1,1,1,1,1,1,1,1
0.8875306,1,1,1,1,0.9929131,1,1,1,1
0.881024,1,1,1,1,0.9821798,1,1,1,1
0.8746363,1,1,1,1,0.9707305,1,1,1,1
0.8683696,1,1,1,0.9946749,0.9585198,1,1,1,1
0.8622805,1,1,1,0.9846047,0.9451195,1,1,1,1
0.8564223,1,1,1,0.9750613,0.9301434,1,1,1,1
0.8507978,1,1,1,0.9660655,0.9135827,1,1,1,1
0.84541,1,1,1,0.9576361,0.8954555,1,1,1,1
0.8402603,1,1,1,0.9497958,0.8758053,1,1,1,1
0.8353539,1,1,1,0.9425693,0.8547123,1,1,1,0
0.8306969,1,1,1,0.935981,0.8434755,1,1,1,0
0.8261613,1,1,1,0.9297619,0.8367591,1,1,1,0
0.82169,1,1,1,0.9237935,0.8302102,1,1,1,0
0.8172721,1,1,1,0.9180638,0.8238217,1,1,1,0
0.8129028,1,1,1,0.9125648,0.8175901,1,1,1,0
0.8085746,1,1,1,0.9072851,0.8115085,1,1,1,0
0.8042824,1,1,1,0.9022177,0.8055738,1,1,1,0
0.8000215,1,1,1,1,0.7997826,1,1,1,1
0.7946357,1,1,1,1,0.7926421,1,1,1,0
0.7892507,1,1,1,1,0.7855684,1,1,1,0
0.7838641,1,1,1,1,0.7785584,1,1,1,0
0.7784738,1,1,1,1,0.7716089,1,1,1,0
0.7730771,1,1,1,1,0.764717,1,1,1,0
0.7676684,1,1,1,1,0.7578826,1,1,1,0
0.7622448,1,1,1,1,0.7511031,1,1,1,0
0.7568038,1,1,1,1,0.7443752,1,1,1,0
0.7513427,1,1,1,1,0.7376958,1,1,1,0
0.7458586,1,1,1,1,0.7310651,1,1,1,0
0.7403454,1,1,1,1,0.7244801,1,1,1,0
0.7348036,1,1,1,1,0.7179378,0.8517159,1,1,0
0.7313908,1,1,1,1,0.7141299,0.7982857,1,1,0
0.7286916,1,1,1,1,0.7113839,0.7436721,1,1,0
0.7267393,1,1,1,1,0.7097711,0.6890634,1,1,0
0.7255607,1,1,1,1,0.7093514,0.6355345,1,1,0
0.7251679,1,1,1,1,0.7101828,0.6162249,1,1,0
0.7250047,0.9955456,1,1,1,0.7116222,0.6134438,1,1,0
0.7247612,0.990456,1,1,1,1,0.6108884,1,1,0
0.719924,0.9841295,1,1,1,1,0.6059345,1,1,0
0.7149696,0.9777897,1,1,1,1,0.6010317,1,1,0
0.709888,0.9714306,1,0.9947435,1,1,0.596175,1,1,0
0.7047234,0.9650649,1,0.9809929,1,1,0.59139,1,1,0
0.6995531,0.9587191,1,0.9673029,1,1,0.5867245,1,1,0
0.6943631,0.9523902,1,0.9536913,1,1,0.5821725,1,1,0
0.689135,0.9460708,1,0.9401702,1,1,0.5777275,1,1,0
0.6838568,0.9397591,1,0.9267567,1,1,0.573386,1,1,0
0.6785122,0.9334493,1,0.9134625,1,1,0.5691406,1,1,0
0.673088,0.9271379,1,0.900301,1,1,0.5649837,1,1,0
0.6675628,0.9208144,1,0.8872762,0.9880912,1,0.5609106,1,1,0
0.6620775,0.9145381,1,0.8742673,0.9714634,1,0.5570047,1,1,0
0.6566747,0.9083313,1,0.8612499,0.954843,1,0.5532975,1,1,0
0.6513325,0.9021889,1,0.848253,0.9382756,1,0.5497836,1,1,0
0.6460218,0.896101,1,0.835299,0.9217994,1,0.5464565,1,1,0
0.6407164,0.8900589,1,0.822412,0.905452,1,0.5433087,0.6105409,1,0
0.6414227,0.886881,1,0.8151401,0.8831359,1,1,0.4631237,1,0
0.6395344,0.8826054,1,0.8344128,0.8641135,1,1,0.4588724,1,0
0.6374565,0.8783401,1,0.8552769,0.8457564,0.9593359,1,0.4548402,1,0
0.6358415,0.8744062,1,0.8804895,0.8275067,0.9344894,1,0.4511115,1,0
0.6343657,0.8706505,1,0.9094329,0.8096538,0.9103377,1,0.447658,1,0
0.6329631,0.8670419,1,0.9424313,0.7922393,0.8869402,1,0.4444719,1,0
0.6315567,0.8635408,1,0.9798625,0.775288,0.8643305,1,0.4415463,1,0
0.6300681,0.8601057,1,1,0.7588152,0.8425279,1,0.4388687,1,0
0.6286094,0.8567967,1,1,0.7427423,0.8213941,1,0.4364549,1,0
0.6272939,0.8512341,1,1,0.7269953,0.8008049,1,0.4343286,1,0
0.6260358,0.831081,1,1,0.7116109,0.7808137,1,0.4324811,1,0
0.6245342,0.8126372,1,1,0.7044816,0.7615679,1,0.4308605,1,0
0.6225992,0.7959799,1,1,0.7243089,0.7430953,1,0.4294268,0.4083423,0
0.6247306,0.7738819,1,1,0.7562312,0.7231666,1,0.4290251,0.4041286,0
0.6271558,0.7532675,1,1,0.7930657,0.7039477,0.8536049,0.4290199,0.4003055,0
0.6299032,0.7339733,1,1,0.8358164,0.6853964,0.8241574,1,0.3968665,0
0.6312522,0.7177017,1,1,0.8806146,0.6680343,0.7972761,1,0.3938054,0
0.6323471,0.7027298,1,1,0.9312505,0.6513236,0.7718015,1,0.3910768,0
0.6330327,0.6890149,1,1,1,0.6352409,0.7476682,1,0.388658,0
0.6330048,0.6765991,1,1,1,0.6197876,0.7248691,1,0.3865292,0
0.6329769,0.6647526,1,1,1,0.6299826,0.7029074,1,0.3846861,0
0.632327,0.6538309,1,1,1,0.6518225,0.6819763,1,0.3831071,0
0.6306828,0.6439123,1,1,1,0.6748311,0.6620817,1,0.3817645,0
0.6278763,0.6349165,1,1,1,0.6989087,0.6431409,1,0.3806391,0
0.6237194,0.6267859,0.9838875,1,1,0.723888,0.6250705,1,0.3797026,0
0.6177569,0.6195956,0.9461946,1,1,0.7491183,0.6078763,1,0.3789214,0
0.6093728,0.6134767,0.9153665,1,1,0.7735148,0.5915829,1,1,2
0.5620858,0.6259648,0.9661247,1,1,0.7325458,0.5856026,1,1,2
0.518858,0.6388876,1,1,1,0.695996,0.5794693,1,1,2
0.4790122,0.6523079,1,1,1,0.6629529,0.5732049,1,1,2
0.4693474,0.6664448,1,1,1,0.632418,0.5669147,1,1,2
0.4745031,0.6803158,1,1,1,0.6059153,0.5601046,1,1,2
0.4794959,0.6905437,1,1,1,0.5834832,0.5525471,1,1,2
0.4843197,0.6730912,1,1,1,0.5642043,0.5443062,1,1,2
0.4891395,0.6563499,1,1,1,0.5465978,0.5357033,1,1,2
0.4939368,0.6402552,1,1,1,0.5304565,0.5267375,1,1,2
0.4986945,0.6247478,1,1,1,0.5156041,0.5174116,1,1,2
0.5033938,0.6097693,1,1,1,0.5018967,0.5077289,1,1,2
0.5080208,0.59527,1,1,1,0.4892043,0.4977001,1,1,2
0.5125667,0.5812042,1,1,1,0.4774068,0.4873389,1,1,2
0.5170175,0.5675263,1,1,1,0.4664149,0.4766578,1,1,1
0.5213642,0.5541984,1,1,1,0.4561439,0.4656754,1,1,1
0.5255989,0.558827,1,1,1,0.4465201,0.4544083,1,1,1
0.5295804,0.5658048,1,1,0.6999173,0.437864,0.4427149,1,1,1
0.5321695,0.5691351,1,1,1,0.4332357,0.4293388,1,1,1
0.5356911,0.5749157,1,1,0.6815294,0.4259634,0.4170524,1,1,1
0.5377665,0.576904,1,1,1,0.4226674,0.4031953,1,1,1
0.5408823,0.5816453,1,1,1,0.4164559,0.3905114,1,1,1
0.543772,0.5857928,1,1,1,0.4108437,0.3776034,1,1,1
0.5464457,0.5893826,1,1,1,0.4057697,0.3645172,1,1,1
0.5489241,0.5924674,1,1,1,0.4011632,0.3512903,1,1,1
0.5512158,0.5950816,1,1,1,0.3969847,0.3379604,1,1,1
0.5533401,0.5972756,1,1,1,0.3931812,0.3245607,1,1,1
0.5553074,0.5990859,1,1,1,0.3897211,0.3111163,1,1,1
0.5571314,0.6005524,1,1,1,0.3865715,0.2976528,0.5357214,1,0
0.5533303,0.5873505,1,1,1,0.3992673,0.2802101,0.4913346,1,0
0.5496248,0.5747916,1,1,1,0.4139723,0.2633984,0.4506268,1,0
0.5460747,0.5629818,1,1,1,0.4307536,0.2631879,0.4133161,1,0
0.542865,0.5523517,1,1,1,0.4489691,0.2675349,0.3794633,1,0
0.5399994,0.542861,1,1,1,0.4684348,0.2720994,0.3485957,1,0
0.5374436,0.5343816,1,1,1,0.4890897,0.2768354,0.3202291,1,0
1,1,1,1,1,1,1,1,1,1
1,1,1,1,1,1,1,1,1,1
1,1,1,1,1,1,1,1,1,1
1,1,1,1,1,1,1,1,1,1
1,1,1,1,1,1,1,1,1,1
1,1,1,1,1,1,1,1,1,1
1,1,1,1,1,1,1,1,1,1
1,1,1,1,1,1,1,1,1,1
1,1,1,1,1,1,1,1,1,1
1,1,1,1,1,1,1,1,1,1
1,1,1,1,1,1,1,1,1,1
1,1,1,1,1,1,1,1,1,1
1,1,1,1,1,1,1,1,1,1
1,1,1,1,1,1,1,1,1,1
1,1,1,1,1,1,1,1,1,1
1,1,1,1,1,1,1,1,1,1
1,1,1,1,1,1,1,1,1,1
1,1,1,1,1,1,1,1,1,1
1,1,1,1,1,1,1,1,1,1
1,1,1,1,1,1,1,1,1,1
1,1,1,1,1,1,1,1,1,1
1,1,1,1,1,1,1,1,1,1
1,1,1,1,1,1,1,1,1,1
1,1,1,1,1,1,1,1,1,1
1,1,1,1,1,1,1,1,1,1
1,1,1,1,1,1,1,1,1,1
1,1,1,1,1,1,1,1,1,1
1,1,1,1,1,1,1,1,1,1
1,1,1,1,1,1,1,1,1,1
1,1,1,1,1,1,1,1,1,1
1,1,1,1,1,1,1,1,1,1
1,1,1,1,1,1,1,1,1,1
1,1,1,1,1,1,1,1,1,1
1,1,1,1,1,1,1,1,1,1
1,1,1,1,1,1,1,1,1,1
1,1,1,1,1,1,1,1,1,1
1,1,1,1,1,1,1,1,1,1
1,1,1,1,1,1,1,1,1,1
1,1,1,1,1,1,1,1,1,1
1,1,1,1,1,1,1,1,1,1
1,1,1,1,1,1,1,1,1,1
1,1,1,1,1,1,1,1,1,1
1,1,1,1,1,1,1,1,1,1
1,1,1,1,1,1,1,1,1,1
1,1,1,1,1,1,1,1,1,1
1,1,1,1,1,1,1,1,1,1
1,1,1,1,1,1,1,1,1,1
1,1,1,1,1,1,1,1,1,1
1,1,1,1,1,1,1,1,1,1
1,1,1,1,1,1,1,1,1,1
1,1,1,1,1,1,1,1,1,1
1,1,1,1,1,1,1,1,1,1
1,1,1,1,1,1,1,1,1,1
1,1,1,1,1,1,1,1,1,1
1,1,1,1,1,1,1,1,1,1
1,1,1,1,1,1,1,1,1,1
1,1,1,1,1,1,1,1,1,1
1,1,1,1,1,1,1,1,1,1
1,1,1,1,1,1,1,1,1,1
1,1,1,1,1,1,1,1,1,1
1,1,1,1,1,1,1,1,1,1
1,1,0.9956306,1,1,1,1,1,1,1
1,1,0.9845607,1,1,1,1,1,1,1
1,1,0.9734026,1,1,1,1,1,1,1
1,1,0.9621592,1,1,1,1,1,1,1
1,1,0.9508333,1,1,1,1,1,1,1
1,1,0.9394283,1,1,1,1,1,1,1
1,1,0.9279476,1,1,1,1,1,1,1
1,1,0.9163952,1,1,1,1,1,1,1
1,1,0.9047751,1,1,1,1,1,1,1
1,1,0.8930916,1,1,1,1,1,1,1
1,1,0.8813493,1,1,1,1,1,1,1
1,1,0.8695528,1,1,1,1,1,1,1
1,1,0.8577102,1,1,1,1,1,1,1
1,1,0.8458236,1,1,1,1,1,1,1
1,1,0.8338975,1,1,1,1,1,1,1
1,1,0.8219376,1,1,1,1,1,1,1
1,1,0.8099487,1,1,1,1,1,1,1
1,1,0.7979363,1,1,1,1,1,1,1
1,1,0.7859089,1,1,1,1,1,1,1
1,1,0.7738683,1,1,1,1,1,1,1
1,1,0.761823,1,1,1,1,1,1,1
1,1,0.7497746,1,1,1,1,1,1,1
1,1,0.7581004,1,1,1,1,1,1,1
1,1,0.7666165,1,1,1,1,1,1,1
1,1,0.7750764,1,1,1,1,1,1,1
1,1,0.7834763,1,1,1,1,1,1,1
1,0.9334598,0.791804,1,1,1,1,1,1,2
1,0.9139447,0.8042736,1,1,1,1,1,1,2
1,0.8943526,0.8180059,1,1,1,1,1,1,2
1,0.8747241,0.8330629,1,1,1,1,1,1,2
1,0.8551059,0.8495116,1,1,1,1,1,1,2
1,0.8355384,0.8674324,1,1,1,1,1,1,2
1,0.8160592,0.8868936,1,1,1,1,1,1,2
1,0.7967025,0.9079683,1,1,1,1,1,1,2
1,0.7774992,0.930755,1,1,1,1,1,1,2
1,0.7584811,0.9553383,1,1,1,1,1,1,2
1,0.7396722,0.981809,1,1,1,1,1,1,2
1,0.7210929,1,1,1,1,1,1,1,2
1,0.7026835,1,1,1,1,1,1,1,2
1,0.6843218,1,1,1,1,1,1,1,2
1,0.6660415,1,1,1,1,1,1,1,2
1,0.6478782,1,1,1,1,1,1,1,2
1,0.6298658,1,1,1,1,1,1,1,2
1,0.6120308,1,1,1,1,1,1,1,2
1,0.5943981,1,1,1,1,1,1,1,2
1,0.5769929,1,1,1,1,1,1,1,2
1,0.5598381,1,1,1,1,1,1,1,2
1,0.5429493,1,1,1,1,1,1,1,2
1,0.5454746,1,1,1,1,1,1,1,2
1,0.5583363,1,1,1,1,1,1,1,2
0.8086341,0.5714636,1,1,1,1,1,1,1,2
0.766857,0.5909793,1,1,1,1,1,1,1,2
0.7268775,0.6126937,1,1,1,1,1,1,1,2
0.6888419,0.6367754,1,1,1,1,1,1,1,2
0.6528202,0.6633918,1,1,1,1,1,1,1,2
0.6188278,0.6927329,1,1,1,1,1,1,1,2
0.5868424,0.7249817,1,1,1,1,1,1,1,2
0.5568022,0.7603381,1,1,1,1,1,1,1,2
0.5286225,0.7990066,1,1,1,1,1,1,1,2
0.5021982,0.9080207,1,1,1,1,1,1,1,2
0.4790007,0.9542047,1,1,1,1,1,1,1,2
0.4923905,1,1,1,1,1,1,1,1,2
0.5058621,1,1,1,1,1,1,1,1,2
0.5197307,1,1,1,1,1,1,1,1,2
0.5339711,1,1,1,1,1,1,1,1,2
0.548564,1,1,1,1,1,1,1,1,2
0.5634847,1,1,1,1,1,1,0.9725773,1,2
0.5779931,1,1,1,1,1,1,0.965556,1,2
0.592521,1,1,1,1,1,1,0.9587077,1,2
0.6070188,1,1,1,1,1,1,0.9520062,1,2
0.6214423,1,1,1,1,1,1,0.9454266,1,2
0.6357425,1,1,1,1,1,1,0.9389507,1,2
0.6498805,1,0.9950384,1,1,1,1,0.9325579,1,2
0.663783,1,0.987807,1,1,1,1,0.9262392,1,2
0.6773924,1,0.9805049,1,1,1,1,0.9199834,1,2
0.6906638,1,0.973121,1,1,1,1,0.9137805,1,2
0.7035555,1,0.9656433,1,1,1,1,0.9076225,1,1
0.7160294,1,0.9580652,1,1,1,1,1,1,2
0.7816566,1,0.9511701,1,1,1,1,1,1,2
0.7919163,1,0.9439815,1,1,1,1,1,1,2
0.8065531,1,0.9367588,1,1,1,1,1,1,2
0.8209432,1,0.9294763,1,1,1,1,1,1,1
0.8350587,0.9919618,0.9221284,1,1,1,1,1,1,1
0.8489505,0.983021,0.9147261,1,1,1,1,1,1,1
0.862604,0.9742087,0.9072701,1,1,1,1,1,1,1
0.8760007,0.9655111,0.8997536,1,1,1,1,1,1,1
0.889114,0.9580391,0.8921767,1,1,1,1,1,1,1
0.9019178,0.8807384,0.8845383,1,1,1,1,1,1,1
0.9151412,0.872264,0.8769643,1,1,1,1,1,1,1
0.9280286,0.8638803,0.8693246,1,1,1,1,1,0.8995562,1
0.9356569,0.8562387,0.8608068,1,1,1,1,1,0.8919924,1
0.9426168,0.8486634,0.8521924,1,1,1,1,1,0.8842922,1
0.948922,0.8411492,0.8434877,1,1,1,1,1,0.8764731,1
0.9545909,0.8336912,0.8346995,1,1,1,1,1,0.8685536,1
0.9596456,0.8262843,0.825834,1,1,1,1,1,0.8605522,0
0.9641066,0.8189235,0.8168982,1,1,1,1,1,0.8524907,0
0.9680073,0.8116071,0.8079019,1,1,1,1,1,0.8443845,0
0.9713734,0.8043301,0.7988514,1,1,1,1,1,0.8362549,0
0.9742424,0.7970871,0.7897529,1,1,1,1,1,0.8281164,0
0.9766474,0.7898763,0.7806154,1,1,1,1,1,0.8199863,0
0.9786226,0.7826952,0.7714473,1,1,1,1,1,0.8118812,0
0.9802025,0.7755381,0.7622532,1,1,1,1,1,0.8038172,0
0.9814213,0.7683986,0.7530374,1,1,1,1,1,0.795809,0
0.9823171,0.761277,0.7438097,1,1,1,1,1,0.7878679,0
0.9829227,0.7541662,0.7345729,1,1,1,1,1,0.7800072,0
0.9832742,0.7470628,0.7253322,1,1,1,1,1,0.772236,0
0.9834011,0.7399591,0.7160893,1,1,1,1,1,0.764566,0
0.9833322,0.7328538,0.7068509,1,1,1,1,1,0.7570075,0
0.9830984,0.7257421,0.6976205,1,1,1,1,1,0.7495672,0
0.9827293,0.7186157,0.6883972,1,1,1,1,1,0.7422503,0
0.9822475,0.7114724,0.6791861,1,1,1,1,1,0.7350651,0
0.9816782,0.7043033,0.6699854,1,1,1,1,1,0.7624146,0
0.9824537,0.6967769,0.6608985,1,1,1,1,1,0.8117248,0
0.9853859,0.6886839,0.651961,1,1,1,1,1,0.8566681,1
1,0.6800995,0.6431438,1,1,1,1,1,0.8967897,1
1,0.671178,0.6344087,1,1,1,1,1,0.93303,1
1,0.6618769,0.62577,1,1,1,1,1,0.9639174,1
1,0.6522795,0.617217,1,1,1,1,1,0.9898402,1
1,0.6424648,0.6087431,1,1,1,1,1,1,1
1,0.6325987,0.6003105,1,1,1,1,1,1,1
1,0.6227831,0.5918974,1,1,1,1,1,1,1
1,0.6130186,0.5835031,1,1,1,1,1,1,1
1,0.6033025,0.5751237,1,1,1,1,1,1,1
0.8670524,0.5936383,0.5667619,1,1,1,1,1,1,2
0.8496186,0.5833119,0.5586917,1,1,1,1,1,1,2
0.8322738,0.5730502,0.5507019,1,1,1,1,1,1,2
0.8150562,0.5628613,0.5427886,1,1,1,1,1,1,2
0.7980128,0.5527615,0.5349566,1,1,1,1,1,1,2
0.7811736,0.5427567,1,1,1,1,1,1,1,2
0.7626197,0.5324258,1,1,1,1,1,1,1,2
0.658038,0.5222527,1,1,1,1,1,1,1,2
0.6398593,0.5119652,1,1,1,1,1,1,1,2
0.6222659,0.5019268,1,1,1,1,1,1,1,2
0.6052673,0.4921424,1,1,1,1,1,1,1,2
0.5888637,0.4826113,1,1,1,1,1,1,1,2
0.5730535,0.4733343,1,1,1,1,1,1,1,2
0.5578309,0.4643101,1,1,1,1,1,1,1,2
0.5431789,0.45553,1,1,1,1,1,1,0.9786327,2
0.5293616,0.4470399,1,1,1,1,1,1,0.9688285,2
0.5161542,0.4387809,1,1,1,1,1,1,0.9604737,2
0.5034999,0.4307353,1,1,1,1,1,1,0.9533477,2
0.4913472,0.4228844,1,1,1,1,1,1,0.9472827,2
0.479655,0.4152153,1,1,1,1,1,1,0.9421352,2
0.4683841,0.4077131,1,1,1,1,1,1,0.937795,2
0.4575035,0.4003677,1,1,1,1,1,1,0.9341627,2
0.4469823,0.5067461,1,1,1,1,1,1,0.9311639,2
0.4368591,0.7388597,1,1,1,1,1,1,0.9291848,2
0.4271346,1,1,1,1,1,1,1,0.9283692,2
0.4177374,1,1,1,1,1,1,1,0.9283919,2
0.4085218,1,1,1,1,1,1,1,0.9283491,2
0.3994862,1,1,1,1,1,1,1,0.9282619,2
0.3906285,1,1,1,1,1,1,1,0.9281483,2
0.3819498,1,1,1,1,1,1,1,0.9280179,2
0.3734438,1,1,1,1,1,1,1,0.9278899,2
0.3651075,1,1,1,1,1,1,1,0.9277738,2
0.3569409,1,1,1,1,1,1,1,0.9276748,2
0.3489372,1,1,1,1,1,1,1,0.9276046,2
0.3410965,1,1,1,1,1,1,1,1,2
0.3498874,1,1,1,1,1,1,1,1,2
0.3809372,1,1,1,1,1,1,1,1,2
0.4130533,1,1,1,1,1,1,1,1,2
0.4461303,1,1,1,1,1,1,1,1,2
0.4800754,1,1,1,1,1,1,1,1,2
0.5147579,1,1,1,1,1,0.9963781,1,1,2
0.5498252,1,1,1,1,1,0.9869062,1,1,2
0.5846582,1,1,1,1,1,0.9776188,1,1,2
0.6190008,1,1,1,1,1,0.96849,1,1,1
0.6525841,1,1,1,1,1,0.959505,1,1,1
0.6851826,1,1,1,1,1,0.950644,1,1,1
0.7165593,1,1,1,1,1,0.9419,1,1,1
0.7465327,1,1,1,1,1,0.9332598,1,1,1
1,1,1,1,1,1,0.9247195,1,1,1
1,1,1,1,1,1,0.9166686,1,1,1
1,1,1,1,1,1,0.9086822,1,1,1
1,1,1,1,1,1,0.9007648,1,1,1
1,1,1,1,1,1,1,1,1,1
1,1,1,1,1,1,1,1,1,1
1,1,1,1,1,1,1,1,1,1
1,1,1,1,1,1,1,1,1,1
1,1,1,1,1,1,1,1,1,1
1,1,1,1,1,1,1,1,1,1
1,1,1,1,1,1,1,0.8670728,1,0
1,1,1,1,1,1,1,0.8571269,1,0
1,1,1,1,1,1,1,0.8471738,1,0
1,1,1,1,1,1,1,0.8372218,1,0
1,1,1,1,1,1,1,0.8272853,1,0
1,1,1,1,1,1,1,0.8173729,1,0
1,1,1,1,1,1,1,0.8074964,1,0
1,1,1,1,1,1,1,0.7976676,1,0
1,1,1,1,1,1,1,0.7879017,1,0
1,1,1,1,1,1,1,0.7782074,1,0
1,1,1,1,1,1,1,0.7685969,1,0
1,1,1,1,1,1,1,0.7590819,1,0
1,1,1,1,1,1,1,0.7496744,1,0
1,1,1,1,1,1,1,0.740389,1,0
1,1,1,1,1,1,1,0.7312343,1,0
1,1,1,1,1,1,1,0.7222246,1,0
1,1,1,1,1,1,1,0.7133712,1,0
1,1,1,1,1,1,1,0.7046846,1,0
1,1,1,1,1,1,1,0.6961753,1,0
1,1,1,1,1,1,1,0.6878537,1,0
1,1,1,1,1,1,1,0.6797326,1,0
1,1,1,1,1,1,1,0.6718184,1,0
1,1,1,1,1,1,1,0.6641232,0.7579959,0
1,1,1,1,1,1,1,0.9251617,0.7417324,0
1,1,1,1,1,1,1,1,0.7293016,0
1,1,1,1,1,1,1,1,0.7181622,0
1,1,1,1,1,1,1,1,0.7071373,0
1,1,1,1,1,1,1,1,0.6962397,0
1,1,1,1,1,1,1,1,0.6854886,0
1,1,1,1,1,1,1,1,0.6748992,0
1,1,1,1,1,1,1,1,0.66449,0
1,1,1,1,1,1,1,1,0.6542758,0
1,1,1,1,1,1,1,1,0.6442741,0
1,1,1,1,1,1,1,1,0.6345016,0
1,1,1,1,1,1,1,1,0.6249717,0
1,1,1,1,1,1,1,1,0.6157003,0
1,1,1,1,1,1,1,1,0.6066993,0
1,1,1,1,1,1,1,1,0.5979834,0
1,1,1,1,1,1,1,1,0.5895633,0
1,1,1,1,1,1,1,1,0.644334,0
1,1,1,1,1,1,1,1,0.712884,0
1,1,1,1,1,1,1,1,0.7811586,0
1,1,1,1,1,1,1,1,0.8466768,0
1,1,1,1,1,1,1,1,0.9071124,1
1,1,1,1,1,1,1,1,1,1
1,1,1,1,1,1,1,1,1,1
1,1,1,1,1,1,1,1,1,1
1,1,1,1,1,1,1,1,1,1
1,1,1,1,1,1,1,1,1,1
1,1,1,1,1,1,1,1,1,1
1,1,1,1,1,1,1,1,1,1
1,1,1,1,1,1,1,1,1,1
1,1,1,1,1,1,1,1,1,1
1,1,1,1,1,1,1,1,1,1
1,1,1,1,1,1,1,1,1,1
1,1,1,1,1,1,1,1,1,1
1,1,1,1,1,1,0.9949924,1,1,1
1,1,1,1,1,1,0.989226,1,1,1
1,1,1,1,1,1,0.9836048,1,1,1
1,1,1,1,1,1,0.9781266,1,1,1
1,1,1,1,1,1,0.9727858,1,1,1
1,1,1,1,1,1,0.9675816,1,1,1
1,1,1,1,1,1,0.9625085,1,1,1
1,1,1,1,1,1,0.9575621,1,1,1
1,1,1,1,1,1,0.952742,1,1,1
1,1,1,1,1,1,0.9480478,1,1,1
1,1,1,1,1,1,0.9434752,1,1,1
1,1,1,1,1,1,0.9390244,1,1,1
1,1,1,1,1,1,1,1,1,1
1,1,1,1,1,1,1,1,1,1
1,1,1,1,1,1,1,1,1,1
1,1,1,1,1,1,1,1,1,1
1,1,1,1,1,1,1,1,1,1
1,1,1,1,1,1,1,1,1,1
1,1,1,1,1,1,1,1,1,1
1,1,1,1,1,1,1,0.8787335,1,0
1,1,1,1,1,1,1,0.8200507,1,0
1,1,1,1,1,1,1,0.7560361,1,0
1,1,1,1,1,1,1,0.7113825,1,0
1,1,1,1,1,1,1,0.7090788,1,0
1,1,1,1,1,1,1,0.7069809,1,0
1,1,1,1,1,1,1,0.7050918,1,0
1,1,1,1,1,1,1,0.7034085,1,0
1,1,1,1,1,1,1,0.7019335,1,0
1,1,1,1,1,1,1,0.7006664,1,0
1,1,1,1,1,1,1,0.6996067,1,0
1,1,1,1,1,1,1,0.6987567,1,0
1,1,1,1,1,1,1,0.6981155,1,0
1,1,1,1,1,1,1,0.6976789,1,0
1,1,1,1,1,1,1,0.7016159,1,0
1,1,1,1,1,1,1,0.7015612,1,0
1,1,1,1,1,1,1,0.7017053,1,0
1,1,1,1,1,1,1,0.7020468,1,0
1,1,1,1,1,1,1,0.7025837,0.9413616,0
1,1,1,1,1,1,1,0.7041396,0.9386274,0
1,1,1,1,1,1,1,0.7059949,0.6325796,0
1,1,1,1,1,1,1,1,0.6305942,0
1,1,1,1,1,1,1,1,0.6288586,0
1,1,1,1,1,1,1,1,0.6274263,0
1,1,1,1,1,1,1,1,0.626298,0
1,1,1,1,1,1,1,1,0.6254741,0
1,1,1,1,1,1,1,1,0.6249579,0
1,1,1,1,1,1,1,1,0.624746,0
1,1,1,1,1,1,1,1,0.6248414,0
1,1,1,1,1,1,1,1,0.629171,0
1,1,1,1,1,1,1,1,0.6298682,0
1,1,1,1,1,1,1,1,0.630865,0
1,1,1,1,1,1,1,1,0.6321571,0
1,1,1,1,1,1,1,1,0.6337461,0
1,1,1,1,1,1,1,1,0.6356273,0
1,1,1,1,1,1,1,1,0.6377954,0
1,1,1,1,1,1,1,1,1,1
1,1,1,1,1,1,1,1,1,1
1,1,1,1,1,1,1,1,1,1
1,1,1,1,1,1,1,1,1,1
1,1,1,1,1,1,1,1,1,1
1,1,1,1,1,1,1,1,1,1
1,1,1,1,1,1,1,1,1,1
1,1,1,1,1,1,1,1,1,1
1,1,1,1,1,1,1,1,1,1
1,1,1,1,1,1,1,1,1,1
1,1,1,1,1,1,1,1,1,1
1,1,1,1,1,1,1,1,1,1
1,1,1,1,1,1,1,1,1,1
1,1,1,1,1,1,1,1,1,1
1,1,1,1,1,1,1,1,1,1
1,1,1,1,1,1,1,1,1,1
1,1,1,1,1,1,1,1,1,1
1,1,1,1,1,1,1,1,1,1
1,0.9901784,1,1,1,1,1,1,1,1
1,0.9832142,1,1,1,1,1,1,1,1
1,0.9836628,1,1,1,1,1,1,1,1
1,0.9841079,1,1,1,1,1,1,1,1
1,0.9845498,1,1,1,1,1,1,1,1
1,0.9849842,1,1,1,1,1,1,1,1
0.9639156,0.9854155,1,1,1,1,1,1,1,1
0.9190707,0.9870762,1,1,1,1,1,1,1,1
0.8692954,0.9902746,1,1,1,1,1,1,1,2
0.8507244,0.9952081,1,1,1,1,1,1,1,2
0.8524325,1,1,1,1,1,1,1,1,2
0.8541813,1,1,1,1,1,1,1,1,2
0.8560061,1,1,1,1,1,1,1,1,2
0.8579056,1,1,1,1,1,1,1,1,2
0.8598778,1,1,1,1,1,1,1,1,2
0.8619181,1,1,1,1,1,1,1,1,2
0.8640248,1,1,1,1,1,1,1,1,2
0.8661962,1,1,1,1,1,1,1,1,2
0.8684274,1,1,1,1,1,1,1,1,2
0.8707168,1,1,1,1,1,1,1,1,2
0.8730626,1,1,1,1,1,1,1,1,2
0.8754598,1,1,1,1,1,1,1,1,2
0.8779068,1,1,1,1,1,1,1,1,2
0.8804018,1,1,1,1,1,1,1,1,2
0.882943,1,1,1,1,1,1,1,1,2
0.8855258,1,1,1,1,1,1,1,1,2
0.8881446,1,1,1,1,1,1,1,1,2
0.8907984,1,1,1,1,1,1,1,1,2
0.8934852,1,1,1,1,1,1,1,1,1
0.8962032,1,1,1,1,1,1,1,1,1
0.898948,1,1,1,1,1,1,1,1,1
0.8675593,1,1,1,1,1,1,1,1,2
0.8346494,1,1,1,1,1,1,1,1,2
0.8383474,1,1,1,1,1,1,1,1,2
0.8421086,1,1,1,1,1,1,1,1,2
0.8459302,1,1,1,1,1,1,1,1,2
0.8498055,1,1,1,1,1,1,1,1,2
0.8537319,1,1,1,1,1,1,1,1,2
0.8577029,1,1,1,1,1,1,1,1,2
0.8617157,1,1,1,1,1,1,1,1,2
0.865764,1,1,1,1,1,1,1,1,2
0.8698415,1,1,1,1,1,1,1,1,2
0.8739457,1,1,1,1,1,1,1,1,2
0.8780704,1,1,1,1,1,1,1,1,2
0.8822129,1,1,1,1,1,1,1,1,2
0.8863672,1,1,1,1,1,1,1,1,2
0.8905311,1,1,1,1,1,1,1,1,1
0.8946986,1,1,1,1,1,1,1,1,1
0.8988674,1,1,1,1,1,1,1,1,1
0.9030318,1,1,1,1,1,1,1,1,1
0.9071863,1,1,1,1,1,1,1,1,1
0.9113291,1,1,1,1,1,1,1,1,1
0.9154578,1,1,1,1,1,1,1,1,1
0.9195678,1,1,1,1,1,1,1,1,1
0.9236535,1,1,1,1,1,1,1,1,1
0.9277134,1,1,1,1,1,1,1,1,1
0.9317461,1,1,1,1,1,1,1,1,1
1,1,1,1,1,1,1,1,1,1
1,1,1,1,1,1,1,1,1,1
1,1,1,1,1,1,1,1,1,1
1,0.9891605,1,1,1,1,1,1,1,1
1,0.9769322,1,1,1,1,1,1,1,1
1,0.9644953,1,1,1,1,1,1,1,1
1,0.9518596,1,1,1,1,1,1,1,1
1,0.9390318,1,1,1,1,1,1,1,1
1,0.92602,1,1,1,1,1,1,1,1
1,0.9128333,1,1,1,1,1,1,1,1
1,0.899485,1,1,1,1,1,1,1,1
1,0.8859863,1,1,1,1,1,1,1,1
1,0.8723488,1,1,1,1,1,1,1,1
1,0.8585882,1,1,1,1,1,1,1,1
1,0.8659714,1,1,1,1,1,1,1,1
1,0.8745362,1,1,1,1,1,1,1,1
1,0.8829578,1,1,1,1,1,1,1,1
1,0.891232,1,1,1,1,1,1,1,1
1,0.8993508,1,1,1,1,1,1,1,1
1,0.9073118,1,1,1,1,1,1,1,1
1,0.9151071,1,1,1,1,1,1,1,1
1,0.9227298,1,1,1,1,1,1,1,1
1,0.9301788,1,1,1,1,1,1,1,1
1,0.937448,1,1,1,1,1,1,1,1
1,0.9445319,1,1,1,1,1,1,1,1
1,0.9514309,1,1,1,1,1,1,1,1
1,0.9581456,1,1,1,1,1,1,1,1
1,1,1,1,1,1,1,1,1,1
1,1,1,1,1,1,1,1,1,1
1,1,1,1,1,1,1,1,1,1
1,1,1,1,1,1,1,1,1,1
1,1,1,1,1,1,1,1,1,1
1,1,1,1,1,1,1,1,1,1
1,1,1,1,1,1,1,1,1,1
1,1,1,1,1,1,1,1,1,1
1,1,1,1,1,1,1,1,1,1
0.9200484,1,1,1,1,1,1,1,1,1
0.8974942,1,1,1,1,1,1,1,1,1
0.8740456,1,1,1,1,1,1,1,1,2
0.8497896,1,1,1,1,1,1,1,1,2
0.8248188,1,1,1,1,1,1,1,1,2
0.799244,1,1,1,1,1,1,1,1,2
0.7731875,1,1,1,1,1,1,1,1,2
0.7467793,1,1,1,1,1,1,1,1,2
0.7201604,1,1,1,1,1,1,1,1,2
0.7128147,1,1,1,1,1,1,1,1,2
0.7219937,1,1,1,1,1,1,1,1,2
0.7312808,1,1,1,1,1,1,1,1,2
0.7406617,1,1,1,1,1,1,1,1,2
0.7501229,1,1,1,1,1,1,1,1,2
0.7596461,1,1,1,1,1,1,1,1,2
0.7692214,1,1,1,1,1,1,1,1,2
0.7788306,1,1,1,1,1,1,1,1,2
0.7884601,1,1,1,1,1,1,1,1,2
0.7980918,1,1,1,1,1,1,1,1,2
0.8077163,1,1,1,1,1,1,1,1,2
0.8173199,1,1,1,1,1,1,1,1,2
1,1,1,1,1,1,1,1,1,1
1,1,1,1,1,1,1,1,1,1
1,1,1,1,1,1,1,1,1,1
1,1,1,1,1,1,1,1,1,1
1,1,1,1,1,1,1,1,1,1
1,1,1,1,1,1,1,1,1,1
1,1,1,1,1,1,1,1,1,1
1,1,1,1,1,1,1,1,1,1
1,1,1,1,1,1,1,1,1,1
1,1,1,1,1,1,1,1,1,1
1,1,1,1,1,1,1,1,1,1
1,1,1,1,1,1,1,1,1,1
1,1,1,1,1,1,1,1,1,1
1,1,1,1,1,1,1,1,1,1
1,1,1,1,1,1,1,1,1,1
1,1,1,1,1,1,1,1,1,1
1,1,1,1,1,1,1,1,1,1
1,1,1,1,1,1,1,1,1,1
1,1,1,1,1,1,1,1,1,1
1,1,1,1,1,1,1,0.9914941,1,1
1,1,1,1,1,1,1,0.9756185,1,1
1,1,1,1,1,1,1,0.9591721,1,1
1,1,1,1,1,1,1,0.9421679,1,1
1,1,1,1,1,1,1,0.924624,1,1
1,1,1,1,1,1,1,0.9065644,1,1
1,1,1,1,1,1,1,0.8880184,1,1
1,1,1,1,0.9970871,1,1,0.8690211,1,1
1,1,1,1,0.9871513,1,1,0.8496183,1,0
1,1,1,1,0.9772435,1,1,0.8298556,1,0
0.9929763,1,1,1,0.9673713,1,1,0.8097839,1,0
0.9729282,1,1,1,0.9575361,1,1,0.7897145,1,0
0.9509097,1,1,1,0.9477221,1,1,0.7701321,1,0
0.9263835,1,1,1,0.9379171,1,1,0.7510908,1,0
0.8987676,1,1,1,0.9281132,1,1,0.7326605,1,1
0.8674235,1,1,1,0.9182971,1,1,0.7149142,1,1
0.8316996,1,1,1,0.9084505,1,1,0.6979279,1,1
0.8121332,1,1,1,0.89856,1,1,0.6817946,1,1
0.8112375,1,1,1,0.8886521,1,1,0.6659931,1,1
0.8102581,1,1,1,0.8787659,1,1,0.6501504,1,1
0.8091964,1,1,1,0.8689054,1,1,0.6525952,1,1
0.8081458,1,1,1,0.8590367,1,1,0.6549727,1,1
0.8071078,1,1,1,0.8491621,1,1,0.6572787,1,1
0.8060805,1,1,1,0.839278,1,1,0.6595136,1,1
0.8050655,1,1,1,0.8293871,1,1,0.6616735,1,1
0.8040642,1,1,1,0.8194861,1,1,0.6637551,1,1
0.8030751,1,1,1,0.8095749,1,1,0.6657594,1,1
0.8021,1,1,1,0.7996565,1,1,0.6676837,1,1
0.8011373,1,1,1,0.7897279,1,1,0.6695295,1,1
0.8001891,1,1,1,0.7797895,1,1,0.6712943,1,1
0.7992541,1,1,1,0.7698444,1,1,0.6729803,1,1
0.7983341,1,1,1,0.7598901,1,1,0.6745855,1,1
0.7974284,1,1,1,0.7499268,1,1,0.6761122,1,1
0.7965356,1,1,1,0.739955,1,1,0.677563,1,1
0.7956579,1,1,1,0.7299752,1,1,0.6789368,1,1
0.7947945,1,1,1,0.719988,1,1,0.6802358,1,1
0.7939476,1,1,1,0.7099938,0.7106622,1,0.6814591,0.8248094,0
0.7919045,1,1,1,0.7004837,0.7001585,1,0.6882107,0.7778209,0
0.789658,1,1,1,0.6911005,0.6896572,1,0.6961514,0.7304667,0
0.7872407,1,1,1,0.6818587,0.6791906,1,0.7053111,0.6834379,0
0.7846876,1,1,1,1,0.6687873,1,0.7157072,0.637333,0
0.7818491,1,1,1,1,0.6584354,1,0.7286966,0.5903126,0
0.7789451,1,1,1,1,0.6482307,1,1,0.5453345,0
0.7766336,1,1,1,1,0.638242,1,1,0.5401348,0
0.7743047,1,1,1,1,0.628319,1,1,0.5440521,0
0.7719859,1,1,1,1,0.6184547,1,1,0.5480126,0
0.7696741,1,1,1,1,0.6086434,1,1,0.5520028,0
0.7673635,1,1,1,1,0.5988742,1,1,0.5560135,0
0.7650493,1,1,1,1,0.5891433,1,1,0.5600354,0
0.7627299,1,1,1,1,0.5794412,1,1,0.5640564,0
0.7604014,1,1,1,1,0.5697626,1,1,0.568068,0
0.7580608,1,1,1,1,0.5600996,1,1,0.5720624,0
0.7557082,1,1,1,1,0.5504512,1,1,0.5760283,0
0.7533414,1,1,1,1,0.5408107,1,1,0.5799589,0
0.750959,1,1,1,1,0.5311754,1,1,0.5838474,1
0.7485626,1,1,1,1,0.5215429,1,1,0.5876843,1
1,1,1,1,1,0.5119112,1,1,0.5914638,0
1,1,1,1,1,0.5026776,0.5101042,1,0.5988183,0
1,1,1,1,1,1,0.4987684,1,0.6076921,0
0.7381792,1,1,1,1,1,0.4876261,1,0.6174304,0
0.887756,1,1,1,1,1,0.4775036,1,0.6230554,0
0.8622111,1,1,1,1,1,0.4670697,1,0.6312368,0
0.8754247,1,1,1,1,1,0.4568598,1,1,1
1,1,1,1,1,1,0.4474,1,1,1
1,1,1,1,1,1,0.4376517,1,1,1
1,1,1,1,1,1,0.4279211,1,1,1
1,1,1,1,1,1,0.4182112,1,1,1
1,1,1,1,1,1,0.4085214,1,1,1
1,1,1,1,1,1,0.3988516,1,1,1
1,1,1,1,1,1,0.3892014,1,1,1
1,1,1,1,1,1,0.3795704,1,1,1
1,1,1,1,1,1,0.3699584,1,1,1
1,1,1,1,1,1,0.360365,1,1,1
1,1,1,1,1,1,0.3507898,1,1,1
1,1,1,1,1,1,0.3412324,1,1,1
1,1,1,1,1,1,0.3316926,1,1,1
1,1,1,1,1,1,0.3221699,1,1,1
1,1,1,1,1,1,0.312661,1,1,1
1,1,1,1,1,1,0.3031686,1,1,1
1,1,1,1,1,1,0.2936923,0.3370618,1,0
1,1,1,1,1,1,0.3897486,0.3233739,1,0
1,1,1,1,1,1,1,0.3102158,1,0
1,1,1,1,1,1,1,0.2976778,1,0
1,1,1,1,1,1,1,0.2854432,1,0
1,1,1,1,1,1,1,0.2734955,1,0
1,1,1,1,1,1,1,0.2618283,1,0
1,1,1,1,1,1,1,0.2504253,1,0
1,1,1,1,1,1,1,0.2392738,1,0
1,1,1,1,1,1,1,0.2283649,1,0
1,1,0.991191,1,1,1,1,0.2176865,0.2957564,0
1,1,0.9700131,1,1,1,1,0.2065822,0.276832,0
1,1,0.9496611,1,1,1,1,0.2211049,0.2589687,0
1,1,0.9300832,1,1,1,1,0.2516987,0.2420894,0
1,1,0.9112309,1,1,1,1,0.2871369,0.2261169,0
1,1,0.8930603,1,1,1,1,1,0.2109896,0
1,1,0.8771304,1,1,1,1,1,0.1971379,0
1,1,0.8619699,1,1,1,1,1,0.1839874,0
1,1,0.8475097,1,1,1,1,1,0.1752441,0
1,1,0.8337246,1,1,1,1,1,0.1890263,0
1,1,0.8207787,0.9793546,1,1,1,1,0.2032524,0
1,1,0.808815,0.9605417,1,1,1,1,0.217667,0
1,1,0.7976853,0.9435688,1,1,1,1,0.2321731,0
1,1,0.787268,0.9281676,1,1,1,1,0.2466768,0
1,1,0.7774637,0.9141189,1,1,1,1,0.2610924,0
1,1,0.7681894,0.9012418,1,1,1,1,0.2753437,0
1,1,0.7593781,0.8893884,1,1,1,1,1,2
1,1,0.7565339,0.8902081,1,1,1,1,1,2
1,1,0.7538878,0.8913159,1,1,1,1,1,2
1,1,0.7514341,0.892705,1,1,1,1,1,2
1,1,0.7491702,0.8943722,1,1,1,1,1,2
1,1,0.7470897,1,1,1,1,1,1,2
1,0.9989806,0.7438937,1,1,1,1,1,1,2
1,0.9934623,0.740865,1,1,1,1,1,1,2
1,0.9881271,0.7380827,1,1,1,1,1,1,2
1,0.9829839,0.7355497,1,1,1,1,1,1,2
1,0.9780404,0.7332689,1,1,1,1,1,1,2
1,0.9733009,0.7312391,1,1,1,1,1,1,2
1,0.9687754,0.729466,1,1,1,1,1,1,2
1,0.8454317,0.7279481,1,1,1,1,1,1,2
1,0.6814328,0.729035,1,1,1,1,1,1,2
1,0.6157432,0.7329096,1,1,1,1,1,1,2
1,0.6128429,0.7374447,1,1,1,1,1,1,2
1,0.6103744,0.7426671,1,1,1,1,1,1,2
1,0.6083448,0.7486182,1,1,1,1,1,1,2
0.946741,0.606756,0.7553362,1,1,1,0.7953471,1,1,2
0.9386926,0.6056142,1,1,1,1,0.7860887,1,1,2
0.9316422,0.6044784,1,1,1,1,0.7770625,1,1,2
0.9251122,0.6037344,1,1,1,1,0.7682263,1,1,2
0.9191038,0.6033787,1,1,1,1,0.7595754,1,1,2
0.9136178,0.6034089,1,1,1,1,0.7511027,1,1,2
0.9086491,0.6038181,1,1,1,1,0.7427981,1,1,2
0.9041894,0.6045978,1,1,1,1,0.7346491,1,1,2
0.5609682,0.605738,1,1,1,1,0.7266408,1,1,2
0.5577025,0.608031,1,1,1,1,0.7190655,1,1,2
0.5548864,0.6108571,1,1,1,1,0.7117002,1,1,2
0.5525187,0.6142362,1,1,1,1,0.7045424,1,1,2
0.5505965,0.6181868,1,1,1,1,0.6975869,1,1,2
0.549118,0.6227295,1,1,1,1,0.6908289,1,1,2
0.5480821,0.6278872,1,1,1,1,0.6842672,1,1,2
0.5474922,0.6336889,1,1,1,1,0.6778976,1,1,2
0.5473465,1,1,1,1,0.6560299,0.6717198,1,1,2
0.5470821,1,1,1,1,0.6334463,0.6643153,1,1,2
0.5470222,1,1,1,1,0.6239694,0.6568407,1,1,2
0.5471495,1,1,1,1,0.6145539,0.6492799,1,1,2
0.5474456,1,1,1,1,0.6051881,0.6416208,1,1,2
0.5478955,1,1,1,1,0.5958518,0.6338428,1,1,2
0.5484785,1,1,1,1,0.5865358,0.6259371,1,1,2
0.5491806,1,1,1,1,0.5772257,0.6178897,1,1,2
0.5499851,1,1,1,1,0.5679085,0.6096884,1,1,2
0.5508762,1,1,1,1,0.5585758,1,1,1,2
0.5527982,1,1,1,1,0.549779,1,1,1,2
0.5549573,1,1,1,1,0.5410243,1,1,1,2
0.5573357,1,1,1,1,0.5322973,1,1,1,2
0.5599187,1,1,1,1,0.5235848,1,1,1,2
0.5626856,1,1,1,0.6891528,0.5148746,1,1,1,2
1,1,1,1,0.5172129,0.5060895,1,1,1,0
1,1,1,1,0.5694307,0.495181,1,1,1,0
1,1,1,1,0.6337054,0.4843394,1,1,1,0
1,1,1,1,1,0.4735592,1,1,1,0
1,1,1,1,1,0.4628814,0.5077733,1,1,0
1,1,1,1,1,0.4513891,0.493135,1,1,0
1,1,1,1,1,0.4400597,0.4788323,1,1,0
1,1,1,1,1,0.4288861,0.464853,1,1,0
1,1,1,1,1,0.4178606,0.4511837,1,1,0
1,1,1,1,1,0.4069723,0.4378072,1,1,0
1,1,1,1,1,0.3962132,0.4247095,1,1,0
1,1,1,1,1,0.3855726,0.4118735,1,1,0
1,1,1,1,1,0.3750429,0.3992855,1,1,0
1,1,1,1,1,0.3646138,0.3869288,1,1,0
1,1,1,1,1,0.3787153,0.3747874,1,1,0
1,1,1,1,1,0.4536273,0.3628594,1,1,0
1,1,1,1,1,1,0.3511421,1,1,0
1,1,1,1,1,1,0.3397366,1,1,0
1,1,1,1,1,1,0.3284361,1,1,0
1,1,1,1,1,1,0.3172396,1,1,0
1,1,1,1,1,0.9979726,0.3061433,1,1,0
1,1,1,1,1,0.987926,0.295143,1,1,0
0.998216,1,1,1,1,0.9779619,0.2842344,0.3601432,1,0
0.9945671,0.989648,1,1,1,0.9681757,0.2725163,0.3411985,1,0
0.9911575,0.9760299,1,1,1,0.9588519,0.2610853,0.3230936,1,0
0.9879853,0.962907,1,1,1,0.949982,0.2499258,0.3057701,1,0
1,0.9502543,1,1,1,0.941558,0.2680841,0.289175,1,0
1,0.9380423,1,1,1,0.9335762,0.3178716,0.2732634,1,0
1,0.9269204,1,1,1,1,0.3791221,0.2582601,1,0
1,0.9166046,1,1,1,1,0.9176696,0.2439854,1,0
1,0.9079898,1,1,1,1,0.906544,0.2307146,1,0
1,0.8996606,1,1,1,1,0.8957181,0.2178248,1,0
1,0.8916036,1,1,1,1,0.8851713,0.2052908,0.3099006,0
1,0.8812334,1,1,1,1,0.8744067,0.1922458,0.2851888,0
1,0.8711921,1,1,1,1,0.8641345,0.1796706,0.2621037,0
1,0.8614593,1,1,1,1,0.8543428,0.1791062,0.2404933,0
1,0.8520252,1,1,1,1,0.8450212,0.196903,0.2202237,0
1,0.8428745,1,1,1,1,0.8361601,0.216915,0.201177,0
1,0.8775738,1,1,1,1,0.8277541,0.2394848,0.1832531,0
0.892893,0.8914059,0.996524,1,1,1,0.8197957,0.2650401,0.166359,0
0.8554393,0.8827657,0.9754211,1,1,1,1,0.294101,0.1504116,0
0.8235115,0.8743917,0.9551373,1,1,1,1,1,0.1543404,0
0.8233929,0.86764,0.9419595,1,1,1,1,0.8360369,0.1636559,0
0.8207615,0.8608024,0.9284188,1,1,1,1,0.8239115,0.1735208,0
0.8217448,0.8541679,0.9158972,1,1,1,1,0.8123959,0.1835131,0
0.8254846,0.8476784,0.9041897,1,1,1,1,0.8013711,0.1936238,0
0.8313778,0.8412992,0.8931507,1,1,1,1,0.7907518,0.2038327,0
0.8390056,0.8350005,0.8826648,1,1,1,1,0.7804688,0.2141281,0
0.8480523,0.8287614,0.8726414,1,1,1,1,0.7704697,0.2244977,0
0.8582837,0.8225664,0.8630099,1,1,1,1,0.760712,0.2349292,0
0.8695171,0.8164047,0.8537137,1,1,1,1,0.751161,0.2454105,0
0.8816009,0.8102659,0.8447035,1,1,1,1,0.7417909,0.2559341,0
1,0.8041424,0.835939,1,1,1,1,0.7325739,0.2664932,0
1,0.7977675,0.8254576,1,1,1,1,0.7227688,1,2
1,0.7625858,0.8243825,1,1,1,1,0.7165637,1,2
1,0.7228963,0.8241454,1,1,1,1,0.7105892,1,2
1,0.7183684,0.8248839,1,1,0.9953693,1,0.7048939,1,2
1,0.7140986,0.8259237,1,1,0.9799684,1,0.6992051,1,2
0.8707839,0.710097,0.8273445,1,1,0.9908333,1,0.6935482,1,2
0.8603789,0.7069271,1,1,1,1,1,0.6889997,1,2
0.7856374,0.7033901,1,1,1,1,1,0.683102,1,2
0.7771828,0.7004897,1,1,0.9951943,1,1,0.6779255,1,2
0.7691067,0.6979508,1,1,0.9760823,1,1,0.6728582,1,2
0.7613777,0.6958269,1,1,0.9572318,1,1,0.6679676,1,2
0.7540265,0.694132,1,1,0.9387006,1,1,0.6632481,1,2
0.7470762,0.6928738,1,1,0.9205337,1,1,0.6586876,1,2
0.7405489,0.6920607,1,0.9959096,0.9027704,1,1,0.654273,1,2
0.7344491,0.6917146,1,0.9726053,0.8854008,1,1,0.6500155,1,2
0.7287546,0.6919386,1,0.9497175,0.8732023,1,1,0.6460468,1,2
0.6584693,0.7607911,1,0.9273895,0.9079821,1,1,0.6423157,1,2
0.6538476,0.6931171,1,0.9060512,0.9464976,1,1,0.6385442,1,2
0.649619,0.6869746,1,0.8846828,0.9949639,1,1,0.6354555,1,2
0.645888,0.6895454,1,0.8641064,1,1,0.8039467,0.63249,1,2
0.6426514,0.6924199,1,0.8446356,1,1,0.7166044,0.6293012,1,2
0.6398622,0.6955539,1,0.8261617,1,1,0.6519834,0.6258472,1,2
0.6374788,1,1,0.8085982,1,1,0.6024274,0.6220738,1,2
0.6351601,1,1,0.7958049,1,1,0.5962445,0.6127904,1,2
0.632916,1,1,0.7831569,1,1,0.5907238,0.6033434,1,2
0.630744,1,1,0.7706524,1,1,0.5858201,0.5937308,1,2
0.6286415,1,0.8848907,0.768669,1,1,0.5814921,0.583948,1,2
0.6267083,1,0.8671327,0.7780322,1,1,0.5703943,0.5752152,1,2
0.6248773,1,0.8498189,0.7874311,1,1,0.5604984,0.5662591,1,2
0.623144,1,0.8329291,0.7968165,1,1,0.5516755,0.5570703,1,2
0.6215001,1,0.816446,0.806131,1,1,0.5438259,0.5476454,1,2
0.6199382,1,0.8003441,0.8153181,1,1,0.5368609,0.5379753,1,2
0.6184508,1,0.784605,0.8243238,1,1,0.5307021,0.5280607,1,2
0.6170275,1,0.7692103,0.8330868,1,1,0.5252916,0.5179042,1,2
1,1,0.7541382,0.8415682,1,1,0.5205541,0.5075068,1,0
1,1,0.7476861,0.8122699,1,1,0.5484691,0.4902228,1,0
1,1,0.7407349,0.7863715,1,1,0.5770134,0.4736776,1,0
0.6806459,1,0.7332927,0.7633461,1,1,0.6059896,0.4577869,1,2
0.5985252,1,0.7182301,0.7688831,1,1,0.6005761,0.4471762,1,2
0.597075,1,0.7017325,0.7812518,1,1,0.5879343,0.4375759,1,2
0.5957168,1,0.685746,0.7932488,1,1,0.5770699,0.427651,1,2
0.5944372,1,0.6702196,0.8047986,1,1,0.5677415,0.4174027,1,2
0.5932242,1,0.6551172,0.8158323,1,1,0.5597517,0.4068464,1,2
0.592069,1,0.6403945,1,1,1,0.5529262,0.395988,1,1
0.5907811,1,0.6270049,1,1,1,0.5516078,0.3840536,1,1
0.5895222,1,0.6137449,1,1,1,0.550512,0.3719876,1,1
1,1,0.6006089,1,1,1,0.5496339,0.3597921,1,0
1,1,0.5943508,1,1,1,0.5825181,0.3422995,1,0
1,1,0.5878016,0.763952,1,1,0.7571765,0.3255415,1,0
1,1,0.5789102,0.7429849,1,1,0.7862531,0.3106773,1,0
1,1,0.5696226,0.7243487,1,1,0.8146681,0.2962407,0.5288005,0
1,1,0.5662134,0.680899,1,1,0.8903557,0.2788691,0.4851983,0
1,1,0.5630058,0.6415188,1,1,0.9770621,0.2818898,0.4453581,0
1,1,0.5600093,0.6055991,1,1,1,0.2942682,0.4088212,0
1,1,0.5569637,0.5733316,1,1,1,0.30762,0.3755435,0
1,1,0.5535661,0.5447438,1,1,1,0.3217115,0.3453741,0
0.6408401,1,0.5497323,0.5192762,1,1,1,0.3364656,0.317847,1
1,1,0.5377043,0.510909,1,1,1,0.3431367,0.2992958,0
1,1,0.5331235,0.4885158,1,1,1,0.3586731,0.2746311,0
1,1,0.5279624,0.4683292,1,1,1,0.374676,0.251803,0
1,1,0.5221781,0.4500176,1,1,1,0.3910486,0.2371261,0
1,1,0.5156193,0.4334736,0.6220098,1,1,0.4075164,0.2437701,0
1,1,0.5048315,0.4228985,0.6040264,1,1,0.4188741,0.2491983,1
1,1,0.4930758,0.413584,0.5889405,1,1,0.4291705,0.2543909,1
1,1,0.4804984,0.4053113,0.5762011,1,1,0.4384277,0.2593455,1
1,1,0.4672407,0.3979011,0.5653787,1,1,0.4466963,0.2640695,1
1,1,0.4534279,0.3912128,0.5561439,1,1,0.5308608,0.2685713,1
1,1,0.4384605,0.3861286,0.550414,1,1,0.5355825,0.2725286,1
1,1,0.4233048,0.3814434,0.5455428,1,1,0.5395865,0.2763054,1
1,1,0.4080302,0.3770987,0.541409,1,1,0.5429646,0.2799159,2
1,1,0.3926984,0.3730515,0.5379207,1,1,0.5457953,0.283369,2
1,1,0.3773565,0.3692668,0.5350026,1,1,0.5481493,0.2866731,2
1,1,0.3620462,0.3657044,0.5325755,1,1,0.5501016,0.2898424,2
1,1,0.3468007,0.3623296,1,1,1,0.5517181,0.2928899,1
1,1,0.3338867,0.354819,1,1,1,0.5595645,0.2972767,1
1,1,0.3206451,0.3479,1,1,1,0.5665218,0.3014727,1
1,1,0.3071431,0.3414921,1,1,1,0.5726406,0.3054833,1
1,1,0.2934334,0.3355288,0.9992431,1,1,0.5779771,0.3093143,1
1,1,0.2795685,0.3299676,0.9951488,1,1,0.5825726,0.3129661,1
1,1,0.265582,0.3247827,1,1,1,0.5864478,0.3164388,1
1,1,0.2515483,0.3198602,1,1,1,0.5897938,0.3197677,1
1,1,0.2374838,0.3152076,1,1,1,0.5925968,0.322946,1
1,1,0.2234208,0.3107992,1,1,1,0.59491,0.3259791,2
1,0.4167079,0.2131149,0.3066081,1,1,1,0.5967898,0.3288761,2
1,0.3706307,0.2134895,0.3123663,1,1,1,0.5826362,0.3279805,2
1,0.3289919,0.2142781,0.3191977,1,1,1,0.5692735,0.3270184,2
1,0.2911458,0.2155142,0.327255,1,1,1,0.5566149,0.3259893,2
1,0.2565722,0.217236,0.3367217,1,1,1,0.5445844,0.3248927,2
1,0.2248351,0.2194818,0.3478128,1,1,1,0.5331205,0.3237312,2
1,0.1955787,0.2222954,0.3607919,1,1,1,0.5221694,0.3225068,2
1,0.1684986,0.2257269,0.8727427,1,1,1,0.5116839,0.3212219,2
1,0.1492786,0.2267202,1,1,1,1,0.5069631,0.3212587,2
1,0.1483252,0.2272246,1,1,1,1,0.5035533,0.321545,2
1,0.1474123,0.2276654,1,1,1,1,0.5005699,0.3218689,2
0.3624762,0.1465338,0.2280399,1,1,1,1,0.4979581,0.3222246,2
0.2395772,0.1470853,0.2334255,1,1,1,1,0.4884701,0.3207323,2
0.14795,0.147969,0.2397005,1,1,1,1,0.4793094,0.3581237,2
0.1234626,0.1492032,0.2469732,1,1,1,0.9448139,0.470444,0.3562177,2
0.1233974,0.1508003,0.2553579,1,1,1,0.8965727,0.4618527,0.3542763,2
0.123602,0.1527825,0.2650031,1,1,1,0.8529747,0.4535085,0.3522956,2
0.1240772,0.1551664,0.6715324,1,1,1,0.8133338,0.4453946,0.3502781,2
0.1248305,0.1579787,0.7022076,1,1,1,0.7770784,0.4374878,0.3482195,2
0.1257673,0.1609193,0.7330939,1,1,1,0.7469101,0.4305108,0.346314,2
0.1268096,0.1637952,1,1,1,1,0.7229118,0.4246438,0.3446098,2
0.127729,0.1659389,1,1,1,1,0.7087117,0.4209113,0.3433682,2
0.1287052,0.1680657,1,1,1,1,0.6964247,0.4175316,0.3421589,2
0.1297261,0.1701655,1,1,1,1,0.6857391,0.4144558,0.3409752,2
0.1307831,0.1722325,1,1,1,1,0.6764029,0.4116414,0.3398103,2
0.131868,0.1742608,1,1,1,1,0.668215,0.4090546,0.3386604,2
0.1329724,0.1762446,1,1,1,1,0.661013,0.4066682,0.337524,1
0.1340915,0.178182,1,1,1,1,0.6546593,0.4044569,0.3363984,1
0.1352204,0.4245808,1,1,1,1,0.6490408,0.4024001,0.3352823,0
0.1359191,0.4239314,1,1,1,1,0.6522616,0.4025857,0.3346665,1
0.1365912,0.4233696,1,1,1,1,0.6552691,0.4649715,0.3340777,1
0.1373617,0.423798,1,1,1,1,0.6555722,0.4466684,0.3333637,1
0.13808,0.4239498,1,1,1,1,0.6566086,0.4280923,0.3327085,1
0.1387427,0.4238427,1,1,1,1,0.6583402,0.4093249,0.3321158,1
0.1393464,0.4234951,1,1,1,1,0.6607332,0.3968926,0.33159,1
0.1399015,0.4230183,1,1,1,1,0.6634876,0.3970533,0.3311178,1
0.322416,0.4226077,1,1,1,1,0.6660476,0.3971853,0.3306638,0
0.3218954,0.4192837,1,1,1,1,0.6775845,0.3995239,0.330795,0
0.321421,0.4163375,1,1,1,1,0.6884791,0.4017384,0.3309799,0
0.3209832,0.4137158,1,1,1,1,0.6987222,0.403828,0.3312071,0
0.320575,0.4113753,1,1,1,1,0.7083113,0.4057926,0.3314664,0
0.3201887,0.4092766,1,1,1,1,0.717257,0.4076366,0.3317515,0
0.3198219,0.4073913,1,1,1,1,1,0.4093604,0.3320539,1
0.3199789,0.4075294,1,1,1,1,1,0.409223,0.3318962,1
0.3201319,0.4076602,1,1,1,1,1,0.4090926,0.3317425,1
0.320281,0.4077838,1,1,1,1,1,0.4089689,0.4901974,2
0.3210909,0.4102888,1,1,1,1,1,0.4066509,0.4603282,2
0.3218023,0.4122823,1,1,1,1,1,0.4048508,0.4259087,1
0.3223802,0.4136878,1,1,1,1,1,0.4035939,0.3872909,1
0.3227945,0.4144445,1,1,1,1,1,0.4029056,0.3450973,1
0.3230218,0.4145139,1,1,1,1,1,0.4028089,0.3249199,1
0.3231533,0.4142659,1,1,1,1,1,0.4029891,0.3247592,1
0.3232775,0.4140292,1,1,1,1,1,0.4031646,0.3246086,1
0.3233938,0.4138021,1,0.9974669,1,1,1,0.4033362,0.3244684,1
0.3235035,0.4135891,1,0.9875738,1,1,1,0.4034998,0.3243376,1
0.3236136,0.4134092,1,0.9776587,1,1,1,0.4036373,0.3242094,1
0.3237231,0.4132597,1,0.9677225,1,1,1,0.4037509,0.3240843,1
0.3238316,0.4131379,1,0.9577664,1,1,1,0.4038422,0.3239627,1
0.3239415,0.4130453,1,0.9477911,1,1,1,0.403909,0.3238417,1
0.324052,0.4129797,1,0.937798,1,1,1,0.4039532,0.3237218,1
0.3241657,0.4129426,1,0.9277881,1,1,1,0.4039725,0.3236003,1
0.3242821,0.4129317,1,0.9177625,1,1,1,0.403969,0.3234775,1
0.3244004,0.4129449,1,0.9077222,1,1,1,0.4039442,0.3233539,1
0.3245202,1,1,0.8976685,1,1,1,0.4038998,0.3232298,0
0.3227988,0.4063255,1,0.8904051,1,1,1,0.4103425,0.3248678,1
0.3228795,1,1,0.8800615,1,1,1,0.4099639,0.3247845,0
0.3211953,1,1,0.8728339,1,1,1,0.4165765,0.326622,0
0.3195329,1,1,1,1,1,1,0.4233599,0.3286536,0
0.3177894,1,1,1,1,1,1,0.4307689,0.330996,0
0.3160447,1,1,1,1,1,1,0.4383758,0.3335233,0
0.3142881,1,1,1,0.8973532,1,1,0.4461536,0.3362184,0
0.3125348,1,1,1,0.8104981,1,1,0.4538962,0.3390118,0
0.3107827,1,1,1,0.8015869,1,1,0.461523,0.3418666,0
0.3090105,1,0.9830611,0.9978716,0.7926993,1,1,1,0.3447991,2
0.3080203,1,0.9882619,1,0.7822453,1,1,1,0.3454219,2
0.3070757,1,0.9934338,1,0.7718292,1,1,1,0.3460191,2
0.3061773,1,0.9986116,1,0.7614431,1,1,1,0.3465872,2
0.3053217,1,1,1,0.7510852,1,1,1,0.3471294,2
0.3045122,1,1,1,0.7407504,1,1,1,0.3476351,2
0.3037502,1,1,1,0.7304329,1,1,1,0.3481013,2
0.3030351,1,1,1,0.7201356,1,1,1,0.348529,2
0.3023666,1,1,1,0.7338279,1,1,1,0.3489192,1
0.3017365,1,1,1,0.7599468,1,1,1,0.3492874,1
0.3011424,1,1,1,0.7877362,1,1,1,0.3496379,1
0.3005839,1,1,1,1,1,1,1,0.3499696,1
1,1,1,1,1,1,1,1,0.350362,0
1,1,1,1,0.660189,1,1,1,0.3540145,0
1,1,0.9708169,1,0.6516407,1,1,1,0.3581039,0
1,1,0.9365352,1,0.6433622,1,1,1,0.3626452,0
1,1,0.9044397,0.8499587,0.6353502,1,1,1,0.3676547,0
1,1,0.8786229,0.8037915,0.6272149,1,1,1,0.3725149,0
1,1,0.8566014,0.7659602,0.6189943,1,1,1,1,2
1,1,0.8655898,0.7815222,0.6078362,1,1,1,1,2
1,1,0.8742549,0.7968401,0.5968317,1,1,1,1,2
1,1,0.8825867,0.8118731,0.5859585,1,1,1,1,2
1,1,0.8905677,1,0.5752006,1,1,1,1,2
1,1,0.8949708,1,0.5647398,1,1,1,1,2
1,1,0.8993585,1,0.554317,1,1,1,1,2
1,1,0.90372,1,0.5439261,1,1,1,1,2
1,1,0.7217247,1,0.5335674,1,1,1,1,2
1,1,0.7059556,1,0.5229553,1,1,1,1,2
1,0.9945118,0.69034,1,0.5123869,1,1,1,1,2
1,0.9628423,0.6748154,1,0.5018565,1,1,1,1,2
1,0.9304906,0.6590472,0.5074718,0.4913222,1,1,1,1,2
1,0.8907959,0.6410957,0.4948475,0.4805868,1,1,1,1,2
1,0.8521182,0.6233441,0.4823586,1,1,1,1,1,2
1,0.8161629,0.6063137,0.4701863,1,1,1,1,1,2
1,0.7811143,0.5894899,0.4581575,1,1,1,1,1,2
1,0.7471886,0.5951542,0.4463061,1,1,1,1,1,2
1,0.7148798,0.621302,0.434689,1,1,1,1,1,2
1,0.6844435,0.6502207,0.4233268,1,1,1,1,1,2
1,0.6624153,1,0.4122104,1,1,1,1,1,2
1,0.6717359,1,0.4015385,1,1,1,1,1,2
1,0.6811324,1,0.3910036,1,1,1,1,1,2
1,0.6905747,0.4030791,0.4479505,1,1,1,1,1,2
1,0.7061648,0.3898486,1,1,1,1,1,1,2
1,0.7206913,0.3773036,1,1,1,1,1,1,2
0.9849913,0.5748294,0.3651074,1,1,1,1,1,1,2
0.9170023,0.5517633,0.3527256,1,1,1,1,1,1,2
0.8538178,0.5294,0.3405925,1,1,1,1,1,1,2
0.796387,0.5080736,0.3287791,1,1,1,1,1,1,2
0.7439669,0.4877131,0.317269,1,1,1,1,1,1,2
0.6959506,0.4682613,0.3060528,1,1,1,1,1,1,2
0.6518083,0.4820648,0.3223116,1,1,1,1,1,1,2
0.6111031,0.5024009,1,1,1,1,1,0.9928089,1,2
0.6052513,0.5246733,1,1,1,1,1,0.9807878,1,2
0.6175637,0.3062667,1,1,1,1,1,0.9691848,1,2
0.6307419,0.2916937,1,1,1,1,1,0.9579818,1,2
0.6448418,0.2776769,1,1,1,1,1,0.9471548,1,2
0.5142667,0.2641873,1,1,1,1,1,0.936691,1,2
0.4861067,0.2511948,1,1,1,1,1,0.9536681,1,2
0.4597206,0.2386714,1,1,1,1,1,0.9927971,1,2
0.4349536,0.2265914,1,1,1,1,1,1,1,2
0.421356,0.2371939,1,1,1,1,1,1,1,2
0.4362429,0.262844,1,1,1,1,1,1,1,2
0.2569581,0.2920325,1,1,1,1,1,1,1,2
0.2397618,1,1,1,1,1,1,1,1,2
0.2234974,1,1,1,1,1,1,1,1,2
0.2081047,1,1,1,1,1,1,1,1,2
0.1935172,1,1,1,1,1,1,1,1,2
0.203194,1,1,1,1,1,1,1,1,2
0.2183323,1,1,1,1,1,1,1,1,2
0.2344336,1,1,1,1,1,1,1,1,2
0.251454,1,1,1,1,1,1,1,1,2
1,1,1,1,1,1,1,1,0.8015202,0
1,1,1,1,1,1,1,1,1,1
1,1,1,1,1,1,1,1,1,1
1,1,1,1,1,1,1,1,1,1
1,1,1,1,1,1,1,1,1,1
1,1,1,1,1,1,1,1,1,1
1,1,1,1,1,1,1,1,1,1
1,1,1,1,1,1,1,1,1,1
1,1,1,1,1,1,1,1,1,1
1,1,1,1,1,1,1,1,1,1
1,1,1,1,1,1,1,1,1,1
1,1,1,1,1,1,1,1,1,1
1,1,1,1,1,1,1,1,1,1
1,1,1,1,1,1,1,1,1,1
1,1,1,1,1,1,1,1,1,1
1,1,1,1,1,1,1,1,1,1
1,1,1,1,1,1,1,1,1,1
1,1,1,1,1,1,1,1,1,1
1,1,1,1,1,1,1,1,1,1
1,1,1,1,1,1,1,1,1,1
1,1,1,1,1,1,1,0.6860846,1,0
1,1,1,1,1,1,1,0.6798693,1,0
1,1,1,1,1,1,1,0.6738778,1,0
1,1,1,1,1,1,1,0.6681167,1,0
1,1,1,1,1,1,1,0.6625955,1,0
1,1,1,1,1,1,1,0.657317,1,0
1,1,1,1,1,1,1,0.6522869,1,0
1,1,1,1,1,1,1,0.6475104,1,0
1,1,1,1,1,1,1,1,1,1
1,1,1,1,1,1,1,1,1,1
1,1,1,1,1,1,1,1,1,1
1,1,1,1,1,1,1,1,1,1
1,1,1,1,1,1,1,1,1,1
1,1,1,1,1,1,1,1,1,1
1,1,1,1,1,1,1,1,1,1
1,1,1,1,1,1,1,1,1,1
1,1,1,1,1,1,1,1,1,1
1,1,1,1,1,1,1,1,1,1
1,1,1,1,1,1,1,1,1,1
1,1,1,1,1,1,1,1,1,1
1,1,1,1,1,1,1,1,1,1
1,1,1,1,1,1,1,1,1,1
1,1,1,1,1,1,1,1,1,1
1,1,1,1,1,1,1,1,0.586164,0
1,1,1,1,1,1,1,1,0.5774183,0
1,1,1,1,1,1,1,1,0.5689939,0
1,1,1,1,1,1,1,1,0.5609037,0
1,1,1,1,1,1,1,1,0.5531566,0
1,1,1,1,1,1,1,1,0.5457643,0
1,1,1,1,1,1,1,1,0.5453169,0
1,1,1,1,1,1,1,1,0.6413885,0
1,1,1,1,1,1,1,1,1,1
1,1,1,1,1,1,1,1,1,1
1,1,1,1,1,1,1,1,1,1
1,1,1,1,1,1,1,1,1,1
1,1,1,1,1,1,1,1,1,1
1,1,1,1,1,1,1,1,1,1
1,1,1,1,1,1,1,1,1,1
1,1,1,1,1,1,1,1,1,1
1,1,1,1,1,1,1,1,1,1
1,1,1,1,1,1,1,1,1,1
0.9895784,1,1,1,1,1,1,1,1,1
0.8927053,1,1,1,1,1,1,1,1,2
0.8938057,1,1,1,1,1,1,1,1,2
0.8949575,1,1,1,1,1,1,1,1,2
0.8961598,1,1,1,1,1,1,1,1,1
0.8974088,1,1,1,1,1,1,1,1,1
0.8987066,1,1,1,1,1,1,1,1,1
0.9000489,1,1,1,1,1,1,1,1,1
0.9014348,1,1,1,1,1,1,1,1,1
0.9028637,1,1,1,1,1,1,1,1,1
0.9043342,1,1,1,1,1,1,1,1,1
0.9058458,1,1,1,1,1,1,1,1,1
0.9073938,1,1,1,1,1,1,1,1,1
0.9089777,1,1,1,1,1,1,1,1,1
0.9105961,1,1,1,1,1,1,1,1,1
0.9122452,1,1,1,1,1,1,1,1,1
0.9139271,1,1,1,1,1,1,1,1,1
0.9156377,1,1,1,1,1,1,1,1,1
0.9173759,1,1,1,1,1,1,1,1,1
0.9191408,1,1,1,1,1,1,1,1,1
0.9209285,1,1,1,1,1,1,1,1,1
0.9227378,1,1,1,1,1,1,1,1,1
0.924568,1,1,1,1,1,1,1,1,1
1,1,1,1,1,1,1,1,1,1
1,1,1,1,1,1,1,1,1,1
1,1,1,1,1,1,1,1,1,1
1,1,1,1,1,1,1,1,1,1
1,1,1,1,1,1,1,1,1,1
1,1,1,1,1,1,1,1,1,1
1,1,1,1,1,1,1,1,1,1
1,1,1,1,1,1,1,1,1,1
1,1,1,1,1,1,1,1,1,1
1,1,1,1,1,1,1,1,1,1
1,1,1,1,1,1,1,1,1,1
1,1,1,1,1,1,1,1,1,1
1,1,1,1,1,1,1,1,1,1
1,1,1,1,1,1,1,1,1,1
1,1,1,1,1,1,1,1,1,1
1,1,1,1,1,1,1,1,1,1
1,1,1,1,1,1,1,1,1,1
1,1,1,1,1,1,1,1,1,1
1,1,1,1,1,1,1,1,1,1
1,1,1,1,1,1,1,1,1,1
1,1,1,1,1,1,1,1,1,1
1,1,1,1,1,1,1,1,1,1
1,1,1,1,1,1,1,1,1,1
1,1,1,1,1,1,1,1,1,1
1,1,1,1,1,1,1,1,1,1
1,1,1,1,1,1,1,1,1,1
1,1,1,1,1,1,1,1,1,1
1,1,1,1,1,1,1,1,1,1
1,1,1,1,1,1,1,1,1,1
1,1,1,1,1,1,1,1,1,1
1,1,1,1,1,1,1,1,1,1
1,1,1,1,1,1,1,1,1,1
1,1,1,1,1,1,1,1,1,1
1,1,1,1,1,1,1,1,1,1
1,1,1,1,1,1,1,1,1,1
1,1,1,1,1,1,1,1,1,1
1,1,1,1,1,1,1,1,1,1
1,1,1,1,1,1,1,1,1,1
1,1,1,1,1,1,1,1,1,1
1,1,1,1,1,1,1,1,1,1
1,1,1,1,1,1,1,1,1,1
1,1,1,1,1,1,1,1,1,1
1,1,1,1,1,1,1,1,1,1
1,1,1,1,1,1,1,1,1,1
1,1,1,1,1,1,1,1,1,1
1,1,1,1,1,1,1,1,1,1
1,1,1,1,1,1,1,1,1,1
1,1,1,1,1,1,1,1,1,1
1,1,1,1,1,1,1,1,1,1
1,1,1,1,1,1,1,1,1,1
1,1,1,1,1,1,1,1,1,1
1,1,1,1,1,1,1,1,1,1
1,1,1,1,1,1,1,1,1,1
1,1,1,1,1,1,1,1,1,1
1,1,1,1,1,1,1,1,1,1
1,1,1,1,1,1,1,1,1,1
1,1,1,1,1,1,1,1,1,1
1,1,1,1,1,1,1,1,1,1
1,1,1,1,1,1,1,1,1,1
1,1,1,1,1,1,1,1,1,1
1,1,1,1,1,1,1,1,1,1
1,1,1,1,1,1,1,1,1,1
1,1,1,1,1,1,1,1,1,1
1,1,1,1,1,1,1,1,1,1
1,1,1,1,1,1,1,1,1,1
1,1,1,1,1,1,1,1,1,1
1,1,1,1,1,1,1,1,1,1
1,1,1,1,1,1,1,1,1,1
1,1,1,1,1,1,1,1,1,1
1,1,1,1,1,1,1,1,1,1
1,1,1,1,1,1,1,1,1,1
1,1,1,1,1,1,1,1,1,1
1,1,1,1,1,1,1,1,1,1
1,1,1,1,1,1,1,1,1,1
1,1,1,1,1,1,1,1,1,1
1,1,1,1,1,1,1,1,1,1
1,1,1,1,1,1,1,1,1,1
1,1,1,1,1,1,1,1,1,1
1,1,1,1,1,1,1,1,1,1
1,1,1,1,1,1,1,1,1,1
1,1,1,1,1,1,1,1,1,1
1,1,1,1,1,1,1,1,1,1
1,1,1,1,1,1,1,1,1,1
1,1,1,1,1,1,1,1,1,1
1,1,1,1,1,1,1,1,1,1
1,1,1,1,1,1,1,1,1,1
1,1,1,1,1,1,1,1,1,1
1,1,1,1,1,1,1,1,1,1
1,1,1,1,1,1,1,1,1,1
1,1,1,1,1,1,1,1,1,1
1,1,1,1,1,1,1,1,1,1
1,1,1,1,1,1,1,1,1,1
1,1,1,1,1,1,1,1,1,1
1,1,1,1,1,1,1,1,1,1
1,1,1,1,1,1,1,1,1,1
1,1,1,1,1,1,1,1,1,1
1,1,1,1,1,1,1,1,1,1
1,1,1,1,1,1,1,1,1,1
1,1,1,1,1,1,1,1,1,1
1,1,1,1,1,1,1,1,1,1
1,1,1,1,1,1,1,1,1,1
1,1,1,1,1,1,1,1,1,1
1,1,1,1,1,1,1,1,1,1
1,1,1,1,1,1,1,1,1,1
1,1,1,1,1,1,1,1,1,1
1,1,1,1,1,1,1,1,1,1
1,1,1,1,1,1,1,1,1,1
1,1,1,1,1,1,1,1,1,1
1,1,1,1,1,1,1,1,1,1
1,1,1,1,1,1,1,1,1,1
1,1,1,1,1,1,1,1,1,1
1,1,1,1,1,1,1,1,1,1
1,1,1,1,1,1,1,1,1,1
1,1,1,1,1,1,1,1,1,1
1,1,1,1,1,1,1,1,1,1
1,1,1,1,1,1,1,1,1,1
1,1,1,1,1,1,1,1,1,1
1,1,1,1,1,1,1,1,1,1
1,1,1,1,1,1,1,1,1,1
1,1,1,1,1,1,1,1,1,1
1,1,1,1,1,1,1,1,1,1
1,1,1,1,1,1,1,1,1,1
1,1,1,1,1,1,1,1,1,1
1,1,1,1,1,1,1,1,1,1
1,1,1,1,1,1,1,1,1,1
1,1,1,1,1,1,1,1,1,1
1,1,1,1,1,1,1,1,1,1
1,1,1,1,1,1,1,1,1,1
1,1,1,1,1,1,1,1,0.9520081,1
1,1,1,1,1,1,1,1,0.8866519,0
1,1,1,1,1,1,1,1,0.8575155,0
1,1,1,1,1,1,1,1,0.8577746,0
1,1,1,1,1,1,1,1,0.85812,0
1,1,1,1,1,1,1,1,0.858551,0
1,1,1,1,1,1,1,1,0.8590671,0
1,1,1,1,1,1,1,1,0.8596676,0
1,1,1,1,1,1,1,1,0.8603514,0
1,0.9933487,1,1,1,1,1,1,0.8611148,0
1,0.9843965,1,1,1,1,1,1,0.8619146,0
1,0.9750031,1,1,1,1,1,1,0.8627286,0
1,0.9651524,1,1,1,1,1,1,0.8635454,0
1,0.9548236,1,1,1,1,1,1,0.8643511,1
1,0.9439943,1,1,1,1,1,1,0.8651376,1
1,0.9326533,1,1,1,1,1,1,0.8658905,1
1,0.920787,1,1,1,1,1,1,0.8665993,1
1,0.9083849,1,1,1,1,1,1,0.8672501,1
1,0.8954403,1,1,1,1,1,1,0.8678325,1
1,0.88195,1,1,1,1,1,1,0.8683338,1
1,0.8679147,1,1,1,1,1,1,0.868745,1
1,0.8533394,1,1,1,1,1,1,0.8690575,1
1,0.8382338,1,1,1,1,1,1,0.8692607,1
1,0.8226121,1,1,1,1,1,1,0.869345,1
1,0.8064935,1,1,1,1,1,1,0.8693014,1
1,0.7899016,1,1,1,1,1,1,0.869126,1
1,0.7728645,1,1,1,1,1,1,0.8688122,1
1,0.7554147,1,1,1,1,1,1,0.8683584,1
1,0.7375886,1,1,1,1,1,1,0.8677579,1
1,0.7194258,1,1,1,1,1,1,0.8670114,1
1,0.7009686,1,1,1,1,1,1,0.8661214,1
1,0.6822618,1,1,1,1,1,1,0.8650848,2
1,0.6683599,1,1,1,1,1,1,0.8639065,2
1,0.6715385,1,1,1,1,1,1,0.8626259,2
1,0.6747048,1,1,1,1,1,1,0.8613618,2
1,0.6778532,1,1,1,1,1,1,0.8601136,2
1,0.6809782,1,1,1,1,1,1,0.8588812,1
1,0.6840791,1,1,1,1,1,1,0.8576612,1
1,0.6871505,1,1,1,1,1,1,0.8564537,1
1,0.6901873,1,1,1,1,1,1,0.8552591,1
1,0.6931888,1,1,1,1,1,1,0.8540745,1
1,0.6961503,1,1,1,1,1,1,0.8529004,1
1,0.6990713,1,1,1,1,1,1,0.8517345,1
1,0.7019471,1,1,1,1,1,1,0.8505775,1
1,0.7047775,1,1,1,1,1,1,0.8494274,1
1,0.707558,1,1,1,1,1,1,0.8482851,1
1,0.7102845,1,1,1,1,1,1,0.8471519,1
1,0.7129573,1,1,1,1,1,1,0.8460261,1
0.8356196,0.7155763,1,1,1,1,1,1,0.8449057,2
0.7857864,0.7228328,1,1,1,1,1,1,0.8427117,2
0.7352823,0.7315595,1,1,1,1,1,1,0.8402605,2
0.6849127,1,1,1,1,1,1,1,0.8375839,2
0.647639,1,1,1,1,1,1,1,0.8357444,2
0.6093887,1,1,1,1,1,1,1,0.8336982,2
0.5706031,1,1,1,1,1,1,1,0.8314565,2
0.564361,1,1,1,1,1,1,1,0.8290375,2
0.5682591,1,1,1,1,1,1,1,0.8265971,2
0.572261,1,1,1,1,1,1,1,0.8241779,2
0.5763582,1,1,1,1,1,1,1,0.8217744,2
0.5805456,1,1,1,1,1,1,1,0.8193784,2
0.5848116,1,1,1,1,1,1,1,1,2
0.5914269,1,1,1,1,1,1,1,0.8140888,2
0.5959165,1,1,1,1,1,1,1,1,2
0.6029813,1,1,1,1,1,1,1,1,2
0.6103356,1,1,1,1,1,1,1,0.8061465,2
0.6151119,1,1,1,1,1,1,1,1,2
0.6228535,1,1,1,1,1,1,1,1,2
0.6308563,1,1,1,1,1,1,1,0.7983086,2
0.6357958,1,1,1,1,1,1,1,1,2
0.6441192,1,1,1,1,1,1,1,0.9825635,2
1,1,1,1,1,1,1,1,0.9194983,1
1,1,1,1,1,1,1,1,1,1
1,1,1,1,1,1,1,1,1,1
1,1,1,1,1,1,1,1,1,1
1,1,1,1,1,1,1,1,1,1
1,1,1,1,1,1,1,1,1,1
1,1,1,1,1,1,1,1,1,1
1,1,1,1,1,1,1,1,1,1
1,1,1,1,1,1,1,1,1,1
1,1,1,1,1,1,1,1,1,1
1,1,1,1,1,1,1,1,1,1
1,0.9992825,1,1,1,1,1,1,1,1
1,1,1,1,1,1,1,1,1,1
1,1,1,1,1,1,1,1,1,1
1,1,1,1,1,1,1,1,1,1
1,1,1,1,1,1,1,1,1,1
1,1,1,1,1,1,1,1,1,1
1,1,1,1,1,1,1,1,1,1
1,1,1,1,1,1,1,1,1,1
1,1,1,1,1,1,1,1,1,1
1,1,1,1,1,1,1,1,1,1
1,1,1,1,1,1,1,1,1,1
1,1,1,1,1,1,1,1,1,1
1,1,1,1,1,1,1,1,1,1
1,1,1,1,1,1,1,1,1,1
1,1,1,1,1,1,1,1,1,1
1,1,1,1,1,1,1,1,1,1
1,1,1,1,1,1,1,1,1,1
1,1,1,1,1,1,1,1,1,1
1,1,1,1,1,1,1,1,1,1
1,1,1,1,1,1,1,1,1,1
1,1,1,1,1,1,1,1,1,1
1,1,1,1,1,1,1,1,1,1
1,1,1,1,1,1,1,1,1,1
1,1,1,1,1,1,1,1,1,1
1,1,1,1,1,1,1,1,1,1
1,1,1,1,1,1,1,1,1,1
1,1,1,1,1,1,1,1,1,1
1,1,1,1,1,1,1,1,1,1
1,1,1,1,1,1,1,1,1,1
1,1,1,1,1,1,1,1,1,1
1,1,1,1,1,1,1,1,1,1
1,1,1,1,1,1,1,1,1,1
1,1,1,1,1,1,1,1,1,1
0.9869249,1,1,1,1,1,1,1,1,1
0.9680541,1,1,1,1,1,1,1,1,1
0.9481943,1,1,1,1,1,1,1,1,1
0.9273728,1,1,1,1,1,1,1,1,1
0.9056255,1,1,1,1,1,1,1,1,1
0.8830143,1,1,1,1,1,1,1,1,1
0.8596063,1,1,1,1,1,1,1,1,2
0.8354874,1,1,1,1,1,1,1,1,2
0.8107566,1,1,1,1,1,1,1,1,2
0.803673,1,1,1,1,1,1,1,1,2
0.81129,1,1,1,1,1,1,1,1,2
0.8189279,1,1,1,1,1,1,1,1,2
0.8265721,1,1,1,1,1,1,1,1,2
0.834213,1,1,1,1,1,1,1,1,2
0.8418438,1,1,1,1,1,1,1,1,2
0.8494545,1,1,1,1,1,1,1,1,2
0.8570318,1,1,1,1,1,1,1,1,2
0.8645703,1,1,1,1,1,1,1,1,2
0.8720602,1,1,1,1,1,1,1,1,2
0.8794932,1,1,1,1,1,1,1,1,1
0.8868603,1,1,1,1,1,1,1,1,1
0.8941572,1,1,1,1,1,1,1,1,1
0.9013759,1,1,1,1,1,1,1,1,1
0.9085047,1,1,1,1,1,1,1,1,1
0.9155442,1,1,1,1,1,1,1,1,1
0.9224836,1,1,1,1,1,1,1,1,1
0.92932,1,1,1,1,1,1,1,1,1
0.9360472,1,1,1,1,1,1,1,1,1
0.9426594,1,1,1,1,1,1,1,1,1
0.9491546,1,1,1,1,1,1,1,1,1
1,1,1,1,1,1,1,1,1,1
1,1,1,1,1,1,1,1,1,1
1,1,1,1,1,1,1,1,1,1
1,0.985212,1,1,1,1,1,1,1,1
1,0.9748435,1,1,1,1,1,1,1,1
1,0.9643854,1,1,1,1,1,1,1,1
1,0.953844,1,1,1,1,1,1,1,1
1,0.9432222,1,1,1,1,1,1,1,1
1,0.9325269,1,1,1,1,1,1,1,1
1,0.9217584,1,1,1,1,1,1,1,1
1,0.910924,1,1,1,1,1,1,1,1
1,0.9000279,1,1,1,1,1,1,1,1
1,0.8890777,1,1,1,1,1,1,1,1
1,0.8780782,1,1,1,1,1,1,1,1
1,0.8670341,1,1,1,1,1,1,1,1
1,0.8559502,1,1,1,1,1,1,1,1
1,0.8448316,1,1,1,1,1,1,1,1
1,0.8336868,1,1,1,1,1,1,1,1
1,0.8225211,1,1,1,1,1,1,1,1
1,0.811343,1,1,1,1,1,1,1,1
1,0.8001543,1,1,1,1,1,1,1,1
1,0.7889635,1,1,1,1,1,1,1,1
1,0.7777759,1,1,1,1,1,1,1,1
1,0.7665999,1,1,1,1,1,1,1,1
1,0.7712214,1,1,1,1,1,1,1,1
1,0.7891694,1,1,1,1,1,1,1,1
1,0.8069018,1,1,1,1,1,1,1,1
1,0.8243837,1,1,1,1,1,1,1,1
1,0.8415895,1,1,1,1,1,1,1,1
1,0.8584877,1,1,1,1,1,1,1,1
1,0.8750404,1,1,1,1,1,1,1,1
1,0.8912277,1,1,1,1,1,1,1,1
1,0.9070241,1,1,1,1,1,1,1,1
1,1,1,1,1,1,1,1,1,1
1,1,1,1,1,1,1,1,1,1
1,1,1,1,1,1,1,1,1,1
1,1,1,1,1,1,1,1,1,1
1,1,1,1,1,1,1,1,1,1
1,1,1,1,1,1,1,1,1,1
1,1,1,1,1,1,1,1,1,1
0.811781,1,1,1,1,1,1,1,1,2
0.793703,1,1,1,1,1,1,1,1,2
0.7754842,1,1,1,1,1,1,1,1,2
0.7571765,1,1,1,1,1,1,1,1,2
0.7388278,1,1,1,1,1,1,1,1,2
0.7204809,1,1,1,1,1,1,1,1,2
0.702187,1,1,1,1,1,1,1,1,2
0.6839862,1,1,1,1,1,1,1,1,2
0.6659257,1,1,1,1,1,1,1,1,2
0.6480457,1,1,1,1,1,1,1,1,2
0.6389152,1,1,1,1,1,1,1,1,2
0.654163,1,1,1,1,1,1,1,1,2
0.6695446,1,1,1,1,1,1,1,1,2
0.6850283,1,1,1,1,1,1,1,1,2
0.7005817,1,1,1,1,1,1,1,1,2
0.7161765,1,1,1,1,1,1,1,1,2
0.7317846,1,1,1,1,1,1,1,1,2
0.7473733,1,1,1,1,1,1,1,1,2
0.7629142,1,1,1,1,1,1,1,1,2
0.778375,1,1,1,1,1,1,1,1,2
1,1,1,1,1,1,1,1,1,1
1,1,1,1,1,1,1,1,1,1
1,1,1,1,1,1,1,1,1,1
1,1,1,1,1,1,1,1,1,1
1,1,1,1,1,1,1,1,1,1
1,1,1,1,1,1,1,1,1,1
1,1,1,1,1,1,1,1,1,1
1,1,1,1,1,1,1,1,1,1
1,1,1,1,1,1,1,1,1,1
1,1,1,1,1,1,1,1,1,1
1,1,1,1,1,1,1,1,1,1
1,1,1,1,1,1,1,1,1,1
1,1,1,1,1,1,1,1,1,1
1,1,1,1,1,1,1,1,1,1
1,1,1,1,1,1,1,1,1,1
1,1,1,1,1,1,1,1,1,1
1,1,1,1,1,1,1,1,1,1
1,1,1,1,1,1,1,1,1,1
1,1,1,1,1,1,1,1,1,1
1,1,1,1,1,1,1,1,1,1
1,1,1,1,1,1,1,1,1,1
1,1,1,1,1,1,1,1,1,1
1,1,1,1,1,1,1,1,1,1
1,1,1,1,1,1,1,1,1,1
1,1,1,1,1,1,1,1,1,1
1,1,1,1,1,1,1,1,1,1
1,1,1,1,1,1,1,1,1,1
1,1,1,1,1,1,1,1,1,1
1,1,1,1,1,1,1,1,1,1
1,1,1,1,1,1,1,1,1,1
1,1,1,1,1,1,1,1,1,1
1,1,1,1,1,1,1,1,1,1
1,1,1,1,1,1,1,1,1,1
1,1,1,1,1,1,1,1,1,1
1,1,1,1,1,1,1,1,1,1
1,1,1,1,1,1,1,1,1,1
1,1,1,1,1,1,1,1,1,1
1,1,1,1,1,1,1,1,1,1
1,1,1,1,1,1,1,1,1,1
1,1,1,1,1,1,1,1,1,1
1,1,1,1,1,1,1,1,1,1
1,1,1,1,1,1,1,1,1,1
1,1,1,1,1,1,1,1,1,1
1,1,1,1,1,1,1,1,1,1
1,1,1,1,1,1,1,1,1,1
1,1,1,1,1,1,1,1,1,1
1,1,1,1,1,1,1,1,1,1
1,1,1,1,1,1,1,1,1,1
1,1,1,1,1,1,1,1,1,1
1,1,1,1,1,1,1,1,1,1
1,1,1,1,1,1,1,1,1,1
1,1,1,1,1,1,1,1,1,1
1,1,1,1,1,1,1,1,1,1
1,1,1,1,1,1,1,1,1,1
1,1,1,1,1,1,1,1,1,1
1,1,1,1,1,1,1,1,1,1
1,1,1,1,1,1,1,1,1,1
1,1,1,1,1,1,1,1,1,1
1,1,1,1,1,1,1,1,1,1
1,1,1,1,1,1,1,1,1,1
1,1,1,1,1,1,1,1,1,1
1,1,1,1,1,1,1,1,1,1
1,1,1,1,1,1,1,1,1,1
1,1,1,1,1,1,1,1,1,1
1,1,1,1,1,1,1,1,1,1
1,1,1,1,1,1,1,1,1,1
1,1,1,1,1,1,1,1,1,1
1,1,1,1,1,1,1,1,1,1
1,1,1,1,1,1,1,1,1,1
1,1,1,1,1,1,1,1,1,1
1,1,1,1,1,1,1,1,1,1
1,1,1,1,1,1,1,1,1,1
1,1,1,1,1,1,1,1,1,1
1,1,1,1,1,1,1,1,1,1
1,1,1,1,1,1,1,1,1,1
1,1,1,1,1,1,1,1,1,1
1,1,1,1,1,1,1,1,1,1
1,1,1,1,1,1,1,1,1,1
1,1,1,1,1,1,1,1,1,1
1,1,1,1,1,1,1,1,1,1
1,1,1,1,1,1,1,1,1,1
1,1,1,1,1,1,1,1,1,1
1,1,1,1,1,1,1,1,1,1
1,1,1,1,1,1,1,1,1,1
1,1,1,1,1,1,1,1,1,1
1,1,1,1,1,1,1,1,1,1
1,1,1,1,1,1,1,1,1,1
1,1,1,1,1,1,1,1,1,1
1,1,1,1,1,1,1,1,1,1
1,1,1,1,1,1,1,1,1,1
1,1,1,1,1,1,1,1,1,1
1,1,1,1,1,1,1,1,1,1
1,1,1,1,1,1,1,1,1,1
1,1,1,1,1,1,1,1,1,1
1,1,1,1,1,1,1,1,1,1
1,1,1,1,1,1,1,1,1,1
1,1,1,1,1,1,1,1,1,1
1,1,1,1,1,1,1,1,1,1
1,1,1,1,1,1,1,1,1,1
1,1,1,1,1,1,1,1,1,1
1,1,1,1,1,1,1,1,1,1
1,1,1,1,1,1,1,1,1,1
1,1,1,1,1,1,1,1,1,1
1,1,1,1,1,1,1,1,1,1
1,1,1,1,1,1,1,1,1,1
1,1,1,1,1,1,1,1,1,1
1,1,1,1,1,1,1,1,1,1
1,1,1,1,1,1,1,1,1,1
1,1,1,1,1,1,1,1,1,1
1,1,1,1,1,1,1,1,1,1
1,1,1,1,1,1,1,1,1,1
1,1,1,1,1,1,1,1,1,1
1,1,1,1,1,1,1,1,1,1
1,1,1,1,1,1,1,1,1,1
1,1,1,1,1,1,1,1,1,1
1,1,1,1,1,1,1,1,1,1
1,1,1,1,1,1,1,1,1,1
1,1,1,1,1,1,1,1,1,1
1,1,1,1,1,1,1,1,1,1
1,1,1,1,1,1,1,1,1,1
1,1,1,1,1,1,1,1,1,1
1,1,1,1,1,1,1,1,1,1
1,1,1,1,1,1,1,1,1,1
1,1,1,1,1,1,1,1,1,1
1,1,1,1,1,1,1,1,1,1
1,1,1,1,1,1,1,1,1,1
1,1,1,1,1,1,1,1,1,1
1,1,1,1,1,1,1,1,1,1
1,1,1,1,1,1,1,1,1,1
1,1,1,1,1,1,1,1,1,1
1,1,1,1,1,1,1,1,1,1
1,1,1,1,1,1,1,1,1,1
1,1,1,1,1,1,1,1,1,1
1,1,1,1,1,1,1,1,1,1
1,1,1,1,1,1,1,1,1,1
1,1,1,1,1,1,1,1,1,1
1,1,1,1,1,1,1,1,1,1
1,1,1,1,1,1,1,1,1,1
1,1,1,1,1,1,1,1,1,1
1,1,1,1,1,1,1,1,1,1
1,1,1,1,1,1,1,1,1,1
1,1,1,1,1,1,1,1,1,1
1,1,1,1,1,1,1,1,1,1
1,1,1,1,1,1,1,1,1,1
1,1,1,1,1,1,1,1,1,1
1,1,1,1,1,1,1,1,1,1
1,1,1,1,1,1,1,1,1,1
1,1,1,1,1,1,1,1,1,1
1,1,1,1,1,1,1,1,1,1
1,1,1,1,1,1,1,1,1,1
1,1,1,1,1,1,1,1,1,1
1,1,1,1,1,1,1,1,1,1
1,1,1,1,1,1,1,1,1,1
1,1,1,1,1,1,1,1,1,1
1,1,1,1,1,1,1,1,1,1
1,1,1,1,1,1,1,1,1,1
1,1,1,1,1,1,1,1,1,1
1,1,1,1,1,1,1,1,1,1
1,1,1,1,1,1,1,1,1,1
1,1,1,1,1,1,1,1,1,1
1,1,1,1,1,1,1,1,1,1
1,1,1,1,1,1,1,1,1,1
1,1,1,1,1,1,1,1,1,1
1,1,1,1,1,1,1,1,1,1
1,1,1,1,1,1,1,1,1,1
1,1,1,1,1,1,1,1,1,1
1,1,1,1,1,1,1,1,1,1
1,1,1,1,1,1,1,1,1,1
1,1,1,1,1,1,1,1,1,1
1,1,1,1,1,1,1,1,1,1
1,1,1,1,1,1,1,1,1,1
1,1,1,1,1,1,1,1,1,1
1,1,1,1,1,1,1,1,1,1
1,1,1,1,1,1,1,1,1,1
1,1,1,1,1,1,1,1,1,1
1,1,1,1,1,1,1,1,1,1
1,1,1,1,1,1,1,1,1,1
1,1,1,1,1,1,1,1,1,1
1,1,1,1,1,1,1,1,1,1
1,1,1,1,1,1,1,1,1,1
1,1,1,1,1,1,1,1,1,1
1,1,1,1,1,1,1,1,1,1
1,1,1,1,1,1,1,1,1,1
1,1,1,1,1,1,1,1,1,1
1,1,1,1,1,1,1,1,1,1
1,1,1,1,1,1,1,1,1,1
1,1,1,1,1,1,1,1,1,1
1,1,1,1,1,1,1,1,1,1
1,1,1,1,1,1,1,1,1,1
1,1,1,1,1,1,1,1,1,1
1,1,1,1,1,1,1,1,1,1
1,1,1,1,1,1,1,1,1,1
1,1,1,1,1,1,1,1,1,1
1,1,1,1,1,1,1,1,1,1
1,1,1,1,1,1,1,1,1,1
1,1,1,1,1,1,1,1,1,1
1,1,1,1,1,1,1,1,1,1
1,1,1,1,1,1,1,1,1,1
1,1,1,1,1,1,1,1,1,1
1,1,1,1,1,1,1,1,1,1
1,1,1,1,1,1,1,1,1,1
1,1,1,1,1,1,1,1,1,1
1,1,1,1,1,1,1,1,1,1
1,1,1,1,1,1,1,1,1,1
1,1,1,1,1,1,1,1,1,1
1,1,1,1,1,1,1,1,1,1
1,1,1,1,1,1,1,1,1,1
1,1,1,1,1,1,1,1,1,1
1,1,1,1,1,1,1,1,1,1
1,1,1,1,1,1,1,1,1,1
1,1,1,1,1,1,1,1,1,1
1,1,1,1,1,1,1,1,1,1
1,1,1,1,1,1,1,1,1,1
1,1,1,1,1,1,1,1,1,1
1,1,1,1,1,1,1,1,1,1
1,1,1,1,1,1,1,1,1,1
1,1,1,1,1,1,1,1,1,1
1,1,1,1,1,1,1,1,1,1
1,1,1,1,1,1,1,1,1,1
1,1,1,1,1,1,1,1,1,1
1,1,1,1,1,1,1,1,1,1
1,1,1,1,1,1,1,1,1,1
1,1,1,1,1,1,1,1,1,1
1,1,1,1,1,1,1,1,1,1
1,1,1,1,1,1,1,1,1,1
1,1,1,1,1,1,1,1,1,1
1,1,1,1,1,1,1,1,1,1
1,1,1,1,1,1,1,1,1,1
1,1,1,1,1,1,1,1,1,1
1,1,1,1,1,1,1,1,1,1
1,1,1,1,1,1,1,1,1,1
1,1,1,1,1,1,1,1,1,1
1,1,1,1,1,1,1,1,1,1
1,1,1,1,1,1,1,1,1,1
1,1,1,1,1,1,1,1,1,1
1,1,1,1,1,1,1,1,1,1
1,1,1,1,1,1,1,1,1,1
1,1,1,1,1,1,1,1,1,1
1,1,1,1,1,1,1,1,1,1
1,1,1,1,1,1,1,1,1,1
1,1,1,1,1,1,1,1,1,1
1,1,1,1,1,1,1,1,1,1
1,1,1,1,1,1,1,1,1,1
1,1,1,1,1,1,1,1,1,1
1,1,1,1,1,1,1,1,1,1
1,1,1,1,1,1,1,1,1,1
1,1,1,1,1,1,1,1,1,1
1,1,1,1,1,1,1,1,1,1
1,1,1,1,1,1,1,1,1,1
1,1,1,1,1,1,1,1,1,1
1,1,1,1,1,1,1,1,1,1
1,1,1,1,1,1,1,1,1,1
1,1,1,1,1,1,1,1,1,1
1,1,1,1,1,1,1,1,1,1
1,1,1,1,1,1,1,1,1,1
1,1,1,1,1,1,1,1,1,1
1,1,1,1,1,1,1,1,1,1
1,1,1,1,1,1,1,1,1,1
1,1,1,1,1,1,1,1,1,1
1,1,1,1,1,1,1,1,1,1
1,1,1,1,1,1,1,1,1,1
1,1,1,1,1,1,1,1,1,1
1,1,1,1,1,1,1,1,1,1
1,1,1,1,1,1,1,1,1,1
1,1,1,1,1,1,1,1,1,1
1,1,1,1,1,1,1,1,1,1
1,1,1,1,1,1,1,1,1,1
1,1,1,1,1,1,1,1,1,1
1,1,1,1,1,1,1,1,1,1
1,1,1,1,1,1,1,1,1,1
1,1,1,1,1,1,1,1,1,1
1,1,1,1,1,1,1,1,1,1
1,1,1,1,1,1,1,1,1,1
1,1,1,1,1,1,1,1,1,1
1,1,1,1,1,1,1,1,1,1
1,1,1,1,1,1,1,1,1,1
1,1,1,1,1,1,1,1,1,1
1,1,1,1,1,1,1,1,1,1
1,1,1,1,1,1,1,1,1,1
1,1,1,1,1,1,1,1,1,1
1,1,1,1,1,1,1,1,1,1
1,1,1,1,1,1,1,1,1,1
1,1,1,1,1,1,1,1,1,1
1,1,1,1,1,1,1,1,1,1
1,1,1,1,1,1,1,1,1,1
1,1,1,1,1,1,1,1,1,1
1,1,1,1,1,1,1,1,1,1
1,1,1,1,1,1,1,1,1,1
1,1,1,1,1,1,1,1,1,1
1,1,1,1,1,1,1,1,1,1
1,1,1,1,1,1,1,1,1,1
1,1,1,1,1,1,1,1,1,1
1,1,1,1,1,1,1,1,1,1
1,1,1,1,1,1,1,1,1,1
1,1,1,1,1,1,1,1,1,1
1,1,1,1,1,1,1,1,1,1
1,1,1,1,1,1,1,1,1,1
1,1,1,1,1,1,1,1,1,1
1,1,1,1,1,1,1,1,1,1
1,1,1,1,1,1,1,1,1,1
1,1,1,1,1,1,1,1,1,1
1,1,1,1,1,1,1,1,1,1
1,1,1,1,1,1,1,1,1,1
1,1,1,1,1,1,1,1,1,1
1,1,1,1,1,1,1,1,1,1
1,1,1,1,1,1,1,1,1,1
1,1,1,1,1,1,1,1,1,1
1,1,1,1,1,1,1,1,1,1
1,1,1,1,1,1,1,1,1,1
1,1,1,1,1,1,1,1,1,1
1,1,1,1,1,1,1,1,1,1
1,1,1,1,1,1,1,1,1,1
1,1,1,1,1,1,1,1,1,1
1,1,1,1,1,1,1,1,1,1
1,1,1,1,1,1,1,1,1,1
1,1,1,1,1,1,1,1,1,1
1,1,1,1,1,1,1,1,1,1
1,1,1,1,1,1,1,1,1,1
1,1,1,1,1,1,1,1,1,1
1,1,1,1,1,1,1,1,1,1
1,1,1,1,1,1,1,1,1,1
1,1,1,1,1,1,1,1,1,1
1,1,1,1,1,1,1,1,1,1
1,1,1,1,1,1,1,1,1,1
1,1,1,1,1,1,1,1,1,1
1,1,1,1,1,1,1,1,1,1
1,1,1,1,1,1,1,1,1,1
1,1,1,1,1,1,1,1,1,1
1,1,1,1,1,1,1,1,1,1
1,1,1,1,1,1,1,1,1,1
1,1,1,1,1,1,1,1,1,1
1,1,1,1,1,1,1,1,1,1
1,1,1,1,1,1,1,1,1,1
1,1,1,1,1,1,1,1,1,1
1,1,1,1,1,1,1,1,1,1
1,1,1,1,1,1,1,1,1,1
1,1,1,1,1,1,1,1,1,1
1,1,1,1,1,1,1,1,1,1
1,1,1,1,1,1,1,1,1,1
1,1,1,1,1,1,1,1,1,1
1,1,1,1,1,1,1,1,1,1
1,1,1,1,1,1,1,1,1,1
1,1,1,1,1,1,1,1,1,1
1,1,1,1,1,1,1,1,1,1
1,1,1,1,1,1,1,1,1,1
1,1,1,1,1,1,1,1,1,1
1,1,1,1,1,1,1,1,1,1
1,1,1,1,1,1,1,1,1,1
1,1,1,1,1,1,1,1,1,1
1,1,1,1,1,1,1,1,1,1
1,1,1,1,1,1,1,1,1,1
1,1,1,1,1,1,1,1,1,1
1,1,1,1,1,1,1,1,1,1
1,1,1,1,1,1,1,1,1,1
1,1,1,1,1,1,1,1,1,1
1,1,1,1,1,1,1,1,1,1
1,1,1,1,1,1,1,1,1,1
1,1,1,1,1,1,1,1,1,1
1,1,1,1,1,1,1,1,1,1
1,1,1,1,1,1,1,1,1,1
1,1,1,1,1,1,1,1,1,1
1,1,1,1,1,1,1,1,1,1
1,1,1,1,1,1,1,1,1,1
1,1,1,1,1,1,1,1,1,1
1,1,1,1,1,1,1,1,1,1
1,1,1,1,1,1,1,1,1,1
1,1,1,1,1,1,1,1,1,1
1,1,1,1,1,1,1,1,1,1
1,1,1,1,1,1,1,1,1,1
1,1,1,1,1,1,1,1,1,1
1,1,1,1,1,1,1,1,1,1
1,1,1,1,1,1,1,1,1,1
1,1,1,1,1,1,1,1,1,1
1,1,1,1,1,1,1,1,1,1
1,1,1,1,1,1,1,1,1,1
1,1,1,1,1,1,1,1,1,1
1,1,1,1,1,1,1,1,1,1
1,1,1,1,1,1,1,1,1,1
1,1,1,1,1,1,1,1,1,1
1,1,1,1,1,1,1,1,1,1
1,1,1,1,1,1,1,1,1,1
1,1,1,1,1,1,1,1,1,1
1,1,1,1,1,1,1,1,1,1
1,1,1,1,1,1,1,1,1,1
1,1,1,1,1,1,1,1,1,1
1,1,1,1,1,1,1,1,1,1
1,1,1,1,1,1,1,1,1,1
1,1,1,1,1,1,1,1,1,1
1,1,1,1,1,1,1,1,1,1
1,1,1,1,1,1,1,1,1,1
1,1,1,1,1,1,1,1,1,1
1,1,1,1,0.9944213,1,1,1,1,1
1,1,1,1,0.9844207,0.999607,1,1,1,1
1,1,1,1,0.9744201,0.9894516,1,1,1,1
1,1,1,1,0.9644195,0.9792835,1,1,1,1
1,1,1,1,0.9544188,0.969103,1,1,1,1
1,1,1,1,0.9444183,0.9589108,1,1,1,1
1,1,1,1,0.9344179,0.9487071,1,1,1,1
1,1,1,1,0.9244176,0.9384929,1,1,1,1
1,1,1,1,0.9144174,0.9282683,1,1,1,1
1,1,1,1,0.9044177,0.9180343,1,1,1,1
1,1,1,1,0.8944184,0.9077913,1,1,1,1
1,1,1,1,0.8844194,0.8975403,1,1,1,1
1,1,1,1,0.874421,0.8872817,1,1,1,1
1,1,1,1,0.8644233,0.8770164,1,1,1,1
1,1,1,1,0.8544264,0.8667451,1,1,1,1
1,1,1,1,0.8444301,0.8564685,1,1,1,1
1,1,1,1,0.8344351,0.8461874,1,1,1,1
1,1,1,1,0.8244408,0.8359024,1,1,1,1
1,1,1,1,0.8144478,0.8256145,1,1,1,1
1,1,1,1,0.8044559,0.8153241,1,1,1,1
1,1,1,1,0.7944653,0.8050321,1,1,1,1
1,1,1,1,0.7844759,0.7947394,1,1,1,1
1,1,1,1,0.774491,0.7844494,1,1,1,1
1,1,1,1,0.7645074,0.7741598,1,1,1,1
1,1,1,1,0.7545251,0.7638713,1,1,1,1
1,1,1,1,0.7445443,0.7535844,1,1,1,1
1,1,1,1,0.7345648,0.7432997,1,1,1,1
1,1,1,1,0.7245866,0.7330178,1,1,1,1
1,1,1,1,0.7146097,0.7227391,1,1,1,1
1,1,1,1,0.7046342,0.7124641,1,1,1,1
1,1,1,1,0.6946598,0.7021933,1,1,1,1
1,1,1,1,0.6846865,0.691927,1,1,1,1
1,1,1,1,0.6747173,0.6816686,1,1,1,1
1,1,1,1,0.664749,0.6714154,1,1,1,1
1,1,1,1,0.6547815,0.6611677,1,1,1,1
1,1,1,1,0.6448147,0.6509258,1,1,1,1
1,1,1,1,0.6348485,0.6406897,1,1,1,1
1,1,1,1,0.6248827,0.6304598,1,1,1,1
1,1,1,1,0.6149203,0.6202391,1,1,1,1
1,1,1,1,0.604958,0.6100249,1,1,1,1
1,1,1,1,0.5949958,0.5998171,1,1,1,1
1,1,1,1,0.5850334,0.5896158,1,1,1,1
1,1,1,1,0.5750708,0.5794209,1,1,1,1
1,1,1,1,0.5651108,0.5692357,1,1,1,1
1,1,1,1,0.5551503,0.5590569,1,1,1,1
1,1,1,1,0.5451891,0.5488846,1,1,1,1
1,1,1,1,0.5352271,0.5387186,1,1,1,1
1,1,1,1,0.5252672,0.5285621,0.565953,1,1,0
1,1,1,1,0.5155078,0.5179948,0.5533593,1,1,0
1,1,1,1,1,0.5075019,0.5409418,1,1,0
1,1,1,1,1,0.4970091,0.5284132,1,1,0
1,1,1,1,1,0.486588,0.516044,1,1,0
1,1,1,1,1,0.4762374,0.5038322,1,1,0
1,1,1,1,1,0.4659531,0.4917723,1,1,0
1,1,1,1,1,0.4557308,0.4798584,1,1,0
1,1,1,1,1,0.4455661,0.4680845,1,1,0
1,1,1,1,1,0.4354548,0.4564443,1,1,0
1,1,1,1,1,0.4253955,0.4449346,1,1,0
1,1,1,1,1,0.4153812,0.4335461,1,1,0
1,1,1,1,1,0.4054109,0.4222755,1,1,0
1,1,1,1,1,0.3954807,0.4111167,1,1,0
1,1,1,1,1,0.385584,0.4000607,1,1,0
1,1,1,1,1,0.3757204,0.3891044,1,1,0
1,1,1,1,1,0.3658866,0.3782425,1,1,0
1,1,1,1,1,0.3560798,0.3674693,1,1,0
1,1,1,1,1,0.346297,0.3567797,1,1,0
1,1,1,1,1,1,0.3461686,1,1,0
1,1,1,1,1,1,0.3355782,1,1,0
1,1,1,1,1,1,0.3250516,1,1,0
1,1,1,1,1,1,0.3145897,0.3872105,1,0
1,1,1,1,1,1,0.3032921,0.3691043,1,0
1,1,1,1,1,1,0.292274,0.3517701,1,0
1,1,1,1,1,1,0.2815264,0.3351831,1,0
1,1,1,1,1,1,0.271052,0.3193938,1,0
1,1,1,1,1,1,0.260827,0.3043334,1,0
1,1,1,1,1,1,0.250826,0.2899347,1,0
1,1,1,1,1,1,0.2410256,0.276136,1,0
1,1,1,1,1,1,0.3680406,0.2628841,1,0
1,1,1,1,1,1,1,0.2501701,1,0
1,1,1,1,1,1,1,0.2380186,0.3433395,0
1,1,1,1,1,1,1,0.2254924,0.3201962,0
1,1,1,1,1,1,1,0.2134098,0.2984749,0
1,1,1,1,1,1,1,0.2017465,0.2780535,0
1,1,1,1,1,1,1,0.1904833,0.2588278,0
1,1,1,1,1,1,1,0.1795993,0.240701,0
1,1,1,1,1,1,1,0.1733804,0.2235865,0
1,1,1,1,1,1,1,0.2009454,0.2074066,0
1,1,1,1,1,1,1,0.2329198,0.1920959,0
1,1,1,1,1,1,1,0.2703032,0.1775913,0
1,1,1,1,1,1,1,0.3143966,0.163836,0
1,1,1,1,1,1,1,0.366989,0.1507786,0
1,1,1,1,1,1,1,1,0.1518257,0
1,1,1,1,1,1,1,1,0.1667739,0
1,1,1,1,1,1,1,1,0.1828645,0
1,1,1,1,1,1,1,1,0.19999,0
1,1,1,1,1,1,1,1,0.218163,0
1,1,1,1,1,1,1,1,0.23739,0
1,1,1,1,1,1,1,1,0.2576642,0
1,1,1,1,1,1,1,1,0.278989,0
1,1,1,1,1,1,1,1,0.3013413,0
1,1,1,1,1,1,1,1,0.3247017,0
1,1,1,1,1,1,1,1,1,1
1,1,1,1,1,1,1,1,1,1
1,1,1,1,1,1,1,1,1,1
1,1,1,1,1,1,1,1,1,1
1,1,1,1,1,1,1,1,1,1
1,1,1,1,1,1,1,1,1,1
1,1,1,1,1,1,1,1,1,1
1,1,1,1,1,1,1,1,1,1
1,1,1,1,1,1,1,1,1,1
1,1,1,1,1,1,1,1,1,1
1,1,1,1,1,1,1,1,1,1
1,1,1,1,1,1,1,1,1,1
1,1,1,1,1,1,1,1,1,1
1,1,1,1,0.9930817,1,1,1,1,1
1,1,1,1,0.98285,1,1,1,1,1
1,1,1,1,0.9722827,1,1,1,1,1
1,1,1,1,0.9613773,1,1,1,1,1
1,1,1,1,0.9501319,1,1,1,1,1
1,1,1,1,0.9385474,1,1,1,1,1
1,1,1,1,0.9266266,1,1,1,1,1
1,1,1,1,0.9143783,1,1,1,1,1
1,1,1,1,0.9024545,1,1,1,1,1
1,1,1,1,0.8949825,1,1,1,1,1
1,1,1,1,0.8876945,1,1,1,1,1
1,1,1,1,0.8805786,1,1,1,1,1
1,1,1,1,0.8736364,1,1,1,1,1
1,1,1,1,0.8668565,1,1,1,1,1
1,1,1,1,0.8602369,1,1,1,1,2
1,1,1,1,0.8537755,1,1,1,1,2
1,1,1,0.9825037,0.8474666,1,1,1,1,2
1,1,1,0.9629815,0.8418205,1,1,1,1,2
1,1,1,0.9426175,0.8368867,1,1,1,1,2
1,1,1,0.9215139,0.8326831,1,1,1,1,2
1,1,1,0.8997753,0.8292232,1,1,1,1,2
1,1,1,0.8775126,0.8265303,1,1,1,1,2
1,1,1,0.8548393,0.8246235,1,1,1,1,2
1,1,1,0.8318791,0.8235227,1,1,1,1,2
1,1,1,0.8087437,0.8232425,1,1,1,1,2
1,1,1,0.7855386,0.8238074,1,1,1,1,2
1,1,1,0.7623726,0.8252324,1,1,1,1,2
1,1,1,0.73934,0.8275423,1,1,1,1,2
1,1,1,0.7165247,0.8307474,1,1,1,1,2
1,1,1,0.6940039,0.8348724,1,1,1,1,2
1,1,0.9797944,0.6924581,0.8399275,1,1,1,1,2
1,1,0.937149,0.6935836,0.8460695,1,1,1,1,2
1,1,0.8948234,0.6958579,0.8542436,1,1,1,1,2
1,0.9820697,0.8532589,0.6992967,0.8645213,1,1,1,1,2
1,0.9783407,0.8118116,0.7044706,0.8779703,1,1,1,1,2
1,0.9751898,0.7717656,0.710989,0.8939818,1,1,1,1,2
1,0.9726434,0.7333861,0.7188419,0.9126274,1,1,1,1,2
1,0.970713,0.6968437,0.7280056,1,1,1,1,1,2
1,0.9691212,0.6635034,0.7371578,1,1,1,1,1,2
1,0.9681759,0.6314054,0.747914,1,1,1,1,1,2
1,0.9678949,0.6006475,0.7603242,1,1,1,1,1,2
1,0.9682807,0.5838648,0.7744262,1,1,1,1,1,2
1,0.9692146,0.5883957,0.7897813,1,1,1,1,1,2
1,1,0.5930756,0.8055803,1,1,1,1,1,2
1,1,0.5971971,0.8202006,1,1,1,1,1,2
1,1,0.6014017,1,1,1,1,1,1,2
1,1,0.6034899,1,1,1,1,1,1,2
1,1,0.6057542,1,1,1,1,1,1,2
1,0.8454072,0.6081891,1,1,1,1,1,1,2
0.910749,0.7819444,0.6147737,1,1,1,1,1,1,2
0.9068451,0.7180885,0.6244199,1,1,1,1,1,1,2
0.9035436,0.6604592,0.6351043,1,1,1,1,1,1,2
0.9008421,0.6081556,0.646916,1,1,1,1,1,1,2
0.8987401,0.5604539,0.659955,1,1,1,1,1,1,2
0.8972351,0.5167566,0.6743299,1,1,1,1,1,1,2
0.8963264,0.4765586,0.6901639,1,1,1,1,1,1,2
0.896014,0.4688354,0.7075979,1,1,1,1,1,1,2
0.8963031,0.4728785,1,1,1,1,1,1,1,2
1,0.4774813,1,1,1,1,1,1,1,2
1,0.4818552,1,1,1,1,1,1,1,2
1,0.4865978,1,1,1,1,1,1,1,2
1,0.4917045,1,1,1,1,1,1,1,2
1,0.4971704,1,1,1,1,1,1,1,2
0.6953995,0.5029867,1,1,1,1,1,1,1,2
0.5929104,0.5109994,1,1,1,1,1,1,1,2
0.5069259,0.5197834,1,1,1,1,1,1,1,2
0.4337503,0.5293914,1,1,1,1,1,1,1,2
0.418451,0.5398774,1,1,1,1,1,1,1,2
0.4219166,0.5512975,1,1,1,1,1,1,1,2
0.425841,0.5637227,1,1,1,1,1,1,1,2
0.4302348,0.5772237,1,1,1,1,1,1,1,2
0.4351135,0.5918833,1,1,1,1,1,1,1,2
0.4404941,1,1,1,1,1,1,1,1,2
0.4463953,1,1,1,1,1,1,1,1,2
0.4528379,1,1,1,1,1,1,1,1,2
0.4597721,1,1,1,1,1,1,1,1,2
0.4671595,1,1,1,1,1,1,1,1,2
0.4749883,1,1,1,1,1,1,1,1,2
0.4832531,1,1,1,1,1,1,1,1,2
0.4919441,1,1,1,1,1,1,1,1,2
0.5010505,1,1,1,1,1,1,1,1,2
0.5105608,1,1,1,1,1,1,1,1,2
0.5204622,1,1,1,1,1,1,1,1,2
0.5307447,1,1,1,1,1,1,1,1,2
1,1,1,1,1,1,1,1,1,1
1,1,1,1,1,1,1,1,1,1
1,1,1,1,1,1,1,1,1,1
1,1,1,1,1,1,1,1,1,1
1,1,1,1,1,1,1,1,1,1
1,1,1,1,1,1,1,1,1,1
1,1,1,1,1,1,1,1,1,1
1,1,1,1,1,1,1,1,1,1
1,1,1,1,1,1,1,1,1,1
1,1,1,1,1,1,1,1,1,1
1,1,1,1,1,1,1,1,1,1
1,1,1,1,1,1,1,1,1,1
1,1,1,1,1,1,1,1,1,1
1,1,1,1,1,1,1,1,1,1
1,1,1,1,1,1,1,1,1,1
1,1,1,1,1,1,1,1,1,1
1,1,1,1,1,1,1,1,1,1
1,1,1,1,1,1,1,1,1,1
1,1,1,1,1,1,1,1,1,1
1,1,1,1,1,1,1,1,1,1
1,1,1,1,1,1,1,1,1,1
1,1,1,1,1,1,1,1,1,1
1,1,1,1,1,1,1,1,1,1
1,1,1,1,1,1,1,1,1,1
1,1,1,1,1,1,1,1,1,1
1,1,1,1,1,1,1,1,1,1
1,1,1,1,1,1,1,1,1,1
1,1,1,1,1,1,1,1,1,1
1,1,1,1,1,1,1,1,1,1
1,1,1,1,1,1,1,1,1,1
1,1,1,1,1,1,1,1,1,1
1,1,1,1,1,1,1,1,1,1
1,1,1,1,1,1,1,1,1,1
1,1,1,1,1,1,1,1,1,1
1,1,1,1,1,1,1,1,1,1
1,1,1,1,1,1,1,1,1,1
1,1,1,1,1,1,1,1,1,1
1,1,1,1,1,1,1,1,1,1
1,1,1,1,1,1,1,1,1,1
1,1,1,1,1,1,1,1,1,1
1,1,1,1,1,1,1,1,1,1
1,1,1,1,1,1,1,1,1,1
1,1,1,1,1,1,1,1,1,1
1,1,1,1,1,1,1,1,1,1
1,1,1,1,1,1,1,1,1,1
1,1,1,1,1,1,1,1,1,1
1,1,1,1,1,1,1,1,1,1
1,1,1,1,1,1,1,1,1,1
1,1,1,1,1,1,1,1,1,1
1,1,1,1,1,1,1,1,1,1
1,1,1,1,1,1,1,1,1,1
1,1,1,1,1,1,1,1,1,1
1,1,1,1,1,1,1,1,1,1
1,1,1,1,1,1,1,1,1,1
1,1,1,1,1,1,1,1,1,1
1,1,1,1,1,1,1,1,1,1
1,1,1,1,1,1,1,1,1,1
1,1,1,1,1,1,1,1,1,1
1,1,1,1,1,1,1,1,1,1
1,1,1,1,1,1,1,1,1,1
1,1,1,1,1,1,1,1,1,1
1,1,1,1,1,1,1,1,1,1
1,1,1,1,1,1,1,1,1,1
1,1,1,1,1,1,1,1,1,1
1,1,1,1,1,1,1,1,1,1
1,1,1,1,1,1,1,1,1,1
1,1,1,1,1,1,1,1,1,1
1,1,1,1,1,1,1,1,1,1
1,1,1,1,1,1,1,1,1,1
1,1,1,1,1,1,1,1,1,1
1,1,1,1,1,1,1,1,1,1
1,1,1,1,1,1,1,1,1,1
1,1,1,1,1,1,1,1,1,1
1,1,1,1,1,1,1,1,1,1
1,1,1,1,1,1,1,1,1,1
1,1,1,1,1,1,1,1,1,1
1,1,1,1,1,1,1,1,1,1
1,1,1,1,1,1,1,1,1,1
1,1,1,1,1,1,1,1,1,1
1,1,1,1,1,1,1,1,1,1
1,1,1,1,1,1,1,1,1,1
1,1,1,1,1,1,1,1,1,1
1,1,1,1,1,1,1,1,1,1
1,1,1,1,1,1,1,1,1,1
1,1,1,1,1,1,1,1,1,1
1,1,1,1,1,1,1,1,1,1
1,1,1,1,1,1,1,1,1,1
1,1,1,1,1,1,1,1,1,1
1,1,1,1,1,1,1,1,1,1
1,1,1,1,1,1,1,1,1,1
1,1,1,1,1,1,1,1,1,1
1,1,1,1,1,1,1,1,1,1
1,1,1,1,1,1,1,1,1,1
1,1,1,1,1,1,1,1,1,1
1,1,1,1,1,1,1,1,1,1
1,1,1,1,1,1,1,1,1,1
1,1,1,1,1,1,1,1,1,1
1,1,1,1,1,1,1,1,1,1
1,1,1,1,1,1,1,1,1,1
1,1,1,1,1,1,1,1,1,1
1,1,1,1,1,1,1,1,1,1
1,1,1,1,1,1,1,1,1,1
1,1,1,1,1,1,1,1,1,1
1,1,1,1,1,1,1,1,1,1
1,1,1,1,1,1,1,1,1,1
1,1,1,1,1,1,1,1,1,1
1,1,1,1,1,1,1,1,1,1
1,1,1,1,1,1,1,1,1,1
1,1,1,1,1,1,1,1,1,1
1,1,1,1,1,1,1,1,1,1
1,1,1,1,1,1,1,1,1,1
1,1,1,1,1,1,1,1,1,1
1,1,1,1,1,1,1,1,1,1
1,1,1,1,1,1,1,1,1,1
1,1,1,1,1,1,1,1,1,1
1,1,1,1,1,1,1,1,1,1
1,1,1,1,1,1,1,1,1,1
1,1,1,1,1,1,1,1,1,1
1,1,1,1,1,1,1,1,1,1
1,1,1,1,1,1,1,1,1,1
1,1,1,1,1,1,1,1,1,1
1,1,1,1,1,1,1,1,1,1
1,1,1,1,1,1,1,1,1,1
1,1,1,1,1,1,1,1,1,1
1,1,1,1,1,1,1,1,1,1
1,1,1,1,1,1,1,1,1,1
1,1,1,1,1,1,1,1,1,1
1,1,1,1,1,1,1,1,1,1
1,1,1,1,1,1,1,1,1,1
1,1,1,1,1,1,1,1,1,1
1,1,1,1,1,1,1,1,1,1
1,1,1,1,1,1,1,1,1,1
1,1,1,1,1,1,1,1,1,1
1,1,1,1,1,1,1,1,1,1
1,1,1,1,1,1,1,1,1,1
1,1,1,1,1,1,1,1,1,1
1,1,1,1,1,1,1,1,1,1
1,1,1,1,1,1,1,1,1,1
1,1,1,1,1,1,1,1,1,1
1,1,1,1,1,1,1,1,1,1
1,1,1,1,1,1,1,1,1,1
1,1,1,1,1,1,1,1,1,1
1,1,1,1,1,1,1,1,1,1
1,1,1,1,1,1,1,1,1,1
1,1,1,1,1,1,1,1,1,1
1,1,1,1,1,1,1,1,1,1
1,1,1,1,1,1,1,1,1,1
1,1,1,1,1,1,1,1,1,1
1,1,1,1,1,1,1,1,1,1
1,1,1,1,1,1,1,1,1,1
1,1,1,1,1,1,1,1,1,1
1,1,1,1,1,1,1,1,1,1
1,1,1,1,1,1,1,1,1,1
1,1,1,1,1,1,1,1,1,1
1,1,1,1,1,1,1,1,1,1
1,1,1,1,1,1,1,1,1,1
1,1,1,1,1,1,1,1,1,1
1,1,1,1,1,1,1,1,1,1
1,1,1,1,1,1,1,1,1,1
1,1,1,1,1,1,1,1,1,1
1,1,1,1,1,1,1,1,1,1
1,1,1,1,1,1,1,1,1,1
1,1,1,1,1,1,1,1,1,1
1,1,1,1,1,1,1,1,1,1
1,1,1,1,1,1,1,1,1,1
1,1,1,1,1,1,1,1,1,1
1,1,1,1,1,1,1,1,1,1
1,1,1,1,1,1,1,1,1,1
1,1,1,1,1,1,1,1,1,1
1,1,1,1,1,1,1,1,1,1
1,1,1,1,1,1,1,1,1,1
1,1,1,1,1,1,1,1,1,1
1,1,1,1,1,1,1,1,1,1
1,1,1,1,1,1,1,1,1,1
1,1,1,1,1,1,1,1,1,1
1,1,1,1,1,1,1,1,1,1
1,1,1,1,1,1,1,1,1,1
1,1,1,1,1,1,1,1,1,1
1,1,1,1,1,1,1,1,1,1
1,1,1,1,1,1,1,1,1,1
1,1,1,1,1,1,1,1,1,1
1,1,1,1,1,1,1,1,1,1
1,1,1,1,1,1,1,1,1,1
1,1,1,1,1,1,1,1,1,1
1,1,1,1,1,1,1,1,1,1
1,1,1,1,1,1,1,1,1,1
1,1,1,1,1,1,1,1,1,1
1,1,1,1,1,1,1,1,1,1
1,1,1,1,1,1,1,1,1,1
1,1,1,1,1,1,1,1,1,1
1,1,1,1,1,1,1,1,1,1
1,1,1,1,1,1,1,1,1,1
1,1,1,1,1,1,1,1,1,1
1,1,1,1,1,1,1,1,1,1
1,1,1,1,1,1,1,1,1,1
1,1,1,1,1,1,1,1,1,1
1,1,1,1,1,1,1,1,1,1
1,1,1,1,1,1,1,1,1,1
1,1,1,1,1,1,1,1,1,1
1,1,1,1,1,1,1,1,1,1
1,1,1,1,1,1,1,1,1,1
1,1,1,1,1,1,1,1,1,1
1,1,1,1,1,1,1,1,1,1
1,1,1,1,1,1,1,1,1,1
1,1,1,1,1,1,1,1,1,1
1,1,1,1,1,1,1,1,1,1
1,1,1,1,1,1,1,1,1,1
1,1,1,1,1,1,1,1,1,1
1,1,1,1,1,1,1,1,1,1
1,1,1,1,1,1,1,1,1,1
1,1,1,1,1,1,1,1,1,1
1,1,1,1,1,1,1,1,1,1
1,1,1,1,1,1,1,1,1,1
1,1,1,1,1,1,1,1,1,1
1,1,1,1,1,1,1,1,1,1
1,1,1,1,1,1,1,1,1,1
1,1,1,1,1,1,1,1,1,1
1,1,1,1,1,1,1,1,1,1
1,1,1,1,1,1,1,1,1,1
1,1,1,1,1,1,1,1,1,1
1,1,1,1,1,1,1,1,1,1
1,1,1,1,1,1,1,1,1,1
1,1,1,1,1,1,1,1,1,1
1,1,1,1,1,1,1,1,1,1
1,1,1,1,1,1,1,1,1,1
1,1,1,1,1,1,1,1,1,1
1,1,1,1,1,1,1,1,1,1
1,1,1,1,1,1,1,1,1,1
1,1,1,1,1,1,1,1,1,1
1,1,1,1,1,1,1,1,1,1
1,1,1,1,1,1,1,1,1,1
1,1,1,1,1,1,1,1,1,1
1,1,1,1,1,1,1,1,1,1
1,1,1,1,1,1,1,1,1,1
1,1,1,1,1,1,1,1,1,1
1,1,1,1,1,1,1,1,1,1
1,1,1,1,1,1,1,1,1,1
1,1,1,1,1,1,1,1,1,1
1,1,1,1,1,1,1,1,1,1
1,1,1,1,1,1,1,1,1,1
1,1,1,1,1,1,1,1,1,1
1,1,1,1,1,1,1,1,1,1
1,1,1,1,1,1,1,1,1,1
1,1,1,1,1,1,1,1,1,1
1,1,1,1,1,1,1,1,1,1
1,1,1,1,1,1,1,1,1,1
1,1,1,1,1,1,1,1,1,1
1,1,1,1,1,1,1,1,1,1
1,1,1,1,1,1,1,1,1,1
1,1,1,1,1,1,1,1,1,1
1,1,1,1,1,1,1,1,1,1
1,1,1,1,1,1,1,1,1,1
1,1,1,1,1,1,1,1,1,1
1,1,1,1,1,1,1,1,1,1
1,1,1,1,1,1,1,1,1,1
1,1,1,1,1,1,1,1,1,1
1,1,1,1,1,1,1,1,1,1
1,1,1,1,1,1,1,1,1,1
1,1,1,1,1,1,1,1,1,1
1,1,1,1,1,1,1,1,1,1
1,1,1,1,1,1,1,1,1,1
1,1,1,1,1,1,1,1,1,1
1,1,1,1,1,1,1,1,1,1
1,1,1,1,1,1,1,1,1,1
1,1,1,1,1,1,1,1,1,1
1,1,1,1,1,1,1,1,1,1
1,1,1,1,1,1,1,1,1,1
1,1,1,1,0.994582,1,1,1,1,1
1,1,1,0.9997702,0.9845814,1,1,1,1,1
1,1,1,0.989615,0.9745808,1,1,1,1,1
1,1,1,0.9794471,0.9645802,1,1,1,1,1
1,1,1,0.9692668,0.9545795,1,1,1,1,1
1,1,1,0.9590747,0.944579,1,1,1,1,1
1,1,1,0.9488713,0.9345786,1,1,1,1,1
1,1,1,0.9386571,0.9245783,1,1,1,1,1
1,1,1,0.9284328,0.9145781,1,1,1,1,1
1,1,1,0.9181989,0.9045784,1,1,1,1,1
1,1,1,0.9079561,0.8945791,1,1,1,1,1
1,1,1,0.8977052,0.88458,1,1,1,1,1
1,1,1,0.8874467,0.8745817,1,1,1,1,1
1,1,1,0.8771815,0.864584,1,1,1,1,1
1,1,1,0.8669103,0.854587,1,1,1,1,1
1,1,1,0.8566338,0.8445908,1,1,1,1,1
1,1,1,0.8463527,0.8345957,1,1,1,1,1
1,1,1,0.8360678,0.8246015,1,1,1,1,1
1,1,1,0.8257798,0.8146084,1,1,1,1,1
1,1,1,0.8154896,0.8046165,1,1,1,1,1
1,1,1,0.8051977,0.7946259,1,1,1,1,1
1,1,1,0.7949049,0.7846365,1,1,1,1,1
1,1,1,0.7846149,0.7746515,1,1,1,1,1
1,1,1,0.7743253,0.7646679,1,1,1,1,1
1,1,1,0.7640368,0.7546857,1,1,1,1,1
1,1,1,0.7537499,0.7447048,1,1,1,1,1
1,1,1,0.7434651,0.7347253,1,1,1,1,1
1,1,1,0.7331831,0.7247471,1,1,1,1,1
1,1,1,0.7229044,0.7147702,1,1,1,1,1
1,1,1,0.7126294,0.7047946,1,1,1,1,1
1,1,1,0.7023584,0.6948202,1,1,1,1,1
1,1,1,0.6920921,0.6848469,1,1,1,1,1
1,1,1,0.6818336,0.6748776,1,1,1,1,1
1,1,1,0.6715803,0.6649094,1,1,1,1,1
1,1,1,0.6613325,0.6549419,1,1,1,1,1
1,1,1,0.6510905,0.644975,1,1,1,1,1
1,1,1,0.6408544,0.6350088,1,1,1,1,1
1,1,1,0.6306243,0.625043,1,1,1,1,1
1,1,1,0.6204036,0.6150806,1,1,1,1,1
1,1,1,0.6101893,0.6051183,1,1,1,1,1
1,1,1,0.5999813,0.5951561,1,1,1,1,1
1,1,1,0.5897799,0.5851938,1,1,1,1,1
1,1,1,0.579585,1,1,1,1,1,1
1,1,1,0.5693418,1,1,1,1,1,1
1,1,1,0.5591066,1,1,1,1,1,1
1,1,1,0.5488795,1,1,1,1,1,1
1,1,1,0.5386636,1,1,1,1,1,1
1,1,1,0.5284559,1,1,1,1,1,1
1,1,0.5538994,0.5182595,1,1,1,1,1,2
1,1,0.5411996,0.5076882,1,1,1,1,1,2
1,1,0.5286643,0.4971925,1,1,1,1,1,2
1,1,0.5162886,0.4867686,1,1,1,1,1,2
1,1,0.5040708,0.4764155,1,1,1,1,1,2
1,1,0.4920053,0.466129,1,1,1,1,1,2
1,1,0.480086,0.4559047,1,1,1,1,1,2
1,1,0.4683071,0.4457381,1,1,1,1,1,2
1,1,0.4566622,0.4356251,1,1,1,1,1,2
1,1,0.4451481,0.4255644,1,1,1,1,1,2
1,1,0.4337555,0.4155488,1,1,1,1,1,2
1,1,0.4224811,0.4055774,1,1,1,1,1,2
1,1,0.4113189,0.3956462,1,1,1,1,1,2
1,1,0.4002596,0.3857487,1,1,1,1,1,2
1,1,0.3893004,0.3758844,1,1,1,1,1,2
1,1,0.3784357,0.36605,1,1,1,1,1,2
1,1,0.36766,1,1,1,1,1,1,2
1,1,0.35694,1,1,1,1,1,1,2
1,1,0.3462879,1,1,1,1,1,1,2
1,1,0.3357014,1,1,1,1,1,1,2
1,1,0.3251816,1,1,1,1,1,1,2
1,0.3872611,0.3147231,1,1,1,1,1,1,2
1,0.3691694,0.3034328,1,1,1,1,1,1,2
1,0.3518487,0.2924217,1,1,1,1,1,1,2
1,0.335281,0.2816822,1,1,1,1,1,1,2
1,0.3195088,0.2712151,1,1,1,1,1,1,2
1,0.3044598,0.2609937,1,1,1,1,1,1,2
1,0.290071,0.2765102,1,1,1,1,1,1,2
1,0.2763001,0.3842213,1,1,1,1,1,1,2
1,0.263117,1,1,1,1,1,1,1,2
1,0.250602,1,1,1,1,1,1,1,2
1,0.2384174,1,1,1,1,1,1,1,2
0.3236857,0.2265459,1,1,1,1,1,1,1,2
0.3015516,0.2143272,1,1,1,1,1,1,1,2
0.280757,0.2025362,1,1,1,1,1,1,1,2
0.2611889,0.1911497,1,1,1,1,1,1,1,2
0.242751,0.1801497,1,1,1,1,1,1,1,2
0.2253489,0.2008291,1,1,1,1,1,1,1,2
0.2089067,0.2291519,1,1,1,1,1,1,1,2
0.1933518,0.2618732,1,1,1,1,1,1,1,2
0.1786234,0.2999606,1,1,1,1,1,1,1,2
0.1646585,0.344676,1,1,1,1,1,1,1,2
0.1531219,0.942845,1,1,1,1,1,1,1,2
0.1670695,0.9299685,1,1,1,1,1,1,1,2
0.1821418,0.9177511,1,1,1,1,1,1,1,2
0.1984493,0.9061731,1,1,1,1,1,1,1,2
0.215869,0.9988539,1,1,1,1,1,1,1,2
0.2340944,1,1,1,1,1,1,1,1,2
0.253334,1,1,1,1,1,1,1,1,2
0.2735859,1,1,1,1,1,1,1,1,2
0.2948382,1,1,1,1,1,1,1,1,2
0.3170708,1,1,1,1,1,1,1,1,2
0.9581826,1,1,1,1,1,1,1,1,1
0.9498805,1,1,1,1,1,1,1,1,1
0.9415088,1,1,1,1,1,1,1,1,1
0.9330734,1,1,1,1,1,1,1,1,1
0.9245774,1,1,1,1,1,1,1,1,1
0.9160269,1,1,1,1,1,1,1,1,1
0.9074253,1,1,1,1,1,1,1,1,1
0.8987761,1,1,1,1,1,1,1,1,1
0.890086,1,1,1,1,1,1,1,1,1
0.8813589,1,1,1,1,1,1,1,1,1
0.8726019,1,1,1,1,1,1,1,1,1
0.863819,1,1,1,1,1,1,1,1,1
0.8550143,1,1,1,1,1,1,1,1,1
0.8461952,1,1,1,1,1,1,1,1,1
0.8373659,1,1,1,1,1,1,1,1,1
0.8285307,1,1,1,1,1,1,1,1,1
0.8196969,1,1,1,1,1,1,1,1,1
0.8108724,1,1,1,1,1,1,1,1,1
0.8020577,1,1,1,1,1,1,1,1,1
0.7932606,1,1,1,1,1,1,1,1,1
0.7996917,1,1,1,1,1,1,1,1,1
0.8232101,1,1,1,1,1,1,1,1,1
0.8463433,1,1,1,1,1,1,1,1,1
0.8690359,1,1,1,1,1,1,1,1,1
0.8912371,1,1,1,1,1,1,1,1,1
0.9128991,1,1,1,1,1,1,1,1,1
0.933987,1,1,1,1,1,1,1,1,1
0.9544545,1,1,1,1,1,1,1,1,1
0.9742755,1,1,1,1,1,1,1,1,1
0.993421,1,1,1,1,1,1,1,1,1
1,1,1,1,1,1,1,1,1,1
1,1,1,1,1,1,1,1,1,1
1,1,1,1,1,1,1,1,1,1
1,1,1,1,1,1,1,1,1,1
1,1,1,1,1,1,1,1,1,1
1,1,1,1,1,1,1,1,1,1
1,1,1,1,1,1,1,1,1,1
1,1,1,1,1,1,1,1,1,1
1,1,1,1,1,1,1,1,1,1
1,1,1,1,1,1,1,1,1,1
1,1,1,1,1,1,1,1,1,1
1,1,1,1,1,1,1,1,1,1
1,1,1,1,1,1,1,1,1,1
1,1,1,1,1,1,1,1,1,1
1,1,1,1,1,1,1,1,1,1
1,1,1,1,1,1,1,1,1,1
1,1,1,1,1,1,1,1,1,1
1,1,1,1,1,1,1,1,1,1
1,1,1,1,1,1,1,1,1,1
1,1,1,1,1,1,1,1,1,1
1,1,1,1,1,1,1,1,1,1
1,1,1,1,1,1,1,1,1,1
1,1,1,1,1,1,1,1,1,1
1,1,1,1,1,1,1,1,1,1
1,1,1,1,1,1,1,1,1,1
1,1,1,1,1,1,1,1,1,1
1,1,1,1,1,1,1,1,1,1
1,1,1,1,1,1,1,1,1,1
1,1,1,1,1,1,1,1,1,1
1,1,1,1,1,1,1,1,1,1
1,1,1,1,1,1,1,1,1,1
1,1,1,1,1,1,1,1,1,1
1,1,1,1,1,1,1,1,1,1
1,1,1,1,1,1,1,1,1,1
1,1,1,1,1,1,1,1,1,1
1,1,1,1,1,1,1,1,1,1
1,1,1,1,1,1,1,1,1,1
1,1,1,1,1,1,1,1,1,1
1,1,1,1,1,1,1,1,1,1
1,1,1,1,1,1,1,1,1,1
1,1,1,1,1,1,1,1,1,1
1,1,1,1,1,1,1,1,1,1
1,1,1,1,1,1,1,1,1,1
1,1,1,1,1,1,1,1,1,1
1,1,1,1,1,1,1,1,1,1
1,1,1,1,1,1,1,1,1,1
1,1,1,1,1,1,1,1,1,1
1,1,1,1,1,1,1,1,1,1
1,1,1,1,1,1,1,1,1,1
1,1,1,1,1,1,1,1,1,1
1,1,1,1,1,1,1,1,1,1
1,1,1,1,1,1,1,1,1,1
1,1,1,1,1,1,1,1,1,1
1,1,1,1,1,1,1,1,1,1
1,1,1,1,1,1,1,1,1,1
1,1,1,1,1,1,1,1,1,1
1,1,1,1,1,1,1,1,1,1
1,1,1,1,1,1,1,1,1,1
1,1,1,1,1,1,1,1,1,1
1,1,1,1,1,1,1,1,1,1
1,1,1,1,1,1,1,1,1,1
1,1,1,1,1,1,1,1,1,1
1,1,1,1,1,1,1,1,1,1
1,1,1,1,1,1,1,1,1,1
1,1,1,1,1,1,1,1,1,1
1,1,1,1,1,1,1,1,1,1
1,1,1,1,1,1,1,1,1,1
1,1,1,1,1,1,1,1,1,1
1,1,1,1,1,1,1,1,1,1
1,1,1,1,1,1,1,1,1,1
1,1,1,1,1,1,1,1,1,1
1,1,1,1,1,1,1,1,1,1
1,1,1,1,1,1,1,1,1,1
1,1,1,1,1,1,1,1,1,1
1,1,1,1,1,1,1,1,1,1
1,1,1,1,1,1,1,1,1,1
1,1,0.9856437,1,1,1,1,1,1,1
1,1,0.968082,1,1,1,1,1,1,1
1,1,0.9511423,1,1,1,1,1,1,1
1,1,0.9347771,1,1,1,1,1,1,1
1,1,0.9189351,1,1,1,1,1,1,1
1,1,0.903577,1,1,1,1,1,1,1
1,1,0.8944052,1,1,1,1,1,1,1
1,1,0.8865179,1,1,1,1,1,1,1
1,1,0.8785779,1,1,1,1,1,1,1
1,1,0.8705878,1,1,1,1,1,1,1
1,1,0.8625503,1,1,1,1,1,1,1
1,1,0.8544644,1,1,1,1,1,1,1
1,1,0.846333,1,1,1,1,1,1,1
1,1,0.8381554,1,1,1,1,1,1,1
1,1,0.8299342,1,1,1,1,1,1,1
1,1,0.8216723,1,1,1,1,1,1,1
1,1,0.8133725,1,1,1,1,1,1,1
1,1,0.8050343,1,1,1,1,1,1,1
1,1,0.7966636,1,1,1,1,1,1,1
1,1,0.7882602,1,1,1,1,1,1,1
1,1,0.7798234,1,1,1,1,1,1,1
1,1,0.7713592,1,1,1,1,1,1,1
1,1,0.7628671,1,1,1,1,1,0.9989924,1
1,1,0.7543389,1,1,0.9955299,1,1,0.9880096,0
1,1,0.7456192,1,1,0.98971,1,1,0.9767383,0
1,1,0.7367033,1,1,0.9843723,1,1,0.9651746,0
1,1,0.727604,1,1,0.9795275,1,1,0.9576803,0
1,1,0.7183806,1,1,0.9750726,1,1,0.9815372,0
1,1,0.7093543,1,1,0.9702426,1,1,1,0
1,1,0.7004611,1,1,0.9651591,1,1,1,0
1,1,0.69152,1,1,0.9602753,1,1,1,0
1,1,0.682539,1,1,0.9555842,1,1,1,0
1,1,0.6735225,1,1,0.9510835,1,1,1,0
1,1,0.6644775,1,1,0.9467698,1,1,1,0
1,1,0.6554106,1,1,0.9426364,1,1,1,0
1,1,0.6463249,1,1,0.9386767,1,1,1,0
1,1,0.6372287,1,1,0.9348877,1,1,1,0
1,1,0.6281241,1,1,0.9312663,1,1,1,0
1,1,0.6190155,0.6974924,1,0.927802,0.967189,1,1,0
1,1,0.6084391,0.6823394,1,0.9304935,0.9160227,1,1,0
1,1,0.59767,0.6667494,1,0.9351076,0.8645902,1,1,0
1,1,0.58679,0.6508852,1,0.9417302,0.8138157,1,1,0
1,1,0.575886,0.6349159,1,1,0.7917311,1,1,0
1,1,0.5653439,0.6198032,1,1,0.7928171,1,1,0
1,1,0.5550061,0.6051653,1,1,0.7942361,1,1,0
1,1,0.5782146,0.5909798,1,1,0.7959533,1,1,0
1,1,0.6077596,0.577281,1,1,0.797823,1,1,0
1,1,0.6430036,0.5640255,1,1,0.7998022,1,1,0
1,1,0.685735,0.5511693,1,1,0.8018613,1,1,0
1,1,1,0.5386688,0.5863949,1,0.8039693,1,1,0
1,1,1,0.525292,0.5692717,1,0.8096611,1,1,0
1,1,1,0.5122334,0.5526811,1,0.8161129,1,1,0
1,1,1,0.4994771,0.5365931,1,0.8233672,1,1,0
1,1,1,0.4870084,0.5209798,1,0.831467,1,1,0
1,1,1,0.4748968,0.5059732,1,1,0.9470078,1,0
1,1,1,0.4634672,0.4921919,1,1,0.8594053,1,0
1,1,1,0.4518433,0.4780106,1,1,0.7731671,1,0
1,1,1,0.4403059,0.4639362,0.5065094,1,0.6947385,1,0
1,1,1,0.4289824,0.4502141,0.4892979,1,0.6659232,1,0
1,1,1,0.4178624,0.4368261,0.4726366,1,0.6675445,1,0
1,1,1,0.4069326,0.4237521,0.4564901,1,0.6697009,1,0
1,1,1,0.3961838,0.410976,0.4408296,1,0.6724061,1,0
1,1,1,0.3856008,0.3984767,0.4256211,1,0.675679,1,0
1,1,1,0.3751783,0.3862431,0.4108431,1,0.6795372,1,0
1,1,1,0.367739,0.3742561,0.3964658,1,0.6840037,1,0
1,1,1,0.5260362,0.3625031,0.3824677,1,0.6891004,1,0
1,1,1,1,0.3509725,0.368829,1,0.6948518,1,0
1,1,1,1,0.3396471,0.3555242,0.4069608,0.701288,1,0
1,1,1,1,0.3285196,0.3425395,0.3893937,0.7084394,1,0
1,1,1,1,0.3175738,0.3298521,0.3724383,1,0.7598726,0
1,1,1,1,0.3068005,0.3174469,0.3560576,1,0.6087323,0
1,1,1,1,0.2961907,0.3053096,0.3402179,1,0.6100298,0
1,1,1,1,0.2857328,0.2934237,0.3248842,1,0.6118174,0
1,1,1,1,0.2754157,0.2817735,0.3100244,1,0.6141054,0
1,1,1,1,0.4283872,0.2703472,0.295612,1,0.6169025,0
1,1,1,1,1,0.2591307,0.2816191,1,0.6202151,0
1,1,1,1,1,0.2481132,0.268023,1,0.624058,0
1,1,1,1,1,0.237282,0.2547992,1,0.6284408,0
1,1,1,1,1,0.2266274,0.2419284,0.326743,0.6333811,0
1,1,1,1,1,0.2161376,0.229389,0.305625,0.6388918,0
1,1,1,1,1,0.2058008,0.217161,0.2855371,0.6449939,0
1,1,1,1,1,0.2744313,0.2052286,0.2664028,0.6517042,0
1,1,1,1,1,1,0.1935741,0.2481487,1,0
1,1,1,1,1,1,1,1,1,1
1,1,1,1,1,1,1,1,1,1
1,1,1,1,1,1,1,1,1,1
1,1,1,1,1,1,1,1,1,1
1,1,1,1,1,1,1,1,1,1
1,1,1,1,1,1,1,1,1,1
1,1,1,1,1,1,1,1,1,1
1,1,1,1,1,1,1,1,1,1
1,1,1,1,1,1,1,1,1,1
1,1,1,1,1,1,1,1,1,1
1,1,1,1,1,1,1,1,1,1
1,1,1,1,1,1,1,1,1,1
1,1,1,1,1,1,1,1,1,1
1,1,1,1,1,1,1,1,1,1
1,1,1,1,1,1,1,1,1,1
1,1,1,1,1,1,1,1,1,1
1,1,1,1,1,1,1,1,1,1
1,1,1,1,1,1,1,1,1,1
1,1,1,1,1,1,1,1,1,1
1,1,1,1,1,1,1,1,1,1
1,1,1,1,1,1,1,1,1,1
1,1,1,1,1,1,1,1,1,1
1,1,1,1,1,1,1,1,1,1
1,1,1,1,1,1,1,1,1,1
1,1,1,1,1,1,1,1,1,1
1,1,1,1,1,1,1,1,1,1
1,1,1,1,1,1,1,1,1,1
1,1,1,1,1,1,1,1,1,1
1,1,1,1,1,1,1,1,1,1
1,1,1,1,1,1,1,1,1,1
1,1,1,1,1,1,1,1,1,1
1,1,1,1,1,1,1,1,1,1
1,1,1,1,1,1,1,1,1,1
1,1,1,1,1,1,1,1,1,1
1,1,1,1,1,1,1,1,1,1
1,1,1,1,1,1,1,1,1,1
1,1,1,1,1,1,1,1,1,1
1,1,1,1,1,1,1,1,1,1
1,1,1,1,1,1,1,1,1,1
1,1,1,1,1,1,1,1,1,1
1,1,1,1,1,1,1,1,1,1
1,1,1,1,1,1,1,1,1,1
1,1,1,1,1,1,1,1,1,1
1,1,1,1,1,1,1,1,1,1
1,1,1,1,1,1,1,1,1,1
1,1,1,1,1,1,1,1,1,1
1,1,1,1,1,1,1,1,1,1
1,1,1,1,1,1,1,1,1,1
1,1,1,1,1,1,1,1,1,1
1,1,1,1,1,1,1,1,1,1
1,1,1,1,1,1,1,1,1,1
1,1,1,1,1,1,1,1,1,1
1,1,1,1,1,1,1,1,1,1
1,1,1,1,1,1,1,1,1,1
1,1,1,1,1,1,1,1,1,1
1,1,1,1,1,1,1,1,1,1
1,1,1,1,1,1,1,1,1,1
1,1,1,1,1,1,1,1,1,1
1,1,1,1,1,1,1,1,1,1
1,1,1,1,1,1,1,1,1,1
1,1,1,1,1,1,1,1,1,1
1,1,1,1,1,1,1,1,1,1
1,1,1,1,1,1,1,1,1,1
1,1,1,1,1,1,1,1,1,1
1,1,1,1,1,1,1,1,1,1
1,1,1,1,1,1,1,1,1,1
1,1,1,1,1,1,1,1,1,1
1,1,1,1,1,1,1,1,1,1
1,1,1,1,1,1,1,1,1,1
1,1,1,1,1,1,1,1,1,1
1,1,1,0.9997228,1,1,1,1,1,1
1,1,1,0.9895676,1,1,1,1,1,1
1,1,1,0.9793997,1,1,1,1,1,1
1,1,1,0.9692193,1,1,1,1,1,1
1,1,1,0.9590271,1,1,1,1,1,1
1,1,1,0.9488236,1,1,1,1,1,1
1,1,1,0.9386089,1,1,1,1,1,1
1,1,1,0.928384,1,1,1,1,1,1
1,1,1,0.9181492,1,1,1,1,1,1
1,1,1,0.9079051,1,1,1,1,1,1
1,1,1,0.8976523,1,1,1,1,1,1
1,1,1,0.8873914,1,1,1,1,1,1
1,1,1,0.8771232,1,1,1,1,1,1
1,1,1,0.8668482,1,1,1,1,1,1
1,1,1,0.856567,1,1,1,1,1,1
1,1,1,0.8462802,1,1,1,1,1,1
1,1,1,0.8359887,1,1,1,1,1,1
1,1,1,0.825693,1,1,1,1,1,1
1,1,1,0.8153936,1,1,1,1,1,1
1,1,1,0.8050914,1,1,1,1,1,1
1,1,1,0.79479,1,1,1,1,1,1
1,1,1,0.7844871,1,1,1,1,1,1
1,1,1,0.7741832,1,1,1,1,1,1
1,1,1,0.7638789,1,1,1,1,1,1
1,1,1,0.7535749,1,1,1,1,1,1
1,1,1,0.7432718,1,1,1,1,1,1
1,1,1,0.7329699,1,1,1,1,1,1
1,1,1,0.7226701,1,1,1,1,1,1
1,1,1,0.7123727,1,1,1,1,1,1
1,1,1,0.7020783,1,1,1,1,1,1
1,1,1,0.6917903,1,1,1,1,1,1
1,1,1,0.6815063,1,1,1,1,1,1
1,1,1,0.6712266,1,1,1,1,1,1
1,1,1,0.6609515,1,1,1,1,1,1
1,1,1,0.6506814,1,1,1,1,1,1
1,1,1,0.6404199,1,1,1,1,1,1
1,1,1,0.630164,1,1,1,1,1,1
1,1,1,0.6199142,1,1,1,1,1,1
1,1,0.653899,0.6096736,1,1,1,1,1,2
1,1,0.6411049,0.5990299,1,1,1,1,1,2
1,1,0.6284226,0.588442,1,1,1,1,1,2
1,1,0.6158574,0.5779124,1,1,1,1,1,2
1,1,0.6034101,0.5674404,1,1,1,1,1,2
1,1,0.5910813,0.5570247,1,1,1,1,1,2
1,1,0.5788702,0.5466638,1,1,1,1,1,2
1,1,0.5667762,0.5363559,1,1,1,1,1,2
1,1,0.5548006,0.5608365,1,1,1,1,1,2
1,1,0.5429562,0.6466777,1,1,1,1,1,2
1,1,0.5312641,1,1,1,1,1,1,2
1,1,0.5198055,1,1,1,1,1,1,2
1,1,0.508412,1,1,1,1,1,1,2
1,1,0.4970869,1,1,1,1,1,1,2
1,1,0.4858302,1,1,1,1,1,1,2
1,1,0.4746415,1,1,1,1,1,1,2
1,1,0.4635203,1,1,1,1,1,1,2
1,1,0.4524659,1,1,1,1,1,1,2
1,1,0.4414775,1,1,1,1,1,1,2
1,1,0.4305573,1,1,1,1,1,1,2
1,1,0.419701,1,1,1,1,1,1,2
1,1,0.4089104,1,1,1,1,1,1,2
1,1,0.3981842,1,1,1,1,1,1,2
1,1,0.3875208,1,1,1,1,1,1,2
1,1,0.3769189,1,1,1,1,1,1,2
1,0.4522809,0.3663768,1,1,1,1,1,1,2
1,0.4333286,0.3548531,1,1,1,1,1,1,2
1,0.4152542,0.3854985,1,1,1,1,1,1,2
1,0.3980873,0.4454959,1,1,1,1,1,1,2
1,0.3817798,0.5191981,1,1,1,1,1,1,2
1,0.3662449,1,1,1,1,1,1,1,2
1,0.3518471,1,1,1,1,1,1,1,2
1,0.3378249,1,1,1,1,1,1,1,2
1,0.3241686,1,1,1,1,1,1,1,2
1,0.3108649,1,1,1,1,1,1,1,2
1,0.2979031,1,1,1,1,1,1,1,2
1,0.2852688,1,1,1,1,1,1,1,2
0.3939089,0.2729475,1,1,1,1,1,1,1,2
0.3694393,0.2600532,1,1,1,1,1,1,1,2
0.3464801,0.2724055,1,1,1,1,1,1,1,2
0.3249018,0.2971168,1,1,1,1,1,1,1,2
0.3045934,0.3250031,1,1,1,1,1,1,1,2
0.2854522,0.356607,1,1,1,1,1,1,1,2
0.2673863,0.3926135,1,1,1,1,1,1,1,2
0.2503133,1,1,1,1,1,1,1,1,2
0.2341634,1,1,1,1,1,1,1,1,2
0.2254704,1,1,1,1,1,1,1,1,2
0.2400981,1,1,1,1,1,1,1,1,2
0.2556693,1,1,1,1,1,1,1,1,2
0.2720973,1,1,1,1,1,1,1,1,2
0.2893808,1,1,1,1,1,1,1,1,2
0.3075136,1,1,1,1,1,1,1,1,2
0.3264886,1,1,1,1,1,1,1,1,2
0.3462828,1,1,1,1,1,1,1,1,2
0.3668771,1,1,1,1,1,1,1,1,2
1,1,1,1,1,1,1,1,1,1
1,1,1,1,1,1,1,1,1,1
1,1,1,1,1,1,1,1,1,1
1,1,1,1,1,1,1,1,1,1
1,1,1,1,1,1,1,1,1,1
1,1,1,1,1,1,1,1,1,1
1,1,1,1,1,1,1,1,1,1
1,1,1,1,1,1,1,1,1,1
1,1,1,1,1,1,1,1,1,1
1,1,1,1,1,1,1,1,1,1
1,1,1,1,1,1,1,1,1,1
1,1,1,1,1,1,1,1,1,1
1,1,1,1,1,1,1,1,1,1
1,1,1,1,1,1,1,1,1,1
1,1,1,1,1,1,0.9961171,1,1,1
1,1,1,1,1,1,0.9888111,1,1,1
1,1,1,1,1,1,0.9816195,1,1,1
0.9962459,1,1,1,1,1,0.974542,1,1,1
0.9881878,1,1,1,1,1,0.9675424,1,1,1
0.9801712,1,1,1,1,1,0.9605808,1,1,1
0.9721903,1,1,1,1,1,0.9536599,1,1,1
0.9642466,1,1,1,1,1,0.9467784,1,1,1
0.9563345,1,1,1,1,1,0.939935,1,1,1
0.948452,1,1,1,1,1,0.933129,1,1,1
0.9405968,1,1,1,1,1,0.9263591,1,1,1
0.9327633,1,1,1,1,1,0.9196272,1,1,1
0.9249529,1,1,1,1,1,0.9129323,1,1,1
0.9171594,1,1,1,1,1,0.9062732,1,1,1
0.9133093,1,1,1,1,1,0.8996487,1,1,1
0.9229569,1,1,1,1,1,0.8930942,1,1,1
0.9318531,1,1,1,1,1,0.886727,1,1,1
0.9400207,1,1,1,1,1,0.8805403,1,1,1
0.9474918,1,1,1,1,1,0.8745252,1,1,1
0.9542886,1,1,1,1,1,0.8686801,1,1,1
0.9604422,1,1,1,1,1,0.8630013,1,1,0
0.9659832,1,1,1,1,1,0.8574852,1,1,0
0.9709499,1,1,1,1,1,0.852126,1,1,0
0.9753691,1,1,1,1,1,0.8469245,1,1,0
0.9792789,1,1,1,1,1,0.8418756,1,1,0
0.9827108,1,1,1,1,1,0.8369776,1,1,0
0.9857028,1,1,1,1,1,0.8322261,1,1,0
0.9882835,1,1,1,1,1,0.8276201,1,1,0
0.9904833,1,1,1,1,1,0.8231591,1,0.9941963,0
0.9920328,1,1,1,1,1,0.8189341,1,0.9845653,0
0.992786,1,1,1,1,1,0.815008,1,0.9748705,0
0.9928082,1,1,1,1,1,0.8113812,1,0.9651445,0
0.9921657,1,1,1,1,1,0.8080541,1,0.9554183,0
0.9909189,1,1,1,1,1,0.805031,1,0.9457247,0
0.9891322,1,1,1,1,1,0.8023133,1,0.9360916,0
0.9868683,1,1,1,1,1,0.7999023,0.8926846,0.9265454,0
0.9789255,1,1,1,1,1,1,0.6934351,0.9156712,0
0.9698809,1,1,1,1,1,1,0.6889327,0.9048494,0
0.9608048,1,1,1,1,1,1,0.6847475,0.9036568,0
0.9521421,1,1,1,1,1,1,0.6808463,0.9795668,0
0.9469492,1,1,1,1,1,1,0.6768774,1,0
0.9427131,1,1,1,1,1,1,0.673009,1,0
0.9385702,1,1,1,1,1,1,0.6693243,1,0
0.9345303,1,1,1,1,1,0.9733607,0.6658179,1,0
0.9297811,1,1,1,1,1,0.9722398,0.6626223,1,0
0.9251793,1,1,1,1,1,0.9756618,0.6596234,1,0
0.9208475,1,1,1,1,1,0.979295,0.6567989,1,0
0.9167818,1,1,1,1,1,0.9831225,0.6541363,1,0
0.912965,1,1,1,1,1,0.987139,0.6516328,1,0
0.9093882,1,1,1,1,1,0.9913318,0.6492797,1,0
0.9060428,1,1,1,1,1,0.9956876,0.6470681,1,0
0.9029155,1,1,1,1,1,1,0.6449928,1,0
0.8999933,1,1,1,1,1,1,0.6430469,1,0
0.8971649,1,1,1,1,1,1,0.6412569,0.6163473,0
0.8877007,1,1,1,1,1,1,0.6418692,0.6111736,0
0.8786637,1,1,1,1,1,1,0.6429851,0.60649,0
0.8700329,1,1,1,1,1,1,1,0.6022848,0
0.8668154,1,1,1,1,1,1,1,0.5987347,0
0.863631,1,1,1,1,1,1,1,0.5953926,0
0.8604839,1,1,1,1,1,1,1,0.5922572,0
0.857379,1,1,1,1,1,1,1,0.589327,0
0.8543195,1,1,1,1,1,1,0.9654269,0.5866004,0
0.8506581,1,1,1,1,1,0.9856862,0.9156772,0.5840932,0
0.8460137,1,1,1,1,1,0.9608539,0.8648832,0.5818704,0
0.8403953,1,1,1,1,1,0.9350773,0.8135126,0.5800166,0
0.8339666,1,1,1,1,1,0.9086939,0.8075267,0.5786262,0
0.8275878,1,1,1,1,1,0.8830974,0.8148535,0.5776957,0
0.821493,1,1,1,1,1,0.9061875,0.8229073,0.5772117,0
0.8161001,1,1,1,1,1,0.9304765,0.8310669,0.5770735,0
0.8113227,1,1,1,1,1,0.9549938,0.8392563,0.5772284,0
0.8070788,1,1,1,1,1,1,0.8474156,1,1
0.8089224,1,1,1,1,1,1,0.8448496,1,1
0.8107405,1,1,1,1,1,1,0.8423688,1,1
0.8125304,1,1,1,1,1,1,0.8399719,1,1
0.8142894,1,1,1,1,1,1,0.837658,1,1
0.8160176,1,1,1,1,1,1,0.8354223,1,1
0.817716,1,1,1,1,1,1,0.8332605,1,1
0.8193818,1,1,1,1,1,1,0.8311723,1,1
0.8210157,1,1,1,1,1,1,0.8291539,1,1
0.8226153,1,1,1,1,1,1,0.8272052,1,1
0.8241814,1,1,1,1,1,1,0.8253226,1,1
0.8257117,1,1,1,1,1,1,0.8235065,1,1
0.8272073,1,1,1,1,1,1,0.8217538,1,1
0.8286659,1,1,1,1,1,1,0.8200648,1,1
0.8300917,1,1,1,1,1,1,0.818433,1,1
0.8314794,1,1,1,1,1,1,0.8168631,1,1
0.8328335,1,1,1,1,1,1,0.8153483,1,1
0.8341517,1,1,1,1,1,1,0.8138903,1,1
0.8354322,1,1,1,1,1,1,0.81249,0.975716,1
0.8363264,1,1,1,1,1,1,0.8116874,0.8967153,0
0.8360623,1,1,1,1,1,1,1,0.8003641,1
0.8366628,1,1,1,1,1,1,1,0.7224534,0
0.8361511,1,1,1,1,1,1,1,0.6847421,0
0.8351062,1,1,0.9981501,1,1,1,1,0.6844196,0
0.8340548,1,1,0.9886597,1,1,1,1,0.6841846,0
0.8330016,1,1,0.9791887,1,1,1,0.7571257,0.6840358,0
0.829404,1,1,0.9705027,1,1,1,0.7244249,0.6851078,0
0.8256637,1,1,0.962073,1,1,1,0.692505,0.6865923,0
0.8218268,1,1,0.9539129,0.9466053,1,1,0.661497,0.6885118,0
0.8179146,1,1,0.9460465,0.9360507,1,1,0.6314267,0.6908991,0
0.8140014,1,1,0.938464,0.9257601,1,1,0.6135952,0.6937462,0
0.8102036,1,1,0.9310993,0.9157431,1,1,0.6225033,0.6969835,0
0.8067034,1,1,0.9237777,0.9059704,1,1,0.6315163,0.7004156,0
0.8034636,1,1,0.9164566,0.8963946,1,1,0.6405789,0.7040016,0
0.8004495,1,1,0.9090956,0.8869705,1,1,0.649636,0.7077028,0
0.7976304,1,1,0.9016587,0.8776578,1,1,0.6586341,0.7114825,0
0.7949787,1,1,0.8941184,0.8684236,1,1,0.6675214,0.715307,0
0.7924731,1,1,0.8864486,0.8592374,1,1,1,0.7191411,1
0.791463,1,1,0.8763019,0.8492917,1,1,1,0.7202867,1
0.7904842,1,1,0.8660972,0.8393295,1,1,1,0.7213712,1
0.7895355,1,1,0.8558339,0.8293484,1,1,1,1,2
0.7902696,1,1,0.8430594,0.8185787,1,1,1,1,2
0.7912071,1,1,0.8304515,0.8079169,1,1,1,1,2
0.7923465,1,1,0.8180134,0.7973632,1,1,1,1,2
0.7936797,1,1,0.8057436,0.7869133,1,1,1,1,2
0.7952005,1,1,0.7936391,0.7765622,1,1,1,1,2
0.7968991,1,1,0.7816986,0.766307,1,1,1,1,2
0.7987682,1,1,0.7699198,0.7561439,1,1,1,1,2
0.8007968,1,1,0.7582933,0.7460628,1,1,1,1,2
1,1,0.8104331,0.7468151,0.7360588,1,1,1,1,2
1,1,0.79757,0.7360376,0.7260842,1,1,1,1,2
1,1,0.7847379,0.725283,0.7161318,1,1,1,1,2
1,1,0.7719432,0.7145518,0.7061992,1,1,1,1,2
1,1,0.7591945,0.7038473,0.6962866,1,1,1,1,2
1,1,0.7465034,0.6931753,0.6863967,1,1,1,0.6263947,0
1,1,0.738708,0.684056,0.6762228,1,1,1,0.5597479,0
1,1,0.7316252,0.6752101,0.666097,1,1,1,0.4977349,0
1,1,0.7251989,0.6666446,0.6560696,1,1,1,0.4995754,0
1,1,0.7185345,0.658057,0.6461567,1,1,1,0.5015354,0
1,1,0.7116077,0.649425,0.6363329,1,1,1,0.5035896,0
1,1,0.7043982,0.6407293,0.6265751,1,1,1,0.5057137,0
1,1,0.6968892,0.6319535,0.6168631,1,1,1,0.5078876,0
1,1,0.6890716,0.6230869,0.6071826,1,1,1,0.5100894,0
1,1,0.6809365,0.6141185,0.5975181,1,1,1,0.5122984,0
1,1,0.6724786,0.60504,0.5878571,1,1,1,0.5144981,0
1,1,0.663693,0.595842,0.5781859,0.5786213,1,1,0.5166706,0
1,1,0.6552029,0.5867839,0.568585,0.5682269,1,1,1,2
1,1,0.6392704,0.5746289,0.5580065,0.5588209,1,1,1,2
1,1,0.623747,0.5626693,0.5475333,0.5494477,1,1,1,2
1,1,0.6086117,0.5508908,0.5371519,1,1,1,1,2
1,1,0.5931442,0.5390117,0.5268017,1,1,1,1,2
1,1,0.5780607,0.5273196,0.516555,1,1,1,1,2
1,1,0.5633449,0.5158037,0.5064015,1,1,1,1,2
1,1,0.548979,0.5044523,0.4963303,1,1,1,1,2
1,1,0.5349473,0.4932565,0.4863337,1,1,1,1,2
1,1,0.5212339,0.4822072,0.476404,1,1,1,1,2
1,1,0.5078188,0.4712922,0.4665311,1,1,1,1,2
1,1,0.4946825,0.4604994,0.456705,1,1,1,1,2
1,1,0.4818055,0.4498173,0.4469164,1,1,1,1,2
1,1,0.4691725,0.4392379,0.4371598,1,1,1,1,2
1,1,0.4567653,0.4287507,0.4274274,1,1,1,1,2
1,1,0.4445666,0.418346,0.417712,1,1,1,1,2
1,1,0.4325633,0.4080177,0.4080104,1,1,1,1,2
1,1,0.4207367,0.3977545,0.398314,1,1,1,1,2
1,1,0.4090756,0.3875516,0.3886211,1,1,1,1,2
1,1,0.3975631,0.3773993,0.3789245,1,1,1,1,2
1,0.5037266,0.3861898,0.3672943,0.369224,1,1,1,1,2
1,0.4808268,0.3732786,0.3570238,0.360207,1,1,1,1,2
1,0.4594724,0.3608412,0.3469595,1,1,1,1,1,2
1,0.4385568,0.3485909,0.3370701,1,1,1,1,1,2
1,0.418598,0.336668,0.3273668,1,1,1,1,1,2
1,0.3995295,0.3250559,0.3178397,1,1,1,1,1,2
1,0.3815498,0.3137962,0.3084608,1,1,1,1,1,2
1,0.3645607,0.3028554,0.2992038,1,1,1,1,1,2
1,0.3484474,0.292192,0.2900401,1,1,1,1,1,2
1,0.333114,0.2817745,1,1,1,1,1,1,2
1,0.3177639,0.2714593,1,1,1,1,1,1,2
1,0.3030928,0.2613757,1,1,1,1,1,1,2
0.4357218,0.2890391,0.2515004,1,1,1,1,1,1,2
0.4074716,0.2750413,0.2417688,1,1,1,1,1,1,2
0.3810917,0.2615696,0.2322489,1,1,1,1,1,1,2
0.356408,0.2485938,0.2229306,1,1,1,1,1,1,2
0.3332674,0.2360862,0.2138042,1,1,1,1,1,1,2
0.3115396,0.2240244,1,1,1,1,1,1,1,2
0.2911,0.2123809,1,1,1,1,1,1,1,2
0.2718469,0.201137,1,1,1,1,1,1,1,2
0.2536892,0.1902751,1,1,1,1,1,1,1,2
0.2365377,0.1797729,1,1,1,1,1,1,1,2
0.2203202,0.1696157,1,1,1,1,1,1,1,2
0.2049678,0.1597867,1,1,1,1,1,1,1,2
0.1904227,0.1502736,1,1,1,1,1,1,1,2
0.1766245,0.1592622,1,1,1,1,1,1,1,2
0.1635266,0.2000791,1,1,1,1,1,1,1,2
0.1510828,0.2498716,1,1,1,1,1,1,1,2
0.139251,0.3116725,1,1,1,1,1,1,1,2
0.1279932,0.3900111,1,1,1,1,1,1,1,2
0.1293046,0.4920821,1,1,1,1,1,1,1,2
0.146409,1,1,1,1,1,1,1,1,2
0.1644943,1,1,1,1,1,1,1,1,2
0.1837693,1,1,1,1,1,1,1,1,2
0.2042463,1,1,1,1,1,1,1,0.9890077,2
0.2257619,1,1,1,1,1,1,1,0.9767779,2
0.2482224,1,1,1,1,1,1,1,0.9671679,2
0.2715878,1,1,1,1,1,1,1,0.9596986,2
0.2958123,1,1,1,1,1,1,1,0.9540118,2
0.3208512,1,1,1,1,1,1,1,0.9498259,2
0.3466556,1,1,1,1,1,1,1,0.9469194,2
0.373172,1,1,1,1,1,1,1,0.9451173,2
0.4003429,1,1,1,1,1,1,1,0.9442719,2
0.4281158,1,1,1,1,1,1,1,0.9442682,2
1,1,1,1,1,1,1,1,0.9450126,1
1,1,1,1,1,1,1,1,0.957384,1
1,1,1,1,1,1,1,1,1,1
1,1,1,1,1,1,1,1,1,1
1,1,1,1,1,1,1,1,1,1
1,1,1,1,1,1,1,1,1,1
1,1,1,1,1,1,1,1,1,1
1,1,1,1,1,1,1,1,1,1
1,1,1,1,1,1,1,1,1,1
1,1,1,1,1,1,1,1,1,1
1,1,1,1,1,1,1,1,1,1
1,1,1,1,1,1,1,1,1,1
1,1,1,1,1,1,1,1,1,1
1,1,1,1,1,1,1,1,1,1
1,1,1,1,1,1,1,1,1,1
1,1,1,1,1,1,1,1,1,1
1,1,1,1,1,1,1,1,1,1
1,1,1,1,1,1,1,1,1,1
1,1,1,1,1,1,1,1,1,1
1,1,1,1,1,1,1,1,1,1
1,1,1,1,1,1,1,1,1,1
1,1,1,1,1,1,1,1,1,1
1,1,1,1,1,1,1,1,1,1
1,1,1,1,1,1,1,1,1,1
1,1,1,1,1,1,1,1,1,1
1,1,1,1,1,1,1,1,1,1
1,1,1,1,1,1,1,1,1,1
1,1,1,1,1,1,1,1,1,1
1,1,1,1,1,1,1,1,1,1
1,1,1,1,1,1,1,1,1,1
1,1,1,1,1,1,1,1,1,1
1,1,1,1,1,1,1,1,1,1
1,1,1,1,1,1,1,1,1,1
1,1,1,1,1,1,1,1,1,1
1,1,1,1,1,1,1,1,1,1
1,1,1,1,1,1,1,1,1,1
1,1,1,1,1,1,1,1,1,1
1,1,1,1,1,1,1,1,1,1
1,1,1,1,1,1,1,1,1,1
1,1,1,1,1,1,1,1,1,1
1,1,1,1,1,1,1,1,1,1
1,1,1,1,1,1,1,1,1,1
1,1,1,1,1,1,1,1,1,1
1,1,1,1,1,1,1,1,1,1
1,1,1,1,1,1,1,1,1,1
1,1,1,1,1,1,1,1,1,1
1,1,1,1,1,1,1,1,1,1
1,1,1,1,1,1,1,1,1,1
1,1,1,1,1,1,1,1,1,1
1,1,1,1,1,1,1,1,1,1
1,1,1,1,1,1,1,1,1,1
1,1,1,1,1,1,1,1,1,1
1,1,1,1,1,1,1,1,1,1
1,1,1,1,1,1,1,1,1,1
1,1,1,1,1,1,1,1,1,1
1,1,1,1,1,1,1,1,1,1
1,1,1,1,1,1,1,1,1,1
1,1,1,1,1,1,1,1,1,1
1,1,1,1,1,1,1,1,1,1
1,1,1,1,1,1,0.997341,1,1,1
1,1,1,1,1,1,0.9692043,1,1,1
1,1,1,1,1,1,0.936321,1,1,1
1,1,1,1,1,1,0.9261538,1,1,1
1,1,1,1,1,1,0.9187328,1,1,1
1,1,1,1,1,1,0.9113966,1,1,1
1,1,1,1,1,1,0.9041456,0.72348,1,0
1,1,1,1,1,1,0.8996264,0.7134911,1,0
1,1,1,1,1,1,0.8955401,0.7037563,1,0
1,1,1,1,1,1,0.891908,0.6942967,1,0
1,1,1,1,1,1,0.8887538,0.6851348,1,0
1,1,1,1,1,1,0.8861006,0.6762913,1,0
1,1,1,1,1,1,0.8839704,0.6677855,1,0
1,1,1,1,1,1,0.8823849,0.6596343,1,0
1,1,1,1,1,1,0.8813604,0.7410359,1,0
1,1,1,1,1,1,0.8795296,1,1,0
1,1,1,1,1,1,0.8739272,1,1,0
1,1,1,1,1,1,0.8684379,1,1,0
1,1,1,1,1,1,0.8630612,1,1,0
1,1,1,1,1,1,0.8577996,1,1,0
1,1,1,1,1,1,0.852656,1,1,0
1,1,1,1,1,1,0.8476297,1,1,0
1,1,1,1,0.99814,1,0.8427202,1,1,0
1,1,1,1,0.983023,1,0.8379499,1,1,0
1,1,1,1,0.9675773,1,0.8334652,1,0.6440601,0
1,1,1,1,0.9413559,1,0.834881,1,0.6312747,0
1,1,1,1,0.945774,1,0.8369741,0.8602246,0.6191074,0
1,1,1,1,0.9626067,1,0.8396764,0.7375905,0.6075979,0
1,1,1,1,0.9811576,1,1,0.7330113,0.5967173,0
1,1,1,1,1,0.9743204,1,0.7289125,0.5864452,0
1,1,1,1,1,0.9438802,1,0.7252911,0.5767567,0
1,1,1,1,1,0.9148512,1,0.7221511,0.6296638,0
1,1,1,1,1,0.8871299,1,0.7194886,0.7108766,0
1,1,1,1,1,0.8606228,1,0.7173102,1,0
1,1,1,1,1,0.8618144,1,0.7147086,1,0
1,1,1,1,1,0.8714371,1,0.712391,1,0
1,1,1,1,1,0.881579,1,0.7103179,1,0
1,1,1,1,1,0.8922343,0.9964675,0.708479,1,0
1,1,1,1,1,0.9035408,0.9651753,0.7068833,1,0
1,1,1,1,1,0.9167275,0.9343017,0.7057132,1,0
1,1,1,1,1,0.9318672,0.9040123,0.7049766,1,0
1,1,1,1,1,0.949046,0.8744333,0.7046846,0.6753032,0
1,1,1,1,1,0.9752254,0.8419893,0.705904,0.6701444,0
1,1,1,1,1,1,0.8111731,0.7076617,0.6654969,0
1,1,1,1,1,1,0.781861,0.7099731,0.6613553,0
1,1,1,1,1,1,0.7539381,1,0.6577123,0
1,1,1,1,1,1,0.7426037,1,0.654565,0
1,1,1,1,1,1,0.7571033,1,0.6519085,0
1,1,1,1,1,1,0.7730188,1,0.6497421,0
1,1,1,1,1,1,0.790112,1,0.6480474,0
1,1,1,1,1,1,0.808248,1,0.6468014,0
1,1,1,1,1,1,0.8274204,1,0.6459755,0
1,1,1,1,1,1,0.8476184,0.9538215,0.6455419,0
1,1,1,1,1,1,0.8710856,0.9045213,0.6456233,0
1,1,1,1,1,1,0.8981646,0.8573436,0.6462618,0
1,1,1,1,1,1,0.9279584,0.8134066,0.6473989,0
1,1,1,1,1,1,0.9607919,0.7723924,0.6490403,0
1,1,1,1,1,1,1,0.734008,0.6511956,0
1,1,1,1,1,1,1,0.6980084,1,0
1,1,1,1,1,1,1,0.673265,1,0
1,1,1,1,1,1,1,0.6486103,1,0
1,1,1,1,1,1,1,0.6241369,1,0
1,1,1,1,1,1,1,0.6183361,1,0
1,1,1,1,1,1,1,0.625183,1,0
1,1,1,1,1,1,1,1,1,1
1,1,1,1,1,1,1,1,1,1
1,1,1,1,1,1,1,1,1,1
1,1,1,1,1,1,1,1,1,1
1,1,1,1,1,1,1,1,1,1
1,1,1,1,1,1,1,1,1,1
1,1,1,1,1,1,1,1,1,1
1,1,1,1,1,1,1,1,1,1
1,1,1,1,1,1,1,1,1,1
1,1,1,1,1,1,1,1,1,1
1,1,1,1,1,1,1,1,1,1
1,1,1,1,1,1,1,1,1,1
1,1,1,1,1,1,1,1,1,1
1,1,1,1,1,1,1,1,1,1
1,1,1,1,1,1,1,1,1,1
1,1,1,1,1,1,1,1,1,1
1,1,1,1,1,1,1,1,1,1
1,1,1,1,1,1,0.9947528,1,1,1
1,1,1,1,1,1,0.9836758,1,1,1
1,1,1,1,1,1,0.9725108,1,1,1
1,1,1,1,1,1,0.9612607,1,1,1
1,1,1,1,1,1,0.9499285,1,1,1
1,1,1,1,1,1,0.9385173,1,1,1
1,1,1,1,1,1,0.9270307,1,1,1
1,1,1,1,1,1,0.9154728,1,1,1
1,1,1,1,1,1,0.9038475,1,1,1
1,1,1,1,1,1,0.8921592,1,1,1
1,1,1,1,1,1,0.8804123,1,1,1
1,1,1,1,1,1,0.8686117,1,1,1
1,1,1,1,1,1,0.8567656,1,1,1
1,1,1,1,1,1,0.8448755,1,1,1
1,1,1,1,1,1,0.8329466,1,1,1
1,1,1,1,1,1,0.8209841,1,1,1
1,1,1,1,1,1,0.8089932,1,1,1
1,1,1,1,1,1,0.7969826,1,1,1
1,1,1,1,1,1,0.7849539,1,1,1
1,1,1,1,1,1,0.7729125,1,1,1
1,1,1,1,1,1,0.7608668,1,1,1
1,1,1,1,1,1,0.7488185,1,1,1
1,1,1,1,1,1,0.7367756,1,1,1
1,1,1,1,1,1,0.7247398,1,1,0
1,1,1,1,1,1,0.7127189,1,1,0
1,1,1,1,1,1,0.7007173,1,1,0
1,1,1,1,1,1,0.6887391,1,1,0
1,1,1,1,1,1,0.6944633,1,1,0
1,1,1,1,1,1,0.7049493,1,1,0
1,1,1,1,1,1,0.7154263,1,1,1
1,1,1,1,1,1,0.7258871,1,1,1
1,1,1,1,1,1,0.7363147,1,1,1
1,1,1,1,1,1,0.7466932,1,0.9685422,0
1,1,1,1,1,1,0.7596865,0.8026314,0.9274579,0
1,1,1,1,1,1,0.7896454,0.7795093,0.8725913,0
1,1,1,1,1,1,0.827931,0.7554823,0.8788082,0
1,1,1,1,1,1,0.8695381,0.7324568,0.8853189,0
1,1,1,1,1,1,1,0.71039,0.8920907,0
1,1,1,1,1,1,1,0.6898409,0.8986686,0
1,1,1,1,1,1,1,0.6697445,0.9056625,0
1,1,1,1,1,1,1,0.6501237,0.9130697,0
1,1,1,1,1,1,1,0.6309845,0.9208889,0
1,1,1,1,1,1,1,0.6123391,0.9291108,0
1,1,1,1,1,1,1,0.594187,0.9377306,0
1,1,1,1,1,1,1,0.5765241,0.9467348,0
1,1,1,1,1,1,1,0.5593463,0.9561086,0
1,1,1,1,1,1,1,0.5426425,1,0
1,1,1,1,1,1,1,0.5268464,1,0
1,1,1,1,1,1,1,0.5113179,1,0
1,1,1,1,1,1,1,0.5246505,1,0
1,1,1,1,1,1,1,0.5391814,1,0
1,1,1,1,1,1,1,0.5540134,1,0
1,1,1,1,1,1,1,0.5691251,0.6980624,0
1,1,1,1,0.9729108,1,1,0.5952224,0.6614465,0
1,1,1,1,0.9324489,1,1,0.6236562,0.6273533,0
1,1,1,1,0.929557,1,1,0.6542069,0.5958243,0
1,1,1,0.968128,0.9270127,1,1,0.6875864,0.5662648,0
1,1,1,0.9346407,0.9244655,1,1,0.7228577,0.5390475,0
1,1,1,0.9097857,0.9217942,1,1,1,0.513967,0
1,1,1,0.9064976,0.9170821,1,1,1,0.4930537,0
1,1,1,0.9035292,0.9126297,1,1,1,0.4727232,0
1,1,1,0.9008747,0.9084338,0.9986506,1,1,0.4529877,0
1,1,1,0.8985122,0.9044791,0.9444663,1,1,0.4609349,0
1,1,1,0.8953345,0.9000031,0.8978049,1,1,0.4724995,0
1,1,1,0.8912382,0.8949277,0.8575112,1,1,0.4838238,0
1,1,1,0.886209,0.889237,0.8224236,1,1,0.4948509,0
1,1,1,0.8802432,0.8829228,0.8133527,1,1,0.5055188,0
1,1,1,0.8735795,0.8761452,0.8060309,1,1,0.515946,0
1,1,1,0.8662219,0.8689038,0.7984545,1,1,0.5260907,0
1,1,1,0.8581558,0.8611845,0.7906106,1,1,0.5358983,1
1,1,1,0.8493773,0.852982,0.7824927,1,1,0.545321,1
1,1,1,0.8398863,0.8442925,0.7740945,1,1,0.5543102,1
1,1,1,0.8296939,0.8351207,0.7654166,1,1,0.5628216,1
1,1,1,0.8188151,0.825473,0.7564601,1,1,0.5708212,1
1,1,1,0.8072768,0.8153654,0.7472326,1,1,0.578281,1
1,1,1,0.7951089,0.8048147,0.7377417,1,1,0.5851755,1
1,1,1,0.7823526,0.7938463,0.7280019,1,1,0.5914868,1
1,1,1,0.7690507,0.7824867,0.7180269,1,1,0.5972096,1
1,1,1,0.7552556,0.7707695,0.7078362,1,1,0.6023456,2
1,1,1,0.7410194,0.7587276,0.6974481,1,1,0.6069005,2
1,1,1,0.7264012,0.7463999,0.6868854,1,1,0.6108952,2
1,1,1,0.7114654,0.7338305,0.6761753,1,1,0.6143482,2
1,1,1,0.6962688,0.7210564,0.6653388,1,1,0.6172882,2
1,1,1,0.6808711,0.7081183,0.6543998,1,1,1,2
1,1,1,0.659257,0.6907073,0.640878,1,1,1,2
1,1,1,0.6422361,0.6736593,0.6275859,1,1,1,2
1,1,1,0.6522363,0.6570475,0.6261105,1,1,0.6052585,2
1,1,1,0.6508431,0.6449607,0.624891,1,1,1,2
1,1,1,0.6615549,0.6292447,0.6545967,1,1,1,2
1,1,1,0.6723381,0.6142339,0.6869476,1,1,1,2
1,1,1,0.6568698,0.5998368,0.7221636,1,1,0.596457,1
1,1,1,0.644609,0.5890558,0.7148746,1,1,1,2
1,1,1,0.6269661,0.575077,1,1,1,1,2
1,1,0.6212215,0.6106679,0.561896,1,1,1,1,2
1,1,0.5952447,0.5925589,0.5476686,1,1,1,1,2
1,1,0.5704702,0.5750502,0.5338155,1,1,1,1,2
1,1,0.5468096,0.5581089,0.5203189,1,1,1,1,2
1,1,0.527278,0.5416974,0.5071556,1,1,1,0.5771145,2
1,1,0.5304678,0.5280992,0.502652,1,1,1,1,2
1,1,0.540383,0.512499,0.5355011,1,1,1,0.5721885,2
1,1,0.5429709,0.4998561,0.5464268,1,1,1,1,2
1,1,0.5544545,0.4849564,0.5899523,1,1,1,1,2
1,1,0.5423968,0.4704759,0.6443483,1,1,1,0.5642438,2
1,1,0.5281815,0.4590028,1,1,1,1,1,2
1,1,0.5090928,0.4453124,1,1,1,1,1,2
1,1,0.4906902,0.4319587,1,1,1,1,1,2
1,1,0.4729451,0.418927,1,1,1,1,1,2
1,1,0.4558318,0.4104765,1,1,1,1,1,2
1,0.5057081,0.4393307,0.4354669,1,1,1,1,1,2
1,0.4741882,0.4227758,0.4695548,1,1,1,1,0.545882,2
1,0.4470571,0.4076634,0.5016378,1,1,1,1,0.5433797,2
1,0.4213433,0.3929711,0.5391389,1,1,1,1,0.5409232,2
1,0.4146585,0.378687,1,1,1,1,1,1,2
1,0.4219464,0.3639193,1,1,1,1,1,0.5353849,2
1,0.4260652,0.3511615,1,1,1,1,1,1,2
1,0.4344807,0.3371072,1,1,1,1,1,1,2
1,0.4436987,0.3234569,1,1,1,1,1,0.5276746,2
1,0.4204737,0.311706,1,1,1,1,1,1,2
1,0.397415,0.3312083,1,1,1,1,1,1,2
1,0.375507,0.3546309,1,1,1,1,1,1,2
0.4483808,0.3546603,0.3819489,1,1,1,1,1,1,2
0.4018309,0.3347942,0.4140076,1,1,1,1,1,0.5145842,2
0.3635638,0.3158399,0.4519176,1,1,1,1,1,0.5117781,2
0.3692731,0.2977313,1,1,1,1,1,1,0.5090019,2
0.375493,0.280412,1,1,1,1,1,1,0.5062524,2
0.3822461,0.2638271,1,1,1,1,1,1,0.5035261,2
0.3894403,0.2480155,1,1,1,1,1,1,0.5008279,2
0.3777619,0.2329461,1,1,1,1,1,1,0.4981439,2
0.3474767,0.2436096,1,1,1,1,1,1,0.4954642,2
0.3193178,0.2568622,1,1,1,1,1,1,0.4927838,2
0.2931316,0.2713329,1,1,1,1,1,1,0.4900929,2
0.2687438,0.2870688,1,1,1,1,1,1,0.4873874,2
0.2459812,0.3041284,1,1,1,1,1,1,0.484654,2
0.224686,0.3225688,1,1,1,1,1,1,0.481878,2
0.2047123,0.3424315,1,1,1,1,1,1,0.4790491,2
0.204718,1,1,1,1,1,1,1,0.4761533,1
0.2107497,1,1,1,1,1,1,1,0.5166682,2
0.2171426,1,1,1,1,1,1,1,0.5538319,2
0.2239166,1,1,1,1,1,1,1,0.5843946,2
0.231053,1,1,1,1,1,1,1,0.6095046,2
0.2385378,1,1,1,1,1,1,1,0.6302651,2
0.2463571,1,1,1,1,1,1,1,0.6476564,2
0.2544971,1,1,1,1,1,1,1,0.6624732,2
0.262956,1,1,1,1,1,1,1,0.6753502,2
0.2717225,1,1,1,1,1,1,1,0.6867692,2
0.2807958,1,1,1,1,1,1,1,0.697081,2
0.2901682,1,1,1,1,1,1,1,0.7065604,2
0.2998375,1,1,1,1,1,1,1,0.7154149,2
1,1,1,1,1,1,1,1,0.7237874,0
1,1,1,1,1,1,1,1,1,1
1,1,1,1,1,1,1,1,1,1
1,1,1,1,1,1,1,1,1,1
1,1,1,1,1,1,1,1,1,1
1,1,1,1,1,1,1,1,1,1
1,1,1,1,1,1,1,1,1,1
1,1,1,1,1,1,1,1,1,1
1,1,1,1,1,1,1,1,1,1
1,1,1,1,1,1,1,1,1,1
1,1,1,1,1,1,1,1,1,1
1,1,1,1,1,1,1,1,1,1
1,1,1,1,1,1,1,1,1,1
1,1,1,1,1,1,1,1,1,1
1,1,1,1,1,1,1,1,1,1
1,1,1,1,1,1,1,1,1,1
1,1,1,1,1,1,1,1,1,1
1,1,1,1,1,1,1,1,1,1
1,1,1,1,1,1,1,1,1,1
1,1,1,1,1,1,1,1,1,1
1,1,1,1,1,1,1,1,1,1
1,1,1,1,1,1,1,1,1,1
1,1,1,1,1,1,1,1,1,1
1,1,1,1,1,1,1,1,1,1
1,1,1,1,1,1,1,1,1,1
1,1,1,1,1,1,1,1,1,1
1,1,1,1,1,1,1,1,1,1
1,1,1,1,1,1,1,1,1,1
1,1,1,1,1,1,1,1,1,1
1,1,1,1,1,1,1,1,1,1
1,1,1,1,1,1,1,1,1,1
1,1,1,1,1,1,1,1,1,1
1,1,1,1,1,1,1,1,1,1
1,1,1,1,1,1,1,1,1,1
1,1,1,1,1,1,1,1,1,1
1,1,1,1,1,1,1,1,1,1
1,1,1,1,1,1,1,1,1,1
1,1,1,1,1,1,1,1,1,1
1,1,1,1,1,1,1,1,1,1
1,1,1,1,1,1,1,1,1,1
1,1,1,1,1,1,1,1,1,1
1,1,1,1,1,1,1,1,1,1
1,1,1,1,1,1,1,1,1,1
1,1,1,1,1,1,1,1,1,1
1,0.9973329,1,1,1,1,1,1,1,1
1,0.9880432,1,1,1,1,1,1,1,1
1,0.9787079,1,1,1,1,1,1,1,1
1,0.9693249,1,1,1,1,1,1,1,1
1,0.9598988,1,1,1,1,1,1,1,1
1,0.9504312,1,1,1,1,1,1,1,1
1,0.9409239,1,1,1,1,1,1,1,1
1,0.9313787,1,1,1,1,1,1,1,1
1,0.9218004,1,1,1,1,1,1,1,1
1,0.9121915,1,1,1,1,1,1,1,1
1,0.9025537,1,1,1,1,1,1,1,1
1,0.8928896,1,1,1,1,1,1,1,1
1,0.8832043,1,1,1,1,1,1,1,1
1,0.873497,1,1,1,1,1,1,1,1
1,0.8637735,1,1,1,1,1,1,1,1
1,0.8540394,1,1,1,1,1,1,1,1
1,0.8442938,1,1,1,1,1,1,1,1
1,0.8345425,1,1,1,1,1,1,1,1
1,0.8247848,1,1,1,1,1,1,1,1
1,0.8150262,1,1,1,1,1,1,1,1
1,0.8052726,1,1,1,1,1,1,1,1
1,0.7955232,1,1,1,1,1,1,1,1
1,0.7857836,1,1,1,1,1,1,1,1
1,0.7760563,1,1,1,1,1,1,1,1
0.9990845,0.7663435,1,1,1,1,1,1,1,1
0.9845794,0.756641,1,1,1,1,1,1,1,1
0.9697353,0.7468643,1,1,1,1,1,1,1,1
0.9545816,0.7463948,1,1,1,1,1,1,1,2
0.9392568,0.775211,1,1,1,1,1,1,1,2
0.9240922,0.8050737,1,1,1,1,1,1,1,2
0.9090955,0.8359952,1,1,1,1,1,1,1,2
0.8942731,0.8680067,1,1,1,1,1,1,1,2
0.8796304,0.9011145,1,1,1,1,1,1,1,2
0.8651718,0.9353336,1,1,1,1,1,1,1,2
0.8509005,0.9706751,1,1,1,1,1,1,1,2
0.8368227,1,1,1,1,1,1,1,1,2
0.8228798,1,1,1,1,1,1,1,1,2
0.8088525,1,1,1,1,1,1,1,1,2
0.7947644,1,1,1,1,1,1,1,1,2
0.7806349,1,1,1,1,1,1,1,1,2
0.766488,1,1,1,1,1,1,1,1,2
0.7523469,1,1,1,1,1,1,1,1,2
0.7382348,1,1,1,1,1,1,1,1,2
0.7241706,1,1,1,1,1,1,1,1,2
0.7101763,1,1,1,1,1,1,1,1,2
0.6962732,1,1,1,1,1,1,1,1,2
0.6824812,1,1,1,1,1,1,1,1,2
0.6688157,1,1,1,1,1,1,1,1,2
0.6552949,1,1,1,1,1,1,1,1,2
0.6419317,1,1,1,1,1,1,1,1,2
0.6322374,1,1,1,1,1,1,1,1,2
0.6519395,1,1,1,1,1,1,1,1,2
0.6717437,1,1,1,1,1,1,1,1,2
0.6915962,1,1,1,1,1,1,1,1,2
0.7114586,1,1,1,1,1,1,1,1,2
0.7312817,1,1,1,1,1,1,1,1,2
0.7510165,1,1,1,1,1,1,1,1,2
0.7706258,1,1,1,1,1,1,1,1,2
0.7900616,1,1,1,1,1,1,1,1,2
0.8092836,1,1,1,1,1,1,1,1,1
0.828252,1,1,1,1,1,1,1,1,1
0.8469239,1,1,1,1,1,1,1,1,1
0.86527,1,1,1,1,1,1,1,1,1
0.8832576,1,1,1,1,1,1,1,1,1
0.9008551,1,1,1,1,1,1,1,1,1
0.9180347,1,1,1,1,1,1,1,1,1
0.9347712,1,1,1,1,1,1,1,1,1
0.9510421,1,1,1,1,1,1,1,1,1
0.9668267,1,1,1,1,1,1,1,1,1
0.9821148,1,1,1,1,1,1,1,1,1
0.9968912,1,1,1,1,1,1,1,1,1
1,1,1,1,1,1,1,1,1,1
1,1,1,1,1,1,1,1,1,1
1,1,1,1,1,1,1,1,1,1
1,1,1,1,1,1,1,1,1,1
1,1,1,1,1,1,1,1,1,1
1,1,1,1,1,1,1,1,1,1
1,1,1,0.9962656,1,1,1,1,1,1
1,1,1,0.9875718,1,1,1,1,1,1
1,1,1,0.9787325,1,1,1,1,1,1
1,1,1,0.9697495,1,1,1,1,1,1
1,1,1,0.9606214,1,1,1,1,1,1
1,1,1,0.9513512,1,1,1,1,1,1
1,1,1,0.9419383,1,1,1,1,1,1
1,1,1,0.9323869,1,1,1,1,1,1
1,1,1,0.9226974,1,1,1,1,1,1
1,1,1,0.9128747,1,1,1,1,1,1
1,1,1,0.9029204,1,1,1,1,1,1
1,1,1,0.89284,1,1,1,1,1,1
1,1,1,0.8826362,1,1,1,1,1,1
1,1,0.996865,0.8723156,1,1,1,1,1,1
1,1,0.9842525,0.8618568,1,1,1,1,1,1
1,1,0.9726542,0.8511926,1,1,1,1,1,1
1,1,0.9620247,0.8403456,1,1,1,1,1,1
1,1,0.9523245,0.8293303,1,1,1,1,1,0
1,1,0.9435194,0.8181685,1,1,1,1,1,0
1,1,0.9355807,0.8068779,1,1,1,1,1,0
1,1,0.928473,0.7954789,1,1,1,1,1,0
1,1,0.9221762,0.7839879,1,1,1,1,1,0
1,1,0.9166738,0.77242,1,1,1,1,1,0
1,1,0.9119539,0.7607933,1,1,1,1,1,0
1,1,0.9080084,0.7491245,1,1,1,1,1,0
1,1,0.9048217,0.7374256,1,1,1,1,1,0
1,1,1,0.7257115,1,1,1,1,1,0
1,1,1,0.7144412,1,1,1,1,1,0
1,1,1,0.7031528,1,1,1,1,1,0
1,1,1,0.6918572,1,1,1,1,1,0
1,1,1,0.6805576,1,1,1,1,1,0
1,1,1,0.6692573,1,1,1,1,1,0
1,1,1,0.657966,1,1,1,1,1,0
1,1,1,0.6466894,1,1,1,1,1,0
1,1,1,0.6354295,1,1,1,1,1,0
1,1,1,0.6241913,0.6960372,1,1,1,1,0
1,1,1,0.6106222,0.6784869,1,1,1,1,0
1,1,1,0.5971911,0.6611969,1,1,1,1,0
1,1,1,0.5839192,0.6441976,1,1,1,1,0
1,1,1,0.5708168,0.6275057,1,1,1,1,0
1,1,1,0.5578973,0.6111389,1,1,1,1,0
1,1,1,0.5451701,0.5951101,1,1,1,1,0
1,1,1,0.5326377,0.5794228,1,1,1,1,0
1,1,1,0.520303,0.5640799,1,1,1,1,0
1,1,1,0.5081626,0.5490768,1,1,1,1,0
1,1,1,0.4962169,0.534412,0.5986851,1,1,1,0
1,1,1,0.4836535,0.5186516,0.5780434,1,1,1,0
1,1,1,0.4713635,0.5033442,0.5581748,1,1,1,0
1,1,1,0.4624893,0.488462,0.5390264,1,1,1,0
1,1,1,0.48654,0.4739788,0.5205499,1,1,1,0
1,1,1,0.5165023,0.4598733,0.502704,1,1,1,0
1,1,1,0.55434,0.4461225,0.4854473,1,1,1,0
1,1,1,0.6030049,0.4327048,0.4687418,1,1,1,0
1,1,1,0.9228216,0.419603,0.4525555,1,1,1,0
1,1,1,1,0.4070471,0.437295,1,1,1,0
1,1,1,1,0.3948282,0.4226057,0.5040489,1,1,0
1,1,1,1,0.3825211,0.4077214,0.4824589,1,1,0
1,1,1,1,0.3704651,0.3932458,0.4617569,1,1,0
1,1,1,1,0.3844423,0.3791536,0.4418787,1,1,0
1,1,1,1,0.4141945,0.3654244,0.4227701,1,1,0
1,1,1,1,0.452181,0.3520358,0.4043774,1,1,0
1,1,1,1,0.5016946,0.33897,0.386655,1,1,0
1,1,1,1,0.840902,0.3262072,0.369558,1,1,0
1,1,1,1,0.9823082,0.3137287,0.3530446,1,1,0
1,1,1,1,1,0.30152,0.3370799,0.9809046,1,0
1,1,1,1,1,0.3031977,0.3216284,0.9391208,1,0
1,1,1,1,1,0.3282343,0.3066606,0.9530602,1,0
1,1,1,1,1,0.3594417,0.2921456,0.9681389,1,0
0.9239753,1,1,1,1,0.3966928,0.2781905,0.3956887,1,0
0.9186824,0.9901775,1,1,1,0.4468691,0.2644875,0.3705108,1,0
0.913631,0.9732114,1,1,1,0.7709996,0.2511651,0.3467057,1,0
0.9088129,0.9569533,1,1,1,0.9048774,0.2381965,0.3241511,1,0
0.9042233,0.9413592,1,1,1,1,0.2255664,0.3027515,1,0
0.8998522,0.9263814,1,1,1,1,0.2258932,0.2824085,1,0
0.8956958,0.9300419,1,1,1,1,0.2435755,0.263042,1,0
0.8917478,0.9421145,1,1,1,1,0.2644344,0.2445804,1,0
0.8880023,0.9555014,1,1,1,1,0.2891776,0.2269548,1,0
0.884454,0.9703538,1,1,1,1,0.3187421,0.210103,1,0
0.8811008,0.9868542,1,1,1,1,0.3543813,0.1939725,0.3415537,0
0.8779381,1,1,1,1,1,0.6063069,0.1785116,0.3066154,0
0.8749614,1,1,1,1,1,0.6415222,0.1636773,0.2746092,0
0.8721698,1,1,1,1,1,0.7316138,0.1582322,0.2451805,0
0.8695564,1,1,1,1,1,0.8474478,0.1681128,0.2180294,0
0.8671241,1,1,1,1,1,1,0.1790732,0.1929061,0
0.8648666,1,1,1,1,1,1,0.1912402,0.1695914,0
0.8627872,1,1,1,1,1,1,0.2047431,0.1478964,0
0.8608805,1,1,1,1,1,1,0.219752,0.1318977,0
0.8591471,1,0.9925462,1,1,1,1,0.2364533,0.1386816,0
0.8575882,1,0.9685184,1,1,1,1,0.2550676,0.1459908,0
0.8562022,1,0.9455351,1,1,1,1,0.2758645,0.1538604,0
0.8549908,1,0.9235223,1,1,1,1,0.2991601,0.1623251,0
0.8539562,1,0.902413,1,1,1,1,0.5214902,0.1714232,0
0.8530976,1,0.8821424,1,1,1,1,0.5074843,0.1812018,0
0.8524176,1,0.8626548,1,1,1,1,0.4940406,0.1917085,0
0.8519163,1,0.8438954,1,1,1,1,0.5378585,0.2030012,0
0.8509933,1,0.8271822,1,1,1,1,0.5841739,0.2145487,0
0.8495696,1,0.8122224,1,1,1,1,0.631775,0.2262392,0
0.8476071,1,0.7987192,1,1,1,1,0.6800546,0.2379961,0
0.8450934,1,0.7864464,1,1,1,1,0.7283088,0.2497343,0
0.8420255,1,0.7752187,0.9526698,1,1,1,0.7758085,0.2613801,0
0.8380033,1,0.7655182,0.9380152,1,1,1,1,0.5272861,1
0.8307565,1,0.7606918,0.9336736,1,1,1,1,0.5182775,2
0.8235047,1,0.7560161,1,1,1,1,1,0.5092999,1
0.8168285,1,0.7505396,1,1,1,1,1,0.499467,1
0.8101492,1,0.7451426,1,1,1,1,1,0.4896386,1
0.8034705,1,0.7398216,1,1,1,1,1,0.4798085,1
0.7967994,1,0.7345768,1,1,1,1,1,0.4699704,1
0.7901397,1,0.7294044,1,1,1,1,1,0.460118,1
0.7834979,1,0.7243046,1,1,1,1,1,0.4502409,1
0.7768749,1,0.7192699,1,1,1,1,1,0.4403326,1
0.7702769,1,0.7143001,1,1,1,1,1,0.4303871,1
0.7637106,1,0.7093951,1,1,1,1,1,0.4203978,1
0.7571759,1,0.7045472,1,1,1,1,1,0.4151804,1
0.7506468,1,0.6998166,1,1,1,1,1,0.4214762,2
0.7440593,1,0.6953515,1,1,1,1,1,0.4274293,2
0.7374307,1,0.6911458,1,1,1,1,1,0.4330451,2
0.7307814,1,0.6871974,1,1,1,1,1,0.4383268,2
0.7241247,0.8924208,0.6834983,1,1,1,1,1,0.4432878,2
0.7166089,0.780683,0.6821482,1,1,1,1,1,0.4458196,2
0.7852658,0.6636761,0.683309,1,1,1,1,1,0.4460012,2
0.8751132,0.5648721,0.6856722,1,1,1,1,1,0.4453544,2
0.9783499,0.5620224,0.6884252,1,1,1,1,1,0.4446973,2
1,0.5588326,0.689092,1,1,1,1,1,0.4459117,2
1,0.5556672,0.6894128,1,1,1,1,1,0.4474622,2
1,0.5526386,0.6898761,1,1,1,1,1,0.4489595,2
1,0.5497398,0.6904727,1,1,1,1,1,0.4504119,2
1,0.5469673,0.6911974,1,1,1,1,1,0.4518231,2
1,0.5443143,1,1,1,1,1,1,0.4531997,1
1,0.5401572,1,1,1,1,1,1,0.4582476,1
1,0.5360572,1,1,1,1,1,1,0.4631587,1
1,0.5320116,1,1,1,1,1,1,0.4679345,1
1,0.5280247,1,1,1,1,1,1,0.4725695,1
1,0.5240942,1,1,1,1,1,1,0.4770664,1
1,0.5202245,1,1,1,1,1,1,0.4814202,1
1,0.5164138,1,1,1,1,1,1,0.4856345,1
1,0.5126606,1,1,1,1,1,1,0.4897127,1
1,0.5089697,1,1,1,1,1,1,0.493651,1
1,0.5053395,1,1,1,1,1,1,0.4974537,1
1,0.5017721,1,1,1,1,1,1,0.501121,1
0.4800705,0.4982662,1,1,1,1,1,1,0.5046577,2
0.47513,0.4977826,1,1,1,1,1,1,0.5012851,2
0.4706171,0.4977197,1,1,1,1,1,1,0.4979926,2
0.4665268,0.4980881,1,1,1,1,1,1,0.494772,2
0.4628517,0.4988969,1,1,1,1,1,1,0.4916193,2
0.4595857,0.5001563,1,1,1,1,1,1,0.4885307,2
0.4567267,0.5018813,1,1,1,1,1,0.9204644,0.4854988,2
0.4542705,0.5040854,1,1,1,1,1,0.8976682,0.4825201,2
0.4521995,0.5065824,1,1,1,1,1,0.8771167,0.4797928,2
0.4504707,0.5092526,1,0.9905449,1,1,1,0.858897,0.4773756,2
0.4490514,1,1,0.9729552,1,1,1,0.8425145,0.4751903,1
0.4471154,1,1,0.9626181,1,1,1,0.8460599,0.4774342,1
0.4451927,1,1,0.9521226,1,1,1,0.8491656,0.4795801,1
0.4432853,1,1,0.941481,1,1,1,0.851844,0.4816283,1
0.4413989,1,1,0.930703,1,1,1,0.8541032,0.4835757,1
0.4395328,1,1,0.9272307,1,1,1,0.8559645,0.4854268,1
0.4376866,1,1,0.9251448,1,1,1,0.8575619,0.487209,1
0.4358623,1,1,0.9235592,1,1,1,1,0.4889273,2
0.4342255,1,1,0.9317828,1,1,1,1,0.4896665,2
0.4326484,1,1,0.9401703,1,1,1,1,0.490382,2
0.4311303,1,0.9869472,0.9487185,1,1,1,1,0.4910735,2
0.4296832,1,0.9712722,0.9582664,1,1,1,1,1,2
0.4291812,1,0.9458385,1,1,1,1,1,1,2
0.4290749,1,0.9214728,1,1,1,1,0.8128487,1,2
0.4293005,1,0.898562,1,1,1,1,0.797274,1,2
0.4298871,1,0.8766413,1,1,1,1,0.7825337,1,2
1,1,0.8556711,1,1,1,1,0.7685988,1,1
1,1,0.846204,1,1,1,1,0.7725889,1,1
1,1,0.8365426,1,1,1,1,0.7764021,1,1
1,1,0.8266897,1,1,1,1,1,1,1
1,1,0.8136226,1,1,1,1,1,1,1
1,1,0.8005059,1,1,1,1,1,1,1
1,1,0.787349,1,1,1,1,1,1,2
1,1,0.7741609,1,1,1,1,1,1,2
1,1,0.7609506,1,1,1,1,1,1,2
1,1,0.7477272,1,1,1,1,1,1,2
1,1,0.734503,1,1,1,1,1,1,2
1,1,0.721283,1,1,1,1,1,1,2
1,1,0.7080755,1,1,1,1,1,1,2
1,1,0.6948919,1,1,1,1,1,1,2
1,1,0.6916186,1,1,1,1,1,1,2
1,1,0.6993027,1,1,1,1,1,1,2
1,1,0.7070141,1,1,1,1,1,1,2
1,1,0.7147422,1,1,1,1,1,1,2
1,0.8905988,0.7224833,1,1,1,1,1,1,2
1,0.8662421,0.7359032,1,1,1,1,1,1,2
1,0.842014,0.750814,1,1,1,1,1,1,2
1,0.8179822,0.7673076,1,1,1,1,1,1,2
1,0.7942164,0.7854689,1,1,1,1,1,1,2
1,0.7707732,0.8054048,1,1,1,1,1,1,2
1,0.7477058,0.8272148,1,1,1,1,1,1,2
1,0.7250537,0.8510146,1,1,1,1,1,1,2
1,0.7028493,0.8769291,1,1,1,1,1,1,2
1,0.6811209,0.9050848,1,1,1,1,1,1,2
1,0.6598853,1,1,1,1,1,1,1,2
1,0.6397104,1,1,1,1,1,1,1,2
1,0.6197165,1,1,1,1,1,1,1,2
1,0.5999424,1,1,1,1,1,1,1,2
1,0.5804269,1,1,1,1,1,1,1,2
1,0.5612006,1,1,1,1,1,1,1,2
1,0.5422977,1,1,1,1,1,1,1,2
1,0.5237396,1,1,1,1,1,1,1,2
1,0.5119526,1,1,1,1,1,1,1,2
1,0.523449,1,1,1,1,1,1,1,2
1,0.5352644,1,1,1,1,1,1,1,2
0.7738677,0.5473801,1,1,1,1,1,1,1,2
0.7261634,0.5663586,1,1,1,1,1,1,1,2
0.68108,0.5877303,1,1,1,1,1,1,1,2
0.6392137,0.6112741,1,1,1,1,1,1,1,2
0.6005052,0.6370066,1,1,1,1,1,1,1,2
0.5646242,0.665171,1,1,1,1,1,1,1,2
0.5312793,0.6960565,1,1,1,1,1,1,1,2
0.5002189,0.7299945,1,1,1,1,1,1,1,2
0.4712233,1,1,1,1,1,1,1,1,2
0.4584123,1,1,1,1,1,1,1,1,2
1,1,1,1,1,1,1,1,1,1
1,1,1,1,1,1,1,1,1,1
1,1,1,1,1,1,1,1,1,1
1,1,1,1,1,1,1,1,1,1
1,1,1,1,1,1,1,1,1,1
1,1,1,1,1,1,1,1,1,1
1,1,1,1,1,1,1,1,1,1
1,1,1,1,1,1,1,1,1,1
1,1,1,1,1,1,1,1,1,1
1,1,1,1,1,1,1,1,1,1
1,1,1,1,1,1,1,1,1,1
1,1,1,1,1,1,1,1,1,1
1,1,1,1,1,1,1,1,1,1
1,1,1,1,1,1,1,1,1,1
1,1,1,1,1,1,1,1,1,1
1,1,1,1,1,1,1,1,1,1
1,1,1,1,1,1,1,1,1,1
1,1,1,1,1,1,1,1,1,1
1,1,1,1,1,1,1,1,1,1
1,1,1,1,1,1,1,1,1,1
1,1,1,1,1,1,1,1,1,1
1,1,1,1,1,1,1,1,1,1
1,1,1,1,1,1,1,1,1,1
1,1,1,1,1,1,1,1,1,1
1,1,1,1,1,1,1,1,1,1
1,1,1,1,1,1,1,1,1,1
1,1,1,1,1,1,1,1,1,1
1,1,1,1,1,1,1,1,1,1
1,1,1,1,1,1,1,1,1,1
1,1,1,1,1,1,1,1,1,1
1,1,1,1,1,1,1,1,1,1
1,1,1,1,1,1,1,1,1,1
1,1,1,1,1,1,1,1,1,1
1,1,1,1,1,1,1,1,1,1
1,1,1,1,1,1,1,1,1,1
1,1,1,1,1,1,1,1,1,1
1,1,1,1,1,1,1,1,1,1
1,1,1,1,1,1,1,1,1,1
1,1,1,1,1,1,1,1,1,1
1,1,1,1,1,1,1,1,1,1
1,1,1,1,1,1,1,1,1,1
1,1,1,1,1,1,1,1,1,1
1,1,1,1,1,1,1,1,1,1
1,1,1,1,1,1,1,1,1,1
1,1,1,1,1,1,1,1,1,1
1,1,1,1,1,1,1,1,1,1
1,1,1,1,1,1,1,1,1,1
1,1,1,1,1,1,1,1,1,1
1,1,1,1,1,1,1,1,1,1
1,1,1,1,1,1,1,1,1,1
1,1,1,1,1,1,1,1,1,1
1,1,1,1,1,1,1,1,1,1
1,1,1,1,1,1,1,1,1,1
1,1,1,1,1,1,1,1,1,1
1,1,1,1,1,1,1,1,1,1
1,1,1,1,1,1,1,1,1,1
1,1,1,1,1,1,1,1,1,1
1,1,1,1,1,1,1,1,1,1
1,1,1,1,1,1,1,1,1,1
1,1,1,1,1,1,1,1,1,1
1,1,1,1,1,1,1,1,1,1
1,1,1,1,1,1,1,1,1,1
1,1,1,1,1,1,1,1,1,1
1,1,1,1,1,1,1,1,1,1
1,1,1,1,1,1,1,1,1,1
1,1,1,1,1,1,1,1,1,1
1,1,1,1,1,1,1,1,1,1
1,1,1,1,1,1,1,1,1,1
1,1,1,1,1,1,1,1,1,1
1,1,1,1,1,1,1,1,1,1
1,1,1,1,1,1,1,1,1,1
1,1,1,1,1,1,1,1,1,1
1,1,1,1,1,1,1,1,1,1
1,1,1,1,1,1,1,1,1,1
1,1,1,1,1,1,1,1,1,1
1,1,1,1,1,1,1,1,1,1
1,1,1,1,1,1,1,1,1,1
1,1,1,1,1,1,1,1,1,1
1,1,1,1,1,1,1,1,1,1
1,1,1,1,1,1,1,1,1,1
1,1,1,1,1,1,1,1,1,1
1,1,1,1,1,1,1,1,1,1
1,1,1,1,1,1,1,1,1,1
1,1,1,1,1,1,1,1,1,1
1,1,1,1,1,1,1,1,1,1
1,1,1,1,1,1,1,1,1,1
1,1,1,1,1,1,1,1,1,1
1,1,1,1,1,1,1,1,1,1
1,1,1,1,1,1,1,1,1,1
1,1,1,1,1,1,1,1,1,1
1,1,1,1,1,1,1,1,1,1
1,1,1,1,1,1,1,1,1,1
1,1,1,1,1,1,1,1,1,1
1,1,1,1,1,1,1,1,1,1
1,1,1,1,1,1,1,1,1,1
1,1,1,1,1,1,1,1,1,1
1,1,1,1,1,1,1,1,1,1
1,1,1,1,1,1,1,1,1,1
1,1,1,1,1,1,1,1,1,1
1,1,1,1,1,1,1,1,1,1
1,1,1,1,1,1,1,1,1,1
1,1,1,1,1,1,1,1,1,1
1,1,1,1,1,1,1,1,1,1
1,1,1,1,1,1,1,1,1,1
1,1,1,1,1,1,1,1,1,1
1,1,1,1,1,1,1,1,1,1
1,1,1,1,1,1,1,1,1,1
1,1,1,1,1,1,1,1,1,1
1,1,1,1,1,1,1,1,1,1
1,1,1,1,1,1,1,1,1,1
1,1,1,1,1,1,1,1,1,1
1,1,1,1,1,1,1,1,1,1
1,1,1,1,1,1,1,1,1,1
1,1,1,1,1,1,1,1,1,1
1,1,1,1,1,1,1,1,1,1
1,1,1,1,1,1,1,1,1,1
1,1,1,1,1,1,1,1,1,1
1,1,1,1,1,1,1,1,1,1
1,1,1,1,1,1,1,1,1,1
1,1,1,1,1,1,1,1,1,1
1,1,1,1,1,1,1,1,1,1
1,1,1,1,1,1,1,1,1,1
1,1,1,1,1,1,1,1,1,1
1,1,1,1,1,1,1,1,1,1
1,1,1,1,1,1,1,1,1,1
1,1,1,1,1,1,1,1,1,1
1,1,1,1,1,1,1,1,1,1
1,1,1,1,1,1,1,1,1,1
1,1,1,1,1,1,1,1,1,1
1,1,1,1,1,1,1,1,1,1
1,1,1,1,1,1,1,1,1,1
1,1,1,1,1,1,1,1,1,1
1,1,1,1,1,1,1,1,1,1
1,1,1,1,1,1,1,1,1,1
1,1,1,1,1,1,1,1,1,1
1,1,1,1,1,1,1,1,1,1
1,1,1,1,1,1,1,1,1,1
1,1,1,1,1,1,1,1,1,1
1,1,1,1,1,1,1,1,1,1
1,1,1,1,1,1,1,1,1,1
1,1,1,1,1,1,1,1,1,1
1,1,1,1,1,1,1,1,1,1
1,1,1,1,1,1,1,1,1,1
1,1,1,1,1,1,1,1,1,1
1,1,1,1,1,1,1,1,1,1
1,1,1,1,1,1,1,1,1,1
1,1,1,1,1,1,1,1,1,1
1,1,1,1,1,1,1,1,1,1
1,1,1,1,1,1,1,1,1,1
1,1,1,1,1,1,1,1,1,1
1,1,1,1,1,1,1,1,1,1
1,1,1,1,1,1,1,1,1,1
1,1,1,1,1,1,1,1,1,1
1,1,1,1,1,1,1,1,1,1
1,1,1,1,1,1,1,1,1,1
1,1,1,1,1,1,1,1,1,1
1,1,1,1,1,1,1,1,1,1
1,1,1,1,1,1,1,1,1,1
1,1,1,1,1,1,1,1,1,1
1,1,1,1,1,1,1,1,1,1
1,1,1,1,1,1,1,1,1,1
1,1,1,1,1,1,1,1,1,1
1,1,1,1,1,1,1,1,1,1
1,1,1,1,1,1,1,1,1,1
1,1,1,1,1,1,1,1,1,1
1,1,1,1,1,1,1,1,1,1
1,1,1,1,1,1,1,1,1,1
1,1,1,1,1,1,1,1,1,1
1,1,1,1,1,1,1,1,1,1
1,1,1,1,1,1,1,1,1,1
1,1,1,1,1,1,1,1,1,1
1,1,1,1,1,1,1,1,1,1
1,1,1,1,1,1,1,1,1,1
1,1,1,1,1,1,1,1,1,1
1,1,1,1,1,1,1,1,1,1
1,1,1,1,1,1,1,1,1,1
1,1,1,1,1,1,1,1,1,1
1,1,1,1,1,1,1,1,1,1
1,1,1,1,1,1,1,1,1,1
1,1,1,1,1,1,1,1,1,1
1,1,1,1,1,1,1,1,1,1
1,1,1,1,1,1,1,1,1,1
1,1,1,1,1,1,1,1,1,1
1,1,1,1,1,1,1,1,1,1
1,1,1,1,1,1,1,1,1,1
1,1,1,1,1,1,1,1,1,1
1,1,1,1,1,1,1,1,1,1
1,1,1,1,1,1,1,1,1,1
1,1,1,1,1,1,1,1,1,1
1,1,1,1,1,1,1,1,1,1
1,1,1,1,1,1,1,1,1,1
1,1,1,1,1,1,1,1,1,1
1,1,1,1,1,1,1,1,1,1
1,1,1,1,1,1,1,1,1,1
1,1,1,1,1,1,1,1,1,1
1,1,1,1,1,1,1,1,1,1
1,1,1,1,1,1,1,1,1,1
1,1,1,1,1,1,1,1,1,1
1,1,1,1,1,1,1,1,1,1
1,1,1,1,1,1,1,1,1,1
1,1,1,1,1,1,1,1,1,1
1,1,1,1,1,1,1,1,1,1
1,1,1,1,1,1,1,1,1,1
1,1,1,1,1,1,1,1,1,1
1,1,1,1,1,1,1,1,1,1
1,1,1,1,1,1,1,1,1,1
1,1,1,1,1,1,1,1,1,1
1,1,1,1,1,1,1,1,1,1
1,1,1,1,1,1,1,1,1,1
1,1,1,1,1,1,1,1,1,1
1,1,1,1,1,1,1,1,1,1
1,1,1,1,1,1,1,1,1,1
1,1,1,1,1,1,1,1,1,1
1,1,1,1,1,1,1,1,1,1
1,1,1,1,1,1,1,1,1,1
1,1,1,1,1,1,1,1,1,1
1,1,1,1,1,1,1,1,1,1
1,1,1,1,1,1,1,1,1,1
1,1,1,1,1,1,1,1,1,1
1,1,1,1,1,1,1,1,1,1
1,1,1,1,1,1,1,1,1,1
1,1,1,1,1,1,1,1,1,1
1,1,1,1,1,1,1,1,1,1
1,1,1,1,1,1,1,1,1,1
1,1,1,1,1,1,1,1,1,1
1,1,1,1,1,1,1,1,1,1
1,1,1,1,1,1,1,1,1,1
1,1,1,1,1,1,1,1,1,1
1,1,1,1,1,1,1,1,1,1
1,1,1,1,1,1,1,1,1,1
1,1,1,1,1,1,1,1,1,1
1,1,1,1,1,1,1,1,1,1
1,1,1,1,1,1,1,1,1,1
1,1,1,1,1,1,1,1,1,1
1,1,1,1,1,1,1,1,1,1
1,1,1,1,1,1,1,1,1,1
1,1,1,1,1,1,1,1,1,1
1,1,1,1,1,1,1,1,1,1
1,1,1,1,1,1,1,1,1,1
1,1,1,1,1,1,1,1,1,1
1,1,1,1,1,1,1,1,1,1
1,1,1,1,1,1,1,1,1,1
1,1,1,1,1,1,1,1,1,1
1,1,1,1,1,1,1,1,1,1
1,1,1,1,1,1,1,1,1,1
1,1,1,1,1,1,1,1,1,1
1,1,1,1,1,1,1,1,1,1
1,1,1,1,1,1,1,1,1,1
1,1,1,1,1,1,1,1,1,1
1,1,1,1,1,1,1,1,1,1
1,1,1,1,1,1,1,1,1,1
1,1,1,1,1,1,1,1,1,1
1,1,1,1,1,1,1,1,1,1
1,1,1,1,1,1,1,1,1,1
1,1,1,1,1,1,1,1,1,1
1,1,1,1,1,1,1,1,1,1
1,1,1,1,1,1,1,1,1,1
1,1,1,1,1,1,1,1,1,1
1,1,1,1,1,1,1,1,1,1
1,1,1,1,1,1,1,1,1,1
1,1,1,1,1,1,1,1,1,1
1,1,1,1,1,1,1,1,1,1
1,1,1,1,1,1,1,1,1,1
1,1,1,1,1,1,1,1,1,1
1,1,1,1,1,1,1,1,1,1
1,1,1,1,1,1,1,1,1,1
1,1,1,1,1,1,1,1,1,1
1,1,1,1,1,1,1,1,1,1
1,1,1,1,1,1,1,1,1,1
1,1,1,1,1,1,1,1,1,1
1,1,1,1,1,1,1,1,1,1
1,1,1,1,1,1,1,1,1,1
1,1,1,1,1,1,1,1,1,1
1,1,1,1,1,1,1,1,1,1
1,1,1,1,1,1,1,1,1,1
1,1,1,1,1,1,1,1,1,1
1,1,1,1,1,1,1,1,1,1
1,0.9868252,1,1,1,1,1,1,1,1
1,0.970778,1,1,1,1,1,1,1,1
1,0.9541631,1,1,1,1,1,1,1,1
1,0.9369951,1,1,1,1,1,1,1,1
1,0.919294,1,1,1,1,1,1,1,1
1,0.9010855,1,1,1,1,1,1,1,1
1,0.8824004,1,1,1,1,1,1,1,1
1,0.8632798,1,1,1,1,1,1,1,2
1,0.8437603,1,1,1,1,0.9983109,1,1,2
1,0.8239166,1,1,1,1,0.9881481,1,1,2
1,0.803943,1,1,1,1,0.9770215,1,1,2
1,0.7838916,1,1,1,1,0.9652987,1,1,2
1,0.7638156,1,1,1,1,0.9530593,1,1,2
1,0.7437627,1,1,1,1,0.9403882,1,1,2
1,0.7237762,1,1,1,1,0.9273676,1,1,2
1,0.7038962,1,1,1,1,0.9140755,1,1,2
1,0.6841637,1,1,1,1,0.9005846,1,1,2
1,0.6703244,1,1,1,1,0.8869619,1,1,2
1,0.6764995,1,1,1,1,0.8735422,1,1,2
1,0.6825169,1,1,1,1,0.8612216,1,1,2
1,0.6883683,1,1,1,1,0.8498809,1,1,2
1,0.6940467,1,1,1,1,0.8394183,1,1,2
1,0.6995503,1,1,1,1,0.8297402,1,1,2
1,0.7048782,1,1,1,1,0.8207655,1,1,2
1,0.7100254,1,1,1,1,0.8124297,1,1,2
1,0.7149881,1,1,1,1,0.8046765,1,1,1
1,0.7197719,1,1,1,1,0.797446,1,1,1
1,0.7243738,1,1,1,1,0.7906963,1,1,1
0.9250447,0.7287957,1,1,1,1,0.7843851,1,1,2
0.8870935,0.7354303,1,1,1,1,0.7749337,1,1,2
0.8482976,0.7430769,1,1,1,1,0.764424,1,1,2
0.8090583,0.7517726,1,1,1,1,0.7529842,1,1,2
0.7697572,0.7615435,1,1,1,1,0.7407635,1,1,2
0.7307552,0.772414,1,1,1,1,0.7279129,1,1,2
0.6923696,0.7843975,1,1,1,1,0.7145908,1,1,2
0.6548619,0.7974995,1,1,1,1,0.7009487,1,1,2
0.6184448,0.8117142,1,1,1,1,0.6871315,1,1,2
0.5832762,1,1,1,1,1,0.673263,1,1,2
0.5746462,1,1,1,1,1,0.6633259,1,1,2
0.5793788,1,1,1,1,1,0.6535542,1,1,2
0.5840716,1,1,1,1,1,0.6443513,1,1,2
0.5887144,1,1,1,1,1,0.6356661,1,1,2
0.5933016,1,1,1,1,1,0.6274489,1,1,2
0.5978243,1,1,1,1,1,0.6196612,1,1,2
0.6022781,1,1,1,1,1,0.6122643,1,1,1
0.6066555,1,1,1,1,1,0.6052289,1,1,1
0.6109494,1,1,1,1,1,0.5985293,1,1,1
0.6151605,1,1,1,1,1,0.5921336,1,1,1
0.6192827,1,1,1,1,1,0.5860226,0.7927418,1,0
0.6203537,1,1,1,1,1,0.5857137,0.7605997,1,0
0.6209592,1,1,1,1,1,0.586317,0.7274279,1,0
0.6211198,1,1,1,1,1,0.5878565,0.6935645,1,0
0.6208638,1,1,1,1,1,0.5903562,0.659344,1,0
0.6202222,1,1,1,1,1,0.577848,0.6250834,1,0
0.619096,1,1,1,1,1,0.5734718,0.5906044,1,0
0.6175963,1,1,1,1,1,0.5791437,0.556484,1,0
0.615852,1,1,1,1,1,0.585857,0.5232171,1,0
0.6139056,1,1,1,1,1,0.5936351,0.4909544,1,0
0.6117994,1,1,1,1,1,0.6024961,0.459819,1,0
0.6095744,1,1,1,1,1,0.6124532,0.4298726,1,0
0.6072663,1,1,1,0.9967659,1,0.6235201,0.4185959,1,0
0.6050591,1,1,1,0.9848903,1,0.6350926,0.4208753,1,0
0.6030514,1,1,1,0.9733276,1,0.6467035,0.423207,1,0
0.601218,1,1,1,0.9620327,0.9944248,0.6583069,0.4255752,1,0
0.5995264,1,1,1,0.9509659,0.9808913,0.8726271,0.4279808,1,0
0.5988862,1,1,1,0.9404075,0.9687881,0.8816081,0.4290855,1,0
0.5982636,1,1,1,0.9299188,0.9568352,0.8905588,0.4302203,1,0
0.5976621,1,1,1,0.9194959,0.945026,0.8994442,0.4313745,1,0
0.597078,1,1,1,0.9091288,0.933348,0.9082443,0.4325453,0.6691327,0
0.5937683,1,1,1,0.8982069,0.918944,1,0.4383916,0.5647911,0
0.5902405,1,1,1,0.8876057,0.9047281,0.9892818,0.4453948,0.4743904,0
0.5867979,1,1,1,1,0.8910221,0.9683528,0.4330371,0.3984078,0
0.583433,1,1,1,1,0.8778098,0.9482533,0.4411441,0.3617744,0
0.5801446,1,1,1,1,0.8650734,0.9289411,0.4500316,0.3644965,0
0.5769255,1,1,1,1,0.8527989,0.9103804,0.4597573,0.3676376,0
0.5737747,1,1,1,1,0.840971,0.8925349,0.4703766,0.3712061,0
0.5706851,1,1,1,1,0.8295749,0.8753707,0.4819602,0.3752184,0
0.5676562,1,1,1,1,0.8186003,0.8588597,0.4945783,0.3796856,0
0.564684,1,1,1,1,0.8080346,0.8429728,0.5083142,0.3846238,0
0.5617651,1,1,1,1,1,0.8276857,0.5232615,0.3900507,0
0.558954,1,1,1,1,1,0.8131997,0.6990022,0.3957604,0
0.5564088,1,1,1,1,1,0.8002534,0.7147204,0.3944554,0
0.5538702,1,1,1,1,1,0.7877226,0.7306523,0.3886284,0
0.551322,1,1,1,1,1,0.7755396,0.7469116,0.3938305,0
0.5487612,1,1,1,1,1,0.763732,0.7630325,0.399089,0
0.5461822,1,1,1,1,1,0.7522534,0.7789258,0.4043735,0
0.5435723,1,1,1,1,1,0.7410598,0.8914849,0.4096652,0
0.5409376,1,1,1,1,1,0.730398,0.8755317,0.4143511,0
0.5382637,1,1,1,1,1,0.7198143,0.8597952,0.4191667,0
0.5355469,1,1,1,1,1,0.7093095,0.8442836,0.4241113,0
0.5327891,1,1,1,1,1,0.6988838,0.8290035,0.4291769,0
0.5299891,1,1,1,1,1,0.6885368,0.813959,0.4343584,0
0.5271481,1,1,1,1,1,0.6782674,0.7991527,0.4396472,0
0.5242643,1,1,1,1,1,0.6680771,0.7845889,0.4450377,0
0.5213358,1,1,1,1,1,0.6579608,0.7702629,0.4505242,0
0.5183634,1,1,1,1,1,0.6479164,0.7561728,0.456097,0
0.5153447,1,1,1,1,1,0.6379443,0.7423187,0.5836734,1
0.5121726,1,1,1,1,1,0.6283099,0.7305475,0.5881424,1
0.5089877,1,1,1,1,1,0.6186889,0.7188243,0.5926213,1
0.5057865,1,1,1,1,1,0.6252554,0.7071451,0.5971122,1
0.5025694,1,1,1,1,1,0.664407,0.6955438,0.6015807,1
0.4993343,1,1,1,1,1,0.702924,0.6840711,0.6059644,1
0.4960815,1,1,1,1,1,0.740598,0.6727154,0.6102659,1
0.4928142,1,1,1,1,1,0.7772118,0.6614622,0.6144845,1
0.4895361,1,1,1,1,1,0.8125755,0.650305,0.6186197,1
0.4862477,1,1,1,1,1,0.846559,0.6392305,0.6226752,1
0.4829524,1,1,1,1,1,0.879032,0.6282298,0.626651,1
0.4796539,1,1,1,1,1,0.9098946,0.6172944,0.6305472,1
0.5368296,1,1,1,1,1,0.9391088,0.6064168,0.6343678,1
0.6489792,1,1,1,1,1,0.991208,0.5946999,0.6392391,0
0.713061,1,1,1,1,1,1,0.5814959,0.6462009,0
0.7457529,1,1,1,1,1,1,0.5676247,0.6545222,0
0.7632461,1,1,1,1,1,1,0.5536245,0.663676,0
0.7739929,1,1,1,1,1,1,0.5397452,1,1
1,1,1,1,1,1,1,0.529182,1,0
1,1,1,1,1,1,1,0.5159687,0.7581058,0
0.8256947,1,1,1,1,1,1,0.500883,0.7258088,0
0.8249601,1,1,1,1,1,1,0.4877841,0.7007166,0
0.8203011,1,1,1,1,1,1,0.474776,0.6758703,0
0.8135976,1,1,1,1,1,1,0.4619332,0.6515163,0
0.8059632,1,1,1,1,1,1,0.4492962,0.6277897,0
0.7980287,1,1,1,1,1,1,0.4368918,0.6047685,0
0.7901597,1,1,1,1,1,1,0.4247365,0.5824936,0
0.7825707,1,1,1,1,1,1,0.4135965,0.5609832,0
0.7754354,1,1,1,1,1,1,0.4415957,0.5402427,0
0.7705535,1,1,1,1,1,1,0.4713837,0.520568,0
0.7673765,1,1,1,1,1,1,0.5030972,0.5018321,0
0.7655326,1,1,1,1,1,1,0.5368792,0.4839355,0
0.7647738,1,1,1,1,1,1,0.5728649,0.466793,0
0.7649071,1,1,1,1,1,1,0.6112025,0.4503368,0
0.76579,1,1,1,1,1,1,0.6520457,0.4345091,0
0.767323,1,1,1,1,1,1,0.6955427,0.4192556,0
0.7694179,1,1,1,1,1,1,0.7418596,0.4045323,0
0.7720058,1,1,1,1,1,1,0.7911826,0.3902999,0
0.7750383,1,1,1,1,1,1,1,0.3765196,0
0.7818848,1,1,1,1,1,1,1,0.3636374,0
1,1,1,1,1,1,1,1,0.3598315,0
0.7760273,1,1,1,1,1,1,1,0.3774554,0
1,1,1,1,1,1,1,1,0.3911214,0
0.7747011,1,1,1,1,1,1,1,0.4097519,0
1,1,1,1,1,1,1,1,0.4237885,0
1,1,1,1,1,1,1,1,0.4433154,0
1,1,1,1,1,1,1,1,0.4634112,0
1,1,1,1,1,1,1,1,0.4840395,0
1,1,1,1,1,1,1,1,0.5051538,0
1,1,1,1,1,1,1,1,0.5267148,0
1,1,1,1,1,1,1,1,0.5486676,0
1,1,1,1,1,1,1,1,0.5709654,0
1,1,1,1,1,1,1,1,0.5935519,0
1,1,1,1,1,1,1,1,0.6163681,0
1,1,1,1,1,1,1,1,0.6393588,0
1,1,1,1,1,1,1,1,0.6624604,0
1,1,1,1,1,1,1,1,0.6856151,0
1,1,1,1,1,1,1,1,0.7087634,0
1,1,1,1,1,1,1,1,1,1
1,1,1,1,1,1,1,1,1,1
1,1,1,1,1,1,1,1,1,1
1,1,1,1,1,1,1,1,1,1
1,1,1,1,1,1,1,1,1,1
1,1,1,1,1,1,1,1,1,1
1,1,1,1,1,1,1,1,1,1
1,1,1,1,1,1,1,1,1,1
1,1,1,1,1,1,1,1,1,1
1,1,1,1,1,1,1,1,1,1
1,1,1,1,1,1,1,1,1,1
1,1,1,1,1,1,1,1,1,1
1,1,1,1,1,1,1,1,1,1
1,1,1,1,1,1,1,1,1,1
1,1,1,1,1,1,1,1,1,1
1,1,1,1,1,1,1,1,1,1
1,1,1,1,1,1,1,1,1,1
1,1,1,1,1,1,1,1,1,1
1,1,1,1,1,1,1,1,1,1
1,1,1,1,1,1,1,1,1,1
1,1,1,1,1,1,1,1,1,1
1,1,1,1,1,1,1,1,1,1
1,1,1,1,1,1,1,1,1,1
1,1,1,1,1,1,1,1,1,1
1,1,1,1,1,1,1,1,1,1
1,1,1,1,1,1,1,1,1,1
1,1,1,1,1,1,1,1,1,1
1,1,1,1,1,1,1,1,1,1
1,1,1,1,1,1,1,1,1,1
1,1,1,1,1,1,1,1,1,1
1,1,1,1,1,1,1,1,1,1
1,1,1,1,1,1,1,1,1,1
1,1,1,1,1,1,1,1,1,1
1,1,1,1,1,1,1,1,1,1
1,1,1,1,1,1,1,1,1,1
1,1,1,1,1,1,1,1,1,1
1,1,1,1,1,1,1,1,1,1
1,1,1,1,1,1,1,1,1,1
1,1,1,1,1,1,1,1,1,1
1,1,1,1,1,1,1,1,1,1
1,1,1,1,1,1,1,1,1,1
1,1,1,1,1,1,1,1,1,1
1,1,1,1,1,1,1,1,1,1
1,1,1,1,1,1,1,1,1,1
1,1,1,1,1,1,1,1,1,1
1,1,1,1,1,1,1,1,1,1
1,1,1,1,1,1,1,1,1,1
1,1,1,1,1,1,1,1,1,1
1,1,1,1,1,1,1,1,1,1
1,1,1,1,1,1,1,1,1,1
1,1,1,1,1,1,1,1,1,1
1,1,1,1,1,1,1,1,1,1
1,1,1,1,1,1,1,1,1,1
1,1,1,1,1,1,1,1,1,1
1,1,1,1,1,1,1,1,1,1
1,1,1,1,1,1,1,1,1,1
1,1,1,1,1,1,1,1,1,1
1,1,1,1,1,1,1,1,1,1
1,1,1,1,1,1,1,1,1,1
1,1,1,1,1,1,1,1,1,1
1,1,1,1,1,1,1,1,1,1
1,1,1,1,1,1,1,1,1,1
1,1,1,1,1,1,1,1,1,1
1,1,1,1,1,1,1,1,1,1
1,1,1,1,1,1,1,1,1,1
1,1,1,1,1,1,1,1,1,1
1,1,1,1,1,1,1,1,1,1
1,1,1,1,1,1,1,1,1,1
1,1,1,1,1,1,1,1,1,1
1,1,1,1,1,1,1,1,1,1
1,1,1,1,1,1,1,1,1,1
1,1,1,1,1,1,1,1,1,1
1,1,1,1,1,1,1,1,1,1
1,1,1,1,1,1,1,1,1,1
1,1,1,1,1,1,1,1,1,1
1,1,1,1,1,1,1,1,1,1
1,1,1,1,1,1,1,1,1,1
1,1,1,1,1,1,1,1,1,1
1,1,1,1,1,1,1,1,1,1
1,1,1,1,1,1,1,1,1,1
1,1,1,1,1,1,1,1,1,1
1,1,1,1,1,1,1,1,1,1
1,1,1,1,1,1,1,1,1,1
1,1,1,1,1,1,1,1,1,1
1,1,1,1,1,1,1,1,1,1
1,1,1,1,1,1,1,1,1,1
1,1,1,1,1,1,1,1,1,1
1,1,1,1,1,1,1,1,1,1
1,1,1,1,1,1,1,1,1,1
1,1,1,1,1,1,1,1,1,1
1,1,1,1,1,1,1,1,1,1
1,1,1,1,1,1,1,1,1,1
1,1,1,1,1,1,1,1,1,1
1,1,1,1,1,1,1,1,1,1
1,1,1,1,1,1,1,1,1,1
1,1,1,1,1,1,1,1,1,1
1,1,1,1,1,1,1,1,1,1
1,1,1,1,1,1,1,1,1,1
1,1,1,1,1,1,1,1,1,1
1,1,1,1,1,1,1,1,1,1
1,1,1,1,1,1,1,1,1,1
1,1,1,1,1,1,1,1,1,1
1,1,1,1,1,1,1,1,1,1
1,1,1,1,1,1,1,1,1,1
1,1,1,1,1,1,1,1,1,1
1,1,1,1,1,1,1,1,1,1
1,1,1,1,1,1,1,1,1,1
1,1,1,1,1,1,1,1,1,1
1,1,1,1,1,1,1,1,1,1
1,1,1,1,1,1,1,1,1,1
1,1,1,1,1,1,1,1,1,1
1,1,1,1,1,1,1,1,1,1
1,1,1,1,1,1,1,1,1,1
1,1,1,1,1,1,1,1,1,1
1,1,1,1,1,1,1,1,1,1
1,1,1,1,1,1,1,1,1,1
1,1,1,1,1,1,1,1,1,1
1,1,1,1,1,1,1,1,1,1
1,1,1,1,1,1,1,1,1,1
1,1,1,1,1,1,1,1,1,1
1,1,1,1,1,1,1,1,1,1
1,1,1,1,1,1,1,1,1,1
1,1,1,1,1,1,1,1,1,1
1,1,1,1,1,1,1,1,1,1
1,1,1,1,1,1,1,1,1,1
1,1,1,1,1,1,1,1,1,1
1,1,1,1,1,1,1,1,1,1
1,1,1,1,1,1,1,1,1,1
1,1,1,1,1,1,1,1,1,1
1,1,1,1,1,1,1,1,1,1
1,1,1,1,1,1,1,1,1,1
1,1,1,1,1,1,1,1,1,1
1,1,1,1,1,1,1,1,1,1
1,1,1,1,1,1,1,1,1,1
1,1,1,1,1,1,1,1,1,1
1,1,1,1,1,1,1,1,1,1
1,1,1,1,1,1,1,1,1,1
1,1,1,1,1,1,1,1,1,1
1,1,1,1,1,1,1,1,1,1
1,1,1,1,1,1,1,1,1,1
1,1,1,1,1,1,1,1,1,1
1,1,1,1,1,1,1,1,1,1
1,1,1,1,1,1,1,1,1,1
1,1,1,1,1,1,1,1,1,1
1,1,1,1,1,1,1,1,1,1
1,1,1,1,1,1,1,1,1,1
1,1,1,1,1,1,1,1,1,1
1,1,1,1,1,1,1,1,1,1
1,1,1,1,1,1,1,1,1,1
1,1,1,1,0.9944974,1,1,1,1,1
1,1,1,0.9996842,0.9844968,1,1,1,1,1
1,1,1,0.989529,0.9744962,1,1,1,1,1
1,1,1,0.9793609,0.9644955,1,1,1,1,1
1,1,1,0.9691806,0.954495,1,1,1,1,1
1,1,1,0.9589884,0.9444944,1,1,1,1,1
1,1,1,0.9487848,0.934494,1,1,1,1,1
1,1,1,0.9385706,0.9244937,1,1,1,1,1
1,1,1,0.9283462,0.9144936,1,1,1,1,1
1,1,1,0.9181122,0.9044938,1,1,1,1,1
1,1,1,0.9078693,0.8944944,1,1,1,1,1
1,1,1,0.8976184,0.8844954,1,1,1,1,1
1,1,0.9630988,0.8873599,0.8744971,1,1,1,1,1
1,1,0.9514593,0.8769975,0.8645023,1,1,1,1,1
1,1,0.9397258,0.866604,0.8545106,1,1,1,1,1
1,1,0.9279062,0.8561828,0.844523,1,1,1,1,1
1,1,0.9160088,0.8457372,0.8345404,1,1,1,1,1
1,1,0.9040454,0.8352737,0.8245671,1,1,1,1,1
1,1,0.8920218,0.8247932,0.8146011,1,1,1,1,1
1,1,0.8799469,0.8142993,0.8046433,1,1,1,1,1
1,1,0.8678299,0.8037955,0.7946947,1,1,1,1,1
1,1,0.85568,0.7932857,0.7847563,1,1,1,1,1
1,1,0.8435094,0.7827765,0.7748319,1,1,1,1,1
1,1,0.8313237,0.7722682,0.7649191,1,1,1,1,1
1,1,0.8191314,0.7617642,0.7550186,1,1,1,1,1
1,1,0.8069441,0.7512704,0.7451336,1,1,1,1,1
1,1,0.7947662,0.7407869,0.7352615,1,1,1,1,2
1,1,0.7826083,0.730319,0.7254052,1,1,1,1,2
1,1,0.7704773,0.7198692,0.7155645,1,1,1,1,2
1,1,0.7583793,0.7094394,0.7057393,1,1,1,1,2
1,1,0.746317,0.6990284,0.6959257,1,1,1,1,2
1,1,0.7342985,0.6886404,0.6861264,1,1,1,1,2
1,1,0.7223283,0.6782767,0.6763402,1,1,1,1,2
1,1,0.7104136,0.6679412,0.6665692,1,1,1,1,2
1,1,0.6985546,0.6576313,0.6568094,1,1,1,1,2
1,1,0.6867539,0.6473473,0.6470595,1,1,1,1,2
1,1,0.6750136,0.6370893,0.637318,1,1,1,1,2
1,1,0.6633387,0.6268601,0.6275867,1,1,1,1,2
1,1,0.6517272,0.6166564,0.6178609,1,1,1,1,2
1,1,0.640183,0.6064805,0.6081422,1,1,1,1,2
1,1,0.6287031,0.5963287,0.5984261,1,1,1,1,2
1,0.9971232,0.6172907,0.5862033,0.5887141,1,1,1,1,2
1,0.9793445,0.6059254,0.5760974,0.5790073,1,1,1,1,2
1,0.9613591,0.594529,0.5660009,0.569337,1,1,1,1,2
1,0.943224,0.5831153,0.5559182,0.5597022,1,1,1,1,2
1,0.9249986,0.5717006,0.5458561,0.5501047,1,1,1,1,2
1,0.9067317,0.5602944,0.5358153,0.5405401,1,1,1,1,2
1,0.8884775,0.5489115,0.5258017,1,1,1,1,1,2
1,0.8681385,0.5371233,0.5157872,1,1,1,1,1,2
1,0.8479775,0.5254107,0.5058333,1,1,1,1,1,2
1,0.6487845,0.5137879,0.4959455,1,1,1,1,1,2
1,0.6281272,0.5016457,0.4861542,1,1,1,1,1,2
1,0.6081937,0.4897493,0.4764959,1,1,1,1,1,2
1,0.5889647,0.4780891,0.4669578,1,1,1,1,1,2
1,0.5704271,0.4666628,0.4575351,1,1,1,1,1,2
1,0.5525542,0.4554597,0.4482163,1,1,1,1,1,2
1,0.5353163,0.4444681,0.4389895,1,1,1,1,1,2
1,0.5186812,0.4336748,0.4298424,1,1,1,1,1,2
1,0.5026189,0.4230698,0.4207666,1,1,1,1,1,2
1,0.4870952,0.4126395,1,1,1,1,1,1,2
1,0.4711913,0.4022269,1,1,1,1,1,1,2
0.9480909,0.4558108,0.392001,1,1,1,1,1,1,2
0.9089459,0.4404717,0.381895,1,1,1,1,1,1,2
0.870793,0.4253798,0.3719535,1,1,1,1,1,1,2
0.8339152,0.4106058,0.3622007,1,1,1,1,1,1,2
0.5749407,0.396201,0.3526491,1,1,1,1,1,1,2
0.5454322,0.3819049,0.3433076,1,1,1,1,1,1,2
0.5177773,0.368158,0.3342089,1,1,1,1,1,1,2
0.4918204,0.3549345,0.3253472,1,1,1,1,1,1,2
0.4674188,0.3422074,1,1,1,1,1,1,1,2
0.4444503,0.3299552,1,1,1,1,1,1,1,2
0.4227968,0.3181511,1,1,1,1,1,1,1,2
0.4023616,0.306777,1,1,1,1,0.9784154,1,1,2
0.3830535,0.2958129,1,1,1,1,0.9587358,1,1,2
0.3647947,0.2852433,1,1,1,1,0.939788,1,1,2
0.3475069,0.2750479,1,1,1,1,0.9215242,1,1,2
0.3311274,0.2652135,1,1,1,1,0.9039046,1,1,2
0.3155954,0.2557255,1,1,1,1,0.8868915,1,1,2
0.3009993,0.2466001,1,1,1,1,0.8707411,1,1,2
0.2873694,0.261816,1,1,1,1,0.8556344,1,1,2
0.2746153,0.3282592,1,1,1,1,0.8415097,1,1,2
0.2626713,0.4065214,1,1,1,1,0.8283507,1,1,2
0.2514136,0.4980375,1,1,1,1,0.8160159,1,1,2
0.2407386,0.6042577,1,1,1,1,0.8043798,1,1,2
0.2305621,1,1,1,1,1,0.7933415,1,1,2
0.2209651,1,1,1,1,1,0.7832082,1,1,2
0.2116093,1,1,1,1,1,0.7732726,1,1,2
0.2048946,1,1,1,1,1,0.7635148,1,1,2
0.2219661,1,1,1,1,1,0.7539366,1,1,2
0.2391705,1,1,1,1,1,0.7446547,1,1,2
0.256435,1,1,1,1,1,0.7356343,1,1,2
0.2736751,1,1,1,1,1,0.7268525,1,1,1
0.2908204,1,1,1,1,1,0.7182838,1,1,1
0.3077909,1,1,1,1,1,0.7099138,1,1,1
0.3245232,1,1,1,1,1,0.7017239,1,1,1
0.3409524,1,1,1,1,1,0.6937023,1,1,1
0.3570254,1,1,1,1,1,0.6858362,1,1,1
0.3726888,1,1,1,1,1,0.6781181,1,1,1
0.3879018,1,1,1,1,1,0.6705388,1,1,1
0.40263,1,0.999163,1,1,1,0.6630909,1,1,1
0.4168287,1,0.9911307,1,1,1,0.6557744,1,1,1
0.4303868,1,0.9828396,1,1,1,0.6486079,1,1,1
0.4432783,1,0.9743067,1,1,1,0.6415898,1,1,1
0.4554988,1,0.9655529,1,1,1,0.6347126,1,1,1
0.467032,1,0.9565956,1,1,1,0.6279795,1,1,0
0.4778889,1,0.9474558,1,1,1,0.6213844,1,1,0
0.4880737,1,0.9381536,1,1,1,0.6149284,1,1,0
0.4976029,1,0.9287094,1,1,1,0.6086094,1,1,0
0.5064975,1,0.9191418,1,1,1,0.6024258,1,1,0
0.5147884,1,0.9094723,1,1,1,0.5963729,1,1,0
0.5224971,1,0.8997146,1,1,1,0.5904526,1,1,0
0.5296534,1,0.8898875,1,1,1,0.5846639,1,1,0
0.536289,1,0.8800055,1,1,1,0.5790054,1,1,0
0.542442,1,0.8700849,1,1,1,0.5734726,1,1,0
0.5481386,1,0.860137,1,1,1,0.5680678,1,1,0
0.5534167,1,0.8501754,1,1,1,0.5627865,1,1,0
0.5583128,1,0.8402085,1,1,1,0.557624,0.5111878,1,0
0.5526778,1,0.827327,0.9238218,1,1,1,0.5045785,1,0
0.5530608,1,0.8163863,0.907797,1,1,1,0.4982486,1,0
0.5530654,1,0.8237243,0.8918964,1,1,1,0.4921199,1,0
1,1,0.8469402,0.8762488,1,1,1,0.4861953,1,0
0.5477599,1,0.9033414,0.8578771,1,1,1,0.4807118,1,0
1,1,0.9354442,0.843204,1,1,1,0.4752614,1,0
0.5430986,1,1,0.8258623,1,1,1,0.4703774,1,0
1,1,1,0.8120476,1,1,1,0.4653636,1,0
0.5390054,1,1,0.7956233,1,1,1,0.4610534,1,0
1,1,1,0.7823255,1,1,1,0.4564899,1,0
1,1,1,0.7667404,1,1,1,0.4527505,1,0
0.5307657,1,1,0.7516249,0.814353,1,1,0.4493679,0.4567364,0
0.5266857,1,1,0.7369546,0.7949542,1,1,0.4463442,0.4494665,0
0.5227395,1,1,0.722706,0.776225,1,1,0.4436819,0.4426555,0
0.5189149,1,1,0.7088577,0.7581264,1,1,0.4413846,0.436292,0
0.5152044,1,1,0.6953892,0.7406223,1,1,1,0.4303627,0
0.51381,1,1,0.6831779,0.7253686,1,1,1,0.4251475,0
0.5123662,1,1,0.6711575,0.7104196,1,1,1,0.4202072,0
0.5108997,1,1,0.6593288,0.6957796,1,1,1,0.4155408,0
0.5094332,1,1,0.6476916,0.681451,1,1,1,0.411146,0
1,1,1,0.6362433,0.6674321,0.7250007,1,1,0.407019,0
1,1,1,0.6594519,0.6524457,0.705577,1,1,0.4030398,0
0.5013366,1,1,0.7365385,0.637892,0.6868343,1,1,0.3994477,0
0.4984554,1,1,0.8356167,0.6239442,0.6690849,1,1,0.3962401,0
0.4958889,1,1,1,0.6105068,0.6521724,1,1,0.3933802,0
1,1,1,1,0.5975466,0.636053,1,1,0.3908348,0
0.4905841,1,1,1,0.5844263,0.619539,1,1,1,2
1,1,1,1,0.5756182,0.6112005,1,1,1,0
1,1,1,1,0.564105,0.5977065,1,1,1,0
1,1,1,1,0.5526943,0.5843862,1,1,1,0
1,1,1,1,0.5413841,0.5712382,1,1,1,0
1,1,1,1,0.5301746,0.5582631,1,1,1,0
1,1,1,1,0.5190622,0.5454572,1,1,1,0
1,1,1,1,0.5080454,0.532819,1,1,1,0
1,1,1,1,0.4971196,0.5203429,0.595594,1,1,0
1,1,1,1,0.4946047,0.5063518,0.5757817,1,1,0
1,1,1,1,0.559043,0.4927793,0.5568215,1,1,0
1,1,1,1,0.643415,0.4796514,0.5387803,1,1,0
1,1,1,1,1,0.4669219,0.5215682,1,1,0
1,1,1,1,1,0.4546591,0.5053705,1,1,0
1,1,1,1,1,0.4426167,0.4896191,1,1,0
1,1,1,1,1,0.430786,0.4742979,1,1,0
1,1,1,1,1,0.4191603,0.4593925,1,1,0
1,1,1,1,1,0.4077258,0.4448804,1,1,0
1,1,1,1,1,0.3964682,0.4307385,1,1,0
1,1,1,1,1,0.4253573,0.4169502,1,1,0
1,1,1,1,1,0.4673228,0.4035385,1,1,0
1,1,1,1,1,0.5164966,0.3904743,1,1,0
1,1,1,1,1,0.5744376,0.3777252,1,1,0
1,1,1,1,1,1,0.3652587,1,1,0
1,1,1,1,1,1,0.3532634,0.4728917,1,0
1,1,1,1,1,1,0.3400191,0.4491317,1,0
1,1,1,1,1,1,0.3271399,0.4265508,1,0
1,1,1,1,1,1,0.3146087,0.4050632,1,0
1,1,1,1,1,1,0.3024063,0.3845872,1,0
1,1,1,1,1,1,0.305029,0.3650532,1,0
1,1,1,1,1,1,0.3402777,0.3463939,1,0
1,1,1,1,1,1,0.3834205,0.3285483,1,0
1,1,1,1,1,1,0.4370289,0.3114646,1,0
1,1,1,1,1,1,0.5049104,0.2950919,1,0
1,1,1,1,1,1,1,0.2794808,1,0
1,1,1,1,0.9917698,1,1,0.265086,0.417613,0
1,1,1,1,0.9362727,1,1,0.2504963,0.3871025,0
1,1,1,1,0.933081,1,1,0.2364665,0.3587534,0
1,1,1,1,0.9303287,1,1,0.2229591,0.3323428,0
1,1,1,1,0.9280257,1,1,0.226416,0.3076872,0
1,1,1,1,0.9261837,1,1,0.2445742,0.284626,0
1,1,1,1,0.9248121,1,1,0.2648672,0.2630134,0
0.9538401,1,1,1,0.9239219,0.9927548,1,0.2876036,0.2427212,0
0.8994325,1,1,1,0.9235258,0.9084462,1,0.3131561,0.2236355,0
0.8571408,1,1,1,0.9236413,0.8572536,1,0.3419883,0.2056603,0
0.821782,1,1,1,0.9242848,0.8541049,1,0.374671,0.1887052,0
0.7917455,1,1,1,0.9254742,0.8513981,1,0.4118981,0.1963007,0
0.7691787,1,1,1,0.9264948,0.848704,1,1,0.2079731,0
0.773973,1,1,1,0.9220327,0.8428351,1,1,0.2179382,0
0.7797816,1,1,1,0.9173236,0.8368513,1,1,0.228102,0
0.7864525,1,1,1,0.9123737,0.830752,1,1,0.2384517,0
0.7938737,1,1,1,0.9071872,0.8245362,1,1,0.2489783,0
0.8019502,1,1,1,0.9017711,0.8182064,1,1,0.2596671,0
0.810618,1,1,1,0.8961279,0.8117612,1,1,0.270512,0
0.8198279,1,1,1,0.8902599,0.8051994,1,1,0.2814971,0
0.8295314,1,1,1,0.8841732,0.7985235,1,1,0.2926058,0
0.8396983,1,1,1,1,0.7917329,1,1,0.3038306,0
0.843671,1,1,1,1,0.7859827,0.9824816,1,0.316354,0
0.8488178,1,1,1,1,0.7800398,0.9146085,1,0.3289917,0
0.8558997,1,1,1,1,0.773739,0.85575,1,0.3415412,0
0.8645679,1,1,1,1,0.767121,0.8036873,1,0.3539994,0
0.8759447,1,1,1,1,0.7602186,0.7568688,1,1,2
0.9228868,1,1,1,1,0.7467247,0.7696501,1,1,2
0.9682338,1,1,1,1,0.7341024,0.77706,1,1,2
1,1,1,1,1,0.7222331,0.7783659,1,1,2
1,1,1,1,1,0.7108573,0.7751024,1,1,2
1,1,1,1,0.7739912,0.6995127,0.7723774,1,1,2
1,1,1,1,0.7573757,0.6864728,0.795972,1,1,2
1,1,1,1,0.7410205,0.6735768,0.824819,1,1,2
1,1,1,1,0.7249452,0.6608383,0.8601317,1,1,2
1,1,1,1,0.7091601,0.6482636,0.903545,1,1,2
1,1,1,1,0.6936705,0.6358559,1,1,1,2
1,1,1,1,0.6785613,0.6236658,1,1,1,2
1,1,1,1,0.663627,0.6115733,1,1,1,2
1,1,1,1,0.6488777,0.5995837,1,1,1,2
1,1,1,1,0.6343271,0.5877063,1,1,1,2
1,1,1,1,0.6199826,0.5759454,1,1,1,2
1,1,1,1,0.6058522,0.5643064,1,1,1,2
1,1,1,1,0.5919378,0.5527896,1,1,1,2
1,1,1,0.6413761,0.5782388,0.5413939,1,1,1,2
1,1,1,0.6209955,0.5626148,0.5289587,1,1,1,2
1,1,1,0.6013579,0.5474366,0.5167999,1,1,1,2
1,1,1,0.5824183,0.5326811,0.5049046,1,1,1,2
1,0.9793361,1,0.5641378,0.5183271,0.4932594,1,1,1,2
1,0.9279684,1,0.5464623,0.5043439,0.4818464,1,1,1,2
1,0.9320568,1,0.5293633,0.4907168,0.4706568,1,1,1,2
1,0.9368411,1,0.5128052,0.4774252,0.4596777,1,1,1,2
1,0.9423455,1,0.4967547,0.4644496,0.4488963,1,1,1,2
1,0.9481893,1,0.4813846,0.4518839,0.462958,1,1,1,2
1,0.9541863,0.547829,0.4666783,0.4397101,0.5590699,1,1,1,2
1,0.9618884,0.526564,0.4519413,0.4275586,1,1,1,1,2
1,0.9704192,0.506148,0.4376095,0.4156633,1,1,1,1,2
1,0.9798171,0.4865228,0.4236591,0.4040093,1,1,1,1,2
1,0.9901172,0.467635,0.4100676,0.392582,1,1,1,1,2
1,1,0.449439,0.3968171,0.3813711,1,1,1,1,2
1,1,0.4318934,0.3838909,0.3703665,1,1,1,1,2
1,1,0.4149563,0.3712702,0.3595556,1,1,1,1,2
0.9874927,1,0.398589,0.3589372,0.3489263,1,1,1,1,2
0.8627599,1,0.3827592,0.3468782,0.4749216,1,1,1,1,2
0.8664948,1,0.3674337,0.3350772,1,1,1,1,1,2
0.870866,1,0.3525817,0.3235191,1,1,1,1,1,2
0.8758842,1,0.3381777,0.3121924,1,1,1,1,1,2
0.8815678,0.4469682,0.3241983,0.3010866,1,1,1,1,1,2
0.8879348,0.4222019,0.3106183,0.2901883,1,1,1,1,1,2
0.8950011,0.3987218,0.2974142,0.2794851,1,1,1,1,1,2
0.9027882,0.3764282,0.2845673,0.3370543,1,1,1,1,1,2
0.9113234,0.3552278,0.2720569,0.4759668,1,1,1,1,1,2
0.9206298,0.3350403,0.2598667,1,1,1,1,1,1,2
0.9307362,0.3157895,0.2479784,1,1,1,1,1,1,2
0.9416716,0.2974067,0.2363748,1,1,1,1,1,1,2
0.9534737,0.2798331,0.2250427,1,1,1,1,1,1,2
0.9661776,0.2630117,0.2139668,1,1,1,1,1,1,2
0.9798249,0.2468943,0.2031354,1,1,1,1,1,1,2
0.3790376,0.2314334,0.2418899,1,1,1,1,1,1,2
0.3473324,0.216589,0.2929154,1,1,1,1,1,1,2
0.3180012,0.2023174,0.3616231,1,1,1,1,1,1,2
0.2907994,0.1885891,0.4579657,1,1,1,1,1,1,2
0.2655007,0.1753666,1,1,1,1,1,1,1,2
0.241919,0.1626221,1,1,1,1,1,1,1,2
0.2198874,0.1503267,1,1,1,1,1,1,1,2
0.1992649,0.1466855,1,1,1,1,1,1,1,2
0.1799229,0.1628459,1,1,1,1,1,1,1,2
0.161748,0.1810358,1,1,1,1,1,1,1,2
0.1446444,0.2015737,1,1,1,1,1,1,1,2
0.1285227,0.2248321,1,1,1,1,1,1,1,2
0.1236829,0.2512888,1,1,1,1,1,1,1,2
0.1335845,0.2815399,1,1,1,1,1,1,1,2
0.1442423,0.3163298,1,1,1,1,1,1,1,2
0.155716,0.3566137,1,1,1,1,1,1,1,2
0.1680728,1,1,1,1,1,1,1,1,2
0.1813885,1,1,1,1,1,1,1,1,2
0.1957534,1,1,1,1,1,1,1,1,2
0.2112521,0.9926593,1,1,1,1,1,1,1,2
0.2277178,0.9806597,1,1,1,1,1,1,1,2
0.2451686,0.9694128,1,1,1,1,1,1,1,2
0.2636127,0.9588457,1,1,1,1,1,1,1,2
0.2830406,1,1,1,1,1,1,1,1,2
0.3033028,1,1,1,1,1,1,1,1,2
0.3244895,1,1,1,1,1,1,1,1,2
1,1,1,1,1,1,1,1,1,1
1,1,1,1,1,1,1,1,1,1
1,1,1,1,1,1,1,1,1,1
1,1,1,1,1,1,1,1,1,1
1,1,1,1,1,1,1,1,1,1
1,1,1,1,1,1,1,1,1,1
1,1,1,1,1,1,1,1,1,1
1,1,1,1,1,1,1,1,1,1
0.9971194,1,1,1,1,1,1,1,1,1
0.9888688,1,1,1,1,1,1,1,1,1
0.9805194,1,1,1,1,1,1,1,1,1
0.9720762,1,1,1,1,1,1,1,1,1
0.9635451,1,1,1,1,1,1,1,1,1
0.9549245,1,1,1,1,1,1,1,1,1
0.9462239,1,1,1,1,1,1,1,1,1
0.9374429,1,1,1,1,1,1,1,1,1
0.9285879,1,1,1,1,1,1,1,1,1
0.919666,1,1,1,1,1,1,1,1,1
0.9106807,1,1,1,1,1,1,1,1,1
0.9016358,1,1,1,1,1,1,1,1,1
0.892539,1,1,1,1,1,1,1,1,1
0.8833946,1,1,1,1,1,1,1,1,1
0.8742107,1,1,1,1,1,1,1,1,1
0.8649917,1,1,1,1,1,1,1,1,1
0.8557423,1,1,1,1,1,1,1,1,1
0.846471,1,1,1,1,1,1,1,1,1
0.8371829,1,1,1,1,1,1,1,1,1
0.8278862,1,1,1,1,1,1,1,1,1
0.8185859,1,1,1,1,1,1,1,1,1
0.8092906,1,1,1,1,1,1,1,1,1
0.8275779,1,1,1,1,1,1,1,1,1
0.8487912,1,1,1,1,1,1,1,1,1
0.8696022,1,1,1,1,1,1,1,1,1
0.8899757,1,1,1,1,1,1,1,1,1
0.9098719,1,1,1,1,1,1,1,1,1
0.9292487,1,1,1,1,1,1,1,1,1
0.9480808,1,1,1,1,1,1,1,1,1
0.9663464,1,1,1,1,1,1,1,1,1
0.9840145,1,1,1,1,1,1,1,1,1
1,1,1,1,1,1,1,1,1,1
1,1,1,1,1,1,1,1,1,1
1,1,1,1,1,1,1,1,1,1
1,1,1,1,1,1,1,0.9927028,1,1
1,1,1,1,1,1,1,0.9851419,1,1
1,1,1,1,1,1,1,0.9775411,1,1
1,1,1,1,1,1,1,0.9699051,1,1
1,1,1,1,1,1,1,0.9622387,1,1
1,1,1,1,1,1,1,0.9545468,1,1
1,1,1,1,1,1,1,0.9468317,1,1
1,1,1,1,1,1,1,0.9390991,1,1
1,1,1,1,1,1,1,0.9313515,1,1
1,1,1,1,1,1,1,0.9235984,1,1
1,1,1,1,1,1,1,0.915843,1,1
1,1,1,1,1,1,1,0.9080886,1,1
1,1,1,1,1,1,1,0.9003453,1,1
1,1,1,1,1,1,1,0.8926169,1,0
1,1,1,1,1,1,1,0.8849106,1,0
1,1,1,1,1,1,1,0.8772335,1,0
1,1,1,1,1,1,1,0.8695934,1,0
1,1,1,1,1,1,1,0.8619946,1,0
1,1,1,1,1,1,1,0.854448,1,0
1,1,1,1,1,1,1,0.846958,1,0
1,1,1,1,1,1,1,0.8395327,1,0
1,1,1,1,1,1,1,0.83218,1,0
1,1,1,1,1,1,1,0.8249044,1,0
1,1,1,1,1,1,1,0.8177172,1,0
1,1,1,1,1,1,1,0.8106229,1,0
1,1,1,1,1,1,1,0.8036295,0.9933556,0
1,1,1,1,1,1,1,0.796742,0.9816408,0
1,1,1,1,1,1,1,0.78997,0.8801017,0
1,1,1,1,1,1,1,0.783338,0.8672796,0
1,1,1,1,1,1,1,0.7769597,0.8545812,0
1,1,1,1,1,1,1,1,0.8420501,0
1,1,1,1,1,1,1,1,0.833056,0
1,1,1,1,1,1,1,1,0.8240688,0
1,1,1,1,1,1,1,1,0.8150969,0
1,1,1,1,1,1,1,1,0.8061546,0
1,1,1,1,1,1,1,1,0.7972507,0
1,1,1,1,1,1,1,1,0.7883999,0
1,1,1,1,1,1,1,1,0.7796142,0
1,1,1,1,1,1,1,1,0.7709053,0
1,1,1,1,1,1,1,1,0.7622851,0
1,1,1,1,1,1,1,1,0.7537653,0
1,1,1,1,1,1,1,1,0.7453609,0
1,1,1,1,1,1,1,1,0.7370803,0
1,1,1,1,1,1,1,1,0.7289381,0
1,1,1,1,1,1,1,1,0.7209456,0
1,1,1,1,1,1,1,1,0.7131139,0
1,1,1,1,1,1,1,1,0.7054569,0
1,1,1,1,1,1,1,1,0.6979822,0
1,1,1,1,1,1,1,1,0.6907032,0
1,1,1,1,1,1,1,1,0.6836299,0
1,1,1,1,1,1,1,1,0.7529257,0
1,1,1,1,1,1,1,1,0.829635,0
1,1,1,1,1,1,1,1,0.9004885,1
1,1,1,1,1,1,1,1,0.9626194,1
1,1,1,1,1,1,1,1,1,1
1,1,1,1,1,1,1,1,1,1
1,1,1,1,1,1,1,1,1,1
1,1,1,1,1,1,1,1,1,1
1,1,1,1,1,1,1,1,1,1
1,1,1,1,1,1,1,1,1,1
1,1,1,1,1,1,1,1,1,1
1,1,1,1,1,1,1,1,1,1
1,1,1,1,1,1,1,1,1,1
1,1,1,1,1,1,1,1,1,1
1,1,1,1,1,1,1,1,1,1
1,1,1,1,1,1,1,1,1,1
1,1,1,1,1,1,1,1,1,1
1,1,1,1,1,1,1,1,1,1
1,1,1,1,1,1,1,1,1,1
1,1,1,1,1,1,1,1,1,1
1,1,1,1,1,1,1,1,1,1
1,1,1,1,1,1,1,1,1,1
1,1,1,1,1,1,1,1,1,1
1,1,1,1,1,1,1,1,1,1
1,1,1,1,1,1,1,1,1,1
1,1,1,1,1,1,1,1,1,1
1,1,1,1,1,1,1,1,1,1
1,1,1,1,1,1,1,1,1,1
1,1,1,1,1,1,1,1,1,1
1,1,1,1,1,1,1,1,1,1
1,1,1,1,1,1,1,1,1,1
1,1,1,1,1,1,1,1,1,1
1,1,1,1,1,1,1,1,1,1
1,1,1,1,1,1,1,1,1,1
1,1,1,1,1,1,1,1,1,1
1,1,1,1,1,1,1,1,1,1
1,1,1,1,1,1,1,1,1,1
1,1,1,1,1,1,1,1,1,1
1,1,1,1,1,1,1,1,1,1
1,1,1,1,1,1,1,1,1,1
1,1,1,1,1,1,1,1,1,1
1,1,1,1,1,1,1,1,1,1
1,1,1,1,1,1,1,0.9977133,1,1
1,1,1,1,1,1,1,0.9588805,1,1
1,1,1,1,1,1,1,1,1,1
1,1,1,1,1,1,1,1,0.9757853,1
1,1,1,1,1,1,1,1,0.9760514,1
1,1,1,1,1,1,1,1,0.9763253,1
1,1,1,1,1,1,1,1,0.9766098,1
1,1,1,1,1,1,1,1,0.9769018,1
1,1,1,1,1,1,1,1,0.977201,1
1,1,1,1,1,1,1,1,0.9775074,1
1,1,1,1,1,1,1,1,0.9778211,1
1,1,1,1,1,1,1,1,0.9781415,1
1,1,1,1,1,1,1,1,0.9784689,1
1,1,1,1,1,1,1,1,0.9787999,1
1,1,1,1,1,1,1,1,0.9791376,1
1,1,1,1,1,1,1,1,0.9794819,1
1,1,1,1,1,1,1,1,0.9798326,1
1,1,1,1,1,1,1,1,0.9801866,1
1,1,1,1,1,1,1,1,0.980547,1
1,1,1,1,1,1,1,1,0.9809103,1
1,1,1,1,1,1,1,1,0.9812799,1
1,1,1,1,1,1,1,1,0.9816523,1
1,1,1,1,1,1,1,1,0.9820307,1
1,1,1,1,1,1,1,1,1,1
1,1,1,1,1,1,1,1,1,1
1,1,1,1,1,1,1,1,1,1
1,1,1,1,1,1,1,1,1,1
1,1,1,1,1,1,1,1,1,1
1,1,1,1,1,1,1,1,1,1
1,1,1,1,1,1,1,1,1,1
1,1,1,1,1,1,1,1,1,1
1,1,1,1,1,1,1,1,1,1
1,1,1,1,1,1,1,1,1,1
1,1,1,1,1,1,1,1,1,1
1,1,1,1,1,1,1,1,1,1
1,1,1,1,1,1,1,1,1,1
1,1,1,1,1,1,1,1,1,1
1,1,1,1,1,1,1,1,1,1
1,1,1,1,1,1,1,1,1,1
1,1,1,1,1,1,1,1,1,1
1,1,1,1,1,1,1,1,1,1
1,1,1,1,1,1,1,1,1,1
1,1,1,1,1,1,1,1,1,1
1,1,1,1,1,1,1,1,1,1
1,1,1,1,1,1,1,1,1,1
1,1,1,1,1,1,1,1,1,1
1,1,1,1,1,1,1,1,1,1
1,1,1,1,1,1,1,1,1,1
1,1,1,1,1,1,1,1,1,1
1,1,1,1,1,1,1,1,1,1
1,1,1,1,1,1,1,1,1,1
1,1,1,1,1,1,1,1,1,1
1,1,1,1,1,1,1,1,1,1
1,1,1,1,1,1,1,1,0.9932629,1
1,1,1,1,1,1,1,1,0.9560507,1
1,1,1,1,1,1,1,1,0.9141384,1
1,1,1,1,1,1,1,1,0.8677065,0
1,1,1,1,1,1,1,0.9946829,0.8387269,0
1,1,1,1,1,1,1,0.97238,0.8407699,0
1,1,1,1,1,1,1,0.9498277,0.8430933,0
1,1,1,1,1,1,1,0.9270989,0.8457138,0
1,1,1,1,1,1,1,0.9042718,0.8486454,0
1,1,1,1,1,1,1,0.8814187,0.851905,0
1,1,1,1,1,1,1,0.8586103,0.8555088,0
1,1,1,1,1,1,1,0.8359134,0.8594729,0
1,1,1,1,1,1,1,0.8133999,0.8638089,0
1,1,1,1,1,1,1,0.8196665,1,0
1,1,1,1,1,1,1,0.8258035,1,0
1,1,1,1,1,1,1,0.8319205,1,0
1,1,1,1,1,1,1,0.8380141,1,0
1,1,1,1,1,1,1,0.8440763,1,0
1,1,1,1,1,1,1,0.8501042,1,0
1,1,1,1,1,1,1,0.8560857,1,1
1,1,1,1,1,1,1,0.8620176,1,1
1,1,1,1,1,1,1,0.8678979,1,1
1,1,1,1,1,1,1,0.8737195,1,1
1,1,1,1,1,1,1,0.8794754,1,1
1,1,1,1,1,1,1,0.8851637,1,1
1,1,1,1,1,1,1,0.8907784,1,1
1,1,1,1,1,1,1,0.8963177,1,1
1,1,1,1,1,1,1,0.9017754,1,1
1,1,1,1,1,1,1,0.9071509,1,1
1,1,1,1,1,1,1,1,1,1
1,1,1,1,1,1,1,1,1,1
1,1,1,1,1,1,1,1,0.940964,1
1,1,1,1,1,1,1,1,0.9128832,1
1,1,1,1,1,1,1,1,0.8830687,0
1,1,1,1,1,1,1,1,0.8516569,0
1,1,1,1,1,1,1,1,0.8188492,0
1,1,1,1,1,1,1,1,0.7848762,0
1,1,1,1,1,1,1,1,0.7500129,0
1,1,1,1,1,1,1,1,0.7145601,0
1,1,1,1,1,1,1,1,0.6871097,0
1,1,1,1,1,1,1,1,0.6939466,0
1,1,1,1,1,1,1,1,0.7009641,0
1,1,1,1,1,1,1,1,0.7081513,0
1,1,1,1,1,1,1,1,0.715494,0
1,1,1,1,1,1,0.9912721,1,0.7229843,0
1,1,1,1,1,1,0.979986,1,0.7306373,0
1,1,1,1,1,1,0.9688979,1,0.7384441,0
1,1,1,1,1,1,0.9579965,1,0.746394,0
1,1,1,1,1,1,0.9472704,1,0.7544727,0
1,1,1,1,1,1,0.9367088,1,0.7626615,0
1,1,1,1,1,1,0.9263009,1,0.7709488,0
1,1,1,1,1,1,0.9160361,1,0.7793197,0
1,1,1,1,1,1,0.9596121,1,0.7877553,0
1,1,1,1,1,1,1,1,0.7961259,0
1,1,1,1,1,1,1,1,1,1
1,1,1,1,1,1,1,1,1,1
1,1,1,1,1,1,1,0.991933,1,1
1,1,1,1,1,1,1,0.9811094,1,1
1,1,1,1,1,1,1,0.9701705,1,1
1,1,1,1,1,1,1,0.9591196,1,1
1,1,1,1,1,1,1,0.9479569,1,1
1,1,1,1,1,1,1,0.9366938,1,1
1,1,1,1,1,1,1,0.9253314,1,1
1,1,1,1,1,1,1,0.9138781,1,1
1,1,1,1,1,1,1,0.9023395,1,1
1,1,1,1,1,1,1,0.890721,1,1
1,1,1,1,1,1,1,0.8790326,1,1
1,1,1,1,1,1,1,0.8672806,1,1
1,1,1,1,1,1,1,0.8554715,1,1
1,1,1,1,1,1,1,0.8436157,1,1
1,1,1,1,1,1,1,0.8317164,1,1
1,1,1,1,1,1,1,0.8197845,1,1
1,1,1,1,1,1,1,0.8078306,1,1
1,1,1,1,1,1,1,0.7958616,1,1
1,1,1,1,1,1,1,0.7838849,1,1
1,1,1,1,1,1,1,0.7719076,1,0
1,1,1,1,1,1,1,0.7599365,1,0
1,1,1,1,1,1,1,0.7479821,1,0
1,1,1,1,1,1,1,0.736051,1,0
1,1,1,1,1,1,1,0.7241529,1,0
1,1,1,1,1,1,1,0.7122942,1,0
1,1,1,1,1,1,1,0.7004806,1,0
1,1,1,1,1,1,1,0.688718,1,0
1,1,1,1,1,1,1,0.6770147,1,0
1,1,1,1,1,1,1,0.6653759,1,0
1,1,1,1,1,1,1,0.6538061,0.910741,0
1,1,1,1,1,1,1,0.6415339,0.8881962,0
1,1,1,1,1,1,1,0.6292425,0.8654773,0
1,1,1,1,1,1,1,0.6169658,0.8426922,0
1,1,1,1,1,1,1,0.620111,0.8199506,0
1,1,1,1,1,1,1,0.6517792,0.7975506,0
1,1,1,1,1,1,1,0.6856851,0.7758793,0
1,1,1,1,1,1,1,0.7219574,0.7549335,0
1,1,1,1,1,1,1,0.7607263,0.7347081,0
1,1,1,1,1,1,1,0.8021143,0.715189,0
1,1,1,1,1,1,1,0.8462424,0.6963536,0
1,1,1,1,1,1,1,0.8932408,0.6781846,0
1,1,1,1,1,1,1,0.9432149,0.6606588,0
1,1,1,1,1,1,1,0.996285,0.6437463,0
1,1,1,1,1,1,1,1,0.6274208,0
1,1,1,1,1,1,1,1,0.611356,0
1,1,1,1,1,1,1,1,0.5955514,0
1,1,1,1,1,1,1,1,0.5800282,0
1,1,1,1,1,1,1,1,0.5648008,0
1,1,1,1,1,1,1,1,0.549885,0
1,1,1,1,1,1,1,1,0.5352941,0
1,1,1,1,1,1,1,1,0.5498894,0
1,1,1,1,1,1,1,1,0.5693609,0
1,1,1,1,1,1,1,1,0.5891152,0
1,1,1,1,1,1,1,1,0.6091124,0
1,1,1,1,1,1,1,1,0.629305,0
1,1,1,1,1,1,1,1,0.6496438,0
1,1,1,1,1,1,1,1,0.6700845,0
1,1,1,1,1,1,1,1,0.6905749,0
1,1,1,1,1,1,1,1,0.7110691,0
1,1,1,1,1,1,1,1,0.7315148,0
1,1,1,1,1,1,1,1,0.7518657,0
1,1,1,1,1,1,1,1,0.7720765,0
1,1,1,1,1,1,1,1,0.7920966,0
1,1,1,1,1,1,1,1,0.8118891,1
1,1,1,1,1,1,1,1,0.8314062,1
1,1,1,1,1,1,1,1,0.8506088,1
1,1,1,1,1,1,1,0.9187792,0.8694659,1
1,1,1,1,1,1,1,0.9114884,0.8883936,1
1,1,1,1,1,1,1,0.9042562,1,1
1,1,1,1,1,1,1,0.897195,1,1
1,1,1,1,1,1,1,0.8901359,1,1
1,1,1,1,1,1,1,0.8830789,1,1
1,1,1,1,1,1,1,0.8760238,1,1
1,1,1,1,1,1,1,0.8689709,1,1
1,1,1,1,1,1,1,0.8619202,1,1
1,1,1,1,1,1,1,0.854872,1,1
1,1,1,1,1,1,1,0.8478262,1,1
1,1,1,1,1,1,1,0.8407828,1,1
1,1,1,1,1,1,1,0.833742,1,1
1,1,1,1,1,1,1,0.8267069,1,1
1,1,1,1,1,1,1,0.8196745,1,1
1,1,1,1,1,1,1,0.8126448,0.9989602,1
1,1,1,1,1,1,1,0.8056199,0.99064,1
1,1,1,1,1,1,1,0.7985882,0.9822268,1
1,1,1,1,1,1,1,0.7915562,0.9737312,1
1,1,1,1,1,1,1,0.7845219,0.9651533,1
1,1,1,1,1,1,1,0.7774921,0.9565045,1
1,1,1,1,1,1,1,0.7704648,0.9477855,1
1,1,1,1,1,1,1,0.7634438,0.9390048,1
1,1,1,1,1,1,1,0.7564334,0.9301707,1
1,1,1,1,1,1,1,0.7494345,0.9212884,1
1,1,1,1,1,1,1,0.7424484,0.9123634,1
1,1,1,1,1,1,1,0.7354792,0.9034048,1
1,1,1,1,1,1,1,0.7285279,0.8944179,1
1,1,1,1,1,1,1,0.7215958,0.8854087,1
1,1,1,1,1,1,1,0.714687,0.8786624,1
1,1,1,1,1,1,1,0.7078041,0.8994722,1
1,1,1,1,1,1,1,0.700961,0.9197887,1
1,1,1,0.9990826,1,1,1,0.6941512,0.9395776,1
1,1,1,0.9892809,1,1,1,0.6873696,0.9587437,1
1,1,1,0.9799452,1,1,1,0.8495528,0.9766644,1
1,1,1,0.9712039,1,1,1,1,0.9928095,1
1,1,1,0.9629951,1,1,1,1,1,1
1,1,1,0.9550473,1,1,1,1,0.7430204,1
1,1,1,0.9442694,1,1,1,1,0.7341902,1
1,1,1,0.9336673,1,1,1,1,0.7255179,1
1,1,1,0.9232348,1,1,1,1,0.7169933,1
1,1,0.9926522,0.9129628,1,1,1,1,0.7086064,1
1,1,0.9842293,0.9030124,1,1,1,1,0.7004508,1
1,1,0.9759752,0.8933907,1,1,1,1,0.6925242,1
1,1,0.9678802,0.8840772,1,1,1,1,0.6848042,1
1,1,0.9599365,0.8750537,1,1,1,1,0.6772763,1
1,1,0.9521373,0.8663036,1,1,1,1,0.6699172,1
1,1,0.9444766,0.8578119,1,1,1,1,0.6627148,1
1,1,0.9369497,0.8495654,1,1,1,1,0.6556513,1
1,1,0.9295527,0.8415516,1,1,1,1,0.6487163,1
1,1,0.9222822,0.8337597,1,1,1,1,0.6418933,1
1,1,0.9151384,0.8261828,1,1,1,1,0.6351734,1
1,1,0.9081128,0.8188046,1,1,1,1,0.6285411,1
1,1,0.9012068,0.8116201,1,1,1,1,0.6219882,1
1,1,0.8944186,0.8046214,1,1,1,1,0.6155004,1
1,1,0.8877441,0.7977976,1,1,1,1,0.6090698,1
1,1,0.881182,0.7911418,1,1,1,1,0.6026859,2
1,1,0.8747315,0.7846478,1,1,1,1,0.5963416,2
1,1,0.8683885,0.7783058,1,1,1,1,0.5900265,2
1,1,0.8621526,0.7721102,1,1,1,1,0.5837303,2
1,1,0.8560195,0.766052,1,1,1,1,0.5774462,2
1,1,0.8499888,0.7601261,1,1,1,1,0.5711676,2
1,1,0.8440599,0.7543274,1,1,1,1,0.5648842,2
1,1,0.8382288,0.7486479,1,1,1,1,0.5585895,2
1,1,0.8324949,0.7430826,1,1,1,1,0.5522732,2
1,1,0.8268538,0.7376237,1,1,1,1,0.5459322,2
1,1,0.8213016,0.7322628,1,1,1,1,0.5395563,2
1,1,0.8158342,0.7269924,1,1,1,1,0.5331353,2
1,1,0.8104507,1,1,1,1,1,0.5392513,1
1,1,0.7610201,1,1,1,1,1,0.5548875,1
1,1,0.7419151,1,1,1,1,1,0.5684985,1
1,1,0.720828,1,1,1,1,1,0.5811144,1
1,0.9939297,0.6978517,1,1,1,1,1,0.5926286,1
1,0.7205837,0.6726986,1,1,1,1,1,0.6026998,2
1,0.7132679,0.6280302,1,1,1,1,1,0.600361,2
1,0.7062349,0.5841967,1,1,1,1,1,0.5965244,2
1,0.6995571,0.5783694,1,1,1,1,1,0.5914804,2
1,0.6932775,0.5765146,1,1,1,1,1,0.5866721,2
1,0.6873819,0.5749384,1,1,1,1,1,0.582224,2
1,0.6818593,0.5736346,1,1,1,1,1,0.5781163,2
1,0.6766952,0.572593,1,1,1,1,1,0.5743335,2
0.9955268,0.6718753,0.5718036,1,1,1,1,1,0.5708591,2
0.9833189,0.6674002,0.5713204,1,1,1,1,1,0.5675567,2
0.9716768,0.6632863,0.5712472,1,1,1,1,1,0.5642366,2
0.960613,0.6595342,1,1,1,1,1,1,0.5609394,1
0.9541998,0.6545119,1,1,1,1,1,1,0.5667462,1
0.947675,0.6495786,1,1,1,1,1,1,0.5721217,2
0.9410599,0.6447416,1,1,1,1,1,1,0.5770676,2
0.9343762,0.6400084,1,1,1,1,1,1,0.5815881,2
0.9276429,0.6353841,1,1,1,1,1,1,0.5856949,2
0.6451484,0.6308734,1,1,1,1,1,1,0.5894012,2
0.6370882,0.5482855,1,1,1,1,1,1,0.5860839,2
0.6289722,0.4502443,1,1,1,1,1,1,0.5809204,2
0.6213984,0.4453495,1,0.997865,1,1,1,1,0.575949,2
0.6143557,0.443128,1,1,1,1,1,1,0.5711597,2
0.6078295,0.4412745,1,1,1,1,1,1,0.566541,2
0.6018062,0.4397917,1,1,1,1,1,1,0.5620825,2
0.59628,0.4386896,1,1,1,1,1,1,0.5577671,2
0.5912372,0.4379696,1,1,1,1,1,1,0.5535899,2
0.5866744,0.4376441,1,1,1,1,1,1,0.5495356,2
0.5825832,1,0.9986861,1,1,1,1,1,0.545597,1
0.5793477,1,0.9840639,1,1,1,1,1,0.5488092,1
0.5761136,1,0.9688824,1,1,1,1,1,0.5517526,1
0.5728899,1,0.9531745,1,1,1,1,1,0.5544204,1
0.5696863,1,0.9369776,1,1,1,1,1,0.5568079,2
0.392377,1,0.9203371,1,1,1,1,1,0.5589134,2
0.3892427,1,0.897309,1,1,1,1,1,0.5580814,2
0.3862853,1,0.8743926,1,1,1,1,1,0.5569938,2
0.3835185,1,0.8516663,1,1,1,1,1,0.555679,2
0.3809554,1,0.8558054,1,1,1,1,1,0.5541652,2
0.3785946,1,0.8662456,1,1,1,1,1,0.5527077,2
0.3764258,1,0.8769429,1,1,1,1,1,0.5513524,2
0.3744387,1,0.8878767,1,1,1,1,1,0.5500903,2
0.3726208,1,0.8990215,1,1,1,1,1,0.5489162,2
0.5453001,1,0.9103562,1,1,1,0.9998294,1,0.5478219,2
0.5435699,1,0.9124252,1,1,1,0.9907522,1,0.5487955,1
0.5418845,1,0.9144907,1,1,1,0.9816419,1,0.5497541,1
1,1,0.9165455,1,1,1,0.9724994,1,0.5506983,0
1,1,0.8940728,1,1,1,0.9586653,1,0.5569667,0
1,1,0.8734567,1,1,1,0.9453694,1,0.5633763,0
1,1,0.8544838,1,1,1,0.9325544,1,0.5699002,0
1,0.999053,0.8369797,1,1,1,0.9201654,1,1,1
1,0.9982718,0.8370808,1,1,1,0.9109173,1,1,1
1,0.9974969,0.8371602,1,1,1,0.9016426,1,1,1
1,0.9967299,0.8372199,1,1,1,0.8923402,1,1,1
1,0.9959623,0.8372464,1,1,1,0.8830119,1,1,1
1,0.9951957,0.8372424,1,1,1,0.873654,1,1,1
1,0.9944258,0.8372,1,1,1,0.8642685,1,1,1
1,0.970705,0.8371175,1,1,1,0.8548549,1,1,1
1,0.9427485,0.8379509,1,1,1,0.8455745,1,1,2
1,0.9136921,0.8398695,1,1,1,0.8364536,1,1,2
1,0.8837162,0.8429222,1,1,1,0.827493,1,1,2
1,0.8530253,0.8471576,1,1,1,0.8186962,1,1,2
1,0.8218322,0.8526189,1,1,1,0.8100662,1,1,2
1,0.7903472,0.8593581,1,1,1,0.8016013,1,1,2
0.909777,0.7587803,0.8674104,1,1,1,0.7933016,1,1,2
0.8694903,0.7227739,0.8817876,1,1,1,0.7860056,1,1,2
0.8696469,0.6858683,0.9003696,1,1,1,0.779314,1,1,2
0.8702407,0.6503956,0.9211259,1,1,1,0.7728511,1,1,2
0.8712765,0.6164588,0.9440905,1,1,1,0.7665961,1,1,2
0.872758,0.5936145,1,1,1,1,0.7605227,1,1,2
0.8745062,0.5993792,1,1,1,1,0.7543179,1,1,2
0.876515,0.6053092,1,1,1,1,0.7480172,1,1,2
0.8787512,0.6113724,1,1,1,1,0.7415954,1,1,2
0.8811828,0.6175364,1,1,1,1,0.735026,1,1,2
0.8837788,0.6237689,1,1,1,1,0.7282884,1,1,2
0.8865091,0.6300374,1,1,1,1,0.721361,1,1,2
0.8893424,0.6363066,1,1,1,1,0.7142285,1,1,2
0.8922514,0.6425453,1,1,1,0.9591562,0.7068778,1,1,2
0.856073,0.6485284,1,1,1,0.9110082,0.6991788,1,1,2
0.7931172,0.6551114,1,1,1,0.8649732,0.6916462,1,1,2
0.7309768,0.6629673,1,1,1,0.8173539,0.6846524,1,1,2
0.6707893,0.6721093,1,1,1,0.7698295,0.6781605,1,1,2
0.6133994,0.68253,1,1,1,0.7237078,0.6721159,1,1,2
0.5593642,0.6941944,1,1,1,0.6799122,0.6664552,1,1,2
0.5251499,0.7070547,1,1,1,0.6389772,0.6611062,1,1,2
0.5297058,0.7205379,1,1,1,0.6024278,0.6557308,1,1,2
0.5341917,0.7334021,1,1,1,0.5734487,0.6496772,1,1,2
0.5385728,0.7455865,1,1,1,0.5652913,0.6429526,1,1,2
0.5428718,0.757222,1,1,1,0.5569148,0.6356679,1,1,2
0.5470624,0.7682437,1,1,1,0.548309,0.6278213,1,1,2
0.551119,0.7785912,1,1,1,0.5394722,0.6194221,1,1,2
0.5550193,1,1,1,0.9103194,0.530404,0.6104828,1,1,1
0.5569763,1,1,1,0.9016525,0.519852,0.5982822,1,1,1
0.5587678,1,1,1,0.8958088,0.5091883,0.5858398,1,1,1
0.5604025,1,1,1,0.89256,0.4984295,0.5731917,1,1,1
0.5618862,1,1,1,1,0.4875914,0.5603722,1,1,1
0.5634503,1,1,1,1,0.4768316,0.5477275,1,1,1
0.5648691,1,1,1,1,0.4660037,0.5349356,1,1,1
0.5661498,1,1,1,1,0.4551184,0.5220194,1,1,1
0.5672938,1,1,1,1,0.4503466,0.5089976,1,1,1
0.5683286,1,1,1,1,0.4492672,0.4959218,1,1,1
0.5692713,1,1,1,1,0.4485571,0.482829,1,1,1
0.570129,1,1,1,1,0.4481986,0.4697292,1,1,1
0.5709049,1,1,1,1,0.4481849,0.4566349,1,1,1
0.571602,1,1,1,1,0.4485117,0.443557,1,1,1
0.5722266,1,1,1,1,0.4491662,0.4305053,1,1,1
0.5727845,1,1,1,1,0.4501375,0.4174885,1,1,0
0.5732778,1,1,1,1,0.4514254,0.4045139,0.6413202,1,0
0.5705539,1,1,1,1,0.4721619,0.3884014,0.6060001,1,0
0.5677911,1,1,1,1,0.4965361,0.3726613,0.5724176,1,0
0.5650285,1,1,1,1,0.5250359,0.3573164,0.5405844,1,0
0.5622951,1,1,1,1,0.5582589,0.3423799,0.5104724,1,0
0.5596138,1,1,1,1,0.5969266,0.3278476,0.482011,1,0
0.5569988,1,1,1,1,0.6419332,0.3137141,0.4551176,1,0
0.554454,1,1,1,1,0.6944104,0.3059545,0.4296863,1,0
0.5520042,1,1,1,1,1,0.3161682,0.4056644,1,0
0.5499679,1,1,1,1,1,0.3255401,0.3838863,1,0
0.5479311,1,1,1,1,1,0.3357261,0.3629212,1,0
0.5458969,1,1,1,1,1,0.3467493,0.3427237,1,0
0.5438644,1,1,1,1,1,0.3586413,0.3232513,1,0
0.5418364,1,1,1,1,1,0.3714185,0.3044568,1,0
0.5398092,1,1,1,1,1,0.3851129,0.2862937,1,0
0.5377838,1,1,1,1,1,0.3997398,0.268721,0.5599272,0
0.5348235,1,1,1,1,1,0.4270591,0.2493784,0.5013484,0
0.5319042,1,1,1,1,1,0.4587923,0.2309448,0.4491216,0
0.5290255,1,1,1,1,1,0.4958792,0.2138276,0.4022642,0
0.526187,1,1,1,1,1,0.5395522,0.2215863,0.3599938,0
0.5233821,1,1,1,1,1,1,0.2301633,0.3216664,0
0.5206104,1,1,1,1,1,1,0.239627,0.2867525,0
0.5178685,1,1,1,1,1,1,0.2500601,0.2548201,0
0.5151528,1,1,1,1,1,1,0.2615566,0.2255014,0
0.512463,1,1,1,1,1,1,0.274219,0.1984923,0
0.5097955,1,1,1,1,1,1,0.2881703,0.1858202,0
0.5071468,1,1,1,1,1,1,0.3035524,0.1919743,0
0.5045161,1,1,1,1,1,1,0.3205239,0.1986229,0
0.501903,1,1,1,1,1,1,0.3392692,0.2057909,0
0.4992591,1,1,1,1,1,1,0.3594093,0.2133619,0
0.4965259,1,1,1,1,1,1,0.3804395,0.2211911,0
0.4936773,1,1,1,1,1,1,0.4022593,0.2292405,0
0.4906934,1,1,1,1,1,1,0.4247501,0.2374705,0
0.4875573,1,1,1,1,1,1,0.4477829,0.2458446,0
0.4842603,1,1,1,1,1,1,0.9825036,0.2543215,1
0.480032,1,1,1,1,1,1,0.9715072,0.2607508,1
0.4757586,1,1,1,1,1,1,0.9741644,0.2671853,1
0.4714212,1,1,1,1,1,1,0.9896303,0.2735613,1
0.4670063,1,1,1,1,1,1,1,0.2798109,1
0.4625297,1,1,1,1,1,1,1,0.2859389,1
0.4580129,1,1,1,1,1,1,1,0.2919789,1
0.4534604,1,1,1,1,1,1,1,0.2979225,1
0.448877,1,1,1,1,1,1,1,0.3037616,1
0.444268,1,1,1,1,1,1,1,0.3094886,1
0.4396415,1,1,1,1,1,1,1,0.3150925,1
0.4349997,1,1,1,1,1,1,1,0.3205709,1
0.4303481,1,1,1,1,1,1,1,0.3259181,1
0.4256952,1,1,1,1,1,1,1,0.3311248,1
0.4210436,1,1,0.9953645,1,1,1,1,0.3361903,1
0.4163898,1,1,0.9821795,1,1,1,1,0.3410771,1
0.4117305,1,1,0.9686036,1,1,1,1,0.3457123,1
0.4070739,1,1,0.9546664,1,1,1,1,0.3500915,2
0.4024313,1,1,0.9404033,1,1,1,1,0.3542088,2
0.3978146,1,1,0.9266232,1,1,1,1,0.3580604,2
0.4292427,1,1,0.927328,1,1,1,1,0.36165,2
0.4993549,1,1,0.9263842,1,1,1,1,0.3655454,1
0.5634848,1,1,0.9215968,1,1,1,1,1,2
0.7119732,1,1,0.9426406,1,1,0.9954918,1,1,2
0.8626031,1,1,0.9553843,1,1,0.9867955,1,1,2
1,1,1,0.9586479,1,0.9970177,0.9778466,1,1,1
1,1,1,0.9529859,1,0.987347,0.9685882,1,1,1
1,1,1,0.9476054,1,0.9776378,0.9593337,1,1,1
1,1,1,0.9424967,1,0.9678966,0.9500861,1,1,1
1,1,1,0.9376441,1,0.9581236,0.940842,1,1,1
1,1,1,0.9330388,1,0.9483221,0.9316012,1,1,1
1,1,1,1,1,0.9384955,0.9223636,1,1,1
1,1,1,1,1,0.9289383,0.9130411,1,1,1
1,1,1,1,1,0.919373,0.9037215,1,1,1
1,1,1,1,1,0.909797,0.8944014,1,0.9944711,1
1,1,1,1,1,0.9002471,0.8850727,1,0.9790298,1
1,1,1,1,1,0.8907815,0.8757164,1,0.9629558,1
1,1,1,1,1,0.881404,0.8663354,1,0.9462634,1
1,1,1,1,1,0.8721156,0.8569309,1,0.9289696,1
1,1,1,1,1,0.8629203,0.8475074,1,0.9111034,1
1,1,1,1,1,0.8538226,0.838071,1,0.8927024,1
1,1,1,1,1,0.8448267,0.8286279,1,0.8738109,1
1,1,1,1,1,0.835934,0.8191827,1,0.8544752,1
1,1,0.7912444,1,1,0.8271457,0.8097402,1,0.8347476,1
1,1,0.7759448,1,1,0.8173126,0.8005397,1,0.8215644,1
1,1,0.760666,1,1,0.8074746,0.7913331,1,0.8083448,1
1,1,0.7454216,0.9788347,1,0.7976367,0.7821232,1,0.7950817,1
1,1,0.7298557,0.9663647,0.9994774,0.787722,0.7729276,1,0.782248,1
1,1,0.714131,0.9537473,0.9968017,0.7777621,0.7637368,1,0.7696289,1
1,1,0.6982458,0.9409769,0.9950234,0.7677568,0.754553,1,0.7572414,1
1,1,0.6822351,0.9280771,0.9941244,0.7577133,0.7453769,1,0.7450513,1
1,1,0.6661352,0.9150723,0.9940726,0.7476395,0.7362087,1,0.7330222,1
1,1,0.6499772,0.901984,1,0.7375401,0.7270452,1,0.725062,2
1,1,0.6337584,0.8888068,0.7632536,0.7274146,0.7178894,1,0.7270787,2
1,1,0.6150982,0.873587,0.7508789,0.7167646,0.7089671,1,0.7268887,2
1,1,0.5963877,0.858241,0.7384394,0.7060939,0.7000949,1,0.726339,2
1,1,0.5777158,0.8428376,0.7259749,0.6954249,0.6912748,1,0.7254837,2
1,1,0.5676845,0.8274403,0.7135216,0.684777,0.6825064,1,0.7243793,2
1,1,0.5694903,0.8122055,0.7011623,0.6741858,0.6737634,1,0.7231928,2
1,1,0.5713613,0.7972972,0.6889834,0.6636862,0.6650112,1,0.7221117,2
1,1,0.5732757,0.7827071,0.6769796,0.6532733,0.6562428,1,0.7211392,2
1,1,0.5752044,0.7684247,0.665144,0.6429416,0.6474518,1,0.7202833,2
1,1,0.5771242,0.7544345,0.6534658,0.6326821,0.6386296,1,0.7195457,2
1,1,0.5790192,0.7507101,0.6419338,0.6224859,0.6297677,1,0.718922,2
1,1,0.5807365,0.7579525,0.6305715,0.6123587,0.6208448,1,0.7184895,2
1,1,0.5821372,0.7644799,0.619388,0.6022962,0.6118339,1,0.7183049,2
1,1,0.5832325,0.7703055,0.6083554,0.5922831,0.6027349,1,0.7183388,2
1,1,0.8551046,0.7754616,0.5974559,0.5823129,0.5935554,1,0.7185596,1
1,1,0.8498493,0.7670997,0.5876568,0.5726181,0.5834559,1,0.7217474,1
1,1,0.8451589,0.7596893,0.5777794,0.5629047,0.5734248,1,0.7247449,1
1,1,0.8409564,0.7530912,0.5678391,0.5531782,0.563453,1,0.7275689,1
1,1,0.8371725,0.7471817,0.5578442,0.5434382,0.5535274,1,0.7302381,1
1,1,0.8337479,0.7418571,0.5478047,0.5336871,0.5436393,1,0.7327696,1
1,1,0.8306321,0.73703,0.5377264,0.5239242,0.5337783,1,0.7351785,1
1,0.5427064,0.827777,0.7326189,0.5276173,0.5141517,0.5239382,1,0.7374816,2
1,0.5027231,0.6980425,0.5444203,0.515428,0.5039043,0.5159752,1,0.7328364,2
1,0.4631493,0.6750519,0.5293661,0.5031843,0.4937661,0.508419,1,0.7272918,2
1,0.4265988,0.6530017,0.5147455,0.4912241,0.4838165,0.5009707,1,0.7219505,2
1,0.3961489,0.6318265,0.5005311,0.4795292,0.4740423,0.4936209,1,0.7167993,2
1,0.3997761,0.6114769,0.4867069,0.4680916,0.4644398,0.4863701,1,0.7118291,2
1,0.4039032,0.5919306,0.4732612,0.4568993,0.4549939,0.479194,1,0.7070572,2
1,0.4079058,0.5738655,0.4604488,0.4460315,0.4456185,0.4717226,1,0.7030594,2
1,0.4117359,0.5702229,0.4481519,0.4354116,0.4362648,0.4639333,1,0.699698,2
1,0.4152706,0.5838428,0.4362977,0.4249812,0.4268795,0.4557638,1,0.6969265,2
1,0.4183815,0.5959575,0.4248297,0.4146963,0.4174227,0.4471669,1,0.6947126,2
1,0.4210821,0.6065791,0.4136604,0.4045113,0.4078832,0.43818,1,0.6929409,2
1,0.4233988,0.4416749,0.4027215,0.3943924,0.3982565,0.428842,1,0.6915202,2
0.478726,0.6861823,0.4283144,0.3917024,0.3842869,0.3887392,0.4197986,1,0.6896826,2
0.402393,0.6533314,0.4129938,0.3800092,0.3741974,0.3799307,0.4127684,1,0.6856584,2
0.3464618,0.6654236,0.3981529,0.3685715,0.3642752,0.3712276,0.405786,1,0.6817616,2
0.3490867,0.6785451,0.3837638,0.3573754,0.3545106,0.3626219,0.3988452,1,0.6779896,2
0.3517333,0.575784,0.3702434,0.3465276,0.3448303,0.3538486,0.3912948,1,0.6747825,2
0.3547502,0.5507706,0.3570079,0.3358391,0.3352595,0.3451509,0.3837965,1,0.6715972,2
0.3577878,0.5280575,0.3443632,0.3253714,0.325714,0.3362859,0.3757786,1,0.6687532,2
0.3608036,0.5072266,0.3322028,0.3150725,0.3161653,0.3272435,0.3672532,1,0.666172,2
0.3637676,0.4879312,0.3204339,0.3048967,0.3065895,0.318018,0.3582403,1,0.6637905,2
0.3666568,0.4698938,0.3089838,0.2948122,0.2969746,0.3086153,0.3487734,1,0.6615611,2
0.369454,0.4528884,0.2977934,0.2847954,0.2873148,0.2990467,0.3388933,1,0.6594495,2
0.8096553,0.4367258,0.2868118,0.2748259,0.2776063,0.2893243,0.3286403,1,0.6574229,0
0.8049886,0.4278454,0.2773883,0.2650141,0.2671846,0.2779048,0.3145568,1,0.6569597,0
0.7965988,0.4254704,0.267765,0.2551895,0.2568703,0.2667317,0.3010306,1,0.6564983,0
0.7848394,0.4237521,0.257967,0.245346,0.2466356,0.2557507,0.2879436,1,0.6560202,0
0.7698035,0.4226333,0.2480043,0.2354771,0.2364616,0.2449276,0.2752247,1,0.6554962,0
0.7516748,0.4220681,0.2378965,0.2255852,0.2263395,0.23424,0.2628201,1,0.6549032,1
0.7306954,0.2995925,0.2276588,0.2156694,0.2162576,0.2236635,0.2506766,1,0.6542293,1
0.7005795,0.2854057,0.2170422,0.2056804,0.2062851,0.2133965,0.2392605,1,0.653052,1
0.6687692,0.2709723,0.2063608,0.1956817,0.1963361,0.2031895,0.2279813,1,0.6517397,1
0.6357937,0.2563751,0.1956375,0.1856787,0.1864058,0.1930266,0.2168005,1,0.6503059,1
0.6021483,0.2416909,0.1848933,0.1756763,0.1764895,0.1828932,0.2056824,0.3178003,0.648759,0
0.6044334,0.2322243,0.1755512,0.1659267,0.1661378,0.1715691,0.1917924,0.2913902,0.6497785,0
0.601954,0.2217718,0.1659404,0.1561463,0.1559053,0.1605353,0.1785673,0.2676136,0.6508358,0
0.5943748,0.2103918,0.1560741,0.1463208,0.1457561,0.1497277,0.1658722,0.2458811,0.6518356,0
0.5815669,0.1981632,0.145972,0.1364426,0.135663,0.1390946,0.1535971,0.225739,0.6526992,0
0.5636372,0.1851836,0.1356611,0.1265115,0.1256076,0.1285961,0.1416537,0.2068336,1,2
0.5526056,0.168953,0.124451,0.1163248,0.1156592,0.1185837,0.1309458,0.1924411,1,2
0.5544767,0.1532558,0.1133912,0.1061867,0.1057031,0.1085058,0.1200602,0.1773963,1,2
1,1,1,1,1,1,1,1,1,1
1,1,1,1,1,1,1,1,1,1
1,1,1,1,1,1,1,1,1,1
1,1,1,1,1,1,1,1,1,1
1,1,1,1,1,1,1,1,1,1
1,1,1,1,1,1,1,1,1,1
1,1,1,1,1,1,1,1,1,1
1,1,1,1,1,1,1,1,1,1
1,1,1,1,1,1,1,1,1,1
1,1,1,1,1,1,1,1,1,1
1,1,1,1,1,1,1,1,1,1
1,1,1,1,1,1,1,1,1,1
1,1,1,1,1,1,1,1,1,1
1,1,1,1,1,1,1,1,1,1
1,1,1,1,1,1,1,1,1,1
1,1,1,1,1,1,1,1,1,1
1,1,1,1,1,1,1,1,1,1
1,1,1,1,1,1,1,1,1,1
1,1,1,1,1,1,1,1,1,1
1,1,1,1,1,1,1,1,1,1
1,1,1,1,1,1,1,1,1,1
1,1,1,1,1,1,1,1,1,1
1,1,1,1,1,1,1,1,1,1
1,1,1,1,1,1,1,1,1,1
1,1,1,1,1,1,1,1,1,1
1,1,1,1,1,1,1,1,1,1
1,1,1,1,1,1,1,1,1,1
1,1,1,1,1,1,1,1,1,1
1,1,1,1,1,1,1,1,1,1
1,1,1,1,1,1,1,1,1,1
1,1,1,1,1,1,1,1,1,1
1,1,1,1,1,1,1,1,1,1
1,1,1,1,1,1,1,1,1,1
1,1,1,1,1,1,1,1,1,1
1,1,1,1,1,1,1,1,1,1
1,1,1,1,1,1,1,1,1,1
1,1,1,1,1,1,1,1,1,1
1,1,1,1,1,1,1,1,1,1
1,1,1,1,1,1,1,1,1,1
1,1,1,1,1,1,1,1,1,1
1,1,1,1,1,1,1,1,1,1
1,1,1,1,1,1,1,1,1,1
1,1,1,1,1,1,1,1,1,1
1,1,1,1,1,1,1,1,1,1
1,1,1,1,1,1,1,1,1,1
1,1,1,1,1,1,1,1,1,1
1,1,1,1,1,1,1,1,1,1
1,1,1,1,1,1,1,1,1,1
1,1,1,1,1,1,1,1,1,1
1,1,1,1,1,1,1,1,1,1
1,1,1,1,1,1,1,1,1,1
1,1,1,1,1,1,1,1,1,1
1,1,1,1,1,1,1,1,1,1
1,1,1,1,1,1,1,1,1,1
1,1,1,1,1,1,1,1,1,1
1,1,1,1,1,1,1,1,1,1
1,1,1,1,1,1,1,1,1,1
1,1,1,1,1,1,1,1,1,1
1,1,1,1,1,1,1,1,1,1
1,1,1,1,1,1,1,1,1,1
1,1,1,1,1,1,1,1,1,1
1,1,1,1,1,1,1,1,1,1
1,1,1,1,1,1,1,1,1,1
1,1,1,1,1,1,1,1,1,1
1,1,1,1,1,1,1,1,1,1
1,1,1,1,1,1,1,1,1,1
1,1,1,1,1,1,1,1,1,1
1,1,1,1,1,1,1,1,1,1
1,1,1,1,1,1,1,1,1,1
1,1,1,1,1,1,1,1,1,1
1,1,1,1,1,1,1,1,1,1
1,1,1,1,1,1,1,1,1,1
1,1,1,1,1,1,1,1,1,1
1,1,1,1,1,1,1,1,1,1
1,1,1,1,1,1,1,1,1,1
1,1,1,1,1,1,1,1,1,1
1,1,1,1,1,1,1,1,1,1
1,1,1,1,1,1,1,1,1,1
1,1,1,1,1,1,1,1,1,1
1,1,1,1,1,1,1,1,1,1
1,1,1,1,1,1,1,1,1,1
1,1,1,1,1,1,1,1,1,1
1,1,1,1,1,1,1,1,1,1
1,1,1,1,1,1,1,1,1,1
1,1,1,1,1,1,1,1,1,1
1,1,1,1,1,1,1,1,1,1
1,1,1,1,1,1,1,1,1,1
1,1,1,1,1,1,1,1,1,1
1,1,1,1,1,1,1,1,1,1
1,1,1,1,1,1,1,1,1,1
1,1,1,1,1,1,1,1,1,1
1,1,1,1,1,1,1,1,1,1
1,1,1,1,1,1,1,1,1,1
1,1,1,1,1,1,1,1,1,1
1,1,1,1,1,1,1,1,1,1
1,1,1,1,1,1,1,1,1,1
1,1,1,1,1,1,1,1,1,1
1,1,1,1,1,1,1,1,1,1
1,1,1,1,1,1,1,1,1,1
1,1,1,1,1,1,1,1,1,1
1,1,1,1,1,1,1,1,1,1
1,1,1,1,1,1,1,1,1,1
1,1,1,1,1,1,1,1,1,1
1,1,1,1,1,1,1,1,1,1
1,1,1,1,1,1,1,1,1,1
1,1,1,1,1,1,1,1,1,1
1,1,1,1,1,1,1,1,1,1
1,1,1,1,1,1,1,1,1,1
1,1,1,1,1,1,1,1,1,1
1,1,1,1,1,1,1,1,1,1
1,1,1,1,1,1,1,1,1,1
1,1,1,1,1,1,1,1,1,1
1,1,1,1,1,1,1,1,1,1
1,1,1,1,1,1,1,1,1,1
1,1,1,1,1,1,1,1,1,1
1,1,1,1,1,1,1,1,1,1
1,1,1,1,1,1,1,1,1,1
1,1,1,1,1,1,1,1,1,1
1,1,1,1,1,1,1,1,1,1
1,1,1,1,1,1,1,1,1,1
1,1,1,1,1,1,1,1,1,1
1,1,1,1,1,1,1,1,1,1
1,1,1,1,1,1,1,1,1,1
1,1,1,1,1,1,1,1,1,1
1,1,1,1,1,1,1,1,1,1
1,1,1,1,1,1,1,1,1,1
1,1,1,1,1,1,1,1,1,1
1,1,1,1,1,1,1,1,1,1
1,1,1,1,1,1,1,1,1,1
1,1,1,1,1,1,1,1,1,1
1,1,1,1,1,1,1,1,1,1
1,1,1,1,1,1,1,1,1,1
1,1,0.99873,1,1,1,1,1,1,1
1,1,0.9876853,1,1,1,1,1,1,1
1,1,0.9765517,1,1,1,1,1,1,1
1,1,0.9653319,1,1,1,1,1,1,1
1,1,0.9540288,1,1,1,1,1,1,1
1,1,0.9426457,1,1,1,1,1,1,1
1,1,0.9311858,1,1,1,1,1,1,1
1,1,0.9196531,1,1,1,1,1,1,1
1,1,0.9080515,1,1,1,1,1,1,1
1,1,0.8963853,1,1,1,1,1,1,1
1,1,0.8876354,1,1,1,1,1,1,1
1,1,0.8917218,1,1,1,1,1,1,1
1,1,0.895735,1,1,1,1,1,1,1
1,1,0.8996752,1,1,1,1,1,1,1
1,1,0.9035438,1,1,1,1,1,1,1
1,1,0.9073343,1,1,1,1,1,1,1
1,1,0.9110478,1,1,1,1,1,1,1
1,1,0.9146857,1,1,1,1,1,1,1
1,1,0.9182493,1,1,1,1,1,1,1
1,1,0.9217401,1,1,1,1,1,1,1
1,1,0.9251515,1,1,1,1,1,1,1
1,1,0.9284853,1,1,1,1,1,1,1
1,1,0.9317431,1,1,1,1,1,1,1
1,1,0.9349265,1,1,1,1,1,1,1
1,1,0.9380294,1,1,1,1,1,1,1
1,1,0.9410614,1,1,1,1,1,1,1
1,0.9673755,0.9440162,1,1,1,1,1,1,1
1,0.9503315,0.9491838,1,1,1,1,1,1,1
1,0.9329093,0.955459,1,1,1,1,1,1,1
1,0.9151535,0.9628703,1,1,1,1,1,1,1
1,0.8971019,0.971458,1,1,1,1,1,1,1
1,0.8788018,0.9812581,1,1,1,1,1,1,1
1,0.8602931,0.9923093,1,1,1,1,1,1,2
1,0.8416238,1,1,1,1,1,1,1,2
1,0.8227742,1,1,1,1,1,1,1,2
1,0.8036759,1,1,1,1,1,1,1,2
1,0.7843729,1,1,1,1,1,1,1,2
1,0.7649143,1,1,1,1,1,1,1,2
1,0.7453464,1,1,1,1,1,1,1,2
1,0.7257151,1,1,1,1,1,1,1,2
1,0.7060706,1,1,1,1,1,1,1,2
1,0.686453,1,1,1,1,1,1,1,2
1,0.6669139,1,1,1,1,1,1,1,2
1,0.6474937,1,1,1,1,1,1,1,2
1,0.62823,1,1,1,1,1,1,1,2
1,0.6091619,1,1,1,1,1,1,1,2
1,0.5920054,1,1,1,1,1,1,1,2
1,0.6023975,1,1,1,1,1,1,1,2
1,0.6129962,1,1,1,1,1,1,1,2
1,0.6237822,1,1,1,1,1,1,1,2
1,0.6347404,1,1,1,1,1,1,1,2
1,0.6458551,1,1,1,1,1,1,1,2
0.836713,0.6571053,1,1,1,1,1,1,1,2
0.7932965,0.6740192,1,1,1,1,1,1,1,2
0.7511486,0.6929575,1,1,1,1,1,1,1,2
0.7105467,0.7140657,1,1,1,1,1,1,1,2
0.6716878,0.7374837,1,1,1,1,1,1,1,2
0.634704,0.7633635,1,1,1,1,1,1,1,2
0.5996591,0.7918569,1,1,1,1,1,1,1,2
0.5665712,1,1,1,1,1,1,1,1,2
0.5382434,1,1,1,1,1,1,1,1,2
0.527822,1,1,1,1,1,1,1,1,2
0.5388306,1,1,1,1,1,1,1,1,2
0.5501904,1,1,1,1,1,1,1,1,2
0.5618837,1,1,1,1,1,1,1,1,2
0.5738875,1,1,1,1,1,1,1,1,2
0.5861861,1,1,1,1,1,1,1,1,2
0.5987579,1,1,1,1,1,1,1,1,2
0.6115811,1,1,1,1,1,1,1,1,2
0.6246319,1,1,1,1,1,1,1,1,2
0.6378907,1,1,1,1,1,1,1,1,2
0.651332,1,1,1,1,1,1,1,1,2
0.6649301,1,1,1,1,1,1,1,1,2
0.6786584,1,1,1,1,1,1,1,1,2
0.6924939,1,1,1,1,1,1,1,1,2
0.7064134,1,1,1,1,1,1,1,1,2
1,1,1,1,1,1,1,1,1,1
1,1,1,1,1,1,1,1,1,1
1,1,1,1,1,1,1,1,1,1
1,1,1,1,1,1,1,1,1,1
1,1,1,1,1,1,1,1,1,1
1,1,1,1,1,1,1,1,1,1
1,1,1,1,1,1,1,1,1,1
1,1,1,1,1,1,1,1,1,1
1,1,1,1,1,1,1,1,1,1
1,1,1,1,1,1,1,1,1,1
1,1,1,1,1,1,1,1,1,1
1,1,1,1,1,1,1,1,1,1
1,1,1,1,1,1,1,1,1,1
1,1,1,1,1,1,1,1,1,1
1,1,1,1,1,1,1,1,1,1
1,1,1,1,1,1,1,1,1,1
1,1,1,1,1,1,1,1,1,1
1,1,1,1,1,1,1,1,1,1
1,1,1,1,1,1,1,1,1,1
1,1,1,1,1,1,1,1,1,1
1,1,1,1,1,1,1,1,1,1
1,1,1,1,1,1,1,1,0.99933,1
1,1,1,1,1,1,1,1,0.993854,1
1,1,1,1,1,1,1,1,0.9883134,1
1,1,1,1,1,1,1,1,0.982715,1
1,1,1,1,1,1,1,1,0.9770594,1
1,1,1,1,1,1,1,1,0.9713477,1
1,1,1,1,1,1,1,1,0.9655842,1
1,1,1,1,1,1,1,1,0.9597732,1
1,1,1,1,1,1,1,1,0.9539198,1
1,1,1,1,1,1,1,1,0.9480252,1
1,1,1,1,1,1,1,1,0.942095,1
1,1,1,1,1,1,1,1,0.9361311,1
1,1,1,1,1,1,1,1,0.9301421,1
1,1,1,1,1,1,1,1,0.9241307,1
1,1,1,1,1,1,1,1,0.9180994,1
1,1,1,1,1,1,1,1,0.9120575,1
1,1,1,1,1,1,1,1,0.9060079,1
1,1,1,1,1,1,1,1,0.899954,1
1,1,1,1,1,1,1,1,0.893905,0
1,1,1,1,1,1,1,1,0.8878648,0
1,1,1,1,1,1,1,1,0.8818401,0
1,1,1,1,1,1,1,1,0.8758374,0
1,1,1,1,1,1,1,1,0.8698641,0
1,1,1,1,1,1,1,1,0.9263498,1
1,1,1,1,1,1,1,1,0.9776394,1
1,1,1,1,1,1,1,1,1,1
1,1,1,1,1,1,1,1,1,1
1,1,1,1,1,1,1,1,1,1
1,1,1,1,1,1,1,1,1,1
1,1,1,1,1,1,1,1,1,1
1,1,1,1,1,1,1,1,1,1
1,1,1,1,1,1,1,1,1,1
1,1,1,1,1,1,1,1,1,1
1,1,1,1,1,1,1,1,1,1
1,1,1,1,1,1,1,1,1,1
1,1,1,1,1,1,1,1,1,1
1,1,1,1,1,1,1,1,1,1
1,1,1,1,1,1,1,1,1,1
1,1,1,1,1,1,1,1,1,1
1,1,1,1,1,1,1,1,1,1
1,1,1,1,1,1,1,1,1,1
1,1,1,1,1,1,1,1,1,1
1,0.9930421,1,1,1,1,1,1,1,1
1,0.9834697,1,1,1,1,1,1,1,1
1,0.9738388,1,1,1,1,1,1,1,1
1,0.9641545,1,1,1,1,1,1,1,1
1,0.9544152,1,1,1,1,1,1,1,1
1,0.9446294,1,1,1,1,1,1,1,1
1,0.934796,1,1,1,1,1,1,1,1
1,0.9249171,1,1,1,1,1,1,1,1
1,0.9149987,1,1,1,1,1,1,1,1
1,0.905043,1,1,1,1,1,1,1,1
1,0.8950562,1,1,1,1,1,1,1,1
1,0.8850377,1,1,1,1,1,1,1,1
1,0.8749936,1,1,1,1,1,1,1,1
1,0.8649269,1,1,1,1,1,1,1,1
1,0.8548405,1,1,1,1,1,1,1,1
1,0.8447407,1,1,1,1,1,1,1,1
1,0.8346273,1,1,1,1,1,1,1,1
1,0.8245066,1,1,1,1,1,1,1,1
1,0.8143819,1,1,1,1,1,1,1,1
1,0.8042592,1,1,1,1,1,1,1,1
1,0.7941419,1,1,1,1,1,1,1,1
1,0.7840296,1,1,1,1,1,1,1,1
1,0.7761551,1,1,1,0.9914284,1,1,1,1
1,0.7974247,1,1,1,0.9801487,1,1,1,1
0.998298,0.8176657,1,1,1,0.969646,1,1,1,1
0.9844351,0.8369482,1,1,1,0.9597899,1,1,1,1
0.9707754,0.8561133,1,1,1,0.9501211,1,1,1,1
0.9573054,0.8751495,1,1,1,0.940626,1,1,1,1
0.9440201,0.8940183,1,1,1,0.9313049,1,1,1,1
0.9309053,0.9127119,1,1,1,0.9221441,1,1,1,1
0.9179524,0.9312042,1,1,1,0.9131393,0.9574766,1,1,1
0.9064347,0.9454209,1,1,1,0.9058431,0.9414685,1,1,1
0.8954284,0.9578845,1,1,1,0.8991923,0.9246458,1,1,1
0.8849086,0.9685627,1,1,1,0.8931718,0.9070603,1,1,1
0.8748501,0.9774261,1,1,1,0.8877808,0.8887728,1,1,1
0.8652266,0.9844967,1,1,1,0.8830083,0.8698521,1,1,1
0.8560152,0.9898159,1,1,1,0.8788471,0.8503783,1,1,1
0.8471832,0.9934624,1,1,1,0.8752846,0.8304249,1,1,0
0.8387052,0.9955284,1,1,1,1,0.8100786,1,1,1
0.827689,1,1,1,1,1,0.7932309,1,1,1
0.8168719,1,1,1,1,1,0.7761241,1,1,1
0.8061967,1,1,1,1,1,0.7588365,1,1,1
0.7956652,1,1,1,1,1,0.7413881,1,1,1
0.7852662,1,1,1,1,1,0.7237853,1,1,1
0.7750002,1,1,1,1,1,0.7060519,1,1,1
0.7648584,1,1,1,1,1,0.6882027,1,1,1
0.7548307,1,1,1,1,1,0.6702538,1,1,1
0.7449153,1,1,1,1,1,0.6522323,1,1,1
0.7350998,1,1,1,1,1,0.6360132,1,1,1
0.7253228,1,1,1,1,1,0.632117,1,1,1
0.7152634,1,1,1,1,1,0.6281349,1,1,1
0.7049152,1,1,1,1,1,0.6240602,1,1,1
0.6942818,1,1,1,1,1,0.6198904,1,1,1
0.6833633,1,1,1,1,1,0.6156196,1,1,1
0.6721664,1,1,1,1,1,0.6112464,1,1,1
0.6606935,1,1,1,1,1,0.606762,1,1,1
0.6489539,1,1,1,1,1,0.6021659,1,1,1
0.636953,1,1,1,1,1,0.5974546,1,1,1
0.6246976,1,1,1,1,1,0.5926251,1,1,1
0.6122006,1,1,1,1,1,0.5876786,1,1,1
0.5994715,1,1,1,1,1,0.5826095,1,1,1
0.6017042,1,1,1,1,1,0.5774203,1,1,1
0.6068954,1,1,1,1,1,0.5723395,1,1,1
0.6118952,1,1,1,1,1,0.567408,1,1,1
0.6167107,1,1,1,1,1,0.5626155,1,1,1
0.6213452,1,1,1,1,1,0.5579565,1,1,1
0.625802,1,1,1,1,1,0.5534261,1,1,1
0.6300849,1,1,1,1,1,0.5490201,1,1,1
0.6342013,1,1,1,1,1,0.5447311,1,1,1
0.6381553,1,1,1,1,1,0.540556,1,1,1
0.6419544,1,1,1,1,1,0.5364882,1,1,1
0.6456022,1,1,1,1,1,0.5325259,1,1,1
0.6491024,1,1,1,1,1,0.5286673,1,1,1
0.6524624,1,1,1,1,1,0.5249072,0.5811543,1,0
0.6466858,1,1,1,1,1,1,0.5093691,1,0
0.647528,1,1,1,1,1,1,0.4651346,1,0
0.6474617,1,1,1,1,1,1,0.4208241,1,0
0.6465545,1,1,1,1,1,1,0.4039771,1,0
0.6453978,1,1,1,1,1,1,0.4018353,1,0
0.6442842,1,1,1,1,1,1,0.3998267,1,0
0.6432148,1,1,1,1,1,1,0.3979463,1,0
0.6421864,1,1,1,1,1,1,0.3961922,1,0
0.6411961,1,1,1,1,1,1,0.394563,1,0
0.6402443,1,1,1,1,1,1,0.3930535,1,0
0.6393279,1,1,1,1,1,1,0.3916626,1,0
0.6384469,1,1,1,1,1,1,0.3903853,1,0
0.637598,1,1,1,1,1,1,0.3892204,1,0
0.636778,1,1,1,1,1,1,0.3881666,1,0
0.6359865,1,1,1,1,1,1,0.3872194,1,0
0.635224,1,1,1,0.9939082,1,1,0.3863743,0.3474277,0
0.6305723,1,1,1,0.978947,1,1,0.3879445,0.3454031,0
0.6260673,1,1,1,0.9645118,1,1,1,0.3437317,0
0.6239327,1,1,1,0.9518814,1,1,1,0.3421542,0
0.621811,1,1,1,0.9394811,0.9847957,1,1,0.3407713,0
0.6196433,1,1,1,0.9272711,0.9694864,1,1,0.3395918,0
0.6174461,1,1,1,0.9152588,0.9544573,1,1,0.3386157,0
0.6152347,1,1,1,0.9034497,0.93972,1,1,0.3378423,0
0.6130189,1,1,1,0.891843,0.9252785,1,1,0.3372735,0
0.6108124,1,1,1,0.8939999,0.9111368,1,1,0.3369042,0
0.6086361,1,1,1,1,0.8973064,1,1,0.3367285,0
0.6065828,1,1,1,1,0.8838695,0.9833986,1,0.3367127,0
0.6044708,1,1,1,1,0.8706216,0.9647123,1,0.336903,0
0.6023008,1,1,1,1,0.8575681,0.9463592,1,0.3373096,0
0.6000925,1,1,1,1,0.8447207,0.9283656,1,1,2
0.6031651,1,1,1,1,0.8369786,0.923512,1,1,2
0.6064079,1,1,1,1,0.8292462,0.9185198,1,1,2
0.6098017,1,1,1,1,0.8215064,0.9133644,1,1,2
0.6133265,1,1,1,1,0.8137397,0.9080187,1,1,2
0.6169659,1,1,1,0.8777872,0.8059306,0.9024598,1,1,2
0.6205691,1,1,1,0.7867889,0.7979388,0.8963802,1,1,2
0.6241111,1,1,1,0.761306,0.7897528,0.8897728,1,1,2
0.6276299,1,1,1,0.7521046,0.7814136,0.8827544,1,1,2
0.6311194,1,1,1,0.7428765,0.772926,0.8753489,1,1,2
0.6345587,1,1,1,0.7336101,0.7642792,0.8675414,1,1,2
0.6379247,1,1,1,0.7242984,0.7554678,0.8593251,1,1,2
0.641202,1,1,1,0.714927,0.7464789,0.8506855,1,1,2
0.64437,1,1,1,0.7054926,0.7373115,0.8416231,1,1,2
0.6474129,1,1,1,0.6959873,0.7279605,0.8321352,1,1,1
1,1,1,1,0.6864082,0.7184264,0.8222266,1,1,0
1,1,1,1,0.6752435,0.705375,0.8045133,1,1,0
1,1,1,1,0.664135,0.6923918,0.7869274,1,1,0
1,1,1,1,0.6530957,0.6794983,0.7695107,1,1,0
1,1,1,1,0.6421333,0.6667107,0.7522961,1,1,0
1,1,1,1,0.6312569,0.654045,0.7353148,1,1,0
1,1,1,1,0.6503943,0.6415115,0.7185894,1,1,0
1,1,1,1,0.7244362,0.6291391,0.7021888,1,1,0
1,1,1,1,0.8193887,0.616959,0.6861885,1,1,0
1,1,1,1,0.9443997,0.6049641,0.6705751,1,1,0
1,1,1,1,1,0.5931405,0.6553269,1,1,0
1,1,1,1,1,0.5814479,0.640341,1,1,0
1,1,1,1,1,0.5698618,0.6255623,1,1,0
1,1,1,1,1,0.5583862,0.610999,1,1,0
1,1,1,1,1,0.547021,0.5966538,1,1,0
1,1,1,1,1,0.535768,0.5825306,1,1,0
1,1,1,1,1,0.5246249,0.5686283,1,1,0
1,1,1,1,1,0.5135917,0.5549476,1,1,0
1,1,1,1,1,0.5026646,0.5414845,1,1,0
1,1,1,1,1,0.4918392,0.5282337,1,1,0
1,1,1,1,1,0.5124065,0.5151924,0.7009353,1,0
1,1,1,1,1,0.6139171,0.5006028,0.6724586,1,0
1,1,1,1,1,0.7614642,0.4864799,0.6455497,1,0
1,1,1,1,1,1,0.4728069,0.620128,1,0
1,1,1,1,1,1,0.4595656,0.5961162,1,0
1,1,1,1,1,1,0.4466179,0.572988,1,0
1,1,1,1,1,1,0.4339734,0.5507554,1,0
1,1,1,1,1,1,0.4216305,0.5294091,1,0
1,1,1,1,1,1,0.40959,0.5089372,1,0
1,1,1,1,1,1,0.3978458,0.489316,1,0
1,1,1,1,1,1,0.396923,0.470511,1,0
1,1,1,1,1,1,0.4503919,0.4525189,1,0
1,1,1,1,1,1,0.5145346,0.4354074,1,0
1,1,1,1,1,1,0.5920665,0.4190913,1,0
1,1,1,1,1,1,0.6866873,0.4034936,0.6332,0
1,1,1,1,1,1,1,0.3871861,0.5961231,0
1,1,1,1,1,1,1,0.3715373,0.5616795,0
0.8957058,1,1,1,1,1,1,0.3565086,0.5296063,0
0.822035,1,1,1,1,1,1,0.3420673,0.4996801,0
0.7688059,1,1,1,1,1,1,0.3281772,0.4716956,0
0.7312549,1,1,1,1,1,1,0.3149054,0.4458295,0
0.7061093,1,1,1,1,1,1,0.3022737,0.4221116,0
0.6880237,1,1,1,1,1,1,0.3060053,0.4000533,0
0.6752065,1,1,1,1,1,1,0.3313549,0.3794712,0
0.6668043,1,1,1,1,1,1,0.3585349,0.3602474,0
0.6614434,1,1,1,1,1,1,0.3877131,0.3421647,0
0.6582936,1,1,1,1,1,1,0.419058,0.3250599,0
0.6568078,1,1,1,1,1,1,0.4527372,0.3088105,0
0.6566242,1,1,1,1,1,1,0.4889207,0.2933151,0
0.6574792,1,1,1,1,1,1,0.5277849,0.2784937,0
0.6591796,1,1,1,1,1,1,0.5695114,0.2642797,0
0.6616004,1,1,1,1,1,1,0.6143019,0.2557565,0
0.6648778,1,1,1,1,1,1,0.6620134,0.2680635,0
0.6698741,1,1,1,1,1,1,1,0.2804916,0
0.6816989,1,1,1,1,1,1,1,0.2918947,0
0.6929848,1,1,1,1,1,1,1,0.3035803,0
0.7038029,1,1,1,1,1,1,1,0.3155529,0
0.7142103,1,1,1,1,1,1,1,0.3278066,0
0.7242728,1,1,1,1,1,1,1,0.3403454,0
0.7340385,1,1,1,1,1,1,1,0.3531632,0
0.7435444,1,1,1,1,1,1,1,0.3662587,0
0.7528349,1,1,1,1,1,1,1,0.37963,0
0.7619435,1,1,1,1,1,1,1,0.3932701,0
0.7708984,1,1,1,1,1,1,1,0.4071771,0
0.7797161,1,1,1,1,1,1,1,0.4213485,0
0.7884338,1,1,1,1,1,1,1,0.4357764,0
0.7970616,1,1,1,1,1,1,1,0.4504634,0
0.8056161,1,1,1,1,1,1,1,0.465396,0
0.8141167,1,1,1,1,1,1,1,0.4805759,0
0.8225691,1,1,1,1,1,1,1,0.4959946,0
0.8309901,1,1,1,1,1,1,1,0.5116484,0
0.839388,1,1,1,1,1,1,1,0.5275279,0
0.8477764,1,1,1,1,1,1,1,0.5436292,0
0.8561547,1,1,1,1,1,1,1,0.5599485,0
0.8645346,1,1,1,1,1,1,1,1,2
1,1,1,1,1,1,1,1,1,1
1,1,1,1,1,1,1,1,1,1
1,1,1,1,1,1,1,1,1,1
1,1,1,1,1,1,1,1,1,1
1,1,1,1,1,1,1,1,1,1
1,1,1,1,1,1,1,1,1,1
1,1,1,1,1,1,1,1,1,1
1,1,1,1,1,1,1,1,1,1
1,1,1,1,1,1,1,1,1,1
1,1,1,1,1,1,1,1,1,1
1,1,1,1,1,1,1,1,1,1
1,1,1,1,1,1,1,1,1,1
1,1,1,1,1,1,1,1,1,1
1,1,1,1,1,1,1,1,1,1
1,1,1,1,1,1,1,1,1,1
1,1,1,1,1,1,1,1,1,1
1,1,1,1,1,1,1,1,1,1
1,1,1,1,1,1,1,1,1,1
1,1,1,1,1,1,1,1,1,1
1,1,1,1,1,1,1,1,1,1
1,1,1,1,1,1,1,1,1,1
1,1,1,1,1,1,1,1,1,1
1,1,1,1,1,1,1,1,1,1
1,1,1,1,1,1,1,1,1,1
1,1,1,1,1,1,1,1,1,1
1,1,1,1,1,1,1,1,1,1
1,1,1,1,1,1,1,1,1,1
1,1,1,1,1,1,1,1,1,1
1,1,1,1,1,1,1,1,1,1
1,1,1,1,1,1,1,1,1,1
1,1,1,1,1,1,1,1,1,1
1,1,1,1,1,1,1,1,1,1
1,1,1,1,1,1,1,1,1,1
1,1,1,1,1,1,1,1,1,1
1,1,1,1,1,1,1,1,1,1
1,1,1,1,1,1,1,1,1,1
1,1,1,1,1,1,1,1,1,1
1,1,1,1,1,1,1,1,1,1
1,1,1,1,1,1,1,1,1,1
1,1,1,1,1,1,1,1,1,1
1,1,1,1,1,1,1,1,1,1
1,1,1,1,1,1,1,1,1,1
1,1,1,1,1,1,1,1,1,1
1,1,1,1,1,1,1,1,1,1
1,1,1,1,1,1,1,1,1,1
1,1,1,1,1,1,1,1,1,1
1,1,1,1,1,1,1,1,1,1
1,1,1,1,1,1,1,1,1,1
1,1,1,1,1,1,1,1,1,1
1,1,1,1,1,1,1,1,1,1
1,1,1,1,1,1,1,1,1,1
1,1,1,1,1,1,1,1,1,1
1,1,1,1,1,1,1,1,1,1
1,1,1,1,1,1,1,1,1,1
1,1,1,1,1,1,1,1,1,1
1,1,1,1,1,1,1,1,1,1
1,1,1,1,1,1,1,1,1,1
1,1,1,1,1,1,1,1,1,1
1,1,1,1,1,1,1,1,1,1
1,1,1,1,1,1,1,1,1,1
1,1,1,1,1,1,1,1,1,1
1,1,1,1,1,1,1,1,1,1
1,1,1,1,1,1,1,1,1,1
1,1,1,1,1,1,1,1,1,1
1,1,1,1,1,1,1,1,1,1
1,1,1,1,1,1,1,1,1,1
1,1,1,1,1,1,1,1,1,1
1,1,1,1,1,1,1,1,1,1
1,1,1,1,1,1,1,1,1,1
1,1,1,1,1,1,1,1,1,1
1,1,1,1,1,1,1,1,1,1
1,1,1,1,1,1,1,1,1,1
1,1,1,1,1,1,1,1,1,1
1,1,1,1,1,1,1,1,1,1
1,1,1,1,1,1,1,1,1,1
1,1,1,1,1,1,1,1,1,1
1,1,1,1,1,1,1,1,1,1
1,1,1,1,1,1,1,1,1,1
1,1,1,1,1,1,1,1,1,1
1,1,1,1,1,1,1,1,1,1
1,1,1,1,1,1,1,1,1,1
1,1,1,1,1,1,1,1,1,1
1,1,1,1,1,1,1,1,1,1
1,1,1,1,1,1,1,1,1,1
1,1,1,1,1,1,1,1,1,1
1,1,1,1,1,1,1,1,1,1
1,1,1,1,1,1,1,1,1,1
1,1,1,1,1,1,1,1,1,1
1,1,1,1,1,1,1,1,1,1
1,1,1,1,1,1,1,1,1,1
1,1,1,1,1,1,1,1,1,1
1,1,1,1,1,1,1,1,1,1
1,1,1,1,1,1,1,1,1,1
1,1,1,1,1,1,1,1,1,1
1,1,1,1,1,1,1,1,1,1
1,1,1,1,1,1,1,1,1,1
1,1,1,1,1,1,1,1,1,1
1,1,1,1,1,1,1,1,1,1
1,1,1,1,1,1,1,1,1,1
1,1,1,1,1,1,1,1,1,1
1,1,1,1,1,1,1,1,1,1
1,1,1,1,1,1,1,1,1,1
1,1,1,1,1,1,1,1,1,1
1,1,1,1,1,1,1,1,1,1
1,1,1,1,1,1,1,1,1,1
1,1,1,1,1,1,1,1,1,1
1,1,1,1,1,1,1,1,1,1
1,1,1,1,1,1,1,1,1,1
1,1,1,1,1,1,1,1,1,1
1,1,1,1,1,1,1,1,1,1
1,1,1,1,1,1,1,1,1,1
1,1,1,1,1,1,1,1,1,1
1,1,1,1,1,1,1,1,1,1
1,1,1,1,1,1,1,1,1,1
1,1,1,1,1,1,1,1,1,1
1,1,1,1,1,1,1,1,1,1
1,1,1,1,1,1,1,1,1,1
1,1,1,1,1,1,1,1,1,1
1,1,1,1,1,1,1,1,1,1
1,1,1,1,1,1,1,1,1,1
1,1,1,1,1,1,1,1,1,1
1,1,1,1,1,1,1,1,1,1
1,1,1,1,1,1,1,1,1,1
1,1,1,1,1,1,1,1,1,1
1,1,1,1,1,1,1,1,1,1
1,1,1,1,1,1,1,1,1,1
1,1,1,1,1,1,1,1,1,1
1,1,1,1,1,1,1,1,1,1
1,1,1,1,1,1,1,1,1,1
1,1,1,1,1,1,1,1,1,1
1,1,1,1,1,1,1,1,1,1
1,1,1,1,1,1,1,1,1,1
1,1,1,1,1,1,1,1,1,1
1,1,1,1,1,1,1,1,1,1
1,1,1,1,1,1,1,1,1,1
1,1,1,1,1,1,1,1,1,1
1,1,1,1,1,1,1,1,1,1
1,1,1,1,1,1,1,1,1,1
1,1,1,1,1,1,1,1,1,1
1,1,1,1,1,1,1,1,1,1
1,1,1,1,1,1,1,1,1,1
1,1,1,1,1,1,1,1,1,1
1,1,1,1,1,1,1,1,1,1
1,1,1,1,1,1,1,1,1,1
1,1,1,1,1,1,1,1,1,1
1,1,1,1,1,1,1,1,1,1
1,1,1,1,1,1,1,1,1,1
1,1,1,1,1,1,1,1,1,1
1,1,1,1,1,1,1,1,1,1
1,1,1,1,1,1,1,1,1,1
1,1,1,1,1,1,1,1,1,1
1,1,1,1,1,1,1,0.9498476,1,1
1,1,1,1,1,1,1,0.9325022,1,1
1,1,1,1,1,1,1,0.9146259,1,1
1,1,1,1,1,1,1,0.8962461,1,1
1,1,1,1,1,1,1,0.8773953,1,1
1,1,1,1,1,1,1,0.8581161,1,0
1,1,1,1,1,1,1,0.8384467,1,0
1,1,1,1,1,1,1,0.8184339,1,0
1,1,1,1,1,1,1,0.7981334,1,0
1,1,1,1,1,1,1,0.7775936,1,0
1,1,1,1,1,1,1,0.756875,1,0
1,1,1,1,1,1,1,0.743975,1,0
1,1,1,1,1,1,1,0.7502571,1,0
1,1,1,1,1,1,1,0.756605,1,0
1,1,1,1,1,1,1,0.7630091,1,0
1,1,1,1,1,1,1,0.7694605,1,0
1,1,1,1,1,1,1,0.7759539,1,0
1,1,1,1,1,1,1,0.7824758,1,0
1,1,1,1,1,1,1,0.7890216,1,0
1,1,1,1,1,1,1,0.7955816,1,0
1,1,1,1,1,1,1,0.8021518,1,0
1,1,1,1,1,1,1,0.8087183,1,0
1,0.9995796,1,1,1,1,1,1,1,1
1,0.9813126,1,1,1,1,1,1,1,1
1,0.9620934,1,1,1,1,1,1,1,1
1,0.9419305,1,1,1,1,1,1,1,1
1,0.9208496,1,1,1,1,1,1,1,1
1,0.9044846,1,1,1,1,1,1,1,1
1,0.9051322,1,1,1,1,1,1,1,1
1,0.9058151,1,1,1,1,1,1,1,1
1,0.9065325,1,1,1,1,1,1,1,1
1,0.9072798,1,1,1,1,1,1,1,1
1,0.9080604,1,1,1,1,1,1,1,1
1,0.9088694,1,1,1,1,1,1,0.8032851,0
1,0.9048159,1,1,1,1,1,1,0.7655914,0
1,0.8999421,1,1,1,1,1,1,0.7263507,0
1,0.8942628,1,1,1,1,1,1,0.6860174,0
1,0.8878201,1,1,1,1,1,1,0.6450695,0
1,0.8806685,1,1,1,1,1,1,0.6212629,0
1,0.8732501,1,1,1,1,1,1,0.6255552,0
1,0.8661807,1,1,1,1,1,1,0.6299164,0
1,0.8594302,1,1,1,1,1,1,0.6343356,0
1,0.8529783,1,1,1,1,1,1,0.6387956,0
1,0.8467964,1,1,1,1,1,1,0.6432897,0
1,0.8408691,1,1,1,1,1,1,0.6478018,0
1,0.8351763,1,1,1,1,1,1,0.6523224,0
1,0.8296992,1,1,1,1,1,1,0.6568431,0
1,0.8244246,1,1,1,1,1,1,0.6613519,0
1,0.8193377,1,1,1,1,1,1,0.6658412,0
1,0.814428,1,1,1,1,1,1,0.6703001,0
1,0.8096834,1,1,1,1,1,1,1,2
1,0.8102055,1,1,1,1,1,1,1,2
1,0.8108288,1,1,1,1,1,1,1,2
1,0.8115556,1,1,1,1,1,1,1,2
1,0.8123808,1,1,1,1,1,1,1,2
1,0.813303,1,1,1,1,1,1,1,2
1,0.8143207,1,1,1,1,1,1,1,2
1,0.8154324,1,1,1,1,1,1,1,2
1,0.8166363,1,1,1,1,1,1,1,2
1,0.8179272,1,1,1,1,1,1,1,2
1,0.8193038,1,1,1,1,1,1,1,2
1,0.8207642,1,1,1,1,1,1,1,2
1,0.8223068,1,1,1,1,1,1,1,2
1,0.8239297,1,1,1,1,1,1,1,2
0.9965609,0.8256278,1,1,1,1,1,1,1,2
0.8776249,0.8274792,1,1,1,1,1,1,1,2
0.7439848,0.8321549,1,1,1,1,1,1,1,2
0.7028101,0.8402407,1,1,1,1,1,1,1,2
0.7041839,0.8497604,1,1,1,1,1,1,1,2
0.7058957,1,1,1,1,1,1,1,1,2
0.7071522,1,1,1,1,1,1,1,1,2
0.7086276,1,1,1,1,1,1,1,1,2
0.7103202,1,1,1,1,1,1,1,1,2
0.7122277,1,1,1,1,1,1,1,1,2
0.714345,1,1,1,1,1,1,1,1,2
0.7166696,1,1,1,1,1,1,1,1,2
0.7191959,1,1,1,1,1,1,1,1,2
0.7219211,1,1,1,1,1,1,1,1,2
0.7248424,1,1,1,1,1,1,1,1,2
0.7279535,1,1,1,1,1,1,1,1,2
0.7312479,1,1,1,1,1,1,1,1,2
0.7347223,1,1,1,1,1,1,1,1,2
0.7383698,1,1,1,1,1,1,1,1,2
0.7421867,1,1,1,1,1,1,1,1,2
0.746166,1,1,1,1,1,1,1,1,2
0.7503003,1,1,1,1,1,1,1,1,2
0.7545856,1,1,1,1,1,1,1,1,2
0.7590143,1,1,1,1,1,1,1,1,2
0.7635788,1,1,1,1,1,1,1,1,2
1,1,1,1,1,1,1,1,1,1
1,1,1,1,1,1,1,1,1,1
1,1,1,1,1,1,1,1,1,1
1,1,1,1,1,1,1,1,1,1
1,1,1,1,1,1,1,1,1,1
1,1,1,1,1,1,1,1,1,1
1,1,1,1,1,1,1,1,1,1
1,1,1,1,1,1,1,1,1,1
1,1,1,1,1,1,1,1,1,1
1,1,1,1,1,1,1,1,1,1
1,1,1,1,1,1,1,1,1,1
1,1,1,1,1,1,1,1,1,1
1,1,1,1,1,1,1,1,1,1
1,1,1,1,1,1,1,1,1,1
1,1,1,1,1,1,1,1,1,1
1,1,1,1,1,1,1,1,1,1
1,1,1,1,1,1,1,1,1,1
1,1,1,1,1,1,1,1,1,1
1,1,1,1,1,1,1,1,1,1
1,1,1,1,1,1,1,1,1,1
1,1,1,1,1,1,1,1,1,1
1,1,1,1,1,1,1,1,1,1
1,1,1,1,1,1,1,1,1,1
1,1,1,1,1,1,1,1,1,1
1,1,1,1,1,1,1,1,1,1
1,1,1,1,1,1,1,1,1,1
1,1,1,1,1,1,1,1,1,1
1,1,1,1,1,1,1,1,1,1
1,1,1,1,1,1,1,1,1,1
1,1,1,1,1,1,1,1,1,1
1,1,1,1,1,1,1,1,1,1
1,1,1,1,1,1,1,1,1,1
1,1,1,1,1,1,1,1,1,1
1,1,1,1,1,1,1,1,1,1
1,1,1,1,1,1,1,1,1,1
1,1,1,1,1,1,1,1,1,1
1,1,1,1,1,1,1,1,1,1
1,1,1,1,1,1,1,1,1,1
1,1,1,1,1,1,1,1,1,1
1,1,1,1,1,1,1,1,1,1
1,1,1,1,1,1,1,1,1,1
1,1,1,1,1,1,1,1,1,1
1,1,1,1,1,1,1,1,1,1
1,1,1,1,1,1,1,1,1,1
1,1,1,1,1,1,1,1,1,1
1,1,1,1,1,1,1,1,1,1
1,1,1,1,1,1,1,1,1,1
1,1,1,1,1,1,1,1,1,1
1,1,1,1,1,1,1,1,1,1
1,1,1,1,1,1,1,1,1,1
1,1,1,1,1,1,1,1,1,1
1,1,1,1,1,1,1,1,1,1
1,1,1,1,1,1,1,1,1,1
1,1,1,1,1,1,1,1,1,1
1,1,1,1,1,1,1,1,1,1
1,1,1,1,1,1,1,1,1,1
1,1,1,1,1,1,1,1,1,1
1,1,1,1,1,1,1,1,1,1
1,1,1,1,1,1,1,1,1,1
1,1,1,1,1,1,1,1,1,1
1,1,1,1,1,1,1,1,1,1
1,1,1,1,1,1,1,1,1,1
1,1,1,1,1,1,1,1,1,1
1,1,1,1,1,1,1,1,1,1
1,1,1,1,1,1,1,1,1,1
1,1,1,1,1,1,1,1,1,1
1,1,1,1,1,1,1,1,1,1
1,1,1,1,1,1,1,1,1,1
1,1,1,1,1,1,1,1,1,1
1,1,1,1,1,1,1,1,1,1
1,1,1,1,1,1,1,1,1,1
1,1,1,1,1,1,1,1,1,1
1,1,1,1,1,1,1,1,1,1
1,1,1,1,1,1,1,1,1,1
1,1,1,1,1,1,1,1,1,1
1,1,1,1,1,1,1,1,1,1
1,1,1,1,1,1,1,1,1,1
1,1,1,1,1,1,1,1,1,1
1,1,1,1,1,1,1,1,1,1
1,1,1,1,1,1,1,1,1,1
1,1,1,1,1,1,1,1,1,1
1,1,1,1,1,1,1,1,1,1
1,1,1,1,1,1,1,1,1,1
1,1,1,1,1,1,1,1,1,1
1,1,1,1,1,1,1,1,1,1
1,1,1,1,1,1,1,1,1,1
1,1,1,1,1,1,1,1,1,1
1,1,1,1,1,1,1,1,1,1
1,1,1,1,1,1,1,1,1,1
1,1,1,1,1,1,1,1,1,1
1,1,1,1,1,1,1,1,1,1
1,1,1,1,1,1,1,1,1,1
1,1,1,1,1,1,1,1,1,1
1,1,1,1,1,1,1,1,1,1
1,1,1,1,1,1,1,1,1,1
1,1,1,1,1,1,1,1,1,1
1,1,1,1,1,1,1,1,1,1
1,1,1,1,1,1,1,1,1,1
1,1,1,1,1,1,1,1,1,1
1,1,1,1,1,1,1,1,1,1
1,1,1,1,1,1,1,1,1,1
1,1,1,1,1,1,1,1,1,1
1,1,1,1,1,1,1,1,1,1
1,1,1,1,1,1,1,1,1,1
1,1,1,1,1,1,1,1,1,1
1,1,1,1,1,1,1,1,1,1
1,1,1,1,1,1,1,1,1,1
1,1,1,1,1,1,1,1,1,1
1,1,1,1,1,1,1,1,1,1
1,1,1,1,1,1,1,1,1,1
1,1,1,1,1,1,1,1,1,1
1,1,1,1,1,1,1,1,1,1
1,1,1,1,1,1,1,1,1,1
1,1,1,1,1,1,1,1,1,1
1,1,1,1,1,1,1,1,1,1
1,1,1,1,1,1,1,1,1,1
1,1,1,1,1,1,1,1,1,1
1,1,1,1,1,1,1,1,1,1
1,1,1,1,1,1,1,1,1,1
1,1,1,1,1,1,1,1,1,1
1,1,1,1,1,1,1,1,1,1
1,1,1,1,1,1,1,1,1,1
1,1,1,1,1,1,1,1,1,1
1,1,1,1,1,1,1,1,1,1
1,1,1,1,1,1,1,1,1,1
1,1,1,1,1,1,1,1,1,1
1,1,1,1,1,1,1,1,1,1
1,1,1,1,1,1,1,1,1,1
1,1,1,1,1,1,1,1,1,1
1,1,1,1,1,1,1,1,1,1
1,1,1,1,1,1,1,1,1,1
1,1,1,1,1,1,1,1,1,1
1,1,1,1,1,1,1,1,1,1
1,1,1,1,1,1,1,1,1,1
1,1,1,1,1,1,1,1,1,1
1,1,1,1,1,1,1,1,1,1
1,1,1,1,1,1,1,1,1,1
1,1,1,1,1,1,1,1,1,1
1,1,1,1,1,1,1,1,1,1
1,1,1,1,1,1,1,1,1,1
1,1,1,1,1,1,1,1,1,1
1,1,1,1,1,1,1,1,1,1
1,1,1,1,1,1,1,1,1,1
1,1,1,1,1,1,1,1,1,1
1,1,1,1,1,1,1,1,1,1
1,1,1,1,1,1,1,1,1,1
1,1,1,1,1,1,1,1,1,1
1,1,1,1,1,1,1,1,1,1
1,1,1,1,1,1,1,1,1,1
1,1,1,1,1,1,1,1,1,1
1,1,1,1,1,1,1,1,1,1
1,1,1,1,1,1,1,1,1,1
1,1,1,1,1,1,1,1,1,1
1,1,1,1,1,1,1,1,1,1
1,1,1,1,1,1,1,1,1,1
1,1,1,1,1,1,1,1,1,1
1,1,1,1,1,1,1,1,1,1
1,1,1,1,1,1,1,1,1,1
1,1,1,1,1,1,1,1,1,1
1,1,1,1,1,1,1,1,1,1
1,1,1,1,1,1,1,1,1,1
1,1,1,1,1,1,1,1,1,1
1,1,1,1,1,1,1,1,1,1
1,1,1,1,1,1,1,1,1,1
1,1,1,1,1,1,1,1,1,1
1,1,1,1,1,1,1,1,1,1
1,1,1,1,1,1,1,1,1,1
1,1,1,1,1,1,1,1,1,1
1,1,1,1,1,1,1,1,1,1
1,1,1,1,1,1,1,1,1,1
1,1,1,1,1,1,1,1,1,1
1,1,1,1,1,1,1,1,1,1
1,1,1,1,1,1,1,1,1,1
1,1,1,1,1,1,1,1,1,1
1,1,1,1,1,1,1,1,1,1
1,1,1,1,1,1,1,1,1,1
1,1,1,1,1,1,1,1,1,1
1,1,1,1,1,1,1,1,1,1
1,1,1,1,1,1,1,1,1,1
1,1,1,1,1,1,1,1,1,1
1,1,1,1,1,1,1,1,1,1
1,1,1,1,1,1,1,1,1,1
1,1,1,1,1,1,1,1,1,1
1,1,1,1,1,1,1,1,1,1
1,1,1,1,1,1,1,1,1,1
0.990934,1,1,1,1,1,1,1,1,1
0.9656566,1,1,1,1,1,1,1,1,1
0.9383596,1,1,1,1,1,1,1,1,1
0.909102,1,1,1,1,1,1,1,1,1
0.9083341,1,1,1,1,1,1,1,1,1
0.9115645,1,1,1,1,1,1,1,1,1
0.9147994,1,1,1,1,1,1,1,1,1
0.9180372,1,1,1,1,1,1,1,1,1
0.9212732,1,1,1,1,1,1,1,1,1
0.9245027,1,1,1,1,1,1,1,1,1
0.9277279,1,1,1,1,1,1,1,1,1
0.9309405,1,1,1,1,1,1,1,1,1
0.9341429,1,1,1,1,1,1,1,1,1
1,1,1,1,1,1,1,1,1,1
1,1,1,1,1,1,1,1,1,1
1,1,1,1,1,1,1,1,1,1
1,1,1,1,1,1,1,1,1,1
1,1,1,1,1,1,1,1,1,1
1,1,1,1,1,1,1,1,1,1
1,1,1,1,1,1,1,1,1,1
1,1,1,1,1,1,1,1,1,1
1,1,1,1,1,1,1,1,1,1
1,1,1,1,1,1,1,1,1,1
1,1,1,1,1,1,1,1,1,1
1,1,1,1,1,1,1,1,1,1
1,1,1,1,1,1,1,1,1,1
1,1,1,1,1,1,1,1,1,1
1,1,1,1,1,1,1,1,1,1
1,1,1,1,1,1,1,1,1,1
1,1,1,1,1,1,1,1,1,1
1,1,1,1,1,1,1,1,1,1
1,1,1,1,1,1,1,1,1,1
1,1,1,1,1,1,1,1,1,1
1,1,1,1,1,1,1,1,1,1
1,1,1,1,1,1,1,1,1,1
1,1,1,1,1,1,1,1,1,1
1,1,1,1,1,1,1,1,1,1
1,1,1,1,1,1,1,1,1,1
1,1,1,1,1,1,1,1,1,1
1,1,1,1,1,1,1,1,1,1
1,1,1,1,1,1,1,1,1,1
1,1,1,1,1,1,1,1,1,1
1,1,1,1,1,1,1,1,1,1
1,1,1,1,1,1,1,1,1,1
1,1,1,1,1,1,1,1,1,1
1,1,1,1,1,1,1,1,1,1
1,1,1,1,1,1,1,1,1,1
1,1,1,1,1,1,1,1,1,1
1,1,1,1,1,1,1,1,1,1
1,1,1,1,1,1,1,1,1,1
1,1,1,1,1,1,1,1,1,1
1,1,1,1,1,1,1,1,1,1
1,1,1,1,1,1,1,1,1,1
1,1,1,1,1,1,1,1,1,1
1,1,1,1,1,1,1,1,1,1
1,1,1,1,1,1,1,1,1,1
1,1,1,1,1,1,1,1,1,1
1,1,1,1,1,1,1,1,1,1
1,1,1,1,1,1,1,1,1,1
1,1,1,1,1,1,1,1,1,1
1,1,1,1,1,1,1,1,1,1
1,1,1,1,1,1,1,1,1,1
1,1,1,1,1,1,1,1,1,1
1,1,1,1,1,1,1,1,1,1
1,1,1,1,1,1,1,1,1,1
1,1,1,1,1,1,1,1,1,1
1,1,1,1,1,1,1,1,1,1
1,1,1,1,1,1,1,1,1,1
1,1,1,1,1,1,1,1,1,1
1,1,1,1,1,1,1,1,1,1
1,1,1,1,1,1,1,1,1,1
1,1,1,1,1,1,1,1,1,1
1,1,1,1,1,1,1,1,1,1
1,1,1,1,1,1,1,1,1,1
1,1,1,1,1,1,1,1,1,1
1,1,1,1,1,1,1,1,1,1
1,1,1,1,1,1,1,1,1,1
1,1,1,1,1,1,1,1,1,1
1,1,1,1,1,1,1,1,1,1
1,1,1,1,1,1,1,1,1,1
1,1,1,1,1,1,1,1,1,1
1,1,1,1,1,1,1,1,1,1
1,1,1,1,1,1,1,1,1,1
1,1,1,1,1,1,1,1,1,1
1,1,1,1,1,1,1,1,1,1
1,1,1,1,1,1,1,1,1,1
1,1,1,1,1,1,1,1,1,1
1,1,1,1,1,1,1,1,1,1
1,1,1,1,1,1,1,1,1,1
1,1,1,1,1,1,1,1,1,1
1,1,1,1,1,1,1,1,1,1
1,1,1,1,1,1,1,1,1,1
1,1,1,1,1,1,1,1,1,1
1,1,1,1,1,1,1,1,1,1
1,1,1,1,1,1,1,1,1,1
1,1,1,1,1,1,1,1,1,1
1,1,1,1,1,1,1,1,1,1
1,1,1,1,1,1,1,1,1,1
1,1,1,1,1,1,1,1,1,1
1,1,1,1,1,1,1,1,1,1
1,1,1,1,1,1,1,1,1,1
1,1,1,1,1,1,1,1,1,1
1,1,1,1,1,1,1,1,1,1
1,1,1,1,1,1,1,1,1,1
1,1,1,1,1,1,1,1,1,1
1,1,1,1,1,1,1,1,1,1
1,1,1,1,1,1,1,1,1,1
1,1,1,1,1,1,1,1,1,1
1,1,1,1,1,1,1,1,1,1
1,1,1,1,1,1,1,1,1,1
1,1,1,1,1,1,1,1,1,1
1,1,1,1,1,1,1,1,1,1
1,1,1,1,1,1,1,1,1,1
1,1,1,1,1,1,1,1,1,1
1,1,1,1,1,1,1,1,1,1
1,1,1,1,1,1,1,1,1,1
1,1,1,1,1,1,1,1,1,1
1,1,1,1,1,1,1,1,1,1
1,1,1,1,1,1,1,1,1,1
1,1,1,1,1,1,1,1,1,1
1,1,1,1,1,1,1,1,1,1
1,1,1,1,1,1,1,1,1,1
1,1,1,1,1,1,1,1,1,1
1,1,1,1,1,1,1,1,1,1
1,1,1,1,1,1,1,1,1,1
1,1,1,1,1,1,1,1,1,1
1,1,1,1,1,1,1,1,1,1
1,1,1,1,1,1,1,1,1,1
1,1,1,1,1,1,1,1,1,1
1,1,1,1,1,1,1,1,1,1
1,1,1,1,1,1,1,1,1,1
1,1,1,1,1,1,1,1,1,1
1,1,1,1,1,1,1,1,1,1
1,1,1,1,1,1,1,1,1,1
1,1,1,1,1,1,1,1,1,1
1,1,1,1,1,1,1,1,1,1
1,1,1,1,1,1,1,1,1,1
1,1,1,1,1,1,1,1,1,1
1,1,1,1,1,1,1,1,1,1
1,1,1,1,1,1,1,1,1,1
1,1,1,1,1,1,1,1,1,1
1,1,1,1,1,1,1,1,1,1
1,1,1,1,1,1,1,1,1,1
1,1,1,1,1,1,1,1,1,1
1,1,1,1,1,1,1,1,1,1
1,1,1,1,1,1,1,1,1,1
1,1,1,1,1,1,1,1,1,1
1,1,1,1,1,1,1,1,1,1
1,1,1,1,1,1,1,1,1,1
1,1,1,1,1,1,1,1,1,1
1,1,1,1,1,1,1,1,1,1
1,1,1,1,1,1,1,1,1,1
1,1,1,1,1,1,0.9997026,1,1,1
1,1,1,1,1,1,0.9886658,1,1,1
1,1,1,1,1,1,0.9775399,1,1,1
1,1,1,1,1,1,0.9663275,1,1,1
1,1,1,1,1,1,0.9550317,1,1,1
1,1,1,1,1,1,0.9436554,1,1,1
1,1,1,1,1,1,0.9322022,1,1,1
1,1,1,1,1,1,0.9206756,1,1,1
1,1,1,1,1,1,0.9090799,1,1,1
1,1,1,1,1,1,0.8974193,1,1,1
1,1,1,1,1,1,0.885698,1,1,1
1,1,1,1,1,1,0.8739206,1,1,1
1,1,1,1,1,1,0.8620923,1,1,1
1,1,1,1,1,1,0.8502212,1,1,1
1,1,1,1,1,1,0.8383088,1,1,1
1,1,1,1,1,1,0.8263606,1,1,1
1,1,1,1,1,1,0.8282999,1,1,1
1,1,1,1,1,1,0.8344636,1,1,1
1,1,1,1,1,1,0.840548,1,1,1
1,1,1,1,1,1,0.846553,1,1,1
1,1,1,1,1,1,0.8524699,1,1,1
1,1,1,1,1,1,0.8582982,1,1,1
1,1,1,1,1,1,0.864038,1,1,1
1,1,1,1,1,1,0.8696811,1,1,1
1,1,1,1,1,1,0.8752277,1,1,1
1,1,1,1,1,1,0.8806697,1,1,1
1,1,1,1,1,1,0.8860162,1,1,1
1,1,1,1,1,1,0.8912513,0.9358186,1,1
1,1,1,1,1,1,0.900822,0.9174811,1,1
1,1,1,1,1,1,0.9115782,0.8989329,1,0
1,1,1,1,1,1,0.9235647,0.8802136,1,0
1,1,1,1,1,1,0.9368393,0.8613706,1,0
1,1,1,1,1,1,0.9514545,0.8424504,1,0
1,1,1,1,1,1,0.9674672,0.82349,1,0
1,1,1,1,1,1,0.9849378,0.8045285,1,0
1,1,1,1,1,1,1,0.7856068,1,0
1,1,1,1,1,1,1,0.7667175,1,0
1,1,1,1,1,1,1,0.7477275,1,0
1,1,1,1,1,1,1,0.7286832,1,0
1,1,1,1,1,1,1,0.7096256,1,0
1,1,1,1,1,1,1,0.6905949,1,0
1,1,1,1,1,1,1,0.6716344,1,0
1,1,1,1,1,1,1,0.6527805,1,0
1,1,1,1,1,1,1,0.6340719,1,0
1,1,1,1,1,1,1,0.6155401,1,0
1,1,1,1,1,1,1,0.597218,1,0
1,1,1,1,1,1,1,0.579131,1,0
1,1,1,1,1,1,1,0.5730385,1,0
1,1,1,1,1,1,1,0.5845089,1,0
1,1,1,1,1,1,1,0.5962037,1,0
1,1,1,1,1,1,1,0.608107,1,0
1,1,1,1,1,1,1,0.6202018,0.8316849,0
1,1,1,1,1,1,1,0.6380463,0.7890121,0
1,1,1,1,1,1,1,0.6579575,0.7477978,0
1,1,1,1,1,1,1,0.6800891,0.7082671,0
1,1,1,1,1,1,1,0.7045856,0.6705674,0
1,1,1,1,1,1,1,0.7316104,0.6347827,0
1,1,1,1,1,1,1,0.7613292,0.6009477,0
1,1,1,1,1,1,1,0.7939097,0.5690482,0
1,1,1,1,1,1,1,1,0.5390392,0
1,1,1,1,1,1,1,1,0.5130561,0
1,1,1,1,1,1,1,1,0.5120744,0
1,1,1,1,1,1,1,1,0.5241207,0
1,1,1,1,1,1,1,1,0.5365366,0
1,1,1,1,1,1,1,1,0.5493034,0
1,1,1,1,1,1,1,1,0.5623964,0
1,1,1,1,1,1,1,1,0.5757979,0
1,1,1,1,1,1,1,1,0.5894803,0
1,1,1,1,1,1,1,1,0.6034231,0
1,1,1,1,1,1,1,1,0.6176007,0
1,1,1,1,1,1,1,1,0.6319861,0
1,1,1,1,1,1,1,1,0.6465512,0
1,1,1,1,1,1,1,1,0.6612716,0
1,1,1,1,1,1,1,1,0.6761178,0
1,1,1,1,1,1,1,1,0.6910591,0
1,1,1,1,1,1,1,1,0.7060695,0
1,1,1,1,1,1,1,1,1,1
1,1,1,1,1,1,1,1,1,1
1,1,1,1,1,1,1,1,1,1
1,1,1,1,1,1,1,1,1,1
1,1,1,1,1,1,1,1,1,1
1,1,1,1,1,1,1,1,1,1
1,1,1,1,1,1,1,1,1,1
1,1,1,1,1,1,1,1,1,1
1,1,1,1,1,1,1,1,1,1
1,1,1,1,1,1,1,1,1,1
1,1,1,1,1,1,1,1,1,1
1,1,1,1,1,1,1,1,1,1
1,1,1,1,1,1,1,1,1,1
1,1,1,1,1,1,1,1,1,1
1,1,1,1,1,1,1,1,1,1
1,1,1,1,1,1,1,1,1,1
1,1,1,1,1,1,1,1,1,1
1,1,1,1,1,1,1,1,1,1
1,1,1,1,1,1,1,1,1,1
1,1,1,1,1,1,1,1,1,1
1,1,1,1,1,1,1,1,1,1
1,1,1,1,1,1,1,1,1,1
1,1,1,1,1,1,1,1,1,1
1,1,1,1,1,1,1,1,1,1
1,1,1,1,1,1,1,1,1,1
1,1,1,1,1,1,1,1,1,1
1,1,1,1,1,1,1,1,1,1
1,1,1,1,1,1,1,1,1,1
1,1,1,1,1,1,1,1,1,1
1,1,1,1,1,1,1,1,1,1
1,1,1,1,1,1,1,1,1,1
1,1,1,1,1,1,1,1,1,1
1,1,1,1,1,1,1,1,1,1
1,1,1,1,1,1,1,1,1,1
1,1,1,1,1,1,1,1,1,1
1,1,1,1,1,1,1,1,1,1
1,1,1,1,1,1,1,1,1,1
1,1,1,1,1,0.9932984,1,1,1,1
1,1,1,1,1,0.9841695,1,1,1,1
1,1,1,1,1,0.9749716,1,1,1,1
1,1,1,1,1,0.9657062,1,1,1,1
1,1,1,1,1,0.9563755,1,1,1,1
1,1,1,1,1,0.9469811,1,1,1,1
1,1,1,1,1,0.9375221,1,1,1,1
1,1,1,1,1,0.9280006,1,1,1,1
1,1,1,1,1,0.9184194,1,1,1,1
1,1,1,1,0.9993248,0.9087809,1,1,1,1
1,1,1,1,0.9883111,0.8990785,1,1,1,1
1,1,1,1,0.9770445,0.8892211,1,1,1,1
1,1,1,1,0.9655349,0.8792146,1,1,1,1
1,1,1,1,0.9537901,0.8690633,1,1,1,1
1,1,1,1,0.9418232,0.858775,1,1,1,1
1,1,1,1,0.9296415,0.8483527,1,1,1,1
1,1,1,1,0.9172614,0.8378063,1,1,1,2
1,1,1,1,0.9046962,0.8271435,1,1,1,2
1,1,1,1,0.8919646,0.8163759,1,1,1,2
1,1,1,1,0.8790819,0.8055126,1,1,1,2
1,1,1,1,0.866065,0.7945627,1,1,1,2
1,1,1,1,0.8529342,0.7835392,1,1,1,2
1,1,1,1,0.8397067,0.772452,1,1,1,2
1,1,1,1,0.826403,0.7613141,1,1,1,2
1,1,1,0.9179083,0.8130438,0.7501385,1,1,1,2
1,1,1,0.8994255,0.79865,0.738356,1,1,1,2
1,1,1,0.8807163,0.7841032,0.726483,1,1,1,2
1,1,1,0.8618577,0.7694507,0.7145491,1,1,1,2
1,1,1,0.8429254,0.7547391,0.702583,1,1,1,2
1,1,1,0.8239918,0.7400134,0.6906124,1,1,1,2
1,1,1,0.8051318,0.7253222,0.6786695,1,1,1,2
1,1,1,0.7864069,0.7107041,0.6852084,1,1,1,2
1,1,1,0.7679798,0.6962589,0.7053889,1,1,1,2
1,1,1,0.7499451,0.6820458,0.7286946,1,1,1,2
1,1,1,0.7323135,0.6680717,0.7555245,1,1,1,2
1,1,1,0.715093,0.6543425,0.7863674,1,1,1,2
1,1,1,0.6982855,0.6408602,0.8218411,1,1,1,2
0.9978501,1,1,0.6818876,0.627623,0.8626817,1,1,1,2
0.9933384,1,1,0.6658549,0.6146039,0.9103143,1,1,1,2
0.9891402,1,1,0.6501486,0.6017808,1,1,1,1,2
0.9852616,1,0.766898,0.634843,0.5891946,1,1,1,1,2
1,1,0.740219,0.6175884,0.5755194,1,1,1,1,2
1,1,0.7147529,0.6008869,0.562191,1,1,1,1,2
1,1,0.6901317,0.5845751,0.5491207,1,1,1,1,2
1,1,0.6664022,0.5686828,0.5768992,1,1,1,1,2
1,1,0.6437832,0.5533183,0.619568,1,1,1,1,2
1,1,0.6222627,0.5384799,0.6705275,1,1,1,1,2
1,1,0.6017692,0.5241348,0.7317748,1,1,1,1,2
1,1,0.5822319,0.5102507,0.8060505,1,1,1,1,2
1,1,0.5635799,0.4967941,1,1,1,1,1,2
1,1,0.5459434,0.4838153,1,1,1,1,1,2
1,1,0.5288055,0.4710846,1,1,1,1,1,2
1,1,0.5121566,0.4667182,1,1,1,1,1,2
1,1,0.4960054,0.4931861,1,1,1,1,1,2
1,1,0.4804128,0.5227734,1,1,1,1,1,2
1,1,0.4653286,0.5558555,1,1,1,1,1,2
1,1,0.4507128,0.5928675,1,1,1,1,1,2
1,0.6229708,0.4365222,0.6343166,1,1,1,1,1,2
1,0.5919518,0.421202,0.7118202,1,1,1,1,1,2
1,0.5626885,0.4063612,1,1,1,1,1,1,2
1,0.5350355,0.3919754,1,1,1,1,1,1,2
1,0.508859,0.3780187,1,1,1,1,1,1,2
1,0.4840395,0.3644671,1,1,1,1,1,1,2
1,0.460474,0.3853311,1,1,1,1,1,1,2
1,0.4380658,0.4150782,1,1,1,1,1,1,2
1,0.4167322,0.44998,1,1,1,1,1,1,2
1,0.3963942,0.491259,1,1,1,1,1,1,2
1,0.3769801,0.5405472,1,1,1,1,1,1,2
1,0.3584291,0.6001192,1,1,1,1,1,1,2
0.5752527,0.3408839,1,1,1,1,1,1,1,2
0.5343455,0.3238679,1,1,1,1,1,1,1,2
0.49668,0.3075572,1,1,1,1,1,1,1,2
0.4618959,0.29191,1,1,1,1,1,1,1,2
0.429675,0.277128,1,1,1,1,1,1,1,2
0.3997534,0.2934164,1,1,1,1,1,1,1,2
0.3719034,0.3114394,1,1,1,1,1,1,1,2
0.3459218,0.3314102,1,1,1,1,1,1,1,2
0.3216316,0.3535807,1,1,1,1,1,1,1,2
0.298877,0.3782569,1,1,1,1,1,1,1,2
0.277526,0.4057979,1,1,1,1,1,1,1,2
0.2574568,0.4366446,1,1,1,1,1,1,1,2
0.2426361,0.4713258,1,1,1,1,1,1,1,2
0.2542346,0.5104914,1,1,1,1,1,1,1,2
0.2666859,0.5549589,1,1,1,1,1,1,1,2
0.2800547,1,1,1,1,1,1,1,1,2
0.2943645,1,1,1,1,1,1,1,1,2
0.309417,1,1,1,1,1,1,1,1,2
0.3252118,1,1,1,1,1,1,1,1,2
0.3417398,1,1,1,1,1,1,1,1,2
0.358988,1,1,1,1,1,1,1,1,2
0.3769383,1,1,1,1,1,1,1,1,2
0.395568,1,1,1,1,1,1,1,1,2
0.4148545,1,1,1,1,1,1,1,1,2
0.4347704,1,1,1,1,1,1,1,1,2
0.4552782,1,1,1,1,1,1,1,1,2
0.4763406,1,1,1,1,1,1,1,1,2
0.4979212,1,1,1,1,1,1,1,1,2
1,1,1,1,1,1,1,1,1,1
1,1,1,1,1,1,1,1,1,1
1,1,1,1,1,1,1,1,1,1
1,1,1,1,1,1,1,1,1,1
1,1,1,1,1,1,1,1,1,1
1,1,1,1,1,1,1,1,1,1
1,1,1,1,1,1,1,1,1,1
1,1,1,1,1,1,1,1,1,1
1,1,1,1,1,1,1,1,1,1
1,1,1,1,1,1,1,1,1,1
1,1,1,1,1,1,1,1,1,1
1,1,1,1,1,1,1,1,1,1
1,1,1,1,1,1,1,1,1,1
1,1,1,1,1,1,1,1,1,1
1,1,1,1,1,1,1,1,1,1
1,1,1,1,1,1,1,1,1,1
1,1,1,1,1,1,1,1,1,1
1,1,1,1,1,1,1,1,1,1
1,1,1,1,1,1,1,1,1,1
1,1,1,1,1,1,1,1,1,1
1,1,1,1,1,1,1,1,1,1
1,1,1,1,1,1,1,1,1,1
1,1,1,1,1,1,1,1,1,1
1,1,1,1,1,1,1,1,1,1
1,1,1,1,1,1,1,1,1,1
1,1,1,1,1,1,1,1,1,1
1,1,1,1,1,1,1,1,1,1
1,1,1,1,1,1,1,1,1,1
1,1,1,1,1,1,1,1,1,1
1,1,1,1,1,1,1,1,1,1
1,1,1,1,1,1,1,1,1,1
1,1,1,1,1,1,1,1,1,1
1,1,1,1,1,1,1,1,1,1
1,1,1,1,1,1,1,1,1,1
1,1,1,1,1,1,1,1,1,1
1,1,1,1,1,1,1,1,1,1
1,1,1,1,1,1,1,1,1,1
1,1,1,1,1,1,1,1,1,1
1,1,1,1,1,1,1,1,1,1
1,1,1,1,1,1,1,1,1,1
1,1,1,1,1,1,1,1,1,1
1,1,1,1,1,1,1,1,1,1
1,1,1,1,1,1,1,1,1,1
1,1,1,1,1,1,1,1,1,1
1,1,1,1,1,1,1,1,1,1
1,1,1,1,1,1,1,1,1,1
1,1,1,1,1,1,1,1,1,1
1,1,1,1,1,1,1,1,1,1
1,0.9562227,1,1,1,1,1,1,1,1
1,0.9488627,1,1,1,1,1,1,1,1
1,0.9415023,1,1,1,1,1,1,1,1
1,0.9341384,1,1,1,1,1,1,1,1
1,0.9267744,1,1,1,1,1,1,1,1
1,0.9194102,1,1,1,1,1,1,1,1
1,0.9120463,1,1,1,1,1,1,1,1
1,0.9046825,1,1,1,1,1,1,1,1
1,0.8973191,1,1,1,1,1,1,1,1
1,0.8899565,1,1,1,1,1,1,1,1
1,0.8825945,1,1,1,1,1,1,1,1
1,0.8752335,1,1,1,1,1,1,1,1
1,0.8678766,1,1,1,1,1,1,1,1
1,0.860521,1,1,1,1,1,1,1,1
1,0.8531699,1,1,1,1,1,1,1,1
1,0.8458205,1,1,1,1,1,1,1,1
1,0.838476,1,1,1,1,1,1,1,1
1,0.8311335,1,1,1,1,1,1,1,1
1,0.8237962,1,1,1,1,1,1,1,1
1,0.8164642,1,1,1,1,1,1,1,1
1,0.8091378,1,1,1,1,1,1,1,1
1,0.8018171,1,1,1,1,1,1,1,1
1,0.7945024,1,1,1,1,1,1,1,1
1,0.7871937,1,1,1,1,1,1,1,1
1,0.7798913,1,1,1,1,1,1,1,1
1,0.7725952,1,1,1,1,1,1,1,1
1,0.7653055,1,1,1,1,1,1,1,1
1,0.7580257,1,1,1,1,1,1,1,1
1,0.7507526,1,1,1,1,1,1,1,1
1,0.7434864,1,1,1,1,1,1,1,1
1,0.7362304,1,1,1,1,1,1,1,1
1,0.7289815,1,1,1,1,1,1,1,1
1,0.721743,1,1,1,1,1,1,1,1
1,0.7145118,1,1,1,1,1,1,1,1
1,0.7072912,1,1,1,1,1,1,1,1
1,0.7000813,1,1,1,1,1,1,1,1
1,0.6928791,1,1,1,1,1,1,1,1
1,0.6856878,1,1,1,1,1,1,1,1
1,0.6785073,1,1,1,1,1,1,1,1
1,0.6713347,1,1,1,1,1,1,1,1
0.7636263,0.6641732,1,1,1,1,1,1,1,2
0.7528717,0.7442914,1,1,1,1,1,1,1,2
0.7423463,0.9007896,1,1,1,1,1,1,1,2
0.7321196,1,1,1,1,1,1,1,1,2
0.722084,1,1,1,1,1,1,1,1,2
0.7121173,1,1,1,1,1,1,1,1,2
0.7022246,1,1,1,1,1,1,1,1,2
0.6924179,1,1,1,1,1,1,1,1,2
0.6826984,1,1,1,1,1,1,1,1,2
0.6730739,1,1,1,1,1,1,1,1,2
0.6635481,1,1,1,1,1,1,1,1,2
0.6541249,1,1,1,1,1,1,1,1,2
0.6448104,1,1,1,1,1,1,1,1,2
0.6356078,1,1,1,1,1,1,1,1,2
0.6265228,1,1,1,1,1,1,1,1,2
0.6175574,1,1,1,1,1,1,1,1,2
0.6087102,1,1,1,1,1,1,1,1,2
0.5999891,1,1,1,1,1,1,1,1,2
0.5913918,1,1,1,1,1,1,1,1,2
0.5829228,1,1,1,1,1,1,1,1,2
0.5745788,1,1,1,1,1,1,1,1,2
0.5663637,1,1,1,1,1,1,1,1,2
0.5834383,1,1,1,1,1,1,1,1,2
0.6148317,1,1,1,1,1,1,1,1,2
0.6464241,1,1,1,1,1,1,1,1,2
0.6780952,1,1,1,1,1,1,1,1,2
0.7097316,1,1,1,1,1,1,1,1,2
0.7412203,1,1,1,1,1,1,1,1,1
0.7724575,1,1,1,1,1,1,1,1,1
0.8033257,1,1,1,1,1,1,1,1,1
0.8337189,1,1,1,1,1,1,1,1,1
1,1,1,1,1,1,1,1,1,1
1,1,1,1,1,1,1,1,1,1
1,1,1,1,1,1,1,1,1,1
1,1,1,1,1,1,1,1,1,1
1,1,1,1,1,1,1,1,1,1
1,1,1,1,1,1,1,1,1,1
1,1,1,1,1,1,1,1,1,1
1,1,1,1,1,1,1,1,1,1
1,1,1,1,1,1,1,1,1,1
1,1,1,1,1,1,1,1,1,1
1,1,1,1,1,1,1,1,1,1
1,1,1,1,1,1,1,1,1,1
1,1,1,1,1,1,1,1,1,1
1,1,1,1,1,1,1,1,1,1
1,1,1,1,1,1,1,1,1,1
1,1,1,1,1,1,1,1,1,1
1,1,1,1,1,1,1,1,1,1
1,1,1,1,1,1,1,1,1,1
1,1,1,1,1,1,1,1,1,1
1,1,1,1,1,1,1,1,1,1
1,1,1,1,1,1,1,1,1,1
1,1,1,1,1,1,1,1,1,1
1,1,1,1,1,1,1,1,1,1
1,1,1,1,1,1,1,1,1,1
1,1,1,1,1,1,1,1,1,1
1,1,1,1,1,1,1,1,1,1
1,1,1,1,1,1,1,1,1,1
1,1,1,1,1,1,1,1,1,1
1,1,1,1,1,1,1,1,1,1
1,1,1,1,1,1,1,1,1,1
1,1,1,1,1,1,1,1,1,1
1,1,1,1,1,1,1,1,1,1
1,1,1,1,1,1,1,1,1,1
1,1,1,1,1,1,1,1,1,1
1,1,1,1,1,1,1,1,1,1
1,1,1,1,1,1,1,1,1,1
1,1,1,1,1,1,1,1,1,1
1,1,1,1,1,1,1,1,1,1
1,1,1,1,1,1,1,1,1,1
1,1,1,1,1,1,1,1,1,1
1,1,1,1,1,1,1,1,1,1
1,1,1,1,1,1,1,1,1,1
1,1,1,1,1,1,1,1,1,1
1,1,1,1,1,1,1,1,1,1
1,1,1,1,1,1,1,1,1,1
1,1,1,1,1,1,1,1,1,1
1,1,1,1,1,1,1,1,1,1
1,1,1,1,1,1,1,1,1,1
1,1,1,1,1,1,1,1,1,1
1,1,1,1,1,1,1,1,1,1
1,1,1,1,1,1,1,1,1,1
1,1,1,1,1,1,1,1,1,1
1,1,1,1,1,1,1,1,1,1
1,1,1,1,1,1,1,1,1,1
1,1,1,1,1,1,1,1,1,1
1,1,1,1,1,1,1,1,1,1
1,1,1,1,1,1,1,1,1,1
1,1,1,1,1,1,1,1,1,1
1,1,1,1,1,1,1,1,1,1
1,1,1,1,1,1,1,1,1,1
1,1,1,1,1,1,1,1,1,1
1,1,1,1,1,1,1,1,1,1
1,1,1,1,1,1,1,1,1,1
1,1,1,1,1,1,1,1,1,1
1,1,1,1,1,1,1,1,1,1
1,1,1,1,1,1,1,1,1,1
1,1,1,1,1,1,1,1,1,1
1,1,1,1,1,1,1,1,1,1
1,1,1,1,1,1,1,1,1,1
1,1,1,1,1,1,1,1,1,1
1,1,1,1,1,1,1,1,1,1
1,1,1,1,1,1,1,1,1,1
1,1,1,1,1,1,1,1,1,1
1,1,1,1,1,1,1,1,1,1
1,1,1,1,1,1,1,1,1,1
1,1,1,1,1,1,1,1,1,1
1,1,1,1,1,1,1,1,1,1
1,1,1,1,1,1,1,1,1,1
1,1,1,1,1,1,1,1,1,1
1,1,1,1,1,1,1,1,1,1
1,1,1,1,1,1,1,1,1,1
1,1,1,1,1,1,1,1,1,1
1,1,1,1,1,1,1,1,1,1
0.9993027,1,1,1,1,1,1,1,1,1
0.9932458,1,1,1,1,1,1,1,1,1
0.9871585,1,1,1,1,1,1,1,1,1
0.9810413,1,1,1,1,1,1,1,1,1
0.974898,1,1,1,1,1,1,1,1,1
0.9687292,1,1,1,1,1,1,1,1,1
0.9625355,1,1,1,1,1,1,1,1,1
0.9563208,1,1,1,1,1,1,1,1,1
0.9597503,1,1,1,1,1,1,1,1,1
0.9858607,1,1,1,1,1,1,1,1,1
1,1,1,1,1,1,1,1,1,1
1,1,1,1,1,1,1,1,1,1
1,1,1,1,1,1,1,1,1,1
1,1,1,1,1,1,1,1,1,1
1,1,1,1,1,1,1,1,1,1
1,1,1,1,1,1,1,1,1,1
1,1,1,1,1,1,1,1,1,1
1,1,1,1,1,1,1,1,1,1
1,1,1,1,1,1,1,1,1,1
1,1,1,1,1,1,1,1,1,1
1,1,1,1,1,1,1,1,1,1
1,1,1,1,1,1,1,1,1,1
1,1,1,1,1,1,1,1,1,1
1,1,1,1,1,1,1,1,1,1
1,1,1,1,1,1,1,1,1,1
1,1,1,1,1,1,1,1,1,1
1,1,1,1,1,1,1,1,1,1
1,1,1,1,1,1,1,1,1,1
1,1,1,1,1,1,1,1,1,1
1,1,1,1,1,1,1,1,1,1
1,1,1,1,1,1,1,1,1,1
1,1,1,1,1,1,1,1,1,1
1,1,1,1,1,1,1,1,1,1
1,1,1,1,1,1,1,1,1,1
1,1,1,1,1,1,1,1,1,1
1,1,1,1,1,1,1,1,1,1
1,1,1,1,1,1,1,1,1,1
1,1,1,1,1,1,1,1,1,1
1,1,1,1,1,1,1,1,1,1
1,1,0.9978737,1,1,1,1,1,1,1
1,1,0.9816931,0.9922047,1,1,1,1,1,1
1,1,0.9664696,0.9834945,1,1,1,1,1,1
1,1,0.9521724,0.9742042,1,0.9937441,1,1,1,1
1,1,0.939154,0.964123,1,0.985623,1,1,1,1
1,1,0.9274842,0.9532126,1,0.9779063,1,1,1,1
1,1,0.9171058,0.9415323,1,0.9705881,1,0.991759,1,0
1,1,0.908507,0.9288371,1,0.9638173,1,0.9820656,1,0
0.999578,1,1,1,1,1,1,1,1,1
0.9067041,1,1,1,1,1,1,1,1,1
0.9076666,1,1,1,1,1,1,1,1,1
0.9086744,1,1,1,1,0.9912006,1,1,1,1
0.9097068,1,1,1,1,0.9816928,1,1,1,1
0.9107569,1,1,1,1,0.9721655,1,1,1,1
0.9118229,1,1,1,1,0.9626142,1,1,1,1
0.9129027,1,1,1,1,0.9530374,1,1,1,1
0.913991,1,1,1,1,0.9434336,1,1,1,1
0.915086,1,1,1,1,0.9338015,1,1,1,1
0.9161826,1,1,1,1,0.9241433,1,1,1,1
0.9172791,1,1,1,1,0.9144548,1,1,1,1
0.9183707,1,1,1,1,0.9047351,1,1,1,1
0.9194559,1,1,1,1,0.8949868,1,1,1,1
0.9205331,1,1,1,1,0.8852062,1,1,1,1
0.9215978,1,1,1,1,0.8753929,1,1,1,1
0.922649,1,1,1,1,0.8655468,1,1,1,1
0.9236819,1,1,1,1,0.8556709,1,1,1,1
1,1,1,1,1,0.8457621,1,1,1,1
1,1,1,1,1,0.8352525,1,1,1,1
1,1,1,1,1,0.8247353,0.9988137,1,1,1
1,1,1,1,1,0.8142041,0.9867061,1,1,1
1,1,1,1,1,0.8036267,0.9744613,1,1,1
1,1,1,1,1,0.7930069,0.9620882,1,1,1
1,1,1,1,1,0.7823462,0.9495939,1,1,1
1,1,1,1,1,0.7823851,0.8468458,1,1,0
1,1,1,1,1,0.7991041,0.8336148,1,1,0
1,1,1,1,1,0.8170339,0.8204478,1,1,0
1,1,1,1,1,0.836232,0.8073524,1,1,0
1,1,1,1,1,0.8567611,0.7943314,1,1,0
1,1,1,1,1,0.8786882,0.7813842,1,1,0
1,1,1,1,1,0.9020864,0.7685161,1,1,0
1,1,1,1,1,1,0.7557288,1,1,0
1,1,1,1,1,1,0.7432047,1,1,0
1,1,1,1,1,1,0.7306846,1,1,0
1,1,1,1,1,1,0.7181777,1,1,0
1,1,1,1,1,1,0.7056868,1,1,0
1,1,1,1,1,1,0.6932174,1,1,0
1,1,1,1,1,1,0.680778,1,1,0
1,1,1,1,1,1,0.6683705,1,1,0
1,1,1,1,1,1,0.6560029,1,1,0
1,1,1,1,1,1,0.6436795,1,1,0
1,1,1,1,1,1,0.6314011,1,1,0
1,1,1,1,1,1,0.6191745,1,1,0
1,1,1,1,1,1,0.6070066,1,1,0
1,1,1,1,1,1,0.5948969,1,1,0
1,0.9989815,1,1,1,1,0.582848,1,1,0
1,0.9936115,1,1,1,1,0.5708728,1,1,0
1,0.9883268,1,1,1,1,0.5590026,1,1,0
1,0.9831295,1,1,1,1,0.5472304,1,1,0
1,0.9780174,1,1,1,1,0.5355558,1,1,0
1,0.9729881,1,1,1,1,0.5239751,1,1,0
1,0.9680426,1,1,1,1,0.5355131,1,1,0
1,0.9633821,1,1,1,1,0.5473747,0.7652544,1,0
1,0.9547088,1,1,1,1,0.571066,0.7435728,1,0
1,0.94633,1,1,1,1,0.5964059,0.7226533,1,0
1,0.9382406,1,1,1,1,0.6234469,0.5951515,1,0
1,0.9287456,1,1,1,1,0.6592482,0.5751511,1,0
1,0.9197389,1,1,1,1,1,0.5560205,1,0
1,0.9129044,1,1,1,1,1,0.5391222,1,0
1,0.9060839,1,1,1,1,1,0.5225171,1,0
1,0.8992851,1,1,1,1,1,0.5062066,1,0
1,0.8925209,1,1,1,1,1,0.4901903,1,0
1,0.8857989,1,1,1,1,1,0.474466,1,0
1,0.8791254,1,1,1,1,1,0.459034,1,0
1,0.8725049,1,1,1,1,1,0.4438895,1,0
1,0.8659414,1,1,1,1,1,0.4290265,1,0
1,0.8594406,1,1,1,1,1,0.4144382,1,0
1,0.8530038,1,1,1,1,1,0.4001209,1,0
1,0.8466312,1,1,1,1,1,0.3860626,1,0
1,0.840326,1,1,1,1,1,0.3742407,1,0
1,0.8341036,1,1,1,1,1,0.3842737,1,0
1,0.8281428,1,1,1,1,1,0.3943173,1,0
1,0.8224186,1,1,1,1,1,0.4043431,0.521826,0
1,0.8120877,1,1,1,1,1,0.4243943,0.4882978,0
1,0.8020695,1,1,1,1,1,0.4464613,0.4571393,0
1,0.7923428,1,1,1,1,1,0.4707997,0.4281138,0
1,0.7828979,1,1,1,1,1,0.4976899,0.4010155,0
1,0.7737156,1,1,1,1,1,0.9473443,0.3756692,0
1,0.7666931,1,1,1,1,1,0.9809732,0.3555478,0
1,0.7598279,1,1,1,1,1,1,0.336357,0
1,0.7530524,1,1,1,1,1,1,0.3261718,0
1,0.7463461,1,1,1,1,1,1,0.3352959,0
1,0.7398149,1,1,1,1,1,1,0.3445286,0
1,0.7334356,1,1,1,1,1,1,0.3538464,0
1,0.7271909,1,1,1,1,1,1,0.363221,0
1,0.7210635,1,1,1,1,1,1,0.3726284,0
1,0.7150387,1,1,1,0.9930357,1,1,0.3820444,0
1,0.7091168,1,1,1,0.9778197,1,1,0.3914087,0
1,0.7033037,1,1,1,0.9706531,1,1,0.4006442,0
1,0.6975741,1,1,1,0.9632612,1,1,0.4097657,0
1,0.6919208,1,1,1,0.955637,1,1,0.4187461,1
1,0.6863414,1,1,1,0.9477817,1,1,0.4275552,1
1,0.6808288,1,1,1,0.9396927,1,1,0.4361734,1
1,0.6753807,1,1,1,0.9313723,1,1,0.7124006,2
1,0.6709369,1,1,0.9996133,0.920073,1,1,0.7152346,2
1,0.6666063,1,1,0.9859182,0.9087064,1,1,0.7177254,2
1,0.6624295,1,1,0.9719828,0.8971946,1,1,0.7196931,2
1,0.6584123,1,1,0.9578552,0.8855675,1,1,0.7211757,2
1,0.6545632,1,1,0.9435779,0.8738512,1,1,0.7222098,2
1,0.65089,1,1,0.9291959,0.8620735,1,1,0.7228333,2
1,0.6473969,1,1,0.9147484,0.8502582,1,1,0.7230894,2
1,0.6440912,1,1,0.9002751,0.8395816,1,1,0.723017,2
1,0.6409733,1,0.9864401,0.8858154,0.851555,1,1,0.7226676,2
1,0.6380565,1,0.9679853,0.8713722,0.86589,1,1,0.7220376,2
1,0.63536,1,0.9495556,0.8569366,0.8831077,1,1,0.7211053,2
1,0.6328856,1,0.9312237,0.8425539,0.9034187,1,1,0.7199277,2
0.6142237,0.6306276,1,0.9130517,0.828263,0.9270526,1,1,0.7185641,2
0.6083761,0.6304817,1,0.889509,0.8107533,0.9941986,1,1,0.7116233,2
0.6030253,0.630818,1,0.8668877,0.7938181,1,1,1,0.7049686,2
0.5981609,0.6316448,1,0.8451344,0.7774299,1,1,1,0.6985833,2
0.5937737,0.6329721,1,0.8241938,0.7615572,1,1,1,0.6924515,2
0.5898592,0.6348142,0.9713463,0.8040211,0.7461768,1,1,1,0.6865552,2
0.5864135,0.6371875,0.9400285,0.784575,0.7312669,1,1,1,0.6808776,2
0.5834281,1,0.9101907,0.7658107,0.7491777,1,1,1,0.6754104,2
0.5808302,1,0.8858804,0.7496476,0.7824277,1,1,1,0.6723533,2
0.5785192,1,0.8622437,0.7338008,0.8210363,1,1,1,0.6692832,2
0.5764953,1,0.839321,0.7182921,0.8657856,1,1,1,0.6662404,2
0.5747558,1,0.8171386,0.7031373,0.9176383,1,1,1,0.6632566,2
0.5732982,1,0.7957062,0.6883433,0.9778069,1,1,1,0.6603523,2
0.5721086,1,0.7750174,0.6739072,1,1,1,1,0.6575513,2
0.5712005,1,0.7548734,0.659741,1,1,1,1,0.654752,2
0.5705829,1,0.735198,0.6458114,1,1,1,1,0.6519247,2
0.5702587,1,0.7160135,0.6321291,1,0.9933055,1,1,0.649093,2
0.5702283,1,0.6973444,0.6321187,0.9898362,0.9840733,1,1,0.6462778,2
0.5704699,1,0.6792461,0.6618279,0.9781208,0.9750305,1,1,0.6435336,2
0.5709378,1,0.661842,0.6941206,0.9667093,0.9661372,1,1,0.6409506,2
0.5716086,1,0.6450847,0.7290784,0.9555696,0.9573606,1,1,0.6385225,2
1,1,0.6289293,0.7667699,0.9446725,0.9486716,1,1,0.6362413,0
1,1,0.6191895,0.7490944,0.9349701,0.9381415,1,1,0.6379926,0
1,1,0.6092186,0.7336196,0.9252469,0.9277018,1,1,0.6396806,1
1,1,0.5990272,0.720086,0.9154984,0.9173412,1,1,0.6412979,1
1,1,0.5886238,0.7082782,0.9057182,0.9070468,1,1,0.6428387,1
1,1,0.5780251,0.6980041,0.8959078,0.8968126,1,1,0.6443008,1
1,1,0.5672452,0.6891128,0.8860663,0.8866317,1,1,0.6456805,1
1,1,0.5562955,0.6814771,0.876191,0.8764944,1,1,0.6469743,1
1,1,0.5451909,0.674977,0.8662829,0.8663954,1,1,0.6481831,1
1,1,0.5339504,0.6695092,0.8563467,0.8563333,1,1,0.6493081,1
1,0.7894025,0.5225855,0.6649958,0.8463815,0.8463007,1,1,0.6503482,2
1,0.7642479,0.5089899,0.6799425,0.8358729,0.8368355,1,1,0.6495354,2
1,0.7390409,0.4953662,0.6976324,0.8253785,0.8274415,1,1,0.648551,2
1,0.7139294,0.4817539,0.7182372,0.8149128,0.8181189,1,1,0.6474174,2
1,0.6890419,0.4681883,0.7419412,0.8044885,0.8088661,1,1,0.6461587,2
1,0.6644918,0.4547034,0.7689561,0.7941185,0.7996825,1,1,0.6447974,2
1,0.6403663,0.4413242,0.7995219,0.7838098,0.7905628,1,1,0.6433532,2
1,0.6167331,0.428071,0.7895426,0.773567,0.7814997,1,1,0.6418464,2
1,0.5933644,0.4148823,0.7778133,0.7633861,0.77253,1,1,0.6402183,2
1,0.5703423,0.4017821,0.7661453,0.7532753,0.7636503,1,1,0.6384884,2
1,0.5477483,0.3991942,0.7545608,0.7432429,0.7548564,1,1,0.6366771,2
1,0.5257551,0.4086059,0.7430977,0.7332901,0.746113,1,1,0.6348348,2
1,0.5044961,0.4185082,0.7317857,0.7234129,0.737381,1,1,0.6330067,2
1,0.483942,0.4288638,0.7206184,0.7136016,0.7286463,1,1,0.631197,2
1,0.4640585,0.4396325,0.7095873,0.7038461,0.7198952,1,1,0.6294075,2
1,0.4448075,0.4507722,0.6986834,0.6941363,0.7111152,1,1,0.6276382,2
1,0.4261538,0.4622307,0.6878997,0.6844652,0.7022978,1,1,0.6258915,2
1,0.4080566,0.4739619,0.6772262,0.6748235,0.693433,1,1,0.6241649,2
1,0.3904709,0.4859191,0.6666495,0.6651994,0.6845089,1,1,0.622456,2
1,0.3733612,0.4980465,0.6561628,0.6555879,0.6755214,1,1,0.6207646,2
1,0.3566888,0.5102967,0.6457566,0.6459819,0.6664647,1,1,0.6190872,2
0.693497,0.340417,0.5226234,0.6354221,0.6363755,0.6573344,1,1,0.6174206,2
0.6343629,0.3208046,0.5545739,0.6246626,0.6275934,0.6504073,1,1,0.614497,2
0.579879,0.3018314,0.5921311,0.6141421,0.6190557,1,1,1,0.6115571,2
0.5277481,0.2831014,0.6286638,0.603856,0.6109293,1,1,1,0.6084924,2
0.4806429,0.2804863,0.614805,0.5938772,0.6030528,1,1,1,0.6055027,2
0.4378783,0.2908356,0.6014099,0.5841986,0.5954239,1,1,1,0.6025811,2
0.3988819,0.3022048,0.5884581,0.5748106,0.5880376,1,1,1,0.599727,2
0.3631777,0.3146909,0.5759307,0.5657043,0.580889,1,1,1,0.5969366,2
0.3303725,0.3283991,0.5638129,0.5568746,0.5739775,1,1,1,0.5942093,2
0.3002646,0.3433161,0.5521119,0.5482979,0.5672548,1,1,1,0.5915388,2
0.272951,0.3589489,0.540875,0.5398864,0.560529,1,1,1,0.5889045,2
0.2479856,0.3751925,0.5300418,0.5315894,1,1,1,1,0.5862726,2
0.2438796,0.3948539,0.5193419,0.5237402,1,1,1,1,0.5837539,2
0.2516899,0.4161605,0.5090041,0.516091,1,1,1,1,0.5812628,2
0.2595776,0.4376244,0.4990481,0.5084115,1,1,1,1,0.5786732,2
0.2674862,0.4590374,0.4893816,0.5006499,1,1,1,1,0.5759422,2
0.2753624,0.4801926,0.4799351,0.4927735,1,1,1,1,0.5730434,2
0.2831654,0.5009052,0.4706486,0.4847555,1,1,1,1,0.5699575,2
0.2908505,0.5113821,0.4614809,0.4765852,1,1,1,1,0.5666825,2
0.2984365,0.4993082,0.4523947,0.4682749,1,1,1,1,0.5632301,2
0.3060036,0.4876118,0.4433723,0.4598774,1,1,1,1,0.5596414,2
0.3135283,0.4762485,0.4343999,0.4513898,1,1,1,1,0.555919,2
0.3209888,0.4651751,0.425463,1,1,1,1,1,0.5520681,2
0.330343,0.4531168,0.4166581,1,1,1,1,1,0.5487641,2
0.3397766,0.4414628,0.4079357,1,1,1,1,1,0.5453089,2
0.3492612,0.4301685,0.399279,1,1,1,1,1,0.5416959,2
0.3587609,0.4191946,0.3906735,1,1,1,1,1,0.5379269,2
0.3682487,0.408502,0.382104,1,1,1,1,1,0.5340002,2
0.3776993,0.3980624,0.3735635,1,1,1,1,1,0.5299163,2
0.387089,0.3878438,0.3650402,1,1,1,1,1,0.5412259,2
0.3966497,0.377741,0.3565533,1,1,1,1,1,0.5616993,2
0.4065318,0.3677024,0.3481134,1,1,1,1,1,0.5805945,2
0.4167146,0.3577433,0.339717,1,1,1,1,1,0.5981863,2
0.4271796,0.3478741,0.331361,1,1,1,1,1,0.6147152,2
0.4379025,0.3381047,0.323045,1,1,1,1,1,0.6303729,2
0.427,0.3284388,0.314766,1,1,1,1,1,0.6453319,2
0.4126596,0.3188179,0.3065491,1,1,1,1,1,0.6584113,2
0.3984048,0.3092522,0.2983938,1,1,1,1,1,0.6697524,2
0.3843074,0.2997654,1,1,1,1,1,1,0.6796792,2
0.3690559,0.2900355,1,1,1,1,1,1,0.6798131,2
0.3543001,0.2805009,1,1,1,1,1,1,0.6798626,2
0.3400283,0.2711577,1,1,1,1,1,1,0.6799173,2
0.3262258,0.2620007,1,1,1,1,1,1,0.6800417,2
0.3128791,0.2530275,1,1,1,1,1,1,0.6802732,2
0.299966,0.2442283,1,1,1,1,1,1,0.6806523,2
0.287471,0.2355999,1,1,1,1,1,1,0.6811935,2
0.2753747,0.2271353,1,1,1,1,1,1,0.6819098,2
0.2636541,0.218825,1,1,1,1,1,1,0.6828176,2
0.2522903,0.2106622,1,1,1,1,1,1,0.6839191,2
0.2412686,0.2026439,1,1,1,1,1,1,0.6852069,2
0.2305681,0.2244318,1,1,1,1,1,1,0.6866849,2
0.2201934,0.2924944,1,1,1,1,1,1,0.6885943,2
0.2101485,0.3709386,1,1,1,1,1,1,0.6911983,2
0.2003984,0.4613303,1,1,1,1,1,1,0.6944032,2
0.1909132,0.5655004,1,1,1,1,1,1,0.6981327,2
0.1816664,0.9340973,1,1,1,1,1,1,0.702324,2
0.1727294,0.9263695,1,1,1,1,1,1,0.7081856,2
0.1639075,0.9187274,1,1,1,1,1,1,0.7135302,2
0.1794887,0.9111779,1,1,1,1,1,1,0.7184221,2
0.1966095,0.9037547,1,1,1,1,1,1,0.7235257,2
0.2141478,0.8964505,1,1,1,1,1,1,0.7288546,2
0.2320791,0.8892542,1,1,1,1,1,1,0.7343985,2
0.2503839,0.8821552,1,1,1,1,1,1,0.7401485,2
0.2690486,0.875147,1,1,1,1,1,1,0.7460917,2
0.2880518,0.8682204,1,1,1,1,1,1,0.7522212,2
0.3073715,0.8613703,1,1,1,1,1,1,1,2
0.3327432,0.8544695,1,1,1,1,1,1,1,2
0.3591136,0.8478251,1,1,1,1,1,1,1,2
0.3864104,0.8413992,1,1,1,1,1,1,1,2
0.4145638,1,1,1,1,1,1,1,1,2
0.4435773,1,1,1,1,1,1,1,1,2
0.4733573,1,1,1,1,1,1,1,1,2
0.8843668,1,1,1,1,1,1,1,1,1
0.8770996,1,1,1,1,1,1,1,1,1
0.8698276,1,1,1,1,1,1,1,1,1
0.8625496,1,1,1,1,1,1,1,1,1
0.855271,1,1,1,1,1,1,1,1,1
0.8479937,1,1,1,1,1,1,1,1,1
0.8407199,1,1,1,1,1,1,1,1,1
0.8334514,1,1,1,1,1,1,1,1,1
0.8261938,1,1,1,1,1,1,1,1,1
0.8189487,1,1,1,1,1,1,1,1,1
0.8117185,1,1,1,1,1,1,1,1,1
0.8045081,1,1,1,1,1,1,1,1,1
0.7973197,1,1,1,1,1,1,1,1,1
0.790155,1,1,1,1,1,1,1,1,1
0.7830158,1,1,1,1,1,1,1,1,1
0.7759073,1,1,1,1,1,1,1,1,1
0.768828,1,1,1,1,1,1,1,1,1
0.7617826,1,1,1,1,1,1,1,1,1
0.7547762,1,1,1,1,1,1,1,1,1
0.7478069,1,1,1,1,1,1,1,1,1
0.7408795,1,1,1,1,1,1,1,1,1
0.7339922,1,1,1,1,1,1,1,1,1
0.7271494,1,1,1,1,1,1,1,1,1
0.7203525,1,1,1,1,1,1,1,1,1
0.7136058,1,1,1,1,1,1,1,1,1
0.7314886,1,1,1,1,1,1,1,1,1
0.7662885,1,1,1,1,1,1,1,1,1
0.8006917,1,1,1,1,1,1,1,1,1
0.8345755,1,1,1,1,1,1,1,1,1
0.8678137,1,1,1,1,1,1,1,1,1
0.9002883,1,1,1,1,1,1,1,1,1
0.9318905,1,1,1,0.9945782,1,1,1,1,1
0.9619374,1,1,1,0.9856205,1,1,1,1,1
1,1,1,1,0.9755757,1,1,1,1,1
1,1,1,1,0.9642581,1,1,1,1,1
1,1,1,1,0.9523546,1,1,1,1,1
1,1,1,1,0.9398571,1,1,1,1,1
1,1,1,1,0.926769,0.9995823,1,1,1,1
1,1,1,1,0.9130582,0.991566,1,1,1,1
1,1,1,1,0.9034942,0.9838894,1,1,1,1
1,1,1,1,0.895871,0.9764884,1,1,1,0
1,1,1,1,0.888575,0.9693372,1,1,1,0
1,1,1,1,0.8815921,0.9624278,1,1,1,0
1,1,1,1,0.8749137,0.955757,1,1,1,0
1,1,1,1,0.8685321,0.9493221,1,1,1,0
1,1,1,0.9990094,0.8624405,0.943121,1,1,1,0
1,1,1,0.9943717,0.8566507,0.9371647,1,1,1,0
1,1,1,0.9903163,0.8512224,0.9314998,1,1,1,0
1,1,1,0.9868197,0.8461415,0.9261196,1,1,1,0
1,1,1,0.9838513,0.8413877,0.9210113,1,1,1,0
1,1,1,0.9813881,0.8369459,0.9161661,1,1,1,0
1,1,1,0.9794083,0.8328016,0.906285,0.9951172,1,1,0
1,1,1,0.9783316,0.8292047,0.8767058,0.9270056,0.9594676,1,0
1,1,1,0.9838132,0.8295232,0.8394917,0.8447264,0.9486477,1,0
1,1,1,1,0.8336383,0.7974729,0.8124857,0.9374598,1,0
1,1,1,1,0.8389348,0.7574373,0.8095614,0.9267775,1,0
1,1,1,1,0.8449982,0.7377306,0.8071051,0.9167083,1,0
1,1,1,1,0.8518785,0.7392956,0.8051238,0.9072378,1,0
1,1,1,1,0.8596358,0.7414173,0.8036289,0.8983564,1,0
1,1,1,1,0.8683292,0.7441183,0.8026268,0.8900498,1,0
1,1,1,1,0.8780287,0.7474281,0.8021283,0.8823078,1,0
1,1,1,1,0.8888134,0.7513792,0.8021461,0.8751222,1,0
0.9156767,1,1,1,0.9007724,0.7560078,0.8026946,0.8684855,1,0
0.8998672,1,1,1,1,0.7613543,0.7667083,0.8623917,1,0
0.8866507,1,1,1,1,0.7664973,0.720198,0.8567767,1,0
0.8728532,1,1,1,1,0.7732253,0.6756126,0.8517107,1,0
0.8596829,1,1,1,1,0.780934,0.639151,1,1,0
0.8523014,1,1,1,1,0.7854369,0.6385135,1,0.889267,0
0.8415724,1,1,1,1,0.7936872,0.6397021,0.8127249,0.877535,0
0.8302341,1,0.9886504,1,1,0.8039908,0.6419044,0.6937361,0.8661354,0
0.8194929,1,0.9776721,1,1,0.8154199,0.6446701,0.6907161,0.8554465,0
0.8093046,1,0.967062,1,1,1,0.648023,0.6881627,0.8454434,0
0.7996255,1,0.9568108,1,1,1,0.6519934,0.6860797,0.8361066,0
0.7904159,1,0.9469073,0.990909,1,1,0.6566147,0.684472,0.8274188,0
0.781644,1,0.9373409,0.9753602,1,1,0.6619202,0.6833426,0.8193609,0
0.7732768,1,0.9281014,0.9603287,1,1,0.6679512,0.6826987,0.8119189,0
0.7652847,1,0.9191831,0.9457947,1,1,0.6747531,0.6825491,0.8050805,0
0.7576443,1,0.9105771,0.9317366,1,1,0.6823725,0.6829004,0.7988318,0
0.7503341,1,0.9022787,0.9181376,0.966304,1,0.6908616,0.6488013,0.7931603,0
0.743327,1,0.8942775,0.9049753,0.9486905,1,0.7002869,0.5835752,0.7880612,0
0.7366093,1,1,0.8922384,0.9316869,1,0.71071,0.5281379,1,0
0.7309497,1,1,0.8801093,0.9157473,1,0.7209045,0.528904,1,0
0.7258545,1,1,0.8683987,0.9005054,1,1,0.529888,0.6352941,0
0.7198406,1,1,0.8567713,0.8850716,1,1,0.5318836,0.6323574,0
0.7140509,1,1,0.8455108,0.8701458,1,1,0.53438,0.6299037,0
0.7084772,1,1,0.8346075,0.8557083,1,1,0.5373899,0.6279267,0
0.7031049,1,1,0.8240489,0.8417379,0.8877691,1,0.5409343,0.6264274,0
0.697924,1,1,0.8138237,0.8282148,0.8700353,1,0.5450334,0.625405,0
0.6929217,1,1,0.8039243,0.8151232,0.8529201,1,0.5497127,0.6248626,0
0.6880892,1,1,0.7943436,0.8024487,0.8363965,1,0.5549968,0.6248016,0
0.6834184,1,1,0.7850693,0.790172,0.8204331,1,0.560913,0.6252247,0
0.6789016,1,1,0.7760988,0.7782837,0.8050097,1,0.5674918,0.5190858,0
0.6745315,1,1,0.7674209,0.7667661,0.7900987,1,0.5747664,0.4768613,0
0.6702982,1,1,0.7590315,0.7556089,0.7756798,1,0.5827777,0.4781589,0
0.6661986,1,1,0.7509266,0.7448023,0.7617347,1,0.591563,0.4798909,0
0.6622235,1,1,1,0.7343344,0.7482432,1,0.6011716,0.4820678,0
0.658367,1,1,1,0.724194,0.735186,1,1,0.484698,0
0.6567267,1,1,1,0.7142307,0.7239344,0.7843003,1,0.4859913,0
0.6544726,1,1,1,0.7043752,0.7124007,0.769082,1,0.4879391,0
0.6522623,1,1,1,0.6946157,0.7010564,0.7542605,1,0.4900464,0
0.650094,1,1,1,0.6849412,0.6898912,0.7398213,1,0.4923002,0
0.6479644,1,1,1,0.6753378,0.6788911,0.7257451,1,0.4946871,0
0.6458723,1,1,1,0.6657921,0.6680418,0.7120115,1,0.4971907,0
0.6438157,1,1,1,0.656291,0.6573294,0.6985998,1,0.4997947,0
0.6417891,1,1,1,0.6468254,0.6467429,0.6854922,1,0.5024866,0
0.6397894,1,1,1,0.6373839,0.6362692,0.6726679,1,0.5052508,0
0.6378109,1,1,1,0.6279562,0.6258955,0.6601067,1,0.5080756,0
0.6358507,1,1,1,0.618533,0.6156102,0.6477891,1,0.5109466,0
0.6339062,1,1,1,0.6091061,0.6054023,0.6356963,1,0.5138502,0
0.6319722,1,1,1,0.5996684,0.5952618,0.6238104,1,0.5167767,0
0.6300466,1,1,1,0.5902143,0.5851796,0.6121149,1,0.519714,0
0.6281283,1,1,1,0.5807356,0.5751446,0.6005906,1,0.5226505,0
0.626213,1,1,1,0.5712318,0.5651527,0.5892261,1,0.5255789,0
0.6242976,1,1,1,0.5617,0.5551975,0.5780076,1,0.5284928,0
0.6223821,1,1,1,0.5521352,0.5452706,0.5669193,0.9895414,1,2
0.6218239,1,1,1,0.5410254,0.5355334,0.5587716,0.9877774,1,2
0.6214286,1,1,1,0.5300908,0.5258451,0.5504962,0.9853835,1,2
0.6211675,1,1,1,0.5193098,0.5161885,0.5420778,0.982303,1,2
0.6210163,1,1,1,0.5086626,0.5065489,0.5335037,0.9784845,1,2
0.6209485,1,1,1,0.4981318,0.4969134,0.5247636,0.9738835,1,2
0.6209393,1,1,1,0.4876989,0.4872682,0.5158471,0.9684585,1,2
0.6209654,1,1,1,0.4773501,0.4776047,0.5067493,0.9621803,1,2
0.621008,1,1,1,0.4670711,0.4679131,0.497465,0.9550248,1,2
0.6210468,1,1,1,0.4568491,0.4581857,0.4879916,0.9469767,1,2
0.6210636,1,1,1,0.4466761,0.4484197,0.4783326,0.9380352,1,2
0.6210447,1,1,1,0.4365428,0.4386109,0.4684905,0.9282055,1,1
0.6209753,1,1,1,0.4264414,0.4287568,0.4584704,0.9175025,1,1
0.6208425,1,1,1,0.4163685,0.4188596,0.4482828,0.9059557,1,1
0.6206381,1,1,1,0.4063157,0.4089167,0.4379336,0.893595,1,1
1,1,1,1,0.3962822,0.3989327,0.427437,0.8804684,1,0
1,1,1,1,0.3866107,0.3882004,0.4142335,0.8524176,1,0
1,1,1,1,0.3770121,0.3775964,0.4012834,0.8254372,1,0
1,1,1,1,0.3674794,0.367119,0.3885909,0.5145768,1,0
1,1,1,1,0.3582773,0.3566162,0.3753094,0.4905514,1,0
1,1,1,1,0.3492163,0.3463239,0.3624049,0.46771,1,0
1,1,1,1,0.3402571,0.3362349,0.3499162,0.4461921,1,0
1,1,1,1,0.3313383,0.3263235,0.3378649,0.4261035,0.9531039,0
0.5977355,1,1,1,0.3225493,0.3165708,0.3260562,0.406684,0.8925341,1
1,1,1,1,0.3127801,0.3067869,0.3156759,0.3929459,0.8639035,0
1,1,1,1,1,0.2972292,0.304143,0.3742435,0.8689418,0
1,1,1,1,1,0.2878335,0.2928991,0.3563546,0.8814214,0
0.5872812,1,1,1,1,0.2785906,0.2819296,0.3392252,0.8948145,0
1,1,1,1,1,0.2690275,0.2718839,0.3262612,0.9005063,0
0.6664461,1,1,1,1,0.2599488,0.2612628,0.3101352,0.8846611,0
0.8142762,1,1,1,1,0.2505277,0.2513094,0.2972057,0.856054,0
0.7704553,1,1,1,1,0.2413631,0.2412133,0.2832197,0.4435917,0
0.6710801,1,1,1,1,0.2325187,0.2310962,0.2685108,0.4126395,0
0.6184464,1,0.9868204,1,1,0.2237902,0.2211964,0.2543673,0.3838612,0
0.6043078,1,0.9649522,1,1,1,0.2115387,0.2411882,0.3586685,0
0.5780092,1,0.9409012,1,1,1,0.2020122,0.2280173,0.3334147,0
0.5641746,1,0.9445773,1,1,1,0.1926773,0.2154689,0.310328,0
0.5613595,1,0.9508808,1,1,1,0.1835013,0.2034229,0.2889317,0
0.5587677,1,0.9573503,1,1,1,0.1744676,0.1917851,0.2688489,0
0.5561222,1,0.9639088,1,1,1,0.1655652,0.1805283,0.2499561,0
0.5534023,1,0.970458,1,1,1,0.1567783,0.1696207,0.232134,0
0.5505933,1,0.9769036,1,1,1,1,0.159035,0.2152779,0
0.5479527,1,0.9860463,1,1,1,1,0.1486377,0.198878,0
0.5452932,1,0.9960281,1,1,1,1,0.1385227,0.1832623,0
0.5426053,1,1,0.9817488,1,1,1,0.1286784,0.1683808,0
0.5397633,1,1,0.9556268,1,1,1,0.1191151,0.1542836,0
0.5407693,1,1,0.9317638,1,1,1,0.1098136,0.1409251,0
0.5434348,1,1,0.9096983,1,1,1,0.1007373,0.1281854,0
0.5471722,1,1,0.8891465,1,1,1,0.1123623,0.1159824,0
0.5521127,1,1,0.8700765,1,1,1,0.1411724,0.1042584,0
0.5582482,1,1,0.8523917,1,1,1,0.1725294,0.09295809,0
0.5653558,1,1,0.8358687,1,1,1,0.2064242,0.08201566,0
0.57326,1,1,0.8203241,1,1,1,0.242844,0.08699674,0
0.5823963,1,1,0.8059114,1,1,1,0.2812091,0.09809138,0
0.59277,1,1,0.7925428,1,1,1,0.3210411,0.1093514,0
0.604197,1,1,0.7800397,1,1,1,0.3620104,0.1207356,0
0.6165276,1,1,0.7682565,1,1,1,0.4038055,0.1322111,0
0.6296515,1,1,0.7570762,1,1,1,0.4461291,0.1437481,1
0.6434817,1,1,0.7464035,1,1,1,1,0.1553199,1
0.6637911,1,1,0.7387087,1,1,1,1,0.1659338,1
0.6837499,1,1,0.7308187,1,1,1,1,0.1765811,1
0.7033527,1,1,0.7227529,1,1,1,1,0.1872727,1
0.7226006,1,1,0.7145337,1,1,1,1,0.1980129,1
0.7415064,1,1,0.7061788,1,1,1,1,0.20881,1
0.7600858,0.9990469,1,0.697704,1,1,1,1,0.2196713,1
1,0.9927214,1,0.6891555,1,1,1,1,0.23058,0
1,0.9862525,1,0.6756807,1,1,1,1,0.244456,0
1,0.9797969,1,0.6631181,1,1,1,1,0.2582998,0
1,0.9733371,1,0.6513612,1,1,1,1,0.2720341,0
1,0.9668602,1,0.640318,1,1,1,1,0.2855899,1
1,0.9603564,1,0.6299087,1,1,1,1,0.2989079,1
1,0.9538267,1,0.620074,1,1,1,1,0.311923,1
1,0.9472675,1,0.6107529,1,1,1,1,0.3245923,1
1,1,1,0.6019014,1,1,1,1,0.3368679,1
1,1,1,0.5922775,1,1,1,1,0.3500508,1
1,1,1,0.5830032,0.6885225,1,1,1,0.3629686,2
1,1,1,0.5781177,1,1,1,1,0.3706315,1
1,1,1,0.5692179,1,1,1,1,0.8275369,2
1,1,1,0.565462,1,1,1,1,0.8268985,2
1,1,0.6728201,0.5617685,1,1,1,1,0.8263074,2
0.9779435,1,0.6264057,0.5636205,1,1,1,1,0.8130976,2
0.9626015,1,0.5837585,0.5660168,1,1,1,1,0.8006981,2
0.9481236,1,0.5444074,0.5689917,1,1,1,1,0.7890325,2
0.9344758,1,0.5079512,0.5725833,1,1,1,1,0.7842165,2
0.9216243,1,0.4740505,0.5768301,1,1,1,1,0.7873386,2
0.9095441,1,0.4670939,0.5817847,1,1,1,1,0.7907718,2
0.8982062,1,0.4671708,1,1,1,1,1,0.7945405,2
0.8885698,1,0.4663032,1,1,1,1,1,0.7954496,2
0.8793898,1,0.4657783,1,1,1,1,1,0.7966183,2
0.8706697,1,0.4656048,1,1,1,1,1,0.7980469,2
0.8624086,1,0.4657879,1,1,1,1,1,0.7997343,2
0.8546106,1,0.4663412,1,1,1,1,1,0.8016742,2
0.9568092,1,0.4672665,1,1,1,1,1,0.8038632,2
1,1,0.4667436,1,1,1,1,1,0.8019823,2
1,1,0.4655853,1,1,1,1,1,0.7980815,2
1,0.5261322,0.4644667,1,1,1,1,1,0.7938036,2
1,0.4601232,0.4680609,1,1,1,1,1,0.8000981,2
1,0.4023089,0.4722704,1,1,1,1,1,0.8069719,2
1,0.3596882,1,1,1,1,1,1,0.8144855,2
1,0.3587204,1,1,1,1,1,1,0.8201979,2
1,0.3580546,1,1,1,1,1,1,0.8264025,2
1,0.3576996,1,1,1,1,1,1,0.833144,2
1,0.3576619,1,1,1,1,1,1,0.8404899,2
1,0.3579527,1,1,1,1,1,1,0.8485079,2
1,0.3585819,1,1,1,0.9933468,1,0.9843421,0.8572957,2
1,0.3594888,1,1,1,1,1,0.9639724,0.8663529,2
1,0.3606334,1,1,0.9919966,1,1,0.9452248,0.8753884,2
0.4201363,0.3620291,1,1,0.9785905,1,1,0.9278064,0.8845406,2
0.3152648,0.3645374,1,1,0.9649844,1,1,0.9074453,0.9013044,2
0.3145481,0.3675148,1,1,0.9518633,1,1,0.8881328,0.9200292,2
0.3141759,0.3709814,1,1,0.9392098,1,1,0.8697808,0.9410297,2
0.3141499,1,1,1,0.9270077,1,1,0.8523108,0.9416574,2
0.314473,1,1,1,0.9152448,1,1,0.8356519,0.9352823,2
0.3151521,1,1,0.9275547,0.903907,1,1,0.8197366,0.9291872,2
0.3161741,1,1,0.912971,1,1,1,0.8046605,0.923422,2
0.3174521,1,1,0.8991065,1,1,1,0.791022,0.918229,2
0.3189803,1,1,0.8858293,1,1,1,0.7784866,0.9134727,2
0.3207375,1,1,0.8730736,1,1,1,0.7669324,0.9091004,2
0.3227064,1,1,0.8607745,1,1,1,0.7562493,0.905062,2
0.3248641,1,1,0.8488771,1,1,1,0.7463482,0.9013176,2
0.9619641,1,1,0.8373315,1,1,1,0.7371444,0.8978257,0
0.9590697,1,1,0.8283159,1,1,1,0.7424031,0.8992566,0
0.9563698,1,1,0.8193085,1,1,1,0.747645,0.9007926,0
0.9538456,1,1,0.8102976,1,1,1,0.7528505,0.9024166,0
0.9514832,1,1,0.8012705,1,1,1,0.7579974,0.9041096,0
0.9492695,1,1,0.7922188,1,1,1,0.7630643,0.8359464,0
0.9464189,1,1,0.7835053,1,1,1,0.7698766,0.7613146,0
0.9429587,1,1,0.7751992,1,1,1,0.7786964,0.6866499,0
0.9390031,1,1,0.7673438,1,1,1,0.7896538,0.6179312,0
0.9347316,1,1,0.7599465,1,1,1,0.8027254,0.6216506,0
0.930836,1,1,0.7525315,0.8125493,1,1,0.8158113,0.6255385,0
0.9273443,1,1,0.7449757,0.7243332,1,1,1,0.629452,0
0.9250938,1,1,0.7362493,0.7147891,1,1,1,0.6321288,0
0.9229242,1,1,0.7274343,0.7052528,1,1,1,0.6348183,0
0.920828,1,1,0.7185241,0.6957151,1,1,1,0.637506,0
0.9187987,1,1,0.7095135,0.6861685,1,1,1,0.6401783,0
0.9168273,1,1,0.7003987,0.6766062,1,1,1,0.6428255,0
0.9149091,1,1,0.6911773,0.6670229,1,1,1,0.6454355,0
0.9130372,1,1,0.6818481,0.6574142,1,1,1,0.6480004,0
0.9112087,1,1,0.672411,0.6477767,1,1,1,0.6505097,1
0.9094214,1,1,0.6628671,0.6381081,1,1,1,0.6529537,1
0.9076741,1,1,0.6532152,0.6284038,1,1,1,0.6553239,1
0.9059604,1,1,0.6434584,0.6186629,1,1,1,0.6576189,1
0.904283,1,1,0.6336035,0.6088885,1,1,1,0.6598283,1
1,1,1,0.6236518,0.5990781,1,1,1,0.6619492,0
1,1,1,0.6144267,0.5895779,1,1,1,0.6651762,0
1,1,1,0.6050907,0.5800455,1,1,1,0.6683469,0
1,1,1,0.5956413,0.570475,1,1,1,0.671454,0
1,1,1,0.5860803,0.5608651,1,1,1,0.6744873,1
1,1,1,0.5764139,0.551218,1,1,1,0.6774377,1
1,1,1,0.5666391,0.5415275,1,1,1,0.6803002,1
1,1,1,0.5567638,0.5317972,1,1,1,0.6830713,1
1,1,1,0.5467896,0.5220255,1,1,1,0.6857442,1
1,1,1,1,1,1,1,1,1,1
1,1,1,1,1,1,1,1,1,1
1,1,1,1,1,1,1,1,1,1
1,1,1,1,1,1,1,1,1,1
1,1,1,1,1,1,1,1,1,1
1,1,1,1,1,1,1,1,1,1
1,1,1,1,1,1,1,1,1,1
1,1,1,1,1,1,1,1,1,1
1,1,1,1,1,1,1,1,1,1
1,1,1,1,1,1,1,1,1,1
1,1,1,1,1,1,1,1,1,1
1,1,1,1,1,1,1,1,1,1
1,1,1,1,1,1,1,1,1,1
1,1,1,1,1,1,1,1,1,1
1,1,1,1,1,1,1,1,1,1
1,1,1,1,1,1,1,1,1,1
1,1,1,1,1,1,1,1,1,1
1,1,1,1,1,1,1,1,1,1
1,1,1,1,1,1,1,1,1,1
1,1,1,1,1,1,1,1,1,1
1,1,1,1,1,1,1,1,1,1
1,1,1,1,1,1,1,1,1,1
1,1,1,1,1,1,1,1,1,1
1,1,1,1,1,1,1,1,1,1
1,1,1,1,1,1,1,1,1,1
1,1,1,1,1,1,1,1,1,1
1,1,1,1,1,1,1,1,1,1
1,1,1,1,1,1,1,1,1,1
1,1,1,1,1,1,1,1,1,1
1,1,1,1,1,1,1,1,1,1
1,1,1,1,1,1,1,1,1,1
1,1,1,1,1,1,1,1,1,1
1,1,1,1,1,1,1,1,1,1
1,1,1,1,1,1,1,1,1,1
1,1,1,1,1,1,1,1,1,1
1,1,1,1,1,1,1,1,1,1
1,1,1,1,1,1,1,1,1,1
0.9995068,1,1,1,1,1,1,1,1,1
0.9607959,1,1,1,1,1,1,1,1,1
0.9167344,1,1,1,1,1,1,1,1,1
0.881031,1,1,1,1,1,1,1,1,2
0.8823015,1,1,1,1,1,1,1,1,2
0.8836322,1,1,1,1,1,1,1,1,2
0.8850187,1,1,1,1,1,1,1,1,2
0.88646,1,1,1,1,1,1,1,1,2
0.887955,1,1,1,1,1,1,1,1,2
0.8895025,1,1,1,1,1,1,1,1,2
0.8910985,1,1,1,1,1,1,1,1,2
0.8927445,1,1,1,1,1,1,1,1,2
0.8944365,1,1,1,1,1,1,1,1,2
0.8961703,1,1,1,1,1,1,1,1,1
0.8979474,1,1,1,1,1,1,1,1,1
0.8997639,1,1,1,1,1,1,1,1,1
0.9016185,1,1,1,1,1,1,1,1,1
0.90351,1,1,1,1,1,1,1,1,1
0.9054374,1,0.9843596,1,1,1,1,1,1,1
0.9074736,1,0.9722019,1,1,1,1,0.9984367,1,1
1,1,0.9600857,1,1,1,1,0.9946043,1,1
1,1,0.9492968,1,1,1,1,0.9933554,1,1
1,1,0.9384713,1,1,1,1,0.9920187,1,1
1,1,0.9276147,1,1,1,1,0.9905968,1,1
1,1,0.9167265,1,1,1,1,0.9890927,1,1
1,1,0.9058094,1,1,1,1,0.9875056,1,1
1,1,0.8948661,1,1,1,1,0.9858391,1,1
1,1,0.8839024,1,1,1,1,0.9840962,1,1
1,1,0.872918,1,1,1,1,0.9822766,1,1
1,1,0.8619151,1,1,1,1,0.9803837,1,1
1,1,0.8508998,1,1,1,1,0.9784212,1,1
1,1,0.8398713,1,1,1,1,0.9763888,1,1
1,1,0.828832,1,1,1,1,0.9742901,1,1
1,1,0.8177875,1,1,1,1,0.9721287,1,1
1,1,0.8067369,1,1,1,1,0.9699085,1,1
1,1,0.7987601,1,1,1,1,1,1,1
1,1,0.8080868,1,1,1,1,1,1,1
1,1,0.8172973,1,1,1,1,1,1,1
1,1,0.8263785,1,1,1,1,1,1,1
1,1,0.8353263,1,1,1,1,1,1,1
1,1,0.8441278,1,1,1,1,1,1,1
1,1,1,1,1,1,1,1,0.964407,1
1,1,1,1,1,1,1,1,0.8903683,0
1,1,1,1,1,1,1,1,0.8020145,0
1,1,1,1,1,1,1,1,0.7984955,0
1,1,1,1,1,1,1,1,0.7987623,0
1,1,1,1,1,1,1,1,0.7991656,0
1,1,0.7802822,0.9927031,0.9897617,1,1,1,0.7997048,0
1,1,0.7721626,0.9831895,0.9794288,1,1,1,0.7998155,0
1,1,0.7645224,0.9736646,0.9691351,1,1,1,0.7999605,0
1,1,0.7573363,0.9641253,0.9588767,1,1,1,0.8001372,0
1,1,1,0.9545716,0.9486534,1,1,1,0.8003429,0
1,1,0.7370937,0.9454753,0.9382876,1,1,1,0.8012992,1
1,1,1,0.9358632,0.9281418,1,1,1,0.8015574,0
1,1,0.7188972,0.9267936,0.917879,1,1,1,0.8026784,1
1,1,1,0.9171079,0.9077936,1,1,1,0.802965,0
1,1,0.7025944,0.9080467,0.8976191,1,1,1,0.8042256,1
1,1,1,0.8982726,0.8875756,1,1,1,0.8045157,0
1,1,1,0.8892029,0.8774747,0.8928267,1,1,0.8058912,0
1,1,0.6761754,0.8802564,0.867421,0.8813492,1,1,0.8075336,1
1,1,1,0.8704332,0.857416,0.8708528,1,1,0.8079821,0
1,1,1,0.861481,0.847432,0.8595312,1,1,0.8097544,0
1,1,1,0.8525248,0.8374991,0.8483233,1,1,0.8116148,0
1,1,1,0.8435535,0.8276082,0.8372211,1,1,0.8135523,0
1,1,0.63116,0.8345626,0.8177563,0.8262223,1,1,0.8155557,1
1,1,1,0.8243454,0.8077559,0.8161296,1,1,0.815833,0
1,1,1,0.8153014,0.7979301,0.8052399,1,1,1,1
1,1,1,0.8049504,0.7879081,0.7952343,1,1,1,1
1,1,1,0.7945986,0.7778864,0.78523,1,1,1,1
1,1,1,0.7842469,0.7678651,0.7752267,1,1,1,1
1,1,1,0.7738957,0.7578444,0.7652239,1,1,1,1
1,1,1,0.7635458,0.7478244,0.7552214,1,1,1,1
1,1,1,0.7531976,0.737805,0.7452186,1,1,1,1
1,1,1,0.7428517,0.7277865,0.7352154,1,1,1,1
1,1,1,0.7325085,0.7177688,0.7252113,1,1,1,1
1,1,1,0.7221656,0.7077492,0.7152028,1,1,1,1
1,1,1,0.7118263,0.6977304,0.7051929,1,1,1,1
1,1,1,0.7014911,0.6877127,0.6951811,1,1,1,1
1,1,1,0.6911603,0.6776961,0.6851672,1,1,1,1
1,1,1,0.6808341,0.6676806,0.6751509,1,1,1,1
1,0.48061,1,0.670513,0.6576661,0.6651319,1,1,1,2
1,0.4545292,0.7160915,0.6580647,0.6475018,0.6569173,1,1,1,2
1,0.4281825,0.6982805,0.6455926,0.6375778,0.6492448,1,1,1,2
1,0.4032672,0.6811067,0.633489,0.6279301,0.6417992,1,1,1,2
1,0.3838946,0.6645433,0.6217448,0.6185554,0.6345817,1,1,1,2
1,0.3928197,0.6485557,0.6103425,0.6094419,0.6275846,1,1,1,2
1,0.4020421,0.6334058,0.5993303,0.6005069,0.6205814,1,1,1,2
1,0.41132,0.6190737,0.5886577,0.5916693,1,1,1,1,2
1,0.4227959,0.6045763,0.5781574,0.5832523,1,1,1,1,2
1,1,0.5908242,0.5679696,0.5749264,1,1,1,1,1
1,1,0.5801758,0.5580744,0.5651358,1,1,1,1,1
1,1,0.5695561,0.5481864,0.5553393,1,1,1,1,1
1,1,0.5589647,0.5383049,0.5455363,1,1,1,1,1
0.4135016,1,0.5484012,0.5284298,0.5357264,1,1,1,1,2
0.3727269,1,0.5352077,0.5186182,0.5277252,1,1,1,1,2
0.3356009,1,0.5224289,0.5090688,0.5199334,1,1,1,1,2
0.3375515,1,0.5100492,0.4997758,0.5123488,1,1,1,1,2
0.3442685,1,0.4980508,0.4907302,0.5049662,1,1,1,1,2
0.3515352,0.5822303,0.4864207,0.4819271,0.4977842,1,1,1,1,2
0.3593763,0.5626236,0.4751431,0.4733587,0.4907986,1,1,1,1,2
0.3678186,0.5438651,0.4642039,0.4650179,1,1,1,1,1,2
1,0.5259072,0.4535922,0.4569013,1,1,1,1,1,2
1,0.5121939,0.4437261,0.4480216,1,1,1,1,1,2
1,0.498784,0.4339538,0.4391592,1,1,1,1,1,2
1,0.4856593,0.4242662,0.4303061,1,1,1,1,1,2
1,0.4728082,0.4146605,0.421461,1,1,1,1,1,2
1,0.4602126,0.4051279,0.4126171,1,1,1,1,1,2
1,0.447858,0.3956631,0.4037707,1,1,0.9990689,1,1,2
1,0.4357372,0.3862616,0.3949167,1,1,0.9930674,1,1,2
1,0.4238659,0.3769177,0.3860361,1,1,0.9865108,1,1,2
1,0.4122243,0.3676229,0.3771231,1,1,0.9793763,1,1,2
1,0.4008,0.3583751,0.368179,1,1,0.9716555,1,1,2
1,0.3895712,0.3491638,0.3591966,1,1,0.9633315,1,1,2
1,0.3785239,0.3399852,0.3501756,1,1,0.9544014,1,1,1
0.524185,0.3676409,0.3308329,0.3411134,1,1,0.9448631,1,1,2
0.4983216,0.3543896,0.3217484,1,1,1,0.9520672,1,1,2
0.4728412,0.3412984,0.3128847,1,1,1,0.9624871,1,1,2
0.4488851,0.3286952,0.3042438,1,1,1,0.974058,1,1,2
0.4263338,0.3165586,0.2958209,1,1,1,0.9868916,1,1,2
0.4050758,0.3048656,0.2876086,1,1,1,1,1,1,2
0.3850116,0.293595,0.2795998,1,1,0.9809605,1,1,1,2
0.3660521,0.282727,0.2717883,1,1,0.9503096,1,1,0.9710237,2
0.3482344,0.2722718,0.2641488,1,1,0.921576,1,1,0.937641,2
0.3322317,0.2623898,0.2565316,1,1,0.8971561,1,1,0.9164162,2
0.3175523,0.2529305,1,1,1,0.8758071,1,1,0.9031569,2
0.3025356,0.2434925,1,1,1,0.8520228,1,1,0.8823575,2
0.2886392,0.2344292,1,1,1,0.8307441,1,1,0.8677838,2
0.2756337,0.225669,1,1,0.9775305,0.8113998,1,1,0.8577234,2
0.2634564,0.2171775,1,1,0.9520581,0.794,1,1,0.8521781,2
0.2519575,0.2089039,1,1,0.9294409,0.7782043,1,1,0.8502852,2
0.2409933,0.2008026,1,1,0.9090375,0.76366,1,1,0.8511723,2
0.230455,0.192838,1,1,0.8903813,0.7536122,1,1,0.8542256,2
0.2202481,0.1849845,1,1,0.873003,0.7483115,1,1,0.8587896,2
0.2102963,0.1772195,1,1,0.8565342,0.7423943,1,1,0.8643392,2
0.200567,0.1838836,1,1,0.840855,0.7359024,1,1,0.8707492,2
0.1910392,0.2394979,1,1,0.8259404,0.7287897,1,1,0.8780718,2
0.1817177,0.297835,1,1,0.811937,0.7208464,1,1,0.8866751,1
0.1725648,0.3582416,1,1,0.7987062,0.7121567,1,1,0.8964049,1
0.1635478,0.420051,1,1,0.7861336,0.7027993,1,1,0.9071371,1
0.1546457,0.4826143,1,1,0.7741247,0.6928579,1,1,0.918756,1
0.1458335,0.5453752,1,1,0.7625911,0.6824006,1,1,0.9311754,1
0.1392277,0.6077917,1,1,0.7514662,0.6714944,1,1,0.9443163,1
0.152354,1,1,1,0.7407264,0.6601597,1,1,0.9581944,1
0.1648396,1,1,1,0.7319759,0.6466241,1,1,0.9766167,1
0.1771702,1,1,1,0.7233963,0.6329368,1,1,1,1
0.1893996,1,1,1,0.7148246,0.6192744,1,1,1,1
0.2012369,1,1,1,0.7069331,0.6049458,1,1,1,1
0.2126497,1,1,1,0.6996769,0.5955814,1,1,1,1
0.2236722,1,1,1,0.6928805,0.5889968,1,1,1,0
0.2343238,1,1,1,0.6864411,0.5826371,1,1,1,0
0.2446095,1,1,1,0.6803217,0.5764792,1,1,1,0
0.2545321,1,1,1,0.6744941,0.5705067,0.8217571,1,1,0
0.2613601,1,1,1,0.6743326,0.5679297,0.7805191,1,1,0
0.2673456,1,1,1,0.6754009,0.5660959,0.7395459,1,1,0
0.2725755,1,1,1,0.6776693,0.5649788,0.6993562,1,1,0
0.2771386,1,1,1,0.6811072,0.5645512,0.6603624,1,1,0
0.28113,1,1,1,0.6856739,0.5647775,0.6228465,1,1,0
0.2846353,1,1,1,0.6913303,0.5656232,0.5869962,1,1,0
0.2877466,1,1,1,0.6980187,0.5670391,0.5529082,1,1,0
0.2905355,1,1,1,1,0.5689839,0.5206108,1,1,0
0.2954568,1,1,1,1,0.5671517,0.4957019,1,1,0
0.299957,1,1,1,1,0.5658413,0.4711127,1,1,0
0.3040668,1,1,1,1,0.5650403,0.4519563,1,1,0
0.3078792,1,1,1,1,0.5646198,0.4491621,1,1,0
0.3116093,1,1,1,1,0.5641956,0.4464024,1,1,0
0.3152584,1,1,1,1,0.5637676,0.4436768,1,1,0
0.3188361,1,1,1,1,0.5633274,0.4409774,1,1,0
0.3223387,1,1,1,1,0.5628809,0.4383084,1,1,0
0.325775,1,1,1,1,0.5624196,0.4356624,1,1,0
0.329145,0.9948082,1,1,1,0.5619455,0.4330403,1,1,0
0.3324817,0.9891192,1,1,1,0.5613903,0.430408,1,1,0
0.3357851,0.9832829,1,1,1,0.5607498,0.4277639,1,1,0
0.3390538,0.9772968,1,1,1,0.5600237,0.4251088,0.6528444,1,0
0.3385526,0.9765791,1,1,1,1,0.4269013,0.5657004,1,0
0.3398418,0.9731439,1,1,1,1,0.4267152,0.5027494,1,0
0.3404486,0.970741,1,1,1,1,0.4275571,0.4428929,1,0
0.3404767,0.9693412,1,1,1,1,0.4294372,0.3870832,1,0
0.3400403,0.9688953,1,1,1,1,0.4323521,0.335785,1,0
0.3392419,0.9693421,1,1,1,1,0.4363001,0.3285603,1,0
0.3385519,0.9697059,1,1,1,1,0.4405335,0.3275331,1,0
0.3380075,0.9698097,1,1,1,1,0.4449253,0.3266866,1,0
0.3375903,0.9696069,1,1,1,1,0.449448,0.3259997,1,0
0.337281,0.9690622,1,1,1,1,0.4540781,0.3254561,1,0
0.3370666,0.9681366,1,1,1,1,0.4587874,0.3250369,1,0
0.3369361,0.966795,1,1,1,1,0.9353404,0.3247242,1,1
0.3393037,0.9562163,1,1,1,1,0.93387,0.3223699,1,1
0.3416663,0.9455332,1,1,1,1,0.9323024,0.3200159,1,1
0.3440241,0.9347438,1,1,1,1,0.930638,0.3176626,0.5255311,0
0.3426402,0.9372524,1,1,1,1,0.9522699,0.3186127,0.282894,0
0.3412034,0.9402062,1,1,1,1,0.9758962,0.3199616,0.2812513,0
0.3397183,0.9436287,1,1,1,1,1,0.3217197,0.2799328,0
0.3381827,0.9475499,1,1,1,1,1,0.3239059,0.2789414,0
0.3365975,0.9519993,1,1,1,1,1,0.3265373,0.2782774,0
0.3349631,0.9570095,1,1,1,1,1,0.3296335,0.277942,0
0.33328,0.9626213,1,1,1,1,1,0.3332157,0.2779374,0
0.3315483,0.96888,1,1,1,1,1,0.3373079,0.2782665,0
0.3297646,0.9758271,1,1,1,1,1,0.3419403,0.2789361,0
0.3279288,0.9835234,0.9899004,1,1,1,1,0.3471426,0.2799512,0
0.3260435,0.9920228,0.9443964,1,1,1,1,0.7380069,0.2813141,0
0.3252248,0.9872907,0.9257523,1,1,1,1,0.7436761,0.2819992,0
0.3244319,0.9814062,0.9095209,1,1,1,1,0.748997,0.2827226,0
0.3236637,0.9743681,0.8954291,1,1,1,1,0.7539389,0.2834702,0
0.4218746,0.9661754,0.8832544,1,1,1,1,0.7584738,0.2842285,0
0.4205799,0.9617409,0.8657649,1,1,1,1,0.7653767,0.2853744,0
0.41934,0.9559999,0.850529,1,1,1,1,0.7718526,0.2865495,0
0.4181519,0.9489428,0.8372974,1,1,1,1,0.7778592,0.2877356,0
0.4170086,0.9405726,0.8258556,1,1,1,1,0.783366,0.2889216,0
0.415911,0.9309033,0.8160418,1,1,1,1,0.7883385,0.2900908,0
0.4148585,0.9199625,0.8077175,1,1,1,1,0.7927517,0.2912305,1
0.4138488,0.9077907,0.800763,1,1,1,1,0.7965899,0.2923324,1
0.4128872,0.8944392,0.7950916,1,1,1,1,0.7998344,1,2
0.4141321,0.8529158,0.8252824,1,1,1,1,0.7847847,1,2
0.4157872,0.8139845,0.8588058,1,1,1,1,0.7703654,1,2
0.4178565,0.7774037,0.8961183,1,1,1,1,0.7565334,1,2
0.4203513,0.7429684,0.9377812,1,1,1,1,0.7432415,1,2
0.4232813,0.710498,0.9844658,1,1,1,1,0.7304508,1,2
0.426654,0.679827,1,1,1,1,1,0.7181293,1,2
1,0.6508083,1,1,1,1,1,0.7062403,1,1
1,0.6362226,1,1,1,1,1,0.705071,1,1
1,0.6214041,1,1,1,1,1,0.7036952,1,1
1,0.6063763,1,1,1,1,1,0.7021151,1,1
1,0.5911637,1,1,1,1,1,0.7003342,1,1
1,0.5757951,1,1,1,1,1,0.6983532,1,1
1,0.5602959,1,1,1,1,1,0.6961812,1,1
1,0.5553981,1,1,1,1,1,0.6938209,1,1
1,0.5581498,1,1,1,1,1,0.6914361,1,1
1,0.5608315,1,1,1,1,1,0.68914,1,1
1,0.5634414,1,1,1,1,1,0.6869288,1,1
1,0.5659817,1,1,1,0.9933342,1,0.6847959,1,1
1,0.5684077,1,1,1,0.9833245,1,0.6827736,1,1
1,0.5706961,1,1,1,0.9743983,1,0.6808751,1,1
0.8896006,0.5728543,1,1,1,0.9664329,1,0.67909,0.8582855,1
0.8627302,0.5739623,1,1,1,0.9646117,1,0.6781355,0.7937955,1
0.8395346,0.5740483,1,1,1,0.9686825,1,0.6779877,0.7223076,1
0.8203398,0.5729415,1,1,1,0.9798964,1,0.6788072,0.6451986,0
0.8054169,0.5705451,1,1,1,0.9996249,1,1,0.5661414,1
0.7710076,0.5732337,1,1,1,0.9870116,1,1,0.5649873,1
0.7350014,0.5765938,1,1,1,0.9708012,1,1,0.5637032,2
0.6978117,0.5806503,1,1,1,0.9513738,1,1,0.5622865,2
0.6598643,0.5854194,1,1,1,0.9292181,1,1,0.5607406,2
0.621581,0.5909129,1,1,1,0.9048806,1,1,0.5590716,2
0.5833586,0.5971373,1,1,1,0.8789269,1,1,0.5572869,2
0.5455683,0.604085,1,1,1,0.8519261,1,1,0.555401,2
0.5085012,0.6117567,1,1,1,0.8315604,1,1,0.5534192,2
0.472304,0.6201984,1,1,1,0.823635,1,1,0.5513486,2
0.4535277,0.6295191,1,1,1,0.8159415,1,1,0.5491895,2
0.4573164,0.6392459,1,1,1,0.8082851,1,1,0.546993,2
0.461088,0.6487021,1,1,1,0.800409,1,1,0.5448107,2
0.4648277,0.6578509,1,1,1,0.7923061,1,1,0.5426325,2
0.468515,0.6666485,1,1,1,0.78397,0.9898788,1,0.5404569,2
0.472077,0.674854,1,1,1,0.7753266,0.978098,1,0.53829,2
0.4754886,0.6823963,1,1,1,0.7663686,0.9678507,1,0.5361297,2
0.4787458,0.6892804,1,1,1,0.7571102,0.9589502,1,0.5339729,1
0.4818426,1,1,1,1,0.7475743,0.9512464,1,0.5318223,0
0.4827751,1,1,1,1,0.7354538,0.9547722,1,0.5299926,0
0.4836373,1,1,1,1,0.7233672,1,1,0.528232,0
0.4846826,1,1,1,1,0.7116055,1,1,0.5264959,0
0.4856379,1,1,1,1,0.6998383,1,1,0.5248227,0
0.4865049,1,1,1,1,0.6880733,1,1,0.5232162,0
0.4872885,1,1,1,1,0.6763173,1,1,0.5216772,0
0.4879938,1,1,1,1,0.6645764,1,1,0.5202059,0
0.4886187,1,1,1,1,0.6528564,1,1,0.518809,0
0.4891716,1,1,1,1,0.6566378,1,1,0.5174837,0
0.4897029,1,1,1,1,0.6620591,1,1,0.5162183,0
0.4902166,1,1,1,1,0.6675748,1,1,0.5150107,0
0.4907154,1,1,1,1,0.6731741,0.6889616,1,0.5138569,0
0.4896441,1,1,1,1,0.6943853,0.6718246,1,0.513293,0
0.4885925,1,1,1,1,0.7170254,0.6551602,1,0.5128962,0
0.4875612,1,1,1,1,0.7411295,0.6389453,0.8318475,1,1
0.4893926,1,1,1,1,0.7289819,0.6285661,0.8179458,1,1
0.4910541,1,1,1,1,0.7195401,0.6177595,0.8026511,1,1
0.4925323,1,1,1,1,0.7126432,0.6065409,0.7860252,1,1
0.4938138,1,1,1,1,1,0.5949346,0.7681555,1,1
0.4956215,1,1,1,1,0.69779,0.5842375,0.7531642,1,1
0.4965073,1,1,1,1,1,0.5718843,0.7329125,1,1
0.4979342,1,1,1,1,1,0.5604948,0.7157121,1,1
0.4991762,1,1,1,1,1,0.5487769,0.6974752,1,1
0.5002205,1,1,1,1,1,0.5367445,0.6782655,1,1
0.501054,1,1,1,1,1,0.5244235,0.6581739,1,1
0.5016732,1,1,1,1,1,0.5118366,0.6397333,1,1
0.5020878,1,1,1,1,1,0.4990362,0.6400564,1,1
0.5024359,1,1,1,1,1,0.4862524,0.6405057,1,1
0.5027218,1,1,1,1,1,0.4734937,0.6410765,1,0
0.5029461,1,1,1,1,1,0.460764,0.6417677,1,0
0.503113,1,1,1,1,1,0.4480734,0.6425751,1,0
0.5032259,1,1,1,1,1,0.4354278,0.6434938,1,0
0.5032853,1,1,1,1,1,0.4228284,0.6445234,1,0
0.5032943,1,1,1,1,1,0.4102832,0.6456594,1,0
0.5032559,1,1,1,1,1,0.3977957,0.6468975,1,0
0.5031729,1,1,1,1,1,0.3853688,0.6482335,1,0
0.5030478,1,1,1,1,1,0.3864992,0.6496633,1,0
0.5029284,1,1,1,1,1,0.3884087,0.6510514,1,1
1,1,1,1,1,1,0.3902602,0.6523892,1,0
1,1,1,1,1,1,0.4054725,1,1,0
1,1,1,1,1,1,0.4141797,1,1,0
1,1,1,1,1,1,0.4232379,0.4378782,1,0
1,1,1,1,1,1,0.4427972,0.4116439,0.6853039,0
1,1,1,1,1,1,0.4649767,0.3868514,0.6025171,0
1,1,1,1,1,1,1,0.3633727,0.5489657,0
1,1,1,1,1,1,1,0.3411072,0.5535812,0
1,1,1,1,1,1,1,0.319952,0.5587301,0
1,1,1,1,1,1,1,0.2998231,0.5644327,0
1,1,1,1,1,1,1,0.2806451,0.5707048,0
1,1,1,1,1,1,1,0.2891719,0.5775675,0
1,1,1,1,1,1,1,0.299081,0.5850402,0
1,1,1,1,1,1,0.9932192,0.3099658,0.4018678,0
1,1,1,1,1,1,0.978389,0.3219105,0.3644646,0
1,1,1,1,1,1,0.9641697,0.335016,0.3302048,0
1,1,1,1,1,1,1,0.3493924,0.2987139,0
0.8945265,1,1,1,1,1,1,0.3651765,0.2696757,0
0.6654743,1,1,1,1,1,1,1,0.2444911,0
0.6850562,1,1,1,1,1,1,1,0.2501884,0
0.692152,1,1,1,1,1,0.99748,1,0.2562426,0
0.6975064,1,1,1,1,1,0.9866823,1,0.2625757,0
0.7022693,1,1,1,1,1,0.9761356,1,0.2691857,0
0.7069505,1,1,1,1,1,1,1,0.2760669,0
0.7123634,1,1,1,1,1,1,1,0.2831914,0
0.7176991,1,1,1,1,1,1,1,0.290585,0
0.7230417,1,1,1,1,1,1,1,0.2982465,0
0.7284325,1,1,1,1,1,1,1,0.3061755,0
0.7338701,1,1,1,1,1,1,1,0.3143712,0
0.7393898,1,1,1,1,1,1,1,1,2
0.8428972,1,1,1,1,1,1,0.9970297,1,2
1,1,1,1,1,1,1,0.9899782,1,1
1,1,1,1,1,1,1,0.979736,1,1
1,1,1,1,1,1,1,0.9694072,1,1
1,1,1,1,1,1,1,0.9589978,1,1
1,1,1,1,1,1,1,0.844133,1,1
1,1,1,1,1,1,1,0.8328632,1,1
1,1,1,1,1,1,1,0.8215709,1,1
1,1,1,1,1,1,1,0.8102614,1,1
1,1,1,1,1,1,1,0.7989439,1,1
1,1,1,1,1,1,1,0.7876236,1,1
1,1,1,1,1,1,1,0.7763062,1,1
1,1,1,1,1,1,1,0.7650002,1,1
1,1,1,1,1,1,1,0.7537109,1,0
1,1,1,1,1,1,1,0.7424435,1,0
1,1,1,1,1,1,1,0.7512707,1,0
1,1,1,1,1,1,1,0.7696856,1,1
1,1,1,1,1,1,1,0.7879289,1,1
1,1,1,1,1,1,1,0.8005375,1,1
1,1,1,1,1,1,1,0.7897609,1,1
1,1,1,1,1,1,1,0.77899,1,1
1,1,1,1,1,1,1,0.7682291,1,1
1,1,1,1,1,1,1,0.7574854,1,1
1,1,1,1,1,1,1,0.7467631,1,1
1,1,1,1,1,1,1,0.7360659,1,1
1,1,1,1,1,1,1,0.7253975,1,0
1,1,1,1,1,1,1,0.7147648,1,0
1,1,1,1,1,1,1,0.7041713,1,0
1,1,1,1,1,1,1,0.69362,1,0
1,1,1,1,1,1,1,0.683114,1,0
1,1,1,1,1,1,1,0.6957725,1,0
1,1,1,1,1,1,1,0.7187308,1,1
1,1,1,1,1,1,1,0.7415773,1,1
1,1,1,1,1,1,1,0.7642615,0.717911,0
1,1,1,1,1,1,1,0.8059063,0.6979106,0
1,1,1,1,1,1,1,0.8503959,0.6786532,0
1,1,1,1,1,1,1,0.8978604,0.6601098,0
1,1,1,1,1,1,1,1,0.6422566,0
1,1,1,1,1,1,1,1,0.6264082,0
1,1,1,1,1,1,1,1,0.6424465,0
1,1,1,1,1,1,1,1,0.6586342,0
1,1,1,1,1,1,1,1,0.6749374,0
1,1,1,1,1,1,1,1,0.6844552,0
1,1,1,1,1,1,1,1,0.6694711,0
1,1,1,1,1,1,1,1,0.654641,0
1,1,1,1,1,1,1,1,0.6399829,0
1,1,1,1,1,1,1,1,0.6255208,0
1,1,1,1,1,1,1,1,0.6112691,0
1,1,1,1,1,1,1,1,0.5972444,0
1,1,1,1,1,1,1,1,0.6001152,0
1,1,1,1,1,1,1,1,0.6196225,0
1,1,1,1,1,1,1,1,0.6393026,0
1,1,1,1,1,1,1,1,0.6591089,0
1,1,1,1,1,1,1,1,0.6789984,0
1,1,1,1,1,1,1,1,0.6989218,0
1,1,1,1,1,1,1,1,0.7188355,0
1,1,1,1,1,1,1,1,0.7386897,0
1,1,1,1,1,1,1,1,0.7584407,0
1,1,1,1,1,1,1,1,0.7780458,0
1,1,1,1,1,1,1,1,0.7974632,0
1,1,1,1,1,1,1,1,0.8166468,1
1,1,1,1,1,1,1,1,0.8355638,1
1,1,1,1,1,1,1,1,1,1
1,1,1,1,1,1,1,1,1,1
1,1,1,1,1,1,1,1,1,1
1,1,1,1,1,1,1,1,1,1
1,1,1,1,1,1,1,1,1,1
1,1,1,1,1,1,1,1,1,1
1,1,1,1,1,1,1,1,1,1
1,1,1,1,1,1,1,1,1,1
1,1,1,1,1,0.9929526,1,1,1,1
1,1,1,1,1,0.9841743,1,1,1,1
1,1,1,1,1,0.9752573,1,1,1,1
1,1,1,1,1,0.9662036,1,1,1,1
1,1,1,1,1,0.9570121,1,1,1,1
1,1,1,1,1,0.9476823,1,1,1,1
1,1,1,1,1,0.9382212,1,1,1,1
1,1,1,1,1,0.9286254,1,1,1,1
1,1,1,1,1,0.9189031,1,1,1,1
1,1,1,1,1,0.9090517,0.9863043,1,1,1
1,1,1,1,1,0.8989666,0.9714063,1,1,1
1,1,1,1,1,0.8886463,0.9575934,1,1,1
1,1,1,1,1,0.878109,0.9447966,1,1,1
1,1,1,1,1,0.8673728,0.9329746,1,1,1
1,1,1,1,1,0.8564562,0.9220722,1,1,2
1,1,1,1,1,0.8453807,0.9120498,1,1,2
1,1,1,1,1,0.834164,0.9028727,1,1,2
1,1,1,1,1,0.8228235,0.8945109,1,1,2
1,1,1,1,1,0.8113758,0.886939,1,1,2
1,1,1,1,1,0.79984,0.8801352,1,1,2
1,1,1,1,1,0.7882349,0.8740716,1,1,2
1,1,1,1,1,0.7765743,0.8687341,1,1,2
1,1,1,1,1,0.7648745,0.8641012,1,1,2
1,1,1,1,1,0.7531474,0.8601781,1,1,2
1,1,1,1,1,0.7414072,0.8569384,1,1,2
1,1,1,1,1,0.7296666,0.8543953,1,1,2
1,1,1,1,1,0.7179341,0.8525413,1,1,2
1,1,1,1,1,0.70622,0.8513737,1,1,2
1,1,1,1,0.778192,0.6945373,0.8509055,1,1,2
1,1,1,1,0.7603568,0.6808274,0.8737804,1,1,2
1,1,1,1,0.7428028,0.6672677,0.9011251,1,1,2
1,1,1,1,0.7255572,0.6538758,1,1,1,2
1,1,1,1,0.7089025,0.6408254,1,1,1,2
1,1,1,1,0.692415,0.6278604,1,1,1,2
1,1,1,1,0.676123,0.6149994,1,1,1,2
1,1,1,1,0.6600499,0.6022577,1,1,1,2
1,1,1,1,0.6442181,0.5896508,1,1,1,2
1,1,1,1,0.6286381,0.5771846,1,1,1,2
1,1,1,1,0.6133239,0.5648688,1,1,1,2
1,1,1,1,0.5982844,0.5527102,1,1,1,2
1,1,1,0.6553212,0.5835222,0.5407097,1,1,1,2
1,1,1,0.633543,0.5670816,0.5277536,1,1,1,2
1,1,1,0.612606,0.5511339,0.5150973,1,1,1,2
1,1,1,0.5924526,0.5356488,0.5027232,1,1,1,2
1,1,1,0.5730337,0.5206016,0.4906178,1,1,1,2
1,1,1,0.5543004,0.5059661,0.4844934,1,1,1,2
1,1,1,0.5362081,0.4917174,0.5165495,1,1,1,2
1,1,1,0.5187188,0.477836,0.5574611,1,1,1,2
1,1,1,0.5018064,0.4643068,0.6106135,1,1,1,2
1,1,1,0.4856833,0.4512517,0.6768228,1,1,1,2
1,1,0.5626818,0.4702575,0.4386113,1,1,1,1,2
1,1,0.5398189,0.4547787,0.4259662,1,1,1,1,2
1,1,0.5179253,0.4397469,0.4135993,1,1,1,1,2
1,1,0.4969313,0.4251348,0.4014942,1,1,1,1,2
1,1,0.4767729,0.4109171,0.3896351,1,1,1,1,2
1,1,0.4573923,0.39707,0.4171912,1,1,1,1,2
1,1,0.4387397,0.3835743,0.4592984,1,1,1,1,2
1,1,0.4207698,0.3704123,0.5151201,1,1,1,1,2
1,1,0.4034339,0.3575609,0.5915976,1,1,1,1,2
1,1,0.3866974,0.3450077,1,1,1,1,1,2
1,1,0.3705677,0.3327522,1,1,1,1,1,2
1,1,0.3550628,0.3208007,1,1,1,1,1,2
1,1,0.3401267,0.3261685,1,1,1,1,1,2
1,1,0.3257379,0.355448,1,1,1,1,1,2
1,0.4416067,0.311867,0.3898695,1,1,1,1,1,2
1,0.4155391,0.2979168,0.4414947,1,1,1,1,1,2
1,0.3908864,0.2843588,0.51033,1,1,1,1,1,2
1,0.3675377,0.2711758,1,1,1,1,1,1,2
1,0.3453808,0.2583423,1,1,1,1,1,1,2
1,0.324324,0.2458404,1,1,1,1,1,1,2
1,0.3042846,0.2377065,1,1,1,1,1,1,2
1,0.2851846,0.2588212,1,1,1,1,1,1,2
1,1,1,1,1,1,1,1,1,1
1,1,1,1,1,1,1,1,1,1
1,1,1,1,1,1,1,1,1,1
1,1,1,1,1,1,1,1,1,1
1,1,1,1,1,1,1,1,1,1
1,1,1,1,1,1,1,1,1,1
1,1,1,1,1,1,1,1,1,1
1,1,1,1,1,1,1,1,1,1
1,1,1,1,1,1,1,1,1,1
1,1,1,1,1,1,1,1,1,1
1,1,1,1,1,1,1,1,1,1
1,1,1,1,1,1,1,1,1,1
1,1,1,1,1,1,1,1,1,1
1,1,1,1,1,1,1,1,1,1
1,1,1,1,1,1,1,1,1,1
1,1,1,1,1,1,1,1,1,1
1,1,1,1,1,1,1,1,1,1
1,1,1,1,1,1,1,1,1,1
1,1,1,1,1,1,1,1,1,1
1,1,1,1,1,1,1,1,1,1
1,1,1,1,1,1,1,1,1,1
1,1,1,1,1,1,1,1,1,1
1,1,1,1,1,1,1,1,1,1
1,1,1,1,1,1,1,1,1,1
1,1,1,1,1,1,1,1,1,1
1,1,1,1,1,1,1,1,1,1
1,1,1,1,1,1,1,1,1,1
1,1,1,1,1,1,1,1,1,1
1,1,1,1,1,1,1,1,1,1
1,1,1,1,1,1,1,1,1,1
1,1,1,1,1,1,1,1,1,1
1,1,1,1,1,1,1,1,1,1
1,1,1,1,1,1,1,1,1,1
1,1,1,1,1,1,1,1,1,1
1,1,1,1,1,1,1,1,1,1
1,1,1,1,1,1,1,1,1,1
1,1,1,1,1,1,1,1,1,1
1,1,1,1,1,1,1,1,1,1
1,1,1,1,1,1,1,1,1,1
1,1,1,1,1,1,1,1,1,1
1,1,1,1,1,1,1,1,1,1
1,1,1,1,1,1,1,1,1,1
1,1,1,1,1,1,1,1,1,1
1,1,1,1,1,1,1,1,1,1
1,1,1,1,1,1,1,1,1,1
1,1,1,1,1,1,1,1,1,1
1,1,1,1,1,1,1,1,1,1
1,1,1,1,1,1,1,1,1,1
1,1,1,1,1,1,1,1,1,1
1,1,1,1,1,1,1,1,1,1
1,1,1,1,1,1,1,1,1,1
1,1,1,1,1,1,1,1,1,1
1,1,1,1,1,1,1,1,1,1
1,1,1,1,1,1,1,1,1,1
1,1,1,1,1,1,1,1,1,1
1,1,1,1,1,1,1,1,1,1
1,1,1,1,1,1,1,1,1,1
1,1,1,1,1,1,1,1,1,1
1,1,1,1,1,1,1,1,1,1
1,1,1,1,1,1,1,1,1,1
1,1,1,1,1,1,1,1,1,1
1,1,1,1,1,1,1,1,1,1
1,1,1,1,1,1,1,1,1,1
1,1,1,1,1,1,1,1,1,1
1,1,1,1,1,1,1,1,1,1
1,1,1,1,1,1,1,1,1,1
1,1,1,1,1,1,1,1,1,1
1,1,1,1,1,1,1,1,1,1
1,1,1,1,1,1,1,1,1,1
1,1,1,1,1,1,1,1,1,1
1,1,1,1,1,1,1,1,1,1
1,1,1,1,1,1,1,1,1,1
1,1,1,1,1,1,1,1,1,1
1,1,1,1,0.9917482,1,1,1,1,1
1,1,1,1,0.9817475,1,1,1,1,1
1,1,1,1,0.9717469,1,1,1,1,1
1,1,1,1,0.9617463,1,1,1,1,1
1,1,1,1,0.9517457,1,1,1,1,1
1,1,1,1,0.9417451,1,1,1,1,1
1,1,1,1,0.9317445,1,1,1,1,1
1,1,1,1,0.9217439,1,1,1,1,1
1,1,1,0.9258084,0.9117433,1,1,1,1,1
1,1,1,0.9155666,0.9017428,1,1,1,1,1
1,1,1,0.9053157,0.8917426,1,1,1,1,1
1,1,1,0.8950566,0.8817428,1,1,1,1,1
1,1,1,0.8847901,0.8717438,0.8855939,1,1,1,1
1,1,1,0.8746446,0.861743,0.8754293,1,1,1,1
1,1,1,0.8644996,0.8517423,0.8652643,1,1,1,1
1,1,1,0.8543547,0.8417416,0.8550991,1,1,1,1
1,1,1,0.8442103,0.8317407,0.8449337,1,1,1,1
1,1,1,0.8340659,0.8217402,0.834768,1,1,1,1
1,1,1,0.8239218,0.8117393,0.8246021,1,1,1,1
1,1,1,0.8137777,0.8017386,0.8144361,1,1,1,1
1,1,1,0.8036338,0.7917379,0.8042699,1,1,1,1
1,1,1,0.79349,0.7817371,0.7941037,1,1,1,1
1,1,1,0.7833462,0.7717364,0.7839375,1,1,1,1
1,1,1,0.7732024,0.7617357,0.7737712,1,1,1,1
1,1,1,0.7630587,0.751735,0.763605,1,1,1,1
1,1,1,0.7529148,0.7417343,0.7534388,1,1,1,1
1,1,1,0.7427709,0.7317336,0.7432728,1,1,1,1
1,1,1,0.7326269,0.7217329,0.7331068,1,1,1,1
1,1,1,0.7224828,0.7117321,0.722941,1,1,1,1
1,0.8132601,1,0.7123385,0.7017314,0.7127753,1,1,1,2
1,0.7921753,1,0.7014738,0.69175,0.7033717,1,1,1,2
1,0.7710307,1,0.6906104,0.6817992,0.6940321,1,1,1,2
1,0.7498915,1,0.679756,0.6718794,0.6847507,1,1,1,2
1,0.728823,1,0.6689206,0.6619938,0.6755239,1,1,1,2
1,0.7078899,1,0.6581166,0.6521476,0.6663507,1,1,1,2
1,0.6871458,1,0.6473516,0.6423421,0.6572256,1,1,1,2
1,0.6666378,1,0.6366326,0.6325777,0.6481429,1,1,1,2
1,0.6464103,1,0.625968,0.6228568,0.6390991,1,1,1,2
1,0.6516115,1,0.6153619,0.613178,0.6300868,1,1,1,2
1,0.6573752,1,0.6048598,0.6035014,1,1,1,1,2
1,0.6655411,1,0.5942412,0.5940175,1,1,1,1,2
1,0.6736211,1,0.5837523,0.5845545,1,1,1,1,2
1,0.6815923,1,0.5733747,0.5751001,1,1,1,1,2
1,0.6894249,1,0.5630923,0.565644,1,1,1,1,2
1,0.6970958,1,0.552891,0.5561779,1,1,1,1,2
1,0.7045842,0.5689201,0.5427583,0.5466951,1,1,1,1,2
1,1,0.556399,0.5325868,0.537608,1,1,1,1,1
1,1,0.5455003,0.5226282,0.527866,1,1,1,1,1
1,1,0.5346526,0.5126851,0.5181186,1,1,1,1,1
1,1,0.523851,0.5027534,0.5083621,1,1,1,1,1
1,1,0.5130972,0.4928355,0.498599,1,1,1,1,1
1,1,0.5023862,0.4829274,0.4888259,1,1,1,1,1
1,1,0.4917195,0.4730313,0.4790454,1,1,1,1,1
0.6935064,1,0.4810922,0.4631435,0.4692543,1,1,1,1,2
0.649085,1,0.4690276,0.4532631,0.4604007,1,1,1,1,2
0.6065621,1,0.4570934,0.4435075,0.4516885,1,1,1,1,2
0.5661696,1,0.4453255,0.4338854,0.44311,1,1,1,1,2
0.5619701,1,0.4337506,0.4243999,0.4346532,1,1,1,1,2
0.5691492,1,0.4224905,0.4150127,0.4261692,1,1,1,1,2
0.5762468,1,0.4115365,0.4056877,0.4175968,1,1,1,1,2
0.5832273,1,0.4008377,0.3963984,0.4089208,1,1,1,1,2
0.5900607,1,0.3903516,0.3871245,0.4001315,1,1,1,1,2
0.5967219,1,0.3800453,0.3778531,0.3912266,1,1,1,1,2
0.6031945,1,0.3698885,0.3685726,0.3822045,1,1,1,1,2
0.6094624,1,0.3598558,0.3592743,1,1,1,1,1,2
1,1,0.3496052,0.3503454,1,1,1,1,1,1
1,0.3981988,0.3400356,0.340717,1,1,1,1,1,2
1,0.3839341,0.3299879,0.3317805,1,1,1,1,1,2
1,0.3701535,0.3200859,0.3228678,1,1,1,1,1,2
1,0.3568128,0.3103141,0.3139701,1,1,1,1,1,2
1,0.3438679,0.3006554,0.3050768,1,1,1,1,1,2
1,0.3312822,0.2910977,0.2961822,1,1,1,1,1,2
1,0.3190222,0.2816301,0.2872816,1,1,1,1,1,2
1,0.3070545,0.2722402,0.2783688,1,1,1,1,1,2
1,0.2953519,0.2629199,0.2694416,1,1,1,1,1,2
1,0.2838865,0.2536591,0.2604957,1,1,1,1,1,2
1,0.272633,0.244449,0.2515277,1,1,1,1,1,2
1,0.2615716,0.2352844,0.242538,1,1,1,1,1,2
1,0.2506848,0.2261614,1,1,1,1,1,1,2
0.3361244,0.2390962,0.217107,1,1,1,1,1,1,2
0.3145452,0.2270911,0.2082165,1,1,1,1,1,1,2
0.2942409,0.2155044,0.1995028,1,1,1,1,1,1,2
0.2751073,0.2043142,0.1909578,1,1,1,1,1,1,2
0.2570555,0.1935034,0.1825768,1,1,1,1,1,1,2
0.2400019,0.1830529,0.1743525,1,1,1,1,1,1,2
0.2238717,0.1729451,0.166278,1,1,1,1,1,1,2
0.2086012,0.1631668,1,1,1,1,1,1,1,2
0.1941255,0.1536992,1,1,1,1,1,1,1,2
0.1803935,0.1445315,1,1,1,1,1,1,1,2
0.1673551,0.1356501,1,1,1,1,1,1,1,2
0.154965,0.1270428,1,1,1,1,1,1,1,2
0.1431819,0.1186978,1,1,1,1,1,1,1,2
0.1319719,0.1225109,1,1,1,1,1,1,1,2
0.1212969,0.1891299,1,1,1,1,1,1,1,2
0.1111294,0.2806216,1,1,1,1,1,1,1,2
0.1014369,1,1,1,1,1,1,1,1,2
0.09593942,1,1,1,1,1,1,1,1,2
0.1145042,1,1,1,1,1,1,1,1,2
0.1344375,1,1,1,1,1,1,1,1,2
0.1557716,1,1,1,1,1,1,1,1,2
0.178515,1,1,1,1,1,1,1,1,2
0.2026861,1,1,1,1,1,1,1,1,2
0.2282773,1,1,1,1,1,1,1,1,2
0.2552672,1,1,1,1,1,1,1,1,2
0.2836356,1,1,1,1,1,1,1,1,2
0.31334,1,1,1,1,1,1,1,1,2
0.344314,1,1,1,1,1,1,1,1,2
1,1,1,1,1,1,1,1,1,1
1,1,1,1,1,1,1,1,1,1
1,1,1,1,1,1,1,1,1,1
1,1,1,1,1,1,1,1,1,1
1,1,1,1,1,1,1,1,1,1
1,1,1,1,1,1,1,1,1,1
1,1,1,1,1,1,1,1,1,1
1,1,1,1,1,1,1,1,1,1
1,1,1,1,1,1,1,1,1,1
1,1,1,1,1,1,1,1,1,1
1,1,1,1,1,1,1,1,1,1
1,1,1,1,1,1,1,1,1,1
1,1,1,1,1,1,1,1,1,1
1,1,1,1,1,1,1,1,1,1
1,1,1,1,1,1,1,1,1,1
1,1,1,1,1,1,1,1,1,1
1,1,1,1,1,1,1,1,1,1
1,1,1,1,1,1,1,1,1,1
1,1,1,1,1,1,1,1,1,1
1,1,1,1,1,1,1,1,1,1
1,1,1,1,1,1,1,1,1,1
1,1,1,1,1,1,1,1,1,1
1,1,1,1,1,1,1,1,1,1
1,1,1,1,1,1,1,1,1,1
1,1,1,1,1,1,1,1,1,1
1,1,1,1,1,1,1,1,1,1
1,1,1,1,1,1,1,1,1,1
1,1,1,1,1,1,1,1,1,1
1,1,1,1,1,1,1,1,1,1
1,1,1,1,1,1,1,1,1,1
1,1,1,1,1,1,1,1,1,1
1,1,1,1,1,1,1,1,1,1
1,1,1,1,1,1,1,1,1,1
1,1,1,1,1,1,1,1,1,1
1,1,1,1,1,1,1,1,1,1
1,1,1,1,1,1,1,1,1,1
1,1,1,1,1,1,1,1,1,1
1,1,1,1,1,1,1,1,1,1
1,1,1,1,1,1,1,1,1,1
1,1,1,1,1,1,1,1,1,1
1,1,1,1,1,1,1,1,1,1
1,1,1,1,1,1,1,1,1,1
1,1,1,1,1,1,1,1,1,1
1,1,1,1,1,1,1,1,1,1
1,1,1,1,1,1,1,1,1,1
1,1,1,1,1,1,1,1,1,1
1,1,1,1,1,1,1,1,1,1
1,1,1,1,1,1,1,1,1,1
1,1,1,1,1,1,1,1,1,1
1,1,1,1,1,1,1,1,1,1
1,1,1,1,1,1,1,1,1,1
1,1,1,1,1,1,1,1,1,1
1,1,1,1,1,1,1,1,1,1
1,1,1,1,1,1,1,1,1,1
1,1,1,1,1,1,1,1,1,1
1,1,1,1,1,1,1,1,1,1
1,1,1,1,1,1,1,1,1,1
1,1,1,1,1,1,1,1,1,1
1,1,1,1,1,1,1,1,1,1
1,1,1,1,1,1,1,1,1,1
1,1,1,1,1,1,1,1,1,1
1,1,1,1,1,1,1,1,1,1
1,1,1,1,1,1,1,1,1,1
1,1,1,1,1,1,1,1,1,1
1,1,1,1,1,1,1,1,1,1
1,1,1,1,1,1,1,1,1,1
1,1,1,1,1,1,1,1,1,1
1,1,1,1,1,1,1,1,1,1
1,1,1,1,1,1,1,1,1,1
1,1,1,1,1,1,1,1,1,1
1,1,1,1,1,1,1,1,1,1
1,1,1,1,1,1,1,1,1,1
1,1,1,1,1,1,1,1,1,1
0.9981408,1,1,1,1,1,1,1,1,1
1,1,1,1,1,1,1,1,1,1
1,1,1,1,1,1,1,1,1,1
1,1,1,1,1,1,1,1,1,1
1,1,1,1,1,1,1,1,1,1
1,1,1,1,1,1,1,1,1,1
1,1,1,1,1,1,1,1,1,1
1,1,1,1,1,1,1,1,1,1
1,1,1,1,1,1,1,1,1,1
1,1,1,1,1,1,1,1,1,1
1,1,1,1,1,1,1,1,1,1
1,1,1,1,1,1,1,1,1,1
1,1,1,1,1,1,1,1,1,1
1,1,1,1,1,1,1,1,1,1
1,1,0.9999285,1,1,1,1,1,1,1
1,1,0.9932474,1,1,1,1,1,1,1
1,1,0.9864863,1,1,1,1,1,1,1
1,1,0.9796498,1,1,1,1,1,1,1
1,1,0.9727316,1,1,1,1,1,1,1
1,1,1,1,1,1,1,1,1,1
1,1,1,1,1,1,1,1,1,1
1,1,1,1,1,1,1,1,1,1
1,1,1,1,1,1,1,1,1,1
1,1,1,1,1,1,1,1,1,1
1,1,1,1,1,1,1,1,1,1
1,1,1,1,1,1,1,1,1,1
1,1,1,1,1,1,1,1,1,1
1,1,1,1,1,1,1,1,1,1
1,1,1,1,1,1,1,1,1,1
1,1,1,1,1,1,1,1,1,1
1,1,1,1,1,1,1,1,1,1
1,1,1,1,1,1,1,1,1,1
1,1,1,1,1,1,1,1,1,1
1,1,1,1,1,1,1,1,1,1
1,1,1,1,1,1,1,1,1,1
1,1,1,1,1,1,1,1,1,1
1,1,1,1,1,1,1,1,1,1
1,1,1,1,1,1,1,1,1,1
1,1,1,1,1,1,1,1,1,1
1,1,1,1,1,1,1,1,1,1
1,1,1,1,1,1,1,1,1,1
1,1,1,1,1,1,1,1,1,1
1,1,1,1,1,1,1,1,1,1
1,1,1,1,1,1,1,1,1,1
1,1,1,1,1,1,1,1,1,1
1,1,1,1,1,1,1,1,1,1
1,1,1,1,1,1,1,1,1,1
1,1,1,1,1,1,1,1,1,1
1,1,1,1,1,1,1,1,1,1
1,1,1,1,1,1,1,1,1,1
1,1,1,1,1,1,1,1,1,1
1,1,1,1,1,1,1,1,1,1
1,1,1,1,1,1,1,1,1,1
1,0.7216818,1,1,1,1,1,1,1,1
1,0.6396413,1,1,1,1,1,1,1,1
1,0.6337249,1,1,1,1,1,1,1,1
1,0.6278011,1,1,1,1,1,1,1,1
1,0.6218699,1,1,1,1,1,1,1,1
1,0.6159312,1,1,1,1,1,1,1,1
1,0.609985,1,1,1,1,1,1,1,1
1,0.6040314,1,1,1,1,1,1,1,1
1,0.5980704,1,1,1,1,1,1,1,1
1,0.5921019,1,1,1,1,1,1,1,1
1,0.586126,1,1,1,1,1,1,1,1
1,0.5801426,1,1,1,1,1,1,1,1
1,0.5741517,1,1,1,1,1,1,1,1
1,0.5681534,1,1,1,1,1,1,1,1
1,0.5621475,1,1,1,1,1,1,1,1
1,0.5561341,1,1,1,1,1,1,1,1
1,0.5501132,1,1,1,1,1,1,1,1
1,0.5440847,1,1,1,1,1,1,1,1
1,0.5380516,1,1,1,1,1,1,1,1
1,0.5320109,1,1,1,1,1,1,1,1
1,0.5259627,1,1,1,1,1,1,1,1
1,1,1,1,1,1,1,1,1,1
1,1,1,1,1,1,1,1,1,1
1,1,1,1,1,1,1,1,1,1
1,1,1,1,1,1,1,1,1,1
1,1,1,1,1,1,1,1,1,1
1,1,1,1,1,1,1,1,1,1
1,1,1,1,1,1,1,1,1,1
1,1,1,1,1,1,1,1,1,1
1,1,1,1,1,1,1,1,1,1
1,1,1,1,1,1,1,1,1,1
0.4950401,1,1,1,1,1,1,1,1,2
0.4870757,1,1,1,1,1,1,1,1,2
0.4792661,1,1,1,1,1,1,1,1,2
0.4716092,1,1,1,1,1,1,1,1,2
0.4641027,1,1,1,1,1,1,1,1,2
0.4567409,1,1,1,1,1,1,1,1,2
0.4495246,1,1,1,1,1,1,1,1,2
0.4424511,1,1,1,1,1,1,1,1,2
0.4355145,1,1,1,1,1,1,1,1,2
0.4287155,1,1,1,1,1,1,1,1,2
0.453696,1,1,1,1,1,1,1,1,2
0.4924598,1,1,1,1,1,1,1,1,2
0.5320243,1,1,1,1,1,1,1,1,2
1,1,1,1,1,1,1,1,1,1
1,1,1,1,1,1,1,1,1,1
1,1,1,1,1,1,1,1,1,1
1,1,1,1,1,1,1,1,1,1
1,1,1,1,1,1,1,1,1,1
1,1,1,1,1,1,1,1,1,1
1,1,1,1,1,1,1,1,1,1
1,1,1,1,1,1,1,1,1,1
1,1,1,1,1,1,1,1,1,1
1,1,1,1,1,1,1,1,1,1
1,1,1,1,1,1,1,1,1,1
1,1,1,1,1,1,1,1,1,1
1,1,1,1,1,1,1,1,1,1
1,1,1,1,1,1,1,1,1,1
1,1,1,1,1,1,1,1,1,1
1,1,1,1,1,1,1,1,1,1
1,1,1,1,1,1,1,1,1,1
1,1,1,1,1,1,1,1,1,1
1,1,1,1,1,1,1,1,1,1
1,1,1,1,1,1,1,1,1,1
1,1,1,1,1,1,1,1,1,1
1,1,1,1,1,1,1,1,1,1
1,1,1,1,1,1,1,1,1,1
1,1,1,1,1,1,1,1,1,1
1,1,1,1,1,1,1,1,1,1
1,1,1,1,1,1,1,1,1,1
1,1,1,1,1,1,1,1,1,1
1,1,1,1,1,1,1,1,1,1
1,1,1,1,1,1,1,1,1,1
1,1,1,1,1,1,1,1,1,1
1,1,1,1,1,1,1,1,1,1
1,1,1,1,1,1,1,1,1,1
1,1,1,1,1,1,1,1,1,1
1,1,1,1,1,1,1,1,1,1
1,1,1,1,1,1,1,1,1,1
1,1,1,1,1,1,1,1,1,1
1,1,1,1,1,1,1,1,1,1
1,1,1,1,1,1,1,1,1,1
1,1,1,1,1,1,1,1,1,1
1,1,1,1,1,1,1,1,1,1
1,1,1,1,1,1,1,1,1,1
1,1,1,1,1,1,1,1,1,1
1,1,1,1,1,1,1,1,1,1
1,1,1,1,1,1,1,1,1,1
1,1,1,1,1,1,1,1,1,1
1,1,1,1,1,1,1,1,1,1
1,1,1,1,1,1,1,1,1,1
1,1,1,1,1,1,1,1,1,1
1,1,1,1,1,1,1,1,1,1
1,1,1,1,1,1,1,1,1,1
1,1,1,1,1,1,1,1,1,1
1,1,1,1,1,1,1,1,1,1
1,1,1,1,1,1,1,1,1,1
1,1,1,1,1,1,1,1,1,1
1,1,1,1,1,1,1,1,1,1
1,1,1,1,1,1,1,1,1,1
1,1,1,1,1,1,1,1,1,1
1,1,1,1,1,1,1,1,1,1
1,1,1,1,1,1,1,1,1,1
1,1,1,1,1,1,1,1,1,1
1,1,1,1,1,1,1,1,1,1
1,1,1,1,1,1,1,1,1,1
1,1,1,1,1,1,1,1,1,1
1,1,1,1,1,1,1,1,1,1
1,1,1,1,1,1,1,1,1,1
1,1,1,1,1,1,1,1,1,1
1,1,1,1,1,1,1,1,1,1
1,1,1,1,1,1,1,1,1,1
1,1,1,1,1,1,1,1,1,1
1,1,1,1,1,1,1,1,1,1
1,1,1,1,1,1,1,1,1,1
1,1,1,1,1,1,1,1,1,1
1,1,1,1,1,1,1,1,1,1
1,1,1,1,1,1,1,1,1,1
1,1,1,1,1,1,1,1,1,1
1,1,1,1,1,1,1,1,1,1
1,1,1,1,1,1,1,1,1,1
1,1,1,1,1,1,1,1,1,1
1,1,1,1,1,1,1,1,1,1
1,1,1,1,1,1,1,1,1,1
1,1,1,1,1,1,1,1,1,1
1,1,1,1,1,1,1,1,1,1
1,1,1,1,1,1,1,1,1,1
1,1,1,1,1,1,1,1,1,1
1,1,1,1,1,1,1,1,1,1
1,1,1,1,1,1,1,1,1,1
1,1,1,1,1,1,1,1,1,1
1,1,1,1,1,1,1,1,1,1
1,1,1,1,1,1,1,1,1,1
1,1,1,1,1,1,1,1,1,1
1,1,1,1,1,1,1,1,1,1
1,1,1,0.989261,1,0.9970833,1,1,1,1
1,1,1,0.9782697,1,0.9880975,1,1,1,1
1,1,1,0.9678743,1,0.9793843,1,1,1,1
1,1,1,0.9580376,1,0.9709307,1,1,1,1
1,1,0.9937576,0.948727,1,0.9627256,1,1,1,1
1,1,0.9853715,0.9400395,1,0.9548188,1,1,1,1
1,1,0.9765149,0.9319841,1,0.9472191,1,1,1,0
1,1,0.9672192,0.9245394,1,0.9399216,1,1,1,0
1,1,0.9575211,0.9176871,1,0.9329224,0.9919702,1,1,0
1,1,0.9472591,0.9117035,1,0.9263574,0.9094442,1,1,0
1,1,0.934709,0.9092762,1,0.9214932,0.8532076,1,1,0
1,1,0.9207716,0.9094948,0.9732752,0.9179326,0.8466817,1,1,0
1,1,0.9207169,0.9114032,0.9429457,0.9152438,0.8405957,1,1,0
1,1,0.9306843,0.9148591,0.9123383,0.9133663,0.8349574,1,1,0
1,1,0.9432856,0.9196919,0.8820136,0.9122197,0.8297579,1,1,0
1,1,0.9585821,0.9258652,0.8522602,0.9117824,0.8250039,1,1,0
1,1,0.9766393,0.933333,0.8232975,0.9120248,0.8206946,1,1,0
1,1,0.9975269,0.9420394,0.7952842,0.9129084,0.8168212,1,1,0
1,1,1,0.9595242,0.7914835,1,0.8133655,1,1,0
1,1,1,0.9397136,0.7922741,0.9388541,0.8093559,1,1,0
1,1,1,0.918578,0.7954254,0.9008517,0.8063276,1,1,0
1,1,1,0.8970357,0.8004425,0.8627699,0.804139,1,1,0
1,1,1,0.8753358,0.8074108,0.8251138,0.8028361,1,1,0
1,1,1,0.8544558,0.8152691,0.7897078,0.8020318,1,1,0
1,1,1,0.8343404,0.8240806,0.7563319,0.8017346,1,1,0
1,1,1,0.8149453,0.8339259,0.7248023,0.8019611,1,1,0
1,1,1,0.7962267,0.8448859,0.7069932,0.8027228,1,1,0
1,1,1,0.7781401,0.8732465,0.7117016,0.8040398,0.7189547,1,0
1,1,1,0.7606515,0.8491942,0.7171318,0.8059278,0.7134982,1,0
1,1,1,0.764896,0.8261096,0.7233315,1,0.7085119,1,0
1,1,1,0.7858528,0.8039244,0.7303542,0.8312675,0.7039937,1,0
1,1,1,0.8096004,0.7825798,0.7382598,0.7866381,0.6999426,1,0
1,1,1,0.8365757,0.7620252,0.747111,0.7450894,0.6963557,1,0
1,1,1,0.8673318,0.7422105,0.7569875,0.706291,0.6932371,1,0
1,1,1,0.9025379,0.7230896,0.7679697,0.6699578,0.6905861,1,0
1,1,1,0.9430442,0.7046201,0.7921374,0.6358415,0.6884061,1,0
1,1,1,0.9899247,0.6867658,0.7680256,0.6093012,0.6866987,1,0
1,1,1,1,0.66949,0.7448923,0.6136849,0.6854697,1,0
1,1,1,1,0.6819992,0.7226714,0.6187381,0.6847262,1,0
1,1,1,1,0.7039993,0.7013023,0.6245024,0.6844765,1,0
1,1,1,1,0.7289975,0.6807331,0.6310197,0.6847272,0.659987,0
1,1,1,1,0.7574837,0.6609126,0.6383367,0.6854862,0.6545553,0
1,1,1,1,0.7900724,0.6417969,0.64651,0.6867661,0.6496323,0
1,1,1,1,0.8275329,0.6233423,0.6556033,0.6885812,0.645212,0
1,1,1,1,0.8708309,0.6055084,0.6656824,1,0.6412864,0
1,1,1,1,0.9212097,0.5899295,0.6768222,0.7183009,0.6378487,0
1,1,1,1,1,0.6094186,0.6786776,0.6617662,0.6348966,0
1,1,1,1,1,0.6314691,0.654345,0.6103704,0.6324286,0
1,1,1,1,1,0.6564617,0.6310506,0.563414,0.6304386,0
1,1,1,1,1,0.6848783,0.6087257,0.5203301,0.6289273,0
1,1,1,1,1,0.7173037,0.5873075,0.5035366,0.627894,0
1,1,1,1,1,0.7544762,0.5667351,0.5076983,0.6273418,0
1,1,1,1,1,0.7973183,0.5469528,0.512433,0.6272721,0
1,1,1,1,1,0.8470112,0.527913,0.5177663,0.6276874,0
1,1,1,1,1,1,0.5095681,0.5237266,0.6285915,0
1,1,1,1,1,1,0.4996479,0.5303451,0.6299891,0
1,1,1,1,1,1,0.5174695,0.5376604,0.6318897,0
1,1,1,1,1,1,0.5374056,0.5457072,1,0
1,1,1,1,1,1,0.5597474,0.5545321,0.6488364,0
1,1,1,1,1,1,1,1,1,1
1,0.9959029,1,1,1,1,0.9764137,1,1,1
1,0.9956599,1,1,1,1,0.9652506,1,1,1
1,0.9952553,1,1,1,1,0.9540063,1,1,1
1,0.9946851,1,1,1,1,0.9426862,1,1,1
1,0.9939584,1,1,1,1,0.9312956,1,1,1
1,0.9930724,1,1,1,1,0.91984,1,1,1
1,0.9920326,1,1,1,1,0.9083248,1,1,1
1,0.9908452,1,1,1,1,0.8967558,1,1,1
1,0.9895126,1,1,1,1,0.8851383,1,1,1
1,0.9880408,1,1,1,1,0.8734779,1,1,1
1,0.9864332,1,1,1,1,0.8617802,1,1,1
1,0.9846924,1,1,1,1,0.8500504,1,1,1
1,0.9828258,1,1,1,1,0.8382972,1,1,1
1,0.9808404,1,1,1,1,0.8265225,1,1,1
1,0.9787396,1,1,1,1,0.8147313,1,1,1
1,0.9765307,1,1,1,1,0.8029283,1,1,1
1,0.9742209,1,1,1,1,0.791118,1,1,1
1,0.9718136,1,1,1,1,0.7793049,1,1,1
1,0.9693156,1,1,1,1,0.7674966,1,1,1
1,0.9667339,1,1,1,1,0.7556936,1,1,1
1,0.9640718,1,1,1,1,0.7438997,1,1,1
1,0.9613394,1,1,1,1,0.7321216,1,1,1
1,0.9585393,1,1,1,1,0.7203592,1,1,1
1,0.955674,1,1,1,1,0.7086155,1,1,1
1,0.9527532,1,1,1,1,0.6968967,1,1,1
1,0.949779,1,1,1,1,0.6852018,1,1,1
1,0.9467608,1,1,1,1,0.6735362,1,1,1
1,0.9436997,1,1,1,1,0.6619022,1,1,1
1,0.9406007,1,1,1,1,0.6502982,1,1,1
1,0.9374686,1,1,1,1,0.6461543,1,1,1
1,0.934385,1,1,1,1,0.6535097,1,1,1
1,0.9255158,1,1,1,1,0.6606244,1,1,1
1,0.9117432,1,1,1,1,0.6671303,1,1,1
1,0.8971244,1,1,1,1,0.6727038,1,1,1
1,0.8816832,1,1,1,1,0.6772819,1,1,1
1,0.8654417,1,1,1,1,0.6807954,1,1,1
1,0.8484353,1,1,1,1,0.6832073,1,1,1
1,0.8307069,1,1,1,1,0.6844774,1,1,1
1,0.8123071,1,1,1,1,0.6845919,1,1,1
1,0.7932881,1,1,1,1,0.6835619,1,1,1
1,0.7737183,1,1,1,1,0.6813982,1,1,1
1,0.7536604,1,1,1,1,0.6781363,1,1,1
0.9963683,0.733186,1,1,1,1,0.6738346,1,1,2
0.9256579,0.7122256,1,1,1,1,0.6682934,1,1,2
0.8438423,0.6961199,1,1,1,1,0.6570077,1,1,2
0.7627047,0.7015439,1,1,1,1,0.6403626,1,1,2
0.7648461,0.7087936,1,1,1,1,0.6205281,1,1,2
0.7670906,0.715933,1,1,1,1,0.6030483,1,1,2
0.7694088,0.7229321,1,1,1,1,0.587547,1,1,2
0.7717751,0.7297652,1,1,1,1,0.5737235,1,1,2
0.7741668,0.7364094,1,1,1,1,0.5613349,1,1,2
0.776567,0.7428492,1,1,1,1,0.5501763,1,1,2
0.7789581,0.7490675,1,1,1,1,0.540086,0.5940576,1,0
0.7779719,0.7457839,1,1,1,1,0.5453147,0.5737773,1,0
0.7769016,0.7423334,1,1,1,1,0.5510509,0.553637,1,0
0.7757587,0.7387459,1,1,1,1,0.5572814,0.5336795,1,0
0.7745506,0.7350454,1,1,1,1,0.5640002,0.5139308,1,0
0.7732869,0.7312571,1,1,1,1,0.5711951,0.4944209,1,0
0.7719725,0.7273996,1,1,1,1,0.5788611,0.4751693,1,0
0.7706182,0.7234972,1,1,1,1,0.9636751,0.4561903,1,1
0.7706012,0.7235548,1,1,1,1,0.9527736,0.4408695,1,1
0.7704396,0.7231934,1,1,1,1,0.9415733,0.4251969,1,1
0.7701326,0.7224194,1,1,1,1,0.9300951,0.4092218,1,1
0.7696837,0.7212474,1,1,1,1,0.918362,0.3929946,1,1
0.7690919,0.7196876,1,1,1,1,0.9063993,0.3765664,1,1
0.7683606,0.7177575,1,1,1,1,0.8942364,0.3599926,1,1
0.7674973,0.7154809,1,1,1,1,0.8858325,0.3433176,1,1
0.7665199,0.7129176,1,1,1,1,0.8943671,0.3268253,1,1
0.744886,0.7102574,1,1,1,1,0.9034361,0.3283592,1,1
0.7102702,0.7083179,1,1,1,1,0.9100073,0.3295641,1,1
0.6699343,0.7073333,1,1,1,1,0.9130431,0.3302843,1,1
0.6244801,0.7073535,1,1,1,1,0.9122828,0.3304712,1,1
0.5748695,0.7084274,1,1,1,1,0.9076331,0.330091,1,2
0.5708293,0.7105936,1,1,1,1,0.8992065,0.3291321,1,1
0.5712162,0.7127134,1,1,1,1,0.8913102,0.3281946,1,1
0.571595,0.7146799,1,1,1,1,0.8842524,0.3273312,1,1
0.571965,0.7165023,1,1,1,1,0.8779332,0.3265336,0.4650066,0
0.5690587,0.7055221,1,1,1,1,0.916351,0.332273,0.4015134,0
0.5661157,0.6945983,1,1,1,1,0.9602132,0.3387364,0.3450224,0
0.5631975,0.6839511,1,1,1,1,1,0.3458507,0.2949197,0
0.5603222,0.6736516,1,1,1,1,1,0.3535985,0.2660863,0
0.5575086,0.6637864,1,1,1,1,1,0.3619222,0.2690882,0
0.5548555,0.6548625,1,1,1,1,1,0.3703245,0.272238,0
0.5523217,0.6467431,1,1,1,1,1,0.378758,0.275507,0
0.5498748,0.6393159,1,1,1,1,1,0.8331121,0.2788683,1
0.5483013,0.6372982,1,1,1,1,1,0.8195443,0.2806123,1
0.5467129,0.6352161,1,1,1,1,1,0.8058828,0.282383,1
0.5451072,0.6330692,1,1,1,1,1,0.7921417,0.2841837,1
0.543482,0.6308576,1,1,1,1,1,0.7783275,0.2860171,1
0.541841,0.6285884,1,1,1,1,1,0.7644547,0.2878797,1
0.5401787,0.6262583,1,1,1,1,1,0.7505291,0.2897777,1
0.5384989,0.6238745,1,1,1,1,1,0.7365647,0.2917071,1
0.5367994,0.6214374,1,1,1,1,1,0.7225712,0.293671,1
0.5350809,0.618951,1,1,1,1,1,0.7085575,0.2956687,1
0.5333411,0.6164152,1,1,1,1,1,0.6945328,0.297703,1
0.5315806,0.613834,1,1,1,1,1,0.6805052,0.2997733,1
0.5298003,0.6112112,1,1,1,1,1,0.6664829,0.3018789,1
0.5280007,0.6085504,1,1,1,1,1,0.6524732,0.3040193,1
0.5261794,0.6058515,1,1,1,1,1,0.6384827,0.306197,1
0.52434,0.6031215,1,1,1,1,1,0.6245183,1,2
0.5238758,0.608846,1,1,1,1,1,0.6226968,1,2
0.5238491,0.6152339,1,1,1,1,1,0.621044,1,2
0.5242626,1,1,1,1,1,1,0.6195711,1,2
0.5239326,1,1,1,1,1,1,0.6109313,1,2
0.5236927,1,1,1,1,1,1,0.6019617,1,2
0.5235342,1,1,1,1,1,1,0.5926526,1,2
0.5234484,1,1,1,1,1,1,0.5829869,1,2
0.5234234,1,1,1,1,1,1,0.5729622,1,2
0.5234506,1,1,1,1,1,1,0.5625651,1,2
0.5235214,1,1,1,1,1,1,0.5546972,1,2
0.5236371,1,1,1,1,1,1,0.5523072,1,2
0.5238109,1,1,1,1,1,1,0.5499753,1,2
0.5240384,1,1,1,1,1,1,0.5477012,1,2
0.5243182,1,1,1,1,1,1,0.54548,1,2
0.5246462,1,1,1,1,1,1,0.5433117,1,2
0.5250213,1,1,1,1,1,1,0.5411919,1,2
0.5254393,1,1,1,1,1,1,0.5391209,1,2
0.5258993,1,1,1,1,1,1,0.5370944,1,2
0.5263972,1,1,1,1,1,1,0.5351128,1,2
0.5269324,1,1,1,1,1,1,0.5331724,1,2
0.5275006,1,1,1,1,1,1,0.5312738,1,1
0.5280983,1,1,1,1,1,1,0.5294175,1,1
1,1,1,1,1,1,1,0.5276,1,0
1,1,1,1,1,1,1,0.5345428,1,0
1,1,1,1,1,1,1,0.5417914,0.8108839,0
1,1,1,1,1,1,1,0.5527256,0.7241609,0
1,1,1,1,1,1,1,0.564624,0.6485053,0
1,1,1,1,1,1,1,0.577561,0.5819398,0
1,1,1,1,1,1,1,0.5916103,0.5229098,0
1,1,1,1,1,1,1,0.6068591,0.4702173,0
1,1,0.9899785,1,1,1,1,0.6234052,0.4498693,0
1,1,0.9569526,1,1,1,1,0.6413586,0.4560008,0
1,1,0.9259185,1,1,1,1,0.6608382,0.4626816,0
1,1,0.8966752,1,1,1,1,0.6819888,0.4699388,0
1,1,0.869056,1,1,1,1,1,0.4777948,0
1,1,0.8482413,1,1,1,1,1,0.4848169,0
1,1,0.8292267,1,1,1,1,1,0.491955,0
1,1,0.8117822,1,1,1,1,1,0.4991778,0
0.9550107,1,0.7957062,1,1,1,1,1,0.5064625,0
0.9547013,1,0.7824822,1,1,1,1,1,0.5131468,0
0.9696202,1,0.7701548,1,1,1,1,1,0.519807,0
1,1,0.7581102,1,1,1,1,1,0.5266507,0
1,1,0.7458207,1,1,1,1,1,0.5339175,0
1,1,0.7343103,1,1,1,1,1,0.541141,0
1,1,0.7235051,1,1,1,1,1,0.5482973,0
1,1,0.7133291,1,1,1,1,1,0.5553747,0
1,1,0.7037206,0.9873137,1,1,1,1,0.562359,0
1,1,0.6948165,0.9708721,1,1,1,1,0.5691174,0
1,1,0.6866046,0.9562065,1,1,1,1,0.5756003,1
1,1,0.6790028,0.9430834,1,1,1,1,0.581807,1
1,1,0.6719429,0.9313105,1,1,1,1,0.5877386,1
1,1,0.6653639,0.9207226,1,1,1,1,0.5934013,1
1,1,0.6592101,0.9111758,1,1,1,1,0.5988059,1
1,1,0.6534422,0.9025604,1,1,1,1,0.6039563,1
1,1,0.6480235,0.8947777,1,1,1,1,0.9064304,2
1,1,0.6491135,0.9023626,1,1,1,1,0.9042512,2
1,1,0.6501392,1,1,1,1,1,0.9023668,2
1,1,0.6498319,1,1,1,1,1,0.902007,2
1,1,0.649588,1,1,1,1,1,0.9016747,2
1,0.9036414,0.6494071,1,1,1,1,1,0.9013683,2
1,0.8520063,0.6518759,1,1,1,1,1,0.8987385,2
1,0.7997204,0.6558269,1,1,1,1,1,0.8951058,2
1,0.7476915,0.6613407,1,1,1,1,1,0.8905959,2
1,0.6967119,0.6684881,1,1,1,1,1,0.8853593,2
1,0.6474255,0.6773268,1,1,1,1,1,0.8795635,2
1,0.6002973,0.6879202,1,1,1,1,1,0.8733665,2
1,0.5556384,0.700321,1,1,1,0.960333,1,0.866923,2
1,0.5139369,0.7142625,1,1,1,0.8963926,1,0.8605244,2
1,0.4925725,0.7294533,1,1,1,0.8903197,1,0.8543833,2
1,0.4957307,0.7456535,1,1,1,0.8843957,1,0.8486169,2
1,0.4989504,0.7618684,1,1,1,0.8783752,1,0.8435515,2
1,0.5022016,1,1,1,1,0.8722188,1,0.83909,2
1,0.5037565,1,1,1,1,0.8645131,1,0.8369862,2
1,0.5053612,1,1,1,1,0.8567178,1,0.8350215,2
1,0.5069997,1,1,1,1,0.8488232,1,0.8331914,2
1,0.5086669,1,1,1,1,0.8408241,1,0.8314823,2
1,0.5103506,1,1,1,1,0.8327131,1,0.8298882,2
0.8181386,0.5120429,1,1,1,1,0.8244867,1,0.8284005,2
0.6983399,0.5165756,1,1,1,1,0.8184167,1,0.8247278,2
0.5843541,0.5231971,1,1,1,1,0.8138057,1,0.8199307,2
0.4862981,0.5311664,1,1,1,1,0.8099865,1,0.8148566,2
0.431859,0.5399088,1,1,1,1,0.8064542,1,0.8099837,2
0.4343046,0.5494677,1,1,1,1,0.8032088,1,0.8053073,2
0.4371899,0.5598993,1,1,1,1,0.8002577,1,0.8008167,2
0.4405221,0.5712583,1,1,1,0.9415859,0.7976093,1,0.7965081,2
0.4443164,0.5836137,1,1,1,0.8590592,0.7952697,1,0.7923719,2
0.4485021,0.5967453,1,1,1,0.7903298,0.7930281,1,0.7884731,2
0.4527426,0.6095284,1,1,1,0.7365626,0.7900252,1,0.7850188,2
0.4569873,1,1,1,1,0.6969059,0.7862265,1,0.7819034,1
0.4590168,1,1,1,1,0.6872827,0.7762498,1,0.7802451,1
0.4609775,1,1,1,1,0.6775231,0.7659516,1,0.7786286,1
0.4628604,1,1,1,1,0.6676303,0.7553416,1,0.7770547,1
0.4646575,1,1,1,1,0.6576086,0.7444321,1,0.7755247,1
0.4663614,1,1,1,1,0.6474605,0.7332334,1,0.7740411,1
0.467966,1,1,1,1,0.6403824,0.7217655,1,0.7726064,1
0.4694739,1,1,1,1,0.6355909,0.7100613,1,0.7712204,1
0.4708899,1,1,1,1,0.6316965,0.6981488,1,0.7698811,1
0.4722156,1,1,1,1,0.6286412,0.6860546,1,0.7685891,1
0.4734527,1,1,1,1,0.626375,0.6738013,1,0.7673451,1
0.4746003,1,1,1,1,0.6248657,0.6614069,1,0.7661535,1
0.4756605,1,1,1,1,0.6240772,0.6488925,1,0.7650157,1
0.4766359,1,1,1,1,0.6239783,0.6362783,1,0.7639334,1
0.4775289,1,1,1,1,0.6245434,0.6235834,1,0.7629085,1
0.4783453,1,1,1,1,0.6257402,0.6108258,1,0.7619398,1
0.4790841,1,1,1,1,0.6275616,0.5980219,1,0.7610325,1
0.4797509,1,1,1,1,0.6299817,0.5851873,1,0.7601856,1
0.4803478,1,1,1,1,0.6329888,0.572336,1,0.759401,1
0.48088,1,1,1,1,0.6365625,0.5594772,1,0.7586778,1
0.4813491,1,1,1,1,0.6406959,0.5466262,1,0.7580179,1
0.4817598,1,1,1,1,0.6453728,0.5337932,1,0.7574202,1
0.4821133,1,1,1,1,0.6505899,0.5209836,1,0.7568867,1
0.4824136,1,1,1,1,0.6563342,0.5082091,1,0.756416,1
0.4826647,1,1,1,1,0.6625935,0.4954764,1,0.7560068,1
0.48287,1,1,1,1,1,0.4827913,1,0.7556579,1
0.483696,1,1,1,1,1,0.4711329,1,1,2
0.4863764,1,1,1,1,0.6415505,0.4621265,1,1,2
0.4883144,1,1,1,1,0.627195,0.4518325,1,1,1
1,1,1,1,1,0.6145653,0.4413205,1,1,0
1,1,1,1,1,1,0.4255304,1,1,0
1,1,1,1,1,1,0.411169,1,1,0
1,1,1,1,1,1,0.3970407,1,1,0
1,1,1,1,1,1,0.3831445,1,1,0
1,1,1,1,1,1,0.3694747,0.9999529,1,0
1,1,1,1,1,1,0.3708795,0.9684974,1,0
1,1,1,1,1,1,0.3803163,0.4885612,1,0
1,1,1,1,1,1,0.3977136,0.4609509,1,0
1,1,1,1,1,1,0.4174851,0.4348722,1,0
1,1,1,1,1,1,0.4400014,0.4101984,1,0
1,1,1,1,1,1,0.4657346,0.3868122,1,0
1,1,1,1,1,1,0.4952539,0.3646091,1,0
1,1,1,1,1,1,1,0.3434991,1,0
1,1,1,1,1,1,1,0.3239784,1,0
1,1,1,1,1,1,1,0.3052281,1,0
1,1,1,1,1,1,1,0.2872244,1,0
1,1,1,1,1,1,1,0.2776165,1,0
1,1,1,1,1,1,1,0.2876471,0.4413637,0
1,1,1,1,1,1,1,0.2993358,0.4031723,0
1,1,1,1,1,1,1,0.3121734,0.3681431,0
1,1,1,1,1,1,1,0.3262812,0.3359001,0
1,1,1,1,1,1,1,0.3417872,0.3061306,0
1,1,1,1,1,1,1,0.3588393,0.2785677,0
1,1,1,1,1,1,1,0.3776144,0.2529714,0
1,1,1,1,1,1,1,0.3983186,0.2421302,0
0.7904087,1,1,1,1,1,1,1,0.2503594,0
0.7613298,1,1,1,1,1,1,1,0.2582772,0
0.7476534,1,1,1,1,1,1,1,0.266273,0
0.7413828,1,1,1,1,1,1,1,0.2744341,0
0.7392138,1,1,1,1,1,1,1,0.2828047,0
0.7395166,1,1,1,1,1,1,1,0.2914037,0
0.7414113,1,1,1,1,1,1,1,0.300247,0
0.7443826,1,1,1,1,1,1,1,0.3093448,0
0.748131,1,1,1,1,1,1,1,0.3186991,0
0.7524363,1,1,1,1,1,1,1,0.3283139,0
0.7571773,1,1,1,1,1,1,1,0.3381959,0
0.7622589,1,1,1,1,1,1,1,0.3483416,0
0.767614,1,1,1,1,1,1,1,1,2
1,1,1,1,1,1,1,1,1,1
1,1,1,1,1,1,1,1,1,1
1,1,1,1,1,1,1,1,1,1
1,1,1,1,1,1,1,1,1,1
1,1,1,1,1,1,1,1,1,1
1,1,1,1,1,1,1,1,1,1
1,1,1,1,1,1,1,1,1,1
1,1,1,1,1,1,1,1,1,1
1,1,1,1,1,1,1,1,1,1
1,1,1,1,1,1,1,1,1,1
1,1,1,1,1,1,1,1,1,1
1,1,1,1,1,1,1,1,1,1
1,1,1,1,1,1,1,1,1,1
1,1,1,1,1,1,1,1,1,1
1,1,1,1,1,1,1,1,1,1
1,1,1,1,1,1,1,1,1,1
1,1,1,1,1,1,1,1,1,1
1,1,1,1,1,1,1,1,1,1
1,1,1,1,1,1,1,1,1,1
1,1,1,1,1,1,1,1,1,1
1,1,1,1,1,1,1,1,1,1
1,1,1,1,1,1,1,1,1,1
1,1,1,1,1,1,1,1,1,1
1,1,1,1,1,1,1,1,1,1
1,1,1,1,1,1,1,1,1,1
1,1,1,1,1,1,1,1,1,1
1,1,1,1,1,1,0.9989437,1,1,1
1,1,1,1,1,1,0.9901944,1,1,1
1,1,1,1,1,1,0.9814431,1,1,1
1,1,1,1,1,1,0.97269,1,1,1
1,1,1,1,1,1,0.9639349,1,1,1
1,1,1,1,1,1,0.9551781,1,1,1
1,1,1,1,1,1,0.9464165,1,1,1
1,1,1,1,1,1,0.9376532,1,1,1
1,1,1,1,1,1,0.9288883,1,1,1
1,1,1,1,1,1,0.9201189,1,1,1
1,1,1,1,1,1,0.911348,1,1,1
1,1,1,1,1,1,0.9025759,1,1,1
1,1,1,1,1,1,0.8937994,1,1,1
1,1,1,1,1,1,0.8850218,1,1,1
1,1,1,1,1,1,0.87624,1,1,1
1,1,1,1,1,1,0.8674542,1,1,1
1,1,1,1,1,1,0.8586674,1,1,1
1,1,1,1,1,1,0.8498768,1,1,1
1,1,1,1,1,1,0.8410824,1,1,1
1,1,1,1,1,1,0.8322874,1,1,1
1,1,1,1,1,1,0.8234888,1,1,1
1,1,1,1,1,1,0.8146867,1,1,1
1,1,1,1,1,1,0.8058812,1,1,1
1,1,1,1,1,1,0.7970724,1,1,1
1,1,1,1,1,1,0.7882634,1,1,1
1,1,1,1,1,1,0.7794513,0.834178,1,1
1,1,1,1,1,1,0.7707782,0.8241848,1,1
1,1,1,1,1,1,0.7621199,0.8141891,1,1
1,1,1,1,1,1,0.7534765,0.8041936,1,1
1,1,1,1,1,1,0.7448508,0.7942045,1,1
1,1,1,1,1,1,0.7362396,0.7842211,1,1
1,1,1,1,1,1,0.7276459,0.7742492,1,1
1,1,1,1,1,1,0.7190695,0.7642915,1,1
1,1,1,1,1,1,0.7105101,0.7543504,1,1
1,1,1,1,1,1,0.7019675,0.744428,1,1
1,1,1,1,1,1,0.6934413,0.7345269,1,1
1,1,1,1,1,1,0.6849345,0.7246522,0.9997036,1
1,1,1,1,1,1,0.6764441,0.7148002,0.9849335,1
1,1,1,1,1,1,0.6680005,0.7048708,0.9698192,1
1,1,1,1,1,1,0.659608,0.6948767,0.9543999,1
1,1,1,1,1,1,0.6512708,0.6848323,0.9387183,0
1,1,1,1,1,1,0.6429933,0.6747521,0.9228187,0
1,1,1,1,1,1,0.6347765,0.6646479,0.9067426,0
1,1,1,1,1,1,0.6266274,0.6545382,0.8905405,0
1,1,1,1,1,1,1,0.6444349,0.8961915,0
1,1,1,1,1,1,1,0.6340848,0.9115504,0
1,1,1,1,1,1,1,0.6239396,0.9268541,0
1,1,1,1,1,1,1,0.6139853,0.9420754,0
1,1,1,1,1,1,1,0.6042091,0.957188,0
1,1,1,1,1,1,1,0.5945925,0.9721673,0
1,1,1,1,1,1,1,0.5851248,0.9869903,0
1,1,1,1,1,1,1,0.5757955,1,0
1,1,1,1,1,1,1,0.5665826,1,0
1,1,1,1,1,1,1,0.5574307,0.7010837,0
1,1,1,1,1,1,1,0.5472772,0.6833883,0
1,1,1,1,1,1,1,0.537327,0.666146,0
1,1,1,1,1,1,1,0.5275884,0.6493778,0
1,1,1,1,1,1,1,0.5180645,0.633095,0
1,1,1,1,1,1,1,0.5087596,0.6173074,0
1,1,1,1,1,1,1,0.4996764,0.6020205,0
1,1,1,1,1,1,1,0.4908129,0.5872319,0
1,1,1,1,1,1,1,0.4821688,0.5729395,0
1,1,1,1,1,1,1,0.4737399,0.5591343,0
1,1,1,1,1,1,1,0.4655207,0.5458055,0
1,1,1,1,1,1,1,0.4575051,0.53294,0
1,1,1,1,1,1,1,0.5576249,0.5205232,0
1,1,1,1,1,1,1,0.7147886,0.5086689,0
1,1,1,1,1,1,1,1,0.4973579,0
1,1,1,1,1,1,1,1,0.4866099,0
1,1,1,1,1,1,1,1,0.4761146,0
1,1,1,1,1,1,1,1,0.4658691,0
1,1,1,1,1,1,1,1,0.4558702,0
1,1,1,1,1,1,1,1,0.4461139,0
1,1,1,1,1,1,1,1,0.4365993,0
1,1,1,1,1,1,1,1,0.4273181,0
1,1,1,1,1,1,1,1,0.418269,0
1,1,1,1,1,1,1,1,0.4094466,0
1,1,1,1,1,1,1,1,0.4008457,0
1,1,1,1,1,1,1,1,0.3930408,0
1,1,1,1,1,1,1,1,0.4233913,0
1,1,1,1,1,1,1,1,0.454616,0
1,1,1,1,1,1,1,1,0.4866251,0
1,1,1,1,1,1,1,1,0.5193108,0
1,1,1,1,1,1,1,1,0.5525542,0
1,1,1,1,1,1,1,1,0.586247,0
1,1,1,1,1,1,1,1,0.6202558,0
1,1,1,1,1,1,1,1,0.6544515,0
1,1,1,1,1,1,1,1,0.6887015,0
1,1,1,1,1,1,1,1,0.7228718,1
1,1,1,1,1,1,1,1,0.7568294,1
1,1,1,1,1,1,1,1,0.7904433,1
1,1,1,1,1,1,1,1,1,1
1,1,1,1,1,1,1,1,1,1
1,1,1,1,1,1,1,1,1,1
1,1,1,1,1,1,1,1,1,1
0.9890372,1,1,1,1,1,1,1,1,1
0.9775678,1,1,1,1,1,1,1,1,1
0.9716769,1,1,1,1,1,1,1,1,1
0.9809739,1,1,1,1,1,1,1,1,1
0.9899696,1,1,1,1,1,1,1,1,1
0.9986631,1,1,1,1,1,1,1,1,1
1,1,1,1,1,1,1,1,1,1
1,1,1,1,1,1,1,1,1,1
1,1,1,1,1,1,1,1,1,1
1,1,1,1,1,1,1,1,1,1
1,1,1,1,1,1,1,1,1,1
1,1,1,1,1,1,1,1,1,1
1,1,1,1,1,1,1,1,1,1
1,1,1,1,1,1,1,1,1,1
1,1,1,1,1,1,1,1,1,1
1,1,1,1,1,1,1,1,1,1
1,1,1,1,1,1,1,1,1,1
1,1,1,1,1,1,1,1,1,1
1,1,1,1,1,1,1,1,1,1
1,1,1,1,1,1,1,1,1,1
1,1,1,1,1,1,1,1,1,1
1,1,1,1,1,1,1,1,1,1
1,1,1,1,1,1,1,1,1,1
1,1,1,1,1,1,1,1,1,1
1,1,1,1,1,1,1,1,1,1
1,1,1,1,1,1,1,1,1,1
1,1,1,1,1,1,1,1,1,1
1,1,1,1,1,1,1,1,1,1
1,1,1,1,1,1,1,1,1,1
1,1,1,1,1,1,1,1,1,1
1,1,1,1,1,1,1,1,1,1
1,1,1,1,1,1,1,1,1,1
1,1,1,1,1,1,1,1,1,1
1,1,1,1,1,1,1,1,1,1
1,1,1,1,1,1,1,1,1,1
1,1,1,1,1,1,1,1,1,1
1,1,1,1,1,1,1,1,1,1
1,1,1,1,1,1,1,1,1,1
1,1,1,1,1,1,1,1,1,1
1,1,1,1,1,1,1,1,1,1
1,1,1,1,1,1,1,1,1,1
1,1,1,1,1,1,1,1,1,1
1,1,1,1,1,1,1,1,1,1
1,1,1,1,1,1,1,1,1,1
1,1,1,1,1,1,1,1,1,1
1,1,1,1,1,1,1,1,1,1
1,1,1,1,1,1,1,1,1,1
1,1,1,1,1,1,1,1,1,1
1,1,1,1,1,1,1,1,1,1
1,1,1,1,1,1,1,1,1,1
1,1,1,1,1,1,1,1,1,1
1,1,1,1,1,1,1,1,1,1
1,1,1,1,1,1,1,1,1,1
1,1,1,1,1,1,1,1,1,1
1,1,1,1,1,1,1,1,1,1
1,1,1,1,1,1,1,1,1,1
1,1,1,1,1,1,1,1,1,1
1,1,1,1,1,1,1,1,1,1
1,1,1,1,1,1,1,1,1,1
1,1,1,1,1,1,1,1,1,1
1,1,1,1,1,1,1,1,1,1
1,1,1,1,1,1,1,1,1,1
1,1,1,1,1,1,1,1,1,1
1,1,1,1,1,1,1,1,1,1
1,1,1,1,1,1,1,1,1,1
1,1,1,1,1,1,1,1,1,1
1,1,1,1,1,1,1,1,1,1
1,1,1,1,1,1,1,1,1,1
1,1,1,1,1,1,1,1,1,1
1,1,1,1,1,1,1,1,1,1
0.998144,1,1,1,1,1,1,1,1,1
0.986971,1,1,1,1,1,1,1,1,1
0.9754971,1,1,1,1,1,1,1,1,1
0.9637334,1,1,1,1,1,1,1,1,1
0.9516842,1,1,1,1,1,1,1,1,1
0.9393592,0.9916425,1,1,1,1,1,1,1,1
0.9264976,0.9823562,1,1,1,1,1,1,1,1
0.9130899,0.9728848,1,1,1,1,1,1,1,1
0.8991593,0.9632403,1,1,1,1,1,1,1,2
0.8847346,0.9814103,1,1,1,1,1,1,1,2
0.8777224,1,1,1,1,1,1,1,1,1
0.8907468,1,1,1,1,1,1,1,1,1
0.9035098,1,1,1,1,1,1,1,1,1
0.9159864,1,1,1,1,1,1,1,1,1
0.9281588,1,1,1,1,1,1,1,1,1
0.9400021,1,1,1,1,1,1,1,1,1
0.9514992,1,1,1,1,1,1,1,1,1
0.9626353,1,1,1,1,1,1,1,1,1
0.9733992,1,1,1,1,1,1,1,1,1
0.9837871,1,1,1,1,1,1,1,1,1
0.9937874,1,1,1,1,1,1,1,1,1
1,1,1,1,1,1,1,1,1,1
1,1,1,1,1,1,1,1,1,1
1,1,1,1,1,1,1,1,1,1
1,1,1,1,1,1,1,1,1,1
1,1,1,1,1,1,1,1,1,1
1,1,1,1,1,1,1,1,1,1
1,1,1,1,1,1,1,1,1,1
1,1,1,1,1,1,1,1,1,1
0.9729975,1,1,1,1,1,1,1,1,1
0.9619276,1,1,1,1,1,1,1,1,1
0.9506055,1,1,1,1,1,1,1,1,1
0.9390395,1,1,1,1,1,1,1,1,1
0.92724,1,1,1,1,1,1,1,1,1
0.915218,1,1,1,1,1,1,1,1,1
0.9029809,1,1,1,1,1,1,1,1,1
0.8905423,1,1,1,1,1,1,1,1,1
0.877916,1,1,1,1,1,1,1,1,1
0.8651166,1,1,1,1,1,1,1,1,2
0.8521603,1,1,1,1,1,1,1,1,2
0.8390635,1,1,1,1,1,1,1,1,2
0.8258439,1,1,1,1,1,1,1,1,2
0.8125198,1,1,1,1,1,1,1,1,2
0.7991102,1,1,1,1,1,1,1,1,2
0.8029561,1,1,1,1,1,1,1,1,2
0.8215181,1,1,1,1,1,1,1,1,2
0.8398336,1,1,1,1,1,1,1,1,2
0.8578256,1,1,1,1,1,1,1,1,2
0.8754374,1,1,1,1,1,1,1,1,2
0.8925992,1,1,1,1,1,1,1,1,1
1,1,1,1,1,1,1,1,1,1
1,1,1,1,1,1,1,1,1,1
1,1,1,1,1,1,1,1,1,1
1,1,1,1,1,1,1,1,1,1
1,1,1,1,1,1,1,1,1,1
1,1,1,0.994665,1,1,1,1,1,1
1,1,1,0.9845033,1,1,1,1,1,1
1,1,1,0.9743292,1,1,1,1,1,1
1,1,1,0.9641428,1,1,1,0.9574993,1,1
1,1,1,0.9541745,1,1,1,0.9406971,1,1
1,1,1,0.9442815,1,1,1,0.9234326,1,1
1,1,1,0.9344652,1,1,1,0.9057261,1,1
1,1,1,0.9247277,1,1,1,0.8876036,1,1
1,1,1,0.9150708,1,1,1,0.8690948,1,1
1,1,1,0.9054967,1,1,1,0.8502342,1,1
1,1,1,0.8960107,1,1,1,0.8310649,1,0
1,1,1,0.8866122,1,1,1,0.8116234,1,0
1,1,1,0.8773034,1,1,1,0.8055979,1,0
1,1,1,0.868012,1,1,1,0.8096711,1,0
1,1,1,0.8586751,1,1,1,0.8136768,1,0
1,1,1,0.8492937,1,1,1,0.817606,1,0
1,1,1,0.8398663,1,1,1,0.8214492,1,1
1,1,1,0.8303882,1,1,1,0.8251984,1,1
1,1,1,0.8208615,1,1,1,0.8288453,1,1
1,1,1,0.8112858,1,1,1,0.8323869,1,1
1,1,1,0.8016576,1,1,1,0.835816,1,1
1,1,1,0.79198,1,1,1,1,1,1
1,1,1,0.7813208,1,1,1,1,1,1
1,1,1,0.7706596,1,1,1,1,1,1
1,1,1,0.7599975,1,1,1,1,1,1
1,1,1,0.749333,1,1,1,1,1,1
1,1,1,0.7386705,1,1,1,1,1,1
1,1,1,0.7280082,1,1,1,1,1,1
1,1,1,0.7173504,1,1,1,1,1,1
1,1,1,0.7066952,1,1,1,1,1,1
1,1,1,0.6960469,1,1,1,1,1,1
1,1,1,0.6854067,1,1,1,1,1,1
1,1,1,0.6747723,1,1,1,1,1,1
1,1,1,0.6641479,1,1,1,1,1,1
1,1,1,0.6535343,1,1,1,1,1,1
1,1,1,0.6429293,1,1,1,1,1,1
1,1,1,0.6323368,1,1,1,1,1,1
1,1,1,0.6217574,1,1,1,1,1,1
1,1,1,0.6111917,1,1,1,1,1,1
1,1,1,0.6006405,1,1,1,1,1,1
0.9634282,1,1,0.5901009,1,1,1,1,1,2
0.9645087,1,1,0.5794173,1,1,1,1,1,2
0.965649,1,1,0.5687693,1,1,1,1,1,2
0.9668475,1,1,0.5581559,1,1,1,1,1,2
0.9681021,1,1,0.5475764,1,1,1,1,1,2
0.9694108,1,1,0.5370297,1,1,1,1,1,2
0.9707683,1,1,0.5362149,1,1,1,1,0.7591392,0
0.9693621,1,1,0.5190232,1,1,1,1,0.7028317,0
0.9673892,1,1,0.5073659,1,1,1,1,0.6440526,0
0.964867,1,1,0.498066,1,1,1,1,0.6373683,0
0.9623807,0.998198,1,0.488769,1,1,1,1,0.6392347,0
0.9600257,0.9907857,1,0.4794281,1,1,1,1,0.6411566,0
0.9578312,0.9840049,1,0.4700225,1,1,1,1,0.6430837,0
0.95578,0.9777988,1,0.4605493,1,1,1,1,0.6450012,0
0.9538546,0.9721149,1,0.451007,1,1,1,1,0.6468988,0
0.9520405,0.9669069,1,0.4413955,1,1,1,1,0.6487673,0
0.9503224,0.962131,1,0.4317155,1,1,1,1,0.6506015,0
0.9486936,0.9577563,1,0.4219685,1,1,1,1,0.652391,0
0.9471431,0.9537483,1,0.4121571,1,1,1,1,1,2
0.9483668,0.9598159,1,0.4009205,1,1,1,1,1,2
0.9496984,0.9658902,1,0.3898019,1,1,1,1,1,2
0.9511245,0.9719512,0.4166849,0.3787941,1,1,1,1,1,2
0.9553067,0.9868828,0.4013954,0.4063884,1,1,1,1,1,2
0.9596977,1,0.3868359,0.4471418,1,1,1,1,1,2
0.9642092,1,0.3729045,1,1,1,1,1,1,2
1,1,0.3599804,1,1,1,1,1,1,2
1,1,0.3474734,1,1,1,1,1,1,2
1,1,0.3351341,1,1,1,1,1,1,2
1,1,0.322956,1,1,1,1,1,1,2
1,1,0.3109329,1,1,1,1,1,1,2
1,1,0.2990584,1,1,1,1,1,1,2
1,1,0.2873291,1,1,1,1,1,1,2
1,1,0.2757384,1,1,1,1,1,1,2
1,1,0.2654921,1,1,1,1,1,1,2
0.986488,1,0.2772499,1,1,0.9853603,1,1,1,2
0.9368135,1,0.2900016,1,1,0.9500782,1,1,1,2
0.8874183,0.2967953,0.3049801,1,1,0.9137707,1,1,1,2
0.8563946,0.2783117,0.3332786,1,1,0.853672,1,1,1,2
0.8667038,0.2606528,1,1,1,0.8481647,1,1,1,2
0.8778328,0.2437592,1,1,1,0.8444667,1,1,1,2
0.8898176,0.2275768,1,1,1,0.8411268,1,1,1,2
0.9026982,0.2120601,1,1,1,0.8381535,1,1,1,2
0.9161255,0.1972626,1,1,1,0.8352711,1,1,1,2
0.9299647,0.188475,1,1,0.9530961,0.8323696,1,1,1,2
0.9437399,0.1991296,1,1,0.8884827,0.829106,1,1,1,2
0.2436302,0.2099613,1,1,0.8364094,0.8250922,1,1,1,2
0.2193807,0.2238257,1,1,0.7763194,0.8237993,1,1,1,2
0.1967935,0.2392109,1,1,0.7568833,0.8229262,1,1,1,2
0.1756994,1,1,1,0.753037,0.8224832,1,1,1,2
0.1586775,1,1,1,0.7492197,0.8219433,1,1,0.7170005,2
0.1647188,1,1,1,0.7417614,0.8152186,1,1,1,2
0.1726018,1,1,1,0.7379945,1,1,1,0.7124845,2
0.1796155,1,1,1,0.7315222,1,1,1,1,2
0.1887408,1,1,0.821071,0.7289037,1,1,1,0.6923955,2
0.1956799,1,1,0.7892951,0.7210104,1,1,1,1,2
0.2050649,1,1,0.7302126,0.7174748,1,1,1,0.7017232,1
0.2120558,1,1,0.707055,0.7087747,1,1,1,1,2
1,1,1,0.6608275,0.7044224,1,1,1,1,0
1,1,1,0.6668695,0.6904697,1,1,1,1,0
1,1,1,0.6735687,0.676712,1,1,1,1,0
1,1,1,0.6809477,0.6631454,1,1,1,1,0
1,1,1,0.6890329,0.6497685,1,1,1,1,0
1,1,1,0.6978542,0.6365786,1,1,1,1,0
1,1,1,0.707446,0.6235692,1,1,1,1,0
1,1,1,0.7178351,0.6107332,0.6743542,1,1,1,0
1,1,1,0.7528003,0.5960053,0.6554641,1,1,1,0
1,1,1,1,0.581683,0.6372517,1,1,1,0
1,1,1,1,0.56818,0.6204128,1,1,1,0
1,1,1,1,0.5548713,0.6038998,1,1,1,0
1,1,1,1,0.5417645,0.5877235,1,1,1,0
1,1,1,1,0.5288609,0.5718862,1,1,1,0
1,1,1,1,0.5161622,0.5563899,1,1,1,0
1,1,1,1,0.5097985,0.5412327,1,1,1,0
1,0.9948155,1,1,0.5254869,0.52643,1,1,1,0
1,0.9855636,1,1,0.5423657,0.5120612,1,1,1,0
1,0.9831411,1,1,0.5602566,0.4981112,1,1,1,0
1,0.9804484,1,1,0.579533,0.4845053,1,1,1,0
1,0.9774566,1,1,0.6002477,0.471216,0.551813,1,1,0
1,0.9807512,1,1,1,0.4565288,0.53065,1,1,0
1,0.9837828,1,1,1,0.4424087,0.5106831,1,1,0
1,0.9872935,1,1,1,0.4286355,0.4914341,1,1,0
1,0.9912562,1,1,1,0.4152002,0.4728793,1,1,0
1,0.9956458,1,1,1,0.4310907,0.4549938,1,1,0
1,1,1,1,1,0.455238,0.4378446,1,1,0
1,1,1,1,1,0.4825901,0.4213899,1,1,0
1,1,1,1,1,0.5133489,0.4055947,1,1,0
1,1,1,1,1,0.5479428,0.3903931,1,1,0
1,1,1,1,1,1,0.375725,1,1,0
1,1,1,1,1,1,0.3622185,1,1,0
1,1,1,1,1,1,0.3489287,1,1,0
1,1,1,1,1,1,0.3358482,1,1,0
1,1,1,1,1,1,0.3229726,1,1,0
1,1,1,1,1,1,0.310297,0.4322321,1,0
1,1,1,1,1,1,0.3264264,0.4072619,1,0
1,1,1,1,1,1,0.3451939,0.3836083,1,0
1,1,1,1,1,1,0.3668093,0.3611673,1,0
0.9448289,1,0.9935298,1,1,1,0.3918109,0.3398414,1,0
0.9406041,1,0.957683,1,1,1,0.4208605,0.3195432,1,0
0.9366067,1,0.9241915,1,1,1,1,0.3001979,1,0
0.9334351,1,0.9005179,1,1,1,1,0.2831321,1,0
0.9303939,1,0.8785886,1,1,1,1,0.2667405,1,0
0.927462,1,0.8582174,1,1,1,1,0.2509568,1,0
0.9246199,1,0.8392416,1,1,1,1,0.2357216,1,0
0.9218493,1,0.8215178,1,1,1,1,0.2297835,0.3821747,0
0.9187862,1,0.7958876,1,1,1,1,0.2400853,0.3468051,0
0.9159252,1,0.7715977,1,1,1,1,0.2514458,0.3143277,0
0.9132654,1,0.7628261,1,1,1,1,0.2639676,0.2844024,0
0.9108034,1,0.7641665,1,1,1,1,0.2777743,0.2567406,0
0.908539,1,0.765988,1,1,1,1,0.2930027,0.2311008,0
0.9064695,1,0.7683193,1,1,1,1,0.3098174,0.20727,0
0.9045923,1,0.7520164,0.9357284,1,1,1,0.3284107,0.1983564,0
0.9029085,1,0.7319582,0.8968437,1,1,1,1,0.2060511,0
0.9004234,1,0.7185647,0.872546,1,1,1,1,0.2127719,0
0.897755,1,0.7064954,0.8512765,1,1,1,1,0.2194847,0
0.894886,1,0.6955553,0.8325371,1,1,1,1,0.2261617,0
0.8918095,1,0.6855875,0.8159379,1,1,1,1,0.2327768,0
0.8885287,1,0.67647,0.8011758,1,1,1,1,0.2393014,0
0.8850476,1,0.6680962,0.7879969,1,1,1,1,0.2457169,1
0.8813748,1,0.6603786,0.7761967,1,1,1,1,0.2520062,1
0.8775228,1,0.6532456,0.7656076,1,1,1,1,0.2581542,1
0.8735073,1,0.6466376,0.7560924,1,1,1,1,0.2641475,1
0.869346,1,0.6405054,0.7475375,1,1,1,1,0.2699746,1
0.8650553,1,0.6348041,0.739843,1,1,1,1,0.2756293,1
0.8606557,1,0.6294998,0.7329302,1,1,1,1,0.2811033,1
0.8561622,1,0.6245562,0.726723,1,1,1,1,0.2863973,1
0.851593,1,0.6199461,0.7211606,1,1,1,1,1,2
0.8445352,1,0.5988132,0.7362572,1,1,1,1,1,2
0.9778916,1,0.5712205,0.7530165,1,1,0.9970261,1,1,2
1,0.9326092,0.5548851,1,1,1,0.9887099,1,1,2
1,0.8614801,0.5586792,1,1,1,0.9804249,1,1,2
1,0.7914244,0.5643895,1,1,1,0.9725359,1,1,2
1,0.7239689,0.5721663,1,1,1,0.9651407,1,1,2
1,0.6632689,0.5808967,1,1,1,0.9580759,1,1,2
1,0.608441,0.5906048,1,1,1,0.9513297,1,1,2
1,0.5586524,0.6013787,1,1,1,0.9449013,1,1,2
1,0.5132133,0.6133037,1,1,1,0.9387871,1,1,2
1,0.4979459,0.6264864,1,1,1,0.9329874,1,1,2
1,0.5013795,0.641043,1,1,1,0.9275001,1,1,2
1,0.5053557,0.6571115,1,1,1,0.9223237,1,1,2
1,0.5098931,1,1,1,1,0.9174606,1,1,2
1,0.4865689,1,1,1,0.8714775,0.9116737,1,1,2
1,0.4557889,1,1,1,0.8622263,0.9061496,1,1,2
1,0.4487528,1,1,1,0.8532254,0.9010044,1,1,2
0.8468293,0.4531273,1,1,1,0.84443,0.8959786,1,1,2
0.7079447,0.4592342,1,1,1,0.8361804,0.8924111,1,1,2
0.5954702,0.466003,1,1,1,0.8282475,0.8891661,1,1,2
0.5025136,0.4734675,1,1,1,0.8206286,0.886251,1,1,2
0.4453057,0.4816737,1,1,1,0.8133183,0.8836705,1,1,2
0.4481266,0.4906641,1,1,1,0.8063151,1,1,1,2
0.4514005,0.5004944,1,1,0.7816983,0.7996153,1,1,1,2
0.4551391,0.5112224,1,1,0.7725521,0.7932184,1,1,1,2
0.4422453,0.522908,1,1,0.7637366,0.7871221,1,1,1,2
0.3986407,0.5356225,1,1,0.7552443,0.7813244,1,1,1,2
0.4033079,0.5494505,1,1,0.7470712,0.7758271,1,1,1,2
0.4084601,1,1,1,0.7392113,0.7706296,1,1,1,2
0.4135498,1,1,1,0.7313107,0.7649645,1,1,1,2
0.4188771,1,1,1,0.7235185,0.759266,1,1,1,2
0.4244149,1,1,0.7682843,0.7157984,0.7534965,1,1,1,2
0.4300823,1,1,0.6925582,0.7080818,0.7475522,1,1,1,2
0.4358324,1,1,0.6832525,0.7003298,0.7413868,1,1,1,2
0.4416482,1,1,0.6740531,0.6925197,0.734988,1,1,1,2
0.4474955,1,1,0.6649266,0.6846233,0.7283279,1,1,1,2
0.4533448,1,1,0.6558475,0.6766201,0.7213875,1,1,1,2
0.4591678,1,1,0.6467938,0.6684936,0.7141524,1,1,1,2
0.4649343,1,1,0.6377446,0.6602281,0.7066095,1,1,1,2
0.4706225,1,1,0.6286852,0.6518149,0.6987537,1,1,1,2
0.4762054,1,1,0.6196011,0.6432452,0.6905807,1,1,1,2
0.4816654,1,1,0.6104808,0.6345136,0.6820904,1,1,1,2
0.5596102,1,1,0.6013152,0.6256174,0.6732857,1,1,1,1
0.5640254,1,1,0.5918797,0.6160392,0.6632653,1,1,1,1
0.568233,1,1,0.5823952,0.6063308,0.6530098,1,1,1,1
1,1,1,0.5728619,0.5964993,0.6425347,1,1,1,0
1,1,1,0.5621072,0.5837164,0.6268618,1,1,1,0
1,1,1,0.5514825,0.5711616,0.611567,1,1,1,0
1,1,1,0.5409842,0.5588321,0.5966451,1,1,1,0
1,1,1,0.5305982,0.5467133,0.5820782,1,1,1,0
1,1,1,0.5203186,0.5347986,0.5678556,1,1,1,0
1,1,1,0.5101358,0.523077,0.5539619,1,1,1,0
1,1,1,0.5000399,0.5115368,0.5403804,1,1,1,0
1,1,1,0.490018,0.5001627,0.5270904,1,1,1,0
1,1,1,0.4800604,0.4889428,0.5140743,1,1,1,0
1,1,1,0.470158,0.4778648,0.5013146,1,1,1,0
1,1,1,0.460302,0.4669174,0.4887941,1,1,1,0
1,1,1,0.4504815,0.4560865,0.476493,1,1,1,0
1,1,1,0.4406892,0.4453615,0.4643956,0.5279735,1,1,0
1,1,1,0.4310998,0.4340854,0.4509088,0.5092038,1,1,0
1,1,1,0.4216239,0.4230852,0.4379085,0.4914459,1,1,0
1,1,1,0.4122264,0.4123178,0.4253356,0.4745862,1,1,0
1,1,1,0.4028764,0.4017441,0.4131359,0.4585211,1,1,0
1,1,1,0.3935506,0.3913327,0.4012634,0.4431604,1,1,0
1,1,1,0.3842271,0.3810532,0.3896743,0.4284203,1,1,0
1,1,1,1,0.3708768,0.378327,0.414223,1,1,0
1,1,1,1,0.3607667,0.3669208,0.3997583,1,1,0
1,1,1,1,0.3507593,0.3557426,0.3857933,1,1,0
1,1,1,1,0.340835,0.3447643,0.3722757,1,1,0
1,1,1,1,0.3309737,0.333958,0.3591552,1,1,0
1,1,1,1,0.3211612,0.3233019,0.3463898,1,1,0
1,1,1,1,0.3113826,0.3127742,0.3339388,1,1,0
1,1,1,1,0.3016286,0.3023585,0.3217693,1,1,0
1,1,1,1,0.2918888,0.2920383,0.3098488,0.412535,1,0
1,1,1,1,0.2824697,0.2815805,0.2970339,0.3902923,1,0
1,1,1,1,0.2731576,0.2713008,0.2845572,0.3691317,1,0
1,1,1,1,0.2639469,0.2611913,0.2724028,0.3489752,1,0
1,1,1,1,0.2548259,0.2512385,0.2605493,0.3297442,1,0
1,1,1,1,1,0.2414382,0.2489861,0.3113795,1,0
1,1,1,1,1,0.2317777,0.2376939,0.2938157,1,0
1,1,1,1,1,0.2222504,0.2266606,0.2770008,1,0
1,1,1,1,1,0.2128501,0.2158751,0.2608877,1,0
1,1,1,1,1,0.203565,0.2053203,0.2454257,1,0
1,1,1,1,1,0.1943671,0.1950136,0.2307204,0.3665041,0
1,1,1,1,1,0.1852896,0.1848835,0.2164284,0.3371182,0
1,1,1,1,1,1,0.1749539,0.2026779,0.3098333,0
1,1,1,1,1,1,0.1652137,0.1894355,0.2844345,0
0.8932729,1,1,1,1,1,0.1556552,0.1766736,0.2607406,0
0.8242365,1,1,1,1,1,0.1462683,0.1643638,0.2385883,0
0.7733459,1,1,1,1,1,0.1370431,0.1524794,0.2178348,0
0.7341692,1,1,1,1,1,0.1279734,0.1409994,0.1983592,0
0.7030196,1,1,1,1,1,1,0.1298976,0.1800452,0
0.6775882,1,1,1,1,1,1,0.1191562,0.1627989,0
0.6563715,1,1,1,1,1,1,0.1087587,0.1465369,0
0.6383589,1,1,1,1,1,1,0.09868681,0.1311803,0
0.6228484,1,1,1,1,1,1,0.08892008,0.1166546,0
0.6093041,1,1,1,1,1,1,0.08046227,0.102905,0
0.5973555,1,1,1,1,1,1,0.105721,0.08987032,0
0.5885607,1,1,1,1,1,1,0.1349678,0.07756472,0
0.5829239,1,1,1,1,1,1,0.1684485,0.06591494,0
0.5796538,1,1,1,1,1,1,0.2066258,0.07655431,0
0.5790039,1,1,1,1,1,1,0.2493596,0.08812101,0
0.5804003,1,1,1,1,1,1,0.2967815,0.1001473,0
0.5834369,1,1,1,1,1,1,0.3489891,0.1125883,0
0.5878125,1,1,1,1,1,1,1,0.1254029,0
0.5990072,1,1,1,1,1,1,1,0.1376096,0
0.6098654,1,1,1,1,1,1,1,0.1500899,0
0.6204206,1,1,1,1,1,1,1,0.1628424,0
0.6307123,1,1,1,1,1,1,1,0.1758756,0
0.640762,1,1,1,1,1,1,1,0.1891868,0
0.6506025,1,1,1,1,1,1,1,0.2027777,0
0.6602511,1,1,1,1,1,1,1,0.2166498,0
0.6697299,1,1,1,0.9892248,1,1,1,0.2308034,0
0.6794672,1,1,1,0.9739761,1,1,1,0.2451165,0
0.6896228,1,1,1,0.9593784,1,1,1,0.2595085,1
0.7001628,1,1,1,0.9453508,1,1,1,0.2739645,1
0.7110659,1,1,1,0.9318312,1,1,1,0.2884591,1
0.7223006,1,1,1,0.918762,1,1,1,0.3029748,1
0.7338387,1,1,1,0.9060887,1,1,1,1,2
0.766971,1,1,0.985689,0.9082686,1,1,1,1,2
0.8007786,1,1,0.9587032,0.9099903,1,1,1,1,2
1,1,1,0.9329957,0.9115981,1,1,1,1,2
1,1,1,0.9155922,0.9064275,1,1,1,1,2
1,1,1,0.8975884,0.9020045,1,1,1,1,2
1,1,1,0.8790568,0.8983352,1,1,1,1,2
1,1,1,0.8600739,0.8954263,1,1,1,1,2
1,1,1,0.8407182,0.8932951,1,1,1,1,2
1,1,1,0.8210641,0.8919502,1,1,1,1,2
1,1,1,0.8011948,0.8914006,1,1,1,1,2
1,1,1,0.7811822,0.8916651,1,1,1,1,2
1,1,1,0.7611034,0.8927536,1,1,1,1,2
1,1,1,0.7410222,0.8946763,1,1,1,1,2
1,1,1,0.736029,0.8974487,1,1,1,1,2
1,1,1,0.7353643,0.9005083,1,1,1,1,2
1,1,0.9690504,0.7347634,0.9036883,1,1,1,1,2
1,1,0.9338931,0.7350671,0.9084705,1,1,1,1,2
1,1,0.8985395,0.7363964,0.9150928,1,1,1,1,2
1,1,0.8633227,0.7387577,0.9236026,1,1,1,1,2
1,1,0.8285335,0.7421581,0.9160598,1,1,1,1,2
1,1,0.7939324,0.7469403,0.9178362,1,1,1,1,2
1,1,0.7600153,0.7529873,0.9325883,1,1,1,1,2
1,1,0.7272456,0.7600899,0.9494318,1,1,1,1,2
1,1,0.6957227,0.7682275,0.9684066,1,1,1,1,2
1,1,0.6654922,0.777375,0.9895523,1,1,1,1,2
1,1,0.6365784,0.7874991,1,1,1,1,1,2
1,1,0.6087857,0.798842,1,1,1,1,1,2
1,1,0.6061233,0.8116578,1,1,1,1,1,2
1,1,0.6097556,0.8250352,1,1,1,1,1,2
1,1,0.61348,0.8148502,1,1,1,1,1,2
1,1,0.6175941,0.8243963,1,1,1,1,1,2
1,1,0.6218259,0.8387087,1,1,1,1,1,2
1,0.9711525,0.6260983,0.8532336,1,1,1,1,1,2
1,0.9050209,0.6311378,0.8697106,1,1,1,1,1,2
1,0.8401774,0.6379762,0.8907152,1,1,1,1,1,2
1,0.7777889,0.6466693,0.9166247,1,1,1,1,1,2
1,0.7186934,0.6572607,1,1,1,1,1,1,2
1,0.664763,0.6689917,1,1,1,1,1,1,2
1,0.6145093,0.6825427,1,1,1,1,1,1,2
1,0.5685024,0.6974648,1,1,1,1,1,1,2
1,0.5262066,0.7138841,1,1,1,1,1,1,2
1,0.4871711,0.7053264,1,1,1,1,1,1,2
1,0.4897432,0.7243764,1,1,1,1,1,1,2
1,0.4945336,0.745364,1,1,1,1,1,1,2
1,0.4999213,0.7685024,1,1,1,1,1,1,2
1,0.5059353,0.7940385,1,1,1,1,1,1,2
1,0.5126078,0.8222612,1,1,1,1,1,1,2
0.8773737,0.5196585,1,1,1,1,1,1,1,2
0.7555491,0.5277356,1,1,1,1,1,1,1,2
0.6539078,0.5365919,1,1,1,1,1,1,1,2
0.5678133,0.5462721,1,1,1,1,1,1,1,2
0.4939502,0.5568336,1,1,1,1,1,1,1,2
0.4368068,0.5683319,1,1,1,1,1,1,1,2
0.4406912,0.5808375,1,1,1,1,1,1,1,2
0.4450491,0.5944201,1,1,1,1,1,1,1,2
0.449899,0.5918179,1,1,1,1,1,1,1,2
0.4552544,0.602354,1,1,1,1,1,1,1,2
0.4611306,0.6191576,1,1,1,1,1,1,1,2
0.4675513,0.6373953,1,1,1,1,1,1,1,2
0.4745392,0.6571954,1,1,1,1,1,1,1,2
0.4821154,0.6786977,1,1,1,1,0.9596666,1,1,2
0.4903037,0.7020613,1,1,1,1,0.9306908,1,1,2
0.4991369,1,1,1,1,1,0.9032642,1,1,2
0.5069324,1,1,1,1,1,0.8827704,1,1,2
0.5148264,1,1,1,1,1,0.8640178,1,1,2
0.522786,1,1,1,1,1,0.8467873,1,1,2
0.5307833,1,1,1,1,1,0.8308908,0.9938306,1,2
0.5387007,1,1,1,1,1,0.8163775,0.9859473,1,2
0.5380579,1,1,1,1,1,0.80314,0.9785913,1,2
0.5355156,1,1,1,1,1,0.7907798,0.9715878,1,2
0.5430968,1,1,1,1,1,0.7791474,0.9648724,1,2
0.5504894,1,1,1,1,1,0.7684303,0.9585332,1,2
0.5576764,1,1,1,1,1,0.7585244,0.9525269,1,2
0.5646469,1,1,1,1,1,0.7493382,0.9468139,1,2
0.5713845,1,1,1,1,1,0.7408027,0.9413686,1,1
0.5778862,1,1,1,1,1,0.7328477,0.9361602,1,1
0.5841429,1,1,1,1,1,0.7254214,0.9311697,1,1
0.5901514,1,1,1,1,1,0.7184757,0.9263785,1,1
0.5959095,1,1,1,1,1,0.7119694,0.9217714,1,1
0.6014169,1,1,1,1,1,0.7058672,0.9173363,1,1
0.6066743,1,1,1,1,1,0.7001389,0.913063,1,1
0.611687,1,1,1,1,1,0.6947541,0.9089408,1,1
0.6164576,1,1,1,1,1,0.6896905,0.9049636,1,1
1,1,1,1,1,1,0.684925,0.9011237,1,0
1,1,1,1,1,1,0.6885309,0.9011434,1,0
1,1,1,1,1,1,0.6923683,0.9013885,1,0
1,1,1,1,1,1,0.6964277,0.9018483,1,0
1,1,1,1,1,1,0.7006952,0.9025081,1,0
1,1,1,1,1,1,0.7051569,0.9033539,1,0
1,1,1,1,1,1,1,0.9043716,1,1
1,1,1,1,1,1,1,0.9023896,1,1
1,1,1,1,1,1,1,0.9004768,0.9380636,0
1,1,1,1,1,1,1,0.8996307,0.9347911,0
1,1,1,1,1,1,1,0.8989447,0.931615,0
1,1,1,1,1,1,1,0.8984221,0.9285412,0
1,1,1,1,1,0.9984235,1,0.8980654,0.9255753,0
1,1,1,1,1,0.9842945,1,0.8978858,0.9227194,0
1,1,1,1,1,0.9701151,1,0.6475739,0.9199804,0
1,1,1,1,1,0.9663607,1,0.6015812,0.814261,0
1,1,1,1,1,1,1,0.5548358,0.8123121,0
1,1,1,1,1,1,1,0.5163814,0.8109221,0
1,1,1,1,1,1,1,0.5201485,0.8100934,0
1,1,1,1,1,1,1,0.5244725,0.8098234,0
1,1,1,1,1,1,0.9794885,0.5293803,0.8101174,0
1,1,1,1,1,1,0.9546037,0.5348982,0.8109783,0
1,1,1,1,1,1,0.9307526,0.5410548,0.8124111,0
1,1,1,1,1,1,0.9078778,0.5478823,0.8144218,0
1,1,1,1,1,1,0.8859224,1,0.8170212,0
1,1,1,1,1,1,0.8699273,1,0.8181237,0
1,1,1,1,1,1,0.8540799,1,0.8194515,0
1,1,1,1,1,1,0.8511062,1,0.821007,0
1,1,1,1,1,1,0.8679395,1,0.5533684,0
1,1,1,1,1,1,0.9058138,1,0.471106,0
1,1,1,1,1,1,0.9487436,1,0.4639774,0
1,1,1,1,1,1,0.9969016,1,0.4672997,0
1,1,1,1,1,1,1,1,0.4710938,0
1,1,1,1,1,1,1,0.9785849,0.4753698,0
1,1,1,1,1,1,1,0.9445997,0.4801423,0
1,1,1,1,1,1,1,0.9124093,0.4854311,0
1,1,1,1,1,1,1,0.88188,0.491251,0
1,1,1,1,1,1,1,0.8528959,1,1
1,1,1,1,1,1,1,0.8370569,1,0
1,1,1,1,1,1,1,0.821063,1,0
1,1,1,1,1,1,1,0.8049414,1,0
1,1,1,1,1,1,1,0.7887163,1,0
1,1,1,1,1,1,1,0.7724121,1,0
1,1,1,1,1,1,1,0.7560578,1,0
1,1,1,1,1,1,1,0.7396777,1,0
1,1,1,1,1,1,1,0.7233002,1,0
1,1,1,1,1,1,1,0.7069488,1,0
1,1,1,1,1,1,1,0.6906465,1,0
1,1,1,1,1,1,1,0.6911537,1,0
1,1,1,1,1,1,1,0.7023908,1,0
1,1,1,1,1,1,1,0.71368,1,0
1,1,1,1,1,1,1,0.7249995,1,0
1,1,1,1,1,1,1,0.7363372,1,0
1,1,1,1,1,1,1,0.7476705,1,0
1,1,1,1,1,1,1,0.7589826,0.9477256,0
1,1,1,1,1,1,1,0.7724419,0.917066,0
1,1,1,1,1,1,1,0.7872432,0.8862361,0
1,1,1,1,1,1,1,0.8034703,0.8554084,0
1,1,1,1,1,1,1,0.8212085,0.8247574,0
1,1,1,1,1,1,1,0.8405453,0.7944338,0
1,1,1,1,1,1,1,0.861563,0.7645782,0
1,1,1,1,1,1,1,0.8843521,0.7353122,0
1,1,1,1,1,1,1,0.9089981,0.7067379,0
1,1,1,1,1,1,1,1,0.6789379,0
1,1,1,1,1,1,1,1,0.6531269,0
1,1,1,1,1,1,1,1,0.6275695,0
1,1,1,1,1,1,1,1,0.6023656,0
1,1,1,1,1,1,1,1,0.6038081,0
1,1,1,1,1,1,1,1,0.6154683,0
1,1,1,1,1,1,1,1,0.6273609,0
1,1,1,1,1,1,1,1,0.639464,0
1,1,1,1,1,1,1,1,0.6517591,0
1,1,1,1,1,1,1,1,0.6642237,0
1,1,1,1,1,1,1,1,0.6768376,0
1,1,1,1,1,1,1,1,0.6895767,0
1,1,1,1,1,1,1,1,0.7024164,0
1,1,1,1,1,1,1,1,0.715336,0
1,1,1,1,1,1,1,1,0.7283098,0
1,1,1,1,1,1,1,1,0.7413167,0
1,1,1,1,1,1,1,1,0.7543362,0
1,1,1,1,1,1,1,1,0.7673422,0
1,1,1,1,1,1,1,1,0.7803141,0
1,1,1,1,1,1,1,1,0.793232,0
1,1,1,1,1,1,1,1,0.806075,0
1,1,1,1,1,1,1,1,0.8188195,0
1,1,1,1,1,1,1,1,1,1
1,1,1,1,1,1,1,1,1,1
1,1,1,1,1,1,1,1,1,1
1,1,1,1,1,1,1,1,1,1
1,1,1,1,1,1,1,1,1,1
1,1,1,1,1,1,1,1,1,1
1,1,1,1,1,1,1,1,1,1
1,1,1,1,1,1,1,1,1,1
1,1,1,1,1,1,1,1,1,1
1,1,1,1,1,1,1,1,1,1
1,1,1,1,1,1,1,1,1,1
1,1,1,1,1,1,1,1,1,1
1,1,1,1,1,1,1,1,1,1
1,1,1,1,1,1,1,1,1,1
1,1,1,1,1,1,1,1,1,1
1,1,1,1,1,1,1,1,1,1
1,1,1,1,1,1,1,1,1,1
1,1,1,1,1,1,1,1,1,1
1,1,1,1,1,1,1,1,1,1
1,1,1,1,1,1,1,1,1,1
1,1,1,1,1,1,1,1,1,1
1,1,1,1,1,1,1,1,1,1
1,1,1,1,1,1,1,1,1,1
1,1,1,1,1,1,1,1,1,1
1,1,1,1,1,1,1,1,1,1
1,1,1,1,1,1,1,1,1,1
1,1,1,1,1,1,1,1,1,1
1,1,1,1,1,1,1,1,1,1
1,1,1,1,1,1,1,1,1,1
1,1,1,1,1,1,1,1,1,1
1,1,1,1,1,1,1,1,1,1
1,1,1,1,1,1,1,1,1,1
1,1,1,1,1,1,1,1,1,1
1,1,1,1,1,1,1,1,1,1
1,1,1,1,1,1,1,1,1,1
1,1,1,1,1,1,1,1,1,1
1,1,1,1,1,1,1,1,1,1
1,1,1,1,1,1,1,1,1,1
1,1,1,1,1,1,1,1,1,1
1,1,1,1,1,1,1,1,1,1
1,1,1,1,1,1,1,1,1,1
1,0.9449989,1,1,1,1,1,1,1,1
1,0.8635362,1,1,1,1,1,1,1,2
1,1,1,1,1,1,1,1,1,1
1,1,1,1,1,1,1,1,1,1
1,1,1,1,1,1,1,1,1,1
1,1,1,1,1,1,1,1,1,1
1,1,1,1,1,1,1,1,1,1
1,1,1,1,1,1,1,1,1,1
1,1,1,1,1,1,1,1,1,1
1,1,1,1,1,1,1,1,1,1
1,1,1,1,1,1,1,1,1,1
1,1,1,1,1,1,1,1,1,1
1,1,1,1,1,1,1,1,1,1
1,1,1,1,1,1,1,1,1,1
1,1,1,1,1,1,1,1,1,1
1,1,1,1,1,1,1,1,1,1
1,1,1,1,1,1,1,1,1,1
1,1,1,1,1,1,1,1,1,1
1,1,1,1,1,1,1,1,1,1
1,1,1,1,1,1,1,1,1,1
1,1,1,1,1,1,1,1,1,1
1,1,1,1,1,1,1,1,1,1
1,1,1,1,1,1,1,1,1,1
1,1,1,1,1,1,1,1,1,1
1,1,1,1,1,1,1,1,1,1
1,1,1,1,1,1,1,1,1,1
1,1,1,1,1,1,1,1,1,1
1,1,1,1,1,1,1,1,1,1
1,1,1,1,1,1,1,1,1,1
1,1,1,1,1,1,1,1,1,1
1,1,1,1,1,1,1,1,1,1
1,1,1,1,1,1,1,1,1,1
1,1,1,1,1,1,1,1,1,1
1,1,1,1,1,1,1,1,1,1
1,1,1,1,1,1,1,1,1,1
1,1,1,1,1,1,1,1,1,1
1,1,1,1,1,1,1,1,1,1
1,1,1,1,1,1,1,1,1,1
1,1,1,1,1,1,1,1,1,1
1,1,1,1,1,1,1,1,1,1
1,1,1,1,1,1,1,1,1,1
1,1,1,1,1,1,1,1,1,1
1,1,1,1,1,1,1,1,1,1
1,1,1,1,1,1,1,1,1,1
1,1,1,1,1,1,1,1,1,1
1,1,1,1,1,1,1,1,1,1
1,1,1,1,1,1,1,1,1,1
1,1,1,1,1,1,1,1,1,1
1,1,1,1,1,1,1,1,1,1
1,1,1,1,1,1,1,1,1,1
1,1,1,1,1,1,1,1,1,1
1,1,1,1,1,1,1,1,1,1
1,1,1,1,1,1,1,1,1,1
1,1,1,1,1,1,1,1,1,1
1,1,1,1,1,1,1,1,1,1
1,1,1,1,1,1,1,1,1,1
1,1,1,1,1,1,1,1,1,1
1,1,1,1,1,1,1,1,1,1
1,1,1,1,1,1,1,1,1,1
1,1,1,1,1,1,1,1,1,1
1,1,1,1,1,1,1,1,1,1
1,1,1,1,1,1,1,1,1,1
1,1,1,1,1,1,1,1,1,1
1,1,1,1,1,1,1,1,1,1
1,1,1,1,1,1,1,1,1,1
1,1,1,1,1,1,1,1,1,1
1,1,1,1,1,1,1,1,1,1
1,1,1,1,1,1,1,1,1,1
1,1,1,1,1,1,1,1,1,1
1,1,1,1,1,1,1,1,1,1
1,1,1,1,1,1,1,1,1,1
1,1,1,1,1,1,1,1,1,1
1,1,1,1,1,1,1,1,1,1
1,1,1,1,1,1,1,1,1,1
1,1,1,1,1,1,1,1,1,1
1,1,1,1,1,1,1,1,1,1
1,1,1,1,1,1,1,1,1,1
1,1,1,1,1,1,1,1,1,1
1,1,1,1,1,1,1,1,1,1
1,1,1,1,1,1,1,1,1,1
1,1,1,1,1,1,1,1,1,1
1,1,1,1,1,1,1,1,1,1
1,1,1,1,1,1,1,1,1,1
1,1,1,1,1,1,1,1,1,1
1,1,1,1,1,1,1,1,1,1
1,1,1,1,1,1,1,1,1,1
1,1,1,1,1,1,1,1,1,1
1,1,1,1,1,1,1,1,1,1
1,1,1,1,1,1,1,1,1,1
1,1,1,1,1,1,1,1,1,1
1,1,1,1,1,1,1,1,1,1
1,1,1,1,1,1,1,1,1,1
1,1,1,1,1,1,1,1,1,1
1,1,1,1,1,1,1,1,1,1
1,1,1,1,1,1,1,1,1,1
1,1,1,1,1,1,1,1,1,1
1,1,1,1,1,1,1,1,1,1
1,1,1,1,1,1,1,1,1,1
1,1,1,1,1,1,1,1,1,1
1,1,1,1,1,1,1,1,1,1
1,1,1,1,1,1,1,1,1,1
1,1,1,1,1,1,1,1,1,1
1,1,1,1,1,1,1,1,1,1
1,1,1,1,1,1,1,1,1,1
1,1,1,1,1,1,1,1,1,1
1,1,1,1,1,1,1,1,1,1
1,1,1,1,1,1,1,1,1,1
1,1,1,1,1,1,1,1,1,1
1,1,1,1,1,1,1,1,1,1
1,1,1,1,1,1,1,1,1,1
1,1,1,1,1,1,1,1,1,1
1,1,1,1,1,1,1,1,1,1
1,1,1,1,1,1,1,1,1,1
1,1,1,1,1,1,1,1,1,1
1,1,1,1,1,1,1,1,1,1
1,1,1,1,1,1,1,1,1,1
1,1,1,1,1,1,1,1,1,1
1,1,1,1,1,1,1,1,1,1
1,1,1,1,1,1,1,1,1,1
1,1,1,1,1,1,1,1,1,1
1,1,1,1,1,1,1,1,1,1
1,1,1,1,1,1,1,1,1,1
1,1,1,1,1,1,1,1,1,1
1,1,1,1,1,1,1,1,1,1
1,1,1,1,1,1,1,1,1,1
1,1,1,1,1,1,1,1,1,1
1,1,1,1,1,1,1,1,1,1
1,1,1,1,1,1,1,1,1,1
1,1,1,1,1,1,1,1,1,1
1,1,1,1,1,1,1,1,1,1
1,1,1,1,1,1,1,1,1,1
1,1,1,1,1,1,1,1,1,1
1,1,1,1,1,1,1,1,1,1
1,1,1,1,1,1,1,1,1,1
1,1,1,1,1,1,1,1,1,1
1,1,1,1,1,1,1,1,1,1
1,1,1,1,1,1,1,1,1,1
1,1,1,1,1,1,1,1,1,1
1,1,1,1,1,1,1,1,1,1
1,1,1,1,1,1,1,1,1,1
1,1,1,1,1,1,1,1,1,1
1,0.9886842,1,1,1,1,1,1,1,1
1,0.9727051,1,1,1,1,1,1,1,1
1,0.970664,1,1,1,1,1,1,1,1
1,0.9714609,1,1,1,1,1,1,1,1
1,0.9722502,1,1,1,1,1,1,1,1
1,0.9730322,1,1,1,1,1,1,1,1
1,0.973807,1,1,1,1,1,1,1,1
1,0.9745746,1,1,1,1,1,1,1,1
1,0.9753311,1,1,1,1,1,1,1,1
1,0.9760809,1,1,1,1,1,1,1,1
1,0.9768199,1,1,1,1,1,1,1,1
1,0.9775524,1,1,1,1,1,1,1,1
1,0.9782745,1,1,1,1,1,1,1,1
1,0.9789864,1,1,1,1,1,1,1,1
1,0.9796923,1,1,1,1,1,1,1,1
1,0.9803883,1,1,1,1,1,1,1,1
1,0.9810745,1,1,1,1,1,1,1,1
1,0.9817513,0.9935691,1,1,1,1,1,1,1
1,0.9825124,0.9822935,1,1,1,1,1,1,1
1,0.9834306,0.9709549,1,1,1,1,1,1,1
1,0.9845031,0.9595551,1,1,1,1,1,1,1
1,0.9857314,0.9480993,1,1,1,1,1,1,1
1,0.987112,0.9365924,1,1,1,1,1,1,1
1,0.9886467,0.9250398,1,1,1,1,1,1,1
1,0.9903361,0.9134466,1,1,1,1,1,1,1
1,0.9921731,0.9018181,1,1,1,1,1,1,1
1,0.9941629,0.8901593,1,1,1,1,1,1,1
1,0.996298,0.8784752,1,1,1,1,1,1,1
1,0.9985789,0.8667739,1,1,1,1,1,1,1
1,1,0.8550569,1,1,1,1,1,1,1
1,1,0.8433175,1,1,1,1,1,1,1
1,1,0.8315437,1,1,1,1,1,1,1
1,1,0.8197435,1,1,1,1,1,1,1
1,1,0.8079184,1,1,1,1,1,1,1
0.9794188,1,0.7960728,1,1,1,1,1,1,1
0.9342809,1,0.7839518,1,1,1,1,1,1,2
0.8849788,1,0.7712796,1,1,1,1,1,1,2
0.832277,1,0.7580762,1,1,1,1,1,1,2
0.7950768,1,0.7443867,1,1,1,1,1,1,2
0.7993505,1,0.7304769,1,1,1,1,1,1,2
0.8038654,1,0.7168347,1,1,1,1,1,1,2
0.808611,1,0.7034526,1,1,1,1,1,1,2
0.8135761,1,0.6917368,1,1,1,1,1,1,2
0.8187426,1,0.720806,1,1,1,1,1,1,2
0.8239182,0.8544182,0.7506667,1,1,1,1,1,1,2
0.8306137,0.8308964,0.7923802,1,1,1,1,1,1,2
0.8375683,0.8083534,0.8379453,1,1,1,1,1,1,2
0.844756,0.7867495,0.8876325,1,1,1,1,1,1,2
0.8521436,0.7660333,0.9416941,1,1,1,1,1,1,2
0.8596975,0.7461624,1,1,1,1,1,1,1,2
0.8673902,0.7270797,1,1,1,1,1,1,1,2
0.8754638,0.708433,1,1,1,1,1,1,1,2
0.8839129,0.6902356,1,1,1,1,1,1,1,2
0.8927295,0.6724852,1,1,1,1,1,1,1,2
0.9019008,0.6551839,1,1,1,1,1,1,1,2
0.9114159,0.6383299,1,1,1,1,1,1,1,2
0.9212631,0.6219118,1,1,1,1,1,1,1,2
1,0.6059232,1,1,1,1,1,1,1,2
1,0.5912454,1,1,1,1,1,1,1,2
1,0.5767382,1,1,1,1,1,1,1,2
1,0.5624134,1,1,1,1,1,1,1,2
1,0.5482779,1,1,1,1,1,1,1,2
1,0.5343405,1,1,1,1,1,1,1,2
0.7800919,0.5427727,1,1,1,1,1,1,1,2
0.7464825,0.5672743,1,1,1,1,1,1,1,2
0.7144424,0.5941665,1,1,1,1,1,1,1,2
0.6839852,0.6236361,1,1,1,1,1,1,1,2
0.6550965,0.6558684,1,1,1,1,1,1,1,2
0.6277406,0.6910678,1,1,1,1,1,1,1,2
0.6018652,0.7294343,1,1,1,1,1,1,1,2
0.577402,0.7711948,1,1,1,1,1,1,1,2
0.5542794,1,1,1,1,1,1,1,1,2
0.5339455,1,1,1,1,1,1,1,1,2
0.5141441,1,1,1,1,1,1,1,1,2
0.4949017,1,1,1,1,1,1,1,1,2
0.4762382,1,1,1,1,1,1,1,1,2
0.4831663,1,1,1,1,1,1,1,1,2
0.499323,1,1,1,1,1,1,1,1,2
0.5158972,1,1,1,1,1,1,1,1,2
0.5328552,1,1,1,1,1,0.9880101,1,1,2
0.5498751,1,1,1,1,1,0.9744772,1,1,2
0.5668303,1,1,1,1,1,0.9617684,1,1,2
0.5836602,1,1,1,1,1,0.9602264,1,1,2
0.6006002,1,1,1,1,1,0.9601228,1,1,2
0.6176559,1,1,1,1,1,0.9591489,1,1,2
0.6347612,1,1,1,1,1,0.9571988,1,1,2
0.6518415,1,1,1,1,1,0.9541753,1,1,2
0.6688193,1,1,1,1,1,0.9499642,1,1,2
0.6855984,1,1,1,1,1,0.9444565,1,1,2
0.7020846,1,1,1,1,1,0.9375373,1,1,2
0.7181764,1,1,1,1,1,0.9291089,1,1,1
0.8882052,1,1,1,1,1,0.9190608,1,1,1
1,1,1,1,1,1,0.8999853,1,1,1
1,1,1,1,1,1,0.8744563,1,1,0
1,1,1,1,1,1,0.8475448,1,1,0
1,1,1,1,1,1,0.8364214,1,1,0
1,1,1,1,1,1,0.8319036,1,1,0
1,1,1,1,1,1,0.8275071,1,1,0
1,1,1,1,1,1,0.8232343,1,1,0
1,1,1,1,1,1,0.8190846,1,1,0
1,1,1,1,1,1,0.8150575,1,1,0
1,1,1,1,1,1,0.8111553,1,1,0
1,1,1,1,1,1,0.807381,1,1,0
1,1,1,1,1,1,0.8037301,1,1,0
1,1,1,1,1,1,0.8002055,1,1,0
0.9986315,1,1,1,1,1,0.7968096,1,1,0
0.9941036,1,1,1,1,1,1,1,1,1
0.9833243,1,1,1,1,1,1,1,1,1
0.9723175,1,1,1,1,1,1,1,1,1
0.9610868,1,1,1,1,1,1,1,1,1
0.9496413,1,1,1,1,1,1,1,1,1
0.9379915,1,1,1,1,1,1,1,1,1
0.9261451,1,1,1,1,1,1,1,1,1
0.9141142,1,1,1,1,1,1,1,1,1
0.9135101,1,1,1,1,1,1,1,1,1
0.9253486,1,1,1,1,1,1,1,1,1
0.9369186,1,1,1,1,1,1,1,1,1
0.9482043,1,1,1,1,1,1,1,1,1
0.9592007,1,1,1,1,1,1,1,1,1
0.9698944,1,1,1,1,1,1,1,1,1
0.9802879,1,1,1,1,1,1,1,1,1
1,1,1,1,1,1,1,1,1,1
1,1,1,1,1,1,1,1,1,1
1,1,1,1,1,1,1,1,1,1
1,1,1,1,1,1,1,1,1,1
1,1,1,1,1,1,1,1,1,1
1,1,1,1,1,1,1,1,1,1
1,1,1,1,1,1,1,1,1,1
1,1,1,1,1,1,1,1,1,1
1,1,1,1,1,1,1,1,1,1
1,1,1,1,1,1,1,1,1,1
1,1,1,1,1,1,1,1,1,1
1,1,1,1,1,1,1,1,1,1
1,1,1,1,1,1,1,1,1,1
1,1,1,1,1,1,1,0.5974038,1,0
1,1,1,1,1,1,1,0.5197961,1,0
1,1,1,1,1,1,1,0.5151187,1,0
1,1,1,1,1,1,1,0.5108086,1,0
1,1,1,1,1,1,1,0.5068685,1,0
1,1,1,1,1,1,1,0.5033038,1,0
1,1,1,1,1,1,1,0.500114,1,0
1,1,1,1,1,1,1,0.4973012,1,0
1,1,1,1,1,1,1,1,1,1
1,1,1,1,1,1,1,1,1,1
1,1,1,1,1,1,1,1,1,1
1,1,1,1,1,1,1,1,1,1
1,1,1,1,1,1,1,1,1,1
1,1,1,1,1,1,1,1,1,1
1,1,1,1,1,1,1,1,1,1
1,1,1,1,1,1,1,1,1,1
1,1,1,1,1,1,1,1,0.4561042,0
1,1,1,1,1,1,1,1,0.449712,0
1,1,1,1,1,1,1,1,0.4437598,0
1,1,1,1,1,1,1,1,0.4382385,0
1,1,1,1,1,1,1,1,0.4331372,0
1,1,1,1,1,1,1,1,0.4284492,0
1,1,1,1,1,1,1,1,0.4241658,0
1,1,1,1,1,1,1,1,1,1
1,1,1,1,1,1,1,1,1,1
1,1,1,1,1,1,1,1,1,1
1,1,1,1,1,1,1,1,1,1
1,1,1,1,1,1,1,1,1,1
1,1,1,1,1,1,1,1,1,1
1,1,1,1,1,1,1,1,1,1
1,1,1,1,1,1,1,1,1,1
1,1,1,1,1,1,1,1,1,1
1,1,1,1,1,1,1,1,1,1
1,1,1,1,1,1,1,1,1,1
1,1,1,1,1,1,1,1,1,1
1,1,1,1,1,1,1,1,1,1
1,1,1,1,1,1,1,1,1,1
1,1,1,1,1,1,1,1,1,1
1,1,1,1,1,1,1,1,1,1
1,1,1,1,1,1,1,1,1,1
1,1,1,1,1,1,1,1,1,1
1,1,1,1,1,1,1,1,1,1
1,1,1,1,1,1,1,1,1,1
1,1,1,1,1,1,1,1,1,1
1,1,1,1,1,1,1,1,1,1
1,1,1,1,1,1,1,1,1,1
1,1,1,1,1,1,1,1,1,1
1,1,1,1,1,1,1,1,1,1
1,1,1,1,1,1,1,1,1,1
1,1,1,1,1,1,1,1,1,1
1,1,1,1,1,1,1,1,1,1
1,1,1,1,1,1,1,1,1,1
1,1,1,1,1,1,1,1,1,1
1,1,1,1,1,1,1,1,1,1
1,1,1,1,1,1,1,1,1,1
1,1,1,1,1,1,1,1,1,1
1,1,1,1,1,1,1,1,1,1
1,1,1,1,1,1,1,1,1,1
1,1,1,1,1,1,1,1,1,1
1,1,1,1,1,1,1,1,1,1
1,1,1,1,1,1,1,1,1,1
1,1,1,1,1,1,1,1,1,1
1,1,1,1,1,1,1,1,1,1
1,1,1,1,1,1,1,1,1,1
1,1,1,1,1,1,1,1,1,1
1,1,1,1,1,1,1,1,1,1
1,1,1,1,1,1,1,1,1,1
1,1,1,1,1,1,1,1,1,1
1,1,1,1,1,1,1,1,1,1
1,1,1,1,1,1,1,1,1,1
1,1,1,1,1,1,1,1,1,1
1,1,1,1,1,1,1,1,1,1
1,1,1,1,1,1,1,1,1,1
1,1,1,1,1,1,1,1,1,1
1,1,1,1,1,1,1,1,1,1
1,1,1,1,1,1,1,1,1,1
1,1,1,1,1,1,1,1,1,1
1,1,1,1,1,1,1,1,1,1
1,1,1,1,1,1,1,1,1,1
1,1,1,1,1,1,1,1,1,1
1,1,1,1,1,1,1,1,1,1
1,1,1,1,1,1,1,1,1,1
1,1,1,1,1,1,1,1,1,1
1,1,1,1,1,1,1,1,1,1
1,1,1,1,1,1,1,1,1,1
1,1,1,1,1,1,1,1,1,1
1,1,1,1,1,1,1,1,1,1
1,1,1,1,1,1,1,1,1,1
1,1,1,1,1,1,1,1,1,1
1,1,1,1,1,1,1,1,1,1
1,1,1,1,1,1,1,1,1,1
1,1,1,1,1,1,1,1,1,1
1,1,1,1,1,1,1,1,1,1
1,1,1,1,1,1,1,1,1,1
1,1,1,1,1,1,1,1,1,1
1,1,1,1,1,1,1,1,1,1
1,1,1,1,1,1,1,1,1,1
1,1,1,1,1,1,1,1,1,1
1,1,1,1,1,1,1,1,1,1
1,1,1,1,1,1,1,1,1,1
1,1,1,1,1,1,1,1,1,1
1,1,1,1,1,1,1,1,1,1
1,1,1,1,1,1,1,1,1,1
1,1,1,1,1,1,1,1,1,1
1,1,1,1,1,1,1,1,1,1
1,1,1,1,1,1,1,1,1,1
1,1,1,1,1,1,1,1,1,1
1,1,1,1,1,1,1,1,1,1
1,1,1,1,1,1,1,1,1,1
1,1,1,1,1,1,1,1,1,1
1,1,1,1,1,1,1,1,1,1
1,1,1,1,1,1,1,1,1,1
1,1,1,1,1,1,1,1,1,1
1,1,1,1,1,1,1,1,1,1
1,1,1,1,1,1,1,1,1,1
1,1,1,1,1,1,1,1,1,1
1,1,1,1,1,1,1,1,1,1
1,1,1,1,1,1,1,1,1,1
1,1,1,1,1,1,1,1,1,1
1,1,1,1,1,1,1,1,1,1
1,1,1,1,1,1,1,1,1,1
1,1,1,1,1,1,1,1,1,1
1,1,1,1,1,1,1,1,1,1
1,1,1,1,1,1,1,1,1,1
1,1,1,1,1,1,1,1,1,1
1,1,1,1,1,1,1,1,1,1
1,1,1,1,1,1,1,1,1,1
1,1,1,1,1,1,1,1,1,1
1,1,1,1,1,1,1,1,1,1
1,1,1,1,1,1,1,1,1,1
1,1,1,1,1,1,1,1,1,1
1,1,1,1,1,1,1,1,1,1
1,1,1,1,1,1,1,1,1,1
1,1,1,1,1,1,1,1,1,1
1,1,1,1,1,1,1,1,1,1
1,1,1,1,1,1,1,1,1,1
1,1,1,1,1,1,1,1,1,1
1,1,1,1,1,1,1,1,1,1
1,1,1,1,1,1,1,1,1,1
1,1,1,1,1,1,1,1,1,1
1,1,1,1,1,1,1,1,1,1
1,1,1,1,1,1,1,1,1,1
1,1,1,1,1,1,1,1,1,1
1,1,1,1,1,1,1,1,1,1
1,1,1,1,1,1,1,1,1,1
1,1,1,1,1,1,1,1,1,1
1,1,1,1,1,1,1,1,1,1
1,1,1,1,1,1,1,1,1,1
1,1,1,1,1,1,1,1,1,1
1,1,1,1,1,1,1,1,1,1
1,1,1,1,1,1,1,1,1,1
1,1,1,1,1,1,1,1,1,1
1,1,1,1,1,1,1,1,1,1
1,1,1,1,1,1,1,1,1,1
1,1,1,1,1,1,1,1,1,1
1,1,1,1,1,1,1,1,1,1
1,1,1,1,1,1,1,1,1,1
1,1,1,1,1,1,1,1,1,1
1,1,1,1,1,1,1,1,1,1
1,1,1,1,1,1,1,1,1,1
1,1,1,1,1,1,1,1,1,1
1,1,1,1,1,1,1,1,1,1
1,1,1,1,1,1,1,1,1,1
1,1,1,1,1,1,1,1,1,1
1,1,1,1,1,1,1,1,1,1
1,1,1,1,1,1,1,1,1,1
1,1,1,1,1,1,1,1,1,1
1,1,1,1,1,1,1,1,1,1
1,1,1,1,1,1,1,1,1,1
1,1,1,1,1,1,1,1,1,1
1,1,1,1,1,1,1,1,1,1
1,1,1,1,1,1,1,1,1,1
1,1,1,1,1,1,1,1,1,1
1,1,1,1,1,1,1,1,1,1
1,1,1,1,1,1,1,1,1,1
1,1,1,1,1,1,1,1,1,1
1,1,1,1,1,1,1,1,1,1
1,1,1,1,1,1,1,1,1,1
1,1,1,1,1,1,1,1,1,1
1,1,1,1,1,1,1,1,1,1
1,1,1,1,1,1,1,1,1,1
1,1,1,1,1,1,1,1,1,1
1,1,1,1,1,1,1,1,1,1
1,1,1,1,1,1,1,1,1,1
1,1,1,1,1,1,1,1,1,1
1,1,1,1,1,1,1,1,1,1
1,1,1,1,1,1,1,1,1,1
1,1,1,1,1,1,1,1,1,1
1,1,1,1,1,1,1,1,1,1
1,1,1,1,1,1,1,1,1,1
1,1,1,1,1,1,1,1,1,1
1,1,1,1,1,1,1,1,1,1
1,1,1,1,1,1,1,1,1,1
1,1,1,1,1,1,1,1,1,1
1,1,1,1,1,1,1,1,1,1
1,1,1,1,1,1,1,1,1,1
1,1,1,1,1,1,1,1,1,1
1,1,1,1,1,1,1,1,1,1
1,1,1,1,1,1,1,1,1,1
1,1,1,1,1,1,1,1,1,1
1,1,1,1,1,1,1,1,1,1
1,1,1,1,1,1,1,1,1,1
1,1,1,1,1,1,1,1,1,1
1,1,1,1,1,1,1,1,1,1
1,1,1,1,1,1,1,1,1,1
1,1,1,1,1,1,1,1,1,1
1,1,1,1,1,1,1,1,1,1
1,1,1,1,1,1,1,1,1,1
1,1,1,1,1,1,1,1,1,1
1,1,1,1,1,1,1,1,1,1
1,1,1,1,1,1,1,1,1,1
1,1,1,1,1,1,1,1,1,1
1,1,1,1,1,1,1,1,1,1
1,1,1,1,1,1,1,1,1,1
1,1,1,1,1,1,1,1,1,1
1,1,1,1,1,1,1,1,1,1
1,1,1,1,1,1,1,1,1,1
1,1,1,1,1,1,1,1,1,1
1,1,1,1,1,1,1,1,1,1
1,1,1,1,1,1,1,1,1,1
1,1,1,1,1,1,1,1,1,1
1,1,1,1,1,1,1,1,1,1
1,1,1,1,1,1,1,1,1,1
1,1,1,1,1,1,1,1,1,1
1,1,1,1,1,1,1,1,1,1
1,1,1,1,1,1,1,1,1,1
1,1,1,1,1,1,1,1,1,1
1,1,1,1,1,1,1,1,1,1
1,1,1,1,1,1,1,1,1,1
1,1,1,1,1,1,1,1,1,1
1,1,1,1,1,1,1,1,1,1
1,1,1,1,1,1,1,1,1,1
1,1,1,1,1,1,1,1,1,1
1,1,1,1,1,1,1,1,1,1
1,1,1,1,1,1,1,1,1,1
1,1,1,1,1,1,1,1,1,1
1,1,1,1,1,1,1,1,1,1
1,1,1,1,1,1,1,1,1,1
1,1,1,1,1,1,1,1,1,1
1,1,1,1,1,1,1,1,1,1
1,1,1,1,1,1,1,1,1,1
1,1,1,1,1,1,1,1,1,1
1,1,1,1,1,1,1,1,1,1
1,1,1,1,1,1,1,1,1,1
1,1,1,1,1,1,1,1,1,1
1,1,1,1,1,1,1,1,1,1
1,1,1,1,1,1,1,1,1,1
1,1,1,1,1,1,1,1,1,1
1,1,1,1,1,1,1,1,1,1
1,1,1,1,1,1,1,1,1,1
1,1,1,1,1,1,1,1,1,1
1,1,1,1,1,1,1,1,1,1
1,1,1,1,1,1,1,1,1,1
1,1,1,1,1,1,1,1,1,1
1,1,1,1,1,1,1,1,1,1
1,1,1,1,1,1,1,1,1,1
1,1,1,1,1,1,1,1,1,1
1,1,1,1,1,1,1,1,1,1
1,1,1,1,1,1,1,1,1,1
1,1,1,1,1,1,1,1,1,1
1,1,1,1,1,1,1,1,1,1
1,1,1,1,1,1,1,1,1,1
0.9979498,1,1,1,1,1,1,1,1,1
0.9590135,1,1,1,1,1,1,1,1,1
0.9147283,1,1,1,1,1,1,1,1,1
0.8726354,1,1,1,1,1,1,1,1,2
0.8739847,1,1,1,1,1,1,1,1,2
0.8753995,1,1,1,1,1,1,1,1,2
0.8768758,1,1,1,1,1,1,1,1,2
0.8784119,1,1,1,1,1,1,1,1,2
0.880007,1,1,1,1,1,1,1,1,2
0.8816597,1,1,1,1,1,1,1,1,2
0.8833655,1,1,1,1,1,1,1,1,2
0.8851265,1,1,1,1,1,1,1,1,2
0.8869379,1,1,1,1,1,1,1,1,2
0.8887989,1,1,1,1,1,1,1,1,2
0.8907043,1,1,1,1,1,1,1,1,2
0.8926535,1,1,1,1,1,1,1,1,2
0.8946449,1,1,1,1,1,1,1,1,1
0.896677,1,1,1,1,1,1,1,1,1
0.8987457,1,1,1,1,1,1,1,1,1
0.9008492,1,1,1,1,1,1,1,1,1
0.9029867,1,1,1,1,1,1,1,1,1
0.9051568,1,1,1,1,1,1,1,1,1
0.907355,1,1,1,1,1,1,1,1,1
0.9095799,1,1,1,1,1,1,1,1,1
0.9118274,1,1,1,1,1,1,1,1,1
0.9140959,1,1,1,1,1,1,1,1,1
0.9163846,1,1,1,1,1,1,1,1,1
0.9186921,1,1,1,1,1,1,1,1,1
0.9210142,1,1,1,1,1,1,1,1,1
0.9233497,1,1,1,1,1,1,1,1,1
0.9256976,1,1,1,1,1,1,1,1,1
0.928057,1,1,1,1,1,1,1,1,1
0.9304233,1,1,1,1,1,1,1,1,1
0.9327925,1,1,1,1,1,1,1,1,1
0.935167,1,1,1,1,1,1,1,1,1
0.9375428,1,1,1,1,1,1,1,1,1
0.9399188,1,1,1,1,1,1,1,1,1
0.9422942,1,1,1,1,1,1,1,1,1
0.9446651,1,1,1,1,1,1,1,1,1
1,1,1,1,1,1,1,1,1,1
1,1,1,1,1,1,1,1,1,1
1,1,1,1,1,1,1,1,1,1
1,1,1,1,1,1,1,1,1,1
1,1,1,1,1,1,1,1,1,1
1,1,1,1,1,1,1,1,1,1
1,1,1,1,1,1,1,1,1,1
1,1,1,1,1,1,1,1,1,1
1,1,1,1,1,1,1,1,1,1
1,1,1,1,1,1,1,1,1,1
1,1,1,1,1,1,1,1,1,1
1,1,1,1,1,1,1,1,1,1
1,1,1,1,1,1,1,1,1,1
1,1,1,1,1,1,1,1,1,1
1,1,1,1,1,1,1,1,1,1
1,1,1,1,1,1,1,1,1,1
1,1,1,1,1,1,1,1,1,1
1,1,1,1,1,1,1,1,1,1
1,1,1,1,1,1,1,1,1,1
1,1,1,1,1,1,1,1,1,1
1,1,1,1,1,1,1,1,1,1
1,1,1,1,1,1,1,1,1,1
1,1,1,1,1,1,1,1,1,1
1,1,1,1,1,1,1,1,1,1
1,1,1,1,1,1,1,1,1,1
1,0.9923947,1,1,1,1,1,1,1,1
1,0.9788796,1,1,1,1,1,1,1,1
1,0.9650413,1,1,1,1,1,1,1,1
1,0.9508913,1,1,1,1,1,1,1,1
1,0.9364361,1,1,1,1,1,1,1,1
1,0.9216919,1,1,1,1,1,1,1,1
1,0.9066731,1,1,1,1,1,1,1,1
1,0.8914002,1,1,1,1,1,1,1,1
1,0.8758871,1,1,1,1,1,1,1,1
1,0.8601578,1,1,1,1,1,1,1,1
1,0.844234,1,1,1,1,1,1,1,2
1,0.8281384,1,1,1,1,1,1,1,2
1,0.811899,1,1,1,1,1,1,1,2
1,0.7955364,1,1,1,1,1,1,1,2
1,0.7891809,1,1,1,1,1,1,1,2
1,0.7974827,1,1,1,1,1,1,1,2
1,0.8057502,1,1,1,1,1,1,1,2
1,0.8139772,1,1,1,1,1,1,1,2
1,0.8221485,1,1,1,1,1,1,1,2
1,0.8302583,1,1,1,1,1,1,1,2
1,0.8382968,1,1,1,1,1,1,1,1
1,0.8462593,1,1,1,1,1,1,1,1
1,0.8541306,1,1,1,1,1,1,1,1
1,0.8619071,1,1,1,1,1,1,1,1
1,0.8695852,1,1,1,1,1,1,1,1
1,0.8771507,1,1,1,1,1,1,1,1
1,0.8846005,1,1,1,1,1,1,1,1
0.9924992,0.8919277,1,1,1,1,1,1,1,1
0.9667444,0.8994709,1,1,1,1,1,1,1,1
0.9400138,0.9080721,1,1,1,1,1,1,1,2
0.9124348,0.9177982,1,1,1,1,1,1,1,2
0.8841565,0.9287183,1,1,1,1,1,1,1,2
0.8553389,0.9409086,1,1,1,1,1,1,1,2
0.8261498,0.9544458,1,1,1,1,1,1,1,2
0.7967528,0.9693972,1,1,1,1,1,1,1,2
0.7673143,0.9858359,1,1,1,1,1,1,1,2
0.7379941,1,0.994233,1,1,1,1,1,1,2
0.7087982,1,0.9832147,1,1,1,1,1,1,2
0.6794729,1,0.9722102,1,1,1,1,1,1,2
0.6742345,1,0.9612616,1,1,1,1,1,1,2
0.6833521,1,0.9504916,0.9948685,1,1,1,1,1,2
0.6926369,1,0.9399493,0.9871229,1,1,1,1,1,2
0.7020584,1,0.9296187,0.9794318,1,1,1,1,1,2
0.7115928,1,0.9373482,0.9717778,1,1,1,1,1,2
0.7211828,1,0.9473606,0.9641305,1,1,1,1,1,2
0.730803,1,0.9375387,0.9564756,1,1,1,1,1,2
0.7404619,1,0.9278606,1,1,1,1,1,1,2
0.7504027,1,0.918296,1,1,1,1,1,1,2
0.7604001,1,0.9088528,1,1,1,1,1,1,2
0.7704309,1,0.899519,1,1,1,1,1,1,2
0.7804724,1,0.8902811,1,1,1,1,1,1,2
0.7905107,1,0.8811258,1,1,1,1,1,1,2
0.8005233,1,0.8720473,1,1,1,1,1,1,2
0.8104928,1,0.863034,1,1,1,1,1,1,2
0.8204018,1,0.8540753,1,1,1,1,1,1,2
0.8302299,1,0.8451644,1,1,1,1,1,1,2
0.8399657,1,0.8362952,1,1,1,1,1,1,2
0.84959,1,0.8274593,1,1,1,1,1,1,2
0.8590886,1,0.818652,1,1,1,1,1,1,1
0.8684481,1,0.8098661,1,1,1,1,1,1,1
0.8776568,0.8264116,0.801095,1,1,1,1,1,1,2
0.8890246,0.8147105,0.7924528,1,1,1,1,1,1,2
1,0.8032266,0.7838515,1,1,1,1,1,1,1
1,0.7928957,0.7751355,1,1,1,1,1,1,1
1,0.7825746,0.7664387,1,1,1,1,1,1,1
1,0.77227,0.7577642,1,1,1,1,1,1,1
1,0.7619818,0.7491091,1,1,1,1,1,1,1
1,0.7517165,0.7404761,1,1,1,1,1,1,1
1,0.7414767,0.7318653,1,1,1,1,1,1,1
1,0.7312621,0.7232731,1,1,1,1,1,1,1
1,0.7210786,0.7147025,1,1,1,1,1,1,1
1,0.7109317,0.7061564,1,1,1,1,1,1,1
1,0.7008206,0.697631,1,1,1,1,1,1,1
1,0.6907471,0.6891262,1,1,1,1,1,1,1
1,0.6807164,0.6806445,1,1,1,1,1,1,1
1,0.670727,0.6721822,1,1,1,1,1,1,1
1,0.6607834,1,1,1,1,1,1,1,2
1,0.6791849,1,1,1,1,1,1,1,2
1,0.6804571,1,1,1,1,1,1,1,2
1,0.6704257,1,1,1,1,1,1,1,2
1,0.6604414,1,1,1,1,1,1,1,2
1,0.6505094,1,1,1,1,1,1,1,2
1,0.6406312,1,1,1,1,1,1,1,2
1,0.6308084,1,1,1,1,1,1,1,2
1,0.6210424,1,1,1,1,1,1,1,2
1,0.6113374,1,1,1,1,1,1,1,2
1,0.6016914,1,1,1,1,1,1,1,2
1,0.5921084,1,1,1,1,1,1,1,2
0.6940762,0.5825891,1,1,1,1,1,1,1,2
0.6752296,0.5718132,1,1,1,1,1,1,1,2
0.6568784,0.5612595,1,1,1,1,1,1,1,2
0.6390456,0.5509364,1,1,1,1,1,1,1,2
0.6217543,0.5408558,1,0.9918041,1,1,1,1,1,2
0.6050813,0.531036,1,0.9543101,1,1,1,1,1,2
0.5892696,0.5215346,1,0.9522072,1,1,1,1,1,2
0.5739871,0.5122672,1,0.9503306,1,1,1,1,1,2
0.5757563,0.5032267,1,0.9486576,1,0.980496,1,1,1,2
0.591086,0.4944886,1,0.9465907,1,0.962227,1,1,1,2
0.5777602,0.4860331,1,0.9439167,1,0.9454131,1,1,1,2
0.5650118,0.5150585,1,0.9410151,1,0.9293746,1,1,1,2
0.5528687,0.6010968,1,0.9377276,1,0.9142082,1,1,1,2
0.5413695,0.694001,1,0.9338565,1,0.9000413,1,1,1,2
0.5304363,0.7928153,1,0.9294015,1,0.8867609,1,1,1,2
0.5199975,1,1,0.9243647,1,0.8742741,1,1,1,2
0.5101436,1,1,0.9184581,1,0.8628093,1,1,1,1
0.5005101,1,1,0.9123114,0.9915856,0.8516593,1,1,1,1
0.4911521,1,1,0.9057701,0.9780928,0.8409565,1,1,1,1
0.4820864,1,1,0.8987398,0.9654607,0.8307638,1,1,1,1
0.4732776,1,1,0.8912395,0.9536213,0.8210441,1,1,1,1
0.4646971,1,0.9966251,0.8832949,0.942506,0.811758,1,1,1,1
0.4563278,1,0.974514,0.8749012,0.9321036,0.8029008,1,1,1,1
0.4482063,1,0.955029,0.8659256,0.9226111,0.7945951,1,1,1,1
0.4402921,1,0.9377855,0.8564393,0.9139204,0.7867767,1,1,1,1
0.4325457,1,0.9224763,0.8465068,0.9059433,0.7793941,1,1,1,1
0.4249348,1,0.9088446,0.8361928,0.8986031,0.7724029,1,1,1,1
0.4174267,1,0.8966641,0.8255543,0.8918279,0.7657602,1,1,1,1
0.4099947,1,0.8857411,0.8146469,0.8855547,0.7594284,1,1,1,0
0.4026141,1,0.8759166,0.8035219,0.8797312,0.7533776,1,1,1,0
0.3952624,1,0.8670427,0.7922248,0.8743064,0.7475771,1,1,1,0
0.3989166,1,0.8589779,0.7807964,0.8692297,0.7419962,1,1,1,0
0.4078988,1,0.852272,0.769152,0.8646938,0.7367512,1,1,1,0
0.4162593,1,0.8471196,0.7572867,0.8607618,0.7318808,0.970637,1,1,0
0.4233087,1,0.8465427,0.7447281,0.8584602,0.7279992,0.9335581,1,1,0
0.4289964,1,0.8511618,0.7315162,0.8579327,0.7251905,0.8942984,1,1,0
0.4334522,1,0.8611377,0.7178003,0.8591175,0.7234131,0.8537869,1,1,0
0.4368413,1,0.8767251,0.7037346,0.7950647,0.7226126,0.8128768,1,1,0
0.4382316,1,0.9048378,0.6887645,0.7750649,0.7238733,0.7694246,1,1,0
0.4386497,1,1,0.6735977,0.7547956,0.7264104,0.7266149,1,1,0
0.4386352,1,1,0.6585841,0.7348228,0.7297969,0.6857955,1,1,0
0.4378117,1,1,0.6434973,0.7147706,0.7346437,0.6460096,1,1,0
0.4363791,1,1,0.6284723,0.6948515,0.7409382,0.6076971,1,1,0
0.4345306,1,1,0.6136196,0.6752394,0.7486429,0.6051158,1,1,0
0.4330214,1,1,0.5993387,0.6565914,0.756688,0.6062418,1,1,0
0.4318951,1,1,0.5856108,0.6388772,0.7648935,0.6074862,1,1,0
0.4311247,1,1,0.5723819,0.6220069,0.7044913,0.6088045,1,1,0
0.4298747,1,1,0.5592209,0.6052467,0.6821125,0.6109918,0.9872948,1,0
0.4284851,1,1,0.5462879,0.5888659,0.6604043,0.6137972,0.9862615,1,0
0.4272156,1,1,0.5413775,0.5730453,0.6396533,0.6169554,0.9856793,1,0
0.4261342,1,1,0.5599352,0.5578007,0.619876,0.620357,0.9854768,1,0
0.4253486,1,1,0.5798553,0.5431624,0.6011207,0.6238016,0.8811405,1,0
0.4233374,1,1,0.6115662,0.528056,0.5816017,0.629598,0.7847523,1,0
0.4212676,1,1,0.6508015,0.5133204,0.5627005,0.6362535,0.7008974,1,0
0.4192064,1,1,0.699374,0.4989786,0.5444512,0.6437176,0.6276355,1,0
0.41715,1,1,1,0.4850071,0.5268116,0.6520478,0.5630297,1,0
0.4150945,1,1,1,0.471387,0.5097462,0.6613082,0.5055941,1,0
0.4130399,1,1,1,0.4580977,0.493219,0.5949489,0.4932776,1,0
0.4109822,1,1,1,0.4451226,0.4771997,0.5708996,0.4944991,1,0
0.408925,1,1,1,0.4640069,0.461657,0.5479006,0.4961798,1,0
0.4068605,1,1,1,0.4920894,0.446562,0.5258746,0.4983396,1,0
0.4047922,1,1,1,0.5263346,0.4318904,0.5047553,0.5009903,1,0
0.4027161,1,1,1,0.5686142,0.417617,0.4844788,0.5041519,0.9199179,0
0.400628,1,1,1,0.6216427,0.4037209,0.4649901,0.5078468,0.9193141,0
0.398531,1,1,1,1,0.3901798,0.4462356,0.5120925,0.9193178,0
0.3966487,1,1,1,1,0.3771322,0.4285227,0.5165012,0.8031644,0
0.3945244,1,1,1,1,0.375897,0.4110698,0.52189,0.6083307,0
0.3923855,1,1,1,1,0.3995818,0.3942201,0.527909,0.4649716,0
0.3902276,1,1,1,1,0.428029,0.3779346,0.5345937,0.4436549,0
0.388053,1,1,1,1,0.4624836,0.3621809,0.5419754,0.4448072,0
0.3858573,1,1,1,1,0.5047039,0.3469291,0.5500965,0.4463812,0
0.3836422,1,1,1,1,0.5571746,0.3321481,0.4753087,0.4483805,0
0.3814031,0.4806853,1,1,1,1,0.3178089,0.4478201,0.4508165,0
0.3802672,1,1,1,1,1,0.3053367,0.427085,0.452202,0
0.3779923,1,1,1,1,1,0.2916632,0.4020171,0.4553036,0
0.3756894,0.4599721,1,1,1,1,0.290702,0.3782811,0.4588673,0
0.3744397,1,1,1,1,1,0.298292,0.3605608,0.4607306,0
0.3721009,1,1,1,1,1,0.3174698,0.3386804,0.4649526,0
0.3697293,0.440888,1,1,1,1,0.3397408,0.3178824,0.4696694,0
0.3683983,1,1,1,1,1,0.3472559,0.3027989,0.4715815,0
0.3659897,1,1,1,1,1,0.3742377,0.2834021,0.4769191,0
0.3635459,1,1,1,1,1,0.4059283,0.2649028,0.4827868,0
0.3610719,1,1,1,1,1,0.4432052,0.2472579,0.4891711,0
0.3586127,0.4095808,1,1,1,1,1,0.2306586,0.4103479,2
0.3569429,1,1,1,1,1,1,0.2190176,0.3925044,0
0.3545263,1,1,1,1,1,1,0.2035107,0.3571345,0
0.3520268,1,1,1,1,1,1,0.2046181,0.323657,0
0.3494603,1,1,1,1,1,1,0.2135963,0.2923755,0
0.3468359,1,1,1,1,1,1,0.2234323,0.2632832,0
0.3441519,1,1,1,1,1,1,0.2341637,0.2362158,0
0.3414066,1,1,1,1,1,1,0.2458232,0.2109966,0
0.3385958,1,1,1,1,1,1,0.2584429,0.1874629,0
0.335713,1,1,1,1,1,1,0.2720539,0.1698225,0
0.3327524,1,1,1,1,1,1,0.2865984,0.1758929,0
0.3296877,1,1,1,1,1,1,0.3016562,0.1821589,0
0.3265098,1,1,1,1,1,1,0.3171544,0.1885935,0
0.3232136,1,1,1,1,1,1,0.3330116,0.195169,0
0.3197998,1,1,1,1,1,1,0.3491323,0.2018532,0
0.3162661,1,1,1,1,1,1,0.9122308,0.2086213,1
0.312219,1,1,1,1,1,1,0.9197837,0.213568,1
0.3081616,1,1,1,1,1,1,0.9264501,0.2184184,1
0.3041023,1,1,1,1,1,1,0.9322567,0.223165,1
0.300047,1,1,1,1,1,1,0.937241,0.2278046,1
0.2960011,1,1,1,1,1,1,0.9414437,0.2323348,1
0.291973,1,1,1,1,1,1,0.9449006,0.2367495,1
0.2879651,1,1,1,1,1,1,0.9476624,0.2410511,1
0.2839826,1,1,1,1,1,1,0.949773,0.2452383,1
0.2800305,1,1,1,1,1,1,0.9512765,0.24931,1
0.2885412,1,1,1,1,1,1,0.9522163,0.2532658,1
0.3756703,1,1,1,1,1,1,0.95356,0.2572082,1
0.4544719,1,1,1,1,1,1,0.9611747,0.2618201,1
0.5203911,1,1,1,1,1,1,0.9742516,0.2670607,0
0.5728297,1,1,1,1,1,1,0.9918135,0.2728506,0
0.8147564,1,1,1,1,1,1,1,0.2791041,0
0.8125976,1,1,1,1,1,1,1,0.6872119,1
0.8088349,1,1,1,1,1,1,1,0.6704423,1
0.8050967,1,1,1,1,1,1,1,0.6534959,1
0.8013789,1,1,1,1,1,1,1,0.6363981,1
0.7976806,1,1,1,1,1,1,1,0.6274592,1
0.7939686,1,1,1,1,1,1,1,0.6347455,1
0.7901753,1,1,1,1,1,1,1,0.641901,1
0.798111,1,1,1,1,1,1,1,0.6489098,1
0.8368911,1,1,1,1,1,1,1,0.656037,0
0.8677776,1,1,1,1,1,1,1,0.6640134,0
0.8923733,1,1,1,1,1,1,1,0.672686,0
0.9122061,1,1,1,1,1,1,1,0.6819383,0
1,1,1,1,1,1,0.9989151,1,0.6916765,0
1,1,1,1,1,1,0.9902487,1,0.7037081,0
1,1,1,1,1,1,0.9816939,1,0.7158215,0
1,1,1,1,1,1,0.9732331,1,0.7279886,0
1,1,1,1,1,1,0.9648532,1,0.740185,0
1,1,1,1,1,1,0.9565389,1,0.7523819,0
1,1,1,1,1,1,0.9482789,1,0.7645598,0
1,1,1,1,1,1,0.9400606,1,0.776686,0
1,1,1,1,1,1,0.9318721,1,0.7887417,0
1,1,1,1,1,1,0.9237055,1,0.8007001,0
1,1,1,1,1,1,0.9155512,1,0.812539,0
1,1,1,1,1,1,1,0.9549946,0.8242331,0
1,1,1,1,1,1,1,0.9440924,0.8366629,0
1,1,1,1,1,1,1,0.9333717,0.8491093,0
1,1,1,1,1,1,1,0.922824,0.8615578,0
1,1,1,1,1,1,1,0.912442,1,1
1,1,1,1,1,1,1,0.9032285,1,1
1,1,1,1,1,1,1,0.8939966,1,1
1,1,1,1,1,1,1,0.884748,1,1
1,1,1,1,1,1,1,0.8754877,1,1
1,1,1,1,1,1,1,0.8662173,1,1
1,1,1,1,1,1,1,0.8569387,1,1
1,1,1,1,1,1,1,0.8476537,1,1
1,1,1,1,1,1,1,0.8383641,1,1
1,1,1,1,1,1,1,0.829075,1,1
1,1,1,1,1,1,1,0.8197848,1,1
1,1,1,0.9940508,1,1,1,0.8104985,1,1
1,1,1,0.9845526,1,1,1,0.801259,1,1
1,1,1,0.9748726,1,1,1,0.7920897,1,1
1,1,1,0.9650028,1,1,1,0.7829864,1,1
1,1,1,0.9549402,1,1,1,0.7739484,1,1
1,1,1,0.9446781,1,1,1,0.7649715,1,1
1,1,1,0.9342151,1,1,1,0.7560548,1,1
1,1,1,0.9235507,1,1,1,0.7471974,1,1
1,1,1,0.9126813,1,1,1,0.738395,1,1
1,1,1,0.9016083,1,1,1,0.7296468,1,1
1,1,1,0.8903345,1,1,1,0.7209516,1,1
1,1,1,0.8788597,1,1,1,0.7123051,1,1
1,1,1,0.8671885,1,1,1,0.7037064,1,1
1,1,1,0.8553222,1,1,1,0.6951511,1,1
1,1,1,0.8432685,1,1,1,0.686638,1,1
1,1,1,0.8310307,1,1,1,0.6781629,1,1
1,1,1,0.818618,1,1,1,0.6697245,1,1
1,1,1,0.8060363,1,1,1,0.6613182,1,1
1,1,1,0.793296,1,1,1,0.652943,1,1
1,1,1,0.7804092,1,1,1,0.6445972,1,1
1,1,1,0.7673836,1,1,1,0.6362764,1,1
1,1,1,0.7542324,1,1,1,0.6279787,1,1
1,1,1,0.7409688,1,1,1,0.6197029,1,1
1,1,1,0.7276024,1,1,1,0.6114439,1,1
1,1,1,0.714143,1,1,1,0.6031967,0.77843,1
1,1,1,0.7047058,1,1,1,0.5938436,0.7649634,1
1,1,1,0.6953257,1,1,1,0.5845066,0.7515123,1
1,1,1,0.6859978,1,1,1,0.5751925,0.7380922,1
1,1,1,0.6767177,1,1,1,0.5659072,0.7247186,1
1,1,1,0.6674718,1,1,1,0.5566508,0.7113981,1
1,1,1,0.6582507,1,1,1,0.5618316,0.6981411,1
1,1,1,0.6489441,1,1,1,0.589125,0.6850607,1
1,1,1,0.6393854,1,1,1,0.6164108,0.6722986,1
1,1,1,0.6295756,0.7456485,1,1,0.6435828,0.6598333,1
1,1,1,0.6158307,1,1,1,0.6560455,0.6509539,1
1,1,1,0.6056393,0.7271515,1,1,0.6822034,0.6388057,2
1,1,1,0.5914431,1,1,1,0.6917673,0.6303506,1
1,1,1,0.5809295,1,1,1,0.7167193,0.6184473,1
1,1,1,0.5702103,1,1,1,0.7411634,0.6067673,1
1,1,1,0.5592932,1,1,1,0.765011,0.5952915,1
1,1,1,0.5481874,0.6766456,1,1,0.7881815,0.5840012,2
1,1,1,0.542247,1,1,1,0.7887961,0.5766215,1
1,1,1,0.533759,1,1,1,0.8112375,0.5652507,1
1,1,1,0.5254008,1,1,1,0.8331676,0.554006,1
1,1,1,0.5171584,1,1,1,1,0.5428697,1
1,1,1,0.5099231,1,1,1,1,0.5325946,1
1,1,1,0.5026231,1,1,1,1,0.5222285,1
1,1,1,0.4952568,1,1,1,1,0.5117784,1
1,1,1,0.487827,1,1,1,1,0.5012437,1
1,1,1,0.4803367,1,1,1,1,0.4906357,1
1,1,1,0.4727891,1,1,1,1,0.4799539,1
1,1,1,0.4651832,1,1,1,1,0.469202,1
1,1,0.5599005,0.4575221,1,1,1,1,0.4583876,2
1,1,0.5296648,0.4576376,1,1,1,1,0.4537676,2
1,1,0.5007525,0.458211,1,1,1,1,0.4491059,2
1,1,0.4731521,0.4592222,1,1,1,1,0.4443529,2
1,1,0.4468394,0.46065,1,1,1,1,0.4394645,2
1,1,0.4217626,0.4624625,1,1,1,1,0.4343869,2
1,1,0.3978624,0.4646355,1,1,1,1,0.4290686,2
1,1,0.3750771,0.4671339,1,1,1,1,0.4234623,2
1,1,0.3553628,0.4699259,1,1,1,1,0.4215573,2
1,1,0.3544699,1,1,1,1,1,0.4214638,1
1,1,0.3496102,1,1,1,1,1,0.4261932,1
1,1,0.3448347,1,1,1,1,1,0.430791,1
1,1,0.3401373,1,1,1,1,1,0.4352613,1
1,1,0.3355124,1,1,1,1,1,0.4396085,1
1,1,0.3309588,1,1,1,1,1,0.443833,1
1,1,0.3264758,1,1,1,1,1,0.4479353,1
1,1,0.3220586,1,1,1,1,1,0.4519199,1
1,1,0.3177075,1,1,1,1,1,0.4557874,1
1,1,0.3134181,1,1,1,1,1,0.4595424,1
1,1,0.3091871,1,1,1,1,1,0.4631895,1
1,0.3882225,0.3050149,1,1,1,1,1,0.4667291,2
1,0.3334457,0.3058246,1,1,1,1,1,0.4639512,2
1,0.2851675,0.3070765,1,1,1,1,1,0.4612192,2
1,0.2422515,0.3087969,1,1,1,1,1,0.4585305,2
1,0.2295249,0.3110202,1,1,1,1,1,0.4558791,2
1,0.2283161,0.3137801,1,1,1,1,1,0.453263,2
1,0.2274075,1,1,1,1,1,1,0.4506761,2
1,0.225511,1,1,1,1,1,1,0.4511358,2
1,0.2237072,1,1,1,1,1,1,0.4515649,2
0.9859274,0.2219925,1,1,1,1,1,1,0.4519661,2
0.9837449,0.2204343,1,1,1,1,1,1,0.4521896,2
0.2340771,0.2189781,1,1,1,1,1,1,0.4523701,2
0.1934998,0.2190404,1,1,1,1,1,1,0.4497784,2
0.1919015,0.2194391,1,1,1,1,1,1,0.4472063,2
0.190588,0.2201822,1,1,1,1,1,1,0.444655,2
0.1895619,0.2212854,1,1,1,1,1,1,0.4421192,2
0.1888236,0.2227632,1,1,1,1,1,1,0.439597,2
0.1883742,0.8879582,1,1,1,1,1,1,0.4370865,2
0.1879772,0.8963739,1,1,1,1,1,1,0.4355075,2
0.1877509,0.9049841,1,1,1,1,1,1,0.433983,2
0.1876884,0.9137598,1,1,1,1,1,1,0.4325026,2
0.1877769,0.9226646,1,1,1,1,1,1,0.4310628,2
0.18801,0.9316705,1,1,1,1,1,1,0.4296543,2
0.1883788,0.9407452,1,1,1,1,1,1,0.4282713,2
1,0.9498575,1,1,1,1,1,1,0.4269087,0
1,0.9335335,1,1,1,1,1,1,0.429776,0
1,0.9180506,1,1,1,1,1,1,0.433054,0
1,0.9037342,1,1,1,1,1,1,0.4366481,0
1,0.8904555,1,1,1,1,1,1,0.4405355,0
1,0.8780988,1,1,1,1,1,1,0.4446968,0
1,0.8665665,1,1,1,1,1,1,0.4491102,0
1,0.8557732,1,1,1,1,1,1,0.4537539,0
1,0.8456399,1,1,1,1,1,1,0.4586099,0
1,0.8361008,1,1,1,1,1,1,0.4636573,0
1,0.8270978,1,1,1,1,1,1,0.4688751,0
1,0.8185728,1,1,1,1,1,1,0.4742497,0
1,0.8104846,1,1,1,1,1,1,0.4797568,0
1,0.8027865,1,1,1,1,1,1,1,2
1,0.8034052,1,1,1,1,1,1,1,2
1,0.8041335,1,1,1,1,1,1,1,2
1,0.8049664,1,1,1,1,1,1,1,2
1,0.8059025,1,1,1,1,1,1,1,2
1,0.8069399,1,1,1,1,1,1,1,2
1,0.8080772,1,1,1,1,1,1,1,2
1,0.8093092,1,1,1,1,1,1,1,2
1,0.8106378,1,1,1,1,1,1,1,2
0.9354566,0.8120576,1,1,1,1,1,1,1,2
0.765767,0.8149241,1,1,1,1,1,1,1,2
0.7004399,0.8216451,1,1,1,1,1,1,1,2
0.7010697,1,1,1,1,1,1,1,1,2
0.7013475,1,1,1,1,1,1,1,1,2
0.701854,1,1,1,1,1,1,1,1,2
0.7025881,1,1,1,1,1,1,1,1,2
0.7035488,1,1,1,1,1,1,1,1,2
0.7047347,1,1,1,1,1,1,1,1,2
0.7061442,1,1,1,1,1,1,1,0.9750053,2
0.7075971,1,1,1,1,1,1,1,0.972031,2
0.7092166,1,1,1,1,1,1,1,0.9691426,2
0.7109985,1,1,1,1,1,1,1,0.9663324,2
0.7129353,1,1,1,1,1,1,1,0.9635963,2
0.7150194,1,1,1,1,1,1,1,0.9609302,2
0.7172465,1,1,1,1,1,1,1,0.9583268,2
0.7196058,1,1,1,1,1,1,1,0.9557852,2
0.722093,1,1,1,1,1,1,1,0.9532982,2
0.7247036,1,1,1,1,1,1,1,0.9508588,2
0.7274268,1,1,1,1,1,1,1,0.9484663,2
0.7302549,1,1,1,1,1,1,1,1,2
0.733776,1,1,1,1,1,1,1,1,2
1,1,1,1,1,1,1,1,0.9407023,1
1,1,1,1,1,1,1,1,1,1
1,1,1,1,1,1,1,1,1,1
1,1,1,1,1,1,1,1,1,1
1,1,1,1,1,1,1,1,1,1
1,1,1,1,1,1,1,1,1,1
1,1,1,1,1,1,1,1,1,1
1,1,1,1,1,1,1,1,1,1
1,1,1,1,1,1,1,1,1,1
1,1,1,1,1,1,1,1,1,1
1,1,1,1,1,1,1,1,1,1
1,1,1,1,1,1,1,1,1,1
1,1,1,1,1,1,1,1,1,1
1,1,1,1,1,1,1,1,1,1
1,1,1,1,1,1,1,1,1,1
1,1,1,1,1,1,1,1,1,1
1,1,1,1,1,1,1,1,1,1
1,1,1,1,1,1,1,1,1,1
1,1,1,1,1,1,1,1,1,1
1,1,1,1,1,1,1,1,1,1
1,1,1,1,1,1,1,1,1,1
1,1,0.9946798,1,1,1,1,1,1,1
1,1,0.8494236,1,1,1,1,0.9937159,1,1
1,1,0.8374305,1,1,1,1,0.9916376,1,1
1,1,0.8254205,1,1,1,1,0.9894316,1,1
1,1,0.8133991,1,1,1,1,0.9871061,1,1
1,1,0.8013716,1,1,1,1,0.9846695,1,1
1,1,0.7893463,1,1,1,1,0.9821262,1,1
1,1,0.7773246,1,1,1,1,0.9794843,1,1
1,1,0.7653112,1,1,1,1,0.9767516,1,1
1,1,0.75331,1,1,1,1,0.9739361,1,1
1,1,0.741325,1,1,1,1,0.9710413,1,1
1,1,0.7293633,1,1,1,1,0.9680746,1,1
1,1,0.7174246,1,1,1,1,0.9650391,1,1
1,1,0.7055122,1,1,1,1,0.9619457,1,1
1,1,0.693632,1,1,1,1,0.9587969,1,1
1,1,0.6817833,1,1,1,1,0.9556026,1,1
1,1,0.6699715,1,1,1,1,0.9523651,1,1
1,0.8956199,0.6581953,1,1,1,1,0.9490897,1,2
1,0.8745124,0.6456366,1,1,1,1,0.9434794,1,2
1,0.8532847,0.63305,1,1,1,1,0.9375165,1,2
1,0.8320168,0.6204608,1,1,1,1,0.9312401,1,2
1,0.8107798,0.62362,1,1,1,1,0.9246942,1,2
1,0.7898195,0.6410117,1,1,1,1,0.9180684,1,2
1,0.7693164,0.6594667,1,1,1,1,0.9115123,1,2
1,0.7492709,0.6789959,1,1,1,1,0.9050421,1,2
1,0.7296797,0.699618,1,1,1,1,0.8986672,1,2
1,0.7105359,0.7213503,1,1,1,1,0.8923948,1,2
1,0.6918342,0.7441986,1,1,1,1,0.8862332,1,2
1,0.6735591,0.7681752,1,1,1,1,0.8801845,1,2
1,0.655701,0.7932801,1,1,1,1,0.8742533,1,2
1,0.6382412,0.8195099,1,1,1,1,0.8684425,1,2
1,0.6211678,0.8468685,1,1,1,1,0.8627499,1,2
1,0.6044647,0.8753452,1,1,1,1,0.8571756,1,2
1,0.5881148,0.9049364,1,1,1,1,0.8517156,1,2
1,0.5721017,1,1,1,1,1,0.8463719,1,2
1,0.5567108,1,1,1,1,1,0.8414636,1,2
1,0.5414429,1,1,1,1,1,0.8364895,1,2
1,0.5263072,1,1,1,1,1,0.8314597,1,2
1,0.5113114,1,1,1,1,1,0.8263803,1,2
1,0.496462,1,1,1,1,1,0.8212598,1,2
1,0.4817681,1,1,1,1,1,0.8161064,1,2
1,0.4672301,1,1,1,1,1,0.8109239,1,2
0.7658335,0.4528548,1,1,1,1,1,0.8057227,1,2
0.7251831,0.4359187,1,1,1,1,0.9941017,0.7970365,1,2
0.6857053,0.4477808,1,1,1,1,0.9709428,0.7881117,1,2
0.6489176,0.4631351,1,1,1,1,0.9489714,0.7794516,1,2
0.6147017,0.479279,1,1,1,1,0.9355016,0.7710957,1,2
0.5826656,0.4963194,1,1,1,1,0.9353974,0.7629794,1,2
0.5523525,0.5145227,1,1,1,1,0.9355136,0.755,1,2
0.52369,0.533904,1,1,1,1,0.9357823,0.7471715,1,2
0.4965895,0.554467,1,1,1,1,0.93613,0.7395042,1,2
0.4709601,0.5762085,1,1,1,1,0.936487,0.7320029,1,2
0.4466986,0.599117,1,1,1,1,0.936774,0.7246677,1,2
0.4237121,0.6231651,1,1,1,1,0.9369211,0.7174979,1,2
0.4019048,0.6483135,1,1,1,1,0.936854,0.7104899,1,2
0.3811846,0.6745169,1,1,1,1,1,0.7036347,1,2
0.3892721,0.704771,1,1,1,1,1,0.6965275,1,2
0.3991555,1,1,1,1,1,1,0.6897658,1,2
0.4072278,1,1,1,1,1,1,0.6841118,1,2
0.4152542,1,1,1,1,1,1,0.6785521,1,2
0.4232162,1,1,1,1,1,1,0.6730791,1,2
0.4311,1,1,1,1,1,1,0.6676837,1,1
0.4388886,1,1,1,1,1,1,0.662361,1,1
0.4465695,1,1,1,1,1,1,0.6571045,1,1
0.454127,1,1,1,1,1,1,0.6519117,1,1
0.4615463,1,1,1,1,1,1,0.6467811,1,1
0.4688219,1,1,1,1,1,1,0.6417062,1,1
0.4759363,1,1,1,1,1,1,0.63669,0.6388601,0
0.4762098,1,1,1,1,1,0.8097847,0.6339157,0.6322647,0
0.473627,1,1,1,1,1,0.7752885,0.6324325,0.6252041,0
0.4707176,1,1,1,1,1,0.7418295,0.6315407,0.6185434,0
0.4678689,1,1,1,1,1,0.7101783,0.6311144,0.6123925,0
0.4650699,1,1,1,1,1,0.6955688,0.6311665,0.6067454,0
0.4623217,1,1,1,1,1,0.7043647,0.6317009,0.6015878,0
0.4596179,1,1,1,1,1,0.7141126,0.6327301,0.5969131,0
0.4569522,1,1,1,1,1,0.7248839,0.6342676,0.5927158,0
0.4544884,1,1,1,1,1,1,1,0.5890004,1
0.458714,1,1,1,1,1,1,1,0.586002,1
0.4628818,1,1,1,1,1,1,1,0.5829814,1
0.4669898,1,1,1,1,1,1,1,0.579938,1
0.4710293,1,1,1,1,1,1,1,0.5768774,1
0.4749989,1,1,1,1,1,1,1,0.5737993,1
0.4788939,1,1,1,1,1,1,1,0.5707067,1
0.4827099,1,1,1,1,1,1,1,0.5676026,1
0.4864427,1,1,1,1,1,1,1,0.5644902,1
0.4900922,1,1,1,1,1,1,1,0.5613698,1
0.4936509,1,1,1,1,1,1,1,0.5582478,1
0.4971192,1,1,1,1,1,1,1,0.5551248,1
0.5004941,1,1,1,1,1,1,1,0.5520044,1
0.5037727,1,1,1,1,1,1,1,0.5488903,1
0.5069562,1,1,1,1,1,1,1,0.5457832,1
0.5100421,1,1,1,1,1,1,1,0.5426871,1
0.5130283,1,1,1,1,1,1,1,0.5396057,1
0.5159131,1,1,1,1,1,1,1,0.5365431,1
0.5186983,1,1,1,1,1,1,1,0.5335001,1
0.5213827,1,1,1,1,1,1,1,0.5304807,1
0.5239683,1,1,1,1,1,1,0.5963321,0.5274858,0
0.5212834,1,1,1,1,1,1,0.5478146,0.5244585,0
0.5181397,1,1,1,1,1,1,0.5015184,0.5218052,0
0.5147854,1,1,1,1,1,1,0.4796066,1,1
0.5169815,1,1,1,1,1,1,0.477389,1,1
0.5191175,1,1,1,1,1,1,0.4752206,1,1
1,1,1,1,1,1,1,0.4730998,1,0
1,1,1,1,1,1,1,0.4755241,1,0
0.9264932,1,1,1,1,1,1,0.4783296,1,0
0.92119,1,1,1,1,1,1,0.480716,1,0
0.9162423,1,1,1,1,1,1,1,1,1
0.9193742,1,1,1,1,1,0.9972402,1,1,1
1,1,1,1,1,1,0.9873248,1,1,1
1,1,1,1,1,1,0.9751385,1,1,1
1,1,1,1,1,1,0.9627649,1,1,1
1,1,1,1,1,1,0.9502058,1,1,1
1,1,1,1,1,1,0.9374717,1,1,1
1,1,1,1,1,1,0.9245663,1,1,1
1,1,1,1,1,1,0.9114975,1,1,1
1,1,1,1,1,1,0.8982746,1,0.4507945,0
1,1,1,1,1,1,0.8821257,1,0.4023531,0
1,1,1,1,1,1,0.9095489,1,0.4022988,0
1,1,1,1,1,1,0.9397146,1,0.4026317,0
1,1,1,1,1,1,0.9729505,1,0.4033552,0
1,1,1,1,1,1,1,1,0.4044774,0
1,1,1,1,1,1,1,1,0.4060006,0
1,1,1,1,1,1,1,1,1,1
1,1,1,1,1,1,1,1,1,1
1,1,1,1,1,1,1,1,1,1
1,1,1,1,1,1,1,1,1,1
1,1,1,1,1,1,1,1,1,1
1,1,1,1,1,1,1,1,1,1
1,1,1,1,1,1,1,1,1,1
1,1,1,1,1,1,1,1,1,1
1,1,1,1,1,1,1,1,1,1
1,1,1,1,1,1,1,1,1,1
1,1,1,1,1,1,1,1,1,1
1,1,1,1,1,1,1,1,1,1
1,1,1,1,1,1,1,1,1,1
1,1,1,1,1,1,1,0.859251,1,0
1,1,1,1,1,1,1,0.8387647,1,0
1,1,1,1,1,1,1,0.8178876,1,0
1,1,1,1,1,1,1,0.7966777,1,0
1,1,1,1,1,1,1,0.7751974,1,0
1,1,1,1,1,1,1,0.7535152,1,0
1,1,1,1,1,1,1,0.7316923,1,0
1,1,1,1,1,1,1,0.7097993,1,0
1,1,1,1,1,1,1,0.6879012,1,0
1,1,1,1,1,1,1,0.6660611,1,0
1,1,1,1,1,1,1,0.6570153,1,0
1,1,1,1,1,1,1,0.6646147,1,0
1,1,1,1,1,1,1,0.6723626,1,0
1,1,1,1,1,1,1,0.6802483,1,0
1,1,1,1,1,1,1,0.6882557,1,0
1,1,1,1,1,1,1,0.6963781,1,0
1,1,1,1,1,1,1,0.7046034,1,0
1,1,1,1,1,1,1,0.7129158,1,0
1,1,1,1,1,1,1,0.7213078,1,0
1,1,1,1,1,1,1,0.7297627,1,0
1,1,1,1,1,1,1,1,1,1
1,1,1,1,1,1,1,1,1,1
1,1,1,1,1,1,1,1,1,1
1,1,1,1,1,1,1,1,1,1
1,1,1,1,1,1,1,1,1,1
1,1,1,1,1,1,1,1,0.7351687,0
1,1,1,1,1,1,1,1,0.6944836,0
1,1,1,1,1,1,1,1,0.6535776,0
1,1,1,1,1,1,1,1,0.6129104,0
1,1,1,1,1,1,1,1,0.5729016,0
1,1,1,1,1,1,1,1,0.5684035,0
1,1,1,1,1,1,1,1,0.5758653,0
1,1,1,1,1,1,1,1,0.5836475,0
1,1,1,1,1,1,1,1,0.591737,0
1,1,1,1,1,1,1,1,0.6001233,0
1,1,1,1,1,1,1,1,0.6087917,0
1,1,1,1,1,1,1,1,0.6177306,0
1,1,1,1,1,1,1,1,0.6269242,0
1,1,1,1,1,1,1,1,0.6363556,0
1,1,1,1,1,1,1,1,1,1
1,1,1,1,1,1,1,1,1,1
1,1,1,1,1,1,1,1,1,1
1,1,1,1,1,1,1,1,1,1
1,1,1,1,1,1,1,1,1,1
1,1,1,1,1,1,1,1,1,1
1,1,1,1,1,1,1,1,1,1
1,1,1,1,1,1,1,1,1,1
1,1,1,1,1,1,1,1,1,1
1,1,1,1,1,1,1,1,1,1
1,1,1,1,1,1,1,1,1,1
1,1,1,1,1,1,1,1,1,1
1,1,1,1,1,1,1,1,1,1
1,1,1,1,1,1,1,1,1,1
1,1,1,1,1,1,1,1,1,1
1,1,1,1,1,1,1,1,1,1
1,1,1,1,1,1,1,1,1,1
1,1,1,1,1,1,1,1,1,1
1,1,1,1,1,1,1,1,1,1
1,1,1,1,1,1,1,1,1,1
1,1,1,1,1,1,1,1,1,1
1,1,1,1,1,1,1,1,1,1
1,1,1,1,1,1,1,1,1,1
1,1,1,1,1,1,1,1,1,1
1,1,1,1,1,1,1,1,1,1
1,1,1,1,1,1,1,1,1,1
1,1,1,1,1,1,1,1,1,1
1,1,1,1,1,1,1,1,1,1
1,1,1,1,1,1,1,1,1,1
1,1,1,1,1,1,1,1,1,1
1,1,1,1,1,1,1,1,1,1
1,1,1,1,1,1,1,1,1,1
1,1,1,1,1,1,1,1,1,1
1,1,1,1,1,1,1,1,1,1
1,1,1,1,1,1,1,1,1,1
1,1,1,1,1,1,1,1,1,1
1,1,1,1,1,1,1,1,1,1
1,1,1,1,1,1,1,1,1,1
1,1,1,1,1,1,1,1,1,1
1,1,1,1,1,1,1,1,1,1
1,1,1,1,1,1,1,1,1,1
1,1,1,1,1,1,1,1,1,1
1,1,1,1,1,1,1,1,1,1
1,1,1,1,1,1,1,1,1,1
1,1,1,1,1,1,1,1,1,1
1,1,1,1,1,1,1,1,1,1
1,1,1,1,1,1,1,1,1,1
1,1,1,1,1,1,1,1,1,1
1,1,1,1,1,1,1,1,1,1
1,1,1,1,1,1,1,1,1,1
1,1,1,1,1,1,1,1,1,1
1,1,1,1,1,1,1,1,1,1
1,1,1,1,1,1,1,1,1,1
1,1,1,1,1,1,1,1,1,1
1,1,1,1,1,1,1,1,1,1
1,1,1,1,1,1,1,1,1,1
1,1,1,1,1,1,1,1,1,1
1,1,1,1,1,1,1,1,1,1
1,1,1,1,1,1,1,1,1,1
1,1,1,1,1,1,1,1,1,1
1,1,1,1,1,1,1,1,1,1
1,1,1,1,1,1,1,1,1,1
1,1,1,1,1,1,1,1,1,1
1,1,1,1,1,1,1,1,1,1
1,1,1,1,1,1,1,1,1,1
1,1,1,1,1,1,0.9939483,1,1,1
1,1,1,1,1,1,0.9844989,1,1,1
1,1,1,1,1,0.9909545,0.9750463,1,1,1
1,1,1,1,1,0.9814113,0.9655965,1,1,1
1,1,1,1,1,0.9718625,0.9561495,1,1,1
1,1,1,1,1,0.9623084,0.9467052,1,1,1
1,1,1,1,1,0.952749,0.9372638,1,1,1
1,1,1,1,1,0.9431847,0.9278248,1,1,1
1,1,1,1,1,0.9336155,0.9183884,1,1,1
1,1,1,1,1,0.9240417,0.9089543,1,1,1
1,1,1,1,1,0.9144605,0.8995196,1,1,1
1,1,1,1,1,0.9048752,0.890087,1,1,1
1,1,1,1,1,0.895286,0.8806566,1,1,1
1,1,1,1,1,0.8856932,0.8712281,1,1,1
1,1,1,1,1,0.8760939,0.8617986,1,1,1
1,1,1,1,1,0.8664915,0.8523707,1,1,1
1,1,1,1,1,0.8568833,0.8429415,1,1,1
1,1,1,1,1,0.8472726,0.8335137,1,1,1
1,1,1,1,1,0.8376597,0.8240875,1,1,1
1,1,1,1,1,0.8280417,0.8146595,1,1,1
1,1,1,1,1,0.818422,0.8052326,1,1,1
1,1,1,1,1,0.8087978,0.7958037,1,1,1
1,1,1,1,1,0.7991695,0.7863728,1,1,1
1,1,1,1,1,0.7895404,0.7769426,1,1,1
1,1,1,1,1,0.7799076,0.76751,1,1,1
1,1,1,1,1,0.7702745,0.758078,1,1,1
1,1,1,1,1,0.7606384,0.7486433,1,1,1
1,1,1,1,1,0.7509992,0.739206,1,1,1
1,1,1,1,1,0.7413605,0.7297688,1,1,1
1,1,1,1,1,0.7317195,0.7203286,1,1,1
1,1,1,1,1,0.7220763,0.7108852,0.9952795,1,1
1,1,1,1,1,0.7124458,0.7014345,0.9846166,1,1
1,1,1,1,1,0.7028388,0.6919645,0.9738175,1,1
1,1,1,1,1,0.6932572,0.682479,0.9628899,1,1
1,1,1,1,1,0.6836996,0.6729786,0.9518393,1,1
1,1,1,1,1,0.6741679,0.6634673,0.9406754,1,1
1,1,1,1,1,0.6646576,0.6539429,0.9294008,1,1
1,1,1,1,1,0.6551707,0.6474879,0.9180266,1,1
1,1,1,1,1,0.6457045,0.6868516,0.9065668,1,1
1,1,1,1,1,0.636238,0.7269152,0.8951293,1,1
1,1,1,1,1,0.6267711,0.7677038,0.8982307,1,1
1,1,1,1,1,1,1,0.9056281,1,1
1,1,1,1,1,1,1,0.915341,1,1
1,1,1,1,1,1,1,0.9248239,1,1
1,1,1,1,1,1,1,0.9340619,1,1
1,1,1,1,1,1,1,0.94306,1,1
1,1,1,1,1,1,1,0.9518046,1,1
1,1,1,1,1,1,1,0.9603019,1,1
1,1,1,1,1,1,1,0.9685402,1,1
1,1,1,1,1,1,1,0.9765205,1,1
1,1,1,1,1,1,1,0.9842452,1,1
1,0.9821375,1,1,1,1,0.5167273,0.9917102,1,1
1,0.9617403,1,1,1,1,0.5072544,1,1,1
1,0.9579929,1,1,1,1,0.4978273,1,1,1
1,0.9542872,1,1,1,1,0.4884056,0.5546464,1,0
1,0.947405,1,1,1,1,0.4786669,0.5410196,1,0
1,0.9406623,1,1,1,1,0.4690262,0.5277097,1,0
1,0.9340519,1,1,1,1,0.4594733,0.5146963,1,0
1,0.9275633,1,1,1,1,0.4500018,0.501963,0.9790295,0
1,0.9209849,1,1,1,1,0.440596,0.4893202,0.9529437,0
1,0.91429,1,1,1,1,0.4312598,0.4767501,0.926991,0
1,0.9075032,1,1,1,1,0.4219977,0.4642784,0.9012905,0
1,0.9006508,1,1,1,1,0.4128191,0.451935,0.875958,0
1,0.8937591,1,1,1,1,0.4037259,0.4397397,0.8510836,0
1,0.8868488,1,1,1,1,0.3947186,0.4277089,0.8267433,0
1,0.8799366,1,1,1,1,0.3857998,0.4158588,0.8030012,0
1,0.8730423,1,1,1,1,1,0.431467,0.7799073,0
1,0.8661053,1,1,1,1,1,0.4549113,0.7572087,0
1,0.859264,1,1,1,1,1,0.4796124,0.7684358,0
1,0.854718,1,1,1,1,1,0.5042464,0.7819273,0
1,0.8463635,1,1,1,1,1,1,0.7948831,1
1,0.8414437,1,1,1,1,1,0.3564506,0.471172,0
1,0.8353942,1,1,1,1,1,0.3447275,0.4499288,0
1,0.8807494,0.9819059,1,1,1,1,0.3334215,0.4298785,0
1,0.9478815,0.9627835,1,1,1,1,0.3223658,0.4103885,0
1,1,0.9437564,1,1,1,1,0.3116087,0.3915813,0
1,1,0.9254183,1,1,1,1,0.3012401,0.3737783,0
1,1,0.9077288,1,1,1,1,0.2912467,0.3597102,0
1,1,0.8907459,1,1,1,1,0.281623,0.3790545,0
1,1,0.8752769,1,1,1,1,0.2934146,0.3987437,0
1,1,0.8611482,1,1,1,1,0.3520486,0.418553,0
1,1,0.8482765,1,1,1,1,1,0.3069367,0
1,1,0.8368765,1,1,1,1,1,0.2954123,0
1,1,0.8257659,1,1,1,1,1,0.2842608,0
1,1,0.8149225,1,1,1,1,1,0.2734567,0
1,1,0.804328,1,1,1,1,1,0.2629726,0
1,1,0.793963,1,1,1,1,1,0.2527834,0
1,1,0.7838089,1,1,1,1,1,0.2428692,0
1,1,0.7738522,1,1,1,1,1,0.2332046,0
1,1,0.7640738,1,1,1,1,1,0.2478952,0
1,1,0.7546106,1,1,1,1,1,0.2646911,0
1,1,0.7454401,1,1,1,1,1,0.2815263,0
1,1,0.7365356,1,1,1,1,1,0.2983218,0
1,1,0.7278684,1,1,1,1,1,0.3150122,1
1,1,0.7194177,1,1,1,0.9735928,1,1,2
1,1,0.7148453,1,1,1,0.9835385,1,1,2
1,1,0.7104086,1,1,1,0.9944479,1,1,2
1,0.6593512,0.7061068,1,1,1,1,1,1,2
1,0.6518328,0.7047556,1,1,1,1,1,1,2
1,0.6447695,0.7038627,1,1,0.9864125,1,1,1,2
1,0.6381546,0.7034397,1,1,0.9653701,1,1,1,2
1,0.6319819,0.7035002,1,1,0.9451016,1,1,1,2
1,0.6262467,0.7040592,1,1,0.9255586,1,1,0.936518,2
1,0.620945,0.7051337,1,1,0.9067028,1,1,0.921202,2
1,0.616074,0.7067425,1,0.9843144,0.8884925,1,1,0.9067985,2
1,0.6116289,1,1,0.9601305,0.8708951,1,1,0.8932312,2
1,0.6072356,1,1,0.9397026,0.8555557,1,1,0.8849433,2
1,0.6031702,1,1,0.9195734,0.840397,1,1,0.8765224,2
1,0.5994429,1,1,0.8998059,0.8254598,1,1,0.8680806,2
1,0.5960611,1,0.9963481,0.8804531,0.8107786,1,1,0.8597142,2
0.6008466,0.593037,1,0.9703903,0.8615109,0.7963554,1,1,0.8514255,2
0.5929953,0.5907505,1,0.9430993,0.8417312,0.7862933,1,1,0.8410336,2
0.5856684,0.588895,1,0.916976,0.8226461,0.825092,1,1,0.831152,2
0.5788537,0.5874761,1,0.891942,0.8042163,0.8707725,1,1,0.8217424,2
0.572537,0.5864975,1,0.8679258,0.7864047,0.925043,1,1,0.8127739,2
0.5667084,0.5859671,1,0.8448618,0.769177,0.9902471,1,1,0.8042148,2
0.5613564,0.5858907,1,0.8226933,0.7525046,1,1,1,0.7960394,2
0.5564738,0.586279,1,0.8013651,0.7363577,1,1,1,0.7882211,2
0.5520514,0.5871405,0.9534408,0.7808257,0.7207085,1,1,1,0.7807389,2
0.5480844,0.5884885,0.9212998,0.7610313,0.7055339,1,1,1,0.7735698,2
0.544569,1,0.8907169,0.7419383,0.7078494,1,1,1,0.7666929,2
0.5414964,1,0.8615762,0.7235059,0.749422,1,1,1,0.7600954,2
0.5388678,1,0.8337772,0.7057,0.7987071,1,1,1,0.7537556,2
0.5366768,1,0.8072248,0.6884853,0.8577243,1,1,1,0.7476636,2
0.5349239,1,0.7818362,0.6718324,0.9293044,1,1,1,0.7418031,2
0.5336074,1,0.7575285,0.6557077,1,1,1,1,0.7361623,2
0.5327195,1,0.7343184,0.6401258,1,1,1,1,0.7307847,2
0.5322665,1,0.7120318,0.6250105,1,1,1,1,0.7255895,2
0.5322463,1,0.6906619,0.6371993,1,1,1,1,0.7206,2
0.5326141,1,0.6703315,0.6766816,1,1,1,1,0.7159377,2
0.5333175,1,0.6510788,0.7206699,1,1,1,1,0.7116662,2
0.5343239,1,0.6327994,0.7696413,1,1,1,1,0.7077451,2
1,1,0.6153977,0.8241059,1,1,1,1,0.7041415,1
1,1,0.6048563,0.8131201,1,1,1,1,0.7053417,1
1,1,0.5941526,0.8036897,1,1,1,1,0.7064695,1
1,1,0.5833027,0.7956763,1,1,1,1,0.7075213,1
1,1,0.5723155,0.7889519,1,1,1,1,0.7084972,1
1,0.8321973,0.5612034,0.7834085,1,1,1,1,0.7093979,2
1,0.8096406,0.5482758,0.7976348,1,1,1,1,0.7088071,2
1,0.7866916,0.535235,0.8151493,1,1,1,1,0.7080169,2
1,0.7634814,0.5221156,0.8362106,1,1,1,1,0.7070428,2
1,0.7401346,0.5089514,0.8611352,1,1,1,1,0.7059013,2
1,0.7167671,0.4957739,0.8903064,1,1,1,1,0.7046087,2
1,0.6934838,0.4826121,0.9241718,1,1,1,1,0.7031844,2
1,0.6703817,0.4694954,1,1,1,1,1,0.7016436,2
1,0.6477657,0.4565071,1,1,1,1,1,0.7000666,2
1,0.6251849,0.4435251,1,1,1,1,1,0.6983343,2
1,0.6027287,0.4438534,1,1,1,1,1,0.6964626,2
1,0.5806347,0.4543256,1,1,1,1,1,0.69451,2
1,0.5590445,0.4656698,1,1,1,1,1,0.6925207,2
1,0.5379668,0.4779214,1,1,1,1,1,0.6904999,2
1,0.517405,0.4911169,1,1,1,1,1,0.6884508,2
1,0.4973606,0.505278,1,1,1,1,1,0.6863816,2
1,0.4778262,0.5204267,1,1,1,1,1,0.6842989,2
1,0.4587949,0.5366024,1,1,1,1,1,0.6822017,2
1,0.4402481,0.5538272,1,1,1,1,1,0.6800941,2
1,0.4221736,0.5721231,1,1,1,1,1,0.677979,2
1,0.4045567,0.5915206,1,1,1,1,1,0.6758553,2
1,0.3873737,0.6120492,1,1,1,1,1,0.6737213,2
0.7174495,0.3706084,0.6337181,1,1,1,1,1,0.6715805,2
0.6596383,0.3508019,0.6810972,1,1,1,1,1,0.6684383,2
0.6057665,0.3315513,0.7392682,1,1,1,1,1,0.665296,2
0.5569347,0.3131638,1,1,1,1,1,1,0.6622524,2
0.512663,0.3245341,1,1,1,1,1,1,0.6593099,2
0.4719917,0.3373924,1,1,1,1,1,1,0.656449,2
0.4346785,0.3514914,1,1,1,1,1,1,0.6536781,2
0.4003269,0.3669629,1,1,1,1,1,1,0.6509906,2
0.3686012,0.3839413,1,1,1,1,1,1,0.648389,2
0.339214,0.4025991,1,1,1,1,1,1,0.6458669,2
0.3119239,0.4231241,1,1,1,1,1,1,0.643424,2
0.2865223,0.4457413,1,1,1,1,1,1,0.6410569,2
0.2786058,0.4706043,1,1,1,1,1,1,0.6387603,2
0.2877102,0.4970306,1,1,1,1,1,1,0.6364514,2
0.2970407,0.5244222,1,1,1,1,1,0.8574504,0.6340497,2
0.3050283,0.5458699,1,1,1,1,1,0.8505136,0.6309637,2
0.3129288,0.5668264,1,1,1,1,1,0.8439558,0.6276946,2
0.320709,0.5871298,1,1,1,1,1,0.8377239,0.6242398,2
0.3283375,0.6066285,1,1,1,1,1,0.8317755,0.6206019,2
0.3357898,0.6251929,1,1,1,1,1,0.8260747,0.616785,2
0.3430401,1,1,1,1,1,1,1,0.6128001,2
0.3504942,1,1,1,1,1,1,1,0.6088096,2
0.3579181,1,1,1,1,1,1,1,0.604728,1
0.3652983,1,1,1,1,1,1,1,0.6005558,1
0.3726215,1,1,1,1,1,1,1,0.596295,1
0.3798748,1,1,1,1,1,1,1,0.5919474,1
0.3870411,1,1,1,1,1,1,1,0.587519,1
0.3941084,1,1,1,1,1,1,1,0.5830129,1
0.4010608,1,1,1,1,1,1,1,0.578436,1
0.4078917,1,1,1,1,1,1,1,0.5737891,1
0.4145861,1,1,1,1,1,1,1,0.5690799,1
0.4211346,1,1,1,1,1,1,1,0.5643132,1
0.4275282,1,1,1,1,1,1,1,0.5594943,1
0.4337588,1,1,1,1,1,1,1,0.5546285,1
0.4398146,1,1,1,1,1,1,1,0.5497248,1
0.4456936,1,1,1,1,1,1,1,0.5447859,1
0.4513857,1,1,1,1,1,1,1,0.5398211,1
0.4568903,1,1,1,1,1,1,1,0.5659016,1
0.4627545,1,1,1,1,1,1,1,0.609179,1
0.4693016,1,1,1,1,1,1,1,0.6481639,1
0.4764889,1,1,1,1,1,1,1,0.682686,1
0.4842655,1,1,1,1,1,1,1,0.7128933,1
0.4925839,1,1,1,1,1,1,1,0.7141364,1
0.5009015,1,1,1,1,1,1,1,0.7099032,1
0.5091009,1,1,1,1,1,1,1,0.7055612,1
1,1,1,1,1,1,1,1,0.7011154,0
1,1,1,1,1,1,1,1,0.6942712,0
1,1,1,1,1,1,1,1,0.687633,0
1,1,1,1,1,1,1,1,0.6812102,0
1,1,1,1,1,1,1,1,0.6750145,0
1,1,1,1,1,1,1,1,0.6690516,0
1,1,1,1,1,1,1,1,0.6633328,0
1,1,1,1,1,1,1,1,0.657866,0
1,1,1,1,1,1,1,1,0.7805575,0
1,1,1,1,1,1,1,1,0.9117465,1
1,1,1,1,1,1,1,1,1,1
1,1,1,1,1,1,1,1,1,1
1,1,1,1,1,1,1,1,1,1
1,1,1,1,1,1,1,1,1,1
1,1,1,1,1,1,1,1,1,1
1,1,1,1,1,1,1,1,1,1
1,1,1,1,1,1,1,1,1,1
1,1,1,1,1,1,1,1,1,1
1,1,1,1,1,1,1,1,1,1
1,1,1,1,1,1,1,1,1,1
1,1,1,1,1,1,1,1,1,1
1,1,1,1,1,1,1,1,1,1
1,1,1,1,1,1,1,1,1,1
1,1,1,1,1,1,1,1,1,1
1,1,1,1,1,1,1,1,1,1
1,1,1,1,1,1,1,1,1,1
1,1,1,1,1,1,1,1,1,1
1,1,1,1,1,1,1,1,1,1
1,1,1,1,1,1,1,1,1,1
1,1,1,1,1,1,1,1,1,1
1,1,1,1,1,1,1,1,1,1
1,1,1,1,1,1,1,1,1,1
1,1,1,1,1,1,1,1,1,1
1,1,1,1,1,1,1,1,1,1
1,1,1,1,1,1,1,1,1,1
1,1,1,1,1,1,1,1,1,1
1,1,1,1,1,1,1,1,1,1
1,1,1,1,1,1,1,1,1,1
1,1,1,1,1,1,1,1,1,1
1,1,1,1,1,1,1,1,1,1
1,1,1,1,1,1,1,1,1,1
1,1,1,1,1,1,1,1,1,1
1,1,1,1,1,1,1,1,1,1
1,1,1,1,1,1,1,1,1,1
1,1,1,1,1,1,1,1,1,1
1,1,1,1,1,1,1,1,1,1
1,1,1,1,1,1,1,1,1,1
1,1,1,1,1,1,1,1,1,1
1,1,1,1,1,1,1,1,1,1
1,1,1,1,1,1,1,1,1,1
1,1,1,1,1,1,1,1,1,1
1,1,1,1,1,1,1,1,1,1
1,1,1,1,1,1,1,1,1,1
1,1,1,1,1,1,1,1,1,1
1,1,1,1,1,1,1,1,1,1
1,1,1,1,1,1,1,1,1,1
1,1,1,1,1,1,1,1,1,1
1,1,1,1,1,1,1,1,1,1
1,1,1,1,1,1,1,1,1,1
1,1,1,1,0.9998744,1,1,1,1,1
1,1,1,1,0.9898738,1,1,1,1,1
1,1,1,0.9949893,0.9798732,1,1,1,1,1
1,1,1,0.9848281,0.9698726,1,1,1,1,1
1,1,1,0.9746544,0.9598719,1,1,1,1,1
1,1,1,0.9644685,0.9498714,1,1,1,1,1
1,1,1,0.954271,0.939871,1,1,1,1,1
1,1,1,0.9440624,0.9298705,1,1,1,1,1
1,1,1,0.9338435,0.9198704,1,1,1,1,1
1,1,1,0.9236146,0.9098703,1,1,1,1,1
1,1,1,0.9133765,0.8998708,1,1,1,1,1
1,1,1,0.9031298,0.8898716,1,1,1,1,1
1,1,1,0.8928752,0.8798728,1,1,1,1,1
1,1,1,0.8826135,0.8698748,1,1,1,1,1
1,1,1,0.8723454,0.8598774,1,1,1,1,1
1,1,1,0.8620716,0.8498808,1,1,1,1,1
1,1,1,0.8517929,0.8398851,1,1,1,1,1
1,1,1,0.84151,0.8298904,1,1,1,1,1
1,1,1,0.8312236,0.8198967,1,1,1,1,1
1,1,1,0.8209345,0.8099042,1,1,1,1,1
1,1,1,0.8106434,0.7999128,1,1,1,1,1
1,1,1,0.800351,0.7899228,1,1,1,1,1
1,1,1,0.7900611,0.7799371,1,1,1,1,1
1,1,1,0.7797712,0.7699527,1,1,1,1,1
1,1,1,0.7694821,0.7599698,1,1,1,1,1
1,1,1,0.7591943,0.7499882,1,1,1,1,1
1,1,1,0.7489084,0.740008,1,1,1,1,1
1,1,1,0.7386249,0.7300291,1,1,1,1,1
1,1,1,0.7283444,0.7200515,1,1,1,1,1
1,1,1,0.7180674,0.7100753,1,1,1,1,1
1,1,1,0.7077943,0.7001002,1,1,1,1,1
1,1,1,0.6975254,0.6901263,1,1,1,1,1
1,1,1,0.6872613,0.6801535,1,1,1,1,1
1,1,1,0.6770054,0.6701847,1,1,1,1,1
1,1,1,0.6667546,0.6602168,1,1,1,1,1
1,1,1,0.6565095,0.6502497,1,1,1,1,1
1,1,1,0.6462703,0.6402832,1,1,1,1,1
1,1,1,0.636037,0.6303172,1,1,1,1,1
1,1,1,0.62581,0.6203515,1,1,1,1,1
1,1,1,0.6155922,0.6103892,1,1,1,1,1
1,1,1,0.6053809,0.600427,1,1,1,1,1
1,1,1,0.5951761,0.5904647,1,1,1,1,1
1,1,1,0.5849777,0.5805022,1,1,1,1,1
1,1,1,0.5747889,0.5705425,1,1,1,1,1
1,1,0.6054231,0.5646067,0.5605823,1,1,1,1,2
1,1,0.5927551,0.5540017,1,1,1,1,1,2
1,1,0.5800155,0.5434043,1,1,1,1,1,2
1,1,0.567422,0.5328766,1,1,1,1,1,2
1,1,0.5549729,0.5224159,1,1,1,1,1,2
1,1,0.5426654,0.5120196,1,1,1,1,1,2
1,1,0.5304961,0.5016846,1,1,1,1,1,2
1,1,0.5184647,0.4914107,1,1,1,1,1,2
1,1,0.5065669,0.4811943,1,1,1,1,1,2
1,1,0.4947983,0.4710321,1,1,1,1,1,2
1,1,0.4831541,0.4609204,1,1,1,1,1,2
1,1,0.4716294,0.4508556,1,1,1,1,1,2
1,1,0.4602222,0.4408374,1,1,1,1,1,2
1,1,0.4489244,0.430859,1,1,1,1,1,2
1,1,0.4377338,0.4209204,1,1,1,1,1,2
1,1,0.4266455,0.411018,1,1,1,1,1,2
1,1,0.4156511,0.4011459,1,1,1,1,1,2
1,1,0.404749,0.3913041,1,1,1,1,1,2
1,1,0.3939342,0.3814898,1,1,1,1,1,2
1,1,0.3831989,0.3716974,1,1,1,1,1,2
1,1,0.3725418,1,1,1,1,1,1,2
1,1,0.3619087,1,1,1,1,1,1,2
1,1,0.3513385,1,1,1,1,1,1,2
1,0.4202214,0.3408293,1,1,1,1,1,1,2
1,0.4015289,0.3293819,1,1,1,1,1,1,2
1,0.3837505,0.3182485,1,1,1,1,1,1,2
1,0.36682,0.3074071,1,1,1,1,1,1,2
1,0.3506734,0.296836,1,1,1,1,1,1,2
1,0.3352497,0.2865142,1,1,1,1,1,1,2
1,0.3204876,0.2764182,1,1,1,1,1,1,2
1,0.3063335,0.2665291,1,1,1,1,1,1,2
1,0.2927307,0.3817333,1,1,1,1,1,1,2
1,0.279687,1,1,1,1,1,1,1,2
1,0.267263,1,1,1,1,1,1,1,2
0.3662466,0.2551509,1,1,1,1,1,1,1,2
0.3427916,0.2425531,1,1,1,1,1,1,1,2
0.3207679,0.2304032,1,1,1,1,1,1,1,2
0.3000584,0.2186805,1,1,1,1,1,1,1,2
0.2805542,0.2073623,1,1,1,1,1,1,1,2
0.2621588,0.1964279,1,1,1,1,1,1,1,2
0.2447898,0.1999847,1,1,1,1,1,1,1,2
0.2283693,0.2300115,1,1,1,1,1,1,1,2
0.2128274,0.2649017,1,1,1,1,1,1,1,2
0.198101,0.3057722,1,1,1,1,1,1,1,2
0.1841331,0.3541131,1,1,1,1,1,1,1,2
0.1708761,1,1,1,1,1,1,1,1,2
0.1664272,1,1,1,1,1,1,1,1,2
0.18204,1,1,1,1,1,1,1,1,2
0.1986765,1,1,1,1,1,1,1,1,2
0.2163363,1,1,1,1,1,1,1,1,2
0.2350326,1,1,1,1,1,1,1,1,2
0.2547612,1,1,1,1,1,1,1,1,2
0.2755155,1,1,1,1,1,1,1,1,2
0.2972874,1,1,1,1,1,1,1,1,2
0.3200606,1,1,1,1,1,1,1,1,2
0.3438037,1,1,1,1,1,1,1,1,2
1,1,1,1,1,1,1,1,1,1
1,1,1,1,1,1,1,1,1,1
1,1,1,1,1,1,1,1,1,1
1,1,1,1,1,1,1,1,1,1
1,1,1,1,1,1,1,1,1,1
1,1,1,1,1,1,1,1,1,1
1,1,1,1,1,1,1,1,1,1
1,1,1,1,1,1,1,1,1,1
1,1,1,1,1,1,1,1,1,1
1,1,1,1,1,1,1,1,1,1
1,1,1,1,1,1,1,1,1,1
1,1,1,1,1,1,1,1,1,1
1,1,1,1,1,1,1,1,1,1
1,1,1,1,1,1,1,1,1,1
1,1,1,1,1,1,1,1,1,1
1,1,1,1,1,1,1,1,1,1
1,1,1,1,1,1,1,1,1,1
1,1,1,1,1,1,1,1,1,1
1,1,1,1,1,1,1,1,1,1
1,1,1,1,1,1,1,1,1,1
1,1,1,1,1,1,1,1,1,1
1,1,1,1,1,1,1,1,1,1
1,1,1,1,1,1,1,1,1,1
1,1,1,1,1,1,0.9808647,1,1,1
1,1,1,1,1,1,0.9558933,1,1,1
1,1,1,1,1,1,0.929315,1,1,1
1,1,1,1,1,1,0.9224281,1,1,1
1,1,1,1,1,1,0.9156358,1,1,1
1,1,1,1,1,1,0.9089434,1,1,1
1,1,1,1,1,1,0.9023503,1,1,1
1,1,1,1,1,1,0.8958594,1,1,1
1,1,1,1,1,1,0.8894703,1,1,0
1,1,1,1,1,1,0.8831857,1,1,0
1,1,1,1,1,1,0.8770087,1,1,0
1,1,1,1,1,1,0.8709393,1,1,0
1,1,1,1,1,1,0.864977,1,1,0
1,1,1,1,1,1,0.8591285,1,1,0
1,1,1,1,1,1,0.8533937,1,1,0
1,1,1,1,1,1,0.8477723,1,1,0
1,1,1,1,1,1,1,1,1,1
1,1,1,1,1,1,1,1,1,1
1,1,1,1,1,1,1,1,1,1
1,1,1,1,1,1,1,1,1,1
1,1,1,1,1,1,1,1,1,1
1,1,1,1,1,1,1,1,1,1
1,1,1,1,1,1,1,1,1,1
1,1,1,1,1,1,1,1,1,1
1,1,1,1,1,1,1,1,1,1
1,1,1,1,1,1,1,1,1,1
1,1,1,1,1,1,1,1,1,1
1,1,1,1,1,1,1,1,1,1
1,1,1,1,1,1,1,1,1,1
1,1,1,1,1,1,1,1,1,1
1,1,1,1,1,1,1,1,1,1
1,1,1,1,1,1,1,1,1,1
1,1,1,1,1,1,1,1,1,1
1,1,1,1,1,1,1,1,1,1
1,1,1,1,1,1,1,1,1,1
1,1,1,1,1,1,1,1,1,1
1,1,1,1,1,1,1,1,1,1
1,1,1,1,1,1,1,1,1,1
1,1,1,1,1,1,1,1,1,1
1,1,1,1,1,1,1,1,1,1
1,1,1,1,1,1,1,1,1,1
1,1,1,1,1,1,1,1,1,1
1,1,1,1,1,1,1,1,1,1
1,1,1,1,1,1,1,1,1,1
1,1,1,1,1,1,1,1,1,1
1,1,1,1,1,1,1,1,1,1
1,1,1,1,1,1,1,1,1,1
1,1,1,1,1,1,1,0.5722354,1,0
1,1,1,1,1,1,1,0.5648055,1,0
1,1,1,1,1,1,1,0.5576978,1,0
1,1,1,1,1,1,1,0.5509182,1,0
1,1,1,1,1,1,1,0.5444752,1,0
1,1,1,1,1,1,1,0.5383767,1,0
1,1,1,1,1,1,1,0.5326273,1,0
1,1,1,1,1,1,1,1,1,1
1,1,1,1,1,1,1,1,1,1
1,1,1,1,1,1,1,1,1,1
1,1,1,1,1,1,1,1,1,1
1,1,1,1,1,1,1,1,1,1
1,1,1,1,1,1,1,1,1,1
1,1,1,1,1,1,1,1,1,1
1,1,1,1,1,1,1,1,1,1
1,1,1,1,1,1,1,1,1,1
1,1,1,1,1,1,1,1,1,1
1,1,1,1,1,1,1,1,1,1
1,1,1,1,1,1,1,1,0.4950815,0
1,1,1,1,1,1,1,1,0.4852237,0
1,1,1,1,1,1,1,1,0.4757844,0
1,1,1,1,1,1,1,1,0.4667708,0
1,1,1,1,1,1,1,1,0.4582347,0
1,1,1,1,1,1,1,1,0.4501921,0
1,1,1,1,1,1,1,1,0.4934647,0
1,1,1,1,1,1,1,1,1,1
1,1,1,1,1,1,1,1,1,1
1,1,1,1,1,1,1,1,1,1
1,1,1,1,1,1,1,1,1,1
1,1,1,1,1,1,1,1,1,1
1,1,1,1,1,1,1,1,1,1
1,1,1,1,1,1,1,1,1,1
1,1,1,1,1,1,1,1,1,1
1,1,1,1,1,1,1,1,1,1
1,1,1,1,1,1,1,1,1,1
1,1,1,1,1,1,1,1,1,1
1,1,1,1,1,1,1,1,1,1
1,1,1,1,1,1,1,1,1,1
1,1,1,1,1,1,1,1,1,1
1,1,1,1,1,1,1,1,1,1
1,1,1,1,1,1,1,1,1,1
1,1,1,1,1,1,1,1,1,1
1,1,1,1,1,1,1,1,1,1
1,1,1,1,1,1,1,1,1,1
1,1,1,1,1,1,1,1,1,1
1,1,1,1,1,1,1,1,1,1
1,1,1,1,1,1,1,1,1,1
1,1,1,1,1,1,1,1,1,1
1,1,1,1,1,1,1,1,1,1
1,1,1,1,1,1,1,1,1,1
1,1,1,1,1,1,1,1,1,1
1,1,1,1,1,1,1,1,1,1
1,1,1,1,1,1,1,1,1,1
1,1,1,1,1,1,1,1,1,1
1,1,1,1,1,1,1,1,1,1
1,1,1,1,1,1,1,1,1,1
1,1,1,1,1,1,1,1,1,1
1,1,1,1,1,1,1,1,1,1
1,1,1,1,1,1,1,1,1,1
1,1,1,1,1,1,1,1,1,1
1,1,1,1,1,1,1,1,1,1
1,1,1,1,1,1,1,1,1,1
1,1,1,1,1,1,1,1,1,1
1,1,1,1,1,1,1,1,1,1
1,1,1,1,1,1,1,1,1,1
1,1,1,1,1,1,1,1,1,1
1,1,1,1,1,1,1,1,1,1
1,1,1,1,1,1,1,1,1,1
1,1,1,1,1,1,1,1,1,1
1,1,1,1,1,1,1,1,1,1
1,1,1,1,1,1,1,1,1,1
1,1,1,1,1,1,1,1,1,1
1,1,1,1,1,1,1,1,1,1
1,1,1,1,1,1,1,1,1,1
1,1,1,1,1,1,1,1,1,1
1,1,0.9923943,1,1,1,1,1,1,1
1,1,0.9835633,1,1,1,1,1,1,1
1,1,0.9747313,1,1,1,1,1,1,1
1,1,0.9658984,1,1,1,1,1,1,1
1,1,0.9570643,1,1,1,1,1,1,1
1,1,0.9482293,1,1,1,1,1,1,1
1,1,0.9393903,1,1,1,1,1,1,1
1,1,0.9305504,1,1,1,1,1,1,1
1,1,0.9217097,1,1,1,1,1,1,1
1,1,0.9128682,1,1,1,1,1,1,1
1,1,0.9040228,1,1,1,1,1,1,1
1,1,0.8951768,1,1,1,1,1,1,1
1,1,0.88633,1,1,1,1,1,1,1
1,1,0.8774797,1,1,1,1,1,1,1
1,1,0.8686288,1,1,1,1,1,1,1
1,1,0.8597743,1,1,1,1,1,1,1
1,1,0.8509194,1,1,1,1,1,1,1
1,1,0.8420609,1,1,1,1,1,1,1
1,1,0.8332022,1,1,1,1,1,1,1
1,1,0.82434,1,1,1,1,1,1,1
1,1,0.8154777,1,1,1,1,1,1,1
1,1,0.806612,1,1,1,1,1,1,1
1,1,0.7977462,1,1,1,1,1,1,1
1,1,0.7888772,1,1,1,1,1,1,1
1,1,0.7800052,1,1,1,1,1,1,1
1,1,0.7711332,1,1,1,1,1,1,1
1,1,0.7622581,1,1,1,1,1,1,1
1,1,0.75338,1,1,1,1,1,1,1
1,1,0.744499,1,1,1,1,1,1,1
1,1,0.7356182,1,1,1,1,1,1,1
1,1,0.7267345,1,1,1,1,1,1,1
1,1,0.7178481,1,1,1,1,1,1,1
1,1,0.7089588,1,1,1,1,1,1,1
1,1,0.7000669,1,1,1,1,1,1,1
1,1,0.6911722,1,1,1,1,1,1,1
1,1,0.6822778,1,1,1,1,1,1,1
1,1,0.6733809,1,1,1,1,1,1,1
1,1,0.6644813,1,1,1,1,1,1,1
1,1,0.6555792,1,1,1,1,1,1,1
1,1,0.6466745,1,1,1,1,1,1,1
1,1,0.6377672,1,1,1,1,1,1,1
1,1,0.6288574,1,1,1,1,1,1,1
1,1,0.6199451,1,1,1,1,1,1,1
1,1,0.6110303,1,1,1,1,1,1,1
1,1,0.602113,1,1,1,1,1,1,1
1,1,0.5931932,1,1,1,1,1,1,1
1,1,0.584271,1,1,1,1,1,1,1
1,1,0.5753464,1,1,1,1,1,1,1
1,1,1,1,1,1,1,1,1,1
1,1,1,1,1,1,1,1,1,1
1,1,1,1,1,1,1,1,1,1
1,1,1,1,1,1,1,1,1,1
1,1,1,1,1,1,1,1,1,1
1,1,1,1,1,1,1,1,1,1
1,0.556704,1,1,1,1,1,1,1,2
1,0.5454072,1,1,1,1,1,1,1,2
1,0.5342304,1,1,1,1,1,1,1,2
1,0.5231776,1,1,1,1,1,1,1,2
1,0.5122458,1,1,1,1,1,1,1,2
1,0.5014383,1,1,1,1,1,1,1,2
1,0.4907545,1,1,1,1,1,1,1,2
1,0.480194,1,1,1,1,1,1,1,2
1,0.4697556,1,1,1,1,1,0.9936435,1,2
1,0.4594799,1,1,1,1,1,0.9872738,1,2
1,0.4493593,1,1,1,1,1,0.9809523,1,2
1,0.4393829,1,1,1,1,1,0.9746715,1,2
1,0.4295432,1,1,1,1,1,0.9684311,1,2
1,0.4198334,1,1,1,1,1,0.962224,1,2
1,0.4102437,1,1,0.9986113,1,1,0.9560472,1,2
1,0.4007718,1,0.9954048,0.9921635,1,1,0.9499013,1,2
1,0.3914306,1,0.9698952,0.9854136,1,1,0.9438044,1,1
1,0.3822447,1,0.9467355,0.978124,1,1,0.937791,1,1
0.4768333,0.3731983,1,0.9256617,0.9703146,1,1,0.931855,1,2
0.4590691,0.405877,1,0.8793679,0.9716223,1,1,0.9245229,1,2
0.442694,0.4532312,1,0.8766826,0.9721381,1,1,0.9174809,1,2
0.4273139,0.5048479,1,0.8737739,0.9722008,1,1,0.9106182,1,2
0.4128184,1,1,0.8705985,0.9717501,1,0.8158621,0.9038972,1,1
0.4023828,1,1,0.8621256,0.9625481,1,1,0.8977984,1,2
0.3900947,1,1,0.8565382,0.9580749,1,0.7985289,0.8913857,1,1
0.3802283,1,1,0.8474277,0.9477959,1,1,0.8852971,1,2
0.3684276,1,1,0.8414904,0.942718,1,1,0.8789107,1,2
0.3569151,1,1,0.8354074,1,0.9947011,1,0.8725279,1,2
0.3453169,1,1,0.8298405,1,0.9799646,1,0.8661038,1,2
0.3340977,1,1,0.8239719,1,0.9660407,1,0.8596889,1,2
0.3232154,1,1,0.817794,1,0.952861,0.7443784,0.8532724,1,0
0.3147207,1,1,0.8068158,1,0.9482702,1,0.8470011,1,2
0.322205,1,1,0.8001273,1,0.936001,1,0.8405961,1,1
0.3349122,1,1,0.7929367,1,0.9247046,1,0.8341885,1,1
0.3471935,1,1,0.7852016,1,0.9143955,1,0.8277767,1,1
0.3589981,1,1,0.7769518,1,0.904987,1,0.8213621,1,1
0.3702885,1,1,0.7682174,1,0.8964034,1,0.8149468,1,1
0.3810307,1,1,0.7590374,1,0.8885847,1,0.8085394,1,1
0.391205,1,1,0.7494464,1,0.881476,1,0.7363759,1,0
0.3992162,1,1,0.7383114,1,0.8771179,0.983837,0.6141632,1,0
0.4035545,1,1,0.7247213,1,0.8775221,0.9432244,0.608003,1,0
0.4066861,1,1,0.7106353,0.7964152,0.8795784,0.9349115,0.6020557,1,0
0.4065738,1,1,0.6947275,0.774972,0.886676,0.9373166,0.5965266,0.8381931,0
0.405297,1,1,0.6785414,0.7531101,0.8964037,0.8999007,0.5914603,0.8251025,0
0.4039938,1,1,0.6628433,0.7320791,0.9071811,0.8513682,0.5868098,0.8127588,0
0.4026644,1,1,0.6476014,0.7118207,0.9190871,0.8063111,0.5825738,0.8011348,0
0.401313,1,1,0.6327925,0.6922882,0.9322046,0.7643514,0.578749,0.7902024,0
0.3999344,1,1,0.6183919,0.6734353,0.9466367,0.7489167,0.575339,0.7799424,0
0.3985324,1,1,0.6043795,0.6552228,0.9624889,0.753751,0.5723425,0.7703309,0
0.397106,1,1,0.5907302,0.6376075,0.7162031,0.7592939,0.569762,0.7613496,0
0.3956542,1,1,0.6071877,0.620556,0.6934181,0.7655842,0.5676014,0.7529814,0
0.39418,1,1,0.6350796,0.6040342,0.6715328,0.7726615,0.5658623,0.7452083,0
0.3926816,1,1,0.668349,0.5880104,0.6504861,0.7805734,1,0.5535855,0
0.3911617,1,1,0.7083885,0.5724582,0.6302257,0.789369,1,0.5475971,0
0.3896182,1,1,0.7571375,0.55735,0.6106997,0.7991067,0.98801,0.5420808,0
0.3880494,1,1,1,0.5426598,0.5918609,0.809852,0.897275,0.5370287,0
0.386457,1,1,1,0.5283664,0.5736688,0.8216734,0.8173096,0.5324312,0
0.3848388,1,1,1,0.5144472,0.5560827,0.8346513,0.8128302,0.5282833,0
0.3831962,1,1,1,0.5008805,0.5390652,0.8488719,0.8071268,0.5245774,0
0.3815268,1,1,1,0.5207859,0.5225846,0.8599287,0.7438462,0.5213103,0
0.3798317,1,1,1,0.5503606,0.5066084,0.6008083,0.686572,0.5184771,0
0.3781116,1,1,1,0.5858997,0.4911095,0.5779213,0.6344714,0.5160734,0
0.3763637,1,1,1,0.6290623,0.4760599,0.5559897,0.6356601,0.5140994,0
0.3745887,1,1,1,0.6821699,0.4614328,0.5349463,0.6403546,0.512553,0
0.3727866,1,1,1,1,0.4472067,0.514734,0.6456749,1,0
0.3730947,1,1,1,1,0.4352069,0.4993688,0.6470543,1,0
0.3733376,1,1,1,1,0.4233104,0.4842301,0.6485987,1,0
0.373518,1,0.9981928,1,1,0.4115176,0.4693194,0.6503012,1,0
1,1,0.9905037,1,1,0.4128702,0.4546457,0.6521397,1,0
1,1,0.9865032,1,1,0.4363146,0.4368011,0.6592668,1,0
1,1,0.9828587,1,1,0.4640996,0.4195832,0.6671316,0.9070409,0
1,1,0.9795731,1,1,0.4972677,0.4029518,0.6757718,0.7437516,0
1,1,0.9766533,1,1,0.5372416,0.3868731,0.6852326,0.7458261,0
1,1,0.9741042,1,1,0.5859634,0.3713128,0.6955565,0.7279096,0
1,1,0.9719349,0.9002222,1,1,0.3562422,0.7067978,0.6231781,0
1,1,0.9701523,0.8931702,1,1,0.3416314,0.482161,0.570666,0
1,1,0.9406077,0.886463,1,1,0.3274561,0.455288,0.5741987,0
1,1,0.9013886,0.8800969,1,1,0.3293189,0.4298783,0.5782486,0
1,1,0.8651714,0.8740696,1,1,0.3484506,0.4058091,0.5828259,0
1,1,0.8315832,0.8683826,1,1,0.3705031,0.3829745,0.5879492,0
1,1,0.8003207,0.8630378,1,1,0.3960137,0.3612801,0.593632,0
1,1,0.7711195,0.8580319,1,1,0.4256748,0.3406328,0.5998932,0
1,1,0.7686833,0.8533723,0.8834626,1,0.4603786,0.3209608,0.6067532,0
1,1,0.7676165,0.8490568,0.8114254,1,0.501295,0.3021874,0.614235,0
1,1,0.7669054,0.8450912,0.804464,1,1,0.284251,0.6223639,0
1,1,0.7665675,0.841482,0.7978452,1,1,0.2670956,0.6311634,0
1,1,0.7666187,0.8382336,0.7915661,1,1,0.2506668,0.4253942,0
1,1,0.7670767,0.8353513,0.7856249,1,1,0.2442434,0.3896551,0
1,1,0.7679655,0.8328446,0.7800232,1,1,0.2563665,0.3567587,0
1,1,0.7693074,0.8307214,0.7747607,0.9567275,1,0.2697355,0.3263811,0
1,1,0.7711275,0.8289903,0.7698379,0.790224,1,0.2844819,0.2982456,0
1,1,0.7734587,0.7938497,0.7652589,0.7322943,1,0.3007637,0.2721199,0
1,1,0.7763327,0.7583721,0.761026,0.7253946,1,0.3187649,0.2477982,0
1,1,0.77979,0.7252954,0.7571455,0.7188395,1,0.3386949,0.225107,0
1,1,0.7834828,0.694843,0.7534774,0.7125514,1,0.3604819,0.2089735,0
1,1,0.7857833,0.6684864,0.7494054,0.7061929,1,0.3828649,0.2171615,0
1,1,0.7858891,0.6461655,0.7446065,0.6995519,1,0.4049736,0.2253136,0
1,1,0.783788,0.627072,0.7390575,0.6925803,1,1,0.2333619,1
1,1,0.7699632,0.6193497,0.7291838,0.6832778,1,1,0.2390589,1
1,1,0.7551011,0.6126105,0.7189221,0.6737633,1,1,0.2445188,1
1,1,0.7393149,0.6067913,0.7083074,0.6640549,1,1,0.2497279,1
1,1,0.7227193,0.6018388,0.6973743,0.6541699,1,1,0.2546762,1
1,1,0.7054386,0.5977112,0.6861628,0.6441301,1,1,0.2593541,2
1,1,0.6875926,0.5943561,0.6747106,0.6339551,1,1,0.2637674,2
1,1,0.6693078,0.5917363,0.6630619,0.6236707,1,1,0.2679173,2
1,1,0.6507012,0.5898179,0.6512564,0.613299,1,1,0.2718077,2
1,1,0.6318817,0.5885586,0.6393319,0.602861,1,1,0.2754528,2
1,1,0.6129531,0.5879234,0.6273269,0.5923787,1,1,0.2788641,2
1,1,0.5940036,0.5878741,0.6152731,0.5818692,1,1,0.2820581,2
1,1,0.5751137,0.5883792,0.6032016,0.5713501,1,1,0.2850475,2
1,1,0.556348,0.5894026,0.5911365,0.5608334,1,1,0.287849,2
1,1,0.5377677,0.5909038,0.5791041,0.5503346,1,1,0.2904821,2
1,1,0.5194137,0.5928551,0.5671201,0.5398604,1,1,0.2929577,2
1,1,0.5013252,0.5952183,0.5552029,0.5294213,1,1,0.295293,2
1,1,0.4835274,0.5888742,0.543364,0.5190224,1,1,0.2975038,2
1,1,0.4659476,0.5749574,0.5315736,0.5086482,1,1,0.299562,2
1,1,0.4485532,0.5611078,0.5198207,0.498296,1,1,0.3014498,2
1,1,0.4313844,0.5473548,0.5081229,0.487974,1,1,0.3031875,2
1,0.7973275,0.4200699,0.533722,0.4964937,0.4776881,1,1,0.304787,2
1,0.7406771,0.4242132,0.5182027,0.4838085,0.4670022,1,1,0.5590279,2
1,0.6838862,0.4305605,0.5023106,0.4709449,0.4563161,1,1,0.5551227,2
1,0.6321944,0.437744,0.4868906,0.458379,0.4458186,1,1,0.551322,2
1,0.5849229,0.4458391,0.4719144,0.4460939,0.4354984,1,1,0.5476166,2
1,0.5415074,0.454927,0.4573559,0.4340735,0.4253446,1,1,0.544001,2
1,0.5014815,0.4651001,0.4431939,0.4223054,0.4153496,1,1,0.5404705,2
1,0.4644516,0.47647,0.4294084,0.4107783,0.4055063,1,1,0.5370167,2
1,0.4300713,0.4717759,0.4159746,0.399475,0.3958018,1,1,0.5336353,2
1,0.3980553,0.4538542,0.4028752,0.3883854,1,1,1,0.5303222,2
1,0.3681585,0.4365641,0.3900942,0.3774996,1,1,1,0.5270731,2
1,0.3401634,0.4198657,0.3776132,0.3668056,1,1,1,0.5238843,2
1,0.3284453,0.403722,0.3654151,0.3562916,1,1,1,0.5207487,2
1,0.3332939,0.388102,0.3534866,0.3459492,1,1,1,0.5176659,2
0.6856231,0.338724,0.3729774,0.3418154,0.3357708,1,1,1,0.5146292,2
0.5955541,0.3447704,0.358315,0.3303835,0.3257428,1,1,1,0.5116352,2
0.5184874,0.3514675,0.3440904,0.3191801,0.3158579,1,1,1,0.5086836,2
0.4517956,0.3588622,0.3302812,0.3081948,0.3061095,1,1,1,0.505768,2
0.3935071,0.3669983,0.316863,0.2974147,1,1,1,1,0.5028883,2
0.3421273,0.3759329,0.3038165,0.2868308,1,1,1,1,0.5000378,2
0.2964811,0.3810932,0.2911172,0.2764282,1,1,1,1,0.4972168,2
0.2896243,0.3602889,0.2787515,0.2662018,1,1,1,1,0.4944218,2
0.2939005,0.3404617,0.2667006,0.2561406,1,1,1,1,0.4916496,2
0.2986156,0.3215397,0.2549468,0.2462344,1,1,1,1,0.4888969,2
0.3037837,0.3034575,0.2434733,0.2364729,1,1,1,1,0.4861635,2
0.3094243,0.2861596,0.2322675,1,1,1,1,1,0.483446,2
0.3155586,0.2695957,0.2213176,1,1,1,1,1,0.4807412,2
0.3222102,0.2537158,0.2106093,1,1,1,1,1,0.4780454,2
0.3294012,0.2384749,0.2001294,1,1,1,1,1,0.4753584,2
0.3371596,0.2238311,0.1898649,1,1,1,1,1,0.4726765,2
0.324646,0.2097498,0.179807,1,1,1,1,1,0.4699992,2
0.2981116,0.1961995,0.169947,1,1,1,1,1,0.4673227,2
0.2733893,0.1831439,0.1998864,1,1,1,1,1,0.4646463,2
0.2503069,0.1705565,0.3501056,1,1,1,1,1,0.461966,2
0.2288459,0.1584473,1,1,1,1,0.9992758,1,0.459253,2
0.2090972,0.1468498,1,1,1,1,1,1,0.4564219,2
0.1904714,0.1356107,1,1,1,1,1,1,0.45355,2
0.172886,0.1247112,1,1,1,1,1,1,0.4506267,2
0.1562584,0.1141333,1,1,1,1,1,1,0.4476383,2
0.1405057,0.1211854,1,1,1,1,1,1,0.44457,2
0.1255844,0.1406124,1,1,1,1,1,1,0.4413857,2
0.1114232,0.1619453,1,1,1,1,1,1,0.4380504,2
0.09792525,0.1852687,1,1,1,1,1,1,0.4345517,2
0.09536691,0.2106638,1,1,1,1,1,1,0.4308765,2
0.1048074,0.237938,1,1,1,1,1,1,0.4269829,2
0.1145102,0.2667359,1,1,1,1,1,1,0.4228197,2
0.1244232,0.2968251,1,1,1,0.9854137,1,1,0.4183923,2
0.1344246,0.3274194,1,1,1,0.968613,1,1,0.4136482,2
0.1444367,0.3579479,1,1,1,0.9537306,1,1,0.4085892,2
0.154402,0.3879651,1,1,1,0.9404973,1,1,0.424442,2
0.164438,0.4184084,1,1,1,0.9279329,1,1,0.4422252,2
0.1745501,0.4493055,1,1,1,0.9158843,1,1,0.460075,1
0.1847206,1,1,1,1,0.9042941,1,1,0.4780211,1
0.1936051,1,1,1,1,0.897711,1,1,0.5029861,1
0.2025811,1,1,1,1,0.8906155,1,1,0.5274063,1
0.2116588,1,1,1,1,0.8830556,1,1,0.5512202,1
0.2208512,1,1,1,1,0.8750767,0.9843358,1,0.5743921,1
0.2299937,1,1,1,1,0.8672196,0.9671044,1,0.5978246,1
0.2390653,1,1,1,1,0.8595183,0.9495802,1,0.8697864,2
0.2511843,1,1,1,1,0.8438752,0.9483842,1,0.8718303,2
0.2633663,1,1,1,1,0.8292659,0.9455576,1,0.8759289,2
0.2755795,1,1,1,0.9903694,0.8155541,0.9411391,1,0.8818249,2
0.2876885,1,1,1,0.9726373,0.8028196,0.9347274,1,0.8898585,2
0.2995689,1,1,1,0.9566954,0.7910985,0.9260055,1,0.9003091,1
0.3111818,1,1,1,0.9422922,0.7802553,0.9151548,1,0.9129323,1
0.3225029,1,1,1,0.9292157,0.7701734,0.9023663,1,0.9275492,1
0.3335086,1,1,1,0.9172956,0.7607595,0.8878446,1,0.9440166,1
0.3441862,1,1,1,0.9063824,0.7519305,0.8717859,1,0.9622346,1
0.3545299,1,1,1,0.8963454,0.7436127,0.8544052,1,0.9821032,1
0.3645398,1,1,1,0.8870691,0.7357413,0.835914,1,1,1
0.37416,1,1,1,0.878596,0.7283419,0.8162934,1,1,1
0.3830109,1,1,1,0.8716655,0.7218494,0.7945971,1,1,1
1,1,1,1,0.8662173,0.7162305,0.7711129,1,1,0
1,1,1,1,0.8802913,0.7219614,0.7246166,1,1,0
1,1,1,1,1,0.7286256,0.6813501,1,1,0
1,1,1,1,1,0.7351723,0.642585,1,1,0
1,1,1,1,1,0.7432563,0.6054331,1,1,0
1,1,1,1,1,0.7525893,0.5995454,1,1,0
1,1,1,1,1,0.7629799,0.601835,1,1,0
1,1,1,1,1,0.7738372,0.6043665,1,1,0
1,1,1,1,1,0.7851242,0.6071097,1,1,0
1,1,1,1,1,1,1,1,1,1
1,1,1,1,1,1,1,1,1,1
1,1,1,1,1,1,1,1,1,1
1,1,1,1,1,1,1,1,1,1
1,1,1,1,1,1,1,1,1,1
1,1,1,1,1,1,1,1,1,1
1,1,1,1,1,1,1,1,1,1
1,1,1,1,1,1,1,1,1,1
1,1,1,1,1,1,1,1,1,1
1,1,1,1,1,1,1,1,1,1
1,1,1,1,1,1,1,1,1,1
1,1,1,1,1,1,1,1,1,1
1,1,1,1,1,1,1,1,1,1
1,1,1,1,1,1,1,1,1,1
1,1,1,1,1,1,1,1,1,1
1,1,1,1,1,1,1,1,1,1
1,1,1,1,1,1,1,1,1,1
1,1,1,1,1,1,1,1,1,1
1,1,1,1,1,1,1,1,1,1
1,1,1,1,1,1,1,1,1,1
1,1,1,1,1,1,1,1,1,1
1,1,1,1,1,1,1,1,1,1
1,1,1,1,1,1,1,1,1,1
1,1,1,1,1,1,1,1,1,1
1,1,1,1,1,1,1,1,1,1
1,1,1,1,1,1,1,1,1,1
1,1,1,1,1,1,1,1,1,1
1,1,1,1,1,1,1,1,1,1
1,1,1,1,1,1,1,1,1,1
1,1,1,1,1,1,1,1,1,1
1,1,1,1,1,1,1,1,1,1
1,1,1,1,1,1,1,1,1,1
1,1,1,1,1,1,1,1,1,1
1,1,1,1,1,1,1,1,1,1
1,1,1,1,1,1,1,1,1,1
1,1,1,1,1,1,1,1,1,1
1,1,1,1,1,1,1,1,1,1
1,1,1,1,1,1,1,1,1,1
1,1,1,1,1,1,1,1,1,1
1,1,1,1,1,1,1,1,1,1
1,1,1,1,1,1,1,1,1,1
1,1,1,1,1,1,1,1,1,1
1,1,1,1,1,1,1,1,1,1
1,1,1,1,1,1,1,1,1,1
1,1,1,1,1,1,1,1,1,1
1,1,1,1,1,1,1,1,1,1
1,1,1,1,1,1,1,1,1,1
1,1,1,1,1,1,1,1,1,1
1,1,1,1,1,1,1,1,1,1
1,1,1,1,1,1,1,1,1,1
1,1,1,1,1,1,1,1,1,1
1,1,1,1,1,1,1,1,1,1
1,1,1,1,1,1,1,1,0.9815615,1
1,1,1,1,1,1,1,1,0.9403042,1
1,1,1,1,1,1,1,1,0.8937441,0
1,1,1,1,1,1,1,1,0.8492109,0
1,1,1,1,1,1,1,1,0.8507954,0
1,1,1,1,1,1,1,1,0.8524623,0
1,1,1,1,1,1,1,1,0.85421,0
1,1,1,1,1,1,1,1,0.8560337,0
1,1,1,1,1,1,1,1,0.857932,0
1,1,1,1,1,1,1,1,0.8599,0
1,1,1,1,1,1,1,1,0.8619391,0
1,1,1,1,1,1,1,1,0.8640448,0
1,1,1,1,1,1,1,1,0.8662121,0
1,1,1,1,1,1,1,1,0.8684424,0
1,1,1,1,1,1,1,1,0.8707307,0
1,1,1,1,1,1,1,1,0.8730723,0
1,1,1,1,1,1,1,1,0.8754686,0
1,1,1,1,1,1,1,1,0.8779148,0
1,1,1,1,1,1,1,1,0.8804089,0
1,1,1,1,1,1,1,1,0.882946,0
1,1,1,1,1,1,1,1,0.8855246,0
1,1,1,1,1,1,1,1,0.8881428,0
1,1,1,1,1,1,1,1,0.8907958,0
1,1,1,1,1,1,1,1,0.8934819,1
1,1,1,1,1,1,1,1,0.896196,1
1,1,1,1,1,1,1,1,0.8989369,1
1,1,1,1,1,1,1,1,0.9017026,1
1,1,1,1,1,1,1,1,0.9044919,1
1,1,1,1,1,1,1,1,0.9072997,1
1,1,1,1,1,1,1,1,0.9101216,1
1,1,1,1,1,1,1,1,0.912959,1
1,1,1,1,1,1,1,1,0.9158043,1
1,1,1,1,1,1,1,1,0.9186591,1
1,1,1,1,1,1,1,1,0.9215193,1
1,1,1,1,1,1,1,1,0.9243833,1
1,1,1,1,1,1,1,1,1,1
1,1,1,1,1,1,1,1,1,1
1,1,1,1,1,1,1,1,1,1
1,1,1,1,1,1,1,1,1,1
1,1,1,1,1,1,1,1,1,1
1,1,1,1,1,1,1,1,1,1
1,1,1,1,1,1,1,1,1,1
1,1,1,1,1,1,1,1,1,1
1,1,1,1,1,1,1,1,1,1
1,1,1,1,1,1,1,1,1,1
1,1,1,1,1,1,1,1,1,1
1,1,1,1,1,1,1,1,1,1
1,1,1,1,1,1,1,1,1,1
1,1,1,1,1,1,1,1,1,1
1,1,1,1,1,1,1,1,1,1
1,1,1,1,1,1,1,1,1,1
1,1,1,1,1,1,1,1,1,1
1,1,1,1,1,1,1,1,1,1
1,1,1,1,1,1,1,1,1,1
1,1,1,1,1,1,1,1,1,1
1,1,1,1,1,1,1,1,1,1
1,1,1,1,1,1,1,1,1,1
1,1,1,1,1,1,1,1,1,1
1,1,1,1,1,1,1,1,1,1
1,1,1,1,1,1,1,1,1,1
1,1,1,1,1,1,1,1,1,1
1,1,1,1,1,1,1,1,1,1
1,1,1,1,1,1,1,1,1,1
1,1,1,1,1,1,1,1,1,1
1,1,1,1,1,1,1,1,1,1
1,1,1,1,1,1,1,1,1,1
1,1,1,1,1,1,1,1,1,1
1,1,1,1,1,1,1,1,1,1
1,1,1,1,1,1,1,1,1,1
1,1,1,1,1,1,1,1,1,1
1,1,1,1,1,1,1,1,1,1
1,1,1,1,1,1,1,1,1,1
1,1,1,1,1,1,1,1,1,1
1,1,1,1,1,1,1,1,1,1
1,1,1,1,1,1,1,1,1,1
1,1,1,1,1,1,1,1,1,1
1,1,1,1,1,1,1,1,1,1
1,1,1,1,1,1,1,1,1,1
1,1,1,1,1,1,1,1,1,1
1,1,1,1,1,1,1,1,1,1
1,1,0.9968704,1,1,1,1,1,1,1
1,1,0.9849235,1,1,1,1,1,1,1
1,1,0.972796,1,1,1,1,1,1,1
1,1,0.9604926,1,1,1,1,1,1,1
1,1,0.9480152,1,1,1,1,1,1,1
1,1,0.9353738,1,1,1,1,1,1,1
1,1,0.9225718,1,1,1,1,1,1,1
1,1,0.9096172,1,1,1,1,1,1,1
1,1,0.8965188,1,1,1,1,1,1,1
1,1,0.8832858,1,1,1,1,1,1,1
1,1,0.8699281,1,1,1,1,1,1,1
1,1,0.8564528,1,1,1,1,1,1,1
1,1,0.8428744,1,1,1,1,1,1,1
1,1,0.8292009,1,1,1,1,1,1,1
1,1,0.8154475,1,1,1,1,1,1,1
1,1,0.8016227,1,1,1,1,1,1,2
1,1,0.7877389,1,1,1,1,1,1,2
1,1,0.773808,1,1,1,1,1,1,2
1,1,0.759846,1,1,1,1,1,1,2
1,1,0.7458613,1,1,1,1,1,1,2
1,1,0.7318659,1,1,1,1,1,1,2
1,1,0.7178714,1,1,1,1,1,1,2
1,1,0.7057933,1,1,1,1,1,1,2
1,1,0.7117931,1,1,1,1,1,1,2
1,1,0.7178329,1,1,1,1,1,1,2
1,1,0.7239043,1,1,1,1,1,1,2
1,1,0.7299985,1,1,1,1,1,1,2
1,1,0.7361131,1,1,1,1,1,1,2
1,1,0.7422397,1,1,1,1,1,1,2
1,1,0.7483758,1,1,1,1,1,1,2
1,1,0.7545129,1,1,1,1,1,1,2
1,1,0.7606419,1,1,1,1,1,1,2
1,1,0.766761,1,1,1,1,1,1,2
1,1,0.7728683,1,1,1,1,1,1,2
1,1,0.7789547,1,1,1,1,1,1,1
1,0.765496,0.7850118,1,1,1,1,1,1,2
1,0.7389258,1,1,1,1,1,1,1,2
1,0.7158982,1,1,1,1,1,1,1,2
1,0.6928277,1,1,1,1,1,1,1,2
1,0.6697948,1,1,1,1,1,1,1,2
1,0.6468719,1,1,1,1,1,1,1,2
1,0.624127,1,1,1,1,1,1,1,2
1,0.6016274,1,1,1,1,1,1,1,2
1,0.5794294,1,1,1,1,1,1,1,2
1,0.557587,1,1,1,1,1,1,1,2
1,0.5361428,1,1,1,1,1,1,1,2
1,0.5151404,1,1,1,1,1,1,1,2
1,0.5138375,1,1,1,1,1,1,1,2
1,0.5235685,1,1,1,1,1,1,1,2
1,0.5336164,1,1,1,1,1,1,1,2
1,0.5439662,1,1,1,1,1,1,1,2
1,0.5546017,1,1,1,1,1,1,1,2
1,0.5655102,1,1,1,1,1,1,1,2
1,0.5766783,1,1,1,1,1,1,1,2
0.6466702,0.5880821,1,1,1,1,1,1,1,2
0.6002471,0.6080027,1,1,1,1,1,1,1,2
0.5577012,0.6296847,1,1,1,1,1,1,1,2
0.5185716,1,1,1,1,1,1,1,1,2
0.4852585,1,1,1,1,1,1,1,1,2
0.4533111,1,1,1,1,1,1,1,1,2
0.4561505,1,1,1,1,1,1,1,1,2
0.4661264,1,1,1,1,1,1,1,1,2
0.4765512,1,1,1,1,1,1,1,1,2
0.4874092,1,1,1,1,1,1,1,1,2
0.4986872,1,1,1,1,1,1,1,1,2
0.5103707,1,1,1,1,1,1,1,1,2
0.5224434,1,1,1,1,1,1,1,1,2
0.5348881,1,1,1,1,1,1,1,1,2
0.5476855,1,1,1,1,1,1,1,1,2
0.5608155,1,1,1,1,1,1,1,1,2
0.5742518,1,1,1,1,1,1,1,1,2
1,1,1,1,1,1,1,1,1,1
1,1,1,1,1,1,1,1,1,1
1,1,1,1,1,1,1,1,1,1
1,1,1,1,1,1,1,1,1,1
1,1,1,1,1,1,1,1,1,1
1,1,1,1,1,1,1,1,1,1
1,1,1,1,1,1,1,1,1,1
1,1,1,1,1,1,1,1,1,1
1,1,1,1,1,1,1,1,1,1
1,1,1,1,1,1,1,1,1,1
1,1,1,1,1,1,1,1,1,1
1,1,1,1,1,1,1,1,1,1
1,1,1,1,1,1,1,1,1,1
1,1,1,1,1,1,1,1,1,1
1,1,1,1,1,1,0.9996712,1,1,1
1,1,1,1,1,1,0.9937288,1,1,1
1,1,1,1,1,1,0.9879359,1,1,1
1,1,1,1,1,1,0.9822865,1,1,1
1,1,1,1,1,1,0.9767787,1,1,1
1,1,1,1,1,1,0.9714072,1,1,1
1,1,1,1,1,1,0.9661705,1,1,1
1,1,1,1,1,1,0.961064,1,1,1
1,1,1,1,1,1,0.9560868,0.9552888,1,1
1,1,1,1,1,1,1,0.897377,1,0
1,1,1,1,1,1,1,0.837663,1,0
1,1,1,1,1,1,1,0.7715186,1,0
1,1,1,1,1,1,1,0.7679669,1,0
1,1,1,1,1,1,1,0.7651107,1,0
1,1,1,1,1,1,1,0.7624165,1,0
1,1,1,1,1,1,1,0.7598848,1,0
1,1,1,1,1,1,1,0.7575193,1,0
1,1,1,1,1,1,1,0.7553201,1,0
1,1,1,1,1,1,1,0.7532905,1,0
1,1,1,1,1,1,1,0.7514306,1,0
1,1,1,1,1,1,1,0.7497402,1,0
1,1,1,1,1,1,1,0.7482191,1,0
1,1,1,1,1,1,1,0.7468701,1,0
1,1,1,1,1,1,1,0.7456895,1,0
1,1,1,1,1,1,1,0.7446799,1,0
1,1,1,1,1,1,1,0.7438406,0.9709156,0
1,1,1,1,1,1,1,0.7435302,0.9668309,0
1,1,1,1,1,1,1,0.7434717,0.9629775,0
1,1,1,1,1,1,1,0.7436654,0.9593593,0
1,1,1,1,1,1,1,0.7441109,0.9559792,0
1,1,1,1,1,1,1,0.7448102,0.9528424,0
1,1,1,1,1,1,1,0.7457621,0.6794983,0
1,1,1,1,1,1,1,0.750296,0.676988,0
1,1,1,1,1,1,1,0.755483,0.6749783,0
1,1,1,1,1,1,1,1,0.6734672,0
1,1,1,1,1,1,1,1,0.6720431,0
1,1,1,1,1,1,1,1,0.6708825,0
1,1,1,1,1,1,1,1,0.6699826,0
1,1,1,1,1,1,1,1,0.6693436,0
1,1,1,1,1,1,1,1,0.6689688,0
1,1,1,1,1,1,1,1,0.6688578,0
1,1,1,1,1,1,1,1,0.6690072,0
1,1,1,1,1,1,1,1,0.6694195,0
1,1,1,1,1,1,1,1,0.6700938,0
1,1,1,1,1,1,1,1,0.6710259,0
1,1,1,1,1,1,1,1,0.6722146,0
1,1,1,1,1,1,1,1,0.6736584,0
1,1,1,1,1,1,1,1,0.6753554,0
1,1,1,1,1,1,1,1,0.6773039,0
1,1,1,1,1,1,1,1,0.6794986,0
1,1,1,1,1,1,1,1,1,1
1,1,1,1,1,1,1,1,1,1
1,1,1,1,1,1,1,1,1,1
1,1,1,1,1,1,1,1,1,1
1,1,1,1,1,1,1,1,1,1
1,1,1,1,1,1,1,1,1,1
1,1,1,1,1,1,1,1,1,1
1,1,1,1,1,1,1,1,1,1
1,1,1,1,1,1,1,1,1,1
1,1,1,1,1,1,1,1,1,1
1,1,1,1,1,1,1,1,1,1
1,1,1,1,1,1,1,1,1,1
1,1,1,1,1,1,1,1,1,1
1,1,1,1,1,1,1,1,1,1
1,1,1,1,1,1,1,1,1,1
1,1,1,1,1,1,1,1,1,1
1,1,1,1,1,1,1,1,1,1
1,1,1,1,1,1,1,1,1,1
1,1,1,1,1,1,1,1,1,1
1,1,1,1,1,1,1,1,1,1
1,1,1,1,1,1,1,1,1,1
1,1,1,1,1,1,1,1,1,1
1,1,1,1,1,1,1,1,1,1
1,1,1,1,1,1,1,1,1,1
1,1,1,1,1,1,1,1,1,1
1,1,1,1,1,1,1,1,1,1
1,1,1,1,1,1,1,1,1,1
1,1,1,1,1,1,1,1,1,1
1,1,1,1,1,1,1,1,1,1
1,1,1,1,1,1,1,1,1,1
1,1,1,1,1,1,1,1,1,1
1,1,1,1,1,1,1,1,1,1
1,1,1,1,1,1,1,1,1,1
1,1,1,1,1,1,1,1,1,1
1,1,1,1,1,1,1,1,1,1
1,1,1,1,1,1,1,1,1,1
1,1,1,1,1,1,1,1,1,1
1,1,1,1,1,1,1,1,1,1
1,1,1,1,1,1,1,1,1,1
1,1,1,1,1,1,1,1,1,1
1,1,1,1,1,1,1,1,1,1
1,1,1,1,1,1,1,1,1,1
1,1,1,1,1,1,1,1,1,1
1,1,1,1,1,1,1,1,1,1
1,1,1,1,1,1,1,1,1,1
1,1,1,1,1,1,1,1,1,1
1,1,1,1,1,1,1,1,1,1
1,1,1,1,1,1,1,1,1,1
1,1,1,1,1,1,1,1,1,1
1,1,1,1,1,1,1,1,1,1
1,1,1,1,1,1,1,1,1,1
1,1,1,1,1,1,1,1,1,1
1,1,1,1,1,1,1,1,1,1
1,1,1,1,1,1,1,1,1,1
1,1,1,1,1,1,1,1,1,1
1,1,1,1,1,1,1,1,1,1
1,1,1,1,1,1,1,1,1,1
1,1,1,1,1,1,1,1,1,1
1,1,1,1,1,1,1,1,1,1
1,1,1,1,1,1,1,1,1,1
1,1,1,1,1,1,1,1,1,1
1,1,1,1,1,1,1,1,1,1
1,1,1,1,1,1,1,1,1,1
1,1,1,1,1,1,1,1,1,1
1,1,1,1,1,1,1,1,1,1
1,1,1,1,1,1,1,1,1,1
1,1,1,1,1,1,1,1,1,1
1,1,1,1,1,1,1,0.9929419,1,1
1,1,1,1,1,1,1,0.9772428,1,1
1,1,1,1,1,1,1,0.9609866,1,1
1,1,1,1,1,1,1,0.9441854,1,1
1,1,1,1,1,1,1,0.9268566,1,1
1,1,1,1,1,1,1,0.9277241,1,1
1,1,1,1,1,1,1,0.9297603,1,1
1,1,1,1,1,1,1,0.9317862,1,1
1,1,1,1,1,1,1,0.9337972,1,1
1,1,1,1,1,1,1,0.9357891,1,1
1,1,1,1,1,1,1,0.9377659,1,1
1,1,1,1,1,1,1,0.9397235,1,1
1,1,1,1,1,1,1,0.9416658,1,1
1,1,1,1,1,1,1,0.9435889,1,1
1,1,1,1,1,1,1,0.9454885,1,1
1,1,1,1,1,1,1,0.9473687,1,1
1,1,1,1,1,1,1,0.9492259,1,1
1,1,1,1,1,1,1,0.9510639,1,1
1,1,1,1,1,1,1,0.952879,1,1
1,1,1,1,1,1,1,0.954667,1,1
1,1,1,1,1,1,1,0.9564325,1,1
1,1,1,1,1,1,1,0.9581717,1,1
1,0.9981197,1,1,1,1,1,0.9598888,1,1
1,0.983229,1,1,1,1,1,0.9615208,1,1
1,0.967602,1,1,1,1,1,0.9626864,1,1
1,0.9512571,1,1,1,1,1,0.9633605,1,1
1,0.9342202,1,1,1,1,1,0.963527,1,1
1,0.9165238,1,1,1,1,1,0.9631776,1,1
1,0.8982072,1,1,1,1,1,0.9623004,1,1
1,0.8793162,1,1,1,1,1,0.9608966,1,1
1,0.8598975,1,1,1,1,1,0.9589683,1,1
1,0.8400124,1,1,1,1,1,0.9565222,1,1
1,0.8197212,1,1,1,1,1,0.9535696,1,2
1,0.7990832,1,1,1,1,1,0.9501308,1,2
1,0.7787057,1,1,1,1,1,0.9462215,1,2
1,0.7820126,1,1,1,1,1,0.9418837,1,2
1,0.785256,1,1,1,1,1,1,1,2
1,0.789764,1,1,1,1,1,1,1,2
1,0.7943265,1,1,1,1,1,1,1,2
1,0.7989403,1,1,1,1,1,1,1,2
1,0.8035979,1,1,1,1,1,1,1,2
1,0.808292,1,1,1,1,1,1,0.9894384,2
1,0.8126999,1,1,1,1,1,1,0.9694293,2
1,0.8165163,1,1,1,1,1,1,0.9444565,1
1,0.819567,1,1,1,1,1,1,0.9138072,1
1,0.8216492,1,1,1,1,1,1,0.8769099,1
1,0.8225631,1,1,1,1,1,1,0.8334314,1
1,0.8221092,1,1,1,1,1,1,0.7834643,1
1,0.8201162,1,1,1,1,1,1,0.7283562,0
1,0.8164905,1,1,1,1,1,1,0.7289824,0
1,0.8129851,1,1,1,1,1,1,0.7296538,0
1,0.8095922,1,1,1,1,1,1,0.7303687,0
1,0.8063053,1,1,1,1,1,1,0.7311255,0
1,0.8031257,1,1,1,1,1,1,0.7319166,0
1,0.800047,1,1,1,1,1,1,0.7327407,0
1,0.7970627,1,1,1,1,1,1,0.7335964,0
1,0.7941711,1,1,1,1,1,1,0.7344797,1
1,0.7913706,1,1,1,1,1,1,0.7353861,1
1,0.7886555,1,1,1,1,1,1,0.7363149,1
0.9772857,0.7860206,1,1,1,1,1,1,0.737265,1
0.9464847,0.7840611,1,1,1,1,1,1,0.7380269,1
0.909938,0.782964,1,1,1,1,1,1,0.7385147,1
0.8675108,0.7828537,1,1,1,1,1,1,0.7386686,1
0.8194238,0.7838646,1,1,1,1,1,1,0.7384354,1
0.7663094,0.7861439,1,1,1,1,1,1,0.7377681,2
0.7092453,0.7898356,1,1,1,1,1,1,0.7366413,2
0.6496346,0.7950808,1,1,1,1,1,1,0.7350495,2
0.6322823,1,1,1,1,1,1,1,0.7330118,1
0.6331437,1,1,1,1,1,1,1,0.7321165,1
0.6340406,1,1,1,1,1,1,1,0.7312118,1
0.6349688,1,1,1,1,1,1,1,0.7303001,1
0.6359274,1,1,1,1,1,1,1,0.7293807,1
0.6369157,1,1,1,1,1,1,1,0.7284529,1
0.6379328,1,1,1,1,1,1,1,0.7275158,1
0.6389747,1,1,1,1,1,1,1,0.726572,1
0.6400406,1,1,1,1,1,1,1,0.7256208,1
0.6411266,1,1,1,1,1,1,1,0.7246643,1
0.6422318,1,1,1,1,1,1,1,0.7237021,1
0.6433557,1,1,1,1,1,1,1,0.7227331,1
0.6444943,1,1,1,1,1,1,1,0.72176,1
0.6456469,1,1,1,1,1,1,1,0.720782,1
0.646813,1,1,1,1,1,1,1,0.7197982,1
0.6479887,1,1,1,1,1,1,1,0.7188114,1
0.6491736,1,1,1,1,1,1,1,1,2
0.6530929,1,1,1,1,1,1,1,1,2
0.6572712,1,1,1,1,1,1,1,1,2
0.6617011,1,1,1,1,1,1,1,1,2
0.6663749,1,1,1,1,1,1,1,1,2
0.671285,1,1,1,1,1,1,1,1,2
0.6764232,1,1,1,1,1,1,1,1,2
0.6817845,1,1,1,1,1,1,1,1,2
1,1,1,1,1,1,1,1,1,1
1,1,1,1,1,1,1,1,1,1
1,1,1,1,1,1,1,1,1,1
1,1,1,1,1,1,1,1,1,1
1,1,1,1,1,1,1,1,1,1
1,1,1,1,1,1,1,1,1,1
1,1,1,1,1,1,1,1,1,1
1,1,1,1,1,1,1,1,1,1
1,1,1,1,1,1,1,1,1,1
1,1,1,1,1,1,1,1,1,1
1,1,1,1,1,1,1,1,1,1
1,1,1,1,1,1,1,1,1,1
1,1,1,1,1,1,1,1,1,1
1,1,1,1,1,1,1,1,1,1
1,1,1,1,1,1,1,1,1,1
1,1,1,1,1,1,1,1,1,1
1,1,1,1,1,1,1,1,1,1
1,1,1,1,1,1,1,1,1,1
1,1,1,1,1,1,1,1,1,1
1,1,1,1,1,1,1,1,1,1
1,1,1,1,1,1,1,1,1,1
1,1,1,1,1,1,1,1,1,1
1,1,1,1,1,1,1,1,1,1
1,1,1,1,1,1,1,1,1,1
0.9906911,1,1,1,1,1,1,1,1,1
0.9662175,1,1,1,1,1,1,1,1,1
0.9398762,1,1,1,1,1,1,1,1,1
0.9407761,1,1,1,1,1,1,1,1,1
0.9436557,1,1,1,1,1,1,1,1,1
0.9465201,1,1,1,1,1,1,1,1,1
0.949369,1,1,1,1,1,1,1,1,1
0.9521979,1,1,1,1,1,1,1,1,1
0.9550065,1,1,1,1,1,1,1,1,1
0.9577907,1,1,1,1,1,1,1,1,1
0.96055,1,1,1,1,1,1,1,1,1
0.9632843,1,1,1,1,1,1,1,1,1
0.9659897,1,1,1,1,1,1,1,1,1
0.9686692,1,1,1,1,1,1,1,1,1
0.9713159,1,1,1,1,1,1,1,1,1
0.9739329,1,1,1,1,1,1,1,1,1
0.9765167,1,1,1,1,1,1,1,1,1
0.9790675,1,1,1,1,1,1,1,1,1
0.9815817,1,1,1,1,1,1,1,1,1
0.984063,1,1,1,1,1,1,1,1,1
0.9865078,1,1,1,1,1,1,1,1,1
0.9889132,1,1,1,1,1,1,1,1,1
0.9912823,1,1,1,1,1,1,1,1,1
0.9936126,1,1,1,1,1,1,1,1,1
0.9959008,1,1,1,1,1,1,1,1,1
0.9981506,1,1,1,1,1,1,1,1,1
1,1,1,1,1,1,1,1,1,1
1,1,1,1,1,1,1,1,1,1
1,1,1,1,1,1,1,1,1,1
1,1,1,1,1,1,1,1,1,1
1,1,1,1,1,1,1,1,1,1
1,1,1,1,1,1,1,1,1,1
1,1,1,1,1,1,1,1,1,1
1,1,1,1,1,1,1,1,1,1
1,1,1,1,1,1,1,1,1,1
1,1,1,1,1,1,1,1,1,1
1,1,1,1,1,1,1,1,1,1
1,1,1,1,1,1,1,1,1,1
1,1,1,1,1,1,1,1,1,1
1,1,1,1,1,1,1,1,1,1
1,1,1,1,1,1,1,1,1,1
1,1,1,1,1,1,1,1,1,1
1,1,1,1,1,1,1,1,1,1
1,1,1,1,1,1,1,1,1,1
1,1,1,1,1,1,1,1,1,1
1,1,1,1,1,1,1,1,1,1
1,1,1,1,1,1,1,1,1,1
1,1,1,1,1,1,1,1,1,1
1,1,1,1,1,1,1,1,1,1
1,1,1,1,1,1,1,1,1,1
1,1,1,1,1,1,1,1,1,1
1,1,1,1,1,1,1,1,1,1
1,1,1,1,1,1,1,1,1,1
1,1,1,1,1,1,1,1,1,1
1,1,1,1,1,1,1,1,1,1
1,1,1,1,1,1,1,1,1,1
1,1,1,1,1,1,1,1,1,1
1,1,1,1,1,1,1,1,1,1
1,1,1,1,1,1,1,1,1,1
1,1,1,1,1,1,1,1,1,1
1,1,1,1,1,1,1,1,1,1
1,1,1,1,1,1,1,1,1,1
1,1,1,1,1,1,1,1,1,1
1,1,1,1,1,1,1,1,1,1
1,1,1,1,1,1,1,1,1,1
1,1,1,1,1,1,1,1,1,1
1,1,1,1,1,1,1,1,1,1
1,1,1,1,1,1,1,1,1,1
1,1,1,1,1,1,1,1,1,1
1,1,1,1,1,1,1,1,1,1
1,1,1,1,1,1,1,1,1,1
1,1,1,1,1,1,1,1,1,1
1,1,1,1,1,1,1,1,1,1
1,1,1,1,1,1,1,1,1,1
1,1,1,1,1,1,1,1,1,1
1,1,1,1,1,1,1,1,1,1
1,1,1,1,1,1,1,1,1,1
1,1,1,1,1,1,1,1,1,1
1,1,1,1,1,1,1,1,1,1
1,1,1,1,1,1,1,1,1,1
1,0.8902933,1,1,1,1,1,1,1,1
1,0.871086,1,1,1,1,1,1,1,1
1,0.8514447,1,1,1,1,1,1,1,2
1,0.8314155,1,1,1,1,1,1,1,2
1,0.8110528,1,1,1,1,1,1,1,2
1,0.7904062,1,1,1,1,1,1,1,2
1,0.7695369,1,1,1,1,1,1,1,2
1,0.7485031,1,1,1,1,1,1,1,2
1,0.7273641,1,1,1,1,1,1,1,2
1,0.7061787,1,1,1,1,1,1,1,2
1,0.6850096,1,1,1,1,1,1,1,2
1,0.6639124,1,1,1,1,1,1,1,2
1,0.6468509,1,1,1,1,1,1,1,2
1,0.6550104,1,1,1,1,1,1,1,2
1,0.663323,1,1,1,1,1,1,1,2
1,0.6717775,1,1,1,1,1,1,1,2
1,0.6803614,1,1,1,1,1,1,1,2
1,0.6890582,1,1,1,1,1,1,1,2
1,0.6978601,1,1,1,1,1,1,1,2
1,0.7067497,1,1,1,1,1,1,1,2
1,0.7157189,1,1,1,1,1,1,1,2
1,0.7247502,1,1,1,1,1,1,1,2
1,0.7338307,1,1,1,1,1,1,1,2
1,0.7429522,1,1,1,1,1,1,1,2
0.7702526,1,1,1,1,1,1,1,1,2
0.7343774,1,1,1,1,1,1,1,1,2
0.6980255,1,1,1,1,1,1,1,1,2
0.6615233,1,1,1,1,1,1,1,1,2
0.6252094,1,1,1,1,1,1,1,1,2
0.5893809,1,1,1,1,1,1,1,1,2
0.5644711,1,1,1,1,1,1,1,1,2
0.5728419,1,1,1,1,1,1,1,1,2
0.5815323,1,1,1,1,1,1,1,1,2
0.5905241,1,1,1,1,1,1,1,1,2
0.5998095,1,1,1,1,1,1,1,1,2
0.6093687,1,1,1,1,1,1,1,1,2
0.6191887,1,1,1,1,1,1,1,1,2
0.6292523,1,1,1,1,1,1,1,1,2
0.6395451,1,1,1,1,1,1,1,1,2
0.6500483,1,1,1,1,1,1,1,1,2
0.6607428,1,1,1,1,1,1,1,1,2
1,1,1,1,1,1,1,1,1,1
1,1,1,1,1,1,1,1,1,1
1,1,1,1,1,1,1,1,1,1
1,1,1,1,1,1,1,1,1,1
1,1,1,1,1,1,1,1,1,1
1,1,1,1,1,1,1,1,1,1
1,1,1,1,1,1,1,1,1,1
1,1,1,1,1,1,1,1,1,1
1,1,1,1,1,1,1,1,1,1
1,1,1,1,1,1,1,1,1,1
1,1,1,1,1,1,1,1,1,1
1,1,1,1,1,1,1,1,1,1
1,1,1,1,1,1,1,1,1,1
1,1,1,1,1,1,1,1,1,1
1,1,1,1,1,1,1,1,1,1
1,1,1,1,1,1,1,1,1,1
1,1,1,1,1,1,1,1,1,1
1,1,1,1,1,1,1,1,1,1
1,1,1,1,1,1,1,1,1,1
1,1,1,1,1,1,1,1,1,1
1,1,1,1,1,1,1,1,1,1
1,1,1,1,1,1,1,1,1,1
1,1,1,1,1,1,1,1,1,1
1,1,1,1,1,1,1,1,1,1
1,1,1,1,1,1,1,1,1,1
1,1,1,1,1,1,1,1,1,1
1,1,1,1,1,1,1,1,1,1
1,1,1,1,1,1,1,1,1,1
1,1,1,1,1,1,1,1,1,1
1,1,1,1,1,1,1,1,1,1
1,1,1,1,1,1,1,1,1,1
1,1,1,1,1,1,1,1,1,1
1,1,1,1,1,1,1,1,1,1
1,1,1,1,1,1,1,1,1,1
1,1,1,1,1,1,1,1,1,1
1,1,1,1,1,1,1,1,1,1
1,1,1,1,1,1,1,1,1,1
1,1,1,1,1,1,1,1,1,1
1,1,1,1,1,1,1,1,1,1
1,1,1,1,1,1,1,1,1,1
1,1,1,1,1,1,1,1,1,1
1,1,1,1,1,1,1,1,1,1
1,1,1,1,1,1,1,1,1,1
1,1,1,1,1,1,1,1,1,1
1,1,1,1,1,1,1,1,1,1
1,1,1,1,1,1,1,1,1,1
1,1,1,0.9239607,1,1,1,1,1,1
1,1,1,0.9096212,1,1,1,1,1,1
1,1,1,0.8957364,1,1,1,1,1,1
1,1,1,0.8822788,1,1,1,1,1,1
1,1,1,0.8692239,1,1,1,1,1,1
1,1,1,0.8565362,1,1,1,1,1,1
1,1,1,0.8441827,1,1,1,1,1,1
1,1,1,0.8321327,1,1,1,1,1,1
1,1,1,0.8203708,1,1,1,1,1,1
1,1,1,0.8088697,0.7640528,1,1,1,1,0
1,1,1,0.811642,0.7522902,1,1,1,1,0
1,1,1,0.8150943,0.7405643,1,1,1,1,0
1,1,1,1,0.728876,1,1,1,1,0
1,1,1,1,0.7176641,1,1,1,1,0
1,1,1,1,0.7064503,1,1,1,1,0
1,1,1,1,0.6952386,1,1,1,1,0
1,1,1,1,0.6840322,1,1,1,1,0
1,1,1,1,0.6728312,1,1,1,1,0
1,1,1,1,0.6616418,1,1,1,1,0
1,1,1,1,0.6504638,1,1,1,1,0
1,1,1,1,0.6393031,1,0.9952399,1,1,0
1,1,1,1,0.6281282,1,0.9769825,1,1,0
1,1,1,1,0.6168612,1,0.9614364,1,1,0
1,1,1,1,0.6055325,1,0.9631901,1,1,0
1,1,1,1,0.5942574,1,0.9650922,1,1,0
1,0.9951648,1,1,0.5830331,1,0.9671304,1,1,0
1,0.987762,1,1,0.5718821,1,0.969188,1,1,0
1,0.9801936,1,1,0.5608109,1,0.9711844,1,1,0
1,0.9724555,1,1,0.5498186,1,0.9731053,1,1,0
1,0.9645398,1,1,0.5389005,1,0.9749371,1,1,0
1,0.9564398,1,1,0.5280524,1,0.9766623,1,1,0
1,0.9481498,1,1,0.51727,1,0.9782634,1,1,0
1,0.9396681,1,1,0.5065519,1,0.9797289,1,1,0
1,0.9309872,1,1,0.4958908,1,0.9810386,1,1,0
1,0.9221112,1,1,0.4852888,1,0.9821871,1,1,0
1,0.9130338,1,1,0.4747387,1,1,1,1,1
1,0.903468,1,1,0.4642945,0.4942687,1,1,1,0
1,0.8994077,1,1,0.4528523,0.480934,1,1,1,0
1,0.8951766,1,1,0.4415492,0.467844,1,1,1,0
1,0.8907434,1,1,0.4303744,0.4549844,1,1,1,0
1,0.8860854,1,1,0.4193237,0.4423472,1,1,1,0
1,0.881169,0.9772838,1,0.4110121,0.4299146,1,1,1,0
1,0.8757972,0.9454247,1,0.4230681,0.4177176,1,1,1,0
1,0.8697456,0.9189289,1,0.4348612,0.4057745,1,1,1,0
1,0.8630365,0.8967911,1,0.4462613,0.3940558,1,1,1,0
1,0.8556843,0.8782709,1,0.4570936,0.3825271,1,0.9159878,1,0
1,0.8499578,0.8536971,1,1,0.3707786,1,0.8818802,1,0
1,0.8418689,0.8392132,1,1,0.3595042,1,0.8532122,1,0
1,0.8340925,0.8237921,1,1,0.3482303,1,0.8245228,1,0
1,0.8265902,0.8077003,0.9483104,1,0.3369669,1,0.7959436,1,0
1,0.8192563,0.7914153,0.8840469,1,0.3257387,1,0.7677189,1,0
1,0.8120009,0.7752575,0.8745089,1,0.3145601,1,0.7400093,1,0
1,0.804848,0.7591755,0.8650233,1,0.3034255,0.3403749,0.7241756,1,0
1,0.8074857,0.7181248,0.8564605,1,0.2913651,0.3247202,0.7336597,1,0
1,0.8101918,0.6820363,0.8481839,1,0.2795802,0.3096377,0.7437604,1,0
1,0.8114759,0.6655517,0.8399851,1,0.288108,0.2953345,0.7534945,1,0
1,0.8112906,0.6422433,0.8317853,1,0.309477,0.2816725,0.7627888,1,0
0.9987928,0.8093521,0.6220268,0.8234885,1,0.3317156,0.2685775,0.7713994,1,0
0.9954064,0.8056164,0.6054667,0.815038,1,0.3543704,0.2559518,0.7792452,1,0
0.9925721,0.8000575,0.5919586,0.8063933,1,1,0.2437203,1,1,1
1,0.7820853,0.594842,0.7958747,1,1,0.232981,1,1,1
1,0.7642403,0.597789,0.7853728,1,1,0.2222172,1,1,1
1,0.7462609,0.6011745,0.7748473,1,1,0.2114575,1,1,1
1,0.7281891,0.5920355,0.7643047,1,1,0.2006957,1,1,1
1,0.7098736,0.5964868,0.7537218,1,1,0.1899464,1,1,1
1,0.6915653,0.6013272,0.7431372,1,1,0.1791805,1,1,1
1,0.6732968,0.606544,0.7325561,1,0.9970263,0.1683928,1,1,1
1,0.65512,0.6120924,0.7219889,1,0.9767216,0.1575804,0.224976,1,0
1,0.6558272,0.5846575,0.7143964,1,1,0.148501,0.2038715,1,0
1,0.6559194,0.5606643,0.7068992,1,1,0.1557782,0.1841206,0.8097367,0
1,0.6572812,0.5370812,0.6998063,1,1,0.1648112,0.1651091,0.7228595,0
1,0.6590368,0.5195912,0.6929678,0.7069906,1,0.1754669,0.1470341,0.6471046,0
1,0.6612198,0.5054544,0.6863802,0.6656067,1,0.1880236,0.1298176,0.6386164,0
1,0.6638749,0.4857619,0.6800436,0.6569651,1,0.2028501,0.1133939,0.6448053,0
1,0.6670471,0.4672065,0.6739553,0.6485977,1,0.782804,0.09859228,0.1889165,0
1,0.6707948,0.4496616,0.6681165,0.6405011,1,0.7674862,0.1031597,0.1550662,0
1,0.6751799,0.4330179,0.6625259,0.6326693,1,0.7527259,0.1083167,0.1244639,0
0.9537736,0.6802747,0.4171858,0.6571826,0.6250967,1,0.8063107,0.1141089,0.09665631,0
0.9504655,0.6861705,0.4020816,0.6294492,0.6177815,1,0.8897005,0.120593,0.08314587,0
0.9474219,0.6913045,0.3958681,0.5946532,0.6105422,0.5951684,0.9855973,0.1276066,0.08662283,0
0.9446662,0.6900757,0.3880828,0.5690037,0.6027474,0.5860162,1,0.1343696,0.09012236,0
0.9420106,0.6844103,0.37924,0.5485317,0.5945631,0.5768485,1,0.1410127,0.09366159,0
0.9393767,0.6745178,0.3694358,0.5320298,0.5859872,0.5676172,1,0.8122643,0.0972058,2
0.9368218,0.6381483,0.3601635,0.5369198,0.5744858,0.5574352,1,0.8058584,0.09960674,2
1,0.6022902,0.3608104,0.5432069,0.5629625,0.5472654,1,0.7998405,0.1018362,2
1,0.5707333,0.3605407,0.5470036,0.5518645,0.5372338,1,0.7923809,0.1041018,2
1,0.5398157,0.3605629,0.5515853,0.5407833,0.5272175,1,0.7850491,0.106246,2
1,0.509662,0.3608445,0.5568801,0.5297331,0.5172191,1,0.7777803,0.108273,2
1,0.4803665,0.3613493,0.5477778,0.5187303,0.5072446,1,0.7705196,0.1101905,2
1,0.4517769,0.3530754,0.5352912,0.507759,0.4972912,0.9787881,0.7633551,1,2
1,0.4148777,0.3601735,0.5204622,0.4956597,1,0.9061841,0.7636017,1,2
1,0.3807257,0.3682246,0.5060526,0.4838343,1,0.844133,0.7641494,1,2
1,0.3490128,0.3773297,0.492042,0.4722713,1,0.7903635,0.7650177,1,2
1,0.3194696,0.3876001,0.4784087,0.4609566,1,0.7432196,0.7662237,1,2
1,0.2918641,0.3991645,0.465132,0.4498771,1,0.7014582,0.7677864,1,2
1,0.2660016,0.4121796,0.4521956,0.4390232,1,0.6641195,0.769732,1,2
1,0.2595941,0.4268161,0.439581,0.4283826,1,0.630473,0.7720848,1,2
0.6050303,0.2632729,0.4432885,0.4272742,0.4179471,1,0.5999255,0.7748771,1,2
0.5128266,0.2674579,0.4535032,0.4152586,0.4077052,1,0.5720171,0.7781403,1,2
0.4350997,0.2721824,0.438002,0.4035188,1,1,0.553075,0.7819096,1,2
0.3686801,0.270219,0.4229914,0.392043,1,1,0.5475435,1,1,2
0.3112621,0.2759834,0.4084467,0.3808202,1,1,0.5421488,1,1,2
0.2611097,0.2823895,0.3943384,0.3698341,1,1,0.5368856,1,1,2
0.2235972,0.2894783,0.3806484,0.3590781,1,1,0.5317591,1,1,2
0.2265276,0.2973046,0.3673506,0.3485369,1,0.8217061,0.5267646,1,1,2
0.2298307,0.3059207,0.3544298,0.3382052,1,0.7623366,0.5219083,1,1,2
0.2335196,0.3153897,0.3418626,0.3280687,1,0.7100651,0.5171861,1,1,2
0.2376053,0.3257784,0.3296331,1,1,0.6636057,0.5126016,1,1,2
0.2360479,0.3371719,0.3177266,1,1,0.6219488,0.5081588,1,1,2
0.240916,0.3496563,0.3061231,1,1,0.5843184,0.5038549,1,1,2
0.2462294,0.3596851,0.294813,1,1,0.5500898,0.4996988,1,1,2
0.252009,0.3423849,0.283778,1,1,0.5187595,0.4956886,1,1,2
0.2582743,0.3258065,0.2730071,1,0.7829064,0.4899244,0.4918308,1,1,2
0.2650504,0.3099069,0.26249,1,0.7191395,0.4632458,0.4881328,1,0.6991369,2
0.2695004,0.2974612,0.2526579,1,0.6963614,0.4517854,0.4776759,1,1,2
0.2762024,0.283162,0.2517306,1,0.6507534,0.4309492,0.4721502,1,0.7582815,1
0.2806689,0.2714114,0.2877773,1,0.6337047,0.421421,0.4606979,1,1,2
0.287004,0.2583845,0.3558032,1,0.6010018,0.4052572,0.4530743,1,1,2
0.2930353,0.2460224,0.4305076,1,0.5747944,0.3915714,0.4441461,1,1,2
0.2987642,0.2341682,1,1,0.5533308,0.3797679,0.4340932,1,1,1
0.3038047,0.222907,1,1,0.5379509,0.3705387,0.4223339,1,1,1
0.3086673,0.2118341,1,1,0.5243063,0.3620386,0.4100562,1,1,1
0.3005307,0.2009046,1,1,0.5120908,0.3541493,0.3973362,1,1,1
0.2840025,0.1900442,1,1,0.5004748,0.3465149,0.3844293,1,1,1
0.2675588,0.1792085,1,1,0.4889812,0.3389246,0.3714711,1,1,1
0.2511943,0.1683963,1,1,0.4776112,0.3313811,0.358464,1,1,1
0.234904,0.1576062,1,1,0.4663567,0.3238812,0.3454106,1,1,1
0.2186881,0.1468403,1,1,0.455209,0.3164213,0.3323182,1,1,1
0.2025363,0.1537558,1,1,0.4441603,0.3089982,0.3191853,1,1,1
0.1865308,0.1612851,1,1,0.4336239,0.3018001,0.3058965,1,1,1
0.1706345,0.1687114,1,1,0.4235304,0.2947989,0.2924798,1,1,1
0.1548123,0.1760353,1,1,0.4137962,0.2879576,0.2789656,1,1,1
0.1390287,0.1832462,1,1,0.4043667,0.2812559,0.2653755,1,1,1
0.1232583,0.1903476,1,1,0.3951793,0.2746656,0.2517328,0.5359461,1,0
0.1167827,0.1907233,1,1,0.4063166,0.2770668,0.2335799,0.4803468,1,0
0.1191288,0.1908607,1,1,0.4191898,0.2800148,0.2161552,0.4305364,1,0
0.1212603,0.1907809,1,1,0.4340904,0.2835633,0.1993887,0.3855724,1,0
0.1232108,0.1905835,1,1,0.4509704,0.2876158,0.1939187,0.3449283,1,0
0.1250339,0.1904257,1,1,0.4692821,0.2918939,0.1937329,0.3082549,1,0
0.1267575,0.1903653,1,1,0.4886893,0.2962318,0.1935816,0.2749636,1,0
0.1283956,0.1904033,1,1,1,0.3005652,0.1934389,0.2444403,1,0
0.1303473,0.1918507,1,1,1,0.3012571,0.1920139,0.2183131,1,0
0.1321825,0.1931104,0.9957095,1,1,0.3022933,0.1907384,0.1930774,1,0
0.1339111,0.1942164,0.9877572,1,1,0.303619,0.1895907,0.1687299,1,0
0.1355445,0.1952017,0.9798054,1,1,0.3051756,0.1885471,0.1452312,1,0
0.1370872,0.1960815,0.9718449,1,1,0.3069421,0.1875996,0.1262832,1,0
0.1385556,0.1969054,0.9638242,1,1,0.3087791,0.186701,0.1247804,1,0
0.1400009,0.197835,0.9555845,1,1,0.3101361,0.1856739,0.1232923,0.4698494,0
0.1403731,0.1954055,0.9508449,1,1,0.3241618,0.1886129,0.1229985,0.2824071,0
0.1405743,0.1928652,0.9464357,1,1,0.3408385,0.1922093,0.1229971,0.1569047,0
0.14061,0.1902203,0.9423611,1,1,0.3607343,0.1965311,0.123299,0.1040288,0
0.1404849,0.1874761,0.9386228,1,1,0.3845955,0.2016575,0.1239164,0.1034252,0
0.1402032,0.1846372,0.9352236,1,1,1,0.2076813,0.1248631,0.1030741,0
0.1397653,0.1817032,0.9321701,1,1,1,0.2147184,0.1261581,0.1029809,0
0.1391742,0.1786773,1,1,1,1,0.2228988,0.1278191,0.1031485,0
0.1384945,1,1,1,1,1,0.2317663,0.1297189,0.1035333,0
0.1376163,1,1,0.9526328,1,1,0.2426302,0.1321438,0.1042156,0
0.1365943,1,1,0.855069,1,1,0.2551812,0.1349946,0.1051686,0
0.1354267,1,1,0.8354357,1,1,0.269698,0.138302,0.1064015,0
0.1341143,1,1,0.8293802,1,1,0.2865154,0.1420964,0.1079212,0
0.1326604,1,1,0.8236451,1,1,0.3060414,0.1464074,0.1097322,0
0.1310651,1,1,0.8182294,1,1,1,0.1512726,0.1118432,0
0.1293289,1,1,0.8131143,1,1,1,0.1567223,0.1142606,0
0.1274849,1,1,0.8079076,1,1,1,0.1625157,0.1169047,0
0.1255347,1,1,0.8025532,1,1,1,0.1686229,0.1197546,0
0.1234813,1,1,0.7970011,0.8739859,1,1,0.1750104,0.1227887,0
1,1,1,0.7908942,0.8035425,1,1,0.1814032,0.1259155,0
1,1,1,0.7871224,0.7439592,1,1,0.1900642,0.1297981,0
1,1,1,0.7836851,0.7376969,1,1,0.199652,0.1340592,0
1,1,1,0.7805909,0.7317509,1,1,0.210254,0.1387134,0
1,1,1,1,0.7261167,1,1,0.2219762,0.1437805,0
1,1,1,1,0.7208,1,1,1,0.1492822,0
1,1,1,1,0.7157982,1,1,1,0.155239,0
1,1,1,1,0.7111152,0.8162774,1,1,0.1616771,0
1,1,1,1,0.706753,0.7116711,1,1,0.1686215,0
1,1,1,1,0.7027176,0.6650779,1,1,0.1761038,0
1,1,1,1,0.6985982,0.6586729,1,1,0.1839431,0
1,1,1,1,0.6943451,0.6523156,1,1,0.1921147,0
1,1,1,1,0.689917,0.645964,1,1,1,2
1,1,1,1,0.6767881,0.6348852,1,1,1,2
1,1,1,1,0.6637605,0.6238611,1,1,1,2
1,1,1,1,0.6508436,0.6128979,1,1,1,2
1,1,1,1,0.6380423,0.6019977,1,1,1,2
1,1,1,1,0.625363,0.5911649,1,1,1,2
1,1,1,1,0.6128042,0.5803965,1,1,1,2
1,1,1,1,0.60037,0.5696949,1,1,1,2
1,1,1,1,0.58806,0.5590588,1,1,1,2
1,1,1,1,0.5758758,0.5484893,1,1,1,2
1,1,1,1,0.5638152,0.5379835,1,1,1,2
1,1,1,1,0.5518749,0.5275383,0.9934238,1,1,2
1,1,1,1,0.5400592,0.5171553,0.9848695,1,1,2
1,1,1,1,0.5283653,0.5123741,0.9763368,1,1,2
1,1,1,1,0.5167967,0.523665,0.967816,1,1,2
1,1,1,1,0.5053606,0.5359161,0.9592862,1,1,2
1,1,1,0.5300075,0.4940487,0.5491789,0.9507413,1,1,2
1,1,1,0.5148612,0.4815826,0.61295,0.9434544,1,1,2
1,1,1,0.5002736,0.4694441,0.9253811,0.9362084,1,1,2
1,1,1,0.4863712,0.4576952,0.9145996,0.9288211,1,1,2
1,1,1,0.4727783,0.4461262,0.9040136,0.9214881,1,1,2
1,1,1,0.4594808,0.434727,0.8936076,0.9141876,1,1,2
1,1,1,0.4464601,0.4234836,0.8833623,0.9068946,1,1,2
1,1,1,0.4337035,0.4123877,0.8732635,0.8995908,1,1,2
1,1,1,0.4211945,0.4014279,0.8632938,0.8922555,1,1,2
1,1,1,0.4089132,0.3905898,0.8534331,0.8848659,1,1,2
1,1,1,0.3968439,0.3798625,0.843665,0.877404,1,1,2
1,1,1,0.3849674,0.3692328,0.8339707,0.86985,1,1,2
1,1,1,0.3732725,0.358694,0.8243384,0.8621925,1,1,2
1,1,0.4085316,0.3617419,0.3482343,0.8147519,0.8544157,1,1,2
1,1,0.3916795,0.3491336,0.3715005,0.8057798,0.8498544,1,1,2
1,1,0.3754062,0.3368122,0.4524286,0.7971099,1,1,1,2
1,1,0.3596506,0.3247522,0.7855533,0.7887458,1,1,1,2
1,1,0.3447188,0.3130713,0.7747341,0.7804972,1,1,1,2
1,1,0.3303541,0.301653,0.7642274,0.7723756,1,1,1,2
1,1,0.3164997,0.290468,0.7539878,0.7643398,1,1,1,2
1,1,0.3031005,0.2794868,0.7439703,0.7563497,1,1,1,2
1,0.9704388,0.2901066,0.2686828,0.7341341,0.7483697,1,1,1,2
1,0.9390733,0.2773609,0.2750878,0.7244651,0.7405138,1,1,1,2
1,0.9281928,0.264869,0.3131833,0.7149569,0.7327617,1,1,1,2
1,0.9415725,0.2526924,0.3600189,0.7055555,0.7249514,1,1,1,2
1,0.9540882,0.2408597,0.6972129,0.6961918,0.7169252,1,1,1,2
1,0.304598,0.2294037,0.6865977,0.6867607,0.7084548,1,1,1,2
1,0.2846771,0.2172302,0.6755511,0.6781927,0.7022771,1,1,1,2
1,0.2656943,0.2053487,0.6648549,0.6699079,0.696359,1,1,1,2
1,0.247582,0.1937445,0.6545004,0.6619031,0.690702,1,1,1,2
1,0.2302753,0.1824011,0.6444765,0.6541724,0.6853052,1,1,1,2
1,0.2137154,0.1996335,0.6347729,0.6467105,0.6801683,1,1,1,2
1,0.1978732,0.2276173,0.6253797,0.6394969,0.6752576,1,1,1,2
1,0.1829565,0.2596275,0.6162077,0.6322228,1,1,1,1,2
1,0.1683033,0.3028634,0.6073869,0.625518,1,1,1,1,2
0.2496414,0.1542909,0.6037856,0.5988185,0.6189556,1,1,1,1,2
0.2230852,0.1407307,0.5921906,0.5905682,0.6127596,1,1,1,1,2
0.1984643,0.1276686,0.5809851,0.5825976,0.606819,1,1,1,1,2
0.1755798,0.1312499,0.5701579,0.5749035,0.6011358,1,1,1,1,2
0.1542596,0.1431953,0.5596991,0.5674841,0.5957123,1,1,1,1,2
0.134344,0.1565367,0.5495931,0.5603316,0.5905455,1,1,1,1,2
0.1157085,0.1714517,0.5398347,0.5534482,0.5856426,1,1,1,1,2
0.1058992,0.1881588,0.5304104,0.5468273,1,1,1,1,1,2
0.1133632,0.206919,0.5213134,0.5404693,1,1,1,1,1,2
0.1213964,0.2280317,0.5125347,0.534372,1,1,1,1,1,2
0.1300407,0.7376467,0.5040661,0.5285338,1,1,1,1,1,2
0.1393423,0.7909557,0.4958999,0.5229536,1,1,1,1,1,2
0.1493484,0.8512908,0.4880324,0.5176344,1,1,1,1,1,2
0.159655,0.5045789,0.4803127,0.5120606,1,1,1,1,1,2
0.1711527,0.4922435,0.4729889,0.5072253,1,1,1,1,1,2
0.1831629,0.4806301,0.4658228,1,1,1,1,1,1,2
0.1964283,0.469236,0.4590389,1,1,1,1,1,1,2
0.7520276,0.4582993,0.4525297,1,1,1,1,1,1,2
0.7369955,0.449122,0.4450004,1,1,1,1,1,1,2
0.7222482,0.4400551,0.4375257,1,1,1,1,1,1,2
0.70779,0.4310964,0.430099,1,1,1,1,1,1,2
0.6936262,0.4222458,0.4227164,1,1,1,1,1,1,2
0.6797636,0.4135059,0.4153774,1,1,1,1,1,1,2
0.666199,0.4048723,0.4080754,1,1,1,1,1,1,2
0.6529349,0.3963466,0.4008099,1,1,1,1,1,1,2
0.6399645,0.3879235,0.3935745,1,1,1,1,1,1,2
0.6464185,0.3796009,0.386366,1,1,1,1,1,1,2
0.663815,0.3714028,0.3791307,1,1,1,1,1,1,2
0.4348647,0.3633282,0.3718364,1,1,1,1,1,1,2
0.4226092,0.355067,0.3651309,1,1,1,1,1,1,2
0.410796,0.3469684,1,1,1,1,1,1,1,2
0.3974939,0.3387285,1,1,1,1,1,1,1,2
0.3848552,0.3307639,1,1,1,1,1,1,1,2
0.3728336,0.323057,1,1,1,1,1,1,1,2
0.3613824,0.3155882,1,1,1,1,1,1,1,2
0.3504574,0.3083389,1,1,1,1,1,1,1,2
0.3400176,0.3012915,1,1,1,1,1,1,1,2
0.3300284,0.2944328,1,1,1,1,1,1,1,2
0.320451,0.2877444,1,1,1,1,1,1,1,2
0.311256,0.2812154,1,1,1,1,1,1,1,2
0.3024136,0.2748326,1,1,1,1,1,1,1,2
0.2938927,0.2685812,1,1,1,1,1,1,1,2
0.2856678,0.2624502,1,1,1,1,1,1,1,2
0.2777191,1,1,1,1,1,1,1,1,2
0.2698942,1,1,1,1,1,1,1,1,2
0.2622987,1,1,1,1,1,1,0.9834837,1,2
0.2549818,1,1,1,1,1,1,0.9689514,1,2
0.247908,1,1,1,1,1,1,0.962961,1,2
0.241026,1,1,1,1,1,1,0.9568672,1,2
0.2343263,1,1,1,1,1,1,0.9506582,1,2
0.2277934,1,0.9870292,1,1,1,1,0.9443291,1,2
0.2214332,1,0.9586498,1,1,1,1,0.93779,1,2
0.2259785,1,0.9325115,1,1,1,1,0.9309381,1,2
0.2580833,1,0.9171808,1,1,1,1,0.9237384,1,2
0.2903057,1,0.9134444,1,1,1,1,0.9243123,1,1
0.322894,1,0.9093855,1,1,1,1,0.9305785,1,1
0.3559529,1,0.9051434,1,1,1,1,0.9376386,1,1
0.3894317,1,0.9007366,1,1,1,1,0.9453845,1,1
0.4232743,1,0.8961808,1,1,1,1,0.9537257,1,1
0.4574288,1,0.8914895,1,1,1,1,0.9625904,1,1
0.4918589,1,0.8866783,1,1,1,1,0.9719093,1,1
0.526532,1,0.8817574,1,1,1,1,0.9816335,1,1
1,1,0.8767393,1,1,1,1,0.9917119,1,1
1,1,0.8686153,1,1,1,1,1,1,1
1,1,0.86059,1,1,1,1,1,1,1
1,1,0.852475,1,1,1,1,1,1,1
1,1,0.844272,1,1,0.9806114,1,1,1,0
1,1,0.8355675,1,1,0.9558865,1,1,1,0
1,1,0.8262694,1,0.9970881,0.929001,1,1,1,0
1,1,0.8163083,1,0.9914039,0.9045194,1,1,1,0
1,1,0.8057278,1,0.986615,0.898513,1,1,0.9891752,0
1,1,0.794778,1,0.9824928,0.8929334,1,1,0.9701858,0
1,1,0.7833947,1,0.9792091,0.8878872,1,1,0.9507298,0
1,1,0.7716376,1,0.9767916,0.8833977,1,1,0.9309432,0
1,1,0.759569,1,0.975266,0.879485,1,1,0.9109576,0
1,1,0.7472546,1,0.9746591,0.8761693,1,1,0.8909009,0
1,1,0.7347555,1,0.9750022,0.873474,1,1,0.8708994,0
1,1,0.7221371,1,0.9763217,0.8714174,1,1,0.8510677,0
1,1,0.7094607,1,0.9786442,0.8700166,1,1,0.8315105,0
1,1,0.6967792,1,0.9819986,0.8692896,1,1,0.8123255,0
1,1,0.6841428,1,0.9864038,0.8692448,1,1,0.793592,0
1,1,0.6715982,1,0.9918803,0.8698913,0.9474154,1,0.7907857,0
1,1,0.6634587,1,0.9999198,0.872134,0.8674468,1,0.8284203,0
1,1,0.6796483,1,1,0.8756668,0.7937509,1,0.8708891,0
1,1,0.6984838,1,1,0.8798745,0.7653753,1,0.9171451,0
1,1,0.7196689,1,1,0.8845438,0.7640347,1,0.9670035,0
1,1,0.7383168,1,1,0.8881442,0.7623243,1,1,0
1,1,1,0.6736709,1,0.890999,0.7603659,1,1,0
1,1,1,0.6568465,1,0.8971168,0.7600381,1,1,0
1,1,1,0.6405965,1,0.9038466,0.7601042,1,1,0
1,1,1,0.624899,1,0.9111481,0.7605341,1,1,0
1,1,1,0.6097306,1,1,0.7613027,1,1,0
1,1,1,0.5957996,1,1,0.7613088,1,1,0
1,1,1,0.5821565,1,1,0.7616435,1,1,0
1,1,1,0.5687951,1,1,0.7622954,1,1,0
1,1,1,0.5557075,1,1,0.7632556,1,1,0
1,1,1,0.5428838,1,1,0.7645074,1,1,0
1,1,1,0.530313,1,1,0.7660404,1,1,0
1,1,1,0.517983,0.5633913,1,0.767837,0.870742,1,0
1,1,1,0.5048047,0.5466077,1,0.7731208,0.7252182,1,0
1,1,1,0.4919336,0.5303391,1,0.7791421,0.637588,1,0
1,1,1,0.4793512,0.5145528,1,0.7859343,0.6358552,1,0
1,1,1,0.4854363,0.4992221,1,0.7935466,0.6345811,1,0
1,1,1,0.5077547,0.4843188,1,1,0.6337696,1,0
1,1,1,0.5350339,0.4698165,1,1,0.6334289,1,0
1,1,1,0.5687196,0.4556905,1,1,0.6335654,1,0
1,1,1,1,0.4419209,0.4813881,1,0.6341902,1,0
1,1,1,1,0.4284859,0.4646566,1,0.6353123,1,0
1,1,1,1,0.4153649,0.4484439,1,0.6369458,1,0
1,1,1,1,0.4025418,0.4327202,1,0.6391028,1,0
1,1,1,1,0.3899983,0.4174547,1,0.6418006,1,0
1,1,1,1,0.3930986,0.4026183,1,0.6450549,1,0
1,1,1,1,0.4164274,0.3881878,1,0.6488835,0.5902447,0
1,1,1,1,0.4452264,0.3741411,1,0.6533097,0.5807172,0
1,1,1,1,0.4812064,0.3604513,1,0.6583554,0.5793592,0
1,1,1,1,1,0.3470994,0.3987368,0.6640486,0.5784603,0
1,1,1,1,1,0.3340677,0.381091,0.6704133,0.5780181,0
1,1,1,1,1,0.3213366,0.3640662,0.677483,0.5780373,0
1,1,1,1,1,0.3127999,0.3476209,1,0.5785207,0
1,1,1,1,1,0.3328851,0.3317205,1,0.5794719,0
1,1,1,1,1,0.3572811,0.3163295,1,0.5808994,0
1,1,1,1,1,0.3871576,0.3014187,1,0.5828063,0
1,1,1,1,1,1,0.2869573,1,0.5852034,0
1,1,1,1,1,1,0.2729172,1,0.5880963,0
1,1,1,1,1,1,0.259275,1,0.5914983,0
1,1,1,1,1,1,0.2460095,1,0.5954212,0
1,1,1,1,1,1,0.2340847,1,0.5998749,0
1,1,1,1,1,1,0.2489538,0.2958217,0.6048774,0
0.9902449,1,1,1,1,1,0.2662877,0.2756486,0.610442,0
0.985797,1,1,1,1,1,0.2865637,0.2564411,0.6165868,0
0.9815987,1,1,1,1,1,0.3103925,0.2381241,0.623332,0
0.9776434,1,1,1,1,1,1,0.2206338,1,0
0.9739649,1,1,1,1,1,1,0.2039838,1,0
0.9705228,1,1,1,1,1,1,0.1880623,1,0
0.9673039,1,1,1,1,1,1,0.1728098,1,0
0.9642933,1,1,1,1,1,1,0.1713998,0.266084,0
0.961452,1,1,1,1,1,1,0.1808699,0.2368194,0
0.9588315,1,1,1,1,1,1,0.1913609,0.2098288,0
0.9564284,1,1,1,1,1,1,0.2029819,0.1848562,0
0.9542427,1,1,1,1,1,1,0.2158535,0.1616878,0
0.9522718,1,1,1,1,1,1,0.2301214,0.1415272,0
0.9505163,1,1,1,1,1,1,1,0.1480029,0
0.9489747,1,1,1,1,1,1,1,0.1549876,0
0.9476452,1,1,1,1,1,1,1,0.1625137,0
0.9465328,1,1,1,1,1,1,1,0.1706091,0
0.945634,1,1,1,1,1,1,1,0.179317,0
0.9449543,1,1,1,1,1,1,1,0.1886728,0
0.9444941,1,1,1,1,1,1,1,0.1987243,0
0.9442569,1,1,1,1,1,1,1,0.2095201,0
0.7822894,1,1,1,1,1,1,1,1,2
0.9368492,1,1,1,1,1,1,1,1,1
0.931089,1,1,1,1,1,1,1,1,1
0.9253114,1,1,1,1,1,1,1,1,1
0.9195218,1,1,1,1,1,1,1,1,1
0.9137231,1,1,1,1,1,1,1,1,1
0.9079212,1,1,1,1,1,1,1,1,1
1,1,1,1,1,1,1,1,1,1
1,1,1,1,1,1,1,1,1,1
1,1,1,1,1,1,1,1,1,1
1,1,1,1,1,1,1,1,1,1
1,1,1,1,1,1,1,1,0.9868293,1
1,1,1,1,1,1,1,1,0.9463084,1
1,1,1,1,1,1,1,1,0.9281907,1
1,1,1,1,1,1,1,1,0.9289821,1
1,1,1,1,1,1,1,1,0.9298053,1
1,1,1,1,1,1,1,1,0.9306568,1
1,1,1,1,1,1,1,1,0.9315361,1
1,1,1,1,1,1,1,1,0.9324427,1
1,1,1,1,1,1,1,1,0.9333757,1
1,1,1,1,1,1,1,1,0.9343351,1
1,1,1,1,1,1,1,1,0.93532,1
1,1,1,1,1,1,1,1,0.9363269,1
1,1,1,1,1,1,1,1,0.9116232,1
1,1,1,1,1,1,1,1,0.8666669,0
1,1,1,1,1,1,1,1,0.861334,0
1,1,1,1,1,1,1,1,0.8632993,0
1,1,1,1,1,1,1,1,0.8653312,0
1,1,1,1,1,1,1,1,0.867425,0
1,1,1,1,1,1,1,1,0.869579,0
1,1,1,1,1,1,1,1,0.8717915,0
1,1,1,1,1,1,1,1,0.8740608,0
1,1,1,1,1,1,1,1,0.8763822,0
1,1,1,1,1,1,1,1,0.878754,0
1,1,1,1,1,1,1,1,0.8811744,0
1,1,1,1,1,1,1,1,0.8836386,0
1,1,1,1,1,1,1,1,0.886145,0
1,1,1,1,1,1,1,1,0.8886916,0
1,1,1,1,1,1,1,1,0.891274,0
1,1,1,1,1,1,1,1,0.8938902,1
1,1,1,1,1,1,1,1,0.8965355,1
1,1,1,1,1,1,1,1,0.8992082,1
1,1,1,1,1,1,1,1,0.9019071,1
1,1,1,1,1,1,1,1,0.9046303,1
1,1,1,1,1,1,1,1,0.9073732,1
1,1,1,1,1,1,1,1,0.9101312,1
1,1,1,1,1,1,1,1,0.9129058,1
1,1,1,1,1,1,1,1,0.9156893,1
1,1,1,1,1,1,1,1,0.9184837,1
1,1,1,1,1,1,1,1,0.9212846,1
1,1,1,1,1,1,1,1,0.9240902,1
1,1,1,1,1,1,1,1,0.9268999,1
1,1,1,1,1,1,1,1,1,1
1,1,1,1,1,1,1,1,1,1
1,1,1,1,1,1,1,1,1,1
1,1,1,1,1,1,1,1,1,1
1,1,1,1,1,1,1,1,1,1
1,1,1,1,1,1,1,1,1,1
1,1,1,1,1,1,1,1,1,1
1,1,1,1,1,1,1,1,1,1
1,1,1,1,1,1,1,1,1,1
1,1,1,1,1,1,1,1,1,1
1,1,1,1,1,1,1,1,1,1
1,1,1,1,1,1,1,1,1,1
1,1,1,1,1,1,1,1,1,1
1,1,1,1,1,1,1,1,1,1
1,1,1,1,1,1,1,1,1,1
1,1,1,1,1,1,1,1,1,1
1,1,1,1,1,1,1,1,1,1
1,1,1,1,1,1,1,1,1,1
1,1,1,1,1,1,1,1,1,1
1,1,1,1,1,1,1,1,1,1
1,1,1,1,1,1,1,1,1,1
1,1,1,1,1,1,1,1,1,1
1,1,1,1,1,1,1,1,1,1
1,1,1,1,1,1,1,1,1,1
1,1,1,1,1,1,1,1,1,1
1,1,1,1,1,1,1,1,1,1
1,1,1,1,1,1,1,1,1,1
1,1,1,1,1,1,1,1,1,1
1,1,1,1,1,1,1,1,1,1
1,1,1,1,1,1,1,1,1,1
1,1,1,1,1,1,1,1,1,1
1,1,1,1,1,1,1,1,1,1
1,1,1,1,1,1,1,1,1,1
1,1,1,1,1,1,1,1,1,1
1,1,1,1,1,1,1,1,1,1
1,1,1,1,1,1,1,1,1,1
1,1,1,1,1,1,1,1,1,1
1,1,1,1,1,1,1,1,1,1
1,1,1,1,1,1,1,1,1,1
1,1,1,1,1,1,1,1,1,1
1,1,1,1,1,1,1,1,1,1
1,1,1,1,1,1,1,1,1,1
1,1,1,1,1,1,1,1,1,1
1,1,1,1,1,1,1,1,1,1
1,1,1,1,1,1,1,1,1,1
1,1,1,1,1,1,1,1,1,1
1,1,1,1,1,1,1,1,1,1
1,1,1,1,1,1,1,1,1,1
1,1,1,1,1,1,1,1,1,1
1,1,1,1,1,1,1,1,1,1
1,1,1,1,1,1,1,1,1,1
1,1,1,1,1,1,1,1,1,1
1,1,1,1,1,1,1,1,1,1
1,1,1,1,1,1,1,1,1,1
1,1,1,1,1,1,1,1,1,1
1,1,1,1,1,1,1,1,1,1
1,1,1,1,1,1,1,1,1,1
1,1,1,1,1,1,1,1,1,1
1,1,1,1,1,1,1,1,1,1
1,1,1,1,1,1,1,1,1,1
1,1,1,1,1,1,1,1,1,1
1,1,1,1,1,1,1,1,1,1
1,1,1,1,1,1,1,1,1,1
1,1,1,1,1,1,1,1,1,1
1,1,1,1,1,1,1,1,1,1
1,1,1,1,1,1,1,1,1,1
1,1,1,1,1,1,1,1,1,1
1,1,1,1,1,1,1,1,1,1
1,1,1,1,1,1,1,1,1,1
1,1,1,1,1,1,1,1,1,1
1,1,1,1,1,1,1,1,1,1
1,1,1,1,1,1,1,1,1,1
1,1,1,1,1,1,1,1,1,1
1,1,1,1,1,1,1,1,1,1
1,1,1,1,1,1,1,1,1,1
1,1,1,1,1,1,1,1,1,1
1,1,1,1,1,1,1,1,1,1
1,1,1,1,1,1,1,1,1,1
1,1,1,1,1,1,1,1,1,1
0.9986769,1,1,1,1,1,1,1,1,1
0.9971509,1,1,1,1,1,1,1,1,1
0.995632,1,1,1,1,1,1,1,1,1
0.9941229,1,1,1,1,1,1,1,1,1
0.9926206,1,1,1,1,1,1,1,1,1
0.9911283,1,1,1,1,1,1,1,1,1
0.9896489,1,1,1,1,1,1,1,1,1
0.9881793,1,1,1,1,1,1,1,1,1
0.9867226,1,1,1,1,1,1,1,1,1
0.9852757,1,1,1,1,1,1,1,1,1
0.9838418,1,1,1,1,1,1,1,1,1
0.9824208,1,1,1,1,1,1,1,1,1
0.9810159,1,1,1,1,1,1,1,1,1
0.9796239,1,1,1,1,1,1,1,1,1
0.9782481,1,1,1,1,1,1,1,1,1
0.9768884,1,1,1,1,1,1,1,1,1
0.975545,1,1,1,1,1,1,1,1,1
0.9742209,1,1,1,1,1,1,1,1,1
0.9729131,1,1,1,1,1,1,1,1,1
0.9716247,1,1,1,1,1,1,1,1,1
0.9703528,1,1,1,1,1,1,1,1,1
0.9691004,1,1,1,1,1,1,1,1,1
0.9678707,1,1,1,1,1,1,1,1,1
0.9666609,1,1,1,1,1,1,1,1,1
0.9654707,1,1,1,1,1,1,1,1,1
0.9643035,1,1,1,1,1,1,1,1,1
0.9631592,1,1,1,1,1,1,1,1,1
0.962038,1,1,1,1,1,1,1,1,1
0.96094,1,1,1,1,1,1,1,1,1
0.9598651,1,1,1,1,1,1,1,1,1
0.9588166,1,1,1,1,1,1,1,1,1
0.9577914,1,1,1,1,1,1,1,1,1
0.9567927,1,1,1,1,1,1,1,1,1
0.9558204,1,1,1,1,1,1,1,1,1
1,1,1,1,1,1,1,1,1,1
1,1,1,1,1,1,1,1,1,1
1,1,1,1,1,1,1,1,1,1
1,1,1,1,1,1,1,1,1,1
1,1,1,1,1,1,1,1,1,1
1,1,1,1,1,1,1,1,1,1
1,1,1,1,1,1,1,1,1,1
1,1,1,1,1,1,1,1,1,1
1,1,1,1,1,1,1,1,1,1
1,1,1,1,0.990936,1,1,1,1,1
1,1,1,1,0.9809299,1,1,1,1,1
1,1,1,1,0.9709181,1,1,1,1,1
1,1,1,1,0.9609009,1,1,1,1,1
1,1,1,1,0.9508785,1,1,1,1,1
1,1,1,1,0.940851,1,1,1,1,1
1,1,1,1,0.9308189,1,1,1,1,1
0.9826914,1,1,1,0.9207823,1,1,1,1,1
0.9067591,1,1,1,0.9106616,1,1,1,1,2
0.8792489,1,1,1,0.9002137,1,1,1,1,2
0.8789135,1,1,1,0.8896745,1,1,1,1,2
0.8786642,1,1,1,0.8791651,1,1,1,1,2
0.8785005,1,1,1,0.8686857,1,1,1,1,2
0.8784216,1,1,1,0.8582367,1,1,1,1,2
0.8784266,1,1,1,0.8478208,1,1,1,1,2
0.8785143,1,1,1,0.8498316,1,1,1,1,2
0.8786767,0.9949502,1,1,0.9034198,1,1,1,1,2
0.8789152,0.9705604,1,1,1,1,1,1,1,2
0.879331,0.9458936,1,1,1,1,1,1,1,2
0.8799957,0.9206621,1,1,1,1,1,1,1,2
0.8809344,0.8949748,1,1,1,1,1,1,1,2
0.8821729,0.868947,1,0.7929779,1,1,1,1,1,2
0.8841384,0.8407396,1,0.7809346,1,1,1,1,1,2
0.8865194,0.8125928,1,0.7689168,1,1,1,1,1,2
0.8893422,0.7846562,1,0.7569554,1,1,1,1,1,2
1,0.7925431,1,0.7450826,1,1,1,1,1,2
1,0.7985126,1,0.73395,1,1,1,1,1,2
1,0.8045568,1,0.7229252,1,1,1,1,1,2
1,0.8106581,1,0.7120035,1,1,1,1,1,2
1,0.8168067,1,0.7011774,1,1,1,1,1,2
1,0.8229893,1,0.6904395,1,1,1,1,1,2
1,0.8291926,1,0.679783,1,1,1,1,1,2
1,0.8354082,1,0.6692044,1,1,1,1,1,2
1,0.8416192,1,0.6586944,1,1,1,1,1,2
1,0.8478176,1,0.6804135,1,1,1,1,1,2
1,0.853875,1,0.7319047,1,1,1,1,1,2
1,0.8596888,1,1,1,1,1,1,1,1
1,0.8645678,1,1,1,1,1,1,1,1
1,0.8694171,1,1,1,1,1,1,1,1
0.9992088,0.8742348,1,1,1,1,1,1,1,1
0.9615286,0.8790424,1,1,1,1,1,1,1,2
0.9214487,0.8851841,1,1,1,1,1,1,1,2
0.8793792,0.8927895,1,0.9957822,1,1,1,1,1,2
0.8357992,1,0.584215,0.9853986,0.9913289,1,1,1,1,2
0.7864221,1,0.5716414,0.9749318,0.9828228,1,1,1,1,2
0.736829,1,0.5589571,0.9645788,0.9747022,1,1,1,1,2
0.6878124,1,0.546238,0.9544135,0.9670233,1,1,1,1,2
0.6874815,1,0.5335621,0.9445108,1,1,1,1,1,2
0.6952428,1,0.521189,0.9349045,1,1,1,1,1,2
0.7032794,1,0.5091715,0.925567,1,1,1,1,1,2
0.7115605,1,0.4974782,0.9164621,1,1,1,1,1,2
0.7200483,1,0.4860795,0.9075548,1,1,1,1,1,2
0.7287083,1,0.5243083,0.8988125,1,1,1,1,1,2
0.737342,1,1,0.8901759,1,1,1,1,1,2
0.7445215,1,1,0.8813156,1,1,1,1,1,2
0.7517585,1,1,0.8724969,1,1,1,1,1,2
0.7590377,1,1,0.8637067,1,1,1,1,1,2
0.766344,1,1,0.8549391,1,1,1,1,1,2
0.7736593,1,0.8449607,0.8461825,1,1,1,1,1,2
0.7813955,1,0.8345828,0.8375311,1,1,1,1,1,2
0.7891277,1,0.8243386,1,1,1,1,1,1,2
0.7974384,1,0.8141295,1,1,1,1,1,1,2
0.8057925,0.4312255,0.8040422,1,1,1,1,1,1,2
1,0.4157035,0.7933376,1,1,1,1,1,1,2
1,0.4022222,0.7833285,1,1,1,1,1,1,2
1,0.3890572,0.7735085,1,1,1,1,1,1,2
1,0.3762023,0.7638742,1,1,1,1,1,1,2
1,0.363647,0.7544177,1,1,1,1,1,1,2
1,0.3513805,0.745131,1,1,1,1,1,1,2
1,0.3571593,0.7360054,1,1,1,1,1,1,2
1,0.376595,0.7270292,1,1,1,1,1,1,2
1,0.3966469,0.7181826,1,1,1,1,1,1,2
1,0.4172599,0.7094401,1,1,1,1,1,1,2
1,1,0.7007848,1,1,1,1,1,1,1
1,1,0.6918765,1,1,1,1,1,1,1
0.3775419,1,0.6829656,1,1,1,1,1,1,2
0.3571433,1,0.6747774,1,1,1,1,1,1,2
0.3377877,1,1,1,1,1,1,1,1,2
0.3190939,1,1,1,1,1,1,1,1,2
0.3013331,1,1,1,1,1,1,1,1,2
0.3033576,0.6691611,1,1,1,1,1,1,1,2
0.3191556,0.6563911,1,1,1,1,1,1,1,2
0.3361458,0.6441825,1,1,1,1,1,1,1,2
0.3544394,0.6325144,1,1,1,1,1,1,1,2
1,0.6214337,1,1,1,1,1,1,1,1
1,0.6128908,1,1,1,1,1,1,1,1
1,0.6043864,1,1,1,1,1,1,1,1
1,0.5959207,1,1,1,1,1,1,1,1
1,0.5874941,1,1,1,1,1,1,1,1
1,0.5791067,1,1,1,1,1,1,1,1
1,0.5707585,1,1,1,1,1,1,1,1
1,0.5624529,1,1,1,1,1,1,1,1
1,0.5541865,1,1,1,1,1,1,1,1
1,0.5459595,1,1,1,1,1,1,1,1
1,0.5377717,1,1,1,1,1,1,1,1
1,0.5296261,1,1,1,1,1,1,1,1
1,0.5215195,1,1,1,1,1,1,1,1
1,0.5134516,1,1,1,1,1,1,1,1
1,0.5054253,1,1,1,1,1,1,1,1
1,0.508464,1,1,1,1,1,1,1,1
0.5842506,0.5598502,1,1,1,1,1,1,1,2
0.5703066,0.6526347,1,1,1,1,1,1,1,2
0.5570208,1,1,1,1,1,1,1,1,2
0.5447928,1,1,1,1,1,1,1,1,2
0.5328178,1,1,1,1,1,1,1,1,2
0.5210975,1,1,1,1,1,1,1,1,2
0.509636,1,1,1,1,1,1,1,1,2
0.4984333,1,1,1,1,1,1,1,1,2
0.4874878,1,1,1,1,1,1,1,1,2
0.4768012,1,1,1,1,1,1,1,1,2
0.4663705,1,1,1,1,1,1,1,1,2
0.4561961,1,1,1,1,1,1,1,1,2
0.4462702,1,1,1,1,1,1,1,1,2
0.4365922,1,1,1,1,1,1,1,1,2
0.4373012,1,1,1,1,1,1,1,1,2
0.4648878,1,1,1,1,1,1,1,1,2
0.4931359,1,1,1,1,1,1,1,1,2
0.5219629,1,1,1,1,1,1,1,1,2
0.5512858,1,1,1,1,1,1,1,1,2
0.581008,1,1,1,1,1,1,1,1,2
0.6110346,1,1,1,1,1,1,1,1,2
1,1,1,1,1,1,1,1,1,1
1,1,1,1,1,1,1,1,1,1
1,1,1,1,1,1,1,1,1,1
1,1,1,1,1,1,1,1,1,1
1,1,1,1,1,1,1,1,1,1
1,1,1,1,1,1,1,1,1,1
1,1,1,1,1,1,1,1,1,1
1,1,1,1,1,1,1,1,1,1
1,1,1,1,1,1,1,1,1,1
1,1,1,1,1,1,1,1,1,1
1,1,1,1,1,1,1,1,1,1
1,1,1,1,1,1,1,1,1,1
1,1,1,1,1,1,1,1,1,1
1,1,1,1,1,1,1,1,1,1
1,1,1,1,1,1,1,1,1,1
1,1,1,1,1,1,1,1,1,1
1,1,1,1,1,1,1,1,1,1
1,1,1,1,1,1,1,1,1,1
1,1,1,1,1,1,1,1,1,1
1,1,1,1,1,1,1,1,1,1
1,1,1,1,1,1,1,1,1,1
1,1,1,1,1,1,1,1,1,1
1,1,1,1,1,1,1,1,1,1
1,0.9997298,1,1,1,1,1,1,1,1
1,0.9936563,1,1,1,1,1,1,1,1
1,0.9875824,1,1,1,1,1,1,1,1
1,0.981505,1,1,1,1,1,1,1,1
1,0.975427,1,1,1,1,1,1,1,1
1,0.9693485,1,1,1,1,1,1,1,1
1,0.9632695,1,1,1,1,1,1,1,1
1,0.95719,1,1,1,1,1,1,1,1
1,0.9511102,1,1,1,1,1,1,1,1
1,0.9450268,1,1,1,1,1,1,1,1
1,0.9389429,1,1,1,1,1,1,1,1
1,0.9328586,1,1,1,1,1,1,1,1
1,0.926774,1,1,1,1,1,1,1,1
1,0.9206859,1,1,1,1,1,1,1,1
1,0.9145975,1,1,1,1,1,1,1,1
1,0.9085056,1,1,1,1,1,1,1,1
1,0.9024135,1,1,1,1,1,1,1,1
1,0.896318,1,1,1,1,1,1,1,1
1,0.8902221,1,1,1,1,1,1,1,1
1,0.884123,1,1,1,1,1,1,1,1
1,0.8780235,1,1,1,1,1,1,1,1
1,0.8719209,1,1,1,1,1,1,1,1
1,0.8658179,1,1,1,1,1,1,1,1
0.9298491,0.8597118,1,1,1,1,1,1,1,1
0.9229279,0.8536534,1,1,1,1,1,1,1,1
0.9159875,0.8476079,1,1,1,1,1,1,1,1
0.9090294,1,1,1,1,1,1,1,1,1
0.9019423,1,1,1,1,1,1,1,1,1
0.8948394,1,1,1,1,1,1,1,1,1
0.8877258,1,1,1,1,1,1,1,1,1
0.8806001,1,1,1,1,1,1,1,1,1
0.8734671,1,1,1,1,1,1,1,1,1
0.866329,1,1,1,1,1,1,1,1,1
0.8591906,1,1,1,1,1,1,1,1,1
0.8520538,1,1,1,1,1,1,1,1,1
0.8449208,1,1,1,1,1,1,1,1,1
0.837793,1,1,1,1,1,1,1,1,1
0.8306726,1,1,1,1,1,1,1,1,1
0.8235646,1,1,1,1,1,1,1,1,1
0.816471,1,1,1,1,1,1,1,1,1
0.8093936,1,1,1,1,1,1,1,1,1
0.8023373,1,1,1,1,1,1,1,1,1
0.7953039,1,1,1,1,1,1,1,1,1
0.7882951,1,1,1,1,1,1,1,1,1
0.7813128,1,1,1,1,1,0.7622662,1,1,0
0.7770568,1,1,1,1,1,0.702304,1,1,0
0.7734239,1,1,1,1,1,0.6383392,1,1,0
0.7704813,1,1,1,1,1,0.6200892,1,1,0
0.7676868,1,1,1,1,1,0.6135193,1,1,0
0.7648991,1,1,1,1,1,0.6070932,1,1,0
0.7621111,1,1,1,1,1,0.6008059,1,1,0
0.7593214,1,1,1,1,1,0.5946609,1,1,0
0.7565252,1,1,1,1,1,0.5886521,1,1,0
0.7537166,1,1,1,1,1,0.5827831,1,1,0
0.7508933,1,1,1,1,1,0.5770473,1,1,0
0.7480487,1,1,1,1,1,0.5714446,1,1,0
0.7451755,1,1,1,1,1,0.5659715,1,1,0
0.7422664,1,1,1,1,1,1,1,1,2
0.7324116,1,1,1,1,1,1,1,1,2
0.7226161,1,1,1,1,1,1,1,1,2
0.7128886,1,1,1,1,1,1,1,1,2
0.7032372,1,1,1,1,1,1,1,1,2
0.6936666,1,1,1,1,1,1,1,1,2
0.684181,1,1,1,1,1,1,1,1,2
0.6747878,1,1,1,1,1,1,1,1,2
0.6654871,1,1,1,1,1,1,1,1,2
0.656289,1,1,1,1,1,1,1,1,2
0.6695331,1,1,1,1,1,1,1,1,2
0.6962073,1,1,1,1,1,1,1,1,2
0.7228132,1,1,1,1,1,1,1,1,2
0.7492718,1,1,1,1,1,1,1,1,2
0.7755053,1,1,1,1,1,1,1,1,1
0.8014383,1,1,1,1,1,1,1,1,1
0.8269981,1,1,1,1,1,1,1,1,1
0.8521153,1,1,1,1,1,1,1,1,1
0.8767248,1,1,1,1,1,1,1,1,1
0.9007666,1,1,1,1,1,1,1,1,1
0.9241924,1,1,1,1,1,1,0.387318,1,0
0.900009,1,1,1,1,1,1,0.3778472,1,0
0.8780289,1,1,1,1,1,1,0.3687518,1,0
0.8579559,1,1,1,1,1,1,0.3600194,1,0
0.8395385,1,1,1,1,1,1,0.3516416,1,0
0.8225783,1,1,1,1,1,1,0.343605,1,0
0.806903,1,1,1,1,1,1,0.3359001,1,0
0.7923597,1,1,1,1,1,1,0.3285212,1,0
0.7788291,1,1,1,1,1,1,0.3214574,1,0
0.7662036,1,1,1,1,1,1,1,1,2
0.7844013,1,1,1,1,1,1,1,1,2
0.8024217,1,1,1,1,1,1,1,0.3371473,0
0.7900729,1,1,1,1,1,1,1,0.3266389,0
0.7782496,0.9983617,1,1,1,1,1,1,0.3166048,0
0.7669488,0.9944504,1,1,1,1,1,1,0.3070388,0
0.7561768,0.9908332,1,1,1,1,1,1,0.2979316,0
0.745918,0.9875089,1,1,1,1,1,1,0.2892711,0
0.7361838,0.984472,1,1,1,1,1,1,0.2810482,0
0.7269695,0.9817131,1,1,1,1,1,1,0.2850315,0
0.7184963,1,1,1,1,1,1,1,0.3327684,0
0.7118751,1,1,1,1,1,1,1,0.3852662,0
0.7071909,1,1,1,1,1,1,1,1,2
0.7207006,1,1,1,1,1,1,1,1,2
0.7342476,0.9487303,1,1,1,1,1,1,1,2
0.7483675,0.9370551,1,1,1,1,1,1,1,2
0.7626169,0.9256573,1,1,1,1,1,1,1,2
0.7769755,0.9145228,1,1,1,1,1,1,1,2
0.7914137,0.9036347,1,1,1,1,1,1,1,2
0.805906,0.8929765,1,1,1,1,1,1,1,2
0.820432,0.8825356,1,1,1,1,1,1,1,2
0.8349617,0.8722998,1,1,1,1,1,1,1,2
0.8494707,0.8622546,1,1,1,1,1,1,1,2
0.8639342,0.852389,1,1,1,1,1,1,1,2
0.8783334,0.8426896,1,1,1,1,1,1,1,2
1,0.8331434,1,1,1,1,1,1,1,1
1,0.8243351,1,1,1,1,1,1,1,1
1,0.8155329,1,1,1,1,1,1,1,1
1,0.8067382,1,1,1,1,1,1,1,1
1,0.797949,1,1,1,1,1,1,1,1
1,0.7891697,1,1,1,1,1,1,1,1
1,0.7804047,1,1,1,1,1,1,1,1
1,0.7716519,1,1,1,1,1,1,1,1
1,0.7629123,1,1,1,1,1,1,1,1
1,0.7541903,1,1,1,1,1,1,1,1
1,0.7454868,1,1,1,1,1,1,1,1
1,0.7367998,1,1,1,1,1,1,1,1
1,0.7281333,1,1,1,1,1,1,1,1
1,0.7194913,1,1,1,1,1,1,1,1
1,0.7108716,1,1,1,1,1,1,1,1
1,0.7022752,1,1,1,1,1,1,1,1
1,0.7116749,1,1,1,1,1,1,1,1
1,0.7484978,1,1,1,1,1,1,1,1
1,0.784992,1,1,1,1,1,1,1,1
1,0.8210014,1,1,1,1,1,1,1,1
0.809199,0.8563755,1,1,1,1,1,1,1,2
0.7957096,0.9118082,1,1,1,1,1,1,1,2
0.7825377,0.9698391,1,1,1,1,1,1,1,2
0.7696685,1,1,1,1,1,1,1,1,2
0.7569604,1,1,1,1,1,1,1,1,2
0.744284,1,1,1,1,1,1,1,1,2
0.7316564,1,1,1,1,1,1,1,1,2
0.7190941,1,1,1,1,1,1,1,1,2
0.7066094,1,1,1,1,1,1,1,1,2
0.6942177,1,1,1,1,1,1,1,1,2
0.6819339,1,1,1,1,1,1,1,1,2
0.6697678,1,1,1,1,1,1,1,1,2
0.6577291,1,1,1,1,1,1,1,1,2
0.6458299,1,1,1,1,1,1,1,1,2
0.6340817,1,1,1,1,1,1,1,1,2
0.6224914,1,1,1,1,1,1,1,1,2
0.6110684,1,1,1,1,1,1,1,1,2
0.5998181,1,1,1,1,1,1,1,1,2
0.5996398,1,1,1,1,1,1,1,1,2
0.6230788,1,1,1,1,1,1,1,1,2
0.6466745,1,1,1,1,1,1,1,1,2
0.67036,1,1,1,1,1,1,1,1,2
0.694074,1,1,1,1,1,1,1,1,2
0.7177476,1,1,1,1,1,1,1,1,2
0.7413191,1,1,1,1,1,1,1,1,2
0.7647266,1,1,1,1,1,1,1,1,2
0.7879109,1,1,1,1,1,1,1,1,1
0.8108136,1,1,1,1,1,1,1,1,1
0.833379,1,1,1,1,1,1,1,1,1
1,1,1,1,1,1,1,1,1,1
1,1,1,1,1,1,1,1,1,1
1,1,1,1,1,1,1,1,1,1
1,1,1,1,1,1,1,1,1,1
1,1,1,1,1,1,1,1,1,1
1,1,1,1,1,1,1,1,1,1
1,1,1,1,1,1,1,1,1,1
1,1,1,1,1,1,1,1,1,1
1,1,1,1,1,1,1,1,1,1
1,1,1,1,1,1,1,1,1,1
1,1,1,1,1,1,1,1,1,1
1,1,1,1,1,1,1,1,1,1
1,1,1,1,1,1,1,1,1,1
1,1,1,1,1,1,1,1,1,1
1,1,1,1,1,1,1,1,1,1
1,1,1,1,1,1,1,1,1,1
1,1,1,1,1,1,1,1,1,1
1,1,1,1,1,1,1,1,1,1
1,1,1,1,1,1,1,1,1,1
1,1,1,1,1,1,1,1,1,1
1,1,1,1,1,1,1,1,1,1
1,1,1,1,1,1,1,1,1,1
1,1,1,1,1,1,1,1,1,1
1,1,1,1,1,1,1,1,1,1
1,1,1,1,1,1,1,1,1,1
1,1,1,1,1,1,1,1,1,1
1,1,1,1,1,1,1,1,1,1
1,1,1,1,1,1,1,1,1,1
1,1,1,1,1,1,1,1,1,1
1,1,1,1,1,1,1,1,1,1
1,1,1,1,1,1,1,1,1,1
1,1,1,1,1,1,1,1,1,1
1,1,1,1,1,1,1,1,1,1
1,1,1,1,1,1,1,1,1,1
1,1,1,1,1,1,1,1,1,1
1,1,1,1,1,1,1,1,1,1
1,1,1,1,1,1,1,1,1,1
1,1,1,1,1,1,1,1,1,1
1,1,1,1,1,1,1,1,1,1
1,1,1,1,1,1,1,1,1,1
1,1,1,1,1,1,1,1,1,1
1,1,1,1,1,1,1,1,1,1
1,1,1,1,1,1,1,1,1,1
1,1,1,1,1,1,1,1,1,1
1,1,1,1,1,1,1,1,1,1
1,1,1,1,1,1,1,1,1,1
1,1,1,1,1,1,1,1,1,1
1,1,1,1,1,1,1,1,1,1
1,1,1,1,1,1,1,1,1,1
1,1,1,1,1,1,1,1,1,1
1,1,1,1,1,1,1,1,1,1
1,1,1,1,1,1,1,1,1,1
1,1,1,1,1,1,1,1,1,1
1,1,1,1,1,1,1,1,1,1
1,1,1,1,1,1,1,1,1,1
1,1,1,1,1,1,1,1,1,1
1,1,1,1,1,1,1,1,1,1
1,1,1,1,1,1,1,1,1,1
1,1,1,1,1,1,1,1,1,1
1,1,1,1,1,1,1,1,1,1
1,1,1,1,1,1,1,1,1,1
1,1,1,1,1,1,1,1,1,1
1,1,1,1,1,1,1,1,1,1
1,1,1,1,1,1,1,1,1,1
1,1,1,1,1,1,1,1,1,1
1,1,1,1,1,1,1,1,1,1
1,1,1,1,1,1,1,1,1,1
1,1,1,1,1,1,1,1,1,1
1,1,1,1,1,1,1,1,1,1
1,1,1,1,1,1,1,1,1,1
1,1,1,1,1,1,1,1,1,1
1,1,1,1,1,1,1,1,1,1
1,1,1,1,1,1,1,1,1,1
1,1,1,1,1,1,1,1,1,1
1,1,1,1,1,1,1,1,1,1
1,1,1,1,1,1,1,1,1,1
1,1,1,1,1,1,1,1,1,1
1,1,1,1,1,1,1,1,1,1
1,1,1,1,1,1,1,1,1,1
1,1,1,1,1,1,1,1,1,1
1,1,1,1,1,1,1,1,1,1
1,1,1,1,1,1,1,1,1,1
1,1,1,1,1,1,1,1,1,1
1,1,1,1,1,1,1,1,1,1
1,1,1,1,1,1,1,1,1,1
1,1,1,1,1,1,1,1,1,1
1,1,1,1,1,1,1,1,1,1
1,1,1,1,1,1,1,1,1,1
1,1,1,1,1,1,1,1,1,1
1,1,1,1,1,1,1,1,1,1
1,1,1,1,1,1,1,1,1,1
1,1,1,1,1,1,1,1,1,1
1,1,1,1,1,1,1,1,1,1
1,1,1,1,1,1,1,1,1,1
1,1,1,1,1,1,1,1,1,1
1,1,1,1,1,1,1,1,1,1
1,1,1,1,1,1,1,1,1,1
1,1,1,1,1,1,1,1,1,1
1,1,1,1,1,1,1,1,1,1
1,1,1,1,1,1,1,1,1,1
1,1,1,1,1,1,1,1,1,1
1,1,1,1,1,1,1,1,1,1
1,1,1,1,1,1,1,1,1,1
1,1,1,1,1,1,1,1,1,1
1,1,1,1,1,1,1,1,1,1
1,1,1,1,1,1,1,1,1,1
1,1,1,1,1,1,1,1,1,1
1,1,1,1,1,1,1,1,1,1
1,1,1,1,1,1,1,1,1,1
1,1,1,1,1,1,1,1,1,1
1,1,1,1,1,1,1,1,1,1
1,1,1,1,1,1,1,1,1,1
1,1,1,1,1,1,1,1,1,1
1,1,1,1,1,1,1,1,1,1
1,1,1,1,1,1,1,1,1,1
1,1,1,1,1,1,1,1,1,1
1,1,1,1,1,1,1,1,1,1
1,1,1,1,1,1,1,1,1,1
1,1,1,1,1,1,1,1,1,1
1,1,1,1,1,1,1,1,1,1
1,1,1,1,1,1,1,1,1,1
1,1,1,1,1,1,1,1,1,1
1,1,1,1,1,1,1,1,1,1
1,1,1,1,1,1,1,1,1,1
1,1,1,1,1,1,1,1,1,1
1,1,1,1,1,1,1,1,1,1
1,1,1,1,1,1,1,1,1,1
1,1,1,1,1,1,1,1,1,1
1,1,1,1,1,1,1,1,1,1
1,1,1,1,1,1,1,1,1,1
1,1,1,1,1,1,1,1,1,1
1,1,1,1,1,1,1,1,1,1
1,1,1,1,1,1,1,1,1,1
1,1,1,1,1,1,1,1,1,1
1,0.9954593,1,1,1,1,1,1,1,1
1,0.979731,1,1,1,1,1,1,1,1
1,0.9634292,1,1,1,1,1,1,1,1
1,0.9465656,1,1,1,1,1,1,1,1
1,0.9291573,1,1,1,1,1,1,1,1
1,0.9112266,1,1,1,1,1,1,1,1
1,0.8928018,1,1,1,1,1,1,1,1
1,0.873916,1,1,1,1,1,1,1,1
1,0.8546126,1,1,1,1,1,1,1,2
1,0.8349301,1,1,1,1,1,1,1,2
1,0.8149158,1,1,1,1,1,1,1,2
1,0.7946251,1,1,1,1,1,1,1,2
1,0.7741114,1,1,1,1,1,1,1,2
1,0.7713594,1,1,1,1,1,1,1,2
1,0.7771246,1,1,1,1,1,1,1,2
1,0.7829369,1,1,1,1,1,1,1,2
1,0.7887834,1,1,1,1,1,1,1,2
1,0.79466,1,1,1,1,1,1,1,2
1,0.8005584,1,1,1,1,1,1,1,2
1,0.8064743,1,1,1,1,1,1,1,2
1,0.8123953,1,1,1,1,1,1,1,2
1,0.818322,1,1,1,1,1,1,1,2
1,0.8242418,1,1,1,1,1,1,1,2
1,0.8301511,1,1,1,1,1,1,1,2
1,0.8360421,1,1,1,1,1,1,1,2
1,0.8419071,1,1,1,1,1,1,1,2
1,0.8477433,1,1,1,1,1,1,1,2
0.9832065,0.8535427,1,1,1,1,1,1,1,2
0.9456917,0.8599211,1,1,1,1,1,1,1,2
0.9063755,0.8676687,1,1,1,1,1,1,1,2
0.8656722,0.8768992,1,1,1,1,1,1,1,2
0.8240263,0.8877373,1,1,1,1,1,1,1,2
0.7819129,1,1,1,1,1,1,1,1,2
0.7441651,1,1,1,1,1,1,1,1,2
0.7057463,1,1,1,1,1,1,1,1,2
0.6670435,1,1,1,1,1,1,1,1,2
0.6658162,1,1,1,1,1,1,1,1,2
0.6724819,1,1,1,1,1,1,1,1,2
0.6793568,1,1,1,1,1,1,1,1,2
0.6864303,1,1,1,1,1,1,1,1,2
0.6936885,1,1,1,1,1,1,1,1,2
0.7011238,1,1,1,1,1,1,1,1,2
0.7087215,1,1,1,1,1,1,1,1,2
0.7164702,1,1,1,1,1,1,1,1,2
0.724358,1,1,1,1,1,1,1,1,2
0.7323735,1,1,1,1,1,1,1,1,2
0.7405007,1,1,1,1,1,1,1,1,2
0.7487314,1,1,1,1,1,1,1,1,2
0.7570494,1,1,1,1,1,1,1,1,2
0.7654426,1,1,1,1,1,1,1,1,2
0.7738987,1,1,1,1,1,1,1,1,2
0.7824055,1,1,1,1,1,1,1,1,2
0.7909507,1,1,1,1,1,1,1,1,2
1,1,1,1,1,1,1,1,1,1
1,1,1,1,1,1,1,1,1,1
1,1,1,1,1,1,1,1,1,1
1,1,1,1,1,1,1,1,1,1
1,1,1,1,1,1,1,1,1,1
1,1,1,1,1,1,1,1,1,1
1,1,1,1,1,1,1,1,1,1
1,1,1,1,1,1,1,1,1,1
1,1,1,1,1,1,1,1,1,1
1,1,1,1,1,1,1,1,1,1
1,1,1,1,1,1,1,1,1,1
1,1,1,1,1,1,1,1,1,1
1,1,1,1,1,1,1,1,1,1
1,1,1,1,1,1,1,1,1,1
1,1,1,1,1,1,1,1,1,1
1,1,1,1,1,1,1,1,1,1
1,1,1,1,1,1,1,1,1,1
1,1,1,1,1,1,1,1,1,1
1,1,1,1,1,1,1,1,1,1
1,1,1,1,1,1,1,1,1,1
1,1,1,1,1,1,1,1,1,1
1,1,1,1,1,1,1,1,1,1
1,1,1,1,1,1,1,1,1,1
1,1,1,1,1,1,1,1,1,1
1,1,1,1,1,1,1,1,1,1
1,1,1,1,1,1,0.8593453,1,1,0
1,1,1,1,1,1,0.8421316,1,1,0
1,1,1,1,1,1,0.8246343,1,1,0
1,1,1,1,1,1,0.806888,1,1,0
1,1,1,1,1,1,0.7889289,1,1,0
1,1,1,1,1,1,0.7707906,1,1,0
1,1,1,1,1,1,0.7525075,1,1,0
1,1,1,1,1,1,0.7341229,1,1,0
1,1,1,1,1,1,0.7156675,1,1,0
1,1,1,1,1,1,0.7046361,1,1,0
1,1,1,1,1,1,0.7066482,1,1,0
1,1,1,1,1,1,0.708762,1,1,0
1,1,1,1,1,1,0.7109758,1,1,0
1,1,1,1,1,1,0.7132836,1,1,0
1,1,1,1,1,1,0.715684,0.9909388,1,0
1,1,1,1,1,1,0.7184745,0.9511345,1,0
1,1,1,1,1,1,0.722697,0.9525679,1,0
1,1,1,1,1,1,1,0.9540775,1,1
1,1,1,1,1,1,1,0.9521888,1,1
1,1,1,1,1,1,1,0.9503525,1,1
1,1,1,1,1,1,1,0.948568,1,1
1,1,1,1,1,1,1,0.9468346,1,1
1,1,1,1,1,1,1,0.9451548,1,1
1,1,1,1,1,1,1,0.9435248,1,1
1,1,1,1,1,1,1,0.9419473,1,1
1,1,1,1,1,1,1,0.9404215,1,1
1,1,1,1,1,1,1,0.938947,1,1
1,1,1,1,1,1,1,0.9375228,1,1
1,1,1,1,1,1,1,0.9361519,1,1
1,1,1,1,1,1,1,0.9348303,1,1
1,1,1,1,1,1,1,0.9335606,1,1
1,1,1,1,1,1,1,0.9323424,1,1
1,1,1,1,1,1,1,0.9311746,1,1
1,1,1,1,1,1,1,0.5927598,1,0
1,1,1,1,1,1,1,0.5560289,1,0
1,1,0.9940346,1,1,1,1,0.5202014,1,0
1,1,0.9884905,1,1,1,1,0.4855447,1,0
1,1,0.9834609,1,1,1,1,0.4885049,1,0
1,1,0.9785651,1,1,1,1,0.4925985,1,0
1,1,0.9737686,1,1,1,1,0.4970181,1,0
1,1,0.9690486,1,1,1,1,0.501754,0.9120011,0
1,1,0.9657065,1,1,1,1,0.508172,0.8262156,0
1,1,0.9629386,1,1,1,1,1,0.8292434,0
1,1,0.9546601,1,1,1,1,1,0.8299576,0
1,1,0.9463015,1,1,1,1,1,0.8307395,0
1,1,0.9378597,0.9956514,1,1,1,1,0.8315786,0
1,1,0.9293152,0.9587933,1,1,1,1,0.8324656,0
1,1,0.9205826,0.9269291,1,1,1,1,0.833351,0
1,1,0.9116627,0.8992683,1,1,1,1,0.5250034,0
1,1,0.9077962,0.8349577,1,1,1,1,0.4533049,0
1,1,0.9050905,0.8277985,1,1,1,1,0.4264134,0
1,1,0.9029851,0.8210167,1,1,1,1,0.4294141,0
1,1,0.9009291,0.8144004,1,1,1,1,0.4327439,0
1,1,0.898883,0.8079173,1,1,1,1,0.4363859,0
1,1,0.8968107,0.8015391,1,1,1,1,0.440326,0
1,1,0.8946694,0.7952321,1,1,1,1,0.4445432,0
1,1,0.8924201,0.788967,1,1,1,1,0.8818697,1
1,1,0.8803653,0.77844,1,1,1,1,0.8830967,1
1,1,0.8680732,0.7678092,1,1,1,1,0.8841511,1
1,1,0.8555564,0.7570788,1,1,1,1,1,2
1,1,0.8404731,0.7452289,1,1,1,1,1,2
1,1,0.825333,0.7333592,1,1,1,1,1,2
1,1,0.8101646,0.7214854,1,1,1,1,1,2
1,1,0.794989,0.7096159,1,1,1,1,1,2
1,1,0.7798326,0.6977655,1,1,1,1,1,2
1,1,0.7647139,0.6859413,1,1,1,1,1,2
1,1,0.7496569,0.6741564,1,1,1,1,1,2
1,1,0.7346805,0.6624196,1,1,1,1,1,2
1,1,0.719802,0.6507388,1,1,1,1,1,2
1,1,0.7050365,0.639121,1,1,1,1,1,2
1,1,0.6904008,0.6275749,1,1,1,1,1,2
1,1,0.6759065,0.6161054,1,1,1,1,1,2
1,1,0.661563,0.6288412,1,1,1,1,1,2
1,1,0.6474434,0.6588929,1,1,1,1,1,2
1,1,0.6335754,0.6916821,1,1,1,1,1,2
1,1,0.6199487,0.7274802,1,1,1,1,1,2
1,1,0.60655,0.7665923,1,1,1,1,1,2
1,1,0.5933695,0.8093213,1,1,1,1,1,2
1,1,0.5803946,0.8560497,1,1,1,1,1,2
1,1,0.5676098,0.9071649,1,1,1,1,1,2
1,0.7585049,0.5550066,1,1,1,1,1,1,2
1,0.7322024,0.5410073,1,1,1,1,1,1,2
1,0.7063824,0.5271598,1,1,1,1,1,1,2
1,0.6811414,0.5134999,1,1,1,1,1,1,2
1,0.6565496,0.5000519,1,1,1,1,1,1,2
0.9557912,0.632665,0.4868379,1,1,1,1,1,1,2
0.9471828,0.6085948,0.4736312,1,1,1,1,1,1,2
0.9570333,0.5852967,0.487732,1,1,1,1,1,1,2
0.967363,0.5632831,0.5297459,1,1,1,1,1,1,2
0.9779841,0.5425752,0.5770673,1,1,1,1,1,1,2
0.9888239,0.5230452,0.6302716,1,1,1,1,1,1,2
0.9998099,0.5045679,0.6899692,1,1,1,1,1,1,2
1,0.4870361,0.7568337,1,1,1,1,1,1,2
1,0.470218,0.8334654,1,1,1,1,1,1,2
1,0.4540534,1,1,1,1,1,1,0.866007,2
1,0.4402675,1,1,1,1,1,1,1,2
0.6737902,0.425063,1,1,1,1,1,1,0.9135319,2
0.6345949,0.408233,1,1,1,1,1,1,0.7957731,2
0.6013604,0.392915,1,1,1,1,1,1,0.7933642,2
0.5693628,0.3779099,1,1,1,1,1,1,0.7910767,2
0.5387273,0.363267,1,1,1,1,1,1,0.7889323,2
0.5095335,0.3691234,1,1,1,1,1,1,0.7869433,2
0.4820523,0.3925872,1,1,1,1,1,1,0.7850789,2
0.4563783,0.4182887,1,1,1,1,1,1,0.7832904,2
0.4323686,0.4463867,1,1,1,1,1,1,0.7815523,2
0.4098891,0.4770305,1,1,1,1,1,1,0.7798425,2
0.3888072,0.5103878,1,1,1,1,1,1,0.7781307,2
0.368998,0.5466112,1,1,1,1,1,1,0.7763917,2
0.3503455,0.585868,1,1,1,1,1,1,0.7745938,2
0.3327429,0.6282932,1,1,1,1,1,1,0.7727152,2
0.3160881,0.6740385,1,1,1,1,1,1,0.7707254,2
0.3227779,1,1,1,1,1,1,1,0.7686017,2
0.3344617,1,1,1,1,1,1,1,0.765322,2
0.3463097,1,1,1,1,1,1,1,0.7618501,2
0.3582911,1,1,1,1,1,1,1,0.7581801,2
0.3703691,1,1,1,1,1,1,1,0.7543101,2
0.3825145,1,1,1,1,1,1,1,0.7502339,2
0.3946972,1,1,1,1,1,1,1,0.7459464,2
0.4068766,1,1,1,1,1,1,1,0.7414504,2
0.4190212,1,1,1,1,1,1,1,0.7367437,2
0.4310941,1,1,1,1,1,1,1,0.731829,2
0.4430634,1,1,1,1,1,1,1,0.7267067,1
0.4548929,1,1,1,1,1,1,1,0.7213821,1
0.4665513,1,1,1,1,1,1,1,0.7158582,1
0.4780038,1,1,1,1,1,1,1,0.7212484,1
0.4894988,1,1,1,1,1,1,1,0.7376691,1
0.5013156,1,1,1,1,1,1,1,0.753275,1
0.5134448,1,1,1,1,1,1,1,0.76813,1
0.5258825,1,1,1,1,1,1,1,0.7822915,1
0.5386194,1,1,1,1,1,1,1,0.7958156,1
0.5516517,1,1,1,1,1,1,1,0.8087736,1
0.5649711,1,1,1,1,1,1,1,0.8212164,1
0.5785691,1,1,1,1,1,1,1,0.8331999,1
0.5924377,1,1,1,1,1,1,1,0.8447684,1
1,1,1,1,1,1,1,1,0.8559772,0
1,1,1,1,1,1,1,1,0.8859408,0
1,1,1,1,1,1,1,1,0.9143715,1
1,1,1,1,1,1,1,1,0.9410847,1
1,1,1,1,1,1,1,1,0.9659504,1
1,1,1,1,1,1,1,1,0.9888891,1
1,1,1,1,1,1,1,1,1,1
1,1,1,1,1,1,1,1,1,1
1,1,1,1,1,1,1,1,1,1
1,1,1,1,1,1,1,1,1,1
1,1,1,1,1,1,1,1,1,1
1,1,1,1,1,1,1,1,1,1
1,1,1,1,1,1,1,1,1,1
1,1,1,1,1,1,1,1,1,1
1,1,1,1,1,1,1,1,1,1
1,1,1,1,1,1,1,1,1,1
1,1,1,1,1,1,1,1,1,1
1,1,1,1,1,1,1,1,1,1
1,1,1,1,1,1,1,1,1,1
1,1,1,1,1,1,1,1,1,1
1,1,1,1,1,1,1,1,1,1
1,1,1,1,1,1,1,1,1,1
1,1,1,1,1,1,1,1,1,1
1,1,1,1,1,1,1,1,1,1
1,1,1,1,1,1,1,1,1,1
1,1,1,1,1,1,1,1,1,1
1,1,1,1,1,1,1,1,1,1
1,1,1,1,1,1,1,0.995955,1,1
1,1,1,1,1,1,1,0.9897834,1,1
1,1,1,1,1,1,1,0.9836233,1,1
1,1,1,1,1,1,1,0.9774747,1,1
1,1,1,1,1,1,1,1,1,1
1,1,1,1,1,1,1,1,1,1
1,1,1,1,1,1,1,1,1,1
1,1,1,1,1,1,1,1,1,1
1,1,1,1,1,1,1,1,1,1
1,1,1,1,1,1,1,1,1,1
1,1,1,1,1,1,1,1,1,1
1,1,1,1,1,1,1,1,1,1
1,1,1,1,1,1,1,1,1,1
1,1,1,1,1,1,1,1,0.9945052,1
1,1,1,1,1,1,1,1,0.9877253,1
1,1,1,1,1,1,1,1,0.9808444,1
1,1,1,1,1,1,1,1,0.9738638,1
1,1,1,1,1,1,1,1,0.9667847,1
1,1,1,1,1,1,1,1,0.9596119,1
1,1,1,1,1,1,1,1,0.9523544,1
1,1,1,1,1,1,1,1,0.945011,1
1,1,1,1,1,1,1,1,0.9375911,1
1,1,1,1,1,1,1,1,0.9300979,1
1,1,1,1,1,1,1,1,0.9225376,1
1,1,1,1,1,1,1,1,0.9149175,1
1,1,1,1,1,1,1,1,0.9072448,1
1,1,1,1,1,1,1,1,0.8995237,1
1,1,1,1,1,1,1,1,0.8917623,0
1,1,1,1,1,1,1,1,0.8839719,0
1,1,1,1,1,1,1,1,0.8761575,0
1,1,1,1,1,1,1,1,0.8683248,0
1,1,1,1,1,1,1,1,0.8604857,0
1,1,1,1,1,1,1,1,0.8526494,0
1,1,1,1,1,1,1,1,0.8448251,0
1,1,1,1,1,1,1,1,0.8370191,0
1,1,1,1,1,1,1,1,0.8292441,0
1,1,1,1,1,1,1,1,0.8215068,0
1,1,1,1,1,1,1,1,0.8138168,0
1,1,1,1,1,1,1,1,0.8061873,0
1,1,1,1,1,1,1,1,0.8500266,0
1,1,1,1,1,1,1,1,0.8958262,1
1,1,1,1,1,1,1,1,0.9378393,1
1,1,1,1,1,1,1,1,0.9755662,1
1,1,1,1,1,1,1,1,1,1
1,1,1,1,1,1,1,1,1,1
1,1,1,1,1,1,1,1,1,1
1,1,1,1,1,1,1,1,1,1
1,1,1,1,1,1,1,1,1,1
1,1,1,1,1,1,1,1,1,1
1,1,1,1,1,1,1,1,1,1
1,1,1,1,1,1,1,1,1,1
1,1,1,1,1,1,1,1,1,1
1,1,1,1,1,1,1,1,1,1
1,1,1,1,1,1,1,1,1,1
1,1,1,1,1,1,1,1,1,1
1,1,1,1,1,1,1,1,1,1
1,1,1,1,1,1,1,1,1,1
1,1,1,1,1,1,1,1,1,1
1,1,1,1,1,1,1,1,1,1
1,1,1,1,1,1,1,1,1,1
1,1,1,1,1,1,1,1,1,1
1,1,1,1,1,1,1,1,1,1
1,1,1,1,1,1,1,1,1,1
1,1,1,1,1,1,1,1,1,1
1,1,1,1,1,1,1,1,1,1
1,1,1,1,1,1,1,1,1,1
1,1,1,1,1,1,1,1,1,1
1,1,1,1,1,1,1,1,1,1
1,1,1,1,1,1,1,1,1,1
1,1,1,1,1,1,1,1,1,1
1,1,1,1,1,1,1,1,1,1
1,1,1,1,1,1,1,1,1,1
1,1,1,1,1,1,1,1,1,1
1,1,1,1,1,1,1,1,1,1
1,1,1,1,1,1,1,1,1,1
1,1,1,1,1,1,1,1,1,1
1,1,1,1,1,1,1,1,1,1
0.9894293,1,1,1,1,1,1,1,1,1
0.9773995,1,1,1,1,1,1,1,1,1
0.9650643,1,1,1,1,1,1,1,1,1
0.9524339,1,1,1,1,1,1,1,1,1
0.9395159,1,1,1,1,1,1,1,1,1
0.9263244,1,1,1,1,1,1,1,1,1
0.9128752,1,1,1,1,1,1,1,1,1
0.8991815,1,1,1,1,1,1,1,1,1
0.8859329,1,1,1,1,1,1,1,1,1
0.8969812,1,1,1,1,1,1,1,1,1
0.9078306,1,1,1,1,1,1,1,1,1
0.9184699,1,1,1,1,1,1,1,1,1
0.9288882,1,1,1,1,1,1,1,1,1
0.9390808,1,1,1,1,1,1,1,1,1
0.9490381,1,1,1,1,1,1,1,1,1
0.9587525,1,1,1,1,1,1,1,1,1
0.9682169,1,1,1,1,1,1,1,1,1
0.9774249,1,1,1,1,1,1,1,1,1
0.9863758,1,1,1,1,1,1,1,1,1
0.9950649,1,1,1,1,1,1,1,1,1
1,1,1,1,1,1,1,1,1,1
1,1,1,1,1,1,1,1,1,1
1,1,1,1,1,1,1,1,1,1
1,1,1,1,1,1,1,1,1,1
1,1,1,1,1,1,1,1,1,1
1,1,1,1,1,1,1,1,1,1
1,1,1,1,1,1,1,1,1,1
1,1,1,1,1,1,1,1,1,1
1,1,1,1,1,1,1,1,1,1
1,1,1,1,1,1,1,1,1,1
1,1,1,1,1,1,1,1,1,1
1,1,1,1,1,1,1,1,1,1
1,1,1,1,1,1,1,1,1,1
1,1,1,1,1,1,1,1,1,1
1,1,1,1,1,1,1,1,1,1
1,1,1,1,1,1,1,1,1,1
1,1,1,1,1,1,1,1,1,1
1,1,1,1,1,1,1,1,1,1
1,1,1,1,1,1,1,1,1,1
1,1,1,1,1,1,1,1,1,1
1,1,1,1,1,1,1,1,1,1
1,1,1,1,1,1,1,1,1,1
1,1,1,1,1,1,1,1,1,1
1,1,1,1,1,1,1,1,1,1
1,1,1,1,1,1,1,1,1,1
1,1,1,1,1,1,1,1,1,1
1,1,1,1,1,1,1,1,1,1
1,1,1,1,1,1,1,1,1,1
1,1,1,1,1,1,1,1,1,1
1,1,1,1,1,1,1,1,1,1
1,1,1,1,1,1,1,1,1,1
1,1,1,1,1,1,1,1,1,1
1,1,1,1,1,1,1,1,1,1
1,1,1,1,1,1,1,0.9990634,1,1
1,1,1,1,1,1,1,0.9935344,1,1
1,1,1,1,1,1,1,0.988035,1,1
1,1,1,1,1,1,1,0.9825648,1,1
1,1,1,1,1,1,1,0.9771266,1,1
1,1,1,1,1,1,1,0.9717233,1,1
1,1,1,1,1,1,1,0.9663551,1,1
1,1,1,1,1,1,1,0.9610251,1,1
1,1,1,1,1,1,1,0.9557334,1,1
1,1,1,1,1,1,1,0.9504837,1,1
1,1,1,1,1,1,1,1,1,1
1,1,1,1,1,1,1,1,1,1
1,1,1,1,1,1,1,1,1,1
1,1,1,1,1,1,1,1,1,1
1,1,1,1,1,1,1,1,1,1
1,1,1,1,1,1,1,1,0.9561305,1
1,1,1,1,1,1,1,1,0.9499383,1
1,1,1,1,1,1,1,1,0.943698,1
1,1,1,1,1,1,1,1,0.9374149,1
1,1,1,1,1,1,1,1,0.9310946,1
1,1,1,1,1,1,1,1,0.924743,1
1,1,1,1,1,1,1,1,0.918363,1
1,1,1,1,1,1,1,1,0.9119607,1
1,1,1,1,1,1,1,1,0.9055427,1
1,1,1,1,1,1,1,1,0.8991156,1
1,1,1,1,1,1,1,1,1,1
1,1,1,1,1,1,1,1,1,1
1,1,1,1,1,1,1,1,1,1
1,1,1,1,1,1,1,1,1,1
1,1,1,1,1,1,1,1,1,1
1,1,1,1,1,1,1,1,1,1
1,1,1,1,1,1,1,1,1,1
1,1,1,1,1,1,1,1,1,1
1,1,1,1,1,1,1,1,1,1
1,1,1,1,1,1,1,1,1,1
1,1,1,1,1,1,1,1,1,1
1,1,1,1,1,1,1,1,1,1
1,1,1,1,1,1,1,1,1,1
1,1,1,1,1,1,1,1,1,1
1,1,1,1,1,1,1,1,1,1
1,1,1,1,1,1,1,1,1,1
1,1,1,1,1,1,1,1,1,1
1,1,1,1,1,1,1,1,1,1
1,1,1,1,1,1,1,1,1,1
1,1,1,1,1,1,1,1,1,1
1,1,1,1,1,1,1,1,1,1
1,1,1,1,1,1,1,1,1,1
1,1,1,1,1,1,1,1,1,1
1,1,1,1,1,1,1,1,1,1
1,1,1,1,1,1,1,1,1,1
0.9805863,1,1,1,1,1,1,1,1,1
0.9391936,1,1,1,1,1,1,1,1,1
0.8925034,1,1,1,1,1,1,1,1,2
0.8785346,1,1,1,1,1,1,1,1,2
0.8798664,1,1,1,1,1,0.9932866,1,1,2
0.8812246,1,1,1,1,1,0.9844397,1,1,2
0.882596,1,1,1,1,1,0.975466,1,1,2
0.8839733,1,1,1,1,1,0.966361,1,1,1
0.885349,1,1,1,1,1,0.9571252,1,1,1
0.886719,1,1,1,1,1,0.9477517,1,1,1
0.8880733,1,1,1,1,1,0.9382381,1,1,1
0.8894082,1,1,1,1,1,0.9285864,1,1,1
0.8907169,1,1,1,1,1,0.9187915,1,1,1
0.8919929,1,1,1,1,1,0.9088564,1,1,1
0.8932334,1,1,1,1,1,0.8987776,1,1,1
0.8944293,1,1,1,1,1,0.8885592,1,1,1
1,1,1,1,1,1,0.8781989,1,1,1
1,1,1,1,1,1,0.8796757,1,1,1
1,1,1,1,1,1,0.8825724,1,1,1
1,1,1,1,1,1,0.8854327,1,1,1
1,1,1,1,1,1,0.888264,1,1,1
1,1,1,1,1,1,0.8910598,1,1,1
1,1,1,1,1,1,0.8938208,1,1,1
1,1,1,1,1,1,0.896541,1,1,1
1,1,1,1,1,1,0.8992278,1,1,1
1,1,1,1,1,1,0.901875,1,1,1
1,1,1,1,1,1,1,1,1,1
1,1,1,1,1,1,1,1,1,1
1,1,1,1,1,1,1,1,1,1
1,1,1,1,1,1,1,1,1,1
1,1,1,1,1,1,1,1,1,1
1,1,1,1,1,1,1,1,1,1
1,1,1,1,1,1,1,1,1,1
1,1,1,1,1,1,1,1,1,1
1,1,1,1,1,1,1,1,1,1
1,1,1,1,1,1,1,1,1,1
1,1,1,1,1,1,1,1,1,1
1,1,1,1,1,1,1,1,1,1
1,1,1,1,1,1,1,1,1,1
1,1,1,1,1,1,1,1,1,1
1,1,1,1,1,1,1,1,1,1
1,1,1,1,1,1,1,1,1,1
1,1,1,1,1,1,1,1,1,1
1,1,1,1,1,1,1,1,1,1
1,1,1,1,1,1,1,1,1,1
1,1,1,1,1,1,1,1,1,1
1,1,1,1,1,1,1,1,1,1
1,1,1,1,1,1,1,1,1,1
1,1,1,1,1,1,1,1,1,1
1,1,1,1,1,1,1,1,1,1
1,1,1,1,1,1,1,0.9989361,1,1
1,1,1,1,1,1,1,0.9925792,1,1
1,1,1,1,1,1,1,0.9923662,1,1
1,1,1,1,1,1,1,0.6553263,1,0
1,1,1,1,1,1,1,0.6301132,1,0
1,1,1,1,1,1,1,0.6051472,1,0
1,0.9940033,1,1,1,1,1,0.5805151,1,0
1,0.9830591,1,1,1,1,1,0.5564181,1,0
1,0.9721528,1,1,1,1,1,0.5364136,1,0
1,0.9614112,1,1,1,1,1,0.5436561,1,0
1,0.9514487,1,1,1,1,1,0.5509597,1,0
1,0.9421814,1,1,1,1,1,0.5583054,1,0
1,0.9335399,1,1,1,1,1,0.56567,1,0
1,0.9254638,1,1,1,1,1,0.5730306,1,0
1,0.9178936,1,1,1,1,1,0.5803738,1,0
1,0.9107801,1,1,1,1,1,1,1,1
1,0.9113733,1,1,1,1,1,1,1,1
1,0.911998,1,1,1,1,1,1,1,1
1,0.9126533,1,1,1,1,1,1,1,1
1,0.9133388,1,1,1,1,1,1,1,1
1,0.9140537,1,1,1,1,1,1,1,1
1,0.9147976,1,1,1,1,1,1,1,1
1,0.9155657,1,1,1,1,1,1,1,1
1,0.9163615,1,1,1,1,1,1,1,1
1,0.9171802,1,1,1,1,1,1,1,1
1,0.9180216,1,1,1,1,1,1,0.5524576,0
1,0.9073902,1,1,1,1,1,1,0.502071,0
1,0.8960934,1,1,1,1,1,1,0.453966,0
1,0.8843172,1,1,1,1,1,1,0.4526618,0
1,0.8731783,1,1,1,1,1,1,0.4575526,0
1,0.862735,1,1,1,1,1,1,0.4626648,0
1,0.8529164,1,1,1,1,1,1,0.4679766,0
1,0.8436568,1,1,1,1,1,1,0.4734698,0
1,0.8349015,1,1,1,1,1,1,0.4791232,0
1,0.8265986,1,1,1,1,1,1,0.9141735,1
1,0.8255621,1,1,1,1,1,1,0.9150513,1
1,0.824589,1,1,1,1,1,1,0.9158757,1
1,0.8236815,1,1,1,1,1,1,0.9166462,1
1,0.8228379,1,1,1,1,1,1,0.9173657,1
1,0.8220571,1,1,1,1,1,1,0.9180369,1
1,0.8213377,1,1,1,1,1,1,0.9186627,1
1,0.8206818,1,1,1,1,1,1,0.9192418,1
1,0.8200845,1,1,1,1,1,1,0.9197806,1
1,0.8195482,1,1,1,1,1,1,0.9202777,1
1,0.8190678,1,1,1,1,1,1,0.9207386,1
1,0.818646,1,1,1,1,1,1,0.9211621,1
1,0.8182813,1,1,1,1,1,1,0.9215501,1
1,0.8179688,1,1,1,1,1,1,0.921908,1
1,0.8177111,1,1,1,1,1,1,0.9222338,1
0.8728709,0.817507,1,1,1,1,1,1,0.9225293,2
0.7076732,0.8199925,1,1,1,1,1,1,0.9205321,2
0.707446,1,1,1,1,1,1,1,0.9158058,2
0.7068622,1,1,1,1,1,1,1,0.9138035,2
0.7064152,1,1,1,1,1,1,1,0.9118224,2
0.7061033,1,1,1,1,1,1,1,0.9098622,2
0.7059215,1,1,1,1,1,1,1,0.9079257,2
0.7058679,1,1,1,1,1,1,1,0.9060117,2
0.7059376,1,1,1,1,1,1,1,0.9041227,2
0.7061316,1,1,1,1,1,1,1,0.9022536,2
0.7064449,1,1,1,1,1,1,1,0.9004067,2
0.7068722,1,1,1,1,1,1,1,0.8985832,2
0.7074145,1,1,1,1,1,1,1,0.8967784,2
0.7080665,1,1,1,1,1,1,1,0.8949933,2
0.708823,1,1,1,1,1,1,1,0.8932292,2
0.7096817,1,1,1,1,1,1,1,0.8914838,2
0.7106405,1,1,1,1,1,1,1,0.8897551,2
0.7116938,1,1,1,1,1,1,1,0.8880435,2
0.7128364,1,1,1,1,1,1,1,0.88635,2
0.7140692,1,1,1,1,1,1,1,0.884669,2
0.7153834,1,1,1,1,1,1,1,0.8830042,2
0.7167767,1,1,1,1,1,1,1,0.8813531,2
0.7182471,1,1,1,1,1,1,1,0.8797131,2
0.7197888,1,1,1,1,1,1,1,0.8780845,2
1,1,1,1,1,1,1,1,0.8764652,0
1,1,1,1,1,1,1,1,0.8773115,0
1,1,1,1,1,1,1,1,0.8782266,0
1,1,1,1,1,1,1,1,0.8792068,0
1,1,1,1,1,1,1,1,0.8802508,0
1,1,1,1,1,1,1,1,0.8813577,0
1,1,1,1,1,1,1,1,0.8825267,0
1,1,1,1,1,1,1,1,0.8837536,0
1,1,1,1,1,1,1,1,0.8850406,0
1,1,1,1,1,1,1,1,0.8863834,0
1,1,1,1,1,1,1,1,0.8877808,0
1,1,1,1,1,1,1,1,1,1
1,1,1,1,1,1,1,1,1,1
1,1,1,1,1,1,1,1,1,1
1,1,1,1,1,1,1,1,1,1
1,1,1,1,1,1,1,1,1,1
1,1,1,1,1,1,1,1,1,1
1,1,1,1,1,1,1,1,1,1
1,1,1,1,1,1,1,1,1,1
1,1,1,1,1,1,1,1,1,1
1,1,1,1,1,1,1,1,1,1
1,1,1,1,1,1,1,1,1,1
1,1,1,1,1,1,1,1,1,1
1,1,1,1,1,1,1,1,1,1
1,1,1,1,1,1,1,1,1,1
1,1,1,1,1,1,1,1,1,1
1,1,1,1,1,1,1,1,1,1
1,1,1,1,1,1,1,1,1,1
1,1,1,1,1,1,1,1,1,1
1,1,1,1,1,1,1,1,1,1
1,1,1,1,1,1,1,1,1,1
1,1,1,1,1,1,1,1,1,1
1,1,1,1,1,1,1,1,1,1
1,1,1,1,1,1,1,1,1,1
1,1,1,1,1,1,1,1,1,1
1,1,1,1,1,1,1,1,1,1
1,1,1,1,1,1,1,1,1,1
1,1,1,1,1,1,1,1,1,1
1,1,1,1,1,1,1,1,1,1
1,1,1,1,1,1,1,1,1,1
1,1,1,1,1,1,1,1,1,1
1,1,1,1,1,1,1,1,1,1
1,1,1,1,1,1,1,1,1,1
1,1,1,1,1,1,1,1,1,1
1,1,1,1,1,1,1,1,1,1
1,1,1,1,1,1,1,1,1,1
1,1,1,1,1,1,1,1,1,1
1,1,1,1,1,1,1,1,1,1
1,1,1,1,1,1,1,1,1,1
1,1,1,1,1,1,1,1,1,1
1,1,1,1,1,1,1,1,1,1
1,1,1,1,1,1,1,1,1,1
1,1,1,1,1,1,1,1,1,1
1,1,1,1,1,1,1,1,1,1
1,1,1,1,1,1,1,1,1,1
1,1,1,1,1,1,1,1,1,1
1,1,1,1,1,1,1,1,1,1
1,1,1,1,1,1,1,1,1,1
1,1,1,1,1,1,1,1,1,1
1,1,1,1,1,1,1,1,1,1
1,1,1,1,1,1,1,1,1,1
1,1,1,1,1,1,1,1,1,1
1,1,1,1,1,1,1,1,1,1
1,1,1,1,1,1,1,1,1,1
1,1,1,1,1,1,1,1,1,1
1,1,1,1,1,1,1,1,1,1
1,1,1,1,1,1,1,1,1,1
1,1,1,1,1,1,1,1,1,1
1,1,1,1,1,1,1,1,1,1
1,1,1,1,1,1,1,1,1,1
1,1,1,1,1,1,1,1,1,1
1,1,1,1,1,1,1,1,1,1
1,1,1,1,1,1,1,1,1,1
1,1,1,1,1,1,1,1,1,1
1,1,1,1,1,1,1,1,1,1
1,1,1,1,1,1,1,1,1,1
1,1,1,1,1,1,1,1,1,1
1,1,1,1,1,1,1,1,1,1
1,1,1,1,1,1,1,1,1,1
1,1,1,1,1,1,1,1,1,1
1,1,1,1,1,1,1,1,1,1
1,1,1,1,1,1,1,1,1,1
1,1,1,1,1,1,1,1,1,1
1,1,1,1,1,1,1,1,1,1
1,1,1,1,1,1,1,1,1,1
1,1,1,1,1,1,1,1,1,1
1,1,1,1,1,1,1,1,1,1
1,1,1,1,1,1,1,1,1,1
1,1,1,1,1,1,1,1,1,1
1,1,1,1,1,1,1,1,1,1
1,1,1,1,1,1,1,1,1,1
1,1,1,1,1,1,1,1,1,1
1,1,1,1,1,1,1,1,1,1
1,1,1,1,1,1,1,1,1,1
1,1,1,1,1,1,1,1,1,1
1,1,1,1,1,1,1,1,1,1
1,1,1,1,1,1,1,1,1,1
1,1,1,1,1,1,1,1,1,1
1,1,1,1,1,1,1,1,1,1
1,1,1,1,1,1,1,1,1,1
1,1,1,1,1,1,1,1,1,1
1,1,1,1,1,1,1,1,1,1
1,1,1,1,1,1,1,1,1,1
1,1,1,1,1,1,1,1,1,1
1,1,1,1,1,1,1,1,1,1
1,1,1,1,1,1,1,1,1,1
1,1,1,1,1,1,1,1,1,1
1,1,1,1,1,1,1,1,1,1
1,1,1,1,1,1,1,1,1,1
1,1,1,1,1,1,1,1,1,1
1,1,1,1,1,1,1,1,1,1
1,1,1,1,1,1,1,1,1,1
1,1,1,1,1,1,1,0.9900727,1,1
1,1,1,1,1,1,1,0.9746405,1,1
1,1,1,1,1,1,1,0.9586957,1,1
1,1,1,1,1,1,1,0.9422549,1,1
1,1,1,1,1,1,1,0.9253308,1,1
1,1,1,1,1,1,1,0.9079449,1,1
1,1,1,1,1,1,1,0.8901232,1,1
1,1,1,1,1,1,1,0.8719004,1,1
1,1,1,1,1,1,1,0.8533069,1,0
1,1,1,1,1,1,1,0.8343856,1,0
1,1,1,1,1,1,1,0.8248011,1,0
1,1,1,1,1,1,1,0.8297598,1,0
1,1,1,1,1,1,1,0.834723,1,0
1,1,1,1,1,1,1,0.8396835,1,0
1,1,1,1,1,1,1,0.8446388,1,0
1,1,1,1,1,1,1,0.8495821,1,0
1,1,1,1,1,1,1,0.8545109,1,0
1,1,1,1,1,1,1,0.8594184,1,1
1,1,1,1,1,1,1,0.8643025,1,1
1,1,1,1,1,1,1,0.869157,1,1
1,1,1,1,1,1,1,0.8739754,1,1
1,1,1,1,1,1,1,0.878756,1,1
1,1,1,1,1,1,1,0.8834972,1,1
1,1,1,1,1,1,1,0.8881932,1,1
1,1,1,1,1,1,1,0.8928381,1,1
1,1,1,1,1,1,0.9965369,0.8974307,1,1
1,1,1,1,1,1,0.9850951,0.9020141,1,1
1,1,1,1,1,1,0.9736854,0.906688,1,1
1,1,1,1,1,1,0.962312,0.9114488,1,1
1,1,1,1,1,1,0.950973,0.916288,0.9670668,0
1,1,1,1,1,1,0.9392946,0.9225089,0.9312412,0
1,1,1,1,1,1,0.9272885,0.930262,0.8933417,0
1,1,1,1,1,1,0.9377698,0.9396713,0.8537795,0
1,1,1,1,1,1,0.9690479,0.9505693,0.813536,0
1,1,1,1,1,1,1,1,0.7734193,0
1,1,1,1,1,1,1,1,0.7353026,0
1,1,1,1,1,1,1,1,0.6992208,0
1,1,1,1,1,1,1,1,0.7051679,0
1,1,1,1,1,1,1,1,0.7112945,0
1,1,1,1,1,1,1,1,0.7175906,0
1,1,1,1,1,1,1,1,0.7240433,0
1,1,1,1,1,1,1,0.9813582,0.7306457,0
1,1,1,1,1,1,1,0.9619072,0.7375817,0
1,1,1,1,1,1,1,0.9427723,0.7448624,0
1,1,1,1,1,1,1,0.9239772,0.7524908,0
1,1,1,1,1,1,1,0.9055419,0.7604651,0
1,1,1,1,1,1,1,0.8874753,0.7687823,0
1,1,1,1,1,1,1,0.8697934,0.777438,0
1,1,1,1,1,1,1,0.8524984,0.7864267,0
1,1,1,1,1,1,1,0.8355961,0.7957414,0
1,1,1,1,1,1,1,0.8190897,0.8053744,0
1,1,1,1,1,1,1,0.8029729,0.8153125,0
1,1,1,1,1,1,1,0.787244,0.8255413,0
1,1,1,1,1,1,1,0.7718959,0.8360494,0
1,1,1,1,1,1,1,0.75692,0.8468202,0
1,1,1,1,1,1,1,0.7423065,0.983911,0
1,1,1,1,1,1,1,0.7296386,0.9928519,0
1,1,1,1,1,1,1,0.733256,1,0
1,1,1,1,1,1,1,0.7491161,1,0
1,1,1,1,1,1,1,0.7648839,1,0
1,1,1,1,1,1,1,0.7805242,1,1
1,1,1,1,1,1,1,0.7960154,1,1
1,1,1,1,1,1,1,0.8113233,1,1
1,1,1,1,1,1,1,0.8264219,1,1
1,1,1,1,1,1,1,0.8412924,1,1
1,1,1,1,1,1,1,0.8559113,0.8876045,0
1,1,1,1,1,1,1,0.8770329,0.8667088,0
1,1,1,1,1,1,1,0.8993713,0.8459571,0
1,1,1,1,1,1,1,0.9229617,0.8253905,0
1,1,1,1,1,1,1,1,0.8050496,0
1,1,1,1,1,1,1,1,0.7857613,0
1,1,1,1,1,1,1,1,0.7663225,0
1,1,1,1,1,1,1,1,0.7467905,0
1,1,1,1,1,1,1,1,0.7272174,0
1,1,1,1,1,1,1,1,0.7076643,0
1,1,1,1,1,1,1,1,0.6881858,0
1,1,1,1,1,1,1,1,0.6688348,0
1,1,1,1,1,1,1,1,0.6496605,0
1,1,1,1,1,1,1,1,0.6307096,0
1,1,1,1,1,1,1,1,0.6238789,0
1,1,1,1,1,1,1,1,0.6386244,0
1,1,1,1,1,1,1,1,0.6535357,0
1,1,1,1,1,1,1,1,0.6685873,0
1,1,1,1,1,1,1,1,0.6837438,0
1,1,1,1,1,1,1,1,0.6989828,0
1,1,1,1,1,1,1,1,0.7142684,0
1,1,1,1,1,1,1,1,0.7295729,0
1,1,1,1,1,1,1,1,0.7448691,0
1,1,1,1,1,1,1,1,0.7601301,0
1,1,1,1,1,1,1,1,0.7753239,0
1,1,1,1,1,1,1,1,0.7904195,0
1,1,1,1,1,1,1,1,0.8053962,0
1,1,1,1,1,1,1,1,0.8202237,0
1,1,1,1,1,1,1,1,1,1
1,1,1,1,1,1,1,1,1,1
1,1,1,1,1,1,1,1,1,1
1,1,1,1,1,1,1,1,1,1
1,1,1,1,1,1,1,1,1,1
1,1,1,1,1,1,1,1,1,1
1,0.9792902,1,1,1,1,1,1,1,1
1,0.9113418,1,1,1,1,1,1,1,1
1,0.9055375,1,1,1,1,1,1,1,1
1,0.8997901,1,1,1,1,1,1,1,2
1,0.8941015,1,1,1,1,1,1,1,2
1,0.888477,1,1,1,1,1,1,1,2
1,0.8829184,1,1,1,1,1,1,1,2
1,0.8774309,1,1,1,1,1,1,1,2
1,0.8720199,1,1,1,1,1,1,1,2
1,0.8666873,1,1,1,1,1,1,1,2
1,0.8614384,1,1,1,1,1,1,1,2
1,0.8562783,1,1,1,1,1,1,1,2
1,0.8512093,1,1,1,1,1,1,1,2
1,0.8462363,1,1,1,1,1,1,1,2
1,0.8413617,1,1,1,1,1,1,1,2
1,0.8365905,1,1,1,1,1,1,1,2
1,0.8319276,1,1,1,1,1,1,1,2
1,0.8273781,1,1,1,1,1,1,1,2
1,0.8229408,1,1,1,1,1,1,1,2
1,0.8186237,1,1,1,1,1,1,1,2
1,0.8144283,1,1,1,1,1,1,1,2
1,0.8103596,1,1,1,1,1,1,1,2
1,0.806419,1,1,1,1,1,1,1,2
1,0.8026111,1,1,1,1,1,1,1,2
1,0.7989371,1,1,1,1,1,1,1,2
1,0.7954016,1,1,1,1,1,1,1,2
1,0.7920057,1,1,1,1,1,1,1,2
0.788546,0.7887534,1,1,1,1,1,1,1,2
0.7811116,0.7873291,1,1,1,1,1,1,1,2
0.7740716,0.7863666,1,1,1,1,1,1,1,2
0.7674435,0.7858827,1,1,1,1,1,1,1,2
0.7612371,0.7858868,1,1,1,1,1,1,1,2
0.7554659,0.7863933,1,1,1,1,1,1,1,2
0.7501386,0.7874124,1,1,1,1,1,1,1,2
0.745262,1,1,1,1,1,1,1,1,2
0.7412251,1,1,1,1,1,1,1,1,2
0.7373737,1,1,1,1,1,1,1,1,2
0.7337108,1,1,1,1,1,1,1,1,2
0.7302422,1,1,1,1,1,1,1,1,2
0.7269708,1,1,1,1,1,1,1,1,2
0.7239019,1,1,1,1,1,1,1,1,2
0.721038,1,1,1,1,1,1,1,1,2
0.7183841,1,1,1,1,1,1,1,1,2
0.7159421,1,1,1,1,1,1,1,1,2
0.7137167,1,1,1,1,1,1,1,1,2
0.7117096,1,1,1,1,1,1,1,1,2
0.7099249,1,1,1,1,1,1,1,1,2
0.7083637,1,1,1,1,1,1,1,1,2
0.7070269,1,1,1,1,1,1,1,1,2
0.7059183,1,1,1,1,1,1,1,1,2
0.7050353,0.99673,1,1,1,1,1,1,1,2
0.70439,0.9571344,1,1,1,1,1,1,1,2
0.7041128,0.9171306,1,1,1,1,1,1,1,2
1,0.8798324,1,1,1,1,1,1,1,2
1,0.8808182,1,1,1,1,1,1,1,1
1,0.8818461,1,1,1,1,1,1,1,1
1,0.8829184,1,1,1,1,1,1,1,1
1,0.8840307,1,1,1,1,1,1,1,1
1,0.8851819,1,1,1,1,1,1,1,1
1,0.8863713,1,1,1,1,1,1,1,1
1,0.8875977,1,1,1,1,1,1,1,1
1,0.88886,1,1,1,1,1,1,1,1
1,0.8901538,1,1,1,1,1,1,1,1
1,0.8914782,1,1,1,1,1,1,1,1
1,0.8928323,1,1,1,1,1,1,1,1
1,0.894215,1,1,1,1,1,1,1,1
1,0.8956256,1,1,1,1,1,1,1,1
1,0.8970631,1,1,1,1,1,1,1,1
1,0.898523,1,1,1,1,1,1,1,1
1,0.9000044,1,1,1,1,1,1,1,1
1,0.9015064,1,1,1,1,1,1,1,1
1,0.9030285,1,1,1,1,1,1,1,1
1,0.9045699,1,1,1,1,1,1,1,1
1,0.9061257,1,1,1,1,1,1,1,1
1,0.9076993,1,1,1,1,1,1,1,1
1,0.9092861,1,1,1,1,1,1,1,1
1,0.9108855,1,1,1,1,1,1,1,1
1,0.9124929,1,1,1,1,1,1,1,1
1,0.9141113,1,1,1,1,1,1,1,1
0.9515488,0.9157368,1,1,1,1,1,1,1,2
0.8895887,0.9188327,1,1,1,1,1,1,1,2
0.8219441,0.9238499,1,1,1,1,1,1,1,2
0.7505764,0.9310535,1,1,1,1,1,1,1,2
0.7452043,0.9406934,1,1,1,1,1,1,1,2
0.74787,0.9507216,1,1,1,1,1,1,1,2
0.7506833,0.9608575,1,1,1,1,1,1,1,2
0.753626,1,1,1,1,1,1,1,1,2
0.7564535,1,1,1,1,1,1,1,1,2
0.7594395,1,1,1,1,1,1,1,1,2
0.762578,1,1,1,1,1,1,1,1,2
0.7658655,1,1,1,1,1,1,1,1,2
0.7692957,1,1,1,1,1,1,1,1,2
0.7728651,1,1,1,1,1,1,1,1,2
0.7765669,1,1,1,1,1,1,1,1,2
0.7803944,1,1,1,1,1,1,1,1,2
0.7843438,1,1,1,1,1,1,1,1,2
0.788408,1,1,1,1,1,1,1,1,2
0.7925833,1,1,1,1,1,1,1,1,2
0.7968624,1,1,1,1,1,1,1,1,2
0.8012381,1,1,1,1,1,1,1,1,2
0.8057064,1,1,1,1,1,1,1,1,2
0.81026,1,1,1,1,1,1,1,1,2
0.8148915,1,1,1,1,1,1,1,1,2
0.8195969,1,1,1,1,1,1,1,1,2
0.8243686,1,1,1,1,1,1,1,1,2
0.8291994,1,1,1,1,1,1,1,1,2
0.8340853,1,1,1,1,1,1,1,1,2
0.8390189,1,1,1,1,1,1,1,1,2
0.8439929,1,1,1,1,1,1,1,1,2
0.8490035,1,1,1,1,1,1,1,1,2
1,1,1,1,1,1,1,1,1,1
1,1,1,1,1,1,1,1,1,1
1,1,1,1,1,1,1,1,1,1
1,1,1,1,1,1,1,1,1,1
1,1,1,1,1,1,1,1,1,1
1,1,1,1,1,1,1,1,1,1
1,1,1,1,1,1,1,1,1,1
1,1,1,1,1,1,1,1,1,1
1,1,1,1,1,1,1,1,1,1
1,1,1,1,1,1,1,1,1,1
1,1,1,1,1,1,1,1,1,1
1,1,1,1,1,1,1,1,1,1
1,1,1,1,1,1,1,1,1,1
1,1,1,1,1,1,1,1,1,1
1,1,1,1,1,1,1,1,1,1
1,1,1,1,1,1,1,1,1,1
1,1,1,1,1,1,1,1,1,1
1,1,1,1,1,1,1,1,1,1
1,1,1,1,1,1,1,1,1,1
1,1,1,1,1,1,1,1,1,1
1,1,1,1,1,1,1,1,1,1
1,1,1,1,1,1,1,1,1,1
1,1,1,1,1,1,1,1,1,1
1,1,1,1,1,1,1,1,1,1
1,1,1,1,1,1,1,1,1,1
1,1,1,1,1,1,1,1,1,1
1,1,1,1,1,1,1,1,1,1
1,1,1,1,1,1,1,1,1,1
1,1,1,1,1,1,1,1,1,1
1,1,1,1,1,1,1,1,1,1
1,1,1,1,1,1,1,1,1,1
1,1,1,1,1,1,1,1,1,1
1,1,1,1,1,1,1,1,1,1
1,1,1,1,1,1,1,1,1,1
1,1,1,1,1,1,1,1,1,1
0.979767,1,1,1,1,1,1,1,1,1
0.9382614,1,1,1,1,1,1,1,1,1
0.9243571,1,1,1,1,1,1,1,1,1
0.9251959,1,1,1,1,1,1,1,1,1
0.9260672,1,1,1,1,1,1,1,1,1
0.9269701,1,1,1,1,1,1,1,1,1
0.9279011,1,1,1,1,1,1,1,1,1
0.9288629,1,1,1,1,1,0.9968058,1,1,1
0.9298358,1,1,1,1,1,0.9870352,1,1,1
0.9307821,1,1,1,1,1,0.9771376,1,1,1
0.9316995,1,1,1,1,1,0.9671124,1,1,1
0.9325821,1,1,1,1,1,0.9569597,1,1,1
0.9334245,1,1,1,1,1,0.9466832,1,1,1
0.9342249,1,1,1,1,1,0.9362808,1,1,1
0.934975,1,1,1,1,1,0.9257538,1,1,1
0.9356738,1,1,1,1,1,0.9151044,1,1,1
0.93632,1,1,1,1,1,0.904335,1,1,1
0.9369062,1,1,1,1,1,0.8934487,1,1,1
1,1,1,1,1,1,0.8824492,1,1,1
1,1,1,1,1,1,0.870227,1,1,1
1,1,1,1,1,1,0.8579406,1,1,1
1,1,1,1,1,1,0.8455964,1,1,1
1,1,1,1,1,1,0.8331976,1,1,1
1,1,1,1,1,1,0.8207544,1,1,1
1,1,1,1,1,1,0.8082736,1,1,1
1,1,1,1,1,1,0.7957619,1,1,1
1,1,1,1,1,1,0.7832229,1,1,1
1,1,1,1,1,1,0.7706668,1,1,1
1,1,1,1,1,1,0.7581003,1,1,0
1,1,1,1,1,1,0.74553,1,1,0
1,1,1,1,1,1,0.750162,1,1,0
1,1,1,1,1,1,0.7575809,1,1,0
1,1,1,1,1,1,0.7649729,1,1,1
1,1,1,1,1,1,0.7723275,1,1,1
1,1,1,1,1,1,0.7796419,1,1,1
1,1,1,1,1,1,0.7869056,1,1,1
1,1,1,1,1,1,0.7941161,0.9119228,1,0
1,1,1,1,1,1,0.8065298,0.8906953,1,0
1,1,1,1,1,1,0.82028,0.8694201,1,0
1,1,1,1,1,1,0.8354412,0.8481539,1,0
1,1,1,1,1,1,0.8520851,0.8269503,1,0
1,1,1,1,1,1,0.8702887,0.8058628,1,0
1,1,1,1,1,1,0.8901264,0.7849322,1,0
1,1,1,1,1,1,0.9116952,0.7642029,1,0
1,1,1,1,1,1,0.9350814,0.7437147,1,0
1,1,1,1,1,1,1,0.7234938,1,0
1,1,1,1,1,1,1,0.703947,1,0
1,1,1,1,1,1,1,0.6844367,1,0
1,1,1,1,1,1,1,0.6650048,1,0
1,1,1,1,1,1,1,0.6456951,1,0
1,1,1,1,1,1,1,0.6265483,1,0
1,1,1,1,1,1,1,0.6075985,1,0
1,1,1,1,1,1,1,0.588876,1,0
1,1,1,1,1,1,1,0.5704116,1,0
1,1,1,1,1,1,1,0.5522323,1,0
1,1,1,1,1,1,1,0.5367169,1,0
1,1,1,1,1,1,1,0.5483854,1,0
1,1,1,1,1,1,1,0.5603332,1,0
1,1,1,1,1,1,1,0.5725452,1,0
1,1,1,1,1,1,1,0.5850002,0.7819384,0
1,1,1,1,1,1,1,0.6046082,0.7377184,0
1,1,1,1,1,1,1,0.6265343,0.6956313,0
1,1,1,1,1,1,1,0.6509492,0.6558119,0
1,1,1,1,1,1,1,0.6780396,0.618322,0
1,1,1,1,1,1,1,0.7079989,0.5831578,0
1,1,1,1,1,1,1,0.7410206,0.5502607,0
1,1,1,1,1,1,1,1,0.5195414,0
1,1,1,1,1,1,1,1,0.4936331,0
1,1,1,1,1,1,1,1,0.4801711,0
1,1,1,1,1,1,1,1,0.4923105,0
1,1,1,1,1,1,1,1,0.5048676,0
1,1,1,1,1,1,1,1,0.5178206,0
1,1,1,1,1,1,1,1,0.5311507,0
1,1,1,1,1,1,1,1,0.5448372,0
1,1,1,1,1,1,1,1,0.5588575,0
1,1,1,1,1,1,1,1,0.5731877,0
1,1,1,1,1,1,1,1,0.5878024,0
1,1,1,1,1,1,1,1,0.6026743,0
1,1,1,1,1,1,1,1,0.6177752,0
1,1,1,1,1,1,1,1,0.6330754,0
1,1,1,1,1,1,1,1,0.6485487,0
1,1,1,1,1,1,1,1,0.6641633,0
1,1,1,1,1,1,1,1,0.6798869,0
1,1,1,1,1,1,1,1,0.6956911,0
1,1,1,1,1,1,1,1,1,1
1,1,1,1,1,1,1,1,1,1
1,1,1,1,1,1,1,1,1,1
1,1,1,1,1,1,1,1,1,1
1,1,1,1,1,1,1,1,1,1
1,1,1,1,1,1,1,1,1,1
1,1,1,1,1,1,1,1,1,1
1,1,1,1,1,1,1,1,1,1
1,1,1,1,1,1,1,1,1,1
1,1,1,1,1,1,1,1,1,1
1,1,1,1,1,1,1,1,1,1
1,1,1,1,1,1,1,1,1,1
1,1,1,1,1,1,1,1,1,1
1,1,1,1,1,1,1,1,1,1
1,1,1,1,1,1,1,1,1,1
1,1,1,1,1,1,1,1,1,1
1,1,1,1,1,1,1,1,1,1
1,1,1,1,1,1,1,1,1,1
1,1,1,1,1,1,1,1,1,1
1,1,1,1,1,1,1,1,1,1
1,1,1,1,1,1,1,1,1,1
1,1,1,1,1,1,1,1,1,1
1,1,1,1,1,1,1,1,1,1
1,1,1,1,1,1,1,1,1,1
1,1,1,1,1,1,1,1,1,1
1,1,1,1,1,1,1,1,1,1
1,1,1,1,1,1,1,1,1,1
1,1,1,1,1,1,1,1,1,1
1,1,1,1,1,1,1,1,1,1
1,1,1,1,1,1,1,1,1,1
1,1,1,1,1,1,1,1,1,1
1,1,1,1,1,1,1,1,1,1
1,1,1,1,1,1,1,1,1,1
1,1,1,1,1,1,1,1,1,1
1,1,1,1,1,1,1,1,1,1
1,1,1,1,1,1,1,1,1,1
1,1,1,1,1,1,1,1,1,1
1,1,1,1,1,1,1,1,1,1
1,1,1,1,1,1,1,1,1,1
1,1,1,1,1,1,1,1,1,1
1,1,1,1,1,1,1,1,1,1
1,1,1,1,1,1,1,1,1,1
1,1,1,1,1,1,1,1,1,1
1,1,1,1,1,1,1,1,1,1
1,1,1,1,1,1,1,1,1,1
1,1,1,1,1,1,1,1,1,1
1,1,1,1,1,1,1,1,1,1
1,1,1,1,1,1,1,1,1,1
1,1,1,1,1,1,1,1,1,1
1,1,1,1,1,1,1,1,1,1
1,1,1,1,1,1,1,1,1,1
1,1,1,1,1,1,1,1,1,1
1,1,1,1,1,1,1,1,1,1
1,1,1,1,1,1,1,1,1,1
1,1,1,1,1,1,1,1,1,1
1,1,1,1,1,1,1,1,1,1
1,1,1,1,1,1,1,1,1,1
1,1,1,1,1,1,1,1,1,1
1,1,1,1,1,1,1,1,1,1
1,1,1,1,1,1,1,1,1,1
1,1,1,1,1,1,1,1,1,1
1,1,1,1,1,1,1,1,1,1
1,1,1,1,1,1,1,1,1,1
1,1,1,1,1,1,1,1,1,1
1,1,1,1,1,1,1,1,1,1
1,1,1,1,1,1,1,1,1,1
1,1,1,1,1,1,1,1,1,1
1,1,1,1,1,1,1,1,1,1
1,1,1,1,1,1,1,1,1,1
1,1,1,1,1,1,1,1,1,1
1,1,1,1,1,1,1,1,1,1
1,1,1,1,1,1,1,1,1,1
1,1,1,1,1,1,1,1,1,1
1,1,1,1,1,1,1,1,1,1
1,1,1,1,1,1,1,1,1,1
1,1,1,1,1,1,1,1,1,1
1,1,1,1,1,1,1,1,1,1
1,1,1,1,1,1,1,1,1,1
0.9966652,1,1,1,1,1,1,1,1,1
0.9904823,1,1,1,1,1,1,1,1,1
0.9842154,1,1,1,1,1,1,1,1,1
1,1,1,1,1,1,1,1,1,1
1,1,1,1,1,1,1,1,1,1
1,1,1,1,1,1,1,1,1,1
1,1,1,1,1,1,1,1,1,1
1,1,1,1,1,1,1,1,1,1
1,1,1,1,1,1,1,1,1,1
1,1,1,1,1,1,1,1,1,1
1,1,1,1,1,1,1,1,1,1
1,1,1,1,1,1,1,1,1,1
1,1,1,1,1,1,1,1,1,1
1,1,1,1,1,1,1,1,1,1
1,1,1,1,1,1,1,1,1,1
1,1,1,1,1,1,1,1,1,1
1,1,1,1,1,1,1,1,1,1
1,1,1,1,1,1,1,1,1,1
1,1,1,1,1,1,1,1,1,1
1,1,1,1,1,1,1,1,1,1
1,1,1,1,1,1,1,1,1,1
1,1,1,1,1,1,1,1,1,1
1,1,1,1,1,1,1,1,1,1
1,1,1,1,1,1,1,1,1,1
1,1,1,1,1,1,1,1,1,1
1,1,1,1,1,1,1,1,1,1
1,1,1,1,1,1,1,1,1,1
1,1,1,1,1,1,1,1,1,1
1,1,1,1,1,1,1,1,1,1
1,1,1,1,1,1,1,1,1,1
1,1,1,1,1,1,1,1,1,1
1,1,1,1,1,1,1,1,1,1
1,1,0.9937472,1,1,1,1,1,1,1
1,1,0.9872446,1,1,1,1,1,1,1
1,1,0.9808773,1,1,1,1,1,1,1
1,1,0.9746434,1,1,1,1,1,1,1
1,1,0.9685386,1,1,1,1,1,1,1
1,1,0.9625618,1,1,1,1,1,1,1
1,1,0.9567124,1,1,1,1,1,1,1
1,1,0.9509867,1,1,1,1,1,1,1
1,1,0.9453842,1,1,1,1,1,1,1
1,1,0.9399017,1,1,1,1,1,1,1
1,1,0.9345395,1,1,1,1,1,1,1
1,1,0.9292981,1,1,1,1,1,1,1
1,1,0.9241743,1,1,1,1,1,1,1
1,1,0.9191656,1,1,1,1,1,1,1
1,1,0.9142729,1,1,1,1,1,1,1
1,0.9599712,0.9094934,1,1,1,1,1,1,2
1,0.8474851,0.905775,1,1,1,1,1,1,2
1,0.7717273,0.9048678,1,1,1,1,1,1,2
1,0.7676897,0.9060086,1,1,1,1,1,1,2
1,0.7638857,0.9075022,1,1,1,1,1,1,2
1,0.7603137,0.9093451,1,1,1,1,1,1,2
1,0.7569745,1,1,1,1,1,1,1,2
1,0.7534035,1,1,1,1,1,1,1,2
1,0.7500044,1,1,1,1,1,1,1,2
1,0.746781,1,1,1,1,1,1,1,2
1,0.7437347,1,1,1,1,1,1,1,2
1,0.740866,1,1,1,1,1,1,1,2
1,0.7381787,1,1,1,1,1,1,1,2
1,0.7356767,1,1,1,1,1,1,1,2
1,0.733357,1,1,1,1,1,1,1,2
1,0.7312261,1,1,1,1,1,1,1,2
1,0.729281,1,1,1,1,1,1,1,2
1,0.7275247,1,1,1,1,1,1,1,2
1,0.725957,1,1,1,1,1,1,1,2
1,0.7245775,1,1,1,1,1,1,1,2
1,0.7233857,1,1,1,1,1,1,1,2
0.6850582,0.7223842,1,1,1,1,1,1,1,2
0.6804386,0.724327,1,1,1,1,1,1,1,2
0.6763307,0.7268344,1,1,1,1,1,1,1,2
0.6727307,0.7299241,1,1,1,1,1,1,1,2
0.6696294,0.7336095,1,1,1,1,1,1,1,2
0.6670282,0.7379158,1,1,1,1,1,1,1,2
0.6649207,1,1,1,0.9923924,1,1,1,1,2
0.66304,1,1,1,0.979147,1,1,1,1,2
0.6614367,1,1,1,0.9661098,1,1,1,1,2
0.6601141,1,1,1,0.9532903,1,1,1,1,2
0.6590778,1,1,0.986463,0.9406922,1,1,1,1,2
0.6583451,1,1,0.9707524,0.9282905,1,1,1,1,2
0.6579267,1,1,0.9553065,0.9160927,1,1,1,1,2
0.6578298,1,1,0.9401482,0.9041119,1,1,1,1,2
0.6580599,1,1,0.9252949,0.9072882,1,1,1,1,2
0.6586066,1,1,0.9107752,1,1,1,1,1,2
0.6594247,0.9966757,1,0.8966787,1,1,1,1,1,2
0.6605689,0.9640419,1,0.8828565,1,1,1,1,1,2
0.662195,0.9750665,1,0.8691127,1,1,1,1,1,2
0.6641062,0.9864911,0.9405456,0.8557817,1,1,1,1,1,2
0.666477,0.9991925,0.9215683,0.8426417,1,1,1,1,1,2
0.6691784,1,0.9032526,0.8298537,1,1,1,1,1,2
1,1,0.885426,0.817352,1,1,1,1,1,1
1,1,0.8731742,0.8067918,1,1,1,1,1,1
1,1,0.8608739,0.7962203,1,1,1,1,1,1
1,1,0.8485343,0.7856416,1,1,1,1,1,1
1,1,0.8361643,0.7750595,1,1,1,1,1,1
1,1,0.8237764,0.7644808,1,1,1,1,1,2
1,1,0.811376,0.7539061,1,1,0.9998201,1,1,2
1,1,0.7989761,0.7638797,1,1,0.9901268,1,1,2
1,1,0.7866793,0.7925212,1,1,0.9807581,1,1,2
1,1,0.7745165,0.8220752,1,1,0.9718834,1,1,1
1,1,0.7624744,0.8525163,1,1,0.9634658,1,1,1
1,1,0.7505475,0.8838165,1,1,0.9554716,1,1,1
1,1,0.7387273,0.9159695,1,1,0.9478642,1,1,1
1,1,0.7270027,0.9489404,1,1,0.9406165,1,1,1
1,1,0.7153699,0.9827185,1,1,0.9336973,1,1,1
1,1,0.7038224,1,1,1,0.9270847,1,1,1
1,1,0.6923302,1,1,1,0.9206249,1,1,1
1,1,0.6808743,1,1,1,0.9141895,1,1,1
1,1,0.6694553,1,1,1,0.9077783,1,1,1
0.963796,1,0.6580737,1,1,1,0.9013972,1,1,2
0.9226531,1,0.6463894,1,1,1,0.8927941,1,1,2
0.8788378,1,0.6344062,1,1,1,0.8818815,1,1,2
0.8454474,1,0.622165,1,1,1,0.8687881,1,1,2
0.8493288,1,0.609813,1,1,1,0.8544151,1,1,2
0.8532206,1,0.5976797,1,1,1,0.8410128,1,1,2
0.8571125,1,0.585749,1,1,1,0.8284891,1,1,2
0.8609918,1,0.5740031,1,1,1,0.816768,1,1,2
0.8648472,1,0.5624257,1,1,1,0.805782,1,1,2
0.8686745,1,0.551002,1,1,1,0.7954587,1,1,2
0.8724638,1,0.5397183,1,1,1,0.7857454,1,1,2
0.8762065,0.6748391,0.5285593,1,1,1,0.7765939,1,1,2
0.8835745,0.6537439,0.5162293,1,1,1,0.757758,1,1,2
0.8911184,0.6336011,0.5060056,1,1,1,0.7401866,1,1,2
0.8987931,0.6143545,0.5402012,1,1,1,0.723798,1,1,2
0.9063463,0.5961424,0.5760707,1,1,1,0.7089312,1,1,2
0.9137496,0.5788324,0.6134652,1,1,1,0.6953818,1,1,2
0.9209733,0.5623128,0.6521758,1,1,1,0.6829852,1,1,2
0.9279973,0.546486,0.6919791,1,1,1,0.6715968,1,1,2
0.9348103,0.531263,0.7326423,1,1,1,0.6610873,1,1,2
0.941401,0.5165695,1,1,1,1,0.651351,1,1,2
0.9467985,0.5029604,1,1,1,1,0.6436857,1,1,2
0.9521821,0.4895357,1,1,1,1,0.6362125,1,1,2
0.9575483,0.4762887,1,1,1,1,0.6289195,1,1,1
0.9628869,0.4632095,1,1,1,1,0.6218039,1,1,1
0.9681993,0.4502848,1,1,1,1,0.6148497,1,1,1
0.9734756,0.4375052,1,1,1,1,0.6080548,1,1,1
0.9787149,0.4248619,1,1,1,1,0.6014084,1,1,1
1,0.4123465,1,1,1,1,0.5948995,1,1,1
1,0.4001047,1,1,1,1,0.5889182,1,1,1
1,0.3879054,1,1,1,1,0.5829158,1,1,1
1,0.3757509,1,1,1,1,0.5768969,1,1,1
0.5780753,0.3636462,1,1,1,1,0.5708613,1,1,2
0.5444822,0.348269,1,1,1,1,0.5553581,1,1,2
0.5127366,0.3520028,1,1,1,1,0.5401981,1,1,2
0.4830994,0.3693873,1,1,1,1,0.5256695,1,1,2
0.4555846,0.3878658,1,1,1,1,0.5119078,1,1,2
0.4299787,0.407416,1,1,1,1,0.4988619,1,1,2
0.4060739,0.4280005,1,1,1,1,0.4864813,1,1,2
0.3836856,0.4495796,1,1,1,1,0.4747096,1,1,2
0.362647,0.4720968,1,1,1,1,0.4634957,1,1,2
0.3428036,0.4954938,1,1,1,1,0.4527865,1,1,2
0.3240176,0.5196964,1,1,1,1,0.4425362,1,1,2
0.3061705,0.5446215,1,1,1,1,0.4327019,1,1,2
0.2996259,1,1,1,1,1,0.423241,1,1,1
0.3065366,1,1,1,1,1,0.4165522,1,1,1
0.3133573,1,1,1,1,1,0.4100401,1,1,1
0.3200805,1,1,1,1,1,0.4036894,1,1,1
0.3266993,1,1,1,1,1,0.3974871,1,1,1
0.3332034,1,1,1,1,1,0.3914255,1,1,1
0.3395873,1,1,1,1,1,0.3854943,1,1,1
0.3458463,1,1,1,1,1,0.3796845,1,1,1
0.3519765,1,1,1,1,1,0.3739884,1,1,1
0.3579702,1,1,1,1,1,0.368403,1,1,1
0.3638288,1,1,1,1,1,0.3629183,1,1,1
0.3695501,1,1,1,1,1,0.3575295,1,1,1
0.3751323,1,1,1,1,1,0.3522318,1,1,1
0.3805739,1,1,1,1,1,0.3470217,1,1,1
0.3858742,1,1,1,1,1,0.3418958,1,1,1
0.3910327,1,1,1,1,1,0.3368515,1,1,1
0.396053,1,1,1,1,1,0.3318827,1,1,1
0.4009354,1,1,1,1,1,0.3269877,0.4227293,1,0
0.3993279,1,1,1,1,1,0.3270545,0.353349,1,0
0.3977049,1,1,1,1,1,0.3275201,0.2940364,1,0
0.3960642,1,1,1,1,1,0.3284086,0.2548905,1,0
0.3944073,1,1,1,1,1,0.3297424,0.252709,1,0
0.3927318,1,1,1,1,1,0.3315515,0.2508158,1,0
0.3910353,1,1,1,1,1,1,0.2492173,1,0
0.3927172,1,1,1,1,1,1,0.246558,1,0
0.3943256,1,1,1,1,1,1,0.2439791,1,0
0.3958669,1,1,1,1,1,1,0.2414768,1,0
0.3973398,1,1,1,1,1,1,0.2390542,1,0
0.39875,1,1,1,1,1,1,0.2367074,1,0
0.4000995,1,1,1,1,1,1,0.2344362,0.2150023,0
0.3981718,1,1,1,1,1,1,0.2337471,0.2123008,0
0.3962294,1,1,1,1,1,0.9943716,0.2333754,0.2098974,0
0.3942756,1,1,1,1,1,0.9656131,0.2333258,0.2077861,0
0.3923035,1,1,1,1,1,0.9882321,0.2336144,0.2059705,0
0.3903164,1,1,1,1,1,1,0.2342483,0.204446,0
0.3883104,1,1,1,1,1,1,1,0.203215,0
0.3882658,1,1,1,1,1,1,1,0.2019033,0
0.388167,1,1,1,1,1,1,1,0.2007046,0
0.388018,1,1,1,1,1,1,1,0.1996154,0
0.3878162,1,1,1,1,1,1,1,0.198638,0
0.3875688,1,1,1,1,1,1,1,0.1977657,0
0.3872728,1,1,1,1,1,1,1,0.1970011,0
1,1,1,1,1,1,1,1,0.1963406,0
1,1,1,1,1,1,1,1,1,1
1,1,1,1,1,1,1,1,1,1
1,1,1,1,1,1,1,1,1,1
1,1,1,1,1,1,1,1,1,1
1,1,1,1,1,1,1,1,1,1
1,1,1,1,1,1,1,1,1,1
1,1,1,1,1,1,1,1,1,1
1,1,1,1,1,1,1,0.9983181,1,1
1,1,1,1,1,1,1,0.98118,1,1
1,1,1,1,1,1,1,0.9632659,1,1
1,1,1,1,1,1,1,0.944589,1,1
1,1,1,1,1,1,1,0.925166,1,1
1,1,1,1,1,1,1,0.9050331,1,1
1,1,1,1,1,1,1,0.8842257,1,1
1,1,1,1,1,1,1,0.8627933,1,0
1,1,1,1,1,1,1,0.8407952,1,0
1,1,1,1,1,1,1,0.8182982,1,0
1,1,1,1,1,1,1,0.7953758,1,0
1,1,1,1,1,1,1,0.7721125,1,0
1,1,1,1,1,1,1,0.7485868,1,0
1,1,1,1,1,1,1,0.7248842,1,0
1,1,1,1,1,1,1,0.7296491,1,0
1,1,1,1,1,1,1,0.7348942,1,0
1,1,1,1,1,1,1,0.7402398,1,0
1,1,1,1,1,1,1,0.7456775,1,0
1,1,1,1,1,1,1,0.7512025,1,0
1,1,1,1,1,1,1,0.7568025,1,0
1,1,1,1,1,1,1,0.7624729,1,0
1,1,1,1,1,1,1,0.7682091,1,0
1,1,1,1,1,1,1,0.7739983,1,0
1,1,1,1,1,1,1,0.7798363,1,0
1,1,1,1,1,1,1,0.7857143,1,0
1,1,1,1,1,1,1,0.791624,1,0
1,1,1,1,1,1,1,0.7975568,0.9735686,0
1,1,1,1,1,1,1,0.8043594,0.9250334,0
1,1,1,1,1,1,1,0.8127877,0.8744875,0
1,1,1,1,1,1,1,0.823001,0.8227544,0
1,1,1,1,1,1,1,0.8351593,0.7706724,0
1,1,1,1,1,1,1,0.8494123,0.7190619,0
1,1,1,1,1,1,1,0.8659118,0.6686373,0
1,1,1,0.9907149,1,1,1,0.8848082,0.6336201,0
1,1,1,0.9593686,1,1,1,1,0.6405629,0
1,1,1,0.9535626,1,1,1,1,0.6466866,0
1,1,1,0.9477279,1,1,1,1,0.6529967,0
1,1,1,0.9418448,1,1,1,1,0.6594783,0
1,1,1,0.9358975,1,1,1,1,0.6661157,0
1,1,1,0.929864,1,1,1,1,0.6728896,0
1,1,1,0.9237306,1,1,1,1,0.67978,0
1,1,1,0.9174771,1,1,1,1,0.6867701,0
1,1,1,0.9110918,1,1,1,1,0.6938392,0
1,1,1,0.9045569,1,1,1,1,0.7009701,0
1,1,1,0.8978626,1,1,1,1,0.7081413,0
1,1,1,0.8909934,1,1,1,1,0.7153355,0
1,1,1,0.883939,0.9807563,1,1,1,0.7225314,0
1,1,1,0.8765739,0.9485059,1,1,1,0.7295931,0
1,1,1,0.8688027,0.9200165,1,1,1,0.7364033,0
1,1,1,0.8606358,0.8947433,1,1,1,0.7429448,0
1,1,1,0.8520834,0.8722392,1,1,1,0.7492066,1
1,1,1,0.8431585,0.852141,1,1,1,0.7551807,1
1,1,1,0.8338798,0.8341603,1,1,1,0.7608573,1
1,1,1,0.8242645,0.8180506,1,1,1,0.7662334,1
1,1,1,0.8143311,0.8036066,1,1,1,0.7713078,1
1,1,1,0.8040991,0.7906573,1,1,1,0.7760813,1
1,1,1,0.7935925,0.7790586,1,1,1,0.7805565,1
1,1,1,0.7828322,0.76868,1,1,1,0.7847415,1
1,1,1,0.7718424,0.7594283,1,1,1,0.7886382,1
1,1,1,0.7606441,0.7511981,1,1,1,0.7922607,1
1,1,1,0.749261,0.7439162,1,1,1,1,2
1,1,1,0.7347797,0.7527906,1,1,1,1,2
1,1,1,0.7204617,0.762456,1,1,1,1,2
1,1,1,0.7063085,0.7729452,1,1,1,1,2
1,1,1,0.6923202,0.7842736,1,1,1,1,2
1,1,1,0.6784994,0.796469,1,1,1,1,2
1,0.9609639,1,0.6648441,0.8095614,1,1,1,1,2
1,0.9157037,1,0.6508683,0.8279601,1,1,1,1,2
1,0.8694822,1,0.6365879,1,1,1,1,1,2
1,0.8534486,1,0.6225537,1,1,1,1,1,2
1,0.8557717,1,0.6085374,1,1,1,1,1,2
1,0.8583544,1,0.5947417,1,1,1,1,1,2
1,0.8611922,0.6770082,0.5811681,1,1,1,1,1,2
1,0.8682188,0.6546432,0.585164,1,1,1,1,1,2
1,0.8758003,0.6333122,0.6112341,1,1,1,1,1,2
1,0.8837253,0.6130827,0.6397027,1,1,1,1,1,2
1,0.8919374,0.5938588,0.6706948,1,1,1,1,1,2
1,0.9003705,0.5755495,0.7043087,1,1,1,1,1,2
1,0.9089683,0.5580634,1,1,1,1,1,0.7482513,1
1,1,0.5454769,1,1,1,1,1,1,2
1,1,0.5307571,1,1,1,1,1,1,2
1,1,0.5162012,1,1,1,1,1,1,2
1,1,0.5018135,1,1,1,1,1,1,2
1,1,0.4876007,1,1,1,1,1,1,2
0.9991209,1,0.4735644,1,1,1,1,1,1,2
0.9056768,1,0.4596969,1,1,1,1,1,1,2
0.8072213,1,0.4469233,1,1,1,1,1,1,2
0.7736205,1,0.4635766,1,1,1,1,1,1,2
0.7775952,1,0.4828433,1,1,1,1,1,1,2
0.7818647,1,0.5033316,1,1,1,1,1,1,2
0.7863868,0.5301031,0.5250404,1,1,1,1,1,1,2
0.7924366,0.5038795,0.5547705,1,1,1,1,1,1,2
0.7991433,0.4790214,1,1,1,1,1,1,0.7123116,2
0.8035566,0.459602,1,1,1,1,1,1,0.7099172,2
0.8082559,0.4406688,1,1,1,1,1,1,0.7075052,2
0.8132384,0.4222193,1,1,1,1,1,1,0.7050773,2
0.8184972,0.4042514,1,1,1,1,1,1,1,2
1,0.3835614,1,1,1,1,1,1,0.6993351,2
1,0.3689445,1,1,1,1,1,1,1,2
1,0.3506322,1,1,1,1,1,1,0.6945157,2
1,0.3364305,1,1,1,1,1,1,1,2
1,0.3449794,1,1,1,1,1,1,1,2
1,0.3560254,1,1,1,1,1,1,1,2
0.485609,0.3676285,1,1,1,1,1,1,0.6840492,2
0.447673,0.3825456,1,1,1,1,1,1,0.6812587,2
0.4127518,0.3988897,1,1,1,1,1,1,0.6785671,2
0.3805082,0.4168119,1,1,1,1,1,1,0.6759704,2
0.3506541,0.4364864,1,1,1,1,1,1,0.6734655,2
0.322937,0.4581088,1,1,1,1,1,1,0.6710522,2
0.2971382,1,1,1,1,1,1,1,0.66873,2
0.2987755,1,1,1,1,1,1,1,0.6658126,2
0.3055049,1,1,1,1,1,1,1,0.6628371,2
0.3123506,1,1,1,1,1,1,1,0.6597921,2
0.3193016,1,1,1,1,1,1,1,0.6566708,2
0.3263426,1,1,1,1,1,1,1,0.6534704,2
0.3334613,1,1,1,1,1,1,1,0.6501859,2
0.3406416,1,1,1,1,1,1,1,0.6468162,2
0.3478668,1,1,1,1,1,1,1,0.6706622,2
0.3554729,1,1,1,1,1,1,1,0.6949505,2
0.3634883,1,1,1,1,1,1,1,0.7144762,2
0.3718801,1,1,1,1,1,1,1,0.7305042,2
0.3806176,1,1,1,1,1,1,1,0.7439946,2
0.3896783,1,1,1,1,1,1,1,0.7556594,2
1,1,1,1,1,1,1,1,0.7660142,0
1,1,1,1,1,1,1,1,0.8455817,0
1,1,1,1,1,1,1,1,0.9179744,1
1,1,1,1,1,1,1,1,0.9802104,1
1,1,1,1,1,1,1,1,1,1
1,1,1,1,1,1,1,1,1,1
1,1,1,1,1,1,1,1,1,1
1,1,1,1,1,1,1,1,1,1
