1,1,1,1,1,1,1,1,1,1
1,1,1,1,1,1,1,1,1,1
1,1,1,1,1,1,1,1,1,1
1,1,1,1,1,1,1,1,1,1
1,1,1,1,1,1,1,1,1,1
1,1,1,1,1,1,1,1,1,1
1,1,1,1,1,1,1,1,1,1
1,1,1,1,1,1,1,1,1,1
1,1,1,1,1,1,1,1,1,1
1,1,1,1,1,1,1,1,1,1
1,1,1,1,1,1,1,1,1,1
1,1,1,1,1,1,1,1,1,1
1,1,1,1,1,1,1,1,1,1
1,1,1,1,1,1,1,1,1,1
1,1,1,1,1,1,1,1,1,1
1,1,1,1,1,1,1,1,1,1
1,1,1,1,1,1,1,1,1,1
1,1,1,1,1,1,1,1,1,1
1,1,1,1,1,1,1,1,1,1
1,1,1,1,1,1,1,1,1,1
1,1,1,1,1,1,1,1,1,1
1,1,1,1,1,1,1,1,1,1
1,1,1,1,1,1,1,1,1,1
1,1,1,1,1,1,1,1,1,1
1,1,1,1,1,1,1,1,1,1
1,1,1,1,1,1,1,1,1,1
1,1,1,1,1,1,1,1,1,1
1,0.9944965,1,1,1,1,1,1,1,1
1,0.9787324,1,1,1,1,1,1,1,1
1,0.9623954,1,1,1,1,1,1,1,1
1,0.9454975,1,1,1,1,1,1,1,1
1,0.9280561,1,1,1,1,1,1,1,1
1,0.910094,1,1,1,1,1,1,1,1
1,0.8916394,1,1,1,1,1,1,1,1
1,0.8727263,1,1,1,1,0.9980308,1,1,1
1,0.8534334,1,1,1,1,0.9888496,1,1,2
1,0.8339232,1,1,1,1,0.9798547,1,1,2
1,0.8215122,1,1,1,1,0.9710469,1,1,2
1,0.8256277,1,1,1,1,0.9623195,1,1,2
1,0.8296212,1,1,1,1,0.9534143,1,1,2
1,0.8334842,1,1,1,1,0.9443333,1,1,1
1,0.8372002,1,1,1,1,0.9350718,1,1,1
1,0.8407624,1,1,1,1,0.9256333,1,1,1
1,0.8441558,1,1,1,1,0.9160182,1,1,1
1,0.8473707,1,1,1,1,0.9062249,1,1,1
1,0.8503979,1,1,1,1,0.896259,1,1,1
1,0.8532336,1,1,1,1,0.8861202,1,1,1
1,0.8558664,1,1,1,1,0.8758124,1,1,1
1,0.8582899,1,1,1,1,0.8653435,1,1,1
1,0.8604991,1,1,1,1,0.854715,1,1,1
1,0.8624892,1,1,1,1,0.8439331,1,1,1
1,0.8642619,1,1,1,1,0.8330075,1,1,1
1,0.8658102,1,1,1,1,0.8219412,1,1,1
1,0.8671325,1,1,1,1,0.8107419,1,1,1
1,0.8682333,1,1,1,1,0.7994172,1,1,1
1,0.8691126,1,1,1,1,0.787975,1,1,1
1,1,1,1,1,1,0.7834583,1,1,0
1,1,1,1,1,1,0.7883997,1,1,0
1,1,1,1,1,1,0.7933296,1,1,1
1,1,1,1,1,1,0.7982402,1,1,1
1,1,1,1,1,1,0.8031305,1,1,1
1,1,1,1,1,1,0.8079999,1,1,1
1,1,1,1,1,1,0.8128408,1,1,1
1,1,1,1,1,1,0.8176522,1,1,1
0.9159206,1,1,1,1,1,0.8224337,1,1,1
0.8820488,1,1,1,1,1,0.8216643,1,1,1
0.8445051,1,1,1,1,1,0.8187178,1,1,1
0.8035721,1,1,1,1,1,0.8134642,1,1,2
0.7597318,1,1,1,1,1,0.8058419,1,1,2
0.7136047,1,1,1,1,1,0.7958804,1,1,2
0.6670967,1,1,1,1,1,0.7837012,1,1,2
0.6698192,1,1,1,1,1,0.7695774,1,1,2
0.6725835,1,1,1,1,1,0.7564682,1,1,2
0.6753775,1,1,1,1,1,0.7442722,1,1,2
0.6781905,1,1,1,1,1,0.7329023,1,1,2
0.6810155,1,1,1,1,1,0.7222767,1,1,2
0.6838423,1,1,1,1,1,0.7123293,1,1,2
0.6866652,1,1,1,1,1,0.7029968,0.8485707,1,1
0.6879869,1,1,1,1,1,0.7003215,0.8312133,1,1
0.6891102,1,1,1,1,1,0.6984845,0.8129395,1,1
0.6900304,1,1,1,1,1,0.6974835,0.7938254,1,1
0.6907417,1,1,1,1,1,0.6973248,0.7739512,1,1
0.691247,1,1,1,1,1,0.6980048,0.7534003,1,1
0.6915454,1,1,1,1,1,0.6995353,0.7322661,1,1
0.6916408,1,1,1,1,1,0.7019235,0.7106415,1,0
0.6915393,1,1,1,1,1,0.7051793,0.6886316,1,0
0.6912488,1,1,1,1,1,0.7093133,0.6663359,1,0
0.6907781,1,1,1,1,1,0.7143378,0.6438467,1,0
0.6901372,1,1,1,1,1,0.7202668,0.6212568,1,0
0.6893399,1,1,1,1,1,0.7271088,0.5986588,1,0
0.6884004,1,1,1,1,1,0.7348734,0.5761275,1,0
0.6873296,1,1,1,1,1,0.7435778,0.5537403,1,0
0.6861409,1,1,1,1,1,1,0.5315556,1,1
0.6859489,1,1,1,1,1,1,0.5128701,1,1
0.6856001,1,1,1,1,1,1,0.4939739,1,0
0.6850988,1,1,1,1,1,1,0.4749261,1,0
1,1,1,1,1,1,1,0.4557757,1,0
1,1,1,1,1,1,1,0.4514431,1,0
0.6776358,1,1,1,1,1,1,0.4581624,1,0
1,1,1,1,1,1,1,0.4599107,1,0
1,1,0.9855108,1,1,1,1,0.4671125,1,0
1,1,0.9529431,1,1,0.9879007,1,0.4745761,1,0
1,1,0.924117,1,1,1,1,0.4821401,0.7092463,0
0.6642511,1,0.8879309,1,1,1,1,0.492952,0.6366273,0
0.6617321,1,0.8655001,1,1,1,1,0.5008116,0.5842119,0
0.6591042,1,0.8426961,1,1,1,0.9935803,0.5096548,0.534398,0
0.6563985,1,0.8336866,1,1,1,0.978074,0.5195163,0.4873835,0
0.6536083,1,0.8304173,1,1,1,0.9626698,0.5306345,0.4429122,0
0.6507646,1,0.8278214,1,1,1,0.9474433,0.543101,0.4010823,0
0.6479023,1,0.8258406,1,1,1,0.9324893,0.5569464,0.3965261,0
0.6451259,1,0.8236305,1,1,1,0.9181911,0.5712544,0.401737,0
0.6424297,1,0.820917,1,1,1,0.9045638,0.5857028,0.4070805,0
0.6397899,1,0.8176452,1,1,1,0.8915257,1,0.4125153,1
0.6375241,1,0.8072961,1,1,1,0.880913,1,0.4156421,1
1,1,0.7966352,1,1,1,0.8704147,1,0.4187151,0
1,1,0.795238,1,1,1,0.8573419,1,0.4253736,0
1,1,0.7937132,1,1,1,0.8447517,1,0.4323342,0
1,1,0.7920168,1,1,1,0.9102813,1,0.4395807,0
0.7685295,1,0.7897301,1,1,1,1,0.9736654,0.4469399,0
1,1,0.7802938,1,1,1,1,0.9591274,0.4516688,0
0.8652984,1,0.7775492,1,1,1,1,0.9390156,0.4593515,0
1,1,0.7706901,1,1,1,1,0.9228083,0.4655844,0
0.8594911,1,0.7677954,0.8162361,1,1,1,0.9039224,0.4737827,1
1,1,0.7576423,0.8035665,1,1,1,0.8907169,0.4790328,0
1,1,0.7513672,0.7835361,1,1,1,0.8748888,0.4861944,0
1,1,0.7444869,0.7651131,1,1,1,0.859738,0.4933116,0
1,1,0.7369792,0.7481396,1,1,1,0.8452036,0.5003568,0
1,1,0.7288378,0.7324836,1,1,1,0.8312367,0.5073001,0
1,1,0.7200633,0.7180241,1,1,1,0.8177916,0.5141171,0
1,1,0.7106538,0.7046551,1,1,1,0.8048202,1,2
1,1,0.6887673,0.7110495,1,1,1,0.7991902,1,2
1,1,0.6673468,0.7181314,1,1,1,0.7935934,1,2
1,1,0.6464123,0.7258971,1,1,1,0.7880117,1,2
1,1,0.6259765,1,1,1,1,0.7824261,1,2
1,1,0.6091727,1,1,1,1,0.7742661,1,2
1,1,0.5924584,1,1,1,1,0.7661424,1,2
1,1,0.5758455,1,1,1,1,0.7580432,1,2
1,1,0.5593486,1,1,1,1,0.7499596,1,2
1,1,0.5429851,1,1,1,1,0.7418859,1,2
1,1,0.5267622,1,1,1,1,0.7338087,1,2
1,1,0.5106903,1,1,1,1,0.7257179,1,2
1,1,0.5072974,1,1,1,1,0.7176064,1,2
1,1,0.507254,1,1,1,1,0.709296,1,2
1,1,0.5071107,1,1,1,1,0.700737,1,2
1,1,0.5068526,1,1,1,1,0.6919311,1,2
1,1,0.506476,1,1,1,1,0.6828774,1,2
1,1,0.5059676,1,1,1,1,0.6735794,1,2
1,1,0.5053192,1,1,1,1,0.6640387,1,2
1,1,0.5045241,1,1,1,1,0.6542572,1,2
1,1,0.5035756,1,1,1,1,0.644242,1,1
1,1,0.502463,1,1,1,1,0.6339973,1,1
1,1,0.5011865,1,1,1,1,0.6235283,1,1
1,1,0.499742,1,1,1,1,0.6128447,1,1
1,1,0.4981211,1,1,1,1,0.6019495,1,1
1,0.5343421,0.4963264,1,1,1,1,0.5908579,1,2
1,0.4947016,0.5062128,1,1,1,0.9693959,0.5874763,1,2
1,0.4578805,1,1,1,1,0.9041996,0.5841889,1,2
1,0.4324471,1,1,1,1,0.8857709,0.5749639,1,2
1,0.407486,1,1,1,1,0.8673054,0.5657603,1,2
1,0.3830394,1,1,1,1,0.8490116,0.5565497,1,2
1,0.3591372,1,1,1,1,0.8310277,0.5473045,1,2
1,0.3424697,1,1,1,1,0.8134931,0.5379971,1,2
1,0.3426872,1,1,1,1,0.7970995,0.5284894,1,2
1,0.3428431,1,1,1,1,0.7832018,0.5184853,1,2
1,0.3429273,1,1,1,1,0.7714721,0.5080023,1,2
1,0.3429341,1,1,1,1,0.7616385,0.4970648,1,2
1,0.3428584,1,1,1,1,0.7534805,0.4856958,1,2
1,0.3426922,1,1,1,1,0.7468277,0.4739238,1,1
1,0.3424359,1,1,1,1,0.741522,0.4617713,1,1
1,0.3420864,1,1,1,1,0.737441,0.4492698,1,1
1,0.3416412,1,1,1,1,0.7344835,0.4364519,1,1
0.4576628,0.3410984,1,1,1,1,0.7325643,0.4233422,1,2
0.3574184,0.3454122,1,1,1,1,0.6946247,0.4180784,1,2
0.2850267,0.350279,1,1,1,1,0.6603163,0.4127496,1,2
0.2861462,0.3557293,1,1,1,1,0.6420481,0.407344,1,2
0.2876179,0.9152261,1,1,1,1,0.6370954,0.401854,1,2
0.2881047,0.8930637,1,1,1,1,0.6278588,0.3891833,1,2
0.2886572,0.871379,1,1,1,1,0.6185562,0.3762845,1,2
0.2892691,0.8501906,1,1,1,1,0.6091786,0.3631444,1,2
0.2899333,0.830651,1,1,1,1,0.5997111,0.3584159,1,2
0.2906706,0.8350965,1,1,1,1,0.5902147,0.3564814,1,2
0.2914127,0.839183,1,1,1,1,0.5804936,0.3546985,1,2
0.2921531,0.8429109,1,1,1,1,0.5705572,0.3530562,1,1
0.2928863,0.8462838,1,1,1,1,0.5604221,0.351545,1,1
0.2936099,0.849311,1,1,1,1,0.5500993,0.3501537,1,1
0.294319,0.851999,1,1,1,1,0.5396028,0.3488759,1,1
0.2950085,0.8543563,1,1,1,1,0.5355977,0.3477069,0.6991144,0
0.2944234,0.8467611,1,1,1,1,0.5457193,0.3500623,0.6228383,0
0.2935651,0.8377054,1,1,1,1,0.5589271,0.353237,0.5485259,0
0.292469,0.8275616,1,1,1,1,0.5753154,0.3572245,0.4783182,0
1,0.8167217,1,1,1,1,0.5949262,0.361993,0.4135128,0
1,0.8026253,1,1,1,1,0.6242494,0.3690066,0.3492965,0
1,0.7890716,1,1,1,1,0.6573974,0.3767376,0.2936957,0
1,0.7760266,1,1,1,1,1,0.3852312,0.2931461,0
1,0.7634519,1,1,1,1,1,0.3945466,0.2963004,0
1,0.7513193,1,1,1,1,1,0.4047406,0.2998575,0
1,0.7395993,1,1,1,1,1,0.415882,0.3038309,0
1,0.7282646,1,1,1,1,1,0.4280479,0.3082353,0
1,0.71729,1,1,1,1,1,0.4413249,0.3130872,0
1,0.7178962,1,1,1,1,1,0.4354776,0.3184013,0
1,0.7254012,1,1,1,1,1,0.4258909,0.3241974,0
1,0.733973,1,1,1,1,1,0.4418387,0.3304972,0
1,0.7437578,1,1,1,1,1,0.4592725,0.3373248,0
1,0.7549297,1,1,1,1,1,0.4783402,0.3447026,0
1,0.7677004,1,1,1,1,1,0.4992173,0.3526596,0
1,0.7823378,1,1,1,1,1,0.5221006,0.3612234,0
1,0.7991719,0.8546489,1,1,1,1,0.5472249,0.3704285,0
1,0.8144118,0.8335657,1,1,1,1,1,0.3798023,0
1,0.8064593,0.8215028,1,1,1,1,1,0.3867028,0
1,0.795566,0.810458,1,1,1,1,1,0.3934844,0
1,0.7814534,0.8004106,1,1,1,1,1,0.3902346,0
1,0.7646742,0.7911127,1,1,1,1,1,0.3721103,0
1,0.7462252,0.7822189,1,1,1,1,1,0.3777779,1
1,0.7241148,0.7743078,1,1,1,1,1,0.3837903,1
1,0.698241,0.7674168,1,1,1,1,1,0.3894371,1
1,0.6686908,0.7615751,1,1,1,1,1,0.394652,1
1,0.6357144,0.756813,1,1,1,1,1,0.3993792,1
1,0.5997264,0.753167,1,1,1,1,1,0.4035697,1
1,0.580933,0.9482769,1,1,1,1,1,0.4071887,1
1,0.5766553,0.9419208,1,1,1,1,1,0.4124743,1
1,0.5724743,0.9360558,1,1,1,1,1,0.4175979,1
1,0.5683901,0.9306515,1,1,1,1,1,0.4225527,1
1,0.5643973,0.9256743,1,1,1,1,1,0.4273399,1
1,0.5604918,0.9210935,1,1,1,1,1,0.4319617,1
1,0.5566701,0.916883,1,1,1,1,1,0.4364207,1
1,0.5529326,0.9130235,1,1,1,1,1,0.440716,1
1,0.5492775,0.9094939,1,1,1,1,1,0.4448509,1
1,0.5457032,0.9062756,1,1,1,1,1,0.4488292,1
1,0.5422085,0.9033523,1,1,1,1,1,1,2
1,0.5422394,0.916505,1,1,1,1,1,1,2
1,0.5426531,0.9305943,1,1,1,1,1,0.9897631,2
1,0.5432998,0.9449965,1,1,1,1,1,0.9804689,2
1,0.5441502,0.9596554,1,1,1,1,1,0.9721608,2
1,0.545172,0.9745132,1,1,1,1,1,0.9647295,2
1,0.5463454,1,1,1,1,1,1,0.9580687,2
1,0.5475682,1,1,1,1,1,1,0.9522508,2
0.4925501,0.5490057,1,1,1,1,1,1,0.946808,2
0.4907035,0.5524033,1,1,1,1,1,1,0.9387058,2
0.4892771,0.556357,1,1,1,1,1,1,0.9309548,2
0.488267,0.5608849,1,1,1,1,1,1,0.9334494,2
0.4876767,0.5660142,1,1,1,1,1,1,0.9529077,2
0.4875042,0.7442904,1,1,1,1,1,1,0.9746509,2
0.4877582,0.7530525,1,1,1,1,1,1,0.9990629,2
0.4884388,0.7626477,1,1,1,1,1,1,1,2
0.4895507,0.7731201,1,1,1,1,1,1,1,2
0.4911025,0.7845225,1,1,1,1,1,1,1,2
0.4930978,0.7969052,1,1,1,1,1,1,1,2
0.4955478,0.8103315,1,1,1,1,1,1,1,2
0.4984616,0.824868,1,1,1,1,1,1,1,2
0.5018465,0.8405837,1,1,1,1,1,1,1,2
0.5057176,0.9042732,1,1,1,1,1,1,1,2
0.5100852,0.923547,1,1,1,1,1,1,1,2
0.6706962,0.944337,1,1,1,1,1,1,1,2
0.6755999,0.960193,1,1,1,1,1,1,1,2
0.6806456,1,1,1,1,1,1,1,1,2
0.6856023,1,1,1,1,0.9990544,1,1,1,2
0.6907697,1,1,1,1,0.9926009,1,1,1,2
0.6961128,1,1,1,1,0.986142,1,1,1,2
0.7016181,1,1,1,1,0.9796605,1,1,1,2
0.7072684,1,1,1,1,0.9731399,1,1,1,2
0.7130529,1,1,1,1,0.9665678,1,1,1,2
0.7189537,1,1,1,1,0.9599285,1,1,1,2
0.7249563,1,1,1,1,0.9532043,1,1,1,2
0.731042,1,1,1,1,0.9463841,1,1,1,2
0.7371956,1,1,1,1,0.9394555,1,1,1,2
0.7434016,1,1,1,1,0.9324026,1,1,1,2
0.7496413,1,1,1,1,0.9252176,1,1,1,2
0.7558991,1,1,1,1,0.9178869,1,1,1,2
0.7621596,1,1,1,1,0.9104045,1,1,1,2
0.8080342,1,1,1,0.9789422,0.9027592,1,1,1,2
0.8135716,1,1,1,0.9518639,0.8942147,1,1,1,2
0.8188629,1,1,1,0.9278557,0.8853588,1,1,1,1
0.8238984,1,1,1,0.9065275,0.8762013,1,1,1,1
0.8286743,1,1,1,0.8875502,0.8667573,1,1,1,1
0.8331885,1,1,1,0.8706523,0.8570398,1,1,1,1
0.8374443,1,1,1,0.8555988,0.8470666,1,1,1,1
0.8414429,1,1,1,0.8422033,0.8368524,1,1,1,1
0.8451864,1,1,1,0.8303087,0.8264127,1,1,1,1
0.8486786,1,1,1,0.8197843,0.8157701,1,1,1,1
1,1,1,1,0.8105085,0.8049372,1,1,1,0
1,1,1,1,0.816909,0.7918288,1,1,1,0
1,1,1,1,0.8240409,0.7787753,1,1,1,0
1,1,1,1,0.8319292,0.7657858,1,1,0.7698377,0
1,1,1,1,0.8715619,0.7494456,1,1,0.767228,0
1,1,1,1,0.9160722,0.7335741,1,1,0.7649552,0
1,1,1,1,1,0.7181552,1,1,0.763004,0
1,1,1,1,1,0.703256,1,1,0.761346,0
0.8304553,1,1,1,1,0.6886131,0.7964141,1,0.7599974,0
0.8270569,1,1,1,1,0.6745602,0.7765666,1,0.7588711,0
0.8235854,1,1,1,1,0.6606735,0.75705,1,0.7580391,0
0.8200786,1,1,1,1,0.6469749,0.7379058,1,0.7575056,0
0.8165662,1,1,1,1,0.6644359,0.7191622,1,0.7572755,0
0.813215,1,1,1,1,0.689455,0.7010194,1,0.757304,0
0.8100473,1,1,1,1,0.7163928,0.6834849,1,0.7575673,0
0.8070573,1,1,1,1,0.7453194,0.6665186,1,1,1
0.8073489,1,1,1,1,0.7483429,0.6539347,1,1,1
1,1,1,1,1,0.7520206,0.6413202,1,1,0
1,1,1,1,1,0.7779308,0.6259235,1,1,0
1,1,1,1,1,0.8058257,0.6108367,1,1,0
1,1,1,1,1,1,0.596049,1,1,0
1,1,1,1,1,1,0.5820611,1,1,0
1,1,1,1,1,1,0.5681803,1,1,0
1,1,1,1,1,1,0.5544155,1,1,0
1,1,1,1,1,1,0.5407713,1,1,0
1,1,1,1,1,1,0.5272514,1,1,0
1,1,1,1,1,1,0.5138623,1,1,0
1,1,1,1,1,1,0.5006024,1,1,0
1,1,1,1,1,1,0.4874765,1,1,0
1,1,1,1,1,1,0.4789419,1,1,0
1,1,1,1,1,1,0.4891761,1,1,0
1,1,1,1,1,1,0.4996835,1,1,0
1,1,1,1,1,1,0.5104623,0.5996852,1,0
1,1,1,1,1,1,0.5380771,0.5720171,1,0
1,1,1,1,1,1,0.5691783,0.545886,1,0
1,1,1,1,1,1,0.6041666,0.5212023,1,0
1,1,1,1,1,1,0.6435054,0.4978681,1,0
1,1,1,1,1,1,1,0.4757852,1,0
1,1,1,1,1,1,1,0.4563929,1,0
1,1,1,1,1,1,1,0.4375134,1,0
1,1,1,1,1,1,1,0.4191576,1,0
1,1,1,1,1,1,1,0.4013279,1,0
1,1,1,1,1,1,1,0.3840181,1,0
1,1,1,1,1,1,1,0.3672227,1,0
1,1,1,1,1,1,1,0.3691202,1,0
0.7384948,1,1,1,1,1,1,0.3816977,0.5503426,0
0.7358521,1,1,1,1,1,1,0.3980631,0.5130674,0
0.7333208,1,1,1,1,1,1,0.4161163,0.4783671,0
0.7309011,1,1,1,1,1,1,0.4359593,0.446116,0
0.7285851,1,1,1,1,1,1,0.4576995,0.4161572,0
0.7263641,1,1,1,1,1,1,0.4814362,0.388321,0
0.7242206,1,1,1,1,1,1,0.5072771,0.3624291,0
0.7221328,1,1,1,1,1,1,1,0.3383166,0
0.7191713,1,1,1,1,1,1,1,0.3192397,0
0.7162179,1,1,1,1,1,1,1,0.3240175,0
0.7131875,1,1,1,1,1,1,1,0.3322128,0
0.710059,1,1,1,1,1,1,1,0.3405398,0
0.7068275,1,1,1,1,1,1,1,0.3489797,0
0.7034883,1,1,1,1,1,1,1,0.3575134,0
0.7000356,1,1,1,1,1,1,1,0.3661248,0
0.6964699,1,1,1,1,1,1,1,0.3747892,0
0.6927839,1,1,1,1,1,1,1,0.3834939,0
0.6889801,1,1,1,1,1,1,1,0.3922134,0
0.7014658,1,1,1,1,1,1,1,0.4009302,0
0.7209865,1,1,1,1,1,1,1,0.4098969,0
0.7381741,1,1,1,1,1,1,1,0.419241,0
0.7534402,1,1,1,1,1,1,1,0.4289393,0
0.7671406,1,1,1,1,1,1,1,0.4389762,0
0.7795827,1,1,1,1,1,1,0.9908644,0.4493394,0
0.7906578,1,1,1,1,1,1,0.9791463,1,2
0.847122,1,1,1,1,1,1,0.9728003,1,2
0.899197,1,1,1,1,1,1,0.9656162,1,1
0.9456683,1,1,1,1,1,1,0.9576302,1,1
0.985859,1,1,1,1,1,1,0.9489182,1,1
1,1,1,1,1,1,1,0.9395865,1,1
1,1,1,1,1,1,1,0.9300148,1,1
1,1,1,1,1,1,1,0.92041,1,1
1,1,1,1,1,1,1,0.9107742,1,1
1,1,1,1,1,1,1,0.9011095,1,1
1,1,1,1,1,1,1,0.8914181,1,1
1,1,1,1,1,1,1,0.8817055,1,1
1,1,1,1,1,1,1,0.8719708,1,1
1,1,1,1,1,1,1,0.86222,1,1
1,1,1,1,1,1,1,0.8524585,1,1
1,1,1,1,1,1,1,0.8426855,1,1
1,1,1,1,1,1,1,0.832907,1,1
1,1,1,1,1,1,1,0.8231254,1,1
1,1,1,1,1,1,1,0.8133432,1,1
1,1,1,1,1,1,1,0.8035631,1,1
1,1,1,1,1,1,1,0.7937906,1,1
1,1,1,1,1,1,1,0.7840251,1,1
1,1,1,1,1,1,1,0.774272,1,1
1,1,1,1,1,1,1,0.7645338,1,1
1,1,1,1,1,1,1,0.7548161,1,1
1,1,1,1,1,1,1,0.7472577,1,1
1,1,1,1,1,1,1,0.7723302,1,1
1,1,1,1,1,1,1,0.797129,1,1
1,1,1,1,1,1,1,0.8215742,1,1
1,1,1,1,1,1,1,0.8455995,1,1
1,1,1,1,1,1,1,0.8691418,1,1
1,1,1,1,1,1,1,0.8921531,1,1
1,1,1,1,1,1,1,0.9145694,1,1
1,1,1,1,1,1,1,1,1,1
1,1,1,1,1,1,1,1,1,1
1,1,1,1,1,1,1,1,1,1
1,1,1,1,1,1,1,1,1,1
1,1,1,1,1,1,1,1,1,1
1,1,1,1,1,1,1,1,1,1
1,1,1,1,1,1,1,1,0.7953635,0
1,1,1,1,1,1,1,1,0.7801076,0
1,1,1,1,1,1,1,1,0.7648199,0
1,1,1,1,1,1,1,1,0.7495214,0
1,1,1,1,1,1,1,1,0.7342445,0
1,1,1,1,1,1,1,1,0.7190178,0
1,1,1,1,1,1,1,1,0.703864,0
1,1,1,1,1,1,1,1,0.6888098,0
1,1,1,1,1,1,1,1,0.6738797,0
1,1,1,1,1,1,1,1,0.6590935,0
1,1,1,1,1,1,1,1,0.6444771,0
1,1,1,1,1,1,1,1,0.6300468,0
1,1,1,1,1,1,1,1,0.6293072,0
1,1,1,1,1,1,1,1,0.6478854,0
1,1,1,1,1,1,1,1,0.6665786,0
1,1,1,1,1,1,1,1,0.6853479,0
1,1,1,1,1,1,1,1,0.7041491,0
1,1,1,1,1,1,1,1,0.7229429,0
1,1,1,1,1,1,1,1,0.7416844,0
1,1,1,1,1,1,1,1,0.7603347,0
1,1,1,1,1,1,1,1,0.7788501,0
1,1,1,1,1,1,1,1,1,1
1,1,1,1,1,1,1,1,1,1
1,1,1,1,1,1,1,1,1,1
1,1,1,1,1,1,1,1,1,1
1,1,1,1,1,1,1,1,1,1
1,1,1,1,1,1,1,1,1,1
1,1,1,1,1,1,1,1,1,1
1,1,1,1,1,1,1,1,1,1
1,1,1,1,1,1,1,1,1,1
1,1,1,1,1,1,1,1,1,1
1,1,1,1,1,1,1,1,1,1
1,1,1,1,1,1,1,1,1,1
1,1,1,1,1,1,1,1,1,1
1,1,1,1,1,1,1,1,1,1
1,1,1,1,1,1,1,1,1,1
1,1,1,1,1,1,1,1,1,1
1,1,1,1,1,1,1,1,1,1
1,1,1,1,1,1,1,1,1,1
1,1,1,1,1,1,1,1,1,1
1,1,1,1,1,1,1,1,1,1
1,1,1,1,1,1,1,1,1,1
1,1,1,1,1,1,1,1,1,1
1,1,1,1,1,1,1,1,1,1
1,1,1,1,1,1,1,1,1,1
1,1,1,1,1,1,1,1,1,1
1,1,1,1,1,1,1,1,1,1
1,1,1,1,1,1,1,1,1,1
1,1,1,1,1,1,1,1,1,1
1,1,1,1,1,1,1,1,1,1
1,1,1,1,1,1,1,1,1,1
1,1,1,1,1,1,1,1,1,1
1,1,1,1,1,1,1,1,1,1
1,1,1,1,1,1,1,1,1,1
1,1,1,1,1,1,1,1,1,1
1,1,1,1,1,1,1,1,1,1
1,1,1,1,1,1,1,1,1,1
1,1,1,1,1,1,1,1,1,1
1,1,1,1,1,1,1,1,1,1
1,1,1,1,1,1,1,1,1,1
1,1,1,1,1,1,1,1,1,1
1,1,1,1,1,1,1,1,1,1
1,1,1,1,1,1,1,1,1,1
1,1,1,1,1,1,1,1,1,1
1,1,1,1,1,1,1,1,1,1
1,1,1,1,1,1,1,1,1,1
1,1,1,1,1,1,1,1,1,1
1,1,1,1,1,1,1,1,1,1
1,1,1,1,1,1,1,1,1,1
1,1,1,1,1,1,1,1,1,1
1,1,1,1,1,1,1,1,1,1
1,1,1,1,1,1,1,1,1,1
1,1,1,1,1,1,1,1,1,1
1,1,1,1,1,1,1,1,1,1
1,1,1,1,1,1,1,1,1,1
1,1,1,1,1,1,1,1,1,1
1,1,1,1,1,1,1,1,1,1
1,1,1,1,1,1,1,1,1,1
1,1,1,1,1,1,1,1,1,1
1,1,1,1,1,1,1,1,1,1
1,1,1,1,1,1,1,1,1,1
1,1,1,1,1,1,1,1,1,1
1,1,1,1,1,1,1,1,1,1
1,1,1,1,1,1,1,1,1,1
1,1,1,1,1,1,1,1,1,1
1,1,1,1,1,1,1,1,1,1
1,1,1,1,1,1,1,1,1,1
1,1,1,1,1,1,1,1,1,1
1,1,1,1,1,1,1,1,1,1
1,1,1,1,1,1,1,1,1,1
1,1,1,1,1,1,1,1,1,1
1,1,1,1,1,1,1,1,1,1
1,1,1,1,1,1,1,1,1,1
1,1,1,1,1,1,1,1,1,1
1,1,1,1,1,1,1,1,1,1
1,1,1,1,1,1,1,1,1,1
1,1,1,1,1,1,1,1,1,1
1,1,1,1,1,1,1,1,1,1
1,1,1,1,1,1,1,1,1,1
1,1,1,1,1,1,1,1,1,1
1,1,1,1,1,1,1,1,1,1
1,1,1,1,1,1,1,1,1,1
1,1,1,1,1,1,1,1,1,1
1,1,1,1,1,1,1,1,1,1
1,1,1,1,1,1,1,1,1,1
1,1,1,1,1,1,1,1,1,1
1,1,1,1,1,1,1,1,1,1
1,1,1,1,1,1,1,1,1,1
1,1,1,1,1,1,1,1,1,1
1,1,1,1,1,1,1,1,1,1
1,1,1,1,1,1,1,1,1,1
1,1,1,1,1,1,1,1,1,1
1,1,1,1,1,1,1,1,1,1
1,0.9002487,1,1,1,1,0.9017074,1,1,1
1,0.9013745,1,1,1,1,0.8912809,1,1,1
1,0.9023453,1,1,1,1,0.8807468,1,1,1
1,0.9031581,1,1,1,1,0.8701088,1,1,1
1,0.9038144,1,1,1,1,0.8593712,1,1,1
1,0.9043125,1,1,1,1,0.8485384,1,1,1
1,0.9046508,1,1,1,1,0.8376153,1,1,1
1,0.9048287,1,1,1,1,0.8266069,1,1,1
1,0.9048499,1,1,1,1,0.8155182,1,1,1
1,0.9047147,1,1,1,1,0.8043548,1,1,1
1,0.9044278,1,1,1,1,0.7931219,1,1,1
1,0.9039862,1,1,1,1,0.781825,1,1,1
1,0.9033993,1,1,1,1,0.7704698,1,1,1
1,0.9026648,1,1,1,1,0.7590617,1,1,1
1,0.901793,1,1,1,1,0.7476063,1,1,1
1,0.9007823,1,1,1,1,0.736109,1,1,1
1,0.8996391,1,1,1,1,0.7245752,1,1,1
1,0.89837,1,1,1,1,0.7130102,1,1,1
1,0.8969781,1,1,1,1,0.701419,1,1,1
1,0.89547,1,1,1,1,0.6898066,1,1,1
1,0.8938489,1,1,1,1,0.6781778,1,1,1
1,0.8921217,1,1,1,1,0.6665372,1,1,1
1,0.8902952,1,1,1,1,0.6548892,1,1,1
1,0.8883723,1,1,1,1,0.6432412,1,1,1
1,0.8863599,1,1,1,1,0.6315939,1,1,1
1,0.8842646,1,1,1,1,0.619951,1,1,1
1,0.8820888,1,1,1,1,0.6083158,1,1,1
1,0.8798388,1,1,1,1,0.5966917,1,1,1
1,0.8775207,1,1,1,1,0.585085,1,1,1
1,0.8751367,1,1,1,1,0.573495,0.7905617,1,0
1,0.8681949,1,1,1,1,0.5603843,0.7675067,1,0
1,0.8610135,1,1,1,1,0.5473324,0.7446388,1,0
1,0.8536416,1,1,1,1,0.5543248,0.7220259,1,0
1,0.8463197,1,1,1,1,0.5713503,0.69996,1,0
1,0.8391563,1,1,1,1,0.5894552,0.6785386,1,0
1,0.8321576,1,1,1,1,0.6086611,0.6577478,1,0
1,0.8253306,1,1,1,1,0.628979,0.6375659,1,0
1,0.8186792,1,1,1,1,0.6504175,0.6179729,1,0
1,0.8122007,1,1,1,1,0.6729925,0.5989382,1,0
1,0.8058981,1,1,1,1,0.696697,0.580439,1,0
0.9947942,0.7997649,1,1,1,1,0.7215407,0.5624475,1,0
0.9805204,0.7939067,1,1,1,1,0.7469643,0.5450406,1,0
0.956374,0.7884907,1,1,1,1,0.7718542,0.5283396,1,0
0.9173151,0.7836739,1,1,1,1,0.7948238,0.5124515,1,0
0.8568527,0.7797025,1,1,1,1,1,0.4975284,1,1
0.7523093,0.7779055,1,1,1,1,1,0.4846559,1,2
0.6718775,0.7780315,1,1,1,1,1,0.4734213,1,2
0.6708478,0.7796386,1,1,1,1,1,0.4632843,1,2
0.6698838,0.7811589,1,1,1,1,1,0.4528449,1,2
0.6689761,1,1,1,1,1,1,0.4421038,1,1
0.6673969,1,1,1,1,1,1,0.4280807,1,1
0.6657763,1,1,1,1,1,1,0.4140024,1,1
0.6641133,1,1,1,1,1,1,0.3998874,1,1
0.662407,1,1,1,1,1,1,0.3857461,1,1
0.6606598,1,1,1,1,1,1,0.3715923,1,1
0.6588678,1,1,1,1,1,1,0.3574436,0.6642914,0
0.6560924,1,1,1,1,1,1,0.3660025,0.6173855,0
0.6532847,1,1,1,1,1,1,0.3767153,0.5727345,0
0.650471,1,1,1,1,1,1,0.3886914,0.5305825,0
0.6476783,1,1,1,1,1,1,0.4019965,0.4910152,0
0.6449251,1,1,1,1,1,1,0.4166985,0.4540291,0
0.6422248,1,1,1,1,1,1,0.4328623,0.4195646,0
0.6395802,1,1,1,1,1,1,0.4505599,0.3874964,0
0.6369926,0.6892096,1,1,1,1,1,0.4698542,0.3576819,0
0.6341408,1,1,1,1,1,1,0.4811774,0.3360009,0
0.6316234,0.6750175,1,1,1,1,1,0.503097,0.3126545,0
0.6285988,0.669808,1,1,1,1,1,0.5151076,0.3180514,0
0.6254934,1,1,1,1,1,1,0.5265905,0.323345,0
0.6229478,0.6568787,1,1,1,1,1,0.5503058,0.3317486,1
0.6195425,1,1,1,1,1,1,0.5602431,0.3367752,0
0.616883,1,1,1,1,1,1,0.5842897,0.3452845,0
0.6141186,0.6381671,1,1,1,1,1,0.8507047,0.3538802,2
0.6098226,1,1,1,1,1,1,0.8429765,0.3569669,0
0.606595,1,1,1,1,1,1,0.8289406,0.3641143,0
0.603305,1,1,1,1,1,1,0.8152299,0.3713942,0
0.5999469,1,1,1,1,1,1,0.8339338,0.3787995,0
0.596471,1,1,1,1,1,1,0.854898,0.3861196,0
0.5928718,1,1,1,1,1,1,0.8749784,0.393319,0
0.5891544,1,1,1,1,1,1,1,0.4003773,1
0.5851485,1,1,1,1,1,1,1,0.4066108,1
0.581084,1,1,1,1,1,1,1,0.4127582,1
0.5769639,1,1,1,1,1,1,1,0.4188102,1
0.5727916,1,1,1,1,1,1,1,0.4247583,1
0.5685738,1,1,1,1,1,1,1,0.43059,1
0.5643117,1,1,1,1,1,1,1,0.4363016,1
0.5600127,1,1,1,1,1,1,1,0.4418823,1
0.5556813,1,1,1,1,1,1,1,0.4473252,1
0.5513224,1,1,1,1,1,1,1,0.4526246,1
0.5469408,1,1,1,1,1,1,1,0.4577753,1
0.5425386,1,1,1,1,1,1,1,0.4627762,1
0.5381243,1,1,1,1,1,1,1,0.4676195,1
0.5337032,1,1,1,1,1,1,1,0.4723015,1
0.5292807,1,1,1,1,1,1,1,0.4768194,1
0.5248593,1,1,1,1,1,1,1,0.4811748,1
0.5204478,1,1,1,1,1,1,1,0.485362,1
0.5160486,1,1,1,1,1,1,1,1,2
0.5105648,1,1,1,1,1,1,1,1,2
0.5054889,1,1,1,1,1,1,1,1,2
0.5544158,1,1,1,1,1,1,1,1,2
0.8028799,1,1,1,1,1,1,1,1,2
1,1,1,1,1,1,1,1,1,1
1,1,1,1,1,1,1,1,1,1
1,1,1,1,1,1,1,1,1,1
1,1,1,1,1,1,1,1,1,1
1,1,1,1,1,1,1,1,1,1
1,1,0.9934797,1,1,1,1,1,1,1
1,1,0.9801447,1,1,1,1,1,1,1
1,1,0.9664472,1,1,1,1,1,1,1
1,1,0.952395,1,1,1,1,1,0.7410368,0
1,1,0.9462637,1,1,1,1,1,0.7160872,0
1,1,0.9407194,1,1,1,1,1,0.6911546,0
1,1,0.9357823,1,1,1,1,1,0.6663173,0
1,1,0.9314737,1,1,1,1,1,0.641652,0
1,1,0.9278156,1,1,1,1,1,0.6420509,0
1,1,0.9239951,1,1,1,1,1,0.6515102,0
1,1,0.9196914,1,1,1,1,1,0.6610109,0
1,1,0.9148674,1,1,1,1,1,0.6705175,0
1,1,0.9094921,1,1,1,1,1,0.6800012,0
1,1,0.9035317,1,1,1,1,1,0.6894282,0
1,1,0.8969551,1,1,1,1,1,1,1
1,1,0.8795748,1,1,1,1,1,1,1
1,1,0.8617741,1,1,1,1,1,1,2
1,1,0.8435841,1,1,1,1,1,1,2
1,1,0.8250439,1,1,1,1,1,1,2
1,1,0.8061873,1,1,1,1,1,1,2
1,1,0.790407,1,1,1,1,1,1,2
1,1,0.7899284,1,1,1,1,1,1,2
1,1,0.7895395,1,1,1,1,1,1,2
1,1,0.7892432,1,1,1,1,1,1,2
1,1,0.7890383,1,1,1,1,1,1,2
1,1,0.7889191,1,1,1,1,1,1,2
1,1,0.788889,1,1,1,1,1,1,2
1,1,0.7889422,1,1,1,1,1,1,2
1,1,0.7890777,1,1,1,1,1,1,2
1,1,0.7892985,1,1,1,1,1,1,2
1,1,0.7895993,1,1,1,1,1,1,2
1,1,0.7899786,1,1,1,1,1,1,2
1,1,0.7904354,1,1,1,1,1,1,2
1,1,0.7909642,1,1,1,1,1,1,2
1,1,0.7915683,1,1,1,1,1,1,2
1,1,0.7922467,1,1,1,1,1,1,2
1,0.9715907,0.7929935,1,1,1,1,1,1,2
1,0.9317454,0.7948021,1,1,1,1,1,1,2
1,0.8902305,0.7981008,1,1,1,1,1,1,2
1,0.8475498,0.8030041,1,1,1,1,1,1,2
1,0.8042332,0.8096236,1,1,1,1,1,1,2
1,0.7608109,0.8180794,1,1,1,1,1,1,2
1,0.7177716,0.8284885,1,1,1,1,1,1,2
1,0.6755526,0.8409718,1,1,1,1,1,1,2
1,0.6345161,1,1,1,1,1,1,1,2
1,0.5988267,1,1,1,1,1,1,1,2
1,0.5859849,1,1,1,1,1,1,1,2
1,0.5892882,1,1,1,1,1,1,1,2
1,0.5928661,1,1,1,1,1,1,1,2
1,0.5967122,1,1,1,1,1,1,1,2
1,0.6008195,1,1,1,1,1,1,1,2
1,0.6051849,1,1,1,1,1,1,1,2
1,0.6098011,1,1,1,1,1,1,0.9990466,2
1,0.6146404,1,1,1,1,1,1,0.9950639,2
1,0.6196429,1,1,1,1,1,1,0.9913076,2
1,0.6247908,1,1,1,1,1,1,0.9877617,2
0.8225514,0.6300778,1,1,1,1,1,1,0.9844027,2
0.7174507,0.6392746,1,1,1,1,1,1,0.9790491,2
0.6227278,0.6503814,1,1,1,1,1,1,0.9733462,2
0.5419848,0.6624564,1,1,1,1,1,1,0.9679147,2
0.5226707,0.6755642,1,1,1,1,1,1,0.9627453,2
0.5269113,0.6897724,1,1,1,1,1,1,0.9578328,2
0.5316689,1,1,1,1,1,1,1,0.9531661,2
0.5360019,1,1,1,1,1,1,1,0.9494594,2
0.5406162,1,1,1,1,1,1,1,0.9459286,2
0.5454983,1,1,1,1,1,1,1,0.9425558,2
0.5506346,1,1,1,1,1,1,1,0.9393244,2
0.5560151,1,1,1,1,1,1,1,0.9362153,2
0.5616253,1,1,1,1,1,1,1,0.9332135,2
0.5674513,1,1,0.9988082,1,1,1,1,0.9303048,2
0.5734813,1,1,0.9893137,1,1,1,1,0.9274728,2
0.5797006,1,1,0.9799972,1,1,1,1,0.924702,2
0.5860902,1,0.9905513,0.9708362,1,1,1,1,0.921981,2
0.5926574,1,0.9782252,0.9618145,1,1,1,1,0.9192961,2
0.5993934,1,0.9661984,0.9529155,1,1,1,1,0.9166363,2
0.6062757,1,0.9544548,0.9441242,1,1,1,1,0.9139932,2
0.6132888,1,0.9429721,0.9354202,1,1,1,1,0.911353,2
0.6204054,1,0.9317347,1,1,1,1,1,0.9087103,2
0.6277415,1,0.9206767,1,1,1,1,1,0.9060615,2
1,1,0.9098271,1,1,1,1,1,0.9033936,1
1,1,0.9006227,1,1,1,1,1,0.9002884,1
1,1,0.8914197,1,1,1,1,1,0.8972269,1
1,1,0.8822144,1,1,1,1,1,0.8942097,1
1,1,0.8730092,1,1,1,1,1,0.8912406,1
1,1,0.8638003,1,1,1,1,1,0.88832,1
1,1,0.8545901,1,1,1,1,1,0.8854483,1
1,1,0.8453744,1,1,1,1,1,0.8826262,1
1,1,0.8361556,1,1,1,1,1,0.8798539,1
1,1,0.8269295,1,1,1,1,1,0.8771347,1
1,1,0.8176982,1,1,1,1,1,0.8744656,1
1,1,0.8084575,1,1,1,1,1,0.8718501,1
1,1,0.7992092,1,1,1,1,1,0.8692881,1
1,1,0.7899492,1,1,1,1,1,0.8667765,1
1,1,0.7806792,1,1,1,1,1,0.8643184,1
1,1,0.7713981,1,1,1,1,1,0.8619133,1
1,1,0.7621045,1,1,1,1,1,0.8595583,1
1,1,0.752797,1,1,1,1,1,0.8572561,1
1,1,0.7434745,1,1,1,1,1,0.8550032,1
1,1,0.7341356,1,1,1,1,1,0.8528022,1
1,1,0.7247788,1,1,1,1,1,0.8506495,1
1,1,0.715403,1,1,1,1,1,0.8485479,1
1,1,0.7060066,1,1,1,1,1,0.8464936,1
1,1,0.6965886,1,1,1,1,1,0.8444861,1
1,1,0.6871508,0.670486,1,1,1,1,0.8425244,0
1,1,0.677771,0.6605955,1,1,1,1,0.8406346,1
1,1,0.6683582,0.6507124,1,1,1,1,0.8387964,1
1,1,0.6589139,0.6408384,1,1,1,1,0.8370022,1
1,1,0.6494333,0.6309691,1,1,1,1,0.8352534,1
1,1,0.6399182,0.6211061,1,1,1,1,0.8335456,1
1,1,0.6303673,0.6112481,1,1,1,1,1,1
1,1,0.6196924,0.6014674,1,1,1,1,1,1
1,1,0.6090522,1,1,1,1,1,1,1
1,1,0.5983967,1,1,1,1,1,1,1
1,1,0.5877705,1,1,1,1,1,1,1
1,1,0.5771776,1,1,1,1,1,1,1
1,1,0.5666183,1,1,1,1,1,1,1
1,1,0.5560902,1,1,1,1,1,1,1
1,1,0.5455965,1,1,1,1,1,1,1
1,1,0.5351376,1,1,1,1,1,1,1
1,1,0.5247136,1,1,1,1,1,1,1
1,0.6280876,0.5143244,1,1,1,1,1,1,2
1,0.6099452,0.5030682,1,1,1,1,1,1,2
1,0.5922614,0.4919862,1,1,1,1,1,1,2
1,0.575039,0.4810774,1,1,1,1,1,1,2
1,0.5582839,0.4703456,1,1,1,1,1,1,2
1,0.5419907,0.4597867,1,1,1,1,1,1,2
1,0.5261506,0.4493956,1,1,1,1,1,1,2
1,0.5107558,0.4391688,1,1,1,1,1,1,2
1,0.4957926,0.4290996,1,1,1,1,1,1,2
1,0.4812456,0.4254232,1,1,1,1,1,1,2
1,0.4671075,0.5532466,1,1,1,1,1,1,2
1,0.4534528,0.7316175,1,1,1,1,1,1,2
1,0.4402359,1,1,1,1,1,1,1,2
1,0.4274182,1,1,1,1,1,1,1,2
1,0.4148403,1,1,1,1,1,1,1,2
1,0.4024945,1,1,1,1,1,1,1,2
0.5517036,0.3903793,1,1,1,1,1,1,1,2
0.5246044,0.3768198,1,1,1,1,1,1,1,2
0.4991454,0.3637772,1,1,1,1,1,1,1,2
0.4751917,0.3512253,1,1,1,1,1,1,0.9876457,2
0.4526227,0.33914,1,1,1,1,1,1,0.9425724,2
0.4313356,0.3275021,1,1,1,1,1,1,0.9041912,2
0.4112336,0.3162907,1,1,1,1,1,1,0.8710896,2
0.3923839,0.3361095,1,1,1,1,1,1,0.8433906,2
0.3750641,0.3792162,1,1,1,1,1,1,0.822984,2
0.3590423,0.4264983,1,1,1,1,1,1,0.8082374,2
0.3440751,0.4783342,1,1,1,1,1,1,0.797616,2
0.3299859,0.5351188,1,1,1,1,1,1,0.7901029,2
0.3166328,0.5972985,1,1,1,1,1,1,0.7850128,2
0.3039146,1,1,1,1,1,1,1,0.7818375,2
0.2923131,1,1,1,1,1,1,1,0.7851657,2
0.2809094,1,1,1,1,1,1,1,0.7878774,2
0.269716,1,1,1,1,1,1,1,0.7900771,2
0.2805384,1,1,1,1,1,1,1,0.79186,2
0.2961628,1,1,1,1,1,1,1,0.7941412,2
0.312137,1,1,1,1,1,1,1,0.7970255,2
0.3284511,1,1,1,1,1,1,1,0.8004382,2
0.345094,1,1,1,1,1,1,1,0.8043167,2
0.3620542,1,1,1,1,1,1,1,0.8086057,2
0.3793193,1,1,1,1,1,1,1,0.8132623,2
0.3968762,1,1,1,1,1,1,1,0.8182521,2
0.414712,1,1,1,1,1,1,1,0.8235463,2
0.432813,1,0.9988884,1,1,1,1,1,0.8291133,2
0.4511589,1,0.9934265,1,1,1,1,1,0.8349489,2
0.4696837,1,0.9878905,1,1,1,1,1,0.8411244,2
0.4883591,1,0.9822754,1,1,1,1,1,0.8476243,2
0.5071697,1,0.9765866,1,1,1,1,1,0.8544191,2
0.5260999,1,1,1,1,1,1,1,0.861499,2
0.5455624,1,1,1,1,1,1,1,0.8682124,2
1,1,1,1,1,1,1,1,0.8750905,0
1,1,1,1,1,1,1,1,0.8948643,1
1,1,1,1,1,1,1,1,0.9139427,1
1,1,1,1,1,1,1,1,0.9322592,1
1,1,1,1,1,1,1,1,0.9497649,1
1,1,1,1,1,1,1,1,0.9664184,1
1,1,1,1,1,1,1,1,0.9821974,1
1,1,1,1,1,1,1,1,0.9970849,1
1,1,1,1,1,1,1,1,1,1
1,1,1,1,1,1,1,1,1,1
1,1,1,1,1,1,1,1,1,1
1,1,1,1,1,1,1,1,1,1
1,1,1,1,1,1,1,1,1,1
1,1,1,1,1,1,1,1,1,1
1,1,1,1,1,1,1,1,1,1
1,1,1,1,1,1,1,1,1,1
1,1,1,1,1,1,1,1,1,1
1,1,1,1,1,1,1,1,1,1
1,0.7691951,1,1,1,1,1,1,1,1
1,0.7621208,1,1,1,1,1,1,1,1
1,0.755053,1,1,1,1,1,1,1,1
1,0.7479917,1,1,1,1,1,1,1,1
1,0.7409372,1,1,1,1,1,1,1,1
1,0.7338892,1,1,1,1,1,1,1,1
1,0.7268481,1,1,1,1,1,1,1,1
1,0.7198138,1,1,1,1,1,1,1,1
1,0.7127864,1,1,1,1,1,1,1,1
1,0.7057659,1,1,1,1,1,1,1,1
1,0.6987525,1,1,1,1,1,1,1,1
1,0.6917461,1,1,1,1,1,1,1,1
1,0.6847467,1,1,1,1,1,1,1,1
1,0.6777546,1,1,1,1,1,1,1,1
1,0.6707696,1,1,1,1,1,1,1,1
1,0.6637949,1,1,1,1,1,1,1,1
1,0.6568275,1,1,1,1,1,1,1,1
1,0.6498673,1,1,1,1,1,1,1,1
1,0.6429144,1,1,1,1,1,1,1,1
1,0.635972,1,1,1,1,1,1,1,1
1,0.6290368,1,1,1,1,1,1,1,1
1,0.6221091,1,1,1,1,1,1,1,1
1,0.6151887,1,1,1,1,1,1,1,1
1,0.6082788,1,1,1,1,1,1,1,1
1,0.6013762,1,1,1,1,1,1,1,1
1,0.5944811,1,1,1,1,1,1,1,1
1,0.5875933,1,1,1,1,1,1,1,1
1,0.580716,1,1,1,1,1,1,1,1
1,0.5738462,1,1,1,1,1,1,1,1
1,0.5669836,1,1,1,1,1,1,1,1
1,0.5601315,1,1,1,1,1,1,1,1
1,0.5532869,1,1,1,1,1,1,1,1
0.6173083,0.6940685,1,1,1,1,1,1,1,2
0.607095,1,1,1,1,1,1,1,1,2
0.5972382,1,1,1,1,1,1,1,1,2
0.5875336,1,1,1,1,1,1,1,1,2
0.5779827,1,1,1,1,1,1,1,1,2
0.5685869,1,1,1,1,1,1,1,1,2
0.5593503,1,1,1,1,1,1,1,1,2
0.55027,1,1,1,1,1,1,1,1,2
0.5413489,1,1,1,1,1,1,1,1,2
0.5325872,1,1,1,1,1,1,1,1,2
0.5239871,1,1,1,1,1,1,1,1,2
0.5155442,1,1,1,1,1,1,1,1,2
0.5072609,1,1,1,1,1,1,1,1,2
0.4991319,1,1,1,1,1,1,1,1,2
0.491159,1,1,1,1,1,1,1,1,2
0.483337,1,1,1,1,1,1,1,1,2
0.4756669,1,1,1,1,1,1,1,1,2
0.4828477,1,1,1,1,1,1,1,1,2
0.5171248,1,1,1,1,1,1,1,1,2
0.5520048,1,1,1,1,1,1,1,1,2
0.5873483,1,1,1,1,1,1,1,1,2
0.6230169,1,1,1,1,1,1,1,1,2
0.658877,1,1,1,1,1,1,1,1,2
0.6947727,1,1,1,1,1,1,1,1,1
1,1,1,1,1,1,1,1,1,1
1,1,1,1,1,1,1,1,0.9934888,1
1,1,1,1,1,1,1,1,0.9820114,1
1,1,1,1,1,1,1,1,0.9702299,1
1,1,1,1,1,1,1,1,0.9581486,1
1,1,1,1,1,1,1,1,0.9457805,1
1,1,1,1,1,1,1,1,0.9331322,1
1,1,1,1,1,1,1,1,0.9202111,1
1,1,1,1,1,1,1,1,0.9070343,1
1,1,1,1,1,1,1,1,0.8936119,1
1,1,1,1,1,1,1,1,0.8799598,1
1,1,1,1,1,1,1,1,0.866094,0
1,1,1,1,1,1,1,1,0.8520327,0
1,1,1,1,1,1,1,1,0.8377949,0
1,1,1,1,1,1,1,1,0.8233965,0
1,1,1,1,1,1,1,1,0.8088622,0
1,1,1,1,1,1,1,1,0.794214,0
1,1,1,1,1,1,1,1,0.7794706,0
1,1,1,1,1,1,1,1,0.7646588,0
1,1,1,1,1,1,1,1,0.7498027,0
1,1,1,1,1,1,1,1,0.7525079,0
1,1,1,1,1,1,1,1,0.7706784,0
1,1,1,1,1,1,1,1,0.7888151,0
1,1,1,1,1,1,1,1,0.8068482,0
1,1,1,1,1,1,1,1,0.8247129,0
1,1,1,1,1,1,1,1,0.8423411,0
1,1,1,1,1,1,1,1,0.8596722,0
1,1,1,1,1,1,1,1,0.8766431,0
1,1,1,1,1,1,1,1,0.8931963,1
1,1,1,1,1,1,1,1,0.9092895,1
1,1,1,1,1,1,1,1,0.9248711,1
1,1,1,1,1,1,1,1,0.9399112,1
1,1,1,1,1,1,1,1,0.954376,1
1,1,1,1,1,1,1,1,0.9682442,1
1,0.9992078,1,1,1,1,1,1,0.9815008,1
1,0.9926652,1,1,1,1,1,1,1,1
1,0.986112,1,1,1,1,1,1,1,1
1,0.9795589,1,1,1,1,1,1,1,1
1,0.9730057,1,1,1,1,1,1,1,1
1,0.9664524,1,1,1,1,1,1,1,1
1,0.9598989,1,1,1,1,1,1,1,1
1,0.9533456,1,1,1,1,1,1,1,1
1,0.946792,1,1,1,1,1,1,1,1
1,0.9402385,1,1,1,1,1,1,1,1
1,0.9336849,1,1,1,1,1,1,1,1
1,0.9271313,1,1,1,1,1,1,1,1
1,0.9205806,1,1,1,1,1,1,1,1
1,0.9140299,1,1,1,1,1,1,1,1
1,0.9074791,1,1,1,1,1,1,1,1
1,0.9009283,1,1,1,1,1,1,1,1
1,0.8943774,1,1,1,1,1,1,1,1
1,0.8878266,1,1,1,1,1,1,1,1
1,0.8812757,1,1,1,1,1,1,1,1
1,0.8747277,1,1,1,1,1,1,1,1
1,0.8681798,1,1,1,1,1,1,1,1
1,0.8616319,1,1,1,1,1,1,1,1
1,0.8550838,1,1,1,1,1,1,1,1
1,0.8485389,1,1,1,1,1,1,1,1
1,0.8419939,1,1,1,1,1,1,1,1
1,0.8354489,1,1,1,1,1,1,1,1
1,0.8289039,1,1,1,1,1,1,1,1
1,0.8223619,1,1,1,1,1,1,1,1
1,1,1,1,1,1,1,1,1,1
1,1,1,1,1,1,1,1,1,1
1,1,1,1,1,1,1,1,1,1
1,1,1,1,1,1,1,1,1,1
1,1,1,1,1,1,1,1,1,1
1,1,1,1,1,1,1,1,1,1
1,1,1,1,1,1,1,1,1,1
1,1,1,1,1,1,1,1,1,1
1,1,1,1,1,1,1,1,1,1
1,1,1,1,1,1,1,1,1,1
0.8337408,1,1,1,1,1,1,1,1,1
0.8252875,1,1,1,1,1,1,1,1,1
0.8168412,1,1,1,1,1,1,1,1,1
0.8084054,1,1,1,1,1,1,1,1,1
0.799987,1,1,1,1,1,1,1,1,1
0.7915894,1,1,1,1,1,1,1,1,1
0.7832161,1,1,1,1,1,1,1,1,1
0.7748736,1,1,1,1,1,1,1,1,1
0.7665654,1,1,1,1,1,1,1,1,1
0.7582945,1,1,1,1,1,1,1,1,1
0.750064,1,1,1,1,1,1,1,1,2
0.74188,1,1,1,1,1,1,1,1,2
0.7337453,1,1,1,1,1,1,1,1,2
0.7256659,1,1,1,1,1,1,1,1,2
0.7176411,1,1,1,1,1,1,1,1,2
0.7096762,1,1,1,1,1,1,1,1,2
0.7017736,1,1,1,1,1,1,1,1,2
0.6939388,1,1,1,1,1,1,1,1,2
0.68617,1,1,1,1,1,1,1,1,2
0.6784725,1,1,1,1,1,1,1,1,2
0.6890131,1,1,1,1,1,1,1,1,2
0.7202286,1,1,1,1,1,1,1,1,1
0.7512635,1,1,1,1,1,1,1,1,1
0.7820094,1,1,1,1,1,1,1,1,1
0.8123605,1,1,1,1,1,1,1,1,1
0.8422159,1,1,1,1,1,1,1,1,1
0.8714808,1,1,1,1,1,1,1,1,1
0.9000745,1,1,1,1,1,1,1,1,1
1,1,1,1,1,1,1,1,1,1
1,1,1,1,1,1,1,1,1,1
1,1,1,1,1,1,1,1,1,1
1,1,1,1,1,1,1,1,1,1
1,1,1,1,1,1,1,1,1,1
1,1,1,1,1,1,1,1,1,1
1,1,1,1,1,1,1,1,1,1
1,1,1,1,1,1,1,1,1,1
1,1,1,1,1,1,1,1,1,1
1,1,1,1,1,1,1,1,1,1
1,1,1,1,1,1,1,1,1,1
1,1,1,1,1,1,1,1,1,1
1,1,1,1,1,1,1,1,1,1
1,1,1,1,1,1,1,1,1,1
1,1,1,1,1,1,1,1,1,1
1,1,1,1,1,1,1,1,1,1
1,1,1,1,1,1,1,1,1,1
1,1,1,1,1,1,1,1,1,1
1,1,1,1,1,1,1,1,1,1
1,1,1,1,1,1,1,1,1,1
1,1,1,1,1,1,1,1,1,1
1,1,1,1,1,1,1,1,1,1
1,1,1,1,1,1,1,1,1,1
1,1,1,1,1,1,1,1,1,1
1,1,1,1,1,1,1,1,1,1
1,1,1,1,1,1,1,1,1,1
1,1,1,1,1,1,1,1,1,1
1,1,1,1,1,1,1,1,1,1
1,1,1,1,1,1,1,1,1,1
1,1,1,1,1,1,1,1,1,1
1,1,1,1,1,1,1,1,1,1
1,1,1,1,1,1,1,1,1,1
1,1,1,1,1,1,1,1,1,1
1,1,1,1,1,1,1,1,1,1
1,1,1,1,1,1,1,1,1,1
1,1,1,1,1,1,1,1,1,1
1,1,1,1,1,1,1,1,1,1
1,1,1,1,1,1,1,1,1,1
1,1,1,1,1,1,1,1,1,1
1,1,1,1,1,1,1,1,1,1
1,1,1,1,1,1,1,1,1,1
1,1,1,1,1,1,1,1,1,1
1,1,1,1,1,1,1,1,1,1
1,1,1,1,1,1,1,1,1,1
1,1,1,1,1,1,1,1,1,1
1,1,1,1,1,1,1,1,1,1
1,1,1,1,1,1,1,1,1,1
1,1,1,1,1,1,1,1,1,1
1,1,1,1,1,1,1,1,1,1
1,1,1,1,1,1,1,1,1,1
1,1,1,1,1,1,1,1,1,1
1,1,1,1,1,1,1,1,1,1
1,1,1,1,1,1,1,1,1,1
1,1,1,1,1,1,1,1,1,1
1,1,1,1,1,1,1,1,1,1
1,1,1,1,1,1,1,1,1,1
1,1,1,1,1,1,1,1,1,1
1,1,1,1,1,1,1,1,1,1
1,1,1,1,1,1,1,1,1,1
1,1,1,1,1,1,1,1,1,1
1,1,1,1,1,1,1,1,1,1
1,1,1,1,1,1,1,1,1,1
1,1,1,1,1,1,1,1,1,1
1,1,1,1,1,1,1,1,1,1
1,1,1,1,1,1,1,1,1,1
1,1,1,1,1,1,1,1,1,1
1,1,1,1,1,1,1,1,1,1
1,1,1,1,1,1,1,1,1,1
1,1,1,1,1,1,1,1,1,1
1,1,1,1,1,1,1,1,1,1
1,1,1,1,1,1,1,1,1,1
1,1,1,1,1,1,1,1,1,1
1,1,1,1,1,1,1,1,1,1
1,1,1,1,1,1,1,1,1,1
1,1,1,1,1,1,1,1,1,1
1,1,1,1,1,1,1,1,1,1
1,1,1,1,1,1,1,1,1,1
1,1,1,1,1,1,1,1,1,1
1,1,1,1,1,1,1,1,1,1
1,1,1,1,1,1,1,1,1,1
1,1,1,1,1,1,1,1,1,1
1,1,1,1,1,1,1,1,1,1
1,1,1,1,1,1,1,1,1,1
1,1,1,1,1,1,1,1,1,1
1,1,0.9974432,1,1,1,1,1,1,1
1,1,0.9863879,1,1,1,1,1,1,1
1,1,0.9752442,1,1,1,1,1,1,1
1,1,0.9640145,1,1,1,1,1,1,1
1,1,0.952702,1,1,1,1,1,1,1
1,1,0.9413098,1,1,1,1,1,1,1
1,1,0.9298412,1,1,1,1,1,1,1
1,1,0.9183003,1,1,1,1,1,1,1
1,1,0.906691,1,1,1,1,1,1,1
1,1,0.8950176,1,1,1,1,1,1,1
1,1,0.8903474,1,1,1,1,1,1,1
1,1,0.8943607,1,1,1,1,1,1,1
1,1,0.8983017,1,1,1,1,1,1,1
1,1,0.9021711,1,1,1,1,1,1,1
1,1,0.9059626,1,1,1,1,1,1,1
1,1,0.909678,1,1,1,1,1,1,1
1,1,0.9133174,1,1,1,1,1,1,1
1,1,0.916883,1,1,1,1,1,1,1
1,1,0.9203758,1,1,1,1,1,1,1
1,1,0.9237898,1,1,1,1,1,1,1
1,1,0.9271261,1,1,1,1,1,1,1
1,1,0.9303867,1,1,1,1,1,1,1
1,1,0.9335732,1,1,1,1,1,1,1
1,1,0.9366869,1,1,1,1,1,1,1
1,1,0.9397219,1,1,1,1,1,1,1
1,1,0.9426877,1,1,1,1,1,1,1
1,1,1,1,1,1,1,1,1,1
1,1,1,1,1,1,1,1,1,1
1,1,1,1,1,1,1,1,1,1
1,1,1,1,1,1,1,1,1,1
1,1,1,1,1,1,1,1,1,1
1,1,1,1,1,1,1,1,1,1
1,1,1,1,1,1,1,1,1,1
1,1,1,1,1,1,1,1,1,1
1,1,1,1,1,1,1,1,1,1
1,1,1,1,1,1,1,1,1,1
1,1,1,1,1,1,1,1,1,1
1,0.8011047,1,1,1,1,1,1,1,2
1,0.7807133,1,1,1,1,1,1,1,2
1,0.7601337,1,1,1,1,1,1,1,2
1,0.7394302,1,1,1,1,1,1,1,2
1,0.718654,1,1,1,1,1,1,1,2
1,0.6978645,1,1,1,1,1,1,1,2
1,0.6771154,1,1,1,1,1,1,1,2
1,0.6564624,1,1,1,1,1,1,1,2
1,0.6359535,1,1,1,1,1,1,1,2
0.9816349,0.6156337,1,1,1,1,1,1,1,2
0.9259334,0.5951518,1,1,1,1,1,1,1,2
0.8704008,0.5738601,1,1,1,1,1,1,1,2
0.8784216,0.5849433,1,1,1,1,1,1,1,2
0.8866374,0.5985406,1,1,1,1,1,1,1,2
0.8949779,0.6123685,1,1,1,1,1,1,1,2
0.9033984,0.6263719,1,1,1,1,1,1,1,2
0.9118567,0.6404957,1,1,1,1,1,1,1,2
0.9203135,0.6546839,1,1,1,1,1,1,1,2
0.9287353,0.6688861,1,1,1,1,1,1,1,2
0.9370846,0.6830412,1,1,1,1,1,1,1,2
0.6799964,1,1,1,1,1,1,1,1,2
0.6473116,1,1,1,1,1,1,1,1,2
0.6149248,1,1,1,1,1,1,1,1,2
0.583052,1,1,1,1,1,1,1,1,2
0.5518778,1,1,1,1,1,1,1,1,2
0.5215637,1,1,1,1,1,1,1,1,2
0.5113524,1,1,1,1,1,1,1,1,2
0.5217422,1,1,1,1,1,1,1,1,2
0.5325074,1,1,1,1,1,1,1,1,2
0.5436326,1,1,1,1,1,1,1,1,2
0.5551006,1,1,1,1,1,1,1,1,2
0.5668935,1,1,1,1,1,1,1,1,2
0.578992,1,1,1,1,1,1,1,1,2
0.5913757,1,1,1,1,1,1,1,1,2
0.604023,1,1,1,1,1,1,1,1,2
0.6169111,1,1,1,1,1,1,1,1,2
1,1,1,1,1,1,1,1,1,1
1,1,1,1,1,1,1,1,1,1
1,1,1,1,1,1,1,1,1,1
1,1,1,1,1,1,1,1,1,1
1,1,1,1,1,1,1,1,1,1
1,1,1,1,1,1,1,1,1,1
1,1,1,1,1,1,1,1,1,1
1,1,1,1,1,1,1,1,1,1
1,1,1,1,1,1,1,1,1,1
1,1,1,1,1,1,1,1,1,1
1,1,1,1,1,1,1,1,1,1
1,1,1,1,1,1,1,1,1,1
1,1,1,1,1,1,1,1,1,1
1,1,1,1,1,1,1,1,1,1
1,1,1,1,1,1,1,1,1,1
1,1,1,1,1,1,1,1,1,1
1,1,1,1,1,1,1,1,1,1
1,1,1,1,1,1,1,1,1,1
1,1,1,1,1,1,1,1,1,1
1,1,1,1,1,1,1,1,1,1
1,1,1,1,1,1,1,1,1,1
1,1,1,1,1,1,1,1,1,1
1,1,1,1,1,1,1,1,1,1
1,1,1,1,1,1,1,1,1,1
1,1,1,1,1,1,1,1,1,1
1,1,1,1,1,1,1,1,1,1
1,1,1,1,1,1,1,1,1,1
1,1,1,1,1,1,1,1,1,1
1,1,1,1,1,1,1,1,1,1
1,1,1,1,1,1,1,1,1,1
1,1,1,1,1,1,1,1,1,1
1,1,1,1,1,1,1,1,1,1
1,1,1,1,1,1,1,1,1,1
1,1,1,1,1,1,1,1,1,1
1,1,1,1,1,1,1,1,1,1
1,1,1,1,1,1,1,1,1,1
1,1,1,1,1,1,1,1,1,1
1,1,1,1,1,1,1,1,1,1
1,1,1,1,1,1,1,1,1,1
1,1,1,1,1,1,1,1,1,1
1,1,1,1,1,1,1,1,1,1
1,1,1,1,1,1,1,1,1,1
1,1,1,1,1,1,1,1,1,1
1,1,1,1,1,1,1,1,1,1
1,1,1,1,1,1,1,1,1,1
1,1,1,1,1,1,1,1,1,1
1,1,1,1,1,1,1,1,1,1
1,1,1,1,1,1,1,1,1,1
1,1,1,1,1,1,1,1,1,1
1,1,1,1,1,1,1,1,1,1
1,1,1,1,1,1,1,1,1,1
1,1,1,1,1,1,1,1,1,1
1,1,1,1,1,1,1,1,1,1
1,1,1,1,1,1,1,1,1,1
1,1,1,1,1,1,1,1,1,1
1,1,1,1,1,1,1,1,1,1
1,1,1,1,1,1,1,1,1,1
1,1,1,1,1,1,1,1,1,1
1,1,1,1,1,1,1,1,1,1
1,1,1,1,1,1,1,1,1,1
1,1,1,1,1,1,1,1,1,1
1,1,1,1,1,1,1,1,1,1
1,1,1,1,1,1,1,1,1,1
1,1,1,1,1,1,1,1,1,1
1,1,1,1,1,1,1,1,1,1
1,1,1,1,1,1,1,1,1,1
1,1,1,1,1,1,1,1,1,1
1,1,1,1,1,1,1,1,1,1
1,1,1,1,1,1,1,1,1,1
1,1,1,1,1,1,1,1,1,1
1,1,1,1,1,1,1,1,1,1
1,1,1,1,1,1,1,1,1,1
1,1,1,1,1,1,1,1,1,1
1,1,1,1,1,1,1,1,1,1
1,1,1,1,1,1,1,1,1,1
1,1,1,1,1,1,1,1,1,1
1,1,1,1,1,1,1,1,1,1
1,1,1,1,1,1,1,1,1,1
1,1,1,1,1,1,1,1,1,1
1,1,1,1,1,1,1,1,1,1
1,1,1,1,1,1,1,1,1,1
1,1,1,1,1,1,1,1,1,1
1,1,1,1,1,1,1,1,1,1
1,1,1,1,1,1,1,1,1,1
1,1,1,1,1,1,1,1,1,1
1,1,1,1,1,1,1,1,1,1
1,1,1,1,1,1,1,1,1,1
1,1,1,1,1,1,1,1,1,1
1,1,1,1,1,1,1,1,1,1
1,1,1,1,1,1,1,1,1,1
1,1,1,1,1,1,1,1,1,1
1,1,1,1,1,1,1,1,1,1
1,1,1,1,1,1,1,1,1,1
1,1,1,1,1,1,1,1,1,1
1,1,1,1,1,1,1,1,1,1
1,1,1,1,1,1,1,1,1,1
1,1,1,1,1,1,1,1,1,1
1,1,1,1,1,1,1,1,1,1
1,1,1,1,1,1,1,1,1,1
1,1,1,1,1,1,1,1,1,1
1,1,1,1,1,1,1,1,1,1
1,1,1,1,1,1,1,1,1,1
1,1,1,1,1,1,1,1,1,1
1,1,1,1,1,1,1,1,1,1
1,1,1,1,1,1,1,1,1,1
1,1,1,1,1,1,1,1,1,1
1,1,1,1,1,1,1,1,1,1
1,1,1,1,1,1,1,1,1,1
1,1,1,1,1,1,1,1,1,1
1,1,1,1,1,1,1,1,1,1
1,1,1,1,1,1,1,1,1,1
1,1,1,1,1,1,1,1,1,1
1,1,1,1,1,1,1,1,1,1
1,1,1,1,1,1,1,1,1,1
1,1,1,1,1,1,1,1,1,1
1,1,1,1,1,1,1,1,1,1
1,1,1,1,1,1,1,1,1,1
1,1,1,1,1,1,1,1,1,1
1,1,1,1,1,1,1,1,1,1
1,1,1,1,1,1,1,1,1,1
1,1,1,1,1,1,1,1,1,1
1,1,1,1,1,1,1,1,1,1
1,1,1,1,1,1,1,1,1,1
1,1,1,1,1,1,1,1,1,1
1,1,1,1,1,1,1,1,1,1
1,1,1,1,1,1,1,1,1,1
1,1,1,1,1,1,1,1,1,1
1,1,1,1,1,1,1,1,1,1
1,1,1,1,1,1,1,1,1,1
1,1,1,1,1,1,1,1,1,1
1,1,1,1,1,1,1,1,1,1
1,1,1,1,1,1,1,1,1,1
1,1,1,1,1,1,1,1,1,1
1,1,1,1,1,1,1,1,1,1
1,1,1,1,1,1,1,1,1,1
1,1,1,1,1,1,1,1,1,1
1,1,1,1,1,1,1,1,1,1
1,1,1,1,1,1,1,1,1,1
1,1,1,1,1,1,1,1,1,1
1,1,1,1,1,1,1,1,1,1
1,1,1,1,1,1,1,1,1,1
1,1,1,1,1,1,1,1,1,1
1,1,1,1,1,1,1,1,1,1
1,1,1,1,1,1,1,1,1,1
1,1,1,1,1,1,1,1,1,1
1,1,1,1,1,1,1,1,1,1
1,1,1,1,1,1,1,1,1,1
1,1,1,1,1,1,1,1,1,1
1,1,1,1,1,1,1,1,1,1
1,1,1,1,1,1,1,1,1,1
1,1,1,1,1,1,1,1,1,1
1,1,1,1,1,1,1,1,1,1
1,1,1,1,1,1,1,1,1,1
1,1,1,1,1,1,1,1,1,1
1,1,1,1,1,1,1,1,1,1
1,1,1,1,1,1,1,1,1,1
1,1,1,1,1,1,1,1,1,1
1,1,1,1,1,1,1,1,1,1
1,1,1,1,1,1,1,1,1,1
1,1,1,1,1,1,1,1,1,1
1,1,1,1,1,1,1,1,1,1
1,1,0.9941453,1,1,1,1,1,1,1
1,1,1,1,1,1,1,1,1,1
1,1,1,1,1,1,1,1,1,1
1,1,1,1,1,1,1,1,1,1
1,1,1,1,1,1,1,1,1,1
1,1,1,1,1,1,1,1,1,1
1,1,1,1,1,1,1,1,1,1
1,1,1,1,1,1,1,1,1,1
1,1,1,1,1,1,1,1,1,1
1,1,1,1,1,1,1,1,1,1
1,1,1,1,1,1,1,1,1,1
1,1,1,1,1,1,1,1,1,1
1,1,1,1,1,1,1,1,1,1
1,1,1,1,1,1,1,1,1,1
1,1,1,1,1,1,1,1,1,1
1,1,1,1,1,1,1,1,1,1
1,1,1,1,1,1,1,1,1,1
1,1,1,1,1,1,1,1,1,1
1,1,1,1,1,1,1,1,1,1
1,1,1,1,1,1,1,1,1,1
1,1,1,1,1,1,1,1,1,1
1,1,1,1,1,1,1,1,1,1
1,1,1,1,1,1,1,1,1,1
1,1,1,1,1,1,1,1,1,1
1,1,1,1,1,1,1,1,1,1
1,1,1,1,1,1,1,1,1,1
1,1,1,1,1,1,1,1,1,1
1,0.8145137,1,1,1,1,1,1,1,1
1,0.8040137,1,1,1,1,1,1,1,1
1,0.7935132,1,1,1,1,1,1,1,1
1,0.7830186,1,1,1,1,1,1,1,1
1,0.7725373,1,1,1,1,1,1,1,1
1,0.7620693,1,1,1,1,1,1,1,1
1,0.7516215,1,1,1,1,1,1,1,1
1,0.7411973,1,1,1,1,1,1,1,1
1,0.7307998,1,1,1,1,1,1,1,1
1,0.7204324,1,1,1,1,1,1,1,1
1,0.710101,1,1,1,1,1,1,1,2
1,0.6998087,1,1,1,1,1,1,1,2
1,0.6895581,1,1,1,1,1,1,1,2
1,0.6793517,1,1,1,1,1,1,1,2
1,0.6691951,1,1,1,1,1,1,1,2
1,0.6590871,1,1,1,1,1,1,1,2
1,0.6490331,1,1,1,1,1,1,1,2
1,0.6390347,1,1,1,1,1,1,1,2
1,0.629097,1,1,1,1,1,1,1,2
1,0.619218,1,1,1,1,1,1,1,2
1,0.609399,1,1,1,1,0.9984444,1,1,2
1,0.6120083,1,1,1,1,0.9903951,1,1,2
1,0.6395562,1,1,1,1,0.9816715,1,1,1
1,0.6664643,1,1,1,1,0.9717552,1,1,1
1,0.6924399,1,1,1,1,0.9606134,1,1,1
1,0.7171967,1,1,1,1,0.9482288,1,1,1
1,0.7404627,1,1,1,1,0.9345993,1,1,1
1,0.7619605,1,1,1,1,0.9197292,1,1,1
0.6852012,1,1,1,1,1,0.9036449,1,1,2
0.6710361,1,1,1,1,1,0.8954603,1,1,2
0.6570409,1,1,1,1,1,0.8872649,1,1,2
0.6432203,1,1,1,1,0.9963138,0.8790386,1,1,2
0.629632,1,1,1,1,0.9829615,0.870591,1,1,2
0.6164254,1,1,1,1,0.9701122,0.8614601,1,1,2
0.6035899,1,1,1,1,0.9577683,0.8516051,1,1,1
0.5911072,1,1,1,1,0.945923,0.8409786,1,1,1
0.5789671,1,1,1,1,0.9345786,0.829551,1,1,1
0.5671513,1,1,1,1,0.9237335,0.8172874,1,1,1
0.5556496,1,1,1,1,0.9133897,0.8041731,1,1,1
0.544448,1,1,1,1,0.9035454,0.7901967,1,1,1
0.5335279,1,1,1,1,0.8941987,0.7753509,1,1,1
0.5228792,1,1,1,1,0.8853518,0.7596521,1,1,1
0.512483,1,1,1,1,0.8770066,0.7431154,1,1,1
0.5023243,1,1,1,1,0.8691607,0.7257736,1,1,1
0.5007249,1,1,1,1,0.8618106,0.7100729,1,1,1
0.5090474,1,1,1,1,0.8550684,0.7040168,1,1,1
0.5169239,1,1,1,1,0.8488222,0.6982037,1,1,1
0.5243659,1,1,1,1,0.8430339,0.6926187,1,1,1
0.5313923,1,1,1,1,0.8376672,0.6872456,1,1,1
0.538023,1,1,1,1,0.8326896,0.6820709,1,1,0
0.544278,1,1,1,1,0.8280734,0.6770822,1,1,0
0.5501728,1,1,1,1,0.8237978,0.6722728,1,1,0
0.555733,1,1,1,1,0.8198363,0.6676298,1,1,0
0.5609781,1,1,1,1,0.8161696,0.6631452,1,1,0
0.5659277,1,1,1,1,0.8127804,0.6588118,1,1,0
0.5706002,1,1,1,1,0.8096534,0.6546234,1,1,0
0.5750135,1,1,1,1,0.8067746,0.6505746,1,1,0
0.5791889,1,1,1,1,0.8041279,0.6466569,1,1,0
0.5831465,1,1,1,1,0.8016971,0.6428624,1,1,0
0.5869005,1,1,1,1,0.7994732,0.6391877,1,1,0
0.5904685,1,1,1,1,1,0.6356258,1,1,1
0.597509,1,1,1,1,1,0.6297643,1,1,1
0.6042691,1,1,1,1,1,0.6240678,1,1,1
0.610752,1,1,1,1,1,0.6185278,1,1,1
0.6169627,1,1,1,1,1,0.6131378,1,1,1
1,1,1,1,1,1,0.6078914,1,1,0
1,1,1,1,1,1,0.607363,1,1,0
1,1,1,1,1,1,0.6070353,0.8387113,1,0
1,1,1,1,1,1,0.6099376,0.7099013,1,0
1,1,1,1,1,1,0.6138051,0.6020628,1,0
0.6035131,1,1,1,1,1,0.6183115,0.5126253,1,0
0.5988688,1,1,1,1,1,0.6228944,0.4945935,1,0
0.5944159,1,1,1,1,1,0.6280745,0.4930685,1,0
0.5904651,1,1,1,1,1,0.6334769,0.4917844,1,0
0.5869621,1,1,1,1,1,0.6390749,0.4907177,1,0
0.5838588,1,1,1,1,1,0.6448436,0.4898469,1,0
0.5811087,1,1,1,1,1,1,0.4891548,1,0
0.5828842,1,1,1,1,1,1,0.4866104,1,0
1,1,1,1,1,1,1,0.484141,1,0
1,1,1,1,1,1,1,0.4846318,1,0
0.5765341,1,1,1,1,1,1,0.485499,1,0
1,1,1,1,1,1,1,0.4833696,1,0
1,1,1,1,1,1,1,0.484705,1,0
1,1,1,1,1,1,1,0.4864153,0.4386939,0
1,1,1,1,1,1,1,0.4888967,0.4366024,0
0.5630176,1,1,1,1,1,1,0.4918794,0.4349045,0
0.559275,1,1,1,1,1,1,0.4953818,0.4335989,0
0.5556256,1,1,1,1,1,1,0.4994241,0.4326853,0
0.5520608,1,1,1,1,1,1,0.5040325,0.4321671,0
0.548576,1,1,1,1,1,1,0.5092322,0.4320458,0
0.5451666,1,1,1,1,1,1,0.5150509,0.4323242,0
0.5418251,1,1,1,1,1,1,1,0.4330086,0
0.5416293,1,1,1,1,1,1,1,0.4326317,0
0.5414039,1,1,1,1,1,1,1,0.4323151,0
1,1,1,1,1,1,1,1,0.4320582,0
1,1,1,1,1,1,1,1,0.4334559,0
1,1,1,1,1,1,1,1,0.435271,0
1,1,1,1,1,1,1,1,0.437514,0
1,1,1,1,1,1,1,1,0.4401938,0
0.5254999,1,1,1,1,1,1,1,0.4433172,1
1,1,1,1,1,1,1,1,0.4441322,0
1,1,1,1,1,1,1,1,0.4477788,0
1,1,1,1,1,1,1,1,0.4518982,0
1,1,1,1,1,1,1,1,0.4565016,0
1,1,1,1,1,1,1,1,1,1
1,1,1,1,1,1,1,1,1,1
1,1,1,1,1,1,1,1,1,1
1,1,1,1,1,1,1,1,1,1
1,1,1,1,1,1,1,1,1,1
1,1,1,1,1,1,1,1,1,1
1,1,1,1,1,1,1,1,1,1
1,1,1,1,1,1,1,1,1,1
1,1,1,1,1,1,1,1,1,1
1,1,1,1,1,1,1,1,1,1
1,1,1,1,1,1,1,1,1,1
1,1,1,1,1,1,1,1,1,1
1,1,1,1,1,1,1,1,1,1
1,1,1,1,1,1,1,1,1,1
1,1,1,1,0.9943125,1,1,1,1,1
1,1,1,1,0.9845544,1,1,1,1,1
1,1,1,1,0.9751873,1,1,1,1,1
1,1,1,1,0.9661841,1,1,1,1,1
1,1,1,1,0.957545,1,1,1,1,1
1,1,1,1,0.9492461,1,1,1,1,1
1,1,1,1,0.9412651,1,1,1,1,1
1,1,1,1,0.9335817,1,1,1,1,1
1,1,1,1,0.9261765,1,1,1,1,1
1,1,1,1,0.9190325,1,1,1,1,1
1,1,1,1,0.9121327,1,1,1,1,1
1,1,1,1,0.9054877,1,1,1,1,1
1,1,1,1,0.8990563,1,1,1,1,1
1,1,1,1,0.8928512,1,1,1,1,1
1,1,1,1,0.8868594,1,1,1,1,1
1,1,1,1,0.8810426,1,1,1,1,1
1,1,1,0.8086804,0.8754157,1,1,1,1,1
1,1,1,0.7976069,0.8875751,1,1,1,1,1
1,1,1,0.7865481,1,1,1,1,1,1
0.9998791,1,1,0.7756104,1,1,1,1,1,1
0.9992067,1,1,0.7646659,1,1,1,1,1,1
0.9985892,1,1,0.7537119,1,1,1,1,1,1
0.9980301,1,1,0.7427515,1,1,1,1,1,1
0.9975293,0.997182,1,0.7317877,1,1,1,1,1,1
0.9971035,0.9749552,1,0.7208039,1,1,1,1,1,1
0.9968774,0.9517444,1,0.7096754,1,1,1,1,1,2
0.9968761,0.927645,1,0.698413,1,1,1,1,1,2
0.9971198,0.9036204,1,0.6870363,1,1,1,1,1,2
0.9976279,0.90707,1,0.6755663,1,1,1,1,1,2
0.9982235,0.9105927,1,0.6641822,1,1,1,1,1,2
0.9989026,0.9141798,1,0.652878,1,1,1,1,1,2
0.999661,0.9178227,1,0.6416539,1,1,1,1,1,2
1,0.9215087,1,0.6305065,1,1,1,1,1,2
1,0.9252442,1,0.6194295,1,1,1,1,1,2
1,0.9290296,1,0.6084177,1,1,1,1,1,2
1,0.9328593,1,0.5974714,1,1,1,1,1,2
1,0.9367276,1,0.5865839,1,1,1,1,1,2
1,0.9406255,1,0.5757555,1,1,1,1,1,2
1,0.9445441,1,0.5649832,1,1,1,1,1,2
1,0.9484783,1,0.5542606,1,1,1,1,1,2
1,0.9524237,1,0.543588,1,1,1,1,1,2
1,0.9563719,1,0.5329624,1,1,1,1,1,2
1,0.9603187,1,0.5223812,1,1,1,1,1,2
1,0.9642562,1,0.5369538,1,1,1,1,1,2
1,0.9680336,1,0.5522658,1,1,1,1,1,1
1,0.9716487,0.530498,0.5675684,1,1,1,1,1,2
1,0.9821183,0.5169293,1,1,1,1,1,1,2
1,0.9902351,0.5042263,1,1,1,1,1,1,2
1,1,0.4916959,1,1,1,1,1,1,2
0.9711428,1,0.4793386,1,1,1,1,1,1,2
0.9135259,1,0.4668832,1,1,1,1,1,1,2
0.8534968,1,0.4541752,1,1,1,1,1,1,2
0.792419,1,0.4412819,1,1,1,1,1,1,2
0.7903178,1,0.4282844,1,1,1,1,1,1,2
0.7966312,1,0.4155787,1,1,1,1,1,1,2
0.8032314,1,0.4031895,1,1,1,1,1,1,2
0.8100885,1,0.391094,1,1,1,1,1,1,2
0.8171788,1,0.3792708,1,1,1,1,1,1,2
0.824472,1,0.3981978,1,1,1,1,1,1,2
0.8318092,1,0.427172,1,1,1,1,1,1,2
0.839122,1,0.4581481,1,1,1,1,1,1,2
0.8463804,1,1,1,1,1,1,1,1,2
0.8514138,1,1,1,1,1,1,1,1,2
0.8564747,0.3838126,1,1,1,1,1,1,1,2
0.8691136,0.3660591,1,1,1,1,1,1,1,2
0.8823883,0.3491728,1,1,1,1,1,1,1,2
0.8962561,0.3330814,1,1,1,1,1,1,1,2
1,0.3177238,1,1,1,1,1,1,1,2
1,0.3036034,1,1,1,1,1,1,1,2
1,0.2898857,1,1,1,1,1,1,1,2
1,0.2765526,1,1,1,1,1,1,1,2
1,0.2813148,1,1,1,1,1,1,1,2
1,0.2969364,1,1,1,1,1,1,1,2
0.3466974,0.3133578,1,1,1,1,1,1,1,2
0.3231217,0.3359954,1,1,1,1,1,1,1,2
0.3010065,1,1,1,1,1,1,1,1,2
0.2802293,1,1,1,1,1,1,1,1,2
0.2606773,1,1,1,1,1,1,1,1,2
0.2422543,1,1,1,1,1,1,1,1,2
0.2410944,1,1,1,1,1,1,1,1,2
0.2537771,1,1,1,1,1,1,1,1,2
0.2674055,1,1,1,1,1,1,1,1,2
0.2819995,1,1,1,1,1,1,1,1,2
0.2973687,1,1,1,1,1,1,1,1,2
0.3135095,1,1,1,1,1,1,1,1,2
1,1,1,1,1,1,1,1,1,1
1,1,1,1,1,1,1,1,1,1
1,1,1,1,1,1,1,1,1,1
1,1,1,1,1,1,1,1,1,1
1,1,1,1,1,1,1,1,1,1
1,1,1,1,1,1,1,1,1,1
1,1,1,1,1,1,1,1,1,1
1,1,1,1,1,1,1,1,1,1
1,1,1,1,1,1,1,1,1,1
1,1,1,1,1,1,1,1,1,1
1,1,1,1,1,1,1,1,1,1
0.9663116,1,1,1,1,1,1,1,1,1
0.9229782,1,1,1,1,1,1,1,1,1
0.8744274,1,1,1,1,1,1,1,1,2
0.8211562,1,1,1,1,1,1,1,1,2
0.8102508,1,1,1,1,1,1,1,1,2
0.8123037,1,1,1,1,1,1,1,1,2
0.8144687,1,1,1,1,1,1,1,1,2
0.8167405,1,1,1,1,1,1,1,1,2
0.8191167,1,1,1,1,1,1,1,1,2
0.8215953,1,1,1,1,1,1,1,1,2
0.8241707,1,1,1,1,1,1,1,1,2
0.8268406,1,1,1,1,1,1,1,1,2
0.8295993,1,1,1,1,1,1,1,1,2
0.8324445,1,1,1,1,1,1,1,1,2
0.8353735,1,1,1,1,1,1,1,1,2
0.8383808,1,1,1,1,1,1,1,1,2
0.8414637,1,1,1,1,1,1,1,1,2
0.8446168,1,1,1,1,1,1,1,1,2
0.847837,1,1,1,1,1,1,1,1,2
0.8511189,1,1,1,1,1,1,1,1,2
1,1,1,1,1,1,1,1,1,1
1,1,1,1,1,1,1,1,1,1
1,1,1,0.9960988,1,1,1,1,1,1
1,1,1,0.986165,0.9927125,1,1,1,1,1
1,1,1,0.9762321,0.982712,1,1,1,1,1
1,1,1,0.9663006,0.9727076,1,1,1,1,1
1,1,1,0.9563707,0.9626995,1,1,1,1,1
1,1,1,0.946442,0.9526879,1,1,1,1,1
1,1,1,0.9365149,0.9426727,1,1,1,1,1
1,1,1,0.9265889,0.9326544,1,1,1,1,1
1,1,1,0.9166613,0.92263,1,1,1,1,1
1,1,1,0.9067348,0.9126026,1,1,1,1,1
1,1,1,0.8968095,0.9025725,1,1,1,1,1
1,1,1,0.8868853,0.8925399,1,1,1,1,1
1,1,1,0.8769621,0.8825051,1,1,1,1,1
1,1,1,0.86704,0.872468,1,1,1,1,1
1,1,1,0.8571187,0.8624291,1,1,1,1,1
1,1,1,0.8471984,0.8523886,1,1,1,1,1
1,1,1,0.8372758,0.8423435,1,1,1,1,1
1,1,1,0.827354,0.8322971,1,1,1,1,1
1,1,1,0.8174329,0.8222498,1,1,1,1,1
1,1,1,0.8075125,0.8122015,1,1,1,1,1
1,1,1,0.7975925,0.8021528,1,1,1,1,1
1,1,1,0.7876701,0.7921004,1,1,1,1,1
1,1,1,0.7777482,0.7820479,1,1,1,1,1
1,1,1,0.7678265,0.7719953,1,1,1,1,1
1,1,1,0.7579052,0.7619428,1,1,1,1,1
1,1,1,0.7479841,0.7518908,1,1,1,1,1
1,1,1,0.7380601,0.7418361,1,1,1,1,1
1,1,1,0.7281362,0.7317821,1,1,1,1,1
1,1,0.9899421,0.7182122,0.7217289,1,1,1,1,1
1,1,0.9796385,0.7082826,0.7116876,1,1,1,1,1
1,1,0.9692911,0.6983473,0.7016577,1,1,1,1,1
1,1,0.9588984,0.6884035,0.6916355,1,1,1,1,1
1,1,0.9484652,0.6784543,0.6816235,1,1,1,1,1
1,1,0.9379937,0.6685001,0.671621,1,1,1,1,1
1,1,0.9274856,0.6585412,0.6616274,1,1,1,1,1
1,1,0.9169467,0.648581,0.6516452,1,1,1,1,1
1,1,0.9063759,0.6386169,0.6416706,1,1,1,1,1
1,0.9927211,0.8957757,0.6286492,0.6317032,1,1,1,1,1
1,0.9783567,0.8850868,0.6186708,0.6217574,1,1,1,1,1
1,0.963559,0.874261,0.6086788,0.6118494,1,1,1,1,1
1,0.9483547,0.8633043,0.5986725,0.6019752,1,1,1,1,1
1,0.9327829,0.8522305,0.5886577,0.5921367,1,1,1,1,1
1,0.9168822,0.8410521,0.5786372,0.5823329,1,1,1,1,1
1,0.9006978,0.829785,0.5686175,0.572566,1,1,1,1,1
1,0.8842691,0.81844,0.5585987,0.5628321,1,1,1,1,1
1,0.8676441,0.8070345,0.5485874,0.5531329,1,1,1,1,2
1,0.8508677,0.7955832,0.5385867,0.5434673,1,1,1,1,2
1,0.8339839,0.7841005,0.5285999,0.5338339,1,1,1,1,2
1,0.8170358,0.7726006,0.5186296,0.5242306,1,1,1,1,2
1,0.8053783,0.7611003,0.5086812,0.5146587,1,1,1,1,2
1,0.8128769,0.7496436,0.498758,0.5051039,1,1,1,1,2
1,0.8201488,0.7383415,0.4888595,0.4955173,1,1,1,1,2
1,0.8271871,0.727183,0.4789847,0.4859014,1,1,1,1,2
1,0.8339871,0.4858465,0.4691266,0.4762535,1,1,1,1,2
1,0.8431166,0.4748573,0.4592932,0.4667912,1,1,1,1,2
1,0.8518391,0.4640094,0.4494834,0.45728,1,1,1,1,2
1,0.8601574,0.4532857,0.4396919,0.4477207,1,1,1,1,2
1,0.8680683,0.4426712,0.4299143,0.4381153,1,1,1,1,1
1,0.875582,0.432153,0.4201477,0.4284663,1,1,1,1,1
1,0.8827109,0.4217165,0.4103864,0.4187736,1,1,1,1,1
1,0.889465,0.4113516,0.4006289,0.4090405,1,1,1,1,1
1,0.8958555,0.4010497,0.3908741,0.3992709,1,1,1,1,1
1,0.9019058,0.3908001,0.3811183,0.3894652,1,1,1,1,1
1,0.9076287,0.3805991,0.3713642,0.3796303,1,1,1,1,1
0.993015,0.7380672,0.3704378,0.3616087,0.3697666,1,1,1,1,2
0.9603217,0.7223181,0.3599409,0.3519333,0.3602654,1,1,1,1,2
0.9265931,0.7061962,0.3494249,0.3423033,0.350857,1,1,1,1,2
0.8922175,0.6898003,0.3389091,0.332722,0.3415353,1,1,1,1,2
0.8575814,0.6732367,0.3284157,0.323195,0.3322958,1,1,1,1,2
0.8230462,0.6566104,0.3179652,0.3137264,0.3231326,1,1,1,1,2
0.7889325,0.6400201,0.3075763,0.3043191,0.314038,1,1,1,1,2
0.7555059,0.6235523,0.2972617,0.2949707,0.3049999,1,1,1,1,2
0.7229897,0.607289,0.2870372,0.2856836,0.2960112,1,1,1,1,2
0.6915417,0.5912917,0.2769093,0.2764523,0.287058,1,1,1,1,2
0.6957182,0.3128574,0.2668813,0.2672701,0.2781257,1,1,1,1,2
0.7071451,0.2986167,0.2568389,0.2583303,0.2696415,1,1,1,1,2
0.7180876,0.2851625,0.2470022,0.2493711,1,1,1,1,1,2
0.7331377,0.2710447,0.23719,0.240792,1,1,1,1,1,2
0.7489008,0.2575347,0.2275951,0.2323006,1,1,1,1,1,2
0.7643147,0.24478,0.2181997,0.2237833,1,1,1,1,1,2
0.7792884,0.2326482,0.2089598,0.215222,1,1,1,1,1,2
0.793755,0.2210288,0.1998388,0.206603,1,1,1,1,1,2
0.637366,0.2098313,0.1908078,0.1979191,1,1,1,1,1,2
0.2753106,0.1985317,0.1818894,0.189491,1,1,1,1,1,2
0.2558488,0.1871726,0.1731412,1,1,1,1,1,1,2
0.237511,0.1761981,0.1645537,1,1,1,1,1,1,2
0.2202035,0.1655849,0.156116,1,1,1,1,1,1,2
0.2038506,0.1553178,0.1478238,1,1,1,1,1,1,2
0.18838,0.1453796,0.13967,1,1,1,1,1,1,2
0.1737314,0.1357574,0.1316507,1,1,1,1,1,1,2
0.1598419,0.126433,0.1237564,1,1,1,1,1,1,2
0.1466628,0.1173956,1,1,1,1,1,1,1,2
0.134146,0.1086321,1,1,1,1,1,1,1,2
0.1222481,0.1001303,1,1,1,1,1,1,1,2
0.1109294,0.09187889,1,1,1,1,1,1,1,2
0.100154,0.0838673,1,1,1,1,1,1,1,2
0.08988893,0.1126922,1,1,1,1,1,1,1,2
0.08010782,0.1895108,1,1,1,1,1,1,1,2
0.07077958,0.30032,1,1,1,1,1,1,1,2
0.07476048,1,1,1,1,1,1,1,1,2
0.09268393,1,1,1,1,1,1,1,1,2
0.1120026,1,1,1,1,1,1,1,1,2
0.1327569,1,1,1,1,1,1,1,1,2
0.1549644,1,1,1,1,1,1,1,1,2
0.1786454,1,1,1,1,1,1,1,1,2
0.2038087,1,1,1,1,1,1,1,1,2
0.2304421,1,1,1,1,1,1,1,1,2
0.2585269,1,1,1,1,1,1,1,1,2
1,1,1,1,1,1,1,1,1,1
1,1,1,1,1,1,1,1,1,1
1,1,1,1,1,1,1,1,1,1
1,1,1,1,1,1,1,1,1,1
1,1,1,1,1,1,1,1,1,1
1,1,1,1,1,1,1,1,1,1
1,1,1,1,1,1,1,1,1,1
1,1,1,1,1,1,1,1,1,1
1,1,1,1,1,1,1,1,1,1
1,1,1,1,1,1,1,1,1,1
1,1,1,1,1,1,1,1,1,1
1,1,1,1,1,1,1,1,1,1
1,1,1,1,1,1,1,1,1,1
1,1,1,1,1,1,1,1,1,1
1,1,1,1,1,1,1,1,1,1
1,1,1,1,1,1,1,1,1,1
1,1,1,1,1,1,1,1,1,1
1,1,1,1,1,1,1,1,1,1
1,1,1,1,1,1,1,1,1,1
1,1,1,1,1,1,1,1,1,1
1,1,1,1,1,1,1,1,1,1
1,1,1,1,1,1,1,1,1,1
1,1,1,1,1,1,1,1,1,1
1,1,1,1,1,1,1,1,1,1
1,1,1,1,1,1,1,1,1,1
1,1,1,1,1,1,1,1,1,1
1,1,1,0.9972467,1,1,1,1,1,1
1,1,1,0.9889665,1,1,1,1,1,1
1,1,1,0.9804624,1,1,1,1,1,1
1,1,1,0.9717346,1,1,1,1,1,1
1,1,1,0.9627803,1,1,1,1,1,1
1,1,1,0.9535977,1,1,1,1,1,1
1,1,1,0.944185,1,1,1,1,1,1
1,1,1,0.9345464,1,1,1,1,1,1
1,1,1,0.9246829,1,1,1,1,1,1
1,1,0.9870268,0.9146001,1,1,1,1,1,1
1,1,0.9749621,0.9040849,1,1,1,1,1,1
1,1,0.9637971,0.8931602,1,1,1,1,1,1
1,1,0.9534963,0.8818597,1,1,1,1,1,0
1,1,0.9440407,0.8702103,1,1,1,1,1,0
1,1,0.9354011,0.8582397,1,1,1,1,1,0
1,1,0.9275659,0.8459843,1,1,1,1,1,0
1,1,0.9205111,0.8334777,1,1,1,1,1,0
1,1,0.9142299,0.8207482,1,1,1,1,1,0
1,1,0.9087035,0.8078322,1,1,1,1,1,0
1,1,0.9039224,0.7947614,1,1,1,1,1,0
1,1,0.8998864,0.781562,1,1,1,1,1,0
1,1,0.8965836,0.7682707,1,1,1,1,1,0
1,1,0.8940099,0.7549109,1,1,1,1,1,0
1,1,0.8921653,0.7415117,1,1,1,1,1,0
1,1,1,0.7280962,1,1,1,1,1,0
1,1,1,0.7156702,1,1,1,1,1,0
1,1,1,0.7032119,1,1,1,1,1,0
1,1,1,0.690731,1,1,1,1,1,0
1,1,1,0.6782409,1,1,1,1,1,0
1,1,1,0.6657506,1,1,1,1,1,0
1,1,1,0.6532722,0.7575704,1,1,1,1,0
1,1,1,0.6375872,0.7359616,1,1,1,1,0
1,1,1,0.6219611,0.7145445,1,1,1,1,0
1,1,1,0.6064454,0.6933995,1,1,1,1,0
1,1,1,0.5910889,0.6725994,1,1,1,1,0
1,1,1,0.5759292,0.6522008,1,1,1,1,0
1,1,1,0.561004,0.6322555,1,1,1,1,0
1,1,1,0.5463361,0.6127957,1,1,1,1,0
1,1,1,0.5472967,0.5938497,1,1,1,1,0
1,1,1,0.5549768,0.5755581,1,1,1,1,0
1,1,1,0.5635173,0.5579422,0.646335,1,1,1,0
1,1,1,0.5763685,0.5399995,0.6217026,1,1,1,0
1,1,1,0.5912276,0.522649,0.59815,1,1,1,0
1,1,1,0.6084202,0.5058547,0.5755984,1,1,1,0
1,1,1,0.6283585,0.4895799,0.5539727,1,1,1,0
1,1,1,0.6515599,0.4737906,0.5332044,1,1,1,0
1,1,1,1,0.4584554,0.5132315,1,1,1,0
1,1,1,1,0.4532999,0.4940008,1,1,1,0
1,1,1,1,0.4631995,0.4754603,1,1,1,0
1,1,1,1,0.4746872,0.4575621,1,1,1,0
1,1,1,1,0.4880092,0.440266,0.5517961,1,1,0
1,1,1,1,0.5034575,0.4235276,0.5258067,1,1,0
1,1,1,1,0.5214022,0.4073167,0.5010722,1,1,0
1,1,1,1,0.5423051,0.3915949,0.4774863,1,1,0
1,1,1,1,0.566741,0.3763335,0.4549615,1,1,0
1,1,1,1,1,0.383428,0.4334153,1,1,0
1,1,1,1,1,0.3937025,0.4127766,1,1,0
1,1,1,1,1,0.4055725,0.3929774,1,1,0
1,1,1,1,1,0.4192823,0.373956,1,1,0
1,1,1,1,1,0.435122,0.3556597,1,1,0
1,1,1,1,1,0.453448,0.3380367,1,1,0
1,1,1,1,1,0.4747132,0.3210436,1,1,0
1,1,1,1,1,0.499469,0.3046364,1,1,0
1,1,1,1,1,1,0.2948777,0.4525152,1,0
1,1,1,1,1,1,0.3029262,0.4203916,1,0
1,1,1,1,1,1,0.3121102,0.390364,1,0
1,1,1,1,1,1,0.3225589,0.3622158,1,0
1,1,1,1,1,1,0.3344373,0.3357731,1,0
1,1,1,1,1,1,0.347927,0.3108691,1,0
1,1,1,1,1,1,0.3632597,0.2873667,1,0
1,1,1,1,1,1,0.3806985,0.2651444,1,0
1,1,1,1,1,1,0.4005784,0.2440904,1,0
1,1,1,1,1,1,1,0.224105,1,0
1,1,1,1,1,1,1,0.2199496,1,0
1,1,1,1,1,1,1,0.226088,0.3774857,0
1,1,1,1,1,1,1,0.2329068,0.331354,0
1,1,1,1,1,1,1,0.2404549,0.2899768,0
1,1,1,1,1,1,1,0.2487875,0.2526498,0
1,1,1,1,1,1,1,0.2579766,0.2188081,0
1,1,1,1,1,1,1,0.2680935,0.1879876,0
1,1,1,1,1,1,1,0.2792244,0.1903059,0
1,1,1,1,1,1,1,0.2914676,0.1953029,0
1,1,1,1,1,1,1,0.3049298,0.2007386,0
1,1,1,1,1,1,1,0.3197392,0.2066353,0
1,1,1,1,1,1,1,1,0.2130174,0
1,1,1,1,1,1,1,1,0.2199082,0
1,1,1,1,1,1,1,1,0.2273372,0
1,1,1,1,1,1,1,1,0.235333,0
1,1,1,1,1,1,1,1,0.243931,0
1,1,1,1,1,1,1,1,0.2531666,0
1,1,1,1,1,1,1,1,0.2630787,0
1,1,1,1,1,1,1,1,0.2737144,0
1,1,1,1,1,1,1,1,0.285122,0
1,1,1,1,1,1,1,1,1,1
1,1,1,1,1,1,1,1,1,1
1,1,1,1,1,1,1,1,1,1
1,1,1,1,1,1,1,1,1,1
1,1,1,1,1,1,1,1,1,1
1,1,1,1,1,1,1,1,1,1
1,1,1,1,1,1,1,1,1,1
1,1,1,1,1,1,1,1,1,1
1,1,1,1,1,1,1,1,1,1
1,1,1,1,1,1,1,1,1,1
1,1,1,1,1,1,1,1,1,1
1,1,1,1,1,1,1,1,1,1
1,1,1,1,1,1,1,1,1,1
1,1,1,1,1,1,1,1,1,1
1,1,1,1,1,1,1,1,1,1
1,1,1,1,1,1,1,1,1,1
1,1,1,1,1,1,1,1,1,1
1,1,1,1,1,1,1,1,1,1
1,1,1,1,1,1,1,1,1,1
1,1,1,1,1,1,1,1,1,1
1,1,1,1,1,1,1,1,1,1
1,1,1,1,1,1,1,1,1,1
1,1,1,1,1,1,1,1,1,1
1,1,1,1,1,1,1,1,1,1
1,1,1,1,1,1,1,1,1,1
1,1,1,1,1,1,1,1,1,1
1,0.9961707,1,1,1,1,1,1,1,1
1,0.9913208,1,1,1,1,1,1,1,1
1,0.9865133,1,1,1,1,1,1,1,1
1,0.9817477,1,1,1,1,1,1,1,1
1,0.9770263,1,1,1,1,1,1,1,1
1,0.972352,1,1,1,1,1,1,1,1
1,0.967724,1,1,1,1,1,1,1,1
1,0.9631456,1,1,1,1,1,1,1,1
1,0.9586191,1,1,1,1,1,1,1,1
1,0.9541418,1,1,1,1,1,1,1,1
1,0.9497195,1,1,1,1,1,1,1,1
1,0.9453524,1,1,1,1,1,1,1,1
1,0.9410405,1,1,1,1,1,1,1,1
1,0.936787,1,1,1,1,1,1,1,1
1,0.9325951,1,1,1,1,1,1,1,1
1,0.9284652,1,1,1,1,1,1,1,1
1,0.9243976,1,1,1,1,1,1,1,1
1,1,1,1,1,1,1,1,1,1
1,1,1,1,1,1,1,1,1,1
0.9988329,1,1,1,1,1,1,1,0.9954897,1
0.9942135,1,1,1,1,1,1,1,0.9820658,1
0.9896388,1,1,1,1,1,1,1,0.9683985,1
0.9851105,1,1,1,1,1,1,1,0.9544938,1
0.9934624,1,1,1,1,1,1,1,0.9403542,1
1,1,1,1,1,1,1,1,0.9254556,1
1,1,1,1,1,1,1,1,0.9098964,1
1,1,1,1,1,1,1,1,0.8939775,1
1,1,1,1,1,1,1,1,0.8777181,1
1,1,1,1,1,1,1,1,0.8611542,0
1,1,1,1,1,1,1,1,0.8443206,0
1,1,1,1,1,1,1,1,0.8272497,0
1,1,1,1,1,1,1,1,0.8099812,0
1,1,1,1,1,1,1,1,0.7954625,0
1,1,1,1,1,1,1,1,0.8071023,0
0.8450837,1,1,1,1,1,1,1,0.8186749,1
0.8397763,1,1,1,1,1,1,1,0.8249179,1
0.8343982,1,1,1,1,1,1,1,0.830808,1
0.8289541,1,1,1,1,1,1,1,0.8363475,1
0.8234556,1,1,1,1,1,1,1,0.8415316,1
0.817911,1,1,1,1,1,1,1,0.8463624,1
0.8123292,1,1,1,1,1,1,1,0.8508418,1
0.8067191,1,1,1,1,1,1,1,0.8549741,1
0.8010896,1,1,1,1,1,1,1,0.8587642,1
0.7954497,1,1,1,1,1,1,1,0.8622187,1
0.7898086,1,1,1,1,1,1,1,0.8653447,2
0.7841755,1,1,1,1,1,1,1,0.8681501,2
0.7785592,1,1,1,1,1,1,1,0.8706443,2
0.7729657,1,1,1,1,1,1,1,0.8728405,2
0.767407,1,1,1,1,1,1,1,0.8747452,2
0.7618886,1,1,1,1,1,1,1,0.8763727,2
0.7564222,1,1,1,1,1,1,1,0.8777299,2
0.751013,1,1,1,1,1,1,1,0.8788322,2
0.7456692,1,1,1,1,1,1,1,0.8796912,2
0.7403957,1,1,1,1,1,1,1,0.8803223,2
0.7396179,1,1,1,1,1,1,1,0.8807325,2
0.8247991,1,1,1,1,1,1,1,0.881074,1
0.8978141,1,1,1,1,1,1,1,0.883947,1
0.9565514,1,1,1,1,1,1,1,0.8889365,1
1,1,1,1,1,1,1,1,0.8956069,1
1,1,1,1,1,1,1,1,0.903519,1
1,1,1,1,1,1,1,1,0.9113209,1
1,1,1,1,1,1,1,1,0.9190041,1
1,1,1,1,1,1,1,1,1,1
1,1,1,1,1,1,1,1,1,1
1,1,1,1,1,1,1,1,1,1
1,1,1,1,1,1,1,1,1,1
1,1,1,1,1,1,1,1,1,1
1,1,1,1,1,1,1,1,1,1
1,1,1,1,1,1,1,1,1,1
1,1,1,1,1,1,1,1,1,1
1,1,1,1,1,1,1,1,1,1
1,1,1,1,1,1,1,1,1,1
1,1,1,1,1,1,1,1,1,1
1,1,1,1,1,1,1,1,1,1
1,1,1,1,1,1,1,1,1,1
1,1,1,1,1,1,1,1,1,1
1,1,1,1,1,1,1,1,1,1
1,1,1,1,1,1,1,1,1,1
1,1,1,1,1,1,1,1,1,1
1,1,1,1,1,1,1,1,1,1
1,1,1,1,1,0.9911755,1,1,1,1
1,1,1,1,1,0.9817708,1,1,1,1
1,1,1,1,1,0.9723395,1,1,1,1
1,1,1,1,1,0.9628795,1,1,1,1
1,1,1,1,1,0.9533947,1,1,1,1
1,1,1,1,1,0.9438829,1,1,1,1
1,0.9749983,1,1,0.9957998,0.9343452,1,1,1,1
1,0.933699,1,1,0.9849685,0.9245118,1,1,1,1
1,0.8864964,1,1,0.973262,0.9142033,1,1,1,2
1,0.8419706,1,1,0.9606179,0.903388,1,1,1,2
1,0.8396918,1,1,0.9471627,0.8921431,1,1,1,2
1,0.8376299,1,1,0.9336764,0.8808874,1,1,1,2
1,0.8357894,1,1,0.92018,0.8696328,1,1,1,2
1,0.8341769,1,0.9927248,0.9066994,0.8583962,1,1,1,2
1,0.8328398,1,0.9758763,0.8931941,0.8471583,1,1,1,2
1,0.8318451,1,0.9589109,0.8796214,0.8359016,1,1,1,2
1,0.8312024,1,0.9418885,0.866018,0.824648,1,1,1,2
1,0.8309164,1,0.9248689,0.8524219,0.8134205,1,1,1,2
1,0.8309929,1,0.9079119,0.838872,0.8022431,1,1,1,2
1,0.8314354,1,0.8910649,0.8253967,0.7911312,1,1,1,2
1,0.8322383,1,0.8743733,0.812024,0.7801002,1,1,1,2
1,0.8334002,1,0.8578757,0.7987779,0.7691621,1,1,1,2
1,0.8349107,1,0.8416084,0.7856809,0.758329,1,1,1,2
1,0.8367597,1,0.8256004,0.772751,0.7476097,1,1,1,2
1,0.8389322,1,0.809868,0.7599954,0.7370034,1,1,1,2
1,0.8414134,1,0.794428,0.7474238,0.7265128,1,1,1,2
1,1,1,0.7792915,0.7350419,0.7161378,1,1,1,2
1,1,1,0.7663659,0.7238317,0.7060968,1,1,1,2
1,1,1,0.753499,0.7126576,0.6960787,1,1,1,2
0.7495725,1,1,0.7407001,0.7015247,0.6860844,1,1,1,2
0.7483799,1,0.837729,0.7249509,0.6889407,1,1,1,1,2
0.7478294,1,0.81322,0.7087747,0.6762367,1,1,1,1,2
0.7478143,1,0.7897315,0.6931168,0.663888,1,1,1,1,2
0.7483371,1,0.7671989,0.677951,0.651879,1,1,1,1,2
0.7494019,1,0.7455662,0.6632557,0.6401979,1,1,1,1,2
0.7510138,1,0.7247787,0.6490079,0.6288306,0.992484,1,1,1,2
0.7531825,1,0.7047856,0.6351861,0.6177636,1,1,1,1,2
0.7559131,1,0.685544,0.6217728,0.6069878,1,1,1,1,2
0.7591273,1,0.6671708,0.608811,0.5965022,1,1,1,1,2
0.7627786,1,0.6496285,0.5962729,0.9491269,1,1,1,1,2
0.7667941,1,0.6329061,0.5841411,0.9391342,1,1,1,1,2
0.7712221,1,0.6168258,0.5723416,0.9294726,1,1,1,1,2
1,1,0.6013508,0.560848,0.9201056,1,1,1,1,2
1,1,0.5885152,0.5501968,0.9105054,1,1,1,1,2
1,1,0.5758355,0.5396186,0.9009635,1,1,1,1,2
1,1,0.5633101,0.5291108,0.8914749,1,1,1,1,2
1,1,0.5509362,0.5186704,0.8820338,1,1,1,1,2
1,1,0.5387101,0.5082937,0.8726345,1,1,1,1,2
1,0.6959324,0.5266279,0.4979771,0.8632709,1,1,0.9989494,1,2
1,0.6711495,0.5131427,0.4874415,1,1,1,0.986467,1,2
1,0.6472143,0.4999345,0.5178202,1,1,1,0.9741904,1,2
1,0.6244982,0.4871031,0.8298787,1,1,1,0.9625582,1,2
1,0.6030681,0.4746641,0.8197401,1,1,1,0.9517133,1,2
1,0.5825137,0.4625063,0.8098257,1,1,1,0.9412688,1,2
1,0.5627989,0.4506194,0.8001205,1,1,1,0.9312334,1,2
1,0.5438792,0.4389882,0.7906044,1,1,1,0.9215976,1,2
1,0.5257117,0.4275994,0.7812599,1,1,1,0.9123532,1,2
1,0.5082487,0.416436,0.7720661,1,1,1,0.903488,1,2
1,0.4914424,0.4054811,0.7630021,1,1,1,0.894986,1,2
1,0.4752459,0.3947178,0.754048,1,1,1,0.8868262,1,2
1,0.4596178,0.384133,1,1,1,1,0.8789887,1,2
1,0.4442093,0.373652,1,1,1,1,0.8710494,1,2
1,0.4292905,0.3633263,1,1,1,1,0.863372,1,2
1,0.4148261,0.4101344,1,1,1,1,0.8559411,1,2
0.6221832,0.4008594,0.4734567,1,1,1,1,0.848849,1,2
0.5863209,0.3848477,0.6085156,1,1,1,1,0.838434,1,2
0.5529632,0.3694787,0.6867561,1,1,1,1,0.8283364,1,2
0.5218649,0.3547151,0.6765035,1,1,1,1,0.8185419,1,2
0.4928123,0.3405224,0.6666509,1,1,1,1,0.8090369,1,2
0.4656178,0.3268687,0.6571872,1,1,1,1,0.7998058,1,2
0.4401209,0.3137282,0.6481059,1,1,1,1,0.7908335,1,2
0.4161753,0.3010733,0.6393979,1,1,1,1,0.7821124,1,2
0.3937915,0.2889178,1,1,1,1,1,0.7736872,1,2
0.3726795,0.2771895,1,1,1,1,1,0.7654746,1,2
0.3529236,0.2878692,1,1,1,1,1,0.7575413,1,2
0.3344999,0.3202333,1,1,1,1,1,0.7499007,1,2
0.3173363,0.3558123,1,1,1,1,1,0.7425463,1,2
0.3012728,0.3947615,1,1,1,1,1,0.7354266,0.990622,2
0.2862598,0.4366133,1,1,1,1,1,0.72853,0.9716727,2
0.2722299,0.4805062,1,1,1,1,1,0.7218356,0.9591819,2
0.2589766,0.5264655,1,1,1,1,1,0.7152718,0.9513496,2
0.2463512,0.5713207,1,1,1,1,1,0.7087942,0.947007,2
0.2342359,0.5617452,1,1,1,1,1,0.7023703,0.9452793,2
0.2437365,0.5523698,1,1,1,1,0.7850883,0.695959,0.9443607,1
0.2538691,0.5441433,1,1,1,1,1,0.689865,0.9638075,2
0.2670046,0.5350051,1,1,1,1,0.7675033,0.6834669,0.9637592,1
0.2769103,0.5270036,1,1,1,1,1,0.677349,0.9856806,2
0.290403,0.5180531,1,1,1,1,1,0.670955,0.9861974,2
0.3039586,0.509306,1,1,1,1,1,0.6645664,0.9886205,2
0.317569,0.5007316,1,1,1,1,1,0.6581705,0.9926155,2
0.3312154,0.4923047,1,1,1,1,0.7222408,0.6517642,0.9979259,0
0.3397118,0.4848771,1,1,1,1,1,0.6454846,1,2
0.3532212,0.5057946,1,1,1,1,1,0.6390845,1,2
0.366489,0.5539857,1,1,1,1,1,0.6326724,1,1
0.3793575,0.6008582,1,1,1,1,1,0.6262488,1,1
0.3917906,0.6456935,1,1,1,1,1,0.6198125,1,1
0.4037542,0.6878492,1,1,1,1,1,0.6133684,1,1
0.4152269,0.7268254,1,1,1,1,1,0.6069205,1,1
0.4261885,0.762241,1,1,1,1,1,0.6004776,1,1
0.4366358,0.7938932,1,1,1,1,1,0.5940434,1,1
0.4465659,1,1,1,1,1,1,0.5876257,1,1
0.4551229,1,1,1,1,1,1,0.5812457,1,0
0.4632751,1,1,1,1,1,1,0.5749102,1,0
0.4710249,1,1,1,1,1,1,0.5686247,1,0
0.46581,1,1,1,1,1,1,0.5623947,1,0
0.457859,1,1,1,1,1,1,0.5562185,1,0
0.4498102,1,1,1,1,1,1,0.5500945,1,0
0.4416561,1,1,1,1,1,1,0.5440218,0.5907127,0
0.4385996,1,1,1,1,1,1,0.5385293,0.5792094,0
0.4355246,1,1,1,1,1,1,0.5334316,0.5682927,0
0.4323798,1,1,1,1,1,1,0.5287267,0.5579787,0
0.4291578,1,1,1,1,1,1,0.5244101,0.548242,0
0.4258505,0.6993216,1,1,1,1,1,0.5204784,0.5390595,0
0.421296,0.6783358,1,1,1,1,1,0.5166725,0.5308251,0
0.4164211,0.6599588,1,1,1,1,1,0.5131312,0.5230641,0
0.4111907,0.6438029,1,1,1,1,1,0.5098364,0.5157494,0
0.4055738,0.6295571,1,1,1,1,1,1,0.5088549,1
0.3910102,0.6485857,1,1,1,1,1,1,0.5044632,1
0.3766555,0.6678677,1,1,1,1,1,1,0.5000204,1
0.3624977,1,1,1,1,1,1,1,0.495525,1
0.3516991,1,1,1,1,1,1,1,0.4904512,1
0.357931,1,1,1,1,1,1,1,0.4854068,1
0.3640023,1,1,1,1,1,1,1,0.4803343,1
0.3699068,1,1,1,1,1,1,1,0.4752401,1
0.3756386,1,1,1,1,1,1,1,0.4701306,1
0.3811886,1,1,1,1,1,1,1,0.4650153,1
0.386557,1,1,1,1,1,1,1,0.4598976,1
0.3917361,1,1,1,1,1,1,1,0.4547872,1
0.3967275,1,1,1,1,1,1,1,0.4496875,1
0.4015294,1,1,1,1,1,1,1,0.444605,0
0.4061405,1,1,1,1,1,1,1,0.439546,0
0.4105561,1,1,1,1,1,1,1,0.4345202,0
0.4147806,1,1,1,1,1,1,1,0.4295306,0
0.4188184,1,1,1,1,1,1,1,0.4245803,0
0.4226666,1,1,1,1,1,1,1,0.4196785,0
0.4263269,1,1,1,1,1,1,1,0.414831,0
0.4298053,1,1,1,1,1,1,1,0.4107457,0
0.4331145,1,1,1,1,1,1,1,0.4774524,1
1,1,1,1,1,1,1,1,1,1
1,1,1,1,1,1,1,1,1,1
1,1,1,1,1,1,1,1,1,1
1,1,1,1,1,1,1,1,1,1
1,1,1,1,1,1,1,1,1,1
1,1,1,1,1,1,1,1,1,1
1,1,1,1,1,1,1,1,1,1
1,1,1,1,1,1,1,1,1,1
1,1,1,1,1,1,1,1,1,1
1,1,1,1,1,1,1,1,1,1
1,1,1,1,1,1,1,1,1,1
1,1,1,1,1,1,1,1,1,1
1,1,1,1,1,1,1,1,1,1
1,1,1,1,1,1,1,1,1,1
1,1,1,1,1,1,1,1,1,1
1,1,1,1,1,1,1,1,1,1
1,1,1,1,1,1,1,1,1,1
1,1,1,1,1,1,1,1,1,1
1,1,1,1,1,1,1,1,1,1
1,1,1,1,1,1,1,1,1,1
1,1,1,1,1,1,0.9208252,1,1,1
1,1,1,1,1,1,0.9091974,1,1,1
1,1,1,1,1,1,0.897503,1,1,1
1,1,1,1,1,1,0.8857467,1,1,1
1,1,1,1,1,1,0.873933,1,1,1
1,1,1,1,1,1,0.8620669,1,1,1
1,1,1,1,1,1,0.8501536,1,1,1
1,1,1,1,1,1,0.8382015,1,1,1
1,1,1,1,1,1,0.8262126,1,1,1
1,1,1,1,1,1,0.8141922,1,1,1
1,1,1,1,1,1,0.8021457,1,1,1
1,1,1,1,1,1,0.7900783,1,1,1
1,1,1,1,1,1,0.7779989,1,1,1
1,1,1,1,1,1,0.7659094,1,1,1
1,1,1,1,1,1,0.7538149,1,1,1
1,1,1,1,1,1,0.7417238,1,1,1
1,1,1,1,1,1,0.7296411,1,1,0
1,1,1,1,1,1,0.7175683,1,1,0
1,1,1,1,1,1,0.7055131,1,1,0
1,1,1,1,1,1,0.69348,1,1,0
1,1,1,1,1,1,0.6814732,1,1,0
1,1,1,1,1,1,0.6694966,1,1,0
1,1,1,1,1,1,0.6575539,1,1,0
1,1,1,1,1,1,0.6456484,1,1,0
1,1,1,1,1,1,0.6337866,1,1,0
1,1,1,1,1,1,0.6338066,1,1,0
1,1,1,1,1,1,0.6458919,1,1,0
1,1,1,1,1,1,0.6580418,1,1,0
1,1,1,1,1,1,0.6702456,1,1,0
1,1,1,1,1,1,0.6824829,1,1,0
1,1,1,1,1,1,0.6947235,1,1,1
1,1,1,1,1,1,0.7069659,1,1,1
1,1,1,1,1,1,0.719179,1,1,1
1,1,1,1,1,1,1,1,1,1
1,1,1,1,1,1,1,1,1,1
1,1,1,1,1,1,1,1,1,1
1,1,1,1,1,1,1,1,1,1
1,1,1,1,1,1,1,1,1,1
1,1,1,1,1,1,1,1,1,1
1,1,1,1,1,1,1,0.6083154,1,0
1,1,1,1,1,1,1,0.5887258,1,0
1,1,1,1,1,1,1,0.569416,1,0
1,1,1,1,1,1,1,0.5504136,1,0
1,1,1,1,1,1,1,0.531742,1,0
1,1,1,1,1,1,1,0.513424,1,0
1,1,1,1,1,1,1,0.4954825,1,0
1,1,1,1,1,1,1,0.4779241,1,0
1,1,1,1,1,1,1,0.4607635,1,0
1,1,1,1,1,1,1,0.4440043,1,0
1,1,1,1,1,1,1,0.4310326,1,0
1,1,1,1,1,1,1,0.4441772,1,0
1,1,1,1,1,1,1,0.4577772,1,0
1,1,1,1,1,1,1,0.4718153,1,0
1,1,1,1,1,1,1,0.4862719,1,0
1,1,1,1,1,1,1,0.5011253,1,0
1,1,1,1,1,1,1,0.5163569,0.5236565,0
1,1,1,1,1,1,1,1,0.4913479,0
1,1,1,1,1,1,1,1,0.4634441,0
1,1,1,1,1,1,1,1,0.4366824,0
1,1,1,1,1,1,1,1,0.4111043,0
1,1,1,1,1,1,1,1,0.3867235,0
1,1,1,1,1,1,1,1,0.3818748,0
1,1,1,1,1,1,1,1,0.3943702,0
1,1,1,1,1,1,1,1,0.4074257,0
1,1,1,1,1,1,1,1,0.421027,0
1,1,1,1,1,1,1,1,0.4351578,0
1,1,1,1,1,1,1,1,0.4498031,0
1,1,1,1,1,1,1,1,0.4649411,0
1,1,1,1,1,1,1,1,0.4805517,0
1,1,1,1,1,1,1,1,1,1
1,1,1,1,1,1,1,1,1,1
1,1,1,1,1,1,1,1,1,1
1,1,1,1,1,1,1,1,1,1
1,1,1,1,1,1,1,1,1,1
1,1,1,1,1,1,1,1,1,1
1,1,1,1,1,1,1,1,1,1
1,1,1,1,1,1,1,1,1,1
1,1,1,1,1,1,1,1,1,1
1,1,1,1,1,1,1,1,1,1
1,1,1,1,1,1,1,1,1,1
1,1,1,1,1,1,1,1,1,1
1,1,1,1,1,1,1,1,1,1
1,1,1,1,1,1,1,1,1,1
1,1,1,1,1,1,1,1,1,1
1,1,1,1,1,1,1,1,1,1
1,1,1,1,0.9913289,1,1,1,1,1
1,1,1,1,0.9811997,1,1,1,1,1
1,1,1,1,0.9709228,1,1,1,1,1
1,1,1,1,0.960501,1,1,1,1,1
1,1,1,1,0.9499383,1,1,1,1,1
1,1,1,1,0.9392354,1,1,1,1,1
1,1,1,1,0.9283935,1,1,1,1,1
1,1,1,1,0.9174178,1,1,1,1,1
1,1,1,1,0.9063144,1,1,1,1,1
1,1,1,1,0.8950858,1,1,1,1,1
1,1,1,1,0.8837389,1,1,1,1,1
1,1,1,0.9967172,0.8722774,1,1,1,1,1
1,1,1,0.9826385,0.8606588,1,1,1,1,1
1,1,1,0.9680616,0.8487304,1,1,1,1,2
1,1,1,0.9530089,0.8365046,1,1,1,1,2
1,1,1,0.9375037,0.8239929,1,1,1,1,2
1,1,1,0.9215824,0.8112178,1,1,1,1,2
1,1,1,0.9052784,0.7981972,1,1,1,1,2
1,1,1,0.8886371,0.7849588,1,1,1,1,2
1,1,1,0.8716992,0.7763616,1,1,1,1,2
1,1,1,0.8545867,0.7775072,1,1,1,1,2
1,1,1,0.8374811,0.7793576,1,1,1,1,2
1,1,1,0.8204141,0.7819275,1,1,1,1,2
1,1,1,0.8034179,0.7852204,1,1,1,1,2
1,1,1,0.7865216,0.7892411,1,1,1,1,2
1,1,1,0.7697511,0.7940086,1,1,1,1,2
1,1,1,0.7531284,0.7995365,1,1,1,1,2
1,1,1,0.7366731,0.805826,1,1,1,1,2
1,1,1,0.7204004,0.8129009,1,1,1,1,2
1,1,1,0.7043234,0.8207713,1,1,1,1,2
1,1,1,0.6884519,0.8294495,1,1,1,1,2
1,1,1,0.6727963,0.8389567,1,1,1,1,2
1,1,1,0.6573578,0.8493074,1,1,1,1,2
1,1,0.7998978,0.6421458,0.8605181,1,1,1,1,2
1,1,0.7726247,0.6247752,1,1,1,1,1,2
1,1,0.7473849,0.6286478,1,1,1,1,1,2
1,1,0.7227365,0.6388875,1,1,1,1,1,2
1,1,0.6987956,0.6503872,1,1,1,1,1,2
1,1,0.6755804,0.6632047,1,1,1,1,1,2
1,1,0.6530974,0.6774029,1,1,1,1,1,2
1,1,0.6313398,0.6930364,1,1,1,1,1,2
1,1,0.6102969,0.7101788,1,1,1,1,1,2
1,1,0.5899517,0.7289026,1,1,1,1,1,2
1,1,0.5702821,0.7492786,1,1,1,1,1,2
1,1,0.5512623,1,1,1,1,1,1,2
1,1,0.5343203,1,1,1,1,1,1,2
1,1,0.5176076,1,1,1,1,1,1,2
1,1,0.5011387,1,1,1,1,1,1,2
1,1,0.5030409,1,1,1,1,1,1,2
1,1,0.5090389,1,1,1,1,1,1,2
1,1,0.5152655,1,1,1,1,1,1,2
1,1,0.5217099,1,1,1,1,1,1,2
1,1,0.5283663,1,1,1,1,1,1,2
1,0.6324274,0.5352288,1,1,1,1,1,1,2
1,0.5956911,0.5524803,1,1,1,1,1,1,2
1,0.5613385,0.5717002,1,1,1,1,1,1,2
1,0.5291306,0.5931289,1,1,1,1,1,1,2
1,0.4988739,0.6170644,1,1,1,1,1,1,2
1,0.4703832,1,1,1,1,1,1,1,2
1,0.4454907,1,1,1,1,1,1,1,2
1,0.4214474,1,1,1,1,1,1,1,2
1,0.3982722,1,1,1,1,1,1,1,2
1,0.3845646,1,1,1,1,1,1,1,2
1,0.3927464,1,1,1,1,1,1,1,2
1,0.4013951,1,1,1,1,1,1,1,2
1,0.4105055,1,1,1,1,1,1,1,2
0.569194,0.4200716,1,1,1,1,1,1,1,2
0.5177726,0.4324151,1,1,1,1,1,1,1,2
0.4712903,0.445879,1,1,1,1,1,1,1,2
0.4290758,0.4605671,1,1,1,1,1,1,1,2
0.3905681,0.4765871,1,1,1,1,1,1,1,2
0.3553007,0.4940663,1,1,1,1,1,1,1,2
0.3403964,0.5131449,1,1,1,1,1,1,1,2
0.3478569,1,0.9868935,1,1,1,1,1,1,2
0.3559012,1,1,1,1,1,1,1,1,2
0.3645574,1,1,1,1,1,1,1,1,2
0.3738605,1,1,1,1,1,1,1,1,2
0.3838485,1,1,1,1,1,1,1,1,2
0.3945455,1,1,1,1,1,1,1,1,2
0.4057853,1,1,1,1,1,1,1,1,2
0.4175529,1,1,1,1,1,1,1,1,2
0.4298396,1,1,1,1,1,1,1,1,2
0.4426343,0.9723574,1,1,1,1,1,1,1,2
0.4561172,0.9553816,1,1,1,1,1,1,1,2
1,0.9392141,1,1,1,1,1,1,1,1
1,0.9294354,1,1,1,1,1,1,1,1
1,0.9196182,1,1,1,1,1,1,1,1
1,0.9097648,1,1,1,1,1,1,1,1
1,0.8998777,1,1,1,1,1,1,1,1
1,0.8899629,1,1,1,1,1,1,1,1
1,0.8800195,1,1,1,1,1,1,1,1
1,0.8700538,1,1,1,1,1,1,1,1
1,0.8600683,1,1,1,1,1,1,1,1
1,0.8500695,1,1,1,1,1,1,1,1
1,0.8400567,1,1,1,1,1,1,1,1
1,0.8300362,1,1,1,1,1,1,1,1
1,0.8200108,1,1,1,1,1,1,1,1
1,0.8099836,1,1,1,1,1,1,1,1
1,0.7999607,1,1,1,1,1,1,1,1
1,0.7899417,1,1,1,1,1,1,1,1
1,0.7974584,1,1,1,1,1,1,1,1
1,0.819108,1,1,1,1,1,1,1,1
1,0.8404012,1,1,1,1,1,1,1,1
1,0.8612888,1,1,1,1,1,1,1,1
1,0.881735,1,1,1,1,1,1,1,1
1,0.9016868,1,1,1,1,1,1,1,1
1,0.9211154,1,1,1,1,1,1,1,1
1,0.9399855,1,1,1,1,1,1,1,1
1,1,1,1,1,1,1,1,1,1
1,1,1,1,1,1,1,1,1,1
1,1,1,1,1,1,1,1,1,1
1,1,1,1,1,1,1,1,1,1
1,1,1,1,1,1,1,1,1,1
1,1,1,1,1,1,1,1,1,1
1,1,1,1,1,0.9968203,0.9944597,1,1,1
1,1,1,1,1,0.9892804,0.9786786,1,1,1
0.8291294,1,1,1,1,0.9826012,0.9618151,1,1,1
0.8147947,1,1,1,1,0.9711944,0.9509616,1,1,1
0.8008032,1,1,1,1,0.9601675,0.9396178,1,1,1
0.7871529,1,1,1,1,0.9495293,0.9277616,1,1,1
0.7738327,1,1,1,1,0.9392835,0.9153627,1,1,1
0.7608442,1,1,1,1,0.9294418,0.9024123,1,1,1
0.7481747,1,1,1,1,0.9200109,0.8888894,1,1,1
0.7358197,1,1,1,1,0.9109969,0.8747899,1,1,1
0.7237694,1,1,1,1,0.902405,0.8601097,1,1,1
0.712018,1,1,1,1,0.8942439,0.8448563,1,1,1
0.7005502,1,1,1,1,1,0.8290332,1,1,1
0.6873456,1,1,1,1,1,0.8166944,1,1,1
0.6742812,1,1,1,1,1,0.8041713,1,1,1
0.6613598,1,1,1,1,0.8555973,0.7914509,1,1,1
0.6509897,1,1,1,1,1,0.7735218,1,1,1
0.6383754,1,1,1,1,1,0.7601714,1,1,1
0.6448839,1,1,1,1,1,0.7465906,1,1,1
0.6536387,1,1,1,1,1,0.7321462,1,1,1
0.6618561,1,1,1,1,1,0.7167805,1,1,1
0.6695017,1,1,1,1,1,0.7005311,1,1,1
0.6765428,1,1,1,1,1,0.6834534,1,1,1
0.6829621,1,1,1,1,1,0.6656065,1,1,1
0.6887404,1,1,1,1,1,0.647065,1,1,1
0.6938711,1,1,1,1,1,0.6279109,1,1,0
0.6983547,1,1,1,1,1,0.6195692,1,1,0
0.7024982,1,1,1,1,1,0.6152125,1,1,0
0.7064158,1,1,1,0.9992393,1,0.6109701,1,1,0
0.7101094,1,1,1,0.9861975,1,0.6068441,1,1,0
0.7133953,1,1,1,0.9729702,1,0.6029426,1,1,0
0.716294,1,1,1,0.9595951,1,0.599264,1,1,0
0.7188309,1,1,1,0.9460983,1,0.595803,1,1,0
0.7210322,1,1,1,0.9325107,1,0.5925552,1,1,0
0.7229238,1,1,1,0.9231821,1,0.5895162,1,1,0
0.7245967,1,1,1,0.9252383,1,0.5866398,1,1,0
0.7262262,1,1,1,0.9274562,1,0.5838241,1,1,0
0.7278208,1,1,1,0.9298247,1,0.5810629,1,1,0
0.7293798,1,1,1,0.932347,1,0.5783581,1,1,0
0.7309108,1,1,1,0.9350126,1,0.5757041,1,1,0
0.7324165,1,1,1,0.9378188,1,0.573099,1,1,0
0.7338989,1,1,1,0.9407633,0.9191194,0.5705417,1,1,0
0.7340586,1,1,1,0.9477974,0.9021527,0.5689819,1,1,0
0.9832031,1,1,1,1,0.885335,0.567615,1,1,0
0.7295722,1,1,1,1,0.8643773,0.569975,0.6504914,1,0
0.7224042,1,1,1,1,0.8413602,1,0.573451,1,0
0.72075,1,1,1,1,0.8241204,1,0.5215004,1,0
0.7178782,1,1,1,1,0.8060824,1,0.4699889,1,0
0.7139395,1,1,1,1,0.7874533,1,0.4422225,1,0
0.709565,1,1,1,1,0.7756275,1,0.4412848,1,0
0.7054226,1,1,1,1,0.7922298,1,0.4405873,1,0
0.7017669,1,1,1,1,0.8091357,1,0.4400188,1,0
0.6985463,1,1,1,1,0.8262984,1,0.4395573,1,0
0.6957055,1,1,1,1,0.8436909,1,0.4391919,1,0
0.6931998,1,1,1,1,1,1,0.43891,1,0
0.6920176,1,1,1,1,1,1,0.4381548,1,0
0.6908783,1,1,1,1,1,0.7757358,0.4375125,1,0
0.6874782,1,1,1,1,1,0.753409,0.4383326,1,0
0.6841177,1,1,1,1,1,0.7317568,0.4394636,1,0
0.6808157,1,1,1,1,1,0.7107787,0.4409001,0.5467502,0
0.6758906,1,1,1,1,1,0.6879608,0.4439616,0.3873726,0
0.671132,1,1,1,1,1,0.6660699,1,0.3864938,0
0.666548,1,1,1,1,1,0.6511957,1,0.385987,0
0.6621745,1,1,1,1,1,0.6704288,1,0.38584,0
0.6581984,1,1,1,1,1,0.6904712,1,0.3859902,0
0.6545681,1,1,1,1,1,0.7112825,1,0.386409,0
0.6512415,1,1,1,1,1,1,1,0.3870667,0
0.6493539,1,1,1,1,1,1,1,0.3874372,0
0.6474855,1,1,1,1,1,1,1,0.3879577,0
0.6456354,1,1,1,1,1,1,1,0.3886229,0
0.6438023,1,1,1,1,1,1,1,0.3894277,0
0.6419851,1,1,1,1,1,1,1,0.390367,0
0.640179,1,1,1,1,1,1,1,0.3914388,0
0.6383829,1,1,1,1,1,1,1,1,2
0.6408939,1,1,1,1,1,1,1,1,2
1,1,1,1,1,1,1,1,1,1
1,1,1,1,1,1,1,1,1,1
1,1,1,1,1,1,1,1,1,1
1,1,1,1,1,1,1,0.6058212,1,0
1,1,1,1,1,1,1,0.5807511,1,0
1,1,1,1,1,1,1,0.5560992,1,0
1,1,1,1,1,1,1,0.5319366,1,0
1,1,1,1,1,1,1,0.5083186,1,0
1,1,1,1,1,1,1,0.4852975,1,0
1,1,1,1,1,1,1,0.4872833,1,0
1,1,1,1,1,1,1,0.4958893,1,0
1,1,1,1,1,1,1,0.5048463,1,0
1,1,1,1,1,1,1,0.5141419,1,0
1,1,1,1,1,0.9895633,1,0.5237674,1,0
1,1,1,1,1,0.9791142,1,0.5337211,1,0
1,1,1,1,1,0.968882,1,1,1,1
1,1,1,1,1,0.9589978,0.9983485,1,1,1
1,1,1,1,1,0.9491131,0.9880436,1,1,1
1,1,1,1,1,0.9392259,0.9777025,1,1,1
1,1,1,1,1,0.9293364,0.9673265,1,1,1
1,1,1,1,1,0.9194447,0.956917,1,0.5240189,0
1,1,1,1,1,0.9094195,0.9417139,1,0.4794101,0
1,1,1,1,1,0.89978,0.9266629,1,0.4370733,0
1,1,1,1,1,1,0.9120808,1,0.4183355,0
1,1,1,1,1,1,0.8980805,1,0.4256652,0
1,1,1,1,1,1,0.8846439,1,0.433588,0
1,1,1,1,1,1,0.8717511,1,0.44213,0
1,1,1,1,1,1,0.8593901,1,0.4513057,0
1,1,1,1,1,1,0.8476008,1,0.4609707,0
1,1,1,1,1,1,0.8363299,1,1,1
1,1,1,1,1,1,0.8268009,1,1,1
1,1,1,1,1,1,0.8172738,1,1,1
1,1,1,1,1,1,0.8077489,1,1,1
1,1,1,1,1,1,0.7982233,1,1,1
1,1,1,1,1,1,0.7887002,1,1,1
1,1,1,1,1,1,0.77918,1,1,1
1,1,1,1,1,1,0.7696627,1,1,1
1,1,1,1,1,1,0.7601486,1,1,1
1,1,1,1,1,1,0.7506378,1,1,1
1,1,1,1,1,1,0.7411305,1,1,1
0.7152083,1,1,1,1,1,0.7316269,1,1,2
0.7112657,1,1,1,1,1,0.7228926,1,1,2
0.7075172,1,1,1,1,1,0.7141929,1,1,2
0.7039619,1,1,1,1,1,0.7055203,1,1,2
0.7005988,1,1,1,1,1,0.6968762,1,1,2
0.6974264,1,1,1,1,1,0.6882526,1,1,2
0.6944429,1,1,1,1,1,0.6796471,1,1,2
0.6916429,1,1,1,1,1,0.6710538,1,1,2
0.6890271,1,1,1,1,1,0.6624699,1,1,2
0.6865925,1,1,1,1,1,0.653889,1,1,2
1,1,1,1,1,1,0.6453077,1,1,1
1,1,1,1,1,1,0.6350471,1,1,1
1,1,1,1,1,1,0.6248077,0.7574828,1,0
1,1,1,1,1,1,0.6139199,0.7407727,1,0
1,1,1,1,1,1,0.6031125,0.7242225,1,0
1,1,1,1,1,1,0.5923916,0.7078553,1,0
1,1,1,1,1,1,0.5817651,0.6916947,1,0
1,1,1,1,1,1,0.5712374,0.6757578,1,0
1,1,1,1,1,1,0.6319181,0.6600623,1,0
1,1,1,1,1,1,0.706344,0.644776,1,0
1,1,1,1,1,1,0.7921516,0.6298911,1,0
1,1,1,1,1,1,0.8915228,0.6153824,1,0
1,1,1,1,1,1,1,0.6012321,1,0
1,1,1,1,1,1,1,0.587406,1,0
1,1,1,1,1,1,1,0.5737375,1,0
1,1,1,1,1,1,1,0.5602325,1,0
1,1,1,1,1,1,1,0.5468994,1,0
1,1,1,1,1,1,1,0.533742,1,0
1,1,1,1,1,1,1,0.5207631,1,0
1,1,1,1,1,1,1,0.5079683,1,0
1,1,1,1,1,1,1,0.4953585,1,0
1,1,1,1,1,1,1,0.4829374,1,0
1,1,1,1,1,1,1,0.4707014,0.6664433,0
1,1,1,1,1,1,1,0.456466,0.6369352,0
1,1,1,1,1,1,1,0.4426611,0.6087714,0
1,1,1,1,1,1,1,0.4293736,0.5822091,0
1,1,1,1,1,1,1,0.4361458,0.5571988,0
1,1,1,1,1,1,1,0.4773777,0.5336195,0
1,1,1,1,1,1,1,0.5246018,0.5113767,0
1,1,1,1,1,1,1,0.5777463,0.4906667,0
1,1,1,1,1,1,1,0.6375505,0.4713497,0
1,1,1,1,1,1,1,0.7048501,0.453285,0
1,1,1,1,1,1,1,1,0.4363517,0
1,1,1,1,1,1,1,1,0.4211398,0
1,1,1,1,1,1,1,1,0.4064449,0
1,1,1,1,1,1,1,1,0.3922565,0
1,1,1,1,1,1,1,1,0.3785699,0
1,1,1,1,1,1,1,1,0.3840244,0
0.7625852,1,1,1,1,1,1,1,0.4043093,0
1,1,1,1,1,1,1,1,0.4193806,0
1,1,1,1,1,1,1,1,0.4406052,0
1,1,1,1,1,1,1,1,0.4624307,0
1,1,1,1,1,1,1,1,0.4848195,0
1,1,1,1,1,1,1,1,0.5077164,0
1,1,1,1,1,1,1,1,0.5310736,0
1,1,1,1,1,1,1,1,0.5548269,0
1,1,1,1,1,1,1,1,0.5789195,0
1,1,1,1,1,1,1,1,0.6032855,0
1,1,1,1,1,1,1,0.9475088,0.6278622,0
1,1,1,1,1,1,1,0.9404052,0.6527262,0
1,1,1,1,1,1,1,0.9334273,1,1
1,1,1,1,1,1,1,0.9267113,1,1
1,1,1,1,1,1,1,0.919995,1,1
1,1,1,1,1,1,1,0.9132783,1,1
1,1,1,1,1,1,1,0.9065644,1,1
1,1,1,1,1,1,1,0.8998504,1,1
1,1,1,1,1,1,1,0.8931361,1,1
1,1,1,1,1,1,1,0.8864247,1,1
1,1,1,1,1,1,1,0.8797129,1,1
1,1,1,1,1,1,1,0.8730041,1,1
1,1,1,1,1,1,1,0.8662952,1,1
1,1,1,1,1,1,1,0.8595861,1,1
1,1,1,1,1,1,1,0.8528799,1,1
1,1,1,1,1,1,1,0.8461766,1,1
1,1,1,1,1,1,1,0.8394732,1,1
1,1,1,1,1,1,1,0.8327729,1,1
1,1,1,1,1,1,1,0.8260723,1,1
1,1,1,1,1,1,1,0.8193749,1,1
1,1,1,1,1,1,1,0.8126773,1,1
1,1,1,1,1,1,1,0.8059827,1,1
1,1,1,1,1,1,1,0.7992913,1,1
1,1,1,1,1,1,1,0.8959961,1,1
1,1,1,1,0.9998978,1,1,1,1,1
1,1,1,1,0.9899012,1,1,1,1,1
1,1,1,1,0.9801826,1,1,1,1,1
1,1,1,1,0.9707271,1,1,1,1,1
1,1,1,1,0.9615241,1,1,1,1,1
1,1,1,1,0.9525646,1,1,1,1,1
1,1,1,1,0.9438365,1,1,1,1,1
1,1,1,1,0.935332,1,1,1,1,1
1,1,1,1,0.9270404,1,1,1,1,1
1,1,1,1,0.9189559,1,1,1,1,1
1,1,1,1,0.9110729,1,1,1,1,1
1,1,1,1,0.9033823,1,1,1,1,1
1,1,1,1,0.8958759,1,1,1,1,1
1,1,1,1,0.8885499,1,1,1,1,1
1,1,1,0.9963719,0.8814009,1,1,1,1,1
1,1,1,0.9782842,0.8745313,1,1,1,1,2
1,1,1,0.9591668,0.8683555,1,1,1,1,2
1,1,1,0.9391012,0.8628911,1,1,1,1,2
1,1,1,0.9181886,0.8581563,1,1,1,1,2
1,1,1,0.8965285,0.8541752,1,1,1,1,2
1,1,1,0.8742409,0.8509631,1,1,1,1,2
1,1,1,0.8514457,0.8485405,1,1,1,1,2
1,1,1,0.8282703,0.8469325,1,1,1,0.7434456,2
1,1,1,0.8109387,0.8410672,1,1,1,0.7370106,2
1,1,1,0.7932271,0.8356862,1,1,1,0.7307546,2
1,1,1,0.7751907,0.8307897,1,1,1,0.7246642,2
1,1,1,0.756891,0.8263682,1,1,1,0.718729,2
1,1,1,0.7383944,0.8224209,1,1,1,0.7129412,2
1,1,1,0.7197562,0.8189461,1,1,1,0.7072843,2
1,1,1,0.701039,0.8159314,1,1,1,0.7017487,2
1,1,1,0.6854744,0.8133737,1,1,1,0.6963195,2
1,1,1,0.6816844,0.8111602,1,1,1,0.690935,2
1,1,1,0.6778829,0.8089091,1,1,1,0.6854001,2
1,1,1,0.6740651,0.806612,1,1,1,0.6797115,2
1,1,1,0.6702221,0.8042558,1,1,1,0.6738629,2
1,1,1,0.6663494,0.801833,1,1,1,0.6678516,2
1,1,0.850623,0.6624424,0.7993355,1,1,1,0.6616717,2
1,1,0.8127463,0.6619322,0.8026434,1,1,1,0.6580877,2
1,1,0.7753943,0.6622078,1,1,1,1,0.6548815,2
1,1,0.7453176,0.6601147,1,1,1,1,0.6495067,2
1,1,0.7152206,0.6586686,1,1,1,1,0.6444433,2
1,1,0.6852859,0.6578732,1,1,1,1,0.6396727,2
1,1,0.655679,0.6577382,1,1,1,1,0.6351727,2
1,1,0.6265478,0.658268,1,1,1,1,0.6309213,2
1,1,0.5980107,0.6594599,1,1,1,1,0.6268882,2
1,1,0.5701675,0.6613138,1,1,1,1,0.6230439,2
1,1,0.5430879,0.663828,1,1,1,1,0.6193508,2
1,1,0.5246819,0.6669897,1,1,1,1,0.6157765,2
1,1,0.523849,0.6705683,1,1,1,1,0.6121121,2
1,1,0.5230026,0.6740512,1,1,1,1,0.6079546,2
1,1,0.5221196,0.6773983,1,1,1,1,0.603285,2
1,1,0.521189,1,1,1,1,1,0.598087,1
1,1,0.5167999,1,1,1,1,1,0.5870622,1
1,1,0.5123165,1,1,1,1,1,0.5757596,1
1,1,0.5077351,1,1,1,1,1,0.5641881,1
1,1,0.5030564,1,1,1,1,1,0.5523538,1
1,1,0.4982738,1,1,1,1,1,0.5402687,1
1,1,0.4933889,1,1,1,1,1,0.527941,1
1,1,0.4884,1,1,1,1,1,0.5328356,1
1,1,0.4835281,1,1,1,1,1,0.5377537,1
1,1,0.478771,1,1,1,1,1,0.5425051,1
1,1,0.4741212,1,1,1,1,1,0.5470961,1
1,0.6505173,0.4695753,1,1,1,1,1,0.551529,2
1,0.5751026,0.4708421,1,1,1,1,1,0.5490313,2
1,0.5042945,0.4735289,1,1,1,1,1,0.5454785,2
1,0.4402911,0.4773641,1,1,1,1,1,0.541421,2
1,0.3841552,0.4818339,1,1,1,1,1,0.537483,2
1,0.366477,0.4869788,1,1,1,1,1,0.5336578,2
1,0.3659159,0.4928486,1,1,1,1,1,0.5299354,2
1,0.365722,1,1,1,1,1,1,0.5263097,2
1,0.363718,1,1,1,1,1,1,0.5271815,2
1,0.3617976,1,1,1,1,1,1,0.5280055,2
1,0.3599569,1,1,1,1,1,1,0.528787,2
1,0.3581952,1,1,1,1,1,1,0.5295275,2
1,0.3565121,1,1,1,1,1,1,0.5302286,2
1,0.3549069,1,1,1,1,1,1,0.5308911,2
1,0.3533791,1,1,1,1,1,1,0.5315163,2
1,0.3519248,1,1,1,1,1,1,0.5321085,2
0.3772068,0.3505436,1,1,1,1,1,1,0.5326684,2
0.3123736,0.3518501,1,1,1,1,1,1,0.5291854,2
0.3107657,0.3535745,1,1,1,1,1,1,0.525779,2
0.3094981,0.3557352,1,1,1,1,1,1,0.5224417,2
0.3085676,0.3583455,1,1,1,1,1,1,0.5191725,2
0.3079779,0.3614273,1,1,1,1,1,1,0.5159642,2
0.3077303,0.3650015,1,1,1,1,1,1,0.512813,2
1,1,1,1,1,1,1,1,1,1
1,1,1,1,1,1,1,1,1,1
1,1,1,1,1,1,1,1,1,1
1,1,1,0.998006,1,1,1,1,1,1
1,1,1,0.9878486,1,1,1,1,1,1
1,1,1,0.9776784,1,1,1,1,1,1
1,1,1,0.9674961,1,1,1,1,1,1
1,1,1,0.9573019,1,1,1,1,1,1
1,1,1,0.9470965,1,1,1,1,1,1
1,1,1,0.93688,1,1,1,1,1,1
1,1,1,0.9266534,1,1,1,1,1,1
1,1,1,0.916417,1,1,1,1,1,1
1,1,1,0.9061714,1,1,1,1,1,1
1,1,1,0.8959173,1,1,1,1,1,1
1,1,1,0.8856552,1,1,1,1,1,1
1,1,1,0.8753858,1,1,1,1,1,1
1,1,1,0.8651096,1,1,1,1,1,1
1,1,1,0.8548274,1,1,1,1,1,1
1,1,1,0.8445398,1,1,1,1,1,1
1,1,1,0.8342476,1,1,1,1,1,1
1,1,1,0.8239511,1,1,1,1,1,1
1,1,1,0.8136513,1,1,1,1,1,1
1,1,1,0.8033487,1,1,1,1,1,1
1,1,1,0.7930471,1,1,1,1,1,1
1,1,1,0.782744,1,1,1,1,1,1
1,1,1,0.77244,1,1,1,1,1,1
1,1,1,0.7786528,1,1,1,1,1,1
1,1,1,0.7871172,1,1,1,1,1,1
1,0.9850453,1,0.7954915,1,1,1,1,1,1
1,0.9679013,1,0.8062714,1,1,1,1,1,1
1,0.9503391,1,0.8199221,1,1,1,1,1,1
1,0.9324012,1,0.8366944,1,1,1,1,1,1
1,0.9141366,0.7540017,0.8568762,1,1,1,1,1,2
1,0.8915696,0.7407315,1,0.9946186,1,1,1,1,2
1,0.8694735,0.7276044,0.992077,0.9849377,1,1,1,1,2
1,0.8470545,0.71437,0.980981,0.9753522,1,1,1,1,2
1,0.8244101,0.7010617,0.9698957,0.9658813,1,1,1,1,2
1,0.8016505,0.6877161,0.9588472,0.9565398,1,1,1,1,2
1,0.7788882,0.6743729,0.9478635,0.9473445,1,1,1,1,2
1,0.7562252,0.661067,0.9369689,0.9383072,1,1,1,1,2
1,0.7337602,0.6478348,0.9261888,0.9294407,1,1,1,1,2
1,0.7115822,0.6347095,0.9155456,0.9207546,1,1,1,1,2
1,0.6897646,0.6217175,0.9050557,1,1,1,1,1,2
1,0.6680849,0.6087961,0.8947223,1,1,1,1,1,2
1,0.675639,0.5960516,0.8845808,1,1,1,1,1,2
1,0.6891707,0.5836267,0.8746425,1,1,1,1,1,2
1,0.7029087,0.5715165,0.8648794,1,1,1,1,1,2
1,0.7168093,0.5929843,0.855268,1,1,1,1,1,2
1,0.7305067,0.6312846,0.8457704,1,1,1,1,1,2
1,0.7438002,0.6707304,0.8363517,1,1,1,1,1,2
1,0.7566518,0.8437114,0.8269852,1,1,1,1,1,2
0.8808306,0.767811,0.8325645,0.8175858,1,1,1,1,1,2
0.843428,0.7837435,0.8208817,0.8084779,1,1,1,1,1,2
0.8065651,0.8013439,0.8092686,0.7995371,1,1,1,1,1,2
0.7705069,0.5769933,0.7977644,0.7907752,1,1,1,1,1,2
0.7286088,0.558282,0.7857413,1,1,1,1,1,1,2
0.6872897,0.5395745,0.7739162,1,1,1,1,1,1,2
0.6489778,0.521665,0.7625592,1,1,1,1,1,1,2
0.6133662,0.5045064,0.7516558,1,1,1,1,1,1,2
0.5970174,0.4880556,0.7411927,1,1,1,1,1,1,2
0.6114065,0.4722765,0.7311608,1,1,1,1,1,1,2
0.6267883,0.4571322,0.721549,1,1,1,1,1,1,2
0.643225,0.4425921,0.7123502,1,1,1,1,1,1,2
0.6607903,0.469377,0.7035519,1,1,1,1,1,1,2
0.6785575,0.5030356,0.6950961,1,1,1,1,1,1,2
0.6961621,0.537959,0.6868908,1,1,1,1,1,1,2
0.5243044,0.5738914,1,1,1,1,1,1,1,2
0.501468,0.7092615,1,1,1,1,1,1,1,2
0.4807279,0.695711,1,1,1,1,1,1,1,2
0.4608956,0.6826171,1,1,1,1,1,1,1,2
0.4419676,0.6699942,1,1,1,1,1,1,1,2
0.4239341,0.6578529,1,1,1,1,1,1,1,2
0.4067689,0.6461918,1,1,1,1,1,1,1,2
0.3932936,0.6350105,1,1,1,1,1,1,1,2
0.4135038,0.6243075,1,1,1,1,1,1,1,2
0.4345087,0.6141586,1,1,1,1,1,1,1,2
0.4562539,0.604498,1,1,1,1,1,1,1,2
0.4786882,0.5952698,1,1,1,1,1,1,1,2
0.5017418,0.5864211,1,1,1,1,1,1,1,2
0.6783335,0.5779079,0.9983696,1,1,1,1,1,1,2
0.6657611,0.5698937,0.9937541,1,1,1,1,1,1,2
0.6534759,0.5620137,0.9892605,1,1,1,1,1,1,2
0.6414782,0.5762777,0.98488,1,1,1,1,1,1,2
0.6298043,0.7129326,0.980574,1,1,1,1,1,1,2
0.6185969,0.8746969,0.9761637,1,1,1,1,1,1,2
0.6078153,1,0.9716312,1,1,1,1,1,1,2
0.5973605,1,0.9670442,1,1,1,1,1,1,2
0.5870818,1,0.9625545,1,1,1,1,1,1,2
0.5769833,1,0.9581609,1,1,1,1,1,1,2
0.5670613,1,0.9538561,1,1,1,1,1,1,2
0.5573151,1,0.9496355,1,1,1,1,1,1,2
0.5477471,1,0.9454982,1,1,1,1,1,1,2
0.538356,1,0.9414393,1,1,1,1,1,1,2
0.5291365,1,0.9374511,1,1,1,1,1,1,2
0.5200899,1,0.9335319,1,1,1,1,1,1,2
0.5112138,1,0.9296771,1,1,1,1,1,1,2
0.5025023,1,0.9258785,1,1,1,1,1,1,2
0.4939562,1,0.9221348,1,1,1,1,1,1,2
0.4855689,1,0.9184377,1,1,1,1,1,1,2
0.4773375,1,0.9147824,1,1,1,1,1,1,2
0.4954914,1,0.9111646,1,1,1,1,1,1,2
0.5240556,1,0.907374,1,1,1,1,1,1,2
0.5527284,1,0.9033266,1,1,1,1,1,1,2
0.5813769,1,0.8990124,1,1,1,1,1,1,2
0.6098754,1,1,1,1,1,1,1,1,2
0.6415907,1,1,1,1,1,1,1,1,2
0.6734012,1,1,1,1,1,1,1,1,2
0.7051932,0.8907021,1,1,1,1,1,1,1,1
0.7361604,0.7655954,1,1,1,1,1,1,1,1
0.7659131,0.7599999,1,1,1,1,1,1,1,1
1,0.7543968,1,1,1,1,1,1,1,1
1,0.7485633,1,1,1,1,1,1,1,1
1,0.7427244,1,1,1,1,1,1,1,1
1,0.7368801,1,1,1,1,1,1,1,1
1,0.7310275,1,1,1,1,1,1,1,1
1,0.7251697,1,1,1,1,1,1,1,1
1,0.7193037,1,1,1,1,1,1,1,1
1,0.7134325,1,1,1,1,1,1,1,1
1,0.7075531,1,1,1,1,1,1,1,1
1,0.7016689,1,1,1,1,1,1,1,1
1,0.6957765,1,1,1,1,1,1,1,1
1,0.6898761,1,1,1,1,1,1,1,1
1,0.6839708,1,1,1,1,1,1,1,1
1,0.6780576,1,1,1,1,1,1,1,1
1,0.6721395,1,1,1,1,1,1,1,1
1,0.6662135,1,1,1,1,1,1,1,1
1,0.6602796,1,1,1,1,1,1,1,1
1,0.654341,1,1,1,1,1,1,1,1
1,0.6483946,1,1,1,1,1,1,1,1
1,0.6424403,1,1,1,1,1,1,1,1
1,0.6364813,1,1,1,1,1,1,1,1
1,0.6305146,1,1,1,1,1,1,1,1
1,0.6245401,1,1,1,1,1,1,1,1
1,0.6185609,1,1,1,1,1,1,1,1
1,0.6125739,1,1,1,1,1,1,1,1
1,0.6065791,1,1,1,1,1,1,1,1
1,0.6005766,1,1,1,1,1,1,1,1
1,0.5945694,1,1,1,1,1,1,1,1
1,0.5885544,1,1,1,1,1,1,1,1
1,0.5825347,1,1,1,1,1,1,1,1
1,0.5765072,1,1,1,1,1,1,1,1
1,0.5704719,1,1,1,1,1,1,1,1
1,0.5644318,1,1,1,1,1,1,1,1
1,0.558384,1,1,1,1,1,1,1,1
0.5948422,0.5523283,1,1,1,1,1,1,1,2
0.5871364,0.5465099,1,1,1,1,1,1,1,2
0.5795413,0.5407408,1,1,1,1,1,1,1,2
0.5720581,0.5350226,1,1,1,1,1,1,1,2
0.5646852,0.5293542,1,1,1,1,1,1,1,2
0.5574173,0.5237314,1,1,1,1,1,1,1,2
0.5502525,0.5181528,1,1,1,1,1,1,1,2
0.5431888,1,1,1,1,1,1,1,1,2
0.5358963,1,1,1,1,1,1,1,1,2
0.5287181,1,1,1,1,1,1,1,1,2
0.5216564,1,1,1,1,1,1,1,1,2
0.5147101,1,1,1,1,1,1,1,1,2
0.5078748,1,1,1,1,1,1,1,1,2
0.5011526,1,1,1,1,1,1,1,1,2
0.4945418,1,1,1,1,1,1,1,1,2
0.4880381,1,1,1,1,1,1,1,1,2
0.48164,1,1,1,1,1,1,1,1,2
0.475349,1,1,1,1,1,1,1,1,2
0.4691606,1,1,1,1,1,1,1,1,2
0.4630731,1,1,1,1,1,1,1,1,2
0.457085,1,1,1,1,1,1,1,1,2
0.4511946,1,1,1,1,1,1,1,1,2
0.4454004,1,1,1,1,1,1,1,1,2
0.4397008,1,1,1,1,1,1,1,1,2
0.434091,1,1,1,1,1,1,1,1,2
0.4794329,1,1,1,1,1,1,1,1,2
0.5282108,1,1,1,1,1,1,1,1,2
0.5778126,1,1,1,1,1,1,1,1,1
0.6279559,1,1,1,1,1,1,1,1,1
0.6783463,1,1,1,1,1,1,1,1,1
0.7286972,1,1,1,1,1,1,1,1,1
1,1,1,1,1,1,1,1,1,1
1,1,1,1,1,1,1,1,1,1
1,1,1,1,1,1,1,1,1,1
1,1,1,1,1,1,1,1,1,1
1,1,1,1,1,1,1,1,1,1
1,1,1,1,1,1,1,1,1,1
1,1,1,1,1,1,1,1,1,1
1,1,1,1,1,1,1,1,1,1
1,1,1,1,1,1,1,1,1,1
1,1,1,1,1,1,1,1,1,1
1,0.9835483,1,1,1,1,1,1,1,1
1,0.9438537,1,1,1,1,1,1,1,1
1,0.9190089,1,1,1,1,1,1,1,1
1,0.9141446,1,1,1,1,1,1,1,1
1,0.9092677,1,1,1,1,1,1,1,1
1,0.9043783,1,1,1,1,1,1,1,1
1,0.8994738,1,1,1,1,1,1,1,1
1,0.8945574,1,1,1,1,1,1,1,1
1,0.8896265,1,1,1,1,1,1,1,1
1,0.8846812,1,1,1,1,1,1,1,1
1,0.879722,1,1,1,1,1,1,1,1
1,0.8747492,1,1,1,1,1,1,1,1
1,0.869763,1,1,1,1,1,1,1,1
1,0.8647607,1,1,1,1,1,1,1,1
1,0.8597457,1,1,1,1,1,1,1,1
1,0.8547152,1,1,1,1,1,1,1,1
1,0.8496728,1,1,1,1,1,1,1,1
1,0.8446156,1,1,1,1,1,1,1,1
1,1,1,1,1,1,1,1,1,1
1,1,1,1,1,1,1,1,1,1
1,1,1,1,1,1,1,1,1,1
1,1,1,1,1,1,1,1,1,1
1,1,1,1,1,1,1,1,1,1
1,1,1,1,1,1,1,1,1,1
1,1,1,1,1,1,1,1,1,1
1,1,1,1,1,1,1,1,1,1
1,1,1,1,1,1,1,1,1,1
1,1,1,1,1,1,1,1,1,1
1,1,1,1,1,1,1,1,1,1
1,1,1,1,1,1,1,1,1,1
1,1,1,1,1,1,1,1,1,1
1,1,1,1,1,1,1,1,1,1
1,1,1,1,1,1,1,1,1,1
1,1,1,1,1,1,1,1,1,1
1,1,1,1,1,1,1,1,1,1
1,1,1,1,1,1,1,1,1,1
1,1,1,1,1,1,1,1,1,1
1,1,1,1,1,1,1,1,1,1
1,1,1,1,1,1,1,1,1,1
1,1,1,1,1,1,1,1,1,1
1,1,1,1,1,1,1,1,1,1
1,1,1,1,1,1,1,1,1,1
1,1,1,1,1,1,1,1,1,1
1,1,1,1,1,1,1,1,1,1
0.7180293,1,1,1,1,1,1,1,1,1
0.7127351,1,1,1,1,1,1,1,1,1
0.7074748,1,1,1,1,1,1,1,1,1
0.7022487,1,1,1,1,1,1,1,1,1
0.6970569,1,1,1,1,1,1,1,1,1
0.6918998,1,1,1,1,1,1,1,1,1
0.6867775,1,1,1,1,1,1,1,1,1
0.6816902,1,1,1,1,1,1,1,1,1
0.676638,1,1,1,1,1,1,1,1,1
0.6776078,1,1,1,1,1,1,1,1,1
0.7308226,1,1,1,1,1,1,1,1,1
1,1,1,1,1,1,1,1,1,1
1,1,1,1,1,1,1,1,1,1
1,1,1,1,1,1,1,1,1,1
1,1,1,1,1,1,1,1,1,1
1,1,1,1,1,1,1,1,1,1
1,1,1,1,1,1,1,1,1,1
1,1,1,1,1,1,1,1,1,1
1,1,1,1,1,1,1,1,1,1
1,1,1,1,1,1,1,1,1,1
1,1,1,1,1,1,1,1,1,1
1,1,1,1,1,1,1,1,1,1
1,1,1,1,1,1,1,1,1,1
1,1,1,1,1,1,1,1,1,1
1,1,1,1,1,1,1,1,1,1
1,1,1,1,1,1,1,1,1,1
1,1,1,1,1,1,1,1,1,1
1,1,1,1,1,1,1,1,1,1
1,1,1,1,1,1,1,1,1,1
1,1,1,1,1,1,1,1,1,1
1,1,1,1,1,1,1,1,1,1
1,1,1,1,1,1,1,1,1,1
1,1,1,1,1,1,1,1,1,1
1,1,1,1,1,1,1,1,1,1
1,1,1,1,1,1,1,1,1,1
1,1,1,1,1,1,1,1,1,1
1,1,1,1,1,1,1,1,1,1
1,1,1,1,1,1,1,1,1,1
1,1,1,1,1,1,1,1,1,1
1,1,1,1,1,1,1,1,1,1
1,1,1,1,1,1,1,1,1,1
1,1,1,1,1,1,1,1,1,1
1,1,1,1,1,1,1,1,1,1
1,1,1,1,1,1,1,1,1,1
1,1,1,1,1,1,1,1,1,1
1,1,1,1,1,1,1,1,1,1
1,1,1,1,1,1,1,1,1,1
1,1,1,1,1,1,1,1,1,1
1,1,1,1,1,1,1,1,1,1
1,1,1,1,1,1,1,1,1,1
1,1,1,1,1,1,1,1,1,1
1,1,1,1,1,1,1,1,1,1
1,1,1,1,1,1,1,1,1,1
1,1,1,1,1,1,1,1,1,1
1,1,1,1,1,1,1,1,1,1
1,1,1,1,1,1,1,1,1,1
1,1,1,1,1,1,1,1,1,1
1,1,1,1,1,1,1,1,1,1
1,0.768182,1,1,1,1,1,1,1,1
1,0.736726,1,1,1,1,1,1,1,1
1,0.7055706,1,1,1,1,1,1,1,1
1,0.6756109,1,1,1,1,1,1,1,1
1,0.6704541,1,1,1,1,1,1,1,1
1,0.6652814,1,1,1,1,1,1,1,1
1,0.6600932,1,1,1,1,1,1,1,1
1,0.6548893,1,1,1,1,1,1,1,1
1,0.6496701,1,1,1,1,1,1,1,1
1,0.6444356,1,1,1,1,1,1,1,1
1,0.6391889,1,1,1,1,1,1,1,1
1,0.633927,1,1,1,1,1,1,1,1
1,0.62865,1,1,1,1,1,1,1,1
1,0.6233579,1,1,1,1,1,1,1,1
1,0.6180506,1,1,1,1,1,1,1,1
1,0.6127281,1,1,1,1,1,1,1,1
1,0.6073936,1,1,1,1,1,1,1,1
1,0.6020439,1,1,1,1,1,1,1,1
1,0.5966789,1,1,1,1,1,1,1,1
1,0.5912985,1,1,1,1,1,1,1,1
1,0.5859058,1,1,1,1,1,1,1,1
1,1,1,1,1,1,1,1,1,1
1,1,1,1,1,1,1,1,1,1
1,1,1,1,1,1,1,1,1,1
1,1,1,1,1,1,1,1,1,1
1,1,1,1,1,1,1,1,1,1
1,1,1,1,1,1,1,1,1,1
1,1,1,1,1,1,1,1,1,1
1,1,1,1,1,1,1,1,1,1
1,1,1,1,1,1,1,1,1,1
1,1,1,1,1,1,1,1,1,1
1,1,1,1,1,1,1,1,1,1
1,1,1,1,1,1,1,1,1,1
1,1,1,1,1,1,1,1,1,1
1,1,1,1,1,1,1,1,1,1
1,1,1,1,1,1,1,1,1,1
0.5144681,1,1,1,1,1,1,1,1,2
0.5085868,1,1,1,1,1,1,1,1,2
0.5027891,1,1,1,1,1,1,1,1,2
0.4970741,1,1,1,1,1,1,1,1,2
0.4914406,1,1,1,1,1,1,1,1,2
0.4858877,1,1,1,1,1,1,1,1,2
0.4804111,1,1,1,1,1,1,1,1,2
0.475013,1,1,1,1,1,1,1,1,2
0.4696893,1,1,1,1,1,1,1,1,2
0.5113228,1,1,1,1,1,1,1,1,2
0.5636474,1,1,1,1,1,1,1,1,1
1,1,1,1,1,1,1,1,1,1
1,1,1,1,1,1,1,1,1,1
1,1,1,1,1,1,1,1,1,1
1,1,1,1,1,1,1,1,1,1
1,1,1,1,1,1,1,1,1,1
1,1,1,1,1,1,1,1,1,1
1,1,1,1,1,1,1,1,1,1
1,1,1,1,1,1,1,1,1,1
1,1,1,1,1,1,1,1,1,1
1,1,1,1,1,1,1,1,1,1
1,1,1,1,1,1,1,1,1,1
1,1,1,1,1,1,1,1,1,1
1,1,1,1,1,1,1,1,1,1
1,1,1,1,1,0.9920515,1,1,1,1
1,1,1,1,1,0.982834,1,1,1,1
1,1,1,1,1,0.9737285,1,1,1,1
1,1,1,1,1,0.964731,1,1,1,1
1,1,1,1,1,0.9558418,1,1,1,1
1,1,1,1,1,1,1,1,1,1
1,1,1,1,1,1,1,1,1,1
1,1,1,1,1,1,0.9951717,1,1,1
1,1,1,1,1,1,0.8781551,1,1,0
1,1,1,1,1,1,0.8694811,1,1,0
1,1,1,1,1,1,0.8608659,1,1,0
1,1,1,1,1,1,0.8523166,1,1,0
1,1,1,1,1,1,0.84384,1,1,0
1,1,1,1,1,1,0.8354402,1,1,0
1,1,1,1,1,1,0.827124,1,1,0
1,1,1,1,1,1,0.8188986,1,1,0
1,1,1,1,1,1,0.8107679,1,1,0
1,1,1,1,1,1,0.8027388,1,1,0
1,1,1,1,1,1,0.7948183,1,1,0
1,1,1,1,1,1,0.7870132,1,1,0
1,1,1,1,1,1,0.7793272,1,1,0
1,1,1,1,1,1,0.7717668,1,1,0
0.999759,1,1,1,1,1,0.7643386,1,1,0
0.9971578,1,1,1,1,1,0.7570484,1,1,0
0.9946355,1,1,1,1,1,0.7498953,1,1,0
0.9921923,1,1,1,1,1,0.7428846,1,1,0
0.9898313,1,1,1,1,1,0.736021,1,1,0
0.9875555,1,1,1,1,1,0.7293096,1,1,0
0.9853638,1,1,1,1,1,0.7227514,1,1,0
0.9832587,1,1,1,1,1,0.716351,1,1,0
0.981242,1,1,1,1,1,1,1,1,1
0.9744095,1,1,1,1,1,1,1,1,1
0.967536,1,1,1,1,1,1,1,1,1
0.9606259,1,1,1,1,1,1,1,1,1
0.9536804,1,1,1,1,1,1,1,1,1
0.9466972,1,1,1,1,1,1,1,1,1
0.9396844,1,1,1,1,1,1,1,1,1
0.9326399,1,1,1,1,1,1,1,1,1
0.9255685,1,1,1,1,1,1,1,1,1
0.9184715,1,1,1,1,1,1,0.6352465,1,0
0.9170318,1,1,1,1,1,1,0.6254364,1,0
0.9157816,1,1,1,1,1,1,0.6158421,1,0
0.9147336,1,1,1,1,1,1,0.6064723,1,0
0.9139006,1,1,1,1,1,1,0.5973352,1,0
0.9132927,1,1,1,1,1,1,0.5884417,1,0
0.9129196,1,1,1,1,1,1,0.5797991,1,0
0.9127954,1,1,1,1,1,1,0.5714141,1,0
0.9129382,1,1,1,1,1,1,0.563296,1,0
0.9133559,1,1,1,1,1,1,0.555451,1,0
0.9140679,1,1,1,1,1,1,0.5478842,1,0
0.9150906,1,1,1,1,1,1,0.5406042,1,0
0.9164419,1,1,1,1,1,1,0.5336159,1,0
0.9181405,1,1,1,1,1,1,0.526924,1,0
0.9202107,1,1,1,1,1,1,1,1,1
0.9095191,1,1,1,1,1,1,1,0.5658816,0
0.9093014,1,1,1,1,1,1,1,0.5553731,0
0.9094682,1,1,1,1,1,1,1,0.5451266,0
0.9100478,1,1,1,1,1,1,1,0.5351573,0
0.9110759,1,1,1,1,1,1,1,0.5254735,0
0.9125925,1,1,1,1,1,1,1,0.5160863,0
0.9146422,1,1,1,1,1,1,1,0.5070061,0
0.917276,1,1,1,1,1,1,1,0.4982429,0
0.9205477,0.9884567,1,1,1,1,1,1,0.4898034,0
0.9243986,0.951874,1,1,1,1,1,1,0.4817204,0
0.928565,0.9188193,1,1,1,1,1,1,0.4740351,0
0.9330605,0.888779,1,1,1,1,1,1,0.4667389,0
0.9378957,0.8613328,1,1,1,1,1,1,0.4829195,0
1,0.8380432,1,1,1,1,1,1,0.5624879,0
1,0.8197328,1,1,1,1,1,1,0.6504058,0
1,0.8096349,1,1,1,1,1,1,1,1
0.9260748,0.8262932,1,1,1,1,1,1,1,2
0.9068505,0.847216,1,1,1,1,1,1,1,2
0.8877126,0.8692095,1,1,1,1,1,1,1,2
0.8686939,0.8923185,1,1,1,1,1,1,1,2
0.8498281,0.9165794,1,1,1,1,1,1,1,2
0.8311427,0.9101761,1,1,1,1,1,1,1,2
0.8122211,0.8981726,1,1,1,1,1,1,1,2
0.7930566,0.8860614,1,1,1,1,1,1,1,2
0.7737176,0.8738698,1,1,1,1,1,1,1,2
0.7542824,0.8616336,1,1,1,1,1,1,1,2
0.7348248,0.8493859,1,1,1,1,1,1,1,2
0.7154211,0.8371633,1,1,1,1,1,1,1,2
0.6961402,0.8249987,1,1,1,1,1,1,1,2
0.6770471,0.8129247,1,1,1,1,1,1,1,2
0.6582016,0.8009717,1,1,1,1,1,1,1,2
0.6396617,0.7891716,1,1,1,1,1,1,1,2
0.6307729,0.8011528,1,1,1,1,1,1,1,2
0.6486914,0.8584716,1,1,1,1,1,1,1,2
0.666289,0.9169302,1,1,1,1,1,1,1,2
0.6834974,0.9760038,1,1,1,1,1,1,1,2
0.7002518,1,1,1,1,1,1,1,1,2
0.7168167,1,1,1,1,1,1,1,1,2
0.7333804,1,1,1,1,1,1,1,1,2
0.7499065,1,1,1,1,1,1,1,1,2
0.7663592,1,1,1,1,1,1,1,1,2
0.782708,1,1,1,1,1,1,1,1,2
0.7989231,1,1,1,1,1,1,1,1,2
0.814976,1,1,1,1,1,1,1,1,2
0.8042231,1,1,1,1,1,1,1,1,2
0.7919078,1,1,1,1,1,1,1,1,2
0.7795843,1,1,1,1,1,1,1,1,2
0.7672726,1,1,1,1,1,1,1,1,2
0.7549815,1,1,1,1,1,1,1,1,2
0.7427306,1,1,1,1,1,1,1,1,2
0.7305318,1,1,1,1,1,1,1,1,2
0.7184004,1,1,1,1,1,1,1,1,2
0.7063471,1,1,1,1,1,1,1,1,2
0.6943859,1,1,1,1,1,1,1,1,2
0.6825267,1,1,1,1,1,1,1,1,2
0.6917638,1,1,1,1,1,1,1,1,2
0.7124447,1,1,1,1,1,1,1,1,2
0.733073,1,1,1,1,1,1,1,1,2
0.7536018,1,1,1,1,1,1,1,1,2
0.773979,1,1,1,1,1,1,1,1,2
0.7941653,1,1,1,1,1,1,1,1,2
0.8141109,1,1,1,1,1,1,1,0.9945737,1
0.8334889,1,1,1,1,1,1,1,0.9885393,1
0.8522067,1,1,1,1,1,1,1,0.982097,1
0.8701852,1,1,1,1,1,1,1,0.9752572,1
0.8873579,1,1,1,1,1,1,1,0.9680301,1
0.9036646,1,1,1,1,1,1,1,0.9604271,1
0.9190456,1,1,1,1,1,1,1,0.9524659,1
0.9334564,1,1,1,1,1,1,1,0.9441625,1
0.9468598,1,1,1,1,1,1,1,0.9355341,1
1,1,1,1,1,1,1,1,0.9266037,1
1,1,1,1,1,1,1,1,0.9169474,1
1,1,1,1,1,1,1,1,0.9071661,1
1,1,1,1,1,1,1,1,0.8972696,1
1,1,1,1,1,1,1,1,0.8872644,1
1,1,1,1,1,1,1,1,0.877165,0
1,1,1,1,1,1,1,1,0.866982,0
1,1,1,1,1,1,1,1,0.8567241,0
1,1,1,1,1,1,1,1,0.8464034,0
1,1,1,1,1,1,1,1,0.8622668,0
1,1,1,1,1,1,1,1,0.8860943,0
1,1,1,1,1,1,1,1,0.9089681,1
1,1,1,1,1,1,1,1,0.9307749,1
1,1,1,1,1,1,1,1,0.9514377,1
1,1,1,1,1,1,1,1,0.9483282,1
1,1,1,1,1,1,1,1,0.939842,1
1,1,1,1,1,1,1,1,0.9473794,1
1,1,1,1,1,1,1,1,0.9674495,1
1,1,1,1,1,1,1,1,0.9862425,1
1,1,1,1,1,1,1,1,1,1
1,0.9958242,1,1,1,1,1,1,1,1
1,0.9882953,1,1,1,1,1,1,1,1
1,0.9807601,1,1,1,1,1,1,1,1
1,0.9732188,1,1,1,1,1,1,1,1
1,0.9656747,1,1,1,1,1,1,1,1
1,0.9734222,1,1,1,1,1,0.868285,1,0
1,0.9834782,1,1,1,1,1,0.861508,1,0
1,0.9903848,1,1,1,1,1,0.8547941,1,0
1,0.9945353,1,1,1,1,1,0.848151,1,0
1,0.9963202,1,1,1,1,1,0.8415834,1,0
1,1,1,1,1,1,1,1,1,1
1,1,1,0.9829289,1,1,1,1,1,1
1,1,1,0.9727527,1,1,1,1,1,1
1,1,1,0.9625646,1,1,1,1,1,1
1,1,1,0.9523647,1,1,1,1,1,1
1,1,1,0.9421538,1,1,1,1,1,1
1,1,1,0.9319323,1,1,1,1,1,1
1,1,1,0.9217007,1,1,1,1,1,1
1,1,0.9897135,0.9114596,1,1,1,1,1,1
1,1,0.9783217,0.9011815,1,1,1,1,1,1
1,1,0.9668185,0.8908653,1,1,1,1,1,1
1,1,0.9552097,0.8805135,1,1,1,1,1,1
1,1,0.9435014,0.8701289,1,1,1,1,1,1
1,1,0.9317001,0.859714,1,1,1,1,1,1
1,1,0.9198133,0.8492721,1,1,1,1,1,1
1,1,0.9078517,0.8388094,1,1,1,1,1,1
1,1,0.8958198,0.8283262,1,1,1,1,1,1
1,1,0.8837261,0.8178262,1,1,1,1,1,1
1,1,0.8715788,0.8073128,1,1,1,1,1,1
1,1,0.8593863,0.7967897,1,1,1,1,1,1
1,1,0.8471605,0.7862636,1,1,1,1,1,1
1,1,0.8349067,0.7757349,1,1,1,1,1,1
1,1,0.8226333,0.7652072,1,1,1,1,1,2
1,1,0.8103517,0.7546868,1,1,1,1,1,2
1,1,0.79807,0.744177,1,1,1,1,1,2
1,1,0.7857926,0.7336777,1,1,1,1,1,2
1,1,0.7735303,0.7231949,1,1,1,1,1,2
1,1,0.7612899,0.712731,1,1,1,1,1,2
1,1,0.749078,0.7022884,1,1,1,1,1,2
1,1,0.7369007,0.6918693,1,1,1,1,1,2
1,1,0.7247669,0.6814784,1,1,1,1,1,2
1,1,0.7126783,0.6711141,1,1,1,1,1,2
1,1,0.7006395,0.7023489,1,1,1,1,1,2
1,1,0.6886956,0.7592494,1,1,1,1,1,2
1,1,0.676862,0.8230957,1,1,1,1,1,2
1,1,0.6651304,0.8949726,1,1,1,1,1,2
1,1,0.6534989,0.9761429,1,1,1,1,1,2
1,1,0.6419628,1,1,1,1,1,1,2
1,1,0.63048,1,1,1,1,1,1,2
1,1,0.6190343,1,1,1,1,1,1,2
1,1,0.6076308,1,1,1,1,1,1,2
1,1,0.5962745,1,1,1,1,1,1,2
1,1,0.5849637,1,1,1,1,1,1,2
1,0.7373182,0.5736996,1,1,1,1,1,1,2
1,0.7160599,0.5612837,1,1,1,1,1,1,2
1,0.6951566,0.5490052,1,1,1,1,1,1,2
1,0.6746513,0.5368771,1,1,1,1,1,1,2
1,0.654586,0.5249167,1,1,1,1,1,1,2
1,0.6349874,0.5131318,1,1,1,1,1,1,2
1,0.615878,0.5015309,1,1,1,1,1,1,2
1,0.5972701,0.4901167,1,1,1,1,1,1,2
1,0.5791728,0.4899696,1,1,1,1,1,1,2
1,0.5616236,0.5454365,1,1,1,1,1,1,2
1,0.5447516,0.6099498,1,1,1,1,1,1,2
1,0.5285112,0.6853106,1,1,1,1,1,1,2
1,0.5128517,0.7738525,1,1,1,1,1,1,2
1,0.4977287,1,1,1,1,1,1,1,2
1,0.4832788,1,1,1,1,1,1,1,2
1,0.4690919,1,1,1,1,1,1,1,2
1,0.4551682,1,1,1,1,1,1,1,2
0.6595854,0.4415099,1,1,1,1,1,1,1,2
0.625616,0.4259662,1,1,1,1,1,1,1,2
0.5938846,0.4110398,1,1,1,1,1,1,1,2
0.5641918,0.3967003,1,1,1,1,1,1,1,2
0.5363571,0.3829162,1,1,1,1,1,1,1,2
0.5102214,0.3696586,1,1,1,1,1,1,1,2
0.4856474,0.3822548,1,1,1,1,1,1,1,2
0.4625045,0.4168202,1,1,1,1,1,1,1,2
0.4406892,0.4561315,1,1,1,1,1,1,1,2
0.4200957,0.5011156,1,1,1,1,1,1,1,2
0.4006335,0.5529476,1,1,1,1,1,1,1,2
0.3822251,0.6131649,1,1,1,1,1,1,1,2
0.3647967,0.683778,1,1,1,1,1,1,1,2
0.3484126,1,1,1,1,1,1,1,1,2
0.3336993,1,1,1,1,1,1,1,1,2
0.3237863,1,1,1,1,1,1,1,1,2
0.3421698,1,1,1,1,1,1,1,1,2
0.3613238,1,1,1,1,1,1,1,1,2
0.3812237,1,1,1,1,1,1,1,1,2
0.4018393,1,1,1,1,1,1,1,1,2
0.4231458,1,1,1,1,1,1,1,1,2
0.4451007,1,1,1,1,1,1,1,1,2
0.4676563,1,1,1,1,1,1,1,1,2
0.4907705,1,1,1,1,1,1,1,1,2
0.5143902,1,1,1,1,1,1,1,1,2
0.538457,1,1,1,1,1,1,1,1,2
0.5629084,1,1,1,1,1,1,1,1,2
0.5876831,1,1,1,1,1,1,1,1,2
0.6127113,1,1,1,1,1,1,1,1,2
0.6379255,1,1,1,1,1,1,1,1,2
1,1,1,1,1,1,1,1,1,1
1,1,1,1,1,1,1,1,1,1
1,1,1,1,1,1,1,1,1,1
1,1,1,1,1,1,1,1,1,1
1,1,1,1,1,1,1,1,1,1
1,1,1,1,1,1,1,1,1,1
1,1,1,1,1,1,1,1,1,1
1,1,1,1,1,1,1,1,1,1
1,1,1,1,1,1,1,1,1,1
1,1,1,1,1,1,1,1,1,1
1,1,1,1,1,1,1,1,1,1
1,1,1,1,1,1,1,1,1,1
1,1,1,1,1,1,1,1,1,1
1,1,1,1,1,1,1,1,1,1
1,1,1,1,1,1,1,1,1,1
1,1,1,1,1,1,1,1,1,1
1,1,1,1,1,1,1,1,1,1
1,1,1,1,1,1,1,1,1,1
1,1,1,1,1,1,1,1,1,1
1,1,1,1,1,1,1,1,1,1
1,1,1,1,1,1,1,1,1,1
1,1,1,1,1,1,1,1,1,1
1,1,1,1,1,1,1,1,1,1
1,1,1,1,1,1,1,1,1,1
1,1,1,1,1,1,1,1,1,1
1,1,1,1,1,1,1,1,1,1
1,1,1,1,1,1,1,1,1,1
1,1,1,1,1,1,1,1,1,1
1,1,1,1,1,1,1,1,1,1
1,1,1,1,1,1,1,1,1,1
1,1,1,1,1,1,1,1,1,1
1,1,1,1,1,1,1,1,1,1
1,1,1,1,1,1,1,1,1,1
1,1,1,1,1,1,1,1,1,1
1,1,1,1,1,1,1,1,1,1
1,1,1,1,1,1,1,1,1,1
1,1,1,1,1,1,1,1,1,1
1,1,1,1,1,1,1,1,1,1
1,1,1,1,1,1,1,1,1,1
1,1,1,1,1,1,1,1,1,1
1,1,1,1,1,1,1,1,1,1
1,1,1,1,1,1,1,1,1,1
1,1,1,1,1,1,1,1,1,1
1,1,1,1,1,1,1,1,1,1
1,1,1,1,1,1,1,1,1,1
1,1,1,1,1,1,1,1,1,1
1,1,1,1,1,1,1,1,1,1
1,1,1,1,1,1,1,1,1,1
1,1,1,1,1,1,1,1,1,1
1,1,1,1,1,1,1,1,1,1
1,1,1,1,1,1,1,1,1,1
1,1,1,1,1,1,1,1,1,1
1,1,1,1,1,1,1,1,1,1
1,1,1,1,1,1,1,1,1,1
1,1,1,1,1,1,1,1,1,1
1,1,1,1,1,1,1,1,1,1
1,1,1,1,1,1,1,1,1,1
1,1,1,1,1,1,1,1,1,1
1,1,1,1,1,1,1,1,1,1
1,1,1,1,1,1,1,1,1,1
1,1,1,1,1,1,1,1,1,1
1,1,1,1,1,1,1,1,1,1
1,1,1,1,1,1,1,1,1,1
1,1,1,1,1,1,1,1,1,1
1,1,1,1,1,1,1,1,1,1
1,1,1,1,1,1,1,1,1,1
1,1,1,1,1,1,1,1,1,1
1,1,1,1,1,1,1,1,1,1
1,1,1,1,1,1,1,1,1,1
1,1,1,1,1,1,1,1,1,1
1,1,1,1,1,1,1,1,1,1
1,1,1,1,1,1,1,1,1,1
1,1,1,1,1,1,1,1,1,1
1,1,1,1,1,1,1,1,1,1
1,1,1,1,1,1,1,1,1,1
1,1,1,1,1,1,1,1,1,1
1,1,1,1,1,1,1,1,1,1
1,1,1,1,1,1,1,1,1,1
1,1,1,1,1,1,1,1,1,1
1,1,1,1,1,1,1,1,1,1
1,1,1,1,1,1,1,1,1,1
1,1,1,1,1,1,1,1,1,1
1,1,1,1,1,1,1,1,1,1
1,1,1,1,1,1,1,1,0.9919397,1
1,1,1,1,1,1,1,1,0.9828385,1
1,1,1,1,1,1,1,1,0.9735411,1
1,1,1,1,1,1,1,1,0.9640532,1
1,1,1,1,1,1,1,1,0.9543812,1
1,1,1,1,1,1,1,1,0.9445286,1
1,1,1,1,1,1,1,1,0.9571686,1
1,1,1,1,1,1,1,1,0.9718086,1
1,1,1,1,1,1,1,1,0.9857477,1
1,1,1,1,1,1,1,1,0.9989723,1
1,1,1,1,1,1,1,1,1,1
1,1,1,1,1,1,1,1,1,1
1,1,1,1,1,1,1,1,1,1
1,1,1,1,1,1,1,1,1,1
1,1,1,1,1,1,1,1,1,1
1,1,1,1,1,1,1,1,1,1
1,1,1,1,1,1,1,1,1,1
1,1,1,1,1,1,1,1,1,1
1,1,1,1,1,1,1,1,1,1
1,1,1,1,1,1,1,1,1,1
1,1,1,1,1,1,1,1,1,1
1,1,1,1,1,1,1,1,1,1
1,1,1,1,1,1,1,1,1,1
1,1,1,1,1,1,1,1,1,1
1,1,1,1,1,1,1,1,1,1
1,1,1,1,1,1,1,1,1,1
1,1,1,1,1,1,1,1,1,1
1,1,1,1,1,1,1,1,1,1
1,1,1,1,1,1,1,1,1,1
1,1,1,1,1,1,1,1,1,1
1,1,1,1,1,1,1,1,1,1
1,1,1,1,1,1,1,1,1,1
1,1,1,1,1,1,1,1,1,1
1,1,1,1,1,1,1,1,1,1
1,1,1,1,1,1,1,1,1,1
1,1,1,1,1,1,1,1,1,1
1,1,1,1,1,1,1,1,1,1
1,1,1,1,1,1,1,1,1,1
1,1,1,1,1,1,1,1,1,1
1,1,1,1,1,1,1,1,1,1
1,1,1,1,1,1,1,1,1,1
1,1,1,1,1,1,1,1,1,1
1,1,1,1,1,1,1,1,1,1
1,1,1,1,1,1,1,1,1,1
1,1,1,1,1,1,1,1,1,1
1,1,1,1,1,1,1,1,1,1
1,1,1,1,1,1,1,1,1,1
1,1,1,1,1,1,1,1,1,1
1,1,1,1,1,1,1,1,1,1
1,1,1,1,1,1,1,1,1,1
1,1,1,1,1,1,1,1,1,1
1,1,1,1,1,1,1,1,1,1
1,1,1,1,1,1,1,1,1,1
1,1,1,1,1,1,1,1,1,1
1,1,1,1,1,1,1,1,1,1
1,1,1,1,1,1,1,1,1,1
1,1,1,1,1,1,1,1,1,1
1,1,1,1,1,1,1,1,1,1
1,1,1,1,1,1,1,1,1,1
1,1,1,1,1,1,1,1,1,1
1,1,1,1,1,1,1,1,1,1
1,1,1,1,1,1,1,1,1,1
1,1,1,1,1,1,1,1,1,1
1,1,1,1,1,1,1,1,1,1
1,1,1,1,1,1,1,1,1,1
1,1,1,1,1,1,1,1,1,1
1,1,1,1,1,1,1,1,1,1
1,1,1,1,1,1,1,1,1,1
1,1,1,1,1,1,1,1,1,1
1,1,1,1,1,1,1,1,1,1
1,1,1,1,1,1,1,1,1,1
1,1,1,0.9981187,1,1,1,1,1,1
1,1,1,0.9895767,1,1,1,1,1,1
1,1,1,0.9808657,1,1,1,1,1,1
1,1,1,0.9719872,1,1,1,1,1,1
1,1,1,0.9629394,1,1,1,1,1,1
1,1,1,0.9537255,1,1,1,1,1,1
1,1,1,0.9443443,1,1,1,1,1,1
1,1,1,0.9348003,1,1,1,1,1,1
1,1,1,0.9250939,1,1,1,1,1,1
1,0.8969506,1,0.9152266,1,1,1,1,1,1
1,0.8902198,1,0.9053481,1,1,1,1,1,1
1,0.8834861,1,0.8953334,1,1,1,1,1,1
1,0.8767473,1,0.8851861,1,1,1,1,1,1
1,0.8700043,1,0.8749141,1,1,1,1,1,1
1,0.8632582,1,0.8645256,1,1,1,1,1,1
1,0.8565038,1,0.8540219,0.9965259,1,1,1,1,1
1,0.8497483,1,0.8433471,0.9830443,1,1,1,1,1
1,0.8430085,1,0.8323283,0.9690113,1,1,1,1,0
1,0.8362838,1,0.8209754,0.9544481,1,1,1,1,0
1,0.8295776,1,0.809306,0.939387,1,1,1,1,0
1,0.8228908,1,0.7973372,0.9238612,1,1,1,1,0
1,0.8162273,1,0.7850938,0.9079149,1,1,1,1,0
1,0.8095921,1,0.7726029,0.8915958,1,1,1,1,0
1,0.8029898,1,0.7598948,0.874956,1,1,1,1,0
1,0.7964219,1,0.7469977,0.8580462,1,1,1,1,0
1,0.7898926,1,0.7339448,0.8409225,1,1,1,1,0
1,0.7834059,1,0.7317344,0.8236423,0.9960731,1,1,1,0
1,0.7769515,1,0.7307405,0.8063442,0.971502,1,1,1,0
1,0.770605,1,0.7311983,0.7886162,0.9463005,1,1,1,0
1,0.7643772,1,0.7331616,0.7705731,0.9206726,1,1,1,0
1,0.7582741,1,0.7366799,0.7523257,0.8948146,1,1,1,0
1,0.7523016,1,0.7418051,0.7339848,0.8689168,1,1,1,0
1,0.7464588,1,0.7485974,0.7156502,0.843149,1,1,1,0
1,0.7407472,1,0.7571135,0.6974196,0.8176697,1,1,1,0
1,0.7351635,1,0.767413,0.679378,0.7926145,1,1,1,0
1,0.7296964,1,0.7694112,0.6615933,0.7680891,1,1,1,0
1,0.7243731,1,0.7545,0.6440459,0.7440506,1,1,1,0
1,0.7192431,1,0.7396827,0.6266569,0.7203636,1,1,1,0
1,0.7143033,1,0.7250238,0.609503,0.6971449,0.9563519,1,1,0
1,0.7099002,1,0.7220486,0.6012133,0.6735562,0.9124721,1,1,0
1,0.7059172,1,0.7485217,0.6127585,0.6501956,0.8696965,1,1,0
1,0.7020776,1,0.7791129,0.6258248,0.627797,0.8296185,1,1,0
1,1,1,0.9784256,0.6405984,0.6062878,0.7919699,1,1,0
1,1,1,1,0.6573064,0.585609,0.7565258,1,1,0
1,1,1,1,0.6762199,0.5657033,0.7230834,1,1,0
1,1,1,1,0.66637,0.546518,0.6914638,1,1,0
1,1,1,1,0.6503168,0.5280085,0.6615132,0.9543141,1,0
1,1,1,1,0.6347399,0.5279546,0.6330853,0.9380885,1,0
1,1,1,1,0.6392407,0.5396687,0.6060628,0.9410993,1,0
1,1,1,1,0.667223,0.5528888,0.5803281,0.9447798,1,0
1,1,1,1,0.6997041,0.5678045,0.5557836,0.9491504,1,0
1,1,1,1,0.9089084,0.5846394,0.5323414,0.9542338,1,0
1,1,0.6993788,1,1,0.601822,0.5099142,0.960052,1,0
1,1,0.6364781,1,1,0.5855084,0.4887568,0.9662525,1,0
1,1,0.5874449,1,1,0.5698596,0.4687033,0.8217654,1,0
1,1,0.542468,1,1,0.5542842,0.4488467,0.7678221,1,0
1,1,0.5298384,1,1,0.5654848,0.4301454,0.7182505,1,0
1,1,0.5225157,1,1,0.5930649,0.4399739,0.6725312,1,0
1,1,0.5153052,1,1,0.6249511,0.4509789,0.6302188,1,0
1,1,0.5082012,1,1,0.8282244,0.463289,0.5909334,1,0
1,1,0.5012013,1,1,1,0.4770466,0.5543545,0.9532407,0
1,1,0.4943001,1,1,1,0.4924234,0.5202007,0.8729581,0
1,1,0.4874955,1,1,1,0.5065609,0.4882322,0.8756689,0
1,1,0.4807823,1,1,1,0.489605,0.4582362,0.8790035,0
1,1,0.4741554,1,1,1,0.47322,0.4300254,0.8829697,0
1,1,0.4676131,1,1,1,0.4576363,0.4034406,0.887583,0
1,1,0.4611541,1,1,1,0.479376,0.3783406,0.8928578,0
1,1,0.4547699,1,1,1,0.5040079,0.3545918,0.8988073,0
1,1,0.4484629,0.5565287,1,1,0.5320153,0.3387764,0.7248909,0
1,1,0.4422249,0.508258,1,1,0.7066561,0.3467828,0.6520644,0
1,1,0.436036,0.4667737,1,1,1,0.3555519,0.5878,0
1,1,0.4288442,0.4363584,1,1,1,0.3635619,0.5358679,0
1,1,0.4216848,0.4085755,1,1,1,0.3722761,0.4882173,0
1,1,0.4144916,0.3833275,1,1,1,0.3816358,0.4446023,0
1,1,0.4072025,0.3604135,1,1,1,0.3915873,0.4046919,0
1,1,0.3997577,0.3474507,1,1,1,0.4020649,0.3681121,0
1,1,0.3921418,0.3390105,1,1,1,0.3895662,0.334415,0
1,1,0.3845041,0.330592,1,1,1,0.3724354,0.3028832,0
1,1,0.3768378,0.3221928,1,1,1,0.3558398,0.2974382,0
1,1,0.3688196,0.3136576,0.4536993,1,1,0.3655696,0.3026208,0
1,1,0.3584585,0.3040408,0.430997,1,1,0.3735473,0.3067134,0
1,1,0.3474964,0.2941514,0.4120994,1,1,0.3808403,0.3106019,1
1,1,0.3360153,0.2840234,0.3961344,1,1,0.3874548,0.314282,1
1,1,0.3240975,0.2736937,0.3824627,1,1,0.3934163,0.3177585,1
1,1,0.3118198,0.2631964,0.3706192,0.9978571,1,0.3987575,0.3210375,1
1,1,0.2992499,0.2525619,0.3602586,0.988191,1,0.4035151,0.3241275,1
1,1,0.2864479,0.2418182,0.3511466,0.9784411,1,0.4951696,0.3270333,1
1,1,0.2729828,0.2307584,0.3458299,0.9684347,1,0.4971485,0.3293419,1
1,1,0.2595015,0.2196854,0.3410216,0.9584036,1,0.4987747,0.3315291,2
1,1,0.2460361,0.2086158,0.3366558,0.9483609,1,0.5000933,0.3336024,2
1,1,0.2326059,0.1993851,0.3326557,0.9383124,1,0.5011551,0.3355749,2
1,1,0.2192342,0.1955426,0.3289268,0.9282669,1,0.5020206,0.3285781,2
1,1,0.2060054,0.1916005,0.3248508,0.9182569,1,0.5030153,0.3110077,1
1,1,0.1929626,0.1873917,0.3199144,0.9082977,1,0.5043927,0.292786,1
1,1,0.1800771,0.1829362,0.3141664,0.8983806,1,0.506117,0.2866352,1
1,1,0.1672556,0.1784638,0.3083034,0.8884706,1,0.507831,0.2887435,1
1,0.2679378,0.154462,0.1741093,0.3027402,0.8785559,1,0.5093237,0.2907739,2
1,0.2367305,0.1397894,0.1777048,0.8862178,0.868,1,0.4989664,0.2899214,2
1,0.2078863,0.1255806,0.1823627,0.872561,0.9409958,1,0.4890369,0.288986,2
1,0.1811233,0.1118012,0.1882817,0.8593547,1,1,0.4794914,0.2879668,2
1,0.1562023,0.1115358,0.1956944,0.8465813,1,1,0.4702996,0.2868696,2
1,0.1332155,0.1126852,0.203947,0.8343731,1,1,0.4621342,0.285867,2
1,0.1118855,0.1139538,0.2127045,0.8226763,1,1,0.4550741,0.2849967,2
1,0.09187703,0.1153211,0.2219197,0.8113864,1,1,0.4489347,0.2842314,2
0.2288651,0.07292673,0.1167791,0.2315648,0.8004164,1,1,0.4435577,0.2835437,2
0.1577763,0.07076523,0.1201968,0.8091893,0.7893396,1,1,0.4355097,0.2821081,2
0.09954272,0.07149758,0.1244145,0.7952342,0.7786245,1,1,0.4276755,0.280595,2
0.05792845,0.07255455,0.1295318,0.7817427,0.7682594,1,1,0.4200408,0.2790077,2
0.05834769,0.07395782,0.1356828,0.768699,1,1,1,0.4125842,0.2773432,2
0.05901428,0.07572334,0.1430147,0.7560884,1,1,1,0.4052943,0.2756044,2
0.05993668,0.07787747,0.1517233,0.7438914,1,1,1,0.3981524,0.2737877,2
0.06112101,0.08044537,0.1620414,0.7320984,1,1,1,0.3911452,0.2718924,2
0.06257097,0.08345093,0.7628418,0.720692,1,1,1,0.3842638,0.2699206,2
0.06414641,0.08648708,0.7479082,0.7098454,1,1,1,0.3785948,0.2680806,2
0.06588017,0.08972478,0.7337402,0.6992936,1,1,1,0.3733551,0.2662314,2
0.06775746,0.09314344,0.7202243,0.6889732,1,1,1,0.3684819,0.2643611,2
0.06975678,0.0967122,0.7072614,0.6788297,1,1,1,0.36393,0.2624676,2
0.07186654,0.1004129,0.6947729,0.8530048,1,1,1,0.359652,0.3107174,2
0.07416054,0.1044977,0.6823229,1,1,1,1,0.3551803,0.3086383,2
0.07655926,0.2269515,0.6702839,1,1,1,1,0.3509471,0.306532,2
0.07889499,0.2317028,0.6590892,1,1,1,1,0.3475488,0.3044915,2
0.0812792,0.2364034,0.6480876,1,1,1,1,0.3442673,0.3024246,2
0.08370413,0.2410416,0.6372523,1,1,1,1,0.3410907,0.3003325,1
0.2878345,0.2456019,0.6265628,1,1,1,1,0.3380124,0.2982198,1
0.2681811,0.2475769,0.6170791,1,1,1,1,0.3364694,0.2962902,1
0.2477446,0.2497718,0.6074459,1,1,1,1,1,0.2943776,2
0.2166275,0.2601167,0.594504,1,1,1,1,1,0.2918735,2
0.1881065,1,0.5819908,1,1,1,1,1,0.2893003,1
0.1862396,1,0.5717037,1,1,1,1,1,0.2868717,1
0.1893871,0.6803864,0.5614513,1,1,1,1,1,0.2844136,2
0.1935018,0.6632218,0.5504755,1,1,1,1,1,0.2818354,2
0.1977817,0.6465571,0.5396649,1,1,1,1,1,0.2791872,2
0.2022199,0.630371,0.5290083,1,1,1,1,1,0.2764686,2
0.2068095,0.6146442,0.5184972,1,1,1,1,1,0.273679,2
0.2115396,0.5993559,0.5081226,1,1,1,1,1,0.2708207,2
0.2164058,0.5844883,0.4978787,1,1,1,1,1,0.2678899,2
1,0.5700163,0.4877536,1,1,1,1,1,0.2648889,0
1,0.5654262,0.4792841,1,1,1,1,1,0.2617204,0
1,0.5606059,0.4708358,1,1,1,1,1,0.2588218,0
1,0.5555264,0.46239,1,1,1,1,1,0.2561771,0
1,0.5501563,0.4539267,1,1,1,1,1,0.2537684,0
1,0.5444695,0.4454303,1,1,1,1,1,1,2
1,0.5260656,0.4341142,1,1,1,1,1,1,2
1,0.5083023,0.4260485,1,1,1,1,1,1,2
1,0.4911662,0.4863022,1,1,1,1,1,1,2
1,0.4747688,0.5586581,1,1,1,1,1,1,2
1,0.4590457,0.6462857,1,1,1,1,1,1,2
1,0.4439371,1,1,1,1,1,1,1,2
1,0.429684,1,1,1,1,1,1,1,2
1,0.4157338,1,1,1,1,1,1,1,2
1,0.4020816,1,1,1,1,1,1,1,2
0.5759588,0.3887219,1,1,1,1,1,1,1,2
0.5449368,0.3739839,1,1,1,1,1,1,1,2
0.5159281,0.3598181,1,1,1,1,1,1,1,2
0.4887515,0.3461932,0.9998144,1,1,1,1,1,0.6918567,2
0.4662167,0.3338893,0.990898,1,1,1,1,1,0.6842105,2
0.4446585,0.3219017,0.9822826,1,1,1,1,1,0.6773489,2
0.4240377,0.3265567,0.9739591,1,1,1,1,1,0.6712909,2
0.4044348,0.3518711,0.9659101,1,1,1,1,1,0.6667179,2
0.3858754,0.3790127,0.9580898,1,1,1,1,1,0.6641576,2
0.3682444,0.4081131,0.9504765,1,1,1,1,1,0.6631191,2
0.3514405,0.4392839,0.943045,1,1,1,1,1,0.6632973,2
0.3353826,0.4726551,0.9357755,1,1,1,1,1,0.6644644,2
0.3199971,0.5083585,0.9286467,1,1,1,1,1,0.6664656,2
0.305224,0.5465175,0.9216421,1,1,1,1,1,0.669174,2
0.2910103,0.587257,0.9147469,1,1,1,1,1,0.6724929,2
0.2773054,1,1,1,1,1,1,1,1,2
0.2780386,1,1,1,1,1,1,1,0.6636056,2
0.2893109,1,1,1,1,1,1,1,1,2
0.3058555,1,1,1,1,1,1,1,0.6654409,2
0.3176011,1,1,1,1,1,1,1,1,2
0.3352338,1,1,1,1,1,1,1,1,2
0.3536294,0.8641608,0.9690856,1,1,1,1,1,1,2
0.3731872,0.8537112,0.9653412,1,1,1,1,1,1,2
0.3934844,0.8437856,0.9616864,1,1,1,1,1,0.6544282,1
0.406271,0.8358952,0.9543343,1,1,1,1,1,1,2
0.4273935,0.8265387,0.9506197,1,1,1,1,1,1,2
0.4491088,0.8175812,0.9468983,1,1,1,1,1,1,2
0.4713611,0.808975,0.9431335,1,1,1,1,1,1,2
0.4940754,0.80068,0.9392952,1,1,1,1,1,1,2
0.5171769,0.792657,0.9353544,1,1,1,1,1,1,2
1,0.7848706,0.9312854,1,1,1,1,1,1,1
1,0.777815,1,1,1,1,1,1,1,1
1,0.7706962,1,1,1,1,1,1,1,1
1,0.7635838,1,1,1,1,1,1,1,1
1,0.7564779,1,1,1,1,1,1,1,1
1,0.7493786,1,1,1,1,1,1,1,1
1,0.7422859,0.9939107,1,1,1,1,1,1,1
1,0.7352052,0.9867117,1,1,1,1,1,1,1
1,0.728134,0.9794793,1,1,1,1,1,1,1
1,0.7210752,0.9722171,1,1,1,1,1,1,1
1,0.7140254,0.9649223,1,1,1,1,1,1,1
1,0.7069843,0.9575956,1,1,1,1,1,1,1
1,0.6999517,0.9502378,1,1,1,1,1,1,1
1,0.6929243,0.9428461,1,1,1,1,1,1,1
1,0.7394959,0.9354248,1,1,1,1,1,1,1
1,0.8319548,0.9279086,1,1,1,1,1,1,1
0.9991198,0.9192273,0.9202496,1,1,1,1,1,1,1
0.9915816,1,0.9124608,1,1,1,1,1,1,1
0.9841468,1,0.904595,1,1,1,1,1,1,1
0.9766731,1,0.8967444,1,1,1,1,1,1,1
0.7385089,1,0.8889061,1,1,1,1,1,1,1
0.7288836,1,0.8826895,1,1,1,1,1,1,1
0.7193196,1,0.8765152,1,1,1,1,1,1,1
0.7098236,1,0.8703845,1,1,1,1,1,1,1
0.7003946,1,0.8642921,1,1,1,1,1,1,1
0.691035,1,0.858236,1,1,1,1,1,1,1
0.6817505,1,0.8522174,1,1,1,1,1,1,1
0.6725398,1,0.8462309,1,1,1,1,1,1,1
0.6634079,1,0.8402776,1,1,1,1,1,1,1
0.6543562,0.6724548,0.8343552,1,1,1,1,1,1,2
0.6451818,0.6655781,0.8286804,1,1,1,1,1,1,2
0.6361223,0.6587536,0.8230179,1,1,1,1,1,1,2
0.6271812,0.6519836,0.8173676,1,1,1,1,1,1,2
0.6183546,0.6452639,0.8117228,1,1,1,1,1,1,2
0.6096383,0.6385905,0.806077,1,1,1,1,1,1,2
0.6010348,0.6319655,0.8004307,1,1,1,1,1,1,2
0.5925428,0.6253877,0.7947811,1,1,1,1,1,1,1
0.5841577,0.618853,0.789122,1,1,1,1,1,1,1
0.5758778,0.6123604,0.7834514,1,1,1,1,1,1,1
0.5677013,0.6059085,0.7777666,1,1,1,1,1,1,1
0.5874603,0.5994934,0.7720627,1,1,1,1,1,1,1
0.6099359,0.5931094,1,1,1,1,1,1,1,2
0.6378021,0.5868039,1,1,1,1,1,1,1,2
0.6655846,0.6802347,1,1,1,1,1,1,1,2
0.6933036,0.6740621,1,1,1,1,1,1,1,2
0.7207927,0.667933,1,1,1,1,1,1,1,2
0.7479618,0.6618388,1,1,1,1,1,1,1,1
0.7747176,0.6557691,1,1,1,1,1,1,1,1
1,0.6497204,1,1,1,1,1,1,1,1
1,0.6435734,1,1,1,1,1,1,1,1
1,0.6374238,1,1,1,1,1,1,1,1
1,0.6312685,1,1,1,1,1,1,1,1
1,0.6251107,1,1,1,1,1,1,1,1
0.5633695,0.6189471,1,1,1,1,0.9974686,1,1,2
0.555252,0.6130048,1,1,1,1,0.9878949,1,1,2
0.5473581,0.607116,1,1,1,1,0.9784542,1,1,2
0.5396737,0.6012758,1,1,1,1,0.9691347,1,1,2
0.5321795,0.5954736,1,1,1,1,0.959929,1,1,2
0.5248603,0.5897025,1,1,1,1,0.9508244,1,1,1
0.517702,0.5839565,1,1,1,1,0.9418128,1,1,1
0.5106913,0.5782301,1,1,1,1,0.9328869,1,1,1
0.5038127,0.5725151,1,1,1,1,0.9240373,1,1,1
0.4970576,0.5668102,1,1,1,0.9972912,0.9152616,1,1,1
0.4904304,0.5611035,1,1,1,0.9871313,0.9065693,1,1,1
0.4839696,0.5553785,1,1,1,0.9773394,0.8980039,1,1,1
0.4777903,0.5496269,1,1,1,0.9678842,0.8895546,1,1,1
0.5017089,0.5438474,1,1,1,0.9587423,0.8812159,1,1,1
0.5241338,0.5380141,1,1,1,0.9500839,0.8730496,1,1,1
0.5449885,0.5321244,1,1,1,0.9418696,0.8650488,1,1,1
0.5602489,0.5261799,1,1,1,0.9340593,0.8572031,1,1,1
0.5547307,0.5201849,1,1,1,0.9265969,0.8494991,1,1,1
0.5492529,0.5141509,1,1,1,0.9193233,0.8418821,1,1,0
0.5438088,0.5080816,1,1,1,0.9122289,0.834352,1,1,0
0.5383888,0.5019776,1,1,1,0.9053046,0.8269091,1,1,0
0.5329838,0.4958389,1,1,1,0.8985385,0.8195502,1,1,0
0.5275876,0.4896684,1,1,1,0.891926,0.8122789,1,1,0
1,1,1,1,1,1,1,1,1,1
1,1,0.9973561,1,1,1,1,1,1,1
1,1,0.9974562,1,1,1,1,1,1,1
1,1,0.9975525,1,1,1,1,1,1,1
1,1,0.9976453,1,1,1,1,1,1,1
1,1,0.9977417,1,1,1,1,1,1,1
1,1,0.9978345,1,1,1,1,1,1,1
1,1,0.9979237,1,1,1,1,1,1,1
1,1,0.9980096,1,1,1,1,1,1,1
1,1,0.9980923,1,1,1,1,1,1,1
1,1,0.9981717,1,1,1,1,1,1,1
1,1,0.9982483,1,1,1,1,1,1,1
1,1,0.9983219,1,1,1,1,1,1,1
1,1,0.9983928,1,1,1,1,1,1,1
1,0.9634007,0.9984681,1,1,1,1,1,1,1
1,0.9464988,1,1,1,1,1,1,1,1
1,0.9290816,1,1,1,1,1,1,1,1
1,0.9111411,1,1,1,1,1,1,1,1
1,0.8927061,1,1,1,1,1,1,1,1
1,0.8738099,1,1,1,1,1,1,1,1
1,0.8544957,1,1,1,1,1,1,1,2
1,0.8348023,1,1,1,1,1,1,1,2
1,0.8147767,1,1,1,1,1,1,1,2
1,0.7944748,1,1,1,1,1,1,1,2
1,0.77395,1,1,1,1,1,1,1,2
1,0.7532574,1,1,1,1,1,1,1,2
1,0.7324535,1,1,1,1,1,1,1,2
1,0.7115944,1,1,1,1,1,1,1,2
1,0.6907398,1,1,1,1,1,1,1,2
1,0.6699432,1,1,1,1,1,1,1,2
1,0.64926,1,1,1,1,1,1,1,2
1,0.628738,1,1,1,1,1,1,1,2
1,0.6212463,1,1,1,1,1,1,1,2
1,0.6302582,1,1,1,1,1,1,1,2
1,0.6394501,1,1,1,1,1,1,1,2
1,0.648805,1,1,1,1,1,1,1,2
1,0.6583098,1,1,1,1,1,1,1,2
1,0.6679465,1,1,1,1,1,1,1,2
1,0.6777057,1,1,1,1,1,1,1,2
1,0.687569,1,1,1,1,1,1,1,2
0.831416,0.6975221,1,1,1,1,1,1,1,2
0.7854782,0.7133026,1,1,1,1,1,1,1,2
0.7407287,0.7311319,1,1,1,1,1,1,1,2
0.6975337,0.7511474,1,1,1,1,1,1,1,2
0.6561674,0.773501,1,1,1,1,1,1,1,2
0.6168104,1,0.9888457,1,1,1,1,1,1,2
0.5840448,1,0.9769034,1,1,1,1,1,1,2
0.5519516,1,1,1,1,1,1,1,1,2
0.5507728,1,1,1,1,1,1,1,1,2
0.5604435,1,1,1,1,1,1,1,1,2
0.5704394,1,1,1,1,1,1,1,1,2
0.5807441,1,1,1,1,1,1,1,1,2
0.5913442,1,1,1,1,1,1,1,1,2
0.6022221,1,1,1,1,1,1,1,1,2
0.6133586,1,1,1,1,1,1,1,1,2
0.6247383,1,1,1,1,1,1,1,1,2
0.6363367,1,1,1,1,1,1,1,1,2
0.6481363,1,1,1,1,1,1,1,1,2
0.6601194,1,1,1,1,1,1,1,1,2
0.6722594,1,1,1,1,1,1,1,1,2
0.6845414,1,1,1,1,1,1,1,1,2
0.6969376,1,1,1,1,1,1,1,1,2
1,1,1,1,1,1,1,1,1,1
1,1,1,1,1,1,1,1,1,1
1,0.8634503,1,1,1,1,1,1,1,1
1,0.8532103,1,1,1,1,1,1,1,1
1,0.8429549,1,1,1,1,1,1,1,1
1,0.8326846,1,1,1,1,1,1,1,1
1,0.8224092,1,1,1,1,1,1,1,1
1,0.8121285,1,1,1,1,1,1,1,1
1,0.8018461,1,1,1,1,1,1,1,1
1,0.7915687,1,1,1,1,1,1,1,1
1,0.7812995,1,1,1,1,1,1,1,1
1,0.7710415,1,1,1,1,1,1,1,1
1,0.7608014,1,1,1,1,1,1,1,1
1,0.7767102,1,1,1,1,1,1,1,1
1,0.7982277,1,1,1,1,1,1,1,1
1,0.8194453,1,1,1,1,1,1,1,1
1,1,1,1,1,1,1,1,1,1
1,1,1,1,1,1,1,1,1,1
1,1,1,1,1,1,1,1,1,1
1,1,1,0.9949372,1,1,1,1,1,1
1,1,1,0.980601,1,1,1,1,1,1
1,1,1,0.9668037,1,1,1,1,1,1
1,1,1,0.9535197,1,1,1,1,1,1
1,1,1,0.940709,1,1,1,1,1,1
1,1,1,0.9283347,0.995087,1,1,1,1,1
1,1,1,0.9166307,0.9844292,1,1,1,1,1
1,1,1,0.905865,0.9735567,1,1,1,1,1
1,1,1,0.8959853,0.9624864,1,1,1,1,1
1,1,1,0.8869622,0.9512318,1,1,1,1,1
1,1,1,0.8787527,0.9398099,1,1,1,1,1
1,1,1,0.8713284,0.9282345,1,1,1,1,1
1,1,1,0.8646725,0.9165228,1,1,1,1,1
1,1,1,0.8587548,0.9046884,1,1,1,1,1
1,1,1,0.8535563,0.8927482,1,1,1,1,1
1,1,1,0.8490623,0.8807184,0.9895378,1,1,1,0
1,1,1,0.8459674,0.8684794,0.974633,1,1,1,0
1,1,1,0.8445572,0.8560098,0.9593614,1,1,1,0
1,1,1,0.8448665,0.8433396,0.9437736,1,1,1,0
1,1,1,0.8469445,0.8304993,0.9279205,1,1,1,0
1,1,1,0.8508446,0.8175228,0.9118569,1,1,1,0
1,1,1,0.8566465,0.8044405,0.8956333,1,1,1,0
1,1,1,0.8644475,0.7912813,0.8792982,1,1,1,0
1,1,1,0.8743431,0.7780764,0.8629011,1,1,1,0
1,1,1,0.8864721,0.7648547,0.8464888,1,1,1,0
0.6801399,1,1,0.9009885,0.7516398,0.8301002,1,1,1,1
0.6651146,1,1,0.8812664,0.7419603,0.8195869,1,1,1,1
0.6502607,1,1,0.8622035,0.7322201,0.8089706,1,1,1,1
0.6355681,1,1,0.8437823,0.7224208,0.798254,1,1,1,1
0.621022,1,1,0.8259478,0.7125614,0.7874376,1,1,1,1
0.6066167,1,1,0.8086805,0.702648,0.7765293,1,1,1,1
0.5923365,1,1,0.7919258,0.6926804,0.7655308,1,1,1,1
0.5805528,1,1,0.7756527,0.6826619,0.7544476,1,1,1,1
0.5858457,1,1,0.7600527,0.672569,0.7432427,1,1,1,1
0.5907437,1,1,0.7466543,0.6622418,0.7316498,1,1,1,1
0.595264,1,1,0.735219,0.6517034,0.7197105,1,1,1,1
0.5994214,1,1,0.7255637,0.6409828,0.7074732,1,1,1,1
0.6032335,1,1,0.7175394,0.6301054,0.694981,1,1,1,1
0.6067188,1,1,0.711026,0.6190948,0.6822749,0.8623561,1,1,0
0.6077286,1,1,0.7188343,0.6067982,0.667437,0.8402461,1,1,0
0.6082951,1,1,0.7300485,0.5944012,0.6524428,0.8178626,1,0.932449,0
0.6071458,1,1,0.7546217,0.5812665,0.6362214,0.7929306,1,0.9270387,0
0.6056784,1,1,0.7853825,0.5681673,0.6200637,0.7682211,1,0.9218542,0
0.6039754,1,1,0.8233806,0.5551499,0.6040438,0.7438861,1,0.916932,0
0.6021108,1,1,0.8700124,0.542248,0.5882188,0.7200426,1,0.9123011,0
0.6001492,1,1,0.9271609,0.5294961,0.5726424,0.6967896,1,0.9079837,0
0.5981442,1,1,1,0.5169138,0.5573483,0.6741902,1,0.9039944,0
0.5961492,1,1,1,0.5045153,0.5423623,0.6522923,1,0.9003393,0
0.5940136,1,1,1,0.492236,0.5275689,0.6308407,1,1,0
0.5933682,1,1,1,0.4900579,0.5140859,0.6121906,1,1,0
0.5926288,1,1,1,0.4993918,0.5007367,0.5938473,1,1,0
0.5918633,1,1,1,0.5098779,0.4875624,0.5758939,1,1,0
0.5910851,1,1,1,0.5215738,0.4745634,0.5583306,1,1,0
0.5903048,1,1,1,0.5345474,0.4617411,0.5411559,1,1,0
1,1,1,1,0.5488635,0.449091,0.5243613,1,1,0
0.585463,1,1,1,0.5941172,0.4347059,0.5038382,1,1,0
1,1,1,1,0.6115046,0.4226258,0.4882911,1,1,0
1,1,1,1,0.673979,0.4088309,0.4690002,1,1,0
0.5772219,1,1,1,0.7549835,0.3953873,0.4504294,1,1,0
1,1,1,1,0.7772157,0.3841177,0.4366823,1,1,0
1,1,1,1,0.9834403,0.3806477,0.4190888,0.6550736,1,0
0.5698982,1,1,1,0.9710442,0.4044811,0.4021071,0.616756,1,0
0.5673399,1,1,1,0.9594889,0.4256548,0.3867092,0.5847356,1,0
0.5647681,1,1,1,0.9482061,0.4505728,0.3716681,0.5542365,1,0
1,1,1,1,0.9454927,0.4797831,0.3569949,0.5252523,1,0
0.5588546,1,1,1,1,0.5252453,0.3418891,0.4948204,1,0
0.5564594,1,1,1,1,0.5660738,0.3280904,0.4692329,1,0
0.5541114,1,1,1,1,0.6139117,0.3146254,0.444897,1,0
1,1,1,1,1,0.6701599,0.3014795,0.4217332,1,0
0.548658,1,1,1,1,0.8948302,0.2878397,0.3967864,1,0
1,1,1,1,1,0.8831875,0.2878891,0.3764589,1,0
1,1,1,1,1,0.8709332,0.3051502,0.3537159,1,0
0.5405352,1,1,1,1,0.8591315,0.3251251,0.33212,1,0
1,1,1,1,1,0.8483664,0.3382327,0.3145755,1,0
1,1,1,1,1,1,0.3634858,0.294695,0.5785512,0
0.5326876,1,1,1,1,1,0.3930545,0.2757455,0.5245224,0
0.5298292,1,1,1,1,1,0.4279183,0.2576568,0.4758701,0
0.5270097,1,1,1,1,1,0.4693679,0.2403692,0.4318371,0
0.5242227,1,1,1,0.9719108,1,0.5191828,0.2238249,0.3917959,0
0.5214677,1,1,1,0.9663213,1,0.5798147,0.2079752,0.3552341,0
0.5187443,1,1,1,0.9611516,1,0.7916259,0.2126351,0.3217112,0
0.516046,1,1,1,0.9564084,1,0.7787943,0.223587,0.2908755,0
0.5133722,1,1,1,0.9520901,1,0.7664514,0.2356845,0.2624114,0
0.5107194,1,1,1,0.9482027,1,0.7545831,0.249052,0.236061,0
0.508087,1,1,1,0.9447531,1,0.7431771,0.2638279,0.2116034,0
0.5054745,1,1,1,0.9417459,1,1,0.2801726,0.1888426,0
0.5028751,1,1,1,0.9391876,0.892643,1,0.298287,0.1780952,0
0.5002069,1,1,1,0.9365035,0.8867918,1,0.3174545,0.1854741,0
0.497419,1,1,1,0.9334782,0.8809201,1,0.3373619,0.1930755,0
0.4944828,1,1,1,0.9300398,0.8749532,1,0.3578704,0.2008563,0
0.4913808,1,1,1,0.9261295,0.8688294,1,0.3788121,0.2087677,0
0.4880957,1,1,1,0.9217044,0.8625022,1,0.4000131,0.2167676,0
0.4846231,1,1,1,0.9167295,0.8559321,1,0.4212679,0.2248051,0
0.4995274,1,1,1,1,0.849089,1,0.4423828,0.2328414,0
0.5162944,0.9936081,1,1,1,0.8426143,1,0.4659433,0.2414,0
0.5331514,0.9866735,1,1,1,0.8360273,1,0.4900904,0.2500911,0
0.5502132,0.97993,1,1,1,0.8293144,1,0.5147301,0.2588953,0
0.5675207,0.9733512,1,1,1,0.8224676,1,0.6649818,0.267793,0
1,0.9672612,1,1,1,0.8149385,1,0.6542084,0.2762404,0
1,0.9585553,1,1,1,0.8120111,1,0.6401499,0.2894085,0
0.5663576,0.9501463,1,1,1,0.8095142,0.8929758,0.6266907,0.3035472,1
1,0.9445484,1,1,1,0.8009685,0.8360263,0.6173967,0.3119124,0
1,0.936779,1,1,1,0.7979775,0.741609,0.6050722,0.3263851,0
1,0.9294306,1,1,1,0.7945583,0.7350178,0.6050406,0.3409438,0
1,0.9223747,1,1,1,0.7907604,0.7284508,0.6590965,0.3556099,0
1,0.9155875,1,1,1,0.7863279,0.7217814,1,0.3700278,0
1,0.9092053,1,1,1,0.7800863,0.7145303,1,0.3826446,0
1,0.9028909,1,1,1,1,0.7071836,1,0.3950629,0
1,0.8963772,1,1,1,1,0.7003641,1,0.4094597,0
1,0.8899237,1,1,1,1,0.6934771,1,0.4237989,0
1,0.8835133,1,1,1,1,0.6865104,1,0.438021,0
1,0.8771302,1,1,1,1,0.6794517,1,0.4520734,0
1,0.8707653,1,1,1,1,0.6722942,1,1,2
1,0.864854,1,1,1,1,0.6628491,1,1,2
1,0.8590816,1,1,1,1,0.6534054,1,1,2
1,0.8534513,1,1,1,1,0.6439653,1,1,2
1,0.8479713,1,1,1,1,0.6345334,1,1,2
1,0.8426406,1,1,1,1,0.6251138,1,1,2
1,0.8374668,1,1,1,1,0.615707,1,0.5852461,1
1,0.8315604,1,1,1,1,0.6075786,1,0.5739622,1
1,0.8256482,1,1,1,1,0.599451,1,0.562741,1
1,0.819733,1,1,1,1,0.5913209,1,0.551578,1
1,0.8138115,1,1,1,1,0.5831913,1,0.5404763,1
1,0.8078868,1,1,1,1,0.5750589,1,0.5294308,1
1,0.8019587,1,1,1,1,0.5669237,1,0.5184405,1
1,0.796027,1,1,1,1,0.5587887,1,0.5075082,1
1,0.7900914,1,1,1,1,0.5506507,1,0.4966284,1
1,0.784155,1,1,1,1,0.5425068,1,0.4904776,1
1,0.778221,1,1,1,1,0.5343472,1,0.5002927,1
1,0.7723208,1,1,1,1,0.5261241,1,0.5097491,1
1,0.7664545,1,1,1,1,0.5178432,1,0.5188411,1
1,0.7606232,1,1,1,1,0.5095044,1,0.5275661,1
1,0.7548319,1,1,1,1,0.501111,1,0.5359185,1
1,0.7490829,1,1,1,1,0.4926692,1,0.5439011,1
1,0.743379,1,1,1,1,0.4841789,1,0.5515184,1
1,0.7377264,1,1,1,1,0.4756463,1,0.5587724,1
1,0.7321254,1,1,1,1,0.4670741,1,1,2
1,0.7274603,1,1,1,1,0.4574878,1,1,2
1,1,1,1,1,1,0.4479738,1,1,1
1,1,1,1,1,1,0.4393024,1,1,1
1,1,1,1,1,1,0.4306278,1,1,1
0.7378868,1,1,1,1,1,0.4219498,0.4371706,1,2
0.7306289,1,1,1,1,1,0.4130541,0.4292684,1,2
0.7235069,1,1,1,1,1,0.4041599,0.4213062,1,2
0.7165238,1,1,1,1,1,0.395266,0.4132805,1,2
0.7096788,1,1,1,1,1,0.3863709,0.4051883,1,2
0.7029676,1,1,1,1,1,0.377476,0.3970295,1,2
0.6963889,1,1,1,1,1,0.3685797,0.3888014,1,2
0.6899412,1,1,1,1,1,0.3596832,0.3805043,1,2
0.6836225,1,1,1,1,1,0.3507847,0.3721357,1,2
0.6774278,1,1,1,1,1,0.3418822,0.3636931,1,2
0.6713549,1,1,1,1,1,0.332974,0.3551743,1,2
0.6654014,1,1,1,1,1,0.324061,0.3465807,1,2
0.6595619,1,1,1,1,1,0.3151415,0.3379104,1,2
0.6538339,1,1,1,1,1,0.3062137,0.3291622,1,2
0.6482149,1,1,1,1,1,0.2972787,0.3203379,1,2
0.6426991,1,1,1,1,1,0.2883349,0.3114366,1,2
0.637281,1,1,1,1,1,0.2793838,0.3024611,0.9964224,2
0.6319729,1,1,1,1,1,0.2704247,0.2933969,0.9883407,2
0.6267857,1,1,1,1,1,0.2614569,0.2842284,0.9797012,1
0.6217089,1,1,1,1,1,0.2524842,0.2749634,0.9705011,1
0.6167351,1,1,1,1,1,0.2435016,0.2656005,0.9607289,1
0.6572626,1,1,1,1,1,0.2345134,0.2561491,0.9503905,1
0.7056247,1,1,1,1,1,0.2255358,0.2464195,0.937499,1
0.7445105,1,1,1,1,1,0.21658,0.2364247,0.9218761,1
0.7744075,1,1,1,1,1,0.207654,0.2262577,0.3129317,0
0.7426767,1,1,1,1,1,0.1989574,0.2147082,0.2927379,0
0.7162037,1,1,1,1,1,1,0.2035563,0.2737094,0
0.6937377,1,1,1,1,1,1,0.1927815,0.2557542,0
0.6744015,1,1,1,1,1,1,0.1823651,0.2387893,0
0.6598139,1,1,1,1,1,1,0.1723415,0.2229515,0
0.6488771,1,1,1,1,1,1,0.1626682,0.2080956,0
0.6406436,1,1,1,1,1,1,0.1533016,0.1940794,0
0.6344808,1,1,1,1,1,1,0.144207,0.1807922,0
0.6299385,1,1,1,1,1,1,0.1353583,0.1681489,0
0.6267025,1,1,1,1,1,1,0.1449175,0.1560759,0
0.6247861,1,1,1,1,1,1,0.1857863,0.1445257,0
0.6242875,1,1,1,1,1,1,0.2323998,0.1334656,0
0.6249503,1,1,1,1,1,1,0.285446,0.1228304,0
0.6265733,1,1,1,1,1,1,0.3457061,0.1125692,0
0.6290092,1,1,1,1,1,1,1,0.1141475,0
0.637287,1,1,1,1,1,1,1,0.1273429,0
0.6454774,1,1,1,1,1,1,1,0.140871,0
0.6535942,1,1,1,1,1,1,1,0.1547267,0
0.6616507,1,1,1,1,1,1,1,0.1689101,0
0.6696572,1,1,1,1,1,1,1,0.1834208,0
0.6776312,1,1,1,1,1,1,1,0.1982515,0
0.6855801,1,1,1,1,1,1,1,0.2134003,0
0.693517,1,1,1,1,1,1,1,0.2288589,0
0.7014421,1,1,1,1,1,1,1,0.244624,0
0.7093664,1,1,1,1,1,1,1,0.260686,0
0.7172943,1,1,1,1,1,1,1,0.2770405,0
0.7252358,1,1,1,1,1,1,1,0.2936766,0
0.7331932,1,1,1,1,1,1,1,1,2
0.7596573,1,1,1,1,1,1,1,1,2
0.7859524,1,1,1,1,1,1,1,1,2
1,1,1,1,1,1,1,1,1,1
1,1,1,1,1,1,1,1,1,1
1,1,1,1,1,1,1,1,1,1
1,1,1,1,1,1,1,1,1,1
1,1,1,1,1,1,1,1,1,1
1,1,1,1,1,1,1,1,1,1
1,1,1,1,1,1,1,1,1,1
1,1,1,1,1,1,1,1,1,1
1,1,1,1,1,1,1,1,1,1
1,1,1,1,1,1,1,1,1,1
1,1,1,1,1,1,1,1,1,1
1,1,1,1,1,1,1,1,1,1
1,1,1,1,1,1,1,1,1,1
1,1,1,1,1,1,1,1,1,1
1,1,1,1,1,1,1,1,1,1
1,1,1,1,1,1,1,1,1,1
1,1,1,1,1,1,1,1,1,1
1,1,1,1,1,1,1,1,1,1
1,1,1,1,1,1,1,1,1,1
1,1,1,1,1,1,1,1,1,1
1,1,1,1,1,1,1,1,1,1
1,1,1,1,1,1,1,1,1,1
1,1,1,1,1,1,1,1,1,1
1,1,1,1,1,1,1,1,1,1
1,1,1,1,1,1,1,1,1,1
1,1,1,1,1,1,1,1,1,1
1,1,1,1,1,1,1,1,1,1
1,1,1,1,1,1,1,1,1,1
1,1,1,1,1,1,1,1,1,1
1,1,1,1,1,1,1,1,1,1
1,1,1,1,1,1,1,1,1,1
1,1,1,1,1,1,1,1,1,1
1,1,1,1,1,1,1,1,1,1
1,1,1,1,1,1,1,1,1,1
1,1,1,1,1,1,1,1,1,1
1,1,1,1,1,1,1,1,1,1
1,1,1,1,1,1,1,1,0.9975634,1
1,1,1,1,1,1,1,1,0.9891287,1
1,1,1,1,1,1,1,1,0.9805871,1
1,1,1,1,1,1,1,1,0.971963,1
1,1,1,1,1,1,1,1,0.9864434,1
1,1,1,1,1,1,1,1,1,1
1,1,1,1,1,1,1,1,1,1
1,1,1,1,1,1,1,1,1,1
1,1,1,1,1,1,1,1,1,1
1,1,1,1,1,1,1,1,1,1
1,1,1,1,1,1,1,1,1,1
1,1,1,1,1,1,1,1,1,1
1,1,1,1,1,1,1,1,1,1
1,1,1,1,1,1,1,1,1,1
1,1,1,1,1,1,1,1,1,1
1,1,1,1,1,1,1,1,1,1
1,1,1,1,1,1,1,1,1,1
1,1,1,1,1,1,1,1,1,1
1,1,1,1,1,1,1,1,1,1
1,1,1,1,1,1,1,1,1,1
1,1,1,1,1,1,1,1,1,1
1,1,1,1,1,1,1,1,1,1
1,1,1,1,1,1,1,1,1,1
1,1,1,1,1,1,1,1,1,1
1,1,1,1,1,1,1,1,1,1
1,1,1,1,1,1,1,1,1,1
1,1,1,1,1,1,1,1,1,1
1,1,1,1,1,1,1,1,1,1
1,1,1,1,1,1,1,1,1,1
1,1,1,1,1,1,1,1,1,1
1,1,1,1,1,1,1,1,1,1
1,1,1,1,1,1,1,1,1,1
1,1,1,1,1,1,1,1,1,1
1,1,1,1,1,1,1,1,1,1
1,1,1,1,1,1,1,1,1,1
1,1,1,1,1,1,1,1,1,1
1,1,1,1,1,1,1,1,1,1
1,1,1,1,1,1,1,1,1,1
1,1,1,1,1,1,1,1,1,1
1,1,1,1,1,1,1,1,1,1
1,1,1,1,1,1,1,1,1,1
1,1,1,1,1,1,1,1,1,1
1,1,1,1,1,1,1,1,1,1
1,1,1,1,1,1,1,1,1,1
1,1,1,1,1,1,1,1,1,1
1,1,1,1,1,1,1,1,1,1
1,1,1,1,1,1,1,1,1,1
1,1,1,1,1,1,1,1,1,1
1,1,1,1,1,1,1,1,1,1
1,1,1,1,1,1,1,1,1,1
1,1,1,1,1,1,1,1,1,1
1,1,1,1,1,1,1,1,1,1
1,1,1,1,1,1,1,1,1,1
1,1,1,1,1,1,1,1,1,1
1,1,1,1,1,1,1,0.9954603,1,1
1,1,1,1,1,1,1,0.9882293,1,1
1,1,1,1,1,1,1,0.980998,1,1
1,1,1,1,1,1,1,0.9737638,1,1
1,1,1,1,1,1,1,0.9665265,1,1
1,1,1,1,1,1,1,0.9592862,1,1
1,1,1,1,1,1,1,0.9520462,1,1
1,1,1,1,1,1,1,0.9448034,1,1
1,1,1,1,1,1,1,0.937561,1,1
1,1,1,1,1,1,1,0.9303163,1,1
1,1,1,1,1,1,1,0.923072,1,1
1,1,1,1,1,1,1,0.9158286,1,1
1,1,1,1,1,1,1,0.908586,1,1
1,1,1,1,1,1,1,0.9013445,1,1
1,1,1,1,1,1,1,0.8941041,1,1
1,1,1,1,1,1,1,0.8868648,1,1
1,1,1,1,1,1,1,0.8796271,1,1
1,1,1,1,1,1,1,0.8723909,1,1
1,1,1,1,1,1,1,0.8651562,1,1
1,1,1,1,1,1,1,0.9399313,1,1
1,1,1,1,1,1,1,1,1,1
1,1,1,1,1,1,1,1,1,1
1,1,1,1,1,1,1,1,1,1
1,1,1,1,1,1,1,1,1,1
1,1,1,1,1,1,1,1,1,1
1,1,1,1,1,1,1,1,1,1
1,1,1,1,1,1,1,1,1,1
1,1,1,1,1,1,1,1,1,1
1,1,1,1,1,1,1,1,1,1
1,1,1,1,1,1,1,1,0.9090968,1
1,1,1,1,1,1,1,1,0.8997739,1
1,1,1,1,1,1,1,1,0.8903931,1
1,1,1,1,1,1,1,1,0.8809627,1
1,1,1,1,1,1,1,1,0.8714843,1
1,1,1,1,1,1,1,1,0.8619699,1
1,1,1,1,1,1,1,1,0.8524216,1
1,1,1,1,1,1,1,1,0.8428479,1
1,1,1,1,1,1,1,1,0.8332583,1
1,1,1,1,1,1,1,1,0.8236582,1
1,1,1,1,1,1,1,1,0.8140567,1
1,1,1,1,1,1,1,1,0.8044594,1
1,1,1,1,1,1,1,1,0.7948719,1
1,1,1,1,1,1,1,1,0.7853032,0
1,1,1,1,1,1,1,1,0.7757586,0
1,1,1,1,1,1,1,1,0.7662436,0
1,1,1,1,1,1,1,1,0.7567667,0
1,1,1,1,1,1,1,1,0.7473363,0
1,1,1,1,1,1,1,1,0.7379574,0
1,1,1,1,1,1,1,1,0.7286342,0
1,1,1,1,1,1,1,1,0.7193714,0
1,1,1,1,1,1,1,1,0.7127109,0
1,1,1,1,1,1,1,1,0.7378423,0
1,1,1,1,1,1,1,1,0.7628051,0
1,1,1,1,1,1,1,1,0.7875232,1
1,1,1,1,1,1,1,1,0.811931,1
1,1,1,1,1,1,1,1,0.8359642,1
1,1,1,1,1,1,1,1,0.8595628,1
1,1,1,1,1,1,1,1,0.8826706,1
1,1,1,1,1,1,1,1,0.9052352,1
1,1,1,1,1,1,1,1,0.9272164,1
1,1,1,1,1,1,1,1,0.9485636,1
1,1,1,1,1,1,1,1,1,1
1,1,1,1,1,1,1,1,1,1
1,1,1,1,1,1,1,1,1,1
1,1,1,1,1,1,1,1,1,1
1,1,1,1,1,1,1,1,1,1
1,1,1,1,1,1,1,1,1,1
1,1,1,1,1,1,1,1,1,1
1,1,1,1,1,1,1,1,1,1
1,1,1,1,1,1,1,1,1,1
1,1,1,1,1,1,1,1,1,1
1,1,1,1,1,1,1,1,1,1
1,1,1,1,1,1,1,1,1,1
1,1,1,1,1,1,1,1,1,1
1,1,1,1,1,1,1,1,1,1
1,1,1,1,1,1,1,1,1,1
1,1,1,1,1,1,1,1,1,1
1,1,1,1,1,1,1,1,1,1
1,1,1,1,1,1,1,1,1,1
1,1,1,1,1,1,1,1,1,1
1,1,1,1,1,1,1,1,1,1
1,1,1,1,1,1,1,1,1,1
1,1,1,1,1,1,1,1,1,1
1,1,1,1,1,1,1,1,1,1
1,1,1,1,1,1,1,1,1,1
1,1,1,1,1,1,1,1,1,1
1,1,1,1,1,1,1,1,1,1
1,1,1,1,1,1,1,1,1,1
1,1,1,1,1,1,1,1,1,1
1,1,1,1,1,1,1,1,1,1
1,1,1,1,1,1,1,1,1,1
1,1,1,1,1,1,1,1,1,1
1,1,1,1,1,1,1,1,1,1
1,1,1,1,1,1,1,1,1,1
1,1,1,1,1,1,1,1,1,1
1,1,1,1,1,1,1,1,1,1
1,1,1,1,1,1,1,1,1,1
1,1,1,1,1,1,1,1,1,1
1,1,1,1,1,1,1,1,1,1
1,1,1,1,1,1,1,1,1,1
1,1,1,1,1,1,1,1,1,1
1,1,1,1,1,1,1,1,1,1
1,1,1,1,1,1,1,1,1,1
1,1,1,1,1,1,1,1,1,1
1,1,1,1,1,1,1,1,1,1
1,1,1,1,1,1,1,1,1,1
1,1,1,1,1,1,1,1,1,1
1,1,1,1,1,1,1,1,1,1
1,1,1,1,1,1,1,1,1,1
1,1,1,1,1,1,1,1,1,1
1,1,1,1,1,1,1,1,1,1
1,1,1,1,1,1,1,1,1,1
1,1,1,1,1,1,1,1,1,1
1,1,1,1,1,1,1,1,1,1
1,1,1,1,1,1,1,1,1,1
1,1,1,1,1,1,1,1,1,1
1,1,1,1,1,1,1,1,1,1
1,1,1,1,1,1,1,1,1,1
1,1,1,1,1,1,1,1,1,1
1,1,1,1,1,1,1,1,1,1
1,1,1,1,1,1,1,1,1,1
1,1,1,1,1,1,1,1,1,1
1,1,1,1,1,1,1,1,1,1
1,1,1,1,1,1,1,1,1,1
1,1,1,1,1,1,1,1,1,1
1,1,1,1,1,1,1,1,1,1
1,1,1,1,1,1,1,1,1,1
1,1,1,1,1,1,1,1,1,1
1,1,1,1,1,1,1,1,1,1
1,1,1,1,1,1,1,1,1,1
1,1,1,1,1,1,1,1,1,1
1,1,1,1,1,1,1,1,1,1
1,1,1,1,1,1,1,1,1,1
1,1,1,1,1,1,1,1,1,1
1,1,1,1,1,1,1,1,1,1
1,1,1,1,1,1,1,1,1,1
0.994477,1,1,1,1,1,1,1,1,1
0.9550413,1,1,1,1,1,1,1,1,1
0.9200823,1,1,1,1,1,1,1,1,1
0.9209449,1,1,1,1,1,1,1,1,1
0.9218437,1,1,1,1,1,1,1,1,1
0.9227753,1,1,1,1,1,1,1,1,1
0.9237388,1,1,1,1,1,1,1,1,1
0.9247336,1,1,1,1,1,1,1,1,1
0.9257593,1,1,1,1,1,1,1,1,1
0.926815,1,1,1,1,1,1,1,1,1
0.9279004,1,1,1,1,1,1,1,1,1
0.9290116,1,1,1,1,1,1,1,1,1
0.9301511,1,1,1,1,1,1,1,1,1
0.9313151,1,1,1,1,1,1,1,1,1
0.932503,1,1,1,1,1,1,1,1,1
0.9337143,1,1,1,1,1,1,1,1,1
0.934945,1,1,1,1,1,1,1,1,1
0.9361979,1,1,1,1,1,1,1,1,1
0.9374692,1,1,1,1,1,1,1,1,1
0.9387583,1,1,1,1,1,1,1,1,1
0.9400645,1,1,1,1,1,1,1,1,1
0.9413875,1,1,1,1,1,1,1,1,1
0.9427267,1,1,1,1,1,1,1,1,1
0.9440781,1,1,1,1,1,1,1,1,1
0.9454415,1,1,1,1,1,1,1,1,1
0.9468164,1,1,1,1,1,1,1,1,1
0.948202,1,1,1,1,1,1,1,1,1
0.949598,1,1,1,1,1,1,1,1,1
0.9510039,1,1,1,1,1,1,1,1,1
0.9524161,1,1,1,1,1,1,1,1,1
1,1,1,1,1,1,1,1,1,1
1,1,1,1,1,1,1,1,1,1
1,1,1,1,1,1,1,1,1,1
1,1,1,1,1,1,1,1,1,1
1,1,1,1,1,1,1,1,1,1
1,1,1,1,1,1,1,1,1,1
1,1,1,1,1,1,1,1,1,1
1,1,1,1,1,1,1,1,1,1
1,1,1,1,1,1,1,1,1,1
1,1,1,1,1,1,1,1,1,1
1,1,1,1,1,1,1,1,1,1
1,1,1,1,1,1,1,1,1,1
1,1,1,1,1,1,1,1,1,1
1,1,1,1,1,1,1,1,1,1
1,1,1,1,1,1,1,1,1,1
1,1,1,1,1,1,1,1,1,1
1,1,1,1,1,1,1,1,1,1
1,1,1,1,1,1,1,1,1,1
1,1,1,1,1,1,1,1,1,1
1,1,1,1,1,1,1,1,1,1
1,1,1,1,1,1,1,1,1,1
1,1,1,1,1,1,1,1,1,1
1,1,1,1,1,1,1,1,1,1
1,1,1,1,1,1,1,1,1,1
1,1,1,1,1,1,1,1,1,1
1,1,1,1,1,1,1,1,1,1
1,1,1,1,1,1,1,1,1,1
1,1,1,1,1,1,1,1,1,1
1,1,1,1,1,1,1,1,1,1
1,1,1,1,1,1,1,1,1,1
1,1,1,1,1,1,1,1,1,1
1,1,1,1,1,1,1,1,1,1
1,1,1,1,1,1,1,1,1,1
1,1,1,1,1,1,1,1,1,1
1,1,1,1,1,1,1,1,1,1
1,1,1,1,1,1,1,1,1,1
1,1,1,1,1,1,1,1,1,1
1,1,1,1,1,1,1,1,1,1
1,1,1,1,1,1,1,1,1,1
1,1,1,1,1,1,1,1,1,1
1,1,1,1,1,1,1,1,1,1
1,1,1,1,1,1,1,1,1,1
1,1,1,1,1,1,1,1,1,1
1,1,1,1,1,1,1,1,1,1
1,1,1,1,1,1,1,1,1,1
1,1,1,1,1,1,1,1,1,1
1,1,1,1,1,1,1,1,1,1
1,1,1,1,1,1,1,1,1,1
1,1,1,1,1,1,1,1,1,1
1,1,1,1,1,1,1,1,1,1
1,1,1,1,1,1,1,1,1,1
1,1,1,1,1,1,1,1,1,1
1,1,1,1,1,1,1,1,1,1
1,1,1,1,1,1,1,1,1,1
1,1,1,1,1,1,1,1,1,1
1,1,1,1,1,1,1,1,1,1
1,1,1,1,1,1,1,1,1,1
0.9957174,1,1,1,1,1,1,1,1,1
0.9650601,1,1,1,1,1,1,1,1,1
0.9638616,1,1,1,1,1,1,1,1,1
0.9651722,1,1,1,1,1,1,1,1,1
0.9664811,1,1,1,1,1,1,1,1,1
0.9677914,1,1,1,1,1,1,1,1,1
0.9690993,1,1,1,1,1,1,1,1,1
0.9704048,1,1,1,1,1,1,1,1,1
0.9717076,1,1,1,1,1,1,1,1,1
0.9730043,1,1,1,1,1,1,1,1,1
0.9742982,1,1,1,1,1,1,1,1,1
0.9755855,1,1,1,1,1,1,1,1,1
0.9768664,1,1,1,1,1,1,1,1,1
0.9781405,1,1,1,1,1,1,1,1,1
0.9794081,1,1,1,1,1,1,1,1,1
0.9806688,1,1,1,1,1,1,1,1,1
0.9819193,1,1,1,1,1,1,1,1,1
0.9831597,1,1,1,1,1,1,1,1,1
0.9843899,1,1,1,1,1,1,1,1,1
0.9856098,1,1,1,1,1,1,1,1,1
0.9868196,1,1,1,1,1,1,1,1,1
0.9880193,1,1,1,1,1,1,1,1,1
0.9892087,1,1,1,1,1,1,1,1,1
0.9903848,1,1,1,1,1,1,1,1,1
0.9915475,1,1,1,1,1,1,1,1,1
0.9926969,1,1,1,1,1,1,1,1,1
0.9938332,1,1,1,1,1,1,1,1,1
0.9949566,1,1,1,1,1,1,1,1,1
0.9960667,1,1,1,1,1,1,1,1,1
1,1,1,1,1,1,1,1,1,1
1,1,1,1,1,1,1,1,1,1
1,1,1,1,1,1,1,1,1,1
1,1,1,1,1,1,1,1,1,1
1,1,1,1,1,1,1,1,1,1
1,1,1,1,1,1,1,1,1,1
1,1,1,1,1,1,1,1,1,1
1,1,1,1,1,1,1,1,1,1
1,1,1,1,1,1,1,1,1,1
1,1,1,1,1,1,1,1,1,1
1,1,1,1,1,1,1,1,1,1
1,1,1,1,1,1,1,1,1,1
1,1,1,1,1,1,1,1,1,1
1,1,1,1,1,1,1,1,1,1
1,1,1,1,1,1,1,1,1,1
1,1,1,1,1,1,1,1,1,1
1,1,1,1,1,1,1,1,1,1
1,1,1,1,1,1,1,1,1,1
1,1,1,1,1,1,1,1,1,1
1,1,1,1,1,1,1,1,1,1
1,1,1,1,1,1,1,1,1,1
1,1,1,1,1,1,1,1,1,1
1,1,1,1,1,1,1,1,1,1
1,1,1,1,1,1,1,1,1,1
1,1,1,1,1,1,1,1,1,1
1,1,1,1,1,1,1,1,1,1
1,1,1,1,1,1,1,1,1,1
1,1,1,1,1,1,1,1,1,1
1,1,1,1,1,1,1,1,1,1
1,1,1,1,1,1,1,1,1,1
1,1,1,1,1,1,1,1,1,1
1,1,1,1,1,1,1,1,1,1
1,1,1,1,1,1,1,1,1,1
1,1,1,1,1,1,1,1,1,1
1,1,1,1,1,1,1,1,1,1
1,1,1,1,1,1,1,1,1,1
1,1,1,1,1,1,1,1,1,1
1,1,1,1,1,1,1,1,1,1
1,1,1,1,1,1,1,1,1,1
1,1,1,1,1,1,1,1,1,1
1,1,1,1,1,1,1,1,1,1
1,1,1,1,1,1,1,1,1,1
1,1,1,1,1,1,1,1,1,1
1,1,1,1,1,1,1,1,1,1
1,1,1,1,1,1,1,1,1,1
1,1,1,1,1,1,1,1,1,1
1,1,1,1,1,1,1,1,1,1
1,1,1,1,1,1,1,1,1,1
1,1,1,1,1,1,1,1,1,1
1,1,1,1,1,1,1,1,1,1
1,1,1,1,1,1,1,1,1,1
1,1,1,1,1,1,1,1,1,1
1,1,1,1,1,1,1,1,1,1
1,1,1,1,1,1,1,1,1,1
1,1,1,1,1,1,1,1,1,1
1,1,1,1,1,1,1,1,1,1
1,1,1,1,1,1,1,1,1,1
1,1,1,1,1,1,1,1,1,1
1,1,1,1,1,1,1,1,1,1
1,1,1,1,1,1,1,1,1,1
1,1,1,1,1,1,1,1,1,1
1,1,1,1,1,1,1,1,1,1
1,1,1,1,1,1,1,1,1,1
1,1,1,1,1,1,1,1,1,1
1,1,1,1,1,1,1,1,1,1
1,1,1,1,1,1,1,1,1,1
1,1,1,1,1,1,1,1,1,1
1,1,1,1,1,1,1,1,1,1
1,1,1,1,1,1,1,1,1,1
1,1,1,1,1,1,1,1,1,1
1,1,1,1,1,1,1,1,1,1
1,1,1,1,1,1,1,1,1,1
1,1,1,1,1,1,1,0.9982966,1,1
1,1,1,1,1,1,1,0.9806104,1,1
1,1,1,1,1,1,1,0.9620647,1,1
1,1,1,1,1,1,1,0.9426781,1,1
1,1,1,1,1,1,1,0.9224693,1,1
1,1,1,1,1,1,1,0.9014792,1,1
1,1,1,1,1,1,1,0.8797489,1,1
1,1,1,1,1,1,1,0.8573316,1,0
1,1,1,1,1,1,1,0.8342999,1,0
1,1,1,1,1,1,1,0.8107324,1,0
1,1,1,1,1,1,1,0.7867095,1,0
1,1,1,1,1,1,1,0.7623289,1,0
1,1,1,1,1,1,1,0.737682,1,0
1,1,1,1,1,1,1,0.7233375,1,0
1,1,1,1,1,1,1,0.728099,1,0
1,1,1,1,1,1,1,0.7329746,1,0
1,1,1,1,1,1,1,0.73796,1,0
1,1,1,1,1,1,1,0.7430469,1,0
1,1,1,1,1,1,1,0.7482274,1,0
1,1,1,1,1,1,1,0.7534971,1,0
1,1,1,1,1,1,1,0.7588434,1,0
1,1,1,1,1,1,1,0.7642623,1,0
1,1,1,1,1,1,1,0.7697493,1,0
1,1,1,1,1,1,1,0.7752922,1,0
1,1,1,1,1,1,1,0.7808864,1,0
1,1,1,1,1,1,1,0.7865238,1,0
1,1,1,1,1,1,1,0.7921959,0.9642013,0
1,1,1,1,1,1,1,0.7990106,0.9115051,0
1,1,1,1,1,1,1,0.8075548,0.8567384,0
1,1,1,1,1,1,1,0.8180003,0.8009173,0
1,1,1,1,1,1,1,0.8305185,0.7450723,0
1,1,1,1,1,1,1,0.8452764,0.6901699,0
1,1,1,1,1,1,1,1,0.6370139,0
1,1,1,1,1,1,1,1,0.6349918,0
1,1,1,1,1,1,1,1,0.6407048,0
1,1,1,1,1,1,1,1,0.6466736,0
1,1,1,1,1,1,1,1,0.6528888,0
1,1,1,1,1,1,1,1,0.6593414,0
1,1,1,1,1,1,1,1,0.6660216,0
1,1,1,1,1,1,1,1,0.6729193,0
1,1,1,1,1,1,1,1,0.6800207,0
1,1,1,1,1,1,1,1,0.6873186,0
1,1,1,1,1,1,1,1,0.6947986,0
1,1,1,1,1,1,1,1,0.7024494,0
1,1,1,1,1,1,1,1,0.7102596,0
1,1,1,1,1,1,1,1,0.7182137,0
1,1,1,1,1,1,1,1,0.7263035,0
1,1,1,1,1,1,1,1,0.7345132,0
1,1,1,1,1,1,1,1,0.7428305,0
1,1,1,1,1,1,1,1,0.7512432,0
1,1,1,1,1,1,1,1,0.7597386,0
1,1,1,1,1,1,1,1,1,1
1,1,0.99709,1,1,1,1,1,1,1
1,1,0.9837154,1,1,1,1,1,1,1
1,1,0.9699543,1,1,1,1,1,1,1
1,1,0.9558142,1,1,1,1,1,1,1
1,1,0.9413046,1,1,1,1,1,1,1
1,1,0.9264334,1,1,1,1,1,1,1
1,1,0.9112153,1,1,1,1,1,1,1
1,1,0.895664,1,1,1,1,1,1,1
1,1,0.8797952,1,1,1,1,1,1,1
1,1,0.8636354,1,1,1,1,1,1,1
1,1,0.8472016,1,1,1,1,1,1,2
1,1,0.8355383,1,1,1,1,1,1,2
1,1,0.8351518,1,1,1,1,1,1,2
1,1,0.8348362,1,1,1,1,1,1,2
1,1,0.8345857,1,1,1,1,1,1,2
1,1,0.8344037,1,1,1,1,1,1,2
1,1,0.8342894,1,1,1,1,1,1,2
1,1,0.8342367,1,1,1,1,1,1,2
1,1,0.8342496,1,1,1,1,1,1,2
1,1,0.8343222,1,1,1,1,1,1,2
1,1,0.8344582,1,1,1,1,1,1,2
1,1,0.8346518,1,1,1,1,1,1,2
1,1,0.8349022,1,1,1,1,1,1,2
1,1,1,1,1,1,1,1,1,1
1,1,1,1,1,1,1,1,1,1
1,1,1,1,1,1,1,1,1,1
1,1,1,1,1,1,1,1,1,1
1,1,1,1,1,1,1,1,1,1
1,1,1,1,1,1,1,1,1,1
1,1,1,1,1,1,1,1,1,1
1,1,1,1,1,1,1,1,1,1
1,1,1,1,1,1,1,1,1,1
1,1,1,1,1,1,1,1,1,1
1,1,1,1,1,1,1,1,1,1
1,1,1,1,1,1,1,1,1,1
1,1,1,1,1,1,1,1,1,1
1,1,1,1,1,1,1,1,1,1
1,1,1,1,1,1,1,1,1,1
1,1,1,1,1,1,1,1,1,1
1,1,1,1,1,1,1,1,1,1
1,1,1,1,1,1,1,1,1,1
1,1,1,1,1,1,1,1,1,1
1,1,1,1,1,1,1,1,1,1
1,1,1,1,1,1,1,1,1,1
1,0.6828101,1,1,1,1,1,1,1,2
1,0.6426308,1,1,1,1,1,1,1,2
1,0.6026726,1,1,1,1,1,1,1,2
1,0.5633175,1,1,1,1,1,1,1,2
1,0.5387601,1,1,1,1,1,1,1,2
1,0.5415297,1,1,1,1,1,1,1,2
1,0.5446243,1,1,1,1,1,1,1,2
1,0.5480348,1,1,1,1,1,1,1,2
1,0.5517589,1,1,1,1,1,1,1,2
1,0.5557907,1,1,1,1,1,1,1,2
1,0.5601239,1,1,1,1,1,1,1,2
1,0.564752,1,1,1,1,1,1,1,2
1,1,1,1,1,1,1,1,1,1
1,1,1,1,1,1,1,1,1,1
1,1,1,1,1,1,1,1,1,1
1,1,1,1,1,1,1,1,1,1
1,1,1,1,1,1,1,1,1,1
1,1,1,1,1,1,1,1,1,1
0.5983419,1,1,1,1,1,1,1,1,2
0.4965704,1,1,1,1,1,1,1,1,2
0.4701498,1,1,1,1,1,1,1,1,2
0.4721597,1,1,1,1,1,1,1,1,2
0.4746159,1,1,1,1,1,1,1,1,2
0.4775276,1,1,1,1,1,1,1,1,2
0.4809025,1,1,1,1,1,1,1,1,2
0.4847253,1,1,1,1,1,1,1,1,2
0.4889786,1,1,1,1,1,1,1,1,2
1,1,1,1,1,1,1,1,1,1
1,1,1,1,1,1,1,1,1,1
1,1,1,1,1,1,1,1,1,1
1,1,1,1,1,1,1,1,1,1
1,1,1,1,1,1,1,1,1,1
1,1,1,1,1,1,1,1,1,1
1,1,1,1,1,1,1,1,1,1
1,1,1,1,1,1,1,1,1,1
1,1,1,1,1,1,1,1,1,1
1,1,1,1,1,1,1,1,1,1
1,1,1,1,1,1,1,1,1,1
1,1,1,1,1,1,1,1,1,1
1,1,1,1,1,1,1,1,1,1
1,1,1,1,1,1,1,1,1,1
1,1,1,1,1,1,1,1,1,1
1,1,1,1,1,1,1,1,1,1
1,1,1,1,1,1,1,1,1,1
1,1,1,1,1,1,1,1,1,1
1,1,1,1,1,1,1,1,1,1
1,1,1,1,1,1,1,1,1,1
1,1,1,1,1,1,1,1,1,1
1,1,1,1,1,0.9928689,1,1,1,1
1,1,1,1,1,0.9825106,1,1,1,1
1,1,1,1,1,0.9721208,1,1,1,1
1,1,1,1,1,0.9617006,1,1,0.9830115,1
1,1,1,1,1,0.9510648,1,1,0.9822122,1
1,1,1,1,1,0.9403943,1,1,0.9814512,1
1,1,1,1,1,0.9296951,1,1,0.9807314,1
1,1,1,1,1,0.9189665,1,1,0.9800528,1
1,1,1,1,1,0.9082143,1,1,0.9794159,1
1,1,1,1,1,0.8974379,1,1,0.9788238,1
1,1,1,1,1,0.8866435,0.9889677,1,0.9782796,1
1,1,1,1,1,0.8757766,0.9761354,1,0.9778268,1
1,1,1,1,1,0.8648362,0.9631245,1,0.9774763,1
1,1,1,1,1,0.854832,0.9499511,1,0.9772332,1
1,1,1,1,1,0.8634689,0.9366413,1,0.9771007,1
1,1,1,1,1,0.8730658,0.9233086,1,0.9770474,1
1,1,1,1,1,0.8836449,0.9099653,1,0.9770759,1
1,1,1,1,1,0.8952183,0.8966231,1,0.9771845,1
1,1,1,1,1,0.9077994,0.883293,1,0.9773723,1
1,1,1,1,1,0.9214044,0.8699844,1,0.9776379,0
1,1,1,1,1,0.9360638,0.8567101,1,0.9779829,0
1,1,1,1,1,0.9517967,0.8434745,1,0.9784057,0
1,1,1,1,1,0.9686378,0.8302851,1,0.9789074,0
1,1,1,1,1,0.9865949,0.8171515,1,0.9794833,0
1,1,1,1,1,1,0.8040762,1,0.9801343,0
1,1,1,1,1,1,0.7910475,1,0.9808698,0
1,1,1,1,1,1,0.7780207,1,0.9817171,0
1,1,1,1,1,1,0.765008,1,0.9826797,0
1,1,1,1,1,1,0.7520176,1,0.9837611,0
1,1,1,1,1,1,0.7390539,1,0.9849615,0
1,1,1,1,1,1,0.7261276,1,0.9862804,0
1,1,1,1,1,1,0.7132455,1,0.9877211,0
1,1,1,1,1,1,0.7004138,1,0.9892826,0
1,1,1,1,1,1,0.687638,1,0.9909676,0
1,1,1,1,1,1,0.6749267,1,0.9927751,0
1,1,1,1,1,1,0.6622809,1,0.9947034,0
1,1,1,1,1,1,0.6497079,0.8970701,1,0
1,1,1,1,1,1,0.6363809,0.8732383,1,0
1,1,1,1,1,1,0.6230035,0.8492087,1,0
1,1,1,1,1,1,0.6096119,0.8250953,1,0
1,1,1,0.9935419,1,1,0.596238,0.8010045,1,0
1,1,1,0.986292,1,1,0.609613,0.7770929,1,0
1,1,1,0.9791988,1,1,0.6332116,0.7537481,1,0
1,1,1,0.9722166,1,1,0.6589581,0.7310816,1,0
1,1,1,0.9653279,0.9832034,1,0.6869832,0.709095,1,0
1,1,1,0.9584926,0.922047,1,0.717245,0.6878395,1,0
1,1,1,0.9516088,0.913497,1,0.7491925,0.6674481,1,0
1,1,1,0.9447356,0.9050218,1,0.783469,0.6477264,0.9896736,0
1,1,1,0.9379818,0.8966644,1,0.8213004,0.6284378,0.9964901,0
1,1,1,0.9311038,0.8883101,1,0.8608934,0.609928,1,0
1,1,1,0.9241244,0.8799618,1,0.9025337,0.5920818,1,0
1,1,1,0.917073,0.871628,1,0.9466281,0.5747986,1,0
1,1,1,0.9099278,0.8632914,1,1,0.5580433,1,0
1,1,1,0.902648,0.8549259,1,1,0.5418128,1,0
1,1,1,0.8954123,0.8466177,1,1,0.525864,1,0
1,1,1,0.8882126,0.838363,1,1,0.5102029,1,0
1,1,1,0.8810331,0.8301512,1,1,0.4948258,1,0
1,1,1,0.8738647,0.8219774,1,1,0.4797347,0.7964307,0
1,1,1,0.8697276,0.8154778,0.9816373,1,0.4625361,0.7550448,0
1,1,1,0.8662937,0.8094508,0.7991512,1,0.4455517,0.7148191,0
1,1,1,0.863227,0.8037202,0.7738862,1,0.4573665,0.6768761,0
1,1,1,0.8604293,0.798229,0.7661244,1,0.4761592,0.6412905,0
1,1,1,0.857814,0.7929248,0.7585908,1,0.4963481,0.6080281,0
1,1,1,1,0.7877642,0.7512587,1,0.5179338,0.5769635,0
1,1,1,1,0.7836381,0.7445573,1,0.5439547,0.5456954,0
1,1,1,1,0.7796683,0.7380819,1,0.5719641,0.5167122,0
1,1,1,1,0.7757999,0.7317929,1,0.6019737,0.4898174,0
1,1,1,1,0.7719761,0.7256469,1,0.6339712,0.464816,0
1,1,1,1,0.7681389,0.7195987,1,0.6679316,0.4415177,0
1,1,1,1,0.7642409,0.713611,1,0.7038006,0.4197552,0
1,1,1,1,0.7602281,0.7076403,1,0.7414979,0.3993611,0
1,1,1,1,0.756062,0.7016557,0.7349888,0.7809231,0.3988826,0
1,1,1,1,0.7512061,0.6953355,0.6596262,1,0.4103223,0
1,1,1,1,0.7444366,0.687951,0.6512375,1,0.4202285,0
1,1,1,1,0.7372836,0.6803672,0.6428606,1,0.4299792,0
1,1,1,1,0.7297509,0.6725816,0.6344826,1,0.4395433,0
1,1,1,1,1,0.6645914,0.6260902,1,0.4488885,0
1,1,1,1,1,0.6578848,0.6180632,1,0.4608206,0
1,1,1,1,1,0.6510076,0.6100665,1,0.4726936,0
1,1,1,1,1,0.6439495,0.6020817,1,0.4844716,0
1,1,1,1,1,0.6367036,0.594093,1,0.4961158,0
1,1,1,1,1,0.6292719,0.5860932,1,0.5075936,0
1,1,1,1,1,0.6216524,0.5780712,1,0.5188709,0
1,1,1,1,1,0.6138449,0.5700179,1,0.529925,1
1,1,1,1,1,0.6058575,0.5619316,1,0.5407274,1
1,1,1,1,1,0.5976934,0.5538061,1,0.5512604,1
1,1,1,1,1,0.5893599,0.5456394,1,0.5615015,1
1,1,1,1,1,0.5808653,0.5374303,1,0.5714398,1
1,1,1,1,1,0.572219,0.5291787,1,0.5810671,1
1,1,1,1,1,0.56343,0.5208846,1,0.590374,1
1,1,1,1,1,0.5545117,0.5125518,1,0.5993577,1
1,1,1,1,1,0.5454704,0.5041784,1,0.6080137,1
1,1,1,1,1,0.5363159,0.4957654,1,0.6163443,1
1,1,1,1,1,0.5270611,0.4873174,1,0.6243537,1
1,1,1,1,1,0.5177152,0.4788354,1,0.632048,1
1,1,1,1,1,0.5082868,0.4703209,1,0.6394347,1
1,1,1,1,1,0.498784,0.4617748,1,0.6465179,1
1,1,1,1,1,0.4892181,0.4532011,1,0.653317,1
1,1,1,1,1,0.4795991,0.4446037,1,0.6598376,1
1,1,1,1,1,0.4699333,0.4359829,1,0.666091,1
1,1,1,1,1,0.4602296,0.4273421,1,1,2
1,1,1,1,1,0.4487127,0.418109,1,1,2
1,1,1,1,1,0.4373672,0.4089204,1,1,2
1,1,1,1,1,0.4261816,0.3997698,1,1,2
1,1,1,1,1,0.415145,0.3906514,1,1,2
1,1,1,1,1,0.4042434,0.3815562,0.4049157,1,1
1,1,1,1,1,0.3947127,0.3727766,0.3959744,1,1
1,1,1,1,1,0.3852045,0.3639959,0.3869944,1,1
1,1,1,1,1,0.3757167,0.3552136,0.377977,1,1
1,1,1,1,1,0.3662473,0.3464288,0.3689231,1,1
1,1,1,1,1,0.3567944,0.3376411,0.3598341,1,1
1,1,1,1,1,0.3473595,0.3288529,0.3507146,1,1
1,1,1,1,1,0.3379408,0.3200637,0.3415658,1,1
1,1,1,1,1,0.3285335,0.3112699,0.3323856,1,1
1,1,1,1,1,0.3191392,0.3024743,0.3231787,1,1
1,1,1,1,1,0.3097564,0.2936763,0.3139463,1,1
1,1,1,1,1,0.3003869,0.2848787,0.3046929,1,1
1,1,1,1,1,0.2910262,0.2760781,0.2954164,1,1
1,1,1,1,1,0.2816763,0.2672773,0.2861212,1,1
1,1,1,1,1,0.2723328,0.2584729,0.2768053,1,1
1,1,1,1,1,0.2629977,0.2496676,0.2674728,1,1
1,1,1,1,1,0.2536702,0.2408614,0.258125,1,1
1,1,1,1,1,0.2443491,0.2320539,0.2487628,1,1
1,1,1,1,1,0.2350336,0.223245,0.2393872,1,1
1,1,1,1,1,0.2257229,0.2144345,0.2299989,0.3107958,0
1,1,1,1,1,0.218097,0.2060317,0.2189493,0.2919644,0
1,1,1,1,1,0.2104128,0.1977467,0.2083821,0.2746086,0
1,1,1,1,1,0.202654,0.1895514,0.1982251,0.2584906,0
1,1,1,1,1,0.1948101,0.1814229,0.1884172,0.243413,0
1,1,1,1,1,0.1868754,0.1733434,0.1789059,0.2292119,0
1,1,1,1,1,0.1788479,0.165299,0.169647,0.2157504,0
1,1,1,1,1,0.1707283,0.1572787,0.1606026,0.2029139,0
1,1,1,1,1,1,0.1492741,0.1517404,0.1906061,0
1,1,1,1,1,1,0.1416861,0.1426946,0.1771509,0
1,1,1,1,1,1,0.1342233,0.1339291,0.1643691,0
1,1,1,1,1,1,0.1268798,0.1254379,0.1522342,0
1,1,1,1,1,1,0.1195813,0.1172264,0.1408448,0
1,1,1,1,1,1,0.112315,0.1092545,0.1300859,0
1,1,1,1,1,1,1,0.101489,0.1198627,0
1,1,1,1,1,1,1,0.09386653,0.109694,0
1,1,1,1,1,1,1,0.08647044,0.100004,0
1,1,1,1,1,1,1,0.0792896,0.09076296,0
1,1,1,1,1,1,1,0.07231957,0.08195028,0
1,1,1,1,1,1,1,0.1729938,0.07355836,0
1,1,1,1,1,1,1,1,0.0655727,0
1,1,1,1,1,1,1,1,0.05794793,0
1,1,1,1,1,1,1,1,0.07166513,0
1,1,1,1,1,1,1,1,0.09434044,0
1,1,1,1,1,1,1,1,0.1187484,0
1,1,1,1,1,1,1,1,0.144925,0
1,1,1,1,1,1,1,1,0.1728745,0
1,1,1,1,1,1,1,1,0.2025923,0
1,1,1,1,1,1,1,1,0.2340637,0
1,1,1,1,1,1,1,1,0.2672356,0
1,1,1,1,1,1,1,1,0.302052,0
1,1,1,1,1,1,1,1,0.3384253,0
1,1,1,1,1,1,1,1,1,1
1,1,1,1,1,1,1,1,1,1
1,1,1,1,1,1,1,1,1,1
1,1,1,1,1,1,1,1,1,1
1,1,1,1,1,1,1,1,1,1
1,1,1,1,1,1,1,1,1,1
1,1,1,1,1,1,1,1,1,1
1,1,1,1,1,1,1,1,1,1
1,1,1,1,1,1,1,1,1,1
1,1,1,1,1,1,1,1,1,1
1,1,1,1,1,1,1,1,1,1
1,1,1,1,1,1,1,1,1,1
1,1,1,1,1,1,1,1,1,1
1,1,1,1,1,1,1,1,1,1
1,1,1,1,1,1,1,1,1,1
1,1,1,1,1,1,1,1,1,1
1,1,1,1,1,1,1,1,1,1
1,1,1,1,1,1,1,1,1,1
1,1,1,1,1,1,1,1,1,1
1,1,1,1,1,1,1,0.991738,1,1
1,1,1,1,1,1,1,0.9758714,1,1
1,1,1,1,1,1,1,0.9594339,1,1
1,1,1,1,1,1,1,0.9424381,1,1
1,1,1,1,1,1,1,0.9249024,1,1
1,1,1,1,1,1,1,0.9068506,1,1
1,1,1,1,1,1,1,0.8883122,1,1
1,1,1,1,1,1,1,0.8693217,1,1
1,1,1,0.9974316,1,1,1,0.8499235,1,0
1,1,1,0.9881648,1,1,1,0.8301767,1,0
1,1,1,1,1,1,1,0.8101789,1,0
1,1,1,1,1,1,1,0.7938434,1,0
1,1,1,1,1,1,1,0.7990009,1,0
1,1,1,1,1,1,1,0.8041892,1,0
1,1,1,1,1,1,1,0.8094049,1,0
1,1,1,1,0.9107224,1,1,0.8146403,1,0
1,1,1,1,0.9010227,1,1,0.8197193,1,0
1,1,1,1,0.891332,1,1,0.8247657,1,0
1,1,1,1,0.8816468,1,1,0.829769,1,0
1,1,1,1,0.8719639,1,1,0.8347229,1,0
1,1,1,1,0.8622802,1,1,0.8396137,1,0
1,1,1,1,0.8525965,1,1,0.844436,1,1
1,1,1,1,0.842907,1,1,0.8491853,1,1
1,1,1,1,0.8332098,1,1,0.8538486,1,1
1,1,1,1,0.8235032,0.9941015,1,0.8584221,1,1
1,1,1,1,0.8137873,0.9838719,1,0.8629149,1,1
1,1,1,1,0.8040617,0.9736744,1,0.8673342,1,1
1,1,1,1,0.7943253,0.9635065,1,1,1,1
1,1,1,1,0.7842537,0.9535949,1,1,1,1
1,1,1,1,0.7741838,0.9436833,1,1,1,1
1,1,1,1,0.7641125,0.9337687,1,1,1,1
1,1,1,1,0.7540431,0.9238541,1,1,0.9155664,1
1,1,1,1,0.7442393,0.9137341,1,1,0.8822182,1
1,1,1,1,0.7345398,0.9035533,1,1,0.8465841,0
1,1,1,1,0.7249587,0.8933263,1,1,0.8089598,0
1,1,1,1,0.7155125,0.8830734,1,1,0.7697266,0
1,1,1,1,0.7062163,0.8728182,1,1,0.7293247,0
1,1,1,1,0.6970897,0.8625919,1,1,0.688244,0
1,1,1,1,0.6881523,0.8524297,1,1,0.6724161,0
1,1,1,1,0.6793123,0.8423777,1,1,0.6773875,0
1,1,1,1,0.6704803,0.8324464,1,1,0.6824368,0
1,1,1,1,0.661641,0.8226164,1,1,0.6875437,0
1,1,1,1,0.6527869,0.8128753,1,1,0.6926911,0
1,1,1,1,0.6439083,0.803209,0.826241,1,0.6978598,0
1,1,1,1,0.6352264,0.6218395,0.8142563,1,0.703663,0
1,1,1,1,0.62648,0.6122831,0.8025657,1,0.7094031,0
1,1,1,1,0.6176863,0.6027726,0.791113,1,0.7151207,0
1,1,1,1,0.6088316,0.5932916,0.7798707,1,0.7207989,0
1,1,1,1,0.599913,0.5838341,0.7688221,1,0.7264144,0
1,1,1,1,0.5909232,0.5743892,0.757946,1,0.7319504,0
1,1,1,1,1,0.5649539,0.7472289,1,0.7373943,0
1,1,1,1,1,0.5557438,0.7360908,1,0.7446741,0
1,1,1,1,1,0.546567,0.7251567,1,1,1
1,1,1,1,1,0.5368901,0.7154018,1,1,1
1,1,1,1,1,0.5272148,0.7056437,1,1,1
1,1,1,1,1,0.5175408,0.6958827,1,1,1
1,1,1,1,1,0.5078679,0.686119,1,1,1
1,1,1,1,1,0.4981961,0.6763528,1,1,1
1,1,1,1,1,0.4885253,0.6665844,1,1,1
1,1,1,1,1,0.4788584,0.656817,1,1,1
1,1,1,1,1,0.4691923,0.6470479,1,1,1
1,1,1,1,1,0.4595268,0.637277,1,1,1
1,1,1,1,1,0.4498619,0.6275048,1,1,1
1,1,1,1,1,0.4401974,0.6177315,1,1,1
1,1,1,1,1,0.4305333,0.607957,1,1,1
1,1,1,1,1,0.4208726,0.5981848,1,1,1
1,1,1,1,1,0.411212,0.5884119,1,1,1
1,1,1,1,1,0.4015515,0.5786387,1,1,1
1,1,1,1,1,0.3918911,0.568865,1,1,1
1,1,1,1,1,0.3822337,0.5590943,1,1,1
0.9988287,1,1,1,1,0.3725761,0.5493237,1,1,1
0.996098,1,1,1,1,0.3629166,0.5395573,1,1,1
0.9933628,1,1,1,1,0.3532527,0.5298007,1,1,1
0.9906262,1,1,1,1,0.3435851,0.346145,1,1,1
0.987897,1,1,1,1,0.333957,0.3363453,1,1,1
0.9851543,1,1,1,1,0.324325,0.3265606,1,1,1
0.9824035,1,1,1,1,0.3146895,0.3167896,1,1,1
0.9796447,1,1,1,1,0.305051,0.3070312,1,1,1
0.9768775,1,1,1,1,0.295407,0.2972813,1,1,1
0.974105,1,1,1,1,0.285758,0.2875389,1,1,1
0.9713272,1,1,1,1,0.2761075,0.2778061,0.5371956,1,0
0.9687115,1,1,1,1,0.2668111,0.2676771,0.5218603,1,0
0.9660895,1,1,1,1,0.2575339,0.257663,0.5070306,1,0
0.9634463,1,1,1,1,0.2482703,0.2477529,0.4926652,1,0
0.9607714,1,1,1,1,0.2390126,0.2379339,0.4787224,1,0
0.9580554,1,1,1,1,0.2297572,0.2281971,0.4651666,1,0
0.9552911,1,1,1,1,0.2205013,0.2185345,0.4519652,1,0
0.9524695,1,1,1,1,0.2112431,0.2089393,0.439088,1,0
0.9495891,1,1,1,1,0.2019782,0.1994023,0.426504,1,0
0.9466408,1,1,1,1,1,0.189915,0.2172209,1,0
0.9446038,1,1,1,1,1,0.1803898,0.2046959,1,0
0.9425653,1,1,1,1,1,0.1709988,0.192598,1,0
0.9404979,1,1,1,1,1,0.1617208,0.1808767,1,0
0.9383747,1,1,1,1,1,0.1525456,0.1694972,1,0
0.9361752,1,1,1,1,1,0.143459,0.1584222,1,0
0.9338784,1,1,1,1,1,0.1344483,0.1476184,1,0
0.9314667,1,1,1,1,1,0.1255057,0.1370593,0.4505175,0
0.9308518,1,1,1,1,1,1,0.1262345,0.1726814,0
0.930453,1,1,1,1,1,1,0.115756,0.1561502,0
0.930271,1,1,1,1,1,1,0.1056083,0.1405429,0
0.9303101,1,1,1,1,1,1,0.09577088,0.1257832,0
0.9305717,1,1,1,1,1,1,0.08623083,0.1118111,0
0.9310641,1,1,1,1,1,1,0.08779643,0.09857233,0
0.9317902,1,1,1,1,1,1,0.1160075,0.08601035,0
0.9327563,1,1,1,1,1,1,0.1496433,0.07408173,0
0.9339694,1,1,1,1,1,1,0.1902084,0.0692255,0
0.9354337,1,1,1,1,1,1,1,0.08151321,0
0.9369848,1,1,1,1,1,1,1,0.09476476,0
0.9384025,1,1,1,1,1,1,1,0.108966,0
0.9396407,1,1,1,1,1,1,1,0.1241455,0
0.9406621,1,1,1,1,1,1,1,0.1403155,0
0.9414242,1,1,1,1,1,1,1,0.1574932,0
0.9418896,1,1,1,1,1,1,1,0.3013246,0
0.9405701,1,1,1,1,1,1,1,0.3223682,0
0.9388412,0.9727279,1,1,1,1,1,1,0.3441027,0
0.9360358,0.9483742,1,1,1,1,1,1,0.3656814,0
0.9321865,0.9408075,1,1,1,1,1,1,0.3869375,0
0.9276838,0.9413332,1,1,1,1,1,1,0.4081732,0
0.9227209,0.946284,1,1,1,1,1,1,0.4295306,0
0.9174031,0.9538914,1,1,1,1,1,1,0.4510863,0
0.9117951,0.963172,1,1,1,1,1,1,1,2
0.9001235,1,1,1,1,1,1,1,1,1
0.8892053,1,1,1,1,1,1,1,1,1
0.8781586,1,1,1,1,1,1,1,1,2
0.8669923,1,1,1,1,1,1,1,1,2
0.8557228,1,1,1,1,1,1,1,1,2
0.8443606,1,1,1,1,1,1,1,1,2
0.8329231,1,1,1,1,1,1,1,1,2
0.8214221,1,1,1,1,1,1,1,1,2
0.809872,1,1,1,1,1,1,1,1,2
0.7982927,1,1,1,1,1,1,1,1,2
0.7866996,1,1,1,1,1,1,1,1,2
0.7751092,1,1,1,1,1,1,1,1,2
0.763538,1,1,1,1,1,1,1,1,2
0.7520028,1,1,1,1,1,1,1,1,2
0.7405235,1,1,1,1,1,1,1,1,2
0.7291169,1,1,1,1,1,1,1,1,2
0.7177997,1,1,1,1,1,1,1,1,2
0.7065918,1,1,1,1,1,1,1,1,2
0.6955096,1,1,1,1,1,1,1,1,2
0.6845726,1,1,1,1,1,1,1,1,2
0.7015285,1,1,1,1,1,1,1,1,2
0.7387525,1,1,1,1,1,1,1,1,2
0.775728,1,1,1,1,1,1,1,1,2
0.8120046,1,1,1,1,1,1,1,1,2
0.8471583,1,1,1,1,1,1,1,1,2
0.8807849,1,1,1,1,1,1,1,1,2
0.9125558,1,1,1,1,1,1,1,1,1
0.9422166,1,1,1,1,1,1,1,1,1
0.9695892,1,1,1,1,1,1,1,1,1
0.9945956,1,1,1,1,1,1,1,1,1
1,1,1,1,1,1,1,1,1,1
1,1,1,1,1,1,1,1,1,1
1,1,1,1,1,1,1,1,1,1
1,1,1,1,1,1,1,1,1,1
1,1,1,1,1,1,1,1,1,1
1,1,1,1,1,1,1,1,1,1
1,1,1,1,1,1,1,1,1,1
1,1,1,1,1,1,1,1,1,1
1,1,1,1,1,1,1,1,1,1
1,1,1,1,1,1,1,1,1,1
1,1,1,1,1,1,1,1,1,1
1,1,1,1,1,1,1,1,1,1
1,1,1,1,1,1,1,1,1,1
1,1,1,1,1,1,1,1,1,1
1,1,1,1,1,1,1,1,1,1
1,1,1,1,1,1,1,1,1,1
1,1,1,1,1,1,1,1,1,1
1,1,1,1,1,1,1,1,1,1
1,1,1,1,1,1,1,1,1,1
1,1,1,1,1,1,1,1,1,1
1,1,1,1,1,1,1,1,1,1
1,1,1,1,1,1,1,1,1,1
1,1,1,1,1,1,1,1,1,1
1,1,1,1,1,1,1,1,1,1
1,1,1,1,1,1,1,1,1,1
1,1,1,1,1,1,1,1,1,1
1,1,1,1,1,1,1,1,1,1
1,1,1,1,1,1,1,1,1,1
1,1,1,1,1,1,1,1,1,1
1,1,1,1,1,1,1,1,1,1
1,1,1,1,1,1,1,1,1,1
1,1,1,1,1,1,1,1,1,1
1,1,1,1,1,1,1,1,1,1
1,1,1,1,1,1,1,1,1,1
1,1,1,1,1,1,1,1,1,1
1,1,1,1,1,1,1,1,1,1
1,1,1,1,1,1,1,1,1,1
1,1,1,1,1,1,1,1,1,1
1,1,1,1,1,1,1,1,1,1
1,1,1,1,1,1,1,1,1,1
1,1,1,1,1,1,1,1,1,1
1,1,1,1,1,1,1,1,1,1
1,1,1,1,1,1,1,1,1,1
1,1,1,1,1,1,1,1,1,1
1,1,1,1,1,1,1,1,1,1
1,1,1,1,1,1,1,1,1,1
1,1,1,1,1,1,1,1,1,1
1,1,1,1,1,1,1,1,1,1
1,1,1,1,1,1,1,1,1,1
1,1,1,1,1,1,1,1,1,1
1,1,1,1,1,1,1,1,1,1
1,1,1,1,1,1,1,1,1,1
1,1,1,1,1,1,1,1,1,1
1,1,1,1,1,1,1,1,1,1
1,1,1,1,1,1,1,1,1,1
1,1,1,1,1,1,0.9979028,1,1,1
1,1,1,1,1,1,0.9896873,0.9983172,1,1
1,1,1,1,1,1,0.9814619,0.9900502,1,1
1,1,1,1,1,1,0.9732393,0.9817796,1,1
1,1,1,1,1,1,0.9650165,0.9735023,1,1
1,1,1,1,1,1,0.9567965,0.9652218,1,1
1,1,1,1,1,1,0.9485791,0.9569377,1,1
1,1,1,1,1,1,0.9403647,0.9486505,1,1
1,1,1,1,1,1,1,0.9403601,1,1
1,1,1,1,1,1,1,0.9319464,1,1
1,1,1,1,1,1,1,0.9235204,1,1
1,1,1,1,1,1,1,0.9150828,1,1
1,1,1,1,1,1,1,0.9066377,1,1
1,1,1,1,1,1,1,0.8981858,1,1
1,1,1,1,1,1,1,0.8897281,1,1
1,1,1,1,1,1,1,0.8812652,1,1
1,1,1,1,1,1,1,0.8727981,1,1
1,1,1,1,1,1,1,0.8643275,1,1
1,1,1,1,1,1,1,0.8558577,1,1
1,1,1,1,1,1,1,0.8473896,1,1
1,1,1,1,1,1,1,0.8389208,1,1
1,1,1,1,1,1,1,0.8304553,1,1
1,1,1,1,1,1,1,0.8219973,1,1
1,1,1,1,1,1,1,0.8135446,1,1
1,1,1,1,1,1,1,0.8050978,1,1
1,1,1,1,1,1,1,0.796661,1,1
1,1,1,1,1,1,1,0.7882321,1,1
1,1,1,1,1,1,1,0.7798149,1,1
1,1,1,1,1,1,1,0.7714103,1,1
1,1,1,1,1,1,1,0.763019,1,1
1,1,1,1,1,1,1,0.7546417,1,1
1,1,1,1,1,1,1,0.7462825,1,1
1,1,1,1,1,1,1,0.7379388,1,1
1,1,1,1,1,1,1,0.7296145,1,1
1,1,1,1,1,1,1,0.7213071,1,1
1,1,1,1,1,1,1,0.7130203,1,1
1,1,1,1,1,1,1,0.7047547,1,1
1,1,1,1,1,1,1,0.6965109,1,1
1,1,1,1,1,1,1,0.6882894,1,1
1,1,1,1,1,1,1,0.6800906,0.8230008,0
1,1,1,1,1,1,1,0.6714071,0.809572,0
1,1,1,1,1,1,1,0.6627926,0.7962214,0
1,1,1,1,1,1,1,0.6542528,0.7829681,0
1,1,1,1,1,1,1,0.6457986,0.7698372,0
1,1,1,1,1,1,1,0.6374314,0.7568411,0
1,1,1,1,1,1,1,0.6291584,0.7439983,0
1,1,1,1,1,1,1,0.6209856,0.7313255,0
1,1,1,1,1,1,1,0.612916,0.7188343,0
1,1,1,1,1,1,1,0.6049546,0.7065381,0
1,1,1,1,1,1,1,0.6858199,0.6944451,0
1,1,1,1,1,1,1,0.8090695,0.682724,0
1,1,1,1,1,1,1,0.9495035,0.6714066,0
1,1,1,1,1,1,1,1,0.6604599,0
1,1,1,0.995941,1,1,1,1,0.6497164,0
1,1,1,0.9824501,1,1,1,1,0.6391497,0
1,1,1,0.9693052,1,1,1,1,0.6288728,0
1,1,1,0.956484,1,1,1,1,0.6188704,0
1,1,1,0.9439681,1,1,1,1,0.6091216,0
1,1,1,0.9317447,1,1,1,1,0.599613,0
1,1,1,0.9197942,1,1,1,1,0.5903286,0
1,1,1,0.9081014,1,1,1,1,0.5812532,0
1,1,1,0.8966492,1,1,1,1,0.5723755,0
1,1,1,0.8854278,1,1,1,1,0.5636818,1
1,1,1,0.8744218,1,1,1,1,0.555159,1
1,1,1,0.8636159,1,1,1,1,0.5467944,1
1,1,1,0.8530036,1,1,1,1,0.538576,1
1,1,1,0.8425713,1,1,1,1,0.5304958,1
1,1,1,0.8323101,1,1,1,1,0.5225464,1
1,1,1,0.8222116,1,1,1,1,0.5147136,1
1,1,1,0.8122646,1,1,1,1,0.5195649,1
1,1,1,0.8025673,1,1,1,1,0.5394933,1
1,1,1,0.7932262,1,1,1,1,0.558709,1
1,1,1,0.7842179,1,1,1,1,0.5771462,1
1,1,1,0.7755113,1,1,1,1,0.5947724,1
1,1,1,0.7670869,1,1,1,1,0.6115513,1
1,1,1,0.7589241,1,1,1,1,0.6274648,1
1,1,1,0.7510089,1,1,1,1,0.6424974,1
1,1,1,0.7433218,1,1,1,1,0.6566578,1
1,1,1,0.7358532,1,1,1,1,0.6699467,1
1,1,1,0.7285873,1,1,1,1,0.6823875,1
1,1,1,0.7215173,1,1,1,1,0.693994,2
1,1,1,0.7146304,1,1,1,1,0.7047999,2
1,1,1,0.7079183,1,1,1,1,0.714835,2
1,1,1,0.7013739,1,1,1,1,0.7241318,2
1,1,1,0.6949911,1,1,1,1,0.7327251,2
1,1,1,0.6887642,1,1,1,1,0.7406511,2
1,1,1,0.6826842,1,1,1,1,0.7479527,2
1,1,1,0.6767472,1,1,1,1,0.7546667,2
1,1,1,0.6709455,1,1,1,1,0.7608353,2
1,1,1,0.6652796,1,1,1,1,0.7664872,2
1,1,1,0.6597387,1,1,1,1,0.7716693,2
1,1,0.7398986,0.6543244,1,1,1,1,0.7764075,2
1,1,0.685665,0.6538874,1,1,1,1,0.7671616,2
1,1,0.6335331,0.6545916,1,1,1,1,0.7564784,2
1,1,0.5841258,0.6564454,1,1,1,1,0.7448682,2
1,1,0.55963,1,1,1,1,1,0.7334116,2
1,1,0.5552327,1,1,1,1,1,0.7335685,2
1,1,0.55094,1,1,1,1,1,0.7336709,2
1,1,0.5467531,1,1,1,1,1,0.733725,2
1,1,0.5426697,1,1,1,1,1,0.7337412,2
1,1,0.5386875,1,1,1,1,1,0.7337285,2
1,1,0.5348042,1,1,1,1,1,0.733695,2
1,1,0.5310177,1,1,1,1,1,0.7336476,2
1,1,0.5273259,1,1,1,1,1,0.7335922,2
1,1,0.5237267,1,1,1,1,1,0.7335334,2
1,1,0.5202217,1,1,1,1,1,0.7334713,2
1,1,0.5168055,1,1,1,1,1,0.7334144,2
1,1,0.5134799,1,1,1,1,1,0.7333611,2
1,1,0.5102395,1,1,1,1,1,0.7333187,2
1,1,0.5070828,1,1,1,1,1,0.7332891,2
1,1,0.5040116,1,1,1,1,1,0.7332694,2
1,0.6075013,0.5010209,1,1,1,1,1,0.7332655,2
1,0.4839767,0.9302199,1,1,1,1,1,0.7247966,2
1,0.4143013,0.9345168,1,1,1,1,1,0.7205493,2
1,0.4109616,0.9410084,1,1,1,1,1,0.714779,2
1,0.4078381,0.9477959,1,1,1,1,1,0.7095527,2
1,0.4049196,0.9548594,1,1,1,1,1,0.7048179,2
1,0.4021897,0.9621707,1,1,1,1,1,0.7005347,2
1,0.3996362,0.9697067,1,1,1,1,1,0.6966628,2
1,0.3972475,0.9774449,1,1,1,1,1,0.6931653,2
1,0.3950127,0.9853632,1,1,1,1,1,0.6900083,2
1,0.392922,0.9934404,1,1,1,1,1,0.6871613,2
1,0.3909625,1,1,1,1,1,1,0.6845999,2
1,0.3891329,1,1,1,1,1,1,0.6822741,2
1,0.3874572,1,1,1,1,1,1,0.6800674,2
0.3604881,0.3859298,1,1,1,1,1,1,0.6779743,2
0.3570504,0.7658622,1,1,1,1,1,1,0.6723405,2
0.3539771,0.7696402,1,1,1,1,1,1,0.6669106,2
0.3512635,0.774051,1,1,1,1,1,1,0.6616737,2
0.3489088,0.7791185,1,1,1,1,1,1,0.6566157,2
0.346907,0.7848628,1,1,1,1,1,1,0.6517309,2
0.3452591,0.7913131,1,1,1,1,1,1,0.6470068,2
0.3439669,0.798501,1,1,1,1,1,1,0.6424319,2
0.343027,0.8064553,1,1,1,1,1,1,0.6380019,2
0.3424212,0.8149851,1,1,1,1,1,1,0.6338283,2
0.342119,0.823933,1,1,1,1,1,1,0.6299604,2
1,0.8332612,1,1,1,1,1,1,0.6263672,0
1,0.8269844,1,1,1,1,1,1,0.629675,0
1,0.8209799,1,1,1,1,1,1,0.633035,0
1,0.815227,1,1,1,1,1,1,0.6364385,0
1,0.8097066,1,1,1,1,1,1,0.6398776,0
1,0.8044054,1,1,1,1,1,1,0.6433412,0
0.9800842,0.7993078,1,1,1,1,1,1,0.6468217,0
0.9391261,0.7948091,1,1,1,1,1,1,0.6500648,1
0.87652,0.7912954,1,1,1,1,1,1,0.6527878,1
0.7874588,0.7891573,1,1,1,1,1,1,0.654692,1
0.6788788,0.7888962,1,1,1,1,1,1,0.655435,2
0.6780028,0.7909201,1,1,1,1,1,1,0.6548101,2
0.6772268,0.7930223,1,1,1,1,1,1,0.6541907,2
0.6765484,0.7951978,1,1,1,1,1,1,0.6535761,2
0.6759647,0.7974421,1,1,1,1,1,1,0.6529647,2
0.6754702,0.799747,1,1,1,1,1,1,0.6523587,2
0.6750624,0.8021082,1,1,1,1,1,1,1,2
0.676405,1,1,1,1,1,1,1,0.6477123,1
0.6754323,1,1,1,1,1,1,1,1,2
0.6762871,1,1,1,1,1,1,1,1,2
0.6773954,1,1,1,1,1,1,1,1,2
0.678753,1,1,1,1,1,1,1,1,2
0.6803581,1,1,1,1,1,1,1,1,2
0.6822087,1,1,1,1,1,1,1,1,2
0.6842999,1,1,1,1,1,1,1,1,2
0.6866292,1,1,1,1,1,1,1,1,2
0.6891941,1,1,1,1,1,1,1,1,2
0.6919888,1,1,1,1,1,1,1,1,2
0.695007,0.9978403,1,1,1,1,1,1,1,2
0.698261,0.9699706,1,1,1,1,1,1,1,2
0.7019454,0.9457978,1,1,1,1,1,1,1,2
0.7060536,0.9593129,1,1,1,1,1,1,1,2
0.7102979,0.972918,1,1,1,1,1,1,1,2
0.7146531,0.9865629,1,1,1,1,1,1,1,2
0.7191013,1,1,1,1,1,1,1,1,2
1,1,1,1,1,1,1,1,1,1
1,1,1,1,1,1,1,1,1,1
1,1,1,1,1,1,1,1,1,1
1,1,1,1,1,1,1,1,1,1
1,1,1,1,1,1,1,1,1,1
1,1,1,1,1,1,1,1,1,1
1,1,1,1,1,1,1,1,1,1
1,1,1,1,1,1,1,1,1,1
1,1,1,1,1,1,1,1,1,1
1,1,1,1,1,1,1,1,1,1
1,1,1,1,1,1,1,1,1,1
1,1,1,1,1,1,1,1,1,1
1,1,1,1,1,1,1,1,1,1
1,1,1,1,1,1,1,1,1,1
1,1,1,1,1,1,1,1,1,1
1,1,1,1,1,1,1,1,1,1
1,1,1,1,1,1,1,1,1,1
1,1,1,1,1,1,1,1,1,1
1,1,1,1,1,1,1,1,1,1
1,1,1,1,1,1,1,1,1,1
1,1,1,1,1,1,1,1,1,1
1,1,1,1,1,1,1,1,1,1
1,1,1,1,1,1,1,1,1,1
0.9876887,1,1,1,1,1,1,1,1,1
0.9603055,1,1,1,1,1,1,1,1,1
0.9305806,1,1,1,1,1,1,1,1,1
0.8985798,1,1,1,1,1,1,1,1,1
0.8644522,1,1,1,1,1,1,1,1,2
0.8284173,1,1,1,1,1,1,1,1,2
0.7907763,1,1,1,1,1,1,1,1,2
0.7950417,1,1,1,1,1,1,1,1,2
0.7996052,1,1,1,1,1,1,1,1,2
0.8042566,1,1,1,1,1,1,1,1,2
0.8089914,1,1,1,1,1,1,1,1,2
0.8138061,1,1,1,1,1,1,1,1,2
0.818689,1,1,1,1,1,1,1,1,2
0.8236364,1,1,1,1,1,1,1,1,2
0.8286441,1,1,1,1,1,0.9952223,1,1,2
0.8336499,1,1,1,1,1,0.9876779,1,1,2
0.8386129,1,1,1,1,1,0.979817,1,1,2
0.8435138,1,1,1,1,1,0.971629,1,1,2
0.8483374,1,1,1,1,1,0.9631047,1,1,2
0.8530686,1,1,1,1,1,0.9542335,1,1,2
0.8576925,1,1,1,1,1,0.9450095,1,1,1
0.8621915,1,1,1,1,1,0.9354286,1,1,1
0.8665482,1,1,1,1,1,0.9254894,1,1,1
0.8707534,1,1,1,1,1,0.9151881,1,1,1
0.8747913,1,1,1,1,1,0.9045268,1,1,1
0.8786474,1,1,1,1,1,0.89351,1,1,1
0.8823113,1,1,1,1,1,0.88214,1,1,1
0.8857743,1,1,1,1,1,0.8704257,1,1,1
0.8890246,1,1,1,1,1,0.8583776,1,1,1
0.8920563,1,1,1,1,1,0.8460046,1,1,1
0.8948601,1,1,1,1,0.9990526,0.8333208,1,1,1
1,1,1,1,1,0.9943997,0.8203279,1,1,0
1,1,1,1,1,0.9991725,0.8045177,1,1,0
1,1,1,1,1,1,0.7886406,1,1,0
1,1,1,1,1,1,0.7726724,1,1,0
1,1,1,1,1,1,0.7566234,1,1,0
1,1,1,1,1,1,0.7405204,1,1,0
1,1,1,1,1,1,0.7243826,1,1,0
1,1,1,1,1,1,0.7082324,1,1,0
1,1,1,1,1,1,0.6920918,1,1,0
1,1,1,1,1,1,0.6759814,1,1,0
1,1,1,1,1,1,0.6682073,1,1,0
1,1,1,1,1,1,0.6727337,1,1,0
1,1,1,1,1,1,0.6773478,1,1,0
1,1,1,1,1,1,0.6820477,1,1,0
1,1,1,1,1,1,0.6868314,1,1,0
1,1,1,1,1,1,0.6916918,1,1,0
1,1,1,1,1,1,0.6966215,1,1,0
1,1,1,1,1,1,0.7016131,1,1,0
1,1,1,1,1,1,0.7066647,0.8468798,1,0
1,1,1,1,1,1,0.7180816,0.813225,1,0
1,1,1,1,1,1,0.7312279,0.7799855,1,0
1,1,1,1,1,1,0.7462099,0.747343,1,0
1,1,1,1,1,1,0.7631427,0.7154443,1,0
1,1,1,1,1,1,0.7821436,0.6844121,1,0
1,1,1,1,1,1,0.8033465,0.6543339,1,0
1,1,1,1,1,1,1,0.6252761,1,0
1,1,1,1,1,1,1,0.5997052,1,0
1,1,1,1,1,1,1,0.5744957,1,0
1,1,1,1,1,1,1,0.5497292,1,0
1,1,1,1,1,1,1,0.5254766,1,0
1,1,1,1,1,1,1,0.5037187,1,0
1,1,1,1,1,1,1,0.5115948,1,0
1,1,1,1,1,1,1,0.5198028,1,0
1,1,1,1,1,1,1,0.528335,1,0
1,1,1,1,1,1,1,0.5371783,1,0
1,1,1,1,1,1,1,0.5463195,1,0
1,1,1,1,1,1,1,0.5557483,0.7386862,0
1,1,1,1,1,1,1,0.5707645,0.6772298,0
1,1,1,1,1,1,1,0.5870757,0.6218718,0
1,1,1,1,1,1,1,0.6047894,0.5717517,0
1,1,1,1,1,1,1,0.6240368,0.5261637,0
1,1,1,1,1,1,1,0.6449569,0.4845289,0
0.8031431,1,1,1,1,1,1,0.6677073,0.4476045,0
0.8004299,1,1,1,1,1,1,1,0.4558398,0
0.7977797,1,1,1,1,1,1,1,0.4621173,0
0.7951165,1,1,1,1,1,1,1,0.4685272,0
0.7924302,1,1,1,1,1,1,1,0.4750588,0
0.7897149,1,1,1,1,1,1,1,0.4816968,0
0.786965,1,1,1,1,1,1,1,0.4884256,0
0.7841729,1,1,1,1,1,1,1,0.4952335,0
0.7813345,1,1,1,1,1,1,1,0.5021042,0
0.8056479,1,1,1,1,1,1,1,0.5090257,0
0.8310415,1,1,1,1,1,1,1,0.5164104,0
0.8458189,1,1,1,1,1,1,1,0.5243084,0
0.8559557,1,1,1,1,1,1,1,0.5325679,0
0.8640114,1,1,1,1,1,1,1,0.5411264,0
0.871053,1,1,1,1,1,1,1,0.5499543,0
1,1,1,1,1,1,1,1,1,1
1,1,1,1,1,1,1,1,0.9600863,1
1,1,1,1,1,1,1,1,0.960519,1
1,1,1,1,1,1,1,1,0.9609688,1
1,1,1,1,1,1,1,1,0.9614323,1
1,1,1,1,1,1,1,1,0.9619094,1
1,1,1,1,1,1,1,1,0.9623996,1
1,1,1,1,1,1,1,1,0.9629028,1
1,1,1,1,1,1,1,1,0.9634191,1
1,1,1,1,1,1,1,1,0.9639478,1
1,1,1,1,1,1,1,1,0.9644859,1
1,1,1,1,1,1,1,1,0.9650362,1
1,1,1,1,1,1,1,1,0.9655984,1
1,1,1,1,1,1,1,1,0.9661694,1
1,1,1,1,1,1,1,1,0.9667519,1
1,1,1,1,1,1,1,1,0.9673427,1
1,1,1,1,1,1,1,1,0.9679415,1
1,1,1,1,1,1,1,1,0.9685512,1
1,1,1,1,1,1,1,1,0.9691688,1
1,1,1,1,1,1,1,1,0.9697939,1
1,1,1,1,1,1,1,1,0.9704262,1
1,1,1,1,1,1,1,1,0.9710656,1
1,1,1,1,1,1,1,1,0.9717088,1
1,1,1,1,1,1,1,1,0.9723588,1
1,1,1,1,1,1,1,1,0.9730156,1
1,1,1,1,1,1,1,1,0.9736756,1
1,1,1,1,1,1,1,1,0.974342,1
1,1,1,1,1,1,1,1,1,1
1,1,1,1,1,1,1,1,1,1
1,1,1,1,1,1,1,1,1,1
1,1,1,1,1,1,1,1,1,1
1,1,1,1,1,1,1,1,1,1
1,1,1,1,1,1,1,1,1,1
1,1,1,1,1,1,1,1,1,1
1,1,1,1,1,1,1,1,1,1
1,1,1,1,1,1,1,1,1,1
1,1,1,1,1,1,1,1,1,1
1,1,1,1,1,1,1,1,1,1
1,1,1,1,1,1,1,1,1,1
1,1,1,1,1,1,1,1,1,1
1,1,1,1,1,1,1,1,1,1
1,1,1,1,1,1,1,1,1,1
1,1,1,1,1,1,1,1,1,1
1,1,1,1,1,1,1,1,1,1
1,1,1,1,1,1,1,1,1,1
1,1,1,1,1,1,1,1,1,1
1,1,1,1,1,1,1,1,1,1
1,1,1,1,1,1,1,1,1,1
1,1,1,1,1,1,1,1,1,1
1,1,1,1,1,1,1,1,1,1
1,1,1,1,1,1,1,1,1,1
1,1,1,1,1,1,1,1,1,1
1,1,1,1,1,1,1,1,1,1
1,1,1,1,1,1,1,1,1,1
1,1,1,1,1,1,1,1,1,1
1,1,1,1,1,1,1,1,1,1
1,1,1,1,1,1,1,1,1,1
1,1,1,1,1,1,1,1,1,1
1,1,1,1,1,1,1,1,1,1
1,1,1,1,1,1,1,1,1,1
1,1,1,1,1,1,1,1,1,1
1,1,1,1,1,1,1,1,1,1
1,1,1,1,1,1,1,1,1,1
1,1,1,1,1,1,1,1,1,1
1,1,1,1,1,1,1,1,1,1
1,1,1,1,1,1,1,1,1,1
1,1,1,1,1,1,1,1,1,1
1,1,1,1,1,1,1,1,1,1
1,1,1,1,1,1,1,1,1,1
1,1,1,1,1,1,1,1,1,1
1,1,1,1,1,1,1,1,1,1
1,1,1,1,1,1,1,1,1,1
1,1,1,1,1,1,1,1,1,1
1,1,1,1,1,1,1,1,1,1
1,1,1,1,1,1,1,1,1,1
1,1,1,1,1,1,1,1,1,1
1,1,1,1,1,1,1,1,1,1
1,1,1,1,1,1,1,1,1,1
1,1,1,1,1,1,1,1,1,1
1,1,1,1,1,1,1,1,1,1
1,1,1,1,1,1,1,1,1,1
1,1,1,1,1,1,1,1,1,1
1,1,1,1,1,1,1,1,1,1
1,1,1,1,1,1,1,1,1,1
1,1,1,1,1,1,1,1,1,1
1,1,1,1,1,1,1,1,1,1
1,1,1,1,1,1,1,0.9998688,1,1
1,1,1,1,1,1,1,0.9849265,1,1
1,1,1,1,1,1,1,0.9694837,1,1
1,1,1,1,1,1,1,0.9535493,1,1
1,1,1,1,1,1,1,0.9371415,1,1
1,1,1,1,1,1,1,0.9202738,1,1
1,1,1,1,1,1,1,0.9029679,1,1
1,1,1,1,1,1,1,0.885255,1,1
1,1,1,1,1,1,1,0.8671609,1,1
1,1,1,1,1,1,1,0.8650742,1,1
1,1,1,1,1,1,1,0.8692098,1,1
1,1,1,1,1,1,1,0.8733295,1,1
1,1,1,1,1,1,1,0.8774317,1,1
1,1,1,1,1,1,1,0.8815106,1,1
1,1,1,1,1,1,1,0.8855651,1,1
1,1,1,1,1,1,1,0.8895893,1,1
1,1,1,1,1,1,1,0.8935822,1,1
1,1,1,1,1,1,1,0.8975385,1,1
1,1,1,1,1,1,1,0.9014573,1,1
1,1,1,1,1,1,1,0.9053377,1,1
1,1,1,1,1,1,1,0.9091747,1,1
1,1,1,1,1,1,1,0.9129678,1,1
1,1,1,1,1,1,1,0.9167118,1,1
1,1,1,1,1,1,1,0.9204068,1,1
1,1,1,1,1,1,1,0.9240521,1,1
1,1,1,1,1,1,1,0.9276435,1,1
1,1,1,1,1,1,1,0.9311808,1,1
1,1,1,1,1,1,1,0.9346595,1,1
1,1,1,1,1,1,1,0.93808,1,1
1,1,1,1,1,1,1,0.9449134,1,1
1,1,1,1,1,1,1,0.9481199,1,1
1,1,1,1,1,1,1,0.9512664,0.9812381,1
1,1,1,1,1,1,1,0.9551007,0.9490246,1
1,1,1,1,1,1,1,0.9601709,0.9145575,0
1,1,1,1,1,1,1,0.9665824,0.8780974,0
1,1,1,1,1,1,1,0.9744526,0.8399774,0
1,1,1,1,1,1,1,0.9838916,0.800584,0
1,1,1,1,1,1,1,0.9950194,0.7603425,0
1,1,1,1,1,1,1,1,0.7228875,0
1,1,1,1,1,1,1,1,0.7281291,0
1,1,1,1,1,1,1,1,0.7335328,0
1,1,1,1,1,1,1,1,0.7390898,0
1,1,1,1,1,1,1,1,0.7447879,0
1,1,1,1,1,1,1,1,0.7506214,0
1,1,1,1,1,1,1,1,0.7565809,0
1,1,1,1,1,1,1,1,0.7626573,0
1,1,1,1,1,1,1,1,0.7688413,0
1,1,1,1,1,1,1,1,0.7751234,0
1,1,1,1,1,1,1,1,0.7814973,0
1,1,1,1,1,1,1,1,0.7879502,0
1,1,1,1,1,1,1,1,0.7944723,0
1,1,1,1,1,1,1,1,0.8010578,0
1,1,1,1,1,1,1,1,0.8076936,0
1,1,1,1,1,1,1,1,0.8143735,0
1,1,1,1,1,1,1,1,0.8239058,0
1,1,1,1,1,1,1,1,0.8306049,0
1,1,1,1,1,1,1,1,0.837319,0
1,1,1,1,1,1,1,1,0.8440351,0
1,1,1,1,1,1,1,1,0.8507519,0
1,1,1,1,1,1,1,1,0.857457,0
1,1,1,1,1,1,1,1,0.8641416,0
1,1,1,1,1,1,1,1,0.8708013,0
1,1,1,1,1,1,1,1,0.8774278,0
1,1,1,1,1,1,1,1,0.8840132,1
1,1,1,1,1,1,1,1,0.8905498,1
1,1,1,1,1,1,1,1,1,1
1,1,1,1,1,1,1,1,1,1
1,1,1,1,1,1,1,1,1,1
1,1,1,1,1,1,1,1,1,1
1,1,1,1,1,1,1,1,1,1
1,1,1,1,1,1,1,1,1,1
1,1,1,1,1,1,1,1,1,1
1,1,1,1,1,1,1,1,1,1
1,1,1,1,1,1,1,1,1,1
1,1,1,1,1,1,1,1,1,1
1,1,1,1,1,1,1,1,1,1
1,1,1,1,1,1,1,1,1,1
1,1,1,1,1,1,1,1,1,1
1,1,1,1,1,1,1,1,1,1
1,1,1,1,1,1,1,1,1,1
1,1,1,1,1,1,1,1,1,1
1,1,1,1,1,1,1,1,1,1
1,1,1,1,0.9968767,1,1,1,1,1
1,1,1,1,0.9868615,1,1,1,1,1
1,1,1,1,0.9767963,1,1,1,1,1
1,1,1,1,0.9666791,1,1,1,1,1
1,1,1,1,0.9565148,1,1,1,1,1
1,1,1,1,0.9463021,1,1,1,1,1
1,1,1,1,0.9360425,1,1,1,1,1
1,1,1,1,0.9257382,1,1,1,1,1
1,1,1,0.9919489,0.9153913,1,1,1,1,1
1,1,1,0.9803489,0.9049472,1,1,1,1,1
1,1,1,0.9685562,0.8943909,1,1,1,1,1
1,1,1,0.9565732,0.8837217,1,1,1,1,1
1,1,1,0.944414,0.8729496,1,1,1,1,1
1,1,1,0.9320832,0.8620752,1,1,1,1,1
1,1,1,0.9195971,0.8511098,1,1,1,1,1
1,1,1,0.906966,0.8400587,1,1,1,1,1
1,1,1,0.8942044,0.828931,1,1,1,1,2
1,1,1,0.881324,0.8177329,1,1,1,1,2
1,1,1,0.868344,0.8064774,1,1,1,1,2
1,1,1,0.8552769,0.7951714,1,1,1,1,2
1,1,1,0.8421355,0.7838217,1,1,1,1,2
1,1,1,0.8289394,0.7724414,1,1,1,1,2
1,1,1,0.8157011,0.7610372,1,1,1,1,2
1,1,0.9572592,0.8024365,0.7496189,1,1,1,1,2
1,1,0.9380895,0.7887057,0.7379451,1,1,1,1,2
1,1,0.9186095,0.7748224,0.7261933,1,1,1,1,2
1,1,0.8988963,0.7608228,0.7143856,1,1,1,1,2
1,1,0.8790315,0.7467474,0.7025479,1,1,1,1,2
1,1,0.8590916,0.7326328,0.6907022,1,1,1,1,2
1,1,0.8391578,0.7185209,0.6788756,1,1,1,1,2
1,1,0.8192987,0.7044448,0.6670874,1,1,1,1,2
1,1,0.7995846,0.6904412,0.6733994,1,1,1,1,2
1,1,0.7801605,0.6765792,0.7072548,1,1,1,1,2
1,1,0.7611741,0.6629292,0.7466936,1,1,1,1,2
1,1,0.7426332,0.6494944,0.792765,1,1,1,1,2
1,1,0.7245399,0.6362753,0.8467714,1,1,1,1,2
1,1,0.7068941,0.6232724,0.9104255,1,1,1,1,2
1,1,0.6896914,0.6104837,0.9859643,1,1,1,1,2
1,1,0.6729199,0.5979019,1,1,1,1,1,2
1,1,0.656422,0.5854594,1,1,1,1,1,2
1,1,0.640179,0.5731481,1,1,1,1,1,2
1,1,0.6242052,0.5609754,1,1,1,1,1,2
1,1,0.6085076,0.5489441,1,1,1,1,1,2
1,1,0.5930903,0.5370548,1,1,1,1,1,2
1,1,0.577958,0.5590299,1,1,1,1,1,2
1,1,0.5631987,0.5901233,1,1,1,1,1,2
1,1,0.5488036,0.6244997,1,1,1,1,1,2
1,0.7579197,0.5347458,0.6625486,1,1,1,1,1,2
1,0.7259138,0.5191461,0.7386228,1,1,1,1,1,2
1,0.69549,0.5039839,0.836165,1,1,1,1,1,2
1,0.6666256,0.4892631,1,1,1,1,1,1,2
1,0.6394067,0.4750189,1,1,1,1,1,1,2
1,0.6131287,0.4610628,1,1,1,1,1,1,2
1,0.5878391,0.4474184,1,1,1,1,1,1,2
1,0.5635644,0.4341021,1,1,1,1,1,1,2
1,0.5403045,0.4377774,1,1,1,1,0.9917704,1,2
1,0.5182718,0.4739951,1,1,1,1,0.9783705,1,2
1,0.4976,0.5144867,1,1,1,1,0.9659787,1,2
1,0.4781331,0.5596716,1,1,1,1,0.9544919,1,2
1,0.4597303,0.6100315,1,1,1,1,0.9438092,1,2
1,0.4422677,0.6660436,1,1,1,1,0.9338497,1,2
0.7094458,0.4256366,0.7282621,1,1,1,1,0.9245303,1,2
0.6646842,0.4076234,0.8325436,1,1,1,1,0.9125067,1,2
0.6234176,0.3903717,1,1,1,1,1,0.9008899,1,2
0.5852607,0.3738338,1,1,1,1,1,0.9154841,1,2
0.5498821,0.3579656,1,1,1,1,1,0.9386295,1,2
0.5170013,0.34273,1,1,1,1,1,0.9650676,1,2
0.4863708,0.3280897,1,0.9996988,1,1,1,0.9954236,1,2
0.4577788,0.3477884,0.9721618,0.9946427,1,1,1,1,1,2
0.4310359,0.3714699,0.9623122,0.9900628,1,1,1,1,1,2
0.4059752,0.3978667,0.9529797,0.9859611,1,1,1,1,1,2
0.3824495,0.4273795,0.9441549,0.9823405,1,1,1,1,1,2
0.3603331,0.4604937,0.935832,1,1,1,1,1,1,2
0.3395099,0.497812,0.9280044,1,1,1,1,1,1,2
0.3198806,0.5400711,0.9206684,1,1,1,0.9584743,1,1,2
0.3013481,0.5881931,0.9138163,1,1,1,0.9384565,1,1,2
0.2908703,0.6433468,0.9074473,1,1,1,0.9191943,1,1,2
0.305872,0.7070485,0.9015583,1,1,1,0.9006377,1,1,2
0.321152,1,0.8958111,1,1,1,0.883907,1,1,2
0.335335,1,0.8896001,1,1,1,0.8702639,1,1,2
0.3496484,1,0.8833739,1,1,1,0.8575042,1,1,2
0.3640263,1,0.8770987,1,1,1,0.8455208,1,1,2
0.378407,1,0.8707414,1,1,1,0.8342199,1,1,2
0.3927291,1,0.8642778,1,1,1,0.8235229,1,1,2
0.4069327,1,0.8576925,1,1,1,0.8133633,1,1,2
0.4209598,1,0.8509682,1,1,1,0.8036849,1,1,2
0.4347604,1,0.844098,1,1,1,0.7944373,1,1,2
0.4482828,0.8277417,1,1,1,1,0.7855808,1,1,2
0.4634668,0.8187763,1,1,1,1,0.7759212,1,1,2
0.4784637,0.8100416,1,1,1,1,0.7666242,1,1,2
0.4932204,0.8015038,1,1,1,1,0.7576573,1,1,2
0.5076934,0.7931416,1,1,1,1,0.7489894,1,1,1
0.5218425,0.784931,1,1,1,1,0.740594,1,1,1
0.535633,0.7768503,1,1,1,1,0.7324483,1,1,1
0.5490395,0.7688837,1,1,1,1,0.7245294,1,1,1
0.5620359,0.7610138,1,1,1,1,0.7168208,1,1,1
0.574606,0.7532314,1,1,1,1,0.7093049,1,1,1
0.586733,0.7455223,1,1,1,1,0.70197,1,1,1
0.5984092,0.7378769,1,1,1,1,0.6948025,1,1,1
0.6096311,0.7302862,1,1,1,1,0.687791,1,1,1
1,0.7227393,1,1,1,1,0.6809283,1,1,0
1,0.7162405,1,1,1,1,0.6770224,1,1,0
1,0.7097208,1,1,1,1,0.6732162,1,1,0
1,0.7031751,1,1,1,1,0.6695052,1,1,0
1,0.6965979,1,1,1,1,0.6658846,0.843476,1,0
1,0.6909262,1,1,1,1,0.6646443,0.5904045,1,0
1,0.6859986,1,1,1,1,1,0.58512,1,0
1,0.6800455,1,1,1,1,1,0.5798787,1,0
1,0.6740938,1,1,1,1,1,0.5748578,1,0
1,0.6681378,1,1,1,1,1,0.5700527,1,0
1,0.6621683,1,1,1,1,1,0.5654616,1,0
1,0.6561817,1,1,1,1,1,0.5610765,1,0
1,0.6501678,1,1,1,1,1,0.5568952,1,0
1,0.6441159,1,1,1,1,1,0.5529092,1,0
1,0.6380215,1,1,1,1,1,0.549116,1,0
1,0.6318732,1,1,1,1,1,0.5455068,1,0
1,0.6256628,1,1,1,1,1,0.5420758,1,0
1,0.6193818,1,1,1,1,1,0.5388139,1,0
1,0.6130219,1,1,1,1,1,0.5357185,1,0
1,0.6065744,1,1,1,1,1,0.5327803,0.527572,0
1,0.6023618,0.5460618,1,1,1,1,0.5312685,0.5212066,0
1,0.5982379,0.5370274,1,1,1,1,0.530171,0.5153075,0
1,0.5942006,0.5281385,1,1,1,1,0.5294955,0.509866,0
1,0.590248,0.5193866,1,1,1,1,1,0.5048746,0
1,0.5831807,0.5104076,1,1,1,1,1,0.5007049,0
1,0.5759314,0.501422,1,1,1,1,1,0.4967243,0
1,0.5684936,0.4924268,1,1,1,1,1,0.4929221,0
1,0.560855,0.4834135,1,1,1,1,1,0.4892878,0
1,0.5530074,0.4743771,1,1,1,1,1,0.4858111,0
1,0.5449405,0.4653097,1,1,1,1,1,0.4824789,0
1,0.5366524,0.4562108,1,1,1,1,1,0.4792847,0
1,0.5281315,0.4470707,1,1,1,1,1,0.476216,0
1,0.5193785,0.4378898,1,1,1,1,1,0.4732638,0
1,0.5103884,0.4286631,1,1,1,1,1,0.4704165,0
1,0.5011612,0.4193893,1,1,1,1,1,0.4676657,0
1,0.4916948,0.4100648,1,1,1,1,1,0.4650033,0
1,0.4819925,0.4006893,1,1,1,1,1,0.462419,0
1,0.4720552,0.3912608,1,1,1,1,1,0.4599054,0
1,0.461889,0.3817804,1,1,1,1,1,0.4574558,0
1,0.4514979,0.3722473,1,1,1,1,1,0.9737133,2
1,0.4341541,0.3612473,1,1,1,1,1,0.970983,2
1,0.4175227,0.377679,1,1,1,1,1,0.9683748,2
1,0.4016043,0.4422012,1,1,1,1,1,0.9658689,2
1,0.3863949,0.5213237,1,1,1,1,1,0.7059305,1
1,0.3742558,0.5635973,1,1,1,1,1,0.9605155,2
1,0.3599092,0.6698487,1,1,1,1,1,0.9581116,2
0.5251927,0.3461052,1,1,1,1,1,1,0.9557074,2
0.4939145,0.3312911,1,1,1,1,1,1,0.7113355,2
0.4660556,0.3174056,1,1,1,1,1,1,0.6781801,2
0.440301,0.3041128,1,1,1,1,1,1,0.6575629,2
0.4161698,0.2912959,1,1,1,1,1,1,0.6430734,2
0.3934154,0.2788958,1,1,1,1,1,1,0.6321623,2
0.3718874,0.2668793,1,1,1,1,1,1,0.6235982,2
0.3514779,0.2628395,1,1,1,1,1,1,0.6167158,2
0.3321402,0.2859374,1,1,1,1,1,1,0.6114715,2
0.3139142,0.3109072,1,1,1,1,1,1,0.608523,2
0.2966566,0.3378997,1,1,1,1,1,1,0.6072615,2
0.2802569,0.3670684,1,1,1,1,1,1,0.6072824,2
0.2646244,0.3985638,1,1,1,1,1,1,0.608312,2
0.2496828,0.432561,1,1,1,1,1,1,0.610155,2
0.2353624,0.4692453,1,1,1,1,1,1,0.6126806,2
0.2216026,0.5087913,1,1,1,1,1,1,0.6157899,2
0.2292825,1,1,1,1,1,1,1,0.6193973,2
0.2396626,1,1,1,1,1,1,1,0.6334496,2
0.2503219,1,1,1,1,1,1,1,0.6466788,2
0.2612662,1,1,1,1,1,1,1,0.6591783,2
0.2724963,1,1,1,1,1,1,1,0.6710419,2
0.2840124,1,1,1,1,1,1,1,0.909314,2
0.299267,1,1,1,1,1,1,1,0.908336,2
0.3150734,1,1,1,1,1,1,1,0.9071411,2
0.3314064,1,1,1,1,1,1,1,0.9057029,2
0.3482298,1,1,1,1,1,1,1,0.9040005,2
0.3655071,1,1,1,1,1,1,1,0.902012,2
0.3831963,1,1,1,1,1,1,1,0.8997175,2
0.4012442,1,1,1,1,1,1,1,0.8971027,2
0.4196032,1,1,1,1,1,1,1,0.8941489,2
0.4382149,1,1,1,1,1,1,1,0.8908433,2
0.4570163,1,1,1,1,1,1,1,0.8871752,2
1,1,1,1,1,1,1,1,0.8831365,0
1,1,1,1,1,1,1,1,0.8733565,0
1,1,1,1,1,1,1,1,0.8635064,0
1,1,1,1,1,1,1,1,0.8535973,0
1,1,1,1,1,1,1,1,0.8436411,0
1,1,1,1,1,1,1,1,0.8336498,0
1,1,1,1,1,1,1,1,0.8236395,0
1,1,1,1,1,1,1,1,0.8136196,0
1,1,1,1,1,1,1,1,0.8348592,0
1,1,1,1,1,1,1,1,0.8635712,0
1,1,1,1,1,1,1,1,0.8911228,1
1,1,1,1,1,1,1,1,0.9173282,1
1,1,1,1,1,1,1,1,0.9420341,1
1,1,1,1,1,1,1,1,0.9651446,1
1,1,1,1,1,1,1,1,0.986591,1
1,1,1,1,1,1,1,1,1,1
1,1,1,1,1,1,1,1,1,1
1,1,1,1,1,1,1,1,1,1
1,1,1,1,1,1,1,1,1,1
1,1,1,1,1,1,1,1,1,1
1,1,1,1,1,1,1,1,1,1
1,1,1,1,1,1,1,1,1,1
1,1,1,1,1,1,1,1,1,1
1,1,1,1,1,1,1,1,1,1
0.9960679,1,1,1,1,1,1,1,1,1
0.9865097,1,1,1,1,1,1,1,1,1
0.9767905,1,1,1,1,1,1,1,1,1
0.9669203,1,1,1,1,1,1,1,1,1
0.9568988,1,1,1,1,1,1,1,1,1
0.9467336,1,1,1,1,1,1,1,1,1
0.936433,1,1,1,1,1,1,1,1,1
0.9260025,1,1,1,1,1,1,1,1,1
0.9154513,1,1,1,1,1,1,1,1,1
0.9047863,1,1,1,1,1,1,1,1,1
0.8940179,1,1,1,1,1,1,1,1,1
0.9014225,1,1,1,1,1,1,1,1,1
0.9159088,1,1,1,1,1,1,1,1,1
0.9300485,1,1,1,1,1,1,1,1,1
0.9438255,1,1,1,1,1,1,1,1,1
0.9572256,1,1,1,1,1,1,1,1,1
0.9702409,1,1,1,1,1,1,1,1,1
0.9828553,1,1,1,1,1,1,1,1,1
0.9950652,1,1,1,1,1,1,1,1,1
1,1,1,1,1,1,1,1,1,1
1,1,1,1,1,1,1,1,1,1
1,1,1,1,1,1,1,1,1,1
1,1,1,1,1,1,1,1,1,1
1,1,1,1,1,1,1,1,1,1
1,1,1,1,1,1,1,1,1,1
1,1,1,1,1,1,1,1,1,1
1,1,1,1,1,1,1,1,1,1
1,1,1,1,1,1,1,1,1,1
1,1,1,1,1,1,1,1,1,1
1,1,1,1,1,1,1,1,1,1
1,1,1,1,1,1,1,1,1,1
1,1,0.9803297,1,1,1,1,1,1,1
1,1,0.9571101,1,1,1,1,1,1,1
1,1,0.9377462,1,1,1,1,1,1,1
1,1,0.9296864,1,1,1,1,1,1,1
1,1,0.9216008,1,1,1,1,1,1,1
1,1,0.9134901,1,1,1,1,1,1,1
1,1,0.9053555,1,1,1,1,1,1,1
1,1,0.8971978,1,1,1,1,1,1,1
1,1,0.8890151,1,1,1,1,1,1,1
1,1,0.8808114,1,1,1,1,1,1,1
1,1,0.8725847,1,1,1,1,1,1,1
1,1,0.8643362,1,1,1,1,1,1,1
1,1,0.8560668,1,1,1,1,1,1,1
1,1,0.8477777,1,1,1,1,1,1,1
1,1,0.8394672,1,1,1,1,1,1,1
1,1,0.8311359,1,1,1,1,1,1,1
1,1,0.8227884,1,1,1,1,1,1,1
1,1,0.8144227,1,1,1,1,1,1,1
1,1,0.8060399,1,1,1,1,1,1,1
1,1,0.7976379,1,1,1,1,1,1,1
1,1,0.789221,1,1,1,1,1,1,1
1,1,0.7807873,1,1,1,1,1,1,1
1,1,0.7723408,1,1,1,1,1,1,1
1,1,0.7638795,1,1,1,1,1,1,1
1,1,0.7554045,1,1,1,1,1,1,1
1,1,0.7469168,1,1,1,1,1,1,1
1,1,0.7384173,1,1,1,1,1,1,1
1,1,0.7299069,1,1,1,1,1,1,1
1,1,0.7213867,1,1,1,1,1,1,1
1,1,0.7128543,1,1,1,1,1,1,1
1,1,0.7043138,1,1,1,1,1,1,1
1,1,0.6957626,1,1,1,1,1,1,1
1,1,0.6872048,1,1,1,1,1,1,1
1,1,0.678638,1,1,1,1,1,1,1
1,1,0.6700628,1,1,1,1,1,1,1
1,1,0.6614798,1,1,1,1,1,1,1
1,1,0.6528896,1,1,1,1,1,1,1
1,1,0.6442958,1,1,1,1,1,1,1
1,1,0.6356959,1,1,1,1,1,1,1
1,1,0.6270902,1,1,1,1,1,1,1
1,1,0.6184791,1,1,1,1,1,1,1
1,1,0.6098632,1,1,1,1,1,1,1
1,1,0.6012424,1,1,1,1,1,1,1
1,1,0.5926173,1,1,1,1,1,1,1
1,1,0.5839878,1,1,1,1,1,1,1
1,1,0.5753545,1,1,1,1,1,1,1
1,1,0.566717,1,1,1,1,1,1,1
1,1,0.5580758,1,1,1,1,1,1,1
1,1,0.5494308,1,1,1,1,1,1,1
1,1,0.5407821,1,1,1,1,1,1,1
1,1,0.5321295,1,1,1,1,1,1,1
1,1,0.5234731,1,1,1,1,1,1,1
1,1,0.5148129,1,1,1,1,1,1,1
1,1,0.5061486,1,1,1,1,1,1,1
1,1,0.4974801,1,1,1,1,1,1,1
1,1,0.4888102,1,1,1,1,1,1,1
1,1,0.4801359,1,1,1,1,1,1,1
1,1,0.4714568,1,1,1,1,1,1,1
1,1,0.4627758,1,1,1,1,1,1,1
1,1,0.4540895,1,1,1,1,0.997551,1,1
1,1,1,1,1,1,1,0.9925316,1,1
1,1,1,1,1,1,1,0.9871458,1,1
1,1,1,1,1,1,1,0.9817915,1,1
1,1,1,1,1,1,1,0.9764716,1,1
1,1,1,1,1,1,1,0.9711888,1,1
1,1,1,1,1,1,1,0.9659432,1,1
1,0.410349,1,1,1,1,1,0.9607381,1,2
1,0.400759,1,1,1,1,1,0.9545534,1,2
1,0.3912834,1,1,1,1,1,0.9483945,1,2
1,0.381913,1,1,1,1,1,0.9422618,1,2
1,0.3726455,1,1,1,1,1,0.9361497,1,2
1,0.3634693,1,1,1,1,1,0.9300559,1,2
1,0.3543795,1,1,1,1,1,0.9239789,1,2
1,0.3453715,1,1,1,1,1,0.917914,1,1
1,0.3364412,1,1,1,1,1,0.91186,1,1
1,0.3275811,1,1,1,1,1,0.9058161,1,1
1,0.3187846,1,1,1,1,1,0.8997817,1,1
1,0.310048,1,1,1,1,1,0.8937534,1,1
1,0.3013681,1,1,1,1,1,0.8877314,1,1
1,0.2927387,1,1,1,1,1,0.8817159,1,1
1,0.2841569,1,1,1,1,1,0.875704,1,1
1,0.2756168,1,1,1,1,1,0.8696967,1,1
0.3339863,0.267116,1,1,1,1,1,0.863695,1,2
0.3187059,0.3114367,1,1,1,1,1,0.8566225,1,2
0.3044433,0.3675056,1,1,1,1,1,0.8497826,1,2
0.2910739,1,1,1,1,1,1,0.8431177,1,2
0.2793457,1,1,1,1,1,1,0.836629,1,2
0.2679594,1,1,1,1,1,1,0.8301576,1,2
0.2568975,1,1,1,1,1,1,0.8236974,1,2
0.2461433,1,1,1,1,1,1,0.8172427,1,2
0.2356775,1,1,1,1,1,1,0.8107876,1,2
0.2271165,1,1,1,1,1,1,0.8043262,1,2
0.2433319,1,1,1,1,1,1,0.7978516,1,2
0.2597976,1,1,1,1,1,1,0.7913347,1,2
0.2764499,1,1,1,1,1,1,0.7847649,1,2
0.2932164,1,1,1,1,1,1,0.7781378,1,2
0.3100344,1,1,1,1,1,1,0.771445,1,2
0.3268343,1,1,1,1,1,1,0.764684,1,2
1,1,1,1,1,1,1,0.7578539,1,0
1,1,1,1,1,1,1,0.7501589,1,0
1,1,1,1,1,1,1,1,1,1
1,1,1,1,1,1,1,1,1,1
1,1,1,1,1,1,1,1,1,1
1,1,1,1,1,1,1,1,1,1
1,1,1,1,1,1,1,1,1,1
1,1,1,1,1,1,1,1,1,1
1,1,1,1,1,1,1,1,1,1
1,1,1,1,1,1,1,1,1,1
1,1,1,1,1,1,1,1,1,1
1,1,1,1,1,1,1,1,1,1
1,1,1,1,1,1,1,1,1,1
1,1,1,1,1,1,1,1,1,1
1,1,1,1,1,1,1,1,1,1
1,1,1,1,1,1,1,1,1,1
1,1,1,1,1,1,1,1,1,1
1,1,1,1,1,1,1,1,1,1
1,1,1,1,1,1,1,1,1,1
1,1,1,1,1,1,1,1,1,1
1,1,1,1,1,1,1,1,1,1
1,1,1,1,1,1,1,1,1,1
1,1,1,1,1,1,1,1,1,1
1,1,1,1,1,1,1,1,1,1
1,1,1,1,1,1,1,1,1,1
1,1,1,1,1,1,1,1,1,1
1,1,1,1,1,1,1,1,1,1
1,1,1,1,1,1,1,1,1,1
1,1,1,1,1,1,1,1,1,1
1,1,1,1,1,1,1,1,1,1
1,1,1,1,1,1,1,1,1,1
1,1,1,1,1,1,1,1,1,1
1,1,1,1,1,1,1,1,1,1
1,1,1,1,1,1,1,1,1,1
1,1,1,1,1,1,1,1,1,1
1,1,1,1,1,1,1,1,1,1
1,1,1,1,1,1,1,1,1,1
1,1,1,1,1,1,1,1,1,1
1,1,1,1,1,1,1,1,1,1
1,1,1,1,1,1,1,1,1,1
1,1,1,1,1,1,1,1,1,1
1,1,1,1,1,1,1,1,1,1
1,1,1,1,1,1,1,1,1,1
1,1,1,1,1,1,1,1,1,1
1,1,1,1,1,1,1,1,1,1
1,1,1,1,1,1,1,1,1,1
1,1,1,1,1,1,1,1,1,1
1,1,1,1,1,1,1,1,1,1
1,1,1,1,1,1,1,1,1,1
1,1,1,1,1,1,1,1,1,1
1,1,1,1,1,1,1,1,1,1
1,1,1,1,1,1,1,1,1,1
1,1,1,1,1,1,1,1,1,1
1,1,1,1,1,1,1,1,1,1
1,1,1,1,1,1,1,1,1,1
1,1,1,1,1,1,1,1,1,1
1,1,1,1,1,1,1,1,1,1
1,1,1,1,1,1,1,1,1,1
1,1,1,1,1,1,1,1,1,1
1,1,1,1,1,1,1,1,1,1
1,1,1,1,1,1,1,1,1,1
1,1,1,1,1,1,1,1,1,1
1,1,1,1,1,1,1,1,1,1
1,1,1,1,1,1,1,1,1,1
1,1,1,1,1,1,1,1,1,1
1,1,1,1,1,1,1,1,1,1
1,1,1,1,1,1,1,1,1,1
1,1,1,1,1,1,1,1,1,1
1,1,1,1,1,1,1,1,1,1
1,1,1,1,1,1,1,1,1,1
1,1,1,1,1,1,1,1,1,1
1,1,1,1,1,1,1,1,1,1
1,1,1,1,1,1,1,1,1,1
1,1,1,1,1,1,1,1,1,1
1,1,1,1,1,1,1,1,1,1
1,1,1,1,1,1,1,1,1,1
1,1,1,1,1,1,1,1,1,1
1,1,1,1,1,1,1,1,1,1
1,1,1,1,1,1,1,1,1,1
1,1,1,1,1,1,1,1,1,1
1,1,1,1,1,1,1,1,1,1
1,1,1,1,1,1,1,1,1,1
1,1,1,1,1,1,1,1,1,1
1,1,1,1,1,1,1,1,1,1
1,1,1,1,1,1,1,1,1,1
1,1,1,1,1,1,1,1,1,1
1,1,1,1,1,1,1,1,1,1
1,1,1,1,1,1,1,1,1,1
1,1,1,1,1,1,1,1,1,1
1,1,1,1,1,1,1,1,1,1
1,1,1,1,1,1,1,1,1,1
1,1,1,1,1,1,1,1,1,1
1,1,1,1,1,1,1,1,1,1
1,1,1,1,1,1,1,1,1,1
1,1,1,1,1,1,1,1,1,1
1,1,1,1,1,1,1,1,1,1
1,1,1,1,1,1,1,1,1,1
1,1,1,1,1,1,1,1,1,1
1,1,1,1,1,1,1,1,1,1
1,1,1,1,1,1,1,1,1,1
1,1,1,1,1,1,1,1,1,1
1,1,1,1,1,1,1,1,1,1
1,1,1,1,1,1,1,1,1,1
1,1,1,1,1,1,1,1,1,1
1,1,1,1,1,1,1,1,1,1
1,1,1,1,1,1,1,1,1,1
1,1,1,1,1,1,1,1,1,1
1,1,1,1,1,1,1,1,1,1
1,1,1,1,1,1,1,1,1,1
1,1,1,1,1,1,1,1,1,1
1,1,1,1,1,1,1,1,1,1
1,1,1,1,1,1,1,1,1,1
1,1,1,1,1,1,1,1,1,1
1,1,1,1,1,1,1,1,1,1
1,1,1,1,1,1,1,1,1,1
1,1,1,1,1,1,1,1,1,1
1,1,1,1,1,1,1,1,1,1
1,1,1,1,1,1,1,1,1,1
1,1,1,1,1,1,1,1,1,1
1,1,1,1,1,1,1,1,1,1
1,1,1,1,1,1,1,1,1,1
1,1,1,1,1,1,1,1,1,1
1,1,1,1,1,1,1,1,1,1
1,1,1,1,1,1,1,1,1,1
1,1,1,1,1,1,1,1,1,1
1,1,1,1,1,1,1,1,1,1
1,1,1,1,1,1,1,1,1,1
1,1,1,1,1,1,1,1,1,1
1,1,1,1,1,1,1,1,1,1
1,1,1,1,1,1,1,1,1,1
1,1,1,1,1,1,1,1,1,1
1,1,1,1,1,1,1,1,1,1
1,1,1,1,1,1,1,1,1,1
1,1,1,1,1,1,1,1,1,1
1,1,1,1,1,1,1,1,1,1
1,1,1,1,1,1,1,1,1,1
1,1,1,1,1,1,1,1,1,1
1,1,1,1,1,1,1,1,1,1
1,1,1,1,1,1,1,1,1,1
1,1,1,1,1,1,1,1,1,1
1,1,1,1,1,1,1,1,1,1
1,1,1,1,1,1,1,1,1,1
1,1,1,1,1,1,1,1,1,1
1,1,1,1,1,1,1,1,1,1
1,1,1,1,1,1,1,1,1,1
1,1,1,1,1,1,1,1,1,1
1,1,1,1,1,1,1,1,1,1
1,1,1,1,1,1,1,1,1,1
1,1,1,1,1,1,1,1,1,1
1,1,1,1,1,1,1,1,1,1
1,1,1,1,1,1,1,1,1,1
1,1,1,1,1,1,1,1,1,1
1,1,1,1,1,1,1,1,1,1
1,1,1,1,1,1,1,1,1,1
1,1,1,1,1,1,1,1,1,1
1,1,1,1,1,1,1,1,1,1
1,1,1,1,1,1,1,1,1,1
1,1,1,1,1,1,1,1,1,1
1,1,1,1,1,1,1,1,1,1
1,1,1,1,1,1,1,1,1,1
1,1,1,1,1,1,1,1,1,1
1,1,1,1,1,1,1,1,1,1
1,1,1,1,1,1,1,1,1,1
1,1,1,1,1,1,1,1,1,1
1,1,1,1,1,1,1,1,1,1
1,1,1,1,1,1,1,1,1,1
1,1,1,1,1,1,1,1,1,1
1,1,1,1,1,1,1,1,1,1
1,1,1,1,1,1,1,1,1,1
1,1,1,1,1,1,1,1,1,1
1,1,1,1,1,1,1,1,1,1
1,1,1,1,1,1,1,1,1,1
1,1,1,1,1,1,1,1,1,1
1,1,1,1,1,1,1,1,1,1
1,1,1,1,1,1,1,1,1,1
1,1,1,1,1,1,1,1,1,1
1,1,1,1,1,1,1,1,1,1
1,1,1,1,1,1,1,1,1,1
1,0.9678731,1,1,1,1,1,1,1,1
1,0.9511468,1,1,1,1,1,1,1,1
1,0.9338694,1,1,1,1,1,1,1,1
1,0.9160618,1,1,1,1,1,1,1,1
1,0.8977507,1,1,1,1,1,1,1,1
1,0.8789681,1,1,1,1,1,1,1,1
1,0.8597562,1,1,1,1,1,1,1,2
1,0.8401521,1,1,1,1,1,1,1,2
1,0.8202026,1,1,1,1,1,1,1,2
1,0.7999622,1,1,1,1,1,1,1,2
1,0.7794794,1,1,1,1,1,1,1,2
1,0.7588134,1,1,1,1,1,1,1,2
1,0.74384,1,1,1,1,1,1,1,2
1,0.7501311,1,1,1,1,1,1,1,2
1,0.7564879,1,1,1,1,1,1,1,2
1,0.7629011,1,1,1,1,1,1,1,2
1,0.7693613,1,1,1,1,1,1,1,2
1,0.7758634,1,1,1,1,1,1,1,2
1,0.7823983,1,1,1,1,1,1,1,2
1,0.7889525,1,1,1,1,1,1,1,2
1,0.7955256,1,1,1,1,1,1,1,2
1,0.8021041,1,1,1,1,1,1,1,2
1,0.8086831,1,1,1,1,1,1,1,2
1,1,1,1,1,1,1,1,1,1
1,1,1,1,1,1,1,1,1,1
1,1,1,1,1,1,1,1,1,1
1,1,1,1,1,1,1,1,1,1
1,1,1,1,1,1,1,1,1,1
1,1,1,1,1,1,1,1,1,1
1,1,1,1,1,1,1,1,1,1
1,1,1,1,1,1,1,1,1,1
1,1,1,1,1,1,1,1,1,1
0.8072978,1,1,1,1,1,1,1,1,2
0.7667869,1,1,1,1,1,1,1,1,2
0.7251394,1,1,1,1,1,1,1,1,2
0.6828576,1,1,1,1,1,1,1,1,2
0.640456,1,1,1,1,1,1,1,1,2
0.6337844,1,1,1,1,1,1,1,1,2
0.640102,1,1,1,1,1,1,1,1,2
0.6466695,1,1,1,1,1,1,1,1,2
0.6534806,1,1,1,1,1,1,1,1,2
0.6605217,1,1,1,1,1,1,1,1,2
0.6677827,1,1,1,1,1,1,1,1,2
0.6752524,1,1,1,1,1,1,1,1,2
0.6829164,1,1,1,1,1,1,1,1,2
0.6907633,1,1,1,1,1,1,1,1,2
0.6987811,1,1,1,1,1,1,1,1,2
1,1,1,1,1,1,1,1,1,1
1,0.9886392,1,1,1,1,1,1,1,1
1,0.9771105,1,1,1,1,1,1,1,1
1,0.9654229,1,1,1,1,1,1,1,1
1,0.9535848,1,1,1,1,1,1,1,1
1,0.9416016,1,1,1,1,1,1,1,1
1,0.9294791,1,1,1,1,1,1,1,1
1,0.9172276,1,1,1,1,1,1,1,1
1,0.9048543,1,1,1,1,1,1,1,1
1,0.8923671,1,1,1,1,1,1,1,1
1,0.8956529,1,1,1,1,1,1,1,1
1,0.9048102,1,1,1,1,1,1,1,1
1,0.9137701,1,1,1,1,1,1,1,1
1,0.9225236,1,1,1,1,1,1,1,1
1,0.9310635,1,1,1,1,1,1,1,1
1,0.9393885,1,1,1,1,1,1,1,1
1,0.9474919,1,1,1,1,1,1,1,1
1,1,1,1,1,1,1,1,1,1
1,1,1,1,1,1,1,1,1,1
1,1,1,1,1,1,1,1,1,1
1,1,1,1,1,1,1,1,1,1
1,1,1,1,1,1,1,1,1,1
1,1,1,1,1,1,1,1,1,1
1,1,1,1,1,1,1,1,1,1
1,1,1,1,1,1,1,1,1,1
1,1,1,1,1,1,1,1,1,1
1,1,1,1,1,1,1,1,1,1
1,1,1,1,1,1,1,1,1,1
1,1,1,1,1,1,1,1,1,1
1,1,1,1,1,1,1,1,1,1
1,1,1,1,1,1,1,1,1,1
1,1,1,1,1,1,1,1,1,1
1,1,1,1,1,1,1,1,1,1
1,1,1,1,1,1,1,1,1,1
1,1,1,1,1,1,1,1,1,1
1,1,1,1,1,1,1,1,1,1
1,1,1,1,1,1,1,1,1,1
1,1,1,1,1,1,1,1,1,1
1,1,1,1,1,1,1,1,1,1
1,1,1,1,1,1,1,1,1,1
0.8331669,1,1,1,1,1,1,1,1,2
0.8089615,1,1,1,1,1,1,1,1,2
0.7842933,1,1,1,1,1,1,1,1,2
0.7592736,1,1,1,1,1,1,1,1,2
0.7340184,1,1,1,1,1,1,1,1,2
0.7246239,1,1,1,1,1,1,1,1,2
0.7340566,1,1,1,1,1,1,1,1,2
0.743575,1,1,1,1,1,1,1,1,2
0.7531653,1,1,1,1,1,1,1,1,2
0.7628129,1,1,1,1,1,1,1,1,2
0.7725034,1,1,1,1,1,1,1,1,2
1,1,1,1,1,1,1,1,1,1
1,1,1,1,1,1,1,1,1,1
1,1,1,1,1,1,1,1,1,1
1,1,1,1,1,1,1,1,1,1
1,1,1,1,1,1,1,1,1,1
1,1,1,1,1,1,1,1,1,1
1,1,1,1,1,1,1,1,1,1
1,1,1,1,1,1,1,1,1,1
1,1,1,1,1,1,1,1,1,1
1,1,1,1,1,1,1,1,1,1
1,1,1,1,1,1,1,1,1,1
1,1,1,1,1,1,1,1,1,1
1,1,1,1,1,1,1,1,1,1
1,1,1,1,1,1,1,1,1,1
1,1,1,1,1,1,1,1,1,1
1,1,1,1,1,1,1,1,1,1
1,1,1,1,1,1,1,1,1,1
1,1,1,1,1,1,1,1,1,1
1,1,1,1,1,1,1,1,1,1
1,1,1,1,1,1,1,1,1,1
1,1,1,1,1,1,1,1,1,1
1,1,1,1,1,1,1,1,1,1
1,1,1,1,1,1,1,1,1,1
1,1,1,1,1,1,1,1,1,1
1,1,1,1,1,1,1,1,1,1
1,1,1,1,1,1,1,1,1,1
1,1,1,1,1,1,1,1,1,1
1,1,1,1,1,1,1,1,1,1
1,1,1,1,1,1,1,1,1,1
1,1,1,1,1,1,1,1,1,1
1,1,1,1,1,1,1,1,1,1
1,1,1,1,1,1,1,1,1,1
1,1,1,1,1,1,1,1,1,1
1,1,1,1,1,1,1,1,1,1
1,1,1,1,1,1,1,1,1,1
1,1,1,1,1,1,1,1,1,1
1,1,1,1,1,1,1,1,1,1
1,1,1,1,1,1,1,1,1,1
1,1,1,1,1,1,1,1,1,1
1,1,1,1,1,1,1,1,1,1
1,1,1,1,1,1,1,1,1,1
1,1,1,1,1,1,1,1,1,1
1,1,1,1,1,1,1,1,1,1
1,1,1,1,1,1,1,1,1,1
1,1,1,1,1,1,1,1,1,1
1,1,1,1,1,1,0.9940397,1,1,1
1,1,1,1,1,1,0.9799765,1,1,1
1,1,1,1,1,1,0.9654319,1,1,1
1,1,1,1,1,1,0.9504135,1,1,1
1,1,1,1,1,1,0.9349286,1,1,1
1,1,1,1,1,1,0.9189884,1,1,1
1,1,1,1,1,1,0.9026124,1,1,1
1,1,1,1,1,1,0.8858199,1,1,1
1,1,1,1,1,1,0.8686336,1,1,1
1,1,1,1,1,1,0.8510841,1,1,0
1,1,1,1,1,1,0.8332019,1,1,0
1,1,1,1,1,1,0.8150239,1,1,0
1,1,1,1,1,1,0.7965854,1,1,0
1,1,1,1,1,1,0.7779287,1,1,0
1,1,1,1,1,1,0.7590924,1,1,0
1,1,1,1,1,1,0.7401165,1,1,0
1,1,1,1,1,1,0.7277696,1,1,0
1,1,1,1,1,1,0.7289314,1,1,0
1,1,1,1,1,1,0.7301948,1,1,0
1,1,1,1,1,1,0.7315542,1,1,0
1,1,1,1,1,1,0.7330083,1,1,0
1,1,1,1,1,1,0.7345553,1,1,0
1,1,1,1,1,1,0.7361943,1,1,0
1,1,1,1,1,1,0.7379192,1,1,0
1,1,1,1,1,1,0.7397288,1,1,0
1,1,1,1,1,1,0.7416217,1,1,0
1,1,1,1,1,1,0.743592,1,1,0
1,1,1,1,1,1,0.7456384,1,1,0
1,1,1,1,1,1,0.7477598,1,1,0
1,1,1,1,1,1,0.7499548,1,1,0
1,1,1,1,1,1,0.7522173,0.860274,1,0
1,1,1,1,1,1,0.7596202,0.8181324,1,0
1,1,1,1,1,1,0.768815,0.7760825,1,0
1,1,1,1,1,1,0.7799187,0.7345477,1,0
1,1,1,1,1,1,0.7930489,0.693894,1,0
1,1,1,1,1,1,1,0.6544278,1,0
1,1,1,1,1,1,1,0.6211793,1,0
1,1,1,1,1,1,1,0.5882965,1,0
1,1,1,1,1,1,1,0.5559797,1,0
1,1,1,1,1,1,1,0.5480813,1,0
1,1,1,1,1,1,1,0.5526475,1,0
1,1,1,1,1,1,1,0.5575126,1,0
1,1,1,1,1,1,1,0.5626736,1,0
1,1,1,1,1,1,1,0.5681196,1,0
1,1,1,1,1,1,1,0.5738474,1,0
1,1,1,1,1,1,1,0.5798455,1,0
1,1,1,1,1,1,1,0.5861099,1,0
1,1,1,1,1,1,1,0.5926282,1,0
1,1,1,1,1,1,1,0.599388,0.7306832,0
1,1,1,1,1,1,1,0.610936,0.6455463,0
1,1,1,1,1,1,1,0.6234871,0.5717154,0
1,1,1,1,1,1,1,0.6371079,0.5070726,0
1,1,1,1,1,1,1,0.6518819,0.4880464,0
1,1,1,1,1,1,1,1,0.4932453,0
1,1,1,1,1,1,1,1,0.4987064,0
1,1,1,1,1,1,1,1,0.5045823,0
1,1,1,1,1,1,1,1,0.5108641,0
1,1,1,1,1,1,1,1,0.5175458,0
1,1,1,1,1,1,1,1,0.5246174,0
1,1,1,1,1,1,1,1,0.5320719,0
1,1,1,1,1,1,1,1,0.5398978,0
1,1,1,1,1,1,1,1,0.5480834,0
1,1,1,1,1,1,1,1,0.5566192,0
1,1,1,1,1,1,1,1,0.5654922,0
1,1,1,1,1,1,1,1,0.5746877,0
1,1,1,1,1,1,1,1,0.5841945,0
1,1,1,1,1,1,1,1,0.593997,0
1,1,1,1,1,1,1,1,1,1
1,1,1,1,1,1,1,1,1,1
1,1,1,1,1,1,1,1,1,1
1,1,1,1,1,1,1,1,1,1
1,1,1,1,1,1,1,1,1,1
1,1,1,1,1,1,1,1,1,1
1,1,1,1,1,1,1,1,1,1
1,1,1,1,1,1,1,1,1,1
1,1,1,1,1,1,1,1,1,1
1,1,1,1,1,1,1,1,1,1
1,1,1,1,1,1,1,1,1,1
1,1,1,1,1,1,1,1,1,1
1,1,1,1,1,1,1,1,1,1
1,1,1,1,1,1,1,1,1,1
1,1,1,1,1,1,1,1,1,1
1,1,1,1,1,1,1,1,1,1
1,1,1,1,1,1,1,1,1,1
1,1,1,1,1,1,1,1,1,1
1,1,1,1,1,1,1,1,1,1
1,1,1,1,1,1,1,1,1,1
1,1,1,1,1,1,1,1,1,1
1,1,1,1,1,1,1,1,1,1
1,1,1,1,1,1,1,1,1,1
1,1,1,1,1,1,1,1,1,1
1,1,1,1,1,1,1,1,1,1
1,1,1,1,1,1,1,1,1,1
1,0.980254,1,1,1,1,1,1,1,1
1,0.950379,1,1,1,1,1,1,1,1
1,0.940097,1,1,1,1,1,1,1,1
1,0.9372646,1,1,1,1,1,1,1,1
1,0.9344929,1,1,1,1,1,1,1,1
1,0.9317847,1,1,1,1,1,1,1,1
1,0.9291395,1,1,1,1,1,1,1,1
1,0.9265604,1,1,1,1,1,1,1,1
1,0.9240467,1,1,1,1,1,1,1,1
1,0.9215983,1,1,1,1,1,1,1,1
1,0.9192181,1,1,1,1,1,1,1,1
1,0.9169021,1,1,1,1,1,1,1,1
1,0.9146536,1,1,1,1,1,1,1,1
1,0.9124754,1,1,1,1,1,1,1,1
1,0.9103638,1,1,1,1,1,1,1,1
1,0.9083217,1,1,1,1,1,1,1,1
1,0.9063488,1,1,1,1,1,1,1,1
1,0.9044479,1,1,1,1,1,1,1,1
1,0.9026154,1,1,1,1,1,1,1,1
1,0.9008542,1,1,1,1,1,1,1,1
1,0.8991637,1,1,1,1,1,1,1,1
1,0.8975436,1,1,1,1,1,1,1,1
1,0.8959967,1,1,1,1,1,1,1,1
1,0.8945192,1,1,1,1,1,1,1,1
1,0.893114,1,1,1,1,1,1,1,1
1,0.8917807,1,1,1,1,1,1,1,1
1,0.8905184,1,1,1,1,1,1,1,1
1,0.8893269,1,1,1,1,1,1,1,2
1,0.8882056,1,1,1,1,1,1,1,2
1,0.8871571,1,1,1,1,1,1,1,2
1,0.8861779,1,1,1,1,1,1,1,2
1,0.8852703,1,1,1,1,1,1,1,2
1,0.8844337,1,1,1,1,1,1,1,2
0.792908,0.8836676,1,1,1,1,1,1,1,2
0.7909397,0.8869274,1,1,1,1,1,1,1,2
0.7892298,0.890494,1,1,1,1,1,1,1,2
0.7877717,0.8943576,1,1,1,1,1,1,1,2
0.786561,1,1,1,1,1,1,1,1,2
0.785311,1,1,1,1,1,1,1,1,2
0.784214,1,1,1,1,1,1,1,1,2
0.7832702,1,1,1,1,1,1,1,1,2
0.7824799,1,1,1,1,1,1,1,1,2
0.7818433,1,1,1,1,1,1,1,1,2
0.7813637,1,1,1,1,1,1,1,1,2
0.7810376,1,1,1,1,1,1,1,1,2
0.7808682,1,1,1,1,1,1,1,1,2
0.7808519,1,1,1,1,1,1,1,1,2
0.7809913,1,1,1,1,1,1,1,1,2
0.7812828,1,1,1,1,1,1,1,1,2
0.7817286,1,1,1,1,1,1,1,1,2
0.7823249,1,1,1,1,1,1,1,1,2
0.7830736,1,1,1,1,1,1,1,1,2
0.7839708,1,1,1,1,1,1,1,1,2
0.7850152,1,1,1,1,1,1,1,1,2
0.7862052,1,1,1,1,1,1,1,1,2
0.7875364,1,1,1,1,1,1,1,1,2
0.7890072,1,1,1,1,1,1,1,1,2
0.7906193,1,1,1,1,1,1,1,1,2
0.7923642,1,1,1,1,1,1,1,1,2
1,1,1,1,1,1,1,1,1,1
1,1,1,1,1,1,1,1,1,1
1,1,1,1,1,1,1,1,1,1
1,1,1,1,1,1,1,1,1,1
1,1,1,1,1,1,1,1,1,1
1,1,1,1,1,1,1,1,1,1
1,1,1,1,1,1,1,1,1,1
1,1,1,1,1,1,1,1,1,1
1,1,1,1,1,1,1,1,1,1
1,1,1,1,1,1,1,1,1,1
1,1,1,1,1,1,1,1,1,1
1,1,1,1,1,1,1,1,1,1
1,1,1,1,1,1,1,1,1,1
1,1,1,1,1,1,1,1,1,1
1,1,1,1,1,1,1,1,1,1
1,1,1,1,1,1,1,1,1,1
1,1,1,1,1,1,1,1,1,1
1,1,1,1,1,1,1,1,1,1
1,1,1,1,1,1,1,1,1,1
1,1,1,1,1,1,1,1,1,1
1,1,1,1,1,1,1,1,1,1
1,1,1,1,1,1,1,1,1,1
1,1,1,1,1,1,1,1,1,1
1,1,1,1,1,1,1,1,1,1
1,1,1,1,1,1,1,1,1,1
1,1,1,1,1,1,1,1,1,1
1,1,1,1,1,1,1,1,1,1
1,1,1,1,1,1,1,1,1,1
1,1,1,1,1,1,1,1,1,1
1,1,1,1,1,1,1,1,1,1
1,1,1,1,1,1,1,1,1,1
1,1,1,1,1,1,1,1,1,1
1,1,1,1,1,1,1,1,1,1
1,1,1,1,1,1,1,1,1,1
1,1,1,1,1,1,1,1,1,1
1,1,1,1,1,1,1,1,1,1
1,1,1,1,1,1,1,1,1,1
1,1,1,1,1,1,1,1,1,1
1,1,1,1,1,1,1,1,1,1
1,1,1,1,1,1,1,1,1,1
1,1,1,1,1,1,1,1,1,1
1,1,1,1,1,1,1,1,1,1
1,1,1,1,1,1,0.992662,1,1,1
1,1,1,1,1,1,0.981568,1,1,1
1,1,1,1,1,1,0.9703868,1,1,1
1,1,1,1,1,1,0.9591208,1,1,1
1,1,1,1,1,1,0.9477733,1,1,1
1,1,1,1,1,1,0.9363476,1,1,1
1,1,1,1,1,1,0.9248472,1,1,1
1,1,1,1,1,1,0.9132762,1,1,1
1,1,1,1,1,1,0.9016386,1,1,1
1,1,1,1,1,1,0.9007484,1,1,1
1,1,1,1,1,1,0.9044131,1,1,1
1,1,1,1,1,1,0.9080051,1,1,1
1,1,1,1,1,1,0.9115252,1,1,1
1,1,1,1,1,1,0.914975,1,1,1
1,1,1,1,1,1,0.9183559,1,1,1
1,1,1,1,1,1,0.9216686,1,1,1
1,1,1,1,1,1,0.9249075,1,1,1
1,1,1,1,1,1,0.9280737,1,1,1
1,1,1,1,1,1,0.9311689,1,1,1
1,1,1,1,1,1,0.9341949,1,1,1
1,1,1,1,1,1,0.9371529,1,1,1
1,1,1,1,1,1,0.9400368,1,1,1
1,1,1,1,1,1,0.9428564,1,1,1
1,0.9958571,1,1,1,1,0.945605,1,1,1
1,0.9807382,1,1,1,1,0.9479796,0.9940513,1,1
1,0.9651626,1,1,1,1,0.9496077,0.9785227,1,1
1,0.9595388,1,1,1,1,0.9511298,0.963071,1,1
1,0.9586832,1,1,1,1,0.953272,0.9473418,1,1
1,0.9574952,1,1,1,1,0.9563902,0.9311902,1,1
1,0.9559825,1,1,1,1,0.9604809,0.9146591,1,1
1,0.9541588,1,1,1,1,0.9655353,0.8977922,1,1
1,0.9520355,1,1,1,1,0.9715552,0.8806337,1,1
1,0.9496329,1,1,1,1,0.978528,0.8632326,1,1
1,0.9469649,1,1,1,1,0.9864591,0.8456281,1,1
1,0.9440533,1,1,1,1,0.9953389,0.8278626,1,1
1,0.940913,1,1,1,1,1,0.8099816,1,1
1,0.9375049,1,1,1,1,1,0.7919546,1,0
1,0.9337896,1,1,1,1,1,0.7737495,1,0
1,0.9297833,1,1,1,1,1,0.7554103,1,0
1,0.9255038,1,1,1,1,1,0.7369767,1,0
1,0.9209661,1,1,1,1,1,0.7184914,1,0
1,0.9161897,1,1,1,1,1,0.6999874,1,0
1,0.9111946,1,1,1,1,1,0.6815045,1,0
1,0.9060013,1,1,1,1,1,0.6630718,1,0
1,0.9006296,1,1,1,1,1,0.6447246,1,0
1,0.8950993,1,1,1,1,1,0.6264958,1,0
1,0.8894294,1,1,1,1,1,0.6084069,1,0
1,0.8836419,1,1,1,1,1,0.5904853,1,0
1,0.877754,1,1,1,1,1,0.576655,1,0
1,0.8718468,1,1,1,1,1,0.5835109,1,0
1,0.8662499,1,1,1,1,1,0.5902794,1,0
1,0.8609346,1,1,1,1,1,0.5969511,1,0
1,0.8558796,1,1,1,1,1,0.6035129,1,0
1,0.851062,1,1,1,1,1,0.6099565,1,0
1,0.8464655,1,1,1,1,1,0.6162698,0.8724428,0
1,0.8396408,1,1,1,1,1,0.6261232,0.8308007,0
1,0.8324334,1,1,1,1,1,0.6371258,0.7895133,0
1,0.824912,1,1,1,1,1,0.649325,0.7489334,0
1,0.8171488,1,1,1,1,1,0.6627587,0.7093582,0
1,0.8092133,1,1,1,1,1,0.6774602,0.6710249,0
1,0.8011694,1,1,1,1,1,0.693458,0.6341093,0
1,0.7930804,1,1,1,1,1,0.7107652,0.5987302,0
1,0.7849973,1,1,1,1,1,0.7293947,0.5649488,0
1,0.7769617,1,1,1,1,1,0.7493542,0.5327946,0
1,0.7690095,1,1,1,1,1,0.77064,0.5022498,0
1,0.761171,1,1,1,1,1,1,0.5055723,0
1,0.755281,1,1,1,1,1,1,0.5119249,0
1,0.7495764,1,1,1,1,1,1,0.518268,0
1,0.7440392,1,1,1,1,1,1,0.5245904,0
1,0.7386538,1,1,1,1,1,1,0.5308815,0
1,0.7334126,1,1,1,1,1,1,0.5371237,0
1,0.728303,1,1,1,1,1,1,0.5433072,0
1,0.7233137,1,1,1,1,1,1,0.549423,0
1,0.7184384,1,1,1,1,1,1,0.5554588,1
1,0.7136718,1,1,1,1,1,1,0.5614029,1
1,0.7090062,1,1,1,1,1,1,0.5672477,1
1,0.7044352,1,1,1,1,1,1,0.5729867,1
1,0.6999531,1,1,1,1,1,1,0.5786135,1
1,0.6955584,1,1,1,1,1,1,0.5841191,1
1,0.6912468,1,1,1,1,1,1,0.589498,1
1,0.6870149,1,1,1,1,1,1,0.5947462,1
1,0.6828633,1,1,1,1,1,1,0.5998561,1
1,0.6787862,1,1,1,1,1,1,0.6048282,1
1,0.6747819,1,1,1,1,1,1,0.6096598,1
1,0.6708523,1,1,1,1,1,1,0.6143448,1
1,0.6669933,1,1,1,1,1,1,0.6188854,1
1,0.6632072,1,1,1,1,1,1,0.6232767,1
1,0.6594908,1,1,1,1,1,1,0.6275213,1
1,0.655844,1,1,1,1,1,1,0.6316193,1
1,0.6522673,1,1,1,1,1,1,0.6355704,1
0.9963003,0.6487576,1,1,1,1,1,1,0.6393784,1
0.9924404,0.645353,1,1,1,1,1,1,0.6429677,1
0.9885661,0.6420546,1,1,1,1,1,1,0.6463383,1
0.9846879,0.6388659,1,1,1,1,1,1,0.6494905,1
0.6034593,0.6357844,1,1,1,1,1,1,0.6524326,2
0.5990211,0.6365743,1,1,1,1,1,1,0.6477748,2
0.5950018,1,1,1,1,1,1,1,0.6433609,2
0.5916843,1,1,1,1,1,1,1,0.6452236,2
0.588421,1,1,1,1,1,1,1,0.6469613,2
0.5852132,1,1,1,1,1,1,1,1,2
0.5819085,1,1,1,1,1,1,1,1,2
0.5789492,1,1,1,1,1,1,1,1,2
0.5763398,1,1,1,1,1,1,1,0.6376125,2
0.5738433,1,1,1,1,1,1,1,1,2
0.5716783,1,1,1,1,1,1,1,1,2
0.5698699,1,1,1,1,1,1,1,1,2
0.5684217,1,1,1,1,1,1,1,1,2
0.5673342,1,1,1,1,1,1,1,0.6245848,1
0.5657345,1,1,1,1,1,1,1,1,2
0.5650882,1,1,1,1,1,1,1,1,2
0.5648064,1,1,1,1,1,1,1,1,2
0.5648893,1,1,1,1,1,1,1,1,2
1,1,1,1,1,1,1,1,1,1
1,1,1,1,1,1,1,1,1,1
1,1,1,1,1,1,1,1,1,1
1,1,1,1,1,1,1,1,1,1
1,1,1,1,1,1,1,1,1,1
1,1,1,1,1,1,1,1,1,1
1,1,1,1,1,1,1,1,1,1
1,1,1,1,1,1,1,1,1,1
1,1,1,1,1,1,1,1,1,1
1,1,1,1,1,1,1,1,1,1
1,1,1,1,1,1,1,1,1,1
1,1,1,1,1,1,1,1,1,1
1,1,1,1,1,1,1,1,1,1
1,1,1,1,1,1,1,1,1,1
1,1,1,1,1,1,1,1,1,1
1,1,1,1,1,1,1,1,1,1
1,1,1,1,1,1,1,1,1,1
1,1,1,1,1,1,1,1,1,1
1,1,1,1,1,1,1,1,1,1
1,1,1,1,1,0.9904393,1,1,1,1
1,1,1,1,1,0.9804682,1,1,1,1
1,1,1,1,1,0.9704982,1,1,1,1
1,1,1,1,1,0.9605265,1,1,1,1
1,1,1,1,1,0.9505528,1,1,1,1
1,1,1,1,1,0.9405777,1,1,1,1
1,1,1,1,1,0.9306009,1,1,1,1
1,1,1,1,1,0.9206226,1,1,1,1
1,1,1,1,1,0.910643,1,1,1,1
1,1,1,1,1,0.9006619,1,1,1,1
1,1,1,1,1,0.8906797,1,1,1,1
1,1,1,1,1,0.8806963,1,1,1,1
1,1,1,1,1,0.8707118,1,1,1,1
1,1,1,1,1,0.8607265,1,1,1,1
1,1,1,1,1,0.8507433,1,1,1,1
1,1,1,1,1,0.8407593,1,1,1,1
1,1,1,1,1,0.8307747,1,1,1,1
1,1,1,1,1,0.8207895,1,1,1,1
1,1,1,1,1,0.8108039,1,1,1,1
1,1,1,1,1,0.8008178,1,1,1,1
1,1,1,1,1,0.7908345,1,1,1,1
1,1,1,1,1,0.7808512,1,1,1,1
1,1,1,1,1,0.7708677,1,1,1,1
1,1,1,1,1,0.7608842,1,1,1,1
1,1,1,1,1,0.7509007,0.7902644,1,1,1
1,1,1,1,1,0.7408023,0.7789089,1,1,1
1,1,1,1,1,0.7307153,0.767564,1,1,1
1,1,1,1,1,0.7206436,0.7562365,1,1,1
1,1,1,1,1,0.7105852,0.7449268,1,1,1
1,1,1,1,1,0.7005436,0.7336411,1,1,1
1,1,1,1,1,0.6905165,0.7223795,1,1,1
1,1,1,1,1,0.6805073,0.7111478,1,1,1
1,1,1,1,1,0.6705164,0.6999487,1,1,1
1,1,1,1,1,0.660544,0.688784,1,1,1
1,1,1,1,1,0.65059,0.6776561,1,1,1
1,1,1,1,1,0.6406546,0.6665664,1,1,1
1,1,1,1,1,0.6307374,0.6555165,1,1,1
1,1,1,1,1,0.6208382,0.6445075,1,1,1
1,1,1,1,1,0.6109598,0.6335437,1,1,1
1,1,1,1,1,0.6010985,0.6226224,1,1,1
1,1,1,1,1,0.5912539,0.6117443,1,1,1
1,1,1,1,1,0.5814284,0.6009127,1,1,1
1,1,1,1,1,0.5716183,0.5901248,1,1,1
1,1,1,1,1,0.5618259,0.5793835,1,1,1
1,1,1,1,1,0.5520475,0.5686854,1,1,1
1,1,1,1,1,0.5422852,0.5580333,1,1,1
1,1,1,1,1,1,0.5474236,1,1,0
1,1,1,1,1,1,0.5367931,1,1,0
1,1,1,1,1,1,0.5262021,1,1,0
1,1,1,1,1,1,0.5156506,1,1,0
1,1,1,1,1,1,0.5051386,1,1,0
1,1,1,1,1,1,0.4946692,1,1,0
1,1,1,1,1,1,0.4842391,1,1,0
1,1,1,1,1,1,0.4738479,1,1,0
1,1,1,1,1,1,0.4634985,1,1,0
1,1,1,1,1,1,0.4531873,1,1,0
1,1,1,1,1,1,0.4429168,1,1,0
1,1,1,1,1,1,0.4326836,0.5234052,1,0
1,1,1,1,1,1,0.4216468,0.5057718,1,0
1,1,1,1,1,1,0.4108311,0.4887518,1,0
1,1,1,1,1,1,0.4002259,0.4723211,1,0
1,1,1,1,1,1,0.3898261,0.4564604,1,0
1,1,1,1,1,1,0.3796164,0.4411379,1,0
1,1,1,1,1,1,0.3695877,0.4263287,1,0
1,1,1,1,1,1,0.4187221,0.412007,1,0
1,1,1,1,1,1,0.5663871,0.3981828,1,0
1,1,1,1,1,1,1,0.3848576,1,0
1,1,1,1,1,1,1,0.3720669,1,0
1,1,1,1,1,1,1,0.3595479,1,0
1,1,1,1,1,1,1,0.3472928,1,0
1,1,1,1,1,1,1,0.3352931,1,0
1,1,1,1,1,1,1,0.3235401,0.453302,0
1,1,1,1,1,1,1,0.3108261,0.4291222,0
1,1,1,1,1,1,1,0.2985767,0.406376,0
1,1,1,1,1,1,1,0.2867716,0.3849516,0
1,1,1,1,1,1,1,0.2753888,0.364745,0
1,1,1,1,1,1,1,0.2676972,0.3456629,0
1,1,1,1,1,1,1,0.3038096,0.327626,0
1,1,1,1,1,1,1,0.3459122,0.3105547,0
1,1,1,1,1,1,1,0.395434,0.2943848,0
1,1,1,1,1,1,1,0.4543318,0.2790549,0
1,1,1,1,1,1,1,1,0.2645091,0
1,1,1,1,1,1,1,1,0.2510861,0
1,1,1,1,1,1,1,1,0.2382842,0
1,1,1,1,1,1,1,1,0.2356806,0
1,1,1,1,1,1,1,1,0.2542585,0
1,1,1,1,1,1,1,1,0.273819,0
1,1,1,1,1,1,1,1,0.2943523,0
1,1,1,1,1,1,1,1,0.3158412,0
1,1,1,1,1,1,1,1,0.3382664,0
1,1,1,1,1,1,1,1,0.3615946,0
1,1,1,1,1,1,1,1,0.3857902,0
1,1,1,1,1,1,1,1,0.4108091,0
1,1,1,1,1,1,1,1,0.4365993,0
1,1,1,1,1,1,1,1,0.4631003,0
1,1,1,1,1,1,1,1,1,1
1,1,1,1,1,1,1,1,1,1
1,1,1,1,1,1,1,1,1,1
1,1,1,1,1,1,1,1,1,1
1,1,1,1,1,1,1,1,1,1
1,1,1,1,1,1,1,1,1,1
1,1,1,1,1,0.9957575,1,1,1,1
1,1,1,1,1,0.9839333,1,1,1,1
1,1,1,1,1,0.9724825,1,1,1,1
1,1,1,1,1,0.9613814,1,1,1,1
1,1,1,1,1,0.9506172,1,1,1,1
1,1,1,1,1,0.9401641,1,1,1,1
1,1,1,1,0.9934143,0.9300121,1,1,1,1
1,1,1,1,0.9810608,0.9203805,1,1,1,1
1,1,1,1,0.9680284,0.911456,1,1,1,1
1,1,1,1,0.9543549,0.9032308,1,1,1,1
1,1,1,1,0.9400784,0.8957046,1,1,1,2
1,1,1,1,0.9252459,0.8888733,1,1,1,2
1,1,1,1,0.909905,0.8827343,1,1,1,2
1,1,1,1,0.8941099,0.8772911,1,1,1,2
1,1,1,1,0.8779184,0.8725432,1,1,1,2
1,1,1,1,0.8613843,0.8684968,1,1,1,2
1,1,1,1,0.844567,0.8651527,1,1,1,2
1,1,1,1,0.8275253,0.8625134,1,1,1,2
1,1,1,1,0.8103164,0.8605868,1,1,1,2
1,1,1,0.9765886,0.7929958,0.8593764,1,1,1,2
1,1,1,0.9503137,0.7750044,0.8599076,1,1,1,2
1,1,1,0.9231235,0.756408,0.8623632,1,1,1,2
1,1,1,0.8952748,0.7373447,0.8668672,1,1,1,2
1,1,1,0.8670186,0.7179501,0.8735424,1,1,1,2
1,1,1,0.8386043,0.6983639,0.8825333,1,1,1,2
1,1,1,0.8102647,0.6972251,0.8939964,1,1,1,2
1,1,1,0.7826748,0.7012119,0.9072676,1,1,1,2
1,1,1,0.7560219,0.7059384,0.9221983,1,1,1,2
1,1,1,0.7303342,0.7113745,1,1,1,1,2
1,1,1,0.7065092,0.716334,1,1,1,1,2
1,1,1,0.6832641,0.7222441,1,1,1,1,2
1,1,1,0.6606379,0.7291192,1,1,1,1,2
1,1,1,0.6386526,0.7369859,1,1,1,1,2
1,1,0.849712,0.6173183,0.7458607,1,1,1,1,2
1,1,0.8071019,0.6005349,0.7611138,1,1,1,1,2
1,1,0.7672681,0.6073892,0.7781454,1,1,1,1,2
1,1,0.7299289,0.6151529,0.7971695,1,1,0.9634617,1,2
1,1,0.6948393,0.6239008,0.8184308,1,1,0.9258889,1,2
1,1,0.6617845,0.6337236,1,1,1,0.8919293,1,2
1,1,0.6324605,0.6425186,1,1,1,0.8726882,1,2
1,1,0.6045721,0.6522326,1,1,1,0.870115,1,2
1,1,0.5778807,0.6631325,1,1,1,0.8677603,1,2
1,1,0.5523622,0.6752404,1,1,1,0.865593,1,2
1,1,0.5279776,0.6885792,1,1,1,0.8635788,1,2
1,1,0.5046824,0.7031786,1,1,1,0.8616837,1,2
1,1,0.5042499,0.7190564,1,1,1,0.8598685,1,2
1,1,0.5088166,0.7353455,1,1,1,0.8577539,1,2
1,1,0.5133626,1,1,1,1,0.8552337,1,2
1,1,0.5150083,1,1,1,1,0.8496173,1,2
1,1,0.5166706,1,1,1,1,0.8437626,1,2
1,0.7219315,0.5183311,1,1,1,1,0.8376597,1,2
1,0.668996,0.5267913,1,1,1,1,0.8374995,1,2
1,0.6192254,0.5368933,1,1,1,1,0.8382365,1,2
1,0.5736072,0.5481251,1,1,1,1,0.8393121,1,2
1,0.5316237,0.5605909,1,1,1,1,0.8407429,1,2
1,0.4928447,0.5744153,1,1,1,1,0.8425504,1,2
1,0.4568999,0.5897299,1,1,1,1,0.8447546,1,2
1,0.4234737,0.6066983,1,1,1,1,1,1,2
1,0.3923007,0.6255034,1,1,1,1,1,1,2
1,0.3942348,1,1,1,1,1,1,1,2
1,0.3993372,1,1,1,1,1,1,1,2
1,0.4048776,1,1,1,1,1,1,1,2
1,0.4108551,1,1,1,1,1,1,1,2
0.6670378,0.4172649,1,1,1,1,1,1,1,2
0.581005,0.4249194,1,1,1,1,1,1,1,2
0.5070537,0.4333254,1,1,1,1,1,1,0.9685519,2
0.4428035,0.4425379,1,1,1,1,1,1,0.9635385,2
0.3864628,0.4526092,1,1,1,1,1,1,0.9587786,2
0.346386,0.4636068,1,1,1,1,1,1,0.9542611,2
0.3504989,0.4755971,1,1,1,1,0.7692924,1,0.9499825,2
0.355062,0.4886588,1,1,1,1,0.7417854,1,0.9459358,2
0.360092,0.5028809,1,1,1,1,0.7159414,1,0.9421152,2
0.3656069,0.5183632,1,1,1,1,0.6915877,1,0.9385151,2
0.3716236,1,1,1,1,1,0.6685789,1,0.9351332,2
0.3764121,1,1,1,1,1,0.6540241,1,0.9323766,2
0.3812568,1,1,1,1,1,0.6406379,1,0.9296868,2
0.3861389,1,1,1,1,1,0.6282769,1,0.9270398,2
0.3910401,1,1,1,1,1,0.6168209,1,0.9244162,2
0.3959464,1,1,1,1,1,0.6061645,1,0.921797,2
0.4008411,1,1,1,1,1,0.5962232,1,0.9191703,2
0.4057077,1,1,1,1,1,0.5869254,1,0.916527,2
0.4105344,1,1,1,1,1,0.5782056,1,0.9138578,2
0.41531,1,1,1,1,1,0.5700078,1,0.9111558,2
0.4200203,1,1,1,1,1,0.5622888,1,0.9084194,2
0.4246589,1,1,1,1,1,0.5550019,1,0.9056429,1
0.4292167,1,1,1,1,1,0.5481118,1,0.902825,1
0.4336852,1,1,1,1,1,0.5415877,1,0.8999662,1
0.4380564,1,1,1,1,1,0.5354031,1,0.8970683,1
0.4423231,1,1,1,1,1,0.529535,1,0.894134,1
0.4464826,1,1,1,1,1,0.5239592,1,0.8911644,1
1,1,1,1,1,1,0.5186544,1,0.8881611,0
1,1,1,1,1,1,0.5249131,1,0.9963408,0
1,1,1,1,1,1,0.5287624,1,1,0
1,1,1,1,1,1,0.5327336,1,1,0
1,1,1,1,1,1,0.5369143,1,1,0
1,1,1,1,1,1,1,1,1,1
1,1,1,1,1,1,1,1,1,1
1,1,1,1,1,1,1,0.5284492,1,0
1,1,1,1,1,1,1,0.4887968,1,0
1,1,1,1,1,1,1,0.4507387,1,0
1,1,1,1,1,1,1,0.4144729,1,0
1,1,1,1,1,1,1,0.3803734,1,0
1,1,1,1,1,1,1,0.3831185,1,0
1,1,1,1,1,1,1,0.3868084,1,0
1,1,1,1,1,1,1,0.3910234,1,0
1,1,1,1,1,1,1,0.3957928,1,0
1,1,1,1,1,1,1,0.4010406,1,0
1,1,1,1,1,1,1,0.4067275,1,0
1,1,1,1,1,1,1,0.4128488,1,0
1,1,1,1,1,1,1,0.4194033,0.4410586,0
1,1,1,1,1,1,1,1,0.3733386,0
1,1,1,1,1,1,1,1,0.3373437,0
1,1,1,1,1,1,1,1,0.3403108,0
1,1,1,1,1,1,1,1,0.3436909,0
1,1,1,1,1,1,1,1,0.3474998,0
1,1,1,1,1,1,1,1,0.3517484,0
1,1,1,1,1,1,1,1,0.356452,0
1,1,1,1,1,1,1,1,0.3616276,0
1,1,1,1,1,1,1,1,0.3672909,0
1,1,1,1,1,1,1,1,0.3734623,0
1,1,1,1,1,1,1,1,1,1
1,1,1,1,1,1,1,1,1,1
1,1,1,1,1,1,1,1,1,1
1,1,1,1,1,1,1,1,1,1
1,1,1,1,1,1,1,1,1,1
1,1,1,1,1,1,1,1,1,1
1,1,1,1,1,1,1,1,1,1
1,1,1,1,1,1,1,1,1,1
1,1,1,1,1,1,1,1,1,1
1,1,1,1,1,1,1,1,1,1
1,1,1,1,1,1,1,1,1,1
1,1,1,1,1,1,1,1,1,1
1,1,1,1,1,1,1,1,1,1
1,1,1,1,1,1,1,1,1,1
1,1,1,1,1,1,1,1,1,1
1,1,1,1,1,1,1,1,1,1
1,1,1,1,1,1,1,1,1,1
1,1,1,1,1,1,1,1,1,1
1,1,1,1,1,1,1,1,1,1
1,1,1,1,1,1,1,1,1,1
1,1,1,1,1,1,1,1,1,1
1,1,1,1,1,1,1,1,1,1
1,1,1,1,1,1,1,1,1,1
1,1,1,1,1,1,1,1,1,1
1,1,1,1,1,1,1,1,1,1
1,1,1,1,1,1,1,0.9960485,1,1
1,1,1,1,1,1,1,0.9838179,1,1
1,1,1,1,1,1,1,0.9713663,1,1
1,1,1,1,1,1,1,0.958703,1,1
1,1,1,1,1,1,1,0.9458308,1,1
1,1,1,1,1,1,1,0.9327649,1,1
1,1,1,1,1,1,1,0.9195102,1,1
1,1,1,1,1,1,1,0.9060771,1,1
1,1,1,1,1,1,1,0.8924797,1,1
1,1,1,1,1,1,1,0.87873,1,1
1,1,1,1,1,1,1,0.8648446,1,1
1,1,1,1,1,1,1,0.8508331,1,1
1,1,1,1,1,1,1,0.8367132,1,1
1,1,1,1,1,1,1,0.8225034,0.9741685,0
1,1,1,1,1,1,1,0.8076866,0.9460068,0
1,1,1,1,1,1,1,0.7922863,0.9380857,0
1,1,1,1,1,1,1,0.7767638,0.9452444,0
1,1,1,1,1,1,1,0.7614298,0.9526229,0
1,1,1,1,1,1,1,0.7603823,0.9602118,0
1,1,1,1,1,1,1,0.773874,0.9678084,0
1,1,1,1,1,1,1,0.7870179,0.975193,0
1,1,1,0.9931965,1,1,1,0.7997816,0.9823543,0
1,1,1,0.9773167,1,1,1,0.8119575,0.9891938,1
1,1,1,0.9632142,1,1,1,0.8232775,0.9955872,1
1,1,1,0.9506549,1,1,1,0.8337547,1,1
1,1,1,0.9393396,1,1,1,0.8434952,1,1
1,1,0.9930428,0.9288829,1,1,1,0.8527166,0.9861819,1
1,1,0.9818801,0.9187173,1,1,1,0.8618397,0.9661428,1
1,1,0.970642,0.9086703,1,1,1,0.8709967,0.9463063,1
1,1,0.9593197,0.8987546,1,1,1,0.8801699,0.9266818,1
1,1,0.9479089,0.8889819,1,1,1,0.8893414,0.9072806,1
1,1,0.9363931,0.8793685,1,1,1,0.8984869,0.8880962,1
1,1,0.9247705,0.8699158,1,1,1,0.9075948,0.869137,1
1,1,0.9130348,0.860637,1,1,1,0.9166412,0.8504038,1
1,1,0.9011818,0.8515431,1,1,1,0.9256023,0.8318963,1
1,1,0.8892037,0.8426312,1,1,1,0.9344683,0.8136067,1
1,1,0.8771022,0.8339095,1,1,1,0.9432169,0.7955368,1
1,1,0.8648722,0.8253843,1,1,1,0.9518269,0.7776762,1
1,1,0.8525135,0.817048,1,1,1,1,0.7600188,1
1,1,0.8393247,0.8101034,1,1,1,1,0.7434441,1
1,1,0.8261617,0.8031127,1,1,1,1,0.726838,1
1,1,0.8130279,0.7960711,1,1,1,1,0.7102077,1
1,1,0.7999169,0.7889863,1,1,1,1,0.6935512,1
1,1,0.7868276,0.7818541,1,1,1,1,0.6768707,1
1,1,0.7737579,0.7746767,1,1,1,1,0.6601697,1
1,1,0.7607103,0.7674567,1,1,1,1,0.6434568,1
1,1,0.7476782,0.7601969,1,1,1,1,0.6267299,1
1,1,0.7346598,0.7529002,1,1,1,1,0.6262333,1
1,1,0.7212513,0.7463043,1,1,1,1,0.6303092,1
1,1,0.7073712,0.7405792,1,1,1,1,0.6340805,1
1,1,0.693072,0.7356859,1,1,1,1,0.6375468,1
1,1,0.6783988,0.7315794,1,1,1,1,0.6407175,1
1,1,0.6634046,0.728227,1,1,1,1,0.6436003,1
1,1,0.6481414,0.7256003,1,1,1,1,0.6462039,1
1,1,0.6326557,0.723675,1,1,1,1,0.6485385,1
1,1,0.6169959,0.7224244,1,1,1,1,0.6506193,2
1,1,0.601204,0.7218251,1,1,1,1,0.6524618,2
1,1,0.5853226,0.7218561,1,1,1,1,0.6540817,2
1,1,0.5693871,0.7225059,1,1,1,1,0.6554912,2
1,1,0.5534339,0.7237587,1,1,1,1,0.6567065,2
1,1,0.5374955,0.7255938,1,1,1,1,0.6577461,2
1,1,0.5216008,0.7280058,1,1,1,1,0.6586217,2
1,1,0.5057756,0.7309776,1,1,1,1,0.6593505,2
1,1,0.492718,0.7345001,1,1,1,1,0.659946,2
1,1,0.4923733,0.7384459,1,1,1,1,0.660453,2
1,1,0.4919892,0.7422662,1,1,1,1,0.6610165,2
1,1,0.491562,0.7459566,1,1,1,1,0.6616337,2
1,1,0.4910977,0.7495271,1,1,1,1,0.6622956,2
1,0.7426728,0.4906021,0.7529875,1,1,1,1,0.662994,2
1,0.6978859,0.4961727,1,1,1,1,1,0.6600719,2
1,0.6600815,0.5001446,1,1,1,1,1,0.6583604,2
1,0.6229835,0.5051222,1,1,1,1,1,0.6563184,2
1,0.5868479,0.5111296,1,1,1,1,1,0.6540056,2
1,0.5518703,0.5181915,1,1,1,1,1,0.6514795,2
1,0.5181876,0.5263334,1,1,1,1,1,0.648793,2
1,0.4858902,0.5355761,1,1,1,1,1,0.6459962,2
1,0.4550157,0.5459477,1,1,1,1,1,0.6431291,2
1,0.4255778,0.5574716,1,1,1,1,1,0.6402276,2
1,0.3975474,0.5701669,1,1,1,1,1,0.6373237,2
1,0.3708798,0.5840602,1,1,1,1,1,0.6344386,2
1,0.3607645,0.5991668,1,1,1,1,1,0.631594,2
1,0.3641095,0.614905,1,1,1,1,1,0.6289161,2
1,0.3674957,1,1,1,1,1,1,0.6264761,2
1,0.3687457,1,1,1,1,1,1,0.6256804,2
1,0.3700369,1,1,1,1,1,1,0.6248884,2
0.652409,0.3713689,1,1,1,1,1,1,0.6240972,2
0.5632513,0.3772507,1,1,1,1,1,1,0.6206634,2
0.4846752,0.3841665,1,1,1,1,1,1,0.6170943,2
0.4171457,0.391792,1,1,1,1,1,1,0.6136159,2
0.3584816,0.4001703,1,1,1,1,1,1,0.610227,2
0.310114,0.4093586,1,1,1,1,1,1,0.6069199,2
0.3135259,0.4194114,1,1,1,1,1,1,0.6036937,2
0.3173539,0.4303946,1,1,1,1,1,1,0.6005439,2
0.3216124,0.4423821,1,1,1,1,1,1,0.5974668,2
0.3263173,0.4554566,1,1,1,1,1,1,0.5944584,2
0.3314856,0.4697116,1,1,1,1,1,1,0.5915148,2
0.3371334,0.4852474,1,1,1,1,1,1,0.5886353,2
0.3432814,0.5021833,1,1,1,1,1,1,0.5858164,2
0.3496806,1,1,1,1,1,1,1,0.5830808,2
0.3537522,1,1,1,1,1,1,1,0.5805561,2
0.3578649,1,1,1,1,1,1,1,0.5779988,2
0.3620117,1,1,1,1,1,1,1,0.5754079,2
0.3661862,1,1,1,1,1,1,1,0.572783,2
0.3703814,1,1,1,1,1,1,1,0.5701238,2
0.3745906,1,1,1,1,1,1,1,0.5674304,2
0.3788071,1,1,1,1,1,1,1,0.5647029,1
0.3830244,1,1,1,1,1,1,1,0.561942,1
0.3872359,1,1,1,1,1,1,1,0.5591484,1
0.3914316,1,1,1,1,1,1,1,0.5563263,1
0.3956088,1,1,1,1,1,1,1,0.5534738,1
0.3997613,1,1,1,1,1,1,1,0.5505925,1
1,1,1,1,1,1,1,1,1,1
1,1,1,1,1,1,1,1,1,1
1,1,1,1,1,1,1,1,1,1
1,1,1,1,1,1,1,1,1,1
1,1,1,1,1,1,1,1,1,1
1,1,1,1,1,1,1,1,1,1
1,1,1,1,1,1,1,1,1,1
1,1,1,1,1,1,1,1,1,1
1,1,1,1,1,1,1,1,1,1
1,1,1,1,1,1,1,1,1,1
1,1,1,1,1,1,1,1,1,1
1,1,1,1,1,1,1,1,1,1
1,1,1,1,1,1,1,1,1,1
1,1,1,1,1,1,1,1,1,1
1,1,1,1,1,1,1,1,1,1
1,1,1,1,1,1,1,1,1,1
1,1,1,1,1,1,1,1,1,1
1,1,1,1,1,1,1,1,1,1
1,1,1,1,1,1,1,1,1,1
1,1,1,1,1,1,1,1,1,1
1,1,1,1,1,1,1,1,1,1
1,1,1,1,1,1,1,1,1,1
1,1,1,1,1,1,1,1,1,1
1,1,1,1,1,1,1,1,1,1
1,1,1,1,1,1,1,1,1,1
1,1,1,1,1,1,1,1,1,1
1,1,1,1,1,1,1,1,1,1
1,1,1,1,1,1,1,1,1,1
1,1,1,1,1,1,1,1,1,1
1,1,1,1,1,1,1,1,1,1
1,1,1,1,1,1,1,1,1,1
1,1,1,1,1,1,1,1,1,1
1,1,1,1,1,1,1,1,1,1
1,1,1,1,1,1,1,1,1,1
1,1,1,1,1,1,1,1,1,1
1,1,1,1,1,1,1,1,1,1
1,1,1,1,1,1,1,1,1,1
1,1,1,1,1,1,1,1,1,1
1,1,1,1,1,1,1,1,1,1
1,1,1,1,1,1,1,1,1,1
1,1,1,1,1,1,1,1,1,1
1,1,1,1,1,1,1,1,1,1
1,1,1,1,1,1,1,1,1,1
1,1,1,1,1,1,1,1,1,1
1,1,1,1,1,1,1,1,1,1
1,1,1,1,1,1,1,1,1,1
1,1,1,1,1,1,1,1,1,1
1,1,1,1,1,1,1,1,1,1
1,1,1,1,1,1,1,1,1,1
1,1,1,1,1,1,1,1,1,1
1,1,1,1,1,1,1,1,1,1
1,1,1,1,1,1,1,1,1,1
1,1,1,1,1,1,1,1,1,1
1,1,1,1,1,1,1,1,1,1
1,1,1,1,1,1,1,1,1,1
1,1,1,1,1,1,1,1,1,1
1,1,1,1,1,1,1,1,1,1
1,1,1,1,1,1,1,1,1,1
1,1,1,1,1,1,1,1,1,1
1,1,1,1,1,1,1,1,1,1
1,1,1,1,1,1,1,1,1,1
1,1,1,1,1,1,1,1,1,1
1,1,1,1,1,1,1,1,1,1
1,1,1,1,1,1,1,1,1,1
1,1,1,1,1,1,1,1,1,1
1,1,1,1,1,1,1,1,1,1
1,1,1,1,1,1,1,1,1,1
1,1,1,1,1,1,1,1,1,1
1,1,1,1,1,1,1,1,1,1
1,1,1,1,1,1,1,1,1,1
1,1,1,1,1,1,1,1,1,1
1,1,1,1,1,1,1,1,1,1
1,1,1,1,1,1,1,1,1,1
1,1,1,1,1,1,1,1,1,1
1,1,1,1,1,1,1,1,1,1
1,1,1,1,1,1,1,1,1,1
1,1,1,1,1,1,1,1,1,1
1,1,1,1,1,1,1,1,1,1
1,1,1,1,1,1,1,1,1,1
1,0.9921378,1,1,1,1,1,1,1,1
1,0.9762862,1,1,1,1,1,1,1,1
1,0.9598631,1,1,1,1,1,1,1,1
1,0.9428816,1,1,1,1,1,1,1,1
1,0.9253594,1,1,1,1,1,1,1,1
1,0.9073207,1,1,1,1,1,1,1,1
1,0.8887944,1,1,1,1,1,1,1,1
1,0.8698151,1,1,1,1,1,1,1,1
1,0.8504269,1,1,1,1,1,1,1,2
1,0.8306695,1,1,1,1,1,1,1,2
1,0.810591,1,1,1,1,1,1,1,2
1,0.7902472,1,1,1,1,1,1,1,2
1,0.7696922,1,1,1,1,1,1,1,2
1,0.7518127,1,1,1,1,1,1,1,2
1,0.7579153,1,1,1,1,1,1,1,2
1,0.7640811,1,1,1,1,1,1,1,2
1,0.7702966,1,1,1,1,1,1,1,2
1,0.7765569,1,1,1,1,1,1,1,2
1,0.7828531,1,1,1,1,1,1,1,2
1,0.7891763,1,1,1,1,1,1,1,2
1,0.7955173,1,1,1,1,1,1,1,2
1,0.8018721,1,1,1,1,1,1,1,2
1,0.8082272,1,1,1,1,1,1,1,2
1,0.8145829,1,1,1,1,1,1,1,2
1,0.8209263,1,1,1,1,1,1,1,2
1,0.8272532,1,1,1,1,1,1,1,2
1,0.8335558,1,1,1,1,1,1,1,2
1,0.8398256,1,1,1,1,1,1,1,2
0.9225436,0.8460594,1,1,1,1,1,1,1,2
0.8818105,0.8551452,1,1,1,1,1,1,1,2
0.8400952,0.8658093,1,1,1,1,1,1,1,2
0.7978634,1,1,1,1,1,1,1,1,2
0.7610069,1,1,1,1,1,1,1,1,2
0.7233326,1,1,1,1,1,1,1,1,2
0.6852156,1,1,1,1,1,1,1,1,2
0.6480516,1,1,1,1,1,1,1,1,2
0.6548179,1,1,1,1,1,1,1,1,2
0.6618169,1,1,1,1,1,1,1,1,2
0.6690313,1,1,1,1,1,1,1,1,2
0.6764538,1,1,1,1,1,1,1,1,2
0.6840699,1,1,1,1,1,1,1,1,2
0.6918682,1,1,1,1,1,1,1,1,2
0.6998371,1,1,1,1,1,1,1,1,2
0.7079648,1,1,1,1,1,1,1,1,2
0.7162351,1,1,1,1,1,1,1,1,2
0.7246397,1,1,1,1,1,1,1,1,2
0.733162,1,1,1,1,1,1,1,1,2
0.7417859,1,1,1,1,1,1,1,1,2
0.7505021,1,1,1,1,1,1,1,1,2
0.7592942,1,1,1,1,1,1,1,1,2
0.7681525,1,1,1,1,1,1,1,1,2
1,1,1,1,1,1,1,1,1,1
1,1,1,1,1,1,1,1,1,1
1,1,1,1,1,1,1,1,1,1
1,1,1,1,1,1,1,1,1,1
1,1,1,1,1,1,1,1,1,1
1,1,1,1,1,1,1,1,1,1
1,1,1,1,1,1,1,1,1,1
1,1,1,1,1,1,1,1,1,1
1,1,1,1,1,1,1,1,1,1
1,1,1,1,1,1,1,1,1,1
1,1,1,1,1,1,1,1,1,1
1,1,1,1,1,1,1,1,1,1
1,1,1,1,1,1,1,1,1,1
1,1,1,1,1,1,1,1,1,1
1,1,1,1,1,1,1,1,1,1
1,1,1,1,1,1,1,1,1,1
1,1,1,1,1,1,1,1,1,1
1,1,1,1,1,1,1,1,1,1
1,1,1,1,1,1,1,1,1,1
1,1,1,1,1,1,1,1,1,1
1,1,1,1,1,1,1,1,1,1
1,1,1,1,1,1,1,1,1,1
1,1,1,1,1,1,1,1,1,1
1,1,1,1,1,1,1,1,1,1
1,1,1,1,1,1,1,1,1,1
1,1,1,1,1,1,1,1,1,1
1,1,1,1,1,1,1,1,1,1
1,1,1,1,1,1,1,1,1,1
1,1,1,1,1,1,1,1,1,1
1,1,1,1,1,1,1,1,1,1
1,1,1,1,1,1,1,1,1,1
1,1,1,1,1,1,1,1,1,1
1,1,1,1,1,1,1,1,1,1
1,1,1,1,1,1,1,1,1,1
1,1,1,1,1,1,1,1,1,1
1,1,1,1,1,1,1,1,1,1
1,1,1,1,1,1,1,1,1,1
1,1,1,1,1,1,1,1,1,1
1,1,1,1,1,1,1,1,1,1
1,1,1,1,1,1,1,1,1,1
1,1,1,1,1,1,1,1,1,1
1,1,1,1,1,1,1,1,1,1
1,1,1,1,1,1,1,1,1,1
1,1,1,1,1,1,1,1,1,1
1,1,1,1,1,1,1,1,1,1
1,1,1,1,1,1,1,1,1,1
1,1,1,1,1,1,1,1,1,1
1,1,1,0.9967114,1,1,1,1,1,1
1,1,1,0.9872034,1,1,1,1,1,1
1,1,1,0.9776804,1,1,1,1,1,1
1,1,1,0.968143,1,1,1,1,1,1
1,1,1,0.9585883,1,1,1,1,1,1
1,1,1,0.9490202,1,1,1,1,1,1
1,1,1,0.939436,1,1,1,1,1,1
1,1,1,0.9298393,1,1,1,1,1,1
1,1,1,0.920228,1,1,1,1,1,1
1,1,1,0.9106023,1,1,1,1,1,1
1,1,1,0.9009663,1,1,1,1,1,1
1,1,1,0.8913172,1,1,1,1,1,1
1,1,1,0.8816562,1,1,1,1,1,1
1,1,1,0.8719837,1,1,1,1,1,1
1,1,1,0.8622974,1,1,1,1,1,1
1,1,1,0.8526011,1,1,1,1,1,1
1,1,1,0.8428956,1,1,1,1,1,1
1,1,1,0.8331784,1,1,1,1,1,1
1,1,1,0.8234536,1,1,1,1,1,1
1,1,1,0.8137188,1,1,1,1,1,1
1,1,1,0.8039777,1,1,1,1,1,1
1,1,1,0.794228,1,1,1,1,1,1
1,1,1,0.7844704,1,1,1,1,1,1
1,1,1,0.7747058,1,1,1,1,1,1
1,1,1,0.7649378,1,1,1,1,1,1
1,1,1,0.7551641,1,1,1,1,1,1
1,1,1,0.7453852,1,1,1,1,1,1
1,1,1,0.735602,1,1,1,1,1,1
1,1,1,0.7258149,1,1,1,1,1,1
1,1,1,0.7160215,1,1,1,1,1,1
1,1,1,0.7062255,1,1,1,1,1,1
1,1,1,0.6964275,1,1,1,1,1,1
1,1,1,0.6866278,1,1,1,1,1,1
1,1,1,0.6768271,1,1,1,1,1,1
1,1,1,0.6670226,1,1,1,1,1,1
1,1,1,0.657218,1,1,1,1,1,1
1,1,1,0.6474136,1,1,1,1,1,1
1,1,1,0.6376067,1,1,1,1,1,1
1,1,1,0.6278008,1,1,1,1,1,1
1,1,1,0.6179959,1,1,1,1,1,1
1,1,0.6063526,0.6081896,1,1,1,1,1,1
1,1,0.5968074,0.5985579,1,1,1,1,1,1
1,1,0.5872613,0.5889277,1,1,1,1,1,1
1,1,0.5777111,0.5792956,1,1,1,1,1,1
1,1,0.5681599,0.569665,1,1,1,1,1,1
1,1,0.5586077,0.5600356,1,1,1,1,1,1
1,1,0.5490514,0.5504045,1,1,1,1,1,1
1,1,0.539494,0.5407749,1,1,1,1,1,1
1,1,0.5299355,0.5311466,1,1,1,1,1,1
1,1,0.520373,0.5215166,1,1,1,1,1,1
1,1,0.5108092,0.511888,1,1,1,1,1,1
1,1,0.5012444,0.5022608,1,1,1,1,1,1
1,1,0.4916754,0.4926318,1,1,1,1,1,1
1,1,0.4821053,0.4830042,1,1,1,1,1,1
1,1,0.4725342,0.4733779,1,1,1,1,1,1
1,1,0.4629588,0.4637497,1,1,1,1,1,1
1,1,0.4533824,0.4541229,1,1,1,1,1,1
1,1,0.4438049,0.4444973,1,1,1,1,1,1
1,1,0.4342233,0.4348699,1,1,1,1,1,1
1,1,0.4246407,0.4252437,1,1,1,1,1,1
1,1,0.415057,0.4156186,1,1,1,1,1,1
1,1,0.4054723,0.4059947,1,1,1,1,1,1
1,1,0.3958837,0.3963687,1,1,1,1,1,1
1,1,0.386294,0.3867439,1,1,1,1,1,1
1,1,0.3767035,0.37712,1,1,1,1,1,1
1,1,0.367112,0.3674972,1,1,1,1,1,1
1,1,0.3575197,0.3578753,1,1,1,1,1,1
1,1,0.3479235,0.3482513,1,1,1,1,1,1
1,1,0.3383265,0.3386281,1,1,1,1,1,1
1,1,0.3287287,0.3290058,1,1,1,1,1,1
1,1,0.3191302,0.3193842,1,1,1,1,1,1
1,1,0.3095309,0.3097635,1,1,1,1,1,1
1,1,0.2999309,0.3001435,1,1,1,1,1,1
1,1,0.2903272,0.2905211,1,1,1,1,1,1
1,0.329605,0.2807229,0.2808994,1,1,1,1,1,2
1,0.3154345,0.2706684,0.2719026,1,1,1,1,1,2
1,0.3018116,0.2607784,0.2629319,1,1,1,1,1,2
1,0.2886757,0.2510323,0.2539768,1,1,1,1,1,2
1,0.2759661,0.2414065,0.2450228,1,1,1,1,1,2
1,0.2636395,0.2318889,0.2360669,1,1,1,1,1,2
1,0.2516473,0.2224606,1,1,1,1,1,1,2
1,0.2391543,0.2130817,1,1,1,1,1,1,2
1,0.2270841,0.2038355,1,1,1,1,1,1,2
1,0.2154,0.1947104,1,1,1,1,1,1,2
1,0.2040591,0.1856873,1,1,1,1,1,1,2
0.2678995,0.1930326,0.1767578,1,1,1,1,1,1,2
0.2485734,0.1817091,0.1679991,1,1,1,1,1,1,2
0.2303599,0.1707645,0.1593961,1,1,1,1,1,1,2
0.2131746,0.1601823,0.9716648,1,1,1,1,1,1,2
0.1969332,0.1499408,0.9650016,1,1,1,1,1,1,2
0.1815685,0.140026,0.9588436,1,1,1,1,1,1,2
0.1670202,0.1304251,0.9531918,1,1,1,1,1,1,2
0.1532258,0.12112,0.9480416,1,1,1,1,1,1,2
0.1401369,0.1120998,0.9433964,1,1,1,1,1,1,2
0.1277018,0.1033484,0.9392539,1,1,1,1,1,1,2
0.1158812,0.1383414,1,1,1,1,1,1,1,2
0.1046395,0.188689,1,1,1,1,1,1,1,2
0.0939369,0.2529185,1,1,1,1,0.988788,1,1,2
0.08722623,0.8968948,1,1,1,1,0.972469,1,1,2
0.1029648,0.8871068,1,1,1,1,0.9568897,1,1,2
0.1197435,0.8780182,1,1,1,1,0.9424136,1,1,2
0.1375181,0.8695108,1,1,1,1,0.9288775,1,1,2
0.1562273,0.8614891,1,1,1,1,0.9161445,1,1,2
0.1757935,0.8538683,1,1,1,1,0.9041002,1,1,2
0.1961296,0.8465732,1,1,1,1,0.8926455,1,1,2
0.2171279,0.8395447,1,1,1,1,0.8817004,1,1,2
0.2386745,0.832733,1,1,1,1,0.8711957,1,1,2
0.2606525,0.82609,1,1,1,1,0.8610705,1,1,2
1,0.8195804,1,1,1,1,0.8512766,1,1,0
1,0.8131111,1,1,1,1,0.8447949,1,1,0
1,0.8066241,1,1,1,1,0.8384118,1,1,0
1,0.800124,1,1,1,1,0.8321298,1,1,0
1,0.7936103,1,1,1,1,0.8259481,1,1,0
1,0.7870811,1,1,1,1,0.8198689,1,1,0
1,0.7805377,1,1,1,1,0.8138908,1,1,0
1,0.7739816,1,1,1,1,0.8080159,1,1,0
1,0.7674134,1,1,1,1,0.8022429,1,1,0
1,0.7608336,1,1,1,1,0.7965699,1,1,0
0.8610566,0.7542397,1,1,1,0.9965606,0.7909986,1,1,0
0.8553575,0.7474947,1,1,1,0.9911774,0.7847548,1,1,0
0.8497049,0.7407378,1,1,1,0.9859663,0.7786044,1,1,0
0.8440895,0.7339692,1,1,1,0.9809163,0.7725426,1,1,0
0.8385026,0.7271888,1,1,1,0.9760162,0.7665651,1,1,0
0.8329316,0.7203934,1,1,1,0.9712586,0.7606708,1,1,0
0.8273675,0.7135823,1,1,1,0.9666364,0.7548584,1,1,0
0.821801,0.7067547,1,1,1,0.9621347,0.7491196,0.6996713,1,0
0.8225368,0.7008951,1,1,1,1,0.747323,0.6921582,1,0
0.8227243,0.6949955,1,1,1,1,0.7454727,0.6850471,1,0
0.8229988,0.689151,1,1,1,1,0.7439408,0.6782724,1,0
0.8233412,0.6833537,1,1,1,1,0.7427173,0.6718258,1,0
0.8237303,0.677594,1,1,1,1,0.8898543,0.6657019,1,0
0.8207363,0.6711013,1,1,1,1,0.8527712,0.6597196,1,0
0.818493,0.6647704,1,1,1,1,0.8245419,0.6539491,1,0
0.8168074,0.6585643,1,1,1,1,0.8235982,0.6484135,1,0
0.8150313,0.6523319,1,1,1,1,0.8228357,0.6430811,1,0
0.813138,0.646062,1,1,1,1,0.8222435,0.6379477,1,0
0.8111029,0.6397454,1,1,1,1,0.8218029,0.6330022,1,0
0.8089007,0.6333731,1,1,1,1,0.821498,0.6282364,1,0
0.8065056,0.6269357,1,1,1,1,0.8213121,0.6236416,1,0
0.803891,0.6204237,1,1,1,1,0.8212242,0.6192064,1,0
0.8010253,0.6138244,1,1,1,1,0.8212169,0.6149217,1,0
0.7978851,0.6071317,1,1,1,1,1,0.6107756,0.6276481,0
0.8013548,0.6021962,1,1,1,1,1,0.6077614,0.619059,0
1,0.5973474,1,1,1,1,1,0.6051565,0.6109666,0
1,0.5927926,1,1,1,1,1,0.6030904,0.6032516,0
1,0.5883173,0.9925054,1,1,1,1,0.6014624,0.5960613,0
1,0.5839186,0.9831843,1,1,1,1,0.6002787,0.589384,0
1,0.5795974,0.9742101,1,1,1,1,1,0.5832086,0
1,0.5720592,0.9652426,1,1,1,1,0.8386804,0.5783528,0
1,0.5662996,0.9565455,1,1,1,1,0.7656912,0.5732173,0
1,0.5613405,0.948166,1,1,1,1,0.6939681,0.5682458,0
1,0.5571333,0.9402033,1,1,1,1,0.6790293,0.5635661,0
1,0.5529897,0.9325553,1,1,1,1,0.6808441,0.5593469,0
1,0.5489068,0.925216,1,1,1,1,0.6832036,0.5555836,0
1,0.5446993,0.9181129,1,1,1,1,0.6859649,0.5522752,0
1,0.5403231,0.9112061,1,1,1,1,0.6890913,0.549396,0
1,0.5357397,0.8312334,1,1,1,1,0.6925457,0.5469165,0
1,0.5306883,0.769942,1,1,1,1,1,0.5447924,0
1,0.5206449,0.7612238,1,1,1,1,1,0.5426209,0
1,0.5103738,0.7540385,1,1,1,1,1,0.5405053,0
1,0.4998842,0.748228,1,1,1,1,1,0.5384397,0
1,0.4891825,0.7436609,1,1,1,1,1,0.5364184,1
1,0.4782761,0.7402417,0.9990633,1,1,1,1,1,2
1,0.4602747,0.8059761,0.9899986,1,1,1,1,1,2
1,0.4430452,0.826711,0.9811641,1,1,1,1,1,2
0.7024214,0.4263963,0.8145112,0.9725641,1,1,1,1,1,2
0.6589576,0.4086428,0.8018605,0.9647871,0.9978417,1,1,1,1,2
0.6188222,0.3916317,0.7897035,0.957459,1,1,1,1,0.725627,2
0.5852684,0.3762547,0.7783935,0.9500104,1,1,1,1,0.6746085,2
0.5547111,0.3616387,0.7675034,0.9426559,1,1,1,1,0.6594697,2
0.5256959,0.3754776,0.7568819,0.9355617,1,1,1,1,0.648774,2
0.4984852,0.3928773,0.7465533,0.9286329,1,1,1,1,0.6439022,2
0.4728321,0.4113643,0.7364916,0.9218699,1,1,1,1,0.6419132,2
0.4485644,0.4310284,0.726676,0.9152633,1,1,1,1,0.6416215,2
0.4255578,0.4519209,0.7170894,0.9087974,1,1,1,1,0.6425412,2
0.4037078,0.4740814,0.8756622,0.9024539,1,1,1,1,0.644423,2
0.3829761,0.497424,0.8664629,0.8961859,1,1,1,1,0.6475706,2
0.3631682,0.5222255,0.8574767,0.8900323,1,1,1,1,0.6509482,2
0.3442242,0.548516,0.8486864,1,1,1,1,1,0.6546853,2
0.3256072,0.5782188,0.8401273,1,1,1,1,1,0.6545942,2
0.3134547,0.6096777,0.8317639,1,1,1,1,1,0.6556948,2
0.323865,0.642693,0.8235686,1,1,1,1,1,0.6582083,2
0.3343287,0.676133,0.8154753,1,1,1,1,1,0.6635584,2
0.3448443,0.6780735,0.8074571,1,1,1,1,1,0.6709777,2
0.35558,0.6664597,0.7995318,1,1,1,1,1,0.6788166,2
0.3666078,0.6551012,0.791702,1,1,1,1,1,0.6865588,2
0.3779167,0.6439925,0.7839621,1,1,1,1,1,0.6942651,2
0.3894961,0.6331201,0.7763007,1,1,1,1,1,0.7019998,2
0.401335,0.6224735,0.7687096,1,1,1,1,1,0.7097994,2
0.4134226,0.6120387,0.7611785,1,1,1,1,1,0.7177008,2
0.4257479,0.601808,0.7537036,1,1,1,1,1,0.7257115,2
0.4382997,0.5917677,0.7462757,1,1,1,1,1,0.7338518,2
0.4510714,0.5819046,0.738886,1,1,1,1,1,0.7421384,2
0.4640472,0.5722091,0.7315295,1,1,1,1,1,0.7505749,2
0.4772205,0.5626717,0.7242018,1,1,1,1,1,0.5046159,1
0.4845403,0.5546566,0.7155143,1,1,1,1,1,0.4979247,1
0.4915799,0.5466593,0.7067799,1,1,1,1,1,0.4912233,1
0.498349,0.538679,0.6980079,1,1,1,1,1,0.4845195,1
0.5048486,0.530709,0.6892013,1,1,1,1,1,0.4778268,1
0.5110908,0.537985,0.6803623,1,1,1,1,1,0.471152,0
0.5169806,0.5499047,0.6714779,1,1,1,1,1,0.464477,0
0.5224965,0.5604691,0.6625468,1,1,1,1,1,0.4578055,0
0.5276546,0.5697585,0.6535757,1,1,1,1,1,0.4511556,0
0.5324768,0.5778717,0.6445702,1,1,1,1,1,0.4445409,0
0.536989,0.5849188,0.6355414,1,1,1,1,1,0.437971,0
0.5412074,0.5909876,0.6264899,1,1,1,1,1,0.4314606,0
0.5451573,0.5961844,0.6174248,1,1,1,1,1,0.4263347,0
0.5488883,0.6006957,0.6083522,1,1,1,1,1,0.465551,0
0.5534723,0.6078432,0.5994028,1,1,1,1,1,0.5038995,1
0.5588304,0.6173488,0.5905553,1,1,1,1,1,0.5409321,1
0.5648968,0.61164,0.581791,1,1,1,1,1,1,2
0.5499884,0.5994454,1,1,1,1,1,1,1,2
0.5296856,0.5872754,1,1,1,1,1,1,1,2
0.5102562,0.5755047,1,1,1,1,1,1,1,2
0.4916975,0.5641419,1,1,1,1,1,1,1,2
0.4739909,0.5531851,1,1,1,1,1,1,1,2
0.4571103,0.5426281,1,1,1,1,1,1,1,2
0.4410326,0.5324677,1,1,1,1,1,1,1,2
0.4294564,0.5226917,1,1,1,1,1,1,1,2
0.4517041,0.5132939,1,1,1,1,1,1,1,2
0.4746641,0.5043102,1,1,1,1,1,1,1,2
0.4982666,0.4956906,1,1,1,1,1,1,1,2
0.522429,0.4873853,1,1,1,1,1,1,1,2
0.5470738,0.4793561,1,1,1,1,1,1,1,2
0.5452225,0.4715667,1,1,1,1,1,1,1,2
0.5333183,0.463965,1,1,1,1,1,1,1,2
0.5218003,0.476074,1,1,1,1,1,1,1,2
0.5106692,0.6781114,1,1,1,1,1,1,1,2
0.5000292,1,1,1,1,1,1,1,1,2
0.4898581,1,1,1,1,1,1,1,1,2
0.4799159,1,1,1,1,1,1,1,1,2
0.4702001,1,1,1,1,1,1,1,1,2
0.4607073,1,1,1,1,1,1,1,1,2
0.4514344,1,1,1,1,1,1,1,1,2
0.4423807,1,1,1,1,1,1,1,1,2
0.4335421,1,1,1,1,1,1,1,1,2
0.424911,1,1,1,1,1,1,1,1,2
0.4164861,1,1,1,1,1,1,1,1,2
0.4082629,1,1,1,1,1,1,1,1,2
0.4002333,1,1,1,1,1,1,1,1,2
0.3923958,1,1,1,1,1,1,1,1,2
0.4244666,1,1,1,1,1,1,1,1,2
0.4577892,1,1,1,1,1,1,1,1,2
0.4919343,1,1,1,1,1,1,1,1,2
0.5267853,1,1,1,1,1,1,1,1,2
0.5622059,1,1,1,1,1,1,1,1,2
0.5980601,1,1,1,1,1,1,1,1,2
0.6341948,1,1,1,1,1,1,1,1,2
0.6704721,1,1,1,1,1,1,1,1,2
0.7067413,1,1,1,1,1,1,1,1,1
1,1,1,1,1,1,1,1,1,1
1,1,1,1,1,1,1,1,1,1
1,1,1,1,1,1,1,1,1,1
1,1,1,1,1,1,1,1,1,1
1,1,1,1,1,1,1,1,1,1
1,1,1,1,1,1,1,1,1,1
1,1,1,1,1,1,1,1,1,1
1,1,1,1,1,1,1,1,1,1
1,1,1,1,1,1,1,1,1,1
1,1,1,1,1,1,1,1,1,1
1,1,1,1,1,1,1,1,1,1
1,1,1,1,1,1,1,1,1,1
1,1,1,1,1,1,1,1,1,1
1,1,1,1,1,1,1,1,1,1
1,1,1,1,1,1,1,1,1,1
1,1,1,1,1,1,1,1,1,1
1,1,1,1,1,1,1,1,1,1
1,1,1,1,1,1,1,1,1,1
1,1,1,1,1,1,1,1,1,1
1,1,1,1,1,1,1,1,1,1
1,1,1,1,1,1,1,1,1,1
1,1,1,1,1,1,1,1,1,1
1,1,1,1,1,1,1,1,1,1
1,1,1,1,1,1,1,1,1,1
1,1,1,1,1,1,1,1,1,1
1,1,1,1,1,1,1,1,1,1
1,1,1,1,1,1,1,1,1,1
1,1,1,1,1,1,1,1,1,1
1,1,1,1,1,1,1,1,1,1
1,1,1,1,1,1,1,1,1,1
1,1,1,1,1,1,1,1,1,1
1,1,1,1,1,1,1,1,1,1
1,1,1,1,1,1,1,1,1,1
1,1,1,1,1,1,1,1,1,1
1,1,1,1,1,1,1,1,1,1
1,1,1,1,1,1,1,1,1,1
1,1,1,1,1,1,1,1,1,1
1,1,1,1,1,1,1,1,1,1
1,1,1,1,1,1,1,1,1,1
1,1,1,1,1,1,1,1,1,1
1,1,1,1,1,1,1,1,1,1
1,1,1,1,1,1,1,1,1,1
1,1,1,1,1,1,1,1,1,1
1,1,1,1,1,1,1,1,1,1
1,1,1,1,1,1,1,1,1,1
1,1,1,1,1,1,1,1,1,1
1,1,1,1,1,1,1,1,1,1
1,1,1,1,1,1,1,1,1,1
1,1,1,1,1,1,1,1,1,1
1,1,1,1,1,1,1,1,1,1
1,1,1,1,1,1,1,1,1,1
1,1,1,1,1,1,1,1,1,1
1,1,1,1,1,1,1,1,1,1
1,1,1,1,1,1,1,1,1,1
1,1,1,1,1,1,1,1,1,1
1,1,1,1,1,1,1,1,1,1
1,1,1,1,1,1,1,1,1,1
1,1,1,1,1,1,1,1,1,1
1,1,1,1,1,1,1,1,1,1
1,1,1,1,1,1,1,1,1,1
1,1,1,1,1,1,1,1,1,1
1,1,1,1,1,1,1,1,1,1
1,1,1,1,1,1,1,1,1,1
1,1,1,1,1,1,1,1,1,1
1,1,1,1,1,1,1,1,1,1
1,1,1,1,1,1,1,1,1,1
1,1,1,1,1,1,1,1,1,1
1,1,1,1,1,1,1,1,1,1
1,1,1,1,1,1,1,1,1,1
1,1,1,1,1,1,1,1,1,1
1,1,1,1,1,1,1,1,0.9924566,1
1,1,1,1,1,1,1,1,0.9808621,1
1,1,1,1,1,1,1,1,0.9689601,1
1,1,1,1,1,1,1,1,0.9567588,1
1,1,1,1,1,1,1,1,1,1
1,1,1,1,1,0.9741767,1,1,1,1
1,1,1,1,1,0.9639899,1,1,1,1
1,1,1,1,1,0.9537914,1,1,1,1
1,1,1,1,1,0.9435818,1,1,1,1
1,1,1,1,1,0.9333614,1,1,1,1
1,1,1,1,1,0.9231309,1,1,1,1
1,1,1,1,1,0.9128909,0.9913207,1,1,1
1,1,1,1,1,0.9026179,0.9799442,1,1,1
1,1,1,1,1,0.8923067,0.9684557,1,1,1
1,1,1,1,1,0.8819596,0.9568605,1,1,1
1,1,1,1,1,0.871579,0.945165,1,1,1
1,1,1,1,1,0.8611677,0.9333755,1,1,1
1,1,1,1,1,0.850729,0.9214994,1,1,1
1,1,1,1,1,0.8402659,0.9095439,1,1,1
1,1,1,1,1,0.829785,0.8975204,1,1,1
1,1,1,1,1,0.8192866,0.8854338,1,1,1
1,1,1,1,1,0.8087745,0.8732923,1,1,1
1,1,1,1,1,0.798252,0.8611046,1,1,1
1,1,1,1,1,0.787726,0.8488823,1,1,1
1,1,1,1,1,0.777197,0.8366307,1,1,1
1,1,1,1,1,0.7666684,0.8243585,1,1,0
1,1,1,1,1,0.7561468,0.8120767,1,1,0
1,1,1,1,1,0.7456353,0.7997939,1,1,0
1,1,1,1,1,0.7351338,0.7875143,1,1,0
1,1,1,1,1,0.7246485,0.7752488,1,1,0
1,1,1,1,1,0.7141817,0.7630042,1,1,0
1,1,1,1,1,0.7037359,0.7507873,1,1,0
1,1,1,1,1,0.6933134,0.7386041,1,1,0
1,1,1,1,1,0.6829157,0.7264605,1,1,0
1,1,1,1,0.9987144,0.7104926,0.7143646,1,1,0
1,1,1,1,0.9891547,0.7623925,0.7023576,1,1,0
1,1,1,1,0.9796041,0.8197604,0.6904677,1,1,0
1,1,1,1,0.9700567,0.8831955,0.6786867,1,1,0
1,1,1,1,0.9605122,0.9534121,0.667013,1,1,0
1,1,1,1,0.9509646,0.9480154,0.6554384,1,1,0
1,1,1,1,0.9414395,0.9377595,0.6439084,1,1,0
1,1,1,1,0.9319372,0.9275327,0.6324227,1,1,0
1,1,1,1,0.9224528,0.917333,0.6209813,1,1,0
1,1,1,1,0.9129879,0.907164,0.60959,0.7919208,1,0
1,1,1,1,0.9042594,0.8968062,0.5971448,0.7707658,1,0
1,1,1,1,0.8956779,0.8865649,0.5847958,0.7498573,1,0
1,1,1,1,0.8872452,0.8764527,0.5725638,0.7292588,1,0
1,1,1,1,0.8789581,0.8664764,0.5604636,0.7090198,1,0
1,1,1,1,0.8708138,0.8566431,0.54851,0.6891851,1,0
1,1,1,1,0.8628041,0.8469539,0.5367116,0.6697863,1,0
1,1,1,1,0.8549215,0.8374103,0.5250771,0.6508502,1,0
1,1,1,1,0.8471535,0.8280087,0.5136096,0.6323916,1,0
1,1,1,1,0.8394896,0.8187454,0.5023127,0.6144224,1,0
1,1,1,1,0.8319139,0.8096126,0.4911843,0.5969437,1,0
1,1,1,1,0.8244136,0.8006035,0.5348383,0.5799553,1,0
1,1,1,1,0.8168758,0.791674,0.5848064,0.5636081,1,0
1,1,1,1,1,0.7828044,0.6399128,0.547856,1,0
1,1,1,1,1,0.7741715,0.7107614,0.5318899,1,0
1,1,1,1,1,0.7656063,0.7669383,0.5164956,1,0
1,1,1,1,1,0.7571059,0.7562067,0.5015818,1,0
1,1,1,1,1,0.7487034,0.7456409,0.4869993,1,0
1,1,1,1,1,0.7403873,0.7352346,0.4727403,1,0
1,1,1,1,1,0.7321519,0.7249861,0.4588019,0.6964755,0
1,1,1,1,1,0.725413,0.7143534,0.4426393,0.6601687,0
1,1,1,1,1,0.7190172,0.7041424,0.4271284,0.6263165,0
1,1,1,1,1,0.7129625,0.6943415,0.4122328,0.5946885,0
1,1,1,1,1,0.7072503,0.684943,0.3979223,0.565087,0
1,1,1,1,1,1,0.6759374,0.3841657,0.5373334,0
1,1,1,1,1,1,0.6673158,0.3709342,0.5112695,0
1,1,1,1,1,1,0.6590733,0.4018145,0.4867597,0
1,1,1,1,1,1,0.651203,0.4377084,0.4636785,0
1,1,1,1,1,1,0.6436985,0.4785421,0.4419142,0
1,1,1,1,1,1,0.6365545,0.5252869,0.4213665,0
1,1,1,1,1,1,0.6297696,0.5791754,0.4019496,0
1,1,1,1,1,1,0.6232306,0.639446,0.383922,0
1,1,1,1,1,1,0.6168655,0.628692,0.3671792,0
1,1,1,1,1,1,0.6107332,0.6174238,0.3513296,0
1,1,1,1,1,1,1,0.6066339,0.3363091,0
1,1,1,1,1,1,1,0.5958812,0.3352268,0
1,1,1,1,1,1,1,0.5856799,0.3555037,0
1,1,1,1,1,1,1,0.5760251,0.3766941,0
1,1,1,1,1,1,1,0.5668546,0.3987536,0
1,1,1,1,1,1,1,0.558104,0.4216289,0
1,1,1,1,1,1,1,0.5497192,0.4452511,0
1,1,1,1,1,1,1,0.5416556,0.4695488,0
1,1,1,1,1,1,1,0.5338675,0.4944418,0
1,1,1,1,1,1,1,0.5263206,0.5198432,0
1,1,1,1,1,1,1,0.5189821,0.5456663,0
1,1,1,1,1,1,1,0.5118228,0.5718129,0
1,1,1,1,1,1,1,0.5048168,0.5687501,0
1,1,1,1,1,1,1,0.4979348,0.5585276,0
1,1,1,1,1,1,1,0.4911718,0.5485646,0
1,1,1,1,1,1,1,0.4845214,0.5388513,0
1,1,1,1,1,1,1,0.4779799,0.5293809,0
1,1,1,1,1,1,1,1,0.5201428,0
1,1,1,1,1,1,1,1,0.5111302,0
1,1,1,1,1,1,1,1,0.5022935,0
1,1,1,1,1,1,1,1,0.4936343,0
1,1,1,1,1,1,1,1,0.4851505,0
1,1,1,1,1,1,1,1,0.4768365,0
1,1,1,1,1,1,1,1,0.4686933,0
1,1,1,1,1,1,1,1,0.4607183,0
1,1,1,1,1,1,1,1,0.4529085,0
1,1,1,1,1,1,1,1,0.4452611,0
1,1,1,1,1,1,1,1,0.4377731,0
1,1,1,1,1,1,1,1,0.4304414,0
1,1,1,1,1,1,1,1,0.4232595,0
1,1,1,1,1,1,1,1,0.4162276,0
1,1,1,1,1,1,1,1,0.4093425,0
1,1,1,1,1,1,1,1,0.4025978,0
1,1,1,1,1,1,1,1,0.4340857,0
1,1,1,1,1,1,1,1,0.4730785,0
1,1,1,1,1,1,1,0.9710594,0.5129668,0
1,1,1,1,1,1,1,0.9010341,0.5532492,0
1,1,1,1,1,1,1,0.8964573,0.5930914,1
1,1,1,1,1,1,1,0.8918416,0.6329902,1
1,1,1,1,1,1,1,0.8871818,0.672748,1
1,1,1,1,1,1,1,0.8824709,0.7121586,1
1,1,1,1,1,1,1,0.8777059,0.7510226,1
1,1,1,1,1,1,1,0.8728819,0.7891495,1
1,1,1,1,1,1,1,0.8679973,1,1
1,1,1,1,1,1,1,0.8627514,1,1
1,1,1,1,1,1,1,0.8574939,1,1
1,1,1,1,1,1,1,0.852225,1,1
1,1,1,1,1,1,1,0.8469451,1,1
1,1,1,1,1,1,1,0.8416544,1,1
1,1,1,1,1,1,1,0.8363531,1,1
1,1,1,1,1,1,1,0.8310413,1,1
1,1,1,1,1,1,1,0.8257164,1,1
1,1,1,1,1,1,1,0.8203815,1,1
1,1,1,1,1,1,1,0.815037,1,1
1,1,1,1,1,1,1,0.8096798,1,1
1,1,1,1,1,1,1,0.8043135,1,1
1,1,1,1,1,1,1,0.7989349,1,1
1,1,1,1,1,1,1,0.7935445,1,1
1,1,1,1,1,1,1,0.7881425,1,1
1,1,1,1,1,1,1,0.782732,1,1
1,1,1,1,1,1,1,0.7773101,1,1
1,1,1,1,1,1,1,0.7718772,1,1
1,1,1,1,1,1,1,0.7664334,1,1
1,1,1,1,1,1,1,0.7609789,1,1
1,1,1,1,1,1,1,0.7555138,1,1
1,1,1,1,1,1,1,0.7500353,1,1
1,1,1,1,1,1,1,0.7445465,1,1
1,1,1,1,1,1,1,0.7390476,1,1
1,1,1,1,1,1,1,0.733539,1,1
1,1,1,1,1,1,1,0.7280174,1,1
1,1,1,1,1,1,1,0.7224862,1,1
1,1,1,1,1,1,1,0.7169455,1,1
1,1,1,1,1,1,1,0.7113923,1,1
1,1,1,1,1,1,1,0.70583,1,1
1,1,1,1,1,1,1,0.7002554,1,1
1,1,1,1,1,1,1,0.6946718,1,1
1,1,1,1,1,1,1,0.6890761,1,1
1,1,1,1,1,1,1,0.6834716,0.7122066,1
1,1,1,1,1,1,1,0.678202,0.7060753,1
1,1,1,1,1,1,1,0.6729508,0.6999739,1
1,1,1,1,1,1,1,0.6677149,0.6938998,1
1,1,1,1,1,1,1,0.6624969,0.6878562,1
1,1,1,1,1,1,1,0.6572968,0.6818436,1
1,1,1,1,1,1,1,1,0.6758589,1
1,1,1,1,1,1,1,1,0.6695135,1
1,1,1,1,1,1,1,1,0.6632242,1
1,1,1,1,1,1,1,1,0.6569946,1
1,1,1,1,1,1,1,1,0.6508219,1
1,1,1,1,1,1,1,1,0.6447095,1
1,1,1,1,1,1,1,1,0.6386546,1
1,1,1,1,1,1,1,1,0.6326606,1
1,1,1,1,1,1,1,1,0.6267244,1
1,1,1,1,1,1,1,1,0.6208491,1
1,1,1,1,1,1,1,1,0.6150349,1
1,1,1,1,1,1,1,1,0.6092786,1
1,1,1,1,1,1,1,1,0.6035832,1
1,1,1,1,1,1,1,1,0.5979486,1
1,1,1,1,1,1,1,1,0.5923746,1
1,1,1,1,1,1,1,1,0.5868578,1
1,1,1,1,1,1,1,1,0.5814012,1
1,1,1,1,1,1,1,1,0.5760045,1
1,1,1,1,1,1,1,1,0.5706642,1
1,1,1,1,1,1,1,1,0.5653831,1
1,1,1,1,1,1,1,1,0.560161,1
1,1,1,1,1,1,1,1,0.5549942,1
1,1,1,1,1,1,1,1,0.5498854,1
1,1,1,1,1,1,1,1,0.5452784,1
1,1,1,1,1,1,1,1,0.6003287,1
1,1,1,1,1,1,1,1,0.6558517,1
1,1,1,1,1,1,1,1,0.7114803,1
1,1,1,1,1,1,1,1,0.7668608,1
1,1,1,1,1,1,1,1,0.8216105,1
1,1,1,1,1,1,1,1,0.8753937,1
1,1,1,1,1,1,1,1,1,1
1,1,1,1,1,1,1,1,1,1
1,1,1,1,1,1,1,1,1,1
1,1,1,1,1,1,1,1,1,1
1,1,1,1,1,1,1,1,1,1
1,1,1,1,1,1,1,1,1,1
1,1,1,1,1,1,1,1,1,1
1,1,1,1,1,1,1,1,1,1
1,1,1,1,1,1,1,1,1,1
1,1,1,1,1,1,1,1,1,1
1,1,1,1,1,1,1,1,1,1
1,1,1,1,1,1,1,1,1,1
1,1,1,1,1,1,1,1,1,1
1,1,1,1,1,1,1,1,1,1
1,1,1,1,1,1,1,1,1,1
1,1,1,1,1,1,1,1,1,1
1,1,1,1,1,1,1,1,1,1
1,1,1,1,1,1,1,1,1,1
1,1,1,1,1,1,1,1,1,1
1,1,1,1,1,1,1,1,1,1
1,1,1,1,1,1,1,1,1,1
1,1,1,1,1,1,1,1,1,1
1,1,1,1,1,1,1,1,1,1
1,1,1,1,1,1,1,1,1,1
1,1,1,1,1,1,1,1,1,1
1,1,1,1,1,1,1,1,1,1
1,1,1,1,1,1,1,1,1,1
1,1,1,1,1,1,1,1,1,1
1,1,1,1,1,1,1,1,1,1
1,1,1,1,1,1,1,1,1,1
1,1,1,1,1,1,1,1,1,1
1,1,1,1,1,1,1,1,0.996546,1
1,1,1,1,1,1,1,1,0.9921073,1
1,1,1,1,1,1,1,1,0.987662,1
1,1,1,1,1,1,1,1,0.9832134,1
1,1,1,1,1,1,1,1,0.9787585,1
1,1,1,1,1,1,1,1,0.9743005,1
1,1,1,1,1,1,1,1,0.9698364,1
1,1,1,1,1,1,1,1,0.9653693,1
1,1,1,1,1,1,1,1,0.9608995,1
1,1,1,1,1,1,1,1,0.9564271,1
1,1,0.9969004,1,1,1,1,1,0.9519523,1
1,1,0.987885,1,1,1,1,1,0.9474951,1
1,1,0.9788736,1,1,1,1,1,0.9433247,1
1,1,0.9698695,1,1,1,1,1,0.9895235,1
1,1,0.9608811,0.9984775,1,1,1,1,1,1
1,1,0.9519075,0.9896052,1,1,1,1,1,1
1,1,0.9429604,0.9809462,1,1,1,1,1,1
1,1,0.9340445,0.9724978,1,1,1,1,1,1
1,1,0.9251711,0.9642648,1,1,1,1,1,2
1,1,0.9163469,0.9562472,1,1,1,1,1,2
1,1,0.9075855,0.9484527,1,1,1,1,1,2
1,1,0.8988981,0.9408862,1,1,1,1,1,2
1,1,0.8902963,0.9335538,1,1,1,1,1,2
1,1,0.8817925,0.9264623,1,1,1,1,1,2
1,1,0.8733991,1,1,1,1,1,1,2
1,1,0.8649249,1,1,1,1,1,1,2
1,1,0.8565186,1,1,1,1,1,1,2
1,1,0.8481835,1,1,1,1,1,1,2
1,1,0.8399297,1,1,1,1,1,1,2
1,1,0.8317604,1,1,1,1,1,1,2
1,1,0.8236796,1,1,1,1,1,1,2
1,1,0.815697,1,1,1,1,1,1,2
1,1,0.8078161,1,1,1,1,1,1,2
1,1,0.8000435,1,1,1,1,1,1,2
1,1,0.7923828,1,1,1,1,1,1,2
1,1,0.7848405,1,1,1,1,1,1,2
1,1,0.7774227,1,1,1,1,1,1,2
1,1,0.7701358,1,1,1,1,1,1,2
1,1,0.7629859,1,1,1,1,1,1,2
1,0.7699686,0.7559758,1,1,1,1,1,1,2
1,0.7578674,0.7505215,1,1,1,1,1,1,2
1,0.7461675,0.7455515,1,1,1,1,1,1,2
1,0.7349015,0.7410942,1,1,1,1,1,1,2
1,0.7241585,1,1,1,1,1,1,1,2
1,0.7150059,1,1,1,1,1,1,1,2
1,0.7060135,1,1,1,1,1,1,1,2
1,0.6971954,1,1,1,1,1,1,1,2
1,0.6885591,1,1,1,1,1,1,1,2
1,0.6801181,1,1,1,1,1,1,1,2
1,0.6718824,1,1,1,1,1,1,1,2
1,0.6638615,1,1,1,1,1,1,0.9911768,2
1,0.6560768,1,1,1,1,1,1,0.9816332,2
1,0.6485296,1,1,1,1,1,1,0.9723037,2
1,0.6412194,1,1,1,1,1,1,0.9632099,2
1,0.634151,1,1,1,1,1,1,0.9543573,2
0.6987444,0.627323,1,1,1,1,1,1,0.9457605,2
0.6846994,0.6207749,1,1,1,1,1,1,0.9284955,2
0.6713996,0.6146606,1,1,1,1,1,1,0.9123541,2
0.6588132,0.6089755,1,1,1,1,1,1,0.8972273,2
0.6469107,0.6037158,1,1,1,1,1,1,0.8830205,2
0.635662,0.5988757,1,1,1,1,1,1,0.8696545,2
0.6250454,1,1,1,1,1,1,1,0.8570504,2
0.6169598,1,1,1,1,1,1,1,0.8547443,2
0.6090507,1,1,1,1,1,1,1,0.8522125,2
0.60133,1,1,1,1,1,1,1,0.8494768,2
0.5938024,1,1,1,1,1,1,1,0.846567,2
0.5864782,1,1,1,1,1,1,1,0.8435019,2
0.5793607,1,1,1,1,1,1,1,0.8403085,2
0.5724559,1,1,1,1,1,1,1,0.8370062,2
0.5657691,1,1,1,1,1,1,1,0.8336142,2
0.5593017,1,1,1,1,1,1,1,0.8301535,2
0.5530583,1,1,1,1,1,1,1,0.8266395,2
0.5470425,1,1,1,1,1,1,1,0.8230859,2
0.5412575,1,1,1,1,1,1,1,0.8195056,2
0.5357034,1,1,1,1,1,1,1,0.8171234,2
0.5303761,1,1,1,1,1,1,1,0.8159294,2
0.5414352,1,1,1,1,1,1,1,0.814918,2
0.663577,1,1,1,1,1,1,1,0.8133956,2
0.7789713,1,1,1,1,1,1,1,0.8063818,1
0.8722889,1,1,1,1,1,1,1,0.8083712,1
1,1,1,1,1,1,1,1,0.8137506,0
1,1,1,1,1,1,1,1,0.8224143,0
1,1,1,1,1,1,1,1,0.8310578,0
1,1,1,1,1,1,1,1,0.83967,0
1,1,1,1,1,1,1,1,0.8482394,0
1,1,1,1,1,1,1,1,0.8567513,0
1,1,1,1,1,1,1,1,0.8652032,0
1,1,1,1,1,1,1,1,0.8735808,1
1,1,1,1,1,1,1,1,0.8818741,1
1,1,1,1,1,1,1,1,0.8900743,1
1,1,1,1,1,1,1,1,0.8981757,1
1,1,1,1,1,1,1,1,0.9061702,1
1,1,1,1,1,1,1,1,0.9140494,1
1,1,1,1,1,1,1,1,0.9218055,1
1,1,1,1,1,1,1,1,0.9294313,1
1,1,1,1,1,1,1,1,0.9369242,1
1,1,1,1,1,1,1,1,0.9442774,1
1,1,1,1,1,1,1,1,1,1
1,1,1,1,1,1,1,1,1,1
1,1,1,1,1,1,1,1,1,1
1,1,1,1,1,1,1,1,1,1
1,1,1,1,1,1,1,1,1,1
1,1,1,1,1,1,1,1,1,1
1,1,1,1,1,1,1,1,1,1
1,1,1,1,1,1,1,1,1,1
1,1,1,1,1,1,1,1,1,1
1,1,1,1,1,1,1,1,1,1
1,1,1,1,1,1,1,1,1,1
1,1,1,1,1,1,1,1,1,1
1,1,1,1,1,1,1,1,1,1
1,1,1,1,1,1,1,1,1,1
1,1,1,1,1,1,1,1,1,1
1,1,1,1,1,1,1,1,1,1
1,1,1,1,1,1,1,1,1,1
1,1,1,1,1,1,1,1,1,1
1,1,1,1,1,1,1,1,1,1
1,1,1,1,1,1,1,1,1,1
1,1,1,1,1,1,1,1,1,1
1,1,1,1,1,1,1,1,1,1
1,1,1,1,1,1,1,1,1,1
1,1,1,1,1,1,1,1,1,1
1,1,1,1,1,1,1,1,1,1
1,1,1,1,1,1,1,1,1,1
1,1,1,1,1,1,1,1,1,1
1,1,1,1,1,1,1,1,1,1
1,1,1,1,1,1,1,1,1,1
1,1,1,1,1,1,1,1,1,1
1,1,1,1,1,1,1,1,1,1
1,1,1,1,1,1,1,1,1,1
1,1,1,1,1,1,1,1,1,1
1,1,1,1,1,1,1,1,1,1
1,1,1,1,1,1,1,1,1,1
1,1,1,1,1,1,1,1,1,1
1,1,1,1,1,1,1,1,1,1
1,1,1,1,1,1,1,1,1,1
1,1,1,1,1,1,1,1,1,1
1,1,1,1,1,1,1,1,1,1
1,1,1,1,1,1,1,1,1,1
1,1,1,1,1,1,1,1,1,1
1,1,1,1,1,1,1,1,1,1
1,1,1,1,1,1,1,1,1,1
1,1,1,1,1,1,1,1,1,1
1,1,1,1,1,1,1,1,1,1
1,1,1,1,1,1,1,1,1,1
1,1,1,1,1,1,1,1,1,1
1,1,1,1,1,1,1,1,1,1
1,1,1,1,1,1,1,1,1,1
1,1,1,1,1,1,1,1,1,1
1,1,1,1,1,1,1,1,1,1
1,1,1,1,1,1,1,1,1,1
1,1,1,1,1,1,1,1,1,1
1,1,1,1,1,1,1,1,1,1
1,1,1,1,1,1,1,1,1,1
1,1,1,1,1,1,1,1,1,1
1,1,1,1,1,1,1,1,1,1
1,1,1,1,1,1,1,1,1,1
1,1,1,1,1,1,1,1,1,1
1,1,1,1,1,1,1,1,1,1
1,1,1,1,1,1,1,1,1,1
1,1,1,1,1,1,1,1,1,1
1,1,1,1,1,1,1,1,1,1
1,1,1,1,1,1,1,1,1,1
1,1,1,1,1,1,1,1,1,1
1,1,1,1,1,1,1,1,1,1
1,1,1,1,1,1,1,1,1,1
1,1,1,1,1,1,1,1,1,1
1,1,1,1,1,1,1,1,1,1
1,1,1,1,1,1,1,1,1,1
1,1,1,1,1,1,1,1,1,1
1,1,1,1,1,1,1,1,1,1
1,1,1,1,1,1,1,1,1,1
1,1,1,1,1,1,1,1,1,1
1,1,1,1,1,1,1,1,1,1
1,1,1,1,1,1,1,1,1,1
1,1,1,1,1,1,1,1,1,1
1,1,1,1,1,1,1,1,1,1
1,1,1,1,1,1,1,1,1,1
1,1,1,1,1,1,1,1,1,1
1,1,1,1,1,1,1,1,1,1
1,1,1,1,1,1,1,1,1,1
1,1,1,1,1,1,1,1,1,1
1,1,1,1,1,1,1,1,1,1
1,1,1,1,1,1,1,1,1,1
1,1,1,1,1,1,1,1,1,1
1,1,1,1,1,1,1,1,1,1
1,1,1,1,1,1,1,1,1,1
1,1,1,1,1,1,1,1,1,1
1,1,1,1,1,1,1,1,1,1
1,1,1,1,1,1,1,1,1,1
1,1,1,1,0.9940938,1,1,1,1,1
1,1,1,1,0.9843119,1,1,1,1,1
1,1,1,1,0.9748923,1,1,1,1,1
1,1,1,1,0.9658184,1,1,1,1,1
1,1,1,1,0.9570686,1,1,1,1,1
1,1,1,0.9961653,0.9486228,1,1,1,1,1
1,1,1,0.9843341,0.9406525,1,1,1,1,1
1,1,1,0.9722136,0.9335178,1,1,1,1,1
1,1,1,0.9598253,0.9272014,1,1,1,1,1
1,1,1,0.9471878,0.921675,1,1,1,1,1
1,1,1,0.9343203,0.9169286,1,1,1,1,1
1,1,1,0.9212463,0.9129537,1,1,1,1,1
1,1,1,0.9079859,0.909731,1,1,1,1,1
1,1,1,0.8945628,0.9072508,1,1,1,1,1
1,1,1,0.8809968,0.9055053,1,1,1,1,2
1,1,1,0.8673113,0.9044966,1,1,1,1,2
1,1,1,0.8535288,0.9042138,1,1,1,1,2
1,1,1,0.8396673,0.9046556,0.9949845,1,1,1,2
1,1,1,0.8257216,0.9059258,0.9842767,1,1,1,2
1,1,1,0.811687,0.9081413,0.9735236,1,1,1,2
1,1,0.9962186,0.7975876,0.9113018,0.9627357,1,1,1,2
1,1,0.9756368,0.7833918,0.9156793,0.9519013,1,1,1,2
1,1,0.9544274,0.7688832,0.9224833,0.9409321,1,1,1,2
1,1,0.9327172,0.7541187,0.931841,0.9298565,1,1,1,2
1,1,0.9106413,0.7391609,0.9438998,0.9187074,1,1,1,2
1,1,0.8883236,0.7240654,0.9588202,0.9075114,1,1,1,2
1,1,0.8658965,0.7088965,0.976787,0.8963033,1,1,1,2
1,1,0.843476,0.6937086,0.9980106,0.8851101,1,1,1,2
1,1,0.8211716,0.6785551,1,0.8739589,1,1,1,2
1,1,0.7988555,0.6872718,1,0.8628357,1,1,1,2
1,1,0.7769365,0.6977706,1,0.9158899,1,1,1,2
1,1,0.755677,0.7089684,1,1,1,1,1,2
1,1,0.7351196,0.7207223,1,1,1,1,1,2
1,1,0.7149753,0.7336653,0.8447778,1,1,1,1,2
1,1,0.6943192,0.7506841,0.831748,1,1,1,1,2
1,1,0.674203,0.7693483,0.8189314,1,1,1,1,2
1,1,0.6546356,0.7897242,0.8063339,1,1,1,1,2
1,1,0.6356147,0.8118733,0.7939548,1,1,1,1,2
1,1,0.6171348,0.8358508,0.7817928,1,1,1,1,2
1,1,0.5991855,0.8617123,0.7698435,1,1,1,1,2
1,1,0.5817515,0.8895239,0.7581002,1,1,1,1,2
1,1,0.5648149,0.9193521,0.7465544,1,1,1,1,2
1,1,0.5483515,1,0.735193,1,1,1,1,2
1,1,0.5446027,1,0.7240615,1,1,1,1,2
1,0.7984398,0.5527138,1,0.7362764,1,1,1,1,2
1,0.7598277,0.5677487,0.7247051,1,1,1,1,1,2
1,0.7209226,0.5869109,0.7104819,1,1,1,1,1,2
1,0.6840801,0.6086929,0.6966258,1,1,1,1,1,2
1,0.6495014,0.6330131,0.6831967,1,1,1,1,1,2
1,0.6169878,0.6602007,0.6701772,1,1,1,1,1,2
1,0.5863586,0.6906787,0.657553,1,1,1,1,1,2
1,0.5574876,0.7248515,0.6453153,1,1,1,1,1,2
1,0.5303963,0.7626945,0.6582272,1,1,1,1,1,2
1,0.5050284,0.8041917,1,1,1,1,1,1,2
1,0.4818971,1,1,1,1,1,1,1,2
1,0.4608598,1,1,1,1,1,1,1,2
1,0.4404139,0.6196392,1,1,1,1,1,1,2
1,0.4368608,0.6051995,1,1,1,1,1,1,2
0.7347227,0.4496574,0.5912979,1,1,1,1,1,1,2
0.6792999,0.4637958,0.5777875,1,1,1,1,1,1,2
0.6289276,0.4792129,0.5647162,1,1,1,1,1,1,2
0.5829579,0.4960222,0.5520678,1,1,1,1,1,1,2
0.5408434,0.5143588,0.5398241,1,1,1,1,1,1,2
0.5021235,0.5343708,0.5844232,1,1,1,1,1,1,2
0.4664146,0.5562342,1,1,1,1,1,1,1,2
0.4333834,0.5801511,1,1,1,1,1,1,1,2
0.4027495,0.6063493,1,1,1,1,1,1,1,2
0.3874299,0.6350938,1,1,1,1,1,1,1,2
0.3977811,0.6667067,1,1,1,1,1,1,1,2
0.4088744,1,1,1,1,1,1,1,1,2
0.4203156,0.5077121,1,1,1,1,1,1,1,2
0.432993,0.4925473,1,1,1,1,1,1,1,2
0.4465641,0.4779932,1,1,1,1,1,1,1,2
0.4610925,0.4640158,1,1,1,1,1,1,1,2
0.4766409,0.4505897,1,1,1,1,1,1,1,2
0.493287,0.4376917,1,1,1,1,1,1,1,2
0.5111176,0.458272,1,1,1,1,1,1,1,2
0.5302207,0.5047228,1,1,1,1,1,1,1,2
0.5500222,1,1,1,1,1,1,1,1,2
0.566346,1,1,1,1,1,1,1,1,2
0.5829593,1,1,1,1,1,1,1,1,2
0.5998334,1,1,1,1,1,1,1,1,2
0.4542235,1,1,1,1,1,1,1,1,2
0.4387244,1,1,1,1,1,1,1,1,2
0.4237314,1,1,1,1,1,1,1,1,2
0.4092409,1,1,1,1,1,1,1,1,2
0.3952429,1,1,1,1,1,1,1,1,2
0.3817296,1,1,1,1,1,1,1,1,2
0.3954378,1,1,1,1,1,1,1,1,2
0.4160238,1,1,1,1,1,1,1,1,2
0.4372624,1,1,1,1,1,1,1,1,2
0.4591154,1,1,1,1,1,1,1,1,2
1,1,1,1,1,1,1,1,1,1
1,1,1,1,1,1,1,1,1,1
1,1,1,1,1,1,1,1,1,1
1,1,1,1,1,1,1,1,1,1
1,1,1,1,1,1,1,1,1,1
1,1,1,1,1,1,1,1,1,1
1,1,1,1,1,1,1,1,1,1
1,1,1,1,1,1,1,1,1,1
1,1,1,1,1,1,1,1,1,1
1,1,1,1,1,1,1,1,1,1
1,1,1,1,1,1,1,1,1,1
1,1,1,1,1,1,1,1,1,1
1,1,1,1,1,1,1,1,1,1
1,1,1,1,1,1,1,1,1,1
1,1,1,1,1,1,1,1,1,1
1,1,1,1,1,1,1,1,1,1
1,1,1,1,1,1,1,1,1,1
1,1,1,1,1,1,1,1,1,1
1,1,1,1,1,1,1,1,1,1
1,1,1,1,1,1,1,1,1,1
1,1,1,1,1,1,1,1,1,1
1,1,1,1,1,1,1,1,1,1
1,1,1,1,1,1,1,1,1,1
1,1,1,1,1,1,1,1,1,1
1,1,1,1,1,1,1,1,1,1
1,1,1,1,1,1,1,1,1,1
1,1,1,1,1,1,1,1,1,1
1,1,1,1,1,1,1,1,1,1
1,1,1,1,1,1,1,1,1,1
1,1,1,1,1,1,1,1,1,1
1,1,1,1,1,1,1,1,1,1
1,1,1,1,1,1,1,1,1,1
1,1,1,1,1,1,1,1,1,1
1,1,1,1,1,1,1,1,1,1
1,1,1,1,1,1,1,1,1,1
1,1,1,1,1,1,1,1,1,1
1,1,1,1,1,1,1,1,1,1
1,1,1,1,1,1,1,1,1,1
1,1,1,1,1,1,1,1,1,1
1,1,1,1,1,1,1,1,1,1
1,1,1,1,1,1,1,1,1,1
1,1,1,1,1,1,1,1,1,1
1,1,1,1,1,1,1,1,1,1
1,1,1,1,1,1,1,1,1,1
1,1,1,1,1,1,1,1,1,1
1,1,1,1,1,1,1,1,1,1
1,1,1,1,1,1,1,1,1,1
1,1,1,1,1,1,1,1,1,1
1,1,1,1,1,1,1,1,1,1
1,1,1,1,1,1,1,1,1,1
1,1,1,1,1,1,1,1,1,1
1,1,1,1,1,1,1,1,1,1
1,1,1,1,1,1,1,1,1,1
1,1,1,1,1,1,1,1,1,1
1,1,1,1,1,1,1,1,1,1
1,1,1,1,1,1,1,1,1,1
1,1,1,1,1,1,1,1,1,1
1,1,1,1,1,1,1,1,1,1
1,1,1,1,1,1,1,1,1,1
1,1,1,1,1,1,1,1,1,1
1,1,1,1,1,1,1,1,1,1
1,1,1,1,1,1,1,1,1,1
1,1,1,1,1,1,1,1,0.9958992,1
1,1,1,1,1,1,1,1,0.9566675,1
1,1,1,1,1,1,1,1,0.9120899,1
1,1,1,1,1,1,1,1,0.8947953,0
1,1,1,1,1,1,1,1,0.8959475,0
1,1,1,1,1,1,1,1,0.8971497,1
1,1,1,1,1,1,1,1,0.8983983,1
1,1,1,1,1,1,1,1,0.8996953,1
1,1,1,1,1,1,1,1,0.9010366,1
1,1,1,1,1,1,1,1,0.9024214,1
1,1,1,1,1,1,1,1,0.9038485,1
1,1,1,1,1,1,1,1,0.9053141,1
1,1,1,1,1,1,1,1,0.9068201,1
1,1,1,1,1,1,1,1,0.9083627,1
1,1,1,1,1,1,1,1,0.9099404,1
1,1,1,1,1,1,1,1,0.911553,1
1,1,1,1,1,1,1,1,0.9131956,1
1,1,1,1,1,1,1,1,0.9148678,1
1,1,1,1,1,1,1,1,0.9165683,1
1,1,1,1,1,1,1,1,0.9182965,1
1,1,1,1,1,1,1,1,0.9200513,1
1,1,1,1,1,1,1,1,0.9218284,1
1,1,1,1,1,1,1,1,0.9236272,1
1,1,1,1,1,1,1,1,0.9254467,1
1,1,1,1,1,1,1,1,0.927286,1
1,1,1,1,1,1,1,1,0.9291412,1
1,1,1,1,1,1,1,1,0.9310111,1
1,1,1,1,1,1,1,1,0.9328954,1
1,1,1,1,1,1,1,1,0.9347929,1
1,1,1,1,1,1,1,1,0.9366997,1
1,1,1,1,1,1,1,1,0.9386152,1
1,1,1,1,1,1,1,1,0.9405386,1
1,1,1,1,1,1,1,1,0.9424692,1
1,1,1,1,1,1,1,1,0.944403,1
1,1,1,1,1,1,1,1,1,1
1,1,1,1,1,1,1,1,1,1
1,1,1,1,1,1,1,1,1,1
1,1,1,1,1,1,1,1,1,1
1,1,1,1,1,1,1,1,1,1
1,1,1,1,1,1,1,1,1,1
1,1,1,1,1,1,1,1,1,1
1,1,1,1,1,1,1,1,1,1
1,1,1,1,1,1,1,1,1,1
1,1,1,1,1,1,1,1,1,1
1,1,1,1,1,1,1,1,1,1
1,1,1,1,1,1,1,1,1,1
1,1,1,1,1,1,1,1,1,1
1,1,1,1,1,1,1,1,1,1
1,1,1,1,1,1,1,1,1,1
1,1,1,1,1,1,1,1,1,1
1,1,0.9972535,1,1,1,1,1,1,1
1,1,0.9856024,1,1,1,1,1,1,1
1,1,0.9738037,1,1,1,1,1,1,1
1,1,0.9618616,1,1,1,1,1,1,1
1,1,0.9497771,1,1,1,1,1,1,1
1,1,0.9375589,1,1,1,1,1,1,1
1,1,0.9252132,1,1,1,1,1,1,1
1,0.9822582,0.9127423,1,1,1,1,1,1,1
1,0.9610394,0.8998254,1,1,1,1,1,1,1
1,0.9471854,0.8864259,1,1,1,1,1,1,2
1,0.9488551,0.8727086,1,1,1,1,1,1,2
1,0.950747,0.8589638,1,1,1,1,1,1,2
1,0.9528583,0.8452079,1,1,1,1,1,1,2
1,0.9551862,0.831453,1,1,1,1,1,1,2
1,0.9577347,0.8178612,1,1,1,1,1,1,2
1,0.9604983,0.8241127,1,1,1,1,1,1,2
1,0.9631847,0.8302106,1,1,1,1,1,1,2
1,0.965791,0.8361486,1,1,1,1,1,1,2
1,0.9683161,0.8419213,1,1,1,0.9996939,1,1,1
1,0.9707581,0.847523,1,1,1,0.9905977,1,1,1
1,0.9730088,0.8527156,1,1,1,0.9813408,1,1,1
1,0.9750706,0.857498,1,1,1,0.9719242,1,1,1
1,0.9769389,0.8618582,1,1,1,0.9623562,1,1,1
1,0.9786143,1,1,1,1,0.9526389,1,1,1
1,0.9781101,1,1,1,1,0.9417582,1,1,1
1,0.9774795,1,1,1,1,0.9308146,0.9891123,1,1
1,0.9764643,1,1,1,1,0.9196805,0.9734132,1,1
1,0.9749519,1,1,1,1,0.9083147,0.9570748,1,1
1,0.9729429,1,1,1,1,0.896725,0.9401296,1,1
1,0.9704348,1,1,1,1,0.8849244,0.9280213,1,1
1,0.9675622,1,1,1,1,0.8729922,0.9312795,1,1
1,0.9646948,1,1,1,1,0.8611085,0.9345825,1,1
1,0.9618351,1,1,1,1,0.8492771,0.9379263,1,1
1,0.9589856,1,1,1,1,0.8374949,0.9413069,1,1
1,0.9561524,1,1,1,1,0.825765,0.9447163,1,1
1,0.9533331,1,1,1,1,0.8140842,0.9481553,1,1
1,0.9505332,1,1,1,1,0.8024551,0.9516163,1,1
1,0.9477536,1,1,1,1,0.7908741,0.9550959,1,1
1,0.9449916,1,1,1,1,0.7793435,0.9585956,1,1
1,0.9422553,1,1,1,1,0.7678629,0.9621034,1,1
1,0.9395415,1,1,1,1,0.7564279,0.9656215,1,1
1,0.9242992,1,1,1,1,0.7450408,0.9691423,1,1
1,0.9098352,1,1,1,1,0.7378677,0.9722506,1,1
1,0.8946544,1,1,1,1,0.7433422,0.9749081,1,1
1,0.8785399,1,1,1,1,0.747479,1,1,1
0.9626179,0.860719,1,1,1,1,0.7488495,1,1,1
0.8941712,0.8403586,1,1,1,1,0.7457958,1,1,2
0.8128036,0.8162467,1,1,1,1,0.7359176,1,1,2
0.7718553,0.631426,1,1,1,1,0.7188265,1,1,2
0.774251,0.6004596,1,1,1,1,0.6894239,1,1,2
0.7770957,0.5709885,1,1,1,1,0.662305,1,1,2
0.7803822,0.5429808,1,1,1,1,0.6564949,0.9193656,1,2
0.7835866,0.51774,1,1,1,1,0.6500677,0.9076086,1,2
0.7870933,0.5021087,1,1,1,1,0.6436165,0.8963539,1,2
0.7908106,0.5089834,1,1,1,1,0.6370226,0.8857967,1,2
0.79453,0.5157014,1,1,1,1,0.6300388,0.876354,1,2
0.7982094,0.5222203,1,1,1,1,0.622657,0.8678927,1,2
0.8018185,0.5285106,1,1,1,1,0.6148757,0.8602946,1,2
0.8053285,0.5345415,1,1,1,1,0.6067016,0.8534631,1,2
0.8087145,0.5402864,1,1,1,1,0.5981398,0.8473169,1,2
0.8119623,1,1,1,1,1,0.5892025,0.8417801,1,0
0.8108678,1,1,1,1,1,0.5753582,0.8446802,1,0
0.8097408,1,1,1,1,1,0.5616413,0.847735,1,0
0.8085893,1,1,1,1,1,0.5480533,1,1,1
0.8088867,1,1,1,1,1,0.5361093,1,1,1
0.809101,1,1,1,1,1,0.5241244,1,1,1
0.8092357,1,1,1,1,1,0.5240509,1,1,1
0.8093643,1,1,1,1,1,0.5246531,1,1,1
0.5460212,1,1,1,1,1,0.5252596,1,1,2
0.5024416,1,1,1,1,1,0.5157987,1,1,2
0.4592815,1,1,1,1,1,0.5052796,1,1,2
0.4173646,1,1,1,1,1,0.4938963,1,1,2
0.420428,1,1,1,1,1,0.4818578,1,1,2
0.4235845,1,1,1,1,1,0.4706866,1,1,2
0.4268213,1,1,1,1,1,0.4602768,1,1,2
0.4301258,1,1,1,1,1,0.4505392,1,1,2
0.4334861,1,1,1,1,1,0.4413974,1,1,2
0.4368877,1,1,1,1,1,0.4327919,1,1,2
0.4403231,1,1,1,1,1,0.4246611,1,1,2
0.443782,1,1,1,1,1,0.4169571,1,1,2
1,1,1,1,1,1,0.4096385,1,1,0
1,1,1,1,1,1,0.4152026,1,1,0
1,1,1,1,1,1,0.4210708,1,0.8656543,0
1,1,1,1,1,1,0.4310723,0.5219203,0.6729871,0
1,1,1,1,1,1,0.4436156,0.4873818,0.6738375,0
1,1,1,1,1,1,0.4576638,0.4551257,0.6752005,0
1,1,1,1,1,1,0.4734026,0.4249206,0.6770852,0
1,1,1,1,1,1,0.4910375,0.3965705,0.6794958,0
0.682717,1,1,1,1,1,0.5108249,0.3699033,0.6824442,0
0.6787007,1,1,1,1,1,1,0.3447587,0.6859375,0
0.6748153,1,1,1,1,1,1,0.3210215,0.6899839,0
0.6710643,1,1,1,1,1,1,0.3083816,0.6945814,0
0.6674969,1,1,1,1,1,1,0.3149511,1,0
0.66586,1,1,1,1,1,1,0.3179861,1,0
0.6642339,1,1,1,1,1,1,0.321078,1,0
0.6626158,1,1,1,1,1,1,0.324221,0.4824126,0
0.6591812,1,1,1,1,1,1,0.3324466,0.4269861,0
0.655846,1,1,1,1,1,1,0.3414873,0.3776631,0
0.6526087,1,1,1,1,1,1,0.3514028,0.3334908,0
0.6494651,1,1,1,1,1,1,0.3622647,0.293698,0
0.6464143,1,1,1,1,1,1,0.3741491,0.2642064,0
0.643449,1,1,1,1,1,1,0.3871516,0.2691501,0
0.6405686,1,1,1,1,1,1,1,0.2745487,0
0.6379911,1,1,1,1,1,1,1,0.2789309,0
0.6353996,1,1,1,1,1,1,1,0.2834645,0
0.6327862,1,1,1,1,1,1,1,0.2881432,0
0.6301469,1,1,1,1,1,1,1,0.2929563,0
0.627475,1,1,1,1,1,1,1,0.2978967,0
0.6247675,1,1,1,1,1,1,1,0.3029533,0
0.6220189,1,1,1,1,1,1,1,0.3081183,0
0.619227,1,1,1,1,1,1,1,0.3133799,0
0.6163873,1,1,1,1,1,1,1,0.31873,0
0.6134959,1,1,1,1,1,1,1,0.3241598,0
0.6827269,1,1,1,1,1,1,1,0.3296569,0
0.7163313,1,1,1,1,1,1,1,0.3359364,0
0.7330301,1,1,1,1,1,1,1,0.9779823,2
1,1,1,1,1,1,1,1,0.9750025,1
1,1,1,1,1,1,1,1,0.9796273,1
1,1,1,1,1,1,1,1,0.9841576,1
1,1,1,1,1,1,1,1,0.9885934,1
1,1,1,1,1,1,1,1,0.9929315,1
1,1,1,1,1,1,1,1,0.9971728,1
1,1,1,1,1,1,1,1,1,1
1,1,1,1,1,1,1,1,1,1
1,1,1,1,1,1,1,1,1,1
1,1,1,1,1,1,1,1,1,1
1,1,1,1,1,1,1,1,1,1
1,1,1,1,1,1,1,1,1,1
1,1,1,1,1,1,1,1,1,1
1,1,1,1,1,1,1,1,1,1
1,1,1,1,1,1,1,1,1,1
1,1,1,1,1,1,1,1,1,1
1,1,1,1,1,1,1,1,1,1
1,1,1,1,1,1,1,1,1,1
1,1,1,1,1,1,1,1,1,1
1,1,1,1,1,1,1,1,1,1
1,1,1,1,1,1,1,1,1,1
1,1,1,1,1,1,1,1,1,1
1,1,1,1,1,1,1,1,1,1
1,1,1,1,1,1,1,1,1,1
1,1,1,1,1,1,1,1,1,1
1,1,1,1,1,1,1,1,1,1
1,1,1,1,1,1,1,1,1,1
1,1,1,1,1,1,1,1,1,1
1,1,1,1,1,1,1,1,1,1
1,1,1,1,1,1,1,1,1,1
1,1,1,1,1,1,1,1,1,1
1,1,1,1,1,1,1,1,1,1
1,1,1,1,1,1,1,1,1,1
1,1,1,1,1,1,1,1,1,1
1,1,1,1,1,1,1,1,1,1
1,1,1,1,1,1,1,1,1,1
1,1,1,1,1,1,1,1,1,1
1,1,1,1,1,1,1,1,1,1
1,1,1,1,1,1,1,1,1,1
1,1,1,1,1,1,1,1,1,1
1,1,1,1,1,1,0.9920895,1,1,1
1,1,1,1,1,0.992184,0.9826239,1,1,1
1,1,1,1,1,0.9826315,0.9731599,1,1,1
1,1,1,1,1,0.9730741,0.9636987,1,1,1
1,1,1,1,1,0.9635121,0.95424,1,1,1
1,1,1,1,1,0.9539453,0.944784,1,1,1
1,1,1,1,1,0.9443742,0.9353304,1,1,1
1,1,1,1,1,0.9347987,0.9258792,1,1,1
1,1,1,1,1,0.9252194,0.9164303,1,1,1
1,1,1,1,1,0.915633,0.9069804,1,1,1
1,1,1,1,1,0.9060429,0.8975328,1,1,1
1,1,1,1,1,0.8964496,0.888087,1,1,1
1,1,1,1,1,0.886853,0.8786432,1,1,1
1,1,1,1,1,0.8772505,0.869198,1,1,1
1,1,1,1,1,0.8676453,0.8597544,1,1,1
1,1,1,1,1,0.8580376,0.8503125,1,1,1
1,1,1,1,1,0.8484247,0.8408688,1,1,1
1,1,1,1,1,0.8388098,0.8314266,1,1,1
1,1,1,1,1,0.8291901,0.8219825,1,1,1
1,1,1,1,1,0.8195692,0.8125395,1,1,1
1,1,1,1,1,0.8099439,0.8030944,1,1,1
1,1,1,1,1,0.8003176,0.7936501,1,1,1
1,1,1,1,1,0.7906877,0.7842034,1,1,1
1,1,1,1,1,0.7810572,0.7747574,1,1,1
1,1,1,1,1,0.7714235,0.7653087,1,1,1
1,1,1,1,1,0.7617866,0.7558575,1,1,1
1,1,1,1,1,0.75215,0.7464064,1,1,1
1,1,1,1,1,0.7425108,0.7369524,1,1,1
1,1,1,1,1,0.7328722,0.7274984,1,1,1
1,1,1,1,1,0.7232314,0.7180411,1,1,1
1,1,1,1,1,0.7135886,0.7085806,1,1,1
1,1,1,1,1,0.7039469,0.6991198,1,1,1
1,1,1,1,1,0.6943035,0.6896554,1,1,1
1,1,1,1,1,0.6846586,0.6801874,1,1,1
1,1,1,1,1,0.6750154,0.6707188,1,1,1
1,1,1,1,1,0.6653708,0.6612464,1,1,1
1,1,1,1,1,0.6557251,0.6517699,1,1,1
1,1,1,1,1,0.6460815,0.6422926,1,1,1
1,1,1,1,1,0.6364369,0.6328111,1,1,1
1,1,1,1,1,0.6267915,0.6233255,1,1,1
1,1,1,1,1,0.6171483,0.6138386,1,1,1
1,1,1,1,1,0.6075045,0.6043473,1,1,1
1,1,1,1,1,0.59786,0.5948517,1,1,1
1,1,1,1,1,0.588218,0.5853547,1,1,1
1,1,1,1,1,0.5785754,0.5758532,1,1,1
1,1,1,1,1,0.5689323,0.566347,1,1,1
1,1,1,1,0.9899627,0.5592917,0.5568392,1,1,1
1,1,1,1,0.9797212,0.5496398,0.5473353,1,1,1
1,1,1,1,0.9694427,0.5399776,0.5378345,1,1,1
1,1,1,1,0.9591308,0.530306,0.5283363,1,1,1
1,1,1,1,0.9487889,0.5206265,0.5188401,1,1,1
1,1,1,1,0.9384205,0.5109398,0.5093453,1,1,1
1,1,1,0.9999978,0.9280257,0.5012441,0.4998482,1,1,1
1,1,1,0.9884955,0.9176111,0.4915435,0.4903513,1,1,1
1,1,1,0.9768445,0.9071104,0.4818206,0.4808644,1,1,1
1,1,1,0.9650604,0.8965322,0.4720783,0.4713861,0.5525806,1,0
1,1,1,0.9582602,0.888792,0.8528777,0.4613784,0.5387547,1,0
1,1,1,0.9524913,0.8816681,0.844533,0.4513531,0.5245215,1,0
1,1,1,0.9465701,0.8744879,0.8362171,0.4414389,0.5106593,1,0
1,1,1,0.9404722,0.8672339,0.8279167,0.4316276,0.4971502,1,0
1,1,1,0.9341716,0.8598872,0.8196158,0.4219084,0.4839725,1,0
1,1,1,0.9276478,0.8524329,0.8113027,0.4122736,0.471108,1,0
1,1,1,0.9208834,0.8448585,0.8029661,0.4027161,0.4585386,1,0
1,1,1,1,0.837149,0.7945935,0.3932259,0.446243,1,0
1,1,1,1,0.8299366,0.7864989,0.3837653,0.4337749,1,0
1,1,1,1,0.8226215,0.778388,0.3743765,0.4215728,1,0
1,1,1,1,0.8151952,0.7702525,0.3650534,0.4096199,1,0
1,1,1,1,0.807647,0.7620823,0.3557873,0.3978967,1,0
1,1,1,1,0.7999682,0.7538682,0.3465702,0.3863845,1,0
1,1,1,1,0.7921546,0.7456054,0.3373975,0.3750689,1,0
1,1,1,1,0.7842036,0.73729,0.3282652,0.363936,1,0
1,1,1,1,0.7761111,0.7289164,0.3191668,0.3529692,1,0
1,1,1,1,0.7678772,0.7204827,0.3100993,0.3421565,1,0
1,1,1,1,0.7595001,0.7119851,0.6868943,0.3314829,0.4658592,0
1,1,1,1,0.757248,0.7068974,0.6781531,0.318619,0.4411894,0
1,1,1,1,0.7552511,0.7020789,0.6697839,0.306273,0.4181517,0
1,1,1,1,0.7533198,0.6974115,0.6617439,0.2944537,0.396754,0
1,1,1,1,0.7513834,0.6928407,0.6539873,0.2831152,0.3768274,0
1,1,1,1,0.7493793,0.6883184,0.6464727,0.2722163,0.3582192,0
1,1,1,1,0.7472461,0.6837968,0.6391579,0.2617144,0.3407863,0
1,1,1,1,1,0.679236,0.6320065,0.2515731,0.3244033,0
1,1,1,1,1,0.6763443,0.6255695,0.2413816,0.3074403,0
1,1,1,1,1,0.6734672,0.6193551,0.2316027,0.2916363,0
1,1,1,1,1,0.670541,0.6133108,0.222193,0.2768591,0
1,1,1,1,1,0.6675164,0.6073902,0.2645334,0.2629798,0
1,1,1,1,1,0.6641807,0.6014849,0.3144711,0.2499752,0
1,1,1,1,1,0.6604927,0.5955502,0.370299,0.2377157,0
1,1,1,1,1,0.6564313,0.5895556,0.432119,0.2260921,0
1,1,1,1,1,0.6519808,0.5834746,0.4999107,0.2150083,0
1,1,1,1,1,0.6471362,0.5772905,1,0.2043863,0
1,1,1,1,1,0.6407762,0.5705001,0.5540172,0.1945015,0
1,1,1,1,1,1,0.5641887,0.5457669,0.1892844,0
1,1,1,1,1,1,0.5592927,0.5371659,0.2067573,0
1,1,1,1,1,1,0.5543275,0.5289258,0.2248667,0
1,1,1,1,1,1,0.5492647,0.5209885,0.2435322,0
1,1,1,1,1,1,0.5440818,0.5133039,0.2626719,0
1,1,1,1,1,1,0.5387648,0.5058325,0.2821985,0
1,1,1,1,1,1,0.533304,0.49854,0.3020207,0
1,1,1,1,1,1,0.5276902,0.4913947,0.3220455,0
1,1,1,1,1,1,0.5219172,0.4843689,0.3421856,0
1,1,1,1,1,1,0.5159877,0.4774445,0.3623489,0
1,1,1,1,1,1,0.5099036,0.4706034,0.3824528,0
1,1,1,1,1,1,0.5036647,0.463827,0.4024254,1
1,1,1,1,1,1,0.4972787,0.4571045,0.422194,1
1,1,1,1,1,1,0.4907508,0.4504243,0.4416917,1
1,1,1,1,1,1,0.4840868,0.4437757,0.4608583,1
1,1,1,1,1,1,0.477296,0.4371523,1,2
1,1,1,1,1,1,0.468337,0.430584,0.4820549,1
1,1,1,1,1,1,0.4614436,0.423909,0.474194,1
1,1,1,1,1,1,0.4545411,0.417249,0.4663776,1
1,1,1,1,1,1,0.4476301,0.4106036,0.4586047,1
1,1,1,1,1,1,0.440711,0.4039727,0.4508739,1
1,1,1,1,1,1,0.4337844,0.397356,0.443184,1
1,1,1,1,1,1,1,0.3907503,0.4355302,0
1,1,1,1,1,1,1,0.3841714,0.4259888,0
1,1,1,1,1,1,1,0.3777229,0.4167554,0
1,1,1,1,1,1,1,0.3713953,0.4078113,0
1,1,1,1,1,1,1,0.3651797,0.3991382,0
1,1,1,1,1,1,1,0.3590704,0.390722,0
1,1,1,1,1,1,1,0.3530594,0.3825462,0
1,1,1,1,1,1,1,0.3471389,0.3745953,0
1,1,1,1,1,1,1,0.3413047,0.3668576,0
1,1,1,1,1,1,1,0.3355468,0.3593157,0
1,1,1,1,1,1,1,0.3298618,0.3519595,0
1,1,1,1,1,1,1,0.3242468,0.3447798,0
1,1,1,1,1,1,1,0.3186927,0.3377613,0
1,1,1,1,1,1,1,0.3131974,0.3308959,0
1,1,1,1,1,1,1,0.3077556,0.324173,0
1,1,1,1,1,1,1,0.3023625,0.3175826,0
1,1,1,1,1,1,1,0.2970167,0.3111183,0
1,1,1,1,1,1,1,1,0.304771,0
1,1,1,1,1,1,1,1,0.2982262,0
1,1,1,1,1,1,1,1,0.2918352,0
1,1,1,1,1,1,1,1,0.2855963,0
1,1,1,1,1,1,1,1,0.2794985,0
1,1,1,1,1,1,1,1,0.2735407,0
1,1,1,1,1,1,1,1,0.2677154,0
1,1,1,1,1,1,1,1,0.2620187,0
1,1,1,1,1,1,1,1,0.2564435,0
1,1,1,1,1,1,1,1,0.2509865,0
1,1,1,1,1,1,1,1,0.2456441,0
1,1,1,1,1,1,1,1,0.2720197,0
1,1,1,1,1,1,1,1,0.3210481,0
1,1,1,1,1,1,1,0.9687181,0.3722183,0
1,1,1,1,1,1,1,0.9341995,0.4246839,0
1,1,1,1,1,1,1,0.9305409,0.4777969,1
1,1,1,1,1,1,1,0.9267929,0.5317205,1
1,1,1,1,1,1,1,0.9229494,0.5860504,1
1,1,1,1,1,1,1,0.9190086,0.6404014,1
1,1,1,1,1,1,1,0.9149664,1,1
1,1,1,1,1,1,1,0.9102455,1,1
1,1,1,1,1,1,1,0.9055079,1,1
1,1,1,1,1,1,1,0.9007538,1,1
1,1,1,1,1,1,1,0.8959837,1,1
1,1,1,1,1,1,1,0.891198,1,1
1,1,1,1,1,1,1,0.8863968,1,1
1,1,1,1,1,1,1,0.8815807,1,1
1,1,1,1,1,1,1,0.8767468,1,1
1,1,1,1,1,1,1,0.8718988,1,1
1,1,1,1,1,1,1,0.8670338,1,1
1,1,1,1,1,1,1,0.8621522,1,1
1,1,1,1,1,1,1,0.8572575,1,1
1,1,1,1,1,1,1,0.8523469,1,1
1,1,1,1,1,1,1,0.8474177,1,1
1,1,1,1,1,1,1,0.8424736,1,1
1,1,1,1,1,1,1,0.8375148,1,1
1,1,1,1,1,1,1,0.8325384,1,1
1,1,1,1,1,1,1,0.8275482,1,1
1,1,1,1,1,1,1,0.8225414,1,1
1,1,1,1,1,1,1,0.8175214,1,1
1,1,1,1,1,1,1,0.8124854,1,1
1,1,1,1,1,1,1,0.807434,1,1
1,1,1,1,1,1,1,0.8023673,1,1
1,1,1,1,1,1,1,0.7972859,1,1
1,1,1,1,1,1,1,0.7921868,1,1
1,1,1,1,1,1,1,0.7870736,1,1
1,1,1,1,1,1,1,0.7819466,1,1
1,1,1,1,1,1,1,0.776803,1,1
1,1,1,1,0.9933451,1,1,0.7716463,1,1
1,1,1,1,0.9845144,1,1,1,1,1
1,1,1,1,0.9748192,1,1,1,1,1
1,1,1,1,0.9653093,1,1,1,1,1
1,1,1,1,0.9559798,1,1,1,1,1
1,1,1,1,0.9468269,1,1,1,1,1
1,1,1,1,0.9378436,1,1,1,1,1
1,1,1,1,0.9290269,1,1,1,1,1
1,1,1,1,0.9203711,1,1,1,1,1
1,1,1,1,0.9118737,1,1,1,1,1
1,1,1,1,0.9035301,1,1,1,0.7307477,1
1,1,1,1,0.8938864,1,1,1,0.7257879,1
1,1,1,1,0.8843848,1,1,1,0.7208716,1
1,1,1,1,0.8750207,1,1,1,0.7159966,1
1,1,1,0.9849234,0.8657891,1,1,1,0.7111546,1
1,1,1,0.9637434,0.856979,1,1,1,0.7064489,1
1,1,1,0.9400121,0.848695,1,1,1,0.7019143,2
1,1,1,0.9138258,0.8409687,1,1,1,0.6975546,2
1,1,1,0.8853616,0.8338395,0.9979823,1,1,0.693375,2
1,1,1,0.8547412,0.8273746,0.99275,1,1,0.6893975,2
1,1,1,0.8221041,0.821663,0.9888047,1,1,0.6856545,2
1,1,1,0.7879571,0.8167269,0.9861841,1,1,0.6821455,2
1,1,1,0.7528439,0.8125838,0.9849189,1,1,0.6788744,2
1,1,1,0.7358608,0.8092417,0.9850277,1,1,0.6758422,2
1,1,1,0.7310253,0.8063099,0.9858343,1,1,0.6728813,2
1,1,1,0.7263148,0.8035145,0.9868671,1,1,0.6698803,2
1,1,1,0.7217188,0.8008412,0.9881064,1,1,0.666826,2
1,1,1,0.71723,0.7982793,0.9895369,1,1,0.6637143,2
1,1,1,0.7128348,0.7958117,0.9911348,1,1,0.660535,2
1,1,1,0.7085263,0.7934283,0.9928861,1,1,0.6572803,2
1,1,1,0.7042949,0.7911161,0.9947716,1,1,0.6539401,2
1,1,1,0.7001309,0.8401602,0.9967732,1,1,0.6505066,2
1,1,1,0.6953456,0.8372778,0.9968826,1,1,0.6464872,2
1,1,0.8465133,0.690634,0.8344861,0.997144,1,1,0.6423973,2
1,1,0.7759676,0.6886122,0.8363473,1,1,1,0.6401249,2
1,1,0.7073416,0.6878806,0.8404137,1,1,1,0.6385885,2
1,1,0.6421216,0.6885023,0.8468026,1,1,1,0.6378033,2
1,1,0.6019198,0.6897351,0.8542336,1,1,1,0.6371956,2
1,1,0.5991892,0.6914965,0.8625784,1,1,1,0.6366817,2
1,1,0.5968441,0.693812,0.871905,1,1,1,0.636268,2
1,1,0.5948923,0.6967102,0.8822893,1,1,1,0.635958,2
1,1,0.5931889,0.7514364,0.893239,1,1,1,0.6355215,2
1,1,0.5911024,0.754392,0.9024035,1,1,1,0.6339957,2
1,1,0.5890712,0.7573004,0.9115249,1,1,1,0.6321122,2
1,1,0.5870738,0.7601307,0.9205545,1,1,1,0.6298518,2
1,1,0.5850878,0.7628499,1,1,1,1,0.6271908,2
1,1,0.5825056,0.7641013,1,1,1,1,0.623233,2
1,1,0.5799662,0.7653499,1,1,1,1,0.6189979,2
1,1,0.5774567,0.7665743,1,1,1,1,0.614467,2
1,1,0.5749686,0.767758,1,1,1,1,0.6096304,2
1,1,0.5724864,0.7688752,1,1,1,1,0.6044754,2
1,0.6735634,0.5700025,0.7699105,1,1,1,1,0.5989862,2
1,0.5236024,0.5715653,0.7801735,1,1,1,1,0.5990165,2
1,0.4778845,0.5736458,0.7915663,1,1,1,0.7172426,0.5991656,2
1,0.4747965,0.6253849,0.8041862,1,1,1,0.6915147,0.59944,2
1,0.4720798,0.6293476,0.8181383,1,1,1,0.6682492,0.5998515,2
1,1,1,1,1,1,1,1,1,1
1,1,1,1,1,1,1,1,1,1
1,1,1,1,1,1,1,1,1,1
1,1,1,1,1,1,1,1,1,1
1,1,1,1,1,1,1,1,1,1
1,1,1,1,1,1,1,1,1,1
1,1,1,1,1,1,1,1,1,1
1,1,1,1,1,1,1,1,1,1
1,1,1,1,1,1,1,0.9570498,1,1
1,1,1,1,1,1,1,0.9399487,1,1
1,1,1,1,1,1,1,0.9223081,1,1
1,1,1,1,1,1,1,0.9041528,1,1
1,1,1,1,1,1,1,0.8855127,1,1
1,1,1,1,1,1,1,0.8664243,1,0
1,1,1,1,1,1,1,0.8469321,1,0
1,1,1,1,1,1,1,0.8270768,1,0
1,1,1,1,1,1,1,0.8069077,1,0
1,1,1,1,1,1,1,0.7864813,1,0
1,1,1,1,1,1,1,0.7658523,1,0
1,1,1,1,1,1,1,0.7450771,1,0
1,1,1,1,1,1,1,0.724212,1,0
1,1,1,1,1,1,1,0.7033175,1,0
1,1,1,1,1,1,1,0.682449,1,0
1,1,1,1,1,1,1,0.6883654,1,0
1,1,1,1,1,1,1,0.6960643,1,0
1,1,1,1,1,1,1,0.7038698,1,0
1,1,1,1,1,1,1,0.7117754,1,0
1,1,1,1,1,1,1,0.7197649,1,0
1,1,1,1,1,1,0.9908895,0.7278273,1,0
1,1,1,1,1,1,0.9780324,0.7360449,1,0
1,1,1,1,1,1,0.9653527,0.7444542,1,0
1,0.9972007,1,1,1,1,0.9528424,0.7530364,1,0
1,0.9901422,1,1,1,1,0.9405257,0.7616944,1,0
1,0.9822868,1,1,1,1,0.9517628,0.7702667,1,0
1,0.9731284,1,1,1,1,0.9795474,0.7784531,1,0
1,0.9622954,1,1,1,1,1,0.786008,0.8208016,0
1,0.9613451,1,1,1,1,1,1,0.7788224,0
1,0.9531137,1,1,1,1,1,1,0.7453283,0
1,0.9463592,1,1,1,1,1,1,0.7115178,0
1,0.9412245,1,1,1,1,1,1,0.6775424,0
1,0.9378753,1,1,1,1,1,1,0.643563,0
1,0.9365099,1,1,1,1,1,1,0.609743,0
1,0.937372,1,1,1,1,1,1,0.5939279,0
1,0.9394833,1,1,1,1,1,1,0.6009984,0
1,0.941335,1,1,1,1,1,0.9568735,0.6082981,0
1,0.9450432,1,1,1,1,1,0.9368317,0.6162072,0
1,0.9496418,1,1,1,1,1,0.9172252,0.6245643,0
1,0.9552161,1,1,1,1,1,0.8980567,0.6333917,0
1,0.9618723,0.9506359,1,1,1,1,0.8793247,0.6427108,0
1,0.9661466,0.9338072,1,1,1,1,0.8617511,0.6519069,0
1,0.9698061,0.9177892,1,1,1,1,0.8448278,0.6612898,0
1,0.9726509,0.9025576,1,1,1,1,0.8285219,0.6708201,0
1,0.9744693,0.8880787,1,1,1,1,0.8128105,0.6804644,0
1,0.974998,0.874337,1,1,1,1,0.7976654,0.6901721,0
1,0.9739441,0.8613182,1,1,1,1,0.7830656,1,1
1,0.9407665,0.8570267,1,1,1,1,0.7730004,1,1
1,0.9043301,0.8537478,1,1,1,1,0.7634237,1,1
1,0.8648582,0.8515726,1,1,1,1,0.7543504,1,2
1,0.8227422,0.850592,1,1,1,1,0.7458005,1,2
1,0.7785097,0.8508991,1,1,1,1,0.7377908,1,2
1,0.7327702,1,1,1,1,1,0.7303265,1,2
1,0.6947052,1,1,1,1,1,0.721607,1,2
1,0.6553906,1,1,1,1,1,0.7133471,1,2
1,0.6391896,1,1,1,1,1,0.7055556,1,2
1,0.6376091,1,1,1,1,1,0.6978544,1,2
1,0.6360769,1,1,1,1,1,0.6899983,1,2
1,0.6345884,1,1,1,1,1,0.6819801,1,2
1,0.6331391,1,1,1,1,1,0.6737969,1,2
1,0.631718,1,1,1,1,1,0.6700329,1,2
1,0.6303517,1,1,1,1,1,0.6683785,1,2
1,0.6290479,1,1,1,1,1,0.666778,1,2
1,0.6278024,1,1,1,1,1,0.6652339,1,2
1,0.6266174,1,1,1,1,1,0.6637375,1,2
1,0.6254886,1,1,1,1,1,0.6622916,1,2
1,0.6244153,1,1,1,1,1,0.6608928,1,2
1,0.6233931,1,1,1,1,1,0.6595436,1,2
1,0.6224211,1,1,1,1,1,0.6582407,1,2
1,0.6214988,1,1,1,1,1,0.6569812,1,2
1,0.6206253,1,1,1,1,1,0.6557618,1,2
1,0.6197965,1,1,1,1,1,0.654585,1,2
1,0.619012,1,1,1,1,1,0.6534477,1,2
1,0.6182676,1,1,1,1,1,0.6523522,1,2
0.740749,0.6175664,1,1,1,1,1,0.6512901,1,2
0.5466815,0.6206149,1,1,1,1,1,0.6411673,1,2
0.5456883,0.6258073,1,1,1,1,1,0.6276385,1,2
0.5451401,0.6316446,1,1,1,1,1,0.614728,1,2
0.5450354,1,1,1,1,1,1,0.6023864,1,2
0.5442575,1,1,1,1,1,1,0.599199,1,2
0.5435718,1,1,1,1,1,1,0.5961038,1,2
0.5429762,1,1,1,1,1,1,0.5930946,1,2
0.5424688,1,1,1,1,1,1,0.5901657,1,2
0.5420446,1,1,1,1,1,1,0.5873159,1,2
0.5417019,1,1,1,1,1,1,0.5845395,1,2
0.5414326,1,1,1,1,1,1,0.5818403,1,2
0.5412382,1,1,1,1,1,1,0.5792082,1,2
0.5411142,1,1,1,1,1,1,0.5766426,1,2
0.5410557,1,1,1,1,1,1,0.574143,1,2
0.5410615,1,1,1,1,1,1,0.5717043,1,2
0.5411268,1,1,1,1,1,1,0.5693261,1,2
0.5412475,1,1,1,1,1,1,0.5670081,0.996436,2
0.5414054,1,1,1,1,1,1,0.5648197,0.980305,2
0.5415283,1,1,1,1,1,1,0.5630208,0.9611567,1
0.5415887,1,1,1,1,1,1,0.5616577,0.9387104,1
0.5415589,1,1,1,1,1,1,0.5607815,0.9127192,1
0.5414083,1,1,1,1,1,1,0.5604525,0.7082865,0
0.5401696,1,1,1,1,1,1,0.5643905,0.6595224,0
0.5386819,1,1,1,1,1,1,0.5693778,0.6097045,0
0.5369563,1,1,1,1,1,1,0.5754877,0.5597526,0
0.535017,1,1,1,1,1,1,0.5827791,0.5105144,0
0.5328904,1,1,1,1,1,1,0.5913091,0.4627206,0
0.530608,1,1,1,1,1,1,1,0.4495471,1
1,1,1,1,1,1,1,1,0.4509752,0
0.526504,1,1,1,1,1,1,1,0.4559615,1
1,1,1,1,1,1,1,1,0.4575454,0
1,1,1,1,1,1,1,1,0.4630889,0
1,1,1,1,1,1,1,1,0.4691052,0
1,1,1,1,1,1,1,1,0.4755663,0
1,1,1,1,1,1,1,1,0.4824641,0
1,1,1,1,1,1,1,1,0.4897899,0
1,1,1,1,1,1,1,1,0.4975345,0
1,1,1,1,1,1,1,1,0.5056878,0
0.8061631,1,1,1,1,1,1,1,0.5142425,0
1,1,1,1,1,1,1,1,0.5204813,0
0.7545325,1,1,1,1,1,1,1,0.5296243,0
1,1,1,1,1,1,1,1,1,1
1,1,1,1,1,1,1,1,1,1
1,1,1,1,1,1,1,1,1,1
1,1,1,1,1,1,1,1,1,1
1,1,1,1,1,1,1,1,1,1
1,1,1,1,1,1,1,1,1,1
1,1,1,1,1,1,1,1,1,1
1,1,1,1,1,1,1,1,1,1
1,1,1,1,1,1,1,1,1,1
1,1,1,1,1,1,1,1,1,1
1,1,1,1,1,1,1,1,1,1
1,1,1,1,1,1,1,1,1,1
1,1,1,1,1,1,1,1,1,1
1,1,1,1,1,1,1,1,1,1
1,1,1,1,1,1,1,1,1,1
1,1,1,1,1,1,1,1,1,1
1,1,1,1,1,1,1,1,1,1
1,1,1,1,1,1,1,1,1,1
1,1,1,1,1,1,1,1,1,1
1,1,1,1,1,1,1,1,1,1
1,1,1,1,1,1,1,1,1,1
1,1,1,1,1,1,1,1,1,1
1,1,1,1,1,1,1,1,1,1
1,1,1,1,1,1,1,1,1,1
1,1,1,1,1,1,1,1,1,1
1,1,1,1,1,1,1,1,1,1
1,1,1,1,1,1,1,1,1,1
1,1,1,1,1,1,1,1,1,1
1,1,1,1,1,1,1,1,1,1
1,1,1,1,1,1,1,1,1,1
1,1,1,1,1,1,1,1,1,1
1,1,1,1,1,1,1,1,1,1
1,1,1,1,1,1,1,1,1,1
1,1,1,1,1,1,1,1,1,1
1,1,1,1,1,1,1,1,1,1
1,1,1,1,1,1,1,1,1,1
1,1,1,1,1,1,1,1,1,1
1,1,1,1,1,1,1,1,1,1
1,1,1,1,1,1,1,1,1,1
1,1,1,1,1,1,1,1,1,1
1,1,1,1,1,1,1,1,1,1
1,1,1,1,1,1,1,1,1,1
1,1,1,1,1,1,1,1,1,1
1,1,1,1,1,1,1,1,1,1
0.999663,1,1,1,1,1,1,1,1,1
0.9966007,1,1,1,1,1,1,1,1,1
0.9935323,1,1,1,1,1,1,1,1,1
0.9904608,1,1,1,1,1,1,1,1,1
0.9873864,1,1,1,1,1,1,1,1,1
0.9843122,1,1,1,1,1,1,1,1,1
0.9812387,1,1,1,1,1,1,1,1,1
0.9781693,1,1,1,1,1,1,1,1,1
0.9751009,1,1,1,1,1,1,1,1,1
0.9720404,1,1,1,1,1,1,1,1,1
0.968985,1,1,1,1,1,1,1,1,1
0.9659383,1,1,1,1,1,1,1,1,1
0.9629039,1,1,1,1,1,1,1,1,1
0.9598823,1,1,1,1,1,1,1,1,1
0.956874,1,1,1,1,1,1,1,1,1
0.953883,1,1,1,1,1,1,1,1,1
0.9509098,1,1,1,1,1,1,1,1,1
0.9479551,1,1,1,1,1,1,1,1,1
0.9450228,1,1,1,1,1,1,1,1,1
0.9421136,1,1,1,1,1,1,1,1,1
0.9392313,1,1,1,1,1,1,1,1,1
0.9363769,1,1,1,1,1,1,1,1,1
0.933551,1,1,1,1,1,1,1,1,1
1,1,1,1,1,1,1,1,1,1
1,1,1,1,1,1,1,1,1,1
1,1,1,1,1,1,1,1,1,1
1,1,1,1,1,1,1,1,1,1
1,1,1,1,1,1,1,1,1,1
1,1,1,1,1,1,1,1,1,1
1,1,1,1,1,1,1,1,1,1
1,1,1,1,1,1,1,1,1,1
1,1,1,1,1,1,1,1,1,1
1,1,1,1,1,1,1,1,1,1
1,1,1,1,1,1,1,1,1,1
1,1,1,1,1,1,1,1,1,1
1,1,1,1,1,1,1,1,1,1
1,1,1,1,1,1,1,1,1,1
1,1,1,1,1,1,1,1,1,1
1,1,1,1,1,1,1,1,1,1
1,1,1,1,1,1,1,1,1,1
1,1,1,1,1,1,1,1,1,1
1,1,1,1,1,1,1,1,1,1
1,1,1,1,1,1,1,1,1,1
1,1,1,1,1,1,1,1,1,1
1,1,1,1,1,1,1,1,1,1
1,1,1,1,1,1,1,1,1,1
1,1,1,1,1,1,1,1,1,1
1,1,1,1,1,1,1,1,1,1
1,1,1,1,1,1,1,1,1,1
1,1,1,1,1,1,1,1,1,1
1,1,1,1,1,1,1,1,1,1
1,1,1,1,1,1,1,1,1,1
1,1,1,1,1,1,1,1,1,1
1,1,1,1,1,1,1,1,1,1
1,1,1,1,1,1,1,1,1,1
1,1,1,1,1,1,1,1,1,1
1,1,1,1,1,1,1,1,1,1
1,1,1,1,1,1,1,1,1,1
1,1,1,1,1,1,1,1,1,1
1,1,1,1,1,1,1,1,1,1
1,1,1,1,1,1,1,1,1,1
1,1,1,1,1,1,1,1,1,1
1,1,1,1,1,1,1,1,1,1
1,1,1,1,1,1,1,1,1,1
1,1,1,1,1,1,1,1,1,1
1,1,1,1,1,1,1,1,1,1
1,1,1,1,1,1,1,1,1,1
1,1,1,1,1,1,1,1,1,1
1,1,1,1,1,1,1,1,1,1
1,1,1,1,1,1,1,1,1,1
1,1,1,1,1,1,1,1,1,1
1,1,1,1,1,1,1,1,1,1
1,1,1,1,1,1,1,1,1,1
1,1,1,1,1,1,1,1,1,1
1,1,1,1,1,1,1,1,1,1
1,1,1,1,1,1,1,1,1,1
1,1,0.9960185,1,1,1,1,1,1,1
1,1,0.9919519,1,1,1,1,1,1,1
1,1,0.9880163,1,1,1,1,1,1,1
1,1,0.9842059,1,1,1,1,1,1,1
1,1,0.9805157,1,1,1,1,1,1,1
1,1,0.9769453,1,1,1,1,1,1,1
1,1,0.9734901,1,1,1,1,1,1,1
1,1,0.9701452,1,1,1,1,1,1,1
1,1,0.9669114,1,1,1,1,1,1,1
1,1,0.9637845,1,1,1,1,1,1,1
1,1,0.9607603,1,1,1,1,1,1,1
1,1,0.9578351,1,1,1,1,1,1,1
1,1,0.9550102,1,1,1,1,1,1,1
1,1,0.952282,1,1,1,1,1,1,1
1,1,0.9496471,1,1,1,1,1,1,1
1,1,0.9471022,1,1,1,1,1,1,1
1,1,0.9446489,1,1,1,1,1,1,1
1,1,0.9422849,1,1,1,1,1,1,1
1,1,0.9400017,1,1,1,1,1,1,1
1,1,0.9378065,1,1,1,1,1,1,1
1,1,0.9356918,1,1,1,1,1,1,1
1,1,0.9336553,1,1,1,0.9921341,1,1,1
1,1,0.9316328,1,1,1,0.9826065,1,1,1
1,0.9917248,0.9296037,1,1,1,0.9730689,1,1,1
1,0.9651853,0.9279246,1,1,1,0.9635738,1,1,1
1,0.936973,1,1,1,1,0.9542443,1,1,1
1,0.9108435,1,1,1,1,0.9447368,1,1,1
1,0.8832835,1,1,1,1,0.9353841,1,1,1
1,0.8543888,1,1,1,1,0.9261943,1,1,2
1,0.8242891,1,1,1,1,0.9171769,1,1,2
1,0.793156,1,1,1,1,0.9083462,1,1,2
1,0.761182,1,1,1,1,0.8997139,1,1,2
1,0.7285812,1,1,1,1,0.8912932,1,1,2
1,0.695588,1,1,1,1,0.8831005,1,1,2
1,0.6624338,1,1,1,1,0.8751491,1,1,2
1,0.6486481,1,1,1,1,0.8674552,1,1,2
1,0.6509233,1,1,1,1,0.8598729,1,1,2
1,0.6533215,1,1,1,1,0.8522626,1,1,2
1,0.6558309,1,1,1,1,0.8446118,1,1,2
1,0.6584389,1,1,1,1,0.836912,1,1,2
1,0.6611336,1,1,1,1,0.8291551,1,1,2
1,0.6639026,1,1,1,1,0.8213302,1,1,2
1,0.6667297,1,1,1,1,0.8134274,1,1,2
1,0.6696065,1,1,1,1,0.8054406,1,1,2
1,0.6725207,1,1,1,1,0.797361,1,1,2
1,0.6754564,1,1,1,1,0.7891838,1,1,2
1,0.6784055,1,1,1,1,0.780902,1,1,2
1,0.6813525,1,1,1,1,0.7725089,1,1,2
1,0.6842858,1,1,1,1,0.7639989,1,1,2
0.82706,0.687194,1,1,1,1,0.7553705,1,1,2
0.7310044,0.6939166,1,1,1,1,0.7488099,1,1,2
0.6372387,0.703002,1,1,1,1,0.7433903,1,1,2
0.5677611,1,1,1,1,1,0.7391533,1,1,2
0.5698574,1,1,1,1,0.9500031,0.7325723,1,1,2
0.5720617,1,1,1,1,0.8908695,0.7257575,1,1,2
0.5743259,1,1,1,1,0.8417147,0.7186409,1,1,2
0.5766281,1,1,1,1,0.8002998,0.7112137,1,1,2
0.5789482,1,1,1,1,0.7650177,0.703474,1,1,2
0.5812675,1,1,1,1,0.7346848,0.6954166,1,1,2
0.5835721,1,1,1,1,0.7084001,0.687046,1,1,2
0.5858496,1,1,1,1,0.6854733,0.6783661,1,1,2
0.5880855,1,1,1,1,0.6653789,0.6693834,1,1,2
0.59027,1,1,1,1,0.6476926,0.660103,1,1,2
0.5923909,1,1,1,1,0.6320871,0.6505386,1,1,2
0.5944441,1,1,1,1,0.618277,0.6406993,1,1,1
0.5964226,1,1,1,1,0.6060407,0.6305984,1,1,1
0.5983208,1,1,1,1,0.5951967,0.6202541,1,1,1
0.6001339,1,1,1,1,0.5855953,0.6096784,1,1,1
0.6018575,1,1,1,1,0.5771126,0.5988841,1,1,1
0.6034914,1,1,1,1,0.569635,0.5878912,1,1,1
0.6050327,1,1,1,1,0.5630772,0.5767167,1,1,1
0.6064824,1,1,1,1,0.5573575,0.5653738,1,1,1
0.6078416,1,1,1,1,0.5524065,0.5538792,1,1,1
0.6091084,1,1,1,1,0.5481759,0.5422496,1,1,1
0.6102886,1,1,1,1,0.5446042,0.5305008,1,1,1
1,1,1,1,1,0.5416593,0.5186483,1,1,0
1,1,1,1,1,0.5689206,0.5020803,1,1,0
1,1,1,1,1,0.5990455,0.4860848,1,1,0
1,1,1,1,1,0.6323335,0.4706127,1,1,0
1,1,1,1,1,0.6691128,0.4556217,1,1,0
1,1,1,1,1,0.7097702,0.441072,0.6408851,1,0
1,1,1,1,1,1,0.4253188,0.6081947,1,0
1,1,1,1,1,1,0.4100668,0.5774138,1,0
0.5886391,1,1,1,1,1,0.3952899,0.5483786,1,0
1,1,1,1,1,1,0.3836964,0.5286503,1,0
1,1,1,1,1,1,0.4048094,0.5019814,1,0
0.5807577,1,1,1,1,1,0.4290031,0.4767194,1,0
1,1,1,1,1,1,0.4393113,0.4591091,1,0
1,1,1,1,1,1,0.4685869,0.4357497,1,0
0.5730143,1,1,1,1,1,0.5024856,0.4135413,1,0
1,1,1,1,1,1,0.5152971,0.3979166,1,0
1,1,1,1,1,1,0.5566906,0.3772322,1,0
1,1,1,1,1,1,0.6054142,0.3575081,1,0
0.5625314,1,1,1,1,1,1,0.3386748,1,1
1,1,1,1,1,1,1,0.3262194,0.5806538,0
1,1,1,1,1,1,1,0.3084035,0.5351428,0
1,1,1,1,1,1,1,0.2913514,0.4935464,0
1,1,1,1,1,1,1,0.2934702,0.4553834,0
0.6482976,1,1,1,1,1,1,0.3071529,0.4202551,0
0.5470194,1,1,1,1,1,1,0.3222068,0.3878169,0
0.5443594,1,1,1,1,1,1,0.3373395,0.3591898,0
0.5416996,1,1,1,1,1,1,0.3537688,0.3324252,0
0.5390322,1,1,1,1,1,1,0.3715476,0.3073847,0
0.5363492,1,1,1,1,1,1,0.3907211,0.2839239,0
0.5336376,1,1,1,1,1,1,0.4113389,0.2619075,0
0.5308856,1,1,1,1,1,1,0.4334397,0.2501029,0
0.532337,1,1,1,1,1,1,0.4567846,0.2585089,0
0.5399155,1,1,1,1,1,1,0.4808709,0.2670999,0
0.5488598,1,1,1,1,1,1,0.5058891,0.2759109,0
0.5587336,1,1,1,1,1,1,1,0.2849299,0
0.5915692,1,1,1,1,1,1,1,0.2919912,0
0.619764,1,1,1,1,1,1,1,0.2994609,0
0.6438974,1,1,1,1,1,1,1,0.3073187,0
0.6646302,1,1,1,1,1,1,1,0.3155473,0
0.6825706,1,1,1,1,1,1,1,0.3241333,0
0.6982407,1,1,1,1,1,1,1,0.3330586,0
0.7121217,1,1,1,1,1,1,1,0.3423125,0
0.724579,1,1,1,1,1,1,1,0.3518876,0
0.7359198,1,0.9930137,1,1,1,1,1,0.3617701,0
0.7470264,1,0.9813238,1,1,1,1,1,0.3718625,0
0.7584369,1,0.9700006,1,1,1,1,1,0.3820864,0
0.7700909,1,0.9590031,1,1,1,1,1,0.3924417,0
0.7819742,1,0.9483031,1,1,1,1,1,0.4029181,0
1,1,0.9420376,1,1,1,1,1,0.4135149,0
1,1,0.9481993,1,1,1,1,1,0.4282413,0
0.7777498,1,0.9542593,1,1,1,1,1,0.4434861,0
1,1,0.9460235,1,1,1,1,1,1,1
1,1,0.9269739,1,1,1,1,1,1,1
1,1,0.9070074,1,1,1,1,1,1,1
1,1,0.8861581,1,1,1,1,1,1,1
1,1,0.87941,1,1,1,1,1,1,2
1,1,0.8753492,1,1,1,1,1,1,2
1,1,0.8713992,1,1,1,1,1,1,2
1,1,0.8675619,1,1,1,1,1,1,2
1,1,0.8638355,1,1,1,1,1,1,2
1,1,0.8602188,1,1,1,1,1,1,2
1,1,0.8567136,1,1,1,1,1,1,2
1,1,0.8533183,1,1,1,1,1,1,2
1,1,0.8500316,1,1,1,1,1,1,2
1,1,0.8468556,1,1,1,1,1,1,2
1,1,0.843789,1,1,1,1,1,1,2
1,1,0.8408301,1,1,1,1,1,1,2
1,1,0.8379814,1,1,1,1,1,1,2
1,1,0.8352379,1,1,1,1,1,1,2
1,1,0.8326014,1,1,1,1,1,1,2
1,1,0.8300748,1,1,1,1,1,1,2
1,1,0.8276526,1,1,1,1,1,1,2
1,1,0.8253376,1,1,1,1,1,1,2
1,1,0.8231283,1,1,1,1,1,1,2
1,1,0.8210232,1,1,1,1,1,1,2
1,1,0.8190209,1,1,1,1,1,1,2
1,1,0.8171242,1,1,1,1,1,1,2
1,1,0.8153275,1,1,1,1,1,1,2
1,1,0.8136338,1,1,1,1,1,1,2
1,1,0.8120415,1,1,1,1,1,1,2
1,0.9458231,0.8105493,1,1,1,1,1,1,2
1,0.8816341,0.8106757,1,1,1,1,1,1,2
1,0.8137306,0.8127601,1,1,1,1,1,1,2
1,0.744162,0.8170131,1,1,1,1,1,1,2
1,0.6750046,0.8236383,1,1,1,1,1,1,2
1,0.6375719,0.8328156,1,1,1,1,1,1,2
1,0.6381488,0.8437212,1,1,1,1,1,1,2
1,0.6390405,0.8551657,1,1,1,1,1,1,2
1,0.6402217,0.8671169,1,1,1,1,1,1,2
1,0.6416672,1,1,1,1,1,1,1,2
1,0.6423694,1,1,1,1,1,1,1,2
1,0.6433164,1,1,1,1,1,1,1,2
1,0.6445063,1,1,1,1,1,1,0.9961907,2
1,0.6458904,1,1,1,1,1,1,0.9914826,2
1,0.647451,1,1,1,1,1,1,0.9870399,2
1,0.6491799,1,1,1,1,1,1,0.9828447,2
1,0.6510655,1,1,1,1,1,1,0.9788834,2
1,0.6531035,1,1,1,1,1,1,0.9751369,2
0.8744575,0.6552859,1,1,1,1,1,1,0.9715906,2
0.6118011,0.6596743,1,1,1,1,1,1,0.9658296,2
0.5715665,0.6662835,1,1,1,1,1,1,0.9584441,2
0.5717934,0.6736078,1,1,1,1,1,1,0.9513839,2
0.5724833,0.6816818,1,1,1,1,1,1,0.9446355,2
0.5736405,0.6905438,1,1,1,1,1,1,0.9381853,2
0.5752739,0.70024,1,1,1,1,1,1,0.9320184,2
0.5773871,0.7108135,1,1,1,1,1,1,0.9261266,2
0.5799913,0.72232,1,1,1,1,1,1,0.9204962,2
0.5830961,0.8736382,1,1,1,1,1,1,0.9151176,2
0.586093,0.8869842,1,1,1,1,1,1,0.9107989,2
0.5893156,0.9005308,1,1,1,1,1,1,0.9068111,2
0.5927369,0.9142258,1,1,1,1,1,1,0.9031092,2
0.5963281,1,1,1,1,1,1,1,0.8996561,2
0.5995779,1,1,1,1,1,1,1,0.8968064,2
0.6029932,1,1,1,1,1,1,1,0.894029,2
0.6065621,1,1,1,1,1,1,1,0.8913186,2
0.6102792,1,1,1,1,1,1,1,0.8886642,2
0.6141323,1,1,1,1,1,1,1,0.8860612,2
0.618116,1,1,1,1,1,1,1,0.8834991,2
0.622218,1,1,1,1,1,1,1,0.8809744,2
0.6264293,1,1,1,1,1,1,1,0.8784801,2
0.630741,1,1,1,1,1,1,1,0.8760101,2
0.6351441,1,1,1,1,1,1,1,0.8735585,2
0.6396294,1,1,1,1,1,1,1,0.8711199,2
0.644188,1,1,1,1,1,1,1,0.8686889,2
0.6488072,1,1,1,1,1,1,1,0.8662637,2
0.7724038,1,1,1,1,1,1,1,0.8638374,1
0.7757622,1,1,1,1,1,1,1,0.8616668,1
0.7790734,1,1,1,1,1,1,1,0.8594905,1
0.7823359,1,1,1,1,1,1,1,0.8573066,1
0.7855448,1,1,1,1,1,1,1,0.8551165,1
0.7886956,1,1,1,1,1,1,1,0.8529218,1
0.7917873,1,1,1,1,1,1,1,0.8507214,1
0.7948157,1,1,1,1,1,1,1,0.8485168,1
0.7977768,1,1,1,1,1,1,1,0.8463101,1
0.8006668,1,1,1,1,1,1,1,0.8441036,1
0.8034859,1,1,1,1,1,1,1,0.8418965,1
0.8062302,1,1,1,1,1,1,1,0.8396913,1
1,1,1,1,1,1,1,1,0.8374873,0
1,1,1,1,1,1,1,1,0.8356236,0
1,1,1,1,1,1,1,1,0.8338679,0
1,1,1,1,1,1,1,1,0.8322214,0
1,1,1,1,1,1,1,1,1,1
1,1,1,1,1,1,1,1,1,1
1,1,1,1,1,1,1,1,1,1
1,1,1,1,1,1,1,1,1,1
1,1,1,1,1,1,1,1,1,1
1,1,1,1,1,1,1,1,1,1
1,1,1,1,1,1,1,1,1,1
1,1,1,1,1,1,1,1,1,1
1,1,1,1,1,1,1,1,1,1
1,1,1,1,1,1,1,1,1,1
1,1,1,1,1,1,1,1,1,1
1,1,1,1,1,1,1,1,1,1
1,1,1,1,1,1,1,1,1,1
1,1,1,1,1,1,1,1,1,1
1,1,1,1,1,1,1,1,1,1
1,1,1,1,1,1,1,1,1,1
1,1,1,1,1,1,1,1,1,1
1,1,1,1,1,1,1,1,1,1
1,1,1,1,1,1,1,1,1,1
1,1,1,1,1,1,1,1,1,1
1,1,1,1,1,1,1,1,1,1
1,1,1,1,1,1,1,1,1,1
1,1,1,1,1,1,1,1,1,1
1,1,1,1,1,1,1,1,1,1
1,1,1,1,1,1,1,1,1,1
1,1,1,1,1,1,1,1,1,1
1,1,1,1,1,1,1,1,1,1
1,1,1,1,1,1,1,1,1,1
1,1,1,1,1,1,1,1,1,1
1,1,1,1,1,1,1,1,1,1
1,1,1,1,1,1,1,1,1,1
1,1,1,1,1,1,1,1,1,1
1,1,1,1,1,1,1,1,1,1
1,1,1,1,1,1,1,1,1,1
1,1,1,1,1,1,1,1,1,1
1,1,1,1,1,1,1,1,1,1
1,1,1,1,1,1,1,1,1,1
1,1,1,1,1,1,1,1,1,1
1,1,1,1,1,1,1,1,1,1
1,1,1,1,1,1,1,1,1,1
1,1,1,1,1,1,1,1,1,1
1,1,1,1,1,1,1,1,1,1
1,1,1,1,1,1,1,1,1,1
1,1,1,1,1,1,1,1,1,1
1,1,1,1,1,1,1,1,1,1
1,1,1,1,1,1,1,1,1,1
1,1,1,1,1,1,1,1,1,1
1,1,1,1,1,1,1,1,1,1
1,1,1,1,1,1,1,1,1,1
1,1,1,1,1,1,1,1,1,1
1,1,1,1,1,1,1,1,1,1
1,1,1,1,1,1,1,1,1,1
1,1,1,1,1,1,1,1,1,1
1,1,1,1,1,1,1,1,1,1
1,1,1,1,1,1,1,1,1,1
1,1,1,1,1,1,1,1,1,1
1,1,1,1,1,1,1,1,1,1
1,1,1,1,1,1,1,1,1,1
1,1,1,1,1,1,1,1,1,1
1,1,1,1,1,1,1,1,1,1
1,1,1,1,1,1,1,1,1,1
1,1,1,1,1,1,1,1,1,1
1,1,1,1,1,1,1,1,1,1
1,1,1,1,1,1,1,1,1,1
1,1,1,1,1,1,1,1,1,1
1,1,1,1,1,1,1,1,1,1
1,1,1,1,1,1,1,1,1,1
1,1,1,1,1,1,1,1,1,1
1,1,1,1,1,1,1,1,1,1
1,1,1,1,1,1,1,1,1,1
1,1,1,1,1,1,1,1,1,1
1,1,1,1,1,1,1,1,1,1
1,1,1,1,1,1,1,1,1,1
1,1,1,1,1,1,1,1,1,1
1,1,1,1,1,1,1,1,1,1
1,1,1,1,1,1,1,1,1,1
1,1,1,1,1,1,1,1,1,1
1,1,1,1,1,1,1,1,1,1
1,1,1,1,1,1,1,1,1,1
1,1,1,1,1,1,1,1,1,1
1,1,1,1,1,1,1,1,1,1
1,1,1,1,1,1,1,1,1,1
1,1,1,1,1,1,1,1,1,1
1,1,1,1,1,1,1,1,1,1
1,1,1,1,1,1,1,1,1,1
1,1,1,1,1,1,1,1,1,1
1,1,1,1,1,1,1,1,1,1
1,1,1,1,1,1,1,1,1,1
1,1,1,1,1,1,1,1,1,1
1,1,1,1,1,1,1,1,1,1
1,1,1,1,1,1,1,1,1,1
1,1,1,1,1,1,1,1,1,1
1,1,1,1,1,1,1,1,1,1
1,1,1,1,1,1,1,1,1,1
1,1,1,1,1,1,1,1,1,1
1,1,1,1,1,1,1,1,1,1
1,1,1,1,1,1,1,1,1,1
1,1,1,1,1,1,1,1,1,1
1,1,1,1,1,1,1,1,1,1
1,1,1,1,1,1,1,1,1,1
1,1,1,1,1,1,1,1,1,1
1,1,1,1,1,1,1,1,1,1
1,1,1,1,1,1,1,1,1,1
1,1,1,1,1,1,1,1,1,1
1,1,1,1,1,1,1,1,1,1
1,1,1,1,1,1,1,1,1,1
1,1,1,1,1,1,1,1,1,1
1,1,1,1,1,1,1,1,1,1
1,1,1,1,1,1,1,1,1,1
1,1,1,1,1,1,1,1,1,1
1,1,1,1,1,1,1,1,1,1
1,1,1,1,1,1,1,1,1,1
1,1,1,1,1,1,1,1,1,1
1,1,1,1,1,1,1,1,1,1
1,1,1,1,1,1,1,1,1,1
1,1,1,1,1,1,1,1,1,1
1,1,1,1,1,1,1,1,1,1
1,1,1,1,1,1,1,1,1,1
1,1,1,1,1,1,1,1,1,1
1,1,1,1,1,1,1,1,1,1
1,1,1,1,1,1,1,1,1,1
1,1,1,1,1,1,1,1,1,1
1,1,1,1,1,1,1,1,1,1
1,1,1,1,1,1,1,1,1,1
1,1,1,1,1,1,1,1,1,1
1,1,1,1,1,1,1,1,1,1
0.976483,1,1,1,1,1,1,1,1,1
0.9345258,1,1,1,1,1,1,1,1,1
0.8918848,1,1,1,1,1,1,1,1,2
0.8930364,1,1,1,1,1,1,1,1,2
0.8942391,1,1,1,1,1,1,1,1,2
0.8954922,1,1,1,1,1,1,1,1,2
0.8967947,1,1,1,1,1,1,1,1,1
0.8981456,1,1,1,1,1,1,1,1,1
0.8995407,1,1,1,1,1,1,1,1,1
0.9009792,1,1,1,1,1,1,1,1,1
0.9024599,1,1,1,1,1,1,1,1,1
0.903982,1,1,1,1,1,1,1,1,1
0.9055443,1,1,1,1,1,1,1,1,1
0.9071428,1,1,1,1,1,1,1,1,1
0.9087766,1,1,1,1,1,1,1,1,1
0.9104443,1,1,1,1,1,1,1,1,1
0.9121453,1,1,1,1,1,1,1,1,1
0.9138753,1,1,1,1,1,1,1,1,1
0.9156332,1,1,1,1,1,1,1,1,1
0.9174182,1,1,0.9910423,1,1,1,1,1,1
0.9192418,1,1,0.9806779,1,1,1,1,1,1
0.9211047,1,1,0.9703374,1,1,1,1,1,1
0.9230019,1,1,0.9600204,1,1,1,1,1,1
0.924935,1,1,0.9497236,1,1,1,1,1,1
0.9268991,1,1,0.9394494,1,1,1,1,1,1
0.9288929,0.9400728,1,0.9291972,1,1,1,1,1,2
0.9315451,0.9215996,1,0.9188364,1,1,1,1,1,2
0.9344413,0.9029328,1,0.9084773,1,1,1,1,1,2
0.9375919,0.8841233,1,0.9797423,1,1,1,1,1,2
1,0.8654145,1,1,1,1,1,1,1,1
1,0.8485381,1,1,1,1,1,1,1,2
1,0.8314354,1,1,1,1,1,1,1,2
1,0.8141401,1,1,1,1,1,1,1,2
1,0.8140224,1,1,1,1,1,1,1,2
1,0.8207185,1,1,1,1,1,1,1,2
1,0.8273872,1,1,1,1,1,1,1,2
1,0.8340246,1,1,1,1,1,1,1,2
1,0.8406223,0.8412329,1,1,1,1,1,1,2
1,0.8490292,0.8294009,1,1,1,1,1,1,2
1,0.8575208,0.8176929,1,1,1,1,1,1,2
1,1,0.8061033,1,1,1,1,1,1,1
1,1,0.7954063,1,1,1,1,1,1,1
1,1,0.7847072,1,1,0.9973558,1,1,1,1
1,1,0.7740189,1,1,0.9877164,1,1,1,1
1,1,0.7633598,1,1,0.9780543,1,1,1,1
1,1,0.75273,1,1,0.9683679,1,1,1,1
1,1,0.7421324,1,1,0.9586591,1,1,1,1
1,1,0.7315637,1,1,0.9489233,1,1,1,1
1,1,0.7210238,1,1,0.9391594,1,1,1,1
1,1,0.7105123,1,1,0.9293663,1,1,1,1
1,1,0.700029,1,1,0.9195429,1,1,1,1
1,1,0.6895764,1,1,0.9096917,1,1,1,1
1,1,0.6791512,1,1,0.8998087,0.9976617,1,1,1
1,1,0.668762,1,1,0.8898734,0.9867371,1,1,1
1,1,0.6584421,1,1,0.8798135,0.9755465,1,1,1
1,1,0.6481858,1,1,0.869626,0.9640876,1,1,1
1,1,0.6379934,1,1,0.8593157,0.9523679,1,1,1
0.7898163,1,0.6278593,1,1,0.8488814,0.9403893,1,1,2
0.7558275,1,0.6166301,1,1,0.8409579,0.9336211,1,1,2
0.7217303,1,0.6053782,1,0.9578309,0.8333542,0.9274707,1,1,2
0.6882368,1,0.5941736,1,0.9091484,0.8259431,0.9216698,1,1,2
0.6834334,1,0.6166407,1,0.8627251,0.8186828,0.9161275,1,1,2
0.6892939,1,0.6551207,1,0.8231567,0.8110784,0.9098315,1,1,2
0.6947389,1,0.691826,1,0.7907499,0.8029376,0.9024045,1,1,2
0.6997562,1,1,1,0.7640487,0.794287,0.8939096,1,1,1
0.7034839,1,1,1,0.7479973,0.7843918,0.8828722,1,1,1
0.7069027,1,1,1,0.7344661,0.7741889,0.8712042,1,1,1
0.7100086,1,1,1,0.7232293,0.7636995,0.85895,1,1,1
0.7128042,1,1,1,0.714097,0.752943,0.8461542,1,1,1
0.715295,1,1,1,0.7069204,0.7419411,0.8328636,1,1,1
1,1,1,1,0.7015962,0.730716,0.8191277,1,1,0
1,1,1,1,0.7276067,0.7159598,0.7982575,1,1,0
1,1,1,1,0.7576961,0.7013947,0.7781644,1,1,0
1,1,1,1,0.7923993,0.6870433,0.7877638,1,1,0
1,1,1,1,0.8293732,0.6731184,0.7797958,1,1,0
1,1,1,1,0.8707015,0.6594623,0.7608217,1,1,0
1,1,1,1,0.9183709,0.6459993,0.7422493,1,1,0
1,1,1,1,0.9734548,0.6327331,0.7240871,1,1,0
1,1,0.5881051,1,1,0.6196674,0.7063414,1,1,0
1,1,0.5789237,1,1,0.6077221,0.6910801,1,1,0
1,1,0.569773,1,1,0.5958374,0.6759459,1,1,0
1,1,0.5607103,1,1,0.5840154,0.6609474,0.9781548,1,0
1,1,0.5504251,1,1,0.5721267,0.6457836,0.9473473,1,0
1,1,0.5386811,1,1,0.5601474,0.630395,0.9158874,1,0
1,1,0.5258134,1,1,0.5528664,0.6148599,0.8840762,1,0
1,0.4717093,0.512216,1,1,0.571497,0.5992782,0.8522731,1,1
1,0.4559368,1,1,1,0.5596472,0.5891314,0.839636,1,1
1,0.443476,1,1,1,0.5628791,0.5764146,0.8179728,1,1
1,0.4311204,1,1,1,0.5672585,0.5636069,0.7960215,1,0
1,0.4188441,1,1,1,0.5728062,0.5507307,0.7738642,1,0
1,0.4066162,1,1,1,0.5795445,0.5378046,0.7515767,1,0
1,0.3944144,1,1,1,0.5874978,0.5248538,0.7292421,1,0
1,0.3822119,1,1,1,0.5966905,0.5118988,0.706934,1,0
1,0.3699822,1,1,1,0.607148,0.4989591,0.68472,1,0
1,0.3576947,1,1,1,0.6188818,0.486049,0.6626558,1,0
1,0.3453286,1,1,1,0.6319156,0.4731877,0.6407996,1,0
1,0.3328596,1,1,1,0.646271,0.4603891,0.6191966,1,0
1,0.3202649,1,1,1,0.6619526,0.4476649,0.597885,1,0
1,0.3075233,1,1,1,0.6789602,0.4350246,0.5768942,1,0
1,0.2946202,1,1,1,0.697287,0.4224795,0.5738558,1,0
1,0.2813495,1,1,1,0.714842,0.4101496,0.576027,1,0
1,0.2676891,1,1,1,0.7308194,0.3980477,0.5700024,1,0
1,0.2537556,1,1,1,0.7460954,0.386095,0.5511154,1,0
1,0.2399979,1,1,1,1,0.3741969,0.5324372,1,1
1,0.2396363,1,1,1,1,0.362679,0.5151334,1,1
1,0.2391112,1,1,1,1,0.3510861,0.4975598,1,1
1,0.2384251,1,1,1,1,0.3394361,0.4797819,1,1
1,0.2375856,1,1,1,1,0.3353421,0.4618627,1,0
1,0.2366233,1,1,1,1,0.3387621,0.4439325,1,0
1,0.2355693,1,1,1,1,0.3425329,0.4260974,1,0
0.353277,0.2344312,1,1,1,1,0.3466499,0.4083873,1,2
0.2884493,0.2386301,1,1,1,1,0.3311048,0.4029449,1,2
0.2329449,0.2433651,1,1,1,1,0.316551,0.3974067,1,2
0.1917442,0.2486747,1,1,1,0.639064,0.3028497,0.3917625,1,2
0.1935924,0.253872,1,1,1,0.5889255,0.2914281,0.3845155,1,2
0.1954933,0.2588341,1,1,1,0.5511117,0.2819013,0.3755604,1,2
0.1974127,0.2635188,1,1,1,0.5218573,0.2738562,0.364983,1,2
0.1993239,1,1,1,1,0.4988081,0.2669939,0.3528931,1,0
0.1993469,1,1,1,1,0.518602,0.2709897,0.3288836,1,0
0.199302,1,1,1,1,0.5400447,0.2752545,0.3059587,0.7969161,0
0.1985437,1,1,1,1,0.58331,0.2842659,0.2807981,0.6683538,0
0.1976153,1,1,1,1,1,0.2949442,0.2568509,0.5614656,0
0.1965659,1,1,1,1,1,0.3071449,0.2342633,0.4728304,0
0.1954001,1,1,1,1,1,0.3210757,0.2129104,0.4591948,0
0.1941157,1,1,1,1,1,0.3370029,0.1926864,0.4513916,0
0.1927166,1,1,1,1,1,0.3552336,0.183921,0.3884436,0
0.1911997,1,1,1,1,1,0.3761626,0.1884913,0.3334841,0
0.1895683,1,1,1,1,1,0.4002617,0.1936267,0.2850888,0
0.1878186,1,1,1,1,1,0.428143,0.1993729,0.2421308,0
0.1859531,1,1,1,1,1,0.4605657,0.2057717,0.2037407,0
0.1839704,1,1,1,1,1,1,0.2128748,0.1692259,0
0.1819018,1,1,1,1,1,1,0.2204049,0.1568603,0
0.1797334,1,1,1,1,1,1,0.2284911,0.1603636,0
0.1774742,1,1,1,1,1,1,0.2369519,0.1640815,0
0.1751219,1,1,1,1,1,1,0.2457548,0.1679944,0
1,1,1,1,1,1,1,0.2548684,0.1720859,0
1,1,1,1,1,1,1,0.2668598,0.1770779,0
1,1,1,1,1,1,1,0.2800687,0.1825054,0
1,1,1,1,1,1,1,0.2946261,0.1883909,0
1,1,1,1,1,1,1,0.3106773,0.1947558,0
1,1,1,1,1,1,1,0.3283975,0.2016273,0
1,1,1,1,1,1,1,0.3479844,0.2090316,0
1,1,1,1,1,1,1,0.3696772,0.2170017,0
1,1,1,1,1,1,1,0.3937581,0.2255736,0
1,1,1,1,1,1,1,1,0.2347793,0
1,1,1,1,1,1,1,1,0.2446665,0
1,1,1,1,1,1,1,1,0.2552754,0
1,1,1,1,1,1,1,1,0.2666594,0
1,1,1,1,1,1,1,1,0.2788732,0
1,1,1,1,1,1,1,1,0.2919822,0
1,1,1,1,1,1,1,1,0.306003,0
1,1,1,1,1,1,1,1,0.3207413,0
1,1,1,1,1,1,1,1,0.3361954,0
1,1,1,1,1,1,1,1,1,1
1,1,1,1,1,1,1,1,1,1
1,1,1,1,1,1,1,1,1,1
1,1,1,1,1,1,1,1,1,1
1,1,1,1,1,1,1,1,1,1
1,1,1,1,1,1,1,1,1,1
1,1,1,1,1,1,1,1,1,1
1,1,1,1,1,1,1,1,1,1
1,1,1,1,1,1,1,1,1,1
1,1,1,1,1,1,1,1,1,1
1,1,1,1,1,1,1,1,1,1
1,1,1,1,1,1,1,1,1,1
1,1,1,1,1,1,1,1,1,1
1,1,1,1,1,1,1,1,1,1
1,1,1,1,1,1,1,1,1,1
1,1,1,1,1,1,1,1,1,1
1,1,1,1,1,1,1,1,1,1
1,1,1,1,1,1,1,1,1,1
1,1,1,1,1,1,1,1,1,1
1,1,1,1,1,1,1,1,1,1
1,1,1,1,1,1,1,1,1,1
1,1,1,1,1,1,1,1,1,1
1,1,1,1,1,1,1,1,1,1
1,1,1,1,1,1,1,1,1,1
1,1,1,1,1,1,1,1,1,1
1,1,1,1,1,1,1,1,1,1
1,1,1,1,1,1,1,1,1,1
1,1,1,1,1,1,1,1,1,1
1,1,1,1,1,1,1,1,1,1
1,1,1,1,1,1,1,1,1,1
1,1,1,1,1,1,1,1,1,1
1,1,1,1,1,1,1,1,1,1
1,1,1,1,1,1,1,1,1,1
1,1,1,1,1,1,1,1,1,1
1,1,1,1,1,1,1,1,1,1
1,1,1,1,1,1,1,1,1,1
1,1,1,1,1,1,1,1,1,1
1,1,1,1,1,1,1,1,1,1
1,1,1,1,1,1,1,1,1,1
1,1,1,1,1,1,1,1,1,1
1,1,1,1,1,1,1,1,1,1
1,1,1,1,1,1,1,1,1,1
1,1,1,1,1,1,1,1,1,1
1,1,1,1,1,1,1,1,1,1
1,1,1,1,1,1,1,1,1,1
1,1,1,1,1,1,1,1,1,1
1,1,1,1,1,1,1,1,1,1
1,1,1,1,1,1,1,1,1,1
1,1,1,1,1,1,1,1,1,1
1,1,1,1,1,1,1,1,1,1
1,1,1,1,1,1,1,1,1,1
1,1,1,1,1,1,1,1,1,1
1,1,1,1,1,1,1,1,1,1
1,1,1,1,1,1,1,1,1,1
1,1,1,1,1,1,1,1,1,1
1,1,1,1,1,1,1,1,1,1
1,1,1,1,1,1,1,1,1,1
1,1,1,1,1,1,1,1,1,1
1,1,1,1,1,1,1,1,1,1
1,1,1,1,1,1,1,1,1,1
1,1,1,1,1,1,1,1,1,1
1,1,1,1,1,1,1,1,1,1
1,1,1,1,1,1,1,1,1,1
1,1,1,1,1,1,1,1,1,1
1,1,1,1,1,1,1,1,1,1
1,1,1,1,1,1,1,1,1,1
1,1,1,1,1,1,1,1,1,1
1,1,1,1,1,1,1,1,1,1
1,1,1,1,1,1,1,1,1,1
1,1,1,1,1,1,1,1,1,1
1,1,1,1,1,1,1,1,1,1
1,1,1,1,1,1,1,1,1,1
1,1,1,1,1,1,1,1,1,1
1,1,1,1,1,1,1,1,1,1
1,1,1,1,1,1,1,1,1,1
1,1,1,1,1,1,1,1,1,1
1,1,1,1,1,1,1,1,1,1
1,1,1,1,1,1,1,1,1,1
1,1,1,1,1,1,1,1,1,1
1,1,1,1,1,1,1,1,1,1
1,1,1,1,1,1,1,1,1,1
1,1,1,1,1,1,1,1,1,1
1,1,1,1,1,1,1,1,1,1
1,1,1,1,1,1,1,1,1,1
1,1,1,1,1,1,1,1,1,1
1,1,1,1,1,1,1,1,1,1
1,1,1,1,1,1,1,1,1,1
1,1,1,1,1,1,1,1,1,1
1,1,1,1,1,1,1,1,1,1
1,1,1,1,1,1,1,1,1,1
1,1,1,1,1,1,1,1,1,1
1,1,1,1,1,0.9982712,1,1,1,1
1,1,1,1,1,0.9892164,1,1,1,1
1,1,1,1,1,0.9800891,1,1,1,1
1,1,1,1,1,0.9708873,1,1,1,1
1,1,1,1,1,0.9616129,1,1,1,1
1,1,1,1,1,0.952268,1,1,1,1
1,1,1,1,1,0.9428514,1,1,1,1
1,1,1,1,1,0.9333655,1,1,1,1
1,1,1,1,1,0.923813,1,1,1,1
1,1,1,1,1,0.9141965,1,1,1,1
1,1,1,1,0.9987785,0.9045157,1,1,1,1
1,1,1,1,0.9876224,0.8947619,1,1,1,1
1,1,1,1,0.9761956,0.8848417,1,1,1,1
1,1,1,1,0.9645055,0.8747584,1,1,1,1
1,1,1,1,0.9525644,0.8645198,1,1,1,1
1,1,1,1,0.9403795,0.8541285,1,1,1,1
1,1,1,1,0.9279671,0.8435947,1,1,1,2
1,1,1,1,0.9153445,0.8329293,1,1,1,2
1,1,1,1,0.9025239,0.822138,1,1,1,2
1,1,1,1,0.8895256,0.8112335,1,1,1,2
1,1,1,1,0.8763672,0.8002261,1,1,1,2
1,1,1,0.985335,0.8630707,0.7891297,1,1,1,2
1,1,1,0.967963,0.8494356,0.7778245,1,1,1,2
1,1,1,0.9500669,0.8354659,0.7663141,1,1,1,2
0.9120674,1,1,0.931718,0.8212043,0.754625,1,1,1,2
0.9036506,1,1,0.9102408,0.8050138,0.744,1,1,1,2
0.8952969,1,1,0.8884192,0.78859,0.7591278,1,1,1,2
0.8871472,1,1,0.8666447,0.7721741,0.7779026,1,1,1,2
0.8792578,1,1,0.8450316,0.7558378,0.8007987,1,1,1,2
0.8716766,1,1,0.8236826,0.7396477,0.8283892,1,1,1,2
0.864446,1,1,0.8026857,0.7236606,0.8613863,1,1,1,2
0.9956149,1,1,0.7821162,0.7079268,0.9006835,1,1,1,2
1,1,1,0.7649702,0.6942503,0.9254758,1,1,1,2
1,1,1,0.7481638,0.6807727,0.9530134,1,1,1,2
1,1,1,0.7316139,0.6674444,0.9843262,1,1,1,2
1,1,1,0.7153379,0.6542771,1,1,1,1,2
1,1,0.8650285,0.6992708,0.6412327,1,1,1,1,2
1,1,0.837437,0.6817046,0.6273081,1,1,1,1,2
1,1,0.8101214,0.664225,0.613447,1,1,1,1,2
1,1,0.7832432,0.6469146,0.6285458,1,1,1,1,2
1,1,0.7572068,0.6299728,0.6549987,1,1,1,1,2
1,1,0.7321275,0.6134613,0.6858076,1,1,1,1,2
1,1,0.7080234,0.5973971,0.7216223,1,1,1,1,2
1,1,0.6848893,0.5817842,0.7632315,1,1,1,1,2
1,1,0.6627054,0.5666177,0.8116039,1,1,1,1,2
1,1,0.6414399,0.5518858,0.8679579,1,1,1,1,2
1,1,0.6210563,0.5375749,0.9338601,1,1,1,1,2
1,1,0.6015046,0.5236606,1,1,1,1,1,2
1,1,0.5827053,0.5387929,1,1,1,1,1,2
1,1,0.5645653,0.5604619,1,1,1,1,1,2
1,1,0.5470693,0.5842998,1,1,1,1,1,2
1,1,0.5301743,0.6104814,1,1,1,1,1,2
1,1,0.5138351,0.6392013,1,1,1,1,1,2
1,1,0.4980153,0.6707007,1,1,1,1,1,2
1,0.7189177,0.4826737,0.7052252,1,1,1,1,1,2
1,0.6823289,0.4659241,0.7674739,1,1,1,1,1,2
1,0.6479917,0.449737,1,1,1,1,1,1,2
1,0.6156942,0.4340754,1,1,1,1,1,1,2
1,0.5852591,0.4189116,1,1,1,1,1,1,2
1,0.5565294,0.4364547,1,1,1,1,1,1,2
1,0.529361,0.4605997,1,1,1,1,1,1,2
1,0.50363,0.4882136,1,1,1,1,1,1,2
1,0.479217,0.5199239,1,1,1,1,1,1,2
1,0.4560272,0.5565336,1,1,1,1,1,1,2
1,0.4339674,0.5990721,1,1,1,1,1,1,2
1,0.4129996,0.648587,1,1,1,1,1,1,2
1,0.3932211,0.7051324,1,1,1,1,1,1,2
0.6584465,0.374516,1,1,1,1,1,1,1,2
0.6108375,0.3561474,1,1,1,1,1,1,1,2
0.5672573,0.3385724,1,1,1,1,1,1,1,2
0.5272216,0.3282363,1,1,1,1,1,1,1,2
0.4903198,0.3434404,1,1,1,1,1,1,1,2
0.4562085,0.3601497,1,1,1,1,1,1,1,2
0.4245876,0.3785341,1,1,1,1,1,1,1,2
0.3952041,0.3987908,1,1,1,1,1,1,1,2
0.3678338,0.4211496,1,1,1,1,1,1,1,2
0.3422812,0.4458677,1,1,1,1,1,1,1,2
0.3183755,0.4732699,1,1,1,1,1,1,1,2
0.2959716,0.5037209,1,1,1,1,1,1,1,2
0.2912468,0.5376809,1,1,1,1,1,1,1,2
0.3027778,0.575683,1,1,1,1,1,1,1,2
0.3151426,0.6183946,1,1,1,1,1,1,1,2
0.3284006,1,1,1,1,1,1,1,1,2
0.3423159,1,1,1,1,1,1,1,1,2
0.356889,1,1,1,1,1,1,1,1,2
0.3721091,1,1,1,1,1,1,1,1,2
0.3879661,1,1,1,1,1,1,1,1,2
0.4044422,1,1,1,1,1,1,1,1,2
0.4215153,1,1,1,1,1,1,1,1,2
0.4391648,1,1,1,1,1,1,1,1,2
0.4573608,1,1,1,1,1,1,1,1,2
0.4760748,1,1,1,1,1,1,1,1,2
0.4952745,1,1,1,1,1,1,1,1,2
0.5149239,1,1,1,1,1,1,1,1,2
0.5349777,1,1,1,1,1,1,1,1,2
0.5553985,1,1,1,1,1,1,1,1,2
0.7709754,1,1,1,1,1,1,1,1,2
0.7893788,1,1,1,1,1,1,1,1,2
0.8075922,1,1,1,1,1,1,1,1,2
0.8255803,1,1,1,1,1,1,1,1,1
0.8433037,1,1,1,1,1,1,1,1,1
1,1,1,1,1,1,1,1,1,1
1,1,1,1,1,1,1,1,1,1
1,1,1,1,1,1,1,1,1,1
1,1,1,1,1,1,1,1,1,1
1,1,1,1,1,1,1,1,1,1
1,1,1,1,1,1,1,1,1,1
1,1,1,1,1,1,0.9960267,1,1,1
1,1,1,1,1,1,0.9887565,1,1,1
1,1,1,1,1,1,0.981602,1,1,1
1,1,1,1,1,1,0.9745592,1,1,1
1,1,1,1,1,1,0.9676313,1,1,1
1,1,1,1,1,1,0.9608148,1,1,1
1,1,1,1,1,1,0.9541069,1,1,1
1,1,1,1,1,1,0.9475115,1,1,1
1,1,1,1,1,1,0.9410256,1,1,1
1,1,1,1,1,1,0.9346474,1,1,1
1,1,1,1,1,1,0.9283778,1,1,1
1,1,1,1,1,1,0.9222182,1,1,1
1,1,1,1,1,1,0.9161669,1,1,1
1,1,1,1,1,1,0.9102254,1,1,1
1,1,1,1,1,1,0.9043957,1,1,1
1,1,1,1,1,1,0.8986761,1,1,1
1,1,1,1,1,1,0.8930653,1,1,1
1,1,1,1,1,1,0.8875656,1,1,0
1,1,1,1,1,1,0.8821791,1,1,0
1,1,1,1,1,1,0.8769047,1,1,0
1,1,1,1,1,1,0.8717446,0.7889813,1,0
1,1,1,1,1,1,0.8704709,0.7827876,1,0
1,1,1,1,1,1,0.869588,0.7768545,1,0
1,1,1,1,1,1,0.8690985,0.7711865,1,0
1,1,1,1,1,1,0.8690115,0.7657933,1,0
1,1,1,1,1,1,1,0.7606802,1,0
1,1,1,1,1,1,1,0.7554966,1,0
1,1,1,1,1,1,1,0.7504805,1,0
1,1,1,1,1,1,1,0.7456344,1,0
1,1,1,1,1,1,1,0.7409641,1,0
1,1,1,1,1,1,1,0.7364746,1,0
1,1,1,1,1,1,1,0.7321686,1,0
1,1,1,1,1,1,1,0.7280508,1,0
1,1,1,1,1,1,1,0.7241229,1,0
1,1,1,1,1,1,1,0.7203929,1,0
1,1,1,1,1,1,1,0.7168589,1,0
1,1,1,1,1,1,1,0.7135283,1,0
1,1,1,1,1,1,1,0.7104021,1,0
1,1,1,1,1,1,1,0.7074813,0.7076944,0
1,1,1,1,1,1,1,0.7063609,0.7000417,0
1,1,1,1,1,1,1,0.7057362,0.692951,0
1,1,1,1,1,1,1,0.7056128,0.6864076,0
1,1,1,1,1,1,1,0.7060007,0.6804014,0
1,1,1,1,1,1,1,0.7069114,0.6749236,0
1,1,1,1,1,1,1,0.7083547,0.6699636,0
1,1,1,1,1,1,1,1,0.6655152,0
1,1,1,1,1,1,1,1,0.6617561,0
1,1,1,1,1,1,1,1,0.6582617,0
1,1,1,1,1,1,1,1,0.6550375,0
1,1,1,1,1,1,1,1,0.652086,0
1,1,1,1,1,1,1,1,0.649412,0
1,1,1,1,1,1,1,1,0.6470206,0
1,1,1,1,1,1,1,1,0.644913,0
1,1,1,1,1,1,1,1,0.6430906,0
1,1,1,1,1,1,1,1,0.6415574,0
1,1,1,1,1,1,1,1,0.6403141,0
1,1,1,1,1,1,1,1,0.6393644,0
1,1,1,1,1,1,1,1,0.6387084,0
1,1,1,1,1,1,1,1,0.6383431,0
1,1,1,1,1,1,1,1,0.6382715,0
1,1,1,1,1,1,1,1,1,1
1,1,1,1,1,1,1,1,1,1
1,1,1,1,1,1,1,1,1,1
1,1,1,1,1,1,1,1,1,1
1,1,1,1,1,1,1,1,1,1
1,1,1,1,1,1,1,1,1,1
1,1,1,1,1,1,1,1,1,1
1,1,1,1,1,1,1,1,1,1
1,1,1,1,1,1,1,1,1,1
1,1,1,1,1,1,1,1,1,1
1,1,1,1,1,1,1,1,1,1
1,1,1,1,1,1,1,1,1,1
1,1,1,1,1,1,1,1,1,1
1,1,1,1,1,1,1,1,1,1
1,1,1,1,1,1,1,1,1,1
1,1,1,1,1,1,1,1,1,1
1,1,1,1,1,1,1,1,1,1
1,0.9878475,1,1,1,1,1,1,1,1
1,0.9718378,1,1,1,1,1,1,1,1
1,0.9552595,1,1,1,1,1,1,1,1
1,0.9381272,1,1,1,1,1,1,1,1
1,0.9204602,1,1,1,1,1,1,1,1
1,0.902284,1,1,1,1,1,1,1,1
1,0.8836292,1,1,1,1,1,1,1,1
1,0.8645364,1,1,1,1,1,1,1,2
1,0.8450418,1,1,1,1,1,1,1,2
1,0.8251908,1,1,1,1,1,1,1,2
1,0.8050371,1,1,1,1,1,1,1,2
1,0.7846282,1,1,1,1,1,1,1,2
1,0.7640229,1,1,1,1,1,1,1,2
1,0.7432774,1,1,1,1,1,1,1,2
1,0.7224476,1,1,1,1,1,1,1,2
1,0.7015939,1,1,1,1,1,1,1,2
1,0.6807708,1,1,1,1,1,1,1,2
1,0.6600348,1,1,1,1,1,1,1,2
1,0.6394353,1,1,1,1,1,1,1,2
1,0.6288785,1,1,1,1,1,1,1,2
1,0.6377014,1,1,1,1,1,1,1,2
1,0.6466939,1,1,1,1,1,1,1,2
1,0.6558439,1,1,1,1,1,1,1,2
1,0.6651334,1,1,1,1,1,1,1,2
1,0.6745495,1,1,1,1,1,1,1,2
1,0.684079,1,1,1,1,1,1,1,2
0.893636,0.6937079,1,1,1,1,1,1,1,2
0.84783,0.7069384,1,1,1,1,1,1,1,2
0.8024973,0.7220021,1,1,1,1,1,1,1,2
0.7581006,0.739043,1,1,1,1,1,1,1,2
0.715022,0.7581936,1,1,1,1,1,1,1,2
0.6735665,0.7795951,1,1,1,1,1,1,1,2
0.6339546,0.8033873,1,1,1,1,1,1,1,2
0.5963155,0.8297135,1,1,1,1,1,1,1,2
0.5607272,1,1,1,1,1,1,1,1,2
0.5594781,1,1,1,1,1,1,1,1,2
0.569136,1,1,1,1,1,1,1,1,2
0.579111,1,1,1,1,1,1,1,1,2
0.5893828,1,1,1,1,1,1,1,1,2
0.5999378,1,1,1,1,1,1,1,1,2
0.6107579,1,1,1,1,1,1,1,1,2
0.6218243,1,1,1,1,1,1,1,1,2
0.6331209,1,1,1,1,1,1,1,1,2
0.6446274,1,1,1,1,1,1,1,1,2
0.6563223,1,1,1,1,1,1,1,1,2
0.6681881,1,1,1,1,1,1,1,1,2
0.6802021,1,1,1,1,1,1,1,1,2
0.6923414,1,1,1,1,1,1,1,1,2
0.7045872,1,1,1,1,1,1,1,1,2
0.7169194,1,1,1,1,1,1,1,1,2
0.7293147,1,1,1,1,1,1,1,1,2
0.7417528,1,1,1,1,1,1,1,1,2
0.7542101,1,1,1,1,1,1,1,1,2
1,1,1,1,1,1,1,1,1,1
1,1,1,1,1,1,1,1,1,1
1,1,1,1,1,1,1,1,1,1
1,1,1,1,1,1,1,1,1,1
1,1,1,1,1,1,1,1,1,1
1,1,1,1,1,1,1,1,1,1
1,1,1,1,1,1,1,1,1,1
1,1,1,1,1,1,1,1,1,1
1,1,1,1,1,1,1,1,1,1
1,1,1,1,1,1,1,1,1,1
1,1,1,1,1,1,1,1,1,1
1,1,1,1,1,1,1,1,1,1
1,1,1,1,1,1,1,1,1,1
1,1,1,1,1,1,1,1,1,1
1,1,1,1,1,1,1,1,1,1
1,1,1,1,1,1,1,1,1,1
1,1,1,1,1,1,1,1,1,1
1,1,1,1,1,1,1,1,1,1
1,1,1,1,1,1,1,1,1,1
1,1,1,1,1,1,1,0.9908223,1,1
1,1,1,1,1,1,1,0.9412733,1,1
1,1,1,1,1,1,1,0.9366757,1,1
1,1,1,1,1,1,1,0.9321343,1,1
1,1,1,1,1,1,1,0.9276522,1,1
1,1,1,1,1,1,1,0.9232332,1,1
1,1,1,1,1,1,1,0.9188777,1,1
1,1,1,1,1,1,1,0.9145864,1,1
1,1,1,1,1,1,1,0.9103628,1,1
1,1,1,1,1,1,1,0.9062107,1,1
1,1,1,1,1,1,1,0.902131,1,1
1,1,1,1,1,1,1,0.8981271,1,1
1,1,1,1,1,1,1,0.8941998,1,0
1,1,1,1,1,1,1,0.8903497,1,0
1,1,1,1,1,1,1,0.8865838,1,0
1,1,1,1,1,1,1,0.8828995,1,0
1,1,1,1,1,1,1,0.8793005,1,0
1,1,1,1,1,1,1,0.8757879,1,0
1,1,1,1,1,1,1,0.8723647,1,0
1,1,1,1,1,1,1,0.8690351,1,0
1,1,1,1,1,1,1,0.8657964,1,0
1,1,1,1,1,1,1,0.8626523,1,0
1,1,1,1,1,1,1,0.8596063,1,0
1,1,1,1,1,1,1,0.8566588,1,0
1,1,1,1,1,1,1,0.8538105,1,0
1,1,1,1,1,1,1,0.8510647,1,0
1,1,1,1,1,1,1,0.8484217,1,0
1,1,1,1,1,1,1,0.8458816,1,0
1,1,1,1,1,1,1,0.8434482,1,0
1,1,1,1,1,1,1,1,1,1
1,1,1,1,1,1,1,1,1,1
1,1,1,1,1,1,1,1,1,1
1,1,1,1,1,1,1,1,0.7966952,0
1,1,1,1,1,1,1,1,0.7921029,0
1,1,1,1,1,1,1,1,0.7876416,0
1,1,1,1,1,1,1,1,0.7833149,0
1,1,1,1,1,1,1,1,0.7791263,0
1,1,1,1,1,1,0.9965928,1,0.775085,0
1,1,1,1,1,1,0.9741424,1,0.7711884,0
1,1,1,1,1,1,0.9513929,1,0.7674236,0
1,1,1,1,1,1,0.9287632,1,0.7638189,0
1,1,1,1,1,1,0.9364015,1,0.7604009,0
1,1,1,1,1,1,0.9444478,1,0.7572093,0
1,1,1,1,1,1,0.9528962,1,0.7542402,0
1,1,1,1,1,1,0.9617354,1,0.7514862,0
1,1,1,1,1,1,0.9709576,1,0.7489428,0
1,1,1,1,1,1,0.9805549,1,0.7466053,0
1,1,1,1,1,1,0.9905179,1,0.7444685,0
1,1,1,1,1,1,1,1,0.7425244,0
1,1,1,1,1,1,1,1,0.7407653,0
1,1,1,1,1,1,1,1,0.7392005,0
1,1,1,1,1,1,1,1,1,1
1,1,1,1,1,1,1,1,1,1
1,1,1,1,1,1,1,1,1,1
1,1,1,1,1,1,1,1,1,1
1,1,1,1,1,1,1,1,1,1
1,1,1,1,1,1,1,1,1,1
1,1,1,1,1,1,1,1,1,1
1,1,1,1,1,1,1,1,1,1
1,1,1,1,1,1,1,1,1,1
1,1,1,1,1,1,1,0.994874,1,1
1,1,1,1,1,1,1,0.9743364,1,1
1,1,1,1,1,1,1,0.9525256,1,1
1,1,1,1,1,1,1,0.9294572,1,1
1,1,1,1,1,1,1,0.9051665,1,1
1,1,1,1,1,1,1,0.8797204,1,0
1,1,1,1,1,1,1,0.8532097,1,0
1,1,1,1,1,1,1,0.8257418,1,0
1,1,1,1,1,1,1,0.7974459,1,0
1,1,1,1,1,1,1,0.7684748,1,0
1,1,1,1,1,1,1,0.738995,1,0
1,1,1,1,1,1,1,0.7091814,1,0
1,1,1,1,1,1,1,0.679206,1,0
1,1,1,1,1,1,1,0.6795875,1,0
1,1,1,1,1,1,1,0.6833621,1,0
1,1,1,1,1,1,1,0.687313,1,0
1,1,1,1,1,1,1,0.6914326,1,0
1,1,1,1,1,1,1,0.6957171,1,0
1,1,1,1,1,1,1,0.7001587,1,0
1,1,1,1,1,1,1,0.7047497,1,0
1,1,1,1,1,1,1,0.7094819,1,0
1,1,1,1,1,1,1,0.7143513,1,0
1,1,1,1,1,1,1,0.7193497,1,0
1,1,1,1,1,1,1,0.7244686,1,0
1,1,1,1,1,1,1,0.7296999,0.9771624,0
1,1,1,1,1,1,1,0.7356238,0.9037756,0
1,1,1,1,1,1,1,0.7436057,0.8275658,0
1,1,1,1,1,1,1,0.7538942,0.7509881,0
1,1,1,1,1,1,1,0.7667181,0.6763426,0
1,1,1,1,1,1,1,0.782292,0.6054794,0
1,1,1,1,1,1,1,0.7997708,0.6015435,0
1,1,1,1,1,1,1,0.8186571,0.6074739,0
1,1,0.598956,1,1,1,1,0.8387243,0.6138991,0
1,1,0.5866741,1,1,1,1,1,0.6181235,0
1,1,0.5793158,1,1,1,1,1,0.6210992,0
1,1,0.5723417,1,1,1,1,1,0.6240517,0
1,1,0.5657193,1,1,1,1,1,0.6269771,1
1,1,0.5594255,1,1,1,1,1,0.6298683,1
1,1,1,1,1,1,1,1,0.6327253,0
1,1,0.5392901,1,1,1,1,1,0.638764,1
1,1,0.5342221,1,1,1,1,1,0.6415159,1
1,1,1,1,1,1,1,1,0.6442188,0
1,1,0.5162886,1,1,1,1,1,0.6505825,1
1,1,1,1,1,1,1,1,0.6531332,0
1,1,1,1,1,1,1,1,0.6597449,0
1,1,0.4879601,1,1,1,1,1,0.6665794,1
1,1,1,1,1,1,1,1,0.668792,0
1,1,1,1,1,1,1,1,0.6758096,0
1,1,1,1,1,1,1,1,0.6830277,0
1,1,0.4522347,1,1,1,1,1,0.6904355,1
1,1,1,1,1,1,1,1,0.691983,0
1,1,1,1,1,1,1,1,0.6994849,0
1,1,1,1,1,1,1,1,0.7071501,0
1,1,1,1,1,1,1,1,0.7149669,0
1,1,1,1,1,1,1,1,0.7229235,0
1,1,1,1,1,1,1,1,0.7310081,0
1,1,1,1,1,1,1,1,1,1
1,1,1,1,1,1,1,1,1,1
1,0.4012072,1,1,1,1,1,1,1,2
1,0.357044,1,1,1,1,1,1,1,2
1,0.3170156,1,1,1,1,1,1,1,2
1,0.2825367,1,1,1,1,1,1,1,2
1,0.2828754,1,1,1,1,1,1,0.7221988,2
1,0.2828802,1,1,1,1,1,1,0.7183127,2
1,0.2830728,1,1,1,1,1,1,0.7146756,2
1,0.2834487,1,1,1,1,1,1,0.7112638,2
1,0.2839994,1,1,1,1,1,1,0.7080586,2
1,0.2847168,1,1,1,1,1,1,0.705043,2
1,0.2856001,1,1,1,1,1,1,0.7021951,2
0.3097699,0.2866413,1,1,1,1,1,1,0.6995009,2
0.2428644,1,1,1,1,1,1,1,0.6948453,2
0.2427945,1,1,1,1,1,1,1,0.6907493,2
0.242995,1,1,1,1,1,1,1,0.6868463,2
0.243457,1,1,1,1,1,1,1,0.6831234,2
0.2441753,1,1,1,1,1,1,1,0.6795648,2
0.2451446,1,1,1,1,1,1,1,0.6761554,2
0.2463569,1,1,1,1,1,1,1,0.6728838,2
0.2478074,1,1,1,1,1,1,1,0.6697358,2
1,1,1,1,1,1,1,1,0.6666975,0
1,1,1,1,1,1,1,1,0.6685339,0
1,1,1,1,1,1,1,1,0.6706251,0
1,1,1,1,1,1,1,1,0.9781543,1
1,1,1,1,1,1,1,1,0.9783959,1
1,1,1,1,1,1,1,1,0.9786453,1
1,1,1,1,1,1,1,1,0.9789023,1
1,1,1,1,1,1,1,1,0.9791669,1
1,1,1,1,1,1,1,1,0.9794356,1
1,1,1,1,1,1,1,1,0.9797118,1
1,1,1,1,1,1,1,1,0.9799951,1
1,1,1,1,1,1,1,1,0.9802856,1
1,1,1,1,1,1,1,1,0.98058,1
1,1,1,1,1,1,1,1,0.9808814,1
1,1,1,1,1,1,1,1,0.9811865,1
1,1,1,1,1,1,1,1,0.9814984,1
1,1,1,1,1,1,1,1,0.9818138,1
1,1,1,1,1,1,1,1,0.9821358,1
1,1,1,1,1,1,1,1,0.9824613,1
1,1,1,1,1,1,1,1,0.9827901,1
1,1,1,1,1,1,1,1,0.9831252,1
1,1,1,1,1,1,1,1,0.9834635,1
1,1,1,1,1,1,1,1,1,1
1,1,1,1,1,1,1,1,1,1
1,1,1,1,1,1,1,1,1,1
1,1,1,1,1,1,1,1,1,1
1,1,1,1,1,1,1,1,1,1
1,1,1,1,1,1,1,1,1,1
1,1,1,1,1,1,1,1,1,1
1,1,1,1,1,1,1,1,1,1
1,1,1,1,1,1,1,1,1,1
1,1,1,1,1,1,1,1,1,1
1,1,1,1,1,1,1,1,1,1
1,1,1,1,1,1,1,1,1,1
1,1,1,1,1,1,1,1,1,1
1,1,1,1,1,1,1,1,1,1
1,1,1,1,1,1,1,1,1,1
1,1,1,1,1,1,1,1,1,1
1,1,1,1,1,1,1,1,1,1
1,1,1,1,1,1,1,1,1,1
1,1,1,1,1,1,1,1,1,1
1,1,1,1,1,1,1,1,1,1
1,1,1,1,1,1,1,1,1,1
1,1,1,1,1,1,1,1,1,1
1,1,1,1,1,1,1,1,1,1
1,1,1,1,1,1,1,1,1,1
1,1,1,1,1,1,1,1,1,1
1,1,1,1,1,1,1,1,1,1
1,1,1,1,1,1,1,1,1,1
1,1,1,1,1,1,1,1,1,1
1,1,1,1,1,1,1,1,1,1
1,1,1,1,1,1,1,1,1,1
1,1,1,1,1,1,1,1,1,1
1,1,1,1,1,1,1,1,1,1
1,1,1,1,1,1,1,1,1,1
1,1,1,1,1,1,1,1,1,1
1,1,1,1,1,1,1,1,1,1
1,1,1,1,1,1,1,1,1,1
1,1,1,1,1,1,1,1,1,1
1,1,1,1,1,1,1,1,1,1
1,1,1,1,1,1,1,1,1,1
1,1,1,1,1,1,1,1,1,1
1,1,1,1,1,1,1,1,1,1
1,1,1,1,1,1,1,1,1,1
1,1,1,1,1,1,1,1,1,1
1,1,1,1,1,1,1,1,1,1
1,1,1,1,1,1,1,1,1,1
1,1,1,1,1,1,1,1,1,1
1,1,1,1,1,1,1,1,1,1
1,1,1,1,1,1,1,1,1,1
1,1,1,1,1,1,1,1,1,1
1,1,1,1,1,1,1,1,1,1
1,1,1,1,1,1,1,1,1,1
1,1,1,1,1,1,1,1,1,1
1,1,1,1,1,1,1,1,1,1
1,1,1,1,1,1,1,1,1,1
1,1,1,1,1,1,1,1,1,1
1,1,1,1,1,1,1,1,1,1
1,1,1,1,1,1,1,1,1,1
1,1,1,1,1,1,1,1,1,1
1,1,1,1,1,1,1,1,1,1
1,1,1,1,1,1,1,1,1,1
1,1,1,1,1,1,1,1,1,1
1,1,1,1,1,1,1,1,1,1
1,1,1,1,1,1,1,1,1,1
1,1,1,1,1,1,1,1,1,1
1,1,1,1,1,1,1,1,1,1
1,1,1,1,1,1,1,1,1,1
1,1,1,1,1,1,1,1,1,1
1,1,1,1,1,1,1,1,1,1
1,1,1,1,1,1,1,1,1,1
1,1,1,1,1,1,1,1,1,1
1,1,1,1,1,1,1,1,1,1
1,1,1,1,1,1,1,1,1,1
1,1,1,1,1,1,1,1,1,1
1,1,0.9998611,1,1,1,1,1,1,1
1,1,0.9887503,1,1,1,1,1,1,1
1,1,0.9775432,1,1,1,1,1,1,1
1,1,0.9662429,1,1,1,1,1,1,1
1,1,0.9548522,1,1,1,1,1,1,1
1,1,0.9433712,1,1,1,1,1,1,1
1,1,0.9318069,1,1,1,1,1,1,1
1,1,0.9201635,1,1,1,1,1,1,1
1,1,0.9084452,1,1,1,1,1,1,1
1,1,0.8966567,1,1,1,1,1,1,1
1,1,0.8848026,1,1,1,1,1,1,1
1,1,0.8728882,1,1,1,1,1,1,1
1,1,0.8628535,1,1,1,1,1,1,1
1,1,0.8673983,1,1,1,1,1,1,1
1,1,0.8718715,1,1,1,1,1,1,1
1,1,0.8762813,1,1,1,1,1,1,1
1,1,0.8806205,1,1,1,1,1,1,1
1,1,0.8848896,1,1,1,1,1,1,1
1,1,0.8890821,1,1,1,1,1,1,1
1,1,0.8931991,1,1,1,1,1,1,1
1,1,0.8972414,1,1,1,1,1,1,1
1,1,0.9012097,1,1,1,1,1,1,1
1,1,0.9051052,1,1,1,1,1,1,1
1,1,0.9089215,1,1,1,1,1,1,1
1,1,0.9126598,1,1,1,1,1,1,1
1,1,1,1,1,1,1,1,1,1
1,1,1,1,1,1,1,1,1,1
1,1,1,1,1,1,1,1,1,1
1,1,1,1,1,1,1,1,1,1
1,1,1,1,1,1,1,1,1,1
1,1,1,1,1,1,1,1,1,1
1,1,1,1,1,1,1,1,1,1
1,1,1,1,1,1,1,1,1,1
1,1,1,1,1,1,1,1,1,1
1,1,1,1,1,1,1,1,1,1
1,1,1,1,1,1,1,1,1,1
1,1,1,1,1,1,1,1,1,1
1,1,1,1,1,1,1,1,1,1
1,1,1,1,1,1,1,1,1,1
1,1,1,1,1,1,1,1,1,1
1,1,1,1,1,1,1,1,1,1
1,1,1,1,1,1,1,1,1,1
1,0.726135,1,1,1,1,1,1,1,2
1,0.7041503,1,1,1,1,1,1,1,2
1,0.6821759,1,1,1,1,1,1,1,2
1,0.6602799,1,1,1,1,1,1,1,2
1,0.6385177,1,1,1,1,1,1,1,2
1,0.6169536,1,1,1,1,1,1,1,2
1,0.5956382,1,1,1,1,1,1,1,2
1,0.574617,1,1,1,1,1,1,1,2
1,0.5539383,1,1,1,1,1,1,1,2
1,0.5542464,1,1,1,1,1,1,1,2
1,0.5639535,1,1,1,1,1,1,1,2
1,0.5739231,1,1,1,1,1,1,1,2
1,0.5841426,1,1,1,1,1,1,1,2
1,0.5945901,1,1,1,1,1,1,1,2
1,0.6052566,1,1,1,1,1,1,1,2
1,0.6161227,1,1,1,1,1,1,1,2
1,0.6271688,1,1,1,1,1,1,1,2
1,1,1,1,1,1,1,1,1,1
1,1,1,1,1,1,1,1,1,1
0.6402944,1,1,1,1,1,1,1,1,2
0.603161,1,1,1,1,1,1,1,1,2
0.5667106,1,1,1,1,1,1,1,1,2
0.5312183,1,1,1,1,1,1,1,1,2
0.4969041,1,1,1,1,1,1,1,1,2
0.4803803,1,1,1,1,1,1,1,1,2
0.4896306,1,1,1,1,1,1,1,1,2
0.499299,1,1,1,1,1,1,1,1,2
0.5093731,1,1,1,1,1,1,1,1,2
0.5198396,1,1,1,1,1,1,1,1,2
0.5306842,1,1,1,1,1,1,1,1,2
0.5418907,1,1,1,1,1,1,1,1,2
0.5534385,1,1,1,1,1,1,1,1,2
1,1,1,1,1,1,1,1,1,1
1,1,1,1,1,1,1,1,1,1
1,1,1,1,1,1,1,1,1,1
1,1,1,1,1,1,1,1,1,1
1,1,1,1,1,1,1,1,1,1
1,1,1,1,1,1,1,1,1,1
1,1,1,1,1,1,1,1,1,1
1,1,1,1,1,1,1,1,1,1
1,1,1,1,1,1,1,1,1,1
1,1,1,1,1,1,1,1,1,1
1,1,1,1,1,1,1,1,1,1
1,1,1,1,1,1,1,1,1,1
1,1,1,1,1,1,1,1,1,1
1,1,1,1,1,1,1,1,1,1
1,1,1,1,1,1,1,1,1,1
1,1,1,1,1,1,1,1,1,1
1,1,1,1,1,1,1,1,1,1
1,1,1,1,1,1,1,1,1,1
1,1,1,1,1,1,1,1,1,1
1,1,1,1,1,1,1,1,1,1
1,1,1,1,1,1,1,1,1,1
1,1,1,1,1,1,1,1,1,1
1,1,1,1,1,1,1,1,1,1
1,1,1,1,1,1,1,1,1,1
1,1,1,1,1,1,1,1,1,1
1,1,1,1,1,1,1,1,1,1
1,1,1,1,1,1,1,1,1,1
1,1,1,1,1,1,1,1,1,1
1,1,1,1,1,1,1,1,1,1
1,1,1,1,1,1,1,1,1,1
1,1,1,1,1,1,1,1,1,1
1,1,1,1,1,1,1,1,1,1
1,1,1,1,1,1,1,1,1,1
1,1,1,1,1,1,1,1,1,1
1,1,1,1,1,1,1,1,1,1
1,1,1,1,1,1,1,1,1,1
1,1,1,1,1,1,1,1,1,1
1,1,1,1,1,1,1,1,1,1
1,1,1,1,1,1,1,1,1,1
1,1,1,1,1,1,1,1,1,1
1,1,1,1,1,1,1,1,1,1
1,1,1,1,1,1,1,1,1,1
1,1,1,1,1,1,1,1,1,1
1,1,1,1,1,1,1,1,1,1
1,1,1,1,1,1,1,1,1,1
1,1,1,1,1,1,1,1,1,1
1,1,1,1,1,1,1,1,1,1
1,1,1,1,1,1,1,1,1,1
1,1,1,1,1,1,1,1,1,1
1,1,1,1,1,1,1,1,1,1
1,1,1,1,1,1,1,1,1,1
1,1,1,1,1,1,1,1,1,1
1,1,1,1,1,1,1,1,1,1
1,1,1,1,1,1,1,1,1,1
1,1,1,1,1,1,1,1,1,1
1,1,1,1,1,1,1,1,1,1
1,1,1,1,1,1,1,1,1,1
1,1,1,1,1,1,1,1,1,1
1,1,1,1,1,1,1,1,1,1
1,1,1,1,1,1,1,1,1,1
1,1,1,1,1,1,1,1,1,1
1,1,1,1,1,1,1,1,1,1
1,1,1,1,1,1,1,1,1,1
1,1,1,1,1,1,1,1,1,1
1,1,1,1,1,1,1,1,1,1
1,1,1,1,1,1,1,1,1,1
1,1,1,1,1,1,1,1,1,1
1,1,1,1,1,1,1,1,1,1
1,1,1,1,1,1,1,1,1,1
1,1,1,1,1,1,1,1,1,1
1,1,1,1,1,1,1,1,1,1
1,1,1,1,1,1,1,1,1,1
1,1,1,1,1,1,1,1,1,1
1,1,1,1,1,1,1,1,1,1
1,1,1,1,1,1,1,1,1,1
1,1,1,1,1,1,1,1,1,1
1,1,1,1,1,1,1,1,1,1
1,1,1,1,1,1,1,1,1,1
1,1,1,1,1,1,1,1,1,1
1,1,1,1,1,1,1,1,1,1
1,1,1,1,1,1,1,1,1,1
1,1,1,1,1,1,1,1,1,1
1,1,1,1,1,1,1,1,1,1
1,1,1,1,1,1,1,1,1,1
1,1,1,1,1,1,1,1,1,1
1,1,1,1,1,1,1,1,1,1
1,1,1,1,1,1,1,1,1,1
1,1,1,1,1,1,1,1,1,1
1,1,1,1,1,1,1,1,1,1
1,1,1,1,1,1,1,1,1,1
1,1,1,1,1,1,1,1,1,1
1,1,1,1,1,1,1,1,1,1
1,1,1,1,1,1,1,1,1,1
1,1,1,1,1,1,1,1,1,1
1,1,1,1,1,1,1,1,1,1
1,1,1,1,1,1,1,1,1,1
1,1,1,1,1,1,1,1,1,1
1,1,1,1,1,1,1,1,1,1
1,1,1,1,1,1,1,1,1,1
1,1,1,1,1,1,1,1,1,1
1,1,1,1,1,1,1,1,1,1
1,1,1,1,1,1,1,1,1,1
1,1,1,1,1,1,1,1,1,1
1,1,1,1,1,1,1,1,1,1
1,1,1,1,1,1,1,1,1,1
1,1,1,1,1,1,1,1,1,1
1,1,1,1,1,1,1,1,1,1
1,1,1,1,1,1,1,1,1,1
1,1,1,1,1,1,1,1,1,1
1,1,1,1,1,1,1,1,1,1
1,1,1,1,1,1,1,1,1,1
1,1,1,1,1,1,1,1,1,1
1,1,1,1,1,1,1,1,1,1
1,1,1,1,1,1,1,1,1,1
1,1,1,1,1,1,1,1,1,1
1,1,1,1,1,1,1,1,1,1
1,1,1,1,1,1,1,1,1,1
1,1,1,1,1,1,1,1,1,1
1,1,1,1,1,1,1,1,1,1
1,1,1,1,1,1,1,1,1,1
1,1,1,1,1,1,1,1,1,1
1,1,1,1,1,1,1,1,1,1
1,1,1,1,1,1,1,1,1,1
1,1,1,1,1,1,1,1,1,1
1,1,1,1,1,1,1,1,1,1
1,1,1,1,1,1,1,1,1,1
1,1,1,1,1,1,1,1,1,1
1,1,1,1,1,1,1,1,1,1
1,1,1,1,1,1,1,1,1,1
1,1,1,1,1,1,1,1,1,1
1,1,1,1,1,1,1,1,1,1
1,1,1,1,1,1,1,1,1,1
1,1,1,1,1,1,1,1,1,1
1,1,1,1,1,1,1,1,1,1
1,1,1,1,1,1,1,1,1,1
1,1,1,1,1,1,1,1,1,1
1,1,1,1,1,1,1,1,1,1
1,1,1,1,1,1,1,1,1,1
1,1,1,1,1,1,1,1,1,1
1,1,1,1,1,1,1,1,1,1
1,1,1,1,1,1,1,1,1,1
1,1,1,1,1,1,1,1,1,1
1,1,1,1,1,1,1,1,1,1
1,1,1,1,1,1,1,1,1,1
1,1,1,1,1,1,1,1,1,1
1,1,1,1,1,1,1,1,1,1
1,1,1,1,1,1,1,1,1,1
1,1,1,1,1,1,1,1,1,1
1,1,1,1,1,1,1,1,1,1
1,1,1,1,1,1,1,1,1,1
1,1,1,1,1,1,1,1,1,1
1,1,1,1,1,1,1,1,1,1
1,1,1,1,1,1,1,1,1,1
1,1,1,1,1,1,1,1,1,1
1,1,1,1,1,1,1,1,1,1
1,1,1,1,1,1,1,1,1,1
1,1,1,1,1,1,1,1,1,1
1,1,1,1,1,1,1,1,1,1
1,1,1,1,1,1,1,1,1,1
1,1,1,1,1,1,1,1,1,1
1,1,1,1,1,1,1,1,1,1
1,1,1,1,1,1,1,1,1,1
1,1,1,1,1,1,1,1,1,1
1,1,1,1,1,1,1,1,1,1
1,1,1,1,1,1,1,1,1,1
1,1,1,1,1,1,1,1,1,1
1,1,1,1,1,1,1,1,1,1
1,1,1,1,1,1,1,1,1,1
1,1,1,1,1,1,1,1,1,1
1,1,1,1,1,1,1,1,1,1
1,1,1,1,1,1,1,1,1,1
1,1,1,1,1,1,1,1,1,1
1,1,1,1,1,1,1,1,1,1
1,1,1,1,1,1,1,1,1,1
1,1,1,1,1,1,1,1,1,1
1,1,1,1,1,1,1,1,1,1
1,1,1,1,1,1,1,1,1,1
1,1,1,1,1,1,1,1,1,1
1,1,1,1,1,1,1,1,1,1
1,1,1,1,1,1,1,1,1,1
1,1,1,1,1,1,1,1,1,1
1,1,1,1,1,1,1,1,1,1
1,1,1,1,1,1,1,1,1,1
1,1,1,1,1,1,1,1,1,1
1,1,1,1,1,1,1,1,1,1
1,1,1,1,1,1,1,1,1,1
1,1,1,1,1,1,1,1,1,1
1,1,1,1,1,1,1,1,1,1
1,1,1,1,1,1,1,1,1,1
1,1,1,1,1,1,1,1,1,1
1,1,1,1,1,1,1,1,1,1
1,1,1,1,1,1,1,1,1,1
1,1,1,1,1,1,1,1,1,1
1,1,1,1,1,1,1,1,1,1
1,1,1,1,1,1,1,1,1,1
1,1,1,1,1,1,1,1,1,1
1,1,1,1,1,1,1,1,1,1
1,1,1,1,1,1,1,1,1,1
1,1,1,1,1,1,1,1,1,1
1,1,1,1,1,1,1,1,1,1
1,1,1,1,1,1,1,1,1,1
1,1,1,1,1,1,1,1,1,1
1,1,1,1,1,1,1,1,1,1
1,1,1,1,1,1,1,1,1,1
1,1,1,1,1,1,1,1,1,1
1,1,1,1,1,1,1,1,1,1
1,1,1,1,1,1,1,1,1,1
1,1,1,1,1,1,1,1,1,1
1,1,1,1,1,1,1,1,1,1
1,1,1,1,1,1,1,1,1,1
1,1,1,1,1,1,1,1,1,1
1,1,1,1,1,1,1,1,1,1
1,1,1,1,1,1,1,1,1,1
1,1,1,1,1,1,1,1,1,1
1,1,1,1,1,1,1,1,1,1
1,1,1,1,1,1,1,1,1,1
1,1,1,1,1,1,1,1,1,1
1,1,1,1,1,1,1,1,1,1
1,1,1,1,1,1,1,1,1,1
1,1,1,1,1,1,1,1,1,1
1,1,1,1,1,1,1,1,1,1
1,1,1,1,1,1,1,1,1,1
1,1,1,1,1,1,1,1,1,1
1,1,1,1,1,1,1,1,1,1
1,1,1,1,1,1,1,1,1,1
1,1,1,1,1,1,1,1,1,1
1,1,1,1,1,1,1,1,1,1
1,1,1,1,1,1,1,1,1,1
1,1,1,1,1,1,1,1,1,1
1,1,1,1,1,1,1,1,1,1
1,1,1,1,1,1,1,1,1,1
1,1,1,1,1,1,1,1,1,1
1,1,1,1,1,1,1,1,1,1
1,1,1,1,1,1,1,1,1,1
1,1,1,1,1,1,1,1,1,1
1,1,1,1,1,1,1,1,1,1
1,1,1,1,1,1,1,1,1,1
1,1,1,1,1,1,1,1,1,1
1,1,1,1,1,1,1,1,1,1
1,1,1,1,1,1,1,1,1,1
1,1,1,1,1,1,1,1,1,1
1,1,1,1,1,1,1,1,1,1
1,1,1,1,1,1,1,1,1,1
1,1,1,1,1,1,1,1,1,1
1,1,1,1,1,1,1,1,1,1
1,1,1,1,1,1,1,1,1,1
1,1,1,1,1,1,1,1,1,1
1,1,1,1,1,1,1,1,1,1
1,1,1,1,1,1,1,1,1,1
1,1,1,1,1,1,1,1,1,1
1,1,1,1,1,1,1,1,1,1
1,1,1,1,1,1,1,1,1,1
1,1,1,1,1,1,1,1,1,1
1,1,1,1,1,1,1,1,1,1
1,1,1,1,1,1,1,1,1,1
1,1,1,1,1,1,1,1,1,1
1,1,1,1,1,1,0.9895378,1,1,1
1,1,1,1,1,1,0.978419,1,1,1
1,1,1,1,1,1,0.9672133,1,1,1
1,1,1,1,1,1,0.9559239,1,1,1
1,1,1,1,1,1,0.944554,1,1,1
1,1,1,1,1,1,0.9331066,1,1,1
1,1,1,1,1,1,0.9215857,1,1,1
1,1,1,1,1,1,0.9099954,1,1,1
1,1,1,1,1,1,0.8983396,1,1,1
1,1,1,1,1,1,0.8866229,1,1,1
1,1,1,1,1,1,0.87485,1,1,1
1,1,1,1,1,1,0.8630255,1,1,1
1,1,1,1,1,1,0.8511578,1,1,1
1,1,1,1,1,1,0.8392485,1,1,1
1,1,1,1,1,1,0.8273029,1,1,1
1,1,1,1,1,1,0.8153262,1,1,1
1,1,1,1,1,1,0.8033236,1,1,1
1,1,1,1,1,1,0.7913036,1,1,1
1,1,1,1,1,1,0.7792681,1,1,1
1,1,1,1,1,1,0.7672222,1,1,1
1,1,1,1,1,1,0.7551744,1,1,1
1,1,1,1,1,1,0.7431263,1,1,1
1,1,1,1,1,1,0.731086,1,1,0
1,1,1,1,1,1,0.7200102,1,1,0
1,1,1,1,1,1,0.7294863,1,1,0
1,1,1,1,1,1,0.7389387,1,1,1
1,1,1,1,1,1,0.7483534,1,1,1
1,1,1,1,1,1,0.7577158,1,1,1
1,1,1,1,1,1,0.7670206,1,1,1
1,1,1,1,1,1,0.7762625,1,1,1
1,1,1,1,1,1,0.785419,1,1,1
1,1,1,1,1,1,0.794494,0.8338293,1,0
1,1,1,1,1,1,0.8146454,0.8132154,1,0
1,1,1,1,1,1,0.8365191,0.7928122,1,0
1,1,1,1,1,1,0.8602206,0.7726554,1,0
1,1,1,1,1,1,0.8858625,0.7527719,1,0
1,1,1,1,1,1,1,0.7331879,1,0
1,1,1,1,1,1,1,0.7146419,1,0
1,1,1,1,1,1,1,0.696116,1,0
1,1,1,1,1,1,1,0.6776499,1,0
1,1,1,1,1,1,1,0.6592814,1,0
1,1,1,1,1,1,1,0.6410424,1,0
1,1,1,1,1,1,1,0.6229622,1,0
1,1,1,1,1,1,1,0.6050717,1,0
1,1,1,1,1,1,1,0.5873986,1,0
1,1,1,1,1,1,1,0.5699642,1,0
1,1,1,1,1,1,1,0.5527905,1,0
1,1,1,1,1,1,1,0.5358928,1,0
1,1,1,1,1,1,1,0.519287,1,0
1,1,1,1,1,1,1,0.5255369,1,0
1,1,1,1,1,1,1,0.5388237,1,0
1,1,1,1,1,1,1,0.5524107,1,0
1,1,1,1,1,1,1,0.5662737,0.7299805,0
1,1,1,1,1,1,1,0.5893556,0.6896525,0
1,1,1,1,1,1,1,0.6150135,0.6516342,0
1,1,1,1,1,1,1,0.6434425,0.6159305,0
1,1,1,1,1,1,1,0.6748577,0.5824999,0
1,1,1,1,1,1,1,0.7094769,0.5512571,0
1,1,1,1,1,1,1,1,0.5220915,0
1,1,1,1,1,1,1,1,0.4976912,0
1,1,1,1,1,1,1,1,0.4740978,0
1,1,1,1,1,1,1,1,0.4612717,0
1,1,1,1,1,1,1,1,0.4744864,0
1,1,1,1,1,1,1,1,0.4881496,0
1,1,1,1,1,1,1,1,0.5022385,0
1,1,1,1,1,1,1,1,0.5167282,0
1,1,1,1,1,1,1,1,0.5316005,0
1,1,1,1,1,1,1,1,0.5468262,0
1,1,1,1,1,1,1,1,0.5623834,0
1,1,1,1,1,1,1,1,0.5782387,0
1,1,1,1,1,1,1,1,0.5943623,0
1,1,1,1,1,1,1,1,0.6107265,0
1,1,1,1,1,1,1,1,0.6272984,0
1,1,1,1,1,1,1,1,0.6440431,0
1,1,1,1,1,1,1,1,0.6609246,0
1,1,1,1,1,1,1,1,1,1
1,1,1,1,1,1,1,1,1,1
1,1,1,1,1,1,1,1,1,1
1,1,1,1,1,1,1,1,1,1
1,1,1,1,1,1,1,1,1,1
1,1,1,1,1,1,1,1,1,1
1,1,1,1,1,1,1,1,1,1
1,1,1,1,1,1,1,1,1,1
1,1,1,1,1,1,1,1,1,1
1,1,1,1,1,1,1,1,1,1
1,1,1,1,1,1,1,1,1,1
1,1,1,1,1,1,1,1,1,1
1,1,1,1,1,1,1,1,1,1
1,1,1,1,1,1,1,1,1,1
1,1,1,1,1,1,1,1,1,1
1,1,1,1,1,1,1,1,1,1
1,1,1,1,1,1,1,1,1,1
1,1,1,1,1,1,1,1,1,1
1,1,1,1,1,1,1,1,1,1
1,1,1,1,1,1,1,1,1,1
1,1,1,1,1,1,1,1,1,1
1,1,1,1,1,1,1,1,1,1
1,1,1,1,1,1,1,1,1,1
1,1,1,1,1,1,1,1,1,1
1,1,1,1,1,1,1,1,1,1
1,1,1,1,1,1,1,1,1,1
1,1,1,1,1,1,1,1,1,1
1,1,1,1,1,1,1,1,1,1
1,1,1,1,1,1,1,1,1,1
1,1,1,1,1,1,1,1,1,1
1,1,1,1,1,1,1,1,1,1
1,1,1,1,1,1,1,1,1,1
1,1,1,1,1,1,1,1,1,1
1,1,1,1,1,1,1,1,1,1
1,1,1,1,1,1,1,1,1,1
1,1,1,1,1,1,1,1,0.9973555,1
1,1,1,1,1,1,1,1,0.987045,1
1,1,1,1,1,1,1,1,0.9765273,1
1,1,1,1,1,1,1,1,0.9658139,1
1,1,1,1,1,1,1,1,0.9549047,1
1,1,1,1,1,1,1,1,0.9438128,1
1,1,1,1,1,1,1,1,0.9325405,1
1,1,1,1,1,1,1,1,0.9211027,1
1,1,1,1,1,1,1,1,0.9095072,1
1,1,1,1,1,1,1,1,0.9101337,1
1,1,1,1,1,1,1,1,0.9227537,1
1,1,1,1,1,1,1,1,0.935078,1
1,1,1,1,1,1,1,1,0.9470995,1
1,1,1,1,1,1,1,1,0.9588017,1
1,1,1,1,1,1,1,1,0.9701806,1
1,1,1,1,1,1,1,1,0.9812276,1
1,1,1,1,1,1,1,1,0.9919354,1
1,1,1,1,1,1,1,1,1,1
1,1,1,1,1,1,1,1,1,1
1,1,0.9982251,1,1,1,1,1,1,1
1,1,0.9808418,1,1,1,1,1,1,1
1,1,0.9622426,1,1,1,1,1,1,1
1,1,0.9424222,1,1,1,1,1,1,1
1,1,0.9213744,1,1,1,1,1,1,1
1,1,0.8991331,1,1,1,1,1,1,1
1,1,0.8757347,1,1,1,1,1,1,2
1,1,0.8512506,1,1,1,1,1,1,2
1,1,0.8405312,1,1,1,1,1,1,2
1,1,0.8364955,1,1,1,1,1,1,2
1,1,0.8325788,1,1,1,1,1,1,2
1,1,0.8287796,1,1,1,1,1,1,2
1,1,0.8251007,1,1,1,1,1,1,2
1,1,0.821541,1,1,1,1,1,1,2
1,1,0.8180995,1,1,1,1,1,1,2
1,1,0.8147785,1,1,1,1,1,1,2
1,1,0.8115771,1,1,1,1,1,1,2
1,1,0.808498,1,1,1,1,1,1,2
1,1,0.8055361,1,1,1,1,1,1,2
1,1,0.8026941,1,1,1,1,1,1,2
1,1,0.7999746,1,1,1,1,1,1,2
1,1,0.7973725,1,1,1,1,1,1,2
1,1,0.7948905,1,1,1,1,1,1,2
1,1,0.7925276,1,1,1,1,1,1,2
1,1,0.7902821,1,1,1,1,1,1,2
1,1,0.7881569,1,1,1,1,1,1,2
1,1,0.7861469,1,1,1,1,1,1,2
1,1,0.7842546,1,1,1,1,1,1,2
1,1,0.7824789,1,1,1,1,1,1,2
1,1,0.7808182,1,1,1,1,1,1,2
1,1,0.7792753,1,1,1,1,1,1,2
1,0.9190725,0.777845,1,1,1,1,1,1,2
1,0.8375454,0.7785768,1,1,1,1,1,1,2
1,0.753046,0.7816015,1,1,1,1,1,1,2
1,0.6691509,1,1,1,1,1,1,1,2
1,0.6229246,1,1,1,1,1,1,1,2
1,0.6215108,1,1,1,1,1,1,1,2
1,0.6203739,1,1,0.9903485,1,1,1,1,2
1,0.6195479,1,1,0.9741877,1,1,1,1,2
1,0.6190552,1,1,0.9583147,1,1,1,1,2
1,0.6188997,1,1,0.9863153,1,1,1,1,2
1,0.6189299,1,1,1,1,1,1,1,2
1,0.6191889,1,0.9841844,1,1,1,1,0.9938916,2
1,0.6197422,1,0.9657396,1,1,1,1,0.987926,2
1,0.6206031,1,0.9477322,1,1,1,1,0.9821082,2
1,0.6217663,1,0.9301624,1,1,1,1,0.9764583,2
1,0.6232252,1,0.9130329,1,1,1,1,0.970991,2
1,0.6249725,1,0.896336,1,1,1,1,0.965717,2
1,0.6269973,1,0.8800638,1,1,1,1,0.9606462,2
0.6285616,0.6292908,1,0.8642027,1,1,1,1,0.9557816,2
0.5564284,0.6342422,1,0.8619582,1,1,1,1,0.9479139,2
0.5556295,0.6398276,1,0.9066588,1,1,1,1,0.9403922,2
0.5552806,1,1,0.9579285,1,1,1,1,0.9331971,2
0.5550183,1,1,1,1,1,1,1,0.9280728,2
0.5549994,1,1,1,1,1,1,1,0.9234003,2
0.5552543,1,0.8632237,1,1,1,1,1,0.9189299,2
0.5560917,1,0.8425674,1,1,1,1,1,0.9136423,2
0.5573045,1,0.8225905,1,1,1,1,1,0.9085267,2
0.558894,1,0.8032817,1,1,1,1,1,0.9035919,2
0.5608537,1,0.7846318,1,1,1,1,1,0.8988476,2
0.5631789,1,0.7666197,1,1,1,1,1,0.8942959,2
0.5658603,1,0.7492274,1,1,1,1,1,0.8899382,2
0.5688878,1,0.747571,1,1,1,1,1,0.8857721,2
0.5722047,1,0.7786521,1,1,1,1,1,0.8818431,2
0.5756869,1,0.8108433,1,1,1,1,1,0.8782307,2
0.5793011,1,0.844044,1,1,1,1,1,0.8748882,2
1,1,1,1,1,1,1,1,0.8717726,0
1,1,1,1,1,1,1,1,0.8718214,0
1,1,1,1,1,1,1,1,0.8719462,0
1,1,1,1,1,1,1,1,0.8721468,0
1,1,1,1,1,1,1,1,0.8724256,0
1,1,1,1,1,1,1,1,0.8727791,0
1,1,1,1,1,1,1,1,0.8732066,0
1,1,1,1,1,1,1,1,0.8737075,0
1,1,1,1,1,1,1,1,0.8742811,0
1,1,1,1,1,1,1,1,0.8749269,0
1,1,1,1,1,1,1,1,0.8756407,0
1,1,1,1,1,1,1,1,0.8764251,0
1,1,1,1,1,1,1,1,0.8772761,0
1,1,1,1,1,1,1,1,0.8781959,0
1,1,1,1,1,1,1,1,1,1
1,1,1,1,1,1,1,1,1,1
1,1,1,1,1,1,1,1,1,1
1,1,1,1,1,1,1,1,1,1
1,1,1,1,1,1,1,1,1,1
1,1,1,1,1,1,1,1,1,1
1,1,1,1,1,1,1,1,1,1
1,1,1,1,1,1,1,1,1,1
1,1,1,1,1,1,1,1,1,1
1,0.6151226,1,1,1,1,1,1,1,2
1,0.5913944,1,1,1,1,1,1,1,2
1,0.5680203,1,1,1,1,1,1,1,2
1,0.5450622,1,1,1,1,1,1,1,2
1,0.5225729,1,1,1,1,1,1,1,2
1,0.5005918,1,1,1,1,1,1,1,2
1,0.4791533,1,1,1,1,1,1,1,2
1,0.4582841,1,1,1,1,1,1,1,2
1,0.4649952,1,1,1,1,1,1,1,2
1,0.4748935,1,1,1,1,1,1,1,2
1,0.4851689,1,1,1,1,1,1,1,2
1,0.4958133,1,1,1,1,1,1,1,2
1,0.5068125,1,1,1,1,1,1,1,2
1,0.5181557,1,1,1,1,1,1,1,2
1,0.5298215,1,1,1,1,1,1,1,2
0.5440555,1,1,1,1,1,1,1,1,2
0.5067535,1,1,1,1,1,1,1,1,2
0.4709142,1,1,1,1,1,1,1,1,2
0.4367171,1,1,1,1,1,1,1,1,2
0.4042673,1,1,1,1,1,1,1,1,2
0.4089,1,1,1,1,1,1,1,1,2
0.418584,1,1,1,1,1,1,1,1,2
0.4287716,1,1,1,1,1,1,1,0.9971018,2
0.4394155,1,1,1,1,1,1,1,0.9099815,2
0.4492434,1,1,1,1,1,1,1,0.87573,2
0.4588495,1,1,1,1,1,1,1,0.8600234,2
0.4684495,1,1,1,1,1,1,1,0.8530098,2
1,1,1,1,1,1,1,1,0.8507057,0
1,1,1,1,1,1,1,1,0.9407927,1
1,1,1,1,1,1,1,1,1,1
1,1,1,1,1,1,1,1,1,1
1,1,1,1,1,1,1,1,1,1
1,1,1,1,1,1,1,1,1,1
1,1,1,1,1,1,1,1,1,1
1,1,1,1,1,1,1,1,1,1
1,1,1,1,1,1,1,1,1,1
1,1,1,1,1,1,1,1,1,1
1,1,1,1,1,1,1,1,1,1
1,1,1,1,1,1,1,1,1,1
1,1,1,1,1,1,1,1,1,1
1,1,1,1,1,1,1,1,1,1
1,1,1,1,1,1,1,1,1,1
1,1,1,1,1,1,1,1,1,1
1,1,1,1,1,1,1,1,1,1
1,1,1,1,1,1,1,1,1,1
1,1,1,1,1,1,1,1,1,1
1,1,1,1,1,1,1,1,1,1
1,1,1,1,1,1,1,1,1,1
1,1,1,1,1,1,1,1,1,1
1,1,1,1,1,1,1,1,1,1
1,1,1,1,1,1,1,1,1,1
1,1,1,1,1,1,1,1,1,1
1,1,1,1,1,1,1,1,1,1
1,1,1,1,1,1,1,1,1,1
1,1,1,1,1,1,1,1,1,1
1,1,1,1,1,1,1,1,1,1
1,1,1,1,1,1,1,1,1,1
1,1,1,1,1,1,1,1,1,1
1,1,1,1,1,1,1,1,1,1
1,1,1,1,1,1,1,1,1,1
1,1,1,1,1,1,1,1,1,1
1,1,1,1,1,1,1,1,1,1
1,1,1,1,1,1,1,1,1,1
1,1,1,1,1,1,1,1,1,1
1,1,1,1,1,1,1,1,1,1
1,1,1,1,1,1,1,1,1,1
1,1,1,1,1,1,1,1,1,1
1,1,1,1,1,1,1,1,1,1
1,1,1,1,1,1,1,1,1,1
1,1,1,1,1,1,1,1,1,1
1,1,1,1,1,1,1,1,1,1
1,1,1,1,1,1,1,1,1,1
1,1,1,1,1,1,1,1,1,1
1,1,1,1,1,1,1,1,1,1
1,1,1,1,1,1,1,1,1,1
1,1,1,1,1,1,1,1,1,1
1,1,1,1,1,1,1,1,1,1
1,1,1,1,1,1,1,1,1,1
1,1,1,1,1,1,1,1,1,1
1,1,1,1,1,1,1,1,1,1
1,1,1,1,1,1,1,1,1,1
1,1,1,1,1,1,1,1,1,1
1,1,1,1,1,1,1,1,1,1
1,1,1,1,1,1,1,1,1,1
1,1,1,1,1,1,1,1,1,1
1,1,1,1,1,1,1,1,1,1
1,1,1,1,1,1,1,1,1,1
1,1,1,1,1,1,1,1,1,1
1,1,1,1,1,1,1,1,1,1
1,1,1,1,1,1,1,1,1,1
1,1,1,1,1,1,1,1,1,1
1,1,1,1,1,1,1,1,1,1
1,1,1,1,1,1,1,1,1,1
1,1,1,1,1,1,1,1,1,1
1,1,1,1,1,1,1,1,1,1
1,1,1,1,1,1,1,1,1,1
1,1,1,1,1,1,1,1,1,1
1,1,1,1,1,1,1,1,1,1
1,1,1,1,1,1,1,1,1,1
1,1,1,1,1,1,1,1,1,1
1,1,1,1,1,1,1,1,1,1
1,1,1,1,1,1,1,1,1,1
1,1,1,1,1,1,1,1,1,1
1,1,1,1,1,1,1,1,1,1
1,1,1,1,1,1,1,1,1,1
1,1,1,1,1,1,1,1,1,1
1,1,1,1,1,1,1,1,1,1
1,1,1,1,1,1,1,1,1,1
1,1,1,1,1,1,1,1,1,1
1,1,1,1,1,1,1,1,1,1
1,1,1,1,1,1,1,1,1,1
1,1,1,1,1,1,1,1,1,1
1,1,1,1,1,1,1,1,1,1
1,1,1,1,1,1,1,1,1,1
1,1,1,1,1,1,1,1,1,1
1,1,1,1,1,1,1,1,1,1
1,1,1,1,1,1,1,1,1,1
1,1,1,1,1,1,1,1,1,1
1,1,1,1,1,1,1,1,1,1
1,1,1,1,1,1,1,1,1,1
1,1,1,1,1,1,1,1,1,1
1,1,1,1,1,1,1,1,1,1
1,1,1,1,1,1,1,1,1,1
1,1,1,1,1,1,1,1,1,1
1,1,1,1,1,1,1,1,1,1
1,1,1,1,1,1,1,1,1,1
1,1,1,1,1,1,1,1,1,1
1,1,1,1,1,1,1,1,1,1
1,1,1,1,1,1,1,1,1,1
1,1,1,1,1,1,1,1,1,1
1,1,1,1,1,1,1,1,1,1
1,1,1,1,1,1,1,1,1,1
1,1,1,1,1,1,1,1,1,1
1,1,1,1,1,1,1,1,1,1
1,1,1,1,1,1,1,1,1,1
1,1,1,1,1,1,1,1,1,1
1,1,1,1,1,1,1,1,1,1
1,1,1,1,1,1,1,1,1,1
1,1,1,1,1,1,1,1,1,1
1,1,1,1,1,1,1,1,1,1
1,1,1,1,1,1,1,1,1,1
1,1,1,1,1,1,1,1,1,1
1,1,1,1,1,1,1,1,1,1
1,1,1,1,1,1,1,1,1,1
1,1,1,1,1,1,1,1,1,1
1,1,1,1,1,1,1,1,1,1
1,1,1,1,1,1,1,1,1,1
1,1,1,1,1,1,1,1,1,1
1,1,1,1,1,1,1,1,1,1
1,1,1,1,1,1,1,1,1,1
1,1,1,1,1,1,1,1,1,1
1,1,1,1,1,1,1,1,1,1
1,1,1,1,1,1,1,1,1,1
1,1,1,1,1,1,1,1,1,1
1,1,1,1,1,1,1,1,1,1
1,1,1,1,1,1,1,1,1,1
1,1,1,1,1,1,1,1,1,1
1,1,1,1,1,1,1,1,1,1
1,1,1,1,1,1,1,1,1,1
1,1,1,1,1,1,1,1,1,1
1,1,1,1,1,1,1,1,1,1
1,1,1,1,1,1,1,1,1,1
1,1,1,1,1,1,1,1,1,1
1,1,1,1,1,1,1,1,1,1
1,1,1,1,1,1,1,1,1,1
1,1,1,1,1,1,1,1,1,1
1,1,1,1,1,1,1,1,1,1
1,1,1,1,1,1,1,1,1,1
1,1,1,1,1,1,1,1,1,1
1,1,1,1,1,1,1,1,1,1
1,1,1,1,1,1,1,1,1,1
1,1,1,1,1,1,1,1,1,1
1,1,1,1,1,1,1,1,1,1
1,1,1,1,1,1,1,1,1,1
1,1,1,1,1,1,1,1,1,1
1,1,1,1,1,1,1,1,1,1
1,1,1,1,1,1,1,1,1,1
1,1,1,1,1,1,1,1,1,1
1,1,1,1,1,1,1,1,1,1
1,1,1,1,1,1,1,1,1,1
1,1,1,1,1,1,1,1,1,1
1,1,1,1,1,1,1,1,1,1
1,1,1,1,1,1,1,1,1,1
1,1,1,1,1,1,1,1,1,1
1,1,1,1,1,1,1,1,1,1
1,1,0.9913393,1,1,1,1,1,1,1
1,1,0.9843969,1,0.9962729,1,1,1,1,1
1,1,0.9849876,1,0.9862723,1,1,1,1,1
1,1,0.9855633,1,0.9762718,1,1,1,1,1
1,1,0.9861242,1,0.9662715,1,1,1,1,1
1,1,0.9866703,1,0.9562711,1,1,1,1,1
1,1,0.9872018,1,0.9462708,1,1,1,1,1
1,1,0.9877115,1,0.9362704,1,1,1,1,1
1,1,0.988207,1,0.9262702,1,1,1,1,1
1,1,0.9886886,1,0.91627,1,1,1,1,1
1,1,0.9891491,1,0.9062697,1,1,1,1,1
1,1,0.9895962,1,0.8962694,1,1,1,1,1
1,1,0.9900304,1,0.8862692,1,1,1,1,1
1,1,0.9904445,1,0.876269,1,1,1,1,1
1,1,0.9908465,1,0.8662686,1,1,1,1,1
1,1,0.9912289,1,0.8562683,1,1,1,1,1
1,1,0.9915997,1,0.846268,1,1,1,1,1
1,1,0.9919522,1,0.8362678,1,1,1,1,1
1,1,0.9922868,1,0.8262674,1,1,1,1,1
1,1,0.9926112,1,0.8162671,1,1,1,1,1
1,1,0.9929186,1,0.8062667,1,1,1,1,1
1,1,0.9932094,1,0.7962663,1,1,1,1,1
1,1,0.9934915,1,0.7862659,1,1,1,1,1
1,1,0.9937579,1,0.7762654,1,1,1,1,1
1,1,0.9940095,1,0.766265,1,1,1,1,1
1,1,0.9942462,1,0.7562645,1,1,0.9852022,1,1
1,0.9889463,0.9934357,0.7572876,0.7462626,1,1,0.9690827,1,1
1,0.9721175,0.9960631,0.7469897,0.7362655,1,1,0.9547912,1,1
1,0.9552503,0.9989006,0.7366872,0.7262697,1,1,0.9405479,1,1
1,0.9383562,1,0.7263817,0.7162752,1,1,0.926342,1,1
1,0.9214117,1,0.7160704,0.7062823,1,1,0.9127215,1,1
1,0.9043881,1,0.7057502,0.6962916,1,1,0.9114339,1,1
1,0.8868885,1,0.6953775,0.6863065,1,1,0.9097347,1,1
1,0.8689741,1,0.684962,0.6763318,1,1,0.9076411,1,1
1,0.8506991,1,0.6745082,0.6663665,1,1,0.9051691,1,1
1,0.8321239,1,0.6640236,0.6564127,1,1,0.9023422,1,1
1,0.8133092,1,0.6535162,0.6464725,1,1,0.8991821,1,2
1,0.7943198,1,0.6429965,0.636551,1,1,0.8957167,1,2
1,0.7752095,1,0.6324691,0.6266468,1,1,0.8919708,1,2
1,0.756039,1,0.6219443,0.6167645,1,1,0.8879784,1,2
1,0.7368556,1,0.6114255,0.6069023,1,1,0.883765,1,2
1,0.7177128,1,0.6009218,0.5970638,1,1,0.8793638,1,2
1,0.6986543,1,0.5904384,0.5872493,1,1,0.8748032,1,2
1,0.6797235,1,0.5799831,0.5774617,1,1,0.8701099,1,2
1,0.6609505,1,0.5695566,0.567697,1,1,0.8653091,1,2
1,0.6423645,1,0.5591618,0.5579544,1,1,0.8604315,1,2
1,0.6239941,1,0.5488039,0.5482351,1,1,0.8554977,1,2
1,0.6058589,1,0.5384845,0.5385371,1,1,0.85053,1,2
1,0.6054642,1,0.5282041,0.5288584,1,1,0.8455442,1,2
1,0.6106175,1,0.5179828,0.5191694,1,1,0.8408631,1,2
1,0.6155201,1,0.507815,0.5094551,1,1,0.8365501,1,2
1,0.620169,1,0.4976946,0.4997171,1,1,0.8325713,1,1
1,0.6245716,1,0.4876139,0.4899546,1,1,0.8288907,1,1
1,0.6287318,1,0.4775637,0.4801648,1,1,0.8254803,1,1
0.9601302,0.6326549,1,0.4675389,0.4703485,1,1,0.8223157,1,2
0.9237479,0.6374372,1,0.4575033,0.4606,1,1,0.8185353,1,2
0.8863312,0.6429498,0.4687315,0.4474698,0.4509058,1,1,0.8142872,1,2
0.8350685,0.6541425,0.4565722,0.4373575,1,1,1,0.8061655,1,2
0.7803314,0.6689004,0.4441262,0.4273209,1,1,1,0.7963128,1,2
0.7290292,0.6850334,0.4318918,0.4174318,1,1,1,0.7864723,1,2
0.6812974,0.7024599,0.4199032,0.4076954,1,1,1,0.7767689,1,2
0.6370934,0.7210764,0.4081752,0.3981038,1,1,1,0.7672979,1,2
0.5962687,0.740757,0.396714,0.3886467,1,1,1,0.7581307,1,2
0.5585962,0.7613701,0.3855136,0.3793071,1,1,1,0.7493073,1,2
0.5238174,0.7827719,0.3745644,0.3700693,1,1,1,0.7408485,1,2
0.5271515,0.8048149,0.3638493,0.3609138,1,1,1,0.7327579,1,2
0.5346426,0.8257253,0.3534128,1,1,1,1,0.7254448,1,2
0.5428763,1,0.3430664,1,1,1,1,0.7178646,1,2
0.5496332,1,0.3330671,1,1,1,1,0.7119053,1,2
0.5563177,1,0.323175,1,1,1,1,0.7061844,1,2
0.5629123,1,0.3133712,1,1,1,1,0.7006787,1,2
0.5694002,0.3520394,0.3036446,1,1,1,1,0.6953686,1,2
0.5815485,0.3371377,0.2936614,1,1,1,1,0.6865653,1,2
0.5937235,0.3230892,0.2839246,1,1,1,1,0.6783824,1,2
0.6058493,0.3097686,0.274391,1,1,1,1,0.6707214,1,2
0.6178612,0.2970611,0.2650163,1,1,1,0.8531195,0.6634975,1,2
0.6273438,0.2855035,0.2557805,1,1,1,0.8410532,0.6575609,1,2
0.6363935,0.2742872,0.246605,1,1,1,0.8301358,0.6518897,1,2
0.6450137,0.2633504,1,1,1,1,0.8201941,0.6464413,1,2
0.6530215,0.252686,1,1,1,1,0.8113287,0.6412466,1,1
0.6607236,0.2421855,1,1,1,1,0.803037,0.6361774,1,1
0.6681231,0.2318201,1,1,1,1,0.7952552,0.6312194,1,1
0.6752249,0.2215706,1,1,1,1,0.7879282,0.6263613,1,1
0.2967524,0.211417,1,1,1,1,0.7810087,0.6215943,1,2
0.2783911,0.2002918,1,1,1,1,0.7665813,0.6148781,1,2
0.2609709,0.1894667,1,1,1,1,0.7529364,0.6083174,1,2
0.2443829,0.1789105,1,1,1,1,0.74,0.6018907,1,2
0.2285346,0.1685981,1,1,1,1,0.7277077,0.5955814,1,2
0.2133358,0.1585003,1,1,1,1,0.7159966,0.5893711,1,2
0.1987147,0.1545089,1,1,1,1,0.7048098,0.5832443,1,2
0.1846196,0.1729755,1,1,1,1,0.6941417,0.5771989,1,2
0.1710381,0.1920368,1,1,1,1,0.6840909,0.5712539,1,2
0.1578833,0.2115733,1,1,0.9872273,1,0.6745818,0.5653921,1,2
0.1451269,0.231265,1,1,0.9807276,1,0.6656768,0.5596274,1,2
0.1326805,0.251054,1,1,0.9736611,1,0.6572415,0.5539309,1,1
0.1240446,0.2707879,1,1,0.9660504,1,0.6492292,0.5482959,1,1
0.1321649,0.29024,1,1,0.9578617,1,0.6416392,0.5427228,1,1
0.1401509,1,1,1,0.9488498,1,0.6346347,0.5372508,1,0
0.1464577,1,1,1,0.9338404,1,0.6319553,0.5326453,1,0
0.1524803,1,1,1,0.9187499,1,0.6295789,0.5281829,1,0
0.1582209,1,1,1,0.9148779,1,0.6275018,0.5238704,1,0
0.1637307,1,1,1,0.9200695,1,1,0.5196859,1,1
0.1713691,1,1,1,0.9047182,1,1,0.514292,1,1
0.1789336,1,1,1,0.8908498,1,1,0.5089656,1,1
0.1864054,1,1,1,0.8782963,1,1,0.5037013,1,1
0.1937633,1,1,1,0.866923,1,1,0.4984992,1,1
0.2009965,1,1,1,0.8566045,1,1,0.4933549,1,1
0.2080914,1,1,1,0.8472409,1,1,0.488268,0.4990728,0
0.2105999,1,1,1,0.8688992,0.9153983,1,0.4851687,0.4913136,0
0.212849,1,1,1,0.8930365,0.8890594,1,0.4824453,0.4840382,0
0.2148543,1,1,1,0.9199818,0.8638285,1,0.4801013,0.4772338,0
0.2166297,1,1,1,0.9501265,0.8396346,1,0.478141,0.4708892,0
0.2181913,1,1,1,1,0.8164096,1,0.476567,0.4649915,0
0.21955,1,1,1,1,0.7940943,1,0.4753855,0.4595316,0
1,1,1,1,1,0.7726275,1,0.474601,0.454499,0
1,1,1,1,1,0.7713456,1,0.4742224,0.4498871,0
1,1,1,1,1,0.7929174,1,0.4742594,0.4456905,0
1,1,1,1,1,0.8169253,1,0.4747202,0.4419017,0
1,1,1,1,1,0.8436826,0.8331501,0.475614,0.4385143,0
1,1,1,1,1,0.8735679,0.8051122,0.8136183,0.4355258,0
1,1,1,1,1,1,0.7783503,0.8186736,0.4329318,0
1,1,1,1,1,1,0.7527734,0.8244209,0.4307317,0
1,1,1,1,1,1,0.7283027,1,0.42892,0
1,1,1,1,1,1,0.7048632,1,0.4275011,0
1,1,1,1,1,1,0.6823858,1,0.4264712,0
1,1,1,1,1,1,0.6659442,1,0.4258338,0
1,1,1,1,1,1,0.6852329,1,0.42559,0
1,1,1,1,1,1,0.7065419,1,0.425742,0
1,1,1,1,1,1,0.7301043,1,0.4262928,0
1,1,1,1,1,1,0.7561993,1,0.4272501,0
1,1,1,1,1,1,1,1,0.7431864,0
1,1,1,1,1,1,1,1,0.7445523,0
1,1,1,1,1,1,1,1,0.7460995,0
1,1,1,1,1,1,1,1,0.7478264,0
1,1,1,1,1,1,1,1,0.7497276,0
1,1,1,1,1,1,1,0.6964127,0.751801,0
1,1,1,0.9944125,1,1,1,0.6655387,0.7562603,0
1,1,1,0.9884502,1,1,1,0.635917,1,0
1,1,1,0.9807082,1,1,1,0.6137322,1,0
1,1,1,0.9731728,1,1,1,0.5918581,1,0
1,1,1,0.9658439,1,1,1,0.5703356,1,0
1,1,1,0.9587294,1,1,1,0.5492108,1,0
1,1,1,0.9518293,1,1,1,0.5310758,1,0
1,1,1,0.9451238,0.9723694,1,1,0.5401259,1,0
1,1,1,0.9383411,0.9068842,1,1,0.5492941,1,0
1,1,1,0.9313872,0.8983067,1,1,0.5583976,1,0
1,1,1,0.9243233,0.8856788,1,1,0.5675668,1,0
1,1,1,0.9171225,0.8771123,1,1,0.5767538,1,0
1,1,1,0.9097761,0.8685294,1,1,0.5859285,1,0
1,1,1,0.9022732,0.8599184,1,1,0.5950591,1,0
1,1,1,0.8945986,0.8512629,1,1,0.6041096,1,0
1,1,1,0.8867425,0.8425517,1,1,1,1,1
1,1,1,0.8751901,0.8320507,1,1,1,1,1
1,1,1,0.8635912,0.8215276,1,1,1,0.621158,0
1,1,1,0.8566926,0.8132927,1,1,1,0.5857458,0
1,1,1,0.8501874,0.805305,1,1,1,0.5509478,0
1,1,1,0.8440794,0.7975762,1,1,1,0.5169834,0
1,1,1,0.8383722,0.7901186,1,1,1,0.4840403,0
1,1,1,0.8330596,0.7829355,1,1,1,0.4579607,0
1,1,1,0.8280534,0.7759855,0.8885798,1,1,0.464891,0
1,1,1,0.8226949,0.7689074,0.7519363,1,1,0.4718366,0
1,1,1,0.8168461,0.7616096,0.7383195,1,1,0.4786777,0
1,1,1,0.8106766,0.7541748,0.7256479,1,1,0.4855151,0
1,1,1,0.8041631,0.7465813,0.7170255,1,1,0.4923161,0
1,1,1,0.7972957,0.7388155,0.7083808,1,1,0.499059,0
1,1,1,0.7900606,0.7308629,0.6996959,1,1,0.5057099,0
1,1,1,0.7824513,0.7227153,0.6909589,1,1,0.5122399,0
1,1,1,0.7744624,0.7143649,0.6821573,1,1,0.5186257,0
1,1,1,0.7660964,0.7058101,0.6732847,1,1,0.5248419,0
1,1,1,0.7573525,0.6970454,0.6643309,1,1,1,2
1,1,1,0.7412477,0.6839842,0.6533622,1,1,1,2
1,1,1,0.7253537,0.6710516,0.6424754,1,1,1,2
1,1,1,0.7096895,0.6582592,0.6316755,1,1,1,2
1,1,1,0.6942727,0.6456179,0.6209682,1,1,1,2
1,1,1,0.6791096,0.6331297,0.6103505,1,1,1,2
1,1,1,0.6642123,0.6208031,0.5998273,1,1,1,2
1,1,1,0.6495829,0.6086379,0.5893952,1,1,1,2
1,1,1,0.6352197,0.5966315,0.5790496,1,1,1,2
1,1,1,0.6211251,0.5847856,0.5728238,1,1,1,2
1,1,1,0.6072921,0.5730928,0.5626384,1,1,1,2
1,1,0.6920476,0.5937144,0.5615496,0.5525281,1,1,1,2
1,1,0.6698128,0.5785416,0.5492296,0.6898705,1,1,1,2
1,1,0.6486278,0.5638743,0.5372208,1,1,1,1,2
1,1,0.628363,0.5496526,0.5254864,1,1,1,1,2
1,1,0.6088359,0.5357954,0.5139841,1,1,1,1,2
1,1,0.5900296,0.5222946,0.5027051,1,1,1,1,2
1,1,0.5719189,0.5091377,0.4916375,1,1,1,1,2
1,1,0.5544735,0.4963086,0.4807667,1,1,1,1,2
1,1,0.5376623,0.4837917,0.4700798,1,1,1,1,2
1,1,0.5214448,0.4715637,0.4635874,1,1,1,1,2
1,1,0.5057855,0.4596044,0.4532081,1,1,1,1,2
1,1,0.4906421,0.4478912,0.4429594,1,1,1,1,2
1,1,0.4759772,0.4364032,1,1,1,1,1,2
1,1,0.4618197,0.4251431,1,1,1,1,1,2
1,1,0.4479907,0.4140411,1,1,1,1,1,2
1,1,0.4344684,0.4030824,1,1,1,1,1,2
1,1,0.4212407,0.3922613,1,1,1,1,1,2
1,0.5545051,0.408289,0.3815665,1,1,1,1,1,2
1,0.5281956,0.3943042,0.3706605,1,1,1,1,1,2
1,0.503245,0.3807302,0.3640169,1,1,1,1,1,2
1,0.479547,0.3675445,0.3535458,1,1,1,1,1,2
1,0.4570101,0.3547292,0.3760482,1,1,1,1,1,2
1,0.435548,0.3422646,1,1,1,1,1,1,2
1,0.4150865,0.3301351,1,1,1,1,1,1,2
1,0.3955545,0.3183232,1,1,1,1,1,1,2
1,0.3768874,0.3068122,1,1,1,1,1,1,2
1,0.3590302,0.2955898,1,1,1,1,1,1,2
1,0.3419289,0.2846411,1,1,1,1,1,1,2
1,0.3255401,0.2780263,1,1,1,1,1,1,2
0.4869271,0.3099454,0.2675993,1,1,1,1,1,1,2
0.4543988,0.294827,0.3201867,1,1,1,1,1,1,2
0.4241713,0.2802984,1,1,1,1,1,1,1,2
0.3960146,0.2663245,1,1,1,1,1,1,1,2
0.3697282,0.2528723,1,1,1,1,1,1,1,2
0.3451416,0.2399153,1,1,1,1,1,1,1,2
0.3221006,0.2274255,1,1,1,1,1,1,1,2
0.3004687,0.2153769,1,1,1,1,1,1,1,2
0.2801301,0.2081184,1,1,1,1,1,1,1,2
0.260973,0.1968479,1,1,1,1,1,1,1,2
0.2429107,0.2076825,1,1,1,1,1,1,1,2
0.2258531,0.2354009,1,1,1,1,1,1,1,2
0.2097278,0.2673233,1,1,1,1,1,1,1,2
0.1944616,0.3043357,1,1,1,1,1,1,1,2
0.1799965,0.416602,1,1,1,1,1,1,1,2
0.1714984,0.4731986,1,1,1,1,1,1,1,2
0.1710414,1,1,1,1,1,1,1,1,2
0.1858932,1,1,1,1,1,1,1,1,2
0.2018465,1,1,1,1,1,1,1,1,2
0.2187862,1,1,1,1,1,1,1,1,2
0.2367156,1,1,1,1,1,1,1,1,2
0.2556428,1,1,1,1,1,1,1,1,2
0.2755638,1,1,1,1,1,1,1,1,2
0.3329678,1,1,1,1,1,1,1,1,2
0.3552917,1,1,1,1,1,1,1,1,2
0.3784688,1,1,1,1,1,1,1,1,2
0.4024611,1,1,1,1,1,1,1,1,2
0.427223,1,1,1,1,1,1,1,1,2
0.4527013,1,1,1,1,1,1,1,1,2
1,1,1,1,1,1,1,1,1,1
1,1,1,1,1,1,1,1,1,1
1,1,1,1,1,1,1,1,1,1
1,1,1,1,1,1,1,1,1,1
1,1,1,1,1,1,1,1,1,1
1,1,1,1,1,1,1,1,1,1
1,1,1,1,1,1,1,1,1,1
1,1,1,1,1,1,1,1,1,1
1,1,1,1,1,1,1,1,1,1
1,1,1,1,1,1,1,1,1,1
1,1,1,1,1,1,1,1,1,1
1,1,1,1,1,1,1,1,1,1
1,1,1,1,1,1,1,1,1,1
1,1,1,1,1,1,1,1,1,1
1,1,1,1,1,1,1,1,1,1
1,1,1,1,1,1,1,1,1,1
1,1,1,1,1,1,1,1,1,1
1,1,1,1,1,1,1,1,1,1
1,1,1,1,1,1,1,1,1,1
1,1,1,1,1,1,1,1,1,1
1,1,1,1,1,1,1,1,1,1
1,1,1,1,1,1,1,1,1,1
1,1,0.9983996,1,1,1,1,1,1,1
1,1,0.9911535,1,1,1,1,1,1,1
1,1,0.9838532,1,1,1,1,1,1,1
1,1,0.9765025,1,1,1,1,1,1,1
1,1,0.9690994,1,1,1,1,1,1,1
1,1,0.9616415,1,1,1,1,1,1,1
1,1,0.9541335,1,1,1,1,1,1,1
1,1,0.9465731,1,1,1,1,1,1,1
1,1,0.938962,1,1,1,1,1,1,1
1,1,0.9312981,1,1,1,1,1,1,1
1,1,0.9235867,1,1,1,1,1,1,1
1,1,0.9158224,1,1,1,1,1,1,1
1,1,0.9080108,1,1,1,1,1,1,1
1,1,0.9001501,1,1,1,1,1,1,1
1,1,0.8922458,1,1,1,1,1,1,1
1,1,0.8842931,1,1,1,1,1,1,1
1,1,0.8762975,1,1,1,1,1,1,1
1,1,0.8682579,1,1,1,1,1,1,1
1,1,0.8601764,1,1,1,1,1,1,1
1,1,0.8520554,1,1,1,1,1,1,1
1,1,0.8438939,1,1,1,1,1,1,1
1,1,0.8356941,1,1,1,1,1,1,1
1,1,0.8274584,1,1,1,1,1,1,1
1,0.7631387,0.8191893,1,1,1,1,1,1,1
1,0.7563365,0.8110775,1,1,1,1,1,1,1
1,0.7495242,0.8029454,1,1,1,1,1,1,1
1,0.7427016,0.7947952,1,1,1,1,1,1,1
1,0.7358658,0.7866255,1,1,1,1,1,1,1
1,0.7290167,0.7784384,1,1,1,1,1,1,1
1,0.722154,0.7702357,1,1,1,1,1,1,1
1,0.7152777,0.7620194,1,1,1,1,1,1,1
1,0.7083877,0.7537912,1,1,1,1,1,1,1
1,0.7014837,0.7455527,1,1,1,1,1,1,1
1,0.6945655,0.7373056,1,1,1,1,1,1,1
1,0.6876298,0.7290482,1,1,1,1,1,1,1
1,0.6806793,0.720785,1,1,1,1,1,1,1
1,0.6737139,0.7125176,1,1,1,1,1,1,1
1,0.6667299,0.7042437,1,1,1,1,1,1,1
1,0.6597302,0.6959678,1,1,1,1,1,1,1
1,0.6527113,0.6876878,1,1,1,1,1,1,1
1,0.645676,0.6794077,1,1,1,1,1,1,1
1,0.6386206,0.6711252,1,1,1,1,1,1,1
1,0.6315478,1,1,1,1,1,1,1,1
1,0.6241751,1,1,1,1,1,1,1,1
1,0.6168185,1,1,1,1,1,1,1,1
1,0.6094753,1,1,1,1,1,1,1,1
1,0.6021484,1,1,1,1,1,1,1,1
1,0.5948378,1,1,1,1,1,1,1,1
1,0.5875437,1,1,1,1,1,1,1,1
1,0.5802659,1,1,1,1,1,1,1,1
1,0.5730045,1,1,1,1,1,1,1,1
1,0.5657595,1,1,1,1,1,1,1,1
1,0.5585309,1,1,1,1,1,1,1,1
1,0.5513186,1,1,1,1,1,1,1,1
1,0.5441226,1,1,1,1,1,1,1,1
1,0.536943,1,1,1,1,1,1,1,1
1,0.5297794,1,1,1,1,1,1,1,1
1,0.5226321,1,1,1,1,1,1,1,1
1,0.5154977,1,1,1,1,1,1,1,1
0.5829015,0.5083795,1,1,1,1,1,1,1,2
0.5715895,0.5010146,1,1,1,1,1,1,1,2
0.5605885,0.4937934,1,1,1,1,1,1,1,2
0.5498878,0.4867088,1,1,1,1,1,1,1,2
0.5394766,0.4797536,1,1,1,1,1,1,1,2
0.5293499,0.4729265,1,1,1,1,1,1,1,2
0.5194992,0.4662231,1,1,1,0.997207,1,1,1,2
0.5099337,0.4596336,1,1,1,0.9994773,1,1,1,2
0.5006012,0.4531552,1,1,1,1,1,1,1,2
0.4915102,0.4467846,1,1,1,1,1,1,1,2
0.4826534,0.4405148,1,1,1,1,1,1,1,2
0.474022,0.4343418,1,1,1,1,1,1,1,2
0.4656042,1,1,1,1,1,1,1,1,2
0.4572522,1,1,1,1,1,1,1,1,2
0.4490778,1,1,1,0.9922606,1,1,1,1,2
0.4411264,1,1,1,0.9759805,1,1,1,1,2
0.433427,1,1,1,0.9603428,1,1,1,1,2
0.4259581,1,1,1,0.94529,1,1,1,1,2
0.4186997,1,1,1,0.9307707,1,1,1,1,2
0.4116337,1,1,1,0.9167386,1,1,1,1,2
0.4047405,1,1,1,0.9031562,1,1,1,1,2
0.3980016,1,1,1,0.8899824,1,1,1,1,2
0.3914064,1,1,1,0.8771871,1,1,1,1,1
0.3849386,1,1,0.996446,0.8647369,1,1,1,1,1
0.3786004,1,1,0.9815238,0.8526691,1,1,1,1,1
0.3724157,1,1,0.9675091,0.8411454,1,1,1,1,1
0.3663613,1,1,0.9543031,0.8301085,0.9971349,1,1,1,1
0.3793872,1,1,0.9419152,0.8195656,0.9855603,1,1,1,1
0.4052576,1,1,0.9307817,0.8097849,0.9708011,1,1,1,1
0.4290131,1,1,0.9210327,0.8008475,0.9525657,1,1,1,1
0.4503439,1,1,0.9126455,0.7927434,0.9311129,1,1,1,0
0.4690601,1,1,0.9055964,0.7854593,0.9067755,1,1,1,0
0.4850695,1,1,0.8998719,0.7789885,0.8799672,1,1,1,0
0.4983897,1,1,0.8954593,0.7733244,0.8511603,1,1,1,0
0.5091363,1,1,0.8923462,0.768459,0.8208401,1,1,1,0
0.5175146,1,1,0.8905128,0.7643778,0.7895103,1,1,1,0
0.5237774,1,1,0.8899398,0.7610669,0.7576418,1,1,1,0
0.5282115,1,1,0.8906035,0.7585079,0.7256576,1,1,1,0
0.53113,1,1,0.8924659,0.7566705,0.6939346,1,1,1,0
0.5328211,1,1,1,0.7555281,0.6710345,1,1,1,0
0.5372686,1,1,1,0.7530223,0.6667403,1,1,1,0
0.541455,1,1,1,0.7506384,0.6625491,1,1,1,0
0.5454098,1,1,1,0.7483732,0.6584584,1,1,1,0
0.5491717,1,1,1,0.746215,0.6544591,1,1,1,0
0.5527613,1,1,1,0.7441617,0.6505489,1,1,1,0
0.5562018,1,1,1,0.7422066,0.6467227,0.9066588,1,1,0
0.5557142,1,1,1,0.7430314,0.6446133,0.8452624,1,1,0
0.5532438,1,1,1,0.745689,0.643643,0.784624,1,1,0
0.5492608,1,1,1,0.7501781,0.6438032,0.7260854,1,1,0
0.5442284,1,1,1,0.7564739,0.6450671,0.6705976,1,1,0
0.5388899,1,1,1,0.7641881,0.6471864,0.6192793,1,1,0
0.5338293,1,1,1,1,0.6498722,0.5726175,1,1,0
0.532391,1,1,1,1,0.6505901,0.5477455,1,1,0
0.5306958,1,1,1,1,0.651878,0.5453171,1,1,0
0.5293969,1,1,1,1,0.6532307,0.5429891,1,1,0
0.5284486,1,1,1,1,0.6546354,0.5407497,1,1,0
0.5278107,1,1,1,1,0.6560808,0.5385876,1,1,0
0.5274481,1,1,1,1,0.6575566,0.5364931,1,1,0
0.5273254,1,1,1,1,0.6590577,0.5344611,1,1,0
0.5274204,1,1,1,1,0.6605712,0.5324799,1,1,0
0.5277092,1,1,1,1,0.6620899,0.5305427,1,1,0
0.5281661,1,1,1,1,0.6636116,0.5286465,1,1,0
0.5287771,1,1,1,1,1,0.5267823,1,1,1
0.5346585,1,1,1,1,1,0.5215582,1,1,1
0.5403141,1,1,1,1,1,0.5164511,1,1,1
0.5457523,1,1,1,1,1,0.5114537,0.7521025,1,0
0.5452222,1,1,1,1,1,0.5103074,0.6454633,1,0
0.542477,1,1,1,1,1,0.5109362,0.5423707,1,0
0.5382062,1,1,1,1,1,0.5131895,0.4495873,1,0
0.5340804,1,1,1,1,1,0.5159834,0.4147341,1,0
0.5300865,1,1,1,1,1,0.5193491,0.4125463,1,0
0.5262164,1,1,1,1,1,0.5233172,0.4107129,1,0
0.5224592,1,1,1,1,1,0.5279263,0.4092399,1,0
0.5188043,1,1,1,1,1,0.5332192,0.4081343,1,0
0.5152459,1,1,1,1,1,0.5392395,0.4074008,1,0
0.5119178,1,1,1,1,1,1,0.4069815,1,0
0.5136274,1,1,1,1,1,1,0.4045084,1,0
0.5152637,1,1,1,1,1,1,0.4021061,1,0
0.516827,1,1,1,1,1,1,0.3997772,1,0
0.5183203,1,1,1,1,1,1,0.3975211,1,0
0.519747,1,1,1,1,1,1,0.395337,0.3652,0
0.5163025,1,1,1,1,1,1,0.3958652,0.3621804,0
0.5129353,1,1,1,1,1,1,0.3968008,0.3595237,0
0.5096411,1,1,1,1,1,1,0.3981552,0.3572262,0
0.5064122,1,1,1,1,1,1,0.3999447,0.355288,0
0.5032448,1,1,1,1,1,1,0.402184,0.3537072,0
0.5001315,1,1,1,1,1,1,0.4048927,0.3524859,0
0.4970726,1,1,1,1,1,1,0.4080859,0.3516208,0
0.4940612,1,1,1,1,1,1,0.4117871,0.3511156,0
0.4910939,1,1,1,1,1,1,0.4160191,0.350972,0
0.4881644,1,1,1,1,1,1,1,0.3511955,0
0.4878907,1,1,1,1,1,1,1,0.3507197,0
0.4875813,1,1,1,1,1,1,1,0.3503222,0
0.4872397,1,1,1,1,1,1,1,0.3499992,0
0.4868627,1,1,1,1,1,1,1,0.3497534,0
0.486457,1,1,1,1,1,1,1,0.3495781,0
0.4860193,1,1,1,1,1,1,1,0.3494755,0
0.4855525,1,1,1,1,1,1,1,0.3494422,0
0.4850566,1,1,1,1,1,1,1,0.3494775,0
0.9028255,1,1,1,1,1,1,1,0.3495808,0
0.8974072,1,1,1,1,1,1,1,0.3511884,0
0.8922302,1,1,1,1,1,1,1,0.3531831,0
0.8872822,1,1,1,1,1,1,1,0.3555762,0
0.8825586,1,1,1,1,1,1,1,1,2
0.8830556,1,1,1,1,1,1,1,1,2
0.883619,1,1,1,1,1,1,1,1,2
0.8842449,1,1,1,1,1,1,1,1,2
0.884936,1,1,1,1,1,1,1,1,2
0.8856885,1,1,1,1,1,1,1,1,2
0.8865044,1,1,1,1,1,1,1,1,2
0.8873801,1,1,1,1,1,1,1,1,2
0.8883147,1,1,1,1,1,1,1,1,2
1,1,1,1,1,1,1,1,1,1
1,1,1,1,1,1,1,1,1,1
1,1,1,1,1,1,1,1,1,1
1,1,1,1,1,1,1,1,1,1
1,1,1,1,1,1,1,1,1,1
1,1,1,1,1,1,1,1,1,1
1,1,1,1,1,1,1,1,1,1
1,1,1,1,1,1,1,1,1,1
1,1,1,1,1,1,1,1,1,1
1,1,1,1,1,1,1,1,1,1
1,1,1,1,1,1,1,1,1,1
1,1,1,1,1,1,1,1,1,1
1,1,1,1,1,1,1,1,1,1
1,1,1,1,1,1,1,1,1,1
1,1,1,1,1,1,1,1,1,1
1,1,1,1,1,1,1,1,1,1
1,1,1,1,1,1,1,1,1,1
1,1,1,1,1,1,1,1,1,1
1,1,1,1,1,1,1,1,1,1
1,1,1,1,1,1,1,1,1,1
1,1,1,1,1,1,1,1,1,1
1,1,1,1,1,1,1,1,1,1
1,1,1,1,1,1,1,1,1,1
1,1,1,1,1,1,1,1,1,1
1,1,1,1,1,1,1,1,1,1
1,1,1,1,1,1,1,1,1,1
1,1,1,1,1,1,1,1,1,1
1,1,0.9983186,1,1,1,1,1,1,1
1,1,0.9872705,1,1,1,1,1,1,1
1,1,0.9761336,1,1,1,1,1,1,1
1,1,0.9649107,1,1,1,1,1,1,1
1,1,0.9536046,1,1,1,1,1,1,1
1,1,0.9422185,1,1,1,1,1,1,1
1,1,0.9307558,1,1,1,1,1,1,1
1,1,0.9192206,1,1,1,1,1,1,1
1,1,0.9076165,1,1,1,1,1,1,1
1,1,0.8959479,1,1,1,1,1,1,1
1,1,0.8842195,1,1,1,1,1,1,1
1,1,0.8724356,1,1,1,1,1,1,1
1,1,0.8606012,1,1,1,1,1,1,1
1,1,0.8487247,1,1,1,1,1,1,1
1,1,0.8368077,1,1,1,1,1,1,1
1,1,0.8248554,1,1,1,1,1,1,1
1,1,0.8128731,1,1,1,1,1,1,1
1,1,0.8008658,1,1,1,1,1,1,1
1,1,0.7888423,1,1,1,1,1,1,1
1,1,0.7768043,1,1,1,1,1,1,1
1,1,0.7647604,1,1,1,1,1,1,1
1,1,0.7527122,1,1,1,1,1,1,1
1,1,0.7406681,1,1,1,1,1,1,1
1,1,0.7286293,1,1,1,1,1,1,2
1,1,0.7166041,1,1,1,1,1,1,2
1,1,0.7045966,1,1,1,1,1,1,2
1,0.9350139,0.6926113,1,1,1,1,1,1,2
1,0.9141711,0.6801356,1,1,1,1,1,1,2
1,0.8930036,0.6675788,1,1,1,1,1,1,2
1,0.8715904,0.6549644,1,1,1,1,1,1,2
1,0.8500162,0.64232,1,1,1,1,1,1,2
1,0.8283609,0.6515952,1,1,1,1,1,1,2
1,0.8069323,0.6741276,1,1,1,1,1,1,2
1,0.7858938,0.6986832,1,1,1,1,1,1,2
1,0.765265,0.7254192,1,1,1,1,1,1,2
1,0.7450646,0.7544875,1,1,1,1,1,1,2
1,0.7253017,0.786075,1,1,1,1,1,1,2
1,0.7059813,0.8203758,1,1,1,1,1,1,2
1,0.6871037,0.8575908,1,1,1,1,1,1,2
1,0.6686704,0.8979516,1,1,1,1,1,1,2
1,0.6506752,0.9417117,1,1,1,1,1,1,2
1,0.6331099,0.989149,1,1,1,1,1,1,2
1,0.6159676,1,1,1,1,1,1,1,2
1,0.5990639,1,1,1,1,1,1,1,2
1,0.5823653,1,1,1,1,1,1,1,2
1,0.5658953,1,1,1,1,1,1,1,2
1,0.5496639,1,1,1,1,1,1,1,2
1,0.5336863,1,1,1,1,1,1,1,2
0.8365396,0.5179754,1,1,1,1,1,1,1,2
0.7949997,0.500617,1,1,1,1,0.9866924,1,1,2
0.7546848,0.4835061,1,1,1,1,0.9624678,1,1,2
0.7162197,0.4939134,1,1,0.9932775,1,0.9576533,1,1,2
0.6798531,0.5173911,1,1,0.990152,1,0.9610013,1,1,2
0.6455616,0.5433853,1,1,0.9875476,1,0.9375826,1,1,2
0.6139563,0.5712229,1,1,0.9851069,1,0.9156958,1,1,2
0.5847762,0.6008724,1,1,0.9827545,1,0.8970541,1,1,2
0.5577413,0.6323705,1,1,0.9804462,1,0.9013553,1,1,2
0.5322014,0.6666851,1,1,0.9784347,1,0.9061095,1,1,2
0.508072,0.7040377,1,1,0.9766911,1,0.911272,1,1,2
0.4852625,0.7446716,1,0.9435989,0.9751819,1,0.9167916,1,1,2
0.4640292,0.7874445,1,0.902968,0.9735054,1,0.9217472,1,1,2
0.444141,0.832449,1,0.898383,0.9716489,0.9658749,0.9261362,1,1,2
0.4259494,1,1,0.8935814,0.9692906,0.9420409,1,1,1,2
0.43902,1,1,0.8887993,0.9668589,0.9195412,1,1,1,2
0.4519917,1,1,0.883693,1,0.8992062,1,1,1,2
0.4652036,1,1,0.8785172,1,0.879967,1,1,1,2
0.4782538,1,1,0.8730027,1,0.8623851,1,1,1,2
0.4910954,1,1,0.8671335,1,0.8462439,1,1,1,2
0.5036756,1,1,0.8609061,1,0.8313721,1,1,1,2
0.5159498,1,1,0.8543187,1,0.8176233,1,1,1,2
0.5278778,1,1,0.8473737,1,0.8048733,1,1,1,2
0.5394236,1,1,0.8400806,1,0.7930191,1,1,1,1
0.5505606,1,1,0.8324491,1,0.7819678,1,1,1,1
0.5612669,1,1,0.8244908,1,0.7716409,1,1,1,1
0.5715208,1,1,0.8162231,1,0.761975,1,1,1,1
0.5813099,1,1,0.8076614,1,0.7529119,1,1,1,1
0.5906311,1,1,0.7988254,1,0.7443969,1,1,1,1
0.5994757,1,1,0.7897359,1,0.7363906,1,1,1,1
0.6078491,1,1,0.7804103,1,0.728851,1,1,1,1
0.6157593,1,1,0.770873,1,0.7217406,1,1,1,1
0.6232083,1,1,0.7611409,1,0.715035,1,1,1,1
0.6302152,1,1,0.7512379,1,0.7087002,1,1,1,1
0.6367913,1,1,0.7411796,1,0.7027143,0.726086,1,1,0
0.6355454,1,1,0.7277098,1,0.704335,0.6941369,1,1,0
0.6337026,1,1,0.7141945,1,0.7069111,0.6626688,1,1,0
0.63139,1,1,0.7006987,1,0.7104317,0.6318949,1,1,0
0.6287296,1,1,0.6872779,1,0.7148776,0.6057455,1,1,0
0.6259188,1,1,0.674017,0.732293,0.7201099,0.6060601,1,1,0
0.6200801,1,1,0.659814,0.7137358,1,0.608919,1,1,0
0.6193171,1,1,0.6477666,0.6988889,1,0.608533,1,1,0
0.618582,1,1,0.6358785,0.6843199,1,0.5876251,1,1,0
0.6174988,1,1,0.6240138,0.6697884,1,0.5675527,1,1,0
0.6161444,1,1,0.6122019,0.6553447,1,0.5678709,1,1,0
0.6149302,1,1,0.6005816,0.6412349,1,0.56831,1,1,0
0.6138633,1,1,0.5891388,0.627439,1,0.5688474,1,1,0
0.61294,1,1,0.5778619,0.6139396,1,0.5694693,1,1,0
0.6121586,1,1,0.5667424,0.6007227,1,0.5701592,1,1,0
0.6115198,0.996233,1,0.5557655,0.5877671,1,0.570897,1,1,0
0.6110483,0.9915627,1,0.5449284,0.5750726,1,0.5716338,1,1,0
0.6107434,0.9866678,1,0.5342199,0.562623,0.6139169,0.5723455,1,1,0
0.6068133,0.9861696,1,0.522765,0.5486168,0.5962166,0.5778726,1,1,0
0.603407,0.9853546,1,0.5115924,0.5351167,0.5793607,0.5834523,0.5648067,1,0
0.5987381,0.9867525,1,0.5003365,0.5213124,0.5619456,1,0.5095102,1,0
0.5942171,0.9885494,1,0.5262088,0.5078573,0.5450894,1,0.4720776,1,0
0.5898393,0.9907656,1,0.607519,0.4947345,0.5287616,1,0.4734282,1,0
0.5855901,0.9934192,1,1,0.4819255,0.5129304,1,0.4752404,1,0
0.582238,0.9947903,1,1,0.4696856,0.4980856,1,0.463918,1,0
0.5790646,0.9962127,1,1,0.4577131,0.4836813,0.9865758,0.4424657,1,0
0.5758501,0.9982083,1,1,0.4459191,0.4695513,0.9496366,0.4445902,1,0
0.5727028,1,1,1,0.434336,0.455759,0.9249648,0.4471079,1,0
0.569729,1,1,1,0.4229798,0.4423486,0.5055233,0.4499148,1,0
0.5660457,1,1,1,0.4116174,0.4287963,0.4866731,0.4539987,1,0
0.5624502,1,1,1,0.4004753,0.4155869,0.4685099,0.4586399,1,0
0.5589343,1,1,1,0.4531041,0.4027042,0.4509932,0.463868,0.5072473,0
0.5554971,1,1,1,0.5622234,0.3901295,0.4340821,0.4697085,0.421987,0
0.5521337,1,1,1,1,0.3778453,0.4177389,0.4761938,0.4231182,0
0.5488369,1,1,1,1,0.3658383,0.4019319,1,0.4246616,0
0.5456028,1,1,1,1,0.3540927,0.3866286,1,0.4024971,0
0.5424305,1,1,1,1,0.3425935,0.3717987,1,0.3954797,0
0.5393131,1,1,1,1,0.3313296,0.3574174,1,0.3981024,0
0.5363273,1,1,1,1,0.34411,0.343547,1,0.4010679,0
0.5335442,1,1,1,1,0.408963,0.3302371,1,0.4042475,0
0.5309461,1,1,1,1,0.4943307,0.3174357,0.9007691,0.4075707,0
0.5282049,1,1,1,1,1,0.3047549,0.4015496,0.4114926,0
0.5253032,1,0.9030391,1,1,1,0.2921719,0.3800343,0.4161899,0
0.5224395,1,0.8713167,1,1,1,0.2799185,0.3595485,0.4213772,0
0.5196103,1,0.8415669,1,1,1,0.267973,0.3400117,0.4270727,0
0.516815,1,0.8135913,1,1,1,0.2563213,0.3213585,1,1
0.5149201,1,0.8091865,1,1,1,0.2461061,0.3083617,1,1
0.5130062,1,0.8045519,1,1,1,0.2358849,0.2953403,1,1
0.5110715,1,0.7997103,1,1,1,0.2379487,0.2823095,1,1
0.5091218,1,0.7948275,1,1,1,0.2471137,0.269307,1,1
0.507163,1,0.7899951,1,1,1,0.2563933,0.2563502,1,1
0.505192,1,0.7852058,1,1,1,0.2657977,0.2434372,1,1
0.5032117,1,0.7804634,1,1,1,0.2753117,0.2305662,1,1
0.5012187,1,0.7757602,1,1,1,0.2849457,0.2177356,1,1
0.4992163,1,0.7711,1,1,1,0.294684,0.2049396,1,1
0.497204,1,0.7664805,1,1,1,0.3045244,0.1921806,0.3381767,0
0.4944739,1,0.7418626,1,1,1,0.3434101,0.1767575,0.3034142,0
0.4917609,1,0.7185408,1,1,1,1,0.1619583,0.2715659,0
0.489088,1,0.6981807,1,1,1,1,0.1479507,0.2431517,0
0.486407,1,0.6789104,1,1,1,1,0.1457415,0.2168279,0
0.4837103,1,0.6609089,1,1,1,1,0.1550508,0.1924635,0
0.4809798,1,0.6442565,1,1,1,1,0.1649857,0.1698718,0
0.478198,1,0.6288094,1,1,1,1,0.1755278,0.1487877,0
0.4753525,1,0.6144402,1,1,1,1,0.1866474,0.1289917,0
0.4724302,1,0.6010303,1,1,1,1,0.1983154,0.12005,0
0.4694063,1,0.5886654,1,1,1,1,0.2103636,0.1256297,0
0.4662531,1,0.5774701,1,1,1,1,0.2225219,0.1312932,0
0.4629646,1,0.5672675,1,1,1,1,0.234704,0.1370139,0
0.4595438,1,0.5579197,1,1,1,1,0.2468183,0.1427623,0
0.4559953,1,0.5493121,1,1,1,1,0.2587828,0.1485133,0
0.4523276,1,0.5413511,1,1,1,1,0.2705201,0.1542431,0
0.4485489,1,0.5339571,1,1,1,1,0.6297804,0.1599328,1
0.4717451,1,0.5301298,1,1,1,1,0.6347032,0.1646366,1
0.5422651,1,0.5259735,1,1,1,1,0.6404604,0.1693863,1
0.6042119,1,0.5205747,1,1,1,1,0.6495796,0.1744864,1
0.6568683,1,0.514215,1,1,1,1,0.6614687,0.1799085,1
0.7010922,1,0.5071787,1,1,1,1,0.6755672,0.185614,0
0.7384919,1,0.4997068,1,1,1,1,0.6913933,0.1915653,0
0.770721,1,0.4919828,1,1,1,1,0.7085609,0.197729,0
0.7992435,1,0.4841364,1,1,1,1,0.9934065,0.2040765,1
0.8482486,1,0.478234,1,1,1,1,1,0.2096893,1
0.8888851,1,0.4717162,1,1,1,1,1,0.2156094,1
1,1,0.4647211,1,1,1,1,1,0.2218218,0
1,1,0.4561616,1,1,1,1,1,0.4313894,1
1,1,0.4503788,1,1,1,1,1,0.4372607,1
1,1,0.4447434,1,1,1,1,1,0.4429897,1
1,1,0.4392463,1,1,1,1,1,0.4485744,1
1,1,0.4338756,1,1,1,1,1,0.4540175,1
1,1,0.4286281,1,1,1,1,1,0.4593142,1
1,1,0.4234977,1,1,1,1,1,0.464464,1
1,1,0.4184753,1,1,1,1,1,0.4694711,1
1,1,0.41356,1,1,1,1,1,0.4743315,1
1,1,0.4087441,1,1,1,1,1,0.4790499,1
1,1,0.4040242,1,1,1,1,1,0.4836272,1
1,1,0.3993934,1,1,1,1,1,0.4880682,1
1,0.4720438,0.3948497,1,1,1,1,1,0.492374,2
1,0.4064607,0.396774,1,1,1,1,1,0.4891595,2
1,0.3494122,1,1,1,1,1,1,0.4860198,2
1,0.310399,1,1,1,1,1,1,0.4874248,2
1,0.302023,1,1,1,1,1,1,0.4882274,2
1,0.2993862,1,1,1,1,1,1,0.4889016,2
1,0.2968519,0.9794255,1,1,1,1,1,0.4895377,2
1,0.2944965,0.9558655,1,1,1,1,1,0.4899217,2
1,0.2923332,0.932362,1,1,1,1,1,0.4900486,2
1,0.2903652,0.9090052,1,1,1,1,1,0.4899457,2
1,0.2886019,0.9107047,1,1,1,1,1,0.489632,2
1,0.2869493,0.9185673,1,1,1,1,1,0.4893556,2
1,0.2853809,0.9264401,1,1,1,1,1,0.4891635,2
1,0.2838921,0.9343085,1,1,1,1,1,0.4890453,2
0.2554985,0.2824751,0.9421543,1,1,1,1,1,0.4889956,2
0.253233,0.2827379,0.9629437,1,1,1,1,1,0.4859836,2
0.2512809,0.2833624,0.9856265,1,1,1,1,1,0.4830202,2
0.2496403,1,1,1,1,1,1,1,0.4801022,2
0.2480316,1,1,1,1,1,1,1,0.4793811,2
0.2465687,1,1,1,1,1,1,1,0.4786289,2
0.2452474,1,1,1,1,1,1,1,0.4778493,2
0.2440695,1,1,1,1,1,1,1,0.4770393,2
0.2430278,1,1,1,1,1,1,1,0.4762053,2
0.2421242,0.9739486,1,1,1,1,1,1,0.4753438,2
0.2413969,0.9381905,1,1,1,1,1,1,0.474276,2
0.240877,0.9023879,1,1,1,1,1,1,0.4729525,2
1,0.866797,1,1,1,1,1,1,0.4713983,0
1,0.8697277,1,1,1,1,1,1,0.4753504,0
1,0.8727646,1,1,1,1,1,1,0.4796048,0
1,0.8758966,1,1,1,1,1,1,0.4841622,0
1,0.879107,1,1,1,1,1,1,1,2
1,0.8540913,1,1,1,1,1,1,1,2
1,0.8282517,1,1,1,1,1,1,1,2
1,0.8017052,1,1,1,1,1,1,1,2
1,0.7745722,1,1,1,1,1,1,1,2
1,0.746982,1,1,1,1,1,1,1,2
1,0.7190831,1,1,1,1,1,1,1,2
1,0.6910205,1,1,1,1,1,1,1,2
1,0.6936299,1,1,1,1,1,1,1,2
1,0.6978191,1,1,1,1,1,1,1,2
1,0.7021651,1,1,1,1,1,1,1,2
1,0.7066602,1,1,1,1,1,1,1,2
1,0.7112963,1,1,1,1,1,1,1,2
1,0.7160696,1,1,1,1,1,1,1,2
1,0.7209716,1,1,1,1,1,1,1,2
1,0.7259945,1,1,1,1,1,1,1,2
1,0.7311298,1,1,1,1,1,1,1,2
1,0.7363729,1,1,1,1,1,1,1,2
1,0.7417118,1,1,1,1,1,1,0.9981707,2
0.9894542,0.747094,1,1,1,1,1,1,0.9959292,2
0.9255608,0.7527826,1,1,1,1,1,1,0.7231191,1
0.8913112,0.7527461,1,1,1,1,1,1,0.6797202,1
0.8580745,0.7524465,1,1,1,1,1,1,0.6355053,1
0.8259026,0.7518416,1,1,1,1,1,1,0.5918527,1
0.7946712,0.7509244,1,1,1,1,1,1,0.5919316,1
0.7595571,0.7508584,1,1,1,1,1,1,0.5918239,1
0.7207576,0.751734,1,1,1,1,1,1,0.5914943,1
0.6786729,0.7536356,1,1,1,1,1,1,0.5909202,1
0.6338962,0.7566508,1,1,1,1,1,1,0.590084,2
0.5929676,0.7608682,1,1,1,1,1,1,0.5889747,2
0.5946304,0.7662013,1,1,1,1,1,1,0.5876296,2
0.5963224,0.7714475,1,1,1,1,1,1,0.5863037,2
0.5980408,1,1,1,1,1,1,1,0.5849906,1
0.5983701,1,1,1,1,1,1,1,0.5846103,1
0.5986831,1,1,1,1,1,1,1,0.5842453,1
0.5989833,1,0.9993782,1,1,1,1,1,0.5838927,1
0.5992729,1,0.9889952,1,1,1,1,1,0.5835508,1
0.5995816,1,0.9785444,1,1,1,1,1,0.5831994,1
0.5999123,1,0.9680241,1,1,1,1,1,0.5828357,1
0.6002647,1,0.9574399,1,1,1,1,1,1,2
0.6041563,1,0.940287,1,1,1,1,1,1,2
0.6084369,1,0.9236315,1,1,1,1,1,1,2
0.6131015,1,0.9074705,1,1,1,1,1,1,2
0.6181471,1,0.8917936,1,1,1,1,1,1,2
0.6235658,1,0.8765912,1,1,1,1,1,1,2
0.6293485,1,0.8618535,1,1,1,1,1,1,2
0.6354884,1,0.8475593,1,1,1,1,1,1,2
0.6419735,1,0.8336951,1,1,1,1,1,1,2
0.6487877,1,0.82024,1,1,1,1,1,1,2
0.6559203,1,0.807175,1,1,0.9694692,1,1,1,2
0.6631819,1,0.8330391,1,1,0.930447,1,1,1,2
0.6703445,1,0.8961709,1,1,0.896681,1,1,1,2
0.6772565,1,0.9606489,1,1,0.8678066,1,1,1,2
1,0.9171551,1,1,1,0.8430094,1,1,1,1
1,0.9057238,1,1,1,0.8381731,1,1,1,1
1,0.8941529,1,1,1,0.833093,1,1,1,1
1,0.8824447,1,1,1,0.8276472,1,1,1,1
1,0.8706104,1,1,1,0.821842,1,1,1,1
1,0.8586577,1,1,1,0.815694,1,1,1,1
1,0.8465984,1,1,1,0.8092123,1,1,1,1
1,0.8344373,1,1,1,0.8024155,1,1,1,1
1,0.8221824,1,1,1,0.7953152,1,1,1,1
1,0.8098457,1,1,1,0.7879238,1,1,1,1
1,0.7974358,1,1,1,0.7802621,1,1,1,1
1,0.784961,1,1,1,0.772351,1,1,1,1
1,0.7724296,1,1,1,0.764204,1,1,1,1
1,0.7598494,1,1,1,0.7558424,1,1,1,1
1,0.7472284,1,1,1,0.7472802,0.8230699,1,1,1
1,0.7370259,1,1,1,0.746267,0.8083624,1,1,1
1,0.7268206,1,1,1,0.7454673,0.7936683,1,1,1
1,0.7166049,1,1,1,0.7448663,0.7789981,1,1,1
1,0.7063749,1,1,1,0.7444563,0.7643663,1,1,1
1,0.6961191,1,1,1,0.7442216,0.7497783,1,1,1
1,0.6858302,1,1,1,0.7441466,0.7352424,1,1,1
1,0.675501,1,1,1,0.7442147,0.7207664,1,1,1
1,0.6651284,1,1,1,0.7444099,0.706361,1,1,1
1,0.654702,1,1,1,0.7447154,0.6920281,1,1,1
1,0.6442193,1,1,1,0.7451146,0.6777766,1,1,1
1,0.6336706,1,1,1,0.7455987,0.6636068,1,1,1
1,0.623054,1,1,1,0.7461434,0.649526,1,1,1
1,0.6123605,1,1,1,0.7467316,0.635533,1,1,1
1,0.6015894,1,1,1,0.7473394,0.6216334,1,1,1
1,0.5907327,1,1,1,0.7479583,0.6078246,1,1,1
1,0.5797904,1,1,1,1,0.5941108,1,1,1
1,0.5670187,1,1,1,1,0.5821982,1,1,1
1,0.5542563,1,1,1,1,0.5702785,1,1,1
1,0.5415081,1,1,1,1,0.5583543,1,1,1
1,0.5287715,1,1,1,1,0.5464207,1,1,1
1,0.516051,1,1,1,1,0.5344805,1,1,1
1,0.5033441,1,1,1,1,0.522529,1,1,1
1,0.4906551,1,1,1,1,0.5105689,1,1,1
1,0.4779812,1,1,1,1,0.4985957,1,1,1
1,0.4653268,1,1,1,1,0.4866123,1,1,1
1,0.4559608,1,1,1,1,0.4746143,1,1,1
1,0.459811,1,1,1,1,0.4625753,1,1,1
1,0.4634169,1,1,1,1,0.450378,1,1,1
1,0.4667727,1,1,1,1,0.4380399,1,1,1
0.6967156,0.469879,1,1,1,1,0.4255745,1,1,2
0.6621091,0.479933,1,1,1,1,0.4166277,1,1,2
0.6285405,0.4907272,1,1,1,1,0.4077277,1,1,2
0.5961034,0.5022646,1,1,1,1,0.3988416,1,1,2
0.564865,0.514538,1,1,1,1,0.3899403,1,1,2
0.5348624,0.5275409,1,1,1,0.5523552,0.3809946,1,1,1
0.5129304,0.5347735,1,1,1,0.5423661,0.3693807,1,1,1
0.4913308,0.5420701,1,1,1,0.5325381,0.3576927,1,1,1
0.4700528,0.5494179,1,1,1,0.5228774,0.3487405,1,1,1
0.4490378,0.5568627,1,1,1,0.5133123,0.3433056,1,1,1
0.4282188,0.564481,1,1,1,0.5037469,0.3378449,1,1,1
0.4076114,0.5722606,1,1,1,0.494204,0.3323672,1,1,1
0.3872266,0.5801891,1,1,1,0.4847024,0.3268798,1,1,1
0.3791216,0.5882549,1,1,1,0.4752578,0.3213891,1,1,1
0.3831924,0.5960424,1,1,1,0.466289,0.31606,1,1,1
0.3871004,0.6031606,1,1,0.9918556,0.4581218,0.3110238,1,1,1
0.39083,0.6095634,1,1,0.9821776,1,0.3062717,1,1,2
0.3971346,1,1,1,0.9755095,0.4348919,0.2981891,1,1,0
0.3980949,1,1,1,0.9624441,1,0.2970831,0.4269483,1,0
0.3962111,1,1,1,0.9464723,1,0.2999974,0.3832276,1,0
0.3943136,1,1,1,0.9310466,0.9914271,0.3035057,0.3434587,1,0
0.3924026,1,1,1,0.9298306,0.9715551,0.3076553,0.3070995,1,0
0.3904749,0.5677716,1,1,1,0.9524155,0.3125045,0.2737088,1,0
0.3904719,0.5627828,1,1,1,0.9374803,0.3138894,0.2472269,1,0
0.3903334,0.5576176,1,1,1,0.9226731,0.3156867,0.2217138,1,0
0.3900861,0.5523654,1,1,1,0.9080345,0.3178741,0.2115785,1,0
0.3898491,0.9449185,1,1,1,0.8937709,0.3201827,0.2110399,1,0
0.3878246,0.5365968,1,1,1,0.8768919,0.3275798,0.2119753,1,0
0.3878478,0.5333348,1,1,1,0.8639099,0.3295262,0.2115157,1,0
0.3879054,0.9110171,1,1,1,0.8512138,0.9624982,0.2110875,1,0
0.3885694,0.9085547,1,1,1,0.8396623,0.9481038,0.210181,0.3560834,0
0.3864824,0.8901429,1,1,1,0.824075,0.9243404,0.2118303,0.2448817,0
0.3843731,0.8725993,1,1,1,0.8090147,0.9015477,0.2138787,0.1776373,0
0.3822438,0.5004674,1,1,1,0.8495868,0.8796698,0.2163413,0.1776985,0
0.3800902,0.4913494,1,1,1,0.9281041,0.8586546,0.2192431,0.1780542,0
0.3779143,0.4825097,1,1,1,1,0.8384573,0.2226039,0.1787054,0
0.3757649,0.474115,1,1,1,1,0.8192118,0.2263575,0.1796314,0
0.3737208,0.4664531,1,1,1,1,0.8011472,0.230327,0.1807743,0
0.3717587,0.4594307,1,1,1,1,0.7841132,0.2344841,0.1821121,0
0.3698613,0.4529707,1,1,1,1,0.7679846,0.2387963,0.1836205,0
0.3680114,0.4470032,1,1,1,1,0.7526454,1,0.1852797,2
0.3680485,0.7740837,1,1,1,1,0.7444642,1,0.1853628,1
0.3672064,0.7671861,1,1,1,1,0.7329178,1,0.1861895,1
0.3663587,0.7649271,1,1,1,1,0.7214653,1,0.1870316,1
0.3654903,0.7626778,1,1,1,1,0.7100587,0.9559879,0.187902,1
0.3644978,0.7596942,1,1,1,1,0.6983382,0.9378767,0.1888968,0
0.3634404,0.7564636,1,1,1,1,0.6865593,0.9195412,0.1899692,0
0.3623195,0.7530072,1,1,1,1,0.6747415,0.9010422,0.1911225,0
0.361136,0.7493464,1,1,1,1,0.6628971,0.8824307,0.1923595,0
0.3598911,0.7455031,1,1,1,1,0.6510412,0.8637587,0.1936831,0
0.3585858,0.7414985,1,1,1,1,0.6391909,0.8450804,1,2
0.3591729,0.7515911,1,1,1,1,0.6334542,0.8487641,1,2
0.360138,0.7625908,1,0.9885476,1,1,0.6278929,0.8529723,1,2
0.3614836,0.7745463,1,0.9737682,1,1,0.6225047,0.8577425,1,2
0.3632191,0.7875193,1,0.9595376,1,1,0.6172882,0.863117,1,2
0.365352,0.8015741,1,1,1,1,0.6122453,0.8691484,1,2
0.3678574,0.8165939,1,1,1,1,0.6073031,0.8756222,1,2
0.985491,0.8319641,0.9857683,1,1,0.9434094,0.6021798,1,1,1
0.9598913,0.8308042,0.9759184,1,1,0.9510692,0.5901539,0.8623662,1,0
0.9442995,0.8269335,0.9674482,1,1,0.9743847,0.5771111,0.8394636,1,0
0.9274267,0.823228,0.9588712,1,1,0.9981852,0.5642306,0.8171741,1,0
0.9090115,0.8197447,0.9501557,1,1,1,0.5515281,0.7955431,1,0
0.8893312,0.8164004,0.9413391,1,1,1,0.5389603,0.7744178,1,0
0.8681809,0.8132337,0.9323969,1,1,1,0.5265394,0.753832,1,0
0.8452898,0.8102999,0.9232923,1,1,1,0.5142775,0.7338275,1,1
0.8203801,0.8076609,0.913983,1,1,1,0.5021827,0.7144385,1,1
0.7932101,0.8053815,0.9044312,1,1,1,0.4902692,0.695707,1,1
0.7635686,0.8035234,0.8945955,1,1,1,0.4842631,0.6776655,1,1
0.7310311,0.8022315,0.8843949,1,1,1,0.4861989,0.6604241,1,1
0.6952059,0.8016745,0.8737363,1,1,1,0.4870379,0.6441104,1,1
0.6562826,0.8019212,0.8625982,1,1,1,0.4866491,0.6287204,1,1
0.6350629,0.8030348,0.8509743,1,1,1,0.4849417,0.6142389,1,1
0.6354853,0.8044964,0.8391916,1,1,1,0.4827279,0.6000389,1,1
0.6358479,0.8056791,0.8276024,1,1,1,0.4809489,0.5854551,1,1
0.6361495,0.8065892,0.8161895,1,1,1,0.4795811,0.5705222,1,1
0.6363868,0.8072306,0.8049368,1,1,1,0.4786094,0.5552756,1,1
0.6365598,0.8076131,0.793829,1,1,1,0.4780133,0.5397516,1,1
0.6366693,0.8077485,0.7828515,1,1,1,0.4777739,0.5239864,1,1
0.6367165,0.8076491,0.7719907,1,1,1,0.4778737,0.5080152,1,1
0.6367025,0.8073284,0.7612333,1,1,1,0.4782966,0.4918726,1,1
0.6366292,0.8068002,0.7505671,1,1,1,0.4790274,0.4755915,1,1
0.636498,0.8060793,0.7399802,1,1,1,0.4800519,0.4592033,1,1
0.6363108,0.8051796,0.7294617,1,1,1,0.4813568,0.4427373,1,1
0.6360726,0.8041197,0.7190009,1,1,1,0.4829229,0.4262203,1,1
0.635785,1,0.708588,1,1,1,0.4847383,0.4096772,1,0
0.6343232,1,0.7002842,0.9739202,1,1,0.4936138,0.3901994,1,0
0.6328868,1,0.6918477,0.9325029,1,1,0.502646,0.3712837,1,0
0.6314958,1,0.6832199,0.8963549,1,1,0.5116369,0.3529405,1,0
0.630146,1,0.6744012,0.8645798,1,1,0.520553,0.3351104,1,0
0.6288337,1,0.6653978,0.8364695,1,1,0.5293635,0.317744,1,0
0.6275526,1,0.6562133,0.8114454,1,1,0.5380477,0.3007925,0.6802744,0
0.6244708,1,0.6512738,0.7459984,1,1,0.5645074,0.2862292,0.6108265,0
0.6213456,0.750658,0.6467382,0.6874757,1,1,0.5954369,0.2926384,0.5477656,0
0.6192948,0.7441372,0.6390522,0.657711,1,1,0.614904,0.2968933,0.5032336,0
0.61724,0.7377894,0.6312615,0.6303863,1,1,0.6354383,0.3013377,0.4615235,0
0.6151923,1,0.6233186,0.6054193,1,1,0.6568583,0.3059288,0.422441,0
0.6122543,0.721279,0.6187987,0.5647916,1,1,0.9548721,0.313897,0.3769671,0
0.6105775,0.7177065,0.6087668,0.5525835,1,1,0.972513,0.3173322,0.3470694,0
0.6088756,1,0.5986764,0.5406741,1,1,1,0.3208508,0.3178621,0
0.6063343,1,0.5924134,0.5207044,1,1,1,0.3282574,0.2827209,0
0.6038054,0.6983129,0.5860478,0.5127462,1,1,1,0.3360589,0.2500901,1
0.6019782,1,0.5751909,0.502783,1,1,1,0.3397028,0.242355,0
0.5994805,1,0.568451,0.4946987,1,1,1,0.3478561,0.245817,0
0.5970484,1,0.5610338,0.4863346,0.8238379,1,1,0.3557838,0.2492892,0
0.594721,1,0.5523725,0.4774196,0.7789646,1,1,0.3627704,0.2525557,0
0.5924335,1,0.5429289,0.4681584,0.7438018,1,1,0.3691937,0.2557077,0
0.5901697,1,0.5327765,0.458578,0.715942,1,1,0.3750535,0.258738,1
0.5879248,1,0.5219978,0.4487143,0.6937605,1,1,0.3803526,0.261638,1
0.585697,1,0.5106714,0.4386009,0.6761037,1,1,0.3851059,0.2644042,1
0.5834889,1,0.4988692,0.4282673,0.6621419,1,1,0.3893336,0.2670343,1
0.5813036,1,0.4866715,0.4177518,0.651253,1,1,0.3930646,0.2695303,1
0.5791464,1,0.4741416,0.4070808,0.6429716,1,1,0.3963301,0.2718946,1
0.5770213,1,0.4613451,0.3962848,0.6369314,1,1,0.3991676,0.2741333,1
0.5749363,1,0.4483411,0.3853912,0.6328653,1,1,0.4016091,0.2762488,1
0.5728941,1,0.4351789,0.3744218,0.6305396,1,1,0.4036958,0.27825,1
0.5709007,1,0.4219051,0.3633982,0.6297854,1,1,0.4054617,0.280142,1
0.5689623,1,0.4085565,0.3523362,0.630472,1,1,0.4069386,0.2819292,1
0.567079,1,0.3951716,0.3451699,0.6324688,1,1,0.408165,0.2836221,1
0.5652548,1,0.3817928,0.3434201,0.6355103,1,1,0.4091976,0.2852319,2
0.5634831,1,0.3684622,0.3418421,0.6392393,1,1,0.4101099,0.2867811,2
0.5617663,1,0.3551935,0.3404224,0.643624,1,1,0.4109144,0.2882711,2
0.5601039,1,0.3419908,0.3391421,0.6486245,1,1,0.4116261,0.289706,2
0.5584952,0.5422102,0.328863,0.3379852,1,1,1,0.412258,0.2910895,2
0.557808,0.5059385,0.312721,0.3508657,1,1,1,0.4058176,0.2903857,2
0.5574664,0.4722429,0.2971228,0.3654841,1,1,1,0.3996735,0.2896404,2
0.5574437,0.440914,0.2820477,0.381893,1,1,1,0.3938609,0.2888725,2
0.5577108,0.411734,0.2674689,0.4001517,1,1,1,0.3883929,0.2880935,2
1,0.3844743,0.2533466,0.4203256,1,1,1,0.3832671,0.2873093,1
1,0.3684196,0.2421982,0.412616,1,1,1,0.3856931,0.2886233,1
1,0.3515999,0.2308478,0.4068256,1,1,1,0.3876595,0.2898214,1
1,0.3341556,0.2193313,0.4027106,1,1,1,0.3891866,0.2909008,1
1,0.3162261,0.2110818,0.400079,1,1,1,0.390302,0.2918628,1
1,0.2979673,0.2097401,0.3986821,1,1,1,0.502224,0.2927175,2
1,0.2782347,0.2098794,0.403117,1,1,1,0.5007865,0.2930962,2
1,0.2587672,0.2101712,0.4080979,1,1,1,0.4992557,0.2934137,2
1,0.2395771,0.2106072,0.4136085,1,1,1,0.4976516,0.2936745,2
1,0.2206759,0.2111802,0.4196358,1,1,1,0.4959912,0.2938825,2
1,0.2020648,0.2118838,0.4261696,1,1,1,0.4942885,0.2940409,2
1,0.1837413,0.2127129,0.4332027,1,1,1,0.4925552,0.2941522,2
1,0.1656999,0.2136632,0.4407308,1,1,1,0.4908004,0.2942185,2
0.4274035,0.1479326,0.2147247,0.4487378,1,1,1,0.4890358,0.2942449,2
0.345577,0.1278174,0.2229078,1,1,1,1,0.480195,0.2926455,2
0.277252,0.1298493,0.2323827,1,1,1,1,0.4716125,0.2909784,2
0.2193249,0.132299,0.2433423,1,1,1,1,0.4632633,0.2892401,2
0.1695777,0.13518,0.2560118,1,1,1,1,0.4551282,0.2874304,2
0.1263727,0.1385155,0.2706583,1,1,1,1,0.4471933,0.2855516,2
0.1080181,0.1423399,0.2876284,1,1,1,1,0.4394385,0.2835999,2
0.1098467,0.146683,0.3073359,1,1,1,1,0.4318521,0.2815771,2
0.1119516,0.1515024,0.3298335,1,1,1,1,0.4245559,0.2795046,2
0.1142064,0.1564177,0.3530797,1,1,1,1,0.4181042,0.2774748,2
0.1165797,0.1613844,1,1,1,1,1,0.4123372,0.2754616,2
0.1185748,0.164842,1,1,1,1,1,0.4090226,0.2737275,2
0.1206033,0.1682949,1,1,1,1,1,0.4058584,0.2719731,2
0.1226583,0.1717324,1,1,1,1,1,0.4028308,0.2701998,1
0.124736,0.1751488,1,1,1,1,1,0.3999248,0.2684068,1
0.1268262,0.1785293,1,1,1,1,1,0.3971346,0.2665996,1
0.128922,0.1818641,1,1,1,1,1,0.3944526,0.2647817,1
0.1310203,0.1851489,1,1,1,1,1,0.3918692,0.2629538,1
0.1331145,0.1883745,1,1,1,1,1,0.3893798,0.3393332,2
0.135449,0.1923494,1,1,1,1,1,0.3862234,0.3373644,1
0.1377973,0.1962786,1,1,1,1,1,0.3831887,0.3353811,1
0.1401524,0.2001512,1,1,1,1,1,0.3802662,0.3333853,1
0.1425072,0.2039571,1,1,1,1,1,0.3774481,0.3313798,1
0.1448586,0.2076913,1,1,1,1,1,0.3747249,0.3293648,1
0.1472,0.2113448,1,1,1,1,1,0.372092,0.3273443,1
0.1495248,0.214909,1,1,1,1,1,0.369546,0.3253225,1
0.1518303,0.2183807,1,1,1,1,1,0.3670809,0.323301,1
0.1541137,0.2217574,1,1,1,1,1,0.3646918,0.3212817,1
0.1563723,0.2250369,1,1,1,1,1,0.3623745,0.3192668,1
0.1586002,1,1,1,1,1,1,0.3601292,0.3172616,0
0.1590129,1,1,1,1,1,1,0.3621933,0.3159118,0
0.1593121,1,1,1,1,1,1,0.3645557,0.3148711,0
0.1595072,1,1,1,1,1,1,1,0.3141182,1
0.1613536,1,1,1,1,1,1,1,0.3125126,1
0.1632339,1,1,1,1,1,1,1,0.3108833,1
0.1651443,1,1,1,1,1,1,1,0.3092327,1
0.1670842,1,1,1,1,1,1,1,0.3075597,1
0.1690498,1,1,1,1,1,1,1,0.3058667,1
0.1710372,1,1,1,1,1,1,1,0.304156,1
0.1730425,1,1,1,1,1,1,1,0.30243,1
1,1,1,1,1,1,1,1,0.300688,0
1,1,1,1,1,1,1,1,0.2998844,0
1,1,1,1,1,1,1,1,0.2994182,0
1,1,1,1,1,1,1,1,0.2992943,0
1,1,1,1,1,1,1,1,0.2995122,0
1,1,1,1,1,1,1,1,0.3000754,0
1,1,1,1,1,1,1,1,1,1
1,1,1,1,1,1,1,1,1,1
1,1,1,1,1,1,1,1,1,1
1,1,1,1,1,1,1,1,1,1
1,1,1,1,1,1,1,1,1,1
1,1,1,1,1,1,1,1,1,1
1,1,1,1,1,1,1,1,1,1
1,1,1,1,1,1,1,1,1,1
1,1,1,1,1,1,1,1,1,1
1,1,1,1,1,1,1,1,1,1
1,1,1,1,1,1,1,1,1,1
1,1,1,1,1,1,1,1,1,1
1,1,1,1,1,1,1,1,1,1
1,1,1,1,1,1,1,1,1,1
1,1,1,1,1,1,1,1,1,1
1,1,1,1,1,1,1,1,1,1
1,1,1,1,1,1,1,1,1,1
1,1,1,1,1,1,1,1,1,1
1,1,1,1,1,1,1,1,1,1
1,1,1,1,1,1,1,1,1,1
1,1,1,1,1,1,1,1,1,1
1,1,1,1,1,1,1,1,1,1
1,1,1,1,1,1,1,1,1,1
1,1,1,1,1,1,1,1,1,1
1,1,1,1,1,1,1,1,1,1
1,1,1,1,1,1,1,1,1,1
1,1,1,1,1,1,1,1,1,1
1,1,1,1,1,1,1,1,1,1
1,1,1,1,1,1,1,1,1,1
1,1,1,1,1,1,1,1,1,1
1,1,1,1,1,1,1,1,1,1
1,1,1,1,1,1,1,1,1,1
1,1,1,1,1,1,1,1,1,1
1,1,1,1,1,1,1,1,1,1
1,1,1,1,1,1,1,1,1,1
1,1,1,1,1,1,1,1,1,1
1,1,1,1,1,1,1,1,1,1
1,1,1,1,1,1,1,1,1,1
1,1,1,1,1,1,1,1,1,1
1,1,1,1,1,1,1,1,1,1
1,1,1,1,1,1,1,1,1,1
1,1,1,1,1,1,1,1,1,1
1,1,1,1,1,1,1,1,1,1
1,1,1,1,1,1,1,1,1,1
1,1,1,1,1,1,1,1,1,1
1,1,1,1,1,1,1,1,1,1
1,1,1,1,1,1,1,1,1,1
1,1,1,1,1,1,1,1,1,1
1,1,1,1,1,1,1,1,1,1
1,1,1,1,1,1,1,1,1,1
1,1,1,1,1,1,1,1,1,1
1,1,1,1,1,1,1,1,1,1
1,1,1,1,1,1,1,1,1,1
1,1,1,1,1,1,1,1,1,1
1,1,1,1,1,1,1,1,1,1
1,1,0.9919435,1,1,1,1,1,1,1
1,1,0.9808438,1,1,1,1,1,1,1
1,1,0.9696569,1,1,1,1,1,1,1
1,1,0.9583856,1,1,1,1,1,1,1
1,1,0.9470328,1,1,1,1,1,1,1
1,1,0.9356021,1,1,1,1,1,1,1
1,1,0.9240971,1,1,1,1,1,1,1
1,1,0.9125215,1,1,1,1,1,1,1
1,1,0.9008797,1,1,1,1,1,1,1
1,1,0.8891761,1,1,1,1,1,1,1
1,1,0.877415,1,1,1,1,1,1,1
1,1,0.8656014,1,1,1,1,1,1,1
1,1,0.8537436,1,1,1,1,1,1,1
1,1,0.8418431,1,1,1,1,1,1,1
1,1,0.8299052,1,1,1,1,1,1,1
1,1,0.8179349,1,1,1,1,1,1,1
1,1,0.8059376,1,1,1,1,1,1,1
1,1,0.7939218,1,1,1,1,1,1,1
1,1,0.7818893,1,1,1,1,1,1,1
1,1,0.7698455,1,1,1,1,1,1,1
1,1,0.7577986,1,1,1,1,1,1,1
1,1,0.7457502,1,1,1,1,1,1,1
1,1,0.7495007,1,1,1,1,1,1,1
1,0.9815329,0.7582401,1,1,1,1,1,1,2
1,0.9623855,0.7680291,1,1,1,1,1,1,2
1,0.943051,0.7789505,1,1,1,1,1,1,2
1,0.9235767,0.7910566,1,1,1,1,1,1,2
1,0.904013,0.8043955,1,1,1,1,1,1,2
1,0.8844005,0.819037,1,1,1,1,1,1,2
1,0.8647871,0.8350468,1,1,1,1,1,1,2
1,0.8452091,0.8524958,1,1,1,1,1,1,2
1,0.8257089,0.8714604,1,1,1,1,1,1,2
1,0.8063259,0.8920223,1,1,1,1,1,1,2
1,0.7870877,0.9142591,1,1,1,1,1,1,2
1,0.7680268,0.938265,1,1,1,1,1,1,2
1,0.7491682,0.9641297,1,1,1,1,1,1,2
1,0.7305332,0.9919598,1,1,1,1,1,1,2
1,0.7121439,1,1,1,1,1,1,1,2
1,0.6938473,1,1,1,1,1,1,1,2
1,0.6756188,1,1,1,1,1,1,1,2
1,0.6574867,1,1,1,1,1,1,1,2
1,0.6394891,1,1,1,1,1,1,1,2
1,0.6216497,1,1,1,1,1,1,1,2
1,0.6039978,1,1,1,1,1,1,1,2
1,0.5865601,1,1,1,1,1,1,1,2
1,0.5693603,1,1,1,1,1,1,1,2
1,0.5524155,1,1,1,1,1,1,1,2
0.8995447,0.5357398,1,1,1,1,1,1,1,2
0.85567,0.5503432,1,1,1,1,1,1,1,2
0.8130185,0.5679232,1,1,1,1,1,1,1,2
0.7719046,0.5875295,1,1,1,1,1,1,1,2
0.7325324,0.6093137,1,1,1,1,1,1,1,2
0.6950378,0.6334435,1,1,1,1,1,1,1,2
0.6594892,0.6600909,1,1,1,1,1,1,1,2
0.6259042,0.6894329,1,1,1,1,1,1,1,2
0.594264,0.7216629,1,1,1,1,1,1,1,2
0.5645076,0.7569733,1,1,1,1,1,1,1,2
0.5365611,0.7955669,1,1,1,1,1,1,1,2
0.5103298,0.8376554,1,1,1,1,1,1,1,2
0.4857058,1,1,1,1,1,1,1,1,2
0.4880921,1,1,1,1,1,1,1,1,2
0.5016618,1,1,1,1,1,1,1,1,2
0.515635,1,1,1,1,1,1,1,1,2
0.5299903,1,1,1,1,1,1,1,1,2
0.5447048,1,1,1,1,1,1,1,1,2
0.5597489,1,1,1,1,1,1,1,1,2
0.5751001,1,1,1,1,1,1,1,1,2
0.5907301,1,1,1,1,1,1,1,1,2
0.6066042,1,1,1,1,1,1,1,1,2
0.622695,1,1,1,1,1,1,1,1,2
0.6389698,1,1,1,1,1,1,1,1,2
0.6553995,1,1,1,1,1,1,1,1,2
0.6719489,1,1,1,1,1,1,1,1,2
0.6885822,1,1,1,1,1,1,1,1,2
0.7052633,1,1,1,1,1,1,1,1,2
0.7219603,1,1,1,1,1,1,1,1,2
0.7386417,1,1,1,1,1,1,1,1,2
0.7552706,1,1,1,1,1,1,1,1,2
0.7718163,1,1,1,1,1,1,1,1,2
1,1,1,1,1,1,1,1,1,1
1,1,1,1,1,1,1,1,1,1
1,1,1,1,1,1,1,1,1,1
1,1,1,1,1,1,1,1,1,1
1,1,1,1,1,1,1,1,1,1
1,1,1,1,1,1,1,1,1,1
1,1,1,1,1,1,1,1,1,1
1,1,1,1,1,1,1,1,1,1
1,1,1,1,1,1,1,1,1,1
1,1,1,1,1,1,1,1,1,1
1,1,1,1,1,1,1,1,1,1
1,1,1,1,1,1,1,1,1,1
1,1,1,1,1,1,1,1,1,1
1,1,1,1,1,1,1,1,1,1
1,1,1,1,1,1,1,1,1,1
1,1,1,1,1,1,1,1,1,1
1,1,1,1,1,1,1,1,1,1
1,1,1,1,1,1,1,1,1,1
1,1,1,1,1,1,1,1,1,1
1,1,1,1,1,1,1,1,1,1
1,1,1,1,1,1,1,1,1,1
1,1,1,1,1,1,1,1,1,1
1,1,1,1,1,1,1,1,1,1
1,1,1,1,1,1,1,1,1,1
1,1,1,1,1,1,1,1,1,1
1,1,1,1,1,1,1,1,1,1
1,1,1,1,1,1,1,1,1,1
1,1,1,1,1,1,1,1,1,1
1,1,1,1,1,1,1,1,1,1
1,1,1,1,1,1,1,1,1,1
1,1,1,1,1,1,1,1,1,1
1,1,1,1,1,1,1,1,1,1
1,1,1,0.9916257,1,1,1,1,1,1
1,1,1,0.978883,1,1,1,1,1,1
1,1,1,0.9665921,1,1,1,1,1,1
1,1,1,0.9547271,1,1,1,1,1,1
1,1,1,0.9432575,1,1,1,1,1,1
1,1,1,0.9321621,1,1,1,1,1,1
1,1,1,0.9214211,1,1,1,1,1,1
1,1,1,0.9110098,1,1,1,1,1,1
1,1,1,0.9009064,0.9920435,1,1,1,1,1
1,1,1,0.8914474,0.9803725,1,1,1,1,1
1,1,1,0.8827608,0.9683672,1,1,1,1,1
1,1,1,0.8748235,0.9560516,1,1,1,1,1
1,1,1,0.8676158,0.9434508,1,1,1,1,1
1,1,1,0.86112,0.9305905,1,1,1,1,0
1,1,1,0.8553286,0.9174967,1,1,1,1,0
1,1,1,0.8502285,0.9041997,1,1,1,1,0
1,1,1,0.8458022,0.8907221,1,1,1,1,0
1,1,1,0.8420483,0.8770971,1,1,1,1,0
1,1,1,0.8389597,0.8633463,1,1,1,1,0
1,1,1,0.8365316,0.8494974,1,1,1,1,0
1,1,1,0.8347535,0.8355773,1,1,1,1,0
1,1,1,0.8336306,0.8216078,1,1,1,1,0
1,1,1,0.8331553,0.8076126,1,1,1,1,0
1,1,1,0.8333293,0.7936104,1,1,1,1,0
1,1,1,0.8341557,0.7796253,1,1,1,1,0
1,1,1,0.835631,0.7656721,1,1,1,1,0
1,1,1,0.8377616,0.751768,1,1,1,1,0
1,1,1,0.8405557,0.7379238,1,1,1,1,0
1,1,1,0.8440146,0.7241566,0.8241543,1,1,1,0
1,0.9828433,1,0.8592087,0.7083863,0.8033317,1,1,1,0
1,0.9642538,1,0.8763884,0.6928434,0.7829255,1,1,1,0
1,0.9597799,1,1,0.6775709,0.7629989,1,1,1,0
1,0.9548945,1,1,0.6630296,0.7443053,1,1,1,0
1,0.950215,1,1,0.648562,0.72576,1,1,1,0
1,0.945733,1,1,0.6341934,0.7074034,1,1,1,0
1,0.9414403,1,1,0.6235257,0.6892742,1,1,1,0
1,0.9373015,1,1,0.6313901,0.6714402,1,1,1,0
1,0.9331563,1,1,0.6399259,0.6540698,1,1,1,0
1,0.9289842,1,1,0.6491331,0.6371509,1,1,1,0
1,0.9247643,1,1,0.6590104,0.6206685,1,1,1,0
1,0.9204757,1,1,0.669548,0.6046065,1,1,1,0
1,0.9160941,1,1,0.6807337,0.5889436,1,1,1,0
1,0.9116025,1,1,0.6925524,0.5736653,1,1,1,0
1,0.9069774,1,1,0.7049955,0.5587489,1,1,1,0
1,0.9021994,1,1,0.7180419,0.5441757,0.6645008,1,1,0
1,0.9024873,1,1,1,0.52711,0.6381398,1,1,0
1,0.9012346,1,1,1,0.5114504,0.6148185,1,1,0
1,0.9003949,1,1,1,0.5224267,0.5921686,1,1,0
1,0.8996442,1,1,1,0.5358717,0.5704531,1,1,0
1,0.8989253,1,1,1,0.5506177,0.5496336,1,1,0
1,0.8981935,1,1,1,0.5667127,0.5296568,1,1,0
1,0.8974067,1,1,1,0.5842232,0.5104724,1,1,0
1,0.896519,1,1,1,0.6032109,0.4920272,1,1,0
1,0.8954846,1,1,1,0.6237394,0.4742693,1,1,0
1,0.8942577,1,1,1,0.6458639,0.4571486,1,1,0
1,0.892793,1,1,1,1,0.4406174,1,1,0
1,0.8875028,1,1,1,1,0.4258727,1,1,0
1,0.882154,1,1,1,1,0.4113561,1,1,0
1,0.8767296,1,1,1,1,0.3984171,1,1,0
1,0.8711826,1,1,1,1,0.4026502,1,1,0
1,0.8651837,1,1,1,1,0.4068993,1,1,0
1,0.8587133,1,1,1,1,0.4111419,0.5406104,1,0
1,0.862702,1,1,1,1,0.4249283,0.5077176,1,0
1,0.8672349,1,1,1,1,0.440429,0.4768795,1,0
1,0.8723516,1,1,1,1,0.4578673,0.4478999,1,0
1,0.8780959,1,1,1,1,0.477502,0.4206062,1,0
1,0.8845228,0.9775862,1,1,1,0.499658,0.3948512,1,0
1,0.8916939,0.9361099,1,1,1,0.5247124,0.3705045,1,0
1,0.8996736,0.8978857,1,1,1,1,0.3474458,1,0
1,0.9006772,0.872513,1,1,1,1,0.3276922,1,0
1,0.9016249,0.8487177,1,1,1,1,0.3086966,1,0
1,0.9024582,0.8263832,1,1,1,1,0.2991413,1,0
1,1,0.8057474,1,1,1,1,0.3049085,1,0
1,1,0.7828794,1,1,1,1,0.3119276,1,0
1,1,0.7624241,1,1,1,1,0.3190808,0.4538098,0
1,1,0.7359031,1,1,1,1,0.3291884,0.4084403,0
1,1,0.7109293,1,1,1,1,0.340267,0.367372,0
1,1,0.6873413,1,1,1,1,0.352408,0.3300201,0
1,1,0.665008,1,1,1,1,0.3657044,0.2959008,0
1,1,0.643809,1,1,1,1,0.3802677,0.2646168,0
1,1,0.623643,1,1,1,1,0.3962195,0.2617188,0
1,1,0.6044155,1,1,1,1,0.4137049,0.2683073,0
1,1,0.5860425,1,1,1,1,1,0.2754246,0
1,1,0.5728092,1,1,1,1,1,0.2816844,0
1,1,0.5604709,0.8019066,1,1,1,1,0.2880653,0
1,1,0.5512193,0.7840084,1,1,1,1,0.293677,0
1,1,0.5426689,0.7680174,1,1,1,1,0.2992102,0
1,1,0.5347304,0.7536572,1,1,1,1,0.3046497,0
1,1,0.5273225,0.7406934,1,1,1,1,0.3099895,1
1,1,0.5203823,0.7289402,1,1,1,1,0.3152209,1
1,1,0.5138577,0.7182449,1,1,1,1,0.3203359,1
1,1,0.507701,0.7084752,1,1,1,1,0.3253313,1
1,1,0.5018727,0.6995209,1,1,1,1,0.3302044,1
1,1,0.4963352,0.6912839,1,1,1,1,0.3349571,1
1,1,0.4910647,0.6836923,1,1,1,1,0.3395838,1
1,1,0.4860336,0.6766746,1,1,1,1,0.3440872,1
1,1,0.481218,0.6701692,1,1,1,1,0.3484698,1
1,1,0.4766017,0.6641291,1,1,1,1,1,2
1,1,0.4816474,1,1,1,1,1,1,2
1,0.6872672,0.4845127,1,1,1,1,1,1,2
1,0.6263511,0.4908039,1,1,1,1,1,1,2
1,0.5715212,0.4979081,1,1,1,1,1,1,2
1,0.5218791,0.5058882,1,1,1,1,1,1,2
1,0.476694,0.5148147,1,1,1,1,1,1,2
1,0.4353723,0.5247732,1,1,1,1,1,1,2
1,0.3974151,0.5358552,1,1,1,1,1,1,2
1,0.3668538,0.5481651,1,1,1,1,1,1,2
1,0.3693811,0.561828,1,1,1,1,1,1,2
1,0.372376,0.5769762,1,1,1,1,1,1,2
1,0.375862,1,1,1,1,1,1,1,2
1,0.3798651,1,1,1,1,1,1,1,2
1,0.3844067,1,1,1,1,1,1,1,2
0.5909816,0.3895143,1,1,1,1,1,1,1,2
0.4904079,0.3952223,1,1,1,1,1,1,1,2
0.4071244,0.4015649,1,1,1,1,1,1,1,2
0.3370005,0.4085761,1,1,1,1,1,1,1,2
0.3258823,0.4163015,1,1,1,1,1,1,1,2
0.3284158,0.4247841,1,1,1,1,1,1,1,2
0.3313502,0.4340797,1,1,1,1,1,1,1,2
0.3346936,0.4442423,1,1,1,1,1,1,1,2
0.3384618,0.4553406,1,1,1,1,1,1,1,2
0.3426653,0.4674429,1,1,1,1,1,1,1,2
0.3473195,1,1,1,1,1,1,1,1,2
0.3524415,1,1,1,1,1,1,1,1,2
0.3580464,1,1,1,1,1,1,1,1,2
0.3641549,1,1,1,1,1,1,1,1,2
0.3707893,1,1,1,1,1,1,1,1,2
0.3779746,1,1,1,1,1,1,1,1,2
0.3857341,1,1,1,1,1,1,1,1,2
0.3940976,1,1,1,1,1,1,1,1,2
0.403094,1,1,1,1,1,1,1,1,2
0.4127623,1,1,1,1,1,1,1,1,2
0.4229399,1,1,1,1,1,1,1,1,2
1,1,1,1,1,1,1,1,1,1
1,1,1,1,1,1,1,1,1,1
1,1,1,1,1,1,1,1,1,1
1,1,1,1,1,1,1,1,1,1
1,1,1,1,1,1,1,1,1,1
1,1,1,1,1,1,1,1,1,1
1,1,1,1,1,1,1,1,1,1
1,1,1,1,1,1,1,1,1,1
1,1,1,1,1,1,1,1,1,1
1,1,1,1,1,1,1,1,1,1
1,1,1,1,1,1,1,1,1,1
1,1,1,1,1,1,1,1,1,1
1,1,1,1,1,1,1,1,1,1
1,1,1,1,1,1,1,1,1,1
1,1,1,1,1,1,1,1,1,1
1,1,1,1,1,1,1,1,1,1
1,1,1,1,1,1,1,1,1,1
1,1,1,1,1,1,1,1,1,1
1,1,1,1,1,1,1,1,1,1
1,1,1,1,1,1,1,1,1,1
1,1,1,1,1,1,1,1,1,1
1,1,1,1,1,1,1,1,1,1
1,1,1,1,1,1,1,1,1,1
1,1,1,1,1,1,1,1,1,1
1,0.9564229,1,1,1,1,1,1,1,1
1,0.9454097,1,1,1,1,1,1,1,1
1,0.9343015,1,1,1,1,1,1,1,1
1,0.9231059,1,1,1,1,1,1,1,1
1,0.9118277,1,1,1,1,1,1,1,1
1,0.9004722,1,1,1,1,1,1,1,1
1,0.8890446,1,1,1,1,1,1,1,1
1,0.8775541,1,1,1,1,1,1,1,1
1,0.8660064,1,1,1,1,1,1,1,1
1,0.8544078,1,1,1,1,1,1,1,1
1,0.8427679,1,1,1,1,1,1,1,1
1,0.8310931,1,1,1,1,1,1,1,1
1,0.8193901,1,1,1,1,1,1,1,1
1,0.8076651,1,1,1,1,1,1,1,1
1,0.7959284,1,1,1,1,1,1,1,1
1,0.7841862,1,1,1,1,1,1,1,1
1,0.7724454,1,1,1,1,1,1,1,2
1,0.7607154,1,1,1,1,1,1,1,2
1,0.7654077,1,1,1,1,1,1,1,2
1,0.7819561,1,1,1,1,1,1,1,1
1,0.7983276,1,1,1,1,1,1,1,1
1,0.8144987,1,1,1,1,1,1,1,1
1,0.8304407,1,1,1,1,1,1,1,1
1,0.8461181,1,1,1,1,1,1,1,1
1,0.8615125,1,1,1,1,1,1,1,1
1,0.8765992,1,1,1,1,1,1,1,1
1,1,1,1,1,1,1,1,1,1
1,1,1,1,1,1,1,1,1,1
1,1,1,1,1,1,1,1,1,1
1,1,1,1,1,1,1,1,1,1
1,1,1,1,1,1,1,1,1,1
1,1,1,1,1,1,1,1,1,1
1,1,1,1,1,1,1,1,1,1
1,1,1,1,1,1,1,1,1,1
1,1,1,1,1,1,1,1,1,1
1,1,1,1,1,1,1,1,1,1
0.7848949,1,1,1,1,1,1,1,1,2
0.7651266,1,1,1,1,1,1,1,1,2
0.7452606,1,1,1,1,1,1,1,1,2
0.7253565,1,1,1,1,1,1,1,1,2
0.7054735,1,1,1,1,1,1,1,1,2
0.6856687,1,1,1,1,1,1,0.9985297,1,2
0.6660394,1,1,1,1,1,1,0.9916764,1,2
0.6467745,1,1,1,1,1,1,0.9931577,1,2
0.6288702,1,1,1,1,1,1,1,1,2
0.6430827,1,1,1,1,1,1,1,1,2
0.6574558,1,1,1,1,1,1,1,1,2
0.6719654,1,1,1,1,1,1,1,1,2
0.6865826,1,1,1,1,1,1,1,1,2
0.7012817,1,1,1,1,1,1,1,1,2
0.7160329,1,1,1,1,1,1,1,1,2
0.7308103,1,1,1,1,1,1,1,1,2
0.7455837,1,1,1,1,1,1,1,1,2
1,1,1,1,1,1,1,1,1,1
1,1,1,1,1,1,1,0.9589286,1,1
1,1,1,1,1,1,1,0.9071537,1,1
1,1,1,1,1,1,1,0.9018779,1,1
1,1,1,1,1,1,1,0.8966662,1,0
1,1,1,1,1,1,1,0.8915234,1,0
1,1,1,1,1,1,1,0.8864508,1,0
1,1,1,1,1,1,1,0.8814533,1,0
1,1,1,1,0.9970081,1,1,0.8765355,1,0
1,1,1,1,0.9836941,1,1,0.871707,1,0
1,1,1,1,0.9701555,1,1,0.8670037,1,0
1,1,1,1,0.9564148,1,1,0.8624344,1,0
1,1,1,1,0.9424987,1,1,0.8580076,1,0
1,1,1,1,0.9284312,1,1,0.8537353,1,0
1,1,1,1,0.9142365,1,1,0.8496296,1,0
1,1,1,1,0.8999428,1,1,0.8456994,1,0
1,1,1,1,0.8855742,0.9994981,1,0.8419534,1,0
1,1,1,1,0.8711516,0.9809674,1,0.8384023,1,0
1,1,1,1,0.8564722,0.9620403,1,1,1,1
1,1,1,1,0.8446795,0.9478694,1,1,1,0
1,1,1,1,0.8326674,0.933349,1,1,1,0
1,1,1,1,0.8204501,0.9185039,1,1,1,0
1,1,1,1,0.8080476,0.9033657,1,1,1,0
1,1,1,1,0.7954777,0.8879653,1,1,1,0
1,1,1,1,0.7827599,0.8723351,1,1,1,0
1,1,1,1,0.7699146,0.8565098,1,1,1,0
1,1,1,1,0.7569667,0.8405281,1,1,1,0
1,1,1,1,0.7439376,0.8244264,1,1,1,0
1,1,1,1,0.7308523,0.8082439,1,1,0.7851421,0
1,1,1,1,0.724688,0.7872313,1,1,0.7786957,0
1,1,1,1,0.7469949,0.7666098,1,1,0.7726573,0
1,1,1,1,0.772222,0.7466425,1,1,0.7670931,0
1,1,1,1,0.8006584,0.727334,1,1,0.7620024,0
1,1,1,1,0.8326462,0.7086762,1,1,0.7573835,0
1,1,1,1,0.8685635,0.6906536,1,1,0.7532248,0
1,1,1,1,0.9088597,0.6732485,0.8096328,1,0.7495149,0
1,1,1,1,1,0.6554477,0.7818242,1,0.7462152,0
1,1,1,1,1,0.6382312,0.7552797,1,1,0
1,1,1,1,1,0.6429385,0.7346569,1,1,0
1,1,1,1,1,0.6564924,0.7144439,1,1,0
1,1,1,1,1,0.6713519,0.6947322,1,1,0
1,1,1,1,1,0.6875808,0.6755226,1,1,0
1,1,1,1,1,0.7052481,0.6568069,1,1,0
1,1,1,1,1,0.7244288,0.6385779,1,1,0
1,1,1,1,1,0.745196,0.6208245,1,1,0
1,1,1,1,1,0.7676367,0.6035298,1,1,0
1,1,1,1,1,0.7918463,0.5866788,1,1,0
1,1,1,1,1,1,0.5702513,1,1,0
1,1,1,1,1,1,0.555036,1,1,0
1,1,1,1,1,1,0.5399795,1,1,0
1,1,1,1,1,1,0.5250922,1,1,0
1,1,1,1,1,1,0.5103799,1,1,0
1,1,1,1,1,1,0.4958469,1,1,0
1,1,1,1,1,1,0.4967496,1,1,0
1,1,1,1,1,1,0.5047841,1,1,0
1,1,1,1,1,1,0.5130577,1,1,0
1,1,1,1,1,1,0.5215572,0.6408969,1,0
1,1,1,1,1,1,0.543082,0.6080477,1,0
1,1,1,1,1,1,0.5672539,0.5771255,1,0
1,1,1,1,1,1,0.5944739,0.5479645,1,0
1,1,1,1,1,1,0.6252201,0.5204133,1,0
1,1,1,1,1,1,0.659994,0.4943604,1,0
1,1,1,1,1,1,1,0.4698196,1,0
1,1,1,1,1,1,1,0.4485796,1,0
1,1,1,1,1,1,1,0.4279694,1,0
1,1,1,1,1,1,1,0.407994,1,0
1,1,1,1,1,1,1,0.3886598,1,0
1,1,1,1,1,1,1,0.3825783,1,0
1,1,1,1,1,1,1,0.3931281,1,0
1,1,1,1,1,1,1,0.4041728,0.5895807,0
1,1,1,1,1,1,1,0.4186804,0.5446115,0
1,1,1,1,1,1,1,0.434537,0.5034506,0
1,1,1,1,1,1,1,0.4518716,0.4656388,0
1,1,1,1,1,1,1,0.4708372,0.430787,0
1,1,1,1,1,1,1,0.4916101,0.3985702,0
1,1,1,1,1,1,1,0.5143875,0.3687043,0
1,1,1,1,1,1,1,0.5394052,0.3409445,0
1,1,1,1,1,1,1,1,0.3403006,0
1,1,1,1,1,1,1,1,0.3503368,0
1,1,1,1,1,1,1,1,0.3611014,0
1,1,1,1,1,1,1,1,0.3726386,0
1,1,1,1,1,1,1,1,0.3847676,0
1,1,1,1,1,1,1,1,0.3974621,0
1,1,1,1,1,1,1,1,0.4107138,0
1,1,1,1,1,1,1,1,0.424508,0
1,1,1,1,1,1,1,1,0.4388316,0
1,1,1,1,1,1,1,1,0.4536646,0
1,1,1,1,1,1,1,1,0.4689845,0
0.83932,1,1,1,1,1,1,1,0.4847748,0
1,1,1,1,1,1,1,1,0.8818409,1
1,1,1,1,1,1,1,1,0.8933595,1
1,1,1,1,1,1,1,1,0.9046701,1
1,1,1,1,1,1,1,1,0.9157603,1
1,1,1,1,1,1,1,1,0.926623,1
1,1,1,1,1,1,1,1,0.9372431,1
1,1,1,1,1,1,1,1,0.947616,1
1,1,1,1,1,1,1,1,1,1
1,1,1,1,1,1,1,1,1,1
1,1,1,1,1,1,1,1,1,1
1,1,1,1,1,1,1,1,1,1
1,1,1,1,1,1,1,1,1,1
1,1,1,1,1,1,1,1,1,1
1,1,1,1,1,1,1,1,1,1
1,1,1,1,1,1,1,1,1,1
1,1,1,1,1,1,1,1,1,1
1,1,1,1,1,1,1,1,1,1
1,1,1,1,1,1,1,1,1,1
1,1,1,1,1,1,1,1,1,1
1,1,1,1,1,1,1,1,1,1
1,1,1,1,1,1,1,1,1,1
1,1,1,1,1,1,1,1,1,1
1,1,1,1,1,1,1,1,1,1
1,1,1,1,1,1,1,1,1,1
1,1,1,1,1,1,1,1,1,1
1,1,1,1,1,1,1,1,1,1
1,1,1,1,1,1,1,1,1,1
1,1,1,1,1,1,1,1,1,1
1,1,1,1,1,1,1,1,1,1
1,1,1,1,1,1,1,1,1,1
1,1,1,1,1,1,1,1,1,1
1,1,1,1,1,1,1,1,1,1
1,1,1,1,1,1,1,1,1,1
1,1,1,1,1,1,1,1,1,1
1,1,1,1,1,1,1,1,1,1
1,1,1,1,1,1,1,1,1,1
1,1,1,1,1,1,1,1,1,1
1,1,1,1,1,1,1,1,1,1
1,1,1,1,1,1,1,1,1,1
1,1,1,1,1,1,1,1,1,1
1,1,1,1,1,1,1,1,1,1
1,1,1,1,1,1,1,1,1,1
1,1,1,1,1,1,1,1,1,1
1,1,1,1,1,1,1,1,1,1
1,1,1,1,1,1,1,1,1,1
1,1,1,1,1,1,1,1,1,1
1,1,1,1,1,1,1,1,1,1
1,1,1,1,1,1,1,1,1,1
1,1,1,1,1,1,1,1,1,1
1,1,1,1,1,1,1,1,1,1
1,1,1,1,1,1,1,1,1,1
1,1,1,1,1,1,1,1,1,1
1,1,1,1,1,1,1,1,1,1
1,1,1,1,1,1,1,1,1,1
1,1,1,1,1,1,1,1,1,1
1,1,1,1,1,1,1,1,1,1
1,1,1,1,1,1,1,1,1,1
1,1,1,1,1,1,1,1,1,1
1,1,1,1,1,1,1,1,1,1
1,1,1,1,1,1,1,1,1,1
1,1,1,1,1,1,1,1,1,1
1,1,1,1,1,1,1,1,1,1
1,1,1,1,1,1,1,1,1,1
1,1,1,1,1,1,1,1,1,1
1,1,1,1,1,1,1,1,1,1
1,1,1,1,1,1,1,1,1,1
1,1,1,1,1,1,1,1,1,1
1,1,1,1,1,1,1,1,1,1
1,1,1,1,1,1,1,1,1,1
1,1,1,1,1,1,1,1,1,1
1,1,1,1,1,1,1,1,1,1
1,1,1,1,1,1,1,1,1,1
1,1,1,1,1,1,1,1,1,1
1,1,1,1,1,1,1,1,1,1
1,1,1,1,1,1,1,1,1,1
1,1,1,1,1,1,1,1,1,1
1,1,1,1,1,1,1,1,1,1
1,1,1,1,1,1,1,1,1,1
1,1,1,1,1,1,1,1,1,1
1,1,1,1,1,1,1,1,1,1
1,1,1,1,1,1,1,1,1,1
1,1,1,1,1,1,1,1,1,1
1,1,1,1,1,1,1,1,1,1
1,1,1,1,1,1,1,1,1,1
1,1,1,1,1,1,1,1,1,1
1,1,1,1,1,1,1,1,1,1
1,1,1,1,1,1,1,1,1,1
1,1,1,1,1,1,1,1,1,1
1,1,1,1,1,1,1,1,1,1
1,1,1,1,1,1,1,1,1,1
1,1,1,1,1,1,1,1,1,1
1,1,1,1,1,1,1,1,1,1
1,1,1,1,1,1,1,1,1,1
1,1,1,1,1,1,1,1,1,1
1,1,1,1,1,1,1,1,1,1
1,1,1,1,1,1,1,1,1,1
1,1,1,1,1,1,1,1,1,1
1,1,1,1,1,1,1,1,1,1
1,1,1,1,1,1,1,1,1,1
1,1,1,1,1,1,1,1,1,1
1,1,1,1,1,1,1,1,1,1
1,1,1,1,1,1,1,1,1,1
1,1,1,1,1,1,1,1,1,1
1,1,1,1,1,1,1,1,1,1
1,1,1,1,1,1,1,1,1,1
1,1,1,1,1,1,1,1,1,1
1,1,1,1,1,1,1,1,1,1
1,1,1,1,1,1,1,1,1,1
1,1,1,1,1,1,1,1,1,1
1,1,1,1,1,1,1,1,1,1
1,1,1,1,1,1,1,1,1,1
1,1,1,1,1,1,1,1,1,1
1,1,1,1,1,1,1,1,1,1
1,1,1,1,1,1,1,1,1,1
1,1,1,1,1,1,1,1,1,1
1,1,1,1,1,1,1,1,1,1
1,1,1,1,1,1,1,1,1,1
1,1,1,1,1,1,1,1,1,1
1,1,1,1,1,1,1,1,1,1
1,1,1,1,1,1,1,1,1,1
1,1,1,1,1,1,1,1,1,1
1,1,1,1,1,1,1,1,1,1
1,1,1,1,1,1,1,1,1,1
1,1,1,1,1,1,1,1,1,1
1,1,1,1,1,1,1,1,1,1
1,1,1,1,1,1,1,1,1,1
1,1,1,1,1,1,1,1,1,1
1,1,1,1,1,1,1,1,1,1
1,1,1,1,1,1,1,1,1,1
1,1,1,1,1,1,1,1,1,1
1,1,1,1,1,1,1,1,1,1
1,1,1,1,1,1,1,1,1,1
1,1,1,1,1,1,1,1,1,1
1,1,1,1,1,1,1,1,1,1
1,1,1,1,1,1,1,1,1,1
1,1,1,1,1,1,1,1,1,1
1,1,1,1,1,1,1,1,1,1
1,1,1,1,1,1,1,1,1,1
1,1,1,1,1,1,1,1,1,1
1,1,1,1,1,1,1,1,1,1
1,1,1,1,1,1,1,1,1,1
1,1,1,1,1,1,1,1,1,1
1,1,1,1,1,1,1,1,1,1
1,1,1,1,1,1,1,1,1,1
1,1,1,1,1,1,1,1,1,1
1,1,1,1,1,1,1,1,1,1
1,1,1,1,1,1,1,1,1,1
1,1,1,1,1,1,1,1,1,1
1,1,1,1,1,1,1,1,1,1
1,1,1,1,1,1,1,1,1,1
1,1,1,1,1,1,1,1,1,1
1,1,1,1,1,1,1,1,1,1
1,1,1,1,1,1,1,1,1,1
1,1,1,1,1,1,1,1,1,1
1,1,1,1,1,1,1,1,1,1
1,1,1,1,1,1,1,1,1,1
1,1,1,1,1,1,1,1,1,1
1,1,1,1,1,1,1,1,1,1
1,1,1,1,1,1,1,1,1,1
1,1,1,1,1,1,1,1,1,1
1,1,1,1,1,1,1,1,1,1
1,1,1,1,1,1,1,1,1,1
1,1,1,1,1,1,1,1,1,1
1,1,1,1,1,1,1,1,1,1
1,1,1,1,1,1,1,1,1,1
1,1,1,1,1,1,1,1,1,1
1,1,1,1,1,1,1,1,1,1
1,1,1,1,1,1,1,1,1,1
1,1,1,1,1,1,1,1,1,1
1,1,1,1,1,1,1,1,1,1
1,1,1,1,1,1,1,1,1,1
1,1,1,1,1,1,1,1,1,1
1,1,1,1,1,1,1,1,1,1
1,1,1,1,1,1,1,1,1,1
1,1,1,1,1,1,1,1,1,1
1,1,1,1,1,1,1,1,1,1
1,1,1,1,1,1,1,1,1,1
1,1,1,1,1,1,1,1,1,1
1,1,1,1,1,1,1,1,1,1
1,1,1,1,1,1,1,1,1,1
1,1,1,1,1,1,1,1,1,1
1,1,1,1,1,1,1,1,1,1
1,1,1,1,1,1,1,1,1,1
1,1,1,1,1,1,1,1,1,1
1,1,1,1,1,1,1,1,1,1
1,1,1,1,1,1,1,1,1,1
1,1,1,1,1,1,1,1,1,1
1,1,1,1,1,1,1,1,1,1
1,1,1,1,1,1,1,1,1,1
1,1,1,1,1,0.9986891,1,1,1,1
1,1,1,1,1,0.9885324,1,1,1,1
1,1,1,1,1,0.9783632,1,1,1,1
1,1,1,1,1,0.9681817,1,1,1,1
1,1,1,1,1,0.9579883,1,1,1,1
1,1,1,1,1,0.9477836,1,1,1,1
1,1,1,1,1,0.9375679,1,1,1,1
1,1,1,1,1,0.9273419,1,1,1,1
1,1,1,1,1,0.9171062,1,1,1,1
1,1,1,1,1,0.9068612,1,1,1,1
1,1,1,1,1,0.8966076,1,1,1,1
1,1,1,1,1,0.886346,1,1,1,1
1,1,1,1,1,0.876077,1,1,1,1
1,1,1,1,1,0.8658013,1,1,1,1
1,1,1,1,1,0.8555196,1,1,1,1
1,1,1,1,1,0.8452323,1,1,1,1
1,1,1,1,1,0.8349403,1,1,1,1
1,1,1,1,1,0.8246441,1,1,1,1
1,1,1,1,1,0.8143444,1,1,1,1
1,1,1,1,1,0.804042,1,1,1,1
1,1,1,1,1,0.7937405,1,1,1,1
1,1,1,1,1,0.7834375,1,1,1,1
1,1,1,1,1,0.7731335,1,1,1,1
1,1,1,1,1,0.7628292,1,1,1,1
1,1,1,1,1,0.7525253,1,1,1,1
1,1,1,1,1,0.7422222,1,1,1,1
1,1,1,1,1,0.7319207,1,1,1,1
1,1,1,1,1,0.7216211,1,1,1,1
1,1,1,1,1,0.711324,1,1,1,1
1,1,1,1,1,0.7010299,1,1,1,1
1,0.9867293,1,1,1,0.6907423,1,1,1,1
1,0.9723606,1,1,1,0.6805014,1,1,1,1
1,0.9574161,1,1,1,0.6703074,1,1,1,1
1,0.9418988,1,1,1,0.6744679,1,1,1,1
1,0.9257172,1,1,1,0.6768486,1,1,1,1
1,0.908901,1,1,1,0.6765876,1,1,1,1
1,0.8914911,1,1,1,0.6737121,1,1,1,1
1,0.8735335,1,1,1,0.6682749,1,1,1,1
1,0.855074,1,1,1,0.6604354,1,1,1,1
1,0.8361716,1,1,1,0.6504039,1,1,1,1
1,0.8168834,1,1,1,0.63839,1,1,1,1
1,0.7972687,1,1,1,0.6246726,1,1,1,1
1,0.7773877,1,1,1,0.6095221,1,1,1,2
1,0.7572957,1,1,1,0.5932297,1,1,1,2
1,0.7370572,1,1,1,0.5760734,1,1,1,2
1,0.7167297,1,1,1,0.5582949,1,1,1,2
1,0.6963682,1,1,1,0.5401291,1,1,1,2
1,0.6928197,1,1,1,0.5227771,1,1,1,2
1,0.6966975,1,1,1,0.5131963,1,1,1,2
1,0.700491,1,1,1,0.503574,1,1,1,2
1,0.7041887,1,1,1,0.493912,1,1,1,2
1,0.7077841,1,1,1,0.4842065,1,1,1,2
1,0.7112707,1,1,1,0.4744605,1,1,1,2
1,0.7146437,1,1,1,0.4646708,1,1,1,1
1,0.7178981,1,1,1,0.4548413,1,1,1,1
1,0.7210297,1,1,1,0.4449728,1,1,1,1
1,0.7240354,1,1,1,0.4350632,1,1,1,1
1,0.7269121,1,1,1,0.425117,1,1,1,1
1,0.7296574,1,1,1,0.4151328,1,1,1,1
1,0.7322696,1,1,1,0.4051152,1,1,1,1
0.9689471,0.734752,1,1,1,0.3950632,1,1,1,1
0.929081,0.7379901,1,1,1,0.3850991,1,1,1,2
0.8867161,0.7422391,1,1,1,0.375247,1,1,1,2
0.8423726,0.7475725,1,1,1,0.3655055,1,1,1,2
0.7966605,0.7540596,1,1,1,0.3558754,0.3967929,1,1,0
0.7765684,0.7520217,1,1,1,0.3453258,0.3843508,1,1,1
0.7544351,0.750506,1,1,1,0.3469111,0.3721262,1,1,1
0.7300012,0.7496253,1,1,1,0.3474369,0.3601356,1,1,1
0.7033534,0.7493922,1,1,1,0.3468023,0.3483568,1,1,1
0.6746562,0.7498223,1,1,1,0.3449274,0.3367745,1,1,1
0.6441258,0.7509208,1,1,1,0.341798,0.3253694,1,1,1
0.6120275,0.7526937,1,1,1,0.3374304,0.3141215,1,1,1
0.5786769,0.7551429,1,1,1,0.3318836,0.3030142,1,1,1
0.5736084,0.758266,1,1,1,0.3252544,0.2920225,1,1,1
0.5749511,0.7611686,1,1,1,0.3191177,0.2809437,1,1,1
0.5761965,0.7636677,1,1,1,0.3137215,0.2697456,1,1,1
0.5773474,0.7657901,1,1,1,0.3089698,0.2584504,1,1,1
0.5784068,0.7675623,1,1,1,0.3047859,0.2470718,1,1,1
0.5793806,0.7690138,1,1,1,0.3010979,0.2356255,1,1,1
0.5802743,0.7701729,1,1,1,0.2978468,0.2241257,1,1,1
0.5810933,0.771066,1,1,1,0.2949845,0.2125849,1,1,1
0.581842,0.7717174,0.9903885,1,1,0.2924716,0.2010146,1,1,1
0.5825539,0.7722566,0.9800718,1,1,1,0.1894396,1,1,2
0.5849228,1,0.9671073,1,1,1,0.1786475,1,1,1
0.5857691,1,0.9566886,1,1,1,0.1670792,1,1,1
0.5865849,1,0.946304,1,1,1,0.1555078,1,1,1
0.5873719,1,0.9359506,1,1,1,0.1439358,0.2174987,1,0
0.583752,1,0.9326304,1,1,1,0.1445552,0.1943019,1,0
0.58022,1,0.9296553,1,1,1,0.1493015,0.1724612,1,0
0.5767681,1,0.9270299,1,1,1,0.1549841,0.1518464,1,0
0.5733951,0.7248465,0.9247633,1,1,1,0.1617235,0.132348,1,0
0.5709264,0.7153593,0.9204684,1,1,1,0.1675307,0.1145758,1,0
0.5686164,0.7067208,0.915829,1,1,1,0.1737164,0.09759153,1,0
0.566439,0.6988289,0.9108238,1,1,1,1,0.09420937,0.1843961,0
0.5632765,0.6870754,0.9096007,1,1,1,1,0.09688037,0.1412014,0
0.5601731,0.6757201,0.9087707,1,1,1,1,0.09999874,0.1032185,0
0.5571279,0.6647387,0.9083456,1,1,1,1,0.1035914,0.07722574,0
0.5541373,0.6541055,0.9083421,1,1,1,1,0.1076934,0.07918351,0
0.5511976,0.6437964,0.908775,0.9994628,1,1,1,0.1123441,0.08143565,0
0.5483052,0.6337891,0.9096651,0.9349933,1,1,1,0.1175877,0.08399265,0
0.5454566,0.6240629,0.9110271,0.8775479,1,1,1,1,0.08686616,1
0.5437191,0.6227422,0.8975142,0.8775042,1,1,1,1,0.08879671,1
0.5420309,0.6216117,0.8837625,0.8786055,1,1,1,1,0.09067391,1
0.540395,0.6206629,0.8698097,0.880798,1,1,1,1,0.09249549,1
0.5388147,0.6198883,0.8556952,0.8840358,1,1,1,1,0.09425931,1
0.5372928,0.6192809,0.8414558,0.8882787,1,1,1,1,0.09596349,1
0.5358326,1,0.8271219,0.8934919,1,1,1,1,1,2
0.5355669,1,0.8037049,0.9451515,1,1,1,1,1,2
0.535745,1,0.7812396,1,1,1,1,1,1,2
0.53637,1,0.7596678,1,1,1,1,1,1,2
0.5374492,1,0.7389354,1,1,1,1,1,1,2
0.5389851,1,0.7189963,1,1,1,1,1,1,2
0.5409843,1,0.6998078,1,1,1,1,1,1,2
0.5434579,1,0.6813273,1,1,1,1,1,1,2
0.5464147,1,0.6950036,1,1,1,1,1,1,2
0.5498625,1,0.7284995,1,1,1,1,1,1,2
0.553816,1,0.7662315,1,1,1,1,1,1,2
0.5582857,0.8280201,0.8089002,1,1,1,1,1,1,2
1,0.7962913,0.8573918,1,1,1,1,1,1,2
1,0.7758833,0.8795573,1,1,1,1,1,1,2
1,0.7557206,0.9035635,1,1,1,1,1,1,2
1,0.7358302,1,1,1,1,1,1,1,2
1,0.716873,1,1,1,1,1,1,1,2
1,0.6979285,1,1,1,1,1,1,1,2
1,0.6790396,1,1,1,1,1,1,1,2
1,0.6602429,1,1,1,1,1,1,1,2
1,0.6415733,1,1,1,1,1,1,1,2
1,0.6230668,1,1,1,1,1,1,1,2
1,0.604757,1,1,1,1,1,1,1,2
1,0.58667,1,1,1,1,1,1,1,2
1,0.568833,1,1,1,1,1,1,1,2
1,0.5512657,1,1,1,1,1,1,1,2
1,0.5339888,1,1,1,1,1,1,1,2
1,0.5309226,1,1,1,1,1,1,1,2
1,0.5434886,1,1,1,1,1,1,1,2
1,0.5563446,1,1,1,1,1,1,1,2
1,0.5694686,1,1,1,1,1,1,1,2
0.7350557,0.582837,1,1,1,1,1,1,1,2
0.6937365,0.6052657,1,1,1,1,1,1,1,2
0.6547158,0.6302268,1,1,1,1,1,1,1,2
0.6180347,0.6579057,1,1,1,1,1,1,1,2
0.5836586,0.6885065,1,1,1,1,1,1,1,2
0.5515203,0.7222348,1,1,1,1,1,1,1,2
0.5215209,1,1,1,1,1,1,1,1,2
0.4963652,1,1,1,1,1,1,1,1,2
0.4720599,1,1,1,1,1,1,1,1,2
0.4750195,1,1,1,1,1,1,1,1,2
0.4879067,1,1,1,1,1,1,1,1,2
0.5012174,1,1,1,1,1,1,1,1,2
0.5149332,1,1,1,1,1,1,1,1,2
0.5290293,1,1,1,1,1,1,1,1,2
0.5434871,1,1,1,1,1,1,1,1,2
0.5582785,1,1,1,1,1,1,1,1,2
0.5733773,1,1,1,1,1,1,1,1,2
0.58876,1,1,1,1,1,1,1,1,2
0.6043931,1,1,1,1,1,1,1,1,2
0.6202503,1,1,1,1,1,1,1,1,2
0.636295,1,1,1,1,1,1,1,1,2
0.6524982,1,1,1,1,1,1,1,1,2
1,0.9914346,1,1,1,1,1,1,1,1
1,0.9829526,1,1,1,1,1,1,1,1
1,0.9744476,1,1,1,1,1,1,1,1
1,0.9659234,1,1,1,1,1,1,1,1
1,0.9573806,1,1,1,1,1,1,1,1
1,0.9488168,1,1,1,1,1,1,1,1
1,0.940236,1,1,1,1,1,1,1,1
1,0.9316422,1,1,1,1,1,1,1,1
1,0.9230331,1,1,1,1,1,1,1,1
1,0.9144129,1,1,1,1,1,1,1,1
1,0.9057792,1,1,1,1,1,1,1,1
1,0.8971362,1,1,1,1,1,1,1,1
1,0.888485,1,1,1,1,1,1,1,1
1,0.8798264,1,1,1,1,1,1,1,1
1,0.871165,1,1,1,1,1,1,1,1
1,0.8624985,1,1,1,1,1,1,1,1
1,0.853831,1,1,1,1,1,1,1,1
1,0.8451638,1,1,1,1,1,1,1,1
1,0.8364979,1,1,1,1,1,1,1,1
1,0.8278343,1,1,1,1,1,1,1,1
1,0.8191774,1,1,1,1,1,1,1,1
1,0.8105252,1,1,1,1,1,1,1,1
1,0.8018816,1,1,1,1,1,1,1,1
1,0.7932479,1,1,1,1,1,1,1,1
1,0.784622,1,1,1,1,1,1,1,1
1,0.7760109,1,1,1,1,1,1,1,1
1,0.7674128,1,1,1,1,1,1,1,1
1,0.7588285,1,1,1,1,1,1,1,1
1,0.7502619,1,1,1,1,1,1,1,1
1,0.741711,1,1,1,1,1,1,1,1
1,0.7331798,1,1,1,1,1,1,1,1
1,0.7246689,1,1,1,1,1,1,1,1
1,0.7161792,1,1,1,1,1,1,1,1
0.8679574,0.7077114,1,1,1,1,1,1,1,2
0.8542866,0.6987962,1,1,1,1,1,1,1,2
0.8406113,0.6899197,1,1,1,1,1,1,1,2
0.8269621,0.681095,1,1,1,1,1,1,1,2
0.8133615,0.736954,1,1,1,1,1,1,1,2
0.8001146,0.7994212,1,1,1,1,1,1,1,2
0.7872176,0.8656257,1,1,1,1,1,1,1,2
0.7746555,0.9356434,1,1,1,1,1,1,1,2
0.7624102,1,1,1,1,1,1,1,1,2
0.750435,1,1,1,1,1,1,1,1,2
0.738506,1,1,1,1,1,1,1,1,2
0.7266341,1,1,1,1,1,1,1,1,2
0.7148331,1,1,1,1,1,1,1,1,2
0.7031131,1,1,1,1,1,1,1,1,2
0.6914867,1,1,1,1,1,1,1,1,2
0.6799628,1,1,1,1,1,1,1,1,2
0.668553,1,1,1,1,1,1,1,1,2
0.6572682,1,1,1,1,1,1,1,1,2
0.6461151,1,1,1,1,1,1,1,1,2
0.6350999,1,1,1,1,1,1,1,1,2
0.6242312,1,1,1,1,1,1,1,1,2
0.613514,1,1,1,1,1,1,1,1,2
0.6029556,1,1,1,1,1,1,1,1,2
0.5925593,1,1,1,1,1,1,1,1,2
0.5859541,1,1,1,1,1,1,1,1,2
0.611189,1,1,1,1,1,1,1,1,2
0.636609,1,1,1,1,1,1,1,1,2
0.6621436,1,1,1,1,1,1,1,1,2
0.6877211,1,1,1,1,1,1,1,1,2
0.7132626,1,1,1,1,1,1,1,1,2
0.7386945,1,1,1,1,1,1,1,1,2
0.7639464,1,1,1,1,1,1,1,1,2
0.7889475,1,1,1,1,1,1,1,1,1
0.8136299,1,1,1,1,1,1,1,1,1
0.8379291,1,1,1,1,1,1,1,1,1
0.861783,1,1,1,1,1,1,1,1,1
0.8851341,1,1,1,1,1,1,1,1,1
0.9079293,1,1,1,1,1,1,1,1,1
1,1,1,1,1,1,1,1,1,1
1,1,1,1,1,1,1,1,1,1
1,1,1,1,1,1,1,1,1,1
1,1,1,1,1,1,1,1,1,1
1,1,1,1,1,1,1,1,1,1
1,1,1,1,1,1,1,1,1,1
1,1,1,1,1,1,1,1,1,1
1,1,1,1,1,1,1,1,1,1
1,1,1,1,1,1,1,1,1,1
1,1,1,1,1,1,1,1,1,1
1,1,1,1,1,1,1,1,1,1
1,1,1,1,1,1,1,1,1,1
1,1,1,1,1,1,1,1,1,1
1,1,1,1,1,1,1,1,1,1
1,1,1,1,1,1,1,1,1,1
1,1,1,1,1,1,1,1,1,1
1,1,1,1,1,1,1,1,1,1
1,1,1,1,1,1,1,1,1,1
1,1,1,1,1,1,1,1,1,1
1,1,1,1,1,1,1,1,1,1
1,1,1,1,1,1,1,1,1,1
1,1,1,1,1,1,1,1,1,1
1,1,1,1,1,1,1,1,1,1
1,1,1,1,1,1,1,1,0.8465437,0
1,1,1,1,1,1,1,1,0.8338802,0
1,1,1,1,1,1,1,1,0.8211125,0
1,1,1,1,1,1,1,1,0.8082619,0
1,1,1,1,1,1,1,1,0.7953463,0
1,1,1,1,1,1,1,1,0.7823845,0
1,1,1,1,1,1,1,1,0.7693955,0
1,1,1,1,1,1,1,1,0.7564022,0
1,1,1,1,1,1,1,1,0.7729373,0
1,1,1,1,1,1,1,1,0.7953996,0
1,1,1,1,1,1,1,1,0.8175944,0
1,1,1,1,1,1,1,1,0.8394116,0
1,1,1,1,1,1,1,1,1,1
1,1,1,1,1,1,1,1,1,1
1,1,1,1,1,1,1,1,1,1
1,1,1,1,1,1,1,1,1,1
1,1,1,1,1,1,1,1,1,1
1,1,1,1,1,1,1,1,1,1
1,1,1,1,1,1,1,1,1,1
1,1,1,1,1,1,1,1,1,1
1,1,1,1,1,1,1,1,1,1
1,1,1,1,1,1,1,1,1,1
1,1,1,1,1,1,1,1,1,1
1,1,1,1,1,1,1,1,1,1
1,1,1,1,1,1,1,1,1,1
1,1,1,1,1,1,1,1,1,1
1,1,1,1,1,1,1,1,1,1
1,1,1,1,1,1,1,1,1,1
1,1,1,1,1,1,1,1,1,1
1,1,1,1,1,1,1,1,1,1
1,1,1,1,1,1,1,1,1,1
1,1,1,1,1,1,1,1,1,1
1,1,1,1,1,1,1,1,1,1
1,1,1,1,1,1,1,1,1,1
1,1,1,1,1,1,1,1,1,1
1,1,1,1,1,1,1,1,1,1
1,1,1,1,1,1,1,1,1,1
1,1,1,1,1,1,1,1,1,1
1,1,1,1,1,1,1,1,1,1
1,1,1,1,1,1,1,1,1,1
1,1,1,1,1,1,1,1,1,1
1,1,1,1,1,1,1,1,1,1
1,1,1,1,1,1,1,1,1,1
1,1,1,1,1,1,1,1,1,1
1,1,1,1,1,1,1,1,1,1
1,1,1,1,1,1,1,1,1,1
1,1,1,1,1,1,1,1,1,1
1,1,1,1,1,1,1,1,1,1
1,1,1,1,1,1,1,1,1,1
1,1,1,1,1,1,1,1,1,1
1,1,1,1,1,1,1,1,1,1
1,1,1,1,1,1,1,1,1,1
1,1,1,1,1,1,1,1,1,1
1,1,1,1,1,1,1,1,1,1
1,1,1,1,1,1,1,1,1,1
1,1,1,1,1,1,1,1,1,1
1,1,1,1,1,1,1,1,1,1
1,1,1,1,1,1,1,1,1,1
1,1,1,1,1,1,1,1,1,1
1,1,1,1,1,1,1,1,1,1
1,1,1,1,1,1,1,1,1,1
1,1,1,1,1,1,1,1,1,1
1,1,1,1,1,1,1,1,1,1
1,1,1,1,1,1,1,1,1,1
1,1,1,1,1,1,1,1,1,1
1,1,1,1,1,1,1,1,1,1
1,1,1,1,1,1,1,1,1,1
1,1,1,1,1,1,1,1,1,1
1,1,1,1,1,1,1,1,1,1
1,1,1,1,1,1,1,1,1,1
1,1,1,1,1,1,1,1,1,1
1,1,1,1,1,1,1,1,1,1
1,1,1,1,1,1,1,1,1,1
1,1,1,1,1,1,1,1,1,1
1,1,1,1,1,1,1,1,1,1
1,1,1,1,1,1,1,1,1,1
1,1,1,1,1,1,1,1,1,1
1,1,1,1,1,1,1,1,1,1
1,1,1,1,1,1,1,1,1,1
1,1,1,1,1,1,1,1,1,1
1,1,1,1,1,1,1,1,1,1
1,1,1,1,1,1,1,1,1,1
1,1,1,1,1,1,1,1,1,1
1,1,1,1,1,1,1,1,1,1
1,1,1,1,1,1,1,1,1,1
1,1,1,1,1,1,1,1,1,1
1,1,1,1,1,1,1,1,1,1
1,1,1,1,1,1,1,1,1,1
1,1,1,1,1,1,1,1,1,1
1,1,1,1,1,1,1,1,1,1
1,1,1,1,1,1,1,1,1,1
1,1,1,1,1,1,1,1,1,1
1,1,1,1,1,1,1,1,1,1
1,1,1,1,1,1,1,1,1,1
1,1,1,1,1,1,1,1,1,1
1,1,1,1,1,1,1,1,1,1
1,1,1,1,1,1,1,1,1,1
1,1,1,1,1,1,1,1,1,1
1,1,1,1,1,1,1,1,1,1
1,1,1,1,1,1,1,1,1,1
1,1,1,1,1,1,1,1,1,1
1,1,1,1,1,1,1,1,1,1
1,1,1,1,1,1,1,1,1,1
1,1,1,1,1,1,1,1,1,1
1,1,1,1,1,1,1,1,1,1
1,1,1,1,1,1,1,1,1,1
1,1,1,1,1,1,1,1,1,1
1,1,1,1,1,1,1,1,1,1
1,1,1,1,1,1,1,1,1,1
1,1,1,1,1,1,1,1,1,1
1,1,1,1,1,1,1,1,1,1
1,1,1,1,1,1,1,1,1,1
1,0.992047,1,1,1,1,1,1,1,1
1,0.9922634,1,1,1,1,1,1,1,1
1,0.9924782,1,1,1,1,1,1,1,1
1,0.9926873,1,1,1,1,1,1,1,1
1,0.992895,1,1,1,1,1,1,1,1
1,0.9931011,1,1,1,1,1,1,1,1
1,0.993306,1,1,1,1,1,1,1,1
1,0.9935052,1,1,1,1,1,1,1,1
1,0.9937032,1,1,1,1,1,1,1,1
1,0.9939001,1,1,1,1,1,1,1,1
1,0.9940917,1,1,1,1,1,1,1,1
1,0.9942824,1,1,1,1,1,1,1,1
1,0.9944717,1,1,1,1,1,1,1,1
1,0.9946563,1,1,1,1,1,0.9897167,1,1
1,0.9945582,1,1,1,1,1,0.9739202,1,1
1,0.9940252,1,1,1,1,1,0.9575506,1,1
1,0.9930566,1,1,1,1,1,0.9406363,1,1
1,0.9916428,1,1,1,1,1,0.9232092,1,1
1,0.9897865,1,1,1,1,1,0.9053068,1,1
1,0.9874897,1,1,1,1,1,0.8869702,1,1
1,0.9847617,1,1,1,1,1,0.8682441,1,1
1,0.9816074,1,1,1,1,1,0.849176,1,0
1,0.9780474,1,1,1,1,1,0.8298206,1,0
1,0.9740922,1,1,1,1,1,0.8102245,1,0
1,0.969768,1,1,1,1,1,0.7904395,1,0
1,0.9650908,1,1,1,1,1,0.7705219,1,0
1,0.96009,1,1,1,1,1,0.7505225,1,0
1,0.9547887,1,1,1,1,1,0.7504744,1,0
1,0.9496606,1,1,1,1,1,0.7554785,1,0
1,0.9448094,1,1,1,1,1,0.7603803,1,0
1,0.940214,1,1,1,1,1,0.7651755,1,0
1,0.9358588,1,1,1,1,1,0.7698554,1,0
1,0.9317232,1,1,1,1,1,0.7744211,1,0
1,0.9277918,1,1,1,1,1,0.7788694,1,1
1,0.9240545,1,1,1,1,1,0.7831928,1,1
1,0.9204952,1,1,1,1,1,0.7873938,1,1
1,0.9171066,1,1,1,1,1,0.7914658,1,1
1,0.9138745,1,1,1,1,1,0.7954111,1,1
1,0.9107904,1,1,1,1,1,0.7992288,1,1
1,0.9078425,1,1,1,1,1,0.8029218,1,1
1,0.9050272,1,1,1,1,1,0.8064847,1,1
1,0.9023346,1,1,1,1,1,0.8099214,0.9955459,1
1,0.8996533,1,1,1,1,1,0.8133777,0.9617358,1
1,0.896274,1,1,1,1,1,0.8178528,0.925691,0
1,0.8921997,1,1,1,1,1,0.8234097,0.8877453,0
1,0.8874385,1,1,1,1,1,0.8301235,0.8482906,0
1,0.882023,1,1,1,1,1,0.8380569,0.807771,0
1,0.875998,1,1,1,1,1,0.8472716,0.766645,0
1,0.8694253,1,1,1,1,1,0.8578202,0.7253739,0
1,0.8623762,1,1,1,1,1,0.8697478,0.6843909,0
1,0.8549287,1,1,1,1,1,0.8830925,0.6440816,0
1,0.8471659,1,1,1,1,1,0.8978798,0.6369101,0
1,0.8397561,1,1,1,1,1,1,0.6422727,0
1,0.8339828,1,1,1,1,1,1,0.6467935,0
1,0.8284293,1,1,1,1,1,1,0.6513202,0
1,0.8230854,1,1,1,1,1,1,0.6558371,0
1,0.8179317,1,1,1,1,1,0.9868259,0.6603399,0
1,0.8128115,1,1,1,1,1,0.9882649,0.6649382,0
1,0.8078858,1,1,1,1,1,0.9995068,0.6694903,0
1,0.8032438,1,1,1,1,0.9985051,1,0.6738962,0
1,0.7987495,1,1,1,1,0.9876114,1,0.6782533,0
1,0.7943581,1,1,1,1,0.9768282,1,0.6825892,1
0.9524909,0.7900664,1,1,1,1,0.9661457,1,0.6868972,1
0.7075136,0.7866503,1,1,1,1,0.9559164,1,0.6903839,2
0.7052916,0.7873632,1,1,1,1,0.9476266,1,0.6897973,2
0.7032005,0.7881812,1,1,1,1,0.9393305,1,0.6892213,2
0.7012367,0.7890972,1,1,1,1,0.9310242,1,0.6886582,2
0.6993942,0.7901006,1,1,1,1,0.9227005,1,0.6881136,2
0.6976696,0.791184,1,1,1,1,0.9143552,1,0.6875886,2
0.6960564,1,1,1,1,1,0.9059814,1,0.6870872,1
0.6941056,1,1,1,1,1,0.8958851,1,0.6892545,1
0.6921576,1,1,1,1,1,0.8858021,1,0.6914006,1
0.6902124,1,1,1,1,1,0.8757321,1,0.6935258,1
0.688273,1,1,1,1,1,0.8656737,1,0.695627,1
0.6863391,1,1,1,1,1,0.8556268,1,0.6977049,1
0.6844109,1,1,1,1,1,0.8455869,1,0.6997597,1
0.6824881,1,1,1,1,1,0.8355566,1,0.701792,1
0.6805708,1,1,1,1,1,0.8255352,1,0.7038025,1
0.6786619,1,1,1,1,1,0.815522,1,0.7057883,1
0.6767583,1,1,1,1,1,0.805513,1,0.7077535,1
0.674863,1,1,1,1,1,0.7955107,0.9927655,0.7096952,1
0.672964,1,1,1,1,1,0.7854772,0.980467,0.7116839,1
0.671055,1,1,1,1,1,0.7753881,0.967943,0.7137651,1
0.66913,1,1,1,1,1,0.7652459,0.9552032,0.7159458,1
0.6671894,1,1,1,1,1,0.755053,0.9422582,0.7182261,1
0.6652306,1,1,1,1,1,0.7448127,0.9291197,0.7206096,1
0.6632513,1,1,1,1,1,0.7345314,0.9158047,0.7230991,1
0.6612493,1,1,1,1,1,0.7281594,0.9023274,0.7256976,1
0.6592243,1,1,1,1,1,0.7406867,0.8887303,0.7283937,1
0.657188,1,1,1,1,1,0.7534673,0.8751582,0.7311147,1
0.6551377,1,1,1,1,1,0.7665077,0.8616145,1,2
0.6535977,1,1,1,1,1,0.7482065,0.8548935,0.9988142,2
0.6521587,1,1,1,1,1,0.7321798,0.8477927,0.9927913,2
0.650797,1,1,1,1,1,0.7186426,0.8401767,0.9852206,2
0.6494938,1,1,1,1,1,0.7074455,0.8319966,0.9759297,2
0.6482272,1,1,1,1,1,0.6985039,0.8232073,0.964754,2
0.6469752,1,1,1,1,1,0.6917775,0.8137612,0.9515299,2
0.6457192,1,1,1,1,1,0.6872577,0.8036175,0.9361173,1
0.6444353,1,1,1,1,1,0.6849988,0.7927359,0.9183979,1
0.6431035,1,1,1,1,1,0.685084,0.7810882,0.898297,1
0.641706,1,1,1,1,1,0.6876374,0.7686565,0.875792,1
0.954091,1,1,1,1,1,0.6928381,0.7554313,0.8509138,0
0.9510088,1,1,1,1,1,0.7338396,0.7330471,0.7998854,0
0.9478375,1,1,1,1,1,0.7848336,0.710416,0.7617942,0
0.9446848,1,1,1,1,1,0.8467004,0.6880362,0.7701716,0
0.9416918,1,1,1,1,1,0.9152156,0.6669421,0.7787471,0
0.9388292,1,1,1,1,1,0.9909018,0.6470071,0.7874647,0
0.9360631,1,1,1,1,1,1,0.6281215,0.7962782,0
0.9333576,1,1,1,1,1,1,0.6099219,0.8054204,0
0.9307002,1,1,1,1,1,1,0.5923392,0.8149095,0
0.9280856,1,1,1,1,1,1,0.5753499,0.8247207,0
0.925501,1,1,1,1,1,1,0.5589254,0.8348357,0
0.9114904,1,1,1,1,1,1,0.5430405,0.8452268,0
0.8866282,1,1,1,1,1,1,0.5278183,0.8178255,0
0.8696058,1,1,1,1,1,1,0.512936,0.7862766,0
0.8524718,1,1,1,1,1,1,0.4982544,0.7555178,0
0.8361591,1,1,1,1,1,1,0.4838115,0.7256578,0
0.8208887,1,1,1,1,1,1,0.498414,0.6967345,0
0.8105149,1,1,1,1,1,1,0.5183965,0.6692861,0
0.8032873,1,1,1,1,1,1,0.5394709,0.6431414,0
0.7979433,1,1,1,1,1,1,0.5617757,0.6181456,0
0.7938943,1,1,1,1,1,1,0.5854098,0.5942043,0
0.790864,1,1,1,1,1,1,0.6104652,0.5712395,0
0.7886564,1,1,1,1,1,1,0.6370167,0.5491947,0
0.7871609,1,1,1,1,1,1,0.6651585,0.5280157,0
0.7862868,1,1,1,1,1,1,0.6949638,0.5076575,0
0.7859961,1,1,1,1,1,1,0.7265218,0.4880691,0
0.7862259,1,1,1,1,1,1,0.7599183,0.4692106,0
0.7869552,1,1,1,1,1,1,0.7952486,0.4510354,0
0.7881337,1,1,1,1,1,1,1,0.4335079,0
0.7970815,1,1,1,1,1,1,1,0.419812,0
0.8034787,1,1,1,1,1,1,1,0.4308503,0
0.8099386,1,1,1,1,1,1,1,0.4421449,0
0.8164741,1,1,1,1,1,1,1,0.4536925,0
0.8230723,1,1,1,1,1,1,1,0.4654939,0
0.8297445,1,1,1,1,1,1,1,0.4775403,0
0.8364888,1,1,1,1,1,1,1,0.489837,0
0.8433032,1,1,1,1,1,1,1,0.5023747,0
0.850187,1,1,1,1,1,1,1,0.5151533,0
0.8467226,1,1,1,1,1,1,1,0.5281681,0
0.8427452,1,1,1,1,1,1,1,0.5411516,0
0.838551,1,1,1,1,1,1,1,0.554058,0
0.8341399,1,1,1,1,1,1,1,0.566848,0
0.8295133,1,1,1,1,1,1,1,0.5794831,0
0.8246704,1,1,1,1,1,1,1,0.5919294,1
0.8196123,1,1,1,1,1,1,1,0.6041541,1
0.8143445,1,1,1,1,1,1,1,0.6161206,1
0.8088737,1,1,1,1,1,1,1,0.6277939,1
0.8032045,1,1,1,1,1,1,1,0.639145,1
0.7973429,1,1,1,1,1,1,1,0.6501477,1
0.791299,1,1,1,1,1,1,1,0.660772,1
0.7850808,1,1,1,1,1,1,1,0.6709962,1
0.7787003,1,1,1,1,1,1,1,0.6807958,1
0.7721673,1,1,1,1,1,1,1,0.6901542,1
0.7756128,1,1,1,1,1,1,1,0.6990572,1
0.7992131,1,1,1,1,1,1,1,0.7078506,1
0.8214752,1,1,1,1,1,1,1,1,2
0.8585176,1,1,1,1,1,1,1,1,2
0.8936826,1,1,1,1,1,1,1,1,1
0.9266075,1,1,1,1,1,1,1,1,1
0.9570332,1,1,1,1,1,1,1,1,1
0.9847976,1,1,1,1,1,1,1,1,1
1,1,1,1,1,1,1,1,1,1
1,1,1,1,1,1,1,1,1,1
1,1,1,1,1,1,1,1,1,1
1,1,1,1,1,1,1,1,1,1
1,1,1,1,1,1,1,1,1,1
1,1,1,1,1,1,1,1,1,1
1,1,1,1,1,1,1,1,1,1
1,1,1,1,1,1,1,1,1,1
1,1,1,1,1,1,1,1,1,1
1,1,1,1,1,1,1,1,1,1
1,1,1,1,1,1,1,1,1,1
1,1,1,1,1,1,1,1,1,1
0.9993417,1,1,1,1,1,1,1,1,1
0.9931644,1,1,1,1,1,1,1,1,1
0.9868986,1,1,1,1,1,1,1,1,1
0.9805512,1,1,1,1,1,1,1,1,1
0.9741235,1,1,1,1,1,1,1,1,1
0.9676164,1,1,1,1,1,1,1,1,1
0.9610379,1,1,1,1,1,1,1,1,1
0.9543898,1,1,1,1,1,1,1,1,1
0.9476773,1,1,1,1,1,1,1,1,1
0.9409029,1,1,1,1,1,1,1,1,1
0.9340755,1,1,1,1,1,1,1,1,1
0.9271978,1,1,1,1,1,1,1,1,1
0.9202733,1,1,1,1,1,1,1,1,1
0.9133112,1,1,1,1,1,1,1,1,1
0.9063156,1,1,1,1,1,1,1,1,1
0.8992935,1,1,1,1,1,1,1,1,1
0.8922518,1,1,1,1,1,1,1,1,2
0.8851985,1,1,1,1,1,1,1,1,2
0.8781377,1,1,1,1,1,1,1,1,2
0.9049975,1,1,1,1,1,1,1,1,1
0.9438036,1,1,1,1,1,1,1,1,1
0.978759,1,1,1,1,1,1,1,1,1
1,1,1,1,1,1,1,1,1,1
1,1,1,1,1,1,1,1,1,1
1,1,1,1,1,1,1,1,1,1
1,1,1,1,1,1,1,1,1,1
1,1,1,1,1,1,1,1,1,1
1,1,1,1,1,1,1,1,1,1
1,1,1,1,1,1,1,1,1,1
1,1,1,1,1,1,1,1,1,1
1,1,1,1,1,1,1,1,1,1
1,1,1,1,1,1,1,1,1,1
1,1,1,1,1,1,1,1,1,1
1,1,1,1,1,1,1,1,1,1
1,1,1,1,1,1,1,1,1,1
1,1,1,1,1,1,1,1,1,1
1,1,1,1,1,1,1,1,1,1
1,1,1,1,1,1,1,1,1,1
1,1,1,1,1,1,1,1,1,1
1,1,1,1,1,1,1,1,1,1
1,1,1,1,1,1,1,1,1,1
1,1,1,1,1,1,1,1,1,1
1,0.9996803,1,1,1,1,1,1,1,1
1,0.9942815,1,1,1,1,1,1,1,1
1,0.9889153,1,1,1,1,1,1,1,1
1,0.9835815,1,1,1,1,1,1,1,1
1,0.9782828,1,1,1,1,1,1,1,1
1,0.9730188,1,1,1,1,1,1,1,1
1,0.9677926,1,1,1,1,1,1,1,1
1,0.9626073,1,1,1,1,1,1,1,1
1,0.9574629,1,1,1,1,1,1,1,1
1,0.9523629,1,1,1,1,1,1,1,1
1,0.9473106,1,1,1,1,1,1,1,1
1,0.9423065,1,1,1,1,1,1,1,1
1,0.9373509,1,1,1,1,1,1,1,1
1,0.9324509,1,1,1,1,1,1,1,1
1,0.9276068,1,1,1,1,1,1,1,1
1,0.9228194,1,1,1,1,1,1,0.9950321,1
1,0.9180714,1,1,1,1,1,1,0.986015,1
1,0.9133417,1,1,1,1,1,1,0.9768669,1
1,0.9086289,1,1,1,1,1,1,0.9675816,1
1,0.9039315,1,1,1,1,1,1,0.9581529,1
1,0.8992479,1,1,1,1,1,1,0.9485747,1
1,0.8945736,1,1,1,1,1,1,0.9485468,1
1,0.8899554,1,1,1,1,1,1,0.9529102,1
1,0.8854178,1,1,1,1,1,1,0.9569207,1
1,0.8809637,1,1,1,1,1,1,0.9605899,1
1,1,1,1,1,1,1,1,0.9639298,1
1,1,1,1,1,1,1,1,0.97181,1
1,1,1,1,1,1,1,1,0.9794934,1
1,1,1,1,1,1,1,1,0.9869752,1
1,1,1,1,1,1,1,1,0.994252,1
1,1,1,1,1,1,1,1,1,1
1,1,1,1,1,1,1,0.9964058,1,1
1,1,1,1,1,1,1,0.9870937,1,1
1,1,1,1,1,1,1,0.9777321,1,1
1,1,1,1,1,1,1,0.9683254,1,1
1,1,1,1,1,1,1,0.958872,1,1
1,1,1,1,1,1,1,0.9493766,1,1
1,1,1,1,1,1,1,0.9398443,1,1
1,1,1,1,1,1,1,0.9302734,1,1
0.8193372,1,1,1,1,1,1,0.9206694,1,2
0.8129598,1,1,1,1,1,1,0.9134793,1,2
0.8066608,1,1,1,1,1,1,0.9063084,1,2
0.8004462,1,1,1,1,1,1,0.8991516,1,2
0.7943191,1,1,1,1,1,1,0.8920106,1,2
0.7882822,1,1,1,1,1,1,0.8848831,1,2
0.7823411,1,1,1,1,1,1,0.8777636,1,2
0.7764982,1,1,1,1,1,1,0.8706526,1,2
0.7707589,1,1,1,1,1,1,0.8635474,1,2
0.7651252,1,1,1,1,1,1,0.8564414,1,2
0.7595989,1,1,1,1,1,1,0.8493346,1,2
0.7541848,1,1,1,1,1,1,0.8422198,1,2
0.7488843,1,1,1,1,1,1,0.8350964,1,2
0.7436987,1,1,1,1,1,1,0.8279599,1,2
0.7386289,1,1,1,1,1,1,0.8208061,1,2
0.7336789,1,1,1,1,1,1,0.8136298,1,2
0.7806932,1,1,1,1,1,1,0.8064259,1,2
0.8771092,1,1,1,1,1,1,0.7983226,1,1
0.9518598,1,1,1,1,1,1,0.7884932,1,1
1,1,1,1,1,1,1,0.7773525,1,0
1,1,1,1,1,1,1,0.7654078,1,0
1,1,1,1,1,1,1,0.7534767,1,0
1,1,1,1,1,1,1,0.7415661,1,0
1,1,1,1,1,1,1,0.7296821,1,0
1,1,1,1,1,1,1,0.7333139,1,0
1,1,1,1,1,1,1,0.7505141,1,0
1,1,1,1,1,1,1,0.7675941,0.980729,0
1,1,1,1,1,1,1,0.7855846,0.9611641,0
1,1,1,1,1,1,1,0.8045433,0.9415798,0
1,1,1,1,1,1,1,0.8245162,0.9220198,0
1,1,1,1,1,1,1,0.8455418,0.9025222,0
1,1,1,1,1,1,1,0.8676664,0.8831223,0
1,1,1,1,1,1,1,0.890928,0.8638538,0
1,1,1,1,1,1,1,0.9153725,0.8447515,0
1,1,1,1,1,1,1,0.9410367,0.8258476,0
1,1,1,1,1,1,1,0.9679567,0.8071621,0
1,1,1,1,1,1,1,0.9961751,0.788721,0
1,1,1,1,1,1,1,1,0.7705427,0
1,1,1,1,1,1,1,1,0.7523391,0
1,1,1,1,1,1,1,1,0.7341081,0
1,1,1,1,1,1,1,1,0.7158955,0
1,1,1,1,1,1,1,1,0.6977468,0
1,1,1,1,1,1,1,1,0.6797056,0
1,1,1,1,1,1,1,1,0.661813,0
1,1,1,1,1,1,1,1,0.6441036,0
1,1,1,1,1,1,1,0.9958993,0.6266173,0
1,1,1,1,1,1,1,0.9838762,0.6311789,0
1,1,1,1,1,1,0.9942445,0.9721314,0.6471061,0
1,1,1,1,1,1,0.9874529,0.960749,0.6632624,0
1,1,1,1,1,1,0.9807122,0.9497088,0.6796013,0
1,1,1,1,1,1,0.9740043,0.9389865,0.6960792,0
1,1,1,1,1,1,0.967315,0.9285616,0.7126562,0
1,1,1,1,1,1,0.9606256,0.9184084,0.7292867,0
1,1,1,1,1,1,0.953925,0.9085089,0.7459298,0
1,1,1,1,1,1,0.9472001,0.8988425,0.7625439,0
1,1,1,1,1,1,0.9404393,0.8893903,0.7790835,0
1,1,1,1,1,1,0.9336322,0.8868254,0.7955086,0
1,1,1,1,1,1,0.9267572,0.9405379,0.8117113,0
1,1,1,1,1,1,0.9197012,0.9924389,0.8271071,1
1,1,1,1,1,1,0.9124618,1,0.8416821,1
1,1,1,1,1,1,0.9051221,1,0.8558324,1
1,1,1,1,1,1,0.897698,1,0.8696014,1
1,1,1,1,1,1,0.8901851,0.8792049,0.8829736,1
1,1,1,1,1,1,0.8828064,0.8708693,0.8971308,1
1,1,1,1,1,1,0.8753513,0.8626279,0.9109316,1
1,1,1,1,1,1,0.8678187,0.8544709,0.9243525,1
1,1,1,1,1,1,0.8602086,0.8463898,0.9373831,1
1,1,1,1,1,1,0.8525208,0.8383762,0.9500103,1
1,1,1,1,1,1,0.8447595,0.8304253,1,1
1,1,1,1,1,1,0.8367182,0.8226601,1,1
1,1,1,1,1,1,0.8286737,0.8148972,1,1
1,1,1,1,1,1,0.8206235,0.8071335,1,1
1,1,1,1,1,1,0.8125677,0.7993685,1,1
1,1,1,1,1,1,0.8045066,0.7916022,1,1
1,1,1,1,1,1,0.7964405,0.7838343,1,1
1,1,1,1,1,1,0.78837,0.7760648,1,1
1,1,1,1,1,1,0.7802951,0.7682933,1,1
1,1,1,1,1,1,0.7722162,0.7605197,0.8577006,1
1,1,1,1,1,1,0.7648424,0.7522843,0.8464829,1
1,1,1,1,1,1,0.7575202,0.7440577,0.8352314,1
1,1,1,1,1,1,0.7502508,0.7358462,0.8239611,1
1,1,1,1,1,1,0.7430325,0.7276527,0.8126832,1
1,1,1,1,1,1,0.7358663,0.7194835,0.8014124,1
1,1,1,1,1,1,1,0.7113413,0.7901591,0
1,1,1,1,1,1,1,0.702907,0.7773496,0
1,1,1,1,1,1,1,0.6945481,0.7646388,0
1,1,1,1,1,1,1,0.686272,0.7520457,0
1,1,1,1,1,1,1,0.6780859,0.7395878,0
1,1,1,1,1,1,1,0.6699933,0.7329963,0
1,1,1,1,1,1,1,0.6620073,0.7550644,0
1,1,1,1,1,1,1,0.6541708,0.7770357,0
1,1,1,1,1,1,1,0.6464671,0.798848,0
1,1,1,1,1,1,1,0.6388782,0.8204482,0
1,1,1,1,1,1,1,0.6313908,0.728851,0
1,1,1,1,1,1,1,0.6238787,0.7176359,0
1,1,1,1,1,1,1,0.6164564,0.7065781,0
1,1,1,1,1,1,1,0.6091248,0.6956832,0
1,1,1,1,1,1,1,0.601887,0.6849593,0
1,1,1,1,1,1,1,0.59474,0.6744066,0
1,1,1,1,1,1,1,0.5876864,0.6640312,0
1,1,1,1,1,1,1,0.5807257,0.6538352,0
1,1,1,1,1,1,1,0.5738568,0.6438194,0
1,1,1,1,1,1,1,0.5670786,0.6339844,0
1,1,1,1,1,1,1,0.5603898,0.62433,0
1,1,1,1,1,1,1,0.5537888,0.6148552,0
1,1,1,1,1,1,1,0.547277,0.605562,0
1,1,1,1,1,1,1,0.5408494,0.5964451,0
1,1,1,1,1,1,1,0.5345013,0.587499,0
1,1,1,1,1,1,1,0.5282336,0.5787244,0
1,1,1,1,1,1,1,1,0.5701184,0
1,1,1,1,1,1,1,1,0.5615703,0
1,1,1,1,1,1,1,1,0.5531628,0
1,1,1,1,1,1,1,1,0.5448954,0
1,1,1,1,1,1,1,1,0.5367675,0
1,1,1,1,1,1,1,1,0.5287785,0
1,1,1,1,1,1,1,1,0.5209274,0
1,1,1,1,1,1,1,1,0.5132163,0
1,1,1,1,1,1,1,1,0.5056406,0
1,1,1,1,1,1,1,1,0.4981987,0
1,1,1,1,1,1,1,1,0.4908924,0
1,1,1,1,1,1,1,1,0.4837165,0
1,1,1,1,1,1,1,1,0.4766694,0
1,1,1,1,1,1,1,1,0.4697491,0
1,1,1,1,1,1,1,1,0.4629568,0
1,1,1,1,1,1,1,1,0.4562871,0
1,1,1,1,1,1,1,1,0.4497383,0
1,1,1,1,1,1,1,1,0.4687331,0
1,1,1,1,1,1,1,1,0.5091743,0
1,1,1,1,1,1,1,1,0.5503728,0
1,1,1,1,1,1,1,1,0.5921309,0
1,1,1,1,1,1,1,1,0.6342616,1
1,1,1,1,1,1,1,1,0.6765608,1
1,1,1,1,1,1,1,1,0.71882,1
1,1,1,1,1,1,1,1,0.7608304,1
1,1,1,1,1,1,1,1,0.8023868,1
1,1,1,1,1,1,1,1,0.8433028,1
1,1,1,1,1,1,1,1,0.8833781,1
1,1,1,1,1,1,1,1,1,1
1,1,1,1,1,1,1,1,1,1
1,1,1,1,1,1,1,1,1,1
1,1,1,1,1,1,1,1,1,1
1,1,1,1,1,1,1,1,1,1
1,1,1,1,1,1,1,1,1,1
1,1,1,1,1,1,1,1,1,1
1,1,1,1,1,1,1,1,1,1
1,1,1,1,1,1,1,1,1,1
1,1,1,1,1,1,1,1,1,1
1,1,1,1,1,1,1,1,1,1
1,1,1,1,1,1,1,1,1,1
1,1,1,1,1,1,1,1,1,1
1,1,1,1,1,1,1,1,1,1
1,1,1,1,1,1,1,1,1,1
1,1,1,1,1,1,1,1,1,1
1,1,1,1,1,1,1,1,1,1
1,1,1,1,1,1,1,1,1,1
1,1,1,1,1,1,0.9960017,1,1,1
1,1,1,1,1,1,0.9898871,1,1,1
1,1,1,1,1,1,0.9836686,1,1,1
1,1,1,1,0.9976767,1,0.9773394,1,1,1
1,1,1,1,0.9865591,1,0.9708454,1,1,1
1,1,1,1,0.9744766,1,0.9639571,1,1,1
1,1,1,1,0.9613937,1,0.9566528,1,1,1
1,1,1,1,0.9472798,1,0.9489095,1,1,1
1,1,1,1,0.9321163,1,0.9407082,1,1,1
1,1,1,1,0.9158992,1,0.9320338,1,1,2
1,1,1,1,0.8986406,1,0.9228768,1,1,2
1,1,1,1,0.8812088,1,0.9132299,1,1,2
1,1,1,1,0.8745601,1,0.9031188,1,1,2
1,1,1,1,0.8681723,1,0.8928005,1,1,2
1,1,1,1,0.8620427,1,0.8822979,1,1,2
1,1,1,1,0.8561723,1,0.8716337,1,1,2
1,1,1,1,0.8505614,1,0.8608306,1,1,2
1,1,1,1,0.8452107,1,0.8499103,1,1,2
1,1,1,1,0.84012,1,0.8388942,1,1,2
1,1,1,1,0.8352894,1,0.8278063,1,1,2
1,1,1,1,0.8307145,1,0.8166621,1,1,2
1,1,1,1,0.8263944,1,0.8054832,1,1,2
1,1,1,1,0.8223279,0.9654573,0.7942895,1,1,2
1,0.9990376,1,0.8565046,0.8191328,0.946994,0.7826616,1,1,2
1,0.987003,1,0.8149212,0.8199676,0.9236419,0.7686574,1,1,2
1,0.9749696,1,0.7721834,1,0.8989962,0.7539742,1,1,2
1,0.9640854,1,0.736625,1,0.8777763,0.7408565,1,1,2
1,0.9533092,1,0.7292314,1,0.8556226,0.7272513,1,1,2
1,0.9429221,1,0.7295132,1,0.8334964,0.7136192,1,1,2
1,0.9330291,1,0.7306473,1,0.8117152,0.7235756,1,1,2
1,1,1,0.7323157,1,0.7907686,0.7434606,1,1,2
1,1,1,0.733039,1,0.7721189,0.7603387,1,1,2
1,1,1,0.7340504,0.8670436,0.7541565,0.7791246,1,1,2
1,1,1,1,0.8403217,0.7352508,0.8086706,1,1,2
1,1,1,1,0.8206971,0.720617,0.8201526,1,1,2
1,1,0.7371884,1,0.8012208,0.7060381,0.8344902,1,1,2
1,1,0.6865093,1,0.7771532,0.6886154,0.8760287,1,1,2
0.9513577,1,0.640112,1,0.7540737,0.6717523,0.9259475,1,1,2
0.9364758,1,0.6235007,1,0.7319132,0.6554144,1,1,1,2
0.9224333,1,0.6238731,1,0.7106083,0.6395701,1,1,1,2
0.9091984,1,0.6247287,1,0.690101,0.6241899,1,1,1,2
0.8967413,1,0.6260868,0.771088,0.6703382,0.6092461,1,1,1,2
0.8850317,1,0.6279646,0.7447272,0.6512746,0.5947164,1,1,1,2
0.8740452,1,0.6303856,0.7195312,0.6328652,0.5805765,1,1,1,2
0.8637625,1,0.8926184,0.6954138,0.6150682,0.5668038,1,1,1,2
0.9393321,0.9849965,0.9001198,0.6722969,0.5978451,0.5533769,1,1,1,2
1,0.9172828,0.9084899,0.650113,0.5811636,0.5508103,1,1,1,2
1,0.9171438,0.9177753,0.6287935,0.564987,0.5740892,1,1,1,2
1,0.9176036,0.9280321,0.6082863,0.5492911,0.601922,1,1,1,2
1,0.9186702,0.939318,0.5885329,0.5340437,0.6354645,1,1,1,2
1,0.5897799,0.9517013,0.569487,0.5192211,0.6763198,1,1,1,2
1,0.5229903,0.6832719,0.5511022,0.504798,0.726754,1,1,1,2
1,0.5154865,0.6552478,0.5333358,0.4907506,0.7900614,1,1,1,2
1,0.5159477,0.628574,0.5161519,0.47706,1,1,1,1,2
1,0.5168583,0.6031443,0.4995138,0.4637051,1,1,1,1,2
1,0.5182322,0.5788634,0.4833875,0.4617776,1,1,1,1,2
1,0.5200816,0.5556488,0.4677448,0.4862666,1,1,1,1,2
1,0.5224201,0.533422,0.452556,0.5157612,1,1,1,1,2
1,0.7631953,0.5121158,0.4377971,0.5516272,1,1,1,1,2
1,0.7691583,0.4916646,0.423442,0.595747,1,1,1,1,2
0.8536881,0.7758345,0.4720093,0.4094667,0.6508885,1,1,1,1,2
0.8535043,0.7832501,0.4530991,0.3958516,0.7211462,1,1,1,1,2
0.5114173,0.7914414,0.4348873,0.3825785,1,1,1,1,1,2
0.464857,0.8004452,0.4173243,0.3979216,1,1,1,1,1,2
0.4652303,0.8103013,0.4003713,0.4230511,1,1,1,1,0.8351024,2
0.4660248,0.8210579,0.3839923,0.4531586,1,1,1,1,0.8295072,2
0.4672423,0.5448606,0.3681512,0.4895394,1,1,1,1,0.8241383,2
0.4688917,0.5135286,0.352814,0.5340191,1,1,1,1,0.818983,2
0.4709768,0.4840669,0.337953,0.5891728,1,1,1,1,0.8140357,2
0.6933926,0.4563047,0.3235389,1,1,1,1,1,0.8092855,2
0.6976663,0.4300958,0.3095478,1,1,1,1,1,0.8047276,2
0.7025208,0.4053061,0.2996889,1,1,1,1,1,0.8003519,2
1,1,1,1,1,1,1,1,1,1
1,1,1,1,1,1,1,1,1,1
1,1,1,1,1,1,1,1,1,1
1,1,1,1,1,1,1,1,1,1
1,1,1,1,1,1,1,1,1,1
1,1,1,1,1,1,1,1,1,1
1,1,1,1,1,1,1,1,1,1
1,1,1,1,1,1,1,1,1,1
1,1,1,1,1,1,1,1,1,1
1,1,1,1,1,1,1,1,1,1
1,1,1,1,1,1,1,1,1,1
1,1,1,1,1,1,1,1,1,1
1,1,1,1,1,1,1,1,1,1
1,1,1,1,1,1,1,1,1,1
1,1,1,1,1,1,1,1,1,1
1,1,1,1,1,1,1,1,1,1
1,1,1,1,1,1,1,1,1,1
1,1,1,1,1,1,1,1,1,1
1,1,1,1,1,1,1,1,1,1
1,1,1,1,1,1,1,1,1,1
1,1,1,1,1,1,1,1,1,1
1,1,1,1,1,1,1,1,1,1
1,1,1,1,1,1,1,1,1,1
1,1,1,1,1,1,1,1,1,1
1,1,1,1,1,1,1,1,1,1
1,1,1,1,1,1,1,1,1,1
1,1,1,1,1,1,1,1,1,1
1,1,1,1,1,1,1,1,1,1
1,1,1,1,1,1,1,1,1,1
1,1,1,1,1,1,1,1,1,1
1,1,1,1,1,1,1,1,1,1
1,1,1,1,1,1,1,1,1,1
1,1,1,1,1,1,1,1,1,1
1,1,1,1,1,1,1,1,1,1
1,1,1,1,1,1,1,1,1,1
1,1,1,1,1,1,1,1,1,1
1,1,1,1,1,1,1,1,1,1
1,1,1,1,1,1,1,1,1,1
1,1,1,1,1,1,1,1,1,1
1,1,1,1,1,1,1,1,1,1
1,1,1,1,1,1,1,1,1,1
1,1,1,1,1,1,1,1,1,1
1,1,1,1,1,1,1,1,1,1
1,1,1,1,1,1,1,1,1,1
1,1,1,1,1,1,1,1,1,1
1,1,1,1,1,1,1,1,1,1
1,1,1,1,1,1,1,1,1,1
1,1,1,1,1,1,1,1,1,1
1,1,1,1,1,1,1,1,1,1
1,1,1,1,1,1,1,1,1,1
1,1,1,1,1,1,1,1,1,1
1,1,1,1,1,1,1,1,1,1
1,1,1,1,1,1,1,1,1,1
1,1,1,1,1,1,1,1,1,1
1,1,1,1,1,1,1,1,1,1
1,1,1,1,1,1,1,1,1,1
1,1,1,1,1,1,1,1,1,1
1,1,1,1,1,1,1,1,1,1
1,1,1,1,1,1,1,1,1,1
1,1,1,1,1,1,1,1,1,1
1,1,1,1,1,1,1,1,1,1
1,1,1,1,1,1,1,1,1,1
1,1,1,1,1,1,1,1,1,1
1,1,1,1,1,1,1,1,1,1
1,1,1,1,1,1,1,1,1,1
1,1,1,1,1,1,1,1,1,1
1,1,1,1,1,1,1,1,1,1
1,1,1,1,1,1,1,1,1,1
1,1,1,1,1,1,1,1,1,1
1,1,1,1,1,1,1,1,1,1
1,1,1,1,1,1,1,1,1,1
1,1,1,1,1,1,1,1,1,1
1,1,1,1,1,1,1,1,1,1
1,1,1,1,1,1,1,1,1,1
1,1,1,1,1,1,1,1,1,1
1,1,1,1,1,1,1,1,1,1
1,1,1,1,1,1,1,1,1,1
1,1,1,1,1,1,1,1,1,1
1,1,1,1,1,1,1,1,1,1
1,1,1,1,1,1,1,1,1,1
1,1,1,1,1,1,1,1,1,1
1,1,1,1,1,1,1,1,1,1
1,1,1,1,1,1,1,1,1,1
1,1,1,1,1,1,1,1,1,1
1,1,1,1,1,1,1,1,1,1
1,1,1,1,1,1,1,1,1,1
1,1,1,1,1,1,1,1,1,1
1,1,1,1,1,1,1,1,1,1
1,1,1,1,1,1,1,1,1,1
1,1,1,1,1,1,1,1,1,1
1,1,1,1,1,1,1,1,1,1
1,1,1,1,1,1,1,1,1,1
1,1,1,1,1,1,1,1,1,1
1,1,1,1,1,1,1,1,1,1
1,1,1,1,1,1,1,1,1,1
1,1,1,1,1,1,1,1,1,1
1,1,1,1,1,1,1,1,1,1
1,1,1,1,1,1,1,1,1,1
1,1,1,1,1,1,1,1,1,1
1,1,1,1,1,1,1,1,1,1
1,1,1,1,1,1,1,1,1,1
1,1,1,1,1,1,1,1,1,1
1,1,1,1,1,1,1,1,1,1
1,1,1,1,1,1,1,1,1,1
1,1,1,1,1,1,1,1,1,1
1,1,1,1,1,1,1,1,1,1
1,1,1,1,1,1,1,1,1,1
1,1,1,1,1,1,1,1,1,1
1,1,1,1,1,1,1,1,1,1
1,1,0.9971298,1,1,1,1,1,1,1
1,1,0.9860721,1,1,1,1,1,1,1
1,1,0.9749258,1,1,1,1,1,1,1
1,1,0.9636938,1,1,1,1,1,1,1
1,1,0.9523789,1,1,1,1,1,1,1
1,1,0.9535249,1,1,1,1,1,1,1
1,1,0.9552849,1,1,1,1,1,1,1
1,1,0.9570065,1,1,1,1,1,1,1
1,1,0.9586835,1,1,0.9918039,1,1,1,1
1,1,0.9601895,1,1,0.9817588,1,1,1,1
1,1,0.9614995,1,1,0.9716934,1,1,1,1
1,1,0.9626181,1,1,0.9616089,1,1,1,1
1,1,0.9635432,1,1,0.9515058,1,1,1,1
1,1,0.9642803,1,1,0.9413854,1,1,1,1
1,1,0.9648279,1,1,0.9369151,1,1,1,1
1,1,0.9652905,1,1,0.9358171,1,1,1,1
1,1,0.9657177,1,1,0.9348067,1,1,1,1
1,1,0.9661123,1,1,0.9338766,1,1,1,1
1,1,0.966484,1,1,0.9330034,1,1,1,1
1,1,0.9668273,1,1,0.9321992,1,1,1,1
1,1,0.9671446,1,1,0.9314581,1,1,1,1
1,1,0.9674379,1,1,0.9307753,1,1,1,1
1,1,0.9677089,1,1,0.9301457,1,1,1,1
1,1,0.9679669,1,1,0.9295484,1,1,1,1
1,1,0.9682056,1,1,0.9289975,1,1,1,1
1,1,0.9684266,1,1,0.9284893,1,1,1,1
1,0.9921721,0.9686308,1,1,0.9280199,1,1,1,1
1,0.9764726,0.9693494,1,1,0.9263331,1,1,1,1
1,0.9602488,0.9711,1,1,0.9222378,0.8597013,1,1,1
1,0.9463553,0.9683948,1,1,0.9286296,0.8480729,1,1,1
1,0.9320416,0.9664098,1,1,0.9334108,0.8365974,1,1,1
1,0.9173349,0.9651192,1,1,0.9365662,0.8252639,1,1,1
1,0.9022635,0.9644984,1,1,0.9381042,0.8140615,1,1,1
1,0.8868573,0.9645238,1,1,0.9380579,0.8029798,1,1,1
1,0.8711478,0.9651656,1,1,1,0.7920088,1,1,1
1,0.8546873,0.9674288,1,1,1,0.7813147,1,1,1
1,0.83799,0.9703286,1,1,1,0.7707143,1,1,1
1,0.8210813,0.973869,1,1,1,0.7602018,1,1,1
1,0.8039875,0.9780523,1,1,1,0.7497707,1,1,1
1,0.7867359,0.9828805,1,1,1,0.7394148,1,1,1
1,0.769359,0.9883472,1,1,1,0.7291308,1,1,1
1,0.7518795,0.99446,1,1,1,0.7189086,1,1,1
1,0.7343246,1,1,1,1,0.7087413,1,1,1
1,0.7167045,1,1,1,0.8444918,0.6986289,1,1,1
1,0.6999789,1,1,1,0.8348187,0.6881585,1,1,1
1,0.6831805,1,1,1,0.824441,0.6777369,1,1,1
1,0.6663364,1,1,1,0.8134488,0.6673606,1,1,1
1,0.6494631,1,1,1,0.8019463,0.6570197,1,1,1
1,0.6325814,1,1,1,0.7900186,0.6467074,1,1,1
1,0.6157148,1,1,1,0.7777467,0.6364207,1,1,1
1,0.5988768,1,1,1,0.7652212,0.6261497,1,1,1
1,0.5820841,1,1,1,0.7525243,0.6158879,1,1,1
1,0.5653557,1,1,1,0.7397318,0.6056328,1,1,1
1,0.557359,1,1,1,0.7268973,0.5953782,1,0.9967974,1
1,0.5596311,1,1,1,0.7153245,0.584991,1,0.9622733,1
1,0.5609281,1,1,1,0.7097525,0.5739866,1,0.9183164,1
1,0.561077,1,1,1,0.7107998,0.562322,1,0.9051229,1
1,0.5608248,1,1,1,1,0.5504613,1,0.9049429,1
1,0.5619253,1,1,1,1,0.5393602,1,0.9042645,1
1,0.5628771,1,1,1,1,0.5281659,1,0.9036379,1
1,0.563678,1,1,1,1,0.5168872,1,0.9030668,1
1,0.5643344,1,1,1,1,0.505533,1,0.9025478,1
1,0.564849,1,1,1,1,0.4941119,1,0.902082,1
1,0.5652205,1,1,1,1,0.4826323,1,0.9016727,1
0.8565055,0.5654565,1,1,1,1,0.4711027,1,0.901318,2
0.8125286,0.5686733,1,1,1,1,0.4609329,1,0.8998664,2
0.7669721,0.5726787,1,1,1,1,0.4510273,0.9913888,0.8981529,2
0.7210799,0.5773532,1,1,1,1,0.4413052,0.9836324,0.896244,2
0.6752995,0.5827295,1,1,1,1,0.4317536,0.9769992,0.8941537,2
0.6300402,0.5888394,1,1,1,1,0.4223577,0.9714627,0.891899,2
0.5856839,0.5957049,1,1,1,0.5743145,0.4131026,0.9669867,0.8895032,2
0.5493226,0.600343,1,1,1,0.5598373,0.4028198,0.9568076,0.8877155,2
0.5137669,0.6052356,1,1,1,0.5453836,0.3925313,0.7905577,0.8858757,1
0.4858474,0.6068359,1,1,1,0.5413104,0.3809596,0.7729297,0.8847932,1
0.4578503,0.6084884,1,1,1,0.5370881,0.3694041,0.755386,0.8836991,1
0.4537884,0.6101961,1,1,1,1,0.3578625,0.7379171,0.8825912,2
0.4558248,0.6148831,1,1,1,0.5199712,0.3472786,0.7253525,0.8808135,1
0.4566317,0.615163,1,1,1,1,0.3352314,0.7053026,0.8799882,1
0.458305,0.6185194,1,1,1,1,0.3241447,0.6902355,0.8785013,1
0.4598002,0.6211859,1,1,1,1,0.3128104,0.6739041,0.8771521,1
0.4611033,0.6231498,1,1,1,1,0.3012532,0.6564117,0.8759453,1
0.4622099,0.6244181,1,1,1,1,0.2895033,0.6378838,0.8748821,1
0.4631186,0.6250075,1,1,1,1,0.2775888,0.6211907,0.8739665,1
0.4638481,0.6250072,1,1,1,1,0.2669529,0.4085048,0.8731912,0
0.4631361,0.6200148,1,1,1,1,0.2694937,0.384887,0.8735803,0
0.4623763,0.6150637,1,1,1,1,0.2723297,0.361985,0.8741522,0
0.4615735,0.6101769,1,1,1,1,0.2754578,0.3397833,0.8749021,0
0.4607407,0.6053839,1,1,1,1,0.2788564,0.3182638,0.8758149,0
0.4598789,0.6006948,1,1,1,1,0.2825239,0.2973972,0.8768848,0
0.4589974,0.5961279,1,1,1,1,0.2864396,0.27715,1,1
0.4588701,0.5944668,1,1,1,1,0.2877176,0.2591773,1,0
0.4586698,0.5926331,1,1,1,1,0.289256,0.2413188,1,0
0.458397,0.5906435,1,1,1,1,0.291057,0.2236009,1,0
0.4580618,0.5885259,1,1,1,1,0.2931038,0.2060498,1,0
0.4576637,0.586293,1,1,1,1,0.2954007,0.1886766,1,0
0.4572114,1,1,1,1,1,0.2979327,0.1714986,1,0
0.4549031,0.5749006,1,1,1,1,0.3093404,0.1715387,1,1
0.4544944,1,1,1,1,1,0.31156,0.172015,0.337995,0
0.4518403,0.5632225,1,1,1,1,1,0.1753989,0.2775969,0
0.4494688,0.5545537,1,1,1,1,1,0.1788401,0.2272361,0
0.4470159,0.5458216,1,1,1,1,1,0.1828341,0.1823072,0
0.4445201,0.5371675,1,1,1,1,1,0.1873763,0.1422592,0
0.4420106,0.5286955,1,1,1,1,1,0.1924553,0.1439168,0
0.4396081,0.5209855,1,1,1,1,1,0.1977394,0.1461481,0
0.4372838,0.5139316,1,1,1,1,1,0.20319,0.1485388,0
0.4350087,0.5074357,1,1,1,1,1,0.2087795,0.1510706,0
0.4327632,0.501421,1,1,1,1,1,0.2144745,0.1537224,0
0.4305333,0.495825,1,1,1,1,1,0.2202413,0.1564735,0
0.4283034,0.4905897,1,1,1,1,1,0.226055,0.1593101,0
0.426065,0.4856711,1,1,1,1,1,0.8804622,0.1622156,2
0.4244729,1,1,1,1,1,1,0.8736213,0.1636156,0
0.4221907,1,1,1,1,1,1,0.8533271,0.1666563,0
0.419853,1,1,1,1,1,1,0.8334535,0.1698776,0
0.4174581,1,1,1,1,1,1,0.8176489,0.1732845,0
0.4150106,1,1,1,1,1,1,0.8333618,0.1768663,0
0.4125255,1,1,1,1,1,1,0.848786,0.1805359,0
0.4099966,1,1,1,1,1,1,0.8638636,0.1842819,0
0.4074257,1,1,1,1,1,1,0.87853,0.7408646,2
0.4050622,1,1,1,1,1,1,0.8675187,0.7384592,2
0.402875,1,1,1,1,1,1,0.8572504,0.7362167,2
0.4008518,1,1,1,1,1,1,0.8476599,0.7341255,2
0.398984,1,1,1,1,1,1,0.8386849,0.7321719,2
0.3972663,1,1,1,1,1,1,0.8302652,0.7303399,2
0.395688,1,1,1,1,1,1,0.8223574,0.7286221,2
0.3942418,1,1,1,1,1,1,0.814918,0.7270082,2
0.3929207,1,1,1,1,1,1,0.8079084,0.7254888,2
0.391718,1,1,1,1,1,1,0.8012936,0.7240556,2
0.3906305,1,1,1,1,1,1,0.7950383,0.7226974,2
0.3896492,1,1,1,1,1,1,0.7891197,0.721411,2
1,1,1,1,1,1,1,0.7835125,0.7201902,0
1,1,1,1,1,0.9988349,1,0.8006124,0.7269894,0
1,1,1,1,1,0.9886653,1,0.8179735,0.7339656,0
1,1,1,1,0.9946145,0.9787735,1,0.8355277,0.7410805,0
1,1,1,1,0.9872683,0.9691144,1,0.8531435,0.7482741,0
1,1,1,1,0.9799113,0.9596429,1,0.8707119,0.7555,0
1,1,1,1,0.9725046,0.9503154,1,0.8881289,0.7627119,0
1,1,1,1,0.9650172,0.9410962,1,0.9052972,0.8905552,0
1,1,1,1,0.9563798,0.9316813,1,0.9164871,0.8604077,0
1,1,1,1,0.9479233,0.9223495,1,0.9288483,0.8299699,0
1,1,1,1,0.9396507,0.9131111,1,1,0.7994259,0
1,1,1,1,0.9312126,0.9038652,0.9157203,1,0.7708402,0
1,1,1,1,0.9231766,0.8947867,0.904631,1,0.7410619,0
1,1,1,1,1,0.8858526,0.8935148,1,0.7110687,0
1,1,1,1,1,0.8771775,0.8822801,1,0.6800038,0
1,1,1,1,1,0.8687187,0.8710945,1,0.6637917,0
1,1,1,1,1,0.8604371,0.860056,1,0.6724496,0
1,1,1,1,1,0.8522245,0.8492621,1,0.6812428,0
1,1,1,1,1,0.8440658,0.8386942,1,0.6901433,0
1,1,1,1,1,0.835941,0.8283292,1,0.6991233,0
1,1,1,1,1,0.8278344,0.8181478,1,0.7081583,0
1,1,1,1,1,0.8197322,0.8081321,1,0.7172213,0
1,1,1,1,1,0.8116182,0.7982622,1,0.7262847,0
1,1,1,1,1,0.8034817,0.7885228,1,0.7353224,0
1,1,1,1,1,0.7953095,0.7788968,1,0.7443122,0
1,1,1,1,1,0.7870938,0.7693714,1,0.7532299,0
1,1,1,1,1,0.7788275,0.7599351,1,0.7620517,0
1,1,1,1,1,0.7705024,0.7505746,1,0.7707592,0
1,1,1,1,1,0.7621111,0.7412778,1,0.7793316,0
1,1,1,1,1,0.753651,0.7320365,1,0.7877533,0
1,1,1,1,1,1,0.7228408,1,0.7960063,0
1,1,1,1,1,1,0.7136742,1,0.8058225,0
1,1,1,1,1,1,0.7045704,1,0.81557,0
1,1,1,1,1,1,0.6955191,1,0.825233,0
1,1,1,1,1,1,0.6865141,1,1,1
1,1,1,1,1,1,0.6774861,1,1,1
1,1,1,1,1,1,0.6684579,1,1,1
1,1,1,1,1,1,0.6594299,1,1,1
1,1,1,1,1,1,0.6504018,1,1,1
1,1,1,1,1,1,0.6413708,1,1,1
1,1,1,1,1,1,0.6323397,1,1,1
1,1,1,1,1,1,0.6233087,0.6852612,1,0
1,1,1,1,1,1,0.6143371,0.6737211,1,0
1,1,1,1,1,1,0.6054037,0.6622661,1,0
1,1,1,1,1,1,0.5965111,0.6509023,1,0
1,1,1,1,1,1,0.5876585,0.6396322,1,0
1,1,1,1,1,1,0.5788453,0.6284577,1,0
1,1,1,1,1,1,0.5700704,0.6173801,1,0
1,1,1,1,1,1,0.561336,0.6064038,1,0
1,1,1,1,1,1,0.5526377,0.595526,1,0
1,1,1,1,1,1,0.5439744,0.584747,1,0
1,1,1,1,1,1,0.5353479,0.5740697,1,0
1,1,1,1,1,1,0.5267538,0.5634905,1,0
1,1,1,1,1,1,0.5181909,0.5530085,1,0
1,1,1,1,1,1,0.5096608,0.542626,1,0
1,1,1,1,1,1,0.5011591,0.5323383,1,0
1,1,1,1,1,1,0.4926844,0.5221442,1,0
1,1,1,1,1,1,0.4842386,0.5120451,1,0
1,1,1,1,1,1,0.4758173,0.502036,1,0
1,1,1,1,1,1,0.4674192,0.492115,1,0
1,1,1,1,1,1,1,0.4822802,1,0
1,1,0.9915527,1,1,1,1,0.4721583,0.9877483,0
1,1,0.9806632,1,1,1,1,0.4621381,0.9696044,0
1,1,0.9697784,1,1,1,1,0.4522088,0.9516957,0
1,1,0.9589182,1,1,1,1,0.4423776,0.5705786,0
1,1,0.9420727,1,1,1,1,0.4313978,0.5506745,0
1,1,0.9260138,1,1,1,1,0.4208251,0.53192,0
1,1,0.9350506,1,1,1,1,0.4106318,0.5142269,0
1,1,0.9468188,1,1,1,1,0.4007095,0.4971641,0
1,1,0.9603599,1,1,1,1,0.3910536,0.4806999,0
1,1,0.9759225,1,1,1,1,0.3816666,0.4648225,0
1,1,0.9938159,1,1,1,1,0.3725473,0.4495129,0
1,1,1,0.9869325,1,1,1,0.3636971,0.4347537,0
1,1,1,0.9648034,1,1,1,0.3551592,0.4207837,0
1,1,1,0.9442358,1,1,1,0.3469333,0.4076815,0
1,1,1,0.9250441,1,1,1,0.4081935,0.3953403,0
1,1,1,0.9072852,1,1,1,0.5313899,0.3837462,0
1,1,1,0.8908917,1,1,1,0.6817719,0.3728388,0
1,1,1,0.8756712,1,1,1,1,0.3625166,0
1,1,1,0.8617218,0.9931787,1,1,1,0.3527746,0
1,1,1,0.8483467,0.975463,1,1,1,0.3433602,0
1,1,1,0.835678,0.9589475,1,1,1,0.3342953,0
1,1,1,0.8236324,0.9434878,1,1,1,0.3255307,0
1,1,1,0.8121423,0.9289651,1,1,1,0.3170292,0
1,1,1,0.8011433,0.9152702,1,1,1,0.3087516,1
1,1,1,0.7905835,0.9023131,1,1,1,0.3006695,1
1,1,1,0.7804184,0.8900166,1,1,1,0.2927545,1
1,1,1,0.7706063,0.8783096,1,1,1,0.2983027,1
1,1,1,0.7612321,0.8673282,1,1,1,0.3156886,1
1,1,1,0.7523592,0.8571709,1,1,1,0.3324663,1
1,1,1,0.7439348,0.847747,1,1,1,0.3485797,1
1,1,0.9953943,0.7359112,0.8389767,1,1,1,0.3639951,1
1,1,0.9639543,0.7283392,0.8309385,1,1,1,0.3785408,2
1,1,0.9270134,0.7216751,0.8243753,1,1,1,0.3913702,2
1,1,0.8853615,0.7159538,0.8193392,1,1,1,0.4023374,2
1,1,0.8400402,0.7112103,0.8158813,1,1,1,0.4113728,2
1,1,0.7922572,0.7074722,0.8140432,1,1,1,0.4184984,2
1,1,0.7432538,0.7047532,0.8138468,1,1,1,0.4238293,2
1,1,0.6941845,0.7030582,0.8153026,1,1,1,0.4275441,2
1,1,0.6460364,0.7023719,1,1,1,1,0.4298808,2
1,1,0.6075931,0.6998463,1,1,1,1,0.4348295,2
1,1,0.599583,0.698188,1,1,1,1,0.4385763,2
1,1,0.5956019,0.6967417,1,1,1,1,0.442064,2
1,1,0.5917382,0.6954154,1,1,1,1,0.4454241,2
1,1,0.5879898,0.6942073,1,1,1,1,0.448666,2
1,1,0.5843482,0.693107,1,1,1,1,0.4518085,2
1,1,0.5808085,0.6921089,1,1,1,1,0.4548618,2
1,1,0.5773662,0.6912079,1,1,1,1,0.4578353,2
1,1,0.5740137,0.6903948,1,1,1,1,0.4607413,2
1,1,0.5707501,0.6896692,1,1,1,1,0.4635812,2
1,1,0.5675684,0.6890226,1,1,1,1,0.4663652,2
1,1,0.564465,0.6884511,1,1,1,1,0.4690975,2
1,1,0.5614368,1,1,1,1,1,0.4717813,1
1,1,0.5553693,1,1,1,1,1,0.4797125,1
1,1,0.5494379,1,1,1,1,1,0.4873607,1
1,1,0.5436335,1,1,1,1,1,0.4947316,1
1,1,0.5379544,1,1,1,1,1,0.5018225,1
1,1,0.5323926,1,1,1,1,1,0.5086411,1
1,0.7919896,0.5269446,1,1,1,1,1,0.5151916,2
1,0.6359973,0.5244603,1,1,1,1,1,0.5162681,2
1,0.4855786,0.5243,1,1,1,1,1,0.513634,2
1,0.4412714,0.5253468,1,1,1,1,1,0.5097957,2
1,0.4377652,0.5268811,1,1,1,1,1,0.5060815,2
1,0.4346122,0.5289232,1,1,1,1,1,0.5024832,2
1,0.4318116,0.5314957,1,1,1,1,1,0.498994,2
1,0.4293669,0.5346279,1,1,1,1,1,0.4956032,2
1,0.4272822,0.5383524,1,1,1,1,1,0.4923011,2
1,0.4255626,1,1,1,1,1,1,0.4890786,2
1,0.4222073,1,1,1,1,1,1,0.4916537,2
1,0.4189318,1,1,1,1,1,1,0.4941105,2
1,0.4157355,1,1,1,1,1,1,0.4964553,2
1,0.4126178,1,1,1,1,1,1,0.4986936,2
1,0.409578,1,1,1,1,1,1,0.5008309,2
0.3883812,0.4066187,1,1,1,1,1,1,0.5028686,2
0.3840276,0.4058635,1,1,1,1,1,1,0.4995514,2
0.3800583,0.4054885,1,1,1,1,1,1,0.4963077,2
0.3764663,0.4055007,1,1,1,1,1,1,0.4931331,2
0.3732457,0.4059085,1,1,1,1,1,1,0.4900238,2
0.3703943,0.4067245,1,1,1,1,1,1,0.4869724,2
0.367911,0.407963,1,1,1,1,1,1,0.4839721,2
0.3657897,0.4096332,1,1,1,1,1,1,0.4810231,2
0.3640309,0.4117523,1,1,1,1,1,1,0.4781187,2
0.362633,0.4143361,1,1,1,1,1,1,0.4752562,2
0.3615988,1,1,1,1,1,1,1,0.4724293,2
0.3602197,1,1,1,1,1,1,1,0.4727888,2
0.3589185,1,1,1,1,1,1,1,0.4730974,2
0.3576947,1,1,1,1,1,1,1,0.8932008,2
0.3573548,1,1,1,1,1,1,1,0.8867126,2
0.3573802,1,1,1,1,1,1,1,0.8804982,2
0.3577771,1,1,1,1,1,1,1,0.8745425,2
0.3585461,1,1,1,1,1,1,1,0.868838,2
0.3596953,1,1,1,1,1,1,1,0.8633716,2
0.3612079,1,1,1,1,1,1,1,0.8581921,2
0.3630587,1,1,1,1,1,1,1,0.8533319,2
1,1,1,1,1,1,1,1,0.8487624,0
1,1,1,1,1,1,1,1,0.84996,0
1,1,1,1,1,1,1,1,0.8512439,0
1,1,1,1,1,1,1,1,0.8526124,0
1,1,1,1,1,1,1,1,0.8540613,0
1,1,1,1,1,1,1,1,0.8555924,0
1,1,1,1,1,1,1,1,0.857201,0
1,1,1,1,1,1,1,1,0.8588827,0
1,1,1,1,1,1,1,1,0.8606391,0
1,1,1,1,1,1,1,1,0.8624656,0
1,1,1,1,1,1,1,1,0.8643605,0
1,1,1,1,1,1,1,1,0.8663224,0
1,1,1,1,1,1,1,1,0.8683499,0
1,1,1,1,1,1,1,1,0.8704377,0
1,1,1,1,1,1,1,1,0.8725847,0
1,1,1,1,1,1,1,1,0.8747859,0
1,1,1,1,1,1,1,1,0.8770396,0
1,1,1,1,1,1,1,1,0.8793442,0
1,1,1,1,1,1,1,1,0.8816983,0
1,1,1,1,1,1,1,1,0.8840965,0
1,1,1,1,1,1,1,1,0.8865377,0
1,1,1,1,1,1,1,1,1,1
1,1,1,1,1,1,1,1,1,1
1,1,1,1,1,1,1,1,1,1
1,1,1,1,1,1,1,1,1,1
1,1,1,1,1,1,1,1,1,1
1,1,1,1,1,1,1,1,1,1
1,1,1,1,1,1,1,1,1,1
1,1,1,1,1,1,1,1,1,1
1,1,1,1,1,1,1,1,1,1
1,1,1,1,1,1,1,1,1,1
1,1,1,1,1,1,1,1,1,1
1,1,1,1,1,1,1,1,1,1
1,1,1,1,1,1,1,1,1,1
1,1,1,1,1,1,1,1,1,1
1,1,1,1,1,1,1,1,1,1
1,1,1,1,1,1,1,1,1,1
1,1,1,1,1,1,1,1,1,1
1,1,1,1,1,1,1,1,1,1
1,1,1,1,1,1,1,1,1,1
1,1,1,1,1,1,1,1,1,1
1,1,1,1,1,1,1,1,1,1
1,1,1,1,1,1,1,1,1,1
1,1,1,1,1,1,1,1,1,1
0.9114376,1,1,1,1,1,1,1,1,1
0.8332514,1,1,1,1,1,1,1,1,2
0.7958615,1,1,1,1,1,1,1,1,2
0.7963143,1,1,1,1,1,1,1,1,2
0.7969071,1,1,1,1,1,1,1,1,2
0.797636,1,1,1,1,1,1,1,1,2
0.7984999,1,1,1,1,1,1,1,1,2
0.7994975,1,1,1,1,1,1,1,1,2
0.8006276,1,1,1,1,1,1,1,1,2
0.8018888,1,1,1,1,1,1,1,1,2
1,1,1,1,1,1,1,1,1,1
1,1,1,1,1,1,1,1,1,1
1,1,1,1,1,1,1,1,1,1
1,1,1,1,1,1,1,1,1,1
1,1,1,1,1,1,1,1,1,1
1,1,1,1,1,1,1,1,1,1
1,1,1,1,1,1,1,1,1,1
1,1,1,1,1,1,1,1,1,1
1,1,1,1,1,1,1,1,1,1
1,1,1,1,1,1,1,1,1,1
1,1,1,1,1,1,1,1,1,1
1,1,1,1,1,1,1,1,1,1
1,1,1,1,1,1,1,1,1,1
1,1,1,1,1,1,1,1,1,1
1,1,1,1,1,1,1,1,1,1
1,1,1,1,1,1,1,1,1,1
1,1,1,1,1,1,1,1,1,1
1,1,1,1,1,1,1,1,1,1
1,1,1,1,1,1,1,1,1,1
1,1,1,1,1,1,1,1,1,1
1,1,1,1,1,1,1,1,1,1
1,1,1,1,1,1,1,1,1,1
1,1,1,1,1,1,1,1,1,1
1,1,1,1,1,1,1,1,1,1
1,1,1,1,1,1,1,1,1,1
1,1,1,1,1,1,1,1,1,1
1,1,1,1,1,1,1,1,1,1
1,1,1,1,1,1,1,1,1,1
1,1,1,1,1,1,1,1,1,1
1,1,1,1,1,1,1,1,1,1
1,1,1,1,1,1,1,1,1,1
1,1,1,1,1,1,1,1,1,1
1,1,1,1,1,1,1,1,1,1
1,1,1,1,1,1,1,1,1,1
1,1,1,1,1,1,1,1,1,1
1,1,1,1,1,1,1,1,1,1
1,1,1,1,1,1,1,1,1,1
1,1,1,1,1,1,1,1,1,1
1,1,1,1,1,1,1,1,1,1
1,1,1,1,1,1,1,1,1,1
1,1,1,1,1,1,1,1,1,1
1,1,1,1,1,1,1,1,1,1
1,1,1,1,1,1,1,1,1,1
1,1,1,1,1,1,1,1,1,1
1,1,1,1,1,1,1,1,1,1
1,1,1,1,1,1,1,1,1,1
1,1,1,1,1,1,1,1,1,1
1,1,1,1,1,1,1,1,1,1
1,1,1,1,1,1,1,1,1,1
1,1,1,1,1,1,1,1,1,1
1,1,1,1,1,1,1,1,1,1
1,1,1,1,1,1,1,1,1,1
1,1,1,1,1,1,1,1,1,1
1,1,1,1,1,1,1,1,1,1
1,1,1,1,1,1,1,1,1,1
1,1,1,1,1,1,1,1,1,1
1,1,1,1,1,1,1,1,1,1
1,1,1,1,1,1,1,1,1,1
1,1,1,1,1,1,1,1,1,1
1,1,1,1,1,1,1,1,1,1
1,1,1,1,1,1,1,1,1,1
1,1,1,1,1,1,1,1,1,1
1,1,1,1,1,1,1,1,1,1
1,1,1,1,1,1,1,1,1,1
1,1,1,1,1,1,1,1,1,1
1,1,1,1,1,1,1,1,1,1
1,1,1,1,1,1,1,1,1,1
1,1,1,1,1,1,1,1,1,1
1,1,1,1,1,1,1,1,1,1
1,1,1,1,1,1,1,1,1,1
1,1,1,1,1,1,1,1,1,1
1,1,1,1,1,1,1,1,1,1
1,1,1,1,1,1,1,1,1,1
1,1,1,1,1,1,1,1,1,1
1,1,1,1,1,1,1,1,1,1
1,1,1,1,1,1,1,1,1,1
1,1,1,1,1,1,1,1,1,1
1,1,1,1,1,1,1,1,1,1
1,1,1,1,1,1,1,1,1,1
1,1,1,1,1,1,1,1,1,1
1,1,1,1,1,1,1,1,1,1
1,1,1,1,1,1,1,1,1,1
1,1,1,1,1,1,1,1,1,1
1,1,1,1,1,1,1,1,1,1
1,1,1,1,1,1,1,1,1,1
1,1,1,1,1,1,1,1,1,1
1,1,1,1,1,1,1,1,1,1
1,1,1,1,1,1,1,1,1,1
1,1,1,1,1,1,1,1,1,1
1,1,1,1,1,1,1,1,1,1
1,1,1,1,1,1,1,1,1,1
1,1,1,1,1,1,1,1,1,1
1,1,1,1,1,1,1,1,1,1
1,1,1,1,1,1,1,1,1,1
1,1,1,1,1,1,1,1,1,1
1,1,1,1,1,1,1,1,1,1
1,1,1,1,1,1,1,1,1,1
1,1,1,1,1,1,1,1,1,1
1,1,1,1,1,1,1,1,1,1
1,1,1,1,1,1,1,1,1,1
1,1,1,1,1,1,1,1,1,1
1,1,1,1,1,1,1,1,1,1
1,1,1,1,1,1,1,1,1,1
1,1,1,1,1,1,1,1,1,1
1,1,1,1,1,1,1,1,1,1
1,1,1,1,1,1,1,1,1,1
1,1,1,1,1,1,1,1,1,1
1,1,1,1,1,1,1,1,1,1
1,1,1,1,1,1,1,1,1,1
1,1,1,1,1,1,1,1,1,1
1,1,1,1,1,1,1,1,1,1
1,1,1,1,1,1,1,1,1,1
1,1,1,1,1,1,1,1,1,1
1,1,1,1,1,1,1,1,1,1
1,1,1,1,1,1,1,1,1,1
1,1,1,1,1,1,1,1,1,1
1,1,1,1,1,1,1,1,1,1
1,1,1,1,1,1,1,1,1,1
1,1,1,1,1,1,1,1,1,1
1,1,1,1,1,1,1,1,1,1
1,1,1,1,1,1,1,1,1,1
1,1,1,1,1,1,1,1,1,1
1,1,1,1,1,1,1,1,1,1
1,1,1,1,1,1,1,1,1,1
1,1,1,1,1,1,1,1,1,1
1,1,1,1,1,1,1,1,1,1
1,1,1,1,1,1,1,1,1,1
1,1,1,1,1,1,1,1,1,1
1,1,1,1,1,1,1,1,1,1
1,1,1,1,1,1,1,1,1,1
1,1,1,1,1,1,1,1,1,1
1,1,1,1,1,1,1,1,1,1
1,1,1,1,1,1,1,1,1,1
1,1,1,1,1,1,1,1,1,1
1,1,1,1,1,1,1,1,1,1
1,1,1,1,1,1,1,1,1,1
1,1,1,1,1,1,1,1,1,1
1,1,1,1,1,1,1,1,1,1
1,1,1,1,1,1,1,1,1,1
1,1,1,1,1,1,1,1,1,1
1,1,1,1,1,1,1,1,1,1
1,1,1,1,1,1,1,1,1,1
1,1,1,1,1,1,1,1,1,1
1,1,1,1,1,1,1,1,1,1
1,1,1,1,1,1,1,1,1,1
1,1,1,1,1,1,1,1,1,1
1,1,1,1,1,1,1,1,1,1
1,1,1,1,1,1,1,1,1,1
1,1,1,1,1,1,1,1,1,1
1,1,1,1,1,1,1,1,1,1
1,1,1,1,1,1,1,1,1,1
1,1,1,1,1,1,1,1,1,1
1,1,1,1,1,1,1,1,1,1
1,1,1,1,1,1,1,1,1,1
1,1,1,1,1,1,1,1,1,1
1,1,1,1,1,1,1,1,1,1
1,1,1,1,1,1,1,1,1,1
1,1,1,1,1,1,1,1,1,1
1,1,1,1,1,1,1,1,1,1
1,1,1,1,1,1,1,1,1,1
1,1,1,1,1,1,1,1,1,1
1,1,1,1,1,1,1,1,1,1
1,1,1,1,1,1,1,1,1,1
1,1,1,1,1,1,1,1,1,1
1,1,1,1,1,1,1,1,1,1
1,1,1,1,1,1,1,1,1,1
1,1,1,1,1,1,1,1,1,1
1,1,1,1,1,1,1,1,1,1
1,1,1,1,1,1,1,1,1,1
1,1,1,1,1,1,1,1,1,1
1,1,1,1,1,1,1,1,1,1
1,1,1,1,1,1,1,1,1,1
1,1,1,1,1,1,1,1,1,1
1,1,1,1,1,1,1,1,1,1
1,1,1,1,1,1,1,1,1,1
1,1,1,1,1,1,1,1,1,1
1,1,1,1,1,1,1,1,1,1
1,1,1,1,1,1,1,1,1,1
1,1,1,1,1,1,1,1,1,1
1,1,1,1,1,1,1,1,1,1
1,1,1,1,1,1,1,1,1,1
1,1,1,1,1,1,1,1,1,1
1,1,1,1,1,1,1,1,1,1
1,1,1,1,1,1,1,1,1,1
1,1,1,1,1,1,1,1,1,1
1,1,1,1,1,1,1,1,1,1
1,1,1,1,1,1,1,1,1,1
1,1,1,1,1,1,1,1,1,1
1,1,1,1,1,1,1,1,1,1
1,1,1,1,1,1,1,1,1,1
1,1,1,1,1,1,1,1,1,1
1,1,1,1,1,1,1,1,1,1
1,1,1,1,1,1,1,1,1,1
1,1,1,1,1,1,1,1,1,1
1,1,1,1,1,1,1,1,1,1
1,1,1,1,1,1,1,1,1,1
1,1,1,1,1,1,1,1,1,1
1,1,1,1,1,1,1,1,1,1
1,1,1,1,1,1,1,1,1,1
1,1,1,1,1,1,1,1,1,1
1,1,1,1,1,1,1,1,1,1
1,1,1,0.9923116,1,1,1,1,1,1
1,1,1,0.9821469,1,1,1,1,1,1
1,1,1,0.97197,1,1,1,1,1,1
1,1,1,0.9617809,1,1,1,1,1,1
1,1,1,0.9515803,1,1,1,1,1,1
1,1,1,0.9413687,1,1,1,1,1,1
1,1,1,0.9311465,1,1,1,1,1,1
1,1,1,0.9209144,1,1,1,1,1,1
1,1,1,0.9106727,1,1,1,1,1,1
1,1,0.9775206,0.9096492,1,1,1,1,1,1
1,1,0.9660378,0.9154042,1,1,1,1,1,1
1,1,0.9544986,0.9221435,1,1,1,1,1,1
1,1,0.9429094,0.9298674,1,1,1,1,1,1
1,1,0.931276,0.9385991,1,1,1,1,1,1
1,1,0.9196042,0.9483474,1,1,1,1,1,1
1,1,0.9079,0.959143,1,1,1,1,1,1
1,1,0.8961687,0.9710018,1,1,1,1,1,1
1,1,0.8844193,0.9839624,1,1,1,1,1,1
1,1,0.8726532,0.9980283,1,1,1,1,1,1
1,1,0.8608756,1,1,1,1,1,1,1
1,1,0.8490591,1,1,1,1,1,1,1
1,1,0.8372035,1,1,1,1,1,1,1
1,1,0.8253137,1,1,1,1,1,1,1
1,1,0.8133982,1,1,1,1,1,1,1
1,1,0.8014587,1,1,1,1,1,1,1
1,1,0.7895002,1,1,1,1,1,1,1
1,1,0.7775309,1,1,1,1,1,1,1
1,1,0.7655526,1,1,1,1,1,1,1
1,1,0.7535733,1,1,1,1,1,1,1
1,1,0.7415979,1,1,1,1,1,1,1
1,1,0.7296276,1,1,1,1,1,1,2
1,1,0.7176702,1,1,1,1,1,1,2
1,1,0.70573,1,1,1,1,1,1,2
1,1,0.693811,1,1,1,1,1,1,2
1,1,0.6819171,1,1,1,1,1,1,2
1,1,0.6700521,1,1,1,1,1,1,2
1,1,0.6582193,1,1,1,1,1,1,2
1,1,0.6464251,1,1,1,1,1,1,2
1,1,0.6346694,1,1,1,1,1,1,2
1,1,0.6229578,1,1,1,1,1,1,2
1,1,0.611293,1,1,1,1,1,1,2
1,1,0.5996739,1,1,1,1,1,1,2
1,1,0.5881055,1,1,1,1,1,1,2
1,1,0.5765895,1,1,1,1,1,1,2
1,1,0.5651306,1,1,1,1,1,1,2
1,1,0.5788826,1,1,1,1,1,1,2
1,1,0.5933592,1,1,1,1,1,1,2
1,1,0.6079983,1,1,1,1,1,1,2
1,1,0.6227632,1,1,1,1,1,1,2
1,0.6511722,0.6376368,1,1,1,1,1,1,2
1,0.6303259,0.6754906,1,1,1,1,1,1,2
1,0.6102349,0.7174037,1,1,1,1,1,1,2
1,0.5908653,1,1,1,1,1,1,1,2
1,0.5732653,1,1,1,1,1,1,1,2
1,0.5559223,1,1,1,1,1,1,1,2
1,0.5388561,1,1,1,1,1,1,1,2
1,0.5220841,1,1,1,1,1,1,1,2
1,0.5056165,1,1,1,1,1,1,1,2
1,0.4894649,1,1,1,1,1,1,1,2
1,0.4736377,1,1,1,1,1,1,1,2
1,0.4581377,1,1,1,1,1,1,1,2
1,0.4429689,1,1,1,1,1,1,1,2
1,0.4281333,1,1,1,1,1,1,1,2
1,0.4136274,1,1,1,1,1,1,1,2
1,0.4243836,1,1,1,1,1,1,1,2
1,0.4402085,1,1,1,1,1,1,1,2
0.5571698,0.4565376,1,1,1,1,1,1,1,2
0.5259698,0.4821533,1,1,1,1,1,1,1,2
0.4968216,0.5104975,1,1,1,1,1,1,1,2
0.469542,0.5419497,1,1,1,1,1,1,1,2
0.4439604,0.5769643,1,1,1,1,1,1,1,2
0.4199394,1,1,1,1,1,1,1,1,2
0.3985233,1,1,1,1,1,1,1,1,2
0.3780443,1,1,1,1,1,1,1,1,2
0.3648733,1,1,1,1,1,1,1,1,2
0.3792847,1,1,1,1,1,1,1,1,2
0.3943014,1,1,1,1,1,1,1,1,2
0.4099116,1,1,1,1,1,1,1,1,2
0.4260994,1,1,1,1,1,1,1,1,2
0.4428415,1,1,1,1,1,1,1,1,2
0.460111,1,1,1,1,1,1,1,1,2
0.4778817,1,1,1,1,1,1,1,1,2
0.4961247,1,1,1,1,1,1,1,1,2
0.5148023,1,1,1,1,1,1,1,1,2
1,1,1,1,1,1,1,1,1,1
1,1,1,1,1,1,1,1,1,1
1,1,1,1,1,1,1,1,1,1
1,1,1,1,1,1,1,1,1,1
1,1,1,1,1,1,1,1,1,1
1,1,1,1,1,1,1,1,1,1
1,1,1,1,1,1,1,1,1,1
1,1,1,1,1,1,1,1,1,1
1,1,1,1,1,1,1,1,1,1
1,1,1,1,1,1,1,1,1,1
1,1,1,1,1,1,1,1,1,1
1,1,1,1,1,1,1,1,1,1
1,1,1,1,1,1,1,1,1,1
1,1,1,1,1,1,1,1,1,1
1,1,1,1,1,1,1,1,1,1
1,1,1,1,1,1,1,1,1,1
1,1,1,1,1,1,1,1,1,1
1,1,1,1,1,1,1,1,1,1
1,1,1,1,1,1,1,1,1,1
1,1,1,1,1,1,1,1,1,1
1,1,1,1,1,1,1,1,1,1
1,1,1,1,1,1,1,1,1,1
1,1,1,1,1,1,1,1,1,1
1,1,1,1,1,1,1,1,1,1
1,1,1,1,1,1,1,1,1,1
1,1,1,1,1,1,1,1,1,1
1,1,1,1,1,1,1,1,1,1
1,1,1,1,1,1,1,1,1,1
1,1,1,1,1,1,1,1,1,1
1,1,1,1,1,1,1,1,1,1
1,1,1,1,1,1,1,1,1,1
1,1,1,1,1,1,1,1,1,1
1,1,1,1,1,1,1,1,1,1
1,1,1,1,1,1,1,1,1,1
1,1,1,1,1,1,1,1,1,1
1,1,1,1,1,1,1,1,1,1
1,1,1,1,1,1,1,1,1,1
1,1,1,1,1,1,1,1,1,1
1,1,1,1,1,1,1,1,1,1
1,1,1,1,1,1,1,1,1,1
1,1,1,1,1,1,1,1,1,1
1,1,1,1,1,1,1,1,1,1
1,1,1,1,1,1,1,1,1,1
1,1,1,1,1,1,1,1,1,1
1,1,1,1,1,1,1,1,1,1
1,1,1,1,1,1,1,1,1,1
1,1,1,1,1,1,1,1,1,1
1,1,1,1,1,1,1,1,1,1
1,1,1,1,1,1,1,1,1,1
1,1,1,1,1,1,1,1,1,1
1,1,1,1,1,1,1,1,1,1
1,1,1,1,1,1,1,1,1,1
1,1,1,1,1,1,1,1,1,1
1,1,1,1,1,1,1,1,1,1
1,1,1,1,1,1,1,1,1,1
1,1,1,1,1,1,1,1,1,1
1,1,1,1,1,1,1,1,1,1
1,1,1,1,1,1,1,1,1,1
1,1,1,1,1,1,1,1,1,1
1,1,1,1,1,1,1,1,1,1
1,1,1,1,1,1,1,1,1,1
1,1,1,1,1,1,1,1,1,1
1,1,1,1,1,1,1,1,1,1
1,1,1,1,1,1,1,1,1,1
1,1,1,1,1,1,1,1,1,1
1,1,1,1,1,1,1,1,1,1
1,1,1,1,1,1,1,1,1,1
1,1,1,1,1,1,1,1,1,1
1,1,1,1,1,1,1,1,1,1
1,1,1,1,1,1,1,1,1,1
1,1,1,1,1,1,1,1,1,1
1,1,1,1,1,1,1,1,1,1
1,1,1,1,1,1,1,1,1,1
1,1,1,1,1,1,1,1,1,1
1,1,1,1,1,1,1,1,1,1
1,1,1,1,1,1,1,1,1,1
1,1,1,1,1,1,1,1,1,1
1,1,1,1,1,1,1,1,1,1
1,1,1,1,1,1,1,1,1,1
1,1,1,1,1,1,1,1,1,1
1,1,1,1,1,1,1,1,1,1
1,1,1,1,1,1,1,1,1,1
1,1,1,1,1,1,1,1,1,1
1,1,1,1,1,1,1,1,1,1
1,1,1,1,1,1,1,1,1,1
1,1,1,1,1,1,1,1,1,1
1,1,1,1,1,1,1,1,1,1
1,1,1,1,1,1,1,1,1,1
1,1,1,1,1,1,1,1,1,1
1,1,1,1,1,1,1,1,1,1
1,1,1,1,1,1,1,1,1,1
1,1,1,1,1,1,1,1,1,1
1,1,1,1,1,1,1,1,1,1
1,1,1,1,1,1,1,1,1,1
1,1,1,1,1,1,1,1,1,1
1,1,1,1,1,1,1,1,1,1
1,1,1,1,1,1,1,1,1,1
1,1,1,1,1,1,1,1,1,1
1,1,1,1,1,1,1,1,1,1
1,1,1,1,1,1,1,1,1,1
1,1,1,1,1,1,1,1,1,1
1,1,1,1,1,1,1,1,1,1
1,1,1,1,1,1,1,1,1,1
1,1,1,1,1,1,1,1,1,1
1,1,1,1,1,1,1,1,1,1
1,1,1,1,1,1,1,1,1,1
1,1,1,1,1,1,1,1,1,1
1,1,1,1,1,1,1,1,1,1
1,1,1,1,1,1,1,1,1,1
1,1,1,1,1,1,1,1,1,1
1,1,1,1,1,1,1,1,1,1
1,1,1,1,1,1,1,1,1,1
1,1,1,1,1,1,1,1,1,1
1,1,1,1,1,1,1,1,1,1
1,1,1,1,1,1,1,1,1,1
1,1,1,1,1,1,1,1,1,1
1,1,1,1,1,1,1,1,1,1
1,1,1,1,1,1,1,1,1,1
1,1,1,1,1,1,1,1,1,1
1,1,1,1,1,1,1,1,1,1
1,1,1,1,1,1,1,1,1,1
1,1,1,1,1,1,1,1,1,1
1,1,1,1,1,1,1,1,1,1
1,1,1,1,1,1,1,1,1,1
1,1,1,1,1,1,1,1,1,1
1,1,1,1,1,1,1,1,1,1
1,1,1,1,1,1,1,1,1,1
1,1,1,1,1,1,1,1,1,1
1,1,1,1,1,1,1,1,1,1
1,1,1,1,1,1,1,1,1,1
1,1,1,1,1,1,1,1,1,1
1,1,1,1,1,1,1,1,1,1
1,1,1,1,1,1,1,1,1,1
1,1,1,1,1,1,1,1,1,1
1,1,1,1,1,1,1,1,1,1
1,1,1,1,1,1,1,1,1,1
1,1,1,1,1,1,1,1,1,1
1,1,1,1,1,1,1,1,1,1
1,0.9972318,1,1,1,1,1,1,1,1
1,0.9892658,1,1,1,1,1,1,1,1
1,0.9812872,1,1,1,1,1,1,1,1
1,0.9732959,1,1,1,1,1,1,1,1
1,0.9652958,1,1,1,1,1,1,1,1
1,0.9572838,1,1,1,1,1,1,1,1
1,0.9492637,1,1,1,1,1,1,1,1
1,0.9412357,1,1,1,1,1,1,1,1
1,0.9332002,1,1,1,1,1,1,1,1
1,0.925158,1,1,1,1,1,1,1,1
1,0.9171094,1,1,1,1,1,1,1,1
1,0.9090579,1,1,1,1,1,1,1,1
1,0.901001,1,1,1,1,1,1,1,1
1,0.8929423,1,1,1,1,1,1,1,1
1,0.8848825,1,1,1,1,1,1,1,1
1,0.8768188,1,1,1,1,1,1,1,1
1,0.8687581,1,1,1,1,1,1,1,1
1,0.8606979,1,1,1,1,1,1,1,1
1,0.8526385,1,1,1,1,1,1,1,1
1,0.8445808,1,1,1,1,1,1,1,1
1,0.8365283,1,1,1,1,1,1,1,1
1,0.8284785,1,1,1,1,1,1,1,1
1,0.820435,1,1,1,1,1,1,1,1
1,0.8123986,1,1,1,1,1,1,1,1
1,0.8043694,1,1,1,1,1,1,1,1
1,0.7963483,1,1,1,1,1,1,1,1
1,0.7883357,1,1,1,1,1,1,1,1
1,0.7803321,1,1,1,1,1,1,1,1
1,0.7723411,1,1,1,1,1,1,1,1
1,0.7643602,1,1,1,1,1,1,1,1
1,0.756393,1,1,1,1,1,1,1,1
1,0.7484397,1,1,1,1,1,1,1,1
1,0.7404978,1,1,1,1,1,1,1,1
1,0.7325709,1,1,1,1,1,1,1,1
1,0.7246593,1,1,1,1,1,1,1,1
1,0.7167633,1,1,1,1,1,1,1,1
0.845514,0.7088835,1,1,1,1,0.997636,1,1,2
0.8333431,0.7006555,1,1,1,1,0.988012,1,1,2
0.8213996,0.6925128,1,1,1,1,0.978475,1,1,2
0.8096769,0.6874756,1,1,1,1,0.9690245,1,1,2
0.7981814,0.7610217,1,1,1,1,0.9596697,1,1,2
0.7871325,0.8364697,1,1,1,1,0.9505907,1,1,1
0.7764865,0.9130515,1,1,1,1,0.9417675,1,1,1
0.766207,0.9899538,1,1,1,1,0.9331792,1,1,1
0.7562603,1,1,1,1,1,0.9248104,1,1,1
0.7464586,1,1,1,1,1,0.9165138,1,1,1
0.7367696,1,1,1,1,1,0.9082673,1,1,1
0.7271901,1,1,1,1,1,0.9000722,1,1,1
0.7177172,1,1,1,1,1,0.8919266,1,1,1
0.7083442,1,1,1,1,1,0.8838285,1,1,1
0.6990716,1,1,1,1,1,0.8757793,1,1,1
0.6898929,1,1,1,1,1,0.8677769,1,1,1
0.6808013,1,1,1,1,1,0.8598194,1,1,1
0.6717939,1,1,1,1,1,0.851905,1,1,1
0.6628678,1,1,1,1,1,0.8440349,1,1,1
0.6540197,1,1,1,1,1,0.8362068,1,1,1
0.6452435,1,1,1,1,1,0.8284224,1,1,1
0.6365395,1,1,1,1,1,1,1,1,2
0.6253542,1,1,1,1,1,0.8107837,1,1,1
0.6169239,1,1,1,1,1,1,1,1,2
0.6058859,1,1,1,1,1,0.7932187,1,1,1
0.5977193,1,1,1,1,1,1,0.7417563,1,1
0.5903686,1,1,1,1,1,1,0.7345061,1,1
0.5830191,1,1,1,1,1,1,0.7272742,1,1
0.5756686,1,1,1,1,1,1,0.7200617,1,1
0.5683149,1,1,1,1,1,1,0.7128692,1,1
0.5609517,1,1,1,1,1,1,0.7057009,1,1
0.5704266,1,1,1,1,1,1,0.6985576,1,1
0.580709,1,1,1,1,1,1,0.6914223,1,1
0.5903648,1,1,1,1,1,1,0.6843077,1,0
0.5994052,1,1,1,1,1,1,0.6772183,1,0
0.607839,1,1,1,1,1,1,0.6701621,1,0
0.6156783,1,1,1,1,1,1,0.6631471,1,0
0.6229324,1,1,1,1,1,1,0.656184,1,0
0.629625,1,1,1,1,1,1,0.6492773,1,0
0.6357759,1,1,1,1,1,1,0.6424347,1,0
0.6414008,1,1,1,1,1,1,0.6356663,1,0
0.6465285,1,1,1,1,1,1,0.6289759,1,0
0.6511825,0.8550791,1,1,1,1,1,0.6223705,1,0
0.6563287,0.8482943,1,1,1,1,1,0.6158509,1,0
0.6610981,0.841519,1,1,1,1,1,0.6094107,1,0
0.6655133,0.8347527,1,1,1,1,1,0.603055,1,0
0.6695958,0.8279946,1,1,1,1,1,0.5967883,1,0
0.6733723,0.8212435,1,1,1,1,1,0.5906121,1,0
0.6768684,0.8144979,1,1,1,1,1,0.5845271,1,0
0.6801034,0.8077527,1,1,1,1,1,0.5785372,0.6274065,0
0.6715686,0.8033417,1,1,1,1,1,0.5731383,0.6156284,0
0.6634975,1,1,1,1,1,1,0.5681462,0.6044916,0
0.6558481,1,1,1,1,1,1,0.563559,0.5939717,0
0.6485779,1,1,1,1,1,1,1,0.5840495,0
0.6517906,1,1,1,1,1,1,1,0.5771185,0
0.6546618,1,1,1,1,1,1,1,0.5702487,0
0.6572094,1,1,1,1,1,1,1,0.5634469,0
0.6594474,1,1,1,1,1,1,1,0.5567223,0
0.6613855,1,1,1,1,1,1,1,0.5500876,0
0.6630427,1,1,1,1,1,1,1,0.5435482,0
0.6644335,1,1,1,1,1,1,1,0.5371124,0
0.6655724,1,1,1,1,1,1,1,0.5307882,0
0.6664736,1,1,1,1,1,1,1,0.5245832,0
0.6671516,1,1,1,1,1,1,1,0.5185042,0
0.6676238,1,1,1,1,1,1,1,0.5125551,0
0.6679039,1,1,1,1,1,1,1,0.5067419,0
0.6680042,1,1,1,1,1,1,1,0.5010707,0
0.6679372,1,1,1,1,1,1,1,0.4955469,0
0.6677186,1,1,1,1,1,1,1,0.4901727,0
0.6673592,1,1,1,1,1,1,1,0.5039707,0
0.6673117,1,1,1,1,1,1,1,0.5890825,0
0.6691852,0.6658752,1,1,1,1,1,1,0.6697573,1
0.6762494,0.6547223,1,1,1,1,1,1,0.7131521,2
0.6843792,0.6431109,1,1,1,1,1,1,0.7470977,2
0.6933877,0.6312255,1,1,1,1,1,1,0.7734061,2
0.7031264,0.6192147,1,1,1,1,1,1,0.7939052,2
0.7134777,0.6071849,1,1,1,1,1,1,1,2
0.729453,0.5932236,1,1,1,1,1,1,1,2
1,0.5798241,1,1,1,1,1,1,0.7786039,1
1,0.5707679,1,1,1,1,1,1,1,2
1,0.5595882,1,1,1,1,1,1,1,2
1,0.5485205,1,1,1,1,1,1,1,2
1,0.5375659,1,1,1,1,1,1,1,2
1,0.5267251,1,1,1,1,1,1,1,2
1,0.5159982,1,1,1,1,1,1,1,2
1,0.5053885,1,1,1,1,1,1,1,2
1,0.4948957,1,1,1,1,1,1,1,2
1,0.4845191,1,1,1,1,1,1,1,2
1,0.4742579,1,1,1,1,1,1,1,2
1,0.4641108,1,1,1,1,1,1,1,2
1,0.4540767,1,1,1,1,1,1,1,2
1,0.4441539,1,1,1,1,1,1,1,2
0.5608057,0.4378709,1,1,1,1,1,1,1,2
0.5401281,0.486919,1,1,1,1,1,1,1,2
0.5207868,0.5423551,1,1,1,1,1,1,1,2
0.5026622,0.6050299,1,1,1,1,1,1,1,2
1,1,1,1,1,1,1,1,1,1
1,1,1,1,1,1,1,1,0.9433049,1
1,1,1,1,1,1,1,1,1,1
1,1,1,1,1,1,1,1,1,1
1,1,1,1,1,1,1,1,1,1
1,1,1,1,1,1,1,1,1,1
1,1,1,1,1,1,1,1,1,1
1,1,1,1,1,1,1,1,1,1
1,1,1,1,1,1,1,1,1,1
1,1,1,1,1,1,1,1,1,1
1,1,1,1,1,1,1,1,1,1
1,1,1,1,1,1,1,1,1,1
1,1,1,1,1,1,1,1,0.9904658,1
1,1,1,1,1,1,1,1,0.9507991,1
1,1,1,1,1,1,1,1,0.9058902,1
1,1,1,1,1,1,1,1,0.8936347,0
1,1,1,1,1,1,1,1,0.8948404,0
1,1,1,1,1,1,1,1,0.8960962,1
1,1,1,1,1,1,1,1,0.897398,1
1,1,1,1,1,1,1,1,0.8987479,1
1,1,1,1,1,1,1,1,0.900142,1
1,1,1,1,1,1,1,1,0.9015791,1
1,1,1,1,1,1,1,1,0.9030584,1
1,1,1,1,1,1,1,1,0.9045788,1
1,1,0.9966995,1,1,1,1,1,0.9061394,1
1,1,0.9886786,1,1,1,1,1,0.9077172,1
1,1,0.9811251,1,1,1,1,1,0.9092802,1
1,1,0.9740094,1,1,1,1,1,0.9108249,1
1,0.9996071,0.9672985,1,1,1,1,1,0.9123516,1
1,0.9866293,0.960986,1,1,1,1,1,0.9138567,1
1,0.9727324,0.9558026,1,1,1,1,1,0.9151998,1
1,0.9579306,0.9517304,1,1,1,1,1,0.9163685,1
1,0.9422523,0.9487575,1,1,1,1,1,0.9173527,1
1,0.9257345,0.9468772,1,1,1,1,1,0.9181436,1
1,0.9084228,0.9460871,1,1,1,1,1,0.9187349,1
1,0.8903708,0.9463894,1,1,1,1,1,0.9191222,1
1,0.8716394,0.9477895,1,1,1,1,1,0.9193037,1
1,0.8522911,0.950303,1,1,1,1,1,0.9192761,1
1,0.832403,0.953935,1,1,1,1,1,0.9190449,1
1,0.8120463,0.9587001,1,1,1,1,1,0.9186144,1
1,0.791304,0.9646093,1,1,1,1,1,0.9179934,2
1,0.7702503,0.9716884,1,1,1,1,1,0.9171861,2
1,0.7489635,0.979952,1,1,1,1,1,0.9162048,2
1,0.7275205,1,1,1,1,1,1,0.9150621,2
1,0.7061797,1,1,1,1,1,1,0.9138237,2
1,0.6846362,1,1,1,1,1,1,0.912391,2
1,0.6629645,1,1,1,1,1,1,0.9107733,2
1,0.6412288,1,1,1,1,1,1,0.9089812,2
1,0.6195008,1,1,1,1,1,1,0.9070266,2
1,0.5978436,1,1,1,1,1,1,0.9049221,2
1,0.5948882,1,1,1,1,1,1,0.9026811,2
1,0.5998341,1,1,1,1,1,1,0.9004546,2
1,0.6048285,1,1,1,1,1,1,0.8982952,2
1,0.6098588,1,1,1,1,1,1,0.8961984,2
1,0.6149202,1,1,1,1,1,1,0.8941537,2
1,0.6200042,1,1,1,1,1,1,0.8921549,2
1,0.625098,0.9970554,1,1,1,1,1,0.8901997,2
1,0.6302246,1,1,1,1,1,1,0.8882719,2
0.8953207,0.6353162,1,1,1,1,1,1,1,2
0.829888,0.6461852,1,1,1,1,1,1,0.8830649,2
0.7753528,0.6558347,1,1,1,1,1,1,0.8802208,2
0.7215243,0.6671437,1,1,1,1,1,1,0.8771784,2
0.6691698,0.680214,1,1,1,1,1,1,0.8740013,2
0.6189021,0.6951538,1,1,1,1,1,1,0.8707479,2
0.5711533,0.7120588,1,1,1,1,1,1,0.8674787,2
0.5261939,0.7310283,1,1,1,1,1,1,0.8642439,2
0.5213982,0.7521459,1,1,1,1,1,1,0.8610922,2
0.5289119,0.7740497,1,1,1,1,1,1,0.8581172,2
0.5365689,0.997371,1,1,1,1,1,1,0.8552947,2
0.5427346,0.9775532,1,1,1,1,1,1,0.852657,2
0.5491802,0.9581684,1,1,1,1,1,1,0.8500165,2
0.5559029,0.9392296,1,1,1,1,1,1,0.8473731,2
0.5628989,0.9207419,1,1,1,1,1,1,0.8447253,2
0.5701596,0.9027066,1,1,1,1,1,1,0.8420736,2
0.5776791,0.8851223,1,1,1,1,1,1,0.8394139,2
0.5854506,0.8679881,1,1,1,1,1,1,0.8367416,2
0.5934625,0.8512974,1,1,1,1,1,1,0.8340538,2
0.6017019,0.835041,1,1,1,1,1,1,0.831347,2
0.6101593,0.8217206,1,1,1,1,1,1,0.8286138,2
0.6187928,0.8433334,1,1,1,1,1,1,0.8258482,2
0.6272572,0.8644077,1,1,1,1,1,1,0.8229846,2
0.6355214,0.8848286,1,1,1,1,1,1,0.8200172,2
0.6435647,0.9045025,1,1,1,1,1,1,0.8169373,2
0.6513618,0.9233311,1,1,1,1,1,1,0.8137465,2
0.6589013,0.9412469,1,1,1,1,1,1,0.8104392,2
0.6661667,0.9581783,1,1,1,1,1,1,0.8070191,1
0.6731444,0.9740669,1,1,1,1,1,1,0.8034916,1
0.6798304,0.9888787,1,1,1,1,1,1,0.8004626,1
0.6862293,1,1,1,1,1,1,1,0.8498389,1
0.9732216,1,1,1,1,1,1,1,0.8879975,1
0.9630653,1,1,1,1,1,1,1,0.973138,1
0.9481827,1,1,1,1,1,1,1,1,1
0.931441,1,1,1,1,1,1,1,1,1
0.914163,1,1,1,1,1,1,1,1,1
0.8963755,1,1,1,1,1,1,1,1,1
0.8781201,1,1,1,1,1,1,1,1,1
0.8594344,1,1,1,1,1,1,1,1,2
0.8403662,1,1,1,1,1,1,1,1,2
0.8209676,1,1,1,1,1,1,1,1,2
0.8012942,1,1,1,1,1,1,1,1,2
0.7814051,1,1,1,1,1,1,1,1,2
0.7613609,1,1,1,1,1,1,1,1,2
0.7412237,1,1,1,1,1,1,1,1,2
0.721055,1,1,1,1,1,1,1,1,2
0.7009162,1,1,1,1,1,1,1,1,2
0.7095045,1,1,1,1,1,1,1,1,2
0.7219748,1,1,1,1,1,1,1,1,2
0.7345003,1,1,1,1,1,1,1,1,2
0.7470568,1,1,1,1,1,1,1,1,2
0.7596201,1,1,1,1,1,1,1,1,2
0.7721745,1,1,1,1,1,1,1,1,2
0.784696,1,1,1,1,1,1,1,1,2
0.7971609,1,1,1,1,1,1,1,1,2
0.8095547,1,1,1,1,1,1,1,1,2
0.8218544,1,1,1,1,1,1,1,1,2
0.8340467,1,1,1,1,1,1,1,1,2
0.8461097,1,1,1,1,1,1,1,1,2
0.8580273,1,1,1,1,1,1,1,1,1
0.8697834,1,1,1,1,1,1,1,1,1
0.8813633,1,1,1,1,1,1,1,1,1
0.8927572,1,1,1,1,1,1,1,1,1
0.9039474,1,1,1,1,1,1,1,1,1
0.9149216,1,1,1,1,1,1,1,1,1
0.9256732,1,1,1,1,1,1,1,1,1
0.936187,1,1,1,1,1,1,1,1,1
0.9464585,1,1,1,1,1,1,1,1,1
0.9564788,1,1,1,1,1,1,1,1,1
1,1,1,1,1,1,1,1,1,1
1,1,1,1,1,1,1,1,1,1
1,1,1,1,1,1,1,1,1,1
1,1,1,1,1,1,1,1,1,1
1,1,1,1,1,1,1,1,1,1
1,1,1,1,1,1,1,1,1,1
1,1,1,1,1,1,1,1,1,1
1,1,1,1,1,1,1,1,1,1
1,1,1,1,1,1,1,1,1,1
1,1,1,1,1,1,1,1,1,1
1,1,1,1,1,1,1,1,1,1
1,1,1,1,1,1,1,1,1,1
1,1,1,1,1,1,1,1,1,1
1,1,1,1,1,1,1,1,1,1
1,1,1,1,1,1,1,1,1,1
1,1,1,1,1,1,1,1,1,1
1,1,1,1,1,1,1,1,1,1
1,1,1,1,1,1,1,1,1,1
1,1,1,1,1,1,1,1,1,1
1,1,1,1,1,1,1,1,1,1
1,1,1,1,1,1,1,1,1,1
1,1,1,1,1,1,1,1,1,1
1,1,1,1,1,1,1,1,1,1
1,1,1,1,1,1,1,1,1,1
1,1,1,1,1,1,1,1,1,1
1,1,1,1,1,1,1,1,1,1
1,1,1,1,1,1,1,1,1,1
1,1,1,1,1,1,0.986035,1,1,1
1,1,1,1,1,1,0.9691859,1,1,1
1,1,1,1,1,1,0.9514073,1,1,1
1,1,1,1,1,1,0.932697,1,1,1
1,1,1,1,1,1,0.9130778,1,1,1
1,1,1,1,1,1,0.8925737,1,1,1
1,1,1,1,1,1,0.8723655,1,1,0
1,1,1,1,1,1,0.868444,1,1,0
1,1,1,1,1,1,0.8646342,1,1,0
1,1,1,1,1,1,0.8609346,1,1,0
1,1,1,1,1,1,0.8573436,1,1,0
1,1,1,1,1,1,0.8538635,1,1,0
1,1,1,1,1,1,0.8504966,1,1,0
1,1,1,1,1,1,0.8472374,1,1,0
1,1,1,1,1,1,0.8440884,1,1,0
1,1,1,1,1,1,0.8410481,1,1,0
1,1,1,1,1,1,0.8381189,1,1,0
1,1,1,1,1,1,0.8352989,1,1,0
1,1,1,1,1,1,0.8325874,1,1,0
1,1,1,1,1,1,0.8299828,1,1,0
1,1,1,1,1,1,0.8274872,1,1,0
1,1,1,1,1,1,0.8250958,1,1,0
1,1,1,1,1,1,0.8228108,1,1,0
1,1,1,1,1,1,0.8206347,1,0.9951862,0
1,1,1,1,1,1,0.8186859,1,0.9890625,0
1,1,1,1,1,1,0.8170056,1,0.9829919,0
1,1,1,1,1,1,0.8155969,1,0.9769858,0
1,1,1,1,1,1,0.8144628,1,0.9710552,0
1,1,1,1,1,1,0.8136026,1,0.9652078,0
1,1,1,1,1,1,0.8130195,1,0.9594539,0
1,1,1,1,1,1,0.8127166,0.9763155,1,0
1,1,1,1,1,1,0.8120319,0.917037,1,0
1,1,1,1,1,1,0.8131596,0.8533861,1,0
1,1,1,1,1,1,0.8163009,0.7870805,1,0
1,1,1,1,1,1,0.8216541,0.7200083,1,0
1,1,1,1,1,1,0.8294066,0.6539559,1,0
1,1,1,1,1,1,1,0.6361113,1,0
1,1,1,1,1,1,1,0.6358072,1,0
1,1,1,1,1,1,1,0.6357606,1,0
1,1,1,1,1,1,1,0.6359733,1,0
1,1,1,1,1,1,1,0.6364404,1,0
1,1,1,1,1,1,1,0.6371602,1,0
1,1,1,1,1,1,1,0.6381305,1,0
1,1,1,1,1,1,1,0.6393461,1,0
1,1,1,1,1,1,1,0.6408082,1,0
1,1,1,1,1,1,1,0.642511,1,0
1,1,1,1,1,1,1,0.6444521,1,0
1,1,1,1,1,1,1,0.6466256,1,0
1,1,1,1,1,1,1,0.6490287,1,0
1,1,1,1,1,1,1,0.6516551,0.8751669,0
1,1,1,1,1,1,1,0.6565752,0.6168346,0
1,1,1,1,1,1,1,0.6633086,0.5674523,0
1,1,1,1,1,1,1,0.6707619,0.5677896,0
1,1,1,1,1,1,1,0.6789708,0.5685889,0
1,1,1,1,1,1,1,0.6879741,0.569855,0
1,1,1,1,1,1,1,1,0.5715969,0
1,1,1,1,1,1,1,1,0.5733467,0
1,1,1,1,1,1,1,1,0.575451,0
1,1,1,1,1,1,1,1,0.5779018,0
1,1,1,1,1,1,1,1,0.5806975,0
1,1,1,1,1,1,1,1,0.5838357,0
1,1,1,1,1,1,1,1,0.5873078,0
1,1,1,1,1,1,1,1,0.5911109,0
1,1,1,1,1,1,1,1,0.595239,0
1,1,1,1,1,1,1,1,0.5996886,0
1,1,1,1,1,1,1,1,0.60445,0
1,1,1,1,1,1,1,1,0.6095157,0
1,1,1,0.9907328,1,1,1,1,0.6148781,0
1,1,1,0.9765059,1,1,1,1,0.6204964,0
1,1,1,0.9709017,1,1,1,1,1,1
1,1,1,0.9602903,1,1,1,1,1,1
1,1,1,0.9496317,1,1,1,1,1,1
1,1,1,0.938928,1,1,1,1,1,1
1,1,1,0.928178,1,1,1,1,1,1
1,1,1,0.9173869,1,1,1,1,1,1
1,1,1,0.9065542,1,1,1,1,1,1
1,1,1,0.895682,1,1,1,1,1,1
1,1,1,0.8847762,1,1,1,1,1,1
1,1,1,0.8788872,1,1,1,1,1,1
1,1,1,0.8783057,1,1,1,1,1,1
1,1,1,0.8777679,1,1,1,1,1,1
1,1,1,0.8772726,1,1,1,1,1,1
1,1,1,0.8768285,1,1,1,1,1,1
1,1,1,0.8764246,1,1,1,1,1,1
1,1,1,0.87606,1,1,1,1,1,1
1,1,1,0.8757434,1,1,1,1,1,1
1,1,1,0.8754641,1,1,1,1,1,1
1,1,1,0.8752211,1,1,1,1,1,1
1,1,1,0.8750237,1,1,1,1,1,1
1,1,1,0.8748609,1,1,1,1,1,1
1,1,1,0.8747318,1,1,1,1,1,1
1,1,1,0.8746461,1,1,1,1,1,1
1,1,1,0.8745924,1,0.9961156,1,1,1,1
1,1,1,0.8745536,0.9945318,0.9862606,1,1,1,1
1,1,1,1,0.9843149,0.9764042,1,1,1,1
1,1,1,1,0.9743079,0.9664856,1,1,1,1
1,1,0.7687191,1,0.964296,0.9565684,1,1,1,2
1,1,0.7543694,1,0.9536195,0.9468645,1,1,1,2
1,1,0.7399927,1,0.9429439,0.9371915,1,1,1,2
1,1,0.7256048,1,0.9322737,0.9275484,1,1,1,2
1,1,0.7112271,1,0.9216181,0.9179406,1,1,1,2
1,1,0.6968773,1,0.9109834,0.9083695,1,1,1,2
1,1,0.6825715,1,0.9003755,0.8988363,1,1,1,2
1,1,0.6683251,0.9181699,0.8897991,0.8893412,1,1,1,2
1,1,0.6538129,0.9059302,0.8791901,0.879954,1,1,1,2
1,1,0.6393797,0.8937371,0.8686286,0.8706228,1,1,1,2
1,1,0.6250444,0.8816045,0.8581198,0.8613465,1,1,1,2
1,1,0.6108271,0.8695464,0.8476716,0.8521264,1,1,1,2
1,1,0.5967384,0.8575698,0.8372836,0.8429561,1,1,1,2
1,1,0.5827934,0.8456854,0.8269609,0.8338345,1,1,1,2
1,1,0.5690014,0.8338994,0.8167039,0.8247566,1,1,1,2
1,1,0.5655891,0.8222159,0.8065117,0.8157166,1,1,1,2
1,1,0.575226,0.8106702,0.7963877,0.806686,1,1,1,2
1,1,0.5848564,0.799287,0.7863231,0.7976215,1,1,1,2
1,1,0.5944261,0.788054,0.7763098,0.7885174,1,1,1,2
1,1,0.6039031,0.7769569,0.7663377,0.7793661,1,1,1,2
1,1,0.6132425,0.7659851,0.7564006,0.7701648,1,1,1,2
1,1,0.6224007,0.7551233,0.7464876,0.7609054,1,1,1,2
1,1,0.631344,0.74436,0.7365915,0.7515842,1,1,1,2
1,1,1,0.733688,0.7267095,0.7422014,1,1,1,1
1,1,1,0.7236978,0.7166861,0.7318319,0.9975836,1,1,1
1,1,1,0.7137111,0.706663,0.7214594,0.9858502,1,1,1
1,1,1,0.7037453,0.6966366,0.7110592,0.9740202,1,1,1
1,1,1,0.693796,0.6866051,0.7006316,0.9631936,1,1,1
1,1,1,0.6838626,0.6765727,0.6901863,0.9658946,1,1,1
1,0.5412694,1,0.6739179,0.6665444,0.6797612,0.9684933,1,1,2
1,0.5186273,1,0.6625749,0.6568083,0.6713642,0.9432735,1,1,2
1,0.4969848,1,0.6514294,0.6471615,0.662962,0.9277978,1,1,2
1,0.4761914,1,0.6404523,0.6375927,0.6545585,0.9224116,1,1,2
1,0.4561141,0.6700474,0.6296219,0.6280987,0.6461691,0.9169695,1,1,2
1,0.4345922,0.655417,0.6186677,0.6189366,0.6386184,0.9140212,1,1,2
1,0.4141161,0.6412706,0.6079471,0.609892,0.631086,0.9109738,1,1,2
1,0.3946144,0.6275847,0.5974395,0.6009408,0.6235412,0.9077584,1,1,2
1,0.3863083,0.6143289,0.5871202,0.5920568,0.6159512,0.9043065,1,1,2
1,0.3943565,0.6015227,0.5769685,0.5831889,1,0.9003813,1,1,2
1,0.4047375,0.58834,0.566932,0.574772,1,0.8988727,1,1,2
1,0.415162,0.5757043,0.5570861,0.566349,1,0.896681,1,1,2
1,0.4255494,0.5635378,0.5473847,0.5578853,1,0.893755,1,1,2
1,0.4358304,0.5517706,0.5377869,0.5493507,1,0.8900539,1,1,2
0.4735862,0.445938,0.5403458,0.5282615,0.5407247,1,0.8855538,1,1,2
0.4352716,0.65422,0.5280851,0.5191467,0.5333866,1,0.8878072,1,1,2
0.4000582,0.6781475,0.5162093,0.5102867,0.5262617,0.9654109,0.8906016,1,1,2
0.3675869,0.8549954,0.5047022,0.5016737,0.5193458,0.9177739,0.8939666,1,1,2
0.3396984,0.8827111,0.4938097,0.4930373,0.5119826,0.8809316,0.8946345,1,1,2
0.3395699,0.9097387,0.4832636,0.4844242,0.5044324,0.8493255,0.8940955,1,1,2
0.3462156,0.9344301,0.4730418,0.4757289,0.4965153,0.823373,0.8915273,1,1,2
0.3525148,0.5359095,0.4630695,0.4669048,1,0.802188,0.8868262,1,1,2
0.3620015,0.518679,0.4528089,0.4590885,1,0.7665872,1,1,1,2
0.3721808,0.5021604,0.4428537,0.4514882,1,0.7333851,1,1,1,2
0.3830963,0.4863175,0.4331961,0.4441021,1,0.7227631,1,1,1,2
0.3943352,0.4714259,0.4238323,0.4367717,1,0.7211486,1,1,1,2
0.4056188,0.4574972,0.414709,0.4293835,0.8821316,0.7188569,1,1,1,2
0.565612,0.444787,0.4057461,0.4216413,0.8472196,0.7147468,1,1,1,2
0.574721,0.4336733,0.3968152,0.4130924,0.8258511,0.707054,1,1,1,2
0.5832835,0.422932,0.3879088,0.4043828,0.8072893,0.6986084,1,1,1,1
0.5913154,0.4124948,0.3790142,0.3955255,0.7910441,0.6894868,1,1,1,1
0.5988427,0.4023045,0.3701217,0.3865348,0.7767216,0.6797656,1,1,1,1
0.605898,0.3923123,0.3612243,0.3774244,0.7640001,0.6695188,1,1,1,1
0.6125082,0.3824835,0.3523222,1,0.7526311,0.6588241,1,1,1,2
0.7368952,0.371609,0.3435482,1,0.731166,0.6516125,1,1,1,1
0.7452101,0.3615737,0.334725,1,0.7170174,0.6419137,1,1,1,1
0.7529914,0.3517017,0.3258976,1,0.7041652,0.6317584,1,1,1,1
0.4658388,0.3419638,0.3170635,1,0.692418,0.6212024,1,1,1,2
0.4482484,0.3311755,0.3084161,1,0.6700095,0.6147001,1,1,1,2
0.431491,0.3206492,0.2998132,1,0.6492727,0.6078005,1,1,1,2
0.4154697,0.3103556,0.2912452,1,0.6299954,0.6005042,1,1,1,2
0.4000935,0.3002649,0.282701,1,0.6119941,0.5928136,1,1,1,2
0.3852891,0.2903561,0.2741769,1,0.5951155,0.5847436,1,1,1,2
0.3709871,0.2806073,0.2656674,1,0.5792216,0.5763084,1,1,1,2
0.357121,0.2709957,0.257165,1,0.5641863,0.5675216,1,1,1,2
0.3436394,0.2615065,0.2486691,1,0.5499056,0.5584068,1,1,1,1
0.3304924,0.2521237,0.2401766,1,0.5362888,0.5489851,1,1,1,1
0.3176354,0.2428325,0.2316851,1,0.5232512,0.5392789,1,1,1,1
0.3050278,0.2336197,0.2231924,1,0.5107243,0.5293102,1,1,1,1
0.2926336,0.2244731,0.2146966,1,0.4986426,0.5191019,1,1,1,1
0.2804243,0.2153849,1,1,0.4869486,0.5086797,1,1,1,2
0.2674073,0.2061018,1,1,0.4725156,0.4998912,1,1,1,2
0.2547081,0.1969241,1,0.6439276,0.4586938,0.4908046,1,1,1,1
0.243513,0.188143,1,0.6316084,0.4494956,0.4788702,1,1,1,1
0.2323252,0.1793576,1,0.6195533,0.4404259,0.466864,1,1,1,1
0.2211367,0.1705679,1,0.6077024,0.4314566,0.4548098,1,1,1,1
0.2099328,0.1617679,1,0.5960041,0.422563,0.4427203,1,1,1,1
0.1987047,0.1529554,1,0.5844209,0.4137296,0.43061,1,1,1,1
0.1874447,0.1441281,1,0.5729128,0.4049376,0.4184917,1,1,1,1
0.1761465,0.1352844,1,0.5614449,0.3961707,0.4063755,1,1,1,1
0.1648004,0.1264196,1,0.5499954,0.3874208,0.3942662,1,1,1,1
0.1534063,0.117954,1,0.5385301,0.3786702,0.382175,0.5194789,1,1,0
0.1441568,0.1269296,1,0.5509819,0.3806748,0.3646078,0.4898799,1,1,0
0.1343009,0.1350893,1,1,0.3823495,0.3479983,0.4627569,1,1,0
0.1230981,0.1450838,1,1,0.3792465,0.3339,0.4414654,1,1,0
0.111583,0.1544191,1,1,0.3761181,0.3200534,0.4208316,1,1,0
0.09974377,0.1631939,1,1,0.3729169,0.3064516,0.4008302,1,1,0
0.08934911,0.1714794,1,1,0.3696121,0.2930882,0.3814342,1,1,0
0.09467858,0.1793149,1,1,0.3662172,0.2799385,0.3625818,1,1,0
0.0998012,0.1865419,1,1,0.3630753,0.271736,0.3440264,1,1,0
0.1047383,0.1932734,1,1,0.3600539,0.2677937,0.325852,1,1,0
0.109505,0.1995965,1,1,0.3570553,0.2638752,0.3080974,1,1,0
0.1141174,0.2055641,1,1,0.3540509,0.259963,0.2907473,1,1,0
0.1185787,0.2112015,1,1,0.3510366,0.2560576,0.27378,1,1,0
0.1228997,0.2165449,1,1,0.3479955,0.2521499,0.2571731,1,1,0
0.1270863,0.2216188,1,1,0.3449202,0.2482372,0.2409088,1,1,0
0.1311478,0.2264515,1,1,0.3417973,0.2443126,0.2249647,1,1,0
0.1350888,0.2310611,1,1,0.3386227,0.2403756,0.2093237,1,1,0
0.1389176,0.23547,1,1,0.3353854,0.2364205,0.193965,1,1,0
0.1426379,0.2396911,1,1,0.3320838,0.2324485,0.1788686,1,1,0
0.1462567,0.2437425,1,1,0.3287089,0.228455,0.1640201,0.3491705,1,0
0.1482083,0.241639,1,1,0.3378331,0.2299765,0.1620543,0.3021274,1,0
0.1499301,0.2394038,1,1,0.3488709,0.232134,0.1609787,0.2600681,1,0
0.1514349,0.2370504,1,1,1,0.2350023,0.1602214,0.2222045,1,0
0.1527306,0.2345852,1,1,1,0.2386778,0.1598066,0.1878991,1,0
0.1539171,0.2323292,1,1,1,0.242782,0.1595732,0.1569496,1,0
0.1550304,0.2303544,1,1,1,0.2471448,0.1594504,0.1288125,1,0
0.1560801,0.2286344,1,1,1,0.251718,0.1594149,0.1099844,1,0
0.1570938,0.2272169,1,1,1,0.2562932,0.1593917,0.1085745,1,0
0.1581232,0.2262259,1,1,1,0.2604246,0.1592323,0.1072165,1,0
0.1591576,0.2255718,1,1,1,0.2641043,0.1589436,0.1059028,0.2184065,0
0.1593775,0.2224958,1,1,1,1,0.160961,0.1053398,0.09095343,0
0.1594372,0.2193508,1,1,1,1,0.1635605,0.105054,0.0897651,0
0.1593416,0.2161397,1,1,1,1,0.1668011,0.1050553,0.08881979,0
0.1590953,0.2128648,1,1,1,1,0.1707516,0.1053549,0.0881182,0
0.158702,0.2095281,1,1,1,1,0.1754925,0.1059653,0.08766164,0
0.1581619,0.2061268,1,1,1,1,0.1811248,0.1069044,0.08745521,0
0.1574811,0.2026661,1,1,1,1,0.1877546,0.1081844,0.08749847,0
0.1566588,0.1991427,1,1,1,1,0.1955224,0.1098269,0.08779792,0
0.1557001,0.1955609,1,1,1,1,1,0.111848,0.08835454,0
0.1553779,0.194609,1,1,1,1,1,0.1124811,0.08860025,0
0.1550285,0.1936726,1,1,1,1,1,0.1131441,0.08888641,0
0.1546533,0.1927502,1,1,1,1,1,0.1138345,0.08921002,1
0.154257,0.1918444,1,1,1,1,1,0.1145453,0.08956487,1
0.1538382,0.1909504,1,1,1,1,1,0.1152776,0.08995118,1
0.153402,0.1900717,1,1,1,1,1,0.1160245,0.09036277,1
0.1529471,0.1892041,1,1,1,1,1,0.1167871,0.09079985,1
0.1524787,0.2452957,1,1,1,1,1,0.1175581,0.09125625,0
0.1519125,0.2439717,1,1,1,1,1,1,0.09180512,2
0.1524563,0.2477753,1,1,1,1,1,0.7652344,0.09143803,2
0.1529909,0.2507803,1,1,1,1,1,0.7554529,0.09110232,2
0.153659,0.2538546,1,1,1,1,1,0.7466019,0.09067448,2
0.1544475,0.2569827,1,1,1,1,1,0.7385615,0.09015875,2
0.1553443,0.2601495,1,1,1,1,1,0.7312307,0.08955983,2
0.2034674,1,1,1,1,1,1,0.724525,0.5890484,2
0.2043767,1,1,1,1,1,1,0.7206785,0.5877848,2
0.2053313,1,1,1,1,1,1,0.7170031,0.5865296,2
0.2063277,1,1,1,1,1,1,0.713488,0.5852812,2
0.2073622,1,1,1,1,1,1,1,0.5840381,2
0.2092519,1,1,1,1,1,1,1,0.5816242,2
0.2113211,1,1,1,1,1,1,0.6938538,0.57924,1
0.2125971,1,1,1,1,1,1,0.9916855,0.577962,2
0.214853,1,1,1,1,1,1,0.9815859,0.5756379,2
1,1,1,1,1,1,1,0.9721447,0.5733576,0
1,1,1,1,1,1,1,0.9829812,0.5739062,0
1,1,1,1,1,1,1,0.9943444,0.5747978,0
1,1,1,1,1,1,1,0.9053394,0.5760119,0
1,1,1,1,1,1,1,0.8641135,0.5779876,0
1,1,1,1,1,1,1,0.8250836,0.5804881,0
1,1,1,1,1,1,1,0.7884063,0.5834844,0
1,1,1,1,1,1,1,0.7927322,0.5869901,0
1,1,1,1,1,1,1,0.808035,0.5910171,0
1,1,1,1,1,1,1,0.8245741,0.5955757,0
1,1,1,1,1,1,1,0.8424428,0.6006844,0
1,1,1,1,1,1,1,1,0.6062437,0
1,1,1,1,1,1,1,1,0.6110869,0
1,1,1,1,1,1,1,1,0.6162265,0
1,1,1,1,1,1,1,1,0.8913883,1
1,1,1,1,1,1,1,1,0.8946104,1
1,1,1,1,1,1,1,1,0.8978516,1
1,1,1,1,1,1,1,1,0.9011098,1
1,1,1,1,1,1,1,1,0.9043798,1
1,1,1,1,1,1,1,1,0.9076603,1
1,1,1,1,1,1,1,1,0.9109461,1
1,1,1,1,1,1,1,1,0.9142355,1
1,1,1,1,1,1,1,1,0.8170196,0
1,1,1,1,1,1,1,1,0.7820513,0
1,1,1,1,1,1,1,1,0.7461542,0
1,1,1,1,1,1,1,1,0.7096552,0
1,1,1,1,1,1,1,1,0.7032195,0
1,1,1,1,1,1,1,1,0.7097244,0
1,1,1,1,1,1,1,1,0.7163932,0
1,1,1,1,1,1,1,1,0.7232193,0
1,1,1,1,1,1,1,1,0.7301887,0
1,1,1,1,1,1,1,1,0.7372906,0
1,1,1,1,1,1,1,1,0.7445144,0
1,1,1,1,1,1,1,1,1,1
1,1,1,1,1,1,1,1,1,1
1,1,1,1,1,1,1,1,1,1
1,1,1,1,1,1,1,1,1,1
1,1,1,1,1,1,1,1,1,1
1,1,1,1,1,1,1,1,1,1
1,1,1,1,1,1,1,1,1,1
1,1,1,1,1,1,1,1,1,1
1,1,1,1,1,1,1,1,1,1
1,1,1,1,1,1,1,1,1,1
1,1,1,1,1,1,1,1,1,1
1,1,1,1,1,1,1,1,1,1
1,1,1,1,1,1,1,1,1,1
1,1,1,1,1,1,1,1,1,1
1,1,1,1,1,1,1,1,1,1
1,1,1,1,1,1,1,1,1,1
1,1,1,1,1,1,1,1,1,1
1,1,1,1,1,1,1,1,1,1
1,1,1,1,1,1,1,1,1,1
1,1,1,1,1,1,1,1,1,1
1,1,1,1,1,1,1,1,1,1
1,1,1,1,1,1,1,1,1,1
1,1,1,1,1,1,1,1,1,1
1,1,1,1,1,1,1,1,1,1
1,1,1,1,1,1,1,1,1,1
1,1,1,1,1,1,1,1,1,1
1,1,1,1,1,1,1,1,1,1
1,1,1,1,1,1,1,1,1,1
1,1,1,1,1,1,1,1,1,1
1,1,1,1,1,1,1,1,1,1
1,1,1,1,1,1,1,1,1,1
1,1,1,1,1,1,1,1,1,1
1,1,1,1,1,1,1,1,1,1
1,1,1,1,1,1,1,1,1,1
1,1,1,1,1,1,1,1,1,1
1,1,1,1,1,1,1,1,1,1
1,1,1,1,1,1,1,1,1,1
1,1,1,1,1,1,1,1,1,1
1,1,1,1,1,1,1,1,1,1
1,1,1,1,1,1,1,1,1,1
1,1,1,1,1,1,1,1,1,1
1,1,1,1,1,1,1,1,1,1
1,1,1,1,1,1,1,1,1,1
1,1,1,1,1,1,1,1,1,1
1,1,1,1,1,1,1,1,1,1
1,1,1,1,1,1,1,1,1,1
1,1,1,1,1,1,1,1,1,1
1,1,1,1,1,1,1,1,1,1
1,1,1,1,1,1,1,1,1,1
1,1,1,1,1,1,1,1,1,1
1,1,1,1,1,1,1,1,1,1
1,1,1,1,1,1,1,1,1,1
1,1,1,1,1,1,1,1,1,1
1,1,1,1,1,1,1,1,1,1
1,1,1,1,1,1,1,1,1,1
1,1,1,1,1,1,1,1,1,1
1,1,1,1,1,1,1,1,1,1
1,1,1,1,1,1,1,1,1,1
1,1,1,1,1,1,1,1,1,1
1,1,1,1,1,1,1,1,1,1
1,1,1,1,1,1,1,1,1,1
1,1,1,1,1,1,1,1,1,1
1,1,1,1,1,1,1,1,1,1
1,1,1,1,1,1,1,1,1,1
1,1,1,1,1,1,1,1,1,1
1,1,1,1,1,1,1,1,1,1
1,1,1,1,1,1,1,1,1,1
1,1,1,1,1,1,1,1,1,1
1,1,1,1,1,1,1,1,1,1
1,1,1,1,1,1,1,1,1,1
1,1,1,1,1,1,1,1,1,1
1,1,1,1,1,1,1,1,1,1
1,1,1,1,1,1,1,1,1,1
1,1,1,1,1,1,1,1,1,1
1,1,1,1,1,1,1,1,1,1
1,1,1,1,1,1,1,1,1,1
1,1,1,1,1,1,1,1,1,1
1,1,1,1,1,1,1,1,1,1
1,1,1,1,1,1,1,1,1,1
1,1,1,1,1,1,1,1,1,1
1,1,1,1,1,1,1,1,1,1
1,1,1,1,1,1,1,1,1,1
1,1,1,1,1,1,1,1,1,1
1,1,1,1,1,1,1,1,1,1
1,1,1,1,1,1,1,1,1,1
1,1,1,1,1,1,1,1,1,1
1,1,1,1,1,1,1,1,1,1
1,1,1,1,1,1,1,1,1,1
1,1,1,1,1,1,1,1,1,1
1,1,1,1,1,1,1,1,1,1
1,1,1,1,1,1,1,1,1,1
1,1,1,1,1,1,1,1,1,1
1,1,1,1,1,1,1,1,1,1
1,1,1,1,1,1,1,1,1,1
1,1,1,1,1,1,1,1,1,1
1,1,1,1,1,1,1,1,1,1
1,1,1,1,1,1,1,1,1,1
1,1,1,1,1,1,1,1,1,1
1,1,1,1,1,1,1,1,1,1
1,1,1,1,1,1,1,1,1,1
1,1,1,1,1,1,1,1,1,1
1,1,1,1,1,1,1,1,1,1
1,1,1,1,1,1,1,1,1,1
1,1,1,1,1,1,1,1,1,1
1,1,1,1,1,1,1,1,1,1
1,1,1,1,1,1,1,1,1,1
1,1,1,1,1,1,1,1,1,1
1,1,1,1,1,1,1,1,1,1
1,1,1,1,1,1,1,1,1,1
1,1,1,1,1,1,1,1,1,1
1,1,1,1,1,1,1,1,1,1
1,1,1,1,1,1,1,1,1,1
1,1,1,1,1,1,1,1,1,1
1,1,1,1,1,1,1,1,1,1
1,1,1,1,1,1,1,1,1,1
1,1,1,1,1,1,1,1,1,1
1,1,1,1,1,1,1,1,1,1
1,1,1,1,1,1,1,1,1,1
1,1,1,1,1,1,1,1,1,1
1,1,1,1,1,1,1,1,1,1
1,1,1,1,1,1,1,1,1,1
1,1,1,1,1,1,1,1,1,1
1,1,1,1,1,1,1,1,1,1
1,1,1,1,1,1,1,1,1,1
1,1,1,1,1,1,1,1,1,1
1,1,1,1,1,1,1,1,1,1
1,1,1,1,1,1,1,1,1,1
1,1,1,1,1,1,1,1,1,1
1,1,1,1,1,1,1,1,1,1
1,1,1,1,1,1,1,1,1,1
1,1,1,1,1,1,1,1,1,1
1,1,1,1,1,1,1,1,1,1
1,1,1,1,1,1,1,1,1,1
1,1,1,1,1,1,1,1,1,1
1,1,1,1,1,1,1,1,1,1
1,1,1,1,1,1,1,1,1,1
1,1,1,1,1,1,1,1,1,1
1,1,1,1,1,1,1,1,1,1
1,1,1,1,1,1,1,1,1,1
1,1,1,1,1,1,1,1,1,1
1,1,1,1,1,1,1,1,1,1
1,1,1,1,1,1,1,1,1,1
1,1,1,1,1,1,1,1,1,1
1,1,1,1,1,1,1,1,1,1
1,1,1,1,1,1,1,1,1,1
1,1,1,1,1,1,1,1,1,1
1,1,1,1,1,1,1,1,1,1
1,1,1,1,1,1,1,1,1,1
1,1,1,1,1,1,1,1,1,1
1,1,1,1,1,1,1,1,1,1
1,1,1,1,1,1,1,1,1,1
1,1,1,1,1,1,1,1,1,1
1,1,1,1,1,1,1,1,1,1
1,1,1,1,1,1,1,1,1,1
1,1,1,1,1,1,1,1,1,1
1,1,1,1,1,1,1,1,1,1
1,1,1,1,1,1,1,1,1,1
1,1,1,1,1,1,1,1,1,1
1,1,1,1,1,1,1,1,1,1
1,1,1,1,1,1,1,1,1,1
1,1,1,1,1,1,1,1,1,1
1,1,1,1,1,1,1,1,1,1
1,1,1,1,1,1,1,1,1,1
1,1,1,1,1,1,1,1,1,1
1,1,1,1,1,1,1,1,1,1
1,1,1,1,1,1,1,1,1,1
1,1,1,1,1,1,1,1,1,1
1,1,1,1,1,1,1,1,1,1
1,1,1,1,1,1,1,1,1,1
1,1,1,1,1,1,1,1,1,1
1,1,1,1,1,1,1,1,1,1
1,1,1,1,1,1,1,1,1,1
1,1,1,1,1,1,1,1,1,1
1,1,1,1,1,1,1,1,1,1
1,1,1,1,1,1,1,1,1,1
1,1,1,1,1,1,1,1,1,1
1,1,1,1,1,1,1,1,1,1
1,1,1,1,1,1,1,1,1,1
1,1,1,1,1,1,1,1,1,1
1,1,1,1,1,1,1,1,1,1
1,1,1,1,1,1,1,1,1,1
1,1,1,1,1,1,1,1,1,1
1,1,1,1,1,1,1,1,1,1
1,1,1,1,1,1,1,1,1,1
1,1,1,1,1,1,1,1,1,1
1,1,1,1,1,1,1,1,1,1
1,1,1,1,1,1,1,1,1,1
1,1,1,1,1,1,1,1,1,1
1,1,1,1,1,1,1,1,1,1
1,1,1,1,1,1,1,1,1,1
1,1,1,1,1,1,1,1,1,1
1,1,1,1,1,1,1,1,1,1
1,1,1,1,1,1,1,1,1,1
1,1,1,1,1,1,1,1,1,1
1,1,1,1,1,1,1,1,1,1
1,1,1,1,1,1,1,1,1,1
1,1,1,1,1,1,1,1,1,1
1,1,1,1,1,1,1,1,1,1
1,1,1,1,1,1,1,1,1,1
1,1,1,1,1,1,1,1,1,1
1,1,1,1,1,1,1,1,1,1
1,1,1,1,1,1,1,1,1,1
1,1,1,1,1,1,1,1,1,1
1,1,1,1,1,1,1,1,1,1
1,1,1,1,1,1,1,1,1,1
1,1,1,1,1,1,1,1,1,1
1,1,1,1,1,1,1,1,1,1
1,1,1,1,1,1,1,1,1,1
1,1,1,1,1,1,1,1,1,1
1,1,1,1,1,1,1,1,1,1
1,1,1,1,1,1,1,1,1,1
1,1,1,1,1,1,1,1,1,1
1,1,1,1,1,1,1,1,1,1
1,1,1,1,1,1,1,1,1,1
1,1,1,1,1,1,1,1,1,1
1,1,1,1,1,1,1,1,1,1
1,1,1,1,1,1,1,1,1,1
1,1,1,1,1,1,1,1,1,1
1,1,1,1,1,1,1,1,1,1
1,1,1,1,1,1,1,1,1,1
1,1,1,1,1,1,1,1,1,1
1,1,1,1,1,1,1,1,1,1
1,1,1,1,1,1,1,1,1,1
1,1,1,1,1,1,1,1,1,1
1,1,1,1,1,1,1,1,1,1
1,1,1,1,1,1,1,1,1,1
1,1,1,1,1,1,1,1,1,1
1,1,1,1,1,1,1,1,1,1
1,1,1,1,1,1,1,1,1,1
1,1,1,1,1,1,1,1,1,1
1,1,1,1,1,1,1,1,1,1
1,1,1,1,1,1,1,1,1,1
1,1,1,1,1,1,1,1,1,1
1,0.9915875,1,1,1,1,1,1,1,1
1,0.9911067,1,1,1,1,1,1,1,1
1,0.9913521,1,1,1,1,1,1,1,1
1,0.9915951,1,1,1,1,1,1,1,1
1,0.9918358,1,1,1,1,1,1,1,1
1,0.9920701,1,1,1,1,1,1,1,1
1,0.9923023,1,1,1,1,1,1,1,1
1,0.9925324,1,1,1,1,1,1,1,1
1,0.9927604,1,1,1,1,1,1,1,1
1,0.9929864,1,1,1,1,1,1,1,1
1,0.9932065,1,1,1,1,1,1,1,1
1,0.9934248,1,1,1,1,1,1,1,1
1,0.9936411,1,1,1,1,1,1,1,1
1,0.9938518,1,1,1,1,1,1,1,1
1,0.994061,1,1,1,1,1,1,1,1
1,1,1,1,1,1,1,1,1,1
1,1,1,1,1,1,1,1,0.9643835,1
1,1,1,1,1,1,1,1,0.9201962,1
1,1,1,1,1,1,1,1,0.8862238,0
1,1,1,1,1,1,1,1,0.8873923,0
1,1,1,1,1,1,1,1,0.8886169,0
1,1,1,1,1,1,1,1,0.8898937,0
1,1,1,1,1,1,1,1,0.8912246,0
1,1,1,1,1,1,1,1,0.8926054,0
1,1,1,1,1,1,1,1,0.8940352,0
1,1,1,1,1,1,1,1,0.8955131,0
1,1,1,1,1,1,1,1,0.8970378,1
1,1,1,1,1,1,1,1,0.8986052,1
1,1,1,1,1,1,1,1,0.9002174,1
1,1,1,1,1,1,1,1,0.9018701,1
1,1,1,1,1,1,1,1,0.9035622,1
1,1,1,1,1,1,1,1,0.9052895,1
1,1,1,1,1,1,1,1,0.9070509,1
1,1,1,1,1,1,1,1,0.9088485,1
1,1,1,1,1,1,1,1,0.9106749,1
1,1,1,1,1,1,1,1,0.9125324,1
1,1,1,1,1,1,1,0.9984173,0.9144165,1
1,1,1,1,1,1,1,0.9806833,0.9163448,1
1,1,1,1,1,1,1,0.9626504,0.9184753,0
1,1,1,1,1,1,1,0.9443544,0.9208198,0
1,1,1,1,1,1,1,0.9258374,0.9233905,0
1,1,1,1,1,1,1,0.9071347,0.9261961,0
1,1,1,1,1,1,1,0.8882909,0.9292454,0
1,1,1,1,1,1,1,0.8693465,0.9325503,0
1,1,1,1,1,1,1,0.8503428,0.9361188,0
1,1,1,1,1,1,1,0.8313235,0.9399589,0
1,1,1,1,1,1,1,0.8123277,0.9440781,0
1,1,1,1,1,1,1,0.7933929,0.9484863,0
1,1,1,1,1,1,1,0.7745579,1,0
1,1,1,1,1,1,1,0.7570528,1,0
1,1,1,1,1,1,1,0.7394989,1,0
1,1,1,1,1,1,1,0.7226765,1,0
1,1,1,1,1,1,1,0.7317631,1,0
1,1,1,1,1,1,1,0.7408876,1,0
1,1,1,1,1,1,1,0.750037,1,0
1,1,1,1,1,1,1,0.7592033,1,0
1,1,1,1,1,1,1,0.7683685,1,0
1,1,1,1,1,1,1,0.7775247,1,0
1,1,1,1,1,1,1,0.7866547,1,0
1,1,1,1,1,1,1,0.7957505,1,0
1,1,1,1,1,1,1,0.8048002,0.9904153,0
0.8582677,1,1,1,1,1,1,0.8028536,0.9596921,1
0.7127753,1,1,1,1,1,1,0.790327,0.9379622,2
0.7106887,1,1,1,1,1,1,0.7807341,0.9249164,1
0.7086309,1,1,1,1,1,1,0.7706788,0.91046,1
0.7065886,1,1,1,1,1,1,0.7601328,0.8945066,1
0.7045456,1,1,1,1,1,1,0.749067,0.8769806,1
0.7024868,1,1,1,1,1,1,0.7374609,0.8578337,1
0.7003986,1,1,1,1,1,1,0.7253,0.8370463,1
0.6982688,1,1,1,1,1,1,0.7125782,0.8146335,1
0.6960883,1,1,1,1,1,1,0.7071359,0.7906407,1
0.6938562,1,1,1,1,1,1,0.713029,0.765459,1
0.6915764,1,1,1,1,1,1,0.7196378,0.7396166,1
0.6892506,1,1,1,1,1,1,0.7269912,0.7132429,0
0.6868753,1,1,1,1,1,1,0.7351284,0.6864669,0
0.6844537,1,1,1,1,1,1,0.7440774,0.6594278,0
0.6819867,1,1,1,1,1,1,0.7538699,0.6322578,0
0.6794752,1,1,1,1,1,1,0.7645371,0.6050915,0
0.6769205,1,1,1,1,1,1,0.776108,0.6065149,0
0.674338,1,1,1,1,1,1,0.7874281,0.6116263,0
0.6717261,1,1,1,1,1,1,0.798314,0.6166233,0
1,1,1,1,1,1,1,0.8087341,0.621493,0
0.7807566,1,1,1,1,1,1,0.835946,0.6316355,0
1,1,1,1,1,1,1,0.8512155,0.6380967,0
0.7872052,1,1,1,1,1,1,1,0.648354,1
1,1,1,1,1,1,1,1,0.6535054,0
1,1,1,1,1,1,1,1,0.6626252,0
1,1,1,1,1,1,1,1,0.6719355,0
1,1,1,1,1,1,1,1,0.6610459,0
1,1,1,1,1,1,1,1,0.6342891,0
1,1,1,1,1,1,1,1,0.6078738,0
1,1,1,1,1,1,1,1,0.617528,0
1,1,1,1,1,1,1,1,0.6285526,0
1,1,1,1,1,1,1,1,0.6397965,0
1,1,1,1,1,1,1,1,0.6512392,0
1,1,1,1,1,1,1,1,0.6628634,0
1,1,1,1,1,1,1,1,0.6746476,0
1,1,1,1,1,1,1,1,0.6865692,0
1,1,1,1,1,1,1,1,0.6986094,0
1,1,1,1,1,1,1,1,0.7107494,0
1,1,1,1,1,1,1,1,0.7229657,0
1,1,1,1,1,1,1,1,0.7352389,0
1,1,1,1,1,1,1,1,0.7475453,0
1,1,1,1,1,1,1,1,0.7598656,0
1,1,1,1,1,1,1,1,0.7721759,0
1,1,1,1,1,1,1,1,1,1
1,1,1,1,1,1,1,1,1,1
1,1,1,1,1,1,1,1,1,1
1,1,1,1,1,1,1,1,1,1
1,1,1,1,1,1,1,1,1,1
1,1,1,1,1,1,1,1,1,1
1,1,1,1,1,1,1,1,1,1
1,1,1,1,1,1,1,1,1,1
1,1,1,1,1,1,1,1,1,1
1,1,1,1,1,1,1,1,1,1
1,1,1,1,1,1,1,1,1,1
1,1,1,1,1,1,1,1,1,1
1,1,1,1,1,1,1,1,1,1
1,1,1,1,1,1,1,1,1,1
1,1,1,1,1,1,1,1,1,1
1,1,1,1,1,1,1,1,1,1
1,1,1,1,1,1,1,1,1,1
1,1,1,1,1,1,1,1,1,1
1,1,1,1,1,1,1,1,1,1
1,1,1,1,1,1,1,1,1,1
1,1,1,1,1,1,1,1,1,1
1,1,1,1,1,1,1,1,1,1
1,1,1,1,1,1,1,1,1,1
1,1,1,1,1,1,1,1,1,1
1,1,1,1,1,1,1,1,1,1
1,1,1,1,1,1,1,1,1,1
1,1,1,1,1,1,1,1,1,1
1,1,1,1,1,1,1,1,1,1
1,1,1,1,1,1,1,1,1,1
1,1,1,1,1,1,1,1,1,1
1,1,1,1,1,1,1,1,1,1
1,1,1,1,1,1,1,1,1,1
1,1,1,1,1,1,1,1,1,1
1,1,1,1,1,1,1,1,1,1
1,1,1,1,1,1,1,1,1,1
1,1,1,1,1,1,1,1,1,1
1,1,1,1,1,1,1,1,1,1
1,1,1,1,1,1,1,1,1,1
1,1,1,1,1,1,1,1,1,1
1,1,1,1,1,1,1,1,1,1
1,1,1,1,1,1,1,1,1,1
1,1,1,1,1,1,1,1,1,1
1,1,1,1,1,1,1,1,1,1
1,1,1,1,1,1,1,1,1,1
1,1,1,1,1,1,1,1,1,1
1,1,1,1,1,1,1,1,1,1
1,1,1,1,1,1,1,1,1,1
1,1,1,1,1,1,1,1,1,1
1,1,1,1,1,1,1,1,1,1
1,1,1,1,1,1,1,1,1,1
1,1,1,1,1,1,1,1,1,1
1,1,1,1,1,1,1,1,1,1
1,1,1,1,1,1,1,1,1,1
1,1,1,1,1,1,1,1,1,1
1,1,1,1,1,1,1,1,1,1
1,1,1,1,1,1,1,1,1,1
1,1,1,1,1,1,1,1,1,1
1,1,1,1,1,1,1,1,1,1
1,1,1,1,1,1,1,1,1,1
1,1,1,1,1,1,1,1,1,1
1,1,1,1,1,1,1,1,1,1
1,1,1,1,1,1,1,1,1,1
1,1,1,1,1,1,1,1,1,1
1,1,1,1,1,1,1,1,1,1
1,1,1,1,1,1,1,1,1,1
1,1,1,1,1,1,1,1,1,1
1,1,1,1,1,1,1,1,1,1
1,1,1,1,1,1,1,1,1,1
1,1,1,1,1,1,1,1,1,1
1,1,1,1,1,1,1,1,1,1
1,1,1,1,1,1,1,1,1,1
1,1,1,1,1,1,1,1,1,1
1,1,1,1,1,1,1,1,1,1
1,1,1,1,1,1,1,1,1,1
1,1,1,1,1,1,1,1,1,1
1,1,1,1,1,1,1,1,1,1
1,1,1,1,1,1,1,1,1,1
1,1,1,1,1,1,1,1,1,1
1,1,1,1,1,1,1,1,1,1
1,1,1,1,1,1,1,1,1,1
1,1,1,1,1,1,1,1,1,1
1,1,1,1,1,1,1,1,1,1
1,1,1,1,1,1,1,1,1,1
1,1,1,1,1,1,1,1,1,1
1,1,1,1,1,1,1,1,1,1
1,1,1,1,1,1,1,1,1,1
1,1,1,1,1,1,1,1,1,1
1,1,1,1,1,1,1,1,1,1
1,1,1,1,1,1,1,1,1,1
1,1,1,1,1,1,1,1,1,1
1,1,1,1,1,1,1,1,1,1
1,1,1,1,1,1,1,1,1,1
1,1,1,1,1,1,1,1,1,1
1,1,1,1,1,1,1,1,1,1
1,1,1,1,1,1,1,1,1,1
1,1,1,1,1,1,1,1,1,1
1,1,1,1,1,1,1,1,1,1
1,1,1,1,1,1,1,1,1,1
1,1,1,1,1,1,1,1,1,1
1,1,1,1,1,1,1,1,1,1
1,1,1,1,1,1,1,1,1,1
1,1,1,1,1,1,1,1,1,1
1,1,1,1,1,1,1,1,1,1
1,1,1,1,1,1,1,1,1,1
1,1,1,1,1,1,1,1,1,1
1,1,1,1,1,1,1,1,1,1
1,1,1,1,1,1,1,1,1,1
1,1,1,1,1,1,1,1,1,1
1,1,1,1,1,1,1,1,1,1
1,1,1,1,1,1,1,1,1,1
1,1,1,1,1,1,1,1,1,1
1,1,1,1,1,1,1,1,1,1
1,1,1,1,1,1,1,1,1,1
1,1,1,1,1,1,1,1,1,1
1,1,1,1,1,1,1,1,1,1
1,1,1,1,1,1,1,1,1,1
1,1,1,1,1,1,1,1,1,1
1,1,1,1,1,1,1,1,1,1
1,1,1,1,1,1,1,1,1,1
1,1,1,1,1,1,1,1,1,1
1,1,1,1,1,1,1,1,1,1
1,1,1,1,1,1,1,1,1,1
1,1,1,1,1,1,1,1,1,1
1,1,1,1,1,1,1,1,1,1
1,1,1,1,1,1,1,1,1,1
1,1,1,1,1,1,1,1,1,1
1,1,1,1,1,1,1,1,1,1
1,1,1,1,1,1,1,1,1,1
1,1,1,1,1,1,1,1,1,1
1,1,1,1,1,1,1,1,1,1
1,1,1,1,1,1,1,1,1,1
1,1,1,1,1,1,1,1,1,1
1,1,1,1,1,1,1,1,1,1
1,1,1,1,1,1,1,1,1,1
1,1,1,1,1,1,1,1,1,1
1,1,1,1,1,1,1,1,1,1
1,1,1,1,1,1,1,1,1,1
1,1,1,1,1,1,1,1,1,1
1,1,1,1,1,1,1,1,1,1
1,1,1,1,1,1,1,1,1,1
1,1,1,1,1,1,1,1,1,1
1,1,1,1,1,1,1,1,1,1
1,1,1,1,1,1,1,1,1,1
1,1,1,1,1,1,1,1,1,1
1,1,1,1,1,1,1,1,0.9999927,1
1,1,1,1,1,1,1,1,0.9877324,1
1,1,1,1,1,1,1,1,0.9751218,1
1,1,1,1,1,1,1,1,0.9621658,1
1,1,1,1,1,1,1,1,0.9488754,1
1,1,1,1,1,1,1,1,0.9352602,1
1,1,1,1,1,1,1,1,0.9213403,1
1,1,1,1,1,1,1,1,0.9071256,1
1,1,1,1,1,1,1,1,0.8977849,1
1,1,1,1,1,1,1,1,0.9078684,1
1,1,1,1,1,1,1,1,0.9177693,1
1,1,1,1,1,1,1,1,0.927478,1
1,1,1,1,1,1,1,1,0.9369855,1
1,1,1,1,1,1,1,1,0.9462835,1
1,1,1,1,1,1,1,1,0.9553648,1
1,1,1,1,1,1,1,1,0.9642272,1
1,1,1,1,1,1,1,1,0.972864,1
1,1,1,1,1,1,1,1,0.9812706,1
1,1,1,1,1,1,1,1,0.9894422,1
1,1,1,1,1,1,1,1,0.9973795,1
1,1,1,1,1,1,1,1,1,1
1,1,1,1,1,1,1,1,1,1
1,1,1,1,1,1,1,1,1,1
1,1,1,1,1,1,1,1,1,1
1,1,1,1,1,1,1,1,1,1
1,1,1,1,1,1,1,1,1,1
1,1,1,1,1,1,1,1,1,1
1,1,1,1,1,1,1,1,1,1
1,1,1,1,1,1,1,1,1,1
1,1,1,1,1,1,1,1,1,1
1,1,1,1,1,1,1,1,1,1
1,1,1,1,1,1,1,1,1,1
1,1,1,1,1,1,1,1,1,1
1,1,1,1,1,1,1,1,1,1
1,1,1,1,1,1,1,1,1,1
1,1,1,1,1,1,1,1,1,1
1,1,1,1,1,1,1,1,1,1
1,1,1,1,1,1,1,1,1,1
1,1,1,1,1,1,1,1,1,1
1,1,1,1,1,1,1,1,1,1
1,1,1,1,1,1,1,1,1,1
1,1,1,1,1,1,1,1,1,1
1,1,1,1,1,1,1,1,1,1
1,1,1,1,1,1,1,1,1,1
1,1,1,1,1,1,1,1,1,1
1,1,1,1,1,1,1,1,1,1
1,1,1,1,1,1,1,1,1,1
1,1,1,1,1,1,1,1,1,1
1,1,1,1,1,1,1,1,1,1
1,1,1,1,1,1,1,1,1,1
1,1,1,1,1,1,1,1,1,1
1,1,1,1,1,1,1,1,1,1
1,1,1,1,1,1,1,1,1,1
1,1,1,1,1,1,1,1,1,1
1,1,1,1,1,1,1,1,1,1
1,1,1,1,1,1,1,1,1,1
1,1,1,1,1,1,1,1,1,1
1,1,1,1,1,1,1,1,1,1
1,1,1,1,1,1,1,1,1,1
1,1,1,1,1,1,1,1,1,1
1,1,1,1,1,1,1,1,1,1
1,1,1,1,1,1,1,1,1,1
1,1,1,1,1,1,1,1,1,1
1,1,1,1,1,1,1,1,1,1
1,1,1,1,1,1,1,1,1,1
1,1,1,1,1,1,1,1,1,1
1,1,1,1,1,1,1,1,1,1
1,1,1,1,1,1,1,1,1,1
1,1,1,1,1,1,1,1,1,1
1,1,1,1,1,1,1,1,1,1
1,1,1,1,1,1,1,1,1,1
1,1,1,1,1,1,1,1,1,1
1,1,1,1,1,1,1,1,1,1
1,1,1,1,1,1,1,1,1,1
1,1,1,1,1,1,1,1,1,1
1,1,1,1,1,1,1,1,1,1
1,1,1,1,1,1,1,1,1,1
1,1,1,1,1,1,1,1,1,1
1,1,1,1,1,1,1,1,1,1
1,1,1,1,1,1,1,1,1,1
1,1,1,1,1,1,1,1,1,1
1,1,1,1,1,1,1,1,1,1
1,1,1,1,1,1,1,1,1,1
1,1,1,1,1,1,1,1,1,1
1,1,1,1,1,1,1,1,1,1
1,1,1,1,1,1,1,1,1,1
1,1,1,1,1,1,1,1,1,1
1,1,1,1,1,1,1,1,1,1
1,1,1,1,1,1,1,1,1,1
1,1,1,1,1,1,1,1,1,1
1,1,1,1,1,1,1,1,1,1
1,1,1,1,1,1,1,1,1,1
1,1,1,1,1,1,1,1,1,1
1,1,1,1,1,1,1,1,1,1
1,1,1,1,1,1,1,1,1,1
1,1,1,1,1,1,1,1,1,1
1,1,1,1,1,1,1,1,1,1
1,1,1,1,1,1,1,1,1,1
1,1,1,1,1,1,1,1,1,1
1,1,1,1,1,1,1,1,1,1
1,1,1,1,1,1,1,1,1,1
1,1,1,1,1,1,1,1,1,1
1,1,1,1,1,1,1,1,1,1
1,1,1,1,1,1,1,1,1,1
1,1,1,1,1,1,1,1,1,1
1,1,1,1,1,1,1,1,1,1
1,1,1,1,1,1,1,1,1,1
1,1,1,1,1,1,1,1,1,1
1,1,1,1,1,1,1,1,1,1
1,1,1,1,1,1,1,1,1,1
1,1,1,1,1,1,1,1,1,1
1,1,1,1,1,1,1,1,1,1
1,1,1,1,1,1,1,1,1,1
1,1,1,1,1,1,1,1,1,1
1,1,1,1,1,1,1,1,1,1
1,1,1,1,1,1,1,1,1,1
1,1,1,1,1,1,1,1,1,1
1,1,1,1,1,1,1,1,1,1
1,1,1,1,1,1,1,1,1,1
1,1,1,1,1,1,1,1,1,1
1,1,1,1,1,1,1,1,1,1
1,1,1,1,1,1,1,1,1,1
1,1,1,1,1,1,1,1,1,1
1,1,1,1,1,1,1,1,1,1
1,1,1,1,1,1,1,1,1,1
1,1,1,1,1,1,1,1,1,1
1,1,1,1,1,1,1,1,1,1
1,1,1,1,1,1,1,1,1,1
1,1,1,1,1,1,1,1,1,1
1,1,1,1,1,1,1,1,1,1
1,1,1,1,1,1,1,1,1,1
1,1,1,1,1,1,1,1,1,1
1,1,1,1,1,1,1,1,1,1
1,1,1,1,1,1,1,1,1,1
1,1,1,1,1,1,1,1,1,1
1,1,1,1,1,1,1,1,1,1
1,1,1,1,1,1,1,1,1,1
1,1,1,1,1,1,1,1,1,1
1,1,1,1,1,1,1,1,1,1
1,1,1,1,1,1,1,1,1,1
1,1,1,1,1,1,1,1,1,1
1,1,1,1,1,1,1,1,1,1
1,1,1,1,1,1,1,1,1,1
1,1,1,1,1,1,1,1,1,1
1,1,1,1,1,1,1,1,1,1
1,1,1,1,1,1,1,1,1,1
1,1,1,1,1,1,1,1,1,1
1,1,1,1,1,1,1,1,1,1
1,1,1,1,1,1,1,1,1,1
1,1,1,1,1,1,1,1,1,1
1,1,1,1,1,1,1,1,1,1
1,1,1,1,1,1,1,1,1,1
1,1,1,1,1,1,1,1,1,1
1,1,1,1,1,1,1,1,1,1
1,1,1,1,1,1,1,1,1,1
1,1,1,1,1,1,1,1,1,1
1,1,1,1,1,1,1,1,1,1
1,1,1,1,1,1,1,1,1,1
1,1,1,1,1,1,1,1,1,1
1,1,1,1,1,1,1,1,1,1
1,1,1,1,1,1,1,1,1,1
1,1,1,1,1,1,1,1,1,1
1,1,1,1,1,1,1,1,1,1
1,1,1,1,1,1,1,1,1,1
1,1,1,1,1,1,1,1,1,1
1,1,1,1,1,1,1,1,1,1
1,1,1,1,1,1,1,1,1,1
1,1,1,0.9949299,1,1,1,1,1,1
1,1,1,0.9847686,1,1,1,1,1,1
1,1,1,0.9745947,1,1,1,1,1,1
1,1,1,0.9644088,1,1,1,1,1,1
1,1,1,0.9542111,1,1,1,1,1,1
1,1,1,0.9440023,1,1,1,1,1,1
1,1,1,0.9337828,1,1,1,1,1,1
1,1,1,0.9235531,1,1,1,1,1,1
1,1,1,0.9133139,1,1,1,1,1,1
1,1,1,0.9030656,1,1,1,1,1,1
1,1,1,0.892809,1,1,1,1,1,1
1,1,1,0.8825446,1,1,1,1,1,1
1,1,1,0.8722731,1,1,1,1,1,1
1,1,1,0.8619951,1,1,1,1,1,1
1,1,1,0.8517112,1,1,1,1,1,1
1,1,1,0.8414222,1,1,1,1,1,1
1,1,1,0.8311285,1,1,1,1,1,1
1,1,1,0.820831,1,1,1,1,1,1
1,1,1,0.8105303,1,1,1,1,1,1
1,1,1,0.800227,1,1,1,1,1,1
1,1,1,0.7899249,1,1,1,1,1,1
1,1,1,0.7796214,1,1,1,1,1,1
1,1,1,0.7693173,1,1,1,1,1,1
1,1,1,0.7590131,1,1,1,1,1,1
1,1,1,0.7487095,1,1,1,1,1,1
1,1,1,0.738407,1,1,1,1,1,1
1,1,1,0.728106,1,1,1,1,1,1
1,1,1,0.7178073,1,1,1,1,1,1
1,1,1,0.7075112,1,1,1,1,1,1
1,1,1,0.6972215,1,1,1,1,1,1
1,1,1,0.6869354,1,1,1,1,1,1
1,1,1,0.6766533,1,1,1,1,1,1
1,1,1,0.6663758,1,1,1,1,1,1
1,1,1,0.656103,1,1,1,1,1,1
1,1,1,0.6458386,1,1,1,1,1,1
1,1,1,0.6355798,1,1,1,1,1,1
1,1,1,0.6253268,1,1,1,1,1,1
1,1,1,0.6150798,1,1,1,1,1,1
1,1,1,0.6048423,1,1,1,1,1,1
1,1,1,0.5946113,1,1,1,1,1,1
1,1,1,0.5843871,1,1,1,1,1,1
1,1,1,0.5741729,1,1,1,1,1,1
1,1,0.6032511,0.5639656,1,1,1,1,1,2
1,1,0.5905426,0.5533792,1,1,1,1,1,2
1,1,0.5779728,0.5428595,1,1,1,1,1,2
1,1,0.5655406,0.5324042,1,1,1,1,1,2
1,1,0.5532439,0.522011,1,1,1,1,1,2
1,1,0.5410802,0.5116771,1,1,1,1,1,2
1,1,0.5290498,0.5664553,1,1,1,1,1,2
1,1,0.5171819,0.6541628,1,1,1,1,1,2
1,1,0.5054742,1,1,1,1,1,1,2
1,1,0.4939977,1,1,1,1,1,1,2
1,1,0.4825957,1,1,1,1,1,1,2
1,1,0.4712679,1,1,1,1,1,1,2
1,1,0.4600139,1,1,1,1,1,1,2
1,1,0.4488326,1,1,1,1,1,1,2
1,1,0.4377233,1,1,1,1,1,1,2
1,1,0.4266879,1,1,1,1,1,1,2
1,1,0.415722,1,1,1,1,1,1,2
1,1,0.4048273,1,1,1,1,1,1,2
1,1,0.3940023,1,1,1,1,1,1,2
1,1,0.3832422,1,1,1,1,1,1,2
1,1,0.3725484,1,1,1,1,1,1,2
1,1,0.3619191,1,1,1,1,1,1,2
1,1,0.3513556,1,1,1,1,1,1,2
1,0.4201353,0.3408529,1,1,1,1,1,1,2
1,0.4014618,0.351212,1,1,1,1,1,1,2
1,0.3837495,0.4045195,1,1,1,1,1,1,2
1,0.3669888,0.4698873,1,1,1,1,1,1,2
1,0.3510751,1,1,1,1,1,1,1,2
1,0.336469,1,1,1,1,1,1,1,2
1,0.3222681,1,1,1,1,1,1,1,2
1,0.3084536,1,1,1,1,1,1,1,2
1,0.2950167,1,1,1,1,1,1,1,2
1,0.2819412,1,1,1,1,1,1,1,2
1,0.2692106,1,1,1,1,1,1,1,2
0.372916,0.2568119,1,1,1,1,1,1,1,2
0.3486345,0.2439534,1,1,1,1,1,1,1,2
0.3258658,0.2630441,1,1,1,1,1,1,1,2
0.3044785,0.2866284,1,1,1,1,1,1,1,2
0.284356,0.31321,1,1,1,1,1,1,1,2
0.2653945,0.343281,1,1,1,1,1,1,1,2
0.2475058,0.3774694,1,1,1,1,1,1,1,2
0.2306068,1,1,1,1,1,1,1,1,2
0.214623,1,1,1,1,1,1,1,1,2
0.2197333,1,1,1,1,1,1,1,1,2
0.2339443,1,1,1,1,1,1,1,1,2
0.2491833,1,1,1,1,1,1,1,1,2
0.265278,1,1,1,1,1,1,1,1,2
0.2822343,1,1,1,1,1,1,1,1,2
0.3000428,1,1,1,1,1,1,1,1,2
0.3186936,1,1,1,1,1,1,1,1,2
0.3381712,1,1,1,1,1,1,1,1,2
1,1,1,1,1,1,1,1,1,1
1,1,1,1,1,1,1,1,1,1
1,1,1,1,1,1,1,1,1,1
1,1,1,1,1,1,1,1,0.9997709,1
1,1,1,1,1,1,1,1,0.9922593,1
1,1,1,1,1,1,1,1,0.9846071,1
1,1,1,1,1,1,1,1,0.9768222,1
1,1,1,1,1,1,1,1,0.968906,1
1,1,1,1,1,1,1,1,0.9608638,1
1,1,1,1,1,1,1,1,0.9526978,1
1,1,1,1,1,1,1,1,0.9444178,1
1,1,1,1,1,1,1,1,0.9360268,1
1,1,1,1,1,1,1,1,0.9275319,1
1,1,1,1,1,1,1,1,0.9189372,1
1,1,1,1,1,1,1,1,0.9102539,1
1,1,1,1,1,1,1,1,0.9014874,1
1,1,1,1,1,1,1,1,0.8926461,1
1,1,1,1,1,1,1,1,0.8837393,0
1,1,1,1,1,1,1,1,0.8747765,0
1,1,1,1,1,1,1,1,0.8973063,1
1,1,1,1,1,1,1,1,0.9233624,1
1,1,1,1,1,1,1,1,0.9478704,1
1,1,1,1,1,1,1,1,0.970743,1
1,1,1,1,1,1,1,1,0.9919209,1
1,1,1,1,1,1,1,1,1,1
1,1,1,1,1,1,1,1,1,1
1,1,1,1,1,1,1,1,1,1
1,1,1,1,1,1,1,1,1,1
1,1,1,1,1,1,1,1,1,1
1,1,1,1,1,1,1,1,1,1
1,1,1,1,1,1,1,1,1,1
1,1,1,1,1,1,1,1,1,1
1,1,1,1,1,1,1,1,1,1
1,1,1,1,1,1,1,1,1,1
1,1,1,1,1,1,1,1,1,1
1,1,1,1,1,1,1,1,1,1
1,1,1,1,1,1,1,1,1,1
1,1,1,1,1,1,1,1,1,1
1,1,1,1,1,1,1,1,1,1
1,1,1,1,1,1,1,1,1,1
1,1,1,1,1,1,1,1,1,1
1,1,1,1,1,1,1,1,1,1
1,1,1,1,1,1,1,1,1,1
1,1,1,1,1,1,1,1,1,1
1,1,1,1,1,1,1,1,1,1
1,1,1,1,1,1,1,1,1,1
1,1,1,1,1,1,1,1,1,1
1,1,1,1,1,1,1,1,1,1
1,1,1,1,1,1,1,1,1,1
1,1,1,1,1,1,1,1,1,1
1,1,1,1,1,1,1,1,1,1
1,1,1,1,1,1,1,1,1,1
1,1,1,1,1,1,1,1,1,1
1,1,1,1,1,1,1,1,1,1
1,1,1,1,1,1,1,1,1,1
1,1,1,1,1,1,1,1,1,1
1,1,1,1,1,1,1,1,1,1
1,1,1,1,1,1,1,1,1,1
1,1,1,1,1,1,1,1,1,1
1,1,1,1,1,1,1,1,1,1
1,1,1,1,1,1,1,1,1,1
1,1,1,1,1,1,1,1,1,1
1,1,1,1,1,1,1,1,1,1
1,1,1,1,1,1,1,1,1,1
1,1,1,1,1,1,1,1,1,1
1,1,1,1,1,1,1,1,1,1
1,1,1,1,1,1,1,1,1,1
1,1,1,1,1,1,1,1,1,1
1,1,1,1,1,1,1,1,1,1
1,1,1,1,1,1,1,1,1,1
1,1,1,1,1,1,1,1,1,1
1,1,1,1,1,1,1,1,1,1
1,1,1,1,1,1,1,1,1,1
1,1,1,1,1,1,1,1,1,1
1,1,1,1,1,1,1,1,1,1
1,1,1,1,1,1,1,1,1,1
1,1,1,1,1,1,1,1,1,1
1,1,1,1,1,1,1,1,1,1
1,1,1,1,1,1,1,1,1,1
1,1,1,1,1,1,1,1,1,1
1,1,1,1,1,1,1,1,1,1
1,1,1,1,1,1,1,1,1,1
1,1,1,1,1,1,1,1,1,1
1,1,1,1,1,1,1,1,1,1
1,1,1,1,1,1,1,1,1,1
1,1,1,1,1,1,1,1,1,1
1,1,1,1,1,1,1,1,1,1
1,1,1,1,1,1,1,1,1,1
1,1,1,1,1,1,1,1,1,1
1,1,1,1,1,1,1,1,1,1
1,1,1,1,1,1,1,1,1,1
1,1,1,1,1,1,1,1,1,1
1,1,1,1,1,1,1,1,1,1
1,1,1,1,1,1,1,1,1,1
1,1,1,1,1,1,1,1,1,1
1,1,1,1,1,1,1,1,1,1
1,1,1,1,1,1,1,1,1,1
1,1,1,1,1,1,1,1,1,1
1,1,1,1,1,1,1,1,1,1
1,1,1,1,1,1,1,1,1,1
1,1,1,1,1,1,1,1,1,1
1,1,1,1,1,1,1,1,1,1
1,1,1,1,1,1,1,1,1,1
1,1,1,1,1,1,1,1,1,1
1,1,1,1,1,1,1,1,1,1
1,1,1,1,1,1,1,1,1,1
1,1,1,1,1,1,1,1,1,1
1,1,1,1,1,1,1,1,1,1
1,1,1,1,1,1,1,1,1,1
1,1,1,1,1,1,1,1,1,1
1,1,1,1,1,1,1,1,1,1
1,1,1,1,1,1,1,1,1,1
1,1,1,1,1,1,1,1,1,1
1,1,1,1,1,1,1,1,1,1
1,1,1,1,1,1,1,1,1,1
1,1,1,1,1,1,1,1,1,1
1,1,1,1,1,1,1,1,1,1
1,1,1,1,1,1,1,1,1,1
1,1,1,1,1,1,1,1,1,1
1,1,1,1,1,1,1,1,1,1
1,1,1,1,1,1,1,1,1,1
1,1,1,1,1,1,1,1,1,1
1,1,1,1,1,1,1,1,1,1
1,1,1,1,1,1,1,1,1,1
1,1,1,1,1,1,1,1,1,1
1,1,1,1,1,1,1,1,1,1
1,1,1,1,1,1,1,1,1,1
1,1,1,1,1,1,1,1,1,1
1,1,1,1,1,1,1,1,1,1
1,1,1,0.9964503,1,1,1,1,1,1
1,1,1,0.9875348,1,1,1,1,1,1
1,1,1,0.9785197,1,1,1,1,1,1
1,1,1,0.9694034,1,1,1,1,1,1
1,1,1,0.9601881,1,1,1,1,1,1
1,1,1,0.950873,1,1,1,1,1,1
1,1,1,0.9414608,1,1,1,1,1,1
1,1,1,0.9319512,1,1,1,1,1,1
1,1,1,0.9223509,1,1,1,1,1,1
1,1,1,0.9126568,1,1,1,1,1,1
1,1,1,0.9028763,1,1,1,1,1,1
1,1,1,0.89301,1,1,1,1,1,1
1,1,1,0.883059,1,1,1,1,1,1
1,1,1,0.873028,1,1,1,1,1,1
1,1,1,0.8629215,1,1,1,1,1,1
1,1,1,0.8527449,1,1,1,1,1,1
1,1,1,0.8424996,1,1,1,1,1,1
1,1,1,0.832191,1,1,1,0.9842073,1,1
1,1,1,0.8215343,1,1,1,0.8663416,1,0
1,1,1,0.808746,1,1,1,0.8606843,1,0
1,1,1,0.7959107,1,1,1,0.8551906,1,0
1,1,1,0.7830509,1,1,1,0.8498707,1,0
1,1,1,0.7701874,1,1,1,0.8447348,1,0
1,1,1,0.7573372,1,1,1,0.8397925,1,0
1,1,1,0.7445187,1,1,1,0.8350557,1,0
1,1,1,0.7317458,1,1,1,0.8305327,1,0
1,1,1,0.719034,1,1,1,0.8262278,1,0
1,1,1,0.7064003,0.7726686,1,1,0.8221513,1,0
1,1,1,0.6924567,0.7545852,1,1,0.8189842,1,0
1,1,1,0.6787072,0.7368233,1,1,0.8162486,1,0
1,1,1,0.6651757,0.7194191,1,1,0.8139477,0.9920427,0
1,1,1,0.6518134,0.7022814,1,1,0.8121461,0.9828321,0
1,1,1,0.6386359,0.6854328,1,1,0.8108664,0.9740911,0
1,1,1,0.6256741,0.6689205,1,1,0.8101226,0.9658662,0
1,1,1,0.6234074,0.6527811,1,1,1,0.958186,0
1,1,1,0.6360024,0.6392754,1,1,1,0.9521644,0
1,1,1,0.6504444,0.6259437,1,1,1,0.7818917,0
1,1,1,0.6879855,0.6110287,0.6689634,1,1,0.7760379,0
1,1,1,0.7422434,0.5959429,0.6494494,1,1,0.7704841,0
1,1,1,1,0.5812811,0.6306202,1,1,0.7654916,0
1,1,1,1,0.5670197,0.6124336,1,1,0.7610483,0
1,1,1,1,0.5531394,0.5948536,1,1,0.7571521,0
1,1,1,1,0.5396194,0.5778437,1,1,0.7537936,0
1,1,1,1,0.5264398,0.5613702,1,1,0.7509704,0
1,1,1,1,0.5229261,0.5454047,1,1,0.7486814,0
1,1,1,1,0.5611976,0.5299178,1,1,0.7469239,0
1,1,1,1,0.6085668,0.5148851,1,1,0.7456962,0
1,1,1,1,0.6681858,0.5002809,0.5750979,1,0.7449983,0
1,1,1,1,1,0.486081,0.5548705,1,1,0
1,1,1,1,1,0.4727946,0.5366076,1,1,0
1,1,1,1,1,0.4597875,0.5189086,1,1,0
1,1,1,1,1,0.4470508,0.5017565,1,1,0
1,1,1,1,1,0.4353404,0.4851344,1,1,0
1,1,1,1,1,0.4616137,0.4690274,1,1,0
1,1,1,1,1,0.4911741,0.4535027,1,1,0
1,1,1,1,1,0.5244675,0.4385106,1,1,0
1,1,1,1,1,0.5619884,0.4239993,1,1,0
1,1,1,1,1,1,0.4099246,1,1,0
1,1,1,1,1,1,0.3968121,1,1,0
1,1,1,1,1,1,0.3838767,1,1,0
1,1,1,1,1,1,0.3711168,1,1,0
1,1,1,1,1,1,0.3585276,1,1,0
1,1,1,1,1,1,0.3461035,1,1,0
1,1,1,1,1,1,0.3338421,0.453876,1,0
1,1,1,1,1,1,0.3211827,0.4296951,1,0
1,1,1,1,1,1,0.3428009,0.4067443,1,0
1,1,1,1,1,1,0.3679382,0.3849268,1,0
1,1,1,1,1,1,0.3973377,0.3641556,1,0
1,1,1,1,1,1,0.4319328,0.3443599,1,0
1,1,1,1,1,1,0.4729961,0.3254645,1,0
1,1,1,1,1,1,1,0.3074084,1,0
1,1,1,1,1,1,1,0.2907584,1,0
1,1,1,1,1,1,1,0.2747067,1,0
1,1,1,1,1,1,1,0.2592305,1,0
1,1,1,1,1,1,1,0.244299,0.396403,0
1,1,1,1,1,1,1,0.2468354,0.3646921,0
1,1,1,1,1,1,1,0.2608359,0.3353312,0
1,1,1,1,1,1,1,0.2763104,0.3080659,0
1,1,1,1,1,1,1,0.2934358,0.2826924,0
1,1,1,1,1,1,1,0.3124127,0.2590185,0
1,1,1,1,1,1,1,0.3334843,0.2368863,0
1,1,1,1,1,1,1,0.3569319,0.2161528,0
1,1,1,1,1,1,1,1,0.2106698,0
1,1,1,1,1,1,1,1,0.2204152,0
1,1,1,1,1,1,1,1,0.2308777,0
1,1,1,1,1,1,1,1,0.2421112,0
1,1,1,1,1,1,1,1,0.254167,0
1,1,1,1,1,1,1,1,0.2671158,0
1,1,1,1,1,1,1,1,0.2810226,0
1,1,1,1,1,1,1,1,0.2957814,0
1,1,1,1,1,1,1,1,0.3112962,0
1,1,1,1,1,1,1,1,0.3275607,0
1,1,1,1,1,1,1,1,1,1
1,1,1,1,1,1,1,1,1,1
1,1,1,1,1,1,1,1,1,1
1,1,1,1,1,1,1,1,1,1
1,1,1,1,1,1,1,1,1,1
1,1,1,1,1,1,1,1,1,1
1,1,1,1,1,1,1,1,1,1
1,1,1,1,1,1,1,1,1,1
1,1,1,1,1,1,1,1,1,1
1,1,1,1,1,1,1,1,1,1
1,1,1,1,1,1,1,1,1,1
1,1,1,1,1,1,1,1,1,1
1,1,1,1,1,1,1,0.9997683,1,1
1,1,1,1,1,1,1,0.9915336,1,1
1,1,1,1,1,1,1,0.9832808,1,1
1,1,1,1,1,1,1,0.9750099,1,1
1,1,1,1,1,1,1,0.9667217,1,1
1,1,1,1,1,1,1,0.9584197,1,1
1,1,1,1,1,1,1,0.9501045,1,1
1,1,1,1,1,1,1,0.9417768,1,1
1,1,1,1,1,1,1,0.933437,1,1
1,1,1,1,1,1,1,0.9250861,1,1
1,1,1,1,1,1,1,0.9167277,1,1
1,1,1,1,1,1,1,0.9083596,1,1
1,1,1,1,1,1,1,0.8999854,1,1
1,1,1,1,1,1,1,0.8916062,1,1
1,1,1,1,1,1,1,0.8832224,1,1
1,1,1,1,1,1,1,0.8748351,1,1
1,1,1,1,1,1,1,0.8664449,1,1
1,1,1,1,1,1,1,0.8580561,1,1
1,1,1,1,1,1,1,0.849666,1,1
1,1,1,1,1,1,1,0.8747388,1,1
1,1,1,1,1,1,1,0.9075171,1,1
1,1,1,1,1,1,1,0.9393737,1,1
1,1,1,1,1,1,1,0.970219,1,1
1,1,1,1,1,1,1,0.9999463,1,1
1,1,1,1,1,1,1,1,1,1
1,1,1,1,1,1,1,1,1,1
1,1,1,1,1,1,1,1,1,1
1,1,1,1,1,1,1,1,0.9534769,1
1,1,1,1,1,1,1,1,0.9426759,1
1,1,1,1,1,1,1,1,0.9317144,1
1,1,1,1,1,1,1,1,0.9205992,1
1,1,1,1,1,1,1,1,0.9093412,1
1,1,1,1,1,1,1,1,0.8979526,1
1,1,1,1,1,1,1,1,0.8864419,1
1,1,1,1,1,1,1,1,0.8748225,1
1,1,1,1,1,1,1,1,0.8631045,1
1,1,1,1,1,1,1,1,0.851302,1
1,1,1,1,1,1,1,1,0.8394299,1
1,1,1,1,1,1,1,1,0.8274993,0
1,1,1,1,1,1,1,1,0.8155257,0
1,1,1,1,1,1,1,1,0.8035209,0
1,1,1,1,1,1,1,1,0.7915001,0
1,1,1,1,1,1,1,1,0.7794792,0
1,1,1,1,1,1,1,1,0.7674698,0
1,1,1,1,1,1,1,1,0.755487,0
1,1,1,1,1,1,1,1,0.7435423,0
1,1,1,1,1,1,1,1,0.73165,0
1,1,1,1,1,1,1,1,0.7198207,0
1,1,1,1,1,1,1,1,0.7080683,0
1,1,1,1,1,1,1,1,0.7090221,0
1,1,1,1,1,1,1,1,0.7293361,0
1,1,1,1,1,1,1,1,0.749561,0
1,1,1,1,1,1,1,1,0.7696513,0
1,1,1,1,1,1,1,1,0.789564,0
1,1,1,0.9898658,1,1,1,1,0.8092555,1
1,1,1,0.9786102,1,1,1,1,0.828194,1
1,1,1,0.9679593,1,1,1,1,0.8462505,1
1,1,1,0.9578589,1,1,1,1,0.8633889,1
1,1,1,0.9482628,1,1,1,1,0.8795832,1
1,1,1,0.9391273,1,1,1,1,0.8948239,1
1,1,1,0.9304179,1,1,1,1,0.9091028,1
1,1,0.9816405,0.9221018,1,1,1,1,0.9224278,1
1,1,0.9563957,0.9146227,1,1,1,1,0.9336408,1
1,1,0.9276255,0.9081081,1,1,1,1,0.942362,2
1,1,0.8956396,0.9025968,1,1,1,1,0.9484919,2
1,1,0.8608726,0.8981326,1,1,1,1,0.9520007,2
1,1,0.8238511,0.8947544,1,1,1,1,0.952949,2
1,1,0.7851778,0.8925058,1,1,1,1,1,2
1,1,0.7651985,0.8921713,1,1,1,1,0.9461611,2
1,1,0.7616845,0.8917052,1,1,1,1,0.9417588,2
1,1,0.7583128,0.8914232,1,1,1,1,0.9375417,2
1,1,0.7550782,0.891318,1,1,1,1,0.9335172,2
1,1,0.7519788,0.8913864,1,1,1,1,0.9296835,2
1,1,0.7490061,0.8916175,1,1,1,1,0.9260483,2
1,1,0.7461549,0.8920048,1,1,1,1,0.9226112,2
1,1,0.7434239,1,1,1,1,1,0.9193651,2
1,1,0.7394769,1,1,1,1,1,0.9203165,2
1,1,0.7356542,1,1,1,1,1,0.9210683,2
1,1,0.7319531,1,1,1,1,1,1,2
1,1,0.7292181,1,1,1,1,1,1,2
1,1,0.7266384,1,1,1,1,1,1,2
1,1,0.7242094,1,1,1,1,1,1,2
1,1,0.7219337,1,1,1,1,1,1,2
1,1,0.7198132,1,1,1,1,1,1,2
1,1,0.7178434,1,1,1,1,1,1,2
1,1,0.7160267,1,1,1,1,1,1,2
1,1,0.7143577,1,1,1,1,1,1,2
1,0.8915981,0.7128389,1,1,1,1,1,1,2
1,0.7618573,0.7137039,1,1,1,1,1,1,2
1,1,1,1,1,1,0.9672195,1,1,1
1,1,1,1,1,1,0.7782164,1,1,1
1,1,1,1,1,1,0.7657927,1,1,1
1,1,1,1,1,1,0.7533621,1,1,0
1,1,1,1,1,1,0.7409307,1,1,0
1,1,1,1,1,1,0.7433764,1,1,0
1,1,1,1,1,1,0.7512936,1,1,0
1,1,1,1,1,1,0.759183,1,1,1
1,1,1,1,1,1,0.7670337,0.9550206,0.9898295,0
1,1,1,1,1,1,0.778206,0.9340734,0.9373921,0
1,1,1,1,1,1,0.7947005,0.9109176,0.87984,0
1,1,1,1,1,1,0.8175831,0.8857177,0.8185729,0
1,1,1,1,1,1,0.8481453,0.8587723,0.8153361,0
1,1,1,1,1,1,0.8822323,0.8324862,0.8201789,0
1,1,1,1,1,1,0.8984838,0.8071643,0.8253509,0
1,1,1,1,1,1,0.8836624,0.7825836,0.8309284,0
1,1,1,1,1,1,0.8690212,0.7584539,0.8370606,0
1,1,1,1,1,1,0.8546045,0.7348585,0.8437568,0
1,1,1,1,1,1,0.8404439,0.7118582,0.8510257,0
1,1,1,1,1,1,0.8265675,0.689503,0.8588651,0
1,1,1,1,1,1,0.8129975,0.6678292,0.8672725,0
1,1,1,1,1,1,0.8580945,0.6468595,0.8762337,0
1,1,1,1,1,1,0.9263345,0.6268801,1,0
1,1,1,1,1,1,0.9815587,0.6098231,1,0
1,1,1,1,1,1,1,0.5932114,1,0
1,1,1,1,1,1,1,0.5768812,1,0
1,1,1,1,1,1,1,0.5708519,1,0
1,1,1,1,1,1,1,0.5840396,1,0
1,1,1,1,1,1,1,0.5974494,0.8540511,0
1,1,1,1,1,1,1,0.61603,0.8154711,0
1,1,1,1,1,1,1,0.6365687,0.7780935,0
1,1,1,1,1,1,1,0.6592076,0.7420825,0
1,1,1,1,1,1,1,0.6840908,0.7075592,0
1,1,1,1,1,1,1,0.7113694,0.6745951,0
1,1,1,1,1,1,1,0.7411958,0.643223,0
1,1,1,1,1,1,1,0.7265826,0.6134431,0
1,1,1,1,1,1,1,0.7096152,0.5845605,0
1,1,1,1,1,1,1,0.6929726,0.5566714,0
1,1,1,1,1,1,1,0.676733,0.5298865,0
1,1,1,1,1,1,1,0.6609588,0.5042793,0
1,1,1,1,1,1,1,0.7010841,0.5200641,0
1,1,1,1,1,1,1,0.7503409,0.5365446,0
1,1,1,1,1,1,1,0.8017772,0.5531174,0
1,1,1,1,1,1,1,0.8550974,0.5696937,0
1,1,1,1,1,1,1,1,0.586192,0
1,1,1,1,1,1,1,1,0.6017445,0
1,1,1,1,1,1,1,1,0.6175247,0
1,1,1,1,1,1,1,1,0.6335009,0
1,1,1,1,1,1,1,1,0.64964,0
1,1,1,1,1,1,1,1,0.6659131,0
1,1,1,1,1,1,1,1,0.6672287,0
1,1,1,1,1,1,1,1,0.6520046,0
1,1,1,1,1,1,1,1,0.636964,0
1,1,1,1,1,1,1,1,0.6221282,0
1,1,1,1,1,1,1,1,0.607513,0
1,1,1,1,1,1,1,1,0.5931358,0
1,1,1,1,1,1,1,1,0.5964929,0
1,1,1,1,1,1,1,1,0.6156545,0
1,1,1,1,1,1,1,1,0.6350003,0
1,1,1,1,1,1,1,1,0.6544851,0
1,1,1,1,1,1,1,1,0.6740617,0
1,1,1,1,1,1,0.9705642,1,0.6936883,0
1,1,1,1,1,1,0.964717,1,0.7129404,0
1,1,1,1,1,1,0.9587601,1,0.7320393,0
1,1,1,1,1,1,0.9526829,1,0.7509332,0
1,1,1,1,1,1,0.946479,1,1,1
1,1,1,1,1,1,0.938554,1,1,1
1,1,1,1,1,1,0.9305973,1,1,1
1,1,1,1,1,1,0.9226099,1,1,1
1,1,1,1,1,1,0.9145929,1,1,1
1,1,1,1,1,1,0.9065475,1,1,1
1,1,1,1,1,1,0.8984717,1,1,1
1,1,1,1,1,1,0.8903667,1,1,1
1,1,1,1,1,0.9959357,0.8822339,1,1,1
1,1,1,1,1,0.9862083,0.87405,1,1,1
1,1,1,1,1,0.9762986,0.8657813,1,1,1
1,1,1,1,1,0.9662105,0.857428,1,1,1
1,1,1,1,1,0.955952,0.8489944,1,1,1
1,1,1,1,1,0.9455289,0.8404816,1,1,1
1,1,1,1,1,0.9349473,0.8318917,1,1,1
1,1,1,1,1,0.9242145,0.8232266,1,1,1
1,1,1,1,1,0.9133452,0.8144951,1,1,1
1,1,1,1,1,0.9023444,0.805697,1,1,2
1,1,1,1,1,0.8912246,0.7968382,1,1,2
1,1,1,1,1,0.8799948,0.787922,1,1,2
1,1,1,1,1,0.868668,0.7789548,1,1,2
1,1,1,1,1,0.8572541,0.76994,1,1,2
1,1,1,1,1,0.8457664,0.760884,1,1,2
1,1,1,1,1,0.8342144,0.7517901,1,1,2
1,1,1,1,1,0.822611,0.7426646,1,1,2
1,1,1,1,1,0.8109657,0.7335104,1,1,2
1,1,1,1,1,0.7992906,0.7243335,1,1,2
1,1,1,1,0.9414293,0.7875975,0.7151393,1,1,2
1,1,1,1,0.8654927,0.7752909,0.7056953,1,1,2
1,1,1,1,0.8488449,0.7622837,0.6959752,1,1,2
1,1,1,1,0.8321675,0.7492422,0.6862398,1,1,2
1,1,1,1,0.8155077,0.7361955,0.676502,1,1,2
1,1,1,1,0.7989163,0.7231771,0.6667789,1,1,2
1,1,1,1,0.7824326,0.710211,0.6570801,1,1,2
1,1,1,1,0.7660909,0.697318,0.6474127,1,1,2
1,1,1,1,0.7499275,0.6845222,0.6377884,1,1,2
1,1,1,1,0.7339699,0.671841,0.6282131,1,1,2
1,1,1,1,0.7182401,0.6592883,0.6186911,1,1,2
1,1,1,1,0.7027588,0.6468776,0.6092273,1,1,2
1,1,1,0.982406,0.6875343,0.6346129,0.5998185,1,1,2
1,1,1,0.9604813,0.6724038,0.6224017,0.5904473,1,1,2
1,1,1,0.7366289,0.6573658,0.610244,0.5811164,1,1,2
1,1,1,0.7145449,0.6407334,0.5971899,0.571707,1,1,2
1,1,1,0.6932693,0.6245774,0.5844275,0.562439,1,1,2
1,1,1,0.6728123,0.608909,0.571963,0.5533067,1,1,2
1,1,1,0.6531677,0.5937279,0.5597945,0.5442995,1,1,2
1,1,1,0.634312,0.5790216,0.5479105,0.5354001,1,1,2
1,1,0.9942716,0.6162151,0.5647728,0.5362972,0.5265914,1,1,2
1,1,0.9627077,0.5987753,0.5509204,0.5249177,1,1,1,2
1,1,0.9307209,0.5811795,0.5369911,0.5135488,1,1,1,2
1,1,0.8997771,0.5639639,0.5233036,0.5023492,1,1,1,2
1,1,0.8700117,0.5471877,0.5098962,0.49134,1,1,1,2
1,1,0.631269,0.5308879,0.4967913,0.4805296,1,1,1,2
1,1,0.6076525,0.5150482,0.4839799,0.4699122,0.972712,1,1,2
1,1,0.5850357,0.4996764,0.4714651,0.4594841,0.9353977,1,1,2
1,1,0.5633518,0.4847481,0.4592332,0.4492373,0.9296294,1,1,2
1,1,0.5425363,0.4702376,0.4472684,0.4391608,0.9241717,1,1,2
1,1,0.522534,0.456124,0.4355586,0.4292475,0.9190262,1,1,2
1,1,0.5032909,0.4423845,0.4240894,0.4194873,0.914192,1,1,2
1,1,0.4847669,0.429002,0.4128489,0.4098698,0.9096602,1,1,2
1,1,0.4672917,0.4161201,0.4018863,0.4003563,0.9050322,1,1,2
1,0.9616576,0.4507349,0.403671,0.3911533,0.390909,0.9002347,1,1,2
1,0.9202195,0.4346598,0.3914637,0.3805707,0.3815469,1,1,1,2
1,0.8793155,0.4186969,0.3793506,0.3700998,0.3723332,1,1,1,2
1,0.8410167,0.4032547,0.3674996,0.3597876,0.3632016,1,1,1,2
1,0.805271,0.3883374,0.355909,0.3496252,0.354133,1,1,1,2
1,0.7719589,0.373928,0.3445628,0.3395928,0.3451007,1,1,1,2
1,0.4995829,0.3600053,0.3334466,0.3296741,0.3360836,1,1,1,2
1,0.4732524,0.345984,0.3223734,0.3199,0.8789752,1,1,1,2
1,0.4483203,0.3323678,0.3115146,0.3102608,0.8004435,1,1,1,2
1,0.4246727,0.3191333,0.3008578,0.3007472,0.7834248,1,1,1,2
1,0.4022115,0.3062619,0.2903941,0.2913532,0.7776348,1,1,1,2
1,0.3808447,0.2937331,0.280112,0.28207,0.7721432,1,1,1,2
1,0.3604895,0.2815275,0.2700007,0.2728887,0.7669497,1,1,1,2
1,0.3414778,0.2697309,0.2600518,0.2637382,0.7616726,1,1,1,2
0.9470807,0.3237367,0.2583144,0.2502301,0.254572,0.7561296,1,1,1,2
0.8911074,0.306584,0.2471033,0.2405219,0.2454766,0.750874,1,1,1,2
0.8389967,0.2900055,0.2360928,0.2309209,0.2364432,0.7459005,1,1,1,2
0.4596217,0.2740434,0.2252945,0.2214221,0.7352568,0.7411255,1,1,1,2
0.4234406,0.2581501,0.2145945,0.212076,0.6921634,1,1,1,1,2
0.3900851,0.2428951,0.2041231,0.2028445,0.6862038,1,1,1,1,2
0.3592451,0.2282407,0.1938709,0.193722,0.6805383,1,1,1,1,2
0.3306496,0.2141486,0.1838256,0.1847003,0.6751665,1,1,1,1,2
0.30407,0.2005873,0.1739789,0.1757742,0.6700915,1,1,1,1,2
0.2792987,0.1875209,0.1643166,0.1669326,0.665311,1,1,1,0.872218,2
0.2561696,0.1749263,0.1548345,0.7246885,0.6608332,1,1,1,0.8006495,2
0.234523,0.1627722,0.1455196,0.6433145,0.6566573,1,1,1,0.74936,2
0.2142282,0.1510366,0.1363652,0.6134874,0.6527899,1,1,1,0.7106758,2
0.1956119,0.1398135,0.1273501,0.6072579,1,1,1,1,0.687775,2
0.1776066,0.1288217,0.118479,0.6016464,1,1,1,1,0.6803299,2
0.1606416,0.1181838,0.1097427,0.5963268,1,1,1,1,0.6786524,2
0.1448758,0.1079437,0.8574103,0.5909435,1,1,1,1,0.6767896,2
0.1298357,0.09797693,0.8501347,0.5859527,1,1,1,1,0.6751,2
0.1156841,0.08832382,0.8431557,0.5809612,1,1,1,1,0.6732637,2
0.1023019,0.07894769,0.8364116,0.5759274,1,1,1,1,0.6712459,2
0.08958652,0.06981635,1,0.5708151,1,1,1,1,0.6690169,2
0.07738934,0.09102137,0.6191506,1,1,1,1,1,0.6667804,2
0.06550489,0.1207989,0.5194475,1,1,1,1,1,0.6653917,2
0.05841359,0.1546256,0.5098574,1,1,1,1,1,0.6634876,2
0.06949186,0.1928779,0.5034011,1,1,1,1,1,0.6611573,2
0.08101119,0.2351657,0.4968765,1,1,1,1,1,0.6582659,2
0.09288739,0.281127,0.4902496,1,1,1,1,1,0.6548129,2
0.1050415,0.3302239,0.4834958,1,1,1,1,1,0.6508039,2
0.1173866,0.3817018,0.4766037,1,1,1,1,1,0.6462578,2
0.1298403,0.4346486,0.4695622,1,1,1,1,1,0.6411992,2
0.1423271,0.7527677,0.4623708,1,1,1,1,1,0.6356565,1
0.1543276,0.7447903,0.4547829,1,1,1,1,1,0.6326693,1
0.166301,0.7368985,0.4471275,1,1,1,1,1,0.6478752,1
0.1784001,0.7290065,0.439499,1,1,1,1,1,0.6627236,1
0.1906327,0.7211217,0.4318965,1,1,1,1,1,0.6772351,1
0.2030057,0.713245,0.4243132,1,1,1,1,1,0.6914451,1
0.215514,0.7053825,0.4167492,1,1,1,1,1,0.7053738,1
0.2281627,0.6975371,0.4092014,1,1,1,1,1,0.7190487,1
0.240945,0.6897112,0.4016673,1,1,1,1,1,0.7324951,1
0.2538648,0.6819068,0.3941447,1,1,1,1,1,0.7457373,1
0.2669196,0.6741284,1,1,1,1,1,1,0.7587923,2
0.283426,0.6657381,1,1,1,1,0.9889295,1,0.7604985,2
0.3000995,0.6575774,1,1,1,1,0.9780191,1,0.7635773,2
0.3168933,0.3506883,1,1,1,1,0.9675623,1,0.7678423,2
0.3345954,0.3430803,1,1,1,1,0.9569319,1,0.7710344,2
0.3523031,0.3355987,1,1,1,1,0.9467602,1,0.7755297,2
0.3699779,0.3282189,1,1,1,1,0.9369738,1,0.7811452,2
0.7130051,0.3209257,1,1,1,1,0.9275135,1,0.7877244,1
0.7055947,0.3138486,1,1,1,1,0.9206823,1,0.8047603,1
0.6979122,0.3067434,1,1,1,1,0.9136496,1,1,2
0.6874265,0.2994831,1,1,1,1,0.9042099,1,1,2
0.6772134,0.2922853,1,1,1,1,0.8949155,1,1,2
0.6672572,0.2851467,1,1,1,1,0.8857539,1,1,2
0.6575396,0.2780614,1,1,1,1,0.8767172,1,1,2
0.6480431,0.2710238,1,1,1,1,0.8678006,1,1,1
0.6387511,0.2640286,1,1,1,1,0.8589938,1,1,1
0.6296512,0.2570737,1,1,1,1,0.8502873,1,1,1
0.2836176,0.2501543,1,1,1,1,0.8416781,1,1,2
0.2744858,1,1,1,1,1,0.8313082,1,1,2
0.2658513,1,1,1,1,1,0.8216203,1,1,2
0.2574124,1,1,1,1,1,0.8120787,1,1,2
0.2491533,1,1,1,1,1,0.8026745,1,1,2
0.2410595,1,1,1,1,1,0.7933963,1,1,2
0.2331171,1,1,1,1,1,0.7842341,1,1,2
0.2253167,1,1,1,1,1,0.7751757,1,1,2
0.2176429,1,1,1,1,1,0.7662159,1,1,2
0.2100843,1,1,1,1,1,0.7573446,1,1,1
0.2118229,1,1,1,1,1,0.7485553,1,1,1
0.2320584,1,1,1,1,1,0.7398766,1,1,1
0.2522084,1,1,1,1,1,0.7313595,1,1,1
0.2721684,1,1,1,1,1,0.7229922,1,1,1
0.2918472,1,1,1,1,1,0.7147622,1,1,1
0.5943754,1,1,1,1,1,0.7066624,1,1,0
0.6065412,1,1,1,1,1,0.6995831,1,1,0
0.6178344,1,1,1,1,0.9962727,0.6926117,1,1,0
0.6280959,1,1,1,1,0.9908119,0.6857775,1,1,0
0.6372932,1,1,1,1,0.9857136,0.6790901,1,1,0
0.6454931,1,1,1,1,0.9809669,0.672551,1,1,0
0.6527711,1,1,1,1,0.9765592,0.6661593,1,1,0
0.6592041,1,1,1,1,0.9724789,0.6599137,1,1,0
0.664868,1,1,1,1,0.9687153,0.6538137,1,1,0
0.6698356,1,1,1,1,0.9652593,0.6478583,0.6222362,1,0
0.6591856,1,1,1,1,0.9699503,0.6447455,0.6134607,1,0
0.6493009,1,1,1,1,1,0.6420287,0.6051401,1,0
0.6400926,1,1,1,1,1,0.8491068,0.5972641,1,0
0.6376344,1,1,1,1,1,0.8468191,0.5899478,1,0
0.6351007,1,1,1,1,1,0.844858,0.5828804,1,0
0.632529,1,1,1,1,1,0.8432226,0.5760636,1,0
0.6299511,1,1,1,1,1,0.8419115,0.5694983,1,0
0.627398,1,1,1,1,1,0.8409189,0.5631813,1,0
0.62489,1,1,1,1,1,0.8402422,0.5571116,1,0
0.622449,1,1,1,1,1,0.8398744,0.5512847,1,0
0.6200917,1,1,1,1,1,0.8398085,0.5456954,1,0
0.6178263,1,1,1,1,1,0.8400399,0.5403411,1,0
0.6156637,1,1,1,1,1,0.8405607,0.5352162,1,0
0.6136109,1,1,1,1,1,0.8413623,0.5303141,0.5586701,0
0.6073458,1,1,1,1,1,1,0.5260733,0.5490186,0
0.6013675,1,1,1,1,1,1,0.522221,0.5399216,0
0.5956506,1,1,1,1,1,1,0.5187575,0.5313615,0
0.5901772,1,1,1,1,1,1,0.5156816,0.5233184,0
0.584922,1,1,1,1,1,1,0.7123014,0.515781,0
0.5809863,1,1,1,1,1,1,0.7105712,0.5089365,0
0.5771385,1,1,1,1,1,1,0.7092636,0.5024979,0
0.5733951,1,1,1,1,1,1,0.7083756,0.4964589,0
0.5697686,1,1,1,1,1,1,0.7079033,0.4908129,0
0.5662643,1,1,1,1,1,1,0.7078446,0.485555,0
0.5628921,1,1,1,1,1,1,0.7081902,0.4806737,0
0.559652,1,1,1,1,1,1,0.7089365,0.4761631,0
0.556549,1,0.9980457,1,1,1,1,0.710072,0.4720107,0
0.5535846,1,0.8810107,1,1,1,1,0.7115859,0.468207,0
0.5509539,1,0.8732544,1,1,1,1,0.7133018,0.464747,0
0.5484782,1,0.8656285,1,1,1,1,0.7153215,0.4616018,0
0.5461566,1,0.8581104,1,1,1,1,0.717621,0.653856,0
0.5466436,1,0.84947,1,1,1,1,1,0.6511958,1
0.5506322,1,0.8392703,1,1,1,1,1,0.648556,1
0.5545961,1,0.8291284,1,1,1,1,1,0.6458927,1
0.5585259,1,0.8190379,1,1,1,1,1,0.6432108,1
0.5624198,1,0.808996,1,1,1,1,1,0.6405091,1
0.5662723,1,0.7989968,1,1,1,1,1,0.6377897,1
0.5700824,1,0.7946576,1,1,1,1,1,0.635052,1
0.5738322,1,0.8201166,1,1,1,1,1,0.6322978,1
0.5774468,1,0.8437316,1,1,1,1,1,0.62953,1
0.5809277,1,0.865389,1,1,1,1,1,0.6267513,1
0.584277,1,0.8850133,1,1,1,1,1,0.6239647,1
0.5874935,1,0.902545,1,1,1,1,1,0.6211764,1
0.5905837,1,0.9180022,1,1,1,1,1,0.6183868,1
0.5935462,1,0.9313909,1,1,1,1,1,0.6156027,1
0.5963878,1,0.942788,1,1,1,1,1,0.6128248,1
0.5991113,1,0.9482381,1,1,1,1,1,0.6100569,1
0.6017292,0.8252603,0.9387372,1,1,1,1,1,0.6073034,1
0.6058086,0.8123404,0.9286488,1,1,1,1,1,0.6045682,1
0.6099564,0.7994415,0.918573,1,1,1,1,1,0.6018127,1
0.6141705,0.7865663,0.9085085,1,1,1,1,1,0.5990368,1
0.6184488,0.773721,0.8984568,1,1,1,1,1,0.5962406,1
0.6227888,0.7609147,0.8884226,1,1,1,1,1,0.5934243,1
0.627188,0.748149,0.8784043,1,1,1,1,1,0.5905877,1
0.6316473,0.7354322,0.8684059,1,1,1,1,1,0.5877277,1
0.6361604,0.722765,0.8584257,1,1,1,1,1,0.5848473,1
1,0.7101548,0.8484676,1,1,1,1,1,0.5819461,0
1,0.703351,0.8399949,1,1,1,1,1,0.5788862,0
1,0.6963825,0.8315231,1,1,1,1,1,0.5759838,0
1,0.6892366,0.8230451,1,1,1,1,1,0.5732309,0
1,0.6818973,0.8145506,1,1,1,1,1,0.5706223,0
1,0.6743487,0.8060293,1,1,1,1,1,1,2
1,0.658088,0.7948505,1,1,1,1,1,1,2
1,0.6419992,0.7837657,1,1,1,1,1,1,2
1,0.6261066,0.8430558,1,1,1,1,1,1,2
1,0.6106096,0.9191653,1,1,1,1,1,1,2
1,0.5955125,1,1,1,1,1,1,1,2
1,0.5807842,1,1,1,1,1,1,1,2
1,0.5662404,1,1,1,1,1,1,1,2
1,0.5518885,1,1,1,1,1,1,1,2
1,0.5377351,1,1,1,1,1,1,1,2
1,0.5237885,1,1,1,1,1,1,1,2
1,0.5100558,1,1,1,1,1,1,1,2
1,0.4965358,1,1,1,1,1,1,1,2
1,0.4895922,1,1,1,1,1,1,1,2
0.6871299,0.5071675,1,1,1,1,1,1,1,2
0.6548851,0.536267,1,1,1,1,1,1,0.9781132,2
0.6253074,0.5673229,1,1,1,1,1,1,0.9215469,2
0.5991094,0.598333,1,1,1,1,1,1,0.8880497,2
0.5751681,0.6300131,1,1,1,1,1,1,0.8664732,2
0.5528983,0.6627849,1,1,1,1,1,1,0.851959,2
0.5319636,0.6538497,1,1,1,1,1,1,0.8419806,2
0.5117732,0.6409653,1,1,1,1,1,1,0.8328046,2
0.492278,0.6283776,1,1,1,1,1,1,0.8241509,2
0.4734647,0.6160876,1,1,1,1,1,1,0.8160623,2
0.4553156,0.6527457,1,1,1,1,1,1,0.8085588,2
0.4380832,0.6949556,1,1,1,1,1,1,0.8034132,2
0.4325257,0.7395904,1,1,1,1,1,1,0.8001857,2
0.4461577,0.7860156,1,1,1,1,1,1,0.7992324,2
0.4596604,0.8328241,1,1,1,1,1,1,0.8012824,2
0.473045,0.8799709,1,1,1,1,1,1,0.8056238,2
0.4863259,0.9274215,1,1,1,1,1,1,0.8117663,2
0.4995138,0.9751365,1,1,1,1,1,1,0.8193558,2
0.5126168,1,1,1,1,1,1,1,0.8281121,2
0.5257969,1,1,1,1,1,1,1,0.8372957,2
0.5392359,1,1,1,1,1,1,1,0.8462704,2
0.5529245,1,1,1,1,1,1,1,0.8550824,2
0.5668589,1,1,1,1,1,1,1,0.8637549,2
0.5810298,1,1,1,1,1,1,1,0.8723157,2
0.5753068,1,1,1,1,1,1,1,0.8807938,2
0.5626961,1,1,1,1,1,1,1,0.8881127,2
0.5500587,1,1,1,1,1,1,1,0.8940591,2
0.5374478,1,1,1,1,1,1,1,0.8988061,2
0.5420465,1,1,1,1,1,1,1,0.9025219,2
0.5587348,1,1,1,1,1,1,1,0.9062064,2
0.5756034,1,1,1,1,1,1,1,0.9104356,2
0.5926474,1,1,1,1,1,1,1,1,2
0.6127965,1,1,1,1,1,1,1,1,2
0.6331292,1,1,1,1,1,1,1,1,2
0.6536014,1,1,1,1,1,1,1,1,2
0.6741616,1,1,1,1,1,1,1,1,2
0.6947635,1,1,1,1,1,1,1,1,2
0.7153544,1,1,1,1,1,1,1,1,2
0.7358878,1,1,1,1,1,1,1,1,2
0.7563168,1,1,1,1,1,1,1,1,2
0.77659,1,1,1,1,1,1,1,1,2
0.7966684,1,1,1,1,1,1,1,1,2
0.8165029,1,1,1,1,1,1,1,1,1
0.8360521,1,1,1,1,1,1,1,1,1
0.8552771,1,1,1,1,1,1,1,1,1
0.8741401,1,1,1,1,1,1,1,1,1
1,1,1,1,1,1,1,1,1,1
1,1,1,1,1,1,1,1,1,1
1,1,1,1,1,1,1,1,1,1
1,1,1,1,1,1,1,1,1,1
1,1,1,1,1,1,1,1,1,1
1,1,1,1,1,1,1,1,1,1
1,1,1,1,1,1,1,1,1,1
1,1,1,1,1,1,1,1,1,1
1,1,0.9970511,1,1,1,1,1,1,1
1,1,0.9895479,1,1,1,1,1,1,1
1,1,0.9820015,1,1,1,1,1,1,1
1,1,0.9744161,1,1,1,1,1,1,1
1,1,0.9667891,1,1,1,0.9951967,1,1,1
1,1,0.959051,1,1,1,0.9878825,1,1,1
1,1,0.9511698,1,1,1,0.9807124,1,1,1
1,1,0.9431456,1,1,1,0.9736893,1,1,1
1,1,0.9349856,1,1,1,0.96681,1,1,1
1,1,0.9266946,1,1,1,0.9600754,1,1,1
1,1,1,1,1,1,0.953486,1,1,1
1,1,1,1,1,1,0.9466262,1,1,1
1,1,1,1,1,1,0.9398702,1,1,1
1,1,1,1,1,1,0.9332197,1,1,1
1,1,1,1,1,1,0.9266726,1,1,1
1,1,1,1,1,1,0.920231,1,1,1
1,1,1,1,1,1,1,1,1,1
1,1,1,1,1,1,1,1,1,1
1,1,1,1,1,1,1,1,1,1
1,1,1,1,1,1,1,1,1,1
1,1,1,1,1,1,1,1,1,1
1,1,1,1,1,1,1,1,1,1
1,1,1,1,1,1,1,1,1,1
1,1,1,1,1,1,1,1,1,1
1,1,1,1,1,1,1,1,1,1
1,1,1,1,1,1,1,1,1,1
1,1,1,1,1,1,1,1,1,1
1,1,1,1,1,1,1,1,1,1
1,1,1,1,1,1,1,1,1,1
1,1,1,1,1,1,1,1,1,1
1,1,1,1,1,1,1,1,1,1
1,1,1,1,1,1,1,1,1,1
1,1,1,1,1,1,1,1,1,1
1,1,1,1,1,1,1,1,1,1
1,1,1,1,1,1,1,1,1,1
1,0.6880718,1,1,1,1,1,1,1,1
1,0.6807467,1,1,1,1,1,1,1,1
1,0.6734333,1,1,1,1,1,1,1,1
1,0.6661316,1,1,1,1,1,1,1,1
1,0.6588416,1,1,1,1,1,1,1,1
1,0.6515666,1,1,1,1,1,1,1,1
1,0.6443035,1,1,1,1,1,1,1,1
1,0.6370525,1,1,1,1,1,1,1,1
1,0.6298136,1,1,1,1,1,1,1,1
1,0.6225897,1,1,1,1,1,1,1,1
1,0.6153781,1,1,1,1,1,1,1,1
1,0.6081817,1,1,1,1,1,1,1,1
1,0.6009975,1,1,1,1,1,1,1,1
1,0.5938256,1,1,1,1,1,1,1,1
1,0.5866689,1,1,1,1,1,1,1,1
1,0.5795245,1,1,1,1,1,1,1,1
1,0.5723953,1,1,1,1,1,0.611231,1,0
1,0.5659825,1,1,1,1,1,0.6034425,1,0
1,0.5595734,1,1,1,1,1,0.5959047,1,0
1,0.5531669,1,1,1,1,1,0.5886204,1,0
1,0.5467573,1,1,1,1,1,0.5815855,1,0
1,0.5403418,1,1,1,1,1,0.5747958,1,0
1,0.5339137,1,1,1,1,1,0.5682492,1,0
1,0.5274688,1,1,1,1,1,0.5619406,1,0
1,0.5210024,1,1,1,1,1,0.5558672,1,0
1,0.5145062,1,1,1,1,1,1,1,2
1,0.5059558,1,1,1,1,1,1,1,2
1,0.49746,1,1,1,1,1,1,1,2
1,0.4890185,1,1,1,1,1,1,1,2
1,0.4806276,1,1,1,1,1,1,1,2
1,0.4722901,1,1,1,1,1,1,1,2
1,0.4640052,1,1,1,1,1,1,1,2
1,0.4557725,1,1,1,1,1,1,1,2
1,0.4688441,1,1,1,1,1,1,1,1
0.5290045,0.51575,1,1,1,1,1,1,1,2
0.5143891,0.60324,1,1,1,1,1,1,1,2
0.5005549,1,1,1,1,1,1,1,1,2
0.4879819,1,1,1,1,1,1,1,1,2
0.4757277,1,1,1,1,1,1,1,1,2
0.4637903,1,1,1,1,1,1,1,1,2
0.4521697,1,1,1,1,1,1,1,1,2
0.4408613,1,1,1,1,1,1,1,1,2
0.42986,1,1,1,1,1,1,1,1,2
0.4191632,1,1,1,1,1,1,1,0.5040885,0
0.4125963,1,1,1,1,1,1,1,0.4938939,0
0.4059897,1,1,1,1,1,1,1,0.4837922,0
0.3993367,1,1,1,1,1,1,1,0.4737913,0
0.3926335,1,1,1,1,1,1,1,0.4638949,0
0.385873,1,1,1,1,1,1,1,0.4541103,0
0.3790548,1,1,1,1,1,1,1,0.4444405,0
0.3877203,1,1,1,1,1,1,1,0.4348884,0
0.3960488,1,1,1,1,1,1,1,0.425386,0
0.4038014,1,1,1,1,1,1,1,0.4159481,0
0.4109913,1,1,1,1,1,1,1,0.4367951,0
0.4183693,1,1,1,1,1,1,1,0.459896,0
0.4260013,1,1,1,1,1,1,1,0.4830846,0
0.4339066,1,1,1,1,1,1,1,0.5062444,0
0.4420968,1,1,1,1,0.9904574,1,1,1,2
0.462638,1,1,1,1,0.9943308,1,1,1,2
0.4837877,1,1,1,1,0.9978595,1,1,1,2
0.505511,1,1,1,1,1,1,1,1,2
0.5277375,1,1,1,1,1,1,1,1,2
1,1,1,1,1,1,1,1,1,1
1,1,1,1,1,0.993414,1,1,1,1
1,1,1,1,0.9950905,0.9808632,1,1,1,1
1,1,1,1,0.9859036,0.9675506,1,1,1,1
1,1,1,1,0.9774476,0.9533104,1,1,1,1
1,1,1,1,0.9697222,0.9381728,1,1,1,1
1,1,1,1,0.9627345,0.9221779,1,1,1,1
1,1,1,1,0.9564924,0.9053812,1,1,1,0
1,1,1,1,0.9510061,0.8878419,1,1,1,0
1,1,1,1,0.9462822,0.8696268,1,1,1,0
1,1,1,1,0.942333,0.850815,1,1,1,0
1,1,1,1,0.939172,0.8314856,1,1,1,0
1,1,1,1,0.9368129,0.8117257,1,1,1,0
1,1,1,1,0.9352661,0.7916242,1,1,1,0
1,1,1,1,0.9345509,0.7880141,1,1,1,0
1,1,1,1,0.9340695,0.7852491,1,1,1,0
1,1,1,1,0.9337934,0.7826147,1,1,1,0
1,1,1,1,0.9337153,0.780105,1,1,1,0
1,1,1,1,0.9338279,0.7777144,1,1,1,0
1,1,1,1,0.9341295,0.7754414,0.9989102,1,1,0
1,1,1,1,0.934662,0.773309,0.9645283,1,1,0
1,1,1,1,0.9369599,0.7722081,0.9290153,1,1,0
1,1,1,1,1,0.7721611,0.8927978,1,1,0
1,1,1,1,1,0.7720729,0.8585736,1,1,0
1,1,1,1,1,0.7730997,0.8239447,1,1,0
1,1,1,1,1,0.7752936,0.7892158,1,1,0
1,1,1,1,1,0.7787108,0.7546779,1,1,0
1,1,1,1,1,0.7833989,0.7205898,1,1,0
1,1,1,1,1,0.7894143,0.6871685,1,1,0
1,1,1,1,1,0.7968053,0.6546057,1,1,0
1,1,1,1,1,0.8056245,0.6318397,1,1,0
1,1,1,1,1,0.8156115,0.6339766,1,1,0
1,1,1,1,1,0.825915,0.6362696,1,1,0
1,1,1,1,1,1,0.638703,1,1,0
1,1,1,1,1,1,0.639085,1,1,0
1,1,1,1,1,1,0.639635,0.9626271,1,0
1,1,1,1,1,1,0.6411892,0.8809004,1,0
1,1,1,1,1,1,0.6448355,0.8459035,1,0
1,1,1,1,1,1,0.6496257,0.8462231,1,0
1,1,1,1,1,1,0.6547626,0.8468701,0.9623262,0
1,1,1,1,1,1,0.6612522,0.8174082,0.9567645,0
1,1,1,1,1,1,0.6691183,0.7472926,0.9516426,0
1,1,1,1,1,1,0.6790599,0.6811998,0.9469829,0
1,1,1,1,1,1,0.6900475,0.6219321,0.9429487,0
1,1,1,1,1,1,0.7021664,0.5684534,0.9395366,0
1,1,1,1,1,1,1,0.5199337,0.9367408,0
1,1,1,1,1,1,1,0.5099397,0.9345561,0
1,1,1,1,1,1,1,0.5129039,0.9329845,0
1,1,1,1,1,1,1,0.5163869,0.9320232,0
1,1,1,1,1,1,1,0.5203241,0.9316473,0
0.9947321,1,1,1,1,1,1,0.524709,0.9318374,0
0.9877383,1,1,1,1,1,1,0.5294591,0.7813402,0
1,1,1,1,1,1,1,1,1,1
1,1,1,1,1,1,1,1,1,1
1,1,1,1,1,1,1,1,1,1
1,1,1,1,1,1,1,1,1,1
1,1,1,1,1,1,1,1,1,1
1,1,1,1,1,1,1,1,1,1
1,1,1,1,1,1,1,1,1,1
1,1,1,1,1,1,1,1,1,1
1,1,1,1,1,1,1,1,1,1
1,1,1,1,1,1,1,1,1,1
1,1,1,1,1,1,1,1,1,1
1,1,1,1,1,1,1,1,1,1
1,1,1,1,1,1,1,1,1,1
1,1,1,1,1,1,1,1,1,1
1,1,1,1,1,1,1,1,1,1
1,1,1,1,1,1,1,1,1,1
1,1,1,1,1,1,1,1,1,1
1,1,1,1,1,1,1,1,1,1
1,1,1,1,1,1,1,1,1,1
1,1,1,1,1,1,1,1,1,1
1,1,1,1,1,1,1,1,1,1
1,1,1,1,1,1,1,1,1,1
1,1,1,1,1,1,1,1,1,1
1,1,1,1,1,1,1,1,1,1
1,1,1,1,1,1,1,1,1,1
1,1,1,1,1,1,1,1,1,1
1,1,1,1,1,1,1,1,1,1
1,1,1,1,1,1,1,1,1,1
1,1,1,1,1,1,1,1,1,1
1,1,1,1,1,1,1,1,1,1
1,1,1,1,1,1,1,1,1,1
1,1,1,1,1,1,1,1,1,1
1,1,1,1,1,1,1,1,1,1
1,1,1,1,1,1,1,1,1,1
1,1,1,1,1,1,1,1,1,1
1,1,1,1,1,1,1,1,1,1
1,1,1,1,1,1,1,1,1,1
1,1,1,1,1,1,1,1,1,1
1,1,1,0.9911038,1,1,1,1,1,1
1,1,0.99885,0.9809378,1,1,1,1,1,1
1,1,0.9963322,0.9707559,1,1,1,1,1,1
1,1,0.9969398,0.9605544,1,1,0.9957158,1,1,1
1,1,0.9975277,0.9503564,1,1,0.9848003,1,1,1
1,1,0.9978361,0.9401808,1,1,0.9738228,1,1,1
1,1,0.9978724,0.9300264,1,1,0.9627868,1,1,1
1,1,0.9976452,0.9198918,1,1,0.951696,1,1,1
0.9638296,1,0.9971563,0.9097759,1,1,0.9405543,1,1,1
0.9214469,1,0.999585,0.8994464,1,1,0.9300014,1,1,1
0.874411,1,1,0.8888841,1,1,0.92011,1,1,2
0.8613938,1,1,0.878076,1,1,0.9109681,1,1,2
0.8627027,1,1,0.8672487,1,1,0.9019808,1,1,2
0.864035,1,1,0.8564843,1,1,0.8928887,1,1,2
0.8653834,1,1,0.84578,1,1,0.8836869,1,1,2
0.8667432,1,1,0.8351329,1,1,0.8743711,1,1,1
0.868107,1,1,0.8245429,1,1,0.8649408,1,1,1
0.8694705,1,1,0.8140038,1,1,0.8553894,1,1,1
0.8708237,1,1,0.8035157,1,1,0.845718,1,1,1
0.8721626,1,1,0.7930728,1,1,0.8359213,1,1,1
0.8734809,1,1,0.782672,1,1,0.8259982,1,1,1
0.8747751,1,1,0.7723137,1,1,0.8159519,1,1,1
0.8760363,1,1,0.7619923,1,1,0.8057791,1,1,1
0.8772623,1,1,0.7517084,1,1,0.7954843,1,1,1
0.8784474,0.9878293,1,0.7414563,1,1,0.7850658,1,1,1
0.8797013,0.9708894,1,0.7400218,1,1,0.7746842,1,1,1
0.8810522,0.9538122,1,0.7610864,1,1,0.7643728,1,1,1
0.8824677,0.9367307,1,0.78403,1,1,0.7540852,1,1,1
0.8839486,0.9196588,1,0.8089849,1,1,0.7438115,1,1,1
0.8854914,0.9026187,0.7357267,0.8360633,1,1,0.7335486,1,1,2
0.888365,0.881992,0.7231456,1,1,1,0.7249013,1,1,2
0.891239,0.8620383,0.7107712,1,1,1,0.7160714,1,1,2
0.8943363,0.8421238,0.6984121,1,1,1,0.7073411,1,1,2
0.8976573,0.8222974,0.6860839,1,1,1,0.6986956,1,1,2
0.9012011,0.8026043,0.6738008,1,1,1,0.6901194,1,1,2
0.9049617,0.7830902,0.6615793,1,1,1,0.6815996,1,1,2
0.9089358,0.7637917,0.6494309,1,1,1,0.6731187,1,1,2
0.913115,0.7447408,0.6373659,1,1,1,0.6646588,1,1,2
0.9174929,0.7259642,0.6253928,1,1,1,0.6562015,1,1,2
0.9220549,0.7074845,0.6135182,1,1,1,0.647728,1,1,2
0.9267926,0.6893228,0.6017509,1,1,1,0.6392233,1,1,2
0.9316893,0.6737297,0.5900943,1,1,1,0.630669,1,1,2
0.9367045,0.6822658,0.5785608,1,1,0.7469161,0.6220207,1,1,1
0.9399735,0.6875297,0.5677899,1,1,0.7348573,0.6114889,1,1,1
1,0.6922757,0.5571611,1,1,0.7244536,0.6006104,1,1,1
1,0.6947184,0.5469735,1,1,0.7198642,0.5885338,1,1,1
1,0.6969074,0.5368282,1,1,0.7158793,0.5763426,1,1,1
1,0.6988648,0.5267158,1,1,1,0.5640522,1,1,1
1,0.7040207,0.516068,1,1,1,0.5532396,1,1,1
1,0.7089089,0.505505,1,1,1,0.5422367,1,1,1
1,0.7135264,0.495016,1,1,1,0.5310524,1,1,1
1,0.7178726,0.4845937,1,1,1,0.5196997,1,1,1
1,0.7219482,0.4791942,1,1,1,0.5081919,1,1,1
1,0.7257048,0.4882752,1,1,1,0.4965207,1,1,1
1,0.7290145,0.4964457,1,1,1,0.4846531,1,1,1
1,0.7318964,0.5037055,1,1,1,0.4726122,1,1,1
0.8372315,0.7343758,0.5100793,1,1,1,0.4604235,1,1,2
0.8051811,0.7420927,0.5282561,1,1,1,0.4500949,1,1,2
0.7734101,0.7503003,0.5481197,1,1,1,0.4398057,1,1,2
0.7420565,0.4993625,0.5697385,1,1,1,0.4295376,1,1,2
0.7017895,0.4819075,1,1,1,0.5741287,0.4214303,1,1,1
0.6761456,0.4683695,1,1,1,0.5640978,0.4101632,1,1,1
0.6499922,0.4546748,1,1,1,0.553229,0.3990589,1,1,2
0.6235038,0.4408695,1,1,1,0.5416282,0.3881007,1,1,2
0.5968343,0.4269891,1,1,1,0.529425,0.3772588,1,1,2
0.5701481,0.4130793,1,1,1,0.5167426,0.3665147,1,1,2
0.5582162,0.3991731,1,1,1,0.5037092,0.3558377,1,1,2
0.5628136,0.3854586,1,1,1,0.4910443,0.3450545,1,1,2
0.5672808,0.3720883,1,1,1,0.4793965,0.3339919,1,1,2
0.5716156,0.3590199,1,1,1,0.4686292,0.3226738,1,1,1
0.5758112,0.3462124,1,1,1,0.4586399,0.3111206,1,1,1
0.5798655,0.3336324,1,1,1,0.4493354,0.2993571,1,1,1
0.5837775,0.3212465,1,1,1,0.4406362,0.290339,1,1,1
0.5875785,0.3090112,1,1,1,0.4323945,0.2855056,1,1,1
0.5913122,0.3001833,1,1,1,0.4244511,0.2807671,1,1,1
0.5949537,0.3055735,1,1,1,0.4168394,0.2761392,1,1,1
0.5983862,0.3107132,1,1,1,0.4098112,0.27172,1,1,1
0.6016294,0.3156177,1,1,1,0.4032741,0.2674782,0.4142262,1,0
0.5972557,0.3105829,1,1,1,1,0.2703502,0.3737099,1,0
0.4083651,0.3097077,1,1,1,1,0.270423,0.3431038,1,0
0.3915988,0.3115488,1,1,1,1,0.2683598,0.3180216,1,0
0.374567,0.3132614,1,1,1,1,0.2663813,0.2933699,1,0
0.3572179,0.3148667,1,1,1,1,0.2644733,0.2691622,1,0
0.3395101,0.3163899,1,1,1,1,0.2626173,0.245408,1,0
0.3214149,0.3178442,1,1,1,1,0.2608051,0.2221146,1,0
0.3029023,0.319247,1,1,1,1,0.2590244,0.1992743,1,0
0.283942,0.3206187,1,1,1,1,0.2572587,0.1768662,1,0
0.2645243,0.3219779,1,1,1,1,0.2554924,0.1728167,1,1
0.244319,0.3236119,1,1,1,1,0.2534774,0.1709408,1,1
0.2276983,0.3255473,1,1,1,1,0.2511872,0.1690084,1,1
0.2295754,0.3277068,1,1,1,1,0.2486891,0.167034,1,1
0.2314153,0.3297846,1,1,1,1,0.2462459,0.1650888,1,1
0.2332164,1,1,1,1,1,0.2438579,0.1631749,0.3323396,0
0.2327538,1,1,1,1,1,0.2483204,0.1632359,0.1570974,0
0.2321752,1,1,1,1,1,1,0.1636149,0.1401618,0
0.2314839,1,1,1,1,1,1,0.1643237,0.1392906,0
0.2306829,1,1,1,1,1,1,0.1653757,0.1386858,0
0.2297713,1,1,1,1,1,1,0.1667896,0.138352,0
0.2287545,1,1,1,1,1,1,0.1685784,0.1382883,0
0.227631,1,1,1,1,1,1,0.1707649,0.1385008,0
0.2264053,1,1,1,0.9913318,1,1,0.1733661,0.1389903,0
0.2250752,1,1,1,0.9811503,0.9959775,1,0.1764094,0.1397642,0
0.2236443,1,1,1,0.9714015,0.9824537,1,0.1799171,0.1408248,0
0.22211,1,1,1,0.9620759,0.9694521,1,1,0.1421814,1
0.2215133,1,1,1,0.9521872,0.9590581,1,1,0.14278,1
0.2208968,1,1,1,0.9422997,0.9486849,1,1,0.1434033,1
0.2202606,1,1,1,0.9324121,0.9383323,1,1,0.1440508,1
0.2196048,1,1,1,0.922527,0.9280027,1,1,0.1447224,1
0.2189296,1,1,1,0.9126405,0.9176928,1,1,0.1454178,1
0.218238,1,1,1,0.902755,0.907405,1,1,0.1461335,1
0.21753,1,1,1,0.8928667,0.8971356,1,1,0.1468693,1
0.2168088,1,1,1,0.8829781,0.8868869,1,1,1,2
0.2173578,1,1,1,0.8720244,0.8791047,1,1,1,2
1,1,1,1,0.8614656,0.8716592,1,1,1,1
1,1,1,1,0.8514785,0.8614464,1,1,1,1
1,1,1,1,0.8414923,0.8512298,1,1,1,1
1,1,1,1,0.8315071,0.84101,1,1,1,1
1,1,1,1,0.821523,0.8307875,1,1,1,1
1,1,1,1,0.8115399,0.820563,1,1,1,1
1,1,1,1,0.801558,0.8103369,1,1,1,1
1,1,1,1,0.791577,0.8001097,1,1,1,1
1,1,1,1,0.781597,0.7898818,1,1,1,1
1,1,1,1,0.7716181,0.779654,1,1,1,1
1,1,1,1,0.7616431,0.7694296,1,1,1,1
1,1,1,1,0.7516691,0.7592061,1,1,1,1
1,1,1,1,0.7416961,0.7489837,1,1,1,1
1,1,1,1,0.7317237,0.7387632,1,1,1,1
1,1,1,1,0.7217523,0.7285447,0.7840092,1,1,0
1,1,1,1,0.7118773,0.7179787,0.7715992,1,1,0
1,1,1,1,0.7020177,0.7074336,0.7592252,1,1,0
1,1,1,1,0.6921762,0.6969145,0.7468975,1,1,0
1,1,1,1,0.6823522,0.6864231,0.7346217,1,1,0
1,1,1,1,0.6725448,0.6759609,0.7224031,1,1,0
1,1,1,1,0.6627531,0.6655288,0.710246,1,1,0
1,1,1,1,0.6529759,0.6551276,0.6981544,1,1,0
1,1,1,1,0.6432117,0.6447576,0.6861312,1,1,0
1,1,1,1,0.6334593,0.6344188,0.6741788,1,1,0
1,1,1,1,0.62372,0.6241142,0.6623023,1,1,0
1,1,1,1,0.613989,0.61384,0.6504996,1,1,0
1,1,1,1,0.6042679,0.6035988,0.6387746,1,1,0
1,1,1,1,0.5945517,0.5933867,0.6271242,1,1,0
1,1,1,1,0.5848417,0.5832055,0.6155512,1,1,0
1,1,1,1,0.5751333,0.573051,0.6040519,1,1,0
1,1,1,1,0.5654278,0.5629252,0.5926284,1,1,0
1,1,1,1,0.5557235,0.5528266,0.5812792,1,1,0
1,1,1,1,0.5460159,0.5427507,0.5699995,1,1,0
1,1,1,1,0.5363066,0.5326993,0.5587907,1,1,1
1,1,1,1,0.5265943,0.5226708,0.5476508,1,1,1
1,1,1,1,0.5168777,0.5126638,0.5365773,1,1,1
1,1,1,1,0.5071527,0.502674,0.5255651,1,1,1
1,1,1,1,1,0.492703,0.5146148,1,1,0
1,1,1,1,1,0.4827127,0.5032812,1,1,0
1,1,1,1,1,0.4727572,0.4920407,1,1,0
1,1,1,1,1,0.4628371,0.4808933,1,1,0
1,1,1,1,1,0.452947,0.4698325,1,1,0
1,1,1,1,1,0.4430844,0.4588549,1,1,0
1,1,1,1,1,0.4332502,0.44796,1,1,0
1,1,1,1,1,0.4234391,0.4371414,1,1,0
1,1,1,1,1,0.413652,0.4263987,0.5327638,1,0
1,1,1,1,1,0.4040467,0.4145294,0.5128377,1,0
1,1,1,1,1,0.394584,0.4029697,0.4938551,1,0
1,1,1,1,1,0.3852473,0.3916984,0.4757514,1,0
1,1,1,1,1,0.3760175,0.3806915,0.458459,1,0
1,1,1,1,1,0.3668769,0.3699253,0.4419125,1,0
1,1,1,1,1,1,0.3593802,0.4260531,1,0
1,1,1,1,1,1,0.3488989,0.4100254,1,0
1,1,1,1,1,1,0.3386348,0.3946188,1,0
1,1,1,1,1,1,0.3285741,0.3797952,1,0
1,1,1,1,1,1,0.3187003,0.3655137,1,0
1,1,1,1,1,1,0.3089977,0.3517354,1,0
1,1,1,1,1,1,0.2994511,0.3384232,1,0
1,1,1,1,1,1,0.2900464,0.325542,0.4716384,0
1,1,1,1,1,1,0.2807606,0.312018,0.4449233,0
1,1,1,1,1,1,0.2716925,0.298999,0.4198771,0
1,1,1,1,1,1,1,0.2864579,0.3963552,0
1,1,1,1,1,1,1,0.2743699,0.37423,0
1,1,1,1,1,1,1,0.2627148,0.353392,0
1,1,1,1,1,1,1,0.2514711,0.3337393,0
1,1,1,1,1,1,1,0.2406186,0.315181,0
1,1,1,1,1,1,1,0.2301388,0.297635,0
1,1,1,1,1,1,1,0.2200175,0.2810318,0
1,1,1,1,1,1,1,0.2102353,0.2653009,0
1,1,1,1,1,1,1,0.2007804,0.2503861,0
1,1,1,1,1,1,1,0.2067035,0.2362329,0
1,1,1,1,1,1,1,0.2592724,0.2227917,0
1,1,1,1,1,1,1,0.3249668,0.2100213,0
1,1,1,1,1,1,1,0.4089854,0.1978768,0
1,1,1,1,1,1,1,0.5197172,0.1863208,0
1,1,1,1,1,1,1,1,0.1753227,0
1,1,1,1,1,1,1,1,0.1669762,0
1,1,1,1,1,1,1,1,0.1865709,0
1,1,1,1,1,1,1,1,0.2073822,0
1,1,1,1,1,1,1,1,0.2294059,0
1,1,1,1,1,1,1,1,0.2526474,0
1,1,1,1,1,1,1,1,0.277082,0
1,1,1,1,1,1,1,1,0.3026944,0
1,1,1,1,1,1,1,1,0.3294436,0
1,1,1,1,1,1,1,1,0.3572839,0
1,1,1,1,1,1,1,1,0.3861654,0
1,1,1,1,1,1,1,1,0.4160104,0
1,1,1,1,1,1,1,1,0.446745,0
1,1,1,1,1,1,1,1,0.4782762,0
1,1,1,1,1,1,1,1,1,1
1,1,1,1,1,1,1,1,1,1
1,1,1,1,1,1,1,1,1,1
1,1,1,1,1,1,1,1,1,1
1,1,1,1,1,1,1,1,1,1
1,1,1,1,1,1,1,1,1,1
1,1,1,1,1,1,1,1,1,1
1,1,1,1,1,1,1,1,1,1
1,1,1,1,1,1,1,1,1,1
1,1,1,1,1,1,1,1,1,1
1,1,1,1,1,1,1,1,1,1
1,1,1,1,1,1,1,1,1,1
1,1,1,1,1,1,1,1,1,1
1,1,1,1,1,1,1,1,1,1
1,1,1,1,1,1,0.9935008,1,1,1
1,1,1,1,1,1,0.9866883,1,1,1
1,1,1,1,1,1,0.9797993,1,1,1
1,1,1,1,1,1,0.9728349,1,1,1
1,1,1,1,1,1,0.9657964,1,1,1
1,1,1,1,1,1,0.9586814,1,1,1
1,1,1,1,1,1,0.9514914,1,1,1
1,1,1,1,1,1,0.9442245,1,1,1
1,1,1,1,1,1,0.9368827,1,1,1
1,1,1,1,1,1,0.9294679,1,1,1
1,1,1,1,1,1,0.9219786,1,1,1
1,1,1,1,1,1,0.9144171,1,1,1
1,1,1,1,1,1,0.9067861,1,1,1
1,1,1,1,1,1,0.8990844,1,1,1
1,1,1,1,1,1,0.8913148,1,1,1
1,1,1,1,1,1,0.8834767,1,1,1
1,1,1,1,1,1,0.8755732,1,1,1
1,1,1,1,1,1,0.8676071,1,1,1
1,1,1,1,1,1,0.8595784,1,1,1
1,1,1,1,1,1,0.8514902,1,1,1
1,1,1,1,1,1,0.843346,1,1,1
1,1,1,1,1,1,0.8351458,1,1,1
1,1,1,1,1,1,0.826893,1,1,1
1,1,1,1,1,1,0.8185877,1,1,1
1,1,1,1,1,1,0.8102371,1,1,1
1,1,1,1,1,1,0.801841,1,1,1
1,1,1,1,1,1,0.7933999,1,1,1
1,1,1,1,1,1,0.7849208,1,1,1
1,1,1,1,1,1,0.7764038,1,1,1
1,1,1,1,1,1,0.7678524,1,1,1
1,1,1,1,1,1,0.7592667,1,1,2
1,1,1,1,1,1,0.7506536,1,1,2
1,1,1,1,1,1,0.7420133,1,1,2
1,1,1,1,1,1,0.7333453,1,1,2
1,1,1,1,1,1,0.7246565,1,1,2
1,1,1,1,1,1,0.7159464,1,1,2
1,1,1,1,1,1,0.7072214,1,1,2
1,1,1,1,1,1,0.6984812,1,1,2
1,1,1,1,1,1,0.6897283,1,1,2
1,1,1,1,1,1,0.6809622,1,1,2
1,1,1,1,1,1,0.6721884,1,1,2
1,1,1,1,1,1,0.6634061,1,1,2
1,1,1,1,1,1,0.6546207,1,1,2
1,1,1,1,1,1,0.6458309,1,1,2
1,1,1,1,1,1,0.6370386,1,1,2
1,1,1,1,1,1,0.6282454,1,1,2
1,1,1,1,1,1,0.6194529,1,1,2
1,1,1,1,1,1,0.6106623,1,1,2
1,1,1,1,1,1,0.6018751,1,1,2
1,1,1,1,1,1,0.5930921,1,1,2
1,1,1,1,1,1,0.5843144,0.554716,1,1
1,1,1,1,1,1,0.5759314,0.5477005,1,1
1,1,1,1,1,1,0.5675598,0.5406567,1,1
1,1,1,1,1,1,0.5591988,0.5335839,1,1
1,1,1,1,1,1,0.5508513,0.5264844,1,1
1,1,1,1,1,1,0.5425164,0.5193576,1,1
1,1,1,1,1,1,0.5341935,0.5122027,1,1
1,1,1,1,1,1,0.5258816,0.5050192,1,1
1,1,1,1,1,1,0.5175832,0.4978094,1,1
1,1,1,1,1,1,0.5092942,0.4905697,1,1
1,1,1,1,1,1,0.5010167,0.4833027,1,1
1,1,1,1,1,1,0.4927501,0.4760078,1,1
1,1,1,1,1,1,0.4844931,0.4686845,1,1
1,1,1,1,1,1,0.4762479,0.4613355,1,1
1,1,1,1,1,1,0.4680106,0.4539574,1,1
1,1,1,1,1,1,0.459783,0.4465528,1,1
1,1,1,1,1,1,0.4515644,0.4391216,1,1
1,1,1,1,1,1,0.4433536,0.4316633,1,1
1,1,1,1,0.9941052,1,0.4351496,0.4241778,1,1
1,1,1,1,0.9817581,1,0.4269322,0.4166759,1,1
1,1,1,1,0.9692456,1,0.4186826,0.409169,1,1
1,1,1,1,0.9565851,1,0.4104017,0.4016528,1,1
1,1,1,1,0.9437984,1,0.4020933,0.3941262,1,1
1,1,1,1,0.930903,1,0.3937581,0.3865848,1,1
1,1,1,1,0.9221109,1,0.3853996,0.3790273,1,1
1,1,1,1,0.9165038,1,0.3770321,0.3714445,1,1
1,1,1,1,0.9108721,1,0.3686649,0.3638294,1,1
1,1,1,1,0.9052105,1,0.3602976,0.3561813,1,1
1,1,1,1,0.899509,1,0.3519299,0.3484994,1,1
1,1,1,1,0.893768,1,0.3435614,0.3407831,0.4152336,0
1,1,1,1,0.8718439,1,0.3364851,0.3321657,0.4024044,0
1,1,1,1,0.8516097,1,0.3293769,0.3237492,0.3901998,0
1,1,1,1,0.8444759,1,0.3222302,0.3155042,0.3785345,0
1,1,1,1,0.8402951,1,0.3150716,0.3073922,0.3672596,0
1,1,1,1,0.8357854,1,0.3079043,0.2993959,0.3563183,0
1,1,1,0.9998208,0.8309375,0.9910992,0.3007239,0.2915044,0.3456821,0
1,1,1,0.9957364,0.8255962,0.9684379,0.2935092,0.2837158,0.3353684,0
1,1,1,0.9902363,0.8194324,0.9478923,1,0.2760288,0.3254289,0
1,1,1,0.9948872,0.81918,0.9164082,1,0.2681828,0.3141271,0
1,1,1,0.9985557,0.8183385,0.8875756,1,0.2605204,0.3033528,0
1,1,1,1,0.8168622,0.8610564,1,0.2530151,0.2930427,0
1,1,1,1,0.8146811,0.8366302,1,0.2456468,0.2831516,0
1,1,1,1,0.8117521,0.8140682,1,0.2383968,0.273634,0
1,1,1,1,0.8080805,0.7931219,1,0.2312474,0.2644418,0
1,1,1,0.9989612,0.8036777,0.7735883,1,0.2241832,0.2555328,0
1,1,1,0.9951457,0.7985264,0.7553285,1,0.2171877,0.2468708,0
1,1,1,0.9898963,0.7925738,0.7382831,1,0.210253,0.2384377,1
1,1,1,0.9831856,0.7858075,0.7223532,1,0.203365,0.230203,1
1,1,1,0.9750077,0.7782277,0.7074593,1,0.1965137,0.2221419,1
1,1,1,0.9653759,0.7698436,0.6935269,1,0.1896902,0.2142311,1
1,1,1,0.9543163,0.7606683,0.6804914,1,0.2755439,0.2064452,1
1,1,1,0.941606,0.7505773,0.6684598,1,0.4264679,0.1987831,1
1,1,1,0.9271358,0.7395039,0.6574882,1,1,0.1912283,1
1,1,1,0.9097652,0.726806,0.6482984,1,1,0.1838385,2
1,1,1,0.8912891,0.7134718,0.639866,1,1,0.176476,2
1,1,1,0.871828,0.6995608,0.632175,1,1,0.1691231,2
1,1,1,0.8515111,0.6851361,0.625203,1,1,0.1617583,2
1,1,1,0.8304892,0.670276,0.6189373,1,1,0.1543659,2
1,1,1,0.8089143,0.6550587,0.6133565,1,1,0.146926,2
1,1,1,0.7869375,0.6395634,0.6084329,1,1,0.1553939,2
1,1,1,0.7643542,0.6236683,0.6044509,1,1,0.1665404,2
1,1,1,0.7412918,0.6074375,0.6014459,1,1,0.1769234,2
1,1,1,0.7179607,0.5909868,0.5994011,1,1,0.1865497,2
1,1,1,0.6945489,0.5744206,0.5982998,1,1,0.1954409,2
1,1,1,0.6712268,0.5578364,0.5981144,1,1,0.2036413,2
1,1,1,0.6481401,0.5413198,0.5988218,1,1,0.2111965,2
1,1,1,0.6254078,0.5249425,0.6003998,1,1,0.2181568,2
1,1,1,0.6031277,0.5087662,0.6028196,1,1,0.2245795,2
1,1,1,0.5813724,0.4928389,0.6060592,1,1,0.2305157,2
1,1,1,0.5601925,0.4771957,0.6100835,1,1,0.2360242,2
1,1,0.7794095,0.5396224,0.4618638,0.6148652,1,1,0.2411547,2
1,1,0.7340228,0.5164425,0.465203,0.6283538,1,1,0.2440842,2
1,1,0.6919353,0.4942781,0.4694446,0.643801,1,1,0.2467074,2
1,1,0.6527784,0.4730523,0.474488,0.6615012,1,1,0.2490521,2
1,1,0.6162369,0.4526957,0.4804189,0.6818222,1,1,0.2511385,2
1,1,0.5820288,0.4331376,0.4873368,0.7052186,1,1,0.2529844,2
1,1,0.5499204,0.4143215,0.4953516,0.7322485,1,1,0.2546098,2
1,1,0.519703,0.3961923,0.5045989,1,1,1,0.2560281,2
1,1,0.4925458,0.3875083,0.5130645,1,1,1,0.2577683,2
1,1,0.4669077,0.3898197,0.5223767,1,1,1,0.2593986,2
1,1,0.4428147,0.3922864,0.5322071,1,1,1,0.2610035,2
1,1,0.4200982,0.3948711,0.542508,1,1,1,0.2625936,2
1,1,0.3986007,0.3975403,0.553235,1,1,1,0.2641759,2
1,1,0.378185,0.4002635,0.5643462,1,1,1,0.2657543,2
1,1,0.3587293,0.4030141,0.5758034,1,1,1,0.2673307,2
1,1,0.3401258,0.4057745,0.5875802,1,1,1,0.2689019,2
1,1,0.3222713,0.4085182,0.5996355,1,1,1,0.2704714,2
1,0.6130203,0.3050832,0.4112335,0.6119498,1,1,1,0.2720347,2
1,0.5561393,0.2890603,0.420891,0.6416417,1,1,1,0.271945,2
1,0.5048923,0.2914981,0.4319881,1,1,1,1,0.2717389,2
1,0.4584572,0.294495,0.4447192,1,1,1,1,0.2714221,2
1,0.4161648,0.298094,0.459318,1,1,1,1,0.2709998,2
1,0.3774581,0.3023485,0.4760756,1,1,1,1,0.2704732,2
1,0.3418748,0.3073143,0.4953392,1,1,1,1,0.2698464,2
1,0.3090346,0.3130556,0.5175373,1,1,1,1,0.2691231,2
1,0.2786104,0.319651,0.5432144,1,1,1,1,0.2683032,2
1,0.2504651,0.3270015,0.5724282,1,1,1,1,0.2674359,2
1,0.2245457,0.3347948,1,1,1,1,1,0.266596,2
1,0.2125887,0.3401338,1,1,1,1,1,0.2663383,2
1,0.2133143,0.3457937,1,1,1,1,1,0.2660322,2
0.523955,0.2141104,0.3514926,1,1,1,1,1,0.2657283,2
0.4181179,0.2165597,0.3635265,1,1,1,1,1,0.2644675,2
0.3324533,0.2194475,0.3771405,1,1,1,1,1,0.2631189,2
0.2616729,0.2227936,0.3925377,1,1,1,1,1,0.2616865,2
0.2021781,0.2266278,0.4099751,1,1,1,1,1,0.2601675,2
0.1811396,0.2309795,0.4297542,1,1,1,1,1,0.2585621,2
0.1827043,0.2358771,0.4522332,1,1,1,1,1,0.2568735,2
0.1845923,0.2413611,1,1,1,1,1,1,0.255098,2
0.186809,0.2474675,1,1,1,1,1,1,0.253238,2
0.1893672,0.2542462,1,1,1,1,1,1,0.2512896,2
0.1922744,0.2617434,1,1,1,1,1,1,0.2492546,2
0.1955426,0.2700161,1,1,1,1,1,1,0.2471315,2
0.1990824,0.2787885,1,1,1,1,1,1,1,2
0.203093,0.2887667,1,1,1,1,1,1,1,2
0.2075043,0.2997292,1,1,1,1,1,1,1,2
0.2123339,0.3117679,1,1,1,1,1,1,1,2
0.2176012,0.3249871,1,1,1,1,1,1,1,2
0.2233237,0.339501,1,1,1,1,1,1,1,2
0.2295249,0.3554458,1,1,1,1,1,1,1,2
0.2362301,0.372979,1,1,1,1,1,1,1,2
0.2434637,1,1,1,1,1,1,1,1,2
0.2512526,1,1,1,1,1,1,1,1,2
0.2596342,0.9799439,1,1,1,1,1,1,1,2
0.2686378,0.9981621,1,1,1,1,1,1,1,2
0.2783039,1,1,1,1,1,1,1,1,2
0.2886773,1,1,1,1,1,1,1,0.587382,2
0.2957231,1,1,1,1,1,1,1,1,2
0.3071402,1,1,1,1,1,1,1,1,2
0.3193808,1,1,1,1,1,1,1,0.5845596,1
0.3269793,1,1,1,1,1,1,1,1,2
1,1,1,1,1,1,1,1,1,1
1,1,1,1,1,1,1,1,1,1
1,1,1,1,1,1,1,1,1,1
1,1,1,1,1,1,1,1,1,1
1,1,1,1,1,1,1,1,1,1
1,1,1,1,1,1,1,1,1,1
1,1,1,1,1,1,1,1,1,1
1,1,1,1,1,1,1,1,1,1
1,1,1,1,1,1,1,1,1,1
1,1,1,1,1,1,1,1,1,1
1,1,1,1,1,1,1,1,1,1
0.9940767,1,1,1,1,1,1,1,1,1
0.9813768,1,1,1,1,1,1,1,1,1
0.9683065,1,1,1,1,1,1,1,1,1
0.9548721,1,1,1,1,1,1,1,1,1
0.9410865,1,1,1,1,1,1,1,1,1
0.9269656,1,1,1,1,1,1,1,1,1
0.9125274,1,1,1,1,1,1,1,1,1
0.8977887,1,1,1,1,1,1,1,1,1
0.8827726,1,1,1,1,1,1,1,1,1
0.8675048,1,1,1,1,1,1,1,1,1
0.8520085,1,1,1,1,1,1,1,1,2
0.8544866,1,1,1,1,1,1,1,1,2
0.8655904,1,1,1,1,1,1,1,1,1
0.8765445,1,1,1,1,1,1,1,1,1
0.8873356,1,1,1,1,1,1,1,1,1
0.8979513,1,1,1,1,1,1,1,1,1
0.9083799,1,1,1,1,1,1,1,1,1
0.9186107,1,1,1,1,1,1,1,1,1
0.9286376,1,1,1,1,1,1,1,1,1
0.9384521,1,1,1,1,1,1,1,1,1
0.9480449,1,1,1,1,1,1,1,1,1
0.9574087,1,1,1,1,1,1,1,1,1
0.9665365,1,1,1,1,1,1,1,1,1
0.9754272,1,1,1,1,1,1,1,1,1
0.984075,1,1,1,1,1,1,1,1,1
0.9924752,1,1,1,1,1,1,1,1,1
1,1,1,1,1,1,1,1,1,1
1,1,1,1,1,1,1,1,1,1
1,1,1,1,1,1,1,1,1,1
1,1,1,1,1,1,1,1,1,1
1,1,1,1,1,1,1,1,1,1
1,1,1,1,1,1,1,1,1,1
1,1,1,1,1,1,1,1,1,1
1,1,1,1,1,1,1,1,1,1
1,1,1,1,1,1,1,1,1,1
1,1,1,1,1,1,1,1,1,1
1,1,1,1,1,1,1,1,1,1
1,1,1,1,1,1,1,1,1,1
1,1,1,1,1,1,1,1,1,1
1,1,1,1,1,1,1,1,1,1
1,1,1,1,1,1,1,1,1,1
1,1,1,1,1,1,1,1,1,1
1,1,1,1,1,1,1,1,1,1
1,1,1,1,1,1,1,1,1,1
1,1,1,1,1,1,1,1,1,1
1,1,1,1,1,1,1,1,1,1
1,1,1,1,1,1,1,1,1,1
1,1,1,1,1,1,1,1,1,1
1,1,1,1,1,1,1,1,1,1
1,1,1,1,1,1,1,1,1,1
1,1,1,1,1,1,1,1,1,1
1,1,1,1,1,1,1,1,1,1
1,1,1,1,1,1,1,1,1,1
1,1,1,1,1,1,1,1,1,1
1,1,1,1,1,1,1,1,1,1
1,1,1,1,1,1,1,1,1,1
0.7587332,1,1,1,1,1,1,1,1,2
0.7608608,1,1,1,1,1,1,1,1,2
0.7631495,1,1,1,1,1,1,1,1,2
0.7655939,1,1,1,1,1,1,1,1,2
0.7681915,1,1,1,1,1,1,1,1,2
0.7709363,1,1,1,1,1,1,1,1,2
0.7738254,1,1,1,1,1,1,1,1,2
0.7768528,1,1,1,1,1,0.9946111,1,1,2
0.7799859,1,1,1,1,1,0.9775373,1,1,2
0.7831444,1,1,1,1,1,0.9617392,1,1,2
0.7863159,1,1,1,1,1,0.9470922,1,1,2
0.7894922,1,1,1,1,1,0.9334807,1,1,2
0.7926626,1,1,1,1,1,0.9208108,1,1,2
0.7958201,1,1,1,1,1,0.9089936,1,1,2
0.7989583,1,1,1,1,1,0.8979513,1,1,2
0.8020687,1,1,1,1,1,0.8876214,1,1,2
0.8051457,1,1,1,1,1,0.8779426,1,1,2
0.8081818,1,1,1,1,1,0.8688658,1,1,2
0.8111761,1,1,1,1,1,0.8603376,1,1,1
0.8141216,1,1,1,1,1,0.85232,1,1,1
0.8170149,1,1,1,1,1,0.8447741,1,1,1
0.8198568,1,1,1,1,1,0.8376605,1,1,1
0.8226408,1,1,1,1,1,0.8309533,1,1,1
0.8253651,1,1,1,1,1,0.8246254,1,1,1
1,1,1,1,1,1,0.8186458,1,1,0
1,1,1,1,1,1,0.8211011,1,1,1
1,1,1,1,1,1,0.8235757,1,1,1
1,1,1,1,1,1,0.8260635,1,1,1
1,1,1,1,1,1,0.828564,1,1,1
1,1,1,1,1,1,0.8310771,1,1,1
1,1,1,1,1,1,0.8335966,1,1,1
1,1,1,1,1,1,0.8361222,1,1,1
1,1,1,1,1,1,1,1,1,1
1,1,1,1,1,1,1,1,1,1
1,1,1,1,1,1,1,1,1,1
1,1,1,1,1,1,1,1,1,1
1,1,1,1,1,1,1,1,1,1
1,1,1,1,1,1,1,1,1,1
1,1,1,1,1,1,1,1,1,1
1,1,1,1,1,1,1,1,1,1
1,1,1,1,1,1,1,1,1,1
1,1,1,1,1,1,1,1,1,1
1,1,1,1,1,1,1,1,1,1
1,1,1,1,1,1,1,1,1,1
1,1,1,1,1,1,1,1,1,1
1,1,1,1,1,1,1,1,1,1
1,1,1,1,1,1,1,1,1,1
1,1,1,1,1,1,1,1,1,1
1,1,1,1,1,1,1,1,1,1
1,1,1,1,1,1,1,1,1,1
1,1,1,1,1,1,1,1,1,1
1,1,1,1,1,1,1,1,1,1
1,1,1,1,1,1,1,1,1,1
1,1,1,1,1,1,1,1,1,1
1,1,1,1,1,1,1,0.6548811,1,0
1,1,1,1,1,1,1,0.624821,1,0
1,1,1,1,1,1,1,0.5950783,1,0
1,1,1,1,1,1,1,0.5657933,1,0
1,1,1,1,1,1,1,0.5371034,1,0
1,1,1,1,1,1,1,0.5182949,1,0
1,1,1,1,1,1,1,0.52421,1,0
1,1,1,1,1,1,1,0.5304499,1,0
1,1,1,1,1,1,1,0.5370038,1,0
1,1,1,1,1,1,1,0.5438644,1,0
1,1,1,1,1,1,1,0.5510244,1,0
1,1,1,1,1,1,1,0.5584714,1,0
1,1,1,1,1,1,1,1,1,1
1,1,1,1,1,1,1,1,1,1
1,1,1,1,1,1,1,1,1,1
1,1,1,1,1,1,1,1,1,1
1,1,1,1,1,1,1,1,1,1
1,1,1,1,1,1,1,1,1,1
1,1,1,1,1,1,1,1,0.5726246,0
1,1,1,1,1,1,1,1,0.5128853,0
1,1,1,1,1,1,1,1,0.4561481,0
1,1,1,1,1,1,1,1,0.4510966,0
1,1,1,1,1,1,1,1,0.4562443,0
1,1,1,1,1,1,1,1,0.4619093,0
1,1,1,1,1,1,1,1,0.4680491,0
1,1,1,1,1,1,1,1,0.4746316,0
1,1,1,1,1,1,1,1,0.4816521,0
1,1,1,1,1,1,1,1,0.8810695,0
1,1,1,1,1,1,1,1,0.8857708,0
1,1,1,1,1,1,1,1,0.8904675,1
1,1,1,1,1,1,1,1,0.8951572,1
1,1,1,1,1,1,1,1,0.8998337,1
1,1,1,1,1,1,1,1,0.9044946,1
1,1,1,1,1,1,1,1,0.9091343,1
1,1,1,1,1,1,1,1,0.9137505,1
1,1,1,1,1,1,1,1,1,1
1,1,1,1,1,1,1,1,1,1
1,1,1,1,1,1,1,1,1,1
1,1,1,1,1,1,1,1,1,1
1,1,1,1,1,1,1,1,1,1
1,1,1,1,1,1,1,1,1,1
1,1,1,1,1,1,1,1,1,1
1,1,1,1,1,1,1,1,1,1
1,1,1,1,1,1,1,1,1,1
1,1,1,1,1,1,1,1,1,1
1,1,1,1,1,1,1,1,1,1
1,1,1,1,1,1,1,1,1,1
1,1,1,1,1,1,1,1,1,1
1,1,1,1,1,1,1,1,1,1
1,1,1,1,1,1,1,1,1,1
1,1,1,1,1,1,1,1,1,1
1,1,1,1,1,1,1,1,1,1
1,1,1,1,1,1,1,1,1,1
1,1,1,1,1,1,1,1,1,1
1,1,1,0.9971126,1,1,1,1,1,1
1,1,1,0.9864384,1,1,1,1,1,1
1,1,1,0.97568,1,1,1,1,1,1
1,1,1,0.9648365,1,1,1,1,1,1
1,1,1,0.953914,1,1,1,1,1,1
1,1,1,0.9429122,1,1,1,1,1,1
1,1,1,0.931834,1,1,1,1,1,1
1,1,1,0.9206831,1,1,1,1,1,1
1,1,1,0.9094631,1,1,1,1,1,1
1,1,1,0.8981779,1,1,1,1,1,1
1,1,1,0.8868318,1,1,1,1,1,1
1,1,1,0.8754253,1,1,1,1,1,1
1,1,1,0.8639633,1,1,1,1,1,1
1,1,1,0.8524537,1,1,1,1,1,1
1,1,0.9871225,0.8408976,1,1,1,1,1,1
1,1,0.9722944,0.8291739,1,1,1,1,1,1
1,1,0.9571064,0.8172792,1,1,1,1,1,1
1,1,0.9415859,0.8052265,1,1,1,1,1,2
1,1,0.9257633,0.793031,1,1,1,1,1,2
1,1,0.9096683,0.780706,1,1,1,1,1,2
1,1,0.8933368,0.7682694,1,1,1,1,1,2
1,1,0.8768061,0.7557393,1,1,1,1,1,2
1,1,0.8601112,0.743132,1,1,1,1,1,2
1,1,0.8432916,0.7304672,1,1,1,1,1,2
1,1,0.8263867,0.7177645,1,1,1,1,1,2
1,1,0.8094355,0.7050434,1,1,1,1,1,2
1,1,0.7924756,0.7160999,1,1,1,1,1,2
1,1,0.7757226,0.7296935,1,1,1,1,1,2
1,1,0.7591929,0.7444385,1,1,1,1,1,2
1,1,0.7428958,0.7603847,1,1,1,1,1,2
1,1,0.726835,0.777586,1,1,1,1,1,2
1,0.988289,0.7110118,0.7961007,1,1,1,1,1,2
1,0.9562721,0.6952505,0.8171457,1,1,1,1,1,2
1,0.9237928,0.6792952,0.843065,1,1,1,1,1,2
1,0.8911195,0.6632189,0.8745641,1,1,1,1,1,2
1,0.8742844,0.6471001,0.9125196,1,1,1,1,1,2
1,0.8813718,0.631198,0.9559134,1,1,1,1,1,2
1,0.8884758,0.6157984,1,1,1,1,1,1,2
1,0.8758027,0.6008533,1,1,1,1,1,1,2
1,0.8463458,0.5860035,1,1,1,1,1,1,2
1,0.8168252,0.5711187,1,1,1,1,1,1,2
1,0.7874263,0.5562522,1,1,1,1,1,1,2
1,0.758325,0.5493126,1,1,1,1,1,1,2
1,0.7297919,0.5693893,1,1,1,1,1,1,2
1,0.7022804,0.5917677,1,1,1,1,1,1,2
1,0.6758005,0.6166454,1,1,1,1,1,1,2
1,0.6503555,0.6442353,1,1,1,1,1,1,2
1,0.6259265,0.6747937,1,1,1,1,1,1,2
1,0.6024897,0.7085893,1,1,1,1,1,1,2
0.9622053,0.5800083,0.7459339,1,1,1,1,1,1,2
0.8980027,0.5577077,0.7909551,1,1,1,1,1,1,2
0.8349768,0.5352613,0.848321,1,1,1,1,1,1,2
0.7949593,0.5129573,1,1,1,1,1,1,1,2
0.8051593,0.4916919,1,1,1,1,1,1,1,2
0.8160543,0.4714754,1,1,1,1,1,1,1,2
0.7600473,0.4522482,1,1,1,1,1,1,1,2
0.712679,0.4336467,1,1,1,1,1,1,1,2
0.6690642,0.4455466,1,1,1,1,1,1,1,2
0.6287774,0.4654105,1,1,1,1,1,1,1,2
0.5914652,0.4872063,1,1,1,1,1,1,1,2
0.5568236,0.5111538,1,1,1,1,1,1,1,2
0.5245787,0.53751,1,1,1,1,1,1,1,2
0.4945027,0.5665823,1,1,1,1,1,1,1,2
0.4663963,0.5987276,1,1,1,1,1,1,1,2
0.440075,0.634377,1,1,1,1,1,1,1,2
0.4153906,0.6740396,1,1,1,1,1,1,1,2
0.3921981,0.7183386,1,1,1,0.9920056,1,1,1,2
0.3931112,0.7680249,1,1,1,0.9575933,1,1,1,2
0.4078522,1,1,1,1,0.9290916,1,1,1,2
0.4214312,1,1,1,1,0.9301137,1,1,1,2
0.4354382,1,1,1,1,0.9309462,1,1,1,2
0.4498516,1,1,1,1,0.9315525,1,1,1,2
0.4646422,1,1,1,1,0.9318967,1,1,1,2
0.4797822,1,1,1,1,0.9319356,1,1,1,2
0.4952394,1,1,1,0.9863342,0.9316339,1,1,1,2
0.5107847,1,1,1,0.959887,0.930653,1,1,1,2
0.5261334,1,1,1,0.9359925,0.9286368,1,1,1,2
0.5412078,1,1,1,0.9143206,0.9255654,1,1,1,2
0.5559319,1,1,1,0.8946023,0.9214196,1,1,1,2
0.5702269,1,1,1,0.8766218,0.916194,1,1,1,2
0.5840228,1,1,1,0.8601963,0.9098889,1,1,1,2
0.5972601,1,1,1,0.8451695,0.9025232,1,1,1,1
0.6098801,1,1,1,0.8314154,0.8941208,1,1,1,1
0.6218312,1,1,1,0.8188283,0.8847143,1,1,1,1
0.6330758,1,1,1,0.8073147,0.8743461,1,1,1,1
0.6435798,1,1,1,0.7967999,0.8630654,1,1,1,1
0.6533228,1,1,1,0.787216,0.8509294,1,1,1,1
0.6622944,1,1,1,0.7785046,0.8380002,1,1,1,1
0.6704885,1,1,1,0.7706206,0.8243496,1,1,1,1
0.6779175,1,1,1,0.7635154,0.8100487,1,1,1,1
1,1,1,1,0.7571511,0.7951741,1,1,1,0
1,1,1,1,0.7598492,0.7730627,1,1,1,0
1,1,1,1,0.7633933,0.7511992,1,1,1,0
1,1,1,1,0.7678037,0.7296426,1,1,1,0
1,1,1,1,0.773091,0.7084419,1,1,1,0
1,1,1,1,0.7792765,0.6876365,1,1,1,0
1,1,1,1,0.7863781,0.6672567,1,1,1,0
1,1,1,1,1,0.647324,1,1,1,0
1,1,1,1,1,0.6303636,1,1,1,0
1,1,1,1,1,0.6264048,1,1,1,0
1,1,1,1,1,0.626195,1,1,1,0
1,1,1,1,1,0.6260971,1,1,1,0
1,1,1,1,1,0.6261047,1,1,1,0
1,1,1,1,1,0.6262172,1,1,1,0
1,1,1,1,1,0.6264337,0.6971328,1,1,0
1,1,1,1,1,0.6353945,0.6653023,1,1,0
1,1,1,1,1,0.645789,0.6348009,1,1,0
1,1,1,1,1,0.6576822,0.6056516,1,1,0
1,1,1,1,1,1,0.577849,1,1,0
1,1,1,1,1,1,0.5558928,1,1,0
1,1,1,1,1,1,0.5342852,1,1,0
1,1,1,1,1,1,0.5130626,1,1,0
1,1,1,1,1,1,0.4986726,1,1,0
1,1,1,1,1,1,0.5015613,1,1,0
1,1,1,1,1,1,0.5046881,1,1,0
1,1,1,1,1,1,0.5080483,1,1,0
1,1,1,1,1,1,0.5116418,1,1,0
1,1,1,1,1,1,0.5154594,1,1,0
1,1,1,1,1,1,0.5195011,1,1,0
1,1,1,1,1,1,0.5237621,1,1,0
1,1,1,1,1,1,0.5282422,1,1,0
1,1,1,1,1,1,0.5329319,1,1,0
1,1,1,1,1,1,1,0.5413765,1,0
1,1,1,1,1,1,1,0.5041404,1,0
1,1,1,1,1,1,1,0.4682216,1,0
1,1,1,1,1,1,1,0.4337882,1,0
1,1,1,1,1,1,1,0.4009604,1,0
1,1,1,1,1,1,1,0.3797022,1,0
1,1,1,1,1,1,1,0.3839085,1,0
1,1,1,1,1,1,1,0.3886675,1,0
1,1,1,1,1,1,1,0.3939628,1,0
1,1,1,1,1,1,1,0.3997008,1,0
1,1,1,1,1,1,1,0.4058812,1,0
1,1,1,1,1,1,1,0.4124995,1,0
1,1,1,1,1,1,1,0.4195545,0.4728967,0
1,1,1,1,1,1,1,0.4281265,0.4083171,0
0.5722044,1,1,1,1,1,1,1,0.3519699,0
1,1,1,1,1,1,1,0.9967408,0.3354948,0
1,1,1,1,1,1,1,0.961965,0.3390416,0
1,1,1,1,1,1,1,0.9290391,0.3430173,0
0.5614283,1,1,1,1,1,1,0.8978288,0.3474362,0
1,1,1,1,1,1,1,0.8766941,0.3504835,0
1,1,1,1,1,1,1,0.8965977,0.3555917,0
0.5535313,1,1,1,1,1,1,0.9223551,0.3611834,0
1,1,1,1,1,1,1,0.9340396,0.3646735,0
1,1,1,1,1,1,1,0.9627593,0.3709726,0
0.5457425,1,1,1,1,1,1,0.9938639,0.3778076,1
1,1,1,1,1,1,1,1,1,1
1,1,1,1,1,1,1,1,1,1
1,0.9987348,1,1,1,1,1,1,1,1
1,0.9960957,1,1,1,1,1,1,1,1
1,0.9935049,1,1,1,1,1,1,1,1
1,0.9909648,1,1,1,1,1,1,1,1
1,0.9884737,1,1,1,1,1,1,1,1
1,0.9860309,1,1,1,1,1,1,1,1
1,0.9836385,1,1,1,1,1,1,1,1
1,0.9812955,1,1,1,1,1,1,1,1
1,0.9790007,1,1,1,1,1,1,1,1
1,0.9767567,1,1,1,1,1,1,1,1
1,0.9745625,1,1,1,1,1,1,1,1
1,1,1,1,1,1,1,1,0.9854555,1
1,1,1,1,1,1,1,1,0.9641339,1
1,1,0.9907778,1,1,1,1,1,0.9415046,1
1,1,0.9798425,1,1,1,1,1,0.9180094,1
1,1,0.9693329,1,1,1,1,1,0.8937621,1
1,1,0.9592673,1,1,1,1,1,0.8687986,1
1,1,0.9496673,1,1,1,1,1,0.8431759,0
1,1,0.9405545,1,1,1,1,1,0.8169643,0
1,1,0.9319458,1,1,1,1,1,0.7902419,0
1,1,0.9238615,1,1,1,1,1,0.7631041,0
1,1,0.9163175,1,1,1,1,1,0.7517239,0
1,1,0.9088756,1,1,1,1,1,0.7579026,0
1,1,0.9010333,1,1,1,1,1,0.7640137,0
1,1,0.8927755,1,1,1,1,1,0.7700353,0
1,1,0.8840936,1,1,1,1,1,0.7759446,0
1,1,0.874981,1,1,1,1,1,0.7817235,0
1,1,0.8654298,1,1,1,1,1,0.7873508,1
1,1,0.8554386,1,1,1,1,1,0.7928092,1
1,1,0.8450047,1,1,1,1,1,0.7980791,1
1,1,0.834128,1,1,1,1,1,0.8031417,1
1,1,0.8228198,1,1,1,1,1,0.8079831,1
1,1,0.8110821,1,1,1,1,1,0.8125873,1
1,1,0.7989318,1,1,1,1,1,0.816943,1
1,1,0.7863761,1,1,1,1,1,0.8210373,1
1,1,0.7800153,1,1,1,1,1,0.824859,1
1,1,0.7755929,1,1,1,1,1,0.8285086,1
1,1,0.771385,1,0.9911532,1,1,1,0.832012,1
1,1,0.7674722,1,0.9808959,1,1,1,0.8353125,1
1,1,0.763859,1,0.970529,1,1,1,0.8384021,1
1,1,0.7605276,1,0.9600604,1,1,1,0.8412911,1
1,1,0.75747,1,0.9495007,1,1,1,0.8439824,1
0.7828337,1,0.7546707,1,0.9388608,1,1,1,0.8464869,2
0.7794911,1,0.7597668,0.9938733,0.9254796,1,1,1,0.8438236,2
0.7763627,1,0.7652905,0.9774016,0.9122691,1,1,1,0.8411611,2
0.7734493,1,0.7714024,0.9611242,0.8991884,1,1,1,0.8384202,2
0.7707549,1,0.7780803,0.9450665,0.8862508,1,1,1,0.8356384,2
0.7682845,1,0.7853056,0.9292541,0.8734716,1,1,1,0.8328446,2
0.7660379,0.9937974,0.7930513,0.9137069,0.8608624,1,1,1,0.8300666,2
0.7640194,0.948542,0.8015275,0.8983464,0.8483815,1,1,1,0.8272246,2
0.7623006,0.9027211,0.8122938,0.8826644,0.8913509,1,1,1,0.8237109,2
0.7609061,0.8578393,0.8248895,0.866967,0.9452851,1,1,1,0.8198577,2
1,0.8143585,0.8392941,0.8513646,1,1,1,1,0.8157768,2
1,0.7860538,0.8432272,0.8389978,1,1,1,1,0.815451,2
1,0.7570371,0.8485794,0.8264049,1,1,1,1,0.8147062,2
1,0.7275512,0.855391,0.8136279,1,1,1,1,0.8135703,2
1,0.6978437,0.8636902,0.800718,1,1,1,1,0.8120831,2
1,0.668136,0.8735096,0.7877196,1,1,1,1,0.8102844,2
1,0.6386327,0.8774308,0.7746789,1,1,1,1,0.8082191,2
1,0.6093582,0.8595566,0.7616031,1,1,1,1,0.8058736,2
1,0.5800399,0.8413831,0.7484213,1,1,1,1,0.8031279,2
1,0.5761231,0.8230297,0.7351951,1,1,1,1,0.8000396,2
1,0.5805351,0.8050203,0.7221548,1,1,1,1,0.7969338,2
1,0.585236,0.7875012,0.7093621,1,1,1,1,0.7939091,2
1,0.5902057,0.7704623,0.7410944,1,1,1,1,0.7909729,2
1,0.5952247,0.754062,0.7803245,1,1,1,1,0.7882404,2
1,0.6002485,0.7382571,0.822104,1,1,1,1,0.7857012,2
1,0.6052566,0.7229902,0.8664849,1,1,1,1,0.7833322,2
1,0.6102273,0.7082065,0.9134889,1,1,1,1,0.7811158,2
0.9018923,0.6151445,0.6938596,0.9631362,1,1,1,1,0.7790335,2
0.8220268,0.6221507,0.6786729,1,1,1,1,1,0.7762274,2
0.7430621,0.6310447,0.6630501,1,1,1,1,1,0.7729387,2
0.6667192,0.6421173,0.6471099,1,1,1,1,1,0.7692319,2
0.5949351,0.655501,0.631072,1,1,1,1,1,0.7652475,2
0.5311175,0.6702442,0.6154875,1,1,1,1,1,0.7613575,2
0.5100097,0.6862157,0.6004305,1,1,1,1,1,0.7576191,2
0.5156509,0.7035118,0.5858752,1,1,1,1,1,0.7540271,2
0.5218443,0.7222405,0.6207631,1,1,1,1,1,0.7505764,2
0.5284255,0.7063653,0.6727029,1,1,1,1,1,0.7473196,2
0.5352429,0.6825849,0.7304789,1,1,1,1,1,0.7442591,2
0.5423173,0.6603149,0.7954021,1,1,1,1,1,0.7413381,2
0.5496043,0.6394049,0.8682488,1,1,1,1,1,0.7385242,2
0.5570578,0.6197134,1,1,1,1,1,1,0.7357898,2
0.5644974,0.6012889,1,1,1,1,1,1,0.7331148,2
0.5722594,0.5835218,1,1,1,1,1,1,0.7304562,2
0.5803257,0.5663847,1,1,1,1,1,1,0.7278097,2
0.5886839,0.549842,1,1,1,1,1,1,0.7251638,2
0.597313,0.5338647,1,1,1,1,1,1,0.7225121,2
0.6061914,0.5184244,1,1,1,1,1,1,0.7198479,2
0.6152994,0.5034855,1,1,1,1,1,1,0.7171605,2
0.6246172,0.489017,1,1,1,1,1,1,0.7144396,2
0.63412,0.4749924,1,1,1,1,1,1,0.7116776,2
0.6437823,0.4613796,1,1,1,1,1,1,0.7088673,2
0.6535822,0.4678445,1,1,1,1,1,1,0.7059989,2
0.6354358,0.4848979,1,1,1,1,1,1,0.7030335,2
0.6124338,0.5027447,1,1,1,1,1,1,0.7000259,2
0.5901015,0.5215776,1,1,1,1,1,1,0.6969882,2
0.5684406,0.5414116,1,1,1,1,1,1,0.6939183,2
0.5474471,0.562265,1,1,1,1,1,1,0.6908104,2
0.5271152,0.584153,1,1,1,1,1,1,0.6876577,2
0.5074258,0.6070783,1,1,1,1,1,1,0.6844561,2
0.4883654,0.6310467,1,1,1,1,1,1,0.6811975,2
0.469908,0.6560503,1,1,1,1,1,1,0.6778772,2
0.4520355,0.6820828,1,1,1,1,1,1,0.6744867,2
0.4347182,1,1,1,1,1,1,1,0.6710237,1
0.4199537,1,1,1,1,1,1,1,0.6668056,1
0.4052479,1,1,1,1,1,1,1,0.6625851,2
0.3906188,1,1,1,1,1,1,1,0.658365,2
0.3972859,1,1,1,1,1,1,0.9862588,0.6541418,1
0.4054018,1,1,1,1,1,1,0.9586258,0.6497253,1
0.4129542,1,1,1,1,1,1,0.9222221,0.6450312,1
0.419744,1,1,1,1,1,1,0.8761207,0.640021,1
0.4255589,1,1,1,1,1,1,0.8354751,0.6346635,0
0.4304603,1,1,1,1,1,1,0.831279,0.6290389,0
0.4350691,1,1,1,1,1,1,0.8272168,0.6234089,0
0.4393905,1,1,1,1,1,1,0.8232931,0.6177852,0
0.4434264,1,1,1,1,1,1,0.8195158,0.6673537,1
0.4481391,1,1,1,1,1,1,0.8154618,0.7194997,1
0.4535778,1,1,1,1,1,1,0.811093,0.7669927,1
0.4596767,1,1,1,1,1,1,0.8064346,0.8093652,1
0.4663645,1,1,1,1,1,1,0.8015243,0.8466586,1
0.4735699,1,1,1,1,1,1,0.7964054,0.8792289,1
0.4812247,1,1,1,1,1,1,0.7911212,0.9076761,1
0.4892747,1,1,1,1,1,1,0.7857055,0.9326364,1
0.4976667,1,1,1,1,1,1,0.7801909,0.9547602,2
0.5063574,1,1,1,1,1,1,0.7746026,1,2
0.5158321,1,1,1,1,1,1,0.7687956,1,2
0.5251779,1,1,1,1,1,1,0.7630707,1,2
0.5343732,1,1,1,1,1,1,0.7574213,1,1
0.5433975,1,1,1,1,1,1,0.7518423,1,1
0.5522366,1,1,1,1,1,1,0.746327,1,1
0.5608721,1,1,1,1,1,1,0.740873,1,1
0.5692877,1,1,1,1,1,1,0.7354788,1,1
1,1,1,1,1,1,1,0.730141,1,0
1,1,1,1,1,1,1,0.7265703,1,0
1,1,1,1,1,1,1,0.7231925,1,0
1,1,1,1,1,1,1,0.7200116,1,0
1,1,1,1,1,1,1,0.7170287,1,0
1,1,1,1,1,1,1,0.7142476,1,0
1,1,1,1,1,1,1,0.7116688,1,0
1,1,1,1,1,1,1,0.7092957,1,0
1,1,1,1,1,1,1,0.7071288,1,0
1,1,1,1,1,1,1,0.7051679,1,0
1,1,1,1,1,1,1,0.703416,0.6824148,0
1,1,1,1,1,1,1,0.7039419,0.6765712,0
1,1,1,1,1,1,1,0.7049921,0.6712517,0
1,1,1,1,1,1,1,0.7065766,0.6664462,0
1,1,1,1,1,1,1,1,0.662149,0
1,1,1,1,1,1,1,1,0.6585035,0
1,1,1,1,1,1,1,1,0.6551281,0
1,1,1,1,1,1,1,1,0.652025,0
1,1,1,1,1,1,1,1,0.6491994,0
1,1,1,1,1,1,1,1,0.6466563,0
1,1,0.9861792,1,1,1,1,1,0.6443972,0
1,1,0.9284725,1,1,1,1,1,0.6424211,0
1,1,0.8794843,1,1,1,1,1,0.6407099,0
1,1,0.840903,1,1,1,1,1,0.6392447,0
1,1,0.8335988,1,1,1,1,1,0.6380156,0
1,1,0.8263426,1,1,1,1,1,0.6370249,0
1,1,0.8191257,1,1,1,1,1,0.6362683,0
1,1,0.8119356,1,1,1,1,1,0.635738,0
1,1,0.8047664,1,1,1,1,1,0.635429,0
1,1,0.7976018,1,1,1,1,1,1,1
1,1,0.7864772,1,1,1,1,1,1,1
1,1,0.7753496,1,1,1,1,1,1,1
1,1,0.7642218,1,1,1,1,1,1,1
1,1,0.7530967,1,1,1,1,1,1,1
1,1,0.7419765,1,1,1,1,1,1,1
1,0.9420577,0.7308671,1,1,1,1,1,1,2
1,0.9245661,0.7437342,1,1,1,1,1,1,2
1,0.9070467,0.7619151,1,1,1,1,1,1,2
1,0.8895626,0.7815081,1,1,1,1,1,1,2
1,0.8721422,0.802588,1,1,1,1,1,1,2
1,0.854808,0.8252462,1,1,1,1,1,1,2
1,0.8375801,0.8495697,1,1,1,1,1,1,2
1,0.8204813,0.8756514,1,1,1,1,1,1,2
1,0.8035237,0.9036037,1,1,1,1,1,1,2
1,0.7867259,0.933534,1,1,1,1,1,1,2
1,0.7700998,0.9655712,1,1,1,1,1,1,2
1,0.7536561,0.9998261,1,1,1,1,1,1,2
1,0.7374032,1,1,1,1,1,1,1,2
1,0.7211582,1,1,1,1,1,1,1,2
1,0.7049431,1,1,1,1,1,1,1,2
1,0.6887837,1,1,1,1,1,1,1,2
1,0.6727011,1,1,1,1,1,1,1,2
1,0.656715,1,1,1,1,1,1,1,2
1,0.6408476,1,1,1,1,1,1,1,2
1,0.625116,1,1,1,1,1,1,1,2
1,0.6095394,1,1,1,1,1,1,1,2
1,0.5941315,1,1,1,1,1,1,1,2
1,0.5789083,1,1,1,1,1,1,1,2
1,0.5638798,1,1,1,1,1,1,1,2
1,0.549059,1,1,1,1,1,1,1,2
1,0.5344529,1,1,1,1,1,1,1,2
0.7985483,0.5270543,1,1,1,1,1,1,1,2
0.7622313,0.5494112,1,1,1,1,1,1,1,2
0.7275935,0.5740584,1,1,1,1,1,1,1,2
0.6946722,0.601177,1,1,1,1,1,1,1,2
0.6634763,0.6309545,1,1,1,1,1,1,1,2
0.6339761,0.6635839,1,1,1,1,1,1,1,2
0.6061273,0.6992782,1,1,1,1,1,1,1,2
0.5798601,0.7382554,1,1,1,1,1,1,1,2
0.5550975,0.7807456,1,1,1,1,1,1,1,2
0.5317553,0.8269906,1,1,1,1,1,1,1,2
0.5097377,1,1,1,1,1,1,1,1,2
0.4898454,1,1,1,1,1,1,1,1,2
0.4705723,1,1,1,1,1,1,1,1,2
0.4793201,1,1,1,1,1,1,1,1,2
0.4950546,1,1,1,1,1,1,1,1,2
0.5112104,1,1,1,1,1,1,1,1,2
0.5277607,1,1,1,1,1,1,1,1,2
0.5446759,1,1,1,1,1,1,1,1,2
0.5619247,1,1,1,1,1,1,1,1,2
0.5794728,1,1,1,1,1,1,1,1,2
0.5972843,1,1,1,1,1,1,1,1,2
0.6153212,1,1,1,1,1,1,1,1,2
0.6335489,1,1,1,1,1,1,1,1,2
0.6519265,1,1,1,1,1,1,1,1,2
0.6704118,1,1,1,1,1,1,1,1,2
0.688962,1,1,1,1,1,1,1,1,2
0.7075385,1,1,1,1,1,1,1,1,2
0.7261032,1,1,1,1,1,1,1,1,2
0.7446117,1,1,1,1,1,1,1,1,2
1,1,1,1,1,1,1,1,1,1
1,1,1,1,1,1,1,1,1,1
1,1,1,1,1,1,1,1,1,1
1,1,1,1,1,1,1,1,1,1
1,1,1,1,1,1,1,1,1,1
1,1,1,1,1,1,1,1,1,1
1,1,1,1,1,1,1,1,1,1
1,1,1,1,1,1,1,1,1,1
1,1,1,1,1,1,1,1,1,1
1,1,1,1,1,1,1,1,1,1
1,1,1,1,1,1,1,1,1,1
1,1,1,1,1,1,1,1,1,1
1,1,1,1,1,1,1,1,1,1
1,1,1,1,1,1,1,1,1,1
1,1,1,1,1,1,1,1,1,1
1,1,1,1,1,1,1,1,1,1
1,1,1,1,1,1,1,1,1,1
1,1,1,1,1,1,1,1,1,1
1,1,1,1,1,1,1,1,1,1
1,1,1,1,1,1,1,1,1,1
1,1,1,1,1,1,1,1,0.9858392,1
1,1,1,1,1,1,1,1,0.9783956,1
1,1,1,1,1,1,1,1,0.9786416,1
1,1,1,1,1,1,1,1,0.9788952,1
1,1,1,1,1,1,1,1,0.979153,1
1,1,1,1,1,1,1,1,0.9794185,1
1,1,1,1,1,1,1,1,0.9796913,1
1,1,1,1,1,1,1,1,0.9799713,1
1,1,1,1,1,1,1,1,0.9802556,1
1,1,1,1,1,1,1,1,0.9805468,1
1,1,1,1,1,1,1,1,0.9808418,1
1,1,1,1,1,1,1,1,0.9811438,1
1,1,1,1,1,1,1,1,0.9814495,1
1,1,1,1,1,1,1,1,0.9817621,1
1,1,1,1,1,1,1,1,0.982078,1
1,1,1,1,1,1,1,1,0.9824006,1
1,1,1,1,1,1,1,1,0.9827266,1
1,1,1,1,1,1,1,1,0.9830558,1
1,1,1,1,1,1,1,1,0.9833882,1
1,1,1,1,1,1,1,1,0.983727,1
1,1,1,1,1,1,1,1,0.9840689,1
1,1,1,1,1,1,1,1,0.9844137,1
1,1,1,1,1,1,1,1,0.9847614,1
1,1,1,1,1,1,1,1,0.9851121,1
1,1,1,1,1,1,1,1,0.9854656,1
1,1,1,1,1,1,1,1,0.9858218,1
1,1,1,1,1,1,1,1,0.9861808,1
1,1,1,1,1,1,1,1,0.9865423,1
1,1,1,1,1,1,1,1,0.9869034,1
1,1,1,1,1,1,1,1,0.9872669,1
1,1,1,1,1,1,1,1,0.987633,1
1,1,1,1,1,1,1,1,0.9879984,1
1,1,1,1,1,1,1,1,0.9883663,1
1,1,1,1,1,1,1,1,0.9887333,1
1,1,1,1,1,1,1,1,0.9891027,1
1,1,1,1,1,1,1,1,0.9894713,1
1,1,1,1,1,1,1,1,0.9898424,1
1,1,1,1,1,1,1,1,0.9902123,1
1,1,1,1,1,1,1,1,0.9905814,1
1,1,1,1,1,1,1,1,0.9909528,1
1,1,1,1,1,1,1,1,0.9913232,1
1,1,1,1,1,1,1,1,0.9916925,1
1,1,1,1,1,1,1,1,0.9920611,1
1,1,1,1,1,1,1,1,0.9924285,1
1,1,1,1,1,1,1,1,1,1
1,1,1,1,1,1,1,1,1,1
1,1,1,1,1,1,1,1,1,1
1,1,1,1,1,1,1,1,1,1
1,1,1,1,1,1,1,1,1,1
1,1,1,1,1,0.9991573,1,1,1,1
1,1,1,1,1,0.9890486,1,1,1,1
1,1,1,1,1,0.9789308,1,1,1,1
1,1,1,1,1,0.9688042,1,1,1,1
1,1,1,1,1,0.9586691,1,1,1,1
1,1,1,1,1,0.9485259,1,1,1,1
1,1,1,1,1,0.9383749,1,1,1,1
1,1,1,1,1,0.9282165,1,1,1,1
1,1,1,1,1,0.9180541,1,1,1,1
1,1,1,1,1,0.9078853,1,1,1,1
1,1,1,1,1,0.8977101,1,1,1,1
1,1,1,1,1,0.8875294,1,1,1,1
1,1,1,1,1,0.8773433,1,1,1,1
1,1,1,1,1,0.8671523,1,1,1,1
1,1,1,1,1,0.856957,1,1,1,1
1,1,1,1,1,0.8467577,1,1,1,1
1,1,1,1,1,0.836555,1,1,1,1
1,1,1,1,1,0.8263494,1,1,1,1
1,1,1,1,1,0.8161411,1,1,1,1
1,1,1,1,1,0.8059308,1,1,1,1
1,1,1,1,1,0.7957221,1,1,1,1
1,1,1,1,1,0.7855121,1,1,1,1
1,1,1,1,1,0.7753015,1,1,1,1
1,1,1,1,1,0.7650906,1,1,1,1
1,1,1,1,1,0.7548799,1,1,1,1
1,1,1,1,1,0.7446697,1,1,1,1
1,1,1,1,1,0.7344636,1,1,1,1
1,1,1,1,1,0.7242588,1,1,1,1
1,1,1,1,1,0.7140558,1,1,1,1
1,1,1,1,1,0.7038549,1,1,1,1
1,1,1,1,1,0.6936594,1,1,1,1
1,1,1,1,1,0.6834667,1,1,1,1
1,1,1,1,1,0.673277,1,1,1,1
1,1,1,1,1,0.6630906,1,1,1,1
1,1,1,1,1,0.6529108,1,1,1,1
1,1,1,1,1,0.6427349,1,1,1,1
1,1,1,1,1,0.632563,1,1,1,1
1,1,1,1,1,0.6223983,1,1,1,1
1,1,1,1,1,0.6122381,1,1,1,1
1,1,1,1,1,0.6020856,1,1,1,1
1,1,1,1,1,0.5919377,1,1,1,1
1,1,1,1,1,0.5817947,1,1,1,1
1,1,1,1,1,0.5716597,1,1,1,1
1,1,1,1,1,0.5615298,0.5974637,1,1,0
1,1,1,1,1,0.5510953,0.5850906,1,1,0
1,1,1,1,1,0.5407178,0.5728404,1,1,0
1,1,1,1,1,0.5303984,0.5607151,1,1,0
1,1,1,1,1,0.5383746,0.5487093,1,1,0
1,1,1,1,1,0.6214774,0.5368336,1,1,0
1,1,1,1,1,0.7451051,0.5251149,1,1,0
1,1,1,1,1,1,0.5135459,1,1,0
1,1,1,1,1,1,0.5021491,1,1,0
1,1,1,1,1,1,0.4908222,1,1,0
1,1,1,1,1,1,0.4795649,1,1,0
1,1,1,1,1,1,0.4683769,1,1,0
1,1,1,1,1,1,0.4572576,1,1,0
1,1,1,1,1,1,0.4462061,1,1,0
1,1,1,1,1,1,0.4352246,1,1,0
1,1,1,1,1,1,0.424309,1,1,0
1,1,1,1,1,1,0.413461,1,1,0
1,1,1,1,1,1,0.4026763,1,1,0
1,1,1,1,1,1,0.3919564,1,1,0
1,1,1,1,1,1,0.3813,1,1,0
1,1,1,1,1,1,0.3707053,1,1,0
1,1,1,1,1,1,0.3601707,1,1,0
1,1,1,1,1,1,0.3496944,1,1,0
1,1,1,1,1,1,0.339278,1,1,0
1,1,1,1,1,1,0.3513178,0.4020298,1,0
1,1,1,1,1,1,0.4033005,0.3841158,1,0
1,1,1,1,1,1,0.4668396,0.3671777,1,0
1,1,1,1,1,1,0.5509158,0.3511077,1,0
1,1,1,1,1,1,1,0.3358176,1,0
1,1,1,1,1,1,1,0.3215786,1,0
1,1,1,1,1,1,1,0.3077326,1,0
1,1,1,1,1,1,1,0.2942636,1,0
1,1,1,1,1,1,1,0.2811587,1,0
1,1,1,1,1,1,1,0.2684013,1,0
1,1,1,1,1,1,1,0.255978,1,0
1,1,1,1,1,1,1,0.2438757,0.3506684,0
1,1,1,1,1,1,1,0.2619905,0.3275138,0
1,1,1,1,1,1,1,0.2848787,0.3057747,0
1,1,1,1,1,1,1,0.3106235,0.2853349,0
1,1,1,1,1,1,1,0.3396991,0.2660821,0
1,1,1,1,1,1,1,0.3726829,0.2479293,0
1,1,1,1,1,1,1,0.4345618,0.2307862,0
1,0.9993431,1,1,1,1,1,0.4561273,0.2145799,0
1,0.9910861,1,1,1,1,1,0.5062028,0.2192316,0
1,1,1,1,1,1,1,0.958339,0.2331549,0
1,1,1,1,1,1,1,0.9445222,0.2481464,0
1,1,1,1,1,1,1,0.9314632,0.2641937,0
1,1,1,1,1,1,1,0.9192144,0.2811611,0
1,1,1,1,1,1,1,0.907699,0.2990512,0
1,1,1,1,1,1,1,0.8968486,0.3178548,0
1,1,1,1,1,1,1,0.931406,0.4080443,0
1,1,1,1,1,1,1,1,0.3952299,0
1,1,1,1,1,1,1,1,0.3829586,0
1,1,1,1,1,1,1,1,0.4004733,0
1,1,1,1,1,1,1,1,0.4227866,0
1,1,1,1,1,1,1,1,0.4457706,0
1,1,1,1,1,1,1,1,0.9564075,1
1,1,1,1,1,1,1,1,0.9478663,1
1,1,1,1,1,1,1,1,0.9392526,1
1,1,1,1,1,1,1,1,0.930569,1
1,1,1,1,1,1,1,1,0.9218189,1
1,1,1,1,1,1,1,1,0.9130089,1
1,1,1,1,1,1,1,1,0.9041427,1
1,1,1,1,1,1,1,1,0.8952277,1
1,1,1,1,1,1,1,1,0.8862678,1
1,1,1,1,1,1,1,1,0.8772671,1
1,1,1,1,1,1,1,1,0.8682333,1
1,1,1,1,1,1,1,1,0.8591709,1
1,1,1,1,1,1,1,1,0.8500878,1
1,1,1,1,1,1,1,1,0.8409888,1
1,1,1,1,1,1,1,1,0.8318816,1
1,1,1,1,1,1,1,1,0.8227712,1
1,1,1,1,1,1,1,1,0.8136622,1
1,0.7836177,1,1,1,1,1,1,0.8045624,2
1,0.7756578,1,1,1,1,1,1,0.7991083,2
1,0.7677482,1,1,1,1,1,1,0.7936823,2
1,0.7598917,1,1,1,1,1,1,0.7882833,2
1,0.7520939,1,1,1,1,1,1,0.782906,2
1,0.7443603,1,1,1,1,1,1,0.7775489,2
1,0.7366932,1,1,1,1,1,1,0.7722064,2
1,0.7290978,1,1,1,1,1,1,0.7668763,2
1,0.7215732,1,1,1,1,1,1,0.7615563,2
1,0.7141272,1,1,1,1,1,1,0.7562436,2
1,0.7067619,1,1,1,1,1,1,0.7509357,2
1,0.6994786,1,1,1,1,1,1,0.7542495,2
1,0.6922742,1,1,1,1,1,1,0.7584802,2
1,0.6851551,1,1,1,1,1,1,0.7621382,2
1,0.6781293,1,1,1,1,1,1,0.7652596,2
1,0.6712043,1,1,1,1,1,1,0.7678803,2
1,0.6643873,1,1,1,1,1,1,0.7700358,2
1,0.6576819,1,1,1,1,1,1,0.7717668,2
1,0.6510976,1,1,1,1,1,1,0.773101,2
1,1,1,1,1,1,1,1,0.7740765,0
1,1,1,1,1,1,1,1,0.7915174,0
1,1,1,1,1,1,1,1,0.808781,0
1,1,1,1,1,1,1,1,0.8258408,1
1,1,1,1,1,1,1,1,0.8426608,1
1,1,1,1,1,1,1,1,0.8592118,1
1,1,1,1,1,1,1,1,0.8754667,1
1,1,1,1,1,1,1,1,0.8914,1
0.6633313,1,1,1,1,1,1,1,0.9069878,2
0.6525357,1,1,1,1,1,1,1,0.9046154,2
0.6418955,1,1,1,1,1,1,1,0.9017639,2
0.6314263,1,1,1,1,1,1,1,0.8984853,2
0.6211428,1,1,1,1,1,1,1,0.8948299,2
0.6110583,1,1,1,1,1,1,1,0.8908451,2
0.6011848,1,1,1,1,1,1,1,0.8865756,2
0.5915367,1,1,1,1,1,1,1,0.8820587,2
0.5821239,1,1,1,1,1,1,1,0.8773338,2
0.5729517,1,1,1,1,1,1,1,0.8724425,2
0.5640312,1,1,1,1,1,1,1,0.8674138,2
0.5553694,1,1,1,1,1,1,1,0.8622783,2
0.5469686,1,1,1,1,1,1,1,0.8570687,2
0.5804679,1,1,1,1,1,1,1,0.8518062,2
0.6337941,1,1,1,1,1,1,1,0.8480359,2
0.6867281,1,1,1,1,1,1,1,0.8463424,2
0.7380474,1,1,1,1,1,1,1,0.8465694,2
1,1,1,1,1,1,1,1,0.848549,0
1,1,1,1,1,1,1,1,0.8597212,1
1,1,1,1,1,1,1,1,0.8707534,1
1,1,1,1,1,1,1,1,0.8816272,1
1,1,1,1,1,1,1,1,0.8923342,1
1,1,1,1,1,1,1,1,0.9028584,1
1,1,1,1,1,1,1,1,0.9131921,1
1,1,1,1,1,1,1,1,0.9233252,1
1,1,1,1,1,1,1,1,0.9332483,1
1,1,1,1,1,1,1,1,0.9429567,1
1,1,1,1,1,1,1,1,0.9524376,1
1,1,1,1,1,1,1,1,0.9616886,1
1,1,1,1,1,1,1,1,1,1
1,1,0.9964411,1,1,1,1,1,1,1
1,1,0.990171,1,1,1,1,1,1,1
1,1,0.9840428,1,1,1,1,1,1,1
1,1,0.9780553,1,1,1,1,1,1,1
1,1,0.9722029,1,1,1,1,1,1,1
1,1,0.9664847,1,1,1,1,1,1,1
1,1,0.9608957,1,1,1,1,1,1,1
1,1,0.9554354,1,1,1,1,1,1,1
1,1,0.9500998,1,1,1,1,1,1,1
1,1,0.9448886,1,1,1,1,1,1,1
1,1,0.9398017,1,1,1,1,1,1,1
1,1,0.9348321,1,1,1,1,1,1,1
1,1,0.9299838,1,1,1,1,1,1,1
1,1,0.9252536,1,1,1,1,1,1,1
1,1,0.9206384,1,1,1,1,1,1,1
1,1,0.9161394,1,1,1,1,1,1,1
1,1,0.9117535,1,1,1,1,1,1,1
1,1,0.9074782,1,1,1,1,1,1,1
1,1,0.9033148,1,1,1,1,1,1,1
1,1,0.8992646,1,1,1,1,1,1,1
1,1,0.8953252,1,1,1,1,1,1,1
1,1,0.8914943,1,1,1,1,1,1,1
1,1,0.8877738,1,1,1,1,1,1,1
1,0.9918432,0.8841575,1,1,1,1,1,1,2
1,0.923005,0.8808681,1,1,1,1,1,1,2
1,0.8443596,0.8795307,1,1,1,1,1,1,2
1,0.7590522,0.8804723,1,1,1,1,1,1,2
1,0.7175702,0.8840023,1,1,1,1,1,1,2
1,0.7155479,1,1,1,1,1,1,1,2
1,0.713097,1,1,1,1,1,1,1,2
1,0.7108477,1,1,1,1,1,1,1,2
1,0.7088031,1,1,1,1,1,1,1,2
1,0.7069632,1,1,1,1,1,1,1,2
1,0.7053308,1,1,1,1,1,1,1,2
1,0.7039027,1,1,1,1,1,1,1,2
1,0.7026814,1,1,1,1,1,1,1,2
1,0.7016661,1,1,1,1,1,1,1,2
1,0.7008594,1,1,1,1,1,1,1,2
1,0.7002571,1,1,1,1,1,1,1,2
1,0.699858,1,1,1,1,1,1,1,2
1,0.6996642,1,1,1,1,1,1,1,2
1,0.6996712,1,1,1,1,1,1,1,2
1,0.6998808,1,1,1,1,1,1,1,2
1,0.7002879,1,1,1,1,1,1,1,2
0.6391417,0.700891,1,1,1,1,1,1,1,2
0.6365901,0.7049356,1,1,1,1,1,1,1,2
0.6345215,0.7096027,1,1,1,1,1,1,1,2
0.6329337,0.7149148,1,1,1,1,1,1,1,2
0.6318256,0.7208968,1,1,1,1,1,1,1,2
0.6312002,1,1,1,1,1,1,1,1,2
0.6306142,1,1,1,1,1,1,1,1,2
0.6303294,1,1,1,1,1,1,1,1,2
0.6303459,1,1,1,1,1,1,1,1,2
0.630663,1,1,1,1,1,1,1,1,2
0.6312799,1,1,1,1,1,1,1,1,2
0.6321958,1,1,1,1,1,1,1,1,2
0.6334065,1,1,1,1,1,1,1,1,2
0.6349103,1,1,1,1,1,1,1,1,2
0.6367058,1,1,1,1,1,1,1,1,2
0.6387911,1,1,1,1,1,1,1,1,2
0.6411608,1,1,1,1,1,1,1,1,2
0.6438128,1,1,1,1,1,1,1,1,2
0.646741,1,1,1,1,1,1,1,1,2
0.6499396,1,1,1,1,1,1,1,1,2
1,1,1,1,1,1,1,1,1,1
1,1,1,1,1,1,1,1,1,1
1,1,1,1,1,1,1,1,1,1
1,1,1,1,1,1,1,1,1,1
1,1,1,1,1,1,1,1,1,1
1,1,1,1,1,1,1,1,1,1
1,1,1,1,1,1,1,1,1,1
1,1,1,1,1,1,1,1,1,1
1,1,1,1,1,1,1,1,1,1
1,1,1,1,1,1,1,1,1,1
1,1,1,1,1,1,1,1,1,1
1,1,1,1,1,1,1,1,1,1
1,1,1,1,1,1,1,1,1,1
1,1,1,1,1,1,1,1,1,1
1,1,1,1,1,1,1,1,1,1
1,1,1,1,1,1,1,1,1,1
1,1,1,1,1,1,1,1,1,1
1,1,1,1,1,1,1,1,1,1
1,1,1,1,1,1,1,1,1,1
1,1,1,1,1,1,1,1,1,1
1,1,1,1,1,1,1,1,1,1
1,1,1,1,1,1,1,1,1,1
1,1,1,1,1,1,1,1,1,1
1,1,1,1,1,1,1,1,1,1
1,1,1,1,1,1,1,1,1,1
1,1,1,1,1,1,1,1,1,1
1,1,1,1,1,1,1,1,1,1
1,1,1,1,1,1,1,1,1,1
1,1,1,1,1,1,1,1,1,1
1,1,1,1,1,1,1,1,1,1
1,1,1,1,1,1,1,1,1,1
1,1,1,1,1,1,1,1,1,1
1,1,1,1,1,1,1,1,1,1
1,1,1,1,1,1,1,1,1,1
1,1,1,1,1,1,1,1,1,1
1,1,1,1,1,1,1,1,1,1
1,1,1,1,1,1,1,1,1,1
1,1,1,1,1,1,1,1,1,1
1,1,1,1,1,1,1,1,1,1
1,1,1,1,1,1,1,1,1,1
1,1,1,1,1,1,1,1,1,1
1,1,1,1,1,1,1,1,1,1
1,1,1,1,1,1,1,1,1,1
1,1,1,1,1,1,1,1,1,1
1,1,1,1,1,1,1,1,1,1
1,1,1,1,1,1,1,1,1,1
1,1,1,1,1,1,1,1,1,1
1,1,1,1,1,1,1,1,1,1
1,1,1,1,1,1,1,1,1,1
1,1,1,1,1,1,1,1,1,1
1,1,1,1,1,1,1,1,1,1
1,1,1,1,1,1,1,1,1,1
1,1,1,1,1,1,1,1,1,1
1,1,1,1,1,1,1,1,1,1
1,1,1,1,1,1,1,1,1,1
1,1,1,1,1,1,1,1,1,1
1,1,1,1,1,1,1,1,1,1
1,1,1,1,1,1,1,1,1,1
1,1,1,1,1,1,1,1,1,1
1,1,1,1,1,1,1,1,1,1
1,1,1,1,1,1,1,1,1,1
1,1,1,1,1,1,1,1,1,1
1,1,1,1,1,1,1,1,1,1
1,1,1,1,1,1,1,1,1,1
1,1,1,1,1,1,1,1,1,1
1,1,1,1,1,1,1,1,1,1
1,1,1,1,1,1,1,1,1,1
1,1,1,1,1,1,1,1,1,1
1,1,1,1,1,1,1,1,1,1
1,1,1,1,1,1,1,1,1,1
1,1,1,1,1,1,1,1,1,1
1,1,1,1,1,1,1,1,1,1
1,1,1,1,1,1,1,1,1,1
1,1,1,1,1,1,1,1,1,1
1,1,1,1,1,1,1,1,1,1
1,1,1,1,1,1,1,1,1,1
1,1,1,1,1,1,1,1,1,1
1,1,1,1,1,1,1,1,1,1
1,1,1,1,1,1,1,1,1,1
1,1,1,1,1,1,1,1,1,1
1,1,1,1,1,1,1,1,1,1
1,1,1,1,1,1,1,1,1,1
1,1,1,1,1,1,1,1,1,1
1,1,1,1,1,1,1,1,1,1
1,1,1,1,1,1,1,1,1,1
1,1,1,1,1,1,1,1,1,1
0.9996769,1,1,1,1,1,1,1,1,1
0.9674319,1,1,1,1,1,1,1,1,1
0.9315223,1,1,1,1,1,1,1,1,1
0.8920335,1,1,1,1,1,1,1,1,2
0.8492072,1,1,1,1,1,1,1,1,2
0.8311458,1,1,1,1,1,1,1,1,2
0.83386,1,1,1,1,1,1,1,1,2
0.8366558,1,1,1,1,1,1,1,1,2
0.8395308,1,1,1,1,1,1,1,1,2
0.8424826,1,1,1,1,1,1,1,1,2
0.8455054,1,1,1,1,1,1,1,1,2
0.8485967,1,1,1,1,1,1,1,1,2
0.851751,1,1,1,1,1,1,1,1,2
0.8549656,1,1,1,1,1,1,1,1,2
0.8582349,1,1,1,1,1,1,1,1,2
0.8615564,1,1,1,1,1,1,1,1,2
0.8649243,1,1,1,1,1,1,1,1,2
0.8683364,1,1,1,1,1,1,1,1,2
1,1,1,1,1,1,1,1,1,1
1,1,1,1,1,1,1,1,1,1
1,1,1,1,1,1,1,1,1,1
1,1,1,1,1,1,1,1,1,1
1,1,1,1,1,1,1,1,1,1
1,1,1,1,1,1,1,1,1,1
1,1,1,1,1,1,1,1,1,1
1,1,1,1,1,1,1,1,1,1
1,1,1,1,1,1,1,1,1,1
1,1,1,1,1,1,1,1,1,1
1,1,1,1,1,1,1,1,1,1
1,1,1,1,1,1,1,1,1,1
1,1,1,1,1,1,1,1,1,1
1,1,1,1,1,1,1,1,1,1
1,1,1,1,1,1,1,1,1,1
1,1,1,1,1,1,1,1,1,1
1,1,1,1,1,1,1,1,1,1
1,1,1,1,1,1,1,1,1,1
1,1,1,1,1,1,1,1,1,1
1,1,1,1,1,1,1,1,1,1
1,1,1,1,1,1,1,1,1,1
1,1,1,1,1,1,1,1,1,1
1,1,1,1,1,1,1,1,1,1
1,1,1,1,1,1,1,1,1,1
1,1,1,1,1,1,1,1,1,1
1,1,1,1,1,1,1,1,1,1
1,1,1,1,1,1,1,1,1,1
1,1,1,1,1,1,1,1,1,1
1,1,1,1,1,1,1,1,1,1
1,1,1,1,1,1,1,1,1,1
1,1,1,1,1,1,1,1,1,1
1,1,1,1,1,1,1,1,1,1
1,1,1,1,1,1,1,1,1,1
1,1,1,1,1,1,1,1,1,1
1,1,1,1,1,1,1,1,1,1
1,1,1,1,1,1,1,1,1,1
1,1,1,1,1,1,1,1,1,1
1,1,1,1,1,1,1,1,1,1
1,1,1,1,1,1,1,1,1,1
1,1,1,1,1,1,1,1,1,1
1,1,1,1,1,1,1,1,1,1
1,1,1,1,1,1,1,1,1,1
1,1,1,1,1,1,1,1,0.9991943,1
1,1,1,1,1,1,1,1,0.9977479,1
1,1,1,1,1,1,1,1,0.9963115,1
1,1,1,1,1,1,1,1,0.9948823,1
1,1,1,1,1,1,1,1,0.9934629,1
1,1,1,1,1,1,1,1,0.9920537,1
1,1,1,1,1,1,1,1,0.9906543,1
1,1,1,1,1,1,1,1,0.9892648,1
1,1,1,1,1,1,1,1,0.9878855,1
1,1,1,1,1,1,1,1,0.986519,1
1,1,1,1,1,1,1,1,0.9851655,1
1,1,1,1,1,1,1,1,0.983825,1
1,1,1,1,1,1,1,1,1,1
1,1,1,1,1,1,1,1,1,1
1,1,1,1,1,1,1,1,1,1
1,1,1,1,1,1,1,1,1,1
1,1,1,1,1,1,1,1,1,1
1,1,1,1,1,1,1,1,1,1
1,1,1,1,1,1,1,1,1,1
1,1,1,1,1,1,1,1,1,1
1,1,1,1,1,1,1,1,1,1
1,1,1,1,1,1,1,1,1,1
1,1,1,1,1,1,1,1,1,1
1,1,1,1,1,1,1,1,1,1
1,1,1,1,1,1,1,1,1,1
1,1,1,1,1,1,1,1,1,1
1,1,1,1,1,1,1,1,1,1
1,1,1,1,1,1,1,1,1,1
1,1,1,1,1,1,1,1,1,1
1,1,1,1,1,1,1,1,1,1
1,1,1,1,1,1,1,1,1,1
1,1,1,1,1,1,1,1,1,1
1,1,1,1,1,1,1,1,1,1
1,1,1,1,1,1,1,1,1,1
1,1,1,1,1,1,1,1,1,1
1,1,1,1,1,1,1,1,0.9742125,1
1,1,1,1,1,1,1,1,0.9064978,1
1,1,1,1,1,1,1,1,0.9055796,1
1,1,1,1,1,1,1,1,0.9047182,1
1,1,1,1,1,1,1,1,0.9039143,1
1,1,1,1,1,1,1,1,0.9031674,1
1,1,1,1,1,1,1,1,0.9024781,1
1,1,1,1,1,1,1,1,0.9018461,1
1,1,1,1,1,1,1,1,0.9012715,1
1,1,1,1,1,1,1,1,0.9007542,1
1,1,1,1,1,1,1,1,0.9002973,1
1,1,1,1,1,1,1,1,0.8998976,1
1,1,1,1,1,1,1,1,0.8995581,1
1,1,1,1,1,1,1,1,0.8992755,1
1,1,1,1,1,1,1,1,0.8990528,1
1,1,1,1,1,1,1,1,0.8988867,1
1,1,1,1,1,1,1,1,0.89878,1
1,1,1,1,1,1,1,1,0.8987324,1
1,1,1,1,1,1,1,1,0.8987405,1
1,1,1,1,1,1,1,1,0.8988072,1
1,1,1,1,1,1,1,1,0.8989321,1
1,1,1,1,1,1,1,1,0.8991116,1
1,1,1,1,1,1,1,1,0.8993486,1
1,1,1,1,1,1,1,1,0.8996394,1
1,1,1,1,1,1,1,1,1,1
1,1,1,1,1,1,1,1,1,1
1,1,1,1,1,1,1,1,1,1
1,1,1,1,1,1,1,1,1,1
1,1,1,1,1,1,1,1,1,1
1,1,1,1,1,1,1,1,1,1
1,1,1,1,1,1,1,1,1,1
1,1,1,1,1,1,1,1,1,1
1,1,1,1,1,1,1,1,1,1
1,1,1,1,1,1,1,1,1,1
1,1,1,1,1,1,1,1,1,1
1,1,1,1,1,1,1,1,1,1
1,1,1,1,1,1,1,1,1,1
1,1,1,1,1,1,1,1,1,1
1,1,1,1,1,1,1,1,1,1
1,1,1,1,1,1,1,1,1,1
1,1,1,1,1,1,1,1,1,1
1,1,1,1,1,1,1,1,1,1
1,1,1,1,1,1,1,1,1,1
1,1,1,1,1,1,1,1,1,1
1,1,1,1,1,1,1,1,1,1
1,1,1,1,1,1,1,1,1,1
1,1,1,1,1,1,1,1,1,1
1,1,1,1,1,1,1,1,1,1
1,1,1,1,1,1,1,1,1,1
1,1,1,1,1,1,1,1,1,1
1,1,1,1,1,1,1,1,1,1
1,1,1,1,1,1,1,1,1,1
1,1,1,1,1,1,1,1,1,1
1,1,0.9909394,1,1,1,1,1,1,1
1,1,0.9798317,1,1,1,1,1,1,1
1,1,0.968637,1,1,1,1,1,1,1
1,1,0.9573581,1,1,1,1,1,1,1
1,1,0.9459982,1,0.9959863,1,1,1,1,1
1,1,0.9345606,1,0.9859878,1,1,1,1,1
1,1,0.9230496,1,0.975991,0.9917339,1,1,1,1
1,1,0.9114953,1,0.965996,0.9818004,1,1,1,1
1,1,0.8999065,1,0.9560031,0.9718851,1,1,1,1
1,1,0.8882871,1,0.946013,0.9619875,1,1,1,1
1,1,0.8766407,1,0.9360257,0.9521066,1,1,1,1
1,1,0.8649715,1,0.9260418,0.9422415,1,1,1,1
1,1,0.8532835,1,0.9160616,0.9323912,1,1,1,1
1,1,0.841584,1,0.9060885,0.9225577,1,1,1,1
1,1,0.8298737,1,0.8961196,0.9127369,1,1,1,1
1,1,0.8181564,1,0.8861552,0.9029274,1,1,1,1
1,1,0.8064364,0.8863224,0.8761955,0.8931282,1,1,1,1
1,1,0.7944657,0.8758054,0.8662561,0.883467,1,1,1,1
1,1,0.7824958,0.8652915,0.8563255,0.8738219,1,1,1,1
1,1,0.7705368,0.8547868,0.8464072,0.8641936,1,1,1,1
1,1,0.7585915,0.8442906,0.8364981,0.8545766,1,1,1,1
1,1,0.7466689,0.8338082,0.8266011,0.8449715,1,1,1,1
1,1,0.7347711,0.8233388,0.816713,0.8353726,1,1,1,1
1,1,0.7229029,0.812884,0.8068331,0.8257769,1,1,1,1
1,1,0.7110721,0.8024486,0.796964,0.816185,1,1,1,1
1,1,0.7111686,0.7920338,0.7871052,0.806594,1,1,1,1
1,1,0.7185498,0.7816551,0.7772447,0.7969633,1,1,1,1
1,1,0.7255977,0.7713234,0.7673788,0.7872735,1,1,1,1
1,1,0.732296,0.7610314,0.7575031,0.7775229,1,1,1,1
1,1,0.7386318,0.7507782,0.7476196,0.7677164,1,1,1,1
1,1,0.7445954,0.740557,0.7377245,0.7578529,1,1,1,1
1,1,0.7501799,0.7303675,0.7278205,0.7479379,1,1,1,1
1,1,0.75539,0.7202038,0.7179043,0.7379709,1,1,1,1
1,1,0.7602249,0.7100633,0.7079762,0.7279551,1,1,1,1
1,1,0.7646858,0.6999464,0.6980394,0.7178964,1,1,1,1
1,1,0.7687766,0.6898481,0.6880913,0.7077949,1,1,1,1
1,1,0.772512,0.6797661,0.6781326,0.6976539,1,1,1,1
1,1,0.7758995,0.6696989,0.6681638,0.6874766,1,1,1,1
1,1,0.7789484,0.6596447,0.6581857,0.6772662,1,1,1,1
1,1,1,0.6496022,0.6481993,0.6670259,1,1,1,1
1,1,1,0.6397798,0.6380533,0.6562214,1,1,1,1
1,1,1,0.6299519,0.6279163,0.6454422,1,1,1,1
1,1,1,0.6201177,0.6177881,0.6346884,1,1,1,1
1,1,1,0.6102795,0.6076711,0.6239631,1,1,1,1
1,0.6670765,1,0.6004335,0.5975622,0.6132633,1,1,1,2
1,0.6476085,1,0.589913,0.5878398,0.6040713,1,1,1,2
1,0.6284148,1,0.5794381,0.5781459,0.5948949,1,1,1,2
1,0.6095212,1,0.5690137,0.5684811,0.58573,1,1,1,2
1,0.5909446,1,0.5586404,0.5588423,0.5765694,1,1,1,2
1,0.5727009,1,0.5483212,0.5492291,0.5674091,1,1,1,2
1,0.5547921,1,0.5380524,0.5396349,0.5582386,1,1,1,2
1,0.5372212,1,0.5278323,0.5300556,0.549051,1,1,1,2
1,0.5199913,1,0.5176619,0.5204903,0.5398426,1,1,1,2
1,0.5030982,1,0.5075387,0.5109347,0.5306072,1,1,1,2
1,0.4865351,0.5209276,0.4974598,0.5013848,0.5213388,1,1,1,2
1,0.4677736,0.5085822,0.4873323,0.4922649,0.5130466,1,1,1,2
1,0.4497965,0.4965275,0.4773138,0.4831557,0.5046664,1,1,1,2
1,0.4543479,0.4847382,0.4673878,0.4740428,0.4961841,1,1,1,2
1,0.4624933,0.4732634,0.457538,0.4648643,0.4874821,1,1,1,2
1,0.4702609,0.4620642,0.4477405,0.455602,0.4785448,1,1,1,2
1,0.477639,0.4510964,0.437979,0.4462543,0.4693849,1,1,1,2
1,0.4846226,0.4403207,0.428239,0.4368199,0.460015,1,1,1,2
1,0.4912077,0.429704,0.4185091,0.4273004,0.4504494,1,1,1,2
1,0.4973994,0.4192212,0.4087842,0.417702,0.440707,1,1,1,1
0.5699093,0.5032119,0.4088516,0.3990608,0.4080321,0.4308069,1,1,1,2
0.5292498,0.5197934,0.3972389,0.3896804,0.3997902,1,1,1,1,2
0.4899233,0.5392787,0.3857698,0.3805307,0.3918721,1,1,1,1,2
0.4537165,1,0.3746135,0.371573,0.3840976,1,1,1,1,2
0.4248006,1,0.3640897,0.362495,0.3756873,1,1,1,1,2
0.3975531,1,0.3537394,0.3534871,0.3672879,1,1,1,1,2
0.387578,1,0.3435561,0.3445393,0.3588852,1,1,1,1,2
0.3946949,0.3875281,0.3335455,0.3356072,0.350394,1,1,1,1,2
0.4045907,0.3719231,0.3234376,0.3272386,0.3429952,1,1,1,1,2
0.4152039,0.3569352,0.3135814,0.3190265,0.3357126,1,1,1,1,2
0.4259102,0.3428775,0.3039875,0.3108228,0.3282668,1,1,1,1,2
0.4363965,0.329712,0.2946057,0.3025461,0.3205402,1,1,1,1,2
0.4466091,0.3172652,0.2853772,0.2941729,1,1,1,1,1,2
0.4600323,0.3041813,0.276301,0.2864174,1,1,1,1,1,2
0.4743987,0.2915794,0.2674357,0.2787946,1,1,1,1,1,2
0.4888638,0.2796503,0.2587405,0.2711203,1,1,1,1,1,2
1,0.2683336,0.2501674,0.2633319,1,1,1,1,1,1
1,0.2589402,0.2413542,0.2540198,1,1,1,1,1,1
0.3374263,0.2495355,0.2325392,0.2447112,1,1,1,1,1,2
0.3182277,0.2383797,0.22414,0.2371525,1,1,1,1,1,2
0.3004904,0.2276983,0.2158564,0.2295376,1,1,1,1,1,2
0.2839985,0.2174298,0.2076668,0.2218552,1,1,1,1,1,2
0.2685586,0.2075122,0.199545,1,1,1,1,1,1,2
0.2524615,0.1975163,0.1917162,1,1,1,1,1,1,2
0.2372114,0.1878519,0.1840426,1,1,1,1,1,1,2
0.2227501,0.1785042,0.1765183,1,1,1,1,1,1,2
0.2090246,0.1694594,0.1691379,1,1,1,1,1,1,2
0.1960376,0.1607139,0.1618789,1,1,1,1,1,1,2
0.1838796,0.1522758,0.1546751,1,1,1,1,1,1,2
0.172429,0.1441023,0.4383958,1,1,1,1,1,1,2
0.1612577,0.1361097,0.4330292,1,1,1,1,1,1,2
0.1507055,0.1283592,1,1,1,1,1,1,1,2
0.1403369,0.1207878,1,1,1,1,1,1,1,2
0.1304577,0.1134504,1,1,1,1,1,1,1,2
0.1210412,0.1063392,1,1,1,1,1,1,1,2
0.112102,0.1665344,1,1,1,1,1,1,1,2
0.1036209,0.3731275,1,1,1,1,1,1,1,2
0.09554091,0.3665134,1,1,1,1,1,1,1,2
0.08779714,0.3601359,1,1,1,1,1,1,1,2
0.09504933,0.3539704,1,1,1,1,1,1,1,2
0.1186804,0.3479892,1,1,1,1,1,1,1,2
0.1437849,0.3421565,1,1,1,1,1,1,1,2
0.1702854,0.3364481,1,1,1,1,1,1,1,2
0.1980742,0.3308402,1,1,1,1,1,1,1,2
0.2270315,1,1,1,1,1,1,1,1,2
0.258768,1,1,1,1,1,1,1,1,2
0.2921099,1,1,1,1,1,1,1,1,2
0.323983,1,1,1,1,1,1,1,1,2
0.3173262,1,1,1,1,1,1,1,1,2
0.310828,1,1,1,1,1,1,1,1,2
0.3044774,1,1,1,1,1,1,1,1,2
0.2982731,1,1,1,1,1,1,1,1,2
0.2922076,1,1,1,1,1,1,1,1,2
0.2862768,1,1,1,1,1,1,1,1,2
0.2804767,1,1,1,1,1,1,1,1,2
0.2748005,1,1,1,1,1,1,1,1,2
0.3099932,1,1,1,1,1,1,1,1,2
0.3559076,1,1,1,1,1,1,1,1,2
0.4035891,1,1,1,1,1,1,1,1,2
0.4528166,1,1,1,1,1,1,1,1,2
0.5033239,1,1,1,1,1,1,1,1,2
1,1,1,1,1,1,1,1,1,1
1,1,1,1,1,1,1,1,1,1
1,1,1,1,1,1,1,1,1,1
1,1,1,1,1,1,1,1,1,1
1,1,1,1,1,1,1,1,1,1
1,1,1,1,1,1,1,1,1,1
1,1,1,1,1,1,1,1,1,1
1,1,1,1,1,1,1,1,1,1
1,1,1,1,1,1,1,1,1,1
1,1,1,1,1,1,1,1,1,1
1,1,1,1,1,1,1,1,1,1
1,1,1,1,1,1,1,1,1,1
1,1,1,1,1,1,1,1,1,1
1,1,1,1,1,1,1,1,1,1
1,1,1,1,1,1,1,1,1,1
1,1,1,1,1,1,1,1,1,1
1,1,1,1,1,1,1,1,1,1
1,1,1,1,1,1,1,1,1,1
1,1,1,1,1,1,1,1,1,1
1,1,1,1,1,1,1,1,1,1
1,1,1,1,1,1,1,1,1,1
1,1,1,1,1,1,1,1,1,1
1,1,1,1,1,1,1,1,1,1
1,1,1,1,1,1,1,1,1,1
1,1,1,1,1,1,1,1,1,1
1,1,1,1,1,1,1,1,1,1
1,1,1,1,1,1,1,1,1,1
1,1,1,1,1,1,1,1,1,1
1,1,1,1,1,1,1,1,1,1
1,1,1,1,1,1,1,1,1,1
1,1,1,1,1,1,1,1,1,1
1,1,1,1,1,1,1,1,1,1
1,1,1,0.9990834,1,1,1,1,1,1
1,1,1,0.9914587,1,1,1,1,1,1
1,1,1,0.9835095,1,1,1,1,1,1
1,1,1,0.9752206,1,1,1,1,1,1
1,1,1,0.966588,1,1,1,1,1,1
1,1,1,0.9575989,1,1,1,1,1,1
1,1,0.9903963,0.9482519,1,1,1,1,1,1
1,1,0.9783171,0.9382483,1,1,1,1,1,1
1,1,0.9670102,0.927505,1,1,1,1,1,1
1,1,0.9564659,0.9160547,1,1,1,1,1,1
1,1,0.9466755,0.9039308,1,1,1,1,1,0
1,1,0.9376327,0.8911724,1,1,1,1,1,0
1,1,0.9293331,0.8778238,1,1,1,1,1,0
1,1,0.9217736,0.8639386,1,1,1,1,1,0
1,1,0.9149521,0.8495687,1,1,1,1,1,0
1,1,0.9088733,0.8347691,1,1,1,1,1,0
1,1,0.9035321,0.8196009,1,1,1,1,1,0
1,1,0.8989298,0.8041209,1,1,1,1,1,0
1,1,0.8950737,0.7883904,1,1,1,1,1,0
1,1,0.8919667,0.7724695,1,1,1,1,1,0
1,1,0.8896065,0.7564109,1,1,1,1,1,0
1,1,0.8880032,0.7402737,0.9266999,1,1,1,1,0
1,1,0.8909501,0.7221259,0.8986004,1,1,1,1,0
1,1,0.8963116,0.7034918,0.8698794,1,1,1,1,0
1,1,0.9042624,0.68453,0.8408346,1,1,1,1,0
1,1,0.9150017,0.6653891,0.8117394,1,1,1,1,0
1,1,1,0.6462215,0.7828581,1,1,1,1,0
1,1,1,0.6356007,0.7557417,1,1,1,1,0
1,1,1,0.6371065,0.7289807,1,1,1,1,0
1,0.8676336,1,0.6394662,0.7029815,1,1,1,1,0
1,0.8613033,1,0.6426546,0.6778406,1,1,1,1,0
1,0.8551422,1,0.6466348,0.6536292,0.8202024,1,1,1,0
1,0.849233,1,0.6528621,0.6292825,0.7820736,1,1,1,0
1,0.8435297,1,0.6600097,0.6060308,0.7463196,1,1,1,0
1,0.8380283,1,0.6681688,0.5837866,0.7127025,1,1,1,0
1,0.8327249,1,0.6774451,0.5624709,0.6810154,1,1,1,0
1,0.8276194,1,0.6879603,0.5420163,0.6510813,1,1,1,0
1,0.8227059,1,0.6998569,0.5446826,0.6227347,1,1,1,0
1,0.8179815,1,0.7133007,0.5487208,0.595834,1,1,1,0
1,0.8134472,1,0.7284873,0.5534915,0.5702582,1,1,1,0
1,0.8090979,1,0.7456482,0.5590604,0.5458902,1,1,1,0
1,0.8049348,1,1,0.5654976,0.522634,0.7415591,1,1,0
1,1,1,1,0.5728943,0.5003994,0.6993783,1,1,0
1,1,1,1,0.5813439,0.4791053,0.6601243,1,1,0
1,1,1,1,0.590961,0.4666302,0.6234832,1,1,0
1,1,1,1,0.601878,0.4701753,0.5891744,1,1,0
1,1,1,1,0.6142502,0.4743999,0.5569654,1,1,0
1,1,1,1,0.6282529,0.4793575,0.526648,1,1,0
1,1,1,1,0.6441,0.4851139,0.4980454,1,1,0
1,1,1,1,0.6620396,0.4917397,0.4709927,1,1,0
1,1,1,1,1,0.4993207,0.4453534,1,1,0
1,1,1,1,1,0.5079556,0.4210022,1,1,0
1,1,1,1,1,0.5177528,0.3978321,1,1,0
1,1,1,1,1,0.5288439,0.3779823,1,1,0
1,1,1,1,1,0.5413823,0.3811259,1,1,0
1,1,1,1,1,0.5555415,0.3848649,1,1,0
1,1,1,1,1,0.5715257,0.3892406,0.6032978,1,0
1,1,1,1,1,0.5895847,0.3943043,0.5510325,1,0
1,1,1,1,1,1,0.4001091,0.5035776,1,0
1,1,0.9949126,1,1,1,0.4067152,0.4602721,1,0
1,1,0.7426429,1,1,1,0.4141959,0.42057,1,0
1,1,0.6871102,1,1,1,0.4226299,0.3840226,1,0
1,1,0.6398122,1,1,1,0.432112,0.3502528,1,0
1,1,0.5991017,1,1,1,0.44274,0.3189304,1,0
1,1,0.5925044,1,1,1,0.4546381,0.290374,1,0
1,1,0.5860561,1,1,1,0.46795,0.2929944,1,0
1,1,0.5797527,1,1,1,0.4828303,0.2960716,1,0
1,1,0.5735905,1,1,1,0.4994659,0.2996277,1,0
1,1,0.5675692,1,1,1,1,0.3036911,0.5475127,0
1,1,0.5616889,1,1,1,0.9825522,0.3082855,0.4557436,0
1,1,0.5559433,0.9288885,1,1,0.9614652,0.3134453,0.3790276,0
1,1,0.5503329,0.8716897,1,1,0.9412122,0.3192046,0.3139287,0
1,1,0.5448588,0.8651444,1,1,0.9217536,0.3255972,0.2579843,0
1,1,0.539519,0.8589314,1,1,0.9030496,0.3326692,0.2554305,0
1,1,0.534315,0.8530517,1,1,0.9416025,0.3404635,0.2580545,0
1,1,0.5292454,0.847504,1,1,1,0.3490368,0.2610562,0
1,1,0.5243091,0.5816125,1,1,1,0.3584433,0.2644443,0
1,1,0.5195091,0.5393836,1,1,1,0.3687489,0.2682319,0
1,1,1,0.5018755,0.925793,1,1,0.3800272,0.2724333,0
1,1,1,0.4682561,0.8093648,1,1,0.3923567,0.2770613,0
1,1,1,0.4378615,0.7830025,1,1,0.4058357,0.2821367,0
1,1,1,0.4301594,0.7765394,1,1,0.9537476,0.2876757,0
1,1,1,0.4225646,0.7695138,1,1,0.9301402,0.292896,0
1,1,1,0.4149098,0.7625661,1,1,0.907748,0.2983685,0
1,1,1,0.4071711,0.7556622,1,1,0.8865002,0.3040729,0
1,1,1,0.399323,0.7487656,1,1,0.8663197,0.3099844,0
1,1,1,0.3913494,0.7418479,1,1,0.8471378,0.3160806,0
1,1,1,0.3832334,0.4652732,0.9192427,1,0.8288832,0.3223386,0
1,1,1,0.3741555,0.4435293,0.8448327,1,0.8134285,0.3278408,0
1,1,1,0.3647782,0.4243618,0.7849472,1,0.7988638,0.333205,0
1,1,1,0.3551292,0.4072461,0.7355558,1,0.7850516,0.3384255,0
1,1,1,0.3452371,0.3917822,0.6939594,1,0.771876,0.3434989,1
1,1,1,0.3351301,0.3776695,0.6614627,1,0.759239,0.3484202,1
1,1,1,0.3248393,0.3646339,0.6522299,1,0.7506124,1,2
1,1,1,0.3104372,0.3764694,0.6899,1,0.7449804,1,2
1,1,1,0.2966662,0.3884631,0.7638267,1,0.7422916,1,2
1,1,0.3386564,0.2834376,0.6407315,0.8509825,1,0.7389122,1,2
1,1,0.3199234,0.269902,0.6269225,1,1,0.7377347,1,2
1,1,0.3019153,0.2659881,0.6134906,1,1,0.736787,1,2
1,1,0.2845781,0.2733884,0.600417,1,1,0.736077,1,2
1,1,0.2678628,0.2822409,0.5876834,1,1,0.7356139,1,2
1,1,0.2517282,0.2927927,0.5752761,1,1,0.7354121,1,2
1,1,0.236133,0.305362,0.563179,1,1,0.7354831,1,2
1,1,0.2210427,0.3203426,0.5827361,1,1,0.7358444,1,2
1,1,0.2064222,0.5601247,0.6736243,1,1,0.7365108,1,2
1,1,0.1926973,0.5469852,0.7741259,1,1,0.734692,1,2
1,1,0.1926733,0.5342844,1,1,1,0.7321338,1,2
1,0.2485678,0.1959895,0.5220467,1,1,1,0.7283192,1,2
1,0.2250108,0.2025468,0.5091593,1,1,1,0.7298737,1,2
1,0.2028094,0.2102013,0.4966089,1,1,1,0.7318134,1,2
1,0.1818365,0.2190945,0.4843785,1,1,1,0.7341654,1,2
1,0.1619846,0.2294108,0.4731946,1,1,1,0.7369655,1,2
1,0.1431586,0.496254,0.5440313,1,1,1,0.7402539,1,2
1,0.1307364,0.4811756,0.6409329,1,1,1,0.7440709,1,2
0.2294805,0.1343915,0.4665727,1,1,1,1,0.7484628,1,2
0.1879411,0.1385543,0.4524229,1,1,1,1,0.7534879,1,2
0.1509686,0.1432618,0.4387023,1,1,1,0.769993,0.7592074,1,2
0.1178381,0.1485603,0.4253882,1,1,1,0.7422916,1,1,2
0.1109499,0.1544878,0.4124661,1,1,1,0.716284,1,1,2
0.1139749,0.1611015,0.399913,1,1,1,0.6917882,1,1,2
0.1173389,0.1684566,0.3877134,1,1,1,0.6686555,1,1,2
0.1210598,0.3463565,0.4181516,1,1,1,0.6467463,1,1,2
0.1251465,0.360225,0.4745382,1,1,1,0.6259522,1,1,2
0.1296201,0.4244917,0.5456713,1,1,1,0.6061639,1,1,2
0.1344963,0.4068888,1,1,1,1,0.5872932,1,1,2
0.139796,0.3900213,1,1,1,1,0.5692576,1,1,2
0.2828379,0.3738437,1,1,1,1,0.5519874,1,1,2
0.2772993,0.3583178,1,1,1,1,0.5354162,1,1,2
0.2858854,0.3434051,1,1,1,1,0.5194882,1,1,2
0.2951095,0.3290699,1,1,1,1,0.5041492,1,1,2
0.3050086,0.3152829,1,1,1,1,0.4893538,1,1,2
0.3152783,0.3021906,1,1,1,1,0.4755909,1,1,2
0.4057218,0.3067363,1,1,1,0.6147473,0.4628916,1,1,1
0.3899759,0.3201949,1,1,1,0.6037421,0.4556951,1,1,1
0.3746388,0.3335983,1,1,1,0.5932472,0.4487035,1,1,1
0.3596532,0.3469127,1,1,1,0.5832064,0.4418969,1,1,1
0.3449729,0.3601152,1,1,1,0.5735654,0.4352537,1,1,1
0.3305573,0.3731861,1,1,1,0.5642766,0.4287552,1,1,1
0.3163661,0.3861011,1,1,1,0.5553039,0.4223891,1,1,1
0.3023629,0.3988545,1,1,1,0.5466054,0.4161372,1,1,1
0.28852,0.4114357,1,1,1,0.5381492,0.409987,1,1,1
0.2748084,0.423828,1,1,1,0.5299124,0.4039319,1,1,1
0.2612062,0.4360414,1,1,1,0.5218599,0.3979545,1,1,1
0.2476947,0.4480636,1,1,1,0.5139762,0.3920511,1,1,1
0.2424868,1,1,1,1,1,0.3862112,1,1,1
0.2493633,1,1,1,1,1,0.3794169,1,1,1
0.2561865,1,1,1,1,1,0.3727946,1,1,1
0.2629472,1,1,1,1,1,0.3663284,1,1,1
0.2696327,1,1,1,1,1,0.3600082,1,1,1
0.2762351,1,1,1,1,1,0.3538217,0.5275627,1,0
0.2776292,1,1,1,1,1,0.3532618,0.4485541,1,0
0.27824,1,1,1,1,1,0.3537741,0.3770409,1,0
0.2787055,1,1,1,1,1,0.3547128,0.3159411,1,0
0.2790322,1,1,1,1,1,0.356104,0.2764259,1,0
0.2792252,1,1,1,1,1,0.3579765,0.2743878,1,0
0.279293,1,1,1,1,1,0.3603584,0.2726496,1,0
0.2792431,1,1,1,1,1,0.3632816,0.2712148,1,0
0.2790787,1,1,1,1,1,0.3667863,0.2700908,1,0
0.2788022,1,1,1,1,1,1,0.2692861,1,1
0.2817571,1,1,1,1,1,1,0.2664395,1,1
0.2846506,1,1,1,1,1,1,0.2636316,1,1
0.2874804,1,1,1,1,0.9906794,1,0.2608646,1,1
0.2902172,1,1,1,1,0.9784585,1,0.2581574,0.236375,0
0.2896398,1,1,1,1,0.9580018,1,0.2577472,0.2337176,0
0.2889684,1,1,1,1,0.9383017,1,0.2576709,0.2313674,0
0.2882068,1,1,1,1,0.9193181,1,0.2579374,0.2293215,0
0.2873584,1,1,1,1,0.9010178,1,0.2585569,0.2275776,0
0.2864262,1,1,1,1,0.9453911,1,0.2595409,0.2261343,0
0.2854093,1,1,1,1,0.9976581,1,0.2609059,0.224994,0
0.2843103,1,1,1,1,1,1,0.2626666,0.2241568,0
0.2831307,1,1,1,1,1,0.9387077,0.2648394,0.2236235,0
0.2818723,1,1,1,1,1,0.91539,1,0.2233958,0
0.2822316,1,1,1,1,1,0.9008311,1,0.2227058,0
0.2825124,1,1,1,1,1,0.8862717,1,0.2220902,0
0.2827148,1,1,1,1,1,0.8717249,1,0.2215524,0
0.2828391,1,1,1,1,1,0.8572102,1,0.2210958,0
0.2828887,1,1,1,1,1,0.8427389,1,0.2207207,0
0.2828635,1,1,1,1,1,0.8283281,1,0.2204304,0
0.2827637,1,1,1,1,1,0.8139869,1,0.2202281,0
1,1,1,1,1,1,0.7997296,1,0.2201139,0
1,1,1,1,1,1,0.7801141,1,0.2209487,0
1,1,1,1,1,1,0.7612363,1,1,0
1,1,1,1,1,1,0.7528444,1,1,0
1,1,1,1,1,1,0.7601431,1,1,1
1,1,0.9915758,1,1,1,0.7674148,1,1,1
1,1,0.9833038,1,1,1,0.774386,1,1,1
1,1,0.9757123,1,1,1,0.7810346,1,1,1
1,1,0.9687287,1,1,1,0.7873729,1,1,1
1,1,0.9622961,1,1,1,0.7934064,1,1,1
1,1,0.9563648,1,1,1,0.7991408,1,1,1
1,1,0.9508908,1,1,1,0.8045818,1,1,1
1,1,0.9458292,1,1,1,0.809744,1,1,1
1,1,0.9411459,1,1,1,0.8146335,1,1,1
1,1,0.9368116,1,1,1,1,1,1,1
1,1,0.938259,1,1,1,1,1,1,1
1,1,0.9396856,1,1,1,1,1,1,1
1,1,0.9410917,1,1,1,1,1,1,1
1,0.9987572,0.9424713,1,1,1,1,1,1,1
1,0.981192,0.9439085,1,1,1,1,1,1,1
1,0.9803672,0.9464203,1,1,1,1,1,1,1
1,0.9813086,0.9489463,1,1,1,1,1,1,1
1,0.98221,0.9513685,1,1,1,1,1,1,1
1,0.983074,0.9536917,1,1,1,1,1,1,1
1,0.9776058,0.9559134,1,1,1,1,1,1,1
1,0.9597665,0.9584533,1,1,1,1,1,1,1
1,0.9413775,0.9620975,1,1,1,1,1,1,1
1,0.9224881,0.9668857,1,1,1,1,1,1,1
1,0.903147,0.9728481,1,1,1,1,1,1,1
1,0.8834161,0.9800242,1,1,1,1,0.6450917,1,0
1,0.8753282,0.9651915,1,1,1,1,0.6244942,1,0
1,0.8671628,0.9506358,1,1,1,1,0.6042525,1,0
1,0.8588897,0.9364051,1,1,1,1,0.5843798,1,0
1,0.8504734,0.9225273,1,1,1,1,0.5648814,1,0
1,0.8418781,0.9090382,1,1,1,1,0.5457596,1,0
1,0.8330679,0.89596,1,1,1,1,0.5270135,1,0
1,0.8240069,0.8833181,1,1,1,1,0.5086404,1,0
1,0.8146599,0.8711252,1,1,1,1,0.4906347,1,0
1,0.8049976,0.8593907,1,1,1,1,0.4729937,1,0
1,0.7949809,0.8481334,1,1,1,1,0.4596067,1,0
1,0.7844542,0.8375255,1,1,1,1,0.4635424,1,0
1,0.7728268,0.8282857,1,1,1,1,0.4672129,1,0
1,0.7601288,0.8203211,1,1,1,1,0.4705929,1,1
1,0.7463905,0.8135554,1,1,1,1,0.4736602,1,1
1,0.7316574,0.807919,1,1,1,1,0.4763997,1,1
1,0.7159804,0.8033608,1,1,1,1,0.4787951,1,1
1,0.6994301,0.7998322,1,1,1,1,0.4808382,1,1
1,0.6820742,0.7972988,1,1,1,1,0.4825202,1,1
1,0.6639929,0.7957265,1,1,1,1,0.4838403,1,1
1,0.6452661,0.7950869,1,1,1,1,0.4848014,1,1
1,0.6259885,0.7953557,1,1,1,1,0.4854096,1,1
1,0.606245,0.7965186,1,1,1,1,0.4856703,1,1
1,0.5861266,0.7985522,1,1,1,1,0.4856003,0.5434095,0
1,0.5808634,0.7773586,1,1,1,1,1,0.4958352,1
1,0.5631365,0.7749594,1,1,1,1,1,0.4682073,1
1,0.5457276,0.7720401,1,1,1,1,1,0.4401577,1
1,0.5286154,0.7685906,1,1,1,1,1,0.4117778,1
1,0.5117643,0.7646171,1,1,1,1,1,0.383152,1
1,0.4951463,0.7601346,1,1,1,1,1,0.3734424,1
1,0.4781785,0.7560928,1,1,1,1,1,0.3749135,1
1,0.4736001,0.7530085,1,1,1,1,1,0.3762793,1
1,0.4720718,0.750293,1,1,1,1,1,0.3776037,1
1,0.4705954,0.7477887,1,1,1,1,1,0.3789052,1
1,0.46917,1,1,1,1,1,1,0.3801819,0
1,0.4660187,1,1,1,1,1,1,0.382357,0
1,0.462936,1,1,1,1,1,1,0.3845597,0
1,0.4599179,1,1,1,1,1,1,0.3867854,0
1,0.456965,1,1,1,1,1,1,0.3890264,0
1,0.4540707,1,1,1,1,1,1,0.3912819,1
0.9540833,0.4512328,1,1,1,1,1,1,0.3935477,1
0.8820089,0.4489946,1,1,1,1,1,1,0.3954703,1
0.7852156,0.4476522,1,1,1,1,1,1,0.396832,2
0.7296143,0.4475071,1,1,1,1,1,1,0.3974336,2
0.728969,0.4480904,1,1,1,1,1,1,0.3975927,2
0.7284226,0.4487445,1,1,1,1,1,1,1,2
0.6677181,0.4537064,1,1,1,1,1,1,1,2
0.5330803,0.45927,1,1,1,1,1,1,1,2
0.4267511,0.4654623,1,1,1,1,1,1,1,2
0.3835897,0.4723216,1,1,1,1,1,1,1,2
0.38525,0.4798823,1,1,1,1,1,1,1,2
0.3873153,0.4881907,1,1,1,1,1,1,1,2
0.3897907,0.4972894,1,1,1,1,1,1,1,2
0.3926891,0.5072349,1,1,1,1,1,1,1,2
0.3960212,0.5180852,1,1,1,1,1,1,1,2
0.3997961,0.5299008,1,1,1,1,1,1,1,2
0.4040271,0.5427536,1,1,1,1,1,1,1,2
0.4087327,1,1,1,1,1,1,1,1,2
0.4139261,1,1,1,1,1,1,1,1,2
0.4196225,1,1,1,1,1,1,1,1,2
0.4258453,1,1,1,1,1,1,1,1,2
0.4326134,1,1,1,1,1,1,1,1,2
0.4399509,1,1,1,1,1,1,1,1,2
0.4478153,1,1,1,1,1,1,1,1,2
0.4561454,1,1,1,1,1,1,1,1,2
0.4649329,1,1,1,1,1,1,1,1,2
0.474165,1,1,1,1,1,1,1,1,2
0.483835,1,1,1,1,1,1,1,1,2
0.4939318,1,1,1,1,1,1,1,1,2
1,1,1,1,1,1,1,1,1,1
1,1,1,1,1,1,1,1,1,1
1,1,1,1,1,1,1,1,1,1
1,1,1,1,1,1,1,1,1,1
1,1,1,1,1,1,1,1,1,1
1,1,1,1,1,1,1,1,1,1
1,1,1,1,1,1,1,1,1,1
1,1,1,1,1,1,1,1,1,1
1,1,1,1,1,1,1,1,1,1
1,1,1,1,1,1,1,1,1,1
1,1,1,1,1,1,1,1,1,1
1,1,1,1,1,1,1,1,1,1
1,1,1,1,1,1,1,1,1,1
1,1,1,1,1,1,1,1,1,1
1,1,1,1,1,1,1,1,1,1
1,1,1,1,1,1,1,1,1,1
1,1,1,1,1,1,1,1,1,1
1,1,1,1,1,1,1,1,1,1
1,1,1,1,1,1,1,1,1,1
1,1,1,1,1,1,1,1,1,1
1,1,1,1,1,1,1,1,1,1
1,1,1,1,1,1,1,1,1,1
1,1,1,1,1,1,1,1,1,1
1,1,1,1,1,1,1,1,1,1
1,1,1,1,1,1,1,1,1,1
1,1,1,1,1,1,1,1,1,1
1,1,1,1,1,1,1,1,1,1
1,1,1,1,1,1,1,1,1,1
1,1,1,1,1,1,1,1,1,1
1,1,1,1,1,1,1,1,1,1
1,1,1,1,1,1,1,1,1,1
1,1,1,1,1,1,1,1,1,1
1,1,1,1,1,1,1,1,1,1
1,1,1,1,1,1,1,1,1,1
1,1,1,1,1,1,1,1,1,1
1,1,1,1,1,1,1,1,1,1
1,1,1,1,1,1,1,1,1,1
1,1,1,1,1,1,1,1,1,1
1,1,1,1,1,1,1,1,1,1
1,1,1,1,1,1,1,1,1,1
1,1,1,1,1,1,1,1,1,1
1,1,1,1,1,1,1,1,1,1
1,1,1,1,1,1,1,1,1,1
1,1,1,1,1,1,1,1,1,1
1,1,1,1,1,1,1,1,1,1
1,1,1,1,1,1,1,1,1,1
1,1,1,1,1,1,1,1,1,1
1,1,1,1,1,1,1,1,1,1
1,1,1,1,1,1,1,1,1,1
1,1,1,1,1,1,1,1,1,1
1,1,1,1,1,1,1,1,1,1
1,1,1,1,1,1,1,1,1,1
1,1,1,1,1,1,1,1,1,1
1,1,1,1,1,1,1,1,1,1
1,1,1,1,1,1,1,1,1,1
1,1,1,1,1,1,1,1,1,1
1,1,1,1,1,1,1,1,1,1
1,1,1,1,1,1,1,1,1,1
1,1,1,1,1,1,1,1,1,1
1,1,1,1,1,1,1,1,1,1
1,1,1,1,1,1,1,1,1,1
1,1,1,1,1,1,1,1,1,1
1,1,1,1,1,1,1,1,1,1
1,1,1,1,1,1,1,1,1,1
1,1,1,1,1,1,1,1,1,1
1,1,1,1,1,1,1,1,1,1
1,1,1,1,1,1,1,1,1,1
1,1,1,1,1,1,1,1,1,1
1,1,1,1,1,1,1,1,1,1
1,1,1,1,1,1,1,1,1,1
1,1,1,1,1,1,1,1,1,1
1,1,1,1,1,1,1,1,1,1
1,1,1,1,1,1,1,1,1,1
1,1,1,1,1,1,1,1,1,1
1,1,1,1,1,1,1,1,1,1
1,1,1,1,1,1,1,1,1,1
1,1,1,1,1,1,1,1,1,1
1,1,1,1,1,1,1,1,1,1
1,1,1,1,1,1,1,1,1,1
1,1,1,1,1,1,1,1,1,1
1,1,1,1,1,1,1,1,1,1
1,1,1,1,1,1,1,1,1,1
1,1,1,1,1,1,1,1,1,1
1,1,1,1,1,1,1,1,1,1
1,1,1,1,1,1,1,1,1,1
1,1,1,1,1,1,1,1,1,1
1,1,1,1,1,1,1,1,1,1
1,1,1,1,1,1,1,1,1,1
1,1,1,1,1,1,1,1,1,1
1,1,1,1,1,1,1,1,1,1
1,1,1,1,1,1,1,1,1,1
1,1,1,1,1,1,1,1,1,1
1,1,1,1,1,1,1,1,1,1
1,1,1,1,1,1,1,1,1,1
1,1,1,1,1,1,1,1,1,1
1,1,1,1,1,1,1,1,1,1
1,1,1,1,1,1,1,1,1,1
1,1,1,1,1,1,1,1,1,1
1,1,1,1,1,1,1,1,1,1
1,1,1,1,1,1,1,1,1,1
1,1,1,1,1,1,1,1,1,1
1,1,1,1,1,1,1,1,1,1
1,1,1,1,1,1,1,1,1,1
1,1,1,1,1,1,1,1,1,1
1,1,1,1,1,1,1,1,1,1
1,1,1,1,1,1,1,1,1,1
1,1,1,1,1,1,1,1,1,1
1,1,1,1,1,1,1,1,1,1
1,1,1,1,1,1,1,1,1,1
1,1,1,1,1,1,1,1,1,1
1,1,1,1,1,1,1,1,1,1
1,1,1,1,1,1,1,1,1,1
1,1,1,1,1,1,1,1,1,1
1,1,1,1,1,1,1,1,1,1
1,1,1,1,1,1,1,1,1,1
1,1,1,1,1,1,1,1,1,1
1,1,1,1,1,1,1,1,1,1
1,1,1,1,1,1,1,1,1,1
1,1,1,1,1,1,1,1,1,1
1,1,1,1,1,1,1,1,1,1
1,1,1,1,1,1,1,1,1,1
1,1,1,1,1,1,1,1,1,1
1,1,1,1,1,1,1,1,1,1
1,1,1,1,1,1,1,1,1,1
1,1,1,1,1,1,1,1,1,1
1,1,1,1,1,1,1,1,1,1
1,1,1,1,1,1,1,1,1,1
1,1,1,1,1,1,1,1,1,1
1,1,1,1,1,1,1,1,1,1
1,1,1,1,1,1,1,1,1,1
1,1,1,1,1,1,1,1,1,1
1,1,1,1,1,1,1,1,1,1
1,1,1,1,1,1,1,1,1,1
1,1,1,1,1,1,1,1,1,1
1,1,1,1,1,1,1,1,1,1
1,1,1,1,1,1,1,1,1,1
1,1,1,1,1,1,1,1,1,1
1,1,1,1,1,1,1,1,1,1
1,1,1,1,1,1,0.9907427,1,1,1
1,1,1,1,1,1,0.9796333,1,1,1
1,1,1,1,1,1,0.9684372,1,1,1
1,1,1,1,1,1,0.964134,1,1,1
1,1,1,1,1,1,0.9654929,1,1,1
1,1,1,1,1,1,0.9668186,1,1,1
1,1,1,1,1,1,0.9681121,1,1,1
1,1,1,1,1,1,0.9693673,1,1,1
1,1,1,1,1,1,0.9705925,1,1,1
1,1,1,1,1,1,0.9717889,1,1,1
1,1,1,1,1,1,0.97295,1,1,1
1,1,1,1,1,1,0.974084,1,1,1
1,1,1,1,1,1,0.9751847,1,1,1
1,1,1,1,1,1,0.9762607,1,1,1
1,1,1,1,1,1,0.9773054,1,1,1
1,1,1,1,1,1,0.9783268,1,1,1
1,1,1,1,1,1,0.9793185,1,1,1
1,1,1,1,1,1,0.980282,1,1,1
1,1,1,1,1,1,0.9812176,1,1,1
1,1,1,1,1,1,0.9821262,1,1,1
1,1,1,1,1,1,0.9830093,1,1,1
1,1,1,1,1,1,0.9838676,1,1,1
1,1,1,1,1,1,0.9847016,1,1,1
1,1,1,1,1,1,0.9855124,1,1,1
1,1,1,1,1,1,0.9863006,1,1,1
1,1,1,1,1,1,0.9870674,1,1,1
1,1,1,1,1,1,1,1,1,1
1,1,1,1,1,1,1,1,1,1
1,1,1,1,1,1,1,1,1,1
1,1,1,1,1,1,1,1,1,1
1,1,1,1,1,1,1,1,1,1
1,1,1,1,1,1,1,1,1,1
1,1,1,1,1,1,1,1,1,1
1,1,1,1,1,1,1,0.8726608,1,1
1,1,1,1,1,1,1,0.8532731,1,0
1,1,1,1,1,1,1,0.833506,1,0
1,1,1,1,1,1,1,0.8134075,1,0
1,1,1,1,1,1,1,0.7930337,1,0
1,1,1,1,1,1,1,0.7724341,1,0
1,1,1,1,1,1,1,0.7516693,1,0
1,1,1,1,1,1,1,0.7308007,1,0
1,1,1,1,1,1,1,0.7098805,1,0
1,1,1,1,1,1,1,0.6889687,1,0
1,1,1,1,1,1,1,0.6681191,1,0
1,1,1,1,1,1,1,0.6473876,1,0
1,1,1,1,1,1,1,0.6268216,1,0
1,1,1,1,1,1,1,0.6064698,1,0
1,1,1,1,1,1,1,0.6107657,1,0
1,1,1,1,1,1,1,0.6201133,1,0
1,1,1,1,1,1,1,0.6296448,1,0
1,1,1,1,1,1,1,0.6393521,1,0
1,1,1,1,1,1,1,0.6492169,1,0
1,1,1,1,1,1,1,0.6592255,1,0
1,1,1,1,1,1,1,0.6693636,1,0
1,1,1,1,1,1,1,0.6796115,1,0
1,1,1,1,1,1,1,0.6899544,1,0
1,1,1,1,1,1,1,0.7003771,0.7515859,0
1,1,1,1,1,1,1,0.7196903,0.7063506,0
1,1,1,1,1,1,1,1,0.6631021,0
1,1,1,1,1,1,1,1,0.6290027,0
1,1,1,1,1,1,1,1,0.5953379,0
1,1,1,1,1,1,1,1,0.5623405,0
1,1,1,1,1,1,1,1,0.5302095,0
1,1,1,1,1,1,1,1,0.5381767,0
1,1,1,1,1,1,1,1,0.5479044,0
1,1,1,1,1,1,1,1,0.5579762,0
1,1,1,1,1,1,1,1,0.5683725,0
1,1,1,1,1,1,1,1,0.5790806,0
1,1,1,1,1,1,1,1,0.5900826,0
1,1,1,1,1,1,1,1,0.6013597,0
1,1,1,1,1,1,1,1,0.6128966,0
1,1,1,1,1,1,1,1,0.6246725,0
1,1,1,1,1,1,1,1,0.6366664,0
1,1,1,1,1,1,1,1,0.6488559,0
1,1,1,1,1,1,1,1,1,1
1,1,1,1,1,1,1,1,1,1
1,1,1,1,1,1,1,1,1,1
1,1,1,1,1,1,1,1,1,1
1,1,1,1,1,1,1,1,1,1
1,1,1,1,1,1,1,1,1,1
1,1,1,1,1,1,1,1,1,1
1,1,1,1,1,1,1,1,1,1
1,1,1,1,1,1,1,1,1,1
1,1,1,1,1,1,1,1,1,1
1,1,1,1,1,1,1,1,1,1
1,1,1,1,1,1,1,1,1,1
1,1,1,1,1,1,1,1,1,1
1,1,1,1,1,1,1,1,1,1
1,1,1,1,1,0.9969261,1,1,1,1
1,1,1,1,1,0.9875857,1,1,1,1
1,1,1,1,1,0.978213,1,1,1,1
1,1,1,1,1,0.9688054,1,1,1,1
1,1,1,1,1,0.9593672,1,1,1,1
1,1,1,1,1,0.9498962,1,1,1,1
1,1,1,1,1,0.9403937,1,1,1,1
1,1,1,0.9914036,1,0.9308608,1,1,1,1
1,1,1,0.9795157,1,0.9212406,1,1,1,1
1,1,1,0.96735,1,0.9115122,1,1,1,1
1,1,1,0.9549127,1,0.9016761,1,1,1,1
1,1,1,0.9422158,1,0.8917375,1,1,1,1
1,1,1,0.9292697,1,0.8816985,1,1,1,1
1,1,1,0.9160863,1,0.8715626,1,1,1,1
1,1,1,0.9026827,1,0.861337,1,1,1,1
1,1,1,0.889078,1,0.8510296,1,1,1,2
1,1,1,0.8752885,1,0.8406456,1,1,1,2
1,1,1,0.8613318,1,0.830191,1,1,1,2
1,1,1,0.8472295,1,0.8196751,1,1,1,2
1,1,1,0.8330046,1,0.8091078,1,1,1,2
1,1,1,0.8186761,1,0.7984955,1,1,1,2
1,1,1,0.8042671,1,0.7878481,1,1,1,2
1,1,0.9910976,0.7897969,1,0.7771724,1,1,1,2
1,1,0.9694904,0.7751492,1,0.7664299,1,1,1,2
1,1,0.9472225,0.7654155,1,0.7555695,1,1,1,2
1,1,0.9245203,0.7695315,1,0.7446291,1,1,1,2
1,1,0.9017917,0.774663,1,0.7336816,1,1,1,2
1,1,0.8791229,0.7808295,1,0.7227418,1,1,1,2
1,1,0.8565959,0.7880446,1,0.7118265,1,1,1,2
1,1,0.8342842,0.796321,1,0.7009503,1,1,1,2
1,1,0.8122552,0.8056713,1,0.6901284,1,1,1,2
1,1,0.7905577,0.8161133,0.7076587,0.6793677,1,1,1,2
1,1,0.7665564,0.8338483,0.6942087,0.6683377,1,1,1,2
1,1,0.7433477,0.8531603,0.6810061,0.6574633,1,1,1,2
1,1,0.7209438,0.8740302,0.6680577,0.6467441,1,1,1,2
1,1,0.6993455,0.8964458,0.6553676,0.6361789,1,1,1,2
1,1,0.6785342,0.920372,0.6429286,0.6257567,1,1,1,2
1,1,0.6584853,0.9457657,0.6307325,0.6154675,1,1,1,2
1,1,0.639168,0.9725664,0.6187682,0.6052994,1,1,1,2
1,1,0.620546,1,0.6070219,0.5952393,1,1,1,2
1,1,0.6232203,1,0.595478,0.5852737,1,1,1,2
1,1,0.6313344,1,0.5841263,0.5753865,1,1,1,2
1,1,0.6393929,1,0.5729622,0.5655655,1,1,1,2
1,0.8833028,0.6473644,0.5862801,0.5619603,0.5557927,1,1,1,2
1,0.8367746,0.665351,0.5720489,0.5503634,0.5462534,1,1,1,2
1,0.7932814,0.6852815,0.558189,0.5390213,0.536898,1,1,1,2
1,0.7527997,0.7070826,0.5447209,0.5279364,0.5277103,1,1,1,2
1,0.7152237,0.7306653,0.5316509,0.5171028,0.5186693,1,1,1,2
1,0.6803827,0.7559067,0.518968,0.506502,1,1,1,1,2
1,0.6460549,0.7865366,0.5063945,0.4960752,1,1,1,1,2
1,0.614112,0.8198696,0.4941869,0.4858749,1,1,1,1,2
1,0.5844311,0.8557555,0.4823324,0.4758789,1,1,1,1,2
1,0.5568126,1,0.4708038,0.4660607,1,1,1,1,2
1,0.5320631,0.4929741,0.4596694,0.4563501,1,1,1,1,2
1,0.5059324,0.4781691,0.4484932,0.446891,1,1,1,1,2
1,0.5034849,0.4638267,0.4375792,0.437617,1,1,1,1,2
1,0.5159512,0.4499256,0.426918,0.4285226,1,1,1,1,2
1,0.529204,0.4365114,0.4165044,0.4195681,1,1,1,1,2
0.7804227,0.5423592,0.4237251,0.4063318,1,1,1,1,1,2
0.7210175,0.5582057,0.4109758,0.3963343,1,1,1,1,1,2
0.667184,0.5754284,0.3985893,0.3865498,1,1,1,1,1,2
0.6181792,0.5941527,0.3865474,0.3769685,1,1,1,1,1,2
0.5733991,0.6145205,0.3748397,0.3675872,1,1,1,1,1,2
0.5323201,0.6366935,0.3634469,0.358394,1,1,1,1,1,2
0.4945121,0.6608506,0.352357,0.3493834,1,1,1,1,1,2
0.4596046,0.6872034,0.341556,1,1,1,1,1,1,2
0.4519821,0.3872465,0.3310335,1,1,1,1,1,1,2
0.4623209,0.3713555,0.3207769,1,1,1,1,1,1,2
0.4734043,0.3560971,0.3107743,1,1,1,1,1,1,2
0.4852777,0.3414343,0.3010144,1,1,1,1,1,1,2
0.4979909,0.3273365,0.2914896,1,1,1,1,1,1,2
0.5115945,0.3137754,0.2821931,1,1,1,1,1,1,2
0.5261449,0.3007183,0.2731121,1,1,1,1,1,1,2
0.5417081,0.2881414,0.2642409,1,1,1,1,1,1,2
0.5583535,0.2760229,1,1,1,1,1,1,1,2
0.5761578,0.264336,1,1,1,1,1,1,1,2
0.3360908,0.2530624,1,1,1,1,1,1,1,2
0.3174486,0.2421819,1,1,1,1,1,1,1,2
0.2998248,0.2316756,1,1,1,1,1,1,1,2
0.2831453,0.2215263,1,1,1,1,1,1,1,2
0.2673472,0.2117207,1,1,1,1,1,1,1,2
0.2523698,0.2022439,1,1,1,1,1,1,1,2
0.2381581,0.1930816,1,1,1,1,1,1,1,2
0.2246623,0.2309403,1,1,1,1,1,1,1,2
0.2118371,0.2929284,1,1,1,1,1,1,1,2
0.1996449,0.3721524,1,1,1,1,1,1,1,2
0.1880442,1,1,1,1,1,1,1,1,2
0.1772517,1,1,1,1,1,1,1,1,2
0.1669396,1,1,1,1,1,1,1,1,2
0.1744365,1,1,1,1,1,1,1,1,2
0.1948199,1,1,1,1,1,1,1,1,2
0.2164315,1,1,1,1,1,1,1,1,2
0.2392749,1,1,1,1,1,1,1,1,2
0.2633437,1,1,1,1,1,1,1,1,2
0.2886139,1,1,1,1,1,1,1,1,2
0.3150567,1,1,1,1,1,1,1,1,2
0.3426313,1,1,1,1,1,1,1,1,2
1,1,1,1,1,1,1,1,1,1
1,1,1,1,1,1,1,1,1,1
1,1,1,1,1,1,1,1,1,1
1,1,1,1,1,1,1,1,1,1
1,1,1,1,1,1,1,1,1,1
1,1,1,1,1,1,1,1,1,1
1,1,1,1,1,1,1,1,1,1
1,1,1,1,1,1,1,1,1,1
1,1,1,1,1,1,1,1,1,1
1,1,1,1,1,1,1,1,1,1
1,1,1,1,1,1,1,1,1,1
1,1,1,1,1,1,1,1,1,1
1,1,1,1,1,1,1,1,1,1
1,1,1,1,1,1,1,1,1,1
1,1,1,1,1,1,1,1,1,1
1,1,1,1,1,1,1,1,1,1
1,1,1,1,1,1,1,1,1,1
1,1,1,1,1,1,1,1,1,1
1,1,1,1,1,1,1,1,1,1
1,1,1,1,1,1,1,1,1,1
1,1,1,1,1,1,1,1,1,1
1,1,1,1,1,1,1,1,1,1
1,1,1,1,1,1,1,1,1,1
1,1,1,1,1,1,1,1,1,1
1,1,1,1,1,1,1,1,1,1
1,1,1,1,1,1,1,1,1,1
1,1,1,1,1,1,1,1,1,1
1,1,1,1,1,1,1,1,1,1
1,1,1,1,1,1,1,1,1,1
1,1,1,1,1,1,1,1,1,1
1,1,1,1,1,1,1,1,1,1
1,1,1,1,1,1,1,1,1,1
1,1,1,1,1,1,1,1,1,1
1,1,1,1,1,1,1,1,1,1
1,1,1,1,1,1,1,1,1,1
1,1,1,1,1,1,1,1,1,1
1,1,1,1,1,1,1,1,1,1
1,1,1,1,1,1,1,1,1,1
1,1,1,1,1,1,1,1,1,1
1,1,1,1,1,1,1,1,1,1
1,1,1,1,1,1,1,1,1,1
1,1,1,1,1,1,1,1,1,1
1,1,1,1,1,1,1,1,1,1
1,1,1,1,1,1,1,1,1,1
1,1,1,1,1,1,1,1,1,1
1,1,1,1,1,1,1,1,1,1
1,1,1,1,1,1,1,1,1,1
1,1,1,1,1,1,1,1,1,1
1,1,1,1,1,1,1,1,1,1
1,1,1,1,1,1,1,1,1,1
1,1,1,1,1,1,1,1,1,1
1,1,1,1,1,1,1,1,1,1
1,1,1,0.9943253,1,1,1,1,1,1
1,1,1,0.9858835,1,1,1,1,1,1
1,1,1,0.9772318,1,1,1,1,1,1
1,1,1,0.9683757,1,1,1,1,1,1
1,1,1,0.9593127,1,1,1,1,1,1
1,1,1,0.9500418,1,1,1,1,1,1
1,1,1,0.9405621,1,1,1,1,1,1
1,1,1,0.9308783,1,1,1,1,1,1
1,1,1,0.9209914,1,1,1,1,1,1
1,1,1,0.9109073,1,1,1,1,1,1
1,1,1,0.9006251,1,1,1,1,1,1
1,1,1,0.8901523,1,1,1,1,1,1
1,1,0.9969354,0.8794978,1,1,1,1,1,1
1,1,0.985977,0.8686216,1,1,1,1,1,1
1,1,0.9759246,0.857434,1,1,1,1,1,0
1,1,0.9667498,0.8459584,1,1,1,1,1,0
1,1,0.9584274,0.8342231,0.9921514,1,1,1,1,0
1,1,0.9514702,0.8220876,0.9758866,1,1,1,1,0
1,1,0.9464235,0.8094163,0.9587632,1,1,1,1,0
1,1,0.9433514,0.7962582,0.9408716,1,1,1,1,0
1,1,0.9423239,0.7826687,0.9223132,1,1,1,1,0
1,1,0.9434189,0.7687073,0.9031959,1,1,1,1,0
1,1,0.9467474,0.7544408,0.8836354,1,1,1,1,0
1,1,0.9524311,0.7399295,0.8637404,1,1,1,1,0
1,1,0.9606155,0.7252445,0.8436298,1,1,1,1,0
1,1,0.9714627,0.7104477,0.8234092,1,1,1,1,0
1,1,0.9851837,0.6955968,0.8031764,1,1,1,1,0
1,1,1,0.6807562,0.783033,1,1,1,1,0
1,1,1,0.6659611,0.7630378,0.9261899,1,1,1,0
1,1,1,0.6501461,0.7414457,0.8941847,1,1,1,0
1,1,1,0.6340703,0.7195082,0.8618204,1,1,1,0
1,1,1,0.6178553,0.697423,0.8294411,1,1,1,0
1,1,1,0.6026019,0.675667,0.7978423,1,1,1,0
1,1,1,0.613742,0.6547537,0.7678562,1,1,1,0
1,1,1,0.6264887,0.6346244,0.7393488,1,1,1,0
1,1,1,0.6410699,0.6152254,0.7121996,1,1,1,0
1,1,1,0.6577598,0.5965112,0.686305,1,1,1,0
1,1,1,0.6768837,0.5784327,0.6615635,1,1,1,0
1,1,1,0.69885,0.5609514,0.6378912,1,1,1,0
1,1,1,0.7241733,0.5440289,0.6152086,0.8221742,1,1,0
1,1,1,0.7534724,0.527629,0.5934434,0.7835623,1,1,0
1,1,1,0.7875646,0.5146954,0.5725333,0.7472771,1,1,0
1,1,1,0.827485,0.5262386,0.5524182,0.7130988,1,1,0
1,1,1,0.8746064,0.5394804,0.5330429,0.6808335,1,1,0
1,1,1,1,0.5546641,0.5143567,0.6503106,1,1,0
1,1,1,1,0.5720926,0.4963168,0.621383,1,1,0
1,1,1,1,0.5921283,0.4788803,0.5939153,1,1,0
1,1,1,1,0.6152279,0.4620074,0.5677868,1,1,0
1,1,1,1,0.6419626,0.4456649,0.5428934,1,1,0
1,1,1,1,0.673046,0.4435902,0.5191376,1,1,0
1,1,1,1,0.7093958,0.455411,0.4964314,1,1,0
1,1,1,1,0.7522232,0.4689253,0.4746992,1,1,0
1,1,1,1,0.803142,0.4843807,0.4538687,1,1,0
1,1,1,1,1,0.5020606,0.4338779,1,1,0
1,1,1,1,1,0.5223277,0.414667,0.7062727,1,0
1,1,1,1,1,0.5456197,0.3961807,0.6594154,1,0
1,1,1,1,1,0.5724911,0.3783726,0.6161583,1,0
1,1,1,1,1,0.6036314,0.3611964,0.5760875,1,0
1,1,1,1,1,0.6399227,0.355745,0.5388499,1,0
1,1,1,1,1,0.6825114,0.3659891,0.5041529,1,0
1,1,1,1,1,0.7329152,0.3775545,0.4717282,1,0
1,1,1,1,1,1,0.3906068,0.441353,1,0
1,1,1,1,1,1,0.4053274,0.4128281,1,0
1,1,1,1,1,1,0.4219456,0.3859838,1,0
1,1,1,1,1,1,0.4407206,0.3606659,1,0
1,1,1,1,1,1,0.4619793,0.336743,1,0
1,1,1,1,1,1,0.4861109,0.3140939,1,0
1,1,1,1,1,1,0.5135833,0.2926109,0.633979,0
1,1,1,1,1,1,0.5449939,0.2722018,0.567322,0
1,1,1,1,1,1,0.5810723,0.2728866,0.5083136,0
1,1,1,1,1,1,0.6227552,0.2808108,0.4557071,0
1,1,1,1,1,1,1,0.2895392,0.4085122,0
1,1,1,1,1,1,1,0.2991382,0.3659322,0
1,1,1,1,1,1,1,0.3096831,0.3273332,0
1,1,1,1,1,1,1,0.3212537,0.292174,0
1,1,1,1,1,1,1,0.3339462,0.2600189,0
1,1,1,1,1,1,1,0.3478642,0.2326448,0
1,1,1,1,1,1,1,0.3631379,0.238579,0
1,1,1,1,1,1,1,0.3799048,0.2450044,0
1,1,1,1,1,1,1,0.3983239,0.2519438,0
1,1,1,1,1,1,1,0.4185849,0.2594258,0
1,1,0.9952356,1,1,1,1,0.440909,0.2674821,0
1,1,0.9702064,1,1,1,1,0.4655487,0.2761435,0
1,1,0.9463049,1,1,1,1,0.4928079,0.285448,0
1,1,0.9234489,1,1,1,1,0.5230401,0.2954337,0
1,1,0.9216928,1,1,1,1,1,0.3061425,0
1,1,0.9298217,1,1,1,1,1,0.3172625,0
1,1,0.9382626,1,1,1,1,1,0.3289807,0
1,1,0.9470202,1,1,1,1,1,0.3413108,0
1,1,0.9560972,1,1,1,1,1,0.3542717,0
1,1,0.9654994,1,1,1,1,1,0.3678749,0
1,1,0.9752364,1,1,1,1,1,0.3821412,0
1,1,0.9853214,0.9739908,1,1,1,1,0.397089,0
1,1,0.9945831,0.9495541,1,1,1,1,0.4123915,0
1,1,1,0.927039,1,1,1,1,0.4279878,0
1,1,1,0.9063099,1,1,1,1,0.4437622,0
1,1,1,0.8872932,1,1,1,1,0.4595551,0
1,1,1,0.8697618,1,1,1,1,1,1
1,1,0.9946496,0.8648831,1,1,1,1,1,2
1,1,0.9703771,0.8603019,1,1,1,1,1,2
1,1,0.9447392,0.856604,1,1,1,1,1,2
1,1,0.9178898,0.8538294,1,1,1,1,1,2
1,1,0.8900082,0.8520149,1,1,1,1,1,2
1,1,0.8612968,0.851207,1,1,1,1,1,2
1,1,0.8319648,0.8514442,1,1,1,1,1,2
1,1,0.8022238,0.8527745,1,1,1,1,1,2
1,1,0.7722886,0.8552378,1,1,1,1,1,2
1,1,0.7423633,0.8588735,1,1,1,1,1,2
1,1,0.7126355,0.8637308,1,1,1,1,1,2
1,1,0.6842628,0.8698456,1,1,1,1,1,2
1,1,0.6851825,0.8772262,1,1,1,1,1,2
1,1,0.6862155,1,1,1,1,1,1,2
1,1,0.6857566,1,1,1,1,1,1,2
1,1,0.6854476,1,1,1,1,1,1,2
1,1,0.6852909,1,1,1,1,1,1,2
1,1,0.6852806,1,1,1,1,1,1,2
1,1,0.6854154,1,1,1,1,1,1,2
1,1,0.6856973,1,1,1,1,1,1,2
1,1,0.686121,1,1,1,1,1,1,2
1,1,0.6866846,1,1,1,1,1,1,2
1,1,0.6873823,1,1,1,1,1,1,2
1,1,0.6882168,1,1,1,1,1,1,2
1,1,0.6891823,1,1,1,1,1,1,2
1,0.8370773,0.6902772,1,1,1,1,1,1,2
1,0.7702952,0.6959283,1,1,1,1,1,1,2
1,0.7049383,0.7038019,1,1,1,1,1,1,2
1,0.642289,0.7140672,1,1,1,1,1,1,2
1,0.5850388,1,1,1,1,1,1,1,2
1,0.5393947,1,1,1,1,1,1,1,2
1,0.5318929,1,1,1,1,1,1,1,2
1,0.533583,1,1,1,1,1,1,1,2
1,0.5356077,1,1,1,1,1,1,1,2
1,0.5379654,1,1,1,1,1,1,1,2
1,0.5406506,1,1,1,1,1,1,1,2
1,0.5436579,1,1,1,1,1,1,1,2
1,0.5469851,1,1,1,1,1,1,1,2
1,0.5506269,1,1,1,1,1,1,1,2
1,0.5545768,1,1,1,1,1,1,1,2
1,0.5588289,1,1,1,1,1,1,1,2
0.6770537,0.5633806,1,1,1,1,1,1,1,2
0.5434749,0.5706201,1,1,1,1,1,1,1,2
0.474518,0.5785902,1,1,1,1,1,1,1,2
0.4762514,0.5873355,1,1,1,1,1,1,1,2
0.4784282,0.5969014,1,1,1,1,1,1,1,2
0.4810537,1,1,1,1,1,1,1,1,2
0.4841406,1,1,1,1,1,1,1,1,2
0.4876653,1,1,1,1,1,1,1,1,2
0.4916182,1,1,1,1,1,1,1,1,2
0.4959953,1,1,1,1,1,1,1,1,2
0.5007888,1,1,1,1,1,1,1,1,2
0.5059972,1,1,1,1,1,1,1,1,2
0.5116118,1,1,1,1,1,1,1,1,2
0.5176272,1,1,1,1,1,1,1,1,2
0.5240374,1,1,1,1,1,1,1,1,2
0.5308324,1,1,1,1,1,1,1,1,2
0.5380014,1,1,1,1,1,1,1,1,2
1,1,1,1,1,1,1,1,1,1
1,1,1,1,1,1,1,1,1,1
1,1,1,1,1,1,1,1,1,1
1,1,1,1,1,1,1,1,1,1
1,1,1,1,1,1,1,1,1,1
1,1,1,1,1,1,1,1,1,1
1,1,1,1,1,1,1,1,1,1
1,1,1,1,1,1,1,1,1,1
1,1,1,1,1,1,1,1,1,1
1,1,1,1,1,1,1,1,1,1
1,1,1,1,1,1,1,1,1,1
1,1,1,1,1,1,1,1,1,1
1,1,1,1,1,1,1,1,1,1
1,1,1,1,1,1,1,1,1,1
1,1,1,1,1,1,1,1,1,1
1,1,1,1,1,1,1,1,1,1
1,1,1,1,1,1,1,1,1,1
1,1,1,1,1,1,1,1,1,1
1,1,1,1,1,1,1,1,1,1
1,1,1,1,1,1,1,1,1,1
1,1,1,1,1,1,1,1,1,1
1,1,1,1,1,1,1,1,1,1
1,1,1,1,1,1,1,1,1,1
1,1,1,1,1,1,1,1,1,1
1,1,1,1,1,1,1,1,1,1
1,1,1,1,1,1,1,1,1,1
1,1,1,1,1,1,1,1,1,1
1,1,1,1,1,1,1,1,1,1
1,1,1,1,1,1,1,1,1,1
1,1,1,1,1,1,1,1,1,1
1,1,1,1,1,1,1,1,1,1
1,1,1,1,1,1,1,1,1,1
1,1,1,1,1,1,1,1,1,1
1,1,1,1,1,1,1,1,1,1
1,1,1,1,1,1,1,1,1,1
1,1,1,1,1,1,1,1,1,1
1,1,1,1,1,1,1,1,1,1
1,1,1,1,1,1,1,1,1,1
1,1,1,1,1,1,1,1,1,1
1,1,1,1,1,1,1,1,1,1
1,1,1,1,1,1,1,1,1,1
1,1,1,1,1,1,1,1,1,1
1,1,1,1,1,1,1,1,1,1
1,1,1,1,1,1,1,1,1,1
1,1,1,1,1,1,1,1,1,1
1,1,1,1,1,1,1,1,1,1
1,1,1,1,1,1,1,1,1,1
1,1,1,1,1,1,1,1,1,1
1,1,1,1,1,1,1,1,1,1
1,1,1,1,1,1,1,1,1,1
1,1,1,1,1,1,1,1,1,1
1,1,1,1,1,1,1,1,1,1
1,1,1,1,1,1,1,1,1,1
1,0.9854411,1,1,1,1,1,1,1,1
1,0.9693434,1,1,1,1,1,1,1,1
1,0.952679,1,1,1,1,1,1,1,1
1,0.9354628,1,1,1,1,1,1,1,1
1,0.9177157,1,1,1,1,1,1,1,1
1,0.8994637,1,1,1,1,1,1,1,1
1,0.8807379,1,1,1,1,1,1,1,1
1,0.8615801,1,1,1,1,1,1,1,2
1,0.8420272,1,1,1,1,1,1,1,2
1,0.822125,1,1,1,1,1,1,1,2
1,0.8019277,1,1,1,1,1,1,1,2
1,0.7814838,1,1,1,1,1,1,1,2
1,0.7608517,1,1,1,1,1,1,1,2
1,0.740088,1,1,1,1,1,1,1,2
1,0.719253,1,1,1,1,1,1,1,2
1,0.7156796,1,1,1,1,1,1,1,2
1,0.7227054,1,1,1,1,1,1,1,2
1,0.7298157,1,1,1,1,1,1,1,2
1,0.7370003,1,1,1,1,1,1,1,2
1,0.7442532,1,1,1,1,1,1,1,2
1,0.7515596,1,1,1,1,1,1,1,2
1,0.7589136,1,1,1,1,1,1,1,2
1,0.7663003,1,1,1,1,1,1,1,2
1,0.7737135,1,1,1,1,1,1,1,2
1,0.7811432,1,1,1,1,1,1,1,2
1,0.788579,1,1,1,1,1,1,1,2
1,0.7960111,1,1,1,1,1,1,1,2
1,0.8034293,1,1,1,1,1,1,1,2
0.8712441,0.8108284,1,1,1,1,1,1,1,2
0.8282235,0.8229984,1,1,1,1,1,1,1,2
0.7851456,1,1,1,1,1,1,1,1,2
0.7491843,1,1,1,1,1,1,1,1,2
0.7125877,1,1,1,1,1,1,1,1,2
0.6756989,1,1,1,1,1,1,1,1,2
0.6388658,1,1,1,1,1,1,1,1,2
0.6198974,1,1,1,1,1,1,1,1,2
0.627473,1,1,1,1,1,1,1,1,2
0.6353029,1,1,1,1,1,1,1,1,2
0.6433762,1,1,1,1,1,1,1,1,2
0.6516812,1,1,1,1,1,1,1,1,2
0.6602021,1,1,1,1,1,1,1,1,2
0.6689236,1,1,1,1,1,1,1,1,2
0.6778358,1,1,1,1,1,1,1,1,2
0.6869185,1,1,1,1,1,1,1,1,2
0.6961618,1,1,1,1,1,1,1,1,2
0.7055483,1,1,1,1,1,1,1,1,2
0.7150639,1,1,1,1,1,1,1,1,2
0.7246941,1,1,1,1,1,1,1,1,2
0.7344208,1,1,1,1,1,1,1,1,2
1,1,1,1,1,1,1,1,1,1
1,1,1,1,1,1,1,1,1,1
1,1,1,1,1,1,1,1,1,1
1,1,1,1,1,1,1,1,1,1
1,1,1,1,1,1,1,1,1,1
1,1,1,1,1,1,1,1,1,1
1,1,1,1,1,1,1,1,1,1
1,1,1,1,1,1,1,1,1,1
1,1,1,1,1,1,1,1,0.9981864,1
1,1,0.9949134,1,1,1,1,1,0.9943134,1
1,1,0.9856768,1,1,1,1,1,0.9904239,1
1,1,0.9764432,1,1,1,1,1,0.9865187,1
1,1,0.9672126,1,1,1,1,1,0.9826018,1
1,1,0.9579881,1,1,1,1,1,0.9786733,1
1,1,0.9487667,1,1,1,1,1,0.9747339,1
1,1,0.9395455,1,1,1,1,1,0.9707872,1
1,1,0.9303278,1,1,1,1,1,0.9668337,1
1,1,0.9211136,1,1,1,1,1,0.9628775,1
1,1,0.9119002,1,1,1,1,1,0.9589193,1
1,1,0.9026877,1,1,1,1,1,0.9549632,1
1,1,0.8934764,1,1,1,1,1,0.95101,1
1,1,0.8842666,1,1,1,1,1,0.9470641,1
1,1,0.8750554,1,1,1,1,1,0.9431232,1
1,1,0.8658462,1,1,1,1,1,0.9391948,1
1,1,0.8566362,1,1,1,1,1,0.9352768,1
1,1,0.8474285,1,1,1,1,1,0.9313736,1
1,1,0.8382205,1,1,1,1,1,1,1
1,1,0.8288518,1,1,1,1,1,1,1
1,1,0.8194855,1,1,1,1,1,1,1
1,1,0.810119,1,1,1,1,1,1,1
1,1,0.8007552,1,1,1,1,1,1,1
1,1,0.7913941,1,1,1,1,1,1,1
1,0.8892829,0.7820329,1,1,1,1,1,1,1
1,0.8773443,0.7725775,1,1,1,1,1,1,1
1,0.8653538,0.7631305,1,1,1,1,1,1,1
1,0.8533245,0.753697,1,1,1,1,1,1,1
1,0.8412658,0.7442791,1,1,1,1,1,1,1
1,0.8291903,0.7348816,1,1,1,1,1,1,1
1,0.8171072,0.7255063,1,1,1,1,1,1,1
1,0.8050256,0.716155,1,1,1,1,1,1,2
1,0.7929541,0.7068293,1,1,1,1,1,1,2
1,0.7809049,0.6975337,1,1,1,1,1,1,2
1,0.7688858,0.6882695,1,1,1,1,1,1,2
1,0.7569045,0.6790379,1,1,1,1,1,1,2
1,0.7449682,0.6698397,1,1,1,1,1,1,2
1,0.7330869,0.6606789,1,1,1,1,1,1,2
1,0.721267,0.9501816,1,1,1,1,1,1,2
1,0.7095398,1,1,1,1,1,1,1,2
1,0.697867,1,1,1,1,1,1,1,2
1,0.6862453,1,1,1,1,1,1,1,2
1,0.6746833,1,1,1,1,1,1,1,2
1,0.6631853,1,1,1,1,1,1,1,2
1,0.6517557,1,1,1,1,1,1,1,2
1,0.6404017,1,1,1,1,1,1,1,2
1,0.6291234,1,1,1,1,1,1,1,2
1,0.6179307,1,1,1,1,1,1,1,2
1,0.6068231,1,1,1,1,1,1,1,2
1,0.595803,1,1,1,1,1,1,1,2
1,0.5848758,1,1,1,1,1,1,1,2
1,0.5740432,1,1,1,1,1,1,1,2
0.7547604,0.5633098,1,1,1,1,1,1,1,2
0.7320443,0.5512228,1,1,1,1,1,1,1,2
0.7098373,0.539344,1,1,1,1,1,1,1,2
0.6882018,0.5276963,1,1,1,1,1,1,1,2
0.6671878,0.5162991,1,1,1,1,1,1,1,2
0.6468377,0.5051709,1,1,1,1,1,1,1,2
0.6271785,0.4943236,1,1,1,1,1,1,1,2
0.6082231,0.4837623,1,1,1,1,1,1,1,2
0.5899832,0.4774007,1,1,1,1,1,1,1,2
0.5724724,0.5377911,1,1,1,1,1,1,1,2
0.5559344,0.6060669,1,1,1,1,1,1,1,2
0.5402861,0.6833161,1,1,1,1,1,1,1,2
0.5254465,0.7707499,1,1,1,1,1,1,1,2
0.5113486,0.8697667,1,1,1,1,1,1,1,2
0.4979267,1,1,1,1,1,1,1,1,2
0.485158,1,1,1,1,1,1,1,1,2
0.4727178,1,1,1,1,1,1,1,1,2
0.4606037,1,1,1,1,1,1,1,1,2
0.4488156,1,1,1,1,1,1,1,1,2
0.4373487,1,1,1,1,1,1,1,1,2
0.4262008,1,1,1,1,1,1,1,1,2
0.4153658,1,1,1,1,1,1,1,1,2
0.4356017,1,1,1,1,1,1,1,1,2
0.4606188,1,1,1,1,1,1,1,1,2
0.4862556,1,1,1,1,1,1,1,1,2
0.5124457,1,1,1,1,1,1,1,1,2
0.5391236,1,1,1,1,1,1,1,1,2
0.5662107,1,1,1,1,1,1,1,1,2
0.5936311,1,1,1,1,1,1,1,1,2
0.6212979,1,1,1,1,1,1,1,1,2
0.6491272,0.9186927,1,1,1,1,1,1,1,2
0.6769773,0.9124737,1,1,1,1,1,1,1,2
0.704766,0.9063172,1,1,1,1,1,1,1,2
0.7324006,0.9002088,1,1,1,1,1,1,1,2
0.7597903,0.8941383,1,1,1,1,1,1,1,1
0.7868387,0.888097,1,1,1,1,1,1,1,1
1,0.8820771,1,1,1,1,1,1,1,1
1,0.8759381,1,1,1,1,1,1,1,1
1,0.8697988,1,1,1,1,1,1,1,1
1,0.8636563,1,1,1,1,1,1,1,1
1,0.8575137,1,1,1,1,1,1,1,1
1,0.851368,1,1,1,1,1,1,1,1
1,0.845219,1,1,1,1,1,1,1,1
1,0.8390698,1,1,1,1,1,1,1,1
1,0.8329177,1,1,1,1,1,1,1,1
1,0.8267654,1,1,1,1,1,1,1,1
1,0.8206099,1,1,1,1,1,1,1,1
1,0.8144515,1,1,1,1,0.9988304,1,1,1
1,0.8082886,1,1,1,1,0.9908148,1,1,1
1,0.8021132,1,1,1,1,0.9828768,1,1,1
1,0.7959205,1,1,1,1,0.9750169,1,1,1
1,0.7897114,1,1,1,1,0.9672362,1,1,1
1,0.7834811,1,1,1,1,0.9595324,1,1,1
1,0.7772312,1,1,1,1,0.951907,1,1,1
1,0.7709633,1,1,1,1,0.9443618,1,1,1
1,0.7646731,1,1,1,1,0.936895,1,1,1
1,0.7583625,1,1,1,1,0.9295055,1,1,1
1,0.7520303,1,1,1,1,0.9221987,1,1,1
1,0.7456785,1,1,1,1,0.9149731,1,1,1
1,0.7393029,1,1,1,1,0.907828,1,1,1
1,0.7329086,1,1,1,1,0.9007655,1,1,1
1,0.7264914,1,1,1,1,0.893788,1,1,0
1,0.7200533,1,1,1,1,0.8868942,1,1,0
1,0.7135958,1,1,1,1,0.8800868,1,1,0
1,0.7071179,1,1,1,1,0.8733646,1,1,0
1,0.700621,1,1,1,1,0.8667264,1,1,0
1,0.6941036,1,1,1,1,0.8601777,1,1,0
1,0.6875671,1,1,1,1,0.8537142,1,1,0
1,0.6810094,1,1,1,1,0.8473377,1,1,0
1,0.6744319,1,1,1,1,0.8410501,1,1,0
1,0.6678351,1,1,1,1,0.83485,1,1,0
1,0.6612169,1,1,1,1,0.8287359,1,1,0
1,0.6545807,1,1,1,1,0.8227093,1,1,0
1,0.6479238,1,1,1,1,0.8167683,1,1,0
1,0.6412462,1,1,1,1,0.8109113,1,1,0
1,0.634545,1,1,1,1,0.8051394,1,1,0
1,0.6278228,1,1,1,1,0.7994505,1,1,0
1,0.6210761,1,1,1,1,0.7938455,0.7488817,1,0
1,0.6148739,1,1,1,1,0.7915245,0.7408979,1,0
1,0.6087185,1,1,1,1,0.7895715,0.7332746,1,0
1,0.602603,1,1,1,1,0.7879823,0.7260118,1,0
1,0.5965249,1,1,1,1,0.7867481,0.7191043,1,0
1,0.5904742,1,1,1,1,0.7858617,0.7125488,1,0
1,0.5844423,1,1,1,1,1,0.7063399,1,0
1,0.5775031,1,1,1,1,1,0.7002382,1,0
1,0.5705344,1,1,1,1,1,0.6942617,1,0
1,0.5635331,1,1,1,1,1,0.6884124,1,0
1,0.5564958,1,1,1,1,1,0.682686,1,0
1,0.5494193,1,1,1,1,1,0.6770841,1,0
0.6773927,0.5422997,1,1,1,1,1,0.6716052,1,1
0.6672645,0.534025,1,1,1,1,1,0.6657513,1,1
0.657061,0.5257317,1,1,1,1,1,0.6598944,1,1
0.6467822,0.5174176,1,1,1,1,1,0.6540345,1,1
0.6364353,0.5090867,1,1,1,1,1,0.6481687,1,1
0.6260203,0.5007368,1,1,1,1,1,0.6422971,1,1
0.6155492,0.4923751,1,1,1,1,1,0.6364202,1,1
0.6050223,0.4839996,1,1,1,1,1,0.630538,1,1
0.5944439,0.4756114,1,1,1,1,1,0.6246479,1,1
0.5838224,0.4981424,1,1,1,1,1,0.6187502,0.6607102,0
0.5795043,0.4959582,1,1,1,1,1,0.6136035,0.651341,0
0.5751196,0.493575,1,1,1,1,1,0.6086611,0.6422747,0
0.5706435,0.4910658,1,1,1,1,1,0.603923,0.6335145,0
0.5660616,0.4884992,1,1,1,1,1,0.5993859,0.625059,0
0.5613511,0.4859292,1,1,1,1,1,0.5950451,0.6169058,0
0.5564876,0.4833887,1,1,1,1,1,0.590899,0.6090544,0
0.5514501,0.4809221,1,1,1,1,1,0.5869389,0.6014973,0
0.5462166,0.478555,1,1,1,1,1,0.5831589,0.594229,0
0.5407649,0.4763075,1,1,1,1,1,0.5795525,0.5872436,0
0.5350674,0.4741947,1,1,1,1,1,0.5761129,0.5805346,0
0.5291006,0.4722282,1,1,1,1,1,0.5728328,0.5740949,0
0.5228406,0.4704244,1,1,1,1,1,1,0.5679142,2
0.5063727,0.4889385,1,1,1,1,1,1,0.563911,2
0.4902352,0.507971,1,1,1,1,1,1,0.5598472,2
0.4744155,0.5274999,1,1,1,0.9965522,1,1,0.5557227,2
0.4589527,0.547377,1,1,1,0.9822588,1,1,0.5515257,2
0.4439526,0.5671393,1,1,1,0.9687632,1,1,0.547222,2
0.4293707,0.5867177,1,1,1,0.9559987,1,1,0.5428138,1
0.4151618,0.606047,1,1,1,0.9439047,1,1,0.5383046,1
0.4012841,0.6250587,1,1,1,0.9324306,1,1,0.5337017,1
0.387699,0.6436977,1,1,1,0.9215258,1,1,0.5290098,1
0.3743751,0.6619157,1,1,1,0.911143,1,1,0.5242344,1
0.3612795,1,1,1,1,0.9012402,1,1,0.5193815,1
0.3499985,1,1,1,1,0.8968745,1,1,0.5138755,1
0.3436462,1,1,1,1,0.892474,1,1,0.5084181,1
0.3493856,1,1,1,1,0.8881961,1,1,0.5029902,1
0.3548968,1,1,1,1,0.8844355,1,1,0.4975515,1
0.360178,1,1,1,1,0.8811765,1,1,0.4921156,0
0.3652368,1,1,1,1,0.8783959,1,1,0.4866897,0
0.3700731,1,1,1,1,0.8760829,1,1,0.4812869,0
0.3746918,1,1,1,1,0.874224,0.9975556,1,0.4759164,0
0.3790699,1,1,1,1,0.8728997,0.9757489,1,0.4705787,0
0.382983,1,1,1,1,0.8728467,0.9529824,1,0.4652251,0
0.3864374,1,1,1,1,0.8740872,0.9294195,1,0.4598811,0
0.3894455,1,1,1,1,0.8766462,0.9052386,1,0.4575084,0
0.3920703,1,1,1,1,0.8803992,0.8807419,1,0.527932,0
0.3953733,1,1,1,1,0.8815772,0.859183,1,0.5981771,0
0.3993589,1,1,1,1,0.8800513,0.8402593,1,0.6655293,1
0.4039999,1,1,1,1,0.87592,0.8235995,1,0.7277592,1
0.4092445,1,1,1,1,0.8694717,0.8088062,1,0.783508,1
0.4150181,1,1,1,1,0.8611221,0.7954787,1,0.8324286,1
0.4212432,1,1,1,1,0.8513181,0.7832483,1,0.8749687,1
0.4278436,1,1,1,1,0.8404795,0.7717943,1,1,2
0.4361407,1,1,1,1,0.8247107,0.7642375,1,1,2
0.4442109,1,1,1,1,0.8104138,0.7556124,1,1,2
0.4520241,1,1,1,1,0.7974466,0.7459387,1,1,1
0.4595495,1,1,1,1,0.7856963,0.7352458,1,1,1
0.4667547,1,1,1,1,0.7750729,0.7235737,1,1,1
0.4736196,1,1,1,1,0.7654913,0.7109625,1,1,1
0.4801234,1,1,1,1,0.7568848,0.6974753,1,1,1
0.48625,1,1,1,1,0.7491969,0.6831735,1,1,1
0.4919912,1,1,1,1,0.7423748,0.6681296,1,1,1
0.4973435,1,1,1,1,0.7363731,0.6524211,1,1,1
0.502303,1,1,1,1,0.7311579,0.6361286,1,1,1
1,1,1,1,1,0.726695,0.6193297,1,1,0
1,1,1,1,1,0.7389287,0.5906976,1,1,0
1,1,1,1,1,0.7527249,0.5632862,1,1,0
1,1,1,1,1,0.7681426,0.5633187,1,1,0
1,1,1,1,1,0.7841992,0.5680385,1,1,0
1,1,1,1,1,0.8006852,0.5728747,1,1,0
1,1,1,1,1,1,0.577796,1,1,0
1,1,1,1,1,1,0.5804405,1,1,0
1,1,1,1,1,1,0.5832698,1,1,0
1,1,1,1,1,1,0.5862782,0.8024544,1,0
1,1,1,1,1,1,0.5946211,0.7417502,1,0
1,1,1,1,1,1,0.6049291,0.6841764,1,0
1,1,1,1,1,1,0.6163495,0.6318308,1,0
1,1,1,1,1,1,0.6289726,0.5840165,1,0
1,1,1,1,1,1,0.6429116,0.5401486,1,0
1,1,1,1,1,1,0.6582947,0.4997446,1,0
1,1,1,1,1,1,0.6752586,0.4623857,1,0
1,1,1,1,1,1,0.6939707,0.4480793,1,0
1,1,1,1,1,1,1,0.4525644,1,0
1,1,1,1,1,1,1,0.4570865,1,0
1,1,1,1,1,1,1,0.461997,1,0
1,1,1,1,1,1,1,0.4672922,1,0
1,1,1,1,1,1,1,0.4729681,1,0
1,1,1,1,1,1,1,0.4790205,0.7243614,0
1,1,1,1,1,1,1,0.4869936,0.6245207,0
1,1,1,1,1,1,1,0.4957359,0.5400507,0
1,1,1,1,1,1,1,0.5053008,0.4676529,0
1,1,1,1,1,1,1,0.5157396,0.4049012,0
1,1,1,1,1,1,1,0.5271176,0.4003931,0
1,1,1,1,1,1,1,0.5394993,0.4044073,0
1,1,1,1,1,1,1,0.5529655,0.4088895,0
1,1,1,1,1,1,1,0.567597,0.4138525,0
1,1,0.9854843,1,1,1,1,1,0.4193136,0
1,1,0.952893,1,1,1,1,1,0.4252888,0
1,1,0.9226069,1,1,1,1,1,0.4317378,0
1,1,0.8954986,1,1,1,1,1,0.438436,0
1,1,0.8710871,1,1,1,1,1,0.445349,0
1,1,0.8489813,1,1,1,1,1,0.4524432,0
1,1,0.8288563,1,1,1,1,1,0.4596891,0
1,1,0.8204135,1,1,1,1,1,0.4670548,0
1,1,0.8179109,1,1,1,1,1,0.4745944,0
1,1,0.8151225,1,1,1,1,1,0.4823355,0
1,1,0.8120192,1,1,1,1,1,0.490261,0
1,1,0.8085643,1,1,1,1,1,0.498346,0
1,1,0.8047253,1,1,1,1,1,0.5065711,0
1,1,0.8004667,1,1,1,1,1,0.5149085,0
1,1,0.7957625,0.9871179,1,1,1,1,1,2
1,1,0.7770517,0.9908416,1,1,1,1,1,2
1,1,0.7582455,0.9955613,1,1,1,1,1,2
1,1,0.7393957,1,1,1,1,1,1,2
1,1,0.7205276,1,1,1,1,1,1,2
1,1,0.7100748,1,1,1,1,1,1,2
1,1,0.7117249,1,1,1,1,1,1,2
1,1,0.7134746,1,1,1,1,1,1,2
1,1,0.7153273,1,1,1,1,1,1,2
1,1,0.7172766,1,1,1,1,1,1,2
1,1,0.7193214,1,1,1,1,1,1,2
1,1,0.7214599,1,1,1,1,1,1,2
1,1,0.7236863,1,1,1,1,1,1,2
1,1,0.7259995,1,1,1,1,1,1,2
1,1,0.7283976,1,1,1,1,1,1,2
1,1,0.7308748,1,1,1,1,1,1,2
1,0.9140437,0.7334249,1,1,1,1,1,1,2
1,0.8732349,0.7390877,1,1,1,1,1,1,2
1,0.8320292,0.7463828,1,1,1,1,1,1,2
1,0.7908604,0.755421,1,1,1,1,1,1,2
1,0.7501283,0.766317,1,1,1,1,1,1,2
1,0.7101769,0.7791865,1,1,1,1,1,1,2
1,0.6713031,0.7941512,1,1,1,1,1,1,2
1,0.6337339,0.8113447,1,1,1,1,1,1,2
1,0.5976377,1,1,1,1,1,1,1,2
1,0.5664161,1,1,1,1,1,1,1,2
1,0.5381761,1,1,1,1,1,1,1,2
1,0.5430666,1,1,1,1,1,1,1,2
1,0.5482687,1,1,1,1,1,1,1,2
1,0.5537722,1,1,1,1,1,1,1,2
1,0.5595699,1,1,1,1,1,1,1,2
1,0.5656546,1,1,1,1,1,1,1,2
1,0.5720147,1,1,1,1,1,1,1,2
1,0.5786463,1,1,1,1,1,1,1,2
0.8071387,0.5855367,1,1,1,1,1,1,1,2
0.7177001,0.5969171,1,1,1,1,1,1,1,2
0.6399553,0.609305,1,1,1,1,1,1,1,2
0.571822,0.622758,1,1,1,1,1,1,1,2
0.511619,0.6373506,1,1,1,1,1,1,1,2
0.48144,0.6531707,1,0.9981332,1,1,1,1,1,2
0.4871343,0.6703166,1,0.9872836,0.9964471,1,1,1,1,2
0.4933739,1,1,0.9769161,0.9896181,1,1,1,1,2
0.4997696,1,1,0.9670032,0.9829127,1,1,1,1,2
0.5065547,1,1,0.9574731,0.9764674,1,1,1,1,2
0.5137104,1,1,0.948288,0.9702438,1,1,1,1,2
0.5212125,1,0.9890205,0.9394131,0.9642063,1,1,1,1,2
0.5290703,1,0.9758538,0.9308212,0.958343,1,1,1,1,2
0.5372647,1,0.9809583,0.9224802,0.9526211,1,1,1,1,2
0.5457236,1,1,0.9143437,0.9469671,1,1,1,1,2
0.5543904,1,0.9076145,0.9063696,0.9413239,1,1,1,1,2
0.5634774,1,0.8962682,0.8986048,0.9358541,1,1,1,1,2
0.5727774,1,0.8852779,0.890963,0.9303757,1,1,1,1,2
0.582252,1,0.8746082,0.8834127,0.924853,1,1,1,1,2
0.5918654,1,0.8642225,0.8759208,0.9192497,1,1,1,1,2
0.6015812,1,0.8540891,0.8684595,0.9135353,1,1,1,1,2
0.6113585,1,0.8441787,0.8610037,1,1,1,1,1,2
1,1,0.8344133,0.8538036,1,1,1,1,1,1
1,1,0.8251981,0.8441458,1,1,1,1,1,1
1,1,0.8159819,0.8344796,1,1,1,1,1,1
1,1,0.8067616,0.8248031,1,1,1,1,1,1
1,1,0.7975403,0.8151199,1,1,1,1,1,1
1,1,0.7883149,0.8054282,1,1,1,1,1,1
1,1,0.7790884,0.7957317,1,1,1,1,1,1
1,1,0.7698576,0.7860283,1,1,1,1,1,1
1,1,0.7606224,0.7763187,1,1,1,1,1,1
1,1,0.7513859,0.7666068,1,1,1,1,1,1
1,1,0.7421448,0.7568903,1,1,1,1,1,1
1,1,0.732899,0.74717,1,1,1,1,1,1
1,1,0.7236483,0.7374464,1,1,1,1,1,1
0.992426,1,0.7143956,0.7277235,1,1,1,1,1,1
0.9784955,1,0.7051268,0.7180356,1,1,1,1,1,1
0.9639325,1,0.695835,0.7084141,1,1,1,1,1,1
0.9487425,1,0.6865197,0.6988574,1,1,1,1,1,1
0.9329482,1,0.6771868,0.6893703,1,1,1,1,1,1
0.9165633,1,0.6678341,0.6799482,1,1,1,1,1,1
0.8996192,1,0.6584655,0.6705931,1,1,1,1,1,1
0.9031316,0.7725564,0.6490857,0.6613067,1,1,1,1,1,2
0.9117336,0.7596107,0.6395743,0.6526247,1,1,1,1,1,2
0.920287,0.7469199,0.6301219,0.6439214,1,1,1,1,1,2
0.928775,0.7344713,0.6207237,0.635194,1,1,1,1,1,2
0.9371823,0.722249,0.6113725,0.6264371,1,1,1,1,1,2
0.9454951,0.7102405,0.6020643,0.6176489,1,1,1,1,1,2
0.9536971,0.6984301,0.5927923,0.6088254,1,1,1,1,1,1
0.961781,0.6868058,0.5835534,0.5999662,1,1,1,1,1,1
0.9697375,0.6753561,0.5743446,0.5910714,1,1,1,1,1,1
0.9775587,0.6888459,0.5651602,0.5821382,1,1,1,1,1,1
0.9848685,0.6181989,0.5560023,0.5731024,1,1,1,1,1,1
0.9929425,0.6070482,0.5468578,0.5641956,1,1,1,1,1,1
1,0.5960466,0.5377346,0.5552467,1,1,1,1,1,1
1,0.585175,0.5286304,0.5462614,1,1,1,1,1,1
1,0.5743604,0.51954,0.5372699,1,1,1,1,1,1
1,0.5636059,0.5104662,0.5282749,1,1,1,1,1,1
1,0.5529113,0.5014085,0.5192753,1,1,1,1,1,1
1,0.5422761,0.4923665,0.5102707,1,1,1,1,1,1
1,0.5316962,0.4833366,0.5012572,1,1,1,1,1,1
1,0.5211741,0.4743215,0.4922379,1,1,1,1,1,1
1,0.5107055,0.4653178,0.4832089,1,1,1,1,1,1
1,0.5002927,0.456328,0.4741735,1,1,1,1,1,1
1,0.4899312,0.4473488,0.4651281,1,1,1,1,1,1
1,0.4796195,0.4383798,0.456073,1,1,1,1,1,1
1,0.4693565,0.4294207,0.447008,1,1,1,1,1,1
1,0.4591406,0.4204711,0.4379334,1,1,1,1,1,1
1,0.4489704,0.4115309,0.4288494,1,1,1,1,1,1
1,0.4388445,0.4025998,0.4197563,1,1,1,1,1,1
0.6398444,0.4287581,0.3936744,0.4106511,1,1,1,1,1,2
0.6174772,0.4167719,0.3849635,0.4029818,1,1,1,1,1,2
0.5961058,0.4050936,0.3763609,0.3953433,1,1,1,1,1,2
0.5756912,0.3937135,0.3678573,1,1,1,1,1,1,2
0.5072421,0.3814991,0.3597314,1,1,1,1,1,1,2
0.4850625,0.3696466,0.3518581,1,1,1,1,1,1,2
0.4642758,0.3582793,0.3441946,1,1,1,1,1,1,2
0.4448768,0.3473969,0.3367122,1,1,1,1,1,1,2
0.4267371,0.3369596,0.3293848,1,1,1,1,1,1,2
0.4097358,0.3269286,0.3221876,1,1,1,1,1,1,2
0.393765,0.3172697,0.3151011,1,1,1,1,1,1,2
0.378722,0.3079479,0.3081045,1,1,1,1,1,1,2
0.3645093,0.2989277,1,1,1,1,1,1,1,2
0.349584,0.2898975,1,1,1,1,1,1,1,2
0.3354087,0.2811987,1,1,1,1,1,1,1,2
0.3220493,0.2728376,1,1,1,1,1,1,1,2
0.3094687,0.2647956,1,1,1,1,1,1,1,2
0.297595,0.2570448,1,1,1,1,1,1,1,2
0.2863626,0.2495596,1,1,1,1,1,1,1,2
0.2757123,0.2423162,1,1,1,1,1,1,1,2
0.2655872,0.2352903,1,1,1,1,1,1,1,2
0.2559423,0.2284653,1,1,1,1,1,1,1,2
0.2467308,0.2218206,1,1,1,1,1,1,1,2
0.2379138,1,1,1,1,1,1,1,1,2
0.2294623,1,1,1,1,1,1,1,1,2
0.2212934,1,1,1,1,1,1,1,1,2
0.2133905,1,1,1,1,1,1,1,1,2
0.2057445,1,1,1,1,1,1,1,1,2
0.1983404,1,1,1,1,1,1,1,1,2
0.1911641,1,1,1,1,1,1,1,1,2
0.1886456,1,1,1,1,1,1,1,1,2
0.2197795,1,1,1,1,1,1,1,1,2
0.2526669,1,1,1,1,1,1,1,1,2
0.2872494,1,1,1,1,1,1,1,1,2
0.3234553,1,1,1,1,1,1,1,1,2
0.3611806,1,1,1,1,1,1,1,1,2
0.4002979,1,1,1,1,1,1,1,1,2
0.440679,1,1,1,1,1,1,1,1,2
0.4821531,1,1,1,1,1,1,1,1,2
0.5245423,1,1,1,1,1,1,1,1,2
0.5676509,1,1,1,1,1,1,1,1,2
0.6112592,1,1,1,1,1,1,1,1,2
1,1,1,1,1,1,1,1,1,1
1,1,1,1,1,1,1,1,1,1
1,1,1,1,1,1,1,1,1,1
1,1,1,1,1,1,1,1,1,1
1,1,1,1,1,1,1,1,1,1
1,1,1,1,1,1,1,1,1,1
1,1,1,1,1,1,1,1,1,1
1,1,1,1,1,1,1,1,1,1
1,1,1,1,1,1,1,1,1,1
1,1,1,1,1,1,1,1,1,1
1,1,1,1,1,1,1,1,1,1
1,1,1,1,1,1,1,1,1,1
1,1,1,1,1,1,1,1,1,1
1,1,1,1,1,1,1,1,1,1
1,1,1,1,1,1,1,1,1,1
1,1,1,1,1,1,1,1,1,1
1,1,1,1,1,1,1,1,1,1
1,1,1,1,1,1,1,1,1,1
1,1,1,1,1,1,1,1,1,1
1,1,1,1,1,1,1,1,1,1
1,1,1,1,1,1,1,1,1,1
1,1,1,1,1,1,1,1,1,1
1,1,1,1,1,1,1,1,1,1
1,1,1,1,1,1,1,1,1,1
1,1,1,1,1,1,1,1,1,1
1,1,1,1,1,1,1,1,1,1
1,1,1,1,1,1,1,1,1,1
1,1,1,1,1,1,1,1,1,1
1,1,1,1,1,1,1,1,1,1
1,1,1,1,1,1,1,1,1,1
1,1,1,1,1,1,1,1,1,1
1,1,1,1,1,1,1,1,1,1
1,1,1,1,1,1,1,1,1,1
1,1,1,1,1,1,1,1,1,1
1,1,1,1,1,1,1,0.9991892,1,1
1,1,1,1,1,1,1,0.9954301,1,1
1,1,1,1,1,1,1,0.9955565,1,1
1,1,1,1,1,1,1,0.9956797,1,1
1,1,1,1,1,1,1,0.9957995,1,1
1,1,1,1,1,1,1,0.9959202,1,1
1,1,1,1,1,1,1,0.9960377,1,1
1,1,1,1,1,1,1,0.9961561,1,1
1,1,1,1,1,1,1,0.9962713,1,1
1,1,1,1,1,1,1,0.9963873,1,1
1,1,1,1,1,1,1,0.9965004,1,1
1,1,1,1,1,1,1,0.9966103,1,1
1,1,1,1,1,1,1,0.9967213,1,1
1,1,1,1,1,1,1,0.9968294,1,1
1,1,1,1,1,1,1,0.9969346,1,1
1,1,1,1,1,1,1,0.997041,1,1
1,1,1,1,1,1,1,0.9971447,1,1
1,1,1,1,1,1,1,0.9972453,1,1
1,1,1,1,1,1,1,0.9973475,1,1
1,1,1,1,1,1,1,0.9974468,1,1
1,1,1,1,1,1,1,0.9975435,1,1
1,1,1,1,1,1,1,0.9976376,1,1
1,1,1,1,1,1,1,0.9977332,1,1
1,1,1,1,1,1,1,0.9978262,1,1
1,1,1,1,1,1,1,0.9979167,1,1
1,1,1,1,1,1,1,0.9980047,1,1
1,1,1,1,1,1,1,0.9980944,1,1
1,1,1,1,1,1,1,0.9981817,1,1
1,1,1,1,1,1,1,0.9982667,1,1
1,1,1,1,1,1,1,0.9983495,1,1
1,1,1,1,1,1,1,0.9984299,1,1
1,1,1,1,1,1,1,0.9985082,1,1
1,1,1,1,1,1,1,1,1,1
1,1,1,1,1,1,1,1,1,1
1,1,1,1,1,1,1,1,1,1
1,1,1,1,1,1,1,1,1,1
1,1,1,1,1,1,1,1,1,1
1,1,1,1,1,1,1,1,1,1
1,1,1,1,1,1,1,1,1,1
1,1,1,1,1,1,1,1,0.9640709,1
1,1,1,1,1,1,1,1,0.9209152,1
1,1,1,1,1,1,1,1,0.8726711,0
1,1,1,1,1,1,1,1,0.8198369,0
1,1,1,1,1,1,1,1,0.7950983,0
1,1,1,1,1,1,1,1,0.7973205,0
1,1,1,1,1,1,1,1,0.7996675,0
1,1,1,1,1,1,1,1,0.8021334,0
1,1,1,1,1,1,1,1,0.8047163,0
1,1,1,1,1,1,1,1,0.8074133,0
1,1,1,1,1,1,1,1,0.8102187,0
1,1,1,1,1,1,1,1,0.8131267,0
1,1,1,1,1,1,1,1,0.8161348,0
1,1,1,1,1,1,1,1,0.8192398,0
1,1,1,1,1,1,1,1,0.8224362,0
1,1,1,1,1,1,1,1,0.8257209,0
1,1,1,1,1,1,1,1,0.8290877,0
1,1,1,1,1,1,1,1,0.832534,0
1,1,1,1,1,1,1,1,0.8360534,0
1,1,1,1,1,1,1,1,0.839643,0
1,1,1,1,1,1,1,1,0.8432967,0
1,1,1,1,1,1,1,1,0.8470116,0
1,1,1,1,1,1,1,1,0.8507813,0
1,1,1,1,1,1,1,1,1,1
1,1,1,1,1,1,1,1,1,1
1,1,1,1,1,1,1,1,1,1
1,1,1,1,1,1,1,1,1,1
1,1,1,1,1,1,1,1,1,1
1,1,1,1,1,1,1,1,1,1
1,1,1,1,1,1,1,1,1,1
1,1,1,1,1,1,1,1,1,1
1,1,1,1,1,1,1,1,1,1
1,1,1,1,1,1,1,1,1,1
1,1,1,1,1,1,1,1,1,1
1,1,1,1,1,1,1,1,1,1
1,1,1,1,1,1,1,1,1,1
1,1,1,1,1,1,1,1,1,1
1,1,1,1,1,1,1,1,1,1
1,1,1,1,1,1,1,1,1,1
1,1,1,1,1,1,1,1,1,1
1,1,1,1,1,1,1,1,1,1
1,1,1,1,1,1,1,1,1,1
1,1,1,1,1,1,1,1,1,1
1,1,1,1,1,1,1,1,1,1
1,1,1,1,1,1,1,1,1,1
1,1,1,1,1,1,1,1,1,1
1,1,1,1,1,1,1,1,1,1
1,1,1,1,1,1,1,1,1,1
1,1,1,1,1,1,1,1,1,1
1,1,1,1,1,1,1,1,1,1
1,1,1,1,1,1,1,1,1,1
1,1,1,1,1,1,1,1,1,1
1,1,1,1,1,1,1,1,1,1
1,1,1,1,1,1,1,1,1,1
1,1,1,1,1,1,1,1,1,1
1,1,1,1,1,1,1,1,1,1
1,1,1,1,1,1,1,1,1,1
1,1,1,1,1,1,1,1,1,1
1,1,1,1,1,1,1,1,1,1
1,1,1,1,1,1,1,1,1,1
1,1,1,1,1,1,1,1,1,1
1,1,0.9913766,1,1,1,1,1,1,1
1,1,0.9793483,1,1,1,1,1,1,1
1,1,0.9671418,1,1,1,1,1,1,1
1,1,0.9547583,1,1,1,1,0.9967384,1,1
1,1,0.9422643,1,1,1,1,0.9844232,1,1
1,1,0.9298153,1,1,1,1,0.9720394,1,1
1,1,0.9174165,1,1,1,1,0.9619402,1,1
1,1,0.9050296,1,1,1,1,0.9632486,1,1
1,1,0.8924651,1,1,1,1,0.9641887,1,1
1,1,0.8797373,1,1,1,1,0.9647663,1,1
1,1,0.8668606,1,1,1,1,0.9649894,1,1
1,1,0.8538499,1,1,1,1,0.9648712,1,1
1,1,0.84072,1,1,1,1,0.9644181,1,1
1,1,0.8274857,1,1,1,1,0.963641,1,1
1,1,0.8141619,1,1,1,1,0.9625576,1,1
1,1,0.800763,1,1,1,1,0.961181,1,1
1,1,0.7872997,1,1,1,1,0.9595252,1,1
1,1,0.7737891,1,1,1,1,0.9576049,1,1
1,1,0.7602412,1,1,1,1,0.9554389,1,1
1,1,0.7466685,1,1,1,1,0.9530376,1,2
1,1,0.7330867,1,1,1,1,0.9504251,1,2
1,1,0.7195036,1,1,1,1,0.9476115,1,2
1,1,0.7149858,1,1,1,1,0.9446155,1,2
1,1,0.7184925,1,1,1,1,0.9416478,1,2
1,1,0.721887,1,1,1,1,0.9388711,1,1
1,1,0.7251747,1,1,1,1,0.9362683,1,1
1,0.9854308,0.7283484,1,1,1,1,0.9338326,1,2
1,0.9622837,0.7320662,1,1,1,1,0.9310794,1,2
1,0.9386588,0.7367091,1,1,1,1,0.9277682,1,2
1,0.9146699,0.7422859,1,1,1,1,0.9239439,1,2
1,0.8904223,0.7488193,1,1,1,1,0.9196463,1,2
1,0.8660282,0.7563133,1,1,1,1,0.9149305,1,2
1,0.8415874,0.764792,1,1,1,1,0.9098396,1,2
1,0.8171939,0.7742594,1,1,1,1,0.9044299,1,2
1,0.7929315,0.7847337,1,1,1,1,0.8987473,1,2
1,0.768875,0.7962189,1,1,1,1,0.892845,1,2
1,0.7450891,0.8087332,1,1,1,1,0.8867642,1,2
1,0.7216336,0.8222798,1,1,1,1,0.8805512,1,2
1,0.6985484,0.8368688,1,1,1,1,0.8742449,1,2
1,0.6758739,0.8525022,1,1,1,1,0.8678831,1,2
1,0.6536371,0.8691888,1,1,1,1,0.861496,1,2
1,0.6318614,0.8869284,1,1,1,1,0.855113,1,2
1,0.6105586,0.905712,1,1,1,1,0.8487635,1,2
1,0.5897337,0.9255446,1,1,1,1,0.8424646,1,2
1,0.5693866,0.9464217,1,1,1,1,0.8362337,1,2
1,0.5495129,1,1,1,1,1,0.8300883,1,2
1,0.5303825,1,1,1,1,1,0.8243456,1,2
1,0.5114853,1,1,1,1,1,0.8184718,1,2
1,0.5087403,1,1,1,1,1,0.812493,1,2
1,0.5141795,1,1,1,1,1,0.8067069,1,2
1,0.5195844,1,1,1,1,1,0.8012298,1,2
0.8852121,0.5249387,1,1,1,1,1,0.7960401,1,2
0.8329331,0.532812,1,1,1,1,1,0.7887037,1,2
0.7811702,0.5418999,1,1,1,1,1,0.7807636,1,2
0.7306012,0.5522644,1,1,1,1,1,0.7723353,1,2
0.6817715,0.5639574,1,1,1,1,1,0.7635419,1,2
0.6350853,0.5770203,1,1,1,1,1,0.7545056,1,2
0.5908137,0.5914935,1,1,1,1,1,0.7453347,1,2
0.5490961,0.6074072,1,1,1,1,1,0.7361265,1,2
0.5099699,0.6247761,1,1,1,1,1,0.7269679,1,2
0.4733924,0.6436144,1,1,1,1,1,0.7179242,1,2
0.4413986,0.6639258,1,1,1,1,1,0.7090462,1,2
0.4490609,0.6856242,1,1,1,1,1,0.7003969,1,2
0.4567455,0.7072145,1,1,1,1,1,0.6924082,1,2
0.4644056,0.7285575,1,1,1,1,1,0.6849855,1,2
0.472009,0.7495348,1,1,1,1,1,0.6780413,1,2
0.4795156,0.7700169,1,1,1,1,1,0.6715136,1,2
0.4869002,1,1,1,1,1,1,0.6653416,1,2
0.492548,1,1,1,1,1,1,0.6606085,1,1
0.4981309,1,1,1,1,1,1,0.655973,1,1
0.5036381,1,1,1,1,1,1,0.6514315,1,1
0.5090629,1,1,1,1,1,1,0.6469779,1,1
0.5143991,1,1,1,1,1,1,0.6426069,1,1
0.5196411,1,1,1,1,1,1,0.6383144,1,1
0.52478,1,1,1,1,1,1,0.6340996,1,1
0.5298112,1,1,1,1,1,1,0.6299594,1,1
0.5347306,1,1,1,1,1,1,0.6258913,1,1
0.5395344,1,1,1,1,1,1,0.6218932,1,1
0.5442196,1,1,1,1,1,1,0.6179634,1,1
0.5487831,1,1,1,1,1,1,0.6141008,1,1
0.5532229,1,1,1,1,1,1,0.6103046,1,1
0.5575368,1,1,1,1,1,1,0.6065742,1,1
0.5617234,1,1,1,1,1,1,0.6029094,1,1
0.5657815,1,1,1,1,1,1,0.5993105,1,1
0.5697138,1,1,1,1,1,1,0.5957745,1,1
0.5735199,1,1,1,1,1,1,0.5923018,1,1
0.5771993,1,1,1,1,1,1,0.5888935,0.5585959,0
0.5730867,1,1,1,1,1,1,0.5896544,0.5542254,0
0.5691985,1,1,1,1,1,1,0.5908089,0.5502952,0
0.5655278,1,1,1,1,1,1,0.5923438,0.5467871,0
0.5620629,1,1,1,1,1,1,1,0.5436859,1
0.5641185,1,1,1,1,1,1,1,0.5408982,1
0.5660759,1,1,1,1,1,1,1,0.5381526,1
0.5679419,1,1,1,1,1,1,1,0.5354469,1
0.5697126,1,1,1,1,1,1,1,0.532788,1
0.571395,1,1,1,1,1,1,1,0.5301738,1
0.5729889,1,1,1,1,1,1,1,0.5276079,0
0.5744939,1,1,1,1,1,1,1,0.5250943,0
0.5759136,1,1,1,1,1,1,1,0.5226335,0
0.5772514,1,1,1,1,1,1,1,0.5202263,0
0.5785071,1,1,1,1,1,1,1,0.5178763,0
0.579684,1,1,1,1,1,1,1,0.5155839,0
0.5807855,1,1,1,1,1,1,1,0.5133499,0
0.5818113,1,1,1,1,1,1,1,0.5111776,0
0.5827645,1,1,1,1,1,1,1,0.5090675,0
0.5836483,1,1,1,1,1,1,1,0.50702,0
0.5844623,1,1,1,1,1,1,1,0.5050383,0
0.5852095,1,1,1,1,1,1,1,0.5031229,0
1,1,1,1,1,1,1,1,0.5012709,0
0.5819675,1,1,1,1,1,1,1,0.5002125,0
1,1,1,1,1,1,1,1,1,1
1,1,1,1,1,1,1,1,1,1
1,1,1,1,1,1,1,1,1,1
1,1,1,1,1,1,1,1,1,1
1,1,1,1,1,1,1,1,1,1
1,1,1,1,1,1,1,1,1,1
1,1,1,1,1,1,1,1,1,1
1,1,1,1,1,1,1,1,1,1
1,1,1,1,1,1,1,1,1,1
1,1,1,1,1,1,1,1,1,1
1,1,1,1,1,1,1,1,1,1
1,1,1,1,1,1,1,1,1,1
1,1,1,1,1,1,1,1,1,1
1,1,1,1,1,1,1,1,1,1
1,1,1,1,1,1,1,1,1,1
1,1,1,1,1,1,1,1,1,1
1,1,1,1,1,1,1,1,1,1
1,1,1,1,1,1,1,1,1,1
1,1,1,1,1,1,1,1,1,1
1,1,1,1,1,1,1,1,1,1
1,1,1,1,1,1,1,1,1,1
1,1,1,1,1,1,1,1,1,1
1,1,1,1,1,1,1,1,1,1
1,1,1,1,1,1,1,1,1,1
1,1,1,1,1,1,1,1,1,1
1,1,1,1,1,1,1,1,1,1
1,1,1,1,1,1,1,1,1,1
1,1,1,1,1,1,1,1,1,1
1,1,1,1,1,1,1,1,1,1
1,1,1,1,1,1,1,1,1,1
1,0.9801794,1,1,1,1,1,1,0.9031107,1
1,0.9701884,1,1,1,1,1,1,0.8760556,0
1,0.9608364,1,1,1,1,1,1,0.8747317,1
1,0.9512579,1,1,1,1,1,1,0.8734487,1
1,0.9414438,1,1,1,1,1,1,0.8721973,1
1,0.9313866,1,1,1,1,1,1,0.8709744,1
1,0.9210789,1,1,1,1,1,1,0.8697769,1
1,0.9105182,1,1,1,1,1,1,0.8685957,1
1,0.8996953,1,1,1,1,1,1,0.867428,1
1,0.8886101,1,1,1,1,1,1,0.8662677,1
1,0.8772591,1,1,1,1,1,1,0.8651091,1
1,0.8656409,1,1,1,1,1,1,0.8639466,1
1,0.8537548,1,1,1,1,1,1,0.8627748,1
1,0.8416014,1,1,1,1,1,1,0.8615888,1
1,0.8291873,1,1,1,1,1,1,0.8603832,1
1,0.8165123,1,1,1,1,1,1,0.8591537,1
1,0.8035855,1,1,1,1,1,1,0.8578991,1
1,0.7904138,1,1,1,1,1,1,0.8566121,1
1,0.7770053,1,1,1,1,1,1,0.8552892,1
1,0.7633696,1,1,1,1,1,1,0.853927,1
1,0.7495178,1,1,1,1,1,1,0.8525227,1
1,0.7354623,1,1,1,1,1,1,0.8510739,1
1,0.7212205,1,1,1,1,1,1,0.8495782,1
1,0.7068073,1,1,1,1,1,1,0.848034,1
1,0.6922379,1,1,1,1,1,1,0.8464368,1
1,0.677529,1,1,1,1,1,1,0.8447889,1
1,0.6626977,1,1,1,1,1,1,0.8430895,1
1,0.654194,1,1,1,1,1,1,0.8413351,1
1,0.6586773,1,1,1,1,1,1,0.8395457,1
1,0.6630623,1,1,1,1,1,1,0.8377591,1
1,0.6673438,1,1,1,1,1,1,0.8359761,1
1,0.6715161,1,1,1,1,1,1,0.8341973,1
1,0.6755797,1,1,1,1,1,1,0.8324209,1
1,0.6795294,1,1,1,1,1,1,0.8306482,1
1,0.6833659,1,1,1,1,1,1,0.8288774,1
1,0.687085,1,1,1,1,1,1,0.8271104,1
1,0.6906829,1,1,1,1,1,1,0.8253487,1
1,0.6941608,1,1,1,1,1,1,0.8235911,1
1,0.6975158,1,1,1,1,1,1,0.8218398,1
1,0.7007446,1,1,1,1,1,1,0.8200967,1
1,0.7038496,1,1,1,1,1,1,0.8183611,1
1,0.706833,1,1,1,1,1,1,0.8166321,1
1,0.7096924,1,1,1,1,1,1,0.8149122,1
1,0.7124259,1,1,1,1,1,1,0.8132038,1
0.7564424,0.7150364,1,1,1,1,1,1,0.8115065,2
0.7187362,1,1,1,1,1,1,1,0.8090708,1
0.6917533,1,1,1,1,1,1,1,0.8070812,1
0.6638128,1,1,1,1,1,1,1,0.8050043,2
0.6350778,1,1,1,1,1,1,1,0.8028381,2
0.605731,1,1,1,1,1,1,1,0.8005864,2
0.5759624,1,1,1,1,1,1,1,0.7982497,2
0.5459754,1,1,1,1,1,1,1,0.7958343,2
0.538358,1,1,1,1,1,1,1,0.7933487,2
0.5433099,1,1,1,1,1,1,1,0.7908357,2
0.5483273,1,1,1,1,1,1,1,0.7883099,2
0.5534007,1,1,1,1,1,1,1,0.7857667,2
0.5585176,1,1,1,1,1,1,1,0.7832051,2
0.5636721,1,1,1,1,1,1,1,1,2
0.5720235,1,1,1,1,1,1,1,0.7779608,2
0.5773228,1,1,1,1,1,1,1,0.9446316,2
0.5852407,1,1,1,1,1,1,1,0.8582072,2
0.5919734,1,1,1,1,1,1,1,0.9092141,2
0.5996524,1,1,1,1,1,1,1,0.9059102,2
0.6074173,1,1,1,1,1,1,1,0.9109749,2
0.6154018,1,1,1,1,1,1,1,0.9161885,2
0.9031243,1,1,1,1,1,1,1,0.9214614,1
0.8864219,1,1,1,1,1,1,1,1,1
0.864907,1,1,1,1,1,1,1,1,2
0.8553843,1,1,1,1,1,1,1,1,2
0.8626361,1,1,1,1,1,1,1,1,2
0.8698478,1,1,1,1,1,1,1,1,2
0.8770145,1,1,1,1,1,1,1,1,1
0.8841276,1,1,1,1,1,1,1,1,1
0.8911792,1,1,1,1,1,1,1,1,1
0.8981612,1,1,1,1,1,1,1,1,1
0.9050662,1,1,1,1,1,1,1,1,1
0.9118905,1,1,1,1,1,1,1,1,1
0.9186276,1,1,1,1,1,1,1,1,1
0.9252702,1,1,1,1,1,1,1,1,1
0.9318163,1,1,1,1,1,1,1,1,1
0.9382598,1,1,1,1,1,1,1,1,1
0.944595,1,1,1,1,1,1,1,1,1
0.9508166,1,1,1,1,1,1,1,1,1
0.9569234,1,1,1,1,1,1,1,1,1
0.9629145,1,1,1,1,1,1,1,1,1
0.9687815,1,1,1,1,1,1,1,1,1
0.9745242,1,1,1,1,1,1,1,1,1
0.980143,1,1,1,1,1,1,1,1,1
0.9856337,1,1,1,1,1,1,1,1,1
0.9909932,1,1,1,1,1,1,1,1,1
0.9962225,1,1,1,1,1,1,1,1,1
1,1,1,1,1,1,1,1,1,1
1,1,1,1,1,1,1,1,1,1
1,1,1,1,1,1,1,1,1,1
1,1,1,1,1,1,1,1,1,1
1,1,1,1,1,1,1,1,1,1
1,1,1,1,1,1,1,1,1,1
1,1,1,1,1,1,1,1,1,1
1,1,1,1,1,1,1,1,1,1
1,1,1,1,1,1,1,1,1,1
1,1,1,1,1,1,1,1,1,1
1,1,1,1,1,1,1,1,1,1
1,1,1,1,1,1,1,1,1,1
1,1,1,1,1,1,1,1,1,1
1,1,1,1,1,1,1,1,1,1
1,1,1,1,1,1,1,1,1,1
1,1,1,1,1,1,1,1,1,1
1,1,1,1,1,1,1,1,1,1
1,1,1,1,1,1,1,1,1,1
1,1,1,1,1,1,1,1,1,1
1,1,1,1,1,1,1,1,1,1
1,1,1,1,1,1,1,1,1,1
1,1,1,1,1,1,1,1,1,1
1,1,1,1,1,1,1,1,1,1
1,1,1,1,1,1,1,1,1,1
1,1,1,1,1,1,1,1,1,1
1,1,1,1,1,1,1,1,1,1
1,1,1,1,1,1,1,1,1,1
1,1,1,1,1,1,1,1,1,1
1,1,1,1,1,1,1,1,1,1
1,1,1,1,1,1,1,1,1,1
1,1,1,1,1,1,1,1,1,1
1,1,1,1,1,1,1,1,1,1
1,1,1,1,1,1,1,1,1,1
1,1,1,1,1,1,1,1,1,1
1,1,1,1,1,1,1,1,1,1
1,1,1,1,1,1,1,1,1,1
1,1,1,1,1,1,1,1,1,1
1,1,1,1,1,1,1,1,1,1
1,1,1,1,1,1,1,1,1,1
1,1,1,1,1,1,1,1,1,1
1,1,1,1,1,1,1,1,1,1
1,1,1,1,1,1,1,1,1,1
1,1,1,1,1,1,1,1,1,1
1,1,1,1,1,1,1,1,1,1
1,1,1,1,1,1,1,1,1,1
1,1,1,1,1,1,1,1,1,1
1,1,1,1,1,1,1,1,1,1
1,1,1,1,1,1,1,1,1,1
1,1,1,1,1,1,1,1,1,1
1,1,1,1,1,1,1,1,1,1
1,1,1,1,1,1,1,1,1,1
1,1,1,1,1,1,1,1,1,1
1,1,1,1,1,1,1,1,1,1
1,1,1,1,1,1,1,1,1,1
1,1,1,1,1,1,1,1,1,1
1,1,1,1,1,1,1,1,1,1
1,1,1,1,1,1,1,1,1,1
1,1,1,1,1,1,1,1,1,1
1,1,1,1,1,1,1,1,1,1
1,1,1,1,1,1,1,1,1,1
1,1,1,1,1,1,1,1,1,1
1,1,1,1,1,1,1,1,1,1
1,1,1,1,1,1,1,1,1,1
1,1,1,1,1,1,1,1,1,1
1,1,1,1,1,1,1,1,1,1
1,1,1,1,1,1,1,1,1,1
1,1,1,1,1,1,1,1,1,1
1,1,1,1,1,1,1,1,1,1
1,1,1,1,1,1,1,1,1,1
1,1,1,1,1,1,1,1,1,1
1,1,1,1,1,1,1,1,1,1
1,1,1,1,1,1,1,1,1,1
1,1,1,1,1,1,1,1,1,1
1,1,1,1,1,1,1,1,1,1
1,1,1,1,1,1,1,1,1,1
1,1,1,1,1,1,1,1,1,1
1,1,1,1,1,1,1,1,1,1
1,1,1,1,1,1,1,1,1,1
1,1,1,1,1,1,1,1,1,1
1,1,1,1,1,1,1,1,1,1
1,1,1,1,1,1,1,1,1,1
1,1,1,1,1,1,1,1,1,1
1,1,1,1,1,1,1,1,1,1
1,1,1,1,1,1,1,1,1,1
1,1,1,1,1,1,1,1,1,1
1,1,1,1,1,1,1,1,1,1
1,1,1,1,1,1,1,1,1,1
1,1,1,1,1,1,1,1,1,1
1,1,1,1,1,1,1,1,1,1
1,1,1,1,1,1,1,1,1,1
1,1,1,1,1,1,1,1,1,1
1,1,1,1,1,1,1,1,1,1
1,1,1,1,1,1,1,1,1,1
1,1,1,1,1,1,1,1,1,1
1,1,1,1,1,1,1,1,1,1
1,1,1,1,1,1,1,1,1,1
1,1,1,1,1,1,1,1,1,1
1,1,1,1,1,1,1,1,1,1
1,1,1,1,1,1,1,1,1,1
1,1,1,1,1,1,1,1,1,1
1,1,1,1,1,1,1,1,1,1
1,1,1,1,1,1,1,1,1,1
1,1,1,1,1,1,1,1,1,1
1,1,1,1,1,1,1,1,1,1
1,1,1,1,1,1,1,1,1,1
1,1,1,1,1,1,1,1,1,1
1,1,1,1,1,1,1,1,1,1
1,1,1,1,1,1,1,1,1,1
1,1,1,1,1,1,1,1,1,1
1,1,1,1,1,1,1,1,1,1
1,1,1,1,1,1,1,1,1,1
1,1,1,1,1,1,1,1,1,1
1,1,1,1,1,1,1,1,1,1
1,1,1,1,1,1,1,1,1,1
1,1,1,1,1,1,1,1,1,1
1,1,1,1,1,1,1,1,1,1
1,1,1,1,1,1,1,1,1,1
1,1,1,1,1,1,1,1,1,1
1,1,1,1,1,1,1,1,1,1
1,1,1,1,1,1,1,1,1,1
1,1,1,1,1,1,1,1,1,1
1,1,1,1,1,1,1,1,1,1
1,1,1,1,1,1,1,1,1,1
1,1,1,1,1,1,1,1,1,1
1,1,1,1,1,1,1,1,1,1
1,1,1,1,1,1,1,1,1,1
1,1,1,1,1,1,1,1,1,1
1,1,1,1,1,1,1,1,1,1
1,1,1,1,1,1,1,1,1,1
1,1,1,1,1,1,1,1,1,1
1,1,1,1,1,1,1,1,1,1
1,1,1,1,1,1,1,1,1,1
1,1,1,1,1,1,1,1,1,1
1,1,1,1,1,1,1,1,1,1
1,1,1,1,1,1,1,1,1,1
1,1,1,1,1,1,1,1,1,1
1,1,1,1,1,1,1,1,1,1
1,1,1,1,1,1,1,1,1,1
1,1,1,1,1,1,1,1,1,1
1,1,1,1,1,1,1,1,1,1
1,1,1,1,1,1,1,1,1,1
1,1,1,1,1,1,1,1,1,1
1,1,1,1,1,1,1,1,1,1
1,1,1,1,1,1,1,1,1,1
1,1,1,1,1,1,1,1,1,1
1,1,1,1,1,1,1,1,1,1
1,1,1,1,1,1,1,1,1,1
1,1,1,1,1,1,1,1,1,1
1,1,1,1,1,1,1,1,1,1
1,1,1,1,1,1,1,1,1,1
1,1,1,0.9962985,1,1,1,1,1,1
1,1,1,0.9861389,1,1,1,1,1,1
1,1,1,0.9759668,1,1,1,1,1,1
1,1,1,0.9657823,1,1,1,1,1,1
1,1,1,0.9555863,1,1,1,1,1,1
1,1,1,0.9453789,1,1,1,1,1,1
1,1,1,0.9351608,1,1,1,1,1,1
1,1,1,0.9249325,1,1,1,1,1,1
1,1,1,0.9146945,1,1,1,1,1,1
1,1,1,0.9044474,1,1,1,1,1,1
1,1,1,0.8941919,1,1,1,1,1,1
1,1,1,0.8839286,1,1,1,1,1,1
1,1,1,0.873658,1,1,1,1,1,1
1,1,1,0.8633808,1,1,1,1,1,1
1,1,1,0.8530976,1,1,1,1,1,1
1,1,1,0.8428092,1,1,1,1,1,1
1,1,1,0.8325162,1,1,1,1,1,1
1,1,1,0.8222192,1,1,1,1,1,1
1,1,1,0.8119189,1,1,1,1,1,1
1,1,1,0.8016158,1,1,1,1,1,1
1,1,1,0.7913139,1,1,1,1,1,1
1,1,1,0.7810106,1,1,1,1,1,1
1,1,1,0.7707065,1,1,1,1,1,1
1,1,1,0.7604023,1,1,1,1,1,1
1,1,1,0.7500986,1,1,1,1,1,1
1,1,1,0.7397958,1,1,1,1,1,1
1,1,1,0.7294947,1,1,1,1,1,1
1,1,1,0.7191957,1,1,1,1,1,1
1,1,1,0.7088992,1,1,1,1,1,1
1,1,1,0.698609,1,1,1,1,1,1
1,1,1,0.6883224,1,1,1,1,1,1
1,1,1,0.6780397,1,1,1,1,1,1
1,1,1,0.6677615,1,1,1,1,1,1
1,1,1,0.6574882,1,1,1,1,1,1
1,1,1,0.647223,1,1,1,1,1,1
1,1,1,0.6369634,1,1,1,1,1,1
1,1,1,0.6267096,1,1,1,1,1,1
1,1,1,0.6164618,1,1,1,1,1,1
1,1,1,0.6062234,1,1,1,1,1,1
1,1,1,0.5959916,1,1,1,1,1,1
1,1,1,0.5857664,1,1,1,1,1,1
1,1,1,0.5755512,1,1,1,1,1,1
1,1,1,0.565343,1,1,1,1,1,1
1,1,1,0.5551449,1,1,1,1,1,1
1,1,1,0.544954,1,1,1,1,1,1
1,1,1,0.5347704,1,1,1,1,1,1
1,1,1,0.524597,1,1,1,1,1,1
1,1,0.5486251,0.514431,1,1,1,1,1,2
1,1,0.5360625,0.5039213,1,1,1,1,1,2
1,1,0.5236609,0.4934861,1,1,1,1,1,2
1,1,0.5114124,0.5019725,1,1,1,1,1,2
1,1,0.4993264,0.574543,1,1,1,1,1,2
1,1,0.4874253,1,1,1,1,1,1,2
1,1,0.4758352,1,1,1,1,1,1,2
1,1,0.4643282,1,1,1,1,1,1,2
1,1,0.4529037,1,1,1,1,1,1,2
1,1,0.4415606,1,1,1,1,1,1,2
1,1,0.4302978,1,1,1,1,1,1,2
1,1,0.4191139,1,1,1,1,1,1,2
1,1,0.4080106,1,1,1,1,1,1,2
1,1,0.3969828,1,1,1,1,1,1,2
1,1,0.3860322,1,1,1,1,1,1,2
1,1,0.3751565,1,1,1,1,1,1,2
1,1,0.3643539,1,1,1,1,1,1,2
1,1,0.3536222,1,1,1,1,1,1,2
1,1,0.3429592,1,1,1,1,1,1,2
1,1,0.3323629,1,1,1,1,1,1,2
1,1,0.321834,1,1,1,1,1,1,2
1,0.3833749,0.3212092,1,1,1,1,1,1,2
1,0.3653153,0.3666095,1,1,1,1,1,1,2
1,0.3480255,0.4239038,1,1,1,1,1,1,2
1,0.3316666,1,1,1,1,1,1,1,2
1,0.3168122,1,1,1,1,1,1,1,2
1,0.3023976,1,1,1,1,1,1,1,2
1,0.2884043,1,1,1,1,1,1,1,2
1,0.2748132,1,1,1,1,1,1,1,2
1,0.261612,1,1,1,1,1,1,1,2
1,0.2487777,1,1,1,1,1,1,1,2
1,0.2362982,1,1,1,1,1,1,1,2
0.3242386,0.2312194,1,1,1,1,1,1,1,2
0.3014371,0.2506462,1,1,1,1,1,1,1,2
0.2800413,0.2724061,1,1,1,1,1,1,1,2
0.2599299,0.2968588,1,1,1,1,1,1,1,2
0.2409949,0.3244344,1,1,1,1,1,1,1,2
0.2231448,0.7548599,1,1,1,1,1,1,1,2
0.2062936,0.8128559,1,1,1,1,1,1,1,2
0.1995122,0.8797557,1,1,1,1,1,1,1,2
0.2120532,0.9565619,1,1,1,1,1,1,1,2
0.2255481,1,1,1,1,1,1,1,1,2
0.240073,1,1,1,1,1,1,1,1,2
0.2555599,1,1,1,1,1,1,1,1,2
0.2718992,1,1,1,1,1,1,1,1,2
0.2890898,1,1,1,1,1,1,1,1,2
0.776188,1,1,1,1,1,1,1,1,2
0.7637614,1,1,1,1,1,1,1,1,2
0.7513615,1,1,1,1,1,1,1,1,2
0.7390012,1,1,1,1,1,1,1,1,2
0.7266997,1,1,1,1,1,1,1,1,2
0.7144653,1,1,1,1,1,1,1,1,2
0.7023162,1,1,1,1,1,1,1,1,2
0.690263,1,1,1,1,1,1,1,1,2
0.691841,1,1,1,1,1,1,1,1,2
0.7121467,1,1,1,1,1,1,1,1,2
0.7324091,1,1,1,1,1,1,1,1,2
0.7525766,1,1,1,1,1,1,1,1,2
0.7726047,1,1,1,1,1,1,1,1,2
0.7924437,1,1,1,1,1,1,1,1,2
0.8120572,1,1,1,1,1,1,1,1,1
0.8313987,1,1,1,1,1,1,1,1,1
0.8504354,1,1,1,1,1,1,1,1,1
0.8691246,1,1,1,1,1,1,1,1,1
0.8874386,1,1,1,1,1,1,1,1,1
0.9053395,1,1,1,1,1,1,1,1,1
0.922805,1,1,1,1,1,1,1,1,1
0.9398026,1,1,1,1,1,1,1,1,1
0.9563158,1,1,1,1,1,1,1,1,1
0.972324,1,1,1,1,1,1,1,1,1
0.9878104,1,1,1,1,1,1,1,1,1
1,1,1,1,1,1,1,1,1,1
1,1,1,1,1,1,1,1,1,1
1,1,1,1,1,1,1,1,1,1
1,1,1,1,1,1,1,1,1,1
1,1,1,1,1,1,1,1,1,1
1,1,1,1,1,1,1,1,1,1
1,1,1,1,1,1,1,1,1,1
1,1,1,1,1,1,1,1,1,1
1,1,1,1,1,1,1,1,1,1
1,1,1,1,1,1,1,1,1,1
1,1,1,1,1,1,1,1,1,1
1,1,1,1,1,1,1,1,1,1
0.9960797,1,1,1,1,1,1,1,1,1
0.9879915,1,1,1,1,1,1,1,1,1
0.9798152,1,1,1,1,1,1,1,1,1
0.9715527,1,1,1,1,1,1,1,1,1
0.9632056,1,1,1,1,1,1,1,1,1
0.9547798,1,1,1,1,1,1,1,1,1
0.9462773,1,1,1,1,1,1,1,1,1
0.9377044,1,1,1,1,1,1,1,1,1
0.9290642,1,1,1,1,1,1,1,1,1
0.9203593,1,1,1,1,1,1,1,1,1
0.9115968,1,1,1,1,1,1,1,1,1
0.9128559,1,1,1,1,1,1,1,1,1
0.9307893,1,1,1,1,1,1,1,1,1
0.9482298,1,1,1,1,1,1,1,1,1
0.9651474,1,1,1,1,1,1,1,1,1
0.9815279,1,1,1,1,1,1,1,1,1
0.9973474,1,1,1,1,1,1,1,1,1
1,1,1,1,1,1,1,1,1,1
1,1,1,1,1,1,1,1,1,1
1,1,1,1,1,1,1,1,1,1
1,1,1,1,1,1,1,1,1,1
1,1,1,1,1,1,1,1,1,1
1,1,1,1,1,1,1,1,1,1
1,1,1,1,1,1,1,1,1,1
1,1,1,1,1,1,1,1,1,1
1,1,1,1,1,1,1,1,1,1
1,1,1,1,1,1,1,1,1,1
1,1,1,1,1,1,1,1,1,1
1,1,1,1,1,1,1,1,1,1
1,1,1,1,1,1,1,1,1,1
1,1,1,1,1,1,1,1,1,1
1,1,1,1,1,1,1,1,1,1
1,1,1,1,1,1,1,1,1,1
1,1,1,1,1,1,1,1,1,1
1,1,1,1,1,1,1,1,1,1
1,1,1,1,1,1,1,1,1,1
1,1,1,1,1,1,1,1,1,1
1,1,1,1,1,1,1,1,1,1
1,1,1,1,1,1,1,1,1,1
1,1,1,1,1,1,1,1,1,1
1,1,1,1,1,1,1,1,1,1
1,1,1,1,1,1,1,1,1,1
1,1,1,1,1,1,1,1,1,1
1,1,1,1,1,1,1,1,1,1
1,1,1,1,1,1,1,1,1,1
1,1,1,1,1,1,1,1,1,1
1,1,1,1,1,1,1,1,1,1
1,1,1,1,1,1,1,1,1,1
1,1,1,1,1,1,1,1,1,1
1,1,1,1,1,1,1,1,1,1
1,1,1,1,1,1,1,1,1,1
1,1,1,1,1,1,1,1,1,1
1,1,1,1,1,1,1,1,1,1
1,1,1,1,1,1,1,1,1,1
1,1,1,1,1,1,1,1,1,1
1,1,1,1,1,1,1,1,1,1
1,1,1,1,1,1,1,1,1,1
1,1,1,1,1,1,1,1,1,1
1,1,1,1,1,1,1,1,1,1
1,1,1,1,1,1,1,1,1,1
1,1,1,1,1,1,1,1,1,1
1,1,1,1,1,1,1,1,1,1
1,1,1,1,1,1,1,1,1,1
1,1,1,1,1,1,1,1,1,1
1,1,1,1,1,1,1,1,1,1
1,1,1,1,1,1,1,1,1,1
1,1,1,1,1,1,1,1,1,1
1,1,1,1,1,1,1,0.8700749,1,0
1,1,1,1,1,1,1,0.8623073,1,0
1,1,1,1,1,1,1,0.8545853,1,0
1,1,1,1,1,1,1,0.846917,1,0
1,1,1,1,1,1,1,0.8393073,1,0
1,1,1,1,1,1,1,0.8317674,1,0
1,1,1,1,1,1,1,0.8243024,1,0
1,1,1,1,1,1,1,0.8169233,1,0
1,1,1,1,1,1,1,0.8096355,1,0
1,1,1,1,1,1,1,0.8024467,1,0
1,1,1,1,1,1,1,0.7953654,1,0
1,1,1,1,1,1,1,0.788396,0.9999573,0
1,1,1,1,1,1,1,0.7815496,0.9880907,0
1,1,1,1,1,1,1,0.7748314,1,0
1,1,1,1,1,1,1,0.7682576,1,0
1,1,1,1,1,1,1,0.7618269,1,0
1,1,1,1,1,1,1,0.7555494,1,0
1,1,1,1,1,1,1,0.7494293,1,0
1,1,1,1,1,1,1,1,1,1
1,1,1,1,1,1,1,1,1,1
1,1,1,1,1,1,1,1,1,1
1,1,1,1,1,1,1,1,1,1
1,1,1,1,1,1,1,1,1,1
1,1,1,1,1,1,1,1,1,1
1,1,1,1,1,1,1,1,1,1
1,1,1,1,1,1,1,1,1,1
1,1,1,1,1,1,1,1,0.7542203,0
1,1,1,1,1,1,1,1,0.7446157,0
1,1,1,1,1,1,1,1,0.7351168,0
1,1,1,1,1,1,1,1,0.725737,0
1,1,1,1,1,1,1,1,0.7164893,0
1,1,1,1,1,1,1,1,0.70739,0
1,1,1,1,1,1,1,1,0.6984518,0
1,1,1,1,1,1,1,1,0.6896873,0
1,1,1,1,1,1,1,1,0.6811116,0
1,1,1,1,1,1,1,1,0.6727366,0
1,1,1,1,1,1,1,1,0.6645738,0
1,1,1,1,1,1,1,1,0.6566375,0
1,1,1,1,1,1,1,1,0.6489384,0
1,1,1,1,1,1,1,1,0.6414867,0
1,1,1,1,1,1,1,1,0.6750446,0
1,1,1,1,1,1,1,1,0.7551272,0
1,1,1,1,1,1,1,1,0.8328385,0
1,1,1,1,1,1,1,1,1,1
1,1,1,1,1,1,1,1,1,1
1,1,1,1,1,1,1,1,1,1
1,1,1,1,1,1,1,1,1,1
1,1,1,1,1,1,1,1,1,1
1,1,1,1,1,1,1,1,1,1
1,1,1,1,1,1,1,1,1,1
1,1,1,1,1,1,1,1,1,1
1,1,1,1,1,1,1,1,1,1
1,1,1,1,1,1,1,1,1,1
1,1,1,1,1,1,1,1,1,1
1,1,1,1,1,1,1,1,1,1
1,1,1,1,1,1,1,1,1,1
1,1,1,1,1,1,1,1,1,1
1,1,1,1,1,1,1,1,1,1
1,1,1,1,1,1,1,1,1,1
1,1,1,1,1,1,1,1,1,1
1,1,1,1,1,1,1,1,1,1
1,1,1,1,1,1,1,1,1,1
1,1,1,1,1,1,1,1,1,1
1,1,1,1,1,1,1,1,1,1
1,1,1,1,1,1,1,1,1,1
1,1,1,1,1,1,1,1,1,1
1,1,1,1,1,1,1,1,1,1
1,1,1,1,1,1,1,1,1,1
1,1,1,1,1,1,1,1,1,1
1,1,0.9893776,1,1,1,1,1,1,1
1,1,0.9640592,1,1,1,1,1,1,1
1,1,0.9551214,1,1,1,1,1,1,1
1,1,0.9461835,1,1,1,1,1,1,1
1,1,0.9372422,1,1,1,1,1,1,1
1,1,0.9283006,1,1,1,1,1,1,1
1,1,0.9193587,1,1,1,1,1,1,1
1,1,0.9104167,1,1,1,1,1,1,1
1,1,0.9014744,1,1,1,1,1,1,1
1,1,0.892532,1,1,1,1,1,1,1
1,1,0.8835862,1,1,1,1,1,1,1
1,1,0.8746403,1,1,1,1,1,1,1
1,1,0.8656943,1,1,1,1,1,1,1
1,1,0.8567481,1,1,1,1,1,1,1
1,1,0.8478018,1,1,1,1,1,1,1
1,1,0.8388522,1,1,1,1,1,1,1
1,1,0.8299026,1,1,1,1,1,1,1
1,1,0.820953,1,1,1,1,1,1,1
1,1,0.8120002,1,1,1,1,1,1,1
1,1,0.8030473,1,1,1,1,1,1,1
1,1,0.7940944,1,1,1,1,1,1,1
1,1,0.7851385,1,1,1,1,1,1,1
1,1,0.7761825,1,1,1,1,1,1,1
1,1,0.7672265,1,1,1,1,1,1,1
1,1,0.7582675,1,1,1,1,1,1,1
1,1,0.7493085,1,1,1,1,1,1,1
1,1,0.7403495,1,1,1,1,1,1,1
1,1,0.7313876,1,1,1,1,1,1,1
1,1,0.7224257,1,1,1,1,1,1,1
1,1,0.7134608,1,1,1,1,1,1,1
1,1,0.7044961,1,1,1,1,1,1,1
1,1,0.6955284,1,1,1,1,1,1,1
1,1,0.6865608,1,1,1,1,1,1,1
1,1,0.6775932,1,1,1,1,1,1,1
1,1,0.6686228,1,1,1,1,1,1,1
1,1,0.6596525,1,1,1,1,1,1,1
1,1,0.6506792,1,1,1,1,1,1,1
1,1,0.6417062,1,1,1,1,1,1,1
1,1,0.6327302,1,1,1,1,1,1,1
1,1,0.6237544,1,1,1,1,1,1,1
1,1,0.6147758,1,1,1,1,1,1,1
1,1,0.6057972,1,1,1,1,1,1,1
1,1,0.5968158,1,1,1,1,1,1,1
1,1,0.5878345,1,1,1,1,1,1,1
1,1,0.5788504,1,1,1,1,1,1,1
1,1,1,1,1,1,1,1,1,1
1,1,1,1,1,1,1,1,1,1
1,1,1,1,1,1,1,1,1,1
1,1,1,1,1,1,1,1,1,1
1,1,1,1,1,1,1,1,1,1
1,1,1,1,1,1,1,1,1,1
1,1,1,1,1,1,1,1,1,1
1,1,1,1,1,1,1,1,1,1
1,1,1,1,1,1,1,0.9977294,1,1
1,1,1,1,1,1,1,0.9865982,1,1
1,0.5250782,1,1,1,1,1,0.9822038,1,2
1,0.5136269,1,1,1,1,1,0.9758571,1,2
1,0.5023561,1,1,1,1,1,0.9695651,1,2
1,0.4912547,1,1,1,1,1,0.9633257,1,2
1,0.4803156,1,1,1,1,1,0.9571334,1,2
1,0.4695317,1,1,1,1,1,0.9509862,1,2
1,0.4588962,1,1,1,1,1,0.944882,1,2
1,0.4484026,1,1,1,1,1,0.9388189,1,2
1,0.438041,1,1,1,1,1,0.9327918,1,2
1,0.4278057,1,1,1,1,1,0.9267988,1,2
1,0.4176907,1,1,1,1,1,0.9208385,1,2
1,0.4076872,1,1,1,1,1,0.914906,1,2
1,0.39779,1,1,1,1,1,0.9090002,1,2
1,0.387994,1,1,1,1,1,0.9031168,1,2
1,0.3782943,1,1,1,1,1,0.8972579,1,2
1,0.3686832,1,1,1,1,1,0.8914195,1,1
1,0.3591564,1,1,1,1,1,0.8855981,1,1
1,0.372581,1,1,1,1,1,0.8797932,1,1
1,0.3931403,1,1,1,1,1,0.8740458,1,1
0.4310609,0.4134504,1,1,1,1,1,0.8683625,1,2
0.4125164,0.4568387,1,1,1,1,1,0.8607518,1,2
0.3952203,1,1,1,1,1,1,0.853423,1,2
0.3808277,1,1,1,1,1,1,0.8468202,1,2
0.366841,1,1,1,1,1,1,0.8402451,1,2
0.3532426,1,1,1,1,1,1,0.8336976,1,2
0.3400227,1,1,1,1,1,1,0.8271734,1,2
0.3271669,1,1,1,1,1,1,0.8206674,1,2
0.3146571,1,1,1,1,1,1,0.8141807,1,2
0.3024829,1,1,1,1,1,1,0.8077049,1,2
0.3151921,1,1,1,1,1,1,0.8012401,1,2
0.3297088,1,1,1,1,1,1,0.794794,1,2
0.3443077,1,1,1,1,1,1,0.788354,1,2
0.3589384,1,1,1,1,1,1,0.7819096,1,2
0.373549,1,1,1,1,1,1,0.7754522,1,2
0.3880883,1,1,1,1,1,1,0.7689761,1,2
0.402505,1,1,1,1,1,1,0.7624772,1,1
0.4167493,1,1,1,1,1,1,0.7559539,1,1
1,1,1,1,1,1,1,0.7494056,1,0
1,1,1,1,1,1,1,0.7427448,1,0
1,1,1,1,1,1,1,0.7362495,1,0
1,1,1,1,1,1,1,0.7299243,1,0
1,1,1,1,1,1,1,0.7237792,1,0
1,1,1,1,1,1,1,0.7178214,1,0
1,1,1,1,1,1,1,0.7120546,1,0
1,1,1,1,1,1,1,0.7064884,1,0
1,1,1,1,1,1,1,0.701126,1,0
1,1,1,1,1,1,1,0.6959766,1,0
1,1,1,1,1,1,1,0.6910427,1,0
1,1,1,1,1,1,1,0.68633,1,0
1,1,1,1,1,1,1,0.6818407,1,0
1,1,1,1,1,1,1,1,1,1
1,1,1,1,1,1,1,1,1,1
1,1,1,1,1,1,1,1,1,1
1,1,1,1,1,1,1,1,0.6869472,0
1,1,1,1,1,1,1,1,0.6788363,0
1,1,1,1,1,1,1,1,0.6709377,0
1,1,1,1,1,1,1,1,0.663259,0
1,1,1,1,1,1,1,1,0.6558138,0
1,1,1,1,1,1,1,1,0.648612,0
1,1,1,1,1,1,1,1,0.6416633,0
1,1,1,1,1,1,1,1,0.63498,0
1,1,1,1,1,1,1,1,0.6285678,0
1,1,1,1,1,1,1,1,0.6224412,0
1,1,1,1,1,1,1,1,0.6166053,0
1,1,1,1,1,1,1,1,0.6110676,0
1,1,1,1,1,1,1,1,0.6058382,0
1,1,1,1,1,1,1,1,0.6009241,0
1,1,1,1,1,1,1,1,0.7257307,0
1,1,1,1,1,1,1,1,1,1
1,1,1,1,1,1,1,1,1,1
1,1,1,1,1,1,1,1,1,1
1,1,1,1,1,1,1,1,1,1
1,1,1,1,1,1,1,1,1,1
1,1,1,1,1,1,1,1,1,1
1,1,1,1,1,1,1,1,1,1
1,1,1,1,1,1,1,1,1,1
1,1,1,1,1,1,1,1,1,1
1,1,1,1,1,1,1,1,1,1
1,1,1,1,1,1,1,1,1,1
1,1,1,1,1,1,1,1,1,1
1,1,1,1,1,1,1,1,1,1
1,1,1,1,1,1,1,1,1,1
1,1,1,1,1,1,1,1,1,1
1,1,1,1,1,1,1,1,1,1
1,1,1,1,1,1,1,1,1,1
1,1,1,1,1,1,1,1,1,1
1,1,1,1,1,1,1,1,1,1
1,1,1,1,1,1,1,1,1,1
1,1,1,1,1,1,1,1,1,1
1,1,1,1,1,1,1,1,1,1
1,1,1,1,1,1,1,1,1,1
1,1,1,1,1,1,1,1,1,1
1,1,1,1,1,1,1,1,1,1
1,1,1,1,1,1,1,1,1,1
1,1,1,1,1,1,1,1,1,1
1,1,1,1,1,1,1,1,1,1
1,1,1,1,1,1,1,1,1,1
1,1,1,1,1,1,1,1,1,1
1,1,1,1,1,1,1,1,1,1
1,1,1,1,1,1,1,1,1,1
1,1,1,1,1,1,1,1,1,1
1,1,1,1,1,1,1,1,1,1
1,1,1,1,1,1,1,1,1,1
1,1,1,1,1,1,1,1,1,1
1,1,1,1,1,1,1,1,1,1
1,1,1,1,1,1,1,1,1,1
1,1,1,1,1,1,1,1,1,1
1,1,1,1,1,1,1,1,1,1
1,1,1,1,1,1,1,1,1,1
1,1,1,1,1,1,1,1,1,1
1,1,1,1,1,1,1,1,1,1
1,1,1,1,1,1,1,1,1,1
1,1,1,1,1,1,1,1,1,1
1,1,1,1,1,1,1,1,1,1
1,1,1,1,1,1,1,1,1,1
1,1,1,1,1,1,1,1,1,1
1,1,1,1,1,1,1,1,1,1
1,1,1,1,1,1,1,1,1,1
1,1,1,1,1,1,1,1,1,1
1,1,1,1,1,1,1,1,1,1
1,1,1,1,1,1,1,1,1,1
1,1,1,1,1,1,1,1,1,1
1,1,1,1,1,1,1,1,1,1
1,1,1,1,1,1,1,1,1,1
1,1,1,1,1,1,1,1,1,1
1,1,1,1,1,1,1,1,1,1
1,1,1,1,1,1,1,1,1,1
1,1,1,1,1,1,1,0.9742994,1,1
1,1,1,0.9990484,1,1,1,0.9442679,1,1
1,1,1,0.9918841,1,1,1,0.9114402,1,1
1,1,1,0.9925576,1,1,1,0.875814,1,0
1,1,1,1,1,1,1,0.8377408,1,0
1,1,1,1,1,1,1,0.8061096,1,0
1,1,1,1,1,1,1,0.8050909,1,0
1,1,1,1,1,1,1,0.804197,1,0
1,1,1,1,0.958052,1,1,0.803424,1,0
1,1,1,1,0.9456162,1,1,0.8029609,1,0
1,1,1,1,0.9332432,1,1,0.8026799,1,0
1,1,1,1,0.920939,1,1,0.8025794,1,0
1,1,1,1,0.9087089,1,1,0.8026606,1,0
1,1,1,1,0.896561,1,1,0.8029207,1,0
1,1,1,1,0.8844983,1,1,0.803357,1,0
1,1,1,1,0.8725207,1,1,0.8039696,1,0
1,1,1,1,0.8606364,1,1,0.8047514,1,0
1,1,1,1,0.848843,1,1,0.8057017,1,0
1,1,1,1,0.8371442,1,1,0.8068164,1,0
1,1,1,1,0.8255364,1,1,0.8080909,1,0
1,1,1,1,0.8140215,1,1,0.8095205,1,0
1,1,1,1,0.8026012,1,1,0.8110964,1,0
1,1,1,1,0.7912732,1,1,0.8128166,1,0
1,1,1,1,0.7800317,1,1,0.8146724,1,0
1,1,1,1,0.7688798,1,1,0.8166577,1,0
1,1,1,1,0.7578111,1,1,0.8187671,0.9377366,0
1,1,1,1,0.7465234,0.7790056,1,0.8223163,0.7568257,0
1,1,1,1,0.8239049,0.7633027,1,0.8315744,0.7072598,0
0.9982266,1,1,1,1,0.7481126,1,0.8417025,0.7082716,0
0.9914826,0.9853415,1,1,1,0.7335028,1,0.8524631,0.7097489,0
0.9854876,0.9678727,1,1,1,0.7195758,1,1,0.7115518,0
0.9817227,0.9565853,1,1,1,0.7070249,1,1,0.7128579,0
0.9782212,0.9461087,1,1,1,0.6947635,1,1,0.7143246,0
0.9749566,0.9363703,1,1,1,0.6827636,1,1,0.7159317,0
0.9719051,0.9273053,1,1,1,0.6709968,1,1,0.7176605,0
0.9690417,0.9188522,1,1,1,0.6594374,1,1,0.7194964,0
0.9663504,0.9109628,1,1,1,0.6480655,1,1,0.7214194,0
0.9638138,0.9035912,1,1,1,0.6368601,1,1,0.7234139,0
0.9614129,0.8966915,1,1,1,0.6645864,1,1,0.7254684,0
0.959195,0.8904093,1,1,1,0.7034751,1,1,0.7275115,0
0.9571472,0.8847162,1,1,1,0.7433961,1,1,0.7295194,0
0.955247,0.879547,1,1,1,1,0.6373346,1,0.7314817,0
1,1,1,1,1,1,1,1,1,1
1,1,1,1,1,1,1,1,1,1
1,1,1,1,1,1,1,1,1,1
1,1,1,1,1,1,1,1,1,1
1,1,1,1,1,1,1,1,1,1
1,1,1,1,1,1,1,1,1,1
1,1,1,1,1,1,1,1,1,1
1,1,1,1,1,1,1,1,1,1
1,1,1,1,1,1,1,1,1,1
1,1,1,1,1,1,1,1,1,1
1,1,1,1,1,1,1,1,1,1
1,1,1,1,1,1,1,1,1,1
1,1,1,1,1,1,1,1,1,1
1,1,1,1,1,1,1,1,1,1
1,1,1,1,1,1,1,1,1,1
1,1,1,1,1,1,1,1,1,1
1,1,1,1,1,1,1,1,1,1
1,1,1,1,1,1,1,1,1,1
1,1,1,1,1,1,1,1,1,1
1,1,1,1,1,1,1,1,1,1
1,1,1,1,1,1,1,1,1,1
1,1,1,1,1,1,1,1,1,1
1,1,1,1,1,1,1,1,1,1
1,1,1,1,1,1,1,1,1,1
1,1,1,1,1,1,1,1,1,1
1,1,1,1,1,1,1,1,1,1
1,1,1,1,1,1,1,1,1,1
1,1,1,1,1,1,1,1,1,1
1,1,1,1,1,1,1,1,1,1
1,1,1,1,1,1,1,1,1,1
1,1,1,1,1,1,1,1,1,1
1,1,1,1,1,1,1,1,1,1
1,1,1,1,1,1,1,1,1,1
1,1,1,1,1,1,1,1,1,1
1,1,1,1,1,1,1,1,1,1
1,1,1,1,1,1,1,1,1,1
1,1,1,1,1,1,1,1,1,1
1,1,1,1,1,1,1,1,1,1
1,1,1,1,1,1,1,1,1,1
1,1,1,1,1,1,1,1,1,1
1,1,1,1,1,1,1,1,1,1
1,1,1,1,1,1,1,1,1,1
1,1,1,1,1,1,1,1,1,1
1,1,1,1,1,1,1,1,1,1
1,1,1,1,1,1,1,1,1,1
1,1,1,1,1,1,1,1,1,1
1,1,1,1,1,1,1,1,1,1
1,1,1,1,1,1,1,1,1,1
1,1,1,1,1,1,1,1,1,1
1,1,1,1,1,1,1,1,1,1
1,1,1,1,1,1,1,1,1,1
1,1,1,1,1,1,1,1,1,1
1,1,1,1,1,1,1,1,1,1
1,1,1,1,1,1,1,1,1,1
1,1,1,1,1,1,1,1,1,1
1,1,1,1,1,1,1,1,1,1
1,1,1,1,1,1,1,1,1,1
1,1,1,1,1,1,1,1,1,1
1,1,1,1,1,1,1,1,1,1
1,1,1,1,1,1,1,1,1,1
1,1,1,1,1,1,1,1,1,1
1,1,1,1,1,1,1,1,1,1
1,1,1,1,1,1,1,1,1,1
1,1,1,1,1,1,1,1,1,1
1,1,1,1,1,1,1,1,1,1
1,1,1,1,1,1,1,1,1,1
1,1,1,1,1,1,1,1,1,1
1,1,1,1,1,1,1,1,1,1
1,1,1,1,1,1,1,1,1,1
1,1,1,1,1,1,1,1,1,1
1,1,1,1,1,1,1,1,1,1
1,1,1,1,1,1,1,1,1,1
1,1,1,1,1,1,1,1,1,1
1,1,1,1,1,1,1,1,1,1
1,1,1,1,1,1,1,1,1,1
1,1,1,1,1,1,1,1,1,1
1,1,1,1,1,1,1,1,1,1
1,1,1,1,1,1,1,1,1,1
1,1,1,1,1,1,1,1,1,1
1,1,1,1,1,1,1,1,1,1
1,1,1,1,1,1,1,1,1,1
1,1,1,1,1,1,1,1,1,1
1,1,1,1,1,1,1,1,1,1
1,1,1,1,1,1,1,1,1,1
1,1,1,1,1,1,1,1,1,1
1,1,1,1,1,1,1,1,1,1
1,1,1,1,1,1,1,1,1,1
1,1,1,1,1,1,1,1,1,1
1,1,1,1,1,1,1,1,1,1
1,1,1,1,1,1,1,1,1,1
1,1,1,1,1,1,1,1,1,1
1,1,1,1,1,1,1,1,1,1
1,1,1,1,1,1,1,1,1,1
1,1,1,1,1,1,1,1,1,1
1,1,1,1,1,1,1,1,1,1
1,1,1,1,1,1,1,1,1,1
1,1,1,1,1,1,1,1,1,1
1,1,1,1,1,1,1,1,1,1
1,1,1,1,1,1,1,1,1,1
1,1,1,1,1,1,1,1,1,1
1,1,1,1,1,1,1,1,1,1
1,1,1,1,1,1,1,1,1,1
1,1,1,1,1,1,1,1,1,1
1,1,1,1,1,1,1,1,1,1
1,1,1,1,1,1,1,1,1,1
1,1,1,1,1,1,1,1,1,1
1,1,1,1,1,1,1,1,1,1
1,1,1,1,1,1,1,1,1,1
1,1,1,1,1,1,1,1,1,1
1,1,1,1,1,1,1,1,1,1
1,1,1,1,1,1,1,1,1,1
1,1,1,1,1,1,1,1,0.9907616,1
1,1,1,1,1,1,1,1,0.9908641,1
1,1,1,1,1,1,1,1,0.9909687,1
1,1,1,1,1,1,1,1,0.9910787,1
1,1,1,1,1,1,1,1,0.9911908,1
1,1,1,1,1,1,1,1,0.9913051,1
1,1,1,1,1,1,1,1,0.9914214,1
1,1,1,1,1,1,1,1,0.9915397,1
1,1,1,1,1,1,1,1,0.9916599,1
1,1,1,1,1,1,1,1,0.9917824,1
1,1,1,1,1,1,1,1,0.9919098,1
1,1,1,1,1,1,1,1,0.9920391,1
1,1,1,1,1,1,1,1,0.9921702,1
1,1,1,1,1,1,1,1,0.9923033,1
1,1,1,1,1,1,1,1,0.9924381,1
1,1,1,1,1,1,1,1,0.9925748,1
1,1,1,1,1,1,1,1,0.9927133,1
1,1,1,1,1,1,1,1,0.9928533,1
1,1,1,1,1,1,1,1,0.9929954,1
1,1,1,1,1,1,1,1,0.9931389,1
1,1,1,1,1,1,1,1,0.993281,1
1,1,1,1,1,1,1,1,0.9934249,1
1,1,1,1,1,1,1,1,0.9935702,1
1,1,1,1,1,1,1,1,0.9937175,1
1,1,1,1,1,1,1,1,0.9938661,1
1,1,1,1,1,1,1,1,0.9940165,1
1,1,1,1,1,1,1,1,0.9941684,1
1,1,1,1,1,1,1,1,0.9943186,1
1,1,1,1,1,1,1,1,1,1
1,1,1,1,1,1,1,1,1,1
1,1,1,1,1,1,1,1,1,1
1,1,1,1,1,1,1,1,1,1
1,1,1,1,1,1,1,1,1,1
1,1,1,1,1,1,1,1,1,1
1,1,1,1,1,1,1,1,1,1
1,1,1,1,1,1,1,1,1,1
1,1,1,1,1,1,1,1,1,1
1,1,1,1,1,1,1,1,1,1
1,1,1,1,1,1,1,1,1,1
1,1,1,1,1,1,1,1,1,1
1,1,1,1,1,1,1,1,1,1
1,1,1,1,1,1,1,1,1,1
1,1,1,1,1,1,1,1,1,1
1,1,1,1,1,1,1,1,1,1
1,1,1,1,1,1,1,1,1,1
1,1,1,1,1,1,1,1,1,1
1,1,1,1,1,1,1,1,1,1
1,1,1,1,1,1,1,1,1,1
1,1,1,1,1,1,1,1,1,1
1,1,1,1,1,1,1,1,1,1
1,1,1,1,1,1,1,1,1,1
1,1,1,1,1,1,1,1,1,1
1,1,1,1,1,1,1,1,1,1
1,1,1,1,1,1,1,1,1,1
1,1,1,1,1,1,1,1,1,1
1,1,1,1,1,1,1,1,1,1
1,1,1,1,1,1,1,1,1,1
1,1,1,1,1,1,1,1,1,1
1,1,1,1,1,1,1,1,1,1
1,1,1,1,1,1,1,1,1,1
1,1,1,1,1,1,1,1,1,1
1,1,1,1,1,1,1,1,1,1
1,1,1,1,1,1,1,1,1,1
1,1,1,1,1,1,1,1,1,1
1,1,1,1,1,1,1,1,1,1
1,1,1,1,1,1,1,1,1,1
1,1,1,1,1,1,1,1,1,1
1,1,1,1,1,1,1,1,1,1
1,1,1,1,1,1,1,1,1,1
1,1,1,1,1,1,1,1,1,1
1,1,1,1,1,1,1,1,1,1
1,1,1,1,1,1,1,1,1,1
1,1,1,1,1,1,1,1,1,1
1,1,1,1,1,1,1,1,1,1
1,1,1,1,1,1,1,1,1,1
1,1,1,1,1,1,1,1,1,1
1,1,1,1,1,1,1,1,1,1
1,1,1,1,1,1,1,1,1,1
1,1,1,1,0.9936482,1,1,1,1,1
1,1,1,1,0.9836472,1,1,1,1,1
1,1,1,0.9901603,0.9736462,1,1,1,1,1
1,1,1,0.9799744,0.9636445,1,1,1,1,1
1,1,1,0.9697741,0.9536422,1,1,1,1,1
1,1,1,0.9595604,0.9436393,1,1,1,1,1
1,1,1,0.9493335,0.933636,1,1,1,1,1
1,1,1,0.9390942,0.9236323,1,1,1,1,1
1,1,1,0.9288432,0.9136282,1,1,1,1,1
1,1,1,0.9185812,0.9036241,1,1,1,1,1
1,1,1,0.908309,0.8936198,1,1,1,1,1
1,1,1,0.8980273,0.8836158,1,1,1,1,1
1,1,1,0.8877372,0.8736119,1,1,1,1,1
1,1,1,0.8774391,0.8636085,1,1,1,1,1
1,1,1,0.8671343,0.8536056,1,1,1,1,1
1,1,1,0.8568233,0.8436033,1,1,1,1,1
1,1,1,0.8465073,0.8336021,1,1,1,1,1
1,1,1,0.8361868,0.8236016,1,1,1,1,1
1,1,1,0.825863,0.8136023,1,1,1,1,1
1,1,1,0.8155364,0.8036043,1,1,1,1,1
1,1,1,0.8052082,0.7936077,1,1,1,1,1
1,1,1,0.794879,0.7836124,1,1,1,1,1
1,1,1,0.7845496,0.7736186,1,1,1,1,1
1,1,1,0.7742207,0.7636265,1,1,1,1,1
1,1,1,0.7638932,0.753636,1,1,1,1,1
1,1,0.8160804,0.7535676,0.7436472,1,1,1,1,2
1,1,0.8034018,0.7428678,0.7336975,1,1,1,1,2
1,1,0.7907427,0.732184,0.723765,1,1,1,1,2
1,1,0.7781124,0.7215195,0.7138501,1,1,1,1,2
1,1,0.7655227,0.7108804,0.7039559,1,1,1,1,2
1,1,0.752978,0.7002665,0.6940794,1,0.9964896,1,1,2
1,1,0.7405092,0.689689,0.6842212,1,0.9855353,1,1,2
1,1,0.7281629,0.6791614,0.6743757,1,0.974995,1,1,2
1,1,0.7159357,0.6686808,0.6645404,1,0.9648637,1,1,2
1,1,0.7038199,0.6582419,1,1,0.9551343,1,1,2
1,1,0.6915921,0.6477847,1,1,0.9443513,1,1,2
1,1,0.6794761,0.637374,1,1,0.9339155,1,1,2
1,1,0.6674653,0.6270044,1,1,0.923816,1,1,2
1,1,0.6555558,0.6166736,1,1,0.9140478,1,1,2
1,1,0.6437441,0.6063792,1,1,0.9045978,1,1,2
1,1,0.6320293,0.5961219,1,1,0.8954595,1,1,2
1,1,0.6204044,0.5858966,1,1,0.8866196,1,1,2
1,1,0.6088654,0.5757009,1,1,0.8780642,1,1,2
1,1,0.5974118,0.565536,1,1,0.8697859,1,1,1
1,1,0.5860363,0.5553967,1,1,0.8617767,1,1,1
1,1,0.5747352,0.5452812,1,1,0.854023,1,1,1
1,1,0.563508,0.5351907,1,1,0.846511,1,1,1
1,1,0.5523478,0.5251204,1,1,0.8392333,1,1,1
1,1,0.5412543,0.5150717,1,1,0.8321823,1,1,1
1,1,0.5302209,0.5050403,1,1,0.825345,1,1,1
1,1,0.5192443,0.4950246,1,1,0.8187089,1,1,1
1,1,0.5083213,0.4850234,1,1,0.8122672,1,1,1
1,1,0.4974522,0.4750386,1,1,0.8060082,1,1,1
1,1,0.4866308,0.465066,1,1,0.7999261,1,1,1
1,1,0.4758543,0.4551047,1,1,0.7940093,1,1,1
1,1,0.4651204,0.4451537,1,1,0.7882527,1,1,1
1,1,0.4544293,0.4352153,1,1,0.7826461,1,1,1
1,1,0.4437758,0.4252856,1,1,0.7771791,1,1,1
1,0.5548187,0.4331576,0.4153641,1,1,0.7718481,1,1,2
1,0.534802,0.4210884,0.4053745,1,1,0.7524531,1,1,2
1,0.515757,0.4093156,0.395498,1,1,0.7345991,1,1,2
1,0.4975843,0.397806,1,1,1,0.7181208,1,1,2
1,0.4800605,0.386501,1,1,1,0.7025222,1,1,2
1,0.4631566,0.3753916,1,1,1,0.6877691,1,1,2
1,0.4468234,0.3644596,1,1,1,0.6738002,1,1,2
1,0.4310178,0.3536904,1,1,1,0.6605521,1,1,2
1,0.4157023,0.3430735,1,1,1,0.6479699,1,1,2
1,0.4008351,0.3325929,1,1,1,0.6360019,1,1,2
1,0.3863799,0.3222366,1,1,1,0.6245959,1,1,2
1,0.3723035,0.3119938,1,1,1,0.6137072,1,1,2
1,0.3585749,0.3018543,1,1,1,0.6032903,1,1,2
1,0.3451656,0.291809,1,1,1,0.5933084,1,1,2
1,0.3320491,0.2818497,1,1,1,0.5837228,1,1,2
1,0.3191977,0.2719657,1,1,1,0.5745026,1,1,2
0.4767376,0.3065895,0.2621506,1,1,1,0.5656155,1,1,2
0.4452324,0.2917284,0.3403567,1,1,1,0.5486177,1,1,2
0.4159159,0.2774397,0.475019,1,1,1,0.5369305,1,1,2
0.388578,0.2636929,1,1,1,1,0.5351932,1,1,2
0.3630304,0.2504565,1,1,1,1,0.5337353,1,1,2
0.3391349,0.2377087,1,1,1,1,0.5325344,1,1,2
0.3168049,0.2254411,1,1,1,0.6298186,0.5315028,1,1,2
0.2988973,0.2144298,1,1,1,0.6124421,0.5246432,1,1,2
0.2817917,0.2036716,1,1,1,0.5961065,0.5172571,1,1,2
0.265407,0.1931447,1,1,1,0.5807153,0.509325,1,1,2
0.2496647,0.1873874,1,1,1,0.5661801,0.5008298,1,1,2
0.2345074,0.2039122,1,1,1,0.5524765,0.491709,1,1,2
0.2199485,0.2206988,1,1,1,0.5397593,0.4817455,1,1,2
0.2058895,0.2376232,1,1,1,0.5279097,0.4709674,1,1,2
0.192257,0.2545609,1,1,1,0.5168269,0.4594278,1,1,2
0.1789736,0.2713901,1,1,1,0.5064245,0.4471712,1,1,1
0.1659835,0.2880042,1,1,1,0.4966238,0.4342633,1,1,1
0.1532288,0.3042972,1,1,1,0.4873614,0.4207632,1,1,1
0.1555999,0.3201832,1,1,1,0.478577,0.4067381,1,1,1
0.162718,0.3351657,1,1,1,0.4704778,0.3920024,1,1,1
0.1696376,0.3490443,1,1,1,0.4630578,0.3765957,1,1,1
0.1763379,0.3617685,1,1,1,0.4562433,0.3606474,1,1,1
0.1828066,0.373329,1,1,1,0.4499682,0.3518474,1,1,1
0.189091,0.3840249,1,1,1,0.444028,0.3466334,1,1,1
0.1952122,0.3940178,1,1,1,0.4383194,0.3415415,1,1,1
0.2011768,0.4033582,1,1,1,0.4328075,0.3365552,1,1,0
0.2069832,0.4120794,1,1,1,0.4274729,0.3316681,1,1,0
0.2126385,0.4202319,1,1,1,0.4222897,0.3268682,1,1,0
0.2181457,1,1,1,1,0.4172405,0.3221487,1,1,0
0.2215783,1,1,1,1,1,0.319769,1,1,1
0.228137,1,1,1,1,1,0.3135791,1,1,1
0.2346262,1,1,1,1,1,0.3075031,1,1,1
0.2410382,1,1,1,1,1,0.301532,0.9858978,0.9988322,1
0.2472161,1,1,1,1,1,0.295807,0.9428908,0.9939995,1
0.2528189,1,1,1,1,1,0.2906273,0.8906706,0.9886867,0
0.2577255,1,1,1,1,1,0.2860643,0.3786835,0.9828905,0
0.2587699,1,1,1,1,1,0.28525,0.3102523,0.9742802,0
0.2596388,1,1,1,1,1,0.284787,0.2521227,0.9663594,0
0.2603484,1,1,1,1,1,0.2846873,0.2222976,0.9591088,0
0.2609056,1,1,1,1,1,0.2849727,0.2197583,0.9868373,0
0.2613162,1,1,1,1,1,0.2856682,0.2174883,1,0
0.2615895,1,1,1,1,1,0.2867971,0.2154895,1,0
0.2617296,1,1,1,1,1,1,0.213768,1,0
0.26465,1,1,1,1,1,1,0.2107928,1,0
0.2674903,1,1,1,1,1,1,0.2078666,1,0
0.270249,1,1,1,1,1,1,0.2049922,1,0
0.2729282,1,1,1,1,1,1,0.2021691,0.1869729,0
0.272678,1,1,1,1,1,1,0.2009164,0.184034,0
0.2723193,1,1,1,1,1,1,0.1999516,0.18138,0
0.2718571,1,1,1,1,1,1,0.1992806,0.1790073,0
0.2712925,1,1,1,1,1,1,0.1989141,0.1769158,0
0.2706294,1,0.9515818,1,1,1,1,0.1988605,0.1751034,0
0.269868,1,0.8824081,1,1,1,1,0.1991328,0.1735715,0
0.2690147,1,0.8230826,1,1,1,1,0.8168085,0.1723162,0
0.269309,1,0.7974363,1,1,1,1,0.8205879,0.1710407,0
0.2695979,1,0.7750835,1,1,1,1,0.8242922,0.1698731,0
0.2698789,1,0.7656804,1,1,1,1,0.8279101,0.1688049,0
0.2701362,1,0.7575358,1,1,1,1,0.831503,0.1678309,0
0.270368,1,0.7492811,1,1,1,1,0.8350636,0.1669467,0
0.2705777,1,0.7409087,1,1,1,1,0.8385733,0.1661443,0
1,1,0.7324123,1,1,1,1,0.8420175,0.7007987,0
1,1,0.7255321,1,1,1,1,0.8493773,0.7017411,0
1,1,0.7185394,1,1,1,1,0.8568261,0.7028736,0
1,1,0.7114159,1,1,1,1,0.8643292,0.7041759,0
1,1,0.7041422,1,1,1,1,0.8718477,0.7056249,0
1,1,0.6967045,1,1,1,1,0.8793441,0.707199,0
1,1,0.6890875,1,1,1,1,0.8867776,0.7088736,0
1,1,0.6812784,1,1,1,1,0.8941164,0.9674824,1
1,1,0.670041,1,1,1,1,0.8934067,0.9304913,1
1,1,0.6592143,1,1,1,1,0.8936923,0.8886431,1
1,1,0.6488248,1,1,1,1,0.8951089,0.8421296,1
1,1,0.6388975,1,1,1,1,0.8977948,0.7914549,0
1,1,0.6294538,1,1,1,1,0.9018865,0.7374355,0
1,1,0.6205084,1,1,1,1,0.9075198,0.7157338,0
1,1,0.6116545,1,1,1,1,0.9136796,0.717441,0
1,1,0.6025972,1,1,1,1,1,0.7191473,1
1,1,0.5925844,1,1,1,1,1,0.720269,1
1,1,0.5824554,1,1,1,1,1,0.7213761,1
1,1,0.5722088,1,1,1,1,1,0.7224632,1
1,1,0.5618508,1,1,1,1,1,0.7235216,1
1,1,0.551381,1,1,1,1,1,0.7245498,1
1,1,0.5408031,1,1,1,1,1,0.7255431,1
1,1,0.5301244,1,1,1,1,1,0.7264971,1
1,1,0.519346,1,1,1,1,1,0.7274079,1
1,1,0.5084729,1,1,1,1,1,0.7282717,1
1,1,0.49751,1,1,1,1,1,0.7290854,1
1,1,0.4953149,1,1,1,1,1,0.7298459,1
1,1,0.4933976,1,1,1,1,1,0.7305948,1
1,1,0.4915541,1,1,1,1,1,0.7313303,1
1,1,0.4897734,1,1,1,1,1,0.7320566,1
1,1,0.4880577,1,1,1,1,1,0.7327709,1
1,1,0.4864026,1,1,1,1,1,0.733474,1
1,1,0.4848107,1,1,1,1,1,0.734163,1
1,1,0.483278,1,1,1,1,1,0.7348391,1
1,1,0.4817945,1,1,1,1,1,0.7355057,1
1,1,0.48037,1,1,1,1,1,0.7361573,1
1,0.551042,0.4789944,1,1,1,1,1,0.7367975,2
1,0.5239812,0.4918489,1,1,1,1,1,0.7337142,2
1,0.4980381,0.5059265,1,1,1,1,1,0.7306647,2
1,0.4731832,0.5212801,1,1,1,1,1,0.7276589,2
1,0.4493769,0.5379582,1,1,1,1,1,0.7247054,2
1,0.4265725,1,1,1,1,1,1,0.7218149,2
1,0.4081617,1,1,1,1,1,1,0.7203541,2
1,0.3898852,1,1,1,1,1,1,0.7187935,2
1,0.3717742,1,1,1,1,1,1,0.7171374,2
1,0.3538561,1,1,1,1,1,1,0.7153931,2
1,0.3361546,1,1,1,1,1,1,0.7135677,2
1,0.3186944,1,1,1,1,1,1,0.7116681,2
1,0.3196415,1,1,1,1,1,1,0.7097033,2
1,0.3234592,1,1,1,1,1,1,0.707752,2
1,0.327356,1,1,1,1,1,1,0.7058211,2
1,0.331321,1,1,1,1,1,1,0.7039081,2
0.4751359,0.3353472,1,1,1,1,1,1,0.7020087,2
0.4244085,0.3447061,1,1,1,1,1,1,0.6985768,2
0.378879,0.3549656,1,1,1,1,1,1,0.6952613,2
0.3377913,0.3662009,1,1,1,1,1,1,0.6920576,2
0.3005237,0.3784915,1,1,1,1,1,1,0.6889646,2
0.2707912,0.3919378,1,1,1,1,1,1,0.6859751,2
0.2763674,0.4066435,1,1,1,1,1,1,0.6830882,2
0.2824241,1,1,1,1,1,1,1,0.6803032,2
0.2875196,1,1,1,1,1,1,1,0.6776565,2
0.2927923,1,1,1,1,1,1,1,0.6749967,2
0.2982313,1,1,1,1,1,1,1,0.6723164,2
0.3038252,1,1,1,1,1,1,1,0.6696092,2
0.3095661,1,1,1,1,1,1,1,0.666866,2
0.3154453,1,1,1,1,1,1,1,0.6640787,2
0.3214464,1,1,1,1,1,1,1,0.6612458,2
0.3275639,1,1,1,1,1,1,1,0.6583573,2
0.3337803,1,1,1,1,1,1,1,0.655413,2
0.3400857,1,1,1,1,1,1,1,0.6524073,2
0.3464696,1,1,1,1,1,1,1,0.6493355,2
1,1,1,1,1,1,1,1,0.646196,0
1,1,1,1,1,1,1,1,0.6416765,0
1,1,1,1,1,1,1,1,0.6374388,0
1,1,1,1,1,1,1,1,0.633489,0
1,1,1,1,1,1,1,1,0.6298329,0
1,1,1,1,1,1,1,1,0.626473,0
1,1,1,1,1,1,1,1,0.6234146,0
1,1,1,1,1,1,1,1,1,1
1,1,1,1,1,1,1,1,1,1
1,1,1,1,1,1,1,1,1,1
1,1,1,1,1,1,1,1,1,1
1,1,1,1,1,1,1,1,1,1
1,1,1,1,1,1,1,1,1,1
1,1,1,1,1,1,1,1,1,1
1,1,1,1,1,1,1,1,1,1
1,1,1,1,1,1,1,1,1,1
1,1,1,1,1,1,1,1,1,1
1,1,1,1,1,1,1,1,1,1
1,1,1,1,1,1,1,1,1,1
1,1,1,1,1,1,1,1,1,1
1,1,1,1,1,1,1,1,1,1
1,1,1,1,1,1,1,1,1,1
1,1,1,1,1,1,1,1,1,1
1,1,1,1,1,1,1,1,1,1
1,1,1,1,1,1,1,1,1,1
1,1,1,1,1,1,1,1,1,1
1,1,1,1,1,1,1,1,1,1
1,1,1,1,1,1,1,1,1,1
1,1,1,1,1,1,1,1,1,1
1,1,1,1,1,1,1,1,1,1
1,1,1,1,1,1,1,1,1,1
1,1,1,1,1,1,1,1,1,1
1,1,1,1,1,1,1,1,1,1
1,1,1,1,1,1,1,1,1,1
1,1,1,1,1,1,1,1,1,1
1,1,1,1,1,1,1,1,1,1
1,1,1,1,1,1,1,1,1,1
1,1,1,1,1,1,1,1,1,1
1,1,1,1,1,1,1,1,1,1
1,1,1,1,1,1,1,1,1,1
1,1,1,1,1,1,1,1,1,1
1,1,1,1,1,1,1,1,1,1
1,1,1,1,1,1,1,1,1,1
1,1,1,1,1,1,1,1,1,1
1,1,1,1,1,1,1,1,1,1
1,1,1,1,1,1,1,1,1,1
1,1,1,1,1,1,1,1,1,1
1,1,1,1,1,1,1,1,1,1
0.9971973,1,1,1,1,1,1,1,1,1
0.9778808,1,1,1,1,1,1,1,1,1
0.9574251,1,1,1,1,1,1,1,1,1
0.9358562,1,1,1,1,1,1,1,1,1
0.9225327,1,1,1,1,1,1,1,1,1
0.9272035,1,1,1,1,1,1,1,1,1
0.9318293,1,1,1,1,1,1,1,1,1
0.9364087,1,1,1,1,1,1,1,1,1
0.9409369,1,1,1,1,1,1,1,1,1
0.9454123,1,1,1,1,1,1,1,1,1
0.9498307,1,1,1,1,1,1,1,1,1
0.9541911,1,1,1,1,1,1,1,1,1
0.9584893,1,1,1,1,1,1,1,1,1
0.962721,1,1,1,1,1,1,1,1,1
0.9668897,1,1,1,1,1,1,1,1,1
0.9709875,1,1,1,1,1,1,1,1,1
0.9750183,1,1,1,1,1,1,1,1,1
0.9789747,1,1,1,1,1,1,0.9801863,1,1
0.982383,1,1,1,1,1,1,0.9557813,1,1
0.9851308,1,1,1,1,1,1,0.9290616,1,1
0.9871638,1,1,1,1,1,1,0.9001039,1,1
0.9884393,1,1,1,1,1,1,0.8817822,1,1
0.9892277,1,1,1,1,1,1,0.8803185,1,0
0.9899381,1,1,1,1,1,1,0.8789372,1,0
0.9905754,1,1,1,1,1,1,0.8776371,1,0
1,1,1,1,1,1,1,0.8764201,1,0
1,1,1,1,1,1,1,0.8754169,1,0
1,1,1,1,1,1,1,0.8744909,1,0
1,1,1,1,1,1,1,0.8736411,1,0
1,1,1,1,1,1,1,0.8728672,1,0
1,1,1,1,1,1,1,0.8721684,1,0
1,1,1,1,1,1,1,1,1,1
1,1,1,1,1,1,1,1,1,1
1,1,1,1,1,1,1,1,1,1
1,1,1,1,1,1,1,1,1,1
1,1,1,1,1,1,1,1,1,1
1,1,1,1,1,1,1,1,1,1
1,1,1,1,1,1,1,1,1,1
1,1,1,1,1,1,1,1,1,1
1,1,1,1,1,1,1,1,1,1
1,1,1,1,1,1,1,1,1,1
1,1,1,1,1,1,1,1,1,1
1,1,1,1,1,1,1,1,1,1
1,1,1,1,1,1,1,1,1,1
1,1,1,1,1,1,1,1,1,1
1,1,1,1,1,1,1,1,1,1
1,1,1,1,1,1,1,1,1,1
1,1,1,1,1,1,1,1,1,1
1,1,1,1,1,1,1,1,1,1
1,1,1,1,1,1,1,1,1,1
1,1,1,1,1,1,1,1,1,1
1,1,1,1,1,1,1,1,1,1
1,1,1,1,1,1,1,1,1,1
1,1,1,1,1,1,1,1,1,1
1,1,1,1,1,1,1,1,1,1
1,1,1,1,1,1,1,1,1,1
1,1,1,1,1,1,1,1,0.7227381,0
1,1,1,1,1,1,1,1,0.7206635,0
1,1,1,1,1,1,1,1,1,1
1,1,1,1,1,1,1,1,1,1
1,1,1,1,1,1,1,1,1,1
1,1,1,1,1,1,1,1,1,1
1,1,1,1,1,1,1,1,1,1
1,1,1,1,1,1,1,1,1,1
1,1,1,1,1,1,1,1,1,1
1,1,1,1,1,1,1,1,1,1
1,1,0.9974951,1,1,1,1,1,1,1
1,1,0.9864403,1,1,1,1,1,1,1
1,1,0.975297,1,1,1,1,1,1,1
1,1,0.9640676,1,1,1,1,1,1,1
1,1,0.9527556,1,1,1,1,1,1,1
1,1,0.9413636,1,1,1,1,1,1,1
1,1,0.9298954,1,1,1,1,1,1,1
1,1,0.9183549,1,1,1,1,1,1,1
1,1,0.9067458,1,1,1,1,1,1,1
1,1,0.8950728,1,1,1,1,1,1,1
1,1,0.88334,1,1,1,1,1,1,1
1,1,0.8715522,1,1,1,1,1,1,1
1,1,0.8597177,1,1,1,1,1,1,1
1,1,0.856389,1,1,1,1,1,1,1
1,1,0.8615721,1,1,1,1,1,1,1
1,1,0.8666788,1,1,1,1,1,1,1
1,1,0.8717095,1,1,1,1,1,1,1
1,1,0.8766567,1,1,1,1,1,1,1
1,1,0.881513,1,1,1,1,1,1,1
1,1,0.8862871,1,1,1,1,1,1,1
1,1,0.8909723,1,1,1,1,1,1,1
1,1,0.8955685,1,1,1,1,1,1,1
1,1,0.9000772,1,1,1,1,1,1,1
1,1,0.904492,1,1,1,1,1,1,1
1,0.9892238,0.9088135,1,1,1,1,1,1,1
1,0.9723915,0.9137806,1,1,1,1,1,1,1
1,0.9551753,0.9198081,1,1,1,1,1,1,1
1,0.9376129,0.9269333,1,1,1,1,1,1,1
1,0.9197491,0.9351883,1,1,1,1,1,1,1
1,0.9016212,0.9446165,1,1,1,1,1,1,1
1,0.8832763,0.955249,1,1,1,1,1,1,2
1,0.8647569,0.9671367,1,1,1,1,1,1,2
1,0.8461059,0.980326,1,1,1,1,1,1,2
1,0.8273649,0.9948754,1,1,1,1,1,1,2
1,0.8085746,1,1,1,1,1,1,1,2
1,0.7896492,1,1,1,1,1,1,1,2
1,0.7705619,1,1,1,1,1,1,1,2
1,0.7513602,1,1,1,1,1,1,1,2
1,0.7320919,1,1,1,1,1,1,1,2
1,0.7127959,1,1,1,1,1,1,1,2
1,0.6935188,1,1,1,1,1,1,1,2
1,0.6743053,1,1,1,1,1,1,1,2
1,0.6551943,1,1,1,1,1,1,1,2
1,0.6362224,1,1,1,1,1,1,1,2
1,0.6174272,1,1,1,1,1,1,1,2
1,0.5988431,1,1,1,1,1,1,1,2
1,0.581076,1,1,1,1,1,1,1,2
1,0.5919813,1,1,1,1,1,1,1,2
1,0.6031052,1,1,1,1,1,1,1,2
0.9177469,0.6144277,1,1,1,1,1,1,1,2
0.8738839,0.6285028,1,1,1,1,1,1,1,2
0.8307015,0.6443473,1,1,1,1,1,1,1,2
0.7885609,0.6620968,1,1,1,1,1,1,1,2
0.7477583,0.6818877,1,1,1,1,1,1,1,2
0.7085263,0.703868,1,1,1,1,1,1,1,2
0.671024,0.7281808,1,1,1,1,1,1,1,2
0.6353538,0.7549812,1,1,1,1,1,1,1,2
0.6015584,0.7844199,1,1,1,1,1,1,1,2
0.5696409,0.81666,1,1,1,1,1,1,1,2
0.5395585,0.8518643,1,1,1,1,1,1,1,2
0.5185086,1,1,1,1,1,1,1,1,2
0.5300768,1,1,1,1,1,1,1,1,2
0.5420089,1,1,1,1,1,1,1,1,2
0.5542824,1,1,1,1,1,1,1,1,2
0.5668775,1,1,1,1,1,1,1,1,2
0.5797734,1,1,1,1,1,1,1,1,2
0.5929519,1,1,1,1,1,1,1,1,2
0.6063851,1,1,1,1,1,1,1,1,2
0.6200532,1,1,1,1,1,1,1,1,2
0.6339257,1,1,1,1,1,1,1,1,2
0.6479804,1,1,1,1,1,1,1,1,2
0.6621943,1,1,1,1,1,1,1,1,2
0.6765389,1,1,1,1,1,1,1,1,2
0.6909857,1,1,1,1,1,1,1,1,2
0.7055052,1,1,1,1,1,1,1,1,2
0.7200723,1,1,1,1,1,1,1,1,2
0.7346617,1,1,1,1,1,1,1,1,2
0.7492438,1,1,1,1,1,1,1,1,2
0.7637936,1,1,1,1,1,1,1,1,2
0.7782812,1,1,1,1,1,1,1,1,2
1,1,1,1,1,1,1,1,1,1
1,1,1,1,1,1,1,1,1,1
1,1,1,1,1,1,1,1,1,1
1,1,1,1,1,1,1,1,1,1
1,1,1,1,1,1,1,1,1,1
1,1,1,1,1,1,1,1,1,1
1,1,1,1,1,1,1,1,1,1
1,1,1,1,1,1,1,1,1,1
1,1,1,1,1,1,1,1,1,1
1,1,1,1,1,1,1,1,1,1
1,1,1,1,1,1,1,1,1,1
1,1,1,1,1,1,1,1,1,1
1,1,1,1,1,1,1,1,1,1
1,1,1,1,1,1,1,1,1,1
1,1,1,1,1,1,1,1,1,1
1,1,1,1,1,1,1,1,1,1
1,1,1,1,1,1,1,1,1,1
1,1,1,1,1,1,1,1,1,1
1,1,1,1,1,1,1,1,1,1
1,1,1,1,1,1,1,1,1,1
1,1,1,1,1,1,1,1,1,1
1,1,1,1,1,1,1,1,1,1
1,1,1,1,1,1,1,1,1,1
1,1,1,1,1,1,1,1,1,1
1,1,1,1,1,1,1,1,1,1
1,1,1,1,1,1,1,1,1,1
1,1,1,1,1,1,1,1,1,1
1,1,1,1,1,1,1,1,1,1
1,1,1,1,1,1,1,1,1,1
1,1,1,1,1,1,1,1,1,1
1,1,1,1,1,1,1,1,1,1
1,1,1,1,1,1,1,1,1,1
1,1,1,1,1,1,1,1,1,1
1,1,1,1,1,1,1,1,1,1
1,1,1,1,1,1,1,1,1,1
1,1,1,1,1,1,1,1,1,1
1,1,1,1,1,1,1,1,1,1
1,1,1,1,1,1,1,1,1,1
1,1,1,1,1,1,1,1,1,1
1,1,1,1,1,1,1,1,1,1
1,1,1,1,1,1,1,1,1,1
1,1,1,1,1,1,1,1,1,1
1,1,1,1,1,1,1,1,1,1
1,1,1,1,1,1,1,1,1,1
1,1,1,1,1,1,1,1,1,1
1,1,1,1,1,1,1,1,1,1
1,1,1,1,1,1,1,1,1,1
1,1,1,1,1,1,1,1,1,1
1,1,1,1,1,1,1,1,1,1
1,1,1,1,1,1,1,1,1,1
1,1,1,1,1,1,1,1,1,1
1,1,1,1,1,1,1,1,1,1
1,1,1,1,1,1,1,1,1,1
1,1,1,1,1,1,1,1,1,1
1,1,1,1,1,1,1,1,1,1
1,1,1,1,1,1,1,1,1,1
1,1,1,1,1,1,1,1,1,1
1,1,1,1,1,1,1,1,1,1
1,1,1,1,1,1,1,1,1,1
1,1,1,1,1,1,1,1,1,1
1,1,1,1,1,1,1,1,1,1
1,1,1,1,1,1,1,1,1,1
1,1,1,1,1,1,1,1,1,1
1,1,1,1,1,1,1,1,1,1
1,1,1,1,1,1,1,1,1,1
1,1,1,1,1,1,1,1,1,1
1,1,1,1,1,1,1,1,1,1
1,1,1,1,1,1,1,1,1,1
1,1,1,1,1,1,1,1,1,1
1,1,1,1,1,1,1,1,1,1
1,1,1,1,1,1,1,1,1,1
1,1,1,1,1,1,1,1,1,1
1,1,1,1,1,1,1,1,1,1
1,1,1,1,1,1,1,1,1,1
1,1,1,1,1,1,1,1,1,1
1,1,1,1,1,1,1,1,1,1
1,1,1,1,1,1,1,1,1,1
1,1,1,1,1,1,1,1,1,1
1,1,1,1,1,1,1,1,1,1
1,1,1,1,1,1,1,1,1,1
1,1,1,1,1,1,1,1,1,1
1,1,1,1,1,1,1,1,1,1
1,1,1,1,1,1,1,1,1,1
1,1,1,1,1,1,1,1,1,1
1,1,1,1,1,1,1,1,1,1
1,1,1,1,1,1,1,1,1,1
1,1,1,1,1,1,1,1,1,1
1,1,1,1,1,1,1,1,1,1
1,1,1,1,1,1,1,1,1,1
1,1,1,1,1,1,1,1,1,1
1,1,1,1,1,1,1,1,1,1
1,1,1,1,1,1,1,1,1,1
1,1,1,1,1,1,1,1,1,1
1,1,1,1,1,1,1,1,1,1
1,1,1,1,1,1,1,1,1,1
1,1,1,1,1,1,1,1,1,1
1,1,1,1,1,1,1,1,1,1
1,1,1,1,1,1,1,1,1,1
1,1,1,1,1,1,1,1,1,1
1,1,1,1,1,1,1,1,1,1
1,1,1,1,1,1,1,1,1,1
1,1,1,1,1,1,1,1,1,1
1,1,1,1,1,1,1,1,1,1
1,1,1,1,1,1,1,1,1,1
1,1,1,1,1,1,1,1,1,1
1,1,1,1,1,1,1,1,1,1
1,1,1,1,1,1,1,1,1,1
1,1,1,1,1,1,1,1,1,1
1,1,1,1,1,1,1,1,1,1
1,1,1,1,1,1,1,1,1,1
1,1,1,1,1,1,1,1,1,1
1,1,1,1,1,1,1,1,1,1
1,1,1,1,1,1,1,1,1,1
1,1,1,1,1,1,1,1,1,1
1,1,1,1,1,1,1,1,1,1
1,1,1,1,1,1,1,0.9964752,1,1
1,1,1,1,1,1,1,0.9907553,1,1
1,1,1,1,1,1,1,0.9850596,1,1
1,1,1,1,1,1,1,0.9793881,1,1
1,1,1,1,1,1,1,0.9737467,1,1
1,1,1,1,1,1,1,0.9681355,1,1
1,1,1,1,1,1,1,0.9625551,1,1
1,1,1,1,1,1,1,0.9570085,1,1
1,1,1,1,1,1,1,0.9514995,1,1
1,1,1,1,1,1,1,0.9460317,1,1
1,1,1,1,1,1,1,0.9406059,1,1
1,1,1,1,1,1,1,0.9352261,1,1
1,1,1,1,1,1,1,0.929893,1,1
1,1,1,1,1,1,1,0.9246107,1,1
1,1,1,1,1,1,1,0.9193805,1,1
1,1,1,1,1,1,1,0.9142095,1,1
1,1,1,1,1,1,1,0.9090959,1,1
1,1,1,1,1,1,1,0.904047,1,1
1,1,1,1,1,1,1,0.8990644,1,0
1,1,1,1,1,1,1,0.894149,1,0
1,1,1,1,1,1,1,0.8893086,1,0
1,1,1,1,1,1,1,1,1,1
1,1,1,1,1,1,1,1,1,1
1,1,1,1,1,1,1,1,1,1
1,1,1,1,1,1,1,1,1,1
1,1,1,1,1,1,1,1,1,1
1,1,1,1,1,1,1,1,1,1
1,1,1,1,1,1,1,1,1,1
1,1,1,1,1,1,1,1,1,1
1,1,1,1,1,1,1,1,1,1
1,1,1,1,1,1,1,1,1,1
1,1,1,1,1,1,1,1,0.8600219,0
1,1,1,1,1,1,1,1,0.8531078,0
1,1,1,1,1,1,1,1,0.8462235,0
1,1,1,1,1,1,1,1,0.8393806,0
1,1,1,1,1,1,1,1,0.8325846,0
1,1,1,1,1,1,1,1,0.8258439,0
1,1,1,1,1,1,1,1,0.8191671,0
1,1,1,1,1,1,1,1,0.8125628,0
1,1,1,1,1,1,1,1,0.8060397,0
1,1,1,1,1,1,1,1,0.7996033,0
1,1,1,1,1,1,1,1,0.7932652,0
1,1,1,1,1,1,1,1,0.7870339,0
1,1,1,1,1,1,1,1,0.780915,0
1,1,1,1,1,1,1,1,0.7749168,0
1,1,1,1,1,1,1,1,0.7690474,0
1,1,1,1,1,1,1,1,0.7633153,0
1,1,1,1,1,1,1,1,0.7577285,0
1,1,1,1,1,1,1,1,0.7522948,0
1,1,1,1,1,1,1,1,0.8161409,0
1,1,1,1,1,1,1,1,0.9233055,1
1,1,1,1,1,1,1,1,1,1
1,1,1,1,1,1,1,1,1,1
1,1,1,1,1,1,1,1,1,1
1,1,1,1,1,1,1,1,1,1
1,1,1,1,1,1,1,1,1,1
1,1,1,1,1,1,1,1,1,1
1,1,1,1,1,1,1,1,1,1
1,1,1,1,1,1,1,1,1,1
1,1,1,1,1,1,1,1,1,1
1,1,1,1,1,1,1,1,1,1
1,1,1,1,1,1,1,1,1,1
1,1,1,1,1,1,1,1,1,1
1,1,1,1,1,1,1,1,1,1
1,1,1,1,1,1,1,0.9768729,1,1
1,1,1,1,1,1,1,0.9424469,1,1
1,1,1,1,1,1,1,0.9041365,1,1
1,1,1,1,1,1,1,0.8621023,1,0
1,1,1,1,1,1,0.9906101,0.8290154,1,0
1,1,1,1,1,1,0.9694688,0.8269936,1,0
1,1,1,1,1,1,0.9479464,0.8252778,1,0
1,1,1,1,1,1,0.926116,0.8238853,1,0
1,1,1,1,1,1,0.9040653,0.8228334,1,0
1,1,1,1,1,1,0.8818731,0.8221397,1,0
1,1,1,1,1,1,0.8596169,0.8218247,1,0
1,1,1,1,1,1,0.8373755,0.8219014,1,0
1,1,1,1,1,1,0.8152231,0.822386,1,0
1,1,1,1,1,1,0.8128478,0.8232934,1,0
1,1,1,1,1,1,0.8195679,0.8244336,1,0
1,1,1,1,1,1,0.8264469,0.8257066,1,0
1,1,1,1,1,1,0.8334676,0.8270997,1,0
1,1,1,1,1,1,0.8406123,0.8286004,1,0
1,1,1,1,1,1,0.8478633,1,1,1
1,1,1,1,1,1,0.8482844,1,1,1
1,1,1,1,1,1,0.848754,1,1,1
1,1,1,1,1,1,0.8492714,1,1,1
1,1,1,1,1,1,0.8498309,1,1,1
1,1,1,1,1,1,0.8504316,1,1,1
1,1,1,1,1,1,0.851078,1,1,1
1,1,1,1,1,1,0.8517641,1,1,1
1,1,1,1,1,1,0.8524894,0.9886085,0.7679651,0
1,1,1,1,1,1,0.8650833,0.9428331,0.7276977,0
1,1,1,1,1,1,0.882282,0.8947195,0.7267445,0
1,1,1,1,1,1,0.9025443,0.8477446,0.726262,0
1,1,1,1,1,1,0.9261044,0.8023444,0.7263,0
1,1,1,1,1,1,0.953208,0.7588358,0.7269021,0
1,1,1,1,1,1,0.9841031,0.7174378,0.7280974,0
1,1,1,1,1,1,1,0.6787189,0.72984,0
1,1,1,1,1,1,1,0.6424952,0.732129,0
1,1,1,1,1,1,1,0.6371724,0.7349756,0
1,1,1,1,1,1,1,0.6475025,0.7383869,0
1,1,1,1,1,1,1,0.6587505,1,0
1,1,1,1,1,1,1,0.6650506,1,0
1,1,1,1,1,1,1,0.6715153,1,0
1,1,1,1,1,1,1,0.6781348,1,0
1,1,1,1,1,1,1,0.6848993,1,0
1,1,1,1,1,1,1,0.6917948,0.9765299,0
1,1,1,1,1,1,1,0.6994492,0.914996,0
1,1,1,1,1,1,1,0.7089659,0.8520797,0
1,1,1,1,1,1,1,0.7205364,0.7891621,0
1,1,1,1,1,1,1,0.7343462,0.7275168,0
1,1,1,1,1,1,1,0.7505783,0.6681942,0
1,1,1,1,1,1,1,0.7694105,0.6119727,0
1,1,1,1,1,1,1,0.7906221,0.5644578,0
1,1,1,1,1,1,1,0.8135823,0.5720718,0
1,1,1,1,1,1,1,0.8384449,0.5803235,0
1,1,1,1,1,1,1,1,0.5888905,0
1,1,1,1,1,1,1,1,0.5965005,0
1,1,1,1,1,1,1,1,0.6044041,0
1,1,1,1,1,1,1,1,0.6125906,0
1,1,1,1,1,1,1,1,0.6210455,0
1,1,1,1,1,1,1,1,0.6297535,0
1,1,1,1,1,1,1,1,0.6387024,0
1,1,1,1,1,1,1,1,0.6478796,0
1,1,1,1,1,1,1,1,0.6572679,0
1,1,1,1,1,1,1,1,0.666854,0
1,1,1,1,1,1,1,1,0.6766199,0
1,1,1,1,1,1,1,1,0.6865473,0
1,1,1,1,1,1,1,1,0.6966251,0
1,1,1,1,1,1,1,1,0.7068303,0
1,1,1,1,1,1,1,1,0.7171514,0
1,1,1,1,1,1,1,1,0.7275689,0
1,1,1,1,1,1,1,1,0.7380669,0
1,1,1,1,1,1,1,1,0.7486256,0
1,1,1,1,1,1,1,1,0.7592291,0
1,1,1,1,1,1,1,1,1,1
1,1,1,1,1,1,1,1,1,1
1,1,1,1,1,1,1,1,1,1
1,1,1,1,1,1,1,1,1,1
1,1,1,1,1,1,1,1,1,1
1,1,1,1,1,1,1,1,1,1
1,1,1,1,1,1,1,1,1,1
1,1,1,1,1,1,1,1,1,1
1,1,1,1,1,1,1,1,1,1
1,1,1,1,1,1,1,1,1,1
1,1,1,1,1,1,1,1,1,1
1,1,1,1,1,1,1,1,1,1
1,1,1,1,1,1,1,1,1,1
1,1,1,1,1,1,1,1,1,1
1,1,1,1,1,1,1,1,1,1
1,1,1,1,1,1,1,1,1,1
1,1,1,1,1,1,1,1,1,1
1,1,1,1,1,1,1,1,1,1
1,1,1,1,1,1,1,1,1,1
1,1,1,1,1,1,1,1,1,1
1,1,1,1,1,1,1,1,1,1
1,1,1,1,1,1,1,1,1,1
1,1,1,1,1,1,1,1,1,1
1,1,1,1,1,1,1,1,1,1
1,1,1,1,1,1,1,1,1,1
1,1,1,1,1,1,1,1,1,1
1,1,1,1,1,1,1,1,1,1
1,1,1,1,1,1,1,1,1,1
1,1,1,1,1,1,1,1,1,1
1,1,1,1,1,1,1,1,1,1
1,1,1,1,1,1,1,1,1,1
1,1,1,1,1,1,1,1,1,1
1,1,1,1,1,1,1,1,1,1
1,1,1,1,1,1,1,1,1,1
1,1,1,1,1,1,1,1,1,1
1,1,1,1,1,1,1,1,1,1
1,1,1,1,1,1,1,1,1,1
1,1,1,1,1,1,1,1,1,1
1,1,1,1,1,1,1,1,1,1
1,1,1,1,1,1,1,1,1,1
1,1,1,1,1,1,1,1,1,1
1,1,1,1,1,1,1,1,1,1
1,1,1,1,1,1,1,1,1,1
1,1,1,1,1,1,1,1,1,1
1,1,1,1,1,1,1,1,1,1
1,1,1,1,1,1,1,1,1,1
1,1,1,1,1,1,1,1,1,1
1,1,1,1,1,1,1,1,1,1
1,1,1,1,1,1,1,1,1,1
1,1,1,1,1,1,1,1,1,1
1,1,1,1,1,1,1,1,1,1
1,1,1,1,1,1,1,1,1,1
1,1,1,1,1,1,1,1,1,1
1,1,1,1,1,1,1,1,1,1
1,1,1,1,1,1,1,1,1,1
1,1,1,1,1,1,1,1,1,1
1,1,1,1,1,1,1,1,1,1
1,1,1,1,1,1,1,1,1,1
1,1,1,1,1,1,1,1,1,1
1,1,1,1,1,1,1,1,1,1
1,1,1,1,1,1,1,1,1,1
1,1,1,1,1,1,1,1,1,1
1,1,1,1,1,1,1,1,1,1
1,1,1,1,1,1,1,1,1,1
1,1,1,1,1,1,1,1,1,1
1,1,1,1,1,1,1,1,1,1
1,1,1,1,1,1,1,1,1,1
1,1,1,1,1,1,1,1,1,1
1,1,1,1,1,1,1,1,1,1
1,1,1,1,1,1,1,1,1,1
1,1,1,1,1,1,1,1,1,1
1,1,1,1,1,1,1,1,1,1
1,1,1,1,1,1,1,1,1,1
1,1,1,1,1,1,1,1,1,1
1,1,1,1,1,1,1,1,1,1
1,1,1,1,1,1,1,1,1,1
1,1,1,1,1,1,1,1,1,1
1,1,1,1,1,1,1,1,1,1
1,1,1,1,1,1,1,1,1,1
1,1,1,1,1,1,1,1,1,1
1,1,1,1,1,1,1,1,1,1
1,1,1,1,1,1,1,1,1,1
1,1,1,1,1,1,1,1,1,1
1,1,1,1,1,1,1,1,1,1
1,1,1,1,1,1,1,1,1,1
1,1,1,1,1,1,1,1,1,1
1,1,1,1,1,1,1,1,1,1
1,1,1,1,1,1,1,1,1,1
1,1,1,1,1,1,1,1,1,1
1,1,1,1,1,1,1,1,1,1
1,1,1,1,1,1,1,1,1,1
1,1,1,1,1,1,1,1,1,1
1,1,1,1,1,1,1,1,1,1
1,1,1,1,1,1,1,1,1,1
1,1,1,1,1,1,1,1,1,1
1,0.9694402,1,1,1,1,1,1,1,1
1,0.9289919,1,1,1,1,1,1,1,1
1,0.8833503,1,1,1,1,1,1,1,2
1,0.8328528,1,1,1,1,1,1,1,2
1,0.8091691,1,1,1,1,1,1,1,2
1,0.8066658,1,1,1,1,1,1,1,2
1,0.8042925,1,1,1,1,1,1,1,2
1,0.8020525,1,1,1,1,1,1,1,2
1,0.799946,1,1,1,1,1,1,1,2
1,0.7979731,1,1,1,1,1,1,1,2
1,0.796137,1,1,1,1,1,1,1,2
1,0.7944342,1,1,1,1,1,1,1,2
1,0.7928679,1,1,1,1,1,1,1,2
1,0.7914408,1,1,1,1,1,1,1,2
1,0.7901493,1,1,1,1,1,1,1,2
1,0.7889932,1,1,1,1,1,1,1,2
1,0.787975,1,1,1,1,1,1,1,2
1,0.7870941,1,1,1,1,1,1,1,2
1,0.7863496,1,1,1,1,1,1,1,2
1,0.7857375,1,1,1,1,1,1,1,2
1,0.7852603,1,1,1,1,1,1,1,2
1,0.784917,1,1,1,1,1,1,1,2
1,0.7847065,1,1,1,1,1,1,0.9985509,2
1,0.7846092,1,1,1,1,1,1,0.9968046,2
1,0.7846192,1,1,1,1,1,1,0.9951023,2
1,0.7847311,1,1,1,1,1,1,0.9934461,2
0.7075933,0.784943,1,1,1,1,1,1,0.9918343,2
0.705615,0.7901869,1,1,1,1,1,1,0.9835553,2
0.7040929,0.7958634,1,1,1,1,1,1,0.9758817,2
0.7029978,1,1,1,1,1,1,1,0.9687716,2
0.7017971,1,1,1,1,1,1,1,0.9655427,2
0.7007875,1,1,1,1,1,1,1,0.9623877,2
0.6999663,1,1,1,1,1,1,1,0.9593048,2
0.6993278,1,1,1,1,1,1,1,0.9562958,2
0.6988695,1,1,1,1,1,1,1,0.953358,2
0.6985885,1,1,1,1,1,1,1,0.9504889,2
0.698482,1,1,1,1,1,1,1,0.9476854,2
0.6985441,1,1,1,1,1,1,1,0.9449479,2
0.6987687,1,1,1,1,1,1,1,0.9422761,2
0.6991531,1,1,1,1,1,1,1,0.9396661,2
0.6996939,1,1,1,1,1,1,1,0.9371144,2
0.7003852,1,1,1,1,1,1,1,0.9346202,2
0.701224,1,1,1,1,1,1,1,0.9321793,2
0.7022038,1,1,1,1,1,1,1,0.9297906,2
0.7033216,1,1,1,1,1,1,1,0.9274499,2
0.7045712,1,1,1,1,1,1,1,0.9251561,2
0.7059493,1,1,1,1,1,1,1,0.9229046,2
0.7074496,1,1,1,1,1,1,1,0.9206942,2
0.7090656,1,1,1,1,1,1,1,0.9185233,2
1,1,1,1,1,1,1,1,0.9163874,1
1,1,1,1,1,1,1,1,0.9171439,1
1,1,1,1,1,1,1,1,0.9179389,1
1,1,1,1,1,1,1,1,0.9187716,1
1,1,1,1,1,1,1,1,0.9196416,1
1,1,1,1,1,1,1,1,0.9205451,1
1,1,1,1,1,1,1,1,0.9214846,1
1,1,1,1,1,1,1,1,0.9224563,1
1,1,1,1,1,1,1,1,0.9234629,1
1,1,1,1,1,1,1,1,0.9245003,1
1,1,1,1,1,1,1,1,0.9255683,1
1,1,1,1,1,1,1,1,0.9266627,1
1,1,1,1,1,1,1,1,0.9277862,1
1,1,1,1,1,1,1,1,0.9289352,1
1,1,1,1,1,1,1,1,0.9301119,1
1,1,1,1,1,1,1,1,0.9313129,1
1,1,1,1,1,1,1,1,0.9325372,1
1,1,1,1,1,1,1,1,0.9337844,1
1,1,1,1,1,1,1,1,1,1
1,1,1,1,1,1,1,1,1,1
1,1,1,1,1,1,1,1,1,1
1,1,1,1,1,1,1,1,1,1
1,1,1,1,1,1,1,1,1,1
1,1,1,1,1,1,1,1,1,1
1,1,1,1,1,1,1,1,1,1
1,1,1,1,1,1,1,1,1,1
1,1,1,1,1,1,1,1,1,1
1,1,1,1,1,1,1,1,1,1
1,1,1,1,1,1,1,1,1,1
1,1,1,1,1,1,1,1,1,1
1,1,1,1,1,1,1,1,1,1
1,0.9964229,1,1,1,1,1,1,1,1
1,0.9807307,1,1,1,1,1,1,1,1
1,0.9644643,1,1,1,1,1,1,1,1
1,0.9476352,1,1,1,1,1,1,1,1
1,0.9302601,1,1,1,1,1,1,1,1
1,0.9123611,1,1,1,1,1,1,1,1
1,0.8939661,1,1,1,1,1,1,1,1
1,0.8751076,1,1,1,1,1,1,1,1
1,0.8558292,1,1,1,1,1,1,1,2
1,0.8361688,1,1,1,1,1,1,1,2
1,0.8161736,1,1,1,1,1,1,1,2
1,0.7958986,1,1,0.9908814,1,1,1,1,2
1,0.7754076,1,1,0.981101,1,1,1,1,2
1,0.7547548,1,1,0.9713808,1,1,1,1,2
1,0.7340083,1,0.9676507,0.961736,1,1,1,1,2
1,0.713098,1,0.9566579,0.9521821,1,1,1,1,2
1,0.705826,1,0.9456989,0.942727,1,1,1,1,2
1,0.7130907,1,0.9348277,1,1,1,1,1,2
1,0.7205915,1,0.9240676,1,1,1,1,1,2
1,0.728196,1,0.9134226,1,1,1,1,1,2
1,0.7358884,1,0.9028863,1,1,1,1,1,2
1,0.7436527,1,0.8924495,1,1,1,1,1,2
1,0.7514725,0.9906911,0.8821031,1,1,1,1,1,2
1,0.7594317,0.9778728,0.871834,1,1,1,1,1,2
1,0.7675561,0.9652225,0.8616354,1,1,1,1,1,2
0.9963133,0.7758306,0.952737,0.8515031,1,1,1,1,1,2
0.9550573,0.7843617,0.9403726,0.8414297,1,1,1,1,1,2
0.9123594,0.7944779,0.9277533,0.8313982,1,1,1,1,1,2
0.8687771,0.8062965,0.9149345,0.8214374,1,1,1,1,1,2
0.8248852,0.8199309,0.9019837,0.8115813,1,1,1,1,1,2
0.7812432,0.8354872,0.8889777,0.8018672,1,1,1,1,1,2
0.7383472,0.8530634,0.8759912,0.792327,1,1,1,1,1,2
0.6966186,0.8727427,0.8630967,0.782989,1,1,1,1,1,2
0.656388,1,0.8503603,1,1,1,1,1,1,2
0.6201643,1,0.7764508,1,1,1,1,1,1,2
0.6220081,1,0.7644468,1,1,1,1,1,1,2
0.6309061,1,0.7527639,1,1,1,1,1,1,2
0.6400843,1,0.7414134,1,1,1,1,1,1,2
0.6495181,1,0.7303673,1,1,1,1,1,1,2
0.6591787,1,0.7195992,1,1,1,1,1,1,2
0.6690475,1,0.7090841,1,1,1,1,1,1,2
0.6790946,0.874123,0.6987983,1,1,1,1,1,1,2
0.6906335,0.8561105,0.6885934,1,1,1,1,1,1,2
0.7025517,0.8388003,0.6786269,1,1,1,1,1,1,2
0.7148187,0.8221623,0.668882,1,1,1,1,1,1,2
0.7273941,0.8061643,0.6593412,1,1,1,1,1,1,2
0.7402474,0.7907759,0.64999,1,1,1,1,1,1,2
0.7533354,0.7759592,0.640808,1,1,1,1,1,1,2
0.7666217,0.7616764,1,1,1,1,1,1,1,2
0.7801335,0.7478639,1,1,1,1,1,1,1,2
0.7938997,0.734464,1,1,1,1,1,1,1,2
0.8078936,0.7214547,1,1,1,1,1,1,1,2
1,0.7088146,1,1,1,1,1,1,1,2
1,0.698006,1,1,1,1,1,1,1,2
1,0.6872429,1,1,1,1,1,1,1,2
1,0.6114652,1,1,1,1,1,1,1,2
1,0.6007087,1,1,1,1,1,1,1,2
1,0.5900384,1,1,1,1,1,1,1,2
1,0.579456,1,1,1,1,1,1,1,2
1,0.5689628,1,1,1,1,1,1,1,2
1,0.5585595,1,1,1,1,1,1,1,2
1,0.5482473,1,1,1,1,1,1,1,2
1,0.5380295,1,1,1,1,1,1,1,2
0.7736598,0.5279033,1,1,1,1,1,1,1,2
0.7529205,0.5168139,1,1,1,1,1,1,1,2
0.7326214,0.5059137,1,1,1,1,1,1,1,2
0.712806,0.4952152,1,1,1,1,1,1,1,2
0.6935176,0.4847347,1,1,1,1,1,1,1,2
0.6747824,0.4744795,1,1,1,1,1,1,1,2
0.656623,0.4665522,1,1,1,1,1,1,1,2
0.6390643,0.5223173,1,1,1,1,1,1,1,2
0.6223901,0.5846225,1,1,1,1,1,1,1,2
0.5311736,1,1,1,1,1,1,1,1,2
0.5171279,1,1,1,1,1,1,1,1,2
0.5034192,1,1,1,1,1,1,1,1,2
0.4900571,1,1,1,1,1,1,1,1,2
0.4770413,1,1,1,1,1,1,1,1,2
0.4643702,1,1,1,1,1,1,1,1,2
0.4520444,1,1,1,1,1,1,1,1,2
0.440063,1,1,1,1,1,1,1,1,2
0.4284169,1,1,1,1,1,1,1,1,2
0.4171068,1,1,1,1,1,1,1,1,2
0.4061218,1,1,1,1,1,1,1,1,2
0.4240333,1,1,1,1,1,1,1,1,2
0.4486952,1,1,1,1,1,1,1,1,2
0.4740052,1,1,1,1,1,1,1,1,2
0.4999068,1,1,1,1,1,1,1,1,2
0.5263308,1,1,1,1,1,1,1,1,2
0.5532019,1,1,1,1,1,1,1,1,2
1,1,1,1,1,1,1,1,1,1
1,1,1,1,1,1,1,1,1,1
1,1,1,1,1,1,1,1,1,1
1,1,1,1,1,1,1,1,1,1
1,1,1,1,1,1,1,1,1,1
1,1,1,1,1,1,1,1,1,1
1,1,1,1,1,1,1,1,1,1
1,1,1,1,1,1,1,1,1,1
1,1,1,1,1,1,1,1,1,1
1,1,1,1,1,1,1,1,1,1
1,1,1,1,1,1,1,1,1,1
1,1,1,0.993899,1,1,1,1,1,1
1,1,1,0.9853513,1,1,1,1,1,1
1,1,1,0.9766178,1,1,1,1,1,1
1,1,1,0.9677003,1,1,1,1,1,1
1,1,1,0.958597,1,1,1,1,1,1
1,1,1,0.9493071,1,1,1,1,1,1
1,1,1,0.9398341,1,1,1,1,1,1
1,1,1,0.9301785,1,1,1,1,1,1
1,1,1,0.9203416,1,1,1,1,1,1
1,1,1,0.9103289,1,1,1,1,1,1
1,1,1,0.9001428,1,1,1,1,1,1
1,1,1,0.8897873,1,1,1,1,1,1
1,1,1,0.8792696,1,1,1,1,1,1
1,1,1,0.8685985,1,1,1,1,1,1
1,1,1,0.8577753,1,1,1,1,1,1
1,1,1,0.8468097,0.9971108,1,1,1,1,1
1,1,0.9956371,0.83565,0.9826687,1,1,1,1,0
1,1,0.9879494,0.8240355,0.9674929,1,1,1,1,0
1,1,0.9822748,0.8119437,0.9515544,1,1,1,1,0
1,1,0.9786579,0.7994199,0.9349335,1,1,1,1,0
1,1,0.9771498,0.7865064,0.917709,1,1,1,1,0
1,1,0.9778358,0.7732567,0.8999738,1,1,1,1,0
1,1,0.9808038,0.7597225,0.8818197,1,1,1,1,0
1,1,0.9861706,0.7459608,0.8633434,1,1,1,1,0
1,1,0.9940769,0.7320241,0.8446363,1,1,1,1,0
1,1,1,0.7179674,0.8257899,1,1,1,1,0
1,1,1,0.7038141,0.8068439,1,1,1,1,0
1,1,1,0.6895684,0.787805,0.9524277,1,1,1,0
1,1,1,0.6746087,0.7676583,0.9230167,1,1,1,0
1,1,1,0.6593189,0.7470365,0.8929726,1,1,1,0
1,1,1,0.6438004,0.7261062,0.8625925,1,1,1,0
1,1,1,0.6281611,0.7050399,0.832172,1,1,1,0
1,1,1,0.6125063,0.6840041,0.8019881,1,1,1,0
1,1,1,0.6138784,0.663438,0.7727581,1,1,1,0
1,1,1,0.6279359,0.643627,0.74493,1,1,1,0
1,1,1,0.6440418,0.6245204,0.7183927,1,1,1,0
1,1,1,0.6625288,0.6060754,0.6930504,1,1,1,0
1,1,1,0.6837882,0.5882486,0.6688124,1,1,1,0
1,1,1,0.7083145,0.5710005,0.6455967,1,1,1,0
1,1,1,0.7367292,0.5542939,0.6233288,0.8227141,1,1,0
1,1,1,0.7698237,0.5380984,0.6019449,0.7853844,1,1,0
1,1,1,0.8086106,0.5223819,0.5813829,0.7502307,1,1,0
1,1,1,0.854434,0.5264952,0.5615858,0.717054,1,1,0
1,1,1,0.9090867,0.5411171,0.5425019,0.6856778,1,1,0
1,1,1,1,0.5579256,0.5240868,0.6559506,1,1,0
1,1,1,1,0.5772743,0.5062965,0.6277325,1,1,0
1,1,1,1,0.599609,0.4890901,0.6008993,1,1,0
1,1,1,1,0.6254874,0.4724333,0.5753434,1,1,0
1,1,1,1,0.6556065,0.4562913,0.5509642,1,1,0
1,1,1,1,0.6908736,0.4431292,0.5276712,1,1,0
1,1,1,1,0.7324528,0.4561492,0.5053861,1,1,0
1,1,1,1,0.781933,0.4710622,0.4840345,1,1,0
1,1,1,1,0.841441,0.4881448,0.4635525,1,1,0
1,1,1,1,1,0.5077513,0.443878,1,1,0
1,1,1,1,1,0.5303179,0.4249583,0.7068107,1,0
1,1,1,1,1,0.5563701,0.4067377,0.661902,1,0
1,1,1,1,1,0.5865902,0.389176,0.6203142,1,0
1,1,1,1,1,0.621841,0.3722256,0.5816747,1,0
1,1,1,1,1,0.6632453,0.3558497,0.5456735,1,0
1,1,1,1,1,0.712289,0.3664343,0.5120435,1,0
1,1,1,1,1,1,0.3790963,0.4805471,1,0
1,1,1,1,1,1,0.3933925,0.4509776,1,0
1,1,1,1,1,1,0.409548,0.4231583,1,0
1,1,1,1,1,1,0.4278238,0.3969291,1,0
1,1,1,1,1,1,0.4485272,0.3721531,1,0
1,1,1,1,1,1,0.4720466,0.3487046,1,0
1,1,1,1,1,1,0.4988416,0.3264759,1,0
1,1,1,1,1,1,0.5294992,0.3053667,0.6356931,0
1,1,1,1,1,1,0.5647359,0.285287,0.5730449,0
1,1,1,1,1,1,0.6054729,0.27265,0.5171909,0
1,1,1,1,1,1,0.6528969,0.2812075,0.4670824,0
0.7566836,1,1,1,1,1,1,0.2906246,0.4218822,0
0.7534714,1,1,1,1,1,1,0.3009753,0.3809028,0
0.7503944,1,1,1,1,1,1,0.3123389,0.3435847,0
0.7474484,1,1,1,1,1,1,0.3248098,0.3094522,0
0.7446297,1,1,1,1,1,1,0.3384963,0.2781252,0
0.7419375,1,1,1,1,1,1,0.3535162,0.2492717,0
0.739368,1,1,1,1,1,1,0.3700109,0.2384799,0
0.7369213,1,1,1,1,1,1,0.3881373,0.2453458,0
0.734594,1,1,1,1,1,1,0.4080831,0.2527497,0
0.7323831,1,1,1,1,1,1,0.4300671,0.2607232,0
0.7302888,1,1,1,1,1,1,0.4543389,0.2692966,0
0.7283085,1,1,1,1,1,1,0.4811996,0.2785079,0
0.7264426,1,1,1,1,1,1,0.5109985,0.2883947,0
0.7246784,1,1,1,1,1,1,0.5440333,0.2989729,0
0.722792,1,1,1,1,1,1,1,0.3098173,0
0.7197078,1,1,1,1,1,1,1,0.3187357,0
0.7165053,1,1,1,1,1,1,1,0.3278017,0
0.7131817,1,1,1,1,1,1,1,0.3369907,0
0.7097294,1,1,1,1,1,1,1,0.3462853,0
0.7061417,1,1,1,1,1,1,1,0.3556677,0
0.7024191,1,1,1,1,1,1,1,0.3651101,0
0.6985571,1,1,1,1,1,1,1,0.3745935,0
0.6945554,1,1,1,1,1,1,1,0.3840936,0
0.6904114,1,1,1,1,1,1,1,0.3935903,0
0.6861268,1,1,1,1,1,1,1,0.4030587,0
0.6817042,1,1,1,1,1,1,1,0.4124742,0
0.6771442,1,1,1,1,1,1,1,0.4218165,1
0.6724477,1,1,1,1,1,1,1,0.4310659,1
0.6676204,1,1,1,1,1,1,1,0.4401982,1
0.6626681,1,1,1,1,1,1,1,0.4491903,1
0.6774822,1,1,1,1,1,1,1,0.4580286,1
0.7006299,1,1,1,1,1,1,1,0.4671002,1
0.7218677,1,1,1,1,1,1,1,1,2
0.7784324,1,1,1,1,1,1,1,1,2
0.8331531,1,1,1,1,1,1,1,1,2
0.8846477,1,1,1,1,1,1,1,1,2
0.9317911,1,1,1,1,1,1,1,1,1
0.9738303,1,1,1,1,1,1,1,1,1
1,1,1,1,1,1,1,1,1,1
1,1,1,1,1,1,1,1,1,1
1,1,1,1,1,1,1,1,1,1
1,1,1,1,1,1,1,1,1,1
1,1,1,1,1,1,1,1,1,1
1,1,1,1,1,1,1,1,1,1
1,1,1,1,1,1,1,1,1,1
1,1,1,1,1,1,1,1,1,1
1,1,1,1,1,1,1,1,1,1
1,1,1,1,1,1,1,1,1,1
1,1,1,1,1,1,1,1,1,1
1,1,1,1,1,1,1,1,1,1
1,1,1,1,1,1,1,1,1,1
1,1,1,1,1,1,1,1,1,1
1,1,1,1,1,1,1,1,1,1
1,1,1,1,1,1,1,1,1,1
1,1,1,1,1,1,1,1,1,1
1,1,1,1,1,1,1,1,1,1
1,1,1,1,1,1,1,1,1,1
1,1,1,1,1,1,1,1,1,1
1,1,1,1,1,1,1,1,1,1
1,1,1,1,1,1,1,1,1,1
1,1,1,1,1,1,1,1,1,1
1,1,1,1,1,1,1,1,1,1
1,1,1,1,1,1,1,1,1,1
1,1,1,1,1,1,1,1,1,1
1,1,1,1,1,1,1,1,1,1
1,1,1,1,1,1,1,1,1,1
1,1,1,1,1,1,1,1,1,1
1,1,1,1,1,1,1,1,1,1
1,1,1,1,1,1,1,1,1,1
1,1,1,1,1,1,1,1,1,1
1,1,1,1,1,1,1,1,1,1
1,1,1,1,1,1,1,1,1,1
1,1,1,1,1,1,1,1,1,1
1,1,1,1,1,1,1,1,1,1
1,1,1,1,1,1,1,1,1,1
1,1,1,1,1,1,1,0.9954999,1,1
1,1,1,1,1,1,1,1,1,1
1,1,1,1,1,1,1,1,1,1
1,1,1,1,1,1,1,1,1,1
1,1,1,1,1,1,1,1,1,1
1,1,1,1,1,1,1,1,1,1
1,1,1,1,1,1,1,1,1,1
1,1,1,1,1,1,1,1,1,1
1,1,1,1,1,1,1,1,1,1
1,1,1,1,1,1,1,1,1,1
1,1,1,1,1,1,1,1,1,1
1,1,1,1,1,1,1,1,1,1
1,1,1,1,0.9948489,1,1,1,1,1
1,1,1,1,0.9847873,1,1,1,1,1
1,1,1,1,0.9746028,1,1,1,1,1
1,1,1,1,0.9642981,1,1,1,1,1
1,1,1,1,0.9538764,1,1,1,1,1
1,1,1,1,0.9433379,1,1,1,1,1
1,1,1,1,0.9326864,1,1,1,1,1
1,1,1,1,0.9219264,1,1,1,1,1
1,1,1,1,0.9110592,1,1,1,1,1
1,1,1,1,0.9000899,1,1,1,1,1
1,1,1,1,0.8890241,1,1,1,1,1
1,1,1,1,0.877864,1,1,1,1,1
1,1,1,1,0.8666158,1,1,1,1,1
1,1,1,1,0.8552858,1,1,1,1,1
1,1,1,1,0.8438771,1,1,1,1,1
1,1,1,1,0.8323966,1,1,1,1,1
1,1,1,1,0.820851,1,1,1,1,1
1,1,1,1,0.8092442,0.9978574,1,1,1,1
1,1,1,1,0.7975709,1,1,1,1,1
1,1,1,0.8805653,0.7858631,1,1,1,1,2
1,1,1,0.864415,0.7728485,1,1,1,1,2
1,1,1,0.8480728,0.759707,1,1,1,1,2
1,1,1,0.8315789,0.7464627,1,1,1,1,2
1,1,1,0.8149769,0.7331432,1,1,1,1,2
1,1,1,0.7983105,0.7197762,1,1,1,1,2
1,1,1,0.7816182,0.706385,1,1,1,1,2
1,1,1,0.7649366,0.6929918,1,1,1,1,2
1,1,1,0.7483076,0.6796244,1,1,1,1,2
1,1,1,0.7317625,0.6808712,1,1,1,1,2
1,1,1,0.7154464,0.6895667,1,1,1,1,2
1,1,1,0.6994165,0.6990901,1,1,1,1,2
1,1,1,0.6836706,0.7094744,1,1,1,1,2
1,1,1,0.6682085,0.7207471,1,1,1,1,2
1,1,1,0.6530238,0.7329295,1,1,1,1,2
1,1,1,0.6381129,0.7460539,1,1,1,1,2
1,1,1,0.6234666,0.7601561,1,1,1,1,2
1,1,1,0.6090785,0.7752644,1,1,1,1,2
1,1,1,0.5949417,0.7914203,1,1,1,1,2
1,1,0.6958555,0.5810447,1,1,1,1,1,2
1,1,0.6731446,0.5656439,1,1,1,1,1,2
1,1,0.6509269,0.5504655,1,1,1,1,1,2
1,1,0.6292487,0.5582503,1,1,1,1,1,2
1,1,0.6083265,0.5751895,1,1,1,1,1,2
1,1,0.5881997,0.5938426,1,1,1,1,1,2
1,1,0.5688275,0.6143115,1,1,1,1,1,2
1,1,0.5501712,0.6367267,1,1,1,1,1,2
1,1,0.5321839,0.6612233,1,1,1,1,1,2
1,1,0.5148227,0.6879505,1,1,1,1,1,2
1,1,0.4980457,1,1,1,1,1,1,2
1,1,0.4828708,1,1,1,1,1,1,2
1,1,0.4679147,1,1,1,1,1,1,2
1,1,0.4531787,1,1,1,1,1,1,2
1,1,0.4386629,1,1,1,1,1,1,2
1,1,0.4308184,1,1,1,1,1,1,2
1,1,0.4387588,1,1,1,1,1,1,2
1,1,0.4470092,1,1,1,1,1,1,2
1,0.5557247,0.4555597,1,1,1,1,1,1,2
1,0.525376,0.4746695,1,1,1,1,1,1,2
1,0.496776,0.4962175,1,1,1,1,1,1,2
1,0.469775,0.5205629,1,1,1,1,0.7495235,1,2
1,0.4464072,0.542154,1,1,1,1,0.7393823,1,2
1,0.4242782,0.5652291,1,1,1,1,0.7298309,1,2
1,0.4032655,1,1,1,1,1,0.7208289,1,2
1,0.3856169,1,1,1,1,1,0.7154894,1,2
1,0.3682531,1,1,1,1,1,0.7100919,1,2
1,0.3511846,1,1,1,1,1,0.7046491,1,2
1,0.3344152,1,1,1,1,1,0.6991797,1,2
1,0.3179457,1,1,1,1,1,0.693693,1,2
1,0.3176069,1,1,1,1,1,0.6882004,1,2
1,0.3225186,1,1,1,1,1,0.68291,1,2
1,0.3274541,1,1,1,1,1,1,1,2
0.4678664,0.3369635,1,1,1,1,1,0.6682864,1,2
0.4241497,0.3482347,1,1,1,1,1,0.6581091,1,2
0.3843981,0.3605766,1,1,1,1,1,0.6482242,1,2
0.3480962,0.3740883,1,1,1,1,1,0.6386123,1,2
0.3148191,0.3888827,1,1,1,1,1,0.629255,1,2
0.2842043,0.4050882,1,1,1,1,1,0.6201352,1,2
0.2742654,0.4228468,1,1,1,1,1,0.6112401,1,2
0.2814563,1,1,1,1,1,1,0.6025576,1,2
0.2869932,1,1,1,1,1,1,0.596763,1,2
0.2926121,1,1,1,1,1,1,0.5911273,1,2
0.2982994,1,1,1,1,1,1,0.5856352,1,2
0.3040416,1,1,1,1,1,1,0.5802733,1,2
0.309829,1,1,1,1,1,1,0.5750269,1,2
0.3156445,1,1,1,1,1,1,0.5698896,1,2
0.3214746,1,1,1,1,1,1,0.5648528,1,2
0.3273101,1,1,1,1,1,1,0.5599064,1,2
0.3331379,1,1,1,1,1,1,0.5550447,1,2
0.3389493,1,1,1,1,1,1,0.5502599,1,2
0.3447315,1,1,1,1,1,1,0.5455487,1,1
0.3504765,1,1,1,1,1,1,0.5409049,1,1
0.3561725,1,1,1,1,1,1,1,1,2
0.3671727,1,1,1,1,1,1,0.5287305,1,1
1,1,1,1,1,1,1,1,1,1
1,1,1,1,1,1,1,1,1,1
1,1,1,1,1,1,1,1,1,1
1,1,1,1,1,1,1,1,1,1
1,1,1,1,1,1,1,1,0.4928037,0
1,1,1,1,1,1,0.9646767,1,0.4874762,0
1,1,1,1,1,1,0.9702706,1,0.4825847,0
1,1,1,1,1,1,0.985453,1,0.4781263,0
1,1,1,1,1,1,1,1,0.4740896,0
1,1,1,1,1,1,1,1,0.4704738,0
1,1,1,1,1,1,1,1,0.4672697,0
1,1,1,1,1,1,1,1,0.4644755,0
1,1,1,1,1,1,1,1,0.4620902,0
1,1,1,1,1,1,1,1,0.4601076,0
1,1,1,1,1,1,1,1,1,1
1,1,1,1,1,1,1,1,1,1
1,1,1,1,1,1,1,1,1,1
1,1,1,1,1,1,1,1,1,1
1,1,1,1,1,1,1,1,1,1
1,1,1,1,1,1,1,1,1,1
1,1,1,1,1,1,1,1,1,1
1,1,1,1,1,1,1,1,1,1
1,1,1,1,1,1,1,1,1,1
1,1,1,1,1,1,1,1,1,1
1,1,1,1,1,1,1,0.9863922,1,1
1,1,1,1,1,1,1,0.9648337,1,1
1,1,1,1,1,1,1,0.9419216,1,1
1,1,1,1,1,1,1,0.917688,1,1
1,1,1,1,1,1,1,0.8921837,1,1
1,1,1,1,1,1,1,0.8654863,1,0
1,1,1,1,1,1,1,0.8377069,1,0
1,1,1,1,1,1,1,0.8089817,1,0
1,1,1,1,1,1,1,0.7794625,1,0
1,1,1,1,1,1,1,0.7493199,1,0
1,1,1,1,1,1,1,0.7468974,1,0
1,1,1,1,1,1,1,0.7492743,1,0
1,1,1,1,1,1,1,0.7517812,1,0
1,1,1,1,1,1,1,0.7544154,1,0
1,1,1,1,1,1,1,0.7571704,1,0
1,1,1,1,1,1,1,0.7600437,1,0
0.9990278,1,1,1,1,1,1,0.7630284,1,0
0.9969587,1,1,1,1,1,1,0.766102,1,0
0.9949697,1,1,1,1,1,1,0.7692338,1,0
0.993056,1,1,1,1,1,1,0.7724171,1,0
0.9912103,1,1,0.9943916,0.9921853,1,1,0.7756487,1,0
0.9894284,1,1,0.9851109,0.9816732,1,1,0.7789224,1,0
0.9877123,1,0.9999577,0.9758351,0.9712313,1,1,0.7822219,1,0
0.9860618,1,0.9844897,1,0.9608561,1,1,0.7855327,1,0
0.9844993,1,0.9701822,1,0.9505442,1,1,0.7887985,1,0
0.9830523,1,0.9571835,1,0.9402919,1,1,0.7919446,1,0
0.9817112,1,0.9453572,1,0.9300892,1,1,0.7949658,0.9354026,0
0.9796641,1,0.9288193,1,0.9198578,1,1,0.7995631,0.8614383,0
0.9768966,1,0.9076962,1,0.9096476,1,1,0.8059823,0.7845466,0
0.9735008,1,0.8828572,1,0.8995228,1,1,0.8143231,0.7075319,0
0.9696051,1,0.8553786,1,0.8895599,1,1,0.8246417,0.6501595,0
0.9655381,1,0.827581,1,0.879814,0.8893021,1,0.8364064,0.6533895,0
0.9617637,1,0.8026252,1,0.8702564,0.8773316,1,0.8482895,0.6568033,0
0.9583839,1,0.781095,1,0.860819,0.8657638,1,0.8597004,0.6602243,0
0.9553353,1,0.7624205,1,0.8514521,0.8545243,1,1,0.6636108,0
0.9533,1,0.7514277,1,0.8418676,0.8438786,1,1,0.6659805,0
0.9513499,1,0.7413499,1,0.8322819,0.8333395,1,1,0.6683269,0
0.9494759,1,0.7321027,1,0.8226848,0.8228896,1,1,0.6706403,0
0.9476708,1,0.7236117,1,0.8130732,0.8125203,1,1,0.672912,0
0.9459254,1,0.7158059,1,0.8034393,0.8022176,1,1,0.6751373,0
0.9442347,1,0.7086288,1,0.7937831,0.7919754,1,1,0.6773092,1
0.9425921,1,0.7020236,1,0.784099,0.7817827,1,1,0.6794248,1
0.9409949,1,0.6959463,1,0.7743855,0.7716327,1,1,0.6814786,1
0.9394383,1,0.6903526,1,0.7646422,0.7615196,1,1,0.6834691,1
0.9379216,1,0.685208,1,0.754869,0.7514382,1,1,0.685392,1
0.9364384,1,0.6804701,1,0.7450666,0.7413844,1,1,0.6872502,1
0.9349893,1,0.6761128,1,0.7352359,0.7313546,1,1,0.6890401,1
0.9335726,1,0.6721066,1,0.7253753,0.7213426,1,1,0.6907625,1
0.9321836,1,0.6684188,1,0.7154897,0.711349,1,1,0.6924208,1
0.9308246,1,0.6650318,1,0.7055777,0.7013685,1,1,0.6940128,1
0.9294952,1,0.661924,1,0.6956446,0.6914024,1,1,0.6955393,1
0.928192,1,0.6590698,1,0.6856893,0.6814462,1,1,0.6970049,1
0.9269155,1,0.6564514,1,0.6757141,0.6714984,1,1,0.6984106,1
0.9256662,1,0.654053,1,0.6657211,0.6615581,1,1,0.6997576,1
0.9244415,1,0.6518542,1,0.6557122,0.6516243,1,1,0.7010505,1
0.9232424,1,0.649842,1,0.6456898,0.6416962,1,1,0.7022902,1
0.922067,1,0.647999,1,0.6356557,0.6317731,1,1,0.7034813,1
0.9209166,0.7463641,0.6463146,1,0.6256086,0.6218513,1,1,0.7046241,2
0.9210817,0.717544,0.6543249,1,0.6149029,0.612241,1,1,0.7031308,2
0.9214705,0.6893243,0.6631351,1,0.6042486,0.6026751,1,1,0.7015389,2
0.9220799,0.6618024,0.6727046,1,0.5936564,0.5931536,1,1,0.6998755,2
0.9229015,0.6350424,0.682983,1,0.5831305,0.5836717,1,1,0.6981671,2
0.9239243,0.6090897,0.6939163,1,0.5726759,0.574226,1,1,0.6964352,2
0.9251359,0.5839573,0.7054468,1,0.5622888,0.5648061,1,1,0.6946971,2
0.9265194,0.5596561,0.7175087,1,0.5519725,0.5554096,1,1,0.6929693,2
0.9280599,0.5361675,1,1,0.5417197,0.5460244,1,1,0.6912607,2
0.9285709,0.516911,1,1,0.5316283,0.5362563,1,1,0.690734,2
0.9292165,0.4976666,1,1,0.5215412,0.5265075,1,1,0.690106,2
0.9299957,0.4784873,1,1,0.5114644,0.5167786,1,1,0.6893855,2
0.9309072,0.4594112,1,1,0.5013965,0.5070636,1,1,0.6885808,2
1,0.4404802,1,1,0.4913426,0.4973627,1,1,0.6876994,1
1,0.4312941,1,1,0.4813219,0.4874537,1,1,0.6873174,1
1,0.4321213,1,1,0.4713022,0.4775411,1,1,0.6869013,1
1,0.4328886,1,1,0.461288,0.4676016,1,1,0.686519,1
1,0.4335997,1,1,0.4512782,0.4576365,1,1,0.6861658,1
1,0.4342507,1,0.4485112,0.4412715,0.4476474,1,1,0.6858437,2
1,0.4364044,1,0.4378827,0.4312644,0.437952,1,1,0.6847435,2
1,0.4384341,1,0.4273371,0.4212707,0.4282027,1,1,1,2
1,0.4454347,1,0.4160166,0.4113775,0.4194449,1,1,0.6804678,1
0.6590607,0.446871,1,0.4057338,0.4014047,0.4094774,1,1,1,2
0.5827789,0.4560458,1,0.3944849,0.3917125,0.4010803,1,1,1,2
0.5161762,0.466074,1,0.3834811,0.3821854,0.392793,1,1,0.6723911,2
0.4628655,0.4749487,1,0.3728456,0.372674,0.3841701,1,1,0.6694267,2
0.4145051,0.4844648,1,0.3623629,0.3632531,0.3755878,1,1,0.6665061,2
0.3706675,0.4945185,1,0.352031,0.3539059,0.3670119,1,1,0.6636502,2
0.3686529,0.5049939,1,0.3418379,0.3446105,0.3584075,1,1,0.6608733,2
0.3723912,0.5149108,1,0.3317836,0.3352752,0.3495759,1,1,0.6582994,2
0.3760034,0.524098,1,0.3218239,0.3258669,0.34049,1,1,0.6558872,2
0.3794723,1,0.323495,0.3119289,0.3163789,0.3311657,1,1,0.6535885,1
0.3818125,1,0.3130457,0.3020704,0.3065244,0.3210115,1,1,1,2
0.3868838,1,0.301544,0.2922685,0.2974489,0.3124821,1,1,1,2
0.3918447,1,0.2904107,0.2825521,0.2882885,0.3036811,1,1,1,2
0.3966637,1,0.2795687,0.2728873,0.2790314,0.2946165,1,1,1,2
0.40132,1,0.2689575,0.2632504,0.2696733,0.2853029,1,1,1,2
0.4058027,1,0.2585322,0.2536282,0.2602187,0.2757634,1,1,1,2
0.4101054,1,0.2482517,0.2440067,0.2506697,0.2660164,1,1,1,2
0.4142284,1,0.2380887,0.2343819,0.2410364,0.2560883,1,1,1,2
0.4181744,1,0.2280184,0.2247495,0.2313273,0.2460018,1,1,1,1
0.421951,1,0.2180209,0.215107,0.221551,0.2357784,1,1,1,1
0.4255663,1,0.2080795,0.2054526,0.211716,0.2254384,1,1,1,1
0.4290286,1,0.1981833,0.1957887,0.201833,0.2150031,1,1,1,1
0.4323526,1,0.1883207,0.1861145,0.1919089,0.2044887,1,1,1,1
0.4355454,0.2146078,0.1784845,0.1764325,0.181953,0.1939123,1,1,1,2
0.4437473,0.200219,0.1681892,0.1671001,0.1729294,0.1850045,1,1,1,2
0.4514963,0.1867421,0.1581375,0.1577659,0.1637386,0.1757309,1,1,1,2
1,0.1739552,0.1482647,0.1484144,0.1543942,0.166136,1,1,1,0
1,0.1635746,0.1387969,0.1386147,0.1439664,0.1546351,0.1856745,1,1,0
1,0.1542546,0.1294936,0.1286123,0.1330684,0.1423239,0.1695117,1,1,0
1,0.1446691,0.1201297,0.118655,0.1223017,0.1302632,0.1539288,1,1,0
1,0.1347962,0.110695,0.1087328,0.1116537,0.1184338,0.1388807,1,1,0
1,0.1244876,0.1011542,0.09884755,0.1011491,0.1068855,0.1244657,1,1,0
1,0.1135422,0.09145495,0.08899166,0.09080619,0.09566344,0.1107785,1,1,0
1,1,1,1,1,1,1,1,1,1
1,1,1,1,1,1,1,1,1,1
1,1,1,1,1,1,1,1,1,1
1,1,1,1,1,1,1,1,1,1
1,1,1,1,1,1,1,1,1,1
1,1,1,1,1,1,1,1,1,1
1,1,1,1,1,1,1,1,1,1
1,1,1,1,1,1,1,1,1,1
1,1,1,1,1,1,1,1,1,1
1,1,1,1,1,1,1,1,1,1
1,1,1,1,1,1,1,1,1,1
1,1,1,1,1,1,1,1,1,1
1,1,1,1,1,1,1,1,1,1
1,1,1,1,1,1,1,1,1,1
1,1,1,1,1,1,1,1,1,1
1,1,1,1,1,1,1,1,1,1
1,1,1,1,1,1,1,1,1,1
1,1,1,1,1,1,1,1,1,1
1,1,1,1,1,1,1,1,1,1
1,1,1,1,1,1,1,1,1,1
1,1,1,1,1,1,1,1,1,1
1,1,1,1,1,1,1,1,1,1
1,1,1,1,1,1,1,1,1,1
1,1,1,1,1,1,1,1,1,1
1,1,1,1,1,1,1,1,1,1
1,1,1,1,1,1,1,1,1,1
1,1,1,1,1,1,1,1,1,1
1,1,1,1,1,1,1,1,1,1
1,1,1,1,1,1,1,1,1,1
1,1,1,1,1,1,1,1,1,1
1,1,1,1,1,1,1,1,1,1
1,1,1,1,1,1,1,1,1,1
1,1,1,1,1,1,1,1,1,1
1,1,1,1,1,1,1,1,1,1
1,1,1,1,1,1,1,1,1,1
1,1,1,1,1,1,1,1,1,1
1,1,1,1,1,1,1,1,1,1
1,1,1,1,1,1,1,1,1,1
1,1,1,1,1,1,1,1,1,1
1,1,1,1,1,1,1,1,1,1
1,1,1,1,1,1,1,1,1,1
1,1,1,1,1,1,1,1,1,1
1,1,1,1,1,1,1,1,1,1
1,1,1,1,1,1,1,1,1,1
1,0.9764341,1,1,1,1,1,1,1,1
1,0.9600109,1,1,1,1,1,1,1,1
1,0.9430286,1,1,1,1,1,1,1,1
1,0.925505,1,1,1,1,1,1,1,1
1,0.907464,1,1,1,1,1,1,1,1
1,0.8889346,1,1,1,1,1,1,1,1
1,0.8699515,1,1,1,1,1,1,1,1
1,0.8715923,1,1,1,1,1,1,1,1
1,0.8749638,1,1,1,1,1,1,1,1
1,0.8783291,1,1,1,1,1,1,1,1
1,0.8816913,1,1,1,1,1,1,1,1
1,0.8850448,1,1,1,1,1,1,1,1
1,0.8883883,1,1,1,1,1,1,1,1
1,1,1,1,1,1,1,1,1,1
1,1,1,1,1,1,1,1,1,1
1,1,1,1,1,1,1,1,1,1
1,1,1,1,1,1,1,1,1,1
1,1,0.9930177,1,1,1,1,1,1,1
1,1,0.9821376,1,1,1,1,1,1,1
1,1,0.971187,1,1,1,1,1,1,1
1,1,0.960168,1,1,1,1,1,1,1
1,1,0.9490832,1,1,1,1,1,1,1
1,1,0.9379352,1,1,1,1,1,1,1
1,1,0.9267271,1,1,1,1,1,1,1
1,1,0.9154619,1,1,1,1,1,1,1
1,1,0.9041462,1,1,1,1,1,1,1
1,1,0.8927801,1,1,1,1,1,1,1
1,1,0.8813674,1,1,1,1,1,1,1
1,1,0.8699117,1,1,1,1,1,1,1
1,1,0.8584201,1,1,1,1,1,1,1
1,1,0.8468936,1,1,1,1,1,1,1
1,1,0.8353391,1,1,1,1,1,1,1
1,1,0.8237576,1,1,1,1,1,1,1
1,1,0.8121565,1,1,1,1,1,1,1
1,1,0.8005365,1,1,1,1,1,1,1
1,1,0.7901418,1,1,1,1,1,1,1
1,1,0.798681,1,1,1,1,1,1,1
0.7819529,1,0.8071297,1,1,1,1,1,1,2
0.7278879,1,0.8349302,1,1,1,1,1,1,2
0.7202061,1,0.869006,1,1,1,1,1,1,2
0.7249553,1,0.9054502,1,1,1,1,1,1,2
0.7297648,0.9234043,0.9429975,1,1,1,1,1,1,2
0.7353078,0.8987601,0.9885453,1,1,1,1,1,1,2
0.7411239,0.8750482,1,1,1,1,1,1,1,2
1,0.8519198,1,1,1,1,1,1,1,1
1,0.836042,1,1,1,1,1,1,1,2
1,0.8200135,1,1,1,1,1,1,1,2
1,0.8038542,1,1,1,1,1,1,1,2
1,0.7875962,1,1,1,1,1,1,1,2
1,0.7712603,1,1,1,1,1,1,1,2
1,0.7548753,1,1,1,1,1,1,1,2
1,0.738466,1,1,1,1,1,1,1,2
1,0.7220568,1,1,1,1,1,1,1,2
1,0.7056756,1,1,1,1,1,1,1,2
1,0.6893489,1,1,1,1,1,1,1,2
1,0.6730951,1,1,1,1,1,1,1,2
1,0.656942,1,1,1,1,1,1,1,2
1,0.6409056,1,1,1,1,1,1,1,2
1,0.6250108,1,1,1,1,1,1,1,2
1,0.6092702,1,1,1,1,1,1,1,2
1,0.5937018,1,1,1,1,1,1,1,2
1,0.596329,1,1,1,1,1,1,1,2
1,0.6101294,1,1,1,1,1,1,1,2
1,0.6241075,1,1,1,1,1,1,1,2
1,0.6382411,1,1,1,1,1,1,1,2
0.8074571,0.652501,1,1,1,1,1,1,1,2
0.7733071,0.6744808,1,1,1,1,1,1,1,2
0.7403273,0.6985311,1,1,1,1,1,1,1,2
0.7086111,0.7247854,1,1,1,1,1,1,1,2
0.6782081,0.7533761,1,1,1,1,1,1,1,2
0.6491512,0.7844471,1,1,1,1,1,1,1,2
0.6214383,0.8181347,1,1,1,1,1,1,1,2
0.5950522,1,1,1,1,1,1,1,1,2
0.5717181,1,1,1,1,1,1,1,1,2
0.5488999,1,1,1,1,1,1,1,1,2
0.5266582,1,1,1,1,1,1,1,1,2
0.5257863,1,1,1,1,1,1,1,1,2
0.5395706,1,1,1,1,1,1,1,1,2
0.5536961,1,1,1,1,1,1,1,1,2
0.568139,1,1,1,1,1,1,1,1,2
0.5828737,1,1,1,1,1,1,1,1,2
0.5978729,1,1,1,1,1,1,1,1,2
0.6131123,1,1,1,1,1,1,0.9975716,1,2
0.6284884,1,1,1,1,1,1,0.9906699,1,2
0.643823,1,1,1,1,1,1,0.9839206,1,2
0.6590728,1,1,1,1,1,1,0.9772938,1,2
0.6741848,1,1,1,1,1,1,0.9707704,1,2
0.689107,1,1,1,1,1,1,0.9643342,1,2
0.7037984,1,1,1,1,1,1,0.9579665,1,2
0.7182139,1,1,1,1,1,1,0.9516543,1,2
0.7323068,1,1,1,1,1,1,0.9453905,1,2
1,1,1,1,1,1,1,0.939164,1,1
1,1,1,1,1,1,1,0.9334434,1,1
1,1,1,1,1,1,1,0.9277644,1,1
1,1,1,1,1,1,1,0.9221315,1,1
1,1,1,1,1,1,1,0.916549,1,1
1,1,1,1,1,1,1,1,1,1
1,1,1,1,1,1,1,1,1,1
1,1,1,1,1,1,1,1,1,1
1,1,1,1,1,1,1,1,1,1
1,1,1,1,1,1,1,1,1,1
1,1,1,1,1,1,1,1,1,1
1,1,1,1,1,1,1,1,0.9307292,1
1,1,1,1,1,1,1,1,0.9236807,1
1,1,1,1,1,1,1,1,0.9165859,1
1,1,1,1,1,1,1,1,0.9094486,1
1,1,1,1,1,1,1,1,0.9022789,1
1,1,1,1,1,1,1,1,0.895081,1
1,1,1,1,1,1,1,1,0.8878657,0
1,1,1,1,1,1,1,1,0.8806375,0
1,1,1,1,1,1,1,1,0.8734042,0
1,1,1,1,1,1,1,1,0.8661709,0
1,1,1,1,1,1,1,1,0.8589492,0
1,1,1,1,1,1,1,1,0.8517473,0
1,1,1,1,1,1,1,1,0.8445709,0
1,1,1,1,1,1,1,1,0.8374287,0
1,1,1,1,1,1,1,1,0.8303295,0
1,1,1,1,1,1,1,1,0.8232821,0
1,1,1,1,1,1,1,1,0.8162956,0
1,1,1,1,1,1,1,1,0.809379,0
1,1,1,1,1,1,1,1,0.8025413,0
1,1,1,1,1,1,1,1,0.7957915,0
1,1,1,1,1,1,1,1,0.7891385,0
1,1,1,1,1,1,1,1,0.7825884,0
1,1,1,1,1,1,1,1,0.7761529,0
1,1,1,1,1,1,1,1,0.8251694,0
1,1,1,1,1,1,1,1,0.8956121,0
1,1,1,1,1,1,1,1,0.9576963,1
1,1,1,1,1,1,1,1,1,1
1,1,1,1,1,1,1,1,1,1
1,1,1,1,1,1,1,1,1,1
1,1,1,1,1,1,1,1,1,1
1,1,1,1,1,1,1,1,1,1
1,1,1,1,1,1,1,1,1,1
1,1,1,1,1,1,1,1,1,1
1,1,1,1,1,1,1,1,1,1
1,1,1,1,1,1,1,1,1,1
1,1,1,1,1,1,1,1,1,1
1,1,1,1,1,1,1,1,1,1
1,1,1,1,1,1,1,1,1,1
1,1,1,1,1,1,1,1,1,1
1,1,1,1,1,1,1,1,1,1
1,1,1,1,1,1,1,1,1,1
1,1,1,1,1,1,1,1,1,1
1,1,1,1,1,1,1,1,1,1
1,1,1,1,1,1,1,1,1,1
1,1,1,1,1,1,1,1,1,1
1,1,1,1,1,1,1,1,1,1
1,1,1,1,1,1,1,1,1,1
1,1,1,1,1,1,1,1,1,1
1,1,1,1,1,1,1,1,1,1
1,1,1,1,1,1,1,1,1,1
1,1,1,1,1,1,1,1,1,1
1,1,1,1,1,1,1,1,1,1
1,1,1,1,1,1,1,1,1,1
1,1,1,1,1,1,1,1,1,1
1,1,1,1,1,1,1,1,1,1
1,1,1,1,1,1,1,1,1,1
1,1,1,1,1,1,1,1,1,1
1,1,1,1,1,1,1,1,1,1
1,1,1,1,1,1,1,1,1,1
1,1,1,1,1,1,1,1,1,1
1,1,1,1,1,1,1,1,1,1
1,1,1,1,1,1,1,1,1,1
1,1,1,1,1,1,1,1,1,1
1,1,1,1,1,1,1,1,1,1
1,1,1,1,1,1,1,1,1,1
1,1,1,1,1,1,1,1,1,1
1,1,1,1,1,1,1,1,1,1
1,1,1,1,1,1,1,1,1,1
1,1,1,1,1,1,1,1,1,1
1,1,1,1,1,1,1,1,1,1
1,1,1,1,1,1,1,1,1,1
1,1,1,1,1,1,1,1,1,1
1,1,1,1,1,1,1,1,1,1
1,1,1,1,1,1,1,1,1,1
1,1,1,1,1,1,1,1,1,1
1,1,1,1,1,1,1,1,1,1
1,1,1,1,1,1,1,1,1,1
1,1,1,1,1,1,1,1,1,1
1,1,1,1,1,1,1,1,1,1
1,1,1,1,1,1,1,1,1,1
1,1,1,1,1,1,1,1,1,1
1,1,1,1,1,1,1,1,1,1
1,1,1,1,1,1,1,1,1,1
1,1,1,1,1,1,1,1,1,1
1,1,1,1,1,1,1,1,1,1
1,1,1,1,1,1,1,1,1,1
1,1,1,1,1,1,1,1,1,1
1,1,1,1,1,1,1,1,1,1
1,1,1,1,1,1,1,1,1,1
1,1,1,1,1,1,1,1,1,1
1,1,1,1,1,1,1,1,1,1
1,1,1,1,1,1,1,1,1,1
1,1,1,1,1,1,1,1,1,1
1,1,1,1,1,1,1,1,1,1
1,1,1,1,1,1,1,1,1,1
1,1,1,1,1,1,1,1,1,1
1,1,1,1,1,1,1,1,1,1
1,1,1,1,1,1,1,1,1,1
1,1,1,1,1,1,1,1,1,1
1,1,1,1,1,1,1,1,1,1
1,1,1,1,1,1,1,1,1,1
1,1,1,1,1,1,1,1,1,1
1,1,1,1,1,1,1,1,1,1
1,1,1,1,1,1,1,1,1,1
1,1,1,1,1,1,1,1,1,1
1,1,1,1,1,1,1,1,1,1
1,1,1,1,1,1,1,1,1,1
1,1,1,1,1,1,1,1,1,1
1,1,1,1,1,1,1,1,1,1
1,1,1,1,1,1,1,1,1,1
1,1,1,1,1,1,1,1,1,1
1,1,1,1,1,1,1,1,1,1
1,1,1,1,1,1,1,1,1,1
1,1,1,1,1,1,1,1,1,1
1,1,1,1,1,1,1,1,1,1
1,1,1,1,1,1,1,1,1,1
1,1,1,1,1,1,1,1,1,1
1,1,1,1,1,1,1,1,1,1
1,1,1,1,1,1,1,1,1,1
1,1,1,1,1,1,1,1,1,1
1,1,1,1,1,1,1,1,1,1
1,1,1,1,1,1,1,1,1,1
1,1,1,1,1,1,1,1,1,1
1,1,1,1,1,1,1,1,1,1
1,1,1,1,1,1,1,1,1,1
1,1,1,1,1,1,1,1,1,1
1,1,1,1,1,1,1,1,1,1
1,1,1,1,1,1,1,1,1,1
1,1,1,1,1,1,1,1,1,1
1,1,1,1,1,1,1,1,1,1
1,1,1,1,1,1,1,1,1,1
1,1,1,1,1,1,1,1,1,1
1,1,1,1,1,1,1,1,1,1
1,1,1,1,1,1,1,1,1,1
1,1,1,1,1,1,1,1,1,1
1,1,1,1,1,1,1,1,1,1
1,1,1,1,1,1,1,1,1,1
1,1,1,1,1,1,1,1,1,1
1,1,1,1,1,1,1,1,1,1
1,1,1,1,1,1,1,1,1,1
1,1,1,1,1,1,1,1,1,1
1,1,1,1,1,1,1,1,1,1
1,1,1,1,1,1,1,1,1,1
1,1,1,1,1,1,1,1,1,1
1,1,1,1,1,1,1,1,1,1
1,1,1,1,1,1,1,1,1,1
1,1,1,1,1,1,1,1,1,1
1,1,1,1,1,1,1,1,1,1
1,1,1,1,1,1,1,1,1,1
1,1,1,1,1,1,1,1,1,1
1,1,1,1,1,1,1,1,1,1
1,1,1,1,1,1,1,1,1,1
1,1,1,1,1,1,1,1,1,1
1,1,1,1,1,1,1,1,1,1
1,1,1,1,1,1,1,1,1,1
1,1,1,1,1,1,1,1,1,1
1,1,1,1,1,1,1,1,1,1
1,1,1,1,1,1,1,1,1,1
1,1,1,1,1,1,1,1,1,1
1,1,1,1,1,1,1,1,1,1
1,1,1,1,1,1,1,1,1,1
1,1,1,1,1,1,1,1,1,1
1,1,1,1,1,1,1,1,1,1
1,1,1,1,1,1,1,1,1,1
1,1,1,1,1,1,1,1,1,1
1,1,1,1,1,1,1,1,1,1
1,1,1,1,1,1,1,1,1,1
1,1,1,1,1,1,1,1,1,1
1,1,1,1,1,1,1,1,1,1
1,1,1,1,1,1,1,1,1,1
1,1,1,1,1,1,1,1,1,1
1,1,1,1,1,1,1,1,1,1
1,1,1,1,1,1,1,1,1,1
1,1,1,1,1,1,1,1,1,1
1,1,1,1,1,1,1,1,1,1
1,1,1,1,1,1,1,1,1,1
1,1,1,1,1,1,1,1,1,1
1,1,1,1,1,1,1,1,1,1
1,1,1,1,1,1,1,1,1,1
1,1,1,1,1,1,1,1,1,1
1,1,1,1,1,1,1,1,1,1
1,1,1,1,1,1,1,1,1,1
1,1,1,1,1,1,1,1,1,1
1,1,1,1,1,1,1,1,1,1
1,1,1,1,1,1,1,1,1,1
1,1,1,1,1,1,1,1,1,1
1,1,1,1,1,1,1,1,1,1
1,1,1,1,1,1,1,1,1,1
1,1,1,1,1,1,1,1,1,1
1,1,1,1,1,1,1,1,1,1
1,1,1,1,1,1,1,1,1,1
1,1,1,1,1,1,1,1,1,1
1,1,1,1,1,1,1,1,1,1
1,1,1,1,1,1,1,1,1,1
1,1,1,1,1,1,1,1,1,1
1,1,1,1,1,1,1,1,1,1
1,1,1,1,1,1,1,1,1,1
1,1,1,1,1,1,1,1,1,1
1,1,1,1,1,1,1,1,1,1
1,1,1,1,1,1,1,1,1,1
1,1,1,1,1,1,1,1,1,1
1,1,1,1,1,1,1,1,1,1
1,1,1,1,1,1,1,1,1,1
1,1,1,1,1,1,1,1,1,1
1,1,1,1,1,1,1,1,1,1
1,1,1,1,1,1,1,1,1,1
1,1,1,1,1,1,1,1,1,1
1,1,1,1,1,1,1,1,1,1
1,1,1,1,1,1,1,1,1,1
1,1,1,1,1,1,1,1,1,1
1,1,1,1,1,1,1,1,1,1
1,1,1,1,1,1,1,1,1,1
1,1,1,1,1,1,1,1,1,1
1,1,1,1,1,1,1,1,1,1
1,1,1,1,1,1,1,1,1,1
1,1,1,1,1,1,1,1,1,1
1,1,1,1,1,1,1,1,1,1
1,1,1,1,1,1,1,1,1,1
1,1,1,1,1,1,1,1,1,1
1,1,1,1,1,1,1,1,1,1
1,1,1,1,1,1,1,1,1,1
1,1,1,1,1,1,1,1,1,1
1,1,1,1,1,1,1,1,1,1
1,1,1,1,1,1,1,1,1,1
1,1,1,1,1,1,1,1,1,1
1,1,1,1,1,1,1,1,1,1
1,1,1,1,1,1,1,1,1,1
1,1,1,1,1,1,1,1,1,1
1,1,1,1,1,1,1,1,1,1
1,1,1,1,1,1,1,1,1,1
1,1,1,1,1,1,1,1,1,1
1,1,1,1,1,1,1,1,1,1
1,1,1,1,1,1,1,1,1,1
1,1,1,1,1,1,1,1,1,1
1,1,1,1,1,1,1,1,1,1
1,1,1,1,1,1,1,1,1,1
1,1,1,1,1,1,1,1,1,1
1,1,1,1,1,1,1,1,1,1
1,1,1,1,1,1,1,1,1,1
1,1,1,1,0.9989604,1,1,1,1,1
1,1,1,1,0.9889504,1,1,1,1,1
1,1,1,1,0.978848,1,1,1,1,1
1,1,1,1,0.9686521,1,1,1,1,1
1,1,1,1,0.9583651,1,1,1,1,1
1,1,1,1,0.9479899,1,1,1,1,1
1,1,1,1,0.9375297,1,1,1,1,1
1,1,1,1,0.9269844,1,1,1,1,1
1,1,1,1,0.9163576,1,1,1,1,1
1,1,1,1,0.9056533,1,1,1,1,1
1,1,1,1,0.8948723,0.9949061,1,1,1,1
1,1,1,1,0.8839644,0.9822923,1,1,1,1
1,1,1,1,0.8728586,0.9693559,1,1,1,1
1,1,1,1,0.8615581,0.9561052,1,1,1,1
1,1,1,1,0.8500746,0.9425589,1,1,1,1
1,1,1,1,0.8385312,0.9287341,1,1,1,0
1,1,1,1,0.8368112,0.9146555,1,1,1,0
1,1,1,1,0.8357741,0.9004554,1,1,1,0
1,1,1,1,0.835426,0.8861586,1,1,1,0
1,1,1,1,0.8357679,0.8717855,1,1,1,0
1,1,1,1,0.836795,0.8573634,1,1,1,0
1,1,1,1,0.8385111,0.8429104,1,1,1,0
1,1,1,1,0.8409222,0.8284472,1,1,1,0
1,1,1,1,0.8440353,0.8139893,1,1,1,0
1,1,1,1,0.8478521,0.799558,1,1,1,0
1,1,1,1,0.8523824,0.7851659,1,1,1,0
1,1,1,1,0.857639,0.7708313,1,1,1,0
1,1,1,1,0.8636271,0.7565634,1,1,1,0
1,1,1,1,0.8703536,0.7423736,1,1,1,0
1,1,1,1,0.8778356,0.7282754,1,1,1,0
1,1,1,1,0.886083,0.714277,1,1,1,0
1,1,1,1,0.8951164,0.7003816,1,1,1,0
1,1,1,1,0.9049398,0.6865987,1,1,1,0
1,1,1,1,1,0.672932,1,1,1,0
1,1,1,1,1,0.6597842,0.7973731,1,1,0
1,1,1,1,1,0.6446942,0.7752547,1,1,0
1,1,1,1,1,0.6296399,0.7532476,1,1,0
1,1,1,1,1,0.6395141,0.731431,1,1,0
1,1,1,1,1,0.6523768,0.7101511,1,1,0
1,1,1,1,1,0.6665479,0.6894343,1,1,0
1,1,1,1,1,0.6820815,0.6692825,1,1,0
1,1,1,1,1,0.6990515,0.6496915,1,1,0
1,1,1,1,1,0.7175223,0.630649,1,1,0
1,1,1,1,1,0.7375724,0.612146,1,1,0
1,1,1,1,1,0.7592775,0.5941595,1,1,0
1,1,1,1,1,1,0.5766751,1,1,0
1,1,1,1,1,1,0.5608205,1,1,0
1,1,1,1,1,1,0.5451372,1,1,0
1,1,1,1,1,1,0.5296382,1,1,0
1,1,1,1,1,1,0.5143274,1,1,0
1,1,1,1,1,1,0.4992145,1,1,0
1,1,1,1,1,1,0.49467,1,1,0
1,1,1,1,1,1,0.5020154,1,1,0
1,1,1,1,1,1,0.5095935,1,1,0
1,1,1,1,1,1,0.5173982,1,1,0
1,1,1,1,1,1,0.5254229,0.6322646,1,0
1,1,1,1,1,1,0.5456731,0.5985932,1,0
1,1,1,1,1,1,0.5683519,0.5669487,1,0
1,1,1,1,1,1,0.5938103,0.5371467,1,0
1,1,1,1,1,1,0.6224631,0.509029,1,0
1,1,1,1,1,1,1,0.4824511,1,0
1,1,1,1,1,1,1,0.4596731,0.9406934,0
1,1,1,1,1,1,1,0.4365285,0.9177715,0
1,1,1,1,1,1,1,0.4139098,0.9255542,0
1,1,1,1,1,1,1,0.3923589,0.9340453,0
1,1,1,1,1,1,1,0.3818932,0.9432335,0
1,1,1,1,1,1,1,0.3927976,0.9529794,0
1,1,1,1,1,1,1,0.4041211,0.9629806,0
1,1,1,1,1,1,1,0.4158296,0.5605887,0
1,1,1,1,1,1,1,0.4304597,0.5163463,0
1,1,1,1,1,1,1,0.4464413,0.4758745,0
1,1,1,1,1,1,1,0.4639025,0.43872,0
1,1,1,1,1,1,1,0.4830008,0.4044948,0
1,1,1,1,1,1,1,0.5039001,0.3728684,0
1,1,1,1,1,1,1,1,0.3435643,0
1,1,1,1,1,1,1,1,0.3401584,0
1,1,1,1,1,1,1,1,0.3495371,0
1,1,1,1,1,1,1,1,0.3596019,0
1,1,1,1,1,1,1,1,0.3703962,0
1,1,1,1,1,1,1,1,0.3819042,0
1,1,1,1,1,1,1,1,0.3939736,0
1,1,1,1,1,1,1,1,0.4065971,0
1,1,1,1,1,1,1,1,0.4197658,0
1,1,1,1,1,1,1,1,0.4334601,0
1,1,1,1,1,1,1,1,0.4476701,0
1,1,1,1,1,1,1,1,0.4623713,0
1,1,1,1,1,1,1,1,1,1
1,1,1,1,1,1,1,1,1,1
1,1,1,1,1,1,1,1,1,1
1,1,1,1,1,1,1,1,1,1
1,1,1,1,1,1,1,1,1,1
1,1,1,1,1,1,1,1,1,1
1,1,1,1,1,1,1,1,1,1
1,1,1,1,1,1,1,1,1,1
1,1,1,1,1,1,1,1,1,1
1,1,1,1,1,1,1,1,1,1
1,1,1,1,1,1,1,1,1,1
1,1,1,1,1,1,1,1,1,1
1,1,1,1,1,1,1,1,1,1
1,1,1,1,1,1,1,1,1,1
1,1,1,1,1,1,1,1,1,1
1,1,1,1,1,1,1,1,1,1
1,1,1,1,1,1,1,1,1,1
1,1,1,1,1,1,1,1,1,1
1,1,1,1,1,1,1,1,1,1
1,1,1,1,1,1,1,1,1,1
1,1,1,1,1,1,1,1,1,1
1,1,1,1,1,1,1,1,1,1
1,1,1,1,1,1,1,1,1,1
1,1,1,1,1,1,1,1,1,1
1,1,1,1,1,1,1,1,1,1
1,1,1,1,1,1,1,1,1,1
1,1,1,1,1,1,1,1,1,1
1,1,1,1,1,1,1,1,1,1
1,1,1,1,1,1,1,1,1,1
1,1,1,1,1,1,1,1,1,1
1,1,1,1,1,1,1,1,1,1
1,1,1,1,1,1,1,1,1,1
1,1,1,1,1,1,1,1,1,1
1,1,1,1,1,1,1,1,1,1
1,1,1,1,1,1,1,1,1,1
1,1,1,1,1,1,1,1,1,1
1,1,1,1,1,1,1,1,1,1
1,1,1,1,1,1,1,1,1,1
1,1,1,1,1,1,1,1,1,1
1,1,1,1,1,1,1,1,1,1
1,1,1,1,1,1,1,1,1,1
1,1,1,1,1,1,1,1,1,1
1,1,1,1,1,1,1,1,1,1
1,1,1,1,1,1,1,1,1,1
1,1,1,1,1,1,1,1,1,1
1,1,1,1,1,1,1,1,1,1
1,1,1,1,1,1,1,1,1,1
1,1,1,1,1,1,1,1,1,1
1,1,1,1,1,1,1,1,1,1
1,1,1,1,1,1,1,1,1,1
1,1,1,1,1,1,1,1,1,1
1,1,1,1,1,1,1,1,1,1
1,1,1,1,1,1,1,1,1,1
1,1,1,1,1,1,1,1,1,1
1,1,1,1,1,1,1,1,1,1
1,1,1,1,1,1,1,1,1,1
1,1,1,1,1,1,1,1,1,1
1,1,1,1,1,1,1,1,1,1
1,1,1,1,1,1,1,1,1,1
1,1,1,1,1,1,1,1,1,1
1,1,1,1,1,1,1,1,1,1
1,1,1,1,1,1,1,1,1,1
1,1,1,1,1,1,1,1,1,1
1,1,1,1,1,1,1,1,1,1
1,1,1,1,1,1,1,1,1,1
1,1,1,1,1,1,1,1,1,1
1,1,1,1,1,1,1,1,1,1
1,1,1,1,1,1,1,1,1,1
1,1,1,1,1,1,1,1,1,1
1,1,1,1,1,1,1,1,1,1
1,1,1,1,1,1,1,1,1,1
1,1,1,1,1,1,1,1,1,1
1,1,1,1,1,1,1,1,1,1
1,1,1,1,1,1,1,1,1,1
1,1,1,1,1,1,1,1,1,1
1,1,1,1,1,1,1,1,1,1
1,1,1,1,1,1,1,1,1,1
1,1,1,1,1,1,1,1,1,1
1,1,1,1,1,1,1,1,1,1
1,1,1,1,1,1,1,1,1,1
1,1,1,1,1,1,1,1,1,1
1,1,1,1,1,1,1,1,1,1
1,1,1,1,1,1,1,1,1,1
1,1,1,1,1,1,1,1,1,1
1,1,1,1,1,1,1,1,1,1
1,1,1,1,1,1,1,1,1,1
1,1,1,1,1,1,1,1,1,1
1,1,1,1,1,1,1,1,1,1
1,1,1,1,1,1,1,1,1,1
1,1,1,1,1,1,1,1,1,1
1,1,1,1,1,1,1,1,1,1
1,1,1,1,1,1,1,1,1,1
1,1,1,1,1,1,1,1,1,1
1,1,1,1,1,1,1,1,1,1
1,1,1,1,1,1,1,1,1,1
1,1,1,1,1,1,1,1,1,1
1,1,1,1,1,1,1,1,1,1
1,1,1,1,1,1,1,1,1,1
1,1,1,1,1,1,1,1,1,1
1,1,1,1,1,1,1,1,1,1
1,1,1,1,1,1,1,1,1,1
1,1,1,1,1,1,1,1,1,1
1,1,1,1,1,1,1,1,1,1
1,1,1,1,1,1,1,1,1,1
1,1,1,1,1,1,1,1,1,1
1,1,1,1,1,1,1,1,1,1
1,1,1,1,1,1,1,1,1,1
1,1,1,1,1,1,1,1,1,1
1,1,1,1,1,1,1,1,1,1
1,1,1,1,1,1,1,1,1,1
1,1,1,1,1,1,1,1,1,1
1,1,1,1,1,1,1,1,1,1
1,1,1,1,1,1,1,1,1,1
1,1,1,1,1,1,1,1,1,1
1,1,1,1,1,1,1,1,1,1
1,1,1,1,1,1,1,1,1,1
1,1,1,1,1,1,1,1,1,1
1,1,1,1,1,1,1,1,1,1
1,1,1,1,1,1,1,1,1,1
1,1,1,1,1,1,1,1,1,1
1,1,1,1,1,1,1,1,1,1
1,1,1,1,1,1,1,1,1,1
1,1,1,1,1,1,1,1,1,1
1,1,1,1,1,1,1,1,1,1
1,1,1,1,1,1,1,1,1,1
1,1,1,1,1,1,1,1,1,1
1,1,1,1,1,1,1,1,1,1
1,1,1,1,1,1,1,1,1,1
1,1,1,1,1,1,1,1,1,1
1,1,1,1,1,1,1,1,1,1
1,1,1,1,1,1,1,1,1,1
1,1,1,1,1,1,1,1,1,1
1,1,1,1,1,1,1,1,1,1
1,1,1,1,1,1,1,1,1,1
1,1,1,1,1,1,1,1,1,1
1,1,1,1,1,1,1,1,1,1
1,1,1,1,1,1,1,1,1,1
1,1,1,1,1,1,1,1,1,1
1,1,1,1,1,1,1,1,1,1
1,1,1,1,1,1,1,1,1,1
1,1,1,1,1,1,1,1,1,1
1,1,1,1,1,1,1,1,1,1
1,1,1,1,1,1,1,1,1,1
1,1,1,1,1,1,1,1,1,1
1,1,1,1,1,1,1,1,1,1
1,1,1,1,1,1,1,1,1,1
1,1,1,1,1,1,1,1,1,1
1,1,1,1,1,1,1,1,1,1
1,1,1,1,1,1,1,1,1,1
1,1,1,1,1,1,1,1,1,1
1,1,1,1,1,1,1,1,1,1
1,1,1,1,1,1,1,1,1,1
1,1,1,1,1,1,1,1,1,1
1,1,1,1,1,1,1,1,1,1
1,1,1,1,1,1,1,1,1,1
1,1,1,1,1,1,1,1,1,1
1,1,1,0.9909902,1,1,1,1,1,1
1,1,1,0.980824,1,1,1,1,1,1
1,1,1,0.9706453,1,1,1,1,1,1
1,1,1,0.9604548,1,1,1,1,1,1
1,1,1,0.9502527,1,1,1,1,1,1
1,1,1,0.9400396,1,1,1,1,1,1
1,1,1,0.9298161,1,1,1,1,1,1
1,1,1,0.9195827,1,1,1,1,1,1
1,1,1,0.9093398,1,1,1,1,1,1
1,1,1,0.8990883,1,1,1,1,1,1
1,1,1,0.8888286,1,1,1,1,1,1
1,1,1,0.8785613,1,1,1,1,1,1
1,1,1,0.8682872,1,1,1,1,1,1
1,1,1,0.8580068,1,1,1,1,1,1
1,1,1,0.8477208,1,1,1,1,1,1
1,1,1,0.8374299,1,1,1,1,1,1
1,1,1,0.8271347,1,1,1,1,1,1
1,1,1,0.8168359,1,1,1,1,1,1
1,1,1,0.806534,1,1,1,1,1,1
1,1,1,0.7962298,1,1,1,1,1,1
1,1,1,0.7859271,1,1,1,1,1,1
1,1,1,0.7756233,1,1,1,1,1,1
1,1,1,0.765319,1,1,1,1,1,1
1,1,1,0.755015,1,1,1,1,1,1
1,1,0.8043669,0.7447117,1,1,1,1,1,2
1,1,0.7917225,0.7340417,1,1,1,1,1,2
1,1,0.779092,0.7233888,1,1,1,1,1,2
1,1,0.7664808,0.7127534,1,1,1,1,1,2
1,1,0.7539005,0.7021417,1,1,1,1,1,2
1,1,0.7413583,0.6915566,1,1,1,1,1,2
1,1,0.7288615,0.6810005,1,1,1,1,1,2
1,1,0.7164162,0.6704756,1,1,1,1,1,2
1,1,0.7040283,0.6599836,1,1,1,1,1,2
1,1,0.6917027,0.6495261,1,1,1,1,1,2
1,1,0.6794471,0.639107,1,1,1,1,1,2
1,1,0.6672651,0.6287271,1,1,1,1,1,2
1,1,0.6551567,0.6183838,1,1,1,1,1,2
1,1,0.6431278,0.60808,1,1,1,1,1,2
1,1,0.6311799,0.5978158,1,1,1,1,1,2
1,1,0.6193146,0.5875905,1,1,1,1,1,2
1,1,0.607536,0.5774063,1,1,1,1,1,2
1,1,0.5958409,0.5672594,1,1,1,1,1,2
1,1,0.5842328,0.5571516,1,1,1,1,1,2
1,1,0.5727078,0.6055908,1,1,1,1,1,2
1,1,0.5612854,0.7485664,1,1,1,1,1,2
1,1,0.54998,1,1,1,1,1,1,2
1,1,0.5387911,1,1,1,1,1,1,2
1,1,0.5276579,1,1,1,1,1,1,2
1,1,0.5165806,1,1,1,1,1,1,2
1,1,0.5055593,1,1,1,1,1,1,2
1,1,0.4945942,1,1,1,1,1,1,2
1,1,0.4836849,1,1,1,1,1,1,2
1,1,0.4728311,1,1,1,1,1,1,2
1,1,0.4620355,1,1,1,1,1,1,2
1,0.5626625,0.4512943,1,1,1,1,1,1,2
1,0.5427533,0.4394448,1,1,1,1,1,1,2
1,0.5235649,0.4278511,1,1,1,1,1,1,2
1,0.5050827,0.4165089,1,1,1,1,1,1,2
1,0.4872863,0.4054121,1,1,1,1,1,1,2
1,0.470152,0.3945525,1,1,1,1,1,1,2
1,0.4536489,0.4145314,1,1,1,1,1,1,2
1,0.4377982,0.4915308,1,1,1,1,1,1,2
1,0.4226167,0.5883747,1,1,1,1,1,1,2
1,0.4080442,1,1,1,1,1,1,1,2
1,0.3942743,1,1,1,1,1,1,1,2
1,0.3808081,1,1,1,1,1,1,1,2
1,0.3676417,1,1,1,1,1,1,1,2
1,0.3547702,1,1,1,1,1,1,1,2
0.4943646,0.3421846,1,1,1,1,1,1,1,2
0.4672419,0.3285547,1,1,1,1,1,1,1,2
0.4418074,0.3154364,1,1,1,1,1,1,1,2
0.4179163,0.3028027,0.9962559,1,1,1,1,1,1,2
0.3954442,0.2906315,0.9882585,1,1,1,1,1,1,2
0.3742761,0.3055339,0.980779,1,1,1,1,1,1,2
0.3543096,0.3383704,0.973812,1,1,1,1,1,1,2
0.3354527,0.3760203,0.9673533,1,1,1,1,1,1,2
0.3176229,0.4194804,0.9613999,1,1,1,1,1,1,2
0.30075,0.4700455,0.9559528,1,1,1,1,1,1,2
0.2847667,0.5294405,0.9510115,1,1,1,1,1,1,2
0.2696123,1,0.9465764,1,1,1,1,1,1,2
0.255661,1,0.9421644,1,1,1,1,1,1,2
0.2588094,1,0.9381233,1,1,1,1,1,1,2
0.2761997,1,0.9343352,1,1,1,1,1,1,2
0.294391,1,0.9306795,1,1,1,1,1,1,2
0.3133639,1,0.9271096,1,1,1,1,1,1,2
0.3330807,1,0.923586,1,1,1,1,1,1,2
0.3535129,1,1,1,1,1,1,1,1,2
0.3752683,0.9934773,1,1,1,1,1,1,1,2
0.3978281,0.984978,1,1,1,1,1,1,1,2
0.4211529,0.8562543,1,1,1,1,1,1,1,2
0.445535,0.8485085,1,1,1,1,1,1,1,2
0.4705717,0.8410284,1,1,1,1,1,1,1,2
1,0.8337818,1,1,1,1,1,1,1,1
1,0.8269939,1,1,1,1,1,1,1,1
1,0.820209,1,1,1,1,1,1,1,1
1,0.8134272,1,1,1,1,1,1,1,1
1,0.8066451,1,1,1,1,1,1,1,1
1,0.7998661,1,1,1,1,1,1,1,1
1,0.7930901,1,1,1,1,1,1,1,1
1,0.7863172,1,1,1,1,1,1,1,1
1,0.7795474,1,1,1,1,1,1,1,1
1,0.7727807,1,1,1,1,1,1,1,1
1,0.7660172,1,1,1,1,1,1,1,1
1,0.7592567,1,1,1,1,1,1,1,1
1,0.7524995,1,1,1,1,1,1,1,1
1,0.7457455,1,1,1,1,1,1,1,1
1,0.7389947,1,1,1,1,1,1,1,1
1,0.7322471,1,1,1,1,1,1,1,1
1,0.7255027,1,1,1,1,1,1,1,1
1,0.7187617,1,1,1,1,1,1,1,1
1,0.7120239,1,1,1,1,1,1,1,1
1,0.7052924,1,1,1,1,1,1,1,1
1,0.6985643,1,1,1,1,1,1,1,1
1,0.6918395,1,1,1,1,1,1,1,1
1,0.685118,1,1,1,1,1,1,1,1
1,0.6783999,1,1,1,1,1,1,1,1
1,0.6716851,1,1,1,1,1,1,1,1
1,0.6649767,1,1,1,1,1,1,1,1
1,0.6582718,1,1,1,1,1,1,1,1
1,0.6515701,1,1,1,1,1,1,1,1
1,0.644872,1,1,1,1,1,1,1,1
1,0.6381771,1,1,1,1,1,1,1,1
0.7075702,0.6314887,1,1,1,1,1,1,1,2
0.6980146,0.6247447,1,1,1,1,1,1,1,2
0.6885805,0.6180679,1,1,1,1,1,1,1,2
0.6792733,0.6114612,1,1,1,1,1,1,1,2
0.6700983,1,1,1,1,1,1,1,1,2
0.6610934,1,1,1,1,1,1,1,1,2
0.6521897,1,1,1,1,1,1,1,1,2
0.6433863,1,1,1,1,1,1,1,1,2
0.6346889,1,1,1,1,1,1,1,1,2
0.6260992,1,1,1,1,1,1,1,1,2
0.6176187,1,1,1,1,1,1,1,1,2
0.6092489,1,1,1,1,0.9897326,1,1,1,2
0.6010859,1,1,1,1,0.9776542,1,1,1,2
0.5931311,1,1,1,1,0.965853,1,1,1,2
0.5853728,1,1,1,1,0.9543117,1,1,1,2
0.5777966,1,1,1,1,0.9430105,1,1,1,2
0.5703858,1,1,1,1,0.931935,1,1,1,1
0.563131,1,1,1,1,0.9210749,1,1,1,1
0.5560204,1,1,1,1,0.9104111,1,1,1,1
0.5490394,1,1,1,0.9993134,0.8999355,1,1,1,1
0.5421853,1,1,1,0.9871961,0.8896446,1,1,1,1
0.5355226,1,1,1,0.9756505,0.8796952,0.9841792,1,1,1
0.5291504,1,1,1,0.9650823,0.8703344,0.9567199,1,1,1
0.5231224,1,1,1,0.9557416,0.8617166,0.9202034,1,1,1
0.5174628,1,1,1,0.9477948,0.8539456,0.8744551,1,1,0
0.5122002,1,1,1,0.9414275,0.8471411,0.8201758,1,1,0
0.5145228,1,1,1,0.9368206,0.8414209,0.7683769,1,1,0
0.5228792,1,1,1,0.9339398,0.8367733,0.7618455,1,1,0
0.5301932,1,1,1,1,0.8324154,0.7554995,1,1,0
0.5394703,1,1,1,1,0.8273112,0.7489254,1,1,0
0.5477778,1,1,1,1,0.8224664,0.7425103,1,1,0
0.5552015,1,1,1,1,0.8178748,0.7362556,1,1,0
0.5618173,1,1,1,1,0.8135341,0.7301657,1,1,0
0.5677125,1,1,1,1,0.8094351,0.7242383,1,1,0
0.5729622,1,1,1,1,0.8055723,0.7184737,1,1,0
0.5776432,1,1,1,1,0.8019372,0.712869,1,1,0
0.5818122,1,1,1,1,0.7985281,0.7074273,1,1,0
0.5855353,1,1,1,1,0.7953368,0.7021447,1,1,0
0.5888715,1,1,1,1,0.7923548,0.6970176,1,1,0
0.5918683,1,1,1,1,0.7895777,0.6920446,1,1,0
0.5945677,1,1,1,1,0.7870007,0.6872249,1,1,0
0.5970132,1,1,1,1,0.7846159,0.6825536,1,1,0
0.5992378,1,1,1,1,0.7824194,0.6780295,1,1,0
0.6012758,1,1,1,1,1,0.6736478,1,1,1
0.6104043,1,1,1,1,1,0.6673426,1,1,0
0.6190035,1,1,1,1,1,0.6611605,1,1,0
0.6270887,1,1,1,1,1,0.6550993,1,1,0
0.634671,1,1,1,1,1,0.6491612,1,1,0
0.64178,1,1,1,1,1,0.643338,1,1,0
0.6484292,1,1,1,1,1,0.6376323,1,1,0
0.6546438,1,1,1,1,1,0.6320401,1,1,0
0.660444,1,1,1,1,1,0.6265613,0.5725588,1,0
0.6517915,1,1,1,1,1,0.6255186,0.5660688,1,0
0.6436434,1,1,1,1,1,0.6249129,0.5599882,1,0
0.6359501,1,1,1,1,1,0.6247574,0.5543122,1,0
0.6286684,1,1,1,1,1,0.6250672,0.5490371,1,0
0.6217592,1,1,1,1,1,0.6258589,0.54416,1,0
0.6151937,1,1,1,1,1,0.6271477,0.5396763,1,0
0.608936,1,1,1,1,1,0.6289579,0.5355879,1,0
0.6029636,1,1,1,1,1,1,0.5318919,1,0
0.605406,1,1,1,1,1,1,0.5273355,1,0
0.6076593,1,1,1,1,1,1,0.5228842,1,0
0.6097369,1,1,1,1,1,1,0.5185379,1,0
0.6116479,1,1,1,1,1,1,0.5142996,1,0
0.6134046,1,1,1,1,1,1,0.5101689,0.5164205,0
0.6077233,1,1,1,1,1,1,0.5075707,0.5090398,0
0.6022711,1,1,1,1,1,1,0.505364,0.5021416,0
0.597029,1,1,1,1,1,1,0.5035536,0.4957147,0
0.5919842,1,1,1,1,1,1,0.5021421,0.4897458,0
0.5871202,1,1,1,1,1,1,0.5011364,0.4842258,0
0.5824264,1,1,1,1,1,1,0.5005413,0.479144,0
0.5778891,1,1,1,1,1,1,0.5003662,0.4744938,0
0.5734953,1,1,1,1,1,1,0.5006214,0.4702696,0
0.5692368,1,1,1,1,1,1,0.5013157,0.4664639,0
0.565106,1,1,1,1,1,1,0.5024587,0.4630702,0
0.5610925,1,1,1,1,1,1,1,0.4600861,0
0.561921,1,1,1,1,1,1,1,0.4573785,0
0.5626651,1,1,1,1,1,1,1,0.4547597,0
0.5633292,1,1,1,1,1,1,1,0.45223,0
0.5639139,1,1,1,1,1,1,1,0.4497928,0
0.5644273,1,1,1,1,1,1,1,0.4474452,0
0.5648693,1,1,1,1,1,1,1,0.4451903,0
0.5652442,1,1,1,1,1,1,1,0.4430284,0
0.5655551,1,1,1,1,1,1,1,0.4409594,0
0.5658022,1,1,1,1,1,1,1,0.4389862,0
0.5659918,1,1,1,1,1,1,1,0.4371057,0
0.5661273,1,1,1,1,1,1,1,0.4353178,0
0.5662078,1,1,1,1,1,1,1,0.4336253,0
0.5662357,1,1,1,1,1,1,1,0.4320279,0
0.5662171,1,1,1,1,1,1,1,0.4305222,0
0.5661505,1,1,1,1,1,1,1,0.4291109,0
0.5660415,1,1,1,1,1,1,1,0.7658835,2
0.5696501,1,1,1,1,1,1,1,0.7636906,2
0.5733018,1,1,1,1,1,1,1,0.7614905,2
0.6680987,1,1,1,1,1,1,1,0.7592815,1
0.6709268,1,1,1,1,1,1,1,0.7572943,1
0.6737227,1,1,1,1,1,1,1,1,2
1,1,1,1,1,1,1,1,1,1
1,1,1,1,1,1,1,1,1,1
1,1,1,1,1,1,1,1,1,1
1,1,1,1,1,1,1,1,1,1
1,1,1,1,1,1,1,1,1,1
1,1,1,1,1,1,1,1,1,1
1,1,1,1,1,1,1,1,1,1
1,1,1,1,1,1,1,1,1,1
1,1,1,1,1,1,1,1,1,1
1,1,1,1,1,1,1,1,1,1
1,1,1,1,1,1,1,1,1,1
1,1,1,1,1,1,1,1,1,1
1,1,1,1,1,1,1,1,1,1
1,1,1,1,1,1,1,1,1,1
1,1,1,1,1,1,1,1,1,1
1,1,1,1,1,1,1,1,1,1
1,1,1,1,1,1,1,1,1,1
1,1,1,1,1,1,1,1,1,1
1,1,1,1,1,1,1,1,1,1
1,1,1,1,1,1,1,1,1,1
1,1,1,1,1,1,1,1,1,1
1,1,1,1,1,1,1,1,1,1
1,1,1,1,1,1,1,1,1,1
1,1,1,1,1,1,1,1,1,1
1,1,1,1,1,1,1,1,1,1
1,1,1,1,1,1,1,1,1,1
1,1,1,1,1,1,1,1,1,1
1,1,1,1,1,1,1,1,1,1
1,1,1,1,1,1,1,1,1,1
1,1,1,1,1,1,1,1,1,1
1,1,1,1,1,1,1,1,1,1
1,1,1,1,1,1,1,1,1,1
1,1,1,1,1,1,1,1,1,1
1,1,1,1,1,1,1,1,1,1
1,1,1,1,1,1,1,1,1,1
1,1,1,1,1,1,1,1,1,1
1,1,1,1,1,1,1,0.9916407,1,1
1,1,1,1,1,1,1,0.989561,1,1
1,1,1,1,1,1,1,0.9875253,1,1
1,1,1,1,1,1,1,0.9855363,1,1
1,1,1,1,1,1,1,0.9835893,1,1
1,1,1,1,1,1,1,0.9816867,1,1
1,1,1,1,1,1,1,0.9798312,1,1
1,1,1,1,1,1,1,0.9780182,1,1
1,1,1,1,1,1,1,0.9762505,1,1
1,1,1,1,1,1,1,0.9745234,1,1
1,1,1,1,1,1,1,0.9728398,1,1
1,1,1,1,1,1,1,0.9712023,1,1
1,1,1,1,1,1,1,0.9696065,1,1
1,1,1,1,1,1,1,0.9680516,1,1
1,1,1,1,1,1,1,1,1,1
1,1,1,1,1,1,1,1,1,1
1,1,1,1,1,1,1,1,1,1
1,1,1,1,1,1,1,1,1,1
1,1,1,1,1,1,1,1,1,1
1,1,1,1,1,1,1,1,1,1
1,1,1,1,1,1,1,1,1,1
1,1,1,1,1,1,1,1,1,1
1,1,1,1,1,0.9955468,1,1,1,1
1,1,1,1,1,0.990446,1,1,1,1
1,1,1,1,1,0.9855488,1,1,1,1
1,1,1,1,1,0.9808448,1,1,1,1
1,1,1,1,1,0.9763238,1,1,1,1
1,1,1,1,1,0.9719764,1,1,1,1
1,1,1,1,1,0.9677941,1,1,1,1
1,1,1,1,1,0.9637767,1,1,1,1
1,1,1,1,1,0.9599079,1,1,1,1
1,1,1,1,1,0.9561893,1,1,1,1
1,1,1,1,1,0.9526131,1,1,1,1
1,1,1,1,1,0.9491732,0.9960914,1,1,1
1,1,1,1,1,0.9461125,0.9834193,1,1,1
1,1,1,1,1,0.9439636,0.9705172,1,1,1
1,1,1,1,1,0.9427143,0.9574028,1,1,1
1,1,1,1,1,0.9423558,0.9440948,1,1,1
1,1,1,1,1,0.9428827,0.9306124,1,1,1
1,1,1,1,1,0.9442922,0.9169708,1,1,1
1,1,1,1,1,0.9465855,0.9031931,1,0.8785194,0
1,1,1,1,1,0.9636303,0.886196,1,0.7981167,0
1,1,1,1,1,0.9919919,0.8674138,1,0.7975794,0
1,1,1,1,1,1,0.8490109,1,0.7972656,0
1,1,1,1,1,1,0.8308422,1,0.7972037,0
1,1,1,1,1,1,0.8128759,1,0.7974165,0
1,1,1,1,1,1,0.7951416,1,0.7979139,0
1,1,1,1,1,1,0.7776585,1,0.7987015,0
1,1,1,1,1,1,0.7604523,1,1,0
1,1,1,1,1,1,0.7469363,1,1,0
1,1,1,1,1,1,0.7334151,1,1,0
1,1,1,1,1,1,0.7198948,1,1,0
1,1,1,1,1,1,0.7063884,1,1,0
1,1,1,1,1,1,0.6929046,1,1,0
1,1,1,1,1,1,0.6794523,1,1,0
1,1,1,1,1,1,0.6719491,1,1,0
1,1,1,1,1,1,0.6795748,1,1,0
1,1,1,1,1,1,0.6872514,1,1,0
1,1,1,1,1,1,0.6949682,1,1,0
1,1,1,1,1,1,0.7027212,1,1,0
1,1,1,1,1,1,0.710493,1,1,0
1,1,1,1,1,1,0.7182795,1,1,0
1,1,1,1,1,1,0.726077,1,1,0
1,1,1,1,1,1,0.7338746,1,1,0
1,1,1,1,1,1,0.741661,1,1,0
1,1,1,1,1,1,0.7494329,1,1,0
1,1,1,1,1,1,0.7571789,0.7335872,1,0
1,1,1,1,1,1,0.780113,0.7082926,1,0
1,1,1,1,1,1,1,0.6836637,1,0
1,1,1,1,1,1,1,0.6619071,1,0
1,1,1,1,1,1,1,0.6402837,1,0
1,1,1,1,1,1,1,0.6188524,1,0
1,1,1,1,1,1,1,0.597663,1,0
1,1,1,1,1,1,1,0.5767604,1,0
1,1,1,1,1,1,1,0.556192,1,0
1,1,1,1,1,1,1,0.5359913,1,0
1,1,1,1,1,1,1,0.5161856,1,0
1,1,1,1,1,1,1,0.4968051,1,0
1,1,1,1,1,1,1,0.4891195,1,0
1,1,1,1,1,1,1,0.5000427,1,0
1,1,1,1,1,1,1,0.5113159,1,0
1,1,1,1,1,1,1,0.5229228,1,0
1,1,1,1,1,1,1,0.5348506,1,0
1,1,1,1,1,1,1,0.5470806,1,0
1,1,1,1,1,1,1,0.5595925,0.6319748,0
1,1,1,1,1,1,1,0.5807297,0.5896071,0
1,1,1,1,1,1,1,0.6037958,0.5505607,0
1,1,1,1,1,1,1,0.6289942,0.5144715,0
1,1,1,1,1,1,1,1,0.4810277,0
1,1,1,1,1,1,1,1,0.4517805,0
1,1,1,1,1,1,1,1,0.4297908,0
1,1,1,1,1,1,1,1,0.440601,0
1,1,1,1,1,1,1,1,0.4518943,0
1,1,1,1,1,1,1,1,0.4636557,0
1,1,1,1,1,1,1,1,0.4758722,0
1,1,1,1,1,1,1,1,0.4885292,0
1,1,1,1,1,1,1,1,0.5016103,0
1,1,1,1,1,1,1,1,0.5150932,0
1,1,1,1,1,1,1,1,0.5289576,0
1,1,1,1,1,1,1,1,0.5431818,0
1,1,1,1,1,1,1,1,0.5577422,0
1,1,1,1,1,1,1,1,1,1
1,1,1,1,1,1,1,1,1,1
1,1,1,1,1,1,1,1,1,1
1,1,1,1,1,1,1,1,1,1
1,1,1,1,1,1,1,1,1,1
1,1,1,1,1,1,1,1,1,1
1,1,1,1,1,1,1,1,1,1
1,1,1,1,1,1,1,1,1,1
1,1,1,1,1,1,1,1,1,1
1,1,1,1,1,1,1,1,1,1
1,1,1,1,1,1,1,1,1,1
1,1,1,1,1,1,1,1,1,1
1,1,1,1,1,1,1,1,1,1
1,1,1,1,1,1,1,1,1,1
1,1,1,1,1,1,1,1,1,1
1,1,1,1,1,1,1,1,1,1
1,1,1,1,1,1,1,1,1,1
1,1,1,1,1,1,1,1,1,1
1,1,1,1,1,1,1,1,1,1
1,1,1,1,1,1,1,1,1,1
1,1,1,1,1,1,1,1,1,1
1,1,1,1,1,1,1,1,1,1
1,1,1,1,1,1,1,1,1,1
1,1,1,1,1,1,1,1,1,1
1,1,1,1,1,1,1,1,1,1
1,1,1,1,1,1,1,1,1,1
1,1,1,1,1,1,1,1,1,1
1,1,1,1,1,1,1,1,1,1
1,1,1,1,1,1,1,1,1,1
1,1,1,1,1,1,1,1,1,1
1,1,1,1,1,1,1,1,1,1
1,1,1,1,1,1,1,1,1,1
1,1,1,1,1,1,1,1,1,1
1,1,1,1,1,1,1,1,1,1
1,1,1,1,1,1,1,1,1,1
1,1,1,1,1,1,1,1,1,1
1,1,1,1,1,1,1,1,1,1
1,1,1,1,1,1,1,1,1,1
1,1,1,1,1,1,1,1,1,1
1,1,1,1,1,1,1,1,1,1
1,1,1,1,1,1,1,1,1,1
1,1,1,1,1,1,1,1,1,1
1,1,1,1,1,1,1,1,1,1
1,1,1,1,1,1,1,1,1,1
1,1,1,1,1,1,1,1,1,1
1,1,1,1,1,1,1,1,1,1
1,1,1,1,1,1,1,1,1,1
1,1,1,1,1,1,1,1,1,1
1,1,1,1,1,1,1,1,1,1
1,1,1,1,1,1,1,1,1,1
1,1,1,1,1,1,1,1,1,1
1,1,1,1,1,1,1,1,1,1
1,1,1,1,1,1,1,1,1,1
1,1,1,1,1,1,1,1,1,1
1,1,1,1,1,1,1,1,1,1
1,1,1,1,1,1,1,1,1,1
1,1,1,1,1,1,1,1,1,1
1,1,1,1,1,1,1,1,1,1
1,1,1,1,1,1,1,1,1,1
1,1,1,1,1,1,1,1,1,1
1,1,1,1,1,1,1,1,1,1
1,1,1,1,1,1,1,1,1,1
1,1,1,1,1,1,1,1,1,1
1,1,1,1,1,1,1,1,1,1
1,1,1,1,1,1,1,1,1,1
1,1,1,1,1,1,1,1,1,1
1,1,1,1,1,1,1,1,1,1
1,1,1,1,1,1,1,1,1,1
1,1,1,1,1,1,1,1,1,1
1,1,1,1,1,1,1,1,1,1
1,1,1,1,1,1,1,1,1,1
1,1,1,1,1,1,1,1,1,1
1,1,1,1,1,1,1,1,1,1
1,1,1,1,1,1,1,1,1,1
1,1,1,1,1,1,1,1,1,1
1,1,1,1,1,1,1,1,1,1
1,1,1,1,1,1,1,1,1,1
1,1,1,1,1,1,1,1,1,1
1,1,1,1,1,1,1,1,1,1
1,1,1,1,1,1,1,1,1,1
1,1,1,1,1,1,1,1,1,1
1,1,1,1,1,1,1,1,1,1
1,1,1,1,1,1,1,1,1,1
1,1,1,1,1,1,1,1,1,1
1,1,1,1,1,1,1,1,1,1
1,1,1,1,1,1,1,1,1,1
1,1,1,1,1,1,1,1,1,1
1,1,1,1,1,1,1,1,1,1
1,1,1,1,1,1,1,1,1,1
1,1,1,1,1,1,1,1,1,1
1,1,1,1,1,1,1,1,1,1
1,1,1,1,1,1,1,1,1,1
1,1,1,1,1,1,1,1,1,1
1,1,1,1,1,1,1,1,1,1
1,1,1,1,1,1,1,1,1,1
1,1,1,1,1,1,1,1,1,1
1,1,1,1,1,1,1,1,1,1
1,1,1,1,1,1,1,1,1,1
1,1,1,1,1,1,1,1,1,1
1,1,1,1,1,1,1,1,1,1
1,1,1,1,1,1,1,1,1,1
1,1,1,1,1,1,1,1,1,1
1,1,1,1,1,1,1,1,1,1
1,1,1,1,1,1,1,1,1,1
1,1,1,1,1,1,1,1,1,1
1,1,1,1,1,1,1,1,1,1
1,1,1,1,1,1,1,1,1,1
1,1,1,1,1,1,1,1,1,1
1,1,1,1,1,1,1,1,1,1
1,1,1,1,1,1,1,1,1,1
1,1,1,1,1,1,1,1,1,1
1,1,1,1,1,1,1,1,1,1
1,1,1,1,1,1,1,1,1,1
1,1,1,1,1,1,1,1,1,1
1,1,1,1,1,1,1,1,1,1
1,1,1,1,1,1,1,1,1,1
1,1,1,1,1,1,1,1,1,1
1,1,1,1,1,1,1,1,1,1
1,1,1,1,1,1,1,1,1,1
1,1,1,1,1,1,1,1,1,1
1,1,1,1,1,1,1,1,1,1
1,1,1,1,1,1,1,1,1,1
1,1,1,1,1,1,1,1,1,1
1,1,1,1,1,1,1,1,1,1
1,1,1,1,1,1,1,1,1,1
1,1,1,1,1,1,1,1,1,1
1,1,1,1,1,1,1,1,1,1
1,1,1,1,1,1,1,1,1,1
1,1,1,1,1,1,1,1,1,1
1,1,1,1,1,1,1,1,1,1
1,1,1,1,1,1,1,1,1,1
1,1,1,1,1,1,1,1,1,1
1,1,1,1,1,1,1,1,1,1
1,1,1,1,1,1,1,1,1,1
1,1,1,1,1,1,1,1,1,1
1,1,1,1,1,1,1,1,1,1
1,1,1,1,1,1,1,1,1,1
1,1,1,1,1,1,1,1,1,1
1,1,1,1,1,1,1,1,1,1
1,1,1,1,1,1,1,1,1,1
1,1,1,1,1,1,1,1,1,1
1,1,1,1,1,1,1,1,1,1
1,1,1,1,1,1,1,1,1,1
1,1,1,1,1,1,1,1,1,1
1,1,1,1,1,1,1,1,1,1
1,1,1,1,1,1,1,1,1,1
1,1,1,1,1,1,1,1,1,1
1,1,1,1,1,1,1,1,1,1
1,1,1,1,1,1,1,1,1,1
1,1,1,1,1,1,1,1,1,1
1,1,1,1,1,1,1,1,1,1
1,1,1,1,1,1,1,1,1,1
1,1,1,1,1,1,1,1,1,1
1,1,1,1,1,1,1,1,1,1
1,1,1,1,1,1,1,1,1,1
1,1,1,1,1,1,1,1,1,1
1,1,1,1,1,1,1,1,1,1
1,1,1,1,1,1,1,1,1,1
1,1,1,1,1,1,1,1,1,1
1,1,1,1,1,1,1,1,1,1
1,1,1,1,1,1,1,1,1,1
1,1,1,1,1,1,1,1,1,1
1,1,1,1,1,1,1,1,1,1
1,1,1,1,1,1,1,1,1,1
1,1,1,1,1,1,1,1,1,1
1,1,1,1,1,1,1,1,1,1
1,1,1,1,1,1,1,1,1,1
1,1,1,1,1,1,1,1,1,1
1,1,1,1,1,1,1,1,1,1
1,1,1,1,1,1,1,1,1,1
1,1,1,1,1,1,1,1,1,1
1,1,1,1,1,1,1,1,1,1
1,1,1,1,1,1,1,1,1,1
1,1,1,1,1,1,1,1,1,1
1,1,1,1,1,1,1,1,1,1
1,1,1,1,1,1,1,1,1,1
1,1,1,1,1,1,1,1,1,1
1,1,1,1,1,1,1,1,1,1
1,1,1,1,1,1,1,1,1,1
1,1,1,1,1,1,1,1,1,1
1,1,1,1,1,1,1,1,1,1
1,1,1,1,1,1,1,1,1,1
1,1,1,1,1,1,1,1,1,1
1,1,1,1,1,1,1,1,1,1
1,1,1,1,1,1,1,1,1,1
1,1,1,1,1,1,1,1,1,1
1,1,1,1,1,1,1,1,1,1
1,1,1,1,1,1,1,1,1,1
1,1,1,1,1,1,1,1,1,1
1,1,1,1,1,1,1,1,1,1
1,1,1,1,1,1,1,1,1,1
1,1,1,1,1,1,1,1,1,1
1,1,1,1,1,1,1,1,1,1
1,1,1,1,1,1,1,1,1,1
1,1,1,1,1,1,1,1,1,1
1,1,1,1,1,1,1,1,1,1
1,1,1,1,1,1,1,1,1,1
1,1,1,1,1,1,1,1,1,1
1,1,1,1,1,1,1,1,1,1
1,1,1,1,1,1,1,1,1,1
1,1,1,1,1,1,1,1,1,1
1,1,1,1,1,1,1,1,1,1
1,1,1,1,1,1,1,1,1,1
1,1,1,1,1,1,1,1,1,1
1,1,1,1,1,1,1,1,1,1
1,1,1,1,1,1,1,1,1,1
1,1,1,1,1,1,1,1,1,1
1,1,1,1,1,1,1,1,1,1
1,1,1,1,1,1,1,1,1,1
1,1,1,1,1,1,1,1,1,1
1,1,1,1,1,1,1,1,1,1
1,1,1,1,1,1,1,1,1,1
1,1,1,1,1,1,1,1,1,1
1,1,1,1,1,1,1,1,1,1
1,1,1,1,1,1,1,1,1,1
1,1,1,1,1,1,1,1,1,1
1,1,1,1,1,1,1,1,1,1
1,1,1,1,1,1,1,1,1,1
1,1,1,1,1,1,1,1,1,1
1,1,1,1,1,1,1,1,1,1
1,1,1,1,1,1,1,1,1,1
1,1,1,1,1,1,1,1,1,1
1,1,1,1,1,1,1,1,1,1
1,1,1,1,1,1,1,1,1,1
1,1,1,1,1,1,1,1,1,1
1,1,1,1,1,1,1,1,1,1
1,1,1,1,1,1,1,1,1,1
1,1,1,1,1,1,1,1,1,1
1,1,1,1,1,1,1,1,1,1
1,1,1,1,1,1,1,1,1,1
1,1,1,1,1,1,1,1,1,1
1,1,1,1,1,1,1,1,1,1
1,1,1,1,1,1,1,1,1,1
1,1,1,1,1,1,1,1,1,1
1,1,1,1,1,1,1,1,1,1
1,1,1,1,1,1,1,1,1,1
1,1,1,1,1,1,1,1,1,1
1,1,1,1,1,1,1,1,1,1
1,1,1,1,1,1,1,1,1,1
1,1,1,1,1,1,1,1,1,1
1,1,1,1,1,1,1,1,1,1
1,1,1,1,1,1,1,1,1,1
1,1,1,1,1,1,1,1,1,1
1,1,1,1,1,1,1,1,1,1
1,1,1,1,1,1,1,1,1,1
1,1,1,1,1,1,1,1,1,1
1,1,1,1,1,1,1,1,1,1
1,1,1,1,1,1,1,1,1,1
1,1,1,1,1,1,1,1,1,1
1,1,1,1,1,1,1,1,1,1
1,1,1,1,1,1,1,1,1,1
1,1,1,1,1,1,1,1,1,1
1,1,1,1,1,1,1,1,1,1
1,1,1,1,1,1,1,1,1,1
1,1,1,1,1,1,1,1,1,1
1,1,1,1,1,1,1,1,1,1
1,1,1,1,1,1,1,1,1,1
1,1,1,1,1,1,1,1,1,1
1,1,1,1,1,1,1,1,1,1
1,1,1,1,1,1,1,1,1,1
1,1,1,1,1,1,1,1,1,1
1,1,1,1,1,1,1,1,1,1
1,1,1,1,1,1,1,1,1,1
1,1,1,1,1,1,1,1,1,1
1,1,1,1,1,1,1,1,1,1
1,1,1,1,1,1,1,1,1,1
1,1,1,1,1,1,1,1,1,1
1,1,1,1,1,1,1,1,1,1
1,1,1,1,1,1,1,1,1,1
1,1,1,1,1,1,1,1,1,1
1,1,1,1,1,1,1,1,1,1
1,1,1,1,1,1,1,1,1,1
1,1,1,1,1,1,1,1,1,1
1,1,1,1,1,1,1,1,1,1
1,1,1,1,1,1,1,1,1,1
1,1,1,1,1,1,1,1,1,1
1,1,1,1,1,1,1,1,1,1
1,1,1,1,1,1,1,1,1,1
1,1,1,1,1,1,1,1,1,1
1,1,1,1,1,1,1,1,1,1
1,1,1,1,1,1,1,1,1,1
1,1,1,1,1,1,1,1,1,1
1,1,1,1,1,1,1,1,1,1
1,1,1,1,1,1,1,1,1,1
1,1,1,1,1,1,1,1,1,1
1,1,1,1,1,1,1,1,1,1
1,1,1,1,1,1,1,1,1,1
1,1,1,1,1,1,1,1,1,1
1,1,1,1,1,1,1,1,1,1
1,1,1,1,1,1,1,1,1,1
1,1,1,1,1,1,1,1,1,1
1,1,1,1,1,1,1,1,1,1
1,1,1,1,1,1,1,1,1,1
1,1,1,1,1,1,1,1,1,1
1,1,1,1,1,1,1,1,1,1
1,1,1,1,1,1,1,1,1,1
1,1,1,1,1,1,1,1,1,1
1,1,1,1,1,1,1,1,1,1
1,1,1,1,1,1,1,1,1,1
1,1,1,1,1,1,1,1,1,1
1,1,1,1,1,1,1,1,1,1
1,1,1,1,1,1,1,1,1,1
1,1,1,1,1,1,1,1,1,1
1,1,1,1,1,1,1,1,1,1
1,1,1,1,1,1,1,1,1,1
1,1,1,1,1,1,1,1,1,1
1,1,1,1,1,1,1,1,1,1
1,1,1,1,1,1,1,1,1,1
1,1,1,1,1,1,1,1,1,1
1,1,1,1,1,1,1,1,1,1
1,1,1,1,1,1,1,1,1,1
1,1,1,1,1,1,1,1,1,1
1,1,1,1,1,1,1,1,1,1
1,1,1,1,1,1,1,1,1,1
1,1,1,1,1,1,1,1,1,1
1,1,1,1,1,1,1,1,1,1
1,1,1,1,1,1,1,1,1,1
1,1,1,1,1,1,1,1,1,1
1,1,1,1,1,1,1,1,1,1
1,1,1,1,1,1,1,1,1,1
1,1,1,1,1,1,1,1,1,1
1,1,1,1,1,1,1,1,1,1
1,1,1,1,1,1,1,1,1,1
1,1,1,1,1,1,1,1,1,1
1,1,1,1,1,1,1,1,1,1
1,1,1,1,1,1,1,1,1,1
1,1,1,1,1,1,1,1,1,1
1,1,1,1,1,1,1,1,1,1
1,1,1,1,1,1,1,1,1,1
1,1,1,1,1,1,1,1,1,1
1,1,1,1,1,1,1,1,1,1
1,1,1,1,1,1,1,1,1,1
1,1,1,1,1,1,1,1,1,1
1,1,1,1,1,1,1,1,1,1
1,1,1,1,1,1,1,1,1,1
1,1,1,1,1,1,1,1,1,1
1,1,1,1,1,1,1,1,1,1
1,1,1,1,1,1,1,1,1,1
1,1,1,1,1,1,1,1,1,1
1,1,1,1,1,1,1,1,1,1
1,1,1,1,1,1,1,1,1,1
1,1,1,1,1,1,1,1,1,1
1,1,1,1,1,1,1,1,0.9796945,1
1,1,1,1,1,1,1,1,0.9381787,1
1,1,1,1,1,1,1,1,0.9245542,1
1,1,1,1,1,1,1,1,0.9253913,1
1,1,1,1,1,1,1,1,0.9262606,1
1,1,1,1,1,1,1,1,0.9271618,1
1,1,1,1,1,1,1,1,0.9280909,1
1,1,1,1,1,1,1,1,0.9290506,1
1,1,1,1,1,1,1,1,0.9300375,1
1,1,1,1,1,1,1,1,0.9310506,1
1,1,1,1,1,1,1,1,0.9320894,1
1,1,1,1,1,1,1,1,0.9331535,1
1,1,1,1,1,1,1,1,0.9342424,1
1,1,1,1,1,1,1,1,0.9353553,1
1,1,1,1,1,1,1,1,1,1
1,1,1,1,1,1,1,1,1,1
1,1,1,1,1,1,1,1,1,1
1,1,1,1,1,1,1,1,1,1
1,1,1,1,1,1,1,1,1,1
1,1,1,1,1,1,1,1,1,1
1,1,1,1,1,1,1,1,1,1
1,1,1,1,1,1,1,1,1,1
1,1,1,1,1,1,1,1,1,1
1,1,1,1,1,1,1,1,1,1
1,1,1,1,1,1,1,1,1,1
1,1,1,1,1,1,1,1,1,1
1,1,1,1,1,1,1,1,1,1
1,1,1,1,1,1,1,1,1,1
1,1,1,1,1,1,0.9136756,1,1,1
1,1,1,1,1,1,0.9022985,1,1,1
1,1,1,1,1,1,0.8908694,1,1,1
1,1,1,1,1,1,0.8793925,1,1,1
1,1,1,1,1,1,0.8678714,1,1,1
1,1,1,1,1,1,0.8563134,1,1,1
1,1,1,1,1,1,0.8447197,1,1,1
1,1,1,1,1,1,0.8330941,1,1,1
1,1,1,1,1,1,0.8214444,1,1,1
1,1,1,1,1,1,0.8097717,1,1,1
1,1,1,1,1,1,0.7980831,1,1,1
1,1,1,1,1,1,0.7863834,1,1,1
1,1,1,1,1,1,0.7746732,1,1,1
1,1,1,1,1,1,0.7629601,1,1,1
1,1,1,1,1,1,0.7512482,1,1,1
1,1,1,1,1,1,0.7395416,1,1,1
1,1,1,1,1,1,0.7278438,1,1,1
1,1,1,1,1,1,0.7161589,1,1,1
1,1,1,1,1,1,0.7044903,1,1,0
1,1,1,1,1,1,0.6928414,1,1,0
1,1,1,1,1,1,0.6812187,1,1,0
1,1,1,1,1,1,0.6696222,1,1,0
1,1,1,1,1,1,0.6580577,1,1,0
1,1,1,1,1,1,0.6465248,1,1,0
1,1,1,1,1,1,0.635029,1,1,0
1,1,1,1,1,1,0.6235727,1,1,0
1,1,1,1,1,1,0.6121579,1,1,0
1,1,1,1,1,1,0.6007863,1,1,0
1,1,1,1,1,1,0.5910137,1,1,0
1,1,1,1,1,1,0.6056268,1,1,0
1,1,1,1,1,1,0.6203789,1,1,0
1,1,1,1,1,1,0.6352424,1,1,0
1,1,1,1,1,1,0.6501895,1,1,1
1,1,1,1,1,1,0.6651911,1,1,1
1,1,1,1,1,1,0.6802179,1,1,1
1,1,1,1,1,1,0.6952508,1,1,1
1,1,0.9942501,1,1,1,0.7102596,1,1,1
1,1,0.9868657,1,1,1,1,1,1,1
1,1,0.9843243,1,1,1,1,0.6074628,1,0
1,1,0.9669876,1,1,1,1,0.5895275,1,0
1,1,0.9501716,1,1,1,1,0.5720135,1,0
1,1,0.9338764,1,1,1,1,0.5549144,1,0
1,1,0.918093,1,1,1,1,0.5382148,1,0
1,1,0.902814,1,1,1,1,0.5219056,1,0
1,1,0.8880242,1,1,1,1,0.5059729,1,0
1,1,0.8737117,1,1,1,1,0.4904059,1,0
1,1,0.8598579,1,1,1,1,0.4751857,1,0
1,1,0.8464476,1,1,1,1,0.460301,1,0
1,1,0.833465,1,1,1,1,0.4457329,1,0
1,1,0.8208938,1,1,1,1,0.4314698,1,0
1,1,0.8087123,1,1,1,1,0.4174969,1,0
1,1,0.796904,1,1,1,1,0.4056678,1,0
1,1,0.7854891,1,1,1,1,0.4161675,1,0
1,1,0.7748739,1,1,1,1,0.4265589,1,0
1,1,0.7649697,1,1,1,1,0.4368146,1,0
1,1,0.7557015,1,1,1,1,0.4469092,1,0
1,1,0.7470042,1,1,1,1,0.4568186,0.5237293,0
1,1,0.726308,1,1,1,1,0.4799773,0.4914258,0
1,1,0.7069377,1,1,1,1,0.5049123,0.4617352,0
1,1,0.688913,1,1,1,1,1,0.4344662,0
1,1,0.6778163,1,1,1,1,1,0.4141101,0
1,1,0.6667821,1,1,1,1,1,0.3942773,0
1,1,0.6558278,1,1,1,1,1,0.3749701,0
1,1,0.644971,1,1,1,1,1,0.3561912,0
1,1,0.63423,1,1,1,1,1,0.3497413,0
1,1,0.6238152,1,1,1,1,1,0.3580918,0
1,1,0.6139376,1,1,1,1,1,0.3664343,0
1,1,0.6045433,1,1,1,1,1,0.3747446,0
1,1,0.5955828,1,1,1,1,1,0.3830035,0
1,1,0.5870169,1,1,1,1,1,0.3911886,0
1,1,0.5788046,1,1,1,1,1,0.3992868,0
1,1,0.5709175,1,1,1,1,1,0.4072775,1
1,1,0.5633245,1,1,1,1,1,0.4151499,1
1,1,0.5560014,1,1,1,1,1,0.4228898,1
1,1,0.548928,1,1,1,1,1,0.4304842,1
1,1,0.5420865,1,1,1,1,1,0.4379214,1
1,1,0.535458,1,1,1,1,1,0.4451948,1
1,1,0.5290259,1,1,1,1,1,1,2
1,1,0.5295478,1,1,1,1,1,1,2
1,1,0.5303063,1,1,1,1,1,1,2
1,1,0.5313037,1,1,1,1,1,1,2
1,1,0.5325345,1,1,1,1,1,1,2
1,0.6716563,0.5339974,1,1,1,1,1,1,2
1,0.5945885,0.5387532,1,1,1,1,1,1,2
1,0.5273213,0.544202,1,1,1,1,1,1,2
1,0.4680448,0.550388,1,1,1,1,1,1,2
1,0.4159982,0.557365,1,1,1,1,1,1,2
1,0.416072,0.5651889,1,1,1,1,1,1,2
1,0.4165467,1,1,1,1,1,1,1,2
1,0.4174356,1,1,1,1,1,1,1,2
1,0.4187494,1,1,1,1,1,1,1,2
1,0.4205044,1,1,1,1,1,1,1,2
1,0.4227146,1,1,1,1,1,1,1,2
1,0.4253962,1,1,1,1,1,1,1,2
1,0.4285703,1,1,1,1,1,1,1,2
0.5250546,0.4321745,1,1,1,1,1,1,1,2
0.3705205,0.4363844,1,1,1,1,1,1,1,2
0.3705843,0.4411568,1,1,1,1,1,1,1,2
0.3710224,0.4465155,1,1,1,1,1,1,1,2
0.3718388,0.4524909,1,1,1,1,1,1,1,2
0.3730416,0.4591201,1,1,1,1,1,1,1,2
0.3746337,1,1,1,1,1,1,1,1,2
0.3766252,1,1,1,1,1,1,1,1,2
0.3790245,1,1,1,1,1,1,1,1,2
0.3818376,1,1,1,1,1,1,1,1,2
0.3850784,1,1,1,1,1,1,1,1,2
0.3887556,1,1,1,1,1,1,1,1,2
0.3928856,1,1,1,1,1,1,1,1,2
0.3974801,1,1,1,1,1,1,1,1,2
0.4025552,1,1,1,1,1,1,1,1,2
0.4081292,1,1,1,1,1,1,1,1,2
0.4142183,1,1,1,1,1,1,1,1,2
1,1,1,1,1,1,1,1,1,1
1,1,1,1,1,1,1,1,1,1
1,1,1,1,1,1,1,1,1,1
1,1,1,1,1,1,1,1,1,1
1,1,1,1,1,1,1,1,1,1
1,1,1,1,1,1,1,1,1,1
1,1,1,1,1,1,1,1,1,1
1,1,1,1,1,1,1,1,1,1
1,1,1,1,1,1,1,1,1,1
1,1,1,1,1,1,1,1,1,1
1,1,1,1,1,1,1,1,1,1
1,1,1,1,1,1,1,1,1,1
1,1,1,1,1,1,1,1,1,1
1,1,1,1,1,1,1,1,1,1
1,1,1,1,1,1,1,1,1,1
1,1,1,1,1,1,1,1,1,1
1,1,1,1,1,1,1,1,1,1
1,1,1,1,1,1,1,1,1,1
1,1,1,1,1,1,1,1,1,1
1,1,1,1,1,1,1,1,1,1
1,1,1,1,1,1,1,1,1,1
1,1,1,1,1,1,1,1,1,1
1,1,1,1,1,1,1,1,1,1
1,1,1,1,1,1,1,1,1,1
1,1,1,1,1,1,1,1,1,1
1,1,1,1,1,1,1,1,1,1
1,1,1,1,1,1,1,1,1,1
1,1,1,1,1,1,1,1,1,1
1,1,1,1,1,1,1,1,1,1
1,1,1,1,1,1,1,1,1,1
1,1,1,1,1,1,1,1,1,1
1,1,1,1,1,1,1,1,1,1
1,1,1,1,1,1,1,1,1,1
1,1,0.9411071,1,1,1,1,1,1,1
1,1,0.9396893,1,1,1,1,1,1,1
1,1,0.928201,1,1,1,1,1,1,1
1,1,0.9166403,1,1,1,1,1,1,1
1,1,0.9050113,1,1,1,1,1,1,1
1,1,0.8933183,1,1,1,1,1,1,1
1,1,0.8815659,1,1,1,1,1,1,1
1,1,0.8697589,1,1,1,1,1,1,1
0.976616,0.9978474,0.8579022,1,1,1,1,1,1,1
0.9283358,0.9785994,0.8456213,1,1,1,1,1,1,2
0.8754513,0.9565134,0.8323807,1,1,1,1,1,1,2
0.8781756,0.9316392,0.8181908,1,1,1,1,1,1,2
0.8813204,0.9065412,0.8039104,1,1,1,1,1,1,2
0.8849088,0.8813528,0.7895877,1,1,1,1,1,1,2
0.8889662,0.8561986,0.7752673,1,1,1,1,1,1,2
0.8935127,0.8312013,0.7609956,1,1,1,1,1,1,2
0.8985661,0.8413544,0.7468135,1,1,1,1,1,1,2
0.9037737,0.8533735,0.740851,1,1,1,1,1,1,2
0.9090515,0.8653868,0.7700158,1,1,1,1,1,1,2
0.9141943,0.8769031,0.798925,1,1,1,1,1,1,2
0.9191801,0.8878924,0.8273832,1,1,1,1,1,1,2
0.9239889,0.8983283,0.8551924,1,1,1,1,1,1,2
0.9286083,0.9081966,1,1,1,1,1,1,1,2
0.9324418,0.9160069,1,1,1,1,1,1,1,2
0.9362088,0.923598,1,1,1,1,1,1,1,2
0.9399072,0.9389415,1,1,1,1,1,1,1,1
0.9434349,0.9228201,1,1,1,1,1,1,1,2
0.9471652,0.906606,1,1,1,1,1,1,1,2
0.9510998,0.8903265,1,1,1,1,1,1,1,2
0.9552471,0.8740042,1,1,1,1,1,1,1,2
0.9596087,0.8576615,1,1,1,1,1,1,1,2
0.9641884,0.8598515,1,1,1,1,1,1,1,2
0.9341425,0.6977774,1,1,1,1,1,1,1,2
0.8932319,0.6795943,1,1,1,1,1,0.9934255,1,2
0.8514272,0.6609765,1,1,1,1,1,0.9846926,1,2
0.8093604,0.6420897,1,1,1,1,1,0.9752987,1,2
0.7675511,0.6230794,1,1,1,1,1,0.9653577,1,2
0.7289417,0.6040904,1,1,1,1,1,0.9549934,1,2
0.739818,0.5852922,1,1,1,1,1,0.9443733,1,2
0.7510138,0.5674319,1,1,1,1,1,0.9540918,1,2
0.7628719,0.5501695,1,1,1,1,1,0.9685614,1,2
0.7754948,0.5662842,1,1,1,1,1,0.9851599,1,2
0.7885479,0.5892738,1,1,1,1,1,1,1,2
0.8019058,0.6133263,1,1,1,1,1,1,1,2
0.8151767,0.6377319,1,1,1,1,1,1,1,2
0.8283038,0.6623688,1,1,1,1,1,1,1,2
0.82537,1,1,1,1,1,1,1,1,2
0.8046835,1,1,1,1,1,1,1,1,2
0.6253155,1,1,1,1,1,1,1,1,2
0.6017744,1,1,1,1,1,1,1,1,2
0.5786513,1,1,1,1,1,1,1,1,2
0.556022,1,1,1,1,1,1,1,1,2
0.5339373,1,1,1,1,1,1,1,1,2
0.5124476,1,1,1,1,1,1,1,1,2
0.4915887,1,1,1,1,1,0.9951069,1,1,2
0.4898494,1,1,1,1,1,0.9781083,1,1,2
0.5041546,1,1,1,1,1,0.9620479,1,1,2
0.5185086,1,1,1,1,1,0.9471349,1,1,2
0.532859,1,1,1,1,1,0.9332275,1,1,2
0.5471544,1,1,1,1,1,0.9202061,1,1,2
0.5613403,1,1,1,1,1,0.9079722,1,1,2
0.5753723,1,1,1,1,1,0.8964356,1,1,2
0.589204,1,1,1,1,1,0.885523,1,1,2
1,1,1,1,1,1,0.8751678,1,1,0
1,1,1,1,1,1,0.8709784,1,1,0
1,1,1,1,1,1,0.866903,1,1,0
1,1,1,1,1,1,0.86294,1,1,0
1,1,1,1,1,1,0.8590881,1,1,0
1,1,1,1,1,1,0.8553492,0.9533213,1,0
1,1,1,1,1,1,0.8527913,0.8359795,1,0
1,1,1,1,1,1,0.8531005,0.7219066,1,0
1,1,1,1,1,1,0.8563954,0.7185176,1,0
1,1,1,0.9913056,1,1,1,0.7154492,1,0
1,1,1,0.9778744,1,1,1,0.7120153,1,0
1,1,1,0.9781492,1,1,1,0.7088176,1,0
1,1,1,0.9999124,1,1,1,0.7058352,1,0
1,1,1,1,1,1,1,0.703021,1,0
1,1,1,1,1,1,1,0.7004175,1,0
1,1,1,1,1,1,1,0.698028,1,0
1,1,1,1,1,1,1,0.6958529,0.9970587,0
1,1,1,1,0.9447163,1,1,0.6939188,0.990733,0
1,1,1,1,0.9289676,1,1,0.692464,0.9845244,0
1,1,1,1,0.9133261,1,1,0.6913725,0.9785901,0
1,1,1,1,0.8978263,1,1,0.6906544,0.972957,0
1,1,1,1,0.8825045,1,1,0.6903213,0.9676518,0
1,1,1,1,0.8673925,1,1,0.69038,0.9626961,0
1,1,1,1,0.852511,1,1,0.6908388,0.9581111,0
1,1,1,1,0.8378822,1,1,0.6916976,0.6444049,0
0.9234525,1,1,1,0.8702183,1,1,0.6944128,0.6407729,0
0.9148396,1,1,1,1,1,1,0.6977042,0.6376292,0
0.9066051,1,1,1,1,0.8441069,1,0.7015889,0.6349689,0
0.8987263,1,1,1,1,0.8255787,1,0.7060899,0.6327913,0
0.8911851,1,1,1,1,0.8076965,1,1,0.631094,0
0.8868861,1,1,1,1,0.7924504,1,1,0.6295556,0
0.8826786,1,1,1,1,0.7775168,1,1,0.6282898,0
0.8785766,1,1,1,1,0.7628913,1,1,0.627291,0
0.8745879,1,1,1,1,0.7485734,1,1,0.626556,0
0.8707172,1,1,1,1,0.7616135,1,1,0.626081,0
0.8670983,1,1,1,1,0.790284,1,1,0.6258287,0
0.8637782,1,1,1,1,1,1,1,0.6257617,0
0.8614672,1,1,1,1,1,1,1,0.6256295,0
0.8592016,1,1,1,1,1,1,1,0.6256478,0
0.8569754,1,1,1,1,1,1,1,0.6258172,0
0.854789,1,1,1,1,1,1,1,0.6261324,0
0.8526393,1,1,1,1,1,1,1,0.6265904,0
0.8505262,1,1,1,1,1,0.7021383,1,0.6271859,0
0.8467835,1,1,1,1,1,0.6852025,1,0.6287897,0
0.8431517,1,1,1,1,1,0.6687351,1,0.6306852,0
0.8396308,1,1,1,1,1,0.6527196,1,1,1
0.8398062,1,1,1,1,1,0.6416594,1,1,1
0.8399314,1,1,1,1,1,0.6305336,1,1,1
0.8400046,1,1,1,1,1,0.6193435,1,1,1
0.8400234,1,1,1,1,1,0.608097,1,1,1
0.8399895,1,1,1,1,1,0.5967991,1,1,1
0.8399011,1,1,1,1,1,0.5854548,1,1,1
0.83976,1,1,1,1,1,0.5740689,1,1,1
1,1,1,1,1,1,0.5626463,1,1,0
1,1,1,1,1,1,0.549511,1,1,0
1,1,1,1,1,0.9965189,0.5523554,1,1,0
1,1,1,1,1,0.9851028,0.5623407,1,1,0
1,1,1,1,1,0.9738101,0.572606,1,1,0
1,1,1,1,1,0.9626359,0.5831356,1,1,0
1,1,1,1,1,0.951569,0.5939127,1,1,0
1,1,1,1,1,0.9406048,1,1,1,1
1,1,1,1,1,0.9304875,1,1,1,1
1,1,1,1,1,0.9203644,1,1,1,1
1,1,1,1,1,0.9102362,1,1,1,1
1,1,1,1,1,0.9001061,1,1,1,1
1,1,1,1,1,0.8899714,1,1,1,1
1,1,1,1,1,0.8798324,1,1,1,1
1,1,1,1,1,0.8696895,1,1,1,1
1,1,1,1,1,0.8595431,1,1,1,1
1,1,1,1,1,0.8493935,1,1,1,1
1,1,1,1,1,0.8392411,1,1,1,1
1,1,1,1,1,0.8290863,1,1,1,1
1,1,1,1,1,0.8329922,1,0.4668164,1,0
1,1,1,1,1,1,1,0.4440132,1,0
1,1,1,1,1,1,1,0.4223438,1,0
1,1,1,1,1,1,1,0.4013869,1,0
1,1,1,1,1,1,1,0.3811487,1,0
1,1,1,1,1,1,0.7983891,0.3616196,1,0
1,1,1,1,1,1,0.7832872,0.3719227,1,0
1,1,1,1,1,1,0.7688593,0.3834121,1,0
1,1,1,1,1,1,0.7550473,0.3955531,1,0
1,1,1,1,1,1,0.7417991,0.4083291,1,0
1,1,1,1,1,1,0.729057,1,1,1
1,1,1,1,1,1,0.7187852,1,1,1
1,1,1,1,1,1,0.7085243,1,1,1
1,1,1,1,1,1,0.6982753,1,0.3954195,0
1,1,1,1,1,1,0.7259733,1,0.3615694,0
1,1,1,1,1,1,1,1,0.3303567,0
1,1,1,1,1,1,1,1,0.3163353,0
1,1,1,1,1,1,1,1,0.3244641,0
1,1,1,1,1,1,0.9963104,1,0.3332074,0
1,1,1,1,1,1,0.9852373,1,0.3425977,0
1,1,1,1,1,1,0.9747053,1,0.3526749,0
1,1,1,1,1,1,0.9647052,1,1,1
1,1,1,1,1,1,0.9555173,1,1,1
1,1,1,1,1,1,0.9463291,0.6613101,1,0
1,1,1,1,1,1,0.9370097,0.6489758,1,0
1,1,1,1,1,1,0.9277571,0.6367332,1,0
1,1,1,1,1,1,0.9185731,0.6245888,1,0
1,1,1,1,1,1,0.9094586,0.6125485,1,0
1,1,1,1,1,1,0.9004176,0.6006204,1,0
1,1,1,1,1,1,0.8914504,0.588809,1,0
1,1,1,1,1,1,0.8825569,0.5771177,1,0
1,1,1,1,1,1,0.8737366,0.5655491,1,0
1,1,1,1,1,1,1,0.554109,1,0
1,1,1,1,1,1,1,0.5427567,1,0
1,1,1,1,1,1,1,0.5435855,1,0
1,1,1,1,1,1,1,0.5660322,1,0
1,1,1,1,1,1,1,0.5887849,1,0
1,1,1,1,1,1,1,0.6117794,1,0
1,1,1,1,1,1,1,0.6349575,1,0
1,1,1,1,1,1,1,0.8571984,1,1
1,1,1,1,1,1,1,0.8472597,1,1
1,1,1,1,1,1,1,0.8373088,1,1
1,1,1,1,1,1,1,0.8273517,1,1
1,1,1,1,1,1,1,0.8173913,1,1
1,1,1,1,1,1,1,0.8074336,1,1
1,1,1,1,1,1,1,0.7974781,0.556685,0
1,1,1,1,1,1,1,0.7840476,0.5363105,0
1,1,1,1,1,1,1,0.7709414,0.5165904,0
1,1,1,1,1,1,1,0.75819,0.4975573,0
1,1,1,1,1,1,1,0.7458122,0.479225,0
1,1,1,1,1,1,1,0.7338271,0.4616056,0
1,1,1,1,1,1,1,0.7222456,0.4675122,0
1,1,1,1,1,1,1,0.7111684,0.4873261,0
1,1,1,1,1,1,1,0.7006088,0.5077615,0
1,1,1,1,1,1,1,0.6905137,0.5287719,0
1,1,1,1,1,1,1,0.6808318,0.5502998,0
1,1,1,1,1,1,1,0.6715194,1,1
1,1,1,1,1,1,1,0.7069825,1,1
1,1,1,1,1,1,1,0.7557812,0.7835417,0
1,1,1,1,1,1,1,0.830453,0.7708576,0
1,1,1,1,1,1,1,0.9103333,0.7585309,0
1,1,1,1,1,1,1,1,0.7465406,0
1,1,1,1,1,1,1,1,0.7348824,0
1,1,1,1,1,1,1,1,0.7232848,0
1,1,1,1,1,1,1,1,0.7117609,0
1,1,1,1,1,1,1,1,0.7003199,0
1,1,1,1,1,1,1,1,0.6889736,0
1,1,1,1,1,1,1,1,0.6777336,0
1,1,1,1,1,1,1,1,0.6666035,0
1,1,1,1,1,1,1,1,0.6555972,0
1,1,1,1,1,1,1,1,0.6447207,0
1,1,1,1,1,1,1,1,0.6339793,0
1,1,1,1,1,1,1,1,0.6233814,0
1,1,1,1,1,1,1,1,0.6129311,0
1,1,1,1,1,1,1,1,0.602632,0
1,1,1,1,1,1,1,1,0.5924905,0
1,1,1,1,1,1,1,1,0.5825089,0
1,1,1,1,1,1,1,1,0.5726925,0
1,1,1,1,1,1,1,1,0.5946137,0
1,1,1,1,1,1,1,1,0.6211793,0
1,1,1,1,1,1,1,1,0.6479069,0
1,1,1,1,1,1,1,1,0.6747112,0
1,1,1,1,1,1,1,1,0.7015118,0
1,1,1,1,1,1,1,1,0.7282295,0
1,1,1,1,1,1,1,1,0.7547847,0
1,1,1,1,1,1,1,1,0.781099,1
1,1,1,1,1,1,1,1,0.8070891,1
1,1,1,1,1,1,1,1,0.8326895,1
1,1,1,1,1,1,1,1,1,1
1,1,1,1,1,1,1,1,1,1
1,1,1,1,1,1,1,1,1,1
1,1,1,1,1,1,1,1,1,1
1,1,1,1,1,1,1,1,1,1
1,1,1,1,1,1,1,1,1,1
1,1,1,1,1,1,1,1,1,1
1,1,1,1,1,1,1,1,1,1
1,1,1,1,1,1,1,1,1,1
1,1,1,1,1,1,1,1,1,1
1,1,1,1,1,1,1,1,1,1
1,1,1,1,1,1,1,1,1,1
1,1,1,1,1,1,1,1,1,1
1,1,1,1,1,1,1,1,1,1
1,1,1,1,1,1,1,1,1,1
1,1,1,1,1,1,1,1,1,1
1,1,1,1,1,1,1,1,1,1
1,0.992759,1,1,1,1,1,1,1,1
1,0.9846981,1,1,1,1,1,1,1,1
1,0.9765753,1,1,1,1,1,1,1,1
1,0.9683954,1,1,1,1,1,1,1,1
1,0.9601634,1,1,1,1,1,1,1,1
1,0.9518822,1,1,1,1,1,1,1,1
1,0.9435576,1,1,1,1,1,1,1,1
1,0.9351956,1,1,1,1,1,1,1,1
1,0.9268033,1,1,0.9980391,1,1,1,1,1
1,0.9356002,1,1,0.9905401,1,1,1,1,1
1,0.9849023,1,1,0.9829419,1,1,1,1,1
0.9998212,1,1,1,0.9738895,1,1,1,1,1
0.9897407,1,1,1,0.9645712,1,1,1,1,1
0.9792358,1,1,1,0.9557617,1,1,1,1,1
0.9683336,1,1,1,0.9474573,1,1,1,1,1
0.9570611,1,1,1,0.9396527,1,1,1,1,1
0.9454461,1,1,1,0.9323452,1,1,1,1,1
0.9487551,1,1,1,0.9255335,1,1,1,1,1
0.9659685,1,1,1,0.9188061,1,1,1,1,1
0.9829078,1,1,0.9818908,0.9117769,1,1,1,1,1
1,1,1,0.962536,0.9049738,1,1,1,1,2
1,1,1,0.9429196,0.8984157,1,1,1,1,2
1,1,1,0.9221787,0.8925797,1,1,1,1,2
0.9496468,1,1,0.9004205,0.8874843,1,1,1,1,2
0.9354908,1,1,0.8752942,0.8845936,1,1,1,1,2
0.9208182,1,1,0.8489003,0.8830042,1,1,1,1,2
0.9057239,1,1,0.8214685,0.8828101,1,1,1,1,2
0.8903092,1,1,0.7932521,0.884105,1,1,1,1,2
0.8746935,1,1,0.7646676,0.8870026,1,1,1,1,2
0.8590021,1,1,0.7649018,0.8916162,1,1,1,1,2
0.8437842,1,1,0.7656742,0.8971041,1,1,1,1,2
0.8290679,1,1,0.7669924,0.9034902,1,1,1,1,2
0.8148718,1,1,0.7688592,0.9107947,1,1,1,1,2
0.8012133,1,0.9569562,0.7712803,0.919042,1,1,1,1,2
0.8496503,1,0.902466,0.7753691,0.930142,1,1,1,1,2
0.9067187,1,0.8526093,0.7798224,0.9419224,1,1,1,1,2
0.9673325,1,0.8076667,0.7841991,0.9536446,1,1,1,1,2
1,1,0.7673828,0.7881613,0.9647264,1,1,1,1,2
1,1,0.729862,0.792343,1,1,1,1,1,2
1,1,0.6941116,0.7972082,1,1,1,1,1,2
1,1,0.6592066,0.8034625,1,1,1,1,1,2
1,1,0.6480705,0.8111604,1,1,1,1,1,2
1,1,0.6494312,0.8195959,1,1,1,1,1,2
1,1,0.6509698,0.8283511,1,1,1,1,1,2
1,1,0.652667,0.8374017,1,1,1,1,1,2
1,1,0.6545087,0.8467282,1,1,1,1,1,2
1,1,0.6564732,0.8563024,1,1,1,1,1,2
1,1,0.6585442,0.8660995,1,1,1,1,1,2
1,1,0.6607057,1,1,1,1,1,1,2
1,1,0.6612197,1,1,1,1,1,1,2
1,1,0.6618906,1,1,1,1,1,1,2
1,0.8986422,0.6627128,1,1,1,1,1,1,2
1,0.8238394,0.6661657,1,1,1,1,1,1,2
0.9906927,0.7494969,0.6717837,1,1,1,1,1,1,2
0.9848488,0.6768724,0.6800141,1,1,1,1,1,1,2
0.9795932,0.6115067,0.6895106,1,1,1,1,1,1,2
0.9749832,0.5531837,0.7000164,1,1,1,1,1,1,2
0.9710135,0.5186747,0.7116118,1,1,1,1,1,1,2
0.9676746,0.5203688,0.7243767,1,1,1,1,1,1,2
0.9649668,0.5225512,0.7384164,1,1,1,1,1,1,2
0.9628836,0.5252333,1,1,1,1,1,1,1,2
0.9613435,0.527985,1,1,1,1,1,1,1,2
0.9603356,0.5311432,1,1,1,1,1,1,1,2
0.9598451,0.5347019,1,1,1,1,1,1,1,2
0.9598525,0.538651,1,1,1,1,1,1,1,2
0.960337,0.5429786,1,1,1,1,1,1,1,2
0.7787312,0.547676,1,1,1,1,1,1,1,2
0.6121377,0.5540351,1,1,1,1,1,1,1,2
0.4845701,0.561077,1,1,1,1,1,1,1,2
0.4670435,0.5688418,1,1,1,1,1,1,1,2
0.4687002,0.5773656,1,1,1,1,1,1,1,2
0.4707959,0.5866967,1,1,1,1,1,1,1,2
0.4733357,0.5968804,1,1,1,1,1,1,1,2
0.4763323,0.6079749,1,1,1,1,1,1,1,2
0.4797966,0.6200409,0.9972466,1,1,1,1,1,1,2
0.4837376,0.6331415,1,1,1,1,1,1,1,2
0.488172,0.969256,1,1,1,1,1,1,1,2
0.493112,0.9915751,1,1,1,1,1,1,1,2
0.4983861,1,1,1,1,1,1,1,1,2
0.5040272,1,1,1,1,1,1,1,1,2
0.5100773,1,1,1,1,1,1,1,1,2
0.5165303,1,1,1,1,1,1,1,1,2
0.5233731,1,1,1,1,1,1,1,1,2
0.5306025,1,1,1,1,1,1,1,1,2
0.5382038,1,1,1,1,1,1,0.9958073,1,2
0.5461203,1,1,1,1,1,1,0.9848873,1,2
0.5542424,0.9579163,1,1,1,1,1,0.9746348,1,2
0.5628985,0.9359494,1,1,1,1,1,0.9645399,1,2
0.5719208,0.914965,1,1,1,1,1,0.9548203,1,2
0.8701696,0.8949133,1,1,1,1,1,0.9454645,1,2
0.8603422,0.8811307,1,1,1,1,1,0.9402767,1,2
0.8671404,0.8672543,1,1,1,1,1,0.9349278,1,2
0.873954,0.8536018,1,1,1,1,1,0.9296435,1,2
0.8807753,0.8401663,1,1,1,1,1,0.924421,1,2
0.8875933,0.844004,1,1,1,1,1,0.9192607,1,1
0.8941716,0.8565173,1,1,1,1,1,0.9142857,1,1
0.9003828,0.8681925,1,1,1,1,1,0.9095484,1,1
0.9062331,0.8790294,1,1,1,1,1,0.9050277,1,1
0.9117304,0.8890346,1,1,1,1,1,0.9007063,1,1
0.9168836,0.8982204,1,1,1,1,1,0.8965689,1,1
0.9217066,0.9066114,1,1,1,1,1,0.8926007,1,1
0.9262106,1,1,1,1,1,1,0.8887916,1,1
0.9292222,1,1,1,1,1,1,0.8857116,1,1
0.9320601,1,1,1,1,1,1,0.882723,1,1
0.9347315,1,1,1,1,1,1,0.8798231,1,1
0.9372401,1,1,0.9967386,1,1,1,0.8770129,1,1
0.9395787,1,1,0.9867225,1,1,1,0.8742976,1,1
0.9417208,1,1,0.9766728,1,1,1,0.8716935,1,1
0.9436747,1,1,0.9665952,1,1,1,0.8692007,1,1
0.9454514,1,1,0.9564916,0.9995613,1,1,0.866816,1,1
0.9470517,1,1,0.9463662,0.9883151,1,1,0.8645453,1,1
0.9483947,1,1,0.9362031,0.9769828,1,1,0.8624347,1,0
0.9494958,1,1,0.9260101,0.9655795,1,1,0.8604831,1,0
0.9503711,1,1,0.9157923,0.9541167,1,1,0.8586894,1,0
0.9510331,1,1,0.905557,0.9426082,1,1,0.8570558,1,0
0.9515058,1,1,0.8953115,0.9310676,1,1,0.8555741,1,0
0.9518011,1,1,0.8850619,0.919507,0.9879768,1,0.8542463,1,0
0.9517978,1,1,0.8747863,0.9078712,0.9743253,1,0.8531544,1,0
0.9515042,1,1,0.864493,0.8961731,0.9605597,1,0.8523095,1,0
0.950954,1,1,0.8541929,0.8844334,0.946715,1,0.8517047,1,0
0.9501742,1,1,0.8438965,0.8726722,0.9328237,1,1,1,1
0.952453,1,1,0.8340888,0.8622864,0.9214344,1,1,1,1
0.9544681,1,1,0.8242486,0.8518075,0.9098754,1,1,0.7714437,0
0.9507982,1,1,0.8136359,0.839023,0.8940867,1,1,0.7688135,0
0.9470593,1,1,0.8031176,0.8263618,0.878479,1,1,0.7664143,0
0.9432939,1,1,0.7926993,0.8138383,0.8630784,1,1,0.7642505,0
0.9395345,1,1,0.7823862,0.8014668,0.8479086,1,1,0.7623267,0
0.9358131,1,1,0.7721784,0.7892543,0.8329847,1,1,0.7606428,0
0.932156,1,1,0.8748404,0.7772077,0.8183204,1,1,0.759197,0
0.9286399,1,1,1,0.7653444,0.8039563,1,1,0.7579755,0
0.9252285,1,1,1,0.7536467,0.7898598,1,1,0.756977,0
0.9218763,1,1,1,0.7420927,0.775991,1,1,0.7562051,0
0.9185955,1,1,1,0.7306831,0.7623529,1,1,0.7556556,0
0.915396,1,1,1,0.7194167,0.7489464,0.8490466,1,0.7553236,0
0.910974,1,1,1,0.7079751,0.7349789,0.8291432,1,0.755591,0
0.9066384,1,1,1,0.6967188,0.7212834,0.8097652,1,0.7561937,0
0.9024164,1,1,1,0.6856491,0.707869,0.7909327,1,0.7571243,0
0.898331,1,1,1,0.6747636,0.6947392,0.7726551,1,0.7583693,0
0.8943948,1,1,1,0.6640561,0.6818922,0.7549328,1,0.7599159,0
0.8906211,1,1,1,0.6535148,0.6693192,0.7377557,1,1,0
0.8898016,1,1,1,0.6433771,0.6584057,0.7247442,1,1,0
0.8889104,1,1,1,0.6332526,0.6475049,0.71175,1,1,0
0.8879532,1,1,1,0.6231397,0.636619,0.6987816,1,1,0
0.8869376,1,1,1,0.6130425,0.625755,0.6858531,1,1,0
0.8858682,1,1,1,0.6029588,0.6149137,0.6729707,1,1,0
0.8847517,1,1,1,0.592892,0.6041013,0.6601459,1,1,0
0.8835979,1,1,1,0.5828421,0.5933204,0.6473859,1,1,0
0.8824089,1,1,1,0.6823353,0.5825698,0.6346933,1,1,0
0.8812,1,1,1,1,0.5718583,0.6220886,1,1,0
0.6978937,1,1,1,1,0.5611851,0.6095701,1,1,1
0.6537637,1,1,1,1,0.5512426,0.5991466,1,1,1
0.6070991,1,1,1,1,0.5414366,0.5891066,1,1,2
0.5681487,1,1,1,0.6205677,0.5317725,0.5794539,1,1,2
0.5692879,1,1,1,0.5128454,0.5222044,0.5700412,1,1,2
0.5703891,1,1,1,0.5028964,0.5125615,0.560399,1,1,2
0.571453,1,1,1,0.4929515,0.5028475,0.5505465,1,1,1
0.5724684,1,1,1,0.4830092,0.4930662,0.5404958,1,1,1
0.5734316,1,1,1,0.4730633,0.4832165,0.5302541,1,1,1
0.5743369,1,1,1,0.4631114,0.4733012,0.5198329,1,1,1
0.5751761,1,1,1,0.4531551,0.4633269,0.509248,1,1,1
0.5759513,1,1,1,0.4431903,0.4532946,0.4985091,1,1,1
0.5766592,1,1,1,0.4332168,0.4432089,0.4876298,1,1,1
0.577297,1,1,1,0.4232348,0.4330746,0.4766238,1,1,1
0.5778656,1,1,1,0.4132446,0.4228967,0.4655048,1,1,1
0.5783662,1,1,1,0.4032471,0.4126804,0.4542864,1,1,1
1,1,1,1,0.393243,0.4024307,0.4429819,1,1,0
1,1,1,1,0.3830015,0.3907455,0.4279114,1,1,0
1,1,1,1,0.3728842,0.3793151,0.413388,1,1,0
1,1,1,1,1,0.3681104,0.3993574,0.5608457,1,0
1,1,1,1,1,0.3567715,0.3847355,0.5323708,1,0
1,1,1,1,1,0.3456685,0.3705545,0.505454,1,0
1,1,1,1,1,0.3347883,0.3567891,0.4799658,1,0
0.8658818,1,1,1,1,0.3241184,0.3434159,0.4557907,1,0
0.5552175,1,1,1,1,0.3136501,0.3304158,0.4328291,1,0
0.8594848,1,1,1,1,0.3035384,0.3189934,0.4156104,1,0
0.8556878,1,1,1,1,0.2933433,0.3065294,0.3943667,1,0
0.5474793,1,1,1,1,0.615364,0.2944284,0.3742712,1,0
0.8499006,1,1,1,1,1,0.283661,0.3592216,1,0
0.8466579,1,1,1,1,1,0.2720799,0.3408193,1,0
0.8435742,1,1,1,1,1,0.2607781,0.3232785,1,0
0.8406299,1,1,1,1,1,0.2497315,0.3065254,0.5237998,0
0.8377151,1,1,1,1,1,0.2387703,0.2897896,0.4838372,0
0.8349656,1,1,1,1,1,0.2280552,0.2737445,0.447096,0
0.5292158,1,1,1,1,1,0.2175759,0.2583484,0.4132109,0
0.5265763,1,1,1,1,1,0.2110169,0.2435594,0.3818655,0
0.5239643,1,1,1,1,1,0.2811136,0.2293429,0.3527933,0
0.5213761,1,1,1,1,1,0.3869268,0.2156599,0.3257544,0
0.5188112,1,1,1,1,1,0.5620154,0.2024813,0.3005507,0
0.5162659,1,1,1,1,1,1,0.1897805,0.2770098,0
0.5136536,1,1,1,1,1,1,0.1776317,0.2553615,0
0.5110396,1,1,1,1,1,1,0.1658818,0.2350038,0
0.5084092,1,1,1,1,1,1,0.1545144,0.2158468,0
0.5057479,1,1,1,1,1,1,0.1483476,0.1978004,0
0.5030363,1,1,1,1,1,1,0.1676491,0.1807923,0
0.5002101,1,1,1,1,1,1,0.1889113,0.1647899,0
0.4972499,1,1,1,1,1,1,0.2122469,0.1496718,0
0.494142,1,1,1,1,1,1,0.2377513,0.1353357,0
0.4908683,1,1,1,1,1,1,0.2655265,0.1216879,0
0.4874164,1,1,1,1,1,1,0.29565,0.1313167,0
0.4949029,1,1,1,1,1,1,0.3274682,0.1414638,0
0.5031922,1,1,1,1,1,1,0.361317,0.151913,0
0.5121231,1,1,1,1,1,1,0.3971662,0.1626366,0
0.521602,1,1,1,1,1,1,0.4350014,0.1736196,0
0.531557,1,1,1,1,1,1,0.4747688,0.1848371,0
0.5419323,1,1,1,1,1,1,1,0.1962686,1
0.5595539,1,1,1,1,1,1,1,0.2065712,1
0.5763199,1,1,1,1,1,1,1,0.2171055,1
0.5922698,1,1,1,1,1,1,1,0.2278768,1
0.7657245,1,1,1,1,1,1,1,0.2388945,0
0.7624171,1,1,1,1,1,1,1,0.2522537,0
0.7588559,1,1,1,1,1,1,1,0.2658949,0
0.7550296,1,1,1,1,1,1,1,0.2797869,0
0.750935,1,1,1,1,1,1,1,0.2938847,0
0.7465649,1,1,1,1,1,1,1,0.3081511,0
0.7419164,1,1,1,1,1,1,1,0.3225411,0
0.7369892,1,1,1,1,1,1,1,0.337007,0
0.7317846,1,1,1,1,1,1,1,0.3515002,0
0.7263024,1,1,1,1,1,1,1,0.3659754,0
0.7205473,1,1,1,1,1,1,1,0.3803811,1
0.7145225,1,1,1,1,1,1,1,0.3946717,1
0.7082365,1,1,1,1,1,1,1,0.4087955,1
0.7016987,1,1,1,1,1,1,1,1,2
0.6904364,1,1,1,1,1,1,1,1,2
0.6793227,1,1,1,1,1,1,1,1,2
0.6926438,1,1,1,1,1,1,1,1,2
0.7294071,1,1,1,1,1,1,1,1,2
0.7660353,1,1,1,1,1,1,1,1,2
0.802101,1,1,1,1,1,1,1,1,2
0.83718,1,1,1,1,1,1,1,1,2
0.8708858,1,1,1,1,1,1,1,1,2
0.9028732,1,1,1,1,1,1,1,1,1
0.9328651,1,1,1,1,1,1,1,1,1
0.9606697,1,1,1,1,1,1,1,1,1
0.9861785,1,1,1,1,1,1,1,1,1
1,1,1,1,1,1,1,1,1,1
1,1,1,1,1,1,1,1,1,1
1,1,1,1,1,1,1,1,1,1
1,1,1,1,1,1,1,1,1,1
1,1,1,1,1,1,1,1,1,1
1,1,1,1,1,1,1,1,1,1
1,1,1,1,1,1,1,1,1,1
1,1,1,1,1,1,1,1,1,1
1,1,1,1,1,1,1,1,1,1
1,1,1,1,1,1,1,1,1,1
1,1,1,1,1,1,1,1,1,1
1,1,1,1,1,1,1,1,1,1
1,1,1,1,1,1,1,1,1,1
1,1,1,1,1,1,1,1,1,1
1,1,1,1,1,1,1,1,1,1
1,1,1,1,1,1,1,1,1,1
1,1,1,1,1,1,1,1,1,1
1,1,1,1,1,1,1,1,1,1
1,1,1,1,1,1,1,1,1,1
1,1,1,1,1,1,1,1,1,1
1,1,1,1,1,1,1,1,1,1
1,1,1,1,1,1,1,1,1,1
1,1,1,1,1,1,1,1,1,1
1,1,1,1,1,1,1,1,1,1
1,1,1,1,1,1,1,1,1,1
1,1,1,1,1,1,1,1,1,1
1,1,1,0.9210826,1,1,1,1,1,1
1,1,1,0.892282,1,1,1,1,1,1
1,1,1,0.8820074,1,1,1,1,1,1
1,1,1,0.8717254,1,1,1,1,1,1
1,1,1,0.8614367,1,1,1,1,1,1
1,1,1,0.8511419,1,1,1,1,1,1
1,1,1,0.8408417,1,1,1,1,1,1
1,1,1,0.830537,1,1,1,1,1,1
1,1,1,0.8202281,1,1,1,1,1,1
1,1,1,0.8099159,1,1,1,1,1,1
1,1,1,0.7996012,1,1,1,1,1,1
1,1,1,0.7892844,1,1,1,1,1,1
1,1,1,0.7789664,1,1,1,1,1,1
1,1,1,0.7686508,1,1,1,1,1,1
1,1,1,0.7583351,1,1,1,1,1,1
1,1,1,0.74802,1,1,1,1,1,1
1,1,1,0.7377061,1,1,1,1,1,1
1,1,1,0.7273939,1,1,1,1,1,1
1,1,1,0.7170841,1,1,1,1,1,1
1,1,1,0.706777,1,1,1,1,1,1
1,1,1,0.6964732,1,1,1,1,1,1
1,1,1,0.6861733,1,1,1,1,1,1
1,1,1,0.6758808,1,1,1,1,1,1
1,1,1,0.6655929,1,1,1,1,1,1
1,1,1,0.6553101,1,1,1,1,1,1
1,1,1,0.6450328,1,1,1,1,1,1
1,1,0.682264,0.6347642,1,1,1,1,1,2
1,1,0.6694047,0.6240776,1,1,1,1,1,2
1,1,0.6566433,0.613442,1,1,1,1,1,2
1,1,0.6439832,0.602858,1,1,1,1,1,2
1,1,0.6314309,0.5923288,1,1,1,1,1,2
1,1,0.6189847,0.5818509,1,1,1,1,1,2
1,1,0.6066491,0.5714267,1,1,1,1,1,2
1,1,0.5944246,0.5610551,1,1,1,1,1,2
1,1,0.5823141,0.5507375,1,1,1,1,1,2
1,1,0.5703137,0.5404695,1,1,1,1,1,2
1,1,0.558422,0.6072578,1,1,1,1,1,2
1,1,0.546677,0.7031497,1,1,1,1,1,2
1,1,0.5350745,1,1,1,1,1,1,2
1,1,0.5236619,1,1,1,1,1,1,2
1,1,0.5123151,1,1,1,1,1,1,2
1,1,0.5010343,1,1,1,1,1,1,2
1,1,0.4898163,1,1,1,1,1,1,2
1,1,0.4786641,1,1,1,1,1,1,2
1,1,0.4675803,1,1,1,1,1,1,2
1,1,0.4565612,1,1,1,1,1,1,2
1,1,0.445606,1,1,1,1,1,1,2
1,1,0.4347169,1,1,1,1,1,1,2
1,1,0.4238899,1,1,1,1,1,1,2
1,1,0.4131267,1,1,1,1,1,1,2
1,1,0.4024262,1,1,1,1,1,1,2
1,1,0.391787,1,1,1,1,1,1,2
1,0.4714664,0.3812076,1,1,1,1,1,1,2
1,0.452298,0.3696142,1,1,1,1,1,1,2
1,0.4339871,0.3690358,1,1,1,1,1,1,2
1,0.4165102,0.4250844,1,1,1,1,1,1,2
1,0.39991,0.4935853,1,1,1,1,1,1,2
1,0.3840963,1,1,1,1,1,1,1,2
1,0.3695247,1,1,1,1,1,1,1,2
1,0.3553246,1,1,1,1,1,1,1,2
1,0.341485,1,1,1,1,1,1,1,2
1,0.3279938,1,1,1,1,1,1,1,2
1,0.3148453,1,1,1,1,1,1,1,2
1,0.3020227,1,1,1,1,1,1,1,2
0.4198335,0.289516,1,1,1,1,1,1,1,2
0.3944111,0.2763477,1,1,1,1,1,1,1,2
0.3705695,0.26378,1,1,1,1,1,1,1,2
0.3481761,0.2875504,1,1,1,1,1,1,1,2
0.327109,0.3143433,1,1,1,1,1,1,1,2
0.3072645,0.344666,1,1,1,1,1,1,1,2
0.2885453,0.3791573,1,1,1,1,1,1,1,2
0.2708648,0.4186104,1,1,1,1,1,1,1,2
0.254145,1,1,1,1,1,1,1,1,2
0.2383158,1,1,1,1,1,1,1,1,2
0.2344524,1,1,1,1,1,1,1,1,2
0.2497527,1,1,1,1,1,1,1,1,2
0.2659112,1,1,1,1,1,1,1,1,2
0.282928,1,1,1,1,1,1,1,1,2
0.3007989,1,1,1,1,1,1,1,1,2
0.3195138,1,1,1,1,1,1,1,1,2
0.3390563,1,1,1,1,1,1,1,1,2
0.3594101,1,1,1,1,1,1,1,1,2
0.3805463,1,1,1,1,1,1,1,1,2
1,1,1,1,1,1,1,1,1,1
1,1,1,1,1,1,1,1,1,1
1,1,1,1,1,1,1,1,1,1
1,1,1,1,1,1,1,1,1,1
1,1,1,1,1,1,1,1,1,1
1,1,1,1,1,1,1,1,1,1
1,1,1,1,1,1,1,1,1,1
1,1,1,1,1,1,1,1,1,1
1,1,1,1,0.9937045,1,1,1,1,1
1,1,1,1,0.9838958,1,1,1,1,1
1,1,1,1,0.974377,1,1,1,1,1
1,1,1,1,0.9651324,1,1,1,0.9934914,1
1,1,1,1,0.9563955,1,1,1,0.9849721,1
1,1,1,1,0.9482244,0.9880962,1,1,0.9761845,1
1,1,1,1,0.9410067,0.9722495,1,1,0.9669393,1
1,1,1,1,0.9348736,0.9551112,1,1,0.9572134,0
1,1,1,1,0.9298583,0.9367448,1,1,0.9470286,0
1,1,1,1,0.9260134,0.9172339,1,1,0.9364258,0
1,1,1,1,0.9233936,0.8966776,1,1,0.9254494,0
1,1,1,1,0.9220549,0.8751926,1,1,0.9141485,0
1,1,1,1,0.9220637,0.8529199,1,1,0.9025826,0
1,1,1,1,0.9234982,0.8300015,1,1,0.8908201,0
1,1,1,1,0.9264331,0.8065951,1,1,0.8789277,0
1,1,1,1,0.9309549,0.7828512,1,1,0.8669785,0
1,1,1,1,0.9371627,0.7774325,1,1,0.8550507,0
1,1,1,1,0.944428,0.7792277,1,1,0.8956594,0
1,1,1,1,0.949897,0.7799639,1,1,0.9449047,0
1,1,1,1,0.9530073,0.7793287,0.9972011,1,0.9920183,0
1,1,1,1,0.9539243,0.7774307,0.9659952,1,1,0
1,1,1,1,0.9561348,0.7762724,0.9343553,1,1,0
1,1,1,0.9934411,0.9600893,0.7761013,0.9020398,1,1,0
1,1,1,0.9793785,0.9659964,0.7770216,0.869197,1,1,0
1,1,1,0.9650329,0.9741017,0.7791535,0.8359947,1,1,0
1,1,1,0.9504999,0.9844693,0.7825081,0.8027781,1,1,0
1,1,1,0.9358785,0.9971552,0.7870856,0.769865,1,1,0
1,1,1,0.9559944,1,0.792883,0.7375163,1,1,0
1,1,1,0.9819742,0.9834641,0.7996427,0.7062119,1,1,0
1,1,1,1,0.9646079,0.8077129,0.6756825,1,1,0
1,1,1,1,0.9458783,0.8173109,0.645892,1,1,0
1,1,1,1,0.927247,0.8287616,0.6328328,1,1,0
1,1,1,1,0.9090578,0.8415208,0.6362353,1,1,0
1,1,1,1,0.8915547,0.8549679,0.6399275,1,1,0
1,1,1,1,0.8747007,0.8690594,0.6438779,1,1,0
1,1,1,1,0.8584573,0.8837432,0.6480501,1,1,0
1,1,1,1,0.8427817,0.8989713,0.6524132,1,1,0
1,1,1,1,0.8276314,0.9022844,0.6569363,1,1,0
1,1,1,1,0.8389137,0.8833117,0.6617659,0.9400377,1,0
1,1,1,1,0.8699462,0.8637553,0.6685957,0.8698896,1,0
1,1,1,1,0.910919,0.8437827,0.6776817,0.8016361,1,0
1,1,1,1,0.9627815,0.8238251,0.6888631,0.737196,1,0
1,1,1,1,1,0.8045802,0.7011925,0.6789996,1,0
1,1,1,1,1,0.7860117,0.7147641,0.6261624,1,0
1,1,1,1,1,0.7680856,0.7296888,0.5779603,1,0
1,1,1,1,1,0.750764,0.7460876,0.5337812,1,0
1,1,1,1,1,0.7538623,0.764098,0.5141411,1,0
1,1,1,1,1,0.7922927,0.783877,0.5182873,1,0
1,1,1,1,1,0.8364644,0.7993526,0.5230086,1,0
1,1,1,1,1,0.8875507,0.7767639,0.5283303,1,0
1,1,1,1,1,0.9470719,0.7550775,0.5342804,1,0
1,1,1,1,1,1,0.7342387,0.5408937,1,0
1,1,1,1,1,1,0.7142005,0.548201,1,0
1,1,1,1,1,1,0.6949161,0.5562402,0.7919935,0
1,1,1,1,1,1,0.6763424,0.5650575,0.6800268,0
1,1,0.9988706,1,1,1,0.6584426,0.5746995,0.5862746,0
1,1,0.9552351,1,1,1,0.6454338,0.5852143,0.5066234,0
1,1,0.9151462,1,1,1,0.6782631,0.5966631,0.4631174,0
1,1,0.8781568,1,1,1,0.7153953,0.6091061,0.4668335,0
1,1,0.84951,1,1,1,0.7575898,0.6226184,0.4710314,0
1,1,0.8483175,1,1,1,0.8057774,0.6372749,0.4757219,0
1,1,0.8475006,0.9996763,1,1,0.8611462,0.6531644,0.4809215,0
1,1,0.8470716,0.9958895,1,1,0.9252331,0.6703904,0.4866512,0
1,1,0.8470445,0.9925228,1,1,1,0.680161,0.4929241,0
1,1,0.8474386,0.989584,1,1,1,0.6555354,0.4997651,0
1,1,0.8482717,0.987079,1,1,1,0.6320787,0.5071946,0
1,1,0.8495671,0.9850183,0.9386739,1,1,0.6097151,0.5152388,0
1,1,1,0.9834102,0.9255312,1,1,0.5883724,0.5239262,0
1,1,1,0.9822682,0.9206373,1,1,0.567988,0.5332844,0
1,1,1,1,0.9161506,1,1,0.5484977,0.543348,0
1,1,1,0.8460172,0.9120795,1,1,0.5380872,0.5541542,0
1,1,1,0.8070518,0.9084241,1,1,0.5629374,0.5657407,0
1,1,1,0.7729725,0.9046741,1,1,0.588616,0.5775062,0
1,1,1,0.7440656,0.9004388,0.988457,1,0.6139449,0.5889734,0
1,1,1,0.7193658,0.8956312,0.9010791,1,0.6385752,0.6000271,0
1,1,1,0.6987898,0.8899778,0.8421428,1,0.66141,0.6102852,0
1,1,1,0.6871561,0.8835415,0.8345178,1,0.6824107,0.6197802,0
1,1,1,0.6797479,0.8765648,0.8266523,1,0.7022153,0.6147555,0
1,1,1,0.6719252,0.8692737,0.8186537,1,0.7214947,0.5948479,0
1,1,1,0.6639121,0.8618528,0.8106123,1,0.7408826,0.5756397,0
1,1,1,0.6556913,0.8542846,0.8025149,1,0.7602931,0.5570896,0
1,1,1,0.6472527,0.8465568,0.7943522,1,0.7796235,0.5391604,0
1,1,1,0.6385852,0.8386566,0.7861137,1,0.798778,0.5218091,0
1,1,1,0.6296845,0.8305765,0.7777933,1,0.8176535,0.504998,0
1,1,1,0.6205453,0.8223085,0.7693834,1,0.8361583,0.4886847,1
1,1,1,0.6111692,0.8138503,0.7608811,1,0.8541967,0.4728325,1
1,1,1,0.6015529,0.8051953,0.7522787,1,1,0.4672484,1
1,1,1,0.5906155,0.7953607,0.7430279,1,1,0.4733006,1
1,1,1,0.5793438,0.7852236,0.7336101,1,1,0.4790293,1
1,1,1,0.5677626,0.7748009,0.7240322,1,1,0.4844281,1
1,1,1,0.5559021,0.7641149,0.7143058,1,1,0.4894943,1
1,1,1,0.5437972,0.753193,0.7044465,1,1,0.4942247,1
1,1,1,0.5314761,0.7420565,0.6944646,1,1,0.4986273,1
1,0.9551845,1,0.518974,0.7307343,0.684377,1,1,0.5027092,2
1,0.9347084,1,0.5111831,0.7186292,0.6738575,1,1,0.5056813,2
1,0.8966094,1,0.5091324,0.7062212,0.6631702,1,1,0.5080847,2
1,0.8349268,1,0.508405,0.6933895,0.6522532,1,1,0.5097094,2
1,0.8083731,1,0.5097086,0.679948,0.6410144,1,1,0.5102412,2
1,0.8072054,1,0.5119103,0.6664599,0.629759,1,1,0.5103918,2
1,0.806159,0.5415868,0.5141602,0.6532576,0.6186624,1,1,0.5106252,2
1,0.807972,0.5162429,0.5249527,0.6378427,0.6064827,1,1,0.5071715,2
1,0.8103762,0.4920959,0.5371534,0.6228744,0.594593,1,1,0.5038026,2
1,0.8133888,0.4690542,0.721238,0.6083313,0.5829817,1,1,0.5005102,2
1,0.816249,0.4479551,0.7404001,0.5946159,0.5718096,1,1,0.4980236,2
1,0.819228,0.4280784,0.6231096,0.5814083,0.5609125,1,1,0.4959111,2
1,0.823253,0.4083639,0.6066589,0.5682311,0.6380867,1,1,0.4933604,2
1,0.8273975,0.3984082,0.5909741,0.5555111,0.7521691,1,0.7358333,0.4911553,2
1,0.8287824,0.3995585,0.5776784,0.5440927,1,1,0.7296668,0.4911316,2
1,0.8297493,0.4001731,0.5648954,0.5329509,1,1,1,0.491451,2
1,0.8336848,0.4043854,0.5507432,0.5211109,1,1,0.7143137,0.489996,2
1,0.8342472,0.4044796,0.5386689,0.5103456,1,1,1,0.4906611,2
1,0.8382224,0.4087153,0.5251773,0.4988786,1,1,0.7023281,0.4894505,2
0.8548616,0.8383629,0.4082891,0.5136293,0.4883779,1,1,1,0.4903695,2
0.7348117,0.8453379,0.4161867,0.4995378,0.4766705,1,1,0.687809,0.4878878,2
0.7341659,0.8503581,0.4217633,0.4866334,0.4655577,1,1,0.6791826,0.4865654,2
0.733656,0.4068707,0.574978,0.4741612,0.4546652,1,1,0.6719005,0.4855324,2
0.7342938,0.3751587,0.5915295,0.4605784,0.4433481,1,1,0.6583806,0.4826295,2
0.7354683,0.3455659,0.5019237,0.4473468,0.432261,1,1,0.6454441,0.4797636,2
0.7371881,0.3178715,0.4842785,0.4344472,0.4429112,1,1,0.6330384,0.4769284,2
0.7394571,0.2918895,0.4672458,0.4218644,0.5765918,1,1,0.621125,0.4741245,2
0.7420945,0.2913384,0.4510451,0.4096805,1,1,1,0.6102892,0.4715215,2
0.7447144,0.2948732,0.4359654,0.3979893,1,1,1,0.6013657,0.469354,2
0.7474204,0.298393,0.4215884,0.3866082,1,1,1,0.5934999,0.4673962,2
0.7501665,0.3018762,0.4078047,0.375482,1,1,1,0.5865287,0.4656053,2
0.7529094,0.3052966,0.3945237,0.3645661,1,1,1,0.5803251,0.4639528,2
0.7556232,0.3086435,0.3816633,0.3538184,1,1,1,0.5747733,0.4624081,2
0.3511468,0.3119047,0.369161,0.3432102,1,1,1,0.5697809,0.4609498,2
0.2968321,0.3187523,0.355241,0.3322266,1,1,1,0.5600351,0.4582611,2
0.2491801,0.4748276,0.3417228,0.3956358,1,1,1,0.5505766,0.4555849,2
0.2499046,0.4515908,0.3287185,0.5090235,1,1,1,0.5418271,0.4530149,2
0.2528836,0.4611093,0.3162265,1,1,1,1,0.5339252,0.4505732,2
0.2557791,0.3939479,0.3043328,1,1,1,1,0.5273599,0.4483472,2
0.2589949,0.3753216,0.292582,1,1,1,1,0.5206561,0.4460425,2
0.2623651,0.3575829,0.2810985,1,1,1,1,0.5143037,0.4437454,2
0.265868,0.3406319,0.269852,1,1,1,1,0.5082725,0.4414486,2
0.2694855,0.3243795,0.2588146,1,1,1,1,0.5025312,0.4391434,2
0.2732041,0.3087462,0.2479619,1,1,1,1,0.4970479,0.4368193,2
0.2770073,0.2936655,0.2372752,1,1,1,1,0.4917968,0.4344707,2
0.5067181,0.2790709,0.2516845,1,1,1,1,0.4867553,0.4320933,1
0.4849197,0.2666212,0.262492,1,1,1,1,0.4841387,0.4299116,1
0.4624861,0.2540353,0.2744193,1,1,1,1,0.48131,0.4277006,1
0.4395763,0.2413505,0.2875791,1,1,1,1,0.4782808,0.4254569,1
0.4163389,0.2285996,0.3020953,1,1,1,1,0.4750646,0.4231776,1
0.3929145,0.2158137,0.318119,1,1,1,1,0.4716726,0.4208569,1
0.3910901,0.2030249,0.3357709,1,1,1,1,0.4681269,0.4184984,1
0.3204348,0.1903714,0.3537852,1,1,1,1,0.4646333,0.416114,2
0.2968481,0.1775178,0.3770599,1,1,1,1,0.4605827,0.4136559,2
0.2736788,0.1647694,1,1,1,1,1,0.9012658,0.4111508,2
0.2458212,0.1508926,1,1,1,1,1,0.8905008,0.4084818,2
0.2198684,0.1455345,1,1,1,1,1,0.880039,0.4057733,2
0.1957292,0.1552223,1,1,1,1,1,0.4360822,0.4030223,1
0.1777419,0.160969,1,1,1,1,1,0.8664811,0.4000317,2
0.1557642,0.1716445,1,1,1,1,1,0.8568956,0.3972253,2
0.1352396,0.1830703,1,1,1,1,1,0.8477999,0.3943496,2
0.1183922,0.1952314,1,1,1,1,1,0.8391541,0.391397,2
0.1241713,0.2080809,1,1,1,1,1,0.8309391,0.3883545,2
0.1301007,0.2212736,1,1,1,1,1,0.8233095,0.3851847,2
0.1361482,0.2347141,1,1,1,1,1,0.8161763,0.3818817,2
0.1422816,0.2483005,1,1,1,1,1,0.8094678,0.3784447,2
0.148472,0.2619342,1,1,1,1,1,0.8031236,0.3748743,2
0.154691,0.8562914,1,1,1,1,1,0.7970954,0.3711747,1
0.1594021,0.8583121,1,1,1,1,1,0.7938038,0.3668143,0
0.1639776,0.8595263,1,1,1,1,1,0.7906541,0.3624869,0
0.1684167,0.860011,1,1,1,1,1,0.7876446,0.3581999,0
0.1727227,0.8598479,1,1,1,1,1,0.7847709,0.3539573,0
0.1768918,0.8591002,1,1,1,1,1,0.7820356,0.3497688,0
0.1809282,0.8578421,1,1,1,1,1,1,0.3456374,1
0.1861824,0.8708606,1,1,1,1,1,1,0.3418799,1
0.1913921,0.8829676,1,1,1,1,1,1,0.338071,1
0.1965424,0.894142,1,1,1,1,1,1,0.3342209,1
0.2016264,0.9043848,1,1,1,1,1,1,0.3303341,1
0.2066344,0.9136988,1,1,1,1,1,1,0.3264186,1
0.9801927,0.9220996,1,1,1,1,1,1,0.3224796,0
0.9919483,0.8937988,1,1,1,1,1,1,0.3852863,0
1,0.8676012,1,1,1,1,1,1,0.5654344,0
1,0.8513452,1,1,1,1,1,1,0.7881747,0
1,0.8496431,1,1,1,1,1,1,1,1
0.9807438,0.8608621,1,1,1,1,1,1,1,1
0.9590839,0.8728907,1,1,1,1,1,1,1,1
0.9370555,0.8858758,1,1,1,1,1,1,1,2
0.9147274,0.8998713,1,1,1,1,1,1,1,2
0.8921764,0.914932,1,1,1,1,1,1,1,2
0.8694749,0.9311002,1,1,1,1,1,1,1,2
0.8466991,0.9484323,1,1,1,1,1,1,1,2
0.8239185,0.966978,1,1,1,1,1,1,1,2
0.8012047,0.9867874,1,1,1,1,1,1,1,2
0.7786257,1,1,1,1,1,1,1,1,2
0.7560879,1,1,1,1,1,1,1,1,2
0.7334076,1,1,1,1,1,1,1,1,2
0.7106764,1,1,1,1,1,1,1,1,2
0.6879746,1,1,1,1,1,1,1,0.6633618,1
0.6766718,1,1,1,1,1,1,1,0.6588402,1
0.6650841,1,1,1,1,1,1,1,0.6543881,1
0.6531995,1,1,1,1,1,1,1,0.6500014,1
0.6410161,1,1,1,1,1,1,1,0.6456794,1
0.6427346,1,1,1,1,1,1,1,0.6414179,1
0.6461419,1,1,1,1,1,1,1,0.6371741,1
0.6493658,1,1,1,1,1,1,1,0.6329476,1
0.6524076,1,1,1,1,1,1,1,0.6287442,1
0.6552691,1,1,1,1,1,1,1,0.6245698,1
0.6579568,1,1,1,1,1,1,1,0.643559,1
0.6609588,1,1,1,1,1,1,1,0.7372553,1
0.6658689,1,1,1,1,1,1,1,1,2
0.6764426,1,1,1,1,1,1,1,1,2
0.6871721,1,1,1,1,1,1,1,1,2
0.698037,1,1,1,1,1,1,1,1,2
0.7090168,1,1,1,1,1,1,1,1,2
0.7200949,1,1,1,1,1,1,1,1,2
0.7312538,1,1,1,1,1,1,1,1,2
0.7424725,1,1,1,1,1,1,1,1,2
0.7537338,1,1,1,1,1,1,1,1,2
0.7650203,1,1,1,1,1,1,1,1,2
0.7763108,1,1,1,1,1,1,1,1,2
0.7875884,1,1,1,1,1,1,1,1,2
0.7988364,1,1,1,1,1,1,1,1,2
0.8100383,1,1,1,1,1,1,1,1,2
0.821174,1,1,1,1,1,1,1,1,2
0.8322318,1,1,1,1,1,1,1,1,2
0.8431925,1,1,1,1,1,1,1,1,2
1,1,1,1,1,1,1,1,1,1
1,1,1,1,1,1,1,1,1,1
1,1,1,1,1,1,1,1,1,1
1,1,1,1,1,1,1,1,1,1
1,1,1,1,1,1,1,1,1,1
1,1,1,1,1,1,1,1,1,1
1,1,1,1,1,1,1,1,1,1
1,1,1,1,1,1,1,1,1,1
1,1,1,1,1,1,1,1,1,1
1,1,1,1,1,1,1,1,1,1
1,1,1,1,1,1,1,1,1,1
1,1,1,1,1,1,1,1,1,1
1,1,1,1,1,1,1,1,1,1
1,1,1,1,1,1,1,1,1,1
1,1,1,1,1,1,1,1,1,1
1,1,1,1,1,1,1,1,1,1
1,1,1,1,1,1,1,1,1,1
1,1,1,1,1,1,1,1,1,1
1,1,1,1,1,1,1,1,1,1
1,1,1,1,1,1,1,1,1,1
1,1,1,1,1,1,1,1,1,1
1,1,1,1,1,1,1,1,1,1
1,1,1,1,1,1,1,1,1,1
1,1,1,1,1,1,1,1,1,1
1,1,1,1,1,1,1,1,1,1
1,1,1,1,1,1,1,1,1,1
1,1,1,1,1,1,1,1,1,1
1,1,1,1,1,1,1,1,1,1
1,1,1,1,1,1,1,1,1,1
1,1,1,1,1,1,1,1,1,1
1,1,1,1,1,1,1,1,1,1
1,1,1,1,1,1,1,1,1,1
1,1,1,1,1,1,1,1,1,1
1,1,1,1,1,1,1,1,1,1
1,1,1,1,1,1,1,1,1,1
1,1,1,1,1,1,1,1,1,1
1,1,1,1,0.993091,1,1,1,1,1
1,1,1,1,0.9830106,1,1,1,1,1
1,1,1,1,0.972813,1,1,1,1,1
1,1,1,1,0.9625007,1,1,1,1,1
1,1,1,1,0.9524191,1,1,1,1,1
1,1,1,1,0.9440722,1,1,1,1,1
1,1,1,1,0.9360048,1,1,1,1,1
1,1,1,1,0.928194,1,1,1,1,1
1,1,1,1,0.9206379,1,1,1,1,1
1,1,1,1,0.9133157,1,1,1,1,1
1,1,1,1,0.9062206,0.9994072,1,1,1,1
1,1,1,1,0.8993717,0.9866003,1,1,1,1
1,1,1,1,0.8932843,0.9734533,1,1,1,1
1,1,1,1,0.8879436,0.9599909,1,1,1,1
1,1,1,1,0.8833376,0.9462425,1,1,1,1
1,1,1,1,0.8794625,0.9322351,1,1,1,1
1,1,1,1,0.8763105,0.9179999,1,1,1,0
1,1,1,1,0.8738755,0.9035643,1,1,1,0
1,1,1,1,0.8721601,0.8889596,1,1,1,0
1,1,1,1,0.8711551,0.8742127,1,1,1,0
1,1,1,1,0.8708594,0.8593503,1,1,1,0
1,1,1,1,0.871281,0.8444012,1,1,1,0
1,1,1,1,0.8724151,0.8293933,1,1,1,0
1,1,1,1,0.8742723,0.8143532,1,1,1,0
1,1,1,1,0.876851,0.799302,1,1,1,0
1,1,1,1,0.8801572,0.7842626,1,1,1,0
1,1,1,1,0.8841994,0.7692564,1,1,1,0
1,1,1,1,0.8889793,0.7543026,1,1,1,0
1,1,1,1,0.8945073,0.7394184,1,1,1,0
1,1,1,1,0.9007956,0.724619,0.9099041,1,1,0
1,1,1,1,0.914045,0.7086221,0.8854164,1,1,0
1,1,1,1,0.9300796,0.6925588,0.8608631,1,1,0
1,1,1,1,0.9491066,0.6764897,0.8363746,1,1,0
1,1,1,1,1,0.6705358,0.8120731,1,1,0
1,1,1,1,1,0.6784486,0.7885659,1,1,0
1,1,1,1,1,0.6874613,0.7654773,1,1,0
1,1,1,1,0.9878181,0.6976159,0.7428483,1,1,0
1,1,1,1,0.9734977,0.7091766,0.7206043,1,1,0
1,1,0.9414645,1,0.9593434,0.7222471,0.6987838,1,1,0
1,1,0.8915253,1,0.9454778,0.7363419,0.6776391,1,1,0
1,1,0.8837469,1,0.9319063,0.7514261,0.6571712,1,1,0
1,1,0.8760632,1,0.9185686,0.76789,0.6372382,1,1,0
1,1,0.8684587,1,0.905471,0.7857445,0.6178473,1,1,0
1,1,0.7686626,1,0.892618,0.8049976,0.5990012,1,1,0
1,1,0.7362077,1,0.9240572,0.8239752,0.581053,1,1,0
1,1,0.709245,1,0.9667446,0.8427495,0.5638586,1,1,0
1,1,0.6868186,1,1,0.8998345,0.5473529,1,1,0
1,1,0.669243,1,1,0.886175,0.5316299,1,1,0
1,1,0.6523603,1,0.9896228,0.8726432,0.5313315,1,1,0
1,1,0.6368638,1,1,0.8593358,0.5356756,1,1,0
1,1,0.6231538,1,1,0.846313,0.5399397,1,1,0
1,1,0.6108202,1,1,0.8335298,0.5441748,1,1,0
1,1,0.599681,1,1,0.820968,0.5483722,0.7214495,1,0
1,1,0.5715326,1,1,0.8061414,0.5614795,0.6839526,1,0
1,1,0.5457927,1,1,0.7916861,0.5759041,0.6485339,1,0
1,0.9843245,0.5372568,1,1,0.7776212,0.5916201,0.6151565,1,0
1,0.9691399,0.5299971,1,1,0.7639994,0.6083072,0.5839409,1,0
1,0.9550161,0.5226553,1,1,0.79116,0.6258768,0.5547123,1,0
1,0.9422458,0.5151202,1,1,0.8460382,0.6437485,0.5275577,1,0
1,0.9308782,0.5073222,1,1,0.8828017,0.6614984,0.5023471,1,0
1,0.9206026,0.4992901,1,1,0.8704377,0.6792537,0.4786865,1,0
1,0.9109946,0.491109,1,1,0.9046259,0.7619663,0.4561593,1,0
1,0.903115,0.4824235,1,1,0.963103,0.7474431,0.4354015,1,0
1,0.8956276,0.4736068,1,1,1,0.733263,0.4153703,1,0
1,0.888398,0.4646928,0.8087404,1,1,0.7193579,0.3959412,1,0
1,0.8824133,0.4553352,0.7775648,1,1,0.7061356,0.3972755,1,0
1,0.8771011,0.4457088,0.7514287,1,1,0.6933168,0.4004987,1,0
1,0.8724213,0.4358199,0.7295224,1,1,0.680861,0.4035117,1,0
1,0.8682903,0.4256927,0.7110141,1,1,0.668715,0.4063224,1,0
1,0.8646381,0.4153512,0.6952745,1,1,0.6568339,0.4089395,1,1
1,0.8614087,0.4048184,0.6818321,1,1,0.6451797,0.4113682,0.6317035,0
1,0.8494835,0.3973962,0.6329679,1,1,0.6302823,0.4198014,0.5714185,0
1,0.8379441,0.3899516,0.5899018,1,1,0.6158093,0.428896,0.5170871,0
1,0.8269389,0.3824011,0.5680455,1,1,0.6017981,0.4385366,0.4682059,0
1,0.8164479,0.3747219,0.5606498,1,1,0.6277462,0.4487095,0.4239779,0
1,0.8066944,0.3667718,0.553176,1,1,0.6675359,0.4591312,0.3841669,0
1,0.79773,0.3584723,0.5455502,1,1,0.7095016,0.4696054,0.3481978,0
1,0.7894962,0.349794,0.537733,1,1,0.7095531,0.4800313,0.3386427,0
1,0.7821218,0.3406212,0.5296143,1,1,0.7033814,0.4900493,0.3427092,0
1,0.7756632,0.3308763,0.5211082,1,1,0.7410864,0.499339,0.3466352,0
1,0.7701607,0.3205034,0.512142,1,1,0.7749049,0.5075856,0.3503188,0
1,0.7654484,0.3095899,0.5027648,1,1,0.804372,0.5148285,0.3537607,1
1,0.7613959,0.2982206,0.4930276,1,1,0.8292537,0.5211245,0.3569681,1
1,0.7579025,0.2864705,0.4829775,0.640783,1,0.849524,0.5951598,0.3599498,1
1,0.7569171,0.2733305,0.4716539,1,1,0.8452069,0.58457,0.3616988,1
1,0.754634,0.2609287,0.4610008,1,1,0.8536725,0.5724608,0.36407,1
1,0.7525147,0.2484597,0.450278,1,1,0.8605307,0.5605136,0.3663547,1
1,0.7505389,0.2422743,0.4394969,1,1,0.8659598,0.5486926,0.3685616,1
1,0.7486325,0.2391597,0.4286995,1,1,0.8707358,0.5369038,0.3707231,1
1,0.7467521,0.2360659,0.417905,1,1,0.8752659,0.525103,0.3728618,1
1,0.7448944,0.2329898,0.4071154,1,1,0.8795906,0.5132849,0.3749796,1
1,0.7430592,0.2299335,0.3963326,1,1,0.883732,0.5014457,0.3770747,1
1,0.2954316,0.2268894,0.3855577,1,1,0.8877366,0.4895815,0.3791521,2
1,0.2655864,0.2291779,0.3723323,1,1,0.8317444,0.4839606,0.3779112,2
1,0.238149,0.2315281,0.3595381,1,1,0.786566,0.4777876,0.376851,2
1,0.212705,0.2339003,0.3569047,1,1,0.7496189,0.4710307,0.3759533,2
1,0.1889605,0.2362057,0.367309,1,1,0.7193962,0.4636212,0.3752244,2
1,0.1666532,0.2383566,0.3774121,1,1,0.6947837,0.4554957,0.3746662,2
0.9767814,0.1519091,0.2403415,0.3871348,1,1,0.6745301,0.4466924,0.3742488,2
0.8403037,0.1516569,0.3375949,0.3974254,1,1,0.6562603,0.4375554,0.3738336,2
0.7146263,0.1517451,0.3234872,0.4114763,1,1,0.6357414,0.4289654,0.3730929,2
0.6529561,0.1524174,0.3090193,0.4330423,1,1,0.6105757,0.4216534,0.3717911,2
0.2035338,0.1533618,0.2948461,0.4585129,1,1,0.58692,0.414275,0.3704064,2
0.1373577,0.1552001,0.280272,1,1,1,0.5581173,0.4088603,0.3683416,2
0.1266394,0.1574328,0.2661256,1,1,1,0.5318202,0.4033633,0.3662483,2
0.127266,0.1600855,0.2554731,1,1,1,0.5076538,0.3977757,0.3641221,2
0.1281748,0.1631826,0.2678215,1,1,1,0.4853195,0.3920883,0.3619619,2
0.1292693,0.1664206,0.2806616,1,1,1,0.4664422,0.385287,0.3599533,2
0.1304637,0.2910061,0.2930658,1,1,1,0.4512522,0.3768121,0.3581541,2
0.1315203,0.2735519,0.3018569,1,1,1,0.4419826,0.3648961,0.3568162,2
0.1326288,0.2568133,0.3103388,1,1,1,0.4338776,0.3521031,0.3555157,2
0.1337725,0.2406738,0.3184297,1,1,1,0.4267802,0.3384969,0.3542497,2
0.1349415,0.2250298,0.3260745,1,1,1,0.4205508,0.3241436,0.3530118,2
0.1361266,0.2098014,0.3332286,1,1,1,0.4150754,0.3091241,0.3517982,2
0.1373158,0.1949125,0.3398497,1,1,1,0.4102655,0.2935115,0.3506101,1
0.6914982,0.1803014,1,1,1,1,0.4060362,0.2773847,0.3494443,0
0.6870723,0.169848,1,1,1,1,0.4195952,0.2804261,0.3499965,0
0.6827917,0.1600527,0.3130714,1,1,1,0.4348392,0.2841068,0.3509193,0
0.6804715,0.1587505,0.3046322,1,1,1,0.4445354,0.2863367,0.5810577,1
0.2985164,0.1590744,1,1,1,1,0.4449183,0.2861578,0.5320309,1
0.2642474,0.1597217,1,1,1,1,0.4434288,0.2854919,0.4882407,1
0.2305351,0.1602906,1,1,1,1,0.4424086,0.2849463,0.4431022,1
0.1972158,0.1607729,1,1,1,1,0.4418784,0.2845287,0.3969007,1
0.1641084,0.16116,1,1,1,1,0.4418505,0.2842465,0.3499898,1
0.1310235,0.1614473,1,1,1,1,0.4423202,0.2841023,0.3027596,1
0.1255581,0.1616338,1,1,1,1,0.4432662,0.284094,0.2555877,1
0.1257581,0.1615526,1,1,1,1,0.4456436,0.2844721,0.2296974,0
0.1258877,0.1613135,1,1,1,1,0.4488,0.285073,0.2296424,1
0.1259934,0.161086,1,1,1,1,0.4517237,0.2856376,0.2296088,1
0.1260797,0.1608716,1,1,1,1,0.4544218,0.2734068,0.2295914,1
0.1261299,0.1606062,1,1,1,1,0.4573056,0.2578074,0.2296153,1
0.1261377,0.1602733,1,1,1,1,0.4604775,0.2584064,0.2296894,1
0.1261259,0.1599537,1,1,1,1,0.4634062,0.2589733,0.2297785,1
0.1260961,0.1596452,1,1,1,1,0.4661065,0.2595103,0.2298807,1
0.126053,0.1593506,1,1,1,1,0.4685853,0.2600151,0.229991,1
0.1259954,0.159065,1,1,1,1,0.4708639,0.260493,0.2301108,1
0.1259252,0.1587881,1,1,1,1,0.4729544,0.2609452,0.230238,1
0.1258444,1,1,1,1,1,1,0.2613723,0.2303707,0
0.1250048,1,1,1,1,1,1,0.266045,0.2318464,0
0.1240564,1,1,1,1,1,1,0.270992,0.2335507,0
0.1230048,1,1,1,1,1,1,0.2761896,0.2117783,0
0.1218212,1,1,1,1,1,1,0.2818882,0.2138276,0
0.1205355,1,1,1,1,1,1,0.2878221,0.2160654,0
0.1191531,1,1,1,1,1,1,0.2939635,0.2184725,0
0.1176737,1,1,1,1,1,1,0.3002928,0.2210363,0
0.1161034,0.9991665,1,1,1,1,1,0.3067802,0.223738,0
0.6501256,0.9895273,1,1,1,1,1,0.313394,0.2265628,0
0.6470237,0.9752345,1,1,1,1,1,0.3236451,0.2305379,0
0.6440122,0.9614765,1,1,1,1,1,0.3348841,0.2349196,0
0.6410872,0.9482218,1,1,1,1,1,0.3472001,0.2397248,0
0.6382449,0.9354408,1,1,1,1,1,0.3606945,0.2449724,0
0.6354816,0.9231063,1,1,1,1,1,1,0.250683,0
0.6328682,0.9162707,1,1,1,1,1,1,0.2549807,0
0.6302218,0.9097614,1,1,1,1,1,1,0.2593372,0
0.6275402,0.9035541,1,1,1,1,1,1,0.263737,0
1,1,1,1,1,1,1,1,1,1
1,1,1,1,1,1,1,1,1,1
1,1,1,1,1,1,1,1,1,1
1,1,1,1,1,1,1,1,1,1
1,1,1,1,1,1,1,1,1,1
1,1,1,1,1,0.9967016,1,1,1,1
1,1,1,1,1,0.9865426,1,1,1,1
1,1,1,1,1,0.9763709,1,1,1,1
1,1,1,1,1,0.966187,1,1,1,1
1,1,1,1,1,0.9559914,1,1,1,1
1,1,1,1,1,0.9499744,1,1,1,1
1,1,1,1,1,0.9520099,1,1,1,1
1,1,1,1,1,0.9539874,1,1,1,1
1,1,1,1,1,0.955909,1,1,1,1
1,1,1,1,1,0.9577759,1,1,1,1
1,1,1,1,1,0.9595903,1,1,1,1
1,1,1,1,1,0.9613541,1,1,1,1
1,1,1,1,1,0.9630687,1,1,1,1
1,1,1,1,1,0.9647363,1,1,1,1
1,1,1,1,1,0.9663578,1,1,1,1
1,1,1,1,1,0.9679352,1,1,1,1
1,1,1,1,1,0.9694518,0.9047706,1,1,1
1,1,1,1,1,0.9805692,0.8929806,1,1,1
1,1,1,1,1,0.9927505,0.8811666,1,1,1
1,1,1,1,1,1,0.8693337,1,1,1
1,1,1,1,1,1,0.8574715,1,1,1
1,1,1,1,1,1,0.8455678,1,1,1
1,1,1,1,1,1,0.8336247,1,1,1
1,1,1,1,1,1,0.8216473,1,1,1
1,1,1,1,1,1,0.8096408,1,1,1
1,1,1,1,1,1,0.7976108,1,1,1
1,1,1,1,1,1,0.7855656,1,1,1
1,1,1,1,1,1,0.7735071,1,1,1
1,1,1,1,1,1,0.7614407,1,1,1
1,1,1,1,1,1,0.7493747,1,1,1
1,1,1,1,1,1,0.7373139,1,1,0
1,1,1,1,1,1,0.7252599,1,1,0
1,0.9995369,1,1,1,1,0.7132207,1,1,0
1,0.9888136,1,1,1,1,0.701205,1,1,0
1,0.9776885,1,1,1,1,0.6893099,1,1,1
1,0.9661306,1,1,1,1,0.6775306,1,1,1
1,0.9541208,1,1,1,1,0.6658692,1,1,1
1,0.941636,1,1,1,1,0.6543239,1,1,1
1,0.9286563,1,1,1,1,0.6428927,1,1,1
1,0.9151635,1,1,1,1,0.6315738,1,1,1
1,0.9011378,1,1,1,1,0.6203617,1,1,1
1,0.8865735,1,1,1,1,0.6092575,1,1,1
1,0.8714587,1,1,1,1,0.5982554,1,1,1
1,0.8557968,1,1,1,1,0.5873563,1,1,1
1,0.8395851,1,1,1,1,0.5765544,1,1,1
1,0.8228327,1,1,1,1,0.5658468,1,1,1
1,0.8055533,1,1,1,1,0.5552307,1,1,1
1,0.7877666,1,1,1,1,0.5447031,1,1,1
1,0.7694982,1,1,1,1,0.534261,1,1,1
1,0.7507737,1,1,1,1,0.531828,1,1,1
1,0.7315167,1,1,1,1,0.531634,1,1,1
1,0.7117399,1,1,1,1,0.530493,1,1,1
1,0.6915157,1,1,1,1,0.5284331,1,1,1
1,0.6709247,1,1,1,1,0.5255028,1,1,1
1,0.6500376,1,1,1,1,0.5217448,1,1,2
1,0.638823,1,1,1,1,0.5172186,1,1,2
1,0.6403643,1,1,1,1,0.5124425,1,1,2
1,0.6418644,1,1,1,1,0.5080057,1,1,2
1,0.6433215,1,1,1,1,0.5038788,1,1,1
1,0.6447383,1,1,1,1,0.5000275,1,1,1
1,0.6461135,1,1,1,1,0.4964298,1,1,1
1,0.6474459,1,1,1,1,0.4930664,1,1,1
1,0.6487343,1,1,1,1,0.4899202,0.5401316,1,0
1,0.6426819,1,1,1,1,0.5043176,0.5189897,1,0
1,0.6367853,1,1,1,1,0.5195501,0.4985386,1,0
1,0.6310463,1,1,1,1,0.5356168,0.4787416,1,0
1,0.6254641,1,1,1,1,0.5525147,0.4595654,1,0
1,0.6200362,1,1,1,1,1,0.4409681,1,1
1,0.6174177,1,1,1,1,1,0.4254569,1,1
1,0.6146575,1,1,1,1,1,0.4099534,1,1
1,0.6117632,1,1,1,1,1,0.3944727,1,0
1,0.6087423,1,1,1,1,1,0.3790329,1,0
1,0.6056058,1,0.9992584,1,1,1,0.3636549,1,0
1,0.6023611,1,0.9902724,1,1,1,0.3483566,1,0
1,0.5990605,1,0.9813121,1,1,1,0.3331777,1,0
1,0.5957085,1,0.9723758,1,1,1,0.3181289,1,0
1,0.5923125,1,0.9634584,1,1,1,0.3032149,1,0
0.970688,0.5888795,1,0.9545552,1,1,1,0.3043239,1,1
0.916537,0.5860496,1,0.9451524,1,1,1,0.3074586,1,1
0.8777559,0.5842049,1,0.9349313,1,1,1,0.3097112,1,1
0.8765278,0.5830691,1,0.9241427,1,1,1,0.3112968,1,1
0.8753418,0.5820354,1,0.9132938,1,1,1,0.3127764,0.4493675,0
0.8717808,0.573246,1,0.9087716,1,1,1,0.3220494,0.4049533,0
0.8683695,0.5646358,1,0.9045952,1,1,1,0.332197,0.3644809,0
0.8651189,0.5562555,1,0.9006984,0.9153982,1,1,0.3432093,0.3275833,0
0.9045649,0.5483441,1,0.8967668,0.8496408,1,1,0.3547433,0.2942743,0
1,0.5403625,1,0.8934084,0.8433258,1,1,0.3676355,0.2631184,0
1,0.5320687,1,0.8910801,0.8376902,1,1,0.3826135,0.2554936,0
1,0.5239493,1,0.8891567,0.832417,1,1,1,0.2617408,0
1,0.5198782,1,0.8804172,0.823486,1,1,1,0.2656429,1
1,0.5159578,1,0.8713609,0.8143894,0.9846107,1,1,0.2694979,1
1,0.5122003,1,0.8619668,0.8051136,0.9485687,1,1,0.2732793,1
0.8426229,0.5086208,1,0.8522024,0.7956374,0.9391505,1,1,0.2769599,2
0.83975,0.5067185,1,0.8393709,0.7844595,0.9289646,1,1,0.2793525,2
0.4607068,0.5049881,1,0.8264126,0.7732118,0.9265137,1,1,0.2815953,2
0.4581469,0.5071024,1,0.8076581,0.7588195,1,1,1,0.2810846,2
0.4559918,0.5097124,0.9247031,0.7895579,0.7448643,1,1,1,0.2804752,2
0.4542391,0.5128349,0.8975198,0.7720737,0.7313231,1,1,1,0.2797712,2
0.4528874,0.5164883,0.8715262,0.7551794,0.7372139,1,1,1,0.2789762,2
0.4519359,0.5206933,0.8466407,0.7388414,0.8162966,1,1,1,0.2780932,2
0.4513884,0.5254763,0.8227955,0.7230344,0.8650504,1,1,1,0.2771215,2
0.4512295,0.5307837,0.8000422,0.7077847,0.8525293,1,1,1,0.2760921,2
0.451437,0.536547,0.7784011,0.6930987,0.8404573,1,1,1,0.2750292,2
0.4519883,0.5427177,0.7578294,0.6789514,0.8768833,1,1,1,0.2739414,2
0.4528338,1,0.7383484,0.6653435,1,1,1,1,0.2728588,1
0.4523524,1,0.7259533,0.6546612,1,1,1,1,0.2733523,1
0.4519288,1,0.7134724,0.6439441,1,1,1,1,0.2737891,1
0.4515654,1,0.7009246,0.6332024,1,1,1,1,0.2741684,1
0.4512649,1,0.6883215,0.6224393,1,1,1,1,0.2744896,1
0.4510296,1,0.6756774,0.6116611,1,1,1,1,0.2747522,1
0.4508589,1,0.6630098,0.6008772,1,1,1,1,0.2749588,1
0.4507553,1,0.6503282,0.5900898,1,1,1,1,0.2751089,1
0.4507209,1,0.6376447,0.5960813,1,1,1,1,0.2752021,1
0.4507364,1,0.625023,0.60568,1,1,1,1,1,2
0.4527873,0.9707993,0.6073524,0.669417,1,1,1,1,1,2
0.4552774,0.9309533,0.5903007,0.716242,1,1,1,1,1,2
0.4582129,0.8934427,0.5738369,0.7036849,1,1,1,1,1,2
0.4616079,0.762695,0.5579286,0.6915215,1,1,1,1,1,2
0.465471,0.7313955,0.5425494,0.6797397,1,1,1,1,1,2
1,0.7017728,0.5276713,0.8474267,1,1,1,1,1,2
1,0.6767867,0.5141048,1,1,1,1,1,1,2
1,0.6528326,0.5008591,1,1,1,1,1,1,2
1,0.6295635,0.4878451,1,1,1,1,1,1,2
1,0.6070162,0.4835195,1,1,1,1,1,1,2
1,0.5852636,0.5196576,1,1,1,1,1,1,2
1,0.5645025,0.560546,1,1,1,1,1,1,2
1,0.544671,0.6068688,1,1,1,1,1,1,2
1,0.5257077,0.6011857,1,1,1,1,1,1,2
0.9932467,0.5073522,0.5892231,1,1,1,1,1,1,2
0.9448309,0.489485,0.5774877,1,1,1,1,1,1,2
0.8967303,0.4716302,0.565847,1,1,1,1,1,1,2
0.8496088,0.4539351,0.6534123,1,1,1,1,1,1,2
0.684971,0.4367099,0.7774802,1,1,1,1,1,1,2
0.6463038,0.4199867,0.9554208,1,1,1,1,1,1,2
0.6103848,0.4039464,1,1,1,1,1,1,1,2
0.5769407,0.3885489,1,1,1,1,1,1,1,2
0.545733,0.3737575,1,1,1,1,1,1,1,2
0.5165581,0.3922531,1,1,1,1,1,1,1,2
0.4892324,0.4193972,1,1,1,1,1,1,1,2
0.4635985,0.4497209,1,1,1,1,1,1,1,2
0.4395081,0.4837174,1,1,1,1,1,1,1,2
0.4168385,0.4908402,1,1,1,1,1,1,1,2
0.3954755,0.4776129,1,1,1,1,1,1,1,2
0.3753219,0.4649118,1,1,1,1,1,1,1,2
0.356286,0.4907664,1,1,1,1,1,1,1,2
0.3382818,0.5434511,1,1,1,1,1,1,1,2
0.3362437,0.6048642,1,1,1,1,1,1,1,2
0.3538756,0.6771725,1,1,1,1,1,1,1,2
0.3726787,0.7621167,1,1,1,1,1,1,1,2
0.3918586,0.8563368,1,1,1,1,1,1,1,2
0.4112993,1,1,1,1,1,1,1,1,2
0.4306839,1,1,1,1,1,1,1,1,2
0.4455379,1,1,1,1,1,1,1,1,2
0.4324811,1,1,1,1,1,1,1,1,2
0.41982,1,1,1,1,1,1,1,1,2
0.4116067,1,1,1,1,1,1,1,1,2
0.4335136,1,1,1,1,1,1,1,1,2
0.4560525,1,1,1,1,1,1,1,1,2
0.4791771,1,1,1,1,1,1,1,1,2
0.5028415,1,1,1,1,1,1,1,1,2
0.5269822,1,1,1,1,1,1,1,1,2
0.5515434,1,1,1,1,1,1,1,1,2
0.5764582,1,1,1,1,1,1,0.9960499,1,2
0.6014658,1,1,1,1,1,1,0.9896497,1,2
0.6263403,1,1,1,1,1,1,0.9831313,1,2
0.6509571,1,1,1,1,1,1,0.9764866,1,2
0.675191,1,1,1,1,1,1,0.9697104,1,2
0.6989265,1,1,1,1,1,1,0.9627973,1,1
0.7220377,1,1,1,1,1,1,0.9557508,1,1
0.7444188,1,1,1,1,1,1,0.9485704,1,1
0.7659724,1,1,1,1,1,1,0.941258,1,1
1,1,1,1,1,1,1,0.9338201,1,1
1,1,1,1,1,1,1,0.9256935,1,1
1,1,1,1,1,1,1,0.9175525,1,1
1,1,1,1,1,1,1,0.9094008,1,1
1,1,1,1,1,1,1,0.9012457,1,1
1,1,1,1,1,1,1,0.8930947,1,0
1,1,1,1,1,1,1,0.8849552,1,0
1,1,1,1,1,1,1,0.8768321,1,0
1,1,1,1,1,1,1,0.8687333,1,0
1,1,1,1,1,1,1,0.860667,1,0
1,1,1,1,1,1,1,0.8526416,1,0
1,1,1,1,1,1,1,0.8446652,1,0
1,1,1,1,1,1,1,0.8367435,1,0
1,1,1,1,1,1,1,0.8288881,1,0
1,1,1,1,1,1,1,0.8211042,1,0
1,1,1,1,1,1,1,0.8569636,1,0
1,1,1,1,1,1,1,1,1,1
1,1,1,1,1,1,1,1,0.9176915,1
1,1,1,1,1,1,1,1,0.9080309,1
1,1,1,1,1,1,1,1,0.8982581,1
1,1,1,1,1,1,1,1,0.888383,1
1,1,1,1,1,1,1,1,0.8784127,0
1,1,1,1,1,1,1,1,0.8683616,0
1,1,1,1,1,1,1,1,0.8582376,0
1,1,1,1,1,1,1,1,0.8480564,0
1,1,1,1,1,1,1,1,0.8378266,0
1,1,1,1,1,1,1,1,0.827561,0
1,1,1,1,1,1,1,1,0.8172762,0
1,1,1,1,1,1,1,1,0.8069854,0
1,1,1,1,1,1,1,1,0.7966989,0
1,1,1,1,1,1,1,1,0.7864338,0
1,1,1,1,1,1,1,1,0.7762042,0
1,1,1,1,1,1,1,1,0.7660242,0
1,1,1,1,1,1,1,1,0.7559111,0
1,1,1,1,1,1,1,1,0.745876,0
1,1,1,1,1,1,1,1,0.735936,0
1,1,1,1,1,1,1,1,0.7261054,0
1,1,1,1,1,1,1,1,0.7164012,0
1,1,1,1,1,1,1,1,0.7068371,0
1,1,1,1,1,1,1,1,0.7206095,0
1,1,1,1,1,1,1,1,0.7654139,0
1,1,1,1,1,1,1,1,0.8093137,0
1,1,1,1,1,1,1,1,0.8515781,0
1,1,1,1,1,1,1,1,0.8915501,0
1,1,1,1,1,1,1,1,0.9286963,1
1,1,1,1,1,1,1,1,0.9626405,1
1,1,1,1,1,1,1,1,0.9931784,1
1,1,1,1,1,1,1,1,1,1
1,1,1,1,1,1,1,1,1,1
1,1,1,1,1,1,1,1,1,1
1,1,1,1,1,1,1,1,1,1
1,1,1,1,1,1,1,1,1,1
1,1,1,1,1,1,1,1,1,1
1,1,1,1,1,1,1,1,1,1
1,1,1,0.9995805,1,1,1,1,1,1
1,1,1,0.9904836,1,1,1,1,1,1
1,1,1,0.981322,1,1,1,1,1,1
1,1,1,0.9720939,1,1,1,1,1,1
1,1,1,0.9628009,1,1,1,1,1,1
1,1,1,0.953445,1,1,1,1,1,1
1,1,1,0.9440279,1,1,1,1,1,1
1,1,1,0.9345487,1,1,1,1,1,1
1,1,1,0.9250096,1,1,1,1,1,1
1,1,1,0.9154132,1,1,1,1,1,1
1,1,1,0.905762,1,1,1,1,1,1
1,1,1,0.8960556,1,1,1,1,1,1
1,1,1,0.8862966,1,1,1,1,1,1
1,1,1,0.876485,1,1,1,1,1,1
1,1,1,0.8666269,1,1,1,1,1,1
1,1,1,0.8567225,1,1,1,1,1,1
1,1,1,0.8467746,1,1,1,1,1,1
1,1,1,0.8367869,1,1,1,1,1,1
1,1,1,0.8267592,1,1,1,1,1,1
1,1,1,0.8166949,1,1,1,1,1,1
1,1,1,0.8065975,1,1,1,1,1,1
1,1,1,0.7964703,1,1,1,1,1,1
1,1,1,0.7863168,1,1,1,1,1,1
1,1,1,0.7761368,1,1,1,1,1,1
1,1,1,0.7659372,1,1,1,1,1,1
1,1,1,0.7557179,1,1,1,1,1,1
1,1,1,0.7454787,1,1,1,1,1,1
1,1,1,0.735226,1,1,1,1,1,1
1,1,1,0.7249629,1,1,1,1,1,1
1,1,1,0.7146891,1,1,1,1,1,1
1,1,1,0.7044104,1,1,1,1,1,1
1,1,1,0.6941265,1,1,1,1,1,0
1,1,1,0.6838399,1,1,1,1,1,0
1,1,1,0.6735529,1,1,1,1,1,0
1,1,1,0.6632679,1,1,1,1,1,0
1,1,1,0.6529868,0.7046739,1,1,1,1,0
1,1,1,0.6414416,0.6907054,1,1,1,1,0
1,1,1,0.6377739,0.6768561,1,1,1,1,0
1,1,1,0.6449016,0.6631688,1,1,1,1,0
1,1,1,0.6527203,0.6496891,1,1,1,1,0
1,1,1,0.6612619,0.6364094,1,1,1,1,0
1,1,1,0.6705625,0.6233217,1,1,1,1,0
1,1,1,0.6806513,0.610424,1,1,1,1,0
1,1,1,0.6915743,0.5977039,1,1,1,1,0
1,1,1,1,0.5851554,1,1,1,1,0
1,1,1,1,0.5734638,1,1,1,1,0
1,1,1,1,0.5618176,1,1,1,1,0
1,1,1,1,0.5502187,1,1,1,1,0
1,1,1,1,0.5386722,1,1,1,1,0
1,1,1,1,0.527176,1,1,1,1,0
1,1,1,1,0.5157343,1,1,1,1,0
1,1,1,1,0.5043477,1,1,1,1,0
1,1,1,1,0.4930132,0.5348114,1,1,1,0
1,1,1,1,0.4800702,0.5189065,1,1,1,0
1,1,1,1,0.4673761,0.5034174,1,1,1,0
1,1,1,1,0.4549255,0.4883338,1,1,1,0
1,1,1,1,0.4427075,0.4736392,1,1,1,0
1,1,1,1,0.4447767,0.4593123,1,1,1,0
1,1,1,1,0.4622055,0.445368,1,1,1,0
1,1,1,1,0.4814365,0.4318045,1,1,1,0
1,1,1,1,0.502664,0.4185886,1,1,1,0
1,1,1,1,1,0.4056834,1,1,1,0
1,1,1,1,1,0.393685,1,1,1,0
1,1,1,1,1,0.3817909,1,1,1,0
1,1,1,1,1,0.3700011,1,1,1,0
1,1,1,1,1,0.3583119,0.4102598,1,1,0
1,1,1,0.9619383,1,0.3452978,0.3926305,1,1,0
1,1,1,0.9527565,1,0.3325863,0.3756203,1,1,0
1,1,1,0.9439502,1,0.3478944,0.3591885,1,1,0
1,1,1,0.9355119,1,0.3719298,0.3432973,0.9603698,1,0
1,1,1,0.9274377,1,0.4011484,0.3279155,0.9159566,1,0
1,1,1,0.9197214,1,1,0.3130106,0.9133489,1,0
1,1,1,0.9116418,1,1,0.2993328,0.9242713,1,0
1,1,1,0.903652,1,1,0.2860267,0.9354023,1,0
1,1,1,0.8957236,1,1,0.2730598,0.9466951,1,0
1,1,1,0.8878304,1,1,0.2604022,0.9580954,1,0
1,1,1,0.8799456,0.919145,1,0.248023,0.9695495,1,0
1,1,1,0.8720261,0.8525422,1,0.2464848,0.9809272,1,0
1,1,1,0.864006,0.8429962,1,0.2547913,0.3045554,1,0
1,1,1,0.85811,0.8341101,1,0.2708516,0.2836283,1,0
1,1,1,1,0.8255816,1,0.2895409,0.2637312,1,0
1,1,1,1,0.8174035,1,0.3113604,0.2447819,1,0
1,1,1,1,0.8095729,1,1,0.2267109,1,0
1,1,1,1,0.8020465,1,1,0.2094971,1,0
1,1,1,1,0.7948176,1,1,0.1930656,0.9480915,0
1,1,1,1,0.787987,0.7727603,1,0.1772384,0.8857391,0
1,1,1,1,0.7814927,0.7635459,1,0.1761364,0.8313968,0
1,1,1,1,0.7753292,0.7546954,1,0.1851578,0.2472443,0
1,1,1,1,0.7694977,0.746204,1,0.1951444,0.2188628,0
1,1,1,1,1,0.7380682,1,0.2061962,0.1926762,0
1,1,1,1,1,0.7302814,1,0.2184277,0.1684388,0
1,1,1,1,1,0.7228385,1,0.2319657,0.1459398,0
1,1,1,1,1,0.7157347,1,1,0.1513854,0
1,1,1,1,1,0.7089693,1,1,0.1580714,0
1,1,1,1,1,0.7025391,1,1,0.1652793,0
1,1,1,1,1,0.6964449,1,1,0.1730386,0
1,1,1,1,1,0.6906852,0.6685145,1,0.1813862,0
1,1,1,1,1,1,0.6595477,1,0.1903585,0
1,1,1,1,1,1,0.650957,1,0.2000004,0
1,1,1,1,1,1,0.6427376,1,0.2103571,0
1,1,1,1,1,1,0.6348825,1,0.5791518,0
1,1,1,1,1,1,0.6267875,1,0.5928192,0
1,1,1,1,1,1,0.6187646,1,0.6065512,0
1,1,1,1,1,1,0.610799,1,0.6203065,0
1,1,1,1,1,1,0.6028751,1,0.6340446,0
1,1,1,1,1,1,0.5949796,1,1,1
1,1,1,1,1,1,0.5862831,1,1,1
1,1,1,1,1,1,0.577581,1,1,1
1,1,1,1,1,1,0.5688763,1,1,1
1,1,1,1,1,1,0.5601661,1,1,1
1,1,1,1,1,1,0.5514503,1,1,1
1,1,1,1,1,1,0.5427321,1,1,1
1,1,1,1,1,1,0.5340084,1,1,1
1,1,1,1,1,1,0.5252791,1,1,1
1,1,1,1,1,1,0.5165473,1,1,1
1,1,1,1,1,1,0.5078099,1,1,1
1,1,1,1,1,1,0.4990668,1,1,1
1,1,1,1,1,1,0.4903211,1,1,1
1,1,1,1,1,1,0.4815694,1,1,1
1,1,1,1,1,1,0.4728149,1,1,1
1,1,1,1,1,1,0.4640543,1,1,1
1,1,1,1,1,1,0.4552905,1,1,1
1,1,1,1,1,1,0.4465205,1,1,1
1,1,1,1,1,1,0.6409567,1,1,1
1,1,1,1,1,1,0.632187,0.4550058,1,0
1,1,1,1,1,1,0.6238853,0.4447683,1,0
1,1,1,1,1,1,1,0.434652,1,0
1,1,1,1,1,1,1,0.4244281,1,0
1,1,1,1,1,1,1,0.4143317,1,0
1,1,1,1,1,1,1,0.4043635,1,0
1,1,1,1,1,1,1,0.3945176,1,0
1,1,1,1,1,1,1,0.3847946,1,0
1,1,1,1,1,1,1,0.3751884,1,0
1,1,1,1,0.9992148,1,1,0.3656992,1,0
1,1,1,1,0.9782871,1,1,0.3563229,1,0
1,1,1,1,0.9585611,1,1,0.3471016,1,0
1,1,1,1,0.939914,1,1,0.3380189,1,0
1,1,1,1,0.9222391,1,1,0.3290602,1,0
1,1,1,1,0.9145395,1,1,0.320212,1,0
1,1,1,1,0.9078405,1,1,0.3114448,1,0
1,1,1,1,0.901,1,1,0.3027528,0.3775088,0
1,1,1,1,0.9051734,1,1,0.2931117,0.3612833,0
1,1,1,1,0.9096991,1,1,0.3441978,0.3460119,0
1,1,1,1,0.9141464,1,1,0.4159558,0.3317274,0
1,1,1,1,0.9183828,0.9603249,1,0.4715382,0.3183316,0
1,1,1,1,0.9218146,0.9215981,1,0.4627606,0.3058471,0
1,1,1,1,0.9246982,0.8866588,1,0.4750162,0.2940711,0
1,1,1,1,0.9268739,0.8550835,1,1,0.2829313,0
1,1,1,1,0.9260534,0.8294376,1,1,0.2727351,0
1,1,1,1,0.924736,0.8054044,1,1,0.2628875,0
1,1,1,1,0.9228948,0.796841,1,1,0.2533521,0
1,1,1,1,0.9208289,0.7930217,1,1,0.2633059,0
1,1,1,1,0.9182385,0.7888989,1,1,0.2817627,0
1,1,1,1,0.9149338,0.7843584,1,1,0.3004044,0
1,1,1,1,0.9108776,0.779376,1,1,0.3191365,0
1,1,1,1,0.9060464,0.7739382,1,1,0.3378581,0
1,1,1,1,0.900417,0.7680305,1,1,0.356463,1
1,1,1,1,0.893972,0.7616414,1,1,0.3748414,1
1,1,1,1,0.886696,0.7547601,1,1,0.3928828,1
1,1,1,1,0.8785895,0.7473863,0.9928503,1,0.4053178,1
1,1,1,1,0.8696402,0.7395116,0.9711404,1,0.3975285,1
1,1,1,1,0.8599935,0.7312207,0.9511617,1,0.3898959,1
1,1,1,1,0.8496764,0.7225279,0.9327784,1,0.3880565,1
1,1,1,1,0.8386224,0.7133906,0.9161231,1,0.4033223,1
1,1,1,1,0.8265827,0.7036575,0.9017889,1,0.4176061,1
1,1,1,1,0.8136495,0.6933793,0.8896008,1,0.430867,2
1,1,1,1,0.7999252,0.682614,0.8794231,1,0.4430792,2
1,1,1,1,0.7855109,0.6714171,0.871132,1,0.454252,2
1,1,1,1,0.7705168,0.6598524,0.8646415,1,0.4644,2
1,1,1,0.9386681,0.7550474,0.6479794,0.8598682,1,1,2
1,1,1,0.8989748,0.7295816,0.6300116,0.8871675,1,1,2
1,1,1,0.8609021,0.704803,0.6123739,0.9202387,1,1,2
1,1,1,0.8250743,0.6811066,0.5953177,0.9586012,1,1,2
1,1,1,0.7912804,0.65841,0.5788047,1,1,1,2
1,1,1,0.7593394,0.6366424,0.562803,1,1,1,2
1,1,1,0.7290822,0.6157322,0.5569478,1,1,1,2
1,1,1,0.7003627,0.5956176,0.5658627,1,1,1,2
1,1,1,0.6730555,0.5762461,0.5761449,1,1,1,2
1,1,1,0.6470445,0.5575659,0.587991,1,1,1,2
1,1,1,0.622225,0.5395296,0.6016219,1,1,1,2
1,1,0.8253554,0.5985035,0.5220936,0.6173213,1,1,1,2
1,1,0.7833239,0.5757951,0.5052176,0.635419,1,1,1,2
1,1,0.7440372,0.5540272,0.4888681,0.6563234,1,1,1,2
1,1,0.7072109,0.5331259,0.4730069,0.6805629,1,1,1,2
1,1,0.6726067,0.5130321,0.4678213,0.7087865,1,1,1,2
1,1,0.6400168,0.4936914,0.4770046,0.7418391,1,1,1,2
1,1,0.6092488,0.4750471,0.4876248,0.7808121,1,1,1,2
1,1,0.5801423,0.4570542,0.4998895,0.8271711,1,1,1,2
1,1,0.5525508,0.439668,0.5140495,1,1,1,1,2
1,1,0.5263484,0.422851,0.5304024,1,1,1,1,2
1,1,0.5014143,0.4065613,0.5493232,1,1,1,1,2
1,1,0.4776531,0.3907709,0.5712789,1,1,1,1,2
1,1,0.4549664,0.3971513,0.5968484,1,1,1,1,2
1,1,0.4332741,0.4066695,0.6267715,1,1,1,1,2
1,1,0.4124996,0.4176351,0.6620203,1,1,1,1,2
1,0.7104945,0.3925777,0.430248,0.7038678,1,1,1,1,2
1,0.6582413,0.3734451,0.4447494,0.7540334,1,1,1,1,2
1,0.610414,0.3550443,0.4614403,1,1,1,1,1,2
1,0.5664605,0.3373267,0.4806816,1,1,1,1,1,2
1,0.52591,0.3202438,0.5029296,1,1,1,1,1,2
1,0.4883713,0.3073179,0.5287386,1,1,1,1,1,2
1,0.453505,0.3147742,0.5588334,1,1,1,1,1,2
1,0.4210207,0.3232725,0.594139,1,1,1,1,1,2
1,0.3906731,0.3329293,0.6358715,1,1,1,1,1,2
1,0.3622503,0.3438871,0.6856728,1,1,1,1,1,2
1,0.335557,0.3563007,1,1,1,1,1,1,2
1,0.3104376,0.3703664,1,1,1,1,1,1,2
1,0.2867408,0.3863108,1,1,1,1,1,1,2
0.6378738,0.2643425,0.4043989,1,1,1,1,1,1,2
0.559233,0.2431327,0.424966,1,1,1,1,1,1,2
0.4910142,0.2292575,0.448406,1,1,1,1,1,1,2
0.4312671,0.2349271,0.4752209,1,1,1,1,1,1,2
0.3785064,0.2412342,0.5060189,1,1,1,1,1,1,2
0.3315682,0.2482263,0.5415781,1,1,1,1,1,1,2
0.2895404,0.2559612,0.5829051,1,1,1,1,1,1,2
0.2516856,0.2644898,1,1,1,1,1,1,1,2
0.2174137,0.2738843,1,1,1,1,1,1,1,2
0.1977841,0.284216,1,1,1,1,1,1,1,2
0.2023899,0.2955762,1,1,1,1,1,1,1,2
0.2074178,0.3080528,1,1,1,1,1,1,1,2
0.2128915,0.3217629,1,1,1,1,1,1,1,2
0.2188298,0.3368289,1,1,1,1,1,1,1,2
0.225257,0.353398,1,1,1,1,1,1,1,2
0.2321964,0.371634,1,1,1,1,1,1,1,2
0.2396773,0.3917337,1,1,1,1,1,1,1,2
0.2477281,0.4139206,1,1,1,1,1,1,1,2
0.2563841,0.4384635,1,1,1,1,1,1,1,2
0.2656805,0.4656742,1,1,1,1,1,1,1,2
0.2756598,0.4959308,1,1,1,1,1,1,1,2
0.2863652,1,1,1,1,1,1,1,1,2
0.2978446,1,1,1,1,1,1,1,1,2
0.3101552,1,1,1,1,1,1,1,1,2
0.3233564,1,1,1,1,1,1,1,1,2
0.3372583,1,1,1,1,1,1,1,1,2
0.351829,1,1,1,1,1,1,1,1,2
0.3670536,1,1,1,1,1,1,1,1,2
0.3829232,1,1,1,1,1,1,1,1,2
0.3994199,1,1,1,1,1,1,1,1,2
0.4165277,1,1,1,1,1,1,1,1,2
0.4342212,1,1,1,1,1,1,1,1,2
1,1,1,1,1,1,1,1,1,1
1,1,1,1,1,1,1,1,1,1
1,1,1,1,1,1,1,1,1,1
1,1,1,1,1,1,1,1,1,1
1,1,1,1,1,1,1,1,1,1
1,1,1,1,1,1,1,1,1,1
1,1,1,1,1,1,1,1,1,1
1,1,1,1,1,1,1,1,1,1
1,1,1,1,1,1,1,1,1,1
1,1,1,1,1,1,1,1,1,1
1,1,1,1,1,1,1,1,1,1
1,1,1,1,1,1,1,1,1,1
1,1,1,1,1,1,1,1,1,1
1,1,1,1,1,1,1,1,1,1
1,1,1,1,1,1,1,1,1,1
1,1,1,1,1,1,1,1,1,1
1,1,1,1,1,1,1,1,1,1
1,1,1,1,1,1,1,1,1,1
1,1,1,1,1,1,1,1,1,1
1,1,1,1,1,1,1,1,1,1
1,1,1,1,1,1,1,1,1,1
1,1,1,1,1,1,1,1,1,1
1,1,1,1,1,1,1,1,1,1
1,1,1,1,1,1,1,1,1,1
1,1,1,1,1,1,1,1,1,1
1,1,1,1,1,1,1,1,1,1
1,1,1,1,1,1,1,1,1,1
1,1,1,1,1,1,1,1,1,1
1,1,1,1,1,1,1,1,1,1
1,1,1,1,1,1,1,1,1,1
