1,1,1,1,1,1,1,1,1,1
1,1,1,1,1,1,1,1,1,1
1,1,1,1,1,1,1,1,1,1
1,1,1,1,1,1,1,1,1,1
1,1,1,1,1,1,1,1,1,1
1,1,1,1,1,1,1,1,1,1
1,1,1,1,1,1,1,1,1,1
1,1,1,1,1,1,1,1,1,1
1,1,1,1,1,1,1,1,1,1
1,1,1,1,1,1,1,1,1,1
1,1,1,1,1,1,1,1,1,1
1,1,1,1,1,1,1,1,1,1
1,1,1,1,1,1,1,1,1,1
1,1,1,1,1,1,1,1,1,1
1,1,1,1,1,1,1,1,1,1
1,1,1,1,1,1,1,1,1,1
1,1,1,1,1,1,1,1,1,1
1,1,1,1,1,1,1,1,1,1
1,1,1,1,1,1,1,1,1,1
1,1,1,1,1,1,1,1,1,1
1,1,1,1,1,1,1,1,1,1
1,1,1,1,1,1,1,1,1,1
1,1,1,1,1,1,1,1,1,1
1,1,1,1,1,1,1,1,1,1
1,1,1,1,1,1,1,1,1,1
1,1,1,1,1,1,1,1,1,1
1,1,1,1,1,1,1,1,1,1
1,1,1,1,1,1,1,1,1,1
1,1,1,1,1,1,1,1,1,1
1,1,1,1,1,1,1,1,1,1
1,1,1,1,1,1,1,1,1,1
1,1,1,1,1,1,1,1,1,1
1,1,0.9924774,1,1,1,1,1,1,1
1,1,0.9813828,1,1,1,1,1,1,1
1,1,0.9702009,1,1,1,1,1,1,1
1,1,0.9589345,1,1,1,1,1,1,1
1,1,0.9475865,1,1,1,1,1,1,1
1,1,0.9361604,1,1,1,1,1,1,1
1,1,0.9246596,1,1,1,1,1,1,1
1,1,0.9130883,1,1,1,1,1,1,1
1,1,0.9014505,1,1,1,1,1,1,1
1,1,0.8897511,1,1,1,1,1,1,1
1,1,0.8779939,1,1,1,1,1,1,1
1,1,0.8661845,1,1,1,1,1,1,1
1,1,0.8543273,1,1,1,1,1,1,1
1,1,0.8424276,1,1,1,1,1,1,1
1,1,0.8304909,1,1,1,1,1,1,1
1,1,0.8185222,1,1,1,1,1,1,1
1,1,0.8192204,1,1,1,1,1,1,1
1,1,0.8256758,1,1,1,1,1,1,1
1,1,0.8320583,1,1,1,1,1,1,1
1,1,0.8383587,1,1,1,1,1,1,1
1,1,0.8445765,1,1,1,1,1,1,1
1,1,0.8507026,1,1,1,1,1,1,1
1,1,0.8567368,1,1,1,1,1,1,1
1,1,0.8626707,1,1,1,1,1,1,1
1,1,0.8685123,1,1,1,1,1,1,1
1,1,0.8742452,1,1,1,1,1,1,1
1,1,0.8798777,1,1,1,1,1,1,1
1,1,0.8854024,1,1,1,1,1,1,1
1,1,0.8908197,1,1,1,1,1,1,1
1,1,0.9165214,1,1,1,1,1,1,1
1,1,0.9210585,1,1,1,1,1,1,1
1,1,0.925486,1,1,1,1,1,1,1
1,1,0.9298059,1,1,1,1,1,1,1
1,1,0.9340113,1,1,1,0.9979054,0.9850854,1,1
1,1,1,1,1,1,0.9957568,0.9689271,1,1
1,1,1,1,1,1,0.9965733,0.9506885,1,1
1,1,1,1,1,1,0.9985358,0.9317569,1,1
1,1,1,1,1,1,1,0.9121882,1,1
1,1,1,1,1,1,1,0.8920026,1,1
1,0.7497926,1,1,1,1,1,0.8712091,1,1
1,0.7324349,1,1,1,1,1,0.8585181,1,1
1,0.7151593,1,1,1,1,0.996662,0.8458064,1,1
1,0.6980247,1,1,1,1,0.989041,0.8329853,1,1
1,0.6811006,1,1,1,1,0.9816455,0.819942,1,1
1,0.6643882,1,1,1,1,0.9744995,0.8066604,1,1
1,0.6478883,1,1,1,1,0.9676126,0.7931268,1,1
1,0.6315997,1,1,1,1,0.9610113,0.7793278,1,1
1,0.6155208,1,1,1,1,0.9547075,0.7652534,1,1
1,0.5996479,1,1,1,1,0.9487117,0.7508948,1,1
1,0.5839765,1,1,1,1,0.9430383,0.7362453,1,1
1,0.5685017,1,1,1,1,0.9377003,0.7213016,1,1
1,0.5532166,1,1,1,1,0.9327025,0.7060618,1,1
1,0.5381141,1,1,1,1,0.9280608,0.6905273,1,1
1,0.5231863,1,1,1,1,0.9237701,0.6747028,1,1
1,0.5084242,1,1,1,1,0.9198438,0.6585941,1,1
1,0.4969665,1,1,1,1,0.9162799,0.642211,1,1
1,0.4986519,1,1,1,1,0.9132336,0.6254807,1,1
1,0.4999821,1,1,1,1,0.9113059,0.6080901,1,1
1,0.5009602,1,1,1,1,0.910454,0.5901163,1,1
1,0.5015931,1,1,1,1,1,0.5716395,1,1
1,0.5028621,1,1,1,1,1,0.5559474,1,1
1,0.5038348,1,1,1,1,1,0.5550836,1,1
1,0.5047756,1,1,1,1,1,0.5542439,1,1
1,0.5056819,1,1,1,1,1,0.5534307,1,1
1,0.506559,1,1,1,1,1,0.5526392,1,1
1,0.5074085,1,1,1,1,1,0.5518686,1,1
1,0.5082273,1,1,1,1,1,0.5511215,1,1
1,0.509021,1,1,1,1,1,0.5503933,1,1
1,0.5097865,1,1,1,0.9925686,1,0.5496869,1,1
1,0.5104846,1,1,1,0.9820222,1,0.5490323,1,1
0.5961539,0.5111023,1,1,1,0.971447,1,0.5484398,1,2
0.5442306,0.5201027,1,1,0.9341052,0.9649927,1,0.5416574,1,2
0.495485,0.5301165,1,1,0.9256191,0.958917,1,0.5346874,1,2
0.4498406,0.5524084,1,1,0.9174272,0.9532439,1,0.5275577,1,2
0.4076684,0.5646171,1,1,0.9094852,0.9478374,1,0.5204689,1,2
0.4055126,0.5778745,1,1,0.9018151,0.9427449,1,0.513382,1,2
0.4103084,0.8338367,1,1,0.8941674,1,1,0.5067858,1,2
0.4139268,0.8449542,1,1,0.8854969,1,1,0.5023358,1,2
0.4174971,1,1,1,0.8767171,1,1,0.498127,1,1
0.4201726,1,1,1,0.8671565,1,1,0.4952157,1,1
0.4228082,1,1,1,0.8575363,1,1,0.4923863,1,1
0.4254003,1,1,1,0.8478577,1,1,0.489636,1,1
0.4279458,1,1,1,0.838122,1,1,0.4869627,1,1
0.4304418,1,1,1,0.828331,1,1,0.4843644,1,1
0.4328856,1,1,1,0.818487,1,1,0.4818393,1,1
0.4352747,1,1,1,0.8085929,1,1,0.4793861,1,1
0.4376074,1,1,1,0.7986506,1,1,0.4770037,1,1
0.4398814,1,1,1,0.7886635,1,1,0.4746912,0.8541511,0
0.4406908,1,1,1,0.7776603,1,1,0.4740838,0.6203988,0
0.4392838,1,1,1,0.7652845,0.8029872,1,0.4762674,0.4153265,0
0.4368058,1,1,1,0.7525309,0.7865148,1,0.4802617,0.414523,0
0.4343384,1,1,1,0.7401609,0.7705906,1,0.4848154,0.4141074,0
0.4318798,1,1,1,0.7281598,0.7551887,1,0.4899537,0.4140814,0
0.4294282,1,1,1,0.7165142,0.7402859,1,0.4957045,0.4144479,0
0.4269787,1,1,1,0.7052118,0.7258604,1,0.5021027,0.4152137,0
0.4245325,1,1,1,0.7987329,0.7118915,1,0.5091788,0.4163803,0
0.4221201,1,1,1,1,0.6983972,1,0.5168694,0.4179296,0
0.4198992,1,1,1,1,0.6855138,1,0.5246344,0.4197103,0
0.4177838,1,1,1,1,0.6730951,1,0.5326124,0.4217319,0
0.4157546,1,1,1,1,0.6610824,1,0.5407575,0.4239644,0
0.4137941,1,1,1,1,0.6494231,0.6984328,0.5490242,0.4263798,0
0.4114116,0.7067465,1,1,1,0.6376899,0.6819511,1,0.4296893,2
0.4112817,1,1,1,1,0.6279783,0.6724223,1,0.4295923,0
0.4102074,1,1,1,1,0.6174945,0.6601423,1,0.430992,0
0.4168217,1,1,1,1,0.6070541,0.6479653,1,0.4324558,0
0.4156445,1,1,1,1,0.5966359,0.6358129,1,0.4340321,0
0.414435,1,1,1,1,0.5862624,0.6237711,1,0.4356711,0
0.4131961,1,1,1,1,0.5759315,0.6118371,1,0.4373674,0
0.4119276,1,1,1,1,0.5656413,0.6000085,1,0.4391188,0
0.4106319,1,1,1,1,0.599802,0.588282,1,0.4409196,0
0.4093223,1,1,1,1,0.6489256,0.5766855,1,0.4427389,0
0.4080015,1,1,1,1,0.7018799,0.5652171,1,0.4445658,0
0.4066724,1,1,1,1,0.7587076,0.5538648,1,0.4463941,1
0.4053322,1,1,1,1,1,0.5426184,1,0.4482238,1
0.4040181,1,1,1,1,1,0.5315579,1,0.449957,1
0.4026824,1,1,1,1,1,0.5205411,1,0.4517195,1
0.5586386,1,1,1,1,1,0.5095672,1,0.4535105,0
0.5566226,1,1,1,1,1,0.4975921,1,0.4566031,0
0.5545957,1,1,1,1,1,0.4857966,1,0.4597908,0
0.5525556,1,1,1,1,1,0.4741691,1,0.4630653,0
0.5504967,1,1,1,1,1,0.4626985,1,1,2
0.5498807,1,1,1,1,1,0.4540632,1,1,2
0.5494403,1,1,1,1,1,0.4453626,1,1,2
0.5491647,1,1,1,1,1,0.4365896,1,1,2
0.54904,1,1,1,1,1,0.4277371,1,1,2
0.5490592,1,1,1,1,1,0.4187993,1,1,2
0.5492088,1,1,1,1,1,0.4097707,1,1,2
0.5494787,1,1,1,1,1,0.4006464,1,1,2
0.5498563,1,1,1,1,1,0.3914227,1,1,2
0.550335,1,1,1,1,1,0.3820958,1,1,2
0.5508996,1,1,1,1,0.5673434,0.3726637,1,1,2
0.5512295,1,1,1,1,0.5448653,0.362772,1,1,2
1,1,1,1,1,0.526107,0.3527539,1,1,0
1,1,1,1,1,1,0.340003,1,1,0
1,1,1,1,1,1,0.3278324,1,1,0
1,1,1,1,1,1,0.315815,0.4246753,1,0
1,1,1,1,1,1,0.3027692,0.4016867,1,0
1,1,1,1,1,1,0.2900733,0.3798382,1,0
1,1,1,1,1,1,0.2777088,0.3590438,1,0
1,1,1,1,1,1,0.2855627,0.3392254,1,0
1,1,1,1,1,1,0.3143949,0.3203125,1,0
1,1,1,1,1,1,0.3491157,0.3022411,1,0
1,1,1,1,1,1,0.3913855,0.2849538,1,0
1,1,1,1,1,1,0.4435776,0.2683977,1,0
1,1,1,1,1,1,1,0.2525251,1,0
1,1,1,1,1,1,1,0.2377445,0.3841117,0
0.6591328,1,1,1,1,1,1,0.2230519,0.3530922,0
0.5819424,1,1,1,1,1,1,0.2089249,0.3243517,0
0.5462653,1,1,1,1,1,1,0.2016247,0.2976524,0
0.5253475,1,1,1,1,1,1,0.2162284,0.272789,0
0.5113596,1,1,1,1,1,1,0.2324708,0.2495822,0
0.5044185,1,1,1,1,1,1,0.2501101,0.2281323,0
0.5014758,1,1,1,1,1,1,0.2692478,0.2081787,0
0.5008343,1,1,0.9981618,1,1,1,0.2900294,0.1895001,0
0.5017977,1,1,0.966104,1,1,1,0.3125645,0.1719408,0
0.505664,1,1,0.9373586,1,1,1,0.3363662,0.1765574,0
0.5129448,1,1,0.9120571,1,1,1,0.3608688,0.1853221,0
0.5228092,1,1,0.8895676,1,1,1,1,0.194215,1
0.5551448,1,1,0.8795394,1,1,1,1,0.2012713,1
0.5849961,1,1,0.8686758,1,1,1,1,0.20855,1
0.6125246,1,1,0.8571717,1,1,1,1,0.2160483,1
0.6379505,1,1,0.8451978,1,1,1,1,0.2237631,0
0.6615261,1,1,0.8329035,1,1,1,1,0.2316872,0
1,1,1,0.8204158,1,1,1,1,0.2398096,0
1,1,1,0.795652,1,1,1,1,0.2515429,0
1,1,1,0.7869338,0.9777411,1,1,1,0.2635658,0
1,1,1,0.7860345,0.9452931,1,1,1,0.2757972,0
1,1,1,0.7842315,0.9164332,1,1,1,0.2881519,0
1,1,1,0.7814955,0.8906053,1,1,1,0.3005665,0
1,1,1,0.7778084,0.8673674,1,1,1,1,2
1,1,1,0.758917,0.8697501,1,1,1,1,2
1,1,1,0.7400999,0.8729421,1,1,1,1,2
1,1,1,0.7214017,0.8769585,1,1,1,1,2
1,1,1,0.7028626,0.8818046,1,1,1,1,2
1,1,1,0.7010477,0.8874977,1,1,1,1,2
1,1,0.9005481,0.7018391,0.8933543,1,1,1,1,2
1,1,0.8671421,0.7055418,0.9046422,1,1,1,1,2
1,1,0.8344048,0.7102166,1,1,1,1,1,2
1,1,0.8043579,0.7143196,1,1,1,1,1,2
1,1,0.7746693,0.7195662,1,1,1,1,1,2
1,1,0.745479,0.7259995,1,1,1,1,1,2
1,1,0.7169036,0.7336638,1,1,1,1,1,2
1,1,0.6890386,0.7426004,1,1,1,1,1,2
1,1,0.6619549,0.7528635,1,1,1,1,1,2
1,1,0.6357046,0.7644936,1,1,1,1,1,2
1,1,0.6103193,0.7775446,1,1,1,1,1,2
1,1,0.585815,0.7920682,1,1,1,1,1,2
1,1,0.5746632,0.8081128,1,1,1,1,1,2
1,1,0.5796328,1,1,1,1,1,1,2
1,1,0.5823985,1,1,1,1,1,1,2
1,1,0.5853482,1,1,1,1,1,1,2
1,1,0.5884761,1,1,1,1,1,1,2
1,1,0.5917763,1,1,1,1,1,1,2
1,1,0.5952473,1,1,1,1,1,1,2
1,1,0.5988834,1,1,1,1,1,1,2
1,0.7475151,0.6026831,1,1,1,1,1,1,2
1,0.6949078,0.6140152,1,1,1,1,1,1,2
1,0.645718,0.6271124,1,1,1,1,1,1,2
1,0.6005111,0.6415741,1,1,1,1,1,1,2
1,0.5588073,0.6575315,1,1,1,1,1,1,2
1,0.5202012,0.6751405,1,1,1,1,1,1,2
1,0.4843473,1,1,1,1,1,1,1,2
1,0.4527963,1,1,1,1,1,1,1,2
1,0.452199,1,1,1,1,1,1,1,2
1,0.4572797,1,1,1,1,1,1,1,2
1,0.4627524,1,1,1,1,1,1,1,2
1,0.4686096,1,1,1,1,1,1,1,2
1,0.4748469,1,1,1,1,1,1,1,2
1,0.4814562,1,1,1,1,1,1,1,2
0.6661912,0.4884323,1,1,1,1,1,1,1,2
0.5852878,0.4978948,1,1,1,1,1,1,1,2
0.5151461,0.5082291,1,1,1,1,1,1,1,2
0.4537493,0.5194923,1,1,1,1,1,1,1,2
0.3995551,0.5317564,1,1,1,1,1,1,1,2
0.4027828,0.5450935,1,1,1,1,1,1,1,2
0.4077146,0.5595886,1,1,1,1,1,1,1,2
0.4131418,1,1,1,1,1,1,1,1,2
0.4190835,1,1,1,1,1,1,1,1,2
0.4255575,1,1,1,1,1,1,1,1,2
0.4325871,1,1,1,1,1,1,1,1,2
0.4401976,1,1,1,1,1,1,1,1,2
0.4483072,1,1,1,1,1,1,1,1,2
0.4568811,1,1,1,1,1,1,1,1,2
0.4659143,1,1,1,1,1,1,1,1,2
0.4753939,1,1,1,1,1,1,1,1,2
0.4853055,1,1,1,1,1,1,1,1,2
0.495641,1,1,1,1,1,1,1,1,2
0.5063875,1,1,1,1,1,1,1,1,2
1,1,1,1,1,1,1,1,1,1
1,1,1,1,1,1,1,1,1,1
1,1,1,1,1,1,1,1,1,1
1,1,1,1,1,1,1,1,1,1
1,1,1,1,1,1,1,1,1,1
1,1,1,1,1,1,1,1,1,1
1,1,1,1,1,1,1,1,1,1
1,1,1,1,1,1,1,1,1,1
1,1,1,1,1,1,1,1,1,1
1,1,1,1,1,1,1,1,1,1
1,1,1,1,1,1,1,1,1,1
1,1,1,1,1,1,1,1,1,1
1,1,1,1,1,1,1,1,1,1
1,1,1,1,1,1,1,1,1,1
1,1,1,1,1,1,1,1,1,1
1,1,1,1,1,1,1,1,1,1
1,1,1,1,1,1,1,1,1,1
1,1,1,1,1,1,1,1,1,1
1,1,1,1,1,1,1,1,1,1
1,1,1,1,1,1,1,1,1,1
1,1,1,1,1,1,1,1,1,1
1,1,1,1,1,1,1,1,1,1
1,1,1,1,1,1,1,1,1,1
1,1,1,1,1,1,1,1,1,1
1,1,1,1,1,1,1,1,1,1
1,1,1,1,1,1,1,1,1,1
1,1,1,1,1,1,1,1,1,1
1,1,1,1,1,1,1,1,1,1
1,1,1,1,1,1,1,1,1,1
1,1,1,1,1,1,1,1,1,1
1,1,1,1,1,1,1,1,1,1
1,1,1,1,1,1,1,1,1,1
1,1,1,1,1,1,1,1,1,1
1,1,1,1,1,1,1,1,1,1
1,1,1,1,1,1,1,1,1,1
1,1,1,1,1,1,1,1,1,1
1,1,1,1,1,1,1,1,1,1
1,1,1,1,1,1,1,1,1,1
1,1,1,1,1,1,1,1,1,1
1,1,1,1,1,1,1,1,1,1
1,1,1,1,1,1,1,1,1,1
1,1,1,1,1,1,1,1,1,1
1,1,1,1,1,1,1,1,1,1
1,1,1,1,1,1,1,1,1,1
1,1,1,1,1,1,1,1,1,1
1,1,1,1,1,1,1,1,1,1
1,1,1,1,1,1,1,1,1,1
1,1,1,1,1,1,1,1,1,1
1,1,1,1,1,1,1,1,1,1
1,1,1,1,1,1,1,1,1,1
1,1,1,1,1,1,1,1,1,1
1,1,1,1,1,1,1,1,1,1
1,1,1,1,1,1,1,1,1,1
1,1,1,1,1,1,1,1,1,1
1,1,1,1,1,1,1,1,1,1
1,1,1,1,1,1,1,1,1,1
1,1,1,1,1,1,1,1,1,1
1,1,1,1,1,1,1,1,1,1
1,1,1,1,1,1,1,1,1,1
1,1,1,1,1,1,1,1,1,1
1,1,1,1,1,1,1,1,1,1
1,1,1,1,1,1,1,1,1,1
1,1,1,1,1,1,1,1,1,1
1,1,1,1,1,1,1,1,1,1
1,1,1,1,1,1,1,1,1,1
1,1,1,1,1,1,1,1,1,1
1,1,1,1,1,1,1,1,1,1
1,1,0.9924355,1,1,1,1,1,1,1
1,1,0.9831755,1,1,1,1,1,1,1
1,1,0.973915,1,1,1,1,1,1,1
1,1,0.9646538,1,1,1,1,1,1,1
1,1,0.9553922,1,1,1,1,1,1,1
1,1,0.9461302,1,1,1,1,1,1,1
1,1,0.9368678,1,1,1,1,1,1,1
1,1,0.9276055,1,1,1,1,1,1,1
1,0.996424,0.9183429,1,1,1,1,1,1,1
1,0.985872,0.9090778,1,1,1,1,1,1,1
1,0.9752115,0.8998054,1,1,1,1,1,1,1
1,0.9644471,0.8905274,1,1,1,1,1,1,1
1,0.9535842,0.8812453,1,1,1,1,1,1,1
1,0.9426285,0.8719608,1,1,1,1,1,1,1
1,0.931586,0.8626753,1,1,1,1,1,1,1
1,0.9204634,0.8533911,1,1,1,1,1,1,1
1,0.909268,0.84411,1,1,1,1,1,1,1
1,0.8980067,0.8348341,1,1,1,1,1,1,1
1,0.8866872,0.8255655,1,1,1,1,1,1,1
1,0.8753173,0.8163065,1,1,1,1,1,1,1
1,0.8833058,0.8070591,1,1,1,1,1,1,1
1,0.8965346,0.7978319,1,1,1,1,1,1,1
1,0.9094487,0.7886242,1,1,1,1,1,1,1
1,0.9220397,0.779433,1,1,1,1,1,1,1
1,0.9342936,0.7702561,1,1,1,1,1,1,1
1,0.9461991,0.7610911,1,1,1,1,1,1,1
1,0.9577537,0.7519358,1,1,1,1,1,1,1
1,0.968942,0.7427886,1,1,1,1,1,1,1
1,0.9797729,0.7336478,1,1,1,1,1,1,1
1,0.8052751,0.7245123,1,1,1,1,1,1,1
1,0.7937092,0.7153619,1,1,1,1,1,1,1
1,0.7821599,0.7062374,1,1,1,1,1,1,1
1,0.770635,0.6971406,1,1,1,1,1,1,1
1,0.7591411,0.6880728,1,1,1,1,1,1,2
1,0.7476849,0.6790352,1,1,1,1,1,1,2
1,0.7362727,0.6700289,1,1,1,1,1,1,2
1,0.7249101,0.6610547,1,1,1,1,1,1,2
0.9408231,0.7136025,0.6521135,1,1,1,1,1,1,2
0.9203318,0.7017886,0.6432422,1,1,1,1,1,1,2
0.899565,0.6899112,0.6344401,1,1,1,1,1,1,2
0.8786166,0.6780009,1,1,1,1,1,1,1,2
0.857015,0.6659238,1,1,1,1,1,1,1,2
0.8353318,0.6538521,1,1,1,1,1,1,1,2
0.8136617,0.6418183,1,1,1,1,1,1,1,2
0.792097,0.6298549,1,1,1,1,1,1,1,2
0.7707241,0.6179928,1,1,1,1,1,1,1,2
0.7496224,0.6062609,1,1,1,1,1,1,1,2
0.7493598,0.5946862,1,1,1,1,1,1,1,2
0.7674191,0.5833987,1,1,1,1,1,1,1,2
0.7856619,0.5724765,1,1,1,1,1,1,1,2
0.8040445,0.5618867,1,1,1,1,1,1,1,2
0.7005438,0.5515994,1,1,1,1,1,1,1,2
0.6820137,0.5411215,1,1,1,1,1,1,1,2
0.6639785,0.5308606,1,1,1,1,1,1,1,2
0.6464609,0.5208255,1,1,1,1,1,1,1,2
0.6294767,0.5110224,1,1,1,1,1,1,1,2
0.6130354,0.5014554,1,1,1,1,1,1,1,2
0.5971406,0.4921259,1,1,1,1,1,1,1,2
0.5817909,0.4830334,1,1,1,1,1,1,1,2
0.5669802,0.5288106,1,1,1,1,1,1,1,2
0.5528339,0.6197408,1,1,1,1,1,1,1,2
0.5393867,0.7254765,1,1,1,1,1,1,1,2
0.5265764,0.8487269,1,1,1,1,1,1,1,2
0.5143459,1,1,1,1,1,1,1,1,2
0.5026531,1,1,1,1,1,1,1,1,2
0.4912329,1,1,1,1,1,1,1,1,2
0.4800851,1,1,1,1,1,1,1,1,2
0.4692083,1,1,1,1,1,1,1,1,2
0.4586004,1,1,1,1,1,1,1,1,2
0.4482586,1,1,1,1,1,1,1,1,2
0.438179,1,1,1,1,1,1,1,1,2
0.4283573,1,1,1,1,1,1,1,1,2
0.4187887,1,1,1,1,1,1,1,1,2
0.4343243,1,1,1,1,1,1,1,1,2
0.4621498,1,1,1,1,1,1,1,1,2
0.4906527,1,1,1,1,1,1,1,1,2
0.5197486,1,1,1,1,1,1,1,1,2
0.5493453,1,1,1,1,1,1,1,1,2
0.5793525,1,1,1,1,1,1,1,1,2
0.6096731,1,1,1,1,1,1,1,1,2
0.6402073,1,1,1,1,1,1,1,1,2
0.6708432,1,1,1,1,1,1,1,1,2
0.7014755,1,1,1,1,1,1,1,1,2
0.7319979,1,1,1,1,1,1,1,1,1
0.7623056,1,1,1,1,1,1,1,1,1
1,1,1,1,1,1,1,1,1,1
1,1,1,1,1,1,1,1,1,1
1,1,1,1,1,1,1,1,1,1
1,1,1,1,1,1,1,1,1,1
1,1,1,1,1,1,1,1,1,1
1,1,1,1,1,1,1,1,1,1
1,1,1,1,1,1,1,1,1,1
1,1,1,1,1,1,1,1,1,1
1,1,1,1,1,1,1,1,1,1
1,1,1,1,1,1,1,1,1,1
1,1,1,1,1,1,1,1,1,1
1,1,1,1,1,1,1,1,1,1
1,1,1,1,1,1,1,1,1,1
1,1,1,1,1,1,1,1,1,1
1,1,1,1,1,1,1,1,1,1
1,1,1,1,1,1,1,1,1,1
1,1,0.995356,1,1,1,1,1,1,1
1,1,0.9886009,1,1,1,1,1,1,1
1,1,0.9817683,1,1,1,1,1,1,1
1,1,0.9748586,1,1,1,1,1,1,1
1,1,0.9678713,1,1,1,1,1,1,1
1,1,0.9608062,1,1,1,1,1,1,1
1,1,0.9536635,1,1,1,1,1,1,1
1,1,0.9464434,1,1,1,1,1,1,1
1,1,0.9391465,1,1,1,1,1,1,1
1,1,0.9317733,1,1,1,1,1,1,1
1,1,0.9243244,1,1,1,1,1,1,1
1,1,0.9168011,1,1,1,1,1,1,1
1,1,0.909204,1,1,1,1,1,1,1
1,1,0.9015347,1,1,1,1,1,1,1
1,1,0.8937947,1,1,1,1,1,1,1
1,1,0.8859853,1,1,1,1,1,1,1
1,1,0.8781082,1,1,1,1,1,1,1
1,1,0.8701653,1,1,1,1,1,1,1
1,1,0.8621586,1,1,1,1,1,1,1
1,1,0.85409,1,1,1,1,1,1,1
1,1,0.8459619,1,1,1,1,1,1,1
1,1,0.8377763,1,1,1,1,1,1,1
1,1,0.829536,1,1,1,1,1,1,1
1,1,0.8212431,1,1,1,1,1,1,1
1,1,0.8129002,1,1,1,1,1,1,1
1,1,0.8045102,1,1,1,1,1,1,1
1,1,0.7960753,1,1,1,1,1,1,1
1,1,0.7875984,1,0.9920409,1,1,1,1,1
1,1,0.7789816,1,0.9769235,1,1,1,1,0
1,1,0.7701445,1,0.9668264,1,1,1,1,0
1,1,0.7611606,1,0.961013,1,1,1,1,0
1,1,0.7520903,1,0.955462,1,1,1,1,0
1,1,0.742944,1,0.9501645,1,1,1,1,0
1,1,0.733732,1,0.9451162,1,1,1,1,0
1,1,0.7244643,1,0.9403121,1,1,1,1,0
1,1,0.71515,1,0.935744,1,1,1,1,0
1,1,0.7057981,1,0.9314076,1,1,1,1,0
1,1,0.6964172,1,0.9272937,1,1,1,1,0
1,1,0.687015,1,0.9233983,1,1,1,1,0
1,1,0.6775987,1,0.9197127,0.9975408,1,1,1,0
1,1,0.6681514,1,0.9163073,0.9735622,1,1,1,0
1,1,0.6584855,1,0.913847,0.9486988,1,1,1,0
1,1,0.6486287,1,0.9123501,0.9231352,1,1,1,0
1,1,0.6386109,1,0.911847,0.8970612,1,1,1,0
1,1,0.6284642,1,0.9123523,0.8706663,1,1,1,0
1,1,0.6182213,1,0.9138824,0.844134,1,1,1,0
1,1,0.6079146,1,0.916455,0.8176364,1,1,1,0
1,1,0.597575,1,0.9200799,0.7913295,1,1,1,0
1,1,0.5872312,1,0.9247589,0.7818548,1,1,1,0
1,1,0.5769987,1,0.9299008,0.7824311,1,1,1,0
1,1,0.5669261,1,1,0.7830524,1,1,1,0
1,1,0.5572502,1,1,0.7824994,1,1,1,0
1,1,0.5476508,1,1,0.782055,1,1,1,0
1,1,0.538123,1,1,0.7817005,1,1,1,0
1,1,0.5286621,1,1,0.7814308,0.923126,1,1,0
1,1,0.5189485,1,1,0.7833865,0.8831856,1,1,0
1,1,0.5091913,1,1,0.7865726,0.8435129,1,1,0
1,1,0.4994221,1,1,0.7910196,0.8044847,1,1,0
1,1,0.4896696,1,1,0.7967426,0.7664162,1,1,0
1,1,0.479959,1,1,0.8037546,0.7295548,1,1,0
1,1,0.4703103,1,1,0.8120572,0.6940812,1,1,0
1,1,0.4607382,1,1,1,0.6601139,1,1,0
1,1,0.4514512,1,1,1,0.6477533,1,1,0
1,1,0.4422035,1,1,1,0.6482853,1,1,0
1,1,0.4330046,1,1,1,0.6488944,1,1,0
1,1,0.4238449,1,1,1,0.6495655,1,1,0
1,1,0.4147153,1,1,1,0.6502836,1,1,0
1,1,0.4056072,1,1,1,0.6510308,1,1,0
1,1,0.3965132,1,1,1,0.6517976,1,1,0
1,1,0.3874263,1,1,1,0.6525711,1,1,0
1,1,0.3783402,0.3898885,1,1,0.653335,1,1,0
1,1,1,1,1,1,1,1,1,1
1,1,1,1,1,1,1,0.9776796,1,1
1,1,1,1,1,1,1,0.9782756,1,1
1,1,1,1,1,1,1,0.9788688,1,1
1,1,1,1,1,1,1,0.9794553,1,1
1,1,1,1,1,1,1,0.9800349,1,1
1,1,1,1,1,1,1,0.9806077,1,1
1,1,1,1,1,1,1,0.9811743,1,1
1,1,1,1,1,1,1,0.9817344,1,1
1,1,1,1,1,1,1,0.9822882,1,1
1,1,1,1,1,1,1,0.9828361,1,1
1,1,1,1,1,1,1,0.9833778,1,1
1,1,1,1,1,1,1,0.9839098,1,1
1,1,1,1,1,1,1,0.9683989,1,1
1,1,1,1,1,1,1,0.9518515,1,1
1,1,1,1,1,1,1,0.9347689,1,1
1,1,1,1,1,1,1,0.9171711,1,1
1,1,1,1,1,1,1,0.8990847,0.9718493,0
1,1,1,1,1,1,1,0.8793944,0.9211508,0
1,1,1,1,1,1,1,0.8573389,0.8641676,0
1,1,1,1,1,1,1,0.8329372,0.8020673,0
1,1,1,1,1,1,1,0.8063658,0.7889822,0
1,1,1,1,1,1,1,0.7796663,0.7933882,0
1,1,1,1,1,1,1,0.7535376,0.7983056,0
1,1,1,1,1,1,1,0.7280487,0.8037494,0
1,1,1,1,1,1,1,0.7032546,0.8097323,0
1,1,1,1,1,1,1,0.6910743,0.8162645,0
1,1,1,1,1,1,1,0.7053521,0.8232313,0
1,1,1,1,1,1,1,0.7198377,0.8303468,0
1,1,1,1,1,1,1,0.7344736,0.8375716,0
1,1,1,1,1,1,1,0.7492025,0.8448684,0
1,1,1,1,1,1,1,0.7639663,0.8522015,0
1,1,1,1,1,1,1,0.7787125,0.8595411,0
1,1,1,1,1,1,1,0.7933847,0.866856,0
1,1,1,1,1,1,1,0.8079332,0.8741207,0
1,1,1,1,1,1,1,0.8223042,0.8541182,0
1,1,1,1,1,1,1,0.8376287,0.8193269,0
1,1,1,1,0.9932061,1,1,0.8546159,0.784752,0
1,1,1,1,0.986241,1,1,0.8732635,0.7507107,0
1,1,1,1,0.9795609,1,1,0.8936435,0.7173923,0
1,1,1,1,0.9731625,1,1,0.9158301,0.6849478,0
1,1,1,1,0.9670388,1,1,1,0.6534967,0
1,1,1,1,0.9607452,1,1,1,0.6243992,0
1,1,1,1,0.9548515,1,1,1,0.6150796,0
1,1,1,1,0.9491429,1,1,1,0.6245792,0
1,1,1,1,0.9433888,1,1,1,0.6342424,0
1,1,1,1,0.9375691,1,1,1,0.6440483,0
1,1,1,1,0.9316638,1,1,1,0.6539714,0
1,1,1,1,0.9256546,0.9655998,1,1,0.6639857,0
1,1,1,1,0.9194037,0.9072735,1,1,0.6738988,0
1,1,1,1,0.9127893,0.8611655,1,1,0.6835312,0
1,1,1,1,0.9058237,0.8533298,1,1,0.6928751,0
1,1,1,1,0.8986385,0.8454074,1,1,0.7020941,0
1,1,1,1,0.8912249,0.8373882,1,1,0.7111585,0
1,1,1,1,0.8835751,0.8292637,1,1,0.7200404,0
1,1,1,1,0.8756841,0.8210265,1,1,0.7287129,0
1,1,1,1,0.8675493,0.8126718,1,1,0.7371508,1
1,1,1,1,0.8591693,0.8041953,1,1,0.745335,1
1,1,1,1,0.8505454,0.795595,1,1,0.7532441,1
1,1,1,1,0.8416802,0.7868696,1,1,0.7608591,1
1,1,1,1,0.8325784,0.7780195,1,1,0.7681634,1
1,1,1,1,0.8232466,0.7690466,1,1,0.7751468,1
1,1,1,1,0.8136926,0.7599536,1,1,0.7817975,1
1,1,1,1,0.8039252,0.7507437,1,1,0.7881106,1
1,1,1,1,0.7939554,0.7414221,1,1,0.7940792,1
1,1,1,1,0.7837945,0.7319939,1,1,0.7997034,1
1,1,1,1,0.773455,0.7224654,1,1,0.8049809,1
1,1,1,1,0.7629502,0.7128434,1,1,0.8099166,1
1,1,1,1,0.7522935,0.7031349,1,1,1,2
1,1,1,1,0.7393733,0.6921715,1,1,1,2
1,1,1,1,0.7264968,0.6812307,1,1,1,2
1,1,1,1,0.7136741,0.6703182,1,1,1,2
1,1,1,1,0.7009152,0.6594399,1,1,1,2
1,1,1,1,0.6882284,0.6486003,1,1,1,2
1,1,1,1,0.6756208,0.6378033,1,1,1,2
1,1,1,1,0.6630989,0.6270524,1,1,1,2
1,1,1,1,0.650668,0.6163502,1,1,1,2
1,1,1,1,0.6383321,0.6056986,1,1,1,2
1,1,1,0.6823685,0.6260942,0.5950987,1,1,1,2
1,1,1,0.6651152,0.6123544,0.5837833,1,1,1,2
1,1,1,0.6482924,0.5988765,0.5726271,1,1,1,2
1,1,1,0.6319016,0.5856612,0.561628,1,1,1,2
1,1,1,0.6159395,0.5727063,0.5507817,1,1,1,2
1,1,1,0.6003976,0.5600057,0.5578886,1,1,1,2
1,1,1,0.5852882,0.5475641,0.6127049,1,1,1,2
1,1,1,0.5706386,0.5353937,0.6835212,1,1,1,2
1,1,1,0.5564111,0.5234696,0.7778929,1,1,1,2
1,1,1,0.5425695,0.5117678,1,1,1,1,2
1,1,1,0.5291316,0.5002931,0.9934171,1,1,1,2
1,1,1,0.5159115,0.4889453,0.9831198,1,1,1,2
1,1,1,0.5029036,0.4777202,0.9729584,1,1,1,2
1,1,1,0.4901022,0.4666127,0.9629248,1,1,1,2
1,1,0.5477843,0.4775008,0.4556176,0.9530098,1,1,1,2
1,1,0.5280901,0.4635515,0.4440398,0.9433328,1,1,1,2
1,1,0.5091335,0.4499701,0.4327006,0.9340312,1,1,1,2
1,1,0.4908685,0.4367374,0.4215882,0.9250978,1,1,1,2
1,1,0.4734359,0.4239124,0.4399618,0.9164761,1,1,0.7398531,2
1,1,0.4594854,0.4125788,0.4783088,0.9071989,1,1,1,2
1,1,0.4432845,0.4003413,0.6105171,0.8989081,1,1,0.7341149,2
1,1,0.4302482,0.3894052,0.8847964,0.88959,1,1,1,2
1,1,0.4152053,0.3776961,0.8740802,0.8814178,1,1,0.729436,2
1,1,0.4028313,0.3670371,0.8639041,0.8719935,1,1,1,2
1,1,0.3884527,0.3556396,0.8535399,1,1,1,1,2
1,1,0.3743601,0.3443921,0.8434058,1,1,1,0.7219395,2
1,1,0.3625317,0.3339622,0.8334101,1,1,1,1,2
1,1,0.3489924,0.3229679,0.8235612,1,1,1,1,2
1,1,0.3358269,0.3121421,0.8139006,1,1,1,1,2
1,1,0.3230025,0.3066484,0.8044001,1,1,1,1,2
1,0.4191024,0.3104919,0.3505038,0.7950309,1,1,1,1,2
1,0.396041,0.2974173,0.4406807,0.7862602,1,1,1,0.7056788,2
1,0.3754371,0.2850454,0.7756027,0.7775286,1,1,1,0.7025689,2
1,0.3562547,0.2730876,0.7648674,0.7688531,1,1,1,0.6997156,2
1,0.3378831,0.2613761,0.7543694,0.7603019,1,1,1,0.6969361,2
1,0.3202623,0.2498938,0.7440862,0.75185,1,1,1,0.694223,2
1,0.3033338,0.2386235,0.7339953,0.7434736,1,1,1,0.6915638,2
1,0.2870405,0.227548,0.7240736,1,1,1,1,0.6889511,2
1,0.2709062,0.216548,0.7143197,1,1,1,1,0.6862572,2
1,0.2553574,0.2242731,0.7047309,1,1,1,1,0.6836011,2
1,0.2403773,0.2473824,0.6952804,1,1,1,1,0.680977,2
1,0.2259273,0.2729135,0.6859376,1,1,1,1,0.6783746,2
0.3553891,0.211945,0.3009774,0.6766776,1,1,1,1,0.6757787,2
0.3230354,0.1969813,0.3512289,0.6680574,1,1,1,1,0.6730382,2
0.2931973,0.1826037,0.4164267,0.6597558,1,1,1,1,0.6703916,2
0.2655961,0.1687757,0.6522325,0.6517681,1,1,1,1,0.6678355,2
0.2399918,0.1554627,0.6410029,0.6440889,1,1,1,1,0.6653694,2
0.2161784,0.1461591,0.6301759,1,1,1,1,1,0.6629902,2
0.1939774,0.1589951,0.6197395,1,1,1,1,1,0.6606977,2
0.1732328,0.1733273,0.6096824,1,1,1,1,1,0.6584889,2
0.1538095,0.1893505,0.5999947,1,1,1,1,1,0.6563637,2
0.1355871,0.2073032,0.5906665,1,1,1,1,1,0.6543194,2
0.123336,0.2274643,0.5816898,1,1,1,1,1,0.6523561,2
0.1317231,0.2501792,0.5730562,1,1,1,1,1,0.6504711,2
0.1407461,0.2758613,0.564759,1,1,1,1,1,0.6486647,2
0.1504495,0.3050205,0.5567917,1,1,1,1,1,0.6469377,2
0.1607169,0.3373575,0.5490931,1,1,1,1,1,0.6451246,2
0.1712998,0.5673391,1,1,1,1,1,1,0.6429703,2
0.1820387,0.5556569,1,1,1,1,1,1,0.6403628,2
0.1931846,0.5444374,1,1,1,1,1,1,0.6375746,2
0.2047113,0.533636,1,1,1,1,1,1,0.6345896,2
0.2165939,0.5232115,1,1,1,1,1,1,0.6313909,2
0.2287993,0.513126,1,1,1,1,1,1,0.6279677,2
0.2412908,0.5033455,1,1,1,1,1,1,0.6243113,2
0.2540337,0.4938385,1,1,1,1,1,1,0.6204129,2
0.2669906,0.4845766,1,1,1,1,1,1,0.6162658,2
0.2801219,0.4755339,1,1,1,1,1,1,0.6118663,2
0.5708364,0.4666864,1,1,1,1,1,1,0.6072127,1
0.5609045,0.4586276,1,1,1,1,1,1,0.6005587,1
0.5509561,0.4505663,1,1,1,1,1,1,0.5939141,1
0.5409931,0.4425035,1,1,1,1,1,1,0.5872781,1
0.5310174,0.4344394,1,1,1,1,1,1,0.5818771,1
0.5210134,0.4263712,1,1,1,1,1,1,0.6010934,1
0.5106324,0.4182246,1,1,1,1,1,1,0.618739,1
0.4999409,0.4100196,1,1,1,1,1,1,0.6348206,1
0.4890062,0.4017774,1,1,1,1,1,1,0.6493794,1
0.4778914,0.393517,1,1,1,1,1,1,0.662492,2
0.4666556,0.3852567,1,1,1,1,1,1,0.6742541,2
0.4553526,0.4045663,1,1,1,1,1,1,0.6847775,2
0.4440953,0.4538654,1,1,1,1,1,1,0.6945007,2
0.4329723,0.5068849,1,1,1,1,1,1,0.7038293,2
0.4219914,0.5639929,1,1,1,1,1,1,0.7128214,2
0.4111586,0.6255692,1,1,1,1,1,1,0.7215277,2
0.4004777,0.6920063,1,1,1,1,1,1,0.7299925,2
0.3899505,1,1,1,1,1,1,1,0.7382567,2
0.3799285,1,1,1,1,1,1,1,0.7485409,2
0.3698775,1,1,1,1,1,1,1,0.757784,2
0.3598272,1,1,1,1,1,1,1,0.7660632,2
0.3498035,1,1,1,1,1,1,1,0.7734585,2
0.3398302,1,1,1,1,1,1,1,0.7800494,2
0.3299274,1,1,1,1,1,1,1,0.7859154,2
0.3201126,1,1,1,1,1,1,1,0.7911323,2
0.3265751,1,1,1,1,1,1,1,0.7957709,2
0.3443157,1,1,1,1,1,1,1,0.8003917,2
0.3623797,1,1,1,1,1,1,1,0.8053306,2
0.3807454,1,1,1,1,1,1,1,0.8105603,2
0.3994026,1,1,1,1,1,1,1,0.8160553,2
0.4183349,1,1,1,1,1,1,1,0.8217949,2
0.4375254,1,1,1,1,1,1,1,0.8277606,2
0.4569636,1,1,1,1,1,1,1,0.8339356,2
0.4766323,1,1,1,1,1,1,1,0.840305,2
0.496514,1,1,1,1,1,1,1,0.8468572,2
0.5165979,1,1,1,1,1,1,1,0.8535798,2
0.5368668,1,1,1,1,1,1,1,0.860464,1
0.55731,1,1,1,1,1,1,1,0.8674989,1
0.5779172,1,1,1,1,1,1,1,1,2
0.6040192,1,1,1,1,1,1,1,1,2
0.6303325,1,1,1,1,1,1,1,1,2
1,1,1,1,1,1,1,1,1,1
1,1,1,1,1,1,1,1,1,1
1,1,1,1,1,1,1,1,1,1
1,1,1,1,1,1,1,1,1,1
1,1,1,1,1,1,1,1,1,1
1,1,1,1,1,1,1,1,1,1
1,1,1,1,1,1,1,1,1,1
1,1,1,1,1,1,1,1,1,1
1,1,1,1,1,1,1,1,1,1
1,1,1,1,1,1,1,1,1,1
1,1,1,1,1,1,1,1,1,1
1,1,1,1,1,1,1,1,1,1
1,1,1,1,1,1,1,1,1,1
1,1,1,1,1,1,1,1,1,1
1,1,1,1,1,1,1,1,1,1
1,1,1,1,1,1,1,1,1,1
1,1,1,1,1,1,1,1,1,1
1,1,1,1,1,1,1,1,1,1
1,1,1,1,1,1,1,1,1,1
1,1,1,1,1,1,1,1,1,1
1,1,1,1,1,1,1,1,1,1
1,1,1,1,1,1,1,1,1,1
1,1,1,1,1,1,1,1,1,1
1,1,1,1,1,1,1,1,1,1
1,1,1,1,1,1,1,1,1,1
1,1,1,1,1,1,1,1,1,1
1,1,1,1,1,1,1,1,1,1
1,1,1,1,1,1,1,1,1,1
1,1,1,1,1,1,1,1,1,1
1,1,1,1,1,1,1,1,1,1
1,1,1,1,1,1,1,1,1,1
1,1,1,1,1,1,1,1,1,1
1,1,1,1,1,1,1,1,1,1
1,1,1,1,1,1,1,1,1,1
1,1,1,1,1,1,1,1,1,1
1,1,1,1,1,1,1,1,1,1
1,1,1,1,1,1,1,1,1,1
1,1,1,1,1,1,1,1,1,1
1,1,1,1,1,1,1,1,1,1
1,1,1,1,1,1,1,1,1,1
1,1,1,1,1,1,1,1,1,1
1,1,1,1,1,1,1,1,1,1
1,1,1,0.9995316,1,1,1,1,1,1
1,1,1,0.987584,1,1,1,1,1,1
1,1,1,0.9760137,1,1,1,1,1,1
1,1,1,0.9648054,1,1,1,1,1,1
1,1,1,0.9539365,1,1,1,1,1,1
1,1,1,0.9433849,1,1,1,1,1,1
1,0.9938928,1,0.9331363,1,1,1,1,1,1
1,0.9873598,1,0.9231722,1,1,1,1,1,1
1,0.9808189,1,0.9134786,1,1,1,1,1,1
1,0.9742696,1,0.9040338,1,1,1,1,0.9979492,1
1,0.9677126,1,0.8949113,1,1,1,1,0.9872395,1
1,0.961153,1,0.8864342,1,1,1,1,0.9762152,1
1,0.9545914,1,0.878589,0.9948579,1,1,1,0.9649061,0
1,0.9480327,1,0.8715497,0.9799104,1,1,1,0.9532485,0
1,0.9414892,1,0.8656529,0.9639866,1,1,1,0.9411038,0
1,0.9349687,1,0.8609295,0.9471563,1,1,1,0.9285195,0
1,0.9284808,1,0.8574217,0.9295019,1,1,1,0.9155547,0
1,0.9220379,1,0.8551775,0.9111179,1,1,1,0.9022737,0
1,0.9156536,1,0.8542386,0.8921081,1,1,1,0.8891679,0
1,0.9093423,1,0.8546462,0.8725963,1,1,1,0.919247,0
1,0.9029962,1,0.8544939,0.85403,1,1,1,0.9496123,0
1,0.8965977,1,0.8536727,0.8363734,1,1,1,0.9800666,0
1,0.8901318,1,0.8520843,0.819582,1,1,1,1,0
1,0.8836233,1,0.8501547,0.8033127,1,1,1,1,0
1,0.8771424,1,0.8488202,0.7870071,0.9541326,1,1,1,0
1,0.8708631,1,0.8501555,0.7696292,0.9293629,1,1,1,0
1,0.8647192,1,0.8532583,0.7518545,0.9040243,1,1,1,0
1,0.858723,1,0.8582008,0.7337956,0.8783201,1,1,1,0
1,0.8528851,1,0.8650649,0.7155655,0.8524483,1,1,1,0
1,0.8472141,1,0.8739368,0.6972734,0.8265972,1,1,1,0
1,0.841715,1,0.8849012,0.6790217,0.800938,1,1,1,0
1,0.8363892,1,0.8980469,0.6803576,0.7756206,1,1,1,0
1,0.8311367,1,0.9125546,0.6845416,0.7511678,1,1,1,0
1,0.8259288,1,1,0.6891804,0.7276338,1,1,1,0
1,0.8204626,1,1,0.6929113,0.7059211,1,1,1,0
1,0.8150635,1,1,0.6972769,0.6847373,1,1,1,0
1,0.8097196,1,1,0.7022692,0.6640993,1,1,1,0
1,0.8044178,1,1,0.7078735,0.6440158,1,1,1,0
1,0.7991439,1,1,0.7140732,0.624488,1,1,1,0
1,0.7938821,1,1,0.7208509,0.6055107,0.8152935,1,1,0
1,0.7904413,1,1,0.7364861,0.583912,0.776778,1,1,0
1,0.7873586,1,1,0.7548356,0.5780707,0.7399359,1,1,0
1,0.7844668,1,1,0.775415,0.5863265,0.7052722,1,1,0
1,0.7817681,1,1,0.7985211,0.5956319,0.6725847,1,1,0
1,0.7791428,1,1,1,0.6057894,0.6419545,1,1,0
1,0.7753274,1,1,1,0.6137493,0.6154994,1,1,0
1,0.7716126,1,1,1,0.6226341,0.5900986,1,1,0
1,0.767969,1,1,1,0.632439,0.5657318,1,1,0
1,0.7643644,1,1,1,0.6431638,0.5423667,1,1,0
1,0.7607653,1,1,1,0.6548129,0.5199626,1,1,0
1,0.7571379,1,1,1,0.667371,0.4984737,1,1,0
1,0.7534472,1,1,1,0.6808323,0.4778501,1,1,0
1,0.7496586,0.9423108,1,1,0.6951886,0.4732275,1,1,0
1,0.745366,0.8698437,1,1,0.7093207,0.4767875,1,1,0
1,0.7403517,0.8168729,1,1,1,0.4799303,1,1,0
1,0.7320817,0.800086,1,1,1,0.4797056,1,1,0
1,0.7234749,0.7866174,1,1,1,0.4792874,1,1,0
1,0.7145431,0.7759242,1,1,1,0.4786727,0.6771352,1,0
1,0.7115727,0.7206603,1,1,1,0.4853384,0.631418,1,0
1,0.7088448,0.6727296,1,1,1,0.4929178,0.58859,1,0
1,0.7062742,0.6311258,1,1,1,0.5013715,0.5485976,1,0
1,0.7037738,0.5949367,1,1,1,0.5106571,0.5113149,1,0
1,0.7012568,0.5633602,1,1,1,0.5207289,0.4765727,1,0
1,0.6986381,0.5456985,1,1,1,0.5315334,0.4441771,1,0
1,0.6959112,0.5381313,1,1,1,0.5431148,0.4138476,1,0
1,0.6930665,0.5305609,1,1,1,0.5555171,0.3853503,1,0
1,0.6900248,0.5229598,1,1,1,0.568684,0.3585384,1,0
1,0.6867093,0.5153014,1,1,1,1,0.3539811,1,0
1,0.6764834,0.505756,1,1,1,1,0.3544824,1,0
1,0.6656619,0.4960462,1,1,1,1,0.3548797,1,0
1,0.6542577,0.4861753,1,1,1,1,0.355158,1,1
1,0.6422888,0.476148,1,1,1,1,0.3553076,1,1
1,0.6297777,0.4659702,1,1,1,1,0.3553198,1,1
1,0.6167516,0.4556493,1,1,1,1,0.3551835,1,1
1,0.6032422,0.4451943,1,1,1,1,0.3548931,0.6033229,0
1,0.599732,0.4375071,1,1,1,1,0.3590627,0.5116605,0
1,0.5979388,0.4302995,1,1,1,1,0.3644243,0.4287955,0
1,0.5971805,0.4233768,1,1,1,1,0.3707633,0.3567013,0
1,0.5966557,0.4165075,1,1,1,1,0.3777709,0.2958998,0
1,0.5963822,0.4096868,0.7479169,1,1,1,0.3854947,0.2982251,0
1,0.595601,0.4026983,0.6832366,1,1,1,0.3936051,0.3008247,0
1,0.5929242,0.3951635,0.6341162,1,1,1,0.4014308,0.303491,0
1,0.5882986,0.3870766,0.595831,1,1,1,0.4088898,0.3061763,0
1,0.5817055,0.3784429,0.5654455,1,1,1,0.4159032,0.3088351,0
1,0.573164,0.3692784,0.5410327,1,1,1,0.4224047,0.31143,0
1,0.5627289,0.3596075,0.521277,1,1,1,0.4283418,0.313931,0
1,0.5504891,0.3494615,0.5052594,1,1,1,1,0.3163124,2
1,0.5232138,0.3354158,0.5183106,1,1,1,1,0.3162781,2
1,0.4965186,0.3214901,0.5335204,1,1,1,1,0.3161066,2
1,0.4704941,0.3077119,0.5510436,1,1,1,1,0.3158125,2
1,0.4452038,0.2973822,0.5710621,1,1,1,1,0.3154089,2
1,0.4207284,0.3018942,0.5936174,1,1,1,1,0.3149173,2
1,0.3972364,0.3067139,0.6181451,1,1,1,1,0.3143836,2
1,0.3746623,0.3118257,1,1,1,1,1,0.3138116,2
1,0.3545236,0.3150929,1,1,1,1,1,0.3135795,2
1,0.3346811,0.3187782,1,1,1,1,1,0.3132625,2
1,0.3151591,0.3228823,1,1,1,1,1,0.3128666,2
1,0.295976,0.3274131,1,1,1,1,1,0.3123941,2
1,0.2771443,0.3323727,1,1,1,1,1,0.3118499,2
1,0.2586707,0.3377638,1,1,1,1,1,0.3112385,2
1,0.240558,0.3435965,1,1,1,1,1,0.3105603,2
0.5441622,0.2228047,0.3498743,1,1,1,1,1,0.3098188,2
0.4707526,0.2024365,0.3674153,1,1,1,1,1,0.3079176,2
0.4072109,0.1996117,0.3874576,1,1,1,1,1,0.3059575,2
0.3516648,0.2045695,0.4104332,1,1,1,1,1,0.3039341,2
0.3026889,0.2101179,0.4368612,1,1,1,1,1,0.3018494,2
0.259177,0.2163004,0.4674049,1,1,1,1,1,0.2997018,2
0.2202586,0.2231655,0.5029112,1,1,1,1,1,0.2974896,2
0.1852379,0.2307679,1,1,1,1,1,1,0.2952108,2
0.169663,0.2391692,1,1,1,1,1,1,0.2928633,2
0.1735358,0.2484392,1,1,1,1,1,1,0.2904447,2
0.1777964,0.2586517,1,1,1,1,1,1,0.2879554,2
0.1823288,0.2694362,1,1,1,1,1,1,0.2854135,2
0.1870892,0.2806839,1,1,1,1,1,1,0.282811,2
0.1920547,0.2923509,1,1,1,1,1,1,0.2801361,2
0.197202,0.3043878,1,1,1,1,1,1,0.2773799,2
0.2025037,0.3167343,1,1,1,1,1,1,0.2745394,2
0.2079394,0.3293367,1,1,1,1,1,1,0.271608,2
0.2134847,0.3421316,1,1,1,1,1,1,0.2685844,2
0.2191155,0.3550522,1,1,1,1,1,1,0.2654696,2
0.2248147,0.3680419,1,1,1,1,1,1,0.2622605,2
0.2305547,0.3810243,1,1,1,1,1,1,0.3085185,2
0.2367006,1,1,1,1,1,1,1,0.3672606,1
0.2410508,1,1,1,1,1,1,1,0.4578323,1
0.2460869,1,1,1,1,1,1,1,0.5308369,2
0.2517408,1,1,1,1,1,1,1,1,2
0.2606584,1,1,1,1,1,1,1,1,2
0.2702336,1,1,1,1,1,1,1,0.5468735,2
0.2766385,1,1,1,1,1,1,1,1,2
0.2871614,1,1,1,1,1,1,1,1,2
0.2984441,1,1,1,1,1,1,1,1,2
0.3105425,1,1,1,1,1,1,1,1,2
0.3235181,1,1,1,1,1,1,1,0.5349233,1
0.3307601,1,1,1,1,1,1,1,1,2
1,1,1,1,1,1,1,1,1,1
1,1,1,1,1,1,1,1,1,1
1,1,1,1,1,1,1,1,1,1
1,1,1,1,1,1,1,1,1,1
1,1,1,1,1,1,1,1,1,1
1,1,1,1,1,1,1,1,1,1
1,1,1,1,1,1,1,1,1,1
1,1,1,1,1,1,1,1,1,1
1,1,1,1,1,1,1,1,1,1
1,1,1,1,1,1,1,1,1,1
1,1,1,1,1,1,1,1,1,1
1,1,1,1,1,1,1,1,1,1
1,1,1,1,1,1,1,1,1,1
1,1,1,1,1,1,1,1,1,1
1,1,1,1,1,1,1,1,1,1
1,1,1,1,1,1,1,1,1,1
1,1,1,1,1,1,1,1,1,1
1,1,1,1,1,1,1,1,1,1
1,1,1,1,1,1,1,1,1,1
1,1,1,1,1,1,1,1,1,1
1,1,1,1,1,1,1,1,1,1
1,1,1,1,1,1,1,1,1,1
1,1,1,1,1,1,1,1,1,1
1,1,1,1,1,1,1,1,1,1
1,1,1,1,1,1,1,1,1,1
1,1,1,1,1,1,1,1,1,1
1,1,1,1,1,1,1,1,1,1
1,1,1,1,1,1,1,1,1,1
1,1,1,1,1,1,1,1,1,1
1,1,1,1,1,1,1,1,1,1
1,1,1,1,1,1,1,1,1,1
1,1,1,1,1,1,1,1,1,1
1,1,1,1,1,1,1,1,1,1
1,1,1,1,1,1,1,1,1,1
1,1,1,1,1,1,1,1,1,1
1,1,1,1,1,1,1,1,1,1
1,1,1,1,1,1,1,1,1,1
1,1,1,1,1,1,1,1,1,1
1,1,1,1,1,1,1,1,1,1
1,1,1,1,1,1,1,1,1,1
1,1,1,1,1,1,1,1,1,1
1,1,1,1,1,1,1,1,1,1
1,1,1,1,1,1,1,1,1,1
1,1,1,1,1,1,1,1,1,1
1,1,1,1,1,1,1,1,1,1
1,1,1,1,1,1,1,1,1,1
1,1,1,1,1,1,1,1,1,1
1,1,1,1,1,1,1,1,1,1
1,1,1,1,1,1,1,1,1,1
1,1,1,1,1,1,1,1,1,1
1,1,1,1,1,1,1,1,1,1
1,1,1,1,1,1,1,1,1,1
1,1,1,1,1,1,1,1,1,1
1,1,1,1,1,1,1,1,1,1
1,1,1,1,1,1,1,1,1,1
1,1,1,1,1,1,1,1,1,1
1,1,1,1,1,1,1,1,1,1
1,1,1,1,1,1,1,1,1,1
1,1,1,1,1,1,1,1,1,1
1,1,1,1,1,1,1,1,1,1
1,1,1,1,1,1,1,1,1,1
1,1,1,1,1,1,1,1,1,1
1,1,1,1,1,1,1,1,1,1
1,1,1,1,1,1,1,1,1,1
1,1,1,1,1,1,1,1,1,1
1,1,1,1,1,1,1,1,1,1
1,1,1,1,1,1,1,1,1,1
1,1,1,1,1,1,1,1,1,1
1,1,1,1,1,1,1,1,1,1
1,1,1,1,1,1,1,1,1,1
1,1,1,1,1,1,1,1,1,1
1,1,1,1,1,1,1,1,1,1
1,1,1,1,1,1,1,1,1,1
1,1,1,1,1,1,1,1,1,1
1,1,1,1,1,1,1,1,1,1
1,1,1,1,1,1,1,1,1,1
1,1,1,1,1,1,1,1,1,1
1,1,1,1,1,1,1,1,1,1
1,1,1,1,1,1,1,1,1,1
1,1,1,1,1,1,1,1,1,1
1,1,1,1,1,1,1,1,1,1
1,1,1,1,1,1,1,1,1,1
1,1,1,1,1,1,1,1,1,1
1,1,1,1,1,1,1,1,1,1
1,1,1,1,1,1,1,1,1,1
1,1,1,1,1,1,1,1,1,1
1,1,1,1,1,1,1,1,1,1
1,1,1,1,1,1,1,1,1,1
1,1,1,1,1,1,1,1,1,1
1,1,1,1,1,1,1,1,1,1
1,1,1,1,1,1,1,1,1,1
1,1,1,1,1,1,1,1,1,1
1,1,1,1,1,1,1,1,1,1
1,1,1,1,1,1,1,1,1,1
1,1,1,1,1,1,1,1,1,1
1,1,1,1,1,1,1,1,1,1
1,1,1,1,1,1,1,1,1,1
1,1,1,1,1,1,1,1,1,1
1,1,1,1,1,1,1,1,1,1
1,1,1,1,1,1,1,1,1,1
1,1,1,1,1,1,1,1,1,1
1,1,1,1,1,1,1,1,1,1
1,1,1,1,1,1,1,1,1,1
1,1,1,1,1,1,1,1,1,1
1,1,1,1,1,1,1,1,1,1
1,1,1,1,1,1,1,1,1,1
1,1,1,1,1,1,1,1,1,1
1,1,1,1,1,1,1,1,1,1
1,1,1,1,1,1,1,1,1,1
1,1,1,1,1,1,1,1,1,1
1,1,1,1,1,1,1,1,0.9802306,1
1,1,1,1,1,1,1,1,0.9747983,1
1,1,1,1,1,1,1,1,0.9693208,1
1,1,1,1,1,1,1,1,0.963802,1
1,1,1,1,1,1,1,1,0.9582438,1
1,1,1,1,1,1,1,1,0.9526473,1
1,1,1,1,1,1,1,1,0.9470205,1
1,1,1,1,1,1,1,1,0.9413654,1
1,1,1,1,1,1,1,1,0.9356869,1
1,1,1,1,1,1,1,1,0.9299875,1
1,1,1,1,1,1,1,1,0.9242725,1
1,1,1,1,1,1,1,1,0.9212005,1
1,1,1,1,1,1,1,1,0.9696288,1
1,1,1,1,1,1,1,1,1,1
1,1,1,1,1,1,1,1,1,1
1,1,1,1,1,1,1,1,1,1
1,1,1,1,1,1,1,1,1,1
1,1,1,1,1,1,1,1,1,1
1,1,1,1,1,1,1,1,1,1
1,1,1,1,1,1,1,1,1,1
1,1,1,1,1,1,1,1,1,1
1,1,1,1,1,1,1,1,1,1
1,1,1,1,1,1,1,1,1,1
1,1,1,1,1,1,1,1,1,1
1,1,1,1,1,1,1,1,1,1
1,1,1,1,1,1,1,1,1,1
1,1,1,1,1,1,1,1,1,1
1,1,1,1,1,1,1,1,1,1
1,1,1,1,1,1,1,1,1,1
1,1,1,1,1,1,1,1,1,1
1,1,1,1,1,1,1,1,1,1
1,1,1,1,1,1,1,1,1,1
1,1,1,1,1,1,1,1,1,1
1,1,1,1,1,1,1,1,1,1
1,1,1,1,1,1,1,1,1,1
1,1,1,1,1,1,1,1,1,1
1,1,1,1,1,1,1,1,1,1
1,1,1,1,1,1,1,1,1,1
1,1,1,1,1,1,1,1,1,1
1,1,1,1,1,1,1,1,1,1
1,1,1,1,1,1,1,1,1,1
1,1,1,1,1,1,1,1,1,1
1,1,1,1,1,1,1,1,1,1
1,1,1,1,1,1,1,1,1,1
1,1,1,1,1,1,1,1,1,1
1,1,1,1,1,1,1,1,1,1
1,1,1,1,1,1,1,1,1,1
1,1,1,1,1,1,1,1,1,1
1,1,1,1,1,1,1,1,1,1
1,1,1,1,1,1,1,1,1,1
1,1,1,1,1,1,1,1,1,1
1,1,1,1,1,1,1,1,1,1
1,1,1,1,1,1,1,1,1,1
1,1,1,1,1,1,1,1,1,1
1,1,1,1,1,1,1,1,1,1
1,1,1,1,1,1,1,1,1,1
1,1,1,1,1,1,1,1,1,1
1,1,1,1,1,1,1,1,1,1
1,1,1,1,1,1,1,1,1,1
1,1,1,1,1,1,1,1,1,1
1,1,1,1,1,1,1,1,1,1
1,1,1,1,1,1,1,1,1,1
1,1,1,1,1,1,1,1,1,1
1,1,1,1,1,1,1,1,1,1
1,1,1,1,1,1,1,1,1,1
1,1,1,1,1,1,1,1,1,1
1,1,1,1,1,1,1,1,1,1
1,1,1,1,1,1,1,1,1,1
1,0.9996939,1,1,1,1,1,1,1,1
1,0.9841254,1,1,1,1,1,1,1,1
1,0.967981,1,1,1,1,1,1,1,1
1,0.9512712,1,1,1,1,1,1,1,1
1,0.9340113,1,1,1,1,1,1,1,1
1,0.9162221,1,1,1,1,1,1,1,1
1,0.8979303,1,1,1,1,1,1,1,1
1,0.8791684,1,1,1,1,1,1,1,1
1,0.8599742,1,1,1,1,1,1,1,2
1,0.8403897,1,1,1,1,1,1,1,2
1,0.8204612,1,1,1,1,1,1,1,2
1,0.8020281,1,1,1,1,1,1,1,2
1,0.8069838,1,1,1,1,1,1,1,2
1,0.8119696,1,1,1,1,1,1,1,2
1,0.8169773,1,1,1,1,1,1,1,2
1,0.8220002,1,1,1,1,1,1,1,2
1,0.8270346,1,1,1,1,1,1,1,2
1,0.8320736,1,1,1,1,1,1,1,2
1,0.8371143,1,1,1,1,1,1,1,2
1,0.8421496,1,1,1,1,1,1,1,2
1,0.8471726,1,1,1,1,1,1,1,2
1,0.8521808,1,1,1,1,1,1,1,2
1,0.8571672,1,1,1,1,1,1,1,2
1,0.86213,1,1,1,1,1,1,1,1
1,0.8670623,1,1,1,1,1,1,1,1
1,0.8719624,1,1,1,1,1,1,1,1
1,0.8768239,1,1,1,1,1,1,1,1
1,0.8816449,1,1,1,1,1,1,1,1
0.9968282,0.88642,1,1,1,1,1,1,1,1
0.9611932,0.8912637,1,1,1,1,1,1,1,2
0.9233316,0.8974004,1,1,1,1,1,1,1,2
0.8835953,0.9049524,1,1,1,1,1,1,1,2
0.8424097,0.9140357,1,1,1,1,1,1,1,2
0.8002483,0.9247769,1,1,1,1,1,1,1,2
0.7576107,1,1,1,1,1,1,1,1,2
0.7177509,1,1,1,1,1,1,1,1,2
0.6859393,1,1,1,1,1,1,1,1,2
0.6918031,1,1,1,1,1,1,1,1,2
0.6978635,1,1,1,1,1,1,1,1,2
0.7041079,1,1,1,1,1,1,1,1,2
0.7105297,1,1,1,1,1,1,1,1,2
0.7171158,1,1,1,1,1,1,1,1,2
0.7238557,1,1,1,1,1,1,1,1,2
0.7307428,1,1,1,1,1,1,1,1,2
0.7377629,1,1,1,1,1,1,1,1,2
0.7449056,1,1,1,1,1,1,1,1,2
0.7521598,1,1,1,1,1,1,1,1,2
0.7595149,1,1,1,1,1,1,1,1,2
0.7669597,1,1,1,1,1,1,1,1,2
0.7744833,1,1,1,1,1,1,1,1,2
0.7820747,1,1,1,1,1,1,1,1,2
0.789723,1,1,1,1,1,1,1,1,2
0.7974169,1,1,1,1,1,1,1,1,2
0.8051459,1,1,1,1,1,1,1,1,2
0.8128988,1,1,1,1,1,1,1,1,2
0.8206649,1,1,1,1,1,1,1,1,2
1,1,1,1,1,1,1,1,1,1
1,1,1,1,1,1,1,1,1,1
1,1,1,1,1,1,1,1,1,1
1,1,1,1,1,1,1,1,1,1
1,1,1,1,1,1,1,1,1,1
1,1,1,1,1,1,1,1,1,1
1,1,1,1,1,1,1,1,1,1
1,1,1,1,1,1,1,1,1,1
1,1,1,1,1,1,1,1,1,1
1,1,1,1,1,1,1,1,1,1
1,1,1,1,1,1,1,1,1,1
1,1,1,1,1,1,1,1,1,1
1,1,1,1,1,1,1,1,1,1
1,1,1,1,1,1,1,1,1,1
1,1,1,1,1,1,1,1,1,1
1,1,1,1,1,1,1,1,1,1
1,1,1,1,1,1,1,1,1,1
1,1,1,1,1,1,1,1,1,1
1,1,1,1,1,1,1,1,1,1
1,1,1,1,1,1,1,1,1,1
1,1,1,1,1,1,1,1,1,1
1,1,1,1,1,1,1,1,1,1
1,1,1,1,1,1,1,1,1,1
1,1,1,1,1,1,1,1,1,1
1,1,1,1,1,1,1,1,1,1
1,1,1,1,1,1,1,1,1,1
1,1,1,1,1,1,1,1,1,1
1,1,1,1,1,1,1,1,1,1
1,1,1,1,1,1,1,1,1,1
1,1,1,1,1,1,1,1,1,1
1,1,1,1,1,1,0.7822387,1,1,0
1,1,1,1,1,1,0.7639388,1,1,0
1,1,1,1,1,1,0.7455074,1,1,0
1,1,1,1,1,1,0.7269827,1,1,0
1,1,1,1,1,1,0.7084038,1,1,0
1,1,1,1,1,1,0.6898078,1,1,0
1,1,1,1,1,1,0.6712316,1,1,0
1,1,1,1,1,1,0.6527112,1,1,0
1,1,1,1,1,1,0.6363177,1,1,0
1,1,1,1,1,1,0.6395269,1,1,0
1,1,1,1,1,1,0.6428694,1,1,0
1,1,1,1,1,1,0.6463388,1,1,0
1,1,1,1,1,1,0.6499384,1,1,0
1,1,1,1,1,1,0.6536569,1,1,0
1,1,1,1,1,1,0.6574927,1,1,0
1,1,1,1,1,1,1,1,1,1
1,1,1,1,1,1,1,1,1,1
1,1,1,1,1,1,1,1,1,1
1,1,1,1,1,1,1,1,1,1
1,1,1,1,1,1,1,1,1,1
1,1,1,1,1,1,1,1,1,1
1,1,1,1,1,1,1,1,1,1
1,1,1,1,1,1,1,1,1,1
1,1,1,1,1,1,1,1,1,1
1,1,1,1,1,1,1,1,1,1
1,1,1,1,1,1,1,1,1,1
1,1,1,1,1,1,1,1,1,1
1,1,1,1,1,1,1,1,1,1
1,1,1,1,1,1,1,1,1,1
1,1,1,1,1,1,1,1,1,1
1,1,1,1,1,1,1,1,1,1
1,1,1,1,1,1,1,1,1,1
1,1,1,1,1,1,1,0.5260732,1,0
1,1,1,1,1,1,1,0.4882089,1,0
1,1,1,1,1,1,1,0.4518235,1,0
1,1,1,1,1,1,1,0.4196725,1,0
1,1,1,1,1,1,1,0.4233476,1,0
1,1,1,1,1,1,1,0.4274379,1,0
1,1,1,1,1,1,1,0.4319448,1,0
1,1,1,1,1,1,1,0.4368621,1,0
1,1,1,1,1,1,1,0.4421874,1,0
1,1,1,1,1,1,1,1,1,1
1,1,1,1,1,1,1,1,1,1
1,1,1,1,1,1,1,1,1,1
1,1,1,1,1,1,1,1,1,1
1,1,1,1,1,1,1,1,1,1
1,1,1,1,1,1,1,1,1,1
1,1,1,1,1,1,1,1,0.4302261,0
1,1,1,1,1,1,1,1,0.3629733,0
1,1,1,1,1,1,1,1,0.3648792,0
1,1,1,1,1,1,1,1,0.3671831,0
1,1,1,1,1,1,1,1,0.3698977,0
1,1,1,1,1,1,1,1,0.373033,0
1,1,1,1,1,1,1,1,0.3765975,0
1,1,1,1,1,1,1,1,1,1
1,1,1,1,1,1,1,1,1,1
1,1,1,1,1,1,1,1,1,1
1,1,1,1,1,1,1,1,1,1
1,1,1,1,1,1,1,1,1,1
1,1,1,1,1,1,1,1,1,1
1,1,1,1,1,1,1,1,1,1
1,1,1,1,1,1,1,1,1,1
1,1,1,1,1,1,1,1,1,1
1,1,1,1,1,1,1,1,1,1
1,1,1,1,1,1,1,1,1,1
1,1,1,1,1,1,1,1,1,1
1,1,1,1,0.9966128,1,1,1,1,1
1,1,1,1,0.9866115,1,1,1,1,1
1,1,1,1,0.9766057,1,1,1,1,1
1,1,1,0.9994977,0.9665958,1,1,1,1,1
1,1,1,0.9891157,0.9565812,1,1,1,1,1
1,1,1,0.9786898,0.9465511,1,1,1,1,1
1,1,1,0.9682214,0.9365063,1,1,1,1,1
1,1,1,0.9577119,0.9264468,1,1,1,1,1
1,1,1,0.9471634,0.9163737,1,1,1,1,1
1,1,1,0.9365781,0.9062878,1,1,1,1,1
1,1,1,0.9259577,0.8961899,1,1,1,1,1
1,1,1,0.9153048,0.8860809,1,1,1,1,1
1,1,1,0.9046217,0.8759618,1,1,0.9913292,1,1
1,1,1,0.8939737,0.8658546,1,1,0.9786051,1,1
1,1,1,0.8833889,0.8557682,1,1,0.9656296,1,1
1,1,1,0.8728671,0.8457025,1,1,0.9524016,1,1
1,1,1,0.8624078,0.8356573,1,1,0.938923,1,1
1,1,1,0.85201,0.8256319,1,1,0.9251965,1,1
1,1,1,0.8416731,0.8156263,1,1,0.9112273,1,1
1,1,1,0.8313958,0.8056399,1,1,0.8970222,1,1
1,1,1,0.8211772,0.795673,1,1,0.8825905,1,1
1,1,1,0.8110162,0.7857254,1,1,0.8679429,1,1
1,1,1,0.8009111,0.775797,1,1,0.8530916,1,1
1,1,1,0.7908609,0.7658883,1,1,0.8380515,1,1
1,1,1,0.7808634,0.7559988,1,1,0.8228375,1,1
1,1,1,0.7709172,0.7461291,1,1,0.8074672,1,1
1,1,1,0.7610201,0.7362788,1,1,0.7919579,1,1
1,1,1,0.7511703,0.7264484,1,1,0.7763292,1,1
1,1,1,0.7413653,0.7166378,1,1,0.7606003,1,1
1,1,1,0.7316025,0.7068469,1,1,0.7455968,1,1
1,1,1,0.721875,0.6970741,1,1,0.7494817,1,1
1,1,1,0.7120634,0.6872755,1,1,0.75315,1,1
1,1,1,0.7021713,0.6774513,1,1,0.7565948,1,1
1,1,1,0.6922021,0.6676012,1,1,0.7598153,1,1
1,1,1,0.6821596,0.6577258,1,1,0.7628163,1,1
1,1,1,0.6720479,0.6478258,1,1,0.7655944,1,1
1,1,1,0.6618713,0.6379021,1,1,0.7681522,1,1
1,1,1,0.6516342,0.627956,1,1,0.770493,1,1
1,1,1,0.6413411,0.6179887,1,1,0.7726211,1,1
1,1,0.7114549,0.6309972,0.6080021,1,1,0.7745458,1,2
1,1,0.6969461,0.6194016,0.5975342,1,1,0.7709079,1,2
1,1,0.6825347,0.6078523,0.5870935,1,1,0.7671858,1,2
1,1,0.6682342,0.5963557,0.5766824,1,1,0.7634026,1,2
1,1,0.6540554,0.5849162,0.5663024,1,1,0.7595829,1,2
1,1,0.6400067,0.5735373,0.5559542,1,1,0.7557524,1,2
1,1,0.6260942,0.5622214,0.5456379,1,1,0.7519254,1,2
1,1,0.6123222,0.55097,0.5353533,1,1,0.7481179,1,2
1,1,0.5986941,0.5397839,0.5250999,1,1,0.7443473,1,2
1,1,0.5852107,0.5286633,0.5148766,1,1,0.7406242,1,2
1,1,0.5718719,0.5176072,0.5046819,1,1,0.7369574,1,2
1,1,0.5586764,0.5066145,0.4945144,1,1,0.7333574,1,2
1,1,0.5456221,0.495684,0.4843724,1,1,0.7298289,1,2
1,1,0.5327057,0.4848132,0.4742537,1,1,0.726375,1,2
1,1,0.5199237,0.4740004,0.4641568,1,1,0.7230014,1,2
1,1,0.5072721,0.4632432,0.4540799,1,1,0.7197126,1,2
1,1,0.4947456,0.4525384,0.4440205,1,1,0.7165035,1,2
1,1,0.4823399,0.4418842,0.4339773,1,1,0.7133809,1,2
1,1,0.4700496,0.4312774,0.6263774,1,1,0.7103422,1,2
1,1,0.4578883,0.4207221,1,1,1,0.707441,1,2
1,1,0.4458385,0.4102111,1,1,1,0.7046419,1,2
1,1,0.4338606,0.39973,1,1,1,0.7018477,1,2
1,1,0.4219543,0.3892782,1,1,1,0.699062,1,2
1,1,0.4101187,0.3788549,1,1,1,0.6962878,0.8450864,1
1,1,0.3994776,0.368833,1,1,1,0.6971737,0.7987778,1
1,1,0.3890848,0.3588956,1,1,1,0.6989682,0.7487839,0
1,1,0.3789313,0.3490427,1,1,1,0.7017332,0.6960229,0
1,1,0.369002,0.3392729,1,1,1,0.7055129,0.6415845,0
1,1,0.3592763,0.3295836,0.6174778,1,1,1,0.5866219,1
1,1,0.3481374,0.3193923,0.6241809,1,1,1,0.5598722,1
1,1,0.3371347,0.3092498,0.5844275,1,1,1,0.5600731,1
1,0.4636092,0.3260725,0.2990859,0.5648055,1,1,1,0.5602201,2
1,0.4385461,0.3124022,0.288007,1,1,1,1,0.5575091,2
1,0.4148611,0.2991117,0.277105,1,1,1,1,0.5548829,2
1,0.3923534,0.2861517,0.2663573,1,1,1,1,0.5523135,2
1,0.3709428,0.2735054,0.2557527,1,1,1,1,0.5497998,2
1,0.3505459,0.261153,0.2452786,1,1,1,1,0.547337,2
1,0.3310801,0.2490734,0.2349219,1,1,1,1,0.5449239,2
1,0.3124664,0.2372463,0.2246705,1,1,1,1,0.5425509,2
1,0.2946274,0.22565,0.2145115,1,1,1,1,0.5402107,2
1,0.2774919,0.2142645,0.2792882,1,1,1,1,0.5378979,2
1,0.2610263,0.2030793,0.4291368,1,1,1,1,0.5356137,2
1,0.2451653,0.1920745,1,1,1,1,1,0.5333481,2
1,0.2298817,0.1812398,1,1,1,1,1,0.5311073,2
0.3894488,0.2149643,0.1705192,1,1,1,1,1,0.5288381,2
0.3506058,0.1987184,0.1595069,1,1,1,1,1,0.5260396,2
0.3151719,0.1831499,0.1487204,1,1,1,1,1,0.5232746,2
0.2827199,0.1682132,0.1381476,1,1,1,1,0.5808658,0.5205396,2
0.2540257,0.1541401,0.1563745,1,1,1,1,0.5729205,0.5178646,2
0.2275815,0.1406068,0.1898303,1,1,1,1,0.5653069,0.5151889,2
0.2031116,0.1275684,0.231086,1,1,1,1,0.5580288,0.5124999,2
0.1803376,0.114972,0.2821774,1,1,1,1,0.5510556,0.5097775,2
0.1590176,0.1027677,0.3457581,1,1,1,1,0.5443617,0.5070093,2
0.1389438,0.09091038,0.4254476,1,1,1,1,0.5379179,0.5041813,2
0.1199364,0.09274241,1,1,1,1,1,0.531696,0.5012818,2
0.1021202,0.1014977,1,1,1,1,1,0.526067,0.4982215,2
0.08492539,0.1106594,1,1,1,1,1,0.5205286,0.4950892,2
0.07126431,0.1202166,1,1,1,1,1,0.5150717,0.4918801,2
0.07641544,0.1301181,1,1,1,1,1,0.5097104,0.48859,2
0.08164597,0.1401641,1,1,1,1,1,1,0.485182,2
0.08813508,0.1551062,1,1,1,1,1,1,0.4825636,2
0.09513516,0.1718921,1,1,1,1,1,0.4898634,0.4799457,1
0.1007802,0.1825046,1,1,1,1,1,1,0.4758068,2
0.1084603,0.2020233,1,1,1,1,1,1,0.4731732,2
0.116612,0.2235192,1,1,1,1,1,1,0.4704456,2
0.1251308,0.2466247,1,1,1,1,1,0.4644627,0.4675235,0
0.1309307,0.2558982,1,1,1,1,1,1,0.4621101,2
0.1397037,0.2802228,1,1,1,1,1,1,0.4589336,2
0.14875,0.3058635,1,1,1,1,1,1,0.45553,2
0.1580205,1,1,1,1,1,1,1,0.4518946,1
0.1657548,1,1,1,1,1,1,1,0.4469127,1
0.1734722,1,1,1,1,1,1,1,0.4418477,1
0.1811579,1,1,1,1,1,1,1,0.4367043,1
0.1887929,1,1,1,1,1,1,1,0.4314907,1
0.1963631,1,1,1,1,1,1,1,0.4262122,1
0.2038547,1,1,1,1,1,1,1,0.4208745,1
0.21125,1,1,1,1,1,1,1,0.4154869,1
0.2185412,1,1,1,1,1,1,1,0.4100525,1
0.2257119,1,1,1,1,1,1,1,0.4045809,1
0.2327513,1,1,1,1,1,1,1,0.3990789,1
0.2396491,1,1,1,1,1,1,1,0.393553,1
0.2463917,1,1,1,1,1,1,1,0.3880135,1
0.252975,1,1,1,1,1,1,1,0.3824642,1
1,1,1,1,1,1,1,1,0.3769151,0
1,1,1,1,1,1,1,1,0.3698268,0
1,1,1,1,1,1,1,1,0.3631622,0
1,1,1,1,1,1,1,1,0.4300844,0
1,1,1,1,1,1,1,1,0.5278759,0
1,1,1,1,1,1,1,1,1,1
1,1,1,1,1,1,1,1,1,1
1,1,1,1,1,1,1,1,1,1
1,1,1,1,1,1,1,1,1,1
1,1,1,1,1,1,1,1,1,1
1,1,1,1,1,1,1,1,1,1
1,1,1,1,1,1,1,1,1,1
1,1,1,1,1,1,1,1,1,1
1,1,1,1,1,1,1,1,1,1
1,1,1,1,1,1,1,1,1,1
1,1,1,1,1,1,1,1,1,1
1,1,1,1,1,1,1,1,1,1
1,1,1,1,1,1,1,1,1,1
1,1,1,1,1,1,1,1,1,1
1,1,1,1,1,1,1,1,1,1
1,1,1,1,1,1,1,1,1,1
1,1,1,1,1,1,1,1,1,1
1,1,1,1,1,1,1,1,1,1
1,1,1,1,1,1,1,1,1,1
1,1,1,1,1,1,1,1,1,1
1,1,1,1,1,1,1,1,1,1
1,1,1,1,1,1,1,1,1,1
1,1,1,1,1,1,1,1,1,1
1,1,1,1,1,1,1,1,1,1
1,1,1,1,1,1,1,1,1,1
1,1,1,1,1,1,1,1,1,1
1,1,1,1,1,1,1,1,1,1
1,1,1,1,1,1,1,1,1,1
1,1,1,1,1,1,1,1,1,1
1,1,1,1,1,1,1,1,1,1
1,1,1,1,1,1,1,1,1,1
1,1,1,1,1,1,1,1,1,1
1,1,1,1,1,1,1,1,1,1
1,1,1,1,1,1,1,1,1,1
1,1,1,1,1,1,1,1,1,1
1,1,1,1,1,1,1,1,1,1
1,1,1,1,1,1,1,1,1,1
1,1,1,1,1,1,1,1,1,1
1,1,1,1,1,1,1,1,1,1
1,1,1,1,1,1,1,1,1,1
1,1,1,1,1,1,1,1,1,1
1,1,1,1,1,1,1,1,1,1
1,1,1,1,1,1,1,1,1,1
1,1,1,1,1,1,1,1,1,1
1,1,1,1,1,1,1,1,1,1
1,1,1,1,1,1,1,1,1,1
1,1,1,1,1,1,1,1,1,1
1,1,1,1,1,1,1,1,1,1
1,1,1,1,1,1,1,1,1,1
1,1,1,1,1,1,1,1,1,1
1,1,1,1,1,1,1,1,1,1
1,1,1,1,1,1,1,1,1,1
1,1,1,1,1,1,1,1,1,1
1,1,1,1,1,1,1,1,1,1
1,1,1,1,1,1,1,1,1,1
1,1,1,1,1,1,1,1,1,1
1,1,1,1,1,1,1,1,1,1
1,1,1,1,1,1,1,1,1,1
1,1,1,1,1,1,1,1,1,1
1,1,1,1,1,1,1,1,1,1
1,1,1,1,1,1,1,1,1,1
1,1,1,1,1,1,1,1,1,1
1,1,1,1,1,1,1,1,1,1
1,1,1,1,1,1,1,1,1,1
1,1,1,1,1,1,1,1,1,1
1,1,1,1,1,1,1,1,1,1
1,1,1,1,1,1,1,1,1,1
1,1,1,1,1,1,1,1,1,1
1,1,1,1,1,1,1,1,1,1
1,1,1,1,1,1,1,1,1,1
1,1,1,1,1,1,1,1,1,1
1,1,1,1,1,1,1,1,1,1
1,1,1,1,1,1,1,1,1,1
1,1,1,1,1,1,1,1,1,1
1,1,1,1,1,1,1,1,1,1
1,1,1,1,1,1,1,1,1,1
1,1,1,1,1,1,1,1,1,1
1,1,1,1,1,1,1,1,1,1
1,1,1,1,1,1,1,1,1,1
1,1,1,1,1,1,1,1,1,1
1,1,1,1,1,1,1,1,1,1
1,1,1,1,1,1,1,1,1,1
1,0.9977683,1,1,1,1,1,1,1,1
1,0.9876531,0.9927867,1,1,1,1,1,1,1
1,0.9774522,0.983679,1,1,1,1,1,1,1
1,0.9671685,0.9745713,1,1,1,1,1,1,1
1,0.9568054,0.9654648,1,1,1,1,1,1,1
1,0.9463671,0.9563605,1,1,1,1,1,1,1
1,0.9358577,0.9472594,1,1,1,1,1,1,1
1,0.9252821,0.9381635,1,1,1,1,1,1,1
1,0.9146453,1,1,1,1,1,1,1,1
1,0.9039581,1,1,1,1,1,1,1,1
1,0.8932188,1,1,1,1,1,1,1,1
1,0.8824323,1,1,1,1,1,1,1,1
1,0.8716037,1,1,1,1,1,1,1,1
1,0.8607386,1,1,1,1,1,1,1,1
1,0.8498419,1,1,1,1,1,1,1,1
1,0.8389195,1,1,1,1,1,1,1,1
1,0.8279772,1,1,1,1,1,1,1,1
1,0.8170201,1,1,1,1,1,1,1,1
1,0.806054,1,1,1,1,1,1,1,1
1,0.7950847,1,1,1,1,1,1,1,1
1,0.7841178,1,1,1,1,1,1,1,1
1,0.7731587,1,1,1,1,1,1,1,1
1,0.7622125,1,1,1,1,1,1,1,1
1,0.751285,1,1,1,1,1,1,1,1
1,0.7403812,1,1,1,1,1,1,1,2
1,0.7295058,1,1,1,1,1,1,1,2
1,0.7186639,1,1,1,1,1,1,1,2
1,0.7078602,1,1,1,1,1,1,1,2
1,0.6970989,1,1,1,1,1,1,1,2
1,0.6863843,1,1,1,1,1,1,1,2
1,0.676872,1,1,1,1,1,1,1,2
0.8922123,0.6992379,1,1,1,1,1,1,1,2
0.8728215,0.7279156,1,1,1,1,1,1,1,2
0.8538004,0.7512883,1,1,1,1,1,1,1,2
0.8350829,0.7400285,1,1,1,1,1,1,1,2
0.816295,0.7287733,1,1,1,1,1,1,1,2
0.7975025,0.7175481,1,1,1,1,1,1,1,2
0.7787695,0.706378,1,1,1,1,1,1,1,2
0.7601575,0.6952872,1,1,1,1,1,1,1,2
0.7417232,0.6842986,1,1,1,1,1,1,1,2
0.7235196,0.6734342,1,1,1,1,1,1,1,2
0.7055941,0.6627135,1,1,1,1,1,1,1,2
0.6879886,0.6581419,1,1,1,1,1,1,1,2
0.6707734,0.7136217,1,1,1,1,1,1,1,2
0.6542829,0.7738961,1,1,1,1,1,1,1,2
0.6384735,0.8392956,1,1,1,1,1,1,1,2
0.6233025,1,1,1,1,1,1,1,1,2
0.6090817,1,1,1,1,1,1,1,1,2
0.5950899,1,1,1,1,1,1,1,1,2
0.6028752,1,1,1,1,1,1,1,1,2
0.6224092,1,1,1,1,1,1,1,1,2
0.6421111,1,1,1,1,1,1,1,1,2
0.6619339,1,1,1,1,1,1,1,1,2
0.6534083,1,1,1,1,1,1,1,1,2
0.6411136,1,1,1,1,1,1,1,1,2
0.6289791,1,1,1,1,1,1,1,1,2
0.6170139,1,1,1,1,1,1,1,1,2
0.6052269,1,1,1,1,1,1,1,1,2
0.5936252,1,1,1,1,1,1,1,1,2
0.5822152,1,1,1,1,1,1,1,1,2
0.5710028,1,1,1,1,1,1,1,1,2
0.5923168,1,1,1,1,1,1,1,1,2
0.6160452,1,1,1,1,1,1,1,1,2
0.6399421,1,1,1,1,1,1,1,1,2
0.6639522,1,1,1,1,1,1,1,1,2
0.6880058,1,1,1,1,1,1,1,1,2
0.7120323,1,1,1,1,1,1,1,1,2
0.7359681,1,1,1,1,1,1,1,1,2
0.7597496,1,1,1,1,1,1,1,1,2
1,1,1,1,1,1,1,1,1,1
1,1,1,1,1,1,1,1,1,1
1,1,1,1,1,1,1,1,1,1
1,1,1,1,1,1,1,1,1,1
1,1,1,1,1,1,1,1,1,1
1,1,1,1,1,1,1,1,1,1
1,1,1,1,1,1,1,1,1,1
1,1,1,1,1,1,1,1,1,1
1,1,1,1,1,1,1,1,1,1
1,1,1,1,1,1,1,1,1,1
1,1,1,1,1,1,1,1,1,1
1,1,1,1,1,1,1,0.8066141,1,0
1,1,1,1,1,1,1,0.7981963,1,0
1,1,1,1,1,1,1,0.7898698,1,0
1,1,1,1,1,1,1,0.7816415,1,0
1,1,1,1,1,1,1,0.7735208,1,0
1,1,1,1,1,1,1,0.7655205,1,0
1,1,1,1,1,1,1,0.7576469,1,0
1,1,1,1,1,1,1,0.7499123,1,0
1,1,1,1,1,1,1,0.7423228,1,0
1,1,1,1,1,1,1,1,1,1
1,1,1,1,1,1,1,1,1,1
1,1,1,1,1,1,1,1,1,1
1,1,1,1,1,1,1,1,1,1
1,1,1,1,1,1,1,1,1,1
1,1,1,1,1,1,1,1,1,1
1,1,1,1,1,1,1,1,1,1
1,1,1,1,1,1,1,1,1,1
1,1,1,1,1,1,1,1,1,1
1,1,1,1,1,1,1,1,1,1
1,0.9718089,1,1,0.9855335,1,1,1,1,1
1,0.8701761,0.8159468,0.7511039,0.8613224,0.8747492,1,1,1,2
1,0.876437,0.8018519,0.7399009,0.8513586,0.8658968,1,1,1,2
1,0.8827941,0.7879936,0.7288053,0.8414499,0.8570424,1,1,1,2
1,0.8892125,0.7743688,0.7178131,0.8315899,0.8481766,1,1,1,2
1,0.8956656,0.7609727,0.70692,0.8217723,0.8392906,1,1,1,2
1,0.9021241,0.7477986,0.6961204,0.8119904,0.8303756,1,1,1,2
1,0.9085594,0.7348385,0.6854087,0.8022376,0.8214237,1,1,1,2
1,0.9149445,0.7220834,0.6747786,0.7925072,0.8124272,1,1,1,2
1,0.9212542,0.7095245,0.6642245,0.7827936,0.8033803,1,1,1,2
1,0.9274607,0.6971514,0.6537402,0.7730908,0.7942771,1,1,1,2
1,0.9335468,0.6849537,0.6433195,0.7633935,0.7851127,1,1,1,2
1,0.9394892,0.672921,0.6329566,0.7536968,0.7758835,1,1,1,2
1,0.9452707,0.6610432,0.6462175,0.743997,0.7665867,1,1,1,2
0.9793848,0.9507906,0.6493313,0.6895,0.7342841,0.7572018,1,1,1,2
0.9376853,0.9567325,0.6376092,0.7240725,0.7246025,0.7478737,1,1,1,2
0.8944093,0.9962093,0.6256994,0.7137424,0.7150136,0.7387766,1,1,1,2
0.8518723,1,0.613805,0.7034386,0.7054671,0.7297446,1,1,1,2
0.8081101,1,0.6017346,0.6931233,0.6960438,1,1,1,1,2
0.7573157,1,0.588883,0.6827025,0.6870468,1,1,1,1,2
0.7373382,0.7421983,0.5759588,0.6723741,0.6782897,1,1,1,1,2
0.7457975,0.7154835,0.5621191,0.6621207,0.6704075,1,1,1,1,2
0.7548581,0.6902605,0.5487716,0.6521983,0.6627641,1,1,1,1,2
0.7643353,0.6666498,0.5359421,0.6425761,0.6552785,1,1,1,1,2
0.7741485,0.6445269,0.5235894,0.6332117,0.6479027,1,1,1,1,2
0.7842235,0.6237639,0.5116689,0.6240619,0.6405892,1,1,1,1,2
0.7944803,0.6042363,0.5001364,0.615085,0.6332943,1,1,1,1,2
0.8048416,0.5858234,0.491375,0.606241,0.6259774,1,1,1,1,2
0.8152263,0.5684181,0.5566245,0.5974923,0.6185995,1,1,1,1,2
0.8253239,0.5520797,0.5901846,0.588771,1,1,1,1,1,2
0.8378242,0.5349893,0.5792918,0.5804563,1,1,1,1,1,2
0.8504722,0.5187582,0.568714,0.5722307,1,1,1,1,1,2
0.8631983,0.5033019,0.5584124,0.5640639,1,1,1,1,1,2
0.9036617,0.4885424,0.548351,0.5559285,1,1,1,1,1,2
0.9159607,0.47465,0.5385268,0.5476946,1,1,1,1,1,2
0.6786062,0.4612675,0.5288616,0.5394434,1,1,1,1,1,2
0.6472499,0.446439,0.5191836,0.5321904,1,1,1,1,1,2
0.6176742,0.4321202,0.5097723,0.5251402,1,1,1,1,1,2
0.5898472,0.4183172,0.500621,0.5182697,1,1,1,1,1,2
0.5637059,0.4050248,0.4917173,1,1,1,1,1,1,2
0.5373555,0.3917358,0.4831147,1,1,1,1,1,1,2
0.5125659,0.3789537,0.4748078,1,1,1,1,1,1,2
0.4892141,0.4001705,0.4667908,1,1,1,1,1,1,2
0.4671895,0.4398247,0.4590575,1,1,1,1,1,1,2
0.4463935,0.4711552,0.451603,1,1,1,1,1,1,2
0.4271582,0.4594953,0.4443444,1,1,1,1,1,1,2
0.4091011,0.4483372,0.4372864,1,1,1,1,1,1,2
0.3921256,0.4376467,0.4304043,1,1,1,1,1,1,2
0.3761396,0.4273896,0.4236738,1,1,1,1,1,1,2
0.3610546,0.4175309,1,1,1,1,1,1,1,2
0.3456715,0.4076911,1,1,1,1,1,1,1,2
0.3312957,0.3982467,1,1,1,1,1,1,1,2
0.3530409,0.3892016,1,1,1,1,1,1,1,2
0.3757396,0.3805857,1,1,1,1,1,1,1,2
0.3993248,0.3723399,1,1,1,1,1,1,1,2
0.4227838,0.3644127,1,1,1,1,1,1,1,2
0.4108071,0.3567589,1,1,1,1,1,1,1,2
0.3993534,0.3493252,1,1,1,1,1,1,1,2
0.3883883,0.3420972,1,1,1,1,1,1,1,2
0.3778787,0.3350608,1,1,1,1,1,1,1,2
0.3677925,0.3282018,1,1,1,1,1,1,1,2
0.3581005,0.3215076,1,1,1,1,1,1,1,2
0.348774,0.6769352,1,1,1,1,1,1,1,2
0.3398041,1,1,1,1,1,1,1,1,2
0.3311122,1,1,1,1,1,1,1,1,2
0.3226714,1,1,1,1,1,1,1,1,2
0.3144721,1,1,1,1,1,1,1,1,2
0.3065059,1,1,1,1,1,1,1,1,2
0.2987636,1,1,1,1,1,1,1,1,2
0.2912363,1,1,1,1,1,1,1,1,2
0.2839153,1,1,1,1,1,1,1,1,2
0.2767925,1,1,1,1,1,1,1,1,2
0.2698599,1,1,1,1,1,1,1,1,2
0.29381,1,1,1,1,1,1,1,1,2
0.3294229,1,1,1,1,1,1,1,1,2
0.3664967,1,1,1,1,1,1,1,1,2
0.404918,1,1,1,1,1,1,1,1,2
0.4445525,1,1,1,1,1,1,1,1,2
0.485236,1,1,1,1,1,1,1,1,2
0.5267964,1,1,1,1,1,1,1,1,2
0.5690579,1,1,1,1,1,1,1,1,2
0.6118099,1,0.9807954,1,1,1,1,1,1,1
1,1,0.9602696,1,1,1,1,1,1,1
1,1,0.9464511,1,1,1,1,1,1,1
1,1,0.9330484,1,1,1,1,1,1,1
1,1,0.920031,1,1,1,1,1,1,1
1,1,0.9073802,1,1,1,1,0.9914578,1,1
1,1,0.8955101,1,1,1,1,0.9814383,1,1
1,1,0.8844526,1,1,1,1,0.9712323,1,1
1,1,0.8741833,1,1,1,1,0.9608649,1,0
1,1,0.8646706,1,1,1,1,0.9503558,1,0
1,1,0.8558992,1,1,1,1,0.9397321,1,0
1,1,0.8478529,1,1,1,1,0.9290172,1,0
1,1,0.8405187,1,1,1,1,0.9182351,1,0
1,1,0.8338882,0.8733118,1,1,1,0.9074098,1,0
1,1,0.833218,0.8547367,1,1,1,0.8955274,1,0
1,1,0.8340946,0.8357286,1,1,1,0.8836652,1,0
1,1,0.8366067,0.8164076,1,1,1,0.8718788,1,0
1,1,0.8408424,0.796891,1,1,1,0.860217,1,0
1,1,0.8469175,0.7772903,1,1,1,0.8487325,1,0
1,1,0.8549577,0.7577094,1,1,1,0.8374728,1,0
1,1,1,0.7382427,1,1,1,0.8264812,1,0
1,1,1,0.7205865,1,1,1,0.8161782,1,0
1,1,1,0.7028813,1,1,1,0.8959034,1,0
1,1,1,0.6873069,1,1,1,1,1,0
1,1,1,0.6742283,1,1,1,1,1,0
1,1,1,0.6611519,1,1,1,1,1,0
1,1,1,0.6480913,1,1,1,1,1,0
1,1,1,0.6350594,1,1,1,1,1,0
1,1,1,0.6220677,0.727856,1,1,1,0.8817406,0
1,1,1,0.6039844,0.7021028,1,1,1,0.8622926,0
1,1,1,0.5865174,0.6775239,1,1,1,0.8438633,0
1,1,1,0.5696257,0.6540269,1,1,1,0.8264041,0
1,1,1,0.5689857,0.6315284,1,1,1,0.8098634,0
1,1,1,0.5760562,0.6099527,1,1,1,0.7942006,0
1,1,1,0.5842234,0.5892323,1,1,1,0.7793723,0
1,1,1,0.59362,0.5693046,1,1,1,0.7653411,0
1,1,1,0.6044033,0.5501131,0.6451015,1,1,0.7520736,0
1,1,1,0.6167663,0.5316063,0.6192952,1,1,0.7395418,0
0.9862896,1,1,0.6309184,0.5137372,0.5946814,1,1,0.8039716,0
0.9709905,1,1,0.6471346,0.4964625,0.5711653,1,1,0.8797047,0
0.9565573,1,1,1,0.4797422,0.5486611,1,1,0.9662516,0
0.9429225,1,1,1,0.4800741,0.5270922,1,1,1,0
0.9300215,1,1,1,0.4873462,0.5063895,1,1,1,0
0.9191462,1,1,1,0.495766,0.4864894,1,1,1,0
0.9267668,1,1,1,0.505472,0.4673343,1,1,1,0
0.9350137,1,1,1,0.5166353,0.4488718,1,1,1,0
0.9436641,1,1,1,0.5291735,0.431131,0.550683,1,1,0
0.953316,1,1,1,0.5438733,0.4139088,0.5233284,1,1,0
0.9637731,1,1,1,0.5607649,0.4015294,0.4973641,1,1,0
0.975111,1,1,1,1,0.4080408,0.4726728,1,1,0
0.9874154,1,1,1,1,0.4155804,0.4491491,1,1,0
1,1,1,1,1,0.4242717,0.4267002,1,1,0
1,1,1,1,1,0.4342529,0.4052411,1,1,0
1,1,1,1,1,0.4456877,0.384696,1,1,0
1,1,1,1,1,0.458778,0.3649963,1,1,0
1,1,1,1,1,0.4737584,0.3460802,1,1,0
1,1,1,1,1,0.49092,0.3278906,1,1,0
1,1,1,1,1,1,0.3182548,1,1,0
1,1,1,1,1,1,0.3224602,1,1,0
1,1,1,1,1,1,0.3270217,1,1,0
1,1,1,1,1,1,0.331939,0.4259171,1,0
1,1,1,1,1,1,0.340018,0.3928692,1,0
1,1,1,1,1,1,0.3491838,0.3620824,1,0
1,1,1,1,1,1,0.3595631,0.3333184,1,0
1,1,1,1,1,1,0.3712911,0.3063727,1,0
1,0.9867799,1,1,1,1,0.3845336,0.2810656,1,0
1,0.9684287,1,1,1,1,0.3994926,0.2572413,1,0
1,0.9508959,1,1,1,1,1,0.2347629,1,0
1,0.934126,1,1,1,1,1,0.2380365,1,0
1,0.9180616,1,1,1,1,1,0.2427868,1,0
1,0.9026573,1,1,1,1,1,0.2481086,0.387216,0
1,0.8878648,1,1,1,1,1,0.2540448,0.3329605,0
1,0.8736464,1,1,1,1,1,0.2606345,0.2851113,0
1,0.8599612,1,1,1,1,1,0.2679303,0.2425913,0
1,0.8467779,1,1,1,1,1,0.2759825,0.2045521,0
1,0.8340644,1,1,1,1,1,0.2848518,0.2050503,0
1,0.8217947,1,1,1,1,1,0.2946024,0.2089245,0
1,0.8099375,1,1,1,1,1,0.3053161,0.213199,0
1,0.7984708,1,1,1,1,1,1,0.2178874,0
1,0.7873707,1,1,1,1,1,1,0.2230083,0
1,0.7767491,1,1,1,1,1,1,0.2285295,0
0.7492954,0.7667967,1,1,1,1,1,1,0.2343592,0
0.8964807,0.7609772,1,1,1,1,1,1,0.2388116,0
0.8239032,0.7533076,1,1,1,1,1,1,0.2443342,0
0.8527886,0.746924,1,1,1,1,1,1,0.2494975,0
0.8626156,0.7403905,1,1,1,1,1,1,0.2549646,0
0.8722509,0.733959,1,1,1,1,1,1,0.2606092,0
0.8819367,0.7276237,1,1,1,1,1,1,0.2664269,0
0.891703,0.7213767,1,1,1,1,1,1,1,2
1,0.7220343,1,1,1,1,1,1,1,2
1,0.7216679,1,1,1,1,1,1,1,2
1,0.7214836,1,1,1,1,1,1,1,2
1,0.7214835,1,1,1,1,1,1,1,2
1,0.7216661,1,1,1,1,1,1,1,2
1,0.7220299,1,1,1,1,1,1,1,2
1,0.7225699,1,1,1,1,1,1,1,2
1,0.7232878,1,1,1,1,1,1,1,2
1,0.7241784,1,1,1,1,1,1,1,2
1,0.7252396,1,1,1,1,1,1,1,2
1,0.7264697,1,1,1,1,1,1,1,2
1,0.7278628,1,1,1,1,1,1,1,2
1,0.7294204,1,1,1,1,1,1,1,2
1,0.7311364,1,1,1,1,1,1,1,2
0.7689803,0.7330089,1,1,1,1,1,1,1,2
0.6406828,0.7392621,1,1,1,1,1,1,1,2
0.6406079,0.7468871,1,1,1,1,1,1,1,2
0.6410238,1,1,1,1,1,1,1,1,2
0.6412758,1,1,1,1,1,1,1,1,2
0.6418158,1,1,1,1,1,1,1,1,2
0.6426425,1,1,1,1,1,1,1,1,2
0.6437551,1,1,1,1,1,1,1,1,2
0.645152,1,1,1,1,1,1,1,1,2
0.6468318,1,1,1,1,1,1,1,1,2
0.6487893,1,1,1,1,1,1,1,1,2
0.6510227,1,1,1,1,1,1,1,1,2
0.6535263,1,1,1,1,1,1,1,1,2
0.6562977,1,1,1,1,1,1,1,1,2
0.6593341,1,1,1,1,1,1,1,1,2
0.6626261,1,1,1,1,1,1,1,1,2
0.6661707,1,1,1,1,1,1,1,1,2
0.669964,1,1,1,1,1,1,1,1,2
0.6739959,1,1,1,1,1,1,1,1,2
0.6782626,1,1,1,1,1,1,1,1,2
1,1,1,1,1,1,1,1,1,1
1,1,1,1,1,1,1,1,1,1
1,1,1,1,1,1,1,1,1,1
1,1,1,1,1,1,1,1,1,1
1,1,1,1,1,1,1,1,1,1
1,1,1,1,1,1,1,1,1,1
1,1,1,1,1,1,1,1,1,1
1,1,1,1,1,1,1,1,1,1
1,1,1,1,1,1,1,1,1,1
1,1,1,1,1,1,1,1,1,1
1,1,1,1,1,1,1,1,1,1
1,1,1,1,1,1,1,1,1,1
1,1,1,1,1,1,1,1,1,1
1,1,1,1,1,1,1,1,1,1
1,1,1,1,1,1,1,1,1,1
1,1,1,1,1,1,1,1,1,1
1,1,1,0.9991049,1,1,1,1,1,1
1,1,1,0.9891475,1,1,1,1,1,1
1,1,1,0.9791884,1,1,1,1,1,1
1,1,1,0.9692278,1,1,1,1,1,1
1,1,1,0.9592656,1,1,1,1,1,1
1,1,1,0.9493025,1,1,1,1,1,1
1,1,1,0.9393379,1,1,1,1,1,1
1,1,1,0.9293724,1,1,1,1,1,1
1,1,1,0.9194056,1,1,1,1,1,1
1,1,1,0.9094381,1,1,1,1,1,1
1,1,1,0.8994696,1,1,1,1,1,1
1,1,1,0.8895003,1,1,1,1,0.9866395,1
1,1,1,0.8795596,1,1,1,1,0.9178926,1
1,1,1,0.8697708,1,1,1,1,0.8888222,0
1,1,1,0.8600501,1,1,1,1,0.8883435,0
1,1,1,0.8503329,1,1,1,1,0.8879186,1
1,1,1,0.840618,1,1,1,1,0.8875431,1
1,1,1,0.8309046,0.8317421,1,1,1,0.8872191,0
1,1,1,0.8212374,0.8213843,1,1,1,0.88705,0
1,1,1,0.811572,0.8110534,1,1,1,0.8869376,0
1,1,1,0.8019069,0.8007489,1,1,1,0.8868794,0
1,1,1,0.7922406,0.7904702,1,1,1,0.8868734,0
1,1,1,0.7825715,0.7802163,1,1,1,0.8869171,0
1,1,1,0.7728977,0.7699858,1,1,1,0.8870053,0
1,1,1,0.7632178,0.7597779,1,1,1,0.8871354,1
1,1,1,0.7535301,0.7495914,1,1,1,0.8873021,1
1,1,1,0.7438332,0.7394248,1,1,1,0.8875028,1
1,1,1,0.7341256,0.729277,1,1,1,1,1
1,1,1,0.7239843,0.7193072,1,1,1,1,1
1,1,1,0.7138448,0.709338,1,1,1,1,1
1,1,1,0.7037075,0.6993693,1,1,1,1,1
1,1,1,0.6935723,0.6894009,1,1,1,1,1
1,1,1,0.6834394,0.6794327,1,1,1,1,1
1,1,1,0.6733096,0.6694652,1,1,1,1,1
1,1,1,0.6631824,0.6594979,1,1,1,1,1
1,1,1,0.6530579,0.6495305,1,1,1,1,1
1,1,0.6873233,0.6429364,0.639563,1,1,1,1,2
1,1,0.6750492,0.6324703,0.6297839,1,1,1,1,2
1,1,0.662864,0.6220437,0.6200205,1,1,1,1,2
1,1,0.6507695,0.6116573,0.6102718,1,1,1,1,2
1,1,0.6387665,0.6013098,0.6005356,1,1,1,1,2
1,1,0.6268554,0.5910007,0.5908104,1,1,1,1,2
1,1,0.615036,0.5807289,0.5810943,1,1,1,1,2
1,1,0.6033072,0.5704931,0.5713853,1,1,1,1,2
1,1,0.5916675,0.5602915,0.5616814,1,1,1,1,2
1,1,0.5801154,0.5501229,1,1,1,1,1,2
1,1,0.5682705,0.5399207,1,1,1,1,1,2
1,1,0.5565284,0.5297633,1,1,1,1,1,2
1,1,0.5448881,0.5196495,1,1,1,1,1,2
1,1,0.5333477,0.5095772,1,1,1,1,1,2
1,1,0.521905,0.4995443,1,1,1,1,1,2
1,1,0.5105574,0.4895486,1,1,1,1,1,2
1,1,0.4993025,0.4795882,1,1,1,1,1,2
1,1,0.4881376,0.4696611,1,1,1,1,1,2
1,1,0.4770595,0.4597648,1,1,1,1,1,2
1,1,0.4660653,0.4498975,1,1,1,1,1,2
1,1,0.4551519,0.4400571,1,1,1,1,1,2
1,1,0.4443157,0.4302412,1,1,1,1,1,2
1,1,0.4335535,0.4204478,1,1,1,1,1,2
1,1,0.4228624,0.4106754,1,1,1,1,1,2
1,1,0.4122387,0.4009216,1,1,1,1,1,2
1,1,0.4016792,0.3911847,1,1,1,1,1,2
1,1,0.3911808,0.3814631,1,1,1,1,1,2
1,0.4693525,0.3807401,0.3717549,1,1,1,1,1,2
1,0.4507906,0.3693147,0.3623449,1,1,1,1,1,2
1,0.4331494,0.3581883,1,1,1,1,1,1,2
1,0.4157608,0.3472165,1,1,1,1,1,1,2
1,0.3991212,0.3365064,1,1,1,1,1,1,2
1,0.3831813,0.32604,1,1,1,1,1,1,2
1,0.3678923,0.3157994,1,1,1,1,1,1,2
1,0.3532073,0.3057668,1,1,1,1,1,1,2
1,0.3390809,0.2959246,1,1,1,1,1,1,2
1,0.3254694,0.2862558,1,1,1,1,1,1,2
1,0.3123326,0.2767447,1,1,1,1,1,1,2
1,0.2996317,0.2673756,1,1,1,1,1,1,2
0.4107595,0.2873307,0.548915,1,1,1,1,1,1,2
0.3864152,0.2744984,1,1,1,1,1,1,1,2
0.3635549,0.2621317,1,1,1,1,1,1,1,2
0.3420542,0.2502064,0.9492284,1,1,1,1,1,1,2
0.3218033,0.2387009,0.9415272,1,1,1,1,1,1,2
0.3027038,0.2275946,0.9343215,1,1,1,1,1,1,2
0.2846678,0.2168687,0.9276074,1,1,1,1,1,1,2
0.2676157,0.2065051,0.9213818,1,1,1,1,1,1,2
0.2514772,0.1964878,0.9156432,1,1,1,1,1,1,2
0.2361877,0.2092338,0.9103907,1,1,1,1,1,1,2
0.2216891,0.2508006,0.9056242,1,1,1,1,1,1,2
0.2079291,0.3008203,0.9013456,1,1,1,1,1,1,2
0.1948597,0.361894,1,1,1,1,1,1,0.9892713,2
0.1824376,0.4378152,1,1,1,1,1,1,0.9622302,2
0.1706232,1,1,1,1,1,1,1,0.9376554,2
0.1690196,1,1,1,1,1,1,1,0.9220545,2
0.1859729,1,1,1,1,1,1,1,0.90929,2
0.2036361,1,1,1,1,1,1,1,0.8994635,2
0.2219908,1,1,1,1,1,1,1,0.8919898,2
0.241003,1,1,1,1,1,1,1,0.8864369,2
0.2606476,0.8171245,1,1,1,1,1,1,0.8824779,2
0.2812055,0.8095516,1,1,1,1,1,1,0.8790167,2
0.3023376,0.8022118,1,1,1,1,1,1,0.8768978,2
0.323996,0.7950706,1,1,1,1,1,1,0.8759288,2
0.3461435,0.7880992,1,1,1,1,1,1,0.8759552,2
0.3687419,0.7812728,1,1,1,1,1,1,0.876852,2
0.3917373,0.7745714,1,1,1,1,1,1,0.8785151,2
0.4150959,0.7679769,1,1,1,1,1,1,0.880859,2
1,0.7614747,1,1,1,1,1,1,0.8838106,1
1,0.7550015,1,1,1,1,1,1,0.9003448,1
1,0.7485086,1,1,1,1,1,1,0.9163215,1
1,0.7419962,1,1,1,1,1,1,0.931703,1
1,0.735465,1,1,1,1,1,1,1,1
1,0.7289075,1,1,1,1,1,1,1,1
1,0.7223514,1,1,1,1,1,1,1,1
1,0.7157966,1,1,1,1,1,1,1,1
1,0.7092432,1,1,1,1,1,1,1,1
1,0.7026915,1,1,1,1,1,1,1,1
1,0.6961414,1,1,1,1,1,1,1,1
1,0.6895928,1,1,1,1,1,1,1,1
1,0.6830457,1,1,1,1,1,1,1,1
1,1,1,1,1,1,1,1,1,1
1,1,1,1,1,1,1,1,1,1
1,1,1,1,1,1,1,1,1,1
1,1,1,1,1,1,1,1,1,1
1,1,1,1,1,1,1,1,1,1
1,1,1,1,1,1,1,1,1,1
1,1,1,1,1,1,1,1,0.9955264,1
1,1,1,1,1,1,1,1,0.9862863,1
1,1,1,1,1,1,1,1,0.9975389,1
1,1,1,1,1,1,1,1,1,1
0.6792267,1,1,1,1,1,1,1,1,2
0.6700978,1,1,1,1,1,1,1,1,2
0.6610643,1,1,1,1,1,1,1,1,2
0.6521297,1,1,1,1,1,1,1,1,2
0.6432973,1,1,1,1,1,1,1,1,2
0.63457,1,1,1,1,1,1,1,1,2
0.6259509,1,1,1,1,1,1,1,1,2
0.6174423,1,1,1,1,1,1,1,1,2
0.609046,1,1,1,1,1,1,1,1,2
0.6007639,1,1,1,1,1,1,1,1,2
0.5925971,1,1,1,1,1,1,1,1,2
0.5845468,1,1,1,1,1,1,1,1,2
0.5766137,1,1,1,1,1,1,1,1,2
0.5687985,1,1,1,1,1,1,1,1,2
0.5687838,1,1,1,1,1,1,1,1,2
0.6018262,1,1,1,1,1,1,1,1,2
0.6351207,1,1,1,1,1,1,1,1,2
0.6685427,1,1,1,1,1,1,1,1,2
0.701966,1,1,1,1,1,1,1,1,1
0.7352631,1,1,1,1,1,1,1,1,1
1,1,1,1,1,1,1,1,1,1
1,1,1,1,1,1,1,1,1,1
1,1,1,1,1,1,1,1,1,1
1,1,1,1,1,1,1,1,1,1
1,1,1,1,1,1,1,1,1,1
1,1,1,1,1,1,1,1,1,1
1,1,1,1,1,1,1,1,1,1
1,1,1,1,1,1,1,1,1,1
1,1,1,1,1,1,1,1,1,1
1,1,1,1,1,1,1,1,1,1
1,1,1,1,1,1,1,1,1,1
1,1,1,1,1,1,1,1,1,1
1,1,1,1,1,1,1,1,1,1
1,1,1,1,1,1,1,1,1,1
1,1,1,1,1,1,1,1,1,1
1,1,1,1,1,1,1,1,1,1
1,1,1,1,1,1,1,1,1,1
1,1,1,1,1,1,1,1,1,1
1,1,1,1,1,1,1,1,1,1
1,1,1,1,1,1,1,1,1,1
1,1,1,1,1,1,1,0.9958012,1,1
1,1,1,1,1,1,1,0.9871494,1,1
1,1,1,1,1,1,1,0.9924408,1,1
1,1,1,1,1,1,1,1,1,1
1,1,1,1,1,1,1,1,1,1
1,1,1,1,1,1,1,1,1,1
1,1,1,1,1,1,1,1,1,1
1,1,1,1,1,1,1,1,1,1
1,1,1,1,1,1,1,1,1,1
1,1,1,1,1,1,1,1,1,1
1,1,1,1,1,1,1,1,1,1
1,1,1,1,1,1,1,1,1,1
1,1,1,1,1,1,1,1,1,1
1,1,1,1,1,1,1,1,1,1
1,1,1,1,1,1,1,1,1,1
1,1,1,1,1,1,1,1,1,1
1,1,1,1,1,1,1,1,1,1
1,1,1,1,1,1,1,1,1,1
1,1,1,1,1,1,1,1,1,1
1,1,1,1,1,1,1,1,1,1
1,1,1,1,1,1,1,1,1,1
1,1,1,1,1,1,1,1,1,1
1,1,1,1,1,1,1,1,1,1
1,1,1,1,1,1,1,1,1,1
1,1,1,1,1,1,1,1,1,1
1,1,1,1,1,1,1,1,0.9922951,1
1,1,1,1,1,1,1,1,0.9811608,1
1,1,1,1,1,1,1,1,0.9697397,1
1,1,1,1,1,1,1,1,0.9580399,1
1,1,1,1,1,1,1,1,0.946066,1
1,1,1,1,1,1,1,1,0.9338277,1
1,1,1,1,1,1,1,1,0.9213364,1
1,1,1,1,1,1,1,1,0.908604,1
1,1,1,1,1,1,1,1,0.8956401,1
1,1,1,1,1,1,1,1,0.8824632,1
1,1,1,1,1,1,1,1,0.8690847,0
1,1,1,1,1,1,1,1,0.8555222,0
1,1,1,1,1,1,1,1,0.8417925,0
1,1,1,1,1,1,1,1,0.8279147,0
1,1,1,1,1,1,1,1,0.8139085,0
1,1,1,1,1,1,1,1,0.79979,0
1,1,1,1,1,1,1,1,0.8024286,0
1,1,1,1,1,1,1,1,0.8192669,0
1,1,1,1,1,1,1,1,0.8359267,0
1,1,1,1,1,1,1,1,0.8523528,0
1,1,1,1,1,1,1,1,0.8684927,0
1,1,1,1,1,1,1,1,0.8842959,1
1,1,1,1,1,1,1,1,0.8997183,1
1,1,1,1,1,1,1,1,0.9147184,1
1,1,1,1,1,1,1,1,0.9292608,1
1,1,1,1,1,1,1,1,0.9433149,1
1,1,1,1,1,1,1,1,0.9568564,1
1,1,1,1,1,1,1,1,0.9698662,1
1,1,1,1,1,1,1,1,0.9823308,1
1,1,1,1,1,1,1,1,0.9942427,1
1,1,1,1,1,1,1,1,1,1
1,1,1,1,1,1,1,1,1,1
1,1,1,1,1,1,1,1,1,1
1,1,1,1,1,1,1,1,1,1
1,1,1,1,1,1,1,1,1,1
1,1,1,1,1,1,1,1,1,1
1,1,1,1,1,1,1,1,1,1
1,1,1,1,1,1,1,1,1,1
1,1,1,1,1,1,1,1,1,1
1,1,1,1,1,1,1,1,1,1
1,1,1,1,1,1,1,1,1,1
1,1,1,1,1,1,1,1,1,1
1,1,1,1,1,1,1,1,1,1
1,1,1,1,1,1,1,1,1,1
1,1,1,1,1,1,1,1,1,1
1,1,1,1,1,1,1,1,1,1
1,1,1,1,1,1,1,1,1,1
1,1,1,1,1,1,1,1,1,1
1,1,1,1,1,1,1,1,1,1
1,1,1,1,1,1,1,1,1,1
1,1,1,1,1,1,1,1,1,1
1,1,1,1,1,1,1,1,1,1
1,1,1,1,1,1,1,1,1,1
1,1,1,1,1,1,1,1,1,1
1,1,1,1,1,1,1,1,1,1
1,1,1,1,1,1,1,1,1,1
1,1,1,1,1,1,1,1,1,1
1,1,1,1,1,1,1,1,1,1
1,1,1,1,1,1,1,1,1,1
1,1,1,1,1,1,1,1,1,1
1,1,1,1,1,1,1,1,1,1
1,1,1,1,1,1,1,1,1,1
1,1,1,1,1,1,1,1,1,1
1,1,1,1,1,1,1,1,1,1
1,1,1,1,1,1,1,1,1,1
1,1,1,1,1,1,1,1,1,1
1,1,1,1,1,1,1,0.9929541,1,1
1,1,1,1,1,1,1,0.9850904,1,1
1,1,1,1,1,1,1,0.9771734,1,1
1,1,1,1,1,1,1,0.9692082,1,1
1,1,1,1,1,1,1,0.9611998,1,1
1,1,1,1,1,1,1,0.9531502,1,1
1,1,1,1,1,1,1,0.9873759,1,1
1,1,1,1,1,1,1,1,1,1
1,1,1,1,1,1,1,1,1,1
1,1,1,1,1,1,1,1,1,1
1,1,1,1,1,1,1,1,1,1
1,1,1,1,1,1,1,1,1,1
1,1,1,1,1,1,1,1,1,1
1,1,1,1,1,1,1,1,1,1
1,1,1,1,1,1,1,1,1,1
1,1,1,1,1,1,1,1,1,1
1,1,1,1,1,1,1,1,1,1
1,1,1,1,1,1,1,1,1,1
1,1,1,1,1,1,1,1,1,1
1,1,1,1,1,1,1,1,1,1
1,1,1,1,1,1,1,1,1,1
1,1,1,1,1,1,1,1,0.9947799,1
1,1,1,1,1,1,1,1,0.9853462,1
1,1,1,1,1,1,1,1,1,1
1,1,1,1,1,1,1,1,1,1
1,1,1,1,1,1,1,1,1,1
1,1,1,1,1,1,1,1,1,1
1,1,1,1,1,1,1,1,1,1
1,1,1,1,1,1,1,1,1,1
1,1,1,1,1,1,1,1,1,1
1,1,1,1,1,1,1,1,1,1
1,1,1,1,1,1,1,1,1,1
1,1,1,1,1,1,1,1,1,1
1,1,1,1,1,1,1,1,1,1
1,1,1,1,1,1,1,1,1,1
1,1,1,1,1,1,1,1,1,1
1,1,1,1,1,1,1,1,1,1
1,1,1,1,1,1,1,1,1,1
1,1,1,1,1,1,1,1,1,1
1,1,1,1,1,1,1,1,1,1
1,1,1,1,1,1,1,1,1,1
1,1,1,1,1,1,1,1,1,1
1,1,1,1,1,1,1,1,1,1
1,1,1,1,1,1,1,1,1,1
1,1,1,1,1,1,1,1,1,1
1,1,1,1,1,1,1,1,1,1
1,1,1,1,1,1,1,1,1,1
1,1,1,1,1,1,1,1,1,1
1,1,1,1,1,1,1,1,1,1
1,1,1,1,1,1,1,1,1,1
1,1,1,1,1,1,1,1,1,1
1,1,1,1,1,1,1,1,1,1
1,1,1,1,1,1,1,1,1,1
1,1,1,1,1,1,1,1,1,1
1,1,1,1,1,1,1,1,1,1
1,1,1,1,1,1,1,1,1,1
1,1,1,1,1,1,1,1,1,1
1,1,1,1,1,1,1,1,1,1
1,1,1,1,1,1,1,1,1,1
1,1,1,1,1,1,0.9916329,1,1,1
1,1,1,1,1,1,0.9825303,1,1,1
1,1,1,1,1,1,0.9831897,1,1,1
1,1,1,1,1,1,0.9838322,1,1,1
1,1,1,1,1,1,0.9844584,1,1,1
1,1,1,1,1,1,0.9850689,1,1,1
1,1,1,1,1,1,0.985664,1,1,1
1,1,1,1,1,1,0.9862448,1,1,1
1,1,1,1,1,1,0.9868113,1,1,1
1,1,1,1,1,1,0.9873642,1,1,1
1,1,1,1,1,1,0.9878966,1,1,1
1,1,1,1,1,1,0.9884169,1,1,1
1,1,1,1,1,1,0.9889249,1,1,1
1,1,1,1,1,1,0.989414,1,1,1
1,1,1,1,1,1,0.9898924,1,1,1
1,1,1,1,1,1,0.9903531,1,1,1
1,1,0.9992409,1,1,1,0.9908039,1,1,1
1,1,0.9882571,1,1,1,0.9912161,1,1,1
1,1,0.9771783,1,1,1,0.9911845,1,1,1
1,1,0.9660103,1,1,1,0.9907303,1,1,1
1,1,0.9547594,1,1,1,0.9898533,1,1,1
1,1,0.9434317,1,1,1,0.9885701,1,1,1
1,1,0.9320337,1,1,1,0.9868913,1,1,1
1,1,0.9205711,1,1,1,0.9848357,1,1,1
1,1,0.9090506,1,1,1,0.982416,1,1,1
1,1,0.8974782,1,1,1,0.9796525,1,1,1
1,1,0.88586,1,1,1,0.9765593,1,1,1
1,1,0.8742017,1,1,1,0.973158,1,1,1
1,1,0.8625093,1,1,1,0.9694697,1,1,1
1,1,0.8507886,1,1,1,0.9655095,1,1,1
1,1,0.8390449,1,1,1,0.9612917,1,1,1
1,1,0.8272835,1,1,1,0.956838,1,1,1
1,1,0.815509,1,1,1,0.9521698,0.9164284,1,1
1,1,0.8047031,1,1,1,0.9526759,0.9001258,1,1
1,1,0.7940112,1,1,1,1,0.8834832,1,1
1,1,0.7831307,1,1,1,1,0.8674177,1,1
1,1,0.7723633,1,1,1,1,0.8510167,1,1
1,1,0.7617071,1,1,1,1,0.8342922,1,1
1,1,0.7511607,1,1,1,1,0.8172606,1,1
1,1,0.7407222,1,1,1,1,0.7999405,1,1
1,1,0.7303888,1,1,1,1,0.782353,1,1
1,1,0.720158,1,1,1,1,0.7645231,1,1
1,1,0.710027,1,1,1,1,0.746477,1,1
1,1,0.6999923,1,1,1,1,0.7282431,1,1
1,1,0.6900502,1,1,1,1,0.7098516,1,1
1,1,0.680197,1,1,1,1,0.6913342,1,1
1,1,0.670428,1,1,1,1,0.6727229,1,0
1,1,0.6607383,1,1,1,1,0.6540501,1,0
1,1,0.6511233,1,1,1,1,0.6353488,1,0
1,1,0.6415771,1,1,1,1,0.6166508,1,0
1,1,0.632094,1,1,1,1,0.5979869,1,0
1,1,0.6226676,1,1,1,1,0.5793871,1,0
1,1,0.6132913,0.9910632,1,1,1,0.5641094,1,0
1,1,0.6039003,0.9821355,1,1,1,0.5678592,1,0
1,1,0.594303,0.973098,1,1,1,0.5714551,1,0
1,1,0.5845016,0.963946,1,1,1,0.5748764,1,0
1,1,0.5745006,0.9546762,1,1,1,0.5781158,1,1
1,1,0.5643051,0.9452866,1,1,1,0.5811554,1,1
1,1,0.5539221,0.9357769,1,1,1,0.5839868,1,1
1,1,0.5433594,0.9261478,1,1,1,0.5865993,1,1
1,1,0.5326262,0.9164017,1,1,1,0.5889839,1,1
1,1,0.521732,0.9065415,1,1,1,0.5911374,1,1
1,1,0.5106872,0.8965708,1,1,1,0.5930583,1,1
1,1,0.499503,0.8864948,1,1,1,0.5947424,1,1
1,1,0.4881907,0.8763186,1,1,1,0.5961911,1,1
1,1,0.476762,0.8660485,1,1,1,0.5974034,0.7415808,0
1,1,0.4679752,0.8580254,1,1,1,0.6046426,0.6926491,0
1,1,0.4594294,0.850305,1,1,1,0.6129005,0.6446249,0
1,1,0.4510943,0.8428807,1,1,1,0.6221893,0.5980162,0
1,1,0.4429342,0.8357393,0.9604095,1,1,0.6325194,0.5532144,0
1,1,0.4348511,0.6974541,0.8607503,1,1,0.6437241,0.5107427,0
1,1,0.426202,0.6694415,0.7873365,1,1,1,0.4729134,1
1,1,0.4146498,0.6624376,0.7774755,1,1,1,0.4738264,1
1,1,0.4029416,0.6564659,0.7675514,1,1,1,0.4756162,1
1,1,0.3910887,0.6514997,0.7575658,1,1,1,0.4773019,1
1,1,0.3791122,0.6474572,0.7475243,1,1,1,0.4788839,1
1,0.5874838,0.372022,0.6442688,0.7374334,1,1,1,0.4803631,2
1,0.5540795,0.3786322,0.755099,0.8077202,1,1,1,0.4785766,2
1,0.5239201,0.3847793,0.7414312,0.8899771,1,1,1,0.4771412,2
1,0.4952453,0.3914173,0.7280483,0.9931154,1,1,1,0.4757065,2
1,0.4679838,0.3985149,0.7149506,1,1,1,1,0.474283,2
1,0.441744,0.4063982,0.7020415,1,1,1,1,0.4727902,2
1,0.4165101,0.4150906,0.6893297,1,1,1,1,0.4712415,2
1,0.3922722,0.4245935,0.6768253,1,1,1,1,0.4696517,2
1,0.3690037,0.4349013,0.6645324,1,1,1,1,0.4680356,2
1,0.3466679,0.4460139,0.6524511,1,1,1,1,0.4664008,2
1,0.3252189,0.45793,0.6405772,1,1,1,1,0.464752,2
1,0.3046069,0.470633,0.628904,1,1,1,1,0.4630974,2
1,0.2847783,0.4841184,0.6406093,1,1,1,1,0.4614367,2
1,0.2657378,0.4981786,0.6938238,1,1,1,1,0.4597944,2
1,0.2689417,0.5124922,0.7531714,1,1,1,1,0.4581904,2
0.5139958,0.2720293,0.6264428,0.8150436,1,1,1,1,0.4566936,2
0.4514648,0.2783729,0.6105312,0.9794807,1,1,1,1,0.4540236,2
0.3963977,0.2853954,0.5951583,1,1,1,1,1,0.4513632,2
0.3475309,0.2931512,0.5802982,1,1,1,1,1,0.4487066,2
0.3038704,0.3016925,0.5659273,1,1,1,1,1,0.446054,2
0.2646239,0.3110821,0.5520228,1,1,1,1,1,0.4434025,2
0.2291514,0.3213864,0.5385636,1,1,1,1,1,0.440752,2
0.2327991,0.3326902,0.5255302,1,1,1,1,1,0.4380966,2
0.2376444,0.3450792,0.5231973,1,1,1,1,1,0.435436,2
0.2429334,0.358656,0.5882998,1,1,1,1,1,0.4327671,2
0.248687,0.3735377,0.6696944,1,1,1,1,1,0.4300865,2
0.2549244,0.3898525,0.773772,1,1,1,1,1,0.4273938,2
0.2612737,0.4062885,0.8960474,1,1,1,1,1,0.4246734,2
0.2676513,0.5340074,1,1,1,1,1,1,0.4218923,2
0.273571,0.5189438,1,1,1,1,1,1,0.4189886,2
0.2796851,0.5043314,1,1,1,1,1,1,0.4160187,2
0.2859809,0.4901437,1,1,1,1,1,1,0.4129815,2
0.2924527,0.4763549,1,1,1,1,1,1,0.4098697,2
0.2990829,0.4629396,1,1,1,1,1,1,0.4066855,2
0.3058644,0.449873,1,1,1,1,1,1,0.4034223,2
0.3127787,0.4371321,1,1,1,1,1,1,0.4000825,2
0.319818,0.4246941,1,1,1,1,1,1,0.3966604,2
0.3269628,0.4125378,1,1,1,1,1,1,0.3931596,2
0.3342047,0.4006424,1,1,1,1,1,1,0.3895748,2
0.3415276,0.3889886,1,1,1,1,1,1,0.3859077,2
0.348915,0.4028164,1,1,1,1,1,1,0.3821604,2
0.5176155,0.4180972,1,1,1,1,1,1,0.3783054,1
0.5033262,0.4281876,1,1,1,1,1,1,0.3740511,1
0.4889888,0.4383859,1,1,1,1,1,1,0.3697997,1
0.4746116,0.4486955,1,1,1,1,1,1,0.3655508,1
0.460201,0.4591199,1,1,1,1,1,1,0.3613041,1
0.4457656,0.4696688,1,1,1,1,1,1,0.357056,1
0.4313117,0.4803448,1,1,1,1,1,1,0.352806,1
0.4168471,0.4911495,1,1,1,1,1,1,0.348554,1
0.4023779,0.502092,1,1,1,1,1,1,0.3442963,1
0.387911,0.5131659,1,1,1,1,1,1,0.3400356,1
0.373452,0.5243791,1,1,1,1,1,1,0.3357686,1
0.3590073,0.535732,1,1,1,1,1,1,0.3314947,1
0.3445821,0.5472243,1,1,1,1,1,1,0.3670041,1
0.3295573,0.5609074,1,1,1,1,1,1,0.4111564,2
0.3139418,0.5773854,1,1,1,1,1,1,0.4491734,2
0.3206149,0.5965518,1,1,1,1,1,1,0.4811708,2
0.3285442,0.6172923,1,1,1,1,1,1,0.5095551,2
0.3367831,0.6394434,1,1,1,1,1,1,0.5350121,2
0.3453058,0.6629103,1,1,1,1,1,1,0.5581003,2
0.3540865,0.6876048,1,1,1,1,1,1,0.5793022,2
0.3631032,1,1,1,1,1,1,1,0.5990162,1
0.3707111,1,1,1,1,1,1,1,1,2
0.3845277,1,1,1,1,1,1,1,1,2
0.3989343,1,1,1,1,1,1,1,1,2
0.4139193,1,1,1,1,1,1,1,1,2
0.4294638,1,1,1,1,1,1,1,1,2
0.4455458,1,1,1,1,1,1,1,1,2
0.4621447,1,1,1,1,1,1,1,1,2
0.4792314,1,1,1,1,1,1,1,1,2
0.496784,1,1,1,1,1,1,1,1,2
0.5147672,1,1,1,1,1,1,1,1,2
0.5331429,1,1,1,1,1,1,1,1,2
0.55188,1,1,1,1,1,1,1,1,2
0.5709397,1,1,1,1,1,1,1,1,2
0.5902802,1,1,1,1,1,1,1,1,2
0.6098584,1,1,1,1,1,1,1,1,2
1,1,1,1,1,1,1,1,1,1
1,1,1,1,1,1,1,1,1,1
1,1,1,1,1,1,1,1,1,1
1,1,1,1,1,1,1,1,1,1
1,1,1,1,1,1,1,1,1,1
1,1,1,1,1,1,1,1,1,1
1,1,1,1,1,1,1,1,1,1
0.9916397,1,1,1,1,1,1,1,1,1
0.9822844,1,1,1,1,1,1,1,1,1
0.9727868,1,1,1,1,1,1,1,1,1
0.9631516,1,1,1,1,1,1,1,1,1
0.9533838,1,1,1,1,1,1,1,1,1
0.9434893,1,1,1,1,1,1,1,1,1
0.9334741,1,1,1,1,1,1,1,1,1
0.9233452,1,1,1,1,1,1,1,1,1
0.9131096,1,1,1,1,1,1,1,1,1
0.9027752,1,1,1,1,1,1,1,1,1
0.8923501,1,1,1,1,1,1,1,1,1
0.902492,1,1,1,1,1,1,1,1,1
0.9175744,1,1,1,1,1,1,1,1,1
0.9322885,1,1,1,1,1,1,1,1,1
0.9466106,1,1,1,1,1,1,1,1,1
0.9605319,1,1,1,1,1,1,1,1,1
0.9740435,1,1,1,1,1,1,1,1,1
0.9871289,1,1,1,1,1,1,1,1,1
0.9997836,1,1,1,1,1,1,1,1,1
1,1,1,1,1,1,1,1,1,1
1,1,1,1,1,1,1,1,1,1
1,1,1,1,1,1,1,1,1,1
1,1,1,1,1,1,1,1,1,1
1,1,1,1,1,1,1,1,1,1
1,1,1,1,1,1,1,1,1,1
1,1,1,1,1,1,1,1,1,1
1,1,1,0.9918748,1,1,1,1,1,1
1,1,1,0.9829949,1,1,1,1,1,1
1,1,1,0.9739953,1,1,1,1,1,1
1,1,1,0.9648768,1,1,1,1,1,1
1,1,1,0.9556404,1,1,1,1,1,1
1,1,1,0.9462873,1,1,1,1,1,1
1,1,1,0.9368192,1,1,1,1,1,1
1,1,1,0.9272382,1,1,1,1,1,1
1,1,1,0.9175466,1,1,1,1,1,1
1,1,1,0.9077474,1,1,1,1,1,1
1,1,1,0.8978437,1,1,1,1,1,1
1,1,1,0.887839,1,1,1,1,1,1
1,1,1,0.8777369,1,1,1,1,1,1
1,1,1,0.8675417,1,1,1,1,1,1
1,1,1,0.8572575,1,1,1,1,1,1
1,1,1,0.8468888,1,1,1,1,1,1
1,1,1,0.8364409,1,1,1,1,1,1
1,1,1,0.8259184,1,1,1,1,1,1
1,1,1,0.8153269,1,1,1,1,1,1
1,1,1,0.8046714,1,1,1,1,1,1
1,1,1,0.7939574,1,1,1,1,1,0
1,1,1,0.7831906,1,1,1,1,1,0
1,1,1,0.7723766,1,1,1,1,1,0
1,1,1,0.7615209,1,1,1,1,1,0
1,1,1,0.7506292,1,1,1,1,1,0
1,1,1,0.7397069,1,1,1,1,1,0
1,1,1,0.7287594,1,1,1,1,1,0
1,1,1,0.7177922,1,1,1,1,1,0
1,1,1,0.7068106,1,1,1,1,1,0
1,1,1,0.6958198,1,1,1,1,1,0
1,1,1,0.6848243,1,1,1,1,1,0
1,1,1,0.6738292,1,1,1,1,1,0
1,1,1,0.6628386,1,1,1,1,1,0
1,1,1,0.6518569,1,1,1,1,1,0
1,1,1,0.6408883,1,1,1,1,1,0
1,1,1,0.6299363,1,1,1,1,1,0
1,1,1,0.6190044,1,1,1,1,1,0
1,1,1,0.6080957,1,1,1,1,1,0
1,1,1,0.5972131,1,1,1,1,1,0
1,1,1,0.5863593,1,1,1,1,1,0
1,1,1,0.5755364,1,1,1,1,1,0
1,1,1,0.5647467,1,1,1,1,1,0
1,1,1,0.5539922,1,1,0.9739493,1,1,0
1,1,1,0.5430712,1,1,0.9467005,1,1,0
1,1,1,0.5320015,1,1,0.9187336,1,1,0
1,1,1,0.5208061,0.5662712,1,0.9029872,1,1,0
1,1,1,0.5078647,0.5498921,1,0.909451,1,1,0
1,1,1,0.4952682,0.5340992,1,0.9163718,1,1,0
1,1,1,0.4829939,0.5188569,1,0.9236999,1,1,0
1,1,1,0.4710184,0.504128,1,0.9313768,1,1,0
1,1,1,0.4593166,0.4898745,1,0.9393474,1,1,0
1,1,1,0.4478639,0.4760586,1,0.947553,1,1,0
1,1,1,0.4366358,0.4626432,1,0.9559394,1,1,0
1,1,1,0.4256089,0.4495929,1,0.9644543,1,1,0
1,1,1,0.4147611,0.4368742,0.4767807,0.9730381,1,1,0
1,1,1,0.4257933,0.4233887,0.4599705,0.9880856,1,1,0
1,1,1,0.4605288,0.4102201,0.4436855,1,1,1,0
1,1,1,0.5073458,0.3973504,0.4278935,1,1,1,0
1,1,1,1,0.3847618,0.4125641,1,0.9730117,1,0
1,1,1,1,0.3725896,0.3979439,1,0.9076023,1,0
1,1,1,1,0.3605025,0.3834378,1,0.8452861,1,0
1,1,1,1,0.3486509,0.3693172,1,0.7884376,1,0
1,1,1,1,0.3370211,0.3555596,1,0.7744972,1,0
1,1,1,1,0.3255994,0.3421432,1,0.7812382,1,0
1,1,1,1,0.3235605,0.3290485,0.3766124,0.7887262,1,0
1,1,1,1,0.3593208,0.3162565,0.3594761,0.7969944,1,0
1,1,1,1,0.4087211,0.3037495,0.3429287,0.8060795,1,0
1,1,1,1,1,0.2915111,0.3269328,0.8160219,1,0
1,1,1,1,1,0.2795256,0.3114536,0.8268661,1,0
0.9971033,1,1,1,1,0.2677785,0.2964591,0.8386654,1,0
0.9907774,1,1,1,1,0.2562554,0.2819196,0.8514702,1,0
0.9847466,1,1,1,1,0.2477039,0.2678073,0.8653445,1,0
0.9790035,1,1,1,1,0.2770174,0.2540972,0.8803512,0.9519297,0
0.9735348,1,1,1,1,0.3157364,0.240765,1,0.8471892,0
0.9683312,1,1,1,1,0.3683043,0.2277887,1,0.756915,0
0.9633873,1,1,1,1,1,0.2151479,0.2905098,0.7129457,0
0.958692,1,1,1,1,1,0.2028229,0.2701719,0.71905,0
0.954241,1,1,1,1,1,0.1907958,0.2508182,0.7257872,0
0.9500272,1,1,1,1,1,0.1790494,0.2323729,0.7331787,0
0.9460443,1,1,1,1,1,0.188888,0.2147677,0.741248,0
0.9422862,1,1,1,1,1,0.2094666,0.1979411,0.7500213,0
0.9387506,1,1,1,1,1,0.2343622,0.1818373,0.7595237,0
0.9354293,1,1,1,1,1,0.2647813,0.1664055,0.7697901,0
0.9323207,1,1,1,1,1,1,0.1515998,0.2569416,0
0.9294235,1,1,1,1,1,1,0.1373781,0.2275925,0
0.9267309,1,1,1,1,1,1,0.1237019,0.2005509,0
0.9242452,1,1,1,1,1,1,0.1277216,0.175556,0
0.9219605,1,1,1,1,1,1,0.1377984,0.152385,0
0.9198767,1,1,1,1,1,1,0.1490237,0.1308461,0
0.9179915,1,1,1,1,1,1,0.1615354,0.1107741,0
0.9163057,1,1,1,1,1,1,0.1754888,0.1039904,0
0.9148208,1,1,1,1,1,1,0.1910669,0.1105566,0
0.9135351,1,1,1,1,1,1,0.2084939,0.1176363,0
0.9124476,1,1,1,1,1,1,1,0.1252643,0
0.911564,1,1,1,1,1,1,1,0.1334712,0
0.9108806,1,1,1,1,1,1,1,0.1423035,0
0.9104036,1,1,1,1,1,1,1,0.1517999,0
1,1,1,1,1,1,1,1,0.1620122,0
1,0.8844287,1,1,1,1,1,1,0.1729942,0
1,0.8765774,1,1,1,1,1,1,0.1844331,0
1,0.8690518,1,1,1,1,1,1,1,2
1,0.8641311,1,1,1,1,1,1,1,2
1,0.8592979,1,1,1,1,1,1,1,2
0.8873395,1,1,1,1,1,1,1,1,2
0.8805428,1,0.9933568,1,1,1,1,1,1,2
0.8736919,1,0.9903063,1,1,1,1,1,1,2
0.8668319,1,0.9875692,1,1,1,1,1,1,2
0.8599755,1,0.9851497,1,1,1,1,1,1,2
0.8531391,1,0.9830559,1,1,1,1,1,1,2
0.8463324,1,0.9812893,1,1,1,1,1,1,2
0.8395683,1,0.9798546,1,1,1,1,1,1,2
0.8328624,1,0.9787609,1,1,1,1,1,1,2
0.826224,1,0.9780099,1,1,1,1,1,1,2
0.8196653,1,0.9776071,1,1,1,1,1,1,2
0.8132008,1,0.9775621,1,1,1,1,1,1,2
0.8068388,1,0.9778768,1,1,1,1,1,1,2
0.8005902,1,0.9785568,1,1,1,1,1,1,2
0.794465,1,0.9796077,1,1,1,1,1,1,2
0.7884732,1,0.9810351,1,1,1,1,1,1,2
0.782621,1,0.9828405,1,1,1,1,1,1,2
0.7769168,1,0.9850289,1,1,1,1,1,1,2
0.7713688,1,0.9876058,1,1,1,1,1,1,2
0.7659814,1,0.9905719,1,1,1,1,1,1,2
0.7607614,1,1,1,1,1,1,1,1,2
0.7557321,1,1,1,1,1,1,1,1,2
0.7508646,1,1,1,1,1,1,1,1,2
0.841002,1,1,1,1,1,1,1,1,2
0.9740031,1,1,1,1,1,1,1,1,1
1,0.9917261,1,1,1,1,1,1,1,1
1,0.9616719,1,1,1,1,1,1,1,1
1,0.9283875,1,1,1,1,1,1,1,1
1,0.8919252,1,1,1,1,1,1,1,2
1,0.8524704,1,1,1,1,1,1,1,2
1,0.8103561,1,1,1,1,1,1,1,2
1,0.7660536,1,1,1,1,1,1,1,2
1,0.7485356,1,1,1,1,1,1,1,2
1,0.7478569,1,1,1,1,1,1,1,2
1,0.7473415,1,1,1,1,1,1,1,2
1,0.7469918,1,1,1,1,1,1,1,2
1,0.7468066,1,1,1,1,1,1,1,2
1,0.7467813,1,1,1,1,1,1,1,2
1,0.746918,1,1,1,1,1,1,1,2
1,0.7472118,1,1,1,1,1,1,1,2
1,0.7476646,1,1,1,1,1,1,1,2
1,0.7482714,1,1,1,1,1,1,1,2
1,0.7490339,1,1,1,1,1,1,1,2
1,0.749947,1,1,1,1,1,1,1,2
1,0.7510053,1,1,1,1,1,1,1,2
1,0.7522103,1,1,1,1,1,1,1,2
1,0.7535601,1,1,1,1,1,1,1,2
1,0.7550492,1,1,1,1,1,1,1,2
1,0.7566752,1,1,1,1,1,1,1,2
1,1,1,1,1,1,1,1,1,1
1,1,1,1,1,1,1,1,1,1
0.8222522,1,1,1,1,1,1,1,1,2
0.6560062,1,1,1,1,1,1,1,1,2
0.6553462,1,1,1,1,1,1,1,1,2
0.6549613,1,1,1,1,1,1,1,1,2
0.6548545,1,1,1,1,1,1,1,1,2
0.6550223,1,1,1,1,1,1,1,1,2
0.655467,1,1,1,1,1,1,1,1,2
0.6561879,1,1,1,1,1,1,1,1,2
0.6571808,1,1,1,1,1,1,1,1,2
0.6584443,1,1,1,1,1,1,1,1,2
0.6599771,1,1,1,1,1,1,1,1,2
0.661774,1,1,1,1,1,1,1,1,2
0.6638364,1,1,1,1,1,1,1,1,2
0.6661556,1,1,1,1,1,1,1,1,2
0.6687325,1,1,1,1,1,1,1,1,2
0.671558,1,1,1,1,1,1,1,1,2
1,1,1,1,1,1,1,1,1,1
1,1,1,1,1,1,1,1,1,1
1,1,1,1,1,1,1,1,1,1
1,1,1,1,1,1,1,1,1,1
1,1,1,1,1,1,1,1,1,1
1,1,1,1,1,1,1,0.9933354,1,1
1,1,1,1,1,1,1,0.9767681,1,1
1,1,1,1,1,1,1,0.9595342,1,1
1,1,1,1,1,1,1,0.9416463,1,1
1,1,1,1,1,1,1,0.9231254,1,1
1,1,1,1,1,1,1,0.9039993,1,1
1,1,1,1,1,1,1,0.884303,1,1
1,1,1,1,1,1,1,0.864079,1,0
1,1,1,1,1,1,1,0.8433763,1,0
1,1,1,1,1,1,1,0.82225,1,0
1,1,1,1,1,1,1,0.8007606,1,0
1,1,1,1,1,1,1,0.778973,1,0
1,1,1,1,1,1,1,0.7569554,1,0
1,1,1,1,1,1,1,0.7347779,1,0
1,1,1,1,1,1,1,0.7373537,1,0
1,1,1,1,1,1,1,0.7431548,1,0
1,1,1,1,1,1,1,0.7490405,1,0
1,1,1,1,1,1,1,0.754998,1,0
1,1,1,1,1,1,1,0.761022,1,0
1,1,1,1,1,1,1,0.767104,1,0
1,1,1,1,1,1,1,0.773235,1,0
1,1,1,1,1,1,1,0.779406,1,0
1,1,1,1,1,1,1,0.7856122,1,0
1,1,1,1,1,1,1,0.7918449,1,0
1,1,1,1,1,1,1,0.7980954,1,0
1,1,1,1,1,1,1,0.8043548,1,0
1,1,1,1,1,1,1,0.8106191,1,0
1,1,1,1,1,1,1,0.8168796,0.9344246,0
1,1,1,1,1,1,1,0.8254016,0.8892473,0
1,1,1,1,1,1,1,0.8355786,0.8428826,0
1,1,1,1,1,1,1,0.847546,0.7959622,0
1,1,1,1,1,1,1,1,0.7491097,0
1,1,1,1,1,1,1,1,0.7088942,0
1,1,1,1,1,1,1,1,0.668306,0
1,1,1,1,1,1,1,1,0.6367622,0
1,1,1,1,1,1,1,1,0.6432154,0
1,1,1,1,1,1,1,1,0.6499155,0
1,1,1,1,1,1,1,1,0.6568524,0
1,1,1,1,1,1,1,1,0.6640127,0
1,1,1,1,1,1,1,1,0.671389,0
1,1,1,1,1,1,1,1,0.6789669,0
1,1,1,1,1,1,1,1,0.6867353,0
1,1,1,1,1,1,1,1,0.6946788,0
1,1,1,1,1,1,1,1,0.7027893,0
1,1,1,1,1,1,1,1,0.7110509,0
1,1,1,1,1,1,1,1,0.7194477,0
1,1,1,1,1,1,1,1,0.7279707,0
1,1,1,1,1,1,1,1,0.7366036,0
1,1,1,1,1,1,1,1,0.7453372,0
1,1,1,1,1,1,1,1,0.7541547,0
1,1,1,1,1,1,1,1,0.7630395,0
1,1,1,1,1,1,1,1,1,1
1,1,1,1,1,1,1,1,1,1
1,1,1,1,1,1,1,1,1,1
1,1,1,1,1,1,1,1,1,1
1,1,1,1,1,1,1,1,1,1
1,1,1,1,1,1,1,1,1,1
1,1,1,1,1,1,1,1,1,1
1,1,1,1,1,1,1,1,1,1
1,1,1,1,1,1,1,1,1,1
1,1,1,1,1,1,1,1,1,1
1,1,1,1,1,1,1,1,1,1
1,1,1,1,1,1,1,1,1,1
1,1,1,1,1,1,1,1,1,1
1,1,1,1,1,1,1,1,1,1
1,1,1,1,1,1,1,1,1,1
1,1,1,1,1,1,1,1,1,1
1,1,1,1,1,1,1,1,1,1
1,1,1,1,1,1,1,1,1,1
1,1,1,1,1,1,1,1,1,1
1,1,1,1,1,1,1,1,1,1
1,1,1,1,1,1,1,1,1,1
1,1,1,1,1,1,1,1,1,1
1,1,1,1,1,1,1,1,1,1
1,1,1,1,1,1,1,1,1,1
1,1,1,1,1,1,1,1,1,1
1,1,1,1,1,1,1,1,1,1
1,1,1,1,1,1,1,1,1,1
1,1,1,1,1,1,1,1,1,1
1,1,1,1,1,1,1,1,1,1
1,1,1,1,1,1,1,1,1,1
1,1,1,1,1,1,1,1,1,1
1,1,1,1,1,1,1,1,1,1
1,1,1,1,1,1,1,1,1,1
1,1,1,1,1,1,1,1,1,1
1,1,1,1,1,1,1,1,1,1
1,1,1,1,1,1,1,1,1,1
1,1,1,1,1,1,1,1,1,1
1,1,1,1,1,1,1,1,1,1
1,1,1,1,1,1,1,1,1,1
1,1,1,1,1,1,1,1,1,1
1,1,1,1,1,1,1,1,1,1
1,1,1,1,1,1,1,1,1,1
1,1,1,1,1,1,1,1,1,1
1,1,1,1,1,1,1,1,1,1
1,1,1,1,1,1,1,1,1,1
1,1,1,1,1,1,1,1,1,1
1,1,1,1,1,1,1,1,1,1
1,1,1,1,1,1,1,1,1,1
1,1,1,1,1,1,1,1,1,1
1,1,1,1,1,1,1,1,1,1
1,1,1,1,1,1,1,1,1,1
1,1,1,1,1,1,1,1,1,1
1,1,1,1,1,1,1,1,1,1
1,1,1,1,1,1,1,1,1,1
1,1,1,1,1,1,1,1,1,1
1,1,1,1,1,1,1,1,1,1
1,1,1,1,1,1,1,0.9763454,1,1
1,1,1,1,1,1,1,0.9599204,1,1
1,1,1,1,1,1,1,0.9429362,1,1
1,1,1,1,1,1,1,0.925411,1,1
1,1,1,1,1,1,1,0.9073684,1,1
1,1,1,1,1,1,1,0.8888382,1,1
1,1,1,1,1,1,1,0.8698552,1,1
1,1,1,1,1,1,1,0.8504586,1,0
1,1,1,1,1,1,1,0.8306942,1,0
1,1,1,1,1,1,1,0.8106099,1,0
1,1,1,1,1,1,1,0.7902583,1,0
1,1,1,1,1,1,1,0.7696937,1,0
1,1,1,1,1,1,1,0.7489734,1,0
1,1,1,1,1,1,1,0.7281544,1,0
1,1,1,1,1,1,0.9893101,0.7072943,1,0
1,1,1,1,1,1,0.9751775,0.6863344,1,0
1,1,1,1,1,1,0.9609585,0.6653157,1,0
1,1,1,1,1,1,0.9466945,0.671678,1,0
1,1,1,1,1,1,0.9326879,0.6803325,1,0
1,1,1,1,1,1,0.9189522,0.6892623,1,0
1,1,1,1,1,1,0.9054781,0.698457,1,0
1,1,1,1,1,1,0.8922563,0.7079008,1,0
1,1,1,1,1,1,0.8792763,0.7175773,1,0
1,1,1,1,1,1,0.8665279,0.7274737,1,0
1,1,1,1,1,1,0.8540004,0.737568,1,0
1,1,1,1,1,1,0.841683,0.7478461,1,0
1,1,1,1,1,1,0.868046,0.7582844,1,0
1,1,1,1,1,1,0.9022704,0.7684778,0.8288788,0
1,1,1,1,1,1,0.961588,0.7847196,0.7840701,0
1,1,1,1,1,1,1,0.9772844,0.7411743,0
1,1,1,1,1,1,1,0.9574221,0.7058965,0
1,1,1,1,1,1,1,0.9367825,0.6699216,0
1,1,1,1,1,1,1,0.9155241,0.6336752,0
1,1,1,1,1,1,1,0.8938264,0.5975786,0
1,1,1,1,1,1,1,0.8718818,0.5887191,0
1,1,1,1,1,1,1,0.8504077,0.5986848,0
1,0.9997921,1,1,1,1,1,0.8298012,0.6092241,0
1,0.9894943,1,1,1,1,1,0.8100451,0.6203259,0
1,0.9796852,1,1,1,1,1,0.7912908,0.6317994,0
1,0.9703275,1,1,1,1,1,0.7734628,0.6436085,0
1,0.9613872,1,1,1,1,1,0.7564896,0.6557118,0
1,0.952828,1,1,1,1,1,0.7403024,0.66807,0
1,0.9446177,1,1,1,1,1,0.7248374,0.6806394,0
1,0.9367226,1,1,1,1,1,0.7100338,0.693379,0
1,0.9291136,1,1,1,1,1,0.6958354,0.7062435,0
1,0.9217579,1,1,1,1,1,0.6848772,0.7191957,0
1,0.9146444,1,1,1,1,1,0.7134498,0.9267805,1
1,0.9092431,1,1,1,1,1,0.7307346,0.9095426,1
1,0.9038324,1,1,1,1,1,0.748376,0.8924982,1
1,0.8984172,1,1,1,1,1,0.7663526,0.875655,1
1,0.8929991,1,1,1,1,1,0.7846504,0.8590173,1
1,0.8875761,1,1,1,1,1,0.8032613,0.8425883,1
1,0.8821557,1,1,1,1,1,0.8221512,0.8263715,1
1,0.8767356,1,1,1,1,1,0.8413089,0.810367,1
1,0.871316,1,1,1,1,1,0.8607137,0.7945745,1
1,0.8659004,1,1,1,1,1,0.8803352,0.7789927,1
1,0.8604891,1,1,1,1,1,0.9001496,0.7636203,1
1,0.8550819,1,1,1,1,1,0.9201328,0.7484536,1
1,0.8496815,1,1,1,1,1,0.9402512,0.7334885,1
1,0.8442877,1,1,1,1,1,0.9604789,0.718721,1
1,0.8388998,1,1,1,1,1,1,0.7041456,1
1,0.8335693,1,1,1,1,1,1,0.6899588,1
1,0.8281973,1,1,1,1,1,1,0.675732,1
1,0.822783,1,1,1,1,1,1,0.6614784,1
1,0.8173289,1,1,1,1,1,1,0.6472112,1
1,0.8118374,1,1,1,1,1,1,0.632944,1
1,0.8063081,1,1,1,1,1,1,0.6186898,1
1,0.8007402,1,1,1,1,1,1,0.6044613,1
1,0.7951366,1,1,1,1,1,1,0.5902704,1
1,0.7894996,1,1,1,1,1,1,0.5761293,1
1,0.7838318,1,1,1,1,1,1,0.5746106,1
1,0.7781808,1,1,1,1,1,1,0.5840907,1
1,0.772588,1,1,1,1,1,1,0.5933362,1
1,0.7670486,1,1,1,1,1,1,0.6023332,1
1,0.7615623,1,1,1,0.99833,1,1,0.6110653,1
1,0.7561294,1,1,1,0.9896885,1,1,0.6195053,1
1,0.750763,1,1,1,0.9808038,1,1,0.6275693,1
1,0.7454647,1,1,1,0.9716849,1,1,0.6352429,1
1,0.740234,1,1,1,0.9623419,1,1,0.6425192,1
1,0.7350743,1,1,1,0.9527853,1,1,0.6493902,1
1,0.7299865,1,1,1,0.9430282,1,1,0.6558549,1
1,0.7249751,1,1,1,0.9330834,1,1,0.6619112,1
1,0.7200452,1,1,1,0.9229653,1,1,0.6675593,1
1,0.715196,1,1,1,0.9126884,1,1,0.672811,1
1,0.7104334,1,1,1,0.9022676,1,1,0.6776716,1
1,0.7057602,1,1,1,0.8917182,1,1,0.6821525,2
1,0.7011827,1,1,1,0.8810546,1,1,0.6862627,2
1,0.696704,1,1,1,0.8702923,1,1,0.6900174,2
0.7039185,1,1,1,1,0.8594459,1,1,0.6934367,2
0.6979746,1,1,1,1,0.848735,1,1,0.6970043,2
0.6920323,1,1,1,1,0.8379254,1,1,0.7001915,2
0.6861074,1,1,1,0.893215,0.8270305,1,1,0.7030089,2
0.6798816,1,1,1,0.8792168,0.8154721,1,1,0.7040225,2
0.673719,1,1,1,0.865091,0.8038392,1,1,0.7045822,2
0.6676399,1,1,1,0.8508782,0.7921566,1,1,0.70473,2
0.661666,1,1,1,0.8366163,0.7804475,1,1,0.7045053,2
0.6558157,1,1,1,0.8223418,0.7687348,1,1,0.7039513,2
0.6501089,1,1,1,0.8080888,0.7570392,1,1,0.7031068,2
0.6445612,1,1,1,0.7938875,0.7453791,1,1,0.7020135,2
0.6391866,1,1,1,0.779766,0.7337716,1,1,0.7007109,2
0.6339974,1,1,1,0.7657483,0.722231,1,1,0.6992364,2
0.6290048,1,1,1,0.7518554,0.7107693,1,1,0.697624,2
0.6242177,1,1,1,0.7381048,0.6993967,1,1,0.6959051,2
0.619641,1,1,1,0.7245106,0.688121,1,1,0.6941116,2
0.6152807,1,1,1,0.7110838,0.6769473,1,1,0.6922677,2
0.6111385,1,1,1,0.6978322,0.6658794,1,1,0.6903983,2
0.6072146,1,1,0.7410447,0.6847616,0.6549192,1,1,0.6885251,2
1,1,1,0.7231224,0.6706698,0.6435432,1,1,0.6842067,1
1,1,1,0.711989,0.6604686,0.6338612,1,1,0.6875382,1
1,1,1,0.7006794,0.6501657,0.6241342,1,1,0.6906279,1
1,1,1,0.6892129,0.6397716,0.6143668,1,1,0.6934881,1
1,1,1,0.6776089,0.6292974,0.6045631,1,1,0.696121,1
1,1,1,0.6658874,0.6187542,0.5947284,1,1,0.6985408,1
1,1,1,0.6540666,0.6081523,0.5848666,1,1,0.7007592,1
1,1,1,0.6421654,0.5975026,0.574983,1,1,0.7027843,1
1,1,1,0.6302009,0.5868148,0.5650816,1,1,0.7046284,1
1,1,1,0.6181893,0.5760981,0.5551663,1,1,0.7063075,2
1,1,1,0.6061463,0.5653613,0.5452412,1,1,0.7078336,2
1,1,1,0.5940861,0.5546126,0.5353097,1,1,0.7092186,2
1,1,1,0.5820215,0.5438594,0.5253747,1,1,0.7104738,2
1,1,1,0.5699638,0.5331078,0.5154389,1,1,1,2
0.9341106,1,1,0.5551637,0.5208541,0.5049891,1,1,1,2
0.9318289,1,1,0.5400878,0.5084774,0.4945587,1,1,0.7039453,2
0.9295892,1,1,0.5279745,0.4976872,0.4846121,1,1,1,2
0.9279114,1,1,0.5135264,0.4856876,0.4743846,1,1,1,2
0.9266362,1,1,0.4995185,0.4739475,0.4642872,1,1,0.696524,2
0.9249042,1,1,0.4880778,0.4634998,0.4544239,1,1,1,2
0.9241101,1,1,0.4745892,0.4520603,1,1,1,1,2
0.9236205,1,0.5283872,0.4615087,0.4408478,1,1,1,1,2
0.9241529,1,0.5090998,0.4477519,0.4293768,1,1,1,0.6858735,2
1,1,0.4929395,0.4354129,0.4185679,1,1,1,0.6834568,2
1,1,0.478191,0.4237047,0.4080386,1,1,1,1,2
1,1,0.4604835,0.4107315,0.3970586,1,1,1,0.6775622,2
1,1,0.4466398,0.3994326,0.386725,1,1,1,1,2
1,1,0.4298763,0.3869314,0.3760367,1,1,1,0.6721244,2
1,1,0.4168165,0.3759775,0.3658497,1,1,1,1,2
1,1,0.4010993,0.3639764,0.3554309,1,1,1,0.6673226,2
1,1,0.3886817,0.3532952,0.3453422,1,1,1,1,2
1,1,0.3738471,0.3417074,0.33513,1,1,1,1,2
1,1,0.3595931,0.3303873,0.325044,1,1,1,0.6597897,1
1,1,0.3480514,0.3200542,0.3150402,1,1,1,1,2
1,1,0.334427,0.3090141,1,1,1,1,1,2
1,1,0.3211924,0.2981515,1,1,1,1,1,2
1,1,0.3083025,0.2874441,1,1,1,1,1,2
1,0.3999057,0.2957264,0.2768747,1,1,1,1,1,2
1,0.3771629,0.2827358,0.2662614,1,1,1,1,0.6445184,2
1,0.3568428,0.2704372,0.2558928,1,1,1,1,0.6415998,2
1,0.3375459,0.2584444,0.2456549,1,1,1,1,0.6387863,2
1,0.3191722,0.2467297,0.2355308,1,1,1,1,0.6360609,2
1,0.3016284,0.2352662,0.2255048,1,1,1,1,0.6334125,2
1,0.2848291,0.2240287,0.404932,1,1,1,1,0.6308206,2
1,0.2687222,0.2130004,1,1,1,1,1,0.6282812,2
1,0.2531876,0.2021466,1,1,1,1,1,1,2
1,0.2365319,0.1910672,1,1,1,1,1,0.622854,2
1,0.2221068,0.1805658,1,1,1,1,1,0.6203254,2
0.3525752,0.2080503,0.1701804,1,1,1,1,1,1,2
0.319657,0.1929716,0.1596216,1,1,1,1,1,0.6150209,2
0.2893406,0.1784877,0.1492699,1,1,1,1,1,0.6123309,2
0.2613322,0.1645604,0.1679685,1,1,1,1,1,0.609707,2
0.2353805,0.1511548,0.2218815,1,1,1,1,1,0.6071486,2
0.2112697,0.1382388,0.3000312,1,1,1,1,1,0.6046525,2
0.1888137,0.125783,1,1,1,1,1,1,0.6022151,2
0.1678502,0.1137602,1,1,1,1,1,1,0.5998361,2
0.1482376,0.1021449,1,1,1,1,1,1,0.5975122,2
0.1298521,0.1036754,1,1,1,1,1,1,0.5952433,2
0.1125842,0.1184978,1,1,1,1,1,1,0.593029,2
0.09633787,0.1352546,1,1,1,1,1,1,0.5908661,2
0.081028,0.1542494,1,1,1,1,1,1,0.5887545,2
0.08812228,0.1758552,1,1,1,1,1,1,0.5866939,2
0.09701677,0.200544,1,1,1,1,1,1,0.5846813,2
0.1065954,0.2288989,1,1,1,1,1,1,0.5827165,2
0.1167183,0.2604732,1,1,1,1,1,1,0.5805524,2
0.1272861,0.2949944,1,1,1,1,1,1,0.5780827,2
0.1382531,1,1,1,1,1,1,1,0.5752771,2
0.1481242,1,1,1,1,1,1,1,0.5706198,2
0.1581288,1,1,1,1,1,1,1,0.565788,2
0.1682395,1,1,1,1,1,1,1,0.5607845,2
0.1784282,1,1,1,1,1,1,1,0.5556136,2
0.1886706,1,1,1,1,1,1,1,0.5502771,1
0.198937,1,1,1,1,1,1,1,0.5447813,1
0.2092024,1,1,1,1,1,1,1,0.5575992,1
0.2196449,1,1,1,1,1,1,1,0.5746769,1
0.2303257,1,1,1,1,1,1,1,0.5909157,1
0.2412539,1,1,1,1,1,1,1,0.6063638,2
0.2524329,1,1,1,1,1,1,1,0.6210764,2
0.2638708,1,1,1,1,1,1,1,0.6351087,2
1,1,1,1,1,1,1,1,0.6485176,0
1,1,1,1,1,1,1,1,0.6918125,0
1,1,1,1,1,1,1,1,0.7354078,0
1,1,1,1,1,1,1,1,0.7786407,0
1,1,1,1,1,1,1,1,0.8208246,0
1,1,1,1,1,1,1,1,0.8613003,0
1,1,1,1,1,1,1,1,1,1
1,1,1,1,1,1,1,1,1,1
1,1,1,1,1,1,1,1,1,1
1,1,1,1,1,1,1,1,1,1
1,1,1,1,1,1,1,1,1,1
1,1,1,1,1,1,1,1,1,1
1,1,1,1,1,1,1,1,1,1
1,1,1,1,1,1,1,1,1,1
1,1,1,1,1,1,1,1,1,1
1,1,1,1,1,1,1,1,1,1
1,1,1,1,1,1,1,1,1,1
1,1,1,1,1,1,1,1,1,1
1,1,1,1,1,1,1,1,1,1
1,1,1,1,1,1,1,1,1,1
1,1,1,1,1,1,1,1,1,1
1,1,1,1,1,1,1,1,1,1
1,1,1,1,1,1,1,1,1,1
1,1,1,1,1,1,1,1,1,1
1,1,1,1,1,1,1,1,1,1
1,1,1,1,1,1,1,1,1,1
1,1,1,1,1,1,1,1,1,1
1,1,1,1,1,1,1,1,1,1
1,1,1,1,1,1,1,1,1,1
1,1,1,1,1,1,1,1,1,1
1,1,1,1,1,1,1,1,1,1
1,1,1,1,1,1,1,1,1,1
1,1,1,1,1,1,1,1,1,1
1,1,1,1,1,1,1,1,1,1
1,1,1,1,1,1,1,1,1,1
1,1,1,1,1,1,1,1,1,1
1,1,1,1,1,1,1,1,1,1
1,1,1,1,1,1,1,1,1,1
1,1,1,1,1,1,1,1,1,1
1,1,1,1,1,1,1,1,1,1
1,1,1,1,1,1,1,1,1,1
1,1,1,1,1,1,1,1,1,1
1,1,1,1,1,1,1,1,1,1
1,1,1,1,1,1,1,1,1,1
1,1,1,1,1,1,1,1,1,1
1,1,1,1,1,1,1,1,1,1
1,1,1,1,1,1,1,1,1,1
1,1,1,1,1,1,1,1,1,1
1,1,1,1,1,1,1,1,1,1
1,1,1,1,1,1,1,1,1,1
1,1,1,1,1,1,1,1,1,1
1,1,1,1,1,1,1,1,1,1
1,1,1,1,1,1,1,1,1,1
1,1,1,1,1,1,1,1,1,1
1,1,1,1,1,1,1,1,1,1
1,1,1,1,1,1,1,1,1,1
1,1,1,1,1,1,1,1,1,1
1,1,1,1,1,1,1,1,1,1
1,1,1,1,1,1,1,1,1,1
1,1,1,1,1,1,1,1,1,1
1,1,1,1,1,1,1,1,1,1
1,1,1,1,1,1,1,1,1,1
1,1,1,1,1,1,1,1,1,1
1,1,1,1,1,1,1,1,1,1
1,1,1,1,1,1,1,1,1,1
1,1,1,1,1,1,1,1,1,1
1,1,1,1,1,1,1,1,1,1
1,1,1,1,1,1,1,1,1,1
1,1,1,1,1,1,1,1,1,1
1,1,1,1,1,1,1,1,1,1
1,1,1,1,1,1,1,1,1,1
1,1,1,1,1,1,1,1,1,1
1,1,1,1,1,1,1,1,1,1
1,1,1,1,1,1,1,1,1,1
1,1,1,1,1,1,1,1,1,1
1,1,1,1,1,1,1,1,1,1
1,1,1,1,1,1,1,1,1,1
1,1,1,1,1,1,1,1,1,1
1,1,1,1,1,1,1,1,1,1
1,1,1,1,1,1,1,1,1,1
1,1,1,1,1,1,1,1,1,1
1,1,1,1,1,1,1,1,1,1
1,1,1,1,1,1,1,1,1,1
1,1,1,1,1,1,1,1,1,1
1,1,1,1,1,1,1,1,1,1
1,1,1,1,1,1,1,1,1,1
1,1,1,1,1,1,1,1,1,1
1,1,1,1,1,1,1,1,1,1
1,1,1,1,1,1,1,1,1,1
1,1,1,1,1,1,1,1,1,1
1,1,1,1,1,1,1,1,1,1
1,1,1,1,1,1,1,1,1,1
1,1,1,1,1,1,1,1,1,1
1,1,1,1,1,1,1,1,1,1
1,1,1,1,1,1,1,1,1,1
1,1,1,1,1,1,1,1,1,1
1,1,1,1,1,1,1,1,1,1
1,1,1,1,1,1,1,1,1,1
1,1,1,1,1,1,1,1,1,1
1,1,1,1,1,1,1,1,1,1
1,1,1,1,1,1,1,1,1,1
1,1,1,1,1,1,1,1,1,1
1,1,1,1,1,1,1,1,1,1
1,1,1,1,1,1,1,1,1,1
1,1,1,1,1,1,1,1,1,1
1,1,1,1,1,1,1,1,1,1
1,1,1,1,1,1,1,1,1,1
1,1,1,1,1,1,1,1,1,1
1,1,1,1,1,1,1,1,1,1
1,1,1,1,1,1,1,1,1,1
1,1,1,1,1,1,1,1,1,1
1,1,1,1,1,1,1,1,1,1
1,1,1,1,1,1,1,1,1,1
1,1,1,1,1,1,1,1,1,1
1,1,1,1,1,1,1,1,1,1
1,1,1,1,1,1,1,1,1,1
1,1,1,1,1,1,1,1,1,1
1,1,1,1,1,1,1,1,1,1
1,1,1,1,1,1,1,1,1,1
1,1,1,1,1,1,1,1,1,1
1,1,1,1,1,1,1,1,1,1
1,1,1,1,1,1,1,1,1,1
1,1,1,1,1,1,1,1,1,1
1,1,1,1,1,1,1,1,1,1
1,1,1,1,1,1,1,1,1,1
1,1,1,1,1,1,1,1,1,1
1,1,1,1,1,1,1,1,1,1
1,1,1,1,1,1,1,1,1,1
1,1,1,1,1,1,1,1,1,1
1,1,1,1,1,1,1,1,1,1
1,1,1,1,1,1,1,1,1,1
1,1,1,1,1,1,1,1,1,1
1,1,1,1,1,1,1,1,1,1
1,1,1,1,1,1,1,1,1,1
1,1,1,1,1,1,1,1,1,1
1,1,1,1,1,1,1,1,1,1
1,1,1,1,1,1,1,1,1,1
1,1,1,1,1,1,1,1,1,1
1,1,1,1,1,1,1,1,1,1
1,1,1,1,1,1,1,1,1,1
1,1,1,1,1,1,1,1,1,1
1,1,1,1,1,1,1,1,1,1
1,1,1,1,1,1,1,1,1,1
1,1,1,1,1,1,1,1,1,1
1,1,1,1,1,1,1,1,1,1
1,1,1,1,1,1,1,1,1,1
1,1,1,1,1,1,1,1,1,1
1,1,1,1,1,1,1,1,1,1
1,1,1,1,1,1,1,1,1,1
1,1,1,1,1,1,1,1,1,1
1,1,1,1,1,1,1,1,1,1
1,1,1,1,1,1,1,1,1,1
1,1,1,1,1,1,1,1,1,1
1,1,1,1,1,1,1,1,1,1
1,1,1,1,1,1,1,1,1,1
1,1,1,1,1,1,1,1,1,1
1,1,1,1,1,1,1,1,1,1
0.9963995,1,1,1,1,1,1,1,1,1
0.9854524,1,1,1,1,1,1,1,1,1
0.9742611,1,1,1,1,1,1,1,1,1
0.9628318,1,1,1,1,1,1,1,1,1
0.9511724,1,1,1,1,1,1,1,1,1
0.9392912,1,1,1,1,1,1,1,1,1
0.9271989,1,1,1,1,1,1,1,1,1
0.9149067,1,1,1,1,1,1,1,1,1
0.9024277,1,1,1,1,1,1,1,1,1
0.8897752,1,1,1,1,1,1,1,1,1
0.8987072,1,1,1,1,1,1,1,1,1
0.9107491,1,1,1,1,1,1,1,1,1
0.9225402,1,1,1,1,1,1,1,1,1
0.9340633,1,1,1,1,1,1,1,1,1
0.9453123,1,1,1,1,1,1,1,1,1
0.9562769,1,1,1,1,1,1,1,1,1
0.9669487,1,1,1,1,1,1,1,1,1
0.97732,1,1,1,1,1,1,1,1,1
0.9873897,1,1,1,1,1,1,1,1,1
0.9971509,1,1,1,1,1,1,1,1,1
1,1,1,1,1,1,1,1,1,1
1,1,1,1,1,1,1,1,1,1
1,1,1,1,1,1,1,1,1,1
1,1,1,1,1,1,1,1,1,1
1,1,1,1,1,1,1,1,1,1
1,1,1,1,1,1,1,1,1,1
1,1,1,1,1,1,1,1,1,1
1,1,1,1,1,1,1,1,1,1
1,1,1,1,1,1,1,1,1,1
1,1,1,1,1,1,1,1,1,1
1,1,1,1,1,1,1,1,1,1
1,1,1,1,1,1,1,1,1,1
1,1,1,1,1,1,1,1,1,1
1,1,1,1,1,1,1,1,1,1
1,1,1,1,1,1,1,1,1,1
1,1,1,1,1,1,1,1,1,1
1,1,1,1,1,1,1,1,1,1
1,1,1,1,1,1,1,1,1,1
1,1,1,1,1,1,1,1,1,1
1,1,1,1,1,1,1,1,1,1
1,1,1,1,1,1,1,1,1,1
1,1,1,1,1,1,1,1,1,1
1,1,1,1,1,1,1,1,1,1
1,1,1,1,1,1,1,1,1,1
1,1,1,1,1,1,1,1,1,1
1,1,1,1,1,1,1,1,1,1
1,1,1,0.9943938,1,1,1,1,1,1
1,1,1,0.9853438,1,1,1,1,1,1
1,1,1,0.9762136,1,1,1,1,1,1
1,1,1,0.967004,1,1,1,1,1,1
1,1,1,0.9577159,1,1,1,1,1,1
1,1,1,0.9483504,1,1,1,1,1,1
1,1,1,0.9389089,1,1,1,1,1,1
1,1,1,0.9293931,1,1,1,1,1,1
1,1,1,0.9198047,1,1,1,1,1,1
1,1,1,0.9101455,1,0.9944522,1,1,1,1
1,1,1,0.9003451,0.9983199,0.9810152,1,1,1,1
1,1,1,0.8902898,0.9866092,0.9670089,1,1,1,1
1,1,1,0.8798801,0.9743209,0.9522125,1,1,1,1
1,1,1,0.869119,0.9614618,0.9366426,1,1,1,0
1,1,1,0.8580149,0.9480473,0.9203288,1,1,1,0
1,1,1,0.8465827,0.9341022,0.9033136,1,1,1,0
1,1,1,0.8348423,0.9196602,0.8856515,1,1,1,0
1,1,1,0.8228201,0.904764,0.8674089,1,1,1,0
1,1,1,0.8105469,0.8894639,0.8486621,1,1,1,0
1,1,1,0.798059,0.8738178,0.829496,1,1,1,0
1,1,1,0.7853957,0.8578888,0.8100017,1,1,1,0
1,1,1,0.7726001,0.8417443,0.7954692,1,1,1,0
1,1,1,0.7597567,0.8255234,0.7992765,1,1,1,0
1,1,1,0.7470387,0.8095173,0.8036551,1,1,1,0
1,1,1,0.7344597,0.7937477,0.8085924,1,1,1,0
1,1,1,0.7220298,0.7782315,0.8140697,1,1,1,0
1,1,1,0.7097563,0.7629807,0.8200659,1,1,1,0
1,1,1,0.6976433,0.7480029,0.8265587,1,1,1,0
1,1,1,0.6856928,0.7333022,0.8146149,1,1,1,0
1,1,1,0.6990981,0.7187193,0.7959449,1,1,1,0
1,1,1,0.7183949,0.704317,0.7775859,0.7938062,1,1,0
1,1,1,0.7614505,0.6881273,0.7562572,0.7620743,1,1,0
1,1,1,0.8159612,0.6722299,0.7353976,0.7314245,1,1,0
1,1,1,0.885246,0.6566913,0.7151096,0.7019948,1,1,0
1,1,1,0.8975066,0.6416084,0.695551,0.6740116,1,1,0
1,1,1,0.8848955,0.6269574,0.6766784,0.6725806,1,1,0
1,1,1,0.8726856,0.6127167,0.6584521,0.6834577,1,1,0
1,1,1,0.8608626,0.5988653,0.6408351,0.6954547,1,1,0
1,1,1,0.8494605,0.592719,0.6239743,0.7081358,1,1,0
1,1,1,0.8554401,0.6293272,0.6078622,0.7139793,1,1,0
1,1,1,1,0.6698092,0.5924999,0.6913719,1,1,0
1,1,1,1,0.7161162,0.5776857,0.6699197,1,1,0
1,1,1,1,0.7707818,0.5632907,0.6493421,1,1,0
1,1,1,1,0.8092654,0.5492964,0.6295981,1,1,0
1,1,1,1,0.797043,0.5356464,0.6105641,1,1,0
1,1,1,1,0.7850721,0.5222613,0.592063,1,1,0
1,1,1,1,0.7733554,0.5091451,0.5741014,0.6639259,1,0
1,1,1,1,0.7615442,0.5068255,0.5552306,0.6256353,1,0
1,1,1,1,0.7500972,0.5443228,0.5370438,0.5898669,1,0
1,1,1,1,0.7390028,0.5895404,0.5195007,0.556373,1,0
1,1,1,1,1,0.6447658,0.5025643,0.554289,1,0
1,1,1,1,1,0.7132553,0.4862002,0.5633476,1,0
1,1,1,1,1,0.7181743,0.4703766,0.5732462,1,0
1,1,1,1,1,0.705635,0.4550637,0.5840384,1,0
1,1,1,1,1,0.6934909,0.4402342,0.5957801,1,0
1,1,1,1,1,0.6817277,0.4258625,0.5735633,1,0
1,1,1,1,1,0.6703325,0.4119249,0.5473456,1,0
1,1,1,1,1,0.6993223,0.4325479,0.5224668,1,0
1,1,1,1,1,1,0.465302,0.4988259,1,0
1,1,1,1,1,1,0.5036452,0.4763317,0.5796025,0
1,1,1,1,1,1,0.5488878,0.454902,0.5297387,0
1,1,1,1,1,1,0.6028155,0.4344624,0.4979313,0
1,1,1,1,1,1,0.6240858,0.4149452,0.5055622,0
0.9766547,1,1,1,1,1,0.6113392,0.3962887,0.5138158,0
0.9737781,1,1,1,1,1,0.5990203,0.378437,0.5227219,0
0.9711281,1,1,1,1,1,0.5871131,0.3613386,0.5323092,0
0.9687011,1,1,1,1,1,0.5756027,0.3449469,0.5426131,0
0.9664971,1,1,1,1,1,0.5781789,0.329219,0.5108966,0
0.9645136,1,1,1,1,1,0.7359365,0.3238029,0.4784766,0
0.9627482,1,1,1,1,1,1,0.342949,0.4483071,0
0.961202,1,1,1,1,1,1,0.364144,0.4201699,0
0.9598767,1,1,1,1,1,1,0.3876533,0.3938736,0
0.9587711,1,1,1,1,1,1,0.4137988,0.369251,0
0.9578876,1,1,1,1,1,1,0.4429585,0.3461545,0
0.9572262,1,1,1,1,1,1,0.4755963,0.3244537,0
0.9567898,1,1,1,1,1,1,0.5122688,0.304033,0
0.9565824,1,1,1,1,1,1,0.5125614,0.2847891,0
0.9566048,1,1,1,1,1,1,0.4994031,0.2886347,0
0.9568619,1,1,1,1,1,1,0.4867721,0.3024816,0
0.957359,1,1,1,1,1,1,0.4746462,0.31735,0
0.9581016,1,1,1,1,1,1,0.4630048,0.3333234,0
0.9590933,1,1,1,1,1,1,0.5109202,0.3505007,0
0.9603409,1,1,1,1,1,1,0.5791994,0.3689887,0
0.9611829,1,1,1,1,1,1,0.656107,0.3880091,0
1,1,1,1,1,1,1,0.741522,0.4073469,0
1,1,1,1,1,1,1,1,0.4277806,0
1,1,1,1,1,1,1,1,0.4475637,0
1,1,1,1,1,1,1,1,0.4679085,0
1,1,1,1,1,1,1,1,0.4579629,0
1,1,1,1,1,1,1,1,0.44545,0
1,1,1,1,1,1,1,1,0.4332939,0
1,1,1,1,1,1,1,1,0.42149,0
1,1,1,1,1,1,1,1,0.4100325,0
1,1,1,1,1,1,1,1,0.4236048,0
1,1,1,1,1,1,1,1,0.4474248,0
1,1,1,1,1,1,1,1,0.4718835,0
1,1,1,1,1,1,1,1,0.4969161,0
1,1,1,1,1,1,1,1,0.5224653,0
1,1,1,1,1,1,1,1,0.5484613,0
1,1,1,1,1,1,1,1,0.5748359,0
1,1,1,1,1,1,1,1,0.60151,0
1,1,1,1,1,1,1,1,0.6284003,0
1,1,1,1,1,1,1,1,0.6554355,0
1,1,1,1,1,1,1,1,0.6825205,0
1,1,1,1,1,1,1,1,1,1
1,1,1,1,1,1,1,1,1,1
0.8912908,1,1,1,1,1,1,1,1,1
1,1,1,1,1,1,1,1,1,1
1,1,1,1,1,1,1,1,1,1
1,1,1,1,1,1,1,1,1,1
1,1,1,1,1,1,1,1,1,1
1,1,1,1,1,1,1,1,1,1
1,1,1,1,1,1,1,1,1,1
1,1,1,1,1,1,1,1,1,1
1,1,1,1,1,1,1,1,1,1
1,1,1,1,1,1,1,1,1,1
1,1,1,1,1,1,1,1,1,1
1,1,1,1,1,1,1,1,1,1
1,1,1,1,1,1,1,1,1,1
1,1,1,1,1,1,1,1,1,1
1,1,1,1,1,1,1,1,1,1
1,1,1,1,1,1,1,1,1,1
1,1,1,1,1,1,1,1,1,1
1,1,1,1,1,1,1,1,1,1
1,1,1,1,1,1,1,1,1,1
1,1,1,1,1,1,1,1,1,1
1,1,1,1,1,1,1,1,1,1
1,1,1,1,1,1,1,1,1,1
1,1,1,1,1,1,1,1,1,1
1,1,1,1,1,1,1,1,1,1
1,1,1,1,1,1,1,1,1,1
1,1,1,1,1,1,1,1,1,1
1,1,1,1,1,1,1,1,1,1
1,1,1,1,1,1,1,1,1,1
1,1,1,1,1,1,1,1,1,1
1,1,1,0.9996082,1,1,1,1,1,1
1,1,1,0.9894536,1,1,1,1,1,1
1,1,1,0.9792863,1,1,1,1,1,1
1,1,1,0.9691066,1,1,1,1,1,1
1,1,1,0.9589151,1,1,1,1,1,1
1,1,1,0.9487121,1,1,1,1,1,1
1,1,1,0.9384981,1,1,1,1,1,1
1,1,1,0.9282739,1,1,1,1,1,1
1,1,1,0.9180397,1,1,1,1,1,1
1,1,1,0.9077963,1,1,1,1,1,1
1,1,1,0.8975443,1,1,1,1,1,1
1,1,1,0.8872842,1,1,1,1,1,1
1,1,1,0.8770165,1,1,1,1,1,1
1,1,1,0.8667423,1,1,1,1,1,1
1,1,1,0.8564617,1,1,1,1,1,1
1,1,1,0.8461757,1,1,1,1,1,1
1,1,0.9059902,0.8358852,1,1,1,1,1,1
1,1,0.8938777,0.8253678,1,1,1,1,1,1
1,1,0.8817029,0.8148335,1,1,1,1,1,1
1,1,0.8694751,0.8042863,1,1,1,1,1,1
1,1,0.8572032,0.7937303,1,1,1,1,1,1
1,1,0.844896,0.7831693,1,1,1,1,1,1
1,1,0.8325629,0.7726072,1,1,1,1,1,1
1,1,0.8202125,0.7620478,1,1,1,1,1,2
1,1,0.8078538,0.7514949,1,1,1,1,1,2
1,1,0.7954956,0.7409523,1,1,1,1,1,2
1,1,0.7831457,0.7304231,1,1,1,1,1,2
1,1,0.7708126,0.7199111,1,1,1,1,1,2
1,1,0.7585036,0.7094189,1,1,1,1,1,2
1,1,0.7462257,0.6989492,1,1,1,1,1,2
1,1,0.7339854,0.6885046,1,1,1,1,1,2
1,1,0.7217891,0.6780874,1,1,1,1,1,2
1,1,0.7096421,0.7049968,1,1,1,1,1,2
1,1,0.6975878,0.7563469,1,1,1,1,1,2
1,1,0.6856446,0.8134342,1,1,1,1,1,2
1,1,0.6738076,0.8770617,1,1,1,1,1,2
1,1,0.6620724,1,1,1,1,1,1,2
1,1,0.6504706,1,1,1,1,1,1,2
1,1,0.6389052,1,1,1,1,1,1,2
1,1,0.6273788,1,1,1,1,1,1,2
1,1,0.6158938,1,1,1,1,1,1,2
1,1,0.6044527,1,1,1,1,1,1,2
1,1,0.5930575,1,1,1,1,1,1,2
1,1,0.5817098,1,1,1,1,1,1,2
1,1,0.5704116,1,1,1,1,1,1,2
1,1,0.559164,1,1,1,1,1,1,2
1,1,0.5479687,1,1,1,1,1,1,2
1,1,0.5368263,1,1,1,1,1,1,2
1,1,0.5257377,1,1,1,1,1,1,2
1,1,0.5147035,1,1,1,1,1,1,2
1,1,0.5037243,1,1,1,1,1,1,2
1,0.6206919,0.4928004,1,1,1,1,1,1,2
1,0.6001245,0.4807027,1,1,1,1,1,1,2
1,0.580188,0.4688319,1,1,1,1,1,1,2
1,0.5608881,0.4671942,1,1,1,1,1,1,2
1,0.5422579,0.5163788,1,1,1,1,1,1,2
1,0.5244291,0.573373,1,1,1,0.8537678,1,1,2
1,0.5086993,0.6249688,1,1,1,0.8386925,1,1,2
1,0.493571,0.6807251,1,1,1,0.8247325,1,1,2
1,0.4789753,0.8798459,1,1,1,0.811753,1,1,2
1,0.4651158,0.9465415,1,1,1,0.8004452,1,1,2
1,0.4516264,1,1,1,1,0.7898155,1,1,2
1,0.4384402,1,1,1,1,0.779713,1,1,2
1,0.4254473,1,1,1,1,0.7698283,1,1,2
1,0.4126391,1,1,1,1,0.7601566,1,1,2
1,0.4000084,1,1,1,1,0.7506881,1,1,2
1,0.3875463,1,1,1,1,0.7414173,1,1,2
1,0.3752454,1,1,1,1,0.7323342,1,1,2
0.5515119,0.3630984,1,1,1,1,0.7234332,1,1,2
0.5194787,0.348082,1,1,1,1,0.7036701,1,1,2
0.4896387,0.3336601,1,1,1,1,0.6847727,1,1,2
0.4618611,0.3344088,1,1,1,1,0.6667598,1,1,2
0.4361449,0.3576649,1,1,1,1,0.6497825,1,1,2
0.4124692,0.3825757,1,1,1,1,0.63398,1,1,2
0.3905696,0.4091246,1,1,1,1,0.6192251,1,1,2
0.3702165,0.4372606,1,1,1,1,0.6054084,1,1,2
0.3512094,0.4669266,1,1,1,1,0.5924234,1,1,2
0.3333745,0.4980448,1,1,1,1,0.5801745,1,1,2
0.3165611,0.5305072,1,1,1,1,0.5685803,1,1,2
0.3006384,0.6553342,1,1,1,1,0.5575691,1,1,2
0.2858324,0.6613973,1,1,1,1,0.5475491,1,1,2
0.289165,0.6971983,1,1,1,1,0.5377806,1,1,2
0.2995448,0.7323567,1,1,1,1,0.52856,1,1,2
0.3097298,0.7660924,1,1,1,1,0.5198794,1,1,2
0.3196864,0.7981076,1,1,1,1,0.5116652,1,1,2
0.32939,0.8281682,1,1,1,1,0.5038546,1,1,1
0.3388159,0.8560823,1,1,1,1,0.4964002,1,1,1
0.3479529,0.8817374,1,1,1,1,0.4892567,1,1,1
0.356793,0.9050735,1,1,1,1,0.4823869,1,1,1
0.3653316,1,1,1,1,1,0.47576,1,1,1
0.3731824,1,1,1,1,1,0.4696148,1,1,1
0.3808185,1,1,1,1,1,0.4635948,1,1,1
0.3882414,1,1,1,1,1,0.4576902,1,1,1
0.3954487,1,1,1,1,1,0.4518957,1,1,1
0.4024392,1,1,1,1,1,0.4462067,1,1,1
0.4092124,1,1,1,1,1,0.4406192,1,1,1
0.4157689,1,1,1,1,1,0.43513,1,1,1
0.4221098,1,1,1,1,1,0.4297362,1,1,1
0.4282412,1,1,1,1,1,0.4244317,1,1,1
0.4341655,1,1,1,1,1,0.4192147,1,1,0
0.4398851,1,1,1,1,1,0.4140836,1,1,0
0.4454076,1,1,1,1,1,0.4090334,1,1,0
0.450736,1,1,1,1,1,0.4040632,1,1,0
0.4558736,1,1,1,1,1,0.3991727,1,1,0
0.5690507,1,1,1,1,1,0.3943576,0.4685873,1,0
0.5686396,1,1,1,1,1,0.3941308,0.3682681,1,0
0.5683182,1,1,1,1,1,1,0.3226858,1,0
0.5641811,1,1,1,1,1,1,0.3189885,1,0
0.5597803,1,1,1,1,1,1,0.3154456,1,0
0.5550882,1,1,1,1,1,1,0.3120552,1,0
0.5500772,1,1,1,1,1,1,0.3088092,1,0
0.5447181,1,1,1,1,1,1,0.3056994,1,0
0.5389798,1,1,1,1,1,1,0.3027209,1,0
0.53283,1,1,1,1,1,1,0.2998655,1,0
0.5262365,1,1,1,1,1,1,0.297125,1,0
0.5191659,1,1,1,1,1,1,0.294491,1,0
0.5115843,1,1,1,1,1,1,0.291952,0.2767608,0
0.5104226,1,1,1,1,1,1,0.2906296,0.2729148,0
0.5092949,1,1,1,1,1,1,0.2896284,0.2693993,0
0.508204,1,1,1,1,1,1,1,0.2662088,0
0.5007559,1,1,1,1,1,1,1,0.263305,0
0.4927645,1,1,1,1,1,1,1,0.2605749,0
0.4841715,1,1,1,1,1,1,1,0.2580111,0
0.4749167,1,1,1,1,1,1,1,0.2556062,0
0.4723098,1,1,1,1,1,1,1,0.2533526,0
0.4718308,1,1,1,1,1,1,1,0.2512484,0
0.4713122,1,1,1,1,1,1,1,0.2492896,0
0.4707523,1,1,1,1,1,1,0.9950673,0.247478,0
0.4701116,1,1,1,1,1,1,0.9540102,1,2
0.4766587,1,1,1,1,1,1,0.9656968,1,2
0.4836903,1,1,1,1,1,1,0.9786103,1,2
0.4912314,1,1,1,1,1,1,0.9929639,1,2
0.4993204,1,1,1,1,1,1,1,1,2
0.5078889,1,1,1,1,1,1,1,1,2
0.5168523,1,1,1,1,1,1,1,1,2
0.5262016,1,1,1,1,1,1,1,1,2
0.5359239,1,1,1,1,1,1,1,1,2
0.546005,1,1,1,1,1,1,1,1,2
0.5564295,1,1,1,1,1,1,1,1,2
0.5671812,1,1,1,1,1,1,1,1,2
0.5782427,1,1,1,1,1,0.9475977,1,1,2
0.5888311,1,1,1,1,1,0.9317068,1,1,2
0.5993718,1,1,1,1,1,0.9169693,1,1,2
1,1,1,1,1,1,0.9032542,1,1,1
1,1,1,1,1,1,0.9002303,1,1,1
1,1,1,1,1,1,0.8973036,1,1,1
1,1,1,1,1,1,1,1,1,1
1,1,1,1,1,1,1,1,1,1
1,1,1,1,1,1,1,1,1,1
1,1,1,1,1,1,1,0.9705766,1,1
1,1,1,1,1,1,1,0.9338663,1,1
1,1,1,1,1,1,1,0.8929073,1,0
1,1,1,1,1,1,1,0.8479317,1,0
1,1,1,1,1,1,1,0.7994232,1,0
1,1,1,1,1,1,1,0.7481066,1,0
1,1,1,1,1,1,1,0.6949046,1,0
1,1,1,1,1,1,1,0.669597,1,0
1,1,1,1,1,1,1,0.6689178,1,0
1,1,1,1,1,1,1,0.6684699,1,0
1,1,1,1,1,1,1,0.668252,1,0
1,1,1,1,1,1,1,0.6682659,1,0
1,1,1,1,1,1,1,0.668507,1,0
1,1,1,1,1,1,1,0.6689736,1,0
1,1,1,1,1,1,1,0.6696638,1,0
1,1,1,1,1,1,1,0.6705757,1,0
1,1,1,1,1,1,1,0.6717075,1,0
1,1,1,1,1,1,1,0.6730534,1,0
1,1,1,1,1,1,1,0.6746112,1,0
1,1,1,1,1,1,1,0.6763786,1,0
1,1,1,1,1,1,1,0.678353,1,0
1,1,1,1,1,1,1,0.6805282,1,0
1,1,1,1,1,1,1,0.6829017,0.7792165,0
1,1,1,1,1,1,1,1,0.5956929,0
1,1,1,1,1,1,1,1,0.595317,0
1,1,1,1,1,1,1,1,0.5952772,0
1,1,1,1,1,1,1,1,0.595573,0
1,1,1,1,1,1,1,1,0.5962009,0
1,1,1,1,1,1,1,1,0.5971629,0
1,1,1,1,1,1,1,1,0.5984551,0
1,1,1,1,1,1,1,1,0.6000758,0
1,1,1,1,1,1,1,1,0.6020239,0
1,1,1,1,1,1,1,1,0.6042942,0
1,1,1,1,1,1,1,1,0.6068817,0
1,1,1,1,1,1,1,1,0.609784,0
1,1,1,1,1,1,1,1,0.6129986,0
1,1,1,1,1,1,1,1,0.6165195,0
1,1,1,1,1,1,1,1,0.6203405,0
1,1,1,1,1,1,1,1,1,1
1,1,1,1,1,1,1,1,1,1
1,1,1,1,1,1,1,1,1,1
1,1,1,1,1,1,1,1,1,1
1,1,1,1,1,1,1,1,1,1
1,1,1,1,1,1,1,1,1,1
1,1,1,1,1,1,1,1,1,1
1,1,1,1,1,1,1,1,1,1
1,1,1,1,1,1,1,1,1,1
1,1,1,1,1,1,1,1,1,1
1,1,1,1,1,1,1,1,1,1
1,1,1,1,1,1,1,1,1,1
1,1,1,1,1,1,1,1,1,1
1,1,1,1,1,1,1,1,1,1
1,1,1,1,1,1,1,1,1,1
1,1,1,1,1,1,1,1,1,1
1,1,1,1,1,1,1,1,1,1
1,1,1,1,1,1,1,1,1,1
1,1,1,1,1,1,1,1,1,1
1,1,1,1,1,1,1,1,1,1
1,1,1,1,1,1,1,1,1,1
1,1,1,1,1,1,1,1,1,1
1,1,1,1,1,1,1,1,1,1
1,1,1,1,1,1,1,1,1,1
1,1,1,1,1,1,1,1,1,1
1,1,1,1,1,1,1,1,1,1
1,1,1,1,1,1,1,1,1,1
1,1,1,1,1,1,1,1,1,1
1,1,1,1,1,1,1,1,1,1
1,1,1,1,1,1,1,1,1,1
1,1,1,1,1,1,1,1,1,1
1,1,1,1,1,1,1,1,1,1
1,1,1,1,1,1,1,1,1,1
1,1,1,1,1,1,1,1,1,1
1,1,1,1,1,1,1,1,1,1
1,1,1,1,1,1,1,1,1,1
1,1,1,1,1,1,1,1,1,1
1,1,1,1,1,1,1,1,1,1
1,1,1,1,1,1,1,1,1,1
1,1,1,1,1,1,1,1,1,1
1,1,1,1,1,1,1,1,1,1
1,1,1,1,1,1,1,1,1,1
1,1,1,1,1,1,1,1,1,1
1,1,1,1,1,1,1,1,1,1
1,1,1,1,1,1,1,1,1,1
1,1,1,1,1,1,1,1,1,1
1,1,1,1,1,1,1,1,1,1
1,1,1,1,1,1,1,1,1,1
1,1,1,1,1,1,1,1,1,1
1,1,1,1,1,1,1,1,1,1
1,1,1,1,1,1,1,1,1,1
1,1,1,1,1,1,1,1,1,1
1,1,1,1,1,1,1,1,1,1
1,1,1,1,1,1,1,1,1,1
1,1,1,1,1,1,1,1,1,1
1,1,1,1,1,1,1,1,1,1
1,1,1,1,1,1,1,1,1,1
1,1,1,1,1,1,1,1,1,1
1,1,1,1,1,1,1,1,1,1
1,1,1,1,1,1,0.9992628,1,1,1
1,1,1,1,1,1,0.9886256,1,1,1
1,1,1,1,1,1,0.9779322,1,1,1
1,1,1,1,1,1,0.9671847,1,1,1
1,1,1,1,1,1,0.9563847,0.992635,1,1
1,1,1,1,1,1,0.9454582,0.9946339,1,1
1,1,1,1,1,1,0.9345066,0.9967462,1,1
1,1,1,1,1,1,0.9235326,0.9989691,1,1
1,1,1,1,1,1,0.9125387,1,1,1
1,1,1,1,1,1,0.9015157,1,1,1
1,1,1,1,1,1,0.8904562,1,1,1
1,1,1,1,1,1,0.8793625,1,1,1
1,1,1,1,1,1,0.8682379,1,1,1
1,1,1,1,1,1,0.8570859,1,1,1
1,1,1,1,1,1,0.8459096,1,1,1
1,1,1,1,1,1,0.8347119,1,1,1
1,1,1,1,1,1,0.8234965,1,1,1
1,1,1,1,1,1,0.8201691,1,1,1
1,1,1,1,1,1,0.8292655,1,1,1
1,1,1,1,1,1,0.838217,1,1,1
1,1,1,1,1,1,0.8470203,1,1,1
1,1,1,1,1,1,0.8556724,1,1,1
1,1,1,1,1,1,0.864161,1,1,1
1,1,1,1,1,1,0.8724843,1,1,1
1,1,1,1,1,1,0.8806407,1,1,1
1,1,1,1,1,1,1,1,1,1
1,1,1,1,1,1,1,1,1,1
1,1,1,1,1,1,1,1,1,1
1,1,1,1,1,1,1,1,1,1
1,1,1,1,1,1,1,1,1,1
1,1,1,1,1,1,1,1,1,1
1,1,1,1,1,1,1,1,1,1
1,1,1,1,1,1,1,1,1,1
1,1,1,1,1,1,1,1,1,1
1,1,1,1,1,1,1,1,1,1
1,1,1,1,1,1,1,1,1,1
1,1,1,1,1,1,1,1,1,1
1,1,1,1,1,1,1,1,0.9898304,1
1,1,1,1,1,1,1,1,0.9621162,1
1,1,1,1,1,1,1,1,0.931954,1
1,1,1,1,1,1,1,1,0.8994118,1
1,1,1,1,1,1,1,1,0.8646395,0
1,1,1,1,1,1,1,1,0.827872,0
1,1,1,1,1,1,1,1,0.8126556,0
1,1,1,1,1,1,1,0.6681212,0.8167532,0
1,1,1,1,1,1,1,0.6456531,0.8244185,0
1,1,1,1,1,1,1,0.6239589,0.8326357,0
1,1,1,1,1,1,1,0.6030366,0.8414003,0
1,1,1,1,1,1,1,0.5828758,0.8507015,0
1,1,1,1,1,1,1,0.5634604,0.8605321,0
1,1,1,1,1,1,1,0.5447685,0.8708722,0
1,1,1,1,1,1,1,0.5488185,0.8817058,0
1,1,1,1,1,1,1,0.5658078,0.8927215,0
1,1,1,1,1,1,1,0.5830016,0.9037077,0
1,1,1,1,1,1,1,0.6003264,0.9146158,0
1,1,1,1,1,1,1,0.6177071,0.9254012,0
1,1,1,1,0.9945196,0.9531838,1,1,0.9360197,1
1,1,1,1,0.9851467,0.9438741,1,1,0.9410477,1
1,1,1,1,0.9756483,0.934514,1,1,0.945877,1
1,1,1,1,0.966026,0.9251028,1,1,0.9504972,1
1,1,1,1,0.9562828,0.9156404,1,1,0.9549028,1
1,1,1,1,0.946422,0.9061273,1,1,0.9590939,1
1,1,1,1,0.9364479,0.8965646,1,1,0.5841669,0
1,1,1,1,0.9306985,0.8889179,1,1,0.556698,0
1,1,1,1,0.9253068,0.8815299,1,1,0.5299611,0
1,1,1,1,0.9202747,0.87441,1,1,0.504031,0
1,1,1,1,0.915602,0.867565,1,1,0.4789628,0
1,0.9958538,1,1,0.9112857,0.8609991,1,1,0.4669653,0
1,0.9872981,1,1,0.9070898,0.8545915,1,1,0.4776093,0
1,0.9792139,1,1,0.9026154,0.8481223,1,1,0.4882996,0
1,0.9715398,1,1,0.897827,0.8415551,1,1,0.4989893,0
1,0.9642264,1,1,0.8926938,0.8348594,1,1,0.5096269,0
1,0.957229,1,1,0.8871905,0.8280085,1,1,0.5201653,0
1,0.9505094,1,1,0.8812963,0.8209804,1,1,0.5305578,0
1,0.944036,1,1,0.8749958,0.8137574,1,1,0.540759,0
1,0.9377854,1,1,0.8682772,0.8063251,1,1,1,2
1,0.9346196,1,1,0.8548061,0.7950631,1,1,1,2
1,0.931662,1,1,0.8412647,0.783759,1,1,1,2
1,0.9289218,1,1,0.8276795,0.7724292,1,1,1,2
1,0.9264046,1,1,0.8140762,0.7610893,1,1,1,2
1,0.9241148,1,1,0.8004792,0.7497541,1,1,1,2
1,0.9220563,1,1,0.7869112,0.7384372,1,1,1,2
1,0.9202313,1,1,0.7733933,0.7271512,1,1,1,2
1,0.9186422,1,1,0.7599443,0.7159071,1,1,1,2
1,1,1,1,0.7465811,0.7047147,1,1,1,2
1,1,1,1,0.7343531,0.6941163,1,1,1,2
1,1,1,1,0.7221605,0.6835361,1,1,1,2
1,1,1,1,0.7100106,0.6729778,1,1,1,2
1,1,1,1,0.69791,0.6624451,1,1,1,2
1,1,1,1,0.6858643,0.6519408,1,1,1,2
1,1,1,1,0.6738788,0.6414674,1,1,1,2
1,1,1,0.7190508,0.6619576,0.631027,1,1,1,2
1,1,1,0.7026142,0.6487041,0.6199725,1,1,1,2
1,1,1,0.6864792,0.6356341,0.6090305,1,1,1,2
1,1,1,0.6706574,0.6227547,0.5982034,1,1,1,2
1,1,1,0.6551558,0.6100698,0.587491,1,1,1,2
1,1,1,0.6399767,0.5975801,0.5768913,1,1,1,2
0.8345709,1,1,0.6251187,0.5852838,0.5664004,1,1,1,2
0.8320635,1,1,0.6086187,0.5721208,0.5556818,1,1,1,2
0.8300759,1,1,0.5927213,0.5593334,0.5451884,1,1,1,2
0.8285755,1,1,0.5773965,0.5468993,0.5348994,1,1,1,2
0.8275297,1,1,0.56261,0.5347933,0.5247919,1,1,1,2
0.8269011,1,1,0.5483245,0.522988,0.5148419,1,1,1,2
1,1,1,0.5345019,0.5114554,0.5050248,1,1,1,2
1,1,0.5943993,0.5223681,0.5007116,0.4952274,1,1,1,2
1,1,0.5755599,0.508844,0.4894064,0.4856113,1,1,1,2
1,1,0.5575783,0.4957341,0.4783402,0.4761014,1,1,1,2
1,1,0.5403851,0.4830022,0.4674856,1,1,1,1,2
1,1,0.5233971,0.4703995,0.4567507,1,1,1,1,2
1,1,0.5070477,0.4581079,0.4461929,1,1,1,1,2
1,1,0.4912915,0.4461027,0.4357927,1,1,1,1,2
1,1,0.4760837,0.4343591,0.4255304,1,1,1,1,2
1,1,0.4613806,0.4228528,0.4153872,1,1,1,1,2
1,1,0.44714,0.4115606,0.4053455,1,1,1,1,2
1,1,0.4333217,0.4004602,0.3953884,1,1,1,1,2
1,1,0.4198879,0.3895305,0.3855006,1,1,1,1,2
1,1,0.4068029,0.378752,0.3756678,1,1,1,1,2
1,1,0.3940341,0.3681071,0.365878,1,1,1,1,2
1,1,0.3815508,0.3575792,0.3561196,1,1,1,1,2
1,1,0.3693254,0.3471538,0.3463834,1,1,1,1,2
1,1,0.3573322,0.3368174,0.3366609,1,1,1,0.997574,2
1,0.4572901,0.34556,0.3265608,1,1,1,1,0.9950047,2
1,0.4344513,0.3326039,0.3161289,1,1,1,1,0.9905426,2
1,0.4127223,0.3199995,0.3058878,1,1,1,1,0.9863323,2
1,0.3920221,0.3077291,0.2958279,1,1,1,1,1,2
1,0.3722771,0.2957755,0.2859402,1,1,1,1,1,2
1,0.3534204,0.2841231,0.2762157,1,1,1,1,1,2
1,0.3353917,0.2727568,0.2666461,1,1,1,1,1,2
1,0.3181359,0.2616629,0.2572235,1,1,1,1,1,2
1,0.3016239,0.2508321,1,1,1,1,1,1,2
1,0.2857645,0.2402425,1,1,1,1,1,1,2
1,0.2705396,0.2298876,1,1,1,1,1,1,2
0.3949768,0.2559394,0.2197603,1,1,1,1,1,1,2
0.3664689,0.2418666,0.2098401,1,1,1,1,1,1,2
0.3399115,0.2283216,0.2001229,1,1,1,1,1,1,2
0.3151168,0.215274,0.1905992,1,1,1,1,0.9941542,1,2
0.2919207,0.2026961,0.2852444,1,1,1,1,0.983575,1,2
0.2701789,0.1905618,1,1,1,1,1,0.9733599,0.9423016,2
0.2497639,0.1788472,1,1,1,1,1,0.9634918,0.9185097,2
0.2305637,0.1675303,1,1,1,1,1,0.9539541,0.917749,2
0.2124779,0.1565905,1,1,1,1,1,0.9447349,0.9171948,2
0.195418,0.1460087,1,1,1,1,1,0.9358227,0.9168506,2
0.1793037,0.135767,1,1,1,1,1,0.9272067,0.9167201,2
0.1640638,0.1315038,1,1,1,1,1,0.918874,0.9168046,2
0.1496342,0.1590369,1,1,1,1,1,0.9108151,0.9171088,2
0.1359569,0.1913234,1,1,1,1,1,0.9030216,0.9176382,2
0.1229796,0.229538,1,1,1,1,1,0.8954822,0.9183954,2
0.1106551,0.2752501,1,1,1,1,1,0.8881923,0.91939,2
0.1158137,0.330674,1,1,1,1,1,0.881142,0.920626,2
0.1296908,0.3976499,1,1,1,1,1,0.874341,0.9218586,2
0.1441986,1,1,1,1,1,1,0.8677644,0.9223703,2
0.1582892,1,1,1,1,1,1,0.8613051,0.9204324,2
0.1727962,1,1,1,1,1,1,0.8548676,0.9180537,2
0.1876657,1,1,1,1,1,1,0.8484275,0.9152109,2
0.2028309,1,1,1,1,1,1,0.8419667,0.9118883,2
0.2182242,1,1,1,1,1,1,0.8354683,0.9080701,2
0.2337664,1,1,1,1,1,1,0.8289215,0.9037488,2
0.2493731,1,1,1,1,1,1,0.8223186,0.8989211,2
0.264968,1,1,1,1,1,1,0.8156487,0.8935809,2
0.2804609,1,1,1,1,1,1,0.8089103,0.8877335,1
0.2957662,1,1,1,1,1,1,0.8021008,0.8813848,1
0.3107932,1,1,1,1,1,1,0.7952238,0.8745488,1
0.3254656,1,1,1,1,1,1,0.7882789,0.8672363,1
0.3397049,1,1,1,1,1,1,0.7812707,0.8594654,1
0.3534314,1,1,1,1,1,1,0.7742095,0.8512616,1
0.3665786,1,1,1,1,1,1,0.767104,0.8426507,1
1,1,1,1,1,1,1,0.7599617,0.8336573,0
1,1,1,1,1,1,1,0.7522177,0.8184309,0
1,1,1,1,1,1,1,0.7447773,0.8570323,0
1,1,1,1,1,1,1,0.7377046,0.9009762,0
1,1,1,1,1,1,1,0.7309489,0.9457254,0
1,1,1,1,1,1,1,0.7244567,0.9907689,0
1,1,1,1,1,1,1,0.7181717,1,0
1,1,1,1,1,1,1,0.7120765,1,0
1,1,1,1,1,1,1,0.7061783,0.7664131,0
1,1,1,1,1,1,1,0.7008681,0.7533969,0
1,1,1,1,1,1,1,0.6960245,0.7411067,0
1,1,1,1,1,1,1,0.6916428,0.729512,0
1,1,1,1,1,1,1,0.9973714,0.7185873,0
1,1,1,1,1,1,1,0.9933711,0.7103428,0
1,1,1,1,1,1,1,0.9896639,0.7022387,0
1,1,1,1,1,1,1,0.9862715,0.6942972,0
1,1,1,1,1,1,1,1,0.6865371,0
1,1,1,1,1,1,1,1,0.6790959,0
1,1,1,1,1,1,1,1,0.6718712,0
1,1,1,1,1,1,1,1,0.6648729,0
1,1,1,1,1,1,1,1,0.6581137,0
1,1,1,1,1,1,1,1,0.6516026,0
1,1,1,1,1,1,1,1,0.6453485,0
1,1,1,1,1,1,1,1,0.6393598,0
1,1,1,1,1,1,1,1,0.6336445,0
1,1,1,1,1,1,1,1,0.6282132,0
1,1,1,1,1,1,1,1,0.6230704,0
1,1,1,1,1,1,1,1,0.6182259,0
1,1,1,1,1,1,1,1,0.6708232,0
1,1,1,1,1,1,1,1,0.8972712,0
1,1,1,1,1,1,1,1,0.9143752,1
1,1,1,1,1,1,1,1,0.9108178,1
1,1,1,1,1,1,1,1,0.9073012,1
1,1,1,1,1,1,1,1,0.9038267,1
1,1,1,1,1,1,1,1,0.900396,1
1,1,1,1,1,1,1,1,0.8970138,0
1,1,1,1,1,1,1,1,0.8936846,0
1,1,1,1,1,1,1,1,0.8904101,0
1,1,1,1,1,1,1,1,1,1
1,1,1,1,1,1,1,1,1,1
1,1,1,1,1,1,1,1,1,1
1,1,1,1,1,1,1,1,1,1
1,1,1,1,1,1,1,1,1,1
1,1,1,1,1,1,1,1,1,1
1,1,1,1,1,1,1,1,1,1
1,1,1,1,1,1,1,1,1,1
1,1,1,1,1,1,1,1,1,1
1,1,1,1,1,1,1,1,1,1
1,1,1,1,1,1,1,1,1,1
1,1,1,1,1,1,1,1,1,1
1,1,1,1,1,1,1,1,1,1
1,1,1,1,1,1,1,1,1,1
1,1,1,1,1,1,1,1,1,1
1,1,1,1,1,1,1,1,1,1
1,1,1,1,1,1,1,1,1,1
1,1,1,1,1,1,1,1,1,1
1,1,1,1,1,1,1,1,1,1
1,1,1,1,1,1,1,1,1,1
1,1,1,1,1,1,1,1,1,1
1,1,1,1,1,1,1,1,1,1
1,1,1,1,1,1,1,1,1,1
1,0.8676796,1,1,1,1,1,1,1,2
1,0.8478401,1,1,1,1,1,1,1,2
1,0.8416644,1,1,1,1,1,1,1,2
1,0.8455033,1,1,1,1,1,1,1,2
1,0.849356,1,1,1,1,1,1,1,2
1,0.8532201,1,1,1,1,1,1,1,2
1,0.8570898,1,1,1,1,1,1,1,2
1,0.860963,1,1,1,1,1,1,1,2
1,0.864834,1,1,1,1,1,1,1,2
1,0.8687008,1,1,1,1,1,1,1,1
1,0.8725578,1,1,1,1,1,1,1,1
1,0.8764035,1,1,1,1,1,1,1,1
1,0.880232,1,1,1,1,1,1,1,1
1,0.8840421,1,1,1,1,1,1,1,1
1,0.8878328,1,1,1,1,1,1,1,1
1,0.8915982,1,1,1,1,1,1,1,1
1,0.8953376,1,1,1,1,1,1,1,1
1,0.8990456,1,1,1,1,1,1,1,1
1,0.9027216,1,1,1,1,1,1,1,1
1,0.9063646,1,1,1,1,1,1,1,1
1,0.9099696,1,1,1,1,1,1,1,1
1,0.913536,1,1,1,1,1,1,1,1
0.9965224,0.9170593,1,1,1,1,1,1,1,1
0.9602348,0.9206649,1,1,1,1,1,1,1,1
0.9211736,0.9255754,1,1,1,1,1,1,1,2
0.8797072,0.9319184,1,1,1,1,1,1,1,2
0.8363109,0.9398292,1,1,1,1,1,1,1,2
0.7915466,0.9494451,1,1,1,1,1,1,1,2
0.7460249,0.960898,1,1,1,1,1,1,1,2
0.7121482,0.974323,1,1,1,1,1,1,1,2
0.7172762,0.9893333,1,1,1,1,1,1,1,2
0.7224636,1,1,1,1,1,1,1,1,2
0.7277253,1,1,1,1,1,1,1,1,2
0.7331493,1,1,1,1,1,1,1,1,2
0.7387233,1,1,1,1,1,1,1,1,2
0.7444417,1,1,1,1,1,1,1,1,2
0.7502956,1,1,1,1,1,1,1,1,2
0.7562758,1,1,1,1,1,1,1,1,2
0.7623727,1,1,1,1,1,1,1,1,2
0.7685771,1,1,1,1,1,1,1,1,2
0.7748794,1,1,1,1,1,1,1,1,2
0.7812701,1,1,1,1,1,1,1,1,2
0.7877432,1,1,1,1,1,1,1,1,2
0.7942854,1,1,1,1,1,1,1,1,2
0.8008907,1,1,1,1,1,1,1,1,2
0.8075463,1,1,1,1,1,1,1,1,2
0.8142457,1,1,1,1,1,1,1,1,2
0.8209798,1,1,1,1,1,1,1,1,2
0.8277391,1,1,1,1,1,1,1,1,2
0.8345141,1,1,1,1,1,1,1,1,2
0.8412962,1,1,1,1,1,1,1,1,2
0.8480796,1,1,1,1,1,1,1,1,2
0.8548519,1,1,1,1,1,1,1,1,2
0.861608,1,1,1,1,1,1,1,1,2
0.8683397,1,1,1,1,1,1,1,1,2
0.8750383,1,1,1,1,1,1,1,1,2
0.881696,1,1,1,1,1,1,1,1,1
1,1,1,1,1,1,1,1,1,1
1,1,1,1,1,1,1,1,1,1
1,1,1,1,1,1,1,1,1,1
1,1,1,1,1,1,1,1,1,1
1,1,1,1,1,1,1,1,1,1
1,1,1,1,1,1,1,1,1,1
1,1,1,1,1,1,1,1,1,1
1,1,1,1,1,1,1,1,1,1
1,1,1,1,1,1,1,1,1,1
1,1,1,1,1,1,1,1,1,1
1,1,1,1,1,1,1,1,1,1
1,1,1,1,1,1,1,1,1,1
1,1,1,1,1,1,1,1,1,1
1,1,1,1,1,1,1,1,1,1
1,1,1,1,1,1,1,1,1,1
1,1,1,1,1,1,1,1,1,1
1,1,1,1,1,1,1,1,1,1
1,1,1,1,1,1,1,1,1,1
1,1,1,1,1,1,1,1,1,1
1,1,1,1,1,1,1,1,1,1
1,1,1,1,1,1,1,1,1,1
1,1,1,1,1,1,1,1,1,1
1,1,1,1,1,1,1,1,1,1
1,1,1,1,1,1,1,1,1,1
1,1,1,1,1,1,1,1,1,1
1,1,1,1,1,1,1,1,1,1
1,1,1,1,1,1,1,1,1,1
1,1,1,1,1,1,1,1,1,1
1,1,1,1,1,1,1,1,1,1
1,1,1,1,1,1,1,1,1,1
1,1,1,1,1,1,1,1,1,1
1,1,1,1,1,1,1,1,1,1
1,1,1,1,1,1,1,1,1,1
1,1,1,1,1,1,1,1,1,1
1,1,1,1,1,1,1,1,1,1
1,1,1,1,1,1,1,1,1,1
1,1,1,1,1,1,1,1,1,1
1,1,1,1,1,1,1,1,1,1
1,1,1,1,1,1,1,1,1,1
1,1,1,1,1,1,1,1,1,1
1,1,1,1,1,1,1,1,1,1
1,1,1,1,1,1,1,1,1,1
1,1,1,1,1,1,1,1,1,1
1,1,1,1,1,1,1,1,1,1
1,1,1,1,1,1,1,1,1,1
1,1,1,1,1,1,1,1,1,1
1,1,1,1,1,1,1,1,1,1
1,1,1,1,1,1,1,1,1,1
1,1,1,1,1,1,1,1,1,1
1,1,1,1,1,1,1,1,1,1
1,1,1,1,1,1,1,1,1,1
1,1,1,1,1,1,1,1,1,1
1,1,1,1,1,1,1,1,1,1
1,1,1,1,1,1,1,1,1,1
1,1,1,1,1,1,1,1,1,1
1,1,1,1,1,1,1,1,1,1
1,1,1,1,1,1,1,1,1,1
1,1,1,1,1,1,1,1,1,1
1,1,1,1,1,1,1,1,1,1
1,1,1,1,1,1,1,1,1,1
1,1,1,1,1,1,1,1,1,1
1,1,1,1,1,1,1,1,1,1
1,1,1,1,1,1,1,1,1,1
1,1,1,1,1,1,1,1,1,1
1,1,1,1,1,1,1,1,1,1
1,1,1,1,1,1,1,1,1,1
1,1,1,1,1,1,1,1,1,1
1,1,1,1,1,1,1,1,1,1
1,1,1,1,1,1,1,1,1,1
1,1,1,1,1,1,1,1,1,1
1,1,1,1,1,1,1,1,1,1
1,1,1,1,1,1,1,1,1,1
1,1,1,0.995351,1,1,1,1,1,1
1,1,1,0.9857965,1,1,1,1,1,1
1,1,1,0.9762303,1,1,1,1,1,1
1,1,1,0.9666527,1,1,1,1,1,1
1,1,1,0.9570637,1,1,1,1,1,1
1,1,1,0.9474635,1,1,1,1,1,1
1,1,1,0.9378524,1,1,1,1,1,1
1,1,1,0.9282304,1,1,1,1,1,1
1,1,1,0.9185976,1,1,1,1,1,1
1,1,1,0.9089547,1,1,1,1,1,1
1,1,1,0.899302,1,1,1,1,1,1
1,1,0.8813044,0.8896393,1,1,1,1,1,1
1,1,0.8718616,0.8800389,1,1,1,1,1,1
1,1,0.8624191,0.8704344,1,1,1,1,1,1
1,1,0.8529773,0.8608263,1,1,1,1,1,1
1,1,0.8435357,0.8512147,1,1,1,1,1,1
1,1,0.8340939,0.8415996,1,1,1,1,1,1
1,1,0.8246523,0.8319815,1,1,1,1,1,1
1,1,0.8152102,0.8223604,1,1,1,1,1,1
1,1,0.8057677,0.8127365,1,1,1,1,1,1
1,1,0.7963244,0.8031099,1,1,1,1,1,1
1,1,0.7868801,0.7934808,1,1,1,1,1,1
1,1,0.7774348,0.7838496,1,1,1,1,1,1
1,1,0.7679881,0.7742162,1,1,1,1,1,1
1,1,0.7585403,0.7645812,1,1,1,1,1,1
1,1,0.749091,0.7549444,1,1,1,1,1,1
1,1,0.7396398,0.7453061,1,1,1,1,1,1
1,1,0.7301867,0.7356665,1,1,1,1,1,1
1,1,0.7207317,0.7260258,1,1,1,1,1,1
1,1,0.7112741,0.7163837,1,1,1,1,1,1
1,1,0.7018144,0.7067409,1,1,1,1,1,1
1,1,0.6923522,0.6970975,1,1,1,1,1,1
1,1,0.6828873,0.6874533,1,1,1,1,1,1
1,1,0.6734198,0.6778088,1,1,1,1,1,1
1,1,0.6639494,0.6681638,1,1,1,1,1,1
1,1,0.654476,0.6585187,1,1,1,1,1,1
1,1,0.6449999,0.6488739,1,1,1,1,1,1
1,1,0.6355205,0.6392288,1,1,1,1,1,1
1,1,0.626038,0.629584,1,1,1,1,1,1
1,1,0.6165521,0.6199392,1,1,1,1,1,1
1,1,0.6070629,0.6102949,1,1,1,1,1,1
1,1,0.5975706,0.600651,1,1,1,1,1,1
1,1,0.5880745,0.5910074,1,1,1,1,1,1
1,1,0.578575,0.5813644,1,1,1,1,1,1
1,1,0.5690721,0.571722,1,1,1,1,1,1
1,1,0.5595657,0.5620803,1,1,1,1,1,1
1,1,0.5500559,0.5524393,1,1,1,1,1,1
1,1,0.5405423,0.5427989,1,1,1,1,1,1
1,1,0.5310252,0.5331593,1,1,1,1,1,1
1,1,0.5215045,0.5235203,1,1,1,1,1,1
1,1,0.5119802,0.513882,1,1,1,1,1,1
1,1,0.5024525,0.5042447,1,1,1,1,1,1
1,1,0.4929212,0.4946079,1,1,1,1,1,1
1,1,0.4833866,0.4849722,1,1,1,1,1,1
1,1,0.4738486,0.4753374,1,1,1,1,1,1
1,1,0.464307,0.465703,1,1,1,1,1,1
1,1,0.4547621,0.4560695,1,1,1,1,1,1
1,1,0.4452139,0.4464367,1,1,1,1,1,1
1,1,0.4356629,0.4368051,1,1,1,1,1,1
1,1,0.4261086,0.427174,1,1,1,1,1,1
1,1,0.4165511,0.4175436,1,1,1,1,1,1
1,1,0.4069908,0.4079142,1,1,1,1,1,1
1,0.4652706,0.3974274,0.3982851,1,1,1,1,1,2
1,0.4508857,0.3873568,0.3893678,1,1,1,1,1,2
1,0.4369277,0.3774171,0.3804763,1,1,1,1,1,2
1,0.4233652,0.3675964,0.3716025,1,1,1,1,1,2
1,0.4101686,0.3578836,0.3627396,1,1,1,1,1,2
1,0.3973088,0.3482678,0.3538805,1,1,1,1,1,2
1,0.3847589,0.3387389,0.3450194,1,1,1,1,1,2
1,0.3724938,0.3292881,0.3361517,1,1,1,1,1,2
1,0.3604901,0.319907,1,1,1,1,1,1,2
1,0.3476774,0.3105475,1,1,1,1,1,1,2
1,0.3352387,0.3013091,1,1,1,1,1,1,2
1,0.3231471,0.2921809,1,1,1,1,1,1,2
1,0.3113769,0.2831521,1,1,1,1,1,1,2
1,0.2999037,0.2742129,1,1,1,1,1,1,2
0.3984244,0.2887051,0.2653542,1,1,1,1,1,1,2
0.3763994,0.2766581,0.2567347,1,1,1,1,1,1,2
0.3556499,0.2650418,0.2483099,1,1,1,1,1,1,2
0.336076,0.253835,0.2400728,1,1,1,1,1,1,2
0.3175887,0.2430187,1,1,1,1,1,1,1,2
0.3001083,0.2325751,1,1,1,1,1,1,1,2
0.283563,0.2224879,1,1,1,1,1,1,1,2
0.2678875,0.2127414,1,1,1,1,1,1,1,2
0.2530234,0.2033215,1,1,0.9745036,1,1,1,1,2
0.238917,0.1942148,1,1,0.9377301,1,1,1,1,2
0.2255199,0.1854087,1,1,0.9274181,1,1,1,1,2
0.212788,0.1768915,1,1,0.9334752,1,1,1,1,2
0.2006809,0.1686526,1,1,0.9403464,1,1,1,1,2
0.1891618,0.2421654,1,1,0.9480823,1,1,1,1,2
0.1781971,0.3480614,1,0.9746292,0.9567398,1,1,1,1,2
0.1679122,0.8962395,1,0.934993,0.9647061,1,1,1,1,2
0.1583785,0.8880211,1,0.9023814,0.9697573,1,0.9910113,1,1,2
0.1492729,0.8802111,1,0.8728046,0.973963,1,0.9785633,1,1,2
0.1448608,0.8727462,1,0.8459964,0.9770929,1,0.9667916,1,1,2
0.1640965,0.8655626,1,0.832782,0.9790004,1,0.9556268,1,1,2
0.1837723,0.8586046,1,0.8305538,0.9794642,1,0.9450353,1,1,2
0.2038361,0.8518149,1,0.8276197,0.9787308,1,0.9348736,1,1,2
0.224143,0.8451559,1,0.8239441,0.9767373,1,0.9250995,1,1,2
0.2445202,1,1,0.8194955,0.9734293,1,0.9156852,1,1,2
0.2647622,1,1,0.8142068,0.9686912,1,0.9066189,1,1,1
0.2847335,1,1,0.8081248,0.9626026,1,0.8978586,1,1,1
0.3042573,1,1,0.8012379,0.955144,0.9917445,0.8893908,1,1,1
0.3229363,1,1,0.7933385,0.9459689,0.982484,0.8812829,1,1,1
0.3405448,1,1,0.784413,0.9350602,0.9740911,0.8735372,1,1,1
0.3569156,1,1,0.7745088,0.9225073,0.9665421,0.8661517,1,1,1
0.371927,1,1,0.7636886,0.9084271,0.9598181,0.8591267,1,1,0
0.3854991,1,1,0.7520284,0.8929604,0.9539055,0.8524667,1,1,0
0.3975959,1,1,0.7396162,0.8762692,0.948795,0.8461789,1,1,0
0.4082235,1,1,0.7265499,0.8585304,0.9444798,0.8402722,1,1,0
0.8604313,1,1,0.7129333,0.8399307,0.9409496,0.8347534,1,1,0
0.8610108,1,1,0.6943431,0.8131402,0.9433526,0.8319276,1,1,0
0.9975618,1,1,0.6758782,0.7867212,0.9468848,0.8297566,1,1,0
1,1,1,0.6572833,0.7602446,0.9520987,0.8285025,1,1,0
1,1,1,0.6525309,0.7349693,1,0.8277559,1,1,0
1,1,1,0.6614115,0.7108024,1,0.8275317,1,1,0
1,0.9363045,1,0.6715022,0.6876608,0.8252013,0.82784,1,1,0
1,0.8625976,1,0.6829427,0.6654686,0.7925873,0.828696,1,1,0
1,0.8039147,1,0.6958959,0.6441571,0.7616947,0.8301165,1,1,0
1,0.7559256,1,0.7105539,0.6236646,0.7323765,0.8321205,1,1,0
1,0.7158166,1,0.7271448,0.6039335,0.7045007,0.8347292,1,1,0
1,0.7082133,1,0.7459402,0.5849122,0.6779501,0.8379661,0.7849452,1,0
1,0.7037001,1,0.7672597,0.5665528,0.6526195,0.8418535,0.724956,1,0
1,0.6993219,1,0.7915066,0.5653909,0.6284138,0.8464239,0.7212961,1,0
1,0.695078,1,1,0.5745898,0.6052485,0.8517056,0.7181129,1,0
1,0.6909671,1,1,0.5850579,0.5830457,1,0.7154084,1,0
1,0.6869884,1,1,0.5969405,0.5617357,1,0.7131827,1,0
1,0.6831414,1,1,0.6104227,0.5412547,0.70804,0.7114436,1,0
1,0.6794261,1,1,0.6257087,0.5215447,0.6746948,0.7101937,1,0
1,0.6758425,1,1,0.6430421,0.5025526,0.6432162,0.7094367,1,0
1,0.6723914,1,1,0.6627302,0.4842303,0.6134376,0.7091841,1,0
1,0.6690735,1,1,0.6851211,0.4922127,0.5852116,0.7094392,1,0
1,0.6658901,1,1,0.7106645,0.5016083,0.5584071,0.7102164,1,0
1,0.6628431,1,1,1,0.5122687,0.5329071,0.7115249,1,0
1,0.6599343,1,1,1,0.5243382,0.5086068,0.7133758,1,0
1,0.6571662,1,1,1,0.5379932,0.485412,0.7157849,0.6661636,0
1,0.6545417,1,1,1,0.5534347,0.4632381,0.7187665,0.662562,0
1,0.6520647,1,1,1,0.5709085,0.4420094,0.72234,0.659458,0
1,0.649739,1,1,1,0.5907017,0.4216557,0.7265239,0.6568466,0
1,0.6475689,1,1,1,0.6131681,0.4021145,0.7313419,0.6547273,0
1,0.6455598,1,1,1,0.6387302,0.3999582,1,0.6530979,0
1,0.6437181,1,1,1,1,0.4080888,0.6106462,0.6519569,0
1,0.6420504,1,1,1,1,0.4172472,0.5688084,0.6513075,0
1,0.6405644,1,1,1,1,0.4275299,0.5300643,0.6511477,0
1,0.6392692,1,1,1,1,0.4390593,0.4940709,0.6514828,0
1,0.6381744,1,1,1,1,0.4519714,0.4605337,0.6523162,0
1,0.637291,0.7573602,1,1,1,0.4664301,0.4291982,0.6536559,0
1,0.6366317,0.71798,1,1,1,0.4826148,0.3998446,0.6555048,0
1,0.6362113,0.6823989,1,1,1,0.5007491,0.3722815,0.6578732,0
1,0.6360454,0.6500401,1,1,1,0.5210845,0.3463401,0.6607666,0
1,0.636152,0.620424,1,1,1,0.543935,0.3218728,0.6641985,0
1,0.6365518,0.5931733,1,1,1,1,0.3077455,0.6681769,0
1,0.6332737,0.5735891,1,1,1,1,0.3125444,0.6716595,0
1,0.6287671,0.5566684,1,1,1,1,0.3173102,1,1
1,0.6123461,0.555611,1,1,1,1,0.3179568,0.5462168,0
1,0.6100412,0.5363268,1,1,1,1,0.3241223,0.4865083,0
1,0.6085354,0.5172995,1,1,1,1,0.3311229,0.4319122,0
1,0.6076541,0.4988262,1,1,1,1,0.3389486,0.3823135,0
1,0.607215,0.4811116,1,1,1,1,0.3475772,0.3373975,0
1,0.6070349,0.4642664,1,1,1,1,0.3569874,0.2967439,0
1,0.606929,0.4483512,1,1,1,1,0.3671417,0.2634087,0
1,0.6065699,0.4334539,1,1,1,1,0.3779426,0.2675904,0
1,0.6043369,0.420301,1,1,1,1,0.3886871,0.2718592,0
1,0.6001052,0.4086105,1,1,1,1,0.3992743,0.2761727,0
1,0.5937725,0.3981661,1,1,1,1,0.4096007,0.2804897,0
1,0.5852693,0.3887951,1,1,1,1,0.4195668,0.2847735,0
1,0.5745596,0.3803679,0.5901154,1,1,1,0.4290697,0.2889853,1
1,0.5536388,0.3760827,0.5828868,1,1,1,1,0.2918845,2
1,0.5164541,0.3792438,1,1,1,1,1,0.2921916,2
1,0.4872926,0.3795593,1,1,1,1,1,0.2934342,2
1,0.4583286,0.3804367,1,1,1,1,1,0.2944717,2
1,0.4297374,0.3818786,1,1,1,1,1,0.2953157,2
1,0.4016667,0.3838887,1,1,1,1,1,0.2959785,2
1,0.3742351,0.3864706,1,1,1,1,1,0.2964725,2
1,0.3475315,0.3896296,1,1,1,1,1,0.2968096,2
1,0.3216195,0.3933659,1,1,1,1,1,0.297004,2
1,0.296538,0.3976807,1,1,1,1,1,0.2970686,2
1,0.2723049,0.4025759,1,1,1,1,1,0.2970149,2
1,0.2580755,0.408049,1,1,1,1,1,0.2968558,2
1,0.258773,0.4138791,1,1,1,1,1,0.2966399,2
1,0.2595237,0.4196963,1,1,1,1,1,0.2964309,2
1,0.2603169,0.4254786,1,1,1,1,1,0.296227,2
1,0.261146,0.4312102,1,1,1,1,1,0.2960238,2
0.4501375,0.2620049,1,1,1,1,1,1,0.2958182,2
0.3608622,0.265231,1,1,1,1,1,1,0.2944047,2
0.2853082,0.269177,1,1,1,1,1,1,0.2928015,2
0.2221624,0.2736487,1,1,1,1,1,1,0.2911274,2
0.2194809,0.2786733,1,1,1,1,1,1,0.2893856,2
0.2211729,0.2842896,1,1,1,1,1,1,0.2875723,2
0.2232057,0.2905363,1,1,1,1,1,1,0.285687,2
0.225585,0.2974528,1,1,1,1,1,1,0.2837319,2
0.228324,0.3050914,1,1,1,1,1,1,0.2817026,2
0.2314304,0.313502,1,1,1,1,1,1,0.2796011,2
0.2347882,0.3223119,1,1,1,1,1,1,0.2774782,2
0.238368,0.3314644,1,1,1,1,1,1,0.2753255,2
0.2421498,1,1,1,1,1,1,1,0.2731299,1
0.2438544,1,1,1,1,1,1,1,0.2714577,1
0.2455246,1,1,1,1,1,1,1,0.2698068,1
0.247164,1,1,1,1,1,1,1,0.2681741,1
0.2487699,1,1,1,1,1,1,1,0.2665627,1
0.2503392,1,1,1,1,1,1,1,1,2
0.2548316,1,1,1,1,1,1,1,1,2
0.2597569,1,1,1,1,1,1,1,1,2
0.2651342,1,1,1,1,1,1,1,1,2
0.2709845,1,1,1,1,1,1,1,1,2
0.2773271,1,1,0.9994232,1,1,1,1,1,2
0.284187,1,0.9961481,0.9919732,1,1,1,1,1,2
1,1,0.983691,0.9849856,1,1,1,1,1,1
1,1,0.9740928,0.975375,1,1,1,1,1,1
1,1,0.9644953,0.9657639,1,1,1,1,1,1
1,1,0.9548982,0.9561523,1,1,1,1,1,1
1,1,0.9453015,0.9465401,1,1,1,1,1,1
1,1,0.9357053,0.9369274,1,1,1,1,1,1
1,1,0.9261093,0.9273142,1,1,1,1,1,1
1,1,0.9165137,0.9177005,1,1,1,1,1,1
1,1,0.9069183,0.9080861,1,1,1,1,1,1
1,1,0.8973234,0.8984715,1,1,1,1,1,1
1,1,0.8877285,0.8888561,1,1,1,1,1,1
1,1,0.8781341,0.8792405,1,1,1,1,1,1
1,1,0.8685396,0.8696243,1,1,1,1,1,1
1,1,0.8589453,0.8600076,1,1,1,1,1,1
1,1,0.8493511,0.8503907,1,1,1,1,1,1
1,1,0.8397571,0.8407734,1,1,1,1,1,1
1,1,0.8301631,0.8311557,1,1,1,1,1,1
1,1,0.820569,0.8215375,1,1,1,1,1,1
1,1,0.810975,0.811919,1,1,1,1,1,1
1,1,0.8013808,0.8023002,1,1,1,1,1,1
1,1,0.7917867,0.7926811,1,1,1,1,1,1
1,1,0.7821923,0.7830616,1,1,1,1,1,1
1,1,0.7725979,0.773442,1,1,1,1,1,1
1,1,0.7630031,0.763822,1,1,1,1,1,1
1,1,0.7534081,0.7542017,1,1,1,1,1,1
1,1,0.7438129,0.7445812,1,1,1,1,1,1
1,1,0.7342175,0.7349606,1,1,1,1,1,1
1,1,0.7246218,0.7253397,1,1,1,1,1,1
1,1,0.7150257,0.7157186,1,1,1,1,1,1
1,1,0.7054293,0.7060975,1,1,1,1,1,1
1,1,0.6958325,0.6964761,1,1,1,1,1,1
1,1,0.6862353,0.6868547,1,1,1,1,1,1
1,1,0.6766378,0.6772332,1,1,1,1,1,1
1,1,0.6670398,0.6676116,1,1,1,1,1,1
1,1,0.6574413,0.6579899,1,1,1,1,1,1
1,1,0.6478425,0.6483682,1,1,1,1,1,1
1,1,0.6382432,0.6387464,1,1,1,1,1,1
1,1,0.6286434,0.6291246,1,1,1,1,1,1
1,1,0.619043,0.6195027,1,1,1,1,1,1
1,1,0.6094422,0.6098808,1,1,1,1,1,1
1,1,0.5998409,0.600259,1,1,1,1,1,1
1,1,0.590239,0.5906371,1,1,1,1,1,1
1,1,0.5806367,0.5810153,1,1,1,1,1,1
1,1,0.5710339,0.5713936,1,1,1,1,1,1
1,1,0.5614305,0.5617718,1,1,1,1,1,1
1,1,0.5518265,0.5521501,1,1,1,1,1,1
1,1,0.5422221,0.5425285,1,1,1,1,1,1
1,1,0.5326171,0.5329068,1,1,1,1,1,1
1,1,0.5230116,0.5232852,1,1,1,1,1,1
1,1,0.5134055,0.5136637,1,1,1,1,1,1
1,1,0.503799,0.5040423,1,1,1,1,1,1
1,0.5804291,0.4941921,0.4944211,1,1,1,1,1,2
1,0.5658433,0.4840428,0.4854602,1,1,1,1,1,2
1,0.5515797,0.4739988,0.4765316,1,1,1,1,1,2
1,0.5376274,0.4640544,0.4676295,1,1,1,1,1,2
1,0.5239746,0.4542044,0.4587488,1,1,1,1,1,2
1,0.5106084,0.4444428,0.4498841,1,1,1,1,1,2
1,0.4975157,0.434764,0.4410304,1,1,1,1,1,2
1,0.4846827,0.4251619,0.4321831,1,1,1,1,1,2
1,0.472096,0.4156311,0.4233379,1,1,1,1,1,2
1,0.459742,0.4061661,0.4144912,1,1,1,1,1,2
1,0.4476072,0.3967615,0.4056393,1,1,1,1,1,2
1,0.4356784,0.3874123,0.3967791,1,1,1,1,1,2
1,0.4239429,0.3781137,0.3879081,1,1,1,1,1,2
1,0.4123881,0.3688612,0.379024,1,1,1,1,1,2
1,0.4010023,0.3596505,0.370125,1,1,1,1,1,2
1,0.389774,0.3504779,0.3612096,1,1,1,1,1,2
1,0.3786921,0.3413395,1,1,1,1,1,1,2
1,0.3666174,0.3322526,1,1,1,1,1,1,2
0.4963226,0.3548352,0.3232571,1,1,1,1,1,1,2
0.4712261,0.3418728,0.3144758,1,1,1,1,1,1,2
0.4476206,0.3293933,0.3059174,1,1,1,1,1,1,2
0.4253869,0.3173736,0.2975748,1,1,1,1,1,1,2
0.4044187,0.305792,0.289442,1,1,1,1,1,1,2
0.3846205,0.2946286,0.2815126,1,1,1,1,1,1,2
0.3659064,0.2838645,0.2737808,1,1,1,1,1,1,2
0.3481995,0.2734825,1,1,1,1,1,1,1,2
0.3314303,0.2634668,1,1,1,1,1,1,1,2
0.315535,0.2538019,1,1,1,1,1,1,1,2
0.3004569,0.2444743,1,1,1,1,1,1,1,2
0.2861438,0.2354707,1,1,1,1,1,1,1,2
0.2725484,0.2267793,1,1,1,1,1,1,1,2
0.2596274,0.2183888,1,1,1,1,1,1,1,2
0.2473412,0.2102886,1,1,1,1,1,1,1,2
0.2356541,0.2024692,1,1,1,1,1,1,1,2
0.2246036,0.1949278,1,1,1,1,1,1,1,2
0.2141778,0.3331302,1,1,1,1,1,1,1,2
0.2043538,0.5825033,1,1,1,1,1,1,1,2
0.1950571,1,1,1,1,1,1,1,1,2
0.1862124,1,1,1,1,1,1,1,1,2
0.1776955,1,1,1,1,1,1,1,1,2
0.1694877,1,1,1,1,1,0.9929746,1,1,2
0.1719312,1,1,1,1,1,0.9814173,1,1,2
0.1974964,1,1,1,1,1,0.9702648,1,1,2
0.224223,1,1,1,1,1,0.9595425,1,1,2
0.251969,1,1,1,1,1,0.9491864,1,1,2
0.2805686,1,1,1,1,1,0.9391441,1,1,2
0.3098441,1,1,1,1,1,0.9293696,1,1,2
0.3396007,1,1,1,1,1,0.9198242,1,1,2
0.3696315,1,1,1,1,1,0.9104772,1,1,2
0.3997218,1,1,1,1,0.996886,0.9013033,1,1,2
0.4294996,1,1,1,1,0.9859138,0.8923027,1,1,1
0.4583354,1,1,1,1,0.9755512,0.8834971,1,1,1
0.4859613,1,1,1,1,0.965741,0.8748681,1,1,1
0.5121576,1,1,1,1,0.9564333,0.8664004,1,1,1
0.5367495,1,1,1,1,0.947588,0.858084,1,1,1
1,1,1,1,1,0.9391721,0.849913,1,1,0
1,1,1,1,1,0.9337605,0.8427671,1,1,0
1,1,1,1,1,0.9286425,0.8357869,1,1,0
1,1,1,1,1,1,0.8289801,1,1,0
1,1,1,1,1,1,0.8218685,1,1,0
1,1,1,1,1,1,0.8148686,1,1,0
1,1,1,1,1,1,0.8079857,1,1,0
1,1,1,1,1,1,0.8012248,1,1,0
1,1,1,1,1,1,0.794588,1,1,0
1,1,1,1,1,1,0.7880803,1,1,0
1,1,1,1,1,1,0.7817066,1,1,0
1,1,1,1,1,1,0.793969,1,1,0
1,1,1,1,1,1,0.7877524,1,1,0
1,1,1,1,1,1,0.7816738,1,1,0
1,1,1,1,1,1,0.7757309,1,1,0
1,1,1,1,1,1,0.7699316,1,1,0
1,1,1,1,1,1,0.7642767,0.7388053,1,0
1,1,1,1,1,1,0.7614787,0.7294593,1,0
1,1,1,1,1,1,0.7592347,0.7205687,1,0
1,1,1,1,1,1,0.7574986,0.7121608,1,0
1,1,1,1,1,1,0.756231,0.7042428,1,0
1,1,1,1,1,1,1,0.6788726,1,0
1,1,1,1,1,1,1,0.6719718,1,0
1,1,1,1,1,1,1,0.6652986,1,0
1,1,1,1,1,1,1,0.6588603,1,0
1,1,1,1,1,1,1,0.6526638,1,0
1,1,1,1,1,1,1,0.6467159,1,0
1,1,1,1,1,1,1,0.6410227,1,0
1,1,1,1,1,1,1,0.6355934,1,0
1,1,1,1,1,1,1,0.6304302,1,0
1,1,1,1,1,1,1,0.6435419,1,0
1,1,1,1,1,1,1,0.6389003,0.6712136,0
1,1,1,1,1,1,1,0.6350462,0.6609322,0
1,1,1,1,1,1,1,0.6316296,0.6512596,0
1,1,1,1,1,1,1,0.6286522,0.6421765,0
1,1,1,1,1,1,1,0.6261165,0.6151897,0
1,1,1,1,1,1,1,0.6240233,0.6073241,0
1,1,1,1,1,1,1,0.6223775,0.5999885,0
1,1,1,1,1,1,1,1,0.5931705,0
1,1,1,1,1,1,1,1,0.5872241,0
1,1,1,1,1,1,1,1,0.5816071,0
1,1,1,1,1,1,1,1,0.5763263,0
1,1,1,1,1,1,1,1,0.5713912,0
1,1,1,1,1,1,1,1,0.5848103,0
1,1,1,1,1,1,1,1,0.5805777,0
1,1,1,1,1,1,1,1,0.5766914,0
1,1,1,1,1,1,1,1,0.5731536,0
1,1,1,1,1,1,1,1,0.5699692,0
1,1,1,1,1,1,1,1,0.5671428,0
1,1,1,1,1,1,1,1,0.5646759,0
1,1,1,1,1,1,1,1,0.5625724,0
1,1,1,1,1,1,1,1,1,1
1,1,1,1,1,1,1,1,1,1
1,1,1,1,1,1,1,1,1,1
1,1,1,1,1,1,1,1,1,1
1,1,1,1,1,1,1,1,1,1
1,1,1,1,1,1,1,1,1,1
1,0.9531687,1,1,1,1,1,1,1,1
1,0.9509668,1,1,1,1,1,1,1,1
1,0.9522673,1,1,1,1,1,1,1,1
1,0.9535584,1,1,1,1,1,1,1,1
1,0.9548399,1,1,1,1,1,1,1,1
1,0.9561121,1,1,1,1,1,1,1,1
1,0.9573706,1,1,1,1,1,1,1,1
1,1,1,1,1,1,1,1,1,1
1,1,1,1,1,1,1,1,1,1
1,1,1,1,1,1,1,1,1,1
1,1,1,1,1,1,1,1,1,1
1,1,1,1,1,1,1,1,1,1
1,1,1,1,1,1,1,1,1,1
1,1,1,1,1,1,1,1,1,1
1,1,1,1,1,1,1,1,1,1
1,1,1,1,1,1,1,1,1,1
1,1,1,1,1,1,1,1,1,1
1,1,1,1,1,1,1,1,1,1
1,1,1,1,1,1,1,1,1,1
1,1,1,1,1,1,1,1,1,1
1,1,1,1,1,1,1,1,1,1
1,1,1,1,1,1,1,1,1,1
1,1,1,1,1,1,1,1,1,1
0.9449061,1,1,1,1,1,1,1,1,1
0.9005268,1,1,1,1,1,1,1,1,1
0.8514847,1,1,1,1,1,1,1,1,2
0.7983958,1,1,1,1,1,1,1,1,2
0.7628301,1,1,1,1,1,1,1,1,2
0.7654744,1,1,1,1,1,1,1,1,2
0.7682701,1,1,1,1,1,1,1,1,2
0.7712114,1,1,1,1,1,1,1,1,2
0.7742953,1,1,1,1,1,1,1,1,2
0.7775155,1,1,1,1,1,1,1,1,2
0.7808686,1,1,1,1,1,1,1,1,2
0.7843484,1,1,1,1,1,1,1,1,2
0.7879512,1,1,1,1,1,1,1,1,2
0.7916707,1,1,1,1,1,1,1,1,2
0.7954997,1,1,1,1,1,1,1,1,2
0.799435,1,1,1,1,1,1,1,1,2
1,1,1,1,1,1,1,1,1,1
1,1,1,1,1,1,1,1,1,1
1,1,1,1,1,1,1,1,1,1
1,1,1,1,1,1,1,1,1,1
1,1,1,1,1,1,1,1,1,1
1,1,1,1,1,1,1,1,1,1
1,1,1,1,1,1,1,1,1,1
1,1,1,1,1,1,1,1,1,1
1,1,1,1,1,1,1,1,1,1
1,1,1,1,1,1,1,1,1,1
1,1,1,1,1,1,1,1,1,1
1,1,1,1,1,1,1,1,1,1
1,1,1,1,1,1,1,1,1,1
1,1,1,1,1,1,1,1,1,1
1,1,1,1,1,1,1,1,1,1
1,1,1,1,1,1,1,1,1,1
1,1,1,1,1,1,1,1,1,1
1,1,1,1,1,1,1,1,1,1
1,1,1,1,1,1,1,1,1,1
1,1,1,1,1,1,1,1,1,1
1,1,1,1,1,1,1,1,1,1
1,1,1,1,1,1,1,1,1,1
1,1,1,1,1,1,1,1,1,1
1,1,1,1,1,1,1,1,1,1
1,1,1,1,1,1,1,1,1,1
1,1,1,1,1,1,1,1,1,1
1,1,1,1,1,1,1,1,1,1
1,1,1,1,1,1,1,1,1,1
1,1,1,1,1,1,1,1,1,1
1,1,1,1,1,1,1,1,1,1
1,1,1,1,1,1,1,1,1,1
1,1,1,1,1,1,1,1,1,1
1,1,1,1,1,1,1,1,1,1
1,1,1,1,1,1,1,1,1,1
1,1,1,1,1,1,1,1,1,1
1,1,1,1,1,1,1,1,1,1
1,1,1,1,1,1,1,1,1,1
1,1,1,1,1,1,1,1,1,1
1,1,1,1,1,1,1,1,1,1
1,1,1,1,1,1,1,1,1,1
1,1,1,1,1,1,1,1,1,1
1,1,1,1,1,1,1,1,1,1
1,1,1,1,1,1,1,1,1,1
1,1,1,1,1,1,1,1,1,1
1,0.9941987,1,1,1,1,1,1,1,1
1,0.980661,1,1,1,1,1,1,1,1
1,0.9667934,1,1,1,1,1,1,1,1
1,0.9526043,1,1,1,1,1,1,1,1
1,0.9381049,1,1,1,1,1,1,1,1
1,0.9233081,1,1,1,1,1,1,1,1
1,0.9082291,1,1,1,1,1,1,1,1
1,0.8928854,1,1,1,1,1,1,1,1
1,0.8772961,1,1,1,1,1,1,1,1
1,0.8614826,1,1,1,1,1,1,1,1
1,0.8454677,1,1,1,1,1,1,1,2
1,0.8292751,1,1,1,1,1,1,1,2
1,0.8129314,1,1,1,1,1,1,1,2
1,0.7964625,1,1,1,1,1,1,1,2
1,0.7798961,1,1,1,1,1,1,1,2
1,0.7632596,1,1,1,1,1,1,1,2
1,0.746581,1,1,1,1,1,1,1,2
1,0.7298881,1,1,1,1,1,1,1,2
1,0.7132081,1,1,1,1,1,1,1,2
1,0.6965675,1,1,1,1,1,1,1,2
1,0.6872862,1,1,1,1,1,1,1,2
1,0.6981755,1,1,1,1,1,1,1,2
1,0.709129,1,1,1,1,1,1,1,2
1,0.7201246,1,1,1,1,1,1,1,2
1,0.731146,1,1,1,1,1,1,1,2
1,0.7421769,1,1,1,1,1,1,1,2
1,0.7532007,1,1,1,1,1,1,1,2
1,0.7642011,1,1,1,1,1,1,1,2
1,0.7751619,1,1,1,1,1,1,1,2
0.8819906,0.7860619,1,1,1,1,1,1,1,2
0.8500029,0.8020359,1,1,1,1,1,1,1,2
0.8182071,0.8195585,1,1,1,1,1,1,1,2
0.7867761,0.8387197,1,1,1,1,1,1,1,2
0.7558638,0.8596118,1,1,1,1,1,1,1,2
0.7256038,1,1,1,1,1,1,1,1,2
0.6986925,1,1,1,1,1,1,1,1,2
0.6718103,1,1,1,1,1,1,1,1,2
0.6450909,1,1,1,1,1,1,1,1,2
0.6186614,1,1,1,1,1,1,1,1,2
0.594642,1,1,1,1,1,1,1,1,2
0.605738,1,1,1,1,1,1,1,1,2
0.6170849,1,1,1,1,1,1,1,1,2
0.6286669,1,1,1,1,1,1,1,1,2
0.6404626,1,1,1,1,1,1,1,1,2
0.6524505,1,1,1,1,1,1,1,1,2
0.6646122,1,1,1,1,1,1,1,1,2
0.6769245,1,1,1,1,1,1,1,1,2
0.689364,1,1,1,1,1,1,1,1,2
0.701911,1,1,1,1,1,1,1,1,2
0.7145407,1,1,1,1,1,1,1,1,2
0.7272332,1,1,1,1,1,1,1,1,2
0.7399678,1,1,1,1,1,1,1,1,2
0.7527199,1,1,1,1,1,1,1,1,2
0.7654687,1,1,1,1,1,1,1,1,2
0.77819,1,1,1,1,1,1,1,1,2
1,1,1,1,1,1,1,1,1,1
1,1,1,1,1,1,1,1,1,1
1,1,1,1,1,1,1,1,1,1
1,1,1,1,1,1,1,1,1,1
1,1,1,1,1,1,1,1,1,1
1,1,1,1,1,1,1,1,1,1
1,1,1,1,1,1,1,1,1,1
1,1,1,1,1,1,1,1,1,1
1,1,1,1,1,1,1,1,1,1
1,1,1,1,1,1,1,1,1,1
1,1,1,1,1,1,1,1,1,1
1,1,1,1,1,1,1,1,1,1
1,1,1,1,1,1,1,1,1,1
1,1,1,1,1,1,1,1,1,1
1,1,1,1,1,1,1,1,1,1
1,1,1,1,1,1,1,1,1,1
1,1,1,1,1,1,1,1,1,1
1,1,1,1,1,1,1,1,1,1
1,1,1,1,1,1,1,1,1,1
1,1,1,1,1,1,1,1,1,1
1,1,1,1,1,1,1,1,1,1
1,1,1,1,1,1,1,1,1,1
1,1,1,1,1,1,1,1,1,1
1,1,1,1,0.9926811,1,1,1,1,1
1,1,1,1,0.9829408,1,1,1,1,1
1,1,1,1,0.9735416,1,1,1,1,1
1,1,1,1,0.9644681,1,1,1,1,1
1,1,1,1,0.9557002,0.9974354,1,1,1,1
1,1,1,1,0.9473372,0.9851938,1,1,1,1
1,1,1,1,0.9397783,0.972532,1,1,1,1
1,1,1,1,0.9330115,0.9594747,1,1,1,1
1,1,1,1,0.9270204,0.9460484,1,1,1,1
1,1,1,1,0.9217975,0.9322821,1,1,1,1
1,1,1,1,0.9173315,0.9182056,1,1,1,1
1,1,1,1,0.9136136,0.9038504,1,1,1,0
1,1,1,1,0.9106367,0.8892493,1,1,1,0
1,1,1,1,0.9084021,0.8744346,1,1,1,0
1,1,1,1,0.9069058,0.8594391,1,1,1,0
1,1,1,1,0.9061465,0.8442949,1,1,1,0
1,1,1,1,0.9061235,0.829034,1,1,1,0
1,1,1,1,0.9068376,0.8136872,1,1,1,0
1,1,1,1,0.9082981,0.7982846,1,1,1,0
1,1,1,1,0.9105021,0.7828534,1,1,1,0
1,1,1,1,0.9134544,0.7674207,1,1,1,0
1,1,1,1,0.9171611,0.7520105,1,1,1,0
1,1,1,1,0.9216299,0.736646,1,1,1,0
1,1,1,1,0.9268624,0.7213469,1,1,1,0
1,1,1,1,1,0.7061319,1,1,1,0
1,1,1,1,1,0.6915951,1,1,1,0
1,1,1,1,1,0.6882809,0.857788,1,1,0
1,1,1,1,1,0.693287,0.8323002,1,1,0
1,1,1,1,1,0.6993327,0.8070775,1,1,0
1,1,1,1,1,0.7064579,0.7822021,1,1,0
1,1,1,1,1,0.7146995,0.7577448,1,1,0
1,1,1,1,1,0.7241021,0.7337641,1,1,0
1,1,1,1,1,0.7347019,0.710306,1,1,0
1,1,1,1,1,0.7465498,0.6874064,1,1,0
1,1,1,1,1,0.7596875,0.66509,1,1,0
1,1,1,1,1,0.7741663,0.6433721,1,1,0
1,1,1,1,1,0.7900343,0.622259,1,1,0
1,1,1,1,1,1,0.6017506,1,1,0
1,1,1,1,1,1,0.5835673,1,1,0
1,1,1,1,1,1,0.5655814,1,1,0
1,1,1,1,1,1,0.5478155,1,1,0
1,1,1,1,1,1,0.5521241,1,1,0
1,1,1,1,1,1,0.5568797,1,1,0
1,1,1,1,1,1,0.5618206,1,1,0
1,1,1,1,1,1,0.566946,1,1,0
1,1,1,1,1,1,0.5722448,1,1,0
1,1,1,1,1,1,0.5777155,1,1,0
1,1,1,1,1,1,0.583352,1,1,0
1,1,1,1,1,1,0.5891417,0.6731259,1,0
1,1,1,1,1,1,0.6058086,0.6322135,1,0
1,1,1,1,1,1,0.6242752,0.5941418,1,0
1,1,1,1,1,1,0.6447536,0.5586162,1,0
1,1,1,1,1,1,1,0.5253814,1,0
1,1,1,1,1,1,1,0.497409,1,0
1,1,1,1,1,1,1,0.470272,1,0
1,1,1,1,1,1,1,0.4440325,1,0
1,1,1,1,1,1,1,0.4207964,1,0
1,1,1,1,1,1,1,0.4277443,1,0
1,1,1,1,1,1,1,0.4351126,1,0
1,1,1,1,1,1,1,0.4428986,1,0
1,1,1,1,1,1,1,0.4510905,1,0
1,1,1,1,1,1,1,0.4596841,1,0
1,1,1,1,1,1,1,0.4686747,0.586414,0
1,1,1,1,1,1,1,0.4809144,0.5295175,0
1,1,1,1,1,1,1,0.4942452,0.4785095,0
1,1,1,1,1,1,1,0.5087578,0.4325226,0
1,1,1,1,1,1,1,0.52455,0.3908531,0
1,1,1,1,1,1,1,1,0.3751059,0
1,1,1,1,1,1,1,1,0.3817673,0
1,1,1,1,1,1,1,1,0.3889793,0
1,1,1,1,1,1,1,1,0.3967723,0
1,1,1,1,1,1,1,1,0.4051725,0
1,1,1,1,1,1,1,1,0.4142086,0
1,1,1,1,1,1,1,1,0.4238181,0
1,1,1,1,1,1,1,1,0.4339258,0
1,1,1,1,1,1,1,1,0.4445196,0
1,1,1,1,1,1,1,1,0.4555897,0
1,1,1,1,1,1,1,1,0.4671248,0
1,1,1,1,1,1,1,1,0.4791124,0
1,1,1,1,1,1,1,1,1,1
1,1,1,1,1,1,1,1,1,1
1,1,1,1,1,1,1,1,1,1
1,1,1,1,1,1,1,1,1,1
1,1,1,1,1,1,1,1,1,1
1,1,1,1,1,1,1,1,1,1
1,1,1,1,1,1,1,1,1,1
1,1,1,1,1,1,1,1,1,1
1,1,1,1,1,1,1,1,1,1
1,1,1,1,1,1,1,1,1,1
1,1,1,1,1,1,1,1,1,1
1,1,1,1,1,1,1,1,1,1
1,1,1,1,1,1,1,1,1,1
1,1,1,1,1,1,1,1,1,1
1,1,1,1,1,1,1,1,1,1
1,1,1,1,1,1,1,1,1,1
1,1,1,1,1,1,1,1,1,1
1,1,1,1,1,1,1,1,1,1
1,1,1,1,1,1,1,1,1,1
1,1,1,1,1,1,1,1,1,1
1,1,1,1,1,1,1,1,1,1
1,1,1,1,1,1,1,1,1,1
1,1,1,1,1,1,1,1,1,1
1,1,1,1,1,1,1,1,1,1
1,1,1,1,1,1,1,1,1,1
1,1,1,1,1,1,1,1,1,1
1,1,1,1,1,1,1,1,1,1
1,1,1,1,1,1,1,1,1,1
1,1,1,1,1,1,1,1,1,1
1,1,1,1,1,1,1,1,1,1
1,1,1,1,1,1,1,1,1,1
1,1,1,1,1,1,1,1,1,1
0.9781947,1,1,1,1,1,1,1,1,1
0.9736887,1,1,1,1,1,1,1,1,1
0.9691616,1,1,1,1,1,1,1,1,1
0.9646174,1,1,1,1,1,1,1,1,1
0.9600573,1,1,1,1,1,1,1,1,1
0.9554852,1,1,1,1,1,1,1,1,1
0.9509056,1,1,1,1,1,1,1,1,1
0.9463198,1,1,1,1,1,1,1,1,1
0.9417292,1,0.9834576,1,1,1,1,1,1,1
0.9370618,1,0.9660681,1,1,1,1,1,1,1
0.9323272,1,0.9479594,1,1,1,1,1,1,2
0.9275376,1,0.9291665,1,1,1,1,1,1,2
0.9227106,1,0.9097341,1,1,1,1,1,1,2
0.9178634,1,0.8897151,1,1,1,1,1,1,2
0.9130182,1,0.8691705,1,1,1,1,1,1,2
0.9081969,1,0.8481694,1,1,1,1,1,1,2
0.9034265,1,0.8267864,1,1,1,1,1,1,2
0.8987325,1,0.8051018,1,1,1,1,1,1,2
0.8941461,1,0.8026136,1,1,1,1,1,1,2
0.8897413,1,0.8058931,1,1,1,1,1,1,2
0.8855362,1,0.8094913,1,1,1,1,1,1,2
0.8815306,1,0.8134059,1,1,1,1,1,1,2
0.8777242,1,0.8176339,1,1,1,1,1,1,2
0.8741161,1,0.822172,1,1,1,1,1,1,2
0.8707079,1,0.8270211,1,1,1,1,1,1,2
0.8674948,1,0.8321725,1,1,1,1,1,1,2
0.8644744,1,0.8376215,1,1,1,1,1,1,2
0.9174153,1,1,1,1,1,1,1,1,1
1,1,1,1,1,1,1,1,1,1
1,1,1,1,1,1,1,1,1,1
1,1,1,1,1,1,1,1,1,1
1,1,1,1,1,1,1,1,1,1
1,1,1,1,1,1,1,1,1,1
1,1,1,1,1,1,1,1,1,1
1,1,1,1,1,1,1,1,1,1
1,1,1,1,1,1,1,1,1,1
1,1,1,1,1,1,1,1,1,1
1,1,1,1,1,1,1,1,1,1
1,1,1,1,1,1,1,1,1,1
1,1,1,1,1,1,1,1,1,1
1,1,1,1,1,1,1,1,1,1
1,1,1,1,1,1,1,1,1,1
1,1,1,1,1,1,1,1,1,1
1,0.7327337,1,1,1,1,1,1,1,2
1,0.6940912,1,1,1,1,1,1,1,2
1,0.6551678,1,1,1,1,1,1,1,2
1,0.6163479,1,1,1,1,1,1,1,2
1,0.5779918,1,1,1,1,1,1,1,2
1,0.5620992,1,1,1,1,1,1,1,2
1,0.5649611,1,1,1,1,1,1,1,2
1,0.5681258,1,1,1,1,1,1,1,2
1,0.5715839,1,1,1,1,1,1,1,2
1,0.5753326,1,1,1,1,1,1,1,2
1,0.5793655,1,1,1,1,1,1,1,2
1,0.583676,1,1,1,1,1,1,1,2
1,0.588261,1,1,1,1,1,1,1,2
1,0.5931096,1,1,1,1,1,1,1,2
1,1,1,1,1,1,1,1,1,1
1,1,1,1,1,1,1,1,1,1
1,1,1,1,1,1,1,1,1,1
1,1,1,1,1,1,1,1,1,1
0.6617885,1,1,1,1,1,1,1,1,2
0.5694006,1,1,1,1,1,1,1,1,2
0.4922592,1,1,1,1,1,1,1,1,2
0.4945441,1,1,1,1,1,1,1,1,2
0.497252,1,1,1,1,1,1,1,1,2
0.5003822,1,1,1,1,1,1,1,1,2
0.5039273,1,1,1,1,1,1,1,1,2
0.5078861,1,1,1,1,1,1,1,1,2
0.5122541,1,1,1,1,1,1,1,1,2
0.5170263,1,1,1,1,1,1,1,1,2
0.5221941,1,1,1,1,1,1,1,1,2
1,1,1,1,1,1,1,1,1,1
1,1,1,1,1,1,1,1,1,1
1,1,1,1,1,1,1,1,1,1
1,1,1,1,1,1,1,1,1,1
1,1,1,1,1,1,1,1,1,1
1,1,1,1,1,1,1,1,1,1
1,1,1,1,1,1,1,1,1,1
1,1,1,1,1,1,1,1,1,1
1,1,1,1,1,1,1,1,1,1
1,1,1,1,1,1,1,1,1,1
1,1,1,1,1,1,1,1,1,1
1,1,1,1,1,1,1,1,1,1
1,1,1,1,1,1,1,1,1,1
1,1,1,1,1,1,1,1,1,1
1,1,1,1,1,1,1,1,1,1
1,1,1,1,1,1,1,1,1,1
1,1,1,1,1,1,1,1,1,1
1,1,1,1,1,1,1,1,1,1
1,1,1,1,1,1,1,1,1,1
1,1,1,1,1,1,1,1,1,1
1,1,1,1,1,1,1,1,1,1
1,1,1,1,1,1,1,1,1,1
1,1,1,1,1,1,1,1,1,1
1,1,1,1,1,1,1,1,1,1
1,1,1,1,1,1,1,1,1,1
1,1,1,1,1,1,1,1,1,1
1,1,1,1,1,1,1,1,1,1
1,1,1,1,1,1,1,1,1,1
1,1,1,1,1,1,1,1,1,1
1,1,1,1,1,1,1,1,1,1
1,1,1,1,1,1,1,1,1,1
1,1,1,1,1,1,1,1,1,1
1,1,1,1,1,1,1,1,1,1
1,1,1,1,1,1,1,1,1,1
1,1,1,1,1,1,1,1,1,1
1,1,1,1,1,1,1,1,1,1
1,1,1,1,1,1,1,1,1,1
1,1,1,1,1,1,1,1,1,1
1,1,1,1,1,1,1,1,1,1
1,1,1,1,1,1,1,1,1,1
1,1,1,1,1,1,1,1,1,1
1,1,1,1,1,1,1,1,1,1
1,1,1,1,1,1,1,1,1,1
1,1,1,1,1,1,1,1,1,1
1,1,1,1,1,1,1,1,1,1
1,1,1,1,1,1,1,1,1,1
1,1,1,1,1,1,1,1,1,1
1,1,1,1,1,1,1,1,1,1
1,1,1,1,1,1,1,1,1,1
1,1,1,1,1,1,1,1,1,1
1,1,1,1,1,1,1,1,1,1
1,1,1,1,1,1,1,1,1,1
1,1,1,1,1,1,1,1,1,1
1,1,1,1,1,1,1,1,1,1
1,1,1,1,1,1,1,1,1,1
1,1,1,1,1,1,1,1,1,1
1,1,1,1,1,1,1,1,1,1
1,1,1,1,1,1,1,1,1,1
1,1,1,1,1,1,1,1,1,1
1,1,1,1,1,1,1,1,1,1
1,1,1,1,1,1,1,1,1,1
1,1,1,1,1,1,1,1,1,1
1,1,1,1,1,1,1,1,1,1
1,1,1,1,1,1,1,1,1,1
1,1,1,1,1,1,1,1,1,1
1,1,1,1,1,1,1,1,1,1
1,1,1,1,1,1,1,1,1,1
1,1,1,1,1,1,1,1,1,1
1,1,1,1,1,1,1,1,1,1
1,1,1,1,1,1,1,1,1,1
1,1,1,1,1,1,1,1,1,1
1,1,1,1,1,1,1,1,1,1
1,1,1,1,1,1,1,1,1,1
1,1,1,1,1,1,1,1,1,1
1,1,1,1,1,1,1,1,1,1
1,1,1,1,1,1,1,1,1,1
1,1,1,1,1,1,1,1,1,1
1,1,1,1,1,1,1,1,1,1
1,1,1,1,1,1,1,1,1,1
1,1,1,1,1,1,1,1,1,1
1,1,1,1,1,1,1,1,1,1
1,1,1,1,1,1,1,1,1,1
1,1,1,1,1,1,1,1,1,1
1,1,1,1,1,1,1,1,1,1
1,1,1,1,1,1,1,1,1,1
1,1,1,1,1,1,1,1,1,1
1,1,1,1,1,1,1,1,1,1
1,1,1,1,1,1,1,1,1,1
1,1,1,1,1,1,1,1,1,1
1,1,1,1,1,1,1,1,1,1
1,1,1,1,1,1,1,1,1,1
1,1,1,1,1,1,1,1,1,1
1,1,1,1,1,1,1,1,1,1
1,1,1,1,1,1,1,1,1,1
1,1,1,1,1,1,1,1,1,1
1,1,1,1,1,1,1,1,1,1
1,1,1,1,1,1,1,1,1,1
1,1,1,1,1,1,1,1,1,1
1,1,1,1,1,1,1,1,1,1
1,1,1,1,1,1,1,1,1,1
1,1,1,1,1,1,1,1,1,1
1,1,1,1,1,1,1,1,1,1
1,1,1,1,1,1,1,1,1,1
1,1,1,1,1,1,1,1,1,1
1,1,1,1,1,1,1,1,1,1
1,1,1,1,1,1,1,1,1,1
1,1,1,1,1,1,1,1,1,1
1,1,1,1,1,1,1,1,1,1
1,1,1,1,1,1,1,1,1,1
1,1,1,1,1,1,1,1,1,1
1,1,1,1,1,1,1,1,1,1
1,1,1,1,1,1,1,1,1,1
1,1,1,1,1,1,1,1,1,1
1,1,1,1,1,1,1,1,1,1
1,1,1,1,1,1,1,1,1,1
1,1,1,1,1,1,1,1,1,1
1,1,1,1,1,1,1,1,1,1
1,1,1,1,1,1,1,1,1,1
1,1,1,1,1,1,1,1,1,1
1,1,1,1,1,1,1,1,1,1
1,1,1,1,1,1,1,1,1,1
1,1,1,1,1,1,1,1,1,1
1,1,1,1,1,1,1,1,1,1
1,1,1,1,1,1,1,1,1,1
1,1,1,1,1,1,1,1,1,1
1,1,1,1,1,1,1,1,1,1
1,1,1,1,1,1,1,1,1,1
1,1,1,1,1,1,1,1,1,1
1,1,1,1,1,1,1,1,1,1
1,1,1,1,1,1,1,1,1,1
1,1,1,1,1,1,1,1,1,1
1,1,1,1,1,1,1,1,1,1
1,1,1,1,1,1,1,1,1,1
1,1,1,1,1,1,1,1,1,1
1,1,1,1,1,1,1,1,1,1
1,1,1,1,1,1,1,1,1,1
1,1,1,1,1,1,1,1,1,1
1,1,1,1,1,1,1,1,1,1
1,1,1,1,1,1,1,1,1,1
1,1,1,1,1,1,1,1,1,1
1,1,1,1,1,1,1,1,1,1
1,1,1,1,1,1,1,1,1,1
1,1,1,1,1,1,1,1,1,1
1,1,1,1,1,1,1,1,1,1
1,1,1,1,1,1,1,1,1,1
1,1,1,1,1,1,1,1,1,1
1,1,1,1,1,1,1,1,1,1
1,1,1,1,1,1,1,1,1,1
1,1,1,1,1,1,1,1,1,1
1,1,1,1,1,1,1,1,1,1
1,1,1,1,1,1,1,1,1,1
1,1,1,1,1,1,1,1,1,1
1,1,1,1,1,1,1,1,1,1
1,1,1,1,1,1,1,1,1,1
1,1,1,1,1,1,1,1,1,1
1,1,1,1,1,1,1,1,1,1
1,1,1,1,1,1,1,1,1,1
1,1,1,1,1,1,1,1,1,1
1,1,1,1,1,1,1,1,1,1
1,1,1,1,1,1,1,1,1,1
1,1,1,1,1,1,1,1,1,1
1,1,1,1,1,1,1,1,1,1
1,1,1,1,1,1,1,1,1,1
1,1,1,1,1,1,1,1,1,1
1,1,1,1,1,1,1,1,1,1
1,1,1,1,1,1,1,1,1,1
1,1,1,1,1,1,1,1,1,1
1,1,1,1,1,1,1,1,1,1
1,1,1,1,1,1,1,1,1,1
1,1,1,1,1,1,1,1,1,1
1,1,1,1,1,1,1,1,1,1
1,1,1,1,1,1,1,1,1,1
1,1,1,1,1,1,1,1,1,1
1,1,1,1,1,1,1,1,1,1
1,1,1,1,1,1,1,1,1,1
1,1,1,1,1,1,1,1,1,1
1,1,1,1,1,1,1,1,1,1
1,1,1,1,1,1,1,1,1,1
1,1,1,1,1,1,1,1,1,1
1,1,1,1,1,1,1,1,1,1
1,1,1,1,1,1,1,1,1,1
1,1,1,1,1,1,1,1,1,1
1,1,1,1,1,1,1,1,1,1
1,1,1,1,1,1,1,1,1,1
1,1,1,1,1,1,1,1,1,1
1,1,1,1,1,1,1,1,1,1
1,1,1,1,1,1,1,1,1,1
1,1,1,1,1,1,1,1,1,1
1,1,1,1,1,1,1,1,1,1
1,1,1,1,1,1,1,1,1,1
1,1,1,1,1,1,1,1,1,1
1,1,1,1,1,1,1,1,1,1
1,1,1,1,1,1,1,1,1,1
1,1,1,1,1,1,1,1,1,1
1,1,1,1,1,1,1,1,1,1
1,1,1,1,1,1,1,1,1,1
1,1,1,1,1,1,1,1,1,1
1,1,1,1,1,1,1,1,1,1
1,1,1,1,1,1,1,1,1,1
1,1,1,1,1,1,1,1,1,1
1,1,1,1,1,1,1,1,1,1
1,1,1,1,1,1,1,1,1,1
1,1,1,1,1,1,1,1,1,1
1,1,1,1,1,1,1,1,1,1
1,1,1,1,1,1,1,1,1,1
1,1,1,1,1,1,1,1,1,1
1,1,1,1,1,1,1,1,1,1
1,1,1,1,1,1,1,1,1,1
1,1,1,1,1,1,1,1,1,1
1,1,1,1,1,1,1,1,1,1
1,1,1,1,1,1,1,1,1,1
1,1,1,1,1,1,1,1,1,1
1,1,1,1,1,1,1,1,1,1
1,1,1,1,1,1,1,1,1,1
1,1,1,1,1,1,1,1,1,1
1,1,1,1,1,1,1,1,1,1
1,1,1,1,1,1,1,1,1,1
1,1,1,1,1,1,1,1,1,1
1,1,1,1,1,1,1,1,1,1
1,1,1,1,1,1,1,1,1,1
1,1,1,1,1,1,1,1,1,1
1,1,1,1,1,1,1,1,1,1
1,1,1,1,1,1,1,1,1,1
1,1,1,1,1,1,1,1,1,1
1,1,1,1,1,1,1,1,1,1
1,1,1,1,1,1,1,1,1,1
1,1,1,1,1,1,1,1,1,1
1,1,1,1,1,1,1,1,1,1
1,1,1,1,1,1,1,1,1,1
1,1,1,1,1,1,1,1,1,1
1,1,1,1,1,1,1,1,1,1
1,1,1,1,1,1,1,1,1,1
1,1,1,1,1,1,1,1,1,1
1,1,1,1,1,1,1,1,1,1
1,1,1,1,1,1,1,1,1,1
1,1,1,1,1,1,1,1,1,1
1,1,1,1,1,1,1,1,1,1
1,1,1,1,1,1,1,1,1,1
1,1,1,1,1,1,1,1,1,1
1,1,1,1,1,1,1,1,1,1
1,1,1,1,1,1,1,1,1,1
1,1,1,1,1,1,1,1,1,1
1,1,1,1,1,1,1,1,1,1
1,1,1,1,1,1,1,1,1,1
1,1,1,1,1,1,1,1,1,1
1,1,1,1,1,1,1,1,1,1
1,1,1,1,1,1,1,1,1,1
1,1,1,1,1,1,1,1,1,1
1,1,1,1,1,1,1,1,1,1
1,1,1,1,1,1,1,1,1,1
1,1,1,1,1,1,1,1,1,1
1,1,1,1,1,1,1,1,1,1
1,1,1,1,1,1,1,1,1,1
1,1,1,1,1,1,1,1,1,1
1,1,1,1,1,1,1,1,1,1
1,1,1,1,1,1,1,1,1,1
1,1,1,1,1,1,1,1,1,1
1,1,1,1,1,1,1,1,1,1
1,1,1,1,1,1,1,1,1,1
1,1,1,1,1,1,1,1,1,1
1,1,1,1,1,1,1,1,1,1
1,1,1,1,1,1,1,1,1,1
1,1,1,1,1,1,1,1,1,1
1,1,1,1,1,1,1,1,1,1
1,1,1,1,1,1,1,1,1,1
1,1,1,1,1,1,1,1,1,1
1,1,1,1,1,1,1,1,1,1
1,1,1,1,1,1,1,1,1,1
1,1,1,1,1,1,1,1,1,1
1,1,1,1,1,1,1,1,1,1
1,1,1,1,1,1,1,1,1,1
1,1,1,1,1,1,1,1,1,1
1,1,1,1,1,1,1,1,1,1
1,1,1,1,1,1,1,1,1,1
1,1,1,1,1,1,1,1,1,1
1,1,1,1,1,1,1,1,1,1
1,1,1,1,1,1,1,1,1,1
1,1,1,1,1,1,1,1,1,1
1,1,1,1,1,1,1,1,1,1
1,1,1,1,1,1,1,1,1,1
1,1,1,1,1,1,1,1,1,1
1,1,1,1,1,1,1,1,1,1
1,1,1,1,1,1,1,1,1,1
1,1,1,1,1,1,1,1,1,1
1,1,1,1,1,1,1,1,1,1
1,1,1,1,1,1,1,1,1,1
1,1,1,1,1,1,1,1,1,1
1,1,1,1,1,1,1,1,1,1
1,1,1,1,1,1,1,1,1,1
1,1,1,1,1,1,1,1,1,1
1,1,1,1,1,1,1,1,1,1
1,1,1,1,1,1,1,1,1,1
1,1,1,1,1,1,1,1,1,1
1,1,1,1,1,1,1,1,1,1
1,1,1,1,1,1,1,1,1,1
1,1,1,1,1,1,1,1,1,1
1,1,1,1,1,1,1,1,1,1
1,1,1,1,1,1,1,1,1,1
1,1,1,1,1,1,1,1,1,1
1,1,1,1,1,1,1,1,1,1
1,1,1,1,1,1,1,1,1,1
1,1,1,1,1,1,1,1,1,1
1,1,1,1,1,1,1,1,1,1
1,1,1,1,1,1,1,1,1,1
1,1,1,1,1,1,1,1,1,1
1,1,1,1,1,1,1,1,1,1
1,1,1,1,1,1,1,1,1,1
1,1,1,1,1,1,1,1,1,1
1,1,1,1,1,1,1,1,1,1
1,1,1,1,1,1,1,1,1,1
1,1,1,1,1,1,1,1,1,1
1,1,1,1,1,1,1,1,1,1
1,1,1,1,1,1,1,1,1,1
1,1,1,1,1,1,1,1,1,1
1,1,1,1,1,1,1,1,1,1
1,1,1,1,1,1,1,1,1,1
1,1,1,1,1,1,1,1,1,1
1,1,1,1,1,1,1,1,1,1
1,1,1,1,1,1,1,1,1,1
1,1,1,1,1,1,1,1,1,1
1,1,1,1,1,1,1,1,1,1
1,1,1,1,1,1,1,1,1,1
1,1,1,1,1,1,1,1,1,1
1,1,1,1,1,1,1,1,1,1
1,1,1,1,1,1,1,1,1,1
1,1,1,1,1,1,1,1,1,1
1,1,1,1,1,1,1,1,1,1
1,1,1,1,1,1,1,1,1,1
1,1,1,1,1,1,1,1,1,1
1,1,1,1,1,1,1,1,1,1
1,1,1,1,1,1,1,1,1,1
1,1,1,1,1,1,1,1,1,1
1,1,1,1,1,1,1,1,1,1
1,1,1,1,1,1,1,1,1,1
1,1,1,1,1,1,1,1,1,1
1,1,1,1,1,1,1,1,1,1
1,1,1,1,1,1,1,1,1,1
1,1,1,1,1,1,1,1,1,1
1,1,1,1,1,1,1,1,1,1
1,1,1,1,1,1,1,1,1,1
1,1,1,1,1,1,1,1,1,1
1,1,1,1,1,1,1,1,1,1
1,1,1,1,1,1,1,1,1,1
1,1,1,1,1,1,1,1,1,1
1,1,1,1,1,1,1,1,1,1
1,1,1,1,1,1,1,1,1,1
1,1,1,1,1,1,1,1,1,1
1,1,1,1,1,1,1,1,1,1
1,1,1,1,1,1,1,1,1,1
1,1,1,1,1,1,1,1,1,1
1,1,1,1,1,1,1,1,1,1
1,1,1,1,1,1,1,1,1,1
1,1,1,1,1,1,1,1,1,1
1,1,1,1,1,1,1,1,1,1
1,1,1,1,1,1,1,1,1,1
1,1,1,1,1,1,1,1,1,1
1,1,1,1,1,1,1,1,1,1
1,1,1,1,1,1,1,1,1,1
1,1,1,1,1,1,1,1,1,1
1,1,1,1,1,1,1,1,1,1
1,1,1,1,1,1,1,1,1,1
1,1,1,1,1,1,1,1,1,1
1,1,1,1,1,1,1,1,1,1
1,1,1,1,1,1,1,1,1,1
1,1,1,1,1,1,1,1,1,1
1,1,1,1,1,1,1,1,1,1
1,1,1,1,1,1,1,1,1,1
1,1,1,1,1,1,1,1,1,1
1,1,1,1,1,1,1,1,1,1
1,1,1,1,1,1,1,1,1,1
1,1,1,0.995007,1,1,1,1,1,1
1,1,1,0.9848466,1,1,1,1,1,1
1,1,1,0.9746736,1,1,1,1,1,1
1,1,1,0.9644886,1,1,1,1,1,1
1,1,1,0.9542917,1,1,1,1,1,1
1,1,1,0.9440838,1,1,1,1,1,1
1,1,1,0.9338651,1,1,1,1,1,1
1,1,1,0.9236363,1,1,1,1,1,1
1,1,1,0.913398,1,1,1,1,1,1
1,1,1,0.9031506,1,1,1,1,1,1
1,1,1,0.8928949,1,1,1,1,1,1
1,1,0.9578513,0.8826312,1,1,1,1,1,1
1,1,0.9461562,0.8722507,1,1,1,1,1,1
1,1,0.9343662,0.8618389,1,1,1,1,1,1
1,1,0.9224889,0.8513996,1,1,1,1,1,1
1,1,0.9105318,0.8409359,1,1,1,1,1,1
1,1,0.8985027,0.8304511,1,1,1,1,1,1
1,1,0.8864099,0.8199489,1,1,1,1,1,1
1,1,0.8742619,0.8094328,1,1,1,1,1,1
1,1,0.8620673,0.7989069,1,1,1,1,1,1
1,1,0.8498353,0.7883751,1,1,1,1,1,1
1,1,0.8375746,0.7778411,1,1,1,1,1,1
1,1,0.8252935,0.7673085,1,1,1,1,1,2
1,1,0.8130009,0.7567809,1,1,1,1,1,2
1,1,0.8007053,0.7462622,1,1,1,1,1,2
1,1,0.7884147,0.7357556,1,1,1,1,1,2
1,1,0.776137,0.7252642,1,1,1,1,1,2
1,1,0.7638795,0.7147909,1,1,1,1,1,2
1,1,0.7516493,0.7043387,1,1,1,1,1,2
1,1,0.7394532,0.69391,1,1,1,1,1,2
1,1,0.7272971,0.6835069,1,1,1,1,1,2
1,1,0.7151867,0.6731316,1,1,1,1,1,2
1,1,0.7031272,0.6627856,1,1,1,1,1,2
1,1,0.6911228,0.65247,1,1,1,1,1,2
1,1,0.6791777,0.6421863,1,1,1,1,1,2
1,1,0.6672956,0.6319352,1,1,1,1,1,2
1,1,0.6554791,0.6217171,1,1,1,1,1,2
1,1,0.6437311,0.6115326,1,1,1,1,1,2
1,1,0.6320531,0.6013812,1,1,1,1,1,2
1,1,0.6204468,0.5912631,1,1,1,1,1,2
1,1,0.6089136,0.63244,1,1,1,1,1,2
1,1,0.5974712,0.7592623,1,1,1,1,1,2
1,1,0.5861377,0.9241068,1,1,1,1,1,2
1,1,0.5749056,1,1,1,1,1,1,2
1,1,0.5637406,1,1,1,1,1,1,2
1,1,0.5526242,1,1,1,1,1,1,2
1,1,0.541558,1,1,1,1,1,1,2
1,1,0.5305425,1,1,1,1,1,1,2
1,0.65602,0.5195783,1,1,1,1,1,1,2
1,0.6354452,0.5074572,1,1,1,1,1,1,2
1,0.6154128,0.495535,1,1,1,1,1,1,2
1,0.5959402,0.4838182,1,1,1,1,1,1,2
1,0.5770372,0.4723106,1,1,1,1,1,1,2
1,0.5587068,0.4610132,1,1,1,1,1,1,2
1,0.5409455,0.4499245,1,1,1,1,1,1,2
1,0.5237455,0.4390413,1,1,1,1,1,1,2
1,0.5070944,0.4283586,1,1,1,1,1,1,2
1,0.4909762,0.4804973,1,1,1,1,1,1,2
1,0.4754704,0.5667421,1,1,1,1,1,1,2
1,0.4605577,0.6742651,1,1,1,1,1,1,2
1,0.4461859,1,1,1,1,1,1,1,2
1,0.4324757,1,1,1,1,1,1,1,2
1,0.419039,1,1,1,1,1,1,1,2
0.5962625,0.4058731,1,1,1,1,1,1,1,2
0.5653037,0.3911591,1,1,1,1,1,1,1,2
0.5363304,0.3770179,1,1,1,1,1,1,1,2
0.509168,0.3634195,1,1,1,1,1,1,1,2
0.4836625,0.3503366,1,1,1,1,1,1,1,2
0.4596773,0.3377437,1,1,1,1,1,1,1,2
0.4370901,0.3256171,1,1,1,1,1,1,1,2
0.4157923,0.3393706,1,1,1,1,1,0.9920517,1,2
0.3956864,0.3770129,1,1,1,1,1,0.9834483,1,2
0.3766844,0.4204564,1,1,1,1,1,0.9751503,1,2
0.3587082,0.4710027,1,1,1,1,1,0.9671453,1,2
0.3416862,0.5303501,1,1,1,1,1,0.959428,1,2
0.3255538,0.600818,1,1,1,1,1,0.951987,1,2
0.3105601,1,1,1,1,1,1,0.9448802,1,2
0.2971956,1,1,1,1,1,1,0.938141,1,2
0.2843789,1,1,1,1,1,1,0.9315154,1,2
0.2916698,1,1,1,1,1,1,0.9249865,1,2
0.3092205,1,1,1,1,1,1,0.9185424,1,2
0.3272342,1,1,1,1,1,1,0.9121494,1,2
0.3456479,1,1,1,1,1,1,0.9057791,1,2
0.3643923,1,1,1,1,1,1,0.8994074,1,2
0.3833984,1,1,1,1,1,1,0.8930122,1,2
0.4025861,1,1,1,1,1,1,0.8865783,1,2
0.4218836,1,1,1,1,1,1,0.8800879,1,2
0.4412039,1,1,1,1,1,1,0.8735328,1,2
0.4604644,1,1,1,1,1,1,0.8669046,1,2
0.4795815,1,1,1,1,1,1,0.8601982,1,2
0.4984725,1,1,1,1,1,1,0.8534104,1,1
0.5170565,1,1,1,1,1,1,0.8465405,1,1
0.5352609,1,1,1,1,1,1,0.8395867,1,1
0.5530117,1,1,1,1,1,1,0.8325524,1,1
0.5702457,1,1,1,1,1,1,0.8254393,1,1
1,1,1,1,1,1,1,0.8182533,1,0
1,1,1,1,1,1,1,0.8103113,1,0
1,1,1,1,1,1,1,0.8024567,1,0
1,1,1,1,1,1,1,0.7946984,1,0
1,1,1,1,1,1,1,0.7870454,1,0
1,1,1,1,1,1,1,0.7795063,0.8907052,0
1,1,1,1,1,1,1,0.7719249,0.8764275,0
1,1,1,1,1,1,1,0.7645625,0.8622236,0
1,1,1,1,1,1,1,0.7574502,0.848145,0
1,1,1,1,1,1,1,0.7506227,0.834246,0
1,1,1,1,1,1,1,0.7441154,0.8205801,0
1,1,1,1,1,1,1,1,0.8071963,0
1,1,1,1,1,1,1,1,0.797794,0
1,1,1,1,1,1,1,1,0.7884323,0
1,1,1,1,1,1,1,1,0.7791238,0
1,1,1,1,1,1,1,1,0.7698809,0
1,1,1,1,1,1,1,1,0.7607194,0
1,1,1,1,1,1,1,1,0.751649,0
1,1,1,1,1,1,1,1,0.7426852,0
1,1,1,1,1,1,1,1,0.7338405,0
1,1,1,1,1,1,1,1,0.7251272,0
1,1,1,1,1,1,1,1,0.7165606,0
1,1,1,1,1,1,1,1,0.7081527,0
1,1,1,1,1,1,1,1,0.6999151,0
1,1,1,1,1,1,1,1,0.6918592,0
1,1,1,1,1,1,1,1,0.6839994,0
1,1,1,1,1,1,1,1,0.6763464,0
1,1,1,1,1,1,1,1,0.6689107,0
1,1,1,1,1,1,1,1,0.6617024,0
1,1,1,1,1,1,1,1,0.695694,0
1,1,1,1,1,1,1,1,0.7773821,0
1,1,1,1,1,1,1,1,0.8554537,0
1,1,1,1,1,1,1,1,0.9260222,1
1,1,1,1,1,1,1,1,0.9863701,1
1,1,1,1,1,1,1,1,1,1
1,1,1,1,1,1,1,1,1,1
1,1,1,1,1,1,1,1,1,1
1,1,1,1,1,1,1,1,1,1
1,1,1,1,1,1,1,1,1,1
1,1,1,1,1,1,1,1,1,1
1,1,0.9992086,1,1,1,1,1,1,1
1,1,0.9902322,1,1,1,1,1,1,1
1,1,0.9812557,1,1,1,1,1,1,1
1,1,0.9722791,1,1,1,1,1,1,1
1,1,0.963302,1,1,1,1,1,1,1
1,1,0.9543247,1,1,1,1,1,1,1
1,1,0.9453472,1,1,1,1,1,1,1
1,1,0.9363692,1,1,1,1,1,1,1
1,1,0.9273909,1,1,1,1,1,1,1
1,1,0.9184124,1,1,1,1,1,1,1
1,1,0.9094332,1,1,1,1,1,1,1
1,1,0.9004537,1,1,1,1,1,1,1
1,1,0.8914736,1,1,1,1,1,1,1
1,1,0.8824931,1,1,1,1,1,1,1
1,1,0.8735121,1,1,1,1,1,1,1
1,1,0.8645307,1,1,1,1,1,1,1
1,1,0.8555486,1,1,1,1,1,1,1
1,1,0.8465658,1,1,1,1,1,1,1
1,1,0.8375824,1,1,1,1,1,1,1
1,1,0.8285985,1,1,1,1,1,1,1
1,1,0.8196139,1,1,1,1,1,1,1
1,1,0.8106287,1,1,1,1,1,1,1
1,1,0.8016428,1,1,1,1,1,1,1
1,1,0.7926562,1,1,1,1,1,1,1
1,1,0.7836688,1,1,1,1,1,1,1
1,1,0.7746807,1,1,1,1,1,1,1
1,1,0.7656919,1,1,1,1,1,1,1
1,0.8279901,0.7567022,1,1,1,1,1,1,1
1,0.8171754,0.7477668,1,1,1,1,1,1,1
1,0.8063615,0.738851,1,1,1,1,1,1,1
1,0.7955536,0.7299558,1,1,1,1,1,1,1
1,0.7847572,0.7210821,1,1,1,1,1,1,1
1,0.7739772,0.7122308,1,1,1,1,1,1,1
1,0.7632185,1,1,1,1,1,1,1,1
1,0.7523466,1,1,1,1,1,1,1,1
1,0.7414978,1,1,1,1,1,1,1,1
1,0.7306769,1,1,1,1,1,1,1,2
1,0.719889,1,1,1,1,1,1,1,2
1,0.7091382,1,1,1,1,1,1,1,2
1,0.6984291,1,1,1,1,1,1,1,2
1,0.6877657,1,1,1,1,1,1,1,2
1,0.677152,1,1,1,1,1,1,1,2
1,0.6665916,1,1,1,1,1,1,1,2
1,0.656088,1,1,1,1,1,1,1,2
1,0.6456442,1,1,1,1,1,1,1,2
1,0.6352631,1,1,1,1,1,1,1,2
1,0.6249475,1,1,1,1,1,1,1,2
1,0.6146998,1,1,1,1,1,1,1,2
1,0.604522,1,1,1,1,1,1,1,2
1,0.5944163,1,1,1,1,1,1,1,2
1,0.5843841,1,1,1,1,1,1,1,2
1,0.5744268,1,1,1,1,1,1,1,2
1,0.5645458,1,1,1,1,1,1,1,2
1,0.5547417,1,1,1,1,1,1,1,2
1,0.5450158,1,1,1,1,1,1,1,2
0.6868175,0.5353682,1,1,1,1,1,1,1,2
0.6672822,0.5245245,1,1,1,1,1,1,1,2
0.6483316,0.5139266,1,1,1,1,1,1,1,2
0.6299875,0.503584,1,1,1,1,1,1,1,2
0.6122633,0.4935026,1,1,1,1,1,1,1,2
0.5951647,0.5417804,1,1,1,1,1,1,1,2
0.5789138,0.6104092,1,1,1,1,1,1,1,2
0.5634975,0.6877878,1,1,1,1,1,1,1,2
0.5488466,0.7750589,1,1,1,1,1,1,1,2
0.5348967,1,1,1,1,1,1,1,1,2
0.5218827,1,1,1,1,1,1,1,1,2
0.509168,1,1,1,1,1,1,1,1,2
0.4967557,1,1,1,1,1,1,1,1,2
0.4846468,1,1,1,1,1,1,1,1,2
0.4728416,1,1,1,1,1,1,1,1,2
0.4613385,1,1,1,1,1,1,1,1,2
0.4501355,1,1,1,1,1,1,1,1,2
0.439229,1,1,1,1,1,1,1,1,2
0.4286486,1,1,1,1,1,1,1,1,2
0.4535335,1,1,1,1,1,1,1,1,2
0.4790602,1,1,1,1,1,1,1,1,2
0.5051639,1,1,1,1,1,1,1,1,2
0.5317732,1,1,1,1,1,1,1,1,2
0.5588183,1,1,1,1,1,1,1,1,2
0.5862169,1,1,1,1,1,1,1,1,2
0.6138821,1,1,1,1,1,1,1,1,2
0.6417388,1,1,1,1,1,1,1,1,2
0.6696863,1,1,1,1,1,1,1,1,2
0.6976458,1,1,1,1,1,1,1,1,2
0.7255214,1,1,1,1,1,1,1,1,2
1,1,1,1,1,1,1,1,1,1
1,1,1,1,1,1,1,1,1,1
1,1,1,1,1,1,1,1,1,1
1,1,1,1,1,1,1,1,1,1
1,1,1,1,1,1,1,1,1,1
1,1,1,1,1,1,1,1,1,1
1,1,1,1,1,1,1,1,1,1
1,1,1,1,1,1,1,1,1,1
1,1,1,1,1,1,1,1,1,1
1,1,1,1,1,1,1,1,1,1
1,1,1,1,1,1,1,1,1,1
1,1,1,1,1,1,1,1,1,1
1,1,1,1,1,1,1,1,1,1
1,1,1,1,1,1,1,1,1,1
1,1,1,1,1,1,1,1,1,1
1,1,1,1,1,1,1,1,1,1
1,1,1,1,1,1,1,1,1,1
1,1,1,1,1,1,1,1,1,1
1,1,1,1,1,1,1,1,1,1
1,1,1,1,1,1,1,1,1,1
1,1,1,1,1,1,1,1,1,1
1,1,1,1,1,1,1,1,1,1
1,1,1,1,1,1,1,1,1,1
1,1,1,1,1,1,1,1,1,1
1,1,1,1,1,1,1,1,1,1
1,1,1,1,1,1,1,1,1,1
1,1,1,1,1,1,1,1,1,1
1,1,1,1,1,1,1,1,1,1
1,1,1,1,1,1,1,1,1,1
1,1,1,1,1,1,1,1,1,1
1,1,1,1,1,1,1,1,1,1
1,1,1,1,1,1,1,1,1,1
1,1,1,1,1,1,1,1,1,1
1,1,1,1,1,1,1,1,1,1
1,1,1,1,1,1,1,1,1,1
1,1,1,1,1,1,1,1,1,1
1,1,1,1,1,1,1,1,1,1
1,1,1,1,1,1,1,1,1,1
1,1,1,1,1,1,1,1,1,1
1,1,1,1,1,1,1,1,1,1
1,1,1,1,1,1,1,1,1,1
1,1,1,1,1,1,1,1,1,1
1,1,1,1,1,1,1,1,1,1
1,1,1,1,1,1,0.9916309,1,1,1
1,1,1,1,1,1,0.9836386,1,1,1
1,1,1,1,1,1,0.9757231,1,1,1
1,1,1,1,1,1,0.9678856,1,1,1
1,1,1,1,1,1,0.9601275,1,1,1
1,1,1,1,1,1,0.9524477,1,1,1
1,1,1,1,1,1,0.9448482,1,1,1
1,1,1,1,1,1,0.9373312,1,1,1
1,1,1,1,1,1,0.9298962,1,1,1
1,1,1,1,1,1,0.922546,1,1,1
1,1,1,1,1,1,0.9152803,1,1,1
1,1,1,1,1,1,0.9081055,1,1,1
1,1,1,1,1,1,0.9010185,1,1,1
1,1,1,1,1,0.9962627,0.8940257,1,1,0
1,1,1,1,1,0.9899662,0.88716,1,1,0
1,1,1,1,1,0.9839805,0.880448,1,1,0
1,1,1,1,1,0.9783052,0.8738949,1,1,0
1,1,1,1,1,0.9729368,0.867503,1,1,0
1,1,1,1,1,0.9678695,0.8612719,1,1,0
1,1,1,1,1,0.9631047,0.8552073,1,1,0
1,1,1,1,1,0.9586371,0.8493088,1,1,0
1,1,1,1,1,0.9544692,0.8435825,1,1,0
1,1,1,1,1,0.950596,0.8380278,1,1,0
1,1,1,1,1,1,0.8326505,1,1,0
1,1,1,1,1,1,1,1,1,1
1,1,1,1,1,1,1,1,1,1
1,1,1,1,1,1,1,1,1,1
1,1,1,1,1,1,1,1,1,1
1,1,1,1,1,1,1,1,1,1
1,1,1,1,1,1,1,1,1,1
1,1,1,1,1,1,1,1,1,1
1,1,1,1,1,1,1,1,1,1
1,1,1,1,1,1,1,1,1,1
1,1,1,1,1,1,1,1,1,1
1,1,0.9976485,1,1,1,1,1,1,1
1,1,0.9865957,1,1,1,1,1,1,1
1,1,0.9754544,1,1,1,1,1,1,1
1,1,0.9642273,1,1,1,1,1,1,1
1,1,0.9529171,1,1,1,1,1,1,1
1,1,0.9415272,1,1,1,1,1,1,1
1,1,0.9300609,1,1,1,1,1,1,1
1,1,0.9185222,1,1,1,1,1,1,1
1,1,0.906915,1,1,1,1,1,1,1
1,1,0.8952435,1,1,1,1,1,1,1
1,1,0.8869163,1,1,1,1,1,1,1
1,1,0.8910323,1,1,1,1,1,1,1
1,1,0.895074,1,1,1,1,1,1,1
1,1,0.8990425,1,1,1,1,1,1,1
1,1,0.9029387,1,1,1,1,1,1,1
1,1,0.9067561,1,1,1,1,1,1,1
1,1,0.9104959,1,1,1,1,1,1,1
1,1,0.9141597,1,1,1,1,1,1,1
1,1,0.9177483,1,1,1,1,1,1,1
1,1,0.9212636,1,1,1,1,1,1,1
1,1,0.924699,1,1,1,1,1,1,1
1,1,0.9280561,1,1,1,1,1,1,1
1,0.9188224,0.9313366,1,1,1,1,1,1,1
1,0.9000427,0.94015,1,1,1,1,1,1,1
1,0.8810178,0.9501789,1,1,1,1,1,1,2
1,0.8617975,0.9614741,1,1,1,1,1,1,2
1,0.8424301,0.9740823,1,1,1,1,1,1,2
1,0.8229651,0.9880611,1,1,1,1,1,1,2
1,0.8043728,1,1,1,1,1,1,1,2
1,0.8097813,1,1,1,1,1,1,1,2
1,0.8152059,1,1,1,1,1,1,1,2
1,0.8206431,1,1,1,1,1,1,1,2
1,0.8260813,1,1,1,1,1,1,1,2
1,0.8149288,1,1,1,1,1,1,1,2
1,0.7964028,1,1,1,1,1,1,1,2
1,0.777714,1,1,1,1,1,1,1,2
1,0.7589041,1,1,1,1,1,1,1,2
1,0.7400159,1,1,1,1,1,1,1,2
1,0.7210907,1,1,1,1,1,1,1,2
1,0.7021703,1,1,1,1,1,1,1,2
1,0.6832952,1,1,1,1,1,1,1,2
1,0.6645045,1,1,1,1,1,1,1,2
1,0.6458349,1,1,1,1,1,1,1,2
1,0.627321,1,1,1,1,1,1,1,2
1,0.6089947,1,1,1,1,1,1,1,2
1,0.6149893,1,1,1,1,1,1,1,2
1,0.625801,1,1,1,1,1,1,1,2
1,0.6367831,1,1,1,1,1,1,1,2
0.7720636,0.6479145,1,1,1,1,1,1,1,2
0.7259461,0.666762,1,1,1,1,1,1,1,2
0.7059911,0.6879317,1,1,1,1,1,1,1,2
0.7164904,0.7106715,1,1,1,1,1,1,1,2
0.7271117,0.7338402,1,1,1,1,1,1,1,2
0.7101883,0.7573282,1,1,1,1,1,1,1,2
0.6754276,0.7822642,1,1,1,1,1,1,1,2
0.6421621,0.8095753,1,1,1,1,1,1,1,2
0.6104437,0.8393908,1,1,1,1,1,1,1,2
0.5802877,0.8718439,1,1,1,1,1,1,1,2
0.5516802,1,1,1,1,1,1,1,1,2
0.545801,1,1,1,1,1,1,1,0.9988286,2
0.5573829,1,1,1,1,1,1,1,0.996932,2
0.5692455,1,1,1,1,1,1,1,0.9950141,2
0.5813643,1,1,1,1,1,1,1,0.9930531,2
0.5937133,1,1,1,1,1,1,1,0.9910289,2
0.6062647,1,1,1,1,1,1,1,0.9889227,2
0.618985,1,1,1,1,1,1,1,0.9867204,2
0.6318475,1,1,1,1,1,1,1,0.9844031,2
0.6448202,1,1,1,1,1,1,1,0.981957,2
0.6578692,1,1,1,1,1,1,1,0.9793689,2
0.6709603,1,1,1,1,1,1,1,0.9766278,2
0.6840576,1,1,1,1,1,1,1,0.9737241,2
0.6971253,1,1,1,1,1,1,1,0.9706494,2
0.7101308,1,1,1,1,1,1,1,0.9673942,2
0.723037,1,1,1,1,1,1,1,0.9639529,2
0.7358069,1,1,1,1,1,1,1,0.960322,2
0.7484035,1,1,1,1,1,1,1,0.9564992,2
0.7607952,1,1,1,1,1,1,1,0.9524805,2
0.7729509,1,1,1,1,1,1,1,0.948263,2
0.7848361,1,1,1,1,1,1,1,0.9438488,1
0.7964171,1,1,1,1,1,1,1,0.9392411,1
1,1,1,1,1,1,1,1,0.9344409,1
1,1,1,1,1,1,1,1,0.927841,1
1,1,1,1,1,1,1,1,0.9505458,1
1,1,1,1,1,1,1,1,0.983319,1
1,1,1,1,1,1,1,1,1,1
1,1,1,1,1,1,1,1,1,1
1,1,1,1,1,1,1,1,1,1
1,1,1,1,1,1,1,1,1,1
1,1,1,1,1,1,1,1,1,1
1,1,1,1,1,1,1,1,1,1
1,1,1,1,1,1,1,1,1,1
1,1,1,1,1,1,1,1,1,1
1,1,1,1,1,1,1,1,1,1
1,1,1,1,1,1,1,1,1,1
1,1,1,1,1,1,1,1,1,1
1,1,1,1,1,1,1,1,1,1
1,1,1,1,1,1,1,1,1,1
1,1,1,1,1,1,1,1,1,1
1,1,1,1,1,1,1,1,1,1
1,1,1,1,1,1,1,1,1,1
1,1,1,1,1,1,1,1,1,1
1,1,1,1,1,1,1,1,1,1
1,1,1,1,1,1,1,1,1,1
1,1,1,1,1,1,1,1,1,1
1,1,1,1,1,1,1,1,1,1
1,1,1,1,1,1,1,1,1,1
1,1,1,1,1,1,1,1,1,1
1,1,1,1,1,1,1,1,1,1
1,1,1,1,1,1,1,1,1,1
1,1,1,1,1,1,1,1,1,1
1,1,1,1,1,1,1,1,1,1
1,1,1,1,1,1,1,1,1,1
1,1,1,1,1,1,1,1,1,1
1,1,1,1,1,1,1,1,1,1
1,1,1,1,1,1,1,1,1,1
1,1,1,1,1,1,1,1,1,1
1,1,1,1,1,1,1,1,1,1
1,1,1,1,1,1,1,1,1,1
1,1,1,1,1,1,1,1,1,1
1,1,1,1,1,1,1,1,1,1
1,1,1,1,1,1,1,1,1,1
1,1,1,1,1,1,1,1,1,1
1,1,1,1,1,1,1,1,1,1
1,1,0.9955401,1,1,1,1,1,1,1
1,1,0.9870685,1,1,1,1,1,1,1
1,1,0.9785899,1,1,1,1,1,1,1
1,1,0.9701042,1,1,1,1,1,1,1
1,1,0.9616112,1,1,1,1,1,1,1
1,1,0.9531107,1,1,1,1,1,1,1
1,1,0.9446027,1,1,1,1,1,1,1
1,1,0.9360873,1,1,1,1,1,1,1
1,1,0.9275644,1,1,1,1,1,1,1
1,1,0.9190341,1,1,1,1,1,1,1
1,1,0.9104965,1,1,1,1,1,1,1
1,1,0.9019514,1,1,1,1,1,1,1
1,1,0.8933988,1,1,1,1,1,1,1
1,1,0.8848391,1,1,1,1,1,1,1
1,1,0.8762718,1,1,1,1,1,1,1
1,1,0.8676977,1,1,1,1,1,1,1
1,1,0.8591163,1,1,1,1,1,1,1
1,1,0.8505278,1,1,1,1,1,1,1
1,1,0.8419321,1,1,1,1,1,1,1
1,1,0.8333298,1,1,1,1,1,1,1
1,1,0.8247205,1,1,1,1,1,1,1
1,1,0.8161046,1,1,1,1,1,1,1
1,1,0.8074821,1,1,1,1,1,1,1
1,1,0.798853,1,1,1,1,1,1,1
1,1,0.7902174,1,1,1,1,1,1,1
1,1,0.7815757,1,1,1,1,1,1,1
1,1,0.7729278,1,1,1,1,1,1,1
1,1,0.7642735,1,1,1,1,1,1,1
1,1,0.7556137,1,1,1,1,1,1,1
1,1,0.7469476,1,1,1,1,1,1,1
1,1,0.7382761,1,1,1,1,1,1,1
1,1,0.7295989,1,1,1,1,1,1,1
1,1,0.7209159,1,1,1,1,1,1,1
1,1,0.7122277,1,1,1,1,1,1,1
1,1,0.7035342,1,1,1,1,1,1,1
1,1,0.6948352,1,1,1,1,1,1,1
1,1,0.6861312,1,1,1,1,1,1,1
1,1,0.6774221,1,1,1,1,1,1,1
1,1,0.668708,1,1,1,1,1,1,1
1,1,0.6599892,1,1,1,1,1,1,1
1,1,0.6512653,1,1,1,1,1,1,1
1,1,0.6425368,1,1,1,1,1,1,1
1,1,0.6338035,1,1,1,1,1,1,1
1,1,0.6250657,1,1,1,1,1,1,1
1,1,0.6163232,1,1,1,1,1,1,1
1,1,0.6075763,1,1,1,1,1,1,1
1,1,0.5988246,1,1,1,1,1,1,1
1,1,0.5900685,1,1,1,1,1,1,1
1,1,0.5813081,1,1,1,1,1,1,1
1,1,0.5725431,1,1,1,1,1,1,1
1,1,0.5637739,1,1,1,1,1,1,1
1,1,0.5550005,1,1,1,1,1,1,1
1,1,0.5462226,1,1,1,1,1,1,1
1,1,0.5374404,1,1,1,1,1,1,1
1,1,0.528654,1,1,1,1,1,1,1
1,1,0.5198634,1,1,1,1,1,1,1
1,1,0.5110686,1,1,1,1,1,1,1
1,0.5347711,0.5022695,1,1,1,1,1,1,2
1,0.5244804,0.4937688,1,1,1,1,1,1,2
1,0.5142863,1,1,1,1,1,1,1,2
1,0.5038567,1,1,1,1,1,1,1,2
1,0.4935379,1,1,1,1,1,1,1,2
1,0.4833296,1,1,1,1,1,1,1,2
1,0.4732314,1,1,1,1,1,1,1,2
1,0.4632425,1,1,1,1,1,1,1,2
1,0.4533621,1,1,1,1,1,1,1,2
1,0.443589,1,1,1,1,1,1,1,2
1,0.4339217,1,1,1,1,1,1,1,2
1,0.4243588,1,1,1,1,1,1,1,2
1,0.4148985,1,1,1,1,1,1,1,2
1,0.4055393,1,1,1,1,1,1,1,2
1,0.396279,1,1,1,1,1,1,1,2
1,0.3871153,1,1,1,1,1,1,1,2
1,0.3780465,1,1,1,1,1,1,1,2
1,0.3690703,1,1,1,1,1,1,1,2
0.4484879,0.3601843,1,1,1,1,1,1,1,2
0.4312141,0.3503101,1,1,1,1,1,1,1,2
0.4149434,0.3408331,1,1,1,1,1,1,1,2
0.3996064,0.3614639,1,1,1,1,1,1,1,2
0.3851916,0.4460902,1,1,1,1,1,1,1,2
0.3717043,0.5505325,1,1,1,1,1,1,1,2
0.3590374,1,1,0.9622982,1,1,1,1,1,2
0.3476056,1,1,0.9522862,1,1,1,1,1,2
0.3365876,1,1,0.9520949,1,1,1,1,1,2
0.3259202,1,1,0.9521111,1,1,1,1,1,2
0.3155906,1,1,0.9523275,1,1,1,1,1,2
0.3055853,1,1,0.9527362,1,1,1,1,1,2
0.2958913,1,1,0.9533296,1,1,1,1,1,2
0.2967626,1,1,0.9541,1,1,1,1,1,2
0.3210743,1,1,0.9548896,1,1,1,1,1,2
0.3462849,1,1,0.9553445,1,1,1,1,1,2
0.3723273,1,1,0.9554353,1,1,1,1,1,2
0.3991362,1,1,0.9551336,1,1,1,1,1,2
0.4266268,1,0.9859799,0.9544126,1,1,1,1,1,2
0.4544297,1,0.9522791,0.9530263,1,1,1,1,1,2
0.4819339,1,0.9220349,0.9506175,1,1,1,1,1,2
1,1,0.8947434,0.9471955,1,1,1,1,1,1
1,1,0.8835571,0.9359045,1,1,1,1,1,1
1,1,0.873161,0.92423,1,1,1,1,1,0
1,1,0.8635308,0.912203,1,1,1,1,1,0
1,1,0.8546519,0.8998559,1,1,1,1,1,0
1,1,0.8464991,0.8872223,1,1,1,1,1,0
1,1,0.8390559,0.8743356,1,1,1,1,1,0
1,1,0.832308,0.8612304,1,1,1,1,1,0
1,1,0.8262432,0.8479401,1,1,1,1,1,0
1,1,0.820859,0.8344977,1,1,1,1,1,0
1,1,0.8161391,0.8209352,1,1,1,1,1,0
1,1,0.8120774,0.8072841,1,1,1,1,1,0
1,1,0.8086616,0.793573,1,1,1,1,1,0
1,1,0.8058962,0.7798302,1,1,1,1,1,0
1,1,0.8037803,0.7660808,1,1,1,1,1,0
1,1,0.8023075,0.752349,1,1,1,1,1,0
1,1,0.8014805,0.7386559,1,1,1,1,1,0
1,1,0.8012964,0.7250208,1,1,1,1,1,0
1,1,0.8017625,0.7114613,1,1,1,1,1,0
1,1,0.8028892,0.6979917,1,1,1,1,1,0
1,1,0.8046907,0.6846253,0.7886631,1,1,1,1,0
1,1,0.8225641,0.6686352,0.7666833,1,1,1,1,0
1,1,0.8439261,0.6528734,0.7451647,1,1,1,1,0
1,1,0.869207,0.6373795,0.7241644,1,1,1,1,0
1,1,1,0.6221836,0.7037237,1,1,1,1,0
1,1,1,0.6076888,0.6844934,1,1,1,1,0
1,1,1,0.5933479,0.6655694,1,1,1,1,0
1,1,1,0.5791887,0.6469924,1,1,1,1,0
1,1,1,0.5652333,0.6287937,1,1,1,1,0
1,1,1,0.5514993,0.6109976,1,1,1,1,0
1,1,1,0.5379992,0.5936202,0.6852913,1,1,1,0
1,1,1,0.5239627,0.5753774,0.6602236,1,1,1,0
1,1,1,0.5102813,0.5577427,0.636253,1,1,1,0
1,1,1,0.5155388,0.5406774,0.6132981,1,1,1,0
1,1,1,0.5311231,0.5241452,0.5912844,1,1,1,0
1,1,1,0.5494938,0.5081131,0.5701449,1,1,1,0
1,1,1,0.5712343,0.4925497,0.5498177,1,1,1,0
1,1,1,0.597093,0.4774267,0.5302471,1,1,1,0
1,1,1,0.6280755,0.4627173,0.5113817,1,1,1,0
1,1,1,0.665545,0.4483968,0.4931751,1,1,1,0
1,1,1,0.7113816,0.4344419,0.4755837,0.592899,1,1,0
1,1,1,1,0.4208309,0.4585682,0.5663949,1,1,0
1,1,1,1,0.4250404,0.4420914,0.5411602,1,1,0
1,1,1,1,0.4412042,0.4261201,0.5170954,1,1,0
1,1,1,1,0.4603621,0.4106227,0.4941101,1,1,0
1,1,1,1,0.4831745,0.3955701,0.4721227,1,1,0
1,1,1,1,0.5105006,0.3809354,0.4510597,1,1,0
1,1,1,1,0.5434967,0.3666933,0.4308545,1,1,0
1,1,1,1,0.58377,0.3528208,0.4114466,1,1,0
1,1,1,1,1,0.3450474,0.3927803,1,1,0
1,1,1,1,1,0.3593208,0.3748055,1,1,0
1,1,1,1,1,0.3760963,0.3574761,1,1,0
1,1,1,1,1,0.3958781,0.3407494,1,1,0
1,1,1,1,1,0.4193057,0.3245865,1,1,0
1,1,1,1,1,0.4472166,0.3089518,0.4701801,1,0
1,1,1,1,1,0.4807422,0.2938115,0.4392603,1,0
1,1,1,1,1,0.5214015,0.2791357,0.4102589,1,0
1,1,1,1,1,1,0.2648953,0.382993,1,0
1,1,1,1,1,1,0.2717322,0.3573037,1,0
1,1,1,1,1,1,0.2843423,0.3330494,1,0
1,1,1,1,1,1,0.2988284,0.3101064,1,0
1,1,1,1,1,1,0.3154824,0.2883636,1,0
1,1,1,1,1,1,0.3346809,0.2677222,1,0
1,1,1,1,1,1,0.3568746,0.2480943,1,0
1,1,1,1,1,1,0.3826414,0.2294004,1,0
1,1,1,1,1,1,0.4127198,0.2115691,0.4057846,0
1,1,1,1,1,1,0.448069,0.1945366,0.3620794,0
1,1,1,1,1,1,1,0.1966473,0.3225581,0
1,1,1,1,1,1,1,0.2048663,0.2866467,0
1,1,1,1,1,1,1,0.2139542,0.2538728,0
1,1,1,1,1,1,1,0.2239933,0.2238432,0
1,1,1,1,1,1,1,0.2350724,0.1962279,0
1,1,1,1,1,1,1,0.2472986,0.1707469,0
1,1,1,1,1,1,1,0.2607952,0.1667589,0
1,1,1,1,1,1,1,0.275699,0.1728289,0
1,1,1,1,1,1,1,0.2921745,0.1793876,0
1,1,1,1,1,1,1,0.310408,0.18646,0
1,1,1,1,1,1,1,0.3306244,0.1940778,0
1,1,1,1,1,1,1,0.3530895,0.2022759,0
1,1,1,1,1,1,1,1,0.211085,0
1,1,1,1,1,1,1,1,0.2205509,0
1,1,1,1,1,1,1,1,0.2307125,0
1,1,1,1,1,1,1,1,0.2416209,0
1,1,1,1,1,1,1,1,0.2533289,0
1,1,1,1,1,1,1,1,0.2658997,0
1,1,1,1,1,1,1,1,0.2793991,0
1,1,1,1,1,1,1,1,0.293821,0
1,1,1,1,1,1,1,1,0.3089914,0
1,1,1,1,1,1,1,1,1,1
1,1,1,1,1,1,1,1,1,1
1,1,1,1,1,1,1,1,1,1
1,1,1,1,1,1,1,1,1,1
1,1,1,1,1,1,1,1,1,1
1,1,1,1,1,1,1,1,1,1
1,1,1,1,1,1,1,1,1,1
1,1,1,1,1,1,1,1,1,1
1,1,1,1,1,1,1,1,1,1
1,1,1,1,1,1,1,1,1,1
1,1,1,1,1,1,1,1,1,1
1,1,1,1,1,1,1,1,1,1
1,1,1,1,1,1,1,1,1,1
1,1,1,1,1,1,1,1,1,1
1,1,1,1,1,1,1,1,1,1
1,1,1,1,1,1,1,1,1,1
1,1,1,1,1,1,1,1,1,1
1,1,1,1,1,1,1,1,1,1
1,1,1,1,1,1,1,1,1,1
1,1,1,1,1,1,1,1,1,1
1,1,1,1,1,1,1,1,1,1
1,1,1,1,1,1,1,1,1,1
1,1,1,1,1,1,1,1,1,1
1,1,1,1,1,1,1,1,1,1
1,1,1,1,1,1,1,1,1,1
1,1,1,1,1,1,1,1,1,1
1,1,1,1,1,1,1,1,1,1
1,1,1,1,1,1,1,1,1,1
1,1,1,1,1,1,1,1,1,1
1,1,1,1,1,1,1,1,1,1
1,1,1,1,1,1,1,1,1,1
1,1,1,1,1,1,1,1,1,1
1,1,1,1,1,1,1,1,1,1
1,1,1,1,1,1,1,1,1,1
1,1,1,1,1,1,1,1,1,1
1,1,1,1,1,1,1,1,1,1
1,1,1,1,1,1,1,1,1,1
1,1,1,1,1,1,1,1,1,1
1,1,1,1,1,1,1,1,1,1
1,1,1,1,1,1,1,1,1,1
1,1,1,1,1,1,1,1,1,1
1,1,1,1,1,1,1,1,1,1
1,1,1,1,1,1,1,1,1,1
1,1,1,1,1,1,1,1,1,1
1,1,1,1,1,1,1,1,1,1
1,1,1,1,1,1,1,1,1,1
1,1,1,1,1,1,1,1,1,1
1,1,1,1,1,1,1,1,1,1
1,1,1,1,1,1,1,1,1,1
1,1,1,1,1,1,1,1,1,1
1,1,1,1,1,1,1,1,1,1
1,1,1,1,1,1,1,1,1,1
1,1,1,1,1,1,1,1,1,1
1,1,1,1,1,1,1,1,1,1
1,1,1,1,1,1,1,1,1,1
1,1,1,1,1,1,1,1,1,1
1,1,1,1,1,1,1,1,1,1
1,1,1,1,1,1,1,1,1,1
1,1,1,1,1,1,1,1,1,1
1,1,1,1,1,1,1,1,1,1
1,1,1,1,1,1,1,1,1,1
1,1,1,1,1,1,1,1,1,1
1,1,1,1,1,1,1,1,1,1
1,1,1,1,1,1,1,1,1,1
1,1,1,1,1,1,1,1,1,1
1,1,1,1,1,1,1,1,1,1
1,1,1,1,1,1,1,1,1,1
1,1,1,1,1,1,1,1,1,1
1,1,1,1,1,1,1,1,1,1
1,1,1,1,1,1,1,1,1,1
1,1,1,1,1,1,1,1,1,1
1,1,1,1,1,1,1,1,1,1
1,1,1,1,1,1,1,1,1,1
1,1,1,1,1,1,1,1,1,1
1,1,1,1,1,1,1,1,1,1
1,1,1,1,1,1,1,1,1,1
1,1,1,1,1,1,1,1,1,1
1,1,1,1,1,1,1,1,1,1
1,1,1,1,1,1,1,1,1,1
1,1,1,1,1,1,1,1,1,1
1,1,1,1,1,1,1,1,1,1
1,1,1,1,1,1,1,1,1,1
1,1,1,1,1,1,1,1,1,1
1,1,1,1,1,1,1,1,1,1
1,1,1,1,1,1,1,1,1,1
1,1,1,1,1,1,1,1,1,1
1,1,1,1,1,1,1,1,1,1
1,1,1,1,1,1,1,1,1,1
1,1,1,1,1,1,1,1,1,1
1,1,1,1,1,1,1,1,1,1
1,1,1,1,1,1,1,1,1,1
1,1,1,1,1,1,1,1,1,1
1,1,1,1,1,1,1,1,1,1
1,1,1,1,1,1,1,1,1,1
1,1,1,1,1,1,1,1,1,1
1,1,1,1,1,1,1,1,1,1
1,1,1,1,1,1,1,1,1,1
1,1,1,1,1,1,1,1,1,1
1,1,1,1,1,1,1,1,1,1
1,1,1,1,1,1,1,1,1,1
1,1,1,1,1,1,1,1,1,1
1,1,1,1,1,1,1,1,1,1
1,1,1,1,1,1,1,1,1,1
1,1,1,1,1,1,1,1,1,1
1,1,1,1,1,1,1,1,1,1
1,1,1,1,1,1,1,1,1,1
1,1,1,1,1,1,1,1,1,1
1,1,1,1,1,1,1,1,1,1
1,1,1,1,1,1,1,1,1,1
1,1,1,1,1,1,1,1,1,1
1,1,1,1,1,1,1,1,1,1
1,1,1,1,1,1,1,1,1,1
1,1,1,1,1,1,1,1,1,1
1,1,1,1,1,1,1,1,1,1
1,1,1,1,1,1,1,1,1,1
1,1,1,1,1,1,1,1,1,1
1,1,1,1,1,1,1,1,1,1
1,1,1,1,1,1,1,1,1,1
1,1,1,1,1,1,1,1,1,1
1,1,1,1,1,1,1,1,1,1
1,1,1,1,1,1,1,1,1,1
1,1,1,1,1,1,1,1,1,1
1,1,1,1,1,1,1,1,1,1
1,1,1,1,1,1,1,1,1,1
1,1,1,1,1,1,1,1,1,1
1,1,1,1,1,1,1,1,1,1
1,1,1,1,1,1,1,1,1,1
1,1,1,1,1,1,1,1,1,1
1,1,1,1,1,1,1,1,1,1
1,1,1,1,1,1,1,1,1,1
1,1,1,1,1,1,1,1,1,1
1,1,1,1,1,1,1,1,1,1
1,1,1,1,1,1,1,1,1,1
1,1,1,1,1,1,1,1,1,1
1,1,1,1,1,1,1,1,1,1
1,1,1,1,1,1,1,1,1,1
1,1,1,1,1,1,1,1,1,1
1,1,1,1,1,1,1,1,1,1
1,1,1,1,1,1,1,1,1,1
1,1,1,1,1,1,1,1,1,1
1,1,1,1,1,1,1,1,1,1
1,1,1,1,1,1,1,1,1,1
1,1,1,1,1,1,1,1,1,1
1,1,1,1,1,1,1,1,1,1
1,1,1,1,1,1,1,1,1,1
1,1,1,1,1,1,1,1,1,1
1,1,1,1,1,1,1,1,1,1
1,1,1,1,1,1,1,1,1,1
1,1,1,1,0.99977,1,1,1,1,1
1,1,1,1,0.989766,1,1,1,1,1
1,1,0.9982979,1,0.9795949,1,1,1,1,1
1,1,0.9809458,1,0.969215,1,1,1,1,1
1,1,0.9621463,1,0.9582438,1,1,1,1,1
1,1,0.9418846,1,0.9466586,1,1,1,1,1
1,1,0.9301098,1,0.9344436,1,1,1,1,1
1,1,0.9257871,1,0.9218221,1,1,1,1,2
1,1,0.9217434,1,0.9089848,1,1,1,1,2
1,1,0.9179837,0.987218,0.897806,1,1,1,1,2
1,1,0.9146931,0.9703649,0.8955086,1,1,1,1,2
1,1,0.9118269,0.9531183,0.8941539,1,1,1,1,2
1,1,0.9093794,0.9355537,0.8937295,1,1,1,1,2
1,1,0.9073442,0.9177445,0.8942245,1,1,1,1,2
1,1,0.9057185,0.8997614,0.895635,1,1,1,1,2
1,1,0.9044988,0.8816715,0.8979589,1,1,1,1,2
1,1,0.9036769,0.8635381,0.9011882,1,1,1,1,2
1,1,0.903244,0.8454185,0.9053159,1,1,1,1,2
1,1,0.9031905,0.8273646,0.9103354,1,1,1,1,2
1,1,0.9035059,0.8094223,0.9162405,1,1,1,1,2
1,1,0.9041749,0.807814,1,1,1,1,1,2
1,1,0.9038303,0.8086261,1,1,1,1,1,2
1,1,0.9035795,0.7997643,1,1,1,1,1,2
0.9992144,1,0.9035938,0.7834885,1,1,1,1,1,2
0.9927651,1,0.904035,0.7672116,1,1,1,1,1,2
0.9863859,0.9958874,0.9050735,0.7508363,1,1,1,1,1,2
0.9800752,0.9205235,0.890434,0.7343208,1,1,1,1,1,2
0.9733167,0.8378373,0.8614088,0.7202732,1,1,1,1,1,2
0.9662434,0.7820188,0.8288997,0.7331308,1,1,1,1,1,2
0.9594682,0.7829643,0.7960382,0.7498715,1,1,1,1,1,2
0.953347,0.7844741,0.7648771,0.7684627,1,1,1,1,1,2
0.9478678,0.7277529,0.7352787,0.7891142,1,1,1,1,1,2
0.9430232,0.7273337,0.707121,0.939827,1,1,1,1,1,2
0.9388044,0.7301019,0.680293,0.9704447,1,1,1,1,1,2
0.9352041,0.7334572,0.6771599,1,1,1,1,1,1,2
1,1,1,1,1,1,1,1,1,1
1,1,1,1,1,1,1,1,1,1
1,1,1,1,1,1,1,1,1,1
1,1,1,1,1,1,1,1,1,1
1,1,1,1,1,1,1,1,1,1
1,1,1,1,1,1,1,1,1,1
1,1,1,1,1,1,1,1,1,1
1,1,1,1,1,1,1,1,1,1
1,1,1,1,1,1,1,1,1,1
1,1,1,1,1,1,1,1,1,1
1,1,1,1,1,1,1,1,1,1
1,1,1,1,1,1,1,1,1,1
1,1,1,1,1,1,1,1,1,1
1,1,1,1,1,1,1,1,1,1
1,1,1,1,1,1,1,1,1,1
1,1,1,1,1,1,1,1,1,1
1,1,1,1,1,1,1,1,1,1
1,1,1,1,1,1,1,1,1,1
1,1,1,1,1,1,1,1,1,1
1,1,1,1,1,1,1,1,1,1
1,1,1,1,1,1,1,1,1,1
1,1,1,1,1,1,1,1,1,1
1,1,1,1,1,1,1,1,1,1
1,1,1,1,1,1,1,1,1,1
1,1,1,1,1,1,1,1,1,1
1,1,1,1,1,1,1,1,1,1
1,1,1,1,1,1,1,1,1,1
1,1,1,1,1,1,1,1,1,1
1,1,1,1,1,1,1,1,1,1
1,1,1,1,1,1,1,1,1,1
1,1,1,1,1,1,1,1,1,1
1,1,1,1,1,1,1,1,1,1
1,1,1,1,1,1,1,1,1,1
1,1,1,1,1,1,1,1,1,1
1,1,1,1,1,1,1,1,1,1
1,1,1,1,1,1,1,1,1,1
1,1,1,1,1,1,1,1,1,1
1,1,1,1,1,1,1,1,1,1
1,1,1,1,1,1,1,1,1,1
1,1,1,1,1,1,1,1,1,1
1,1,1,1,1,1,1,1,1,1
1,1,1,1,1,1,1,1,1,1
1,1,1,1,1,1,1,1,1,1
1,1,1,1,1,1,1,1,1,1
1,1,1,1,1,1,1,1,1,1
1,1,1,1,1,1,1,1,1,1
1,1,1,1,1,1,1,1,1,1
1,1,1,1,1,1,1,1,1,1
1,1,1,1,1,1,1,1,1,1
1,1,1,1,1,1,1,1,1,1
1,1,1,1,1,1,1,1,1,1
1,1,1,1,1,1,1,1,1,1
1,1,1,1,1,1,1,1,1,1
1,1,1,1,1,1,1,1,1,1
1,1,1,1,1,1,1,1,1,1
1,1,1,1,1,1,1,1,1,1
1,1,1,1,1,1,1,1,1,1
1,1,1,1,1,1,1,1,1,1
1,1,1,1,1,1,1,1,1,1
1,1,1,1,1,1,1,1,1,1
1,1,1,1,1,1,1,1,1,1
1,1,1,1,1,1,1,1,1,1
1,1,1,1,1,1,1,1,1,1
1,1,1,1,1,1,1,1,1,1
1,1,1,1,1,1,1,1,1,1
1,1,1,1,1,1,1,1,1,1
1,1,1,1,1,1,1,1,1,1
1,1,1,1,1,1,1,1,1,1
1,1,1,1,1,1,1,1,1,1
1,1,1,1,1,1,1,1,1,1
1,1,1,1,1,1,1,1,1,1
1,1,1,1,1,1,1,1,1,1
1,1,1,1,1,1,1,1,1,1
1,1,1,1,1,1,1,1,1,1
1,1,1,1,1,1,1,1,1,1
1,1,1,1,1,1,1,1,1,1
1,1,1,1,1,1,1,1,1,1
1,1,1,1,1,1,1,1,1,1
1,1,1,1,1,1,1,1,1,1
1,1,1,1,1,1,1,1,1,1
1,1,1,1,1,1,1,1,1,1
1,1,1,1,1,1,1,1,1,1
1,1,1,1,1,1,1,1,1,1
1,1,1,1,1,1,1,1,1,1
1,1,1,1,1,1,1,1,1,1
1,1,1,1,1,1,1,1,1,1
1,1,1,1,1,1,1,1,1,1
1,1,1,1,1,1,1,1,1,1
1,1,1,1,1,1,1,1,1,1
1,1,1,1,1,1,1,1,1,1
1,1,1,1,1,1,1,1,1,1
1,1,1,1,1,1,1,1,1,1
1,1,1,1,1,1,1,1,1,1
1,1,1,1,1,1,1,1,1,1
1,1,1,1,1,1,1,1,1,1
1,1,1,1,1,1,1,1,1,1
1,1,1,1,1,1,1,1,1,1
1,1,1,1,1,1,1,1,1,1
1,1,1,1,1,1,1,1,1,1
1,1,1,1,1,1,1,1,1,1
1,1,1,1,1,1,1,1,1,1
1,1,1,1,1,1,1,1,1,1
1,1,1,1,1,1,1,1,1,1
1,1,1,1,1,1,1,1,1,1
1,1,1,1,1,1,1,1,1,1
1,1,1,1,1,1,1,1,1,1
1,1,1,1,1,1,1,1,1,1
1,1,1,1,1,1,1,1,1,1
1,1,1,1,1,1,1,1,1,1
1,1,1,1,1,1,1,1,1,1
1,1,1,1,1,1,1,1,1,1
1,1,1,1,1,1,1,1,1,1
1,1,1,1,1,1,1,1,1,1
1,1,1,1,1,1,1,1,1,1
1,1,1,1,1,1,1,1,1,1
1,1,1,1,1,1,1,1,1,1
1,1,1,1,1,1,1,1,1,1
1,1,1,1,1,1,1,1,1,1
1,1,1,1,1,1,1,1,1,1
1,1,1,1,1,1,1,1,1,1
1,1,1,1,1,1,1,1,1,1
1,1,1,1,1,1,1,1,1,1
1,1,1,1,1,1,1,1,1,1
1,1,1,1,1,1,1,1,1,1
1,1,1,1,1,1,1,1,1,1
1,1,1,1,1,1,1,1,1,1
1,1,1,1,1,1,1,1,1,1
1,1,1,1,1,1,1,1,1,1
1,1,1,1,1,1,1,1,1,1
1,1,1,1,1,1,1,1,1,1
1,1,1,1,1,1,1,1,1,1
1,1,1,1,1,1,1,1,1,1
1,1,1,1,1,1,1,1,1,1
1,1,1,1,1,1,1,1,1,1
1,1,1,1,1,1,1,1,1,1
1,1,1,1,1,1,1,1,1,1
1,1,1,1,1,1,1,1,1,1
1,1,1,1,1,1,1,1,1,1
1,1,1,1,1,1,1,1,1,1
1,1,1,1,1,1,1,1,1,1
1,1,1,1,1,1,1,1,1,1
1,1,1,1,1,1,1,1,1,1
1,1,1,1,1,1,1,1,1,1
1,1,1,1,1,1,1,1,1,1
1,1,1,1,1,1,1,1,1,1
1,1,1,1,1,1,1,1,1,1
1,1,1,1,1,1,1,1,1,1
1,1,1,1,1,1,1,1,1,1
1,1,1,1,1,1,1,1,1,1
1,1,1,1,1,1,1,1,1,1
1,1,1,1,1,1,1,1,1,1
1,1,1,1,1,1,1,1,1,1
1,1,1,1,1,1,1,1,1,1
1,1,1,1,1,1,1,1,1,1
1,1,1,1,1,1,1,1,1,1
1,1,1,1,1,1,1,1,1,1
1,1,1,1,1,1,1,1,1,1
1,1,1,1,1,1,1,1,1,1
1,1,1,1,1,1,1,1,1,1
1,1,1,1,1,1,1,1,1,1
1,1,1,1,1,1,1,1,1,1
1,1,1,1,1,1,1,1,1,1
1,1,1,1,1,1,1,1,1,1
1,1,1,1,1,1,1,1,1,1
1,1,1,1,1,1,1,1,1,1
1,1,1,1,1,1,1,1,1,1
1,1,1,1,1,1,1,1,1,1
1,1,1,1,1,1,1,1,1,1
1,1,1,1,1,1,1,1,1,1
1,1,1,1,1,1,1,1,1,1
1,1,1,1,1,1,1,1,1,1
1,1,1,1,1,1,1,1,1,1
1,1,1,1,1,1,1,1,1,1
1,1,1,1,1,1,1,1,1,1
1,1,1,1,1,1,1,1,1,1
1,1,1,1,1,1,1,1,1,1
1,1,1,1,1,1,1,1,1,1
1,1,1,1,1,1,1,1,1,1
1,1,1,1,1,1,1,1,1,1
1,1,1,1,1,1,1,1,1,1
1,1,1,1,1,1,1,1,1,1
1,1,1,1,1,1,1,1,1,1
1,1,1,1,1,1,1,1,1,1
1,1,1,1,1,1,1,1,1,1
1,1,1,1,1,1,1,1,1,1
1,1,1,1,1,1,1,1,1,1
1,1,1,1,1,1,1,1,1,1
1,1,1,1,1,1,1,1,1,1
1,1,1,1,1,1,1,1,1,1
1,1,1,1,1,1,1,1,1,1
1,1,1,1,1,1,1,1,1,1
1,1,1,1,1,1,1,1,1,1
1,1,1,1,1,1,1,1,1,1
1,1,1,1,1,1,1,1,1,1
1,1,1,1,1,1,1,1,1,1
1,1,1,1,1,1,1,1,1,1
1,1,1,1,1,1,1,1,1,1
1,1,1,1,1,1,1,1,1,1
1,1,1,1,1,1,1,1,1,1
1,1,1,1,1,1,1,1,1,1
1,1,1,1,1,1,1,1,1,1
1,1,1,1,1,1,1,1,1,1
1,1,1,1,1,1,1,1,1,1
1,1,1,1,1,1,1,1,1,1
1,1,1,1,1,1,1,1,1,1
1,1,1,1,1,1,1,1,1,1
1,1,1,1,1,1,1,1,1,1
1,1,1,1,1,1,1,1,1,1
1,1,1,1,1,1,1,1,1,1
1,1,1,1,1,1,1,1,1,1
1,1,1,1,1,1,1,1,1,1
1,1,1,1,1,1,1,1,1,1
1,1,1,1,1,1,1,1,1,1
1,1,1,1,1,1,1,1,1,1
1,1,1,1,1,1,1,1,1,1
1,1,1,1,1,1,1,1,1,1
1,1,1,1,1,1,1,1,1,1
1,1,1,1,1,1,1,1,1,1
1,1,1,1,1,1,1,1,1,1
1,1,1,1,1,1,1,1,1,1
1,1,1,1,1,0.9965228,1,1,1,1
1,1,1,1,1,0.9863642,1,1,1,1
1,1,1,1,1,0.9761931,1,1,1,1
1,1,1,1,1,0.9660098,1,1,1,1
1,1,1,1,1,0.9558147,1,1,1,1
1,1,1,1,1,0.9456084,1,1,1,1
1,1,1,1,1,0.9353913,1,1,1,1
1,1,1,1,1,0.9251639,1,1,1,1
1,1,1,1,1,0.9149269,1,1,1,1
1,1,1,1,1,0.9046809,1,1,1,1
1,1,1,1,1,0.8944263,1,1,1,1
1,1,1,1,1,0.884164,1,1,1,1
1,1,1,1,1,0.8738942,1,1,1,1
1,1,1,1,1,0.863618,1,1,1,1
1,1,1,1,1,0.8533357,1,1,1,1
1,1,1,1,1,0.8430483,1,1,1,1
1,1,1,1,1,0.8327564,1,1,1,1
1,1,1,1,1,0.8224607,1,1,1,1
1,1,1,1,1,0.8121616,1,1,1,1
1,1,1,1,1,0.8018602,1,1,1,1
1,1,1,1,1,0.7915567,1,1,1,1
1,1,1,1,1,0.7812523,1,1,1,1
1,1,1,1,1,0.7709471,1,1,1,1
1,1,1,1,1,0.7606421,1,1,1,1
1,1,1,1,1,0.7503379,1,1,1,1
1,1,1,1,1,0.7400352,1,1,1,1
1,1,1,1,1,0.7297343,1,1,1,1
1,1,1,1,1,0.719436,1,1,1,1
1,1,1,1,1,0.7091407,1,1,1,1
1,1,1,1,1,0.6988488,1,1,1,1
1,1,1,1,1,0.6885613,1,1,1,1
1,1,1,1,1,0.6782782,1,1,1,1
1,1,1,1,1,0.6680003,1,1,1,1
1,1,1,1,1,0.657728,1,1,1,1
1,1,1,1,1,0.6474615,1,1,1,1
1,1,1,1,1,0.6372014,1,1,1,1
1,1,1,1,1,0.6269478,1,1,1,1
1,1,1,1,1,0.6185744,1,1,1,1
1,1,1,1,1,0.6321344,1,1,1,1
1,1,1,1,1,0.6457735,1,1,1,1
1,1,1,1,1,0.6594542,1,1,1,1
1,1,1,1,1,0.6731631,0.6165261,1,1,0
1,1,1,1,1,1,0.6038941,1,1,0
1,1,1,1,1,1,0.5917445,1,1,0
1,1,1,1,1,1,0.5796591,1,1,0
1,1,1,1,1,1,0.5676407,1,1,0
1,1,1,1,1,1,0.5556914,1,1,0
1,1,1,1,1,1,0.5438135,1,1,0
1,1,1,1,1,1,0.5320085,1,1,0
1,1,1,1,1,1,0.5202776,1,1,0
1,1,1,1,1,1,0.5086221,1,1,0
1,1,1,1,1,1,0.4970426,1,1,0
1,1,1,1,1,1,0.4855397,1,1,0
1,1,1,1,1,1,0.4741136,1,1,0
1,1,1,1,1,1,0.4627641,1,1,0
1,1,1,1,1,1,0.4514908,1,1,0
1,1,1,1,1,1,0.4402936,1,1,0
1,1,1,1,1,1,0.4291713,1,1,0
1,1,1,1,1,1,0.4181233,1,1,0
1,1,1,1,1,1,0.4071484,1,1,0
1,1,1,1,1,1,0.4071886,1,1,0
1,1,1,1,1,1,0.4244629,1,1,0
1,1,1,1,1,1,0.4422777,1,1,0
1,1,1,1,1,1,0.4606191,1,1,0
1,1,1,1,1,1,0.4794444,1,1,0
1,1,1,1,1,1,0.4987322,0.4251354,1,0
1,1,1,1,1,1,1,0.4064855,1,0
1,1,1,1,1,1,1,0.3899216,1,0
1,1,1,1,1,1,1,0.3738209,1,0
1,1,1,1,1,1,1,0.3581759,1,0
1,1,1,1,1,1,1,0.3429759,1,0
1,1,1,1,1,1,1,0.3282096,1,0
1,1,1,1,1,1,1,0.3138637,1,0
1,1,1,1,1,1,1,0.2999236,1,0
1,1,1,1,1,1,1,0.2863745,1,0
1,1,1,1,1,1,1,0.2924454,1,0
1,1,1,1,1,1,1,0.307931,1,0
1,1,1,1,1,1,1,0.3241862,0.3623677,0
1,1,1,1,1,1,1,0.3466959,0.3380311,0
1,1,1,1,1,1,1,0.3717836,0.3152213,0
1,1,1,1,1,1,1,1,0.2938052,0
1,1,1,1,1,1,1,1,0.273665,0
1,1,1,1,1,1,1,1,0.254696,0
1,1,1,1,1,1,1,1,0.2487629,0
1,1,1,1,1,1,1,1,0.2613676,0
1,1,1,1,1,1,1,1,0.2749067,0
1,1,1,1,1,1,1,1,0.2893859,0
1,1,1,1,1,1,1,1,0.3046232,0
1,1,1,1,1,1,1,1,0.3206141,0
1,1,1,1,1,1,1,1,0.3373496,0
1,1,1,1,1,1,1,1,1,1
1,1,1,1,1,1,1,1,1,1
1,1,1,1,1,1,1,1,1,1
1,1,1,1,1,1,1,1,1,1
1,1,1,1,1,1,1,1,1,1
1,1,1,1,1,1,1,1,1,1
1,1,1,1,1,1,1,1,1,1
1,1,1,1,1,1,1,1,1,1
1,1,1,1,1,1,1,1,1,1
1,1,1,1,1,1,1,1,1,1
1,1,1,1,1,1,1,1,1,1
1,1,1,1,1,1,1,1,1,1
1,1,1,1,1,1,1,1,1,1
1,1,1,1,1,1,1,1,1,1
1,1,1,1,1,1,1,1,1,1
1,1,1,1,1,1,1,1,1,1
1,1,1,1,1,1,1,1,1,1
1,1,1,1,1,1,1,1,1,1
1,1,1,1,1,1,1,1,1,1
1,1,1,1,1,1,1,1,1,1
1,1,1,1,1,1,1,1,1,1
1,1,1,1,1,1,1,1,1,1
1,1,1,1,1,1,1,1,1,1
1,1,1,1,1,1,1,1,1,1
1,1,1,1,1,1,1,1,1,1
1,1,1,1,1,1,1,1,1,1
1,1,1,1,1,1,1,1,1,1
1,1,1,1,1,1,1,1,1,1
1,1,1,1,1,1,1,1,1,1
1,1,1,1,1,1,1,1,1,1
1,1,1,1,1,1,1,1,1,1
1,1,1,1,1,1,1,1,1,1
1,1,1,1,1,1,1,1,1,1
1,1,1,1,1,1,1,1,1,1
1,1,1,1,1,1,1,1,1,1
1,1,1,1,1,1,1,1,1,1
1,1,1,1,1,1,1,1,1,1
1,1,1,1,1,1,1,1,1,1
1,1,1,1,1,1,1,1,1,1
1,1,1,1,1,1,1,1,1,1
1,1,1,1,1,1,1,1,1,1
1,1,1,1,1,1,1,1,1,1
1,1,1,1,1,1,1,1,1,1
1,1,1,1,1,1,1,1,1,1
1,1,1,1,1,1,1,1,1,1
1,1,1,1,1,1,1,1,1,1
1,1,1,1,1,1,1,1,1,1
1,1,1,1,1,1,1,1,1,1
1,1,1,1,1,1,1,1,1,1
1,1,1,1,1,1,1,1,1,1
1,1,1,1,1,1,1,1,1,1
1,1,1,1,1,1,1,1,1,1
1,1,1,1,1,1,1,1,1,1
1,1,1,1,1,1,1,1,1,1
1,1,1,1,1,1,1,1,1,1
1,1,1,1,1,1,1,1,1,1
1,1,1,1,1,1,1,1,1,1
1,1,1,1,1,1,1,1,1,1
1,1,1,1,1,1,1,1,1,1
1,1,1,1,1,1,1,1,1,1
1,1,1,1,1,1,1,1,1,1
1,1,1,1,1,1,1,1,1,1
1,1,1,1,1,1,1,1,1,1
1,1,1,1,1,1,1,1,1,1
1,1,1,1,1,1,1,1,1,1
1,1,1,1,1,1,1,1,1,1
1,0.9989877,1,1,1,1,1,1,1,1
1,0.9929131,1,1,1,1,1,1,1,1
1,0.9868534,1,1,1,1,1,1,1,1
1,1,1,1,1,1,1,1,1,1
1,1,1,1,1,1,1,1,1,1
1,1,1,1,1,1,1,1,1,1
1,1,1,1,1,1,1,1,1,1
1,1,1,1,1,1,1,1,1,1
1,1,1,1,1,1,1,1,1,1
1,1,1,1,1,1,1,1,1,1
1,1,1,1,1,1,1,1,1,1
1,1,1,1,1,1,1,1,1,1
1,1,1,1,1,1,1,1,1,1
1,1,1,1,1,1,1,1,1,1
1,1,1,1,1,1,1,1,1,1
1,1,1,1,1,1,1,1,1,1
1,1,1,1,1,1,1,1,1,1
1,1,1,1,1,1,1,1,1,1
1,1,1,1,1,1,1,1,1,1
1,1,1,1,1,1,1,1,1,1
1,1,1,1,1,1,1,1,1,1
1,1,1,1,1,1,1,1,1,1
1,1,1,1,1,1,1,1,1,1
1,1,1,1,1,1,1,1,1,1
1,1,1,1,1,1,1,1,1,1
1,1,1,1,1,1,1,1,1,1
0.9083122,1,1,1,1,1,1,1,1,1
0.9004827,1,1,1,1,1,1,1,1,1
0.892609,1,1,1,1,1,1,1,1,1
0.8846995,1,1,1,1,1,1,1,1,2
0.8767627,1,1,1,1,1,1,1,1,2
0.8688039,1,1,1,1,1,1,1,1,2
0.8608357,1,1,1,1,1,1,1,1,2
0.8528638,1,1,1,1,1,1,1,1,2
0.8449009,1,1,1,1,1,1,1,1,2
0.8369533,1,1,1,1,1,1,1,1,2
0.8290343,1,1,1,1,1,1,1,1,2
0.8211504,1,1,1,1,1,1,1,1,2
0.8133115,1,1,1,1,1,1,1,1,2
0.8055278,1,1,1,1,1,1,1,1,2
0.8243755,1,1,1,1,1,1,1,1,2
0.8709942,1,1,1,1,1,1,1,1,2
0.9143592,1,1,1,1,1,1,1,1,1
0.9538366,1,1,1,1,1,1,1,1,1
0.9890631,1,1,1,1,1,1,1,1,1
1,1,1,1,1,1,1,1,1,1
1,1,1,1,1,1,1,1,1,1
1,1,1,1,1,1,1,1,1,1
1,1,1,1,1,1,1,1,1,1
1,1,1,1,1,1,1,1,1,1
1,1,1,1,1,1,1,1,1,1
1,1,1,1,1,1,1,1,1,1
1,1,1,1,1,1,1,1,1,1
1,1,1,1,1,1,1,1,1,1
1,1,1,1,1,1,1,1,1,1
1,1,1,1,1,1,1,1,1,1
1,1,1,1,1,1,1,1,1,1
1,1,1,1,1,1,1,1,1,1
1,1,1,1,1,1,1,1,1,1
1,1,1,1,1,1,1,1,1,1
1,1,1,1,1,1,1,1,1,1
1,1,1,1,1,1,1,1,1,1
1,1,1,1,1,1,1,1,1,1
1,1,1,1,1,1,1,1,1,1
1,1,1,1,1,1,1,1,1,1
1,1,1,1,1,1,1,1,1,1
1,1,1,1,1,1,1,1,1,1
1,1,1,1,1,1,1,1,1,1
1,1,1,1,1,1,1,1,1,1
1,1,1,1,1,1,1,1,1,1
1,1,1,1,1,1,1,1,1,1
1,1,1,1,1,1,1,1,1,1
1,1,1,1,1,1,1,1,1,1
1,1,1,1,1,1,1,1,1,1
1,1,1,1,1,1,1,1,1,1
1,1,1,1,1,1,1,1,1,1
1,1,1,1,1,1,1,1,1,1
1,1,1,1,1,1,1,1,1,1
1,1,1,1,1,1,1,1,1,1
1,1,1,1,1,1,1,1,1,1
1,1,1,1,1,1,1,1,1,1
1,1,1,1,1,1,1,1,1,1
1,1,1,1,1,1,1,1,1,1
1,1,1,1,1,1,1,1,1,1
1,1,1,1,1,1,1,1,1,1
1,1,1,1,1,1,1,1,1,1
1,1,1,1,1,1,1,1,1,1
1,1,1,1,1,1,1,1,1,1
1,1,1,1,1,1,1,1,1,1
1,1,1,1,1,1,1,1,1,1
1,1,1,1,1,1,1,1,1,1
1,1,1,1,1,1,1,1,1,1
1,1,1,1,1,1,1,1,1,1
1,1,1,1,1,1,1,1,1,1
1,1,1,1,1,1,1,1,1,1
1,1,1,1,1,1,1,1,1,1
1,1,1,1,1,1,1,1,1,1
1,1,1,1,1,1,1,1,1,1
1,1,1,1,1,1,1,1,1,1
1,1,1,1,1,1,1,1,1,1
1,1,1,1,1,1,1,1,1,1
1,1,1,1,1,1,1,1,1,1
1,1,1,1,1,1,1,1,1,1
1,1,1,1,1,1,1,1,1,1
1,1,1,1,1,1,1,1,1,1
1,1,1,1,1,1,1,1,1,1
1,1,1,1,1,1,1,1,1,1
1,1,1,1,1,1,1,1,1,1
1,1,1,1,1,1,1,1,1,1
1,1,1,1,1,1,1,1,1,1
1,1,1,1,1,1,1,1,1,1
1,1,1,1,1,1,1,1,1,1
1,1,1,1,1,1,1,1,1,1
1,1,1,1,1,1,1,1,1,1
1,1,1,1,1,1,1,1,1,1
1,1,1,1,1,1,1,1,1,1
1,1,1,1,1,1,1,1,1,1
1,1,1,1,1,1,1,1,1,1
1,1,1,1,1,1,1,1,1,1
1,1,1,1,1,1,1,1,1,1
1,1,1,1,1,1,1,1,1,1
1,1,1,1,1,1,1,1,1,1
1,1,1,1,1,1,1,1,1,1
1,1,1,1,1,1,1,1,1,1
1,1,1,1,1,1,1,0.840083,1,0
1,0.9978489,1,1,1,1,1,0.843795,0.9894153,0
1,0.9933163,1,1,1,1,1,0.8477882,0.9332638,0
1,0.9871805,1,1,1,1,1,0.8533961,0.8732253,0
1,0.9794866,1,1,1,1,1,0.860772,0.8107214,0
1,0.9703592,1,1,1,1,1,0.8700489,0.7473091,0
1,0.9599889,1,1,1,1,1,0.8813403,0.6844935,0
1,0.9486119,1,1,1,1,1,0.8947372,0.6821295,0
1,0.9380673,1,1,1,1,1,0.9081768,0.6863288,0
1,0.9284269,1,1,1,1,1,0.9213829,0.6905773,0
1,0.9195892,1,1,1,1,1,1,0.6948437,0
1,0.9126331,1,1,1,1,1,1,0.6985545,0
1,0.9059967,1,1,1,1,1,1,0.7023154,0
1,0.8996552,1,1,1,1,1,1,0.7061172,0
1,0.8935897,1,1,1,1,1,1,0.7099472,0
1,0.8877799,1,1,1,1,1,1,0.713797,0
1,0.8822068,1,1,1,1,1,1,0.7176582,0
1,0.8768575,1,1,1,1,1,1,0.7215196,0
1,0.8717163,1,1,1,1,1,1,0.7253737,0
1,0.8667695,1,1,1,1,0.9951383,1,0.7292138,0
1,0.8619779,1,1,1,1,0.9834927,1,0.7330513,0
1,0.8572985,1,1,1,1,0.97198,1,0.7369048,0
1,0.8527288,1,1,1,1,0.9605939,1,0.7407669,0
0.9489099,0.8482633,1,1,1,1,0.9493271,1,0.7446336,1
0.8354902,0.8449125,1,1,1,1,0.9386584,1,0.7476859,1
0.7402382,0.8438717,1,1,1,1,0.9291193,1,0.7489163,2
0.7387201,0.8447654,1,1,1,1,0.9204794,1,0.7486486,2
0.7372835,0.8457021,1,1,1,1,0.9118035,1,0.7483962,2
0.735926,0.8466762,1,1,1,1,0.9030871,1,0.7481596,2
0.7346421,0.8476782,1,1,1,1,0.8943272,1,0.7479423,2
0.7334293,0.8487027,1,1,1,1,0.8855198,1,0.7477442,2
0.732282,0.8497409,1,1,1,1,0.8766616,1,0.7475682,2
0.7311977,0.8507875,1,1,1,1,0.8677495,1,0.7474138,2
0.7301711,0.8518342,1,1,1,1,0.8587812,1,0.7472832,2
0.7291996,0.8528762,1,1,1,1,0.8497542,1,0.7471754,2
0.7282783,1,1,1,1,1,0.8406657,1,0.7470924,1
0.7268652,1,1,1,1,1,0.8301793,1,0.7487101,1
0.7254491,1,1,1,1,1,0.8196958,1,0.7503327,1
0.7240269,1,1,1,1,1,0.8092157,1,0.7519637,1
0.7226018,1,1,1,1,1,0.7987387,0.9896982,0.7535992,1
0.7211419,1,1,1,1,1,0.7881958,0.9756924,0.755338,1
0.7196394,1,1,1,1,1,0.7775683,0.9613751,0.7572118,1
0.7180897,1,1,1,1,1,0.7668629,0.946768,0.759228,1
0.7164919,1,1,1,1,1,0.7560865,0.931895,0.7613902,1
0.7148422,1,1,1,1,1,0.7452468,0.9167811,0.7637055,1
0.7131433,1,1,1,1,1,0.7343519,0.9014541,0.7661736,1
0.7113926,1,1,1,1,1,0.723411,0.8859425,1,2
0.7103878,1,1,1,1,1,0.7142833,0.8770952,1,2
0.709421,1,1,1,1,1,0.7050529,0.8678616,1,2
0.7084838,1,1,1,1,1,0.6957146,0.8582295,1,2
0.7075644,1,1,1,1,1,0.6862651,0.8481898,1,1
0.7066547,1,1,1,1,1,0.6767015,0.837736,1,1
0.7057441,1,1,1,1,1,0.6670218,0.8268639,1,1
0.7048222,1,1,1,1,1,0.6572247,0.8155721,1,1
0.7038854,1,1,1,1,1,0.6473103,0.803863,1,1
0.7029212,1,1,1,1,1,0.6372796,0.7917417,1,1
0.7019242,1,1,1,1,1,0.627135,0.7792169,1,1
0.7008895,1,1,1,1,1,0.616879,0.7662998,1,1
0.69981,1,1,1,1,1,0.6065163,0.7530062,1,1
0.698679,1,1,1,1,1,0.5960518,0.7393541,1,1
0.6974908,1,1,1,1,1,0.5854915,0.7253641,1,1
0.6962434,1,1,1,1,1,0.574842,0.7110602,1,1
0.6949357,1,1,1,1,1,0.5641119,0.6964692,1,1
0.6935639,1,1,1,1,1,0.5533088,0.6816188,1,1
0.692125,1,1,1,1,1,0.542442,0.6665388,1,1
0.6906228,1,1,1,1,1,0.531521,0.6512612,1,1
0.6890523,1,1,1,1,1,0.5205552,0.6358172,1,1
0.6874151,1,1,1,1,1,0.5095547,0.6202396,1,1
0.6857162,1,1,1,1,1,0.4985295,0.6045607,1,0
0.6839514,1,1,1,1,1,0.4874894,0.5888124,1,0
0.6821264,1,1,1,1,1,0.4792117,0.5730249,1,0
0.680246,1,1,1,1,1,0.4924687,0.5631226,1,0
0.6783465,1,1,1,1,1,0.5061238,0.568552,1,0
1,1,1,1,1,1,0.5193904,0.5651425,1,0
1,1,1,1,1,1,0.5598944,0.543884,1,0
1,1,1,1,1,1,0.6058416,0.5236366,1,0
1,1,1,1,1,1,0.6580365,0.5043277,0.812764,0
0.6651239,1,1,1,1,1,0.7343217,0.4841103,0.7600413,0
0.6625698,1,1,1,1,1,1,0.4684293,0.7257127,0
1,1,1,1,1,1,1,0.4533737,0.6939595,0
0.6573004,1,1,1,1,1,1,0.4350157,0.6499988,0
0.6599965,1,1,1,1,1,1,0.4199765,0.6186976,0
0.6912866,1,1,1,1,1,1,0.4049367,0.5875373,0
0.6678402,1,1,1,1,1,1,0.3896802,0.5557541,0
0.6550212,1,1,1,1,1,1,0.3748595,0.5256551,0
0.6440298,1,1,1,1,1,1,0.3603874,0.4968761,0
0.641426,1,1,1,0.9961519,1,1,0.359638,0.5040375,0
0.6387701,1,1,1,0.9919223,1,1,0.3771104,0.4930796,0
0.6360633,1,1,1,0.9876581,1,1,0.3954489,0.4682351,0
0.6346795,1,1,1,0.9835263,1,1,0.4150274,0.4446267,0
0.6367636,1,1,1,0.9795162,1,1,0.4359224,0.4221571,0
0.6387371,1,1,1,0.9756592,1,1,0.458313,0.400694,0
0.6408402,1,1,1,0.971924,1,1,0.4822553,0.3801922,0
0.643195,1,1,1,0.9682837,0.987826,1,0.5078141,0.3605982,0
0.6463041,1,1,1,0.964643,0.9293292,1,0.5348743,0.3419085,0
0.6517479,1,1,1,0.9606928,0.8933245,1,0.5626982,0.3242448,0
0.6583444,1,1,1,0.9565546,0.887368,1,1,0.307386,0
0.6826226,1,1,1,0.9490756,0.8795377,1,1,0.3092349,0
0.7042073,1,1,1,0.9419032,0.8718988,0.9803209,1,0.3175223,0
0.7241972,1,1,1,0.9348499,0.8643454,0.9719465,1,0.3260365,0
0.7428073,1,1,1,0.9278892,0.8568633,0.9636353,1,0.3347745,0
0.7603114,1,1,1,0.9209841,0.8494313,0.9553835,1,0.3437161,0
0.7769429,1,1,1,0.9141032,0.8420311,0.9471868,1,0.3528508,0
0.7929018,1,1,1,0.9072189,0.8346468,0.9390396,1,0.3621606,0
0.8083526,1,1,1,0.9003086,0.8272643,0.9309368,1,0.3716372,0
0.8234345,1,1,1,0.8933533,0.819872,0.9228733,1,0.3812596,0
0.8382591,1,1,1,0.8863371,0.8124598,0.9148437,1,0.3910212,0
0.8529218,1,1,1,0.8792466,0.8050191,0.9068427,1,0.400907,0
0.8674974,1,1,1,0.8720714,0.7975429,0.8988657,1,0.4109025,0
0.88205,1,1,1,0.8648025,0.7900249,0.8909078,1,0.4209984,0
0.8966305,1,1,1,0.8574334,0.7824602,0.8829646,1,0.4311816,0
0.9112798,1,1,1,0.8499589,0.7748452,0.8750325,1,0.4414437,0
0.9260333,1,1,1,0.8423754,0.7671767,0.8671077,1,0.4517726,1
0.9409174,1,1,1,0.8346807,0.7594527,0.8591873,1,0.4621568,1
0.9559506,1,1,1,0.826874,0.7516721,0.8512686,1,0.4725896,1
0.971152,1,1,1,0.8189551,0.7438338,0.843349,1,0.4830604,1
0.9865339,1,1,1,0.8109246,0.7359376,0.8354264,1,1,2
1,1,1,1,0.7952492,0.7234467,0.8256425,1,1,2
1,1,1,1,0.7798867,0.7111329,0.8159402,1,1,2
1,1,1,1,0.7645786,0.6988425,0.8062601,1,1,2
1,1,1,1,0.7493562,0.6865947,0.7966127,1,1,2
1,1,1,1,0.7342476,0.6744074,0.7870067,1,1,2
1,1,1,0.8140501,0.7192775,0.6622959,0.7774493,1,1,2
1,1,1,0.791549,0.7024419,0.6490939,0.7676222,1,1,2
1,1,1,0.7694578,0.685831,0.636031,0.757928,1,1,2
1,1,1,0.7478601,0.6695002,0.6231421,0.7483833,1,1,2
1,1,1,0.7268205,0.6534932,0.6104543,0.7389988,1,1,2
1,1,1,0.7063854,0.6378423,0.5979869,0.7297786,1,1,2
1,1,1,0.6865849,0.622569,0.5857522,0.7207216,1,1,2
1,1,1,0.6674333,0.6076845,0.573755,0.7118205,1,1,2
1,1,0.992661,0.6489318,0.5931912,0.5619942,0.7030637,1,1,2
1,1,0.9720521,0.6309845,0.5790335,0.5504388,0.6944461,1,1,2
1,1,0.9844433,0.6134518,0.5651301,0.5390478,0.6859773,1,1,2
1,1,0.9969597,0.596696,0.5516928,0.5279175,0.6775864,1,1,2
1,0.9901306,1,0.5806488,0.5386782,0.5332232,0.6692409,1,1,2
1,0.9933586,0.6788577,0.5650786,0.5259498,0.5758668,0.6609589,1,1,2
1,0.9993326,0.6535627,0.5484615,0.5126575,0.6490387,0.6532586,1,1,2
1,1,0.6293837,0.5323583,0.4996904,0.638034,0.6457381,1,1,2
1,1,0.6062416,0.5167397,0.4870316,0.6272961,0.6383927,1,1,2
1,1,0.5840653,0.501579,0.4746655,0.6168147,1,1,1,2
1,1,0.562789,0.4868509,0.4625769,0.6065796,1,1,1,2
1,1,0.542353,0.4725317,0.4507515,0.5965812,1,1,1,2
1,1,0.5227029,0.4585998,0.4391763,0.5868109,1,1,1,2
1,1,0.5037879,0.4450339,0.4278379,0.5772597,1,1,1,2
1,0.9777962,0.4856107,0.4318359,0.4901179,0.5679145,1,1,1,2
1,0.9316495,0.4682598,0.4190414,0.5593327,0.5587396,1,1,1,2
1,0.8882453,0.4514388,0.4065216,0.5483882,0.5497533,1,1,1,2
1,0.8472165,0.4350952,0.3942554,0.5376799,0.5409626,1,1,1,2
1,0.8496647,0.4192678,0.3822587,0.5272123,0.5323514,1,1,1,2
0.9246324,0.5753366,0.4042363,0.3706296,0.5169876,0.5237802,1,1,1,2
0.929873,0.545678,0.3892913,0.3591048,0.5069622,0.5155226,1,1,1,2
0.9358016,0.5176809,0.3748032,0.3671788,0.49716,0.5074322,1,1,1,2
0.9424394,0.4912054,0.3607461,0.432569,0.487572,0.4995033,1,1,1,2
0.9498034,0.4661278,0.3470974,0.4795569,0.4781911,0.4917318,1,1,1,2
0.9579188,0.4423364,0.3338346,0.468628,0.4690092,0.4841126,1,1,1,2
0.9668075,0.4197321,0.3209374,0.4579638,0.4600194,0.4766415,1,1,1,2
1,0.39867,0.3085041,0.4475749,0.4511396,1,1,1,1,2
1,0.3781373,0.2962677,0.4373952,0.4425026,1,1,1,1,2
0.9473079,0.358552,0.2843441,0.4274505,0.4340391,1,1,1,1,2
0.8845525,0.3398469,0.272717,0.4177316,0.4257429,1,1,1,1,2
0.8273888,0.3219627,0.298537,0.4082307,0.4176092,1,1,1,1,2
0.5126182,0.3048436,0.341351,0.3989394,0.4096327,1,1,1,1,2
0.4743007,0.28844,0.3947292,0.3898506,0.4018089,1,1,1,1,2
0.4389964,0.2727061,0.3836001,0.3809571,0.3941332,1,1,1,1,2
0.4063689,0.2575995,0.3727725,0.3722518,0.386601,1,1,1,1,2
0.3761314,0.2430821,0.3622344,0.3637289,1,1,1,1,1,2
0.3480364,0.2291187,0.3519745,0.3553825,1,1,1,1,0.9800371,2
0.3218691,0.2156762,0.3419816,0.3472066,1,1,1,1,0.8701937,2
0.2974437,0.2027253,0.3322459,0.3391965,1,1,1,1,0.7976162,2
0.2745968,0.2073545,0.3227578,0.3313469,1,1,1,1,0.7459401,2
0.2531852,0.2259254,0.3135081,0.3236529,1,1,1,1,0.7071559,2
0.2335084,0.2458596,0.3044769,0.3159626,1,1,1,1,0.6827583,2
0.215582,0.266302,0.2956068,0.3081263,1,1,1,1,0.6720514,2
0.1989145,0.2873571,0.2868518,1,1,0.9911169,1,1,0.6690384,2
0.1817046,0.2986512,0.2783483,1,1,0.9571222,1,1,0.6481501,2
0.169291,0.2872676,0.2699787,1,1,0.927925,1,1,0.6368068,2
0.1792789,0.2764342,0.2617019,1,1,0.9023911,1,1,0.6318107,2
0.1893467,0.2660858,0.253472,1,1,0.8902737,1,1,0.6324124,2
0.1995455,0.256088,0.2452802,1,1,0.8885166,1,1,0.6362709,2
0.2099216,0.2463544,0.2371242,1,1,0.886022,1,1,0.6419858,2
0.2204608,0.2368458,0.2289957,1,1,0.8828379,1,1,0.6491748,2
0.2311431,0.2275302,0.2208877,1,1,0.8790064,1,1,0.6575657,2
0.2419526,0.2183811,0.2127951,1,0.9851223,0.8745655,1,1,0.6669611,2
0.2527597,0.2093954,1,1,0.9647045,0.8692485,1,1,0.6778832,2
0.2519398,0.2002892,1,1,0.9386469,0.8678564,1,1,0.6799131,2
0.2393038,0.1913847,1,1,0.914852,0.8656284,1,1,0.6837634,2
0.2271091,0.1826392,1,1,0.8925414,0.8629102,1,1,0.6885242,2
0.2153046,0.1740353,1,1,0.8715188,0.8597134,1,1,0.6940662,2
0.2038476,0.165559,1,1,0.8516307,0.8560506,1,1,0.7002858,2
0.1927004,0.1571971,1,1,0.8327403,0.851932,1,1,0.7071026,2
0.18183,0.148938,1,1,0.8147315,0.8473686,1,1,0.7144528,2
0.1712084,0.1407721,1,1,0.79751,0.8423718,1,1,0.7222837,2
0.1608102,0.1326903,1,1,0.7809903,0.8369536,1,1,0.7305517,2
0.1506133,0.1702346,1,0.9884663,0.7650986,0.8311261,1,1,0.7392205,2
0.1406513,0.2112141,1,0.9665849,0.7503074,0.8243247,1,1,0.7492177,1
0.1309007,0.2531854,1,0.9468998,0.7366566,0.8164071,1,1,0.7607773,1
0.1213127,0.2956477,1,0.9289843,0.7239316,0.8075272,1,1,0.7736738,1
0.1118489,0.3381391,1,0.912509,0.7119671,0.7978269,1,1,0.7877277,1
0.1115447,0.3803223,1,0.8971947,0.7006168,0.7874325,1,1,0.8027943,1
0.1231256,0.4213368,1,0.8831555,0.6899489,0.7762533,1,1,0.8191234,1
0.1345426,0.4601174,1,0.8705646,0.6800625,0.7641709,1,1,0.8370665,1
0.1457795,0.4965009,1,0.8591176,0.6707949,0.7513756,1,1,0.8564346,1
0.1568219,0.5304502,1,0.8485745,0.6620187,0.7380313,1,1,0.8770704,1
0.1676671,1,1,0.838733,0.6536248,0.72428,1,1,1,1
0.1785089,1,1,0.8283962,0.6449689,0.7108508,1,1,1,1
0.1889769,1,1,0.819534,0.6371102,0.6965803,1,1,1,1
0.1990411,1,1,0.8120114,0.6299759,0.6816019,1,1,1,0
0.2086907,1,1,0.8057029,0.6234941,0.6660439,1,1,1,0
0.2179124,1,1,0.8005136,0.6176114,0.6500268,1,1,1,0
0.2267048,1,1,0.7963558,0.6122763,0.633664,1,1,1,0
0.2350778,1,1,0.793147,0.6074382,0.6170574,1,1,1,0
0.2430453,1,1,0.7908143,0.6030515,0.6002997,0.8848104,1,1,0
0.2491625,1,1,0.7959431,0.6025142,0.580707,0.8473717,1,1,0
0.2545228,1,1,0.8038333,0.6033211,0.5607848,0.8095407,1,1,0
0.2591986,1,1,0.8145277,0.6054405,0.5407481,0.7718954,1,1,0
0.2632716,1,1,0.8280719,0.608833,0.520789,0.7349176,1,1,0
0.266826,1,1,0.8390328,0.6134528,0.5010689,0.6989826,1,1,0
0.2699198,1,1,0.8515854,0.6193312,0.4943279,0.66426,1,1,0
0.27274,1,1,0.873094,0.6260617,0.4956548,0.631292,1,1,0
0.2754402,1,1,0.8962518,0.6332253,0.4971759,0.6003639,1,1,0
0.2780584,1,1,0.9209843,0.6407341,0.4988334,0.5713168,1,1,0
0.280619,1,1,0.9472349,0.6485139,0.5005802,0.5439852,1,1,0
0.2831349,1,1,1,0.6565045,0.5023805,0.5182058,1,1,0
0.2857164,1,1,1,0.6642064,0.503968,0.4940389,1,1,0
0.2881661,1,1,1,0.6725132,0.5058057,0.4708457,1,1,0
0.2905072,1,1,1,0.681385,0.5078607,0.4485777,1,1,0
0.2927544,1,1,1,0.6907908,0.5101076,0.4271807,1,1,0
0.2949234,1,1,1,0.7006952,0.512518,0.4065982,1,1,0
0.2970265,1,1,1,0.7110651,0.5150657,0.386773,1,1,0
0.2990698,1,1,1,0.7093925,0.5177323,0.3793506,1,1,0
0.3011018,1,1,1,0.719964,0.5203589,0.3783347,1,1,0
0.3032141,1,1,1,0.7299133,0.5226008,0.3771729,0.7233613,1,0
0.3029181,1,1,1,0.7607125,0.5341947,0.3799558,0.65249,1,0
0.3025216,1,1,1,0.7961298,0.5472937,0.3833101,0.5895891,1,0
0.3020306,1,1,1,1,0.5620812,0.3872743,0.5333503,1,0
0.3016782,1,1,1,1,0.5774327,0.3913715,0.4840571,1,0
0.3011687,1,1,1,1,0.5951072,0.3962541,0.4388649,1,0
0.3005553,1,1,1,1,0.6151295,0.4018733,0.3975307,1,0
0.2998829,1,1,1,1,0.6252803,0.4081715,0.3597264,1,0
0.2991447,1,1,1,1,0.6498113,0.4152136,0.3249643,1,0
0.2984012,1,1,1,1,0.6767604,0.4228333,0.2930526,1,0
0.2976632,1,1,1,1,0.7061683,0.4309781,0.2860659,1,0
0.2970594,1,1,1,1,0.7363042,0.4390435,0.2871172,1,0
0.2965967,1,1,1,1,1,0.4468036,0.2881606,1,0
0.2966565,1,1,1,1,1,0.4519907,0.2885806,0.9410566,0
0.2964009,1,1,1,1,1,0.4589769,0.2895306,0.6503397,0
0.2950538,1,1,1,1,1,0.4731154,0.2923989,0.5054356,0
0.2936328,1,1,1,1,1,0.4889309,0.2957391,0.3934962,0
0.2921421,1,1,1,1,1,0.5066229,0.2995712,0.3043777,0
0.2905788,1,1,1,1,1,0.5157412,0.3039252,0.2460345,0
0.2889465,1,1,1,1,1,0.5375073,0.3088264,0.2471111,0
0.2872419,1,1,1,1,1,0.5619863,0.3143114,0.2485263,0
0.2854647,1,1,1,1,1,0.5895874,0.3204163,0.2502872,0
0.2836174,1,1,1,1,1,0.620801,0.3271774,0.2523983,0
0.2816963,1,1,1,1,1,1,0.3346436,0.2548719,0
0.2797546,1,1,1,1,1,1,0.3425531,0.2576243,0
1,1,1,1,1,1,1,0.3507874,0.2606106,0
1,1,1,1,1,1,1,0.3605638,0.264175,0
1,1,1,1,1,1,1,0.3712703,0.2681444,0
1,1,1,1,1,1,1,0.3829847,0.2725342,0
1,1,1,1,1,1,1,0.3957947,0.2773611,0
1,1,1,1,1,1,1,0.4097949,0.28264,0
1,1,1,1,1,1,1,0.4169347,0.2883911,0
1,1,1,1,1,1,1,0.4334242,0.294633,0
1,1,1,1,1,1,1,0.4514722,0.3013937,0
1,1,1,1,1,1,1,0.4712386,0.3086961,0
1,1,1,1,1,1,1,0.4929087,0.3165658,0
1,1,1,1,1,1,1,0.5167031,0.3250348,0
1,1,1,1,1,1,1,1,0.3341343,0
1,1,1,1,1,1,1,1,0.3439028,0
0.6819095,1,1,1,1,1,1,1,0.3543825,0
0.7071508,1,1,1,1,1,1,1,0.3617215,0
1,1,1,1,1,1,1,1,0.3694896,0
0.694019,1,1,1,1,1,1,1,0.3749717,0
1,1,1,1,1,1,1,1,0.3829995,0
0.691636,1,1,1,1,1,1,1,0.3956134,0
1,1,1,1,1,1,1,1,0.4039444,0
0.6958942,1,1,1,1,1,1,1,0.4173146,0
1,1,1,1,1,1,1,1,0.4259833,0
1,1,1,1,1,1,1,1,0.440062,0
0.6935607,1,1,1,1,1,1,1,0.4546479,1
1,1,1,1,1,1,1,1,1,1
1,1,1,1,1,1,1,1,1,1
1,1,1,1,1,1,1,1,1,1
1,1,1,1,1,1,1,1,1,1
1,1,1,1,1,1,1,1,1,1
1,1,1,1,1,1,1,1,1,1
1,1,1,1,1,1,1,1,1,1
1,1,1,1,1,1,1,1,1,1
1,1,1,1,1,1,1,1,1,1
1,1,1,1,1,1,1,1,1,1
1,1,1,1,1,1,1,1,1,1
1,1,1,1,1,1,1,1,1,1
1,1,1,1,1,1,1,1,1,1
1,1,1,1,1,1,1,1,1,1
1,1,1,1,1,1,1,1,1,1
1,1,1,1,1,1,1,1,1,1
1,1,1,1,1,1,1,1,1,1
1,1,1,1,1,1,1,1,1,1
1,1,1,1,1,1,1,1,1,1
1,1,1,1,1,1,1,1,1,1
1,1,1,1,1,1,1,1,1,1
1,1,1,1,1,1,1,1,1,1
1,1,1,1,1,1,1,1,1,1
1,1,1,1,1,1,1,1,1,1
1,1,1,1,1,1,1,1,1,1
1,1,1,1,1,1,1,1,1,1
1,1,1,1,1,1,1,1,1,1
1,1,1,1,1,1,1,1,1,1
1,1,1,1,1,1,1,1,1,1
1,1,1,1,1,1,1,1,1,1
1,1,1,1,1,1,1,1,1,1
1,1,1,1,1,1,1,1,1,1
1,1,1,1,1,1,1,1,1,1
1,1,1,1,1,1,1,1,1,1
1,1,1,1,1,1,1,1,1,1
1,1,1,1,1,1,1,1,1,1
1,1,1,1,1,1,1,1,1,1
1,1,1,1,1,1,1,1,1,1
1,1,1,1,1,1,1,1,1,1
1,1,1,1,1,1,1,1,1,1
1,1,1,1,1,1,1,1,1,1
1,1,1,1,1,1,1,1,1,1
1,1,1,1,1,1,1,1,1,1
1,1,1,1,1,1,1,1,1,1
1,1,1,1,1,1,1,1,1,1
1,1,1,1,1,1,1,1,1,1
1,1,1,1,1,1,1,1,1,1
1,1,1,1,1,1,1,1,1,1
1,1,1,1,1,1,1,0.9947591,1,1
1,1,0.9927745,1,1,1,1,0.9855994,1,1
1,1,0.9774822,1,1,1,1,0.9764823,1,1
1,1,0.9616265,1,1,1,1,0.9674996,1,1
1,1,0.9452043,1,1,1,1,0.9586524,1,1
1,1,0.9282194,1,1,1,1,0.9499428,1,1
1,1,0.9106806,1,1,1,1,0.9413719,1,1
1,1,0.8926026,1,1,1,1,0.9329411,1,1
1,1,0.8740069,1,1,1,1,0.924652,1,1
1,1,0.8549223,1,1,1,1,0.9165063,1,1
1,1,0.8353813,1,1,1,1,0.908505,1,2
1,1,0.8154241,1,1,1,1,0.9006495,1,2
1,1,0.7950956,1,1,1,1,0.892941,1,2
1,1,0.7744454,1,1,1,1,0.8853806,1,2
1,1,0.7535266,1,1,1,1,0.8779688,1,2
1,1,0.7362642,1,1,1,1,0.870706,1,2
1,1,0.734228,1,1,1,1,0.8635468,1,2
1,1,0.7322069,1,1,1,1,0.8563092,1,2
1,1,0.7301967,1,1,1,1,0.8489895,1,2
1,1,0.7281929,1,1,1,1,0.8415845,1,2
1,1,0.7261916,1,1,1,1,0.8340911,1,2
1,1,0.7241845,1,1,1,1,0.826506,1,2
1,1,0.7221637,1,1,1,1,0.8188266,1,2
1,1,0.7201294,1,1,1,1,0.8110501,1,2
1,1,0.7180698,1,1,1,1,0.8031742,1,2
1,1,0.7159854,1,1,1,1,0.7951968,1,2
1,1,0.7138687,1,1,1,1,0.7871159,1,2
1,1,0.7117125,1,1,1,1,0.7789299,1,2
1,1,0.7095139,1,1,1,1,0.7706377,1,2
1,1,0.7072698,1,1,1,1,0.7622378,1,2
1,1,0.7049738,1,1,1,1,0.7537298,1,2
1,1,0.7026235,1,1,1,1,0.7451128,1,2
1,1,0.7002127,1,1,1,1,0.7363867,1,1
1,1,1,1,1,1,1,0.7275516,1,0
1,1,1,1,1,1,1,0.7151544,1,0
1,1,1,1,1,1,1,0.7028024,1,0
1,1,1,1,1,1,1,0.6905038,1,0
1,1,1,1,1,1,1,0.6782662,1,0
1,1,1,1,1,1,1,0.6660969,1,0
1,1,1,1,1,1,1,0.6540028,1,0
1,1,1,1,1,1,1,0.6419899,1,0
1,1,1,1,1,1,1,0.6300644,1,0
1,1,1,1,1,1,1,0.6182315,1,0
1,1,1,1,1,1,1,0.6064957,1,0
1,1,1,1,1,1,1,0.5948618,1,0
1,1,1,1,1,1,1,0.5833332,1,0
1,1,1,1,1,1,1,0.5719135,1,0
1,1,1,1,1,1,1,0.5606053,1,0
1,1,1,1,1,1,1,0.5770804,0.7488934,0
1,1,1,1,1,1,1,0.6113812,0.7247449,0
1,1,0.5407059,1,1,1,1,0.6485623,0.7016596,1
1,0.6197412,1,1,1,1,1,0.659779,0.6902946,1
1,0.568557,1,1,1,1,1,0.671232,0.6787435,1
1,0.5129248,1,1,1,1,1,0.6791439,0.6684448,2
1,0.4543459,1,1,1,1,1,0.6832422,0.659429,2
1,0.4242994,1,1,1,1,1,0.6835095,0.6516981,2
1,0.4202398,1,1,1,1,1,0.6822604,0.6443844,2
1,0.4162381,1,1,1,1,1,0.6814112,0.6367222,2
1,0.4122878,1,1,1,1,1,0.6809479,0.6287042,2
1,0.4083833,0.9864104,1,1,1,1,0.6808581,0.6203244,2
1,0.4045694,0.9630648,1,1,1,1,0.6804282,0.6118861,2
1,0.4008799,0.9396437,1,1,1,1,0.6792279,0.6035879,2
1,0.3973169,0.9162329,1,1,1,1,0.6773562,0.5953969,2
1,0.3938817,0.8929114,1,1,1,1,0.6749116,0.5872777,2
1,0.3905755,0.8751465,1,1,1,1,0.67199,0.5791935,2
1,0.3873793,0.8765993,1,1,1,1,0.6689159,0.5709847,2
1,0.3842142,0.8778207,1,1,1,1,0.6665539,0.5621947,2
1,0.381074,0.8787974,1,1,1,1,0.6648434,0.5528268,2
1,0.3779501,0.8795134,1,1,1,1,0.6637387,0.5428867,2
0.359206,0.3748377,0.8799586,1,1,1,1,0.6631944,0.5323827,2
0.3547908,0.373726,0.8927243,1,1,1,1,0.6454684,0.5317429,2
0.3507456,1,0.9066988,1,1,1,1,0.6289109,0.5311776,2
0.3472755,1,0.9073723,1,1,1,1,0.6291964,0.5189508,2
0.3438826,1,0.9077467,1,1,1,1,0.6298557,0.5061696,2
0.3405576,1,0.9078034,1,1,1,1,0.6308852,0.4928456,2
0.3372946,1,0.9075308,1,1,1,1,0.6322761,0.4789944,1
0.334088,1,1,1,1,1,1,0.6340204,0.4646349,1
0.330952,1,1,1,1,1,1,0.6388922,0.4479642,1
0.3278293,1,1,1,1,1,1,0.6441195,0.4309943,1
0.3247164,1,1,1,1,1,1,0.6497106,0.4137582,1
0.3216097,1,1,1,1,1,1,0.655673,0.4136804,1
0.3184986,1,1,1,1,1,1,1,0.4173374,2
0.3153405,1,1,1,1,1,1,1,0.4187668,2
0.3122835,1,1,1,1,1,1,1,0.4200919,2
0.3093248,1,1,1,1,0.9970608,1,1,0.4213211,2
0.3457631,1,1,1,1,0.986467,1,1,0.4224482,2
1,1,1,1,1,0.9760931,1,1,0.4239065,0
1,1,1,1,1,0.9687214,1,1,0.4327256,0
1,1,1,1,1,0.9616992,1,1,0.4420052,0
1,1,1,1,1,0.954984,1,1,0.4517313,0
1,1,1,1,1,0.9485344,1,1,0.461888,0
1,1,1,1,1,0.9423102,1,1,0.4724542,0
1,1,1,1,1,0.936273,1,1,0.4834105,0
1,1,1,1,1,0.9303865,1,1,0.4947324,0
1,1,0.7430049,1,1,1,1,1,0.506397,0
1,1,0.7325438,1,1,1,1,1,0.5151045,0
1,1,0.7226503,1,1,1,1,1,0.5237015,0
1,1,0.7132685,1,1,1,1,1,0.5321698,0
1,1,0.7043502,1,1,1,0.8602092,1,0.5404931,0
1,1,0.6959009,1,1,1,0.851289,1,0.5486153,0
1,1,0.687852,1,1,1,0.8423938,1,0.556547,1
1,1,0.6801702,1,1,1,0.833514,1,1,2
1,1,1,1,1,1,0.8243321,1,1,1
1,1,1,1,1,1,0.8153321,1,1,1
1,1,1,1,1,1,0.8063313,1,1,1
1,1,1,1,1,1,0.79733,1,1,1
1,0.724661,1,1,1,1,0.7883283,1,1,2
1,0.6581491,1,1,1,1,0.7791982,1,1,2
1,0.591481,1,1,1,1,0.7701283,1,1,2
1,0.5265182,1,1,1,1,0.7611861,1,1,2
1,0.5185193,1,1,1,1,0.7524462,1,1,2
1,0.5178785,1,1,1,1,1,1,1,2
1,0.5176715,1,1,1,0.7447957,1,1,1,2
1,0.5182169,1,1,1,0.732587,1,1,1,2
1,0.5191452,1,1,1,0.7207433,1,1,1,2
1,0.5204424,1,1,1,0.7092403,1,1,1,2
1,0.5220973,1,1,1,0.6980528,1,1,1,2
1,0.5240914,1,1,1,0.6871551,1,1,1,2
1,0.5264125,1,1,1,0.6765218,1,1,1,2
1,0.5290411,1,1,1,0.6661273,1,1,1,2
1,1,1,1,1,0.6559469,1,1,1,1
0.5309447,1,1,1,1,0.6461318,1,1,1,2
0.4643932,1,1,1,0.6461328,0.6361376,1,1,1,2
0.4637792,1,1,1,0.6338741,0.6263742,1,1,1,2
0.4635725,1,1,1,0.6219423,0.6168476,1,1,1,2
0.4637815,1,1,1,0.6103238,0.6075498,1,1,1,2
0.4644065,1,1,1,0.5990063,0.5984735,1,1,1,2
0.4654518,1,1,1,0.5879776,0.5896116,1,1,1,2
0.466926,1,1,1,0.5772268,0.5809575,1,1,1,2
0.4687862,1,1,1,0.5667499,1,1,1,1,2
0.4711284,1,1,0.5659993,0.5565192,1,1,0.9853732,1,2
0.4739195,1,1,0.5537983,0.5465367,1,1,0.9681045,1,2
1,1,1,0.5419278,0.5367939,1,1,0.9515682,1,1
1,1,1,0.5317965,0.5268022,1,1,0.9507926,1,1
1,1,1,0.5216666,0.5168106,1,1,0.9500089,1,1
1,1,1,0.5115384,0.506819,1,1,0.9492179,1,1
1,1,1,0.501412,0.4968273,1,1,0.9484248,1,1
1,1,1,0.4912873,0.4868355,1,1,0.9476258,1,1
1,1,1,0.4811645,0.4768437,1,1,0.9468255,1,1
1,1,1,0.4710435,0.4668518,1,1,0.946021,1,1
1,1,1,0.4609243,0.4568598,1,1,0.9452165,1,1
1,1,1,0.4508069,0.4468674,1,1,0.9444084,1,1
1,1,1,0.4406914,0.4368749,1,1,0.9436015,1,1
1,1,1,0.4305778,0.4268823,1,1,1,1,1
1,1,1,0.4203587,0.4169213,1,1,1,1,1
1,1,1,0.410153,0.4069605,1,1,1,1,1
1,1,1,0.3999603,0.3969995,1,1,1,1,1
1,1,1,0.3897798,0.3870382,1,1,1,1,1
1,1,1,0.379611,0.3770762,1,1,1,1,1
1,1,1,0.3694534,0.3671134,1,1,1,1,1
1,1,1,0.3593062,0.3571497,1,1,1,1,1
1,1,1,0.3491692,0.347185,1,1,1,1,1
1,1,1,0.3390416,0.3372191,1,1,1,1,1
1,1,1,0.3289229,0.3272519,1,1,1,1,1
1,1,1,0.3188127,0.3172834,1,1,1,1,1
1,1,1,0.3087104,0.3073134,1,1,1,1,1
1,1,0.3187283,0.2986157,0.2973419,1,1,1,1,2
1,1,0.3066167,0.2882185,0.2875844,1,1,1,1,2
1,1,0.2947534,0.2779154,0.2778393,1,1,1,1,2
1,1,0.2831089,0.2676918,0.2680985,1,1,1,1,2
1,1,0.2716576,0.2575355,0.2583558,1,1,1,1,2
1,1,0.2603769,0.247436,0.2486064,1,1,1,1,2
1,1,0.2492463,0.237384,0.2388464,1,1,1,1,2
1,1,0.2382483,0.2273722,0.2290733,1,1,1,1,2
1,1,0.2273669,0.2173939,0.2192852,1,1,1,1,2
1,1,0.2165883,0.2074435,0.2094809,1,1,1,1,2
1,1,0.2059,0.1975164,0.1996598,1,1,1,1,2
1,1,0.1952914,0.1876088,0.1898221,1,1,1,1,2
1,1,0.1847528,0.1777175,0.179968,1,1,1,1,2
1,1,0.1742758,0.1678397,0.1700979,1,1,1,1,1
1,0.2074359,0.1638528,0.1579733,0.1602129,1,1,1,0.9303748,2
1,1,1,1,1,1,1,1,1,1
1,1,1,1,1,1,1,1,1,1
1,1,1,1,1,1,1,1,1,1
1,1,1,1,1,1,1,1,1,1
1,1,1,1,1,1,1,1,1,1
1,1,1,1,1,1,1,1,1,1
1,1,1,1,1,1,1,1,1,1
1,1,1,1,1,1,1,1,1,1
1,1,1,1,1,1,1,1,1,1
1,1,1,1,1,1,1,1,1,1
1,1,1,1,1,1,1,1,1,1
1,1,1,1,1,1,1,1,1,1
1,1,1,1,1,1,1,1,1,1
1,1,1,1,1,1,1,1,1,1
1,1,1,1,1,1,1,1,1,1
1,1,1,1,1,1,1,1,1,1
1,1,1,1,1,1,1,1,1,1
1,1,1,1,1,1,1,1,1,1
1,1,1,1,1,1,1,1,1,1
1,1,1,1,1,1,1,1,1,1
1,1,1,1,1,1,1,1,1,1
1,1,1,1,1,1,1,1,1,1
1,1,1,1,1,1,1,1,1,1
1,1,1,1,1,1,1,1,1,1
1,1,1,1,1,1,1,1,1,1
1,1,1,1,1,1,1,1,1,1
1,1,1,1,1,1,1,1,1,1
1,1,1,1,1,1,1,1,1,1
1,1,1,1,1,1,1,1,1,1
1,1,1,1,1,1,1,1,1,1
1,1,0.9903191,1,1,1,1,1,1,1
1,1,0.9792072,1,1,1,1,1,1,1
1,1,0.9680085,1,1,1,1,1,1,1
1,1,0.9567259,1,1,1,1,1,1,1
1,1,0.9453623,1,1,1,1,1,1,1
1,1,0.9339212,1,1,1,1,1,1,1
1,1,0.9224064,1,1,1,1,1,1,1
1,1,0.9108216,1,1,1,1,1,1,1
1,1,0.8991712,1,1,1,1,1,1,1
1,1,0.8874601,1,1,1,1,1,1,1
1,1,0.8756922,1,1,1,1,1,1,1
1,1,0.863873,1,1,1,1,1,1,1
1,1,0.8520072,1,1,1,1,1,1,1
1,1,0.8401001,1,1,1,1,1,1,1
1,1,0.8281566,1,1,1,1,1,1,1
1,1,0.8161823,1,1,1,1,1,1,1
1,1,0.8041827,1,1,1,1,1,1,1
1,1,0.7921628,1,1,1,1,1,1,1
1,1,0.7975409,1,1,1,1,1,1,1
1,1,0.8047482,1,1,1,1,1,1,1
1,1,0.8118876,1,1,1,1,1,1,1
1,1,0.8189489,1,1,1,1,1,1,1
1,1,0.8259223,1,1,1,1,1,1,1
1,0.9831421,0.8328062,1,1,1,1,1,1,1
1,0.9651345,0.8406898,1,1,1,1,1,1,1
1,0.9468511,0.8496562,1,1,1,1,1,1,1
1,0.9283355,0.8597549,1,1,1,1,1,1,2
1,0.9096317,0.8710386,1,1,1,1,1,1,2
1,0.8907839,0.8835483,1,1,1,1,1,1,2
1,0.8718357,0.897336,1,1,1,1,1,1,2
1,0.852829,0.9124669,1,1,1,1,1,1,2
1,0.8338056,0.9290025,1,1,1,1,1,1,2
1,0.8148035,0.9469989,1,1,1,1,1,1,2
1,0.7958593,0.9665259,1,1,1,1,1,1,2
1,0.7770073,0.987658,1,1,1,1,1,1,2
1,0.7582785,1,1,1,1,1,1,1,2
1,0.7396021,1,1,1,1,1,1,1,2
1,0.7208937,1,1,1,1,1,1,1,2
1,0.7021935,1,1,1,1,1,1,1,2
1,0.6835393,1,1,1,1,1,1,1,2
1,0.6649696,1,1,1,1,1,1,1,2
1,0.6465194,1,1,1,1,1,1,1,2
1,0.6282221,1,1,1,1,1,1,1,2
1,0.6101082,1,1,1,1,1,1,1,2
1,0.5922055,1,1,1,1,1,1,1,2
1,0.5745396,1,1,1,1,1,1,1,2
1,0.5571319,1,1,1,1,1,1,1,2
1,0.5682502,1,1,1,1,1,1,1,2
1,0.5804523,1,1,1,1,1,1,1,2
0.8474929,0.5928833,1,1,1,1,1,1,1,2
0.8048919,0.6104183,1,1,1,1,1,1,1,2
0.7637227,0.6299785,1,1,1,1,1,1,1,2
0.7242078,0.6517139,1,1,1,1,1,1,1,2
0.6864985,0.6757824,1,1,1,1,1,1,1,2
0.6506848,0.7023456,1,1,1,1,1,1,1,2
0.6168018,0.7315663,1,1,1,1,1,1,1,2
0.5848395,0.7636236,1,1,1,1,1,1,1,2
0.5547532,0.7986919,1,1,1,1,1,1,1,2
0.5264713,1,1,1,1,1,1,1,1,2
0.5017842,1,1,1,1,1,1,1,1,2
0.5040959,1,1,1,1,1,1,1,1,2
0.5167512,1,1,1,0.9927359,1,1,1,1,2
0.5297233,1,1,1,0.9902138,1,1,1,1,2
0.5430197,1,1,1,0.9876162,1,1,1,1,2
0.5566133,1,1,1,0.9849125,1,1,1,1,2
0.5704749,1,1,1,0.9820722,1,1,1,1,2
0.5845724,1,1,1,0.979067,1,1,1,1,2
0.5988722,1,1,1,0.9758698,1,1,1,1,2
0.6133383,1,1,1,0.9724553,1,1,1,1,2
0.6279281,1,1,1,0.968799,1,1,1,1,2
0.6426063,1,1,0.9930118,0.964879,1,1,1,1,2
0.6572457,1,1,0.9572757,0.9606043,1,1,1,1,2
0.6714326,1,1,0.9255612,0.9556533,1,1,1,1,2
0.6851134,1,1,0.897251,0.9500288,1,1,1,1,2
0.6982407,1,1,0.8718528,0.9437414,1,1,1,1,2
0.7107736,1,1,0.8489703,0.9368067,1,1,1,1,1
0.7226778,1,1,0.8413604,0.9292464,1,1,1,1,1
0.734133,1,1,0.8335068,0.9212333,1,1,1,1,1
0.8597429,1,1,0.8253884,0.9127702,1,1,1,1,1
0.8671784,1,1,0.8158152,0.9018928,1,1,1,1,1
0.8739393,1,1,0.8060168,0.8906479,1,1,1,1,1
0.8800255,1,1,0.7960079,0.8790604,1,1,1,1,1
0.8854445,1,1,0.785803,0.8671567,1,1,1,1,1
0.8902134,1,1,0.7754189,0.8549651,0.9860841,1,1,1,0
0.8939334,1,1,0.7647329,0.8422829,0.9701401,1,1,1,0
0.896582,1,1,0.7537568,0.8291309,0.9534433,1,1,1,0
0.8981996,1,1,0.7425197,0.8155583,0.9360787,1,1,1,0
0.8988414,1,1,0.731055,0.8016197,0.9181398,1,1,1,0
0.8985718,1,1,0.7314997,0.7873731,0.8997254,1,1,1,0
1,1,1,0.7336949,0.7729719,0.8810893,1,1,1,0
0.8934144,1,1,0.7430313,0.7571136,0.8601009,1,1,1,0
1,1,1,0.7481198,0.7426803,0.8414863,1,1,1,0
0.8866442,1,1,0.7614853,0.7269031,0.8207039,1,1,1,0
0.8843755,1,1,0.7695813,0.7126273,0.8024163,1,1,1,0
0.8818696,1,1,0.7792567,0.698423,0.7842731,1,1,1,0
0.8791946,1,1,0.7905522,0.6843203,0.766322,1,1,1,0
0.8764027,1,1,0.8035401,0.6703439,0.748602,1,1,1,0
0.8735477,1,1,0.8182852,0.656514,0.7311443,1,1,1,0
0.8706757,1,1,0.8348647,0.6428457,0.7139722,1,1,1,0
0.8678211,1,1,0.8533823,0.6293505,0.6971029,1,1,1,0
0.8650168,1,1,0.8739475,0.6160352,0.6805466,1,1,1,0
0.8622924,1,1,0.8966768,0.6029037,0.6643087,0.839326,1,1,0
0.856178,1,1,0.9421173,0.5886533,0.646216,0.8102689,1,1,0
0.8500677,1,1,1,0.5746189,0.6284847,0.7821234,1,1,0
0.8440782,1,1,1,0.5691903,0.6111761,0.754999,1,1,0
0.8380273,1,1,1,0.5855417,0.5941684,0.7286178,1,1,0
0.8321747,1,1,1,0.6041291,0.5776057,0.7032666,1,1,0
0.8265671,1,1,1,0.6251063,0.5614943,0.6789409,1,1,0
0.8212299,1,1,1,0.6486725,0.545832,0.6556202,1,1,0
0.8161876,1,1,1,0.6750261,0.5306088,0.6332697,1,1,0
0.8114464,1,1,1,0.7044203,0.5158091,0.6118466,1,1,0
0.8070089,1,1,1,0.7371365,0.5014129,0.5913004,1,1,0
0.8028738,1,1,1,0.7734895,0.4873981,0.571578,1,1,0
0.7990313,1,1,1,0.8138583,0.4737406,0.5526246,1,1,0
0.7954679,1,1,1,0.8586855,0.4757887,0.5343841,1,1,0
0.7922643,1,1,1,1,0.4869891,0.5168942,1,1,0
0.7897289,1,1,1,1,0.4972549,0.5003917,1,1,0
0.7873271,1,1,1,1,0.5081441,0.4843217,1,1,0
0.7850493,1,1,1,1,0.519674,0.4686561,1,1,0
0.7828916,1,1,1,1,0.5318429,0.453368,1,1,0
0.7808468,1,1,1,1,0.544659,0.4384318,0.693442,1,0
0.7754159,1,1,1,1,0.5783259,0.4209716,0.653012,1,0
0.7701907,1,1,1,1,0.6180716,0.4041146,0.6153247,1,0
0.765159,1,1,1,1,0.6654249,0.3878241,0.580103,1,0
0.7603158,1,1,1,1,0.7224456,0.3720657,0.5471052,1,0
0.7557083,1,1,1,1,1,0.3618942,0.5162786,1,0
0.7518038,1,1,1,1,1,0.3750845,0.4886932,1,0
0.7480487,1,1,1,1,1,0.3896773,0.4626051,1,0
0.744445,1,1,1,1,1,0.4057502,0.4379134,1,0
0.7409898,1,1,1,1,1,0.4233876,0.4145156,1,0
0.7376757,1,1,1,1,1,0.4426793,0.3923104,1,0
0.7344952,1,1,1,1,1,0.4637127,0.3712002,1,0
0.7314352,1,1,1,1,1,0.4865881,0.3510919,1,0
0.7284874,1,1,1,1,1,0.5113922,0.3318977,1,0
0.7256358,1,1,1,1,1,0.5382327,0.3135358,0.6169046,0
0.7222005,1,1,1,1,1,0.5794694,0.2941904,0.5607648,0
0.7188905,1,1,1,1,1,0.6277686,0.2757314,0.510237,0
0.7157012,1,1,1,1,1,1,0.271901,0.4645233,0
0.7126315,1,1,1,1,1,1,0.2822106,0.4229706,0
0.7096772,1,1,1,1,1,1,0.2935427,0.3850394,0
0.7068345,1,1,1,1,1,1,0.3059956,0.3502799,0
0.7041026,1,1,1,1,1,1,0.3196758,0.3183126,0
0.7014779,1,1,1,1,1,1,0.3347111,0.2888181,0
0.6989569,1,1,1,1,1,1,0.3512488,0.2615232,0
0.6965396,1,1,1,1,1,1,0.3694528,0.2361932,0
0.6942225,1,1,1,1,1,1,0.3895202,0.2381284,0
0.6852373,1,1,1,1,1,1,0.4116748,0.2461721,0
0.6459441,1,1,1,1,1,1,0.436186,0.2548208,0
0.6173732,1,1,1,1,1,1,0.4633661,0.2641094,0
0.6107389,1,1,1,1,1,1,0.490785,0.273448,0
0.6081504,1,1,1,1,1,1,0.5189312,0.2829395,0
0.60539,1,1,1,1,1,1,1,0.2925792,0
0.6273562,1,1,1,1,1,1,1,0.3001696,0
0.6505143,1,1,1,1,1,1,1,0.3080924,0
0.6696022,1,1,1,1,1,1,1,0.3163787,0
0.6659456,1,1,1,1,1,1,1,0.3250061,0
0.6621642,1,1,1,1,1,1,1,0.3336937,0
0.6582577,1,1,1,1,1,1,1,0.3424204,0
0.6542268,1,1,1,1,1,1,1,0.3511643,0
0.6500701,1,1,1,1,1,1,1,0.3599078,0
0.64579,1,1,1,1,1,1,1,0.3686289,0
0.6413898,1,1,1,1,1,1,1,0.3773055,1
0.6368674,1,1,1,1,1,1,1,0.3859242,1
0.6322309,1,1,1,1,1,1,1,0.3944592,1
0.6274794,1,1,1,1,1,1,1,0.4028978,1
0.6226195,1,1,1,1,1,1,1,0.4112193,1
0.6176549,1,1,1,1,1,1,1,0.4194078,1
0.6125933,1,1,1,1,1,1,1,0.4274439,1
0.6074395,1,1,1,1,1,1,1,0.4353137,1
0.6021993,1,1,1,1,1,1,1,0.4430038,1
0.5968815,1,1,1,1,1,1,1,0.4504978,1
0.5914897,1,1,1,1,1,1,1,1,2
0.5836207,1,1,1,1,1,1,1,1,2
0.5760725,1,1,1,1,1,1,1,1,2
0.6090019,1,1,1,1,1,1,1,1,2
0.6963339,1,1,1,1,1,1,1,1,2
0.7842374,1,1,1,1,1,1,1,1,2
1,1,1,1,1,1,1,1,1,1
1,1,1,1,1,1,1,1,1,1
1,1,1,1,0.9992297,1,1,1,1,1
1,1,1,1,0.9892227,1,1,1,1,1
1,1,1,1,0.9791278,1,1,1,1,1
1,1,1,1,0.9689462,1,1,1,1,1
1,1,1,1,0.9586791,1,1,1,1,1
1,1,1,1,0.9483288,1,1,1,1,1
1,1,1,1,0.9378969,1,1,1,1,1
1,1,1,1,0.9273859,1,1,1,1,1
1,1,1,1,0.9167983,1,1,1,1,1
1,1,1,1,0.9061371,1,1,1,1,1
1,1,1,0.9924704,0.8954051,1,1,1,1,1
1,1,1,0.9799374,0.8845285,1,1,1,1,1
1,1,1,0.9670976,0.8734633,1,1,1,1,1
1,1,1,0.9539642,0.8622172,1,1,1,1,1
1,1,1,0.9405527,0.8507994,1,1,1,1,1
1,1,1,0.9268807,0.8392202,1,1,1,1,2
1,1,1,0.9129685,0.8274916,1,1,1,1,2
1,1,1,0.8988377,0.8156268,1,1,1,1,2
1,1,1,0.8845116,0.8036397,1,1,1,1,2
1,1,1,0.8700154,0.7915457,1,1,1,1,2
1,1,1,0.8553756,0.7793611,1,1,1,1,2
1,1,1,0.8406188,0.767102,1,1,1,1,2
1,1,1,0.8257715,0.754785,1,1,1,1,2
1,1,1,0.8108613,0.7424271,1,1,1,1,2
1,1,1,0.7959148,0.730045,1,1,1,1,2
1,1,1,0.7809581,0.7176546,1,1,1,1,2
1,1,1,0.7660156,0.7052714,1,1,1,1,2
1,1,1,0.7511111,0.6929098,1,1,1,1,2
1,1,1,0.7362666,0.6805839,1,1,1,1,2
1,1,1,0.7215024,0.6683062,1,1,1,1,2
1,1,0.8536747,0.7068367,0.6568037,1,1,1,1,2
1,1,0.8295178,0.6907789,0.6772617,1,1,1,1,2
1,1,0.8058748,0.674947,0.7011198,1,1,1,1,2
1,1,0.7828032,0.6593726,0.7287882,1,1,1,1,2
1,1,0.7603455,0.6440799,0.7607743,1,1,1,1,2
1,1,0.73853,0.6290859,0.7976813,1,1,1,1,2
1,1,0.7173709,0.6144003,0.8402475,1,1,1,1,2
1,1,0.6968725,0.6000274,0.8893827,1,1,1,1,2
1,1,0.6770297,0.5859667,0.9462208,1,1,1,1,2
1,1,0.6578287,0.5722125,1,1,1,1,1,2
1,1,0.6392105,0.5587384,1,1,1,1,1,2
1,1,0.620977,0.5584886,1,1,1,1,1,2
1,1,0.6032133,0.5795342,1,1,1,1,1,2
1,1,0.5860094,0.6025885,1,1,1,1,1,2
1,1,0.5693336,0.6277993,1,1,1,1,1,2
1,1,0.5531535,0.6553533,1,1,1,1,1,2
1,1,0.5374379,0.6854461,1,1,1,1,1,2
1,1,0.5221565,0.7182828,1,1,1,1,1,2
1,1,0.5072799,0.7541041,1,1,1,1,1,2
1,1,0.4927796,0.7931633,1,1,1,1,1,2
1,0.6912255,0.4786285,1,1,1,1,1,1,2
1,0.6583894,0.4628234,1,1,1,1,1,1,2
1,0.6267935,0.4473409,1,1,0.9963554,1,1,1,2
1,0.5968963,0.434264,1,0.9701062,0.9902498,1,1,1,2
1,0.5686406,0.4579108,1,0.9609221,0.984536,1,1,1,2
1,0.5418934,0.4849234,1,0.9521535,0.9792145,1,1,1,2
1,0.516535,0.515921,1,0.9437941,0.9742864,1,1,1,2
1,0.4926282,0.5510545,1,0.9357995,0.9696487,1,1,1,2
1,0.4701473,0.5905033,1,0.9281104,0.9651983,1,1,1,2
1,0.448967,0.6347195,1,0.9206787,0.9608777,1,1,1,2
1,0.4289674,0.6842166,1,0.9134556,1,1,1,1,2
1,0.4098317,1,0.8904465,0.9065009,1,1,1,1,2
1,0.392507,1,0.8809382,0.8991767,1,1,1,1,2
0.6452005,0.3757177,1,0.8716451,0.8920306,1,1,1,1,2
0.600193,0.3578111,1,0.8629076,0.886398,1,1,1,1,2
0.5588569,0.3406647,1,0.8545774,0.8811519,1,1,1,1,2
0.5207685,0.3469869,1,0.8466491,0.876294,1,1,1,1,2
0.4855675,0.3637585,1,0.8391182,0.8718268,1,1,1,1,2
0.4529452,0.3822076,1,0.8319809,0.867754,1,1,1,1,2
0.4226357,0.402531,1,0.8252344,0.8640798,1,1,1,1,2
0.3944086,0.4249524,1,0.8188769,1,1,1,1,1,2
0.3680629,0.4497409,1,0.8129069,1,1,1,1,1,2
0.3434235,0.4772076,0.7859218,0.8073243,1,1,1,1,1,2
0.3203367,0.5077299,0.7765153,0.8021299,1,1,1,1,1,2
0.2986664,0.5417529,0.7675415,0.797325,1,1,1,1,1,2
0.3054313,0.5798226,0.7589927,0.7929119,1,1,1,1,1,2
0.3178157,1,0.750862,0.7888941,1,1,1,1,1,2
0.3299548,1,0.7429394,0.7843254,1,1,1,1,1,2
0.342433,1,0.7352331,1,1,1,1,1,1,2
0.3564136,1,0.7279566,1,1,1,1,1,1,2
0.3708836,1,0.7209017,1,1,1,1,1,1,2
0.3858042,1,0.7140253,1,1,1,1,1,1,2
0.4011419,1,0.7072893,1,1,1,1,1,1,2
0.4168503,1,0.7006589,1,1,1,1,1,1,2
0.4328848,1,0.6941038,1,1,1,1,1,1,2
0.4492019,1,0.6875967,1,1,1,1,1,1,2
0.4657515,1,0.6811137,1,1,1,1,1,1,2
0.4824859,1,0.6746338,1,1,1,1,1,1,2
0.4993511,1,0.6681388,1,1,1,1,1,1,2
0.5163019,1,0.6616132,1,1,1,1,1,1,2
0.5332773,0.6463161,0.6550437,1,1,1,1,1,1,2
1,0.6372467,0.6489106,1,1,1,1,1,1,1
1,0.6295623,0.640776,1,1,1,1,1,1,1
1,0.6218685,0.63264,1,1,1,1,1,1,1
1,0.6141649,0.6245028,1,1,1,1,1,1,1
1,0.6064515,0.6163646,1,1,1,1,1,1,1
1,0.5987282,1,1,1,1,1,1,1,1
1,0.5905744,1,1,1,1,1,1,1,1
1,0.582454,1,1,1,1,1,1,1,1
1,0.5743672,1,1,1,1,1,1,1,1
1,0.5663141,1,1,1,1,1,1,1,1
1,0.5582947,1,1,1,1,1,1,1,1
1,0.5503093,1,1,1,1,1,1,1,1
1,0.5423576,1,1,1,1,1,1,1,1
1,0.5344397,1,1,1,1,1,1,1,1
1,0.5265557,1,1,1,1,1,1,1,1
1,0.5187052,1,1,1,1,1,1,1,1
1,0.5108882,1,1,1,1,1,1,1,1
1,0.5031045,1,1,1,1,1,1,1,1
1,0.4953534,1,1,1,1,1,1,1,1
1,0.4876351,1,1,1,1,1,1,1,1
1,0.4799494,1,1,1,1,1,1,1,1
1,0.4722955,1,1,1,1,1,1,1,1
1,0.4646733,1,1,1,1,1,1,1,1
1,0.4570824,1,1,1,1,1,1,1,1
0.5268898,0.4495224,1,1,1,1,1,1,1,2
0.5140404,0.4415182,1,1,1,1,1,1,1,2
0.5016624,0.4337189,1,1,1,1,1,1,1,2
0.4897372,0.4261161,1,1,1,1,1,1,1,2
0.4782442,0.4187005,1,1,1,1,1,1,1,2
0.4671636,0.4114631,1,1,1,1,1,1,1,2
0.4564749,0.4043944,1,1,1,1,1,1,1,2
0.4461582,0.6789899,1,1,1,1,1,1,1,2
0.4362827,1,1,1,1,1,1,1,1,2
0.4267669,1,1,1,1,1,1,1,1,2
0.4174921,1,1,1,1,1,1,1,1,2
0.4084532,1,1,1,1,1,1,1,1,2
0.3996447,1,1,1,1,1,1,1,1,2
0.3910609,1,1,1,1,1,1,1,1,2
0.3826959,1,1,1,1,1,1,1,1,2
0.3745435,1,1,1,1,1,1,1,1,2
0.3665975,1,1,1,1,1,1,1,1,2
0.3588518,1,1,1,1,1,1,1,1,2
0.3513,1,1,1,1,1,1,1,1,2
0.3464871,1,1,1,1,1,1,1,1,2
0.3802724,1,1,1,1,1,1,1,1,2
0.4152179,1,1,1,1,1,1,1,1,2
0.4512144,1,1,1,1,1,1,1,1,2
0.4881283,1,1,1,1,1,1,1,1,2
0.5258204,1,1,1,1,1,1,1,1,2
0.5641403,1,1,1,1,1,1,1,1,2
0.602916,1,1,1,1,1,1,1,1,2
1,1,1,1,1,1,1,1,1,1
1,1,1,1,1,1,1,1,1,1
1,1,1,1,1,1,1,1,1,1
1,1,1,1,1,1,1,1,1,1
1,1,1,1,1,1,1,1,1,1
1,1,1,0.9978541,1,1,1,1,1,1
1,1,1,0.9865091,1,1,1,1,1,1
1,1,1,0.9754763,1,1,1,1,1,1
1,1,1,0.9647373,1,1,1,1,1,1
1,1,1,0.9542788,1,1,1,1,1,1
1,1,1,0.9440896,1,1,1,1,1,1
1,1,1,0.9341548,1,1,1,1,1,1
1,1,1,0.9244606,1,1,1,1,1,1
1,1,1,0.9150027,1,1,1,1,1,1
1,1,1,0.9057649,1,1,1,1,1,1
1,1,1,0.8967403,1,1,1,1,1,1
1,1,1,0.8879223,1,1,1,1,1,1
1,1,1,0.879301,1,1,1,1,1,1
1,1,1,0.8708712,1,1,1,1,1,1
1,1,1,0.8626239,0.9986385,1,1,1,1,0
1,1,1,0.8545896,0.9823321,1,1,1,1,0
1,1,1,0.8471981,0.965039,1,1,1,1,0
1,1,1,0.8404557,0.9468325,1,1,1,1,0
1,1,1,0.8343822,0.9277982,1,1,1,1,0
1,1,1,0.8289899,0.9080319,1,1,1,1,0
1,1,1,0.8242906,0.8876374,1,1,1,1,0
1,1,1,0.8203014,0.8667239,1,1,1,1,0
1,1,1,0.817039,0.8454039,1,1,1,1,0
1,1,1,0.8145204,0.8237904,1,1,1,1,0
1,1,1,0.8127576,0.801994,1,1,1,1,0
1,1,1,0.811767,0.7801209,1,1,1,1,0
1,1,1,0.8115649,0.7582707,0.9807345,1,1,1,0
1,1,1,0.8128518,0.7359121,0.9447246,1,1,1,0
1,1,1,0.816317,0.712737,0.9075759,1,1,1,0
1,1,1,0.8221433,0.6890044,0.8698162,1,1,1,0
1,1,1,0.8305196,0.6829082,0.8319621,1,1,1,0
1,1,1,0.840998,0.6859806,0.7951365,1,1,1,0
1,1,1,0.8533486,0.6900412,0.7598609,1,1,1,0
1,1,1,0.8676046,0.6950719,0.7262371,1,1,1,0
1,1,1,0.8836672,0.7009758,0.6943887,1,1,1,0
1,1,1,0.9015447,0.7077158,0.6642905,1,1,1,0
1,1,1,0.9214433,0.7153547,0.6357836,1,1,1,0
1,1,1,1,0.7239453,0.6087457,0.9053281,1,1,0
1,1,1,1,0.73362,0.605312,0.8517253,1,1,0
1,1,1,1,0.7444552,0.6091555,0.8023502,1,1,0
1,1,1,1,0.7565631,0.6136711,0.756694,1,1,0
1,1,1,1,0.7700675,0.6189019,0.7143267,1,1,0
1,1,1,1,0.7851217,0.6249055,0.6748804,1,1,0
1,1,1,1,0.8018914,0.6317371,0.6380407,1,1,0
1,1,1,1,0.8205757,0.6394644,0.603536,1,1,0
1,1,1,1,0.8414066,0.6481632,0.5711313,1,1,0
1,1,1,1,1,0.6579148,0.5406209,1,1,0
1,1,1,1,1,0.6688166,0.511826,1,1,0
1,1,1,1,1,0.68098,0.5119439,1,1,0
1,1,1,1,1,0.6945268,0.5156731,1,1,0
1,1,1,1,1,0.7096031,0.5200287,1,1,0
1,1,1,1,1,0.7263709,0.5250481,1,1,0
1,1,1,1,1,0.7445114,0.5305636,0.8194656,1,0
1,1,1,1,1,0.7652324,0.537038,0.7467566,1,0
1,1,1,1,1,1,0.5443258,0.6818581,1,0
1,1,1,1,1,1,0.5524865,0.6235471,1,0
1,1,1,1,1,1,0.5615919,0.5708412,1,0
1,1,1,1,1,1,0.5717183,0.5229444,1,0
1,1,1,1,1,1,0.582957,0.4792045,1,0
1,1,1,1,1,1,0.5954062,0.4390818,1,0
1,1,1,1,1,1,0.6091778,0.4095033,1,0
1,1,1,1,1,1,0.6243998,0.4124277,1,0
1,1,1,1,1,1,0.6412244,0.4158505,1,0
1,1,1,1,1,1,0.6598215,0.4197929,1,0
1,1,1,1,1,1,1,0.4242787,1,0
1,1,1,1,1,1,1,0.4290529,1,0
1,1,1,1,1,1,1,0.4342411,0.7057275,0
1,1,1,1,1,1,1,0.4404601,0.5904598,0
1,1,1,1,1,1,1,0.4473457,0.4956729,0
1,1,1,1,1,1,1,0.4549334,0.4163358,0
1,1,1,1,1,1,1,0.4632707,0.364266,0
1,1,1,1,1,1,1,0.4724022,0.3668998,0
1,1,1,1,1,1,1,0.4823857,0.3699512,0
1,1,1,1,1,1,1,0.4932773,0.3734287,0
1,1,1,1,1,1,1,0.5051481,0.3773481,0
1,1,1,1,1,1,1,0.5180688,0.3817204,0
1,1,1,1,1,1,1,0.5321232,0.3865611,0
1,1,1,1,1,1,1,0.5474052,0.3918877,0
1,1,1,1,1,1,1,0.6763858,0.3977192,0
1,1,1,1,1,1,1,1,0.4040731,0
1,1,1,1,1,1,1,1,0.4109725,0
1,1,1,1,1,1,1,1,0.4184426,0
1,1,1,1,1,1,1,1,0.4265075,0
1,1,1,1,1,1,1,1,0.435146,0
1,1,1,1,1,1,1,1,0.4442642,0
1,1,1,1,1,1,1,1,0.4538538,0
1,1,1,1,1,1,1,1,0.4639059,0
1,1,1,1,1,1,1,1,0.4744058,0
1,1,1,1,1,1,1,1,0.4853457,0
1,1,1,1,1,1,1,1,0.4967085,0
1,1,1,1,1,1,1,1,0.6003214,0
1,1,1,1,1,1,1,1,0.6121392,0
1,1,1,1,1,1,1,1,0.6241928,0
1,1,1,1,1,1,1,1,1,1
1,1,1,1,1,1,1,1,1,1
1,1,1,1,1,1,1,1,1,1
1,1,1,1,1,1,1,1,1,1
1,1,1,1,1,1,1,1,1,1
1,1,1,1,1,1,1,1,1,1
1,1,1,1,1,1,1,1,1,1
1,1,1,1,1,1,1,1,1,1
1,1,1,1,1,1,1,1,1,1
1,1,1,1,1,1,1,1,1,1
1,1,1,1,1,1,1,1,1,1
1,1,1,1,1,1,1,1,1,1
1,1,1,1,1,1,1,1,1,1
1,1,1,1,1,1,1,1,1,1
1,1,1,1,1,1,1,1,1,1
1,1,1,1,1,1,1,1,1,1
1,1,1,1,1,1,1,1,1,1
1,1,1,1,1,1,1,1,1,1
1,1,1,1,1,1,1,1,1,1
1,1,1,1,1,1,1,1,1,1
1,1,1,1,1,1,1,1,1,1
1,1,1,1,1,1,1,1,1,1
1,1,1,1,1,1,1,1,1,1
1,1,1,1,1,1,1,1,1,1
1,1,1,1,1,1,1,1,1,1
1,1,1,1,1,1,1,1,1,1
1,1,1,1,1,1,1,1,1,1
1,1,1,1,1,1,1,1,1,1
1,1,1,1,1,1,1,1,1,1
1,1,1,1,1,1,1,1,1,1
1,1,1,1,1,1,1,1,1,1
1,1,1,1,1,1,1,1,1,1
1,1,1,1,1,1,1,1,1,1
1,1,1,1,1,1,1,1,1,1
1,1,1,1,1,1,1,1,1,1
1,1,1,1,1,1,1,1,1,1
1,1,1,1,1,1,1,1,1,1
1,1,1,1,1,1,1,1,1,1
1,1,1,1,1,1,1,1,1,1
1,1,1,1,1,1,1,1,1,1
1,1,1,1,1,1,1,1,1,1
1,1,1,1,1,1,1,1,1,1
1,1,1,1,1,1,1,1,1,1
1,1,1,1,1,1,1,1,1,1
1,1,1,1,1,1,1,1,1,1
1,1,1,1,1,1,1,1,1,1
1,1,1,1,1,1,1,1,1,1
1,1,1,1,1,1,1,1,1,1
1,1,1,1,1,1,1,1,1,1
1,1,1,1,1,1,1,1,1,1
1,1,1,1,1,1,1,1,1,1
1,1,1,1,1,1,1,1,1,1
1,1,1,1,1,1,1,1,1,1
1,1,1,1,1,1,1,1,1,1
1,1,1,1,1,1,1,1,1,1
1,1,1,1,1,1,1,1,1,1
1,1,1,1,1,1,1,1,1,1
1,1,1,1,1,1,1,1,1,1
1,1,1,1,1,1,1,1,1,1
1,1,0.9892595,1,1,1,1,1,1,1
1,1,0.9781392,1,1,1,1,1,1,1
1,1,0.9669324,1,1,1,1,1,1,1
1,1,0.9556417,1,1,1,1,1,1,1
1,1,0.9442705,1,1,1,1,1,1,1
1,1,0.9328221,1,1,1,1,1,1,1
1,1,0.9213003,1,1,1,1,1,1,1
1,1,0.9097091,1,1,1,1,1,1,1
1,1,0.8980527,1,1,1,1,1,1,1
1,1,0.8863358,1,1,1,1,1,1,1
1,1,0.8745627,1,1,1,1,1,1,1
1,1,0.8627387,1,1,1,1,1,1,1
1,1,0.8508687,1,1,1,1,1,1,1
1,1,0.8389577,1,1,1,1,1,1,1
1,1,0.8270109,1,1,1,1,1,1,1
1,1,0.8205271,1,1,1,1,1,1,1
1,1,0.826887,1,1,1,1,1,1,1
1,1,0.833175,1,1,1,1,1,1,1
1,1,0.8393824,1,1,1,1,1,1,1
1,1,0.8455005,1,1,1,1,0.9976169,1,1
1,1,0.8513699,1,1,1,1,0.9952421,1,1
1,1,0.8569897,1,1,1,1,0.9929966,1,1
1,1,0.8623608,1,1,1,1,0.9908733,1,1
1,0.9867894,0.8674835,1,1,1,1,0.9888662,1,1
1,0.9697161,0.87324,1,1,1,1,0.9866541,1,1
1,0.9523702,0.8798746,1,1,1,1,0.9841627,1,1
1,0.9347948,0.8873911,1,1,1,1,0.9814079,1,1
1,0.9170319,0.8958024,1,1,1,1,0.9784028,1,1
1,0.8991232,0.9051057,1,1,1,1,0.9751688,1,1
1,0.8811089,0.9153078,1,1,1,1,0.9717237,1,1
1,0.8630272,0.9264161,1,1,1,1,0.9680856,1,1
1,0.8449136,0.9384386,1,1,1,1,0.9642723,1,2
1,0.8268021,0.9513749,1,1,1,1,0.960305,1,2
1,0.8087238,0.9652341,1,1,1,1,0.9562006,1,2
1,0.7907072,0.9800155,1,1,1,1,0.9519787,1,2
1,0.7727778,0.995728,1,1,1,1,0.9476545,1,2
1,0.7549585,1,1,1,1,1,0.943242,1,2
1,0.7371439,1,1,1,1,1,0.9386458,1,2
1,0.7193189,1,1,1,1,1,0.933842,1,2
1,0.7015151,1,1,1,1,1,1,1,2
1,0.6821701,1,1,1,1,1,1,1,2
1,0.6629113,1,1,1,1,1,1,1,2
1,0.6437781,1,1,1,1,1,0.9080403,1,2
1,0.626618,1,1,1,1,1,1,1,2
1,0.6077545,1,1,1,1,1,0.8950089,1,2
1,0.5910171,1,1,1,1,1,1,1,2
1,0.5725299,1,1,1,1,1,0.8815534,1,2
1,0.5568953,1,1,1,1,1,0.8758287,1,2
1,0.5648171,1,1,1,1,1,1,1,2
1,0.5761031,1,1,1,1,1,0.8622822,1,2
0.8862514,0.5837682,1,1,1,1,1,1,1,2
0.8395476,0.5987793,1,1,1,1,1,0.8479248,1,2
0.802429,0.6109675,1,1,1,1,1,0.8408167,1,2
0.766051,0.6242592,1,1,1,1,1,0.8335134,1,2
0.7306042,0.6386889,1,1,1,1,1,0.8260655,1,2
0.6962377,0.6542828,1,1,1,1,1,0.8185234,1,2
0.6630616,0.6710621,1,1,1,1,1,0.8109323,1,2
0.6311478,0.6890445,1,1,1,1,1,0.8033311,1,2
0.6005366,0.7082372,1,1,1,1,1,0.7957557,1,2
0.5712393,0.7286424,1,1,1,1,1,0.7882351,1,2
0.543245,0.7502567,1,1,1,1,1,0.780792,1,2
0.5165224,0.7730657,1,1,1,1,1,0.773446,1,2
0.4910286,0.7970537,1,1,1,1,1,0.7662078,1,2
0.4928877,1,1,1,1,1,1,0.7590864,1,2
0.5001943,1,1,1,1,1,1,0.7532585,1,2
0.5074655,1,1,1,1,1,1,0.7475837,1,2
0.5146891,1,1,1,1,1,1,0.7420463,1,2
0.5218489,1,1,1,1,0.9938348,1,0.7366358,1,2
0.5288686,1,1,1,1,0.9862006,1,0.7313778,1,2
0.5357206,1,1,1,1,0.9781178,1,0.726266,1,1
0.5423843,1,1,1,1,0.9695865,1,0.7212932,1,1
0.5488359,1,1,1,1,0.960611,1,0.7164573,1,1
0.5550617,1,1,1,1,0.9511985,1,0.8551091,1,2
0.5637231,1,1,1,1,0.9450396,1,0.8489887,1,2
0.5722365,1,1,1,1,0.9383981,1,0.8430613,1,2
0.5805688,1,1,1,1,0.931266,1,0.8373148,1,2
0.5886877,1,1,1,1,0.9236394,1,0.8317387,0.6767582,0
0.5897797,1,1,1,1,0.9069475,1,0.8294052,0.6715021,0
0.5904902,1,1,1,1,0.8901021,1,0.8273618,0.6663333,0
0.5908502,1,1,1,1,0.8744102,1,0.6319183,0.6612741,0
0.5872794,1,1,1,1,0.8923254,1,0.5646264,0.6557325,0
0.5828758,1,1,1,1,0.915089,1,0.5441449,0.650477,0
0.5785983,1,1,1,1,0.9402386,0.9921199,0.5443938,0.6457066,0
0.5746952,1,1,1,1,0.9669261,0.9598595,0.5449438,0.6414359,0
0.5708715,1,1,1,1,0.9965022,0.9290348,0.5459322,0.6376119,0
0.5671712,1,1,1,1,1,0.8996671,0.547341,0.6342369,0
0.5634397,1,1,1,1,1,0.8713347,0.844559,0.6313066,0
0.5634402,1,1,1,1,1,0.8520066,0.8452519,0.6286836,0
0.5632328,1,1,1,1,1,0.8326966,0.8463112,0.62621,0
0.5628432,1,1,1,1,1,0.813464,0.847734,0.623893,0
0.5622899,1,1,1,1,1,0.7943619,1,0.6217448,0
0.563327,1,1,1,1,1,0.7788557,1,0.7572224,1
0.5659652,1,1,1,1,1,0.7666551,1,0.7549586,1
0.5684494,1,1,1,1,1,0.7541462,1,0.7527081,1
0.5707694,1,1,1,1,1,0.7413474,1,0.75048,1
0.5729231,1,1,1,1,1,0.7282788,1,0.7482779,1
0.57491,1,1,1,1,1,0.7149611,1,0.4771169,0
0.573252,1,1,1,1,1,0.7210628,1,0.475315,0
0.5716873,1,1,1,1,1,0.7305194,1,0.4737133,0
0.5702294,1,1,1,1,1,0.7401739,1,0.4722981,0
0.5688702,1,1,1,1,1,0.7500017,1,0.4710549,0
0.5675992,1,1,1,1,1,0.7599834,1,0.469973,0
0.5664101,1,1,1,1,1,0.7700939,1,0.4690394,0
0.5652936,1,1,1,1,1,0.7803133,1,0.7390861,1
0.5670251,1,1,1,1,1,0.7766572,1,0.7376006,1
0.5687101,1,1,1,1,1,0.7732701,1,0.7361303,1
0.5703508,1,1,1,1,1,0.7701333,0.8813981,0.7346736,1
0.5708789,1,1,1,1,1,0.7723182,0.857249,0.7336569,0
0.5711758,1,1,1,1,1,0.7755896,0.8323604,0.7327725,0
0.5712467,1,1,1,1,1,0.7799703,0.8068892,0.7320344,0
0.5711026,1,1,1,1,1,0.7854778,0.7809927,0.7314542,0
0.5707532,1,1,1,1,1,0.7921361,0.7548274,0.731046,0
0.5702165,1,1,1,1,1,0.7999574,0.7285435,0.7308179,0
0.5695044,1,1,1,1,1,0.8089654,0.7022797,0.7307831,0
0.5686359,1,1,1,1,1,0.8191711,0.6761642,0.7309482,0
0.5676298,1,1,1,1,1,1,0.6503093,0.8833284,1
0.5685491,1,1,1,1,1,1,0.6333864,0.8824581,1
0.5693291,1,1,1,1,1,1,0.6158798,0.8817,1
1,1,1,1,1,1,1,0.5978389,0.8810574,0
1,1,1,1,1,1,1,0.5659396,0.8836344,0
0.56385,1,1,1,1,1,1,0.5352478,0.8868877,1
1,1,1,1,1,1,1,0.5171427,1,0
1,1,1,1,1,1,1,0.5204948,1,0
1,1,1,1,1,1,1,0.5270895,1,0
1,1,1,1,1,1,1,0.5340016,1,0
1,1,1,1,1,1,1,0.5412239,1,0
1,1,1,1,1,1,1,0.5487446,1,0
1,1,1,1,1,1,1,0.5565551,1,0
1,1,1,1,1,1,1,0.5646469,0.7687196,0
1,1,1,1,1,1,1,0.5775378,0.6949506,0
1,1,1,1,1,1,1,0.5915374,0.6295809,0
1,1,1,1,1,1,1,0.6067325,0.571257,0
1,1,1,1,1,1,1,0.6232201,0.5189022,0
1,1,1,1,1,1,1,0.6411095,0.4716485,0
1,1,1,1,1,1,1,0.6605241,0.4628675,0
1,1,1,1,1,1,1,1,0.4700971,0
1,1,1,1,1,1,1,1,0.4776042,0
1,1,1,1,1,1,1,1,0.485543,0
1,1,1,1,1,1,1,1,0.4939075,0
0.7102787,1,1,1,1,0.9963232,1,1,0.5026838,0
0.8864118,1,1,1,1,0.9873357,1,1,0.5078313,0
0.8478191,1,1,1,1,0.9792988,1,1,0.5154828,0
0.8569782,1,1,1,1,0.9711354,1,1,0.5227536,0
0.8633217,1,1,1,1,0.9630842,1,1,0.5302913,0
0.8695258,1,1,1,0.998878,0.9551217,1,1,0.5380505,0
0.8759991,1,1,1,0.9925236,0.9472362,1,1,0.5460204,0
0.8833739,1,1,1,0.9861596,0.9394077,1,1,0.5541643,0
0.8912341,1,1,1,0.9797873,0.931632,1,1,0.5624894,0
0.8994468,1,1,1,0.9734026,0.9239031,1,1,0.5709928,0
0.9079556,1,1,1,0.9669997,0.9162143,1,1,0.5796654,0
0.9167331,1,1,1,0.9605724,0.9085592,1,1,0.588509,0
0.9257687,1,1,1,0.9541149,0.9009315,1,1,1,2
1,1,0.982187,1,0.9421814,0.8904864,1,1,1,1
1,1,0.9657534,1,0.9311854,0.8805216,1,1,1,1
1,1,0.9598953,1,0.9199141,0.8704133,1,1,0.994249,1
1,1,0.9578298,1,0.908581,0.8602712,1,1,0.9835703,1
1,1,0.9557556,1,0.8972973,0.8501515,1,1,0.9727126,1
1,1,0.9536597,1,0.8860671,0.8400566,1,1,0.9616574,1
1,1,0.9515285,1,0.8748938,0.8299876,1,1,0.9503864,1
1,1,0.9493487,1,0.8637802,0.8199459,1,1,0.9388822,1
1,1,0.9471068,1,0.8527285,0.8099324,1,1,0.928185,1
1,1,0.9448179,1,0.8417292,0.7999421,1,1,0.9306235,1
1,1,0.9428841,0.9047887,0.8306388,0.789905,1,1,0.9327852,2
1,1,0.9432032,0.890816,0.8188265,0.7795166,1,1,0.9332806,2
1,1,0.9440444,0.8767183,0.8069384,0.769093,1,1,0.9334428,2
1,1,0.9453835,0.8625371,0.7949995,0.7586477,1,1,0.9333122,2
1,1,0.9471958,0.8483108,0.783033,0.7481927,1,1,0.9329283,2
1,1,0.9494561,0.8340742,0.7710598,0.7377393,1,1,0.932329,2
1,1,0.9521393,0.8198589,0.7590987,0.7272969,1,1,0.9315495,2
1,1,0.9552194,0.8056921,0.7471659,0.7168733,1,1,0.9306232,2
1,1,0.9586663,0.7915982,0.7352757,0.7064756,1,1,0.9295833,2
1,1,0.9624537,0.7775975,0.7234402,0.6961091,1,1,0.9284568,2
1,1,0.9665467,0.7637066,0.7116686,0.6857775,1,1,0.9272746,2
1,1,0.9709194,0.749939,0.6999688,0.6754839,1,1,0.9260567,2
1,1,0.9755421,0.7363054,0.6883465,0.6652297,1,1,0.9248236,2
1,1,0.9803848,0.722813,0.6768054,0.6550156,1,1,0.9235932,2
1,1,0.9854188,0.7094673,0.6653484,0.6448414,1,1,0.9223798,2
1,0.9905243,0.990616,0.6962712,0.6539761,0.6347061,1,1,0.9211953,2
1,0.9517877,0.9963865,0.6831139,0.642629,0.6245905,1,1,0.9198645,2
1,0.9119316,1,0.6696893,0.6311462,0.614452,1,1,0.9178524,2
1,0.871366,1,0.656046,0.6195595,0.6043119,1,1,0.9151959,2
1,0.8304578,1,0.6422308,0.6079004,0.5941921,1,1,0.9119346,2
1,0.7897217,1,0.628321,0.5962163,0.5841184,1,1,0.908168,2
1,0.7496116,1,0.6143925,0.5845531,0.5741142,1,1,0.9040049,2
1,0.7132406,0.6889969,0.6005157,0.5729526,0.5641993,1,1,0.8995565,2
1,0.7203263,0.6672806,0.5856555,0.5609633,0.5544336,1,1,0.8927172,2
1,0.7281595,0.646419,0.5712301,0.5492671,0.5448731,1,1,0.8861667,2
1,0.736483,0.6265842,0.5573145,0.5378868,0.5354906,1,1,0.8801011,2
1,0.744834,0.6079823,0.5439888,0.5268325,0.5262254,1,1,0.8747574,2
1,0.7531241,0.5904568,0.5311721,0.5160463,0.517033,1,1,0.8700475,2
1,0.7612791,0.5738688,0.5187913,0.5054775,0.5078754,1,1,0.865888,2
1,0.7692318,0.5580951,0.5067827,0.4950824,1,1,1,0.8622066,2
1,0.7786216,0.5422872,0.4948106,0.4847826,1,1,1,0.8582096,2
1,0.7879398,0.5271577,0.4831478,0.474624,1,1,1,0.8545877,2
0.98684,0.7971279,0.5126255,0.4717513,0.4645769,1,1,1,0.8524529,2
0.9026201,0.8065447,0.4984879,0.4605393,0.454619,1,1,1,0.8572408,2
0.8189672,0.8184786,0.4840606,0.4492887,0.4447778,1,1,1,0.8724353,2
0.7377911,0.8333312,0.4694429,0.4380637,0.4351078,1,1,1,0.9013517,2
0.6620496,0.8509593,0.4548763,0.4269697,0.425647,1,1,1,0.9459141,2
0.6533173,1,0.440758,0.4161285,0.4163624,1,1,1,1,2
0.6597246,0.5590225,0.4270654,0.4055285,0.4072466,1,1,1,1,2
0.6667544,0.534777,0.4137774,0.39516,0.3982929,1,1,1,1,2
0.6744296,0.511712,0.4008743,0.3850127,1,1,1,1,1,2
0.6827754,0.4897432,0.3883378,0.3750776,1,1,1,1,1,2
0.6918196,0.468794,0.3761501,0.3653454,1,1,1,1,1,2
0.701589,0.4487959,0.3642957,0.3558082,1,1,1,1,1,2
0.7121167,0.4296851,0.3527589,0.3464576,1,1,1,1,1,2
0.7234357,0.4114041,0.3415253,0.3372859,1,1,1,1,1,2
0.7355855,0.3939009,0.3305818,0.3282863,1,1,1,1,1,2
0.7486095,0.3771274,0.3199159,1,1,1,1,1,1,2
0.7625521,0.361039,0.3095152,1,1,1,1,1,1,2
0.777465,0.3455958,0.299369,1,1,1,1,1,1,2
0.4937019,0.3307607,0.2894667,1,1,1,1,1,1,2
0.4644513,0.316499,0.2797982,1,1,1,1,0.8260736,1,2
0.4371122,0.3027791,0.2703542,1,1,1,1,0.8165514,1,2
0.4115113,0.2895718,0.2611256,1,1,1,1,0.8073053,1,2
0.3874965,0.27685,0.2521041,1,1,1,1,0.7983237,1,2
0.3649326,0.2645887,0.2432818,1,1,1,1,0.7895923,1,2
0.3437003,0.2527649,1,1,1,1,1,0.7811007,1,2
0.3236923,0.2413566,1,1,1,1,1,0.7728394,1,2
0.3048139,0.2303441,1,1,1,1,1,0.7647988,1,2
0.2869796,0.219709,1,1,1,1,1,0.7569676,1,2
0.270151,0.2094433,1,1,1,1,1,0.7493528,1,2
0.2543927,0.1995614,1,1,1,1,1,0.7420018,1,2
0.2395877,0.1900272,1,1,1,1,1,0.7348725,1,2
0.2256314,0.1808072,1,1,1,1,1,0.7279309,1,2
0.2124306,0.181466,1,1,1,1,1,0.7211395,1,2
0.1999155,0.2248764,1,1,1,1,1,0.7144717,1,2
0.188054,0.274321,1,1,1,1,1,0.7079011,1,2
0.1767569,0.3302556,1,1,1,1,1,0.7013921,1,2
0.1659473,0.3930698,1,1,1,1,1,0.6949162,1,2
0.1555591,0.4630693,1,1,1,1,1,0.6884484,1,2
0.1455349,0.5404434,1,1,1,1,1,0.6819666,1,2
0.1581054,1,1,1,1,1,1,0.6754595,1,2
0.1720127,1,1,1,1,1,1,0.6688547,1,2
0.1860111,1,1,1,1,1,1,0.6622103,1,1
0.2000531,1,1,1,1,1,1,0.6555231,1,1
0.2140853,1,1,1,1,1,1,0.6487942,1,1
0.2280607,1,1,1,1,1,1,0.6420234,1,1
0.241922,1,1,1,1,1,1,0.635218,1,1
0.2556312,1,1,1,1,1,1,0.6283764,1,1
0.2691406,1,1,1,1,1,0.9944342,0.621505,1,1
0.2822999,1,1,1,1,1,0.9870572,0.6146051,1,1
0.2950296,1,1,1,1,1,0.9800195,0.6076794,1,1
0.3072888,1,1,1,1,1,0.9733067,0.600738,1,1
0.3190435,1,1,1,1,1,0.9669076,0.593792,1,1
0.3302678,1,1,1,1,1,0.9608137,0.5868531,1,1
0.3409488,1,1,1,1,1,0.9550153,0.5799302,1,0
0.3510744,1,1,1,1,1,0.9495082,0.5730358,1,0
0.360639,1,1,1,1,1,0.9442894,0.5661821,1,0
0.3696484,1,1,1,1,1,0.9393541,1,1,2
0.3892911,1,1,1,1,1,0.9272894,0.740438,1,1
0.4019429,1,1,1,1,1,0.9199575,1,1,2
0.4216,1,1,1,1,1,0.9087377,1,1,2
0.4412954,1,1,1,1,1,0.8980192,1,1,2
0.4609361,1,1,1,1,1,0.8877452,1,1,2
1,1,1,1,1,1,0.8778642,1,0.5955169,0
1,1,1,1,1,1,0.8770568,1,0.5812645,0
1,1,1,1,1,1,0.876985,1,0.5674988,0
1,1,1,1,1,1,1,1,0.5542458,0
1,1,1,1,1,1,1,1,0.5426733,0
1,1,1,1,1,1,1,1,0.5314432,0
1,1,1,1,1,1,1,1,0.5205714,0
1,1,1,1,1,1,1,1,0.5100725,0
1,1,1,1,1,1,1,0.7736618,0.4999603,0
1,1,1,1,1,1,1,0.7692348,0.4900144,0
1,1,1,1,1,1,1,0.765301,0.4806111,0
1,1,1,1,1,1,1,0.7618638,0.5224777,0
1,1,1,1,1,1,1,0.7589216,0.5906603,0
1,1,1,1,1,1,1,0.7564772,0.6701253,0
1,1,1,1,1,1,1,0.7545345,1,0
1,1,1,1,1,1,1,0.7512503,1,0
1,1,1,1,1,1,1,0.7481413,1,0
1,1,1,1,1,1,1,0.7452083,1,0
1,1,1,1,1,1,1,0.7424521,1,0
1,1,1,1,1,1,1,0.7398762,1,0
1,1,1,1,1,1,1,0.7374813,1,0
1,1,1,1,1,1,1,1,1,1
1,1,1,1,1,1,1,1,1,1
1,1,1,1,1,1,1,1,1,1
1,1,1,1,1,1,1,1,1,1
1,1,1,1,1,1,1,1,1,1
1,1,1,1,1,1,1,1,1,1
1,1,1,1,1,1,1,1,0.6937975,0
1,1,1,1,1,1,1,1,0.6882633,0
1,1,1,1,1,1,1,1,0.682953,0
1,1,1,1,1,1,1,1,0.6778772,0
1,1,1,1,1,1,1,1,0.6730433,0
1,1,1,1,1,1,1,1,0.6684551,0
1,1,1,1,1,1,1,1,0.6641226,0
1,1,1,1,1,1,1,1,0.660049,0
1,1,1,1,1,1,1,1,0.6562406,0
1,1,1,1,1,1,1,0.8883439,0.6527032,0
1,1,1,1,1,1,1,0.8254378,0.6493992,0
1,1,1,1,1,1,1,0.8022553,0.6465208,0
1,1,1,1,1,1,1,0.8074943,0.6441284,0
1,1,1,1,1,1,1,0.813428,1,0
1,1,1,1,1,1,1,0.813896,1,0
1,1,1,1,1,1,1,0.8144646,1,0
1,1,1,1,1,1,1,0.8151326,1,0
1,1,1,1,1,1,1,1,1,1
1,1,1,1,1,1,1,1,1,1
1,1,1,1,1,1,1,1,1,1
1,1,1,1,1,1,1,1,1,1
1,1,1,1,1,1,1,1,1,1
1,1,1,1,1,1,1,1,1,1
1,1,1,1,1,1,1,1,1,1
1,1,1,1,1,1,1,1,1,1
1,1,1,1,1,1,1,1,1,1
1,1,1,1,1,0.9998271,1,1,1,1
1,1,1,1,1,0.9892982,1,1,1,1
1,1,1,1,1,0.9787072,1,1,1,1
1,1,1,1,1,0.9680556,1,1,1,1
1,1,1,1,1,0.9573449,1,1,1,1
1,1,1,1,1,0.9465774,1,1,1,1
1,1,1,1,1,0.9357548,1,1,1,1
1,1,1,1,1,0.9248793,1,1,1,1
1,1,1,1,1,0.9139531,1,1,1,1
1,1,1,1,1,0.9029789,1,1,1,1
1,1,1,1,1,0.8919594,1,1,1,1
1,1,1,1,1,0.880897,1,1,1,1
1,1,1,1,1,0.869795,1,1,0.7339157,0
1,1,1,1,1,0.8551032,0.9810775,1,0.6760582,0
1,1,1,1,1,0.8397895,0.9583626,1,0.6754992,0
1,1,1,1,1,0.8254951,0.9359567,1,0.6753338,0
1,1,1,1,1,0.8672538,0.9139482,1,0.67558,0
1,1,1,1,1,0.9141209,0.892779,1,0.6761752,0
1,1,1,1,1,0.9667215,0.8724254,1,0.6771065,0
1,1,1,1,1,1,0.8528571,1,1,1
1,1,1,1,1,1,0.8400043,1,1,1
1,1,1,1,1,1,0.8270871,1,1,1
1,1,1,1,1,1,0.8141143,1,1,1
1,1,1,1,1,1,0.8010945,1,1,1
1,1,1,1,1,1,0.7880364,1,1,0
1,1,1,1,1,1,0.774949,1,1,0
1,1,1,1,1,1,0.7618407,1,1,0
1,1,1,1,1,1,0.7487208,1,1,0
1,1,1,1,1,1,0.7355973,1,1,0
1,1,1,1,1,1,0.7224791,1,1,0
1,1,1,1,1,1,0.7093741,1,1,0
1,1,1,1,1,1,0.6962904,1,1,0
1,1,1,1,1,1,0.683235,1,1,0
1,1,1,1,1,1,0.6702158,1,1,0
1,1,1,1,1,1,0.6572393,1,1,0
1,1,1,1,1,1,0.644312,1,1,0
1,1,1,1,1,1,0.63144,1,1,0
1,1,1,1,1,1,0.6186288,1,1,0
1,1,1,1,1,1,0.6106644,1,1,0
1,1,1,1,1,1,0.6205801,1,1,0
1,1,1,1,1,1,0.6305946,0.8002623,1,0
1,1,1,1,1,1,0.6505259,0.7747046,1,0
1,1,1,1,1,1,0.6725017,0.7497689,1,0
1,1,1,1,1,1,0.6966712,0.7254896,1,0
1,1,1,1,1,1,0.7232076,0.701889,1,0
1,1,1,1,1,1,0.7522925,0.67898,1,0
1,1,1,1,1,1,0.7841252,0.6567665,1,0
1,1,1,1,1,1,0.8189262,0.6352446,1,0
1,1,1,1,1,1,0.8569375,0.6144046,1,0
1,1,1,1,1,1,1,0.594231,1,0
1,1,1,1,1,1,1,0.5753067,1,0
1,1,1,1,1,1,1,0.5566692,1,0
1,1,1,1,1,1,1,0.538344,1,0
1,1,1,1,1,1,1,0.5203518,1,0
1,1,1,1,1,1,1,0.5027097,1,0
1,1,1,1,1,1,1,0.4854313,1,0
1,1,1,1,1,1,1,0.4685265,1,0
1,1,1,1,1,1,1,0.4645102,1,0
1,1,1,1,1,1,1,0.4776,0.7161687,0
1,1,1,1,1,1,1,0.4973026,0.6724669,0
1,1,1,1,1,0.9996351,1,0.518868,0.6321014,0
1,1,1,1,1,0.9929357,0.9886113,0.5424997,0.5947148,0
1,1,1,1,1,1,0.9769966,0.5684397,0.5599994,0
1,1,1,1,1,1,0.9659278,0.5969642,0.5276886,0
1,1,1,1,1,1,0.9553925,0.6284037,0.4975507,0
1,1,1,1,1,1,0.9453794,0.6631417,0.4693829,0
1,1,1,1,1,1,0.9358783,0.7016415,0.4430071,0
1,1,1,1,1,1,0.9268801,1,0.4182665,0
1,1,1,1,1,1,0.9182948,1,0.4171727,0
1,1,1,1,1,1,0.9100816,1,0.4304292,0
1,1,1,1,1,1,0.902189,1,0.4441633,0
1,1,1,1,1,1,0.8945734,1,0.4583419,0
1,1,1,1,1,1,0.8871937,0.9361756,0.4729375,0
1,1,1,1,1,1,1,0.9220937,0.4883808,0
1,1,1,1,1,1,1,0.9085053,0.5046237,0
1,1,1,1,1,1,1,0.895521,0.5214127,0
1,1,1,1,1,1,1,0.8830959,0.5387191,0
1,1,1,1,1,1,1,0.8711871,0.5565056,0
1,1,1,1,1,1,1,0.8597536,0.5747411,0
1,1,1,1,1,1,1,0.8487563,0.5933864,0
1,1,1,1,1,1,1,0.8381586,0.612399,0
1,1,1,1,1,1,1,0.827926,0.631734,0
1,1,1,1,1,1,1,0.8180261,1,1
1,1,1,1,1,1,1,0.8097788,1,1
1,1,1,1,1,1,1,0.8015393,1,1
1,1,1,1,1,1,1,0.7933089,1,1
1,1,1,1,1,1,1,0.7850883,1,1
1,1,1,1,1,1,1,0.7768789,1,1
1,1,1,1,1,1,1,0.7686813,1,1
1,1,1,1,1,1,1,0.7604967,1,1
1,1,1,1,1,1,1,0.7523259,1,1
1,1,1,1,1,1,1,0.74417,1,1
1,1,1,1,1,1,1,0.7360297,1,1
1,1,1,1,1,1,1,0.7279061,1,1
1,1,1,1,1,1,1,0.7197996,1,1
1,1,1,1,1,1,1,0.7117113,1,1
1,1,1,1,1,1,1,0.7036418,1,1
1,1,1,1,1,1,1,0.6955917,0.8362199,0
1,1,1,1,1,1,1,0.6871226,0.8233899,0
1,1,1,1,1,1,1,0.6787111,0.8106099,0
1,1,1,1,1,1,1,0.6703643,0.7978995,0
1,1,1,1,1,1,1,0.6620883,0.7852774,0
1,1,1,1,1,1,1,0.6538892,0.7727607,0
1,1,1,1,1,1,1,0.687973,0.7603655,0
1,1,1,1,1,1,1,0.7801847,0.748216,0
1,1,1,1,1,1,1,0.8811325,0.7364386,0
1,1,1,1,1,1,1,0.9913599,0.7250099,0
1,1,1,1,1,1,1,1,0.7139075,0
1,1,1,1,1,1,1,1,0.7029039,0
1,1,1,1,1,1,1,1,0.69199,0
1,1,1,1,1,1,1,1,0.681174,0
1,1,1,1,1,1,1,1,0.6704646,0
1,1,1,1,1,1,1,1,0.6598688,0
1,1,1,1,1,1,1,1,0.6493934,0
1,1,1,1,1,1,1,1,0.6390447,0
1,1,1,1,1,1,1,1,0.6288283,0
1,1,1,1,1,1,1,1,0.6187493,0
1,1,1,1,1,1,1,1,0.6088119,0
1,1,1,1,1,1,1,1,0.5990199,0
1,1,1,1,1,1,1,1,0.5893766,0
1,1,1,1,1,1,1,1,0.5798846,0
1,1,1,1,1,1,1,1,0.570546,0
1,1,1,1,1,1,1,1,0.5613624,0
1,1,1,1,1,1,1,1,0.5686117,0
1,1,1,1,1,1,1,1,0.597057,0
1,1,1,1,1,1,1,1,0.6257499,0
1,1,1,1,1,1,1,1,0.6545929,0
1,1,1,1,1,1,1,1,0.6834856,0
1,1,1,1,1,1,1,1,0.7123426,0
1,1,1,1,1,1,1,1,0.7410625,1
1,1,1,1,1,1,1,1,0.7695531,1
1,1,1,1,1,1,1,1,0.7977323,1
1,1,1,1,1,1,1,1,0.8255047,1
1,1,1,1,1,1,1,1,0.8527883,1
1,1,1,1,1,1,1,1,0.8795129,1
1,1,1,1,1,1,1,1,0.9055979,1
1,1,1,1,1,1,1,1,1,1
1,1,1,1,1,1,1,1,1,1
1,1,1,1,1,1,1,1,1,1
1,1,1,1,1,1,1,1,1,1
1,1,1,1,1,1,1,1,1,1
1,1,1,1,1,0.9994147,1,1,1,1
1,1,1,1,1,0.9877602,1,1,1,1
1,1,1,1,1,0.9764551,1,1,1,1
1,1,1,1,1,0.9654773,1,1,1,1
1,1,1,1,1,0.9548118,1,1,1,1
1,1,1,1,1,0.9444393,1,1,1,1
1,1,1,1,1,0.9343516,1,1,1,1
1,1,1,1,1,0.924528,1,1,1,1
1,1,1,1,1,0.9149623,1,1,1,1
1,1,1,1,1,0.9056358,1,1,1,1
1,1,1,1,1,0.8965445,1,1,1,1
1,1,1,1,1,0.8876755,1,1,1,1
1,1,1,1,1,0.8790172,1,1,1,1
1,1,1,1,1,0.8705631,1,1,1,1
1,1,1,1,1,0.8623026,1,1,1,1
1,1,1,1,1,0.8542303,1,1,1,1
1,1,1,1,1,0.8463368,1,1,1,2
1,1,1,1,1,0.8386176,1,1,1,2
1,1,1,1,1,0.8310643,1,1,1,2
1,1,1,1,1,0.8236734,1,1,1,2
1,1,1,1,1,0.8164362,1,1,1,2
1,1,1,1,0.8715261,0.8093459,1,1,1,2
1,1,1,1,0.8519337,0.8064332,1,1,1,2
1,1,1,1,0.8321317,0.8042337,1,1,1,2
1,1,1,1,0.812203,0.8027547,1,1,1,2
1,1,1,1,0.7922261,0.8020145,1,1,1,2
1,1,1,1,0.7722749,0.8020164,1,1,1,2
1,1,1,1,0.7524168,0.8027734,1,1,1,2
1,1,1,1,0.7327126,0.8042943,1,1,1,2
1,1,1,1,0.7132156,1,1,1,1,2
1,1,1,1,0.6972011,1,1,1,1,2
1,1,1,1,0.6811531,1,1,1,1,2
1,1,1,1,0.6650993,1,1,1,1,2
1,1,1,1,0.6490668,1,1,1,1,2
1,1,1,1,0.6362531,1,1,1,1,2
1,1,1,1,0.6335201,1,1,1,1,2
1,1,1,0.7227567,0.6308831,1,1,1,1,2
1,1,1,0.6940078,0.6351573,1,1,1,1,2
1,1,1,0.6662773,0.6404632,1,1,1,1,2
1,1,1,0.6396025,0.6468301,1,1,1,1,2
1,1,1,0.6139987,0.6542788,1,1,1,1,2
1,1,1,1,1,1,1,1,1,1
1,1,1,1,1,1,1,1,1,1
1,1,1,1,1,1,1,1,1,1
1,1,1,1,1,1,1,1,1,1
1,1,1,1,1,1,1,1,1,1
1,1,1,1,1,1,1,1,1,1
1,1,1,1,1,1,1,1,1,1
1,1,0.9920667,1,1,1,1,1,1,1
1,1,0.9809688,1,1,1,1,1,1,1
1,1,0.9697838,1,1,1,1,1,1,1
1,1,0.9585142,1,1,1,1,1,1,1
1,1,0.9471633,1,1,1,1,1,1,1
1,1,0.9357343,1,1,1,1,1,1,1
1,1,0.9242309,1,1,1,1,1,1,1
1,1,0.912657,1,1,1,1,1,1,1
1,1,0.9010168,1,1,1,1,1,1,1
1,1,0.889315,1,1,1,1,1,1,1
1,1,0.877556,1,1,1,1,1,1,1
1,1,0.8657446,1,1,1,1,1,1,1
1,1,0.8538857,1,1,1,1,1,1,1
1,1,0.8419849,1,1,1,1,1,1,1
1,1,0.8425504,1,1,1,1,1,1,1
1,1,0.8482281,1,1,1,1,1,1,1
1,1,0.8538235,1,1,1,1,1,1,1
1,1,0.8593365,1,1,1,1,1,1,1
1,1,0.8647668,1,1,1,1,1,1,1
1,1,0.8701071,1,1,1,1,1,1,1
1,1,0.8753653,1,1,1,1,1,1,1
1,1,0.8805259,1,1,1,1,1,1,1
1,1,0.8855973,1,1,1,1,1,1,1
1,0.9942454,0.8905722,1,1,1,1,1,1,1
1,0.9773119,0.8958355,1,1,1,1,1,1,1
1,0.9600052,0.9021543,1,1,1,1,1,1,1
1,0.9423639,0.9095587,1,1,1,1,1,1,1
1,0.9244293,0.9180824,1,1,1,1,1,1,1
1,0.9062435,0.9277705,1,1,1,1,1,1,1
1,0.8878492,0.9386641,1,1,1,1,1,1,2
1,0.8692902,0.9508149,1,1,1,1,1,1,2
1,0.850609,0.9642626,1,1,1,1,1,1,2
1,0.8318475,0.9790677,1,1,1,1,1,1,2
1,0.8130473,0.9952766,1,1,1,1,1,1,2
1,0.7942461,1,1,1,1,1,1,1,2
1,0.7753367,1,1,1,1,1,1,1,2
1,0.7563061,1,1,1,1,1,1,1,2
1,0.7371975,1,1,1,1,1,1,1,2
1,0.7180554,1,1,1,1,1,1,1,2
1,0.698922,1,1,1,1,1,1,1,2
1,0.6798394,1,1,1,1,1,1,1,2
1,0.6608475,1,1,1,1,1,1,1,2
1,0.6419851,1,1,1,1,1,1,1,2
1,0.623287,1,1,1,1,1,1,1,2
1,0.6047863,1,1,1,1,1,1,1,2
1,0.5865124,1,1,1,1,1,1,1,2
1,0.579609,1,1,1,1,1,1,1,2
1,0.5908462,1,1,1,1,1,1,1,2
1,0.6022999,1,1,1,1,1,1,1,2
1,0.6139544,1,1,1,1,1,1,1,2
0.8496614,0.6257883,1,1,1,1,1,1,1,2
0.8067376,0.6427494,1,1,1,1,1,1,1,2
0.7650929,0.6617033,1,1,1,1,1,1,1,2
0.7249835,0.6827987,1,1,1,1,1,1,1,2
0.6865964,0.7061788,1,1,1,1,1,1,1,2
0.6500506,0.7319995,1,1,1,1,1,1,1,2
0.6154071,0.7604189,1,1,1,1,1,1,1,2
0.5826771,0.7915956,1,1,1,1,1,1,1,2
0.5518324,0.8256953,1,1,1,1,1,1,1,2
0.5228142,1,1,1,1,1,1,1,1,2
0.5166641,1,1,1,1,1,1,1,1,2
0.528501,1,1,1,1,1,1,1,1,2
0.5407014,1,1,1,1,1,1,1,1,2
0.5532464,1,1,0.9561648,1,1,1,1,1,2
0.5658582,1,1,0.9506212,1,1,1,1,1,2
0.5786988,1,1,0.9450804,1,1,1,1,1,2
0.5917376,1,1,0.9395175,1,1,1,1,1,2
0.6049424,1,1,0.9339091,1,1,1,1,1,2
0.6182799,1,1,0.9282334,1,1,1,1,1,2
0.6317111,1,1,0.9224713,1,1,1,1,1,2
0.6452051,1,1,0.9166045,0.9962136,1,1,1,1,2
0.6586705,1,1,0.9105887,0.9916275,1,1,1,1,2
0.6720482,1,1,0.9044018,0.9866971,1,1,1,1,2
0.6852928,1,1,0.8980262,0.9814011,1,1,1,1,2
0.6983501,1,1,0.8914464,0.9757214,1,1,1,1,2
0.7111742,1,1,0.8846499,0.9696425,1,1,1,1,2
0.7237116,1,1,0.8776253,0.9631518,1,1,1,1,2
0.7359188,1,1,0.8703634,0.9562397,1,1,1,1,2
1,1,1,0.8628579,0.9488996,1,1,1,1,1
1,1,1,0.8524629,0.9367307,1,1,1,1,1
1,1,1,0.8419324,0.9243455,1,1,1,1,0
1,1,1,0.8312752,0.9117587,1,1,1,1,0
1,1,1,0.8205009,0.8989868,1,1,1,1,0
1,1,1,0.8096196,0.8860469,1,1,1,1,0
1,1,1,0.7986429,0.872958,1,1,1,1,0
1,1,1,0.7875817,0.8597388,1,1,1,1,0
1,1,1,0.7764486,0.8464096,1,1,1,1,0
1,1,1,0.7652555,0.8329903,1,1,1,1,0
1,1,1,0.7540143,0.8195007,1,1,1,1,0
1,1,1,0.7427377,0.8059613,1,1,1,1,0
1,1,1,0.7314371,0.7923911,1,1,1,1,0
1,1,1,0.7201244,0.7788094,1,1,1,1,0
1,1,1,0.7088108,0.7652345,0.8598021,1,1,1,0
1,1,1,0.6966563,0.7501977,0.8403123,1,1,1,0
1,1,1,0.6845027,0.7351557,0.8208382,1,1,1,0
1,1,1,0.6723799,0.7201559,0.8014552,1,1,1,0
1,1,1,0.6603159,0.705243,0.782233,1,1,1,0
1,1,1,0.6483349,0.6904563,0.7632331,1,1,1,0
1,1,1,0.6364585,0.675831,0.744509,1,1,1,0
1,1,1,0.6247038,0.6613954,0.7261052,1,1,1,0
1,1,1,0.6130846,0.6471737,0.7080575,1,1,1,0
1,1,1,0.6016108,0.6331838,0.6903934,1,1,1,0
1,1,1,0.5902883,0.6194381,0.6731318,1,1,1,0
1,1,1,0.5791191,0.6059439,0.6562838,1,1,1,0
1,1,1,0.568103,0.5927042,0.6398543,1,1,1,0
1,1,1,0.5572367,0.5797185,0.6238426,1,1,1,0
1,1,1,0.5465142,0.5669816,0.608242,0.7285933,1,1,0
1,1,1,0.5355829,0.5535273,0.5913051,0.7026314,1,1,0
1,1,1,0.6176316,0.5404156,0.5749031,0.67782,1,1,0
1,1,1,0.8039283,0.527629,0.5590058,0.654078,1,1,0
1,1,1,1,0.5151516,0.543586,0.6313328,1,1,0
1,1,1,1,0.5029886,0.5286603,0.6096102,1,1,0
1,1,1,1,0.4911157,0.5141895,0.588819,1,1,0
1,1,1,1,0.4795212,0.5001609,0.5689279,1,1,0
1,1,1,1,0.468189,0.4865553,0.5498962,1,1,0
1,1,1,1,0.4570996,0.4733495,0.5316767,1,1,0
1,1,1,1,0.4462323,0.4605176,0.5142189,1,1,0
1,1,1,1,0.477203,0.4480316,0.4974695,1,1,0
1,1,1,1,0.6184625,0.4358757,0.4814077,1,1,0
1,1,1,1,1,0.4240347,0.4660189,1,1,0
1,1,1,1,1,0.4124859,0.451273,1,1,0
1,1,1,1,1,0.4011242,0.4369142,1,1,0
1,1,1,1,1,0.3899374,0.422921,0.5935323,1,0
1,1,1,1,1,0.378536,0.4080953,0.5643216,1,0
1,1,1,1,1,0.3673788,0.3937223,0.5367126,1,0
1,1,1,1,1,0.3564542,0.3797781,0.5105746,1,0
1,1,1,1,1,0.4250452,0.3662395,0.4857901,1,0
0.6453623,1,1,1,1,0.5828047,0.3530855,0.4622544,1,0
0.6431335,1,1,1,1,0.7230448,0.3414079,0.444071,1,0
1,1,1,1,1,1,0.3299026,0.4264622,1,0
0.6377756,1,1,1,1,1,0.3175248,0.405398,1,0
1,1,1,1,1,1,0.3064274,0.3891108,1,0
0.632517,1,1,1,1,1,0.2945441,0.3695647,1,0
1,1,1,1,1,1,0.2837666,0.3542722,1,0
0.6272866,1,1,1,1,1,0.272332,0.3360719,1,0
1,1,1,1,1,1,0.2618488,0.3216913,0.550768,0
1,1,1,1,1,1,0.274742,0.304685,0.509629,0
0.6193485,1,1,1,1,1,0.3226541,0.2883862,0.4718202,0
0.6166993,1,1,1,1,1,0.3850878,0.2727499,0.4369598,0
0.6141168,1,1,1,1,1,0.4689946,0.2577353,0.4047224,0
0.6116005,1,1,1,1,1,0.5865771,0.243304,0.3748282,0
0.609147,1,1,1,1,1,1,0.2294212,0.3470365,0
0.6067559,1,1,1,1,1,1,0.216055,0.3211388,0
0.6044242,1,1,1,1,1,1,0.2031758,0.2969534,0
0.6021514,1,1,1,1,1,1,0.1907561,0.2743209,0
0.5999343,1,1,1,1,1,1,0.1953425,0.2531019,0
0.597773,1,1,1,1,1,1,0.2151121,0.2331736,0
0.595667,1,1,1,1,1,1,0.2373989,0.2144264,0
0.5935303,1,1,1,1,1,1,0.2621843,0.1968923,0
0.5913039,1,1,1,1,1,1,0.2895223,0.1804813,0
0.5889592,1,1,1,1,1,1,0.319584,0.165056,0
0.5864726,1,1,1,1,1,1,0.3525262,0.1629875,0
0.5837581,1,1,1,1,1,1,0.388054,0.1737264,0
0.5807325,1,1,1,1,1,1,0.4256365,0.1847452,0
0.5773805,1,1,1,1,1,1,0.4650293,0.1959901,0
0.5736977,1,1,1,1,1,1,0.5059029,0.2074002,0
0.5696794,1,1,1,1,1,1,1,0.2189218,1
0.56435,1,1,1,1,1,1,1,0.2290755,1
0.5588641,1,1,1,1,1,1,1,0.2392185,1
0.5532324,1,1,1,0.9976937,1,1,1,0.2493165,1
0.5581361,1,1,1,0.9893754,1,1,1,0.2593325,1
0.57776,1,1,1,0.9808218,1,1,1,0.2693257,1
0.5967478,1,1,1,0.9724464,1,1,1,0.2794883,1
0.615118,1,1,1,0.9642271,1,1,1,0.2898259,1
0.6328974,1,1,1,0.9561422,1,1,1,0.3003382,1
0.6501181,1,1,1,0.948171,1,1,1,0.3110243,1
0.6668143,1,1,1,0.9402949,1,1,1,0.321887,1
0.6830255,1,1,1,0.9324946,1,1,1,0.3329235,1
0.6987921,1,1,1,0.9247529,1,1,1,0.3441357,1
0.714152,1,1,1,0.9170541,0.9863801,1,1,0.3555145,1
0.7296108,1,1,1,0.9091985,0.9674112,1,1,0.36693,1
0.7453812,1,1,1,0.9011115,0.949208,1,1,0.3783159,1
0.7614525,1,1,1,0.8928097,0.931687,1,1,0.3896637,1
0.7778148,1,1,1,0.8843088,0.9147682,1,1,0.4009713,1
0.7944589,1,1,1,0.8756247,0.8983864,1,1,0.4122317,1
0.8113734,1,1,1,0.866772,0.8824834,1,1,0.4234394,1
0.8285484,1,1,1,0.8577656,0.8670009,1,1,1,2
0.8751146,1,1,0.9853384,0.8391987,0.8752792,1,1,1,2
1,1,1,0.9611975,0.821736,0.8823695,1,1,1,2
1,1,1,0.9415614,0.8069464,0.883026,1,1,1,2
1,1,1,0.9214144,0.7918214,0.8854879,1,1,1,2
1,1,1,0.9008689,0.7764259,0.8898374,1,1,1,2
1,1,1,0.8800387,0.760827,0.8961533,1,1,1,2
1,1,1,0.8590348,0.7450906,0.9045418,1,1,1,2
1,1,1,0.8379641,0.7292808,0.9151146,1,1,1,2
1,1,1,0.8169264,0.7134591,0.9279991,1,1,1,2
1,1,1,0.7960131,0.6976817,0.9433395,1,1,1,2
1,1,1,0.7753052,0.6819997,0.9612919,1,1,1,2
1,1,1,0.754872,0.6766111,0.9820347,1,1,1,2
1,1,0.9777474,0.7349041,0.6829375,1,1,1,1,2
1,1,0.9435646,0.7150719,0.690761,1,1,1,1,2
1,1,0.9093008,0.6950853,0.701062,1,1,1,1,2
1,1,0.8752726,0.6750856,0.714045,1,1,1,1,2
1,1,0.841761,0.655204,0.7299565,1,1,1,1,2
1,1,0.8090046,0.6355584,0.7490717,1,1,1,1,2
1,1,0.7771949,0.6162484,0.7717082,1,1,1,1,2
1,1,0.7464756,0.5973551,0.7982191,1,1,1,1,2
1,1,0.7169471,0.5812402,0.829034,1,1,1,1,2
1,1,0.6887025,0.5945052,0.8645151,1,1,1,1,2
1,1,0.6621488,0.6087485,0.9036061,1,1,1,1,2
1,1,0.6371466,0.6239336,0.946544,1,1,1,1,2
1,1,0.6135596,0.6400083,1,1,1,1,1,2
1,1,0.5912983,0.6568254,1,1,1,1,1,2
1,1,0.5699037,0.6753008,1,1,1,1,1,2
1,1,0.5493377,0.6955261,1,1,1,1,1,2
1,1,0.5295599,0.7176005,1,1,1,1,1,2
1,1,0.5105261,0.7416164,1,1,1,1,1,2
1,0.823204,0.4921925,0.7676904,1,1,1,1,1,2
1,0.7736055,0.4802215,0.806825,1,0.9954492,1,1,1,2
1,0.7277312,0.4924523,0.8517835,0.9970905,0.9858099,1,1,1,2
1,0.6851681,0.5060846,1,0.984115,0.9765644,1,1,1,2
1,0.6455628,0.5212721,1,0.9716164,0.9677057,1,1,1,2
1,0.608609,0.5381989,1,0.9595801,0.9592273,1,1,1,2
1,0.5740429,0.5570678,1,0.9479924,0.9511235,1,1,1,2
1,0.5416333,0.578124,1,0.9368411,0.9433894,1,1,1,2
1,0.5111784,0.6016645,1,0.9261149,0.936021,1,1,1,2
1,0.4825008,0.6280357,0.930849,0.9158033,0.929015,1,1,1,2
1,0.4554438,0.6576463,0.9173886,0.905897,1,1,1,1,2
1,0.4298685,0.6910067,0.9044248,0.8963874,1,1,1,1,2
1,0.4056517,0.7287245,0.891942,0.8872666,1,1,1,1,2
1,0.3826831,0.7715672,0.8799254,0.8785279,1,1,1,1,2
0.7310885,0.3885303,1,0.8683607,0.8701649,1,1,1,1,2
0.6661607,0.3988886,1,0.857236,0.8621726,1,1,1,1,2
0.6080186,0.4102106,1,0.8465399,0.8545467,1,1,1,1,2
0.5556558,0.4225711,1,0.8362615,0.8472835,1,1,1,1,2
0.508257,0.4360644,1,0.8263912,1,1,1,1,1,2
0.4651524,0.4507868,0.8391447,0.8169201,1,1,1,1,1,2
0.425789,0.4668529,0.8252159,0.8078407,1,1,1,1,1,2
0.3897044,0.4843927,0.8118221,0.7991459,1,1,1,1,1,2
0.3565093,0.5035549,0.7989445,0.7908295,1,1,1,1,1,2
0.3396344,0.5245043,0.7865663,0.782886,1,1,1,1,1,2
0.3477302,0.5474305,0.7746717,0.7753114,1,1,1,1,1,2
0.3564401,0.5725589,0.7632459,0.7681012,1,1,1,1,1,2
0.3657996,0.6001518,0.7522756,1,1,1,1,1,1,2
0.3758436,0.6305088,0.7417483,1,1,1,1,1,1,2
0.386615,0.7559755,0.7316526,1,1,1,1,1,1,2
0.3981567,0.7968723,0.7219786,1,1,1,1,1,1,2
0.4105202,1,0.7127163,1,1,1,1,1,1,2
0.4230087,1,0.7038245,1,1,1,1,1,1,2
0.4359213,1,0.695238,1,1,1,1,1,1,2
0.4492207,1,0.6869127,1,1,1,1,1,1,2
0.4628749,1,0.6788084,1,1,1,1,1,1,2
0.4768459,0.7124345,0.6708888,1,1,1,1,1,1,2
0.4932429,0.6986302,0.6634187,1,1,1,1,1,1,2
0.5100856,0.6855792,1,1,1,1,1,1,1,2
0.5283327,0.6728527,1,1,1,1,1,1,1,2
0.5471895,0.6607505,1,1,1,1,1,1,1,2
0.5666047,0.6492122,1,1,1,1,1,1,1,2
0.5865316,0.6381824,1,1,1,1,1,1,1,2
0.6752743,0.6276103,1,1,1,1,1,1,1,2
0.695647,0.6176866,1,1,1,1,1,1,1,2
0.7162156,0.6080744,1,1,1,1,1,1,1,2
0.7369169,0.5987422,1,1,1,1,1,1,1,2
1,0.5896614,1,1,1,1,1,1,1,1
1,0.5814127,1,1,1,1,1,1,1,1
1,0.5732007,1,1,1,1,1,1,1,1
1,0.565025,1,1,1,1,1,1,1,1
1,0.5568861,1,1,1,1,1,1,1,1
1,0.5487844,1,1,1,1,1,1,1,1
1,0.5407192,1,1,1,1,1,1,1,1
0.6381689,0.5326906,1,1,1,1,1,1,1,2
0.6239364,0.5240263,1,1,1,1,1,1,1,2
0.6101066,0.5155467,1,1,1,1,1,1,1,2
0.5966787,0.5072507,1,1,1,1,1,1,1,2
0.5836504,0.4991364,1,1,1,1,1,1,1,2
0.5710154,0.4952062,1,1,1,1,1,1,1,2
0.5587727,0.6265116,1,1,1,1,1,1,1,2
0.5470787,0.7880102,1,1,1,1,1,1,1,2
0.5358841,1,1,1,1,1,1,1,1,2
0.5251542,1,1,1,1,1,1,1,1,2
0.5146474,1,1,1,1,1,1,1,1,2
0.5043637,1,1,1,1,1,1,1,1,2
0.494303,1,1,1,1,1,1,1,1,2
0.4844644,1,1,1,1,1,1,1,1,2
0.4748458,1,1,1,1,1,1,1,1,2
0.4654452,1,1,1,1,1,1,1,1,2
0.4562599,1,1,1,1,1,1,1,1,2
0.4472861,1,1,1,1,1,1,1,1,2
0.438521,1,1,1,1,1,1,1,1,2
0.4299604,1,1,1,1,1,1,1,1,2
0.4285907,1,1,1,1,1,1,1,1,2
0.4593369,1,1,1,1,1,1,1,1,2
0.490836,1,1,1,1,1,1,1,1,2
0.5229911,1,1,1,1,1,1,1,1,2
0.5556875,1,1,1,1,1,1,1,1,2
0.5888036,1,1,1,1,1,1,1,1,2
0.6222273,1,1,1,1,1,1,1,1,2
0.6558257,1,1,1,1,1,1,1,1,2
0.689471,1,1,1,1,1,1,1,1,2
1,1,1,1,1,1,1,1,1,1
1,1,1,1,1,1,1,1,1,1
1,1,1,1,1,1,1,0.9940364,1,1
1,1,1,1,1,1,1,0.9853884,1,1
1,1,1,1,1,1,1,0.9766492,1,1
1,1,1,1,1,1,1,0.9678242,1,1
1,1,1,1,1,1,1,0.9589192,1,1
1,1,1,1,1,1,1,0.9499373,1,1
1,1,1,1,1,1,1,0.940882,1,1
1,1,1,1,1,1,1,0.9317635,1,1
1,1,1,1,1,1,1,0.9225863,1,1
1,1,1,1,1,1,1,0.9356991,1,1
1,1,1,1,1,1,1,0.9677691,1,1
1,1,1,1,1,1,1,0.995553,1,1
1,1,1,1,1,1,1,1,1,1
1,1,1,1,1,1,1,1,1,1
1,1,1,1,1,1,1,1,1,1
1,1,1,1,1,1,1,1,1,1
1,1,1,1,1,1,1,1,1,1
1,1,1,1,1,1,1,1,1,1
1,1,1,1,1,1,1,1,1,1
1,1,1,1,1,1,1,1,1,1
1,1,1,1,1,1,1,1,1,1
1,1,1,1,1,1,1,1,1,1
1,1,1,1,1,1,1,1,1,1
1,1,1,1,1,1,1,1,1,1
1,1,1,1,1,1,1,1,1,1
1,1,1,1,1,1,1,1,1,1
1,1,1,1,1,1,1,1,1,1
1,1,1,1,1,1,1,1,1,1
1,1,1,1,1,1,1,1,1,1
1,1,1,1,1,1,1,1,1,1
1,1,1,1,1,1,1,1,1,1
1,1,1,1,1,1,1,1,1,1
1,1,1,1,1,1,1,1,1,1
1,1,1,1,1,1,1,1,0.8920368,1
1,1,1,1,1,1,1,1,0.8789514,1
1,1,1,1,1,1,1,1,0.8656766,0
1,1,1,1,1,1,1,1,0.8522256,0
1,1,1,1,1,1,1,1,0.8386197,0
1,1,1,1,1,1,1,1,0.8248736,0
1,1,1,1,1,1,1,1,0.8110064,0
1,1,1,1,1,1,1,1,0.7970388,0
1,1,1,1,1,1,1,1,0.7829952,0
1,1,1,1,1,1,1,1,0.7688934,0
1,1,1,1,1,1,1,1,0.754759,0
1,1,1,1,1,1,1,1,0.7580179,0
1,1,1,1,1,1,1,1,0.7776802,0
1,1,1,1,1,1,1,1,0.7972466,0
1,1,1,1,1,1,1,1,0.8166356,0
1,1,1,1,1,1,1,1,0.8357657,0
1,1,1,1,1,1,1,1,0.8545577,0
1,1,1,1,1,1,1,1,0.8729383,0
1,1,1,1,1,1,1,1,1,1
1,1,1,1,1,1,1,1,1,1
1,1,1,1,1,1,1,1,1,1
1,1,1,1,1,1,1,1,1,1
1,1,1,1,1,1,1,1,1,1
1,1,1,1,0.9902186,1,1,1,1,1
1,1,1,1,0.9804899,1,1,1,1,1
1,1,1,1,0.9710227,1,1,1,1,1
1,0.7692545,1,1,0.9618071,1,1,1,1,1
1,0.7626149,1,1,0.9525886,1,1,1,1,1
1,0.7559733,1,1,0.9435916,1,1,1,1,1
1,0.7493279,1,1,0.9348103,0.9867268,1,1,1,1
1,0.7426859,1,1,0.9266245,0.9706913,1,1,1,1
1,0.7360466,1,1,0.9190952,0.9535349,1,1,1,1
1,0.7294083,1,1,0.9122251,0.935326,1,1,1,0
1,0.722771,1,1,0.9060221,0.9161485,1,1,1,0
1,0.7161355,1,1,0.9004933,0.8961002,1,1,1,0
1,0.7095035,1,1,0.8956463,0.8752896,1,1,1,0
1,0.7028778,1,1,0.8914834,0.8538345,1,1,1,0
1,0.696261,1,1,0.8880105,0.8318574,1,1,1,0
1,0.6896566,1,1,0.8852316,0.8094842,1,1,1,0
1,0.6830674,1,1,0.8831499,0.7868387,1,1,1,0
1,0.6764969,1,1,0.8817617,0.7640425,1,1,1,0
1,0.6699474,1,1,1,0.7554961,1,1,1,0
1,0.6631394,1,1,1,0.7507164,1,1,1,0
1,0.6563039,1,1,1,0.7459806,1,1,1,0
1,0.6494397,1,1,1,0.7412843,1,1,1,0
1,0.6425453,1,1,1,0.7366272,1,1,1,0
1,0.6356197,1,1,1,0.7320012,1,1,1,0
1,0.6286613,1,1,1,0.7274023,1,1,1,0
1,0.6216686,1,1,1,0.7228303,1,1,1,0
1,0.6146406,1,1,1,0.7182773,1,1,1,0
1,0.6075757,1,1,1,0.7137393,1,1,1,0
1,0.6004727,1,1,1,0.7092129,1,1,1,0
1,0.5933301,1,1,1,0.7046942,1,1,1,0
1,0.5861468,1,1,1,0.7001798,0.8001946,1,1,0
1,0.5797508,1,1,1,0.700379,0.7605364,1,1,0
1,0.5734653,1,1,1,0.7015318,0.721521,1,1,0
1,0.5672895,1,1,1,0.7036484,0.6834696,1,1,0
1,0.5612198,1,1,1,0.7067333,0.6466343,1,1,0
1,0.5552487,1,1,1,1,0.6111983,1,1,0
1,0.5480704,1,1,1,1,0.5856155,1,1,0
1,0.5409389,1,1,1,1,0.572732,1,1,0
1,0.5337795,1,1,1,1,0.5697938,1,1,0
1,0.5265319,1,1,1,1,0.5668801,1,1,0
1,0.5191928,0.9355785,1,1,1,0.563979,1,1,0
1,0.5118138,0.9259539,1,1,1,0.5612161,1,1,0
1,0.5043387,0.9164085,1,1,1,0.5584638,1,1,0
1,0.4967636,0.9069356,1,1,1,0.5557157,1,1,0
1,0.4890851,0.897528,1,1,1,0.5529655,1,1,0
1,0.4813001,0.888179,1,1,1,0.5502036,1,1,0
1,0.473406,0.8788818,1,1,1,0.5474211,1,1,0
1,0.4654009,0.8696303,1,1,1,0.5446094,1,1,0
1,0.4572832,0.8604182,1,1,1,0.5417641,1,1,0
1,0.449052,0.85124,1,1,1,0.5388776,1,1,0
1,0.4407069,0.8420901,1,1,1,0.5359431,1,1,0
1,0.4322476,0.8329636,1,1,1,0.5329538,1,1,0
1,0.4236746,0.8238554,1,1,1,0.5299039,1,1,0
1,0.4149891,0.8147615,1,1,1,0.5267917,1,1,0
1,0.4061922,0.8056781,1,1,1,0.5236124,0.5871531,1,0
1,0.4000754,0.7965059,1,1,1,1,0.507677,1,0
1,0.391686,0.7874535,1,1,1,1,0.4579041,1,0
1,0.3834948,0.7784497,1,1,1,1,0.4108293,1,0
1,0.3754615,0.7695187,1,1,1,1,0.4082429,1,0
1,0.3672302,0.7606261,1,1,1,1,0.4057352,1,0
1,0.3587969,0.7517579,1,1,1,1,0.4032992,1,0
1,0.3501587,0.7429012,1,1,1,1,0.4009187,1,0
1,0.3413143,0.7340449,1,1,1,1,0.3985848,1,0
1,0.3322633,0.7251781,1,1,1,1,0.3962892,1,0
1,0.3230072,0.716292,1,1,1,1,0.3940175,1,0
1,0.3135482,0.7073782,1,1,1,1,0.3917657,1,0
1,0.3038899,0.6984298,1,1,1,1,0.3895209,1,0
1,0.2940371,0.6894408,1,1,1,1,0.3872803,1,0
0.4441576,0.2839957,0.6804063,1,1,1,1,0.385032,1,2
0.4179009,0.2705045,0.669756,1,1,1,1,0.3795441,1,2
0.3927129,0.2686036,0.659289,1,1,1,1,0.3740134,1,2
0.3687315,0.2817773,0.6490264,1,1,1,1,0.3684892,1,2
0.3460463,0.2956227,0.6389765,1,1,1,1,0.3630211,1,2
0.3245414,0.3101129,0.6291209,1,1,1,1,0.3576072,1,2
0.3041058,0.3252162,0.6194405,1,1,1,1,0.3522441,0.3380671,0
0.2950182,0.3231271,0.6106728,1,1,1,1,0.3502969,0.3337707,0
0.2850485,0.3216023,0.6019374,1,1,1,1,0.3484274,0.3297533,0
0.2741813,0.3205835,0.5932058,1,1,1,1,1,0.325983,2
0.252988,0.3348403,0.5831314,1,1,1,1,1,0.3228552,2
0.2327918,0.3498027,0.5894231,1,1,1,1,1,0.3196433,2
0.2158135,0.3654209,0.779884,1,1,1,1,1,0.3163407,2
0.2224043,0.3812851,1,1,1,1,1,1,0.3129315,2
0.2289514,0.3967978,1,1,1,1,1,1,0.3093935,2
0.2355245,0.5982792,1,1,1,1,1,1,0.3057467,1
0.241378,0.5869032,1,1,1,1,1,1,0.3018706,1
0.2472628,0.5756687,1,1,1,1,1,1,0.2979486,1
0.2531713,0.5645674,1,1,1,1,1,1,0.293983,1
0.2590958,0.5535913,1,1,1,1,1,1,0.2899766,1
0.2650329,0.5427325,1,1,1,1,1,1,0.2859291,1
0.2709709,0.5319832,1,1,1,1,1,1,0.2818465,1
0.2769067,0.5213361,1,1,1,1,1,1,0.2777288,1
0.2828329,0.5107843,1,1,1,1,1,1,0.2735792,1
0.2887467,0.5003201,1,1,1,1,1,1,0.269398,1
0.2946411,0.4899376,1,1,1,1,1,1,0.2651885,1
0.3005096,0.4796299,1,1,1,1,1,1,0.2609541,1
0.306346,0.4693909,1,1,1,1,1,1,0.2591245,1
0.3121744,0.4591936,1,1,1,1,1,1,0.3089351,1
0.318592,0.448605,1,1,1,1,1,1,0.3541545,2
0.3255866,0.4377264,1,1,1,1,1,1,0.3940852,2
0.5943499,0.4266591,1,1,1,1,1,1,0.4286748,1
0.5812231,0.4169756,1,1,1,1,1,1,0.9532579,2
0.5543603,0.4035373,1,1,1,1,1,1,0.9526715,2
0.5290937,0.3906148,1,1,1,1,1,1,0.9523116,2
0.5052971,0.4038049,1,1,1,1,1,1,0.9521788,2
0.4828569,0.4433571,1,1,1,1,1,1,0.9522744,2
0.4616904,0.4886587,1,1,1,1,1,1,0.9525936,2
0.4419757,0.5396432,1,1,1,1,1,1,0.9529232,2
0.4235693,0.5970148,1,1,1,1,1,1,0.9532127,2
0.4063405,0.6615635,1,1,1,1,1,1,0.9534127,2
0.3901709,0.7341722,1,1,1,1,1,1,0.9534754,2
0.3749532,1,1,1,1,1,1,1,0.9533559,2
0.3610406,1,1,1,1,1,1,1,0.9523324,2
0.3475985,1,1,1,1,1,1,1,0.9513811,2
0.344651,1,1,1,1,1,1,1,0.9504886,2
0.3630758,1,1,1,1,1,1,1,0.9495395,2
0.3820699,1,1,1,1,1,1,1,0.9482931,2
0.4015966,1,1,1,1,1,1,1,0.9467206,2
0.4216007,1,1,1,1,1,1,1,0.9448025,2
0.4420316,1,1,1,1,1,1,1,0.9425147,2
0.4628196,1,1,1,1,1,1,1,0.9398427,2
0.4838942,1,1,1,1,1,1,1,0.936771,2
0.5051789,1,1,1,1,1,1,1,0.933287,2
0.5265969,1,1,1,1,1,1,1,0.9293776,2
0.5480544,1,1,1,1,1,1,1,0.9250388,2
0.569466,1,1,1,1,1,1,1,0.9202632,2
0.5907429,1,1,1,1,1,1,1,0.9150459,2
0.6117821,1,1,1,1,1,1,1,0.9093919,2
0.6324924,1,1,1,1,1,1,1,0.9033018,1
0.6527835,1,1,1,1,1,1,1,0.8967794,1
0.6725603,1,1,1,1,1,1,1,0.8898343,1
1,1,1,1,1,1,1,1,0.8824789,1
1,1,1,1,1,1,1,1,0.871463,0
1,1,1,1,1,1,1,1,0.86034,0
1,1,1,1,1,1,1,1,0.8491229,0
1,1,1,1,1,1,1,1,0.8378255,0
1,1,1,1,1,1,1,1,0.8264657,0
1,1,1,1,1,1,1,1,0.8150551,0
1,1,1,1,1,1,1,1,0.8036084,0
1,1,1,1,1,1,1,1,0.7921416,0
1,1,1,1,1,1,1,1,0.7806742,0
1,1,1,1,1,1,1,1,0.769222,0
1,1,1,1,1,1,1,1,0.7783169,0
1,1,1,1,1,1,1,1,0.8056493,0
1,1,1,1,1,1,1,1,0.8324424,0
1,1,1,1,1,1,1,1,0.8585056,0
1,1,1,1,1,1,1,1,0.8836686,0
1,1,1,1,1,1,1,1,0.9077801,1
1,1,1,1,1,1,1,1,1,1
1,1,1,1,1,1,1,1,1,1
1,1,1,1,1,1,1,1,1,1
1,1,1,1,1,1,1,1,1,1
1,1,1,1,1,1,1,1,1,1
1,1,1,1,1,1,1,1,1,1
1,1,1,1,1,1,1,1,1,1
1,1,1,1,1,1,1,1,1,1
1,1,1,1,1,1,1,1,1,1
1,1,1,1,1,1,1,1,1,1
1,1,1,1,1,1,1,1,1,1
1,1,1,1,1,1,1,1,1,1
1,1,1,1,1,1,1,1,1,1
1,1,1,1,1,1,1,1,1,1
1,1,1,1,1,1,1,1,1,1
1,1,1,1,1,1,1,1,1,1
1,1,1,1,1,1,1,1,1,1
1,1,1,1,1,1,1,1,1,1
1,1,1,1,1,1,1,1,1,1
1,1,1,1,1,1,1,1,1,1
1,1,1,1,1,1,1,1,1,1
1,1,1,1,1,1,1,1,1,1
1,1,1,1,1,1,1,1,1,1
1,1,1,1,1,1,1,1,1,1
1,1,1,1,1,1,1,1,1,1
1,1,1,1,1,1,1,1,1,1
1,1,1,1,1,1,1,1,1,1
1,1,1,1,1,1,1,1,1,1
1,1,1,1,1,1,1,1,1,1
1,1,1,1,1,1,1,1,1,1
1,1,1,1,1,1,1,1,1,1
1,1,1,1,1,1,1,1,1,1
1,1,1,1,1,1,1,1,1,1
1,1,1,1,1,1,1,1,1,1
1,1,1,1,1,1,1,1,1,1
1,1,1,1,1,1,1,1,1,1
1,1,1,1,1,1,1,1,1,1
1,1,1,1,1,1,1,1,1,1
1,1,1,1,1,1,1,1,1,1
1,1,1,1,1,1,1,1,1,1
1,1,1,1,1,1,1,1,1,1
1,1,1,1,1,1,1,1,1,1
1,1,1,1,1,1,1,1,1,1
1,1,1,1,1,1,1,1,1,1
1,1,1,1,1,1,1,1,1,1
1,1,1,1,1,1,1,1,1,1
1,1,1,1,1,1,1,1,1,1
1,1,1,1,1,1,1,1,1,1
1,1,1,1,1,1,1,1,1,1
1,1,1,1,1,1,1,1,1,1
1,1,1,1,1,1,1,1,1,1
1,1,1,1,1,1,1,1,1,1
1,1,1,1,1,1,1,1,1,1
1,1,1,1,1,1,1,1,1,1
1,1,1,1,1,1,1,1,1,1
1,1,1,1,1,1,1,1,1,1
1,1,1,1,1,1,1,1,1,1
1,1,1,1,1,1,1,1,1,1
1,1,1,1,1,1,1,1,1,1
1,1,1,1,1,1,1,1,1,1
1,1,1,1,1,1,1,1,1,1
1,1,1,1,1,1,1,1,1,1
1,1,1,1,1,1,1,1,1,1
1,1,1,1,1,1,1,1,1,1
1,1,1,1,1,1,1,1,1,1
1,1,1,1,1,1,1,1,1,1
1,1,1,1,1,1,1,1,1,1
1,1,1,1,1,1,1,1,1,1
1,1,1,1,1,1,1,1,1,1
1,1,1,1,1,1,1,1,1,1
1,1,1,1,1,1,1,1,1,1
1,1,1,1,1,1,1,1,1,1
1,1,1,1,1,1,1,1,1,1
1,1,1,1,1,1,1,1,1,1
1,1,1,1,1,1,1,1,1,1
1,1,1,1,1,1,1,1,1,1
1,1,1,1,1,1,1,1,1,1
1,1,1,1,1,1,1,1,1,1
1,1,1,1,1,1,1,1,1,1
1,1,1,1,1,1,1,1,1,1
1,1,1,1,1,1,1,1,1,1
1,1,1,1,1,1,1,1,1,1
1,1,1,1,1,1,1,1,1,1
1,1,1,1,1,1,1,1,1,1
1,1,1,1,1,1,1,1,1,1
1,1,1,1,1,1,1,1,1,1
1,1,1,1,1,1,1,1,1,1
1,1,1,1,1,1,1,1,1,1
1,1,1,1,1,1,1,1,1,1
1,1,1,1,1,1,1,1,1,1
1,1,1,1,1,1,1,1,1,1
1,1,1,1,1,1,1,1,1,1
1,1,1,1,1,1,1,1,1,1
1,1,1,1,1,1,1,1,1,1
1,1,1,1,1,1,1,1,1,1
1,1,1,1,1,1,1,1,1,1
1,1,1,1,1,1,1,1,1,1
1,1,1,1,1,1,1,1,1,1
1,1,1,1,1,1,1,1,1,1
1,1,1,1,1,1,1,1,1,1
1,1,1,1,1,1,1,1,1,1
1,1,1,1,1,1,1,1,1,1
1,1,1,1,1,1,1,1,1,1
1,1,1,1,1,1,1,1,1,1
1,1,1,1,1,1,1,1,1,1
1,1,1,1,1,1,1,1,1,1
1,1,1,1,1,1,1,1,1,1
1,1,1,1,1,1,1,1,1,1
1,1,1,1,1,1,1,1,1,1
1,1,1,1,1,1,1,1,1,1
1,1,1,1,1,1,1,1,1,1
1,1,1,1,1,1,1,1,1,1
1,1,1,1,1,1,1,1,1,1
1,1,1,1,1,1,1,1,1,1
1,1,1,1,1,1,1,1,1,1
1,1,1,1,1,1,1,1,1,1
1,1,1,1,1,1,1,1,1,1
1,1,1,1,1,1,1,1,1,1
1,1,1,1,1,1,1,1,1,1
1,1,1,1,1,1,1,1,1,1
1,1,1,1,1,1,1,1,1,1
1,1,1,1,1,1,1,1,1,1
1,1,1,1,1,1,1,1,1,1
1,1,1,1,1,1,1,1,1,1
1,1,1,1,1,1,1,1,1,1
1,1,1,1,1,1,1,1,1,1
1,1,1,1,1,1,1,1,1,1
1,1,1,1,1,1,1,1,1,1
1,1,1,1,1,1,1,1,1,1
1,1,1,1,1,1,1,1,1,1
1,1,1,1,1,1,1,1,1,1
1,1,1,1,1,1,1,1,1,1
1,1,1,1,1,1,1,1,1,1
1,1,1,1,1,1,1,1,1,1
1,1,1,1,1,1,1,1,1,1
1,1,1,1,1,1,1,1,1,1
1,1,1,1,1,1,1,1,1,1
1,1,1,1,1,1,1,1,1,1
1,1,1,1,1,1,1,1,1,1
1,1,1,1,1,1,1,1,1,1
1,1,1,1,1,1,1,1,1,1
1,1,1,1,1,1,1,1,1,1
1,1,1,1,1,1,1,1,1,1
1,1,1,1,1,1,1,1,1,1
1,1,1,1,1,1,1,1,1,1
1,1,1,1,1,1,1,1,1,1
1,1,1,1,1,1,1,1,1,1
1,1,1,1,1,1,1,1,1,1
1,1,1,1,1,1,1,1,1,1
1,1,1,1,1,1,1,1,1,1
1,1,1,1,1,1,1,1,1,1
1,1,1,1,1,1,1,1,1,1
1,1,1,1,1,1,1,1,1,1
1,1,1,1,1,1,1,1,1,1
1,1,1,1,1,1,1,1,1,1
1,1,1,1,1,1,1,1,1,1
1,1,1,1,1,1,1,1,1,1
1,1,1,1,1,1,1,1,1,1
1,1,1,1,1,1,1,1,1,1
1,1,1,1,1,1,1,1,1,1
1,1,1,1,1,1,1,1,1,1
1,1,1,1,1,1,1,1,1,1
1,1,1,1,1,1,1,1,1,1
1,1,1,1,1,1,1,1,1,1
1,1,1,1,1,1,1,1,1,1
1,1,1,1,1,1,1,1,1,1
1,1,1,1,1,1,1,1,1,1
1,1,1,1,1,1,1,1,1,1
1,1,1,1,1,1,1,1,1,1
1,1,1,1,1,1,1,1,1,1
1,1,1,1,1,1,1,1,1,1
1,1,1,1,1,1,1,1,1,1
1,1,1,1,1,1,1,1,1,1
1,1,1,1,1,1,1,1,1,1
1,1,1,1,1,1,1,1,1,1
1,1,1,1,1,1,1,1,1,1
1,1,1,1,1,1,1,1,1,1
1,1,1,1,1,1,1,1,1,1
1,1,1,1,1,1,1,1,1,1
1,1,1,1,1,1,1,1,1,1
1,1,1,1,1,1,1,1,1,1
1,1,1,1,1,1,1,1,1,1
1,1,1,1,1,1,1,1,1,1
1,1,1,1,1,1,1,1,1,1
1,1,1,1,1,1,1,1,1,1
1,1,1,1,1,1,1,1,1,1
1,1,1,1,1,1,1,1,1,1
1,1,1,1,1,1,1,1,1,1
1,1,1,1,1,1,1,1,1,1
1,1,1,1,1,1,1,1,1,1
1,1,1,1,1,1,1,1,1,1
1,1,1,1,1,1,1,1,1,1
1,1,1,1,1,1,1,1,1,1
1,1,1,1,1,1,1,1,1,1
1,1,1,1,1,1,1,1,1,1
1,1,1,1,1,1,1,1,1,1
1,1,1,1,1,1,1,1,1,1
1,1,1,1,1,1,1,1,1,1
1,1,1,1,1,1,1,1,1,1
1,1,1,1,1,1,1,1,1,1
1,1,1,1,1,1,1,1,1,1
1,1,1,1,1,1,1,1,1,1
1,1,1,1,1,1,1,1,1,1
1,1,1,1,1,1,1,1,1,1
1,1,1,1,1,1,1,1,1,1
1,1,1,1,1,1,1,1,1,1
1,1,1,1,1,1,1,1,1,1
1,1,1,1,1,1,1,1,1,1
1,1,1,1,1,1,1,1,1,1
1,1,1,1,1,1,1,1,1,1
1,1,1,1,1,1,1,1,1,1
1,1,1,1,1,1,1,1,1,1
1,1,1,1,1,1,1,1,1,1
1,1,1,1,1,1,1,1,1,1
1,1,1,1,1,1,1,1,1,1
1,1,1,1,1,1,1,1,1,1
1,1,1,1,1,1,1,1,1,1
1,1,1,1,1,1,1,1,1,1
1,1,1,1,1,1,1,1,1,1
1,1,1,1,1,1,1,1,1,1
1,1,1,1,1,1,1,1,1,1
1,1,1,1,1,1,1,1,1,1
1,1,1,1,1,1,1,1,1,1
1,1,1,1,1,1,1,1,1,1
1,1,1,1,1,1,1,1,1,1
1,1,1,1,1,1,1,1,1,1
1,1,1,1,1,1,1,1,1,1
1,1,1,1,1,1,1,1,1,1
1,1,1,1,1,1,1,1,1,1
1,1,1,1,1,1,1,1,1,1
1,1,1,1,1,1,1,1,1,1
1,1,1,1,1,1,1,1,1,1
1,1,1,1,1,1,1,1,1,1
1,1,1,1,1,1,1,1,1,1
1,1,1,1,1,1,1,1,1,1
1,1,1,1,1,1,1,1,1,1
1,1,1,1,1,1,1,1,1,1
1,1,1,1,1,1,1,1,1,1
1,1,1,1,1,1,1,1,1,1
1,1,1,1,1,1,1,1,1,1
1,1,1,1,1,1,1,1,1,1
1,1,1,1,1,1,1,1,1,1
1,1,1,1,1,1,1,1,1,1
1,1,1,1,1,1,1,1,1,1
1,1,1,1,1,1,1,1,1,1
1,1,1,1,1,1,1,1,1,1
1,1,1,1,1,1,1,1,1,1
1,1,1,1,1,1,1,1,1,1
1,1,1,1,1,1,1,1,1,1
1,1,1,1,1,1,1,1,1,1
1,1,1,1,1,1,1,1,1,1
1,1,1,1,1,1,1,1,1,1
1,1,1,1,1,1,1,1,1,1
1,1,1,1,1,1,1,1,1,1
1,1,1,1,1,1,1,1,1,1
1,1,1,1,1,1,1,1,1,1
1,1,1,1,1,1,1,1,1,1
1,1,1,1,1,1,1,1,1,1
1,1,1,1,1,1,1,1,1,1
1,1,1,1,1,1,1,1,1,1
1,1,1,1,1,1,1,1,1,1
1,1,1,1,1,1,1,1,1,1
1,1,1,1,1,1,1,1,1,1
1,1,1,1,1,1,1,1,1,1
1,1,1,1,1,1,1,1,1,1
1,1,1,1,1,1,1,1,1,1
1,1,1,1,1,1,1,1,1,1
1,1,1,1,1,1,1,1,1,1
1,1,1,1,1,1,1,1,1,1
1,1,1,1,1,1,1,1,1,1
1,1,1,1,1,1,1,1,1,1
1,1,1,1,1,1,1,1,1,1
1,1,1,1,1,1,1,1,1,1
1,1,1,1,1,1,1,1,1,1
1,1,1,1,1,1,1,1,1,1
1,1,1,1,1,1,1,1,1,1
1,1,1,1,1,1,1,1,1,1
1,1,1,1,1,1,1,1,1,1
1,1,1,1,1,1,1,1,1,1
1,1,1,1,1,1,1,1,1,1
1,1,1,1,1,1,1,1,1,1
1,1,1,1,1,1,1,1,1,1
1,1,1,1,1,1,1,1,1,1
1,1,1,1,1,1,1,1,1,1
1,1,1,1,1,1,1,1,1,1
1,1,1,1,1,1,1,1,1,1
1,1,1,1,1,1,1,1,1,1
1,1,1,1,1,1,1,1,1,1
1,1,1,1,1,1,1,1,1,1
1,1,1,1,1,1,1,1,1,1
1,1,1,1,1,1,1,1,1,1
1,1,1,1,1,1,1,1,1,1
1,1,1,1,1,1,1,1,1,1
1,1,1,1,1,1,1,1,1,1
1,1,1,1,1,1,1,1,1,1
1,1,1,1,1,1,1,1,1,1
1,1,1,1,1,1,1,1,1,1
1,1,1,1,1,1,1,1,1,1
1,1,1,1,1,1,1,1,1,1
1,1,1,1,1,1,1,1,1,1
1,1,1,1,1,1,1,1,1,1
1,1,1,1,1,1,1,1,1,1
1,1,1,1,1,1,1,1,1,1
1,1,1,1,1,1,1,1,1,1
1,1,1,1,1,1,1,1,1,1
1,1,1,1,1,1,1,1,1,1
1,1,1,1,1,1,1,1,1,1
1,1,1,1,1,1,1,1,1,1
1,1,1,1,1,1,1,1,1,1
1,1,1,1,1,1,1,1,1,1
1,1,1,1,1,1,1,1,1,1
1,1,1,1,1,1,1,1,1,1
1,1,1,1,1,1,1,1,1,1
1,1,1,1,1,1,1,1,1,1
1,1,1,1,1,1,1,1,1,1
1,1,1,1,1,1,1,1,1,1
1,1,1,1,1,1,1,1,1,1
1,1,1,1,1,1,1,1,1,1
1,1,1,1,1,1,1,1,1,1
1,1,1,1,1,1,1,1,1,1
1,1,1,1,1,1,1,1,1,1
1,1,1,1,1,1,1,1,1,1
1,1,1,1,1,1,1,1,1,1
1,1,1,1,1,1,1,1,1,1
1,1,1,1,1,1,1,1,1,1
1,1,1,1,1,1,1,1,1,1
1,1,1,1,1,1,1,1,1,1
1,1,1,1,1,1,1,1,1,1
1,1,1,1,1,1,1,1,1,1
1,1,1,1,1,1,1,1,1,1
1,1,1,1,1,1,1,1,1,1
1,1,1,1,1,1,1,1,1,1
1,1,1,1,1,1,1,1,1,1
1,1,1,1,1,1,1,1,1,1
1,1,1,1,1,1,1,1,1,1
1,1,1,1,1,1,1,1,1,1
1,1,1,1,1,1,1,1,1,1
1,1,1,1,1,1,1,1,1,1
1,1,1,1,1,1,1,1,1,1
1,1,1,1,1,1,1,1,1,1
1,1,1,1,1,1,1,1,1,1
1,1,1,1,1,1,1,1,1,1
1,1,1,1,1,1,1,1,1,1
1,1,1,1,1,1,1,1,1,1
1,1,1,1,1,1,1,1,1,1
1,1,1,1,1,1,1,1,1,1
1,1,1,1,1,1,1,1,1,1
1,1,1,1,1,1,1,1,1,1
1,1,1,1,1,1,1,1,1,1
1,1,1,1,1,1,1,1,1,1
1,1,1,1,1,1,1,1,1,1
1,1,1,1,1,1,1,1,1,1
1,1,1,1,1,1,1,1,1,1
1,1,1,1,1,1,1,1,1,1
1,1,1,1,1,1,1,1,1,1
1,1,1,1,1,1,1,1,1,1
1,1,1,1,1,1,1,1,1,1
1,1,1,1,1,1,1,1,1,1
1,1,1,1,1,1,1,1,1,1
1,1,1,1,1,1,1,1,1,1
1,1,1,1,1,1,1,1,1,1
1,1,1,1,1,1,1,1,1,1
1,1,1,1,1,1,1,1,1,1
1,1,1,1,1,1,1,1,1,1
1,1,1,1,1,1,1,1,1,1
1,1,1,1,1,1,1,1,1,1
1,1,1,1,1,1,1,1,1,1
1,1,1,1,1,1,1,1,1,1
1,1,1,1,1,1,1,1,1,1
1,1,1,1,1,1,1,1,1,1
1,1,1,1,1,1,1,1,1,1
1,1,1,1,1,1,1,1,1,1
1,1,1,1,1,1,1,1,1,1
1,1,1,1,1,1,1,1,1,1
1,1,1,1,1,1,1,1,1,1
1,1,1,1,1,1,1,1,1,1
1,1,1,1,1,1,1,1,1,1
1,1,1,1,1,1,1,1,1,1
1,1,1,1,1,1,1,1,1,1
1,1,1,1,1,1,1,1,1,1
1,1,1,1,1,1,1,1,1,1
1,1,1,1,1,1,1,1,1,1
1,1,1,1,1,1,1,1,1,1
1,1,1,1,1,1,1,1,1,1
1,1,1,1,1,1,1,1,1,1
1,1,1,1,1,1,1,1,1,1
1,1,1,1,1,1,1,1,1,1
1,1,1,1,1,1,1,1,1,1
1,1,1,1,1,1,1,1,1,1
1,1,1,1,1,1,1,1,1,1
1,1,1,1,1,1,1,1,1,1
1,1,1,1,1,1,1,1,1,1
1,1,1,1,1,1,1,1,1,1
1,1,1,1,1,1,1,1,1,1
1,1,1,1,1,1,1,1,1,1
1,1,1,1,1,1,1,1,1,1
1,1,1,1,1,1,1,1,0.9999943,1
1,1,1,1,1,1,1,1,0.961356,1
1,1,1,1,1,1,1,1,0.9173675,1
1,1,1,1,1,1,1,1,0.8681992,0
1,1,1,1,1,1,1,1,0.8637964,0
1,1,1,1,1,1,1,1,0.8653007,0
1,1,1,1,1,1,1,1,0.8668724,0
1,1,1,1,1,1,1,1,0.8685136,0
1,1,1,1,1,1,1,1,0.8702195,0
1,1,1,1,1,1,1,1,0.8719888,0
1,1,1,1,1,1,1,1,0.8738203,0
1,1,1,1,1,1,1,1,0.8757091,0
1,1,1,1,1,1,1,1,0.8776571,0
1,1,1,1,1,1,1,1,0.8796595,0
1,1,1,1,1,1,1,1,0.8817117,0
1,1,1,1,1,1,1,1,1,1
1,1,1,1,1,1,1,1,1,1
1,1,1,1,1,1,1,1,1,1
1,1,1,1,1,1,1,1,1,1
1,1,1,1,1,1,1,1,1,1
1,1,1,1,1,1,1,1,1,1
1,1,1,1,1,1,1,1,1,1
1,1,1,1,1,1,1,1,1,1
1,1,1,1,1,1,1,1,1,1
1,1,1,1,1,1,1,1,1,1
1,1,1,1,1,1,1,1,1,1
1,1,1,1,1,1,1,1,1,1
1,1,1,1,1,1,1,1,1,1
1,1,1,1,1,1,1,1,1,1
1,1,1,1,1,1,1,1,1,1
1,1,1,1,1,1,1,1,1,1
1,1,1,1,1,1,1,1,1,1
1,1,1,1,1,1,1,1,1,1
1,1,1,1,1,1,1,1,1,1
1,1,1,1,1,1,1,1,1,1
1,1,1,1,1,1,1,1,1,1
1,1,1,1,1,1,1,1,1,1
1,1,1,1,1,1,1,1,1,1
1,1,1,1,1,1,1,1,1,1
1,1,1,1,1,1,1,1,1,1
1,1,1,1,1,1,1,1,1,1
1,1,1,1,1,1,1,1,1,1
1,1,1,1,1,1,1,1,1,1
1,1,1,1,1,1,1,1,1,1
1,1,1,1,1,1,1,1,1,1
1,1,1,1,1,1,1,1,1,1
1,1,1,1,1,1,1,1,1,1
1,1,1,1,1,1,1,1,1,1
1,1,1,1,1,1,1,1,1,1
1,1,1,1,1,1,1,1,1,1
1,1,1,1,1,1,1,1,1,1
1,1,1,1,1,1,1,1,1,1
1,1,1,1,1,1,1,1,1,1
1,1,1,1,1,1,1,1,1,1
1,1,1,1,1,1,1,1,1,1
1,1,1,1,1,1,1,1,1,1
1,1,1,1,1,1,1,1,1,1
1,1,1,1,1,1,1,1,1,1
1,1,1,1,1,1,1,1,1,1
1,1,1,1,1,1,1,1,1,1
1,1,1,1,1,1,1,1,1,1
1,1,1,1,1,1,1,1,1,1
1,1,1,1,1,1,1,1,1,1
1,1,1,1,1,1,1,1,1,1
1,1,1,1,1,1,1,1,1,1
1,1,1,1,1,1,1,1,1,1
1,1,1,1,1,1,1,1,1,1
1,1,1,1,1,1,1,1,1,1
1,1,1,1,1,1,1,1,1,1
1,1,1,1,1,1,1,1,1,1
1,1,1,1,1,1,1,1,1,1
1,1,1,1,1,1,1,1,1,1
1,1,1,1,1,1,1,1,1,1
1,1,1,1,1,1,1,1,1,1
1,1,1,1,1,1,1,1,1,1
1,1,1,1,1,1,1,1,1,1
1,1,1,1,1,1,1,1,1,1
1,1,1,1,1,1,1,1,1,1
1,1,1,1,1,1,1,1,1,1
1,1,1,1,1,1,1,1,1,1
1,1,1,1,1,1,1,1,1,1
1,1,1,1,1,1,1,1,1,1
1,1,1,1,1,1,1,1,1,1
1,1,1,1,1,1,1,1,1,1
1,1,1,1,1,1,1,1,1,1
1,1,1,1,1,1,1,1,1,1
1,1,1,1,1,1,1,1,1,1
1,1,1,1,1,1,1,1,1,1
1,1,1,1,1,1,1,1,1,1
1,1,1,1,1,1,1,1,1,1
1,1,1,1,1,1,1,1,1,1
1,1,1,1,1,1,1,1,1,1
1,1,1,1,1,1,1,1,1,1
1,1,1,1,1,1,1,1,1,1
1,1,1,1,1,1,1,1,1,1
1,1,1,1,1,1,1,1,1,1
1,1,1,1,1,1,1,1,1,1
1,1,1,1,1,1,1,1,1,1
1,1,1,1,1,1,1,1,1,1
1,1,1,1,1,1,1,1,1,1
1,1,1,1,1,1,1,1,1,1
1,1,1,1,1,1,1,1,1,1
1,1,1,1,1,1,1,1,1,1
1,1,1,1,1,1,1,1,1,1
1,1,1,1,1,1,1,1,1,1
1,1,1,1,1,1,1,1,1,1
1,1,1,1,1,1,1,1,1,1
1,1,1,1,1,1,1,1,1,1
1,1,1,1,1,1,1,1,1,1
1,1,1,1,1,1,1,1,1,1
1,1,1,1,1,1,1,1,1,1
1,1,1,1,1,1,1,1,1,1
1,1,1,1,1,1,1,1,1,1
1,1,1,1,1,1,1,1,1,1
1,1,1,1,1,1,1,1,1,1
1,1,1,1,1,1,1,1,1,1
1,1,1,1,1,1,1,1,1,1
1,1,1,1,1,1,1,1,1,1
1,1,1,1,1,1,1,1,1,1
1,1,1,1,1,1,1,1,1,1
1,1,1,1,1,1,1,1,1,1
1,1,1,1,1,1,1,1,1,1
1,1,1,1,1,1,1,1,1,1
1,1,1,1,1,1,1,1,1,1
1,1,1,1,1,1,1,1,1,1
1,1,1,1,1,1,1,1,1,1
1,1,1,1,1,1,1,1,1,1
1,1,1,1,1,1,1,1,1,1
1,1,1,1,1,1,1,1,1,1
1,1,1,1,1,1,1,1,1,1
1,1,1,1,1,1,1,1,1,1
1,1,1,1,1,1,1,1,1,1
1,1,1,1,1,1,1,1,1,1
1,1,1,1,1,1,1,1,1,1
1,1,1,1,1,1,1,1,1,1
1,1,1,1,1,1,1,1,1,1
1,1,1,1,1,1,1,1,1,1
1,1,1,1,1,1,1,1,1,1
1,1,1,1,1,1,1,1,1,1
1,1,1,1,1,1,1,1,1,1
1,1,1,1,1,1,1,1,1,1
1,1,1,1,1,1,1,1,1,1
1,1,1,1,1,1,1,1,1,1
1,1,1,1,1,1,1,1,1,1
1,1,1,1,1,1,1,1,1,1
1,1,1,1,1,1,1,1,1,1
1,1,1,1,1,1,1,1,1,1
1,1,1,1,1,1,1,1,1,1
1,1,1,1,1,1,1,1,1,1
1,1,1,1,1,1,1,1,1,1
1,1,1,1,1,1,1,1,1,1
1,1,1,1,1,1,1,1,1,1
1,1,1,1,1,1,1,1,1,1
1,1,1,1,1,1,1,1,1,1
1,1,1,1,1,1,1,1,1,1
1,1,1,1,1,1,1,1,1,1
1,1,1,1,1,1,1,1,1,1
1,0.9911038,1,1,1,1,1,1,1,1
1,0.9752151,1,1,1,1,1,1,1,1
1,0.9702445,1,1,1,1,1,1,1,1
1,0.9710519,1,1,1,1,1,1,1,1
1,0.9718515,1,1,1,1,1,1,1,1
1,0.9726435,1,1,1,1,1,1,1,1
1,0.9734282,1,1,1,1,1,1,1,1
1,0.9742014,1,1,1,1,1,1,1,1
1,0.9749675,1,1,1,1,1,1,1,1
1,0.9757266,1,1,1,1,1,1,1,1
1,0.9764748,1,1,1,1,1,1,1,1
1,0.9772161,1,1,1,1,1,1,1,1
1,0.9779471,1,1,1,1,1,1,1,1
1,0.9786674,1,1,1,1,1,1,1,1
1,0.9793817,1,1,1,1,1,1,1,1
1,1,1,1,1,1,1,1,1,1
1,1,1,1,1,1,1,1,1,1
1,1,1,1,1,1,1,1,1,1
1,1,1,1,1,1,1,1,1,1
1,1,1,1,1,1,1,1,1,1
1,1,1,1,1,1,1,1,1,1
1,1,1,1,1,1,1,1,1,1
1,1,1,1,1,1,1,1,1,1
1,1,1,1,1,1,1,1,1,1
1,1,1,1,1,1,1,1,1,1
1,1,1,1,1,1,1,1,1,1
1,1,1,1,1,1,1,1,1,1
1,1,1,1,1,1,1,1,1,1
1,1,1,1,1,1,1,1,1,1
1,1,1,1,1,1,1,1,1,1
1,1,1,1,1,1,1,1,1,1
1,1,1,1,1,1,1,1,1,1
1,1,1,1,1,1,1,1,1,1
1,1,1,1,1,1,1,1,1,1
1,1,1,1,1,1,1,1,1,1
1,1,1,1,1,1,1,1,1,1
1,1,1,1,1,1,1,1,1,1
1,1,1,1,1,1,1,1,1,1
1,1,1,1,1,1,1,1,1,1
0.9154533,1,1,1,1,1,1,1,1,1
0.8678565,1,1,1,1,1,1,1,1,2
0.8159717,1,1,1,1,1,1,1,1,2
0.7793251,1,1,1,1,1,1,1,1,2
0.7818004,1,1,1,1,1,1,1,1,2
0.7844099,1,1,1,1,1,1,1,1,2
0.7871509,1,1,1,1,1,1,1,1,2
0.7900206,1,1,1,1,1,1,1,1,2
0.7930132,1,1,1,1,1,1,1,1,2
0.7961257,1,1,1,0.9975764,1,1,1,1,2
0.7993494,1,1,1,0.9882426,1,1,1,1,2
0.8026732,1,1,1,0.9789498,1,1,1,1,2
1,1,1,1,0.9696919,1,1,1,1,1
1,1,1,1,0.9596792,0.9924443,1,1,1,1
1,1,1,1,0.9496538,0.9820306,1,1,1,1
1,1,1,1,0.939613,0.9715735,1,1,1,1
1,1,1,1,0.9295575,0.9610745,1,1,1,1
1,1,1,1,0.9194878,0.9505356,1,1,1,1
1,1,1,1,0.9094049,0.9399589,1,1,1,1
1,1,1,1,0.8993095,0.9293464,1,1,1,1
1,1,1,1,0.8892028,0.9187003,1,1,1,1
1,1,1,1,0.8790857,0.9080232,1,1,1,1
1,1,1,1,0.868959,0.8973176,1,1,1,1
1,1,1,1,0.8588241,0.8865859,1,1,1,1
1,1,1,1,0.8486821,0.875831,1,1,1,1
1,1,1,1,0.838534,0.8650554,1,1,1,1
1,1,1,1,0.8283809,0.8542619,1,1,1,1
1,1,1,1,0.8182244,0.8434532,1,1,1,1
1,1,1,1,0.8080654,0.8326324,1,1,1,1
1,1,1,1,0.7979053,0.821802,1,1,1,1
1,1,1,1,0.7877451,0.8109649,1,1,1,1
1,1,1,1,0.7775856,0.8001235,1,1,1,1
1,1,1,1,0.7674283,0.7892807,1,1,1,1
1,1,1,1,0.757274,0.7784388,1,1,1,1
1,1,1,1,0.7471237,0.7676004,1,1,1,1
1,1,1,1,0.7369781,0.7567675,1,1,1,1
1,1,1,1,0.726838,0.7459424,1,1,1,1
1,1,1,1,0.716704,0.7351269,1,1,1,1
1,1,1,1,0.7065766,0.724323,1,1,1,1
1,1,1,1,0.6964567,0.7135326,1,1,1,1
1,1,1,1,0.6863446,0.7027572,1,1,1,1
1,1,1,1,0.6762405,0.6919981,1,1,1,1
1,1,1,1,0.6661446,0.6812567,1,1,1,1
1,1,1,1,0.6560569,0.6705338,1,1,1,1
1,1,1,1,0.6459779,0.6598307,1,1,1,1
1,1,1,1,0.6359074,0.6491481,1,1,1,1
1,1,1,1,0.6258457,0.638487,1,1,1,1
1,1,1,1,0.6157924,0.6278479,1,1,0.9622419,0
1,1,1,1,0.6057295,0.6170448,1,1,0.9015613,0
1,1,1,1,0.595665,0.6060019,1,1,0.8952454,0
1,1,1,1,0.5856339,0.5950112,1,1,0.8969548,0
1,1,1,1,0.5756354,0.5841076,0.6339725,1,0.8987378,0
1,1,1,1,0.5657178,0.5726913,0.6191863,1,0.9022911,0
1,1,1,1,0.5558921,0.5614694,0.6048181,1,0.9060334,0
1,1,1,1,1,0.5504254,0.5908418,1,0.9099379,0
1,1,1,1,1,0.5394914,0.5770447,1,0.9142238,0
1,1,1,1,1,0.5287039,0.5635631,1,0.9187104,0
1,1,1,1,1,0.5180522,0.5503808,1,0.9233766,0
1,1,1,1,1,0.507525,0.5374808,1,0.9282008,0
1,1,1,1,1,0.4971111,0.5248457,1,0.933159,0
1,1,1,1,1,0.4867996,0.5124582,1,0.9382299,0
1,1,1,1,1,0.4765801,0.5003015,1,0.9433905,0
1,1,1,1,1,0.466442,0.4883587,1,0.9486215,0
1,1,1,1,1,0.4563765,0.4766143,1,0.9539009,0
1,1,1,1,1,0.4463744,0.4650528,1,0.9592117,0
1,1,1,1,1,0.4364274,0.4536595,1,0.9645342,0
1,1,1,1,1,0.4265283,0.4424209,1,0.9698535,0
1,1,1,1,1,0.4166702,0.431324,1,1,0
1,1,1,1,1,1,0.420458,1,1,0
1,1,1,1,1,1,0.4096562,1,1,0
1,1,1,1,1,1,0.3989185,1,1,0
1,1,1,1,1,1,0.3882437,1,1,0
1,1,1,1,1,1,0.3776304,0.467987,1,0
1,1,1,1,1,1,0.3659877,0.4486806,1,0
1,1,1,1,1,1,0.3546498,0.4302532,1,0
1,1,1,1,1,1,0.3436001,0.4126536,1,0
1,1,1,1,1,1,0.3328207,0.3958303,1,0
1,1,1,1,1,1,0.3222936,0.3797313,1,0
1,1,1,1,1,1,0.3119997,0.3643051,1,0
1,1,1,1,1,1,0.3019201,0.3495018,1,0
1,1,1,1,1,1,0.3602744,0.3352744,1,0
1,1,1,1,1,1,0.499869,0.3216179,1,0
1,1,1,1,1,1,1,0.3084992,1,0
1,1,1,1,1,1,1,0.2959497,1,0
1,1,1,1,1,1,1,0.2837031,0.4074943,0
1,1,1,1,1,1,1,0.2708029,0.3829551,0
1,1,1,1,1,1,1,0.2583707,0.3599215,0
1,1,1,1,1,1,1,0.2463828,0.3382671,0
1,1,1,1,1,1,1,0.2348162,0.3178783,0
1,1,1,1,1,1,1,0.2236507,0.2986553,0
1,1,1,1,1,1,1,0.2219882,0.2805081,0
1,1,1,1,1,1,1,0.2533233,0.2633561,0
1,1,1,1,1,1,1,0.2896981,0.2471265,0
1,1,1,1,1,1,1,0.3322663,0.2317546,0
1,1,1,1,1,1,1,0.3825665,0.2171805,0
1,1,1,1,1,1,1,0.4426956,0.203351,0
1,1,1,1,1,1,1,1,0.1902175,0
1,1,1,1,1,1,1,1,0.1942543,0
1,1,1,1,1,1,1,1,0.2111024,0
1,1,1,1,1,1,1,1,0.2289579,0
1,1,1,1,1,1,1,1,0.24782,0
1,1,1,1,1,1,1,1,0.2676917,0
1,1,1,1,1,1,1,1,0.2885637,0
1,1,1,1,1,1,1,1,0.3104248,0
1,1,1,1,1,1,1,1,0.3332492,0
1,1,1,1,1,1,1,1,0.3570028,0
1,1,1,1,1,1,1,1,0.3816554,0
1,1,1,1,1,1,1,1,0.4071549,0
1,1,1,1,1,1,1,1,1,1
1,1,1,1,1,1,1,1,1,1
1,1,1,1,1,1,1,1,1,1
1,1,1,1,1,1,1,1,1,1
1,1,1,1,1,1,1,1,1,1
1,1,1,1,1,1,1,1,1,1
1,1,1,1,1,1,1,1,1,1
1,1,1,1,1,1,1,1,1,1
1,1,1,1,1,1,1,1,1,1
1,1,1,1,1,1,1,1,1,1
1,1,1,1,1,1,1,1,1,1
1,1,1,1,1,1,1,1,1,1
1,1,1,1,1,1,1,1,1,1
1,1,1,1,1,1,1,1,1,1
1,1,1,1,1,1,1,1,1,1
1,1,1,1,1,1,1,1,1,1
1,1,1,1,1,1,1,1,1,1
1,1,1,1,1,1,1,1,1,1
1,1,1,1,1,1,1,1,1,1
1,1,1,1,1,1,1,1,1,1
1,1,1,1,1,1,1,1,1,1
1,1,1,1,1,1,1,1,1,1
1,1,1,1,1,1,1,1,1,1
1,1,1,1,1,1,1,1,1,1
1,1,1,1,1,1,1,1,1,1
1,1,1,1,1,1,1,1,1,1
1,1,1,1,1,1,1,1,1,1
1,1,1,1,1,1,1,1,1,1
1,1,1,1,1,1,1,1,1,1
1,1,1,1,1,1,1,1,1,1
1,1,1,1,1,1,1,1,1,1
1,1,1,1,1,1,1,1,1,1
1,1,1,1,1,1,1,1,1,1
1,1,1,1,1,1,1,1,1,1
1,1,1,1,1,1,1,1,1,1
1,1,1,1,1,1,1,1,1,1
1,1,1,1,1,1,1,1,1,1
1,1,1,1,1,1,1,1,1,1
1,1,1,1,1,1,1,1,1,1
1,1,1,1,1,1,1,1,1,1
1,1,1,1,1,1,1,1,1,1
1,1,1,1,1,1,1,1,1,1
1,1,1,1,1,1,1,1,1,1
1,1,1,1,1,1,1,1,1,1
1,1,1,1,1,1,1,1,1,1
1,1,1,1,1,1,1,1,1,1
1,1,1,1,1,1,1,1,1,1
1,1,1,1,1,1,1,1,1,1
1,1,1,1,1,1,1,1,1,1
1,1,1,1,1,1,1,1,1,1
1,1,1,1,1,1,1,1,1,1
1,1,1,1,1,1,1,1,1,1
1,1,1,1,1,1,1,1,1,1
1,1,1,1,1,1,1,1,1,1
1,1,1,1,1,1,1,1,1,1
1,1,1,1,1,1,1,1,1,1
1,1,1,1,1,1,1,1,1,1
1,1,1,1,1,1,1,1,1,1
1,1,1,1,1,1,1,1,1,1
1,1,1,1,1,1,1,1,1,1
1,1,1,1,1,1,1,1,1,1
1,1,1,1,1,1,1,1,1,1
1,1,1,1,1,1,1,1,1,1
1,1,1,1,1,1,1,1,1,1
1,1,1,1,1,1,1,1,1,1
1,1,1,1,1,1,1,1,1,1
1,1,1,1,1,1,1,1,1,1
1,1,1,1,1,1,1,1,1,1
1,1,1,1,1,1,1,1,1,1
1,1,1,1,1,1,1,1,1,1
1,1,1,1,1,1,1,1,1,1
1,1,1,1,1,1,1,1,1,1
1,1,1,1,1,1,1,1,1,1
1,1,1,1,1,1,1,1,1,1
1,1,1,1,1,1,1,1,1,1
1,1,1,0.997879,1,1,1,1,1,1
1,1,1,0.9891301,1,1,1,1,1,1
1,1,1,0.9805666,1,1,1,1,1,1
1,1,1,0.9721872,1,1,1,1,1,1
1,1,1,0.9639843,1,1,1,1,1,1
1,1,0.9911503,0.955954,1,1,1,1,1,1
1,1,0.9613674,0.9482994,1,1,1,1,1,1
1,1,0.9273254,0.941507,1,1,1,1,1,2
1,1,0.8892369,0.9356709,1,1,1,1,1,2
1,1,0.8475384,0.9308893,1,1,1,1,1,2
1,1,0.8183287,0.9272639,1,1,1,1,1,2
1,1,0.8133057,0.9245156,1,1,1,1,1,2
1,1,0.8084739,0.9220647,1,1,1,1,1,2
1,1,0.8038319,0.9199077,1,1,1,1,1,2
1,1,0.7993845,0.9180481,1,1,1,1,1,2
1,1,0.7951299,0.9164819,1,1,1,1,1,2
1,1,0.7910656,0.9152042,1,1,1,1,1,2
1,1,0.7871956,0.9142187,1,1,1,1,1,2
1,1,0.7835132,0.9135159,1,1,1,1,1,2
1,1,0.7800219,0.9130989,1,1,1,1,1,2
1,1,0.7767177,1,1,1,1,1,1,2
1,1,0.772572,1,1,1,1,1,1,2
1,1,0.7685694,1,1,1,1,1,1,2
1,1,0.7647094,1,1,1,1,1,1,2
1,1,0.7609917,1,1,1,1,1,1,2
1,1,0.757419,1,1,1,1,1,1,2
1,1,0.7539942,1,1,1,1,1,1,2
1,1,0.750713,1,1,1,1,1,1,2
1,1,0.7475814,1,1,1,1,1,1,2
1,1,0.7445954,1,1,1,1,1,1,2
1,1,0.7417573,1,1,1,1,1,1,2
1,1,0.7390663,1,1,1,1,1,1,2
1,0.8683978,0.7365247,1,1,1,1,1,1,2
1,0.6680362,0.7366012,1,1,1,1,1,1,2
1,0.6304478,0.7398006,1,1,1,1,1,1,2
1,0.6269996,0.743627,1,1,1,1,1,1,2
1,0.6239883,0.7481107,1,1,1,1,1,1,2
1,0.6214136,1,1,1,1,1,1,1,2
1,0.618529,1,1,1,1,1,1,1,2
1,0.6159264,1,1,1,1,1,1,1,2
1,0.613609,1,1,1,1,1,1,1,2
1,0.6115797,1,1,1,1,1,1,1,2
1,0.6098349,1,1,1,1,1,1,1,2
1,0.6083771,1,1,1,0.9949167,1,1,1,2
1,0.6072182,1,1,1,0.9817678,1,1,1,2
1,0.6063723,1,1,1,0.9688771,1,1,1,2
1,0.6058408,1,1,1,0.9562466,1,1,1,2
0.5715637,0.6056213,1,1,0.9894029,0.9693791,1,1,1,2
0.5673875,0.6069232,1,1,0.972106,1,1,1,1,2
0.5636732,0.6087326,1,1,0.9554095,1,1,1,1,2
0.5604118,0.6110592,1,1,0.9392867,1,1,1,1,2
0.5576009,0.613921,1,1,0.9237121,1,1,1,1,2
0.5552397,0.6173379,1,1,0.9086629,1,1,1,1,2
0.5533221,1,1,1,0.8941177,1,1,1,1,2
0.551797,1,1,0.9278594,0.880288,1,1,1,1,2
0.5507418,1,1,0.9098988,0.8666759,1,1,1,1,2
0.5501325,1,1,0.8925533,0.9089909,1,1,1,1,2
0.549966,1,1,0.8758402,1,1,1,1,1,2
0.5502015,1,1,0.8598426,1,1,1,1,1,2
0.5508736,1,1,0.8443637,1,1,1,1,1,2
0.5519851,1,1,0.8293969,1,1,1,1,1,2
0.5535308,1,1,0.8149309,1,1,1,1,1,2
0.5555073,1,1,0.8009512,1,1,1,1,1,2
0.5579067,1,1,0.7874401,1,1,1,1,1,2
0.5607229,1,1,0.8120463,1,1,1,1,1,2
1,1,0.8234457,0.9116653,1,1,1,1,1,1
1,1,0.8112196,0.9342695,1,1,1,1,1,1
1,1,0.7990346,1,1,1,1,1,1,1
1,1,0.786981,1,1,1,1,1,1,1
1,1,0.7749147,1,1,1,1,1,1,1
1,1,0.762841,1,1,1,1,1,1,1
1,1,0.7507654,1,1,1,1,1,1,1
1,1,0.7386932,1,1,1,1,1,1,1
1,1,0.7266294,1,1,1,1,1,1,2
1,1,0.7145789,1,1,1,1,1,1,2
1,1,0.7025464,1,1,1,1,1,1,2
1,1,0.6905365,1,1,1,1,1,1,2
1,1,0.6785537,1,1,1,1,1,1,2
1,1,0.666602,1,1,1,1,1,1,2
1,1,0.6546857,1,1,1,1,1,1,2
1,1,0.6428081,1,1,1,1,1,1,2
1,1,0.6309726,1,1,1,1,1,1,2
1,1,0.6191825,1,1,1,1,1,1,2
1,1,0.6074408,1,1,1,1,1,1,2
1,1,0.5957498,1,1,1,1,1,1,2
1,1,0.5841122,1,1,1,1,1,1,2
1,1,0.57253,1,1,1,1,1,1,2
1,1,0.5610048,1,1,1,1,1,1,2
1,1,0.5495384,1,1,1,1,1,1,2
1,1,0.5381319,1,1,1,1,1,1,2
1,1,0.5437443,1,1,1,1,1,1,2
1,1,0.5587633,1,1,1,1,1,1,2
1,1,0.5740009,1,1,1,1,1,1,2
1,1,0.5894407,1,1,1,1,1,1,2
1,1,0.6050434,1,1,1,1,1,1,2
1,1,0.6207902,1,1,1,1,1,1,2
1,1,0.6366502,1,1,1,1,1,1,1
1,0.5687191,0.6525916,1,1,1,1,1,1,2
1,0.5487203,1,1,1,1,1,1,1,2
1,0.5308644,1,1,1,1,1,1,1,2
1,0.513338,1,1,1,1,1,1,1,2
1,0.4961558,1,1,1,1,1,1,1,2
1,0.4793288,1,1,1,1,1,1,1,2
1,0.4628646,1,1,1,1,1,1,1,2
1,0.4467684,1,1,1,1,1,1,1,2
1,0.4310423,1,1,1,1,1,1,1,2
1,0.4156864,1,1,1,1,1,1,1,2
1,0.4006984,1,1,1,1,1,1,1,2
1,0.3860739,1,1,1,1,1,1,1,2
1,0.3901844,1,1,1,1,1,1,1,2
1,0.4055758,1,1,1,1,1,1,1,2
1,0.4215273,1,1,1,1,1,1,1,2
0.4932907,0.438025,1,1,1,1,1,1,1,2
0.4642755,0.4634528,1,1,1,1,1,1,1,2
0.4371468,0.4916277,1,1,1,1,1,1,1,2
0.4117348,1,1,1,1,1,1,1,1,2
0.3887607,1,1,1,1,1,1,1,1,2
0.3668691,1,1,1,1,1,0.9888735,1,1,2
0.3461775,1,1,1,1,1,0.9683245,1,1,2
0.3372691,1,1,1,1,1,0.9488034,1,1,2
0.3504636,1,1,1,1,1,0.9304552,1,1,2
0.3639506,1,1,1,1,1,0.9135562,1,1,2
0.3776742,1,1,1,1,1,0.8979144,1,1,2
0.3915851,1,1,1,1,1,0.8833631,1,1,2
0.4056235,1,1,1,1,1,0.8697685,1,1,2
0.4197425,1,1,1,1,1,0.8570088,1,1,2
0.4338854,1,1,1,1,1,0.844987,1,1,2
0.4480001,1,1,1,1,1,0.8336185,1,1,2
1,1,1,1,1,1,0.822831,1,1,0
1,1,1,1,1,0.9999424,0.8191673,1,1,0
1,1,1,1,1,0.9983781,0.815627,1,1,0
1,1,1,1,1,0.9970663,0.8122301,1,1,0
1,1,1,1,1,0.996003,0.8089758,1,1,0
1,1,1,1,1,0.9951798,0.8058593,1,1,0
1,1,1,1,1,0.9945893,0.8028763,1,1,0
1,1,1,1,1,0.9942281,0.8000258,1,1,0
1,1,1,1,1,0.9940886,0.7973036,1,1,0
1,1,1,1,1,1,0.794705,1,1,0
1,1,1,1,1,1,0.792141,1,1,0
1,1,1,1,1,1,0.7896969,1,1,0
1,1,1,1,1,1,0.7873753,1,1,0
1,1,1,1,1,1,0.7851748,1,1,0
1,1,1,1,1,1,0.7830945,1,1,0
1,1,1,1,1,1,0.7811328,1,1,0
1,1,1,1,1,1,0.7792887,1,1,0
1,1,1,1,1,1,0.7775646,1,1,0
1,1,1,1,1,1,0.7759556,0.947845,1,0
1,1,1,1,1,1,0.7757403,0.863086,1,0
1,1,1,1,1,1,0.7778009,0.7736839,1,0
1,1,1,1,1,1,0.7824184,0.6839355,1,0
1,1,1,1,1,1,0.7898326,0.6265272,1,0
1,1,1,1,1,1,0.7987644,0.6259924,1,0
1,1,1,1,1,1,0.808647,0.6259288,1,0
1,1,1,1,1,1,0.8194879,0.6263291,1,0
1,1,1,1,1,1,1,0.6270849,1,0
1,1,1,1,1,1,1,0.6269291,1,0
1,1,1,1,1,1,1,0.6270373,1,0
1,1,1,1,1,1,1,0.6274081,1,0
1,1,1,1,1,1,1,0.6280397,1,0
1,1,1,1,1,1,1,0.6289301,1,0
1,1,1,1,1,1,1,0.6300775,1,0
1,1,1,1,1,1,1,0.6314796,1,0
1,1,1,1,1,1,1,0.6331309,1,0
1,1,1,1,1,1,1,0.635029,0.8427421,0
1,1,1,1,1,1,1,0.6394855,0.5641494,0
1,1,1,1,1,1,1,0.6448122,0.5631148,0
1,1,1,1,1,1,1,0.6507939,0.5625329,0
1,1,1,1,1,1,1,0.657456,0.5624018,0
1,1,1,1,1,1,1,0.6648339,0.562727,0
1,1,1,1,1,1,1,0.6729662,0.5635151,0
1,1,1,1,1,1,1,0.6818883,0.5647677,0
1,1,1,1,1,1,1,1,0.5664907,0
1,1,1,1,1,1,1,1,0.5682555,0
1,1,1,1,1,1,1,1,0.5703747,0
1,1,1,1,1,1,1,1,0.5728496,0
1,1,1,1,1,1,1,1,0.575672,0
1,1,1,1,1,1,1,1,0.5788399,0
1,1,1,1,1,1,1,1,0.5823509,0
1,1,1,1,1,1,1,1,0.5861961,0
1,1,1,1,1,1,1,1,0.5903722,0
1,1,1,1,1,1,1,1,0.5948732,0
1,1,1,1,1,1,1,1,0.5996919,0
1,1,1,1,1,1,1,1,0.604818,0
1,1,1,1,1,1,1,1,0.6102473,0
1,1,1,1,1,1,1,1,0.6159717,0
1,1,1,1,1,1,1,1,0.6219797,0
1,1,1,1,1,1,1,1,1,1
1,1,1,1,1,1,1,1,1,1
1,1,1,1,1,1,1,1,1,1
1,1,1,1,1,1,1,1,1,1
1,1,1,1,1,1,1,1,1,1
1,1,1,1,1,1,1,1,1,1
1,1,1,1,1,1,1,1,1,1
1,1,1,1,1,1,1,1,1,1
1,1,1,1,1,1,1,1,1,1
1,1,1,1,1,1,1,1,1,1
1,1,1,1,1,1,1,1,1,1
1,1,1,1,1,1,1,1,1,1
1,1,1,1,1,1,1,1,1,1
1,1,1,1,1,1,1,1,1,1
1,1,1,1,1,1,1,1,1,1
1,1,1,1,1,1,1,1,1,1
1,1,1,1,1,1,1,1,1,1
1,1,1,1,1,1,1,1,1,1
1,1,1,1,1,1,1,1,1,1
1,1,1,1,1,1,1,1,1,1
1,1,1,1,1,1,1,1,1,1
1,1,1,1,1,1,1,1,1,1
1,1,1,1,1,1,1,1,1,1
1,1,1,1,1,1,1,1,1,1
1,1,1,1,1,1,1,1,1,1
1,1,1,1,1,1,1,1,1,1
1,1,1,1,1,1,1,1,1,1
1,1,1,1,1,1,1,1,1,1
1,1,1,1,1,1,1,1,1,1
1,1,1,1,1,1,1,1,1,1
1,1,1,1,1,1,1,1,1,1
1,1,1,1,1,1,1,1,1,1
1,1,1,1,1,1,1,1,1,1
1,1,1,1,1,1,1,1,1,1
1,1,1,1,1,1,1,1,1,1
1,1,1,1,1,1,1,1,1,1
1,1,1,1,1,1,1,1,1,1
1,1,1,1,1,1,1,1,1,1
1,1,1,1,1,1,1,1,1,1
1,1,1,1,1,1,1,1,1,1
1,1,1,1,1,1,1,1,1,1
1,1,1,1,1,1,1,1,1,1
1,1,1,1,1,1,1,1,1,1
1,1,1,1,1,1,1,1,1,1
1,1,1,1,1,1,1,1,1,1
1,1,1,1,1,1,1,1,1,1
1,1,1,1,1,1,1,1,1,1
1,1,1,1,1,1,1,1,1,1
1,1,1,1,1,1,1,1,1,1
1,1,1,1,1,1,1,1,1,1
1,1,1,1,1,1,1,1,1,1
1,1,1,1,1,1,1,1,1,1
1,1,1,1,1,1,1,1,1,1
1,1,1,1,1,1,1,1,1,1
1,1,1,1,1,1,1,1,1,1
1,1,1,1,1,1,1,1,1,1
1,1,1,1,1,1,1,1,1,1
1,1,1,1,1,1,1,1,1,1
1,1,1,1,1,1,1,1,1,1
1,1,1,1,1,1,1,1,1,1
1,1,1,1,1,1,1,1,1,1
1,1,1,1,1,1,1,1,0.9782547,1
1,1,1,1,1,1,1,1,0.9365436,1
1,1,1,1,1,1,1,1,0.889545,0
1,1,1,1,1,1,1,1,0.8376392,0
1,1,1,1,1,1,1,1,0.8320562,0
1,1,1,1,1,1,1,1,0.8338975,0
1,1,1,1,1,1,1,1,0.8358294,0
1,1,1,1,1,1,1,1,0.8378534,0
1,1,1,1,1,1,1,1,0.8399645,0
1,1,1,1,1,1,1,1,0.8421608,0
1,1,1,1,1,1,1,1,0.8444403,0
1,1,1,1,1,1,1,1,0.8467978,0
1,1,1,1,1,1,1,1,0.8492314,0
1,1,1,1,1,1,1,1,0.851739,0
1,1,1,1,1,1,1,1,0.8543156,0
1,1,1,1,1,1,1,1,0.8569587,0
1,1,1,1,1,1,1,1,0.8596632,0
1,1,1,1,1,1,1,1,0.8624271,0
1,1,1,1,1,1,1,1,0.8652481,0
1,1,1,1,1,1,1,1,0.8681211,0
1,1,1,1,1,1,1,1,0.8710439,0
1,1,1,1,1,1,1,1,0.874011,0
1,1,1,1,1,1,1,1,0.8770207,0
1,1,1,1,1,1,1,1,0.8800672,0
1,1,1,1,1,1,1,1,0.8831523,0
1,1,1,1,1,1,1,1,0.8862671,0
1,1,1,1,1,1,1,1,0.889413,0
1,1,1,1,1,1,1,1,0.8925813,1
1,1,1,1,1,1,1,1,0.8957741,1
1,1,1,1,1,1,1,1,0.9501848,1
1,1,1,1,1,1,1,1,0.9526504,1
1,1,1,1,1,1,1,1,0.9551031,1
1,1,1,1,1,1,1,1,0.9575391,1
1,1,1,1,1,1,1,1,0.9599611,1
1,1,1,1,1,1,1,1,0.9623653,1
1,1,1,1,1,1,1,1,0.964748,1
1,1,1,1,1,1,1,1,0.9671124,1
1,1,1,1,1,1,1,1,0.9694549,1
1,1,1,1,1,1,1,1,0.9717717,1
1,1,1,1,1,1,1,1,0.9740664,1
1,1,1,1,1,1,1,1,0.9763349,1
1,1,1,1,1,1,1,1,0.9785779,1
1,1,1,1,1,1,1,1,0.9807948,1
1,1,1,1,1,1,1,1,0.9829823,1
1,1,1,1,1,1,1,1,0.9851407,1
1,1,1,1,1,1,1,1,1,1
1,1,1,1,1,1,1,1,1,1
1,1,1,1,1,1,1,1,1,1
1,1,1,1,1,1,1,1,1,1
1,1,1,1,1,1,1,1,1,1
1,1,1,1,1,1,1,1,1,1
1,1,1,1,1,1,1,1,1,1
1,1,1,1,1,1,1,1,1,1
1,1,1,1,1,1,1,1,1,1
1,1,1,1,1,1,1,1,1,1
1,1,1,1,1,1,1,1,1,1
1,1,1,1,1,1,1,1,1,1
1,1,1,1,1,1,1,1,1,1
1,1,1,1,1,1,1,1,1,1
1,1,1,1,1,1,1,1,1,1
1,1,1,1,1,1,1,1,1,1
1,1,1,1,1,1,1,1,1,1
1,1,1,1,1,1,1,1,1,1
1,1,1,1,1,1,1,1,1,1
1,1,1,1,1,1,1,1,1,1
1,1,1,1,1,1,1,1,1,1
1,1,1,1,1,1,1,1,1,1
1,1,1,1,1,1,1,1,1,1
1,1,1,1,1,1,1,1,1,1
1,1,1,1,1,1,1,1,1,1
1,1,1,1,1,1,1,1,1,1
1,1,1,1,1,1,1,1,1,1
1,1,1,1,1,1,1,1,1,1
1,1,1,1,1,1,1,0.838805,1,0
1,1,1,1,1,1,1,0.822885,1,0
1,1,1,1,1,1,1,0.8068357,1,0
1,1,1,1,1,1,1,0.7906816,1,0
1,1,1,1,1,1,1,0.7744489,1,0
1,1,1,1,1,1,1,0.758163,1,0
1,1,1,1,1,1,1,0.7418496,1,0
1,1,1,1,1,1,1,0.7255342,1,0
1,1,1,1,1,1,1,0.7092417,1,0
1,1,1,1,1,1,1,0.6929968,1,0
1,1,1,1,1,1,1,0.6768224,1,0
1,1,1,1,1,1,1,0.6607405,1,0
1,1,1,1,1,1,1,0.644772,1,0
1,1,1,1,1,1,1,0.6518105,1,0
1,1,1,1,1,1,1,0.6642898,1,0
1,1,1,1,1,1,1,0.6768628,1,0
1,1,1,1,1,1,1,0.6895098,1,0
1,1,1,1,1,1,1,0.7022107,1,0
1,1,1,1,1,1,1,0.7149451,1,0
1,1,1,1,1,1,1,0.7276872,1,0
1,1,1,1,1,1,1,0.7404164,1,0
1,1,1,1,1,1,1,1,1,1
1,1,1,1,1,1,1,1,1,1
1,1,1,1,1,1,1,1,1,1
1,1,1,1,1,1,1,1,1,1
1,1,1,1,1,1,1,1,1,1
1,1,1,1,1,1,1,1,0.7151767,0
1,1,1,1,1,1,1,1,0.6871982,0
1,1,1,1,1,1,1,1,0.6592963,0
1,1,1,1,1,1,1,1,0.631618,0
1,1,1,1,1,1,1,1,0.6043006,0
1,1,1,1,1,1,1,1,0.5774671,0
1,1,1,1,1,1,1,1,0.5512264,0
1,1,1,1,1,1,1,1,0.5578975,0
1,1,1,1,1,1,1,1,0.5695938,0
1,1,1,1,1,1,1,1,0.581592,0
1,1,1,1,1,1,1,1,0.5938724,0
1,1,1,1,1,1,1,1,0.6064134,0
1,1,1,1,1,1,1,1,0.6191924,0
1,1,1,1,1,1,1,1,0.6321902,0
1,1,1,1,1,1,1,1,0.6453824,0
1,1,1,1,1,1,1,1,1,1
1,1,1,1,1,1,1,1,1,1
1,1,1,1,1,1,1,1,1,1
1,1,1,1,1,1,1,1,1,1
1,1,1,1,1,1,1,1,1,1
1,1,1,1,1,1,1,1,1,1
1,1,1,1,1,1,1,1,1,1
1,1,1,1,1,1,1,1,1,1
1,1,1,1,1,1,1,1,1,1
1,1,1,1,1,1,1,1,1,1
1,1,1,1,1,1,1,1,1,1
1,1,1,1,1,1,1,1,1,1
1,1,1,1,1,1,1,1,1,1
1,1,1,1,1,1,1,1,1,1
1,1,1,1,1,1,1,1,1,1
1,1,1,1,1,1,1,1,1,1
1,1,1,1,1,1,1,1,1,1
1,1,1,1,1,1,1,1,1,1
1,1,1,1,1,1,1,1,1,1
1,1,1,1,1,1,1,1,1,1
1,1,1,1,1,1,1,1,1,1
1,1,1,1,1,1,1,1,1,1
1,1,1,1,1,1,1,1,1,1
1,1,1,1,1,1,1,1,1,1
1,1,1,1,1,1,1,1,1,1
1,1,1,1,1,1,1,1,1,1
1,1,1,1,1,1,1,1,1,1
1,1,1,1,1,1,1,1,1,1
1,1,1,1,1,1,1,1,1,1
1,1,1,1,1,1,1,1,1,1
1,1,1,1,1,1,1,1,1,1
1,1,1,1,1,1,1,1,1,1
1,1,1,1,1,1,1,1,1,1
1,1,1,1,1,1,1,1,1,1
1,1,1,1,1,1,1,1,1,1
1,1,1,1,1,1,1,1,1,1
1,1,1,1,1,1,1,1,1,1
1,1,1,1,1,1,1,1,1,1
1,1,1,1,1,1,1,1,1,1
1,1,1,1,1,1,1,1,1,1
1,1,1,1,1,1,1,1,1,1
1,1,1,1,1,1,1,1,1,1
1,1,1,1,1,1,1,1,1,1
1,1,1,1,1,1,1,1,1,1
1,1,1,1,1,1,1,1,1,1
1,1,1,1,1,1,1,1,1,1
1,1,1,1,1,1,1,1,1,1
1,1,1,1,1,1,1,1,1,1
1,1,1,1,1,1,1,1,1,1
1,1,1,1,1,1,1,1,1,1
1,1,1,1,1,1,1,1,1,1
1,1,1,1,1,1,1,1,1,1
1,1,1,1,1,1,1,1,1,1
1,1,1,1,1,1,1,1,1,1
1,1,1,1,1,1,1,1,1,1
1,1,1,1,1,1,1,1,1,1
1,1,1,1,1,1,1,1,1,1
1,1,1,1,1,1,1,1,1,1
1,1,1,1,1,1,1,1,1,1
1,1,1,1,1,1,1,1,1,1
1,1,1,1,1,1,1,1,1,1
1,1,1,1,1,1,1,1,1,1
1,1,1,1,1,1,1,1,1,1
1,1,1,1,1,1,1,1,1,1
1,1,1,1,1,1,1,1,1,1
1,1,1,1,1,1,1,1,1,1
1,1,1,1,1,1,1,1,1,1
1,1,1,1,1,1,1,1,1,1
1,1,1,1,1,1,1,1,1,1
1,1,1,1,1,1,1,1,1,1
1,1,1,1,1,1,1,1,1,1
1,1,1,1,1,1,1,1,1,1
1,1,1,1,1,1,1,1,1,1
1,1,1,1,1,1,1,1,1,1
1,1,1,1,1,1,1,1,1,1
1,1,1,1,1,1,1,1,1,1
1,1,1,1,1,1,1,1,1,1
1,1,1,1,1,1,1,1,1,1
1,1,1,1,1,1,1,1,1,1
1,1,1,1,1,1,1,1,1,1
1,1,1,1,1,1,1,1,1,1
1,1,1,1,1,1,1,1,1,1
1,1,1,1,1,1,1,1,1,1
1,1,1,1,1,1,1,1,1,1
1,1,1,1,1,1,1,1,1,1
1,1,1,1,1,1,1,1,1,1
1,1,1,1,1,1,1,1,1,1
0.9987689,1,1,1,1,1,1,1,1,1
0.9937874,1,1,1,1,1,1,1,1,1
0.9887598,1,1,1,1,1,1,1,1,1
0.9836866,1,1,1,1,1,1,1,1,1
0.9785716,1,1,1,1,1,1,1,1,1
0.9734186,1,1,1,1,1,1,1,1,1
0.9682285,1,1,1,1,1,1,1,1,1
0.9630057,1,1,1,1,1,1,1,1,1
0.9577513,1,1,1,1,1,1,1,1,1
0.9524699,1,1,1,1,1,1,1,1,1
0.947163,1,1,1,1,1,1,1,1,1
0.9418386,1,1,1,1,1,1,1,1,1
0.9855574,1,1,1,1,1,1,1,1,1
1,1,1,1,1,1,1,1,1,1
1,1,1,1,1,1,1,1,1,1
1,1,1,1,1,1,1,1,1,1
1,1,1,1,1,1,1,1,1,1
1,1,1,1,1,1,1,1,1,1
1,1,1,1,1,1,1,1,1,1
1,1,1,1,1,1,1,1,1,1
1,1,1,1,1,1,1,1,1,1
1,1,1,1,1,1,1,1,1,1
1,1,1,1,1,1,1,1,1,1
1,1,1,1,1,1,1,1,1,1
1,1,1,1,1,1,1,1,1,1
1,1,1,1,1,1,1,1,1,1
1,1,1,1,1,1,1,1,1,1
1,1,1,1,1,1,1,1,1,1
1,1,1,1,1,1,1,1,1,1
1,1,1,1,1,1,1,1,1,1
1,1,1,1,1,1,1,1,1,1
1,1,1,1,1,1,1,1,1,1
1,1,1,1,1,1,1,1,1,1
1,1,1,1,1,1,1,1,1,1
1,1,1,1,1,1,1,1,1,1
1,1,1,1,1,1,1,1,1,1
1,1,1,1,1,1,1,1,1,1
1,1,1,1,1,1,1,1,1,1
1,1,1,1,1,1,1,1,1,1
1,1,1,1,1,1,1,1,1,1
1,1,1,1,1,1,1,1,1,1
1,1,1,1,1,1,1,1,1,1
1,1,1,1,1,1,1,1,1,1
1,1,1,1,1,1,1,1,1,1
1,1,1,1,1,1,1,1,1,1
1,1,1,1,1,1,1,1,1,1
1,1,1,1,1,1,1,1,1,1
1,1,1,1,1,1,1,1,0.9903089,1
1,1,0.9992546,1,1,1,1,1,0.9848234,1
1,1,0.9851606,1,1,1,1,1,0.9916573,1
1,1,0.9762944,1,1,1,1,1,0.9978577,1
1,1,0.9709548,1,1,1,1,1,1,1
1,1,0.9657993,1,1,1,1,1,1,1
1,1,0.9607733,1,1,1,1,1,1,1
1,1,0.9558765,1,1,1,1,1,1,1
1,1,0.9511042,1,1,1,1,1,1,1
1,1,0.9464563,1,1,1,1,1,1,1
1,1,0.9419287,1,1,1,1,1,1,1
1,1,0.9375218,1,1,1,1,1,1,1
1,1,0.933232,1,1,1,1,1,1,1
1,1,0.9290557,1,1,1,1,1,1,1
1,1,0.9249939,1,1,1,1,1,1,1
1,1,0.9210432,1,1,1,1,1,1,1
1,1,0.9172045,1,1,1,1,1,1,1
1,1,0.913475,1,1,1,1,1,1,1
1,1,0.9098521,1,1,1,1,1,1,1
1,1,0.9063369,1,1,1,1,1,1,1
1,1,0.902927,1,1,1,1,1,1,1
1,1,0.8996197,1,1,1,1,1,1,1
1,1,0.8964168,1,1,1,1,1,1,1
1,1,0.8933159,1,1,1,1,1,1,1
1,1,0.8903149,1,1,1,1,1,1,1
1,1,0.8874114,1,1,1,1,1,1,1
1,1,0.8846076,1,1,1,1,1,1,1
1,1,0.8819013,1,1,1,1,1,1,1
1,1,0.8792904,1,1,1,1,1,1,1
1,1,0.8767772,1,1,1,1,1,1,1
1,1,0.8743557,1,1,1,1,1,1,1
1,1,0.8720282,1,1,1,1,1,1,1
1,1,0.8697928,1,1,1,1,1,1,1
1,1,0.8676521,1,1,1,1,1,1,1
1,1,0.8655999,1,1,1,1,1,1,2
1,1,0.863639,1,1,1,1,1,1,2
1,0.9585729,0.8617674,1,1,1,1,1,1,2
1,0.9104007,0.8613192,1,1,1,1,1,1,2
1,0.8588961,0.862534,1,1,1,1,1,1,2
1,0.8050254,0.8655764,1,1,1,1,1,1,2
1,0.7498789,0.8706049,1,1,1,1,1,1,2
1,0.6945657,0.8777796,1,1,1,1,1,1,2
1,0.6593772,0.8872464,1,1,1,1,1,1,2
1,0.660395,0.8984156,1,1,1,1,1,1,2
1,0.6616343,0.9099623,1,1,1,1,1,1,2
1,0.6630769,1,1,1,1,1,1,1,2
1,0.6640211,1,1,1,1,1,1,1,2
1,0.6651913,1,1,1,1,1,1,1,2
1,0.6665821,1,1,1,1,1,1,1,2
1,0.668191,1,1,1,1,1,1,1,2
1,0.6700158,1,1,1,1,1,1,1,2
1,0.6720502,1,1,1,1,1,1,1,2
1,0.674292,1,1,1,1,1,1,1,2
1,0.6767346,1,1,1,1,1,1,1,2
1,0.6793752,1,1,1,1,1,1,1,2
1,0.6822108,1,1,1,1,1,1,1,2
0.8232943,0.6852348,1,1,1,1,1,1,1,2
0.6344538,0.6917511,1,1,1,1,1,1,1,2
0.588429,0.7000183,1,1,1,1,1,1,1,2
0.5896043,0.7090899,1,1,1,1,1,1,1,2
0.5912597,0.7190049,0.9989785,1,1,1,1,1,0.981701,2
0.5934049,0.7298146,0.9765714,1,1,1,1,1,0.9754464,2
0.5960453,0.7415678,0.9550647,1,1,1,1,1,0.9694833,2
0.5991932,0.7543265,0.9464113,1,1,1,1,1,0.9637975,2
0.6028565,1,0.991245,1,1,1,1,1,0.9583825,2
0.6057749,1,1,1,1,1,1,1,0.9547172,2
0.6088952,1,1,1,1,1,1,1,0.9512361,2
0.6122375,1,1,1,1,1,1,1,0.9478868,2
0.6157892,1,1,1,1,1,1,1,0.94466,2
0.619544,1,1,1,1,1,1,1,0.9415401,2
0.6234891,1,1,1,1,1,1,1,0.9385187,2
0.6276117,1,1,1,1,1,1,1,0.9355877,2
0.6319051,1,1,1,1,1,1,1,0.9327329,2
0.6363563,1,1,1,1,1,1,1,0.9299475,2
0.6409553,0.9853972,1,1,1,1,1,1,0.9272212,2
0.6458154,0.9626571,1,1,1,1,1,1,0.9244989,2
0.6510041,0.9402992,1,1,1,1,1,1,0.9217637,2
0.6565224,0.9183615,1,1,1,1,1,1,0.9190257,2
0.6623739,0.8968746,1,1,1,1,1,1,0.9162905,2
0.6685611,0.8758627,1,1,1,1,1,1,0.9135617,2
0.6750779,0.8553446,1,1,1,1,1,1,0.9108472,2
0.6819245,0.835333,1,1,1,1,1,1,0.9081467,2
1,0.815835,1,1,1,1,1,1,0.9054645,1
1,0.8034338,1,1,1,1,1,1,0.9030718,1
1,0.7909288,1,1,1,1,1,1,0.9006664,1
1,0.7783266,1,1,1,1,1,1,0.898249,1
1,0.7656344,1,1,1,1,1,1,0.895817,1
1,0.7528596,1,1,1,1,1,1,0.8933711,1
1,0.7538527,1,1,1,1,1,1,0.8909091,1
1,0.7595878,1,1,1,1,1,1,0.888436,1
1,0.7650957,1,1,1,1,1,1,0.8859556,1
1,0.7703723,1,1,1,1,1,1,0.8834701,1
1,0.7754138,1,1,1,1,1,1,1,2
1,0.7857875,1,1,1,1,1,1,1,2
1,0.7960984,1,1,1,1,1,1,1,2
1,0.8063378,1,1,1,1,1,1,1,2
1,0.8164865,1,1,1,1,1,1,1,2
1,0.8265362,1,1,1,1,1,1,1,1
1,0.8364738,1,1,1,1,1,1,1,1
1,0.846287,1,1,1,1,1,1,1,1
1,0.8559634,1,1,1,1,1,1,1,1
0.9042975,0.8654971,1,1,1,1,1,1,1,2
0.8768072,0.8795263,1,1,1,1,1,1,1,2
0.8491406,0.8948575,1,1,1,1,1,1,1,2
0.8214318,1,1,1,1,1,1,1,1,2
0.796187,1,1,1,1,1,1,1,1,2
0.7704972,1,1,1,1,1,1,1,1,2
0.7444879,1,1,1,1,1,1,1,1,2
0.7182891,1,1,1,1,1,1,1,1,2
0.6920317,1,1,1,1,1,1,1,1,2
0.6658442,1,1,1,1,1,1,1,1,2
0.63985,1,1,1,1,1,1,1,1,2
0.6423942,1,1,1,1,1,1,1,1,2
0.6531969,1,1,1,1,1,1,1,1,2
0.6641822,1,1,1,1,1,1,1,1,2
0.6753335,1,1,1,1,1,1,1,1,2
0.6866337,1,1,1,1,1,1,1,1,2
0.6980616,1,1,1,1,1,1,1,1,2
0.7095953,1,1,1,1,1,1,1,1,2
0.7212168,1,1,1,1,1,1,1,1,2
0.732908,1,1,1,1,1,1,1,1,2
0.7446465,1,1,1,1,1,1,1,1,2
0.7564141,1,1,1,1,1,1,1,1,2
0.7681924,1,1,1,1,1,1,1,1,2
0.7799634,1,1,1,1,1,1,1,1,2
0.7917051,1,1,1,1,1,1,1,1,2
1,1,1,1,1,1,1,1,1,1
1,1,1,1,1,1,1,1,1,1
1,1,1,1,1,1,1,1,1,1
1,1,1,1,1,1,1,1,1,1
1,1,1,1,1,1,1,1,1,1
1,1,1,1,1,1,1,1,1,1
1,1,1,1,1,1,1,1,1,1
1,1,1,1,1,1,1,1,1,1
1,1,1,1,1,1,1,1,1,1
1,1,1,1,1,1,1,1,1,1
1,1,1,1,1,1,1,1,1,1
1,1,1,1,1,1,1,1,1,1
1,1,1,1,1,1,1,1,1,1
1,1,1,1,1,1,1,1,1,1
1,1,1,1,1,1,1,1,1,1
1,1,1,1,1,1,1,1,1,1
1,1,1,1,1,1,1,1,1,1
1,1,1,1,1,1,1,1,1,1
1,1,1,1,1,1,1,1,1,1
1,1,1,1,1,1,1,1,1,1
1,1,1,1,1,1,1,1,1,1
1,1,1,1,1,1,1,1,1,1
1,1,1,1,1,1,1,1,1,1
1,1,1,1,1,1,1,1,1,1
1,1,1,1,1,1,1,1,1,1
1,1,1,1,1,1,1,1,1,1
1,1,1,1,1,1,1,1,1,1
1,1,1,1,1,1,1,1,1,1
1,1,1,1,1,1,1,1,1,1
1,1,1,1,1,1,1,1,1,1
1,1,1,1,1,1,1,1,1,1
1,1,1,1,1,1,1,1,1,1
1,1,1,1,1,1,1,1,1,1
1,1,1,1,1,1,1,1,1,1
1,1,1,1,1,1,1,1,1,1
1,1,1,1,1,1,1,1,1,1
1,1,1,1,1,1,1,1,1,1
1,1,1,1,1,1,1,1,1,1
1,1,1,1,1,1,1,1,1,1
1,1,1,1,1,1,1,1,1,1
1,1,1,1,1,1,1,1,1,1
1,1,1,1,1,1,1,1,1,1
1,1,1,1,1,1,1,1,1,1
1,1,1,1,1,1,1,1,1,1
1,1,1,1,1,1,1,1,1,1
1,1,1,1,1,1,1,1,1,1
1,1,1,1,1,1,1,1,1,1
1,1,1,1,1,1,1,1,1,1
1,1,1,1,1,1,1,1,1,1
1,1,1,1,1,1,1,1,1,1
1,1,1,1,1,1,1,1,1,1
1,1,1,1,1,1,1,1,1,1
1,1,1,1,1,1,1,1,1,1
1,1,1,1,1,1,1,1,1,1
1,1,1,1,1,1,1,1,1,1
1,1,1,1,1,1,1,1,1,1
1,1,1,1,1,1,1,1,1,1
1,1,1,1,1,1,1,1,1,1
1,1,1,1,1,1,1,1,1,1
1,1,1,1,1,1,1,1,1,1
1,1,1,1,1,1,1,1,1,1
1,1,1,1,1,1,1,1,1,1
1,1,1,1,1,1,1,1,1,1
1,1,1,1,1,1,1,1,1,1
1,1,1,1,1,1,1,1,1,1
1,1,1,1,1,1,1,1,1,1
1,1,1,1,1,1,1,1,1,1
1,1,1,1,1,1,1,1,1,1
1,1,1,1,1,1,1,1,1,1
1,1,1,1,1,1,1,1,1,1
1,1,1,1,1,1,1,1,1,1
1,1,1,1,1,1,1,1,1,1
1,1,1,1,1,1,1,1,1,1
1,1,1,1,1,1,1,1,1,1
1,1,1,1,1,1,1,1,1,1
1,1,1,1,1,1,1,1,1,1
1,1,1,1,1,1,1,1,1,1
1,1,1,1,1,1,1,1,1,1
1,1,1,1,1,1,1,1,1,1
1,1,1,1,1,1,1,1,1,1
1,1,1,1,1,1,1,1,1,1
1,1,1,1,1,1,1,1,1,1
1,1,1,1,1,1,1,1,1,1
1,1,1,1,1,1,1,1,1,1
1,1,1,1,1,1,1,1,1,1
1,1,1,1,1,1,1,1,1,1
1,1,1,1,1,1,1,1,1,1
1,1,1,1,1,1,1,1,1,1
1,1,1,1,1,1,1,1,1,1
1,1,1,1,1,1,1,1,1,1
1,1,1,1,1,1,1,1,1,1
1,1,1,1,1,1,1,1,1,1
1,1,1,1,1,1,1,1,1,1
1,1,1,1,1,1,1,1,1,1
1,1,1,1,1,1,1,1,1,1
1,1,1,1,1,1,1,1,1,1
1,1,1,1,1,1,1,1,1,1
1,1,1,1,1,1,1,1,1,1
1,1,1,1,1,1,1,1,1,1
1,1,1,1,1,1,1,1,1,1
1,1,1,1,1,1,1,1,1,1
1,1,1,1,1,1,1,1,1,1
1,1,1,1,1,1,1,1,1,1
1,1,1,1,0.9942845,1,1,1,1,1
1,1,1,1,0.9842846,0.9994688,1,1,1,1
1,1,1,1,0.9742848,0.989314,1,1,1,1
1,1,1,1,0.9642849,0.9791465,1,1,1,1
1,1,1,1,0.954285,0.9689667,1,1,1,1
1,1,1,1,0.9442853,0.9587749,1,1,1,1
1,1,1,1,0.9342856,0.948572,1,1,1,1
1,1,1,1,0.9242861,0.9383583,1,1,1,1
1,1,1,1,0.9142868,0.9281344,1,1,1,1
1,1,1,1,0.9042877,0.917901,1,1,1,1
1,1,1,1,0.8942891,0.9076589,1,1,1,1
1,1,1,1,0.884291,0.8974085,1,1,1,1
1,1,1,1,0.8742933,0.8871506,1,1,1,1
1,1,1,1,0.8642964,0.876886,1,1,1,1
1,1,1,1,0.8543002,0.8666154,1,1,1,1
1,1,1,1,0.8443049,0.8563395,1,1,1,1
1,1,1,1,0.8343105,0.846059,1,1,1,1
1,1,1,1,0.8243175,0.8357753,1,1,1,1
1,1,1,1,0.8143255,0.8254884,1,1,1,1
1,1,1,1,0.8043349,0.8151993,1,1,1,1
1,1,1,1,0.7943454,0.8049085,1,1,1,1
1,1,1,1,0.7843576,0.7946172,1,1,1,1
1,1,1,1,0.7743711,0.7843257,1,1,1,1
1,1,1,1,0.7643864,0.7740349,1,1,1,1
1,1,1,1,0.754403,0.7637453,1,1,1,1
1,1,1,1,0.7444214,0.7534577,1,1,1,1
1,1,1,1,0.7344416,0.7431726,1,1,1,1
1,1,1,1,1,0.7328907,1,1,1,1
1,1,1,1,1,0.7225854,1,1,1,1
1,1,1,1,1,0.7122829,1,1,1,1
1,1,1,1,1,0.7019838,1,1,1,1
1,1,1,1,1,0.6916887,1,1,1,1
1,1,1,1,1,0.6813982,1,1,1,1
1,1,1,1,1,0.6711124,1,1,1,1
1,1,1,1,1,0.6608323,1,1,1,1
1,1,1,1,1,0.6505581,1,1,1,1
1,1,1,1,1,0.6402901,1,1,1,1
1,1,1,1,1,0.6300288,1,1,1,1
1,1,1,1,1,0.6197743,1,1,1,1
1,1,1,1,1,0.6095269,1,1,1,1
1,1,1,1,1,0.5992873,1,1,1,1
1,1,1,1,1,0.5890556,1,1,1,1
1,1,1,1,1,0.5788316,1,1,1,1
1,1,1,1,1,0.5686159,1,1,1,1
1,1,1,1,1,0.5584085,1,1,1,1
1,1,1,1,1,0.54821,1,1,1,1
1,1,1,1,1,0.53802,1,1,1,1
1,1,1,1,1,0.5278388,1,1,1,1
1,1,1,1,1,0.5176663,1,1,1,1
1,1,1,1,1,0.5075027,0.5411699,1,1,0
1,1,1,1,1,0.4969972,0.5286135,1,1,0
1,1,1,1,1,0.4865655,0.5162194,1,1,0
1,1,1,1,1,0.4762041,0.5039833,1,1,0
1,1,1,1,1,0.4659092,0.4918999,1,1,0
1,1,1,1,1,0.4556771,0.4799641,1,1,0
1,1,1,1,1,0.4455042,0.4681705,1,1,0
1,1,1,1,1,0.4353862,0.4565128,1,1,0
1,1,1,1,1,0.4253194,0.4449854,1,1,0
1,1,1,1,1,0.4152998,0.4335821,1,1,0
1,1,1,1,1,0.4053241,0.4222971,1,1,0
1,1,1,1,1,0.5004646,0.4111238,1,1,0
1,1,1,1,1,1,0.4000645,1,1,0
1,1,1,1,1,1,0.3891212,1,1,0
1,1,1,1,1,1,0.3782519,1,1,0
1,1,1,1,1,1,0.3674544,1,1,0
1,1,1,1,1,1,0.3567272,1,1,0
1,1,1,1,1,1,0.3460688,1,1,0
1,1,1,1,1,1,0.3354773,1,1,0
1,1,1,1,1,1,0.3249504,1,1,0
1,1,1,1,1,1,0.3144863,1,1,0
1,1,1,1,1,1,0.3040833,0.3730341,1,0
1,1,1,1,1,1,0.2929,0.3552952,1,0
1,1,1,1,1,1,0.2819886,0.3383052,1,0
1,1,1,1,1,1,0.271338,0.3220244,1,0
1,1,1,1,1,1,0.2976862,0.3065259,1,0
1,1,1,1,1,1,0.3790124,0.2917733,1,0
1,1,1,1,1,1,1,0.2777193,1,0
1,1,1,1,1,1,1,0.2645623,1,0
1,1,1,1,1,1,1,0.2517697,1,0
1,1,1,1,1,1,1,0.2393243,1,0
1,1,1,1,1,1,1,0.2272097,0.3279957,0
1,1,1,1,1,1,1,0.2147789,0.3052056,0
1,1,1,1,1,1,1,0.2027858,0.283816,0
1,1,1,1,1,1,1,0.1912072,0.2637075,0
1,1,1,1,1,1,1,0.206931,0.2447745,0
1,1,1,1,1,1,1,0.2320129,0.2269222,0
1,1,1,1,1,1,1,0.2606739,0.2100668,0
1,1,1,1,1,1,1,0.2935971,0.1941328,0
1,1,1,1,1,1,1,0.331688,0.1790519,0
1,1,1,1,1,1,1,1,0.1647633,0
1,1,1,1,1,1,1,1,0.1710216,0
1,1,1,1,1,1,1,1,0.1849757,0
1,1,1,1,1,1,1,1,0.2000412,0
1,1,1,1,1,1,1,1,0.2161408,0
1,1,1,1,1,1,1,1,0.233199,0
1,1,1,1,1,1,1,1,0.2512265,0
1,1,1,1,1,1,1,1,0.2702169,0
1,1,1,1,1,1,1,1,0.2901632,0
1,1,1,1,1,1,1,1,1,1
1,1,1,1,1,1,1,1,1,1
1,1,1,1,1,1,1,1,1,1
1,1,1,1,1,1,1,1,1,1
1,1,1,1,1,1,1,1,1,1
1,1,1,1,1,1,1,1,1,1
1,1,1,1,1,1,1,1,1,1
1,1,1,1,1,1,1,1,1,1
1,1,1,1,1,1,1,1,1,1
1,1,1,1,1,1,1,1,1,1
1,1,1,1,1,1,1,1,1,1
1,1,1,1,1,1,1,1,1,1
1,1,1,1,1,1,1,1,1,1
1,1,1,1,1,1,1,1,1,1
1,1,1,1,1,1,1,1,1,1
1,1,1,1,1,1,1,1,1,1
1,1,1,1,1,1,1,1,1,1
1,1,1,1,1,1,1,1,1,1
1,1,1,1,1,1,1,1,1,1
1,1,1,1,1,1,1,1,1,1
1,1,1,1,1,1,1,1,1,1
1,1,1,1,1,1,1,1,1,1
1,1,1,1,1,1,1,1,1,1
1,1,1,1,1,1,1,1,1,1
1,1,1,1,1,1,1,1,1,1
1,1,1,1,1,1,1,1,1,1
1,1,1,1,1,1,1,1,1,1
1,1,1,1,1,1,1,0.9949675,1,1
1,1,1,1,1,1,1,0.9877043,1,1
1,1,1,1,1,1,1,0.9804381,1,1
1,1,1,1,1,1,1,0.9731691,1,1
1,1,1,1,1,1,1,0.9658977,1,1
1,1,1,1,1,1,1,0.9586244,1,1
1,1,1,1,1,1,1,0.9513491,1,1
1,1,1,1,1,1,1,0.9440722,1,1
1,1,1,1,1,1,1,0.9367945,1,1
1,1,1,1,1,1,1,0.9295158,1,1
1,1,1,1,1,1,1,0.922237,1,1
1,1,1,1,1,1,1,0.9149579,1,1
1,1,1,1,1,1,1,0.9076792,1,1
1,1,1,1,1,1,1,0.9004009,1,1
1,1,1,1,1,1,1,0.8931235,1,1
1,1,1,1,1,1,1,0.8858477,1,1
1,1,1,1,1,1,1,0.8785735,1,1
1,1,1,1,1,1,1,0.8713011,1,1
1,1,1,1,1,1,1,0.8640313,1,1
1,1,1,1,1,1,1,0.856764,1,1
1,1,1,1,1,1,1,0.8494998,1,1
1,1,1,1,1,1,1,0.842239,1,1
1,1,1,1,1,1,1,0.8349818,1,1
1,1,1,1,1,1,1,0.8277287,1,1
1,1,1,1,1,1,1,0.82048,1,1
1,1,1,1,1,1,1,0.8132362,1,1
1,1,1,1,1,1,1,0.8059974,1,1
1,0.954778,1,1,1,1,1,0.7987636,1,1
1,0.9476833,1,1,1,1,1,0.7916676,1,1
1,0.9405818,1,1,1,1,1,0.7845818,0.9078091,1
1,0.9336004,1,1,1,1,1,0.7819895,0.899289,1
1,0.9266083,1,1,1,1,1,0.8552818,0.8908297,1
1,0.9195868,1,1,1,1,1,0.9250752,0.8825902,1
1,0.9125437,1,1,1,1,1,0.9905748,0.8745545,1
1,0.9054812,1,1,1,1,1,1,0.8667072,1
1,0.8984188,1,1,1,1,1,1,0.8589262,1
1,0.8913568,1,1,1,1,1,1,0.851189,1
1,0.884302,1,1,1,1,1,1,0.8434928,1
1,0.8772518,1,1,1,1,1,1,0.8358351,1
1,0.87021,1,1,1,1,1,1,0.828214,1
1,0.8631772,1,1,1,1,1,1,0.8206266,1
1,0.8561543,1,1,1,1,1,1,0.8130702,1
1,0.8491448,1,1,1,1,1,1,0.8055421,1
1,0.8421496,1,1,1,1,1,1,0.7980391,1
1,0.8351693,1,1,1,1,1,1,0.7905589,1
1,0.8282049,1,1,1,1,1,1,0.7830986,1
1,0.8212601,1,1,1,1,1,1,0.7756553,1
1,0.8143357,1,1,1,1,1,1,0.7682259,1
1,0.8074324,1,1,1,1,1,1,0.7608078,1
1,0.8005539,1,1,1,1,1,1,0.7533976,1
0.9949606,0.7937009,1,1,1,1,1,1,0.7459924,1
0.9858014,0.7868685,1,1,1,1,1,1,0.7386762,1
0.9764944,0.7800604,1,1,1,1,1,1,0.7315158,1
0.9670489,0.7732803,1,1,1,1,1,1,0.7245078,2
0.9574825,0.7665382,1,1,1,1,1,1,0.7176487,2
0.9478091,0.9657201,1,1,1,1,1,1,0.7109348,1
0.9419705,1,1,1,1,1,1,1,0.7003857,0
0.9367561,1,1,1,1,1,1,1,0.6892813,0
0.9315077,1,1,1,1,1,1,1,0.6782925,0
0.9262176,1,1,1,1,1,1,1,0.6674212,0
0.9208817,1,1,1,1,1,1,1,0.6566695,0
0.9154992,1,1,1,1,1,1,1,0.6460384,0
0.9100662,1,1,1,1,1,1,1,0.6355287,0
0.9045743,1,1,1,1,1,1,1,0.6251413,0
0.9084633,1,1,1,1,1,1,1,0.6148764,0
0.9150715,1,1,1,1,1,1,1,0.6134198,0
0.9211574,1,1,1,1,1,1,1,0.6324698,0
0.9274925,1,1,1,1,1,1,1,0.6516721,0
0.934055,1,1,1,1,1,1,1,0.6710149,0
0.9408263,1,1,1,1,1,1,1,0.6904871,0
0.7606837,1,1,1,1,1,1,1,0.7100835,1
0.7513083,1,1,1,1,1,1,1,0.7210711,1
0.7417543,1,1,1,1,1,1,1,0.7312179,1
0.7320466,1,1,1,1,1,1,1,0.7405142,2
0.7222078,1,1,1,1,1,1,1,0.7489629,2
0.7122597,1,1,1,1,1,1,1,0.7565731,2
0.7022246,1,1,1,1,1,1,1,0.7633598,2
0.6921278,1,1,1,1,1,1,1,0.7693371,2
0.6819913,1,1,1,1,1,1,1,0.7745291,2
0.6718363,1,1,1,1,1,1,1,0.7789649,2
0.6616868,1,1,1,1,1,1,1,0.7826704,2
0.6515598,1,1,1,1,1,1,1,0.7856869,2
0.6414777,1,1,1,1,1,1,1,0.7880448,2
0.6314594,1,1,1,1,1,1,1,0.7897832,2
0.6215224,1,1,1,1,1,1,1,0.7909411,2
0.6116868,1,1,1,1,1,1,1,0.7915537,2
0.6019652,1,1,1,1,1,1,1,0.7916663,2
0.6325026,1,1,1,1,1,1,1,0.7913132,2
0.6652965,1,1,1,1,1,1,1,0.7921879,2
0.6975878,1,1,1,1,1,1,1,0.7943114,2
0.7290996,1,1,1,1,1,1,1,0.7976094,2
0.7595884,1,1,1,1,1,1,1,0.8020023,2
0.788855,1,1,1,1,1,1,1,0.80742,1
0.8167478,1,1,1,1,1,1,1,0.8137915,1
1,1,1,1,1,1,1,1,0.8210546,0
1,1,1,1,1,1,1,1,0.8356789,0
1,1,1,1,1,1,1,1,0.8501067,1
1,1,1,1,1,1,1,1,1,1
1,1,1,1,1,1,1,0.995273,1,1
1,1,1,1,1,1,1,0.9871274,1,1
1,1,1,1,1,1,1,0.9789665,1,1
1,1,1,1,1,1,1,0.9707912,1,1
1,1,1,1,1,1,1,0.9626023,1,1
1,1,1,1,1,1,1,0.9544009,1,1
1,1,1,1,1,1,1,0.98418,1,1
1,1,1,1,1,1,1,1,1,1
1,1,1,1,1,1,1,1,1,1
1,1,1,1,1,1,1,1,1,1
1,1,1,1,1,1,1,1,1,1
1,1,1,1,1,1,1,1,1,1
1,1,1,1,1,1,1,1,1,1
1,1,1,1,1,1,1,1,1,1
1,1,1,1,1,1,1,1,1,1
1,1,1,1,1,1,1,1,1,1
1,1,1,1,1,1,1,1,1,1
1,1,1,1,1,1,1,1,1,1
1,1,1,1,1,1,1,1,1,1
1,1,1,1,1,1,1,1,1,1
1,1,1,1,1,1,1,1,1,1
1,1,1,1,1,1,1,1,1,1
1,1,1,1,1,1,1,1,1,1
1,1,0.9949933,1,1,1,1,1,1,1
1,1,1,1,1,1,1,1,1,1
1,1,1,1,1,1,1,1,1,1
1,1,1,1,1,1,1,1,1,1
1,1,1,1,1,1,1,1,1,1
1,1,1,1,1,1,1,1,1,1
1,1,1,1,1,1,1,1,1,1
1,1,1,1,1,1,1,1,1,1
1,1,1,1,1,1,1,1,1,1
1,1,0.9945441,1,1,1,1,1,0.9043998,1
1,1,0.9865147,1,1,1,1,1,0.8928889,1
1,1,0.9784951,1,1,1,1,1,0.881448,1
1,1,0.9704899,1,1,1,1,1,0.8700779,1
1,1,0.9624971,1,1,1,1,1,0.8587805,1
1,1,0.9545213,1,1,1,1,1,0.8475564,1
1,1,0.9465601,1,1,1,1,1,0.8364061,1
1,1,0.9386178,1,1,1,1,1,0.8253303,1
1,1,0.9306918,1,1,1,1,1,0.8143294,1
1,1,0.9227864,1,1,1,1,1,0.8034034,1
1,1,0.9149017,1,1,1,1,1,0.7925525,1
1,1,0.9070384,1,1,1,1,1,0.7817761,1
1,1,0.8991968,1,1,1,1,1,0.7710738,1
1,1,0.8913806,1,1,1,1,1,0.7697567,1
1,1,0.8836876,1,1,1,1,1,0.7822021,1
1,1,0.8762568,1,1,1,1,1,0.7940462,1
1,1,0.8690734,1,1,1,1,1,0.8052796,1
1,1,0.862125,1,1,1,1,1,0.8158972,1
1,1,0.8553942,1,1,1,1,1,0.8259087,1
1,1,0.8488728,1,1,1,1,1,0.8353161,1
1,1,0.8425535,1,1,1,1,1,0.8441254,1
1,0.7573869,0.8364241,1,1,1,1,1,0.8523554,2
1,0.6909109,0.8347923,1,1,1,1,1,0.8481815,2
1,0.6852671,1,1,1,1,1,1,0.841202,2
1,0.6795973,1,1,1,1,1,1,0.8411224,2
1,0.6740595,1,1,1,1,1,1,0.8408068,2
1,0.6686579,1,1,1,1,1,1,0.840278,2
1,0.6633967,1,1,1,1,1,1,0.839557,2
1,0.6582764,1,1,1,1,1,1,0.8386686,2
1,0.6533008,1,1,1,1,1,1,0.8376309,2
1,0.64847,1,1,1,1,1,1,0.8364652,2
1,0.6437871,1,1,1,1,1,1,0.8351864,2
1,0.6392519,1,1,1,1,1,1,0.8338131,2
1,0.6348641,1,1,1,1,1,1,0.8323616,2
1,0.6306261,1,1,1,1,1,1,0.8308429,2
1,0.626537,1,1,1,1,1,1,0.8292713,2
1,0.6777623,1,1,1,1,1,1,0.8276548,2
1,0.6737712,1,1,1,1,1,1,0.827876,2
1,0.6699021,1,1,1,1,0.9968235,1,0.8279591,2
1,0.6661559,1,1,1,1,0.9874729,1,0.8279116,2
0.6093757,0.6625375,1,1,1,1,0.9781551,1,0.8277332,2
0.6019677,0.6610132,1,1,1,1,0.9683661,1,0.8181022,2
0.5950796,0.6599606,1,1,1,0.9955508,1,1,0.8089286,2
0.5886973,0.6593844,1,1,1,0.9805763,1,1,0.8001823,2
0.5828106,0.6592931,1,1,1,0.9661034,1,1,0.7918324,2
0.577408,1,1,1,1,0.9521114,1,1,0.7838545,2
0.57301,1,1,1,0.9901627,0.940496,1,1,0.7821266,2
0.5687751,1,1,1,0.9759489,0.9289432,1,1,0.7802113,2
0.5647091,1,1,1,0.9618101,0.9174559,1,1,0.7781032,2
0.560822,1,1,1,0.9477714,0.9060493,1,1,0.7758363,2
0.5571226,1,1,1,0.9338551,0.894736,1,1,0.7734431,2
0.6736867,1,1,1,0.9200808,0.8835272,1,1,0.7709533,2
0.6047549,1,1,1,0.9079149,0.8730215,1,1,0.7709118,2
0.6015696,1,1,1,0.8949936,0.8622288,1,1,0.7693443,2
0.5985492,1,1,1,0.8821777,0.8515103,1,1,0.7676889,2
0.595699,1,1,1,0.869478,0.840871,1,1,0.7659639,2
0.593017,1,1,1,0.8569032,0.8303142,1,1,0.7641932,2
0.5905069,1,1,1,0.8444597,0.8198419,1,1,0.762391,2
0.5881683,1,1,0.8837875,0.8321519,0.8094543,1,1,0.7605728,2
0.5860559,1,1,0.868297,0.8195947,0.7990552,1,1,0.7579204,2
0.5841638,1,1,0.8530546,0.8072006,0.7887685,1,1,0.7552524,2
0.5824911,1,1,0.8380758,0.7949772,0.7785948,1,1,0.7525944,2
1,1,1,0.8233709,0.782929,0.7685322,1,1,0.7499677,0
1,1,1,0.8143881,0.7736777,0.7588019,1,1,0.7539442,0
1,1,1,0.8052344,0.764354,0.7490847,1,1,0.7578089,1
1,1,1,0.7959102,0.7549552,0.7393749,1,1,0.7615491,1
1,1,1,0.7864174,0.7454801,0.7296675,1,1,1,2
1,1,1,0.7740078,0.734552,0.7197317,1,1,1,2
1,1,1,0.7616363,0.7236472,0.7098106,1,1,1,2
1,1,1,0.7493109,0.7127704,0.6999054,1,1,1,2
1,1,1,0.737039,0.7019249,0.6900169,1,1,1,2
1,1,1,0.7248264,0.6911137,0.680145,1,1,1,2
1,1,1,0.7126783,0.680339,0.6702896,1,1,1,2
1,0.9256067,1,0.7005991,0.6696028,0.6604501,1,1,1,2
1,0.8925036,1,0.6879495,0.65862,0.6506504,1,1,1,2
1,0.8589506,1,0.6751813,0.6476058,0.6409038,1,1,1,2
1,0.8252462,1,0.6623413,0.6365885,0.6312251,1,1,1,2
1,0.7916743,1,0.6494771,0.6255968,0.6216284,1,1,1,2
1,0.7738075,1,0.6366343,0.614657,0.612125,1,1,1,2
1,0.779404,1,0.6239489,0.6038253,0.6026997,1,1,1,2
1,0.7849851,1,0.6115628,0.5931467,0.5933076,1,1,1,2
1,0.79052,0.6659147,0.5994462,0.5826002,0.5839326,1,1,1,2
1,0.8001088,0.6481687,0.5866082,0.5719277,0.5750088,1,1,1,2
1,0.8097409,0.6312962,0.5741841,0.5614702,0.5661362,1,1,1,2
1,0.8193364,0.6152066,0.5621236,0.5511895,1,1,1,1,2
1,1,0.5990236,0.5500981,0.5410385,1,1,1,1,2
1,1,0.5849939,0.5388952,0.5310271,1,1,1,1,2
1,1,0.5712342,0.5278181,0.5210755,1,1,1,1,2
1,1,0.5577343,0.5168597,0.5111771,1,1,1,1,2
1,1,0.5444833,0.5060132,0.5013256,1,1,1,1,2
1,1,0.5314692,0.495271,0.4915144,1,1,1,1,2
1,1,0.5186799,0.4846257,0.481737,1,1,1,1,2
1,1,0.5061026,0.4740694,0.4719871,1,1,1,1,2
0.8285288,1,0.493725,0.4635951,0.4622591,1,1,1,1,2
0.7646618,1,0.4803348,0.4529173,0.4528073,1,1,1,1,2
0.702971,1,0.4669417,0.4423327,0.4435275,1,1,1,1,2
0.6968523,1,0.4536451,0.4318852,0.4344359,1,1,1,1,2
0.7033383,1,0.4408046,0.4216381,0.4254163,1,1,1,1,2
0.7098634,1,0.4284293,0.4115643,0.4164124,1,1,1,1,2
0.7163732,1,0.4164534,0.401627,1,1,1,1,1,2
0.7243077,0.5065903,0.4043932,0.3918185,1,1,1,1,1,2
0.7341331,0.4857051,0.3922777,0.3822072,1,1,1,1,1,2
0.7447264,0.4657623,0.3804977,0.3727961,1,1,1,1,1,2
1,0.4467,0.3690381,0.3635772,1,1,1,1,1,2
1,0.4297714,0.3581449,0.3543835,1,1,1,1,1,2
1,0.413596,0.3474933,0.3452744,1,1,1,1,1,2
1,0.3981048,0.3370586,0.3362327,1,1,1,1,1,2
1,0.3832337,0.3268177,0.3272427,1,1,1,1,1,2
1,0.3689236,0.3167493,1,1,1,1,1,1,2
1,0.3542456,0.3067202,1,1,1,1,1,1,2
1,0.340124,0.2968808,1,1,1,1,1,1,2
1,0.326516,0.2872145,1,1,1,1,1,1,2
0.4580603,0.3133811,0.2777051,1,1,1,1,1,1,2
0.4311426,0.2997838,0.268313,1,1,1,1,1,1,2
0.4059259,0.2866927,0.2591345,1,1,1,1,1,0.8039871,2
0.3822617,0.2740809,0.2501611,1,1,1,1,1,0.7638425,2
0.3600193,0.2619242,0.2413854,1,1,1,1,1,0.7314501,2
0.3394881,0.2503083,1,1,1,1,1,1,0.7081755,2
0.3200297,0.2390632,1,1,1,1,1,1,0.6880429,2
0.3018954,0.2282591,1,1,1,1,1,1,0.6730896,2
0.2848783,0.2178381,1,1,1,1,1,1,0.6617485,2
0.2688263,0.2077567,1,1,1,1,1,1,0.6530534,2
0.2536224,0.1979808,1,1,1,1,1,1,0.6463705,2
0.2391725,0.1884823,1,1,1,1,1,1,0.6412653,2
0.225399,0.1792374,1,1,1,1,1,1,0.6374294,2
0.2122363,0.1702255,1,1,1,1,1,1,0.6346365,2
0.199628,0.1798976,1,1,1,1,1,1,0.6327151,2
0.1875483,0.2206111,1,1,1,1,1,1,0.6317983,2
0.1759746,0.266452,1,1,1,1,1,1,0.6320952,2
0.1648456,0.3179721,1,1,1,1,1,1,0.6333945,2
0.15411,0.3757885,1,1,1,1,1,1,0.6355321,2
0.1437239,0.4405934,1,1,1,1,1,1,0.6383817,2
0.1413943,0.5131453,1,1,1,1,1,1,0.6418406,2
0.1556081,1,1,1,1,1,1,1,0.646061,2
0.1694193,1,1,1,1,1,1,1,0.6545653,2
0.1835477,1,1,1,1,1,1,1,0.6629807,2
0.1979872,1,1,1,1,1,1,1,0.671322,2
0.2127369,1,1,1,1,1,1,1,0.6796035,2
0.2277894,1,1,1,1,1,1,1,0.6878372,2
0.2431424,1,1,1,1,1,1,1,0.6960337,2
0.258793,1,1,1,1,1,1,1,0.7042026,2
0.2747322,1,1,1,1,1,1,1,0.7123531,2
0.2909499,1,1,1,1,1,1,1,0.7204919,2
0.3074479,1,1,1,1,1,1,1,0.7286268,2
0.324209,1,1,1,1,1,1,1,0.7367634,2
0.3412345,1,1,1,1,1,1,1,0.7449063,2
0.3585125,1,1,1,1,1,1,1,1,2
0.3822924,1,1,1,1,1,1,1,1,2
0.4068952,1,1,1,1,1,1,1,1,2
0.432265,1,1,1,1,1,1,1,1,2
1,1,1,1,1,1,1,1,1,1
1,1,1,1,1,1,1,1,1,1
1,1,1,1,1,1,1,1,1,1
1,1,1,1,1,1,1,1,1,1
1,1,1,1,1,1,1,1,1,1
1,1,1,1,1,1,1,1,1,1
1,1,1,1,1,1,1,1,1,1
1,1,1,1,1,1,1,1,1,1
1,1,1,1,1,1,1,1,1,1
1,1,1,1,1,1,1,1,1,1
1,1,1,1,1,1,1,1,1,1
1,1,1,1,1,1,1,1,1,1
1,1,1,1,1,1,1,1,1,1
1,1,1,1,1,1,1,1,1,1
1,1,1,1,1,1,1,1,1,1
1,1,1,1,1,1,1,1,1,1
1,1,1,1,1,1,1,1,1,1
1,1,1,1,1,1,1,1,1,1
1,1,1,1,1,1,1,1,1,1
1,1,1,1,1,1,1,1,1,1
1,1,1,1,1,1,1,1,1,1
1,1,1,1,1,1,1,1,1,1
1,1,1,1,1,1,1,1,1,1
1,1,1,1,1,1,1,1,1,1
1,1,1,1,1,1,1,1,1,1
1,1,1,1,1,1,1,1,1,1
1,1,1,1,1,1,1,1,1,1
1,1,1,1,1,1,1,1,1,1
1,1,1,1,1,1,1,1,1,1
1,1,1,1,1,1,1,1,1,1
1,1,1,1,1,1,1,1,1,1
1,1,1,1,1,1,1,1,1,1
1,1,1,1,1,1,1,1,1,1
1,1,1,1,1,1,1,1,1,1
1,1,1,1,1,1,1,1,1,1
1,1,1,1,1,1,1,1,1,1
1,1,1,1,1,1,1,1,1,1
1,1,1,1,1,1,1,1,1,1
1,1,1,1,1,1,1,1,1,1
1,1,1,1,1,1,1,1,1,1
1,1,1,1,1,1,1,1,1,1
1,1,1,1,1,1,1,1,1,1
1,1,1,1,1,1,1,1,1,1
1,1,1,1,1,1,1,1,1,1
1,1,1,1,1,1,1,1,1,1
1,1,1,1,1,1,1,1,1,1
1,1,1,1,1,1,1,1,1,1
1,1,1,1,1,1,1,1,1,1
1,1,1,1,1,1,1,1,1,1
1,1,1,1,1,1,1,1,0.9942604,1
1,1,1,1,1,1,1,1,0.9851681,1
1,1,1,1,1,1,1,1,0.9758773,1
1,1,1,1,1,1,1,1,0.9663936,1
1,1,1,1,1,1,1,1,0.9567233,1
1,1,1,1,1,1,1,1,0.94687,1
1,1,1,1,1,1,1,1,0.9368411,1
1,1,1,1,1,1,1,1,0.9266451,1
1,1,1,1,1,1,1,1,0.9162909,1
1,1,1,1,1,1,1,1,0.9057852,1
1,1,1,1,1,1,1,1,0.8951377,1
1,1,1,1,1,1,1,1,0.8843637,1
1,1,1,1,1,1,1,1,0.8734714,0
1,1,1,1,1,1,1,1,0.8624728,0
1,1,1,1,1,1,1,1,0.8513816,0
1,1,1,1,1,1,1,1,0.8589684,0
1,1,1,1,1,1,1,1,0.8798029,0
1,1,1,1,1,1,1,1,0.8999587,1
1,1,1,1,1,1,1,1,0.9193562,1
1,1,1,1,1,1,1,1,0.9379298,1
1,1,1,1,1,1,1,1,0.9556295,1
1,1,1,1,1,1,1,1,0.9724184,1
1,1,1,1,1,1,1,1,0.9882749,1
1,1,1,1,1,1,1,1,1,1
1,1,1,1,1,1,1,1,1,1
1,1,1,1,1,1,1,1,1,1
1,1,1,1,1,1,1,1,1,1
1,1,1,1,1,1,1,1,1,1
1,1,1,1,1,1,1,1,1,1
1,1,1,1,1,1,1,1,1,1
1,1,1,1,1,1,1,1,1,1
1,1,1,1,1,1,1,1,1,1
1,1,1,1,1,1,1,1,1,1
1,1,1,1,1,1,1,1,1,1
1,1,1,1,1,1,1,1,1,1
1,1,1,1,1,1,1,1,1,1
1,1,1,1,1,1,1,1,1,1
1,1,1,1,1,1,1,1,1,1
1,1,1,1,1,1,1,1,1,1
1,1,1,1,1,1,1,0.9954818,1,1
1,1,1,1,1,1,1,0.9883776,1,1
1,1,1,1,1,1,1,0.9812518,1,1
1,1,1,1,1,1,1,0.9741084,1,1
1,1,1,1,1,1,1,0.9669485,1,1
1,1,1,1,1,1,1,0.9597794,1,1
1,1,1,1,1,1,1,1,1,1
1,1,1,1,1,1,1,1,1,1
1,1,1,1,1,1,1,1,1,1
1,1,1,1,1,1,1,1,1,1
1,1,1,1,1,1,1,1,1,1
1,1,1,1,1,1,1,1,1,1
1,1,1,1,1,1,1,1,1,1
1,1,1,1,1,1,1,1,1,1
1,1,1,1,1,1,1,1,1,1
1,1,1,1,1,1,1,1,1,1
1,1,1,1,1,1,1,1,1,1
1,1,1,1,1,1,1,1,1,1
1,1,1,1,1,1,1,1,1,1
1,1,1,1,1,1,1,1,1,1
1,1,1,1,1,1,1,1,1,1
1,1,1,1,1,1,1,1,1,1
1,1,1,1,1,1,1,1,1,1
1,1,1,1,1,1,1,0.9963245,1,1
1,1,1,1,1,1,1,0.9806296,1,1
1,1,1,1,1,1,1,0.964361,1,1
1,1,1,1,1,1,1,0.9475297,1,1
1,1,1,1,1,1,1,0.9301525,1,1
1,1,1,1,1,1,1,0.9122518,1,1
1,1,1,1,1,1,1,0.8938553,1,1
1,1,1,1,1,1,1,0.8836024,1,1
1,1,1,1,1,1,1,0.886632,1,1
1,1,1,1,1,1,1,0.8896581,1,1
1,1,1,1,1,1,1,0.8926797,1,1
1,1,1,1,1,1,1,0.895692,1,1
1,1,1,1,1,1,1,0.8986894,1,1
1,1,1,1,1,1,1,0.901676,1,1
1,1,1,1,1,1,1,0.9046462,1,1
1,1,1,1,1,1,1,0.9075956,1,1
1,1,1,1,1,1,1,0.9105277,1,1
1,1,1,1,1,1,1,0.9134375,1,1
1,1,1,1,1,1,1,0.9163247,1,1
1,1,1,1,1,1,1,0.9191846,1,1
1,1,1,1,1,1,1,0.9220171,1,1
1,1,1,1,1,1,1,0.9248217,1,1
1,1,1,1,1,1,1,0.9275981,1,1
1,1,1,1,1,1,1,0.9303419,1,1
1,1,1,1,1,1,1,0.9330534,1,1
1,1,1,1,1,1,1,0.9357281,1,1
1,1,1,1,1,1,1,0.9383701,1,1
1,1,1,1,1,1,1,0.9409754,1,1
1,1,1,1,1,1,1,1,1,1
1,1,1,1,1,1,1,1,1,1
1,1,1,1,1,1,1,1,1,1
1,1,1,1,1,1,1,1,1,1
1,1,1,1,1,1,1,1,0.9886613,1
1,1,1,1,1,1,1,1,0.956659,1
1,1,1,1,1,1,1,1,0.9213499,1
1,1,1,1,1,1,1,1,0.8828497,0
1,1,1,1,1,1,1,1,0.8414226,0
1,1,1,1,1,1,1,1,0.7974871,0
1,1,1,1,1,1,1,1,0.7515965,0
1,1,1,1,1,1,1,1,0.7363054,0
1,1,1,1,1,1,1,1,0.7404642,0
1,1,1,1,1,1,1,1,0.7447835,0
1,1,1,1,1,1,1,1,0.7492557,0
1,1,1,1,1,1,1,1,0.7538762,0
1,1,1,1,1,1,1,1,0.758634,0
1,1,1,1,1,1,1,1,0.7635241,0
1,1,1,1,1,1,1,1,0.7685388,0
1,1,1,1,1,1,1,1,0.7736729,0
1,1,1,1,1,1,1,1,0.7789184,0
1,1,1,1,1,1,1,1,0.7842633,0
1,1,1,1,1,1,1,1,0.7897027,0
1,1,1,1,1,1,1,1,0.7952317,0
1,1,1,1,1,1,1,1,0.800838,0
1,1,1,1,1,1,1,0.985363,0.8065168,0
1,1,1,0.9897562,1,1,1,0.9677287,0.8124254,0
1,1,1,0.9765664,1,1,1,0.9503533,1,1
1,1,1,0.966307,1,1,1,0.9377694,1,1
1,1,1,0.9561002,1,1,1,0.925114,1,1
1,1,1,0.9459453,1,1,1,0.9123914,1,1
1,1,1,0.935841,1,1,1,0.8996053,1,1
1,1,1,0.9257869,1,1,1,0.8867614,1,1
1,1,1,0.9164035,1,1,1,0.8738648,1,1
1,1,1,0.9070592,1,1,1,0.8609143,1,1
1,1,1,0.8974606,1,1,1,0.8533147,1,1
1,1,1,0.8878959,1,1,1,0.8598005,1,1
1,1,1,0.8790231,1,1,1,0.8659325,1,1
1,1,1,0.8707774,1,1,1,0.8717222,1,1
1,1,1,0.8631102,1,1,1,0.8771756,1,1
1,1,0.9984676,0.8559645,1,1,1,0.8823103,1,1
1,1,0.9861056,0.8493723,1,1,1,0.8870861,1,1
1,1,0.9732782,0.8438263,1,1,1,0.8911457,1,1
1,1,0.9600261,0.8392702,1,1,1,0.8945061,1,1
1,1,0.94639,0.8356492,1,1,1,0.8971953,1,1
1,1,0.9324109,0.8329226,1,1,1,0.8992392,1,1
1,1,0.9181299,0.8310496,1,1,1,0.9006723,1,1
1,1,0.9035872,0.8299931,1,1,1,0.9015318,1,1
1,1,0.8888224,0.8297299,1,1,1,0.9018512,1,1
1,1,0.8738731,0.8302318,1,1,1,0.9016705,1,1
1,1,0.8587751,0.8314747,1,1,1,0.9010304,1,1
1,1,0.8435633,0.8334378,1,1,1,0.8999709,1,2
1,1,0.8282696,0.8361025,1,1,1,0.8985321,1,2
1,1,0.8129233,0.839453,1,1,1,0.8967524,1,2
1,1,0.7975522,0.8434676,1,1,1,0.8946739,1,2
1,1,0.7821814,0.8481348,1,1,1,0.8923317,1,2
1,1,0.7668332,0.853444,1,1,1,0.889758,1,2
1,1,0.7515275,0.8593787,1,1,1,0.8869891,1,2
1,1,0.7362822,0.8659317,1,1,1,0.8840526,1,2
1,1,0.7211124,0.8730887,1,1,1,0.8809789,1,2
1,1,0.7060318,0.8808362,1,1,1,0.8777959,1,2
1,1,0.6910513,0.8891619,1,1,1,0.8745286,1,2
1,1,0.6761798,0.8980634,1,1,1,0.8711945,1,2
1,1,0.6614254,0.9075298,1,1,1,0.8678136,1,2
1,1,0.6467939,0.9175507,1,1,0.9978192,0.8644041,0.9835734,2
1,1,0.6325704,0.9263636,1,1,0.9890122,0.8616392,0.9708331,2
1,1,0.6186855,0.9340975,1,1,0.9800418,0.8594068,0.9566067,1
1,1,0.6051299,0.9405507,1,1,0.9708948,0.8577298,0.9408227,1
1,1,0.5918931,0.9455274,1,1,0.9615599,0.8566303,0.92343,1
1,1,0.5789653,0.9488473,1,1,0.9520285,0.8561312,0.9044014,1
1,0.9856823,0.5663346,0.9503536,1,1,0.942294,0.8562533,0.8837374,1
1,0.8780344,0.5538037,0.9514122,1,1,0.932497,0.8565249,0.8624986,2
1,0.8523809,0.5430781,1,1,1,0.9235703,0.8537709,0.8472868,2
1,0.8276596,0.5445849,1,1,1,0.9145192,0.8513686,0.8309199,2
1,0.8034443,0.5461149,1,1,1,0.905423,0.8490447,0.8139623,2
1,0.7797666,0.5476195,1,1,1,0.8962668,0.8468428,0.7963142,1
1,0.7566521,0.5490533,1,1,1,0.8870361,0.8448018,0.7778783,1
1,0.7341198,0.5503626,1,1,1,0.8777158,0.8429637,0.7585635,1
1,0.7121827,0.5514864,1,1,1,0.8682912,1,0.7382884,2
1,0.6861494,0.5566867,1,1,1,0.8600961,1,0.7255636,2
1,0.6608082,0.5621439,1,1,0.9747718,0.8518803,1,0.712196,2
1,0.6362619,0.5677172,1,1,0.9000105,0.8435957,1,0.6978613,2
1,0.6126904,0.5731169,1,1,0.8409133,0.8351547,1,0.6820008,2
1,0.5900666,0.578231,1,1,0.7939142,0.8265295,1,0.6644477,2
1,0.5683571,0.58295,1,1,0.7673189,0.8176934,1,0.6450554,2
1,0.5474888,0.5872023,1,1,0.757714,0.8086368,1,0.6238,2
1,0.5273901,0.5909296,1,1,0.7480585,0.799354,1,0.6183696,2
1,0.5075625,0.5947921,1,1,0.7384032,0.7900423,1,0.6180171,2
1,0.4878818,0.59901,1,1,0.7287642,0.7807586,1,0.6175967,2
1,0.4683769,0.6035541,1,1,0.7191386,0.7714924,1,0.6171198,2
1,0.4490712,0.6084147,1,1,0.7095239,0.7622329,1,0.6165873,2
1,0.4299846,0.6135612,1,1,0.6999177,0.7529708,1,0.6160091,2
1,0.4111304,0.6189696,1,1,0.6903163,0.7436956,1,0.6153911,2
1,0.3925197,0.6246156,1,1,0.6807174,0.7343989,1,0.6147389,2
1,0.3741584,0.6304821,1,1,0.6711176,0.7250718,1,0.6140537,2
1,0.3579609,0.6365374,1,1,0.6615139,0.7157063,1,0.6133426,2
1,0.3592375,0.6426739,1,1,0.6518965,0.706275,1,0.6126195,1
0.988893,0.3603753,0.6480855,1,1,0.6422019,0.6965948,1,0.6119885,1
0.9353935,0.3615201,0.6534251,1,1,0.6324832,0.686828,1,0.6113601,2
0.7053081,0.3632174,0.661172,1,1,0.6229312,0.6775221,1,0.610438,2
0.6346276,0.3678042,0.6821977,1,1,0.6143696,0.670933,1,0.60808,2
0.568472,0.3731629,1,1,1,0.6060303,0.6647747,1,0.6055363,2
0.5152471,0.3775001,1,1,1,0.5972418,0.65729,1,0.6035709,2
0.4641789,0.3825216,1,1,1,0.5886375,0.6501812,1,0.601431,2
0.415763,0.3882271,1,1,1,0.5802059,0.6433982,1,0.5991522,2
0.3702829,0.3946011,1,1,0.9945042,0.5719303,0.6368845,1,0.5967729,2
0.3278533,0.4016108,1,1,0.8387681,0.5637866,0.6305715,1,0.5943292,2
0.3032474,0.4089549,1,1,0.724014,0.5556495,0.6241629,1,0.5919083,2
0.3061045,0.4163038,1,1,0.6392624,0.5473904,0.6173742,1,0.5895704,2
0.3088923,0.4231309,1,1,0.57835,0.5388182,0.6097923,1,0.5873823,2
0.3115872,0.4294108,1,1,0.5326521,0.5299404,0.6014641,1,0.5853096,2
0.3141791,0.435141,1,1,0.4992484,0.5207728,0.5924459,1,0.5833217,2
0.3166558,0.4403238,1,1,0.489685,0.5113375,0.5828022,1,0.5814031,2
0.319031,0.4450312,1,1,0.4800334,0.501677,0.5726385,1,0.5795318,1
0.3212962,0.4492617,1,1,0.470296,0.4918086,0.5620002,1,0.5777038,1
0.3234441,0.4530192,1,1,0.4604781,0.4817514,0.5509356,1,0.575919,1
0.325476,0.4563223,1,1,0.4505862,0.471526,0.5394937,1,0.5741738,1
0.3273872,0.4591837,1,1,0.440628,0.4611527,0.5277223,1,0.5724729,1
0.329184,0.4616331,1,1,0.430612,0.4506521,0.5156692,1,0.5708138,1
0.3308665,0.463693,1,1,0.4205469,0.4400445,0.5033797,1,0.5692014,1
0.3324382,0.4653915,1,1,0.4104405,0.429348,0.4908959,1,0.5676383,1
0.333903,0.4667567,1,1,0.400301,0.4185805,0.4782574,1,0.566128,1
0.335268,0.4678216,1,1,0.390136,0.4077586,0.4655009,1,0.5646715,1
0.3365396,0.4686173,1,1,0.3799519,0.3968964,0.4526584,1,0.5632701,1
0.3377209,0.4691691,1,1,0.369755,0.3860074,0.4397597,1,0.5619282,1
0.3388175,0.4695048,1,1,0.3595507,0.3751032,0.4268303,1,0.5606474,1
0.339838,0.4696548,1,1,0.3493434,0.3641936,0.4138924,1,0.5594262,1
0.3407833,0.4696374,1,1,0.3433159,0.353287,0.4009646,1,0.5582692,0
0.3416676,0.4694954,1,1,0.3437256,0.3423937,0.38807,0.6132203,0.55717,0
0.3404309,0.4621418,1,1,0.3850229,0.3300929,0.3719701,0.5780288,0.557304,0
0.3392383,0.4553289,1,1,0.4393456,0.3180821,0.3564882,0.5454962,1,1
0.3406048,1,1,1,0.4213496,0.3079101,0.3452953,0.5292593,1,0
0.3396203,1,1,1,0.4827138,0.2962917,0.3306938,0.500234,1,0
0.3386023,1,1,1,0.5689539,0.284846,0.3164634,0.4727403,1,0
0.3375627,1,1,1,0.6961588,0.2735657,0.302592,0.446686,1,0
0.3365061,1,1,1,1,0.2624401,0.2890616,0.4219672,1,0
0.3354571,1,1,1,1,0.2514685,0.2758792,0.3985764,1,0
0.3343352,1,1,1,1,0.2405987,0.2629173,0.3760263,1,0
0.3331515,1,1,1,1,0.2298295,0.2501765,0.3543028,1,0
0.3319114,1,1,1,1,0.2447948,0.2376539,0.3333805,1,0
0.3306361,1,1,1,1,0.2660649,0.225362,0.3132907,1,0
0.3293304,1,1,1,1,0.291142,0.2132874,0.2939767,1,0
0.3279933,1,1,1,1,0.3207761,0.2014144,0.2753741,1,0
0.3266258,1,1,1,1,0.3558925,0.1897273,0.2574217,1,0
0.3252257,1,1,1,1,0.3977062,0.1782107,0.2400614,0.5156505,0
0.3230698,1,1,1,1,0.5027227,0.1662113,0.2208913,0.4567296,0
0.3208579,1,1,1,1,1,0.1544876,0.2026313,0.4044692,0
0.3185913,1,1,1,1,1,0.1528113,0.1852115,0.3577985,0
0.3162679,1,1,1,1,1,0.1689439,0.1685684,0.3158647,0
0.3138854,1,1,1,1,1,0.1884194,0.1526456,0.2779809,0
0.3114445,1,1,1,1,1,0.2120824,0.1373912,0.2435865,0
0.3089424,1,1,1,1,1,0.2411091,0.1227581,0.2122193,0
0.3063763,1,1,1,1,1,0.277163,0.1087039,0.1834966,0
0.3037431,1,1,1,1,1,0.3226763,0.1005797,0.1570969,0
0.3010425,1,1,1,1,1,0.3813314,0.1084993,0.1327489,0
0.2982709,1,1,1,1,1,0.4590429,0.1173413,0.1102221,0
0.2954275,1,1,1,1,1,1,0.1272023,0.08931917,0
0.2925082,1,1,1,1,1,1,0.1382002,0.08526594,0
0.2895009,1,1,1,1,1,1,0.1503274,0.09081293,0
0.2863708,1,1,1,1,1,1,0.16332,0.09666866,0
0.28311,1,1,1,1,1,1,0.177132,0.1028044,0
0.2797088,1,1,1,1,1,1,0.1917157,0.1091965,0
0.2761641,1,1,1,1,1,1,0.2070022,0.1158156,0
0.2724733,1,1,1,1,1,1,0.2229153,0.1226339,0
0.2686371,1,1,1,1,1,1,0.2393655,0.1296226,0
0.2646587,1,1,1,1,1,1,0.2562515,0.1367512,0
0.2605411,1,1,1,1,1,1,0.2734694,0.1439929,0
0.256292,1,1,1,1,1,1,0.2909001,0.1513158,0
0.2519184,1,1,1,1,1,1,0.3084266,0.1586926,0
0.2474287,1,1,1,1,1,1,0.3259295,0.1660955,0
0.2428327,1,1,1,1,1,1,0.3432897,0.1734978,0
0.2579554,1,1,1,1,1,1,0.3603992,0.1808774,0
0.2896799,1,1,1,1,1,1,0.3779553,0.1883638,0
0.3194495,1,1,1,1,1,1,0.3966885,0.1960948,0
0.3473214,1,1,1,1,1,1,1,0.2040739,1
0.3859459,1,1,1,1,1,1,1,0.2104104,1
0.4230562,1,1,1,1,1,1,1,0.216999,1
0.4581492,1,1,1,1,1,1,1,0.2238619,1
0.490871,1,1,1,1,1,1,1,0.2310176,1
0.5210284,1,1,1,1,1,1,1,0.2384774,1
0.5485755,1,1,1,1,1,1,1,0.2462455,1
0.5735867,1,1,1,1,1,1,1,0.2543294,0
0.5962211,1,1,1,1,1,1,1,0.2627265,0
0.6166855,1,1,1,1,1,1,1,0.2714432,0
0.6352166,1,1,1,1,1,1,1,0.2804725,0
1,1,1,1,1,1,1,1,0.2898168,0
0.6374029,1,1,1,1,1,1,1,0.304181,0
0.9213099,1,1,1,1,1,1,1,0.3139722,0
0.9030722,1,1,1,1,1,1,1,0.328107,0
0.890093,1,1,1,1,1,1,1,1,2
1,1,1,1,1,1,1,1,1,1
1,1,1,1,1,1,1,1,1,1
1,1,1,1,1,1,1,1,1,1
1,1,1,1,1,1,1,1,1,1
1,1,1,1,1,1,1,1,1,1
1,1,1,1,1,1,1,1,1,1
1,1,1,1,1,1,1,1,1,1
1,1,1,1,1,1,1,1,1,1
1,1,1,1,1,1,1,1,1,1
1,1,1,1,1,1,1,1,1,1
1,1,1,1,1,1,1,1,1,1
1,1,1,1,1,1,1,1,1,1
1,1,1,1,1,1,1,1,1,1
1,1,1,1,1,1,1,1,1,1
1,1,1,1,1,1,1,1,1,1
1,1,1,1,1,1,1,1,1,1
1,1,1,1,1,1,1,1,1,1
1,1,1,1,1,1,1,1,1,1
1,1,1,1,1,1,1,1,1,1
1,1,1,1,1,1,1,1,1,1
1,1,1,1,1,1,1,1,1,1
1,1,1,1,1,1,1,1,1,1
1,1,1,1,1,1,1,1,1,1
1,1,1,1,1,1,1,1,1,1
1,1,1,1,1,1,1,1,1,1
1,1,1,1,1,1,1,1,1,1
1,1,1,1,1,1,1,1,1,1
1,1,1,1,1,1,1,1,1,1
1,1,1,1,1,1,1,1,1,1
1,1,1,1,1,1,1,1,1,1
1,1,1,1,1,1,1,1,1,1
1,1,1,1,1,1,1,1,1,1
1,1,1,1,1,1,1,1,1,1
1,1,1,1,1,1,1,1,1,1
1,1,1,1,1,1,1,1,1,1
1,1,1,1,1,1,1,1,1,1
1,1,1,1,1,1,1,1,1,1
1,1,1,1,1,1,1,1,1,1
1,1,1,1,1,1,1,1,1,1
1,1,1,1,1,1,1,1,1,1
1,1,1,1,1,1,1,1,1,1
1,1,1,1,1,1,1,1,1,1
1,1,1,1,1,1,1,1,1,1
1,1,1,1,1,1,1,1,1,1
1,1,1,1,1,1,1,1,1,1
1,1,1,1,1,1,1,1,1,1
1,1,1,1,1,1,1,1,1,1
1,1,1,1,1,1,1,1,1,1
1,1,1,1,1,1,1,1,1,1
1,1,1,1,1,1,1,1,1,1
1,1,1,1,1,1,1,1,1,1
1,1,1,1,1,1,1,1,1,1
1,1,1,1,1,1,1,1,1,1
1,1,1,1,1,1,1,1,1,1
1,1,1,1,1,1,1,1,1,1
1,1,1,1,1,1,1,1,1,1
1,1,1,1,1,1,1,1,1,1
1,1,1,1,1,1,1,1,1,1
1,1,1,1,1,1,1,1,1,1
1,1,1,1,1,1,1,1,1,1
1,1,1,1,1,1,1,1,1,1
1,1,1,1,1,1,1,1,1,1
1,1,1,1,1,1,1,1,1,1
1,1,1,1,1,1,1,1,1,1
1,1,1,1,1,1,1,1,1,1
1,1,1,1,1,1,1,1,1,1
1,1,1,1,1,1,1,1,1,1
1,1,1,1,1,1,1,1,1,1
1,1,1,1,1,1,1,1,1,1
1,1,1,1,1,1,1,1,1,1
1,1,1,1,1,1,1,1,1,1
1,1,1,1,1,1,1,1,1,1
1,1,1,1,1,1,1,1,1,1
1,1,1,1,1,1,1,1,1,1
1,1,1,1,1,1,1,1,1,1
1,1,1,1,1,1,1,1,1,1
1,1,1,1,1,1,1,1,1,1
1,1,1,1,1,1,1,1,1,1
1,1,1,1,1,1,1,1,1,1
1,1,1,1,1,1,1,1,1,1
1,1,1,1,1,1,1,1,1,1
1,1,1,0.9997774,1,1,1,1,1,1
1,1,1,0.9917182,1,1,1,1,1,1
1,1,0.9968954,0.9838969,1,1,1,1,1,1
1,1,0.9797608,0.9764217,1,1,1,1,1,1
1,1,0.9612992,0.9697882,1,1,1,1,1,1
1,1,0.941558,0.9640166,1,1,1,1,1,1
1,1,0.920606,0.9591333,1,1,1,1,1,1
1,1,0.8985311,0.9551625,1,1,1,1,1,2
1,1,0.8754412,0.9521308,1,1,1,1,1,2
1,1,0.8514593,0.9500707,1,1,1,1,1,2
1,1,0.8455461,0.9490111,1,1,1,1,1,2
1,1,0.8429509,0.9482859,1,1,1,1,1,2
1,1,0.8404844,0.9477634,1,1,1,1,1,2
1,1,0.8381459,0.9474412,1,1,1,1,1,2
1,1,0.8359307,0.9473122,1,1,1,1,1,2
1,1,0.8338346,0.9473695,1,1,1,1,1,2
1,1,0.831853,0.9476062,1,1,1,1,1,2
1,1,0.8299819,0.9480159,1,1,1,1,1,2
1,1,0.8282207,0.948597,1,1,1,1,1,2
1,1,0.8192354,0.9493431,1,1,1,1,1,2
1,1,0.7961808,1,1,1,1,1,1,2
1,1,0.774184,1,1,1,1,1,1,2
1,1,0.7518709,1,1,1,1,1,1,2
1,1,0.7313138,1,1,1,1,1,1,2
1,1,0.7306973,1,1,1,1,1,1,2
1,1,0.730208,1,1,1,1,1,1,2
1,1,0.7298443,1,1,1,1,1,1,2
1,1,0.7296046,1,1,1,1,1,1,2
1,1,0.7294836,1,1,1,1,1,1,2
1,1,0.7294835,1,1,1,1,1,1,2
1,0.9506199,0.7296032,1,1,1,1,1,1,2
1,0.8860916,0.7311603,1,1,1,1,1,1,2
1,0.8194302,0.7346472,1,1,1,1,1,1,2
1,0.7524183,0.7402433,1,1,1,1,1,1,2
1,0.6867126,0.7481338,1,1,1,1,1,1,2
1,0.642903,0.7584849,1,1,1,1,1,1,2
1,0.6448175,0.7707309,1,1,1,1,1,1,2
1,0.6471008,0.7836708,1,1,1,1,1,1,2
1,0.6496952,1,1,1,1,1,1,1,2
1,0.6508171,1,1,1,1,1,1,1,2
1,0.6521738,1,1,1,1,1,1,1,2
1,0.6269482,1,1,1,1,1,1,1,2
1,0.588559,1,1,1,1,1,1,1,2
1,0.5777615,1,1,1,1,1,1,1,2
1,0.5805134,1,1,1,1,1,1,1,2
1,0.5835537,1,1,1,1,1,1,1,2
1,0.5868728,1,1,1,1,1,1,1,2
0.8974599,0.5904714,1,1,1,1,1,1,1,2
0.6981113,0.5960128,1,1,1,1,1,1,1,2
0.5789863,0.6029914,1,1,1,1,1,1,1,2
0.5801522,0.6106912,1,1,1,1,1,1,1,2
0.581797,0.6191545,1,1,1,1,1,1,1,2
0.5839246,0.6284198,1,1,1,1,1,1,1,2
0.5865461,0.6385378,1,1,1,1,1,1,1,2
0.5851567,1,1,1,1,1,1,1,1,2
0.5181837,1,1,1,1,1,1,1,1,2
0.5215179,1,1,1,1,1,1,1,1,2
0.52525,1,1,1,1,1,1,1,1,2
0.529375,1,1,1,1,1,1,1,1,2
0.5338877,1,1,1,1,1,1,1,1,2
0.5387792,1,1,1,1,1,1,1,1,2
0.5440469,1,1,1,1,1,1,1,1,2
0.5496811,1,1,1,1,1,1,1,1,2
0.555675,1,1,1,1,1,1,1,1,2
0.5620214,1,1,1,1,1,1,1,1,2
0.5687091,1,1,1,1,1,1,1,1,2
0.57573,1,1,1,1,1,1,1,1,2
0.5830751,1,1,1,1,1,1,1,1,2
1,1,1,1,1,1,1,1,1,1
1,1,1,1,1,1,1,1,1,1
1,1,1,1,1,1,1,1,1,1
1,1,1,1,1,1,1,1,1,1
1,1,1,1,1,1,1,1,1,1
1,1,1,1,1,1,1,1,1,1
1,1,1,1,1,1,1,1,1,1
1,1,1,1,1,1,1,1,1,1
1,1,1,1,1,1,1,1,1,1
1,1,1,1,1,1,1,1,1,1
1,1,1,1,1,1,1,1,1,1
1,1,1,1,1,1,1,1,1,1
1,1,1,1,1,1,1,1,1,1
1,1,1,1,1,1,1,1,1,1
1,1,1,1,1,1,1,1,1,1
1,1,1,1,1,1,1,1,1,1
1,1,1,1,1,1,1,1,1,1
1,1,1,1,1,1,1,1,1,1
1,1,1,1,1,1,1,1,1,1
1,1,1,1,1,1,1,1,1,1
1,1,1,1,1,1,1,1,1,1
1,1,1,1,1,1,1,1,1,1
1,1,1,1,1,1,1,1,1,1
1,1,1,1,1,1,1,1,1,1
1,1,1,1,1,1,1,1,1,1
1,1,1,1,1,1,1,1,1,1
1,1,1,1,1,1,1,1,1,1
1,1,1,1,1,1,1,1,1,1
1,1,1,1,1,1,1,1,1,1
1,1,1,1,1,1,1,1,1,1
1,1,1,1,1,1,1,1,1,1
1,1,1,1,1,1,1,1,1,1
1,1,1,1,1,1,1,1,1,1
1,1,1,1,1,1,1,1,1,1
1,1,1,1,1,1,1,1,1,1
1,1,1,1,1,1,1,1,1,1
1,1,1,1,1,1,1,1,1,1
1,1,1,1,1,1,1,1,1,1
1,1,1,1,1,1,1,1,1,1
1,1,1,1,1,1,1,1,1,1
1,1,1,1,1,1,1,1,1,1
1,1,1,1,1,1,1,1,1,1
1,1,1,1,1,1,1,1,1,1
1,1,1,1,1,1,1,1,1,1
1,1,1,1,1,1,1,1,1,1
1,1,1,1,1,1,1,1,1,1
1,1,1,1,1,1,1,1,1,1
1,1,1,1,1,1,1,1,1,1
1,1,1,1,1,1,1,1,1,1
1,1,1,1,1,1,1,1,1,1
1,1,1,1,1,1,1,1,1,1
1,1,1,1,1,1,1,1,1,1
1,1,1,1,1,1,1,1,1,1
1,1,1,1,1,1,1,1,1,1
1,1,1,1,1,1,1,1,1,1
1,1,1,1,1,1,1,1,1,1
1,1,1,1,1,1,1,1,1,1
1,1,1,1,1,1,1,1,1,1
1,1,1,1,1,1,1,1,1,1
1,1,1,1,1,1,1,1,1,1
1,1,1,1,1,1,1,1,1,1
1,1,1,1,1,1,1,1,1,1
1,1,1,1,1,1,1,1,1,1
1,1,1,1,1,1,1,1,1,1
1,1,1,1,1,1,1,1,1,1
1,1,1,1,1,1,1,1,1,1
1,1,1,1,1,1,1,1,1,1
1,1,1,1,1,1,1,1,1,1
1,1,1,1,1,1,1,1,1,1
1,1,1,1,1,1,1,1,1,1
1,1,1,1,1,1,1,1,1,1
1,1,1,1,1,1,1,1,1,1
1,1,1,1,1,1,1,1,1,1
1,1,1,1,1,1,1,1,1,1
1,1,1,1,1,1,1,1,1,1
1,1,1,1,1,1,1,1,1,1
1,1,1,1,1,1,1,1,1,1
1,1,1,1,1,1,1,1,1,1
1,1,1,1,1,1,1,1,1,1
1,1,1,1,1,1,1,1,1,1
1,1,1,1,1,1,1,1,1,1
1,1,1,1,1,1,1,1,1,1
1,1,1,1,1,1,1,1,1,1
1,1,1,1,1,1,1,1,1,1
1,1,1,1,1,1,1,1,1,1
1,1,1,1,1,1,1,1,1,1
1,1,1,1,1,1,1,1,1,1
1,1,1,1,1,1,1,1,1,1
1,1,1,1,1,1,1,1,1,1
1,1,1,1,1,1,1,1,1,1
1,1,1,1,1,1,1,1,1,1
1,1,1,1,1,1,1,1,1,1
1,1,1,1,1,1,1,1,1,1
1,1,1,1,1,1,1,1,1,1
1,1,1,1,1,1,1,1,1,1
1,1,1,1,1,1,1,1,1,1
1,1,1,1,1,1,1,1,1,1
1,1,1,1,1,1,1,1,1,1
1,1,1,1,1,1,1,1,1,1
1,1,1,1,1,1,1,1,1,1
1,1,1,1,1,1,1,1,1,1
1,1,1,1,1,1,1,1,1,1
1,1,1,1,1,1,1,1,1,1
1,1,1,1,1,1,1,1,1,1
1,1,1,1,1,1,1,1,1,1
1,1,1,1,1,1,1,1,1,1
1,1,1,1,1,1,1,1,1,1
1,1,1,1,1,1,1,1,1,1
1,1,1,1,1,1,1,1,1,1
1,1,1,1,1,1,1,1,1,1
1,1,1,1,1,1,1,1,1,1
1,1,1,1,1,1,1,1,1,1
1,1,1,1,1,1,1,1,1,1
1,1,1,1,1,1,1,1,1,1
1,1,1,1,1,1,1,1,1,1
1,1,1,1,1,1,1,1,1,1
1,1,1,1,1,1,1,1,1,1
1,1,1,1,0.9638958,0.9787655,1,1,1,1
1,1,1,1,0.9538959,0.968585,1,1,1,1
1,1,1,1,0.9438962,0.9583927,1,1,1,1
1,1,1,1,0.9338964,0.9481891,1,1,1,1
1,1,1,1,0.9238969,0.9379748,1,1,1,1
1,1,1,1,0.9138976,0.9277502,1,1,1,1
1,1,1,1,0.9038985,0.9175162,1,1,1,1
1,1,1,1,0.8938999,0.9072734,1,1,1,1
1,1,1,1,0.8839017,0.8970224,1,1,1,1
1,1,1,1,0.8739041,0.8867639,1,1,1,1
1,1,1,1,0.8639072,0.8764987,1,1,1,1
1,1,1,1,0.8539109,0.8662275,0.9397298,1,1,1
1,1,1,1,0.8439218,0.8557986,0.9278901,1,1,1
1,1,1,1,0.833938,0.8453453,0.9159722,1,1,1
1,1,1,1,0.8239607,0.8348714,0.9039849,1,1,1
1,1,1,1,0.8139909,0.8243803,0.8919371,1,1,1
1,1,1,1,0.8040296,0.8138762,0.8798383,1,1,1
1,1,1,1,0.7940781,0.8033625,0.8676975,1,1,1
1,1,1,1,0.7841374,0.7928435,0.8555244,1,1,1
1,1,1,1,0.774209,0.7823232,0.8433288,1,1,1
1,1,1,1,0.7642935,0.7718052,0.8311194,1,1,1
1,1,1,1,1,0.7612926,0.818905,1,1,0
1,1,1,1,1,0.7507522,0.8065715,1,1,0
1,1,1,1,1,0.7402222,0.7942393,1,1,0
1,1,1,1,1,0.7297062,0.7819164,1,1,0
1,1,1,1,1,0.7192071,0.7696105,1,1,0
1,1,1,1,1,0.7087281,0.7573293,1,1,0
1,1,1,1,1,0.6982718,0.7450795,1,1,0
1,1,1,1,1,0.6878403,0.7328675,1,1,0
1,1,1,1,1,0.6774361,0.7206993,1,1,0
1,1,1,1,1,0.6670612,0.7085807,1,1,0
1,1,1,1,1,0.6567168,0.6965163,1,1,0
1,1,1,1,1,0.6464041,0.6845104,1,1,0
1,0.9979414,1,1,1,0.6361244,0.6725668,1,1,0
1,0.9885499,1,1,1,0.6258813,0.6607051,1,1,0
1,0.9786143,1,1,1,0.615684,0.6489815,1,1,0
1,0.9680931,1,1,1,0.6055294,0.6373931,1,1,0
1,0.9569454,1,1,1,0.5954135,0.6259364,1,1,0
1,0.9451346,1,1,1,0.5853329,0.6146079,1,1,1
1,0.9326274,1,1,1,0.5752836,0.6034036,1,1,1
1,0.9193948,1,1,1,0.5652624,0.5923191,1,1,1
1,0.9054152,1,1,1,0.5552656,0.5813503,1,1,1
1,0.8906716,1,1,1,0.5452899,0.5704923,1,1,1
1,0.8876115,1,1,1,0.5353324,0.5597407,0.9991603,1,1
1,0.884758,1,1,1,0.5253826,0.5490133,1,1,1
1,0.8819272,1,1,1,0.5154406,0.5383162,1,1,1
1,0.8791094,1,1,1,0.5055059,0.5276452,1,1,1
1,0.8763016,1,1,1,0.4955783,0.5169998,1,1,1
1,0.8735076,1,1,1,0.4856576,0.5063795,1,1,1
1,0.8707244,1,1,1,0.4757431,0.4957834,0.6340871,1,0
1,0.8625663,1,1,1,0.4657674,0.4838186,0.614462,1,0
1,0.8546637,1,1,1,1,0.472062,0.5955006,1,0
1,0.8470217,1,1,1,1,0.4605064,0.5771827,1,0
1,0.8395053,1,1,1,1,0.4491102,0.5593488,1,0
1,0.8321217,1,1,1,1,0.4378698,0.5419896,1,0
1,0.824878,1,1,1,1,0.4267811,0.5250932,1,0
1,0.8177756,1,1,1,1,0.4158389,0.5086452,1,0
1,0.8108199,1,1,1,1,0.4050368,0.4926288,1,0
1,0.8040075,1,1,1,1,0.3943687,0.4770265,1,0
1,0.7973368,1,1,1,1,0.3838273,0.4618192,1,0
1,0.7908046,1,1,1,1,0.373406,0.4469884,1,0
1,0.7844069,1,1,1,1,0.3630971,0.4325138,1,0
1,0.7781385,1,1,1,1,0.3528938,0.4183764,1,0
1,0.7719941,1,1,1,1,0.3427888,0.4045568,1,0
1,0.7659672,1,1,1,1,0.3327755,0.3910361,0.9862517,0
1,0.7598999,0.9942424,1,1,1,0.3505505,0.3776832,0.9555279,0
1,0.753714,0.9800068,1,1,1,0.4074804,0.3644446,0.5623745,0
1,0.7441283,0.9543021,1,1,1,0.537737,0.3490259,0.5287862,0
1,0.7349731,0.9303811,1,1,1,1,0.3343302,0.4979514,0
1,0.7266154,0.9094888,1,1,1,1,0.320567,0.4705479,0
1,0.7185437,0.8898028,1,1,1,1,0.3073287,0.4449938,0
1,0.71074,0.8712565,1,1,1,1,0.2945801,0.4211184,0
1,0.7107841,0.8537828,1,1,1,1,0.2822853,0.3987598,0
1,0.7181433,0.8370916,1,1,1,1,0.2703717,0.3776328,0
1,0.7264625,0.8209558,1,1,1,1,0.2587857,0.3575249,0
1,0.7358559,0.8053528,1,1,1,1,0.2475111,0.3383649,0
1,0.7465025,0.7902468,1,1,1,1,0.2365318,0.3200843,0
1,0.7586807,0.775597,0.9947875,1,1,1,0.2585809,0.3026165,0
1,0.7700536,0.7617047,0.9700872,1,1,1,0.2834011,0.2860704,0
1,0.7774735,0.7487911,0.9477123,1,1,1,0.3094378,0.2704895,0
1,0.7793742,0.7367862,0.9274644,1,1,1,0.3364338,0.2557595,0
1,0.7736602,0.7256676,0.9092481,1,1,1,0.3639581,0.2417901,0
1,0.7576792,0.7154441,0.8930486,1,1,1,0.3914004,0.2285121,0
1,0.7283831,0.7061708,0.8789526,1,1,1,0.4178885,0.2158739,1
1,0.6829518,0.6979533,0.8671525,1,1,1,0.4422535,0.2038365,1
1,0.6200093,0.6909352,0.8579259,1,1,1,0.4631202,0.2009431,1
1,0.6122825,0.6853898,0.8518208,1,1,1,0.4787257,0.208648,1
1,0.607037,0.6802781,0.8466169,1,1,1,0.4924725,0.2160482,1
1,0.6018845,0.6755114,0.8421167,1,1,1,0.5046325,0.223168,2
1,0.5968234,0.6710498,0.8382338,1,1,1,0.5153407,0.2300171,2
1,0.591856,0.6668638,0.8349006,1,1,1,0.5247273,0.2366019,2
1,0.5869821,0.6629248,0.8320545,1,1,1,0.5329336,0.2429342,2
1,0.5822016,0.6592085,0.8296434,1,1,1,1,0.2490256,2
1,0.5781326,0.6584747,0.8335559,1,1,1,1,0.2532023,2
1,0.5742133,0.6578327,0.8376049,1,1,1,1,0.2572345,2
0.8980736,0.5704343,0.6572725,1,1,1,1,1,0.2611356,2
0.8905507,0.5667812,0.6567519,1,1,1,1,1,0.264932,2
0.8832434,0.5633142,0.6565429,1,1,1,1,1,0.2684872,2
0.8761657,0.5600353,0.6566417,1,1,1,1,1,0.2718162,2
0.8693298,0.5569457,0.6570443,1,1,1,1,1,0.2749335,2
0.8627458,0.5540459,0.6577459,1,1,1,1,1,0.277853,2
0.8564154,0.5243143,0.6587336,1,1,1,1,1,0.280595,2
0.8501991,0.5218627,0.6606332,1,1,1,1,1,0.2828985,2
0.5315629,0.5195993,0.6628147,1,1,1,1,1,0.2850629,2
0.5260651,0.5188501,0.6701108,1,1,1,1,1,0.2852588,2
0.5210248,0.5185261,0.6782602,1,1,1,1,1,0.2853289,2
0.5164326,0.5186342,0.6873193,1,1,1,1,1,0.2852809,2
0.5122799,0.5191823,0.6973516,1,1,1,1,1,0.285122,2
0.5085657,0.5201863,0.7084367,1,1,1,1,1,0.2848511,2
0.5052804,0.521654,0.9668992,1,1,1,1,1,0.2844777,2
0.5023969,0.5220121,0.9788791,1,1,1,1,1,0.2851573,2
0.4997547,0.5225003,0.9910401,1,1,1,1,1,0.2858203,2
0.4973347,0.5231019,1,1,1,1,1,1,0.2864688,2
0.4951256,0.5238307,1,1,1,1,1,1,0.2870838,2
0.4669581,0.5247358,1,1,1,1,1,1,0.2876333,2
0.4651673,0.5261319,1,1,1,1,1,1,0.2879445,2
0.4635828,0.5277117,1,1,1,1,1,1,0.2881995,2
0.4621955,0.5294654,1,1,1,1,1,1,0.2884018,2
0.4609959,0.5313831,1,1,1,1,1,1,0.2885541,2
0.4599752,0.5334547,1,1,1,1,1,1,0.2886589,2
0.4591246,0.53567,1,1,1,1,1,1,0.2887183,2
0.4584354,0.5380191,1,1,1,1,1,1,0.2887338,2
0.457899,0.5404919,1,1,1,1,1,1,0.2887068,2
0.4575043,0.5430745,1,1,1,1,1,1,0.2886418,2
0.457246,0.5457609,1,1,1,1,1,1,0.2885364,2
0.4571165,0.5485412,1,1,1,1,1,1,0.2883914,2
0.457105,0.5514016,1,1,1,1,1,1,0.2882107,2
0.4572071,0.5543366,1,1,1,1,1,1,0.2879917,2
0.4574126,0.7607833,1,1,1,1,1,1,0.2877382,1
0.456993,0.7611943,1,1,1,0.9924951,0.994958,1,0.2881714,1
0.4565812,0.7615567,1,1,1,0.981227,0.9849715,1,0.2885987,1
0.4561678,0.7618164,1,1,1,0.9720241,0.9748839,1,0.2890289,1
0.4557475,0.7619727,1,1,1,0.9646845,0.964702,1,0.2894667,1
0.4553244,0.7620363,1,1,1,0.9589635,0.9544331,1,0.2899075,1
0.4548932,0.7620059,1,1,1,0.9547329,0.9440838,1,0.2903563,1
0.4544549,0.7618883,1,1,1,0.9518335,0.9336603,1,0.2908118,1
0.4540105,0.7616901,1,1,1,0.9501305,0.9231691,1,1,2
0.4558495,0.7737352,1,1,1,0.8543354,0.9204065,1,1,2
0.4581252,0.7868035,1,1,1,0.8470006,0.9179968,1,1,2
0.4608434,0.8009557,1,1,1,0.8399876,1,1,1,2
0.4640171,0.8162678,1,1,1,0.8332936,1,1,1,2
0.4676579,0.8328196,1,1,1,0.8269168,1,1,1,2
0.4717752,0.8506955,1,1,1,0.8208559,1,1,0.967244,2
0.4763835,0.8699945,1,1,1,0.8151108,1,1,0.9626698,2
0.657571,1,1,1,0.9784967,0.8096349,1,1,0.9583656,2
0.6613702,1,1,1,0.8971852,0.801524,1,1,0.955851,2
0.6650904,1,1,1,0.8319457,0.7932158,1,1,0.9534515,2
0.6687158,1,1,1,0.7784937,0.7847073,1,1,0.9511479,2
0.6722354,1,1,1,0.7441005,0.7759985,1,1,0.9489215,2
0.6756557,1,1,1,0.7347702,0.7671081,1,1,0.9467545,2
0.6790069,1,1,1,0.7253926,0.7580725,1,1,0.9446243,2
0.6822792,1,1,1,0.715963,0.74889,1,1,0.9425246,2
0.685461,1,1,1,0.7064781,0.7395604,1,1,1,2
0.6893638,1,1,1,0.6972431,0.7307471,1,1,1,2
0.6932075,1,1,1,0.68796,0.7217946,1,1,1,2
0.696982,1,1,1,0.6786249,0.712701,1,1,1,2
0.7006744,1,1,1,0.669234,0.7034655,1,1,1,2
0.7042764,1,1,1,0.6597853,0.6940888,1,1,1,1
0.7077771,1,1,1,0.6502768,0.684572,1,1,1,1
0.7111667,1,1,1,0.6407076,0.6749178,1,1,1,1
0.7144401,1,1,1,0.6310781,0.66513,1,1,1,1
0.7175928,1,1,1,0.6213884,0.6552126,1,1,1,1
0.7206183,1,1,1,0.6116406,0.6451714,1,1,1,1
0.7235138,1,1,1,0.6018361,0.635012,1,1,1,1
0.7262748,1,1,1,0.5919774,0.6247411,1,1,1,1
0.7289037,1,1,1,0.5820673,0.6143656,1,1,1,1
0.7313977,1,1,1,0.5721086,0.6038926,1,1,1,1
0.7337573,1,1,1,0.562105,0.5933301,1,1,1,1
0.7359809,1,1,1,0.5520601,0.5826858,1,1,1,1
0.738074,1,1,1,0.5419775,0.5719677,1,1,1,1
0.7400394,1,1,1,0.5318612,0.5611836,1,1,1,1
0.7418799,1,1,1,0.5217148,0.5503415,1,1,1,1
0.7435989,1,1,1,0.511542,0.5394486,1,1,1,1
0.7452,1,1,1,0.5013467,0.528513,1,1,1,1
0.7466873,1,1,1,0.4911324,0.5175413,1,1,1,1
1,1,1,1,0.4809024,0.5065406,1,0.6786236,1,0
0.7424737,1,1,1,0.4689611,0.4920076,1,0.6336543,1,0
0.7391413,1,1,1,0.4577378,0.4788873,0.5476657,0.5980859,1,0
0.7338863,1,1,1,0.4462436,0.4650494,0.5281832,0.5588787,1,0
0.7288203,1,1,1,0.4349864,0.451575,0.5094248,0.5488274,1,0
0.7239348,1,1,1,0.473422,0.4384452,0.4913455,0.5552621,1,0
0.7192212,1,1,1,0.5846334,0.4256423,0.4739043,0.5623835,1,0
0.7146689,1,1,1,1,0.4131496,0.457063,0.5702322,1,0
0.7105626,1,1,1,1,0.4010607,0.4410707,0.5782725,1,0
0.7068273,1,1,1,1,0.3893149,0.4258091,0.5864773,1,0
0.7034137,1,1,1,1,0.377865,0.4111892,1,1,1
0.7028208,1,1,1,1,0.3674901,0.399527,1,1,1
0.7021835,1,1,1,1,0.3571247,0.3878868,1,1,1
0.7015051,1,1,1,1,0.3467703,0.376272,1,1,1
0.7007886,1,1,1,1,0.3364283,0.3646865,1,1,1
0.7000335,1,1,1,1,0.3260992,0.3531324,1,1,1
1,1,1,1,1,0.3157844,0.3416131,1,0.5996147,0
0.6953582,1,1,1,1,0.3419668,0.3276639,1,0.5246037,0
0.6915995,1,1,1,1,0.4076074,0.3141128,0.4256362,0.4832757,0
0.6879645,1,1,1,1,0.5040258,0.3009377,0.4022391,0.487579,0
0.6844479,1,1,1,1,1,0.2881179,0.3800176,0.492384,0
0.6810421,1,1,1,1,1,0.275635,0.358882,0.4977102,0
0.6777453,1,1,1,1,1,0.2634704,0.3387505,0.5035726,0
0.6745533,1,1,1,1,1,0.2516076,0.3195498,0.5099913,0
0.6714649,1,1,1,1,1,0.2400306,0.3012134,0.5169848,0
0.6684729,1,1,1,1,1,0.249681,0.2836812,1,0
0.6659125,1,1,1,1,1,0.2728076,0.2687073,1,0
0.6633539,1,1,1,1,1,0.29828,0.2541909,1,0
0.6607856,1,1,1,1,1,0.3262724,0.2400881,1,0
0.6582029,1,1,1,1,1,0.356929,0.2263597,0.3761367,0
0.6555,1,1,1,1,1,0.41717,0.2113357,0.3436073,0
0.6528823,1,1,1,1,1,1,0.1969002,0.3135746,0
0.6503495,1,1,1,1,1,1,0.1830158,0.2857646,0
0.6478982,1,1,1,1,1,1,0.1696493,0.259944,0
0.6455251,1,1,1,1,1,1,0.1651754,0.2359096,0
0.6432302,1,1,1,1,1,1,0.1791283,0.2134859,0
0.6410102,1,1,1,1,1,1,0.1947039,0.1925198,0
0.6388652,1,1,1,1,1,1,0.2121178,0.1728773,0
0.6367952,1,1,1,1,1,1,0.2316275,0.1544399,0
0.6347975,1,1,1,1,1,1,0.2535505,0.1371032,0
0.632872,1,1,1,1,1,1,0.2782643,0.1447107,0
0.631016,1,1,1,1,1,1,0.3062402,0.1541867,0
0.62923,1,1,1,1,1,1,0.338053,0.164376,0
0.627245,1,1,1,1,1,1,1,0.1750294,0
0.6234487,1,1,1,1,1,1,1,0.1842576,0
0.6194955,1,1,1,1,1,1,1,0.1936552,0
0.6153802,1,1,1,1,1,1,1,0.2032042,0
0.6111019,1,1,1,1,1,1,1,0.2128814,0
0.6066612,1,1,1,1,1,1,1,0.2226615,0
0.6020561,1,1,1,1,1,1,1,0.2325237,0
0.5972893,1,1,1,1,1,1,1,0.2424413,0
0.5923643,1,1,1,1,1,1,1,0.2523871,0
0.5872827,1,1,1,1,1,1,1,0.2623381,1
0.58205,1,1,1,1,1,1,1,0.2722666,1
0.5766694,1,1,1,1,1,1,1,0.2821494,1
0.5711486,1,1,1,1,1,1,1,0.2919588,1
0.5712209,1,1,1,1,1,1,1,1,2
0.6242989,1,1,1,1,1,1,1,1,2
0.6791219,1,1,1,1,1,1,1,1,2
0.7345775,1,1,1,1,1,1,1,1,2
0.7369419,1,1,1,1,1,1,1,1,2
0.7324712,1,1,1,1,1,1,1,1,2
0.7923119,1,1,1,1,1,1,1,1,2
0.8496688,1,1,1,1,1,1,1,1,2
0.9029564,1,1,1,1,1,1,1,1,1
1,1,1,1,1,1,1,1,1,1
1,1,1,1,1,1,1,1,1,1
1,1,1,1,1,1,1,1,1,1
1,1,1,1,1,1,1,1,1,1
1,1,1,1,1,1,1,1,1,1
1,1,1,1,1,1,1,1,1,1
1,1,1,1,1,1,1,1,1,1
1,1,1,1,1,1,1,1,1,1
1,1,1,1,1,1,1,1,1,1
1,1,1,1,1,1,1,1,1,1
1,1,1,1,1,1,1,1,1,1
1,1,1,1,1,1,1,1,1,1
1,1,1,1,1,1,1,1,1,1
1,1,1,1,1,1,1,1,1,1
1,1,1,1,1,1,1,1,1,1
1,1,1,1,1,1,1,1,1,1
1,1,1,1,1,1,1,1,1,1
1,1,1,1,1,1,1,1,1,1
1,1,1,1,1,1,1,1,1,1
1,1,1,1,1,1,1,1,1,1
1,1,1,1,1,1,1,1,1,1
1,1,1,1,1,1,1,1,1,1
1,1,1,1,1,1,1,1,1,1
1,1,1,1,1,1,1,1,1,1
1,1,1,1,1,1,1,1,1,1
1,1,1,1,1,1,1,1,1,1
1,1,1,1,1,1,1,1,1,1
1,1,1,1,1,1,1,1,1,1
1,1,1,1,1,1,1,1,1,1
1,1,1,1,1,1,1,1,1,1
1,1,1,1,1,1,1,1,1,1
1,1,1,1,1,1,1,1,1,1
1,1,1,1,1,1,1,1,1,1
1,1,1,1,1,1,1,1,1,1
1,0.9913238,1,1,1,1,1,1,1,1
1,0.9411932,1,1,1,1,1,1,1,1
1,0.8941981,1,1,1,1,1,1,1,2
1,0.8899611,1,1,1,1,1,1,1,2
1,0.8858037,1,1,1,1,1,1,1,2
1,0.8817302,1,1,1,1,1,1,1,2
1,0.8777413,1,1,1,1,1,1,1,2
1,0.8738381,1,1,1,1,1,1,1,2
1,0.8700247,1,1,1,1,1,1,1,2
1,0.8663047,1,1,1,1,1,1,1,2
1,0.8626793,1,1,1,1,1,1,1,2
1,0.859149,1,1,1,1,1,1,1,2
1,0.855718,1,1,1,1,1,1,1,2
1,0.8523867,1,1,1,1,1,1,1,2
1,0.8491591,1,1,1,1,1,1,1,2
1,0.8460358,1,1,1,1,1,1,1,2
1,0.8430174,1,1,1,1,1,1,1,2
1,0.8401076,1,1,1,1,1,1,1,2
1,0.83731,1,1,1,1,1,1,1,2
1,0.8346217,1,1,1,1,1,1,1,2
1,0.8320465,1,1,1,1,1,1,1,2
1,0.8295845,1,1,1,1,1,1,1,2
1,0.8272392,1,1,1,1,1,1,1,2
1,0.8250105,1,1,1,1,1,1,1,2
1,1,1,1,1,1,1,1,1,1
1,1,1,1,1,1,1,1,1,1
1,1,1,1,1,1,1,1,1,1
1,1,1,1,1,1,1,1,1,1
1,1,1,1,1,1,1,1,1,1
1,1,1,1,1,1,1,1,1,1
1,1,1,1,1,1,1,1,1,1
0.7625858,1,1,1,1,1,1,1,1,2
0.757991,1,1,1,1,1,1,1,1,2
0.7535596,1,1,1,1,1,1,1,1,2
0.7492951,1,1,1,1,1,1,1,1,2
0.745207,1,1,1,1,1,1,1,1,2
0.7412956,1,1,1,1,1,1,1,1,2
0.7375702,1,1,1,1,1,1,1,1,2
0.7340335,1,1,1,1,1,1,1,1,2
0.7306916,1,1,1,1,1,0.9436976,1,1,2
0.7275504,1,1,1,1,1,0.8929417,1,1,2
0.7246049,1,1,1,1,1,0.8814551,1,1,2
0.7218481,1,1,1,1,1,0.8732287,1,1,2
0.719279,1,1,1,1,1,0.8650461,1,1,2
0.7168968,1,1,1,1,1,0.8569036,1,1,2
0.7147002,1,1,1,1,1,0.8487961,1,1,2
0.7126876,1,1,1,1,1,0.8407189,1,1,2
1,1,1,1,1,1,0.8326668,1,1,1
1,1,1,1,1,1,0.8223761,1,1,1
1,1,1,1,1,1,0.8120828,1,1,1
1,1,1,1,1,1,0.8017884,1,1,1
1,1,1,1,1,1,0.7914943,1,1,1
1,1,1,1,1,1,0.7812019,1,1,1
1,1,1,1,1,1,0.7709123,1,1,1
1,1,1,1,1,1,0.7842278,1,1,1
1,1,1,1,1,1,0.802327,1,1,1
1,1,1,1,1,1,0.8201653,1,1,1
1,1,1,1,1,1,0.8377018,1,1,1
1,1,1,1,1,1,0.8548965,1,1,1
1,1,1,1,1,1,0.8717278,1,1,1
1,1,1,1,1,1,0.88816,0.8524618,1,0
1,1,1,1,1,1,0.9211585,0.8375562,1,0
1,1,1,1,1,1,0.9562731,0.8227481,1,0
1,1,1,1,1,1,0.993632,0.8080456,0.9981438,0
1,1,1,1,1,1,1,0.7934176,1,0
1,1,1,1,1,1,1,0.7788099,1,0
1,1,1,1,1,1,1,0.7641733,1,0
1,1,1,1,1,1,1,0.749525,1,0
1,1,1,1,1,1,1,0.7348828,1,0
1,1,1,1,1,1,1,0.7202634,1,0
1,1,1,1,1,1,1,0.7056836,1,0
1,1,1,1,1,1,1,0.6911593,1,0
1,1,1,1,1,1,1,0.6767056,1,0
1,1,1,1,1,1,1,0.6623371,1,0
1,1,1,1,1,1,1,0.6480672,1,0
1,1,1,1,1,1,1,0.6339086,1,0
1,1,1,1,1,1,1,0.6198729,1,0
1,1,1,1,1,1,1,0.6059707,1,0
1,1,1,1,1,1,1,0.5922117,1,0
1,1,1,1,1,1,1,0.5786041,1,0
1,1,1,1,1,1,1,0.5651556,1,0
1,1,1,1,1,1,1,0.5518726,1,0
1,1,1,1,1,1,1,0.5387601,1,0
1,1,1,1,1,1,1,0.5351833,1,0
1,1,1,1,1,1,1,0.5533212,0.7412014,0
1,1,1,1,1,1,1,0.5819594,0.7111471,0
1,1,1,1,1,1,1,0.6132811,0.6825902,0
1,1,1,1,1,1,1,0.6475006,0.6555008,0
1,1,1,1,1,1,1,0.6848227,0.629833,0
1,1,1,1,1,1,1,0.7254797,0.6055283,0
1,1,1,1,1,1,1,0.7697001,0.5825199,0
1,1,1,1,1,1,1,1,0.5607358,0
1,1,1,1,1,1,1,1,0.5414722,0
1,1,1,1,1,1,1,1,0.5226849,0
1,1,1,1,1,1,1,1,0.5043981,0
1,1,1,1,1,1,1,1,0.4866301,0
1,1,1,1,1,1,1,1,0.4693939,0
1,1,1,1,1,1,1,1,0.484839,0
1,1,1,1,1,1,1,1,0.502088,0
1,1,1,1,1,1,1,1,0.5197586,0
1,1,1,1,1,1,1,1,0.5378132,0
1,1,1,1,1,1,1,1,0.5562166,0
1,1,1,1,1,1,1,1,0.5749311,0
1,1,1,1,1,1,1,1,0.5939213,0
1,1,1,1,1,1,1,1,0.6131396,0
1,1,1,1,1,1,1,1,0.6325473,0
1,1,1,1,1,1,1,1,0.6520987,0
1,1,1,1,1,1,1,1,0.6717461,0
1,1,1,1,1,1,1,1,0.6914478,0
1,1,1,1,1,1,1,1,1,1
1,1,1,1,1,1,1,1,1,1
1,1,1,1,1,1,1,1,1,1
1,1,1,1,1,1,1,1,1,1
1,1,1,1,1,1,1,1,1,1
1,1,1,1,1,1,1,1,1,1
1,1,1,1,1,1,1,1,1,1
1,1,1,1,1,1,1,1,1,1
1,1,1,1,1,1,1,1,1,1
1,1,1,1,1,1,1,1,1,1
1,1,1,1,1,1,1,1,1,1
1,1,1,1,1,1,1,1,1,1
1,1,1,1,1,1,1,1,1,1
1,1,1,1,1,1,1,1,1,1
1,1,1,1,1,1,1,1,1,1
1,1,1,1,1,1,1,1,1,1
1,1,1,1,1,1,1,1,1,1
1,1,1,1,1,1,1,1,1,1
1,1,1,1,1,1,1,1,1,1
1,1,1,1,1,1,1,1,1,1
1,1,1,1,1,1,1,1,1,1
1,1,1,1,1,1,1,1,1,1
1,1,1,1,1,1,1,1,1,1
1,1,1,1,1,1,1,1,1,1
1,1,1,1,1,1,1,1,1,1
1,1,1,1,1,1,1,1,1,1
1,1,1,1,1,1,1,1,1,1
1,1,1,1,1,1,1,1,1,1
1,1,1,1,1,1,1,1,1,1
1,1,1,1,1,1,1,1,1,1
1,1,1,1,1,1,1,1,1,1
1,1,1,1,1,1,1,1,1,1
1,1,1,1,1,0.9909981,1,1,1,1
1,1,1,1,1,0.9786684,1,1,1,1
1,1,1,1,0.9933451,0.9667612,1,1,1,1
1,1,1,1,0.9825314,0.9555395,1,1,1,1
1,1,1,1,0.9712508,0.9451478,1,1,1,1
1,1,1,1,0.9595259,0.9355531,1,1,1,1
1,1,1,1,0.9473821,0.9267453,1,1,1,1
1,1,1,1,0.9348463,0.918698,1,1,1,1
1,1,1,1,0.9219484,0.9114003,1,1,1,1
1,1,1,1,0.9087197,0.9048374,1,1,1,2
1,1,1,1,0.8951924,0.8989965,1,1,1,2
1,1,1,1,0.8814,0.8938734,1,1,1,2
1,1,1,1,0.8673764,0.8894528,1,1,1,2
1,1,1,1,0.8531556,0.8857341,1,1,1,2
1,1,1,0.9947473,0.838771,0.8827114,1,1,1,2
1,1,1,0.9751282,0.8241435,0.8806542,1,1,1,2
1,1,1,0.9547335,0.8090253,0.8803061,1,1,1,2
1,1,1,0.9336853,0.7934842,0.8817337,1,1,1,2
1,1,1,0.912114,0.7775937,0.8850191,1,1,1,2
1,1,1,0.8901528,0.7614308,0.8902545,1,1,1,2
1,1,1,0.8679358,0.7450731,0.8975366,1,1,1,2
1,1,1,0.8455923,0.7285975,0.9069743,1,1,1,2
1,1,1,0.8232452,0.7120779,0.9186969,0.8409368,1,1,2
1,1,1,0.8001447,0.695058,0.9352125,0.8305438,1,1,2
1,1,1,0.7773815,0.6839141,0.9544969,0.8202342,1,1,2
1,1,1,0.7551394,0.6905811,1,0.8100456,1,1,2
1,1,1,0.7339639,0.6972932,1,0.80006,1,1,2
1,1,1,0.713329,0.7048592,1,0.7901964,1,1,2
1,1,1,0.6932491,0.7132724,1,0.7804572,1,1,2
1,1,1,0.6737305,0.7225251,1,0.7708418,1,1,2
1,1,0.8557367,0.6547714,0.7326146,1,0.7613469,1,1,2
1,1,0.8201626,0.6340473,0.750729,1,0.7518299,1,1,2
1,1,0.7858077,0.6137428,0.7721003,1,0.7425131,1,1,2
1,1,0.7528397,0.5939544,0.7969697,1,0.7334158,1,1,2
1,1,0.7213637,0.5937217,0.8256062,1,0.7245469,1,1,2
1,1,0.6917542,0.606023,0.857361,1,0.71589,1,1,2
1,1,0.6640881,0.6190407,1,1,1,1,1,2
1,1,0.6386541,0.6318687,1,1,1,1,1,2
1,1,0.6142236,0.6461822,1,1,1,1,1,2
1,1,0.5907754,0.6620513,1,1,1,1,1,2
1,1,0.5682786,0.6795523,1,1,1,1,1,2
1,1,0.5466953,0.6987687,1,1,1,1,1,2
1,1,0.5259823,0.7197842,1,0.6503788,1,1,1,2
1,1,0.5056144,0.7447358,1,0.6397706,1,1,1,2
1,1,0.4862003,0.7715061,1,0.6293873,1,1,1,2
1,1,0.4930252,1,1,0.6192007,1,1,1,2
1,1,0.4987232,1,1,0.6092161,1,1,1,2
1,0.7133617,0.5045285,1,1,0.5993162,1,1,1,2
1,0.6694002,0.517415,1,1,0.5895556,1,1,1,2
1,0.6286106,0.5317517,1,1,0.5800154,1,1,1,2
1,0.5906519,0.5476968,1,1,0.5706876,1,1,1,2
1,0.5552309,0.5654403,1,1,0.5615647,1,1,1,2
1,0.5220934,0.5851911,1,0.5510234,0.5526399,1,1,1,2
1,0.4910177,0.6072084,1,0.5403299,0.5439063,1,1,1,2
1,0.4618099,0.6317843,1,0.5298873,0.5353576,1,1,1,2
1,0.4342998,0.6592816,1,0.5196858,1,1,1,1,2
1,0.408337,1,1,0.5097161,1,1,1,1,2
1,0.3848343,1,1,0.4999284,1,1,1,1,2
1,0.3877994,1,1,0.490309,1,1,1,1,2
1,0.3952938,1,1,0.4808237,1,1,1,1,2
0.6673036,0.4030285,1,0.4716466,0.4714415,1,1,1,1,2
0.6031843,0.4132196,1,0.4608947,0.4623859,1,1,1,1,2
0.5459971,0.4243546,1,0.4503999,0.4535176,1,1,1,1,2
0.4946785,0.4365095,1,0.4401523,0.4448303,1,1,1,1,2
0.4483722,0.4497698,1,0.4301422,0.436318,1,1,1,1,2
0.4063814,0.464227,1,0.4203606,1,1,1,1,1,2
0.3681322,0.4799944,1,0.4107991,1,1,1,1,1,2
0.337666,0.4971856,1,0.4014495,1,1,1,1,1,2
0.3444529,0.5159456,1,0.3923041,1,1,1,1,1,2
0.3517894,0.536429,0.3866166,0.3833559,1,1,1,1,1,2
0.3597037,0.5588195,0.3757057,0.3745981,1,1,1,1,1,2
0.3682271,1,0.3650876,0.3660243,1,1,1,1,1,2
0.3773899,1,0.3547506,1,1,1,1,1,1,2
0.3872256,1,0.3446838,1,1,1,1,1,1,2
0.3977751,1,0.3348767,1,1,1,1,1,1,2
0.4090835,1,0.3253196,1,1,1,1,1,1,2
0.4210745,1,0.316004,1,1,1,1,1,1,2
0.4334129,1,0.306908,1,1,1,1,1,1,2
0.4460558,1,0.2979961,1,1,1,1,1,1,2
0.4589511,1,0.2892372,1,1,1,1,1,1,2
0.4720542,1,0.2806046,1,1,1,1,1,1,2
0.4853159,0.2910011,1,1,1,1,1,1,1,2
0.5024976,0.2795246,1,1,1,1,1,1,1,2
1,0.2684556,1,1,1,1,1,1,1,2
1,1,1,1,1,1,1,1,1,1
1,1,1,1,1,1,1,0.9249188,1,1
1,1,1,1,1,1,1,0.9268268,1,1
1,1,1,1,1,1,1,0.9287284,1,1
1,1,1,1,1,1,1,0.9306186,1,1
1,1,1,1,1,1,1,0.9324977,1,1
1,1,1,1,1,1,1,0.9343653,1,1
1,1,1,1,1,1,1,0.9362211,1,1
1,1,1,1,1,1,1,0.9380652,1,1
1,1,1,1,1,1,1,0.9398934,1,1
1,1,1,1,1,1,1,0.9417052,1,1
1,1,1,1,1,1,1,0.9435011,1,1
1,1,1,1,1,1,1,0.9452808,1,1
1,1,1,1,1,1,1,0.9470445,1,1
1,1,1,1,1,1,1,0.948788,1,1
1,1,1,1,1,1,1,0.9505154,1,1
1,1,1,1,1,1,1,0.952223,1,1
1,1,1,1,1,1,1,0.9539107,1,1
1,1,1,1,1,1,1,0.9555744,1,1
1,1,1,1,1,1,1,0.9572189,1,1
1,1,1,1,1,1,1,0.95884,0.9794253,1
1,1,1,1,1,1,1,0.961166,0.9388208,1
1,1,1,1,1,1,1,0.9649148,0.8943145,0
1,1,1,1,1,1,1,0.9702491,0.8464264,0
0.9999119,1,1,1,1,1,1,0.9773434,0.7958851,0
0.9974564,1,1,1,1,1,1,1,0.7539887,0
0.9948252,1,1,1,1,1,1,1,0.7572376,0
0.9922494,1,1,1,1,1,1,1,0.7606066,0
0.9897264,1,1,1,1,1,1,1,0.764084,0
0.9872479,1,1,1,1,1,1,1,0.767664,0
0.9848094,1,1,1,1,1,1,1,0.7713381,0
0.982406,1,1,1,1,1,1,1,0.7750977,0
0.9800335,1,1,1,1,1,1,1,0.7789342,0
1,1,1,1,1,1,1,1,0.7828422,0
1,1,1,1,1,1,1,1,0.7871293,0
1,1,1,1,1,1,1,1,0.7915258,0
1,1,1,1,1,1,1,1,0.7960208,0
1,1,1,1,1,1,1,1,0.8006133,0
1,1,1,1,1,1,1,1,0.8052928,0
1,1,1,1,1,1,1,1,0.810055,0
1,1,1,1,1,1,1,1,0.8148921,0
1,1,1,1,1,1,1,1,0.8198002,0
1,1,1,1,1,1,1,1,0.8247717,0
1,1,1,1,1,1,1,1,0.8297988,0
1,1,1,1,1,1,1,1,0.834874,0
1,1,1,1,1,1,1,1,0.8399935,0
1,1,1,1,1,1,1,1,0.8451494,0
1,1,1,1,1,1,1,1,0.8503345,0
1,1,1,1,1,1,1,1,0.855545,0
1,1,1,1,1,1,1,1,0.8607739,0
1,1,1,1,1,1,1,1,0.8660132,0
1,1,1,1,1,1,1,1,1,1
1,1,1,1,1,1,1,1,1,1
1,1,1,1,1,1,1,1,1,1
1,1,1,1,1,1,1,1,1,1
1,1,1,1,1,1,1,1,1,1
1,1,1,1,1,1,1,1,1,1
1,1,1,1,1,1,1,1,1,1
1,1,1,1,1,1,1,1,1,1
1,0.9989189,1,1,1,1,1,1,1,1
1,1,1,1,1,1,1,1,1,1
1,1,1,1,1,1,1,1,1,1
1,1,1,1,1,1,1,1,1,1
1,1,1,1,1,1,1,1,1,1
1,1,1,1,1,1,1,1,1,1
1,1,1,1,1,1,1,1,1,1
1,1,1,1,1,1,1,1,1,1
1,1,1,1,1,1,1,1,1,1
1,1,1,1,1,1,1,1,1,1
1,1,1,1,1,1,1,1,1,1
1,1,1,1,1,1,1,1,1,1
1,1,1,1,1,1,1,1,1,1
1,1,1,1,1,1,1,1,1,1
1,1,1,1,1,1,1,1,1,1
1,1,1,1,1,1,1,1,1,1
1,1,1,1,1,1,1,1,1,1
1,1,1,1,1,1,1,1,1,1
1,1,1,1,1,1,1,1,1,1
1,1,1,1,1,1,1,1,1,1
1,1,1,1,1,1,1,1,1,1
1,1,1,1,1,1,1,1,1,1
1,1,1,1,1,1,1,1,1,1
1,1,1,1,1,1,1,1,1,1
1,0.9801038,1,1,1,1,1,1,1,1
0.8397592,0.9561634,1,1,1,1,1,1,1,2
0.8365657,0.9177309,1,1,1,1,1,1,1,2
0.8344582,0.8778421,1,1,1,1,1,1,1,2
0.832597,0.8369871,1,1,1,1,1,1,1,2
0.8310415,0.7956128,1,1,1,1,1,1,1,2
0.8298566,0.7961041,1,1,1,1,1,1,1,2
0.8289884,0.8006066,1,1,1,1,1,1,1,2
0.82842,0.8054262,1,1,1,1,1,1,1,2
0.8281428,0.8105525,1,1,1,1,1,1,1,2
0.8281442,0.8159703,1,1,1,1,1,1,1,2
1,0.8216677,1,1,1,1,1,1,1,2
1,0.8236459,1,1,1,1,1,1,1,2
1,0.8256941,1,1,1,1,1,1,1,2
1,0.8278105,1,1,1,1,1,1,1,2
1,0.8299894,1,1,1,1,1,1,1,2
1,0.8322331,1,1,1,1,1,1,1,2
1,0.8345355,1,1,1,1,1,1,1,2
1,0.8368915,1,1,1,1,1,1,1,2
1,0.8392987,1,1,1,1,1,1,1,2
1,0.841756,1,1,1,1,1,1,1,2
1,0.8442612,1,1,1,1,1,1,1,2
1,0.8468088,1,1,1,1,1,1,1,2
0.9489336,0.8493971,1,1,1,1,1,1,1,2
0.871002,0.8534046,1,1,1,1,1,1,1,2
0.7874768,0.8596421,1,1,1,1,1,1,1,2
0.7018784,1,1,1,1,1,1,1,1,2
0.6999077,1,1,1,1,1,1,1,1,2
0.7021564,1,1,1,1,1,1,1,1,2
0.7046223,1,1,1,1,1,1,1,1,2
0.7073027,1,1,1,1,1,1,1,1,2
0.7101945,1,1,1,1,1,1,1,1,2
0.713292,1,1,1,1,1,1,1,1,2
0.7165883,1,1,1,1,1,1,1,1,2
0.7200802,1,1,1,1,1,1,1,1,2
0.723761,1,1,1,1,1,1,1,1,2
0.7276265,1,1,1,1,1,1,1,1,2
0.73167,1,1,1,1,1,1,1,1,2
0.7358839,1,1,1,1,1,1,1,1,2
0.7402608,1,1,1,1,1,1,1,1,2
0.7447962,1,1,1,1,1,1,1,1,2
0.7494823,1,1,1,1,1,1,1,1,2
0.7543113,1,1,1,1,1,1,1,1,2
0.7592782,1,0.9938205,1,1,1,1,1,1,2
0.7643996,1,0.9810891,1,1,1,1,1,1,2
0.7696936,1,0.968546,1,1,1,1,1,1,2
0.7751544,1,0.9561881,1,1,1,1,1,1,2
1,1,0.9440112,1,1,1,1,1,1,1
1,1,0.9338062,1,1,1,1,1,1,1
1,1,0.9235838,1,1,1,1,1,1,1
1,1,0.913345,1,1,1,1,1,1,1
1,1,0.9030911,1,1,1,1,1,1,1
1,1,0.8928235,1,1,1,1,1,1,1
1,1,0.8825432,1,1,1,1,1,1,1
1,1,0.8722523,1,1,1,1,1,1,1
1,1,0.8619515,1,1,1,1,1,1,1
1,1,0.8516426,1,1,1,1,1,1,1
1,1,0.841327,1,1,1,1,1,1,1
1,1,0.8310059,1,1,1,1,1,1,1
1,1,0.8206812,1,1,1,1,1,1,1
1,1,0.8103538,1,1,1,1,1,1,1
1,1,0.8000255,1,1,1,1,1,1,1
1,1,0.7896974,1,1,1,1,1,1,1
1,1,0.7793711,1,1,1,1,1,1,1
1,1,0.7964915,1,1,1,1,1,1,1
1,1,0.8136735,1,1,1,1,1,1,1
1,1,0.8305885,1,1,1,1,1,1,1
1,1,0.8471851,1,1,1,1,1,1,1
1,0.8913005,0.8634572,1,1,1,1,1,1,1
1,0.8765485,0.8910953,1,1,1,1,1,1,1
1,0.861845,0.9204562,1,1,1,1,1,1,1
1,0.8472008,0.9516352,1,1,1,1,1,1,1
1,0.8326254,0.9847347,1,1,1,1,1,1,2
1,0.8181278,1,1,1,1,1,1,1,2
0.9991357,0.8036269,1,1,1,1,1,1,1,2
0.9712459,0.7890495,1,1,1,1,1,1,1,2
0.941704,0.7738875,1,1,1,1,1,1,1,2
0.9107119,0.7581858,1,1,1,1,1,1,1,2
0.8785191,0.7420062,1,1,1,1,1,1,1,2
0.8454127,0.7254254,1,1,1,1,1,1,1,2
0.8404654,0.7085329,1,1,1,1,1,1,1,2
0.850785,0.6918631,1,1,1,1,1,1,1,2
0.8614405,0.6756603,1,1,1,1,1,1,1,2
0.8724173,0.6599112,1,1,1,1,1,1,1,2
0.8836955,0.6446019,1,1,1,1,1,1,1,2
0.8952545,0.6297158,1,1,1,1,1,1,1,2
0.9070719,0.6152362,1,1,1,1,1,1,1,2
0.9191253,0.6011449,1,1,1,1,1,1,1,2
0.9313909,0.587424,1,1,1,1,1,1,1,2
0.9438443,0.5740548,1,1,1,1,1,1,1,2
0.9564615,0.5610193,1,1,1,1,1,1,1,2
0.7800581,0.5749117,1,1,1,1,1,1,1,2
0.7521992,0.6033986,1,1,1,1,1,1,1,2
0.725512,0.6343319,1,1,1,1,1,1,1,2
0.6999907,0.6678751,1,1,1,1,1,1,1,2
0.6756157,0.7042153,1,1,1,1,1,1,1,2
0.6523563,0.7435239,1,1,1,1,1,1,1,2
0.6301732,0.7859948,1,1,1,1,1,1,1,2
0.6090206,0.8318108,1,1,1,1,1,1,1,2
0.5888489,1,1,1,1,1,1,1,1,2
0.570464,1,1,1,1,1,1,1,1,2
0.5524665,1,1,1,1,1,1,1,1,2
0.5348817,1,1,1,1,1,1,1,1,2
0.5177305,1,1,1,1,1,1,1,1,2
0.5010289,1,1,1,1,1,1,1,1,2
0.5021511,1,1,1,1,1,1,1,1,2
0.5198019,1,1,1,1,1,1,1,1,2
0.5378362,1,1,1,1,1,1,1,1,2
0.5562242,1,1,1,1,1,1,1,1,2
0.5749227,1,1,1,1,1,1,1,1,2
0.5938917,1,1,1,1,1,1,1,1,2
0.6130943,1,1,1,1,1,1,1,1,2
0.6324861,1,1,1,1,1,1,1,1,2
0.6520215,1,1,1,1,1,1,1,1,2
0.6716536,1,1,1,1,1,1,1,1,2
0.6913397,1,1,1,1,1,1,1,1,2
0.7110373,1,1,1,1,1,1,1,1,2
0.7306975,1,1,1,1,1,1,1,1,2
0.7502776,1,1,1,1,1,1,1,1,2
1,1,1,1,1,1,1,1,1,1
1,1,1,1,1,1,1,1,1,1
1,1,1,1,1,1,1,1,1,1
1,1,1,1,1,1,1,1,1,1
1,1,1,1,1,1,1,1,1,1
1,1,1,1,1,1,1,1,1,1
1,1,1,1,1,1,1,1,1,1
1,1,1,1,1,1,1,1,1,1
1,1,1,1,1,1,1,1,1,1
1,1,1,1,1,1,1,1,1,1
1,1,1,1,1,1,1,1,1,1
1,1,1,1,1,1,1,1,1,1
1,1,1,1,1,1,1,1,1,1
1,1,1,1,1,1,1,1,1,1
1,1,1,1,1,1,1,1,1,1
1,1,1,1,1,1,1,1,1,1
1,1,1,1,1,1,1,1,1,1
1,1,1,1,1,1,1,1,1,1
1,1,1,1,1,1,1,1,0.9940494,1
1,1,1,1,1,1,1,1,0.9862502,1
1,1,1,1,1,1,1,1,0.9783071,1
1,1,1,1,1,1,1,1,0.9702252,1
1,1,1,1,1,1,1,1,0.9620096,1
1,1,1,1,1,1,1,1,0.9536629,1
1,1,1,1,1,1,1,1,0.9451944,1
1,1,1,1,1,1,1,1,0.9366043,1
1,1,1,1,1,1,1,1,0.9279028,1
1,1,1,1,1,1,1,1,0.9190981,1
1,1,1,1,1,1,1,1,0.9101944,1
1,1,1,1,1,1,1,1,0.9012005,1
1,1,1,1,1,1,1,1,0.8965599,1
1,1,1,1,1,1,1,1,0.920557,1
1,1,1,1,1,1,1,1,0.9432696,1
1,1,1,1,1,1,1,1,0.9646156,1
1,1,1,1,1,1,1,1,0.9845475,1
1,1,1,1,1,1,1,1,1,1
1,1,1,1,1,1,1,1,1,1
1,1,1,1,1,1,1,1,1,1
1,1,1,1,1,1,1,1,1,1
1,1,1,1,1,1,1,1,1,1
1,1,1,1,1,1,1,1,1,1
1,1,1,1,1,1,1,1,1,1
1,1,1,1,1,1,1,1,1,1
1,1,1,1,1,1,1,1,1,1
1,1,1,1,1,1,1,1,1,1
1,1,1,1,1,1,1,1,1,1
1,1,1,1,1,1,1,1,1,1
1,1,1,1,1,1,1,1,1,1
1,1,1,1,1,1,1,1,1,1
1,1,1,1,1,1,1,1,1,1
1,1,1,1,1,1,1,1,1,1
1,1,1,1,1,1,1,1,1,1
1,1,1,1,1,1,1,1,1,1
1,1,1,1,1,1,1,1,1,1
1,1,1,1,1,1,1,1,1,1
1,1,1,1,1,1,1,1,1,1
1,1,1,1,1,1,1,1,1,1
1,1,1,1,1,1,1,1,1,1
1,1,1,1,1,1,1,1,1,1
1,1,1,1,1,1,1,1,1,1
1,1,1,1,1,1,1,1,1,1
1,1,1,1,1,1,1,1,1,1
1,1,1,1,1,1,1,1,1,1
1,1,1,1,1,1,1,1,1,1
1,1,1,1,1,1,1,1,1,1
1,1,1,1,1,1,1,1,1,1
1,0.8698487,1,1,1,1,1,1,1,1
1,0.8620784,1,1,1,1,1,1,1,1
1,0.8543106,1,1,1,1,1,1,1,1
1,0.846546,1,1,1,1,1,1,1,1
1,0.838785,1,1,1,1,1,1,1,1
1,0.8310286,1,1,1,1,1,1,1,1
1,0.8232775,1,1,1,1,1,1,1,1
1,0.8155324,1,1,1,1,1,1,1,1
1,0.8077938,1,1,1,1,1,1,1,1
1,0.8000623,1,1,1,1,1,1,1,1
1,0.7923387,1,1,1,1,1,1,1,1
1,0.7846234,1,1,1,1,1,1,1,1
1,0.7769171,1,1,1,1,1,1,1,1
1,0.7692204,1,1,1,1,1,1,1,1
1,0.7615337,0.996256,1,1,1,1,1,1,1
1,0.7538621,0.9888912,1,1,1,1,1,1,1
1,0.782154,0.981514,1,1,1,1,1,1,1
1,0.8361972,0.9740596,1,1,1,1,1,1,1
1,0.9031407,0.9664825,1,1,1,1,1,1,1
1,0.8956254,0.9587604,1,1,1,1,1,1,1
1,0.8881178,0.9510232,1,1,1,1,1,1,1
1,0.8806171,0.9432709,1,1,1,1,1,1,1
1,0.873123,0.9355032,1,1,1,1,1,1,1
1,0.8656346,0.9277204,1,1,1,1,1,1,1
1,0.8581516,0.9199225,1,1,1,1,1,1,1
1,0.8506734,0.9121095,1,1,1,1,1,1,1
1,0.8431994,0.9042815,1,1,1,1,1,1,1
1,0.8357292,0.896439,1,1,1,1,1,1,1
1,0.8282622,0.8885819,1,1,1,1,1,1,1
1,0.8207979,0.8807109,1,1,1,1,1,1,1
1,0.8133355,1,1,1,1,1,1,1,1
1,0.8057089,1,1,1,1,1,1,1,1
1,0.8261971,1,1,1,1,1,1,1,1
1,0.8812958,1,1,1,1,1,1,1,1
1,0.9350214,1,1,1,1,1,1,1,1
1,1,1,1,1,1,1,1,1,1
1,1,1,1,1,1,1,1,1,1
0.6935346,1,1,1,1,1,1,1,1,2
0.68174,0.7821205,1,1,1,1,1,1,1,2
0.6695788,0.7739462,1,1,1,1,1,1,1,2
0.6576,0.765888,1,1,1,1,1,1,1,2
0.6458141,0.7579502,1,1,1,1,1,1,1,2
0.6342291,0.7501358,1,1,1,1,1,1,1,2
0.6228521,0.7424477,1,1,1,1,1,1,1,2
0.6116892,0.734888,1,1,1,1,1,1,1,2
0.6326265,0.7274573,1,1,1,1,1,1,1,2
0.6574346,0.7201794,1,1,1,1,1,1,1,2
0.6822885,0.713038,1,1,1,1,1,1,1,2
0.7071129,0.7060145,1,1,1,1,1,0.9992763,1,2
0.7527182,0.6990934,1,1,1,1,1,0.9926354,1,2
0.7433051,0.6922699,1,1,1,1,1,0.9858091,1,2
0.7340718,0.6855052,1,1,1,1,1,0.9789346,1,2
0.7250116,0.6787951,1,1,1,1,1,0.9720114,1,2
0.716119,0.6721359,1,1,1,1,1,0.965039,1,1
0.7073876,0.6655239,1,1,1,1,1,0.9580139,1,1
0.6988112,0.6589554,1,1,1,1,1,0.9509362,1,1
0.6903832,0.6524262,1,1,1,1,1,0.9438032,1,1
0.6837059,0.6459334,1,1,1,1,1,0.9366155,1,1
0.7062459,0.639473,1,1,1,1,1,0.929366,1,1
0.7279105,0.633037,1,1,1,1,1,0.9219754,1,1
0.7486126,0.6266162,1,1,1,1,1,0.9144527,1,1
0.7682869,0.620203,1,1,1,1,1,0.9198325,1,1
0.6764358,0.6137961,1,1,1,1,1,0.9523439,1,1
0.6682675,0.6074263,1,1,1,1,1,0.9685953,1,2
0.6599615,1,1,1,1,1,1,0.9803174,1,2
0.6515476,1,1,1,1,1,1,0.9878376,1,2
0.6431245,1,1,1,1,1,1,0.9928319,1,2
0.6347343,1,1,1,1,1,1,0.9960188,1,2
0.6264052,1,1,1,1,1,1,0.9979242,1,2
0.618158,1,1,1,1,1,1,0.998925,1,2
0.6100057,1,1,1,1,1,1,0.9992912,1,2
0.6019578,1,1,1,1,1,1,0.9992164,1,2
0.5940197,1,1,1,1,1,1,0.9988416,1,2
0.5861953,1,1,1,1,1,1,0.9982634,1,2
0.5784864,1,1,1,1,1,1,0.9975559,1,2
0.5708935,1,1,1,1,1,1,0.996771,1,2
0.5634171,1,1,1,1,1,1,0.9959466,1,2
0.5560557,1,1,1,1,1,1,0.9951116,1,2
0.5488087,1,1,1,1,1,1,0.9942862,0.9953171,2
0.5417014,1,1,1,1,1,1,0.9940139,0.9894907,2
0.5347303,1,1,1,1,1,1,0.9943132,0.9834213,2
0.5278862,1,1,1,1,1,1,0.9951019,0.9771212,2
0.5211613,1,1,1,1,1,1,0.9963136,0.9705971,2
0.5145489,1,1,1,1,1,1,0.9978967,0.9638589,2
0.5129292,1,1,1,1,1,1,0.9998106,0.9569103,2
0.5490829,1,1,1,1,1,1,1,0.9497048,1
0.5850348,1,1,1,1,1,1,1,0.9417628,1
0.6204742,1,1,1,1,1,1,1,0.9330958,1
0.6551318,1,1,1,1,1,1,1,0.9237143,1
0.6887217,1,1,1,1,1,1,1,0.913642,1
0.72098,1,1,1,1,1,1,1,0.9029039,1
0.7516619,1,1,1,1,1,1,1,0.891528,1
0.7805371,1,1,1,1,1,1,1,0.8795516,1
0.9376413,1,1,1,1,1,1,1,0.8670114,1
0.9330536,1,1,1,1,1,1,1,0.8527005,1
0.9285444,1,1,1,1,1,1,1,0.8382155,1
0.9241155,1,1,1,1,1,1,1,0.8235703,0
0.9197685,1,1,1,1,1,1,1,0.8087839,0
0.928205,1,1,1,1,1,1,1,0.7938721,0
0.9395051,1,1,1,1,1,1,1,0.7787458,0
0.948555,1,1,1,1,1,1,1,0.7634059,0
0.9554498,1,1,1,1,1,1,1,0.7479039,0
0.9603208,1,1,1,1,1,1,0.9948656,0.7322834,0
0.9627429,1,1,1,1,1,1,0.9841244,0.7164682,0
0.9623041,1,1,1,1,1,1,0.9732924,0.7003943,0
0.9592659,1,1,1,1,1,1,0.9624103,0.684136,0
0.9538954,1,1,1,1,1,1,0.951526,0.6717204,0
0.9467882,1,1,1,1,1,1,0.9407102,0.6920208,0
0.9406037,1,1,0.9909026,1,1,1,0.9302152,0.7129763,0
0.9347883,1,1,0.9722683,1,1,1,0.9199842,0.7348101,0
0.9288881,1,1,0.9538918,1,1,1,0.9099742,0.7577853,0
0.9230882,1,1,0.9358416,1,1,1,0.9002031,0.7818888,0
0.9175479,1,1,0.9181746,1,1,1,0.8906844,0.807093,0
0.9124153,1,1,0.9009377,1,1,1,0.8814208,0.8333517,0
0.9077992,1,1,0.8841662,1,1,1,0.872417,0.8606008,0
0.9037994,1,1,0.867885,1,1,1,0.8636675,0.8887576,0
0.9004866,1,1,0.8521098,0.9961135,1,1,0.8613794,0.917722,0
0.8981467,1,1,0.8369335,0.9751525,1,1,1,0.947154,0
0.9054395,1,1,0.8255478,0.9605206,1,1,1,1,1
0.9143224,1,1,0.8148502,0.9470491,1,1,1,0.9619296,0
0.9194939,1,1,0.8029229,0.931568,1,1,1,0.9504725,0
0.9225604,1,1,0.7919185,0.9151174,1,1,1,0.9385234,0
0.9236433,1,1,0.7888691,0.8978205,1,1,1,0.9261658,0
0.9231563,1,1,0.7870387,0.8799505,1,1,1,0.9135681,0
0.9212599,1,1,0.7864407,0.8616277,1,1,1,0.9008121,0
0.9181298,1,1,0.787088,0.8429694,1,1,1,0.8879751,0
0.9139444,1,1,0.7890003,0.8240879,1,1,1,0.8751311,0
0.9088791,1,1,0.7922026,0.8050884,1,1,1,0.8623505,0
0.9031028,1,1,0.7967252,0.7860675,1,1,1,0.8496987,0
0.8967735,1,1,0.8026046,0.7671117,1,1,1,0.8372356,0
0.8900369,1,1,0.8098837,0.7482969,0.8865235,1,1,0.8250148,0
0.8787745,1,1,0.8241863,0.7276109,0.8568124,1,1,0.8118671,0
0.8669068,1,1,0.8418565,0.7070301,0.827442,1,1,0.7990085,0
0.8547378,1,1,0.8631735,0.6867066,0.7986544,1,1,0.7865475,0
0.842537,1,1,0.8884522,0.6667665,0.7706426,1,1,0.774573,0
0.8307845,1,1,1,0.6615202,0.7437467,1,1,0.7711114,0
0.8308979,1,1,1,0.6719047,0.7189762,1,1,0.8481095,0
0.8320764,1,1,1,0.6800646,0.6970801,1,1,0.9263723,0
0.8309038,1,1,1,0.6854993,0.677682,1,1,1,0
0.8273318,1,1,1,0.6879708,0.6603902,1,1,1,0
0.8237243,1,1,1,0.6908315,0.6433905,1,1,1,0
0.8200529,1,1,1,0.6940646,0.6266888,1,1,1,0
0.8162888,1,1,1,0.6976527,0.6102879,1,1,1,0
0.8124025,1,1,1,0.7015763,0.5941887,0.7744704,1,1,0
0.8151408,1,1,1,0.7165593,0.5751243,0.7426168,1,1,0
0.8187908,1,1,1,0.7343398,0.556365,0.7116712,1,1,0
0.8233326,1,1,1,0.7551907,0.5517575,0.6817471,1,1,0
0.8284014,1,1,1,0.7788277,0.5606265,0.6531614,1,1,0
0.8336161,1,1,1,1,0.5703244,0.6260918,1,1,0
0.8353809,1,1,1,1,0.5778355,0.6023896,1,1,0
0.837502,1,1,1,1,0.5863116,0.5794215,1,1,0
0.8399504,1,1,1,1,0.5958048,0.5571832,1,1,0
0.8426937,1,1,1,1,0.6063597,0.5356628,1,1,0
0.8456976,1,1,1,1,0.6180256,0.5148435,1,1,0
0.8489252,1,1,1,1,0.6308569,0.4947039,1,1,0
0.8523367,1,1,1,1,0.6449201,0.475219,1,1,0
0.8558885,1,1,1,1,0.6602736,0.4563618,1,1,0
0.8595335,1,1,1,1,0.6769887,0.4381734,1,1,0
0.863218,1,1,1,1,1,0.442896,1,1,0
0.8576208,1,1,1,1,1,0.4446696,1,1,0
0.8511055,1,1,1,1,1,0.4464074,1,1,0
0.8435892,1,1,1,1,1,0.4480739,0.6344362,1,0
1,1,1,1,1,1,0.458009,0.5908823,1,0
1,1,1,1,1,1,0.4691213,0.5506152,1,0
1,1,1,1,1,1,0.4815311,0.5132632,1,0
1,1,1,1,1,1,0.4953769,0.478509,1,0
1,1,1,1,1,1,0.5108196,0.4460797,1,0
1,1,1,1,1,1,0.528047,0.4157389,1,0
1,1,1,1,1,1,0.5472855,0.3872816,1,0
1,1,1,1,1,1,0.5687889,0.3605279,1,0
1,1,1,1,1,1,1,0.3353204,1,0
1,1,1,1,1,1,1,0.3394552,1,0
1,1,1,1,1,1,1,0.3460303,1,0
1,1,1,1,1,1,1,0.353145,1,0
1,1,1,1,1,1,1,0.3607543,0.5314601,0
1,1,1,1,1,1,1,0.3694848,0.4717627,0
1,1,1,1,1,1,1,0.379055,0.4188016,0
1,1,1,1,1,1,1,0.3895301,0.3714968,0
1,1,1,1,1,1,1,0.4009832,0.3289868,0
1,1,1,1,1,1,1,0.4134966,0.2938589,0
1,1,1,1,1,1,1,0.4271631,0.2989345,0
1,1,1,1,1,1,1,0.4420828,0.3044775,0
1,1,1,1,1,1,1,0.4583745,0.3105089,0
0.6295821,1,1,1,1,1,1,1,0.3170483,0
1,1,1,1,1,1,1,1,0.3217866,0
0.6243116,1,1,1,1,1,1,1,0.3291285,0
0.7155353,1,1,1,1,1,1,1,0.3342191,0
0.7408124,1,1,1,1,1,1,1,0.3402787,0
0.7458295,1,1,1,1,1,1,1,0.346773,0
0.750711,1,1,1,1,1,1,1,0.353521,0
0.7556579,1,1,1,1,1,1,1,0.3605204,0
0.7606912,1,1,1,1,1,1,1,0.3677701,0
0.7658156,1,1,1,1,1,1,1,0.3752733,0
0.7710315,1,1,1,1,1,1,1,0.383029,0
0.7763402,1,1,1,1,1,1,1,0.3910365,0
0.7817424,1,1,1,1,1,1,1,0.3992943,0
0.7872334,1,1,1,1,1,1,1,0.4078055,0
0.7928151,1,1,1,1,1,1,1,1,2
1,1,1,1,1,1,1,1,1,1
1,1,1,1,1,1,1,1,1,1
1,1,1,1,1,1,1,1,1,1
1,1,1,1,1,1,1,1,1,1
1,1,1,1,1,1,1,1,1,1
1,1,1,1,1,1,1,1,1,1
1,1,1,1,1,1,1,1,1,1
1,1,1,1,1,1,1,1,1,1
0.9728867,1,1,1,1,1,1,1,1,1
0.9686785,1,1,1,1,1,1,1,1,1
0.9644569,1,1,1,1,1,1,1,1,1
0.550517,1,1,1,1,1,1,1,1,2
0.5452655,1,1,1,1,1,1,1,1,2
0.5403902,1,1,1,1,1,1,1,1,2
0.5358934,1,1,1,1,1,1,1,1,2
0.5317832,1,1,1,1,1,1,1,1,2
0.5280643,1,1,1,1,1,1,1,1,2
0.5546437,1,1,1,1,1,1,1,1,2
0.9271463,1,1,1,1,1,1,1,1,1
0.9244315,1,1,1,1,1,1,1,1,1
0.9217553,1,1,1,1,1,1,1,1,1
0.9191187,1,1,1,1,1,1,1,1,1
0.9165255,1,1,1,1,1,1,1,1,1
0.9139767,1,1,1,1,1,1,1,1,1
1,1,1,1,1,1,1,1,1,1
1,1,1,1,1,1,1,1,1,1
1,1,1,1,1,1,1,1,1,1
1,1,1,1,1,1,1,1,1,1
1,1,1,1,1,1,1,1,1,1
1,1,1,1,1,1,1,1,1,1
1,1,1,1,1,1,1,1,1,1
1,1,1,1,1,1,1,1,1,1
1,1,1,1,1,1,1,1,1,1
1,1,1,1,1,1,1,1,1,1
1,1,1,1,1,1,1,1,1,1
1,1,1,1,1,1,1,1,1,1
1,1,1,1,1,1,1,1,1,1
1,1,1,1,1,1,1,1,1,1
1,1,1,1,1,1,1,1,1,1
1,1,1,1,1,1,1,1,1,1
1,1,1,1,1,1,1,1,1,1
1,1,1,1,1,1,1,1,1,1
1,1,1,1,1,1,1,1,1,1
1,1,1,1,1,1,1,1,1,1
1,1,1,1,1,1,1,1,1,1
1,1,1,1,1,1,1,1,1,1
1,1,1,1,1,1,1,1,1,1
1,1,1,1,1,1,1,1,1,1
1,1,1,1,1,1,1,1,1,1
1,1,1,1,1,1,1,1,1,1
1,1,1,1,1,1,1,1,1,1
1,1,1,1,1,1,1,1,1,1
1,1,1,1,1,1,1,1,1,1
1,1,1,1,1,1,1,1,1,1
1,1,1,1,1,1,1,1,1,1
1,1,1,1,1,1,1,1,1,1
1,1,1,1,1,1,1,1,1,1
1,1,1,1,1,1,1,1,1,1
1,1,1,1,1,1,1,1,1,1
1,1,1,1,1,1,1,1,1,1
1,1,1,1,1,1,1,1,1,1
1,1,1,1,1,1,1,1,1,1
1,1,1,1,1,1,1,1,1,1
1,1,1,1,1,1,1,1,1,1
1,1,1,1,1,1,1,1,1,1
1,1,1,1,1,1,1,1,1,1
1,1,1,1,1,1,1,1,1,1
1,1,1,1,1,1,1,1,1,1
1,1,1,1,1,1,1,1,1,1
1,1,1,1,1,1,1,1,1,1
1,1,1,1,1,1,1,1,1,1
1,1,1,1,1,1,1,1,1,1
1,1,1,1,1,1,1,1,1,1
1,1,1,1,1,1,1,1,1,1
1,1,1,1,1,1,1,1,1,1
1,1,1,1,1,1,1,1,1,1
1,1,1,1,1,1,1,1,1,1
1,1,1,1,1,1,1,1,1,1
1,1,1,1,1,1,1,1,1,1
1,1,1,1,1,1,1,1,1,1
1,1,1,1,1,1,1,1,1,1
1,1,1,1,1,1,1,1,1,1
1,1,1,1,1,1,1,1,1,1
1,1,1,1,1,1,1,1,1,1
1,1,1,1,1,1,1,1,1,1
1,1,1,1,1,1,1,1,1,1
1,1,1,1,1,1,1,1,1,1
1,1,1,1,1,1,1,1,1,1
1,1,1,1,1,1,1,1,1,1
1,1,1,1,1,1,1,1,1,1
1,1,1,1,1,1,1,1,1,1
1,1,1,1,1,1,1,1,1,1
1,1,1,1,1,1,1,1,1,1
1,1,1,1,1,1,1,1,1,1
1,1,1,1,1,1,1,1,1,1
1,1,1,1,1,1,1,1,1,1
1,1,1,1,1,1,1,1,1,1
1,1,1,1,1,1,1,1,1,1
1,1,1,1,1,1,1,1,1,1
1,1,1,1,1,1,1,1,1,1
1,1,1,1,1,1,1,1,1,1
1,1,1,1,1,1,1,1,1,1
1,1,1,1,1,1,1,1,1,1
1,1,1,1,1,1,1,1,1,1
1,1,1,1,1,1,1,1,1,1
1,1,1,1,1,1,1,1,1,1
1,1,1,1,1,1,1,1,1,1
1,1,1,0.9990944,1,1,1,1,1,1
1,1,1,0.9889392,1,1,1,1,1,1
1,1,1,0.9787711,1,1,1,1,1,1
1,1,1,0.9685909,1,1,1,1,1,1
1,1,1,0.9583987,1,1,1,1,1,1
1,1,1,0.9481952,1,1,1,1,1,1
1,1,1,0.9379808,1,1,1,1,1,1
1,1,1,0.927756,1,1,1,1,1,1
0.963666,1,1,0.9175213,1,1,1,1,1,1
0.9466947,1,1,0.9070472,1,1,1,1,1,1
0.9474975,1,1,0.89647,1,1,1,1,1,1
0.9483455,1,1,0.8859061,1,1,1,1,1,1
0.9492407,1,1,0.8753562,1,1,1,1,1,1
0.9501791,1,1,0.864821,1,1,1,1,1,1
0.9511629,1,1,0.8543011,1,1,1,1,1,1
0.9521881,1,1,0.8437972,1,1,1,1,1,1
0.9532567,1,1,0.8333097,1,1,1,1,1,1
0.9543648,1,1,0.8228389,1,1,1,1,1,1
0.9555141,1,1,0.8123856,1,1,1,1,1,1
0.9567006,1,1,0.8019496,1,1,1,1,1,1
0.9579262,1,1,0.7915314,1,1,1,1,1,1
0.9591866,1,1,0.7811306,1,1,1,1,1,1
0.9604839,1,1,0.7707474,1,1,1,1,1,1
0.9618136,1,1,0.7603823,1,1,1,1,1,1
0.9631745,1,1,0.7500347,1,1,1,1,1,1
0.9645686,1,1,0.7397048,1,1,1,1,1,1
0.9659917,1,1,0.7608114,1,1,1,1,1,1
0.9673883,1,1,0.7818414,1,1,1,1,1,1
0.9687595,1,1,0.8027281,1,1,1,1,1,1
0.970103,1,1,1,1,1,1,1,1,1
0.971135,1,1,1,1,1,1,1,1,1
0.9721687,1,1,1,1,1,1,1,1,1
0.9732005,1,1,1,1,1,1,1,1,1
0.9742334,1,1,1,1,1,1,1,1,1
0.9752642,1,1,1,1,1,1,1,1,1
0.9762927,1,1,1,1,1,1,1,1,1
0.9773188,1,1,1,1,1,1,1,1,1
0.9783422,1,1,1,1,1,1,1,1,1
0.9793631,1,1,1,1,1,1,1,1,1
0.9803811,1,1,1,1,1,1,1,1,1
0.9813932,1,1,1,1,1,1,1,1,1
0.9824023,1,1,1,1,1,1,1,1,1
0.9834053,1,1,1,1,1,1,1,1,1
0.984402,1,1,1,1,1,1,1,1,1
0.9853926,1,1,1,1,1,1,1,1,1
0.9863768,1,0.5714971,1,1,1,1,1,1,2
0.9896442,1,0.5593909,1,1,1,1,1,1,2
1,1,0.5473928,1,1,1,1,1,1,2
1,1,0.5355533,1,1,1,1,1,1,2
1,1,0.5237883,1,1,1,1,1,1,2
1,1,0.5120986,1,1,1,1,1,1,2
1,1,0.5004851,1,1,1,1,1,1,2
1,1,0.4889483,1,1,1,1,1,1,2
1,1,0.4774887,1,1,1,1,1,1,2
1,1,0.4661063,1,1,1,1,1,1,2
1,1,0.4548008,1,1,1,1,1,1,2
1,1,0.4435717,1,1,1,1,1,1,2
1,1,0.4324183,1,1,1,1,1,1,2
1,1,0.4429915,1,1,1,1,1,1,2
1,1,0.4594247,1,1,1,1,1,1,2
1,1,0.4762972,1,1,1,1,1,1,2
1,1,0.4935829,1,1,1,1,1,1,2
1,1,1,1,1,1,1,1,1,1
1,1,1,1,1,1,1,1,1,1
1,1,1,1,1,1,1,1,1,1
1,1,1,1,1,1,1,1,1,1
1,1,1,1,1,1,1,1,1,1
1,1,1,1,1,1,1,1,1,1
1,1,1,1,1,1,1,1,1,1
1,1,1,1,1,1,1,1,1,1
1,0.3721947,1,1,1,1,1,1,1,2
1,0.3546768,1,1,1,1,1,1,1,2
1,0.3377306,0.9968107,1,1,1,1,1,1,2
1,0.3213343,0.9832892,1,1,1,1,1,1,2
1,0.3054538,0.9701571,1,1,1,1,1,1,2
1,0.2900816,0.9574217,1,1,1,1,1,1,2
1,0.2830299,0.9450849,1,1,1,1,1,1,2
1,0.2960205,0.9331668,1,1,1,1,1,1,2
1,0.3097488,0.9216961,1,1,1,1,1,1,2
1,0.324217,0.9106278,1,1,1,1,1,1,2
1,1,0.8999199,1,1,1,1,1,1,1
0.3167076,1,0.8904629,1,1,1,1,1,1,2
0.2918363,1,0.879708,1,1,1,1,1,1,2
0.2685992,0.9796159,0.8694462,1,1,1,1,1,1,2
0.2468449,0.9590217,1,1,1,1,1,1,1,2
0.2457013,0.9393614,1,1,1,1,1,1,1,2
0.2559532,0.9205907,1,1,1,1,1,1,1,2
0.2669561,0.9026677,1,1,1,1,1,1,1,2
0.2787577,0.8855548,1,1,1,1,1,1,1,2
0.2914194,0.8692166,1,1,1,1,1,1,1,2
1,0.8536201,1,1,1,1,1,1,1,1
1,0.8439565,1,1,1,1,1,1,1,1
1,0.834287,1,1,1,1,1,1,1,1
1,0.8246149,1,1,1,1,1,1,1,1
1,0.8149428,1,1,1,1,1,1,1,1
1,0.8052739,1,1,1,1,1,1,1,1
1,0.7956109,1,1,1,1,1,1,1,1
1,0.7859569,1,1,1,1,1,1,1,1
1,0.776315,1,1,1,1,1,1,1,1
1,0.7666876,1,1,1,1,1,1,1,1
1,0.7570779,1,1,1,1,1,1,1,1
1,0.7474888,1,1,1,1,1,1,1,1
1,0.7379225,1,1,1,1,1,1,1,1
1,0.7283814,1,1,1,1,1,1,1,1
1,0.7188681,1,1,1,1,1,1,1,1
0.9106153,0.7093849,1,1,1,1,1,1,1,2
0.8946659,0.699432,1,1,1,1,1,1,1,2
0.8786023,0.6894828,1,1,1,1,1,1,1,2
0.8624681,0.6795529,1,1,1,1,1,1,1,2
0.8463066,0.6696573,1,1,1,1,1,1,1,2
0.83016,0.6826104,1,1,1,1,1,1,1,2
0.8142298,0.7273925,1,1,1,1,1,1,1,2
0.7987357,0.7747779,1,1,1,1,1,1,1,2
0.7836642,0.8248364,1,1,1,1,1,1,1,2
0.7690018,0.8776682,1,1,1,1,1,1,1,2
0.7547328,0.9333234,1,1,1,1,1,1,1,2
0.7408422,0.9918663,1,1,1,1,1,1,1,2
0.7273139,1,1,1,1,1,1,1,1,2
0.7138937,1,1,1,1,1,1,1,1,2
0.7005588,1,1,1,1,1,1,1,1,2
0.6873261,1,1,1,1,1,1,1,1,2
0.6742111,1,1,1,1,1,1,1,1,2
0.6612296,1,1,1,1,1,1,1,1,2
0.6483951,1,1,1,1,1,1,1,1,2
0.6357199,1,1,1,1,1,1,1,1,2
0.6232158,1,1,1,1,1,1,1,1,2
0.6108932,1,1,1,1,1,1,1,1,2
0.5987617,1,1,1,1,1,1,1,1,2
0.5868285,1,1,1,1,1,1,1,1,2
0.5751005,1,1,1,1,1,1,1,1,2
0.5907115,1,1,1,1,1,1,1,1,2
0.6135495,1,1,1,1,1,1,1,1,2
0.6365684,1,1,1,1,1,1,1,1,2
0.659711,1,1,1,1,1,1,1,1,2
0.6829127,1,1,1,1,1,1,1,1,2
0.706108,1,1,1,1,1,1,1,1,2
0.729237,1,1,1,1,1,1,1,1,2
0.752241,1,1,1,1,1,1,1,1,2
0.7750618,1,1,1,1,1,1,1,1,2
0.7976428,1,1,1,1,1,1,1,1,1
0.8199292,1,1,1,1,1,1,1,1,1
0.8418621,1,1,1,1,1,1,1,1,1
0.863399,1,1,1,1,1,1,1,1,1
0.8844867,1,1,1,1,1,1,1,1,1
0.9050891,1,1,1,1,1,1,1,1,1
0.9251677,1,1,1,1,1,1,1,1,1
1,1,1,1,1,1,1,1,1,1
1,1,1,1,1,1,1,1,1,1
1,1,1,1,1,1,1,1,1,1
1,1,1,1,1,1,1,1,1,1
1,1,1,1,1,1,1,1,1,1
1,1,1,1,1,1,1,1,1,1
1,1,1,1,1,1,1,1,1,1
1,1,1,1,1,1,1,1,1,1
1,1,1,1,1,1,1,1,1,1
1,1,1,1,1,1,1,1,1,1
1,1,1,1,1,1,1,1,1,1
1,1,1,1,1,1,1,1,1,1
1,1,1,1,1,1,1,1,1,1
1,1,1,1,1,1,1,1,1,1
1,1,1,1,1,1,1,1,1,1
1,1,1,1,1,1,1,1,1,1
1,1,1,1,1,1,1,1,1,1
1,1,1,1,1,1,1,1,1,1
1,1,1,1,1,1,1,1,1,1
1,1,1,1,1,1,1,1,1,1
1,1,1,1,1,1,1,1,1,1
1,1,1,1,1,1,1,1,1,1
1,1,1,1,1,1,1,1,1,1
1,1,1,1,1,1,1,1,1,1
1,1,1,1,1,1,1,1,1,1
1,1,1,1,1,1,1,1,1,1
1,1,1,1,1,1,1,1,1,1
1,1,1,1,1,1,1,1,1,1
1,1,1,1,1,1,1,1,1,1
1,1,1,1,1,1,1,1,1,1
1,1,1,1,1,1,1,1,1,1
1,1,1,1,1,1,1,1,1,1
1,1,1,1,1,1,1,1,1,1
1,1,1,1,1,1,1,1,1,1
1,1,1,1,1,1,1,1,1,1
1,1,1,1,1,1,1,1,1,1
1,1,1,1,1,1,1,1,1,1
1,1,1,1,1,1,1,1,1,1
1,1,1,1,1,1,1,1,1,1
1,1,1,1,1,1,1,1,1,1
1,1,1,1,1,1,1,1,1,1
1,1,1,1,1,1,1,1,1,1
1,1,1,1,1,1,1,1,1,1
1,1,1,1,1,1,1,1,1,1
1,1,1,1,1,1,1,1,1,1
1,1,1,1,1,1,1,1,1,1
1,1,1,1,1,1,1,1,1,1
1,1,1,1,1,1,1,1,1,1
1,1,1,1,1,1,1,1,1,1
1,1,1,1,1,1,1,1,1,1
1,1,1,1,1,1,1,1,1,1
1,1,1,1,1,1,1,1,1,1
1,1,1,1,1,1,1,1,1,1
1,1,1,1,1,1,1,1,1,1
1,1,1,1,1,1,1,1,1,1
1,1,1,1,1,1,1,1,1,1
1,1,1,1,1,1,1,1,1,1
1,1,1,1,1,1,1,1,1,1
1,1,1,1,1,1,1,1,1,1
1,1,1,1,1,1,1,1,1,1
1,1,1,1,1,1,1,1,1,1
1,1,1,1,1,1,1,1,1,1
1,1,1,1,1,1,1,1,1,1
1,1,1,1,1,1,1,1,1,1
1,1,1,1,1,1,1,1,1,1
1,1,1,1,1,1,1,1,1,1
1,1,1,1,1,1,1,1,1,1
1,1,1,1,1,1,1,1,1,1
1,1,1,1,1,1,1,1,1,1
1,1,1,1,1,1,1,1,1,1
1,1,1,1,1,1,1,1,1,1
1,1,1,1,1,1,1,1,1,1
1,1,1,1,1,1,1,1,1,1
1,1,1,1,1,1,1,1,1,1
1,1,1,1,1,1,1,1,1,1
1,1,1,1,1,1,1,1,1,1
1,1,1,1,1,1,1,1,1,1
1,1,1,1,1,1,1,1,1,1
1,1,1,1,1,1,1,1,1,1
1,1,1,1,1,1,1,1,1,1
1,1,1,1,1,1,1,1,1,1
1,1,1,1,1,1,1,1,1,1
1,1,1,1,1,1,1,1,1,1
1,1,1,1,1,1,1,1,1,1
1,1,1,1,1,1,1,1,1,1
1,1,1,1,1,1,1,1,1,1
1,1,1,1,1,1,1,1,1,1
1,1,1,1,1,1,1,1,1,1
1,1,1,1,1,1,1,1,1,1
1,1,1,1,1,1,1,1,1,1
1,1,1,1,1,1,1,1,1,1
1,1,1,1,1,1,1,1,1,1
1,1,1,1,1,1,1,1,1,1
1,1,1,1,1,1,1,1,1,1
1,1,1,1,1,1,1,1,1,1
1,1,1,1,1,1,1,1,1,1
1,1,1,1,1,1,1,1,1,1
1,1,1,1,1,1,1,1,1,1
1,1,1,1,1,1,1,1,1,1
1,1,1,1,1,1,1,1,1,1
1,1,1,1,1,1,1,1,1,1
1,0.9946378,1,1,1,1,1,1,1,1
1,0.9880296,1,1,1,1,1,1,1,1
1,0.9814212,1,1,1,1,1,1,1,1
1,0.9748127,1,1,1,1,1,1,1,1
1,0.9682044,1,1,1,1,1,1,1,1
1,0.9615959,1,1,1,1,1,1,1,1
1,0.9549877,1,1,1,1,1,1,1,1
1,0.9483798,1,1,1,1,1,1,1,1
1,0.9417721,1,1,1,1,1,1,1,1
1,0.9351646,1,1,1,1,1,1,1,1
1,0.9285575,1,1,1,1,1,1,1,1
1,0.921951,1,1,1,1,1,1,1,1
1,0.9153448,1,1,1,1,1,1,1,1
1,0.9087393,1,1,1,1,1,1,1,1
1,0.9021343,1,1,1,1,1,1,1,1
1,0.8955297,1,1,1,1,1,1,1,1
1,0.8889259,1,1,1,1,1,1,1,1
1,0.8823226,1,1,1,1,1,1,1,1
1,0.8757204,1,1,1,1,1,1,1,1
1,0.869119,1,1,1,1,1,1,1,1
1,0.8625182,1,1,1,1,1,1,1,1
1,0.8559185,1,1,1,1,1,1,1,1
1,0.8493196,1,1,1,1,1,1,1,1
1,0.8427216,1,1,1,1,1,1,1,1
1,0.836125,1,1,1,1,1,1,1,1
1,0.8295293,1,1,1,1,1,1,1,1
1,0.8229348,1,1,1,1,1,1,1,1
1,0.8163414,1,1,1,1,1,1,1,1
1,0.8097491,1,1,1,1,1,1,1,1
1,0.8031584,1,1,1,1,1,1,1,1
1,0.7965688,1,1,1,1,1,1,1,1
1,0.7899807,1,1,1,1,1,1,1,1
1,0.7833937,1,1,1,1,1,1,1,1
1,0.7768084,1,1,1,1,1,1,1,1
1,0.7702241,1,1,1,1,1,1,1,1
1,0.7636414,1,1,1,1,1,1,1,1
1,0.7570603,1,1,1,1,1,1,1,1
1,0.7504807,1,1,1,1,1,1,1,1
1,0.7439027,1,1,1,1,1,1,1,1
1,0.7373263,1,1,1,1,1,1,1,1
1,0.7307514,1,1,1,1,1,1,1,1
1,0.724178,1,1,1,1,1,1,1,1
1,0.7176067,1,1,1,1,1,1,1,1
0.7912397,0.7110369,1,1,1,1,1,1,1,1
0.7824209,0.7044544,1,1,1,1,1,1,1,1
0.7736537,0.6979153,1,1,1,1,1,1,1,2
0.7649424,0.6914205,1,1,1,1,1,1,1,2
0.7562914,1,1,1,1,1,1,1,1,2
0.7477112,1,1,1,1,1,1,1,1,2
0.7391792,1,1,1,1,1,1,1,1,2
0.7306997,1,1,1,1,1,1,1,1,2
0.722277,1,1,1,1,1,1,1,1,2
0.7139149,1,1,1,1,1,1,1,1,2
0.7056168,1,1,1,1,1,1,1,1,2
0.6973864,1,1,1,1,1,1,1,1,2
0.6892267,1,1,1,1,1,1,1,1,2
0.681141,1,1,1,1,1,1,1,1,2
0.6731316,1,1,1,1,1,1,1,1,2
0.6652011,1,1,1,1,1,1,1,1,2
0.6573521,1,1,1,1,1,1,1,1,2
0.6495865,1,1,1,1,1,1,1,1,2
0.6419061,1,1,1,1,1,1,1,1,2
0.6343124,1,1,1,1,1,1,1,1,2
0.6268069,1,1,1,1,1,1,1,1,2
0.619391,1,1,1,1,1,1,1,1,2
0.6120653,1,1,1,1,1,1,1,1,2
0.6048307,1,1,1,1,1,1,1,1,2
0.597688,1,1,1,1,1,1,1,1,2
0.5906373,1,1,1,1,1,1,1,1,2
0.5836792,1,1,1,1,1,1,1,1,2
0.6041135,1,1,1,1,1,1,1,1,2
0.640925,1,1,1,1,1,1,1,1,2
0.6778471,1,1,1,1,1,1,1,1,1
0.7147338,1,1,1,1,1,1,1,1,1
0.7514176,1,1,1,1,1,1,1,1,1
0.7877446,1,1,1,1,1,1,1,1,1
0.8235747,1,1,1,1,1,1,1,1,1
0.8587655,1,1,1,1,1,1,1,1,1
0.8931816,1,1,1,1,1,1,1,1,1
1,1,1,1,1,1,1,1,1,1
1,1,1,1,1,1,1,1,1,1
1,1,1,1,1,1,1,1,1,1
1,1,1,1,1,1,1,1,1,1
1,1,1,1,1,1,1,1,1,1
1,1,1,1,1,1,1,1,1,1
1,1,1,1,1,1,1,1,1,1
1,1,1,1,1,1,1,1,1,1
1,1,1,1,1,1,1,1,1,1
1,1,1,1,1,1,1,1,1,1
1,1,1,1,1,1,1,1,1,1
1,1,1,1,1,1,1,1,1,1
1,1,1,1,1,1,1,1,1,1
1,1,1,1,1,1,1,1,1,1
1,1,1,1,1,1,1,1,1,1
1,1,1,1,1,1,1,1,1,1
1,1,1,1,1,1,1,1,1,1
1,1,1,1,1,1,1,1,1,1
1,1,1,1,1,1,1,1,1,1
1,1,1,1,1,1,1,1,1,1
1,1,1,1,1,1,1,1,1,1
1,1,1,1,1,1,1,1,1,1
1,1,1,1,1,1,1,1,1,1
1,1,1,1,1,1,1,1,1,1
1,1,1,1,1,1,1,1,1,1
1,1,1,1,1,1,1,1,1,1
1,1,1,1,1,1,1,1,1,1
1,1,1,1,1,1,1,1,1,1
1,1,1,1,1,1,1,1,1,1
1,1,1,1,1,1,1,1,1,1
1,1,1,1,1,1,1,1,1,1
1,1,1,1,1,1,1,1,1,1
1,1,1,1,1,1,1,1,1,1
1,1,1,1,1,1,1,1,1,1
1,1,1,1,1,1,1,1,1,1
1,1,1,1,1,1,1,1,1,1
1,1,1,1,1,1,1,1,1,1
1,1,1,1,1,1,1,1,1,1
1,1,1,1,1,1,1,1,1,1
1,1,1,1,1,1,1,1,1,1
1,1,1,1,1,1,1,1,1,1
1,1,1,1,1,1,1,1,1,1
1,1,1,1,1,1,1,1,1,1
1,1,1,1,1,1,1,1,1,1
1,1,1,1,1,1,1,1,1,1
1,1,1,1,1,1,1,1,1,1
1,1,1,1,1,1,1,1,1,1
1,1,1,1,1,1,1,1,1,1
1,1,1,1,1,1,1,1,1,1
1,1,1,1,1,1,1,1,1,1
1,1,1,1,1,1,1,1,1,1
1,1,1,1,1,1,1,1,1,1
1,1,1,1,1,1,1,1,1,1
1,1,1,1,1,1,1,1,1,1
1,1,1,1,1,1,1,1,1,1
1,1,1,1,1,1,1,1,1,1
1,1,1,1,1,1,1,1,1,1
1,1,1,1,1,1,1,1,1,1
1,1,1,1,1,1,1,1,1,1
1,1,1,1,1,1,1,1,1,1
1,1,1,1,1,1,1,1,1,1
1,1,1,1,1,1,1,1,1,1
1,1,1,1,1,1,1,1,1,1
1,1,1,1,1,1,1,1,1,1
1,1,1,1,1,1,1,1,1,1
1,1,1,1,1,1,1,1,1,1
1,1,1,1,1,1,1,1,1,1
1,1,1,1,1,1,1,1,1,1
1,1,1,1,1,1,1,1,1,1
1,1,1,1,1,1,1,1,1,1
1,1,1,1,1,1,0.9953006,1,1,1
1,1,1,1,1,1,0.9867538,1,1,1
1,1,1,1,1,1,1,1,1,1
1,1,1,1,1,1,1,1,1,1
1,1,1,1,1,1,1,1,1,1
1,1,1,1,1,1,1,0.9963486,1,1
1,1,1,1,1,1,1,0.9873434,1,1
1,1,1,1,1,1,1,0.9782268,1,1
1,1,1,1,1,1,1,0.969001,1,1
1,1,1,1,1,1,1,0.9596722,1,1
1,1,1,1,1,1,1,0.9502467,1,1
1,1,1,1,1,1,1,0.9407287,1,1
1,1,1,1,1,1,1,0.9311255,1,1
1,1,1,1,1,1,1,0.9214453,1,1
1,1,1,1,1,1,1,0.9116964,1,1
1,1,1,1,1,1,1,0.901885,1,1
1,1,1,1,1,1,1,0.8920201,1,0
1,1,1,1,1,1,1,0.8821119,1,0
1,1,1,1,1,1,1,0.8721671,1,0
1,1,1,1,1,1,1,0.8621996,1,0
1,1,1,1,1,1,1,0.8522168,1,0
1,1,1,1,1,1,1,0.8422302,1,0
1,1,1,1,1,1,1,0.8322509,1,0
1,1,1,1,1,1,1,0.8222874,1,0
1,1,1,1,1,1,1,0.8123547,1,0
1,1,1,1,1,1,1,0.8024648,1,0
1,1,1,1,1,1,1,0.7926263,1,0
1,1,1,1,1,1,1,0.7828544,1,0
1,1,1,1,1,1,1,0.7731582,1,0
1,1,1,1,1,1,1,0.7635528,1,0
1,1,1,1,1,1,1,0.7540503,1,0
1,1,1,1,1,1,1,0.744659,0.9021598,0
1,1,1,1,1,1,1,1,1,1
1,1,1,1,1,1,1,1,1,1
1,1,1,1,1,1,1,1,1,1
1,1,1,1,1,1,1,1,1,1
1,1,1,1,1,1,1,1,1,1
1,1,1,1,1,1,1,1,1,1
1,1,1,1,1,1,1,1,1,1
1,1,1,1,1,1,1,1,1,1
1,1,1,1,1,1,1,1,1,1
1,1,1,1,1,1,1,1,1,1
1,1,1,1,1,1,1,1,1,1
1,1,1,1,1,1,1,1,1,1
1,1,1,1,1,1,1,1,1,1
1,1,1,1,1,1,1,1,1,1
1,1,1,1,1,1,1,1,1,1
1,1,1,1,1,1,1,1,1,1
1,1,1,1,1,1,1,1,1,1
1,1,1,1,1,1,1,1,1,1
1,1,1,1,1,1,1,1,1,1
1,1,1,1,1,1,1,1,1,1
1,1,1,1,1,1,1,1,1,1
1,1,1,1,1,1,1,1,1,1
1,1,1,1,1,1,1,1,1,1
1,1,1,1,1,1,1,1,1,1
1,1,1,1,1,1,1,1,1,1
1,1,1,1,1,1,1,1,1,1
1,1,1,1,1,1,1,1,1,1
1,1,1,1,1,1,1,1,1,1
1,1,1,1,1,1,1,1,1,1
1,1,1,1,1,1,1,1,1,1
1,1,1,1,1,1,1,1,1,1
1,1,1,1,1,1,1,1,1,1
1,1,1,1,1,1,1,1,1,1
1,1,1,1,1,1,1,1,1,1
1,1,1,1,1,1,1,1,1,1
1,1,1,1,1,1,1,1,1,1
1,1,1,1,1,1,1,1,1,1
1,1,1,1,1,1,1,1,1,1
1,1,1,1,1,1,1,1,1,1
1,1,1,1,1,1,1,1,1,1
1,1,1,1,1,1,1,1,1,1
1,1,1,1,1,1,1,1,1,1
1,1,1,1,1,1,1,1,1,1
1,1,1,1,1,1,1,1,1,1
1,1,1,1,1,1,1,1,1,1
1,1,1,1,1,1,1,1,1,1
1,1,1,1,1,1,1,1,1,1
1,1,1,1,1,1,1,1,1,1
1,1,1,1,1,1,1,1,1,1
1,1,1,1,1,1,1,1,1,1
1,1,1,1,1,1,1,1,1,1
1,1,1,1,1,1,1,1,1,1
1,1,1,1,1,1,1,1,1,1
1,1,1,1,1,1,1,1,1,1
1,1,1,1,1,1,1,1,1,1
1,1,1,1,1,1,1,1,1,1
1,1,1,1,1,1,1,1,1,1
1,1,1,1,1,1,1,1,1,1
1,1,1,1,1,1,1,1,1,1
1,1,1,1,1,1,1,1,1,1
1,1,1,1,1,1,1,1,1,1
1,1,1,1,1,1,1,1,1,1
1,1,1,1,1,1,1,1,1,1
1,1,1,1,1,1,1,1,1,1
1,1,1,1,1,1,1,1,1,1
1,1,1,1,1,1,1,1,1,1
1,1,1,1,1,1,1,1,1,1
1,1,1,1,1,1,1,1,1,1
1,1,1,1,1,1,1,1,1,1
1,1,1,1,1,1,1,1,1,1
1,1,1,1,1,1,1,1,1,1
1,1,1,1,1,1,1,1,1,1
1,1,1,1,1,1,1,1,1,1
1,1,1,1,1,1,1,1,1,1
1,1,1,1,1,1,1,1,1,1
1,1,1,1,1,1,1,1,1,1
1,1,1,1,1,1,1,1,1,1
1,1,1,1,1,1,1,1,1,1
1,1,1,1,1,1,1,1,1,1
1,1,1,1,1,1,1,1,1,1
1,1,1,1,1,1,1,1,1,1
1,1,1,1,1,1,1,1,1,1
1,1,1,1,1,1,1,1,1,1
1,1,1,1,1,1,1,1,1,1
1,1,1,1,1,1,1,1,1,1
1,1,1,1,1,1,1,1,1,1
1,1,1,1,1,1,1,1,1,1
1,1,1,1,1,1,1,1,1,1
1,1,1,1,1,1,1,1,1,1
1,1,1,1,1,1,1,1,1,1
1,1,1,1,1,1,1,1,1,1
1,1,1,1,1,1,1,1,1,1
1,1,1,1,1,1,1,1,1,1
1,1,1,1,1,1,1,1,1,1
1,1,1,1,1,1,1,1,1,1
1,1,1,1,1,1,1,1,1,1
1,1,1,1,1,1,1,1,1,1
1,1,1,1,1,1,1,1,1,1
1,1,1,1,1,1,1,1,1,1
1,1,1,1,1,1,1,1,1,1
1,1,1,1,1,1,1,1,1,1
1,1,1,1,1,1,1,1,1,1
1,1,1,1,1,1,1,1,1,1
1,1,1,1,1,1,1,1,1,1
1,1,1,1,1,1,1,1,1,1
1,1,1,1,1,1,1,1,1,1
1,1,1,1,1,1,1,1,1,1
1,1,1,1,1,1,1,1,1,1
1,1,1,1,1,1,1,1,1,1
1,1,1,1,1,1,1,1,1,1
1,1,1,1,1,1,1,1,1,1
1,1,1,1,1,1,1,1,1,1
1,1,1,1,1,1,1,1,1,1
1,1,1,1,1,1,1,1,1,1
1,1,1,1,1,1,1,1,1,1
1,1,1,1,1,1,1,1,1,1
1,1,1,1,1,1,1,1,1,1
1,1,1,1,1,1,1,1,1,1
1,1,1,1,1,1,1,1,1,1
1,1,1,1,1,1,1,1,1,1
1,1,1,1,1,1,1,1,1,1
1,1,1,1,1,1,1,1,1,1
1,1,1,1,1,1,1,1,1,1
1,1,1,1,1,1,1,1,1,1
1,1,1,1,1,1,1,1,1,1
1,1,1,1,1,1,1,1,1,1
1,1,1,1,1,1,1,1,1,1
1,1,1,1,1,1,1,1,1,1
1,1,1,1,1,1,1,1,1,1
1,1,1,1,1,1,1,1,1,1
1,1,1,1,1,1,1,1,1,1
1,1,1,1,1,1,1,1,1,1
1,1,1,1,1,1,1,1,1,1
1,1,1,1,1,1,1,1,1,1
1,1,1,1,1,1,1,1,1,1
1,1,1,1,1,1,1,1,1,1
1,1,1,1,1,1,1,1,1,1
1,1,1,1,1,1,1,1,1,1
1,1,1,1,1,1,1,1,1,1
1,1,1,1,1,1,1,1,1,1
1,1,1,1,1,1,1,1,1,1
1,1,1,1,1,1,1,1,1,1
1,1,1,1,1,1,1,1,1,1
1,1,1,1,1,1,1,1,1,1
1,1,1,1,1,1,1,1,1,1
1,1,1,1,1,1,1,1,1,1
1,1,1,1,1,1,1,1,1,1
1,1,1,1,1,1,1,1,1,1
1,1,1,1,1,1,1,1,1,1
1,1,1,1,1,1,1,1,1,1
1,1,1,1,1,1,1,1,1,1
1,1,1,1,1,1,1,1,1,1
1,1,1,1,1,1,1,1,1,1
1,1,1,1,1,1,1,1,1,1
1,1,1,1,1,1,1,1,1,1
1,1,1,1,1,1,1,1,1,1
1,1,1,1,1,1,1,1,1,1
1,1,1,1,1,1,1,1,1,1
1,1,1,1,1,1,1,1,1,1
1,1,1,1,1,1,1,1,1,1
1,1,1,1,1,1,1,1,1,1
1,1,1,1,1,1,1,1,1,1
1,1,1,1,1,1,1,1,1,1
1,1,1,1,1,1,1,1,1,1
1,1,1,1,1,1,1,1,1,1
1,1,1,1,1,1,1,1,1,1
1,1,1,1,1,1,1,1,1,1
1,1,1,1,1,1,1,1,1,1
1,1,1,1,1,1,1,1,1,1
1,1,1,1,1,1,1,1,1,1
1,1,1,1,1,1,1,1,1,1
1,1,1,1,1,1,1,1,1,1
1,1,1,1,1,1,1,1,1,1
1,1,1,1,1,1,1,1,1,1
1,1,1,1,1,1,1,1,1,1
1,1,1,1,1,1,1,1,1,1
1,1,1,1,1,1,1,1,1,1
1,1,1,1,1,1,1,1,1,1
1,1,1,1,1,1,1,1,1,1
1,1,1,1,1,1,1,1,1,1
1,1,1,1,1,1,1,1,1,1
1,1,1,1,1,1,1,1,1,1
1,1,1,1,1,1,1,1,1,1
1,1,1,1,1,1,1,1,1,1
1,1,1,1,1,1,1,1,1,1
1,1,1,1,1,1,1,1,1,1
1,1,1,1,1,1,1,1,1,1
1,1,1,1,1,1,1,1,1,1
1,1,1,1,1,1,1,1,1,1
1,1,1,1,1,1,1,1,1,1
1,1,1,1,1,1,1,1,1,1
1,1,1,1,1,1,1,1,1,1
1,1,1,1,1,1,1,1,1,1
1,1,1,1,1,1,1,1,1,1
1,1,1,1,1,1,1,1,1,1
1,1,1,1,1,1,1,1,1,1
1,1,1,1,1,1,1,1,1,1
1,1,1,1,1,1,1,1,1,1
1,1,1,1,1,1,1,1,1,1
1,1,1,1,1,1,1,1,1,1
1,1,1,1,1,1,1,1,1,1
1,1,1,1,1,1,1,1,1,1
1,1,1,1,1,1,1,1,1,1
1,1,1,1,1,1,1,1,1,1
1,1,1,1,1,1,1,1,1,1
1,1,1,1,1,1,1,1,1,1
1,1,1,1,1,1,1,1,1,1
1,1,1,1,1,1,1,1,1,1
1,1,1,1,1,1,1,1,1,1
1,1,1,1,1,1,1,1,1,1
1,1,1,1,1,1,1,1,1,1
1,1,1,1,1,1,1,1,1,1
1,1,1,1,1,1,1,1,1,1
1,1,1,1,1,1,1,1,1,1
1,1,1,1,1,1,1,1,1,1
1,1,1,1,1,1,1,1,1,1
1,1,1,1,1,1,1,1,1,1
1,1,1,1,1,1,1,1,1,1
1,1,1,1,1,1,1,1,1,1
1,1,1,1,1,1,1,1,1,1
1,1,1,1,1,1,1,1,1,1
1,1,1,1,1,1,1,1,1,1
1,1,1,1,1,1,1,1,1,1
1,1,1,1,1,1,1,1,1,1
1,1,1,1,1,1,1,1,1,1
1,1,1,1,1,1,1,1,1,1
1,1,1,1,1,1,1,1,1,1
1,1,1,1,1,1,1,1,1,1
1,1,1,1,1,1,1,1,1,1
1,1,1,1,1,1,1,1,1,1
1,1,1,1,1,1,1,1,1,1
1,1,1,1,1,1,1,1,1,1
1,1,1,1,1,1,1,1,1,1
1,1,1,1,1,1,1,1,1,1
1,1,1,1,1,1,1,1,1,1
1,1,1,1,1,1,1,1,1,1
1,1,1,1,1,1,1,1,1,1
1,1,1,1,1,1,1,1,1,1
1,1,1,1,1,1,1,1,1,1
1,1,1,1,1,1,1,1,1,1
1,1,1,1,1,1,1,1,1,1
1,1,1,1,1,1,1,1,1,1
1,1,1,1,1,1,1,1,1,1
1,1,1,1,1,1,1,1,1,1
1,1,1,1,1,1,1,1,1,1
1,1,1,1,1,1,1,1,1,1
1,1,1,1,1,1,1,1,1,1
1,1,1,1,1,1,1,1,1,1
1,1,1,1,1,1,1,1,1,1
1,1,1,1,1,1,1,1,1,1
1,1,1,1,1,1,1,1,1,1
1,1,1,1,1,1,1,1,1,1
1,1,1,1,1,1,1,1,1,1
1,1,1,1,1,1,1,1,1,1
1,1,1,1,1,1,1,1,1,1
1,1,1,1,1,1,1,1,1,1
1,1,1,1,1,1,1,1,1,1
1,1,1,1,1,1,1,1,1,1
1,1,1,1,1,1,1,1,1,1
1,1,1,1,1,1,1,1,1,1
1,1,1,1,1,1,1,1,1,1
1,1,1,1,1,1,1,1,1,1
1,1,1,1,1,1,1,1,1,1
1,1,1,1,1,1,1,1,1,1
1,1,1,1,1,1,1,1,1,1
1,1,1,1,1,1,1,1,1,1
1,1,1,1,1,1,1,1,1,1
1,1,1,1,1,1,1,1,1,1
1,1,1,1,1,1,1,1,1,1
1,1,1,1,1,1,1,1,1,1
1,1,1,1,1,1,1,1,1,1
1,1,1,1,1,1,1,1,1,1
1,1,0.9909307,1,1,1,1,1,1,1
1,1,0.9798237,1,1,1,1,1,1,1
1,1,0.9686297,1,1,1,1,1,1,1
1,1,0.9573517,1,1,1,1,1,1,1
1,1,0.9459926,1,1,1,1,1,1,1
1,1,0.9345557,1,1,1,1,1,1,1
1,1,0.9230448,1,1,1,1,1,1,1
1,1,0.9114639,1,1,1,1,1,1,1
1,1,0.8998171,1,1,1,1,1,1,1
1,1,0.8881092,1,1,1,1,1,1,1
1,1,0.8763444,1,1,1,1,1,1,1
1,1,0.864528,1,1,1,1,1,1,1
1,1,0.8682286,1,1,1,1,1,1,1
1,1,0.8730537,1,1,1,1,1,0.9894596,1
1,1,0.8769363,1,1,1,1,1,0.954806,1
1,1,0.8779094,1,1,1,1,1,0.9141518,1
1,1,0.8755432,1,1,1,1,1,0.9137868,1
1,1,0.8732291,1,1,1,1,1,0.9139331,1
1,1,0.8709973,1,1,1,1,1,0.9140847,1
1,1,0.8688511,1,1,1,1,1,0.9142386,1
1,1,0.8667857,1,1,1,1,1,0.914395,1
1,1,0.8647974,1,1,1,1,1,0.914554,1
1,1,0.8628893,1,1,1,1,1,0.9147124,1
1,1,0.86105,1,1,1,1,1,0.9148739,1
1,1,0.8592833,1,1,1,1,1,0.9150352,1
1,1,0.8575781,1,1,1,1,1,0.9151999,1
1,1,0.8559391,1,1,1,1,1,0.9153649,1
1,1,0.8543622,1,1,1,1,1,0.9155301,1
1,1,0.8528449,1,1,1,1,1,0.9156961,1
1,1,0.851391,1,1,1,1,1,0.9158598,1
1,1,0.8499902,1,1,1,1,1,0.9160246,1
1,1,0.8486473,1,1,1,1,1,1,1
1,1,0.8536689,1,1,1,1,1,1,1
1,1,0.8586268,1,1,1,1,1,1,1
1,1,0.8635143,1,1,1,1,1,1,1
1,1,0.8683311,1,1,1,1,1,1,1
1,1,1,1,1,1,1,1,1,1
1,0.8078623,1,1,1,1,1,1,1,2
1,0.787034,1,1,1,1,1,1,1,2
1,0.7659851,1,1,1,1,1,1,1,2
1,0.7447764,1,1,1,1,1,1,0.9989181,2
1,0.7235046,1,1,1,1,1,1,0.9966917,2
1,0.7022628,1,1,1,1,1,1,0.9943423,2
1,0.6811062,1,1,1,1,1,1,0.9918786,2
1,0.6600866,1,1,1,1,1,1,0.9893191,2
1,0.639252,1,1,1,1,1,1,0.9866754,2
1,0.618646,1,1,1,1,1,1,0.9839596,2
1,0.5983078,1,1,1,1,1,1,0.9811888,2
1,0.578271,1,1,1,1,1,1,0.9783732,2
1,0.558565,1,1,1,1,1,1,0.9755255,2
1,0.5449708,1,1,1,1,1,1,0.9726598,2
1,0.5542735,1,1,1,1,1,1,0.9698046,2
1,0.5637196,1,1,1,1,1,1,0.9670321,2
1,0.5732831,1,1,1,1,1,1,0.9643307,2
1,0.5829468,1,1,1,1,1,1,0.9616848,2
1,0.5926833,1,1,1,1,1,1,0.9590863,2
1,0.602479,1,1,1,1,1,1,0.9565194,2
1,0.6123053,1,1,1,1,1,1,0.9539787,2
0.7001635,0.6221431,1,1,1,1,1,1,0.9514537,2
0.6549395,0.6415771,1,1,1,1,1,1,0.9484448,2
0.6123301,0.6632296,1,1,1,1,1,1,0.9455794,2
0.5723916,1,1,1,1,1,1,1,0.9428859,2
0.541575,1,1,1,1,1,1,1,0.9402752,2
0.5115033,1,1,1,1,1,1,1,0.9377209,2
0.4823033,1,1,1,1,1,1,1,0.9352439,2
0.4825676,1,1,1,1,1,1,1,0.9328666,2
0.491685,1,1,1,1,1,1,1,0.9305393,2
0.5010637,1,1,1,1,1,1,1,0.9282334,2
0.510689,1,1,1,1,1,1,1,0.9259266,2
0.5205414,1,1,1,1,1,1,1,0.923601,2
0.5306001,1,1,1,1,1,1,1,0.92124,2
0.5408433,1,1,1,1,1,1,1,0.9188284,2
0.5512481,1,1,1,1,1,1,1,0.9163521,2
0.5617905,1,1,1,1,1,1,1,0.9137982,2
0.5724499,1,1,1,1,1,1,1,0.9111522,2
0.5831962,1,1,1,1,1,1,1,0.9084066,2
0.5940069,1,1,1,1,1,1,1,0.9055496,2
1,1,1,1,1,1,1,1,0.9025763,1
1,1,1,1,1,1,1,1,0.8972033,0
1,1,1,1,1,1,1,1,0.8918533,0
1,1,1,1,1,1,1,1,0.8865291,0
1,1,1,1,1,1,1,1,0.8812338,0
1,1,1,1,1,1,1,1,0.8759769,0
1,1,1,1,1,1,1,1,0.8707614,0
1,1,1,1,1,1,1,1,0.8655908,0
1,1,1,1,1,1,1,1,0.8604745,0
1,1,1,1,1,1,1,1,0.8554159,0
1,1,1,1,1,1,1,1,0.8504215,0
1,1,1,1,1,1,1,1,0.8454947,0
1,1,1,1,1,1,1,1,0.8406451,0
1,1,1,1,1,1,1,1,0.835873,0
1,1,1,1,1,1,1,1,0.8311879,0
1,1,1,1,1,1,1,1,0.8265932,0
1,1,1,1,1,1,1,1,0.8220953,0
1,1,1,1,1,1,1,1,0.8177005,0
1,1,1,1,1,1,1,1,0.8134122,0
1,1,1,1,1,1,1,1,0.8092363,0
1,1,1,1,1,1,1,1,0.8051763,0
1,1,1,1,1,1,1,1,0.9905623,1
1,1,1,1,1,1,1,1,1,1
1,1,1,1,1,1,1,1,1,1
1,1,1,1,1,1,1,1,1,1
1,1,1,1,0.9985328,1,1,1,1,1
1,1,1,1,0.9885254,1,1,1,1,1
1,1,1,1,0.9784684,1,1,1,1,1
1,1,1,1,0.9683627,1,1,1,1,1
1,1,1,1,0.9582092,1,1,1,1,1
0.9842693,1,1,1,0.9480093,1,1,1,1,1
0.9679187,1,1,1,0.9379465,1,1,1,1,1
0.9509757,1,1,0.9944025,0.9280254,1,1,1,1,1
0.9334987,1,1,0.9705105,0.9182376,1,1,1,1,1
0.9156688,1,1,0.9451,0.9085448,1,1,1,1,1
0.8975145,1,1,0.9183203,0.8989453,1,1,1,1,1
0.8790683,1,1,0.8903376,0.8894371,1,1,1,1,1
0.8603641,1,1,0.8613512,0.8800179,1,1,1,1,1
0.8414384,1,1,0.8315305,0.8706849,1,1,1,1,1
0.8409397,1,1,0.8215184,0.8614351,1,1,1,1,1
0.8464502,1,1,0.8123007,0.85211,1,1,1,1,1
0.8517444,1,1,0.8030224,0.8426462,1,1,1,1,1
0.8568096,1,1,0.7936839,0.8330477,1,1,1,1,1
0.8616462,1,1,0.7842861,0.8233191,1,1,1,1,1
0.8662519,1,1,0.7748305,0.813466,1,1,1,1,1
0.8706225,1,1,0.765319,0.8034941,1,1,1,1,1
0.8747585,1,1,0.7557541,0.7934106,1,1,1,1,1
0.8786618,1,1,0.7461387,0.7832225,1,1,1,1,1
0.8823358,1,1,0.736476,0.7729372,1,1,1,1,1
0.8857843,1,1,0.7267691,0.7625625,1,1,1,1,1
0.8890126,1,1,0.7170218,0.7521061,1,1,1,1,1
0.8920267,1,1,0.7072377,0.7415764,1,1,1,1,1
0.8948334,1,1,0.6974204,0.7309809,1,1,1,1,1
0.8974433,1,1,0.6875737,0.7203279,1,1,1,1,1
0.8998647,1,1,0.6777014,0.7096249,1,1,1,1,1
0.9021013,1,1,0.6678068,0.6988794,1,1,1,1,1
0.9041691,1,1,0.6578936,0.6880987,1,1,1,1,1
0.9060729,1,1,0.6479651,0.6772898,1,1,1,1,1
0.9078246,1,1,0.6380242,0.6664592,0.7204589,1,1,1,0
0.9059458,1,1,0.6275159,0.6543418,0.7059724,1,1,1,0
0.9040248,1,1,0.6170564,0.6423126,0.6916364,1,1,1,0
0.9020821,1,1,0.6066482,0.630378,0.6774622,1,1,1,0
0.9001392,1,1,0.5962924,0.6185426,0.6634579,1,1,1,0
0.8982171,1,1,0.5859891,0.6068093,0.6496292,1,1,1,0
0.8963277,1,1,0.5845019,0.5951794,0.6359795,1,1,1,0
0.8945055,1,1,0.6147348,0.5836588,0.6225205,1,1,1,0
0.8928191,1,1,0.6507127,0.5722626,0.6092819,1,1,1,0
1,1,1,0.6941068,0.5609825,0.5962508,1,1,1,0
0.8878556,1,1,0.7965001,0.5492718,0.5823914,1,1,1,0
1,1,1,1,0.5382656,0.5698608,1,1,1,0
1,1,1,1,0.5268794,0.5565778,1,1,1,0
1,1,1,1,0.515604,0.5434856,1,1,1,0
1,1,1,1,0.5044366,0.5305806,1,1,1,0
1,1,1,1,0.4933731,0.5178578,1,1,1,0
1,1,1,1,0.4824089,0.5053115,1,1,1,0
1,1,1,1,0.4715392,0.4929357,1,1,1,0
1,1,1,1,0.4607588,0.4807231,0.547084,1,1,0
0.8617793,1,1,1,0.4494065,0.4670804,0.5279737,1,1,0
0.8578296,1,1,1,0.4385836,0.4545891,0.5114126,1,1,0
0.8541347,1,1,1,0.4279026,0.4423594,0.4954042,1,1,0
0.8506804,1,1,1,0.417348,0.4303698,0.4799072,1,1,0
0.847451,1,1,1,0.4069048,0.4185998,0.4648817,1,1,0
0.8444271,1,1,1,0.4614207,0.4070294,0.4502897,1,1,0
0.8416399,1,1,1,0.5646781,0.3956545,0.4361326,1,1,0
0.8390763,1,1,1,1,0.3844557,0.4223746,1,1,0
0.8368182,1,1,1,1,0.3734438,0.4090594,1,1,0
0.8346127,1,1,1,1,0.3625289,0.3959613,1,1,0
0.8324582,1,1,1,1,0.3517051,0.3830695,1,1,0
0.8303498,1,1,1,1,0.3409663,0.3703728,1,1,0
0.8282883,1,1,1,1,0.3303068,0.3578608,1,1,0
0.8262677,1,1,1,1,0.3197208,0.3455227,1,1,0
0.8242854,1,1,1,1,0.3092028,0.3333481,1,1,0
0.8223382,1,1,1,1,0.2987474,0.321327,1,1,0
1,1,1,1,1,0.2883499,0.30945,1,1,0
0.8172072,1,1,1,1,0.2777638,0.2968361,0.4019176,1,0
0.8130645,1,1,1,1,0.3082962,0.2838138,0.379069,1,0
0.8090987,1,1,1,1,0.4086042,0.2711369,0.3573618,1,0
0.8053041,1,1,1,1,1,0.2587865,0.336708,1,0
0.80172,1,1,1,1,1,0.2467767,0.3171508,1,0
0.798331,1,1,1,1,1,0.2350836,0.2986009,1,0
0.7951173,1,1,1,1,1,0.2236819,0.280969,1,0
0.7920596,1,1,1,1,1,0.2125465,0.2641713,1,0
0.7891315,1,1,1,1,1,0.2016539,0.2481303,1,0
0.7863121,1,1,1,1,1,0.2150563,0.2327742,1,0
0.7835823,1,1,1,1,1,0.2480435,0.2180682,0.3606993,0
0.7809026,1,1,1,1,1,0.2962884,0.2032435,0.3290121,0
0.7783627,1,1,1,1,1,0.3602148,0.188995,0.2997372,0
0.7759594,1,1,1,1,1,1,0.1752866,0.2726126,0
0.7736925,1,1,1,1,1,1,0.1620853,0.2474136,0
0.7715623,1,1,1,1,1,1,0.1493607,0.2239455,0
0.7695661,1,1,1,1,1,1,0.1370849,0.2020392,0
0.7677013,1,1,1,1,1,1,0.1500148,0.181547,0
0.7659689,1,1,1,1,1,1,0.165777,0.1623398,0
0.7643696,1,1,1,1,1,1,0.183487,0.1443033,0
0.7629017,1,1,1,1,1,1,0.2034434,0.1273368,0
0.7615666,1,1,1,1,1,1,0.2260011,0.1167699,0
0.7603661,1,1,1,1,1,1,0.2515963,0.1257929,0
0.7592986,1,1,1,1,1,1,0.2807798,0.1355023,0
0.7583665,1,1,1,1,1,1,0.3142344,0.1459496,0
0.7575723,1,1,1,1,1,1,1,0.157192,0
0.7552661,1,1,1,1,1,1,1,0.1679222,0
0.7527843,1,1,1,1,1,1,1,0.1790576,0
0.7501103,1,1,1,1,1,1,1,0.1905819,0
0.7472327,1,1,1,1,1,1,1,0.2024705,0
0.7441382,1,1,1,1,1,1,1,0.2147006,0
0.7408155,1,1,1,1,1,1,1,0.2272457,0
0.7372551,1,1,1,1,1,1,1,0.2400766,0
0.7334491,1,1,1,1,1,1,1,0.2531606,0
0.7293913,1,1,1,1,1,1,1,0.2664624,0
0.7250744,1,1,1,1,1,1,1,0.2799487,0
0.7204989,1,1,1,1,1,1,1,1,2
0.7102908,1,1,1,1,1,1,1,1,2
0.700223,1,1,1,1,1,1,1,1,2
0.6903096,1,1,1,1,1,1,1,1,2
0.6805647,1,1,1,1,1,1,1,1,2
0.6710052,1,1,1,1,1,1,1,1,2
0.6616444,1,1,1,1,1,1,1,1,2
0.6524984,1,1,1,1,1,1,1,1,2
0.6939157,1,1,1,1,1,1,1,1,2
0.747252,1,1,1,1,1,1,1,1,2
0.799695,1,1,1,1,1,1,1,1,2
0.8500398,1,1,1,1,1,1,1,1,2
1,1,1,1,1,1,1,1,1,1
1,1,1,1,1,1,1,1,1,1
1,1,1,1,1,1,1,1,1,1
1,1,1,1,1,1,1,1,1,1
1,1,1,1,1,1,1,1,1,1
1,1,1,1,1,1,1,1,1,1
1,1,1,1,1,1,1,1,1,1
1,1,1,1,1,1,1,1,1,1
1,1,1,1,1,1,1,1,1,1
1,1,1,1,1,1,1,1,1,1
1,1,1,1,1,1,1,1,0.9824017,1
1,1,1,1,1,1,1,1,0.9825957,1
1,1,1,1,1,1,1,1,0.9827976,1
1,1,1,1,1,1,1,1,0.9830043,1
1,1,1,1,1,1,1,1,0.9832156,1
1,1,1,1,1,1,1,1,0.9834315,1
1,1,1,1,1,1,1,1,0.9836549,1
1,1,1,1,1,1,1,1,0.9838827,1
1,1,1,1,1,1,1,1,0.9841149,1
1,1,1,1,1,1,1,1,0.9843513,1
1,1,1,1,1,1,1,1,0.9845921,1
1,1,1,1,1,1,1,1,0.9848369,1
1,1,1,1,1,1,1,1,0.9850858,1
1,1,1,1,1,1,1,1,0.9853387,1
1,1,1,1,1,1,1,1,0.9855955,1
1,1,1,1,1,1,1,1,0.9858562,1
1,1,1,1,1,1,0.9900203,1,0.9861208,1
1,1,1,1,1,1,0.9787141,1,0.9864368,1
1,1,1,1,1,1,0.9673363,1,0.9868135,1
1,1,1,1,1,1,0.9558915,1,0.987254,1
1,1,1,1,1,1,0.9443838,1,0.9877583,1
1,1,1,1,1,1,0.9328183,1,0.9883297,1
1,1,1,1,1,1,0.9211998,1,0.9889681,1
1,1,1,1,1,1,0.9095327,1,0.9896766,1
1,1,1,1,1,1,0.8978226,1,0.9904553,1
1,1,1,1,1,1,0.8860747,1,0.9913073,1
1,1,1,1,1,1,0.8742941,1,0.9922355,1
1,1,1,1,1,1,0.8624861,1,0.9932368,1
1,1,1,1,1,1,0.8506559,1,0.9943171,1
1,1,1,1,1,1,0.8388084,1,0.9954761,1
1,1,1,1,1,1,0.826949,1,0.9967135,1
1,1,1,1,1,1,0.8150827,1,0.9980322,1
1,1,1,1,1,1,0.8032143,1,0.9994316,1
1,1,1,1,1,1,0.791348,1,1,1
1,1,1,1,1,1,0.7794777,1,1,1
1,1,1,1,1,1,0.7675999,1,1,1
1,1,1,1,1,1,0.7557197,1,1,1
1,1,1,1,1,1,0.7438418,1,1,1
1,1,1,1,1,1,0.7319707,1,1,1
1,1,1,1,1,1,0.7201111,1,1,0
1,1,1,1,1,1,0.7208025,0.9506571,1,0
1,1,1,1,1,1,0.7338517,0.9309196,1,0
1,1,1,1,1,1,0.7481668,0.9111437,1,0
1,1,1,1,1,1,0.7638168,0.891373,1,0
1,1,1,1,1,1,0.7808674,0.8716496,1,0
1,1,1,1,1,1,0.7993985,0.8520129,1,0
1,1,1,1,1,1,0.8194965,0.8324992,1,0
1,1,1,1,1,1,0.8412544,0.8131405,1,0
1,1,1,1,1,1,0.8647618,0.7939669,1,0
1,1,1,1,1,1,0.890126,0.7750036,1,0
1,1,1,1,1,1,0.9174516,0.7562733,1,0
1,1,1,1,1,1,0.9468504,0.7377945,1,0
1,1,1,1,1,1,0.9784541,0.719583,1,0
1,1,1,1,1,1,1,0.7016506,1,0
1,1,1,1,1,1,1,0.6839265,1,0
1,1,1,1,1,1,1,0.6662863,1,0
1,1,1,1,1,1,1,0.6487603,1,0
1,1,1,1,1,1,1,0.6313758,1,0
1,1,1,1,1,1,1,0.6141587,1,0
1,1,1,1,1,1,1,0.5971323,1,0
1,1,1,1,1,1,1,0.5803177,1,0
1,1,1,1,1,1,1,0.5637336,1,0
1,1,1,1,1,1,1,0.5473963,1,0
1,1,1,1,1,1,1,0.5313192,1,0
1,1,1,1,1,1,1,0.5246525,0.8355184,0
1,1,1,1,1,1,1,0.5434245,0.793763,0
1,1,1,1,1,1,1,0.5643169,0.7537631,0
1,1,1,1,1,1,1,0.5874944,0.715661,0
1,1,1,1,1,1,1,0.6131412,0.6795355,0
1,1,1,1,1,1,1,0.6414415,0.6454127,0
1,1,1,1,1,1,1,0.6725914,0.613272,0
1,1,1,1,1,1,1,0.7067945,0.5830605,0
1,1,1,1,1,1,1,0.7442733,0.5546995,0
1,1,1,1,1,1,1,0.7852566,0.5280929,0
1,1,1,1,1,1,1,0.8299853,0.5031347,0
1,1,1,1,1,1,1,1,0.4797127,0
1,1,1,1,1,1,1,1,0.4705041,0
1,1,1,1,1,1,1,1,0.484666,0
1,1,1,1,1,1,1,1,0.4992612,0
1,1,1,1,1,1,1,1,0.5142636,0
1,1,1,1,1,1,1,1,0.5296539,0
1,1,1,1,1,1,1,1,0.5454016,0
1,1,1,1,1,1,1,1,0.5614833,0
1,1,1,1,1,1,1,1,0.5778642,0
1,1,1,1,1,1,1,1,0.5945123,0
1,1,1,1,1,1,1,1,0.6113991,0
1,1,1,1,1,1,1,1,0.6284888,0
1,1,1,1,1,1,1,1,0.6457454,0
1,1,1,1,1,1,1,1,0.6631309,0
1,1,1,1,1,1,1,1,0.6806067,0
1,1,1,1,1,1,1,1,0.6981441,0
1,1,1,1,1,1,1,1,0.7156979,0
1,1,1,1,1,1,1,1,0.7332332,0
1,1,1,1,1,1,1,1,0.7507161,0
1,1,1,1,1,1,1,1,1,1
1,1,1,1,1,1,1,1,1,1
1,1,1,1,1,1,1,1,1,1
1,1,1,1,1,1,1,1,1,1
1,1,1,1,1,1,1,1,1,1
1,1,1,1,1,1,1,1,1,1
1,1,1,1,1,1,1,1,1,1
1,1,1,1,1,1,1,1,1,1
1,1,1,1,1,1,1,1,1,1
1,1,1,1,1,1,1,1,1,1
1,1,1,1,1,1,1,1,1,1
1,1,1,1,1,1,1,1,1,1
1,1,1,1,1,1,1,1,1,1
1,1,1,1,1,1,1,1,1,1
1,1,1,1,1,1,1,1,1,1
1,1,1,1,1,1,1,1,1,1
1,1,1,1,1,1,1,1,1,1
1,1,1,1,1,1,1,1,1,1
1,1,1,1,1,1,1,1,1,1
1,1,1,1,1,1,1,1,1,1
1,1,1,1,1,1,1,1,1,1
1,1,1,1,1,1,1,1,1,1
1,1,1,1,1,1,1,1,1,1
1,1,1,1,1,1,1,1,1,1
1,1,1,1,1,1,1,1,1,1
1,0.9617572,1,1,1,1,1,1,1,1
1,0.955417,1,1,1,1,1,1,1,1
1,0.9490972,1,1,1,1,1,1,1,1
1,0.9428021,1,1,1,1,1,1,1,1
1,0.9365333,1,1,1,1,1,1,1,1
1,0.9302921,1,1,1,1,1,0.9974637,1,1
1,0.9240863,1,1,1,1,1,0.9900834,1,1
1,0.9179163,1,1,1,1,1,0.9827226,1,1
1,0.9117836,1,1,1,1,1,0.9753806,1,1
1,0.9056926,1,1,1,1,1,0.9680559,1,1
1,0.8996479,1,1,1,1,1,0.9607478,1,1
1,0.8936505,1,1,1,1,1,0.9534552,1,1
1,0.8877023,1,1,1,1,1,0.9461765,1,2
1,0.8818072,1,1,1,1,1,0.9389111,1,2
1,0.8759667,1,1,1,1,1,0.9316576,1,2
1,0.8701852,1,1,1,1,1,0.9244151,1,2
1,0.8644668,1,1,1,1,1,0.9171821,1,2
1,0.8588125,1,1,1,1,1,0.9099576,1,2
1,0.8532236,1,1,1,1,1,0.9027401,1,2
1,0.8477009,1,1,1,1,1,0.895528,1,2
1,0.8422512,1,1,1,1,1,0.8883197,1,2
1,0.8368725,1,1,1,1,1,0.8811138,1,2
1,0.8315682,1,1,1,1,1,0.8739085,1,2
1,0.8263389,1,1,1,1,1,0.8667019,1,2
1,0.8211882,1,1,1,1,1,0.8594924,1,2
1,0.8161129,1,1,1,1,1,0.8522774,1,2
1,0.8111196,1,1,1,1,1,0.8450555,1,2
1,0.806205,1,1,1,1,1,0.8378237,1,2
1,0.8013722,1,1,1,1,1,0.8305801,1,2
1,0.7966207,1,1,1,1,1,0.8233221,1,2
1,0.7919501,1,1,1,1,1,0.8160473,1,2
0.8129976,0.78736,1,1,1,1,1,0.8087527,1,2
0.8044087,0.7838426,1,1,1,1,1,0.8034618,1,2
0.796096,1,1,1,1,1,1,0.7982919,1,2
0.7898346,1,1,1,1,1,1,0.7906044,1,2
0.7836416,1,1,1,1,1,1,0.7829133,1,2
0.7775193,1,1,1,1,1,1,0.7752157,1,2
0.7714698,1,1,1,1,1,1,0.7675095,1,2
0.7654986,1,1,1,1,1,1,0.759792,1,2
0.7596076,1,1,1,1,1,1,0.7520604,1,2
0.7537984,1,1,1,1,1,1,0.7443117,1,2
0.7480727,1,1,1,1,1,1,0.7365432,1,2
0.7424353,1,1,1,1,1,1,0.7287517,1,2
0.7368873,1,1,1,1,1,1,0.7209343,1,2
0.7314301,1,1,1,1,1,1,0.7130872,1,2
0.7260646,1,1,1,1,1,1,0.7052076,1,2
0.7207915,1,1,1,1,1,1,0.6972916,1,2
0.7156148,1,1,1,1,1,1,0.6893359,1,2
0.7105349,1,1,1,1,1,1,0.6813368,1,2
0.7055491,1,1,1,1,1,1,0.6732904,1,2
0.7006606,1,1,1,1,1,1,0.6651932,1,2
0.6958696,1,1,1,1,1,1,0.6570412,1,2
0.691176,1,1,1,1,1,1,0.6488304,1,2
0.6865762,1,1,1,1,1,1,0.6405569,1,2
0.6820732,1,1,1,1,1,1,0.6322173,1,2
0.6776665,1,1,1,1,1,1,0.6238075,1,2
0.6733521,1,1,1,1,1,1,0.6153235,0.9017516,1
0.6793976,1,1,1,1,1,1,0.6057097,0.8896064,1
0.7681908,1,1,1,1,1,1,0.5974855,0.876325,1
0.8292049,1,1,1,1,1,1,0.6082053,0.8580206,0
0.8674682,1,1,1,1,1,1,0.6225484,0.8366734,0
0.8895457,1,1,1,1,1,1,0.6397311,0.8136555,0
0.9014293,1,1,1,1,1,1,0.6558819,0.7899351,0
0.9069209,1,1,1,1,1,1,0.6773198,0.7660557,0
0.9091272,1,1,1,1,1,1,0.7004994,0.7424513,0
0.9095475,1,1,1,1,1,1,0.7253272,0.7193143,0
0.9090593,1,1,1,1,1,1,0.7517699,0.6967494,0
0.9081907,1,1,1,1,1,1,0.7687013,0.6748083,0
0.9064096,1,0.9929039,1,1,1,1,0.755447,0.6533751,0
0.9029647,1,0.9787092,1,1,1,1,0.7423199,0.6322998,0
0.8995062,1,0.9647067,1,1,1,1,0.7353467,0.6118342,0
0.896581,1,0.9509925,1,1,1,1,0.7684624,0.5920451,0
0.8963739,1,0.9379855,1,1,1,1,0.8022758,0.5732666,0
0.8981608,1,0.925554,1,1,1,1,0.836892,0.5553392,0
0.9014584,1,0.9136094,1,1,1,1,0.8723698,0.5381442,0
0.9059308,1,0.9020794,1,1,1,1,0.9087669,0.5215899,0
0.9113404,1,0.8909076,1,1,1,1,0.9461269,0.5218626,0
0.9189865,1,0.8803326,1,1,1,1,1,0.5334265,0
0.9300152,1,0.8705498,1,1,1,1,1,0.5445497,0
0.9415047,1,0.8609928,1,1,1,1,1,0.555719,0
0.9533774,1,0.8516351,1,1,1,1,1,0.5647221,0
0.9653814,1,0.8424217,1,1,1,1,1,0.5760134,0
0.977688,1,0.833371,1,1,1,1,1,0.5873515,0
1,1,0.8244675,1,1,1,1,1,0.5987357,0
1,1,0.8154967,1,1,1,1,1,0.6104413,0
1,1,0.8069139,1,1,1,1,1,0.6218274,1
1,1,0.7986867,1,1,1,1,1,0.6328727,1
1,1,0.7907839,1,1,1,1,1,0.6435634,1
1,0.9715561,0.783182,1,1,1,1,1,0.6538843,1
1,0.8919648,0.7764151,1,1,1,1,1,0.6651881,1
1,0.7806556,0.7714595,1,1,1,1,1,0.6695015,2
1,0.6608679,0.7688375,1,1,1,1,1,0.6632894,2
1,0.6564023,0.768654,1,1,1,1,1,0.6597578,2
1,0.6521337,0.7686649,1,1,1,1,1,0.6560802,2
1,0.6480554,0.7688586,1,1,1,1,1,0.6522352,2
1,0.6441574,0.7692187,1,1,1,1,1,0.6482003,2
1,0.640432,0.7697321,1,1,1,1,1,0.6439532,2
1,0.6368718,1,1,1,1,1,1,0.6394698,1
1,0.6324241,1,1,1,1,1,1,0.6296423,1
1,0.6279936,1,1,1,1,1,1,0.6196051,1
1,0.6235784,1,1,1,1,1,1,0.6093557,1
1,0.6191734,1,1,1,1,1,1,0.6053668,1
1,0.6148053,1,1,1,1,1,1,0.6097916,1
1,0.6105068,1,1,1,1,1,1,0.6139987,1
1,0.6062805,1,1,1,1,1,1,0.6179923,2
1,0.6021291,1,1,1,1,1,1,0.6217777,2
1,0.5980522,1,1,1,1,1,1,0.6253637,2
1,0.5940523,1,1,1,1,1,1,0.6287557,2
1,0.5901322,1,1,1,1,1,1,0.6319588,2
1,0.5862916,1,1,1,1,1,1,0.6349825,2
1,0.5825329,1,1,1,1,1,1,0.6378323,2
1,0.5788559,1,1,1,1,1,1,0.6405173,2
0.566195,0.5752633,1,1,1,1,1,1,0.6430427,2
0.5599784,0.5742674,1,1,1,1,1,1,0.6372039,2
0.5542431,0.5737141,1,1,1,1,1,1,0.6315923,2
0.5489808,0.5736126,1,1,1,1,1,1,0.6261902,2
0.5441815,0.5739701,1,1,1,1,1,1,0.6209854,2
0.5398362,0.5747952,1,1,1,1,1,1,0.615966,2
0.5359402,0.576101,1,1,1,1,1,1,0.6111181,2
0.5324868,0.5778993,1,1,1,1,1,1,0.606432,2
0.5294734,1,1,1,1,1,1,1,0.6018953,2
0.5267593,1,1,1,1,1,1,1,0.6030835,2
0.5241154,1,1,1,1,1,1,1,0.6041785,2
0.5215396,1,1,1,1,1,1,1,0.6051885,2
0.5190354,1,1,1,1,1,1,1,0.6061139,2
0.5166065,1,1,1,1,1,1,1,0.6069557,2
0.5142503,1,1,1,1,1,1,1,0.6077212,2
0.5119704,1,1,1,1,1,1,1,0.608411,2
0.5097702,1,1,1,1,1,1,1,0.6090252,2
0.507647,1,1,1,1,1,1,1,0.6095714,2
0.505604,1,1,1,1,1,1,1,0.6100494,2
0.5036414,1,1,1,1,1,1,1,0.6104625,2
0.5017594,1,1,1,1,1,1,1,0.6108143,2
0.499958,1,1,1,1,1,1,1,0.6111076,2
0.4982374,1,1,1,1,1,1,1,0.6113455,2
0.4966003,1,0.9986966,1,1,1,1,1,0.6115273,2
0.4950451,1,0.9820815,1,1,1,1,1,0.6116498,2
0.4935941,1,0.9698169,1,1,1,1,1,0.6116036,2
0.4922483,1,0.9768714,1,1,1,1,1,0.6114281,2
1,1,0.9839699,1,1,1,1,1,0.6112623,0
1,1,0.9604864,1,1,1,1,1,0.6172355,0
1,1,0.9390901,1,1,1,1,1,0.6232992,0
1,1,0.9229166,1,1,1,1,1,0.6294271,0
1,1,0.9189626,1,1,1,1,1,0.6356218,0
1,1,0.9147834,1,1,1,1,1,0.6419615,0
1,1,0.9103544,1,1,1,1,1,1,1
1,1,0.8962641,1,1,1,1,1,1,1
1,1,0.8819736,1,1,1,1,1,1,1
1,1,0.8674962,1,1,1,1,1,1,1
1,1,0.8663082,1,1,1,1,1,1,1
1,1,0.8665833,1,1,1,1,1,1,1
1,1,0.8669011,1,1,1,1,1,1,1
1,1,0.8672609,1,1,1,1,1,1,1
1,1,0.8676618,1,1,1,1,1,1,1
1,1,0.8680981,1,1,1,1,1,1,1
1,1,0.8685743,1,1,1,1,1,1,1
1,1,0.8690894,1,1,1,1,1,1,1
1,1,0.8696381,1,1,1,1,1,1,1
1,1,0.8702189,1,1,1,1,1,1,1
1,1,1,1,1,1,1,1,1,1
1,1,1,1,1,1,1,1,1,1
1,1,1,1,1,1,1,1,1,1
1,1,1,1,1,1,1,1,1,1
1,1,1,1,1,1,1,1,1,1
1,1,1,1,1,1,1,1,1,1
1,1,1,1,1,1,1,1,1,1
1,1,1,1,1,1,1,1,1,1
1,1,1,1,1,1,1,1,1,1
1,1,1,1,1,1,1,1,1,1
1,1,1,1,1,1,1,1,1,1
1,1,1,1,1,1,1,1,1,1
1,1,1,1,1,1,1,1,1,1
1,1,1,1,1,1,1,1,1,1
1,1,1,1,1,1,1,1,1,1
1,1,1,1,1,1,1,1,1,1
1,1,1,1,1,1,1,1,1,1
1,1,1,1,1,1,1,1,1,1
1,1,1,1,1,1,1,1,1,1
1,1,1,1,1,1,1,1,1,1
1,1,1,1,1,1,1,1,1,1
1,1,1,1,1,1,1,1,1,1
1,1,1,1,1,1,1,1,1,1
1,1,1,1,1,1,1,1,1,1
1,1,1,1,1,1,1,1,1,1
1,1,1,1,1,1,1,1,1,1
1,0.6593492,1,1,1,1,1,1,1,2
1,0.6251416,1,1,1,1,1,1,1,2
1,0.5912819,1,1,1,1,1,1,1,2
1,0.557992,1,1,0.9962171,1,1,1,1,2
1,0.5389229,1,1,0.9839709,1,1,1,1,2
1,0.5432514,1,1,0.9719346,1,1,1,1,2
1,0.5479151,1,0.9928141,0.9602151,1,1,1,1,2
1,0.5529348,1,0.9781781,0.9487864,1,1,1,1,2
1,0.5583307,1,0.9639419,0.937628,1,1,1,1,2
1,0.5640906,1,0.9500946,0.9267279,1,1,1,1,2
1,1,1,0.9366223,1,1,1,1,1,1
1,1,1,0.9262851,1,1,1,1,1,1
1,1,1,0.9159325,1,1,1,1,1,1
1,1,0.9947176,0.9055656,1,1,1,1,1,1
1,1,0.9830222,0.8951661,1,1,1,1,1,1
1,1,0.9711846,0.8847125,1,1,1,1,1,1
1,1,0.9592119,0.8742082,1,1,1,1,1,1
1,1,0.9471121,0.8636564,1,1,1,1,1,1
1,1,0.9348937,0.8530614,1,1,1,1,1,1
0.5635768,1,0.9225658,0.842427,1,1,1,1,1,2
0.4796211,1,0.9023256,0.8289226,1,1,1,1,1,2
0.4654478,1,0.8826962,0.8158163,1,1,1,1,1,2
0.4687084,1,0.8638215,0.8031604,1,1,1,1,1,2
0.4724398,1,0.8456651,0.7909395,1,1,1,1,1,2
0.476652,1,0.8281926,0.7791394,1,1,1,1,1,2
0.4813626,1,0.8113724,0.7677468,1,1,1,1,1,2
0.4865847,1,0.7951753,0.8257699,1,1,1,1,1,2
1,1,0.779574,1,1,1,1,1,1,1
1,1,0.7685989,1,1,1,1,1,1,1
1,1,0.7576268,1,1,1,1,1,1,1
1,1,0.7466599,1,1,1,1,1,1,1
1,1,0.7357011,1,1,1,1,1,1,1
1,1,0.7247526,1,1,1,1,1,1,1
1,1,0.7138166,1,1,1,1,1,1,1
1,1,0.7028954,1,1,1,1,1,1,1
1,1,0.6919912,1,1,1,1,1,1,1
1,1,0.6811059,1,1,1,1,1,1,1
1,1,0.6702417,1,1,1,1,1,1,1
1,1,0.6594,1,1,1,1,1,1,1
1,1,0.6485827,1,1,1,1,1,1,1
1,1,0.6377916,1,1,1,1,1,1,1
1,0.7851979,0.6270278,1,1,1,1,1,1,2
1,0.76656,0.6154343,1,1,1,1,1,1,2
1,0.7480696,0.6039159,1,1,1,1,1,1,2
1,0.7297665,0.5924856,1,1,1,1,1,1,2
1,0.7116867,0.5811552,1,1,1,1,1,1,2
1,0.6938612,0.5699347,1,1,1,1,1,1,2
1,0.6763171,0.5588327,1,1,1,1,1,1,2
1,0.6590768,0.5478562,1,1,1,1,1,1,2
1,0.6421582,0.5388917,1,1,1,1,1,1,2
1,0.6255805,0.5980017,1,1,1,1,1,1,2
1,0.6095227,0.6659756,1,1,1,1,1,1,2
1,0.5939537,0.7444364,1,1,1,1,1,1,2
1,0.5788435,0.8354301,1,1,1,1,1,1,2
1,0.5641629,1,1,1,1,1,1,1,2
1,0.5499705,1,1,1,1,1,1,1,2
1,0.5359752,1,1,1,1,1,1,1,2
1,0.5221832,1,1,1,1,1,1,1,2
1,0.508599,1,1,1,1,1,1,1,2
1,0.4952263,1,1,1,1,1,1,1,2
0.7064459,0.4820675,1,1,1,1,1,1,1,2
0.6735479,0.4668225,1,1,1,1,1,1,1,2
0.6420177,0.451978,1,1,1,1,1,1,1,2
0.6123502,0.4376894,1,1,1,1,1,1,1,2
0.5844985,0.4239603,1,1,1,1,1,1,1,2
0.5583128,0.4107634,1,1,1,1,1,1,1,2
0.5336602,0.4250651,1,1,1,1,1,1,1,2
0.5104222,0.4651045,1,1,1,1,1,1,1,2
0.4884921,0.5109424,1,1,1,1,1,1,1,2
0.4677742,0.563787,1,1,1,1,1,1,1,2
0.4484027,0.6239414,1,1,1,1,1,1,1,2
0.4303412,0.6919432,1,1,1,1,1,1,1,2
0.4134543,0.7688571,1,1,1,1,1,1,1,2
0.3976196,1,1,1,1,1,1,1,1,2
0.3831013,1,1,1,1,1,1,1,1,2
0.369112,1,1,1,1,1,1,1,1,2
0.362506,1,1,1,1,1,1,1,1,2
0.3822305,1,1,1,1,1,1,1,1,2
0.4026674,1,1,1,1,1,1,1,1,2
0.4237871,1,1,1,1,1,1,1,1,2
0.4455479,1,1,1,1,1,1,1,1,2
0.4679084,1,1,1,1,1,1,1,1,2
0.4908217,1,1,1,1,1,1,1,1,2
0.5142418,1,1,1,1,1,1,1,1,2
0.5381054,1,1,1,1,1,1,1,1,2
0.5623569,1,1,1,1,1,1,1,1,2
0.5869309,1,1,1,1,1,1,1,1,2
0.6117573,1,1,1,1,1,1,1,1,2
0.6367711,1,1,1,1,1,1,1,1,2
0.6618971,0.9009465,1,1,1,1,1,1,1,2
0.6872624,0.8941203,1,1,1,1,1,1,1,2
1,0.887391,1,1,1,1,1,1,1,1
1,0.8807939,1,1,1,1,1,1,1,1
1,0.8741977,1,1,1,1,1,1,1,1
1,0.8676022,1,1,1,1,1,1,1,1
1,0.8610076,1,1,1,1,1,1,1,1
1,0.854414,1,1,1,1,1,1,1,1
1,0.8478211,1,1,1,1,1,1,1,1
1,0.8412293,1,1,1,1,1,1,1,1
1,0.8346385,1,1,1,1,1,1,1,1
1,0.8280489,1,1,1,1,1,1,1,1
1,0.8214601,1,1,1,1,1,1,1,1
1,0.8148727,1,1,1,1,1,1,1,1
1,0.8082865,1,1,1,1,1,1,1,1
1,0.8017014,1,1,1,1,1,1,1,1
1,0.7951176,1,1,1,1,1,1,1,1
1,0.7885351,1,1,1,1,1,1,1,1
1,0.781954,1,1,1,1,1,1,1,1
1,0.7753742,1,1,1,1,1,1,1,1
1,0.7687958,1,1,1,1,1,1,1,1
1,0.7622187,1,1,1,1,1,1,1,1
1,0.7556432,1,1,1,1,1,1,1,1
1,0.7490691,1,1,1,1,1,1,1,1
1,0.7424965,1,1,1,1,1,1,1,1
1,0.7359254,1,1,1,1,1,1,1,1
1,0.729356,1,1,1,1,1,1,1,1
1,0.7227881,1,1,1,1,1,1,1,1
1,0.7162217,1,1,1,1,1,1,1,1
1,0.7096573,1,1,1,1,1,1,1,1
1,0.7030942,1,1,1,1,0.9980842,1,1,1
1,0.6965334,1,1,1,1,0.9901913,1,1,1
1,0.689975,1,1,1,1,0.9823907,1,1,1
1,0.6834166,1,1,1,1,0.9746783,1,1,1
1,0.6768562,1,1,1,1,0.9670506,1,1,1
1,0.6702915,1,1,1,1,0.9595102,1,1,1
1,0.6637211,1,1,1,1,0.9520541,1,1,1
1,0.6571432,1,1,1,1,0.9446793,1,1,1
0.7261261,0.6505566,1,1,1,1,0.937386,1,1,1
0.7177195,0.6439189,1,1,1,1,0.9287459,1,1,1
0.7094568,0.6373109,1,1,1,1,0.9201788,1,1,1
0.7013293,0.6307291,1,1,1,1,0.9116828,1,1,1
0.6933284,1,1,1,1,1,0.9032534,1,1,1
0.6855192,1,1,1,1,1,0.8949486,1,1,1
0.6778067,1,1,1,1,0.9924138,0.8866949,1,1,1
0.6702708,1,1,1,1,0.9830062,0.8785626,1,1,1
0.662919,1,1,1,1,0.97392,0.8705643,1,1,1
0.6557342,1,1,1,1,0.9651407,0.8626971,1,1,1
0.6487002,1,1,1,1,0.9566487,0.8549527,1,1,1
0.6418023,1,1,1,1,0.9484293,0.8473271,1,1,1
0.6350267,1,1,1,1,0.9404696,0.8398165,1,1,1
0.6283604,1,1,1,1,0.9327576,0.8324183,1,1,1
0.6217912,1,1,1,1,0.9252858,0.8251334,1,1,1
0.6153077,1,1,1,1,0.9180411,0.8179569,1,1,1
0.6088988,1,1,1,1,0.9110106,0.8108843,1,1,1
0.6025542,1,1,1,1,0.9041897,0.8039177,1,1,1
0.5962642,1,1,1,1,0.8975669,0.797053,1,1,1
0.5900192,1,1,1,1,1,0.790293,1,1,1
0.582686,1,1,1,1,1,0.782671,1,1,1
0.5753876,1,1,1,1,1,0.7750899,1,1,1
0.5681202,1,1,1,1,1,0.7675475,1,1,1
0.5608797,1,1,1,1,1,0.7600423,1,1,1
0.5536623,1,1,1,1,1,0.7525758,1,1,1
0.5464644,1,1,1,1,1,0.7451429,1,1,1
0.5392822,1,1,1,1,1,0.7377487,1,1,1
0.5321125,1,1,1,1,1,0.7303883,1,1,1
0.5249515,1,1,1,1,1,0.7230632,1,1,1
0.5177959,1,1,1,1,1,0.715772,1,1,1
0.5106423,1,1,1,1,1,0.7085131,1,1,1
0.5034877,1,1,1,1,1,0.7012883,1,1,1
0.4963288,1,1,1,1,1,0.6940961,1,1,1
0.4891625,1,1,1,1,1,0.686935,1,1,1
0.5014167,1,1,1,1,1,0.6798037,1,1,1
0.5140153,1,1,1,1,1,0.6727937,1,1,1
0.525994,1,1,1,1,1,0.6659034,1,1,1
0.5373547,1,1,1,1,1,0.6591302,1,1,1
0.5480973,1,1,1,1,1,0.6524753,0.6197075,1,0
0.5428045,1,1,1,1,1,0.6497585,0.6114809,1,0
0.5378649,1,1,1,1,1,0.6474128,0.603685,1,0
0.5332753,1,1,1,1,1,0.6454288,0.5963069,1,0
0.5290232,1,1,1,1,1,0.6437994,0.589336,1,0
0.5250944,1,1,1,1,1,0.6425173,0.5827611,1,0
0.5214832,1,1,1,1,1,0.6415676,0.5765645,1,0
0.5181718,1,1,1,1,1,1,0.5707344,1,0
0.5242674,1,1,1,1,1,1,0.5647706,1,0
0.5299993,1,1,1,1,1,1,0.5588802,1,0
0.5353784,1,1,1,1,1,1,0.5530678,1,0
0.5404213,1,1,1,1,1,1,0.5473353,1,0
0.5451354,1,1,1,1,1,1,0.5416902,1,0
0.549538,1,1,1,1,1,1,0.536134,1,0
0.553647,1,1,1,1,1,1,0.5306678,1,0
0.55747,1,1,1,1,1,1,0.525299,1,0
0.5610245,1,1,1,1,1,1,0.5200279,0.5483082,0
0.5559837,1,1,1,1,1,1,0.5157276,0.5386853,0
0.5511523,1,1,1,1,1,1,0.5118111,0.5296132,0
0.5465111,1,1,1,1,1,1,0.5082789,0.5210738,0
0.5420473,1,1,1,1,1,1,0.5051292,0.5130478,0
0.5377451,1,1,1,1,1,1,0.5023645,0.5055202,0
0.5335897,1,1,1,1,1,1,0.4999881,0.498478,0
0.5295722,1,1,1,1,1,1,0.4980011,0.4919061,0
0.5256802,1,1,1,1,1,1,0.4964089,0.485794,0
0.5219024,1,1,1,1,1,1,1,0.4801323,0
0.5244906,1,1,1,1,1,1,1,0.4757454,0
0.5269164,1,1,1,1,1,1,1,0.471424,0
0.529183,1,1,1,1,1,1,1,0.4671732,0
0.5312942,1,1,1,1,1,1,1,0.4629982,0
1,1,1,1,1,0.994279,1,1,1,1
1,1,1,1,1,0.8561724,0.9303185,1,1,1
1,1,1,1,1,0.8456807,0.9183116,1,1,1
1,1,1,1,1,0.8351635,0.9062232,1,1,1
1,1,1,1,1,0.8246244,0.8940619,1,1,1
1,1,1,1,1,0.8140677,0.8818369,1,1,1
1,1,1,1,1,0.8034974,0.8695572,1,1,1
1,1,1,1,1,0.7929178,0.8572324,1,1,1
1,1,1,1,1,0.7823327,0.8448715,1,1,1
1,1,1,1,1,0.771746,0.8324838,1,1,0
1,1,1,1,1,0.7611619,0.8200786,1,1,0
1,1,1,1,1,0.7505846,0.8076651,1,1,0
1,1,1,1,1,0.7400173,0.7952517,1,1,0
1,1,1,1,1,0.7294638,0.7828474,1,1,0
1,1,1,1,1,0.7189275,0.7704601,1,1,0
1,1,1,1,1,0.7084115,0.7580976,1,1,0
1,1,1,1,1,0.6979188,0.7457674,1,1,0
1,1,1,1,1,0.6874518,0.733476,1,1,0
1,1,1,1,1,0.6770126,0.7212296,1,1,0
1,1,1,1,1,0.6666035,0.7090341,1,1,0
1,1,1,1,1,0.6562261,0.6968945,1,1,0
1,1,1,1,1,0.6458815,0.6848151,1,1,0
1,1,1,1,1,0.6355709,0.6728004,1,1,0
1,1,1,1,1,0.6535343,0.6608535,1,1,0
1,1,1,1,1,0.7223043,0.6489972,1,1,0
1,1,1,1,1,0.8018177,0.6372604,1,1,0
1,1,1,1,1,0.8943359,0.6256363,1,1,0
1,1,1,1,1,1,0.6141185,1,1,0
1,1,1,1,1,1,0.6026996,1,1,0
1,1,1,1,1,1,0.5913266,1,1,0
1,1,1,1,1,1,0.5800012,0.7480941,1,0
1,1,1,1,1,1,0.5675254,0.7266823,1,0
1,1,1,1,1,1,0.5551775,0.7055992,1,0
1,1,1,1,1,1,0.542974,0.6848938,1,0
1,1,1,1,1,1,0.5309295,0.6646077,1,0
1,1,1,1,1,1,0.5190561,0.6447747,1,0
1,1,1,1,1,1,0.5073623,0.6254198,1,0
1,1,1,1,1,1,0.4958549,0.6065618,1,0
1,1,1,1,1,1,0.4845373,0.5882118,1,0
1,1,1,1,1,1,0.4734113,0.5703752,1,0
1,1,1,1,1,1,0.4816273,0.553052,1,0
1,1,1,1,1,1,0.5454217,0.5362836,1,0
1,1,1,1,1,1,0.6210276,0.5201592,1,0
1,1,1,1,1,1,0.7112402,0.5046288,1,0
1,1,1,1,1,1,0.8198279,0.4896447,1,0
1,1,1,1,1,1,1,0.4751631,1,0
1,1,1,1,1,1,1,0.4611954,1,0
1,1,1,1,1,1,1,0.4474902,0.6695882,0
1,1,1,1,1,1,1,0.4318371,0.6352125,0
1,1,1,1,1,1,1,0.4168083,0.6031092,0
1,1,1,1,1,1,1,0.4023709,0.5730721,0
1,1,1,1,1,1,1,0.388494,0.5449189,0
1,1,1,1,1,1,1,0.3751497,0.5184895,0
1,1,1,1,1,1,1,0.3623113,0.4936409,0
1,1,1,1,1,1,1,0.3660479,0.4702463,0
1,1,1,1,1,1,1,0.4021422,0.4481927,0
1,1,1,1,1,1,1,0.443452,0.4273781,0
1,1,1,1,1,1,1,0.4910501,0.4077114,0
1,1,1,1,1,1,1,0.5463388,0.3891106,0
1,1,1,1,1,1,1,0.6111473,0.3715014,0
1,1,1,1,1,1,1,0.6879671,0.3548171,0
1,1,1,1,1,1,1,1,0.3392245,0
1,1,1,1,1,1,1,1,0.3251272,0
1,1,1,1,1,1,1,1,0.3128116,0
1,1,1,1,1,1,1,1,0.3316871,0
1,1,1,1,1,1,1,1,0.3513659,0
1,1,1,1,1,1,1,1,0.3718285,0
1,1,1,1,1,1,1,1,0.3930496,0
1,1,1,1,1,1,1,1,0.4149918,0
1,1,1,1,1,1,1,1,0.4376168,0
1,1,1,1,1,1,1,1,0.4608806,0
1,1,1,1,1,1,1,1,0.4847327,0
1,1,1,1,1,1,1,1,0.5091168,0
1,1,1,1,1,1,1,1,0.533971,0
1,1,1,1,1,1,1,1,0.5592349,0
1,1,1,1,1,1,1,1,0.5848371,0
1,1,1,1,1,1,1,1,0.6107029,0
1,1,1,1,1,1,1,1,0.6367598,0
1,1,1,1,1,1,1,1,0.6629342,0
1,1,1,1,1,1,1,1,1,1
1,1,1,1,1,1,1,1,1,1
1,1,1,1,1,1,1,1,1,1
1,1,1,1,1,1,1,1,1,1
1,1,1,1,1,1,1,1,1,1
1,1,1,1,1,1,1,1,1,1
1,1,1,1,1,1,1,1,1,1
1,1,1,1,1,1,1,0.9689082,1,1
1,1,1,1,1,1,1,0.9624133,1,1
1,1,1,1,1,1,1,0.9559188,1,1
1,1,1,1,1,1,1,0.9494244,1,1
1,1,1,1,1,1,1,0.9429297,1,1
1,1,1,1,1,1,1,0.9364356,1,1
1,1,1,1,1,1,1,0.9299415,1,1
1,1,1,1,1,1,1,0.9234476,1,1
1,1,1,1,1,1,1,0.9169537,1,1
1,1,1,1,1,1,1,0.9104603,1,1
1,1,1,1,1,1,1,0.9039668,1,1
1,1,1,1,1,1,1,0.8974737,1,1
1,1,1,1,1,1,1,0.8909809,1,1
1,1,0.9952555,1,1,1,1,0.8844886,1,1
1,1,0.9874055,1,1,1,1,0.8779964,1,1
1,1,1,1,1,1,1,0.871503,1,1
1,1,1,1,1,1,1,0.865006,1,1
1,1,1,1,1,1,1,0.8585092,1,1
1,1,1,1,1,1,1,0.8520129,1,1
1,1,1,1,1,1,1,0.845517,1,1
1,1,1,1,1,1,1,0.8390218,1,1
1,1,1,1,1,1,1,0.832527,1,1
1,1,1,1,1,1,1,0.8260325,1,1
1,1,1,1,1,1,1,0.8195385,1,1
1,1,1,1,1,1,1,0.8130451,1,1
1,1,1,1,1,1,1,0.8065522,1,1
1,1,1,1,1,1,1,0.8000597,1,1
1,0.9949454,1,1,1,1,1,0.7935679,1,1
1,0.9872115,1,1,1,1,1,0.7870764,1,1
1,0.9794291,1,1,1,1,1,0.7805835,1,1
1,0.9716004,1,1,1,1,1,0.7740874,1,1
1,1,1,1,1,1,1,0.7675858,1,1
1,1,1,1,1,1,1,0.7610756,1,1
1,1,1,1,1,1,1,0.7545661,1,1
1,1,1,1,1,1,1,0.7480574,1,1
1,1,1,1,1,1,1,0.7415498,1,1
1,1,1,1,1,1,1,0.735043,1,1
1,1,1,1,1,1,1,0.728537,1,1
1,1,1,1,1,1,1,0.7220318,1,1
1,1,1,1,1,1,1,0.7155278,1,1
1,1,1,1,1,1,1,0.7090245,1,1
1,1,1,1,1,1,1,0.7025219,1,1
1,1,1,1,1,1,1,0.6960207,1,1
1,1,1,1,1,1,1,0.6895201,0.7641428,0
1,1,1,1,1,1,1,0.6830323,0.7554029,0
1,1,1,1,1,1,1,0.676592,0.7467296,0
1,1,1,1,1,1,1,0.6701995,0.7381263,0
1,1,1,1,1,1,1,0.6638556,0.729597,0
1,1,1,1,1,1,1,0.6575604,0.721144,0
1,0.6977887,1,1,1,1,1,0.6513144,0.7127707,2
0.9905539,0.6888959,1,1,1,1,1,0.6448923,0.7082959,2
0.9754186,0.6800711,1,1,1,1,1,0.6384465,0.703904,2
0.960187,0.6713072,1,1,1,1,1,0.6319793,0.6996549,2
0.944904,0.6626199,1,1,1,1,1,0.625495,0.6955486,2
0.9296175,0.6540283,1,1,1,1,1,0.6189987,0.6915852,2
0.9143711,0.6455477,1,1,1,1,1,0.6124953,0.6877643,2
0.8992108,0.6371965,1,1,1,1,1,0.6059891,0.6840852,2
0.884177,0.6289893,1,1,1,1,1,0.5994848,0.6805472,2
0.8693083,0.6209402,1,1,1,1,1,0.5929871,0.6771494,2
0.8546481,0.6130685,1,1,1,1,1,0.5864996,0.6738899,2
0.8402268,0.6053836,1,1,1,1,1,0.5800253,0.6707658,2
0.8260785,0.6467928,1,1,1,1,1,0.5735673,0.6677741,2
0.8130959,1,1,1,1,1,1,0.5669965,0.6640739,1
0.8065625,1,1,1,1,1,1,0.5594446,0.6543114,1
0.8105737,1,1,1,1,1,1,0.588282,0.6446339,1
0.8215333,1,1,0.9932653,1,1,1,0.6626838,0.6349602,1
0.8324091,1,1,0.9826183,1,1,1,0.7407917,0.6253654,1
0.8434225,1,1,0.9721278,1,1,1,0.8217584,0.6158985,1
0.8545653,1,1,0.9617862,1,1,1,0.905423,0.6065493,1
0.8658307,1,1,0.9515758,1,1,1,1,0.5973078,1
0.8772688,1,1,0.9415125,1,1,1,1,0.588178,1
0.8881996,1,1,0.9313009,1,1,1,1,0.5790085,1
0.5977112,1,1,0.9209608,1,1,1,1,0.5698166,2
0.587057,1,1,0.9178489,1,1,1,1,0.5642042,2
0.5765143,1,1,0.9150406,1,1,1,1,0.5586079,2
0.5660977,1,1,0.912537,1,1,1,1,0.5530201,2
0.5558214,1,1,0.9103387,1,1,1,1,0.5474319,2
0.5456944,1,0.9653789,0.9084425,1,1,1,1,0.5418352,2
0.535389,1,0.922846,0.9078336,1,1,1,1,0.536687,2
0.5249068,1,0.8787634,1,1,1,1,1,0.5320844,2
0.5150071,1,0.8390908,1,1,1,1,1,0.5269669,2
0.5050173,1,0.798512,1,1,1,1,1,0.5223533,2
0.495003,1,0.7643504,1,1,1,1,1,0.5182668,2
0.5340738,1,0.7638802,0.9850973,1,1,1,1,0.5146295,2
0.5760738,1,0.7631871,0.9578894,1,1,1,1,0.5103817,2
0.6199176,1,0.7623075,0.9361275,1,1,1,1,0.5055854,2
1,1,0.7610707,0.9395274,1,1,1,0.828878,0.5001057,0
1,1,0.7523027,0.9268735,1,1,1,1,0.487473,1
1,1,0.744554,0.916422,1,1,1,1,0.4758821,1
1,1,0.7369584,0.9063135,1,1,1,1,0.4644908,1
1,1,0.7295027,0.8965203,1,1,1,1,0.4532796,1
1,1,0.7221783,0.8870206,1,1,1,1,0.4422289,1
1,1,0.7149743,0.8777906,1,1,1,1,0.431322,1
1,1,0.7078871,0.8688164,1,1,1,1,0.4205429,1
1,1,0.7009064,0.8600765,1,1,1,1,0.4140624,1
1,1,0.6940693,0.8516465,1,1,1,1,0.423535,1
1,1,0.6875299,0.8438493,1,1,1,1,0.4326033,1
1,1,0.6812638,0.8366266,1,1,1,1,0.4412673,1
1,1,0.6752506,0.8299287,1,1,1,1,0.4495299,1
1,1,0.6694697,0.8237087,1,1,1,1,0.4574018,1
1,1,0.663907,0.8179305,1,1,1,1,0.4648904,1
1,1,0.6585471,0.8125582,1,1,1,1,0.4720098,1
1,1,0.6533802,0.807565,1,1,1,1,0.4787702,2
1,1,0.6483911,0.8029192,1,1,1,1,0.4851923,2
1,1,0.6435699,0.7985966,1,1,1,1,0.4912922,2
1,1,0.638911,0.7945804,1,1,1,1,0.4970815,2
1,1,0.6344033,0.7908471,1,1,1,1,0.5025808,2
1,1,0.6300399,0.7873801,1,1,1,1,0.5078063,2
1,1,0.625815,0.7841645,1,1,1,1,0.5127729,2
1,1,1,0.7811826,1,1,1,1,0.5174998,0
1,1,1,0.7671189,1,1,1,1,0.5300084,0
1,1,1,0.7539537,1,1,1,1,0.5422674,0
1,1,1,0.7415856,1,1,1,1,0.5542487,0
1,1,1,0.7299286,1,1,1,1,0.5659276,1
1,1,1,0.7189087,1,1,1,1,0.5772825,1
1,1,1,0.708463,1,1,1,1,0.5882949,1
1,0.6962014,1,0.6985408,1,1,1,1,0.5989448,2
1,0.5391454,1,0.6981481,1,1,1,1,0.600054,2
1,0.4797422,1,1,1,1,1,1,0.5967067,2
1,0.4749142,0.6956476,1,1,1,1,1,0.597878,2
1,0.4710202,0.6580577,1,1,1,1,1,0.5921445,2
1,0.4674916,0.6228635,1,1,1,1,1,0.5866567,2
1,0.4643268,0.5898231,1,1,1,1,1,0.5813978,2
1,0.4615313,0.5725338,1,1,1,1,1,0.5763438,2
1,0.4591053,0.5761625,1,1,1,1,1,0.5714815,2
1,0.4570497,0.5804117,1,1,1,1,1,0.5667987,2
1,0.4553731,0.5853232,1,1,1,1,1,0.5622762,2
1,0.4540737,0.5909244,1,1,1,1,1,0.5579134,2
1,0.4530235,0.5967676,1,1,1,1,1,0.5540655,2
0.4293516,0.4521978,1,1,1,1,1,1,0.5506718,2
0.4251578,1,1,1,1,1,1,1,0.5466692,2
0.4215951,1,1,1,1,1,1,1,0.5475082,2
0.418143,1,1,1,1,1,1,1,0.5482427,2
0.414805,1,1,1,1,1,1,1,0.5488759,2
0.4115816,1,1,1,1,1,1,1,0.5494144,2
0.4084729,0.5810451,1,1,1,1,1,1,0.5498642,2
0.4054841,0.5299971,1,1,1,1,1,1,0.5460408,2
0.4028766,0.4836244,1,1,1,1,1,1,0.542317,2
0.40065,0.4531377,1,1,1,1,1,1,0.5386836,2
0.3988017,0.455586,1,1,1,1,1,1,0.5351356,2
0.3973299,0.4585241,1,1,1,1,1,1,0.5316682,2
0.3962337,0.4619702,1,1,1,1,1,1,0.5282768,2
1,0.4659488,1,1,1,1,1,1,0.5249537,1
1,0.4644347,1,1,1,1,1,1,0.5263978,1
1,0.4629558,1,1,1,1,1,1,0.5278099,1
1,0.4615144,1,1,1,1,1,1,0.5291878,1
1,0.4601092,1,1,1,1,1,1,0.5305327,1
1,1,1,1,1,1,1,1,0.5318453,0
1,1,1,1,1,1,1,1,0.5379324,0
1,1,1,1,1,1,1,1,0.5443875,0
1,1,1,1,1,1,1,1,1,1
1,1,1,1,1,1,1,1,1,1
1,1,1,1,1,1,1,1,1,1
1,1,1,1,1,1,1,1,1,1
1,1,1,1,1,1,1,1,1,1
0.4758489,1,1,1,1,1,1,1,1,2
0.3750439,1,1,1,1,1,1,1,1,2
0.3741852,1,1,1,1,1,1,1,1,2
0.3736964,1,1,1,1,1,1,1,1,2
0.3735792,1,1,1,1,1,1,1,1,2
0.373836,1,1,1,1,1,1,1,1,2
0.3744736,1,1,1,1,1,1,1,1,2
0.3754932,1,1,1,1,1,1,1,1,2
1,1,1,1,1,1,1,1,1,1
1,1,1,1,1,1,1,1,1,1
1,1,1,1,1,1,1,1,1,1
1,1,1,1,1,1,1,1,1,1
1,1,1,1,1,1,1,1,1,1
1,1,1,1,1,1,1,1,1,1
1,1,1,1,1,1,1,1,1,1
1,1,1,1,1,1,1,1,1,1
1,1,1,1,1,1,1,1,1,1
1,1,1,1,1,1,1,1,1,1
1,1,1,1,1,1,1,1,1,1
1,1,1,1,1,1,1,1,1,1
1,1,1,1,1,1,1,1,1,1
1,1,1,1,1,1,1,1,1,1
1,1,1,1,1,1,1,1,1,1
1,1,1,1,1,1,1,1,1,1
1,1,1,1,1,1,1,1,1,1
1,1,1,1,1,1,1,1,1,1
1,1,1,1,1,1,1,1,1,1
1,1,1,1,1,1,1,1,1,1
1,1,1,1,1,1,1,1,1,1
1,1,1,1,1,1,1,1,1,1
1,1,1,1,1,1,1,1,1,1
1,1,1,1,1,1,1,1,1,1
1,1,1,1,1,1,1,1,1,1
1,1,1,1,1,1,1,1,1,1
1,1,1,1,1,1,1,1,1,1
1,1,1,1,1,1,1,1,1,1
1,1,1,1,1,1,1,1,1,1
1,1,1,1,1,1,1,1,1,1
1,1,1,1,1,1,1,1,1,1
1,1,1,1,1,1,1,1,1,1
1,1,1,1,1,1,1,1,1,1
1,1,1,1,1,1,1,1,1,1
1,1,1,1,1,1,1,1,1,1
1,1,1,1,1,1,1,1,1,1
1,1,1,1,1,1,1,1,1,1
1,1,1,1,1,1,1,1,1,1
1,1,1,1,1,1,1,1,1,1
1,1,1,1,1,1,1,1,1,1
1,1,1,1,1,1,1,1,1,1
1,1,1,1,1,1,1,1,1,1
1,1,1,1,1,1,1,1,1,1
1,1,1,1,1,1,1,1,1,1
1,1,1,1,1,1,1,1,1,1
1,1,1,1,1,1,1,1,1,1
1,1,1,1,1,1,1,1,1,1
1,1,1,1,1,1,1,1,1,1
1,1,1,1,1,1,1,1,1,1
1,1,1,1,1,1,1,1,1,1
1,1,1,1,1,1,1,1,1,1
1,1,1,1,1,1,1,1,1,1
1,1,1,1,1,1,1,1,1,1
1,1,1,1,1,1,1,1,1,1
1,1,1,1,1,1,1,1,1,1
1,1,1,1,1,1,1,1,1,1
1,1,1,1,1,1,1,1,1,1
1,1,1,1,1,1,1,1,1,1
1,1,1,1,1,1,1,1,1,1
1,1,1,1,1,1,1,1,1,1
1,1,1,1,1,1,1,1,1,1
1,1,1,1,1,1,1,1,1,1
1,1,1,1,1,1,1,1,1,1
1,1,1,1,1,1,1,1,1,1
1,1,1,1,1,1,1,1,1,1
1,1,1,1,1,1,1,1,1,1
1,1,1,1,1,1,1,1,1,1
1,1,1,1,1,1,1,1,1,1
1,1,1,1,1,1,1,1,1,1
1,1,1,1,1,1,1,1,1,1
1,1,1,1,1,1,1,1,1,1
1,1,1,1,1,1,1,1,1,1
1,1,1,1,1,1,1,1,1,1
1,1,1,0.9941919,1,1,1,1,1,1
1,1,1,0.9839678,1,1,1,1,1,1
1,1,1,0.9737259,1,1,1,1,1,1
1,1,1,0.9634666,1,1,1,1,1,1
1,1,1,0.9531904,1,1,1,1,1,1
1,1,1,0.9428984,1,1,1,1,1,1
1,1,1,0.9325911,1,1,1,1,1,1
1,1,1,0.922269,1,1,1,1,1,1
1,1,1,0.9119333,1,1,1,1,1,1
1,1,1,0.9015844,1,1,1,1,1,1
1,1,1,0.8912233,1,1,1,1,1,1
1,1,1,0.8808511,1,1,1,1,1,1
1,1,1,0.8704685,1,1,1,1,1,1
1,1,1,0.8600762,1,1,1,1,1,1
1,1,1,0.8496754,1,1,1,1,1,1
1,1,1,0.8392671,1,1,1,1,1,1
1,1,1,0.8288522,1,1,1,1,1,1
1,1,1,0.8184314,1,1,1,1,1,1
1,1,1,0.8080058,1,1,1,1,1,1
1,1,1,0.7975766,1,1,1,1,1,1
1,1,1,0.7871444,1,1,1,1,1,1
1,1,1,0.7767102,1,1,1,1,1,1
1,1,0.8356467,0.766275,1,1,1,1,1,2
1,1,0.8226546,0.7554203,1,1,1,1,1,2
1,1,0.8096495,0.7445701,1,1,1,1,1,2
1,1,0.7966427,0.7337297,1,1,1,1,1,2
1,1,0.7836456,0.7229038,1,1,1,1,1,2
1,1,0.7706687,0.7120972,1,1,1,1,1,2
1,1,0.7577225,0.7013146,1,1,1,1,1,2
1,1,0.7448164,0.6905597,1,1,1,1,1,2
1,1,0.7319595,0.6798363,1,1,1,1,1,2
1,1,0.7191597,0.710997,1,1,1,1,1,2
1,1,0.7064937,0.7481572,1,1,1,1,1,2
1,1,0.6939625,0.7886509,1,1,1,1,1,2
1,1,0.681561,0.8327939,1,1,1,1,1,2
1,1,0.6692842,0.8809698,1,1,1,1,1,2
1,1,0.657127,1,1,1,1,1,1,2
1,1,0.6451567,1,1,1,1,1,1,2
1,1,0.6332291,1,1,1,1,1,1,2
1,1,0.6213477,1,1,1,1,1,1,2
1,1,0.6095154,1,1,1,1,1,1,2
1,1,0.5977352,1,1,1,1,1,1,2
1,1,0.5860093,1,1,1,1,1,1,2
1,1,0.5743402,1,1,1,1,1,1,2
1,1,0.5627297,1,1,1,1,1,1,2
1,1,0.5511798,1,1,1,1,1,1,2
1,1,0.5396918,1,1,1,1,1,1,2
1,1,0.5282668,1,1,1,1,1,1,2
1,1,0.5169058,1,1,1,1,1,1,2
1,1,0.5056094,1,1,1,1,1,1,2
1,1,0.494378,1,1,1,1,1,1,2
1,1,0.4832119,1,1,1,1,1,1,2
1,1,0.4721112,1,1,1,1,1,1,2
1,0.5843445,0.4610756,1,1,1,1,1,1,2
1,0.5631525,0.4837531,1,1,1,1,1,1,2
1,0.542889,0.526454,1,1,1,1,1,1,2
1,0.5235655,0.5753124,1,1,1,1,1,1,2
1,0.5051116,0.6313618,1,1,1,1,1,1,2
1,0.48746,1,1,1,1,1,1,1,2
1,0.4713243,1,1,1,1,1,1,1,2
1,0.4555323,1,1,1,1,1,1,1,2
1,0.4400866,1,1,1,1,1,1,1,2
1,0.4249879,1,1,1,1,1,1,1,2
1,0.4102348,1,1,1,1,1,1,1,2
1,0.395824,1,1,1,1,1,1,1,2
1,0.3817508,1,1,1,1,1,1,1,2
1,0.3680092,1,1,1,1,1,1,1,2
1,0.3545919,1,1,1,1,1,1,1,2
0.5033429,0.3414908,1,1,1,1,1,1,1,2
0.4746657,0.3626245,1,1,1,1,1,1,1,2
0.447828,0.3874858,1,1,1,1,1,1,1,2
0.4226672,0.4152225,1,1,1,1,1,1,1,2
0.39904,0.4462592,1,1,1,1,1,1,1,2
0.3768184,0.481136,1,1,1,1,1,1,1,2
0.3558891,0.5204913,1,1,1,1,1,1,1,2
0.3361508,1,1,1,1,1,1,1,1,2
0.3179006,1,1,1,1,1,1,1,1,2
0.300549,1,1,1,1,1,1,1,1,2
0.3147374,1,1,1,1,1,1,1,1,2
0.3304529,1,1,1,1,1,1,1,1,2
0.3468846,1,1,1,1,1,1,1,1,2
0.3640236,1,1,1,1,1,1,1,1,2
0.3818566,1,1,1,1,1,1,1,1,2
0.4003555,1,1,1,1,1,1,1,1,2
0.4194974,1,1,1,1,1,1,1,1,2
0.4392551,1,1,1,1,1,1,1,1,2
0.4595963,1,1,1,1,1,1,1,1,2
0.4804785,1,1,1,1,1,1,1,1,2
1,1,1,1,1,1,1,1,1,1
1,1,1,1,1,1,1,1,1,1
1,1,1,1,1,1,1,1,1,1
1,1,1,1,1,1,1,1,1,1
1,1,1,1,1,1,1,1,1,1
1,1,1,1,1,1,1,1,1,1
1,1,1,1,1,1,1,1,1,1
1,1,1,1,1,1,1,1,1,1
1,1,1,1,1,1,1,1,1,1
1,1,1,1,1,1,1,1,1,1
1,1,1,1,1,1,1,1,1,1
1,1,1,1,1,1,1,1,1,1
1,1,1,1,1,1,1,1,1,1
1,1,1,1,1,1,1,1,1,1
1,1,1,1,1,1,1,1,1,1
1,1,1,1,1,1,1,1,1,1
1,1,1,1,1,1,1,1,1,1
1,1,1,1,1,1,1,1,1,1
1,1,1,1,1,1,1,1,1,1
1,1,1,1,1,1,1,1,1,1
1,1,1,1,1,1,1,1,1,1
1,1,1,1,1,1,1,1,1,1
1,1,1,1,1,1,1,1,1,1
1,1,1,1,1,1,1,1,1,1
1,1,1,1,1,1,1,1,1,1
1,1,1,1,1,1,1,1,1,1
1,1,1,1,1,1,1,1,1,1
1,1,1,1,1,1,1,1,1,1
1,1,1,1,1,1,1,1,1,1
1,1,1,1,1,1,1,1,1,1
1,1,1,1,1,1,1,1,1,1
1,1,1,1,1,1,1,1,1,1
1,1,1,1,1,1,1,1,1,1
1,1,1,1,1,1,1,1,1,1
1,1,1,1,1,1,1,1,1,1
1,1,1,1,1,1,1,1,1,1
1,1,1,1,1,1,1,1,1,1
1,1,1,1,1,1,1,1,1,1
1,1,1,1,1,1,1,1,1,1
1,1,1,1,1,1,1,1,1,1
1,1,1,1,1,1,1,1,1,1
1,1,1,1,1,1,1,1,1,1
1,1,1,1,1,1,1,1,1,1
1,1,1,1,1,1,1,1,1,1
1,1,1,1,1,1,1,1,1,1
1,1,1,1,1,1,1,1,1,1
1,1,1,1,1,1,1,1,1,1
1,1,1,1,1,1,1,1,1,1
1,1,1,1,1,1,1,1,1,1
1,1,1,1,1,1,1,1,1,1
1,1,1,1,1,1,1,1,1,1
1,1,1,1,1,1,1,1,1,1
1,1,1,1,1,1,1,1,1,1
1,1,1,1,1,1,1,1,1,1
1,1,1,1,1,1,1,1,1,1
1,1,1,1,1,1,1,1,1,1
1,1,1,1,1,1,1,1,1,1
1,1,1,1,1,1,1,1,1,1
1,1,1,1,1,1,1,1,1,1
1,1,1,1,1,1,1,1,1,1
1,1,1,1,1,1,1,1,1,1
1,1,1,1,1,1,1,1,1,1
1,1,1,1,1,1,1,1,1,1
1,1,1,1,1,1,1,1,1,1
1,1,1,1,1,1,1,1,1,1
1,1,1,1,1,1,1,1,1,1
1,1,1,1,1,1,1,1,1,1
1,1,1,1,1,1,1,1,1,1
1,1,1,1,1,1,1,1,1,1
1,1,1,1,1,1,1,1,1,1
1,1,1,1,1,1,1,1,1,1
1,1,1,1,1,1,1,1,1,1
1,1,1,1,1,1,1,1,1,1
1,1,1,1,1,1,1,1,1,1
1,1,1,1,1,1,1,1,1,1
1,1,1,1,1,1,1,1,1,1
1,1,1,1,1,1,1,1,1,1
1,1,1,1,1,1,1,1,1,1
1,1,1,1,1,1,1,1,1,1
1,1,1,1,1,1,1,1,1,1
1,1,1,1,1,1,1,1,1,1
1,1,1,1,1,1,1,1,1,1
1,1,1,1,1,1,1,1,1,1
1,1,1,1,1,1,1,1,1,1
1,1,1,1,1,1,1,1,1,1
1,1,1,1,1,1,1,1,1,1
1,1,1,1,1,1,1,1,1,1
1,1,1,1,1,1,1,1,1,1
1,1,1,1,1,1,1,1,1,1
1,1,1,1,1,1,1,1,1,1
1,1,1,1,1,1,1,1,1,1
1,1,1,1,1,1,1,1,1,1
1,1,1,1,1,1,1,1,1,1
1,1,1,1,1,1,1,1,1,1
1,1,1,1,1,1,1,1,1,1
1,1,1,1,1,1,1,1,1,1
1,1,1,1,1,1,1,1,1,1
1,1,1,1,1,1,1,1,1,1
1,1,1,1,1,1,1,1,1,1
1,1,1,1,1,1,1,1,1,1
1,1,1,1,1,1,1,1,1,1
1,1,1,1,1,1,1,1,1,1
1,1,1,1,1,1,1,1,1,1
1,1,1,1,1,1,1,1,1,1
1,1,1,1,1,1,1,1,1,1
1,1,1,1,1,1,1,1,1,1
1,1,1,1,1,1,1,1,1,1
1,1,1,1,1,1,1,1,1,1
1,1,1,1,1,1,1,1,1,1
1,1,1,1,1,1,1,1,1,1
1,1,1,1,1,1,1,1,1,1
1,1,1,1,1,1,1,1,1,1
1,1,1,1,1,1,1,1,1,1
1,1,1,1,1,1,1,1,1,1
1,1,1,1,1,1,1,1,1,1
1,1,1,1,1,1,1,1,1,1
1,1,1,1,1,1,1,1,1,1
1,1,1,1,1,1,1,1,1,1
1,1,1,1,1,1,1,1,1,1
1,1,1,1,1,1,1,1,1,1
1,1,1,1,1,1,1,1,1,1
1,1,1,1,1,1,1,1,1,1
1,1,1,1,1,1,1,1,1,1
1,1,1,1,1,1,1,1,1,1
1,1,1,1,1,1,1,1,1,1
1,1,1,1,1,1,1,1,1,1
1,1,1,1,1,1,1,1,1,1
1,1,1,1,1,1,1,1,1,1
1,1,1,1,1,1,1,1,1,1
1,1,1,1,1,1,1,1,1,1
1,1,1,1,1,1,1,1,1,1
1,1,1,1,1,1,1,1,1,1
1,1,1,1,1,1,1,1,1,1
1,1,1,1,1,1,1,1,1,1
1,1,1,1,1,1,1,1,1,1
1,1,1,1,1,1,1,1,1,1
1,1,1,1,1,1,1,1,1,1
1,1,1,1,1,1,1,1,1,1
1,1,1,1,1,1,1,1,1,1
1,1,1,1,1,1,1,1,1,1
1,1,1,1,1,1,1,1,1,1
1,1,1,1,1,1,1,1,1,1
1,1,1,1,1,1,1,1,1,1
1,1,1,1,1,1,1,1,1,1
1,1,1,1,1,1,1,1,1,1
1,1,1,1,1,1,1,1,1,1
1,1,1,1,1,1,1,1,1,1
1,1,1,1,1,1,1,1,1,1
1,1,1,1,1,1,1,1,1,1
1,1,1,1,1,1,1,1,1,1
1,1,1,1,1,1,1,1,1,1
1,1,1,1,1,1,1,1,1,1
1,1,1,1,1,1,0.9945922,1,1,1
1,1,1,1,1,1,0.9835147,1,1,1
1,1,1,1,1,1,0.9723493,1,1,1
1,1,1,1,1,1,0.9610988,1,1,1
1,1,0.7908665,1,1,1,0.9497663,1,1,1
1,1,0.7787966,1,1,1,0.9399791,1,1,1
1,1,0.7667606,1,1,1,0.9301785,1,1,1
1,1,0.7547601,1,1,1,0.9203619,1,1,1
1,1,0.7427975,1,1,1,0.9105265,1,1,1
1,1,0.730874,1,1,1,0.9006696,1,1,1
1,1,0.718991,1,1,1,0.8907887,1,1,1
1,1,0.7071495,1,1,1,0.8808807,1,1,1
1,1,0.6953505,1,1,1,0.8709432,1,1,1
1,1,0.6835952,1,1,1,0.860974,1,1,1
1,1,0.6718841,1,1,1,0.8509704,1,1,1
1,1,0.6602177,1,1,1,0.8409303,1,1,1
1,1,0.6485962,1,1,1,0.8308516,1,1,1
1,1,0.6370196,1,1,1,0.8207318,1,1,1
1,1,0.6254883,1,1,1,0.8105696,1,1,1
1,1,0.6140018,1,1,1,0.8003628,1,1,1
1,1,0.6025599,1,1,1,0.7901102,1,1,1
1,1,0.591162,1,1,1,0.7798098,1,1,1
1,1,0.5873781,1,1,1,0.7694609,1,1,1
1,1,0.5916573,1,1,1,0.7590142,1,1,1
1,1,0.595558,1,1,1,0.7484207,1,1,1
1,1,0.5990718,1,1,1,0.7376882,1,1,1
1,1,0.6021932,1,1,1,0.7317311,1,1,1
1,1,0.6050639,1,1,1,0.7292802,1,1,1
1,1,0.6077873,1,1,1,0.7269853,1,1,1
1,1,0.610381,1,1,1,0.724826,1,1,1
1,1,0.6128453,1,1,1,0.7227967,1,1,1
1,1,1,1,1,1,0.7208859,1,1,0
1,1,1,1,1,1,0.7273111,1,1,0
1,1,1,1,1,1,0.7337491,1,1,0
1,1,1,1,1,1,0.7401978,1,1,0
1,1,1,1,1,1,0.7466481,0.8968205,1,0
1,1,1,1,1,1,0.7582998,0.8714042,1,0
1,1,1,1,1,1,0.7714074,0.8460247,1,0
1,1,1,1,1,1,0.7860482,0.8207752,1,0
1,1,1,1,1,1,0.802313,0.7957412,1,0
1,1,1,1,1,1,0.8202918,0.770999,1,0
1,1,1,1,1,1,0.840082,0.7466156,1,0
1,1,0.5093807,1,1,1,0.8617879,0.7226489,1,1
1,1,1,1,1,1,0.8643695,0.7063309,1,0
1,1,1,1,1,1,0.8494372,0.6827496,1,0
1,1,0.4824327,1,1,1,0.8344899,0.6592723,1,1
1,1,1,1,1,1,0.8228571,0.642856,1,0
1,1,1,1,1,1,0.8078553,0.6194891,1,0
1,1,0.4522552,1,1,1,0.7929693,0.5964843,1,1
1,1,1,1,1,1,0.8008599,0.5804032,1,0
1,1,0.4343697,1,1,1,0.8395382,0.5580235,1,1
1,1,1,1,1,1,0.8498232,0.5427586,1,0
1,1,0.4174178,1,1,1,0.8939412,0.5214478,1,1
1,1,1,1,1,1,0.9037449,0.5132488,1,0
1,1,1,1,1,1,0.9532862,0.5239169,1,0
1,1,0.3903939,1,1,1,1,0.5345513,1,1
1,0.3807924,1,1,1,1,1,0.5360089,1,2
1,0.356186,1,1,1,1,0.9787515,0.5325068,1,2
1,0.3321849,1,1,1,1,0.9529052,0.5288327,1,2
1,0.3088456,1,1,1,1,0.9279812,0.5250626,1,2
1,0.2861731,1,1,1,1,0.9040698,0.5212313,1,2
1,0.2641621,1,1,1,1,0.8812125,0.5173637,1,2
1,0.2536766,1,1,1,1,0.859439,0.5134884,1,2
1,0.2543108,1,1,1,1,0.8396143,0.5098194,1,2
1,0.2549402,1,1,1,1,0.8223139,0.5065289,1,2
1,0.2555624,1,1,1,1,0.8071291,0.5035676,1,2
1,0.2561751,1,1,1,1,0.7937335,0.5008941,0.7645907,1
1,0.2548864,1,1,1,1,0.8008106,0.5030292,0.7275144,1
1,0.2533442,1,1,1,1,0.8104849,0.5057873,0.6887169,0
1,0.2515592,1,1,1,1,0.8228389,0.5091743,0.6487412,0
0.3179932,0.2495358,1,1,1,1,0.8379856,0.5132048,0.6081364,2
0.2364842,0.252656,1,1,1,1,0.7952462,0.5037542,0.6147133,2
0.2074564,1,1,1,1,1,0.756573,0.4946024,0.6224335,1
0.2069413,1,1,1,1,1,0.761959,0.496219,0.5838622,1
0.2063276,1,1,1,1,1,0.7699153,0.4984902,0.5436448,0
0.2056118,1,1,1,1,1,0.7805318,0.5014287,0.5024129,0
0.2047892,1,1,1,1,1,0.7939101,0.5050458,0.4607989,0
0.2038568,1,1,1,1,1,0.8101528,0.5093469,0.4193942,0
0.2028156,1,1,1,1,1,0.8293543,0.5143273,0.3913724,0
0.201695,1,1,1,1,1,1,0.5197077,0.3933642,0
0.2006478,1,1,1,1,1,1,0.5236784,0.3950132,0
0.1995692,1,1,1,1,1,1,0.5275792,0.3966801,0
0.1984636,1,1,1,1,1,1,0.5313993,0.3983575,0
0.1973326,1,1,1,1,1,1,0.5351332,0.4000414,1
0.1961776,1,1,1,1,1,1,0.538776,0.401728,1
1,1,1,1,1,1,1,0.5236627,0.4034137,0
1,1,1,1,1,1,1,0.4998865,0.4081357,0
1,1,1,1,1,1,1,0.4772679,0.4133459,0
1,1,1,1,1,1,1,0.4759656,0.4190628,0
1,1,1,1,1,1,1,0.4910654,0.4253035,0
1,1,1,1,1,1,1,0.5075204,0.4320933,0
1,1,1,1,1,1,1,0.5254532,0.4394535,0
1,1,1,1,1,1,1,0.5450037,0.4474075,0
1,1,1,1,1,1,1,0.5663422,0.4559878,0
1,1,1,1,1,1,1,0.5896534,0.4652232,0
1,1,1,1,1,1,1,0.6151496,0.4751453,0
1,1,1,1,1,1,1,0.6430835,0.4800515,0
1,1,1,1,1,1,1,0.6737483,0.4496461,0
1,1,1,1,1,1,1,1,0.4212977,0
1,1,1,1,1,1,1,1,0.4300532,0
1,1,1,1,1,1,1,1,0.4416915,0
1,1,1,1,1,1,1,1,0.4538175,0
1,1,1,1,1,1,1,1,0.4664147,0
1,1,1,1,1,1,1,1,0.4794684,0
1,1,1,1,1,1,1,1,0.492958,0
1,1,1,1,1,1,1,1,0.506865,0
1,1,1,1,1,1,1,1,0.5211688,0
1,1,1,1,1,1,1,1,0.5358429,0
1,1,1,1,1,1,1,1,0.550867,0
1,1,1,1,1,1,1,1,0.5662105,0
1,1,1,1,1,1,1,1,0.5818499,0
1,1,1,1,1,1,1,1,0.5977509,0
1,1,1,1,1,1,1,1,0.6138865,0
1,1,1,1,1,1,1,1,1,1
1,1,1,1,1,1,1,1,1,1
1,1,1,1,1,1,1,1,1,1
1,1,1,1,1,1,1,1,1,1
1,1,1,1,1,1,1,1,1,1
1,1,1,1,1,1,1,1,1,1
1,1,1,1,1,1,1,1,1,1
1,1,1,1,1,1,1,1,1,1
1,1,1,1,1,1,1,1,1,1
1,1,1,1,1,1,1,1,1,1
1,1,1,1,1,1,1,1,1,1
1,1,1,1,1,1,1,1,1,1
1,1,1,1,1,1,1,1,1,1
1,1,1,1,1,1,1,1,1,1
1,1,1,1,1,1,1,1,1,1
1,1,1,1,1,1,1,1,1,1
1,1,1,1,1,1,1,1,1,1
1,1,1,1,1,1,1,1,1,1
1,1,1,1,1,1,1,1,1,1
1,1,1,1,1,1,1,1,1,1
1,1,1,1,1,1,1,1,1,1
1,1,1,1,1,1,1,1,1,1
1,1,1,1,1,1,1,1,1,1
1,1,1,1,1,1,1,1,1,1
1,1,1,1,1,1,1,1,1,1
1,1,1,1,1,1,1,1,1,1
1,1,1,1,1,1,1,1,1,1
1,1,1,1,1,1,1,1,1,1
1,1,1,1,1,1,1,1,1,1
1,1,1,1,1,1,1,1,1,1
1,1,1,1,1,1,1,1,1,1
1,1,1,1,1,1,1,1,1,1
1,1,1,1,1,1,1,1,1,1
1,1,1,1,1,1,1,1,1,1
1,1,1,1,1,1,1,1,1,1
1,1,1,1,1,1,1,1,1,1
1,1,1,1,1,1,1,1,1,1
1,1,1,1,1,1,1,1,1,1
1,1,1,1,1,1,1,1,1,1
1,1,1,1,1,1,1,1,1,1
1,1,1,1,1,1,1,1,1,1
1,1,1,1,1,1,1,1,1,1
1,1,1,1,1,1,1,1,1,1
1,1,1,1,1,1,1,1,1,1
1,1,1,1,1,1,1,1,1,1
1,1,1,1,1,1,1,1,1,1
1,1,1,1,1,1,1,1,1,1
1,1,1,1,1,1,1,1,1,1
1,1,1,1,1,1,1,1,1,1
1,1,1,1,1,1,1,1,1,1
1,1,1,1,1,1,1,1,1,1
1,1,1,1,1,1,1,1,1,1
1,1,1,1,1,1,1,1,1,1
1,1,1,1,1,1,1,1,1,1
1,1,1,1,1,1,1,1,1,1
1,1,1,1,1,1,1,1,1,1
1,1,1,1,1,1,1,1,1,1
1,1,1,1,1,1,1,1,1,1
1,1,1,1,1,1,1,1,1,1
1,1,1,1,1,1,1,1,1,1
1,1,1,1,1,1,1,1,1,1
1,1,1,1,1,1,1,1,1,1
1,1,1,1,1,1,1,1,1,1
1,1,1,1,1,1,1,1,1,1
1,1,1,1,1,1,1,1,1,1
1,1,1,1,1,1,1,1,1,1
1,1,1,1,1,1,1,1,1,1
1,1,1,1,1,1,1,1,1,1
1,1,1,1,1,1,1,1,1,1
1,1,1,1,1,1,1,1,1,1
1,1,1,1,1,1,1,1,1,1
1,1,1,1,1,1,1,1,1,1
1,1,1,1,1,1,1,1,1,1
1,1,1,1,1,1,1,1,1,1
1,1,1,1,1,1,1,1,1,1
1,1,1,1,1,1,1,1,1,1
1,1,1,1,1,1,1,1,1,1
1,1,1,1,1,1,1,1,1,1
1,1,1,1,1,1,1,1,1,1
1,1,1,1,1,1,1,1,1,1
1,1,1,1,1,1,1,1,1,1
1,1,1,1,1,1,1,1,1,1
1,1,1,1,1,1,1,1,1,1
1,1,1,1,1,1,1,1,1,1
1,1,1,1,1,1,1,1,1,1
1,1,1,1,1,1,1,1,1,1
1,1,1,1,1,1,1,1,1,1
1,1,1,1,1,1,1,1,1,1
1,1,1,1,1,1,1,1,1,1
1,1,1,1,1,1,1,1,1,1
1,1,1,1,1,1,1,1,1,1
1,1,1,1,1,1,1,1,1,1
1,1,1,1,1,1,1,1,1,1
1,1,1,1,1,1,1,1,1,1
1,1,1,1,1,1,1,1,1,1
1,1,1,1,1,1,1,1,1,1
1,1,1,1,1,1,1,1,1,1
1,1,1,1,1,1,1,1,1,1
1,1,1,1,1,1,1,1,1,1
1,1,1,1,1,1,1,1,1,1
1,1,1,1,1,1,1,1,1,1
1,1,1,1,1,1,1,1,1,1
1,1,1,1,1,1,1,1,1,1
1,1,1,1,1,1,1,1,1,1
1,1,1,1,1,1,1,1,1,1
1,1,1,1,1,1,1,1,1,1
1,1,1,1,1,1,1,1,1,1
1,1,1,1,1,1,1,1,1,1
1,1,1,1,1,1,1,1,1,1
1,1,1,1,1,1,1,1,1,1
1,1,1,1,1,1,1,1,1,1
1,1,1,1,1,1,1,1,1,1
1,1,1,1,1,1,1,1,1,1
1,1,1,1,1,1,1,1,1,1
1,1,1,1,1,1,1,1,1,1
1,0.925718,1,1,1,1,1,1,1,1
1,0.861429,0.9965948,1,1,1,1,1,1,2
1,0.8563269,0.9935877,1,1,1,1,1,1,2
1,0.8513305,0.9908455,1,1,1,1,1,1,2
1,0.8464453,1,1,1,1,1,1,1,2
1,0.8416274,1,1,1,1,1,1,1,2
1,0.836913,1,1,1,1,1,1,1,2
1,0.8323072,1,1,1,1,1,1,1,2
1,0.8278118,1,1,1,1,1,1,1,2
1,0.8234317,1,1,1,1,1,1,1,2
1,0.8191716,1,1,1,1,1,1,1,2
1,0.8150334,1,1,1,1,1,1,1,2
1,0.8110217,1,1,1,1,1,1,1,2
1,0.8071378,1,1,1,1,1,1,1,2
1,0.8033832,1,1,1,1,1,1,1,2
1,0.7997656,1,1,1,1,1,1,1,2
1,0.7962829,1,1,1,1,1,1,1,2
1,0.7929394,1,1,1,1,1,1,1,2
1,0.789739,1,1,1,1,1,1,1,2
1,0.786683,1,1,1,1,1,1,1,2
1,0.783775,1,1,1,1,1,1,1,2
1,0.7810158,1,1,1,1,1,1,1,2
1,0.7784058,1,1,1,1,1,1,1,2
1,0.7759488,1,1,1,1,1,1,1,2
1,0.7736449,1,1,1,1,1,1,1,2
0.748994,0.7714944,1,1,1,1,1,1,1,2
0.7430348,0.7720709,1,1,1,1,1,1,1,2
0.7375583,0.7731973,1,1,1,1,1,1,1,2
0.7325708,0.7748829,1,1,1,1,1,1,1,2
0.7280765,0.7771354,1,1,1,1,1,1,1,2
0.7240744,1,1,1,1,1,1,1,1,2
0.720706,1,1,1,1,1,1,1,1,2
0.7175466,1,1,1,1,1,1,1,1,2
0.7145987,1,1,1,1,1,1,1,1,2
0.7118672,1,1,1,1,1,1,1,1,2
0.7093545,1,1,1,1,1,1,1,1,2
0.707065,1,1,1,1,1,1,1,1,2
0.7050005,1,1,1,1,1,1,1,1,2
0.7031623,1,1,1,1,1,1,1,1,2
0.7015544,1,1,1,1,1,1,1,1,2
0.7001779,1,1,1,1,1,1,1,1,2
0.6990334,1,1,1,1,1,1,1,1,2
0.6981244,1,1,1,1,1,1,1,1,2
0.6974512,1,1,1,1,1,1,1,1,2
0.697014,1,1,1,1,1,1,1,1,2
0.6968094,1,1,1,1,1,1,1,1,2
0.6968404,1,1,1,1,1,1,1,1,2
0.6971062,1,1,1,1,1,1,1,1,2
1,1,1,1,1,1,1,1,1,1
1,1,1,1,1,1,1,1,1,1
1,1,1,1,1,1,1,1,1,1
1,1,1,1,1,1,1,1,1,1
1,1,1,1,1,1,1,1,1,1
1,1,1,1,1,1,1,1,1,1
1,1,1,1,1,1,1,1,1,1
1,1,1,1,1,1,1,1,1,1
1,1,1,1,1,1,1,1,1,1
1,1,1,1,1,1,1,1,1,1
1,1,1,1,1,1,1,1,1,1
1,1,1,1,1,1,1,1,1,1
1,1,1,1,1,1,1,1,1,1
1,1,1,1,1,1,1,1,1,1
1,1,1,1,1,1,1,1,1,1
1,1,1,1,1,1,1,1,1,1
1,1,1,1,1,1,1,1,1,1
1,1,1,1,1,1,1,1,1,1
1,1,1,1,1,1,1,1,1,1
1,1,1,1,1,1,1,1,1,1
1,1,1,1,1,1,1,1,1,1
1,1,1,1,1,1,1,1,1,1
1,1,1,1,1,1,1,1,1,1
1,1,1,1,1,1,1,1,1,1
1,1,1,1,1,1,1,1,1,1
1,1,1,1,1,1,1,1,1,1
1,1,1,1,1,1,1,1,1,1
1,1,1,1,1,1,1,1,1,1
1,1,1,1,1,1,1,1,1,1
1,1,1,1,1,1,1,1,1,1
1,1,1,1,1,1,1,1,1,1
1,1,1,1,1,1,1,1,1,1
1,1,1,1,1,1,1,1,1,1
1,1,1,1,1,1,1,1,1,1
1,1,1,1,1,1,1,1,1,1
1,1,1,1,1,1,1,1,1,1
1,1,1,1,1,1,1,1,1,1
1,1,1,1,1,1,1,1,1,1
1,1,1,1,1,1,1,1,1,1
1,1,1,1,1,1,1,1,1,1
1,1,1,1,1,1,1,1,1,1
1,1,1,1,1,1,1,1,1,1
1,1,1,1,1,1,0.838415,1,1,1
1,1,1,1,1,1,0.8271679,1,1,1
1,1,1,1,1,1,0.8159045,1,1,1
1,1,1,1,1,1,0.8046283,1,1,1
1,1,1,1,1,1,0.7933429,1,1,1
1,1,1,1,1,1,0.7820514,1,1,1
1,1,1,1,1,0.9901606,0.7707573,1,1,1
1,1,1,1,1,0.980003,0.759457,1,1,1
1,1,1,1,1,0.9698539,0.7481546,1,1,1
1,1,1,1,1,0.9597155,0.7368549,1,1,1
1,1,1,1,1,0.9495896,0.7255619,1,1,1
1,1,1,1,1,0.9394782,0.7142799,1,1,1
1,1,1,1,1,0.929383,0.7030129,1,1,1
1,1,1,1,1,0.9193052,0.6917647,1,1,1
1,1,1,1,1,0.9092469,0.680539,1,1,1
1,1,1,1,1,0.8992088,0.6693388,1,1,1
1,1,1,1,1,0.8891925,0.6581677,1,1,0
1,1,1,1,1,0.8791986,0.6470283,1,1,0
1,1,1,1,1,0.8692279,0.6359232,1,1,0
1,1,1,1,1,0.8592812,0.6248549,1,1,0
1,1,1,1,1,0.8493589,0.6138254,1,1,0
1,1,1,1,1,0.8394612,0.6028365,1,1,0
1,1,1,1,1,0.8295883,0.5918897,1,1,0
1,1,1,1,1,0.81974,0.5809864,1,1,0
1,1,1,1,1,0.8099161,0.5701274,1,1,0
1,1,1,1,1,0.8960301,0.5593138,1,1,0
1,1,1,1,1,0.8862604,0.5575667,1,1,0
1,1,1,1,1,0.8765144,0.5756503,1,1,1
1,1,1,1,1,0.8667863,0.5938647,1,1,1
1,1,1,1,1,1,0.6121696,1,1,1
1,1,1,1,1,1,0.6309536,1,1,1
1,1,1,1,1,1,0.6498352,1,1,1
1,1,1,1,1,1,0.6687827,1,1,1
1,1,1,1,1,1,0.7396435,1,1,1
1,1,1,1,1,1,0.7292501,1,1,1
1,1,1,1,1,1,0.7188665,0.5584532,1,0
1,1,1,1,1,1,0.706847,0.5405947,1,0
1,1,1,1,1,1,0.6950375,0.523169,1,0
1,1,1,1,1,1,0.6834448,0.5061857,1,0
1,1,1,1,1,1,0.6720731,0.4896495,1,0
1,1,1,1,1,1,0.6609237,0.4735605,1,0
1,1,1,1,1,1,0.649996,0.4579148,1,0
1,1,1,1,1,1,0.6392871,0.4427054,1,0
1,1,1,1,1,1,0.6287923,0.4279226,1,0
1,1,1,1,1,1,0.6185055,0.4135543,1,0
1,1,1,1,1,1,0.6175523,0.3995866,1,0
1,1,1,1,1,1,0.6946195,0.3928193,1,0
1,1,1,1,1,1,0.684848,0.4105198,1,0
1,1,1,1,1,1,0.9081157,0.4287745,1,0
1,1,1,1,1,1,1,0.4472003,1,0
1,1,1,1,1,1,1,0.4660399,0.479222,0
1,1,1,1,1,1,1,0.4973985,0.4533105,0
1,1,1,1,1,1,1,0.5916573,0.4289799,0
1,1,1,1,1,1,1,0.576879,0.4060991,0
1,1,1,1,1,1,1,0.5627095,0.384551,0
1,1,1,1,1,1,1,0.5491217,0.3642316,0
1,1,1,1,1,1,1,0.5360906,0.3450476,0
1,1,1,1,1,1,1,0.5235924,0.351335,0
1,1,1,1,1,1,1,0.5116054,0.3680425,0
1,1,1,1,1,1,1,0.5001098,0.3860019,0
1,1,1,1,1,1,1,0.4890869,0.4053237,0
1,1,1,1,1,1,1,0.559723,0.4260416,0
1,1,1,1,1,1,1,0.5665187,0.4471204,0
1,1,1,1,1,1,1,0.603116,0.5551627,0
1,1,1,1,1,1,1,0.6893044,0.5404236,0
1,1,1,1,1,1,1,0.7878541,0.5264248,0
1,1,1,1,1,1,1,0.9006494,0.5131007,0
1,1,1,1,1,1,1,1,0.5003914,0
1,1,1,1,1,1,1,1,0.4881912,0
1,1,1,1,1,1,1,1,0.4762951,0
1,1,1,1,1,1,1,1,0.4647017,0
1,1,1,1,1,1,1,1,0.453409,0
1,1,1,1,1,1,1,1,0.4424141,0
1,1,1,1,1,1,1,1,0.4317125,0
1,1,1,1,1,1,1,1,0.448948,0
1,1,1,1,1,1,1,1,0.474295,0
1,1,1,1,1,1,1,1,0.5002271,0
1,1,1,1,1,1,1,1,0.4994095,0
1,1,1,1,1,1,1,1,0.4981144,0
1,1,1,1,1,1,1,1,0.5255951,0
1,1,1,1,1,1,1,1,0.5535393,0
1,1,1,1,1,1,1,1,0.5818671,0
1,1,1,1,1,1,1,1,0.6104861,0
1,1,1,1,1,1,1,1,0.6392995,0
1,1,1,1,1,1,1,1,0.668216,0
1,1,1,1,1,1,1,1,0.6971498,0
1,1,1,1,1,1,1,1,0.7259915,0
1,1,1,1,1,1,1,1,0.7546557,1
1,1,1,1,1,1,1,1,0.7830507,1
1,1,1,1,1,1,1,1,0.8110877,1
1,1,1,1,1,1,1,1,0.8386806,1
1,1,1,1,1,1,1,1,1,1
1,1,1,1,1,1,1,1,1,1
1,1,1,1,1,1,1,1,1,1
1,1,1,1,1,1,1,1,1,1
1,1,1,1,1,1,1,1,1,1
1,1,1,1,1,1,1,1,1,1
1,1,1,1,1,1,1,1,1,1
1,1,1,1,1,1,1,1,1,1
1,1,1,1,1,1,1,1,1,1
1,1,1,1,1,1,1,1,1,1
1,1,1,1,1,1,1,1,1,1
1,1,1,1,1,1,1,1,1,1
1,1,1,1,1,1,1,1,1,1
1,1,1,1,1,1,1,1,1,1
1,1,1,1,1,1,1,1,1,1
1,1,1,1,1,1,1,1,1,1
1,1,1,1,1,1,1,1,1,1
1,1,1,1,1,1,1,1,1,1
1,1,1,1,1,1,1,1,1,1
1,1,1,1,1,1,1,1,1,1
1,1,1,1,1,1,1,1,1,1
1,1,1,1,1,1,1,1,1,1
1,1,1,1,1,1,1,1,1,1
1,1,1,1,1,1,1,1,1,1
1,1,1,1,1,1,1,1,1,1
1,1,1,1,1,1,1,1,1,1
1,1,1,1,1,1,1,1,1,1
1,1,1,1,1,1,1,1,1,1
1,1,1,1,1,1,1,1,1,1
1,1,1,1,1,1,1,1,1,1
1,1,1,1,1,1,1,1,1,1
1,1,1,1,1,1,1,1,1,1
1,1,1,1,1,1,1,1,1,1
1,1,1,1,1,1,1,1,1,1
1,1,1,1,1,1,1,1,1,1
1,1,1,1,1,1,1,1,1,1
1,1,1,1,1,1,1,1,1,1
1,1,1,1,1,1,1,1,0.9917062,1
1,1,1,1,1,1,1,1,0.9518781,1
1,1,1,1,1,1,1,1,0.9067121,1
1,1,1,1,1,1,1,1,0.8981506,1
1,1,1,1,1,1,1,1,0.899278,1
1,1,1,1,1,1,1,1,0.9004549,1
1,1,1,1,1,1,1,1,0.901677,1
1,1,1,1,1,1,1,1,0.9029439,1
1,1,1,1,1,1,1,1,0.9042541,1
1,1,1,1,1,1,1,1,0.9056041,1
1,1,1,1,1,1,1,1,0.9069959,1
1,1,1,1,1,1,1,1,0.9084252,1
1,1,1,1,1,1,1,1,0.9098915,1
1,1,1,1,1,1,1,1,0.9113936,1
1,1,1,1,1,1,1,1,1,1
1,1,1,1,1,1,1,1,1,1
1,1,1,1,1,1,1,1,1,1
1,1,1,1,1,1,1,1,1,1
1,1,1,1,1,1,1,1,1,1
1,1,1,1,1,1,1,1,1,1
1,1,1,1,1,1,1,1,1,1
1,1,1,1,1,1,1,1,1,1
1,1,1,1,1,1,1,1,1,1
1,1,1,1,1,1,1,1,1,1
1,1,1,1,1,1,1,1,1,1
1,1,1,1,1,1,1,1,1,1
1,1,1,1,1,1,1,1,1,1
1,1,1,1,1,1,1,1,1,1
1,1,1,1,1,1,1,1,1,1
1,1,1,1,1,1,1,1,1,1
1,1,1,1,1,1,1,1,1,1
1,1,1,1,1,1,1,1,1,1
1,1,1,1,1,1,1,1,1,1
1,1,1,1,1,1,1,1,1,1
1,1,1,1,1,1,1,1,1,1
1,1,1,1,1,1,1,1,1,1
1,1,1,1,1,1,1,1,1,1
1,1,1,1,1,1,1,1,1,1
1,1,1,1,1,1,1,1,1,1
1,1,1,1,1,1,1,1,1,1
1,1,1,1,1,1,1,1,1,1
1,1,1,1,1,1,1,1,1,1
1,1,1,1,1,1,1,1,1,1
1,1,1,1,1,1,1,1,1,1
1,1,1,1,1,1,1,1,1,1
1,1,1,1,1,1,1,1,1,1
1,1,1,1,1,1,1,1,1,1
1,1,1,1,1,1,1,1,1,1
1,1,1,1,1,1,1,1,1,1
1,1,1,1,1,1,1,1,1,1
1,1,1,1,1,1,1,1,1,1
1,1,1,1,1,1,1,1,1,1
1,1,1,1,1,1,1,1,1,1
1,1,1,1,1,1,1,1,1,1
1,1,1,1,1,1,1,1,1,1
1,1,1,1,1,1,1,1,1,1
1,1,1,1,1,1,1,1,1,1
1,1,1,1,1,1,1,1,1,1
1,1,1,1,1,1,1,1,1,1
1,1,1,1,1,1,1,1,1,1
1,1,1,1,1,1,1,1,1,1
1,1,1,1,1,1,1,1,1,1
1,1,1,1,1,1,1,1,1,1
1,1,1,1,1,1,1,1,1,1
1,1,1,1,1,1,1,1,1,1
1,1,1,1,1,1,1,1,1,1
1,1,1,1,1,1,1,1,1,1
1,1,1,1,1,1,1,1,1,1
1,1,1,1,1,1,1,1,1,1
1,1,1,1,1,1,1,1,1,1
1,1,1,1,1,1,1,1,1,1
1,1,1,1,1,1,1,1,1,1
1,1,1,1,1,1,1,1,1,1
1,1,1,1,1,1,1,1,1,1
1,1,1,1,1,1,1,1,1,1
1,1,1,1,1,1,1,1,1,1
1,1,1,1,1,1,1,1,1,1
1,1,1,1,1,1,1,1,1,1
1,1,1,1,1,1,1,1,1,1
1,1,1,1,1,1,1,1,1,1
1,1,1,1,1,1,1,1,1,1
1,1,1,1,1,1,1,1,1,1
1,1,1,1,1,1,1,1,1,1
1,1,1,1,0.9999401,1,1,1,1,1
1,1,1,1,0.98994,1,1,1,1,1
1,1,1,1,0.979939,1,1,1,1,1
1,1,1,0.9933507,0.969937,1,1,1,1,1
1,1,1,0.983082,0.9599314,1,1,1,1,1
1,1,1,0.9727887,0.9499205,1,1,1,1,1
1,1,1,0.9624712,0.9399046,1,1,1,1,1
1,1,1,0.9521311,0.9298841,1,1,1,1,1
1,1,1,0.941769,0.9198589,1,1,1,1,1
1,1,1,0.9313862,0.9098296,1,1,1,1,1
1,1,1,0.920984,0.8997965,1,1,1,1,1
1,1,1,0.9105638,0.88976,1,1,1,1,1
1,1,1,0.9001268,0.8797207,1,1,1,1,1
1,1,1,0.8896748,0.869679,1,1,1,1,1
1,1,1,0.8792089,0.859635,1,1,1,1,1
1,1,1,0.8687307,0.8495895,1,1,1,1,1
1,1,1,0.8582417,0.8395427,1,1,1,1,1
1,1,1,0.8477437,0.8294957,1,1,1,1,1
1,1,1,0.8372381,0.8194486,1,1,1,1,1
1,1,1,0.8267263,0.8094018,1,1,1,1,1
1,1,0.9943425,0.8162102,0.7993559,1,1,1,1,1
1,1,0.9821808,0.8056728,0.7893085,1,1,1,1,1
1,1,0.9699005,0.7950976,0.7792582,1,1,1,1,1
1,1,0.9575137,0.7844895,0.7692071,1,1,1,1,1
1,1,0.9450321,0.7738532,0.7591566,1,1,1,1,1
1,1,0.9324682,0.7631935,0.7491089,1,1,1,1,1
1,1,0.9198351,0.7525163,0.7390661,1,1,1,1,1
1,1,0.9071452,0.7418259,0.7290297,1,1,1,1,1
1,1,0.8944117,0.7311281,0.7190018,1,1,1,1,1
1,1,0.8816474,0.7204278,0.7089845,1,1,1,1,2
1,1,0.8804675,0.7097297,0.698979,1,1,1,1,2
1,1,0.8886309,0.6990629,0.6889861,1,1,1,1,1
1,1,0.8966784,0.6884465,0.6790043,1,1,1,1,1
1,1,0.7339699,0.6778771,0.6690316,1,1,1,1,2
1,1,0.720871,0.6670408,0.6591004,1,1,1,1,2
1,1,0.7078695,0.6562535,0.6491976,1,1,1,1,2
1,1,0.694971,0.645517,0.6393223,1,1,1,1,2
1,1,0.6821798,0.634832,0.6294731,1,1,1,1,2
1,1,0.6694998,0.6241995,0.6196491,1,1,1,1,2
1,1,0.656933,0.6136188,0.6098479,1,1,1,1,2
1,1,0.6444808,0.6030899,0.6000681,1,1,1,1,2
1,1,0.6321436,0.5926116,0.5903071,1,1,1,1,2
1,1,0.6199211,0.5821825,0.5805627,1,1,1,1,2
1,1,0.6078121,0.5718011,0.5708325,1,1,1,1,2
1,1,0.5958152,0.5614657,0.5611143,1,1,1,1,2
1,1,0.5839282,0.5511744,0.5514058,1,1,1,1,2
1,1,0.5721484,0.5409248,0.5417045,1,1,1,1,2
1,0.8618836,0.5604726,0.5307148,0.5320082,1,1,1,1,2
1,0.8402537,0.54815,0.5204077,0.5225488,1,1,1,1,2
1,0.8189569,0.5359344,0.5101667,0.5131406,1,1,1,1,2
1,0.7980412,0.5238378,0.4999942,0.5037799,1,1,1,1,2
1,0.7775456,0.51187,0.4898914,0.4944629,1,1,1,1,2
1,0.7574989,0.5000381,0.4798583,0.4851844,1,1,1,1,2
1,0.7379209,0.4883462,0.4698933,0.4759385,1,1,1,1,2
1,0.718824,0.4767964,0.459994,1,1,1,1,1,2
1,0.6980356,0.4649378,0.4501755,1,1,1,1,1,2
1,0.6778823,0.4532757,0.4404612,1,1,1,1,1,2
1,0.6583652,0.4418095,0.4308463,1,1,1,1,1,2
1,0.5282837,0.4305356,0.4213243,1,1,1,1,1,2
1,0.5100364,0.419217,0.4119676,1,1,1,1,1,2
1,0.4925483,0.4081484,0.402717,1,0.9858938,1,1,1,2
1,0.4758475,0.3973266,0.393547,1,0.9494152,1,1,1,2
1,0.459991,0.3867503,0.3844217,1,0.9172393,1,1,1,2
1,0.4448676,0.3763824,0.3753218,1,0.8886482,1,1,1,2
1,0.430381,0.3661909,0.3662321,1,0.8630717,1,1,1,2
1,0.4164487,0.3561493,1,1,0.840049,0.99676,1,1,2
0.7768903,0.4021065,0.3461052,1,1,0.8200064,0.9959078,1,1,2
0.7382557,0.3865511,0.3359984,1,1,0.8184088,1,1,1,2
0.7016195,0.371467,0.3261193,1,1,0.817466,1,1,1,2
0.667164,0.3569108,0.3164768,1,1,0.8170722,1,1,1,2
0.6348723,0.3428953,0.3070693,1,0.945755,0.8171675,1,1,1,2
0.4665953,0.3295568,0.2978871,1,0.8947456,0.8171667,1,1,1,2
0.4414522,0.3165345,0.2889181,1,0.8459147,0.8182596,1,1,1,2
0.4178261,0.3039934,0.2801638,1,0.8010737,0.8198678,1,1,1,2
0.3959728,0.2920119,1,1,0.7610201,0.8214172,1,1,1,2
0.3753046,0.2804343,1,1,0.7305164,0.8235114,1,1,1,2
0.3560933,0.2693375,1,1,0.7285892,0.825447,1,1,1,2
0.3379968,0.2586284,1,0.9390108,0.726796,0.8275459,1,1,1,2
0.3211905,0.248349,1,0.88588,0.7246579,0.8290342,1,1,1,2
0.3054951,0.2384429,1,0.8396289,0.7221186,0.8298275,1,1,1,2
0.2907559,0.2288601,1,0.7989566,0.7191355,0.8298618,1,1,1,2
0.2768407,0.2195565,1,0.7628583,0.7156739,0.829083,1,1,1,2
0.2636369,0.2104941,1,0.7305649,0.7117071,0.8274491,1,1,1,2
0.2510482,0.20164,1,0.7014574,0.7072164,0.8249292,1,1,1,2
0.2389908,0.1929645,1,0.6750414,0.7021893,0.8215025,1,1,1,2
0.2273927,0.2162344,1,0.6509176,0.6966209,0.8171595,1,1,1,2
0.2162363,0.2518585,1,0.629118,0.6903533,0.8116364,1,1,1,2
0.2054654,0.2881685,1,0.609809,0.6833512,0.8048736,1,1,1,2
0.1950118,0.3245757,1,0.6022921,0.6756511,0.7969316,0.9935848,1,1,1
0.184823,0.3604042,1,0.5943683,0.6672698,0.7878394,0.9820729,1,1,1
0.1748747,0.3946324,1,0.5859891,0.6581329,0.7774743,0.9708584,1,1,1
0.1651148,0.4266118,1,0.5771807,0.6482886,0.7659212,0.963755,1,1,1
0.1554802,0.4561481,1,0.5680202,0.6378682,0.7534045,0.9571897,1,1,1
0.1628596,0.4829361,1,0.5585434,0.6269344,0.7400337,0.9511269,1,1,1
0.1724893,0.5057839,1,0.5486607,0.6153442,0.725576,0.9457361,1,1,0
0.1816614,1,1,0.5384112,0.6031662,0.7101545,0.9410064,1,1,0
0.1892798,1,1,0.5266868,0.5885926,0.6907737,0.9389577,1,1,0
0.1963843,1,1,0.5148505,0.573867,0.6711997,0.9374816,1,1,0
0.2029981,1,1,0.5029507,0.5590687,0.6515667,0.9365621,1,1,0
0.2091498,1,1,0.4955978,0.5442696,0.6319944,0.9361801,1,1,0
0.2148968,1,1,0.4952422,0.5295625,0.6126356,0.9362649,1,1,0
0.2203054,1,1,0.4954059,0.5150355,0.5936328,0.9176775,1,1,0
0.2252306,1,1,0.4968432,0.5004864,0.574651,0.7954577,1,1,0
0.2287461,1,1,0.5041534,0.484827,0.5539104,0.7578444,1,1,0
0.2317647,1,1,0.5138537,0.4693068,0.5334684,0.7213804,1,1,0
0.2343688,1,1,0.5260763,0.4540159,0.5134658,0.6863455,1,1,0
0.2366383,1,1,0.5409724,0.4390217,0.4940055,0.652918,1,1,0
0.2386386,1,1,0.5587378,0.4243712,0.4751568,0.6211909,1,1,0
0.2404323,1,1,0.5795915,0.4100914,0.4569568,0.5911857,1,1,0
0.2420699,1,1,0.6038036,0.396193,0.4394172,0.56287,1,1,0
0.2435907,1,1,0.6317075,0.3826735,0.4225295,0.5361732,1,1,0
0.2450274,1,1,0.6637025,0.3877148,0.4062704,0.5109997,0.8960449,1,0
0.2458269,1,1,0.7098054,0.3974925,0.3898736,0.4856855,0.8069493,1,0
0.246466,1,1,0.7671345,0.4090542,0.3739827,0.4615892,0.7912065,1,0
0.2469544,1,1,1,0.4227137,0.3585654,0.4386128,0.7935033,1,0
0.2473979,1,1,1,0.4381212,0.3436989,0.416894,0.7962169,1,0
0.2478845,1,1,1,0.4547514,0.3294192,0.3964854,0.7991484,1,0
0.2484122,1,1,1,0.4725943,0.3156573,0.3772245,0.8022366,1,0
0.2489767,1,1,1,0.4916403,0.3054677,0.3589666,0.6587673,1,0
0.2488308,1,1,1,0.5218261,0.3135397,0.3402005,0.6075407,1,0
0.2485678,1,1,1,0.5585378,0.3230526,0.3221511,0.5607392,1,0
0.2481892,1,1,1,0.6037481,0.3342426,0.304768,0.5177941,1,0
0.2476959,1,1,1,0.6603125,0.3474014,0.2880048,0.4782305,1,0
0.247157,1,1,1,1,0.3623375,0.2719172,0.4420381,1,0
0.2468309,1,1,1,1,0.3767394,0.2568143,0.4102109,1,0
0.2464039,1,1,1,1,0.3933834,0.2421206,0.3802867,1,0
0.2458905,1,1,1,1,0.4124806,0.2278303,0.3521558,0.751634,0
0.2449206,1,1,1,1,0.440369,0.2306006,0.3239072,0.7282403,0
0.2438495,1,1,1,1,0.4739412,0.2377345,0.2974283,0.7302741,0
0.2426818,1,1,1,1,0.5147582,0.2459768,0.272546,0.7328582,0
0.2414158,1,1,1,1,0.5650506,0.2554775,0.2491095,0.7360049,0
0.2400555,1,1,1,1,0.6280325,0.2664009,0.2269854,0.5776163,0
0.2385983,1,1,1,1,1,0.2789593,0.2060564,0.497313,0
0.2370445,1,1,1,1,1,0.2934018,0.1862188,0.4283926,0
0.2353973,1,1,1,1,1,0.3100242,0.1673808,0.3685868,0
0.233653,1,1,1,1,1,0.3292087,0.1627653,0.316192,0
0.2318142,1,1,1,1,1,0.351414,0.1675515,0.2699048,0
0.22988,1,1,1,1,1,0.3772289,0.1729234,0.2287101,0
0.227849,1,1,1,1,1,0.4074082,0.1789262,0.1918056,0
0.2257196,1,1,1,1,1,0.4429346,0.1856106,0.1585501,0
0.2234902,1,1,1,1,1,0.4851113,0.1930339,0.1364488,0
0.2211614,1,1,1,1,1,0.5356921,0.2012561,0.1400606,0
0.218731,1,1,1,1,1,1,0.2103502,0.1440414,0
0.2162226,1,1,1,1,1,1,0.2198192,0.1482382,0
0.2136222,1,1,1,1,1,1,0.2297418,0.1526617,0
0.2109273,1,1,1,1,1,1,0.2400753,0.157288,0
0.2081347,1,1,1,1,1,1,0.2507769,0.1620959,0
0.205243,1,1,1,1,1,1,0.2617989,0.1670638,0
0.2022531,1,1,1,1,1,1,0.2730888,0.1721694,0
0.1991674,1,1,1,1,1,1,0.2845904,0.1773902,0
0.2245193,1,1,1,1,1,1,0.2962499,0.1827069,0
0.3038086,1,1,1,1,1,1,0.3086725,0.1882724,0
0.3566586,1,1,1,1,1,1,0.3232449,0.1944348,0
0.3930224,1,1,1,1,1,1,0.3395782,0.2010874,0
0.4198516,1,1,1,1,1,1,0.3574159,0.2081528,0
0.4411774,1,1,1,1,1,1,0.3766202,0.2155875,0
0.4592534,1,1,1,1,1,1,0.3970987,0.2233539,0
0.4753637,1,1,1,1,1,1,0.4187949,0.2314245,0
0.4902611,1,1,1,1,1,1,0.9669258,0.2397815,1
0.5282972,1,1,1,1,1,1,0.9856977,0.2463379,0
0.5620188,1,1,1,1,1,1,1,0.2532111,0
1,1,1,1,1,1,1,1,0.2604063,0
1,1,1,1,1,1,1,1,0.2717043,0
1,1,0.9954134,1,1,1,1,1,0.2838232,0
0.5535468,1,0.9745353,1,1,1,1,1,0.2968271,1
1,1,0.9671475,1,1,1,1,1,0.3045209,0
1,1,0.9482149,1,1,1,1,1,0.3181712,0
0.851192,1,0.9308149,1,1,1,1,1,0.3322024,0
1,1,0.9181877,1,1,1,1,1,0.3441931,0
0.837595,1,0.9029661,1,1,1,1,1,0.3587075,0
0.8440009,1,0.8922219,1,1,1,1,1,0.9517378,2
1,1,0.8904073,1,1,1,1,1,0.9479299,1
1,1,0.8852682,1,1,1,1,1,0.9389103,1
1,1,0.8801031,1,1,1,1,1,0.9297767,1
1,1,0.8749064,1,1,1,1,1,0.9205272,1
1,1,0.8696762,1,1,1,1,1,0.9111596,1
1,1,0.8644106,1,1,1,1,1,0.9016728,1
1,1,0.859108,1,1,1,1,1,0.8920657,1
1,1,0.8537631,1,1,1,1,1,0.8823372,1
1,1,0.8483747,1,1,1,1,1,0.8724874,1
1,1,0.8429416,1,1,1,1,1,0.8625153,1
1,1,0.8374626,1,1,1,1,1,0.8524224,1
1,1,0.8319333,1,1,1,1,1,0.8422079,1
1,1,0.826353,1,1,1,1,1,0.8318739,1
1,1,0.820721,1,1,1,1,1,0.8214213,1
1,1,0.8150374,1,1,1,1,1,0.8108518,1
1,1,0.809298,1,1,1,1,1,0.8016053,1
1,1,0.8035246,1,1,1,1,1,0.8084983,1
1,1,0.7979596,1,1,1,1,1,0.8150182,1
1,1,0.7925931,1,1,1,1,1,0.821175,1
1,1,0.7874163,1,1,1,1,1,0.826979,1
1,1,0.7824216,1,1,1,1,1,0.8324413,1
1,1,0.7776023,1,1,1,1,1,0.8375738,1
1,1,0.7729489,1,1,1,1,1,0.8423932,1
1,1,0.7684597,1,1,1,1,1,0.846907,1
1,1,0.7641268,1,1,1,1,1,0.8511318,1
1,1,0.7599461,1,1,1,1,1,0.8550804,1
1,1,0.7559108,1,1,1,1,1,0.8587692,2
1,1,0.7520176,1,1,1,1,1,0.8622098,2
1,1,0.7482647,1,1,1,1,1,0.8654138,2
1,0.8477657,0.7446459,1,1,1,1,1,0.8683971,2
1,0.752907,1,1,1,1,1,1,0.8657843,2
1,0.6849207,1,1,1,1,1,1,0.8673485,2
1,0.6124579,1,1,1,1,1,1,0.8665255,2
1,0.6030057,1,1,1,1,1,1,0.8633458,2
1,0.6000175,1,1,1,1,1,1,0.8600534,2
1,0.597199,1,1,1,1,1,1,0.8568659,2
1,0.5945475,1,1,1,1,1,1,0.8537823,2
1,0.5920604,1,1,1,1,1,1,0.8508021,2
1,0.5897353,1,1,1,1,1,1,0.8479232,2
1,0.5875696,1,1,1,1,1,1,0.845144,2
1,0.5855575,1,1,1,1,1,1,0.8424659,2
1,0.5836998,1,1,1,1,1,1,0.8398823,2
1,0.5819908,1,1,1,1,1,1,0.8373941,2
1,0.5804282,1,1,1,1,1,1,0.8349981,2
1,0.5790094,1,1,1,1,1,1,0.8326907,2
1,0.5777291,1,1,1,1,1,1,0.8304723,2
1,0.576588,1,1,1,1,1,1,0.8283348,2
1,0.5755776,1,1,1,1,1,1,0.8262823,2
1,0.5746987,1,1,1,1,1,1,0.8243064,2
0.5295535,0.5739461,1,1,1,1,1,1,0.8224069,2
0.5264817,0.5761485,1,1,1,1,1,1,0.8150907,2
0.5238444,1,1,1,1,1,1,1,0.8080773,2
0.5214779,1,1,1,1,1,1,1,0.8049657,2
0.5193222,1,1,1,1,1,1,1,0.8019205,2
0.5173749,1,1,1,1,1,1,1,0.7989416,2
0.5156335,1,1,1,1,1,1,1,0.7960281,2
0.5140953,1,1,1,1,1,1,1,0.7931789,2
0.5127548,1,1,1,1,1,1,1,0.7903956,2
0.5116093,1,1,1,1,1,1,1,0.787676,2
0.5106562,1,1,1,1,1,1,1,0.7850177,2
0.50989,1,1,1,1,1,1,1,0.7824211,2
0.5093077,1,1,1,1,1,1,1,0.7798831,2
0.5089071,1,1,1,1,1,1,1,0.7774003,2
0.5086823,1,1,1,1,1,1,1,0.7749721,2
0.5086306,1,1,1,1,1,1,1,0.7725949,2
0.5087464,1,1,1,1,1,1,1,0.7702677,2
1,1,1,1,1,1,1,1,0.7679895,0
1,1,1,1,1,1,1,1,0.7713975,0
1,1,1,1,1,1,1,1,0.7749404,0
1,1,1,1,1,1,1,1,0.7786147,0
1,1,1,1,1,1,1,1,0.7824136,0
1,1,1,1,1,1,1,1,0.7863336,0
1,1,1,1,1,1,1,1,1,1
1,1,1,1,1,1,1,1,1,1
1,1,1,1,1,1,1,1,1,1
1,1,1,1,1,1,1,1,1,1
1,1,1,1,1,1,1,1,1,1
1,1,1,1,1,1,1,1,1,1
1,1,1,1,1,1,1,1,1,1
1,1,1,1,1,1,1,1,1,1
1,1,1,1,1,1,1,1,1,1
1,1,1,1,1,1,1,1,1,1
1,1,1,1,1,1,1,1,1,1
1,1,1,1,1,1,1,1,1,1
1,1,1,1,1,1,1,1,1,1
1,1,1,1,1,1,1,1,1,1
1,1,1,1,1,1,1,1,1,1
1,1,1,0.9904767,1,1,1,1,1,1
1,1,1,0.9800506,1,1,1,1,1,1
1,1,1,0.9695856,1,1,1,1,1,1
1,1,1,0.959083,1,1,1,1,1,1
1,1,1,0.9485438,1,1,1,1,1,1
1,1,1,0.9379697,1,1,1,1,1,1
1,1,1,0.9273618,1,1,1,1,1,1
1,1,1,0.916722,1,1,1,1,1,1
1,1,1,0.9060518,1,1,1,1,1,1
1,1,1,0.8953527,1,1,1,1,1,1
1,1,1,0.8846266,1,1,1,1,1,1
1,1,1,0.8738754,1,1,1,1,1,1
1,1,1,0.8631011,1,1,1,1,1,1
1,1,1,0.8523055,1,1,1,1,1,1
1,1,1,0.8414906,1,1,1,1,1,1
1,1,1,0.8306584,1,1,1,1,1,1
1,1,1,0.819811,1,1,1,1,1,1
1,1,1,0.8089503,1,1,1,1,1,1
1,1,1,0.7980785,1,1,1,1,1,1
1,1,1,0.7871977,1,1,1,1,1,1
1,1,1,0.7763097,1,1,1,1,1,1
1,1,1,0.7654167,1,1,1,1,1,1
1,1,1,0.7545205,1,1,1,1,1,1
1,1,1,0.7436233,1,1,1,1,1,1
1,1,1,0.7327267,1,1,1,1,1,1
1,1,1,0.7218326,1,1,1,1,1,1
1,1,1,0.7109431,1,1,1,1,1,1
1,1,1,0.7000594,1,1,1,1,1,1
1,1,0.7665703,0.6891835,1,1,1,1,1,2
1,1,0.7517045,0.6774899,1,1,1,1,1,2
1,1,0.7369133,0.6658416,1,1,1,1,1,2
1,1,0.7222139,0.6542465,1,1,1,1,1,2
1,1,0.7076213,0.6427119,1,1,1,1,1,2
1,1,0.6931497,0.6312442,1,1,1,0.9994812,1,2
1,1,0.6788162,0.62967,1,1,1,0.991782,1,2
1,1,0.6647301,0.6573355,1,1,1,0.984341,1,2
1,1,0.6509531,0.6865086,1,1,1,0.9773502,1,2
1,1,0.6374584,0.7172277,1,1,1,0.9707721,1,2
1,1,0.6242224,0.7495273,1,1,1,0.9645718,1,2
1,1,0.611223,0.7834381,1,1,1,0.9587176,1,2
1,1,0.59844,1,1,1,1,0.9531851,1,2
1,1,0.586152,1,1,1,1,0.9488434,1,2
1,1,0.5739443,1,1,1,1,0.9445165,1,2
1,1,0.5618165,1,1,1,1,0.9402081,1,2
1,1,0.549768,1,1,1,1,0.9359215,1,2
1,1,0.5377983,1,1,1,1,0.9316598,1,2
1,1,0.5259064,1,1,1,1,0.9274251,1,2
1,1,0.5140911,1,1,1,1,0.9232235,1,2
1,1,0.5023513,1,1,1,1,0.9190523,1,2
1,1,0.4906852,1,1,1,1,0.9149169,1,2
1,1,0.4790912,1,1,1,1,0.9108177,1,2
1,1,0.4675679,1,1,1,1,0.9067591,1,2
1,1,0.4561132,1,1,1,1,0.9027408,1,2
1,1,0.4447254,1,1,1,1,0.8987595,1,2
1,1,0.4334025,1,1,1,1,0.8948216,1,2
1,1,0.4221425,1,1,1,1,0.8909233,1,2
1,0.54227,0.4109434,1,1,1,1,0.8870672,1,2
1,0.5194786,0.4358521,1,1,1,1,0.8752214,1,2
1,0.4979827,0.4637519,1,1,1,1,0.864153,1,2
1,0.4776511,0.4941764,1,1,1,1,0.8537999,1,2
1,0.4583606,0.5272561,1,1,1,1,0.8440986,1,2
1,0.4400007,0.5631297,1,1,1,1,0.8349853,1,2
1,0.4224725,1,1,1,1,1,0.8264052,1,2
1,0.4069711,1,1,1,1,1,0.8201324,1,2
1,0.3917485,1,1,1,1,1,0.8138944,1,2
1,0.3768003,1,1,1,1,1,0.8076991,1,2
1,0.3621208,1,1,1,1,1,0.8015501,1,2
1,0.3477041,1,1,1,1,1,0.7954533,1,2
1,0.3335429,1,1,1,1,1,0.78941,1,2
1,0.3196294,1,1,1,1,1,0.7834209,1,2
1,0.3059557,1,1,1,1,1,0.7774858,1,2
0.4752535,0.2934817,1,1,1,1,1,0.771607,1,2
0.4407651,0.3079826,1,1,1,1,1,0.7613432,1,2
0.4088438,0.3239501,1,1,1,1,1,0.7513801,1,2
0.3792194,0.3415523,1,1,1,1,1,0.7416998,1,2
0.3516586,0.3609847,1,1,1,1,0.9702852,0.7322855,1,2
0.3259588,0.3824701,1,1,1,1,0.9457196,0.7231245,1,2
0.3019437,0.4062773,1,1,1,1,0.9222555,0.7168563,1,2
0.2794949,0.4326227,1,1,1,1,0.8998966,0.7354127,1,2
0.2586319,0.4612718,1,1,1,1,0.8789749,0.755623,1,2
0.2645258,1,1,1,1,1,0.85931,0.7778376,1,2
0.2727853,1,1,1,1,1,0.847041,0.7704885,1,2
0.2810018,1,1,1,1,1,0.8357261,0.7587055,1,2
0.2890922,1,1,1,1,1,0.8253791,0.7417206,1,2
0.2969652,1,1,1,1,1,0.8160281,0.7187992,1,1
0.3045057,1,1,1,1,1,0.8077322,0.6893505,1,1
0.3115964,1,1,1,1,1,0.8005614,0.6550573,1,1
0.3181403,1,1,1,1,1,0.7945536,0.6502021,1,1
0.3244974,1,1,1,1,1,0.7889079,0.6454317,1,1
0.3306609,1,1,1,1,1,0.7836027,0.640746,1,1
0.3366294,1,1,1,1,1,0.7786161,0.6361426,1,1
0.3423983,1,1,1,1,1,0.773932,0.6316233,1,1
0.3479687,1,1,1,1,1,0.7695335,0.627187,1,1
0.353338,1,1,1,1,1,0.7654092,0.6228367,1,1
0.3585129,1,1,1,1,1,0.7615415,0.6185693,1,1
0.3634927,1,1,1,1,1,0.7579225,0.6143883,1,1
0.368281,1,1,1,1,1,0.7545416,0.6102946,1,0
0.3728863,1,1,1,1,1,0.7513852,0.6062858,1,0
0.3773088,1,1,1,1,1,0.748449,0.6023661,1,0
1,1,1,1,1,1,0.7457213,0.5985339,1,0
1,1,1,1,1,1,1,0.597379,1,0
1,1,1,1,1,1,1,0.5958323,1,0
1,1,1,1,1,1,1,0.5945843,1,0
1,1,1,1,1,1,1,0.5936341,1,0
1,1,1,1,1,1,1,0.5929806,1,0
1,1,1,1,1,1,1,0.5926258,1,0
1,1,1,1,1,1,1,0.5925651,0.5565062,0
1,1,1,1,1,1,1,0.5940165,0.5525876,0
1,1,1,1,1,1,1,0.595974,0.549122,0
1,1,1,1,1,1,1,0.5984477,0.5461006,0
1,1,1,1,1,1,1,0.6014596,0.5435252,0
1,1,1,1,1,1,1,0.6050238,0.541389,0
1,1,1,1,1,1,1,0.6091626,0.5396928,0
1,1,1,1,1,1,1,0.6138975,0.5384351,0
1,1,1,1,1,1,1,0.6192561,0.5376187,0
1,1,1,1,1,1,1,0.6252646,0.5372443,0
1,1,1,1,1,1,1,0.950847,0.5373138,0
1,1,1,1,1,1,1,0.9626405,0.53783,0
1,1,1,1,1,1,1,0.9750961,0.5387427,0
1,1,1,1,1,1,1,0.9881765,0.540032,0
1,1,1,1,1,1,1,1,0.5416748,0
1,1,1,1,1,1,1,1,0.5436591,0
1,1,1,1,1,1,1,1,0.5460232,0
1,1,1,1,1,1,1,1,0.5487624,0
1,1,1,1,1,1,1,1,0.5518752,0
1,1,1,1,1,1,1,1,0.5553563,0
1,1,1,1,1,1,1,1,0.5592004,0
1,1,1,1,1,1,1,1,0.5634018,0
1,1,1,1,1,1,1,1,0.9216445,1
1,1,1,1,1,1,1,1,0.8858694,0
1,1,1,1,1,1,1,1,0.8594176,0
1,1,1,1,1,1,1,1,0.8623977,0
1,1,1,1,1,1,1,1,0.865432,0
1,1,1,1,1,1,1,1,0.8685151,0
1,1,1,1,1,1,1,1,0.8716415,0
1,1,1,1,1,1,1,1,0.874809,0
1,1,1,1,1,1,1,1,0.8780155,0
1,1,1,1,1,1,1,1,0.8812588,0
1,1,1,1,1,1,1,1,0.8845302,0
1,1,1,1,1,1,1,1,0.8878311,0
1,1,1,1,1,1,1,1,0.8911561,1
1,1,1,1,1,1,1,1,0.8944998,1
1,1,1,1,1,1,1,1,0.8978601,1
1,1,1,1,1,1,1,1,1,1
1,1,1,1,1,1,1,1,1,1
1,1,1,1,1,1,1,1,1,1
1,1,1,1,1,1,1,1,1,1
1,1,1,1,1,1,1,1,1,1
1,1,1,1,1,1,1,1,1,1
0.9684432,1,1,1,1,1,1,1,1,1
0.9564604,1,1,1,1,1,1,1,1,1
1,1,1,1,1,1,1,1,1,1
1,1,1,1,1,1,1,1,1,1
1,1,1,1,1,1,1,1,1,1
1,1,1,1,1,1,1,1,1,1
1,1,1,1,1,1,1,1,1,1
1,1,1,1,1,1,1,1,1,1
1,1,1,1,1,1,1,1,1,1
1,1,1,1,1,1,1,1,1,1
1,1,1,1,1,1,1,1,1,1
1,1,1,1,1,1,1,1,1,1
1,1,1,1,1,1,1,1,1,1
1,1,1,1,1,1,1,1,1,1
1,1,1,1,1,1,1,1,1,1
1,1,1,1,1,1,1,1,1,1
1,1,1,1,1,1,1,1,1,1
1,1,1,1,1,1,1,1,1,1
1,1,1,1,1,1,1,1,1,1
1,1,1,1,1,1,1,1,1,1
1,1,1,1,1,1,1,1,1,1
1,1,1,1,1,1,1,1,1,1
1,1,1,1,1,1,1,1,1,1
1,1,1,1,1,1,1,1,1,1
1,1,1,1,1,1,1,1,1,1
1,1,1,1,1,1,1,1,1,1
1,1,1,1,1,1,1,1,1,1
1,1,1,1,1,1,1,1,1,1
1,1,1,1,1,1,1,1,1,1
1,1,1,1,1,1,1,1,1,1
1,1,1,1,1,1,1,1,1,1
1,1,1,1,1,1,1,1,1,1
1,1,1,1,1,1,1,1,1,1
1,1,1,1,1,1,1,1,1,1
1,1,1,1,1,1,1,1,1,1
1,1,1,1,1,1,1,1,1,1
1,1,1,1,1,1,1,1,1,1
1,1,1,1,1,1,1,1,1,1
1,1,1,1,1,1,1,1,1,1
1,1,1,1,1,1,1,1,1,1
1,1,1,1,1,1,1,1,1,1
1,1,1,1,1,1,1,1,1,1
1,1,1,1,1,1,1,1,1,1
1,1,1,1,1,1,1,1,1,1
1,1,1,1,1,1,1,1,1,1
1,1,1,1,1,1,1,1,1,1
1,1,1,1,1,1,1,1,1,1
1,1,1,1,1,1,1,1,1,1
1,1,1,1,1,1,1,1,1,1
1,1,1,1,1,1,1,1,1,1
1,1,1,1,1,1,1,1,1,1
1,1,1,1,1,1,1,1,1,1
1,1,1,1,1,1,1,1,1,1
1,1,1,1,1,1,1,1,1,1
1,1,1,1,1,1,1,1,1,1
1,1,1,1,1,1,1,1,1,1
1,1,1,1,1,1,1,0.9955794,1,1
1,1,1,1,1,1,1,0.9798566,1,1
1,1,1,1,1,1,1,0.9635606,1,1
1,1,1,1,1,1,1,0.9467026,1,1
1,1,1,1,1,1,1,0.9292997,1,1
1,1,1,1,1,1,1,0.9113744,1,1
1,1,1,1,1,1,1,0.8929551,1,1
1,1,1,1,1,1,1,0.8740754,1,1
1,1,1,1,1,1,1,0.8547734,1,0
1,1,1,1,1,1,1,0.8350934,1,0
1,1,1,1,1,1,1,0.8150827,1,0
1,1,1,1,1,1,1,0.7947935,1,0
1,1,1,1,1,1,1,0.7742798,1,0
1,1,1,1,1,1,1,0.7682962,1,0
1,1,1,1,1,1,1,0.7741092,1,0
1,1,1,1,1,1,1,0.7799703,1,0
1,1,1,1,1,1,1,0.785871,1,0
1,1,1,1,1,1,1,0.791803,1,0
1,1,1,1,1,1,1,0.7977618,1,0
1,1,1,1,1,1,1,0.8037346,1,0
1,1,1,1,1,1,1,0.8097177,1,0
1,0.9954858,1,1,1,1,1,0.8157067,1,0
1,0.9854664,1,1,1,1,1,0.8215579,1,0
1,0.9745333,1,1,1,1,1,0.8270906,1,1
1,0.9626549,1,1,1,1,1,0.8322628,1,1
1,0.9498069,1,1,1,1,1,0.837024,1,1
1,0.9359725,1,1,1,1,1,0.8413337,1,1
1,0.9211435,1,1,1,1,1,0.8451444,1,1
1,0.9053217,1,1,1,1,1,1,1,1
1,0.8826301,1,1,1,1,1,1,1,1
1,0.874872,1,1,1,1,1,1,1,2
1,0.8761125,1,1,1,1,1,1,1,2
1,0.8773955,1,1,1,1,1,1,0.8956787,1
1,0.8762415,1,1,1,1,1,1,0.8683206,1
1,0.8744718,1,1,1,1,1,1,0.8386866,1
1,0.8720387,1,1,1,1,1,1,0.8069019,1
1,0.8689135,1,1,1,1,1,1,0.7731702,0
1,0.8650781,1,1,1,1,1,1,0.7377626,0
1,0.8605298,1,1,1,1,1,1,0.7010122,0
1,0.855283,1,1,1,1,1,1,0.663299,0
1,0.8493718,1,1,1,1,1,1,0.643075,0
1,0.8432094,1,1,1,1,1,1,0.6469374,0
1,0.8373055,1,1,1,1,1,1,0.6508338,0
1,0.8316436,1,1,1,1,1,1,0.6547523,0
1,0.8262054,1,1,1,1,1,1,0.6586845,0
1,0.8209743,1,1,1,1,1,1,0.6626227,0
1,0.8159357,1,1,1,1,1,1,0.6665595,0
1,0.7955363,1,1,1,1,1,1,0.6704844,0
1,0.7824665,1,1,1,1,1,1,0.674198,0
1,0.7682635,1,1,1,1,1,1,0.6777714,1
1,0.7528992,1,1,1,1,1,1,0.6811737,1
1,0.7363592,1,1,1,1,1,1,0.6843814,1
1,0.7186433,1,1,1,1,1,1,0.6873624,1
1,0.6997711,1,1,1,1,1,1,0.6900958,1
1,0.6797773,1,1,1,1,1,1,0.6925533,1
1,0.658719,1,1,1,1,1,1,0.6947165,1
1,0.636671,1,1,1,1,1,1,0.6965698,1
1,0.6137262,1,0.9984487,1,1,1,1,0.6980953,1
1,0.5899697,1,0.9867716,1,1,1,1,0.6992776,1
1,0.5699306,1,0.9747223,1,1,1,1,0.7000549,2
1,0.5693184,1,0.9623893,1,1,1,1,1,2
1,0.5726303,1,0.9460931,1,1,1,1,1,2
1,0.5763284,1,0.930229,1,1,1,1,1,2
1,0.5804045,1,0.9147903,1,1,1,1,0.6902192,1
1,0.5802824,1,0.9031746,1,1,1,1,1,2
0.9162155,0.5848695,1,0.8882556,1,1,1,1,1,2
0.7441739,0.5912517,0.9777727,0.8728744,1,1,1,1,1,2
0.6830982,0.5989427,0.9544654,0.8645375,1,1,1,1,0.6787273,2
0.6846093,0.919373,0.9343898,0.920241,1,1,1,1,0.6755419,2
0.6846904,0.9219787,0.9205595,0.9366616,1,1,1,1,1,2
0.6868876,0.9339392,0.9007106,1,1,1,1,1,0.6716348,1
0.6870923,0.9361989,0.8877341,1,1,1,1,1,1,2
0.6011397,0.9486427,0.8690388,1,1,1,1,1,1,2
0.5168149,0.9646195,0.8495942,1,1,1,1,1,0.6642641,2
0.5045592,0.9727629,0.834801,1,1,1,1,1,1,2
0.507953,0.9911529,0.8162332,1,1,1,1,1,0.6587361,2
0.5097942,0.9998851,0.8022459,1,1,1,1,1,1,2
0.5138919,1,0.7847177,1,1,1,1,1,0.6533746,2
0.5160884,1,0.7714694,1,1,1,1,1,1,2
0.5209035,1,0.7548851,1,1,1,1,1,0.6481546,2
0.5234593,0.9797432,0.7422397,1,1,1,1,1,1,2
0.5290107,0.946651,0.7265186,1,1,1,1,1,0.6430207,2
0.5322374,0.9255919,0.7306619,1,1,1,1,1,1,2
0.8144249,0.8950397,0.7873954,1,1,1,1,1,0.6378059,1
0.8151268,0.8837916,0.7858771,1,1,1,1,1,1,2
0.821499,0.8607723,0.8272083,1,1,1,1,1,1,2
0.8281114,0.8386328,0.8721699,1,1,1,1,1,1,2
0.8349382,0.8173423,0.9209809,1,1,1,1,1,1,2
0.8419496,0.7968649,0.9738513,1,1,1,1,1,1,2
0.8491194,0.7771613,1,1,1,1,1,1,1,2
0.8565562,0.7580197,1,1,1,1,1,1,1,2
0.8643658,0.739287,1,1,1,1,1,1,1,2
0.8725398,0.7209743,1,1,1,1,1,1,1,2
0.8810752,0.7030884,1,1,1,1,1,1,1,2
0.8899643,0.6856324,1,1,1,1,1,1,1,2
0.8991944,0.6686054,1,1,1,1,1,1,1,2
0.9087542,0.6520041,1,1,1,1,1,1,1,2
0.9186284,0.6358224,1,1,1,1,1,1,1,2
1,0.6200517,1,1,1,1,1,1,1,2
1,0.6056083,1,1,1,1,1,1,1,2
1,0.5913181,1,1,1,1,1,1,1,2
0.8811366,0.5771915,1,1,1,1,1,1,1,2
0.8481355,0.5619116,1,1,1,1,1,1,1,2
0.81521,0.5630175,1,1,1,1,1,1,1,2
0.782972,0.5866536,1,1,1,1,1,1,1,2
0.7520013,0.6124681,1,1,1,1,1,1,1,2
0.7223386,0.6406202,1,1,1,1,1,1,1,2
0.6939999,0.6712648,1,1,1,1,1,1,1,2
0.6669795,0.7045707,1,1,1,1,1,1,1,2
0.6412536,0.7407159,1,1,1,1,1,1,1,2
0.6167846,0.7798781,1,1,1,1,1,1,1,2
0.5935254,0.8222413,1,1,1,1,1,1,1,2
0.5714204,0.8679956,1,1,1,1,1,1,1,2
0.5504104,0.9173254,1,1,1,1,1,1,1,2
0.530432,1,1,1,1,1,1,1,0.8157981,2
0.5152319,1,1,1,1,1,1,1,1,2
0.4966587,1,1,1,1,1,1,1,1,2
0.5018258,1,1,1,1,1,1,1,0.809893,2
0.5135421,1,1,1,1,1,1,1,1,2
0.5298955,1,1,1,1,1,1,1,1,2
0.546613,1,1,1,1,1,1,1,1,2
0.5636585,1,1,1,1,1,1,1,1,2
0.5809988,1,1,1,1,1,1,1,1,2
0.5985985,1,1,1,1,1,1,1,1,2
0.6164252,1,1,1,1,1,1,1,1,2
0.6344402,1,1,1,1,1,1,1,1,2
0.6526031,1,1,1,1,1,1,1,1,2
0.6708728,1,1,1,1,1,1,1,1,2
0.6892123,1,1,1,1,1,1,1,1,2
0.7075789,1,1,1,1,1,1,1,1,2
0.7259347,1,1,1,1,1,1,1,1,2
0.7442371,1,1,1,1,1,1,1,1,2
0.7624542,1,1,1,1,1,1,1,1,2
0.780538,1,1,1,1,1,1,1,1,2
0.7984587,1,1,1,1,1,1,1,1,2
0.8161817,1,1,1,1,1,1,1,1,2
1,1,1,1,1,1,1,1,1,1
1,1,1,1,1,1,1,1,1,1
1,1,1,1,1,1,1,1,1,1
1,1,1,1,1,1,1,1,1,1
1,1,1,1,1,1,1,1,1,1
1,1,1,1,1,1,1,1,1,1
1,1,1,1,1,1,1,1,1,1
1,1,1,1,1,1,1,1,1,1
1,1,1,1,1,1,1,1,1,1
1,1,1,1,1,1,1,1,1,1
1,1,1,1,1,1,1,1,1,1
1,1,1,1,1,1,1,1,1,1
1,1,1,1,1,1,1,1,1,1
1,1,1,1,1,1,1,1,1,1
1,1,1,1,1,1,1,1,1,1
1,1,1,1,1,1,1,1,1,1
1,1,1,1,1,1,1,1,1,1
1,1,1,1,1,1,1,1,1,1
1,1,1,1,1,1,1,1,1,1
1,1,1,1,1,1,1,1,1,1
1,1,1,1,1,1,1,1,1,1
1,1,1,1,1,1,1,1,1,1
1,1,1,1,1,1,1,1,1,1
1,1,1,1,1,1,1,1,1,1
1,1,1,1,1,1,1,1,1,1
1,1,1,1,1,1,1,1,1,1
1,1,1,1,1,1,1,1,1,1
1,1,1,1,1,1,1,1,1,1
1,1,1,1,1,1,1,1,1,1
1,1,1,1,1,1,1,1,1,1
1,1,1,1,1,1,1,1,1,1
1,1,1,1,1,1,1,1,1,1
1,1,1,1,1,1,1,1,1,1
1,1,1,1,1,1,1,1,1,1
1,1,1,1,1,1,1,1,1,1
1,1,1,1,1,1,1,1,1,1
1,1,1,1,1,1,1,1,1,1
1,1,1,1,1,1,1,1,1,1
1,1,1,1,1,1,1,1,1,1
1,1,1,1,1,1,1,1,1,1
1,1,1,1,1,0.9976023,1,1,1,1
1,1,1,1,1,0.98918,1,1,1,1
1,1,1,1,1,0.9809743,1,1,1,1
1,1,1,1,1,0.9729789,1,1,1,1
1,1,1,1,1,0.9651836,1,1,1,1
1,1,1,1,1,0.9575835,1,1,1,1
1,1,1,1,1,0.9501699,1,1,1,1
1,1,1,1,1,0.9429384,1,1,1,1
1,0.9929946,1,1,1,0.9358859,1,1,1,1
1,0.9857017,1,1,1,0.9289721,1,1,1,1
1,0.9784199,1,1,1,0.9221895,0.9934877,1,1,1
1,0.9711849,1,1,1,0.9157246,0.969027,1,1,1
1,0.9640961,1,1,1,0.910083,0.9425114,0.8214344,1,0
1,0.9583386,1,1,1,0.9110295,0.8992438,0.8149236,1,0
1,0.9529317,1,1,1,0.9136781,0.8549627,0.8086615,1,0
1,0.9479205,1,1,1,0.9181469,0.810357,0.8027226,1,0
1,0.9433478,1,1,1,0.9245431,0.7676641,0.7971765,1,0
1,0.9392392,1,1,1,1,0.7687417,0.7920915,1,0
1,0.9347555,1,0.9880242,1,1,0.7692483,0.7872595,1,0
1,0.9304489,1,0.9727591,1,1,0.7702383,0.7827863,1,0
1,0.9263268,1,0.9563651,1,1,0.7717364,0.7786806,1,0
1,0.9223849,1,0.940317,1,1,0.7737522,0.7749503,1,0
1,0.9186098,1,0.9246355,1,1,0.776273,0.7715927,1,0
1,0.9149833,1,0.9351343,0.9866573,1,0.7792838,1,1,0
1,0.9082869,1,0.9401585,0.972278,1,0.7773374,1,1,0
1,0.9016023,1,0.9459507,0.9579773,1,0.7755593,1,1,0
1,0.8949198,1,0.9524978,0.9437724,1,0.7739404,1,1,0
1,0.8882295,1,0.9597681,0.9296786,1,0.7724641,1,1,0
1,0.8815221,1,0.9677486,0.9157082,1,0.7711213,1,1,0
1,0.874787,1,0.9764164,0.9018708,1,0.7698994,1,1,0
1,0.8680149,1,0.9857473,0.8881747,0.9936793,0.7687856,1,0.7412449,0
1,0.865178,1,1,0.8698944,0.968865,0.7744816,1,0.733886,0
1,0.862743,1,1,0.8519139,0.9445499,1,0.8463339,0.7269335,0
1,0.8604271,1,1,0.8345404,0.9196416,1,0.7568347,0.7204903,0
1,0.8591321,1,1,0.8184391,0.8960561,1,0.6742489,0.7143511,0
1,0.8581002,1,1,0.8014703,0.8733942,1,0.6193355,0.708753,0
1,0.857339,1,1,0.7850494,0.8516003,1,0.6201135,0.7036885,0
1,0.8568576,1,1,0.8069195,0.8306236,1,0.6213894,0.6991509,0
1,0.8566659,0.9272192,1,0.8487252,0.8104172,1,0.6231745,0.6951323,0
1,0.8567752,0.8124218,1,0.8973736,0.7909375,1,0.6254817,0.6916257,0
1,0.8571976,0.7258675,1,0.9544429,0.7721442,0.9189141,0.6283287,1,0
1,0.8548128,0.7091033,1,1,0.7557973,0.8941902,0.6301266,1,0
1,0.8523223,0.701282,1,1,0.7413895,0.8705242,0.6321663,1,0
1,0.8500002,0.6935583,1,1,0.7258478,0.8475297,0.6345932,1,0
1,0.8478101,0.6859218,1,1,0.7106369,0.8252236,0.637394,1,0
1,0.8456961,0.6783559,1,1,0.6957694,0.801993,0.6405512,1,0
1,0.8436257,0.670848,1,1,0.7038465,0.7811112,0.6440564,1,0
1,0.841271,0.6633097,1,1,0.7284901,0.7611204,0.647736,0.7612081,0
1,0.8435561,0.6570157,1,1,0.7701129,0.7386847,1,0.5601329,0
1,1,0.6504521,1,1,0.8126718,0.7181154,1,0.5602325,0
1,1,0.644492,1,1,0.8683063,0.6973453,1,0.5609324,0
1,1,0.6387091,1,1,0.9339724,0.67737,1,0.5620947,0
1,1,0.6329225,1,1,1,0.6584045,1,0.5636362,0
1,1,0.6270145,1,1,1,0.6404629,1,0.5654842,0
1,1,0.6211257,0.9302189,1,1,0.6247019,1,0.5676912,0
1,1,0.6150941,0.8326105,1,1,0.608253,1,0.5701663,0
1,1,0.608801,0.7579103,1,1,0.5926029,1,0.5728204,0
1,1,0.6022179,0.6989737,1,1,0.5919881,1,0.5756115,0
1,1,0.5952492,0.6520652,1,1,0.6126398,0.7728282,0.578458,0
1,1,0.5900044,0.5962661,1,1,0.6439438,0.7423061,0.5826732,0
1,1,0.5844081,0.5514678,1,1,0.6766028,0.7143561,0.5870529,0
1,1,0.578413,0.5177141,1,1,0.7103483,0.6886361,0.5915326,0
1,1,0.5719966,0.5095648,1,1,0.7449702,0.6629968,1,1
1,1,0.559772,0.4989541,1,1,0.7443631,0.6503271,1,1
1,1,0.5476019,0.4883662,1,1,0.7438975,0.6375592,1,1
1,1,0.535485,0.4813589,1,1,0.7435842,0.6246949,1,1
1,1,0.523432,0.4801541,1,1,0.7435098,0.6117118,1,1
1,1,0.5114586,0.4786513,1,1,0.7438149,0.5985769,1,1
1,1,0.4995577,0.4768693,1,1,0.7444705,0.5853043,1,1
1,1,0.4877209,0.474816,0.9980687,1,0.7454586,0.5719063,1,1
1,1,0.4759394,0.472514,0.9879934,1,0.7467458,0.5584002,1,1
1,1,0.4641982,0.4700383,0.9779299,1,0.7482394,0.5448153,1,1
1,1,0.4524927,0.4674022,0.967877,1,0.7499253,0.5311586,1,1
1,0.6702809,0.4408192,0.4646183,0.9578338,1,0.7517897,0.5174381,1,2
1,0.6417807,0.4263383,0.4819874,0.9468226,1,0.7301456,0.5093847,1,2
1,0.6145526,0.4121714,0.5008851,0.9359763,1,0.7102036,0.5010358,1,2
1,0.5885475,0.3983129,0.5212941,0.925285,1,0.6918853,0.4923429,1,2
1,0.5637026,0.3847526,0.5431408,0.9147356,1,0.675118,0.4832639,1,2
1,0.5399464,0.3714767,0.5663581,0.904314,1,0.6597996,0.4737653,1,2
1,0.5172024,0.3584689,0.5908576,0.8940045,1,0.6458234,0.4638207,1,2
1,0.4953921,0.3457115,0.6164974,0.8837916,1,0.6330973,0.4534113,1,2
1,0.4744369,0.3331856,0.643141,0.8736596,1,0.6215155,0.4425263,1,2
1,0.4542604,0.3208721,0.6706123,0.8635942,1,0.6109839,0.4311619,1,2
1,0.4347897,0.3087527,0.6987122,0.8535822,1,0.6014137,0.4193211,1,2
1,0.4159547,0.2968091,1,0.8436115,1,0.5927218,0.4070129,1,2
1,0.3985615,0.2928065,1,0.8336498,1,0.5871653,0.3954248,1,1
1,0.381438,0.2958867,1,0.8236996,1,0.581871,0.3815306,1,1
1,0.3646488,0.2988479,1,0.8137558,1,0.5770612,0.3673207,1,1
1,0.3481589,0.3016791,1,0.8038148,1,0.5727024,0.3528157,1,1
1,0.3319358,0.3043641,1,0.7938737,1,0.5687696,0.3380377,1,1
1,0.315949,0.306904,0.7919472,0.7839303,1,0.5652257,0.3234279,1,1
1,0.299743,0.3102417,0.7814517,0.7740151,1,0.5606061,0.3221247,1,1
1,0.2836589,0.3137539,0.7709741,0.7641091,1,0.5559443,0.3207788,1,1
1,0.2677026,0.3174219,0.7605167,0.7542114,1,0.5512715,0.3193999,1,1
0.5663535,0.2518782,0.3212435,0.7500814,0.7443215,1,0.5466007,0.3179888,1,2
0.5001687,0.231879,0.3400596,0.7381461,0.7351538,1,0.5243396,0.3122571,1,2
0.4418203,0.2128372,0.3618312,0.7265956,0.7263013,1,0.5034447,0.3065608,1,2
0.3904908,0.1947711,0.3865856,0.7154442,1,1,0.4841519,0.3009955,1,2
0.3441999,0.1868502,0.4159127,0.7046338,1,1,0.4656083,0.2953748,1,2
0.3033999,0.1931781,0.4485673,0.6942019,1,1,0.4488474,0.2899984,1,2
0.2673443,0.1997595,0.4838195,0.6840939,1,1,0.4339755,0.2849362,1,2
0.235041,0.2065345,0.5214536,0.6742358,1,1,0.4207163,0.2801512,1,2
0.205711,0.2134396,1,0.6645633,1,1,0.4088328,0.2756125,1,2
0.1802755,0.219137,1,0.654921,1,1,0.4005089,0.2719657,1,2
0.1558884,0.2250212,1,0.6453352,1,1,0.3924535,0.2683285,1,2
0.1581593,0.2310722,1,0.6357974,1,1,0.3846638,0.2647057,1,2
0.1613044,0.2369585,0.639107,0.6262648,1,1,0.3776007,0.2612338,1,2
0.1647467,0.2437312,0.6280344,0.6168472,1,1,0.3696641,0.257461,1,2
0.1681734,0.2502814,0.6172481,1,1,1,0.3624944,0.25385,1,2
0.1716992,0.2570306,0.6065636,1,1,1,0.3554419,0.2502226,1,2
0.1752093,0.2635834,0.5960807,1,1,1,0.3489352,0.2467063,0.4608472,0
0.1761834,0.261175,0.5881901,1,1,1,0.3528102,0.2461816,0.2208219,0
0.176668,0.2575475,0.5807865,0.5676561,1,1,0.358788,0.2463619,0.2188006,0
0.1769907,0.2538956,0.5735254,0.5574466,1,1,0.3656076,0.2468884,0.2170767,0
0.1771577,0.2502195,0.5664027,0.5474527,1,1,0.3733475,0.2477726,0.2156486,0
0.1773273,0.2470311,0.5591404,0.5376514,1,1,1,0.2487514,0.2144616,1
0.1788533,0.248779,0.5492046,0.5277911,1,1,1,0.2472638,0.2129513,1
0.1803622,0.2505167,0.5392396,0.5179282,1,1,1,0.2457829,0.2114604,1
0.181857,0.2522482,0.5292462,0.5080625,1,1,1,0.2443059,0.2099859,1
0.1833376,0.2539728,0.519226,0.4981937,1,1,1,0.2428337,0.2085277,1
0.1848038,0.2556896,0.5091801,0.4883221,1,1,1,0.241367,0.2070858,1
0.1862554,0.2573979,0.4991099,0.4784474,1,1,1,0.2399065,0.2056604,1
0.1876954,0.2591017,0.4890164,0.4685697,1,1,1,0.2384495,0.2042484,1
0.1891238,0.2608001,0.4789007,0.4586888,1,1,1,0.2369966,0.2028498,1
0.1905435,0.2624969,0.4687642,0.448805,1,1,1,0.2355448,0.2014617,1
0.1919511,0.2641869,0.4586077,0.438918,1,1,1,0.2340987,0.2000871,1
0.1933496,0.2658738,0.4484325,0.4290282,1,1,1,0.232655,0.1987231,1
0.194739,0.2675571,0.4382395,0.4191355,1,1,1,0.2312146,0.1973698,1
0.1961189,0.2692359,0.4280298,0.4092401,1,1,1,0.229778,0.1960271,1
0.1974926,0.2709143,0.4178042,0.3993419,1,1,1,0.2283421,0.1946921,1
0.1988565,0.2725868,0.4075636,0.389441,1,1,1,0.2269111,0.193368,1
0.2002137,0.2742576,0.3973089,0.3795375,1,1,1,0.225482,0.1920516,1
0.2015642,0.275926,0.3870408,0.3696315,1,1,1,0.2240552,0.1907432,1
0.2029077,0.2775915,0.3767602,0.3597232,1,1,1,0.2226313,0.1894427,1
0.2042441,0.2792534,0.3664677,0.3498126,1,1,1,1,0.1881502,2
0.207725,1,0.3538405,0.3396796,1,1,1,1,0.1861529,2
0.2098639,1,0.3430749,0.3297666,1,1,1,1,0.1844922,2
0.2120297,1,0.332387,0.4757781,1,1,1,1,0.1828009,1
0.2142098,1,0.3217772,1,1,1,1,1,0.1810823,1
0.216387,1,0.3112455,1,1,1,1,1,0.1793428,1
0.2185915,1,0.3007589,1,1,1,1,1,0.1775759,1
0.2208192,1,0.2903141,1,1,1,1,1,0.1757843,1
0.2230663,1,0.2799081,1,1,1,1,1,0.1739704,1
0.2253325,1,0.2695381,1,1,1,1,1,0.1721338,1
0.2276141,1,0.2592013,1,1,1,1,1,0.1702771,1
1,0.3119936,0.2488951,1,1,1,1,1,0.4644958,1
1,0.2983626,0.2385254,1,1,1,1,1,0.4624829,1
1,0.2847875,0.2281762,1,1,0.9938857,1,1,0.4604351,1
1,0.2712982,0.2178551,1,1,0.9849018,1,1,0.4583539,1
1,0.2579083,0.2075655,1,1,0.9759169,1,1,0.4562411,1
1,0.2446194,0.1973076,1,1,0.9669248,1,1,0.4540971,1
1,0.2314324,0.1870816,1,1,0.9579202,1,1,0.4519222,1
1,0.2183472,0.1768872,1,1,0.9488974,1,1,0.4497195,1
1,0.205363,0.1679803,1,1,0.9398515,1,1,0.4474858,1
1,0.1924802,0.181103,1,1,0.930773,1,1,0.4452244,1
1,0.1797227,0.1946052,1,1,0.9215808,1,1,0.4429412,1
1,0.1670792,0.2084597,1,1,0.9122766,1,1,0.4406348,1
1,0.1545389,0.2226072,1,1,0.9028623,1,1,0.4383098,1
0.2400963,0.1420913,0.2370155,1,1,0.8933406,1,1,0.4359649,2
0.2115424,0.1280579,0.2777024,1,1,0.8910472,1,1,0.4332851,2
0.1852204,0.1145587,1,1,0.9586853,0.8891649,1,1,0.4305947,2
0.1608791,0.1027078,1,1,0.882578,0.8877045,1,1,0.4278904,2
0.1383039,0.1120449,1,1,0.8227493,0.8866777,1,1,0.4251713,2
0.1173101,0.1224734,1,1,0.8186178,0.8860985,1,1,0.4224339,2
0.09782367,0.1339579,1,1,0.8146619,0.8856384,1,1,0.4196537,2
0.08674849,0.1464574,1,1,0.8107306,0.8850624,1,1,0.416805,2
0.09280219,0.159908,1,1,0.8066845,0.8841604,1,1,0.4138581,2
0.09910158,0.174078,1,1,0.8022772,0.8825448,1,1,0.4107707,2
0.1056159,0.1888776,1,0.9314699,0.797457,0.8801559,1,1,0.407523,2
0.1122282,0.203854,1,0.8733436,0.791914,0.8765009,1,1,0.4040616,2
0.118882,1,1,0.8265145,0.7856283,0.8715682,1,1,0.4003856,0
0.1239205,1,1,0.8274104,0.7735073,0.8569725,1,1,0.4387262,0
0.1289758,1,1,0.8252167,0.7618381,0.8431346,1,1,0.5018711,1
0.1341979,1,1,0.81668,0.7509403,0.8305824,1,1,0.5617422,1
0.1396029,1,1,0.8024693,0.7406938,0.819114,1,1,1,2
0.1473496,1,1,0.739356,0.7365541,0.8177335,0.9962143,1,1,2
0.1552643,1,1,0.6874977,0.7318925,0.8154197,0.978857,1,1,2
0.1632238,1,1,0.6759797,0.7265065,0.8118575,0.9636844,1,1,2
1,1,1,0.6689793,0.7205501,0.8073147,0.9500672,1,1,0
1,1,1,0.6562071,0.7044153,0.7860457,0.9563342,1,1,0
1,1,1,0.6459912,0.6885592,0.7652577,1,1,1,0
1,1,1,0.6668669,0.6734093,0.7456509,1,1,1,0
1,1,1,0.690999,0.6585777,0.7265821,1,1,1,0
1,1,1,0.7188102,0.644069,0.7080556,1,1,1,0
1,1,1,0.7508469,0.629882,0.6900679,1,1,1,0
0.9975177,1,1,0.7877585,0.6160116,0.6726091,1,1,1,0
0.9911045,1,1,0.8299942,0.6024684,0.6556971,1,1,1,0
0.9852327,1,1,0.8777679,0.589266,0.6393567,1,1,1,0
0.979867,1,1,1,0.5763767,0.6235436,1,1,1,0
0.9752766,1,1,1,0.5638613,0.6083676,0.7368463,1,1,0
0.9660668,1,1,1,0.5501777,0.5911192,0.7101657,1,1,0
0.9571961,1,1,1,0.5368146,0.5743757,0.6846013,0.8784455,1,0
0.9484195,1,1,1,0.5335848,0.5580047,0.6598531,0.8161362,1,0
0.9400302,1,1,1,0.5692274,0.5421353,0.6361756,0.7870166,1,0
0.9320118,1,1,1,0.6127595,0.5267396,0.6134949,0.7929693,1,0
0.9243395,1,1,1,0.6667092,0.5117917,0.5917437,0.7996414,1,0
0.9170002,1,1,1,0.7347528,0.4972676,0.5708603,0.8070587,1,0
0.9099749,1,1,1,0.822584,0.4831446,0.5507885,0.8152575,1,0
0.9032499,1,1,1,1,0.4694016,0.5314766,1,1,0
0.899506,1,1,1,1,0.4570307,0.51521,1,1,0
0.8958845,1,1,1,1,0.4451721,0.4993462,1,1,0
0.8923911,1,1,1,1,0.4629988,0.4838718,1,1,0
0.8891341,1,1,1,1,0.4821685,0.4688584,1,1,0
0.8860891,1,1,1,1,0.5027584,0.4542646,1,1,0
0.8832358,1,1,1,1,0.5248367,0.4400526,1,1,0
0.8805559,1,1,1,1,0.5484725,0.4261878,1,1,0
0.8780298,1,1,1,1,0.573751,0.412639,0.5978664,1,0
0.8727664,1,1,1,1,0.6352879,0.3972413,0.5664879,0.8087734,0
0.8677284,1,1,1,1,0.7134351,0.382325,0.5369263,0.7160953,0
0.8629073,1,1,1,1,1,0.367863,0.5090242,0.7206618,0
0.8582988,1,1,1,1,1,0.35383,0.4826415,0.7258214,0
0.8538924,1,1,1,1,1,0.340203,0.4576539,0.7315937,0
0.8496846,1,1,1,1,1,0.3596624,0.4339501,0.7379938,0
0.8456688,1,1,1,1,1,0.3852854,0.4114304,1,0
0.8420871,1,1,1,1,1,0.4124097,0.3907389,1,0
0.8387114,1,1,1,1,1,0.4426762,0.3711627,1,0
0.8562778,1,1,1,1,1,0.4763986,0.3525874,1,0
0.9206315,1,1,1,1,1,0.5156852,0.334672,1,0
1,1,1,1,1,1,0.5663647,0.3169109,0.555147,0
1,1,1,1,1,1,1,0.2995454,0.5119966,0
1,1,1,1,1,1,1,0.2829135,0.4724655,0
1,1,1,1,1,1,1,0.2669674,0.4361224,0
1,0.8926158,1,1,1,1,1,0.2557762,0.4026024,0
1,0.8814343,1,1,1,1,1,0.2697742,0.3715942,0
1,0.8706151,1,1,1,1,1,0.285231,0.342831,0
1,0.8601384,1,1,1,1,1,0.3023194,0.3160829,0
1,0.8499888,1,1,1,1,1,0.3212349,0.2911503,0
1,0.8401484,1,1,1,1,1,0.3422137,0.2678592,0
1,0.8306041,1,1,1,1,1,0.3655289,0.2460575,0
1,0.8213431,1,1,1,1,1,0.391506,0.2256117,0
1,0.8123504,1,1,1,1,1,0.420543,0.2268636,0
1,0.8036119,1,1,1,1,1,0.4531225,0.2372746,0
1,0.7951204,1,1,1,1,1,0.4898179,0.2484462,0
1,0.78686,1,1,1,1,1,1,0.260441,0
1,0.7798862,1,1,1,1,1,1,0.2710977,0
1,0.7730845,1,1,1,1,1,1,0.28198,0
1,0.7664277,1,1,1,1,1,1,0.2930554,0
1,0.7598902,1,1,1,1,1,1,0.3042943,0
1,0.7534527,1,1,1,1,1,1,0.3156612,0
1,0.7470965,1,1,1,1,1,1,0.3271237,0
1,0.7408088,1,1,1,1,1,1,0.3386441,0
1,0.7345768,1,1,1,1,1,1,0.350189,0
1,0.7283897,1,1,1,1,1,1,0.3617243,0
1,0.7222391,1,1,1,1,1,1,0.3732162,0
1,0.7161155,1,1,1,1,1,1,0.3846362,0
1,0.7100174,1,1,1,1,1,1,0.3959469,1
1,0.7039418,1,1,1,1,1,1,0.4071163,1
1,0.6978841,1,1,1,1,1,1,0.418119,1
1,0.6918439,1,1,1,1,1,1,0.4289261,1
1,0.685819,1,1,1,1,1,1,1,2
1,0.6806421,1,1,1,1,1,1,1,2
1,0.6756951,1,1,1,1,1,1,1,2
0.705579,0.6709801,1,1,1,1,1,1,1,2
0.6950041,0.6671588,1,1,1,1,1,1,1,2
0.6850609,1,1,1,1,1,1,1,1,2
0.6772186,1,1,1,1,1,1,1,1,2
0.6695915,1,1,1,1,1,1,1,1,2
0.6621903,1,1,1,1,1,1,1,1,2
0.6550248,1,1,1,1,1,1,1,1,2
0.6481079,1,1,1,1,1,1,1,1,2
0.6414487,1,1,1,1,1,1,1,1,2
0.6350561,1,1,1,1,1,1,1,1,2
0.6289387,1,1,1,1,1,1,1,1,2
0.6231045,1,1,1,1,1,1,1,1,2
0.617564,1,1,1,1,1,1,1,1,2
0.6123248,1,1,1,1,1,1,1,1,2
0.6073936,1,1,1,1,1,1,1,1,2
0.6027771,1,1,1,1,1,1,1,1,2
0.5984813,1,1,1,1,1,1,1,1,2
0.6227389,1,1,1,1,1,1,1,1,2
1,1,1,1,1,1,1,1,1,1
1,1,1,1,1,1,1,1,1,1
1,1,1,1,1,1,1,1,1,1
1,1,1,1,1,1,1,1,1,1
1,1,1,1,1,1,1,1,1,1
1,1,1,1,1,1,1,1,1,1
1,1,1,1,1,1,1,1,1,1
1,1,1,1,1,1,1,1,1,1
1,1,1,1,1,1,1,1,1,1
1,1,1,1,1,1,1,1,1,1
1,1,1,1,1,1,1,1,1,1
1,1,1,1,1,1,1,1,1,1
1,1,1,1,1,1,1,1,1,1
1,1,1,1,1,1,1,1,1,1
1,1,1,1,1,1,1,1,1,1
1,1,1,1,1,1,1,1,1,1
1,1,1,1,1,1,1,1,1,1
1,1,1,1,1,1,1,1,1,1
1,1,1,1,1,1,1,1,1,1
1,1,1,1,1,1,1,1,1,1
1,1,1,0.9937061,1,1,1,1,1,1
1,1,1,0.9835441,1,1,1,1,1,1
1,1,1,0.9733695,1,1,1,1,1,1
1,1,1,0.9631828,1,1,1,1,1,1
1,1,1,0.9529846,1,1,1,1,1,1
1,1,1,0.9427752,1,1,1,1,1,1
1,1,1,0.9325552,1,1,1,1,1,1
1,1,1,0.9223253,1,1,1,1,1,1
1,1,0.9903893,0.9120857,1,1,1,1,1,1
1,1,0.9790056,0.9018108,1,1,1,1,1,1
1,1,0.9675103,0.8914978,1,1,1,1,1,1
1,1,0.955909,0.8811491,1,1,1,1,1,1
1,1,0.9442078,0.8707673,1,1,1,1,1,1
1,1,0.9324138,0.8603556,1,1,1,1,1,1
1,1,0.9205338,0.8499166,1,1,1,1,1,1
1,1,0.9085755,0.839454,1,1,1,1,1,1
1,1,0.8965472,0.8289711,1,1,1,1,1,1
1,1,0.8844568,0.8184714,1,1,1,1,1,1
1,1,0.872313,0.807959,1,1,1,1,1,1
1,1,0.8601245,0.7974375,1,1,1,1,1,1
1,1,0.8479002,0.7869108,1,1,1,1,1,1
1,1,0.8356487,0.79961,1,1,1,1,1,1
1,1,0.8234261,0.8247378,1,1,1,1,1,1
1,1,0.8112583,0.8516138,1,1,1,1,1,1
1,1,0.7991466,0.8803511,1,1,1,1,1,1
1,1,0.7870921,0.9110489,1,1,1,1,1,1
1,1,0.7750957,0.9438645,1,1,1,1,0.9794995,1
1,1,0.7634135,0.9719959,1,1,1,1,0.9446855,1
1,1,0.7521912,0.9896655,1,1,1,1,0.9026721,1
1,1,0.7414719,0.9936898,1,1,1,1,0.8768678,1
1,1,0.7310172,0.9900084,1,1,1,1,0.8764814,1
1,1,0.720503,0.9877626,1,1,1,0.9515103,0.8760725,1
1,1,0.7103979,0.9736369,1,1,1,0.932014,0.8759558,1
1,1,0.7003887,0.9567771,1,1,1,0.9121611,0.8759462,1
1,1,0.6904683,0.9376255,1,1,1,0.8920112,0.8760458,1
1,1,0.6806281,0.9166312,1,1,1,0.8716237,0.8762575,1
1,1,0.6708595,0.894231,1,1,1,0.8510569,0.8765832,1
1,1,0.6611542,0.8708135,1,1,1,0.8303697,0.8770277,0
1,1,0.6515037,0.8467752,1,1,1,0.81936,1,1
1,1,0.6404325,0.8532814,1,1,1,0.8184894,1,1
1,1,0.6293426,0.8605064,1,1,1,0.817546,1,1
1,1,0.618238,0.8684225,1,1,1,0.8165361,1,1
1,1,0.6071222,0.8770056,1,1,1,0.815466,1,1
1,1,0.5959986,1,1,1,1,0.8143369,1,1
1,1,0.5850323,1,1,1,1,0.8135828,1,1
1,1,0.5740358,1,1,1,1,0.8127303,1,1
1,1,0.5630124,1,1,1,1,0.8117801,1,1
1,1,0.5519661,1,1,1,1,0.810737,1,1
1,1,0.5409002,1,1,1,1,0.8096056,1,1
1,1,0.5298182,1,1,1,1,0.8083907,1,1
1,1,0.5187236,1,1,1,1,0.8070893,1,1
1,1,0.5076192,1,1,1,1,0.80571,1,1
1,1,0.4965082,1,1,1,1,1,1,2
1,1,0.4841113,1,1,1,1,1,1,2
1,1,0.471824,1,1,1,1,1,1,2
1,1,0.4596465,1,1,1,1,1,1,2
1,0.598667,0.4475788,1,1,1,1,1,1,2
1,0.5727919,0.4337558,1,1,1,1,0.769886,1,2
1,0.5521709,0.4213963,1,1,1,1,0.7621068,1,2
1,0.5321476,0.4269717,1,1,1,1,0.7544353,1,2
1,0.5128237,0.4481046,1,1,1,1,0.7469972,1,2
1,0.4942401,0.4706357,1,1,0.9912321,1,0.7398747,1,2
1,0.4763833,0.4943747,1,1,0.9546164,0.996753,0.7331031,1,2
1,0.4593655,0.5184219,1,1,0.9228776,0.991563,0.7268522,1,2
1,0.4430855,0.5425197,1,1,0.8952581,0.9856947,0.7210797,1,2
1,0.4274436,0.5664903,1,1,0.8710664,0.9791635,0.7157272,1,2
1,0.4123544,0.5901424,1,1,0.8497642,0.9719903,0.7107481,1,2
1,0.3977436,0.613276,1,1,0.8341149,0.9642007,0.7061067,1,2
1,0.3835318,1,1,1,0.825354,0.9558595,1,1,2
1,0.3675241,1,1,1,0.8188766,0.9524215,1,1,2
1,0.3519391,1,1,1,0.8124413,0.9490004,1,1,2
1,0.3367611,1,1,1,0.806033,0.9455687,1,1,2
0.5337694,0.3219738,1,1,1,0.7996365,0.9420993,1,1,2
0.4957621,0.3055952,1,1,1,0.7967888,0.9460952,0.6649902,1,2
0.4638208,0.2938465,1,1,1,0.7926112,0.9471658,0.656965,1,2
0.4336469,0.3072009,1,1,0.9384236,0.7887323,1,0.6490044,1,2
0.4051169,0.3218088,1,1,0.8800266,0.7851695,1,0.6411055,1,2
0.3790079,0.3368557,1,1,0.8304149,0.7812188,1,0.6336725,1,2
0.3549405,0.35224,1,1,0.7877948,0.7768306,1,0.6266495,1,2
0.3325961,0.3678629,1,1,0.7508038,0.7719682,1,0.6199833,1,2
0.3117067,0.3836244,1,1,0.7183964,0.7666074,1,0.6136274,1,2
0.2920477,0.3994313,1,1,0.695195,0.7607351,1,0.6075382,1,2
0.273399,0.4152493,1,1,0.6879374,0.7543896,1,0.6016687,1,2
0.2555417,0.4311936,1,1,0.6804851,0.7476797,1,0.595946,1,2
0.2537434,0.4471689,1,1,0.6728277,0.7405942,1,0.5903618,1,2
0.2603653,0.462607,1,1,0.6648061,0.7328747,1,0.5849898,1,2
0.2668098,0.4771326,1,0.9686806,0.6563497,0.7244111,1,0.579851,1,1
0.2729722,1,1,0.9393119,0.6473831,0.715086,1,1,1,2
0.2808027,1,1,0.8886915,0.6403626,0.7089676,1,1,1,2
0.2885151,1,1,0.8460252,0.632915,0.7021078,1,1,1,2
0.2960758,1,1,0.8096649,0.6250488,0.6945295,1,1,1,2
0.3034505,1,1,0.7784122,0.6167777,0.6862621,1,1,1,2
0.3106159,1,1,0.7513492,0.6081204,0.6773425,1,1,1,1
0.3175484,1,1,0.7277853,0.5990998,0.6678128,1,1,1,1
0.3242319,1,1,0.7071763,0.5897411,0.6577185,1,1,1,1
0.3306579,1,1,0.689083,0.580072,0.6471088,1,1,1,1
0.336813,1,1,0.6731759,0.5701214,0.6360341,1,1,1,1
0.3426952,1,1,0.6591714,0.559919,0.6245459,1,1,1,1
0.3483052,1,1,0.6468375,0.5494951,0.6126961,1,1,1,1
0.3536421,1,1,0.6359943,0.5388786,0.6005343,1,1,1,1
0.3587156,1,1,0.6264738,0.5280983,0.5881094,1,1,1,1
0.3635324,1,1,0.6181443,0.517182,0.5754681,1,1,0.5017044,0
0.3625929,1,1,0.6494941,0.5019785,0.5557776,1,1,0.4953872,0
0.361595,1,1,0.6871982,0.4871942,0.5367953,0.6781684,1,0.4895284,0
0.3605432,1,1,0.7330335,0.4728044,0.5184748,0.648653,1,0.4841164,0
0.3594411,1,1,0.7895156,0.4587862,0.5007735,0.6206324,1,0.4791406,0
0.3582886,1,1,1,0.4451177,0.4836519,0.5939845,1,0.4745945,0
0.3570851,1,1,1,0.4616493,0.467074,0.5686004,1,0.4704731,0
0.3558332,1,1,1,0.4813539,0.4510067,0.5443825,1,1,0
0.357611,1,1,1,0.4833197,0.4383926,0.5275029,1,1,0
0.3592516,1,1,1,0.486023,0.4258354,0.5107671,1,1,0
0.3607694,1,1,1,0.4894522,0.413348,0.4942023,1,1,0
0.3621776,1,1,1,0.4935997,0.4009419,0.4778308,1,1,0
0.3634881,1,1,1,0.4984615,0.3886247,0.4616682,1,1,0
0.3647078,1,1,1,0.50405,0.3764026,0.4457265,1,1,0
1,1,1,1,0.5103698,0.3642797,0.430013,1,1,0
1,1,1,1,0.5449425,0.3502885,0.4103482,1,1,0
1,1,1,1,0.5873762,0.3366514,0.3914455,1,1,0
1,1,1,1,0.6402205,0.3416857,0.3732523,1,1,0
1,1,1,1,1,0.3563873,0.3557204,1,1,0
1,1,1,1,1,0.3737144,0.3388061,0.5421325,1,0
1,1,1,1,1,0.3942009,0.3224689,0.505793,1,0
1,1,1,1,1,0.4185387,0.3066719,0.4719332,1,0
1,1,1,1,1,0.4476415,0.2913805,0.440297,1,0
1,1,1,1,1,0.4827527,0.2765629,0.4106619,1,0
1,1,1,1,1,0.5255609,0.26219,0.3828348,1,0
1,1,1,1,1,0.578494,0.2578698,0.3566458,1,0
1,1,1,1,1,1,0.2691546,0.3319463,1,0
1,1,1,1,1,1,0.2821284,0.3086043,1,0
1,1,1,1,1,1,0.297052,0.2865035,1,0
1,1,1,1,1,1,0.314236,0.2655399,1,0
1,1,1,1,1,1,0.3340826,0.2456212,1,0
1,1,1,1,1,1,0.3570758,0.2266643,0.4583153,0
1,1,1,1,1,1,0.383839,0.208595,0.4078339,0
1,1,1,1,1,1,0.4151739,0.1913459,0.362582,0
1,1,1,1,1,1,0.452129,0.1872551,0.3217866,0
1,1,1,1,1,1,1,0.1948606,0.2848193,0
1,1,1,1,1,1,1,0.2032814,0.2511666,0
1,1,1,1,1,1,1,0.2125928,0.2204008,0
1,1,1,1,1,1,1,0.2228806,0.1921664,0
1,1,1,1,1,1,1,0.2342375,0.1661625,0
1,1,1,1,1,1,1,0.2467757,0.1596283,0
1,1,1,1,1,1,1,0.2606241,0.1653681,0
1,1,1,1,1,1,1,0.2759262,0.1715773,0
1,1,1,1,1,1,1,0.2928553,0.178283,0
1,1,1,1,1,1,1,0.3116076,0.1855114,0
1,1,1,1,1,1,1,0.332414,0.1932912,0
1,1,1,1,1,1,1,0.3555623,0.2016623,0
1,1,1,1,1,1,1,0.3813736,0.2106564,0
1,1,1,1,1,1,1,1,0.220317,0
1,1,1,1,1,1,1,1,0.2306882,0
1,1,1,1,1,1,1,1,0.2418231,0
1,1,1,1,1,1,1,1,0.2537765,0
1,1,1,1,1,1,1,1,0.2666094,0
1,1,1,1,1,1,1,1,0.2803946,0
1,1,1,1,1,1,1,1,0.2950527,0
1,1,1,1,1,1,1,1,0.3104635,0
1,1,1,1,1,1,1,1,0.3266256,0
1,1,1,1,1,1,1,1,0.3435243,0
1,1,1,1,1,1,1,1,1,1
1,1,1,1,1,1,1,1,1,1
1,1,1,1,1,1,1,1,1,1
1,1,1,1,1,1,1,1,1,1
1,1,1,1,1,1,1,1,1,1
1,1,1,1,1,1,1,1,1,1
1,1,1,1,1,1,1,1,1,1
1,1,1,1,1,1,1,1,1,1
1,1,1,1,1,1,1,1,1,1
1,1,1,1,1,1,1,1,1,1
1,1,1,1,1,1,1,1,1,1
1,1,1,1,1,1,1,1,1,1
1,1,1,1,1,1,1,1,1,1
1,1,1,1,1,1,1,1,1,1
1,1,1,1,1,1,1,1,1,1
1,1,1,0.9980534,1,1,1,1,1,1
1,1,1,0.9862432,1,1,1,1,1,1
1,1,1,0.9740424,1,1,1,1,1,1
1,1,1,0.9614508,0.9933032,1,1,1,1,1
1,1,1,0.948294,0.985072,1,1,1,1,1
1,1,1,0.9345391,0.9776255,1,1,1,1,1
1,1,1,0.9202203,0.9709589,1,1,1,1,1
1,1,1,0.9053761,0.9650649,1,1,1,1,1
1,1,1,0.8900485,0.9599431,1,1,1,1,2
1,1,1,0.8742833,0.9555899,1,1,1,1,2
1,1,1,0.8581281,0.9520079,1,1,1,1,2
1,1,1,0.8416333,0.9492022,1,1,1,1,2
1,1,1,0.8248502,0.9471733,1,1,1,1,2
1,1,1,0.8078305,0.9459227,1,1,1,1,2
1,1,1,0.7906257,0.9454581,1,1,1,1,2
1,1,1,0.773286,0.9457837,1,1,1,1,2
1,1,1,0.7614828,0.9469091,1,1,1,1,2
1,1,1,0.7600181,0.948599,1,1,1,1,2
1,1,0.9950014,0.7586198,0.9504148,1,1,1,1,2
1,1,0.9664953,0.7574353,0.9526232,1,1,1,1,2
1,1,0.9373673,0.7571642,0.956498,1,1,1,1,2
1,1,0.9078585,0.7578134,0.9620765,1,1,1,1,2
1,1,0.878198,0.7593834,0.9693912,1,1,1,1,2
1,1,0.8485961,0.7618727,0.9784757,1,1,1,1,2
1,1,0.8192407,0.7652819,0.9893705,1,1,1,1,2
1,1,0.7902939,0.7695992,1,1,1,1,1,2
1,1,0.7618471,0.7748571,1,1,1,1,1,2
1,1,0.7337843,0.7812992,1,1,1,1,1,2
1,1,0.7062198,0.788967,1,1,1,1,1,2
1,1,0.6792485,0.7978981,1,1,1,1,1,2
1,1,0.6529461,0.8081424,1,1,1,1,1,2
1,1,0.6273683,0.8197412,1,1,1,1,1,2
1,1,0.6088982,0.8327319,1,1,1,1,1,2
1,1,0.6127985,0.8468973,1,1,1,1,1,2
1,1,0.6167504,0.8612906,1,0.9928848,1,1,1,2
1,1,0.6207725,0.8759661,1,0.9806412,1,1,1,2
1,1,0.6248647,0.8909389,1,0.9687142,1,1,1,2
1,0.980808,0.629004,0.9061617,0.998463,0.9570721,1,1,1,2
1,0.922696,0.6336984,0.9229358,0.9839938,0.9455813,1,1,1,2
1,0.8646959,0.640164,1,0.9692481,0.9442648,1,1,1,2
1,0.8099426,0.6476122,1,0.954688,1,1,1,1,2
1,0.7565539,0.6569698,1,0.9400636,1,1,1,1,2
1,0.7047602,0.6685871,0.9826603,0.9254333,1,1,1,1,2
1,0.6547866,0.6828808,0.9632796,0.9108692,1,1,1,1,2
1,0.6088077,0.6986811,0.9445782,0.8967794,1,1,1,1,2
1,0.5664253,0.7160755,0.9265519,0.8831608,1,1,1,1,2
1,0.5272192,0.7352178,0.9091691,0.8699958,1,1,1,1,2
1,0.4908325,0.7562957,0.8924006,0.8572685,1,1,1,1,2
1,0.4902976,0.7795205,0.8762187,0.8449631,1,1,1,1,2
1,0.4960704,0.8051366,0.860598,0.9880053,1,1,1,1,2
1,0.5024918,0.9396397,0.8455149,1,1,1,1,1,2
1,0.5091286,0.9181708,0.8311764,1,1,1,1,1,2
1,0.5163893,0.8975309,0.8172972,1,1,1,1,1,2
0.8269094,0.5242604,0.8777121,0.8038706,1,1,1,1,1,2
0.7252191,0.5335014,0.8580363,0.7906564,1,1,1,1,1,2
0.6383421,0.5435914,0.8391131,0.7778858,1,1,1,1,1,2
0.5632595,0.5545909,0.8209051,0.7655432,1,1,1,1,1,2
0.4977182,0.5665593,0.8033778,0.8849188,1,1,1,1,1,2
0.4400066,0.5795711,0.7864994,1,1,1,1,1,1,2
0.4404814,0.5937005,0.7702399,1,1,1,1,1,1,2
0.4456006,0.6090355,0.7545714,1,1,1,1,1,1,2
0.4512329,0.6256742,0.7394686,1,1,1,1,1,1,2
0.4573981,0.6437277,0.7249075,1,1,1,1,1,1,2
0.4641142,0.6633155,0.7108661,1,1,0.9987151,1,1,1,2
0.4714052,0.6845785,0.6973237,1,1,0.996496,1,1,1,2
0.4792967,0.8344922,0.684261,1,0.9382947,1,1,1,1,2
0.4878176,0.8100532,0.6716602,1,0.9332271,1,1,1,1,2
0.4969953,0.7867467,0.7099698,1,0.9285728,1,1,1,1,2
0.5068641,0.7645038,0.8375549,1,0.9243346,1,1,1,1,2
0.5174577,0.7432628,1,1,0.9205167,1,1,1,1,2
0.5288172,0.7229654,1,1,0.9171241,1,1,1,1,2
0.5409874,0.7035595,1,1,0.9141628,1,1,1,1,2
0.5537974,0.6851794,1,0.9549403,0.9114548,1,1,1,1,2
0.5670184,0.6679102,1,0.8587144,0.9087738,1,1,1,1,2
0.5803211,0.6518185,1,0.8529646,1,1,1,1,1,2
0.5948023,0.6360667,1,0.84769,1,1,1,1,1,2
0.6097376,0.6211094,1,0.842541,1,1,1,1,1,2
0.6250724,0.6068771,1,0.8374734,1,1,1,1,1,2
0.6407573,0.5933041,1,0.8324453,1,1,1,1,1,2
1,0.5803294,1,0.8274175,1,1,1,1,1,1
0.7657794,0.5700685,1,0.819311,1,1,1,1,1,2
0.744835,0.5584399,1,0.8132632,1,1,1,1,1,2
0.724259,0.5469624,1,0.8074378,1,1,1,1,1,2
0.7041028,0.5531451,1,0.8018289,1,1,1,1,1,2
0.6845617,0.589381,1,0.7963528,1,1,1,1,1,2
0.6658711,0.627886,1,0.7908689,1,1,1,1,1,2
0.6479822,0.6686844,1,0.7853563,1,1,1,1,1,2
0.630846,0.7117907,0.8316264,1,1,1,1,1,1,2
0.6130369,0.7643489,0.7322765,1,1,1,1,1,1,2
0.5963734,0.8187803,0.7090338,1,1,1,1,1,1,2
0.5805146,0.9864427,0.7021347,1,1,1,1,1,1,2
0.5658591,1,0.6951068,1,1,1,1,1,1,2
0.5515501,1,0.6881588,1,1,1,1,1,1,2
0.5375254,1,0.6813071,1,1,1,1,1,1,2
0.52379,1,0.6745491,1,1,1,1,1,1,2
0.5103467,1,0.6678818,1,1,1,1,1,1,2
0.4971964,1,0.6613015,1,1,1,1,1,1,2
0.4843383,1,0.6548043,1,1,1,1,1,1,2
0.4717708,1,0.6483861,1,1,1,1,1,1,2
0.481039,1,0.6420422,1,1,1,1,1,1,2
0.4985655,1,0.6356722,1,1,1,1,1,1,2
0.5160874,1,0.6292314,1,1,1,1,1,1,2
0.5335506,1,0.6227119,1,1,1,1,1,1,2
0.5509074,1,0.6161078,1,1,1,1,1,1,2
0.5681006,1,0.6094142,1,1,1,1,1,1,2
0.585086,1,0.6026281,1,1,1,1,1,1,2
0.6018224,1,1,1,1,1,1,1,1,2
0.6234896,1,1,1,1,1,1,1,1,2
0.6453153,1,1,1,1,1,1,1,1,2
0.6672418,1,1,1,1,1,1,1,1,2
0.6892168,1,1,1,1,1,1,1,1,2
0.7111809,1,1,1,1,1,1,1,1,2
0.7330806,1,1,1,1,1,1,1,1,2
0.7548634,0.5189756,1,1,1,1,1,1,1,2
0.8354797,0.5117644,1,1,1,1,1,1,1,2
0.8577738,0.5046746,1,1,1,1,1,1,1,2
0.8796408,0.4976479,1,1,1,1,1,1,1,1
0.9010313,0.4906751,1,1,1,1,1,1,1,1
0.9219071,0.4837481,1,1,1,1,1,1,1,1
0.9422356,0.4768598,1,1,1,1,1,1,1,1
0.96199,0.4700036,1,1,1,1,1,1,1,1
0.9811481,0.4631739,1,1,1,1,1,1,1,1
0.9996993,0.456366,1,1,1,1,1,1,1,1
1,0.449575,1,1,1,1,1,1,1,1
1,0.4427933,1,1,1,1,1,1,1,1
1,0.43602,1,1,1,1,1,1,1,1
1,0.4292556,1,1,1,1,1,1,1,1
1,0.4224996,1,1,1,1,1,1,1,1
1,0.4157521,1,1,1,1,1,1,1,1
1,0.4090129,1,1,1,1,1,1,1,1
1,0.4022817,1,1,1,1,1,1,1,1
1,0.3955588,1,1,1,1,1,1,1,1
1,0.3888438,1,1,1,1,1,1,1,1
1,0.426276,1,1,1,1,1,1,1,1
0.4209238,1,1,1,1,1,1,1,1,2
0.4112438,1,1,1,1,1,1,1,1,2
0.4018212,1,1,1,1,1,1,1,1,2
0.3926495,1,1,1,1,1,1,1,1,2
0.3837219,1,1,1,1,1,1,1,1,2
0.3750321,1,1,1,1,1,1,1,1,2
0.366573,1,1,1,1,1,1,1,1,2
0.3583376,1,1,1,1,1,1,1,1,2
0.3503191,1,1,1,1,1,1,1,1,2
0.3425103,1,1,1,1,1,1,1,1,2
0.3349045,1,1,1,1,1,1,1,1,2
0.3274942,1,1,1,1,1,1,1,1,2
0.345715,1,1,1,1,1,1,1,1,2
0.3800085,1,1,1,1,1,1,1,1,2
0.4154758,1,1,1,1,1,1,1,1,2
0.4520032,1,1,1,1,1,1,1,1,2
1,1,1,1,1,1,1,1,1,1
1,1,1,1,1,1,1,1,1,1
1,1,1,1,1,1,1,1,1,1
1,1,1,1,1,1,1,1,1,1
1,1,1,1,1,1,1,1,1,1
1,1,1,1,1,1,1,1,1,1
1,1,1,1,1,1,1,1,1,1
1,1,1,1,1,1,1,1,1,1
1,1,1,1,1,1,1,1,1,1
1,1,1,1,1,1,1,1,1,1
1,1,1,1,1,1,1,1,1,1
1,1,1,1,1,1,1,1,1,1
1,1,1,1,1,1,1,1,1,1
1,1,1,1,1,1,1,1,1,1
1,1,1,1,1,1,1,1,1,1
1,1,1,1,1,1,1,1,1,1
1,1,1,1,1,1,1,1,1,1
1,1,1,1,1,1,1,1,1,1
1,1,1,1,1,1,1,1,1,1
1,1,1,1,1,1,1,1,1,1
1,1,1,1,1,1,1,1,1,1
1,1,1,1,1,1,1,1,1,1
1,1,1,1,1,1,1,1,1,1
1,1,1,1,1,1,1,1,1,1
1,1,1,1,1,1,1,1,1,1
1,1,1,1,1,1,1,1,1,1
1,1,1,1,1,1,1,1,1,1
1,1,1,1,1,1,1,1,1,1
1,1,1,1,1,1,1,1,1,1
1,1,1,1,1,1,1,1,1,1
1,1,1,1,1,1,1,0.9994767,1,1
1,1,1,1,1,1,1,0.9906819,1,1
1,1,1,1,1,1,1,0.9817806,1,1
1,1,1,1,1,1,1,0.9727814,1,1
1,1,1,1,1,1,1,0.9636868,1,1
1,1,1,1,1,1,1,0.9544997,1,1
1,1,1,1,1,1,1,0.945227,1,1
1,1,1,1,1,1,1,0.9358756,1,1
1,1,1,1,1,1,1,0.9264532,1,1
1,1,1,1,1,1,1,0.9169647,1,1
1,1,1,1,1,1,1,0.9074185,1,1
1,1,1,1,1,1,1,0.8978235,1,1
1,1,1,1,1,1,1,0.888189,1,0
1,1,1,1,1,1,1,0.8785213,1,0
1,1,1,1,1,1,1,0.8688306,1,0
1,1,1,1,1,1,1,0.8591269,1,0
1,1,1,1,1,1,1,0.849421,1,0
1,1,1,1,1,1,1,0.8397236,1,0
1,1,1,1,1,1,1,0.8624706,1,0
1,1,1,1,1,0.998305,1,0.9079361,1,1
1,1,1,1,1,0.9912382,1,0.9485329,1,1
1,1,1,1,1,0.983481,1,0.9846855,1,1
1,1,1,1,1,0.9751341,1,1,0.9833331,1
1,1,1,1,1,0.9669045,1,1,0.9720594,1
1,1,1,1,1,0.9590117,1,1,0.9603213,1
1,1,1,1,1,0.951461,1,1,0.9481492,1
1,1,1,1,1,0.9442558,1,1,0.9355724,0
1,1,1,1,1,0.9374016,1,1,0.922623,0
1,1,1,1,1,0.9309084,1,1,0.9093388,0
1,1,1,1,1,0.9247844,1,1,0.8957564,0
1,1,1,1,1,0.9190428,1,1,0.8819178,0
1,1,1,1,1,0.9136945,1,1,0.8678625,0
1,1,1,1,0.9994996,0.9087553,1,1,0.853635,0
1,1,1,1,0.9964549,0.8837965,1,1,0.8392709,0
1,1,1,1,0.9947996,0.8776965,1,1,0.8243502,0
1,1,1,1,0.9940019,0.874499,1,1,0.8093588,0
1,1,1,1,0.9940056,0.8718148,1,1,0.7944105,0
1,1,1,1,0.9948252,0.8696515,0.9999944,1,0.7795607,0
1,1,1,1,0.9964811,0.8680207,0.9398829,1,0.7648643,0
1,1,1,1,1,0.8683537,0.876468,1,0.7493135,0
1,1,1,1,1,0.8708792,0.8116821,1,0.7331244,0
1,1,1,1,1,0.8755493,0.7782743,1,0.7365394,0
1,1,1,1,1,0.8809484,0.7775701,1,0.7821132,0
1,1,1,1,1,0.8869087,0.7772664,1,0.8317048,0
1,1,1,1,1,0.8920752,0.7766933,1,0.8823288,0
1,1,1,1,1,0.8962289,0.7757181,1,0.9332421,0
1,1,1,1,1,0.8991984,0.7742378,1,0.9836599,0
1,1,1,1,1,0.9008711,0.7499567,1,1,0
1,1,1,1,1,0.902967,0.7480148,1,1,0
1,1,1,1,1,0.9053156,0.7462417,1,1,0
1,1,1,1,1,0.9079044,0.7446276,1,1,0
1,1,1,1,1,0.9107258,0.743166,1,1,0
1,1,1,1,1,0.9137713,0.7418503,1,1,0
1,1,1,1,1,0.917037,0.7406778,1,1,0
1,1,1,1,1,1,0.7396384,1,1,0
1,1,1,1,1,1,0.7376264,1,1,0
1,1,1,0.9854301,1,1,0.7357568,1,1,0
1,1,1,0.9725698,1,1,0.7341392,0.948661,1,0
1,1,1,0.9589888,1,1,0.733848,0.8281082,1,0
1,1,1,0.9438363,1,1,0.7364815,0.7030479,1,0
1,1,1,0.9277688,1,1,0.7418266,0.6283719,1,0
1,1,1,0.9122262,1,1,0.7479063,0.6265203,1,0
1,1,1,0.8971842,0.9809507,1,0.7547596,0.625119,1,0
1,1,1,0.8826205,0.9612249,1,0.7624334,0.6241748,1,0
1,1,1,0.8685142,0.942202,1,0.7709799,0.6236956,1,0
1,1,1,0.8548458,0.9238455,1,0.7804532,0.619347,1,0
1,1,1,0.8677018,0.8856188,0.9878058,0.7909177,0.6032971,1,0
1,1,1,0.9504757,0.8686587,0.964773,1,0.6041068,1,0
1,1,1,1,0.8529609,0.943874,1,0.6048293,1,0
1,1,1,1,0.8376877,0.9236466,1,0.6059682,1,0
1,1,1,1,0.8227539,0.9039347,1,0.6076065,1,0
1,1,1,1,0.8081816,0.8847726,1,0.6097443,1,0
1,1,1,1,0.7939848,0.8661832,1,0.6123784,0.9043003,0
1,1,1,1,0.7798375,0.847528,1,0.6160556,0.5710022,0
1,1,1,1,0.7661239,0.8295267,1,0.6203148,0.5693303,0
1,1,1,1,0.7568067,0.7916714,1,0.6251813,0.5681131,0
1,1,1,1,0.8380295,0.7750415,1,0.630676,0.5673472,0
1,1,1,1,1,0.7589632,0.8867579,0.6368293,0.5670367,0
1,1,1,1,1,0.7434102,0.8630112,0.6436708,0.5472546,0
1,1,1,1,1,0.7283589,0.8402331,0.6512337,0.5478016,0
1,1,1,1,1,0.7137862,0.8183669,0.6595545,0.548804,0
1,1,1,1,1,0.6996716,0.7973601,0.6686771,0.5502701,0
1,1,1,1,1,0.685995,0.7771651,1,0.5522033,0
1,1,1,1,1,0.6910974,0.757737,1,0.5546142,0
1,1,1,1,1,0.7708339,0.7390353,1,0.5575088,0
1,1,1,1,1,1,0.7000965,1,0.5609005,0
1,1,1,1,1,1,0.6829253,1,0.5648011,0
1,1,1,1,1,1,0.666362,1,0.5692204,0
1,1,1,1,1,1,0.6503772,1,0.5741767,0
1,1,1,1,1,1,0.6349431,1,0.5796829,0
1,1,1,1,1,1,0.620034,1,0.5857575,0
1,1,1,1,1,1,0.6056259,1,0.5924204,0
1,1,1,1,1,1,0.5917724,1,0.5995651,0
1,1,1,1,1,1,0.5822167,0.7507235,0.6071454,0
1,1,1,1,1,1,0.642348,0.7256482,0.6156648,0
1,1,1,1,1,1,1,0.7017587,1,0
1,1,1,1,1,1,1,0.6856593,1,0
1,1,1,1,1,1,1,0.6696407,1,0
1,1,1,1,1,1,1,0.6537237,1,0
1,1,1,1,1,1,1,0.6379279,1,0
1,1,1,1,1,1,1,0.622272,1,0
1,1,1,1,1,1,1,0.6067722,1,0
1,1,1,1,1,1,1,0.5684635,1,0
1,1,1,1,1,1,1,0.5532724,1,0
1,1,1,1,1,1,1,0.5383028,1,0
1,1,1,1,1,1,1,0.5235634,1,0
1,1,1,1,1,1,1,0.509061,1,0
1,1,1,1,1,1,1,0.4948011,1,0
1,1,1,1,1,1,1,0.4807875,1,0
1,1,1,1,1,1,1,0.4670224,1,0
1,1,1,1,1,1,1,0.4535069,1,0
1,1,1,1,1,1,1,0.4402408,0.680092,0
1,1,1,1,1,1,1,0.4434385,0.6467062,0
1,1,1,1,1,1,1,0.4718946,0.6154758,0
1,1,1,1,1,1,1,0.5035923,0.5862109,0
1,1,1,1,1,1,1,0.5390294,0.5587434,0
1,1,1,1,1,1,1,1,0.5047714,0
1,1,1,1,1,1,1,1,0.4839215,0
1,1,1,1,1,1,1,1,0.4637506,0
1,1,1,1,1,1,1,1,0.444275,0
1,1,1,1,1,1,1,1,0.4255033,0
1,1,1,1,1,1,1,1,0.4074371,0
1,1,1,1,1,1,1,1,0.3900717,0
1,1,1,1,1,1,1,1,0.3916966,0
1,1,1,1,1,1,1,1,0.4084772,0
1,1,1,1,1,1,1,1,0.4258526,0
1,1,1,1,1,1,1,1,1,1
1,1,1,1,1,1,1,1,1,1
1,1,1,1,1,1,1,1,1,1
1,1,1,1,1,1,1,1,1,1
1,1,1,1,1,1,1,1,1,1
1,1,1,1,1,1,1,1,1,1
1,1,1,1,1,1,1,1,1,1
1,1,1,1,1,1,1,1,1,1
1,0.9855484,1,1,1,0.9993017,1,1,1,1
1,0.9694616,1,1,1,0.9892278,1,1,1,1
1,0.9528913,1,1,1,0.9792292,1,1,1,1
1,0.9358503,1,1,1,0.9693074,1,1,1,1
1,0.9183564,1,1,1,0.9594641,1,1,1,1
1,0.9004322,1,1,1,0.9497008,1,0.9962338,1,1
1,0.8822311,1,1,1,0.9399991,1,0.9837324,1,1
1,0.8640623,1,1,1,0.9303101,1,0.9712612,1,1
1,0.8459382,1,1,1,0.9206328,1,0.9588081,1,1
1,0.8278718,1,1,1,0.9109656,1,0.9463605,1,1
1,0.8098752,1,1,1,0.9013067,1,0.9339046,1,1
1,0.7919618,1,1,1,0.8916547,1,0.9214266,1,1
1,0.7741432,1,1,1,0.8820073,1,0.9089105,1,1
1,0.756432,1,1,1,0.8723626,1,0.896341,1,1
1,0.7388384,1,1,1,0.8627176,1,0.8873657,1,1
1,0.7280351,1,1,1,0.853092,1,0.8846577,1,1
1,0.7307906,1,1,1,0.8434839,1,0.8818551,1,1
1,0.733398,1,1,1,0.8338134,1,0.879254,1,1
1,0.7358567,1,1,1,0.8240823,1,0.8768436,1,1
1,0.7381667,1,1,1,0.8142926,1,0.8746134,1,1
1,0.7403287,1,1,1,0.8044467,1,0.8725542,1,1
1,0.7423434,1,1,1,0.7945468,1,0.8706576,1,1
1,0.7442122,1,1,1,0.784596,1,0.8689159,1,1
1,0.745941,1,1,1,0.7745969,1,0.867318,1,1
1,0.7475319,1,1,1,0.764552,1,0.865858,1,1
1,0.7489867,1,1,1,0.7544647,1,0.86453,1,1
1,0.7503079,1,1,1,0.7443379,1,0.8633291,1,1
1,0.7515024,1,1,1,0.7341745,1,0.8622463,1,1
1,0.7525725,1,1,1,0.7239772,1,0.8612779,1,1
1,0.7535252,1,1,1,0.713749,1,0.8604161,1,1
1,0.7543632,1,1,1,0.7034932,1,0.8596576,1,1
1,0.7550891,1,1,1,0.693212,1,0.8589997,1,1
1,0.7557141,1,1,1,0.6829084,1,0.8584316,1,1
1,0.756236,1,1,1,0.6725847,1,0.8579553,1,1
1,0.7566663,1,1,1,0.6622437,1,0.8575608,1,1
1,0.7570065,1,1,1,0.6518876,1,0.8572466,1,1
1,0.7572592,1,1,1,0.6415185,1,0.8570113,1,1
0.8451427,0.9267165,1,1,1,0.6311381,1,0.8568498,1,1
0.8129805,0.9120576,1,1,1,0.6208936,1,0.8561053,1,1
0.7770498,0.8958747,1,1,1,0.6108803,1,0.8543185,1,1
0.7376614,0.8929384,1,1,1,0.6011106,1,0.8514066,1,2
0.6962563,0.8979206,1,1,1,0.5915334,1,0.8476033,1,2
0.6538661,0.9040476,1,1,1,0.582118,1,0.8430766,1,2
0.6110653,0.9113424,1,1,1,0.57286,1,0.8378845,1,2
0.5925621,0.9198116,1,1,1,0.5637538,1,0.8321038,1,2
0.5953014,0.9285387,1,1,1,0.554644,1,0.826375,1,2
0.5979646,0.9366981,1,1,1,0.5453969,1,0.8211774,1,2
0.6005416,1,1,1,1,0.5360159,1,0.8164557,1,1
0.6026281,1,1,1,1,0.5262529,1,0.813049,1,1
0.6046637,1,1,1,1,0.516414,1,0.8098584,1,1
0.6066423,1,1,1,0.6962863,0.5065027,1,0.806874,1,1
0.6081835,1,1,1,0.6799794,0.4962952,1,0.8048838,1,1
0.6096401,1,1,1,0.6660186,0.4860262,0.5476332,0.8030899,1,0
0.608498,1,1,1,1,0.4742765,0.5327628,0.8068969,1,0
0.6077614,1,1,1,1,0.4628695,0.5186746,0.8099102,0.9204631,0
0.6062272,1,1,1,1,0.4511332,0.5037895,0.8149478,0.8028916,0
0.6036531,1,1,1,1,0.4389967,0.4878942,1,0.6826981,0
0.6014696,1,1,1,1,0.4272369,0.4728428,1,0.6815943,0
0.5993365,1,1,1,1,0.4156556,0.4581675,1,0.6830172,0
0.5972706,1,1,1,1,0.4042509,0.4438719,1,0.6846384,0
0.59527,1,1,1,1,0.3930092,0.4299312,1,0.6864385,0
0.5933312,1,1,1,1,0.4009075,0.4163204,1,0.6883979,0
0.5914708,1,1,1,1,0.4270056,0.4030439,1,0.6904737,0
0.5896998,1,1,1,1,0.4554065,0.3900913,1,0.6926206,0
0.5880074,1,1,1,1,0.4862143,0.3774273,1,0.6948184,0
0.5863778,1,1,1,1,0.5195641,0.3650208,1,0.6970555,0
0.5848038,1,1,1,1,1,0.3528433,1,0.6993155,0
0.5836195,1,1,1,1,1,0.3412209,1,0.701004,0
0.5824168,1,1,1,1,1,0.3296801,1,0.7027494,0
0.5811921,1,1,1,1,1,0.3182176,1,0.7045528,0
0.5799483,1,1,1,1,1,0.3068309,1,0.7064081,0
0.5786874,1,1,1,1,1,0.2955169,0.3982055,0.7083104,0
0.5755366,1,1,1,1,1,0.2825918,0.3756731,0.7144672,0
0.5724508,1,1,1,1,1,0.2700071,0.3542556,0.7212568,0
0.5694258,1,1,1,1,1,0.2672627,0.3338687,0.7287008,0
0.5664655,1,1,1,1,1,0.2913332,0.3144679,1,0
0.5643035,1,1,1,1,1,0.3066605,0.2988406,1,0
0.5621233,1,1,1,1,1,0.323009,0.2835885,1,0
0.5599226,1,1,1,1,1,0.3404062,0.2686851,1,0
0.5576992,1,1,1,1,1,0.3588768,0.2541055,1,0
0.5554508,1,1,1,1,1,0.3784421,0.2398267,1,0
0.5531756,1,1,1,1,1,0.3991195,0.2258266,1,0
0.5508717,1,1,1,1,1,1,0.212084,1,1
0.5487418,1,1,1,1,1,1,0.1994129,0.3460558,0
0.5459754,1,1,1,1,1,1,0.1840895,0.3118746,0
0.5432507,1,1,1,1,1,1,0.1754554,0.2804961,0
0.540561,1,1,1,1,1,1,0.1855509,0.2515917,0
0.5379057,1,1,1,1,1,1,0.1967358,0.2248815,0
0.5352844,0.6777481,1,1,1,1,1,0.2091244,0.2001266,0
0.5324906,0.670628,1,1,1,1,1,0.2200513,0.1789942,0
0.5296444,0.6637231,1,1,1,1,1,0.2315353,0.1589533,0
0.526734,0.6570156,1,1,1,1,1,0.243564,0.1479661,0
0.5237428,0.6505592,1,1,1,1,1,0.2559749,0.1536086,0
0.5206349,0.6444466,1,1,1,1,1,0.268445,0.1593179,0
0.5174055,0.6386306,1,1,1,1,1,0.2808906,0.1650678,0
0.5140545,0.6330735,1,1,1,1,1,1,0.1708328,2
0.5153629,1,1,1,1,1,1,1,0.1745903,0
0.5571869,1,1,1,1,1,1,1,0.180396,0
0.5883129,1,1,1,1,1,1,1,0.1865874,0
0.6117275,1,1,1,1,1,1,1,0.1931345,0
0.6298097,1,1,1,1,1,1,1,0.2000181,0
0.644258,1,1,1,1,1,1,1,0.2072242,0
0.6562367,1,1,1,1,1,1,1,0.2147413,0
0.6665248,1,1,1,1,1,1,1,0.222567,0
0.6756511,1,1,1,1,1,1,1,0.2306896,0
0.6839688,1,1,1,1,1,1,1,0.2391118,0
0.6917241,1,1,1,1,1,1,1,1,2
1,1,1,1,1,1,1,1,1,1
1,1,1,1,1,1,1,1,1,1
1,1,1,1,1,1,1,1,1,1
1,1,1,1,1,1,1,1,1,1
1,1,1,1,1,1,1,1,1,1
1,1,1,1,1,1,1,1,1,1
1,1,1,1,1,1,1,1,1,1
1,1,1,1,1,1,1,1,1,1
0.5282428,1,1,1,1,1,1,1,1,2
0.5216919,1,1,1,1,1,1,1,1,2
0.5155328,1,1,1,1,1,1,1,1,2
0.5097741,1,1,1,1,1,1,1,1,2
0.5044213,1,1,1,1,1,1,1,1,2
0.4994822,1,1,1,1,1,1,1,1,2
0.4949615,1,1,1,1,1,1,1,1,2
1,1,1,1,1,1,1,1,1,1
1,1,1,1,1,1,1,1,1,1
1,1,1,1,1,1,1,1,1,1
1,1,1,1,1,1,1,1,1,1
1,1,1,1,1,1,1,1,1,1
1,1,1,1,1,1,1,1,1,1
1,1,1,1,1,1,1,1,1,1
1,1,1,1,1,1,1,1,1,1
1,1,1,1,1,1,1,1,1,1
1,1,1,1,1,1,1,1,1,1
1,1,1,1,1,1,1,1,1,1
1,0.9999722,1,1,1,1,1,1,1,1
1,0.9964846,1,1,1,1,1,1,1,1
1,0.9930523,1,1,1,1,1,1,1,1
1,0.989674,1,1,1,1,1,1,1,1
1,0.9863485,1,1,1,1,1,1,1,1
1,0.9830745,1,1,1,1,1,1,1,1
1,0.9798577,1,1,1,1,1,1,1,1
1,0.9766937,1,1,1,1,1,1,1,1
1,0.9735848,1,1,1,1,1,1,1,1
1,0.9705302,1,1,1,1,1,1,1,1
1,0.967532,1,1,1,1,1,1,1,1
1,0.9645896,1,1,1,1,1,1,1,1
1,0.9617022,1,1,1,1,1,1,1,1
1,0.9588689,1,1,1,1,1,1,1,1
1,0.9560925,1,1,1,1,1,1,1,1
1,0.9533753,1,1,1,1,1,1,1,1
1,1,1,1,1,1,1,1,1,1
1,1,1,1,1,1,1,1,1,1
1,1,1,1,1,1,1,1,1,1
0.9021775,1,1,1,1,1,1,1,1,1
0.8989064,1,1,1,1,1,1,1,1,2
0.8956855,1,1,1,1,1,1,1,1,2
0.8925196,1,1,1,1,1,1,1,1,2
0.8894101,1,1,1,1,1,1,1,1,2
0.8863617,1,1,1,1,1,1,1,1,2
0.8833728,1,1,1,1,1,1,1,1,2
0.8804509,1,1,1,1,1,0.9927041,1,1,2
0.8497068,1,1,1,1,1,0.983739,1,1,2
0.8469232,1,1,1,1,1,0.9749622,1,1,2
0.8442333,1,1,1,1,1,0.9661968,1,1,2
0.8416376,1,1,1,1,1,0.9574413,1,1,2
0.8391364,1,1,1,1,1,0.9486943,1,1,2
0.8367298,1,1,1,1,1,0.9399539,1,1,2
0.834418,0.9983822,1,1,1,1,0.9312178,1,1,2
0.832202,0.9976203,1,1,1,1,0.9224954,1,1,2
0.8300846,0.9983193,1,1,1,1,0.9137787,1,1,2
0.8280641,0.9991191,1,1,1,1,0.9050549,1,1,2
0.8261364,1,1,1,1,0.8755232,0.8963208,1,1,2
0.8243121,1,1,1,1,0.8655146,0.8876166,1,1,2
0.8225836,1,1,1,1,0.8555358,0.8788991,1,1,2
0.8209459,1,1,1,1,0.8455855,0.8701642,1,1,2
0.8194001,1,1,1,1,0.8356618,0.8614075,1,1,2
0.8179411,1,1,1,1,0.8257627,0.8526243,1,1,2
0.8165665,1,1,1,1,0.8158864,0.8438107,1,1,2
0.8152705,1,1,1,1,0.8060306,0.8349625,1,1,2
1,1,1,1,1,0.7961931,0.8260752,1,1,1
1,1,1,1,1,0.7863232,0.8153944,1,1,1
1,1,1,0.9944445,1,0.7764599,0.8047125,1,1,1
1,1,1,0.9847242,1,0.7666036,0.7940487,1,1,1
1,0.9981303,1,0.9749767,1,0.7567546,0.7834167,1,1,1
1,0.9950007,1,0.9651757,1,0.7469116,0.7728297,1,1,1
0.9320982,0.9919665,1,0.9553044,1,0.7370738,0.7622956,1,1,1
0.8706003,0.9906614,1,0.9443719,1,0.7272274,0.752369,1,1,1
0.8691653,0.9909061,1,0.9325483,1,0.7173754,0.7429547,1,1,1
0.8677842,0.9912256,1,0.9207581,1,0.7075275,0.7335292,1,1,1
0.8664559,0.9916111,1,0.9090067,1,0.6976837,0.7240891,1,1,1
0.8651789,0.9920542,1,0.8972982,1,0.6878434,0.7146308,1,1,1
0.863949,0.9925429,1,0.8856367,1,0.6780064,0.7051513,1,1,1
0.8627675,0.9930722,0.9956796,0.874025,1,0.6681718,0.6956472,1,1,1
0.8616396,0.9936921,0.9812155,0.8624365,1,0.6583406,0.6861362,1,1,1
0.8605937,0.9945434,0.9666649,0.8549979,1,0.6485164,0.6766613,1,1,2
0.8596236,1,0.9520923,0.8618757,1,0.6386986,0.6672039,1,1,1
0.8586907,1,0.9377305,0.8685735,1,0.6288797,0.6576889,1,1,1
1,1,0.9234585,0.8755785,1,0.6190628,0.6481537,1,1,1
1,1,0.9127277,0.8663195,1,0.6091008,0.6374179,1,1,1
0.9928988,1,0.9018165,0.857865,1,0.5991503,0.6267515,1,1,1
0.9206699,1,0.8905647,0.8509411,1,0.5892158,0.6162043,1,1,1
0.8438048,1,0.8774627,0.8526802,1,0.5793512,0.6062676,1,1,2
0.8431164,1,0.8626199,0.863434,1,0.5695612,0.5969199,1,1,2
0.8424901,1,0.8479821,0.8743454,1,0.5597724,0.587521,1,1,2
0.8419192,1,0.8335471,0.8853568,1,0.5499832,0.5780677,1,1,2
0.8413973,1,0.8193104,0.8964108,1,0.5401912,0.5685574,1,1,2
0.840921,1,0.8052669,0.9074621,1,0.530395,0.5589882,1,1,2
0.8404844,1,0.7914106,0.918455,1,0.5205929,0.5493587,1,1,2
0.8400814,1,0.7777346,0.9293352,1,0.5107835,0.5396679,1,1,2
0.8397094,1,0.7642316,0.9400622,1,0.5009654,0.5299153,1,1,1
0.8393663,1,0.7508944,0.9505981,1,0.491138,0.5201012,1,1,1
0.8390437,1,0.7377146,0.9608837,1,0.4813001,0.5102259,1,1,1
0.8387401,1,0.7246838,0.9708875,1,0.4714505,0.5002897,1,1,1
0.8384507,1,0.7117943,0.9805698,1,0.4615894,0.4902944,1,1,1
0.8381745,1,0.6990374,0.9899063,1,0.451716,0.4802411,1,1,1
0.8379075,1,0.6864055,0.9988649,1,0.4418303,0.4701318,1,1,1
0.8376459,1,0.6738909,1,1,0.4319324,0.4599686,1,1,1
0.8374019,1,0.6614579,1,1,0.4220254,0.4497666,1,1,1
0.8371758,1,0.6491004,1,1,0.4121096,0.4395276,1,1,1
0.8369666,1,0.6368173,1,1,0.4021848,0.4292517,1,1,1
0.8367698,1,0.6246065,1,1,0.3922507,0.418939,1,1,1
0.8365811,1,0.6124659,1,1,0.3823071,0.4085898,1,1,1
0.836403,1,0.6003933,1,1,0.3723542,0.3982047,1,1,1
0.8362314,1,0.5883858,1,1,0.3623914,0.3877842,1,1,1
0.8360656,1,0.5764414,1,1,0.3524195,0.3773297,1,1,1
0.8359019,1,0.5645569,1,1,0.3424382,0.3668418,1,1,1
0.8357401,1,0.5527297,1,1,0.3324478,0.356322,1,1,1
0.8355767,1,0.5409569,1,1,0.3224488,0.3457714,0.4720019,1,0
0.8323693,1,0.5338472,1,1,0.3118284,0.3330075,0.4501525,1,0
0.8293198,1,0.5265609,1,1,0.3399233,0.3205492,0.429359,1,0
0.8264337,1,0.519025,1,1,0.4018981,0.3083895,0.4095939,1,0
0.8237041,1,0.5111966,1,1,0.4818329,0.2965072,0.3907802,1,0
0.8211061,1,0.5030677,0.8297955,1,0.5868012,0.2848691,0.3728041,1,0
0.8188726,1,0.4940123,0.8024567,1,1,0.2736235,0.3562319,1,0
0.8168241,1,0.4843817,0.7807044,1,1,0.2626117,0.3404942,1,0
0.814804,1,0.4745494,0.7608869,1,1,0.2517067,0.3251252,1,0
0.8128116,1,0.4645227,0.7427763,1,1,0.2408979,0.3100877,1,0
0.8108374,0.7223485,0.4543093,0.7261498,1,1,0.2301749,0.2953468,1,2
1,0.6979011,0.4410281,0.7327691,1,1,0.2201667,0.2833404,1,1
1,0.682181,0.4299828,0.7221694,1,1,0.2096421,0.2693626,1,1
1,0.6656044,0.4187191,0.7131408,1,1,0.1991799,0.2556128,1,1
1,0.6482448,0.407256,0.7055587,1,1,0.1887697,0.2420552,1,1
1,0.6301841,0.4008482,0.6992953,1,1,0.1784022,0.2286569,1,1
1,0.6116289,0.3979988,0.6939936,1,1,0.1821741,0.2153641,1,1
1,0.5925676,0.3954601,0.689757,1,1,0.1871657,0.2021689,0.380715,0
0.9962443,0.5941029,0.3804312,0.6440595,1,1,0.2076228,0.1855719,0.3395217,0
0.992613,0.5960989,0.3660954,0.6031232,1,1,0.2323906,0.1696846,0.3021621,0
0.9893014,0.5971895,0.3529961,0.5679767,1,1,0.261168,0.1546055,0.2687834,0
0.9862715,0.5964545,0.3440447,0.5382844,1,1,0.2935837,0.1402925,0.2389319,0
0.9834349,0.5937684,0.3359637,0.5128367,1,1,0.3297687,0.1266143,0.2118543,0
0.9807223,0.588964,0.3273304,0.4908167,1,1,0.3696432,0.1145922,0.1869964,0
0.9780741,0.5818459,0.3181289,0.4716542,1,1,1,0.1213342,0.1639361,0
0.9754218,0.566505,0.307138,0.4592651,1,1,1,0.1272703,0.14338,0
0.9727362,0.5492603,0.2996813,0.4482279,1,1,1,0.1331652,0.1235374,1
0.9700111,0.530328,0.2940857,0.4383151,1,1,1,0.1389942,0.1042378,1
0.967248,0.5098921,0.288835,0.4293794,1,1,1,0.1447224,0.09378306,1
0.9644442,0.4877707,0.2840035,0.4215839,1,1,1,0.150242,0.09721509,1
0.9615987,0.463695,0.2797157,0.4152217,1,1,1,0.155397,0.1005514,1
0.9587308,0.4380761,0.2759247,0.4101427,1,1,1,0.1601564,0.1037731,1
0.9558628,0.4113283,0.2725881,0.406221,1,1,1,0.1645057,0.1068677,1
0.953021,0.3838466,0.2696704,0.403354,1,1,1,0.168441,0.1098249,2
0.9502312,0.3559898,0.267137,0.4014502,1,1,1,0.1719725,0.1126404,2
0.9475219,0.3280722,0.2649629,0.4004393,1,1,1,0.1751116,0.115308,2
0.9449123,0.3003551,0.2631125,0.4002407,1,1,1,0.1778907,0.1178333,2
0.9424256,0.2730441,0.2615637,0.4007983,1,1,1,0.1803333,0.1202158,2
1,0.2462944,0.2602927,0.4020568,1,1,1,0.1824689,0.1224587,2
1,0.2213466,0.2584238,0.4015949,1,1,1,0.1850024,0.1247676,2
1,0.1967701,0.2568038,0.4017672,1,1,1,0.1872661,0.1269581,2
1,0.1764529,0.2554046,0.4025106,1,1,1,0.1892898,0.1290382,2
1,0.1746391,0.2541649,0.4036482,1,1,1,0.1911272,0.1310182,2
1,0.1728423,0.2528355,0.4044626,1,1,1,0.1929743,0.1329561,2
1,0.1710614,0.2514257,0.4049804,1,1,1,0.1948268,0.1348553,2
1,0.1692978,0.2499485,0.4052334,1,1,1,0.1966771,0.136716,2
0.4513163,0.1675529,0.2484149,0.4052505,1,1,1,0.1985195,0.1385389,2
0.2278007,0.1675231,0.2527361,0.4233207,1,1,1,0.1962305,0.1390792,2
0.1444501,0.1678094,0.2578101,1,1,1,1,0.1938219,0.1394425,2
0.1434668,0.1684233,0.2637125,1,1,1,1,0.1913009,0.139635,2
0.1427512,0.1693775,0.2705311,1,1,1,1,0.1886742,0.1396618,2
0.1423045,0.1706866,0.2783681,1,1,1,1,0.1859469,0.1395278,2
0.1421285,0.1723666,0.287343,1,1,1,1,0.1831236,0.139237,2
0.1421564,0.1741828,0.2965696,1,1,1,1,1,0.1388886,2
0.1425124,0.1766312,0.3081459,1,1,1,1,1,0.1383011,2
0.1431491,0.1795093,0.3213481,1,1,1,1,1,0.1375659,2
0.1440745,0.182846,0.336418,1,1,1,1,1,0.1366819,2
0.1452913,0.1866651,1,1,1,1,1,1,0.1356538,2
0.1468091,0.1910019,1,1,1,1,1,1,0.1344797,2
0.1486358,0.1958911,1,1,1,1,1,1,0.1331604,2
0.1507765,0.2013675,1,1,1,1,1,1,0.1316993,2
0.1532403,0.2074727,1,1,1,1,1,1,0.1300965,2
0.1559445,0.2139487,1,1,1,1,1,1,0.1283834,2
0.1588708,0.2207723,1,1,1,1,1,1,0.1265607,2
0.162001,0.2279176,1,1,1,1,1,1,1,2
0.1657515,0.2368099,1,1,1,1,1,1,1,2
0.1698831,0.2466155,1,1,1,1,1,1,1,2
0.1744125,0.2574202,1,1,1,1,1,1,1,2
0.1793549,1,1,1,1,1,1,1,1,2
0.1847342,1,1,1,1,1,1,1,1,2
0.1905694,1,1,1,1,1,1,1,1,2
0.1968814,1,1,1,1,1,1,1,1,2
0.203697,1,1,1,1,1,1,1,1,2
0.2110422,1,1,1,1,1,1,1,1,2
0.2189493,1,1,1,1,1,1,1,1,2
0.9458197,1,1,1,1,1,1,1,1,1
0.9521383,1,1,1,1,1,1,1,1,1
0.9583384,1,1,1,1,1,1,1,1,1
0.9644147,1,1,1,1,1,1,1,1,1
0.9703671,1,1,1,1,1,1,1,1,1
0.9761872,1,1,1,1,1,1,1,1,1
1,1,1,1,1,1,1,1,1,1
1,1,1,1,1,1,1,1,1,1
1,1,1,1,1,1,1,1,1,1
1,1,1,1,1,1,1,1,1,1
1,1,1,1,1,1,1,1,1,1
1,1,1,1,1,1,1,1,1,1
1,1,1,1,1,1,1,1,1,1
1,1,1,1,1,1,1,1,1,1
1,1,1,1,1,1,1,1,1,1
1,1,1,1,1,1,1,1,1,1
1,1,1,1,1,1,1,1,1,1
1,1,1,1,1,1,1,1,1,1
1,1,1,1,1,1,1,1,1,1
1,1,1,1,1,1,1,1,1,1
1,1,1,1,1,1,1,1,1,1
1,1,1,1,1,1,1,1,1,1
1,1,1,1,1,1,1,1,1,1
1,1,1,1,1,1,1,1,1,1
1,1,1,1,1,1,1,1,1,1
1,1,1,1,1,1,1,1,1,1
1,1,1,1,1,1,1,1,1,1
1,1,1,1,1,1,1,1,1,1
1,1,1,1,1,1,1,1,1,1
1,1,1,1,1,1,1,1,1,1
1,1,1,1,1,1,1,1,1,1
1,1,1,1,1,1,1,1,1,1
1,1,1,1,1,1,1,1,1,1
1,1,1,1,1,1,1,1,1,1
1,1,1,1,1,1,1,1,1,1
1,1,1,1,1,1,1,1,1,1
1,1,1,1,1,1,1,1,1,1
1,1,1,1,1,1,1,1,1,1
1,1,1,1,1,1,1,1,1,1
1,1,1,1,1,1,1,1,1,1
1,1,1,1,1,1,1,1,1,1
1,1,1,1,1,1,1,1,1,1
1,1,1,1,1,1,1,1,1,1
1,1,1,1,1,1,1,1,1,1
1,1,1,1,1,1,1,0.9944566,1,1
1,1,1,1,1,1,1,0.9615003,1,1
1,1,1,1,1,1,1,0.9244572,1,1
1,1,1,1,1,1,1,0.8833894,1,0
1,1,1,1,1,1,1,0.838569,1,0
1,1,1,1,1,1,1,0.8137349,1,0
1,1,1,1,1,1,1,0.8117087,1,0
1,1,1,1,1,1,1,0.8098087,1,0
1,1,1,1,1,1,1,0.8080348,1,0
1,1,1,1,1,1,1,0.8063868,1,0
1,1,1,1,1,1,1,0.8048644,1,0
1,1,1,1,1,1,1,0.8034706,1,0
1,1,1,1,1,1,1,0.802205,1,0
1,1,1,1,1,1,1,0.801067,1,0
1,1,1,1,1,1,1,0.800056,1,0
1,1,1,1,1,1,1,0.7991716,1,0
1,1,1,1,1,1,1,0.7984162,1,0
1,1,1,1,1,1,1,0.7977856,1,0
1,1,1,1,1,1,1,0.7972826,1,0
1,1,1,1,1,1,1,0.7969027,1,0
1,1,1,1,1,1,1,0.7966483,1,0
1,1,1,1,1,1,1,0.7965149,1,0
1,1,1,1,1,1,1,0.7965049,1,0
1,1,1,1,1,1,1,0.7966136,1,0
1,1,1,1,1,1,1,0.7968434,1,0
1,1,1,1,1,1,1,0.7971894,1,0
1,1,1,1,1,1,1,0.7976501,1,0
1,1,1,1,1,1,1,0.7982243,0.7303542,0
1,1,1,1,1,1,1,0.8038289,0.7093405,0
1,1,1,1,1,1,1,1,0.7083969,0
1,1,1,1,1,1,1,1,0.7073682,0
1,1,1,1,1,1,1,1,0.7065672,0
1,1,1,1,1,1,1,1,0.705991,0
1,1,1,1,1,1,1,1,0.7056427,0
1,1,1,1,1,1,1,1,0.7055221,0
1,1,1,1,1,1,1,1,0.7056257,0
1,1,1,1,1,1,1,1,0.7059559,0
1,1,1,1,1,1,1,1,0.7065119,0
1,1,1,1,1,1,1,1,0.7072898,0
1,1,1,1,1,1,1,1,0.7082913,0
1,1,1,1,1,1,1,1,0.709512,0
1,1,1,1,1,1,1,1,0.7109503,0
1,1,1,1,1,1,1,1,0.7126045,0
1,1,1,1,1,1,1,1,0.7144694,0
1,1,1,1,1,1,1,1,0.7165429,0
1,1,1,1,1,1,1,1,0.7188228,0
1,1,1,1,1,1,1,1,0.7213033,0
1,1,1,1,1,1,1,1,1,1
1,1,1,1,1,1,1,1,1,1
1,1,1,1,1,1,1,1,1,1
1,1,1,1,1,1,1,1,1,1
1,1,1,1,1,1,1,1,1,1
1,1,1,1,1,1,1,1,1,1
1,1,1,1,1,1,1,1,1,1
1,1,1,1,1,1,1,1,1,1
1,1,1,1,1,1,1,1,1,1
1,1,1,1,1,1,1,1,1,1
1,1,1,1,1,1,1,1,1,1
1,1,1,1,1,1,1,1,1,1
1,1,1,1,1,1,1,1,1,1
1,1,1,1,1,1,1,1,1,1
1,1,1,1,1,1,1,1,1,1
1,1,1,1,1,1,1,1,1,1
1,1,1,1,1,1,1,1,1,1
1,1,1,1,1,1,1,1,1,1
1,1,1,1,1,1,1,1,1,1
1,1,1,1,1,1,1,1,1,1
1,1,1,1,1,1,1,1,1,1
1,1,1,1,1,1,1,1,1,1
1,1,1,1,1,1,1,1,1,1
1,1,1,1,1,1,1,1,1,1
1,1,1,1,1,1,1,1,1,1
1,1,1,1,1,1,1,1,1,1
1,1,1,1,1,1,1,1,1,1
1,1,1,1,1,1,1,1,1,1
1,1,1,1,1,1,1,1,1,1
1,1,1,1,1,1,1,1,1,1
1,1,1,1,1,1,1,1,1,1
1,1,1,1,1,1,1,1,1,1
1,1,1,1,1,1,1,1,1,1
1,1,1,1,1,1,1,1,1,1
1,1,1,1,1,1,1,1,1,1
1,1,1,1,1,1,1,1,1,1
1,1,1,1,1,1,1,1,1,1
1,1,1,1,1,1,1,1,1,1
1,1,1,1,1,1,1,1,1,1
1,1,1,1,1,1,1,1,1,1
1,1,1,1,1,1,1,1,1,1
1,1,1,1,1,1,1,1,1,1
1,1,1,1,1,1,1,1,1,1
1,1,1,1,1,1,1,1,1,1
1,1,1,1,1,1,1,1,1,1
1,1,1,1,1,1,1,1,1,1
1,1,1,1,1,1,1,1,1,1
1,1,1,1,1,1,1,1,1,1
1,1,1,1,1,1,1,1,1,1
1,1,1,1,1,1,1,1,1,1
1,1,1,1,1,1,1,1,1,1
1,1,1,1,1,1,1,1,1,1
1,1,1,1,1,1,1,1,1,1
1,1,1,1,1,1,1,1,1,1
1,1,1,1,1,1,1,1,1,1
1,1,1,1,1,1,1,1,1,1
1,1,1,1,1,1,1,1,1,1
1,1,1,1,1,1,1,1,1,1
1,1,1,1,1,1,1,1,1,1
1,1,1,1,1,1,1,1,1,1
1,1,1,1,1,1,1,1,1,1
1,1,1,1,1,1,1,1,1,1
1,1,1,1,1,1,1,1,1,1
1,1,1,1,1,1,1,1,1,1
1,1,1,1,1,1,1,1,1,1
1,1,1,1,1,1,1,1,1,1
1,1,1,1,1,1,1,1,1,1
1,1,1,1,1,1,1,1,1,1
1,1,1,1,1,1,1,1,1,1
1,1,1,1,1,1,1,1,1,1
1,1,1,1,1,1,1,1,1,1
1,1,1,1,1,1,1,1,1,1
1,1,1,1,1,1,1,1,1,1
1,1,1,1,1,1,1,1,1,1
1,1,1,1,1,1,1,1,1,1
1,1,1,1,1,1,1,1,1,1
1,1,1,1,1,1,1,1,1,1
1,1,1,1,1,1,1,1,1,1
1,1,1,1,1,1,1,1,1,1
1,1,1,1,1,1,1,1,1,1
1,1,1,1,1,1,1,1,1,1
1,1,1,1,1,1,1,1,1,1
1,1,1,1,1,1,1,1,1,1
1,1,1,1,1,1,1,1,1,1
1,1,1,1,1,1,1,1,1,1
1,1,1,1,1,1,1,1,1,1
1,1,1,1,1,1,1,1,1,1
1,1,1,1,1,1,1,1,1,1
1,1,1,1,1,1,1,1,1,1
1,1,1,1,1,1,1,1,1,1
1,1,1,1,1,1,1,1,1,1
1,1,1,1,1,1,1,1,1,1
1,1,1,1,1,1,1,1,1,1
1,1,1,1,1,1,1,1,1,1
1,1,1,1,1,1,1,1,1,1
1,1,1,1,1,1,1,1,1,1
1,1,1,1,1,1,1,1,1,1
1,1,1,1,1,1,1,1,1,1
1,1,1,1,1,1,1,1,1,1
1,1,1,1,1,1,1,1,1,1
1,1,1,1,1,1,1,1,1,1
1,1,1,1,1,1,1,1,1,1
1,1,1,1,1,1,1,1,1,1
1,1,1,1,1,1,1,1,1,1
1,1,1,1,1,1,1,1,1,1
1,1,1,1,1,1,1,1,1,1
1,1,1,1,1,1,1,1,1,1
1,1,1,1,1,1,1,1,1,1
1,1,1,1,1,1,1,1,1,1
1,1,1,1,1,1,1,1,1,1
1,1,1,1,1,1,1,1,1,1
1,1,1,1,1,1,1,1,1,1
1,1,1,1,1,1,1,1,1,1
1,1,1,1,1,1,1,1,1,1
1,1,1,1,1,1,1,1,1,1
1,1,1,1,1,1,1,1,1,1
1,1,1,1,1,1,1,1,1,1
1,1,1,1,1,1,1,1,1,1
1,1,1,1,1,1,1,1,1,1
1,1,1,1,1,1,1,1,1,1
1,1,1,1,1,1,1,1,1,1
1,1,1,1,1,1,1,1,1,1
1,1,1,1,1,1,1,1,1,1
1,1,1,1,1,1,1,1,1,1
1,1,1,1,1,1,1,1,1,1
1,1,1,1,1,1,1,1,1,1
1,1,1,1,1,1,1,1,1,1
1,1,1,1,1,1,1,1,1,1
1,1,1,1,1,1,1,1,1,1
1,1,1,1,1,1,1,1,1,1
1,1,1,1,1,1,1,1,1,1
1,1,1,1,1,1,1,1,1,1
1,1,1,1,1,1,1,1,1,1
1,1,1,1,1,1,1,1,1,1
1,1,1,1,1,1,1,1,1,1
1,1,1,1,1,1,1,1,1,1
1,1,1,1,1,1,1,1,1,1
1,1,1,1,1,1,1,1,1,1
1,1,1,1,1,1,1,1,1,1
1,1,1,1,1,1,1,1,1,1
1,1,1,1,1,1,1,1,1,1
1,1,1,1,1,1,1,1,1,1
1,1,1,1,1,1,1,1,1,1
1,1,1,1,1,1,1,1,1,1
1,1,1,1,1,1,1,1,1,1
1,1,1,1,1,1,1,1,1,1
1,1,1,1,1,1,1,1,1,1
1,1,1,1,1,1,1,1,1,1
1,1,1,1,1,1,1,1,1,1
1,1,1,1,1,1,1,1,1,1
1,1,1,1,1,1,1,1,1,1
1,1,1,1,1,1,1,1,1,1
1,1,1,1,1,1,1,1,1,1
1,1,1,1,1,1,1,1,1,1
1,1,1,1,1,1,1,1,1,1
1,1,1,1,1,1,1,1,1,1
1,1,1,1,1,1,1,1,1,1
1,1,1,1,1,1,1,1,1,1
1,1,1,1,1,1,1,1,1,1
1,1,1,1,1,1,1,1,1,1
1,1,1,1,1,1,1,1,1,1
1,1,1,1,1,1,1,0.9910766,1,1
1,1,1,1,1,1,1,0.9751867,1,1
1,1,1,1,1,1,1,0.9587263,1,1
1,1,1,1,1,1,1,0.9417086,1,1
1,1,1,1,1,1,1,0.9241518,1,1
1,1,1,1,1,1,1,0.9251807,1,1
1,1,1,1,1,1,1,0.9271861,1,1
1,1,1,1,1,1,1,0.9291786,1,1
1,1,1,1,1,1,1,0.9311615,1,1
1,1,1,1,1,1,1,0.9331309,1,1
1,1,1,1,1,1,1,0.9350864,1,1
1,1,1,1,1,1,1,0.9370278,1,1
1,1,1,1,1,1,1,0.9389512,1,1
1,1,1,1,1,1,1,0.9408562,1,1
1,1,1,1,1,1,1,0.942743,1,1
1,1,1,1,1,1,1,0.9446115,1,1
1,1,1,1,1,1,1,0.9464619,1,1
1,1,1,1,1,1,1,0.9482943,1,1
1,1,1,1,1,1,1,0.9501041,1,1
1,1,1,1,1,1,1,0.9518922,1,1
1,1,1,1,1,1,1,0.9536583,1,1
1,1,1,1,1,1,1,0.9554026,1,1
1,1,1,1,1,1,1,0.9571213,1,1
1,1,1,1,1,1,1,0.9588145,1,1
1,1,1,1,1,1,1,0.9604869,1,1
1,1,1,1,1,1,1,0.9621345,1,1
1,1,1,1,1,1,1,0.9637535,1,1
1,1,1,1,1,1,1,0.9653484,1,1
1,1,1,1,1,1,1,0.9669194,1,1
1,1,1,1,1,1,1,0.9684631,1,1
1,1,1,1,1,1,1,0.9699796,1,1
1,1,1,1,1,1,1,0.9714696,1,1
1,1,1,1,1,1,1,0.9729333,1,1
1,1,1,1,1,1,1,0.9743714,1,1
1,1,1,1,1,1,1,0.97578,0.965703,1
1,1,1,1,1,1,1,0.9784272,0.9272153,1
1,1,1,1,1,1,1,0.9824765,0.8853242,0
1,1,1,1,1,1,1,0.9880773,0.8404773,0
1,1,1,1,1,1,1,0.9953781,0.7932866,0
1,1,1,1,1,1,1,1,0.7608843,0
1,1,1,1,1,1,1,1,0.7643744,0
1,1,1,1,1,1,1,1,0.7680093,0
1,1,1,1,1,1,1,1,0.7717791,0
1,1,1,1,1,1,1,1,0.7756832,0
1,1,1,1,1,1,1,1,0.7797114,0
1,1,1,1,1,1,1,1,0.7838597,0
1,1,1,1,1,1,1,1,0.7881209,0
1,1,1,1,1,1,1,1,0.7924877,0
1,1,1,1,1,1,1,1,0.7969561,0
1,1,1,1,1,1,1,1,0.8015186,0
1,1,1,1,1,1,1,1,0.8061711,0
1,1,1,1,1,1,1,1,0.8109061,0
1,1,1,1,1,1,1,1,0.815716,0
1,1,1,1,1,1,1,1,0.8205934,0
1,1,1,1,1,1,1,1,0.8255339,0
1,1,1,1,1,1,1,1,0.83053,0
1,1,1,1,1,1,1,1,0.8355746,0
1,1,1,1,1,1,1,1,0.8406633,0
1,1,1,1,1,1,1,1,0.8457884,0
1,1,1,1,1,1,1,1,0.8509431,0
1,1,1,1,1,1,1,1,0.8561231,0
1,1,1,1,1,1,1,1,0.8613181,0
1,1,1,1,1,1,1,1,0.8665277,0
1,1,1,1,1,1,1,1,0.8717413,0
1,1,1,1,1,1,1,1,0.8769557,0
1,1,1,1,1,1,1,1,0.8821639,0
1,1,1,1,1,1,1,1,0.8873628,1
1,1,1,1,1,1,1,1,1,1
1,1,1,1,1,1,1,1,1,1
1,1,1,1,1,1,1,1,1,1
1,1,1,1,1,1,1,1,1,1
1,1,1,1,1,1,1,1,1,1
1,1,1,1,1,1,1,1,1,1
1,1,1,1,1,1,1,1,1,1
1,1,1,1,1,1,1,1,1,1
1,1,1,1,1,1,1,1,1,1
1,1,1,1,1,1,1,1,1,1
1,1,1,1,1,1,1,1,1,1
1,1,1,1,1,1,1,1,1,1
1,1,1,1,1,1,1,1,1,1
1,1,1,1,1,1,1,1,1,1
1,1,1,1,1,1,1,1,1,1
1,1,1,1,1,1,1,1,1,1
1,1,1,1,1,1,1,1,1,1
1,1,1,1,1,1,1,1,1,1
1,1,1,1,1,1,1,1,1,1
1,1,1,1,1,1,1,1,1,1
1,1,1,1,1,1,1,1,1,1
1,1,1,1,1,1,1,1,1,1
1,1,1,1,1,1,1,1,1,1
1,1,1,1,1,1,1,1,1,1
1,1,1,1,1,1,1,1,1,1
1,1,1,1,1,1,1,1,1,1
1,1,1,1,1,1,1,1,1,1
1,1,1,1,1,1,1,1,1,1
1,1,1,1,1,1,1,1,1,1
1,1,1,1,1,1,1,1,1,1
1,1,1,1,1,1,1,1,1,1
1,1,1,1,1,1,1,1,1,1
1,1,1,1,1,1,1,1,1,1
1,1,1,1,1,1,1,1,1,1
1,1,1,1,1,1,1,1,1,1
1,1,1,1,1,1,1,1,1,1
1,1,1,1,1,1,1,1,1,1
1,1,1,1,1,1,1,1,1,1
1,1,1,1,1,1,1,1,1,1
1,1,1,1,1,1,1,1,1,1
1,1,1,1,1,1,1,1,1,1
1,1,1,1,1,1,1,1,1,1
1,1,1,1,1,1,1,1,1,1
1,1,1,1,1,1,1,1,1,1
1,1,1,1,1,1,1,1,1,1
1,1,1,1,1,1,1,1,1,1
1,1,1,1,1,1,1,1,1,1
1,1,1,1,1,1,1,1,1,1
1,1,1,1,1,1,1,1,1,1
1,1,1,1,1,1,1,1,1,1
1,1,1,1,1,1,1,1,1,1
1,1,1,1,1,1,1,1,1,1
1,1,1,1,1,1,1,1,1,1
1,1,1,1,1,1,1,1,1,1
1,1,1,1,1,1,1,1,1,1
1,1,1,1,1,1,1,1,1,1
1,1,1,1,1,1,1,1,1,1
1,1,1,1,1,1,1,1,1,1
1,1,1,1,1,1,1,1,1,1
1,1,1,1,1,1,1,1,1,1
1,1,1,1,1,1,1,1,1,1
1,1,1,1,1,1,1,1,1,1
1,1,1,1,1,1,1,1,1,1
1,1,1,1,1,1,1,1,1,1
1,1,1,1,1,1,1,1,1,1
1,1,1,1,1,1,1,1,1,1
1,1,1,1,1,1,1,1,1,1
1,1,1,1,1,1,1,1,1,1
1,1,1,1,1,1,1,1,1,1
1,1,1,1,1,1,1,1,1,1
1,1,1,1,1,1,1,1,1,1
1,1,1,1,1,1,1,1,1,1
1,1,1,1,1,1,1,1,1,1
1,1,1,1,1,1,1,1,1,1
1,1,1,1,1,1,1,1,1,1
1,1,1,1,1,1,1,1,1,1
1,1,1,1,1,1,1,1,1,1
1,1,1,1,1,1,1,1,1,1
1,1,1,1,1,1,1,1,1,1
1,1,1,1,1,1,1,1,1,1
1,1,1,1,1,1,1,1,1,1
1,1,1,1,1,1,1,1,1,1
1,1,1,1,1,1,1,1,1,1
1,1,1,1,1,1,1,1,1,1
1,1,1,1,1,1,1,1,1,1
1,1,1,1,1,1,1,1,1,1
1,1,1,1,1,1,1,1,1,1
0.999046,1,1,1,1,1,1,1,1,1
0.9963967,1,1,1,1,1,1,1,1,1
0.9937499,1,1,1,1,1,1,1,1,1
0.9911054,1,1,1,1,1,1,1,1,1
0.9884636,1,1,1,1,1,1,1,1,1
0.9858245,1,1,1,1,1,1,1,1,1
0.9831912,1,1,1,1,1,1,1,1,1
0.980567,1,1,1,1,1,1,1,1,1
0.977949,1,1,1,1,1,1,1,1,1
0.9753407,1,1,1,1,1,1,1,1,1
0.9727424,1,1,1,1,1,1,1,1,1
0.9701573,1,1,1,1,1,1,1,1,1
0.9675859,1,1,1,1,1,1,1,1,1
0.9650283,1,1,1,1,1,1,1,1,1
0.9624884,1,1,1,1,1,1,1,1,1
0.9599663,1,1,1,1,1,1,1,1,1
0.9574625,1,1,1,1,1,1,1,1,1
0.9549807,1,1,1,1,1,1,1,1,1
0.9525212,1,1,1,1,1,1,1,1,1
0.9500846,1,1,1,1,1,1,1,1,1
0.9476745,1,1,1,1,1,1,1,1,1
0.9452913,1,1,1,1,1,1,1,1,1
0.9429358,1,1,1,1,1,1,1,1,1
0.9406115,1,1,1,1,1,1,1,1,1
0.9383191,1,1,1,1,1,1,1,1,1
0.936059,1,1,1,1,1,1,1,1,1
0.9338319,1,1,1,1,1,1,1,1,1
0.9316415,1,1,1,1,1,1,1,1,1
0.9294883,1,1,1,1,1,1,1,1,1
1,1,1,1,1,1,1,1,1,1
1,1,1,1,1,1,1,1,1,1
1,1,1,1,1,1,1,1,1,1
1,1,1,1,1,1,1,1,1,1
1,1,1,1,1,1,1,1,1,1
1,1,1,1,1,1,1,1,1,1
1,1,1,1,1,1,1,1,1,1
1,1,1,1,1,1,1,1,1,1
1,1,1,1,1,1,1,1,1,1
1,1,1,1,1,1,1,1,1,1
1,1,1,1,1,1,1,1,1,1
0.9982878,1,1,1,1,1,1,1,1,1
0.9960763,1,1,1,1,1,1,1,1,1
0.9938685,1,1,1,1,1,1,1,1,1
0.9916673,1,1,1,1,1,1,1,1,1
1,1,1,1,1,1,1,1,1,1
1,1,1,1,1,1,1,1,1,1
1,1,1,1,1,1,1,1,1,1
1,1,1,1,1,1,1,1,1,1
1,1,1,1,1,1,1,1,1,1
1,1,1,1,1,1,1,1,1,1
1,1,1,1,1,1,1,1,1,1
1,1,1,1,1,1,1,1,1,1
1,1,1,1,1,1,1,1,1,1
1,1,1,1,1,1,1,1,1,1
1,1,1,1,1,1,1,1,1,1
1,1,1,1,1,1,1,1,1,1
1,1,1,1,1,1,1,1,1,1
1,1,1,1,1,1,1,1,1,1
1,1,1,1,1,1,1,1,1,1
1,1,1,1,1,1,1,1,1,1
1,1,1,1,1,1,1,1,1,1
1,1,1,1,1,1,1,1,1,1
1,1,1,1,1,1,1,1,1,1
1,1,1,1,1,1,1,1,1,1
1,1,1,1,1,1,1,1,1,1
1,1,1,1,1,1,1,1,1,1
1,1,1,1,1,1,1,1,1,1
1,1,1,1,1,1,1,1,1,1
1,1,1,1,1,1,1,1,1,1
1,1,1,1,1,1,1,1,1,1
1,1,1,1,1,1,1,1,1,1
1,1,1,1,1,1,1,1,1,1
1,1,1,1,1,1,1,1,1,1
1,1,1,1,1,1,1,1,1,1
1,1,1,1,1,1,1,1,1,1
1,1,1,1,1,1,1,1,1,1
1,1,1,1,1,1,1,1,1,1
1,1,1,1,1,1,1,1,1,1
1,1,1,1,1,1,1,1,1,1
1,1,1,1,1,1,1,1,1,1
1,1,1,1,1,1,1,1,1,1
1,1,1,1,1,1,1,1,1,1
1,1,1,1,1,1,1,1,1,1
1,1,1,1,1,1,1,1,1,1
1,1,1,1,1,1,1,1,1,1
1,1,1,1,1,1,1,1,1,1
1,1,1,1,1,1,1,1,1,1
1,1,1,1,1,1,1,1,1,1
1,1,1,1,1,1,1,1,1,1
1,1,1,1,1,1,1,1,1,1
1,1,1,1,1,1,1,1,1,1
1,1,1,1,1,1,1,1,1,1
1,1,1,1,1,1,1,1,1,1
1,1,1,1,1,1,1,1,1,1
1,1,1,1,1,1,1,1,1,1
1,1,1,1,1,1,1,1,1,1
1,1,1,1,1,1,1,1,1,1
1,1,1,1,1,1,1,1,1,1
1,1,1,1,1,1,1,1,1,1
1,1,1,1,1,1,1,1,1,1
1,1,1,1,1,1,1,1,1,1
1,1,1,1,1,1,1,1,1,1
1,1,1,1,1,1,1,1,1,1
1,1,1,1,1,1,1,1,1,1
1,1,1,1,1,1,1,1,1,1
1,1,1,1,1,1,1,1,1,1
1,1,1,1,1,1,1,1,1,1
1,1,1,1,1,1,1,1,1,1
1,1,1,1,1,1,1,1,1,1
1,1,1,1,1,1,1,1,1,1
1,1,1,1,1,1,1,1,1,1
1,1,1,1,0.9925798,1,1,1,1,1
1,1,1,1,0.9825644,1,1,1,1,1
1,1,1,1,0.9725286,1,1,1,1,1
1,1,1,1,0.962473,1,1,1,1,1
1,1,1,1,0.9523979,1,1,1,1,1
1,1,1,1,0.942304,1,1,1,1,1
1,1,1,1,0.9321918,1,1,1,1,1
1,1,1,1,0.9220621,1,1,1,1,1
1,1,1,1,0.9119156,1,1,1,1,1
1,1,1,1,0.9017529,1,1,1,1,1
1,1,1,1,0.8915749,1,1,1,1,1
1,1,1,1,0.8813823,1,1,1,1,1
1,1,1,1,0.8711759,1,1,1,1,1
1,1,1,1,0.8609565,1,1,1,1,1
1,1,1,1,0.8507252,1,1,1,1,1
1,1,1,1,0.8404825,1,1,1,1,1
1,1,0.9990924,0.8760182,0.8302296,1,1,1,1,1
1,1,1,0.8642536,0.8196222,1,1,1,1,1
1,1,1,0.8524524,0.808997,1,1,1,1,1
1,1,1,0.8406141,0.7983543,1,1,1,1,1
1,1,1,0.8287465,0.7876984,1,1,1,1,2
1,1,1,0.8168572,0.7770339,1,1,1,1,2
1,1,1,0.8049536,0.7663645,1,1,1,1,2
1,1,1,0.793043,0.7556944,1,1,1,1,2
1,1,1,0.7811326,0.7450276,1,1,1,1,2
1,1,1,0.769229,0.7343675,1,1,1,1,2
1,1,1,0.7573386,0.7237175,1,1,1,1,2
1,1,1,0.7454675,0.7130809,1,1,1,1,2
1,1,1,0.7336212,0.7024605,1,1,1,1,2
1,1,1,0.721805,0.6918588,1,1,1,1,2
1,1,1,0.7100235,0.6812783,1,1,1,1,2
1,1,1,0.698281,0.6707208,1,1,1,1,2
1,1,1,0.6865813,0.6601881,1,1,1,1,2
1,1,1,0.6749277,0.6496815,1,1,1,1,2
1,1,1,0.663323,0.6392022,1,1,1,1,2
1,1,1,0.6517698,0.6287509,1,1,1,1,2
1,1,1,0.6402696,0.6183281,1,1,1,1,2
1,0.9813477,1,0.6288244,0.6079341,1,1,1,1,2
1,0.9542772,1,0.617323,0.5975305,1,1,1,1,2
1,0.9265586,1,0.6057364,0.5871118,1,1,1,1,2
1,0.8983698,1,0.5940886,0.5766923,1,1,1,1,2
1,0.869891,1,0.5824043,0.5662864,1,1,1,1,2
1,0.8412999,1,0.5707089,0.5559084,1,1,1,1,2
1,0.8127662,0.6166719,0.5590276,0.5455725,1,1,1,1,2
1,0.7769118,0.5994674,0.5465021,0.5351435,1,1,1,1,2
1,0.7424869,0.5826355,0.5342075,1,1,1,1,1,2
1,0.7403399,0.5663022,0.5221929,1,1,1,1,1,2
1,0.7531142,0.5505695,0.5104898,1,1,1,1,1,2
1,0.7662272,0.5355045,0.4991063,1,1,1,1,1,2
1,0.7796088,0.5210406,0.4880034,1,1,1,1,1,2
1,0.7931898,0.5071166,0.4771451,1,1,1,1,1,2
1,0.8068975,0.4936758,0.4664984,1,1,1,1,1,2
1,0.8206706,0.480666,0.4560328,1,1,1,1,1,2
1,0.834445,0.4680402,0.4457216,1,1,1,1,1,2
1,0.8481568,0.4557556,0.5486876,1,1,1,1,1,2
1,1,0.4437982,1,1,1,1,1,1,2
0.8940228,1,0.432637,1,1,1,1,1,1,2
0.8489943,1,0.4210761,1,1,1,1,1,1,2
0.8034587,1,0.4094805,1,1,1,1,1,1,2
0.7580246,1,0.3978943,1,1,1,1,1,1,2
0.7132553,0.4788132,0.3863625,1,1,1,1,1,1,2
0.6641846,0.458935,0.3745888,1,1,1,1,1,1,2
0.6705539,0.4399339,0.3631333,1,1,1,1,1,1,2
0.6817046,0.4217542,0.3519822,1,1,1,1,1,1,2
0.6936716,0.4043444,0.3411222,1,1,1,1,1,1,2
0.7064985,0.3876577,0.3599124,1,1,1,1,1,1,2
0.7202294,0.3716509,0.4620546,1,1,1,1,1,1,2
0.7349164,0.3562846,1,1,1,1,1,1,1,2
0.7506133,0.341522,1,1,1,1,1,1,1,2
0.767379,0.3273298,1,1,1,1,1,1,1,2
0.9880236,0.3137125,1,1,1,1,1,1,1,2
0.4280117,0.3016438,1,1,1,1,1,1,1,2
0.403681,0.2888395,1,1,1,1,1,1,1,2
0.3808187,0.2765015,1,1,1,1,1,1,1,2
0.359304,0.2646064,1,1,1,1,1,1,1,2
0.3390299,0.2531327,1,1,1,1,1,1,1,2
0.3198996,0.2733137,1,1,1,1,1,1,1,2
0.3018271,0.307303,1,1,1,1,1,1,1,2
0.2847348,0.346636,1,1,1,1,1,1,1,2
0.2685531,0.392516,1,1,1,1,1,1,1,2
0.2532187,0.4465521,1,1,1,1,1,1,1,2
0.2386746,1,1,1,1,1,1,1,1,2
0.2250482,1,1,1,1,1,1,1,1,2
0.2226755,1,1,1,1,1,1,1,1,2
0.2398677,1,1,1,1,1,1,1,1,2
0.258011,1,1,1,1,1,1,1,1,2
0.2771083,1,1,1,1,1,1,1,1,2
0.2971504,1,1,1,1,1,1,1,1,2
0.3181212,1,1,1,1,1,1,1,1,2
0.3400028,1,1,1,1,1,1,1,1,2
0.3627701,1,1,1,1,1,1,1,1,2
0.3863836,1,1,1,1,1,1,1,1,2
0.4108022,1,1,1,1,1,1,1,1,2
1,1,1,1,1,1,1,1,1,1
1,1,1,1,1,1,1,1,1,1
1,1,1,1,1,1,1,1,1,1
1,1,1,1,1,1,1,1,1,1
1,1,1,1,1,1,1,1,1,1
1,1,1,1,1,1,1,1,1,1
1,1,1,1,1,1,1,1,1,1
1,1,1,1,1,1,1,1,1,1
1,1,1,1,1,1,1,1,1,1
1,1,1,1,1,1,1,1,1,1
1,1,1,1,1,1,1,1,1,1
1,1,1,1,1,1,1,1,1,1
1,1,1,1,1,1,1,1,1,1
1,1,1,1,1,1,1,1,1,1
1,1,1,1,1,1,1,1,1,1
1,1,1,1,1,1,1,1,1,1
1,1,1,1,1,1,1,1,1,1
1,1,1,1,1,1,1,1,1,1
1,1,1,1,1,1,1,1,1,1
1,1,1,1,1,1,1,1,1,1
1,1,1,1,1,1,1,1,1,1
1,1,1,1,1,1,1,1,1,1
1,1,1,1,1,1,1,1,1,1
1,1,1,1,1,1,1,1,1,1
1,1,1,1,1,1,1,1,1,1
1,1,1,1,1,1,1,1,1,1
1,1,1,1,1,1,1,1,1,1
1,1,1,1,1,1,1,1,1,1
1,1,1,1,1,1,1,1,1,1
1,1,1,1,1,1,1,1,1,1
1,1,1,1,1,1,1,1,1,1
1,1,1,1,1,1,1,1,1,1
1,1,1,1,1,1,1,1,1,1
1,1,1,1,1,1,1,1,1,1
1,1,1,1,1,1,1,1,1,1
1,1,1,1,1,1,1,1,1,1
1,1,1,1,1,1,1,1,1,1
1,1,1,1,1,1,1,1,1,1
1,1,1,1,1,1,1,1,1,1
1,1,1,1,1,1,1,1,1,1
1,1,1,1,1,1,1,1,1,1
1,1,1,1,1,1,1,1,1,1
1,1,1,1,1,1,1,1,1,1
1,1,1,1,1,1,1,1,1,1
1,1,1,1,1,1,1,1,1,1
1,1,1,1,1,1,1,1,1,1
1,1,1,1,1,1,1,1,1,1
1,1,1,1,1,1,1,1,1,1
1,1,1,1,1,1,1,1,1,1
1,1,1,1,1,1,1,1,1,1
1,1,1,1,1,1,1,1,1,1
1,1,1,1,1,1,1,1,1,1
1,1,1,1,1,1,1,1,1,1
1,1,1,1,1,1,1,1,1,1
1,1,1,1,1,1,1,1,1,1
1,1,1,1,1,1,1,1,1,1
1,1,1,1,1,1,1,1,1,1
1,1,1,1,1,1,1,1,1,1
1,1,1,1,1,1,1,1,1,1
1,1,1,1,1,1,1,1,1,1
1,1,1,1,1,1,1,1,1,1
1,1,1,1,1,1,1,1,1,1
1,1,1,1,1,1,1,1,1,1
1,1,1,1,1,1,1,1,1,1
1,1,1,1,1,1,1,1,1,1
1,1,1,1,1,1,1,1,1,1
1,1,1,1,1,1,1,1,1,1
1,1,1,1,1,1,1,1,1,1
1,1,1,1,1,1,1,1,1,1
1,1,1,1,1,1,1,1,1,1
1,1,1,1,1,1,1,1,1,1
1,1,1,1,1,1,1,1,1,1
1,1,1,1,1,1,1,1,1,1
1,1,1,1,1,1,1,1,1,1
1,1,1,1,1,1,1,1,1,1
1,1,1,1,1,1,1,1,1,1
1,1,1,1,1,1,1,1,1,1
1,1,1,1,1,1,1,1,1,1
1,1,1,1,1,1,1,1,1,1
1,1,1,1,1,1,1,1,1,1
1,1,1,1,1,1,1,1,1,1
1,1,1,1,1,1,1,1,1,1
1,1,1,1,1,1,1,1,1,1
1,1,1,1,1,1,1,1,1,1
1,1,1,1,1,1,1,1,1,1
1,1,1,1,1,1,1,1,1,1
1,1,1,1,1,1,1,1,1,1
1,1,1,1,1,1,1,1,1,1
1,1,1,1,1,1,1,1,1,1
1,1,1,1,1,1,1,1,1,1
1,1,1,1,1,1,1,1,1,1
1,1,1,1,1,1,1,1,1,1
1,1,1,1,1,1,1,1,1,1
1,1,1,1,1,1,1,1,1,1
1,1,1,1,1,1,1,1,1,1
1,1,1,1,1,1,1,1,1,1
1,1,1,1,1,1,1,1,1,1
1,1,1,1,1,1,1,1,1,1
1,1,1,1,1,1,1,1,1,1
1,1,1,1,1,1,1,1,1,1
1,1,1,1,1,1,1,1,1,1
1,1,1,1,1,1,1,1,1,1
1,1,1,1,1,1,1,1,1,1
1,1,1,1,1,1,1,1,1,1
1,1,1,1,1,1,1,1,1,1
1,1,1,1,1,1,1,1,1,1
1,1,1,1,1,1,1,1,1,1
1,1,1,1,1,1,1,1,1,1
1,1,1,1,1,1,1,1,1,1
1,1,1,1,1,1,1,1,1,1
1,1,1,1,1,1,1,1,1,1
1,1,1,1,1,1,1,1,1,1
1,1,1,1,1,1,1,1,1,1
1,1,1,1,1,1,1,1,1,1
1,1,1,1,1,1,1,1,1,1
1,1,1,1,1,1,1,1,1,1
1,1,1,1,1,1,1,1,1,1
1,1,1,1,1,1,1,1,1,1
1,1,1,1,1,1,1,1,1,1
1,1,1,1,1,1,1,1,1,1
1,1,1,1,1,1,1,1,1,1
1,1,1,1,1,1,1,1,1,1
1,1,1,1,1,1,1,1,1,1
1,1,1,1,1,1,1,1,1,1
1,1,1,1,1,1,1,1,1,1
1,1,1,1,1,1,1,1,1,1
1,1,1,1,1,1,1,1,1,1
1,1,1,1,1,1,1,1,1,1
1,1,1,1,1,1,1,1,1,1
1,1,1,1,1,1,1,1,1,1
1,1,1,1,1,1,1,1,1,1
1,1,1,1,1,1,1,1,1,1
1,1,1,1,1,1,1,1,1,1
1,1,1,1,1,1,1,1,1,1
1,1,1,1,1,1,1,1,1,1
1,1,1,1,1,1,1,1,1,1
1,1,1,1,1,1,1,1,1,1
1,1,1,1,1,1,1,1,1,1
1,1,1,1,1,1,1,0.9897847,1,1
1,1,1,1,1,1,1,0.9738474,1,1
1,1,1,1,1,1,1,0.9573401,1,1
1,1,1,1,1,1,1,0.9402769,1,1
1,1,1,1,1,1,1,0.9226763,1,1
1,1,1,1,1,1,1,0.9045631,1,1
1,1,1,1,1,1,1,0.885968,1,1
1,1,1,1,1,1,1,0.866926,1,0
1,1,1,1,1,1,1,0.8474781,1,0
1,1,1,1,1,1,1,0.8276691,1,0
1,1,1,1,1,1,1,0.8075489,1,0
1,1,1,1,1,1,1,0.7871697,1,0
1,1,1,1,1,1,1,0.7665863,1,0
1,1,1,1,1,1,1,0.745856,1,0
1,1,1,1,1,1,1,0.7250358,1,0
1,1,1,1,1,1,1,0.7106014,1,0
1,1,1,1,1,1,1,0.717645,1,0
1,1,1,1,1,1,1,0.7247768,1,0
1,1,1,1,1,1,1,0.7319906,1,0
1,1,1,1,1,1,1,0.7392759,1,0
1,1,1,1,1,1,1,0.7466223,1,0
1,1,1,1,1,1,1,0.7540194,1,0
1,1,1,1,1,1,1,0.7614566,1,0
1,1,1,1,1,1,1,0.7689233,1,0
1,1,1,1,1,1,1,0.7764138,1,0
1,1,1,1,1,1,1,0.783913,1,0
1,1,1,1,1,1,1,0.7914153,0.9519037,0
1,1,1,1,1,1,1,0.8006235,0.9108041,0
1,1,1,1,1,1,1,0.8113624,0.8687526,0
1,1,1,1,1,1,1,0.8237587,0.8262184,0
1,1,1,1,1,1,1,0.8379368,0.78367,0
1,1,1,1,1,1,1,0.8540164,0.7415461,0
1,1,1,1,1,1,1,0.8721231,0.7002381,0
1,1,1,1,1,1,1,1,0.660078,0
1,1,1,1,1,1,1,1,0.6244205,0
1,1,1,1,1,1,1,1,0.623988,0
1,1,1,1,1,1,1,1,0.6319227,0
1,1,1,1,1,1,1,1,0.6401032,0
1,1,1,1,1,1,1,1,0.648514,0
1,1,1,1,1,1,1,1,0.657147,0
1,1,1,1,1,1,1,1,0.6659857,0
1,1,1,1,1,1,1,1,0.6750136,0
1,1,1,1,1,1,1,1,0.6842175,0
1,1,1,1,1,1,1,1,0.6935835,0
1,1,1,1,1,1,1,1,0.7030941,0
1,1,1,1,1,1,1,1,0.7127348,0
1,1,1,1,1,1,1,1,0.7224913,0
1,1,1,1,1,1,1,1,0.732345,0
1,0.9951658,1,1,1,1,1,1,0.7422811,0
1,0.988512,1,1,1,1,1,1,0.7521659,0
1,0.9820727,1,1,1,1,1,1,0.7619284,0
1,0.9758281,1,1,1,1,1,1,0.7715451,0
1,0.9697579,1,1,1,1,1,1,0.7809982,0
1,0.9638505,1,1,1,1,1,1,1,1
1,0.9598969,1,1,1,1,1,1,1,1
1,0.9559999,1,1,1,1,1,1,1,1
1,0.952159,1,1,1,1,1,1,1,1
1,1,1,1,1,1,1,1,1,1
1,1,1,1,1,1,1,1,1,1
0.917658,1,1,1,1,1,1,1,1,1
0.9129869,1,1,1,1,1,1,1,1,1
0.9083375,1,1,1,1,1,1,1,1,1
0.9037117,1,1,1,1,1,1,1,1,1
0.8991153,1,1,1,1,1,1,1,1,1
0.8945533,1,1,1,1,1,1,1,1,2
0.8900284,1,1,1,1,1,1,1,1,2
0.885546,1,1,1,1,1,1,1,1,2
0.8811086,1,1,1,1,1,1,1,1,2
0.876722,1,1,1,1,1,1,1,1,2
0.8723915,1,1,1,1,1,1,1,1,2
0.8681199,1,1,1,1,1,1,1,1,2
0.8639128,1,1,1,1,1,1,1,1,2
0.8597727,1,1,1,1,1,1,1,1,2
0.8557053,1,1,1,1,1,1,1,1,2
0.8517132,1,1,1,1,1,1,1,1,2
0.847802,1,1,1,1,1,1,1,1,2
0.8439773,1,1,1,1,1,1,1,1,2
0.8402413,1,1,1,1,1,1,1,1,2
0.8366,1,1,1,1,1,1,1,1,2
0.8330554,1,1,1,1,1,1,1,1,2
0.829613,1,1,1,1,1,1,1,1,2
0.8262752,1,1,1,1,1,1,1,1,2
0.8230442,1,1,1,1,1,1,1,1,2
0.8199282,1,1,1,1,1,1,1,1,2
0.8169261,1,1,1,1,1,1,1,1,2
0.814043,1,1,1,1,1,1,1,1,2
1,1,1,1,1,1,1,1,1,1
1,1,1,1,1,1,1,1,1,1
1,1,1,1,1,1,1,1,1,1
1,1,1,1,1,1,1,1,1,1
1,1,1,1,1,1,1,1,1,1
1,1,1,1,1,1,1,1,1,1
1,1,1,1,1,1,1,1,1,1
1,1,1,1,1,1,1,1,1,1
1,1,1,1,1,1,1,1,1,1
1,1,1,1,1,1,1,1,1,1
1,1,1,1,1,1,1,1,1,1
1,1,1,1,1,1,1,1,1,1
1,1,1,1,1,1,1,1,1,1
1,1,1,1,1,1,1,1,1,1
1,1,1,1,1,1,1,1,1,1
1,1,1,1,1,1,1,1,1,1
1,1,1,1,1,1,1,1,1,1
1,1,1,0.9903838,1,1,1,1,1,1
1,1,1,0.979625,1,1,1,1,1,1
1,1,1,0.9687772,1,1,1,1,1,1
1,1,1,0.9578425,1,1,1,1,1,1
1,1,1,0.9468236,1,1,1,1,1,1
1,1,1,0.9357228,1,1,1,1,1,1
1,1,1,0.9245434,1,1,1,1,1,1
1,1,1,0.9132887,1,1,1,1,1,1
1,1,1,0.901962,1,1,1,1,1,1
1,1,1,0.890567,1,1,1,1,1,1
1,1,1,0.8791081,1,1,1,1,1,1
1,1,1,0.8675893,1,1,1,1,1,1
1,1,1,0.8560147,1,1,1,1,1,1
1,1,1,0.8443893,1,1,1,1,1,1
1,1,1,0.8327174,1,1,1,1,1,1
1,1,1,0.8210037,1,1,1,1,1,1
1,1,1,0.8092534,1,1,1,1,1,1
1,1,1,0.7974709,1,1,1,1,1,1
1,1,1,0.7856613,1,1,1,1,1,1
1,1,1,0.7738298,1,1,1,1,1,1
1,1,1,0.7619808,1,1,1,1,1,1
1,1,1,0.7501194,1,1,1,1,1,1
1,1,1,0.7382503,1,1,1,1,1,2
1,1,1,0.7263776,1,1,1,1,1,2
1,1,1,0.7145067,1,1,1,1,1,2
1,1,1,0.7026415,1,1,1,1,1,2
1,1,1,0.6907864,1,1,1,1,1,2
1,1,1,0.6789449,1,1,1,1,1,2
1,1,1,0.6671214,1,1,1,1,1,2
1,1,1,0.6654593,1,1,1,1,1,2
1,1,1,0.6690665,1,1,1,1,1,2
1,1,1,0.6727129,1,1,1,1,1,2
1,1,1,0.6763904,1,1,1,1,1,2
1,1,1,0.6801004,1,1,1,1,1,2
1,1,1,0.6838436,1,1,1,1,1,2
1,1,0.669361,0.6876117,1,1,1,1,1,2
1,1,0.6520587,0.7076676,1,1,1,1,1,2
1,1,0.6351713,1,1,1,1,1,1,2
1,1,0.6200551,1,1,1,1,1,1,2
1,1,0.6050395,1,1,1,1,1,1,2
1,1,0.5901359,1,1,1,1,1,1,2
1,1,0.5753551,1,1,1,1,1,1,2
1,1,0.560706,1,1,1,1,1,1,2
1,1,0.5461966,1,1,1,1,1,1,2
1,1,0.5318337,1,1,1,1,1,1,2
1,1,0.5176228,1,1,1,1,1,1,2
1,1,0.5035692,1,0.9902717,1,1,1,1,2
1,1,0.4896701,1,0.9797733,1,1,1,1,2
1,1,0.4759307,0.9906481,0.9693718,1,1,1,1,2
1,1,0.4810763,0.9783581,0.9590667,1,1,1,1,2
1,1,0.4905017,0.9662533,0.9488659,1,1,1,1,2
1,1,0.5002922,0.9543387,0.9387624,1,1,1,1,2
1,1,0.5104204,0.9426041,0.9287464,1,1,1,1,2
1,1,0.5208711,0.9310374,0.9188077,1,1,1,1,2
1,1,0.5316129,0.9196283,0.908937,1,1,1,1,2
1,1,0.542627,0.9083654,0.8991251,1,1,1,1,2
1,1,0.9673126,0.8972378,0.8893625,1,1,1,1,1
1,0.49723,0.9560822,0.8870329,0.8793941,1,1,1,1,2
1,0.4736516,0.9387513,0.8750585,0.8700775,1,1,1,1,2
1,0.4507713,0.9217161,0.8633361,0.861037,1,1,1,1,2
1,0.4286473,0.9024671,0.8518955,0.8522846,1,1,1,1,2
1,0.407304,0.8862112,0.8407571,1,1,1,1,1,2
1,0.3865263,0.8702137,0.8299106,1,1,1,1,1,2
1,0.3665628,0.8546912,0.819409,1,1,1,1,1,2
1,0.3474093,0.839666,0.809257,1,1,1,1,1,2
1,0.3552363,0.8251497,0.7994528,1,1,1,1,1,2
1,0.3669396,0.811276,0.78997,1,1,1,1,1,2
1,0.3792068,0.7980014,0.7807621,1,1,1,1,1,2
1,0.391999,0.785265,0.7717853,1,1,1,1,1,2
0.4354356,0.4052829,0.7730092,0.762998,1,1,1,1,1,2
0.4013329,0.4225871,0.7604941,1,1,1,1,1,1,2
0.3698218,0.8861148,0.7484556,1,1,1,1,1,1,2
0.3406223,0.8632782,0.7368783,1,1,1,1,1,1,2
0.3134947,0.8414785,0.7257489,1,1,1,1,1,1,2
0.3077896,0.8206579,0.7150543,1,1,1,1,1,1,2
0.3172094,0.8007641,0.7047831,1,1,1,1,1,1,2
0.3273194,0.7817479,0.6949242,1,1,1,1,1,1,2
0.338161,0.7608774,0.6854682,1,1,1,1,1,1,2
0.3497799,0.743513,0.676406,1,1,1,1,1,1,2
0.3622311,0.7269006,0.6677296,1,1,1,1,1,1,2
0.3755713,0.7110053,0.6594315,1,1,1,1,1,1,2
0.9378902,0.6957948,1,1,1,1,1,1,1,2
0.9192868,0.6848016,1,1,1,1,1,1,1,2
0.9004421,0.6737708,1,1,1,1,1,1,1,2
0.8814237,0.6627247,1,1,1,1,1,1,1,2
0.8623011,0.6516868,1,1,1,1,1,1,1,2
0.8431438,0.6406807,1,1,1,1,1,1,1,2
0.8240184,0.6297287,1,1,1,1,1,1,1,2
0.8049897,0.6188535,1,1,1,1,1,1,1,2
0.7861187,0.6080762,1,1,1,1,1,1,1,2
0.7674612,0.5974164,1,1,1,1,1,1,1,2
0.7490685,0.5868924,1,1,1,1,1,1,1,2
0.7309862,0.5765203,1,1,1,1,1,1,1,2
0.7132534,0.5663148,1,1,1,1,1,1,1,2
0.6927997,0.5562878,1,1,1,1,1,1,1,2
0.6758484,0.5464396,1,1,1,1,1,1,1,2
0.6593351,0.5367903,1,1,1,1,1,1,1,2
0.6432748,0.5273454,1,1,1,1,1,1,1,2
0.6276785,0.5181089,1,1,1,1,1,1,1,2
0.6125515,0.5090823,1,1,1,1,1,1,1,2
0.5978957,0.5002662,1,1,1,1,1,1,1,2
0.5837085,0.5710417,1,1,1,1,1,1,1,2
0.570164,0.6705137,1,1,1,1,1,1,1,2
0.5572468,0.7860587,1,1,1,1,1,1,1,2
0.5449026,1,1,1,1,1,1,1,1,2
0.5332012,1,1,1,1,1,1,1,1,2
0.5217464,1,1,1,1,1,1,1,1,2
0.5105404,1,1,1,1,1,1,1,1,2
0.4995839,1,1,1,1,1,1,1,1,2
0.4888766,1,1,1,1,1,1,1,1,2
0.4784178,1,1,1,1,1,1,1,1,2
0.4682055,1,1,1,1,1,1,1,1,2
0.4582375,1,1,1,1,1,1,1,1,2
0.4485103,1,1,1,1,1,1,1,1,2
0.4390206,1,1,1,1,1,1,1,1,2
0.437665,1,1,1,1,1,1,1,1,2
0.465735,1,1,1,1,1,1,1,1,2
0.494471,1,1,1,1,1,1,1,1,2
0.5237942,1,1,1,1,1,1,1,1,2
0.5536107,1,1,1,1,1,1,1,1,2
0.5838273,1,1,1,1,1,1,1,1,2
0.6143386,1,1,1,1,1,0.995942,1,1,2
0.6447765,1,1,1,1,1,0.9864985,1,1,2
0.6746122,1,1,1,1,1,0.9772751,1,1,1
0.70366,1,1,1,1,1,0.968248,1,1,1
0.7317463,1,1,1,1,1,0.9593989,1,1,1
0.7587231,1,1,1,1,1,0.9507101,1,1,1
1,1,1,1,1,1,0.9421703,1,1,1
1,1,1,1,1,1,0.9343791,1,1,1
1,1,1,1,1,1,0.9266635,1,1,1
1,1,1,1,1,1,0.919024,1,1,1
1,1,1,1,1,1,0.9114608,1,1,1
1,1,1,1,1,1,0.9039777,1,1,1
1,1,1,1,1,1,0.8965785,1,1,0
1,1,1,1,1,1,0.8892639,1,1,0
1,1,1,1,1,1,0.8820383,1,1,0
1,1,1,1,1,1,0.8749055,1,1,0
1,1,1,1,1,1,0.8678667,1,1,0
1,1,1,1,1,1,0.8609263,1,1,0
1,1,1,1,1,1,1,0.8454256,1,0
1,1,1,1,1,1,1,0.8364906,1,0
1,1,1,1,1,1,1,0.8275971,1,0
1,1,1,1,1,1,1,0.8187553,1,0
1,1,1,1,1,1,1,0.809975,1,0
1,1,1,1,1,1,1,0.8012636,1,0
1,1,1,1,1,1,1,0.7926341,1,0
1,1,1,1,1,1,1,0.7840967,1,0
1,1,1,1,1,1,1,0.7756585,1,0
1,1,1,1,1,1,1,0.7673326,1,0
1,1,1,1,1,1,1,0.7591286,1,0
1,1,1,1,1,1,1,0.7510535,1,0
1,1,1,1,1,1,1,0.7431198,1,0
1,1,1,1,1,1,1,0.7353371,1,0
1,1,1,1,1,1,1,0.7277143,1,0
1,1,1,1,1,1,1,0.7202605,1,0
1,1,1,1,1,1,1,0.7129844,1,0
1,1,1,1,1,1,1,0.7058946,1,0
1,1,1,1,1,1,1,0.698999,1,0
1,1,1,1,1,1,1,0.6923057,1,0
1,1,1,1,1,1,1,0.6858221,1,0
1,1,1,1,1,1,1,0.6795556,0.7451975,0
1,1,1,1,1,1,1,0.6737285,0.731701,0
1,1,1,1,1,1,1,0.6683538,0.7189387,0
1,1,1,1,1,1,1,1,0.7068844,0
1,1,1,1,1,1,1,1,0.697783,0
1,1,1,1,1,1,1,1,0.6888542,0
1,1,1,1,1,1,1,1,0.6801137,0
1,1,1,1,1,1,1,1,0.6715735,0
1,1,1,1,1,1,1,1,0.6632454,0
1,1,1,1,1,1,1,1,0.6551406,0
1,1,1,1,1,1,1,1,0.6472732,0
1,1,1,1,1,1,1,1,0.6396568,0
1,1,1,1,1,1,1,1,0.6322984,0
1,1,1,1,1,1,1,1,0.6252137,0
1,1,1,1,1,1,1,1,0.6184089,0
1,1,1,1,1,1,1,1,0.6118957,0
1,1,1,1,1,1,1,1,0.6056826,0
1,1,1,1,1,1,1,1,0.5997771,0
1,1,1,1,1,1,1,1,0.6594715,0
1,1,1,1,1,1,1,1,0.7976186,0
1,1,1,1,1,1,1,1,0.9247065,1
1,1,1,1,1,1,1,1,1,1
1,1,1,1,1,1,1,1,1,1
1,1,1,1,1,1,1,1,1,1
1,1,1,1,1,1,1,1,1,1
1,1,1,1,1,1,1,1,1,1
1,1,1,1,1,1,1,1,1,1
1,1,1,1,1,1,1,1,1,1
1,1,1,1,1,1,1,1,1,1
1,1,1,1,1,1,1,1,1,1
1,1,1,1,1,1,1,1,1,1
1,1,1,1,1,1,1,1,1,1
1,1,1,1,1,1,1,1,1,1
1,1,1,1,1,1,1,1,1,1
1,1,1,1,1,1,1,1,1,1
1,1,1,1,1,1,1,1,1,1
1,1,1,1,1,1,1,1,1,1
1,1,1,1,1,1,1,1,1,1
1,1,1,1,1,1,1,1,1,1
1,1,1,1,1,1,1,1,1,1
1,1,1,1,1,1,1,1,1,1
1,1,1,1,1,1,1,1,1,1
1,1,1,1,1,1,1,1,1,1
1,1,1,1,1,1,1,1,1,1
1,1,1,1,1,1,1,1,1,1
1,1,1,1,1,1,1,1,1,1
1,1,1,1,1,1,1,1,1,1
1,1,1,1,1,1,1,1,1,1
1,1,1,1,1,1,1,1,1,1
1,1,1,1,1,1,1,1,1,1
1,1,1,1,1,1,1,1,1,1
1,1,1,1,1,1,1,1,1,1
1,1,1,1,1,1,1,1,1,1
1,1,1,1,1,1,1,1,1,1
1,1,1,1,1,1,1,1,1,1
1,1,1,1,1,1,1,1,1,1
1,1,1,1,1,1,1,1,1,1
1,1,1,1,1,1,1,1,1,1
1,1,1,1,1,1,1,1,1,1
1,1,1,1,1,1,1,1,1,1
1,1,1,1,1,1,1,1,1,1
1,1,1,1,1,1,1,1,1,1
1,1,1,1,1,1,1,1,1,1
1,1,1,1,1,1,1,1,1,1
1,1,1,1,1,1,1,1,1,1
1,1,1,1,1,1,1,1,1,1
1,1,1,1,1,1,1,1,1,1
1,1,1,1,1,1,1,1,1,1
1,1,1,1,1,1,1,1,1,1
1,1,1,1,1,1,1,1,1,1
1,1,1,1,1,1,1,1,1,1
1,1,1,1,1,1,1,1,1,1
1,1,1,1,1,1,1,1,1,1
1,1,1,1,1,1,1,1,1,1
1,1,1,1,1,1,1,1,1,1
1,1,1,1,1,1,1,1,1,1
1,1,1,1,1,1,1,1,1,1
1,1,1,1,1,1,1,1,1,1
1,1,1,1,1,1,1,1,1,1
1,1,1,1,1,1,1,1,1,1
1,1,1,1,1,1,1,1,1,1
1,1,1,1,1,1,1,1,1,1
1,1,1,1,1,1,1,1,1,1
1,1,1,1,1,1,1,1,1,1
1,1,1,1,1,1,1,1,1,1
1,1,1,1,1,1,1,1,1,1
1,1,1,1,1,1,1,1,1,1
1,1,1,1,1,1,1,1,1,1
1,1,1,1,1,1,1,1,1,1
1,1,1,1,1,1,1,1,1,1
1,1,1,1,1,1,1,1,1,1
1,1,1,1,1,1,1,1,1,1
1,1,1,1,1,1,1,1,1,1
1,1,1,1,1,1,1,1,1,1
1,1,1,1,1,1,1,1,1,1
1,1,1,1,1,1,1,1,1,1
1,1,1,1,1,1,1,1,1,1
1,1,1,1,1,1,1,1,1,1
1,1,1,1,1,1,1,1,1,1
1,1,1,1,1,1,1,1,1,1
1,1,1,1,1,1,1,1,1,1
1,1,1,1,1,1,1,1,1,1
1,1,1,1,1,1,1,1,1,1
1,1,1,1,1,1,1,1,1,1
1,1,1,1,1,1,1,1,1,1
1,1,1,1,1,1,1,1,1,1
1,1,1,1,1,1,1,1,1,1
1,1,1,1,1,1,1,1,1,1
1,1,1,1,1,1,1,1,1,1
1,1,1,1,1,1,1,1,1,1
1,1,1,1,1,1,1,1,1,1
1,1,1,1,1,1,1,1,1,1
1,1,1,1,1,1,1,1,1,1
1,1,1,1,1,1,1,1,1,1
1,1,1,1,1,1,1,1,1,1
1,1,1,1,1,1,1,1,1,1
1,1,1,1,1,1,1,1,1,1
1,1,1,1,1,1,1,1,1,1
1,1,1,1,1,1,1,1,1,1
1,1,1,1,1,1,1,1,1,1
1,1,1,1,1,1,1,1,1,1
1,1,1,1,1,1,1,1,1,1
1,1,1,1,1,1,1,1,1,1
1,1,1,1,1,1,1,1,1,1
1,1,1,1,1,1,1,1,1,1
1,1,1,1,1,1,1,1,1,1
1,1,1,1,1,1,1,1,1,1
1,1,1,1,1,1,1,1,1,1
1,1,1,1,1,1,1,1,1,1
1,1,1,1,1,1,1,1,1,1
1,1,1,1,1,1,1,1,1,1
1,1,1,1,1,1,1,1,1,1
1,1,1,1,1,1,1,1,1,1
1,1,1,1,1,1,1,1,1,1
1,1,1,1,1,1,1,1,1,1
0.9229244,1,1,1,1,1,1,1,1,1
0.9044485,1,1,1,1,1,1,1,1,1
0.8854126,1,1,1,1,1,1,1,1,1
0.8658627,1,1,1,1,1,1,1,1,2
0.8458503,1,1,1,1,1,1,1,1,2
0.8314265,1,1,1,1,1,1,1,1,2
0.8401541,1,1,1,1,1,1,1,1,2
0.848832,1,1,1,1,1,1,1,1,2
0.8574535,1,1,1,1,1,1,1,1,2
0.8660076,1,1,1,1,1,1,1,1,2
0.8744844,1,1,1,1,1,1,1,1,1
0.8828734,1,1,1,1,1,1,1,1,1
1,1,1,1,1,1,1,1,1,1
1,1,1,1,1,1,1,1,1,1
1,1,1,1,1,1,1,1,1,1
1,1,1,1,1,1,1,1,1,1
1,1,1,1,1,1,1,1,1,1
1,1,1,1,1,1,1,1,1,1
1,1,1,1,1,1,1,1,1,1
1,1,1,1,1,1,1,1,1,1
1,1,1,1,1,1,1,1,1,1
1,1,1,1,1,1,1,1,1,1
1,1,1,1,1,1,1,1,1,1
1,1,1,1,1,1,1,1,1,1
1,1,1,1,1,1,1,1,1,1
1,1,1,1,1,1,1,1,1,1
1,1,1,1,1,1,1,1,1,1
1,1,1,1,1,1,1,1,1,1
1,1,1,1,1,1,1,1,1,1
1,1,1,1,1,1,1,1,1,1
1,1,1,1,1,1,1,1,1,1
1,1,1,1,1,1,1,1,1,1
1,1,1,1,1,1,1,1,1,1
1,1,1,1,1,1,1,1,1,1
1,1,1,1,1,1,1,1,1,1
1,1,1,1,1,1,1,1,1,1
1,1,1,1,1,1,1,1,1,1
1,1,1,1,1,1,1,1,1,1
1,1,1,1,1,1,1,1,1,1
1,1,1,1,1,1,1,1,1,1
1,1,1,1,1,1,1,1,1,1
1,1,1,1,1,1,1,1,1,1
1,1,1,1,1,1,1,1,1,1
1,1,1,1,1,1,1,1,1,1
1,1,1,1,1,1,1,1,0.9633017,1
1,1,1,1,1,1,1,1,0.94992,1
1,1,1,1,1,1,1,1,0.9504789,1
1,1,1,1,1,1,1,1,0.9510549,1
1,1,1,1,1,1,1,1,0.9516512,1
1,1,1,1,1,1,1,1,0.9522642,1
1,1,1,1,1,1,1,1,0.9528936,1
1,1,1,1,1,1,1,1,0.9535394,1
1,1,1,1,1,1,1,1,0.9542039,1
1,1,1,1,1,1,1,1,0.9548841,1
1,1,1,1,1,1,1,1,0.9555794,1
1,1,1,1,1,1,1,1,0.9562864,1
1,1,1,1,1,1,1,1,0.9570082,1
1,1,1,1,1,1,1,1,0.9577443,1
1,1,1,1,1,1,1,1,0.9584913,1
1,1,1,1,1,1,1,1,0.9592521,1
1,1,1,1,1,1,1,1,0.9600232,1
1,1,1,1,1,1,1,1,0.9608077,1
1,1,1,1,1,1,1,1,0.9616019,1
1,1,1,1,1,1,1,1,1,1
1,1,1,1,1,1,1,1,1,1
1,1,1,1,1,1,1,1,1,1
1,1,1,1,1,1,1,1,1,1
1,1,1,1,1,1,1,1,1,1
1,1,1,1,1,1,1,1,1,1
1,1,1,1,1,1,1,1,1,1
1,1,1,1,1,1,1,1,1,1
1,1,1,1,1,1,1,1,1,1
1,1,1,1,1,1,1,1,1,1
1,1,1,1,1,1,1,1,1,1
1,1,1,1,1,1,1,1,1,1
1,1,1,1,1,1,1,1,1,1
1,1,1,1,1,1,1,1,1,1
1,1,1,1,1,1,1,1,1,1
1,1,1,1,1,1,1,1,1,1
1,1,1,1,1,1,1,1,1,1
1,1,1,1,1,1,1,1,1,1
1,1,1,1,1,1,1,1,1,1
1,1,1,1,1,1,1,1,1,1
1,1,1,1,1,1,1,1,1,1
1,1,1,1,1,1,1,1,1,1
1,1,1,1,1,1,1,1,1,1
1,1,1,1,1,1,1,1,1,1
1,1,1,1,1,1,1,1,1,1
1,1,1,1,1,1,1,1,1,1
1,1,1,1,1,1,1,1,1,1
1,1,1,1,1,1,1,1,1,1
1,1,1,1,1,1,1,1,1,1
1,1,1,1,1,1,1,1,1,1
1,1,1,1,1,1,1,1,1,1
1,1,1,1,1,1,1,1,1,1
1,1,1,1,1,1,1,1,1,1
1,1,1,1,1,1,1,1,1,1
1,1,1,1,1,1,1,1,1,1
1,1,1,1,1,1,1,1,1,1
1,1,1,1,1,1,1,1,1,1
1,1,1,1,1,1,1,1,1,1
1,1,1,1,1,1,1,1,1,1
1,1,1,1,1,1,1,1,1,1
1,1,1,1,1,1,1,1,1,1
1,1,1,1,1,1,1,1,1,1
1,1,1,1,1,1,1,1,1,1
1,1,1,1,1,1,1,1,1,1
1,1,1,1,1,1,1,1,1,1
1,1,1,1,1,1,1,1,1,1
1,1,1,1,1,1,1,1,1,1
1,1,1,1,1,1,1,1,1,1
1,1,1,1,1,1,1,1,1,1
1,1,1,1,1,1,1,1,1,1
1,1,1,1,1,1,1,1,1,1
1,1,1,1,1,1,1,1,1,1
1,1,1,1,1,1,1,1,1,1
1,1,1,1,1,1,1,1,1,1
1,1,1,1,1,1,1,1,1,1
1,1,1,1,1,1,1,1,1,1
1,1,1,1,1,1,1,1,1,1
1,1,1,1,1,1,1,1,1,1
1,1,1,1,1,1,1,1,1,1
1,1,1,1,1,1,1,1,1,1
1,1,1,1,1,1,1,1,1,1
1,1,1,1,1,1,1,1,1,1
1,1,1,1,1,1,1,1,1,1
1,1,1,1,1,1,1,1,1,1
1,1,1,1,1,1,1,1,1,1
1,1,1,1,1,1,1,1,1,1
1,1,1,1,1,1,1,1,1,1
1,1,1,1,1,1,1,1,1,1
1,1,1,1,1,1,1,1,1,1
1,1,1,1,1,1,1,1,1,1
1,1,1,1,1,1,1,1,1,1
1,1,1,1,1,1,1,1,1,1
1,1,1,1,1,1,1,1,1,1
1,1,1,1,1,1,1,1,1,1
1,1,1,1,1,1,1,1,1,1
1,1,1,1,1,1,1,1,1,1
1,1,1,1,1,1,1,1,1,1
1,1,1,1,1,1,1,1,1,1
1,1,1,1,1,1,1,1,1,1
1,1,1,1,1,1,1,1,1,1
1,1,1,1,1,1,1,1,1,1
1,1,1,1,1,1,1,1,1,1
1,1,1,1,1,1,1,1,1,1
1,1,1,1,1,1,1,1,1,1
1,1,1,1,1,1,1,1,1,1
1,1,1,1,1,1,1,1,1,1
1,1,1,1,1,1,1,1,1,1
1,1,1,1,1,1,1,1,1,1
1,1,1,1,1,1,1,1,1,1
1,1,1,1,1,1,1,1,1,1
1,1,1,1,1,1,1,1,1,1
1,1,1,1,1,1,1,1,1,1
1,1,1,1,1,1,1,1,1,1
1,1,1,1,1,1,1,1,1,1
1,1,1,1,1,1,1,1,1,1
1,1,1,1,1,1,1,1,1,1
1,1,1,1,1,1,1,1,1,1
1,1,1,1,1,1,1,1,1,1
1,1,1,1,1,1,1,1,1,1
1,1,1,1,1,1,1,1,1,1
1,1,1,1,1,1,1,1,1,1
1,1,1,1,1,1,1,1,1,1
1,1,1,1,1,1,1,1,1,1
1,1,1,1,1,1,1,1,1,1
1,1,1,1,1,1,1,1,1,1
1,1,1,1,1,1,1,1,1,1
1,1,1,1,1,1,1,1,1,1
1,1,1,1,1,1,1,1,1,1
1,1,1,1,1,1,1,1,1,1
1,1,1,1,1,1,1,1,1,1
1,1,1,1,1,1,1,1,1,1
1,1,1,1,1,1,1,1,1,1
1,1,1,1,1,1,1,1,1,1
1,1,1,1,1,1,1,1,1,1
1,1,1,1,1,1,1,1,1,1
1,1,1,1,1,0.9972426,1,1,1,1
1,1,1,1,1,0.9871465,1,1,1,1
1,1,1,1,1,0.9770421,1,1,1,1
1,1,1,1,1,0.9669298,1,1,1,1
1,1,1,1,1,0.95681,1,1,1,1
1,1,1,1,1,0.9466829,1,1,1,1
1,1,1,1,1,0.9365488,1,1,1,1
1,1,1,1,1,0.9264085,0.9965501,1,1,1
1,1,1,1,1,0.9162547,0.9854919,1,1,1
1,1,1,1,1,0.9060728,0.9743408,1,1,1
1,1,1,1,1,0.8958645,0.9631008,1,1,1
1,1,1,1,1,0.8856313,0.9517766,1,1,1
1,1,1,1,1,0.8753756,0.9403735,1,1,1
1,1,1,1,1,0.8650991,0.9288962,1,1,1
1,1,1,1,1,0.8548046,0.9173511,1,1,1
1,1,1,1,1,0.8444947,0.9057444,1,1,1
1,1,1,1,1,0.8341719,0.8940822,1,1,1
1,1,1,1,1,0.8238387,0.8823712,1,1,1
1,1,1,1,1,0.8134983,0.8706182,1,1,1
1,1,1,1,1,0.8031532,0.8588298,1,1,1
1,1,1,1,1,0.7928063,0.8470131,1,1,1
1,1,1,1,1,0.7824603,0.8351747,1,1,1
1,1,1,1,1,0.772118,0.8233218,1,1,1
1,1,1,1,1,0.7617823,0.811461,1,1,1
1,1,1,1,1,0.7514554,0.7995986,1,1,1
1,1,1,1,1,0.74114,0.7877411,1,1,1
1,1,1,1,1,0.7308384,0.7758948,1,1,0
1,1,1,1,1,0.7205524,0.7640651,1,1,0
1,1,1,1,1,0.7102845,0.7522581,1,1,0
1,1,1,1,1,0.7476767,0.7404785,1,1,0
1,1,1,1,1,0.8056502,0.7287711,1,1,0
1,1,1,1,1,0.8702685,0.7171474,1,1,0
1,1,1,1,1,0.9424505,0.705604,1,1,1
1,1,1,1,1,1,0.6941382,1,1,1
1,1,1,1,1,1,0.6827335,1,1,1
1,1,1,1,1,1,0.671354,1,1,0
1,1,1,1,1,1,0.6600023,1,1,0
1,1,1,1,1,1,0.6486813,1,1,0
1,1,1,1,1,1,0.6373931,1,1,0
1,1,1,1,1,1,0.6261401,1,1,0
1,1,1,1,1,1,0.6149244,1,1,0
1,1,1,1,1,1,0.6037479,1,1,0
1,1,1,1,1,1,0.592612,1,1,0
1,1,1,1,1,1,0.5815187,1,1,0
1,1,1,1,1,1,0.570469,1,1,0
1,1,1,1,1,1,0.5594641,1,1,0
1,1,1,1,1,1,0.5485047,1,1,0
1,1,1,1,1,1,0.537592,0.6770175,1,0
1,1,1,1,1,1,0.5255762,0.6567969,1,0
1,1,1,1,1,1,0.513737,0.637046,1,0
1,1,1,1,1,1,0.5020818,0.617787,1,0
1,1,1,1,1,1,0.4906166,0.5990362,1,0
1,1,1,1,1,1,0.5024511,0.5808023,1,0
1,1,1,1,1,1,0.5575528,0.5631603,1,0
1,1,1,1,1,1,0.6214273,0.546198,1,0
1,1,1,1,1,1,0.695767,0.5298675,1,0
1,1,1,1,1,1,0.7827524,0.5141218,1,0
1,1,1,1,1,1,1,0.4989168,1,0
1,1,1,1,1,1,1,0.4843833,1,0
1,1,1,1,1,1,1,0.4701154,1,0
1,1,1,1,1,1,1,0.4561145,1,0
1,1,1,1,1,1,1,0.4423819,1,0
1,1,1,1,1,1,1,0.428916,1,0
1,1,1,1,1,1,1,0.4157154,1,0
1,1,1,1,1,1,1,0.4027766,0.5867785,0
1,1,1,1,1,1,1,0.3883098,0.5566783,0
1,1,1,1,1,1,1,0.3744032,0.5284837,0
1,1,1,1,1,1,1,0.3610278,0.5020299,0
1,1,1,1,1,1,1,0.3902652,0.4771713,0
1,1,1,1,1,1,1,0.4239711,0.4537778,0
1,1,1,1,1,1,1,0.4621901,0.4317341,0
1,1,1,1,1,1,1,0.505766,0.4109364,0
1,1,1,1,1,1,1,0.5557798,0.3912921,0
1,1,1,1,1,1,1,0.6136131,0.3727177,0
1,1,1,1,1,1,1,1,0.3551378,0
1,1,1,1,1,1,1,1,0.3394062,0
1,1,1,1,1,1,1,1,0.3243434,0
1,1,1,1,1,1,1,1,0.3283363,0
1,1,1,1,1,1,1,1,0.3463608,0
1,1,1,1,1,1,1,1,0.365132,0
1,1,1,1,1,1,1,1,0.3846315,0
1,1,1,1,1,1,1,1,0.4048301,0
1,1,1,1,1,1,1,1,0.4256984,0
1,1,1,1,1,1,1,1,0.4472013,0
1,1,1,1,1,1,1,1,0.4692985,0
1,1,1,1,1,1,1,1,0.4919385,0
1,1,1,1,1,1,1,1,0.515076,0
1,1,1,1,1,1,1,1,0.5386495,0
1,1,1,1,1,1,1,1,0.5626044,0
1,1,1,1,1,1,1,1,1,1
1,1,1,1,1,1,1,1,1,1
1,1,1,1,1,1,1,1,1,1
1,1,1,1,1,1,1,1,1,1
1,1,1,1,1,1,1,1,1,1
1,1,1,1,1,1,1,1,1,1
1,1,1,1,1,1,1,1,1,1
1,1,1,1,1,1,1,1,1,1
1,1,1,1,1,1,1,1,1,1
1,1,1,1,1,1,1,1,1,1
1,1,1,1,1,1,1,1,1,1
1,1,1,1,1,1,1,1,1,1
1,1,1,1,1,1,1,1,1,1
1,1,1,1,1,1,1,1,1,1
1,1,0.9984258,1,1,1,1,1,1,1
1,1,0.9908077,1,1,1,1,1,1,1
1,1,0.9832926,1,1,1,1,1,1,1
1,1,0.9758806,1,1,1,1,1,1,1
1,1,0.9685688,1,1,1,1,1,1,1
1,1,0.9613579,1,1,1,1,1,1,1
1,1,0.9542451,1,1,1,1,1,1,1
1,1,0.9472317,1,1,1,1,1,1,1
1,1,0.9403189,1,1,1,1,1,1,1
1,1,0.9335084,1,1,1,1,1,1,1
1,1,0.9267985,1,1,1,1,1,1,1
1,1,0.9201881,1,1,1,1,1,1,1
1,1,0.9136788,1,1,1,1,1,1,1
1,1,0.9072735,1,1,1,1,1,1,1
1,1,0.900974,1,1,1,1,1,1,1
1,1,0.8947797,1,1,1,1,1,1,1
1,1,0.8886897,1,1,1,1,1,1,2
1,1,0.8827102,1,1,1,1,1,1,2
1,1,0.8768403,1,1,1,1,1,1,2
1,1,0.8710797,1,1,1,1,1,1,2
1,1,0.8654313,1,1,1,1,1,1,2
1,1,0.8598946,1,1,1,1,1,1,2
1,1,0.8544756,1,1,1,1,1,1,2
1,1,0.8491708,1,1,1,1,1,1,2
1,1,0.8439832,1,1,1,1,1,1,2
1,1,0.8389155,1,1,1,1,1,1,2
1,1,0.8339677,1,1,1,1,1,1,2
1,1,0.8291423,1,1,1,1,1,1,2
1,1,0.8244392,1,1,1,1,1,1,2
1,1,0.8198613,1,1,1,1,1,1,2
1,1,0.8154081,1,1,1,1,1,1,2
1,1,0.8110824,1,1,1,1,1,1,2
1,1,0.8068837,1,1,1,1,1,1,2
1,1,0.8028115,1,1,1,1,1,1,2
1,1,0.7988686,1,1,1,1,1,1,2
1,1,0.7950578,1,1,1,1,1,1,2
1,1,0.7913784,1,1,1,1,1,1,2
1,0.7979179,1,1,1,1,1,1,1,2
1,0.6900953,1,1,1,1,1,1,1,2
1,0.6848789,1,1,1,1,1,1,1,2
1,0.67989,1,1,1,1,1,1,1,2
1,0.6751312,1,1,1,1,1,1,1,2
1,0.6706077,1,1,1,1,1,1,1,2
1,0.6663216,1,1,1,1,1,1,1,2
1,0.6622804,1,1,1,1,1,1,1,2
1,0.6584858,1,1,1,1,1,1,1,2
1,0.6549419,1,1,1,1,1,1,1,2
1,0.6516497,1,1,1,1,1,1,1,2
1,0.648613,1,1,1,1,1,1,1,2
1,0.6458355,1,1,1,1,1,1,1,2
1,0.6433172,1,1,1,1,1,1,1,2
1,0.6410615,1,1,1,1,1,1,1,2
1,0.6390682,1,1,1,1,1,1,1,2
1,0.6373402,1,1,1,1,1,1,1,2
0.6164495,0.6358737,1,1,1,1,1,1,1,2
0.6108366,0.6360028,1,1,1,1,1,1,1,2
0.6057144,1,1,1,1,1,1,1,1,2
0.6012757,1,1,1,1,1,1,1,1,2
0.5971587,1,1,1,1,1,1,1,1,2
0.5933692,1,1,1,1,1,1,1,1,2
0.5899125,1,1,1,1,1,1,1,1,2
0.5867938,1,1,1,1,1,1,1,1,2
0.5840178,1,1,1,1,1,1,1,1,2
0.5815858,1,1,1,1,1,1,1,1,2
0.5795021,1,1,1,1,1,1,1,1,2
0.5777676,1,1,1,1,1,1,1,1,2
0.5763861,1,1,1,1,1,1,1,1,2
0.575358,1,1,1,1,1,1,1,1,2
0.5746835,1,1,1,1,1,1,1,1,2
0.5743627,1,1,1,1,1,1,1,1,2
1,1,1,1,1,1,1,1,1,1
1,1,1,1,1,1,1,1,1,1
1,1,1,1,1,1,1,1,1,1
1,1,1,1,1,1,1,1,1,1
1,1,1,1,1,1,1,1,1,1
1,1,1,1,1,1,1,1,1,1
1,1,1,1,1,1,1,1,1,1
1,1,1,1,1,1,1,1,1,1
1,1,1,1,1,1,1,1,1,1
1,1,1,1,1,1,1,1,1,1
1,1,1,1,1,1,1,1,1,1
1,1,1,1,1,1,1,1,1,1
1,1,1,1,1,1,1,1,1,1
1,1,1,1,1,1,1,1,1,1
1,1,1,1,1,1,1,1,1,1
1,1,1,1,1,1,1,1,1,1
1,1,1,1,1,1,1,1,1,1
1,1,1,1,1,1,1,1,1,1
1,1,1,1,1,1,1,1,1,1
1,1,1,1,1,1,1,1,1,1
1,1,1,1,1,1,1,1,1,1
1,1,1,1,1,1,1,1,1,1
1,1,1,1,1,1,1,1,1,1
1,1,1,1,1,1,1,1,1,1
1,1,1,1,1,1,1,1,1,1
1,1,1,1,1,1,1,1,1,1
1,1,1,1,1,1,1,1,1,1
1,1,1,1,1,1,1,1,1,1
1,1,1,1,1,1,1,1,1,1
1,1,1,1,1,1,1,1,1,1
1,1,1,1,1,1,1,1,1,1
1,1,1,1,1,1,1,1,1,1
1,1,1,1,1,1,1,1,1,1
1,1,1,1,1,1,1,1,1,1
1,1,1,1,1,1,1,1,1,1
1,1,1,1,1,1,1,1,1,1
1,1,1,1,1,1,1,1,1,1
1,1,1,1,1,1,1,1,1,1
1,1,1,1,1,1,1,1,1,1
0.9328569,1,1,1,1,1,1,1,1,1
0.8495921,1,1,1,1,1,1,1,1,2
0.8491718,1,1,1,1,1,1,1,1,2
0.8488501,1,1,1,1,1,1,1,1,2
0.8486239,1,1,1,1,1,1,1,1,2
0.8484927,1,1,1,1,1,1,1,1,2
0.8484595,1,1,1,1,1,1,1,1,2
0.8485208,1,1,1,1,1,1,1,1,2
0.8486792,1,1,1,1,1,1,1,1,2
0.8489308,1,1,1,1,1,1,1,1,2
0.8492756,1,1,1,1,1,1,1,1,2
0.8497156,1,1,1,1,1,1,1,1,2
0.8502471,1,1,1,1,1,1,1,1,2
0.8508694,1,1,1,1,1,1,1,1,2
0.8515816,1,1,1,1,1,1,1,1,2
0.8523828,1,1,1,1,1,1,1,1,2
0.8532691,1,1,1,1,1,1,1,1,2
0.8542424,1,1,1,1,1,1,1,1,2
0.8553019,1,1,1,1,1,1,1,1,2
0.8564432,1,1,1,1,1,1,1,1,2
0.8576652,1,1,1,1,1,1,1,1,2
0.8589667,1,1,1,1,1,1,1,1,2
0.8603435,1,1,1,1,1,0.997283,1,1,2
0.8617855,1,1,1,1,1,0.9888526,1,1,2
0.8632587,1,1,1,1,1,0.9803039,1,1,2
0.8647586,1,1,1,1,1,0.9716316,1,1,2
0.8662771,1,1,1,1,1,0.9628307,1,1,2
1,1,1,1,1,1,0.9538964,1,1,1
1,1,1,1,1,1,0.9422891,1,1,1
1,1,1,1,1,1,0.9305908,1,1,1
1,1,1,1,1,1,0.918806,1,1,1
1,1,1,1,1,1,0.9069393,1,1,1
1,1,1,1,1,1,0.894996,1,1,1
1,1,1,1,1,1,0.882981,1,1,1
1,1,1,1,1,1,0.8709,1,1,1
1,1,1,1,1,1,0.8587587,1,1,1
1,1,1,1,1,1,0.8465633,1,1,1
1,1,1,1,1,1,0.8343199,1,1,1
1,1,1,1,1,1,0.8220345,1,1,1
1,1,1,1,1,1,0.8097137,1,1,1
1,1,1,1,1,1,0.7973639,1,1,1
1,1,1,1,1,1,0.7849916,1,1,1
1,1,1,1,1,1,0.7726032,1,1,1
1,1,1,1,1,1,0.7602049,1,1,1
1,1,1,1,1,1,0.7478033,1,1,0
1,1,1,1,1,1,0.7354042,1,1,0
1,1,1,1,1,1,0.723014,1,1,0
1,1,1,1,1,1,0.7106383,1,1,0
1,1,1,1,1,1,0.6982827,1,1,0
1,1,1,1,1,1,0.6859528,1,1,0
1,1,1,1,1,1,0.6796218,0.9226629,1,0
1,1,1,1,1,1,0.6934816,0.9004072,1,0
1,1,1,1,1,1,0.7087477,0.8782378,1,0
1,1,1,1,1,1,0.7255048,0.8562112,1,0
1,1,1,1,1,1,0.7438442,0.8343779,1,0
1,1,1,1,1,1,0.7638651,0.8127838,1,0
1,1,1,1,1,1,0.7856653,0.7914687,1,0
1,1,1,1,1,1,0.809361,0.7704668,1,0
1,1,1,1,1,1,0.8350673,0.7498065,1,0
1,1,1,1,1,1,0.8629193,0.729511,1,0
1,1,1,1,1,1,0.8930528,0.7095985,1,0
1,1,1,1,1,1,0.9256142,0.6900815,1,0
1,1,1,1,1,1,0.9607622,0.6709691,1,0
1,1,1,1,1,1,1,0.6522654,1,0
1,1,1,1,1,1,1,0.6339797,1,0
1,1,1,1,1,1,1,0.6158673,1,0
1,1,1,1,1,1,1,0.5979567,1,0
1,1,1,1,1,1,1,0.5802736,1,0
1,1,1,1,1,1,1,0.5628406,1,0
1,1,1,1,1,1,1,0.5456775,1,0
1,1,1,1,1,1,1,0.5288011,1,0
1,1,1,1,1,1,1,0.5122252,1,0
1,1,1,1,1,1,1,0.5072654,0.8176451,0
1,1,1,1,1,1,1,0.5258133,0.7730973,0
1,1,1,1,1,1,1,0.5465787,0.7306923,0
1,1,1,1,1,1,1,0.5697413,0.69057,0
1,1,1,1,1,1,1,0.5955008,0.6527899,0
1,1,1,1,1,1,1,0.6240544,0.6173478,0
1,1,1,1,1,1,1,0.6556265,0.5841893,0
1,1,1,1,1,1,1,0.6904521,0.553223,0
1,1,1,1,1,1,1,0.7287699,0.5243333,0
1,1,1,1,1,1,1,0.7708411,0.4973883,0
1,1,1,1,1,1,1,1,0.4722489,0
1,1,1,1,1,1,1,1,0.4504257,0
1,1,1,1,1,1,1,1,0.4640396,0
1,1,1,1,1,1,1,1,0.4781171,0
1,1,1,1,1,1,1,1,0.4926392,0
1,1,1,1,1,1,1,1,0.5075807,0
1,1,1,1,1,1,1,1,0.5229186,0
1,1,1,1,1,1,1,1,0.5386275,0
1,1,1,1,1,1,1,1,0.5546799,0
1,1,1,1,1,1,1,1,0.571046,0
1,1,1,1,1,1,1,1,0.5876943,0
1,1,1,1,1,1,1,1,0.6045918,0
1,1,1,1,1,1,1,1,0.6217083,0
1,1,1,1,1,1,1,1,0.6390023,0
1,1,1,1,1,1,1,1,0.6564413,0
1,1,1,1,1,1,1,1,0.6739866,0
1,1,1,1,1,1,1,1,0.6916038,0
1,1,1,1,1,1,1,1,0.709253,0
1,1,1,1,1,1,1,1,0.7268941,0
1,1,1,1,1,1,1,1,1,1
1,1,1,1,1,1,1,1,1,1
1,1,1,1,1,1,1,1,1,1
1,1,1,1,1,1,1,1,1,1
1,1,1,1,1,1,1,1,1,1
1,1,1,1,1,1,1,1,1,1
1,1,1,1,1,1,1,1,1,1
1,1,1,1,1,1,1,1,1,1
1,1,1,1,1,1,1,1,1,1
1,1,1,1,1,1,1,1,1,1
1,1,1,1,1,1,1,1,1,1
1,1,1,1,1,1,1,1,1,1
1,1,1,1,1,1,1,1,1,1
1,1,1,1,1,1,1,1,1,1
1,1,1,1,1,1,1,1,1,1
1,1,1,1,1,1,1,1,1,1
1,1,1,1,1,1,1,1,1,1
1,1,1,1,1,1,1,1,1,1
1,1,1,1,1,1,1,1,1,1
1,1,1,1,1,1,1,1,1,1
1,1,1,1,1,1,1,1,1,1
1,1,1,1,1,1,1,1,1,1
1,1,1,1,1,1,1,1,1,1
1,1,1,1,1,1,1,1,1,1
1,0.9964327,1,1,1,1,1,1,1,1
1,0.9901139,1,1,1,1,1,1,1,1
1,0.983802,1,1,1,1,1,1,1,1
1,0.9775001,1,1,1,1,1,1,1,1
1,0.9712087,1,1,1,1,1,1,1,1
1,0.9649314,1,1,1,1,1,1,1,1
1,0.9586722,1,1,1,1,1,1,1,1
1,0.952432,1,1,1,1,1,1,1,1
1,0.9462149,1,1,1,1,1,1,1,1
1,0.9400254,1,1,1,1,1,1,1,1
1,0.9338678,1,1,1,1,1,1,1,1
1,0.9277438,1,1,1,1,1,1,1,1
1,0.9216582,1,1,1,1,1,1,1,1
1,0.9156126,1,1,1,1,1,1,1,1
1,0.909612,1,1,1,1,1,1,1,1
1,0.9036614,1,1,1,1,1,1,1,1
1,0.897766,1,1,1,1,1,1,1,2
1,0.891928,1,1,1,1,1,1,1,2
1,0.8861526,1,1,1,1,1,1,1,2
1,0.8804418,1,1,1,1,1,1,1,2
1,0.8748012,1,1,1,1,1,1,1,2
1,0.8692361,1,1,1,1,1,1,1,2
1,0.8637518,1,1,1,1,1,1,1,2
1,1,1,1,1,1,1,1,1,1
1,1,1,1,1,1,1,1,1,1
1,1,1,1,1,1,1,1,1,1
1,1,1,1,1,1,1,1,1,1
1,1,1,1,1,1,1,1,1,1
1,1,1,1,1,1,1,1,1,1
1,1,1,1,1,1,1,1,1,1
1,1,1,1,1,1,1,1,1,1
1,1,1,1,1,1,1,1,1,1
1,1,1,1,1,1,1,1,1,1
1,1,1,1,1,1,1,1,1,1
1,1,1,1,1,1,1,1,1,1
1,1,1,1,1,1,1,1,1,1
1,1,1,1,1,1,1,1,1,1
1,1,1,1,1,1,1,1,1,1
1,1,1,1,1,1,1,1,1,1
1,1,1,1,1,1,1,1,1,1
1,1,1,1,1,1,1,1,1,1
1,1,1,1,1,1,1,1,1,1
1,1,1,1,1,1,1,1,1,1
1,1,1,1,1,1,1,1,1,1
1,1,1,1,1,1,1,1,1,1
1,1,1,1,1,1,1,1,1,1
1,1,1,1,1,1,1,1,1,1
1,1,1,1,1,1,1,1,1,1
1,1,1,1,1,1,1,1,1,1
1,1,1,1,1,1,1,1,1,1
1,1,1,1,1,1,1,1,1,1
1,1,1,1,1,1,1,1,1,1
1,1,1,1,1,1,1,1,1,1
1,1,1,1,1,1,1,1,1,1
1,1,1,1,1,1,1,1,1,1
1,1,1,1,1,1,1,1,1,1
1,1,1,1,1,1,1,1,1,1
1,1,1,1,1,1,1,1,1,1
1,1,1,1,1,1,1,1,1,1
1,1,1,1,1,1,1,1,1,1
1,1,1,1,1,1,1,1,1,1
1,1,1,1,1,1,1,1,1,1
1,1,1,1,1,1,1,1,1,1
1,1,1,1,1,1,1,1,1,1
1,1,1,1,1,1,1,1,1,1
1,1,1,1,1,1,1,1,1,1
1,1,1,1,1,1,1,1,1,1
1,1,1,1,1,1,1,1,1,1
1,1,1,1,1,1,1,1,1,1
1,1,1,1,1,1,1,1,1,1
1,1,1,1,1,1,1,1,1,1
1,1,1,1,1,1,1,1,1,1
1,1,1,1,1,1,1,1,1,1
1,1,1,1,1,1,1,1,1,1
1,1,1,1,1,1,1,1,1,1
1,1,1,1,1,1,1,1,1,1
1,1,1,1,1,1,1,1,1,1
1,1,1,1,1,1,1,1,1,1
1,1,1,1,1,1,1,1,1,1
1,1,1,1,1,1,1,1,1,1
1,1,1,1,1,1,1,1,1,1
1,1,1,1,1,1,1,1,1,1
1,1,1,1,1,1,1,1,1,1
1,1,1,1,1,1,1,1,1,1
1,1,1,1,1,1,1,1,1,1
1,1,1,1,1,1,1,1,1,1
1,1,1,1,1,1,1,1,1,1
1,1,1,1,1,1,1,1,1,1
1,1,1,1,1,1,1,1,1,1
1,1,1,1,1,1,1,1,1,1
1,1,1,1,1,1,1,1,1,1
1,1,1,1,1,1,1,1,1,1
1,1,1,1,1,1,1,1,1,1
1,1,1,1,1,1,1,1,1,1
1,1,1,1,1,1,1,1,1,1
1,1,1,1,1,1,1,1,1,1
1,1,1,1,1,1,1,1,1,1
1,1,1,1,1,1,1,1,1,1
1,1,1,1,1,1,1,1,1,1
1,1,1,1,1,1,1,1,1,1
1,1,1,1,1,1,1,1,1,1
1,1,1,1,1,1,1,1,1,1
1,1,1,1,1,1,1,1,1,1
1,1,1,1,1,1,1,1,1,1
1,1,1,1,1,1,1,1,1,1
1,1,1,1,1,1,1,1,1,1
1,1,1,1,1,1,1,1,1,1
1,1,1,1,1,1,1,1,1,1
1,1,1,1,1,1,1,1,1,1
1,1,1,1,1,1,1,1,1,1
1,1,1,1,1,1,1,1,1,1
1,1,1,1,1,1,1,1,1,1
1,1,1,1,1,1,1,1,1,1
1,1,1,1,1,1,1,1,1,1
1,1,1,1,1,1,1,1,1,1
1,1,1,1,1,1,1,1,1,1
1,1,1,1,1,1,1,1,1,1
1,1,1,1,1,1,1,1,1,1
1,1,1,1,1,1,1,1,1,1
1,1,1,1,1,1,1,1,1,1
1,1,1,1,1,1,1,1,1,1
1,1,1,1,1,1,1,1,1,1
1,1,1,1,1,1,1,1,1,1
1,1,1,1,1,1,1,1,1,1
1,1,1,1,1,1,1,1,1,1
1,1,1,1,1,1,1,1,1,1
1,1,1,0.9942151,1,1,1,1,1,1
1,1,1,0.9840537,1,1,1,1,1,1
1,1,1,0.9738797,1,1,1,1,1,1
1,1,1,0.9636937,1,1,1,1,1,1
1,1,1,0.9534961,1,1,1,1,1,1
1,1,1,0.9432872,1,1,1,1,1,1
1,1,1,0.9330677,1,1,1,1,1,1
1,1,1,0.9228382,1,1,1,1,1,1
1,1,0.9909552,0.9125991,1,1,1,1,1,1
1,1,0.9795772,0.9023261,1,1,1,1,1,1
1,1,0.9680874,0.8920151,1,1,1,1,1,1
1,1,0.9564913,0.8816681,1,1,1,1,1,1
1,1,0.944795,0.8712879,1,1,1,1,1,1
1,1,0.9330055,0.8608776,1,1,1,1,1,1
1,1,0.9211297,0.8504399,1,1,1,1,1,1
1,1,0.9091753,0.8399784,1,1,1,1,1,1
1,1,0.8971502,0.8294966,1,1,1,1,1,1
1,1,0.8850629,0.8189977,1,1,1,1,1,1
1,1,0.8729216,0.8084859,1,1,1,1,1,1
1,1,0.8607353,0.7979648,1,1,1,1,1,1
1,1,0.8485126,0.7874383,1,1,1,1,1,1
1,1,0.8362622,0.7769101,1,1,1,1,1,1
1,1,0.8239926,0.7663835,1,1,1,1,1,2
1,1,0.8117126,0.7558629,1,1,1,1,1,2
1,1,0.7994304,0.7453513,1,1,1,1,1,2
1,1,0.7871542,0.7348522,1,1,1,1,1,2
1,1,0.7748913,0.7243684,1,1,1,1,1,2
1,1,0.7626493,0.713903,1,1,1,1,1,2
1,1,0.7504354,0.703459,1,1,1,1,1,2
1,1,0.7382559,0.6930385,1,1,1,1,1,2
1,1,0.7261168,0.6826438,1,1,1,1,1,2
1,1,0.7140235,0.6722767,1,1,1,1,1,2
1,1,0.7019813,0.661939,1,1,1,1,1,2
1,1,0.689994,0.6516314,1,1,1,1,1,2
1,1,0.6780663,0.6413556,1,1,1,1,1,2
1,1,0.6662012,0.6311122,1,1,1,1,1,2
1,1,0.6544021,0.6209019,1,1,1,1,1,2
1,1,0.6426707,0.6107246,1,1,1,1,1,2
1,1,0.6310095,0.6005806,1,1,1,1,1,2
1,1,0.6194196,0.5904695,1,1,1,1,1,2
1,1,0.6079021,0.5803909,1,1,1,1,1,2
1,1,0.5964576,0.6612234,1,1,1,1,1,2
1,1,0.5851119,0.8197387,1,1,1,1,1,2
1,0.7348983,0.5738709,1,1,1,1,1,1,2
1,0.7139013,0.5615439,1,1,1,1,1,1,2
1,0.6932549,0.5493528,1,1,1,1,1,1,2
1,0.673003,0.537313,1,1,1,1,1,1,2
1,0.6531813,0.5254369,1,1,1,1,1,1,2
1,0.6338174,0.5137341,1,1,1,1,1,1,2
1,0.6149316,0.5022115,1,1,1,1,1,1,2
1,0.5965382,0.4908741,1,1,1,1,1,1,2
1,0.5786449,0.479724,1,1,1,1,1,1,2
1,0.5612534,0.4687614,1,1,1,1,1,1,2
1,0.5443614,0.4579845,1,1,1,1,1,1,2
1,0.5279621,0.4473901,1,1,1,1,1,1,2
1,0.5120448,0.4473732,1,1,1,1,1,1,2
1,0.4966131,0.5315232,1,1,1,1,1,1,2
1,0.4817537,0.6368266,1,1,1,1,1,1,2
1,0.4674183,0.770723,1,1,1,1,1,1,2
1,0.4535609,1,1,1,1,1,1,1,2
0.6508498,0.4401799,1,1,1,1,1,1,1,2
0.6179249,0.4249228,1,1,1,1,1,1,1,2
0.5871372,0.4102694,1,1,1,1,1,1,1,2
0.558296,0.3961882,1,1,1,1,1,1,1,2
0.5312343,0.3826502,1,1,1,1,1,1,1,2
0.5058032,0.3696283,1,1,1,1,1,1,1,2
0.4818705,0.3570974,1,1,1,1,1,1,1,2
0.4593183,0.3450345,1,1,1,1,1,1,1,2
0.4380412,0.3350708,1,1,1,1,1,1,1,2
0.4179444,0.3744046,1,1,1,1,1,1,1,2
0.3989431,0.4200419,1,1,1,1,1,1,1,2
0.3809607,0.4734536,1,1,1,1,1,1,1,2
0.3639268,0.5366102,1,1,1,1,1,1,1,2
0.3477795,0.6122134,1,1,1,1,1,1,1,2
0.3325811,0.7023689,1,1,1,1,1,1,1,2
0.3183901,0.9529306,1,1,1,1,1,1,1,2
0.3053144,0.9422818,1,1,1,1,1,1,1,2
0.2932408,0.9320854,1,1,1,1,1,1,1,2
0.3133086,0.9223362,1,1,1,1,1,1,1,2
0.3343022,0.9130977,1,1,1,1,1,1,1,2
0.356198,0.9043137,1,1,1,1,1,1,1,2
0.3789632,0.8959339,1,1,1,1,1,1,1,2
0.4025508,0.887911,1,1,1,1,1,1,1,2
0.4269041,0.8802029,1,1,1,1,1,1,1,2
0.4519706,0.8727701,1,1,1,1,1,1,1,2
0.4776832,0.8655776,1,1,1,1,1,1,1,2
0.5039605,1,1,1,1,1,1,1,1,2
0.5305241,1,1,1,1,1,1,1,1,2
0.5575259,1,1,1,1,1,1,1,1,2
0.5848839,1,1,1,1,1,1,1,1,2
0.6125194,1,1,1,1,1,1,1,1,2
0.6403424,1,1,0.9848285,1,1,1,1,1,2
1,1,1,0.9751514,1,1,1,1,1,1
1,1,1,0.9662296,1,1,1,1,1,1
0.8847225,1,1,0.9571084,1,1,1,1,1,1
0.8774799,1,1,0.949428,1,1,1,1,1,1
0.8702846,1,1,0.9416709,1,1,1,1,1,1
0.8631357,1,1,0.9338349,1,1,1,1,1,1
0.8560327,1,1,0.9259182,1,1,1,1,1,1
0.8489749,1,1,0.9179196,1,1,1,1,1,1
0.8419608,1,1,0.9098372,1,1,1,1,1,1
0.8349901,1,1,0.9016706,1,1,1,1,1,1
0.8280612,1,1,0.8934183,1,1,1,1,1,1
0.8211732,1,1,0.88508,1,1,1,1,0.9973122,1
0.8143571,1,1,0.8765849,1,1,1,1,0.9875624,1
0.8076943,1,1,0.86775,1,1,1,1,0.9775029,1
0.8011848,1,1,0.8585701,1,1,1,1,0.9671367,1
0.7948271,1,1,0.8490402,1,1,1,1,0.9564721,1
0.7886216,1,1,0.8391593,1,1,1,1,0.9565531,1
0.7824372,1,1,0.8291985,1,1,1,1,0.9704541,1
0.7761088,1,1,0.8194958,1,1,1,1,0.984006,1
0.769641,1,1,0.8100405,1,1,1,1,0.9971857,1
0.7630403,1,1,0.8008229,1,1,1,1,1,1
0.7564298,1,1,0.7915998,1,1,1,1,1,1
0.7498407,1,1,0.782308,1,1,1,1,1,1
0.7432716,1,1,0.7729509,1,1,1,1,1,1
0.7367202,1,1,0.7635311,1,1,1,1,1,1
0.7301844,1,1,0.7540519,1,1,1,1,1,1
0.723662,1,1,0.7445166,1,1,1,1,1,1
0.717151,1,1,0.7349287,1,1,1,1,1,1
0.7106491,1,1,0.7252918,1,1,1,1,1,1
0.7041535,1,1,0.715609,1,1,1,1,1,1
0.716232,1,1,0.7058848,1,1,1,1,1,1
0.7296584,1,1,0.6959285,1,1,1,1,1,1
0.7422034,1,1,0.6857373,1,1,1,1,1,1
0.7538805,1,1,0.6753325,1,1,1,1,1,1
0.7646955,1,1,0.6647352,1,1,1,1,1,0
0.7746747,1,1,0.653967,1,1,1,1,1,0
0.7838364,1,1,0.6430483,1,1,1,1,1,0
0.792217,1,1,0.6319998,1,1,1,1,1,0
0.7998499,1,1,0.620841,0.7286694,1,1,1,1,0
0.7941464,1,1,0.6057064,0.7077106,1,1,1,1,0
0.7879586,1,1,0.5906591,0.6869974,1,1,1,1,0
0.7814589,1,1,0.5757461,0.6666034,1,1,1,1,0
0.7747871,1,1,0.5610071,0.6465884,1,1,1,1,0
0.7680607,1,1,0.560299,0.626999,1,1,1,1,0
0.7617697,1,1,0.5615011,0.6080469,1,1,1,1,0
0.7559587,1,1,0.5629559,0.589729,1,1,1,1,0
0.7506198,1,1,0.5646431,0.5720156,1,1,1,1,0
0.7457446,1,1,0.566537,0.5548739,1,1,1,1,0
0.7413149,1,1,0.5686191,0.5382713,1,1,1,1,0
0.7373099,1,1,0.5708725,0.5221745,0.6147227,1,1,1,0
0.7272295,1,1,0.5811849,0.503898,0.5892158,1,1,1,0
0.7177174,1,1,0.5930473,0.4862499,0.5648962,1,1,1,0
0.7087174,1,1,0.6066921,0.4691873,0.5416681,1,1,1,0
0.7001888,1,1,0.6223838,0.45267,0.5194451,1,1,1,0
0.6920907,1,1,1,0.452307,0.49815,1,1,1,0
0.6869527,1,1,1,0.4553488,0.479211,1,1,1,0
0.6823139,1,1,1,0.4586319,0.4610476,1,1,1,0
0.678142,1,1,1,0.462137,0.4435932,1,1,1,0
0.6744033,1,1,1,0.4658465,0.4267861,1,1,1,0
0.6710695,1,1,1,0.4697368,0.4105682,1,1,1,0
0.6681047,1,1,1,0.4737993,0.3948866,0.5093806,1,0.9907535,0
0.6617098,1,1,1,0.4848005,0.3778977,0.4823406,1,0.9824872,0
0.6555792,1,1,1,0.4975157,0.3617911,0.4567,1,0.9749039,0
0.6496924,1,1,1,0.5122131,0.366324,0.4323372,1,0.9679909,0
0.644031,1,1,1,1,0.3717008,0.4091445,1,0.9617375,0
0.6385817,1,1,1,1,0.378012,0.3870251,1,0.9561313,0
0.6333336,1,1,1,1,0.385361,0.3658937,1,1,0
0.6293553,1,1,1,1,0.3919267,0.3465169,1,1,0
0.6257294,1,1,1,1,0.3989739,0.3280274,1,1,0
0.6224328,1,1,1,1,0.4064853,0.3103331,1,1,0
0.6194347,1,1,1,1,0.4144584,0.2933517,1,1,0
0.6167092,1,1,1,1,0.4228837,0.277009,1,1,0
0.6142317,1,1,1,1,0.4317521,0.2761873,1,1,0
0.6121067,1,1,1,1,1,0.277632,1,1,1
0.6132261,1,1,1,1,1,0.2755763,0.3994007,1,0
0.6089393,1,1,1,1,1,0.2801179,0.3637537,1,0
0.6047753,1,1,1,1,1,0.2854158,0.3307987,1,0
0.6007279,1,1,1,1,1,0.2915429,0.300224,1,0
0.5967942,1,1,1,1,1,0.2985776,0.2717642,1,0
0.5978006,1,1,1,1,1,0.306629,0.2451912,1,0
0.6028613,1,1,1,1,1,0.3158048,0.2203095,1,0
0.6087621,0.9988332,1,1,1,1,0.3262382,0.1969481,1,0
0.6156722,0.9799148,1,1,1,1,0.3380922,0.1979042,1,0
0.6238092,0.9618602,1,1,1,1,1,0.200793,1,0
0.6091275,0.9537371,1,1,1,1,1,0.2021696,0.3551553,0
0.6181151,0.9368371,1,1,1,1,1,0.205741,0.2894904,0
0.6289551,0.9206517,1,1,1,1,1,0.2098137,0.2333633,0
0.6421829,0.905131,1,1,1,1,1,0.2144192,0.1848217,0
0.6585642,0.8902337,1,1,1,1,1,0.219589,0.1674525,0
0.6792306,0.6745182,1,1,1,1,1,0.2253666,0.1696165,0
0.7059265,0.6636113,1,1,1,1,1,0.231792,0.1721113,0
0.7415076,0.6530467,1,1,1,1,1,0.2389146,0.1749474,0
0.7909495,0.6428014,1,1,1,1,1,0.24679,0.1781368,0
1,0.6328532,1,1,1,1,1,0.2554809,0.1816925,0
1,0.6231853,1,1,1,1,1,1,0.1856256,0
1,0.6151534,1,1,1,1,1,1,0.1895116,0
1,0.6075165,1,1,1,1,1,1,0.1936142,0
1,0.6002344,1,1,1,1,1,1,0.1979165,0
1,0.5932657,1,1,1,1,1,1,0.2024086,0
1,0.586574,1,1,1,1,1,1,0.2070797,0
1,0.580134,1,1,1,1,1,1,0.2119119,0
1,0.573914,1,1,1,1,1,1,0.2168974,0
1,0.5678924,1,1,1,1,1,1,1,2
0.5218061,0.5688474,1,1,1,1,1,1,1,2
0.5189995,0.5713019,1,1,1,1,1,1,1,2
0.5166226,0.7800471,1,1,1,1,1,1,1,2
0.5146755,0.7631041,1,1,1,1,1,1,1,2
0.5131561,0.7692436,1,1,1,1,1,1,1,2
0.5120636,0.7760995,1,1,1,1,1,1,1,2
0.5114011,0.7837058,1,1,1,1,1,1,1,2
0.5111696,0.7920964,1,1,1,1,1,1,1,2
0.5113714,0.8013085,1,1,1,1,1,1,1,2
0.5120097,0.8113836,1,1,1,1,1,1,1,2
0.5130889,0.822367,1,1,1,1,1,1,1,2
0.5146176,0.8343126,1,1,1,1,1,1,1,2
0.5165993,0.847272,1,1,1,1,1,1,1,2
0.951185,0.8613108,1,1,1,1,1,1,1,2
0.8872728,1,1,1,1,1,1,1,1,2
0.8325553,1,1,1,1,1,1,1,1,2
0.7733464,1,1,1,1,1,1,1,1,2
0.7109751,1,1,1,1,1,1,1,1,2
0.696649,1,1,1,1,1,1,1,1,2
0.6995684,1,1,1,1,1,1,1,1,2
0.7027029,1,1,1,1,1,1,1,1,2
0.7060491,1,1,1,1,1,1,1,1,2
0.7096005,1,1,1,1,1,1,1,1,2
0.7133534,1,1,1,1,1,1,1,1,2
0.7173007,1,1,1,1,1,1,1,1,2
0.7214352,1,1,1,1,1,1,1,1,2
0.7257493,1,1,1,1,1,1,1,1,2
0.7302387,1,1,1,1,1,1,1,1,2
0.7348958,1,1,1,1,1,1,1,1,2
0.7397124,1,1,1,1,1,1,1,1,2
0.7446836,1,1,1,1,1,1,1,1,2
0.7497981,1,1,1,1,1,1,1,1,2
0.7550507,1,1,1,1,1,1,1,1,2
0.7604328,1,1,1,1,1,1,1,1,2
0.7659358,1,1,1,1,1,1,1,1,2
1,1,1,1,1,1,1,1,1,1
1,1,1,1,1,1,1,1,1,1
1,1,1,1,1,1,1,1,1,1
1,1,1,1,1,1,1,1,1,1
1,1,1,1,1,1,1,1,1,1
1,1,1,1,1,1,1,1,1,1
1,1,1,1,1,1,1,1,1,1
1,1,1,1,1,1,1,1,1,1
1,1,1,1,1,1,1,1,1,1
1,1,1,1,1,1,1,1,1,1
1,1,1,1,1,1,1,1,1,1
1,1,1,1,1,1,1,1,1,1
1,1,1,1,1,1,1,1,1,1
1,1,1,1,1,1,1,1,1,1
1,1,1,1,1,1,1,1,1,1
1,1,1,1,1,1,1,1,1,1
1,1,1,1,1,1,1,1,1,1
1,1,1,1,1,1,1,1,1,1
1,1,1,1,1,1,1,1,1,1
1,1,1,1,1,1,1,1,1,1
1,1,1,1,1,1,1,1,1,1
1,1,1,1,1,1,1,1,1,1
1,1,1,1,1,1,1,1,1,1
1,1,1,1,1,1,1,1,1,1
1,1,1,1,1,1,1,1,1,1
1,1,1,1,1,1,1,1,1,1
1,1,1,1,1,1,1,1,1,1
1,1,1,1,1,1,1,1,1,1
1,1,1,1,1,1,1,1,1,1
1,1,1,1,1,1,1,1,1,1
1,1,1,1,1,1,1,1,1,1
1,1,1,1,1,1,1,1,1,1
1,1,1,1,1,1,1,1,1,1
1,1,1,1,1,1,1,1,1,1
1,1,1,1,1,1,1,1,1,1
1,1,1,1,1,1,1,1,1,1
1,1,1,1,1,1,1,1,1,1
1,1,1,1,1,1,1,1,1,1
1,1,1,1,1,1,1,1,1,1
1,1,1,1,1,1,1,1,1,1
1,1,1,1,1,1,1,1,1,1
1,1,1,1,1,1,1,1,1,1
1,1,1,1,1,1,1,1,1,1
1,1,1,1,1,1,1,1,1,1
1,1,1,1,1,1,1,1,1,1
1,1,1,1,1,1,1,1,1,1
1,1,1,1,1,1,1,1,1,1
1,1,1,1,1,1,1,1,1,1
1,1,1,1,1,1,1,1,1,1
1,1,1,1,1,1,1,1,1,1
1,1,1,1,1,1,1,1,1,1
1,1,1,1,1,1,1,1,1,1
1,1,1,1,1,1,1,1,1,1
1,1,1,1,1,1,1,1,1,1
1,1,1,1,1,1,1,1,1,1
1,1,1,1,1,1,1,1,1,1
1,1,1,1,1,1,1,1,1,1
1,1,1,1,1,1,1,1,1,1
1,1,1,1,1,1,1,1,1,1
1,1,1,1,1,1,1,1,1,1
1,1,1,1,1,1,1,1,1,1
1,1,1,1,1,1,1,1,1,1
1,1,1,1,1,1,1,1,1,1
1,1,1,1,1,1,1,1,1,1
1,1,1,1,1,1,1,1,1,1
1,1,1,1,1,1,1,1,1,1
1,1,1,1,1,1,1,1,1,1
1,1,1,1,1,1,1,1,1,1
1,1,1,1,1,1,1,1,1,1
1,1,1,1,1,1,1,1,1,1
1,1,1,1,1,1,1,1,1,1
1,1,1,1,1,1,1,1,1,1
1,1,1,1,1,1,1,1,1,1
1,1,1,1,1,1,1,1,1,1
1,1,1,1,1,1,1,1,1,1
1,1,1,1,1,1,1,1,1,1
1,1,1,1,1,1,1,1,1,1
1,1,1,1,1,1,1,1,1,1
1,1,1,1,1,1,1,1,1,1
1,1,1,1,1,1,1,1,1,1
1,1,1,1,1,1,1,1,1,1
1,1,1,1,1,1,1,1,1,1
1,1,1,1,1,1,1,1,1,1
1,1,1,1,1,1,1,1,1,1
1,1,1,1,1,1,1,1,1,1
1,1,1,1,1,1,1,1,1,1
1,1,1,1,1,1,1,1,1,1
1,1,1,1,1,1,1,1,1,1
1,1,1,1,1,1,0.9986601,1,1,1
1,1,1,1,1,1,0.9864267,1,1,1
1,1,1,1,1,1,0.9739715,1,1,1
1,1,1,1,1,1,0.9612986,1,1,1
1,1,1,1,1,1,0.9484137,1,1,1
1,1,1,1,1,1,0.9457743,1,1,1
1,1,1,1,1,1,0.944178,1,1,1
1,1,1,1,1,1,0.9426462,1,1,1
1,1,1,1,1,1,0.9411813,1,1,1
1,1,1,1,1,1,0.9397766,1,1,1
1,1,1,1,1,1,0.9384352,1,1,1
1,1,1,1,1,1,0.9371552,1,1,1
1,1,1,1,1,1,0.9359347,1,1,1
1,1,1,1,1,1,0.9347717,1,1,1
1,1,1,1,1,1,0.933665,1,1,1
1,1,1,1,1,1,0.9326121,1,1,1
1,1,1,1,1,1,1,1,1,1
1,1,1,1,1,1,1,1,1,1
1,1,1,1,1,1,1,0.9833089,1,1
1,1,1,1,1,1,1,0.9622914,1,1
1,1,1,1,1,1,1,0.9424819,1,1
1,1,1,1,1,1,1,0.9415511,1,1
1,1,1,1,1,1,1,0.9406638,1,1
1,1,1,1,1,1,1,0.9398193,1,1
1,1,1,1,1,1,1,0.939017,1,1
1,1,1,1,1,1,1,0.9382563,1,1
1,1,1,1,1,1,1,0.9375364,1,1
1,1,1,1,1,1,1,0.9368569,1,1
1,1,1,1,1,1,1,0.9362206,1,1
1,1,1,1,1,1,1,0.9356235,1,1
1,1,1,1,1,1,1,0.9350682,1,1
1,1,1,1,1,1,1,0.9345509,1,1
1,1,1,1,1,1,1,0.9340743,1,1
1,1,1,1,1,1,1,0.9336344,1,1
1,1,1,1,1,1,1,0.9332341,1,1
1,1,1,1,1,1,1,0.9328728,1,1
1,1,1,1,1,1,1,0.9325498,1,1
1,1,1,1,1,1,1,0.932261,1,1
1,1,1,1,1,1,1,1,1,1
1,1,1,1,1,1,1,1,1,1
1,1,1,1,1,1,1,1,1,1
1,1,1,1,1,1,1,1,1,1
1,1,1,1,1,1,1,1,1,1
1,1,1,1,1,1,1,0.7135652,1,0
1,1,1,1,1,1,1,0.6837056,1,0
1,1,1,1,1,1,1,0.6538371,1,0
1,1,1,1,1,1,1,0.6241272,1,0
1,1,1,1,1,1,1,0.599992,1,0
1,1,1,1,1,1,1,0.6048354,1,0
1,1,1,1,1,1,1,0.6099243,0.9144362,0
1,1,1,1,1,1,1,0.6169313,0.7958118,0
1,1,1,1,1,1,1,0.6266447,0.7985994,0
1,1,1,1,1,1,1,1,0.8025761,0
1,1,1,1,1,1,1,1,0.8042623,0
1,1,1,1,1,1,1,1,0.8060709,0
1,1,1,1,1,1,1,1,0.8079997,0
1,1,1,1,1,1,1,1,0.8100439,0
1,1,1,1,1,1,1,1,0.8122013,0
1,1,1,1,1,1,1,1,0.8144697,0
1,1,1,1,1,1,1,1,0.816844,0
1,1,1,1,1,1,1,1,0.8193218,0
1,1,1,1,1,1,1,1,0.6259021,0
1,1,1,1,1,1,1,1,0.5690795,0
1,1,1,1,1,1,1,1,0.5285407,0
1,1,1,1,1,1,1,1,0.5334564,0
1,1,1,1,1,1,1,1,0.5387548,0
1,1,1,1,1,1,1,1,0.5444266,0
1,1,1,1,1,1,1,1,0.5504614,0
0.9972035,1,1,1,1,1,1,1,1,1
0.9954064,1,1,1,1,1,1,1,1,1
0.9936154,1,1,1,1,1,1,1,1,1
1,1,1,1,1,1,1,1,1,1
1,1,1,1,1,1,1,1,1,1
1,1,1,1,1,1,1,1,1,1
1,1,1,1,1,1,1,1,1,1
1,1,1,1,1,1,1,1,1,1
1,1,1,1,1,1,1,1,1,1
1,1,1,1,1,1,1,1,1,1
1,1,1,1,1,1,1,1,1,1
1,1,1,1,1,1,1,1,1,1
1,1,1,1,1,1,1,1,1,1
1,1,1,1,1,1,1,1,1,1
1,1,1,1,1,1,1,1,1,1
1,1,1,1,1,1,1,1,1,1
1,1,1,1,1,1,1,1,1,1
1,1,1,1,1,1,1,1,1,1
1,1,1,1,1,1,1,1,1,1
1,1,1,1,1,1,1,1,1,1
1,1,1,1,1,1,1,1,1,1
1,1,1,1,1,1,1,1,1,1
1,1,1,1,1,1,1,1,1,1
1,1,1,1,1,1,1,1,1,1
1,1,1,1,1,1,1,1,1,1
1,1,1,1,1,1,1,1,1,1
1,1,1,1,1,1,1,1,1,1
1,1,1,1,1,1,1,1,1,1
1,1,1,1,1,1,1,1,1,1
1,1,1,1,1,1,1,1,1,1
1,1,1,1,1,1,1,1,1,1
1,1,1,1,1,1,1,1,1,1
1,1,1,1,1,1,1,1,1,1
1,1,1,1,1,1,1,1,1,1
1,1,1,1,1,1,1,1,1,1
1,1,1,1,1,1,1,1,1,1
1,1,1,1,1,1,1,1,1,1
1,1,1,1,1,1,1,1,1,1
1,1,1,1,1,1,1,1,1,1
1,1,1,1,1,1,1,1,1,1
1,1,1,1,1,1,1,1,1,1
1,1,1,1,1,1,1,1,1,1
1,1,1,1,1,1,1,1,1,1
1,1,1,1,1,1,1,1,1,1
1,1,1,1,1,1,1,1,1,1
1,1,1,1,1,1,1,1,1,1
1,1,1,1,1,1,1,1,1,1
1,1,1,1,1,1,1,1,1,1
1,1,1,1,1,1,1,1,1,1
1,1,1,1,1,1,1,1,1,1
1,1,1,1,1,1,1,1,1,1
1,1,1,1,1,1,1,1,1,1
1,1,1,1,1,1,1,1,1,1
1,1,1,1,1,1,1,1,1,1
1,1,1,1,1,1,1,1,1,1
1,1,1,1,1,1,1,1,1,1
1,1,1,1,1,1,1,1,1,1
1,1,1,1,1,1,1,1,1,1
1,1,1,1,1,1,1,1,1,1
1,1,1,1,1,1,1,1,1,1
1,1,1,1,1,1,1,1,1,1
1,1,1,1,1,1,1,1,1,1
1,1,1,1,1,1,1,1,1,1
1,1,1,1,1,1,1,1,1,1
1,1,1,1,1,1,1,1,1,1
1,1,1,1,1,1,1,1,1,1
1,1,1,1,1,1,1,1,1,1
1,1,1,1,1,1,1,1,1,1
1,1,1,1,1,1,1,1,1,1
1,1,1,1,1,1,1,1,1,1
1,1,1,1,1,1,1,1,1,1
1,1,1,1,1,1,1,1,1,1
1,1,1,1,1,1,1,1,1,1
1,1,1,1,1,1,1,1,1,1
1,1,1,1,1,1,1,1,1,1
1,1,1,1,1,1,1,1,1,1
1,1,1,1,1,1,1,1,1,1
1,1,1,1,1,1,1,1,1,1
1,1,1,1,1,1,1,1,1,1
1,1,1,1,1,1,1,1,1,1
1,1,1,1,1,1,1,1,1,1
1,1,1,1,1,1,1,1,1,1
1,1,1,1,1,1,1,1,1,1
1,1,1,1,1,1,1,1,1,1
1,1,1,1,1,1,1,1,1,1
1,1,1,1,1,1,1,1,1,1
1,1,1,1,1,1,1,1,1,1
1,1,1,1,1,1,1,1,1,1
1,1,1,1,1,1,1,1,1,1
1,1,1,1,1,1,1,1,1,1
1,1,1,1,1,1,1,1,1,1
1,1,1,1,1,1,1,1,1,1
1,1,1,1,1,1,1,1,1,1
1,1,1,1,1,1,1,1,1,1
1,1,1,1,1,1,1,1,1,1
1,1,1,1,1,1,1,1,1,1
1,1,1,1,1,1,1,1,1,1
1,1,1,1,1,1,1,1,1,1
1,1,1,1,1,1,1,1,1,1
1,1,1,1,1,1,1,1,1,1
1,1,1,1,1,1,1,1,1,1
1,1,1,1,1,1,1,1,1,1
1,1,1,1,1,1,1,1,1,1
1,1,1,1,1,1,1,1,1,1
1,1,1,1,1,1,1,1,1,1
1,1,1,1,1,1,1,1,1,1
1,1,1,1,1,1,1,1,1,1
1,1,1,1,1,1,1,1,1,1
1,1,1,1,1,1,1,1,1,1
1,1,1,1,1,1,1,1,1,1
1,1,1,1,1,1,1,1,1,1
1,1,1,1,1,1,1,1,1,1
1,1,1,1,1,1,1,1,1,1
1,1,1,1,1,1,1,1,1,1
1,1,1,1,1,1,1,1,1,1
1,1,1,1,1,1,1,1,1,1
1,1,1,1,1,1,1,1,1,1
1,1,1,1,1,1,1,1,1,1
1,1,1,1,1,1,1,1,1,1
1,1,1,1,1,1,1,1,1,1
1,1,1,1,1,1,1,1,1,1
1,1,1,1,1,1,1,1,1,1
1,1,1,1,1,1,1,1,1,1
1,1,1,1,1,1,1,1,1,1
1,1,1,1,1,1,1,1,1,1
1,1,1,1,1,1,1,1,1,1
1,1,1,1,1,1,1,1,1,1
1,1,1,0.994325,1,1,1,1,1,1
1,1,1,0.9841639,1,1,1,1,1,1
1,1,1,0.97399,1,1,1,1,1,1
1,1,1,0.9638041,1,1,1,1,1,1
1,1,1,0.9536066,1,1,1,1,1,1
1,1,1,0.9433979,1,1,1,1,1,1
1,1,1,0.9331785,1,1,1,1,1,1
1,1,1,0.922949,1,1,1,1,1,1
1,1,1,0.91271,1,1,1,1,1,1
1,1,1,0.9024621,1,1,1,1,1,1
1,1,1,0.8922058,1,1,1,1,1,1
1,1,1,0.8819417,1,1,1,1,1,1
1,1,1,0.8716706,1,1,1,1,1,1
1,1,1,0.861393,1,1,1,1,1,1
1,1,1,0.8511095,1,1,1,1,1,1
1,1,1,0.840821,1,1,1,1,1,1
1,1,1,0.8305283,1,1,1,1,1,1
1,1,1,0.8202317,1,1,1,1,1,1
1,1,1,0.8099321,1,1,1,1,1,1
1,1,1,0.7996302,1,1,1,1,1,1
1,1,1,0.7893264,1,1,1,1,1,1
1,1,1,0.7790217,1,1,1,1,1,1
1,1,1,0.7687169,1,1,1,1,1,1
1,1,1,0.7584119,1,1,1,1,1,1
1,1,1,0.7481079,1,1,1,1,1,1
1,1,0.7966573,0.7378054,1,1,1,1,1,2
1,1,0.7839886,0.7271308,1,1,1,1,1,2
1,1,0.771338,0.7164742,1,1,1,1,1,2
1,1,0.7587142,0.7058393,1,1,1,1,1,2
1,1,0.7461255,0.6952294,1,1,1,1,1,2
1,1,0.7335798,0.6846477,1,1,1,1,1,2
1,1,0.7210838,0.6740967,1,1,1,1,1,2
1,1,0.7086444,0.663579,1,1,1,1,1,2
1,1,0.6962672,0.6530964,1,1,1,1,1,2
1,1,0.6839576,0.6992452,1,1,1,1,1,2
1,1,0.6717798,0.7512249,1,1,1,1,1,2
1,1,0.6597281,0.8092048,1,1,1,1,1,2
1,1,0.6477965,1,1,1,1,1,1,2
1,1,0.6360784,1,1,1,1,1,1,2
1,1,0.6244022,1,1,1,1,1,1,2
1,1,0.6127707,1,1,1,1,1,1,2
1,1,0.6011866,1,1,1,1,1,1,2
1,1,0.5896522,1,1,1,1,1,1,2
1,1,0.5781693,1,1,1,1,1,1,2
1,1,0.5667399,1,1,1,1,1,1,2
1,1,0.5553654,1,1,1,1,1,1,2
1,1,0.5440468,1,1,1,1,1,1,2
1,1,0.5327856,1,1,1,1,1,1,2
1,1,0.5215827,1,1,1,1,1,1,2
1,1,0.5104381,1,1,1,1,1,1,2
1,1,0.4993531,1,1,1,1,1,1,2
1,1,0.4883273,1,1,1,1,1,1,2
1,1,0.477361,1,1,1,1,1,1,2
1,1,0.4664539,1,1,1,1,1,1,2
1,1,0.4556061,1,1,1,1,1,1,2
1,0.5561332,0.444817,1,1,1,1,1,1,2
1,0.5359992,0.4431017,1,1,1,1,1,1,2
1,0.5166582,0.4892235,1,1,1,1,1,1,2
1,0.4982288,0.5428153,1,1,1,1,1,1,2
1,0.4806361,0.6053317,1,1,1,1,1,1,2
1,0.4638099,1,1,1,1,1,1,1,2
1,0.4483289,1,1,1,1,1,1,1,2
1,0.4331883,1,1,1,1,1,1,1,2
1,0.418387,1,1,1,1,1,1,1,2
1,0.4039233,1,1,1,1,1,1,1,2
1,0.3897925,1,1,1,1,1,1,1,2
1,0.3759901,1,1,1,1,1,1,1,2
1,0.3625089,1,1,1,1,1,1,1,2
1,0.3493415,1,1,1,1,1,1,1,2
0.4916549,0.3364797,1,1,1,1,1,1,1,2
0.4638668,0.3234084,1,1,1,1,1,1,1,2
0.4378369,0.3474368,1,1,1,1,1,1,1,2
0.4134127,0.3743158,1,1,1,1,1,1,1,2
0.3904587,0.4044858,1,1,1,1,1,1,1,2
0.3688542,0.4384933,1,1,1,1,1,1,1,2
0.348492,0.4770046,1,1,1,1,1,1,1,2
0.3292762,0.5208616,1,1,1,1,1,1,1,2
0.3111214,1,1,1,1,1,1,1,1,2
0.2942645,1,1,1,1,1,1,1,1,2
0.2883007,1,1,1,1,1,1,1,1,2
0.304044,1,1,1,1,1,1,1,1,2
0.3205598,1,1,1,1,1,1,1,1,2
0.3378331,1,1,1,1,1,1,1,1,2
0.3558542,1,1,1,1,1,1,1,1,2
0.3746031,1,1,1,1,1,1,1,1,2
0.3940604,1,1,1,1,1,1,1,1,2
0.4141954,1,1,1,1,1,1,1,1,2
0.4349777,1,1,1,1,1,1,1,1,2
0.4563659,1,1,1,1,1,1,1,1,2
1,1,1,1,1,1,1,1,1,1
1,1,1,1,1,1,1,1,1,1
1,1,1,1,1,1,1,1,1,1
1,1,1,1,1,1,1,1,1,1
1,1,1,1,1,1,1,1,1,1
1,1,1,1,1,1,1,1,1,1
1,1,1,1,1,1,1,1,1,1
1,1,1,1,1,1,1,1,1,1
1,1,1,1,1,1,1,1,1,1
1,1,1,1,1,1,1,1,1,1
1,1,1,1,1,1,1,1,1,1
1,1,1,1,1,1,1,1,1,1
1,1,1,1,1,1,1,1,1,1
1,1,1,1,1,1,1,1,1,1
1,1,1,1,1,1,1,1,1,1
1,1,1,1,1,1,1,1,1,1
1,1,1,1,1,1,1,1,1,1
1,1,1,1,1,1,1,1,1,1
1,1,1,1,1,1,1,1,1,1
1,1,1,1,1,1,1,1,1,1
1,1,1,1,1,1,1,1,1,1
1,1,1,1,1,1,1,1,1,1
1,1,1,1,1,1,1,1,1,1
1,1,1,1,1,1,1,1,1,1
1,1,1,1,1,1,1,1,1,1
1,1,1,1,1,1,1,1,1,1
0.9868423,1,1,1,1,1,1,1,1,1
0.97809,1,1,1,1,1,1,1,1,1
0.9692291,1,1,1,1,1,1,1,1,1
0.9602634,1,1,1,1,1,1,1,1,1
0.9511973,1,1,1,1,1,1,1,1,1
0.9420354,1,1,1,1,1,1,1,1,1
0.9327828,1,1,1,1,1,1,1,1,1
0.9234446,1,1,1,1,1,1,1,1,1
0.9140275,1,1,1,1,1,1,1,1,1
0.9045371,1,1,1,1,1,1,1,1,1
0.8949794,1,1,1,1,1,1,1,1,1
0.8853619,1,1,1,1,1,1,1,1,1
0.8756911,1,1,1,1,1,1,1,1,1
0.8659742,1,1,1,0.9943115,1,1,1,1,1
0.8563011,1,1,1,0.9869416,1,1,1,1,1
0.8466985,1,1,1,0.9795433,1,1,1,1,1
0.8521289,1,1,1,0.9721109,1,1,1,1,1
0.8695647,1,1,1,0.9643328,1,1,1,1,1
0.8862303,1,1,1,0.9559573,1,1,1,1,1
0.9020632,1,1,1,0.946991,1,1,1,1,1
0.9170015,1,1,1,0.9374439,1,1,1,1,1
0.9309972,1,1,0.9974905,0.9273304,1,1,1,1,1
0.9439062,1,1,0.9862634,0.9166131,1,1,1,1,1
0.9553453,1,1,0.9762254,0.9051245,1,1,1,1,1
0.9653372,1,1,0.9673049,0.8929304,1,1,1,1,1
0.9739277,1,1,0.9594352,0.8800991,1,1,1,1,1
0.9811707,1,1,0.9525642,0.8667,1,1,1,1,0
0.9871339,1,1,0.946646,0.8528045,1,1,1,1,0
1,1,1,0.9416412,0.8384827,1,1,1,1,0
1,1,1,0.9377596,0.8236643,1,1,1,1,0
1,1,1,0.934605,0.8086239,0.9832916,1,1,1,0
1,1,1,0.9330055,0.7929893,0.9614326,1,1,1,0
1,1,1,0.9332346,0.7767305,0.9385759,1,1,1,0
1,1,1,0.9353795,0.7599362,0.9148887,1,1,1,0
1,1,1,0.9395481,0.7427042,0.8905525,1,1,1,0
1,1,1,0.9458516,0.7377628,0.8657538,1,1,1,0
1,1,1,0.9538237,0.7389261,0.8410205,1,1,1,0
1,1,1,0.9632488,0.7407878,0.8166238,1,1,1,0
1,1,1,1,0.7433348,0.7926516,1,1,1,0
0.9575995,1,1,1,0.7460384,0.7696035,1,1,1,0
0.9520751,1,1,1,0.7484921,0.7477216,1,1,1,0
0.9464052,1,1,1,0.7515902,0.7262238,1,1,1,0
0.9406736,1,1,1,0.7553173,0.7051502,1,1,1,0
0.9349471,1,1,1,0.7596636,0.6845301,1,1,1,0
0.9292823,1,1,1,0.7646196,0.6643834,1,1,1,0
0.9237289,1,1,1,0.7701709,0.6447212,1,1,1,0
0.9183233,1,1,1,0.7763094,0.6255479,0.8546646,1,1,0
0.9081785,1,1,1,0.789738,0.6203697,0.8159478,1,1,0
0.8980892,1,1,1,0.8052103,0.6263252,0.7788951,1,1,0
0.8884665,1,1,1,0.8223263,0.6330243,0.7438953,1,1,0
0.8793827,1,1,1,0.8410633,0.6404178,0.7108908,1,1,0
0.8708879,1,1,1,1,0.6484463,0.6797913,1,1,0
0.8649918,1,1,1,1,0.6546376,0.6525986,1,1,0
0.8591378,1,1,1,1,0.6616687,0.626326,1,1,0
0.8533857,1,1,1,1,0.6695328,0.6009861,1,1,0
0.84778,1,1,1,1,0.6782294,0.5765743,1,1,0
0.8423573,1,1,1,1,0.6877522,0.5530739,1,1,0
0.8371417,1,1,1,1,0.698102,0.5304588,1,1,0
0.8321551,1,1,1,1,0.7092677,0.5086944,1,1,0
0.8274128,1,1,1,1,0.7212389,0.5081503,1,1,0
0.8232552,1,1,1,1,0.7332055,0.5110024,1,1,0
0.8196648,1,1,1,1,1,0.5137489,1,1,0
0.8192565,1,1,1,1,1,0.5134825,1,1,0
0.8188907,1,1,1,1,1,0.5132648,1,1,0
0.8185701,1,1,1,1,1,0.5130876,1,1,0
0.8182869,1,1,1,1,1,0.512956,1,1,0
0.8180404,1,1,1,1,1,0.5128662,0.6887501,1,0
0.8120221,1,1,1,1,1,0.5202497,0.6381207,1,0
0.8057353,1,1,1,1,1,0.5291479,0.590259,1,0
0.7993259,1,1,1,1,1,0.5396114,0.5453606,1,0
0.7930414,1,1,1,1,1,0.5514587,0.5037556,1,0
0.7870048,1,1,1,1,1,0.5646013,0.4653677,1,0
0.781201,1,1,1,1,1,0.579173,0.4298218,1,0
0.775619,1,1,1,1,1,0.5953223,0.3967995,1,0
0.7702487,1,1,1,1,1,1,0.3851467,1,0
0.7675922,1,1,1,1,1,1,0.387145,1,0
0.7650635,1,1,1,1,1,1,0.3892807,1,0
0.7626529,1,1,1,1,1,1,0.3915441,1,0
0.7603486,1,1,1,1,1,1,0.3939297,1,0
0.7581397,1,1,1,1,1,1,0.3964318,1,0
0.756016,1,1,1,1,1,1,0.3990446,1,0
0.7539684,1,1,1,1,1,1,0.4017622,0.5873287,0
0.7494737,1,1,1,1,1,1,0.4083233,0.4974042,0
0.7451416,1,1,1,1,1,1,0.4155704,0.4214898,0
0.7409652,1,1,1,1,1,1,0.423547,0.3565344,0
0.7369416,1,1,1,1,1,1,0.4322969,0.3333704,0
0.7330618,1,1,1,1,1,1,0.441878,0.336418,0
0.7293233,1,1,1,1,1,1,0.4523458,0.3398796,0
0.7257209,1,1,1,1,1,1,0.463767,0.3437677,0
0.7222465,1,1,1,1,1,1,0.4762206,0.3481,0
0.7188982,1,1,1,1,1,1,1,0.352889,0
0.7162709,1,1,1,1,1,1,1,0.3567762,0
0.7136725,1,1,1,1,1,1,1,0.3608388,0
0.7110964,1,1,1,1,1,1,1,0.3650667,0
0.7085302,1,1,1,1,1,1,1,0.369456,0
0.7059714,1,1,1,1,1,1,1,0.3739924,0
0.7034115,1,1,1,1,1,1,1,0.3786684,0
0.7008428,1,1,1,1,1,1,1,0.3834759,0
0.6982582,1,1,1,1,1,1,1,0.3884071,0
0.6956539,1,1,1,1,1,1,1,0.3934501,0
0.6930266,1,1,1,1,1,1,1,0.3985928,0
0.6903708,1,1,1,1,1,1,1,0.4038265,0
0.6876812,1,1,1,1,1,1,1,0.4091423,0
0.684953,1,1,1,1,1,1,1,0.4145314,0
0.6821851,1,1,1,1,1,1,1,0.4199807,0
0.6793768,1,1,1,1,1,1,1,1,2
0.6761667,1,1,1,1,1,1,1,1,2
0.6732075,1,1,1,1,1,1,1,1,2
0.6705043,1,1,1,1,1,1,1,1,2
0.668062,1,1,1,1,1,1,1,1,2
0.6658823,1,1,1,1,1,1,1,1,2
0.6639696,1,1,1,1,1,1,1,1,2
0.662325,1,1,1,1,1,1,1,1,2
0.6609492,1,1,1,1,1,1,1,1,2
1,1,1,1,1,1,1,1,1,1
1,1,1,1,1,1,1,1,1,1
1,1,1,1,1,1,1,1,1,1
1,1,1,1,1,1,1,1,1,1
1,1,1,1,1,1,1,1,1,1
1,1,1,1,1,1,1,1,1,1
1,1,1,1,1,1,1,1,1,1
1,1,1,1,1,1,1,1,1,1
1,1,1,1,1,1,1,1,1,1
1,1,1,1,1,1,1,1,1,1
1,1,1,1,1,1,1,1,1,1
1,1,1,1,1,1,1,1,1,1
1,1,1,1,1,1,1,1,1,1
0.971965,1,1,1,1,1,1,1,1,1
0.97027,1,1,1,1,1,1,1,1,1
0.9685942,1,1,1,1,1,1,1,1,1
0.9669374,1,1,1,1,1,1,1,1,1
0.9653,1,1,1,1,1,1,1,1,1
0.9636852,1,1,1,1,1,1,1,1,1
0.9620931,1,1,1,1,1,1,1,1,1
0.9605238,1,1,1,1,1,1,1,1,1
0.9589777,1,1,1,1,1,1,1,1,1
0.9574579,1,1,1,1,1,1,1,1,1
0.9559646,1,1,1,1,1,1,1,1,1
0.954498,1,1,1,1,1,1,1,1,1
0.9530584,1,1,1,1,1,1,1,1,1
0.9516457,1,1,1,1,1,1,1,1,1
0.9502635,1,1,1,1,1,1,1,1,1
0.9489087,1,1,1,1,1,1,1,1,1
0.9475847,1,1,1,1,1,1,1,1,1
0.9462914,1,1,1,1,1,1,1,1,1
0.9450294,1,1,1,1,1,1,1,1,1
0.9438016,1,1,1,1,1,1,1,1,1
0.9426052,1,1,1,1,1,1,1,1,1
0.9414434,1,1,1,1,1,1,1,1,1
0.9403166,1,1,1,1,1,1,1,1,1
0.9392245,1,1,1,1,1,1,1,1,1
0.9381676,1,1,1,1,1,1,1,1,1
0.9371489,1,1,1,1,1,1,1,1,1
0.9361655,1,1,1,1,1,1,1,1,1
1,1,1,1,1,1,1,1,1,1
1,1,1,1,1,1,1,1,1,1
1,1,1,1,1,1,1,1,1,1
1,1,1,1,1,1,1,1,1,1
1,1,1,1,1,1,1,1,1,1
1,1,1,1,1,1,1,1,1,1
1,1,1,1,1,1,1,1,1,1
1,1,1,1,1,1,1,1,1,1
1,1,1,1,1,1,1,1,1,1
1,1,1,1,1,1,1,1,1,1
1,1,1,1,1,1,1,1,1,1
1,1,1,1,1,1,1,1,1,1
1,1,1,1,1,1,1,1,1,1
1,1,1,1,1,1,1,1,1,1
1,1,1,1,1,1,1,1,1,1
1,1,1,1,1,1,1,1,1,1
1,1,1,1,1,1,1,1,1,1
1,1,1,1,1,1,1,1,1,1
1,1,1,1,1,1,1,1,1,1
1,1,1,1,1,1,1,1,1,1
1,1,1,1,1,1,1,1,1,1
1,1,1,1,1,1,1,1,1,1
1,1,1,1,1,1,1,1,1,1
1,1,1,1,1,1,1,1,1,1
1,1,1,1,1,1,1,1,1,1
1,1,1,1,1,1,1,1,1,1
1,1,1,1,1,1,1,1,1,1
1,1,1,1,1,1,1,1,1,1
1,1,1,1,1,1,1,1,1,1
1,1,1,1,1,1,1,1,1,1
1,1,1,1,1,1,1,1,1,1
1,1,1,1,1,1,1,1,1,1
1,1,1,1,1,1,1,1,1,1
1,1,1,1,1,1,1,1,1,1
1,1,1,1,1,1,1,1,1,1
1,1,1,1,1,1,1,1,1,1
1,1,1,1,1,1,1,1,1,1
1,1,1,1,1,1,1,1,1,1
1,1,1,1,1,1,1,1,1,1
1,1,1,1,1,1,1,1,1,1
1,1,1,1,1,1,1,1,1,1
1,1,1,1,1,1,1,1,1,1
1,1,1,1,1,1,1,1,1,1
1,1,1,1,1,1,1,1,1,1
1,1,1,1,1,1,1,1,1,1
1,1,1,1,1,1,1,1,1,1
1,1,1,1,1,1,1,1,1,1
1,1,1,1,1,1,1,1,1,1
1,1,1,1,1,1,1,1,1,1
1,1,1,1,1,1,1,1,1,1
1,1,1,1,1,1,1,1,1,1
1,1,1,1,1,1,1,1,1,1
1,1,1,1,1,1,1,1,1,1
1,1,1,1,1,1,1,1,1,1
1,1,1,1,1,1,1,1,1,1
1,1,1,1,1,1,1,1,1,1
1,1,1,1,1,1,1,1,1,1
1,1,1,1,1,1,1,1,1,1
1,1,1,1,1,1,1,1,1,1
1,1,1,1,1,1,1,1,1,1
1,1,1,1,1,1,1,1,1,1
1,1,1,1,1,1,1,1,1,1
1,1,1,1,1,1,1,1,1,1
1,1,1,1,1,1,1,1,1,1
1,1,1,1,1,1,1,1,1,1
1,1,1,1,1,1,1,1,1,1
1,1,1,1,1,1,1,1,1,1
1,1,1,1,1,1,1,1,1,1
1,1,1,1,1,1,1,1,1,1
1,1,1,1,1,1,1,1,1,1
1,1,1,1,1,1,1,1,1,1
1,1,1,1,1,1,1,1,1,1
1,1,1,1,1,1,1,1,1,1
1,1,1,1,1,1,1,1,1,1
1,1,1,1,1,1,1,1,1,1
1,1,1,1,1,1,1,1,1,1
1,1,1,1,1,1,1,1,1,1
1,1,1,1,1,1,1,1,1,1
1,1,1,1,1,1,1,1,1,1
1,1,1,1,1,1,1,1,1,1
1,1,1,1,1,1,1,1,1,1
1,1,1,1,1,1,1,1,1,1
1,1,1,1,1,1,1,1,1,1
1,1,1,1,1,1,1,1,1,1
1,1,1,1,1,1,1,1,1,1
1,1,1,1,1,1,1,1,1,1
1,1,1,1,1,1,1,1,1,1
1,1,1,1,1,1,1,1,1,1
1,1,1,1,1,1,1,1,1,1
1,1,1,1,1,1,1,1,1,1
1,1,1,1,1,1,1,1,1,1
1,1,1,1,1,1,1,1,1,1
1,1,1,1,1,1,1,1,1,1
1,1,1,1,1,1,1,1,1,1
1,1,1,1,1,1,1,1,1,1
1,1,1,1,1,1,1,1,1,1
1,1,1,1,1,1,1,1,1,1
1,1,1,1,1,1,1,1,1,1
1,1,1,1,1,1,1,1,1,1
1,1,1,1,1,1,1,1,1,1
1,1,1,1,1,1,1,1,1,1
1,1,1,1,1,1,1,1,1,1
1,1,1,1,1,1,1,1,1,1
1,1,1,1,1,1,1,1,1,1
1,1,1,1,1,1,1,1,1,1
1,1,1,1,1,1,1,1,1,1
1,1,1,1,1,1,1,1,1,1
1,1,1,1,1,1,1,1,1,1
1,1,1,1,1,1,1,1,1,1
1,1,1,1,1,1,1,1,1,1
1,1,1,1,1,1,1,1,1,1
1,1,1,1,1,1,1,1,1,1
1,1,1,1,1,1,1,1,1,1
1,1,1,1,1,1,1,1,1,1
1,1,1,1,1,1,1,1,1,1
1,1,1,1,1,1,1,1,1,1
1,1,1,1,1,1,1,1,1,1
1,1,1,1,1,1,1,1,1,1
1,1,1,1,1,1,1,1,1,1
1,1,1,1,1,1,1,1,1,1
1,1,1,1,1,1,1,1,1,1
1,1,1,1,1,1,1,1,1,1
1,1,1,1,1,1,0.987168,1,1,1
1,1,1,1,1,1,0.8657219,1,1,1
1,1,1,1,1,1,0.8537466,1,1,1
1,1,1,1,1,1,0.8417255,1,1,1
1,1,1,1,1,1,0.8296639,1,1,1
1,1,1,1,1,1,0.8175681,1,1,1
1,1,1,1,1,1,0.8054436,1,1,1
1,1,1,1,1,1,0.7932966,1,1,1
1,1,1,1,1,1,0.781132,1,1,1
1,1,1,1,1,1,0.7689564,1,1,1
1,1,1,1,1,1,0.7567748,1,1,1
1,1,1,1,1,1,0.744593,1,1,0
1,1,1,1,1,1,0.7324168,1,1,0
1,1,1,1,1,1,0.7202514,1,1,0
1,1,1,1,1,1,0.7081019,1,1,0
1,1,1,1,1,1,0.6959733,1,1,0
1,1,1,1,1,1,0.68387,1,1,0
1,1,1,1,1,1,0.6717971,1,1,0
1,1,1,1,1,1,0.6597584,1,1,0
1,1,1,1,1,1,0.6477582,1,1,0
1,1,1,1,1,1,0.6358002,0.8513295,1,0
1,1,1,1,1,1,0.6228679,0.8287603,1,0
1,1,1,1,1,1,0.6393103,0.8061923,1,0
1,1,1,1,1,1,0.6626181,0.7840208,1,0
1,1,1,1,1,1,0.6880887,0.7623284,1,0
1,1,1,1,1,1,0.7158878,0.7411324,1,0
1,1,1,1,1,1,0.7462084,0.7204446,1,0
1,1,1,1,1,1,0.7792515,0.7002699,1,0
1,1,1,1,1,1,0.8152278,0.6806092,1,0
1,1,1,1,1,1,0.8543791,0.6614588,1,0
1,1,1,1,1,1,0.8969731,0.6428113,1,0
1,1,1,1,1,1,1,0.6246563,1,0
1,1,1,1,1,1,1,0.6072533,1,0
1,1,1,1,1,1,1,0.5900543,1,0
1,1,1,1,1,1,1,0.5730806,1,0
1,1,1,1,1,1,1,0.5563512,1,0
1,1,1,1,1,1,1,0.5398818,1,0
1,1,1,1,1,1,1,0.5236857,1,0
1,1,1,1,1,1,1,0.5077742,1,0
1,1,1,1,1,1,1,0.4921558,1,0
1,1,1,1,1,1,1,0.4768369,0.7578878,0
1,1,1,1,1,1,1,0.4745556,0.7160667,0
1,1,1,1,1,1,1,0.4974622,0.6769425,0
1,1,1,1,1,1,1,0.522653,0.6405743,0
1,1,1,1,1,1,1,0.5504146,0.6066928,0
1,1,1,1,1,1,1,0.5810841,0.5750628,0
1,1,1,1,1,1,1,0.6150545,0.5454778,0
1,1,1,1,1,1,1,0.6527953,0.517757,0
1,1,1,1,1,1,0.991926,0.6948791,0.4917402,0
1,1,1,1,1,1,0.9837486,0.7419931,0.4672848,0
1,1,1,1,1,1,0.9760597,1,0.444447,0
1,1,1,1,1,1,0.9685389,1,0.4244875,0
1,1,1,1,1,1,0.9613825,1,0.4269092,0
1,1,1,1,1,1,0.9545223,1,0.4419783,0
1,1,1,1,1,1,0.9478868,1,0.4575195,0
1,1,1,1,1,1,0.9414372,1,0.4734986,0
1,1,1,1,1,1,0.9351367,1,0.4898825,0
1,1,1,1,1,1,0.9289522,1,0.5066353,0
1,1,1,1,1,1,1,1,0.5237128,0
1,1,1,1,1,1,1,1,0.541484,0
1,1,1,1,1,1,1,1,0.5595992,0
1,1,1,1,1,1,1,1,0.5780162,0
1,1,1,1,1,1,1,1,0.596701,0
1,1,1,1,0.9873846,1,1,1,0.6156123,0
1,1,1,1,0.9663744,1,1,1,0.6344066,0
1,1,1,1,0.9470991,1,1,0.8652421,0.6527866,0
1,1,1,1,0.928244,1,1,0.856326,0.6716608,0
1,1,1,1,0.9108232,1,1,0.8476769,1,1
1,1,1,1,0.9023241,1,1,0.8401892,1,1
1,1,1,1,0.8939933,1,1,0.8327124,1,1
1,1,1,1,0.885819,1,1,0.8252443,1,1
1,1,1,1,0.8777951,1,1,0.8177832,1,1
1,1,1,1,0.8699111,1,1,0.8103268,1,1
1,1,1,1,0.8621565,1,1,0.8028734,1,1
1,1,1,1,0.8545265,1,1,0.7954212,1,1
1,1,1,1,0.8470117,1,1,0.7879689,1,1
1,1,1,1,0.8396075,1,1,0.7805144,1,1
1,1,1,1,0.8323007,1,1,0.773056,1,1
1,1,1,1,0.8250872,1,1,0.7655923,1,1
1,1,1,1,0.8179591,1,1,0.7581219,1,1
1,1,1,1,0.8109134,1,1,0.7506432,1,1
1,1,1,1,0.8039422,1,1,0.7431551,1,1
1,1,1,1,0.7970334,1,1,0.7356559,1,1
1,1,1,1,0.7901896,1,1,0.7281441,1,1
1,1,1,1,0.7833989,1,1,0.7206188,1,1
1,1,1,1,0.7766547,1,1,0.7130781,1,1
1,1,1,1,0.7699556,1,1,0.7055215,1,1
1,1,1,1,0.7632903,1,1,0.697947,1,1
1,1,1,0.7632931,0.7566577,1,1,0.6903542,1,2
1,1,1,0.7427347,0.7574194,1,1,0.6838326,1,2
1,1,1,0.722443,1,1,1,0.677332,1,2
1,1,1,0.7068648,1,1,1,0.6698725,1,2
1,1,1,0.6912256,1,1,1,0.6624262,1,2
1,1,1,0.6755496,1,1,1,0.6549907,1,2
1,1,1,0.6598585,1,1,1,0.6475629,1,2
1,1,1,0.6441747,1,1,1,0.64014,1,2
1,1,1,0.6285189,1,1,1,0.6327189,1,2
1,1,1,0.6129108,1,1,1,0.6252964,1,2
1,1,1,0.5973684,1,1,1,0.6178685,1,2
1,1,1,0.5828854,1,1,1,0.6104316,1,2
1,1,1,0.5794553,1,1,1,0.6029764,1,2
1,1,1,0.5759611,1,1,1,0.5954416,1,2
1,1,1,0.5724007,1,1,1,0.5878261,1,2
1,1,1,0.5687725,1,1,1,0.5801285,1,2
1,1,1,0.5650703,1,1,1,0.5723486,1,2
1,1,1,0.5612882,1,1,1,0.5644857,1,2
1,1,1,0.5574255,1,1,1,0.5565392,1,2
1,1,1,0.5534813,1,1,1,0.5485095,1,2
1,1,1,0.5494508,1,1,1,0.5403963,1,2
1,1,1,0.5453293,1,1,1,0.5322,1,2
1,1,1,0.5411171,1,1,1,0.5239209,1,2
1,1,0.5459223,0.5368149,1,1,1,0.5155602,1,2
1,1,0.5166244,1,1,1,1,0.5101663,1,2
1,1,0.4964927,1,1,1,1,0.502299,1,2
1,1,0.4765937,1,1,1,1,0.4944279,1,2
1,1,0.4569574,1,1,1,1,0.4865448,1,2
1,1,0.437609,1,1,1,1,0.4786414,1,2
1,1,0.4185684,1,1,1,1,0.4707083,1,2
1,1,0.401729,1,1,1,1,0.4627363,1,2
1,1,0.3995973,1,1,1,1,0.4547037,1,2
1,1,0.3974312,1,1,1,1,0.4465023,1,2
1,1,0.3952207,1,1,1,1,0.4381317,1,2
1,1,0.3929564,1,1,1,1,0.429593,1,2
1,1,0.3906375,1,1,1,1,0.4306976,1,2
1,1,0.3883296,1,1,1,1,0.4324208,1,2
1,1,0.3860387,1,1,1,1,0.4341238,0.5968101,0
1,1,0.3786388,1,1,1,1,0.4470497,0.5761718,0
1,1,0.3712967,1,1,1,1,0.4603417,0.556016,0
1,1,0.364015,1,1,1,1,0.4739875,0.5363342,0
1,1,0.3567986,1,1,1,1,0.4879671,0.5171145,0
1,1,0.3496469,1,1,1,1,0.5022656,0.4983426,0
1,1,0.3425629,1,1,1,1,0.5168603,0.4800013,0
1,1,0.3355439,1,1,1,1,0.5317345,0.4620735,0
1,1,0.328591,1,1,1,1,0.5468637,0.4445406,0
1,1,0.3217044,1,1,1,1,0.5622224,0.4273828,0
1,1,0.31488,1,1,1,1,0.5777923,0.4105804,0
1,1,1,1,1,1,1,1,0.394113,0
1,1,0.2975619,1,1,1,1,1,0.371523,1
1,0.3072984,1,1,1,1,1,1,0.3590525,2
1,0.2622356,1,1,1,1,1,1,0.3484034,2
1,0.2262909,1,1,1,1,1,1,0.3505234,2
1,0.2226712,1,1,1,1,1,1,0.3528315,2
1,0.2191497,1,1,1,1,1,1,0.3550315,2
1,0.2157256,1,1,1,1,1,1,0.3571285,2
1,0.2123979,1,1,1,1,1,1,0.3591276,2
1,0.2091659,1,1,1,1,1,1,0.3610333,2
1,0.2060254,1,1,1,1,1,1,0.3628535,2
1,0.202979,1,1,1,1,1,1,0.3645882,2
1,0.2000228,1,1,1,1,1,1,0.3662444,2
0.1854481,0.1971594,1,1,1,1,1,1,0.3678215,2
0.1820067,1,1,1,1,1,1,1,0.3664429,2
0.178836,1,1,1,1,1,1,1,0.3671996,2
0.1758108,1,1,1,1,1,1,1,0.3678591,2
0.1729299,1,1,1,1,1,1,1,0.368427,2
0.1701918,1,1,1,1,1,1,1,0.3689081,2
0.1675951,1,1,1,1,1,1,1,0.369307,2
0.1651386,1,1,1,1,1,1,1,0.3696275,2
1,1,1,1,1,1,1,1,0.3698735,0
1,1,1,1,1,1,1,1,0.377179,0
1,1,1,1,1,1,1,1,0.3850646,0
1,1,1,1,1,1,1,1,0.3935605,0
1,1,1,1,1,1,1,1,0.4026963,0
1,1,1,1,1,1,1,1,0.4124913,0
1,1,1,1,1,1,1,1,0.4227965,0
1,1,1,1,1,1,1,1,0.4336045,0
1,1,1,1,1,1,1,1,0.730267,0
1,1,1,1,1,1,1,1,0.7405021,0
1,1,1,1,1,1,1,1,0.7508027,0
1,1,1,1,1,1,1,1,0.7611493,0
1,1,1,1,1,1,1,1,0.7715265,0
1,1,1,1,1,1,1,1,0.7819189,0
1,1,1,1,1,1,1,1,0.7923072,0
1,1,1,1,1,1,1,1,0.8026804,0
1,1,1,1,1,1,0.967405,1,1,1
1,1,1,1,1,0.9989966,0.9584473,1,1,1
1,1,1,1,1,0.9896443,0.949489,1,1,1
1,1,1,1,1,0.9802569,0.9405271,1,1,1
1,1,1,1,1,0.9708347,0.9315613,1,1,1
1,1,1,1,1,0.9613786,0.9225911,1,1,1
1,1,1,1,1,0.9518892,0.9136164,1,1,1
1,1,1,1,1,0.9423672,0.9046367,1,1,1
1,1,1,1,1,0.9328138,0.8956518,1,1,1
1,1,1,1,1,0.9232301,0.8866618,1,1,1
1,1,1,1,1,0.9136171,0.8776663,1,1,1
1,1,1,1,1,0.9039767,0.8686654,1,1,1
1,1,1,1,1,0.8943098,0.859659,1,1,1
1,1,1,1,1,0.8846175,0.8506467,1,1,1
1,1,1,1,1,0.8749019,0.8416287,1,1,1
1,1,1,1,1,0.865164,0.8326049,1,1,1
1,1,1,1,1,0.8554058,0.8235756,1,1,1
1,1,1,1,1,0.8456286,0.8145404,1,1,1
1,1,1,1,1,0.8358342,0.8054997,1,1,1
1,1,1,1,1,0.8260239,0.7964531,1,1,1
1,1,1,1,1,0.8161997,0.7874008,1,1,1
1,1,1,1,1,0.8063629,0.778343,1,1,1
1,1,1,1,1,0.7965152,0.7692794,1,1,1
1,1,1,1,1,0.7866578,0.7602099,1,1,1
1,1,1,1,1,0.7767924,0.7511348,1,1,1
1,1,1,1,1,0.7669209,0.742054,1,1,1
1,1,1,1,1,0.757044,0.7329673,1,1,1
1,1,1,1,1,0.7471635,0.7238747,1,1,1
1,1,1,1,1,0.7372805,0.7147762,1,1,1
1,1,1,1,1,0.7273964,0.7056717,1,1,1
1,1,1,1,1,0.7175119,0.6965608,1,1,1
1,1,1,1,1,0.7076286,0.6874439,1,1,1
1,1,1,1,1,0.6977471,0.6783203,1,1,1
1,1,1,1,1,0.6878684,0.66919,1,1,1
1,1,1,1,1,0.6779932,0.6600527,1,1,1
1,1,1,1,1,0.6681225,0.6509084,1,1,1
1,1,1,1,1,0.6582571,0.6417571,1,1,1
1,1,1,1,1,0.6483973,0.632598,1,1,1
1,1,1,1,1,0.6385439,0.6234315,1,1,1
1,1,1,1,1,0.6286973,0.614257,1,1,1
1,1,1,1,1,0.6188576,0.6050743,1,1,1
1,1,1,1,1,0.6090254,0.5958831,1,1,1
1,1,1,1,1,0.5992008,0.5866833,1,1,1
1,1,1,1,1,0.5893841,0.5774745,1,1,1
1,1,1,1,1,0.5795757,0.5682569,1,1,1
1,1,1,1,1,0.5697749,0.5590295,1,1,1
1,1,1,1,1,0.5599825,0.5497929,1,1,1
1,1,1,1,1,0.5501984,0.5405465,1,1,1
1,1,1,1,1,1,0.5312902,1,1,1
1,1,1,1,1,1,0.521907,1,1,1
1,1,1,1,1,1,0.5125308,1,1,1
1,1,1,1,1,1,0.5031616,1,1,1
1,1,1,1,1,1,0.4937999,1,1,1
1,1,1,1,1,1,0.4844451,1,1,1
1,1,1,1,1,1,0.4750977,1,1,1
1,1,1,1,1,1,0.4657572,1,1,1
1,1,1,1,1,1,0.4564239,1,1,1
1,1,1,1,1,1,0.4470975,1,1,1
1,1,1,1,1,1,0.4377779,1,1,1
1,1,1,1,1,1,0.4284654,1,1,1
1,1,1,1,1,1,0.4191595,1,1,1
1,1,1,1,1,1,0.4098603,0.4629563,1,0
1,1,1,1,1,1,0.4004264,0.4497761,1,0
1,1,1,1,1,1,0.3911037,0.4369215,1,0
1,1,1,1,1,1,0.381885,0.4243773,1,0
1,1,1,1,1,1,0.3727629,0.4121271,1,0
1,1,0.993079,1,1,1,0.3637305,0.4001558,1,0
1,1,0.9792697,1,1,1,0.3547781,0.3884853,1,0
1,1,0.9662563,1,1,1,0.3458932,0.3771279,1,0
1,1,0.9539595,1,1,1,0.3370647,0.3660495,1,0
1,1,0.9423057,1,1,1,0.3282826,0.3552194,1,0
1,1,0.9312308,1,1,1,1,0.3446101,1,0
1,1,0.9196936,1,1,1,1,0.3340165,1,0
1,1,0.9085654,1,1,1,1,0.3236074,1,0
1,1,0.8978136,1,1,1,1,0.313367,1,0
1,1,0.8874121,1,1,1,1,0.3032815,1,0
1,1,0.8773343,1,1,1,1,0.2933379,0.3902622,0
1,1,0.85857,1,1,1,1,0.2821193,0.3704273,0
1,1,0.840488,1,1,1,1,0.2712991,0.3516856,0
1,1,0.823042,1,1,1,1,0.2608593,0.3339579,0
1,1,0.8061968,1,1,1,1,0.250784,0.3171732,0
1,1,0.7904392,1,1,1,1,0.2411215,0.3015454,0
1,1,0.7756492,1,1,1,1,0.2318254,0.2869339,0
1,1,0.7617087,1,1,1,1,0.2408679,0.273212,0
1,1,0.7485784,1,1,1,1,0.2928506,0.2602979,0
1,1,0.7362685,1,1,1,1,0.351758,0.2481403,0
1,1,0.7246594,1,1,1,1,0.4179143,0.2366259,0
1,1,0.7136518,0.83848,1,1,1,1,0.2256596,1
1,1,0.7058625,0.8287641,1,1,1,1,0.2163186,1
1,1,0.6982213,0.8193744,1,1,1,1,0.2070771,1
1,1,0.690713,0.8102786,1,1,1,1,0.1979187,1
1,1,0.6833308,0.8014558,1,1,1,1,0.1888283,1
1,1,0.676062,0.7928793,1,1,1,1,0.1971687,1
1,1,0.6690238,1,1,1,1,1,0.2089091,0
1,1,0.6601361,0.7727817,1,1,1,1,0.2227997,1
1,1,0.6536644,1,1,1,1,1,0.2339207,0
1,1,0.6451747,1,1,1,1,1,0.2476377,1
1,1,0.6369122,0.7441593,1,1,1,1,0.2612798,2
1,1,0.6311939,1,1,1,1,1,0.2711545,1
1,1,0.6232359,1,1,1,1,1,0.2844026,1
1,1,0.615465,1,1,1,1,1,0.2974698,1
1,1,0.6078687,1,1,1,1,1,0.3103172,1
1,1,0.6004373,1,1,1,1,1,0.3229091,1
1,1,0.5931589,1,1,1,1,1,0.3352188,1
1,1,0.5860241,1,1,1,1,1,0.3472233,1
1,1,0.5790275,1,1,1,1,1,0.3588975,1
1,1,0.5721587,1,1,1,1,1,0.3702311,1
1,1,0.565415,1,1,1,1,1,1,2
1,1,0.5624341,1,1,1,1,1,1,2
1,0.5064417,0.5597023,1,1,1,1,1,1,2
1,0.5003499,0.5584338,1,1,1,1,1,1,2
1,0.4946366,0.5575722,1,1,1,1,1,1,2
1,0.4892978,0.5571305,1,1,1,1,1,1,2
1,0.4843275,0.5571195,1,1,1,1,1,1,2
1,0.4797269,0.5575591,1,1,1,1,1,1,2
1,0.4754917,0.5584637,1,1,1,1,1,1,2
1,0.4716246,0.5598572,1,1,1,1,1,1,2
1,0.4681232,1,1,1,1,1,1,1,2
1,0.464986,1,1,1,1,1,1,1,2
1,0.4622184,1,1,1,1,1,1,1,2
0.4566332,0.4598207,1,1,1,1,1,1,1,2
0.4504153,0.4577941,1,1,1,1,1,1,1,2
0.4446366,0.456147,1,1,1,1,1,1,1,2
0.4392855,0.4548826,1,1,1,1,1,1,1,2
0.4343517,0.4540052,1,1,1,1,1,1,1,2
0.4298288,0.4535232,1,1,1,1,1,1,1,2
0.4257116,0.4534465,1,1,1,1,1,1,1,2
0.4219897,0.4537793,1,1,1,1,1,1,1,2
0.418663,0.4545375,1,1,1,1,1,1,1,2
0.4157261,0.4557312,1,1,1,1,1,1,1,2
0.4131747,1,1,1,1,1,1,1,1,2
0.4110084,1,1,1,1,1,1,1,1,2
0.4092217,1,1,1,1,1,1,1,1,2
0.407819,1,1,1,1,1,1,1,1,2
0.4067968,1,1,1,1,1,1,1,1,2
0.4061583,1,1,1,1,1,1,1,1,2
0.4059046,1,1,1,1,1,1,1,1,2
0.4060382,1,1,1,1,1,1,1,1,2
0.4065621,1,1,1,1,1,1,1,1,2
0.4074836,1,1,1,1,1,1,1,1,2
1,1,1,1,1,1,1,1,1,1
1,1,1,1,1,1,1,1,1,1
1,1,1,1,1,1,1,1,1,1
1,1,1,1,1,1,1,1,1,1
1,1,1,1,1,1,1,1,1,1
1,1,1,1,1,1,1,1,1,1
1,1,1,1,1,1,1,1,1,1
1,1,1,1,1,1,1,1,1,1
1,1,1,1,1,1,1,1,1,1
1,1,1,1,1,1,1,1,1,1
1,1,1,1,1,1,1,1,1,1
1,1,1,1,1,1,1,1,1,1
1,1,1,1,1,1,1,1,1,1
1,1,1,1,1,1,1,1,1,1
1,1,1,1,1,1,1,1,1,1
1,1,1,1,1,1,1,1,1,1
1,1,1,1,1,1,1,1,1,1
1,1,1,1,1,1,1,1,1,1
1,1,1,1,1,1,1,1,1,1
1,1,1,1,1,1,1,1,1,1
1,1,1,1,1,1,1,1,1,1
1,1,1,1,1,1,1,1,1,1
1,1,1,1,1,1,1,1,1,1
1,1,1,1,1,1,1,1,1,1
1,1,1,1,1,1,1,1,1,1
1,1,1,1,1,1,1,1,1,1
1,1,1,1,1,1,1,1,1,1
1,1,1,1,1,1,1,1,1,1
1,1,1,1,1,1,1,1,1,1
1,1,1,1,1,1,1,1,1,1
1,1,1,1,1,1,1,1,1,1
1,1,1,1,1,1,1,1,1,1
1,1,1,1,1,1,1,1,1,1
1,1,1,1,1,1,1,1,1,1
1,1,1,1,1,1,1,1,1,1
1,1,1,1,1,1,1,1,1,1
1,1,1,1,1,1,1,1,1,1
1,1,1,1,1,1,1,1,1,1
1,1,1,1,1,1,1,1,1,1
1,1,1,1,1,1,1,1,1,1
1,1,1,1,1,1,1,1,1,1
1,1,1,1,1,1,1,1,1,1
1,1,1,1,1,1,1,1,1,1
1,1,1,1,1,1,1,1,1,1
1,1,1,1,1,1,1,1,1,1
1,1,1,1,1,1,1,1,0.9885971,1
1,1,1,1,1,1,1,1,0.9541925,1
1,1,1,1,1,1,1,1,0.9165901,1
1,1,1,1,1,1,1,1,0.9181072,1
1,1,1,1,1,1,1,1,0.9196538,1
1,1,1,1,1,1,1,1,0.9212259,1
1,1,1,1,1,1,1,1,0.9228226,1
1,1,1,1,1,1,1,1,0.9244463,1
1,1,1,1,1,1,1,1,0.9260898,1
1,1,1,1,1,1,1,1,0.9277555,1
1,1,1,1,1,1,1,1,0.9294392,1
1,1,1,1,1,1,1,1,0.9311405,1
1,1,1,1,1,1,1,1,0.9328585,1
1,1,1,1,1,1,1,1,0.9345922,1
1,1,1,1,1,1,1,1,0.9363381,1
1,1,1,1,1,1,1,1,1,1
1,1,1,1,1,1,1,1,1,1
1,1,1,1,1,1,1,1,1,1
1,1,1,1,1,1,1,1,1,1
1,1,1,1,1,1,1,1,1,1
1,1,1,1,1,1,1,1,1,1
1,1,1,1,1,1,1,1,1,1
1,1,1,1,1,1,1,1,1,1
1,1,1,1,1,1,1,1,1,1
1,1,1,1,1,1,1,1,1,1
1,1,1,1,1,1,1,1,1,1
1,1,1,1,1,1,1,1,1,1
1,1,1,1,1,1,1,1,1,1
1,1,1,1,1,1,1,1,1,1
1,1,1,1,1,1,0.9812675,1,1,1
1,1,1,1,1,1,0.9705634,1,1,1
1,1,1,1,1,1,0.9598081,1,1,1
1,1,1,1,1,1,0.9490034,1,1,1
1,1,1,1,1,1,0.938152,1,1,1
1,1,1,1,1,1,0.9272558,1,1,1
1,1,1,1,1,1,0.9163176,1,1,1
1,1,1,1,1,1,0.9053398,1,1,1
1,1,1,1,1,1,0.8943254,1,1,1
1,1,1,1,1,1,0.8832773,1,1,1
1,1,1,1,1,1,0.8721982,1,1,1
1,1,1,1,1,1,0.8610914,1,1,1
1,1,1,1,1,1,0.84996,1,1,1
1,1,1,1,1,1,0.8388069,1,1,1
1,1,1,1,1,1,0.8276356,1,1,1
1,1,1,1,1,1,0.8164493,1,1,1
1,1,1,1,1,1,0.8052512,1,1,1
1,1,1,1,1,1,0.7940446,1,1,1
1,1,1,1,1,1,0.7828324,1,1,1
1,1,1,1,1,1,0.7716179,1,1,1
1,1,1,1,1,1,0.7604045,1,1,1
1,1,1,1,1,1,0.7491952,1,1,1
1,1,1,1,1,1,0.7379928,1,1,1
1,1,1,1,1,1,0.7268003,1,1,1
1,1,1,1,1,1,0.7156206,1,1,1
1,1,1,1,1,1,0.7044564,1,1,1
1,1,1,1,1,1,0.6933101,1,1,1
1,1,1,1,1,1,0.6821845,1,1,1
1,1,1,1,1,1,0.6740979,1,1,1
1,1,1,1,1,1,0.6884037,1,1,1
1,1,1,1,1,1,0.7027031,1,1,1
1,1,1,1,1,1,0.7169685,1,1,1
1,1,1,1,1,1,0.7311832,1,1,1
1,1,1,1,1,1,0.7453198,1,1,1
1,1,1,1,1,1,0.7593509,1,1,1
1,1,1,1,1,1,0.773249,1,1,1
1,1,1,1,1,1,1,1,1,1
1,1,1,1,1,1,1,1,1,1
1,1,1,1,1,1,1,1,1,1
1,1,1,1,1,1,1,1,1,1
1,1,1,1,1,1,1,1,1,1
1,1,1,1,1,1,1,1,1,1
1,1,1,1,1,1,1,1,1,1
1,1,1,1,1,1,1,1,1,1
1,1,1,1,1,1,1,1,1,1
1,1,1,1,1,1,1,1,1,1
1,1,1,1,1,1,1,0.6089662,1,0
1,1,1,1,1,1,1,0.5908965,1,0
1,1,1,1,1,1,1,0.573069,1,0
1,1,1,1,1,1,1,0.5555058,1,0
1,1,1,1,1,1,1,0.5382267,1,0
1,1,1,1,1,1,1,0.5212483,1,0
1,1,1,1,1,1,1,0.5045838,1,0
1,1,1,1,1,1,1,0.4882436,1,0
1,1,1,1,1,1,1,0.4722354,1,0
1,1,1,1,1,1,1,0.4565643,1,0
1,1,1,1,1,1,1,0.4468762,1,0
1,1,1,1,1,1,1,0.4612857,1,0
1,1,1,1,1,1,1,0.4761379,1,0
1,1,1,1,1,1,1,0.4914108,1,0
1,1,1,1,1,1,1,0.5070797,1,0
1,1,1,1,1,1,1,0.5231175,1,0
1,0.9970405,1,1,1,1,1,0.5395007,0.5363065,0
1,0.9860395,1,1,1,1,1,1,0.5056414,0
1,0.9769439,1,1,1,1,1,1,0.4799896,0
1,0.9679524,1,1,1,1,1,1,0.4554436,0
1,0.9590904,1,1,1,1,1,1,0.4319909,0
1,0.950374,1,1,1,1,1,1,0.4096085,0
1,0.9418205,1,1,1,1,1,1,0.3882644,0
1,0.9334385,1,1,1,1,1,1,0.3987421,0
1,0.9254225,1,1,1,1,1,1,0.4111952,0
1,0.9177297,1,1,1,1,1,1,0.4239067,0
1,0.9103127,1,1,1,1,1,1,0.436839,0
1,0.9031331,1,1,1,1,1,1,0.4499477,0
1,0.8961526,1,1,1,1,1,1,0.4631962,0
1,0.8893377,1,1,1,1,1,1,0.4765459,0
1,0.8826655,1,1,1,1,1,1,0.4899485,0
1,0.8761113,1,1,1,1,1,1,1,2
1,0.871183,1,1,1,1,1,1,1,2
1,0.8663403,1,1,1,1,1,1,1,2
1,0.861585,1,1,1,1,1,1,1,2
1,0.8569218,1,1,1,1,1,1,1,2
1,0.8523523,1,1,1,1,1,1,1,2
1,0.8478845,1,1,1,1,1,1,1,2
1,0.8435166,1,1,1,1,1,1,1,2
1,0.8392536,1,1,1,1,1,1,1,2
1,0.8350998,1,1,1,1,1,1,1,2
1,0.8310601,1,1,1,1,1,1,1,2
1,0.8271323,1,1,1,1,1,1,1,2
1,0.8233242,1,1,1,1,1,1,1,2
1,0.8196372,1,1,1,1,1,1,1,2
1,0.8160722,1,1,1,1,1,1,1,2
1,0.8126335,1,1,1,1,1,1,1,2
1,0.8093222,1,1,1,1,1,1,1,2
1,0.8061422,1,1,1,1,1,1,1,2
1,0.8030943,1,1,1,1,1,1,1,2
1,0.8001825,1,1,1,1,1,1,1,2
1,0.7974072,1,1,1,1,1,1,1,2
0.7793274,0.7947692,1,1,1,1,1,1,1,2
0.7729562,0.7943973,1,1,1,1,1,1,1,2
0.7669885,0.7944973,1,1,1,1,1,1,1,2
0.7614342,0.7950795,1,1,1,1,1,1,1,2
0.7563019,1,1,1,1,1,1,1,1,2
0.7520608,1,1,1,1,1,1,1,1,2
0.7479917,1,1,1,1,1,1,1,1,2
0.7441007,1,1,1,1,1,1,1,1,2
0.740391,1,1,1,1,1,1,1,1,2
0.7368687,1,1,1,1,1,1,1,1,2
0.7335364,1,1,1,1,1,1,1,1,2
0.7303995,1,1,1,1,1,1,1,1,2
0.7274638,1,1,1,1,1,1,1,1,2
0.7247312,1,1,1,1,1,1,1,1,2
0.7222037,1,1,1,1,1,1,1,1,2
1,1,1,1,1,1,1,1,1,1
1,1,1,1,1,1,1,1,1,1
1,1,1,1,1,1,1,1,1,1
1,1,1,1,1,1,1,1,1,1
1,1,1,1,1,1,0.9950417,1,1,1
1,1,1,1,1,1,0.9839679,1,1,1
1,1,1,1,1,1,0.9730916,1,1,1
1,1,1,1,1,1,0.9741086,1,1,1
1,1,1,1,1,1,0.9750965,1,1,1
1,1,1,1,1,1,0.9760634,1,1,1
1,1,1,1,1,1,0.9770029,1,1,1
1,1,1,1,1,1,0.9779156,1,1,1
1,1,1,1,1,1,0.9788098,1,1,1
1,1,1,1,1,1,0.979679,1,1,1
1,1,1,1,1,1,0.9805239,1,1,1
1,1,1,1,1,1,0.9813454,1,1,1
1,1,1,1,1,1,0.9821442,1,1,1
1,1,1,1,1,1,0.9829212,1,1,1
1,1,1,1,1,1,0.9836772,1,1,1
1,1,1,1,1,1,0.9844128,1,1,1
1,1,1,1,1,1,0.9851286,1,1,1
1,1,1,1,1,1,1,1,1,1
1,1,1,1,1,1,1,1,1,1
1,1,1,1,1,1,1,1,1,1
1,1,1,1,1,1,1,1,1,1
1,1,1,1,1,1,1,1,1,1
1,1,1,1,1,1,1,1,1,1
1,1,1,1,1,1,1,1,1,1
1,1,1,1,1,1,1,1,1,1
1,1,1,1,1,1,1,1,1,1
1,1,1,1,1,1,1,1,1,1
1,1,1,1,1,1,1,1,1,1
1,1,1,1,1,1,1,1,1,1
1,1,1,1,1,1,1,1,1,1
1,1,1,1,1,1,1,1,1,1
1,1,1,1,1,1,1,1,1,1
1,1,1,1,1,1,1,1,1,1
1,1,1,1,1,1,1,1,1,1
1,1,1,1,1,1,1,1,1,1
1,1,1,1,1,1,1,1,1,1
1,1,1,1,1,1,1,1,1,1
1,1,1,1,1,1,1,1,1,1
1,1,1,1,1,1,1,1,1,1
1,1,1,1,1,1,1,1,1,1
1,1,1,1,1,1,1,1,1,1
1,1,1,1,1,1,1,1,1,1
1,1,1,1,1,1,1,0.744454,1,0
1,1,1,1,1,1,1,0.7220888,1,0
1,1,1,1,1,1,1,0.6996721,1,0
1,1,1,1,1,1,1,0.6772757,1,0
1,1,1,1,1,1,1,0.6549675,1,0
1,1,1,1,1,1,1,0.6328128,1,0
1,1,1,1,1,1,1,0.6108725,1,0
1,1,1,1,1,1,1,0.5892013,1,0
1,1,1,1,1,1,1,0.590081,1,0
1,1,1,1,1,1,1,0.5988199,1,0
1,1,1,1,1,1,1,0.6077831,1,0
1,1,1,1,1,1,1,0.6169544,1,0
1,1,1,1,1,1,1,0.6263171,1,0
1,1,1,1,1,1,1,0.6358589,1,0
1,1,1,1,1,1,1,0.6455657,1,0
1,1,1,1,1,1,1,1,1,1
1,1,1,1,1,1,1,1,1,1
1,1,1,1,1,1,1,1,1,1
1,1,1,1,1,1,1,1,1,1
1,1,1,1,1,1,1,1,1,1
1,1,1,1,1,1,1,1,1,1
1,1,1,1,1,1,1,1,1,1
1,1,1,1,1,1,1,1,0.6368328,0
1,1,1,1,1,1,1,1,0.5949828,0
1,1,1,1,1,1,1,1,0.5540001,0
1,1,1,1,1,1,1,1,0.5142645,0
1,1,1,1,1,1,1,1,0.5053429,0
1,1,1,1,1,1,1,1,0.5132146,0
1,1,1,1,1,1,1,1,0.5214771,0
1,1,1,1,1,1,1,1,0.530122,0
1,1,1,1,1,1,1,1,0.5391372,0
1,1,1,1,1,1,1,1,0.5485088,0
1,1,1,1,1,1,1,1,0.5582229,0
1,1,1,1,1,1,1,1,1,1
1,1,1,1,1,1,1,1,1,1
1,1,1,1,1,1,1,1,1,1
1,1,1,1,1,1,1,1,1,1
1,1,1,1,1,1,1,1,1,1
1,1,1,1,1,1,1,1,1,1
1,1,1,1,1,1,1,1,1,1
1,1,1,1,1,1,1,1,1,1
1,1,1,1,1,1,1,1,1,1
1,1,1,1,1,1,1,1,1,1
1,1,1,1,1,1,1,1,1,1
1,1,1,1,1,1,1,1,1,1
1,1,1,1,1,1,1,1,1,1
1,1,1,1,1,1,1,1,1,1
1,1,1,1,1,1,1,1,1,1
1,1,1,1,1,1,1,1,1,1
1,1,1,1,1,1,1,1,1,1
1,1,1,1,1,1,1,1,1,1
1,1,1,1,1,1,1,1,1,1
0.9984258,1,1,1,1,1,1,1,1,1
0.9950113,1,1,1,1,1,1,1,1,1
0.9915849,1,1,1,1,1,1,1,1,1
0.9881498,1,1,1,1,1,1,1,1,1
0.9847093,1,1,1,1,1,1,1,1,1
0.9812636,1,1,1,1,1,1,1,1,1
0.9778132,1,1,1,1,1,1,1,1,1
0.9743616,1,1,1,1,1,1,1,1,1
0.9709123,1,1,1,1,1,1,1,1,1
0.9674628,1,1,1,1,1,1,1,1,1
0.9640168,1,1,1,1,1,1,1,1,1
0.9605781,1,1,1,1,1,1,1,1,1
0.9571472,1,1,1,1,1,1,1,1,1
0.9537283,1,1,1,1,1,1,1,1,1
0.9503219,1,1,1,1,1,1,1,1,1
0.9469291,1,1,1,1,1,1,1,1,1
0.9435536,1,1,1,1,1,1,1,1,1
0.9401968,1,1,1,1,1,1,1,1,1
0.9368625,1,1,1,1,1,1,1,1,1
0.9335518,1,1,1,1,1,1,1,1,1
0.9302688,1,1,1,1,1,1,1,1,1
0.9270147,1,1,1,1,1,1,1,1,1
0.9237937,1,1,1,1,1,1,1,1,1
0.920607,1,1,1,1,1,1,1,1,1
0.9174557,1,1,1,1,1,1,1,1,1
0.9143441,1,1,1,1,1,1,1,1,1
0.9112736,1,1,1,1,1,1,1,1,1
0.9082483,1,1,1,1,1,1,1,1,1
0.9052695,1,1,1,1,1,1,1,1,1
0.9023385,1,1,1,1,1,1,1,1,1
0.8994597,1,1,1,1,1,1,1,1,2
0.8966342,1,1,1,1,1,1,1,1,2
0.8938664,1,1,1,1,1,1,1,1,2
1,1,1,1,1,1,1,1,1,1
1,1,1,1,1,1,1,1,1,1
1,1,1,1,1,1,1,1,1,1
1,1,1,1,1,1,1,1,1,1
1,1,1,1,1,1,1,1,1,1
1,1,1,1,1,1,1,1,1,1
1,1,1,1,1,1,1,1,1,1
1,1,1,1,1,1,1,1,1,1
1,1,1,1,1,1,1,1,1,1
1,1,1,1,1,1,1,1,1,1
1,1,1,1,1,1,1,1,1,1
1,1,1,1,1,1,1,0.993637,1,1
1,1,1,1,1,1,1,0.9818374,1,1
1,1,1,1,1,1,1,0.9698548,1,1
1,1,1,1,1,1,1,0.9576954,1,1
1,1,1,1,1,1,1,0.9453654,1,1
1,1,1,1,1,1,1,0.9328725,1,1
1,1,1,1,1,1,1,0.9202248,1,1
1,1,1,1,1,1,1,0.9074323,1,1
1,1,1,1,1,1,1,0.8945041,1,1
1,1,1,1,1,1,1,0.881451,1,1
1,1,1,1,1,1,1,0.8682848,1,1
1,1,1,1,1,1,1,0.8550171,1,1
1,1,1,1,1,1,1,0.8416604,1,1
1,1,1,1,1,1,1,0.8282278,1,1
1,1,1,1,1,1,1,0.814732,1,0
1,1,1,1,1,1,1,0.8011867,1,0
1,1,1,1,1,1,1,0.787605,1,0
1,1,1,1,1,1,1,0.7740006,1,0
1,1,1,1,1,1,1,0.7603873,1,0
1,1,1,1,1,1,1,0.7467779,1,0
1,1,1,1,1,1,1,0.7331861,1,0
1,1,1,1,1,1,1,0.7196242,1,0
1,1,1,1,1,1,1,0.7061046,1,0
1,1,1,1,1,1,1,0.6926397,1,0
1,1,1,1,1,1,1,0.6792404,1,0
1,1,1,1,1,1,1,0.6659175,1,0
1,1,1,1,1,1,1,0.6526805,1,0
1,0.9985926,1,1,1,1,1,0.6427583,1,0
1,0.9923221,1,1,1,1,1,0.65911,0.9220511,0
1,0.9854296,1,1,1,1,1,0.6786189,0.8957769,0
1,0.9785417,1,1,1,1,1,0.699176,0.8701519,0
1,0.9716722,1,1,1,1,1,0.7207916,0.845208,0
1,0.9648366,1,1,1,1,1,0.7434648,0.820965,0
1,0.9580401,1,1,1,1,1,0.7672035,0.797434,0
1,0.951293,1,1,1,1,1,0.7919952,0.7746195,0
1,0.9446028,1,1,1,1,1,0.8178223,0.7525162,0
1,0.9379722,1,1,1,1,1,0.8446668,0.731115,0
1,0.9314016,1,1,1,1,0.9966989,0.8725054,0.7104006,0
1,0.9248969,1,1,1,1,0.9880234,0.901283,0.6903565,0
1,0.9184581,1,1,1,1,0.9794409,0.9309385,0.6709669,0
1,0.9120852,1,1,1,1,0.9709419,1,0.6522093,0
1,0.9058951,1,1,1,1,0.9624809,1,0.6344656,0
1,0.8996724,1,1,1,1,0.9541063,1,0.6169469,0
1,0.8934182,1,1,1,1,1,1,0.5996745,0
1,0.8871163,1,1,1,1,1,1,0.5825722,0
1,0.8807886,1,1,1,1,1,1,0.5657356,0
1,0.8744442,1,1,1,1,1,1,0.5584711,0
1,0.8681261,1,1,1,1,1,0.9619868,0.570309,0
1,0.8618342,1,1,1,1,1,0.9504645,0.582352,0
1,0.855619,1,1,1,1,1,0.9392717,0.5943463,0
1,0.8494698,1,1,1,1,1,0.9283823,0.6062634,0
1,0.8433773,1,1,1,1,1,0.9177715,0.6180752,0
1,0.837339,1,1,1,1,1,0.907417,0.6297461,0
1,0.8313447,1,1,1,1,1,0.8972976,0.6412551,0
1,0.8253943,1,1,1,1,1,0.8873933,0.6525695,1
1,0.8194795,1,1,1,1,1,0.8776864,0.6636713,1
1,0.813599,1,1,1,1,1,0.8681599,0.674536,1
1,0.8077528,1,1,1,1,1,0.8587988,0.6851405,1
1,0.801935,1,1,1,1,1,0.8495885,0.6954734,1
1,0.796147,1,1,1,1,1,0.8405162,0.7055157,1
1,0.7903878,1,1,1,1,1,0.8315695,0.715256,1
1,0.7846598,1,1,1,1,1,0.8227369,0.7246796,1
1,0.7789601,1,1,1,1,1,0.8140086,0.7337837,1
1,0.7732892,1,1,1,1,1,0.8053749,0.7425631,1
1,0.7676511,1,1,1,1,1,0.7968267,0.7510091,1
1,0.7620474,1,1,1,1,1,0.7883559,0.7591209,1
1,0.7564763,1,1,1,1,1,0.7799545,0.766903,1
1,0.75094,1,1,1,1,1,0.7716157,0.7743573,1
1,0.7454438,1,1,1,1,1,0.7633327,0.7814825,1
1,0.7399869,1,1,1,1,1,0.7550992,0.7882882,1
1,0.7345687,1,1,1,1,1,0.7469095,0.7947851,1
1,0.7291949,1,1,1,1,1,0.7387576,0.8009748,1
1,0.7238653,1,1,1,1,1,0.7306386,0.8068705,1
1,0.7185823,1,1,1,1,1,0.7225475,1,2
1,0.7138524,1,1,1,1,1,0.7155945,1,2
1,0.7092339,1,1,1,1,1,0.7086097,1,2
1,0.7047283,1,1,1,1,1,0.7015892,1,2
1,0.7003305,1,1,1,1,1,0.6945297,1,2
1,0.6960385,1,1,1,1,1,0.6874269,1,2
1,0.6918534,1,1,1,1,1,0.6802771,1,2
0.7009482,0.6877697,1,1,1,1,1,0.673076,1,2
0.692356,0.6854841,1,1,1,0.9281904,1,0.6688355,1,2
0.6842194,0.6837496,1,1,1,0.9125269,1,0.6648782,1,2
0.6766504,0.682495,1,1,1,0.8973689,1,0.6610424,1,2
0.6696298,0.6817213,1,1,1,0.8826933,1,0.6573281,0.7790931,2
0.6637584,1,1,1,1,0.8698745,1,0.6517921,0.7749482,1
0.659418,1,1,1,1,0.8601031,1,0.6421853,1,2
0.6544055,1,1,1,1,0.8487499,1,0.6348071,1,2
0.6495404,1,1,1,1,0.8374723,1,0.6273845,1,2
0.6448264,1,1,1,1,0.8262728,1,0.6199085,1,2
0.6402606,1,1,1,1,0.8151536,1,0.6123704,1,2
0.6358432,1,1,1,1,0.8041151,1,0.6047608,1,2
0.6315761,1,1,1,1,0.7931582,1,0.5970712,1,2
0.6274553,1,1,1,1,0.7822822,1,0.5892919,1,2
0.6234792,1,1,1,1,0.7714864,1,0.5814141,1,2
0.619643,1,1,1,1,0.7607685,1,0.5734279,1,2
0.6159472,1,1,1,1,0.750127,1,0.565325,1,2
0.6123863,1,1,1,0.771731,0.7395591,1,0.5570967,1,2
0.6088835,1,1,1,0.7588524,0.7287338,1,0.5497692,1,2
0.6055704,1,1,1,0.7461695,0.7209037,1,0.5423065,1,2
0.6024429,1,1,1,0.7336833,0.7623039,1,0.5346866,1,2
0.5994953,1,1,1,0.7214393,0.8093063,1,0.5268081,1,2
0.596711,1,1,1,0.709418,1,1,0.5186638,1,2
0.5940716,1,1,1,0.6977084,1,1,0.5100501,1,2
0.8937038,1,1,1,0.6861236,1,1,0.5012659,1,0
0.8911201,1,1,1,0.6769049,1,1,0.4879178,1,0
0.8885132,1,1,1,0.6676868,1,1,0.4746784,1,0
0.8858801,1,1,1,0.6584666,0.7649283,1,0.4615486,1,1
0.883221,1,1,1,0.6490731,0.7109874,1,0.4488088,1,1
0.8805408,1,1,1,0.6396288,0.6621568,1,0.4362237,1,1
0.8778378,1,0.9981849,1,0.6301345,0.6175362,1,0.4328539,0.6834818,0
0.8752353,1,0.9973944,1,0.6226513,0.6005498,1,0.4470189,0.6500462,0
0.8726573,1,0.9966246,1,0.6152216,0.5919272,1,0.4619477,0.6184654,0
0.8700951,1,0.9958113,1,0.6078271,0.5833985,1,0.4776251,0.5886262,0
0.8675354,1,0.9948584,1,0.6004419,0.5749468,1,0.4940031,0.5604402,0
0.8649658,1,0.9936697,1,1,0.5665537,1,0.5110175,0.5338083,0
0.8627899,1,0.9979741,1,1,0.5588132,1,0.5340773,0.5045898,0
0.8606784,1,1,1,1,0.5512217,1,0.5588047,0.4772289,0
0.8586037,1,1,1,1,0.5437478,1,0.5851405,0.4516268,0
0.8565362,1,1,1,1,0.5363585,1,0.6129916,0.427667,0
0.854444,1,1,1,1,0.5290274,1,0.6423225,0.4051953,0
0.852302,1,1,1,1,0.5217297,1,0.6730678,0.384067,0
0.8500857,1,1,1,1,0.5144421,1,1,0.3795145,0
0.8468579,1,1,1,1,0.5062834,0.5889861,1,0.3880834,0
0.8433908,1,1,0.9648541,1,0.4979628,0.4767636,1,0.3964404,0
0.8395671,1,1,0.95131,1,0.4893665,0.467938,1,0.4042744,1
0.8355108,1,1,0.9392965,1,0.4806019,0.4591141,1,0.4118016,1
0.8312446,1,1,0.9286291,1,0.4716809,0.4502843,1,0.4190117,1
0.8267905,1,1,0.91915,1,0.4626166,0.4414435,1,0.425902,1
0.8571625,1,1,0.9107161,1,1,0.4325882,1,0.4324811,0
0.8655545,1,1,0.8934374,1,1,0.4239334,1,0.4422666,0
0.8760578,1,1,0.8773168,1,1,0.4153157,1,0.4519984,0
0.888082,1,1,0.8621199,1,1,0.4067291,1,0.4617008,0
0.9012249,1,1,0.8476771,1,1,0.3981689,1,0.4713898,0
0.9152093,1,1,0.833858,1,1,0.3896316,1,0.4810802,0
0.9298326,1,1,0.8205635,1,1,0.3811147,1,0.4907824,0
0.9449482,1,1,0.807721,1,1,0.3726162,1,0.5004992,0
1,1,1,0.795265,1,1,0.3641342,1,0.5102401,0
1,1,1,0.7816783,1,1,0.3557333,1,0.5208851,0
1,1,1,0.7691389,1,1,0.3473243,1,0.531191,0
1,1,1,0.7575144,1,1,0.3389017,1,0.5411454,1
1,1,1,0.7466943,1,1,0.3304622,1,0.5507394,1
1,1,1,0.7365815,1,1,0.3220036,1,0.5599721,1
1,1,1,0.7270888,1,1,0.3135249,1,0.5688499,1
1,1,1,0.7181508,1,1,0.3050258,1,1,2
1,1,1,0.7195637,1,1,0.2960251,1,1,2
1,1,1,0.7208942,1,1,0.2870407,1,1,2
1,1,0.7431685,0.7221299,1,1,0.2780672,0.2946302,1,2
1,0.9504296,0.7188357,0.722147,1,1,0.2691324,0.2863137,1,2
1,0.8622424,0.6930361,1,1,1,0.2601392,0.2781345,1,2
1,0.8586292,0.6714009,1,1,1,0.2512119,0.2694826,1,2
1,0.8551688,0.6499293,1,1,1,0.2422665,0.260785,1,2
1,0.8518595,0.6286811,1,1,1,0.2333032,0.2520326,1,2
1,0.8486956,0.6077067,1,1,1,0.2243224,0.243217,1,2
1,0.8456708,0.5870468,1,1,1,0.2153238,0.2343298,1,2
1,0.8427805,0.5667334,1,1,1,0.2063071,0.2253638,1,2
1,0.8400167,0.5467892,1,1,1,0.1972709,0.2163113,1,2
1,0.8373739,0.5443739,1,1,1,1,0.2071664,1,2
1,0.8346685,0.5422525,1,1,1,1,0.1978592,1,2
1,0.831992,0.5400733,1,1,1,1,0.1884367,1,2
1,0.829337,0.5378318,1,1,1,1,0.1789019,1,2
1,0.8266972,0.5355237,1,1,1,1,0.1692582,1,2
1,0.82407,0.5331493,1,1,1,1,0.1595084,1,2
1,0.8214496,0.5307055,1,1,1,1,0.149656,0.2165275,0
1,0.8123125,0.5159044,1,1,1,1,0.1380252,0.1966649,0
1,0.803718,0.5021591,1,1,1,1,0.1268416,0.1782488,0
1,0.7955861,0.4893283,1,1,1,1,0.1160464,0.1610557,0
1,0.7878462,0.4772899,1,1,1,1,0.1101195,0.1448998,0
1,0.7804489,0.4659647,1,1,1,1,0.1268076,0.1296342,0
1,0.7733964,0.4553792,1,0.9749228,1,1,0.1445454,0.1151619,0
1,0.7666981,0.4455853,1,0.9451407,1,1,0.1630044,0.1013924,0
1,0.760303,0.4364997,1,0.9229442,1,1,0.1819128,0.08819009,0
1,0.7541367,0.4279754,1,0.9171783,1,1,0.2011152,0.09583283,0
1,0.7481931,0.4200099,1,0.9104866,1,1,1,0.103784,2
1,0.7438239,0.4156593,1,0.8971055,1,1,1,0.1103522,2
1,0.7396041,0.4115117,1,0.8835509,1,1,1,0.1166939,2
1,0.7355344,0.4075559,1,0.8789729,1,1,1,0.1228112,2
1,0.7315949,0.4037338,1,0.880758,1,1,1,0.1287236,2
1,0.7277626,0.3999967,1,0.882908,1,1,1,0.1344578,2
1,0.7240417,0.3963462,1,0.8854159,1,1,1,0.1400123,2
1,1,0.3927729,1,0.8882571,1,1,1,0.1453982,1
1,1,0.3857772,1,0.8720509,1,1,1,0.1523664,1
1,1,0.3790584,1,0.8575104,1,1,1,0.1592792,1
1,1,0.3725825,0.9986607,0.844413,1,1,1,1,2
1,0.4395804,0.372767,1,0.8686312,1,1,1,1,2
0.6940613,0.3653877,0.3733634,0.8361613,1,1,1,1,1,2
0.6871389,0.3025033,1,0.8127502,1,1,1,1,1,2
0.6807613,0.293928,1,0.7902595,1,1,1,1,1,2
0.6749156,0.2918169,1,0.7686313,1,1,1,0.9685434,1,2
0.6695934,0.2900128,0.9680087,0.7478126,1,1,1,0.9389362,1,2
0.6647846,0.2885188,0.9342308,0.7472488,1,1,1,0.9115089,1,2
0.6604832,0.2873422,0.9021446,0.7688571,1,1,1,0.8860057,1,2
0.6566817,0.2864879,0.8716213,0.7929557,1,1,1,0.862213,1,2
0.6533768,0.2859654,0.8819579,1,1,1,1,0.8399435,1,2
0.6505633,0.2857816,0.8995568,1,1,1,1,0.8190396,1,2
0.257054,0.285945,0.9187749,1,1,1,1,0.7993653,1,2
0.2549868,0.2864684,0.7246233,1,1,1,1,0.7807964,1,2
0.2532331,1,0.7009903,1,1,1,1,0.7632293,1,2
0.2517914,1,0.678335,1,1,1,1,0.7465721,1,2
0.250664,1,0.6565946,1,1,1,1,0.73074,1,2
0.2498512,1,0.6435404,1,1,1,1,0.7293704,1,2
0.2493537,1,0.6628855,1,1,1,1,0.7299316,1,2
0.2491733,0.9622323,0.6842918,1,1,1,1,0.7308106,1,2
0.2493124,0.9167401,1,1,1,1,1,0.7320276,1,2
0.2497775,0.8742021,1,1,1,1,1,0.7336055,1,2
1,0.8343391,1,1,1,1,1,0.7355704,1,1
1,0.821013,1,1,1,1,1,0.7184368,1,1
1,0.8076611,1,1,1,1,1,0.7013687,1,1
1,0.7942721,1,1,1,1,1,0.6843758,1,1
1,0.7808343,1,1,1,1,1,0.6674667,1,1
1,0.7673346,1,1,1,1,1,0.6610529,1,1
1,0.753441,1,1,1,1,1,0.6633905,1,1
1,0.738888,1,1,1,1,1,0.665414,1,1
1,0.7236957,1,1,1,1,1,0.6671041,1,1
1,0.7078906,1,1,1,1,1,0.6684452,1,1
1,0.6994974,1,1,1,1,1,0.6694239,1,1
1,0.6987889,1,1,1,1,1,0.6702033,1,1
1,0.6981052,1,1,1,1,1,0.6709527,1,1
1,0.6974487,1,1,1,1,1,0.6716694,1,1
1,0.6968142,1,1,1,1,1,0.6723592,1,1
1,0.5570532,1,1,1,1,1,0.6730193,1,2
1,0.5368721,1,1,1,1,1,0.6706542,1,2
1,0.516619,1,1,1,1,1,0.6679468,1,2
1,0.4963532,1,1,1,1,1,0.6649181,1,2
1,0.4761316,1,1,1,1,1,0.66159,1,2
1,0.456006,1,1,1,1,1,0.6579896,1,2
1,0.4360246,1,1,0.9587976,1,1,0.6541399,1,2
1,0.4349436,1,1,0.9486806,1,1,0.6500525,1,2
1,0.4374776,1,1,0.9386199,1,1,0.6461148,1,2
1,0.4400053,1,1,0.9286083,1,1,0.6423854,1,2
0.9897563,0.4425208,1,1,0.9186373,1,1,0.6388494,1,2
0.9304526,0.4451856,1,1,0.9087048,1,1,0.6352714,0.9499246,2
0.8739471,0.447971,1,1,0.898809,1,1,0.6316931,0.9329398,2
0.8167132,0.4513795,1,1,0.8889793,1,1,0.6274958,0.9196134,2
0.7592743,0.7504759,1,1,0.8792406,1,1,0.6226628,0.9104661,1
0.7229078,0.7517145,1,1,0.8692759,1,1,0.6216652,0.8695694,1
0.6875215,0.7527429,1,1,0.8593006,1,1,0.6208171,0.8270841,1
0.6531736,0.7534922,1,1,0.8493112,1,1,0.6201659,0.7828798,1
0.6198953,0.7538935,1,1,0.8393047,1,1,0.6197596,0.7369129,1
0.58768,0.7538868,1,1,0.8292793,1,1,0.6196411,0.6892446,1
0.4535375,0.7534135,1,1,0.8192344,1,1,0.6198574,0.6400609,1
0.4169343,0.7552971,1,1,0.8092964,1,1,0.6184099,0.600407,1
0.3812229,0.7569761,1,1,0.7993495,1,1,0.6171111,0.5591927,1
0.3576369,0.7583828,1,1,0.7893897,1,1,0.6160041,0.5163895,1
0.3581108,0.7591382,1,1,0.7793984,1,1,0.6153452,0.4996777,1
0.3584912,0.759348,1,1,0.7693815,1,1,0.615061,0.4993067,1
0.3588602,0.759519,1,1,0.7593638,1,1,0.6148054,0.4989469,1
0.3592185,0.7596549,1,1,0.7493453,1,1,0.6145759,0.4985977,1
0.3595666,0.7597591,1,1,0.7393262,1,1,0.6143703,0.4982587,1
0.3599049,1,1,1,0.7293068,1,1,0.6141864,0.4979294,0
0.3593352,1,1,1,0.7190976,1,1,0.6177019,0.4985438,0
0.3587572,1,1,1,0.7089459,1,1,0.6211899,0.4992205,0
0.3581696,1,1,1,0.6988433,1,1,0.6246401,0.4999522,0
0.3575747,1,1,1,0.688782,1,1,0.6280391,0.5007296,0
0.3569683,1,1,1,0.6787547,1,1,0.6313822,0.5015494,0
0.3563527,1,1,1,0.6687552,0.6786878,1,0.6346571,0.5024025,0
0.5812427,1,1,1,0.6587939,0.6676381,1,0.6391398,0.5036281,0
0.578577,1,1,1,0.6490072,0.6558031,1,1,0.5063399,0
0.5776548,1,1,1,0.6390917,0.6452914,1,1,0.5073359,1
0.5767276,1,1,1,0.6291825,0.6348239,1,1,0.5083579,1
0.5757973,1,1,1,0.6192777,0.6243977,1,1,0.5094013,1
0.5748652,1,1,1,0.6093756,0.6140099,1,1,0.5104616,1
0.5739301,1,1,1,1,0.6036577,1,1,0.5115377,1
0.5728895,1,1,1,1,0.5932805,1,1,0.5127642,1
0.5718379,1,1,1,1,0.5829368,1,1,0.5140195,1
0.5707741,1,1,1,1,0.5726243,1,1,0.5153025,1
0.5697005,1,1,1,1,0.5623413,1,1,0.5166089,1
0.5686159,1,1,1,1,0.5520858,1,1,0.5179377,1
0.5675224,1,1,1,1,0.541856,1,1,0.5192846,1
0.5664192,1,1,1,1,0.5316504,1,1,0.5206488,1
0.5653082,1,1,1,1,0.5214672,1,1,0.5220263,1
0.5641915,1,1,1,1,0.5113047,1,1,0.5234131,1
0.5630683,1,1,1,1,0.5011617,1,1,0.5248085,1
0.5619375,1,1,1,1,0.4910365,1,1,0.526212,1
0.5608013,1,1,1,1,0.4809279,1,1,0.5276199,1
0.5596587,1,1,1,1,0.4708346,1,1,0.5290318,1
0.5585122,1,1,1,1,0.4607553,1,1,0.5304441,1
0.5573608,1,1,1,1,0.4506889,1,1,0.5318566,1
0.5562067,1,1,1,1,0.4406345,1,1,0.5332659,1
0.5550493,1,1,1,1,0.430591,1,1,0.5346719,1
0.5538876,1,1,1,1,0.4205576,1,1,1,2
0.5546319,1,1,1,1,0.411134,1,1,1,2
0.555642,1,1,1,1,0.4017604,1,1,1,2
0.5568987,1,1,1,1,0.3924232,1,1,1,2
0.5583825,1,1,1,1,0.3831095,1,1,1,2
0.5600779,1,1,1,0.3695441,0.3738073,1,1,1,2
1,1,1,1,0.3594662,0.3645409,1,1,1,0
1,1,1,1,0.3494806,0.3541503,1,1,1,1
1,1,1,1,0.3395,0.3437898,1,1,1,1
1,1,1,1,0.3295234,0.3334574,1,1,1,1
1,1,1,1,0.3195499,0.3231511,1,1,1,1
1,1,1,1,0.3095788,0.3128693,0.3373474,1,1,0
1,1,1,1,1,0.3021482,0.3244479,1,1,0
1,1,1,1,1,0.2915302,0.3117464,1,1,0
1,1,1,1,1,0.2810385,0.299336,1,1,0
1,1,1,1,1,0.2706589,0.287191,1,1,0
1,1,1,1,1,0.2603786,0.275288,1,1,0
1,1,1,1,1,0.2501856,0.2636052,1,1,0
1,1,1,1,1,0.2400691,0.2521223,1,1,0
1,1,1,1,1,0.2300194,0.240821,1,1,0
1,1,1,1,1,0.2200275,0.2296842,1,1,0
1,1,1,1,1,0.2100857,0.2186963,1,1,0
1,1,1,1,1,0.2265039,0.2078433,1,1,0
1,1,1,1,1,1,0.1971131,1,1,0
1,1,1,1,1,1,0.1864948,0.234175,1,0
1,1,1,1,1,1,0.1754567,0.2177447,1,0
1,1,1,1,1,1,0.1646499,0.2020002,1,0
1,1,1,1,1,1,0.1540619,0.1868955,1,0
1,1,1,1,1,1,0.1436805,0.1723884,1,0
1,1,1,1,1,1,0.1334945,0.1584405,1,0
1,1,1,1,1,1,0.1641557,0.1450163,1,0
1,1,1,1,1,1,0.2258442,0.1320836,0.203026,0
1,1,1,1,1,1,1,0.1196121,0.1805419,0
1,1,1,1,1,1,1,0.1075743,0.1595645,0
1,1,1,1,1,1,1,0.09594507,0.1399499,0
1,1,1,1,1,1,1,0.08816756,0.1215716,0
1,1,1,1,1,1,1,0.1019461,0.1043184,0
0.8868303,1,1,1,1,1,1,0.117522,0.08809267,0
0.8428962,1,1,1,1,1,1,0.1351726,0.07280733,0
0.8066278,1,1,1,1,1,1,0.155245,0.07861018,0
0.7761345,1,1,1,1,1,1,0.1781603,0.08716349,0
0.7501026,1,1,1,1,1,1,1,0.09637527,0
0.7388715,1,1,1,1,1,1,1,0.1057172,0
0.7312754,1,1,1,1,1,1,1,0.1154662,0
0.7263443,1,1,1,1,1,1,1,0.1256178,0
0.7234327,1,1,1,1,1,1,1,0.1361654,0
0.7220899,1,1,1,1,1,1,1,0.1471106,0
0.7219943,1,1,1,1,1,1,1,1,2
0.7675086,1,1,1,1,1,1,1,1,2
0.8120497,1,1,1,1,1,1,1,1,2
0.8548539,1,1,1,1,1,1,1,1,2
1,1,1,1,1,1,1,1,1,1
1,1,1,1,1,1,1,1,1,1
1,1,1,1,1,1,1,1,1,1
1,1,1,1,1,1,1,1,1,1
1,1,1,1,1,1,1,1,1,1
1,1,1,1,1,1,1,1,1,1
1,1,1,1,1,1,1,1,1,1
1,1,1,1,1,1,1,1,1,1
1,1,1,1,1,1,1,1,1,1
1,1,1,1,1,1,1,1,1,1
1,1,1,1,1,1,1,1,1,1
1,1,1,1,1,1,1,1,1,1
1,1,1,1,1,1,1,1,1,1
1,1,1,1,1,1,1,1,1,1
1,1,1,1,1,1,1,1,1,1
1,1,1,1,1,1,1,1,1,1
1,1,1,1,1,1,1,1,1,1
1,1,1,1,1,1,1,1,1,1
1,1,1,1,1,1,1,1,1,1
1,1,1,1,1,1,1,1,1,1
1,1,1,1,1,1,1,1,1,1
1,1,1,1,1,1,1,1,1,1
1,1,1,1,1,1,1,1,1,1
1,1,1,1,1,1,1,1,1,1
1,1,1,1,1,1,1,1,1,1
1,1,1,1,1,1,1,1,1,1
1,1,1,1,1,1,1,1,1,1
1,0.9572523,1,1,1,1,1,1,1,1
1,0.87113,1,1,1,1,1,1,1,1
1,0.8514262,1,1,1,1,1,1,1,2
1,0.831331,1,1,1,1,1,1,1,2
1,0.8108959,1,1,1,1,1,1,1,2
1,0.7901758,1,1,1,1,1,1,1,2
1,0.7859392,1,1,1,1,1,1,1,2
1,0.7911335,1,1,1,1,1,1,1,2
1,0.7963709,1,1,1,1,1,1,1,2
1,0.8016394,1,1,1,1,1,1,1,2
1,0.8069355,1,1,1,1,1,1,1,2
1,0.8122555,1,1,1,1,1,1,1,2
1,0.8175877,1,1,1,1,1,1,1,2
1,0.8229283,1,1,1,1,1,1,1,2
1,0.8282744,1,1,1,1,1,1,1,2
1,0.8336186,1,1,1,1,1,1,1,2
1,0.8389535,1,0.9977049,1,1,1,1,1,2
1,0.844279,1,0.9873015,1,1,1,1,1,2
1,0.8496162,1,0.9769446,1,1,1,1,1,2
1,0.8549594,1,0.9666309,1,1,1,1,1,2
1,0.8602982,1,0.9563583,1,1,1,1,1,2
1,0.8656276,0.9970769,0.9461239,1,1,1,1,1,1
1,0.8709739,0.9852253,0.9359227,1,1,1,1,1,1
0.9233576,1,0.9734262,0.9257467,1,1,1,1,1,1
0.888679,1,0.9618595,0.9156234,1,1,1,1,1,2
0.8514794,1,0.9498779,0.9054536,1,1,1,1,1,2
0.8121203,1,0.9375001,0.8952586,1,1,1,1,1,2
0.7710669,1,0.9247616,0.8850685,1,1,1,1,1,2
0.7288632,1,0.911715,1,1,1,1,1,1,2
0.6862878,1,0.8984607,1,1,1,1,1,1,2
0.6743318,1,0.8850314,1,1,1,1,1,1,2
0.6807855,1,0.8717694,1,1,1,1,1,1,2
0.6875123,1,0.8588372,1,1,1,1,1,1,2
0.6944988,1,0.8462201,1,1,1,1,1,1,2
0.7017307,1,0.8339024,1,1,1,1,1,1,2
0.7091897,1,0.8218683,1,1,1,1,1,1,2
0.7168637,0.9829202,0.8101015,1,1,1,1,1,1,2
0.724915,0.9627379,0.7985295,1,1,1,1,1,1,2
0.7333686,0.9430137,0.7871455,1,1,1,1,1,1,2
0.7422197,0.9197696,0.7759551,1,1,1,1,1,1,2
0.7515008,0.9010035,0.7649512,1,1,1,1,1,1,2
0.7611566,0.8827522,0.7541461,1,1,1,1,1,1,2
0.7711675,0.865019,0.7435369,1,1,1,1,1,1,2
1,0.847802,0.7331189,1,1,1,1,1,1,2
1,0.8347201,0.7481877,1,1,1,0.9995514,1,1,2
1,0.8216748,0.8237623,1,1,1,0.9902296,1,1,1
1,0.8088957,0.9039407,1,1,1,0.9813085,1,1,1
1,0.7963604,0.9885534,1,1,1,0.9727535,1,1,1
1,0.7840483,1,1,1,1,0.9645422,1,1,1
1,0.7718331,1,1,1,1,0.9564059,1,1,1
1,0.7596967,1,1,1,1,0.9483139,1,1,1
1,0.7476401,1,1,1,1,0.9402689,1,1,1
1,0.735663,1,1,1,1,0.9322733,1,1,1
1,0.7237653,1,1,1,1,0.9243289,1,1,1
1,0.7119469,1,1,1,1,0.9164375,1,1,1
1,0.7002073,1,1,1,1,0.9086003,1,1,1
1,0.6885459,1,1,1,1,0.9008223,1,1,1
1,0.6769615,1,1,1,1,0.8931,1,1,1
1,0.6654533,1,1,1,1,0.8854377,0.9953464,1,1
1,0.6540822,1,1,1,1,0.8779887,0.990455,1,1
1,0.6428427,1,1,1,1,0.8707494,0.9856311,1,1
1,0.6317254,1,1,1,1,0.8637098,0.9808722,1,1
1,0.6207212,1,1,1,1,0.8568609,0.9761764,1,1
1,0.609821,1,1,1,1,0.8501905,0.971539,1,1
1,0.599017,1,1,1,1,0.8436948,0.9669619,1,1
0.8543646,0.5883011,1,1,1,1,0.8373582,0.9624372,1,2
0.8332341,0.5763036,1,1,1,1,0.82759,0.9565536,1,2
0.8122582,0.5643626,1,1,1,1,0.817718,0.950605,1,2
0.7862125,0.552493,1,1,1,1,0.8077723,0.9446024,1,2
0.7655753,0.540665,1,1,1,1,0.7976648,0.9385117,1,2
0.7452462,0.5289398,1,1,1,1,0.7875472,0.9323905,1,2
0.7252557,0.5173268,1,1,1,1,0.77745,0.9262525,1,2
0.7056293,0.505834,1,1,1,1,0.7673923,0.9201038,1,2
0.6863863,0.4944679,1,1,1,0.9988886,0.7573941,0.9139521,1,2
0.6675607,0.4832385,1,1,1,0.9820226,0.7474926,0.9078128,1,2
0.649439,0.488141,1,1,1,0.9660168,0.7379307,0.9017748,1,2
0.6321431,0.5068061,1,1,1,0.951139,0.7288366,0.8958847,1,2
0.6157238,0.5249631,1,1,1,0.9375467,0.7202916,0.8901724,1,1
0.6000598,0.5425347,1,1,1,0.9250882,0.7122362,0.884618,1,1
0.5850455,0.5594735,1,1,1,0.9136223,0.7046114,0.8791995,1,1
0.5705889,0.5757293,1,1,1,0.903038,0.6973735,0.873905,1,1
0.5566086,0.5912818,1,1,1,0.8932295,0.6904777,0.8687193,1,1
0.5430338,0.6061054,1,1,1,0.8841146,0.6838921,0.8636361,1,1
0.5298024,0.6202027,1,1,1,0.8756119,0.6775818,0.858645,1,1
0.5168582,0.6335856,1,1,1,0.8676504,0.6715165,0.8537374,1,1
0.5041531,0.6462723,1,1,1,0.8601671,0.665669,0.848906,1,1
0.4916432,0.6582804,1,1,1,0.8531125,0.6600198,0.8441485,1,1
0.4792903,0.6696483,1,1,1,0.8464319,0.654544,0.839457,0.8449402,0
0.4701824,0.6696464,1,1,1,0.8469781,0.6523851,0.8360004,0.8386542,0
0.4608336,0.6697248,1,1,1,0.8475441,0.6502559,0.832624,0.8325313,0
0.4512321,0.6699117,1,1,1,0.8481044,0.6481429,0.829319,0.826566,0
0.4413695,0.6702297,1,1,1,0.8486341,0.6460335,0.826077,0.8207529,0
0.4312371,0.6706811,1,1,1,0.8491207,0.6439238,0.8228958,0.8150919,0
0.4208281,0.6712815,1,1,1,0.8495415,0.6418022,0.8197677,0.8095766,0
0.4101378,0.6720431,1,1,1,0.8498753,0.6396583,0.8166845,0.8042004,0
0.3991628,0.6729749,1,1,1,0.8501025,0.6374823,0.8136388,0.7989559,0
0.3879017,0.6740688,1,1,1,0.8502163,0.6352737,0.9091258,0.7938424,1
0.3784168,0.6811033,1,1,1,1,0.6308283,0.868344,0.7893425,1
0.3838222,0.6907779,1,1,1,1,0.6253859,0.8337493,0.7850991,1
0.38853,0.6973256,1,1,1,1,0.6210709,0.7930826,0.7805974,0
0.3924777,0.7005751,1,1,1,1,0.6179349,0.7472094,0.7758672,0
0.3956358,0.7005303,1,1,1,1,0.6160218,0.697351,0.7709521,0
0.3980044,0.6973654,1,1,1,1,0.6153709,0.6449581,0.7659166,0
0.3996205,0.6914228,1,1,1,1,0.6160045,0.5915372,0.7608367,0
0.4005499,0.6831621,1,1,1,1,0.6179304,0.5384796,0.7557987,0
0.4008857,0.6731171,1,1,1,1,0.6211327,0.4869374,0.7508862,0
0.4007231,0.6618109,1,1,1,1,0.6255906,0.4730557,0.7461867,0
0.4005713,0.6513144,1,1,0.9847131,1,0.6303438,0.4720892,0.7418368,0
0.4005097,0.6418639,1,1,0.9697593,1,0.6351886,0.4712567,0.7378336,0
0.4005338,0.6333525,1,1,0.9552966,1,0.6400941,0.4705406,0.7341475,0
0.4006354,0.6256812,1,1,0.9412818,1,0.645034,0.4699272,0.7307535,0
0.4008095,0.6187671,1,1,0.9276737,1,0.6499794,0.4694009,0.7276254,0
0.401051,0.6125361,1,1,0.9144338,1,0.6549047,0.4689475,0.7247382,0
0.4013547,0.6069208,1,1,0.9015262,1,0.6597859,0.4685538,0.7220687,0
0.401712,0.6018564,1,1,0.888918,1,0.6646068,0.4682114,0.7195985,0
0.4021184,0.5972899,1,1,0.8765791,1,0.6693484,0.4679097,0.7173074,0
0.4025661,0.5931693,1,1,0.872345,1,1,0.4676421,1,2
0.4077586,0.60624,1,1,0.8568026,1,1,0.4624007,1,2
0.4128622,1,1,1,0.8489209,1,1,0.4574575,1,1
0.4155679,1,1,1,0.8387693,1,1,0.4548419,1,1
0.4181941,1,1,1,0.8285587,1,1,0.4522964,1,1
0.4207399,1,1,1,0.8182943,1,1,0.4498211,0.4054652,0
0.4185143,1,1,1,0.819306,1,1,0.4519461,0.4033782,0
0.4162903,1,1,1,0.8903058,1,1,0.4545487,0.4016702,0
0.4140635,1,1,1,1,0.8163429,1,0.4576498,0.4003429,0
0.4118363,1,1,1,1,0.7996346,1,0.4612649,0.3993928,0
0.4096042,1,1,1,1,0.7834864,1,0.4654189,0.3988234,0
0.4073662,0.5546836,1,1,1,0.767873,1,0.4701355,0.398636,0
0.4068324,1,1,1,1,0.7550122,1,0.4720979,0.3981058,0
0.4045781,0.539552,1,1,1,0.7401923,1,0.477708,0.3985,0
0.4041792,0.5360241,1,1,1,0.7281438,1,0.4796096,0.3982585,0
0.4037944,1,1,1,1,0.7162876,1,0.4815072,0.3980945,0
0.4015132,0.5229133,1,1,1,0.7639146,1,0.4882749,0.3991966,0
0.4012973,1,1,1,1,0.780566,0.9621097,0.4897331,0.3991721,0
0.399049,1,1,1,1,1,0.9408124,0.497222,0.4007393,0
0.397096,1,1,1,1,1,0.9214843,0.5043229,0.4024075,0
0.3951651,0.4963894,1,1,1,1,0.903001,1,0.4043418,2
0.3968491,1,1,1,1,1,0.8982831,1,0.4026386,1
0.3967317,1,1,1,1,1,0.8864859,1,0.4027479,1
0.3965779,1,1,1,1,1,0.8746387,1,0.4028959,1
0.3963855,1,1,1,1,1,0.6672879,1,0.4030853,0
0.3957505,1,1,1,1,1,0.6545025,1,0.4037321,0
0.3950706,1,1,1,1,1,0.6417977,1,0.4044541,0
0.3943445,1,1,1,1,1,0.6291761,1,0.4052535,0
0.3935735,1,1,1,1,1,0.6166407,1,0.4061293,0
0.3927589,1,1,1,1,1,0.6041928,1,0.4070807,0
0.3919049,1,1,1,1,1,0.591834,1,0.4081034,0
0.3910094,1,1,1,1,1,0.5795648,1,0.4091995,0
0.3900762,1,1,1,1,1,0.5673853,1,0.4103645,0
0.3891029,1,1,1,1,1,0.5552951,1,0.4116004,0
0.3880931,1,1,1,1,1,0.543294,1,0.4129029,0
0.38705,1,1,1,1,1,0.5313808,1,0.4142674,0
0.3859709,1,1,1,1,1,0.5195544,1,0.4156958,0
0.3848588,1,1,1,1,1,0.5078129,1,0.4171835,0
0.3837138,1,1,1,1,1,0.5042413,1,1,2
0.3845045,1,1,1,1,1,0.488891,1,1,2
0.385543,1,1,1,1,1,0.4815299,1,1,2
0.3868189,1,1,1,1,1,0.4740765,1,1,2
0.3883193,1,1,1,1,1,0.4665134,1,1,2
1,1,1,1,1,1,0.4588251,1,1,0
1,1,1,1,1,1,0.4456959,1,1,0
1,1,1,1,1,1,0.4350275,1,1,0
1,1,1,1,1,1,0.4451477,1,1,0
1,1,1,1,1,1,0.4556039,1,1,0
1,1,1,1,1,1,0.4663815,1,1,0
1,1,1,1,1,1,0.47748,1,1,0
1,1,1,1,1,1,0.4888819,1,1,0
1,1,1,1,1,1,1,1,1,1
1,1,1,1,1,1,1,1,1,1
1,0.9884849,1,1,1,1,1,1,1,1
1,0.9711263,1,1,1,1,1,1,1,1
1,0.9530271,1,1,1,1,1,1,1,1
1,0.9342052,1,1,1,1,1,1,1,1
1,0.9146851,1,1,1,1,1,0.3994792,1,0
1,0.9170968,1,1,1,1,1,0.3788231,1,0
1,0.9203891,1,1,1,1,1,0.3587743,1,0
1,0.9246265,1,1,1,1,1,0.3393314,1,0
1,0.9298879,1,1,1,1,1,0.3204884,1,0
1,0.9362704,1,1,1,1,1,0.3022367,1,0
1,0.943893,1,1,1,1,1,0.2937501,1,0
1,0.9524872,1,1,1,1,1,0.3024955,1,0
1,0.961394,1,1,1,1,1,0.3118421,1,0
1,0.9706395,1,1,1,1,1,0.3218184,1,0
1,0.9802566,1,1,1,1,1,0.3324512,1,0
1,0.990286,1,1,1,1,1,0.5800749,0.3442726,0
1,1,1,1,1,1,1,1,0.3123932,0
1,1,1,1,1,1,1,1,0.2829869,0
1,1,1,1,1,1,1,1,0.2557792,0
1,1,0.9846152,1,1,1,1,1,0.2576363,0
1,1,0.9588289,1,1,1,1,1,0.2654554,0
1,1,0.9342483,1,1,1,1,1,0.2738652,0
1,1,0.910778,1,1,1,1,1,0.2829022,0
1,1,0.8883357,1,1,1,1,1,0.2926027,0
1,1,0.867757,1,1,1,1,1,0.4836292,0
1,1,0.8531411,1,1,1,1,1,0.4942852,0
1,1,0.8395276,1,1,1,1,1,0.5049287,0
1,1,0.8267978,1,1,1,1,1,0.51553,0
1,1,0.814854,1,1,1,1,1,0.5260565,0
1,1,0.8036129,1,1,1,1,1,1,2
1,1,0.8018907,1,1,1,1,1,1,2
1,1,0.8002741,1,1,1,1,1,1,2
1,1,0.798762,1,1,1,1,1,1,2
1,1,0.797357,1,1,1,1,1,1,2
1,1,0.7960541,1,1,1,1,1,1,2
1,1,0.7948557,1,1,1,1,1,1,2
1,0.9404755,0.7937564,1,1,1,1,1,1,2
1,0.8762627,0.7944216,1,1,1,1,1,1,2
1,0.8089369,0.7970558,1,1,1,1,1,1,2
1,0.7404588,0.8018574,1,1,1,1,1,1,2
1,0.6727428,1,1,1,1,1,1,1,2
1,0.6208099,1,1,1,1,1,1,1,2
1,0.6203772,1,1,1,1,1,1,1,2
1,0.6202164,1,1,1,1,1,1,1,2
1,0.6203261,1,1,1,1,1,1,1,2
1,0.6207048,1,1,1,1,1,1,1,2
1,0.6213508,1,1,1,1,1,1,1,2
1,0.622262,1,1,1,1,1,1,1,2
1,0.6234367,1,1,1,1,1,1,1,2
1,0.6248692,1,1,1,1,1,1,1,2
1,0.6265573,1,1,1,1,1,1,1,2
1,0.6284987,1,1,1,1,1,1,1,2
1,0.6306874,1,1,1,1,1,1,1,2
1,0.6331208,1,1,1,1,1,1,1,2
1,0.6357926,1,1,1,1,1,1,1,2
0.697527,0.6386998,1,1,1,1,1,1,1,2
0.5537358,0.6449994,1,1,1,1,1,1,1,2
0.5538825,0.6519955,1,1,1,1,1,1,1,2
0.5544837,1,1,1,1,1,1,1,1,2
0.555274,1,1,1,1,1,1,1,1,2
0.5564359,1,1,1,1,1,1,1,1,2
0.5579683,1,1,1,0.9966105,1,1,1,1,2
0.5598679,1,1,1,0.9858305,1,1,1,1,2
0.5621344,1,1,0.9932607,0.9753848,1,1,1,1,2
0.5647722,1,1,0.9798545,1,1,1,1,1,2
0.5677821,1,1,0.9668625,1,1,1,1,1,2
0.5711604,1,1,0.9542694,1,1,1,1,1,2
0.5749031,1,1,0.9420611,1,1,1,1,1,2
0.5790053,1,1,0.9302209,1,1,1,1,1,2
0.5834545,1,1,0.9187316,1,1,1,1,1,2
0.5882439,1,1,0.9075736,1,1,1,1,1,2
0.5933592,1,1,0.8967271,1,1,1,1,1,2
1,1,1,0.8861712,1,1,1,1,1,1
1,1,1,0.876254,1,1,1,1,1,1
1,1,1,0.8663365,1,1,1,1,1,1
1,1,1,0.856419,1,1,1,1,1,1
1,1,1,0.8465017,1,1,1,1,1,1
1,1,0.9940059,0.8365847,1,1,1,1,1,1
1,1,0.9835513,0.8266656,1,1,1,1,1,1
1,1,0.9730574,0.8167433,1,1,1,1,1,1
1,1,0.9625268,0.8068186,1,1,1,1,1,1
1,1,0.9519612,0.7968917,1,1,1,1,1,1
1,1,0.8219491,0.7869638,1,1,1,1,1,1
1,1,0.8110051,0.777002,1,1,1,1,1,1
1,1,0.8000606,0.7853712,1,1,1,1,1,1
1,1,0.7891245,0.9271691,1,1,1,1,1,1
1,1,0.7782294,1,1,1,1,1,1,1
1,1,0.7673534,1,1,1,1,1,1,1
1,1,0.7564809,1,1,1,1,1,1,1
1,1,0.7456144,1,1,1,1,1,1,1
1,1,0.7347559,1,1,1,1,1,1,1
1,1,0.7239078,1,1,1,1,1,1,1
1,1,0.7130724,1,1,1,1,1,1,1
1,1,0.7022513,1,1,1,1,1,1,1
1,1,0.6914464,1,1,1,1,1,1,1
1,1,0.6806599,1,1,1,1,1,1,1
1,1,0.6698935,1,1,1,1,1,1,1
1,1,0.6591489,1,1,1,1,1,1,1
1,1,0.6484274,1,1,1,1,1,1,1
1,1,0.6377305,1,1,1,1,1,1,1
1,1,0.6270594,1,1,1,1,1,1,1
1,1,0.6164155,1,1,1,1,1,1,1
1,1,0.6058,1,1,1,1,1,1,1
1,1,0.5952142,1,1,1,1,1,1,1
1,1,0.5846585,1,1,1,1,1,1,1
1,1,0.5741337,1,1,1,1,1,1,1
1,1,0.5636406,1,1,1,1,1,1,1
1,1,0.5531799,1,1,1,1,1,1,1
1,1,0.542752,1,1,1,1,1,1,1
1,1,0.5323573,1,1,1,1,1,1,1
1,1,0.5219961,1,1,1,1,1,1,1
1,1,0.5116687,1,1,1,1,1,1,1
1,1,0.501375,1,1,1,1,1,1,1
1,1,0.4911149,1,1,1,1,1,1,1
1,0.7218796,0.4808887,1,1,1,1,1,1,2
1,0.7046026,0.4788087,1,1,1,1,1,1,2
1,0.6876547,0.5269495,1,1,1,1,1,1,2
1,0.5337595,0.581614,1,1,1,1,1,1,2
1,0.5176308,0.6587432,1,1,1,1,1,1,2
1,0.5020917,1,1,1,1,1,1,1,2
1,0.4874848,1,1,1,1,1,1,1,2
1,0.4731435,1,1,1,1,1,1,1,2
1,0.4590701,1,1,1,1,1,1,1,2
1,0.4452651,1,1,1,1,1,1,1,2
1,0.4317282,1,1,1,1,1,1,1,2
1,0.4184576,1,1,1,1,1,1,1,2
1,0.4054501,1,1,1,1,1,1,1,2
1,0.3927024,1,1,1,1,1,1,1,2
1,0.3802099,1,1,1,1,1,1,1,2
1,0.3679673,1,1,1,1,1,1,1,2
1,0.3559686,1,1,1,1,1,1,1,2
1,0.3442075,1,1,1,1,1,1,1,2
0.4616589,0.3575608,1,1,1,1,1,1,1,2
0.437862,0.3875898,1,1,1,1,1,1,1,2
0.4154604,0.4215054,1,1,1,1,1,1,1,2
0.3943437,0.4599867,1,1,1,1,1,1,1,2
0.3744144,0.5039142,1,1,1,1,1,1,1,2
0.3555836,1,1,1,1,1,1,1,1,2
0.3385429,1,1,1,1,1,1,1,1,2
0.3222659,1,1,1,1,1,1,1,1,2
0.3067248,1,1,1,1,1,1,1,1,2
0.3078423,1,1,1,1,1,1,1,1,2
0.3250563,1,1,1,1,1,1,1,1,2
0.3430452,1,1,1,1,1,1,1,1,2
0.3617912,1,1,1,1,1,1,1,1,2
0.3812713,1,1,1,1,1,1,1,1,2
0.4014569,1,1,1,1,1,1,1,1,2
0.4223189,1,1,1,1,1,1,1,1,2
0.4438231,1,1,1,1,1,1,1,1,2
1,1,1,1,1,1,1,1,1,1
1,1,1,1,1,1,1,1,1,1
1,1,1,1,1,1,1,1,1,1
1,1,1,1,1,1,1,1,1,1
1,1,1,1,1,1,1,1,1,1
1,1,1,1,1,1,1,1,1,1
1,1,1,1,1,1,1,1,1,1
1,1,1,1,1,1,1,1,1,1
1,1,1,1,1,1,0.999853,1,1,1
1,1,1,1,1,1,0.99246,1,1,1
1,1,1,1,1,1,0.9851826,1,1,1
1,1,1,1,1,1,0.9780164,1,1,1
1,1,1,1,1,1,0.9709612,1,1,1
1,1,1,1,1,1,0.964017,1,1,1
1,1,1,1,1,1,0.9571809,1,1,1
1,1,1,1,1,1,0.9504532,1,1,1
1,1,1,1,1,1,0.9438348,1,1,1
1,1,1,1,1,1,0.9373235,1,1,1
1,1,1,1,1,1,0.9309202,1,1,1
1,1,1,1,1,1,0.9246232,1,1,1
1,1,1,1,1,1,0.918434,1,1,1
1,1,1,1,1,1,0.9123544,1,1,1
1,1,1,1,1,1,0.9063827,1,1,1
1,1,1,1,1,1,0.9005209,1,1,1
1,1,1,1,1,1,0.8947678,1,1,1
1,1,1,1,1,1,0.8891255,1,1,0
1,1,1,1,1,1,0.8835964,1,1,0
1,1,1,1,1,1,0.8781793,1,1,0
1,1,1,1,1,1,1,1,1,1
1,1,1,1,1,1,1,1,1,1
1,1,1,1,1,1,1,1,1,1
1,1,1,1,1,1,1,1,1,1
1,1,1,1,1,1,1,1,1,1
1,1,1,1,1,1,1,1,1,1
1,1,1,1,1,1,1,1,1,1
1,1,1,1,1,1,1,1,1,1
1,1,1,1,1,1,1,1,1,1
1,1,1,1,1,1,1,1,1,1
1,1,1,1,1,1,1,1,1,1
1,1,1,1,1,1,1,1,1,1
1,1,1,1,1,1,1,1,1,1
1,1,1,1,1,1,1,1,1,1
1,1,1,1,1,1,1,1,1,1
1,1,1,1,1,1,1,1,1,1
1,1,1,1,1,1,1,1,1,1
1,1,1,1,1,1,1,1,1,1
1,1,1,1,1,1,1,1,1,1
1,1,1,1,1,1,1,1,1,1
1,1,1,1,1,1,1,1,1,1
1,1,1,1,1,1,1,1,1,1
1,1,1,1,1,1,1,1,1,1
1,1,1,1,1,1,1,0.6453314,1,0
1,1,1,1,1,1,1,0.6389012,1,0
1,1,1,1,1,1,1,0.6327305,1,0
1,1,1,1,1,1,1,0.6268257,1,0
1,1,1,1,1,1,1,0.6211957,1,0
1,1,1,1,1,1,1,0.6158463,1,0
1,1,1,1,1,1,1,0.6107795,1,0
1,1,1,1,1,1,1,0.6060035,1,0
1,1,1,1,1,1,1,0.6015228,1,0
1,1,1,1,1,1,1,0.5973387,1,0
1,1,1,1,1,1,1,0.5934581,1,0
1,1,1,1,1,1,1,1,1,1
1,1,1,1,1,1,1,1,1,1
1,1,1,1,1,1,1,1,1,1
1,1,1,1,1,1,1,1,1,1
1,1,1,1,1,1,1,1,1,1
1,1,1,1,1,1,1,1,1,1
1,1,1,1,1,1,1,1,1,1
1,1,1,1,1,1,1,1,0.5670847,0
1,1,1,1,1,1,1,1,0.5593303,0
1,1,1,1,1,1,1,1,0.5519232,0
1,1,1,1,1,1,1,1,0.5448714,0
1,1,1,1,1,1,1,1,0.5381887,0
1,1,1,1,1,1,1,1,0.5318817,0
1,1,1,1,1,1,1,1,0.5259568,0
1,1,1,1,1,1,1,1,0.5204232,0
1,1,1,1,1,1,1,1,0.5152859,0
1,1,1,1,1,1,1,1,0.5137457,0
1,1,0.9572326,1,1,1,1,1,1,1
1,1,0.9917989,1,1,1,1,1,1,1
1,1,1,1,1,1,1,1,1,1
1,1,1,1,1,1,1,1,1,1
1,1,1,1,1,1,1,1,1,1
1,1,1,1,1,1,1,1,1,1
1,1,1,1,1,1,1,1,1,1
1,1,1,1,1,1,1,1,1,1
1,1,1,1,1,1,1,1,1,1
1,1,1,1,1,1,1,1,1,1
1,1,1,1,1,1,1,1,1,1
1,1,1,1,1,1,1,1,1,1
1,1,1,1,1,1,1,1,1,1
1,1,1,1,1,1,1,1,1,1
1,1,1,1,1,1,1,1,1,1
1,1,1,1,1,1,1,1,1,1
1,1,1,1,1,1,1,1,1,1
1,1,1,1,1,1,1,1,1,1
1,1,1,1,1,1,1,1,1,1
1,1,1,1,1,1,1,1,1,1
1,1,1,1,1,1,1,1,1,1
1,1,1,1,1,1,1,1,1,1
1,0.8642267,1,1,1,1,1,1,1,1
1,0.8518988,1,1,1,1,1,1,1,1
1,0.8395123,1,1,1,1,1,1,1,1
1,0.8270769,1,1,1,1,1,1,1,1
1,0.8146021,1,1,1,1,1,1,1,1
1,0.8020979,1,1,1,1,1,1,1,1
1,0.789574,1,1,1,1,1,1,1,2
1,0.7770405,1,1,1,1,1,1,1,2
1,0.7645071,1,1,1,1,1,1,1,2
1,0.7519833,1,1,1,1,1,1,1,2
1,0.7394787,1,1,1,1,1,1,1,2
1,0.7270023,1,1,1,1,1,1,1,2
1,0.714563,1,1,1,1,1,1,1,2
1,0.7021697,1,1,1,1,1,1,1,2
1,0.6898301,1,1,1,1,1,1,1,2
1,0.6775523,1,1,1,1,1,1,1,2
1,0.6653436,1,1,1,1,1,1,1,2
1,0.6532109,1,1,1,1,1,1,1,2
1,0.6411605,1,1,1,1,1,1,1,2
1,0.6291982,1,1,1,1,1,1,1,2
1,0.6173297,1,1,1,1,1,1,1,2
1,0.6055595,1,1,1,1,1,1,1,2
1,0.6100551,1,1,1,1,1,1,1,2
1,0.6304704,1,1,1,1,1,1,1,2
1,0.6510131,1,1,1,1,1,1,1,2
1,0.671636,1,1,1,1,1,1,1,2
1,0.6922828,1,1,1,1,1,1,1,2
0.734463,0.7129124,1,1,1,1,1,1,1,2
0.7117583,0.748825,1,1,1,1,1,1,1,2
0.6899279,0.7873567,1,1,1,1,1,1,1,2
0.6689521,1,1,1,1,1,1,1,1,2
0.6503609,1,1,1,1,1,1,1,1,2
0.6319867,1,1,1,1,1,1,1,1,2
0.6138682,1,1,1,1,1,1,1,1,2
0.5960405,1,1,1,1,1,1,1,1,2
0.5785347,1,1,1,1,1,1,1,1,2
0.5613774,1,1,1,1,1,1,1,1,2
0.5445915,1,1,1,1,1,1,1,1,2
0.5281957,1,1,1,1,1,1,1,1,2
0.5278131,1,1,1,1,1,1,1,1,2
0.5456145,1,1,1,1,1,1,1,1,2
0.5637532,1,1,1,1,1,1,1,1,2
0.5821868,1,1,1,1,1,1,1,1,2
0.6008761,1,1,1,1,1,1,1,1,2
0.6197792,1,1,1,1,1,1,1,1,2
0.6388581,1,1,1,1,1,1,1,1,2
0.6580684,1,1,1,1,1,1,1,1,2
0.6773698,1,1,1,1,1,1,0.9992958,1,2
0.696685,1,1,1,1,1,1,0.9928375,1,2
1,1,1,1,1,1,1,0.986365,1,1
1,1,1,1,1,1,1,0.9797525,1,1
1,1,1,1,1,1,1,0.9731408,1,1
1,1,1,1,1,1,1,0.9665337,1,1
1,1,1,1,1,1,1,0.9599321,1,1
1,1,1,1,1,1,1,0.9533404,1,1
1,1,1,1,1,1,1,0.9467629,1,1
1,1,1,1,1,1,1,0.9402043,1,1
1,1,1,1,1,1,1,0.9336663,1,1
1,1,1,1,1,1,1,0.9271537,1,1
1,1,1,1,1,1,1,0.9206687,1,1
1,1,1,1,1,1,1,0.9142196,1,1
1,1,1,1,1,1,1,0.9078084,1,1
1,1,1,1,1,1,1,0.9014378,1,1
1,1,1,1,1,1,1,0.8951162,1,0
1,1,1,1,1,1,1,0.8888462,1,0
1,1,1,1,1,1,1,0.8826337,1,0
1,1,1,1,1,1,1,1,1,1
1,1,1,1,1,1,1,1,0.9495946,1
1,1,1,1,1,1,1,1,0.9420006,1
1,1,1,1,1,1,1,1,0.9343243,1
1,1,1,1,1,1,1,1,0.9265723,1
1,1,1,1,1,1,1,1,0.9187483,1
1,1,1,1,1,1,1,1,0.9108595,1
1,1,1,1,1,1,1,1,0.9029135,1
1,1,1,1,1,1,1,1,0.8949184,1
1,1,1,1,1,1,1,1,0.8868793,0
1,1,1,1,1,1,1,1,0.8788079,0
1,1,1,1,1,1,1,1,0.8707095,0
1,1,1,1,1,1,1,1,0.8625938,0
1,1,1,1,1,1,1,1,0.8544697,0
1,1,1,1,1,1,1,1,0.8463467,0
1,1,1,1,1,1,1,1,0.8382348,0
1,1,0.9732082,1,1,1,1,1,1,1
1,1,0.9042078,1,1,1,1,1,1,1
1,1,0.8924738,1,1,1,1,1,1,1
1,1,0.8806792,1,1,1,1,1,1,1
1,1,0.868829,1,1,1,1,1,1,1
1,1,0.8569285,1,1,1,1,1,1,1
1,1,0.8449825,1,1,1,1,0.9940754,1,1
1,1,0.8330687,1,1,1,1,0.9812911,1,1
1,1,0.8212696,1,1,1,1,0.9681672,1,1
1,1,0.8095857,1,1,1,1,0.9546921,1,1
1,1,0.8126196,1,1,1,1,0.9408557,1,1
1,1,0.8154337,1,1,1,1,0.926365,1,1
1,1,0.8172927,1,1,1,1,0.9112279,1,1
1,1,0.8089392,1,1,1,1,0.89547,1,1
1,1,0.7980823,1,1,1,1,0.8792936,1,1
1,1,0.7873423,1,1,1,1,0.862756,1,1
1,1,0.7767185,1,1,1,1,0.8458701,1,1
1,1,0.7662091,1,1,1,1,0.8286512,1,1
1,1,0.7558122,1,1,1,1,0.8111186,1,1
1,1,0.7455264,1,1,1,1,0.7932951,1,1
1,1,0.735349,1,1,1,1,0.7752055,1,1
1,1,0.7252772,1,1,1,1,0.7568777,1,1
1,1,0.715308,1,1,1,1,0.7383417,1,1
1,1,0.7054384,1,1,1,1,0.7342783,1,1
1,1,0.6955116,1,1,1,1,0.7363536,1,1
1,1,0.6854634,1,1,1,1,0.7382995,1,1
1,1,0.6752971,1,1,1,1,0.7401108,1,1
1,1,0.6650166,1,1,1,1,0.7417833,1,1
1,1,0.6546264,1,1,1,1,0.7433129,1,1
1,1,0.6441311,1,1,1,1,0.7446967,1,1
1,1,0.6335352,1,1,1,1,0.7459361,1,1
1,1,0.6228441,1,1,1,1,0.7470251,1,1
1,0.8089243,0.612063,1,1,1,1,0.7479666,1,2
1,0.7878721,0.5993918,1,1,1,1,0.7446669,1,2
1,0.7665007,0.6057412,1,1,1,1,0.740925,1,2
1,0.7452084,0.6139709,1,1,1,1,0.7369859,1,2
1,0.7240642,0.6229229,1,1,1,1,0.7328932,1,2
1,0.7031116,0.6326059,1,1,1,1,0.7286707,1,2
1,0.6823882,0.6430285,1,1,1,1,0.7243409,1,2
1,0.6619242,0.6541919,1,1,1,1,0.7199277,1,2
1,0.6417452,0.6660966,1,1,1,1,0.7154533,1,2
1,0.6218714,0.6787512,1,1,1,1,0.7109331,1,2
1,0.602317,0.6921555,1,1,1,1,0.7063848,1,2
1,0.5830935,0.706309,1,1,1,1,0.7018235,1,2
1,0.5642065,0.7212017,1,1,1,1,0.6972659,1,2
1,0.5456591,0.7368401,1,1,1,1,0.6927191,1,2
1,0.5274509,0.7532126,1,1,1,1,0.6881958,1,2
1,0.5095791,0.7703149,1,1,1,1,0.6837032,1,2
1,0.4920381,0.7881418,1,1,1,1,0.6792467,1,2
1,0.4836259,0.8066872,1,1,1,1,0.6748305,1,2
1,0.4884226,1,1,1,1,1,0.6705806,1,1
1,0.4917461,1,1,1,1,1,0.6677358,1,1
1,0.483876,1,1,1,1,1,0.6649957,1,1
1,0.4687577,1,1,1,1,1,0.6622076,1,1
1,0.4536293,1,1,1,1,1,0.6592848,1,1
1,0.4385088,1,1,1,1,1,0.6562339,1,1
1,0.4234137,1,1,1,1,1,0.6530615,0.97937,1
0.6813787,0.4086788,1,1,1,1,1,0.6501395,0.9280728,2
0.634506,0.4163885,1,1,1,1,1,0.6428685,0.9514963,2
0.5882461,0.4262867,1,1,1,1,1,0.6349483,0.9994445,2
0.5421734,0.4383512,1,1,1,1,1,0.6261469,1,2
0.4992798,0.4516918,1,1,1,1,1,0.6173516,1,2
0.4595283,0.4663258,1,1,1,1,1,0.6086446,1,2
0.4227725,0.4822639,1,1,1,1,1,0.6000892,1,2
0.4148987,0.4995173,1,1,1,1,1,0.5917252,1,2
0.422382,0.5173525,1,1,1,1,1,0.5838409,1,2
0.407844,0.535264,1,1,1,1,1,0.5765152,1,2
0.3800079,0.5538412,1,1,1,1,1,0.5694662,1,2
0.3604312,0.57351,1,1,1,1,1,0.5625495,1,2
0.3679664,0.5940154,1,1,1,1,1,0.5558199,1,2
0.3754914,0.614338,1,1,1,1,1,0.5494542,1,2
0.3829699,0.6343489,1,1,1,1,1,0.5433989,1,2
0.3903718,1,1,1,1,1,1,0.5376083,1,1
0.3955382,1,1,1,1,1,1,0.5333549,1,1
0.4006308,1,1,1,1,1,1,0.529161,1,1
0.4056404,1,1,1,1,1,1,0.5250276,1,1
0.410566,1,1,1,1,1,1,0.52095,0.4975832,0
0.4088889,1,1,1,1,1,1,0.5208638,0.4930222,0
0.4072645,1,1,1,1,1,1,0.5211401,0.4888735,0
0.4056933,0.9985673,1,1,1,1,1,0.5217708,0.4851241,0
0.4041859,0.9740826,1,1,1,1,1,0.5227372,0.4817581,0
0.4028727,0.9523096,1,1,1,1,1,0.5239002,0.4787599,0
0.4017301,0.9328671,1,1,1,1,1,0.5252331,0.476093,0
0.4007338,0.9154358,1,1,1,1,1,0.5267147,0.473727,0
0.3998666,0.8997546,1,1,1,1,1,0.528322,0.4716316,0
0.3991095,0.8856001,1,1,1,1,1,0.5300366,0.4697816,0
0.3984466,0.8727835,1,1,1,1,1,0.5318416,0.4681546,0
0.3978638,0.8611447,1,1,1,1,1,0.5337216,0.4667297,0
0.3973489,0.8505475,1,1,1,1,1,0.5356619,0.4654881,0
0.3968947,0.8408796,1,1,1,1,1,0.5376457,0.4644096,0
0.3964888,0.8320349,1,1,1,1,1,1,0.463481,2
0.3991397,0.8396109,1,1,1,1,1,1,0.4616464,2
0.4017815,0.8469076,1,1,1,1,1,1,0.4598013,2
0.4044098,0.8539155,1,1,1,1,1,1,0.4579445,1
0.4070172,0.8606228,1,1,1,1,1,1,0.4560776,1
0.4096,0.8670245,1,1,1,1,1,1,0.4542004,1
0.4121548,0.8731166,1,1,1,1,1,1,0.4523129,1
0.4146751,0.8788918,1,1,1,1,1,1,0.4504183,1
0.417158,0.8843504,1,1,1,1,1,1,0.4485174,1
0.419601,0.8894924,1,1,1,1,1,1,0.4466112,1
0.4219984,0.8943154,1,1,1,1,1,1,0.4447039,1
0.4243514,0.8988274,1,1,1,1,1,1,0.4427942,1
0.426658,0.9030325,1,1,1,1,1,1,0.4408837,1
0.4289131,0.906931,1,1,1,1,1,1,0.4389775,1
0.4311185,0.9105337,1,1,1,1,1,1,0.4370746,1
0.4332727,0.9138473,1,1,1,1,1,1,0.4351773,1
0.4353743,0.9168788,1,1,1,1,1,1,0.4332882,1
0.4374252,0.9196407,1,1,1,1,1,1,0.4314064,1
0.4394209,0.9221355,1,1,1,1,1,1,0.4295378,1
0.4413637,0.9243768,1,1,1,1,1,1,0.427682,1
0.4432557,0.9263774,1,1,1,1,1,1,0.4258387,1
0.8864045,0.9281408,1,1,1,1,1,1,0.4240138,0
0.8971239,0.9110668,1,1,1,1,1,1,0.4229687,0
0.9086788,0.8948404,1,1,1,1,1,1,0.4222275,0
0.9212233,0.8793691,1,1,1,1,1,1,1,2
0.8818589,0.8877306,1,1,1,1,1,1,1,2
0.8413027,0.8976293,1,1,1,1,1,1,1,2
0.8000017,0.9091833,1,1,1,1,1,1,1,2
0.7584161,1,1,1,1,1,1,1,1,2
0.7202107,1,1,1,1,1,1,1,1,2
0.681578,1,1,1,1,1,1,1,1,2
0.6743819,1,1,1,1,1,1,1,1,2
0.6808891,1,1,1,1,1,1,1,1,2
0.6875965,1,1,1,1,1,1,1,1,2
0.694494,1,1,1,1,1,1,1,1,2
0.7015709,1,1,1,1,1,1,1,1,2
0.7088132,1,1,1,1,1,1,1,1,2
0.7162133,1,1,1,1,1,1,1,1,2
0.7237563,1,1,1,1,1,1,1,1,2
0.7314312,1,1,1,1,1,1,1,1,2
0.7392297,1,1,1,1,1,1,1,1,2
0.7471367,1,1,1,1,1,1,1,1,2
0.7551368,1,1,1,1,1,1,1,1,2
0.7632218,1,1,1,1,1,1,1,1,2
0.7713798,1,1,1,1,1,1,1,1,2
0.7795953,1,1,1,1,1,1,1,1,2
0.7878597,1,1,1,1,1,1,1,1,2
0.7961578,1,1,1,1,1,1,1,1,2
0.8044819,1,1,1,1,1,1,1,1,2
0.8128161,1,1,1,1,1,1,1,1,2
1,1,1,1,1,1,1,1,1,1
1,1,1,1,1,1,1,1,1,1
1,1,1,1,1,1,1,1,1,1
1,1,1,1,1,1,1,1,1,1
1,1,1,1,1,1,1,1,1,1
1,1,1,1,1,1,1,1,1,1
1,1,1,1,1,1,1,1,1,1
1,1,1,1,1,1,1,1,1,1
1,1,1,1,1,1,1,1,1,1
1,1,1,1,1,1,1,1,1,1
1,1,1,1,1,1,1,1,1,1
1,1,1,1,1,1,1,1,1,1
1,1,1,1,1,1,1,1,1,1
1,1,1,1,1,1,1,0.9992374,1,1
1,1,1,1,1,1,1,0.9953911,1,1
1,1,1,1,1,1,1,0.9915956,1,1
1,1,1,1,1,1,1,0.9878531,1,1
1,1,1,1,1,1,1,0.9841654,1,1
1,1,1,1,1,1,1,0.9805315,1,1
1,1,1,1,1,1,1,0.9769505,1,1
1,1,1,1,1,1,1,0.9734248,1,1
1,1,1,1,1,1,1,0.9699534,1,1
1,1,1,1,1,1,1,0.9665389,1,1
1,1,1,1,1,1,1,0.9631805,1,1
1,1,1,1,1,1,1,0.9598774,1,1
1,1,1,1,1,1,1,0.9566323,1,1
1,1,1,1,1,1,1,0.9534446,1,1
1,1,1,1,1,1,1,0.9503169,1,1
1,1,1,1,1,1,1,0.9472488,1,1
1,1,1,1,1,1,1,0.9442397,1,1
1,1,1,1,1,1,1,0.9412925,1,1
1,1,1,1,1,1,1,0.9384065,1,1
1,1,1,1,1,1,1,0.9355847,1,1
1,1,1,1,1,1,1,1,1,1
1,1,1,1,1,1,1,1,1,1
1,1,1,1,1,1,1,1,1,1
1,1,1,1,1,1,1,1,1,1
1,1,1,1,1,1,1,1,1,1
1,1,1,1,1,1,1,1,1,1
1,1,1,1,1,1,1,1,0.8587474,0
1,1,1,1,1,1,1,1,0.8549699,0
1,1,1,1,1,1,1,1,0.8512707,0
1,1,1,1,1,1,1,1,0.847658,0
1,1,1,1,1,1,1,1,0.8441314,0
1,1,1,1,1,1,1,1,0.840699,0
1,1,1,1,1,1,1,1,0.8373599,0
1,1,1,1,1,1,1,1,0.8341225,0
1,1,1,1,1,1,1,1,0.8309857,0
1,1,1,1,1,1,1,1,0.8279576,0
1,1,1,1,1,1,1,1,0.8250373,0
1,1,1,1,1,1,1,1,0.8222294,0
1,1,1,1,1,1,1,1,0.819539,0
1,1,1,1,1,1,1,1,0.8169677,0
1,1,1,1,1,1,1,1,0.8145171,0
1,1,1,1,1,1,1,1,0.8121918,0
1,1,1,1,1,1,1,1,0.8099931,0
1,1,1,1,1,1,1,1,0.8079227,0
1,1,1,1,1,1,1,1,0.8059844,0
1,1,1,1,1,1,1,1,0.8041797,0
1,1,1,1,1,1,1,1,0.8025092,0
1,1,1,1,1,1,1,1,0.8009772,0
1,1,1,1,1,1,1,1,1,1
1,1,1,1,1,1,1,1,1,1
1,1,1,1,1,1,1,1,1,1
1,1,1,1,1,1,1,1,1,1
1,1,1,1,1,1,1,1,1,1
1,1,1,1,1,1,1,1,1,1
1,1,1,1,1,1,1,1,1,1
1,1,1,1,1,1,1,1,1,1
1,1,1,1,1,1,1,1,1,1
1,1,1,1,1,1,1,1,1,1
1,1,1,1,1,1,1,1,1,1
1,1,1,1,1,1,1,1,1,1
1,1,0.9998584,1,1,1,1,1,1,1
1,1,0.9897192,1,1,1,1,1,1,1
1,1,0.9856485,1,1,1,1,1,1,1
1,1,0.9937776,1,1,1,1,1,1,1
1,1,1,1,1,1,1,1,1,1
1,1,1,1,1,1,1,1,1,1
1,1,1,1,1,1,1,1,1,1
1,1,1,1,1,1,1,1,1,1
1,1,1,1,1,1,1,1,1,1
1,1,1,1,1,1,1,1,1,1
1,1,1,1,1,1,1,1,1,1
1,1,1,1,1,1,1,1,1,1
1,1,1,1,1,1,1,1,1,1
1,1,1,1,1,1,1,1,1,1
1,1,1,1,1,1,1,1,1,1
1,1,1,1,1,1,1,1,1,1
1,1,1,1,1,1,1,1,1,1
1,1,1,1,1,1,1,1,1,1
1,1,1,1,1,1,1,1,1,1
1,1,1,1,1,1,1,1,1,1
1,1,1,1,1,1,1,1,1,1
1,1,1,1,1,1,1,1,1,1
1,1,1,1,1,1,1,1,1,1
1,1,1,1,1,1,1,1,1,1
1,1,1,1,1,1,1,1,1,1
1,1,1,1,1,1,1,1,1,1
1,1,1,1,1,1,1,1,1,1
1,1,1,1,1,1,1,1,1,1
1,1,1,1,1,1,1,1,1,1
1,1,1,1,1,1,1,1,1,1
1,1,1,1,1,1,1,1,1,1
1,1,1,1,1,1,1,1,1,1
1,0.845412,1,1,1,1,1,1,1,1
1,0.8299595,1,1,1,1,1,1,1,2
1,0.8143812,1,1,1,1,1,1,1,2
1,0.7986995,1,1,1,1,1,1,1,2
1,0.782937,1,1,1,1,1,1,1,2
1,0.7671176,1,1,1,1,1,1,1,2
1,0.7512649,1,1,1,1,1,1,1,2
1,0.7354015,1,1,1,1,1,1,1,2
1,0.7195509,1,1,1,1,1,1,1,2
1,0.7037347,1,1,1,1,1,1,1,2
1,0.6879748,1,1,1,1,1,1,1,2
1,0.6722922,1,1,1,1,1,1,1,2
1,0.656706,1,1,1,1,1,1,1,2
1,0.641235,1,1,1,1,1,1,1,2
1,0.6258957,1,1,1,1,1,1,1,2
1,0.6107041,1,1,1,1,1,1,1,2
1,0.6168267,1,1,1,1,1,1,1,2
1,0.6308208,1,1,1,1,1,1,1,2
1,0.6449561,1,1,1,1,1,1,1,2
1,0.6592094,1,1,0.9979752,1,1,1,1,2
1,0.6735212,1,1,0.9904803,1,1,1,1,2
1,0.6877779,1,1,0.9828544,1,1,1,1,2
1,0.7019336,1,1,0.97509,1,1,1,1,2
1,0.7159423,1,1,0.967182,1,1,1,1,2
0.7344528,0.729764,1,1,0.9591259,1,1,1,1,2
0.7042437,1,1,1,0.9542342,1,1,1,1,2
0.6797335,1,1,1,0.9477104,1,1,1,1,2
0.6553983,1,1,1,0.9415056,1,1,1,1,2
0.6313247,1,1,0.9585813,0.9356286,1,1,1,1,2
0.6078829,1,1,0.897782,0.9299323,1,1,1,1,2
0.5852537,1,1,0.8703547,0.9243137,1,1,1,1,2
0.5632306,1,1,0.8633783,0.9188733,1,1,1,1,2
0.5417067,1,1,0.8565921,0.9136841,1,1,1,1,2
0.526865,1,1,0.8499954,0.9087399,1,1,1,1,2
0.5382185,1,1,0.843536,0.9039439,1,1,1,1,2
0.5496219,1,1,0.8369935,0.8989067,1,1,1,1,2
0.5610326,1,1,0.8303467,0.8936052,1,1,1,1,2
0.5724115,1,1,0.8235769,0.8880189,1,1,1,1,2
0.5837151,1,1,0.8166679,0.8821303,1,1,1,1,2
0.5949041,1,1,0.8096045,0.8759238,1,1,1,1,2
0.6059395,1,1,0.8023752,0.8693878,1,1,1,1,2
0.6167836,1,1,0.7949704,0.8625132,1,1,1,1,2
0.6273998,1,1,0.7873819,0.8552936,1,1,1,1,2
0.6377528,1,1,0.7796044,0.8477254,1,1,1,1,1
0.6478058,1,1,0.7716343,0.8398079,1,1,1,1,1
0.6575324,1,1,0.7634703,0.8315438,1,1,1,1,1
1,1,1,0.7551125,0.8229376,1,1,1,1,0
1,1,1,0.743745,0.8092248,1,1,1,1,0
1,1,1,0.732349,0.7954751,1,1,1,1,0
1,1,1,0.7209371,0.7817086,1,1,1,1,0
1,1,1,0.7095214,0.7679451,1,1,1,1,0
1,1,1,0.6981131,0.7542032,1,1,1,1,0
1,1,1,0.6867232,0.7405004,1,1,1,1,0
1,1,1,0.6753613,0.7268528,1,1,1,1,0
1,1,1,0.6640361,0.7132747,0.796541,1,1,1,0
1,1,1,0.651734,0.6979553,0.776632,1,1,1,0
1,1,1,0.6395291,0.6827859,0.7569882,1,1,1,0
1,1,1,0.6274446,0.6678039,0.7376668,1,1,1,0
1,1,1,0.6154991,0.6530403,0.7187148,1,1,1,0
1,1,1,0.6037074,0.6385201,0.7001696,1,1,1,0
1,1,1,0.5920795,0.6242615,0.6820582,1,1,1,0
1,1,1,0.5806209,0.6102764,0.6643983,1,1,1,0
1,1,1,0.569334,0.5965719,0.6471999,1,1,1,0
1,1,1,0.5582169,0.5831493,0.630465,1,1,1,0
1,1,1,0.5472649,0.5700057,0.6141891,1,1,1,0
1,1,1,0.5364712,0.5571347,0.5983631,1,1,1,0
1,1,1,0.5258265,0.5445269,0.5829731,1,1,1,0
1,1,1,0.5153203,0.5321707,0.568002,0.6738447,1,1,0
1,1,1,0.5337404,0.5192301,0.5518979,0.649668,1,1,0
1,1,1,0.7028296,0.5066019,0.5362803,0.6265213,1,1,0
1,1,1,1,0.4942707,0.5211231,0.6043347,1,1,0
1,1,1,1,0.4822218,0.5064014,0.5830444,1,1,0
1,1,1,1,0.4704409,0.4920915,0.5625914,1,1,0
1,1,1,1,0.4589148,0.4781721,0.5429221,1,1,0
1,1,1,1,0.4476526,0.4646773,0.5241131,1,1,0
1,1,1,1,0.4366397,0.4515981,0.5061501,1,1,0
1,1,1,1,0.425851,0.4389021,0.4889711,1,1,0
1,1,1,1,0.415261,0.4265567,0.4725137,1,1,0
1,1,1,1,0.5499559,0.414529,0.4567168,1,1,0
1,1,1,1,1,0.4028115,0.4415854,1,1,0
1,1,1,1,1,0.3913792,0.4270863,1,1,0
1,1,1,1,1,0.3801325,0.412975,1,1,0
1,1,1,1,1,0.369058,0.3992276,0.5566586,1,0
1,1,1,1,1,0.3578141,0.3847578,0.5287222,1,0
1,1,1,1,1,0.3468019,0.3707199,0.5022934,1,0
1,1,1,1,1,0.3360098,0.3570905,0.47725,1,0
1,1,1,1,1,0.3763675,0.3438484,0.4534834,1,0
1,1,1,1,1,0.5435378,0.3309731,0.4308956,1,0
1,1,1,1,1,1,0.3184456,0.4093986,1,0
0.5589915,1,1,1,1,1,0.3062484,0.388913,1,0
1,1,1,1,1,1,0.2954991,0.373926,1,0
1,1,1,1,1,1,0.2837448,0.3548023,1,0
1,1,1,1,1,1,0.2722805,0.3365257,1,0
0.5485388,1,1,1,1,1,0.2610919,0.3190392,1,0
1,1,1,1,1,1,0.2509289,0.3058845,1,0
1,1,1,1,1,1,0.2534387,0.2894306,0.4767448,0
0.766753,1,1,1,1,1,0.3038573,0.2736496,0.4412328,0
0.5896568,1,1,1,1,1,0.3710697,0.258499,0.408421,0
0.54032,1,1,1,1,1,0.4640814,0.2439403,0.3780191,0
0.5328908,1,1,1,1,1,0.5997933,0.2299378,0.3497767,0
0.5303352,1,1,1,1,1,1,0.2164621,0.3234892,0
0.5277271,1,1,1,1,1,1,0.2036274,0.2995106,0
0.5251337,1,1,1,1,1,1,0.1912084,0.2769451,0
0.5225456,1,1,1,1,1,1,0.1791958,0.2557158,0
0.5199534,1,1,1,1,1,1,0.1833129,0.235738,0
0.5173186,1,1,1,1,1,1,0.2022099,0.21699,0
0.514598,1,1,1,1,1,1,0.2229176,0.1994026,0
0.5117759,1,1,1,1,1,1,0.2455239,0.1828435,0
0.5088315,1,1,1,1,1,1,0.2701264,0.1671954,0
0.5057491,1,1,1,1,1,1,0.2968055,0.152354,0
0.5035157,1,1,1,1,1,1,0.3256384,0.1523963,0
0.5097835,1,1,1,1,1,1,0.3562642,0.1623427,0
0.5171272,1,1,1,1,1,1,0.3886755,0.1725731,0
0.5253376,1,1,1,1,1,1,0.422855,0.1830667,0
0.5342647,1,1,1,1,1,1,0.4587811,0.1938066,0
0.5437974,1,1,1,1,1,1,1,0.2047704,1
0.5627144,1,1,1,1,1,1,1,0.2144275,1
0.5805213,1,1,1,1,1,1,1,0.2243331,0
0.5972863,1,1,1,1,1,1,1,0.2344957,0
0.6130863,1,1,1,1,1,1,1,0.2449179,0
0.6280004,1,1,1,1,1,1,1,0.2556116,0
0.6421105,1,1,1,1,1,1,1,0.2665734,0
0.6554952,1,1,1,1,1,1,1,0.2778144,0
0.6682301,1,1,1,1,1,1,1,0.2893301,0
0.6803867,1,1,1,1,1,1,1,0.3011255,0
1,1,1,1,1,1,1,1,0.3131959,0
0.6834497,1,1,1,1,1,1,1,0.330887,0
1,1,1,1,1,1,1,1,0.3434115,0
1,1,1,1,1,1,1,1,0.3621551,0
1,1,1,1,1,1,1,1,0.3816321,0
1,1,1,1,1,1,1,1,0.4018192,0
1,1,1,1,1,1,1,1,1,1
1,1,1,1,1,1,1,1,1,1
1,1,1,1,1,1,1,1,1,1
1,1,1,1,1,1,1,1,1,1
1,1,1,1,1,1,1,1,1,1
1,1,1,1,1,1,1,1,1,1
1,1,1,1,1,1,1,1,1,1
1,1,1,1,1,1,1,1,1,1
1,1,1,1,1,1,1,1,1,1
1,1,1,1,1,1,1,1,1,1
1,1,1,1,1,1,1,1,1,1
1,1,1,1,1,1,1,1,1,1
1,1,1,1,1,1,1,1,1,1
1,1,1,1,1,1,1,1,1,1
1,1,1,1,1,1,1,1,1,1
1,1,1,1,1,1,1,1,1,1
1,1,1,1,1,1,1,1,1,1
1,1,1,0.9884639,1,1,1,1,1,1
1,1,1,0.9759146,1,1,1,1,1,1
1,1,1,0.9628598,1,1,1,1,1,1
1,1,1,0.949299,1,1,1,1,1,1
1,1,1,0.9352347,0.9996942,1,1,1,1,1
1,1,1,0.9206637,0.9920977,1,1,1,1,1
1,1,1,0.9053642,0.9852656,1,1,1,1,1
0.9914962,1,1,0.889383,0.979202,1,1,1,1,2
0.9820036,1,1,0.8724263,0.97427,1,1,1,1,2
0.9721344,1,1,0.8545415,0.9705275,1,1,1,1,2
0.961934,1,1,0.8358137,0.9680227,1,1,1,1,2
0.9514471,1,1,0.8163406,0.9668007,1,1,1,1,2
0.9846465,1,1,0.8082606,0.9669161,1,1,1,1,2
1,1,1,0.8052236,0.9659332,1,1,1,1,2
1,1,1,0.8019034,0.9644559,1,1,1,1,2
1,1,1,0.7987248,0.9632086,1,1,1,1,2
1,1,1,0.7956852,0.9621867,0.732429,1,1,1,2
1,1,1,0.796675,0.9680845,0.7187354,1,1,1,2
1,1,0.9805519,0.7978537,0.9743315,0.7052909,1,1,1,2
1,1,0.9414337,0.7997664,0.9818878,0.6918486,1,1,1,2
1,1,0.9022123,0.8029926,0.9917946,0.6782238,1,1,1,2
1,1,0.8633505,0.8075372,1,0.6645065,1,1,1,2
1,1,0.8251144,0.8134821,1,0.6507545,1,1,1,2
1,1,0.7875581,0.821035,1,0.6369861,1,1,1,2
1,1,0.7509742,0.8302516,1,0.6232741,1,1,1,2
1,1,0.7155919,0.8411778,1,0.6096832,1,1,1,2
1,1,0.681577,0.8538443,1,0.5962682,1,1,1,2
1,1,0.6667151,0.8682863,1,0.5830724,1,1,1,2
1,1,0.6713722,0.8838127,0.6108128,0.5702295,1,1,1,2
1,1,0.677376,0.9024273,0.5946478,0.5574753,1,1,1,2
1,1,0.6841456,0.9229253,0.5789615,0.5450191,1,1,1,2
1,1,0.691731,0.9455075,0.563727,0.5683277,1,1,1,2
1,1,0.7001835,1,0.5489187,0.6076832,1,1,1,2
1,1,0.7084828,1,0.5348241,0.6518521,1,1,1,2
1,0.9417773,0.7167411,1,0.5212888,1,1,1,1,2
1,0.8744419,0.7250813,1,0.5081964,1,1,1,1,2
1,0.8088261,0.7358888,0.5320343,0.4950212,1,1,1,1,2
1,0.7464799,0.7491037,0.515736,0.4819033,1,1,1,1,2
1,0.6899634,0.7636216,0.499932,0.4690958,1,1,1,1,2
1,0.6384757,0.7795482,0.4845939,0.4565822,1,1,1,1,2
1,0.5913549,0.7970138,0.4696952,0.4574791,1,1,1,1,2
1,0.5515366,0.8161606,0.4552115,0.4949469,1,1,1,1,2
1,0.555994,0.8371512,0.44112,0.5425112,1,1,1,1,2
1,0.5610487,1,0.4273989,1,1,1,1,1,2
1,0.566727,1,0.4140284,1,1,1,1,1,2
1,0.5730577,0.9185125,0.4009894,1,1,1,1,1,2
1,0.5800728,0.4339624,0.3882644,1,1,1,1,1,2
1,0.5878116,0.4173668,0.3758365,1,1,1,1,1,2
0.9272126,0.5963098,0.4013211,0.3991216,1,1,1,1,1,2
0.8005707,0.6056145,0.3857932,0.4375639,1,1,1,1,1,2
0.69498,0.61577,0.370753,1,1,1,1,1,1,2
0.605588,0.6268334,0.3561725,1,1,1,1,1,1,2
0.5289253,0.6388641,0.3420259,1,1,1,1,1,1,2
0.5012573,0.6519238,0.3282893,1,1,1,1,1,1,2
0.5055845,0.6660894,0.3149399,1,1,1,1,1,1,2
0.51042,0.6814384,0.301957,1,1,1,1,1,1,2
0.5157806,0.6980616,0.2950184,1,1,1,1,1,1,2
0.5216841,0.7160603,0.319524,1,1,1,1,1,1,2
0.5281506,0.3375041,0.3484935,1,1,1,1,1,1,2
0.5352023,0.3187363,0.383011,1,1,1,1,1,1,2
0.5428599,0.3007997,1,1,1,1,1,1,1,2
0.5511534,0.2836374,1,1,1,1,1,1,1,2
0.5601049,0.2671977,1,1,1,1,1,1,1,2
0.56975,0.2514335,1,1,1,1,1,1,1,2
0.5801197,0.2363013,1,1,1,1,1,1,1,2
0.5912524,0.2217616,1,1,1,1,1,1,1,2
0.6031864,0.2224865,1,1,1,1,1,1,1,2
0.2942142,0.2371902,1,1,1,1,1,1,1,2
0.2697961,0.2535033,1,1,1,1,1,1,1,2
0.2469883,0.271633,1,1,1,1,1,1,1,2
0.2256413,0.2918173,1,1,1,1,1,1,1,2
0.2056233,1,1,1,1,1,1,1,1,2
0.1868178,1,1,1,1,1,1,1,1,2
0.1933632,1,1,1,1,1,1,1,1,2
0.2036113,1,1,1,1,1,1,1,1,2
0.2146182,1,1,1,1,1,1,1,1,2
0.2264442,1,1,1,1,1,1,1,1,2
0.2391477,1,1,1,1,1,1,1,1,2
0.2528029,1,1,1,1,1,1,1,1,2
0.2674869,1,1,1,1,1,1,1,1,2
0.7039586,1,1,1,1,1,1,1,1,2
0.7200271,1,1,1,1,1,1,1,1,2
0.7360938,1,1,1,1,1,1,1,1,2
1,1,1,1,1,1,1,1,1,1
1,1,1,1,1,1,1,1,1,1
1,1,1,1,1,1,1,1,1,1
1,1,1,1,1,1,1,1,1,1
1,1,1,1,1,1,1,1,1,1
1,1,1,1,1,1,1,1,1,1
1,1,1,1,1,1,1,1,1,1
1,1,1,1,1,1,1,1,1,1
1,1,1,1,1,1,1,1,1,1
1,1,1,1,1,1,1,1,1,1
1,1,1,1,1,1,1,1,1,1
1,1,1,1,1,1,1,1,1,1
1,1,1,1,1,1,1,1,1,1
1,1,1,1,1,1,1,1,1,1
1,1,1,1,1,1,1,1,1,1
1,1,1,1,1,1,1,1,1,1
1,1,1,1,1,1,1,1,1,1
1,1,1,1,1,1,1,1,1,1
1,1,1,1,1,1,1,1,1,1
1,1,1,1,1,1,1,1,1,1
1,1,1,1,1,1,1,1,1,1
1,1,1,1,1,1,1,1,1,1
1,1,1,1,1,1,1,1,1,1
1,1,1,1,1,1,1,1,1,1
1,1,1,1,1,1,1,1,1,1
1,1,1,1,1,1,1,1,0.8442165,0
1,1,1,1,1,1,1,1,0.8294626,0
1,1,1,1,1,1,1,1,0.8311914,0
1,1,1,1,1,1,1,1,0.8330193,0
1,1,1,1,1,1,1,1,0.8349417,0
1,1,1,1,1,1,1,1,0.8369535,0
1,1,1,1,1,1,1,1,0.8390561,0
1,1,1,1,1,1,1,1,0.8412444,0
1,1,1,1,1,1,1,1,0.8435133,0
1,1,1,1,1,1,1,1,0.8458639,0
1,1,1,1,0.9931498,1,1,1,0.8482912,0
1,1,1,1,0.9835559,1,1,1,0.8507843,0
1,1,1,1,0.9739828,1,1,1,0.8533408,0
1,1,1,1,0.9644273,1,1,1,0.8559501,0
1,1,1,1,0.9548858,1,1,1,0.8586082,0
1,1,1,1,0.9453553,1,1,1,0.8613116,0
1,1,1,1,0.9358325,1,1,1,0.8640526,0
1,1,1,1,0.9263142,1,1,1,0.8668274,0
1,1,1,1,0.9167975,1,1,1,0.8696291,0
1,1,1,1,0.9072794,1,1,1,0.8724505,0
1,1,1,1,0.8977574,1,1,1,1,1
1,1,1,1,0.8877038,1,1,1,1,1
1,1,1,1,0.8776464,1,1,1,1,1
1,1,1,1,0.8675851,1,1,1,1,1
1,1,1,1,0.8575201,1,1,1,1,1
1,1,1,1,0.8474518,1,1,1,1,1
1,1,1,1,0.8373805,1,1,1,1,1
1,1,0.988794,1,0.827306,1,1,1,1,1
1,1,0.9765031,1,0.8172062,1,1,1,1,1
1,1,0.9640467,1,0.8070804,1,1,1,1,1
1,1,0.9514331,1,0.7969303,1,1,1,1,1
1,1,0.9386725,1,0.7867585,1,1,1,1,1
1,1,0.9257752,1,0.7765666,1,1,1,1,1
1,1,0.912752,1,0.7663575,1,1,1,1,1
1,1,0.8996158,1,0.7561342,1,1,1,1,1
1,1,0.8863779,1,0.7458988,1,1,1,1,1
1,1,0.8730518,1,0.7356549,1,1,1,1,1
1,1,0.8596506,1,0.7254051,1,1,1,1,1
1,1,0.8461873,1,0.7151527,1,1,1,1,2
1,1,0.8326753,1,0.7049007,1,1,1,1,2
1,1,0.819128,1,0.694652,1,1,1,1,2
1,1,0.8055579,1,0.6844091,1,1,1,1,2
1,1,0.791978,1,0.6741749,1,1,1,1,2
1,1,0.7945243,1,0.6639523,1,1,1,1,2
1,1,0.8006816,1,0.6537555,0.990877,1,1,1,2
1,1,0.8066916,0.9996265,0.6435864,0.9813809,1,1,1,2
1,1,0.8125456,0.9883621,0.6334419,0.971863,1,1,1,2
1,1,0.8183846,0.9771695,0.6233165,0.9623336,1,1,1,2
1,1,0.8241919,0.9660465,0.6132087,0.9527904,1,1,1,1
1,1,0.8299441,0.9549907,0.6031167,1,1,1,1,2
1,1,0.8361805,0.6054822,0.5930328,1,1,1,1,2
1,1,0.847412,0.5944191,0.5829191,1,1,1,1,2
1,1,0.9608123,0.5834582,0.5728399,1,1,1,1,2
1,1,0.9581236,0.5727931,0.5628022,1,1,1,1,2
1,1,0.9666254,0.5621582,0.552776,1,1,1,1,1
1,1,0.9749171,0.5515736,0.5427612,1,1,1,1,1
1,1,0.9829941,0.5410355,0.5327559,1,1,1,1,1
1,1,0.9908465,0.5305396,0.5227584,1,1,1,1,1
1,1,0.9984652,0.5200827,0.5127669,1,1,1,1,1
1,1,1,0.5096614,0.5027805,1,1,1,1,1
1,1,1,0.4992646,0.4927986,1,1,1,1,1
1,1,1,0.488889,0.4828207,1,1,1,1,1
1,1,1,0.4785339,0.4728462,1,1,1,1,1
1,1,1,0.4681989,0.462875,1,1,1,1,1
1,1,1,0.4578832,0.4529065,1,1,1,1,1
1,0.6988305,1,0.447586,0.4429401,1,1,1,1,2
1,0.6745728,1,0.4367312,0.7647209,1,1,1,1,2
1,0.6505858,0.8132266,0.425947,0.7551767,1,1,1,1,2
1,0.6253174,0.7974189,0.4151362,0.7459126,1,1,1,1,2
1,0.6009308,0.7819644,0.4044733,0.7368439,1,1,1,1,2
1,0.5774569,0.7668914,0.3939605,0.7279655,1,1,1,1,2
1,0.5573599,0.4032969,0.3835954,0.7192661,1,1,1,1,2
1,0.5720297,0.390291,0.3733141,0.7111762,1,1,1,1,2
1,0.5866822,0.3778408,0.363246,0.703167,1,1,1,1,2
1,0.6012106,0.3658561,0.3533411,1,1,1,1,1,2
1,0.6172336,0.3540693,0.6749582,1,1,1,1,1,2
1,0.6334316,0.3426267,0.6654492,1,1,1,1,1,2
1,0.7719855,0.3314812,0.6561037,1,1,1,1,1,2
1,0.75353,0.3207861,0.6467515,1,1,1,1,1,2
1,0.745562,0.3102052,0.6374905,1,1,1,1,1,2
0.6384293,0.7611197,0.2997504,0.628303,1,1,1,1,1,2
0.5971678,0.7893373,0.2889325,0.6198471,1,1,1,1,1,2
0.5590659,0.8200819,0.2783736,0.6116871,1,1,1,1,1,2
0.5237824,1,0.2680618,0.6038178,1,1,1,1,1,2
0.4989901,0.2986563,0.2580536,1,1,1,1,1,1,2
0.5106308,0.2842869,0.2857821,1,1,1,1,1,1,2
0.5230955,0.2704633,0.5704004,1,1,1,1,1,1,2
0.5364362,0.2571546,0.5606164,1,1,1,1,1,1,2
0.550702,0.2443328,0.5511769,1,1,1,1,1,1,2
0.5659596,0.2319717,0.5420727,1,1,1,1,1,1,2
0.7436504,0.2200472,0.5332959,1,1,1,1,1,1,2
0.7138328,0.2085669,0.5248281,1,1,1,1,1,1,2
0.2658761,0.1974769,0.5166605,1,1,1,1,1,1,2
0.2480244,0.186722,0.5088115,1,1,1,1,1,1,2
0.2311586,0.1944699,1,1,1,1,1,1,1,2
0.2152057,0.2250827,1,1,1,1,1,1,1,2
0.2000995,0.2607594,1,1,1,1,1,1,1,2
0.1857807,0.4903825,1,1,1,1,1,1,1,2
0.1721955,0.4793903,1,1,1,1,1,1,1,2
0.1592953,0.4688496,1,1,1,1,1,1,1,2
0.1633628,0.4587442,1,1,1,1,1,1,1,2
0.1791757,0.4490597,1,1,1,1,1,1,1,2
0.1963142,0.4397821,1,1,1,1,1,1,1,2
0.2149195,0.4308995,1,1,1,1,1,1,1,2
0.2351603,0.4224001,1,1,1,1,1,1,1,2
0.2566654,0.4143146,1,1,1,1,1,1,1,2
0.4660469,0.4065969,1,1,1,1,1,1,0.9977325,2
0.4547785,0.4723702,1,1,1,1,1,1,0.9896752,2
0.444039,0.7095439,1,1,1,1,1,1,0.9832456,2
0.4338359,1,1,1,1,1,1,1,0.9786931,2
0.4240709,1,1,1,1,1,1,1,0.9755548,2
0.414562,1,1,1,1,1,1,1,0.9726742,2
0.4052989,1,1,1,1,1,1,1,0.9700366,2
0.3962717,1,1,1,1,1,1,1,0.9676263,2
0.3874708,1,1,1,1,1,1,1,0.9654306,2
0.3788874,1,1,1,1,1,1,1,0.9634373,2
0.3705128,1,1,1,1,1,1,1,0.9616352,2
0.3623388,1,1,1,1,1,1,1,0.9600142,2
0.3543579,1,1,1,1,1,1,1,0.9585649,2
0.3465624,1,1,1,1,1,1,1,0.9572785,2
0.3588212,1,1,1,1,1,1,1,0.9561466,2
0.3891978,1,1,1,1,1,1,1,0.9555256,2
0.420332,1,1,1,1,1,1,1,0.9556729,2
0.4521401,1,1,1,1,1,1,1,0.9565048,2
0.4845526,1,1,1,1,1,1,1,0.9579517,2
0.5174799,1,1,1,1,1,1,1,0.9599544,2
0.5508398,1,1,1,1,1,1,1,0.9624617,2
0.5845495,1,1,1,1,1,1,1,0.9654301,2
0.6185274,1,1,1,1,1,1,1,0.9688225,1
0.6527011,1,1,1,1,1,1,1,0.9726046,1
0.686982,1,1,1,1,1,1,1,0.9767483,1
0.7213032,1,1,1,1,1,1,1,0.9812281,1
1,1,1,1,1,1,1,1,0.9860214,1
1,1,1,1,1,1,1,1,0.9945628,1
1,1,1,1,1,1,1,1,1,1
1,1,1,1,1,1,1,1,1,1
1,1,1,1,1,1,1,1,1,1
1,1,1,1,1,1,1,1,1,1
1,1,1,1,1,1,1,1,1,1
1,1,1,1,1,1,1,1,1,1
1,1,1,1,1,1,1,1,1,1
1,1,1,1,1,1,1,1,1,1
1,1,1,1,1,1,1,1,1,1
1,1,1,1,1,1,1,1,1,1
1,1,1,1,1,1,1,1,1,1
1,1,1,1,1,1,1,1,1,1
1,1,1,1,1,1,1,1,1,1
1,1,1,1,1,1,1,1,1,1
1,1,1,1,1,1,1,1,1,1
1,1,1,1,1,1,1,1,1,1
1,1,1,1,1,1,1,1,1,1
1,1,1,1,1,1,1,1,1,1
1,1,1,1,1,1,1,1,1,1
1,1,1,1,1,1,1,1,1,1
1,1,1,1,1,1,1,1,1,1
1,1,1,1,1,1,1,1,1,1
1,1,1,1,1,1,1,1,1,1
1,1,1,1,1,1,1,1,1,1
1,1,1,1,1,1,1,1,1,1
1,1,1,1,1,1,1,1,1,1
1,1,1,1,1,1,1,1,1,1
1,1,1,1,1,1,1,1,1,1
1,1,1,1,1,1,1,1,1,1
1,1,1,1,1,1,1,1,1,1
1,1,1,1,1,1,1,1,1,1
1,1,1,1,1,1,1,1,1,1
1,1,1,1,1,1,1,1,1,1
1,1,1,1,1,1,1,1,1,1
1,1,1,1,1,1,1,1,1,1
1,1,1,1,1,1,1,1,1,1
1,1,1,1,1,1,1,1,1,1
1,1,1,1,1,1,1,1,1,1
1,1,1,1,1,1,1,1,1,1
1,1,1,1,1,1,0.995145,1,1,1
1,1,1,1,1,1,0.9866918,1,1,1
1,1,1,1,1,1,0.9782888,1,1,1
1,1,1,1,1,1,0.9699348,1,1,1
1,1,1,1,1,1,0.9616354,1,1,1
1,1,1,1,1,1,0.9533873,1,1,1
1,1,1,1,1,1,0.9451966,1,1,1
1,1,1,1,1,1,0.9370637,1,1,1
1,1,1,1,1,1,0.928992,1,1,1
1,1,1,1,1,1,0.9209825,1,1,1
1,1,1,1,1,1,0.9130392,1,1,1
1,1,1,1,1,1,0.9051631,1,1,1
1,1,1,1,1,1,0.8973616,1,1,0
1,1,1,1,1,1,0.8896365,1,1,0
1,1,1,1,1,1,0.8819892,1,1,0
1,1,1,1,1,1,0.8744243,1,1,0
1,1,1,1,1,1,0.8669468,1,1,0
1,1,1,1,1,1,0.8595584,1,1,0
1,1,1,1,1,1,1,1,1,1
1,1,1,1,1,1,1,0.8539872,1,0
1,1,1,1,1,1,1,0.8444473,1,0
1,1,1,1,1,1,1,0.8349236,1,0
1,1,1,1,1,1,1,0.8254272,1,0
1,1,1,1,1,1,1,0.8159721,1,0
1,1,1,1,1,1,1,0.8065661,1,0
1,1,1,1,1,1,1,0.7972206,1,0
1,1,1,1,1,1,1,0.7879466,1,0
1,1,1,1,1,1,1,0.7787554,1,0
1,1,1,1,1,1,1,0.7696581,1,0
1,1,1,1,1,1,1,0.7606658,1,0
1,1,1,1,1,1,1,0.7517895,1,0
1,1,1,1,1,1,1,0.7430398,1,0
1,1,1,1,1,1,1,0.7344276,1,0
1,1,1,1,1,1,1,0.7259663,1,0
1,1,1,1,1,1,1,0.7176631,1,0
1,1,1,1,1,1,1,0.7095309,1,0
1,1,1,1,1,1,1,0.7015794,1,0
1,1,1,1,1,1,1,0.693818,1,0
1,1,1,1,1,1,1,0.6862558,1,0
1,1,1,1,1,1,1,0.6789014,1,0
1,1,1,1,1,1,1,0.6717631,0.7547961,0
1,1,1,1,1,1,1,0.6648053,0.7396164,0
1,1,1,1,1,1,1,1,0.7252399,0
1,1,1,1,1,1,1,1,0.7148603,0
1,1,1,1,1,1,1,1,0.7046113,0
1,1,1,1,1,1,1,1,0.6945074,0
1,1,1,1,1,1,1,1,0.6845663,0
1,1,1,1,1,1,1,1,0.6748021,0
1,1,1,1,1,1,1,1,0.6652314,0
1,1,1,1,1,1,1,1,0.6558646,0
1,1,1,1,1,1,1,1,0.6467206,0
1,1,1,1,1,1,1,1,0.6378121,0
1,1,1,1,1,1,1,1,0.6291508,0
1,1,1,1,1,1,1,1,0.6207512,0
1,1,1,1,1,1,1,1,0.6126274,0
1,1,1,1,1,1,1,1,0.6047896,0
1,1,1,1,1,1,1,1,0.5972508,0
1,1,1,1,1,1,1,1,0.5900201,0
1,1,1,1,1,1,1,1,0.6233359,0
1,1,1,1,1,1,1,1,0.7164253,0
1,1,1,1,1,1,1,1,0.8089586,0
1,1,1,1,1,1,1,0.9719597,0.8948439,0
1,1,1,1,1,1,1,0.9690077,1,1
1,1,1,1,1,1,1,0.964979,1,1
1,1,1,1,1,1,1,0.9610043,1,1
1,1,1,1,1,1,1,0.9570861,1,1
1,1,1,1,1,1,1,0.953224,1,1
1,1,1,1,1,1,1,0.9494179,1,1
1,1,1,1,1,1,1,0.9456704,1,1
1,1,1,1,1,1,1,0.9419848,1,1
1,1,1,1,1,1,1,0.9383606,1,1
1,1,1,1,1,1,1,0.9347976,1,1
1,1,1,1,1,1,1,0.931299,1,1
1,1,1,1,1,1,1,0.927868,1,1
1,1,1,1,1,1,1,0.9245009,1,1
1,1,1,1,1,1,1,0.9212012,1,1
1,1,1,1,1,1,1,0.9179719,1,1
1,1,1,1,1,1,1,0.9148129,1,1
1,1,1,1,1,1,1,0.9117243,1,1
1,1,1,1,1,1,1,0.9087092,1,1
1,1,1,1,1,1,1,0.9057674,1,1
1,1,1,1,1,1,1,0.9028993,1,1
1,1,1,1,1,1,1,0.9001077,1,1
1,1,1,1,1,1,1,0.8973927,1,1
1,1,1,1,1,1,1,0.8947574,1,1
1,1,1,1,1,1,1,0.8921987,1,0
1,1,1,1,1,1,1,0.8897195,1,0
1,1,1,1,1,1,1,0.887323,1,0
1,1,1,1,1,1,1,1,1,1
1,1,1,1,1,1,1,1,1,1
1,1,1,1,1,1,1,1,1,1
1,1,1,1,1,1,1,1,1,1
1,1,1,1,1,1,1,1,1,1
1,1,1,1,1,1,1,1,1,1
1,1,1,1,1,1,1,1,1,1
1,1,1,1,1,1,1,1,1,1
1,1,1,1,1,1,1,1,0.8097553,0
1,1,1,1,1,1,1,1,0.8057327,0
1,1,1,1,1,1,1,1,0.8018317,0
1,1,1,1,1,1,1,1,0.7980555,0
1,1,1,1,1,1,1,1,0.7944126,0
1,1,1,1,1,1,0.9822841,1,0.790903,0
1,1,1,1,1,1,0.9704269,1,0.7875201,0
1,1,1,1,1,1,0.9764956,1,0.784289,0
1,1,1,1,1,1,0.9828838,1,0.7812266,0
1,1,1,1,1,1,0.9895858,1,0.7783314,0
1,1,1,1,1,1,0.9966002,1,0.7756041,0
1,1,1,1,1,1,1,1,0.7730396,0
1,1,1,1,1,1,1,1,0.7706362,0
1,1,1,1,1,1,1,1,0.7683952,0
1,1,1,1,1,1,1,1,0.7663211,0
1,1,1,1,1,1,1,1,0.7644151,0
1,1,1,1,0.9932961,1,1,1,0.7626818,0
1,1,1,1,0.9812359,1,1,1,0.7611245,0
1,1,1,1,0.9692729,1,1,1,1,1
1,1,1,1,0.9592276,1,1,1,1,1
1,1,1,1,0.9491684,0.9975086,1,1,1,1
1,1,1,1,0.939089,0.9868342,1,1,1,1
1,1,1,1,0.928968,0.9760739,1,1,1,1
1,1,1,1,0.918807,0.9652313,1,1,1,1
1,1,1,1,0.9086076,0.9543093,1,1,1,1
1,1,1,1,0.8983719,0.9433123,1,1,1,1
1,1,1,1,0.8881018,0.9322442,1,1,1,1
1,1,1,1,0.8777995,0.9211093,1,1,0.9426709,0
1,1,1,1,0.86709,0.909107,1,0.9900713,0.941256,0
1,1,1,1,0.8563116,0.8969474,1,0.9617565,0.9399617,0
1,1,1,1,0.8680161,0.8844427,1,0.9319086,0.9388707,0
1,1,1,1,0.8990618,0.871672,1,0.9009888,0.9380016,0
1,1,1,1,0.940204,0.8587063,1,0.8693961,0.9373791,0
1,1,1,1,0.993878,0.8455955,1,0.8374075,0.9370305,0
1,1,1,1,1,0.8323922,1,0.8052932,1,0
1,1,1,1,1,0.8197154,0.9238043,0.776005,1,0
1,1,1,1,1,0.8065062,0.9055427,0.7444532,1,0
1,1,1,1,1,0.7931598,0.8868781,0.7243535,1,0
1,1,1,1,1,0.7798291,0.8681399,0.7305936,1,0
1,1,1,1,1,0.7667347,0.8498438,0.7373121,1,0
1,1,1,1,1,0.7538819,0.8320025,0.7444941,1,0
1,1,1,1,1,0.7412717,0.8146219,0.7521183,1,0
1,1,1,1,1,0.7289017,0.7977021,0.7601649,1,0
1,1,1,1,1,0.7167671,0.7812386,0.7686121,1,0
1,1,1,1,1,0.7689247,0.7652223,0.7774283,1,0
1,1,1,1,1,0.8319254,0.7497936,0.7862678,1,0
1,1,1,1,1,0.90237,0.734907,0.7950732,1,0
1,1,1,1,1,0.9811693,0.7205087,0.8038112,1,0
1,1,1,1,1,1,0.7065501,0.8124478,0.9577073,0
1,1,1,1,1,1,0.6924305,0.8225781,0.8919008,0
1,1,1,1,1,1,0.6779634,0.8351495,0.8253573,0
1,1,1,1,1,1,0.6632838,1,0.75971,0
1,1,1,1,1,1,0.6495029,1,0.7042595,0
1,1,1,1,1,1,0.6355686,1,0.6495146,0
1,1,1,1,1,1,0.621595,1,0.653998,0
1,1,1,1,1,1,0.6080748,1,0.6608993,0
1,1,1,1,1,1,0.5949923,0.7489884,0.6681626,0
1,1,1,1,1,1,0.6104807,0.7237381,0.6771529,0
1,1,1,1,1,1,0.6784488,0.6996862,0.6868626,0
1,1,1,1,1,1,0.7620683,0.6767548,0.6973251,0
1,1,1,1,1,1,0.8669383,0.6548724,0.7085729,0
1,1,1,1,1,1,1,0.6344382,0.7201568,0
1,1,1,1,1,1,1,0.6153547,0.7319327,0
1,1,1,1,1,1,1,0.5971224,0.7442869,0
1,1,1,1,1,1,1,0.5796951,0.7571963,0
1,1,1,1,1,1,1,0.5630255,0.7706274,0
1,1,1,1,1,1,1,0.5470663,1,0
1,1,1,1,1,1,1,0.5338072,1,0
1,1,1,1,1,1,1,0.5207309,1,0
1,1,1,1,1,1,1,0.507841,1,0
1,1,1,1,1,1,1,0.4951398,1,0
1,1,1,1,1,1,1,0.4826287,0.6903893,0
1,1,1,1,1,1,1,0.4681174,0.6600031,0
1,1,1,1,1,1,1,0.4906368,0.6308931,0
1,1,1,1,1,1,1,0.5262386,0.603538,0
1,1,1,1,1,1,1,0.5657014,0.5779551,0
1,1,1,1,1,1,1,0.6094011,0.5540215,0
1,1,1,1,1,1,1,0.6577487,0.5316137,0
1,1,1,1,1,1,1,0.711193,0.5106112,0
1,1,1,1,1,1,1,1,0.4908969,0
1,1,1,1,1,1,1,1,0.4735267,0
1,1,1,1,1,1,1,1,0.4566948,0
1,1,1,1,1,1,1,1,0.4404052,0
1,1,1,1,1,1,1,1,0.4246585,0
1,1,1,1,1,1,1,1,0.4176184,0
1,1,1,1,1,1,1,1,0.436013,0
1,1,1,1,1,1,1,1,0.4549697,0
1,1,1,1,1,1,1,1,0.4744625,0
1,1,1,1,1,1,1,1,0.4944513,0
1,1,1,1,1,1,1,1,0.5148965,0
1,1,1,1,1,1,1,1,0.5357552,0
1,1,1,1,1,1,1,1,0.5569808,0
1,1,1,1,1,1,1,1,0.5785292,0
1,1,1,1,1,1,1,1,0.6003414,0
1,1,1,1,1,1,1,1,0.6223677,0
1,1,1,1,1,1,1,1,0.6445569,0
1,1,1,1,1,1,1,1,0.6668435,0
1,1,1,1,1,1,1,1,1,1
1,1,1,1,1,1,1,1,1,1
1,1,1,1,1,1,1,1,1,1
1,1,1,1,1,1,1,1,1,1
1,1,1,1,1,1,1,1,1,1
1,1,1,1,1,1,1,1,1,1
1,1,1,1,1,1,1,1,1,1
1,1,1,1,1,1,1,1,1,1
1,1,1,1,1,1,1,1,1,1
1,1,1,1,1,1,1,1,1,1
1,1,1,1,1,1,1,1,1,1
1,1,1,1,1,1,1,1,1,1
1,1,1,1,1,1,1,1,1,1
1,1,1,1,1,1,1,1,1,1
1,1,1,1,1,1,1,1,1,1
1,1,1,1,1,1,1,1,1,1
1,1,1,1,1,1,0.9980976,1,1,1
1,1,1,1,1,1,0.9905683,1,1,1
1,1,1,1,1,1,0.9829992,1,1,1
1,1,1,1,1,1,0.9753906,1,1,1
1,1,1,1,1,1,0.9677421,1,1,1
1,1,1,1,1,1,0.960054,1,1,1
1,1,1,1,1,1,0.9523264,1,1,1
1,1,1,1,1,1,0.9445597,1,1,1
1,1,1,1,1,1,0.9367542,1,1,1
1,1,1,1,1,1,0.9289104,1,1,1
1,1,1,1,1,1,0.9210285,1,1,1
1,1,1,1,1,1,0.9131095,1,1,1
1,1,1,1,1,1,0.9051539,1,1,1
1,1,1,1,1,1,0.8971621,1,1,1
1,1,1,1,1,1,0.8891351,1,1,1
1,1,1,1,1,1,0.8810738,1,1,1
1,1,1,1,1,1,0.8729789,1,1,1
1,1,1,1,1,1,0.8648514,1,1,1
1,1,1,1,1,1,0.8566923,1,1,1
1,1,1,1,1,1,0.8485023,1,1,1
1,1,1,1,1,1,0.8402828,1,1,1
1,1,1,1,1,1,0.8320349,1,1,1
1,1,1,1,1,1,0.8237594,0.7856156,1,1
1,1,1,1,1,1,0.8157378,0.7784383,1,1
1,1,1,1,1,1,0.8077009,0.771255,1,1
1,1,1,1,1,1,0.7996498,0.7640653,1,1
1,1,1,1,1,1,0.7915851,0.7568685,1,1
1,1,1,1,1,1,0.7835076,0.7496639,1,1
1,1,1,1,1,1,0.7754185,0.7424515,1,1
1,1,1,1,1,1,0.7673182,0.7352305,1,1
1,1,1,1,1,1,0.7592078,0.7280003,1,1
1,1,1,1,1,1,0.7510882,0.7207607,1,1
1,1,1,1,1,1,0.7429598,0.7135109,1,1
1,1,1,1,1,1,0.7348236,0.7062507,1,1
1,1,1,1,1,1,0.7266805,0.6989796,1,1
1,1,1,1,1,1,0.7185309,0.691697,1,1
1,1,1,1,1,1,0.7103757,0.6844026,1,1
1,1,1,1,1,1,0.7022154,0.677096,1,1
1,1,1,1,1,1,0.6940508,0.6697768,1,1
1,1,1,1,1,1,0.6858825,0.6624447,1,1
1,1,1,1,1,1,0.677711,0.655099,1,1
1,1,1,1,0.9953302,1,0.6695366,0.6477397,1,1
1,1,1,1,0.9835474,1,0.6613334,0.6403776,1,1
1,1,1,1,0.9715099,1,0.6530637,0.633029,1,1
1,1,1,1,0.9592341,1,0.6447301,0.6256912,1,1
1,1,1,1,0.9467372,1,0.6363357,0.6183619,1,1
1,1,1,1,0.9340382,1,0.6278844,0.6110388,1,1
1,1,1,1,0.9211567,1,0.6193799,0.6037198,1,1
1,1,1,1,0.9081131,1,0.6108261,0.5964024,1,1
1,1,1,1,0.8949283,1,0.6022273,0.5890844,1,2
1,1,1,1,0.8816234,1,0.593588,0.5817634,1,2
1,1,1,1,0.8682199,1,0.5849124,0.5744373,1,2
1,1,1,1,0.8596427,1,0.5762047,0.5671034,1,2
1,1,1,0.9982002,0.8548048,1,0.5674888,0.5597461,1,2
1,1,1,0.9806692,0.850012,1,0.5587729,0.5523593,1,2
1,1,1,0.96275,0.8457875,1,0.5499886,0.5449924,1,2
1,1,1,0.9445221,0.8421075,1,0.5411454,0.5376406,1,2
1,1,1,0.9260634,0.8389521,1,0.5322524,0.5302985,1,2
1,1,1,0.9074486,0.8362905,1,0.5233184,0.5229606,1,2
1,1,1,0.8887485,0.8341011,1,0.5143522,0.5156217,1,2
1,1,1,0.8700283,0.8323512,1,0.5053615,0.5082759,1,2
1,1,1,0.851348,0.8310122,1,0.4963535,0.5009175,1,2
1,1,1,0.8327602,0.8300551,1,0.4873345,0.4935402,1,2
1,1,1,0.8143121,0.8294495,1,0.4783099,0.4861381,1,2
1,1,1,0.7960435,0.8291596,1,0.4692841,0.4787047,1,2
1,1,1,0.7779883,0.8291489,1,0.4602609,0.4712338,1,2
1,1,1,0.7601734,0.8293861,1,0.4512429,0.463719,1,2
1,1,1,0.7426206,0.8298289,1,0.442232,0.456154,1,2
1,1,1,0.7253456,0.8304466,1,0.4332293,0.4485331,1,2
1,1,0.9725439,0.7083598,0.8312032,1,0.4242355,0.4408504,0.5699785,1
1,1,0.9613717,0.6988532,0.8173472,1,0.4159146,0.431629,0.5570607,1
1,1,0.9489586,0.6888235,0.8045524,1,0.4075594,0.4225414,0.5446137,1
1,1,0.9353226,0.6782786,0.7927709,1,0.3991659,0.4135745,0.5326006,1
1,1,0.9205009,0.6672339,0.7819566,1,0.3907315,0.4047152,0.520985,1
1,1,0.9045515,0.6557125,0.7720648,1,0.3822544,0.3959508,0.5097302,1
1,1,0.8875505,0.6437439,0.7630514,1,0.3737345,0.387269,0.4987999,1
1,1,0.8695908,0.6313645,0.7548781,1,0.3651724,0.3786577,0.4881579,1
1,1,0.8507792,0.6186157,0.7474947,1,0.3565697,0.3701051,0.4777671,1
1,1,0.831233,0.6055435,0.7408556,1,0.3479286,0.3615993,0.467591,1
1,1,0.8110765,0.5921963,0.7349087,1,0.3392521,0.3531291,0.4575923,1
1,1,0.7904354,0.5786241,0.7296115,1,0.3305431,0.3446828,0.4477337,2
1,1,0.7694362,0.5733279,0.7249027,1,0.321805,0.3362493,0.4379784,2
1,1,0.7484701,0.5684742,0.7204486,1,1,0.3277933,0.4281956,1
1,1,0.7312648,0.5615921,0.7122818,1,1,0.3189709,0.4170693,1
1,1,0.7136745,0.5549733,0.704587,1,1,0.3101727,0.4060585,1
1,1,0.6957728,0.5485973,0.6973232,1,1,0.3013902,0.3951348,1
1,1,0.6776305,0.5424352,0.6904395,1,1,0.2926145,0.3842708,1
1,1,0.6593146,0.5364686,0.6838988,1,1,0.2838383,0.3734412,1
1,1,0.6408878,0.5306705,0.6776539,1,1,0.2750542,0.3626223,1
1,1,0.6224062,0.5250201,0.6716655,1,1,0.2662553,0.3517914,1
1,1,0.6039212,0.5194932,0.6658905,1,1,0.2574357,0.3409281,1
1,1,0.5854768,0.514071,0.6602933,1,1,0.2485895,0.3300131,1
1,1,0.5671123,0.5087319,0.6548349,1,1,0.2397119,0.3190297,1
1,1,0.54886,0.5034603,0.6494844,1,1,0.2307984,0.3079622,1
1,1,0.5307469,0.4982323,0.6442009,1,1,0.2218449,0.2967971,1
1,1,0.512794,0.4930355,0.6389585,1,1,0.2128483,0.2855224,1
1,1,0.4950183,0.4878539,0.6337275,1,1,0.2038057,0.2741282,1
1,1,0.4774315,0.4826733,0.6284807,1,1,0.1947148,0.2626061,1
1,1,0.4600418,0.4774764,0.6231874,1,1,0.1855741,0.2509494,1
1,1,0.4428532,0.4722567,0.6178326,1,1,0.1763823,0.2391533,1
1,1,0.4258675,0.4670002,0.6123906,1,1,0.1671387,0.2272143,1
1,1,0.4090835,0.461704,0.6068518,1,1,0.1606365,0.2151304,1
1,1,0.3924752,0.4563776,0.6012403,1,1,0.171296,0.2029104,1
1,1,0.3759063,0.4511862,0.5958703,1,1,0.1815806,0.1906077,1
1,1,0.3594091,0.4461018,0.5906901,1,1,0.1915071,0.1782028,2
1,1,0.3430097,0.4411052,0.5856608,1,1,0.2010872,0.1656799,2
1,1,0.3318609,0.4361692,0.580734,1,1,0.2103493,0.1530247,2
1,1,0.327295,0.4311811,0.575684,1,1,0.2193914,0.1402006,1
1,1,0.3226608,0.4260062,0.5702475,1,1,0.2283527,0.1271808,1
1,1,0.3179696,0.4206686,0.5644677,1,1,0.2372349,0.1280466,1
1,0.6769241,0.3133454,0.4154467,0.5588993,1,1,0.2457964,0.1333543,2
1,0.5996927,0.3123778,0.4183412,0.5696694,1,1,0.2466113,0.13687,2
1,0.5294805,0.3120049,0.4225197,0.58335,1,1,0.2465005,0.1399857,2
1,0.466603,0.3121198,0.4277778,0.5996907,1,1,0.2458346,0.1427789,2
1,0.4106821,0.3126256,0.4339223,0.6184472,1,1,0.2448837,0.1453113,2
1,0.3609897,0.3134241,0.4407581,1,1,1,0.2438476,0.1476404,2
1,0.3212426,0.3126819,0.4438642,1,1,1,0.2451377,0.1504135,2
1,0.2838168,0.3122772,0.4477579,1,1,1,0.2460122,0.1529718,2
1,1,1,1,1,1,1,1,1,1
1,1,1,1,1,1,1,1,0.8467487,0
1,1,1,1,1,1,1,1,1,1
1,1,1,1,1,1,1,1,1,1
1,1,1,1,1,1,1,1,1,1
1,1,1,1,1,1,1,1,1,1
1,1,1,1,1,1,1,1,1,1
1,1,1,0.992676,1,1,1,1,1,1
1,1,1,0.9825007,1,1,1,1,1,1
1,1,1,0.972312,1,1,1,1,1,1
1,1,1,0.9621103,1,1,1,1,1,1
1,1,1,0.9518963,1,1,1,1,1,1
1,1,1,0.9416704,1,1,1,1,1,1
1,1,1,0.9314331,1,1,1,1,1,1
1,1,1,0.921185,1,1,1,1,1,1
1,1,1,0.9109268,1,1,1,1,1,1
1,1,1,0.9006591,1,1,1,1,1,1
1,1,1,0.8903826,1,1,1,1,1,1
1,1,1,0.8800977,1,1,1,1,1,1
1,1,1,0.8698055,1,1,1,1,1,1
1,1,1,0.8595063,1,1,1,1,1,1
1,1,1,0.8492011,1,1,1,1,1,1
1,1,1,0.8388904,1,1,1,1,1,1
1,1,1,0.8285751,1,1,1,1,1,1
1,1,1,0.8182557,1,1,1,1,1,1
1,1,1,0.807933,1,1,1,1,1,1
1,1,1,0.7976077,1,1,1,1,1,1
1,1,1,0.7872809,1,1,1,1,1,1
1,1,1,0.7769528,1,1,1,1,1,1
1,1,1,0.7666242,1,1,1,1,1,1
1,1,1,0.756296,1,1,1,1,1,1
1,1,1,0.745969,1,1,1,1,1,1
1,1,1,0.7356433,1,1,1,1,1,1
1,1,1,0.7253199,1,1,1,1,1,1
1,1,1,0.7149993,1,1,1,1,1,1
1,1,1,0.7046822,1,1,1,1,1,1
1,1,1,0.694369,1,1,1,1,1,1
1,1,1,0.6840603,1,1,1,1,1,1
1,1,1,0.6737568,1,1,1,1,1,1
1,1,1,0.6634586,1,1,1,1,1,1
1,1,1,0.6531664,1,1,1,1,1,1
1,1,0.6917731,0.6428809,1,1,1,1,1,2
1,1,0.6788669,0.632167,1,1,1,1,1,2
1,1,0.6660546,0.630233,1,1,1,1,1,2
1,1,0.653353,0.6730991,1,1,1,1,1,2
1,1,0.6408189,0.7207471,1,1,1,1,1,2
1,1,0.6284434,0.7737988,1,1,1,1,1,2
1,1,0.6162176,1,1,1,1,1,1,2
1,1,0.6042866,1,1,1,1,1,1,2
1,1,0.5924114,1,1,1,1,1,1,2
1,1,0.5805942,1,1,1,1,1,1,2
1,1,0.5688376,1,1,1,1,1,1,2
1,1,0.5571433,1,1,1,1,1,1,2
1,1,0.5455132,1,1,1,1,1,1,2
1,1,0.5339485,1,1,1,1,1,1,2
1,1,0.5224503,1,1,1,1,1,1,2
1,1,0.5110196,1,1,1,1,1,1,2
1,1,0.4996573,1,1,1,1,1,1,2
1,1,0.4883633,1,1,1,1,1,1,2
1,1,0.4771382,1,1,1,1,1,1,2
1,1,0.465982,1,1,1,1,1,1,2
1,1,0.454894,1,1,1,1,1,1,2
1,1,0.4438741,1,1,1,1,1,1,2
1,1,0.4329213,1,1,1,1,1,1,2
1,1,0.4220354,1,1,1,1,1,1,2
1,1,0.4259139,1,1,1,1,1,1,2
1,1,0.4439189,1,1,1,1,1,1,2
1,1,0.4624423,1,1,1,1,1,1,2
1,0.4707796,0.4814657,1,1,1,1,1,1,2
1,0.4516751,0.5330858,1,1,1,1,1,1,2
1,0.4335434,1,1,1,1,1,1,1,2
1,0.4172705,1,1,1,1,1,1,1,2
1,0.4014114,1,1,1,1,1,1,1,2
1,0.3859617,1,1,1,1,1,1,1,2
1,0.3709159,1,1,1,1,1,1,1,2
1,0.3562663,1,1,1,1,1,1,1,2
1,0.3420028,1,1,1,1,1,1,1,2
1,0.3281156,1,1,1,1,1,1,1,2
1,0.3145925,1,1,1,1,1,1,1,2
1,0.3014215,1,1,1,1,1,1,1,2
0.4241082,0.3127297,1,1,1,1,1,1,1,2
0.3977638,0.3342211,1,1,1,1,1,1,1,2
0.3730938,0.3581509,1,1,1,1,1,1,1,2
0.3499513,0.3848841,1,1,1,1,1,1,1,2
0.3282062,0.4148379,1,1,1,1,1,1,1,2
0.3077421,0.9014411,1,1,1,1,1,1,1,2
0.2884566,0.9642447,1,1,1,1,1,1,1,2
0.2702578,1,1,1,1,1,1,1,1,2
0.2672344,1,1,1,1,1,1,0.707004,1,2
0.2775694,1,1,1,1,1,1,0.7007309,1,2
0.2879896,1,1,1,1,1,1,0.6945301,1,2
0.2984659,1,1,1,1,1,1,1,1,2
0.3137135,1,1,1,1,1,1,0.6812086,1,2
0.324404,1,1,1,1,1,1,0.6751519,1,2
0.3350399,1,1,1,1,1,1,1,1,2
0.3515544,1,1,1,1,1,1,0.662254,1,1
0.3621643,1,1,1,1,1,1,1,1,2
0.3795666,1,1,1,1,1,1,1,1,2
0.7384316,1,1,1,1,1,1,0.6428977,1,0
0.7330905,1,1,1,1,1,1,1,1,2
0.7192797,1,1,1,1,1,1,1,1,2
0.7147985,1,1,1,1,1,1,1,1,2
0.7321533,1,1,1,1,1,1,1,1,2
0.7494591,1,1,1,1,1,1,1,1,2
0.7666823,1,1,1,1,1,1,1,1,2
0.7837845,1,1,1,1,1,1,1,1,2
0.8007391,1,1,1,1,1,1,1,1,2
0.8175093,1,1,1,1,1,1,1,1,2
0.8340656,1,1,1,1,1,1,1,1,1
0.8503787,1,1,1,1,1,1,1,1,1
0.8664169,1,1,1,1,1,1,1,1,1
0.8821599,1,1,1,1,1,1,1,1,1
0.8975838,1,1,1,1,1,1,1,1,1
0.9126674,1,1,1,1,1,1,1,1,1
0.9273906,0.998746,1,1,1,1,1,1,0.6029544,0
0.9209362,0.9931449,1,1,1,1,1,1,0.5918644,0
0.9143265,0.9876558,1,1,1,1,1,1,0.5810528,0
0.9076155,0.9822822,1,1,1,1,1,1,0.5705259,0
0.9008409,0.9770277,1,1,1,1,1,1,0.560295,0
0.8940408,0.9718944,1,1,1,1,1,1,0.5503667,0
0.8872495,0.9668841,1,1,1,1,1,1,0.5407462,0
0.8804963,0.9619974,1,1,1,1,1,1,0.5314375,0
0.8738112,0.9572346,1,1,1,1,1,1,0.5224404,0
0.8672155,0.9525949,1,1,1,1,1,1,0.5137568,0
0.8607224,0.9480774,1,1,1,1,1,1,0.5601071,0
0.8564081,0.94304,1,1,1,1,1,1,0.6113108,0
0.8542584,0.9373686,1,1,1,1,1,1,0.6622902,0
0.854112,0.9310247,1,1,1,1,1,1,0.9838897,2
0.8657963,0.9206498,1,1,1,1,1,1,0.9988483,2
0.8780146,0.9102411,1,1,1,1,1,1,1,2
0.8902445,0.899972,1,1,1,1,1,1,1,2
0.9024254,0.8898485,1,1,1,1,1,1,1,1
0.9145452,0.8798624,1,1,1,1,1,1,1,1
0.9265878,0.8700063,1,1,1,1,1,1,1,1
0.9385376,0.8602723,1,1,1,1,1,1,1,1
0.9503802,0.8506532,1,1,1,1,1,1,1,1
0.9621059,0.8653248,1,1,1,1,1,1,1,1
0.9733781,0.8927671,1,1,1,1,1,1,1,1
1,0.9187077,1,1,1,1,1,1,1,1
1,0.9416305,1,1,1,1,1,1,1,1
1,0.9638246,1,1,1,1,1,1,1,1
1,0.9852474,1,1,1,1,1,1,1,1
1,1,1,1,1,1,1,1,1,1
0.9934996,1,1,1,1,1,1,1,1,1
0.9823195,1,1,1,1,1,1,1,1,1
0.9708856,1,1,1,1,1,1,1,1,1
0.9592045,1,1,1,1,1,1,1,1,1
0.9472844,1,1,1,1,1,1,1,1,1
0.9351354,1,1,1,1,1,1,1,1,1
0.922768,1,1,1,1,1,1,1,1,1
0.9101952,1,1,1,1,1,1,1,1,1
0.8974301,1,1,1,1,1,1,1,1,1
0.8844885,1,1,1,1,1,1,1,1,1
0.8713865,1,1,1,1,1,1,1,1,1
0.8581411,1,1,1,1,1,1,1,1,1
0.8447707,1,1,1,1,1,1,1,1,1
0.8312942,1,1,1,1,1,1,1,1,2
0.8177317,1,1,0.9940782,1,1,1,1,1,2
0.8041726,1,1,0.9873549,1,1,1,1,1,2
0.7906419,1,1,0.9807544,1,1,1,1,1,2
0.7771536,1,1,0.9742761,1,1,1,1,1,2
0.7637206,1,1,0.9679195,1,1,1,1,1,2
0.7503563,1,1,0.9616838,1,1,1,1,1,2
0.7370729,1,1,0.9555674,1,1,1,1,1,2
0.723883,1,1,0.949569,1,1,1,1,1,2
0.7107973,1,1,0.9436867,1,1,1,1,1,2
0.7049718,1,1,0.9379181,1,1,1,1,1,2
0.7215039,1,1,0.9321679,1,1,1,1,1,2
0.7378016,1,1,0.9261431,1,1,1,1,1,2
0.7538139,1,1,0.9198388,1,1,1,1,1,2
0.7694966,1,1,0.9132527,1,1,1,1,1,1
0.7848078,1,1,0.9063835,1,1,1,1,1,1
0.7997027,1,1,0.8992324,1,1,1,1,1,1
0.8141392,1,1,0.8918015,1,1,1,1,1,1
0.8280898,1,1,0.8840946,1,1,1,1,1,1
0.8415187,1,1,0.8761177,1,1,1,1,1,1
0.8544006,1,1,0.8678773,1,1,1,1,1,1
0.8667084,1,1,0.8593818,1,1,1,1,1,1
0.8784299,1,1,0.8506406,1,1,1,1,1,1
0.889547,1,0.9998369,0.841664,1,1,1,1,1,1
0.900048,0.9987432,0.9783196,0.832462,1,1,0.9971017,1,1,1
0.9094712,0.9912851,0.9594323,0.8228785,1,1,0.9906706,1,1,1
0.9177397,0.9839465,0.9432023,0.8129088,1,1,0.9846212,1,1,1
0.9249376,0.9767124,0.9293062,0.8026034,1,1,0.9789224,1,1,1
0.931143,0.9695696,0.9175023,0.7920106,1,1,0.9735532,1,1,0
0.9364473,0.9625071,0.9075695,0.7811766,1,1,0.9684895,0.8754486,1,0
0.93408,0.9564286,0.9181561,0.7678601,1,1,0.9661818,0.8692343,1,0
0.9314292,0.9504048,0.9310174,0.7545975,1,1,0.9641587,0.8631948,1,0
0.9285924,0.9444274,1,0.7414193,1,1,0.9623996,0.8573325,1,0
0.9262603,0.9383842,1,0.7285423,1,1,0.9606269,0.8516251,1,0
0.9236143,0.9324077,1,0.7157021,1,1,1,0.8460993,1,0
0.922479,0.9261569,1,0.7034535,1,1,1,0.8406607,1,0
0.9210869,0.9199485,1,0.6912416,0.7668694,1,1,0.8353758,1,0
0.9132115,0.915144,1,0.6772493,0.7486595,1,1,0.8307098,1,0
0.9054075,0.910478,1,0.6634505,0.7307936,1,1,0.826372,1,0
0.8977599,0.9059356,1,0.6498673,0.7133042,1,1,0.822363,1,0
0.8903418,0.9014982,1,0.6365145,0.6962137,1,1,0.8186775,1,0
0.8832064,0.8971455,1,0.6234016,0.6795358,1,1,0.8153107,0.9921623,0
0.8761181,0.8929537,1,0.6104602,0.6631528,1,1,0.8122948,0.9824985,0
0.8690813,0.88893,1,0.5976898,0.6470614,1,1,0.8096446,0.9732526,0
0.8621775,0.8850506,1,0.585108,0.6312897,1,1,0.8073568,1,0
0.8566363,0.8807696,1,0.5729966,0.6163309,1,1,0.8051487,1,0
0.8514822,0.8764449,1,0.5611051,0.6017532,1,1,0.8031814,1,0
0.8467214,0.8720505,1,0.5494229,0.5875405,0.6526502,1,0.8014311,0.7919766,0
0.8372301,0.8704281,1,0.5368792,0.5717348,0.6319658,1,0.8014832,0.7846962,0
0.8281792,0.8690631,1,0.5279854,0.5563866,0.6120447,1,0.80209,0.7780057,0
0.8195413,0.8679625,1,0.5605311,0.5414699,0.5928379,1,0.8032601,0.7718912,0
0.8112871,0.8671338,1,0.6012329,0.5269603,0.5743001,1,0.8050071,0.7663441,0
0.8033942,0.8665856,1,0.6530213,0.512835,0.55639,1,0.8073428,0.7613534,0
0.795838,0.8663275,1,0.7204534,0.4990732,0.5390695,1,1,0.7569132,0
0.790134,0.8647536,1,1,0.4861235,0.5231264,1,1,0.7530914,0
0.7857108,0.8621219,1,1,0.4737443,0.5081627,1,1,0.74972,0
0.7815788,0.8593729,1,1,0.461606,0.4936065,1,1,0.7466897,0
0.77773,0.8564653,1,1,0.4496934,0.4794347,1,1,0.7439843,0
0.774164,0.8533587,1,1,0.4379905,0.4656239,0.5482792,1,0.7415783,0
0.7679122,0.8544194,1,1,0.4257654,0.4507814,0.5267934,1,0.7396773,0
0.7619025,0.8558377,1,1,0.4460783,0.4363491,0.5061724,1,0.7383031,0
0.7561229,0.8576325,1,1,0.4855716,0.4223035,0.4863575,1,0.737455,0
0.7505589,0.8598245,1,1,0.53645,0.4086231,0.4672954,1,0.7371368,0
0.7452003,0.8624371,0.9354612,1,0.6036604,0.3952876,0.4489371,1,0.7373505,0
0.7404896,0.8643347,0.8827187,1,1,0.3824505,0.4316319,1,0.7379352,0
0.7370372,0.8634833,0.845094,1,1,0.3702955,0.4158309,1,0.7385287,0
0.7339628,0.861832,0.8131629,1,1,0.3584395,0.4006809,1,0.7393141,0
0.7312224,0.8593386,0.7858631,1,1,0.3468427,0.3861023,1,0.7402476,0
0.7287748,0.8559698,0.7623769,1,1,0.3407722,0.372024,1,1,1
0.7293162,0.8422009,0.7628757,1,1,0.3389141,0.3604854,1,1,1
0.7298964,0.8282552,0.7637142,1,1,0.3368233,0.3489903,1,1,1
0.7305151,0.8141524,0.7648726,1,1,0.3345092,0.3375325,1,1,1
0.731172,0.7999114,0.7663326,1,1,0.3319812,0.3261068,1,1,1
0.7318636,0.7855499,0.7680686,1,1,0.3292619,0.3147077,1,1,1
0.732587,0.7710847,0.7700562,1,1,0.3263729,0.3033306,1,1,1
0.7333391,0.7565312,0.7722736,1,1,0.3233348,0.2919711,1,1,1
0.7341205,0.7419041,0.7747079,1,1,0.3201545,0.2806256,0.4166993,1,0
0.7299401,0.7425818,0.7391938,1,1,0.3453108,0.2664306,0.3895192,1,0
0.7262152,0.7423334,0.7091146,1,1,0.3735394,0.2527993,0.3644969,1,0
0.7228849,0.7410776,0.6834301,1,1,0.4050226,0.2396531,0.3412898,1,0
0.7198864,0.7387534,0.6613227,1,1,0.4399675,0.2269228,0.3196124,1,0
0.7171711,0.7353179,0.6421724,1,1,1,0.2145488,0.2992271,1,0
0.7153282,0.7275695,0.6299338,1,1,1,0.2027839,0.2810327,1,0
0.713537,0.7193026,0.6185328,1,1,1,0.1947772,0.2633635,1,0
0.7118034,0.7104352,0.607983,1,1,1,0.1995919,0.2461913,1,0
0.7101587,0.7007633,0.5984623,1,1,1,0.2044398,0.2295209,1,0
0.7085932,0.6902983,0.5898674,1,1,1,0.2092889,0.2132901,1,0
0.7071019,0.6790584,0.5821157,1,1,1,0.2140987,0.197443,1,0
0.7056779,0.6670691,0.5751298,1,1,1,0.2188372,0.1819296,1,0
0.7043122,0.6543614,0.5688357,1,1,1,0.223482,0.1667043,0.3550858,0
0.700695,0.6565028,0.5464686,1,1,1,0.23918,0.1491863,0.3060868,0
0.6972001,0.659113,0.5254861,1,1,1,0.2575874,0.1324745,0.2625378,0
0.6938229,0.66224,0.5057315,1,1,1,0.2792628,0.1236097,0.2235725,0
0.6905588,0.6659395,0.4870698,0.8396708,1,1,0.3049316,0.1288826,0.1884996,0
0.6874033,0.6702762,0.4693843,0.7862194,1,1,0.3355529,0.1347957,0.1567596,0
0.6843553,0.6753262,0.4525784,0.7383321,1,1,1,0.1413995,0.1278963,0
0.6817664,0.6704675,0.4415045,0.7096329,1,1,1,0.1470395,0.1031489,0
0.6792141,0.6639235,0.4313854,0.6845516,1,1,1,0.1528184,0.1046979,0
0.676706,0.6544199,0.4226224,0.6639835,1,1,1,0.1584878,0.1077919,0
0.6742197,0.6419928,0.4150514,0.6471955,1,1,1,0.1639726,0.1108815,0
0.6717442,0.6268185,0.408522,0.6335794,1,1,1,0.1692131,0.1139367,1
0.6692724,0.6091279,0.4029105,0.6226734,1,1,1,0.1741653,0.116936,1
0.6668056,0.5891979,0.3981209,0.6141308,1,1,1,0.1787922,0.1198595,1
0.6643516,0.5673428,0.3940775,0.6076875,1,1,1,0.1830646,0.1226892,1
0.6619201,0.5438952,0.3907143,0.6031313,1,1,1,0.186967,0.1254128,1
0.6595244,0.5191954,0.3879772,0.6002945,1,1,1,0.190492,0.1280195,1
0.6571808,0.4935768,0.3858205,0.5990428,1,1,1,0.1936397,0.1305009,2
0.6549035,0.4673518,0.3842002,0.5992582,1,1,1,0.1964215,0.1328534,2
0.6527078,0.4408046,0.3830779,0.6008427,1,1,1,0.1988539,0.1350746,2
0.6506085,0.414183,0.3824193,0.6037127,1,1,1,0.2009563,0.1371633,2
0.6486139,0.3876961,0.382184,0.6077808,1,1,1,0.2027598,0.1391254,2
0.6467344,0.361511,0.3823398,0.6129776,1,1,1,0.2042907,0.1409639,2
0.6449758,0.3357579,0.3828528,0.6192338,1,1,1,1,0.1426847,2
1,0.303324,0.390894,0.6486522,1,1,1,1,0.1432415,2
1,0.2770248,0.3951909,1,1,1,1,1,0.1442373,2
1,0.2600275,0.3969715,1,1,1,1,1,0.1454784,2
1,0.2595278,0.3990919,1,1,1,1,1,0.1466163,2
1,0.2590647,0.4011804,1,1,1,1,1,0.1476991,2
1,0.2586358,0.4032343,1,1,1,1,1,0.1487288,2
1,0.2582391,0.4052512,1,1,1,1,1,0.1497074,2
0.5863995,0.2578722,0.407229,1,1,1,1,1,0.150637,2
0.4462194,0.2602188,0.4193589,1,1,1,1,1,0.1505049,2
0.3386289,0.2630065,0.4329828,1,1,1,1,1,0.1502168,2
0.2533975,0.2662532,0.4482758,1,1,1,1,1,1,2
0.2190439,0.2699867,0.4654576,1,1,1,1,1,1,2
0.219924,0.2742299,0.484775,1,1,1,1,1,1,2
0.2211284,0.2790164,0.5065373,1,1,1,1,1,1,2
0.2226634,0.2843793,1,1,1,1,1,1,1,2
0.2245331,0.2903514,1,1,1,1,1,1,1,2
0.226749,0.2969781,1,1,1,1,1,1,1,2
0.2293174,0.3043008,1,1,1,1,1,1,1,2
0.2322487,0.312371,1,1,1,1,1,1,0.9965895,2
0.235558,0.3212503,1,1,1,1,1,1,0.9922591,2
0.239255,0.3309988,1,1,1,1,1,1,0.9881786,2
0.2433508,0.3416842,1,1,1,1,1,1,0.9843447,2
0.2478646,0.3533927,1,1,1,1,1,1,0.9807488,2
0.2528104,0.3662118,1,1,1,1,1,1,0.9773886,2
0.2582076,0.380246,1,1,1,1,1,1,0.9742593,2
0.2640772,0.3956144,1,1,1,1,1,1,0.9713567,2
0.2704389,0.4124475,1,1,1,1,1,1,0.96868,2
0.2773178,1,1,1,1,1,1,1,0.9662254,2
0.2847383,1,1,1,1,1,1,1,0.9639931,2
0.2927307,1,1,1,1,1,1,1,0.9619802,2
0.3013283,1,1,1,1,1,1,1,0.9601846,2
0.3105642,1,1,1,1,1,1,1,0.958607,2
0.3204746,1,1,1,1,1,1,1,0.9572493,2
0.3310373,1,1,1,1,1,1,1,0.9560725,2
0.3421229,1,1,1,1,1,1,1,0.9549861,2
0.3537255,1,1,1,1,1,1,1,0.9539527,2
0.3658327,1,1,1,1,1,1,1,0.9529393,2
1,1,1,1,1,1,1,1,0.9519154,1
1,1,1,1,1,1,1,1,0.9466112,1
1,1,1,1,1,1,1,1,0.9412867,1
1,1,1,1,1,1,1,1,0.9359469,1
1,1,1,1,1,1,1,1,0.9305968,1
1,1,1,1,1,1,1,1,0.9252387,1
1,1,1,1,1,1,1,1,0.9198778,1
1,1,1,1,1,1,1,1,0.9145167,1
1,1,1,1,1,1,1,1,0.9091609,1
1,1,1,1,1,1,1,1,0.9038163,1
1,1,1,1,1,1,1,1,0.8984887,1
1,1,1,1,1,1,1,1,0.893181,0
1,1,1,1,1,1,1,1,0.8878993,0
1,1,1,1,1,1,1,1,0.8826464,0
1,1,1,1,1,1,1,1,0.877432,0
1,1,1,1,1,1,1,1,0.8722588,0
1,1,1,1,1,1,1,1,0.8671306,0
1,1,1,1,1,1,1,1,0.8620532,0
1,1,1,1,1,1,1,1,0.8570333,0
1,1,1,1,1,1,1,1,0.8520773,0
1,1,1,1,1,1,1,1,0.8471884,0
1,1,1,1,1,1,1,1,0.8423733,0
1,1,1,1,1,1,1,1,0.8376382,0
1,1,1,1,1,1,1,1,0.8767076,0
1,1,1,1,1,1,1,1,0.9660074,1
1,1,1,1,1,1,1,1,0.9620188,1
1,1,1,1,1,1,1,1,0.9580289,1
1,1,1,1,1,1,1,1,0.9540388,1
1,1,1,1,1,1,1,1,0.9500526,1
1,1,1,1,1,1,1,1,0.9460713,1
1,1,1,1,1,1,1,1,0.9420993,1
1,1,1,1,1,1,1,1,0.9381407,1
1,1,1,1,1,1,1,1,0.934194,1
1,1,1,1,1,1,1,1,0.9302666,1
1,1,1,1,1,1,1,1,0.9263598,1
1,1,1,1,1,1,1,1,0.9224755,1
1,1,1,1,1,1,1,1,0.9186177,1
1,1,1,1,1,1,1,1,0.9147885,1
1,1,1,1,1,1,1,1,0.9109923,1
1,1,1,1,1,1,1,1,0.907234,1
1,1,1,1,1,1,1,1,0.9035152,1
1,1,1,1,1,1,1,1,0.8998378,1
1,1,1,1,1,1,1,1,0.8962063,0
1,1,1,1,1,1,0.9958642,1,0.8926226,0
1,1,1,1,1,1,0.9959513,1,0.8890874,0
1,1,1,1,1,1,0.9962748,1,0.885608,0
1,1,1,1,1,1,0.9968401,1,0.8821923,0
1,1,1,1,1,1,0.9976383,1,0.8788396,0
1,1,1,1,1,1,0.99867,1,0.8755547,0
1,1,1,1,1,1,0.9999357,1,0.8723423,0
1,1,1,1,1,1,1,1,0.869201,0
1,1,1,1,1,1,1,1,0.866134,0
1,1,1,1,1,1,1,1,0.8631459,0
1,1,1,1,1,1,1,1,0.8602387,0
1,1,1,1,1,1,1,1,0.8574135,0
1,1,1,1,1,1,1,1,1,1
1,1,1,1,1,1,1,1,1,1
1,1,1,1,1,1,1,1,1,1
1,1,1,1,1,1,1,1,1,1
1,1,1,1,1,1,0.9966251,1,1,1
1,1,1,1,1,1,0.992617,1,1,1
1,1,1,1,1,1,0.9887342,1,1,1
1,1,1,1,1,1,0.9849762,1,1,1
1,1,1,1,1,1,0.9813377,1,1,1
1,1,1,1,1,1,0.9778185,1,1,1
1,1,1,1,1,1,0.9744142,1,1,1
1,1,1,1,1,1,0.9711196,1,1,1
1,1,1,1,1,1,0.9679356,1,1,1
1,1,1,1,1,1,0.9648533,1,1,1
1,1,1,1,1,1,0.9618734,1,1,1
1,1,1,1,1,1,0.9589971,1,1,1
1,1,1,1,1,1,0.9562157,1,1,1
1,1,1,1,1,1,0.9535308,1,1,1
1,1,1,1,1,1,0.9509387,1,1,1
1,1,1,1,1,1,0.9484364,0.9774036,1,1
1,1,1,1,1,1,0.9470102,0.9500928,1,1
1,1,1,1,1,1,0.9468558,0.9209529,1,0
1,1,1,1,1,1,0.9480475,0.8901652,1,0
1,1,1,1,1,1,0.950662,0.8579546,1,0
1,1,1,1,1,1,0.9547849,0.8245848,1,0
1,1,1,1,1,1,0.9605047,0.7903452,1,0
1,1,1,1,1,1,0.9679077,0.7555414,1,0
1,1,1,1,1,1,1,0.7204801,1,0
1,1,1,1,1,1,1,0.6861892,1,0
1,1,1,1,1,1,1,0.6702926,1,0
1,1,1,1,1,1,0.9917733,0.6728543,1,0
1,1,1,1,1,1,0.9715213,0.6756979,1,0
1,1,1,1,1,1,0.9551328,0.678944,1,0
1,1,1,1,1,1,0.9709281,0.6825625,1,0
1,1,1,1,1,1,0.9867913,0.6862247,1,0
1,1,1,1,1,1,1,0.6899132,1,0
1,1,1,1,1,1,1,0.6936393,1,0
1,1,1,1,1,1,1,0.6975324,1,0
1,1,1,1,1,1,1,0.7015852,1,0
1,1,1,1,1,1,1,0.7057903,1,0
1,1,1,1,1,1,1,0.7101437,1,0
1,1,1,1,1,1,1,0.7146375,0.9655784,0
1,1,1,1,1,1,1,0.7200611,0.8715369,0
1,1,1,1,1,1,1,0.727902,0.7745486,0
1,1,1,1,1,1,1,0.7384678,0.6793144,0
1,1,1,1,1,1,1,0.7516792,0.5927426,0
1,1,1,1,1,1,1,0.7659872,0.5966749,0
1,1,1,1,1,1,1,0.7814711,0.6011421,0
1,1,1,1,1,1,1,0.7982101,0.6061557,0
1,1,1,1,1,1,1,0.8738316,0.6117353,0
1,1,1,1,1,1,1,0.8442203,0.6173899,0
1,1,1,1,1,1,1,0.8156505,0.6236817,0
1,1,1,1,1,1,1,0.7992886,0.6306242,0
1,1,1,1,1,1,1,0.8204446,0.6381338,0
1,1,1,1,1,1,1,0.8420798,0.6458877,0
1,1,1,1,1,1,1,0.8641036,0.6538411,0
1,1,1,1,1,1,1,0.8864118,0.6619436,0
1,1,1,1,1,1,1,0.9089071,0.6701535,0
1,1,1,1,1,1,1,0.9314907,0.6784316,0
1,1,1,1,1,1,1,0.9540575,0.6867369,0
1,1,1,1,1,1,1,0.9765145,0.6950382,0
1,1,1,1,1,1,1,0.9987584,0.7032988,0
1,1,1,1,1,1,1,1,0.7114887,0
1,1,1,1,1,1,1,1,0.7198053,0
1,1,1,1,1,1,1,1,0.7282486,0
1,1,1,1,1,1,1,1,0.8348536,0
1,1,1,1,1,1,1,1,0.8110838,0
1,1,1,1,1,1,1,1,0.7868642,0
1,1,1,1,1,1,1,1,0.7623008,0
1,1,1,1,1,1,1,1,0.7375038,0
1,1,1,1,1,1,1,1,0.7155769,0
1,1,1,1,1,1,1,1,0.725262,0
1,1,1,1,1,1,1,1,0.7350464,0
1,1,1,1,1,1,1,1,0.7449073,0
1,1,1,1,1,1,1,1,0.7548341,0
1,1,1,1,1,1,1,1,0.7648081,0
1,1,1,1,1,1,1,1,0.7748142,0
1,1,1,1,1,1,1,1,0.7848383,0
1,1,1,1,1,1,1,1,0.7948654,0
1,1,1,1,1,1,1,1,0.8048774,0
1,1,1,1,1,1,1,1,0.814864,0
1,1,1,1,1,1,1,1,0.8248078,0
1,1,1,1,1,1,1,1,0.8346949,0
1,1,1,1,1,1,1,1,0.8445163,0
1,1,1,1,1,1,1,1,0.8542555,0
1,1,1,1,1,1,1,1,0.8638999,0
1,1,1,1,1,1,1,1,0.8734419,1
1,1,0.9985641,1,1,1,1,1,0.8828662,1
1,1,0.9900019,1,1,1,1,1,0.8921226,1
1,1,0.9818953,1,1,1,1,1,0.9010008,1
1,1,0.9742114,1,1,1,1,1,0.9094944,1
1,1,0.9669181,1,1,1,1,1,0.9889567,1
1,1,0.9615819,1,1,1,1,1,0.9947077,1
1,1,0.9565056,1,1,1,1,1,1,1
1,1,0.9516741,1,1,1,1,1,1,1
1,1,0.9469676,1,1,1,1,1,1,1
1,1,0.9423822,1,1,1,1,1,1,1
1,1,0.9379182,1,1,1,1,1,1,1
1,1,0.9335717,1,1,1,1,1,1,1
1,1,0.9293395,1,1,1,1,1,1,1
1,1,0.9252222,1,1,1,1,1,1,1
1,1,0.9212166,1,1,1,1,1,1,1
1,1,0.9173236,1,1,1,1,1,1,1
1,0.9842709,0.9135405,1,1,1,1,1,1,1
1,0.9309803,0.9103333,1,1,1,1,1,1,2
1,0.8709237,0.90883,1,1,1,1,1,1,2
1,0.8055204,0.9092624,1,1,1,1,1,1,2
1,0.7367412,0.911863,1,1,1,1,1,1,2
1,0.7233454,0.9168512,1,1,1,1,1,1,2
1,0.7220159,0.9225475,1,1,1,1,1,1,2
1,0.7208969,1,1,1,1,1,1,1,2
1,0.7194484,1,1,1,1,1,1,1,2
1,0.7181934,1,1,1,1,1,1,1,2
1,0.7171347,1,1,1,1,1,1,1,2
1,0.7162681,1,1,1,1,1,1,1,2
1,0.7155929,1,1,1,1,1,1,1,2
1,0.7151112,1,1,1,1,1,1,0.9985924,2
1,0.714805,1,1,1,1,1,1,0.9950056,2
1,0.7146493,1,1,1,1,1,1,0.9915725,2
1,0.7146411,1,1,1,1,1,1,0.9882849,2
1,0.714774,1,1,1,1,1,1,0.9851389,2
1,0.7150447,1,1,1,1,1,1,0.9821262,2
1,0.7154475,1,1,1,1,1,1,0.979243,2
1,0.7159789,1,1,1,1,1,1,0.9764816,2
1,0.7166364,1,1,1,1,1,1,0.9738342,2
0.7610077,0.7174135,1,1,1,1,1,1,0.9712974,2
0.641476,0.7221104,1,1,1,1,1,1,0.9636472,2
0.6402134,0.7279631,1,1,1,1,1,1,0.9556338,2
0.6394369,0.7345135,1,1,1,1,1,1,0.9479705,2
0.6391443,0.741788,1,1,1,1,1,1,0.9406447,2
0.6393408,0.7498232,1,1,1,1,1,1,0.933638,2
0.6400291,1,1,1,1,1,1,1,0.9269361,2
0.640188,1,1,1,1,1,1,1,0.9236968,2
0.6405393,1,1,1,1,1,1,1,0.9205567,2
0.6410824,1,1,1,1,1,1,1,0.917506,2
0.6418074,1,1,1,1,1,1,1,0.9145452,2
0.6427108,1,1,1,1,1,1,1,0.9116675,2
0.6437887,1,1,1,1,1,1,1,0.9088665,2
0.6450342,1,1,1,1,1,1,1,0.9061388,2
0.6464406,1,1,1,1,1,1,1,0.903481,2
0.9790165,1,1,1,1,1,1,1,1,1
0.8703889,1,1,1,1,1,1,1,1,2
0.8716928,1,1,1,1,1,1,1,1,2
0.8730637,1,1,1,1,1,1,1,1,2
0.8745004,1,1,1,1,1,1,1,1,2
0.8759983,1,1,1,1,1,1,1,1,2
0.8775597,1,1,1,1,1,1,1,1,2
0.8791798,1,1,1,1,1,1,1,1,2
0.8808578,1,1,1,1,1,1,1,1,2
0.8825887,1,1,1,1,1,1,1,1,2
0.884375,1,1,1,1,1,1,1,1,2
1,1,1,1,1,1,1,1,1,1
1,1,1,1,1,1,1,1,1,1
1,1,1,1,1,1,1,1,1,1
1,1,1,1,1,1,1,1,1,1
1,1,1,1,1,1,1,1,1,1
1,1,1,1,1,1,1,1,1,1
1,1,1,1,1,1,1,1,1,1
1,1,1,1,1,1,1,1,1,1
1,1,1,1,1,1,1,1,1,1
1,1,1,1,1,1,1,1,1,1
1,1,1,1,1,1,1,1,1,1
1,1,1,1,1,1,1,1,1,1
1,1,1,1,1,1,1,1,1,1
1,1,1,1,1,1,1,1,1,1
1,1,1,1,1,1,1,1,1,1
1,1,1,1,1,1,1,1,1,1
1,1,1,1,1,1,1,1,1,1
1,1,1,1,1,1,1,1,1,1
1,1,1,1,1,1,1,1,1,1
1,1,1,1,1,1,1,1,1,1
1,1,1,1,1,1,1,1,1,1
1,1,1,1,1,1,1,1,1,1
1,1,1,1,1,1,1,1,1,1
1,1,1,1,1,1,1,1,1,1
1,1,1,1,1,1,1,1,1,1
1,1,1,1,1,1,1,1,1,1
1,1,1,1,1,1,1,1,1,1
1,1,1,1,1,1,1,1,1,1
1,1,1,1,1,1,1,1,1,1
1,1,1,1,1,1,1,1,1,1
1,1,1,1,1,1,1,1,1,1
1,1,1,1,1,1,1,1,1,1
1,1,1,1,1,1,1,1,1,1
1,1,1,1,1,1,0.9933628,1,1,1
1,1,1,1,1,1,0.9819964,1,1,1
1,1,1,1,1,1,0.970517,1,1,1
1,1,1,1,1,1,0.958928,1,1,1
1,1,1,1,1,1,0.9472333,1,1,1
1,1,1,1,1,1,0.9354369,1,1,1
1,1,1,1,1,1,0.9235433,1,1,1
1,1,1,1,1,1,0.9115577,1,1,1
1,1,1,1,1,1,0.8994852,1,1,1
1,1,1,1,1,1,0.894314,1,1,1
1,1,1,1,1,1,0.8969929,1,1,1
1,1,1,1,1,1,0.8996388,1,1,1
1,1,1,1,1,1,0.9022467,1,1,1
1,1,1,1,1,1,0.9048167,1,1,1
1,1,0.990334,1,1,1,0.9073496,1,1,1
1,1,0.9801282,1,1,1,0.9095508,1,1,1
1,1,0.9698197,1,1,1,0.9114087,1,1,1
1,1,0.9594122,1,1,1,0.9129187,1,1,1
1,1,0.9489101,1,1,1,0.9140781,1,1,1
1,1,0.9383173,1,1,1,0.9148858,1,1,1
1,1,0.9276387,1,1,1,0.9153488,1,1,1
1,1,0.916879,1,1,1,0.9154686,1,1,1
1,1,0.9060422,1,1,1,0.9152548,1,1,1
1,1,0.8951339,1,1,1,0.9147111,1,1,1
1,1,0.8841592,1,1,1,0.9138423,1,1,1
1,1,0.8731226,1,1,1,0.9126616,1,1,1
1,1,0.8620292,1,1,1,0.9111821,1,1,1
1,1,0.8508843,1,1,1,0.9094043,1,1,1
1,1,0.8396923,1,1,1,0.9073502,1,1,1
1,1,0.8284585,1,1,1,0.9050279,1,1,1
1,1,0.8171876,1,1,1,0.9024463,1,1,1
1,1,0.8058842,1,1,1,0.8996216,1,1,1
1,1,0.7945529,1,1,1,0.8965696,1,1,1
1,1,0.7831979,1,1,1,0.8932995,1,1,1
1,1,0.7718234,1,1,1,1,1,1,1
1,1,0.7765461,1,1,1,1,1,1,1
1,1,0.7843971,1,1,1,1,1,1,1
1,1,0.7921816,1,1,1,1,1,1,1
1,1,0.7998965,1,1,1,1,0.8238719,1,1
1,1,0.7958372,1,1,1,1,0.8044922,1,1
1,1,0.7907139,1,1,1,1,0.7846936,1,1
1,1,0.7845781,1,1,1,1,0.764541,1,0
1,1,0.7775078,1,1,1,1,0.7441013,1,0
1,1,0.7695809,1,1,1,1,0.723441,1,0
1,1,0.7608885,1,1,1,1,0.7026258,1,0
1,1,0.7515164,1,1,1,1,0.6817208,1,0
1,1,0.7415596,1,1,1,1,0.6607875,1,0
1,1,0.7311115,1,1,1,1,0.6398835,1,0
1,1,0.7202548,1,1,1,1,0.6190633,1,0
1,1,0.7090752,1,1,1,1,0.5983754,1,0
1,1,0.6976597,1,1,1,1,0.5778648,1,0
1,1,0.6860737,1,1,1,1,0.5575702,1,0
1,1,0.6743835,1,1,1,1,0.5375251,1,0
1,1,0.6626537,1,1,1,1,0.5413944,1,0
1,1,0.6518612,1,1,1,1,0.5458938,1,0
1,1,0.6419197,1,1,1,1,0.5503093,1,0
1,1,0.6327419,1,1,1,1,0.5546293,1,0
1,1,0.6242347,1,1,1,1,0.5588551,1,0
1,1,0.6163372,1,1,1,1,0.5629761,1,0
1,1,0.6089844,1,1,1,1,0.5669906,1,0
1,1,0.6021206,1,1,1,1,0.5708974,1,0
1,0.7690112,0.5956969,1,1,1,1,0.5746958,1,1
1,0.7475399,0.5979692,1,1,1,1,0.5736969,1,2
1,0.7257609,0.600937,1,1,1,1,0.572349,1,2
1,0.7037673,0.6045966,1,1,1,1,0.5706781,1,2
1,0.6816471,0.6089455,1,1,1,1,0.5687121,1,2
1,0.6594837,0.613988,1,1,1,1,0.5664746,0.6834048,0
1,0.648352,0.6053891,1,1,1,1,0.5709742,0.640017,0
1,0.6377481,0.5960433,1,1,1,1,0.5760948,0.5969502,0
1,0.6275979,0.5860897,1,1,1,1,0.5818368,0.5545862,0
1,0.6178166,0.5756729,1,1,1,1,0.5881935,0.5132479,0
1,0.6083119,0.5649396,1,1,1,1,1,0.4731921,1
1,0.5885314,0.5651857,1,1,1,1,1,0.448057,1
1,0.5692033,0.5651152,1,1,1,1,1,0.4446943,1
1,0.5496042,0.5655414,1,1,1,1,1,0.4453185,1
1,0.5296741,0.5666239,1,1,1,1,1,0.4458109,1
1,0.5094938,0.5683612,1,1,1,1,1,0.4461724,1
1,0.4891427,0.5707537,1,1,1,1,1,0.4464051,2
1,0.4686956,0.5737966,1,1,1,1,1,0.446515,2
1,0.4482238,0.5774935,1,1,1,1,1,0.4465051,2
1,0.427792,0.5818421,1,1,1,1,1,0.446382,2
1,0.4074593,0.5868479,1,1,1,1,1,0.4461491,2
1,0.3872773,0.5925047,1,1,1,1,1,0.4458163,2
0.9670041,0.3672905,0.5988199,1,1,1,1,1,0.4453864,2
0.9683086,0.3532695,0.6073961,1,1,1,1,1,0.4446631,2
0.9697468,0.3550722,1,1,1,1,1,1,0.4439012,1
0.9694479,0.3547026,1,1,1,1,1,1,0.4442284,1
0.9691591,0.3543455,1,1,1,1,1,1,0.4445482,1
0.9688803,0.3540004,1,1,1,1,1,1,0.4448608,1
0.9686109,0.3536668,1,1,1,1,1,1,0.4451663,1
0.9683507,0.3533442,1,1,1,1,1,1,0.445465,1
0.6232857,0.3530323,1,1,1,1,1,1,0.4457573,2
0.5453807,0.3568855,1,1,1,1,1,1,0.444047,2
0.4715509,0.3619063,1,1,1,1,1,1,0.4419576,2
0.403534,0.3681603,1,1,1,1,1,1,0.4395651,2
0.3424461,0.3756005,1,1,1,1,1,1,0.4369842,2
0.293792,0.383787,1,1,1,1,1,1,0.4344036,2
0.296777,0.3927681,1,1,1,1,1,1,0.4318239,2
0.3001633,0.4026065,1,1,1,1,1,1,0.4292393,2
0.3039607,0.4133634,1,1,1,1,1,1,0.4266502,2
0.3080479,0.4246469,1,1,1,1,1,1,0.4241113,2
0.3123612,0.4362832,1,1,1,1,1,1,0.4216183,2
0.3168692,0.4482172,1,1,1,1,1,1,0.4191528,2
0.3215476,1,1,1,1,1,1,1,0.4166936,1
0.3239031,1,1,1,1,1,1,1,0.4147055,1
0.3262416,1,1,1,1,1,1,1,0.412714,1
0.3285592,1,1,1,1,1,1,1,0.4107218,1
0.3308559,1,1,1,1,1,1,1,0.4087286,1
0.3331281,1,1,1,1,1,1,1,0.4067371,1
0.3353756,1,1,1,1,1,1,1,0.4047472,1
0.337595,1,1,1,1,1,1,1,0.4027615,1
0.3397863,1,1,1,1,1,1,1,0.4007801,1
0.3419462,1,1,1,1,1,1,1,0.6914254,2
0.3463345,1,1,1,1,1,1,1,0.6888648,2
0.35087,1,1,1,1,1,1,1,0.6863047,2
0.3555454,1,1,1,1,1,1,1,0.6837369,2
0.3603495,1,1,1,1,1,1,1,0.681157,2
0.3652745,1,1,1,1,1,1,1,0.678558,2
0.3703123,1,1,1,1,1,1,1,0.6759333,2
0.375451,1,1,1,1,1,1,0.9986903,0.6732802,2
1,1,1,1,1,1,1,0.9917338,0.6705924,0
1,1,1,1,1,1,1,0.9951628,0.667834,0
1,1,1,1,1,1,1,0.9989778,0.6653432,0
1,1,1,1,1,1,1,1,0.6631209,0
1,1,1,1,1,1,1,1,0.6611668,0
1,1,1,1,1,1,1,1,0.6594825,0
1,1,1,1,1,1,1,1,0.6580718,0
1,1,1,1,1,1,1,1,0.6569355,0
1,1,1,1,1,1,1,1,0.6560739,0
1,1,1,1,1,1,1,1,0.8932684,0
1,1,1,1,1,1,1,1,0.892213,0
1,1,1,1,1,1,1,1,0.8912245,0
1,1,1,1,1,1,1,1,0.8903003,0
1,1,1,1,1,1,1,1,0.8894434,0
1,1,1,1,1,1,1,1,0.8886541,0
1,1,1,1,1,1,1,1,0.8879325,0
1,1,1,1,1,1,1,1,0.8872786,0
1,1,1,1,1,1,1,1,0.8866923,0
1,1,1,1,1,1,1,1,0.8861769,0
1,1,1,1,1,1,1,1,0.8857291,0
1,1,1,1,1,1,1,1,0.8853489,0
1,1,1,1,1,1,1,1,0.8850392,0
1,1,1,1,1,1,1,1,0.8847967,0
1,1,1,1,1,1,1,1,0.8846244,0
1,1,1,1,1,1,1,1,0.8845188,0
1,1,1,1,1,1,1,1,0.884483,0
1,1,1,1,1,1,1,1,0.8845131,0
1,1,1,1,1,1,1,1,0.8846122,0
1,1,1,1,1,1,1,1,0.8847798,0
1,1,1,1,1,1,1,1,0.8850123,0
1,1,1,1,1,1,1,1,0.8853092,0
1,1,1,1,1,1,1,1,0.8856732,0
1,1,1,1,1,1,1,1,0.8861008,0
1,1,1,1,1,1,1,1,1,1
1,1,1,1,1,1,1,1,1,1
1,1,1,1,1,1,1,1,1,1
1,1,1,1,1,1,1,1,1,1
1,1,1,1,1,1,1,1,1,1
1,1,1,1,1,1,1,1,1,1
1,1,1,1,1,1,1,1,1,1
1,1,1,1,1,1,1,1,1,1
1,1,1,1,1,1,1,1,1,1
1,1,1,1,1,1,1,1,1,1
1,1,1,1,1,1,1,1,1,1
1,1,1,1,1,1,1,1,1,1
1,1,1,1,1,1,1,1,1,1
1,1,1,1,1,1,1,1,1,1
1,1,1,1,1,1,1,1,1,1
1,1,1,1,1,1,1,1,1,1
1,1,1,1,1,1,1,1,1,1
1,1,1,1,1,1,1,1,1,1
1,1,1,1,1,1,1,1,1,1
1,1,1,1,1,1,1,1,1,1
1,1,1,1,1,1,1,1,1,1
1,1,1,1,1,1,1,1,1,1
1,1,1,1,1,1,1,1,1,1
1,1,1,1,1,1,1,1,1,1
1,1,1,1,1,1,1,1,1,1
1,1,1,1,1,1,1,1,1,1
1,1,1,1,1,1,1,1,1,1
1,0.9936,1,1,1,1,1,1,1,1
1,0.9785622,1,1,1,1,1,1,1,1
1,0.9630406,1,1,1,1,1,1,1,1
1,0.9580765,1,1,1,1,1,1,1,1
1,0.95982,1,1,1,1,1,1,1,1
1,0.9615366,1,1,1,1,1,1,1,1
1,0.9632272,1,1,1,1,0.9997991,1,1,1
1,0.9648884,1,1,1,1,0.9966211,1,1,1
1,0.9664643,1,1,1,1,0.9936532,1,1,1
1,0.96796,1,1,1,1,0.9908798,1,1,1
1,0.9693802,1,1,1,1,0.9882859,1,1,1
1,0.9707252,1,1,1,1,0.9858648,1,1,1
1,0.9719995,1,1,1,1,0.9836037,1,1,1
1,1,1,1,1,1,0.9814904,1,1,1
1,1,1,1,1,1,0.9810451,1,1,1
1,1,1,1,1,1,0.9806212,1,1,1
0.9868826,1,1,1,1,1,0.9802248,1,1,1
0.9587356,1,1,1,1,1,0.9788707,1,1,1
0.9596772,1,1,1,1,1,0.9754818,1,1,1
0.9606005,1,1,1,1,1,0.9722767,1,1,1
0.9615033,1,1,1,1,1,0.9692507,1,1,1
0.9623866,1,1,1,1,1,0.9663932,1,1,1
0.9632511,1,1,1,1,1,0.9636941,1,1,1
0.9640948,1,1,1,1,1,0.9611505,1,1,1
0.9649184,1,1,1,1,1,0.9587535,1,1,1
0.965723,1,1,1,1,1,0.9564945,1,1,1
0.9665097,1,1,1,1,1,0.9543654,1,1,1
0.9672759,1,1,1,1,1,0.9523656,1,1,1
0.9680227,1,1,1,1,1,0.9504874,1,1,1
0.9687511,1,1,1,1,1,0.9487246,1,1,1
0.9694618,1,1,1,1,1,0.94707,1,1,1
0.9701527,1,1,1,1,1,0.9455245,1,1,1
0.9708281,1,1,1,1,1,0.9440756,0.9152686,1,1
0.9705305,1,1,1,1,1,1,0.8950912,1,1
0.9703649,1,1,1,1,1,1,0.8756062,1,1
0.9699708,1,1,1,1,1,1,0.8555179,1,1
0.969346,1,1,1,1,1,1,0.8348814,1,0
0.9684914,1,1,1,1,1,1,0.8137587,1,0
0.9674099,1,1,1,1,1,1,0.7922177,1,0
0.9661075,1,1,1,1,1,1,0.7703295,1,0
0.964589,1,1,1,1,1,1,0.7481691,1,0
0.9628676,1,1,1,1,1,1,0.7258131,1,0
0.9609518,1,1,1,1,1,1,0.7033375,1,0
0.9588586,1,1,1,1,1,1,0.6808176,1,0
0.9566025,1,1,1,1,1,1,0.6583261,1,0
0.954199,1,1,1,1,1,1,0.6359321,1,0
0.9516643,1,1,1,1,1,1,0.6136993,1,0
0.9490141,1,1,1,1,1,1,0.5999233,1,0
0.9463249,1,1,1,1,1,1,0.6061719,1,0
0.9437359,1,1,1,1,1,1,0.6124974,1,0
0.8571557,1,1,1,1,1,1,0.6188933,1,0
0.8303131,1,1,1,1,1,1,0.6232142,1,0
0.7964718,1,1,1,1,1,1,0.6268731,1,1
0.7548066,1,1,1,1,1,1,0.6296559,1,1
0.7337969,1,1,1,1,1,1,0.6313374,1,1
0.733012,1,1,1,1,1,1,0.6324525,1,1
0.7322363,1,1,1,1,1,1,0.6335264,1,1
0.7314726,1,1,1,1,1,1,0.6345562,1,1
0.7307173,1,1,1,1,1,1,0.6355476,1,1
0.7299701,1,1,1,1,1,1,0.6365018,1,1
0.729234,1,1,1,1,1,1,0.6374159,1,1
0.7285084,1,1,1,1,1,1,0.6382911,0.7711977,0
0.7264895,1,1,1,1,1,1,0.644969,0.7230959,0
0.7242448,1,1,1,1,1,1,0.6529348,0.6746563,0
0.721808,1,1,1,1,1,1,0.6622623,0.6266037,0
0.719211,1,1,1,1,1,1,0.6730293,0.5795794,0
0.716491,0.9952438,1,1,1,1,1,0.8300279,0.5341108,0
0.7140813,0.9867976,1,1,1,1,1,0.8422282,0.5044111,0
0.711633,0.9783074,1,1,1,1,1,0.8552364,0.5085452,0
0.7092549,0.9705601,1,1,1,1,1,0.8677319,0.5126366,0
0.7069277,0.9634681,1,1,1,1,1,0.8796779,0.5166689,0
0.7046356,0.9569572,1,1,1,1,1,0.8910435,0.5206271,0
0.7023677,0.9509645,1,1,1,1,1,0.9018036,0.5244988,0
0.7001162,0.9454373,1,1,1,1,1,0.9119388,0.5282725,0
0.6978729,0.940327,1,1,1,1,1,0.9214408,0.5319418,0
0.6956354,0.935596,1,1,1,1,1,0.9303001,0.5354983,1
0.89211,0.9312087,1,1,1,1,1,0.9385182,0.5389377,0
0.8894275,0.9230285,1,1,1,1,1,0.956517,0.5446953,0
0.8867986,0.9155245,1,1,1,1,1,1,0.5503517,0
0.8842193,0.9089186,1,1,1,1,1,1,0.5556722,0
0.8816358,0.9026297,1,1,1,1,1,1,0.5609742,0
0.8790429,0.8966355,1,1,1,1,1,1,0.5662394,0
0.8764307,0.89091,1,1,1,1,1,1,0.5714571,0
0.8737944,0.8854338,1,1,1,1,1,1,0.5766135,0
0.8711331,0.8801931,1,1,1,1,1,1,0.5816921,0
0.8684417,0.8751701,1,1,1,1,1,1,0.5866841,0
1,0.8703486,1,1,1,1,1,1,0.7057724,0
1,0.8651285,1,1,1,1,1,1,0.7115297,0
1,0.8600736,1,1,1,1,1,1,0.7172035,0
1,0.8551717,1,1,1,1,1,1,0.7227859,0
1,0.8504159,1,1,1,1,1,1,0.7282665,1
1,0.8457965,1,1,1,1,1,1,0.7336387,1
1,0.8413053,1,1,1,1,1,1,0.738897,1
1,0.8369381,1,1,1,1,1,1,0.744032,1
1,0.832685,1,1,1,1,1,1,0.7490432,1
1,0.8285438,1,1,1,1,1,1,0.7539229,1
1,0.8245095,1,1,1,1,1,1,0.7586675,1
1,0.8205779,1,1,1,1,1,1,0.7632741,1
1,0.8167452,1,1,1,1,1,1,0.7677403,1
1,0.8130084,1,1,1,1,1,1,0.7720641,1
1,0.8093649,1,1,1,1,1,1,0.7762443,1
1,0.8058127,1,1,1,1,1,1,0.7802798,1
1,0.8023499,1,1,1,1,1,1,0.7841696,1
1,0.798972,1,1,1,1,1,1,0.7879173,1
1,0.7956814,1,1,1,1,1,1,0.7915195,1
1,0.7924742,1,1,1,1,1,1,0.79498,1
1,0.7893499,1,1,1,1,1,1,0.7982996,1
1,0.7863084,1,1,1,1,1,1,0.8014789,1
1,0.7833467,1,1,1,1,1,1,0.8045231,1
1,0.7804651,1,1,1,1,1,1,0.8074328,1
1,0.7776642,1,1,1,1,1,1,0.81021,1
1,0.7749414,1,1,1,1,1,1,1,2
1,0.7744392,1,1,1,1,1,1,1,2
1,0.7740785,1,1,1,1,1,1,1,2
0.7104064,0.7738615,1,1,1,1,1,1,1,2
0.7074962,0.7781516,1,1,1,1,1,1,1,2
0.7050936,0.7830442,1,1,1,1,1,1,0.7961993,2
0.7029525,1,1,1,1,1,1,1,0.7931344,2
0.7007712,1,1,1,1,1,1,1,1,2
0.6989455,1,1,1,1,1,1,1,1,2
0.6973526,1,1,1,1,1,1,1,1,2
0.6959965,1,1,1,1,1,1,1,1,2
0.6948777,1,1,1,1,1,1,1,1,2
0.693997,1,1,1,1,1,1,1,1,2
0.6933542,1,1,1,1,1,1,1,1,2
0.6929528,1,1,1,1,1,1,1,1,2
0.6927894,1,1,1,1,1,1,1,1,2
0.6928666,1,1,1,1,1,1,1,1,2
0.6931809,1,1,1,1,1,1,1,1,2
0.6937315,1,1,1,1,1,1,1,1,2
0.6945204,1,1,1,1,1,1,1,1,2
0.6955434,1,1,1,1,1,1,1,1,2
0.6967991,1,1,1,1,1,1,1,1,2
0.6982828,1,1,1,1,1,1,1,1,2
0.6999957,1,1,1,1,1,1,1,1,2
1,1,1,1,1,1,1,1,1,1
1,1,1,1,1,1,1,1,1,1
1,1,1,1,1,1,1,1,1,1
1,1,1,1,1,1,1,1,1,1
1,1,1,1,1,1,1,1,1,1
1,1,1,1,1,1,1,1,1,1
1,1,1,1,1,1,1,1,1,1
1,1,1,1,1,1,1,1,1,1
1,1,1,1,1,1,1,1,1,1
1,1,1,1,1,1,1,0.9941161,1,1
1,1,1,1,1,1,1,0.9786333,1,1
1,1,1,1,1,1,1,0.9626128,1,1
1,1,1,1,1,1,1,0.9460667,1,1
1,1,1,1,1,1,1,0.9290115,1,1
1,1,1,1,1,1,1,0.9114687,1,1
1,1,1,1,1,1,1,0.8934649,1,1
1,1,1,1,1,1,1,0.8750314,1,1
1,1,1,1,1,1,1,0.8562044,1,0
1,1,1,1,1,1,1,0.837024,1,0
1,1,1,1,1,1,1,0.817534,1,0
1,1,1,1,1,1,1,0.7977818,1,0
1,1,1,1,1,1,1,0.7778174,1,0
1,1,1,1,1,1,1,0.7688161,1,0
1,1,1,1,1,1,1,0.7749147,1,0
1,1,1,1,1,1,1,0.7810526,1,0
1,1,1,1,1,1,1,0.7872254,1,0
1,1,1,1,1,1,1,0.793424,1,0
1,1,1,1,1,1,1,0.7996399,1,0
1,1,1,1,1,1,1,0.8058645,1,0
1,1,1,1,1,1,1,0.8120891,1,0
1,1,1,1,1,1,1,0.8183096,1,0
1,1,1,1,1,1,1,0.8245179,1,0
1,1,1,1,1,1,1,0.8307101,1,0
1,1,1,1,1,1,1,0.8368781,1,0
1,1,1,1,1,1,1,0.8430139,1,0
1,1,1,1,1,1,1,0.8491102,1,0
1,1,1,1,1,1,1,0.8551634,1,1
0.9997783,1,1,1,1,1,1,1,1,1
0.9983501,1,1,1,1,1,1,1,1,1
0.9969292,1,1,1,1,1,1,1,0.8952403,1
0.9950008,1,1,1,1,1,1,1,0.8622113,0
0.9929094,1,1,1,1,1,1,1,0.827566,0
0.9906567,1,1,1,1,1,1,1,0.7915704,0
0.9882477,1,1,1,1,1,1,1,0.7545385,0
0.9856982,1,1,1,1,1,1,1,0.7168175,0
0.9830331,1,1,1,1,1,1,1,0.6787707,0
0.9802768,1,1,1,1,1,1,1,0.6564833,0
0.9774987,1,1,1,1,1,1,1,0.6627744,0
0.9747714,1,1,1,1,1,1,1,0.6692179,0
0.9720823,1,1,1,1,1,1,1,0.6758006,0
0.969419,1,1,1,1,1,1,1,0.6825096,0
0.9667763,1,1,1,1,1,1,1,0.6893244,0
0.9641403,1,1,1,1,1,1,1,0.6962353,0
0.9615042,1,1,1,1,1,1,1,0.7032248,0
0.9588585,1,1,1,1,1,1,1,0.7102796,0
0.9561977,1,1,1,1,1,1,1,0.7173818,0
0.9535139,1,1,1,1,1,1,1,0.7245178,0
0.950803,1,1,1,1,1,1,1,0.73167,0
0.9480551,1,1,1,1,1,1,1,0.7388285,0
0.9452708,1,1,1,1,1,1,1,0.745972,0
0.9424416,1,1,1,1,1,1,1,1,1
0.9391091,1,1,1,1,1,1,1,1,1
0.9357997,1,1,1,1,1,1,1,1,1
0.9325175,1,1,1,1,1,1,1,1,1
0.9292636,1,1,1,1,1,1,1,1,1
0.926039,1,1,1,1,1,1,1,1,1
0.9228452,1,1,1,1,1,1,1,1,1
0.9196861,1,1,1,1,1,1,1,1,1
0.9165661,1,1,1,1,1,1,1,1,1
0.9134864,1,1,1,1,1,1,1,1,1
0.9104482,1,1,1,1,1,1,1,1,1
0.9074556,1,1,1,1,1,1,1,1,1
0.9045102,1,1,1,1,1,1,1,1,1
0.9016162,1,1,1,1,1,1,1,1,1
0.8987747,1,1,1,1,1,1,1,1,2
0.895987,1,1,1,1,1,1,1,1,2
0.8932575,1,1,1,1,1,1,1,1,2
0.8905874,1,1,1,1,1,1,1,1,2
0.8879779,1,1,1,1,1,1,1,1,2
0.8854331,1,1,1,1,1,1,1,1,2
0.8829575,1,1,1,1,1,1,1,1,2
0.8805488,1,1,1,1,1,1,1,1,2
0.8782116,1,1,1,1,1,1,1,1,2
0.8759467,1,1,1,1,1,1,1,1,2
0.8737585,1,1,1,1,1,1,1,1,2
1,1,1,1,1,1,1,1,1,1
1,1,1,1,1,1,1,1,1,1
1,1,1,1,1,1,1,1,1,1
1,1,1,1,1,1,1,1,1,1
1,1,1,1,1,1,1,1,1,1
1,1,1,1,1,1,1,1,1,1
1,1,1,1,1,1,1,1,1,1
1,1,1,1,1,1,1,1,1,1
1,1,1,1,1,1,1,1,1,1
1,1,1,1,1,1,1,1,1,1
1,1,1,1,1,1,1,1,1,1
1,1,1,1,1,1,1,1,1,1
1,1,1,1,1,1,1,1,1,1
1,1,1,1,1,1,1,1,1,1
1,1,1,1,1,1,1,1,1,1
1,1,1,1,1,1,1,1,1,1
1,1,1,1,1,1,1,1,1,1
1,1,1,1,1,1,1,1,1,1
1,1,1,1,1,1,1,1,1,1
1,1,1,1,1,1,1,1,1,1
1,1,1,1,1,1,1,1,1,1
1,1,1,1,1,1,1,1,1,1
1,1,1,1,1,1,1,1,1,1
1,1,1,1,1,1,1,1,1,1
1,1,1,1,1,1,1,1,1,1
1,1,1,1,1,1,1,1,1,1
1,1,1,1,1,1,1,1,1,1
1,1,1,1,1,1,1,1,1,1
1,1,1,1,1,1,1,1,1,1
1,1,1,1,1,1,1,1,1,1
1,1,1,1,1,1,1,1,1,1
1,1,1,1,1,1,1,1,1,1
1,1,1,1,1,1,1,1,1,1
1,1,1,1,1,1,1,1,1,1
1,1,1,1,1,1,1,1,1,1
1,1,1,1,1,1,1,1,1,1
1,1,1,1,1,1,1,1,1,1
1,1,1,1,1,1,1,1,1,1
1,1,1,1,1,1,1,1,1,1
1,1,1,1,1,1,1,1,1,1
1,1,1,1,1,1,1,1,1,1
1,1,1,1,1,1,1,1,1,1
1,1,1,1,1,1,1,1,1,1
1,1,1,1,1,1,1,1,1,1
1,1,1,1,1,1,1,1,1,1
1,1,1,1,1,1,1,1,1,1
1,1,1,1,1,1,1,1,1,1
1,1,1,1,1,1,1,1,1,1
1,1,1,1,1,1,1,1,1,1
1,1,1,1,1,1,1,1,1,1
1,1,1,1,1,1,1,1,1,1
1,1,1,1,1,1,1,1,1,1
1,1,1,1,1,1,1,1,1,1
1,1,1,1,1,1,1,1,1,1
1,1,1,1,1,1,1,1,1,1
1,1,1,1,1,1,1,1,1,1
1,1,1,1,1,1,1,1,1,1
1,1,1,1,1,1,1,1,1,1
1,1,1,1,1,1,1,1,1,1
1,1,1,1,1,1,1,1,1,1
1,1,1,1,1,1,1,1,1,1
1,1,1,1,1,1,1,1,1,1
1,1,1,1,1,1,1,1,1,1
1,1,1,1,1,1,1,1,1,1
1,1,1,1,1,1,1,1,1,1
1,1,1,1,1,1,1,1,1,1
1,1,1,1,1,1,1,1,1,1
1,1,1,1,1,1,1,1,1,1
1,1,1,1,1,1,1,1,1,1
1,1,1,1,1,1,1,1,1,1
1,1,1,1,1,1,1,1,1,1
1,1,1,1,1,1,1,1,1,1
1,1,1,1,1,1,1,1,1,1
1,1,1,1,1,1,1,1,1,1
1,1,1,1,1,1,1,1,1,1
1,1,1,1,1,1,1,1,1,1
1,1,1,1,1,1,1,1,1,1
1,1,1,1,1,1,1,1,1,1
1,1,1,1,1,1,1,1,1,1
1,1,1,1,1,1,1,1,1,1
1,1,1,1,1,1,1,1,1,1
1,1,1,1,1,1,1,1,1,1
1,1,1,1,1,1,1,1,1,1
1,1,1,1,1,1,1,1,1,1
1,1,1,1,0.9974902,1,1,1,1,1
1,1,1,1,0.9874904,1,1,1,1,1
1,1,1,0.9925699,0.9774905,1,1,1,1,1
1,1,1,0.9824064,0.9674907,1,1,1,1,1
1,1,1,0.9722306,0.9574908,1,1,1,1,1
1,1,1,0.9620426,0.947491,1,1,1,1,1
1,1,1,0.9518431,0.9374913,1,1,1,1,1
1,1,1,0.9416329,0.9274918,1,1,1,1,1
1,1,1,0.9314122,0.9174924,1,1,1,1,1
1,1,1,0.9211819,0.9074933,1,1,1,1,1
1,1,1,0.9109424,0.8974945,1,1,1,1,1
1,1,1,0.9006945,0.8874962,1,1,1,1,1
1,1,1,0.890439,0.8774983,1,1,1,1,1
1,1,1,0.8801765,0.8675011,1,1,1,1,1
1,1,1,0.8699077,0.8575047,1,1,1,1,1
1,1,1,0.8596336,0.8475091,1,1,1,1,1
1,1,1,0.8493546,0.8375144,1,1,1,1,1
1,1,1,0.8390715,0.8275207,1,1,1,1,1
1,1,0.8981605,0.8287855,0.8175284,1,1,1,1,1
1,1,0.8860188,0.8182592,0.8075538,1,1,1,1,1
1,1,0.8738295,0.8077211,0.7975882,1,1,1,1,1
1,1,0.8616021,0.7971753,0.7876328,1,1,1,1,1
1,1,0.8493468,0.7866259,0.7776889,1,1,1,1,1
1,1,0.8370728,0.7760767,0.7677574,1,1,1,1,1
1,1,0.8247899,0.7655317,0.7578396,1,1,1,1,1
1,1,0.812507,0.7549943,0.7479358,1,1,1,1,1
1,1,0.8002326,0.7444681,0.738047,1,1,1,1,2
1,1,0.7879753,0.7339563,0.7281736,1,1,1,1,2
1,1,0.7757425,0.7234614,0.7183158,1,1,1,1,2
1,1,0.7635413,0.7129862,0.7084737,1,1,1,1,2
1,1,0.7513782,0.7025326,0.6986468,1,1,1,1,2
1,1,0.7392589,0.6921027,0.8501381,1,1,1,1,2
1,1,0.7270743,0.6816681,0.8404111,1,1,1,1,2
1,1,0.714945,0.6712623,0.8307063,1,1,1,1,2
1,1,0.702876,0.6608868,0.821023,1,1,1,1,2
1,1,0.6908709,0.6505423,0.8113596,1,1,1,1,2
1,1,0.678934,0.6402297,0.8017154,1,1,1,1,2
1,1,0.6670674,0.6299492,0.7920886,1,1,1,1,2
1,1,0.6552737,0.6197007,0.7824777,1,1,1,1,2
1,1,0.6435541,0.609484,0.7728805,1,1,1,1,2
1,1,0.6319098,0.5992986,0.7632954,1,1,1,1,2
1,1,0.6203415,0.5891439,0.7537203,1,1,1,1,2
1,1,0.6088491,0.579019,0.7441531,1,1,1,1,2
1,1,0.5974319,0.5689226,0.7345915,1,1,1,1,2
1,1,0.5860895,0.5588536,0.7250336,1,1,1,1,2
1,1,0.5748205,0.5488108,0.7154772,1,1,1,1,2
1,1,0.5636234,0.5387927,0.7059202,1,1,1,1,2
1,0.9864566,0.5524966,0.5287979,0.6963606,1,1,1,1,2
1,0.9690372,0.5413767,0.5188193,0.6868349,1,1,1,1,2
1,0.9515164,0.5302564,0.5088586,0.6773533,1,1,1,1,2
1,0.933941,0.5191461,0.4989185,0.6679142,1,1,1,1,2
1,0.916357,0.5080562,0.4890023,0.6585163,1,1,1,1,2
1,0.8988065,0.4969957,0.4791119,0.6491572,1,1,1,1,2
1,0.6132356,0.4859729,0.4692489,0.6398345,1,1,1,1,2
1,0.5937251,0.4741206,0.4594561,0.6314031,1,1,1,1,2
1,0.5749513,0.4625029,0.6108261,0.6230213,1,1,1,1,2
1,0.5568048,0.4510901,0.6012924,0.6146953,1,1,1,1,2
1,0.5392977,0.4398817,0.5918639,0.6063989,1,1,1,1,2
1,0.522397,0.4288656,0.5825273,1,1,1,1,1,2
1,0.5046472,0.4177283,0.5734517,1,1,1,1,1,2
1,0.4875884,0.4068224,0.5645103,1,1,1,1,1,2
1,0.4711803,0.396133,0.5556867,1,1,1,1,1,2
1,0.4553812,0.3856439,0.5469637,1,1,1,1,1,2
1,0.4401498,0.3753394,0.538325,1,1,1,1,1,2
1,0.4254462,0.3652041,0.5297549,1,1,1,1,1,2
0.9923269,0.4112307,0.3552226,0.5212383,1,1,1,1,1,2
0.9583256,0.3974063,0.3453736,0.5127864,1,1,1,1,1,2
0.9249642,0.3837623,0.3356287,0.5044783,1,1,1,1,1,2
0.5473539,0.3703389,0.4513798,0.4963104,1,1,1,1,1,2
0.5172914,0.3558642,0.4775577,1,1,1,1,1,1,2
0.48917,0.3419462,0.4681104,1,1,1,1,1,1,2
0.4628165,0.3285552,0.4589628,1,1,1,1,1,1,2
0.4380792,0.3156644,0.4501069,1,1,1,1,1,1,2
0.4148229,0.3032484,0.4415351,1,1,1,1,1,1,2
0.3929275,0.2912838,0.4332401,1,1,1,1,1,1,2
0.3722863,0.2797493,0.4252161,1,1,1,1,1,1,2
0.3528031,0.2686245,0.417457,1,1,1,1,1,1,2
0.3343922,0.2578912,0.4099579,1,1,1,1,1,1,2
0.316976,0.262736,1,1,1,1,1,1,1,2
0.3004842,0.3042782,1,1,1,1,1,1,1,2
0.2848541,0.3535414,1,1,1,1,1,1,1,2
0.2700287,0.383735,1,1,1,1,1,1,1,2
0.2559555,0.3739649,1,1,1,1,1,1,1,2
0.2425878,0.3645765,1,1,1,1,1,1,1,2
0.2298818,0.3555568,1,1,1,1,1,1,1,2
0.2177985,0.3468938,1,1,1,1,1,1,1,2
0.2361557,0.3385769,1,1,1,1,1,1,1,2
0.2577829,0.3306137,1,1,1,1,1,1,1,2
0.2805486,0.322991,1,1,1,1,1,1,1,2
0.304396,0.3156586,1,1,1,1,1,1,1,2
0.3292397,1,1,1,1,1,1,1,1,2
0.3385276,1,1,1,1,1,1,1,1,2
0.3290235,1,1,1,1,1,1,1,1,2
0.3198144,1,1,1,1,1,1,1,1,2
0.3108888,0.9026979,1,1,1,1,1,1,1,2
0.3022371,0.8964609,1,1,1,1,1,1,1,2
0.2938534,0.8904418,1,1,1,1,1,1,1,2
0.2857262,0.8846298,1,1,1,1,1,1,1,2
0.2778437,0.8790137,1,1,1,1,1,1,1,2
0.2701941,0.8735825,1,1,1,1,1,1,1,2
0.2794524,0.8683249,1,1,1,1,1,1,1,2
0.3107427,0.8632109,1,1,1,1,1,1,1,2
0.3432478,0.8581952,1,1,1,1,1,1,1,2
0.3768522,0.8532538,1,1,1,1,0.9978188,1,1,2
1,0.8483569,1,1,1,1,0.9881528,1,1,1
1,0.8426408,1,1,1,1,0.9799317,1,1,1
1,0.8368829,1,1,1,1,0.971773,1,1,1
1,0.8310829,1,1,1,1,0.9636765,1,1,1
1,0.8252403,1,1,1,1,0.9556475,1,1,1
1,0.8193557,1,1,1,1,0.9476832,1,1,1
1,0.8134295,1,1,1,1,0.9397894,1,1,1
1,1,1,1,1,1,0.9319666,1,1,1
1,1,1,1,1,1,0.9240924,1,1,1
1,1,1,1,1,1,0.9162889,1,1,1
1,1,1,1,1,1,0.9085568,1,1,1
1,1,1,1,1,1,0.9009035,1,1,1
1,1,1,1,1,1,0.8933269,1,1,0
1,1,1,1,1,1,0.8858341,1,1,0
1,1,1,1,1,1,0.878427,1,1,0
1,1,1,1,1,1,0.8711097,1,1,0
1,1,1,1,1,1,0.8638838,1,0.9948152,0
1,1,1,1,1,1,0.8567854,1,0.9802577,0
1,1,1,1,1,1,0.8498828,1,0.9653443,0
1,1,1,1,1,1,0.8431927,1,0.9754857,0
1,1,1,1,1,1,0.8365551,1,0.9953262,0
1,1,1,0.9959453,1,1,0.8299006,1,1,0
1,1,1,0.9815171,1,1,0.8233544,1,1,0
1,1,1,0.9666994,1,1,1,1,1,1
1,1,1,0.9575838,1,1,1,1,1,1
1,1,1,0.9482734,1,1,1,0.7879612,1,0
1,1,1,0.9318323,1,1,1,0.7788128,1,0
1,1,1,0.915046,1,1,1,0.7697495,1,0
1,1,1,0.897974,1,1,1,0.7607958,1,0
1,1,1,0.8806777,1,1,1,0.7519831,1,0
1,1,1,0.8632199,1,1,1,0.743337,1,0
1,1,1,0.8456627,1,1,1,0.7348891,1,0
1,1,1,0.828068,1,1,1,0.7266675,1,0
1,1,1,0.8104943,1,1,1,0.7186996,1,0
1,1,1,0.792998,1,1,1,0.7110148,1,0
1,1,1,0.7756315,0.8871721,1,1,0.703635,1,0
1,1,1,0.7569423,0.8608994,1,1,0.6965539,1,0
1,1,1,0.7387472,0.8355311,1,1,0.6899377,1,0
1,1,1,0.7527696,0.811231,1,1,0.6837832,1,0
1,0.8028232,1,0.7694792,0.7879243,1,1,0.6780888,1,0
1,0.7581096,1,0.7883055,0.7655432,1,1,0.6728506,1,0
1,0.7202028,1,0.8095444,0.7440254,1,1,0.6680661,0.7098891,0
1,0.6875693,1,0.8335437,0.7233145,1,1,1,0.6986541,0
1,0.6662465,1,0.8540766,0.7048681,0.8086283,1,1,0.6887674,0
1,0.6404436,1,1,0.6855313,0.7818602,1,1,0.6787181,0
1,0.6174656,1,1,0.6668624,0.7562727,1,1,0.6692787,0
1,0.5968207,1,1,0.6492592,0.7317802,1,1,0.6604277,0
1,0.5781176,1,1,0.6643854,0.7083057,1,1,0.6521481,0
0.9916857,0.5635252,1,1,0.6814493,0.6857784,1,1,0.6444253,0
0.9792614,0.5588276,1,1,0.700716,0.6641341,1,1,0.6372454,0
0.9678745,0.554058,1,1,0.721678,0.6435447,1,1,0.6306425,0
0.9576616,0.5491153,1,1,0.7439529,0.6240388,1,1,0.6246073,0
0.9485267,0.5439657,1,1,0.7674981,0.6055105,1,1,0.6190885,0
0.9403712,0.5385793,1,1,1,0.587863,1,1,0.6140435,0
0.9352787,0.5319856,1,1,1,0.5720962,0.7043024,1,0.6095855,0
0.9256619,0.5274916,1,1,1,0.5755015,0.6764411,1,0.6412808,0
0.9166842,0.5229363,1,1,1,0.5907766,0.6501015,1,1,0
0.9175246,0.5132793,1,1,1,0.5894722,0.6341886,1,1,0
0.9182773,0.5035852,1,1,1,0.5883485,0.6183636,1,1,0
0.9189535,0.4938449,1,1,1,0.5873923,0.6026407,1,1,0
0.9195706,0.4840499,1,1,1,0.5865774,0.5870322,1,1,0
0.9201373,0.4827296,1,1,1,0.5858921,0.5715479,1,1,0
0.9205545,0.4841325,1,1,1,0.5855463,0.5560982,1,1,0
0.9208034,0.4852646,1,1,1,0.5856002,0.5406742,1,1,0
0.9209055,0.4861538,1,1,1,0.5860319,0.5253021,1,1,0
0.920884,0.4868317,1,1,1,0.5868156,0.5100039,1,1,0
0.9207596,0.4873261,1,1,1,0.5879275,0.4947982,1,1,0
0.920547,0.4876575,1,1,1,0.5893537,0.4796995,1,1,0
0.920259,0.4878431,1,1,1,0.591082,0.4647194,1,1,0
0.9199139,0.4879093,1,1,1,0.5930876,0.4498674,1,1,0
0.9195235,0.4878736,1,1,1,0.5953542,0.4351501,1,1,0
0.9190955,0.4877465,1,1,1,1,0.4205722,1,1,1
0.9220685,0.4920991,1,1,1,1,0.4083312,1,1,1
1,0.4960818,1,1,1,1,0.3959018,1,1,1
0.5706834,0.4977885,1,1,1,1,0.3824592,1,1,2
0.5381374,0.510367,1,1,1,1,0.3737493,1,1,2
0.5070573,0.5237318,1,1,1,0.5406796,0.3649881,1,1,2
0.4840339,0.5314834,1,1,1,0.5295884,0.3536819,1,1,1
0.4614817,0.5393094,1,1,1,0.5187575,0.3428474,1,1,1
0.4393741,1,1,1,1,0.5081711,0.3371096,1,1,0
0.4252274,1,1,1,1,1,0.3357272,1,1,1
0.4040378,1,1,1,1,1,0.3305064,1,1,1
0.382733,1,0.9931399,1,1,1,0.3250706,1,1,1
0.3726032,1,0.9827409,1,1,1,0.3194204,1,1,1
0.3767268,1,0.9723603,1,1,1,0.3137148,1,1,1
0.3808317,1,0.9620768,1,1,1,0.3081473,1,1,1
0.3849091,1,0.9518811,1,1,1,0.3027117,1,1,1
0.3889585,1,0.9417645,1,1,1,0.2973936,0.438369,1,0
0.3876494,1,0.934817,1,1,1,0.2998317,0.3968828,1,0
0.3861796,1,0.928201,1,1,1,0.3029765,0.3583335,1,0
0.384602,1,0.921903,1,1,1,0.3068269,0.3226097,1,0
0.3829605,1,0.9158985,1,1,1,0.3113787,0.289535,1,0
0.3812904,1,0.9101568,0.8830209,1,1,0.3166245,0.2588987,1,0
0.3796023,1,0.9046609,0.8730524,1,1,0.3225961,0.2304437,1,0
0.3779474,1,0.8993261,0.863386,1,1,0.3292003,0.2137551,1,0
0.3763968,1,0.8940049,0.8539796,1,1,0.3362204,0.2146603,1,0
0.3750356,1,0.8884766,0.8447585,1,1,0.3432823,0.2156549,1,0
0.3738317,1,1,0.8356621,1,1,1,0.2167186,1,1
0.3745873,1,1,0.8258125,1,1,1,0.2158367,1,1
0.3753267,1,0.8628657,0.8159588,1,1,1,0.2149728,0.3417826,0
0.3732878,1,1,0.8074592,1,1,1,0.2172306,0.2499644,0
0.3712195,1,1,0.7992651,1,1,1,0.2199173,0.1797575,0
0.3691244,1,1,0.791372,1,1,1,0.2230515,0.1802483,0
0.3669978,1,1,0.7837753,0.7735736,1,1,0.2266618,0.1810405,0
0.3648388,1,1,0.7764711,0.7635404,1,1,0.2307761,0.1821397,0
0.3626491,1,1,0.769456,0.7538426,1,1,0.2354211,0.1835487,0
0.3604239,1,1,0.7627274,0.7444721,1,1,0.2406352,0.1852777,0
0.3581646,1,1,0.7562833,0.7354214,1,1,0.2464529,0.1873318,0
0.3558665,1,1,0.7501224,0.7266841,1,1,0.252921,0.189723,0
0.3535305,1,1,0.744244,0.7182537,1,1,1,0.1924585,1
0.3523685,1,1,0.7339529,0.7082801,1,1,1,0.1937,1
0.3512214,1,1,0.7236001,0.6982837,1,1,1,0.1949203,1
0.3500913,1,1,0.7131905,0.6882662,1,1,1,0.1961168,1
0.3489777,1,1,0.7027284,0.6782287,1,1,1,0.1972899,1
0.347886,1,1,0.6922189,0.6681735,1,1,1,0.1984339,1
0.3468157,1,1,0.6816666,0.658102,1,1,1,0.1995494,1
0.3457662,1,1,0.6710768,0.6480165,1,1,1,0.2006372,1
0.3447432,1,1,0.6604539,0.6379186,1,1,1,0.2016919,1
0.3437462,1,1,0.649803,0.6278104,1,1,1,0.2027144,1
1,1,1,0.6391283,0.6176934,1,1,1,0.2037024,0
1,1,1,0.6327527,0.6091992,0.6050609,1,1,1,2
1,1,1,0.621248,0.59876,0.5952991,1,1,1,2
1,1,1,0.6098173,0.5883564,0.5855411,1,1,1,2
1,1,1,0.5984589,0.5779865,0.5757847,1,1,1,2
1,1,1,0.5871714,0.5676491,1,1,1,1,2
1,1,1,0.5757449,0.5572711,1,1,1,1,2
1,1,1,0.5643883,0.5469277,1,1,1,1,2
1,1,1,0.5531006,0.5366175,1,1,1,1,2
1,1,1,0.5418805,0.5263391,1,1,1,1,2
1,1,1,0.5307269,0.5160912,1,1,1,1,2
1,1,1,0.5196379,0.5058722,1,1,1,1,2
1,1,1,0.5086116,0.4956805,1,1,1,1,2
1,1,0.549255,0.4976461,0.485514,1,1,1,1,2
1,1,0.5338004,0.4857839,0.4751883,1,1,1,1,2
1,1,0.518804,0.4741407,0.4649779,1,1,1,1,2
1,1,0.5042375,0.4627001,0.4548694,1,1,1,1,2
1,1,0.4900718,0.4514454,0.4448494,1,1,1,1,2
1,1,0.476278,0.4403602,0.434905,1,1,1,1,2
1,1,0.4628284,0.4294285,0.4250237,1,1,1,1,2
1,1,0.4496963,0.4186357,0.4151947,1,1,1,1,2
1,1,0.4368558,0.4079669,0.405407,1,1,1,1,2
1,1,0.4242828,0.3974091,0.3956515,1,1,1,1,2
1,1,0.4119546,0.38695,0.3859195,1,1,1,1,2
1,1,0.3998497,0.3765779,0.3762034,1,1,1,1,2
1,1,0.387948,0.3662823,0.3664965,1,1,1,1,2
1,1,0.3762313,0.3560541,0.3567934,1,1,1,1,2
1,1,0.3646827,0.3458849,0.3470894,1,1,1,1,2
1,1,0.3532866,0.335767,1,1,1,1,1,2
1,1,0.3416812,0.3256445,1,1,1,1,1,2
1,1,0.3302396,0.3155837,1,1,1,1,1,2
1,0.4093217,0.31895,0.3055782,1,1,1,1,1,2
1,0.3889217,0.3067847,0.2955866,1,1,1,1,1,2
1,0.3694546,0.294932,0.2857653,1,1,1,1,1,2
1,0.3508559,0.2833761,0.2761055,1,1,1,1,1,2
1,0.3330673,0.2721028,0.2665992,1,1,1,1,1,2
1,0.3160353,0.2610982,0.2572384,1,1,1,1,1,2
1,0.2998644,0.2503789,1,1,1,1,1,1,2
1,0.2841857,0.2398659,1,1,1,1,1,1,2
1,0.2691299,0.2295849,1,1,1,1,1,1,2
1,0.2547502,0.2195371,1,1,1,1,1,1,2
0.3633436,0.2410118,0.2097033,1,1,1,1,1,1,2
0.3371699,0.2275747,0.2000374,1,1,1,1,1,1,2
0.3127196,0.214629,0.1905636,1,1,1,1,1,1,2
0.2898334,0.2021472,0.1812727,1,1,1,1,1,1,2
0.2683716,0.1901042,1,1,1,1,1,1,1,2
0.2482106,0.1784763,1,1,1,1,1,1,1,2
0.2292414,0.1672419,1,1,1,1,1,1,1,2
0.2113666,0.1563808,1,1,1,1,1,1,1,2
0.1944993,0.1458741,1,1,1,1,1,1,1,2
0.1785619,0.1357042,1,1,1,1,1,1,1,2
0.1634848,0.1258549,1,1,1,1,1,1,1,2
0.149205,0.1446302,1,1,1,1,1,1,1,2
0.1356667,0.1767204,1,1,1,1,1,1,1,2
0.122818,0.2148313,1,1,1,1,1,1,1,2
0.1106129,0.2606249,1,1,1,1,1,1,1,2
0.1086477,0.3164052,1,1,1,1,1,1,1,2
0.1226482,0.3855436,1,1,1,1,1,1,1,2
0.1378252,1,1,1,1,1,1,1,1,2
0.1541874,1,1,1,1,1,1,1,1,2
0.1716664,1,1,1,1,1,1,1,1,2
0.1902812,1,1,1,1,1,1,1,1,2
0.2100439,1,1,1,1,1,1,1,1,2
0.2309587,1,1,1,1,1,1,1,1,2
0.2530275,1,1,1,1,1,1,1,1,2
0.2762368,1,1,1,1,1,1,1,1,2
0.3005693,1,1,0.9706041,1,1,1,1,1,2
0.3254718,1,1,0.9437443,1,1,1,1,1,2
1,1,1,0.919384,1,1,1,1,1,1
1,1,1,0.9098323,1,1,1,1,1,1
1,1,1,0.9005319,1,1,1,1,1,1
1,1,1,0.8914728,1,1,1,1,1,1
1,1,1,0.8826421,1,1,1,1,1,1
1,1,1,0.8740259,1,1,1,1,1,1
1,1,1,0.8656229,0.9994801,1,1,1,1,1
1,1,1,0.8574339,0.98547,1,1,1,1,1
1,1,1,0.8499125,0.9708411,1,1,1,1,0
1,1,1,0.8430609,0.9556407,1,1,1,1,0
1,1,1,0.8368766,0.9399195,1,1,1,1,0
1,1,1,0.8313593,0.9237338,1,1,1,1,0
1,1,1,0.8265141,0.907141,1,1,1,1,0
1,1,1,0.8223416,0.8902011,1,1,1,1,0
1,1,1,0.8188494,0.8729752,1,1,1,1,0
1,1,1,0.8160396,0.8555235,1,1,1,1,0
1,1,1,0.8139154,0.8379065,1,1,1,1,0
1,1,1,0.8124858,0.8201812,1,1,1,1,0
1,1,1,0.8117496,0.8024033,1,1,1,1,0
1,1,1,0.8117173,0.7846238,1,1,1,1,0
1,1,1,0.8124,0.7668914,1,1,1,1,0
1,1,1,0.8137978,0.7492495,1,1,1,1,0
1,1,1,0.8159181,0.7317368,1,1,1,1,0
1,1,1,0.8187742,0.7143878,1,1,1,1,0
1,1,1,0.8223684,0.6972324,0.8323123,1,1,1,0
1,1,1,0.8347515,0.6772355,0.8035488,1,1,1,0
1,1,1,1,0.6574242,0.7752671,1,1,1,0
1,1,1,1,0.6530482,0.7500678,1,1,1,0
1,1,1,1,0.6575958,0.7253047,1,1,1,0
1,1,1,1,0.6630722,0.7012051,1,1,1,0
1,1,1,1,0.6695045,0.6778034,1,1,1,0
1,1,1,1,0.6769159,0.6551203,1,1,1,0
1,1,1,1,0.6853307,0.6331648,1,1,1,0
1,1,1,1,0.69477,0.6119353,1,1,1,0
1,1,1,1,0.7052616,0.5914215,1,1,1,0
1,1,1,1,0.7168365,0.5716063,1,1,1,0
1,1,1,1,0.7295148,0.5589799,1,1,1,0
1,1,1,1,1,0.5636206,0.6959726,1,1,0
1,1,1,1,1,0.5720814,0.6632905,1,1,0
1,1,1,1,1,0.5816264,0.6324155,1,1,0
1,1,1,1,1,0.5923659,0.6031883,1,1,0
1,1,1,1,1,0.6044204,0.5754671,0.9786575,1,0
1,1,1,1,1,0.6179303,0.5491258,0.9814364,1,0
1,1,1,1,1,0.6330644,0.5240515,0.9848956,1,0
1,1,1,1,1,0.6500199,0.5001436,0.9890548,1,0
1,1,1,1,1,0.9352651,0.4773114,0.9939326,1,0
1,1,1,1,1,0.958874,0.4638422,0.9975645,1,0
1,1,1,1,1,1,0.4680375,1,1,0
1,1,1,1,1,1,0.4720235,1,1,0
1,1,1,1,1,1,0.4762679,1,1,0
1,1,1,1,1,1,0.4807624,1,1,0
1,1,1,1,1,1,0.4855034,1,1,0
1,1,1,1,1,1,0.4904871,1,1,0
1,1,1,1,1,1,0.4957145,0.5670003,1,0
1,1,1,1,1,1,0.5073097,0.5264454,1,0
1,1,1,1,1,1,0.5202179,0.4888999,1,0
1,1,1,1,1,1,0.5345755,0.454027,1,0
1,1,1,1,1,1,0.7888125,0.4215387,0.9055918,0
1,1,1,1,1,1,0.8150468,0.3911863,0.9076864,0
1,1,1,1,1,1,0.8440274,0.3627551,0.9104069,0
1,1,1,1,1,1,1,0.3580771,0.9137657,0
1,1,1,1,1,1,1,0.3635353,0.9177739,0
1,1,1,1,1,1,1,0.3696079,0.922441,0
1,1,1,1,1,1,1,0.3763365,0.9277843,0
1,1,1,1,1,1,1,0.3837586,0.9338172,0
1,1,1,1,1,1,1,0.3919247,0.4918776,0
1,1,1,1,1,1,1,0.4008823,0.4321128,0
1,1,1,1,1,1,1,0.4106933,0.3793325,0
1,1,1,1,1,1,1,0.421418,0.3323761,0
1,1,1,1,1,1,1,0.4331283,0.3153083,0
1,1,1,1,1,1,1,0.6360872,0.319918,0
1,1,1,1,1,1,1,0.6547742,0.324986,0
1,1,1,1,1,1,1,0.6750507,0.3305277,0
1,1,1,1,1,1,1,0.6970645,0.3365637,0
1,0.9922749,1,1,1,1,1,0.7209836,0.3431166,0
1,0.9795343,0.9989559,1,1,1,1,1,0.3502077,0
1,0.9672451,0.9706583,1,1,1,1,1,0.3578643,0
1,0.9553913,0.9438207,1,1,1,1,1,0.3661107,0
1,0.9446386,0.9254228,1,1,1,1,1,0.3745045,0
1,0.9347551,0.9280259,1,1,1,1,1,0.383038,0
1,0.9254194,0.9302222,1,1,1,1,1,0.3918337,0
1,0.9165686,0.9319534,1,1,1,1,1,0.5556868,0
1,0.9097293,0.9279026,1,1,1,1,1,0.5643597,0
1,0.9031639,0.9230741,1,1,1,1,1,0.5729532,0
1,0.8968536,0.9174331,1,1,1,1,1,0.5814275,0
1,0.8907825,0.9109499,1,1,1,1,1,0.5897425,0
1,0.8849342,0.9035999,1,1,1,1,1,0.5978619,0
1,0.8792958,0.8953641,1,1,1,1,1,0.6057501,0
1,0.8738595,0.8862303,1,0.9988598,1,1,1,0.6133683,1
1,0.8686244,0.8761733,1,0.9905904,1,1,1,0.6206692,1
1,0.8636133,0.8650694,1,0.9818826,1,1,1,0.6275565,1
1,0.8588287,0.8529253,1,0.9727302,1,1,1,0.6339863,1
1,0.8542689,0.8397609,1,0.9631326,1,1,1,0.6399271,1
1,0.8499376,0.8256087,1,0.9530948,1,1,1,0.6453492,1
1,0.8458435,0.8105149,1,0.9426273,1,1,1,0.650225,1
1,0.8419908,0.7945383,1,0.9317464,1,1,1,1,2
1,0.8411494,0.7677213,1,0.9158366,1,1,1,1,2
1,0.8408723,0.7523682,0.9875281,0.8998561,1,1,1,1,2
1,0.841177,0.7583482,0.9665759,0.8839104,1,1,1,1,2
1,0.8419513,0.7651441,0.9460381,0.8682272,1,1,1,1,2
1,0.8431836,0.7727355,0.9259726,0.8528436,1,1,1,1,2
1,0.8448617,0.7811005,0.9064223,0.8377873,1,1,1,1,2
1,0.8469685,0.7902119,0.8874164,0.8591501,1,1,1,1,2
1,0.8493055,0.7996078,0.8691864,0.8932137,1,1,1,1,2
1,0.8517834,0.8091031,0.8517383,0.929431,1,1,1,1,2
1,0.8543648,0.8186391,0.8350036,0.967807,1,1,1,1,2
0.7756845,0.8570153,0.8281606,0.8189167,1,1,1,1,1,2
0.7735414,1,1,0.8006234,1,1,1,1,0.6182494,1
0.7711511,1,1,0.7904353,1,1,1,1,1,2
0.7692015,0.8392507,1,0.7753941,1,1,1,1,1,2
0.76782,0.7880425,0.8799936,0.7586972,1,1,1,1,1,2
0.7670241,0.7384763,0.8544901,0.7420415,1,1,1,1,1,2
0.7667682,0.6927101,0.8300665,0.7379425,1,1,1,1,1,2
0.7670572,0.6503128,0.8066552,0.7800761,1,1,1,1,0.6031817,2
0.7671212,0.6173717,0.7875487,0.8109454,1,1,1,1,1,2
0.7683312,0.618532,0.7657484,0.8652121,1,1,1,1,0.5971292,2
0.7690822,0.6232041,0.7479142,0.9048207,1,1,1,1,0.5950114,2
0.7700107,0.6279092,0.7308108,1,1,1,1,1,1,2
0.7725016,0.6367449,0.7109856,1,1,1,1,1,0.5894091,2
0.7737758,0.6413987,0.6954986,1,1,1,1,1,1,2
0.7771502,0.6515113,0.6768475,1,1,1,1,1,0.5842929,2
0.7788235,0.6564507,0.6623916,1,1,1,1,1,1,2
0.7830747,0.6679102,0.6447849,1,1,1,1,1,1,2
1,0.6803598,0.6278002,1,1,1,1,1,0.5760795,1
1,0.6800969,0.6171345,1,1,1,1,1,1,2
0.752427,0.6907178,0.6176925,1,1,1,1,1,1,2
0.6732715,1,0.6518393,1,1,1,1,1,1,2
0.6082337,1,0.6858555,1,1,1,1,1,1,2
0.5491493,0.7347463,0.7277941,1,1,1,1,1,1,2
0.5549049,0.7065167,0.7777943,1,1,1,1,1,1,2
0.5612288,0.6797165,1,1,1,1,1,1,0.5583396,2
0.5646449,0.6619369,1,1,1,1,1,1,1,2
0.5717836,0.6370691,1,1,1,1,1,1,1,2
0.5795447,0.613394,1,1,1,1,1,1,1,2
0.5879511,0.5908306,1,1,1,1,1,1,0.5478109,2
0.5925015,0.5753151,1,1,1,1,1,1,1,2
0.6018349,0.5542496,1,1,1,1,1,1,1,2
0.6118833,0.5341265,1,1,1,1,1,1,1,2
0.6226832,0.5148867,1,1,1,1,1,1,0.5373297,2
0.6280653,0.5014614,1,1,1,1,1,1,0.8011521,2
1,0.4942443,1,1,1,1,1,1,0.7089012,1
1,0.4991608,1,1,1,1,1,1,1,2
1,0.5139504,1,1,1,1,1,1,1,2
1,0.5290869,1,1,1,1,1,1,1,2
0.6594814,0.5445492,1,1,1,1,1,1,1,2
0.6236224,0.5714515,1,1,1,1,1,1,0.818137,2
0.5956373,0.593543,1,1,1,1,1,1,0.7974799,2
0.5694488,0.6163767,1,1,1,1,1,1,0.7859017,2
0.5446332,0.640303,1,1,1,1,1,1,0.7785882,2
0.5209856,0.6655109,1,1,1,1,1,1,0.7736909,2
0.4983835,1,1,1,1,1,1,1,0.7703606,2
0.4799513,1,1,1,1,1,1,1,0.7941455,2
0.4610713,1,1,1,1,1,1,1,0.8089516,2
0.4420781,1,1,1,1,1,1,1,1,2
0.4266252,1,1,1,1,1,1,1,0.7907838,2
0.436353,1,1,1,1,1,1,1,0.7985984,2
0.4463503,1,1,1,1,1,1,0.9994283,0.8060465,2
0.4566038,1,1,1,1,1,1,0.9926524,1,2
0.470511,1,1,1,1,1,1,0.9844424,0.7962314,2
0.480633,1,1,1,1,1,1,0.978129,1,2
0.494857,1,1,1,1,1,1,0.9704614,1,2
0.5092772,1,1,1,1,1,1,0.9630635,0.7917532,2
0.5191231,1,1,1,1,1,1,0.9571559,1,2
0.5336273,1,1,1,1,1,1,0.9501031,1,2
0.5481994,1,1,1,1,1,1,0.9432259,1,2
0.5627903,1,1,1,1,1,1,0.9364964,1,2
0.5773596,1,1,1,1,1,1,0.9298855,1,2
1,1,1,1,1,1,1,0.9233766,1,1
1,1,1,1,1,1,1,0.9180332,1,1
1,1,1,1,1,1,1,0.9127479,1,1
1,1,1,1,1,1,1,0.9075218,1,1
1,1,1,1,1,1,1,0.9023566,1,1
1,1,1,1,1,1,1,0.8972565,1,0
1,1,1,1,1,1,1,0.8922261,1,0
1,1,1,1,1,1,1,0.887267,1,0
1,1,1,1,1,1,1,0.8823837,1,0
1,1,1,1,1,1,1,0.8775809,1,0
1,1,1,1,1,1,1,0.87286,1,0
1,1,1,1,1,1,1,0.8682225,1,0
1,1,1,1,1,1,1,0.8636762,1,0
1,1,1,1,1,1,1,0.8592225,1,0
1,1,1,1,1,1,1,0.8548629,1,0
1,1,1,1,1,1,1,1,1,1
1,1,1,1,1,1,1,1,1,1
1,1,1,1,1,1,1,1,1,1
1,1,1,1,1,1,1,1,1,1
1,0.9933244,1,1,1,1,1,1,1,1
1,0.9775178,1,1,1,1,1,1,1,1
1,0.9611392,1,1,1,1,1,1,1,1
1,0.9442009,1,1,1,1,1,1,1,1
1,0.9267205,1,1,1,1,1,1,1,1
1,0.9146668,1,1,1,1,1,1,1,1
1,0.9169129,1,1,1,1,1,1,1,1
1,0.9191468,1,1,1,1,1,1,1,1
1,0.9213725,1,1,1,1,1,1,1,1
1,0.9235855,1,1,1,1,1,0.9925375,1,1
1,0.9255853,1,1,1,1,1,0.979292,1,1
1,0.9272115,1,1,1,1,1,0.96538,1,1
1,0.9284463,1,1,1,1,1,0.9508092,1,1
1,0.9292696,1,1,1,1,1,0.9355919,1,1
1,0.9296691,1,1,1,1,1,0.9197469,1,1
1,0.9296273,1,1,1,1,1,0.9032984,1,1
1,0.9291382,1,1,1,1,1,0.8862766,1,1
1,0.9281994,1,1,1,1,1,0.8687172,1,1
1,0.9268048,1,1,1,1,1,0.8506598,1,1
1,0.9249598,1,0.9930626,1,1,1,0.8321497,1,1
1,0.922706,1,0.9834188,1,1,1,0.8132811,1,1
1,0.9200673,1,0.973848,1,1,1,0.7941209,1,1
1,0.9170598,1,0.9643504,1,1,1,0.7747186,1,0
1,0.9137026,1,0.9549267,1,1,1,0.766423,1,0
1,0.9102954,1,0.9455147,1,1,1,0.7693217,1,1
1,0.9071136,1,0.936051,1,1,1,0.7721031,1,1
1,0.9041488,1,0.926535,1,1,1,0.7747602,1,1
1,0.9013896,1,0.9169672,1,1,1,0.77729,1,1
1,0.8988214,0.9913015,0.9073471,1,1,1,0.7796944,1,1
1,0.896554,0.9814988,0.8976474,1,1,1,0.7818582,1,1
1,0.8945854,0.9714664,0.887866,1,1,1,0.7837684,1,1
1,0.8929065,0.9612137,0.8780052,1,1,1,0.7854211,1,1
1,0.8915046,0.9507519,0.868068,1,1,1,0.786818,1,1
1,0.8903724,0.9400924,0.858058,1,1,1,0.7879584,1,1
1,0.8894952,0.9292479,0.8479791,1,1,1,0.788851,1,1
1,0.8888669,0.9182307,0.8378357,1,1,1,0.7894976,1,1
1,0.8884782,0.9070545,0.8276327,1,1,1,0.7899053,1,1
1,0.8883197,0.8957329,0.8173751,1,1,1,0.7900819,1,1
1,0.8883833,0.8842793,0.8070678,1,1,1,0.7900366,1,1
1,0.8886607,0.8727075,0.7967163,1,1,1,0.7897786,1,1
1,0.8891442,0.8610317,0.7863263,1,1,1,0.7893182,1,1
0.9738909,1,0.8492646,0.7759026,1,1,1,0.7886698,1,1
0.9348005,1,0.8384787,0.765844,1,1,1,0.7896466,1,1
0.8882718,1,0.82689,0.7554868,1,1,1,0.7892639,1,1
0.8346988,1,0.8144425,0.7448122,1,1,1,0.7873453,1,2
0.7751337,1,0.8011179,0.7338209,1,1,1,0.7837623,1,2
0.7176932,1,0.7869483,0.7225386,1,1,1,0.7784638,1,2
0.7196854,1,0.7721167,0.7110519,1,1,1,0.771674,1,2
0.7218198,1,0.7575946,0.6997114,1,1,1,0.7651083,1,2
0.7240839,1,0.7433715,0.6885096,1,1,1,0.758768,1,2
0.7264655,1,0.729436,0.6774389,1,1,1,0.7526516,1,2
0.7289524,1,0.7157753,0.6664907,1,1,1,0.7467562,0.9370717,2
0.7309037,1,0.703113,0.6558687,1,1,1,0.7425563,0.9172848,2
0.7327098,1,0.6908232,0.645371,1,1,1,0.7389132,0.8921746,1
0.7343038,1,0.6789246,0.634995,1,1,1,0.7359089,0.8609375,1
0.7356085,1,0.6674387,0.6247397,1,1,1,0.7336441,0.8229328,1
0.7365466,1,0.6563892,0.614606,1,1,1,0.7322285,0.7778538,1
0.7370445,1,0.6458,0.6045974,0.9905083,1,1,0.7317798,0.725907,1
0.737038,1,0.6356981,0.5947216,0.9803616,1,1,0.7324266,0.6678573,0
0.7364892,1,0.6260985,0.5849879,0.970113,1,1,0.7342783,0.6052147,0
0.7353932,1,0.6170037,0.5754067,0.9597904,1,1,1,0.6001467,1
0.7364922,1,0.6055867,0.5651563,0.9499044,1,1,1,0.5993219,1
0.7376314,1,0.5941898,0.5549148,0.940025,1,1,1,0.5984725,1
0.7388118,1,0.582816,0.5446833,0.9301515,1,1,1,0.5975967,1
0.7400277,1,0.5714678,0.5344619,0.920283,1,1,1,0.5966993,1
0.7412801,1,0.5601474,0.5271895,0.9104196,1,1,1,0.5957783,1
0.7425603,1,0.5488598,0.5444935,0.9005595,1,1,1,0.5948398,1
0.7438368,1,0.5376302,0.5620868,0.8906955,1,1,1,0.5938984,1
0.7451069,0.709146,0.5264549,0.5799116,0.8808268,1,1,1,0.5929559,2
0.7487501,0.6869605,0.5136164,0.6526901,0.8715186,1,1,1,0.5909264,2
0.752535,0.6655663,0.5010104,0.7423928,0.8622835,1,1,1,0.5889028,2
1,0.6449347,0.488629,0.8514953,1,1,1,1,0.5868822,1
1,0.6304489,0.4779271,0.8414566,1,1,1,1,0.585792,1
1,0.6156777,0.4671486,0.8313892,1,1,1,1,0.5846373,1
1,0.6006572,0.4563039,0.8212975,1,1,1,1,0.5834184,1
1,0.5854245,0.4454036,0.8111865,1,1,1,1,0.5821329,1
1,0.5700175,0.4344587,0.8010617,1,1,1,1,0.5807823,1
1,0.5544745,0.4234806,0.7909294,1,1,1,1,0.5793652,1
0.9881207,0.5388321,0.4124797,0.780795,1,1,1,1,0.5778838,2
0.9501256,0.5229002,0.4014061,0.7706453,1,1,1,1,0.5762957,2
0.927192,0.5062751,0.3901548,0.7604557,1,1,1,1,0.5745138,2
0.931509,0.4893761,0.3788421,0.7502782,1,1,1,1,0.5726008,2
0.9359851,0.4727526,0.3676155,0.74016,1,1,1,1,0.5706477,2
0.9406036,0.456411,0.3564769,0.7301,1,1,1,1,0.5686594,2
0.9453516,0.4403544,0.3454267,0.7200968,1,1,1,1,0.5666375,2
0.950212,0.4245823,0.3344644,0.710148,1,1,1,0.9957905,0.5645851,2
0.9551046,0.4091439,0.3236021,0.7002512,1,1,1,0.9897521,0.5625099,2
0.9599797,0.3940433,0.3343311,0.6903996,1,1,1,0.9839463,0.5604182,2
0.9647156,0.3793277,0.3492835,0.6805857,1,1,1,0.9784931,0.5583218,2
0.9692907,0.3649645,0.3643092,0.6707998,1,1,1,0.9733791,0.5562173,2
0.9737005,0.3509098,0.379327,0.6610344,1,1,1,0.9685742,0.5541064,2
0.593987,0.3371247,0.3942843,0.6512834,1,1,1,0.9640446,0.5519857,2
0.5516345,0.3199764,0.4359781,0.6418815,1,1,1,0.9522465,0.5492858,2
0.5126456,0.3035104,0.4855393,0.6327119,1,1,1,0.9408967,0.5466028,2
0.4767734,0.2877143,0.5445312,1,1,1,1,0.930045,0.5439286,2
0.4428366,0.2723383,0.6192961,1,1,1,1,0.9192035,0.5412527,2
0.4114961,0.2575721,0.6094925,1,1,1,1,0.9088433,0.5385791,2
0.3821204,0.2432849,0.5983347,1,1,1,1,0.8987235,0.5359038,2
0.3546092,0.2294715,0.58748,1,1,1,1,0.888882,0.5332209,2
0.3288491,0.227254,0.5769234,1,1,1,1,0.8793499,0.5305265,2
0.3048119,0.2411136,0.5666632,1,1,1,1,0.8702168,0.5278,2
0.2824419,0.2557646,0.5566846,1,1,1,1,0.8615618,0.5250103,2
0.261523,0.2711669,0.5469502,1,1,1,1,0.8533389,0.522139,2
0.241866,0.2872707,0.5374256,1,1,1,1,0.8455035,0.5191699,2
0.223305,0.3040103,0.528079,1,1,1,1,0.8380163,0.5160928,2
0.2056954,0.3213181,0.5188817,1,1,1,1,0.8308377,0.5128969,2
0.1889109,0.3391183,1,1,1,1,1,0.823932,0.5095743,2
0.1939271,0.3573709,1,1,1,1,1,0.8172547,0.506121,2
0.2013102,0.375553,1,1,1,1,1,0.8108846,0.5024917,2
0.2086653,0.3934554,1,1,1,1,1,0.804794,0.498682,2
0.215964,0.4109407,1,1,1,1,1,0.7989438,0.4946961,2
0.2231753,0.4278717,1,1,1,1,1,0.7933069,0.4905449,1
0.23027,0.4441226,1,1,1,1,1,0.7878627,0.4862422,1
0.2372293,0.4595985,1,1,1,1,1,0.7825901,0.4817978,1
0.2440326,0.473556,1,1,1,1,1,0.7774761,0.4772264,1
0.2506634,0.4638068,1,1,1,1,1,0.7725098,0.4725453,1
0.2571956,0.4541591,1,1,1,1,1,0.7676235,0.467807,1
0.2636251,0.4446009,1,1,1,1,1,0.7628114,0.4729718,1
0.2700465,0.4350509,1,1,1,1,1,0.7580059,0.5122463,1
0.2768354,0.4252757,1,1,1,1,1,0.7529705,0.548223,1
0.2839823,0.4153345,1,1,1,1,1,0.7477344,0.5808322,1
0.2914679,0.4052826,1,1,1,1,1,0.742333,0.6102173,2
0.2992734,0.395169,1,1,1,1,1,0.7367991,0.6366647,2
0.3073815,0.3850343,1,1,1,1,1,0.7311604,0.6605336,2
0.3157764,0.3749122,1,1,1,1,1,0.7254394,0.6822002,2
0.3244366,0.3648284,1,1,1,1,1,0.7196591,0.7020282,2
0.3333423,0.354802,1,1,1,1,1,0.7138373,0.720349,2
0.3424809,0.3448468,1,1,1,1,1,0.707984,0.7374482,2
0.351837,0.3349723,1,1,1,1,1,0.7021088,1,2
0.3652857,0.3440226,1,1,1,1,1,0.6950582,0.7428206,1
0.3745284,0.365004,1,1,1,1,1,0.6893272,1,2
0.3879244,0.398325,1,1,1,1,1,0.682625,1,2
0.3786348,0.4325806,1,1,1,1,1,0.6761087,1,2
0.3639746,0.4684514,1,1,1,1,1,0.6696811,1,2
0.3499321,0.5060773,1,1,1,1,1,0.6633134,1,2
0.3364432,0.5453477,1,1,1,1,1,0.656992,1,2
0.3234494,1,1,1,1,1,1,0.6507052,1,1
0.3119831,1,1,0.9926049,1,1,1,0.6446903,1,1
0.3006508,1,1,0.9722887,1,1,1,0.6386697,1,1
0.2894995,1,1,0.9569914,1,1,1,0.6326528,1,1
0.2784936,1,1,0.9492193,1,1,1,0.6266357,1,1
0.2832839,1,1,0.94137,1,1,1,0.6206108,1,1
0.2934209,1,1,0.9332482,1,1,1,0.6145993,1,1
0.3033482,1,1,0.9247924,1,1,1,0.6086099,1,1
0.3130354,1,1,0.9160134,1,1,1,0.6026453,1,1
0.3224546,1,1,0.9069239,1,1,1,0.5967095,1,1
0.3315858,1,1,0.8975381,0.9985765,1,1,0.5908043,1,1
0.3403922,1,1,0.8878563,0.9874352,1,1,0.5849369,1,1
0.348746,1,1,0.877792,0.9756697,1,1,0.5791258,1,1
0.3566291,1,1,0.8673674,0.9633189,1,1,0.5733761,1,1
0.3640203,1,1,0.856608,0.9504266,1,1,0.5676998,0.6051032,0
0.3639451,1,1,0.8393777,0.9268517,1,1,0.5630038,0.594575,0
0.3635663,1,1,0.8601862,0.9038914,1,1,0.5587318,0.5845371,0
0.3631007,1,1,0.8902095,0.8818123,1,1,0.5548632,0.5750774,0
0.3625527,1,1,0.9244129,0.8605608,0.976993,1,0.5513986,0.5661767,0
0.3619301,1,1,0.9635465,0.8400866,0.9484933,1,0.5483364,0.5578148,0
0.3612359,1,1,1,0.8203444,0.9212472,1,0.5456792,0.5499762,0
0.3604766,1,1,1,0.8012921,0.8951688,1,0.5434273,0.5426434,0
0.3596497,1,1,1,0.7828903,0.87018,1,0.5415887,0.5358074,0
0.3587609,1,1,1,0.7651033,0.8462098,1,1,0.5294535,0
0.3621706,1,1,1,0.7527657,0.8312783,1,1,0.5246393,0
0.3652669,1,1,1,0.7402735,0.8161003,1,1,0.5198693,0
0.3680589,1,1,1,0.7347432,0.8007274,1,1,0.5151609,0
0.370593,1,1,1,0.7392943,0.7852727,1,1,0.5105406,0
0.3729351,1,1,1,0.7448138,0.7698589,1,1,0.5060283,0
0.3750953,1,1,1,0.751321,0.7545166,1,1,0.5016359,0
0.377091,1,1,1,0.7588221,0.739272,1,1,0.4973682,0
0.3789346,1,1,1,0.7673351,0.7241479,1,1,0.4932321,0
0.3806414,1,1,1,0.776873,0.7091638,1,1,0.4892305,0
0.3822257,1,1,1,0.787452,0.6943341,1,1,0.4853658,0
0.3836965,1,1,1,0.7991012,0.6796712,0.8289038,1,0.4816421,0
0.3837201,1,1,1,0.8241047,0.6633401,0.80409,1,0.4779533,0
0.3835796,1,1,1,0.8528848,0.647255,0.7798508,1,0.4745119,0
0.3833089,1,1,1,0.8857988,0.6314546,0.7562572,1,0.4713267,0
0.3829399,1,1,1,1,0.6159672,0.7333587,1,0.4684002,0
1,1,1,1,1,0.6010619,0.7117165,1,1,0
1,1,1,1,1,0.6050323,0.6904581,1,1,0
1,1,1,1,1,0.6200974,0.6697463,1,1,0
1,1,1,1,1,0.6366245,0.649674,1,1,0
1,1,1,1,1,0.6547051,0.6302246,1,1,0
1,1,1,1,1,0.6744225,0.6113776,1,1,0
1,1,1,1,1,0.695868,0.5931097,1,1,0
1,1,1,1,1,0.7191496,0.5753957,1,1,0
1,1,1,1,1,0.7443764,0.5582089,1,1,0
1,1,1,1,1,0.7716664,0.5415215,1,1,0
1,1,1,1,1,0.8011484,0.525306,1,1,0
1,1,1,1,1,1,0.5095342,1,1,0
1,1,1,1,1,1,0.4947491,1,1,0
1,1,1,1,1,1,0.4801572,1,1,0
1,1,1,1,0.9943193,1,0.4683618,1,1,0
1,1,1,1,0.9835593,1,0.4763393,0.6689913,1,0
1,1,1,1,0.972447,0.9950849,0.4944656,0.6341826,1,0
1,1,1,1,0.9617742,0.9805106,0.514807,0.6014834,1,0
1,1,1,1,0.9515311,0.9664839,0.5376821,0.5707036,1,0
1,1,1,1,0.941708,0.9529856,0.5634588,0.541675,1,0
1,1,1,1,0.9322964,0.9399984,0.5925997,0.5142487,1,0
1,1,1,1,0.9232889,0.9275066,0.6256543,0.4882924,1,0
1,1,1,1,1,0.915495,0.6633205,0.4636876,1,0
1,1,1,1,1,0.9039503,0.9541284,0.440329,1,0
1,1,1,1,1,0.8930291,0.9381679,0.4195662,1,0
1,1,1,1,1,0.8824019,0.922564,0.3994593,1,0
1,1,1,1,1,0.8720845,0.907355,0.3800308,1,0
1,1,1,1,1,0.862086,0.8925695,0.368471,1,0
1,1,1,1,1,0.8524065,0.8782691,0.3797302,0.6082705,0
1,1,0.9871116,1,1,0.8431322,0.8638846,0.3933656,0.5620123,0
1,1,0.9570985,1,1,1,0.8500606,0.4082789,0.5197088,0
1,1,0.928723,1,1,1,0.8367778,0.424591,0.4808795,0
1,1,0.9018325,1,1,1,0.8240178,0.4424508,0.44512,0
1,1,0.8763051,1,1,1,0.8117639,0.4620123,0.4120863,0
1,1,0.852019,1,1,1,0.800001,0.483471,0.3814847,0
1,1,0.8325985,1,1,1,0.7887143,0.5070413,0.3530615,0
1,1,0.8368546,1,1,1,0.777891,0.5329732,0.3265977,0
1,1,0.8417823,1,1,1,0.7675188,0.561566,0.3312516,0
1,1,0.8474326,1,1,1,0.7575871,0.849572,0.34157,0
1,1,0.8531049,1,1,1,0.7480908,0.8309689,0.3524023,0
1,1,0.8589344,0.9701461,1,1,0.7389842,0.8133671,0.3638006,0
1,1,0.8640567,0.9384251,1,1,1,0.7969443,0.3754976,0
1,1,0.8684996,0.9097098,1,1,1,0.7815166,0.3874904,0
1,1,0.8720863,0.8836632,1,1,1,0.7669896,0.3997062,0
1,1,0.8747048,0.8599394,1,1,1,0.7532601,0.4120873,0
1,1,0.876249,0.8382476,1,1,1,0.7402377,0.4245767,0
1,1,0.8766181,0.8183557,1,1,1,0.7278433,0.4371057,0
1,1,0.8757194,0.8000565,1,1,1,0.7160067,0.4496157,0
1,1,0.8734699,0.78319,1,1,1,0.7046668,0.462033,0
1,1,0.8697979,0.7676097,0.9671297,1,1,0.6937696,0.4742956,0
1,1,0.863634,0.7538102,0.9465691,1,1,0.6834196,0.4859305,0
1,1,0.8553047,0.7414192,0.9286275,1,1,0.6734982,0.4969801,1
1,1,0.8448864,0.7302858,0.9129959,1,1,0.6639457,1,2
1,1,0.81426,0.7311785,0.9189302,1,1,0.657402,1,2
1,1,0.7840455,0.7327612,1,1,1,0.6509406,1,2
1,1,0.7562635,0.733615,1,1,1,0.6441981,1,2
1,1,0.7287179,0.7352021,1,1,1,0.6375455,1,2
1,1,0.7015313,0.737522,1,1,1,0.6309731,1,2
1,1,0.6748077,0.7405666,1,1,1,0.6244696,1,2
1,1,0.648633,0.7443306,1,1,1,0.6180224,1,2
1,1,0.6230747,0.7488019,1,1,1,0.6116175,1,2
1,1,0.5981822,0.7539603,1,1,1,0.6052389,1,2
1,1,0.5767671,0.759789,1,1,1,0.5988703,1,2
1,1,0.5773163,0.7661717,1,1,1,0.5924703,1,2
1,1,0.577766,0.7723058,1,1,1,0.5858354,1,2
1,1,0.5780975,0.7781537,1,1,1,0.5789611,1,2
1,1,0.5783022,0.783691,1,1,1,0.571845,1,2
1,1,0.5783685,0.7888907,1,1,1,0.5644867,1,2
1,1,0.5782864,1,1,1,1,0.5568875,1,2
1,1,0.575506,1,1,1,1,0.5477222,1,2
1,1,0.5726508,1,1,1,1,0.5384435,1,1
1,1,0.5697174,1,1,1,1,0.529054,1,1
1,1,0.5667022,1,1,1,1,0.5195564,1,1
1,0.8029847,0.5636065,1,1,1,1,0.5099534,1,2
1,0.7490039,0.5647902,1,1,1,1,0.5023969,1,2
1,0.6953191,0.5671341,1,1,1,1,0.4952058,1,2
1,0.6427777,0.570677,1,1,1,1,0.4883565,1,2
1,0.5920708,0.5754493,1,1,1,1,0.4818179,1,2
1,0.543703,0.5814734,1,1,1,1,0.4755509,1,2
1,0.4979996,0.5887607,1,1,1,1,0.4695107,1,2
1,0.4551227,0.5973117,1,1,1,1,0.4636469,1,2
1,0.4260264,0.607127,1,1,1,1,0.4579048,1,2
1,0.4274637,0.6178633,1,1,1,1,0.4520877,1,2
1,0.4289866,0.6285809,1,1,1,0.7651478,0.4457787,1,2
1,0.4300175,1,1,1,1,0.7292421,0.43819,1,1
1,0.4286575,1,1,1,1,0.7268344,0.4268246,1,1
1,0.4272331,1,1,1,1,0.7255834,0.4152507,1,1
1,0.4257451,1,1,1,0.9961253,0.7253857,0.4034854,1,1
1,0.4241916,1,1,1,0.9862679,0.7261606,0.3915453,1,1
1,0.4225777,1,1,1,0.9764159,0.7278178,0.379448,1,1
1,0.4209006,1,1,1,0.9665673,0.7303134,0.3672083,0.6595586,0
1,0.4159989,1,1,1,0.9568944,1,0.3511497,0.6216465,0
1,0.4114679,1,1,1,0.9473182,0.9733114,0.3358947,0.5875232,0
1,0.4066134,1,1,1,0.9379013,0.9607671,0.3206048,0.5533805,0
1,0.4015108,1,1,1,0.9286727,0.9482151,0.3194357,0.5197553,0
1,0.3962761,1,1,1,0.919638,0.9357905,0.3290266,0.4872605,0
1,0.3909922,1,1,1,0.9107881,0.9235819,0.3393352,0.456237,0
1,0.3856874,1,1,1,0.9021174,0.9116113,0.3503517,0.4266991,0
1,0.3803775,1,1,1,1,0.8998926,0.3620724,0.3986275,0
1,0.3750014,1,1,1,1,0.8883737,0.3747489,0.3716989,0
1,0.3696385,1,1,1,1,0.8771175,0.3881796,0.3461371,0
1,0.3642979,1,1,1,1,0.8661205,0.4023487,0.3218687,0
1,0.3589852,1,1,1,1,0.8553742,0.4172364,0.2988103,0
0.3329042,0.3537028,1,1,1,1,0.8448669,0.4328186,0.2768758,2
0.3292798,0.3523607,1,1,1,1,0.8366843,0.4277193,0.2665628,2
0.3259041,0.3510832,1,1,1,1,0.8285211,0.423471,0.2676777,2
0.322743,0.3499093,1,1,1,1,0.820388,0.4197026,0.2687876,2
0.3197815,0.3488299,1,1,1,1,0.8122644,0.4163547,0.2698883,2
0.3170032,0.3478335,1,1,1,1,0.8041325,0.4133815,0.2709797,2
0.3143927,0.3469093,1,1,1,1,0.7959763,0.4107441,0.2720617,2
0.3119385,0.3460506,1,1,1,1,0.7877823,0.4084034,0.2731308,2
0.3096244,0.3452443,1,1,1,1,0.779539,0.4063359,0.274191,2
0.3074408,0.3444851,1,1,1,1,0.7712364,0.4045113,0.2752394,2
0.305376,0.3437646,1,1,1,0.7457138,0.7628663,0.4029083,0.2762768,2
0.3034327,0.3431686,1,1,1,0.7356372,0.754504,0.4012534,0.2772302,2
0.3015962,0.3425856,1,1,1,0.7256304,0.7460436,0.3998464,0.2781855,2
0.2998525,0.3420053,1,1,1,0.7156789,0.7374796,0.3986695,0.2791453,2
0.2981914,0.3414209,1,1,1,0.7057709,0.728809,0.3977029,0.2801096,2
0.2966067,0.3408304,1,1,1,0.6958963,0.7200308,0.3969245,0.2810752,2
0.2950894,1,1,1,1,0.6860462,0.7111443,0.3963197,0.2820427,0
0.292792,1,1,1,1,0.6762689,0.6977321,0.4076868,0.2864458,0
0.290456,1,1,1,1,0.6666967,0.6849222,0.419153,0.2909744,0
0.2880731,1,1,1,1,1,0.6726275,0.4306408,0.2955949,0
0.2856267,1,1,1,1,1,0.660688,0.4424543,0.3003828,0
0.2831174,1,1,1,1,1,0.6491164,0.4543076,0.3052525,0
0.2805438,1,1,1,1,1,0.6378626,0.6420993,0.3101789,0
0.2779425,1,1,1,1,1,0.6273338,0.627453,0.3143123,0
0.2752943,1,1,1,1,1,0.6168805,0.6356379,0.3185384,0
0.2725993,1,1,1,1,1,0.6065531,0.6456672,0.3227469,0
0.2698605,1,1,1,1,1,0.5963403,0.6553183,0.3269189,0
0.2670843,1,1,1,1,1,0.586227,0.664568,0.3310426,1
0.2642717,1,1,1,1,1,0.5762002,0.6734077,0.3351142,1
0.2614275,1,1,1,1,0.9964878,0.5662482,0.6818272,0.3391269,1
0.2585564,1,1,1,1,0.987151,0.5563623,0.6898021,0.3430709,1
0.2556636,1,1,1,1,0.9777566,0.5465354,0.6972981,0.3469343,1
0.2527518,1,1,1,1,0.9683057,0.5367593,0.7043207,0.3507156,1
0.2498267,1,1,1,1,0.9588,0.5270267,0.6219486,0.3544102,1
0.246889,1,1,1,1,0.9494899,0.517193,0.6095232,0.3584992,1
0.4238596,1,1,1,1,0.9401751,0.5073851,0.597194,0.3626091,0
0.5274487,1,1,1,1,0.9318271,0.4971458,0.582209,0.3685996,0
0.5603701,1,1,1,1,0.9241468,0.4868097,0.5661503,0.3758497,0
0.5757464,1,1,0.9693443,1,0.916777,0.4766137,0.5502836,0.6536111,0
1,1,0.9926353,0.9546753,1,0.9079571,0.4669637,0.5379146,0.6327809,0
1,1,1,0.9142751,1,0.9019563,0.5715022,0.5208927,0.5985587,0
1,1,1,0.8766147,1,0.8963827,0.8770477,0.5045744,0.5666353,0
0.5670641,1,1,0.8417259,1,1,0.8671794,0.4889821,0.5369653,1
1,1,1,0.8302625,1,1,0.8579389,0.477941,0.5385856,0
1,1,1,0.8013269,1,1,0.8486142,0.4630976,0.5533313,0
1,1,1,0.8012231,1,1,0.8397213,0.4491816,0.5682248,0
1,1,1,0.8008415,0.9852247,1,0.8311814,0.4359619,0.5834655,0
1,1,1,0.7999378,0.9440319,1,0.8229209,0.4234093,0.5988268,0
1,1,1,0.7980927,0.9085132,1,0.8148421,0.4115244,0.5546365,0
1,1,1,0.7964681,0.8748021,1,0.8069974,0.3999424,0.5338871,0
1,1,1,0.7945487,0.8438524,1,0.7993219,0.3887546,0.5143539,0
1,1,1,0.7922771,0.815363,1,0.7917824,0.3779277,0.495925,0
1,1,1,0.7896019,0.7890598,1,0.7843474,0.3674292,0.4784959,0
1,1,1,0.7864785,0.7647063,1,0.776988,0.3572286,0.4619701,0
1,1,1,0.7828687,0.7420936,1,0.7696779,0.3626451,0.4462584,0
1,1,1,0.7786021,0.7212334,0.995597,0.7623706,0.3944581,0.4313488,0
1,1,1,0.773376,0.7023116,0.9632729,0.7549954,0.4267104,0.4172808,0
1,1,1,0.7668388,0.6855494,0.9356561,1,0.4582264,0.4040977,0
1,1,1,0.7604371,0.6688727,0.9083962,1,0.4918405,0.3910731,0
1,1,1,0.7528838,0.6538585,0.8846678,1,0.5243803,0.3787256,1
1,1,1,0.744275,0.6408644,0.8638633,1,0.5554806,0.3669361,1
1,1,1,0.734723,0.6321141,0.8454847,1,0.5848653,0.3556007,1
1,1,1,0.7243859,0.6228935,0.8290179,1,0.6125072,0.3446153,1
1,1,1,0.7133322,0.6132422,0.8142357,1,0.7099983,0.3339231,1
1,1,1,0.7010954,0.6028758,0.8021892,1,0.7017713,0.3236631,1
1,1,1,0.6885652,0.5923298,0.7908322,1,0.6936101,0.3134905,1
1,1,1,0.6757763,0.5816239,0.7801024,1,0.685506,0.3033853,1
1,1,1,0.6627636,0.5707783,0.7699479,1,0.6774503,0.2933287,1
1,1,1,0.6495619,0.5623269,0.7603049,1,0.6694351,0.2910468,1
1,1,1,0.6361103,0.5545965,0.7513604,1,0.6614772,0.2990354,1
1,1,1,0.6222934,0.5473827,0.7434524,1,0.6536099,0.3066837,1
1,1,1,0.608192,0.5406218,0.7364569,1,0.6458157,0.3140015,2
1,1,1,0.5938798,0.5342585,0.7302662,1,0.6380786,0.3210003,2
1,1,1,0.579421,0.5282339,0.724773,1,0.6303843,0.3277031,2
1,1,0.7874118,0.5648728,0.5225068,0.7198969,1,0.6227201,0.3341231,2
1,1,0.7546006,0.5462905,0.5231875,0.7285019,1,0.616439,0.3372857,2
1,1,0.7226377,0.5279387,0.5245953,0.7389429,1,0.6102293,0.3400725,2
1,1,0.6917059,0.5099064,0.5266572,0.7511631,1,0.6040643,0.3425588,2
1,1,0.6619238,0.4922583,0.5292999,0.7651056,1,0.5979158,0.3448113,2
1,1,0.6333544,0.4750372,0.5324506,0.7807136,1,0.5917549,0.3468862,2
1,1,0.6060168,0.4582667,0.536026,1,1,0.5855526,0.3488381,2
1,1,0.5820675,0.4429361,0.5371469,1,1,0.5786597,0.3516489,2
1,1,0.5586191,0.4277749,0.5388745,1,1,0.5717825,0.3542203,2
1,1,0.5357339,0.4128153,0.5411662,1,1,0.5648999,0.3565879,2
1,1,0.5134537,0.4074572,0.5439731,1,1,0.5579904,0.3587876,2
1,1,0.4919433,0.4065415,0.5469816,1,1,0.5509766,0.3609231,2
1,1,0.471227,0.4056208,0.5500282,1,1,0.5438178,0.3630401,2
1,1,0.4512462,0.4046699,0.5530676,1,1,0.5365049,0.3651505,2
1,1,0.4319437,0.4036719,0.5560647,1,1,0.5290302,0.3672597,2
1,1,0.4132645,0.4026119,0.5589877,1,1,0.5213882,0.3693715,2
1,1,0.3951568,0.4014775,0.5618075,1,1,0.5135743,0.3714883,2
1,1,0.3775722,0.4002581,0.5644981,1,1,0.5055861,0.3736116,2
1,1,0.3604659,0.398945,0.5670363,1,1,0.4974224,0.3757421,2
1,1,0.3437962,0.3975312,0.5694013,1,1,0.489083,0.3778796,2
1,1,0.3275245,0.3960052,0.5715666,1,1,0.4805685,0.3800279,2
1,1,0.3116159,0.3943686,0.5735251,1,0.8961438,0.4718812,0.3821825,2
1,0.6102961,0.2961451,0.392369,0.5746871,1,0.8636303,0.4629294,0.3844419,2
1,0.5513203,0.2784448,0.4006217,0.6001326,1,0.728943,0.4576372,0.3828406,2
1,0.4984164,0.2802989,0.4101436,1,1,0.6359316,0.4523346,0.381214,2
1,0.4568965,0.2806883,0.4159782,1,1,0.5906712,0.445279,0.3810108,2
1,0.4186104,0.2812137,0.4221725,1,1,0.5546736,0.4379919,0.3808418,2
1,0.3831999,0.2818297,0.4286214,1,1,0.5256783,0.4304312,0.380729,2
1,0.3503165,0.2824973,0.4352294,1,1,0.5020741,0.4225641,0.3806844,2
1,0.3196362,0.2831841,0.4419115,1,1,0.4826857,0.414368,0.3807132,2
1,0.2908657,0.2838637,0.4485925,1,1,0.4666398,0.4058281,0.3808151,2
1,0.2637447,0.28451,0.4551996,1,1,0.4532896,0.396937,0.3809907,2
1,0.2380457,0.2851118,0.4616855,1,1,0.4421128,0.3876945,0.381231,2
1,0.2135713,0.2856514,0.467995,1,1,0.4327287,0.3781045,0.3815335,2
1,0.1909909,0.2861198,0.4740899,1,1,0.4248257,0.3681757,0.3818917,2
1,0.1898944,0.2864981,0.4798991,1,1,0.4182046,0.3579104,0.3823049,2
1,0.188731,0.2864626,0.4843675,1,1,0.4137986,0.347106,0.3829039,2
1,0.1875052,0.2860554,1,1,1,0.4111143,0.3358397,0.6185562,2
0.5109981,0.1864543,0.2861443,1,1,1,0.4070657,0.3247048,0.6036007,2
0.3488265,0.1872915,0.2929234,1,1,1,0.384087,0.3174236,0.6079997,2
0.232324,0.1884831,0.3006891,1,1,1,0.3635115,0.3099658,0.6130716,2
0.1585447,0.1900445,0.3095515,1,1,1,0.3448972,0.302314,0.6189343,2
0.1584145,0.1919925,0.3196396,1,1,1,0.3279038,0.2944493,0.6257353,2
0.1585684,0.1943498,0.3311113,1,1,1,0.3122559,0.2863504,0.6336608,2
0.1590067,0.197134,0.3441397,1,1,1,0.2977501,0.2779941,1,2
0.159737,0.2003725,0.3589455,1,1,1,0.2842078,0.2693543,1,2
0.1607644,0.2040918,0.3757859,1,1,0.6349722,0.2714902,0.2604021,1,2
0.1620917,0.2083173,1,1,1,0.570012,0.2594896,0.2511048,1,2
0.1634062,0.2120124,1,1,1,0.5278801,0.2505998,0.2398061,1,2
0.1647701,0.215513,1,1,1,0.4962091,0.243189,0.2272805,1,2
0.1661516,0.2187873,1,1,1,0.4718497,0.2369494,0.2136513,1,2
0.1675314,0.2218215,1,1,1,0.4528023,0.2316457,0.1990522,1,2
0.1688893,0.2246017,1,1,1,0.4377689,0.2271134,0.183623,0.6094292,0
0.1690548,0.223285,1,1,1,0.4530716,0.2298873,0.1636811,0.5195094,0
0.168924,0.2212043,1,1,1,0.4760795,0.2343438,0.1437568,0.4330063,0
0.1685301,0.2185253,1,1,1,0.5078849,0.2404874,0.1406061,0.3538296,0
0.1679512,0.2155455,1,1,1,0.5483793,0.2479905,0.1421054,0.2843494,0
0.1672293,0.2124287,1,1,1,1,0.2566717,0.1439535,0.2241233,0
0.1665666,0.2098658,1,1,1,1,0.2645231,0.1456758,0.173838,0
0.1657725,0.2071396,1,1,1,1,0.2735615,0.1477216,0.1284247,0
0.1648596,0.2043047,1,1,1,1,0.2837618,0.1500747,0.1169043,0
0.163894,0.2016005,1,1,1,1,0.2942204,0.152535,0.1178625,0
0.1628981,0.1990839,1,1,1,1,0.3045103,0.1550096,0.1189116,0
0.1618718,0.1967241,1,1,1,1,0.314559,0.1574823,0.1200349,0
0.1608144,0.1944948,1,1,1,1,0.3243077,0.1599415,0.1212194,0
0.1597309,0.19238,1,1,1,1,0.3336942,0.1623717,0.1224497,0
0.1586188,0.1903582,1,1,1,1,0.3426903,0.1647706,0.1237202,0
0.1574834,0.1884197,1,1,1,1,0.3512557,0.1671276,0.1250193,0
0.1563282,0.1865547,1,1,1,1,0.3593663,0.1694363,0.1263385,0
0.1551546,0.1847528,1,1,1,1,0.3670133,0.1716948,0.1276732,1
0.1539679,0.1830099,1,1,1,1,0.3741842,0.1738968,0.1290151,1
0.1527711,0.18132,1,1,1,1,0.3808809,0.1760404,0.1303595,1
0.1515645,0.1796756,1,1,1,1,0.3871186,0.178128,0.131705,1
0.1503521,1,1,1,1,1,0.3929058,0.1801573,0.1330467,0
0.1485466,1,1,1,1,1,1,0.1863244,0.1356757,0
0.1466115,1,1,1,1,1,1,0.1931571,0.1386292,0
0.1445682,1,1,1,1,1,1,0.200405,0.1418283,0
0.1424211,1,1,1,1,1,1,0.2080345,0.1452483,0
0.140167,1,1,1,1,1,1,0.2160225,0.1488742,0
0.137807,1,1,1,1,1,1,0.2243377,0.1526874,0
0.1353435,1,1,1,1,1,1,0.2329455,0.1566689,0
0.1327801,1,1,1,1,1,1,0.2418078,0.1607992,0
0.1301183,1,1,1,1,1,1,0.2508891,0.1650621,0
0.29246,1,1,1,1,1,1,0.2601459,0.1694376,0
0.4139138,1,1,1,1,1,1,0.2725366,0.1747386,0
0.4283969,1,1,1,1,1,1,0.2876965,0.1808618,0
0.4372077,1,1,1,1,1,1,1,0.1874097,0
1,1,1,1,1,1,1,1,0.1921109,0
1,1,1,1,1,1,1,1,0.1993988,0
1,1,1,1,1,1,1,1,0.2072453,0
0.4918546,1,1,1,1,1,1,1,0.2156822,0
1,1,1,1,1,1,1,1,0.2216145,0
1,1,1,1,1,1,1,1,0.230896,0
1,1,1,1,1,1,1,1,0.2408611,0
1,1,1,1,1,1,1,1,0.2515549,0
1,1,1,1,1,1,1,1,1,1
1,1,1,1,1,1,1,1,1,1
1,1,1,1,1,1,1,1,1,1
1,1,1,1,1,1,1,1,1,1
1,1,1,1,1,1,1,1,1,1
1,1,1,1,1,1,1,1,1,1
1,1,1,1,1,1,1,1,1,1
1,1,1,1,1,1,1,1,1,1
1,1,1,1,1,1,1,1,1,1
1,1,1,1,1,1,1,1,1,1
1,1,1,1,1,1,1,1,1,1
0.9973146,1,1,1,1,1,1,1,1,1
0.9923977,1,1,1,1,1,1,1,1,1
0.9874371,1,1,1,1,1,1,1,1,1
0.9824365,1,1,1,1,1,1,1,1,1
0.9773965,1,1,1,1,1,1,1,1,1
0.9723209,1,1,1,1,1,1,1,1,1
0.9672109,0.962841,1,1,1,1,1,1,1,1
0.9903685,0.9072809,1,1,1,1,1,1,1,2
1,0.8591919,1,1,1,1,1,1,1,2
1,0.8555554,1,1,1,1,1,1,1,2
1,0.8520187,1,1,1,1,1,1,1,2
1,0.8485859,1,1,1,1,1,1,1,2
1,0.8452576,1,1,1,1,1,1,1,2
1,0.8420348,1,1,1,1,1,1,1,2
1,0.8389211,1,1,1,1,1,1,1,2
1,0.8359205,1,1,1,1,1,1,1,2
1,0.8330299,1,1,1,1,1,1,1,2
1,0.8302535,1,1,1,1,1,1,1,2
1,0.8275946,1,1,1,1,1,1,1,2
1,0.8250537,1,1,1,1,1,1,1,2
1,0.822631,1,1,1,1,1,1,1,2
1,0.8203267,1,1,1,1,1,1,1,2
1,0.8181441,1,1,1,1,1,1,1,2
1,1,1,1,1,1,1,1,1,1
1,1,1,1,1,1,1,1,1,1
1,1,1,1,1,1,1,1,1,1
1,1,1,1,1,1,1,1,1,1
1,1,1,1,1,1,1,1,1,1
1,1,1,1,1,1,1,1,1,1
1,1,1,1,1,1,1,1,1,1
1,1,1,1,1,1,1,1,1,1
1,1,1,1,1,1,1,1,1,1
1,1,1,1,1,1,1,1,1,1
1,1,1,1,1,1,1,1,1,1
1,1,1,1,1,1,1,1,1,1
1,1,1,1,1,1,1,1,1,1
1,1,1,1,1,1,1,1,1,1
1,1,1,1,1,1,1,1,1,1
1,1,1,1,1,1,1,1,1,1
1,1,1,0.9599018,1,1,1,1,1,1
1,1,1,0.9496988,1,1,1,1,1,1
1,1,1,0.939485,1,1,1,1,1,1
1,1,1,0.9292604,1,1,1,1,1,1
1,1,0.9981626,0.9190261,1,1,1,1,1,1
1,1,0.9868552,0.9087774,1,1,1,1,1,1
1,1,0.9754324,0.8984888,1,1,1,1,1,1
1,1,0.9638993,0.8881628,1,1,1,1,1,1
1,1,0.9522619,0.8778018,1,1,1,1,1,1
1,1,0.9405263,0.8674084,1,1,1,1,1,1
1,1,0.9287,0.8569859,1,1,1,1,1,1
1,1,0.9167897,0.8465369,1,1,1,1,1,1
1,1,0.9048036,0.8360653,1,1,1,1,1,1
1,1,0.8927496,0.8255745,1,1,1,1,1,1
1,1,0.8806364,0.8150684,1,1,1,1,1,1
1,1,0.8684726,0.8045505,1,1,1,1,1,1
1,1,0.8562665,0.7940246,1,1,1,1,1,1
1,1,0.8440267,0.7834944,1,1,1,1,1,1
1,1,0.8317628,0.7729639,1,1,1,1,1,1
1,1,0.8194829,0.7624367,1,1,1,1,1,2
1,1,0.8071953,0.7519163,1,1,1,1,1,2
1,1,0.7949084,0.7414061,1,1,1,1,1,2
1,1,0.7826303,0.7309096,1,1,1,1,0.9988616,2
1,1,0.7703829,0.7204337,1,1,1,1,0.9972863,2
1,1,0.7581772,0.7099819,1,1,1,1,0.9956698,2
1,1,0.7460187,0.6995562,1,1,1,1,0.994016,2
1,1,0.7339119,0.6891578,1,1,1,1,0.9923285,2
1,1,0.7218605,0.6787876,1,1,1,1,0.9906074,2
1,1,0.7098687,0.6684469,1,1,1,1,0.9888591,2
1,1,0.6979389,0.658136,1,1,1,1,0.9870828,2
1,1,0.6860737,0.6478551,1,1,1,1,1,2
1,1,0.6741309,0.6375748,1,1,1,1,1,2
1,1,0.6622531,0.6273277,1,1,1,1,1,2
1,1,0.650443,0.6171144,1,1,1,1,1,2
1,1,0.638703,0.6069351,1,1,1,1,1,2
1,1,0.627035,0.5967898,1,1,1,1,1,2
1,1,0.6154398,0.5866779,1,1,1,1,1,2
1,1,0.603919,0.5931891,1,1,1,1,1,2
1,0.7635502,0.592478,0.7203771,1,1,1,1,1,2
1,0.7421323,0.5800048,1,1,1,1,1,1,2
1,0.7212901,0.567722,1,1,1,1,1,1,2
1,0.7007726,0.5555673,1,1,1,1,1,1,2
1,0.6806244,0.5435562,1,1,1,1,1,1,2
1,0.6608818,0.5317009,1,1,1,1,1,1,2
1,0.6415751,0.5200123,1,1,1,1,1,1,2
1,0.6227262,0.5084974,1,1,1,1,1,1,2
1,0.6043506,0.4971614,1,1,1,1,1,1,2
1,0.5864588,0.486008,1,1,1,1,1,1,2
1,0.5690543,0.4750373,1,1,1,1,1,1,2
1,0.5521366,0.4642485,1,1,1,1,1,1,2
1,0.5357009,0.4536389,1,1,1,1,1,0.9358872,2
1,0.5206119,0.4433487,1,1,1,1,1,0.933275,2
1,0.5058833,0.5054164,1,1,1,1,1,0.9306635,2
1,0.4916089,0.5844341,1,1,1,1,1,0.9280265,2
1,0.4777602,0.6775442,1,1,1,1,1,0.9253553,2
1,0.4643009,0.7877588,1,1,1,1,1,0.9226378,2
0.6767296,0.4511986,1,1,1,1,1,1,0.9292952,2
0.6432744,0.4357935,1,1,1,1,1,1,0.9180495,2
0.6115481,0.4208634,1,1,1,1,1,1,0.9164368,2
0.581279,0.4063533,1,1,1,1,1,1,0.9150867,2
0.5526162,0.3923227,1,1,1,1,1,1,0.9139868,2
0.5257198,0.3788324,1,1,1,1,1,1,0.9130881,2
0.5004426,0.3658551,1,1,1,1,1,1,0.9123936,2
0.4766533,0.3533662,1,1,1,1,1,1,0.9119062,2
0.4542353,0.3413428,1,1,1,1,1,1,0.9116266,2
0.4330834,0.3474197,1,1,1,1,1,1,0.9115586,2
0.4131045,0.387656,1,1,1,1,1,1,0.9117037,2
0.3942134,0.4343416,1,1,1,1,1,1,0.9120666,2
0.3766079,0.487389,1,1,1,1,1,1,0.9123765,2
0.3601542,0.5476556,1,1,1,1,1,1,0.9125775,2
0.3447291,0.6161317,1,1,1,1,1,1,0.9126192,2
0.3302218,0.6939393,1,1,1,1,1,1,0.9124547,2
0.3165334,1,1,1,1,1,1,1,0.9120404,2
0.30395,1,1,1,1,1,1,1,0.9106079,2
0.2917777,1,1,1,1,1,1,1,0.9091934,2
0.309121,1,1,1,1,1,1,1,0.9077843,2
0.3272282,1,1,1,1,1,1,1,1,2
0.3478155,1,1,1,1,1,1,1,1,2
0.3692225,1,1,1,1,1,1,1,1,2
0.3914207,1,1,1,1,1,1,1,1,2
0.4143685,1,1,1,1,1,1,1,1,2
0.4380295,1,1,1,1,1,1,1,1,2
0.4623484,1,1,1,1,1,1,1,1,2
0.4872689,1,1,1,1,1,1,1,1,2
0.5127286,1,1,1,1,1,1,1,1,2
0.5386659,1,1,1,1,1,1,1,1,2
0.5650071,1,1,1,1,1,1,1,1,2
0.5916809,1,1,1,1,1,1,1,1,2
0.618605,1,1,1,1,1,1,1,1,2
0.6456941,1,1,1,1,1,1,1,1,2
0.6728667,1,1,1,1,1,1,1,0.8656492,1
1,1,1,1,1,1,1,1,0.8569157,0
1,1,1,1,1,1,1,1,0.8446039,0
1,1,1,1,1,1,1,1,0.8321878,0
1,1,1,1,1,1,1,1,0.8196797,0
1,1,1,1,1,1,1,1,0.8070968,0
1,1,1,1,1,1,1,1,0.7944604,0
1,1,1,1,1,1,1,1,0.7817851,0
1,1,1,1,1,1,1,1,0.7690927,0
1,1,1,1,1,1,1,1,0.7675025,0
1,1,1,1,1,1,1,1,0.7905757,0
1,1,1,1,1,1,1,1,0.8133896,0
1,1,1,1,1,1,1,1,0.8358202,0
1,1,1,1,1,1,1,1,0.8577493,0
1,1,1,1,1,1,1,1,1,1
1,1,1,1,1,1,1,1,1,1
1,1,1,1,1,1,1,1,1,1
1,1,1,1,1,1,1,1,1,1
1,1,1,1,1,1,1,1,1,1
1,1,1,1,1,1,1,1,1,1
1,1,1,1,1,1,1,1,1,1
1,1,1,1,1,1,1,1,1,1
1,1,1,1,1,1,1,1,1,1
1,1,1,1,1,1,1,1,1,1
1,1,1,1,1,1,1,1,1,1
1,1,1,1,1,1,1,1,1,1
1,0.7011097,1,1,1,1,1,1,1,1
1,0.6940227,1,1,1,1,1,1,1,1
1,0.6869441,1,1,1,1,1,1,1,1
1,0.6798741,1,1,1,1,1,1,1,1
1,0.6728126,1,1,1,1,1,1,1,1
1,0.6657599,1,1,1,1,1,1,1,1
1,0.6587163,1,1,1,1,1,1,1,1
1,0.6516817,1,1,1,1,1,1,1,1
1,0.6446562,1,1,1,1,1,1,1,1
1,0.63764,1,1,1,1,1,1,1,1
1,0.6306329,1,1,1,1,1,1,1,1
1,0.6236351,1,1,1,1,1,1,1,1
1,0.6166465,1,1,1,1,1,1,1,1
1,0.6096676,1,1,1,1,1,1,1,1
1,0.6048282,1,1,1,1,1,1,1,1
1,1,1,1,1,1,1,1,1,1
1,1,1,1,1,1,1,1,1,1
1,1,1,1,1,1,1,1,1,1
1,1,1,1,1,1,1,1,1,1
1,1,1,1,1,1,1,1,1,1
1,1,1,1,1,1,1,1,1,1
1,1,1,1,1,1,1,1,1,1
1,1,1,1,1,1,1,1,1,1
1,1,1,1,1,1,1,1,1,1
1,1,1,1,1,1,1,1,1,1
1,1,1,1,1,1,1,1,1,1
1,1,1,1,1,1,1,1,1,1
1,1,1,1,1,1,1,1,1,1
1,1,1,1,1,1,1,1,1,1
1,1,1,1,1,1,1,1,1,1
0.5595209,1,1,1,1,1,1,1,1,2
0.5490912,1,1,1,1,1,1,1,1,2
0.5388586,1,1,1,1,1,1,1,1,2
0.5288247,1,1,1,1,1,1,1,1,2
0.5189897,1,1,1,1,0.9966787,1,1,1,2
0.5093828,1,1,1,1,0.9824821,1,1,1,2
0.5000879,1,1,1,1,0.9687341,1,1,1,2
0.4910822,1,1,1,1,0.9554003,1,1,1,2
0.5138289,1,1,1,1,0.9424494,1,1,1,2
0.5398422,1,1,1,1,0.9301484,1,1,1,2
0.5654082,1,1,1,1,0.9184588,1,1,1,2
1,1,1,1,1,0.9073168,1,1,1,1
1,1,1,1,1,0.9001387,1,1,1,1
1,1,1,1,1,0.8930964,1,1,1,1
1,1,1,1,1,0.8861903,1,1,1,1
1,1,1,1,1,0.8794209,1,1,1,0
1,1,1,1,1,0.872785,1,1,1,0
1,1,1,1,1,0.8662834,1,1,1,0
1,1,1,1,1,0.8599136,0.9705254,1,0.996911,0
1,1,1,1,1,0.8543471,0.9247955,1,0.9834481,0
1,1,1,1,1,0.8501247,0.8733872,1,0.968599,0
1,1,1,1,1,0.8474391,0.8174645,1,0.9524118,0
1,1,1,1,1,0.846498,0.7585636,1,0.9350201,0
1,1,1,1,1,0.8475173,0.7438796,1,0.9166395,0
1,1,1,1,1,1,0.7411792,1,0.8984796,0
1,1,1,1,1,1,0.7375181,1,0.8983758,0
1,1,1,1,1,1,0.7341054,1,0.9366059,0
1,1,1,1,1,1,0.7305132,1,0.9748212,0
1,1,1,1,1,1,0.7266884,1,1,0
1,1,1,1,1,1,0.7227457,1,1,0
1,1,1,1,1,1,0.7189679,1,1,0
1,1,1,1,1,1,0.7153578,1,1,0
1,1,1,1,1,1,0.7119145,1,1,0
1,1,1,1,1,1,0.7086412,1,1,0
1,1,1,1,1,1,0.7055364,1,1,0
1,1,1,1,1,1,0.7025997,1,1,0
1,1,1,1,1,1,0.6998332,1,1,0
1,1,1,1,1,1,0.6972358,1,1,0
1,1,1,1,1,1,0.6948101,1,1,0
1,1,1,1,1,1,0.692551,1,1,0
1,1,1,1,1,1,1,1,1,1
1,1,1,1,1,1,1,1,1,1
1,1,1,1,1,1,1,0.8344394,1,0
1,1,1,1,1,1,1,0.6953549,1,0
1,1,1,1,1,1,1,0.5768456,1,0
1,1,1,1,1,1,1,0.5726785,1,0
1,1,1,1,1,1,1,0.5688328,1,0
1,1,1,1,1,1,1,0.5653149,1,0
1,1,1,1,1,1,1,0.5621251,1,0
1,1,1,1,1,1,1,0.559263,1,0
1,1,1,1,1,1,1,0.5567346,1,0
1,1,1,1,1,1,1,0.5545394,1,0
1,1,1,1,1,1,1,0.5526766,1,0
1,1,1,1,1,1,1,0.5511486,1,0
1,1,1,1,1,1,1,0.5499543,1,0
1,1,1,1,1,1,1,0.549096,1,0
1,1,1,1,1,1,1,0.5485722,1,0
1,1,1,1,1,1,1,0.5483819,0.5177119,0
0.9951814,1,1,1,1,1,1,1,0.5136095,0
0.9857002,1,1,1,1,1,1,1,0.5099554,0
0.9767276,1,1,1,1,1,1,1,0.5067101,0
0.9682391,1,1,1,1,1,1,1,0.5038609,0
0.9602079,1,1,1,1,1,1,1,0.5013987,0
0.9526078,1,1,1,1,1,1,1,0.4993151,0
0.9486172,0.990143,1,1,1,1,1,1,0.4975985,0
0.9626774,0.9798614,1,1,1,1,1,1,0.4962366,0
0.9787005,0.9825581,1,1,1,1,1,1,0.4952493,0
0.9978918,0.9862388,1,1,1,1,1,1,0.4946689,0
1,0.9911256,1,1,1,1,1,1,0.4945372,0
1,0.9967479,1,1,1,1,1,1,0.494837,0
1,1,1,1,1,1,1,1,1,1
1,0.9890682,1,1,1,1,1,1,1,1
1,0.9747383,1,1,1,1,1,1,1,1
0.9887154,0.9600177,1,1,1,1,1,1,1,1
0.9558666,0.9445044,1,1,1,1,1,1,1,1
0.9190314,0.9274601,1,1,1,1,1,1,1,2
0.9159783,0.9088365,1,1,1,1,1,1,1,2
0.9192488,0.901176,1,1,1,1,1,1,1,2
0.9226549,0.9085606,1,1,1,1,1,1,1,2
0.9260352,0.9157948,1,1,1,1,1,1,1,2
0.9293792,0.9228624,1,1,1,1,1,1,1,2
0.932681,0.9297535,1,1,1,1,1,1,1,2
0.9359351,0.9364589,1,1,1,1,1,1,1,2
0.9391366,0.9429712,1,1,1,1,1,1,1,1
0.9422809,0.9492832,1,1,1,1,1,1,1,1
0.9453608,0.9553844,1,1,1,1,1,1,1,1
0.9483763,0.9612747,1,1,1,1,1,1,1,1
0.9513241,0.9669503,1,1,1,1,1,1,1,1
0.9542017,0.9724082,1,1,1,1,1,1,1,1
0.9570068,0.9776459,1,1,1,1,1,1,1,1
0.9597374,0.9826622,1,1,1,1,1,1,1,1
0.9623953,0.9874609,1,1,1,1,1,1,1,1
0.9649789,0.9920419,1,1,1,1,1,1,1,1
0.967487,0.9964057,1,1,1,1,1,1,1,1
0.9699186,1,1,1,1,1,1,1,1,1
0.9722829,1,1,1,1,1,1,1,1,1
0.9746203,1,1,1,1,1,1,1,1,1
0.9769307,1,1,1,1,1,1,1,1,1
0.9792143,1,1,1,1,1,1,1,1,1
0.9814707,1,1,1,1,1,1,1,1,1
0.9836969,1,1,1,1,1,1,1,1,1
0.9607551,1,1,1,1,1,1,1,1,1
0.9344519,1,1,1,1,1,1,1,1,1
0.9064047,1,1,1,1,1,1,1,1,1
0.8767102,1,1,1,1,1,1,1,1,2
0.8455173,1,1,1,1,1,1,1,1,2
0.8130168,1,1,1,1,1,1,1,1,2
0.7794429,1,1,1,1,1,1,1,1,2
0.7548373,1,1,1,1,1,1,1,1,2
0.7608117,1,1,1,1,1,1,1,1,2
0.7668998,1,1,1,1,1,1,1,1,2
0.7730884,1,1,1,1,1,1,1,1,2
0.7793719,1,1,1,1,1,1,1,1,2
0.7857406,1,1,1,1,1,1,1,1,2
0.7921852,1,1,1,1,1,1,1,1,2
0.7986923,1,1,1,1,1,1,1,1,2
0.8052564,1,1,1,1,1,1,1,1,2
0.8118711,1,1,1,1,1,1,1,1,2
0.8185239,1,1,1,1,1,1,1,1,2
0.8252051,1,1,1,1,1,1,1,1,2
0.8319094,1,1,1,1,0.995036,1,1,1,2
0.838573,1,1,1,1,0.987306,1,1,1,2
0.8451546,1,1,1,1,0.9793701,1,1,1,2
0.8516387,1,1,1,1,0.9712228,1,1,1,2
0.8580067,1,1,1,1,0.9628593,1,1,1,2
0.8642443,1,1,1,1,0.9542761,1,1,1,1
1,1,1,1,1,0.945471,1,1,1,1
1,1,1,1,1,0.9340965,1,1,1,1
1,1,1,1,1,0.9226173,1,1,1,1
1,1,1,1,1,0.9110376,1,1,1,1
1,1,1,1,1,0.8993619,1,1,1,1
1,1,1,1,1,0.887595,1,1,1,1
1,1,1,1,1,0.8757426,1,1,1,1
1,1,1,1,1,0.8638098,1,1,1,1
1,1,1,1,1,0.8518029,1,1,1,1
1,1,1,1,1,0.8397277,1,1,1,1
1,1,1,1,1,0.8275905,1,1,0.7880808,0
1,1,1,1,1,0.8116642,1,1,0.7847854,0
1,1,1,1,1,0.7958714,1,1,0.7817258,0
1,1,1,1,1,0.7802349,1,1,0.7789116,0
1,1,1,1,1,0.7647746,1,1,0.7763571,0
1,1,1,1,1,0.7495086,1,1,0.7740731,0
1,1,1,1,1,0.7661961,1,1,0.7720689,0
1,1,1,1,1,0.7854118,1,1,0.7703251,0
1,1,1,1,1,0.8056823,1,1,0.7688295,0
1,1,1,1,1,0.8270303,0.7974991,1,0.7675676,0
1,1,1,1,1,0.8612729,0.7757517,1,0.766904,0
1,1,1,1,1,1,0.7548137,1,1,0
1,1,1,1,1,1,0.7400523,1,1,0
1,1,1,1,1,1,0.7252771,1,1,0
1,1,1,1,1,1,0.7105031,1,1,0
1,1,1,1,1,1,0.6957445,1,1,0
1,1,1,1,1,1,0.681016,1,1,0
1,1,1,1,1,1,0.6663305,1,1,0
1,1,1,1,1,1,0.6517008,1,1,0
1,1,1,1,1,1,0.637139,1,1,0
1,1,1,1,1,1,0.6226565,1,1,0
1,1,1,1,1,1,0.6082634,1,1,0
1,1,1,1,1,1,0.5939689,1,1,0
1,1,1,1,1,1,0.5797819,1,1,0
1,1,1,1,1,1,0.5816745,1,1,0
1,1,1,1,1,1,0.5896612,1,1,0
1,1,1,1,1,1,0.5977882,1,1,0
1,1,1,1,1,1,0.6060525,1,1,0
1,1,1,1,1,1,0.6144372,1,1,0
1,1,1,1,1,1,0.6229384,1,1,0
1,1,1,1,1,1,0.6315454,1,1,0
1,1,1,1,1,1,0.6402468,1,1,0
1,1,1,1,1,1,0.6490313,1,1,0
1,1,1,1,1,1,1,1,1,1
1,1,1,1,1,1,1,1,1,1
1,1,1,1,1,1,1,1,1,1
1,1,1,1,1,1,1,0.5838748,1,0
1,1,1,1,1,1,1,0.5596373,1,0
1,1,1,1,1,1,1,0.535864,1,0
1,1,1,1,1,1,1,0.5126115,1,0
1,1,1,1,1,1,1,0.4899252,1,0
1,1,1,1,1,1,1,0.4678412,1,0
1,1,1,1,1,1,1,0.446385,1,0
1,1,1,1,1,1,1,0.4255739,1,0
1,1,1,1,1,1,1,0.4138612,1,0
1,1,1,1,1,1,1,0.4236257,1,0
1,1,1,1,1,1,1,0.4338351,1,0
1,1,1,1,1,1,1,0.4444851,1,0
1,1,1,1,1,1,1,0.4555604,1,0
1,1,1,1,1,1,1,0.4670488,1,0
1,1,1,1,1,1,1,0.4789418,0.5175411,0
1,1,1,1,1,1,1,0.4964159,0.4772687,0
1,1,1,1,1,1,1,1,0.4402798,0
1,1,1,1,1,1,1,1,0.4065979,0
1,1,1,1,1,1,1,1,0.3750393,0
1,1,1,1,1,1,1,1,0.3663206,0
1,1,1,1,1,1,1,1,0.3755988,0
1,1,1,1,1,1,1,1,0.3855607,0
1,1,1,1,1,1,1,1,0.3962212,0
1,1,1,1,1,1,1,1,0.4074184,0
1,1,1,1,1,1,1,1,0.419145,0
1,1,1,1,1,1,1,1,0.4313881,0
1,1,1,1,1,1,1,1,0.4441366,0
1,1,1,1,1,1,1,1,1,1
1,1,1,1,1,1,1,1,1,1
1,1,1,1,1,1,1,1,1,1
1,1,1,1,1,1,1,1,1,1
1,1,1,1,1,1,1,1,1,1
1,1,1,1,1,1,1,1,1,1
1,1,1,1,1,1,1,1,1,1
1,1,1,1,1,1,1,1,1,1
1,1,1,1,1,1,1,1,1,1
1,1,1,1,1,1,1,1,1,1
1,1,1,1,1,1,1,1,1,1
1,1,1,1,1,1,1,1,1,1
1,1,1,1,1,1,1,1,1,1
1,1,1,1,1,1,1,1,1,1
1,1,1,1,1,1,1,1,1,1
1,1,1,1,1,1,1,1,1,1
1,1,1,1,1,1,1,1,1,1
1,1,1,1,1,1,1,1,1,1
1,1,1,1,1,1,1,1,1,1
1,1,1,1,1,1,1,1,1,1
1,1,1,1,1,1,1,1,1,1
1,1,1,1,1,1,1,1,1,1
1,1,1,1,1,1,1,1,1,1
1,1,1,1,1,1,1,1,1,1
1,1,1,1,1,1,1,1,1,1
1,1,1,1,1,1,1,1,1,1
1,1,1,1,1,1,1,1,1,1
1,1,1,1,1,1,1,1,1,1
1,1,1,1,1,1,1,1,1,1
1,1,1,1,1,1,1,1,1,1
1,1,1,1,1,1,1,1,1,1
1,1,1,1,1,1,1,1,1,1
1,1,1,1,1,1,1,1,1,1
1,1,1,1,1,1,1,1,1,1
1,1,1,1,1,1,1,1,1,1
1,1,1,1,1,1,1,1,1,1
1,1,1,1,1,1,1,1,1,1
1,1,1,1,1,1,1,1,1,1
1,1,1,1,1,1,1,1,1,1
1,1,1,1,1,1,1,1,1,1
1,1,1,1,1,1,1,1,1,1
1,1,1,1,1,1,1,1,1,1
1,1,1,1,1,1,1,1,1,1
1,1,1,1,1,1,1,1,1,1
1,1,1,1,1,1,1,1,1,1
1,1,1,1,1,1,1,1,1,1
1,1,1,1,1,1,1,1,1,1
1,1,1,1,1,1,1,1,1,1
1,1,1,1,1,1,1,1,1,1
1,1,1,1,1,1,1,1,1,1
1,1,1,1,1,1,1,1,1,1
1,1,1,1,1,1,1,1,1,1
1,1,1,1,1,1,1,1,1,1
1,1,1,1,1,1,1,1,1,1
1,1,1,1,1,1,1,1,1,1
1,1,1,1,1,1,1,1,1,1
1,1,1,1,1,1,1,1,1,1
1,1,1,1,1,1,1,1,1,1
1,1,1,1,1,1,1,1,1,1
1,1,1,1,1,1,1,1,1,1
1,1,1,1,1,1,1,1,1,1
1,1,1,1,1,1,1,1,1,1
1,1,1,1,1,1,1,1,1,1
1,1,1,1,1,1,1,1,1,1
1,1,1,1,1,1,1,1,1,1
1,1,1,1,1,1,1,1,1,1
1,1,1,1,1,1,1,1,1,1
1,1,1,1,1,1,1,1,1,1
1,1,1,1,1,1,1,1,1,1
1,1,1,1,1,1,1,1,1,1
1,1,1,1,1,1,1,1,1,1
1,1,1,1,1,1,1,1,1,1
1,1,1,1,1,1,1,1,1,1
1,1,1,1,1,1,1,1,1,1
1,1,1,1,1,1,1,1,1,1
1,1,1,1,1,1,1,1,1,1
1,1,1,1,1,1,1,1,1,1
1,1,1,1,1,1,1,1,1,1
1,1,1,1,1,1,1,1,1,1
1,1,1,1,1,1,1,1,1,1
1,1,1,1,1,1,1,1,1,1
1,1,1,1,1,1,1,1,1,1
1,1,1,1,1,1,1,1,1,1
1,1,1,1,1,1,1,1,1,1
1,1,1,1,1,1,1,1,1,1
1,1,1,1,1,1,1,1,1,1
1,1,1,1,1,1,1,1,1,1
1,1,1,1,1,1,1,1,1,1
1,1,1,1,1,1,1,1,1,1
1,1,1,1,1,1,1,1,1,1
1,1,1,1,1,1,1,1,1,1
1,1,1,1,1,1,1,1,1,1
1,1,1,1,1,0.9932208,1,1,1,1
1,1,1,1,1,0.9838895,1,1,1,1
1,1,1,1,1,0.9745223,1,1,1,1
1,1,1,1,1,0.9651195,1,1,1,1
1,1,1,1,1,0.9556817,1,1,1,1
1,1,1,1,1,0.9462094,1,1,1,1
1,1,1,1,1,0.9367036,1,1,1,1
1,1,1,1,0.9958237,0.9271647,1,1,1,1
1,1,1,1,0.9853218,0.9175711,1,1,1,1
1,1,1,1,0.9746673,0.9078897,1,1,1,1
1,1,1,1,0.9638645,0.8981228,1,1,1,1
1,1,1,1,0.952919,0.8882732,1,1,1,1
1,1,1,1,0.9418368,0.8783442,1,1,1,1
1,1,1,1,0.9306251,0.8683398,1,1,1,1
1,1,1,1,0.9192915,0.8582641,1,1,1,1
1,1,1,1,0.9078439,0.8481215,1,1,1,1
1,1,1,1,0.8962917,0.8379172,1,1,1,1
1,1,1,1,0.8846439,0.8276567,1,1,1,1
1,1,1,1,0.8729103,0.8173453,1,1,1,2
1,1,1,1,0.8611008,0.8069888,1,1,1,2
1,1,1,1,0.8492259,0.7965934,1,1,1,2
1,1,1,1,0.8372957,0.7861648,1,1,1,2
1,1,1,1,0.8253206,0.7757089,1,1,1,2
1,1,1,1,0.8133108,0.7652317,1,1,1,2
1,1,1,1,0.8012764,0.754739,1,1,1,2
1,1,1,1,0.7892271,0.7442364,1,1,1,2
1,1,1,1,0.7771723,0.733729,1,1,1,2
1,1,1,0.8392413,0.7651211,0.7232223,1,1,1,2
1,1,1,0.8229333,0.7519363,0.7121362,1,1,1,2
1,1,1,0.8066629,0.7387726,0.7010708,1,1,1,2
1,1,1,0.7904689,0.7256539,0.6900401,1,1,1,2
1,1,1,0.7743865,0.7126024,0.6790569,1,1,1,2
1,1,1,0.7584466,0.6996373,0.6681319,1,1,1,2
1,1,1,0.7426766,0.686776,0.6572744,1,1,1,2
1,1,1,0.7270994,0.6740321,0.6464913,1,1,1,2
1,1,1,0.7117336,0.6614171,0.6357878,1,1,1,2
1,1,1,0.6965941,0.64894,0.6251675,1,1,1,2
1,1,1,0.6816918,0.6366066,0.614632,1,1,1,2
1,1,1,0.6670335,0.6244208,0.6041812,1,1,1,2
1,1,1,0.6526234,0.6123841,0.6512797,1,1,1,2
1,1,1,0.6385232,0.6005286,0.7185879,1,1,1,2
1,1,1,0.6247221,0.588846,0.8077704,1,1,1,2
1,1,1,0.6112022,0.5773243,1,1,1,1,2
1,1,1,0.5979841,0.5659709,1,1,1,1,2
1,1,0.6784886,0.5849243,0.5547105,1,1,1,1,2
1,1,0.6572648,0.5702319,0.5426706,1,1,1,1,2
1,1,0.636776,0.5558999,0.5308644,1,1,1,1,2
1,1,0.6170204,0.5419293,0.5192894,1,1,1,1,2
1,1,0.5979854,0.5283151,0.507939,1,1,1,1,2
1,1,0.5796503,0.5150468,0.4968029,1,1,1,1,2
1,1,0.5619873,0.5021107,0.485868,1,1,1,1,2
1,1,0.5449648,0.4894895,0.4751198,1,1,1,1,2
1,1,0.5285469,0.4771637,0.5443573,1,1,1,1,2
1,1,0.5127552,0.4651361,0.7114848,1,1,1,1,2
1,1,0.4975602,0.4533865,1,1,1,1,1,2
1,1,0.4828939,0.4418797,1,1,1,1,1,2
1,1,0.4685771,0.430543,1,1,1,1,1,2
1,1,0.4545941,0.4193669,1,1,1,1,1,2
1,1,0.4409288,0.4083418,1,1,1,1,1,2
1,1,0.4275642,0.3974574,1,1,1,1,1,2
1,1,0.4144835,0.3867038,1,1,1,1,1,2
1,0.5431496,0.40167,0.376071,1,1,1,1,1,2
0.9342855,1,0.9579638,1,1,1,1,1,1,1
0.9621607,1,0.8954403,1,1,1,1,1,1,1
0.9631165,1,0.8830549,1,1,1,1,1,1,1
0.9641668,1,0.8706538,1,1,1,1,1,1,1
0.9653114,1,0.8582438,1,1,1,1,1,1,1
0.9665508,1,0.845832,1,1,1,1,1,1,1
0.9678875,1,0.8334244,1,1,1,1,1,1,1
0.9693246,1,0.8210276,1,1,1,1,1,1,2
0.9708616,1,0.8099914,1,1,1,1,1,1,2
0.9724914,1,0.8190862,1,1,1,1,1,1,1
0.9741104,1,0.8279976,1,1,1,1,1,1,1
0.975718,1,0.8367187,1,1,1,1,1,1,1
1,1,0.8452275,1,1,1,1,1,1,1
1,1,0.8516027,1,1,1,1,1,1,1
1,1,0.8578805,1,1,1,1,1,1,1
1,1,0.8640607,1,1,1,1,1,1,1
1,1,0.8701262,1,1,1,1,1,1,1
1,1,0.8760859,1,1,1,1,1,1,1
1,1,0.8819309,1,1,1,1,1,1,1
1,1,0.8876623,1,1,1,1,1,1,1
1,0.9967676,0.8932801,1,1,1,1,1,1,1
1,0.9805126,0.8990114,1,1,1,1,1,1,1
1,0.9639209,0.9057838,1,1,1,1,1,1,1
1,0.8544946,0.9136263,1,1,1,1,1,1,2
1,0.8352131,0.9294507,1,1,1,1,1,1,2
1,0.8159403,1,1,1,1,1,1,1,2
1,0.7973347,1,1,1,1,1,1,1,2
1,0.7785614,1,1,1,1,1,1,1,2
1,0.7596623,1,1,1,1,1,1,1,2
1,0.7406806,1,1,1,1,1,1,1,2
1,0.7216592,1,1,1,1,1,1,1,2
1,0.7026399,1,1,1,1,1,1,1,2
1,0.6836644,1,1,1,1,1,1,1,2
1,0.6647723,1,1,1,1,1,1,1,2
1,0.6460011,1,1,1,1,1,1,1,2
1,0.6273861,1,1,1,1,1,1,1,2
1,0.60896,1,1,1,1,1,1,1,2
1,0.5907524,1,1,1,1,1,1,1,2
1,0.5727895,1,1,1,1,1,1,1,2
1,0.560724,1,1,1,1,1,1,1,2
1,0.5723954,1,1,1,1,1,1,1,2
0.9938031,0.5843102,1,1,1,1,1,1,1,2
0.9864578,0.5966426,1,1,1,1,1,1,1,2
0.9476236,0.6094209,1,1,1,1,1,1,1,2
0.9088675,0.6236858,1,1,1,1,1,1,1,2
0.7435791,0.6395487,1,1,1,1,1,1,1,2
0.7033519,0.6617404,1,1,1,1,1,1,1,2
0.665095,0.6863509,1,1,1,1,1,1,1,2
0.6288842,0.7135462,1,1,1,1,1,1,1,2
0.5947376,1,1,1,1,1,1,1,1,2
0.5668727,1,1,1,1,1,1,1,1,2
0.5396779,1,1,1,1,1,1,1,1,2
0.5132511,1,1,1,1,1,1,1,1,2
0.4962775,1,1,1,1,1,1,1,1,2
0.5081544,1,1,1,1,1,1,1,1,2
0.5204248,1,1,1,1,1,1,1,1,2
0.533067,1,1,1,1,1,1,1,1,2
0.5460657,1,1,1,1,1,1,1,1,2
0.559396,1,1,1,1,1,1,1,1,2
0.5730354,1,1,1,1,1,1,1,1,2
0.5869644,1,1,1,1,1,1,1,1,2
0.6011538,1,1,1,1,1,1,1,1,2
0.6155813,1,1,1,1,1,1,1,1,2
0.6302193,1,1,1,1,1,1,1,1,2
0.6450396,1,1,1,1,1,1,1,1,2
0.6600119,1,1,1,1,1,1,1,1,2
0.9047137,1,1,1,1,1,1,1,1,1
1,1,1,1,1,1,1,1,1,1
1,1,1,1,1,1,1,1,1,1
1,1,1,1,1,1,1,1,1,1
1,1,1,1,1,1,1,1,1,1
1,1,1,1,1,1,1,1,1,1
1,1,1,1,1,1,1,1,1,1
1,1,1,1,1,1,1,1,1,1
1,1,1,1,1,1,1,1,1,1
1,1,1,1,1,1,1,1,1,1
1,1,1,1,1,1,1,1,1,1
1,1,1,1,1,1,1,1,1,1
1,1,1,1,1,1,1,1,1,1
1,1,1,1,1,1,1,1,1,1
1,1,1,1,1,1,1,1,1,1
1,1,1,1,1,1,1,1,1,1
1,1,1,1,1,1,1,1,1,1
1,1,1,1,1,1,1,1,1,1
1,1,1,1,1,1,1,1,1,1
1,1,1,1,1,1,1,1,1,1
1,1,1,1,1,1,1,1,1,1
1,1,1,1,1,1,1,1,1,1
1,1,1,1,1,1,1,1,1,1
1,1,1,1,1,1,1,1,1,1
1,1,1,1,1,1,1,1,1,1
1,1,1,1,1,1,1,1,1,1
1,1,1,1,1,1,1,1,1,1
1,1,1,1,1,1,1,1,1,1
1,1,1,1,1,1,1,1,1,1
1,1,1,1,1,1,1,1,1,1
1,1,1,1,1,1,1,1,1,1
1,1,1,1,1,1,1,1,1,1
1,1,1,1,1,1,1,1,1,1
1,1,1,1,1,1,1,1,1,1
1,1,1,1,1,1,1,1,1,1
1,1,1,1,1,1,1,1,1,1
1,1,1,1,1,1,1,1,1,1
1,1,1,1,1,1,1,1,1,1
1,1,1,1,1,1,1,1,1,1
1,1,1,1,1,1,1,1,1,1
1,1,1,1,1,1,1,1,1,1
1,1,1,1,1,1,1,1,1,1
0.9934964,1,1,1,1,1,1,1,1,1
0.9820542,1,1,1,1,1,1,1,1,1
0.9703396,1,1,1,1,1,1,1,1,1
0.9583601,1,1,1,1,1,1,1,1,1
0.9461237,1,1,1,1,1,1,1,1,1
0.9521082,1,1,1,1,1,1,1,1,1
0.9617979,1,1,1,1,1,1,1,1,1
0.9712346,1,1,1,1,1,1,1,1,1
0.9804125,1,1,1,1,1,1,1,1,1
0.9893311,1,1,1,1,1,1,1,1,1
0.9979857,1,1,1,1,1,1,1,1,1
1,1,1,1,1,1,1,1,1,1
1,1,1,1,1,1,1,1,1,1
1,1,1,1,1,1,1,1,1,1
1,1,1,1,1,1,1,1,1,1
1,1,1,1,1,1,1,1,1,1
1,1,1,1,1,1,1,1,1,1
1,1,1,1,1,1,1,1,1,1
1,1,1,1,1,1,1,1,1,1
1,1,1,1,1,1,1,1,1,1
1,1,1,1,1,1,1,1,1,1
1,1,1,1,1,1,1,1,1,1
1,1,1,1,1,1,1,1,1,1
1,1,1,1,1,1,0.9975918,1,1,1
1,1,1,1,1,1,0.9814982,1,1,1
1,1,1,1,1,1,0.9644987,1,1,1
1,1,1,1,1,1,0.9465899,1,1,1
1,1,1,1,1,1,0.9277781,1,1,1
1,1,1,1,1,1,0.9080831,1,1,1
1,1,1,1,1,1,0.8875351,1,1,1
1,1,1,1,1,1,0.8661777,1,1,0
1,1,1,1,1,1,0.8440676,1,1,0
1,1,1,1,1,1,0.8212729,1,1,0
1,1,1,1,1,1,0.8032725,1,1,0
1,1,1,1,1,1,0.8006874,1,1,0
1,1,1,1,1,1,0.798222,1,1,0
1,1,1,1,1,1,0.7958715,1,1,0
1,1,1,1,1,1,0.7936383,1,1,0
1,1,1,1,1,1,0.7915212,1,1,0
1,1,1,1,1,1,0.7895228,1,1,0
1,1,1,1,1,1,0.7876381,1,1,0
1,1,1,1,1,1,0.7858695,1,1,0
1,1,1,1,1,1,0.7842157,1,1,0
1,1,1,1,1,1,0.7826754,1,1,0
1,1,1,1,1,1,0.7812475,1,1,0
1,1,1,1,1,1,0.7799305,1,1,0
1,1,1,1,1,1,0.7787232,1,1,0
1,1,1,1,1,1,0.7776242,1,1,0
1,1,1,1,1,1,0.7766362,1,1,0
1,1,1,1,1,1,0.775754,1,1,0
1,1,1,1,1,1,0.7749761,1,1,0
1,1,1,1,1,1,0.7743053,1,1,0
1,1,1,1,1,1,0.7737364,0.974747,1,0
1,1,1,1,1,1,0.7739793,0.9155885,1,0
1,1,1,1,1,1,0.7760233,0.8530549,1,0
1,1,1,1,1,1,0.780058,0.788733,1,0
1,1,1,1,1,1,0.7862682,0.7242655,1,0
1,1,1,1,1,1,0.7948225,0.661158,1,0
1,1,1,1,1,1,0.8058869,0.600814,1,0
1,1,1,1,1,1,0.8193005,0.6024449,1,0
1,1,1,1,1,1,0.8336676,0.6044925,1,0
1,1,1,1,1,1,0.8486506,0.6068467,1,0
1,1,1,1,1,1,0.8642041,0.6094748,1,0
1,1,1,1,1,1,1,0.6123516,1,0
1,1,1,1,1,1,1,0.6144157,1,0
1,1,1,1,1,1,1,0.6167404,1,0
1,0.9871287,1,1,1,1,1,0.6193231,1,0
1,0.9736601,1,1,1,1,1,0.6220334,1,0
1,0.961248,1,1,1,1,1,0.6248409,1,0
1,0.9497852,1,1,1,1,1,0.627731,0.9853125,0
1,0.9385244,1,1,1,1,1,0.630941,0.8012078,0
1,0.9203574,1,1,1,1,1,0.6374508,0.6188096,0
1,0.9018053,1,1,1,1,1,0.6451901,0.5403241,0
1,0.8841307,1,1,1,1,1,0.6536955,0.5414861,0
1,0.8672606,1,1,1,1,1,0.6630119,0.5431107,0
1,0.851138,1,1,1,1,1,0.6731817,0.5452017,0
1,0.835703,1,1,1,1,1,0.6842595,0.54777,0
0.9594663,0.8209092,1,1,1,1,1,0.6962975,0.5508221,0
0.954273,0.8070312,1,1,1,1,1,0.7090459,0.554285,0
0.9496669,0.7946575,1,1,1,1,1,0.7217705,0.5579418,0
0.9455451,0.7835658,1,1,1,1,1,1,0.5617436,0
0.943357,0.778191,1,1,1,1,1,1,0.5639764,0
0.9412395,0.7730862,1,1,1,1,1,1,0.5662441,0
0.9391829,0.7682301,1,1,1,1,1,1,0.5685397,0
0.9371814,0.7636071,1,1,1,1,1,1,0.5708539,0
0.9352274,0.7592,1,1,0.9929689,1,1,1,0.5731806,0
0.9333184,0.7550081,1,1,0.9835337,1,1,1,0.575508,0
0.9314532,0.7510266,1,1,0.9740807,1,1,1,0.5778244,0
0.9296266,0.7472433,1,1,0.9646039,1,1,1,0.5801235,0
1,0.7436472,1,1,0.955099,1,1,1,0.5824002,0
1,0.7387587,1,1,0.945913,1,1,1,0.585385,0
1,0.7340793,1,1,0.936713,1,1,1,0.5883797,0
1,0.7295927,1,1,0.927492,1,1,1,0.5913795,0
1,0.7252942,1,1,0.9182435,1,1,1,0.5943702,0
1,0.7211693,1,1,0.9089622,1,1,1,0.5973483,0
1,0.7172114,1,1,0.8996439,1,1,1,0.6003038,0
1,0.7134115,1,1,0.8902844,1,1,1,0.6032305,1
1,0.7097645,1,1,0.8808812,1,1,1,0.6061193,1
1,0.7062629,1,1,0.8714319,1,1,1,0.6089652,1
1,0.7028996,1,1,0.861935,1,1,1,0.6117633,1
1,0.699668,1,1,0.8523895,1,1,1,0.6145092,1
1,0.6965626,1,1,0.8427952,1,1,1,0.6171992,1
1,0.6935781,1,1,0.833152,1,1,1,0.6198297,1
1,0.6907133,1,1,0.8234604,1,1,1,1,2
1,0.6938461,1,1,0.8116611,1,1,1,1,2
1,0.6971922,1,1,0.8000447,1,1,1,1,2
1,0.700739,1,1,0.7886014,1,1,1,1,2
1,1,1,1,0.7773217,1,1,1,1,1
1,1,1,1,0.7671999,1,1,1,1,1
0.772329,1,1,1,0.7570766,1,1,1,1,2
0.6469398,1,1,1,0.7460806,1,1,1,1,2
0.5967267,1,1,0.7596582,0.7347903,1,1,1,1,2
0.5980375,1,1,0.7451388,0.7234241,1,1,1,1,2
0.599774,1,1,0.7311324,0.7124003,1,1,1,1,2
0.6019142,1,1,0.7176114,0.7016948,1,1,1,1,2
0.6044374,1,1,0.7045452,0.7395403,1,1,1,1,2
0.6073148,1,1,0.6919079,1,1,1,1,1,2
0.6105252,1,1,0.679658,1,1,1,1,1,2
0.6140927,1,1,0.6677413,1,1,1,1,1,2
0.6179996,1,1,0.656135,1,1,1,1,1,2
0.622227,1,1,0.6448165,1,1,1,1,1,2
0.6267589,1,1,0.633763,1,1,1,1,1,2
1,1,0.6579479,0.6229522,1,1,1,1,1,2
1,1,0.646104,0.6127266,1,1,1,1,1,2
1,1,0.634333,0.6025361,1,1,1,1,1,2
1,1,0.6226364,0.5923805,1,1,1,1,1,2
1,1,0.6110158,0.5822597,1,1,1,1,1,2
1,1,0.599472,0.5721731,1,1,1,1,1,2
1,1,0.588005,0.6839138,1,1,1,1,1,2
1,1,0.5766488,1,1,1,1,1,1,2
1,1,0.5654352,1,1,1,1,1,1,2
1,1,0.5542713,1,1,1,1,1,1,2
1,1,0.5431583,1,1,1,1,1,1,2
1,1,0.532097,1,1,1,1,1,1,2
1,1,0.5210882,1,1,1,1,1,1,2
1,1,0.5101326,1,1,1,1,1,1,2
1,1,0.4992299,1,1,1,1,1,1,2
1,1,0.488381,1,1,1,1,0.9941663,1,2
1,1,0.4776109,1,1,1,1,0.9831567,1,2
1,1,0.4669364,1,1,1,1,0.9712828,1,2
1,1,0.4563537,1,1,1,1,0.9584875,1,1
1,1,0.4458586,1,1,1,1,0.9447163,1,1
1,1,0.4354469,1,1,1,1,0.929921,1,1
1,1,0.4251142,1,1,1,1,0.9140606,1,1
1,1,0.4148566,1,1,1,1,0.8971052,1,1
1,1,0.4046697,1,1,1,1,0.8790364,1,1
1,1,0.3945493,1,1,1,1,0.872331,1,1
1,1,0.3844521,1,1,1,1,0.869526,1,1
1,1,0.3743638,1,1,1,1,0.8667296,1,1
1,1,0.3642843,1,1,1,1,0.8639451,1,1
1,0.4363004,0.354213,1,1,1,1,0.8611684,1,2
1,0.4191735,0.3437002,1,1,1,1,0.8519288,1,2
1,0.4027283,0.3826385,1,1,1,1,0.8430901,1,2
1,0.387014,0.4265075,1,1,1,1,0.8347834,1,2
1,0.3719444,0.4758123,1,1,1,1,0.8269479,1,2
1,0.3574447,1,1,1,1,1,0.8195301,1,2
1,0.3441058,1,1,1,1,1,0.813544,1,2
1,0.3309833,1,1,1,1,1,0.807615,1,2
1,0.318069,1,1,1,1,1,0.8017379,1,2
1,0.305355,1,1,1,1,1,0.795917,1,2
1,0.292833,1,1,1,1,1,0.7901494,1,2
1,0.2804949,1,1,1,1,1,0.7844321,1,2
1,0.2683334,1,1,1,1,1,0.7787649,1,2
1,0.25634,1,1,1,1,1,0.7731444,1,2
0.3684838,0.2445069,1,1,1,1,1,0.7675703,1,2
0.3421829,0.2345525,1,1,1,1,1,0.7581292,1,2
0.3176134,0.2522494,1,1,1,1,1,0.7489498,1,2
0.2946151,0.2719816,1,1,1,1,1,0.7400166,1,2
0.2730481,0.2940408,1,1,1,1,1,0.7357879,1,2
0.2527887,0.3187703,1,1,1,1,1,0.7605716,1,2
0.2337267,0.3465867,1,1,1,1,1,0.7907422,1,2
0.2157645,1,1,1,1,1,1,0.8279866,1,2
0.2008671,1,1,1,1,1,1,0.8549215,1,2
0.211743,1,1,1,1,1,1,0.8941135,1,2
0.2235249,1,1,1,1,1,1,1,1,2
0.2366938,1,1,1,1,1,1,1,1,2
0.2508613,1,1,1,1,1,1,1,1,2
0.2659908,1,1,1,1,1,1,1,1,2
0.2819446,1,1,1,1,1,1,1,1,2
0.2987157,1,1,1,1,1,1,1,1,2
0.3162972,1,1,1,1,1,1,1,1,2
1,1,1,1,1,1,1,1,1,1
1,1,1,1,1,1,1,1,1,1
1,1,1,1,1,1,1,1,1,1
1,1,1,1,1,1,1,1,1,1
1,1,1,1,1,1,1,1,1,1
1,1,1,1,1,1,1,1,1,1
1,1,1,1,1,1,1,1,1,1
1,1,1,1,1,1,1,1,1,1
1,1,1,1,1,1,1,1,1,1
1,1,1,1,1,1,1,1,1,1
1,1,1,1,1,1,1,0.5724243,1,0
1,1,1,1,1,1,1,0.5664205,1,0
1,1,1,1,1,1,1,0.5607423,1,0
1,1,1,1,1,1,1,0.5553944,1,0
1,1,1,1,1,1,1,0.550381,1,0
1,1,1,1,1,1,1,0.545709,1,0
1,1,1,1,1,1,1,0.5413822,1,0
1,1,1,1,1,1,1,0.5374006,1,0
1,1,1,1,1,1,1,0.5337704,1,0
1,1,1,1,1,1,1,0.5304945,1,0
1,1,1,1,1,1,1,0.5275723,1,0
1,1,1,1,1,1,1,0.5250064,1,0
1,1,1,1,1,1,1,1,1,1
1,1,1,1,1,1,1,1,0.5138515,0
1,1,1,1,1,1,1,1,0.5075566,0
1,1,1,1,1,1,1,1,0.5016671,0
1,1,1,1,1,1,1,1,0.4961911,0
1,1,1,1,1,1,1,1,0.4911334,0
1,1,1,1,1,1,1,1,0.4865088,0
1,1,1,1,1,1,1,1,0.482315,0
1,1,1,1,1,1,1,1,0.4785443,0
1,1,1,1,1,1,1,1,0.4751904,0
1,1,1,1,1,1,1,1,0.472251,0
1,1,1,1,1,1,1,1,0.4697216,0
1,1,1,1,1,1,1,1,1,1
1,1,1,1,1,1,1,1,1,1
1,1,1,1,1,1,1,1,1,1
1,1,1,1,1,1,1,1,1,1
1,1,1,1,1,1,1,1,1,1
1,1,1,1,1,1,1,1,1,1
1,1,1,1,1,1,1,1,1,1
1,1,1,1,1,1,1,1,1,1
1,1,1,1,1,1,1,1,1,1
1,1,1,1,1,1,1,1,1,1
1,1,1,1,1,1,1,1,1,1
1,1,1,1,1,1,1,1,1,1
1,1,1,1,1,1,1,1,1,1
1,1,1,1,1,1,1,1,1,1
1,1,1,0.9951369,1,1,1,1,1,1
1,1,1,0.9853888,1,1,1,1,1,1
1,1,1,0.9756393,1,1,1,1,1,1
1,1,1,0.9658883,1,1,1,1,1,1
1,1,1,0.956136,1,1,1,1,1,1
1,1,1,0.9463823,1,1,1,1,1,1
1,1,1,0.9366271,1,1,1,1,1,1
1,1,1,0.9268705,1,1,0.9993184,1,1,1
1,1,1,0.9171115,1,1,0.9958587,1,1,1
1,1,1,0.9073464,1,1,0.9925386,1,1,1
1,1,1,0.8975752,1,1,0.9893618,1,1,1
1,1,1,0.8877981,1,1,0.9863169,1,1,1
1,1,1,0.8780156,1,1,0.9834024,1,1,1
1,1,1,0.8682281,1,1,0.980617,1,1,1
1,0.9907057,1,0.8584358,1,1,0.9779497,1,1,1
1,0.9790025,1,0.84865,1,1,0.9751033,1,1,1
1,0.9671383,1,0.8388733,1,1,0.9720087,1,1,1
1,0.9551207,1,0.8291053,1,1,0.9686664,1,1,1
1,0.9429582,1,0.819346,1,1,0.9650781,1,1,1
1,0.9306597,1,0.8095953,1,1,0.9612467,1,1,1
1,0.9182348,1,0.7998531,1,1,0.9571813,1,1,1
1,0.9056929,1,0.7901196,1,1,0.9528921,0.9798435,1,1
1,0.8935475,1,0.7803615,1,1,0.9493063,0.9582223,1,1
1,0.8818071,1,0.7705767,1,1,0.9464738,0.9354719,1,1
1,0.8704703,1,0.7607651,1,1,0.9444283,0.9116362,1,1
1,0.8595334,1,0.7509273,1,1,0.943207,0.886782,0.9979036,1
1,0.8490469,1,0.741062,1,1,0.9429423,0.8608509,0.9958145,1
1,0.8390025,1,0.7311728,1,1,0.9436723,0.8339634,0.993799,0
1,0.8293875,1,0.7212651,1,1,1,0.8062666,0.9918736,1
1,0.819303,1,0.711382,1,1,1,0.7799534,0.9899656,0
1,0.8096272,1,0.7014856,1,1,1,0.7529565,0.988153,0
1,0.8003566,1,0.6915815,1,1,1,0.7253985,0.9864544,0
1,0.7914844,1,0.681676,1,1,1,0.6974136,0.9848835,0
1,0.7830011,1,0.6717767,1,1,1,0.669144,0.9834609,0
1,0.7748935,1,0.6618913,1,1,1,0.6445791,0.982205,0
1,0.7670549,1,0.6520281,1,1,1,0.6454672,0.981125,0
1,0.7588691,1,0.6421891,1,1,1,0.6463226,0.9801329,0
1,0.7503251,1,0.6323679,1,1,1,0.6471345,0.979219,0
1,0.7414138,1,0.6225585,1,1,1,0.6478819,0.9783645,0
1,0.7321293,1,0.6127557,1,1,1,0.6485557,0.9775602,0
1,0.722468,1,0.6029543,1,1,1,0.6491401,0.976792,0
1,0.7124293,1,0.5931507,1,1,1,0.6496242,0.9760491,0
1,0.702015,1,0.5833408,1,1,1,0.6499946,0.9753184,0
1,0.6912299,1,0.5735217,1,1,1,0.6502391,0.974588,1
1,0.6800815,1,0.5636909,1,1,1,0.6503538,0.9738529,1
1,0.6685796,1,0.5538467,1,1,1,0.6503253,0.9730994,1
1,0.6567367,1,0.5439877,1,1,1,0.6501527,0.9723243,1
1,0.6445677,1,0.5341133,1,1,1,0.6498287,0.9715189,1
1,0.6320891,1,0.5242232,1,1,1,0.6493474,0.9706753,1
1,0.6193193,1,0.5143172,1,1,1,0.6487078,0.9697899,1
1,0.6062783,1,0.5043961,1,1,1,0.6479104,0.9688595,1
1,0.5929874,1,0.4944608,1,1,1,0.6469566,0.9678817,1
1,0.5794688,1,0.4845122,1,1,1,0.6458448,0.906127,1
1,0.5671099,1,0.4746298,1,1,1,0.6456999,0.8271149,0
1,0.5561821,1,0.4648353,1,1,1,0.6468385,0.7378427,0
1,0.5467952,0.9929456,0.4551515,1,1,1,0.6494809,0.6425576,0
1,0.5389317,0.9864839,0.4456023,1,1,1,0.6537477,0.5469522,0
1,0.5325337,0.9811784,0.4362157,1,1,1,0.6597353,0.542676,0
1,0.5254493,0.8945983,0.4268269,1,1,1,0.6656296,0.5436205,0
1,0.5168139,0.8724324,0.4173365,0.895542,1,1,0.6705905,0.5444678,0
1,0.507305,0.8537836,0.4077892,0.8852237,1,1,0.6751572,0.5453174,0
1,0.496844,0.8384963,0.398166,0.875019,1,1,1,0.5461196,1
1,0.4797288,0.8463337,0.387843,0.8651036,1,1,1,0.5453487,1
1,0.4626472,0.8548654,0.3775254,0.8552052,1,1,1,0.5445173,1
1,0.4535064,0.9172603,0.3672169,0.8453244,1,1,1,0.5436315,1
1,0.4553275,0.9052144,0.356974,0.8354245,1,1,1,0.5428395,1
1,0.4571939,0.8932201,0.3467457,0.8255304,1,1,1,0.5420257,1
1,0.4591018,0.8812796,0.3365322,0.8156419,1,1,1,0.5411915,1
0.8470982,0.4610473,0.8693954,0.3263333,0.8057579,1,1,1,0.5403374,2
0.7920126,0.4657589,0.855474,0.3159196,1,1,1,1,0.5387134,2
0.7353235,0.4717199,0.8410329,0.3054909,1,1,1,1,0.5367981,2
0.67925,0.4788167,0.3133247,0.2950901,1,1,1,1,0.5346697,2
0.6138848,0.4905187,0.3004521,0.2846065,1,1,1,1,0.5317185,2
0.5556438,0.5032666,0.2879207,0.2743027,1,1,1,1,0.528807,2
0.5034266,0.5171396,0.2757127,0.2641692,1,1,1,1,0.5259348,2
0.4563475,0.532227,0.2638112,0.2541966,1,1,1,1,0.5231015,2
0.4136866,0.5486392,0.2522004,0.7254785,1,1,1,1,0.5203006,2
0.3920863,0.5664909,0.240865,0.7160255,1,1,1,1,0.5175316,2
0.3988615,0.5856261,0.2298083,1,1,1,1,1,0.5148007,2
0.405818,0.6051048,0.2190551,1,1,1,1,1,0.5121166,2
0.4128147,0.6244729,0.2085703,1,1,1,1,1,0.5094514,2
0.4198066,0.236235,0.1983056,1,1,1,1,1,0.50677,2
0.428748,0.221633,0.1880525,1,1,1,1,1,0.5041089,2
0.4383604,0.2075909,0.1843707,1,1,1,1,0.5383481,0.5014631,1
0.4427865,0.1962046,0.2160157,1,1,1,1,1,0.4983447,2
0.4528422,0.1829866,0.6417813,1,1,1,1,1,0.4956733,2
0.4624518,0.1705203,0.6314942,1,1,1,1,0.5200179,0.4928722,1
0.4655532,0.1600852,0.6222681,1,1,1,1,1,0.4892023,2
0.4753333,0.1480766,0.6122278,1,1,1,1,1,0.4863307,2
0.1998305,0.1364453,0.6024424,1,1,1,1,1,0.4833669,2
0.1796861,0.1247039,0.5927555,1,1,1,1,1,0.4807393,2
0.1607919,0.1167638,1,1,1,1,1,1,0.4781152,2
0.1430386,0.1327178,1,1,1,1,1,1,0.4754906,2
0.1263814,0.1506229,1,1,1,1,1,0.4750063,0.4728249,1
0.1132492,0.1614196,1,1,1,1,1,1,0.468038,2
0.09785512,0.1817041,1,1,1,1,1,1,0.4652591,2
0.1016572,0.5773093,1,1,1,1,1,1,0.4623512,2
0.1097715,0.5655304,1,1,1,1,1,1,0.4586023,2
0.1181448,0.5541146,1,1,1,1,1,1,0.4547128,2
0.1267606,0.5430313,1,1,1,1,1,1,0.4506784,2
0.135601,0.532252,1,1,1,1,1,1,0.4464964,2
0.1446462,0.5217501,1,1,1,1,1,1,0.4421651,2
0.1538749,0.511501,1,1,1,1,1,1,0.4376843,2
0.6462793,0.5014821,1,1,1,1,1,1,0.433055,0
0.6386777,0.493656,1,1,1,1,1,1,0.4265268,0
0.6308444,0.4857507,1,1,1,1,1,1,0.4201275,0
0.6227706,0.4777638,1,1,1,1,1,1,0.4138483,0
0.6144478,0.4696935,1,1,1,1,1,1,0.4076898,0
0.6058682,0.4615374,1,1,1,1,1,1,0.4016426,0
0.5970253,0.4532944,1,1,1,1,1,1,0.3957043,0
0.5879138,0.4449634,1,1,1,1,1,1,0.3898723,0
0.5785291,0.4365436,1,1,1,1,1,1,0.3841374,0
0.5688685,0.4280349,1,1,1,1,1,1,0.3784972,1
0.5589305,0.4194375,1,1,1,1,1,1,0.372946,1
0.5487155,0.4107522,1,1,1,1,1,1,0.3674782,1
0.5382251,0.4019805,1,1,1,1,1,1,0.3620881,1
0.5274628,0.3934164,1,1,1,1,1,1,0.3623815,1
0.5163159,0.404219,1,1,1,1,1,1,0.4024042,1
0.5041188,0.4168881,1,1,1,1,1,1,0.4399451,1
0.4910286,0.4314651,1,1,1,1,1,1,0.4743907,1
0.477221,0.447985,1,1,1,1,1,1,0.5054039,1
0.4628746,0.4664864,1,1,1,1,1,1,0.5329136,2
0.4481603,0.4870058,1,1,1,1,1,1,0.5570557,2
0.4332314,0.5095887,1,1,1,1,1,1,0.5781139,2
0.4182196,0.5342834,1,1,1,1,1,1,0.5964472,2
0.4032336,0.5611511,1,1,1,1,1,1,0.6124427,2
0.3883592,0.5902574,1,1,1,1,1,1,0.6264766,2
0.3736622,0.6216816,1,1,1,1,1,1,0.6388956,2
0.359191,0.655517,1,1,1,1,1,1,0.650003,2
0.3449796,0.6918598,1,1,1,1,1,1,0.6600589,2
0.3310502,1,1,1,1,1,1,1,0.6692826,2
0.3271384,1,1,1,1,1,1,1,1,2
0.3430112,1,1,1,1,1,1,1,1,2
0.3595857,1,1,1,1,1,1,1,0.6640977,1
0.3705518,1,1,1,1,1,1,1,1,2
0.388018,1,1,1,1,1,1,1,1,2
0.4061363,1,1,1,1,1,1,1,1,2
0.4248795,1,1,1,1,1,1,1,1,2
0.4442159,1,1,1,1,1,1,1,1,2
0.4641139,1,1,1,1,1,1,1,1,2
0.4845379,1,1,1,1,1,1,1,1,2
0.5054482,1,1,1,1,1,1,1,1,2
0.5268003,1,1,1,1,1,1,1,1,2
0.5485462,1,1,1,1,1,1,1,1,2
0.5706341,1,1,1,1,1,1,1,1,2
0.5930089,1,1,1,1,1,1,1,1,2
0.6156187,1,1,1,1,1,1,1,1,2
0.6384035,1,1,1,1,1,1,1,1,2
1,1,1,1,1,1,1,1,1,1
1,1,1,1,1,1,1,1,1,1
1,1,1,1,1,1,1,1,1,1
1,1,1,1,1,1,1,1,1,1
1,1,1,1,1,1,1,1,1,1
1,1,1,1,1,1,1,1,1,1
1,1,1,1,1,1,1,1,1,1
1,1,1,1,1,1,1,1,1,1
1,1,1,1,1,1,1,1,1,1
1,1,1,1,1,1,1,1,1,1
1,1,1,1,1,1,1,1,1,1
1,1,1,1,1,1,1,1,1,1
1,1,1,1,1,1,1,1,1,1
1,1,1,1,1,1,0.9977472,1,1,1
1,1,1,1,1,1,0.9902231,0.9368021,1,1
0.9475552,1,1,1,1,1,1,1,1,1
0.9663433,1,1,1,1,1,1,1,1,1
0.9667345,1,1,1,1,1,1,1,1,1
0.9671394,1,1,1,1,1,1,1,1,1
0.9675544,1,1,1,1,1,1,1,1,1
0.9679796,1,1,1,1,1,1,1,1,1
0.9684176,1,1,1,1,1,1,1,1,1
0.9688655,1,1,1,1,1,1,1,1,1
0.969323,1,1,1,1,1,1,1,1,1
0.9697897,1,1,1,1,1,1,1,1,1
0.9702657,1,1,1,1,1,1,1,1,1
0.9707508,1,1,1,1,1,1,1,1,1
0.9712447,1,1,1,1,1,1,1,1,1
0.9717473,1,1,1,1,1,1,1,1,1
0.9722554,1,1,1,1,1,1,1,1,1
1,1,1,1,1,1,1,1,1,1
1,1,1,1,1,1,1,1,1,1
1,1,1,1,1,1,1,1,1,1
1,1,1,1,1,1,1,1,1,1
1,1,1,1,1,1,1,1,1,1
1,1,1,1,1,1,1,1,1,1
1,1,1,1,1,1,1,1,1,1
1,1,1,1,1,1,1,1,1,1
1,1,1,1,1,1,1,1,1,1
1,1,1,1,1,1,1,1,1,1
1,1,1,1,1,1,1,1,1,1
1,1,1,1,1,1,1,1,1,1
1,1,1,1,1,1,1,1,1,1
1,1,1,1,1,1,1,1,1,1
1,1,1,1,1,1,1,1,1,1
1,1,1,1,1,1,1,1,1,1
1,1,1,1,1,1,1,1,1,1
1,1,1,1,1,1,1,1,1,1
1,1,1,1,1,1,1,1,1,1
1,1,1,1,1,1,1,1,1,1
1,1,1,1,1,1,1,1,1,1
1,1,1,1,1,1,1,1,1,1
1,1,1,1,1,1,1,1,1,1
1,1,1,1,1,1,1,1,1,1
1,1,1,1,1,1,1,1,1,1
1,1,1,1,1,1,1,1,1,1
1,1,1,1,1,1,1,1,1,1
1,1,1,1,1,1,1,1,1,1
1,1,1,1,1,1,1,1,1,1
1,1,1,1,1,1,1,1,1,1
1,1,1,1,1,1,1,1,1,1
1,1,1,1,1,1,1,1,1,1
1,1,1,1,1,1,1,1,1,1
1,1,1,1,1,1,1,1,1,1
1,1,1,1,1,1,1,1,1,1
1,1,1,1,1,1,1,1,1,1
1,1,1,1,1,1,1,1,1,1
1,1,1,1,1,1,1,1,1,1
1,1,1,1,1,1,1,1,1,1
1,1,1,1,1,1,1,1,1,1
1,1,1,1,1,1,1,1,1,1
1,1,1,1,1,1,1,1,1,1
1,1,1,1,1,1,1,0.9924523,1,1
1,1,1,1,1,1,1,0.9762259,1,1
1,1,1,1,1,1,1,0.9593808,1,1
1,1,1,1,1,1,1,0.9419299,1,1
1,1,1,1,1,1,1,0.9238936,1,1
1,1,1,1,1,1,1,0.9052971,1,1
1,1,1,1,1,1,1,0.8861726,1,1
1,1,1,1,1,1,1,0.8665589,1,0
1,1,1,1,1,1,1,0.8465003,1,0
1,1,1,1,1,1,1,0.8260468,1,0
1,1,1,1,1,1,1,0.8052531,1,0
1,1,1,1,1,1,1,0.7841772,1,0
1,1,1,1,1,1,1,0.7728996,1,0
1,1,1,1,1,1,1,0.7781857,1,0
1,1,1,1,1,1,1,0.7835212,1,0
1,1,1,1,1,1,1,0.7889063,1,0
1,1,1,1,1,1,1,0.7943287,0.9857684,0
1,1,1,1,1,1,1,0.8002152,0.9885664,0
1,1,1,1,1,1,1,0.8060536,0.9913837,0
1,1,1,1,1,1,1,0.8118286,0.9942091,0
1,1,1,1,1,1,1,0.8175335,0.9970373,0
1,1,1,1,1,1,1,0.8231539,0.9998581,0
1,1,1,1,1,1,1,0.8286803,1,0
1,1,1,1,1,1,1,0.8341966,1,0
1,1,1,1,1,1,1,1,1,1
1,1,1,1,1,1,1,1,1,1
1,1,1,1,1,1,1,1,1,1
1,1,1,1,1,1,1,1,1,1
1,1,1,1,1,1,1,1,1,1
1,1,1,1,1,1,1,1,1,1
1,1,1,1,1,1,1,1,1,1
1,1,1,1,1,1,1,1,1,1
1,1,1,1,1,1,1,1,1,1
1,1,1,1,1,1,1,1,0.839542,0
1,1,1,1,1,1,1,1,0.7976645,0
1,1,1,1,1,1,1,1,0.7540466,0
1,1,1,1,1,1,1,1,0.7092596,0
1,1,1,1,1,1,1,1,0.6639215,0
1,1,1,1,1,1,1,1,0.6567041,0
1,1,1,1,1,1,1,1,0.6622185,0
1,1,1,1,1,1,1,1,0.667967,0
1,1,1,1,1,1,1,1,0.673941,0
1,1,1,1,1,1,1,1,0.6801277,0
1,1,1,1,1,1,1,1,0.6865209,0
1,1,1,1,1,1,1,1,0.6931073,0
1,1,1,1,1,1,1,1,0.6998805,0
1,1,1,1,1,1,1,1,0.7068263,0
1,1,1,1,1,1,1,1,0.7139344,0
1,1,1,1,1,1,1,1,1,1
1,1,1,1,1,1,1,1,1,1
1,1,1,1,1,1,1,1,1,1
1,1,1,1,1,1,1,1,1,1
1,1,1,1,1,1,1,1,1,1
1,1,1,1,1,1,1,1,1,1
1,1,1,1,1,1,1,1,1,1
1,1,1,1,1,1,1,1,1,1
1,1,1,1,1,1,1,1,1,1
1,1,1,1,1,1,1,1,1,1
1,1,1,1,1,1,1,1,1,1
1,1,1,1,1,1,1,1,1,1
1,1,1,1,1,1,1,1,1,1
1,1,1,1,1,1,1,1,1,1
1,1,1,1,1,1,1,1,1,1
1,1,1,1,1,1,1,1,1,1
1,1,1,1,1,1,1,1,1,1
1,1,1,1,1,1,0.9934479,1,1,1
1,1,1,1,1,1,0.9836332,1,1,1
1,1,1,1,1,1,0.973807,1,1,1
1,1,1,1,1,1,0.9639696,1,1,1
1,1,1,1,1,1,0.9541217,1,1,1
1,1,1,1,1,1,0.9442639,1,1,1
1,1,1,1,1,1,0.9343969,1,1,1
1,1,1,1,1,1,0.9245214,1,1,1
1,1,1,1,1,1,0.9146382,1,1,1
1,1,1,1,1,1,0.904748,1,1,1
1,1,1,1,1,1,0.8948515,1,1,1
1,1,1,1,1,1,0.8849494,1,1,1
1,1,1,1,1,1,0.8750423,1,1,1
1,1,1,1,1,1,0.8651312,1,1,1
1,1,1,1,1,1,0.855217,1,1,1
1,1,1,1,1,1,0.8453005,1,1,1
1,1,1,1,1,1,0.8353826,1,1,1
1,1,1,1,1,1,0.8254638,1,1,1
1,1,1,1,1,1,0.8155448,1,1,1
1,1,1,1,1,1,0.8056267,1,1,1
1,1,1,1,1,1,0.79571,1,1,1
1,1,1,1,1,1,0.7857957,1,1,1
1,1,1,1,1,1,0.7758844,1,1,1
1,1,1,1,1,1,0.7858092,1,1,1
1,1,1,1,1,1,0.8109058,1,1,1
1,1,1,1,1,1,0.8355943,1,1,1
1,1,1,1,1,1,0.8598177,1,1,1
1,1,1,1,1,1,0.8834833,1,1,1
1,1,1,1,1,1,0.9065641,1,1,1
1,1,1,1,1,1,0.9289969,1,1,1
1,1,1,1,1,1,1,1,1,1
1,1,1,1,1,1,1,1,1,1
1,1,1,1,1,1,1,1,1,1
1,1,1,1,1,1,1,1,1,1
1,1,1,1,1,1,1,1,0.9933831,1
1,1,1,1,1,1,1,1,0.9746138,1
1,1,1,1,1,1,1,1,0.9548182,1
1,1,1,1,1,1,1,1,0.9340159,1
1,1,1,1,1,1,1,0.7329824,0.9122427,0
1,1,1,1,1,1,1,0.71723,0.8809187,0
1,1,1,1,1,1,1,0.7011622,0.8488407,0
1,1,1,1,1,1,1,0.684863,0.8319726,0
1,1,1,1,1,1,1,0.6686379,0.8431334,0
1,1,1,1,1,1,1,0.652901,0.8546341,0
1,1,1,1,1,1,1,0.6376342,0.8664494,0
1,1,1,1,1,1,1,0.6228179,0.8785604,0
1,1,1,1,1,1,1,0.6084311,0.8909396,0
1,1,1,1,1,1,1,0.5944529,0.9035661,0
1,1,1,1,1,1,1,0.5808618,0.9164103,0
1,1,1,1,1,1,1,0.5676371,0.9294461,0
1,1,1,1,1,1,1,0.554758,0.942643,0
1,1,1,1,1,1,1,0.5422033,0.9559782,0
1,1,1,1,1,1,1,0.5299536,1,0
1,1,1,1,1,1,1,0.54371,1,0
1,1,1,1,1,1,1,0.5646306,1,0
1,1,1,1,1,1,1,0.5858418,1,0
1,1,1,1,1,1,1,0.6072959,1,0
1,1,1,1,1,1,1,0.6289347,0.6459647,0
1,1,1,1,1,1,1,0.6690913,0.6218116,0
1,1,1,1,1,1,1,1,0.5989577,0
1,1,1,1,1,1,1,1,0.5796856,0
1,1,1,1,1,1,1,1,0.5608036,0
1,1,1,1,1,1,1,1,0.5423428,0
1,1,1,1,1,1,1,1,0.5243299,0
1,1,1,1,1,1,1,1,0.5067858,0
1,1,1,1,1,1,1,1,0.4897266,0
1,1,1,1,1,1,1,1,0.4731631,0
1,1,1,1,1,1,1,1,0.460348,0
1,1,1,1,1,1,1,1,0.4781446,0
1,1,1,1,1,1,1,1,0.4964134,0
1,1,1,1,1,1,1,1,0.5151167,0
1,1,1,1,1,1,1,1,0.5342239,0
1,1,1,1,1,1,1,1,0.5536904,0
1,1,1,1,1,1,1,1,0.5734746,0
1,1,1,1,1,1,1,1,0.593537,0
1,1,1,1,1,1,1,1,0.6138309,0
1,1,1,1,1,1,1,1,1,1
1,1,1,1,1,1,1,1,1,1
1,1,1,1,1,1,1,1,1,1
1,1,1,1,1,1,1,1,1,1
1,1,1,1,1,1,1,1,1,1
1,1,1,1,1,1,1,1,1,1
1,1,1,1,1,1,1,1,1,1
1,1,1,1,1,1,1,1,1,1
1,1,1,1,1,1,1,1,1,1
1,1,1,1,1,1,1,1,1,1
1,1,1,1,1,1,1,1,1,1
1,1,1,1,1,1,1,1,1,1
1,1,1,1,1,1,1,1,1,1
1,1,1,1,1,1,1,1,1,1
1,1,1,1,1,1,1,1,1,1
1,1,1,1,1,1,1,1,1,1
1,1,1,1,1,1,1,1,1,1
1,1,1,1,1,1,1,1,1,1
1,1,1,1,1,1,1,1,1,1
1,1,1,1,1,1,1,1,1,1
1,1,1,1,1,1,1,1,1,1
1,1,1,1,1,1,1,1,1,1
1,1,1,1,1,1,1,1,1,1
1,1,1,1,1,1,1,1,1,1
1,1,1,1,1,1,1,1,1,1
1,1,1,1,1,1,1,1,1,1
1,1,1,1,1,1,1,1,1,1
1,1,0.8709527,1,1,1,1,1,1,2
1,1,0.8423354,1,1,1,1,1,1,2
1,1,0.8122905,1,1,1,1,1,1,2
1,1,0.781009,1,1,1,1,1,1,2
1,1,0.748718,1,1,1,1,1,1,2
1,1,0.7156724,1,1,1,1,1,1,2
1,1,0.6998352,1,1,1,1,1,1,2
1,1,0.6968229,1,1,1,1,1,1,2
1,1,0.6939832,1,1,1,1,1,1,2
1,1,0.6913183,1,1,1,1,1,1,2
1,1,0.6888271,1,1,1,1,1,1,2
1,1,0.6865083,1,1,1,1,1,1,2
1,1,0.6843641,1,1,1,1,1,1,2
1,1,0.6823931,1,1,1,1,1,1,2
1,1,0.6805938,1,1,1,1,1,1,2
1,1,0.6789649,1,1,1,1,1,1,2
1,1,1,1,1,1,1,1,1,1
1,1,1,1,1,1,1,1,1,1
1,1,1,1,1,1,1,1,1,1
1,1,1,1,1,1,1,1,1,1
1,1,1,1,1,1,1,1,1,1
1,1,1,1,1,1,1,1,1,1
1,1,1,1,1,1,1,1,1,1
1,1,1,1,1,1,1,1,1,1
1,1,1,1,1,1,1,1,1,1
1,1,1,1,1,1,1,1,1,1
1,1,1,1,1,1,1,1,1,1
1,1,1,1,1,1,1,1,1,1
1,1,1,1,1,1,1,1,1,1
1,1,1,1,1,1,1,1,1,1
1,1,1,1,1,1,1,1,1,1
1,1,1,1,1,1,1,1,1,1
1,1,1,1,1,1,1,1,1,1
1,0.5648108,1,1,1,1,1,1,1,2
1,0.4799738,1,1,1,1,1,1,1,2
1,0.476501,1,1,1,1,1,1,1,2
1,0.4733962,1,1,1,1,1,1,1,2
1,0.470665,1,1,1,1,1,1,1,2
1,0.4683078,0.987698,1,1,1,1,1,1,2
1,0.4663258,0.9942294,1,1,1,1,1,1,2
1,0.4647276,1,1,1,1,1,1,1,2
1,0.4635164,1,1,1,1,1,1,1,2
1,1,1,1,1,1,1,1,1,1
1,1,1,1,1,1,1,1,1,1
1,1,1,1,1,1,1,1,1,1
1,1,1,1,1,1,1,1,1,1
1,1,1,1,1,1,1,1,1,1
0.4239618,1,1,1,1,1,1,1,1,2
0.4194627,1,1,1,1,1,1,1,1,2
0.4153647,1,1,1,1,1,1,1,1,2
0.4116603,1,1,1,1,1,1,1,1,2
0.4083436,1,1,1,1,1,1,1,1,2
0.4054122,1,1,1,1,1,1,1,1,2
0.4028617,1,1,1,1,1,1,1,1,2
0.4006918,1,1,1,1,1,1,1,1,2
1,0.9729716,1,1,1,1,1,1,1,1
1,0.9502055,1,1,1,1,1,1,1,1
1,0.9260454,1,1,1,1,1,1,1,1
1,0.9005377,1,1,1,1,1,1,1,1
1,0.8737567,1,1,1,1,1,1,1,2
1,0.8458065,1,1,1,1,1,1,1,2
1,0.8168198,1,1,1,1,1,1,1,2
1,0.8018212,1,1,1,1,1,1,1,2
1,0.803058,1,1,1,1,1,1,1,2
1,0.8043936,1,1,1,1,1,1,1,2
1,0.8058264,1,1,1,1,1,1,1,2
1,0.8073545,1,1,1,1,1,1,1,2
1,0.8089724,1,1,1,1,1,1,1,2
1,0.8106819,1,1,1,1,1,1,1,2
1,0.8124741,1,1,1,1,1,1,1,2
1,0.8143504,1,1,1,1,1,1,1,2
1,0.8163056,1,1,1,1,1,1,1,2
1,0.8183377,1,1,1,1,1,1,1,2
1,0.8204448,1,1,1,1,1,1,1,2
1,0.8226212,1,1,1,1,1,1,1,2
1,0.8248687,1,1,1,1,1,1,1,2
1,0.8271779,1,1,1,1,1,1,1,2
1,0.8295509,1,1,1,1,1,1,1,2
1,0.8319817,1,1,1,1,1,1,1,2
1,0.8344685,1,1,1,1,1,1,1,2
1,1,1,1,1,1,1,1,1,1
1,1,1,1,1,1,1,1,1,1
1,1,1,1,1,1,1,1,1,1
0.9267702,1,1,1,1,1,1,1,1,1
0.8611002,1,1,1,1,1,1,1,1,2
0.7868145,1,1,1,1,1,1,1,1,2
0.7063195,1,1,1,1,1,1,1,1,2
0.689741,1,1,1,1,1,1,1,1,2
0.691485,1,1,1,1,1,1,1,1,2
0.6934612,1,1,1,1,1,1,1,1,2
0.6956674,1,1,1,1,1,1,1,1,2
0.698098,1,1,1,1,1,1,1,1,2
0.7007504,1,1,1,1,1,1,1,1,2
0.7036217,1,1,1,1,1,1,1,1,2
0.7067059,1,1,1,1,1,1,1,1,2
0.7099966,1,1,1,1,1,1,1,1,2
0.7134901,1,1,1,1,1,1,1,1,2
0.7171798,1,1,1,1,1,1,1,1,2
0.7210586,0.9975688,1,1,1,1,1,1,1,2
0.7251426,0.9729713,1,1,1,1,1,1,1,2
0.7296214,0.9485694,1,1,1,1,1,1,1,2
1,0.9244372,1,1,1,1,1,1,1,1
1,0.9091185,1,1,1,1,1,1,1,1
1,0.8935168,1,1,1,1,1,1,1,1
1,0.8776526,1,1,1,1,1,1,1,1
1,0.8615481,1,1,1,1,1,1,1,1
1,0.8452274,1,1,1,1,1,1,1,2
1,0.8287169,1,1,1,1,1,1,1,2
1,0.8338054,0.9913344,1,1,1,1,1,1,2
1,0.8406382,0.9796902,1,1,1,1,1,1,2
1,0.8475559,0.9681285,1,1,1,1,1,1,2
1,0.8545482,0.9566482,1,1,1,1,1,1,2
1,0.8616126,0.9452471,1,1,1,1,1,1,2
1,0.8687388,0.933924,1,1,1,1,1,1,2
1,0.8759196,0.9405563,1,1,1,1,1,1,1
1,0.8829347,0.9619891,1,1,1,1,1,1,1
1,0.8896132,0.9825643,1,1,1,1,1,1,1
0.9742807,0.8959573,1,1,1,1,1,0.988836,1,1
0.9451933,0.9026311,1,1,1,1,1,0.97452,1,1
0.9390574,1,1,1,1,1,1,0.960723,1,1
0.9416168,1,1,1,1,1,1,0.9418413,1,1
0.9438111,1,1,1,1,1,1,0.9215724,1,1
0.9456137,1,1,1,1,1,1,0.8999423,1,1
0.9470003,1,1,1,1,1,1,0.8769997,1,1
0.9479461,1,1,1,1,1,1,0.8528193,1,1
0.9484408,1,1,1,1,1,1,0.8274988,1,0
0.9484765,1,1,1,1,1,1,0.8011607,1,0
0.9480521,1,1,1,1,1,1,0.7802592,1,0
0.9472779,1,1,1,1,1,1,0.7809966,1,0
0.9465169,1,1,1,1,1,1,0.7817937,1,0
0.9457682,1,0.9909512,1,1,1,1,0.7826492,1,0
0.9450771,1,0.9771694,1,1,1,1,0.783509,1,0
0.944463,1,0.9645715,1,1,1,1,0.7843432,1,0
0.9439192,1,0.9530258,1,1,1,1,0.7851509,1,0
0.9434398,1,0.9424198,1,1,1,1,0.7859313,1,0
0.94302,1,0.9326566,1,1,1,1,0.7866835,1,0
0.9426551,1,0.9236528,1,1,1,1,0.7874066,1,0
0.8567799,1,0.9153155,1,1,1,1,0.788107,1,1
0.8321641,1,0.9170412,1,1,1,1,0.7870445,1,1
0.805655,1,0.9213357,1,1,1,1,0.7855219,1,1
0.7774054,1,0.9283102,1,1,1,1,0.783524,1,1
0.7476127,1,0.9381106,1,1,0.9919838,1,0.7810398,1,1
0.7166852,0.8355691,1,1,1,0.9824439,1,0.7781242,1,2
0.6783627,0.81648,1,1,1,0.9744078,1,0.7727861,1,2
0.6642312,0.7965769,1,1,1,0.9669178,1,0.7666764,1,2
0.6688043,0.7766599,1,1,1,0.9596843,1,0.7603005,1,2
0.6735442,0.7572616,1,1,1,0.9524651,1,0.7540223,1,2
0.6784397,0.7383763,1,1,1,0.945244,1,0.7478488,1,2
0.6834727,0.719995,1,1,1,0.9380049,1,0.7417918,1,2
0.6886342,0.7021059,1,1,1,0.930732,1,0.7358503,1,2
0.6939049,0.6846942,1,1,1,0.9234093,1,0.7300318,1,2
0.6992689,0.6677436,1,1,1,0.9160219,1,0.7243385,1,2
0.7047133,0.6512361,1,1,1,0.9085555,1,0.7187678,1,2
0.7102185,0.6351526,1,1,0.9781942,0.9009963,1,0.7133225,1,2
0.715685,0.6195676,1,1,0.9380932,0.8932514,1,0.7080778,1,2
1,0.6045296,1,1,0.9028566,0.885234,1,0.7030922,1,0
1,0.5943698,1,1,0.9089249,0.8729517,1,0.701963,1,1
1,0.5840657,1,1,0.914704,0.8607888,1,0.7008227,1,1
1,0.5736176,1,1,0.9201537,0.8487405,1,0.6996689,1,1
1,0.5630273,1,1,0.9252221,0.8368024,1,0.6984965,1,1
1,0.5522965,1,1,0.9298598,0.8249693,1,0.6973004,1,1
1,0.5414277,1,1,1,0.8132366,1,0.6960796,1,1
1,0.5356519,1,1,1,0.8017985,1,0.6946083,0.8868566,0
1,0.5339649,1,1,1,0.7888514,1,0.6949634,0.6142313,0
1,0.5245932,1,1,1,0.7725778,1,0.6999133,0.6130561,0
1,0.5159806,1,1,1,0.7569618,1,0.7051286,0.6122305,0
1,0.5080594,1,1,1,0.7419473,1,0.7105677,0.6117239,0
1,0.5007708,1,1,1,0.7274805,1,0.7161863,0.6115031,0
1,0.4940554,1,1,1,0.7135097,1,0.7219448,0.6115392,0
1,0.487859,1,1,1,0.6999867,1,0.7278054,0.6118048,0
1,0.4821359,1,1,1,0.7124275,1,0.7337288,0.6122707,0
1,0.4769782,1,1,1,0.7450983,1,1,0.6128777,1
1,0.4766352,1,1,1,0.7508052,1,1,0.6124374,1
1,0.4763205,1,1,1,0.7563664,1,1,0.6120172,1
1,0.4760342,1,1,1,0.7617746,1,1,0.6116141,1
1,0.4757768,1,1,1,0.7670231,1,1,0.6112252,1
1,0.4755401,1,1,1,0.7721313,0.687593,1,0.6108538,0
1,0.4724073,1,1,1,1,0.6729994,1,0.6113439,0
1,0.4703046,1,1,1,1,0.659413,1,0.6116372,0
1,0.4681602,1,1,1,1,0.6459424,1,0.6120211,0
1,0.4659848,1,1,1,1,0.6325896,1,0.612491,0
1,0.4637801,1,1,1,1,0.6193566,1,0.6130479,0
1,0.461551,1,1,1,1,0.6062436,1,0.6136902,0
1,0.4593064,1,1,1,1,0.5932508,1,0.6144127,0
1,0.4570497,1,1,1,1,0.5803774,1,0.6152135,0
1,0.454784,1,1,1,1,0.5676223,1,0.6160902,0
1,0.4525159,1,1,1,1,0.5549837,1,0.6170381,0
1,0.4502433,1,1,1,1,0.5424595,1,0.6180578,0
0.6462718,0.4479756,1,1,1,1,0.5300472,1,0.6191412,2
0.5863582,0.4512044,1,1,1,1,0.5211426,1,0.6176805,2
0.5269313,0.4553313,1,1,1,1,0.5126334,1,0.6158867,2
0.4692689,0.460391,1,1,1,1,0.5044953,1,0.6138013,2
0.4143527,0.4663978,1,1,1,1,0.4966939,1,0.6114793,2
0.3646538,0.4733547,1,1,1,1,0.4891872,1,0.6089768,2
0.367213,0.4812186,1,1,1,1,0.4819073,1,0.6063568,2
0.3698659,0.4890066,1,1,1,1,0.4742807,1,0.6039003,2
0.3725854,0.4966709,1,1,1,1,0.4662994,1,0.6015765,2
0.3753494,1,1,1,1,1,0.4579602,1,0.5993569,1
0.3758716,1,1,1,1,1,0.4453422,1,0.5987145,1
0.3763276,1,1,1,1,1,0.4327331,1,0.59814,0
0.3767208,1,1,1,1,1,0.4201414,1,0.5976332,0
0.3770478,1,1,1,1,1,0.4075748,1,0.5972002,0
0.3773152,1,1,1,1,1,0.3950408,1,0.5968374,0
0.3775194,1,1,1,1,1,0.3825455,1,1,2
0.3800948,1,1,1,1,1,0.3736337,1,1,2
0.3827713,1,1,1,1,1,0.36452,1,1,2
0.3855309,1,1,1,1,1,0.3552008,1,1,2
0.38836,1,1,1,1,1,0.3456742,1,1,2
0.3912447,1,1,1,1,1,0.3359392,1,1,2
0.3941717,1,1,1,1,1,0.3259972,1,1,2
0.3971279,1,1,1,1,1,0.3158506,1,1,2
0.400101,1,1,1,1,1,0.3055035,1,1,2
0.4030788,1,1,1,1,1,0.2949612,1,1,2
0.4060497,1,1,1,1,1,0.2842304,1,1,2
0.4090025,1,1,1,1,1,0.2733842,1,1,2
1,1,1,1,1,1,0.2683602,1,1,0
1,1,1,1,1,1,0.2724453,0.9506235,1,0
1,1,1,1,1,1,0.2777004,0.902783,1,0
1,1,1,1,1,1,0.2842364,0.3386555,1,0
1,1,1,1,1,1,0.2921976,0.3104565,1,0
1,1,1,1,1,1,0.3012921,0.2840426,1,0
1,1,1,1,1,1,0.311657,0.2592372,1,0
1,1,1,1,1,1,0.3234612,0.2358858,1,0
1,1,1,1,1,1,1,0.2138536,1,0
1,1,1,1,1,1,1,0.19335,1,0
1,1,1,1,1,1,1,0.1972087,1,0
1,1,1,1,1,1,1,0.2015829,1,0
1,1,1,1,1,1,1,0.2065111,0.2935194,0
1,1,1,1,1,1,1,0.2120273,0.2474721,0
1,1,1,1,1,1,1,0.2181791,0.206592,0
1,1,1,1,1,1,1,0.2250102,0.17005,0
1,1,1,1,1,1,1,0.2325749,0.1678143,0
1,1,1,1,1,1,1,0.2409341,0.1712818,0
1,1,1,1,1,1,1,1,0.1751206,0
1,1,1,1,1,1,1,1,0.1793462,0
1,1,1,1,1,1,1,1,0.1839759,0
1,1,1,1,1,1,1,1,0.1890286,0
1,1,1,1,1,1,1,1,0.1945214,0
1,1,1,1,1,1,1,1,0.2004772,0
1,1,1,1,1,1,1,1,0.2069173,0
1,1,1,1,1,1,1,1,0.6704331,0
1,1,1,1,1,1,1,1,0.6799399,0
1,1,1,1,1,1,1,1,0.6896106,0
1,1,1,1,1,1,1,1,0.6994271,0
1,1,1,1,1,1,1,1,0.7093744,0
1,1,1,1,1,1,1,1,0.7194377,0
1,1,1,1,1,1,1,1,0.7295977,0
1,1,1,1,1,1,1,1,0.7398393,0
1,1,1,1,1,1,1,1,1,1
1,1,1,1,1,1,1,1,1,1
1,1,1,1,1,1,1,1,1,1
1,1,1,1,1,1,1,1,1,1
1,1,1,1,1,1,1,1,1,1
1,1,1,1,1,1,1,1,1,1
1,1,1,1,1,1,1,1,1,1
1,1,1,1,1,1,1,1,1,1
1,1,1,1,1,1,1,1,1,1
1,1,1,1,1,1,1,1,1,1
1,1,1,1,1,1,1,1,1,1
1,1,1,1,1,1,1,1,1,1
1,1,1,1,1,1,1,1,1,1
1,1,1,1,1,1,1,1,1,1
1,1,1,1,1,1,1,1,1,1
1,1,1,1,1,1,1,1,1,1
1,1,1,1,1,1,1,1,1,1
1,1,1,1,1,1,1,1,1,1
1,1,1,1,1,1,1,1,1,1
1,1,1,1,1,1,1,1,1,1
1,1,1,1,1,1,1,1,1,1
1,1,1,1,1,1,1,1,1,1
1,1,1,1,1,1,1,1,1,1
1,1,1,1,1,1,1,1,1,1
1,1,1,1,1,1,1,1,1,1
1,1,1,1,1,1,1,1,1,1
1,1,1,1,1,1,1,1,1,1
1,1,1,1,1,1,1,1,1,1
1,1,1,1,1,1,1,1,1,1
1,1,1,0.9684653,1,1,1,1,1,1
1,1,1,0.9582725,1,1,1,1,1,1
1,1,1,0.9480683,1,1,1,1,1,1
1,1,1,0.937853,1,1,1,1,1,1
1,1,1,0.9276274,1,1,1,1,1,1
1,1,0.9963087,0.9173921,1,1,1,1,1,1
1,1,0.9849836,0.9071372,1,1,1,1,1,1
1,1,0.9735438,0.8968431,1,1,1,1,1,1
1,1,0.9619951,0.8865119,1,1,1,1,1,1
1,1,0.950343,0.8761461,1,1,1,1,1,1
1,1,0.9385942,0.8657485,1,1,1,1,1,1
1,1,0.9267555,0.8553222,1,1,1,1,1,1
1,1,0.9148348,0.8448707,1,1,1,1,1,1
1,1,0.9028393,0.8343965,1,1,1,1,1,1
1,1,0.8907776,0.8239042,1,1,1,1,1,1
1,1,0.8786578,0.8133968,1,1,1,1,1,1
1,1,0.8664888,0.8028784,1,1,1,1,1,1
1,1,0.8542789,0.7923525,1,1,1,1,1,1
1,1,0.8420373,0.7818231,1,1,1,1,1,1
1,1,0.8297724,0.7712938,1,1,1,1,1,1
1,1,0.8174928,0.7607684,1,1,1,1,1,2
1,1,0.8052074,0.7846068,1,1,1,1,1,2
1,1,0.7929851,0.8148246,1,1,1,1,1,2
1,1,0.7808347,0.8472608,1,1,1,1,1,2
1,1,0.768756,0.8820857,1,1,1,1,1,1
1,1,0.7567484,0.9194581,1,1,1,1,1,1
1,1,0.7448115,0.9596089,1,1,1,1,1,1
1,1,0.7329444,0.966561,1,1,1,1,1,1
1,1,0.7211024,0.9561146,1,1,1,1,1,2
1,1,0.7092678,0.9456808,1,1,1,1,1,2
1,1,0.6974471,0.935263,1,1,1,1,1,2
1,1,0.6856467,0.9248649,1,1,1,1,1,2
1,1,0.6738715,0.9144889,1,1,1,1,1,2
1,1,0.662127,0.9041375,1,1,1,1,1,2
1,1,0.6504181,0.8938133,1,1,1,1,1,2
1,1,0.6387492,0.8835185,1,1,1,1,1,2
1,0.8209845,0.6271246,0.873255,1,1,1,1,1,2
1,0.7993184,0.6145098,0.8627828,1,1,1,1,1,2
1,0.7777968,0.6019614,0.8524117,1,1,1,1,1,2
1,0.7564944,0.5895037,0.8421578,1,1,1,1,1,2
1,0.7354774,0.5771583,0.832034,1,1,1,1,1,2
1,0.714803,0.564944,0.8220512,1,1,1,1,1,2
1,0.6945201,0.5528768,0.812218,1,1,1,1,1,2
1,0.6746674,0.540969,0.8025395,1,1,1,1,1,2
1,0.6552755,0.5604205,0.7930187,1,1,1,1,1,2
1,0.6365103,0.6031841,1,1,1,1,1,1,2
1,0.6182504,0.6519576,1,1,1,1,1,1,2
1,0.6006125,0.7067708,1,1,1,1,1,1,2
1,0.5835627,0.765984,1,1,1,1,1,1,2
1,0.5670598,0.7546263,1,1,1,1,1,1,2
1,0.550872,0.7434302,1,1,1,1,1,1,2
1,0.5350108,0.732402,1,1,1,1,1,1,2
1,0.5194849,0.7215464,1,1,1,1,1,1,2
1,0.5042991,0.7108661,1,1,1,1,1,1,2
1,0.4894555,0.700362,1,1,1,1,1,1,2
0.7211032,0.4749533,0.6900336,1,1,1,1,1,1,2
0.6840619,0.4585928,0.6794573,1,1,1,1,1,1,2
0.6495278,0.4428957,0.6692872,1,1,1,1,1,1,2
0.6172676,0.4278268,0.6595135,1,1,1,1,1,1,2
0.5870751,0.4133522,1,1,1,1,1,1,1,2
0.5587705,0.4304686,1,1,1,1,1,1,1,2
0.5321926,0.4629086,1,1,1,1,1,1,1,2
0.5072001,0.4993983,1,1,1,1,1,1,1,2
0.483666,0.5406322,1,1,1,1,1,1,1,2
0.4614773,0.5874847,1,1,1,1,1,1,1,2
0.4405328,0.629546,1,1,1,1,1,1,1,2
0.4207414,0.6165391,1,1,1,1,1,1,1,2
0.4020213,0.6040885,1,1,1,1,1,1,1,2
0.3842981,0.5921727,1,1,1,1,1,1,1,2
0.3675306,0.5807844,1,1,1,1,1,1,1,2
0.3801535,0.5699152,1,1,1,1,1,1,1,2
0.4008277,0.559622,1,1,1,1,1,1,1,2
0.4223379,0.5498592,1,1,1,1,1,1,1,2
0.4446265,0.5651442,1,1,1,1,1,1,1,2
0.4675152,0.673098,1,1,1,1,1,1,1,2
0.4904899,0.7977099,1,1,1,1,1,1,1,2
0.5134127,0.9402239,1,1,1,1,1,1,1,2
0.536155,1,1,1,1,1,1,1,1,2
0.5590189,1,1,1,1,1,1,1,1,2
0.5659679,1,1,1,1,1,1,1,1,2
0.5549783,1,1,1,1,1,1,1,1,2
0.5441967,1,1,1,1,1,1,1,1,2
0.5336258,1,1,1,1,1,1,1,1,2
0.5232669,1,1,1,1,1,1,1,1,2
0.5131208,1,1,1,1,1,1,1,1,2
0.5031875,1,1,1,1,1,1,1,1,2
0.4934661,1,1,1,1,1,1,1,1,2
0.4839556,1,1,1,1,1,1,1,1,2
0.4746536,1,1,1,1,1,1,1,1,2
0.4931742,1,1,1,1,1,1,1,1,2
0.5218196,1,1,1,1,1,1,1,1,2
0.550957,1,1,1,1,1,1,1,1,2
0.5804915,1,1,1,1,1,1,1,1,2
0.6103297,1,1,1,1,1,1,1,1,2
0.6403745,1,1,1,1,1,1,1,1,2
0.6705259,1,1,1,1,1,1,1,1,2
0.7006737,1,1,1,1,1,1,1,1,2
0.7307154,1,1,1,1,1,1,1,1,1
0.7605497,1,1,1,1,1,1,1,1,1
0.7900769,1,1,1,1,1,1,1,1,1
0.8192006,1,1,1,1,1,1,1,1,1
0.8478376,1,1,1,1,1,1,1,1,1
1,1,1,1,1,1,1,1,1,1
1,1,1,1,1,1,1,1,1,1
1,1,1,1,1,1,1,1,1,1
1,1,1,1,1,1,1,1,1,1
1,1,1,1,1,1,1,1,1,1
1,1,1,1,1,1,1,1,1,1
1,1,1,1,1,1,1,1,1,1
1,1,1,1,1,1,1,1,1,1
1,1,1,1,1,1,1,1,1,1
1,1,1,1,1,1,1,1,1,1
1,1,1,1,1,1,1,1,1,1
1,1,1,1,1,1,1,1,1,1
1,1,1,1,1,1,1,1,1,1
1,1,1,1,1,1,1,1,1,1
1,1,1,1,1,1,1,1,1,1
1,1,1,1,1,1,1,1,1,1
1,1,1,1,1,1,1,1,1,1
1,1,1,1,1,1,1,1,1,1
1,1,1,1,1,1,1,1,1,1
1,1,1,1,1,1,1,1,1,1
1,1,1,1,1,1,1,1,1,1
1,1,1,1,1,1,1,1,1,1
1,1,1,1,1,1,1,1,1,1
1,1,1,1,1,1,1,1,1,1
1,1,1,1,1,1,1,1,1,1
1,1,1,1,1,1,1,1,1,1
1,1,1,1,1,1,1,1,1,1
1,1,1,1,1,1,1,1,1,1
1,1,1,1,1,1,1,1,1,1
1,1,1,1,1,1,1,1,1,1
1,1,1,1,1,1,1,1,1,1
1,1,1,1,1,1,1,1,1,1
1,1,1,1,1,1,1,1,1,1
1,1,1,1,1,1,1,1,1,1
1,1,1,1,1,1,1,1,1,1
1,1,1,1,1,1,1,1,1,1
1,1,1,1,1,1,1,1,1,1
1,1,1,1,1,1,1,1,1,1
1,1,1,1,1,1,1,1,1,1
1,1,1,1,1,1,1,1,1,1
1,1,1,1,1,1,1,1,1,1
1,1,1,1,1,1,1,1,1,1
1,1,1,1,1,1,1,1,1,1
1,1,1,1,1,1,1,1,1,1
1,1,1,1,1,1,1,1,1,1
1,1,1,1,1,1,1,1,1,1
1,1,1,1,1,1,1,1,1,1
1,1,1,1,1,1,1,1,1,1
1,1,1,1,1,1,1,1,1,1
1,1,1,1,1,1,1,1,1,1
1,1,1,1,1,1,1,1,1,1
1,1,1,1,1,1,1,1,1,1
1,1,1,1,1,1,1,1,1,1
1,1,1,1,1,1,1,1,1,1
1,1,1,1,1,1,1,1,1,1
1,1,1,1,1,1,1,1,1,1
1,1,1,1,1,1,1,1,1,1
1,1,1,1,1,1,1,1,1,1
1,1,1,1,1,1,1,1,1,1
1,1,1,1,1,1,1,1,1,1
1,1,1,1,1,1,1,1,1,1
1,1,1,1,1,1,1,1,1,1
1,1,1,1,1,1,1,1,1,1
1,1,1,1,1,1,1,1,1,1
1,1,1,1,1,1,1,1,1,1
1,1,1,1,1,1,1,1,1,1
1,1,1,1,1,1,1,1,1,1
1,1,1,1,1,1,1,1,1,1
1,1,1,1,1,1,1,1,1,1
1,1,1,1,1,1,1,1,1,1
1,1,1,1,1,1,1,1,1,1
1,1,1,1,1,1,1,1,1,1
1,1,1,1,1,1,1,1,1,1
1,1,1,1,1,1,1,1,1,1
1,1,1,1,1,1,1,1,1,1
1,1,1,1,1,1,1,1,1,1
1,1,1,1,1,1,1,1,1,1
1,1,1,1,1,1,1,1,1,1
1,1,1,1,1,1,1,1,1,1
1,1,1,1,1,1,1,1,1,1
1,1,1,1,1,1,1,1,1,1
1,1,1,1,1,1,1,1,1,1
1,1,1,1,1,1,1,1,1,1
1,1,1,1,1,1,1,1,1,1
1,1,1,1,1,1,1,1,1,1
1,1,1,1,1,1,1,1,1,1
1,1,1,1,1,1,1,1,1,1
1,1,1,1,1,1,1,1,1,1
0.9956613,1,1,1,1,1,1,1,1,1
0.9893991,1,1,1,1,1,1,1,1,1
0.9942034,1,1,1,1,1,1,1,1,1
1,1,1,1,1,1,1,1,1,1
1,1,1,1,1,1,1,1,1,1
1,1,1,1,1,1,1,1,1,1
1,1,1,1,1,1,1,1,1,1
1,1,1,1,1,1,1,1,1,1
1,1,1,1,1,1,1,1,1,1
1,1,1,1,1,1,1,1,1,1
1,1,1,1,1,1,1,1,1,1
1,1,1,1,1,1,1,1,1,1
1,1,1,1,1,1,1,1,1,1
1,1,1,1,1,1,1,1,1,1
1,1,1,1,1,1,1,1,1,1
1,1,1,1,1,1,1,1,1,1
1,1,1,1,1,1,1,1,1,1
1,1,1,1,1,1,1,1,1,1
1,1,1,1,1,1,1,1,1,1
1,1,1,1,1,1,1,1,1,1
1,1,1,1,1,1,1,1,1,1
1,1,1,1,1,1,1,1,1,1
1,1,1,1,1,1,1,1,1,1
1,1,1,1,1,1,1,1,1,1
1,1,1,1,1,1,1,1,1,1
1,1,1,1,1,1,1,1,1,1
1,1,1,1,1,1,1,1,1,1
1,1,1,1,1,1,1,1,1,1
1,1,1,1,1,1,1,1,1,1
1,1,1,1,1,1,1,1,1,1
1,1,1,1,1,1,1,1,1,1
1,1,1,1,1,1,1,1,1,1
1,1,1,1,1,1,1,1,1,1
1,1,1,1,1,1,1,1,1,1
1,1,1,1,1,1,1,1,1,1
1,1,1,1,1,1,1,1,1,1
1,1,1,1,1,1,1,1,1,1
1,1,1,1,1,1,1,1,1,1
1,1,1,1,1,1,1,1,1,1
1,1,1,1,1,1,1,1,1,1
1,1,1,1,1,1,1,1,1,1
1,1,1,1,1,1,1,1,1,1
1,1,1,1,1,1,1,1,1,1
1,1,1,1,1,1,1,1,1,1
1,1,1,1,1,1,1,1,1,1
1,1,1,1,1,1,1,1,1,1
1,1,1,1,1,1,1,1,1,1
1,1,1,1,1,1,1,1,1,1
1,1,1,1,1,1,1,1,1,1
1,1,1,1,1,1,1,1,1,1
1,1,1,1,1,1,1,1,1,1
1,1,1,1,1,1,1,1,1,1
1,1,1,1,1,1,1,1,1,1
1,1,1,1,1,1,1,1,1,1
1,1,1,1,1,1,1,1,1,1
1,1,1,1,1,1,1,1,1,1
1,1,1,1,1,1,1,1,1,1
1,1,1,1,1,1,1,1,1,1
1,1,1,1,1,1,1,1,1,1
1,1,1,1,1,1,1,1,1,1
1,1,1,1,1,1,1,1,1,1
1,1,1,1,1,1,1,1,1,1
1,1,1,1,1,1,1,1,1,1
1,1,1,1,1,1,1,1,1,1
1,1,1,1,1,1,1,1,1,1
1,1,1,1,1,1,1,1,1,1
1,1,1,1,1,1,1,1,1,1
1,1,1,1,1,1,1,1,1,1
1,1,1,1,1,1,1,1,1,1
1,1,1,1,1,1,1,1,1,1
1,1,1,1,1,1,1,1,1,1
1,1,1,1,1,1,1,1,1,1
1,1,1,1,1,1,1,1,1,1
1,1,1,1,1,1,1,1,1,1
1,1,1,1,1,1,1,1,1,1
1,1,1,1,1,1,1,1,1,1
1,1,1,1,1,1,1,1,1,1
1,1,0.99529,1,1,1,1,1,1,1
1,1,0.9885452,1,1,1,1,1,1,1
1,1,0.981723,1,1,1,1,1,1,1
1,1,0.9748226,1,1,1,1,1,1,1
1,1,0.9678441,1,1,1,1,1,1,1
1,1,0.9607872,1,1,1,1,1,1,1
1,1,0.9536522,1,1,1,1,1,1,1
1,1,0.9464393,1,1,1,1,1,1,1
1,1,0.9391489,1,1,1,1,1,1,1
1,1,0.9317818,1,1,1,1,1,1,1
1,1,1,1,1,1,1,1,1,1
1,1,1,1,1,1,1,1,1,1
1,1,1,1,1,1,1,1,1,1
1,1,1,1,1,1,1,1,1,1
1,1,1,1,1,1,1,1,1,1
1,1,1,1,1,1,1,1,1,1
1,1,1,1,1,1,1,1,1,1
1,1,1,1,1,1,1,1,1,1
1,1,1,1,1,1,1,1,1,1
1,1,1,1,1,1,1,1,1,1
1,1,1,1,1,1,1,1,1,1
1,1,1,1,1,1,1,1,1,1
1,1,1,1,1,1,1,1,1,1
1,0.9993709,1,1,1,1,1,1,1,1
1,0.8804581,1,1,1,1,1,1,1,1
1,0.7653428,1,1,1,1,1,1,1,1
1,0.7165819,1,1,1,1,1,1,1,1
1,0.7106236,1,1,1,1,1,1,1,1
1,0.7046595,1,1,1,1,1,1,1,1
1,0.6986897,1,1,1,1,1,1,1,1
1,0.6927142,1,1,1,1,1,1,1,1
1,0.686733,1,1,1,1,1,1,1,1
1,0.6807458,1,1,0.9967028,1,1,1,1,1
1,0.6747476,1,1,0.9873971,1,1,1,1,1
1,0.6687278,1,1,0.9783162,1,1,1,1,1
1,0.6626854,1,1,0.9694501,1,1,1,1,1
1,0.6566201,1,1,0.960789,1,1,1,1,1
1,0.6505316,1,1,0.9523207,1,1,1,1,1
1,0.6444196,1,1,0.9440373,1,1,1,1,1
1,0.6382833,1,1,0.9359277,1,1,1,1,1
1,0.6321231,1,1,0.9279849,1,1,1,1,1
1,0.6259388,1,1,0.9201993,1,1,1,1,1
1,0.6197306,1,1,0.9125649,1,1,1,1,1
1,0.6134984,1,1,0.905072,1,1,1,1,1
1,0.6072422,1,1,0.8977124,1,1,1,1,1
1,0.6009623,1,1,0.8904811,1,1,1,1,1
1,0.5946585,1,1,0.8833699,1,1,1,1,0
1,0.5883307,1,1,0.8763749,1,1,1,1,0
1,0.5819792,1,1,0.8694884,1,1,1,1,0
1,0.5756038,1,1,0.8627062,0.9842831,1,1,1,0
1,0.5691977,1,1,0.8564284,0.9623238,1,1,1,0
1,0.5627603,1,1,0.8508055,0.9392451,1,1,1,0
1,0.5562937,1,1,0.8458484,0.9152054,1,1,1,0
1,0.5498005,1,1,0.8415667,0.8903758,1,1,1,0
1,0.5432848,1,1,0.8379682,0.8649364,1,1,1,0
1,0.5367504,1,1,0.8350539,0.839069,1,1,1,0
1,0.5302012,1,1,0.8328315,0.8129522,1,1,1,0
1,0.5236411,1,1,0.8312969,0.786756,1,1,1,0
1,0.5170729,1,1,0.830448,0.7606372,1,1,1,0
1,0.5104995,1,1,0.8302787,0.7347385,1,1,1,0
1,0.5039219,1,1,0.8307766,0.716488,1,1,1,0
1,0.4973289,1,1,0.8317109,0.714495,1,1,1,0
1,0.4906908,1,1,0.8325793,0.712478,1,1,1,0
1,0.4840016,1,1,0.8333696,0.7104288,1,1,1,0
1,0.4772563,1,1,0.8340665,0.7083363,0.9717083,1,1,0
1,0.4705212,1,1,0.8357097,0.7068224,0.9256061,1,1,0
1,0.4638421,1,1,0.8389553,0.7062715,0.8794277,1,1,0
1,0.4572175,1,1,0.8438102,0.7066782,0.833836,1,1,0
1,0.4506435,1,1,0.8502614,0.7080221,0.7893817,1,1,0
1,0.444112,1,1,0.8582822,0.7102726,0.7464877,1,1,0
1,0.437611,1,1,0.8678272,0.7133849,0.7054489,1,1,0
1,0.4311257,1,1,0.8788344,0.7173021,0.6664475,1,1,0
1,0.4246377,1,1,0.8912359,0.7219647,0.6295658,1,1,0
1,0.4181262,1,1,1,0.7272988,0.5948076,1,1,0
1,0.4112999,1,1,1,0.7314551,0.5877732,1,1,0
1,0.4043465,1,1,1,0.7356477,0.5871151,1,1,0
1,0.3972298,1,1,1,0.7396542,0.5864064,1,1,0
1,0.3899444,1,1,1,0.7434503,0.5856331,1,1,0
1,0.3824871,1,1,1,0.7470096,0.5847801,1,1,0
1,0.3748561,1,1,1,0.7503134,0.5838375,1,1,0
1,0.3670515,1,1,1,0.7533361,0.5827903,1,1,0
1,0.3590741,1,1,1,0.7560648,0.5816322,1,1,0
1,0.3509258,1,1,1,0.7584842,0.580355,1,1,0
1,0.3426102,1,1,1,0.7605864,0.5789558,1,1,0
0.4644399,0.3341309,1,1,1,0.7623605,0.5774286,0.8863509,1,1
0.4488249,0.3237791,1,1,1,0.7508334,0.5699421,0.8625671,1,1
0.433897,0.3136267,1,1,1,0.7404611,0.5629541,0.8343276,1,1
0.419633,0.3036637,1,1,1,0.731308,0.5565037,0.8014663,1,1
0.4060057,0.293879,1,1,1,0.7234224,0.5506175,0.7640377,1,1
0.3929802,0.2842584,1,1,1,0.716862,0.5453296,0.7223521,1,1
0.380513,0.278762,1,1,1,0.711669,0.5406645,0.6769952,1,1
0.3685777,0.2872804,1,1,1,0.7079371,0.5366693,0.6286301,1,0
0.3571991,0.2944179,1,1,1,1,0.5334502,0.5777566,1,1
0.3434334,0.3051839,1,1,1,1,0.5277842,0.5409811,1,1
0.3302067,0.3149152,1,1,1,1,0.5227428,0.5012932,1,1
0.3174512,0.3234946,1,1,1,1,0.518333,0.4593716,1,0
0.3050924,0.3308559,1,1,1,1,0.5145541,0.41601,1,0
0.2930484,0.3369808,1,1,1,1,0.5114012,0.4060767,1,0
0.2807752,0.3429488,1,1,1,1,0.5082443,0.4023206,1,0
0.2681925,0.3489636,1,1,1,1,0.5049688,0.3985707,1,0
0.2553168,0.3550318,1,1,1,1,0.5015765,0.3948242,1,0
0.2421655,0.3611592,1,1,1,1,0.498069,0.3910785,1,1
0.2287568,0.3673511,1,1,1,1,0.4944484,0.3873313,1,1
0.2151082,0.3736125,1,1,1,1,0.4907177,0.3835807,1,1
0.217194,0.3799475,1,1,1,1,0.4868794,0.3798248,1,1
0.2215792,0.3859462,0.992143,1,1,1,0.4831713,0.3761277,1,1
0.2258476,0.3915732,0.9830593,1,1,1,0.479614,0.3724971,1,1
0.2300052,0.3968592,0.9739811,1,1,1,0.4761905,0.368929,1,0
0.2340541,0.4018266,0.9649083,1,1,1,0.4728909,0.3654229,1,0
0.237996,1,0.9558408,1,1,1,0.4697064,0.3619788,1,0
0.2396305,1,0.9473871,1,1,1,0.4719159,0.3600915,1,0
0.2412261,1,0.9390579,1,1,1,0.4742075,0.358347,0.339042,0
0.2417153,1,0.9313619,1,1,1,0.4796061,0.3576055,0.3351529,0
0.2420588,1,0.9239752,1,1,1,0.4857486,0.3572242,0.3316211,0
0.2422611,1,0.9168935,1,1,1,1,0.3572136,0.3284439,0
0.242329,1,0.9101132,1,1,1,1,0.3575822,0.3256162,0
0.2422691,1,0.9036312,1,1,1,1,0.3583395,0.323134,0
0.2420838,1,0.8974449,1,1,1,1,0.3595002,0.320997,0
0.2417781,1,0.8915532,0.8691622,1,1,1,0.3610767,0.3192029,0
0.2413567,1,0.8859543,0.8588983,1,1,1,0.3630833,0.31775,0
0.2408205,1,0.880648,0.8489801,1,1,1,0.3655393,0.3166408,0
0.2401763,1,0.8756348,0.839399,1,1,1,0.3684588,0.3158721,0
0.2395131,1,0.8706803,0.8301133,1,1,1,0.3716559,0.3154055,0
0.2388497,1,0.8656843,0.8210651,1,1,1,0.375055,0.3152043,0
0.2381845,1,0.8605958,0.8122018,1,1,1,0.3786208,0.3152391,0
0.2375093,1,0.8553683,0.8034753,1,1,1,0.3823257,0.3154879,0
0.2368232,1,0.8499595,0.7948424,1,1,1,0.386135,0.3159237,0
0.2361226,1,0.8443322,0.7862642,1,1,1,1,0.3165239,2
0.2370933,1,0.8313416,0.7755462,1,1,1,1,0.3155964,2
0.2381411,1,0.8184565,0.7648803,1,1,1,1,0.314622,2
0.2392681,1,0.8056812,0.7542666,1,1,1,1,0.3135989,2
0.2404701,1,0.7930182,0.7437053,1,1,1,1,0.3125313,2
0.241746,1,0.7804696,0.7331959,1,1,1,1,0.3114199,2
0.2430946,1,0.7680369,0.722738,1,1,1,1,0.3102653,2
0.2445147,1,0.7557198,0.7123295,1,1,1,1,0.309068,2
0.246002,1,0.7435181,0.7019697,1,1,1,1,0.3078312,2
1,1,0.7314307,0.6916562,1,1,1,1,0.3065549,0
1,1,0.7263953,0.6829258,1,1,1,1,0.306932,0
1,1,0.7215861,0.6744453,1,1,1,1,0.3076625,0
1,1,0.7170045,0.6662091,0.6599544,1,1,1,0.3087512,0
1,1,0.7126529,0.6582124,0.6496375,1,1,1,0.3102008,0
1,1,0.7085263,0.6504475,0.6396104,1,1,1,0.3120195,0
1,1,0.7042109,0.642753,0.6298417,1,1,1,1,2
1,1,0.6899439,0.6314033,0.6197072,1,1,1,1,2
1,1,0.6758595,0.6201444,0.6096254,1,1,1,1,2
1,1,0.6619618,0.6089772,0.5995944,1,1,1,1,2
1,1,0.6482529,0.597901,0.5896112,1,1,1,1,2
1,1,0.6347338,0.5869149,0.5796736,1,1,1,1,2
1,1,0.6214035,0.5760171,0.5697781,1,1,1,1,2
1,1,0.6082593,0.5652047,0.5599208,1,1,1,1,2
1,1,0.5952982,0.5544748,1,1,1,1,1,2
1,1,0.5823288,0.5437704,1,1,1,1,1,2
1,1,0.5695163,0.5331417,1,1,1,1,1,2
1,1,0.5568596,0.5225866,1,1,1,1,1,2
1,1,0.5443567,0.5121031,1,1,1,1,1,2
1,1,0.5320047,0.5016885,1,1,1,1,1,2
1,1,0.5198005,0.4913402,1,1,1,1,1,2
1,1,0.50774,0.4810546,1,1,1,1,1,2
1,0.6489769,0.495819,0.4708288,1,1,1,1,1,2
1,0.6245136,0.4824675,0.4604393,1,1,1,1,1,2
1,0.6011429,0.4694682,0.4502466,1,1,1,1,1,2
1,0.5788374,0.4568156,0.4402416,1,1,1,1,1,2
1,0.5575582,0.4444994,0.4304121,1,1,1,1,1,2
1,0.5372576,0.4325054,1,1,1,1,1,1,2
1,0.5176278,0.4207576,1,1,1,1,1,1,2
1,0.4987538,0.409277,1,1,1,1,1,1,2
1,0.4806117,0.3980559,1,1,1,1,1,1,2
1,0.4631724,0.3870842,1,1,1,1,1,1,2
1,0.4464046,0.3763509,1,1,1,1,1,1,2
1,0.4302742,0.3658431,1,1,1,1,1,1,2
1,0.4147457,0.3555474,1,1,1,1,1,1,2
1,0.3997839,0.3454498,1,1,1,1,1,1,2
0.580223,0.3853532,0.3355365,1,1,1,1,1,1,2
0.5479108,0.3702597,0.3401045,1,1,1,1,1,1,2
0.517747,0.3557562,0.6003335,1,1,1,1,1,1,2
0.4895341,0.3418106,1,1,1,1,1,1,1,2
0.4630983,0.3283935,1,1,1,1,1,1,1,2
0.4382866,0.3154779,1,1,1,1,1,1,1,2
0.4149629,0.3030383,1,1,1,1,1,1,1,2
0.3930061,0.2910512,1,1,1,1,1,1,1,2
0.3723086,0.2794948,1,1,1,1,1,1,1,2
0.3527739,0.2683491,1,1,1,1,1,1,1,2
0.3343155,0.2575953,1,1,1,1,1,1,1,2
0.3168552,0.2472158,1,1,1,1,1,1,1,2
0.300323,0.2782534,1,1,1,1,1,1,1,2
0.2846555,0.3250149,1,1,1,1,1,1,1,2
0.269795,0.3811095,1,1,1,1,1,1,1,2
0.2556894,0.4493902,1,1,1,1,1,1,1,2
0.242291,0.533968,1,1,1,1,1,1,1,2
0.2295567,0.6410884,1,1,1,1,1,1,1,2
0.2174799,1,1,1,1,1,1,1,1,2
0.2220218,1,1,1,1,1,1,1,1,2
0.2417129,1,1,1,1,1,1,1,1,2
0.2624686,1,1,1,1,1,1,1,1,2
0.2842713,1,1,1,1,1,1,1,1,2
0.3071136,1,1,1,1,1,1,1,1,2
0.3309665,1,1,1,1,1,1,1,1,2
0.3557982,1,1,1,1,1,1,1,1,2
0.3815604,1,1,1,1,1,1,1,1,2
0.4082086,1,1,1,1,1,1,1,1,2
0.4356826,1,1,1,1,1,1,1,1,2
0.463912,1,1,1,1,1,1,1,1,2
0.4928179,1,1,1,1,1,1,1,1,2
0.5223204,1,1,1,1,1,1,1,1,2
0.5523247,1,1,1,1,1,1,1,1,2
0.5827289,1,1,1,1,1,1,1,1,2
1,1,1,1,1,1,1,1,1,1
1,1,1,1,1,1,1,1,1,1
1,1,1,1,1,1,1,1,1,1
1,1,1,1,1,1,1,1,1,1
1,1,1,1,1,1,1,1,1,1
1,1,1,1,1,1,1,1,1,1
1,1,1,1,1,1,1,1,1,1
1,1,1,1,1,1,1,1,1,1
1,1,1,1,1,1,1,1,1,1
1,1,1,1,1,1,1,1,1,1
1,1,1,1,1,1,1,1,1,1
1,1,1,1,1,1,1,1,1,1
1,1,1,1,1,1,1,1,1,1
1,1,1,1,1,1,1,1,1,1
1,1,1,1,1,1,1,1,1,1
1,1,1,1,1,1,1,1,1,1
1,1,1,1,1,1,1,1,1,1
1,1,1,1,1,1,1,1,1,1
1,1,1,1,1,1,1,1,1,1
1,1,1,1,1,1,1,1,1,1
1,1,1,1,1,1,1,1,1,1
1,1,1,1,1,1,1,1,1,1
1,1,1,1,1,1,1,1,1,1
1,1,1,1,1,1,1,1,1,1
1,1,1,1,1,1,1,1,1,1
1,1,1,1,1,1,1,1,1,1
1,1,1,1,1,1,1,1,1,1
