0.9501488,1,1,1,1,1,1,1,1,1
0.8090333,1,1,1,1,1,1,1,1,2
0.81085,1,1,1,1,1,1,1,1,2
0.8127815,1,1,1,1,1,1,1,1,2
0.8148241,1,1,1,1,1,1,1,1,2
0.8169761,1,1,1,1,1,1,1,1,2
0.8192336,1,1,1,1,1,1,1,1,2
0.8215929,1,1,1,1,1,1,1,1,2
0.8240517,1,1,1,1,1,1,1,1,2
0.8266065,1,1,1,1,1,1,1,1,2
0.829253,1,1,1,1,1,1,1,1,2
0.8319875,1,1,1,1,1,1,1,1,2
0.8348056,1,1,1,1,1,1,1,1,2
0.8377054,1,1,1,1,1,1,1,1,2
0.8406825,1,1,1,1,1,1,1,1,2
0.8437328,1,1,1,1,1,1,1,1,2
0.8468508,1,1,1,1,1,1,1,1,2
0.8500336,1,1,1,1,1,1,1,1,2
0.8532775,1,1,1,1,1,1,1,1,2
0.8565797,1,1,1,1,1,1,1,1,2
1,1,1,1,1,1,1,1,1,1
1,1,1,1,1,1,1,1,1,1
1,1,1,1,1,1,1,1,1,1
1,1,1,1,1,1,1,1,1,1
1,1,1,1,1,1,1,1,1,1
1,1,1,1,1,1,1,1,1,1
1,1,1,1,1,1,1,1,1,1
1,1,1,1,1,1,1,1,1,1
1,1,1,1,1,1,1,1,1,1
1,1,1,1,1,1,1,1,1,1
1,1,1,1,1,1,1,1,1,1
1,1,1,1,1,1,1,1,1,1
1,1,1,1,1,1,1,1,1,1
1,1,1,1,1,1,1,1,1,1
1,1,1,1,1,1,1,1,1,1
1,1,1,1,1,1,1,1,1,1
1,1,1,1,1,1,1,1,1,1
1,1,1,1,1,1,1,1,1,1
1,1,1,1,1,1,1,1,1,1
1,1,1,1,1,1,1,1,1,1
1,1,1,1,1,1,1,1,1,1
1,1,1,1,1,1,1,1,1,1
1,1,1,1,1,1,1,1,1,1
1,1,1,1,1,1,1,1,1,1
1,1,1,1,1,1,1,1,1,1
1,1,1,1,1,1,1,1,1,1
1,1,1,1,1,1,1,1,1,1
1,1,1,1,1,1,1,1,1,1
1,1,1,1,1,1,1,1,1,1
1,1,1,1,1,1,1,1,1,1
1,1,1,1,1,1,1,1,1,1
1,1,1,1,1,1,1,1,1,1
1,1,1,1,1,1,1,1,1,1
1,1,1,1,1,1,1,1,1,1
1,1,1,1,1,1,1,1,1,1
1,1,1,1,1,1,1,1,1,1
1,1,1,1,1,1,1,1,1,1
1,1,1,1,1,1,1,1,1,1
1,1,1,1,1,1,1,1,1,1
1,1,1,0.9978151,1,1,1,1,1,1
1,1,1,0.9878899,1,1,1,1,1,1
1,1,1,0.9779637,1,1,1,1,1,1
1,1,1,0.9680368,1,1,1,1,1,1
1,1,1,0.9581092,1,1,1,1,1,1
1,1,0.9935104,0.9481808,1,1,1,1,1,1
1,1,0.9830553,0.9382483,1,1,1,1,1,1
1,1,0.9725553,0.9283098,1,1,1,1,1,1
1,1,0.9620122,0.9183657,1,1,1,1,1,1
1,1,0.951431,0.9084194,1,1,1,1,1,1
1,1,0.9408108,0.8984685,1,1,1,1,1,1
1,1,0.9301537,0.8885134,1,1,1,1,1,1
1,1,0.9194654,0.8785576,1,1,1,1,1,1
1,1,0.9087452,0.8685989,1,1,1,1,1,1
1,1,0.8979989,0.858641,1,1,1,1,1,1
1,1,0.8872293,0.8486845,1,1,1,1,1,1
1,1,0.8764359,0.8387271,1,1,1,1,1,1
1,1,0.8656247,0.8287725,1,1,1,1,1,1
1,1,0.8547988,0.8188215,1,1,1,1,1,1
1,1,0.8439606,0.8088747,1,1,1,1,1,1
1,1,0.8331135,0.7989328,1,1,1,1,1,1
1,1,0.8222599,0.7889965,1,1,1,1,1,1
1,1,0.8114028,0.7790664,1,1,1,1,1,1
1,1,0.8005449,0.769143,1,1,1,1,1,1
1,1,0.7896919,0.75923,1,1,1,1,1,1
1,1,0.7788433,0.7493246,1,1,1,1,1,1
1,1,0.7680014,0.7394274,1,1,1,1,1,1
1,1,0.7571718,0.7295419,1,1,1,1,1,1
1,1,0.7463536,0.7196651,1,1,1,1,1,1
1,1,0.7355518,0.7098004,1,1,1,1,1,1
1,1,0.7247685,0.6999478,1,1,1,1,1,1
1,1,0.7140022,0.6901046,1,1,1,1,1,1
1,1,0.7032577,0.6802737,1,1,1,1,1,1
1,1,0.6925366,0.6704551,1,1,1,1,1,1
1,1,0.6818399,0.6606486,1,1,1,1,1,1
1,1,0.6711692,0.6508542,1,1,1,1,1,1
1,1,0.660525,0.6410717,1,1,1,1,1,1
1,1,0.6499085,0.6313006,1,1,1,1,1,1
1,1,0.6393204,0.6215407,1,1,1,1,1,1
1,1,0.6287612,0.6117918,1,1,1,1,1,1
1,1,0.6182313,0.6020533,1,1,1,1,1,1
1,1,0.6077311,1,1,1,1,1,1,1
1,1,0.5971854,1,1,1,1,1,1,1
1,1,0.5866669,1,1,1,1,1,1,1
1,1,0.5761794,1,1,1,1,1,1,1
1,1,0.5657233,1,1,1,1,1,1,1
1,1,0.5552958,1,1,1,1,1,1,1
1,1,0.5449004,1,1,1,1,1,1,1
1,1,0.5345372,1,1,1,1,1,1,1
1,0.6379328,0.5242063,1,1,1,1,1,1,2
1,0.6200863,0.5130468,1,1,1,1,1,1,2
1,0.6026629,0.5020504,1,1,1,1,1,1,2
1,0.5856713,0.4912202,1,1,1,1,1,1,2
1,0.5691124,0.4805543,1,1,1,1,1,1,2
1,0.5529829,0.4700495,1,1,1,1,1,1,2
1,0.5372804,0.4597046,1,1,1,1,1,1,2
1,0.5219996,0.4495172,1,1,1,1,1,1,2
1,0.5071293,0.4394811,1,1,0.9846796,1,1,1,2
1,0.4927419,0.4295972,1,1,0.9570033,1,1,1,2
1,0.4788818,0.4427776,1,1,0.9315901,1,1,1,2
1,0.4655106,0.5855132,1,1,0.9229654,1,1,1,2
1,0.4525691,0.7813268,1,1,0.9177748,1,1,1,2
1,0.4399959,1,1,1,0.9122615,1,1,1,2
1,0.4277404,1,1,1,0.9064789,1,1,1,2
1,0.415686,1,1,1,0.9006728,1,1,1,2
1,0.4038267,1,1,1,0.8948315,1,1,1,2
0.5551308,0.3921603,1,1,1,0.8889467,1,1,1,2
0.5278383,0.3785419,1,1,1,0.8911174,1,1,1,2
0.5022023,0.3654437,1,1,0.9735815,0.8938705,1,1,1,2
0.4780861,0.3528394,1,1,0.9254815,0.897235,1,1,1,2
0.4553682,0.3407047,1,1,0.8810042,0.9012435,1,1,1,2
0.4339718,0.3290258,1,1,0.8398319,0.9058728,1,1,1,2
0.4141457,0.3178722,1,1,0.8027796,0.9103957,1,1,1,2
0.3957056,0.3157558,1,1,0.7980566,0.914718,1,1,1,2
0.3783119,0.3560738,1,1,0.797793,0.9192413,1,1,1,2
0.3619904,0.4012453,1,0.9635643,0.7974162,1,1,1,1,2
0.3461854,0.4547537,1,0.9140423,0.7978266,1,1,1,1,2
0.3315926,0.5129879,1,0.8714941,0.7974404,1,1,1,1,2
0.3180078,0.5756715,1,0.8344945,0.7962146,1,1,1,1,2
0.3052707,0.642341,1,0.8019749,0.7941312,1,1,1,1,2
0.2932421,1,1,0.7731162,0.7911798,1,1,1,1,2
0.2822506,1,1,0.7503206,0.7858701,1,1,1,1,2
0.271558,1,1,0.7288307,0.7801846,1,1,1,1,2
0.2699373,1,0.9730303,0.7085105,0.7741215,1,1,1,1,2
0.2833274,1,0.9329046,0.6898396,0.7673413,1,1,1,1,1
0.2962782,1,0.9258951,0.6732107,0.7595271,1,1,1,1,1
0.308884,1,0.9186095,0.6617326,0.7509771,1,1,1,1,1
0.3211321,1,0.9110749,0.6534157,0.7417861,1,1,1,1,1
0.3330053,1,0.9033165,0.644757,0.7320312,1,1,1,1,1
0.3444585,1,0.8953387,0.6357707,0.7217399,1,1,1,1,1
0.3554531,1,0.8871487,0.6264743,0.7109445,1,1,1,1,1
0.3659554,1,0.8787589,0.6168905,0.6996845,1,1,1,1,1
0.3759446,1,0.8701807,0.6070414,0.687999,1,1,1,1,1
0.3854077,1,0.8614303,0.5969529,0.6759331,1,1,1,1,0
0.3943364,1,0.8525215,0.5866491,0.6635296,1,1,1,1,0
0.4027301,1,0.8434693,0.5761541,0.6508318,1,1,1,1,0
0.4105993,1,0.8342952,0.5654991,0.6378905,1,1,1,1,0
0.4179552,1,0.8250139,0.5547074,0.6247475,1,1,1,1,0
0.4248196,1,0.8156465,0.5438085,0.6114506,1,1,1,1,0
0.431215,1,0.8062096,0.5332204,0.5980413,1,1,1,1,0
0.4371746,1,0.7967203,0.5275424,0.5845615,1,1,1,1,0
0.4427844,1,0.7872097,0.5221373,0.5710882,1,1,1,1,0
0.4480729,1,0.7776901,0.5169734,0.5576493,1,1,1,1,0
0.4530722,1,0.7681752,0.5120147,0.5442722,0.6359658,1,1,1,0
0.4514855,1,0.7569979,0.519196,0.5266616,0.6117153,1,1,1,0
0.4500659,1,0.7461141,0.5271907,0.5097074,0.5886611,1,1,1,0
0.4488505,1,0.7669959,0.5359436,0.4933854,0.5667446,1,1,1,0
0.4479575,1,0.8317645,0.5451379,0.4777233,0.5459939,1,1,1,0
0.4474688,1,0.9113868,0.5544177,0.46272,0.5263926,1,1,1,0
0.4473427,1,1,0.5637122,0.4483,0.5078036,1,1,1,0
0.4475177,1,1,0.5730364,0.4343849,0.4900877,1,1,1,0
0.4477897,1,1,0.5830145,0.4208205,0.4729882,1,1,1,0
0.4481626,1,1,0.5936319,0.407585,0.456464,1,1,1,0
0.4486387,1,1,0.6048726,0.394653,0.4404704,1,1,1,0
0.449214,1,1,0.6855734,0.3908935,0.4249643,1,1,1,0
0.4502749,1,1,0.6738685,0.3906023,0.4101988,1,1,1,0
0.4513571,1,1,0.6623417,0.3903447,0.3957682,0.5042294,1,1,0
0.4488369,1,1,0.6493739,0.3988181,0.3791291,0.4781826,1,1,0
0.446349,1,1,0.6367375,0.4088262,0.3630159,0.4534346,1,1,0
0.4438922,1,1,0.6244189,0.4206173,0.3473961,0.4298794,1,1,0
0.4414629,1,1,0.612399,0.4345036,0.3322325,0.4074135,1,1,0
0.439056,1,1,0.6006656,0.4508817,0.3174975,0.3859523,1,1,0
0.4366701,1,1,0.5892075,0.4702459,0.3080317,0.36542,1,1,0
0.4343387,1,1,0.5780168,0.4930182,0.3144016,0.3457799,1,1,0
0.432519,1,1,0.5671789,0.5858632,0.3206208,0.3274553,1,1,0
0.4313212,1,1,0.5566498,0.5732848,0.3260591,0.310414,1,1,0
0.4303399,1,1,0.5462984,0.5610742,0.3315626,0.2941143,1,1,0
0.4295489,1,1,0.5998583,0.54918,0.3370892,0.2784578,1,1,0
0.4289567,1,1,0.7597641,0.5375754,0.3424791,0.2633895,1,1,0
0.4285561,1,1,1,0.5262256,0.3476094,0.2488435,1,1,0
0.428303,1,1,1,0.5150813,0.3525179,0.2347287,0.3899527,1,0
0.4259368,1,1,1,0.5031522,0.3682549,0.2193177,0.3565064,1,0
0.4235745,1,1,1,0.491493,0.3867939,0.2215657,0.3254497,1,0
0.4212146,1,1,1,0.4800928,0.4087152,0.2265546,0.2965226,1,0
0.4188557,1,1,1,0.4689379,0.4851036,0.2323936,0.2694966,1,0
0.4164945,1,1,1,0.4580186,0.4720163,0.2391818,0.2441792,1,0
0.4141296,1,1,1,0.4473227,0.459263,0.2470325,0.2203984,1,0
0.4117588,1,1,1,0.4368383,0.4468259,0.2560791,0.1980037,1,0
0.4093809,1,1,1,0.810099,0.4346913,0.2664802,0.1768683,1,0
0.4069938,0.9830912,1,0.9945567,0.9793299,0.4228435,0.2784254,0.1568757,1,0
0.4047638,0.967291,1,0.9879815,0.9695275,0.4113692,0.2910851,0.1563077,0.326874,0
0.4023518,0.950932,1,0.9820669,0.9601483,0.4000406,0.306696,0.1598127,0.2713866,0
0.3999248,0.9352441,1,0.9765401,0.9511838,0.3889599,0.3246704,0.163814,0.2230126,0
0.3974807,0.9201822,1,0.9714037,0.942629,0.3781171,0.4013367,0.1683456,0.1804603,0
0.3950185,0.9057072,1,1,0.9344803,0.3675029,0.3878246,0.1734433,0.1427339,0
1,0.8917791,1,1,0.9267313,0.4176061,0.374701,0.1791518,0.1315457,0
1,0.8822131,1,1,0.9193769,0.7715955,0.3619453,0.1855167,0.1342884,0
1,0.8939916,1,1,0.9124158,0.8997982,0.349541,0.1925896,0.137367,0
1,0.907122,1,1,0.9058444,0.8900231,0.3374698,0.2004309,0.1407947,0
1,0.9217706,1,1,0.8996601,0.8806729,0.3257144,0.2091094,0.1445858,0
1,0.9381403,1,1,0.8938643,0.871742,0.3142615,0.2187004,0.1487547,0
1,0.9564655,1,1,0.8884559,0.8632222,0.3030958,0.2292898,0.1533168,0
1,0.9770342,1,1,1,0.8551098,0.2922059,0.2409787,0.1582914,0
1,1,1,1,1,0.8473986,0.281578,0.3332158,0.1636977,0
0.6836159,1,1,1,1,0.8400865,0.3357549,0.3175509,0.1695569,0
0.6166736,1,1,1,1,0.8331691,0.4364985,0.3025072,0.1758927,0
0.5791789,1,1,1,1,0.826643,0.5916912,0.2880472,0.1827306,0
0.5549577,1,1,1,1,0.8205056,0.8053497,0.2741361,0.1900993,0
0.5378289,1,0.9651683,1,1,0.8147583,0.795281,0.2607455,0.1980303,0
0.5311972,1,0.9435104,1,1,0.8090251,0.7856815,0.2480626,0.20623,0
0.5325903,1,0.9244446,1,1,0.8031292,0.7764501,0.2360304,0.3335954,0
0.5497748,1,0.9102061,1,1,1,0.7674401,0.224873,0.3152467,0
0.5575917,1,0.8943763,1,1,1,0.7586262,0.213688,0.2966562,0
0.5647715,1,0.8790539,1,1,1,0.7500066,0.2027631,0.2788544,0
0.5716468,1,0.864257,1,1,1,0.7415675,0.2160133,0.2618039,0
0.5793506,1,0.8502228,1,1,1,0.7332739,0.2359096,0.2455525,0
0.5879186,1,0.8369166,1,1,1,0.7251003,0.2569238,0.2300283,0
0.5971871,1,0.8242455,1,1,1,0.7170256,0.2790581,0.2151395,0
0.6070384,1,0.8121299,1,1,1,0.7090315,0.3023142,0.2008087,0
0.6173838,1,0.8005062,1,1,1,0.7011024,0.3266799,0.18697,0
0.628148,1,0.7893188,1,1,1,0.6932281,0.3521428,0.1735708,0
0.6392794,1,0.7785163,1,1,1,0.6853969,0.3786956,0.1715887,0
0.6513902,1,0.7682145,1,1,1,0.6775713,0.405908,0.180991,0
0.66496,1,0.7584891,1,1,1,0.6697127,0.4332696,0.1904332,0
0.6797143,1,0.7492338,1,1,1,0.6618201,0.4607131,0.1999058,0
1,1,0.7403672,1,1,1,0.6538908,0.4881733,0.2093971,0
0.6873579,1,0.7264225,1,1,1,0.6472461,0.5383376,0.2221334,1
1,1,0.7191015,1,1,1,0.6390822,0.6539335,0.2313205,0
1,1,0.7074198,1,1,1,0.632131,0.6433476,0.2436869,0
1,1,0.6964511,1,1,1,1,0.6332145,0.2561469,0
1,1,0.6849715,1,1,1,1,0.6230401,0.2696816,0
1,1,0.6740862,1,1,1,1,0.6132575,0.2833776,0
1,1,0.6637222,1,1,1,1,0.603815,0.2971765,0
1,1,0.6538142,1,1,1,1,0.5946649,0.3110252,0
1,1,0.6443092,1,1,1,1,0.5857664,0.324869,0
1,1,0.6351619,1,1,1,1,0.5770838,0.3386548,0
1,1,0.6263314,1,1,1,1,0.5685859,0.3523372,0
1,1,0.6177843,1,1,1,1,0.5602458,0.3658712,1
1,1,0.6094906,1,1,1,1,0.5520426,0.3792175,1
1,1,0.6014254,1,1,1,1,0.5439552,0.3923409,1
1,1,0.5935654,1,1,1,1,0.5359682,0.4052123,1
1,1,0.5858928,1,1,1,1,0.5280646,0.4178039,1
1,0.9948915,0.5783924,1,1,1,1,0.5202325,0.430092,1
1,0.9883989,0.5711052,1,1,1,1,0.5124764,0.4419216,1
1,0.9819009,0.5640298,1,1,1,1,0.5047895,0.4532374,1
1,0.9754044,0.557151,1,1,1,1,0.4971581,0.4640286,1
1,0.968917,0.5504541,1,1,1,1,0.4895697,0.58667,2
1,0.9624614,0.5446256,1,1,1,1,0.4822213,0.5793728,2
1,0.9560696,0.5388395,1,1,1,1,0.4748452,0.5720209,2
1,0.9497405,0.5330905,1,1,1,1,0.4674365,0.5646035,2
1,0.4748451,0.5273763,1,1,1,1,0.4599965,0.5571169,2
1,0.4689279,0.5259784,1,1,1,1,0.4538879,0.5559207,2
1,0.4633744,0.5249723,1,1,1,1,0.4477931,0.5547708,2
0.9886138,0.4581814,0.5243708,1,1,1,1,0.4417094,0.5536719,2
0.975118,0.4533462,0.5241879,1,1,1,1,0.435628,0.5526209,2
0.9624277,0.4488656,0.524438,1,1,1,1,0.4295461,0.5516229,2
0.9505137,0.4447371,1,1,1,1,1,0.4234578,0.5506788,2
0.9436659,0.4397236,1,1,1,1,1,0.4151554,0.5414356,2
0.9369196,0.4347464,1,1,1,1,1,0.4068,0.5320491,2
0.9302775,0.4298058,1,1,1,1,1,0.3983893,0.522512,2
0.9237391,0.4248988,1,1,1,1,1,0.3899244,0.5128214,2
0.9173028,0.4200225,1,1,1,1,1,0.3814,0.5029671,2
0.9109691,0.4151755,1,1,1,1,1,0.3728175,0.4929475,1
0.9047363,0.4103549,1,1,1,1,1,0.3641786,0.4827622,1
0.4134873,0.405558,1,1,1,1,1,0.3554788,0.4724025,2
0.4063092,0.40224,1,1,1,1,1,0.3488907,0.4699568,2
0.3995711,0.3992606,1,1,1,1,1,0.3422402,0.4674639,2
0.3932602,0.3966212,1,1,1,1,1,0.335522,0.4649215,2
0.3873665,0.3943254,1,1,1,1,1,0.3287274,0.4623224,2
0.3818857,0.3923559,1,1,1,1,1,0.3218263,0.4595756,2
0.3768327,0.3906316,1,1,1,1,1,0.3147079,0.4562955,2
0.3721724,0.3891237,1,1,1,1,1,0.3073499,0.4524071,2
0.3678731,1,1,1,1,1,1,0.2997313,0.4478332,0
0.3645098,1,1,1,1,1,1,0.2879467,0.4278269,0
0.3611125,1,1,1,1,1,1,0.2936024,0.4079636,0
0.3576643,1,1,1,1,1,1,0.3056487,0.3884831,0
0.35416,1,1,1,1,1,1,0.3181959,0.369456,0
0.3505975,1,1,1,1,1,1,0.331249,0.350878,0
0.346976,1,1,1,1,1,1,0.3448078,0.3327464,0
0.3432945,1,1,1,1,1,1,0.3588699,0.3150459,0
0.3395506,1,1,1,1,1,1,0.3734345,0.2977688,0
0.3357433,1,1,1,1,1,1,0.3884948,0.280896,0
0.3318716,1,1,1,1,1,1,0.4040421,0.2644121,0
0.3279344,1,1,1,1,1,1,0.4200648,0.2483052,0
0.3239326,1,1,1,1,1,1,0.4365457,0.2375338,0
0.3198555,1,1,1,1,1,1,0.4533073,0.2445945,0
0.3156756,1,1,1,1,1,1,0.4697046,0.2516032,0
0.3114005,1,1,1,1,1,1,0.485649,0.2585399,1
0.3070392,1,1,1,1,1,1,0.5010593,0.2653859,1
0.3026011,1,1,1,1,1,1,0.5158628,0.2721234,1
0.298095,1,1,1,1,1,1,0.5299999,0.2787382,1
0.2935304,1,1,1,1,1,1,0.5434213,0.2852176,1
0.2889153,1,1,1,1,1,1,0.5560911,0.2915519,1
0.2984211,1,1,1,1,1,1,1,0.2977291,2
0.3523204,1,1,1,1,1,1,1,0.3019117,2
0.40566,1,1,1,1,1,1,1,0.3065872,1
0.4567533,1,1,1,1,1,1,1,0.3117761,1
0.5041825,1,1,1,1,1,1,1,0.3174832,1
0.5469939,1,1,1,1,1,1,1,0.3237008,1
1,1,1,1,1,1,1,1,0.3304143,0
0.5705661,1,1,1,1,1,1,1,0.3430408,1
1,1,1,1,1,1,1,1,0.3502592,0
1,1,1,1,1,1,0.9627594,1,0.3636667,0
1,1,1,1,1,1,0.9555244,1,0.3776486,0
1,1,1,1,1,1,0.9486241,1,0.3922051,0
1,1,1,1,1,1,0.9420079,1,0.4073122,0
1,1,1,1,1,1,0.9356291,1,0.4229422,0
1,1,1,1,1,1,0.9294446,1,0.4390678,0
1,1,1,1,1,1,0.9234177,1,0.4556534,0
1,1,1,1,1,1,0.9175122,1,0.4726594,0
1,1,1,1,1,1,0.9116951,1,1,1
1,1,1,1,1,1,0.9033464,1,1,1
1,1,1,1,1,1,0.8949856,1,1,1
1,1,1,1,1,1,1,1,1,1
1,1,1,1,1,1,1,1,1,1
1,1,1,1,1,1,1,1,1,1
1,1,1,1,1,1,1,1,1,1
1,1,1,1,1,1,1,1,1,1
1,1,0.9957092,1,1,1,1,1,1,1
1,1,0.9890498,1,1,1,1,1,1,1
1,1,0.9825247,1,1,1,1,1,1,1
1,1,0.9761322,1,1,1,1,1,1,1
1,1,0.9698678,1,1,1,1,1,1,1
1,1,0.9637307,1,1,1,1,1,1,1
1,1,0.9577185,1,1,1,1,1,1,1
1,1,0.9518291,1,1,1,1,1,1,1
1,1,0.9460624,1,1,1,1,1,1,1
1,1,0.9404154,1,1,1,1,1,1,1
1,1,0.9348879,1,1,1,1,1,1,1
1,1,0.9294789,1,1,1,1,1,1,1
1,1,0.9241858,1,1,1,1,1,1,1
1,1,0.919009,1,1,1,1,1,1,1
1,1,0.9139482,1,1,1,1,1,1,1
1,1,0.9090026,1,1,1,1,1,1,1
1,1,0.9041697,1,1,1,1,1,1,1
1,1,0.8994511,1,1,1,1,1,1,1
1,1,0.8948466,1,1,1,1,1,1,1
1,1,0.890354,1,1,1,1,1,1,1
1,1,0.8859749,1,1,1,1,1,1,1
1,1,0.8817077,1,1,1,1,1,1,2
1,1,0.8775522,1,1,1,1,1,1,2
1,1,0.8735086,1,1,1,1,1,1,2
1,1,0.8695768,1,1,1,1,1,1,2
1,1,0.8657554,1,1,1,1,1,1,2
1,1,0.8620446,1,1,1,1,1,1,2
1,1,0.8584447,1,1,1,1,1,1,2
1,1,1,1,1,1,1,1,1,1
1,1,1,1,1,1,1,1,1,1
1,1,1,1,1,1,1,0.6127478,1,0
1,1,1,1,1,1,1,0.6027997,1,0
1,1,1,1,1,1,1,0.5929195,1,0
1,1,1,1,1,1,1,0.5831081,1,0
1,1,1,1,1,1,1,0.5733662,1,0
1,1,1,1,1,1,1,0.5636978,1,0
1,1,1,1,1,1,1,0.5540999,1,0
1,1,1,1,1,1,1,0.544576,1,0
1,1,1,1,1,1,1,0.5351261,1,0
1,1,1,1,1,1,1,0.5257503,1,0
1,1,1,1,1,1,1,0.5164452,1,0
1,1,1,1,1,1,0.9957036,0.5072135,1,0
1,1,1,1,1,1,0.9883569,0.4980622,1,0
1,1,1,1,1,1,0.9810398,0.4889869,1,0
1,1,1,1,1,1,0.9737533,0.4799895,1,0
1,1,1,1,1,1,0.9664947,0.4726406,1,0
1,1,1,1,1,1,0.9592584,0.5078746,1,0
1,1,1,1,1,1,0.9519567,0.5435703,1,1
1,1,1,1,1,1,0.944585,0.5795419,1,1
1,1,1,1,1,1,0.9371361,1,1,1
1,0.7594298,1,1,1,1,0.9288681,1,1,2
1,0.5849465,1,1,1,1,0.9185893,1,1,2
1,0.5798628,1,1,1,1,0.9070958,1,1,2
1,0.575116,1,1,1,1,0.8958322,1,1,2
1,0.5707111,1,1,1,1,0.8848095,1,1,2
1,0.5666491,1,1,1,1,0.8740292,0.5632803,1,2
1,0.5624107,1,1,1,1,0.8640599,0.5576418,1,2
1,0.5583475,1,1,1,1,0.8542171,0.5524753,0.5007269,1
1,0.5529774,1,1,1,1,0.8457551,1,0.4878896,2
1,0.548186,1,1,1,1,0.8367483,1,0.4778846,1
1,0.5434185,1,1,1,1,0.8277555,1,0.4677004,1
1,0.5386719,1,1,1,1,0.8187779,1,0.4573387,1
1,0.5339428,1,1,1,1,0.8098132,1,0.446798,1
1,0.5292283,1,1,1,1,0.8008599,1,0.4360777,1
1,0.5245256,1,1,1,1,0.7919158,1,0.4251778,1
1,0.519832,1,1,1,1,0.7829819,1,0.4141037,1
1,0.5151446,1,1,1,1,0.7740597,1,0.4028617,1
1,0.5104598,1,1,1,1,0.765144,1,0.3914501,1
1,0.5057767,1,1,1,1,0.7562364,1,0.379877,1
0.5062906,0.5010916,1,1,1,1,0.747335,1,0.3681471,2
0.4990492,0.4985336,1,1,1,1,0.7375826,1,0.3633608,2
0.492285,1,1,1,1,1,0.7280775,1,0.3583718,1
0.4876552,1,1,1,1,1,0.7190975,1,0.3452156,1
0.4830586,1,1,1,1,1,0.7101194,1,0.3450029,1
0.4784551,1,1,1,1,1,0.7011363,1,0.3506188,1
0.4738315,1,1,1,1,1,0.6921428,1,0.3561024,1
0.4691954,1,1,1,1,1,0.6831404,1,0.3614475,1
0.4645512,1,1,1,1,1,0.6741271,1,0.3666531,1
0.4599049,1,1,1,1,1,0.6651046,1,0.3717162,1
0.4552625,1,1,1,1,1,0.6560714,1,0.3766349,1
0.4506299,1,1,1,1,1,0.6470288,1,0.3814077,1
0.4460117,1,1,1,1,1,0.6379785,1,0.3860359,1
0.4414136,1,1,1,1,1,0.6289188,1,0.390519,1
0.4368399,1,1,1,1,1,0.619851,1,0.3948592,1
0.4322961,1,1,1,1,1,0.6107765,1,0.3990569,1
0.4277863,1,1,1,1,1,0.6016933,1,0.4031152,2
0.4233143,1,1,1,1,0.9926795,0.5926054,1,0.407037,2
0.4188803,1,1,1,1,0.9821417,0.5835114,1,0.4107986,2
0.4144883,1,1,1,1,0.9715596,0.5744098,1,1,2
0.4541507,1,1,1,1,0.9573451,0.5655498,1,1,2
0.6229599,1,1,1,0.9934085,0.943603,0.556846,1,1,2
1,1,1,1,0.9776871,0.9313276,0.5480472,1,1,1
1,1,1,1,0.9679183,0.9219127,0.5386292,1,1,1
1,1,1,1,0.9580735,0.9124619,0.5292205,1,1,1
1,1,1,1,0.9481554,0.9029765,0.5198203,0.5949688,1,0
1,1,1,1,0.9411781,0.8949139,0.5101487,0.5815321,1,0
1,1,1,1,0.9341764,0.8868803,0.5005609,0.5683599,1,0
1,1,1,1,0.9271373,0.8788666,0.4910524,0.555445,1,0
1,1,1,1,0.9200445,0.8708605,0.4816157,0.5427761,1,0
1,1,1,1,0.9128863,0.8628532,0.4722461,0.5303447,1,0
1,1,1,1,0.905655,0.8548398,0.462942,0.5181454,1,0
1,1,1,1,0.8983337,0.846806,0.453693,0.5061616,1,0
1,1,1,1,0.8909166,0.8387481,0.4444978,0.4943875,1,0
1,1,1,1,0.8833926,0.8306562,0.4353493,0.4828099,1,0
1,1,1,1,0.8757548,0.8225248,0.6565303,0.471419,1,0
1,1,1,1,0.8679778,0.8143384,1,0.4602159,1,0
1,1,1,1,0.8600982,0.8061134,1,0.4491638,1,0
1,1,1,1,0.8521409,0.7978619,1,0.4382417,1,0
1,1,1,1,0.8441011,0.7895805,1,0.4274448,1,0
1,1,1,1,0.8359715,0.7812628,1,0.4167649,1,0
1,1,1,1,0.8277519,0.7729092,1,0.4062006,1,1
1,1,1,1,0.8194364,0.7645141,0.8004531,0.3957438,1,1
1,1,1,1,0.8109225,0.7560185,0.7240199,0.3854253,1,1
1,1,1,1,1,0.7474459,0.7151846,0.3752186,1,0
1,1,1,1,1,0.7396968,0.7064838,0.3645459,0.4991399,0
1,1,1,1,1,0.7354829,0.6984614,0.352043,0.4753189,0
1,1,1,1,1,0.7316412,0.6908256,0.3400042,0.4528708,0
1,1,1,1,1,0.728173,0.6835724,0.3284131,0.4317023,0
1,1,1,1,1,0.7248825,0.6766363,0.3173128,0.4119653,0
1,1,1,1,1,0.7217155,0.6699741,0.3066631,0.3935247,0
1,1,1,1,1,0.7186228,0.6635461,0.2964277,0.3762575,0
1,1,1,1,1,0.7155592,0.6573147,0.3349187,0.3600505,0
1,1,1,1,1,1,0.6511687,0.3824945,0.3449293,0
1,1,1,1,1,1,0.6458441,0.4456098,0.3294409,0
1,1,1,1,1,1,0.6406356,0.5186596,0.3150558,0
1,1,1,1,1,1,0.6354871,1,0.3016199,0
1,1,1,1,1,1,0.6298088,1,0.2895803,0
1,1,1,1,1,1,0.6242364,1,0.277963,0
1,1,1,1,1,1,0.618756,1,0.266741,0
1,1,1,1,1,1,0.6133575,0.5901594,0.2558925,0
1,1,1,1,1,1,0.6084944,0.5817845,0.2711312,0
1,1,1,1,1,1,0.6035565,0.573717,0.2904615,0
1,1,1,1,1,1,0.598503,0.5659137,0.3102153,0
1,1,1,1,1,1,0.5933146,0.5583314,0.3303056,0
1,1,1,1,1,1,0.5879794,0.5509354,0.3506453,0
1,1,1,1,1,1,0.5824894,0.5436961,0.3711448,0
1,1,1,1,1,1,0.5768395,0.536588,0.391712,0
1,1,1,1,1,1,1,0.529589,0.4122653,0
1,1,1,1,1,1,1,0.5225843,0.4385248,0
1,1,1,1,1,1,1,0.5157665,0.4653921,0
1,1,1,1,1,1,1,0.5091074,0.4927683,0
1,1,1,1,1,1,1,0.5025824,1,1
1,1,1,1,1,1,1,0.4961092,1,1
1,1,1,1,1,1,1,0.489639,1,1
1,1,1,1,1,1,1,0.4831688,1,1
1,1,1,1,1,1,1,0.4766987,1,1
1,1,1,1,1,1,1,0.4702316,1,1
1,1,1,1,1,1,1,0.4637646,1,1
1,1,1,1,1,1,1,0.4572975,0.5057586,0
1,1,1,1,1,1,1,0.4508987,0.4966025,0
1,1,1,1,1,1,1,0.4446016,0.4876816,0
1,1,1,1,1,1,1,0.4383992,0.4789842,0
1,1,1,1,1,1,1,0.4322906,0.4705051,0
1,1,1,1,1,1,1,0.4262694,0.4622328,0
1,1,1,1,1,1,1,0.420329,0.454156,0
1,1,1,1,1,1,1,0.4144662,0.4462669,0
1,1,1,1,1,1,1,0.4086749,0.4385549,0
1,1,1,1,1,1,1,0.4029524,0.4310128,0
1,1,1,1,1,1,1,0.397293,0.4236305,0
1,1,1,1,1,1,1,0.3916944,0.4164016,0
1,1,1,1,1,1,1,0.3861513,0.4093166,0
1,1,1,1,1,1,1,1,0.4023696,0
1,1,1,0.9949314,1,1,1,1,0.3952399,0
1,1,1,0.9822723,1,1,1,1,0.3882891,0
1,1,1,0.9699653,1,1,1,1,0.3815399,0
1,1,1,0.9579812,1,1,1,1,0.3749754,0
1,1,1,0.9462935,1,1,1,1,0.36858,0
1,1,1,0.9348755,1,1,1,1,0.3623365,0
1,1,1,0.9237064,1,1,1,1,0.3562317,0
1,1,1,0.9127647,1,1,1,1,0.3502537,0
1,1,1,0.9020323,1,1,1,1,0.3443882,1
1,1,1,0.8914936,1,1,1,1,0.3386248,1
1,1,1,1,1,1,0.933221,1,1,1
1,1,0.93949,1,1,1,0.9345809,1,1,1
1,1,0.939298,1,1,1,0.9235176,1,1,1
1,1,0.9387145,1,1,1,0.9240255,1,1,1
1,1,0.9381664,1,1,1,0.9245707,1,1,1
1,1,0.9376567,1,1,1,0.925079,1,1,1
1,1,0.9371786,1,1,1,0.9255568,1,1,1
1,1,0.9367334,1,1,1,0.9260025,1,1,1
1,1,0.9363187,1,1,1,0.9264189,1,1,1
1,1,0.9359318,1,1,1,0.9268078,1,1,1
1,0.9952396,0.9355706,1,1,1,0.9271715,1,1,1
1,0.9796042,0.9355413,1,1,1,0.9272012,1,1,1
1,0.9633875,0.9365276,1,1,1,0.9262117,1,1,1
1,0.9466444,0.9385096,1,1,1,0.9242368,1,1,1
1,0.9294308,0.9414686,1,1,1,0.9213225,1,1,1
1,0.9118045,0.9453846,1,1,1,0.9175259,1,1,1
1,0.893823,0.9502446,1,1,1,0.9129065,1,1,1
1,0.875544,0.9560376,1,1,1,0.907528,1,1,1
1,0.8570232,0.9627506,1,1,1,0.9014615,1,1,1
1,0.8383201,0.9703758,1,1,1,0.8947752,1,1,1
1,0.819482,0.9788985,1,1,1,0.8875454,1,1,1
1,0.8005578,0.9883095,1,1,1,0.8798431,1,1,2
1,0.7815931,0.9985994,1,1,1,0.8717366,1,1,2
1,0.7626346,1,1,1,1,0.8632916,1,1,2
1,0.7435824,1,1,1,1,0.8543019,1,1,2
1,0.7244653,1,1,1,1,0.84479,1,1,2
1,0.7053262,1,1,1,1,0.8348201,1,1,2
1,0.6862063,1,1,1,1,0.8244621,1,1,2
1,0.6671435,1,1,1,1,0.8137773,1,1,2
1,0.6481728,1,1,1,1,0.8028304,1,1,2
1,0.629326,1,1,1,1,0.7916785,1,1,2
1,0.610636,1,1,1,1,0.7803786,1,1,2
1,0.5921272,1,1,1,1,0.7689823,1,1,2
1,0.5759773,1,1,1,1,0.7575333,1,1,2
1,0.5817382,1,1,1,1,0.7461565,1,1,2
1,0.5873677,1,1,1,1,0.7356632,1,1,2
1,0.5928596,1,1,1,1,0.7259564,1,1,2
1,0.5982088,1,1,1,1,0.7169525,1,1,2
1,0.6034086,1,1,1,1,0.7085821,1,1,2
1,0.6084574,1,1,1,1,0.7007802,1,1,2
0.8796156,0.6133502,1,1,1,1,0.6934957,1,1,2
0.8365194,0.6213561,1,1,1,1,0.6816853,1,1,2
0.7935076,0.6303913,1,1,1,1,0.6691029,1,1,2
0.7510121,0.6404809,1,1,1,1,0.6559268,1,1,2
0.709411,0.6516477,1,1,1,1,0.6423274,1,1,2
0.6690117,0.6639005,1,1,1,1,0.6284735,1,1,2
0.6300458,0.6772437,1,1,1,1,0.6145145,1,1,2
0.5926687,0.6916701,1,1,1,1,0.600584,1,1,2
0.5569761,0.7071656,1,1,1,1,0.5867922,1,1,2
0.5230096,0.7237048,1,1,1,1,0.5732314,1,1,2
0.4960569,0.7412589,1,1,1,1,0.5599681,1,1,2
0.5027602,0.7595749,1,1,1,1,0.547182,1,1,2
0.5093377,0.7772452,1,1,1,1,0.5356184,1,1,2
0.5157658,1,1,1,1,1,0.5250922,1,1,2
0.5204309,1,1,1,1,1,0.518303,1,1,1
0.525022,1,1,1,1,1,0.511797,1,1,1
0.5295324,1,1,1,1,1,0.5055547,1,1,1
0.5339588,1,1,1,1,1,0.4995549,1,1,1
0.5382984,1,1,1,1,1,0.4937782,1,1,1
0.5425476,1,1,1,1,1,0.4882104,1,1,1
0.5467044,1,1,1,1,1,0.4828365,1,1,1
0.5507673,1,1,1,1,1,0.4776432,1,1,1
0.5547332,1,1,1,1,1,0.472621,1,1,1
0.5586031,1,1,1,1,1,0.4677573,1,1,1
0.5623763,1,1,1,1,1,0.4630428,1,1,1
0.5660522,1,1,1,1,1,0.4584696,1,1,1
0.5696324,1,1,1,1,1,0.4540284,1,1,1
0.5731148,1,1,1,1,1,0.4497152,0.5199055,1,0
0.569606,1,1,1,1,1,0.4550572,0.4727186,1,0
0.5658701,1,1,1,1,1,0.4615788,0.4287366,1,0
0.5620116,1,1,1,1,1,1,0.3879691,1,0
0.5625364,1,1,1,1,1,1,0.3603599,1,0
0.5627183,1,1,1,1,1,1,0.3329028,1,0
0.5625788,1,1,1,1,1,1,0.3257398,1,0
0.5623637,1,1,1,1,1,1,0.3248382,1,0
0.5621467,1,1,1,1,1,1,0.3240222,1,0
0.5619276,1,1,1,1,1,1,0.3232898,1,0
0.5617059,1,1,1,1,1,1,0.3226385,1,0
0.561481,1,1,1,1,1,1,0.3220664,1,0
0.5612509,1,1,1,1,1,1,0.3215731,1,0
0.5610167,1,1,1,1,1,1,0.3211548,1,0
0.5607778,1,1,1,1,1,1,0.3208094,1,0
0.5605339,1,1,1,1,1,1,0.3205349,1,0
0.5602843,1,1,1,1,1,1,0.3203292,0.3456127,0
0.5567369,1,1,1,1,1,1,0.3231713,0.2736306,0
0.5532677,1,1,1,1,1,1,0.3264886,0.2734829,0
0.5498722,1,1,1,1,1,1,1,0.273667,0
0.5482605,1,1,1,1,1,1,1,0.2736121,0
0.5466546,1,1,1,1,1,1,1,0.2737071,0
0.5450523,1,1,1,1,1,1,1,0.2739493,0
0.5434529,1,1,1,1,1,1,1,0.2743343,0
0.541854,1,1,1,1,1,1,1,0.2748591,0
0.5402529,1,1,1,1,1,1,1,0.2755209,0
0.538649,1,1,1,1,1,1,1,0.2763153,0
0.5370396,1,1,1,1,1,1,1,0.2772396,0
0.5354252,1,1,1,1,1,1,1,0.2782877,0
0.5338017,1,1,1,1,1,1,1,0.2794584,0
0.5321697,1,1,1,1,1,1,1,1,2
0.5343214,1,1,1,1,1,1,1,1,2
0.5368609,1,1,1,1,1,1,1,1,2
0.5397851,1,1,1,1,1,1,1,1,2
0.5430893,1,1,1,1,1,1,1,1,2
1,1,1,1,1,1,1,1,1,1
1,1,1,1,1,1,1,1,1,1
1,1,1,1,1,1,1,1,1,1
1,1,1,1,1,1,1,1,1,1
1,1,1,1,1,1,1,1,1,1
1,1,1,1,1,1,1,1,1,1
1,1,1,1,1,1,1,1,1,1
1,1,1,1,1,1,1,1,1,1
1,1,1,1,1,1,1,1,1,1
1,1,1,1,1,1,1,1,1,1
1,1,1,1,1,1,1,1,1,1
1,1,1,1,1,1,1,1,1,1
1,1,1,1,1,1,1,1,1,1
1,1,1,1,1,1,1,1,1,1
1,1,1,1,1,1,1,1,1,1
1,1,1,1,1,1,1,1,1,1
1,1,1,1,1,1,1,1,1,1
1,1,1,1,1,1,1,1,1,1
1,1,1,1,1,1,1,1,1,1
1,1,1,1,1,1,1,1,1,1
1,1,1,1,1,1,1,1,1,1
1,1,1,1,1,1,1,1,1,1
1,1,1,1,1,1,1,1,1,1
1,1,1,1,1,1,1,1,1,1
1,1,1,1,1,1,1,1,1,1
1,1,1,1,1,1,1,1,1,1
1,1,1,1,1,1,1,1,1,1
1,1,1,1,1,1,1,1,1,1
1,1,1,1,1,1,1,1,1,1
1,1,1,1,1,1,1,1,1,1
1,1,1,1,1,1,1,1,1,1
1,1,1,1,1,1,1,1,1,1
1,1,1,1,1,1,1,1,1,1
1,1,1,1,1,1,1,1,1,1
1,1,1,1,1,1,1,1,1,1
1,1,1,1,1,1,1,1,1,1
1,1,1,1,1,1,1,1,1,1
1,1,1,1,1,1,1,1,1,1
1,1,1,1,1,1,1,1,1,1
1,1,1,1,1,1,1,1,1,1
1,1,1,1,1,1,1,1,1,1
1,1,1,1,1,1,1,1,1,1
1,1,1,1,1,1,1,1,1,1
1,1,1,1,1,1,1,1,1,1
1,1,1,1,1,1,1,1,1,1
1,1,1,1,1,1,1,1,1,1
1,1,1,1,1,1,1,1,1,1
1,1,1,1,1,1,1,1,1,1
1,1,1,1,1,1,1,1,1,1
1,1,1,1,1,1,1,1,1,1
1,1,1,1,1,1,1,1,1,1
1,1,1,1,1,1,1,1,1,1
1,1,1,1,1,1,1,1,1,1
1,1,1,1,1,1,1,0.9898894,1,1
1,1,1,1,1,1,1,0.9728705,1,1
1,1,1,1,1,1,1,0.9551423,1,1
1,1,1,1,1,1,1,0.9367262,1,1
1,1,1,1,1,1,1,0.9176456,1,1
1,1,1,1,1,1,1,0.8979276,1,1
1,1,1,1,1,1,1,0.8776174,1,1
1,1,1,1,1,1,1,0.8567573,1,0
1,1,1,1,1,1,1,0.8354071,1,0
1,1,1,1,1,1,1,0.8136236,1,0
1,1,1,1,1,1,1,0.7914782,1,0
1,1,1,1,1,1,1,0.7690423,1,0
1,1,1,1,1,1,1,0.746385,1,0
1,1,1,1,1,1,1,0.7235866,1,0
1,1,1,1,1,1,1,0.7007231,1,0
1,1,1,1,1,1,1,0.6832741,1,0
1,1,1,1,1,1,1,0.6897322,1,0
1,1,1,1,1,1,1,0.6963245,1,0
1,1,1,1,1,1,1,0.703039,1,0
1,1,1,1,1,1,1,0.7098677,1,0
1,1,1,1,1,1,1,0.7168009,1,0
1,1,1,1,1,1,1,0.723828,1,0
1,1,1,1,1,1,1,0.730939,1,0
1,1,1,1,1,1,1,0.7381235,1,0
1,1,1,1,1,1,1,0.7453712,1,0
1,1,1,1,1,1,1,0.7526737,1,0
1,1,1,1,1,1,1,0.7600185,1,0
1,1,1,1,1,1,1,0.7673975,1,0
1,1,1,1,1,1,1,0.7748026,0.8332459,0
1,1,1,1,1,1,1,0.7879276,0.7827699,0
1,1,1,1,1,1,1,1,0.7330158,0
1,1,1,1,1,1,1,1,0.6927076,0
1,1,1,1,1,1,1,1,0.6522078,0
1,1,1,1,1,1,1,1,0.611962,0
1,1,1,1,1,1,1,1,0.5994982,0
1,1,1,1,1,1,1,1,0.6065883,0
1,1,1,1,1,1,1,1,0.6139634,0
1,1,1,1,1,1,1,1,0.6216114,0
1,1,1,1,1,1,1,1,0.6295219,0
1,1,1,1,1,1,1,1,0.637682,0
1,1,1,1,1,1,1,1,0.6460783,0
1,1,1,1,1,1,1,1,0.654697,0
1,1,1,1,1,1,1,1,0.6635238,0
1,1,1,1,1,1,1,1,0.6725458,0
1,1,1,1,1,1,1,1,0.6817478,0
1,1,1,1,1,1,1,1,0.6911145,0
1,1,1,1,1,1,1,1,0.7006299,0
1,1,1,1,1,1,1,1,1,1
0.9963742,1,0.9978104,1,1,1,1,1,1,1
0.9927262,1,0.9930189,1,1,1,1,1,1,1
0.9890516,1,0.9885141,1,1,1,1,1,1,1
0.9853551,1,0.9842895,1,1,1,1,1,1,1
1,1,0.9803402,1,1,1,1,1,1,1
1,1,0.9759256,1,1,1,1,1,1,1
1,1,0.9716417,1,1,1,1,1,1,1
1,1,0.9674835,1,1,1,1,1,1,1
1,1,0.9634482,1,1,1,1,1,1,1
1,1,0.9595336,1,1,1,1,1,1,1
1,1,0.9557351,1,1,1,1,1,1,1
1,1,0.952051,1,1,1,1,1,1,1
1,1,0.9484792,1,1,1,1,1,1,1
1,1,0.945016,1,1,1,1,1,1,1
1,1,0.9416599,1,1,1,1,1,1,1
1,1,0.9384099,1,1,1,1,1,1,1
1,1,0.9352623,1,1,1,1,1,1,1
1,0.9959661,0.932216,1,1,1,1,1,1,1
1,0.9627104,0.9294207,1,1,1,1,1,1,1
1,0.9263312,0.9279627,1,1,1,1,1,1,2
1,0.8871355,0.9279562,1,1,1,1,1,1,2
1,0.8455645,0.9295198,1,1,1,1,1,1,2
1,0.8021641,0.9327768,1,1,1,1,1,1,2
1,0.7575442,0.9378514,1,1,1,1,1,1,2
1,0.712349,0.9448689,1,1,1,1,1,1,2
1,0.6905042,1,1,1,1,1,1,1,2
1,0.6911081,1,1,1,1,1,1,1,2
1,0.6919156,1,1,1,1,1,1,1,2
1,0.6929232,1,1,1,1,1,1,1,2
1,0.694129,1,1,1,1,1,1,1,2
1,0.6955289,1,1,1,1,1,1,1,2
1,0.6971206,1,1,1,1,1,1,1,2
1,0.6989002,1,1,1,1,1,1,1,2
1,0.700865,1,1,1,1,1,1,1,2
1,0.7030091,1,1,1,1,1,1,1,2
1,0.7053297,1,1,1,1,1,1,1,2
1,0.7078241,1,1,1,1,1,1,1,2
1,0.7104856,1,1,1,1,1,1,1,2
1,0.7133099,1,1,1,1,1,1,1,2
1,0.7162918,1,1,1,1,1,1,1,2
0.8589892,0.7194282,1,1,1,1,1,1,1,2
0.7061762,0.7255977,1,1,1,1,1,1,1,2
0.6115249,0.7349984,1,1,1,1,1,0.9851407,1,2
0.6132386,0.7452632,1,1,1,1,1,0.9660465,1,2
0.6154508,0.7564422,1,1,1,1,1,0.9478363,1,2
0.6181713,0.7685915,1,1,1,1,1,0.9304422,1,2
0.6214077,1,1,1,1,1,1,0.9138087,1,2
0.6236136,1,1,1,1,1,1,0.9041483,1,2
0.6259716,1,1,1,1,1,1,0.8950203,1,2
0.6284704,1,1,1,1,1,1,0.8863794,1,2
0.6310955,1,1,1,1,1,1,0.8781886,1,2
0.6338348,1,1,1,1,1,1,0.8704125,1,2
0.6366764,1,1,1,1,1,1,0.8630193,1,2
0.6396085,1,1,1,1,1,1,0.85598,1,2
0.6426204,1,1,1,1,1,1,0.8492686,1,2
0.6457009,1,1,1,1,1,1,0.8428613,1,2
0.6488414,1,1,1,1,1,1,0.836735,1,2
0.6520303,1,1,1,1,1,1,0.8308719,1,2
0.6552593,1,1,1,1,1,1,0.8252532,1,2
0.6585208,1,1,1,1,1,1,0.8198608,1,2
0.6618057,1,1,1,1,1,1,0.8146808,1,2
0.6651054,1,1,1,1,1,1,0.8097004,1,2
0.6684128,1,1,1,1,1,1,0.8049061,1,2
0.6717217,1,1,1,1,1,1,0.8002861,1,2
0.6750259,1,1,1,1,1,1,0.7958292,1,2
0.6783178,1,1,1,1,1,1,0.7915274,1,2
0.6815921,1,1,1,1,1,1,0.7873718,1,2
1,1,1,1,1,1,1,0.7833539,1,0
1,1,1,1,1,1,1,0.7851096,1,0
1,1,1,1,1,1,1,0.786972,0.8504462,0
1,1,1,1,1,1,1,0.7920639,0.6768538,0
1,1,1,1,1,1,1,0.8012544,0.6775311,0
1,1,1,1,1,1,1,0.8110278,0.6786585,0
1,1,1,1,1,1,1,0.8213537,0.6802099,0
1,1,1,1,1,1,1,1,0.68216,0
1,1,1,1,1,1,1,1,0.6835684,0
1,1,1,1,1,1,1,1,0.6852198,0
1,1,1,1,1,1,1,1,0.6871105,0
1,1,1,1,1,1,1,1,0.6892387,0
1,1,1,1,1,1,1,1,0.6915987,0
1,1,1,1,1,1,1,1,0.6941879,0
1,1,1,1,1,1,1,1,0.6970021,0
1,1,1,1,1,1,1,1,0.7000352,0
1,1,1,1,1,1,1,1,0.7032838,0
1,1,1,1,1,1,1,1,0.7067416,0
1,1,1,1,1,1,1,1,0.7104033,0
1,1,1,1,1,1,1,1,0.7142636,0
1,1,1,1,1,1,0.9901195,1,0.7183154,0
1,1,1,1,1,1,0.9758316,1,0.7225929,0
1,1,1,1,1,1,0.9617969,1,0.727111,0
1,1,1,1,1,1,0.9480111,1,0.7318636,0
1,1,1,1,1,1,0.9344743,1,0.7368447,0
1,1,1,1,1,1,0.9211825,1,0.7420489,0
1,1,1,1,1,1,0.9081335,1,1,1
1,1,1,1,1,1,0.8976451,1,1,1
1,1,1,1,1,1,0.887136,1,1,1
1,1,1,1,1,1,0.8766109,1,1,1
1,1,1,1,1,1,0.8701237,1,1,1
1,1,1,1,1,1,0.8812611,1,1,1
1,1,1,1,1,1,0.8921424,1,1,1
1,1,1,1,1,1,0.9027517,1,1,1
1,1,1,1,1,1,0.9130858,1,1,1
1,1,1,1,1,1,0.9231364,1,1,1
1,1,1,1,1,1,0.932896,1,1,1
1,1,1,1,1,1,0.9423646,1,1,1
1,1,1,1,1,1,0.9515363,1,1,1
1,1,1,1,1,1,0.9604068,1,1,1
1,1,1,1,1,1,0.9689775,1,1,1
1,1,1,1,1,1,0.9772456,1,1,1
1,1,1,1,1,1,0.9852147,1,1,1
1,1,1,1,1,1,0.9928829,1,1,1
1,1,1,1,1,1,1,1,1,1
1,1,1,1,1,1,1,1,1,1
1,1,1,1,1,1,1,1,1,1
1,1,1,1,1,1,1,1,1,1
1,1,1,1,1,1,1,0.8554799,1,1
1,1,1,1,1,1,1,0.8400237,1,0
1,1,1,1,1,1,1,0.8244212,1,0
1,1,1,1,1,1,1,0.8086977,1,0
1,1,1,1,1,1,1,0.7928754,1,0
1,1,1,1,1,1,1,0.7769803,1,0
1,1,1,1,1,1,1,0.7610353,1,0
1,1,1,1,1,1,1,0.7450629,1,0
1,1,1,1,1,1,1,0.7290891,1,0
1,1,1,1,1,1,1,0.7131357,1,0
1,1,1,1,1,1,1,0.6972238,1,0
1,1,1,1,1,1,1,0.6813774,1,0
1,1,1,1,1,1,1,0.6656156,1,0
1,1,1,1,1,1,1,0.6499599,1,0
1,1,1,1,1,1,1,0.6344272,1,0
1,1,1,1,1,1,1,0.6190361,1,0
1,1,1,1,1,1,1,0.6038004,1,0
1,1,1,1,1,1,1,0.5887359,1,0
1,1,1,1,1,1,1,0.5738534,1,0
1,1,1,1,1,1,1,0.5768315,1,0
1,1,1,1,1,1,1,0.5917443,1,0
1,1,1,1,1,1,1,0.6068678,1,0
1,1,1,1,1,1,1,0.6221707,1,0
1,1,1,1,1,1,1,0.6376272,1,0
1,1,1,1,1,1,1,0.6532037,0.7368001,0
1,1,1,1,1,1,1,0.6800167,0.7048086,0
1,1,1,1,1,1,1,0.7092865,0.6742679,0
1,1,1,1,1,1,1,0.7411711,0.6451864,0
1,1,1,1,1,1,1,1,0.6175496,0
1,1,1,1,1,1,1,1,0.5941837,0
1,1,1,1,1,1,1,1,0.5712606,0
1,1,1,1,1,1,1,1,0.5488428,0
1,1,1,1,1,1,1,1,0.5269872,0
1,1,1,1,1,1,1,1,0.5057402,0
1,1,1,1,1,1,1,1,0.5069293,0
1,1,1,1,1,1,1,1,0.5213575,0
1,1,1,1,1,1,1,1,0.5361568,0
1,1,1,1,1,1,1,1,0.5513049,0
1,1,1,1,1,1,1,1,0.5667729,0
1,1,1,1,1,1,1,1,0.5825321,0
1,1,1,1,1,1,1,1,0.598555,0
1,1,1,1,1,1,1,1,0.6148072,0
1,1,1,1,1,1,1,1,0.6312581,0
1,1,1,1,1,1,1,1,0.6478755,0
1,1,1,1,1,1,1,1,0.6646239,0
1,1,1,1,1,1,1,1,0.6814697,0
1,1,1,1,1,1,1,1,1,1
1,1,1,1,1,1,1,1,1,1
1,1,1,1,1,1,1,1,1,1
1,1,1,1,1,1,1,1,1,1
1,1,1,1,1,1,1,1,1,1
1,1,1,1,1,1,1,1,1,1
1,1,1,1,1,1,1,1,1,1
1,1,1,1,1,1,1,1,1,1
1,1,1,1,1,1,1,1,1,1
1,1,1,1,1,1,1,1,1,1
1,1,1,1,1,1,1,1,1,1
1,1,1,1,1,1,1,1,1,1
1,1,1,1,1,1,1,1,1,1
1,1,1,1,1,1,1,1,1,1
1,1,1,1,1,1,1,1,1,1
1,1,1,1,1,1,1,1,1,1
1,1,1,1,1,1,1,1,1,1
1,1,1,1,1,1,1,1,1,1
1,1,1,1,1,1,1,1,1,1
1,1,1,1,1,1,1,1,1,1
1,1,1,1,1,1,1,1,1,1
1,1,1,1,1,1,1,1,1,1
1,1,1,1,1,1,1,1,1,1
1,1,1,1,1,1,1,1,1,1
1,1,1,1,1,1,1,1,1,1
1,1,1,1,1,1,1,1,1,1
1,1,1,1,1,1,1,1,1,1
1,1,1,1,1,1,1,1,1,1
1,1,1,1,1,1,1,1,1,1
1,1,1,1,1,1,1,1,1,1
1,1,1,1,1,1,1,1,1,1
1,1,1,1,1,1,1,1,1,1
1,1,1,1,1,1,1,1,1,1
1,1,1,1,1,1,1,1,1,1
1,1,1,1,1,1,1,1,1,1
1,1,1,1,1,1,1,1,1,1
1,1,1,1,1,1,1,1,1,1
1,1,1,1,1,1,1,1,1,1
1,1,1,1,1,1,1,1,1,1
1,1,1,1,1,1,1,1,1,1
1,1,1,1,1,1,1,1,1,1
1,1,1,1,1,1,1,1,1,1
1,1,1,1,1,1,1,1,1,1
1,1,1,1,1,1,1,1,1,1
1,1,1,1,1,1,1,1,1,1
1,1,1,1,1,1,1,1,1,1
1,1,1,1,1,1,1,1,1,1
1,1,1,1,1,1,1,1,1,1
1,1,1,1,1,1,1,1,1,1
1,1,1,1,1,1,1,1,1,1
1,1,1,1,1,1,1,1,1,1
1,1,1,1,1,1,1,1,1,1
1,1,1,1,1,1,1,1,1,1
1,1,1,1,1,1,1,1,1,1
1,1,1,1,1,1,1,1,1,1
1,1,1,1,1,1,1,1,1,1
1,1,1,1,1,1,1,1,1,1
1,1,1,1,1,1,1,1,1,1
1,1,1,1,1,1,1,1,1,1
1,1,1,1,1,1,1,1,1,1
1,1,1,1,1,1,1,1,1,1
1,1,1,1,1,1,1,1,1,1
1,1,1,1,1,1,1,1,1,1
1,1,1,1,1,1,1,1,1,1
1,1,1,1,1,1,1,1,1,1
1,1,1,1,1,1,1,1,1,1
1,1,1,1,1,1,1,1,1,1
1,1,1,1,1,1,1,1,1,1
1,1,1,1,1,1,1,1,1,1
1,1,1,1,1,1,1,1,1,1
1,1,1,1,1,1,1,1,1,1
1,1,1,1,1,1,1,1,1,1
1,1,1,1,1,1,1,1,1,1
1,1,1,1,1,1,1,1,1,1
1,1,1,1,1,1,1,1,1,1
1,1,1,1,1,1,1,1,1,1
1,1,1,1,1,1,1,1,1,1
1,1,1,1,1,1,1,1,1,1
1,0.9982195,1,1,1,1,1,1,1,1
1,0.9922177,1,1,1,1,1,1,1,1
1,0.9862328,1,1,1,1,1,1,1,1
1,0.9802659,1,1,1,1,1,1,1,1
1,0.9743206,1,1,1,1,1,1,1,1
1,0.9683968,1,1,1,1,1,1,1,1
1,0.9624983,1,1,1,1,1,1,1,1
1,0.9566271,1,1,1,1,1,1,1,1
1,0.9507869,1,1,1,1,1,1,1,1
1,0.9449803,1,1,1,1,1,1,1,1
1,0.9392098,1,1,1,1,1,1,1,1
1,0.9334781,1,1,1,1,1,1,1,1
1,0.9277892,1,1,1,1,1,1,1,1
1,0.9221462,1,1,1,1,1,1,1,1
1,0.9165535,1,1,1,1,1,1,1,1
1,0.9110126,1,1,1,1,1,1,1,1
1,0.9055282,1,1,1,1,1,1,1,1
1,0.9001034,1,1,1,1,1,1,1,1
1,0.8947428,1,1,1,1,1,1,1,2
1,0.8894483,1,1,1,1,1,1,1,2
1,0.8842247,1,1,1,1,1,1,1,2
1,0.8790768,1,1,1,1,1,1,1,2
1,0.8740065,1,1,1,1,1,1,1,2
1,0.8690184,1,1,1,1,1,1,1,2
1,0.8641162,1,1,1,1,1,1,1,2
1,0.8593029,1,1,1,1,1,1,1,2
1,0.854582,1,1,1,1,1,1,1,2
1,0.8499583,1,1,1,1,1,1,1,2
1,0.8454335,1,1,1,1,1,1,1,2
0.8654725,0.8410124,1,1,1,1,1,1,1,2
0.8572611,0.8374904,1,1,1,1,1,1,1,2
0.849229,0.834256,1,1,1,1,1,1,1,2
0.8414003,0.8313265,1,1,1,1,1,1,1,2
0.8337958,1,1,1,1,1,1,1,1,2
0.8276817,1,1,1,1,1,1,1,1,2
0.821641,1,1,1,1,1,1,1,1,2
0.8156816,1,1,1,1,1,1,1,1,2
0.8098103,1,1,1,1,1,1,1,1,2
0.8040328,1,1,1,1,1,1,1,1,2
0.7983587,1,1,1,1,1,1,1,1,2
0.7927943,1,1,1,1,1,1,1,1,2
0.7873472,1,1,1,1,1,1,1,1,2
0.7820235,1,1,1,1,1,1,1,1,2
0.7768307,1,1,1,1,1,1,1,1,2
0.7717761,1,1,1,1,1,1,1,1,2
0.7668656,1,1,1,1,1,1,1,1,2
0.7621047,1,1,1,1,1,1,1,1,2
0.7575005,1,1,1,1,1,1,1,1,2
0.7530598,1,1,1,1,1,1,1,1,2
0.7487878,1,1,1,1,1,1,1,1,2
0.7446908,1,1,1,1,1,1,1,1,2
0.7407725,1,1,1,1,1,1,1,1,2
0.7370403,1,1,1,1,1,1,1,1,2
0.7334973,1,1,1,1,1,1,1,1,2
0.7301491,1,1,1,1,1,1,1,1,2
0.9478558,1,1,1,1,1,1,1,1,1
0.9449533,1,1,1,1,1,1,1,1,1
1,1,1,1,1,1,1,1,1,1
1,1,1,1,1,1,1,1,1,1
1,1,1,1,1,1,1,1,1,1
1,1,1,1,1,1,1,1,1,1
1,1,1,1,1,1,1,1,1,1
1,1,1,1,1,1,1,1,1,1
1,1,1,1,1,1,1,1,1,1
1,1,1,1,1,1,1,1,1,1
1,1,1,1,1,1,1,1,1,1
1,1,1,1,1,1,1,1,1,1
1,1,1,1,1,1,1,1,1,1
1,1,1,1,1,1,1,1,1,1
1,1,1,1,1,1,1,1,1,1
1,1,1,1,1,1,1,1,1,1
1,1,1,1,1,1,1,1,1,1
1,1,1,1,1,1,1,1,1,1
1,1,1,1,1,1,1,1,1,1
1,1,1,1,1,1,1,1,1,1
1,1,1,1,1,1,1,1,1,1
1,1,1,1,1,1,1,1,1,1
1,1,1,1,1,1,1,1,1,1
1,1,1,1,1,1,1,1,1,1
1,1,1,1,1,1,1,1,1,1
1,1,1,1,1,1,1,1,1,1
1,1,1,1,1,1,1,1,1,1
1,1,1,1,1,1,1,1,1,1
1,1,1,1,1,1,1,1,1,1
1,1,1,1,1,1,1,1,1,1
1,1,1,1,1,1,1,1,1,1
1,1,1,1,1,1,1,1,1,1
1,1,1,1,1,1,1,1,1,1
1,1,1,1,1,1,1,1,1,1
1,1,1,1,1,1,1,1,1,1
1,1,1,1,1,1,1,1,1,1
1,1,1,1,1,1,1,1,1,1
1,1,1,1,1,1,1,1,1,1
1,1,1,1,1,1,1,1,1,1
1,1,1,1,1,1,1,1,1,1
1,1,1,1,1,1,1,1,1,1
1,1,1,1,1,1,1,1,1,1
1,1,1,1,1,1,1,1,1,1
1,1,1,1,1,1,1,1,1,1
1,1,1,1,1,1,1,1,1,1
1,1,1,1,1,1,1,1,1,1
1,1,1,1,1,1,1,1,1,1
1,1,1,1,1,1,1,1,1,1
1,1,1,1,1,1,1,1,1,1
1,1,1,1,1,1,1,1,1,1
1,1,1,1,1,1,1,1,1,1
1,1,1,1,1,1,1,1,1,1
1,1,1,1,1,1,1,1,1,1
1,1,1,1,1,1,1,1,1,1
1,1,1,1,1,1,1,1,1,1
1,1,1,1,1,1,1,1,1,1
1,1,1,1,1,1,1,1,1,1
1,1,1,1,1,1,1,1,1,1
1,1,1,1,1,1,1,1,1,1
1,1,1,1,1,1,1,1,1,1
1,1,1,1,1,1,1,1,1,1
1,1,1,1,1,1,1,1,1,1
1,1,1,1,1,1,1,1,1,1
1,1,1,1,1,1,1,1,1,1
1,1,1,1,1,1,1,1,1,1
1,1,1,1,1,1,1,1,1,1
1,1,1,1,1,1,1,1,1,1
1,1,1,1,1,1,1,1,1,1
1,1,1,1,1,1,1,1,1,1
1,1,1,1,1,1,1,1,1,1
1,1,1,1,1,1,1,1,1,1
1,1,1,1,1,1,1,1,1,1
1,1,1,1,1,1,1,1,1,1
1,1,1,1,1,1,1,1,1,1
1,1,1,1,1,1,1,1,1,1
1,1,1,1,1,1,1,1,1,1
1,1,1,1,1,1,1,1,1,1
1,1,1,1,1,1,1,1,1,1
1,1,1,1,1,1,1,1,1,1
1,1,1,1,1,1,1,1,1,1
1,1,1,1,1,1,1,1,1,1
1,1,1,1,1,1,1,1,1,1
1,1,1,1,1,1,1,1,1,1
1,1,1,1,1,1,1,1,1,1
1,1,1,1,1,1,1,1,1,1
1,1,1,1,1,1,1,1,1,1
1,1,1,1,1,1,1,1,1,1
1,1,1,1,1,1,1,1,1,1
1,1,1,1,1,1,1,1,1,1
1,1,1,1,1,1,1,1,1,1
1,1,1,1,1,1,1,1,1,1
1,1,1,1,1,1,1,1,1,1
1,1,1,1,1,1,1,1,1,1
1,1,1,1,1,1,1,1,1,1
1,1,1,1,1,1,1,1,1,1
1,1,1,1,1,1,1,1,1,1
1,1,1,1,1,1,1,1,1,1
1,1,1,1,1,1,1,1,1,1
1,1,1,1,1,1,1,1,1,1
1,1,1,1,1,1,1,1,1,1
1,1,1,1,1,1,1,1,1,1
1,1,1,1,1,1,1,1,1,1
1,1,1,1,1,1,1,1,1,1
1,1,1,1,1,1,1,1,1,1
1,1,1,1,1,1,1,1,1,1
1,1,1,1,1,1,1,1,1,1
1,1,1,1,1,1,1,1,1,1
1,1,1,1,1,1,1,1,1,1
1,1,1,1,1,1,1,1,1,1
1,1,1,1,1,1,1,1,1,1
1,1,1,1,1,1,1,1,1,1
1,1,1,1,1,1,1,1,1,1
1,1,1,1,1,1,1,1,1,1
1,1,1,1,1,1,1,1,1,1
1,1,1,1,1,1,1,1,1,1
1,1,1,1,0.9951687,1,1,1,1,1
1,1,1,1,0.9851681,1,1,1,1,1
1,1,1,1,0.9751675,1,1,1,1,1
1,1,1,1,0.9651669,1,1,1,1,1
1,1,1,1,0.9551662,1,1,1,1,1
1,1,1,1,0.9451656,1,1,1,1,1
1,1,1,1,0.935165,1,1,1,1,1
1,1,1,1,0.9251644,1,1,1,1,1
1,1,1,1,0.9151638,1,1,1,1,1
1,1,1,1,0.9051632,1,1,1,1,1
1,1,1,1,0.8951626,1,1,1,1,1
1,1,1,1,0.885162,1,1,1,1,1
1,1,1,1,0.8751613,1,1,1,1,1
1,1,1,1,0.8651608,1,1,1,1,1
1,1,1,1,0.8551601,1,1,1,1,1
1,1,1,1,0.8451595,1,1,1,1,1
1,1,1,1,0.8351589,1,1,1,1,1
1,1,1,1,0.8251583,1,1,1,1,1
1,1,1,1,0.8151577,1,1,1,1,1
1,1,1,1,0.8051571,1,1,1,1,1
1,1,1,1,0.7951565,1,1,1,1,1
1,1,1,1,0.7851559,1,1,1,1,1
1,1,1,1,0.7751552,1,1,1,1,1
1,1,1,0.9922854,0.7651547,1,1,1,1,1
1,1,1,0.9821208,0.755154,1,1,1,1,1
1,1,1,0.9719439,0.7451534,1,1,1,1,1
1,1,1,0.9617551,0.7351528,1,1,1,1,1
1,1,1,0.9515553,0.7251524,1,1,1,1,1
1,1,1,0.9413447,0.7151519,1,1,1,1,1
1,1,0.9999735,0.9311245,0.7051517,1,1,1,1,1
1,1,0.988726,0.9208949,0.6951516,1,1,1,1,1
1,1,0.9773642,0.9106256,0.6851522,1,1,1,1,1
1,1,0.9658948,0.9003189,0.6751536,1,1,1,1,1
1,1,0.9543245,0.8899778,0.6651565,1,1,1,1,1
1,1,0.9426612,0.8796051,0.6551614,1,1,1,1,1
1,1,0.9309129,0.8692043,0.6451688,1,1,1,1,1
1,1,0.9190881,0.8587788,0.6351795,1,1,1,1,1
1,1,0.9071954,0.848332,0.625194,1,1,1,1,1
1,1,0.8952472,0.8378709,0.6152159,1,1,1,1,1
1,1,0.8832491,0.8273957,0.605243,1,1,1,1,1
1,1,0.8712103,0.8169104,0.5952756,1,1,1,1,1
1,1,0.8591394,0.8064181,0.5853145,1,1,1,1,1
1,1,0.8470455,0.7959227,0.5753598,1,1,1,1,1
1,1,0.8349403,0.7854303,0.565415,1,1,1,1,1
1,1,0.8228286,0.7749411,0.5554772,1,1,1,1,1
1,1,0.8107182,0.5503782,0.5455465,1,1,1,1,2
1,1,0.7982104,0.5399268,0.535653,1,1,1,1,2
1,1,0.7857711,0.5295044,0.5257722,1,1,1,1,2
1,1,0.7734043,0.5191113,0.5159029,1,1,1,1,2
1,1,0.7611101,0.5087446,0.506041,1,1,1,1,2
1,1,0.7488942,0.4984072,0.4961883,1,1,1,1,2
1,1,0.7367584,0.4880987,0.4863435,1,1,1,1,2
1,1,0.7247072,0.4778215,0.4765084,1,1,1,1,2
1,1,0.7127379,0.467572,0.4666785,1,1,1,1,2
1,1,0.7008504,0.4573491,0.4568524,1,1,1,1,2
1,0.9166057,0.6890444,0.4471517,0.4470288,1,1,1,1,2
1,0.8962115,0.6767205,0.436892,0.4373087,1,1,1,1,2
1,0.875861,0.6644212,0.4266638,0.4276215,1,1,1,1,2
1,0.8556151,0.6521622,0.4164678,0.4179626,1,1,1,1,2
1,0.8355365,0.6399634,0.4063101,0.4083328,1,1,1,1,2
1,0.8156759,0.6386906,0.3961926,0.3987295,1,1,1,1,2
1,0.7961827,0.6266562,0.3861215,0.3891451,1,1,1,1,2
1,0.7769708,0.6147147,0.3760905,0.3795802,1,1,1,1,2
1,0.7580736,0.6028774,0.3661021,0.3700338,1,1,1,1,2
1,0.7395135,0.5911504,0.356155,0.3605017,1,1,1,1,2
1,0.7213106,0.3594131,0.3462505,0.3509826,1,1,1,1,2
1,0.7020146,0.3481815,0.3363858,0.3416207,1,1,1,1,2
1,0.6833687,0.3371033,0.3265757,1,1,1,1,1,2
1,0.6626149,0.3257728,0.3168638,1,1,1,1,1,2
1,0.6427052,0.3146519,0.3072418,1,1,1,1,1,2
1,0.6235977,0.3037274,0.2976986,1,1,1,1,1,2
1,0.6052516,0.2929887,0.288226,1,1,1,1,1,2
1,0.5876209,0.2824218,0.2788136,1,1,1,1,1,2
1,0.5706552,0.2720099,0.2694483,1,1,1,1,1,2
1,0.554316,0.261746,0.2601272,1,1,1,1,1,2
1,0.5385551,0.2516143,0.250839,1,1,1,1,1,2
1,0.5233258,0.2416,0.2415733,1,1,1,1,1,2
0.7907506,0.5085908,0.2316953,0.2323271,1,1,1,1,1,2
0.7532591,0.4921542,0.2217404,1,1,1,1,1,1,2
0.7145838,0.2431289,0.2119002,1,1,1,1,1,1,2
0.6785587,0.2297229,0.20226,1,1,1,1,1,1,2
0.6449367,0.2168073,0.1928125,1,1,1,1,1,1,2
0.6134956,0.204354,0.1835479,1,1,1,1,1,1,2
0.5840455,0.19234,0.1744597,1,1,1,1,1,1,2
0.5564092,0.1807375,0.1655359,1,1,1,1,1,1,2
0.5304385,0.1695275,1,1,1,1,1,1,1,2
0.2140071,0.1586922,1,1,1,1,1,1,1,2
0.1971796,0.1482087,1,1,1,1,1,1,1,2
0.1812779,0.1380622,1,1,1,1,1,1,1,2
0.1662321,0.1282357,1,1,1,1,1,1,1,2
0.1519793,0.1187133,1,1,1,1,1,1,1,2
0.1384666,0.1116771,1,1,1,1,1,1,1,2
0.1256427,0.1450321,1,1,1,1,1,1,1,2
0.113457,0.185277,1,1,1,1,1,1,1,2
0.1018712,0.2345335,1,1,1,1,1,1,1,2
0.09286058,0.2908896,1,1,1,1,1,1,1,2
0.1072635,0.2966171,1,1,1,1,1,1,1,2
0.1229154,0.3875884,1,1,1,1,1,1,1,2
0.1399538,0.5114372,1,1,1,1,1,1,1,2
0.1585383,1,1,1,1,1,1,1,1,2
0.1778881,1,1,1,1,1,1,1,1,2
0.1984634,1,1,1,1,1,1,1,1,2
0.266497,1,1,1,1,1,1,1,1,2
0.2570327,1,1,1,1,1,1,1,1,2
0.2478987,1,1,1,1,1,1,1,1,2
0.2632858,1,1,1,1,1,1,1,1,2
0.2893818,1,1,1,1,1,1,1,1,2
0.3166867,1,1,1,0.9987466,1,1,1,1,2
0.3451185,1,1,1,0.9795998,1,1,1,1,2
0.3740707,1,1,1,0.9618872,1,1,1,1,2
0.4033382,1,1,1,0.9454209,1,1,1,1,2
0.4327139,1,1,1,0.9300435,1,1,1,1,2
0.4619891,1,1,1,0.9156234,1,1,1,1,2
0.4909623,1,1,1,0.9020485,1,1,1,1,2
0.5194379,1,1,1,0.8892264,1,1,1,1,1
1,1,1,1,0.8822242,1,1,1,1,1
1,1,1,1,0.8696062,1,1,1,1,0
1,1,1,1,0.8624021,1,1,1,1,0
1,1,1,0.9979427,0.855347,1,1,1,1,0
1,1,1,0.9914629,0.8484777,1,1,1,1,0
1,1,1,0.9854044,0.841869,1,1,1,1,0
1,1,1,0.9797514,0.8355122,1,1,1,1,0
1,1,1,0.9744848,0.8293949,1,1,1,1,0
1,1,1,0.9695899,0.8235086,0.9925888,1,1,1,0
1,1,1,0.9653506,0.818022,0.9667106,1,1,1,0
1,1,1,0.9624999,0.8133715,0.9393291,1,1,1,0
1,1,1,0.961073,0.8095748,0.910742,1,1,1,0
1,1,1,0.9611014,0.8066452,0.8812613,1,1,1,0
1,1,1,0.9626169,0.804594,0.8512028,1,1,1,0
1,1,1,0.9656485,0.8034291,0.8208696,1,1,1,0
1,0.9233509,1,0.9702231,0.8031546,0.7905406,1,1,1,0
1,0.9079186,1,0.9762093,0.8036796,0.7606075,1,1,1,0
1,0.9017758,1,0.9836626,0.8050202,0.7312087,1,1,1,0
1,0.8957494,1,0.9925977,0.8071678,0.702494,1,1,1,0
1,0.8898442,1,1,0.8100911,0.6971852,1,1,1,0
1,0.883998,1,1,0.813152,0.6964878,1,1,1,0
1,0.8781965,1,1,0.8163486,0.6958857,0.9948923,1,1,0
1,0.8724484,1,1,0.8198417,0.6954722,0.9412228,1,1,0
1,0.8669897,1,1,0.8254184,0.6963102,0.8877681,1,1,0
1,0.8618528,1,1,0.833149,0.6984248,0.8354157,1,1,0
1,0.8570597,1,1,0.8430911,0.7018278,0.7848701,1,1,0
1,0.8526224,1,1,0.8552873,0.7065164,0.7366428,1,1,0
1,0.8484793,1,1,0.8694243,0.7122754,0.69142,1,1,0
1,0.8445417,1,1,0.8850762,0.7188271,0.6495854,1,1,0
1,0.8408089,1,1,0.9023958,0.7262279,0.6107432,1,1,0
1,0.8372838,1,1,1,0.7345414,0.5896353,1,1,0
1,0.8337275,1,1,1,0.7430938,0.5910358,1,1,0
1,0.8301145,1,1,1,0.7518851,0.5925842,1,1,0
1,0.8264129,1,1,1,0.7608666,0.5942476,1,1,0
1,0.8225904,1,1,1,0.7699953,0.5959979,1,1,0
1,0.8186178,1,1,1,0.779227,0.5978086,1,1,0
1,0.8144696,1,1,1,0.7885158,0.5996528,1,1,0
1,0.8101233,1,1,1,0.7978158,0.6015047,1,1,0
0.9967559,0.8055561,1,1,1,0.8070813,0.6033406,0.9024621,1,0
0.9875916,0.8022426,1,1,1,0.8210024,0.6072132,0.8144032,1,0
0.9770349,0.7999719,1,1,1,1,0.612913,0.7310699,1,0
0.9682885,0.7971073,1,1,1,1,0.6182333,0.6614512,1,0
0.9585921,0.7951992,1,1,1,1,0.6253406,0.5959208,1,0
0.9486867,0.7939345,1,1,1,1,0.6338902,0.5360495,1,0
0.9392341,0.7929115,1,1,1,1,0.6433893,0.4825113,1,0
0.9302073,0.7921411,1,1,1,1,0.6539112,0.4747876,1,0
0.9215832,0.7916314,1,1,1,1,0.6655366,0.4762024,1,0
0.9133372,0.7913919,1,1,1,1,0.6783605,0.4780799,1,0
0.9058869,0.7909218,1,1,1,1,0.6917059,0.4802132,1,0
0.89935,0.7899154,0.920838,1,1,1,0.7051343,0.4824639,1,0
0.8939365,0.7878739,0.86544,1,1,1,0.7178475,0.4845961,1,0
0.8894334,0.7848362,0.8223165,1,1,1,1,0.4865951,1,0
0.8884627,0.7765229,0.8077539,1,1,1,1,0.4865081,1,0
0.8877164,0.7677432,0.7954673,1,1,1,1,0.4863456,1,0
0.8871773,0.7585154,0.7851566,1,1,1,1,0.4861025,0.8385822,0
0.8841197,0.7532564,0.7584769,1,1,1,1,0.4878306,0.6583992,0
0.8786134,0.7523807,0.718104,1,1,1,1,0.4918799,0.4873291,0
0.8724025,0.7534925,0.6767102,1,1,1,1,0.4972676,0.4189821,0
0.8664516,1,0.6398398,1,1,1,1,0.5032812,0.4194778,0
0.8632852,1,0.6067099,1,1,1,1,0.5099546,0.4203747,0
0.8866948,1,0.5767112,1,1,1,1,0.5173236,0.421678,0
0.9137616,1,0.5511966,1,1,1,1,0.5254279,0.4233938,0
0.9453217,1,0.5453581,1,1,1,1,0.5343132,0.4255311,0
0.9825293,1,0.5396518,1,1,1,1,0.5440262,0.4280967,0
1,1,0.5340713,1,1,1,1,0.5546209,0.4311004,0
1,1,0.5286177,1,1,1,1,0.5661572,0.4345531,0
1,1,0.5232925,1,1,1,1,0.5787019,0.4384672,0
1,1,0.5180938,1,1,1,1,1,0.4428565,0
1,1,0.510073,0.7658773,1,1,1,1,0.4459856,0
1,1,0.5009807,0.7407582,1,1,1,1,0.4486926,0
1,1,0.4915622,0.7188749,1,1,1,1,0.4513618,0
1,1,0.4818279,0.6997232,1,1,1,1,0.4539799,0
1,1,0.4717978,0.6829003,1,1,1,1,0.4565371,0
1,1,0.4614861,0.6680836,1,1,1,1,0.4590245,0
1,1,0.4509121,0.6550133,1,1,1,1,0.4614344,1
1,1,0.440096,0.6434731,1,1,1,1,0.4637617,1
1,1,0.4290546,0.6332898,1,1,1,1,0.4660006,1
0.9561872,1,0.4178092,0.6243116,1,1,1,1,0.4681493,1
0.8630211,1,0.4058791,0.6197677,1,1,1,1,0.4698051,2
0.8002188,1,0.3928206,0.6231741,1,1,1,1,0.4705289,2
0.7994435,1,0.3791626,0.6320562,1,1,1,1,0.4706361,2
0.7987669,0.576634,0.3656572,0.641402,1,1,1,1,0.4707101,2
0.7999084,0.5401679,0.3718456,1,1,1,1,1,0.4679395,2
0.8011113,0.5087398,0.3808379,1,1,1,1,1,0.4658462,2
0.802745,0.4789818,0.3908619,1,1,1,1,1,0.4637327,2
0.8047942,0.4508308,0.4019323,1,1,1,1,1,0.4616188,2
0.8072413,0.4242047,0.4140659,1,1,1,1,1,0.4595166,2
0.8100601,0.3990092,0.4272683,1,1,1,1,1,0.4574369,2
1,0.3751387,0.4415461,1,1,1,1,1,0.4553845,2
1,0.355695,0.449352,1,1,1,1,1,0.4543626,2
1,0.3366366,0.4577543,1,1,1,1,1,0.4532804,2
1,0.317966,0.4667585,1,1,1,1,1,0.4521428,2
1,0.2996864,0.4763704,1,1,1,1,1,0.4509539,2
1,0.2817924,0.486596,1,1,1,1,1,0.4497172,2
1,0.2642757,0.4974412,1,1,1,1,1,0.4484351,2
1,0.2626808,0.5089079,1,1,1,1,1,0.447111,2
0.5057308,0.2653677,1,1,1,1,1,1,0.4457957,2
0.44737,0.2713761,1,1,1,1,1,1,0.4433161,2
0.3938774,0.2784098,0.9989432,1,1,1,1,1,0.4407066,2
0.3461195,0.2862206,0.9813267,1,1,1,1,1,0.4380842,2
0.3033608,0.2948238,0.9644092,1,1,1,1,1,0.4354603,2
0.2648508,0.3042839,0.948161,1,1,1,1,1,0.4328321,2
0.2299882,0.3146713,0.9325575,1,1,1,1,1,0.430198,2
0.2269168,0.3260682,0.9224324,1,1,1,1,1,0.4275551,2
0.231834,0.3385648,1,1,1,1,1,1,0.4249018,2
0.2371951,0.3522641,1,1,1,1,1,1,0.4222362,2
0.242846,0.3666596,1,1,1,1,1,1,0.4195655,2
0.2487183,0.3815537,1,1,1,1,1,1,0.4168708,2
0.2547815,0.3968791,1,1,1,1,1,1,0.4141313,2
0.2610051,0.9845752,1,1,1,1,1,1,0.4113305,1
0.2649838,0.9723182,1,1,1,1,1,1,0.4082681,1
0.2689863,0.9601111,1,1,1,1,1,1,0.4051905,1
0.2730117,0.9479514,1,1,1,1,1,1,0.511795,2
0.2779531,0.9332277,1,1,1,1,1,1,0.6131286,2
0.2838849,0.9163364,1,1,1,1,1,1,0.6548148,2
0.2904175,0.8989078,1,1,1,1,1,1,0.671851,2
0.2973862,0.8815998,1,1,1,1,1,1,0.6798912,2
0.3047304,0.8646401,1,1,1,1,1,1,0.6845063,2
0.312425,0.8481113,1,1,1,1,1,1,0.6877421,2
0.3204615,0.8320373,1,1,1,1,1,1,0.6904677,2
0.328834,0.8164231,1,1,1,1,1,1,0.6930493,2
0.3375407,0.8012599,1,1,1,1,1,1,0.6956872,2
1,0.7865337,1,1,1,1,1,1,0.6984783,0
1,0.779673,1,1,1,1,1,1,0.7895142,0
1,0.7713173,1,1,1,1,1,1,1,1
1,0.7596955,1,1,1,1,1,1,1,2
1,0.7480918,1,1,1,1,1,1,1,2
1,0.7365119,1,1,1,1,1,1,1,2
1,0.724965,1,1,1,1,1,1,1,2
1,0.7427801,1,1,1,1,1,1,1,2
1,0.7607585,1,1,1,1,1,1,1,1
1,0.7785848,1,1,1,1,1,1,1,1
1,0.796223,1,1,1,1,1,1,1,1
1,0.8136384,1,1,1,1,1,1,1,1
1,0.8308008,1,1,1,1,1,1,1,1
1,0.8476745,1,1,1,1,1,1,1,1
1,0.8642331,1,1,1,1,1,1,1,1
0.8626207,0.8804485,1,1,1,1,1,1,1,2
0.8435631,0.9055909,1,1,1,1,1,1,1,2
0.8247231,1,1,1,1,1,1,1,1,2
0.8070429,1,1,1,1,1,1,1,1,2
0.7891998,1,1,1,1,1,1,1,1,2
0.7712386,1,1,1,1,1,1,1,1,2
0.7532051,1,1,1,1,1,1,1,1,2
0.7351445,1,1,1,1,1,1,1,1,2
0.7171024,1,1,1,1,1,1,1,1,2
0.6991227,1,1,1,1,1,1,1,1,2
0.6812478,1,1,1,1,1,1,1,1,2
0.6635138,1,1,1,1,1,1,1,1,2
0.6459627,1,1,1,1,1,1,1,1,2
0.6286299,1,1,1,1,1,1,1,1,2
0.6214538,1,1,1,1,1,1,1,1,2
0.6374275,1,1,1,1,1,1,1,1,2
0.6535584,1,1,1,1,1,1,1,1,2
0.6698149,1,1,1,1,1,1,1,1,2
0.6861624,1,1,1,1,1,1,1,1,2
0.7025703,1,1,1,1,1,1,1,1,2
0.7190028,1,1,1,1,1,1,1,1,2
0.7354294,1,1,1,1,1,1,1,1,2
0.7518142,1,1,1,1,1,1,1,1,2
0.768127,1,1,1,1,1,1,1,1,2
0.7843375,1,1,1,1,1,1,1,1,2
0.8004144,1,1,1,1,1,1,1,1,2
0.8163287,1,1,1,1,1,1,1,1,2
1,1,1,1,1,1,1,1,1,1
1,1,1,1,1,1,1,1,1,1
1,1,1,1,1,1,1,1,1,1
1,1,1,1,1,1,1,1,1,1
1,1,1,1,1,1,1,1,1,1
1,1,1,1,1,1,1,1,1,1
1,1,1,1,1,1,1,1,1,1
1,1,1,0.9994456,1,1,1,1,1,1
1,1,1,0.9905487,1,1,1,1,1,1
1,1,1,0.9815513,1,1,1,1,1,1
1,1,1,0.9724587,1,1,1,1,1,1
1,1,1,0.9632659,1,1,1,1,1,1
1,1,1,0.9539789,1,1,1,1,1,1
1,1,1,0.9445969,1,1,1,1,1,1
1,1,1,0.9351228,1,1,1,1,1,1
1,1,1,0.9255564,1,1,1,1,1,1
1,1,1,0.9159011,1,1,1,1,1,1
1,1,1,0.9061608,1,1,1,1,1,1
1,1,1,0.8963359,1,1,1,1,1,1
1,1,1,0.8864307,0.9938089,1,1,1,1,1
1,1,1,0.8763716,0.9819411,1,1,1,1,1
1,1,1,0.8660967,0.9697286,1,1,1,1,1
1,1,1,0.8556123,0.9571829,1,1,1,1,1
1,1,1,0.8449264,0.9443185,1,1,1,1,0
1,1,1,0.8340518,0.9311563,1,1,1,1,0
1,1,1,0.8229964,0.9177119,1,0.9958435,1,1,0
1,1,1,0.8117105,0.9039044,1,0.9920598,1,1,0
1,1,1,0.8002185,0.8897744,1,0.9886905,1,1,0
1,1,1,0.7885464,0.8753651,1,0.9857408,1,1,0
1,1,1,0.7767209,0.8607215,1,0.9832174,1,1,0
1,1,1,0.7647661,0.8458844,1,0.9811243,1,1,0
1,1,1,0.7527153,0.8309061,0.959767,0.979465,1,1,0
1,1,1,0.7401981,0.8151724,0.9387859,0.9789491,1,1,0
1,1,1,0.7274777,0.7991191,0.9173297,0.979267,1,1,0
1,1,1,0.7183825,0.7828394,0.895551,0.980441,1,1,0
1,1,1,0.72761,0.7664476,0.8736401,0.9824494,1,1,0
1,1,1,0.7388124,0.7501553,0.8519416,0.9851122,1,1,0
1,1,1,0.7520762,0.7340217,0.8305485,0.9884054,1,1,0
1,1,1,0.7675049,0.7180954,0.8095361,0.9923034,1,1,0
1,1,1,0.7852075,0.7024146,0.7889633,0.9967717,1,1,0
1,1,1,0.8053131,0.6870111,0.7688765,1,1,1,0
1,1,1,0.8281213,0.6718836,0.7492703,1,1,1,0
1,1,1,0.8541962,0.6570082,0.7301021,1,1,1,0
1,1,1,0.8838825,0.6424035,0.7113971,1,1,1,0
1,1,1,0.9175962,0.628073,0.6931605,1,1,1,0
1,1,1,0.9558369,0.6140242,0.6754009,1,1,1,0
1,1,1,1,0.6002572,0.658116,0.8230411,0.9558268,1,0
1,1,1,1,0.5898352,0.6386057,0.791163,0.8663571,1,0
1,1,1,1,0.6130576,0.6197785,0.760894,0.8123223,1,0
1,1,1,1,0.63995,0.6015955,0.7321102,0.8151261,1,0
1,1,1,1,0.6712439,0.5840169,0.7046957,0.8185495,1,0
1,1,1,1,0.7078812,0.5670093,0.6785505,0.8226113,1,0
1,1,1,1,0.751096,0.5505387,0.6535799,0.8273327,1,0
1,1,1,1,0.802537,0.5345732,0.6296986,0.8327366,1,0
1,1,1,1,0.8644494,0.5190864,0.6068326,0.8388469,1,0
1,1,1,1,1,0.5201561,0.5849108,0.845692,1,0
1,1,1,1,1,0.5435778,0.5638685,0.8533034,1,0
1,1,1,1,1,0.5706137,0.5436501,0.8617134,1,0
1,1,1,1,1,0.6019658,0.5242046,0.8709582,1,0
1,1,1,1,1,0.6382159,0.5055307,0.8809901,1,0
1,1,1,1,1,0.6780521,0.4878541,1,0.9488722,0
1,1,1,1,1,0.7171789,0.4715153,1,0.7999434,0
1,1,1,1,1,0.7751932,0.4545861,0.6748573,0.75159,0
1,1,1,1,1,1,0.4382263,0.6397387,0.7544031,0
1,1,1,1,1,1,0.4224015,0.606754,0.7577912,0
1,1,1,1,1,1,0.433085,0.5757132,0.7617642,0
1,1,1,1,1,1,0.4537367,0.5464478,0.7663347,0
1,1,1,1,1,1,0.4771711,0.5188047,0.7715172,0
1,1,1,1,1,1,0.503846,0.4926473,0.7773283,0
1,1,1,1,1,1,0.5343269,0.4678584,0.7837859,0
1,1,1,1,1,1,0.5693214,0.4443285,0.7909105,0
1,1,1,1,1,1,0.6097209,0.4219597,0.7987226,0
1,1,1,1,1,1,0.6566771,0.4006675,0.8072469,0
1,1,1,1,1,1,1,0.3803761,0.8165106,0
1,1,1,1,1,1,1,0.3610127,0.6461749,0
1,1,1,1,1,1,1,0.3425115,0.597457,0
1,1,1,1,1,1,1,0.3286494,0.5529739,0
1,1,1,1,1,1,1,0.3422846,0.5122017,0
1,1,1,1,1,1,1,0.357246,0.4746993,0
1,1,1,1,1,1,1,0.3736703,0.440098,0
1,1,1,1,1,1,1,0.3917147,0.4080782,0
0.9504331,1,1,1,1,1,1,0.4115615,0.3783709,0
0.8342198,1,1,1,1,1,1,0.4334255,0.3507385,0
0.7613958,1,1,1,1,1,1,0.4575518,0.3249751,0
0.755973,1,1,1,1,1,1,0.4842322,0.3009058,0
0.7541698,1,1,1,1,1,1,0.5138156,0.2913227,0
0.7524933,1,1,1,1,1,1,0.5467111,0.3018777,0
0.7508463,1,1,1,1,1,1,0.5824661,0.3129929,0
0.7490454,1,1,1,1,1,1,1,0.3243563,0
0.7460402,1,1,1,1,1,1,1,0.3339047,0
0.7429096,1,1,1,1,1,1,1,0.3436107,0
0.7396448,1,1,1,1,1,1,1,0.3534543,0
0.7362401,1,1,1,1,1,1,1,0.3634121,0
0.7326893,1,1,1,1,1,1,1,0.3734621,0
0.728989,1,1,1,1,1,1,1,0.383579,0
0.7251368,1,1,1,1,1,1,1,0.3937368,0
0.7211286,1,1,1,1,1,1,1,0.4039133,0
0.7318375,1,1,1,1,1,1,1,0.4140816,0
0.7463368,1,1,1,1,1,1,1,0.4244936,0
0.7596996,1,1,1,1,1,1,1,0.435228,0
0.7721018,1,1,1,1,1,1,1,0.4462759,0
0.7837132,1,1,1,1,1,1,1,0.4576275,0
0.7946588,1,1,1,1,1,1,1,0.4692744,0
0.8050543,1,1,1,1,1,1,1,0.4812087,0
0.8149967,1,1,1,1,1,1,1,0.4934239,0
0.8245671,1,1,1,1,1,1,1,0.5059139,0
0.8338321,1,1,1,1,1,1,1,1,2
0.8740116,1,1,1,1,1,1,1,1,2
1,1,1,1,1,1,1,1,1,1
1,1,1,1,1,1,1,1,1,1
1,1,1,1,1,1,1,1,1,1
1,1,1,1,1,1,1,1,1,1
1,1,1,1,1,1,1,1,1,1
1,1,1,1,1,1,1,1,1,1
1,1,1,1,1,1,1,1,1,1
1,1,1,1,1,1,1,1,1,1
1,1,1,1,1,1,1,1,1,1
1,1,1,1,1,1,1,1,1,1
1,1,1,1,1,1,1,1,1,1
1,1,1,1,1,1,1,1,1,1
1,1,1,1,1,1,1,1,1,1
1,1,1,1,1,1,1,1,1,1
1,1,1,1,1,1,1,1,1,1
1,1,1,1,1,1,1,1,1,1
1,1,1,1,1,1,1,1,1,1
1,1,1,1,1,1,1,1,1,1
1,1,1,1,1,1,1,1,1,1
1,1,1,1,1,1,1,1,1,1
1,1,1,1,1,1,1,1,1,1
1,1,1,1,1,1,1,1,1,1
1,1,1,1,1,1,1,1,1,1
1,1,1,1,1,1,1,1,1,1
1,1,1,1,1,1,1,1,1,1
1,1,1,1,1,1,1,1,1,1
1,1,1,1,1,1,1,1,1,1
1,1,1,1,1,1,1,1,1,1
1,1,1,1,1,1,1,1,1,1
1,1,1,1,1,1,1,1,1,1
1,1,1,1,1,1,1,1,1,1
1,1,1,1,1,1,1,1,1,1
1,1,1,1,1,1,1,1,1,1
1,1,1,1,1,1,1,1,1,1
1,1,1,1,1,1,1,1,1,1
1,1,1,1,1,1,1,1,1,1
1,1,1,1,1,1,1,1,1,1
1,1,1,1,1,1,1,1,1,1
1,1,1,1,1,1,1,1,1,1
1,1,1,1,1,1,1,1,1,1
1,1,1,1,1,1,1,1,1,1
1,1,1,1,1,1,1,1,1,1
1,1,1,1,1,1,1,1,1,1
1,1,1,1,1,1,1,1,1,1
1,1,1,1,1,1,1,1,1,1
1,1,1,1,1,1,1,1,1,1
1,1,1,1,1,1,1,1,1,1
1,1,1,1,1,1,1,1,1,1
1,1,1,1,1,1,1,1,1,1
1,1,1,1,1,1,1,1,1,1
1,1,1,1,1,1,1,1,1,1
1,1,1,1,1,1,1,1,1,1
1,1,1,1,1,1,1,1,1,1
1,1,1,1,1,1,1,1,1,1
1,1,1,1,1,1,1,1,1,1
1,1,1,1,1,1,1,1,1,1
1,1,1,1,1,1,1,1,1,1
1,1,1,1,1,1,1,1,1,1
1,1,1,1,1,1,1,1,1,1
1,1,1,1,1,1,1,1,1,1
1,1,1,1,1,1,1,1,1,1
1,1,1,1,1,1,1,1,1,1
1,1,1,1,1,1,1,1,1,1
1,1,1,1,1,1,1,1,1,1
1,1,1,1,1,1,1,1,1,1
1,1,1,1,1,1,1,1,1,1
1,1,1,1,1,1,1,1,1,1
1,1,1,1,1,1,1,1,1,1
1,1,1,1,1,1,1,1,1,1
1,1,1,1,1,1,1,1,1,1
1,1,1,1,1,1,1,1,1,1
1,1,1,1,1,1,1,1,1,1
1,1,1,1,1,1,1,1,1,1
1,1,1,1,1,1,1,1,1,1
1,1,1,1,1,1,1,1,1,1
1,1,1,1,1,1,1,1,1,1
1,1,1,1,1,1,1,1,1,1
1,1,1,1,1,1,1,1,1,1
1,1,1,1,1,1,1,1,1,1
1,1,1,1,1,1,1,1,1,1
1,1,1,1,1,1,1,1,1,1
1,1,1,1,1,1,1,1,1,1
1,1,1,1,1,1,1,1,1,1
1,1,1,1,1,1,1,1,1,1
1,1,1,1,1,1,1,1,1,1
1,1,1,1,1,1,1,1,1,1
1,1,1,1,1,1,1,1,1,1
1,1,1,1,1,1,1,1,1,1
1,1,1,1,1,1,1,1,1,1
1,1,1,1,1,1,1,1,1,1
1,1,1,1,1,1,1,1,1,1
1,1,1,1,1,1,1,1,1,1
1,1,1,1,1,1,1,1,1,1
1,1,1,1,1,1,1,1,1,1
1,1,1,1,1,1,1,1,1,1
1,1,1,1,1,1,1,1,1,1
1,1,1,1,1,1,0.9960688,1,1,1
1,1,1,1,1,1,0.9850023,1,1,1
1,1,1,1,1,1,0.9738477,1,1,1
1,1,1,1,1,1,0.9626077,1,1,1
1,1,1,1,1,1,0.951285,1,1,1
1,1,1,1,1,1,0.9398829,1,1,1
1,1,1,1,1,1,0.9284053,1,1,1
1,1,1,1,1,1,0.9168557,1,1,1
1,1,1,1,1,1,0.9052382,1,1,1
1,1,1,1,1,1,0.8935571,1,1,1
1,1,1,1,1,1,0.881817,1,1,1
1,1,1,1,1,1,0.8700225,1,1,1
1,1,1,1,1,1,0.8581818,1,1,1
1,1,1,1,1,1,0.8462968,1,1,1
1,1,1,1,1,1,0.8343722,1,1,1
1,1,1,1,1,1,0.8224134,1,1,1
1,1,1,1,1,1,0.8104256,1,1,1
1,1,1,1,1,1,0.7984142,1,1,1
1,1,1,1,1,1,0.7959944,1,1,1
1,1,1,1,1,1,0.8031862,1,1,1
1,1,1,1,1,1,0.8103069,1,1,1
1,1,1,1,1,1,0.8173506,1,1,1
1,1,1,1,1,1,0.8243151,1,1,1
1,1,1,1,1,1,0.8311912,1,1,1
1,1,1,1,1,1,0.8379772,1,1,1
1,1,1,1,1,1,0.8446636,1,1,1
1,1,1,1,1,1,0.8512496,1,1,1
1,1,1,1,1,1,0.8577342,1,1,1
1,1,1,1,1,1,0.8641087,1,1,1
1,1,1,1,1,1,0.8703727,1,1,1
1,1,1,1,1,1,0.8765217,1,1,1
1,1,1,1,1,1,0.8825521,1,1,1
1,1,1,1,1,1,0.8884637,1,1,1
1,1,1,1,1,1,0.8942529,0.8260512,1,0
1,1,1,1,1,1,1,0.8059656,1,0
1,1,1,1,1,1,1,0.787022,1,0
1,1,1,1,1,1,1,0.7679269,1,0
1,1,1,1,1,1,1,0.7487236,1,0
1,1,1,1,1,1,1,0.7294555,1,0
1,1,1,1,1,1,1,0.7101699,1,0
1,1,1,1,1,1,1,0.6909088,1,0
1,1,1,1,1,1,1,0.6717169,1,0
1,1,1,1,1,1,1,0.6526325,1,0
1,1,1,1,1,1,1,0.6336918,1,0
1,1,1,1,1,1,1,0.6149318,1,0
1,1,1,1,1,1,1,0.5963867,1,0
1,1,1,1,1,1,1,0.5780832,1,0
1,1,1,1,1,1,1,0.5600485,1,0
1,1,1,1,1,1,1,0.5481287,1,0
1,1,1,1,1,1,1,0.5598472,1,0
1,1,1,1,1,1,1,0.5718281,1,0
1,1,1,1,1,1,1,0.5840536,1,0
1,1,1,1,1,1,1,0.5965039,1,0
1,1,1,1,1,1,1,0.609159,1,0
1,1,1,1,1,1,1,0.6219975,0.728979,0
1,1,0.9852276,1,1,1,1,0.6444584,0.6876481,0
1,1,0.9600059,1,1,1,1,0.6690004,0.6489533,0
1,1,0.9361717,1,1,1,1,0.6953272,0.6131111,0
1,1,0.9137177,1,1,1,1,1,0.5799092,0
1,1,0.8979009,1,1,1,1,1,0.5536793,0
1,1,0.8821864,1,1,1,1,1,0.5282806,0
1,1,0.866632,1,1,1,1,1,0.5037297,0
1,1,0.8512847,1,1,1,1,1,0.4802933,0
1,1,0.8361906,1,1,1,1,1,0.4899978,0
1,1,0.8221605,1,1,1,1,1,0.499711,0
1,1,0.8090711,1,1,1,1,1,0.509402,0
1,1,0.7968193,1,1,1,1,1,0.5190391,0
1,1,0.7853136,1,1,1,1,1,0.5285958,0
1,1,0.7744756,1,1,1,1,1,0.5380471,0
1,1,0.7642379,1,1,1,1,1,0.5473694,0
1,1,0.7545406,0.9914729,1,1,1,1,0.5565427,0
1,1,0.7454602,0.9765241,1,1,1,1,0.5654361,0
1,1,0.7370368,0.9631031,1,1,1,1,0.5739385,1
1,1,0.7291921,0.9510147,1,1,1,1,0.5820493,1
1,1,0.7218601,0.9400972,1,1,1,1,0.589771,1
1,1,0.7149884,0.9302187,1,1,1,1,0.5971061,1
1,1,0.708527,0.9212608,1,1,1,1,0.6040661,1
1,1,0.7024361,0.9131266,1,1,1,1,0.6106615,1
1,1,0.6966814,0.9057331,1,1,1,1,0.6169041,1
1,1,0.6912345,0.8990105,1,1,1,1,1,2
1,1,0.6923787,1,1,1,1,1,1,2
1,1,0.6922644,1,1,1,1,1,1,2
1,1,0.6922947,1,1,1,1,1,1,2
1,0.9757296,0.692466,1,1,1,1,1,1,2
1,0.9027545,0.6933653,1,1,1,1,1,1,2
1,0.8270941,0.696243,1,1,1,1,1,1,2
1,0.7512317,0.7013105,1,1,1,1,1,1,2
1,0.6774446,0.7087628,1,1,1,1,1,1,2
1,0.6088706,0.7182248,1,1,1,1,1,1,2
1,0.5480362,0.7286864,1,1,1,1,1,1,2
1,0.5456756,0.740222,1,1,1,1,1,1,2
1,0.5472348,0.7529151,1,1,1,1,1,1,2
1,0.5492849,0.7668597,1,1,1,1,1,0.5897112,2
1,0.5485963,1,1,1,1,1,1,1,2
1,0.5503085,1,1,1,1,1,1,1,2
1,0.5523413,1,1,1,1,1,1,1,2
1,0.5546907,1,1,1,1,1,1,1,2
1,0.557353,1,1,1,1,1,1,1,2
1,0.5603242,1,1,1,1,1,1,1,2
1,0.5636004,1,1,1,1,1,1,1,2
0.7795637,0.5671754,1,1,1,1,1,1,1,2
0.5803536,0.573088,1,1,1,1,1,1,1,2
0.4877157,0.5796652,1,1,1,1,1,1,1,2
0.4885008,0.5869402,1,1,1,1,1,1,0.5604061,2
0.4894082,0.5936388,1,1,1,1,1,1,0.5575811,2
0.4905804,0.6005916,1,1,1,1,1,1,0.5549221,2
0.4919938,0.6077688,1,1,1,1,1,1,0.5524098,2
0.4936258,0.6151403,1,1,1,1,1,1,0.5500261,2
0.4954557,0.6226776,1,1,1,1,1,1,1,2
0.4984536,0.6340241,1,1,1,1,1,1,0.5445888,2
0.500686,1,1,1,1,1,1,1,1,2
0.5043123,1,1,1,1,1,1,1,1,2
0.5083506,1,1,1,1,1,1,1,0.5366759,1
0.5091528,1,1,1,1,1,1,1,1,2
0.5136074,1,1,1,1,1,1,1,1,2
0.518464,1,1,1,1,1,1,1,1,2
0.5237156,1,1,1,1,1,1,1,1,2
0.5293564,1,1,1,1,1,1,1,1,2
0.5353785,1,1,1,1,1,1,1,1,2
0.5417752,1,1,1,1,1,1,1,1,2
0.5485376,1,1,1,1,1,1,1,1,2
0.5556549,1,1,1,1,1,1,1,1,2
0.5631184,1,1,1,1,1,1,1,1,2
0.5709176,1,1,1,1,1,1,1,1,2
1,1,1,1,1,1,1,1,1,1
1,1,1,1,1,1,1,1,1,1
1,1,1,1,1,1,1,1,1,1
1,1,1,1,1,1,1,1,1,1
1,1,1,1,1,1,1,1,1,1
1,1,1,1,1,1,1,1,1,1
1,1,1,1,1,1,1,1,1,1
1,1,1,1,1,1,1,1,1,1
1,1,1,1,1,1,1,1,1,1
1,1,1,1,1,1,1,1,1,1
1,1,1,1,1,1,1,1,1,1
1,1,1,1,1,1,1,1,1,1
1,1,1,1,1,1,1,1,1,1
1,1,1,1,1,1,1,1,1,1
1,1,1,1,1,1,1,1,1,1
1,1,1,1,1,1,1,1,1,1
1,1,1,1,1,1,1,1,1,1
1,1,1,1,1,1,1,1,1,1
1,1,1,1,1,1,1,1,1,1
1,1,1,1,1,1,1,1,1,1
1,1,1,1,1,1,1,1,1,1
1,1,1,1,1,1,1,1,1,1
1,1,1,1,1,1,1,1,1,1
1,1,1,1,1,1,1,1,1,1
1,1,1,1,1,1,1,1,1,1
1,1,1,1,1,1,1,1,1,1
1,1,1,1,1,1,1,1,1,1
1,1,1,1,1,1,1,1,1,1
1,1,1,1,1,1,1,1,1,1
1,1,1,1,1,1,1,1,1,1
1,1,1,1,1,1,1,1,1,1
1,1,1,1,1,1,1,1,1,1
1,1,1,1,1,1,1,1,1,1
1,1,1,1,1,1,1,1,1,1
1,1,1,1,1,1,1,1,1,1
1,1,1,1,1,1,1,1,1,1
1,1,1,1,1,1,1,1,1,1
1,1,1,1,1,1,1,1,1,1
1,1,1,1,1,1,1,1,1,1
1,1,1,1,1,1,1,1,1,1
1,1,1,1,1,1,1,1,1,1
1,1,1,1,1,1,1,1,1,1
1,1,1,1,1,1,1,1,1,1
1,1,1,1,1,1,1,1,1,1
1,1,1,1,1,1,1,1,1,1
1,1,1,1,1,1,1,1,1,1
0.9977125,1,1,1,1,1,1,1,1,1
0.9995241,1,1,1,1,1,1,1,1,1
1,1,1,1,1,1,1,1,1,1
1,1,1,1,1,1,1,1,1,1
1,1,1,1,1,1,1,1,1,1
1,1,1,1,1,1,1,1,1,1
1,1,1,1,1,1,1,1,1,1
1,1,1,1,1,1,1,1,1,1
1,1,1,1,1,1,1,1,1,1
1,1,1,1,1,1,1,1,1,1
1,1,1,1,1,1,1,1,1,1
1,1,1,1,1,1,1,1,1,1
1,1,1,1,1,1,1,1,1,1
1,1,1,1,1,1,1,1,1,1
1,1,1,1,1,1,1,1,1,1
1,1,1,1,1,1,1,1,1,1
1,1,1,1,1,1,1,1,1,1
1,1,1,1,1,1,1,1,1,1
1,1,1,1,1,1,1,1,1,1
1,1,1,1,1,1,1,1,1,1
1,1,1,1,1,1,1,1,1,1
1,1,1,1,1,1,1,1,1,1
1,1,1,1,1,1,1,1,1,1
1,1,1,1,1,1,1,1,1,1
1,1,1,1,1,1,1,1,1,1
1,1,1,1,1,1,1,1,1,1
1,1,1,1,1,1,1,1,1,1
1,1,1,1,1,1,1,1,1,1
1,1,1,1,1,1,1,1,1,1
1,1,1,1,1,1,1,1,1,1
1,1,1,1,1,1,1,1,1,1
1,1,1,1,1,1,1,1,1,1
1,1,1,1,1,1,1,1,1,1
1,1,1,1,1,1,1,1,1,1
1,1,1,1,1,1,1,1,1,1
1,1,1,1,1,1,1,1,1,1
1,1,1,1,1,1,1,1,1,1
1,1,1,1,1,1,1,1,1,1
1,1,1,1,1,1,1,1,1,1
1,1,1,1,1,1,1,1,1,1
1,1,1,1,1,1,1,1,1,1
1,1,1,1,1,1,1,1,1,1
1,1,1,1,1,1,1,1,1,1
1,1,1,1,1,1,1,1,1,1
1,1,1,1,1,1,1,1,1,1
1,1,1,1,1,1,1,1,1,1
1,1,1,1,1,1,1,1,1,1
1,1,1,1,1,1,1,1,1,1
1,1,1,1,1,1,1,1,1,1
1,1,1,1,1,1,1,1,1,1
1,1,1,1,1,1,1,1,1,1
1,1,1,1,1,1,1,1,1,1
1,1,1,1,1,1,1,1,1,1
1,1,1,1,1,1,1,1,1,1
1,1,1,1,1,1,1,1,1,1
1,1,1,1,1,1,1,1,1,1
1,1,1,1,1,1,1,1,1,1
1,1,1,1,1,1,1,1,1,1
1,1,1,1,1,1,1,1,1,1
1,1,1,1,1,1,1,1,1,1
1,1,1,1,1,1,1,1,1,1
1,1,1,1,1,1,1,1,1,1
1,1,1,1,1,1,1,1,1,1
1,1,1,1,1,1,1,1,1,1
1,1,1,1,1,1,1,1,1,1
1,1,1,1,1,1,1,1,1,1
1,1,1,1,1,1,1,1,1,1
1,1,1,1,1,1,1,1,1,1
1,1,1,1,1,1,1,1,1,1
1,1,1,1,1,1,1,1,1,1
1,1,1,1,1,1,1,1,1,1
1,1,1,1,1,1,1,1,1,1
1,1,1,1,1,1,1,1,1,1
1,1,1,1,1,1,1,1,1,1
1,1,1,1,1,1,1,1,1,1
1,1,1,1,1,1,1,0.9954732,1,1
1,1,1,1,1,1,1,0.9721988,1,1
1,1,1,1,1,1,1,0.9471339,1,1
1,1,1,1,1,1,1,0.9202973,1,1
1,1,1,1,1,1,1,0.8917559,1,1
1,1,1,1,1,1,1,0.8616085,1,0
1,1,1,1,1,1,1,0.8300141,1,0
1,1,1,1,1,1,1,0.8096846,1,0
1,1,1,1,1,1,1,0.8099697,1,0
1,1,1,1,1,1,1,0.8103625,1,0
1,1,1,1,1,1,1,0.8108597,1,0
1,1,1,1,1,1,1,0.8114601,1,0
1,1,1,1,1,1,1,0.8121623,1,0
1,1,1,1,1,1,1,0.812963,1,0
1,1,1,1,1,1,1,0.8138625,1,0
1,1,1,1,1,1,1,0.8148559,1,0
1,1,1,1,1,1,1,0.8159432,1,0
1,1,1,1,1,1,1,0.8171212,1,0
1,1,1,1,1,1,1,0.8183883,1,0
1,1,1,1,1,1,1,0.8197411,1,0
1,1,1,1,1,1,1,0.8211778,1,0
1,1,1,1,1,1,1,0.8226969,1,0
1,1,1,1,1,1,1,0.8242949,1,0
1,1,1,1,1,1,1,0.8259681,1,0
1,1,1,1,1,1,1,0.827715,1,0
1,1,1,1,1,1,1,0.8295339,1,0
1,1,1,1,1,1,1,0.831421,1,0
1,1,1,1,1,1,1,0.833373,1,0
1,1,1,1,1,1,1,0.8353881,0.9167575,0
1,1,1,1,1,1,1,1,0.8075496,0
1,1,1,1,1,1,1,1,0.7143711,0
1,1,1,1,1,1,1,1,0.7016074,0
1,1,1,1,1,1,1,1,0.7026668,0
1,1,1,1,1,1,1,1,0.7039515,0
1,1,1,1,1,1,1,1,0.7054583,0
1,1,1,1,1,1,1,1,0.7071855,0
1,1,1,1,1,1,1,1,0.7091293,0
1,1,1,1,1,1,1,1,0.7112862,0
1,1,1,1,1,1,1,1,0.7136536,0
1,1,1,1,1,1,1,1,0.7162273,0
1,1,1,1,1,1,1,1,0.7190016,0
1,1,1,1,1,1,1,1,0.7219733,0
1,1,1,1,1,1,1,1,0.7251378,0
1,1,1,1,1,1,1,1,0.7284887,0
1,1,1,1,1,1,1,1,0.7320225,0
1,1,1,1,1,1,1,1,0.7357322,0
1,1,1,1,1,1,1,1,0.7396125,0
1,1,1,1,1,1,1,1,0.7436563,0
1,1,1,1,1,1,1,1,0.7478595,0
1,1,1,1,1,1,1,1,1,1
1,1,1,1,1,1,1,1,1,1
1,1,1,1,1,1,1,1,1,1
1,1,1,1,1,1,1,1,1,1
1,1,1,1,1,1,1,1,1,1
1,1,1,1,1,1,1,1,1,1
1,1,1,1,1,1,1,1,1,1
1,1,1,1,1,1,1,1,1,1
1,1,1,1,1,1,1,1,1,1
1,1,1,1,1,1,1,1,1,1
1,1,1,1,1,1,1,1,1,1
1,1,1,1,1,1,1,1,1,1
1,1,1,1,1,1,1,1,1,1
1,1,1,1,1,1,1,1,1,1
1,1,1,1,1,1,1,1,1,1
1,1,1,1,1,1,1,1,1,1
1,1,1,1,1,1,1,1,1,1
1,1,1,1,1,1,1,1,1,1
1,1,1,1,1,1,1,1,1,1
1,1,1,1,1,1,1,1,1,1
1,1,1,1,1,1,1,1,1,1
1,1,1,1,1,1,1,1,1,1
1,1,1,1,1,1,1,1,1,1
1,1,1,1,1,1,1,1,1,1
1,1,1,1,1,1,1,1,1,1
1,1,1,1,1,1,1,1,1,1
1,1,1,1,1,1,1,1,1,1
1,1,1,1,1,1,1,1,1,1
1,1,1,1,1,1,1,1,1,1
1,1,1,1,1,1,1,1,1,1
1,1,1,1,1,1,1,1,1,1
1,1,1,1,1,1,1,1,1,1
1,1,1,1,1,1,1,1,1,1
1,1,1,1,1,1,1,1,1,1
1,1,1,1,1,1,1,1,1,1
1,1,1,1,1,1,1,1,1,1
1,1,1,1,1,1,1,1,1,1
1,1,1,1,1,1,1,1,1,1
1,1,1,1,1,1,1,1,1,1
1,1,1,1,1,1,1,1,1,1
1,1,1,1,1,1,1,1,1,1
1,1,1,1,1,1,1,1,1,1
1,1,1,1,1,1,1,1,1,1
1,1,1,1,1,1,1,1,1,1
1,1,1,1,1,1,1,1,1,1
1,1,1,1,1,1,1,1,1,1
1,1,1,1,1,1,1,1,1,1
1,1,1,1,1,1,1,1,1,1
1,1,1,1,1,1,1,1,1,1
1,1,1,1,1,1,1,1,1,1
1,1,1,1,1,1,1,1,1,1
1,1,1,1,1,1,1,1,1,1
1,1,1,1,1,1,1,1,1,1
1,1,1,1,1,1,1,1,1,1
1,1,1,1,1,1,1,1,1,1
1,1,1,1,1,1,1,1,1,1
1,1,1,1,1,1,1,1,1,1
1,1,1,1,1,1,1,1,1,1
1,1,1,1,1,1,1,1,1,1
1,1,1,1,1,1,1,1,1,1
1,1,1,1,1,1,1,1,1,1
1,1,1,1,1,1,1,1,1,1
1,1,1,1,1,1,1,1,1,1
1,1,1,1,1,1,1,1,1,1
1,1,1,1,1,1,1,1,1,1
1,1,1,1,1,1,1,1,1,1
1,1,1,1,1,1,1,1,1,1
1,1,1,1,1,1,1,1,1,1
1,1,1,1,1,1,1,1,1,1
1,1,1,1,1,1,1,1,1,1
1,1,1,1,1,1,1,1,1,1
1,1,1,1,1,1,1,1,1,1
1,1,1,1,1,1,1,1,1,1
1,1,1,1,1,1,1,1,1,1
1,1,1,1,1,1,1,1,1,1
1,1,1,1,1,1,1,1,1,1
1,1,1,1,1,1,1,1,1,1
1,1,1,1,1,1,1,1,1,1
1,1,1,1,1,1,1,1,1,1
1,1,1,1,1,1,1,1,1,1
1,1,1,1,1,1,1,1,1,1
1,1,1,1,1,1,1,1,1,1
1,1,1,1,1,1,1,1,1,1
1,1,1,1,1,1,1,1,1,1
1,1,1,1,1,1,1,1,1,1
1,1,1,1,1,1,1,1,1,1
1,1,1,1,1,1,1,1,1,1
1,1,1,1,1,1,1,1,1,1
1,1,1,1,1,1,1,1,1,1
1,1,1,1,1,1,1,1,1,1
1,1,1,1,1,1,1,1,1,1
1,1,1,1,1,1,1,1,1,1
1,1,1,1,1,1,1,1,1,1
1,1,1,1,1,1,1,1,1,1
1,1,1,1,1,1,1,1,1,1
1,1,1,1,1,1,1,1,1,1
1,1,1,1,1,1,1,1,1,1
1,1,1,1,1,1,1,1,1,1
1,1,1,1,1,1,1,1,1,1
1,1,1,1,1,1,1,1,1,1
1,1,1,1,1,1,1,1,1,1
1,1,1,1,1,1,1,1,1,1
1,1,1,1,1,1,1,1,1,1
1,1,1,1,1,1,1,1,1,1
1,1,1,1,1,1,1,1,1,1
1,1,1,1,1,1,1,1,1,1
1,1,1,1,1,1,1,1,1,1
1,1,1,1,1,1,1,1,1,1
1,1,1,1,1,1,1,1,1,1
1,1,1,1,1,1,1,1,1,1
1,1,1,1,1,1,1,1,1,1
1,1,1,1,1,1,1,1,1,1
1,1,1,1,1,1,1,1,1,1
1,1,1,1,1,1,1,1,1,1
1,1,1,1,1,1,1,1,1,1
1,1,1,1,1,1,1,1,1,1
1,1,1,1,1,1,1,1,1,1
1,1,1,1,1,1,1,1,1,1
1,1,1,1,1,1,1,1,1,1
1,1,1,1,1,1,1,1,1,1
1,1,1,1,1,1,1,1,1,1
1,1,1,1,1,1,1,1,1,1
1,1,1,1,1,1,1,1,1,1
1,1,1,1,1,1,1,1,1,1
1,1,1,1,1,1,1,1,1,1
1,1,1,1,1,1,1,1,1,1
1,1,1,1,1,1,1,1,1,1
1,1,1,1,1,1,1,1,1,1
1,1,1,1,1,1,1,1,1,1
1,1,1,1,1,1,1,1,1,1
1,1,1,1,1,1,1,1,1,1
1,1,1,1,1,1,1,1,1,1
1,1,1,1,1,1,1,1,1,1
1,1,1,1,1,1,1,1,1,1
1,1,1,1,1,1,1,1,1,1
1,1,1,1,1,1,1,1,1,1
1,1,1,1,1,1,1,1,1,1
1,1,1,1,1,1,1,1,1,1
1,1,1,1,1,1,1,1,1,1
1,1,1,1,1,1,1,1,1,1
1,1,1,1,1,1,1,1,1,1
1,1,1,1,1,1,1,1,1,1
1,1,1,1,1,1,1,1,1,1
1,1,1,1,1,1,1,1,1,1
1,1,1,1,1,1,1,1,1,1
1,1,1,1,1,1,1,1,1,1
1,1,1,1,1,1,1,1,1,1
1,1,1,1,1,1,1,1,1,1
1,1,1,1,1,1,1,1,1,1
1,1,1,1,1,1,1,1,1,1
1,1,1,1,1,1,1,1,1,1
1,1,1,1,1,1,1,1,1,1
1,1,1,1,1,1,1,1,1,1
1,1,1,1,1,1,1,1,1,1
1,1,1,1,1,1,1,1,1,1
1,1,1,1,1,1,1,1,1,1
1,1,1,1,1,1,1,1,1,1
1,1,1,1,1,1,1,1,1,1
1,1,1,1,1,1,1,1,1,1
1,1,1,1,1,1,1,1,1,1
1,1,1,1,1,1,1,1,1,1
1,1,1,1,1,1,1,1,1,1
1,1,1,1,1,1,1,1,1,1
1,1,1,1,1,1,1,1,1,1
1,1,1,1,1,1,1,1,1,1
1,1,1,1,1,1,1,1,1,1
1,1,1,1,1,1,1,1,1,1
1,1,1,1,1,1,1,1,1,1
1,1,1,1,1,1,1,1,1,1
1,1,1,1,1,1,1,1,1,1
1,1,1,1,1,1,1,1,1,1
1,1,1,1,1,1,1,1,1,1
1,1,1,1,1,1,1,1,1,1
1,1,1,1,1,1,1,1,1,1
1,1,1,1,1,1,1,1,1,1
1,1,1,1,1,1,1,1,1,1
1,1,1,1,1,1,1,1,1,1
1,1,1,1,1,1,1,1,1,1
1,1,1,1,1,1,1,1,1,1
1,1,1,1,1,1,1,1,1,1
1,1,1,1,1,1,1,1,1,1
1,1,1,1,1,1,1,1,1,1
1,1,1,1,1,1,1,1,1,1
1,1,1,1,1,1,1,1,1,1
1,1,1,1,1,1,1,1,1,1
1,1,1,1,1,1,1,1,1,1
1,1,1,1,1,1,1,1,1,1
1,1,1,1,1,1,1,1,1,1
1,1,1,1,1,1,1,1,1,1
1,1,1,1,1,1,1,1,1,1
1,1,1,1,1,1,1,1,1,1
1,1,1,1,1,1,1,1,1,1
1,1,1,1,1,1,1,1,1,1
1,1,1,1,1,1,1,1,1,1
1,1,1,1,1,1,1,1,1,1
1,1,1,1,1,1,1,1,1,1
1,1,1,1,1,1,1,1,1,1
1,1,1,1,1,1,1,1,1,1
1,1,1,1,1,1,1,1,1,1
1,1,1,1,1,1,1,1,1,1
1,1,1,1,1,1,1,1,1,1
1,1,1,1,1,1,1,1,1,1
1,1,1,1,1,1,1,1,1,1
1,1,1,1,1,1,1,1,1,1
1,1,1,1,1,1,1,1,1,1
1,1,1,1,1,1,1,1,1,1
1,1,1,1,1,1,1,1,1,1
1,1,1,1,1,1,1,1,1,1
1,1,1,1,1,1,1,1,1,1
1,1,1,1,1,1,1,1,1,1
1,1,1,1,1,1,1,1,1,1
1,1,1,1,1,1,1,1,1,1
1,1,1,1,1,1,1,1,1,1
1,1,1,1,1,1,1,1,1,1
1,1,1,1,1,1,1,1,1,1
1,1,1,1,1,1,1,1,1,1
1,1,1,1,1,1,1,1,1,1
1,1,1,1,1,1,1,1,1,1
1,1,1,1,1,1,1,1,1,1
1,1,1,1,1,1,1,1,1,1
1,1,1,1,1,1,1,1,1,1
1,1,1,1,1,1,1,1,1,1
1,1,1,1,1,1,1,1,1,1
1,1,1,1,1,1,1,1,1,1
1,1,1,1,1,1,1,1,1,1
1,1,1,1,1,1,1,1,1,1
1,1,1,1,1,1,1,1,1,1
1,1,1,1,1,1,1,1,1,1
1,1,1,1,1,1,1,1,1,1
1,1,1,1,1,1,1,1,1,1
1,1,1,1,1,1,1,1,1,1
1,1,1,1,1,1,1,1,1,1
1,1,1,1,1,1,1,1,1,1
1,1,1,1,1,1,1,1,1,1
1,1,1,1,1,1,1,1,1,1
1,1,1,1,1,1,1,1,1,1
1,1,1,1,1,1,1,1,1,1
1,1,1,1,1,1,1,1,1,1
1,1,1,1,1,1,1,1,1,1
1,1,1,1,1,1,1,1,1,1
1,1,1,1,1,1,1,1,1,1
1,1,1,1,1,1,1,1,1,1
1,1,1,1,1,1,1,1,1,1
1,1,1,1,1,1,1,1,1,1
1,1,1,1,1,1,1,1,1,1
1,1,1,0.9915602,1,1,1,1,1,1
1,1,1,0.9813946,1,1,1,1,1,1
1,1,1,0.9712167,1,1,1,1,1,1
1,1,1,0.9610268,1,1,1,1,1,1
1,1,1,0.9508254,1,1,1,1,1,1
1,1,1,0.940613,1,1,1,1,1,1
1,1,1,0.93039,1,1,1,1,1,1
1,1,0.999284,0.9201571,1,1,1,1,1,1
1,1,0.9879909,0.9099128,1,1,1,1,1,1
1,1,0.9765822,0.8996289,1,1,1,1,1,1
1,1,0.965063,0.8893073,1,1,1,1,1,1
1,1,0.9534391,0.8789506,1,1,1,1,1,1
1,1,0.9417166,0.8685614,1,1,1,1,1,1
1,1,0.9299024,0.8581424,1,1,1,1,1,1
1,1,0.9180037,0.8476968,1,1,1,1,1,1
1,1,0.9060314,0.837231,1,1,1,1,1,1
1,1,0.8939903,0.8267452,1,1,1,1,1,1
1,1,0.8818884,0.8162433,1,1,1,1,1,1
1,1,0.8697342,0.8057283,1,1,1,1,1,1
1,1,0.8575361,0.7952043,1,1,1,1,1,1
1,1,0.8453062,0.7846779,1,1,1,1,1,1
1,1,0.8330495,0.7741494,1,1,1,1,1,1
1,1,0.8207776,0.7636254,1,1,1,1,1,2
1,1,0.8084955,0.7531062,1,1,1,1,1,2
1,1,0.7962146,0.7425981,1,1,1,1,1,2
1,1,0.7839425,0.7321039,1,1,1,1,1,2
1,1,0.7716831,0.7216235,1,1,1,1,1,2
1,1,0.7594467,0.7111626,1,1,1,1,1,2
1,1,0.7472397,0.7007232,1,1,1,1,1,2
1,1,0.7350714,0.6903105,1,1,1,1,1,2
1,1,0.7229441,0.6799233,1,1,1,1,1,2
1,1,0.7108628,0.6695629,1,1,1,1,1,2
1,1,0.6988352,0.6592336,1,1,1,1,1,2
1,1,0.6868619,0.6489333,1,1,1,1,1,2
1,1,0.6749498,0.6386655,1,1,1,1,1,2
1,1,0.6631016,0.6284307,1,1,1,1,1,2
1,1,0.6513198,0.6182289,1,1,1,1,1,2
1,1,0.6396063,0.60806,1,1,1,1,1,2
1,1,0.6279625,0.5979236,1,1,1,1,1,2
1,1,0.6163926,0.5878222,1,1,1,1,1,2
1,1,0.604894,0.5777519,1,1,1,1,1,2
1,1,0.5934702,0.6723434,1,1,1,1,1,2
1,1,0.5821453,0.8403246,1,1,1,1,1,2
1,0.7305127,0.5709258,1,1,1,1,1,1,2
1,0.7095314,0.5586079,1,1,1,1,1,1,2
1,0.6889125,0.5464298,1,1,1,1,1,1,2
1,0.668699,0.5344068,1,1,1,1,1,1,2
1,0.6489262,0.5225517,1,1,1,1,1,1,2
1,0.6296175,0.5108712,1,1,1,1,1,1,2
1,0.6107931,0.4993729,1,1,1,1,1,1,2
1,0.5924666,0.4880617,1,1,1,1,1,1,2
1,0.574642,0.4769374,1,1,1,1,1,1,2
1,0.5573252,0.466004,1,1,1,1,1,1,2
1,0.5405068,0.4552543,1,1,1,1,1,1,2
1,0.5241842,0.444689,1,1,1,1,1,1,2
1,0.508341,0.452897,1,1,1,1,1,1,2
1,0.4929976,0.5394842,1,1,1,1,1,1,2
1,0.4782209,0.6482447,1,1,1,1,1,1,2
1,0.4639629,0.7871743,1,1,1,1,1,1,2
1,0.4501757,1,1,1,1,1,1,1,2
0.644827,0.4368446,1,1,1,1,1,1,1,2
0.6121947,0.4216675,1,1,1,1,1,1,1,2
0.581678,0.4070923,1,1,1,1,1,1,1,2
0.5530834,0.3930834,1,1,1,1,1,1,1,2
0.5262491,0.3796142,1,1,1,1,1,1,1,2
0.5010273,0.366657,1,1,1,1,1,1,1,2
0.4772909,0.3541897,1,1,1,1,1,1,1,2
0.4549178,0.3421849,1,1,1,1,1,1,1,2
0.4338077,0.3369026,1,1,1,1,1,1,1,2
0.4138657,0.3766911,1,1,1,1,1,1,1,2
0.3950114,0.42289,1,1,1,1,1,1,1,2
0.3771635,0.4770132,1,1,1,1,1,1,1,2
0.3602571,0.5410866,1,1,1,1,1,1,1,2
0.3442292,0.6178944,1,1,1,1,1,1,1,2
0.329151,0.7094981,1,1,1,1,1,1,1,2
0.3150671,1,1,1,1,1,1,1,1,2
0.3021408,1,1,1,1,1,1,1,1,2
0.2939439,1,1,1,1,0.9877024,1,1,1,2
0.313649,1,1,1,1,0.9668495,1,1,1,2
0.3338172,1,1,1,1,0.9668764,1,1,1,2
0.3547311,1,1,1,1,0.9726287,1,1,1,2
0.3764816,1,1,1,1,0.9781235,1,1,1,2
0.3990566,1,1,1,1,0.9833115,1,1,1,2
0.4224339,1,1,1,1,0.9881507,1,1,1,2
0.4465871,1,1,1,0.9930136,0.9925922,1,1,1,2
0.4712871,1,1,1,0.9732963,0.9962472,1,1,1,2
0.4960498,1,1,1,0.9549987,0.9983956,1,1,1,2
0.5206975,1,1,1,0.9379848,0.9989396,1,1,1,2
0.545039,1,1,1,0.9221438,0.9977905,1,1,1,2
0.5688799,1,1,1,0.9073812,0.9948767,1,1,1,2
0.5920169,1,1,1,0.8936217,0.9901355,1,1,1,1
0.6142425,1,1,1,0.8808061,0.9835219,1,1,1,1
0.6353616,1,1,1,0.8688835,0.9750127,1,1,1,1
0.6551864,1,1,1,0.8578143,0.9646153,1,1,1,1
1,1,1,1,0.8475658,0.9523568,1,1,1,0
1,1,1,1,0.8423442,0.9289428,1,1,1,0
1,1,1,1,0.8378783,0.9045041,1,1,1,0
1,1,1,1,0.8341958,0.8792041,1,1,1,0
1,1,1,1,0.8313246,0.8532181,1,1,1,0
1,1,1,1,0.8292946,0.8267277,1,1,1,0
1,1,1,1,0.8281354,0.7999141,1,1,1,0
1,1,1,1,0.8278764,0.7729539,1,1,1,0
1,1,1,1,0.8285441,0.7460127,1,1,1,0
1,1,1,1,0.8301643,0.7192472,1,1,1,0
1,1,1,1,0.8327621,0.7134057,1,1,1,0
1,1,1,1,0.835729,0.7126645,1,1,1,0
1,1,1,1,0.838904,0.7120591,1,1,1,0
1,1,1,1,0.8422745,0.7115782,0.9612797,1,1,0
1,1,1,1,0.8473307,0.7121055,0.9111616,1,1,0
1,1,1,1,0.8545913,0.7139342,0.8614258,1,1,0
1,1,1,1,0.864147,0.7170963,0.8127813,1,1,0
1,1,1,1,0.876079,0.721611,0.7657882,1,1,0
1,1,1,1,0.8904628,0.7274875,0.7208561,1,1,0
1,1,1,1,0.9071231,0.7345849,0.6784642,1,1,0
1,1,1,1,0.9255446,0.74257,0.6390802,1,1,0
1,1,1,1,0.9459138,0.7515081,0.6023686,1,1,0
1,1,1,1,1,0.7614725,0.6034704,1,1,0
1,1,1,1,1,0.772019,0.6058465,1,1,0
1,1,1,1,1,0.7830025,0.6084441,1,1,0
1,1,1,1,1,0.7943884,0.6112351,1,1,0
1,1,1,1,1,0.806145,0.6141942,1,1,0
1,1,1,1,1,0.8182395,0.6172973,1,1,0
1,1,1,1,1,0.8306397,0.6205218,1,1,0
1,1,1,1,1,0.8433129,0.6238458,0.9124031,1,0
1,1,1,1,1,1,0.6292954,0.8251265,1,0
1,1,1,1,1,1,0.6350729,0.7492541,1,0
0.5840942,1,1,1,1,1,0.6430935,0.6767189,1,0
1,1,1,1,1,1,0.6441856,0.6320843,1,0
0.5800177,1,1,1,1,1,0.6534747,0.5717171,1,0
1,1,1,1,1,1,0.6573692,0.5289721,1,0
1,1,1,1,1,1,0.6682339,0.4850247,1,0
0.5707151,1,1,1,1,1,0.6802255,0.4865443,1,0
1,1,1,1,1,1,0.6866046,0.4865854,1,0
0.5654582,1,1,1,1,1,0.7005833,0.4888591,1,0
1,1,1,1,1,1,0.7067723,0.4890363,1,0
0.5608351,1,1,1,1,1,0.7228934,0.4920583,1,0
1,1,1,1,1,1,0.7286999,0.4922981,1,0
1,1,1,1,1,1,1,0.4960672,1,0
1,1,1,1,1,1,1,0.4995689,1,0
1,1,1,1,1,1,1,0.5034271,0.8309363,0
0.547537,1,1,1,1,1,1,0.5087609,0.6383072,0
1,1,1,1,1,1,1,0.5124524,0.5149576,0
0.5421765,1,1,1,1,1,1,0.518863,0.4309882,0
0.5388972,1,1,1,1,1,1,0.5259561,0.4320566,0
0.5356795,1,1,1,1,1,1,0.5337694,0.4335385,0
0.5326604,1,1,1,1,1,1,0.5419633,0.435342,0
0.5298258,1,1,1,1,1,1,0.5504705,0.4374298,0
0.5271474,1,1,1,1,1,1,0.5592567,0.4397759,0
0.5246023,1,1,1,1,1,1,0.5682825,0.4423517,0
0.5221673,1,1,1,1,1,1,0.5775117,0.4451335,0
0.519823,1,1,1,1,1,1,0.5869057,0.4480965,0
0.5175523,1,1,1,1,1,1,0.5964259,0.451217,0
1,1,1,1,1,1,1,0.606033,0.4544723,0
0.5124695,1,1,1,1,1,1,1,0.4593419,1
1,1,1,1,1,1,1,1,0.4607272,0
1,1,1,1,1,1,1,1,0.4661381,0
1,1,1,1,1,1,1,1,0.4720057,0
1,1,1,1,1,1,1,1,0.4783138,0
1,1,1,1,1,1,1,1,0.4850543,0
1,1,1,1,1,1,1,1,0.4922222,0
1,1,1,1,1,1,1,1,0.4998061,0
1,1,1,1,1,1,1,1,0.507798,0
1,1,1,1,1,1,1,1,0.5161887,0
0.8350905,1,1,1,1,1,1,1,0.5249668,0
0.8670534,1,1,1,1,1,1,1,0.5317174,0
0.8659552,1,1,1,1,1,1,1,0.539077,0
0.8710756,1,1,1,1,1,1,1,0.5465802,0
0.8762072,1,1,1,1,1,1,1,1,2
1,1,1,1,1,1,1,1,1,1
1,1,1,1,1,1,1,1,1,1
1,1,1,1,1,1,1,1,1,1
1,1,1,1,1,1,1,1,1,1
1,1,1,1,1,1,1,1,1,1
1,1,1,1,1,1,1,1,1,1
1,1,1,1,1,1,1,1,1,1
1,1,1,1,1,1,1,1,1,1
1,1,1,1,1,1,1,1,1,1
1,1,1,1,1,1,1,1,1,1
1,1,1,1,1,1,1,1,1,1
1,1,1,1,1,1,1,1,1,1
1,1,1,1,1,1,1,1,1,1
1,1,1,1,1,1,1,1,1,1
1,1,1,1,1,1,1,1,1,1
1,1,1,1,1,1,1,1,1,1
1,1,1,1,1,1,1,1,1,1
1,1,1,1,1,1,1,1,1,1
1,1,1,1,1,1,1,1,1,1
1,1,1,1,1,1,1,1,1,1
1,1,1,1,1,1,1,1,1,1
1,1,1,1,1,1,1,1,1,1
1,1,1,1,1,1,1,1,1,1
1,1,1,1,1,1,1,1,1,1
1,1,1,1,1,1,1,1,1,1
1,1,1,1,1,1,1,1,1,1
1,1,1,1,1,1,1,1,1,1
1,1,1,1,1,1,1,1,1,1
1,1,1,1,1,1,1,1,1,1
1,1,1,1,1,1,1,1,1,1
1,1,1,1,1,1,1,1,1,1
1,1,1,1,1,1,1,1,1,1
1,1,1,1,1,1,1,1,1,1
1,1,1,1,1,1,1,1,1,1
1,1,1,1,1,1,1,1,1,1
1,1,1,1,1,1,1,1,1,1
1,1,1,1,1,1,0.9929112,1,1,1
1,1,1,1,1,1,0.983373,1,1,1
1,1,1,1,1,1,0.9738301,1,1,1
1,1,1,1,1,1,0.9642826,1,1,1
1,1,1,1,1,1,0.9547307,1,1,1
1,1,1,1,1,1,0.9451776,1,1,1
1,1,1,1,1,1,0.9356205,1,1,1
1,1,1,1,1,1,0.9260594,1,1,1
1,1,1,1,1,1,0.9164947,1,1,1
1,1,1,1,1,1,0.9069298,1,1,1
1,1,1,1,1,1,0.8973615,1,1,1
1,1,1,1,1,1,0.8877934,1,1,1
1,1,1,1,1,1,0.8782223,1,1,1
1,1,1,1,1,1,0.868652,1,1,1
1,1,1,1,1,1,0.8742417,0.9977535,1,1
1,1,1,1,1,1,0.9098493,0.9863402,1,1
1,1,1,1,1,1,0.9466903,0.9748888,1,1
1,1,1,1,1,1,0.9848595,0.9634037,1,1
1,1,1,1,1,1,1,0.9518887,1,1
1,1,1,1,1,1,1,0.9402882,1,1
1,1,1,1,1,1,1,0.9285694,1,1
1,1,1,1,1,1,1,0.9167415,1,1
1,1,1,1,1,1,1,0.9048109,1,1
1,1,1,1,1,1,1,0.8927842,1,1
1,1,1,1,1,1,1,0.8806686,1,1
1,1,1,1,1,1,1,0.8684751,1,1
1,1,1,1,1,1,1,0.8562113,1,1
1,1,1,1,1,1,1,0.8438889,1,1
1,1,1,1,1,1,1,0.8315128,1,1
1,1,1,1,1,1,1,0.819095,1,1
1,1,1,1,1,1,1,0.8066474,1,1
1,1,1,1,1,1,1,0.7941752,1,0
1,1,1,1,1,1,1,0.7816904,1,0
1,1,1,1,1,1,1,0.7692052,1,0
1,1,1,1,1,1,1,0.7567246,1,0
1,1,1,1,1,1,1,0.7442601,1,0
1,1,1,1,1,1,1,0.7318199,1,0
1,1,1,1,1,1,1,0.7194151,1,0
1,1,1,1,1,1,1,0.7070532,1,0
1,1,1,1,1,1,1,0.6947413,1,0
1,1,1,1,1,1,1,0.6824862,1,0
1,1,1,1,1,1,1,0.6702975,1,0
1,1,1,1,1,1,1,0.6581811,1,0
1,1,1,1,1,1,1,0.6461459,1,0
1,1,1,1,1,1,1,0.6341934,1,0
1,1,1,1,1,1,1,0.6223315,0.8742245,0
1,1,1,1,1,1,1,0.6094819,0.8497074,0
1,1,1,1,1,1,1,0.5966701,0.8252066,0
1,1,1,1,1,1,1,0.5839351,0.8008448,0
1,1,1,1,1,1,1,0.5961803,0.7767421,0
1,1,1,1,1,1,1,0.6296025,0.753305,0
1,0.9987704,1,1,1,1,1,0.6656493,0.7307918,0
1,0.991361,1,1,1,1,1,0.7043897,0.7092181,0
1,0.9841175,1,1,1,1,1,0.7454042,0.6887214,0
1,0.9770261,1,1,1,1,1,0.7886853,0.6692261,0
1,0.970071,1,1,1,1,1,0.8342064,0.6506634,0
1,0.9632359,1,1,1,1,1,0.8819153,0.632963,0
1,0.9565069,1,1,1,1,1,0.9317256,0.6160586,0
1,0.9498688,1,1,1,1,1,1,0.5998918,0
1,0.9433276,1,1,1,1,1,1,0.5844938,0
1,0.9367961,1,1,1,1,1,1,0.5694267,0
1,0.930275,1,1,1,1,1,1,0.55469,0
1,0.9237657,1,1,1,1,1,1,0.5402817,0
1,0.9172675,1,1,1,1,1,1,0.5261987,0
1,0.9107791,1,1,1,1,1,1,0.5124408,0
1,0.9043001,1,1,1,1,1,1,0.5132077,0
1,0.8978432,1,1,1,1,1,1,0.5291858,0
1,0.8914118,1,1,1,1,1,1,0.5450643,0
1,0.8849934,1,1,1,1,1,1,0.5607884,0
1,0.8785799,1,1,1,1,1,1,0.5763016,0
1,0.8721627,1,1,1,1,1,1,0.5915543,0
1,0.8657371,1,1,1,1,1,1,0.6064959,1
1,0.8593,1,1,1,1,1,1,0.6210788,1
1,0.852849,1,1,1,1,1,1,0.6352609,1
1,0.8463829,1,1,1,1,1,1,0.6490036,1
1,0.8399022,1,1,1,1,1,1,0.662272,1
1,0.8334101,1,1,1,1,1,1,0.6750329,1
0.9168645,0.8269079,1,1,1,1,1,1,0.6872622,1
0.9083767,0.8204006,1,1,1,1,1,1,0.6957062,1
0.8996279,0.8139274,1,1,1,1,1,1,0.7032554,2
0.8906485,1,1,1,1,1,1,1,0.7099146,1
0.8847076,1,1,1,1,1,1,1,0.7240549,1
0.8784961,1,1,1,1,1,1,1,0.7377213,1
0.8720235,1,1,1,1,1,1,1,0.7508726,1
0.8652986,1,1,1,1,1,1,1,0.7634741,1
0.8583352,1,1,1,1,1,1,1,0.7754897,1
0.8511449,1,1,1,1,1,1,1,0.786893,1
0.8437422,1,1,1,1,1,1,1,0.797659,1
0.8361408,1,1,1,1,1,1,1,0.8077706,1
0.8283569,1,1,1,1,1,1,1,0.8172115,1
0.8204077,1,1,1,1,1,1,1,0.8259711,1
0.812309,1,1,1,1,1,1,1,1,2
0.8026401,1,1,1,1,1,1,1,1,2
0.7929987,1,1,1,1,1,1,1,1,2
0.7833997,1,1,1,1,1,1,1,1,2
0.7738541,1,1,1,1,1,1,1,1,2
0.7643769,1,1,1,1,1,1,1,1,2
0.7549827,1,1,1,1,1,1,1,1,2
0.7456826,1,1,1,1,1,1,1,1,2
0.7364932,1,1,1,1,1,1,1,1,2
0.7274253,1,1,1,1,1,1,1,1,2
0.718495,1,1,1,1,1,1,1,1,2
0.7097148,1,1,1,1,1,1,1,1,2
0.7010969,1,1,1,1,1,1,1,1,2
0.6926547,1,1,1,1,1,1,1,1,2
0.6871491,1,1,1,1,1,1,1,1,2
0.7462695,1,1,1,1,1,1,1,1,2
0.8042994,1,1,1,1,1,1,1,1,2
0.8596286,1,1,1,1,1,1,1,1,2
0.9108428,1,1,1,1,1,1,1,1,1
0.9568696,1,1,1,1,1,1,1,1,1
0.9971417,1,1,1,1,1,1,1,1,1
1,1,1,1,1,1,1,1,1,1
1,1,1,1,1,1,1,1,1,1
1,1,1,1,1,1,1,1,1,1
1,1,1,1,1,1,1,1,1,1
1,1,1,1,1,1,1,1,1,1
1,1,1,1,1,1,1,1,1,1
1,1,1,1,1,1,1,1,1,1
1,1,1,1,1,1,1,1,1,1
1,1,1,1,1,1,1,1,1,1
1,1,1,1,1,1,1,1,1,1
1,1,1,1,1,1,1,1,1,1
1,1,1,1,1,1,1,1,1,1
1,1,1,1,1,1,1,1,1,1
1,1,1,1,1,1,1,1,1,1
1,1,1,1,1,1,1,1,1,1
1,1,1,1,1,1,1,1,1,1
1,1,1,1,1,1,1,1,1,1
1,1,1,1,1,1,1,1,1,1
1,1,1,1,1,1,1,1,1,1
1,1,1,1,1,1,1,1,1,1
1,1,1,1,1,1,1,1,1,1
1,1,1,1,1,1,1,1,1,1
1,1,1,1,1,1,1,1,1,1
1,1,1,1,1,1,1,1,1,1
1,1,1,1,1,1,1,1,1,1
1,1,1,1,1,1,1,1,1,1
1,1,1,1,1,1,1,1,1,1
1,1,1,1,1,1,1,1,1,1
1,1,1,1,1,1,1,1,1,1
1,1,1,1,1,1,1,1,1,1
1,1,1,1,1,1,1,1,1,1
1,1,1,1,1,1,1,1,1,1
1,1,1,1,1,1,1,1,1,1
1,1,1,1,1,1,1,1,1,1
1,1,1,1,1,1,1,1,1,1
1,1,1,1,1,1,1,1,1,1
1,1,1,1,1,1,1,1,1,1
1,1,1,1,1,1,1,1,1,1
1,1,1,1,1,1,1,1,1,1
1,1,1,1,1,1,1,1,1,1
1,1,1,1,1,1,1,1,1,1
1,1,1,1,1,1,1,1,1,1
1,1,1,1,1,1,1,1,1,1
1,1,1,1,1,1,1,1,1,1
1,1,1,1,1,1,1,1,1,1
1,1,1,1,1,1,1,1,1,1
1,1,1,1,1,1,1,1,1,1
1,1,1,1,1,1,1,1,1,1
1,1,1,1,1,1,1,0.9525186,1,1
1,1,1,1,1,1,1,0.9352633,1,1
1,1,1,1,1,1,1,0.9174739,1,1
1,1,1,1,1,1,1,0.8991769,1,1
1,1,1,1,1,1,1,0.8804036,1,1
1,1,1,1,1,1,1,0.8611912,1,0
1,1,1,1,1,1,1,0.8415866,1,0
1,1,1,1,1,1,1,0.8216313,1,0
1,1,1,1,1,1,1,0.8013803,1,0
1,1,1,1,1,1,1,0.7808815,1,0
1,1,1,1,1,1,1,0.7601953,1,0
1,1,1,1,1,1,1,0.7393776,1,0
1,1,1,1,1,1,1,0.7184853,1,0
1,1,1,1,1,1,1,0.697579,1,0
1,1,1,1,1,1,1,0.6767132,1,0
1,1,1,1,1,1,1,0.6645516,1,0
1,1,1,1,1,1,1,0.6725721,1,0
1,1,1,1,1,1,1,0.6807262,1,0
1,1,1,1,1,1,1,0.6890023,1,0
1,1,1,1,1,1,1,0.6973862,1,0
1,1,1,1,1,1,1,0.7058662,1,0
1,1,1,1,1,1,1,0.7144298,1,0
1,1,1,1,1,1,1,0.723065,1,0
1,1,1,1,1,1,1,0.7317592,1,0
1,1,1,1,1,1,1,0.7405002,0.9071978,0
1,1,1,1,1,1,1,0.7524777,0.8629671,0
1,1,1,1,1,1,1,0.766195,0.8187145,0
1,1,1,1,1,1,1,0.781783,0.7749166,0
1,1,1,1,1,1,1,0.7993725,0.7319963,0
1,1,1,1,1,1,1,0.8190942,0.6903163,0
1,1,1,1,1,1,1,1,0.6501617,0
1,1,1,1,1,1,1,1,0.6159161,0
1,1,1,1,1,1,1,1,0.5822052,0
1,1,1,1,1,1,1,1,0.5891484,0
1,1,1,1,1,1,1,1,0.5980182,0
1,1,1,1,1,1,1,1,0.6071693,0
1,1,1,1,1,1,1,1,0.6165879,0
1,1,1,1,1,1,1,1,0.626259,0
1,1,1,1,1,1,1,1,0.6361653,0
1,1,1,1,1,1,1,1,0.6462928,0
1,1,1,1,1,1,1,1,0.6566228,0
1,1,1,1,1,1,1,1,0.6671382,0
1,1,1,1,1,1,1,1,0.6778214,0
1,1,1,1,1,1,1,1,0.6886542,0
1,1,1,1,1,1,1,1,0.6996181,0
1,1,1,1,1,1,1,1,0.7106944,0
1,1,1,1,1,1,1,1,0.7218661,0
1,1,1,1,1,1,1,1,0.7331117,0
1,1,1,1,1,1,1,1,0.7444139,0
1,1,1,1,1,1,1,1,1,1
1,1,1,1,1,1,1,1,1,1
1,1,1,1,1,1,1,1,1,1
1,1,1,1,1,1,1,1,1,1
1,1,1,1,1,1,1,1,1,1
1,1,1,1,1,1,1,1,1,1
1,1,1,1,1,1,1,1,1,1
1,1,1,1,1,1,1,1,1,1
1,1,1,1,1,1,1,1,1,1
1,1,1,1,1,1,1,1,1,1
1,1,1,1,1,1,1,1,1,1
1,1,1,1,1,1,1,1,1,1
1,1,1,1,1,1,1,1,1,1
1,1,1,1,1,1,1,1,1,1
1,1,1,1,1,1,1,1,1,1
1,1,1,1,1,1,1,1,1,1
1,1,1,1,1,1,1,1,1,1
1,0.9986584,1,1,1,1,1,1,1,1
1,0.9940524,1,1,1,1,1,1,1,1
1,0.9894918,1,1,1,1,1,1,1,1
1,0.9849788,1,1,1,1,1,1,1,1
1,0.9805124,1,1,1,1,1,1,1,1
1,0.9760955,1,1,1,1,1,1,1,1
1,0.9717286,1,1,1,1,1,1,1,1
1,0.9674129,1,1,1,1,1,1,1,1
1,0.963148,1,1,1,1,1,1,1,1
1,0.9589367,1,1,1,1,1,1,1,1
1,0.95478,1,1,1,1,1,1,1,1
1,0.9506796,1,1,1,1,1,1,1,1
1,0.9466366,1,1,1,1,1,1,1,1
1,0.9426511,1,1,1,1,1,1,1,1
1,0.9387259,1,1,1,1,1,1,1,1
1,0.9348629,1,1,1,1,1,1,1,1
1,0.9310617,1,1,1,1,1,1,1,1
1,0.9273259,1,1,1,1,1,1,1,1
1,0.9236552,1,1,1,1,1,1,1,1
1,0.9200529,1,1,1,1,1,1,1,1
1,0.9165195,1,1,1,1,1,1,1,1
1,0.9130561,1,1,1,1,1,1,1,1
1,0.9096648,1,1,1,1,1,1,1,1
1,0.9063474,1,1,1,1,1,1,1,1
1,0.9031038,1,1,1,1,1,1,1,1
1,0.8999375,1,1,1,1,1,1,1,1
1,0.8968484,1,1,1,1,1,1,1,1
1,0.8938385,1,1,1,1,1,1,1,2
0.860337,0.8909094,1,1,1,1,1,1,1,2
0.8553093,0.8897328,1,1,1,1,1,1,1,2
0.8504544,0.9715834,1,1,1,1,1,1,1,2
0.8460593,0.9701115,1,1,1,1,1,1,1,2
0.8417662,0.9688406,1,1,1,1,1,1,1,2
0.8375832,0.9677759,1,1,1,1,1,1,1,2
0.8335184,0.9669225,1,1,1,1,1,1,1,2
0.8295776,0.9662834,1,1,1,1,1,1,1,2
0.8257669,0.9658616,1,1,1,1,1,1,1,2
0.8220912,0.9656594,1,1,1,1,1,1,1,2
0.8185576,0.965681,1,1,1,1,1,1,1,2
0.8151704,0.9659279,1,1,1,1,1,1,1,2
0.8119324,0.9664,1,1,1,1,1,1,1,2
0.8088492,0.9671001,1,1,1,1,1,1,1,2
0.8059226,0.9680271,1,1,1,1,1,1,1,2
0.8031556,0.9691812,1,1,1,1,1,1,1,2
0.8005509,1,1,1,1,1,1,1,1,2
0.7980896,1,1,1,1,1,1,1,1,2
0.7957659,1,1,1,1,1,1,1,1,2
0.7935845,1,1,1,1,1,1,1,1,2
0.7915465,1,1,1,1,1,1,1,1,2
0.789655,1,1,1,1,1,1,1,1,2
0.7879108,1,1,1,1,1,1,1,1,2
0.7863166,1,1,1,1,1,1,1,1,2
0.8637047,1,1,1,1,1,1,1,1,2
0.8622141,1,1,1,1,1,1,1,1,2
0.8608111,1,1,1,1,1,1,1,1,2
0.8594977,1,1,1,1,1,1,1,1,2
0.8582729,1,1,1,1,1,1,1,1,2
0.8571402,1,1,1,1,1,1,1,1,2
0.8560983,1,1,1,1,1,1,1,1,2
0.8551493,1,1,1,1,1,1,1,1,2
0.854293,1,1,1,1,1,1,1,1,2
0.8535302,1,1,1,1,1,1,1,1,2
0.8528621,1,1,1,1,1,1,1,1,2
0.8522887,1,1,1,1,1,1,1,1,2
0.8518103,1,1,1,1,1,1,1,1,2
0.8514267,1,1,1,1,1,1,1,1,2
0.8511376,1,1,1,1,1,1,1,1,2
0.8509431,1,1,1,1,1,1,1,1,2
0.8508425,1,1,1,1,1,1,1,1,2
0.8508358,1,1,1,1,1,1,1,1,2
0.8509225,1,1,1,1,1,1,1,1,2
1,1,1,1,1,1,1,1,1,1
1,1,1,1,1,1,1,1,1,1
1,1,1,1,1,1,1,1,1,1
1,1,1,1,1,1,1,1,1,1
1,1,1,1,1,1,1,1,1,1
1,1,1,1,1,1,1,1,1,1
1,1,1,1,1,1,1,1,1,1
1,1,1,1,1,1,1,1,1,1
1,1,1,1,1,1,1,1,1,1
1,1,1,1,1,1,1,1,1,1
1,1,1,1,1,1,1,1,1,1
1,1,1,1,1,1,1,1,1,1
1,1,1,1,1,1,1,1,1,1
1,1,1,1,1,1,1,1,1,1
1,1,1,1,1,1,1,1,1,1
1,1,1,1,1,1,1,1,1,1
1,1,1,1,1,1,1,1,1,1
1,1,1,1,1,1,1,1,1,1
1,1,1,1,1,1,1,1,1,1
1,1,1,1,1,1,1,1,1,1
1,1,1,1,1,1,1,1,1,1
1,1,1,1,1,1,1,1,1,1
1,1,1,1,1,1,1,1,1,1
1,1,1,1,1,1,1,1,1,1
1,1,1,1,1,1,1,1,1,1
1,1,1,1,1,1,1,1,0.9912646,1
1,1,1,1,1,1,1,1,0.9603163,1
1,1,1,1,1,1,1,1,0.9262217,1
1,1,1,1,1,1,1,1,0.8890816,0
1,1,1,1,1,1,1,1,0.8491204,0
1,1,1,1,1,1,1,1,0.8067082,0
1,1,1,1,1,1,1,1,0.7930051,0
1,1,1,1,1,1,1,1,0.7966237,0
1,1,1,1,1,1,1,1,0.8003486,0
1,1,1,1,1,1,1,1,0.8041763,0
1,1,1,1,1,1,1,1,0.8081,0
1,1,1,1,1,1,1,1,0.8121164,0
1,1,1,1,1,1,1,1,0.8162183,0
1,1,1,1,1,1,1,1,0.820399,0
1,1,1,1,1,1,1,1,0.8246547,0
1,1,1,1,1,1,1,1,0.8289785,0
1,1,1,1,1,1,1,1,0.8333656,0
1,1,1,1,1,1,1,1,0.83781,0
1,1,1,1,1,1,1,1,0.842307,0
1,1,1,1,1,1,1,1,0.8468494,0
1,1,1,1,1,1,1,1,0.8514322,0
1,1,1,1,1,1,1,1,0.8560503,0
1,1,1,1,1,1,1,1,0.8606985,0
1,1,1,1,1,1,1,1,0.9671284,1
1,1,1,1,1,1,1,1,0.9701339,1
1,1,1,1,1,1,1,1,0.9730998,1
1,1,1,1,1,1,1,1,0.9760262,1
1,1,1,1,1,1,1,1,0.9789097,1
1,1,1,1,1,1,1,1,0.9817501,1
1,1,1,1,1,1,1,1,0.9845477,1
1,1,1,1,1,1,1,1,0.9872993,1
1,1,1,1,1,1,1,1,0.9900049,1
1,1,1,1,1,1,1,1,0.9926651,1
1,1,1,1,1,1,1,1,0.9952767,1
1,1,1,1,1,1,1,1,0.99784,1
1,1,1,1,1,1,1,1,1,1
1,1,1,1,1,1,1,1,1,1
1,1,1,1,1,1,1,1,1,1
1,1,1,1,1,1,1,1,1,1
1,1,1,1,1,1,1,1,1,1
1,1,1,1,1,1,1,1,1,1
1,1,1,1,1,1,1,1,1,1
1,1,1,1,1,1,1,1,1,1
1,1,1,1,1,1,1,1,1,1
1,1,1,1,1,1,1,1,1,1
1,1,1,1,1,1,1,1,1,1
1,1,1,1,1,1,1,1,1,1
1,1,1,1,1,1,1,1,1,1
1,1,1,1,1,1,1,1,1,1
1,1,1,1,1,1,1,1,1,1
1,1,1,1,1,1,1,1,1,1
1,1,1,1,1,1,1,1,1,1
1,1,1,1,1,1,1,1,1,1
1,1,1,1,1,1,1,1,1,1
1,1,1,1,1,1,1,1,1,1
1,1,1,1,1,1,1,1,1,1
1,1,1,1,1,1,1,1,1,1
1,1,1,1,1,1,1,1,1,1
1,1,1,1,1,1,1,1,1,1
1,1,1,1,1,1,1,1,1,1
1,1,1,1,1,1,1,1,1,1
1,1,1,1,1,1,1,1,1,1
1,1,1,1,1,1,1,1,1,1
1,1,0.7746562,1,1,1,1,1,1,2
1,1,0.7589523,1,1,1,1,1,1,2
1,1,0.7431965,1,1,1,1,1,1,2
1,1,0.7274062,1,1,1,1,1,1,2
1,1,0.7116054,1,1,1,1,1,1,2
1,1,0.6958107,1,1,1,1,1,1,2
1,1,0.6800445,1,1,1,1,1,1,2
1,1,0.6643218,1,1,1,1,1,1,2
1,1,0.6486635,1,1,1,1,1,1,2
1,1,0.6330856,1,1,1,1,1,1,2
1,1,0.6175994,1,1,1,1,1,1,2
1,1,0.602222,1,1,1,1,1,1,2
1,1,0.6054799,1,1,1,1,1,1,2
1,1,0.6117736,1,1,1,1,1,1,2
1,1,0.6181949,1,1,1,1,1,1,2
1,1,0.6247361,1,1,1,1,1,1,2
1,1,0.6313917,1,1,1,1,1,1,2
1,1,0.6381532,1,1,1,1,1,1,2
1,1,0.6450148,1,1,1,1,1,1,2
1,1,1,1,1,1,1,1,1,1
1,1,1,1,1,1,1,1,1,1
1,1,1,1,1,1,1,1,1,1
1,1,1,1,1,1,1,1,1,1
1,1,1,1,1,1,1,1,1,1
1,1,1,1,1,1,1,1,1,1
1,1,1,1,1,1,1,1,1,1
1,1,1,1,1,1,1,1,1,1
1,1,1,1,1,1,1,1,1,1
1,1,1,1,1,1,1,1,1,1
1,1,1,1,1,1,1,1,1,1
1,0.5402158,1,1,1,1,1,1,1,2
1,0.5120968,1,1,1,1,1,1,1,2
1,0.4847581,1,1,1,1,1,1,1,2
1,0.4582714,1,1,1,1,1,1,1,2
1,0.4326875,1,1,1,1,1,1,1,2
1,0.408039,1,1,1,1,1,1,1,2
1,0.4144925,1,1,1,1,1,1,1,2
1,0.4221038,1,1,1,1,1,1,1,2
1,0.4301455,1,1,1,1,1,1,1,2
1,0.4386128,1,1,1,1,1,1,1,2
1,0.4474979,1,1,1,1,1,1,1,2
1,0.4567922,1,1,1,1,1,1,1,2
1,1,1,1,1,1,1,1,1,1
1,1,1,1,1,1,1,1,1,1
0.4594693,1,1,1,1,1,1,1,1,2
0.4130113,1,1,1,1,1,1,1,1,2
0.3709986,1,1,1,1,1,1,1,1,2
0.3594187,1,1,1,1,1,1,1,1,2
0.3656451,1,1,1,1,1,1,1,1,2
0.3724012,1,1,1,1,1,1,1,1,2
0.3797139,1,1,1,1,1,1,1,1,2
0.3876074,1,1,1,1,1,1,1,1,2
0.3961101,1,1,1,1,1,1,1,1,2
1,1,1,1,1,1,1,1,1,1
1,1,1,1,1,1,1,1,1,1
1,1,1,1,1,1,1,1,1,1
1,1,1,1,1,1,1,1,1,1
1,1,1,1,1,1,1,1,1,1
1,1,1,1,1,1,1,1,1,1
1,1,1,1,1,1,1,1,1,1
1,1,1,1,1,1,1,1,1,1
1,1,1,1,1,1,1,1,1,1
1,1,1,1,1,1,1,1,1,1
1,1,1,1,1,1,1,1,1,1
1,1,1,1,1,1,1,1,1,1
1,1,1,1,1,1,1,1,1,1
1,1,1,1,1,1,1,1,1,1
1,1,1,1,1,1,1,1,1,1
1,1,1,1,1,1,1,1,1,1
1,1,1,1,1,1,1,1,1,1
1,1,1,1,1,1,1,1,1,1
1,1,1,1,1,1,1,1,1,1
1,1,1,1,1,1,1,1,1,1
1,1,1,1,1,1,1,1,1,1
1,1,1,1,1,1,1,1,1,1
1,1,1,1,1,1,1,1,1,1
1,1,1,1,1,1,1,1,1,1
1,1,1,1,1,1,1,1,1,1
1,1,1,1,1,1,1,1,1,1
1,1,1,1,1,1,1,1,1,1
1,1,1,1,1,1,1,1,1,1
1,1,1,1,1,1,1,1,1,1
1,1,1,1,1,1,1,1,1,1
1,1,1,1,1,1,1,1,1,1
1,1,1,1,1,1,1,1,1,1
1,1,1,1,1,1,1,1,1,1
1,1,1,1,1,1,1,1,1,1
1,1,1,1,1,1,1,1,1,1
1,1,1,1,1,1,1,1,1,1
1,1,1,1,1,1,1,1,1,1
1,1,1,1,1,1,1,1,1,1
1,1,1,1,1,1,1,1,1,1
1,1,1,1,1,1,1,1,1,1
1,1,1,1,1,1,1,1,1,1
1,1,1,1,1,1,1,1,1,1
1,1,1,1,1,1,1,1,1,1
1,1,1,1,1,1,1,1,1,1
1,1,1,1,1,1,1,1,1,1
1,1,1,1,1,1,1,1,1,1
1,1,1,1,1,1,1,1,1,1
1,1,1,1,1,1,1,1,1,1
1,1,1,1,1,1,1,1,1,1
1,1,1,1,1,1,1,1,1,1
1,1,1,1,1,1,1,1,1,1
1,1,1,1,1,1,1,1,1,1
1,1,1,1,1,1,1,1,1,1
1,1,1,1,1,1,1,1,1,1
1,1,1,0.9909712,1,1,1,1,1,1
1,1,1,0.9813703,1,1,1,1,1,1
1,1,1,0.9717614,1,1,1,1,1,1
1,1,1,0.9621446,1,1,1,1,1,1
1,1,1,0.9525169,1,1,1,1,1,1
1,0.9997319,1,0.9428821,1,1,1,1,1,1
1,0.9887818,1,0.9332411,1,1,1,1,1,1
1,0.9777161,1,0.9236258,1,1,1,1,1,1
1,0.9665374,1,0.9140358,1,1,1,1,1,1
1,0.9552476,1,0.9044704,1,1,1,1,1,1
1,0.9438506,1,0.8949293,1,1,1,1,1,1
1,0.9323535,1,0.8854151,1,1,1,1,1,1
1,0.9345092,1,0.8759272,1,1,1,1,1,1
1,0.9415841,1,0.8664234,1,1,1,1,1,1
1,0.948346,1,0.8568934,1,1,1,1,1,1
1,0.9547935,1,0.8473355,1,1,1,1,1,1
1,0.9609292,1,0.8377517,1,1,1,1,1,1
1,0.9667572,1,0.828144,1,1,1,1,1,1
1,0.9722824,1,0.818514,1,1,1,1,1,1
1,0.9775105,1,0.8088606,1,1,1,1,1,1
1,0.9824476,1,0.7991859,1,1,1,1,1,1
1,0.9871011,1,0.7894948,1,1,1,1,1,1
1,0.9914786,1,0.7797861,1,1,1,1,1,1
1,0.9955857,1,0.7700586,1,1,1,1,1,1
1,0.9994363,1,0.7603171,1,1,1,1,1,1
1,1,1,0.7505636,1,1,1,1,1,1
1,1,1,0.7408035,1,1,1,1,1,1
1,1,0.7297324,0.7310416,1,1,1,1,1,1
1,1,0.7201533,0.7214177,1,1,1,1,1,1
1,1,0.710574,0.711794,1,1,1,1,1,1
1,1,0.7009946,0.7021704,1,1,1,1,1,1
1,1,0.691415,0.6925472,1,1,1,1,1,1
1,1,0.6818351,0.6829242,1,1,1,1,1,1
1,1,0.672255,0.6733015,1,1,1,1,1,1
1,1,0.6626746,0.6636791,1,1,1,1,1,1
1,1,0.6530908,0.654054,1,1,1,1,1,1
1,1,0.6435068,0.6444294,1,1,1,1,1,1
1,1,0.6339223,0.6348051,1,1,1,1,1,1
0.991645,1,0.6243376,0.6251814,1,1,1,1,1,1
0.9738556,1,0.6147295,0.6155828,1,1,1,1,1,1
0.9551638,1,0.6050777,0.6060385,1,1,1,1,1,1
0.9356125,1,0.5953847,0.5965477,1,1,1,1,1,1
0.9152619,1,0.5856567,0.5871131,1,1,1,1,1,1
0.8941849,1,0.5759012,0.5777377,1,1,1,1,1,1
0.87246,1,0.5661232,0.5684216,1,1,1,1,1,1
0.8501804,1,0.5563321,0.5591678,1,1,1,1,1,2
0.8274463,1,0.5465373,0.5499795,1,1,1,1,1,2
0.8043636,1,0.5367491,0.5408596,1,1,1,1,1,2
0.7810338,1,0.5269747,0.531808,1,1,1,1,1,2
0.7575641,1,0.5172243,0.5228266,1,1,1,1,1,2
0.7454913,1,0.5075051,1,1,1,1,1,1,2
0.7554457,1,0.497719,1,1,1,1,1,1,2
0.7654161,1,0.4880566,1,1,1,1,1,1,2
0.7753794,1,0.4785017,1,1,1,1,1,1,2
0.7853097,1,0.4690429,1,1,1,1,1,1,2
0.795188,1,0.4596667,1,1,1,1,1,1,2
0.8049903,1,0.4503643,1,1,1,1,1,1,2
0.8147003,1,0.4411245,1,1,1,1,1,1,2
0.8242986,1,0.4319406,1,1,1,1,1,1,2
0.8337712,1,0.4228037,1,1,1,1,1,1,2
0.8431016,0.4573204,0.4137087,1,1,1,1,1,1,2
0.8594359,0.4442952,0.4047114,1,1,1,1,1,1,2
0.8757501,0.4318017,0.3958512,1,1,1,1,1,1,2
0.8919786,0.41978,0.3871036,1,1,1,1,1,1,2
0.9080612,0.4081761,0.3784478,1,1,1,1,1,1,2
0.9239432,0.3969424,0.369866,1,1,1,1,1,1,2
0.9395773,0.3860364,1,1,1,1,1,1,1,2
0.9567125,0.3751649,1,1,1,1,1,1,1,2
0.9738445,0.3645658,1,1,1,1,1,1,1,2
0.9909293,0.3542165,1,1,1,1,1,1,1,2
1,0.3440899,1,1,1,1,1,1,1,2
1,0.3341425,1,1,1,1,1,1,1,2
1,0.3243364,1,1,1,1,1,1,1,2
1,0.3146704,1,1,1,1,1,1,1,2
0.3913869,0.3051366,1,1,1,1,1,1,1,2
0.3734702,0.2947491,1,1,1,1,1,1,1,2
0.3564978,0.2847328,1,1,1,1,1,1,1,2
0.3404101,0.2750754,1,1,1,1,1,1,1,2
0.3251492,0.2657628,1,1,1,1,1,1,1,2
0.3106627,0.2567815,1,1,1,1,1,1,1,2
0.2969028,0.3267284,1,1,1,1,1,1,1,2
0.2838259,0.4198151,1,1,1,1,1,1,1,2
0.2715517,1,1,1,1,1,1,1,1,2
0.2604026,1,1,1,1,1,1,1,1,2
0.2496956,1,1,1,1,1,1,1,1,2
0.2394081,1,1,1,1,1,1,1,1,2
0.2295181,1,1,1,1,1,1,1,1,2
0.2223209,1,1,1,1,1,1,1,1,2
0.2455387,1,1,1,1,1,1,1,1,2
0.2699781,1,1,1,1,1,1,1,1,2
0.2956155,1,1,1,1,1,1,1,1,2
0.3224148,1,1,1,1,1,1,1,1,2
0.3503358,1,1,1,1,1,1,1,1,2
0.3793175,1,1,1,1,1,1,1,1,2
0.4092949,1,1,1,1,1,1,1,1,2
1,1,1,1,1,1,1,1,1,1
1,1,1,1,1,1,1,1,1,1
1,1,1,1,1,1,1,1,1,1
1,1,1,1,1,1,1,1,1,1
1,1,1,1,1,1,1,1,1,1
1,1,1,1,1,1,1,1,1,1
1,1,1,1,1,1,1,1,1,1
1,1,1,1,1,1,1,1,1,1
1,1,1,1,1,1,1,1,1,1
1,1,1,1,1,1,1,1,1,1
1,1,1,1,1,1,1,1,1,1
1,1,1,1,1,1,1,1,1,1
1,1,1,1,1,1,1,1,1,1
1,1,1,1,1,1,1,1,1,1
1,1,1,1,1,1,1,1,1,1
1,1,1,1,1,1,1,1,1,1
1,1,1,1,1,1,1,1,1,1
1,1,1,1,1,1,1,1,1,1
1,1,1,1,1,1,1,1,1,1
1,1,1,1,1,1,1,1,1,1
1,1,1,1,1,1,1,1,1,1
1,1,1,1,1,1,1,1,1,1
1,1,1,1,1,1,1,1,1,1
1,1,1,1,1,1,1,1,1,1
1,1,1,1,1,1,1,1,1,1
1,1,1,1,1,1,1,1,1,1
1,1,1,1,1,1,1,1,1,1
1,1,1,1,1,1,1,1,1,1
1,1,1,1,1,1,1,1,1,1
1,1,1,1,1,1,1,1,1,1
1,1,1,1,1,1,1,1,1,1
1,1,1,1,1,1,1,1,1,1
1,1,1,1,1,1,1,1,1,1
1,1,1,1,1,1,1,1,1,1
1,1,1,1,1,1,1,1,1,1
1,1,1,1,1,1,1,1,1,1
1,1,1,1,1,1,1,1,1,1
1,1,1,1,1,1,1,1,1,1
1,1,1,1,1,1,1,1,1,1
1,1,1,1,1,1,1,1,1,1
1,1,1,1,1,1,1,1,1,1
1,1,1,1,1,1,1,1,1,1
1,1,1,1,1,1,1,1,1,1
1,1,1,1,1,1,1,1,1,1
1,1,1,1,1,1,1,1,1,1
1,1,1,1,1,1,1,1,1,1
1,1,1,1,1,1,1,1,1,1
1,1,1,1,1,1,1,1,1,1
1,1,1,1,1,1,1,1,1,1
1,1,1,1,1,1,1,1,1,1
1,1,1,1,1,1,1,1,1,1
1,1,1,1,1,1,1,1,1,1
1,1,1,1,1,1,1,1,1,1
1,1,1,1,1,1,1,1,1,1
1,1,1,1,1,1,1,1,1,1
1,1,1,1,1,1,1,1,1,1
1,1,1,1,1,1,1,1,1,1
1,1,1,1,1,1,1,1,1,1
1,1,1,1,1,1,1,1,1,1
1,1,1,1,1,1,1,1,1,1
1,1,1,1,1,1,1,1,1,1
1,1,1,1,1,1,1,1,1,1
1,1,1,1,1,1,1,1,1,1
1,1,1,1,1,1,1,1,1,1
1,1,1,1,1,1,1,1,1,1
1,1,1,1,1,1,1,1,1,1
1,1,1,1,1,1,1,1,1,1
1,1,1,1,1,1,1,1,1,1
1,1,1,1,1,1,1,1,1,1
1,1,1,1,1,1,1,1,1,1
1,1,1,1,1,1,1,1,1,1
1,1,1,1,1,1,1,1,1,1
1,1,1,1,1,1,1,1,1,1
1,1,1,1,1,1,1,1,1,1
1,1,1,1,1,1,1,1,1,1
1,1,1,1,1,1,1,1,1,1
1,1,1,1,1,1,1,1,1,1
1,1,1,1,1,1,1,1,1,1
1,1,1,1,1,1,1,1,1,1
1,1,1,1,1,1,1,1,1,1
1,1,1,1,1,1,1,1,1,1
1,1,1,1,1,1,1,1,1,1
1,1,1,1,1,1,1,1,1,1
1,1,1,1,1,1,1,1,1,1
1,1,1,1,1,1,1,1,1,1
1,1,1,1,1,1,1,1,1,1
1,1,1,1,1,1,1,1,1,1
1,1,1,1,1,1,1,1,1,1
1,1,1,1,1,1,1,1,1,1
1,1,1,1,1,1,1,1,1,1
1,1,1,1,1,1,1,1,1,1
1,1,1,1,1,1,1,1,1,1
1,1,1,1,1,1,1,1,1,1
1,1,1,1,1,1,1,1,1,1
1,1,1,1,1,1,1,1,1,1
1,1,1,1,1,1,1,1,1,1
1,1,1,1,1,1,1,1,1,1
1,1,1,1,1,1,1,1,1,1
1,1,1,1,1,1,1,1,1,1
1,1,1,1,1,1,1,1,1,1
1,1,1,1,1,1,1,1,1,1
1,1,1,1,1,1,1,1,1,1
1,1,1,1,1,1,1,1,1,1
1,1,1,1,1,1,1,1,1,1
1,1,1,1,1,1,1,1,1,1
1,1,1,1,1,1,1,1,1,1
1,1,1,1,1,1,1,1,1,1
1,1,1,1,1,1,1,1,1,1
1,1,1,1,1,1,1,1,1,1
1,1,1,1,1,1,1,1,1,1
1,1,1,1,1,1,1,1,1,1
1,1,1,1,1,1,1,1,1,1
1,1,1,1,1,1,1,1,1,1
1,1,1,1,1,1,1,1,1,1
1,1,1,1,1,1,1,1,1,1
1,1,1,1,1,1,1,1,1,1
1,1,1,1,1,1,1,1,1,1
1,1,1,1,1,1,1,1,1,1
1,1,1,1,1,1,1,1,1,1
1,1,1,1,1,1,1,1,1,1
1,1,1,1,1,1,1,1,1,1
1,1,1,1,1,1,1,1,1,1
1,1,1,1,1,1,1,1,1,1
1,1,1,1,1,1,1,1,1,1
1,1,1,1,1,1,1,1,1,1
1,1,1,1,1,1,1,1,1,1
1,1,1,1,1,1,1,1,1,1
1,1,1,1,1,1,1,1,1,1
1,1,1,1,1,1,1,1,1,1
1,1,1,1,1,1,1,1,1,1
1,1,1,1,1,1,1,1,1,1
1,1,1,1,1,1,1,1,1,1
1,1,1,1,1,1,1,1,1,1
1,1,1,1,1,1,1,1,1,1
1,1,1,1,1,1,1,1,1,1
1,1,1,1,1,1,1,1,1,1
1,1,1,1,1,1,1,1,1,1
1,1,1,1,1,1,1,1,1,1
1,1,1,1,1,1,1,1,1,1
1,1,1,1,1,1,1,1,1,1
1,1,1,1,1,1,1,1,1,1
1,1,1,1,1,1,1,1,1,1
1,1,1,1,1,1,1,1,1,1
1,1,1,1,1,1,1,1,1,1
1,1,1,1,1,1,1,1,1,1
1,1,1,1,1,1,1,1,1,1
1,1,1,1,1,1,1,1,1,1
1,1,1,1,1,1,1,1,1,1
1,1,1,1,1,1,1,1,1,1
1,1,1,1,1,1,1,1,1,1
1,1,1,1,1,1,1,1,1,1
1,1,1,1,1,1,1,1,1,1
1,1,1,1,1,1,1,1,1,1
1,1,1,1,1,1,1,1,1,1
1,1,1,1,1,1,1,1,1,1
1,1,1,1,1,1,1,1,1,1
1,1,1,1,1,1,1,1,1,1
1,1,1,1,1,1,1,1,1,1
1,1,1,1,1,1,1,1,1,1
1,1,1,1,1,1,1,1,1,1
1,1,1,1,1,1,1,1,1,1
1,1,1,1,1,1,1,1,1,1
1,1,1,1,1,1,1,1,1,1
1,1,1,1,1,1,1,1,1,1
1,1,1,1,1,1,1,1,1,1
1,1,1,1,1,1,1,0.9904807,1,1
1,1,1,1,1,1,1,0.9794682,1,1
1,1,1,1,1,1,1,0.9800224,1,1
1,1,1,1,1,1,1,0.9805725,1,1
1,1,1,1,1,1,1,0.9811168,1,1
1,1,1,1,1,1,1,0.9816553,1,1
1,1,1,1,1,1,1,0.958006,1,1
1,1,1,1,1,1,1,0.9410152,1,1
1,1,1,1,1,1,1,0.9234916,1,1
1,1,1,1,1,1,1,0.9054591,1,1
1,1,1,1,1,1,1,0.886947,1,1
1,1,1,1,1,1,1,0.8679951,1,1
1,1,1,1,1,1,1,0.8486378,1,0
1,1,1,1,1,1,1,0.8289196,1,0
1,1,1,1,1,1,1,0.8088927,1,0
1,1,1,1,1,1,1,0.7886037,1,0
1,1,1,1,1,1,1,0.7681106,1,0
1,1,1,1,1,1,1,0.7474679,1,0
1,1,1,1,1,1,1,0.7267359,1,0
1,1,1,1,1,1,1,0.7059653,1,0
1,1,1,1,1,1,1,0.6852146,1,0
1,1,1,1,1,1,1,0.6645401,1,0
1,1,1,1,1,1,1,0.6439914,1,0
1,1,1,1,1,1,1,0.6325167,1,0
1,1,1,1,1,1,1,0.6413095,1,0
1,1,1,1,1,1,1,0.650267,1,0
1,1,1,1,1,1,1,0.6593763,1,0
1,1,1,1,1,1,1,0.6686226,0.927816,0
1,1,1,1,1,1,1,0.680198,0.8784578,0
1,1,1,1,1,1,1,0.6935731,0.8436653,0
1,1,1,1,1,1,1,0.7084116,0.8513681,0
1,1,1,1,1,1,1,0.7233456,0.8323269,0
1,1,1,1,1,1,1,0.7392881,0.7888335,0
1,1,1,1,1,1,1,0.7572184,0.7463174,0
1,1,1,1,1,1,1,0.7772653,0.7051055,0
1,1,1,1,1,1,1,1,0.6654505,0
1,1,1,1,1,1,1,1,0.6326598,0
1,1,1,1,1,1,1,1,0.6002704,0
1,1,1,1,1,1,1,1,0.5684907,0
1,1,1,1,1,1,1,1,0.5630249,0
1,1,1,1,1,1,1,1,0.5726382,0
1,1,1,1,1,1,1,1,0.5825613,0
1,1,1,1,1,1,1,1,0.5927778,0
1,1,1,1,1,1,1,1,0.6032724,0
1,1,1,1,1,1,1,1,0.6140289,0
1,1,1,1,1,1,1,1,0.6250283,0
1,1,1,1,1,1,1,1,0.6362527,0
1,1,1,1,1,1,1,1,0.6476818,0
1,1,1,1,1,1,1,1,0.6592964,0
1,1,1,1,1,1,1,1,0.6710768,0
1,1,1,1,1,1,1,1,0.6830028,0
1,1,1,1,1,1,1,1,0.6950537,0
1,0.9984466,1,1,1,1,1,1,0.7072082,0
1,0.9916851,1,1,1,1,1,1,1,1
1,0.9870016,1,1,1,1,1,1,1,1
1,1,1,1,1,1,1,1,1,1
1,1,1,1,1,1,1,1,1,1
1,1,1,1,1,1,1,1,1,1
1,1,1,1,1,1,1,1,1,1
1,1,1,1,1,1,1,1,1,1
0.9598463,1,1,1,1,1,1,1,1,1
0.9547504,1,1,1,1,1,1,1,1,1
0.949634,1,1,1,1,1,1,1,1,1
0.9445004,1,1,1,1,1,1,1,1,1
0.9393529,1,1,1,1,1,1,1,1,1
0.9341962,1,1,1,1,1,1,1,1,1
0.9290339,1,1,1,1,1,1,1,1,1
0.9238699,1,1,1,1,1,1,1,1,1
0.9187077,1,1,1,1,1,1,1,1,1
0.9135512,1,1,1,1,1,1,1,1,1
0.9084061,1,1,1,1,1,1,1,1,1
0.9032763,1,1,1,1,1,1,1,1,1
0.8981677,1,1,0.9918828,1,1,1,1,1,2
0.8930532,1,1,0.9793611,1,1,1,1,1,2
0.8879262,1,1,0.9787728,1,1,1,1,1,2
0.8828412,1,1,0.9785973,1,1,1,1,1,2
0.8778062,1,1,0.9788348,1,1,1,1,1,2
0.8728274,1,1,0.9794849,1,1,1,1,1,2
0.8679125,1,1,0.9805499,1,1,1,1,1,2
0.8630655,1,1,0.9820269,1,1,1,1,1,2
0.8582937,1,1,0.9839188,1,1,1,1,1,2
0.8536006,1,1,0.9862243,1,1,1,1,1,2
0.8489926,1,1,0.9889466,1,1,1,1,1,2
0.8444746,1,1,0.9920877,1,1,1,1,1,2
0.8400493,1,1,0.9956468,1,1,1,1,1,2
0.8357207,1,0.994814,0.9996255,1,1,1,1,1,2
0.8314803,1,0.974133,1,1,1,1,1,1,2
0.8987858,1,0.9529837,1,1,1,1,1,1,2
1,1,0.9342366,1,1,1,1,1,1,1
1,1,0.9190907,1,1,1,1,1,1,1
1,1,0.9035962,1,1,1,1,1,1,1
1,1,0.8877641,1,1,1,1,1,1,1
1,1,0.8716203,1,1,1,1,1,1,1
1,1,0.855185,1,1,1,1,1,1,2
1,1,0.8384808,1,1,1,1,1,1,2
1,1,0.8215367,1,1,1,1,1,1,2
1,1,0.8043786,1,1,1,1,1,1,2
1,1,0.7870429,1,1,1,1,1,1,2
1,1,0.769554,1,1,1,1,1,1,2
1,1,0.7519493,1,1,1,1,1,1,2
1,1,0.7342588,1,1,1,1,1,1,2
1,1,0.7165158,1,1,1,1,1,1,2
1,1,0.7062308,1,1,1,1,1,1,2
1,1,0.7086791,1,1,1,1,1,1,2
1,1,0.7112198,1,1,1,1,1,1,2
1,1,0.7138513,1,1,1,1,1,1,2
1,1,0.7165676,1,1,1,1,1,1,2
1,1,0.7193668,1,1,1,1,1,1,2
1,1,0.7222453,1,1,1,1,1,1,2
1,1,0.725202,1,1,1,1,1,1,2
1,1,0.7282301,1,1,1,1,1,1,2
1,1,0.7313285,1,1,1,1,1,1,2
1,1,0.7344933,1,1,1,1,1,1,2
1,1,0.737718,1,1,1,1,1,1,2
1,1,0.7410039,1,1,1,1,1,1,2
1,1,0.7443445,1,1,1,1,1,1,2
1,1,0.8935898,1,1,1,1,1,1,1
1,1,0.8937408,1,1,1,1,1,1,1
1,0.7430033,0.8939273,1,1,1,1,1,1,2
1,0.7084713,0.9064107,1,1,1,1,1,1,2
1,0.6744319,0.9375895,1,1,1,1,1,1,2
1,0.6414801,0.9538504,1,1,1,1,1,1,2
1,0.6093174,0.9722475,1,1,1,1,1,1,2
1,0.5780783,0.9928831,1,1,1,1,1,1,2
1,0.5478575,1,1,1,1,1,1,1,2
1,0.5184702,1,1,1,1,1,1,1,2
1,0.5224686,1,1,1,1,1,1,1,2
1,0.5281765,1,1,1,1,1,1,1,2
1,0.5342041,1,1,1,1,1,1,1,2
1,0.5405446,1,1,1,1,1,1,1,2
1,0.5471891,1,1,1,1,1,1,1,2
1,0.5541279,1,1,1,1,1,1,1,2
1,0.561353,1,1,1,1,1,1,1,2
1,0.5688539,1,1,1,1,1,1,1,2
1,0.5766217,1,1,1,1,1,1,1,2
0.6210562,0.5846447,1,1,1,1,1,1,1,2
0.5559555,0.7176987,1,1,1,1,1,1,1,2
0.4982333,0.7347487,1,1,1,1,1,1,1,2
0.4600338,0.7531952,1,1,1,1,1,1,1,2
0.4657606,0.7872242,1,1,1,1,1,1,1,2
0.4720276,0.8091658,1,1,1,1,1,1,1,2
0.4788552,0.8329127,1,1,1,1,1,1,1,2
0.4862656,1,1,1,1,1,1,1,1,2
0.4937872,1,1,1,1,1,1,1,1,2
0.5017242,1,1,1,1,1,1,1,1,2
0.5100661,1,1,1,1,1,1,1,1,2
0.5188034,1,1,1,1,1,1,1,1,2
0.5279224,1,1,1,1,1,1,1,1,2
0.6499461,1,1,1,1,1,1,1,1,2
0.6479753,1,1,1,1,1,1,1,1,2
0.657526,1,1,1,1,1,1,1,1,2
0.6672714,1,1,1,1,1,1,1,1,2
0.6771931,1,1,1,1,1,1,1,1,2
0.6872765,1,1,1,1,1,1,1,1,2
0.7092088,1,1,1,1,1,1,1,1,2
0.7194332,1,1,1,1,1,1,1,1,2
0.7297505,1,1,1,1,1,1,1,1,2
0.7401474,1,1,1,1,1,1,1,1,2
0.7506041,1,1,1,1,1,1,1,1,2
0.7611066,1,1,1,1,1,1,1,1,2
1,1,1,1,1,1,1,1,1,1
1,1,1,1,1,1,1,1,1,1
1,1,1,1,1,1,1,1,1,1
1,1,1,1,1,1,1,1,1,1
1,1,1,1,1,1,1,1,1,1
1,1,1,1,1,1,1,1,1,1
1,1,1,1,1,1,1,1,1,1
1,1,1,1,1,1,1,1,1,1
1,1,1,1,1,1,1,1,1,1
1,1,1,1,1,1,1,1,1,1
1,1,1,1,1,1,1,1,1,1
1,1,1,1,1,1,1,1,1,1
1,1,1,1,1,1,1,1,1,1
1,1,1,1,1,1,1,1,1,1
1,1,1,1,1,1,1,1,1,1
1,1,1,1,1,1,1,1,1,1
1,1,1,1,1,1,1,1,1,1
1,1,1,1,1,1,1,1,1,1
1,1,1,1,1,1,1,1,1,1
1,1,1,1,1,1,1,1,1,1
1,1,1,1,1,1,1,1,1,1
1,1,1,1,1,1,1,1,1,1
1,1,1,1,1,1,1,1,1,1
1,1,1,1,1,1,1,1,1,1
1,1,1,1,1,1,1,1,1,1
1,1,1,1,1,1,1,1,1,1
1,1,1,1,1,1,1,1,1,1
1,1,1,1,1,1,1,1,1,1
1,1,1,1,1,1,1,1,1,1
1,1,1,1,1,1,1,1,1,1
1,1,1,1,1,1,1,1,1,1
1,1,1,1,1,1,1,1,1,1
1,1,1,1,1,1,1,1,1,1
1,1,1,1,1,1,1,1,1,1
1,1,1,1,1,1,1,1,1,1
1,1,1,1,1,1,1,1,1,1
1,1,1,1,1,1,1,1,1,1
1,1,1,1,1,1,1,1,1,1
1,1,1,1,1,1,1,1,1,1
1,1,1,1,1,1,1,1,1,1
1,1,1,1,1,1,1,1,1,1
1,1,1,1,1,1,1,1,1,1
1,1,1,1,1,1,1,1,1,1
1,1,1,1,1,1,1,1,1,1
1,1,1,1,1,1,1,1,1,1
1,1,1,1,1,1,1,1,1,1
1,1,1,1,1,1,1,1,1,1
1,1,1,1,1,1,1,1,1,1
1,1,1,1,1,1,1,1,1,1
1,1,1,1,1,1,1,1,1,1
1,1,1,1,1,1,1,1,1,1
1,1,1,1,1,1,1,1,1,1
1,1,1,1,1,1,1,1,1,1
1,1,1,1,1,1,1,1,1,1
1,1,1,1,1,1,1,1,1,1
1,1,1,1,1,1,1,1,1,1
1,1,1,1,1,1,1,1,1,1
1,1,1,1,1,1,1,1,1,1
1,1,1,1,1,1,1,1,1,1
1,1,1,1,1,1,1,1,1,1
1,1,1,1,1,1,1,1,1,1
1,1,1,1,1,1,1,1,1,1
1,1,1,1,1,1,1,1,1,1
1,1,1,1,1,1,1,1,1,1
1,1,1,1,1,1,1,1,1,1
1,1,1,1,1,1,1,1,1,1
1,1,1,1,1,1,1,1,1,1
1,1,1,1,1,1,1,1,1,1
1,1,1,1,1,1,1,1,1,1
1,1,1,1,1,1,1,1,1,1
1,1,1,1,1,1,1,1,1,1
1,1,1,1,1,1,1,1,1,1
1,1,1,1,1,1,1,1,1,1
1,1,1,1,1,1,1,1,1,1
1,1,1,1,1,1,1,1,1,1
1,1,1,1,1,1,1,1,1,1
1,1,1,1,1,1,1,1,1,1
1,1,1,1,1,1,1,1,1,1
1,1,1,1,1,1,1,1,1,1
1,1,1,1,1,1,1,1,1,1
1,1,1,1,1,0.9924124,1,1,1,1
1,1,1,1,1,0.9812091,1,1,1,1
1,1,1,1,1,0.9698192,1,1,1,1
1,1,1,1,1,0.9582471,1,1,1,1
1,1,1,1,1,0.946498,1,1,1,1
1,1,1,1,1,0.9345741,1,1,1,1
1,1,1,1,1,0.9224822,1,1,1,1
1,1,1,1,1,0.910226,1,1,1,1
1,1,1,1,1,0.8978139,1,1,1,1
1,1,1,1,1,0.8852547,1,1,1,1
1,1,1,1,1,0.8725545,1,1,1,1
1,1,0.9968543,1,1,0.8597233,1,1,1,1
1,1,0.9877725,1,1,0.846773,1,1,1,1
1,1,0.9786905,1,1,0.842371,1,1,1,1
1,1,0.9696064,1,1,0.8397564,1,1,1,1
1,1,0.9605191,1,1,0.8372216,1,1,1,1
1,1,0.9514286,1,1,0.8347598,1,1,1,1
1,1,0.9423344,1,1,0.832369,1,1,1,1
1,1,0.9332392,1,1,0.8300395,1,1,1,1
1,1,0.9241396,1,1,0.8277691,1,1,1,1
1,1,0.9150349,1,1,0.8255523,1,1,1,1
1,1,0.9059277,1,1,0.8233837,1,1,1,1
1,1,0.8968142,1,1,0.8212547,1,1,1,1
1,1,0.8876938,1,1,0.8191636,1,1,1,1
1,0.9975885,0.8785689,1,1,0.817105,1,1,1,1
1,0.9889575,0.869436,1,1,0.8150069,1,1,1,1
1,0.9801823,0.8602837,1,1,1,1,1,1,1
1,0.9691067,0.8508905,1,1,1,1,1,1,1
1,0.9579195,0.8414914,1,1,1,1,1,1,1
1,0.9466232,0.8320845,1,1,1,1,1,1,1
1,0.9352279,0.8226739,1,1,1,1,1,1,1
1,0.9237403,0.8132612,1,1,1,1,1,1,1
1,0.9121679,0.803848,1,1,1,1,1,1,1
1,0.9005221,0.7944388,1,1,1,1,1,1,1
1,0.8888106,0.7850354,1,1,1,1,1,1,1
1,0.8770423,0.7756394,1,1,1,1,1,1,1
1,0.8652287,0.7662557,1,1,1,1,1,1,1
1,0.8533786,0.7568861,1,1,1,1,1,1,1
1,0.8415008,0.8352857,1,1,1,1,1,1,1
1,0.8296704,1,1,1,1,1,1,1,1
1,0.8179399,1,1,1,1,0.6599416,1,1,0
1,0.8105299,1,1,1,1,0.6411167,1,1,0
1,0.8032119,1,1,1,1,0.6223577,1,1,0
1,0.79598,0.9384872,1,1,1,0.6036956,1,1,0
1,0.7887591,0.8816292,1,1,1,0.5852461,1,1,0
1,0.7815305,0.8349331,1,1,1,0.5670437,1,1,0
1,0.7742805,0.795873,1,1,1,0.5491012,1,1,0
1,0.766995,0.7627054,1,1,1,0.531428,1,1,0
1,0.7596599,0.7342286,1,1,1,0.5140297,1,1,0
1,0.7522615,0.7095344,1,1,1,0.4969091,1,1,0
1,0.7447896,0.6879689,1,1,1,0.4837991,1,1,0
1,0.7371812,0.6696041,1,1,1,0.4832924,1,1,0
1,0.7292669,0.6556731,1,1,1,0.4826232,1,1,0
1,0.7210525,0.6452043,1,1,1,0.4817903,1,1,0
1,0.7125492,0.637507,1,1,1,0.4807925,1,1,0
1,0.7037687,0.6320679,1,1,1,0.479632,1,1,0
1,0.69472,0.6285242,1,1,1,0.4783067,1,1,0
1,0.6854129,0.6265832,1,1,1,0.4768199,1,1,0
1,0.6758615,0.6260188,1,1,1,0.4751748,1,1,1
1,0.6660799,0.6266638,1,1,1,0.4733731,1,1,1
1,0.6560757,0.6283776,1,1,1,0.4714188,1,1,1
1,0.6458637,0.6310576,1,1,1,0.469314,1,1,1
1,0.6354592,0.634604,1,1,1,1,1,1,2
1,0.6187128,0.6943833,1,1,1,0.4566391,1,1,1
1,0.6085304,0.6952926,1,1,1,1,1,1,2
1,0.5921681,0.7629324,1,1,1,1,1,1,2
1,0.5763093,0.839877,1,1,1,1,1,1,2
1,0.560923,0.9276883,1,1,1,1,1,1,2
1,0.5459796,1,1,1,1,1,1,1,2
1,0.531402,1,1,1,1,1,1,1,2
1,0.5170497,1,1,1,1,1,1,1,2
0.7642099,0.5029304,1,1,1,1,1,0.4221166,1,1
0.7519606,0.4931521,1,1,1,1,1,0.3908752,1,0
0.7400583,0.4834515,1,1,1,1,1,0.3598173,1,0
0.7284693,0.4738183,1,1,1,1,1,0.3290642,1,0
0.7171544,0.4642409,1,1,1,1,1,0.2987284,1,0
0.7060617,0.4547018,1,1,1,1,1,0.2763125,1,0
0.6948308,0.4451058,1,1,1,1,1,0.273651,1,0
0.6826179,0.4352363,1,1,1,1,1,0.270958,1,0
0.6694124,0.4250936,1,1,1,1,1,0.2682219,1,1
0.6552261,0.4146875,1,1,1,1,1,0.2654323,1,1
0.6400733,0.404024,1,1,1,1,1,0.2625809,1,1
0.6239876,0.3931157,1,1,1,1,1,0.2596574,1,1
0.6070157,0.381978,1,1,1,1,1,0.2566557,1,1
0.5892189,0.3706295,1,1,1,1,1,0.2535677,1,1
0.5706648,0.3590876,1,1,1,1,1,0.2503898,1,1
0.551438,0.347376,1,1,1,1,1,0.247118,1,1
0.5316331,0.3424369,1,1,1,1,1,0.2437492,1,1
0.5114801,0.3491783,1,1,1,1,1,0.2402993,0.2214637,0
0.5105389,0.3431881,1,1,1,1,1,0.2395027,0.2186081,0
0.5096506,0.3373522,1,1,1,1,1,1,0.2160532,1
0.4892076,0.3422626,1,1,1,1,1,1,0.2135083,1
0.4684518,0.3474526,1,1,1,1,1,1,0.2109482,1
0.4474548,0.3529343,1,1,1,1,1,1,0.2083701,1
0.4262826,0.3587252,1,1,1,1,1,1,0.2057685,1
0.4050077,0.3648368,1,1,1,1,1,1,0.2031411,1
0.3836879,0.3712827,1,1,1,1,1,1,0.2004839,1
0.3623958,0.3780766,1,1,1,1,1,1,0.197793,1
0.3411824,0.3852287,1,1,1,1,1,1,0.1950661,2
0.320106,0.3927456,1,1,1,1,1,1,0.1923021,2
0.2992189,0.4006394,1,1,1,1,1,1,0.275336,2
0.2769686,0.4112319,1,1,1,1,1,1,1,2
0.2717915,0.430856,1,1,1,1,1,1,1,2
0.2796153,0.4524311,1,1,1,1,1,1,1,2
0.2880321,0.4761895,1,1,1,1,1,1,1,2
0.2970762,0.5024036,1,1,1,1,1,1,1,2
0.3067851,0.5313945,1,1,1,1,1,1,1,2
0.3172005,0.5635432,1,1,1,1,1,1,1,2
0.3283682,0.5993054,1,1,1,1,1,1,1,2
0.3403372,1,1,1,1,1,1,1,1,2
0.3530805,1,1,1,1,1,1,1,1,2
0.3664443,1,1,1,1,1,1,1,1,2
0.3804186,1,1,1,1,1,1,1,1,2
0.3949926,1,1,1,1,1,1,1,1,2
0.4101509,1,1,1,1,1,1,1,1,2
0.4258788,1,1,1,1,1,1,1,1,2
0.442154,1,1,1,1,1,1,1,1,2
0.4589535,1,1,1,1,1,1,1,1,2
0.4762504,1,1,1,1,1,1,1,1,2
0.4940176,1,1,1,1,1,1,1,1,2
0.5122241,1,1,1,1,1,1,1,1,2
0.5308336,1,1,1,1,1,1,1,1,2
0.5498094,1,1,1,1,1,1,1,1,2
1,1,1,1,1,1,1,1,1,1
1,1,1,1,1,1,1,1,1,1
1,1,1,1,1,1,1,1,1,1
1,1,1,1,1,1,1,1,1,1
1,1,1,1,1,1,1,1,1,1
1,1,1,1,1,1,1,1,1,1
1,1,1,1,1,1,1,1,1,1
1,1,1,1,1,1,1,1,1,1
1,1,1,1,1,1,1,1,1,1
1,1,1,1,1,1,1,1,1,1
1,1,1,1,1,1,1,1,1,1
1,1,1,1,1,1,1,1,1,1
1,1,1,1,1,1,1,1,1,1
1,1,1,1,1,1,1,1,1,1
1,1,1,1,1,1,1,1,1,1
1,1,1,1,1,1,1,1,1,1
1,1,1,1,1,1,1,1,1,1
1,1,1,1,1,1,1,1,1,1
1,1,1,1,1,1,1,1,1,1
1,1,1,1,1,1,1,1,1,1
1,1,1,1,1,1,1,1,1,1
1,1,1,1,1,1,1,1,1,1
1,1,1,1,1,1,1,1,1,1
1,1,1,1,1,1,1,1,1,1
1,1,1,1,1,1,1,1,1,1
1,1,1,1,1,1,1,1,1,1
1,1,1,1,1,1,1,1,1,1
1,1,1,1,1,1,1,1,1,1
1,1,1,1,1,1,1,1,1,1
1,1,1,1,1,1,1,1,1,1
1,1,1,1,1,1,1,1,1,1
1,1,1,1,1,1,1,1,1,1
1,1,1,1,1,1,1,1,1,1
1,1,1,1,1,1,1,1,1,1
1,1,1,1,1,1,1,1,1,1
1,1,1,1,1,1,1,1,1,1
1,1,1,1,1,1,1,1,1,1
1,1,1,1,1,1,1,1,1,1
1,1,1,1,1,1,1,1,1,1
1,1,1,1,1,1,1,1,1,1
1,1,1,1,1,1,1,1,1,1
1,1,1,1,1,1,1,1,1,1
1,1,1,1,1,1,1,1,1,1
1,1,1,1,1,1,1,1,1,1
1,1,1,1,1,1,1,1,1,1
1,0.9860997,1,1,1,1,1,1,1,1
1,0.9700261,1,1,1,1,1,1,1,1
1,0.9533852,1,1,1,1,1,1,1,1
1,0.9361919,1,1,1,1,1,1,1,1
0.9964439,0.9184667,1,1,1,1,1,1,1,1
0.9489611,0.9000834,1,1,1,1,1,1,1,2
0.9439688,0.8792661,1,1,1,1,1,1,1,2
0.9458082,0.8578976,1,1,1,1,1,1,1,2
0.947919,0.8476828,1,1,1,1,1,1,1,2
0.9502113,0.8533202,1,1,1,1,1,1,1,2
0.9525378,0.8589215,1,1,1,1,1,1,1,2
0.954892,0.8644778,1,1,1,1,1,1,1,2
0.9572646,0.8699757,1,1,1,1,1,1,1,2
0.9596483,0.8754052,1,1,1,1,1,1,1,2
0.9620363,0.8807567,1,1,1,1,1,1,1,2
0.9644238,0.8860232,1,1,1,1,1,1,1,2
0.9668047,0.8911963,1,1,1,1,1,1,1,2
0.9691718,0.8962658,1,1,1,1,1,1,1,2
0.9715229,0.9012288,1,1,1,1,1,0.9902806,1,1
0.9737313,0.9057724,1,1,1,1,1,0.9782119,1,1
0.9757606,0.9098141,1,1,1,1,1,0.9651366,1,1
0.9775923,0.9133171,1,1,1,1,1,0.9510562,1,1
1,0.9162486,1,1,1,1,1,0.9359778,1,1
1,0.9178073,1,1,1,1,1,0.9188385,1,1
1,0.9187706,1,1,1,1,1,0.9008565,1,1
1,0.9191189,1,1,1,1,1,0.8820723,1,1
1,0.9188417,1,1,1,1,1,0.8625313,1,1
1,0.9179341,1,1,1,1,1,0.8422979,1,1
1,0.9163982,0.9912612,1,1,1,1,0.8214342,1,1
1,0.9143571,0.981913,1,1,1,1,0.8001572,1,1
1,0.9118346,0.9727336,1,1,1,1,0.7785446,1,0
0.9898273,0.9088478,0.9637197,1,1,1,1,0.7566635,1,0
0.972232,0.9057762,0.9547188,1,1,1,1,0.7349876,1,0
0.9534937,0.9028972,0.9456143,0.9974545,1,1,1,0.713824,1,1
0.9333822,0.9002725,0.9363754,0.9679488,1,1,1,0.6932126,1,1
0.9113343,0.8980762,0.9269254,0.9442719,1,1,1,0.6739799,1,1
0.887139,0.8963814,0.9172316,0.9263721,1,1,1,0.6747758,1,1
0.8589618,0.8957933,0.9070311,0.9189892,1,1,1,0.6749181,1,1
0.8269817,0.8963501,0.8963165,0.9218801,1,1,1,0.6743635,1,1
0.7915623,0.8980902,0.8851036,0.9353835,1,1,1,0.673084,1,1
0.7531874,1,0.8734131,0.9604198,1,1,1,0.6710717,1,1
0.7190176,1,0.8623208,0.9729676,1,1,1,0.6698862,1,1
0.6937296,1,0.8507631,0.99787,1,1,1,0.667969,1,1
0.6951519,1,0.8389165,1,1,1,1,0.6655521,1,1
0.6966143,1,0.8271223,1,1,1,1,0.6631263,1,1
0.6981176,1,0.8153779,1,1,1,1,0.6606887,1,1
0.699659,1,0.8036839,1,1,1,1,0.6582437,1,1
0.7012371,1,0.7920375,1,1,1,1,0.6557934,1,1
0.7028503,1,0.7804421,1,1,1,1,0.6533398,1,1
0.7044961,1,0.7688978,1,1,1,1,0.6508865,1,1
0.7061729,1,0.7574044,1,1,0.9908641,1,0.6484347,1,1
0.7078543,1,0.745988,1,1,0.9813299,1,0.6460299,1,1
0.7095344,1,0.7346437,1,1,0.9717484,1,0.6436766,1,1
0.71121,1,0.7233716,1,1,0.962122,1,0.6413752,1,1
0.7128783,1,0.7121686,1,1,0.9524503,1,0.6391258,1,1
0.7145365,1,0.7010314,1,1,0.9427332,1,0.6369286,1,1
0.7161838,1,0.689954,1,1,0.9329678,1,0.6347814,1,1
0.7178161,1,0.6789363,1,1,0.9231575,1,0.6326861,1,1
0.7194313,1,0.6679752,1,1,0.9133031,1,0.6306421,1,1
0.7210277,1,0.6570647,1,1,0.9034023,1,0.6286489,1,1
0.7226032,1,0.6462048,1,1,0.8934594,1,0.626706,1,1
0.7241564,1,0.6353893,1,1,0.8834724,0.9918326,0.624813,1,1
0.7256359,1,0.6246563,1,1,0.873401,0.9808653,0.6230425,1,1
0.72702,1,0.6140082,1,1,0.8632315,0.969668,0.6214201,0.8220023,0
0.7261611,1,0.6049553,1,1,0.851149,0.9539939,0.6231058,0.7231922,0
0.7241207,1,0.5967455,1,1,0.8381985,0.9362324,0.6267424,0.6175075,0
0.7209678,1,0.5894411,1,1,0.8245331,0.916651,0.6325612,0.5232316,0
0.7170107,1,0.5829555,1,1,0.8104979,0.8959589,0.6404923,0.5245601,0
0.713348,1,0.5763662,1,1,0.7970001,0.8763502,0.6486781,0.5261641,0
0.7099575,1,0.5696334,1,1,0.7839904,0.857742,1,0.5280081,0
0.7091734,1,0.559888,1,1,0.7730671,0.8446126,1,0.5284314,0
0.7083737,1,0.550097,1,1,0.7621916,0.8315905,1,0.5289057,0
0.7075607,1,0.5402527,1,1,0.7513607,0.8186749,1,0.5294284,0
0.7067361,1,0.5303546,1,1,0.7528892,0.8058708,1,0.5299969,0
0.7059224,1,0.5203765,1,1,0.7710786,0.7932127,1,0.5305929,1
0.7051438,1,0.5102891,1,1,0.7889148,0.7807384,1,0.5311934,1
0.704398,1,0.5000969,1,1,0.8063057,0.7684333,1,0.5317952,1
0.7036834,1,0.4898046,1,1,0.8231629,0.7562838,1,0.5323949,1
0.7029999,1,0.4794173,1,1,0.8393952,0.7442769,1,0.5329878,1
0.7023429,1,0.4689438,1,1,0.8549477,0.7324041,1,0.5335745,1
0.7017132,1,0.4583864,1,1,0.8697447,0.7206509,1,0.5341508,1
0.7011083,1,0.4477506,1,1,0.8837394,0.7090068,1,0.5347162,1
0.7005278,1,0.4370421,1,1,0.8968844,0.6974622,1,0.5352682,1
0.6999698,1,0.4262664,1,1,0.9091538,0.6860079,1,0.5358069,1
0.6994342,1,0.4154293,1,1,0.920521,0.6746355,1,0.5363301,1
0.6989197,1,0.4045361,1,1,0.9309794,0.6633373,1,0.5368379,1
1,1,0.3935954,1,1,0.9405319,0.6521093,1,0.53733,0
1,1,0.3850224,1,1,1,0.6376193,1,0.5399671,0
0.9162729,1,0.3762136,0.59791,1,1,0.6236464,1,0.5426825,0
1,1,0.3657804,0.5840244,1,1,0.6117879,1,0.5441108,0
1,1,0.355881,0.5635121,1,1,0.5992996,1,0.5461781,0
1,1,0.3457808,0.5455912,1,1,0.5870913,1,0.548213,0
1,1,0.3354882,0.5298347,1,1,0.5751275,1,1,2
1,0.4775746,0.3217757,1,1,1,0.5671529,1,1,2
1,0.4479254,0.3069059,1,1,1,0.5611171,1,1,2
1,0.4200353,0.2957292,1,1,1,0.5552146,1,1,2
1,0.3937473,0.3087237,1,1,0.8343922,0.5494456,1,1,2
1,0.3689228,0.3235832,1,1,0.7432398,0.5438108,1,1,2
1,0.3454345,0.3405963,1,1,0.6691564,0.5383077,1,1,2
1,0.3237417,0.3585608,1,1,0.6119155,0.5324544,1,0.5298678,1
1,0.3097484,0.3585012,1,1,0.6140099,0.5206302,1,1,2
1,0.2896976,0.3774094,1,1,0.5675266,0.51433,1,1,2
1,0.2709336,0.3969299,1,1,0.5300205,0.5075844,1,1,2
1,0.2532427,0.4169191,1,1,0.4991039,0.5003868,1,1,2
1,0.236447,0.4372315,1,1,0.4731497,0.4927377,1,1,2
1,0.2203998,1,1,1,0.4510184,0.4846455,1,1,1
0.3961642,0.2072116,1,1,1,0.4414473,0.4740079,1,1,2
0.3528064,0.2144522,1,1,1,0.4113628,0.4686596,1,1,2
0.3136049,0.2224673,1,1,0.7493792,0.4039297,0.4634086,1,1,2
0.2779932,0.2313219,1,1,0.6600575,0.3966033,0.4582568,1,1,2
0.2454977,0.24109,1,1,0.5871168,0.3893785,0.4532023,1,1,2
0.2160753,0.2515402,1,1,0.5281897,0.3821022,0.4479271,1,1,2
0.1895773,0.2622432,1,1,0.4814742,0.3745563,0.4419876,1,1,2
0.1794637,0.2731009,1,1,0.4434347,0.3667177,0.4353533,1,1,2
0.184242,0.2837962,1,1,0.4124769,0.3584792,0.4278163,1,1,2
0.1889524,0.2940046,1,1,0.3873225,0.3497656,0.4192297,1,1,2
0.1935668,0.3036545,1,1,0.3664018,0.3406104,0.4096793,1,1,2
0.1980606,0.3126912,1,1,0.3486645,0.3310598,0.3992683,1,1,2
0.2024181,0.3210843,1,1,0.3333698,0.3211589,0.3880999,1,1,1
0.2066283,0.3288218,1,1,0.3199853,0.3109533,0.3762767,1,1,1
0.2106842,1,1,1,0.3081177,0.3004902,0.3639021,1,1,0
0.2123948,1,1,1,0.3115045,0.2875217,0.3462665,1,1,0
0.21403,1,1,1,0.3151949,0.2748185,0.3292322,1,1,0
0.2155966,1,1,1,0.3191788,0.2623585,0.3127469,1,1,0
0.2171005,1,1,1,0.3234479,0.2501204,0.296762,1,1,0
0.2185462,1,1,1,0.3279961,0.2380846,0.2812325,0.506958,1,0
0.2186758,1,1,1,0.3464139,0.2252519,0.2640432,0.4636671,1,0
0.2186671,1,1,1,0.3694584,0.2126998,0.2474747,0.4239716,1,0
0.2185257,1,1,1,0.3986119,0.2136934,0.2314817,0.3874197,1,0
0.2182549,1,1,1,0.4360819,0.2209062,0.2160263,0.3536367,1,0
0.217859,1,1,1,0.4852768,0.2297456,0.2010663,0.3222944,1,0
0.2173405,1,1,1,1,0.2405427,0.1865738,0.2931297,1,0
0.2167025,1,1,1,1,0.2537209,0.1725125,0.2659006,1,0
0.2159466,1,1,1,1,0.2698443,0.1588556,0.240409,1,0
0.2150751,1,1,1,1,0.2896655,0.1455786,0.2164831,1,0
0.2141702,1,1,1,1,0.3127922,0.1486723,0.1942237,1,0
0.2132549,1,1,1,1,0.339171,0.153447,0.1734712,1,0
0.2123242,1,1,1,1,0.3691508,0.1585964,0.153976,0.3959998,0
0.2110437,1,1,1,1,0.4154221,0.1660124,0.1347403,0.3283141,0
0.2096543,1,1,1,1,1,0.1747444,0.1164943,0.2703277,0
0.2081564,1,1,1,1,1,0.1850012,0.09914727,0.2200685,0
0.2065498,1,1,1,1,1,0.19704,0.0980565,0.1760809,0
0.2048344,1,1,1,1,1,0.2111812,0.1014015,0.1372536,0
0.2030095,1,1,1,1,1,0.2278286,0.1052396,0.1027167,0
0.2010756,1,1,1,1,1,0.2474931,0.1096058,0.0800188,0
0.1990314,1,1,1,1,1,0.2708436,0.1145419,0.08242156,0
1,1,1,1,1,1,0.2987586,0.1200924,0.08513307,0
1,1,1,1,1,1,0.3324301,0.1263107,0.08816554,0
1,1,1,1,1,1,0.3735064,0.1332569,0.09153248,0
1,1,1,1,1,1,1,0.1409945,0.09524526,0
1,1,1,1,1,1,1,0.1496013,0.09932021,0
1,1,1,1,1,1,1,0.1591666,0.1037752,0
1,1,1,1,1,1,1,0.1697874,0.1086264,0
1,1,1,1,1,1,1,0.1815818,0.1138953,0
1,1,1,1,1,1,1,0.1946838,0.1196038,0
1,1,1,1,1,1,1,0.2092471,0.1257741,0
1,0.828945,1,1,1,1,1,0.2254582,0.1324347,0
1,0.8194134,1,1,1,1,1,0.2435346,0.1396149,0
1,0.8101606,1,1,1,1,1,0.2637313,0.1473455,0
1,0.8011716,1,1,1,1,1,0.2863613,0.1556642,0
1,0.7924355,1,1,1,1,1,1,0.1646089,0
1,0.7845306,1,1,1,1,1,1,0.1736417,0
1,0.7769397,1,1,1,1,1,1,0.1830477,0
1,0.7696149,1,1,1,1,1,1,0.1928046,0
1,0.7625156,1,1,1,1,1,1,0.2028872,0
1,0.7556053,1,1,1,1,1,0.9420007,0.2132696,0
1,0.7487633,1,1,1,1,1,0.9289144,0.224122,0
1,0.7420487,1,1,1,1,1,0.9164044,0.2352854,0
1,0.7354404,1,1,1,1,1,0.9044204,0.2467305,0
1,0.72892,1,1,1,1,1,0.89291,0.5561053,1
1,0.7231098,1,1,1,1,1,0.8913577,0.5660744,1
1,0.7173315,1,1,1,1,1,0.9171829,0.575753,1
1,0.7116085,1,1,1,1,1,0.9405341,0.5849128,1
1,0.70594,1,1,1,1,1,0.9613745,0.5935588,1
1,0.7003268,1,1,1,1,1,0.8960801,0.6016995,1
1,0.6946956,1,1,1,1,1,0.8876082,1,2
1,0.6899647,1,1,1,1,1,0.8818583,1,2
1,1,1,1,1,1,1,0.8761353,1,1
1,1,1,1,1,1,1,0.8669685,1,1
1,1,1,1,1,1,1,0.8577945,1,1
1,1,1,1,1,1,1,0.8486151,1,1
1,1,1,1,1,1,1,0.8394321,1,1
1,1,1,1,1,1,1,0.8302469,1,1
1,1,1,1,1,1,1,0.8210646,1,1
1,1,1,1,1,1,1,0.8118868,1,1
1,1,1,1,1,1,1,0.802715,1,1
1,1,1,1,1,1,1,0.7935511,1,1
1,1,1,1,1,1,1,0.7843999,1,1
1,1,1,1,1,1,1,0.7752594,1,1
1,1,1,1,1,1,1,0.7661348,1,1
1,1,1,1,1,1,1,0.7570273,1,1
1,1,1,1,1,1,1,0.7726935,1,1
1,1,1,1,1,1,1,0.8016982,1,1
1,1,1,1,1,1,1,0.8302612,1,1
1,1,1,1,1,1,1,0.8582963,1,1
0.6172212,1,1,1,1,1,1,1,1,2
0.6079308,1,1,1,1,1,1,1,1,2
0.5989204,1,1,1,1,1,1,0.8335205,1,2
0.5905586,1,1,1,1,1,1,0.8143502,1,2
0.5824949,1,1,1,1,1,1,0.7964123,1,2
0.5747294,1,1,1,1,1,1,0.7795954,1,2
0.5672603,1,1,1,1,1,1,0.763805,1,2
0.5600835,1,1,1,1,1,1,0.7489609,1,2
0.5822754,1,1,1,1,1,1,0.7349861,1,2
0.6552107,1,1,1,1,1,1,0.723936,1,2
1,1,1,1,1,1,1,0.7189661,1,0
1,1,1,1,1,1,1,0.7389565,1,1
1,1,1,1,1,1,1,0.7588174,1,1
1,1,1,1,1,1,1,1,1,1
1,1,1,1,1,1,1,1,0.7656721,0
1,1,1,1,1,1,1,1,0.7470322,0
1,1,1,1,1,1,1,1,0.7283746,0
1,1,1,1,1,1,1,1,0.7097442,0
1,1,1,1,1,1,1,1,0.6911889,0
1,1,1,1,1,1,1,1,0.6777396,0
1,1,1,1,1,1,1,1,0.6917108,0
1,1,1,1,1,1,1,1,0.7057639,0
1,1,1,1,1,1,1,1,0.6824085,0
1,1,1,1,1,1,1,1,0.6652022,0
1,1,1,1,1,1,1,1,0.6481723,0
1,1,1,1,1,1,1,1,0.6313506,0
1,1,1,1,1,1,1,1,0.6147631,0
1,1,1,1,1,1,1,1,0.5984403,0
1,1,1,1,1,1,1,1,0.5824018,0
1,1,1,1,1,1,1,1,0.596844,0
1,1,1,1,1,1,1,1,0.6143984,0
1,1,1,1,1,1,1,1,0.6321461,0
1,1,1,1,1,1,1,1,0.6500481,0
1,1,1,1,1,1,1,1,0.6680664,0
1,1,1,1,1,1,1,1,1,1
1,1,1,1,1,1,1,1,1,1
1,1,1,1,1,1,1,1,1,1
1,1,1,1,1,1,1,1,1,1
1,1,1,1,1,1,1,1,1,1
1,1,1,1,1,1,1,1,1,1
1,1,1,1,1,1,1,1,1,1
1,1,1,1,1,1,1,1,1,1
1,1,1,1,1,1,1,1,1,1
1,1,1,1,1,1,1,1,1,1
1,1,1,1,1,1,1,1,1,1
1,1,1,1,1,1,1,1,1,1
1,1,1,1,1,1,1,1,1,1
1,1,1,1,1,1,1,1,1,1
1,1,1,1,1,1,1,1,1,1
1,1,1,1,1,1,1,1,1,1
1,1,1,1,1,1,1,1,1,1
1,1,1,1,1,1,1,1,1,1
1,1,1,1,1,1,1,1,1,1
1,1,1,1,1,1,1,1,1,1
1,1,1,1,1,1,1,1,1,1
1,1,1,1,1,1,1,1,1,1
1,1,1,1,1,1,1,1,1,1
1,1,1,1,1,1,1,1,1,1
1,1,1,1,1,1,1,1,1,1
1,1,1,1,1,1,1,1,1,1
1,1,1,1,1,1,1,1,1,1
1,1,1,1,1,1,1,1,1,1
1,1,1,1,1,1,1,1,1,1
1,1,1,1,1,1,1,1,1,1
1,1,1,1,1,1,1,1,1,1
1,1,1,1,1,1,1,1,1,1
1,1,1,1,1,1,1,1,1,1
1,1,1,1,1,1,1,1,1,1
1,1,1,1,1,1,1,1,1,1
1,1,1,1,1,1,1,1,1,1
1,1,1,1,1,1,1,1,1,1
1,1,1,1,1,1,1,1,1,1
1,1,1,1,1,1,1,1,1,1
1,1,1,1,1,1,1,1,1,1
1,1,1,1,1,1,1,1,1,1
1,1,1,1,1,1,1,1,1,1
1,1,1,1,1,1,1,1,1,1
1,1,1,1,1,1,1,1,1,1
1,1,1,1,1,1,1,1,1,1
1,1,1,1,1,1,1,1,1,1
1,1,1,1,1,1,1,1,1,1
1,1,1,1,1,1,1,1,1,1
1,1,1,1,1,1,1,1,1,1
1,1,1,1,1,1,1,1,1,1
1,1,1,1,1,1,1,1,1,1
1,1,1,1,1,1,1,1,1,1
1,1,1,1,1,1,1,1,1,1
1,1,1,1,1,1,1,1,1,1
1,1,1,1,1,1,1,1,1,1
1,1,1,1,1,1,1,1,1,1
1,1,1,1,1,1,1,1,1,1
1,1,1,1,1,1,1,1,1,1
1,1,1,1,1,1,1,1,1,1
1,1,1,1,1,1,1,1,1,1
1,1,1,1,1,1,1,1,1,1
1,1,1,1,1,1,1,1,1,1
1,1,1,1,1,1,1,1,1,1
1,1,1,1,1,1,1,1,1,1
1,1,1,1,1,1,1,1,1,1
1,1,1,1,1,1,1,1,1,1
1,1,1,1,1,1,1,1,1,1
1,1,1,1,1,1,1,1,1,1
1,1,1,1,1,1,1,1,1,1
1,1,1,1,1,1,1,1,1,1
1,1,1,1,1,1,1,1,1,1
1,1,1,1,1,1,1,1,1,1
1,1,1,1,1,1,1,1,1,1
1,1,1,1,1,1,1,1,1,1
1,1,1,1,1,1,1,1,1,1
1,1,1,1,1,1,1,1,1,1
1,1,1,1,1,1,1,1,1,1
1,1,1,1,1,1,1,1,1,1
1,1,1,1,1,1,1,1,1,1
1,1,1,1,1,1,1,1,1,1
1,1,1,1,1,1,1,1,1,1
1,1,1,1,1,1,1,1,1,1
1,1,1,1,1,1,1,1,1,1
1,1,1,1,1,1,1,1,1,1
1,1,1,1,1,1,1,1,1,1
1,1,1,1,1,1,1,1,1,1
1,1,1,1,1,1,1,1,1,1
1,1,1,1,1,1,1,1,1,1
1,1,1,1,1,1,1,1,1,1
1,1,1,1,1,1,1,1,1,1
1,1,1,1,1,1,1,1,1,1
1,1,1,1,1,1,1,1,1,1
1,1,1,1,1,1,1,1,1,1
1,1,1,1,1,1,1,1,1,1
1,1,1,1,1,1,1,1,1,1
1,1,1,1,1,1,1,1,1,1
1,1,1,1,1,1,1,1,1,1
1,1,1,1,0.9901822,0.9975821,1,1,1,1
1,1,1,1,0.9799393,0.9851143,1,1,1,1
1,1,1,1,0.969296,0.9735695,1,1,1,1
1,1,1,1,0.958267,0.9629127,1,1,1,1
1,1,1,1,0.946873,0.9531139,1,1,1,1
1,1,1,1,0.9351357,0.9441404,1,1,1,1
1,1,1,1,0.9230825,0.935973,1,1,1,1
1,1,1,1,0.9107343,0.9285892,1,1,1,1
1,1,1,1,0.8981202,0.9219696,1,1,1,1
1,1,1,1,0.8852623,0.9160973,1,1,1,2
1,1,1,1,0.8721906,0.9109613,1,1,1,2
1,1,1,1,0.8589352,0.9065489,1,1,1,2
1,1,1,0.9882187,0.8455178,0.9028509,1,1,1,2
1,1,1,0.9702786,0.8317443,0.9005191,1,1,1,2
1,1,1,0.9516842,0.8175567,0.8999016,1,1,1,2
1,1,1,0.9325287,0.8030076,0.90106,1,1,1,2
1,1,1,0.9129146,0.7881569,0.9040593,1,1,1,2
1,1,1,0.8929428,0.7730621,0.9089748,1,1,1,2
1,1,1,0.8727217,0.7577887,0.9158975,1,1,1,2
1,1,1,0.8523482,0.7423938,0.9249268,1,1,1,2
1,1,1,0.8319228,0.7269387,0.9361727,1,1,1,2
1,1,1,0.8115341,0.7114776,0.9497646,1,1,1,2
1,1,1,0.7912661,0.696063,0.9658505,1,1,1,2
1,1,1,0.771189,0.6807383,0.9845897,1,1,1,2
1,1,1,0.75137,0.6845116,1,1,1,1,2
1,1,1,0.7320389,0.6907915,1,1,1,1,2
1,1,1,0.7130914,0.6979113,1,1,1,1,2
1,1,0.9043677,0.694542,0.705887,1,1,1,1,2
1,1,0.8710102,0.6747873,0.7193605,1,1,1,1,2
1,1,0.8381766,0.6551635,0.7357885,1,1,1,1,2
1,1,0.8060902,0.6357814,0.7554469,1,1,1,1,2
1,1,0.7749288,0.6167345,0.7786541,1,1,1,1,2
1,1,0.7448241,0.5980967,0.8057769,1,1,1,1,2
1,1,0.7158692,0.5830414,0.8372404,1,1,1,1,2
1,1,0.6881644,0.5963973,0.8733791,1,1,1,1,2
1,1,0.6620881,0.6107098,0.9131539,1,1,1,1,2
1,1,0.6375033,0.6259389,1,1,1,1,1,2
1,1,0.6145855,0.6413265,1,1,1,1,1,2
1,1,0.5925453,0.6582969,1,1,1,1,1,2
1,1,0.5713549,0.6769273,1,1,1,1,1,2
1,1,0.5509733,0.6973091,1,1,1,1,1,2
1,1,0.5313598,0.7195384,1,1,1,1,1,2
1,1,0.5124757,0.7437162,1,1,1,1,1,2
1,1,0.4942736,0.7699517,1,1,1,1,1,2
1,0.7806146,0.4767134,0.7983636,1,1,1,1,1,2
1,0.7344184,0.4878097,1,1,1,1,1,1,2
1,0.6915627,0.501245,1,1,1,1,1,1,2
1,0.6516868,0.5162201,1,1,1,1,1,1,2
1,0.6144913,0.5329082,1,1,1,1,1,1,2
1,0.5797005,0.5515179,1,1,1,1,1,1,2
1,0.5470848,0.5722913,1,1,1,1,1,1,2
1,0.5164381,0.5955142,1,1,1,1,1,1,2
1,0.487584,0.6215281,1,1,1,1,1,1,2
1,0.460367,0.6507457,1,1,1,1,1,1,2
1,0.4346402,0.683659,1,1,1,1,1,1,2
1,0.4102817,0.7208733,1,1,1,1,1,1,2
1,0.3871832,1,1,1,1,1,1,1,2
1,0.3837996,1,1,1,1,1,1,1,2
0.6847845,0.3927096,1,1,1,1,1,1,1,2
0.6247146,0.4036623,1,1,1,1,1,1,1,2
0.570706,0.4156284,1,1,1,1,1,1,1,2
0.5218878,0.4286917,1,1,1,1,1,1,1,2
0.4775548,0.4429492,1,1,1,1,1,1,1,2
0.4371179,0.4585084,1,1,1,1,1,1,1,2
0.4000937,0.4754937,1,1,1,1,1,1,1,2
0.3660696,0.4940443,1,1,1,1,1,1,1,2
0.334935,0.5143201,1,1,1,1,1,1,1,2
0.3428191,0.5365046,1,1,1,1,1,1,1,2
0.3513071,0.5608124,1,1,1,1,1,1,1,2
0.3604316,0.5874899,1,1,1,1,1,1,1,2
0.3702282,0.6168246,1,1,1,1,1,1,1,2
0.3807347,1,1,1,1,1,1,1,1,2
0.3919123,1,1,1,1,1,1,1,1,2
0.4036377,1,1,1,1,1,1,1,1,2
0.4159014,1,1,1,1,1,1,1,1,2
0.42869,1,1,1,1,1,1,1,1,2
0.4419897,1,1,1,1,1,1,1,1,2
0.4557867,1,1,1,1,1,1,1,1,2
0.4700606,1,1,1,1,1,1,1,1,2
0.4847931,1,1,1,1,1,1,1,1,2
0.4999612,1,1,1,1,1,1,1,1,2
0.5155417,1,1,1,1,1,1,1,1,2
0.5315069,1,1,1,1,1,1,1,1,2
0.5478289,1,1,1,1,1,1,1,1,2
0.5644777,1,1,1,1,1,1,1,1,2
1,1,1,1,1,1,1,1,1,1
1,1,1,1,1,1,1,1,1,1
1,1,1,1,1,1,1,1,1,1
1,1,1,1,1,1,1,1,1,1
1,1,1,1,1,1,1,1,1,1
1,1,1,1,1,1,1,1,1,1
1,1,1,1,1,1,1,1,1,1
1,1,1,1,1,1,1,1,1,1
1,1,1,1,1,1,1,1,1,1
1,1,1,1,1,1,1,1,1,1
1,1,1,1,1,1,1,1,1,1
1,1,1,1,1,1,1,1,1,1
1,1,1,1,1,1,1,1,1,1
1,1,1,1,1,1,1,1,1,1
1,1,1,1,1,1,1,1,1,1
1,1,1,1,1,1,1,1,1,1
1,1,1,1,1,1,1,1,1,1
1,1,1,1,1,1,1,1,1,1
1,1,1,1,1,1,1,1,1,1
1,1,1,1,1,1,1,1,1,1
1,1,1,1,1,1,1,1,1,1
1,1,1,1,1,1,1,1,1,1
1,1,1,1,1,1,1,1,1,1
1,1,1,1,1,1,1,1,1,1
1,1,1,1,1,1,1,1,1,1
1,1,1,1,1,1,1,1,1,1
1,1,1,1,1,1,1,1,1,1
1,1,1,1,1,1,1,1,1,1
1,1,1,1,1,1,1,1,1,1
1,1,1,1,1,1,1,1,1,1
1,1,1,1,1,1,1,1,1,1
1,1,1,1,1,1,1,1,1,1
1,1,1,1,1,1,1,1,1,1
1,1,1,1,1,1,1,1,1,1
1,1,1,1,1,1,1,1,1,1
1,1,1,1,1,1,1,1,1,1
1,1,1,1,1,1,1,1,1,1
1,1,1,1,1,1,1,1,1,1
1,1,1,1,1,1,1,1,1,1
1,1,1,1,1,1,1,1,1,1
1,1,1,1,1,1,1,1,1,1
1,1,1,1,1,1,1,1,1,1
1,1,1,1,1,0.991425,1,1,1,1
1,1,1,1,1,0.9795812,1,1,1,1
1,1,1,1,1,0.9673985,1,1,1,1
1,1,1,1,1,0.9548776,1,1,1,1
1,1,1,1,1,0.942025,1,1,1,1
1,1,1,1,1,0.9288417,1,1,1,1
1,1,1,1,1,0.9153383,1,1,1,1
1,1,1,1,0.9990813,0.9015282,1,1,1,1
1,1,1,1,0.9933316,0.8873994,1,1,1,1
1,1,1,1,0.9883792,0.8728728,1,1,1,1
1,1,1,1,0.9842192,0.8579866,1,1,1,0
1,1,1,1,0.9808452,0.842776,1,1,1,0
1,1,1,1,0.978256,0.8272852,1,1,1,0
1,1,1,1,0.9764515,0.8115593,1,1,1,0
1,1,1,1,0.975433,0.7956344,1,1,1,0
1,1,1,1,0.9752001,0.7795547,1,1,1,0
1,1,1,1,0.9757571,0.7729102,1,1,1,0
1,1,1,1,0.9766749,0.7710034,1,1,1,0
1,1,1,1,0.9777401,0.7691748,1,1,1,0
1,1,1,1,0.9789439,0.7674178,0.9642549,1,1,0
1,1,1,1,1,0.7668625,0.9377784,1,1,0
1,1,1,1,1,0.766836,0.9113681,1,1,0
1,1,1,1,1,0.7677678,0.8845476,1,1,0
1,1,1,1,1,0.769693,0.857471,1,1,0
1,1,1,1,1,0.7726455,0.8302876,1,1,0
1,1,1,1,1,0.7766631,0.8031389,1,1,0
1,1,1,1,1,0.7817851,0.7761593,1,1,0
1,1,1,1,1,0.788046,0.7494651,1,1,0
1,1,1,1,1,0.7954856,0.7231613,1,1,0
1,1,1,1,1,0.8041415,0.6973368,1,1,0
1,1,1,1,1,0.8140564,0.6720636,1,1,0
1,1,1,1,1,0.8252689,0.6473975,1,1,0
1,1,1,1,1,0.8378202,0.6233836,1,1,0
1,1,1,1,1,1,0.610729,1,1,0
1,1,1,1,1,1,0.6128522,1,1,0
1,1,1,1,1,1,0.6151424,1,1,0
1,1,1,1,1,1,0.6175959,1,1,0
1,1,1,1,1,1,0.6202089,1,1,0
1,1,1,1,1,1,0.6229774,1,1,0
1,1,1,1,1,1,0.6258979,1,1,0
1,1,1,1,1,1,0.6289687,1,1,0
1,1,1,1,1,1,0.6321813,1,1,0
1,1,1,1,1,1,0.6355341,1,1,0
1,1,1,1,1,1,0.6390231,0.7561346,1,0
1,1,1,1,1,1,0.6501465,0.7048381,1,0
1,1,1,1,1,1,0.6635116,0.6558012,1,0
1,1,1,1,1,1,0.6788291,0.6098946,1,0
1,1,1,1,1,1,1,1,1,1
1,1,1,1,1,1,1,1,1,1
1,1,1,1,1,1,1,1,1,1
1,1,1,1,1,1,1,1,1,1
1,1,0.9968387,1,1,1,1,1,1,1
1,1,0.9857786,1,1,1,1,1,1,1
1,1,0.9746301,1,1,1,1,1,1,1
1,1,0.9633959,1,1,1,1,1,1,1
1,1,0.9520788,1,1,1,1,1,1,1
1,1,0.9406823,1,1,1,1,1,1,1
1,1,0.9292097,1,1,1,1,1,1,1
1,1,0.917665,1,1,1,1,1,1,1
1,1,0.9060521,1,1,1,1,1,1,1
1,1,0.8943753,1,1,1,1,1,1,1
1,1,0.8826391,1,1,1,1,1,1,1
1,1,0.8708483,1,1,1,1,1,1,1
1,1,0.859011,1,1,1,1,1,1,1
1,1,0.8471287,1,1,1,1,1,1,1
1,1,0.8352068,1,1,1,1,1,1,1
1,1,0.8232503,1,1,1,1,1,1,1
1,1,0.8112643,1,1,1,1,1,1,1
1,1,0.7992542,1,1,1,1,1,1,1
1,1,0.7872285,1,1,1,1,1,1,1
1,1,0.775189,1,1,1,1,1,1,1
1,1,0.7631444,1,1,1,1,1,1,1
1,1,0.7510961,1,1,1,1,1,1,1
1,1,0.7390525,1,1,1,1,1,1,1
1,1,0.727015,1,1,1,1,0.9909065,1,1
1,1,0.7150787,1,1,1,1,0.9795479,1,1
1,1,0.7032618,1,1,1,1,0.9677799,1,1
1,1,0.6915599,1,1,1,1,0.9555751,1,1
1,1,0.6799748,1,1,1,1,0.942917,1,1
1,0.8996695,0.6685051,1,1,1,1,0.9297881,1,2
1,0.8801175,0.6563898,1,1,1,1,0.9200161,1,2
1,0.8605348,0.6442733,1,1,1,1,0.910559,1,2
1,0.8409494,0.6414647,1,1,1,1,0.9013975,1,2
1,0.8215065,0.6558073,1,1,1,1,0.8923475,1,2
1,0.8024173,0.6707503,1,1,1,1,0.883073,1,2
1,0.7836884,0.6862565,1,1,1,1,0.8735319,1,2
1,0.7653243,0.7022802,1,1,1,1,0.8636813,1,2
1,0.7473313,0.7187698,1,1,1,1,0.8534845,1,2
1,0.7297052,0.735654,1,1,1,1,0.8428942,1,2
1,0.7124445,0.7528488,1,1,1,1,0.8318706,1,2
1,0.6955497,0.7702643,1,1,1,1,0.8203805,1,2
1,0.6790115,0.7877932,1,1,1,1,0.8083824,1,2
1,0.6628235,0.8053164,1,1,1,1,0.7958436,1,2
1,0.646978,0.8227043,1,1,1,1,0.7827352,1,1
1,0.6314659,0.8398176,1,1,1,1,0.7690331,1,1
1,0.6162775,0.85651,1,1,1,1,0.7547181,1,1
1,0.6014016,0.8726251,1,1,1,1,0.7397775,1,1
1,0.5868227,0.8880037,1,1,1,1,0.7241998,1,1
1,0.5725323,0.902496,1,1,1,1,0.7079911,1,1
1,0.5585129,1,1,1,1,1,0.691154,1,1
1,0.5451795,1,1,1,1,1,0.6726224,1,1
1,0.532016,1,1,1,1,1,0.6632558,1,1
1,0.5188607,1,1,1,1,1,0.6611064,1,1
1,0.5056025,1,1,1,1,1,0.6588468,1,1
1,0.492258,1,1,1,1,1,0.6564782,1,1
1,0.4788401,1,1,1,1,1,0.6540037,1,1
1,0.4653613,1,1,1,1,1,0.6514251,1,1
1,0.4518341,1,1,1,1,1,0.6487444,1,1
1,0.4382707,1,1,1,1,1,0.6459674,1,1
0.7644555,0.4246826,1,1,1,1,1,0.6430947,1,2
0.7241932,0.4165694,1,1,1,1,1,0.6368349,1,2
0.6843242,0.4263767,1,1,1,1,1,0.6302015,1,2
0.6458052,0.4371166,1,1,1,1,1,0.6234141,1,2
0.6088026,0.4488133,1,1,1,1,1,0.6165267,1,2
0.5734175,0.461491,1,1,1,1,1,0.6095852,1,2
0.5397102,0.4751659,1,1,1,1,1,0.6026308,1,2
0.5076843,0.4898509,1,1,1,1,1,0.5956973,1,2
0.4773164,0.5055501,1,1,1,1,1,0.5888137,1,2
0.4485549,0.5222664,1,1,1,1,1,0.5819999,1,2
0.4213251,0.5399956,1,1,1,1,1,0.5752711,1,2
0.3955453,0.558726,1,1,1,1,1,0.5686378,1,2
0.3711217,0.5784408,1,1,1,1,1,0.5621057,1,2
0.3627568,0.5991153,1,1,1,1,1,0.5556775,1,2
0.3705115,0.6201425,1,1,1,1,1,0.5494511,1,2
0.3782017,0.6407977,1,1,1,1,1,0.5435029,1,2
0.3857995,0.6609605,1,1,1,1,1,0.5377904,1,2
0.393278,1,1,1,1,1,1,0.5322809,1,1
0.3986291,1,1,1,1,1,0.998104,0.527985,1,1
0.4038641,1,1,1,1,1,0.9853584,0.5237556,1,1
0.4088666,1,1,1,1,1,0.9717687,0.5196477,1,1
0.4136202,1,1,1,1,1,0.9573711,0.5156643,1,1
0.4181095,1,1,1,1,1,0.9422004,0.5118108,1,1
0.4223215,1,1,1,1,1,0.9263037,0.5080929,1,1
0.4262479,1,1,1,1,1,0.9097392,0.5045155,1,1
0.4298814,1,1,1,1,1,0.8925619,0.5010853,1,0
0.4332195,1,1,1,1,1,0.8748409,0.4978082,1,0
0.4362627,1,1,1,1,1,0.8566439,0.4946902,1,0
0.4390136,1,1,1,1,1,0.838042,0.4917373,1,0
0.4414783,1,1,1,1,1,0.8191103,0.4889559,1,0
0.4436641,1,1,1,1,1,0.79992,0.4863524,1,0
0.4455827,1,1,1,1,1,0.7805408,0.4839315,1,0
0.4472454,1,1,1,1,1,0.7727484,0.4816992,0.4540543,0
0.4447541,1,1,1,1,1,0.7848664,0.4820825,0.450124,0
0.4422888,1,1,1,1,1,0.7981729,0.4829,0.4466003,0
0.4398441,1,1,1,1,1,0.8127655,0.4841654,0.4434802,0
0.4374187,1,1,1,1,1,0.8287485,0.4858908,0.4407589,0
0.4350092,1,1,1,1,1,0.8462426,0.4880912,0.4384343,0
0.4326143,1,1,1,1,1,0.8653819,1,0.4365033,0
0.4336769,1,1,1,1,1,0.868628,1,0.4344712,0
0.4346942,1,1,1,1,1,0.8719901,0.9843119,0.4325119,0
0.4355372,1,1,1,1,1,0.8761507,0.9518868,0.4306423,0
0.4360758,1,1,1,1,1,0.8818594,0.9184021,0.4288933,0
0.4363188,1,1,1,1,1,0.8891818,0.8841823,0.4272861,0
0.4362827,1,1,1,1,1,0.8981778,0.8495461,0.4258388,0
0.435988,1,1,1,1,1,0.9089073,0.8148043,0.4245698,0
0.4354589,1,1,1,1,1,0.9214257,0.7802438,0.4234952,0
0.4347191,1,1,1,1,1,0.9357896,0.7461184,0.4226318,0
0.4337973,1,1,1,1,1,0.9520439,0.7126434,0.4219905,0
0.4327177,1,1,1,1,1,1,0.6799993,0.4215838,0
0.4316202,1,1,1,1,1,1,0.6489493,0.4213693,0
0.4303368,1,1,1,1,1,1,0.619238,0.4214229,0
0.4288926,1,1,1,1,1,1,0.6247118,1,2
0.4313062,1,1,1,1,1,1,0.6193354,1,2
0.4338056,1,1,1,1,1,1,0.6141677,1,2
0.4363819,1,1,1,1,1,1,0.6091929,1,2
0.4390267,1,1,1,1,1,1,0.6043969,1,2
0.4417318,1,1,1,1,1,1,0.5997674,1,2
0.4444906,1,1,0.9902619,0.997392,1,1,0.595291,1,2
0.4472961,1,1,0.9800388,1,1,1,0.5909561,1,2
0.4501468,1,1,0.9698933,1,1,1,0.5867437,1,2
1,1,1,0.9598169,1,1,1,0.5826539,1,0
1,1,1,0.9503719,1,1,1,0.5864882,1,0
1,1,1,0.9410911,0.946412,1,1,0.5905782,1,0
1,1,1,0.9319723,0.9348669,1,1,0.5950204,1,0
1,1,1,0.9229927,0.923569,1,1,0.5997093,1,0
1,1,1,1,0.9124983,1,1,0.604624,1,0
1,1,1,1,0.9016175,1,1,0.6099039,1,0
1,1,1,1,0.8909317,1,1,0.6154214,0.8750842,0
1,1,1,1,0.8802713,1,1,0.6237168,0.763195,0
1,1,1,1,0.8698789,1,1,0.6341652,0.6604497,0
1,1,1,1,0.8598728,1,1,0.6455376,0.5734891,0
1,1,1,1,0.8502458,1,1,0.6578942,0.5123935,0
1,1,1,1,0.8409888,0.846184,1,0.6713022,0.5163115,0
1,1,1,1,0.8320929,0.8341687,1,0.685836,0.5207326,0
1,1,1,1,0.8235539,0.8225881,1,0.7015787,0.5256718,0
1,1,1,1,1,0.8114282,1,0.7186207,0.5311441,0
1,1,1,1,1,0.8006763,1,1,0.5371695,0
1,1,1,1,1,0.7903618,1,1,0.5430751,0
1,1,1,1,1,0.780345,1,0.9941106,0.54932,0
1,1,1,1,1,0.7706028,1,0.9672721,0.5559309,0
1,1,1,1,1,0.7611241,1,0.9413964,0.5630568,0
1,1,1,1,1,0.751906,1,0.9566162,0.5706944,0
1,1,1,1,1,0.7428914,1,0.9820492,0.5785025,0
1,1,1,1,1,0.734019,0.743692,1,0.5863554,0
1,1,1,1,1,1,0.7318474,1,0.5949696,0
1,1,1,1,1,1,0.7202588,1,0.604224,0
1,1,1,1,1,1,0.7090254,1,0.6137844,0
1,1,1,1,1,1,0.6981125,1,0.6236232,0
1,1,1,1,1,1,0.6874899,1,0.6337137,0
1,1,1,1,1,1,0.6771324,1,0.6440266,0
1,1,1,1,1,1,0.6670107,1,0.6545355,0
1,1,1,1,1,1,0.6571003,1,1,1
1,1,1,1,1,1,0.647742,1,1,1
1,1,1,1,1,1,0.6383879,1,1,1
1,1,1,1,1,1,0.6290379,1,1,1
1,1,1,1,1,1,0.6196922,1,1,1
1,1,1,1,1,1,0.6103539,1,1,1
1,1,1,1,1,1,0.6010199,1,1,1
1,1,1,1,1,1,0.5916902,1,1,1
1,1,1,1,1,1,0.5823649,1,0.934857,1
1,1,1,1,1,1,0.5729873,1,0.9155825,1
1,1,1,1,1,1,0.5636142,1,0.8957846,0
1,1,1,1,1,1,0.5542561,1,0.8755332,0
1,1,1,1,1,1,0.5449176,1,0.8548955,0
1,1,1,1,1,1,0.5356069,1,0.8351011,0
1,1,1,1,1,1,0.5263327,1,0.8441998,0
1,1,1,1,1,1,1,1,0.853188,0
1,1,1,1,1,1,1,1,0.8617479,0
1,1,1,1,1,1,1,1,0.870236,0
1,1,1,1,1,1,1,1,0.8786424,1
1,1,1,1,1,1,1,0.5312004,0.8869573,0
1,1,1,1,1,1,1,0.5183292,1,0
1,1,1,1,1,1,1,0.5065283,1,0
1,1,1,1,1,1,1,0.4948803,1,0
1,1,1,1,1,1,1,0.4833851,1,0
1,1,1,1,1,1,1,0.4720452,1,0
1,1,1,1,1,1,1,0.4608592,1,0
1,1,1,1,1,1,1,0.4498257,1,0
1,1,1,1,1,1,1,0.4389424,1,0
1,1,1,1,1,1,1,0.4282104,1,0
1,1,1,1,1,1,1,0.417624,1,0
1,1,1,1,1,1,1,0.4071835,1,0
1,1,1,1,1,1,1,0.3968858,1,0
1,1,1,1,1,1,1,0.3867279,1,0
1,1,1,1,1,1,1,0.3767064,1,0
1,1,1,1,1,1,1,0.366821,1,0
1,1,1,1,1,1,1,0.3764206,0.4610365,0
1,1,1,1,1,1,1,0.4236782,0.4414822,0
1,1,1,1,1,1,1,0.479189,0.4229755,0
1,1,1,1,1,1,1,1,0.4054453,0
1,1,1,1,1,1,1,1,0.3904026,0
1,1,1,1,1,1,1,1,0.3759083,0
1,1,1,1,1,1,1,1,0.361951,0
1,1,1,1,1,1,1,1,0.348517,0
1,1,1,1,1,1,1,1,0.3355883,0
1,1,1,1,1,1,1,1,0.3231491,0
1,1,1,1,1,1,1,1,0.3246632,0
1,1,1,1,1,1,1,1,0.345771,0
1,1,1,1,1,1,1,1,0.3677206,0
1,1,1,1,1,1,1,1,0.3904785,0
1,1,1,1,1,1,1,1,0.4140066,0
1,1,1,1,1,1,1,1,0.4382567,0
1,1,1,1,1,1,1,1,0.4631796,0
1,1,1,1,1,1,1,1,1,1
1,1,1,1,1,1,1,1,1,1
1,1,1,1,1,1,1,1,1,1
1,1,1,1,1,1,1,1,1,1
1,1,1,1,1,1,1,1,1,1
1,1,1,1,1,1,1,1,1,1
1,1,1,1,1,1,1,1,1,1
1,1,1,1,1,1,1,1,1,1
1,1,1,1,1,1,1,1,1,1
1,1,1,1,1,1,1,1,1,1
1,1,1,1,1,1,1,1,1,1
1,1,1,1,1,1,1,1,1,1
1,1,1,1,1,1,1,1,1,1
1,1,1,1,1,1,1,1,1,1
1,1,1,1,1,1,1,1,1,1
1,1,1,1,1,1,1,1,1,1
1,1,1,1,1,1,1,1,1,1
1,1,1,1,1,1,1,1,1,1
1,1,1,1,1,1,1,1,1,1
1,1,1,1,1,1,1,1,1,1
1,1,1,1,1,1,1,1,1,1
1,1,1,1,1,1,1,1,1,1
1,1,1,1,1,1,1,1,1,1
1,1,1,1,1,1,1,1,1,1
1,1,1,1,1,1,1,1,1,1
1,1,1,1,1,1,1,1,1,1
1,1,1,1,1,1,1,1,1,1
1,1,1,1,1,1,1,1,1,1
1,1,1,1,1,1,1,1,1,1
1,1,1,1,1,1,1,1,1,1
1,1,1,1,1,1,1,1,1,1
1,1,1,1,1,1,1,1,1,1
1,1,1,1,1,1,1,1,1,1
1,1,1,1,1,1,1,1,1,1
1,1,1,1,1,1,1,1,1,1
1,1,1,1,1,1,1,1,1,1
1,1,1,1,1,1,1,1,1,1
1,1,1,0.9952863,1,1,1,1,1,1
1,1,1,0.9866413,1,1,1,1,1,1
1,1,1,0.9781877,1,1,1,1,1,1
1,1,1,0.9699203,1,1,1,1,1,1
1,1,1,0.9618313,1,1,1,1,1,1
1,1,1,0.9539165,1,1,1,1,1,1
1,1,1,0.946173,1,1,1,1,1,1
1,1,1,0.9385942,1,1,1,1,1,1
1,1,1,0.9311774,1,1,1,1,1,1
1,1,1,0.923919,1,1,1,1,1,1
1,1,1,0.9168155,1,1,1,1,1,1
1,1,0.990221,0.9098634,1,1,1,1,1,1
1,1,0.9580594,0.9032962,1,1,1,1,1,2
1,1,0.9223906,0.8976489,1,1,1,1,1,2
1,1,0.8835624,0.8930098,1,1,1,1,1,2
1,1,0.8420885,0.8894657,1,1,1,1,1,2
1,1,0.7985926,0.8871058,1,1,1,1,1,2
1,1,0.7682005,0.88602,1,1,1,1,1,2
1,1,0.7646972,0.8859197,1,1,1,1,1,2
1,1,0.7614068,0.8861257,1,1,1,1,1,2
1,1,0.7583262,0.8866335,1,1,1,1,1,2
1,1,0.7554518,0.887439,1,1,1,1,1,2
1,1,0.7527798,0.8885375,1,1,1,1,1,2
1,1,0.7503045,0.889922,1,1,1,1,1,2
1,1,0.7480212,0.8915874,1,1,1,1,1,2
1,1,0.7459236,0.8935259,1,1,1,1,1,2
1,1,0.744007,0.8957316,1,1,1,1,1,2
1,1,0.7422627,0.8981945,1,1,1,1,1,2
1,1,0.7406861,0.9009086,1,1,1,1,1,2
1,1,0.7392683,0.9038631,1,1,1,1,1,2
1,1,0.7380041,0.9070517,1,1,1,1,1,2
1,1,0.7368852,0.9104633,1,1,1,1,1,2
1,1,0.7359029,1,1,1,1,1,1,2
1,1,0.7338771,1,1,1,1,1,1,2
1,0.9733248,0.7319944,1,1,1,1,1,1,2
1,0.8476221,0.7308016,1,1,1,1,1,1,2
1,0.7149519,0.7324199,1,1,1,1,1,1,2
1,0.6096076,0.7372249,1,1,1,1,1,1,2
1,0.6073285,0.7427338,1,1,1,1,1,1,2
1,0.6054882,0.7489856,1,1,1,1,1,1,2
1,0.6040905,0.7560223,1,1,1,1,1,1,2
1,0.6031405,0.7638901,1,1,1,1,1,1,2
1,0.6026464,0.7726423,1,1,1,0.9960191,1,1,2
1,0.602614,0.7823346,1,1,1,0.9875628,1,1,2
1,0.603054,1,1,1,1,0.9794461,1,1,2
1,0.6027563,1,1,1,1,0.9712229,1,1,2
1,0.6027333,1,1,1,1,0.9631521,1,1,2
1,0.6029783,1,1,1,1,0.9552233,1,1,2
1,0.603486,1,1,1,1,0.9474226,1,1,2
1,0.60425,1,1,1,1,0.9397413,1,1,2
0.5516936,0.6052609,1,1,1,1,0.9321669,1,1,2
0.5491687,0.608399,1,1,1,1,0.9257344,1,1,2
0.5470868,0.6120972,1,1,1,0.9020101,0.9196066,1,1,2
0.5454473,0.616377,1,1,1,0.8913339,0.9137837,1,1,2
0.5442489,0.6212602,1,1,1,0.8810223,0.9082634,1,1,2
0.5434929,0.6267728,1,1,1,0.8710672,0.9030473,1,1,2
0.5431816,0.6329439,1,1,1,0.8614587,0.8981346,1,1,2
0.5433172,0.6398033,1,1,1,0.8521902,0.8935283,1,1,2
0.5439026,0.6473843,1,1,1,0.8432533,0.8892288,1,1,2
0.5449437,0.6557253,1,1,1,0.8346398,0.8852374,1,1,2
0.5464457,1,1,1,1,0.8263456,0.8815594,1,1,2
0.5477753,1,1,1,0.8123319,0.8178482,1,1,1,2
0.5496842,1,1,1,0.801755,0.8097428,1,1,1,2
0.5519031,1,1,1,0.7914461,0.8017896,1,1,1,2
0.5544111,1,1,1,0.7813822,0.7939651,1,1,1,2
0.557189,1,1,1,0.7715368,0.786243,1,1,1,2
0.5602153,1,1,1,0.7618813,0.7785944,1,1,1,2
0.5634682,1,1,1,0.7523938,0.7709976,1,1,1,2
0.5669256,1,1,1,0.7430445,0.7634228,1,1,1,2
0.5705656,1,1,1,0.7338138,0.7558508,1,1,1,2
0.574366,1,1,1,0.7246778,0.7482576,1,1,1,2
0.5783051,1,1,0.7132028,0.715614,0.7406211,1,1,1,2
0.5825596,1,1,0.7026893,0.7066734,0.733105,1,1,1,2
0.5868917,1,1,0.6923488,0.6977653,0.7254845,1,1,1,2
0.5912741,1,1,0.6821545,0.6888677,0.7177392,1,1,1,2
1,1,1,0.6720823,0.6799611,0.7098513,1,1,1,0
1,1,1,0.6622784,0.6693732,0.6980614,1,1,1,0
1,1,1,0.6524836,0.6588161,0.686331,1,1,1,0
1,1,1,0.6426995,0.6482934,0.674665,1,1,1,0
1,1,1,0.6329216,0.6378019,0.6630614,1,1,1,0
1,1,1,0.6231512,0.627344,0.6515241,1,1,1,0
1,1,1,0.6133865,0.6169191,0.640053,1,1,1,0
1,1,1,0.6036254,0.606526,0.6286479,1,1,1,0
1,1,1,0.5938661,0.5961634,0.6173079,1,1,1,0
1,1,1,0.5841066,0.5858299,0.6060318,1,1,1,0
1,1,1,0.5743449,0.5755238,0.5948181,1,1,1,0
1,1,1,0.5645821,0.5652466,0.5836681,1,1,1,0
1,1,1,0.5548133,0.5549934,0.5725767,1,1,1,0
1,1,1,0.54504,0.5447654,0.5615448,1,1,1,0
1,1,1,0.5352601,0.5345606,0.5505699,0.612667,1,1,0
1,1,1,0.5259023,0.5240713,0.5385602,0.5970234,1,1,0
1,1,1,0.5165631,0.5136847,0.5267548,0.5818189,1,1,0
1,1,1,0.5072327,0.5033904,0.5151406,0.5670286,1,1,0
1,1,1,0.4979022,0.4931782,0.503704,0.5526274,1,1,0
1,1,1,1,0.4830355,0.4924288,0.538587,1,1,0
1,1,1,1,0.4729339,0.4810065,0.5240629,1,1,0
1,1,1,1,0.4629165,0.4697591,0.5099145,1,1,0
1,1,1,1,0.4529733,0.4586742,0.4961194,1,1,0
1,1,1,1,0.4430889,0.4477335,0.482649,1,1,0
1,1,1,1,0.4332579,0.4369286,0.4694852,1,1,0
1,1,1,1,0.4234666,0.4262424,0.456601,1,1,0
1,1,1,1,0.4137082,0.4156652,0.443977,1,1,0
1,1,1,1,0.4039741,0.4051848,0.4315917,1,1,0
1,1,1,1,0.3942594,0.3947931,0.4194284,1,1,0
1,1,1,1,0.3845542,0.3844768,0.407465,1,1,0
1,1,1,1,0.3748559,0.3742297,0.395687,1,1,0
1,1,1,1,0.3651563,0.3640405,0.3840752,1,1,0
1,1,1,1,0.3554543,0.3539047,0.3726177,1,1,0
1,1,1,1,0.3457435,0.3438127,0.3612974,1,1,0
1,1,1,1,0.3360243,0.3337617,0.3501052,0.4542623,1,0
1,1,1,1,0.3269898,0.323597,0.3375207,0.4324915,1,0
1,1,1,1,0.3180459,0.3136209,0.3253263,0.4119491,1,0
1,1,1,1,0.309124,0.3038061,0.3135502,0.3927739,1,0
1,1,1,1,1,0.2941174,0.3021338,0.3747795,1,0
1,1,1,1,1,0.284602,0.2907375,0.3565286,1,0
1,1,1,1,1,0.2752376,0.279617,0.3390581,1,0
1,1,1,1,1,0.2659906,0.2688132,0.3225726,1,0
1,1,1,1,1,0.25683,0.258285,0.306964,1,0
1,1,1,1,1,0.2477358,0.247998,0.2921266,1,0
1,1,1,1,1,0.238686,0.2379165,0.2779616,1,0
1,1,1,1,1,0.2296655,0.2280124,0.2643861,0.404823,0
1,1,1,1,1,1,0.2181543,0.2503634,0.3765021,0
1,1,1,1,1,1,0.2085022,0.2368675,0.3500991,0
1,1,1,1,1,1,0.1990428,0.2238642,0.3254256,0
1,1,1,1,1,1,0.1897722,0.2113317,0.3023306,0
1,1,1,1,1,1,0.180678,0.1992401,0.2806675,0
1,1,1,1,1,1,0.171754,0.1875683,0.260316,0
1,1,1,1,1,1,0.1629919,0.1762934,0.241165,0
1,1,1,1,1,1,1,0.1653943,0.2231157,0
1,1,1,1,1,1,1,0.1548544,0.2060843,0
1,1,1,1,1,1,1,0.1446523,0.1899875,0
1,1,1,1,1,1,1,0.1347741,0.1747586,0
0.9918272,1,1,1,1,1,1,0.125207,0.1603381,0
0.9579391,1,1,1,1,1,1,0.115933,0.146664,0
0.9278568,1,1,1,1,1,1,0.11979,0.1336883,0
0.9009682,1,1,1,1,1,1,0.1576382,0.1213598,0
0.876773,1,1,1,1,1,1,0.2039742,0.1096397,0
0.8548679,1,1,1,1,1,1,0.2617028,0.09849267,0
0.8349388,1,1,1,1,1,1,0.3352151,0.09635223,0
0.8188686,1,1,1,1,1,1,0.4274933,0.1113941,0
0.8080168,1,1,1,1,1,1,1,0.1271201,0
0.8047308,1,1,1,1,1,1,1,0.1428411,0
0.8026966,1,1,1,1,1,1,1,0.1591791,0
0.8017269,1,1,1,1,1,1,1,0.176117,0
0.8016728,1,1,1,1,1,1,1,0.1936328,0
0.8024112,1,1,1,1,1,1,1,0.2117056,0
0.8038347,1,1,1,1,1,1,1,0.2303129,0
0.805868,1,1,1,1,1,1,1,0.2494272,0
0.8084416,1,1,1,1,1,1,1,0.269029,0
0.8114994,1,1,1,1,1,1,1,0.2890913,0
0.8149937,1,1,1,1,1,1,1,0.3095856,0
0.8188838,1,1,1,1,1,1,1,0.3304896,0
0.8231352,1,1,1,1,1,1,1,0.3517761,0
0.8277184,1,1,1,1,1,1,1,0.3734142,0
0.8326031,1,1,1,1,1,1,1,1,2
0.8512818,1,1,1,1,1,1,1,1,2
0.8695671,1,1,1,1,1,1,1,1,2
0.8873944,1,1,1,1,1,1,1,1,1
0.9047066,1,1,1,1,1,1,1,1,1
0.9214463,1,1,1,1,1,1,1,1,1
1,1,1,1,1,1,1,1,1,1
1,1,1,1,1,1,1,1,1,1
1,1,1,1,1,1,1,1,1,1
1,1,1,1,1,1,1,1,1,1
1,1,1,1,1,1,1,1,1,1
1,1,1,1,1,1,1,1,1,1
1,1,1,1,1,1,1,1,1,1
1,1,1,1,1,1,1,1,1,1
1,1,1,1,1,1,1,1,1,1
1,1,1,1,1,1,1,1,1,1
1,1,1,1,1,1,1,1,1,1
1,1,1,1,1,1,1,1,1,1
1,1,1,1,1,1,1,1,1,1
1,1,1,1,1,1,1,1,1,1
1,1,1,1,1,1,1,1,1,1
1,1,1,1,1,1,1,1,1,1
1,1,1,1,1,1,1,1,1,1
1,1,1,1,1,1,1,1,1,1
1,1,1,1,1,1,1,1,1,1
1,1,1,1,1,1,1,1,1,1
1,1,1,1,1,1,1,1,1,1
1,1,1,1,1,1,1,1,1,1
1,1,1,0.9915928,1,1,1,1,1,1
1,1,1,0.9784811,0.9977801,1,1,1,1,1
1,1,1,0.964543,0.9885281,1,1,1,1,1
1,1,1,0.9494317,0.9799693,1,1,1,1,1
1,1,1,0.9331787,0.9721156,1,1,1,1,1
1,1,1,0.9158365,0.96498,1,1,1,1,1
1,1,1,0.8974619,0.958578,1,1,1,1,2
1,1,1,0.8781334,0.9529273,1,1,1,1,2
1,1,1,0.8579416,0.9480467,1,1,1,1,2
1,1,1,0.8369949,0.9439533,1,1,1,1,2
1,1,1,0.8160471,0.9406697,1,1,1,1,2
1,1,1,0.8119496,0.9381936,1,1,1,1,2
1,1,1,0.8080263,0.9359795,1,1,1,1,2
1,1,1,0.8042713,0.9340189,1,1,1,1,2
1,0.9746158,1,0.8006799,0.9323052,1,1,1,1,2
1,0.9670966,1,0.7978849,0.9318866,1,1,1,1,2
1,0.9597351,1,0.7954301,0.9320107,1,1,1,1,2
1,0.9525458,1,0.7933109,0.9326724,1,1,1,1,2
1,0.9455382,1,0.7915189,0.9338625,1,1,1,1,2
1,0.9387221,0.9633242,0.7900475,0.9355736,1,0.9915371,1,1,2
1,0.9321076,0.9183962,0.7898858,0.9394744,1,0.9801074,1,1,2
1,0.9257693,0.8723083,0.7912793,0.9460012,1,0.9683377,1,1,2
1,0.9197943,0.8259517,0.7942868,0.9552876,1,0.9563451,1,1,2
1,0.9142624,0.7801327,0.7989459,0.9674475,1,0.9442549,1,1,2
1,0.9092479,0.7355188,0.8052802,1,1,0.9321867,1,1,2
1,0.904774,0.6931567,0.8129365,1,1,0.9203261,1,1,2
1,0.9009094,0.6667624,0.8222876,1,1,0.9086588,1,1,2
1,0.8976009,0.6689756,0.8326789,1,1,0.8973497,1,1,2
1,0.8948488,0.6717571,0.8441901,1,0.947353,0.8863847,1,1,2
1,1,0.6751319,0.8569103,1,0.9305388,0.8757539,1,1,2
1,1,0.6769832,0.8663079,1,0.9156976,0.8657546,1,1,2
0.8957207,1,0.6790387,0.8761128,1,0.9013222,0.9041616,1,1,2
0.886892,1,0.6834615,0.8910854,1,0.8862101,1,1,1,2
0.8787583,1,0.6882251,1,1,0.8716796,1,1,1,2
0.8715876,1,0.6920695,1,1,0.8581846,1,1,1,2
0.8648412,0.9552286,0.6964857,1,1,0.8449538,1,1,1,2
0.8583122,0.8633636,0.7026192,1,1,0.8316268,1,1,1,2
0.8520653,0.776774,0.7109669,1,1,0.8182179,1,1,1,2
0.8464202,0.7008517,0.7202352,1,0.8465298,0.805209,1,1,1,2
0.8413678,0.6336958,0.7304888,1,0.8299762,0.7925829,1,1,1,2
0.8368987,0.5738381,0.741798,1,0.8139604,0.7803259,1,1,1,2
0.8330081,0.5506145,0.7542464,1,0.7984524,0.7684196,1,1,1,2
0.8296891,0.552547,0.7679223,1,0.7834339,0.7568554,1,1,1,2
0.8269399,0.5549843,0.7829311,1,0.7688782,0.7456164,1,1,1,2
1,0.5579402,1,1,0.7547666,0.7346927,1,1,1,2
1,0.5610846,1,1,0.7412742,0.7241132,1,1,1,2
1,0.5645592,1,0.7670382,0.7282316,0.7138068,1,1,1,2
1,0.5691112,1,0.7504288,0.7152934,0.8197869,1,1,1,2
1,0.5742658,1,0.7343661,0.7027321,1,1,1,1,2
1,0.5800444,1,0.7188241,0.6905303,1,1,1,1,2
0.7824508,0.5862413,1,0.703907,0.6787251,1,1,1,1,2
0.6230537,0.593357,1,0.6893175,0.6671938,1,1,1,1,2
0.4994688,0.6012015,1,0.6751791,0.6559832,1,1,1,1,2
0.4986497,0.6098141,1,0.6614704,0.6450804,1,1,1,1,2
0.5006081,0.6192387,1,0.6481746,0.6344764,1,1,1,1,2
0.5030221,0.6295235,1,0.6352734,0.6241596,1,1,1,1,2
0.5059006,0.6407219,1,0.6227521,1,1,1,1,1,2
0.5092556,0.6528954,0.6580468,0.6105972,1,1,1,1,1,2
0.5130974,0.666108,0.6415049,0.59879,1,1,1,1,1,2
0.517439,1,0.6255349,0.5873193,1,1,1,1,1,2
0.5222954,1,0.6101109,0.576174,1,1,1,1,1,2
0.5276812,1,0.5952054,0.5653413,1,1,1,1,1,2
0.5336148,1,0.5807931,0.5548089,1,1,1,1,1,2
0.5401158,1,0.5668532,0.5445684,1,1,1,1,1,2
0.5472067,1,0.5533634,1,1,1,1,1,1,2
0.554908,1,0.5403062,1,1,1,1,1,1,2
0.5632482,1,0.5276617,1,1,1,1,1,1,2
0.5721228,1,0.5154539,1,1,1,1,1,1,2
0.5813966,1,0.5036854,1,1,1,1,1,1,2
0.5910364,1,0.4923135,1,1,1,1,1,1,2
0.6010066,1,0.4812925,1,1,1,1,1,1,2
0.6112707,0.5514531,0.4705868,1,1,1,1,1,1,2
1,0.5333896,0.4599556,1,1,1,1,1,1,2
1,0.5186042,0.4499474,1,1,1,1,1,1,2
1,0.5041981,0.4400787,1,1,1,1,1,1,2
1,1,1,1,1,1,1,1,1,1
1,1,1,1,1,1,1,1,1,1
1,1,1,1,1,1,1,1,1,1
1,1,1,1,1,1,1,1,1,1
1,1,1,1,1,1,1,1,1,1
1,1,1,1,1,1,1,1,1,1
1,1,1,1,1,1,1,1,1,1
1,1,1,1,1,1,1,1,1,1
1,1,1,1,1,1,1,1,1,1
1,1,1,1,1,1,1,1,1,1
1,1,1,1,1,1,1,1,1,1
1,1,1,1,1,1,1,1,1,1
1,1,1,1,1,1,1,1,1,1
1,1,1,1,1,1,1,1,1,1
1,1,1,1,1,1,1,1,1,1
1,1,1,1,1,1,1,1,1,1
1,1,1,1,1,1,1,1,1,1
1,1,1,1,1,1,1,1,1,1
1,1,1,1,1,1,1,1,1,1
1,1,1,1,1,1,1,1,1,1
1,1,1,1,1,1,1,1,1,1
1,1,1,1,1,1,1,1,1,1
1,1,1,1,1,1,1,1,1,1
1,1,1,1,1,1,1,1,1,1
1,1,1,1,1,1,1,1,1,1
1,1,1,1,1,1,1,1,1,1
1,1,1,1,1,1,1,1,1,1
1,1,1,1,1,1,1,1,1,1
1,1,1,1,1,1,1,1,1,1
1,1,1,1,1,1,1,1,1,1
1,1,1,1,1,1,1,1,1,1
1,1,1,1,1,1,1,1,1,1
1,1,1,1,1,1,1,1,1,1
1,1,1,1,1,1,1,1,1,1
1,1,1,1,1,1,1,1,1,1
1,1,1,1,1,1,1,1,1,1
1,1,1,1,1,1,1,1,1,1
1,1,1,1,1,1,1,1,1,1
1,1,1,1,1,1,1,1,1,1
1,1,1,1,1,1,1,1,1,1
1,1,1,1,1,1,1,1,1,1
1,1,1,1,1,1,1,1,1,1
1,1,1,1,1,1,1,1,1,1
1,1,1,1,1,1,1,1,1,1
1,1,1,1,1,1,1,1,1,1
1,1,1,1,1,1,1,1,1,1
1,1,1,1,1,1,1,1,1,1
1,1,1,1,1,1,1,1,1,1
1,1,1,1,1,1,1,1,1,1
1,1,1,1,1,1,1,1,1,1
1,1,1,1,1,1,1,1,1,1
1,1,1,1,1,1,1,1,1,1
1,1,1,1,1,1,1,1,1,1
1,1,1,1,1,1,1,1,1,1
1,1,1,1,1,1,1,1,1,1
1,1,1,1,1,1,1,1,1,1
1,1,1,1,1,1,1,1,1,1
1,1,1,1,1,1,1,1,1,1
1,1,1,1,1,1,1,1,1,1
1,1,1,1,1,1,1,1,1,1
1,1,1,1,1,1,1,1,1,1
1,1,1,1,1,1,1,1,1,1
1,1,1,1,1,1,1,1,1,1
1,1,1,1,1,1,1,1,1,1
1,1,1,1,1,1,1,1,1,1
1,1,1,1,1,1,1,1,1,1
1,1,1,1,1,1,1,1,1,1
1,1,1,1,1,1,1,1,1,1
1,1,1,1,1,1,1,1,1,1
1,1,1,1,1,1,1,1,1,1
1,1,1,1,1,1,1,1,1,1
1,1,1,1,1,1,1,1,1,1
1,1,1,1,1,1,1,1,1,1
1,1,1,1,1,1,1,1,1,1
1,1,1,1,1,1,1,1,1,1
1,1,1,1,1,1,1,1,1,1
1,1,1,1,1,1,1,1,1,1
1,1,1,1,1,1,1,1,1,1
1,1,1,1,1,1,1,1,1,1
1,1,1,1,1,1,1,1,1,1
1,1,1,1,1,1,1,1,1,1
1,1,1,1,1,1,1,1,1,1
1,1,1,1,1,1,1,1,1,1
1,1,1,1,1,1,1,1,1,1
1,1,1,1,1,1,1,1,1,1
1,1,1,1,1,1,1,1,1,1
1,1,1,1,1,1,1,1,1,1
1,1,1,1,1,1,1,1,1,1
1,1,1,1,1,1,1,1,1,1
1,1,1,1,1,1,1,1,1,1
1,1,1,1,1,1,1,1,1,1
1,1,1,1,1,1,1,1,1,1
1,1,1,1,1,1,1,1,1,1
1,1,1,1,1,1,1,1,1,1
1,1,1,1,1,1,1,1,1,1
1,1,1,1,1,1,1,1,1,1
1,1,1,1,1,1,1,1,1,1
1,1,1,1,1,1,1,1,1,1
1,1,1,1,1,1,1,1,1,1
1,1,1,1,1,1,1,1,1,1
1,1,1,1,1,1,1,1,1,1
1,1,1,1,1,1,1,1,1,1
1,1,1,1,1,1,1,1,1,1
1,1,1,1,1,1,1,1,1,1
1,1,1,1,1,1,1,1,1,1
1,1,1,1,1,1,1,1,1,1
1,1,1,1,1,1,1,1,1,1
1,1,1,1,1,1,1,1,1,1
1,1,1,1,1,1,1,1,1,1
1,1,1,1,1,1,1,1,1,1
1,1,1,1,1,1,1,1,1,1
1,1,1,1,1,1,1,1,1,1
1,1,1,1,1,1,1,1,1,1
1,1,1,1,1,1,1,1,1,1
1,1,1,1,1,1,1,1,1,1
1,1,1,1,1,1,1,1,1,1
1,1,1,1,1,1,1,1,1,1
1,1,1,1,1,1,1,1,1,1
1,1,1,1,1,1,1,1,1,1
1,1,1,1,1,1,1,1,1,1
1,1,1,1,1,1,1,1,1,1
1,1,1,1,1,1,1,1,1,1
1,1,1,1,1,1,1,1,1,1
1,1,1,1,1,1,1,1,1,1
1,1,1,1,1,1,1,1,1,1
1,1,1,1,1,1,1,1,1,1
1,1,1,1,1,1,1,1,1,1
1,1,1,1,1,1,1,1,1,1
1,1,1,1,1,1,1,1,1,1
1,1,1,1,1,1,1,1,1,1
1,1,1,1,1,1,1,1,1,1
1,1,1,1,1,1,1,1,1,1
1,1,1,1,1,1,1,1,1,1
1,1,1,1,1,1,1,1,1,1
1,1,1,1,1,1,1,1,1,1
1,1,1,1,1,1,1,1,1,1
1,1,1,1,1,1,1,1,1,1
1,1,1,1,1,1,1,1,1,1
1,1,1,1,1,1,1,1,1,1
1,1,1,1,1,1,1,1,1,1
1,1,1,1,1,1,1,1,1,1
1,1,1,1,1,1,1,1,1,1
1,1,1,1,1,1,1,1,1,1
1,1,1,1,1,1,1,1,1,1
1,1,1,1,1,1,1,1,1,1
1,1,1,1,1,1,1,1,1,1
1,1,1,1,1,1,1,1,1,1
1,1,1,1,1,1,1,1,1,1
1,1,1,1,1,1,1,1,1,1
1,1,1,1,1,1,1,1,1,1
1,1,1,1,1,1,1,1,1,1
1,1,1,1,1,1,0.9917257,1,1,1
1,1,1,1,1,1,0.9806243,1,1,1
1,1,1,1,1,1,0.9694357,1,1,1
1,1,1,1,1,1,0.9581627,1,1,1
1,1,1,1,1,1,0.9468085,1,1,1
1,1,1,1,1,1,0.9353762,1,1,1
1,1,1,1,1,1,0.9238697,1,1,1
1,1,1,1,1,1,0.9122928,1,1,1
1,1,1,1,1,1,0.9006497,1,1,1
1,1,1,1,1,1,0.8889449,1,1,1
1,1,1,1,1,1,0.8771828,1,1,1
1,1,1,1,1,1,0.8653682,1,1,1
1,1,1,1,1,1,0.8535094,1,1,1
1,1,1,1,1,1,0.8416082,1,1,1
1,1,1,1,1,1,0.8296695,1,1,1
1,1,1,1,1,1,0.8176987,1,1,1
1,1,1,1,1,1,0.8057009,1,1,1
1,1,1,1,1,1,0.7936847,1,1,1
1,1,1,1,1,1,0.7816519,1,1,1
1,1,1,1,1,1,0.7696079,1,1,1
1,1,1,1,1,1,0.7575609,1,1,1
1,1,1,1,0.9945315,1,0.7455126,1,1,1
1,1,1,1,0.9847175,1,0.7334742,1,1,0
1,1,1,0.999169,0.9749258,1,0.7214532,1,1,0
1,1,1,0.9899148,0.965153,1,0.7094535,1,1,0
1,1,1,0.9806688,0.955398,1,0.6975051,1,1,0
1,1,1,0.9714279,0.9456593,1,0.6856108,1,1,0
1,1,1,0.9621887,0.9359362,1,0.6737729,1,1,0
1,1,1,0.9529478,0.9262269,1,0.6619936,1,1,0
1,1,1,0.9437019,0.9165303,1,0.6502743,1,1,0
1,1,1,0.9344475,0.9068444,0.9076114,0.6386163,1,1,0
1,1,1,0.9252723,0.8971987,0.8972378,0.6269424,1,1,0
1,1,1,0.9160869,0.8875637,0.8868974,0.615333,1,1,0
1,1,1,0.9068862,0.8779372,0.8765901,0.6133736,1,1,0
1,1,1,0.8976352,0.8683082,0.8663271,0.6239167,0.7807297,1,0
1,1,1,0.8899406,0.859255,0.85575,0.6463631,0.7592726,1,0
1,1,1,1,0.850268,0.8452972,0.6702882,0.7384422,1,0
1,1,1,1,0.8414978,0.8349141,0.6988993,0.7172961,1,0
1,1,1,1,0.832804,0.8246686,0.7297119,0.6968066,1,0
1,1,1,1,0.8241733,0.8145522,0.7627927,0.6769615,1,0
1,1,1,1,0.8155949,0.8045586,0.7982019,0.6577471,1,0
1,1,1,1,0.8070517,0.794674,0.8359882,0.6391374,1,0
1,1,1,1,0.7985328,0.7848906,1,0.6211109,1,0
1,1,1,1,0.789825,0.7751771,1,0.6042668,1,0
1,1,1,1,0.7811784,0.7655331,1,0.5876579,1,0
1,1,1,1,0.772591,0.7559608,1,0.5713005,1,0
1,1,1,1,0.764057,0.7464588,1,0.555204,1,0
1,1,1,1,0.7555699,0.7370246,1,0.5393754,1,0
1,1,1,1,0.7471262,0.7276582,1,0.5238221,1,0
1,1,1,1,0.7387185,0.718356,1,0.5085461,1,0
1,1,1,1,0.7303394,0.7091138,1,0.4935466,1,0
1,1,1,1,0.7219814,0.699927,0.7078466,0.4788215,1,0
1,1,1,1,0.7140642,0.69094,0.6968281,0.4637024,1,0
1,1,1,1,0.7061547,0.6820185,0.6859792,0.4489594,1,0
1,1,1,1,0.6982396,0.673153,0.6752919,0.4499083,0.6899643,0
1,1,1,1,1,0.6653237,0.6638781,0.4702397,0.6507462,0
1,1,1,1,1,0.6578603,0.6528195,0.4930472,0.6137148,0
1,1,1,1,1,0.6507072,0.6421642,0.5181394,0.5792824,0
1,1,1,1,1,0.6438634,0.6319028,0.5457972,0.5471985,0
1,1,1,1,1,0.6373259,0.6220233,0.5763544,0.5172395,0
1,1,1,1,1,0.6310917,0.612515,0.6102068,0.4892095,0
1,1,1,1,1,0.6250598,0.603367,0.6469938,0.4632577,0
1,1,1,1,1,0.6191094,0.594536,0.6861624,0.4393903,0
1,1,1,1,1,1,0.5859739,1,0.4173533,0
1,1,1,1,1,1,0.5776463,1,0.3967456,0
1,1,1,1,1,1,0.569563,1,0.4059005,0
1,1,1,1,1,1,0.5616639,1,0.4197272,0
1,1,1,1,1,1,0.5539127,1,0.4338664,0
1,1,1,1,1,1,0.5462787,0.57042,0.4482751,0
1,1,1,1,1,1,0.5391816,0.5582305,0.4658442,0
1,1,1,1,1,1,0.5322231,0.5467032,0.4837914,0
1,1,1,1,1,1,0.5253595,0.5357505,0.5020375,0
1,1,1,1,1,1,0.518554,0.5252963,0.5205013,0
1,1,1,1,1,1,0.5117784,0.5152768,0.5391036,0
1,1,1,1,1,1,0.505007,0.5056337,0.5577658,0
1,1,1,1,1,1,0.4982188,0.4963163,0.5764111,0
1,1,1,1,1,1,1,0.4872804,0.5949676,0
1,1,1,1,1,1,1,0.4780644,0.617717,0
1,1,1,1,1,1,1,0.4691618,1,1
1,1,1,1,1,1,1,0.4611313,1,1
1,1,1,1,1,1,1,0.4531445,1,1
1,1,1,1,1,1,1,0.4452009,1,1
1,1,1,1,1,1,1,0.4373,1,1
1,1,1,1,1,1,1,0.4294413,0.5105088,0
1,1,1,1,1,1,1,0.4210076,0.4966518,0
1,1,1,1,1,1,1,0.4128181,0.483367,0
1,1,1,1,1,1,1,0.4048592,0.4706249,0
1,1,1,1,1,1,1,0.3971232,0.4584027,0
1,1,1,1,1,1,1,0.3895962,0.4466707,0
1,1,1,1,1,1,1,0.3822647,0.4353999,0
1,1,1,1,1,1,1,0.3751213,0.4245686,0
1,1,1,1,1,1,1,0.3681502,0.4141459,0
1,1,1,1,1,1,1,0.3613449,0.4041124,0
1,1,1,1,1,1,1,0.5472044,0.3944393,0
1,1,1,1,1,1,1,1,0.3851271,0
1,1,1,1,1,1,1,1,0.3761301,0
1,1,1,1,1,1,1,1,0.367379,0
1,1,1,1,1,1,1,1,0.3588632,0
1,1,1,1,1,1,1,1,0.3505787,0
1,1,1,1,1,1,1,1,0.3425152,0
1,1,1,1,1,1,1,1,0.3346657,0
1,1,1,1,1,1,1,1,0.3270267,0
1,1,1,1,1,1,1,1,0.3195848,0
1,1,1,1,1,1,1,1,0.3123369,0
1,1,1,1,1,1,1,1,0.3052766,0
1,1,1,1,1,1,1,1,0.3263397,0
1,1,1,1,1,1,1,1,0.3620231,0
1,1,1,1,1,1,1,1,0.3990209,0
1,1,1,1,1,1,1,1,0.4372073,0
1,1,1,1,1,1,1,1,0.4764373,0
1,1,1,1,1,1,1,1,0.516554,0
1,1,1,1,1,1,1,1,0.5573859,0
1,1,1,1,1,1,1,1,0.5987486,0
1,1,1,1,1,1,1,1,1,1
1,1,1,1,1,1,1,1,1,1
1,1,1,1,1,1,1,1,1,1
1,1,1,1,1,1,1,1,1,1
1,1,1,1,1,1,1,1,1,1
1,1,1,1,1,1,1,1,1,1
1,1,1,1,1,1,1,1,1,1
1,1,1,1,1,1,1,1,1,1
1,1,1,1,1,1,1,1,1,1
1,1,1,1,1,1,1,1,1,1
1,1,1,1,1,1,1,1,1,1
1,1,1,1,1,1,1,1,1,1
1,1,1,1,1,1,1,1,1,1
1,1,1,1,1,1,1,1,1,1
1,1,1,1,1,1,1,1,1,1
1,1,1,1,1,1,1,1,1,1
1,1,1,1,1,1,1,1,1,1
1,1,1,1,1,1,1,1,1,1
1,1,1,1,1,1,1,1,1,1
1,1,1,1,1,1,1,1,1,1
1,1,1,1,1,1,1,1,1,1
1,1,1,1,1,1,1,1,1,1
1,1,1,1,1,1,1,1,1,1
1,1,1,1,1,1,1,1,1,1
1,1,1,1,1,1,1,1,1,1
1,1,1,1,1,1,1,1,1,1
1,1,1,1,1,1,1,1,1,1
1,1,1,1,1,1,1,1,1,1
1,1,1,1,1,1,1,1,1,1
1,1,1,1,1,1,1,1,1,1
1,1,1,1,1,1,1,1,1,1
1,1,1,1,1,1,1,1,1,1
1,1,1,1,1,1,1,1,1,1
1,1,1,1,1,1,1,1,1,1
1,1,1,1,1,1,1,1,1,1
1,1,1,1,1,1,1,1,1,1
1,1,1,1,1,1,1,1,1,1
1,1,1,1,1,1,1,1,1,1
1,1,1,1,1,1,1,1,1,1
1,1,1,1,1,1,1,1,1,1
1,1,1,1,1,1,1,1,1,1
1,1,1,1,1,1,1,1,1,1
1,1,1,1,1,1,1,1,1,1
1,1,1,1,1,1,1,1,1,1
1,1,1,1,1,1,1,1,1,1
1,1,1,1,1,1,1,1,1,1
1,1,1,1,1,1,1,1,1,1
1,1,1,1,1,1,1,1,1,1
1,1,1,1,1,1,1,1,1,1
1,1,1,1,1,1,1,1,1,1
1,1,1,1,1,1,1,1,1,1
1,1,1,1,1,1,1,1,1,1
1,1,1,1,1,1,1,1,1,1
1,1,1,1,1,1,1,1,1,1
1,1,1,1,1,1,1,1,1,1
1,1,1,1,1,1,1,1,1,1
1,1,1,1,1,1,1,1,1,1
1,1,1,1,1,1,1,1,1,1
1,1,1,1,1,1,1,1,1,1
1,1,1,1,1,1,1,1,1,1
1,1,1,1,1,1,1,1,1,1
1,1,1,1,1,1,1,1,1,1
1,1,1,1,1,1,1,1,1,1
1,1,1,1,1,1,1,1,1,1
1,1,1,1,1,1,1,1,1,1
1,1,1,1,1,1,1,1,1,1
1,1,1,1,1,1,1,1,1,1
1,1,1,1,1,1,1,1,1,1
1,1,1,1,1,1,1,1,1,1
1,1,1,1,1,1,1,1,1,1
1,1,1,1,1,1,1,1,1,1
1,1,1,1,1,1,1,1,1,1
1,1,1,1,1,1,1,1,1,1
1,1,1,1,1,1,1,1,1,1
1,1,1,1,1,1,1,1,1,1
1,1,1,1,1,1,1,1,1,1
1,1,1,1,1,1,1,1,1,1
1,1,1,1,1,1,1,1,1,1
1,1,1,1,1,1,1,1,1,1
1,1,1,1,1,1,1,1,1,1
1,1,1,1,1,1,1,1,1,1
1,1,1,1,1,1,1,1,1,1
1,1,1,1,1,1,1,1,1,1
1,1,1,1,1,1,1,1,1,1
1,1,1,1,1,1,1,1,1,1
1,1,1,1,1,1,1,1,1,1
1,1,1,1,1,1,1,1,1,1
1,1,1,1,1,1,1,1,1,1
1,1,1,1,1,1,1,1,1,1
1,1,1,1,1,1,1,1,1,1
1,1,1,1,1,1,1,1,1,1
1,1,1,1,1,1,1,1,1,1
1,1,1,1,1,1,1,1,1,1
1,1,1,1,1,1,1,1,1,1
1,1,1,1,1,1,1,1,1,1
1,1,1,1,1,1,1,1,1,1
1,1,1,1,1,1,1,1,1,1
1,1,0.9977475,1,1,1,1,1,1,1
1,1,0.9891132,1,1,1,1,1,1,1
1,1,0.9805168,1,1,1,1,1,1,1
1,1,0.9719594,1,1,1,1,1,1,1
1,1,0.9634408,1,1,1,1,1,1,1
1,1,0.9549657,1,1,1,1,1,1,1
1,1,0.9465343,1,1,1,1,1,1,1
1,1,0.9381492,1,1,1,1,1,1,1
1,1,0.929814,1,1,1,1,1,1,1
1,1,0.9215317,1,1,1,1,1,1,1
1,1,0.9133051,1,1,1,1,1,1,1
1,1,0.905139,1,1,1,1,1,1,1
1,1,0.8970351,1,1,1,1,1,1,2
1,1,0.8889985,1,1,1,1,1,1,2
1,1,0.8810345,1,1,1,1,1,1,2
1,1,0.8731449,1,1,1,1,1,1,2
1,1,0.8653355,1,1,1,1,1,1,2
1,1,0.8576099,1,1,1,1,1,1,2
1,1,0.8499724,1,1,1,1,1,1,2
1,1,0.842428,1,1,1,1,1,1,2
1,1,0.8349811,1,1,1,1,1,1,2
1,1,0.8276374,1,1,1,1,1,1,2
1,1,1,1,1,1,1,1,1,1
1,1,1,1,1,1,1,1,1,1
1,1,1,1,1,1,1,1,1,1
1,1,1,1,1,1,1,1,1,1
1,1,1,1,1,1,1,1,1,1
1,1,1,1,1,1,1,1,1,1
1,1,1,1,1,1,1,1,1,1
1,1,1,1,1,1,1,1,1,1
1,1,1,1,1,1,1,1,1,1
1,1,1,1,1,1,1,1,1,1
1,1,1,1,1,1,1,1,1,1
1,1,1,1,1,1,1,1,1,1
1,1,1,1,1,1,1,1,1,1
1,1,1,1,1,1,1,1,1,1
1,1,1,1,1,1,1,1,1,1
1,1,1,1,1,1,1,1,1,1
1,1,1,1,1,1,1,1,1,1
1,1,1,1,1,1,1,1,1,1
1,0.6824425,1,1,1,1,1,1,1,2
1,0.671885,1,1,1,1,1,1,1,2
1,0.661514,1,1,1,1,1,1,1,2
1,0.6513442,1,1,1,1,1,1,1,2
1,0.6413881,1,1,1,1,1,1,1,2
1,0.6316607,1,1,1,1,1,1,1,2
1,0.6221735,1,1,1,1,1,1,1,2
1,0.6129403,1,1,1,1,1,1,1,2
1,0.6039714,1,1,1,1,1,1,1,2
1,0.5952793,1,1,1,1,1,1,1,2
1,0.5868745,1,1,1,1,1,1,1,2
1,0.5787669,1,1,1,1,1,1,1,2
1,0.5709658,1,1,1,1,1,1,1,2
1,1,1,1,1,1,1,1,1,1
1,1,1,1,1,1,1,1,1,1
1,1,1,1,1,1,1,1,1,1
1,1,1,1,1,1,1,1,1,1
0.6068293,1,1,1,1,1,1,1,1,2
0.5946578,1,1,1,1,1,1,1,1,2
0.5827528,1,1,1,1,1,1,1,1,2
0.5711352,1,1,1,1,1,1,1,1,2
0.5598214,1,1,1,1,1,1,1,1,2
0.5488288,1,1,1,1,1,1,1,1,2
0.5381752,1,1,1,1,1,1,1,1,2
0.5278742,1,1,1,1,1,1,1,1,2
0.5179415,1,1,1,1,1,1,1,1,2
0.5083885,1,1,1,1,1,1,1,1,2
0.4992293,1,1,1,1,1,1,1,1,2
0.5444117,1,1,1,1,1,1,1,1,2
0.6093175,1,1,1,1,1,1,1,1,2
0.6771646,1,1,1,1,1,1,1,1,2
1,1,1,1,1,1,1,1,1,1
1,1,1,1,1,1,1,1,1,1
1,1,1,1,1,1,1,1,1,1
1,1,1,1,1,1,1,1,1,1
1,1,1,1,1,1,1,1,1,1
1,1,1,1,1,1,1,1,1,1
1,1,1,1,1,1,1,1,1,1
1,1,1,1,1,1,1,1,1,1
1,1,1,1,1,1,1,1,1,1
1,1,1,1,1,1,1,1,1,1
1,1,1,1,1,1,1,1,1,1
1,1,1,1,1,1,1,1,1,1
1,1,1,1,1,1,1,1,1,1
1,1,1,1,1,1,1,1,1,1
1,1,1,1,1,1,1,1,1,1
1,1,1,1,1,1,1,1,1,1
1,1,1,1,1,1,1,1,1,1
1,1,1,1,1,1,1,1,1,1
1,1,1,1,1,1,1,1,1,1
1,1,1,1,1,1,1,1,1,1
1,1,1,1,1,1,1,1,1,1
1,1,1,1,1,1,1,1,1,1
1,1,1,1,1,1,1,1,1,1
1,1,1,1,1,1,1,1,1,1
1,1,1,1,1,1,1,1,1,1
1,1,1,1,1,1,1,1,1,1
1,1,1,1,1,1,1,1,1,1
1,1,0.9936159,1,1,1,1,1,1,1
1,0.9655085,0.9783249,1,1,1,1,1,1,1
1,0.9071347,0.960416,1,1,1,1,1,1,2
1,0.8366793,0.9386497,1,1,1,1,1,1,2
1,0.7696011,0.9126304,1,1,1,1,1,1,2
1,0.7668141,0.882967,1,1,1,1,1,1,2
1,0.7644365,0.8645731,1,1,1,1,1,1,2
1,0.7624317,0.8685791,1,1,1,1,1,1,2
1,0.7606686,0.872919,1,1,1,1,1,1,2
1,0.7591397,0.8775837,1,1,1,1,1,1,2
1,0.7578378,0.8825639,1,1,1,1,1,1,2
1,0.7567516,0.8878446,1,1,1,1,1,1,2
1,0.7558733,0.8934152,1,1,1,1,1,1,2
1,0.7551945,0.8992645,1,1,1,1,1,1,2
1,0.7547041,0.9053763,1,1,1,1,1,1,2
1,0.7543921,1,1,1,1,1,1,1,2
1,0.7534856,1,1,1,1,1,1,1,2
1,0.75274,1,1,1,1,1,1,1,2
1,0.7521564,1,1,1,1,1,1,1,2
1,0.7517352,1,1,1,1,1,1,1,2
1,0.7514738,1,1,1,1,1,1,1,2
1,1,1,1,1,1,1,1,1,1
1,1,1,1,1,1,1,1,1,1
0.6854977,1,1,1,1,1,1,1,1,2
0.682489,0.8783647,1,1,1,1,1,1,1,2
0.6797603,0.8213629,1,1,1,1,1,1,1,2
0.6774732,0.7652127,1,1,1,1,1,1,1,2
0.6756853,0.7126845,1,1,1,1,1,1,1,2
0.674396,0.6941811,1,1,1,1,1,1,1,2
0.6736063,0.7002517,1,1,1,1,1,1,1,2
0.6733171,0.7070199,1,1,1,1,1,1,1,2
0.6735317,0.7145189,1,1,1,1,1,1,1,2
0.6742534,0.7227832,1,1,1,1,1,1,1,2
0.6754867,0.7318513,1,1,1,1,1,1,1,2
0.6772387,0.7417671,1,1,1,1,1,1,1,2
0.6795166,1,1,1,1,1,1,1,1,2
0.9325333,1,1,1,1,1,1,1,1,1
0.9327175,1,1,1,1,1,1,1,1,1
0.9329354,1,1,1,1,1,1,1,1,1
0.9331864,1,1,1,1,1,1,1,1,1
0.9334704,1,1,1,1,1,1,1,1,1
1,1,1,1,1,1,1,1,1,1
0.915367,1,1,1,1,1,1,1,0.9157273,1
0.9153706,1,1,1,1,1,1,1,0.9157237,1
0.9153742,1,1,1,1,1,1,1,0.9157203,1
0.9153775,1,1,1,1,1,1,1,0.9157168,1
0.915381,1,1,1,1,1,1,1,0.9157134,1
0.9153841,1,1,1,1,1,1,1,0.9157103,1
0.9153889,1,1,1,1,1,1,1,0.9157054,1
1,1,1,1,1,1,1,1,0.9157007,1
1,1,1,1,1,1,1,1,0.9165782,1
1,1,1,1,1,1,1,1,0.917493,1
1,1,1,1,1,1,1,1,0.9184445,1
1,1,1,1,1,1,1,1,0.9194306,1
1,1,1,1,1,1,1,1,0.9204521,1
1,1,1,1,1,1,1,1,0.9215071,1
1,1,1,1,1,1,1,1,0.9225926,1
1,1,1,1,1,1,1,1,0.9237102,1
1,1,1,1,1,1,1,1,0.9248575,1
1,1,1,1,1,1,1,1,0.9260322,1
1,1,1,1,1,1,1,1,0.9272352,1
1,1,1,1,1,1,1,1,0.9284643,1
1,1,1,1,1,1,1,1,0.9297189,1
1,1,1,1,1,1,1,1,0.927632,1
1,1,1,1,1,1,1,1,0.9217542,1
1,1,1,1,1,1,1,1,0.9231974,1
1,1,1,1,1,1,1,1,0.9246665,1
1,1,1,1,1,1,1,1,0.9261605,1
1,1,1,1,1,1,1,1,0.9276772,1
1,1,1,1,1,1,1,1,0.9292157,1
1,1,1,1,1,1,1,1,0.9307753,1
1,1,1,1,1,1,1,1,0.9323539,1
1,1,1,1,1,1,1,1,0.9339489,1
1,1,1,1,1,1,1,1,0.9355597,1
1,1,1,0.9970369,1,1,1,1,0.9371856,1
1,1,1,0.9873683,1,1,1,1,0.9388143,1
1,1,1,0.977654,1,1,1,1,0.9404196,1
1,1,1,0.9678904,1,1,1,1,0.9419982,1
1,1,1,0.9580804,1,1,1,1,0.9435452,1
1,0.9970729,1,0.948221,1,1,1,1,0.9450594,1
1,0.9818543,1,0.9382905,1,1,1,1,0.9465014,1
1,0.9656172,1,0.9281815,1,1,1,1,0.9477162,1
1,0.9483676,1,0.9178916,1,1,1,1,0.9486853,1
1,0.9301254,1,0.90742,1,1,1,1,0.9493893,1
1,0.9109198,0.999791,0.8967667,1,1,1,1,0.9498156,1
1,0.8907994,0.9870499,0.8859388,1,1,1,1,0.9499515,1
1,0.8695037,0.9737549,0.8748825,1,1,1,1,0.9496986,2
1,0.861571,0.9599306,0.8636112,1,1,1,1,0.9490479,2
1,0.8637651,0.9458675,0.8522459,1,1,1,1,0.9481677,2
1,0.8662115,0.9317792,0.8408774,1,1,1,1,0.947182,2
1,0.8689035,0.917686,0.8295144,1,1,1,1,0.9461013,2
1,0.8718361,0.9036067,0.8298386,1,1,1,1,0.9449341,2
1,0.8749243,0.8896112,0.8481174,1,1,1,1,0.9437268,2
1,0.8780493,0.8757823,0.8671004,1,1,1,1,0.9425347,2
1,0.8812052,0.8621182,0.8867844,1,1,1,1,0.9413568,2
1,0.8843825,0.8486107,0.90715,1,1,1,1,0.9401952,2
1,0.8875747,0.8352572,0.9281848,1,1,1,1,0.9390503,2
1,0.890777,0.8220485,0.9498819,1,1,1,1,0.9379204,2
1,0.8939816,0.8089825,0.9722174,1,1,1,1,0.936807,2
1,0.8971829,0.7960528,0.9951738,1,1,1,1,0.9357096,2
1,0.9003779,0.78325,1,1,1,1,1,0.9346261,2
1,0.9036695,0.7705195,1,1,1,1,1,0.9335194,2
1,0.9070827,0.7578497,1,1,1,1,1,0.9323806,2
1,0.9106116,0.7452437,1,1,1,1,1,0.9312127,2
1,0.9142483,0.7327042,1,1,1,1,1,0.93002,2
1,0.9179891,0.720233,1,1,1,1,1,0.928803,2
1,0.9218276,0.7078351,1,1,1,1,1,0.927564,2
1,0.9257562,0.6955084,1,1,1,1,1,1,2
0.9869507,0.9322902,0.6823715,1,1,1,1,1,1,2
0.9277989,0.93944,0.6692376,1,1,1,1,1,1,2
0.8655442,0.9488517,0.6556309,1,1,1,1,1,1,2
0.8017694,0.9607568,0.6416374,1,1,1,1,1,1,2
0.7397292,0.9753653,0.627369,1,1,1,1,1,1,2
0.745113,0.9928018,0.6129714,1,1,1,1,1,0.9096349,2
0.7495769,1,0.5998638,1,1,1,1,1,0.9067838,2
0.7541456,0.7668842,0.6089607,1,1,1,1,1,0.9040326,2
0.7609422,0.7410843,0.6472091,1,1,1,1,1,0.9005055,2
0.7680432,0.7167534,0.6892916,1,1,1,1,1,0.8971647,2
0.7754014,0.6937753,0.7354515,1,1,1,1,1,0.8939907,2
0.7829733,0.6720406,0.785943,1,1,1,1,1,0.890959,2
0.790714,0.651442,0.8410082,1,1,1,1,1,0.888046,2
0.7985786,0.6318777,1,1,1,1,1,1,0.8852298,2
0.8061191,0.6136859,1,1,1,1,1,1,0.8825296,2
0.8139545,0.5960118,1,1,1,1,1,1,0.8798493,2
0.8220701,0.5788449,1,1,1,0.9746876,1,1,0.8771856,2
0.8302404,0.5623367,1,1,1,0.9690442,1,1,0.8745402,2
0.838587,0.5463163,1,1,1,0.9633493,1,1,0.8718994,2
0.8470844,0.5307605,1,1,1,0.957579,1,1,0.8692559,2
0.8557068,0.5156499,1,1,1,0.9517134,1,1,0.8666015,2
0.8644252,0.5009573,1,1,1,0.9457269,1,1,0.8639292,2
0.8732106,0.4866596,1,1,1,0.939598,1,1,0.8612321,2
0.8820335,0.4727341,1,1,1,0.933307,1,1,0.858503,2
0.8908641,0.4591587,1,1,1,0.9268357,1,1,0.8557354,2
0.6823227,0.4597673,1,1,1,0.9201673,1,1,0.8529224,2
0.6513465,0.4783572,1,1,1,0.9170998,1,1,0.8505018,2
0.6218287,0.4983873,1,1,1,0.9142824,1,1,0.848128,2
0.5937444,0.5199136,1,1,0.9696411,0.9116782,1,1,0.8457953,2
0.5673958,0.5424899,1,1,0.9259216,0.9089718,1,1,0.843447,2
0.5428141,0.5657545,1,1,0.8868014,0.9059469,1,1,0.8410322,2
0.5198082,0.5895846,1,1,0.8516443,0.9025469,1,1,0.8385245,2
0.4982107,0.6138411,1,1,0.8199191,0.898726,1,1,0.8359016,2
0.4778661,0.6383731,1,1,0.8075035,0.8944429,1,1,0.8331445,2
0.4584804,0.6634604,1,1,0.8014321,0.889852,1,1,0.8302814,2
0.4399239,0.6891426,1,1,0.7952183,0.8849869,1,1,0.8273155,2
0.4221379,1,1,1,0.7888392,0.8798124,1,1,0.8242331,1
0.4071127,1,1,1,0.7803595,0.8711573,1,1,0.8202298,1
0.3923221,1,1,1,0.7718074,0.8623706,1,1,0.8161669,1
0.3991734,1,1,1,0.7631728,0.8534377,1,1,0.8120416,1
0.4064241,1,1,1,0.7541844,0.8439137,1,1,0.8077385,1
0.4133908,1,1,0.9868656,0.7448336,0.8337888,1,1,0.8341022,1
0.4204822,1,1,0.9660082,0.7355584,0.8237828,1,1,0.8670086,1
0.4277689,1,1,0.9442787,0.726418,0.8139929,1,1,0.8979447,1
0.435223,1,1,0.9220568,0.7173711,0.8043494,1,1,0.927237,1
0.4428144,1,1,0.8996482,0.7083816,0.7947928,1,1,0.9552043,1
0.4505181,1,1,0.8772784,0.6994212,0.7852763,1,1,0.982125,1
0.4583155,1,1,0.8551029,0.6904713,0.7757676,1,1,1,1
0.4660351,1,1,0.8340613,0.6813828,0.7660254,1,1,1,1
0.4733309,1,1,0.8157922,0.6718948,0.7556203,1,1,1,1
0.4801942,1,1,0.79997,0.6620324,0.7445996,1,1,1,1
0.4866226,1,1,0.7863268,0.6518297,0.7330213,1,1,1,1
0.4926193,1,1,0.7746455,0.641322,0.7209448,1,1,1,1
0.4981914,1,1,0.7647489,0.6305448,0.7084304,1,1,1,1
0.5033523,1,1,0.7564869,0.6195297,0.6955336,1,1,1,1
0.5081179,1,1,0.7497357,0.6083114,0.6823128,1,1,1,0
0.5125071,1,1,0.7443941,0.596926,0.6688271,1,1,1,0
0.5165424,1,1,0.7403731,0.5854012,0.6551253,1,1,1,0
0.5202475,1,1,0.7376002,0.5737693,0.6412603,1,1,1,0
0.5236465,1,1,0.7360157,0.5620566,0.6272764,1,1,1,0
0.5267654,1,1,0.7355659,0.5502901,0.6132178,1,1,1,0
0.5296301,1,1,0.7362083,0.5384941,0.5991239,0.7725977,1,1,0
0.5287745,1,1,0.7578982,0.5247633,0.5818605,0.7449154,1,1,0
0.5276862,1,1,0.7839034,0.5111574,0.5648221,0.7178707,1,1,0
0.5264385,1,1,0.8147112,0.4977109,0.5480652,0.6915756,1,1,0
0.5250974,1,1,0.8509136,0.4891716,0.5316411,0.6661184,1,1,0
0.5237498,1,1,0.9410545,0.4973378,0.5156031,0.6415981,1,1,0
0.5227016,1,1,0.9287732,0.5055503,0.5001687,0.618459,1,1,0
0.521578,1,1,0.9166848,0.5150197,0.485017,0.5959975,1,1,0
0.5204217,1,1,0.9048006,0.5257586,0.4701634,0.5742373,1,1,0
0.5192629,1,1,0.8931245,0.537793,0.4556147,0.5531846,1,1,0
0.5181285,1,1,0.8816571,0.551144,0.4413735,0.5328352,1,1,0
0.51704,1,1,0.8703973,0.5658315,0.4274403,0.5131781,1,1,0
0.5160097,1,1,0.8593335,0.5818895,0.4138035,0.494185,1,1,0
0.5150498,1,1,0.8484545,0.5993401,0.4004519,0.4758261,1,1,0
0.5141663,1,1,0.8377469,0.6182145,0.3873716,0.4580673,1,1,0
0.5133621,1,1,0.8271931,0.6385475,0.3822246,0.4408686,1,1,0
0.5126752,1,1,0.8167879,0.66001,0.3867601,0.4242412,1,1,0
0.512143,1,1,0.8065178,0.6821166,0.3912114,0.4081839,1,1,0
0.511746,1,1,0.7963567,0.7048316,0.395561,0.3926271,1,1,0
0.5114678,1,1,0.7862879,0.8026885,0.3997937,0.377518,1,1,0
0.5114601,1,1,0.7763029,0.7912916,0.4032197,0.3629716,0.6084234,1,0
0.508268,1,1,0.7662741,0.7781839,0.4211995,0.3455343,0.5664692,1,0
0.5051335,1,1,1,0.7654792,0.4422046,0.3287109,0.5276318,1,0
0.5020511,1,1,1,0.753161,0.4668496,0.3124593,0.4915616,1,0
0.4990176,1,1,1,0.7412167,0.4959238,0.2967447,0.4579643,1,0
0.4960279,1,1,1,0.7296317,0.5304716,0.2815313,0.426581,1,0
0.4930788,1,1,1,0.7183921,0.5718896,0.2857826,0.397187,1,0
0.4903155,1,1,1,0.7075194,0.6196697,0.2954844,0.3700202,1,0
0.4877905,1,1,1,0.6969767,0.7117075,0.3056594,0.3449908,1,0
0.485516,1,1,1,0.686703,0.6991051,0.3160232,0.3218976,1,0
0.483322,1,1,1,0.6766294,0.686865,0.3271448,0.3000793,1,0
0.4812024,1,1,1,0.6667305,0.6749583,0.3389966,0.2794091,1,0
0.5045023,1,1,1,1,0.6633497,0.3515507,0.2597603,1,0
0.5022442,1,1,1,1,0.651883,0.3661392,0.2406311,0.5360891,0
0.4993773,1,1,1,1,0.6402569,0.387876,0.2209694,0.4724976,0
0.4965414,1,1,1,1,0.628978,0.4129034,0.2022607,0.4164655,0
0.4937316,1,1,0.9726747,1,0.6180361,0.4418567,0.2048178,0.3667215,0
0.4909463,1,1,0.9664932,1,0.6074187,0.4755359,0.2114008,0.3222583,0
0.4881822,1,1,0.9627081,1,0.5971173,0.5149837,0.2187018,0.2822792,0
0.4854364,1,1,0.9593299,1,0.5871208,0.6080202,0.2267806,0.246134,0
0.4827067,1,1,0.9563665,1,1,0.5946378,0.2357024,0.213299,0
0.4799915,1,1,0.9538242,1,1,0.5816963,0.2455412,0.1833358,0
0.4772875,1,1,0.9517096,1,1,0.5691768,0.2563835,0.1734489,0
0.4745927,1,1,0.9500346,1,1,0.5570647,0.2683256,0.1784149,0
0.4719052,1,1,0.9488088,0.937236,1,0.5453433,0.2814777,0.1838153,0
0.4692215,1,1,0.948047,0.8828918,1,0.5339999,0.2959694,0.1896724,0
0.4665409,1,1,0.947762,0.8788266,1,0.5230202,0.3119442,0.1960075,0
0.4638516,1,1,1,0.8750679,1,0.5124022,0.329401,0.202802,0
0.4611174,1,1,1,0.8713511,1,0.5021519,0.3479897,0.2099468,0
0.4582738,1,1,1,0.8672704,1,0.4922473,0.3669893,0.2172452,0
0.4552964,1,1,1,0.8627623,1,0.5591591,0.3862357,0.2246472,0
0.4521594,1,1,1,0.8577342,1,0.9510862,0.405447,0.2320801,0
0.4488325,1,1,1,0.8520335,0.9480361,1,0.4241543,0.2394327,0
0.4453205,1,1,1,0.8456876,0.8966029,1,0.5037791,0.2466772,0
0.441552,1,1,1,0.8382634,0.8579219,1,0.4921915,0.253519,0
0.4376627,1,1,1,0.8304566,0.8240256,1,0.4809453,0.2602903,0
0.4336589,1,1,1,0.8222836,0.7940918,1,0.4700002,0.2669724,1
0.4295506,1,1,1,0.8137572,0.7674805,1,0.459314,0.2735465,1
0.4253473,1,1,1,0.804897,0.7529702,1,0.4488525,0.2799973,1
0.4210672,1,1,1,0.7957655,0.7440957,1,0.4385642,0.2863405,1
0.4201759,1,1,1,0.786401,0.7350979,1,0.4284207,0.2925792,1
0.4640337,1,1,1,0.7768675,0.7260101,1,0.4183785,0.2987391,1
0.5036805,1,1,1,0.7678753,0.7172256,1,0.4081009,0.3053256,1
0.5390794,1,1,1,0.7593298,0.7086977,1,0.3976665,0.3123158,0
0.5705378,1,1,1,0.7511373,0.7003785,1,0.3871417,0.3196792,0
0.5985391,1,1,1,0.7432152,0.6922253,1,0.3765835,0.3273826,0
0.6236259,1,1,1,0.7354928,0.6842016,1,0.3660383,0.3353974,0
0.6463442,1,1,1,0.7279078,0.6762733,1,0.355539,0.3436927,0
0.6671653,1,1,1,0.7204125,0.6684154,1,0.3451126,0.4682683,1
1,1,1,1,0.7115799,0.6598075,1,0.3352283,0.4539479,0
1,1,1,1,0.7081447,0.6543309,1,0.3237427,0.4336297,0
1,1,1,1,1,0.6489495,1,0.3473408,0.4144216,0
0.6601365,1,1,1,1,0.6449744,1,0.385282,0.3942961,0
1,1,1,1,1,0.6375098,1,0.4098911,0.3801852,0
1,1,1,1,1,0.633627,1,0.4548642,0.3619989,0
0.6504396,1,1,1,1,0.6296979,0.7782554,0.5046407,0.3450986,1
1,1,1,1,1,0.6212202,0.7327181,0.5288852,0.3335256,0
1,1,1,1,1,0.6165718,0.6357079,0.5814312,0.318487,0
1,1,1,1,1,0.6115093,0.5605335,0.6360156,0.304496,0
1,1,1,1,1,0.606025,0.5536095,0.6920551,0.2913638,0
1,1,1,1,1,0.6002679,0.5466551,1,0.2788504,0
1,1,1,1,1,0.5934911,0.5393577,1,0.2859282,0
1,1,1,1,1,0.5864943,0.5320073,1,0.298406,0
1,1,1,1,1,0.5792398,0.5245836,1,0.310808,0
1,1,1,1,1,1,0.5170819,1,0.3230923,0
1,1,1,1,1,1,0.5106255,1,0.3392677,0
1,1,1,1,1,1,0.5041484,1,0.355706,0
1,1,1,1,1,1,0.4976377,1,0.3723502,0
1,1,1,1,1,1,0.4910806,1,0.3891468,0
1,1,1,1,1,1,0.4844693,1,0.4060384,0
1,1,1,1,1,1,0.4777921,1,0.4229705,0
1,1,1,1,1,1,0.4710483,1,0.4398887,0
1,1,1,1,1,1,0.4642292,1,0.4567397,0
1,1,1,1,1,1,0.457334,1,0.4734722,0
1,1,1,1,1,1,0.4503626,1,0.4900395,1
1,1,1,1,1,1,0.443313,1,0.5063981,1
1,1,1,1,1,1,0.4361869,1,0.5225071,1
1,1,1,1,1,1,0.4289865,1,0.5383266,1
1,1,1,1,1,1,0.4217115,1,0.5538287,1
1,1,1,1,1,1,0.414365,1,0.5689806,1
1,1,1,1,1,1,0.4069501,1,0.5837623,1
1,1,1,1,1,1,0.3994704,0.3795288,0.5981515,1
1,1,1,1,1,1,0.3923139,0.3722103,0.6149229,1
1,1,1,1,1,1,0.38508,0.3649406,1,2
1,1,1,1,1,1,0.3766754,0.3579348,1,2
1,1,1,1,1,1,0.3683041,0.3508847,1,2
1,1,1,1,1,1,0.3599647,0.343792,1,2
1,1,1,1,1,1,0.3516528,0.3366551,1,2
1,1,1,1,1,1,0.3433675,0.3294762,1,2
1,1,1,1,1,1,0.3351047,0.3222541,1,2
1,1,1,1,1,1,1,0.314988,1,1
1,1,1,1,1,1,1,0.3073886,1,1
1,1,1,1,1,1,1,0.2998287,1,1
1,1,1,1,1,1,1,0.2923076,1,1
1,1,1,1,1,1,1,0.2848275,1,1
1,1,1,1,1,1,1,0.2773846,1,1
1,1,1,1,1,1,1,0.2699782,1,1
1,1,1,1,1,1,1,0.2626046,1,1
1,1,1,1,1,1,1,0.2552661,0.2963566,0
1,1,1,1,1,1,1,0.2477069,0.2849677,0
1,1,1,1,1,1,1,0.2403984,0.2741811,0
1,1,1,1,1,1,1,0.2333152,0.2639374,0
1,1,1,1,1,1,1,0.2264372,0.2541864,0
1,1,1,1,1,1,1,0.2197461,0.2448829,0
1,1,1,1,1,1,1,1,0.2359828,0
1,1,1,1,1,1,1,1,0.2274723,0
1,1,1,1,1,1,1,1,0.2192481,0
1,1,1,1,1,1,1,1,0.2112965,0
1,1,1,1,1,1,1,1,0.2036015,0
1,1,1,1,1,1,1,1,0.1961544,0
1,1,1,1,1,1,1,1,0.1889375,0
1,1,1,1,1,1,1,1,0.1819434,0
1,1,1,1,1,1,1,1,0.20342,0
1,1,1,1,1,1,1,1,0.2357054,0
1,1,1,1,1,1,1,1,0.2697369,0
1,1,1,1,1,1,1,1,0.3054429,0
1,1,1,1,1,1,1,1,0.342733,0
1,1,1,1,1,1,1,1,1,1
1,1,1,1,1,1,1,1,1,1
1,1,1,1,1,1,1,1,1,1
1,1,1,1,1,1,1,1,1,1
1,1,1,1,1,1,1,1,1,1
1,1,1,1,1,1,1,1,1,1
1,1,1,1,1,1,1,1,1,1
1,1,1,1,1,1,1,1,1,1
1,1,1,1,1,1,1,1,1,1
1,1,1,1,1,1,1,1,1,1
1,1,1,1,1,1,1,1,1,1
1,1,1,1,1,1,1,1,1,1
1,1,1,1,1,1,1,1,1,1
1,1,1,1,1,1,1,1,1,1
1,1,1,1,1,1,1,1,1,1
1,1,1,1,1,1,1,1,1,1
1,1,1,1,1,1,1,1,1,1
1,1,1,1,1,1,1,1,1,1
1,1,1,1,1,1,1,1,1,1
1,1,1,1,1,1,1,1,1,1
1,1,1,1,1,1,1,1,1,1
1,1,1,1,1,1,1,1,1,1
1,1,1,1,1,1,1,1,1,1
1,1,1,1,1,1,1,1,1,1
1,1,1,1,1,1,1,1,1,1
1,1,1,1,1,1,1,1,1,1
1,1,1,1,1,1,1,1,1,1
1,1,1,1,1,1,1,1,1,1
1,1,1,1,1,1,1,1,1,1
1,1,1,1,1,1,1,1,1,1
1,1,1,1,1,1,1,1,1,1
1,1,1,1,1,1,1,1,1,1
1,1,1,1,1,1,1,1,1,1
1,1,1,1,1,1,1,1,1,1
1,1,1,1,1,0.9927474,1,1,1,1
1,1,1,1,1,0.9845924,1,1,1,1
1,1,1,1,1,0.9761541,1,1,1,1
1,1,1,1,1,0.9674317,1,1,1,1
1,1,1,1,1,0.9584246,1,1,1,1
1,1,1,1,1,0.9491252,1,1,1,1
1,1,1,1,1,0.9395356,1,1,1,1
1,1,1,1,1,0.929651,1,1,1,1
1,1,1,1,1,0.9194762,1,1,1,1
1,1,1,1,1,0.9090136,1,1,1,1
1,1,1,1,1,0.8982714,1,1,1,1
1,1,1,1,1,0.8872505,1,1,1,1
1,1,1,1,1,0.8759578,1,1,1,1
1,1,1,1,1,0.8644064,1,1,1,1
1,1,1,1,1,0.8526059,1,1,1,2
1,1,1,1,1,0.8405636,1,1,1,2
1,1,1,1,1,0.832395,1,1,1,2
1,1,1,1,1,0.8249422,1,1,1,2
1,1,1,1,0.9938521,0.8176398,1,1,1,2
0.9938151,1,1,1,0.975773,0.8106545,1,1,1,2
0.9776802,1,1,1,0.9565713,0.8044772,1,1,1,2
0.9607867,1,1,1,0.935939,0.7993963,1,1,1,2
0.9432211,1,1,1,0.9140049,0.7954801,1,1,1,2
0.9250843,1,1,1,0.8909289,0.792804,1,1,1,2
0.9064887,1,1,1,0.8668933,0.7914506,1,1,1,2
0.9069222,1,1,1,0.8420909,0.7915171,1,1,1,2
0.9353179,1,1,1,0.8173908,0.7925012,1,1,1,2
0.9647993,1,1,1,0.7938184,0.7935267,1,1,1,2
0.9952213,1,1,1,0.771381,0.7944722,1,1,1,2
1,1,1,1,0.7500609,0.7952117,1,1,1,2
1,1,1,1,0.7290711,0.7965798,1,1,1,2
1,1,1,0.8872153,0.7083345,0.7987489,1,1,1,2
1,1,1,0.850998,0.6850314,0.8061478,1,1,1,2
1,1,1,0.8149913,0.6616365,0.8161284,1,1,1,2
1,1,1,0.7795867,0.6656758,0.8288878,1,1,1,2
1,1,1,0.7460273,0.6707426,0.843379,1,1,1,2
1,1,1,0.7143453,0.6765857,1,1,1,1,2
1,1,1,0.6865884,0.6810788,1,1,1,1,2
1,1,1,0.6597265,0.6866081,1,1,1,1,2
1,1,1,0.6338031,0.6931965,1,1,1,1,2
1,1,1,0.6088389,0.7008728,1,1,1,1,2
1,1,1,0.5848407,0.7096618,1,1,1,1,2
1,1,0.7918538,0.5825491,0.7195895,1,1,1,1,2
1,1,0.7486116,0.5872396,0.7321671,1,1,1,1,2
1,1,0.7083348,0.5926656,0.7462254,1,1,1,1,2
1,1,0.6707103,0.5988844,0.7619299,1,1,1,1,2
1,1,0.6354634,0.6059585,1,1,1,1,1,2
1,1,0.6023597,0.6139609,1,1,1,1,1,2
1,1,0.5711855,0.6229722,1,1,1,1,1,2
1,1,0.5417626,0.6330862,1,1,1,1,1,2
1,1,0.5139346,0.6444052,1,1,1,1,1,2
1,1,0.4875538,0.6570517,1,1,1,1,1,2
1,1,0.4904353,0.6711639,1,1,1,1,1,2
1,1,0.4950038,1,0.9839988,1,1,1,1,2
1,1,0.4975639,1,0.9680978,1,1,1,1,2
1,1,0.5004915,1,0.9960049,1,1,1,1,2
1,1,0.5034522,1,1,1,1,1,1,2
1,1,0.5066211,0.9946424,1,1,1,1,1,2
1,0.6584365,0.5100846,0.9765095,1,1,1,1,1,2
1,0.6035377,0.5180195,0.9555939,1,1,1,1,1,2
1,0.5537103,0.5268949,0.9354571,1,1,1,1,1,2
1,0.5082579,0.536789,0.9160574,1,1,1,1,1,2
1,0.4666045,0.5477905,0.8973559,1,1,1,1,1,2
1,0.428277,0.5600055,0.8793203,1,1,1,1,1,2
1,0.392878,0.5735502,0.9145182,1,1,1,1,1,2
1,0.3831626,0.9631146,0.9656008,1,1,1,1,1,2
1,0.3865797,0.9381973,1,1,1,1,1,1,2
1,0.3905095,0.9143179,1,1,1,1,1,1,2
1,0.3949782,0.8914143,1,1,1,1,1,1,2
1,0.4000106,0.8694293,1,1,1,1,1,1,2
1,0.4056386,0.8483135,1,1,1,1,1,1,2
0.5480607,0.4118975,0.8280217,1,1,1,1,1,1,2
0.463821,0.4188218,0.8085051,1,1,1,1,1,1,2
0.3923643,0.4264526,0.7897252,1,1,1,1,1,1,2
0.3381403,0.4348354,0.7854664,1,1,1,1,1,1,2
0.3409603,0.4440207,0.8277519,1,1,1,1,1,1,2
0.3441914,0.4540646,0.8756706,1,1,1,1,1,1,2
0.3478456,0.46503,0.9302586,1,1,1,1,1,1,2
0.3519366,0.9202576,0.9928256,1,1,1,1,1,1,2
0.3564775,0.8893235,1,1,1,1,1,1,1,2
0.3614831,0.8599604,1,1,1,1,1,1,1,2
0.3669733,0.8320569,1,1,1,1,1,1,1,2
0.3729646,0.8055156,1,1,1,1,1,1,1,2
0.3794806,0.7802485,1,1,1,1,1,1,1,2
0.386542,0.7561713,1,1,1,1,1,1,1,2
0.3941751,0.7332078,1,1,1,1,1,1,1,2
0.402407,0.711288,1,1,1,1,1,1,1,2
0.4112675,0.6903515,1,1,1,1,1,1,1,2
0.4207912,0.6703432,1,1,1,1,1,1,1,2
1,0.6738687,1,1,1,1,1,1,1,2
0.958452,0.6889656,1,1,1,1,1,1,1,2
0.9319617,0.7059035,1,1,1,1,1,1,1,2
0.9055882,0.7241331,1,1,1,1,1,1,1,2
0.8794303,0.7437273,1,1,1,1,1,1,1,2
0.8535735,0.7647642,1,1,1,1,1,1,1,2
0.828099,0.7873172,1,1,1,1,1,1,1,2
0.8030728,0.8114643,1,1,1,1,1,1,1,2
0.7785558,0.8372816,1,1,1,1,1,1,1,2
0.7545983,0.8648458,1,1,1,1,1,1,1,2
0.7312354,0.8942296,1,1,1,1,1,1,1,2
0.7084978,0.9255098,1,1,1,1,1,1,1,2
0.686402,0.9587584,1,1,1,1,1,1,1,2
0.6649618,1,1,1,1,1,1,1,1,2
0.6442429,1,1,1,1,1,1,1,1,2
0.6237756,1,1,1,1,1,1,1,1,2
0.6036121,1,1,1,1,1,1,1,1,2
0.5837992,1,1,1,1,1,1,1,1,2
0.5870641,1,1,1,1,1,1,1,1,2
0.6017944,1,1,1,1,1,1,1,1,2
0.6167567,1,1,1,1,1,1,1,1,2
0.6319218,1,1,1,1,1,1,1,1,2
0.6472617,1,1,1,1,1,1,1,1,2
0.6627451,1,1,1,1,1,1,0.9939078,1,2
0.6781427,1,1,1,1,1,1,0.9872884,1,2
0.6933838,1,1,1,1,1,1,0.9807714,1,2
0.7084206,1,1,1,1,1,1,0.9743384,1,2
0.7232066,1,1,1,1,1,1,0.9679734,1,2
0.7376953,1,1,1,1,1,1,0.9616657,1,2
0.751846,1,1,1,1,1,1,0.9554035,1,2
0.7656192,1,1,1,1,1,1,0.949179,1,1
0.7789773,1,1,1,1,1,1,0.9429866,1,1
0.7918893,1,1,1,1,1,1,0.9368211,1,1
0.8043267,1,1,1,1,1,1,0.9306787,1,1
0.8162621,1,1,1,1,1,1,0.924559,1,1
0.8276752,1,1,1,1,1,1,0.9184612,1,1
0.8385504,1,1,1,1,1,1,0.9123844,1,1
0.8488747,1,1,1,1,1,1,0.9063299,1,1
0.8586347,1,1,1,1,1,1,0.9003018,1,1
0.8678293,1,1,1,1,1,1,0.8943002,1,1
1,1,1,1,1,1,1,0.8883306,1,0
1,1,1,1,1,1,1,0.88258,1,0
1,1,1,1,1,1,1,0.8768985,1,0
1,1,1,1,1,1,1,0.8712899,1,0
1,1,1,1,1,1,1,0.8657597,1,0
1,1,1,1,1,1,1,0.8603116,1,0
1,1,1,1,1,1,1,1,1,1
1,1,1,1,1,1,1,1,1,1
1,1,1,1,1,1,1,1,1,1
1,1,1,1,1,1,1,1,1,1
1,1,1,1,1,1,1,1,1,1
1,1,1,1,1,1,1,1,1,1
1,1,1,1,1,1,1,1,0.8705134,0
1,1,1,1,1,1,1,1,0.8628295,0
1,1,1,1,1,1,1,1,0.8551482,0
1,1,1,1,1,1,1,1,0.8474789,0
1,1,1,1,1,1,1,1,0.8398303,0
1,1,1,1,1,1,1,1,0.8322123,0
1,1,1,1,1,1,1,1,0.8246325,0
1,1,1,1,1,1,1,1,0.817102,0
1,0.9950944,1,1,1,1,1,1,0.8096288,0
1,0.9885908,1,1,1,1,1,1,0.8022381,0
1,0.9821415,1,1,1,1,1,1,0.7949418,0
1,0.9757508,1,1,1,1,1,1,0.7877482,0
1,0.969416,1,1,1,1,1,1,0.780664,0
1,0.9631379,1,1,1,1,1,1,0.7736969,0
1,0.9569162,1,1,1,1,1,1,0.7668532,0
1,0.9507511,1,1,1,1,1,1,0.7601402,0
1,0.9446419,1,1,1,1,1,1,0.7535619,0
1,0.9385878,1,1,1,1,1,1,0.7471255,0
1,0.9325841,1,1,1,1,1,1,0.7408375,0
1,0.9266323,1,1,1,1,1,1,0.7347009,0
1,0.9207304,1,1,1,1,1,1,0.7875492,0
1,0.9138944,1,1,1,1,1,1,0.8653418,1
1,0.9056767,1,1,1,1,1,1,0.9327035,1
1,0.896243,1,1,1,1,1,1,0.9874158,1
1,0.8858349,1,1,1,1,1,1,1,1
1,0.8751775,1,1,1,1,1,1,1,1
1,0.8644847,1,1,1,1,1,1,1,1
1,0.8537611,1,1,1,1,1,1,1,1
1,0.8430106,1,1,1,1,1,1,1,1
1,0.8322411,1,1,1,1,1,1,1,1
1,0.8214566,1,1,1,1,1,1,1,1
1,0.8163786,1,1,1,1,1,1,1,1
1,0.8336711,1,1,1,1,1,1,1,1
1,0.8506677,1,1,1,1,1,1,1,1
1,0.8673415,1,1,1,1,1,1,1,1
1,0.8836603,1,1,1,1,1,1,1,1
1,0.8996012,1,1,1,1,1,1,1,1
1,0.9151443,1,1,1,1,1,1,1,1
1,0.9302673,1,1,1,1,1,1,1,1
1,0.9449506,1,1,1,1,1,1,1,1
1,0.9591805,1,1,1,1,1,1,1,1
1,0.972946,1,1,1,1,1,1,1,1
1,1,1,1,1,1,1,1,1,1
1,1,1,1,1,1,1,1,1,1
1,1,1,1,1,1,1,1,1,1
1,1,1,1,1,1,1,1,1,1
1,1,1,1,1,1,1,1,1,1
0.8880311,1,1,1,1,1,1,1,1,1
0.8717605,1,1,1,1,1,1,1,1,1
0.8552014,1,1,1,1,1,1,1,1,2
0.8383843,1,1,1,1,1,1,1,1,2
0.8213507,1,1,1,1,1,1,1,1,2
0.80414,1,1,1,1,1,1,1,1,2
0.7867886,1,1,1,1,1,1,1,1,2
0.7693378,1,1,1,1,1,1,1,1,2
0.7518341,1,1,1,1,1,1,1,1,2
0.7343153,1,1,1,1,1,1,1,1,2
0.7168224,1,1,1,1,1,1,1,1,2
0.699396,1,1,1,1,1,1,1,1,2
0.6820749,1,1,1,1,1,1,1,1,2
1,1,1,1,1,1,1,1,1,1
1,1,1,1,1,1,1,1,1,1
1,1,1,1,1,1,1,1,1,1
1,1,1,1,1,1,1,1,1,1
1,1,1,1,1,1,1,1,1,1
1,1,1,1,1,1,1,1,1,1
1,1,1,1,1,1,1,1,1,1
1,1,1,1,1,1,1,1,1,1
1,1,1,1,1,1,1,1,1,1
1,1,1,1,1,1,1,1,1,1
1,1,1,1,1,1,1,1,1,1
1,1,1,1,1,1,1,1,1,1
1,1,1,1,0.9966269,1,1,1,1,1
1,1,1,1,0.9866263,1,1,1,1,1
1,1,1,0.9916917,0.9766256,1,1,1,1,1
1,1,1,0.9815264,0.966625,1,1,1,1,1
1,1,1,0.9713486,0.9566244,1,1,1,1,1
1,1,1,0.9611589,0.9466239,1,1,1,1,1
1,1,1,0.9509578,0.9366234,1,1,1,1,1
1,1,1,0.9407457,0.926623,1,1,1,1,1
1,1,1,0.9305234,0.9166229,1,1,1,1,1
1,1,1,0.9202914,0.9066231,1,1,1,1,1
1,1,1,0.9100505,0.8966236,1,1,1,1,1
1,1,1,0.8998011,0.8866246,1,1,1,1,1
1,1,1,0.8895442,0.876626,1,1,0.9993516,1,1
1,1,1,0.8792835,0.8666281,1,1,0.9846027,1,1
1,1,1,0.869087,0.8566287,1,1,0.9693477,1,1
1,1,1,0.8589543,0.8466276,1,1,0.9535916,1,1
1,1,1,0.8488849,0.8366249,1,1,0.9373468,1,1
1,1,1,0.8388788,0.8266212,1,1,0.9206293,1,1
1,1,1,0.8289353,0.8166174,1,1,0.9034611,1,1
1,1,1,0.8190548,0.8066152,1,1,0.9007637,1,1
1,1,1,0.8091679,0.796616,1,1,0.9022037,1,1
1,1,1,0.7992551,0.7866189,1,1,0.903556,1,1
1,1,1,0.789317,0.7766236,1,1,0.9048211,1,1
1,1,0.9920135,0.779354,0.7666291,1,1,0.905996,1,1
1,1,0.9814708,0.7693465,0.7566344,1,1,0.9069666,1,1
1,1,0.970768,0.7592903,0.7466384,1,1,0.9077011,1,1
1,1,0.9599131,0.7491877,0.7366405,1,1,0.9081985,1,1
1,1,0.9489155,0.7390417,0.7266407,1,1,0.908462,1,1
1,1,0.9377848,0.7288553,0.716639,1,1,0.9084963,1,1
1,1,0.926531,0.7186319,0.7066355,1,1,0.9083085,1,1
1,1,0.9151651,0.7083751,0.6966307,1,1,0.9079036,1,1
1,1,0.9036974,0.6980885,0.6866251,1,1,0.9072914,1,1
1,1,0.8921393,0.6877757,0.6766192,1,1,0.9064825,1,1
1,1,0.8805014,0.6774408,0.6666136,1,1,0.9054857,1,1
1,1,0.8687946,0.667087,0.6566089,1,1,0.9043108,1,1
1,1,0.8570296,0.6567181,0.6466059,1,1,0.9029719,1,1
1,1,0.8452163,0.6463376,0.636605,1,1,0.9014786,1,1
1,1,0.833365,0.6359488,0.6266068,1,1,0.8998434,1,1
1,1,0.8214847,0.6255546,0.6166118,1,1,0.8980783,1,1
1,1,0.8095846,0.6151579,0.6066204,1,1,0.8961946,1,1
1,1,0.7976727,0.6047615,0.5966327,1,1,0.8942059,1,1
1,1,0.7857569,0.5943676,0.5866491,1,1,0.8921229,1,1
1,1,0.7738477,0.5839816,0.5766727,1,1,0.8899561,1,1
1,1,0.7619479,0.5736023,0.5667005,1,1,1,1,2
1,1,0.748861,0.5629165,0.5567788,1,1,1,1,2
1,1,0.7569218,0.5522797,0.5468804,1,1,1,1,2
1,1,0.7688173,0.5417147,0.5369932,1,1,1,1,2
1,1,0.7804202,0.5312211,0.5271146,1,1,1,1,2
1,1,0.7917073,0.5207908,0.5172409,1,1,1,1,2
1,1,0.8026544,0.5104164,0.5073687,1,1,1,1,2
1,1,0.5345677,0.5000914,0.4974958,1,1,1,1,2
1,1,0.5220912,0.489575,0.4877546,1,1,1,1,2
1,1,0.5097969,0.4791333,0.478033,1,1,1,1,2
1,0.8480107,0.4976745,0.4687598,1,1,1,1,1,2
1,0.8223976,0.4846177,0.4582158,1,1,1,1,1,2
1,0.7974044,0.4717459,0.447789,1,1,1,1,1,2
1,0.7730945,0.4590763,0.4374848,1,1,1,1,1,2
1,0.7495099,0.446618,0.4273027,1,1,1,1,1,2
1,0.7266805,0.434379,0.4172429,1,1,1,1,1,2
1,0.7046227,0.4223634,0.4073034,1,1,1,1,1,2
1,0.683336,0.4105686,0.3974772,1,1,1,0.776147,1,2
1,0.667177,0.3997846,0.3876844,1,1,1,1,1,2
1,0.6469378,0.3882985,0.3780114,1,1,1,0.7628285,1,2
1,0.6317013,0.377755,0.3682921,1,1,1,1,1,2
1,0.6124803,0.3665639,1,1,1,1,0.7500089,1,2
1,0.5975102,0.3561403,1,1,1,1,0.7451308,1,2
1,0.5827099,0.3457709,1,1,1,1,1,1,2
1,0.5641302,0.3348549,1,1,1,1,0.7317724,1,2
1,0.3912334,0.3246831,1,1,1,1,1,1,2
1,0.3743038,0.3138486,1,1,1,1,0.7174457,1,2
1,0.3606623,0.30373,1,1,1,1,0.7116905,1,2
1,0.3472972,0.2936965,1,1,1,1,0.7060359,1,2
0.7692649,0.3341882,0.2837393,1,1,1,1,1,1,2
0.7275484,0.3186971,0.2734517,1,1,0.9566027,1,0.691131,1,2
0.6947802,0.3048607,0.2635327,1,1,0.940183,1,0.6836076,1,2
0.6638228,0.2914243,0.253758,1,1,0.9373276,1,0.6762156,1,2
0.6343824,0.2783388,0.2453299,1,1,0.9346827,1,0.6689061,1,2
0.60644,0.2656033,0.379822,1,1,0.9321855,1,0.6617007,1,2
0.5801983,0.2532559,1,1,1,0.9295841,1,0.65468,1,2
0.5559775,0.2413449,1,1,1,0.9264047,1,0.6479708,1,2
0.3272991,0.2296735,1,1,1,0.9234451,1,0.6412808,1,2
0.3056701,0.2175997,1,1,1,0.9250317,1,0.6334331,1,2
0.2854057,0.2059579,1,1,0.9480599,1,1,0.6257961,1,2
0.2661368,0.1946524,1,1,0.9022636,1,1,0.6182329,1,2
0.2482924,0.1838037,1,1,0.862183,1,1,0.6109959,1,2
0.2316491,0.1733463,1,1,0.8269089,1,1,0.6040254,1,2
0.2160245,0.1807107,1,1,0.8241801,1,1,0.5972692,1,2
0.2011976,0.2043077,1,1,0.821202,1,1,0.5906496,1,2
0.1871036,0.2295532,1,1,0.8178306,1,1,0.5841612,1,2
0.1736452,0.2563711,1,1,0.8140383,1,1,0.5777782,1,2
0.1607385,0.2846554,1,1,0.8098043,1,1,0.5714782,1,2
0.1483028,0.3142653,1,1,0.805107,1,1,0.5652426,1,2
0.1430524,0.3450259,1,1,0.799942,1,1,0.5590569,1,2
0.1531787,1,1,1,0.7941976,1,1,0.5529192,1,1
0.1618722,1,1,1,0.7838398,1,1,0.547232,1,1
0.1703961,1,1,1,0.7731081,1,1,0.5415902,1,1
0.1787262,1,1,1,0.7620331,1,1,0.5359994,1,1
0.1868431,1,1,1,0.7506396,1,1,1,1,2
0.199534,1,1,0.7844217,0.7491946,1,1,1,1,2
0.2116725,1,1,0.7524706,0.7453866,1,1,1,1,2
0.2238975,1,1,0.7240584,1,1,1,1,1,2
0.2382062,1,1,0.6897546,1,1,1,1,1,2
0.2527886,1,1,0.6592361,1,1,1,1,0.541774,0
0.2610705,0.9971743,1,0.653109,1,1,1,1,0.5338209,0
0.2690033,0.9903728,1,0.6475257,1,1,1,1,0.5258786,0
0.2766063,0.9836324,1,0.6424128,1,1,1,1,0.5179712,0
0.2838834,0.9769481,1,0.6377521,1,1,1,1,0.5101158,0
0.9522892,0.9703203,1,0.6335202,0.669854,1,1,1,0.5023257,0
0.9371735,0.9670367,1,0.6481031,0.6498305,1,1,1,0.4922263,0
0.9229361,0.9640225,1,0.6647707,0.63053,1,1,1,0.4826776,0
0.9095041,1,1,0.683845,0.6119012,1,1,1,0.4736581,0
0.8968083,1,1,1,0.5938998,1,1,1,0.4651514,0
0.8847923,1,0.9047761,1,0.576489,1,1,1,0.4571378,0
0.8734003,1,0.8944483,1,0.5596311,1,1,1,0.449604,0
0.8625876,1,0.8844428,1,0.5432911,1,1,1,0.4425334,0
0.8675855,1,0.8747517,1,0.5334213,0.5878009,1,1,0.483941,0
0.8747538,1,0.865362,1,0.5466798,0.5677873,1,1,0.5876147,0
0.882541,1,0.8562701,1,0.5618674,0.5485057,1,1,1,0
0.8836452,1,0.847326,1,0.570348,0.5322324,1,1,1,0
0.8845013,1,0.8384838,1,0.5793961,0.5164206,1,1,1,0
0.8850452,1,0.8297282,1,1,0.5010458,1,1,1,0
0.8775524,1,0.8207323,1,1,0.4880208,1,1,1,0
0.8697068,1,0.8117329,1,1,0.4751502,1,1,1,0
0.8614765,1,0.802728,1,1,0.4624345,1,1,1,0
0.8528196,1,0.7937089,1,1,0.4498671,1,1,1,0
0.8437088,1,0.7846761,1,1,0.4374509,1,1,1,0
0.8341044,1,0.7756211,1,1,0.4251781,1,1,1,0
0.8252597,1,0.7665411,1,1,0.4130471,1,1,1,0
0.8263534,1,0.7574371,1,1,0.4010462,1,1,1,0
0.827367,1,0.7483301,1,1,0.3914718,1,1,1,0
0.8283364,1,0.7392177,1,1,0.3885272,1,1,1,0
0.8293394,1,0.7300872,1,1,0.3855386,1,1,1,0
0.8303768,1,0.7209366,1,1,0.3825016,0.4269787,1,1,0
0.8228127,1,0.7132807,1,1,0.3918603,0.4060458,1,1,0
0.8160063,1,0.7057329,1,1,0.4019055,0.3862804,1,1,0
0.8099728,1,0.6982299,1,1,0.4124521,0.3676038,1,1,0
0.8046252,1,0.6907297,1,1,0.4234615,0.3498728,1,1,0
0.8002501,1,0.6832021,1,1,1,0.3329712,1,1,0
0.7994593,1,0.6742136,1,1,1,0.3189833,1,1,0
0.799009,1,0.6652091,1,1,1,0.3051391,1,1,0
0.7985327,1,0.6561899,1,1,1,0.2914378,1,1,0
0.7980399,1,0.6471521,1,1,1,0.2778779,1,1,0
0.7975338,1,0.6380917,1,1,1,0.2694598,1,1,0
0.7970661,1,0.6289847,1,1,1,0.2688149,1,1,0
0.7967084,1,0.6197973,1,1,1,0.2681284,1,1,0
0.7964534,1,0.6105324,1,1,1,0.2673963,1,1,0
0.7962915,1,0.6011902,1,1,1,0.2666201,1,1,0
0.7962159,1,0.5917743,1,1,1,0.2657985,1,1,0
0.7962219,1,0.5822828,0.8192058,1,1,0.2649276,0.3001304,1,0
0.7905457,1,0.5755979,0.5496115,1,1,0.2711198,0.2717057,1,0
0.7850885,1,0.5690497,0.5402654,1,1,0.2782541,0.2451601,1,0
0.7798389,1,0.562637,0.5311102,1,1,1,0.220301,1,0
0.7777974,1,0.5541226,0.521589,1,1,1,0.1999223,1,0
0.7757858,1,0.5455603,0.512087,1,1,1,0.1801654,1,0
0.7738112,1,0.5369407,0.5026,1,1,1,0.1765776,1,0
0.7720149,1,0.5281394,0.4930886,1,1,1,0.1771652,1,0
0.7704131,1,0.5191295,0.4835389,1,1,1,0.1777635,1,0
0.7689826,1,0.5099145,0.4739444,1,1,1,0.178366,1,0
0.7677068,1,0.5005,0.4643007,1,1,1,0.1789629,0.2414639,0
0.7631834,1,0.4941912,0.4557019,1,1,1,0.1819359,0.1823524,0
0.7588289,1,0.4879825,0.4472456,1,1,1,0.1853711,0.1458244,0
0.7546356,1,0.4818663,0.4389216,0.696449,1,1,0.1892991,0.1470935,0
0.7505985,1,0.4758423,0.4307259,0.4259954,1,1,0.1937497,0.148664,0
0.7467117,1,0.46991,0.4226549,0.4105772,1,1,1,0.1505436,0
0.7452915,1,0.4595906,0.4128256,0.4007176,1,1,1,0.1516361,1
0.7439584,1,0.4490252,0.4028989,0.3908347,1,1,1,0.1527278,1
0.7427059,1,0.4382364,0.3928829,0.3809287,1,1,1,0.1538114,1
0.7415299,1,0.4272436,0.3827828,0.3709976,1,1,1,0.1548799,1
0.7404245,1,0.4160736,0.3726107,0.3610461,1,1,1,0.1559299,1
0.7393888,1,0.4047453,0.3623728,0.3510734,1,1,1,0.156955,1
0.7384195,1,0.3932811,0.352078,0.3410823,1,1,1,1,2
0.7405177,1,0.3772001,0.3398668,0.3304968,1,1,1,1,2
0.7431731,1,0.3616392,0.327919,0.3200755,1,1,1,1,2
0.7463948,0.499405,0.3465694,0.3162221,0.5256678,1,1,1,1,2
0.7501935,0.4709035,0.3319572,0.3047579,1,1,1,1,1,2
0.7545835,0.4440152,0.3177781,0.2935154,1,1,1,1,1,2
1,0.4186036,0.304009,0.282484,1,1,1,1,1,2
1,0.3945434,0.2906257,0.2716509,1,1,1,1,1,2
1,0.3717271,0.2776083,0.2610065,1,1,1,1,1,2
1,0.35005,0.2649322,0.250536,1,1,1,1,1,2
1,0.3294307,0.2525837,0.3357747,1,1,1,1,1,2
1,0.3097837,0.2405403,0.5676072,1,1,1,1,1,2
1,0.2910438,0.2287908,1,1,1,1,1,1,2
1,0.2731403,0.2173149,1,1,1,1,1,1,2
0.4488229,0.2560168,0.2060999,1,1,1,1,1,1,2
0.4098724,0.2396222,0.1951337,1,1,1,1,1,1,2
0.3741755,0.2239023,0.1843989,1,1,1,1,1,1,2
0.3413539,0.2088187,0.1933361,1,1,1,1,1,1,2
0.3110697,0.1943255,0.2384549,1,1,1,1,1,1,2
0.2830465,0.1803878,0.2995872,1,1,1,1,1,1,2
0.257047,0.1669735,0.3859238,1,1,1,1,1,1,2
0.2328564,0.1540463,1,1,1,1,1,1,1,2
0.2102983,0.1415793,1,1,1,1,1,1,1,2
0.1892196,0.1295481,1,1,1,1,1,1,1,2
0.1694813,0.1278409,1,1,1,1,1,1,1,2
0.1509612,0.1432776,1,1,1,1,1,1,1,2
0.1335516,0.160677,1,1,1,1,1,1,1,2
0.1171618,0.1803446,1,1,1,1,1,1,1,2
0.1028922,0.2026501,1,1,1,1,1,1,1,2
0.1118995,0.2280547,1,1,1,1,1,1,1,2
0.1215959,0.2571346,1,1,1,1,1,1,1,2
0.132034,0.2906152,1,1,1,1,1,1,1,2
0.1432749,0.3294335,1,1,1,1,1,1,1,2
0.1553848,0.3748087,1,1,1,1,1,1,1,2
0.168441,1,1,1,1,1,1,1,1,2
0.1825278,1,1,1,1,1,1,1,1,2
0.1977409,1,1,1,1,1,1,1,1,2
0.2139793,1,1,1,1,1,1,1,1,2
0.2311871,1,1,1,1,1,1,1,1,2
0.2493726,1,1,1,1,1,1,1,1,2
0.2685321,1,1,0.9622918,1,1,1,1,1,2
0.2882577,1,1,0.9264795,1,1,1,1,1,2
0.3084117,1,1,0.9234833,1,1,1,1,1,2
0.3292715,1,1,0.9231685,1,1,1,1,1,2
0.350825,1,1,0.9225856,1,1,1,1,1,2
1,1,1,0.921703,1,1,1,1,1,1
1,1,1,0.9118209,1,1,1,1,1,1
1,1,1,0.901796,1,1,1,1,1,1
1,1,1,0.8916305,1,1,1,1,1,1
1,1,1,0.8813316,1,1,1,1,1,1
1,1,1,0.8709022,1,1,1,1,1,1
1,1,1,0.8603503,1,1,1,1,1,1
1,1,1,0.8496801,1,1,1,1,1,1
1,1,1,0.8388997,0.9708328,1,1,1,1,0
1,1,1,0.8275162,0.9563202,1,1,1,1,0
1,1,1,0.8158101,0.9413004,1,1,1,1,0
1,1,1,0.8037965,0.9258027,1,1,1,1,0
1,1,1,0.7914976,0.9098667,1,1,1,1,0
1,1,1,0.7789351,0.8935324,1,1,1,1,0
1,1,1,0.7661374,0.8768483,1,1,1,1,0
1,1,1,0.7531351,0.859867,1,1,1,1,0
1,1,1,0.739957,0.8426387,1,1,1,1,0
1,1,1,0.7266367,0.8252196,1,1,1,1,0
1,1,1,0.7132119,0.8076702,1,1,1,1,0
1,1,1,0.7001066,0.790042,1,1,1,1,0
1,1,1,0.702021,0.7723938,1,1,1,1,0
1,1,1,0.7045982,0.7549623,1,1,1,1,0
1,1,1,0.7078515,0.7377745,1,1,1,1,0
1,1,1,0.7117857,0.7208446,1,1,1,1,0
1,1,1,0.7164144,0.7041901,1,1,1,1,0
1,1,1,0.7217485,0.6878166,0.7989324,1,1,1,0
1,1,1,0.7375283,0.6689171,0.7726574,1,1,1,0
1,1,1,0.7560852,0.6504079,0.7471322,1,1,1,0
1,1,1,0.7776648,0.6323406,0.722428,1,1,1,0
1,1,1,0.802545,0.6147572,0.6985972,1,1,1,0
1,1,1,0.8310491,0.5976774,0.67566,1,1,1,0
1,1,1,1,0.5811108,0.6536206,1,1,1,0
1,1,1,1,0.5876073,0.6333894,1,1,1,0
1,1,1,1,0.5978189,0.6138336,1,1,1,0
1,1,1,1,0.6090769,0.594955,1,1,1,0
1,1,1,1,0.6214171,0.5767224,1,1,1,0
1,1,1,1,0.6348796,0.5591024,1,1,1,0
1,1,1,1,0.6495083,0.5420604,0.6792976,1,1,0
1,1,1,1,0.6734064,0.5239839,0.6504487,1,1,0
1,1,1,1,0.7008162,0.5065089,0.623028,1,1,0
1,1,1,1,0.7323835,0.4953744,0.5969244,1,1,0
1,1,1,1,1,0.508022,0.5720342,1,1,0
1,1,1,1,1,0.5223715,0.5482634,1,1,0
1,1,1,1,1,0.5386546,0.5255317,1,1,0
1,1,1,1,1,0.5571452,0.5037621,1,1,0
1,1,1,1,1,0.5781783,0.4828846,1,1,0
1,1,1,1,1,0.6014363,0.4630094,1,1,0
1,1,1,1,1,0.6270643,0.4440614,1,1,0
1,1,1,1,1,1,0.4259624,1,1,0
1,1,1,1,1,1,0.4100057,1,1,0
1,1,1,1,1,1,0.4010514,1,1,0
1,1,1,1,1,1,0.4072224,1,1,0
1,1,1,1,1,1,0.4137103,0.5654896,1,0
1,1,1,1,1,1,0.4263357,0.5304348,1,0
1,1,1,1,1,1,0.440507,0.4976568,1,0
1,1,1,1,1,1,0.4564146,0.4669303,1,0
1,1,1,1,1,1,0.4742833,0.4380631,1,0
1,1,1,1,1,1,0.4943798,0.4108866,1,0
1,1,1,1,1,1,0.5170274,0.3852431,1,0
1,1,1,1,1,1,0.5426084,0.361002,1,0
1,1,1,1,1,1,0.9728891,0.3380472,1,0
1,1,1,1,1,1,0.9542198,0.3163249,1,0
1,1,1,1,1,1,0.9362197,0.3088541,1,0
1,1,1,1,1,1,0.9189163,0.3171797,1,0
1,1,1,1,1,1,0.9447216,0.3262849,0.4946615,0
1,1,1,1,1,1,1,0.3363219,0.4464977,0
1,1,1,1,1,1,1,0.3473217,0.4029823,0
1,1,1,1,1,1,1,0.3593689,0.3634662,0
1,1,1,1,1,1,1,0.3725564,0.3274279,0
1,1,1,1,1,1,1,0.3869928,0.2944331,0
1,1,1,1,1,1,1,0.4027989,0.2677058,0
1,1,1,1,1,1,1,0.4201159,0.2742195,0
1,1,0.9827596,1,1,1,1,0.4391002,0.281257,0
1,1,0.9561645,1,1,1,1,0.9084989,0.2888468,0
1,1,0.9308509,1,1,1,1,0.8861917,0.2970183,0
1,1,0.9067191,1,1,1,1,0.8648947,0.305802,0
1,1,0.9009827,1,1,1,1,0.8445529,0.3152356,0
1,1,0.9080771,1,1,1,1,0.8251151,0.3253582,0
1,1,0.9160504,1,1,1,1,0.806538,0.3362136,0
1,1,0.924974,1,1,1,1,0.7908602,0.3478478,0
1,1,0.9349285,1,1,1,1,0.8406792,0.3603138,0
1,1,0.9454211,1,1,1,1,0.8954532,0.3735043,0
1,1,0.9551555,0.9837758,1,1,1,0.9533107,0.3870567,0
1,1,0.9634043,0.9556834,1,1,1,1,0.9656031,1
1,1,0.9463542,0.9495428,1,1,1,1,0.9547156,1
1,1,0.9288028,0.9438844,1,1,1,1,0.9441868,1
1,1,0.9107746,0.9387232,1,1,1,1,0.9340163,1
1,1,0.8922893,0.9340739,1,1,1,1,0.9241945,1
1,1,0.8733832,0.9299483,1,1,1,1,0.9147191,1
1,1,0.8540918,0.926359,1,1,1,1,0.9055822,1
1,1,0.8344606,0.9233167,1,1,1,1,0.8967781,2
1,1,0.8145332,0.9208323,1,1,1,1,0.8882959,2
1,1,0.7943565,0.9189141,1,1,1,1,0.8801227,2
1,1,0.7739845,0.9175721,1,1,1,1,0.8722483,2
1,1,0.7534667,0.9168143,1,1,1,1,0.8646563,2
1,1,0.7328531,0.916646,1,1,1,1,0.8573278,2
1,1,0.7122028,0.917071,1,1,1,1,0.8502516,2
1,1,0.6985375,0.918094,1,1,1,1,0.8434004,2
1,1,0.6968068,0.9194231,1,1,1,1,0.8365396,2
1,1,0.6950012,0.920548,1,1,1,1,0.8292767,2
1,1,0.6931098,0.9214458,1,1,1,1,0.8216041,2
1,1,0.6911223,0.9220937,1,1,1,1,0.8135164,2
1,1,0.6890312,0.9224733,1,1,1,1,0.8050053,2
1,1,0.6868272,0.9225633,1,1,1,1,0.7960635,2
1,1,0.6845016,0.9223436,1,1,1,1,0.7866907,2
1,1,0.6820462,0.9217964,1,1,1,1,0.7768834,2
1,1,0.6794538,0.9209042,1,1,1,1,0.7666454,2
1,1,0.6767197,0.9196544,1,1,1,1,0.7559821,1
1,1,0.673838,0.9180338,1,1,1,1,0.7448967,1
1,1,0.6708038,0.9160309,1,1,1,1,0.733394,1
1,1,0.6676129,0.9136361,1,1,1,1,0.7214853,1
1,1,0.664262,0.9108424,1,1,1,1,0.7091805,1
1,0.9677211,0.6607507,0.907648,1,1,1,1,0.6964951,1
1,0.9262159,0.6578779,1,1,1,1,1,0.6845919,1
1,0.8878002,0.6545459,1,1,1,1,1,0.6718534,1
1,0.847054,0.6519578,1,1,1,1,1,0.6600104,2
1,0.8043138,0.6501836,1,0.9976225,1,1,1,0.6490887,2
1,0.7599299,0.6493119,1,0.9850519,1,1,1,0.6391327,2
1,0.7141265,0.6495119,1,0.97201,1,1,1,0.6302865,2
1,0.6675433,0.6508622,1,0.9585451,1,1,1,0.6225554,2
1,0.6208415,0.6534365,1,0.944723,1,1,1,0.6159307,2
1,0.5746698,0.6573055,1,0.9306296,1,1,1,0.6104005,2
1,0.5295913,0.6625302,0.9868299,0.9163567,1,1,1,0.6069127,2
1,0.4869242,0.6693898,0.9682088,0.9493805,1,1,1,0.6044437,2
1,0.4873256,0.6775391,0.9496629,0.9926245,1,1,1,0.6016758,2
1,0.4877985,0.685595,0.9320546,1,1,1,1,0.5992989,2
1,0.4884226,0.6938737,0.9150952,1,1,1,1,0.5971219,2
1,0.489202,0.702413,0.8987063,1,1,1,0.8803967,0.5951043,2
1,0.4893401,0.7084152,0.8839654,1,1,1,0.8715008,0.5942079,2
1,0.4895078,0.7143134,0.8696371,1,1,1,0.8634142,0.5934479,2
1,0.4896964,0.7200933,0.8556784,1,1,1,0.8560541,0.592811,2
1,0.4899001,0.7257448,0.8420542,1,1,1,0.8493448,0.5922832,2
1,0.4901134,0.9552555,0.8287293,1,1,1,0.8432196,0.5918525,1
1,0.4887482,0.9412727,0.817365,1,1,1,1,0.5931198,2
1,0.4887676,0.9242554,0.8046138,1,1,1,1,0.5929887,2
0.7939237,0.489015,0.9072065,0.7918528,1,1,1,1,0.5926989,2
0.579101,0.4921162,0.8849937,0.7783951,1,1,1,0.8196056,0.5899044,2
0.4231905,0.4968996,0.8612962,0.8245714,1,1,1,0.8027872,0.5861219,2
0.4233004,0.5023519,0.8384377,0.8789825,1,1,1,0.7865616,0.5823781,2
0.4238077,0.5084341,0.8164955,0.9429186,1,1,1,0.7710781,0.5787276,2
0.4247183,0.5151803,0.7954155,1,1,1,1,0.7562756,0.575164,2
0.4259511,0.5222792,0.7755013,1,1,1,1,0.7426996,0.5718476,2
0.4274403,0.5295528,0.7567636,1,1,1,1,0.7304407,0.5688115,2
0.4291504,0.53695,0.7390643,1,1,1,1,0.7193419,0.5660161,2
0.4310485,0.5444218,0.7222775,1,1,1,1,0.7092652,0.5634252,2
0.4331025,0.5519204,0.7062984,1,1,1,1,0.7000929,0.5610083,2
0.4352846,0.5594026,0.6910283,1,1,1,1,0.6917194,0.5587376,2
0.4375688,0.5668291,0.6763839,1,1,1,1,0.6840537,0.5565885,2
0.4399335,0.5741652,0.6709856,1,1,1,1,0.6770145,0.5545388,2
0.442335,0.5813004,0.6924389,1,1,1,1,0.6706007,0.5525873,2
0.4446887,0.8760467,0.7128132,1,1,1,1,0.6649283,0.5507587,1
0.4455099,0.8349751,0.7148615,1,1,1,1,0.6640106,0.5499662,1
0.4465174,0.8199369,0.7190656,1,1,1,1,0.6625589,0.5490512,1
0.4475749,0.8047467,0.7237669,1,1,1,1,0.6609894,0.5481021,1
0.4486818,0.7894308,0.728947,1,1,1,1,0.6593107,0.5471199,1
0.4498375,0.7740184,0.7345886,1,1,1,1,0.657531,0.5461054,1
0.4510429,0.7585292,0.7406787,1,1,1,1,0.6556567,0.5450579,1
0.4522974,0.7429892,0.7472012,1,1,1,1,0.6536955,0.5439782,1
0.4535989,0.727419,0.7541355,1,1,1,1,0.651657,0.5428684,1
0.4549468,0.7118329,0.7614663,1,1,1,1,0.6495482,0.5417293,1
0.4563408,0.6962519,0.7691786,1,1,1,1,0.6473758,0.540561,1
0.4577805,0.6806914,0.7772582,1,1,1,1,0.6451458,0.5393639,1
0.4592638,0.6651606,0.7856852,1,1,1,1,1,0.5381399,2
0.4631352,0.6420418,0.8241985,1,1,1,1,0.6351166,0.5357388,1
0.4646674,0.6274268,0.8317677,1,1,1,1,1,0.5344455,2
0.468809,0.6055707,1,1,1,1,1,1,0.5320549,2
0.4727885,0.5855757,1,1,1,1,1,1,0.5297993,2
0.4770205,0.5661159,1,1,1,1,1,1,0.5275062,2
0.4815004,0.5471916,1,1,1,1,1,1,0.525179,2
0.4862244,0.528795,1,1,1,1,1,1,0.5228182,2
0.8224362,0.5109149,1,1,1,1,1,1,0.5204231,1
0.8007768,0.4984635,1,1,1,1,1,1,0.5185338,1
0.7773592,0.4855794,1,1,1,1,1,1,0.5165992,1
0.7522722,0.4722821,1,1,1,1,1,1,0.5146082,1
0.7298713,0.4585997,1,1,1,1,1,1,0.5125505,1
0.7335321,0.4517323,1,1,1,1,1,1,0.5104268,1
0.737209,0.4571904,1,1,1,1,1,1,0.508278,1
0.7407731,0.462488,1,1,1,1,1,1,0.5061182,1
0.7000855,0.4676187,1,1,1,1,1,1,0.503947,1
0.6731559,0.4736087,1,1,1,1,1,1,0.5017104,2
0.6458827,0.480157,1,1,1,1,1,1,0.4994234,2
0.6184078,0.4872938,1,1,1,1,1,1,0.4970837,2
0.5908708,0.4950441,1,1,1,1,1,1,0.4946924,2
0.5634112,0.5034373,1,1,1,1,1,1,0.4922474,2
0.5361584,0.5124943,1,1,1,1,1,1,0.4897516,2
0.5092238,0.5222375,1,1,1,1,1,1,0.4872057,2
0.4827104,0.5326886,1,1,1,1,1,1,0.4846102,2
0.4566999,0.5438676,1,1,1,1,1,1,0.4819652,2
0.4312645,0.5557884,1,1,1,1,1,1,0.4792727,2
0.4064553,0.5684654,1,1,1,1,1,1,0.4765328,2
0.3823147,0.5819119,1,1,1,1,1,1,0.4737445,2
0.3797745,0.5961336,1,1,1,1,1,1,0.4709087,2
0.3856316,0.6103997,1,1,1,1,1,1,0.4680138,2
0.3914491,1,1,1,1,1,1,1,0.4650514,1
0.3949461,1,1,1,1,1,1,1,0.461858,1
0.3983605,1,1,1,1,1,1,1,0.4586714,1
0.4016893,1,1,1,1,1,1,1,0.4554953,1
0.4049296,1,1,1,1,1,1,1,0.4523336,1
0.4080825,1,1,1,1,1,1,1,0.449187,1
0.4111456,1,1,1,1,1,1,1,0.4460594,1
0.4141167,1,1,1,1,1,1,1,0.4429547,1
0.4169973,1,1,1,1,1,1,1,0.4398739,1
0.4197857,1,1,1,1,1,1,1,0.6230484,2
0.42467,1,1,1,1,1,1,1,0.7627268,2
0.4312893,1,1,1,1,1,1,1,0.7907434,2
0.4384108,1,1,1,1,1,1,1,0.8002537,2
0.4458258,1,1,1,1,1,1,1,0.8066036,2
0.4534969,1,1,1,1,1,1,1,0.8122549,2
0.4614149,1,1,1,1,1,1,1,0.8177378,2
0.4695771,1,1,1,1,1,1,1,0.8231867,2
0.4779801,1,1,1,1,1,1,1,0.8286729,2
0.4866215,1,1,1,1,1,1,1,0.8342249,2
0.4955008,1,1,1,1,1,1,1,0.8688906,2
0.5051225,1,1,1,1,1,1,1,0.8662544,2
0.5148691,1,1,1,1,1,1,1,0.8635389,2
1,1,1,1,1,1,1,1,0.860733,0
1,1,1,1,1,1,1,1,0.8556311,0
1,1,1,1,1,1,1,1,0.8505927,0
1,1,1,1,1,1,1,1,0.8456227,0
1,1,1,1,1,1,1,1,0.8407264,0
1,1,1,1,1,1,1,1,0.83591,0
1,1,1,1,1,1,1,1,0.8311785,0
1,1,1,1,1,1,1,1,0.826537,0
1,1,1,1,1,1,1,1,0.8219918,0
1,1,1,1,1,1,1,1,0.8175479,0
1,1,1,1,1,1,1,1,0.81321,0
1,1,1,1,1,1,1,1,0.8089845,0
1,1,1,1,1,1,1,1,0.8048759,0
1,1,1,1,1,1,1,1,0.8008887,0
1,1,1,1,1,1,1,1,0.7970277,0
1,1,1,1,1,1,1,1,0.7932972,0
1,1,1,1,1,1,1,1,0.789703,0
1,1,1,1,1,1,1,1,0.7862492,0
0.9979105,1,1,1,1,1,1,1,1,1
1,1,1,1,1,1,1,1,1,1
1,1,1,1,1,1,1,1,1,1
1,1,1,1,1,1,1,1,1,1
1,1,1,1,1,1,1,1,1,1
1,1,1,1,1,1,1,1,1,1
1,1,1,1,1,1,1,1,1,1
1,1,1,1,1,1,1,1,1,1
1,1,1,1,1,1,1,1,1,1
1,1,1,1,1,1,1,1,1,1
1,1,1,1,1,1,1,1,1,1
1,1,1,1,1,1,1,1,1,1
1,1,1,1,1,1,1,1,1,1
1,1,1,1,1,1,1,1,1,1
1,1,1,1,1,1,1,1,1,1
1,1,1,1,1,1,1,1,1,1
1,1,1,1,1,1,1,1,1,1
1,1,1,1,1,1,1,1,1,1
1,1,1,1,1,1,1,1,1,1
1,1,1,1,1,1,1,1,1,1
1,1,1,1,1,1,1,1,1,1
1,1,1,1,1,1,1,1,1,1
1,1,1,1,1,1,1,1,1,1
1,1,1,1,1,1,1,1,1,1
1,1,1,1,1,1,1,1,1,1
1,1,1,1,1,1,1,1,1,1
1,1,1,1,1,1,1,1,1,1
1,1,1,1,1,1,1,1,1,1
1,1,1,1,1,1,1,1,1,1
1,1,1,1,1,1,1,1,1,1
1,1,1,1,1,1,1,1,1,1
1,1,1,1,1,1,1,1,1,1
1,1,1,1,1,1,1,1,1,1
1,1,1,1,1,1,1,1,1,1
1,1,1,1,1,1,1,1,1,1
1,1,1,1,1,1,1,1,1,1
1,1,1,1,1,1,1,1,1,1
1,1,1,1,1,1,1,1,1,1
1,1,1,1,1,1,1,1,1,1
1,1,1,1,1,1,1,1,1,1
1,1,1,1,1,1,1,1,1,1
1,1,1,1,1,1,1,1,1,1
1,1,1,1,1,1,1,1,1,1
1,1,1,1,1,1,1,1,1,1
1,1,1,1,1,1,1,1,1,1
1,1,1,1,1,1,1,1,1,1
1,1,1,1,1,1,1,1,1,1
1,1,1,1,1,1,1,1,1,1
1,1,1,1,1,1,1,1,1,1
1,1,1,1,1,1,1,1,1,1
1,1,1,1,1,1,1,1,1,1
1,1,1,1,1,1,1,1,1,1
1,1,1,1,1,1,1,1,1,1
1,1,1,1,1,1,1,1,1,1
1,1,1,1,1,1,1,1,1,1
1,1,1,1,1,1,1,1,1,1
1,1,1,1,1,1,1,1,1,1
1,1,1,1,1,1,1,1,1,1
1,1,1,1,1,1,1,1,1,1
1,1,1,1,1,1,1,1,1,1
1,1,1,1,1,1,1,1,1,1
1,1,1,1,1,1,1,1,1,1
1,1,1,1,1,1,1,1,1,1
1,1,1,1,1,1,1,1,1,1
1,1,1,1,1,1,1,1,1,1
1,1,1,1,1,1,1,1,1,1
1,1,1,1,1,1,1,1,1,1
1,1,1,1,1,1,1,1,1,1
1,1,1,1,1,1,1,1,1,1
1,1,1,1,1,1,1,1,1,1
1,1,1,1,1,1,1,1,1,1
1,1,1,1,1,1,1,1,1,1
1,1,1,1,1,1,1,1,1,1
1,1,1,1,1,1,1,1,1,1
1,1,1,1,1,1,1,1,1,1
1,1,1,1,1,1,1,1,1,1
1,1,1,1,1,1,1,1,1,1
1,1,1,1,1,1,1,1,1,1
1,1,1,1,1,1,1,1,1,1
1,1,1,1,1,1,1,1,1,1
1,1,1,1,1,1,1,1,1,1
1,1,1,1,1,1,1,1,1,1
1,1,1,1,1,1,1,1,1,1
1,1,1,1,1,1,1,1,1,1
1,1,1,1,1,1,1,1,1,1
1,1,1,1,1,1,1,1,1,1
1,1,1,1,1,1,1,1,1,1
1,1,1,1,1,1,1,1,1,1
1,1,1,1,1,1,1,1,1,1
1,1,1,1,1,1,1,1,1,1
1,1,1,1,1,1,1,1,1,1
1,1,1,1,1,1,1,1,1,1
1,1,1,1,1,1,1,1,1,1
1,1,1,1,1,1,1,1,1,1
1,1,1,1,1,1,1,1,1,1
1,1,1,1,1,1,1,1,1,1
1,1,1,1,1,1,1,1,1,1
1,1,1,1,1,1,1,1,1,1
1,1,1,1,1,1,1,1,1,1
1,1,1,1,1,1,1,1,1,1
1,1,1,1,1,1,1,1,1,1
1,1,1,1,1,1,1,1,1,1
1,1,1,1,1,1,1,1,1,1
1,1,1,1,1,1,1,1,1,1
1,1,1,1,1,1,1,1,1,1
1,1,1,1,1,1,1,1,1,1
1,1,1,1,1,1,1,1,1,1
1,1,1,1,1,1,1,1,1,1
1,1,1,1,1,1,1,1,1,1
1,1,1,1,1,1,1,1,1,1
1,1,1,1,1,1,1,1,1,1
1,1,1,1,1,1,1,1,1,1
1,1,1,1,1,1,1,1,1,1
1,1,1,1,1,1,1,1,1,1
1,1,1,1,1,1,1,1,1,1
1,1,1,1,1,1,1,1,1,1
1,1,1,1,1,1,1,1,1,1
1,1,1,1,1,1,1,1,1,1
1,1,1,1,1,1,1,1,1,1
1,1,1,1,1,1,1,1,1,1
1,1,1,1,1,1,1,1,1,1
1,1,1,1,1,1,1,1,1,1
1,1,1,1,1,1,1,1,1,1
1,1,1,1,1,1,1,1,1,1
1,1,1,1,1,1,1,1,1,1
1,1,1,1,1,1,1,1,1,1
1,1,1,1,1,1,1,1,1,1
1,1,1,1,1,1,1,1,1,1
1,1,1,1,1,1,1,1,1,1
1,1,1,1,1,1,1,1,1,1
1,1,1,1,1,1,1,1,1,1
1,1,1,1,1,1,1,1,1,1
1,1,1,1,1,1,1,1,1,1
1,1,1,1,1,1,1,1,1,1
1,1,1,1,1,1,1,1,1,1
1,1,1,1,1,1,1,1,1,1
1,1,1,1,1,1,1,1,1,1
1,1,1,1,1,1,1,1,1,1
1,1,1,1,1,1,1,1,1,1
1,1,1,1,1,1,1,1,1,1
1,1,1,1,1,1,1,1,1,1
1,1,1,1,1,1,1,1,1,1
1,1,1,1,1,1,1,1,1,1
1,1,1,1,1,1,1,1,1,1
1,1,1,1,1,1,1,1,1,1
1,1,1,1,1,1,1,1,1,1
1,1,1,1,1,1,1,1,1,1
1,1,1,1,1,1,1,1,1,1
1,1,1,1,1,1,1,1,1,1
1,0.7828741,1,1,1,1,1,1,1,2
1,0.7610157,1,1,1,1,1,1,1,2
1,0.7389917,1,1,1,1,1,1,1,2
1,0.7168661,1,1,1,1,1,1,1,2
1,0.6947113,1,1,1,1,1,1,1,2
1,0.6725939,1,1,1,1,1,1,1,2
1,0.6505815,1,1,1,1,1,1,1,2
1,0.6487972,1,1,1,1,1,1,1,2
1,0.6564942,1,1,1,1,1,1,1,2
1,0.6643476,1,1,1,1,1,1,1,2
1,0.6723464,1,1,1,1,1,1,1,2
1,0.6804792,1,1,1,1,1,1,1,2
1,0.688734,1,1,1,1,1,1,1,2
1,0.6970973,1,1,1,1,1,1,1,2
1,1,1,1,1,1,1,1,1,1
1,1,1,1,1,1,1,1,1,1
1,1,1,1,1,1,1,1,1,1
1,1,1,1,1,1,1,1,1,1
1,1,1,1,1,1,1,1,1,1
1,1,1,1,1,1,1,1,1,1
1,1,1,1,1,1,1,1,1,1
1,1,1,1,1,1,1,1,1,1
1,1,1,1,1,1,1,1,1,1
1,1,1,1,1,1,1,1,1,1
1,1,1,1,1,1,1,1,1,1
0.6671548,1,1,1,1,1,1,1,1,2
0.6218522,1,1,1,1,1,1,1,1,2
0.5771788,1,0.9944404,1,1,1,1,1,1,2
0.5472389,1,0.9797603,1,1,1,1,1,1,2
0.5538999,1,0.9652153,1,1,1,1,1,1,2
0.5609589,1,0.9604471,1,1,1,1,1,1,2
0.568379,1,1,1,1,1,1,1,1,2
0.5760201,1,1,1,1,1,1,1,1,2
0.5839781,1,1,1,1,1,1,1,1,2
0.592243,1,1,1,1,1,1,1,1,2
1,1,1,1,1,1,1,1,1,1
1,1,1,1,1,1,1,1,1,1
1,1,1,1,1,1,1,1,1,1
1,1,1,1,1,1,1,1,1,1
1,1,1,1,1,1,1,1,1,1
1,1,1,1,1,1,1,1,1,1
1,1,1,1,1,1,1,1,1,1
1,1,1,1,1,1,1,1,1,1
1,1,1,1,1,1,1,1,1,1
1,0.9506491,1,1,1,1,1,1,1,1
1,0.9384236,1,1,1,1,1,1,1,1
1,0.9260497,1,1,1,1,1,1,1,1
1,0.9135343,1,0.9963938,1,1,1,1,1,1
1,0.9008997,1,0.9869814,1,1,1,1,1,1
1,0.8881709,1,0.9776027,1,1,1,1,1,1
1,0.8753604,1,0.9682609,1,1,1,1,1,1
1,0.8624735,1,0.9589536,1,1,1,1,1,1
1,0.8495237,1,0.949684,1,1,1,1,1,1
1,0.8365208,1,0.9404525,1,1,1,1,1,1
1,0.8234782,1,0.9312626,1,1,1,1,1,1
1,0.810403,1,0.9221112,1,1,1,1,1,1
1,0.7973087,1,0.9130015,1,1,1,1,1,1
1,0.7842056,1,0.9039337,1,1,1,1,1,1
1,0.7711036,0.8904024,0.8949075,1,1,1,1,1,2
1,0.7577817,0.8804109,0.8859965,1,1,1,1,1,2
1,0.7444912,0.8704516,0.8771386,1,1,1,1,1,2
1,0.7312411,0.8605254,0.8683295,1,1,1,1,1,2
1,0.718047,0.8506387,0.8595709,1,1,1,1,1,2
1,0.7049235,0.8407975,0.8508639,1,1,1,1,1,2
1,0.6918771,0.8310014,0.8422033,1,1,1,1,1,2
1,0.6789209,0.8212556,0.8335899,1,1,1,1,1,2
1,0.6709634,0.8115588,0.8250176,1,1,1,1,1,2
1,0.6857165,0.8019204,0.8164704,1,1,1,1,1,2
1,0.7002639,0.7923599,0.8078688,1,1,1,1,1,2
1,0.7145672,0.7828658,0.7992077,1,1,1,1,1,2
1,0.7285841,0.7734272,0.7904824,1,1,1,1,1,1
1,0.7422821,0.7640379,0.7816929,1,1,1,1,1,1
1,0.7556251,0.754689,0.7728368,1,1,1,1,1,1
1,0.7685907,0.7453758,0.7639154,1,1,1,1,1,1
1,0.7811533,0.7360911,0.754928,1,1,1,1,1,1
0.8097346,0.7932912,0.7268316,0.7458771,1,1,1,1,1,2
0.7867376,0.8152631,0.7174931,0.7378925,1,1,1,1,1,2
0.7643169,0.8381827,0.7082397,0.729959,1,1,1,1,1,2
0.7424853,1,0.6990665,0.7220637,1,1,1,1,1,2
0.7233921,1,0.689968,1,1,1,1,1,1,2
0.7017826,1,0.6809372,1,1,1,1,1,1,2
0.6803472,1,0.6720076,1,1,1,1,1,1,2
0.6591478,1,0.6631858,1,1,1,1,1,1,2
0.6382449,1,0.6544808,1,1,1,1,1,1,2
0.6176924,1,0.6458999,1,1,1,1,1,1,2
0.5975409,1,0.6374529,1,1,1,1,1,1,2
0.5778207,1,0.629139,1,1,1,1,1,1,2
0.5787421,1,0.6209653,1,1,1,1,1,1,2
0.5924529,0.6484388,0.6128975,1,1,1,1,1,1,2
0.6094089,0.6358849,0.6052405,1,1,1,1,1,1,2
0.6265689,0.6238974,0.597703,1,1,1,1,1,1,2
0.643869,0.6124181,0.5902585,1,1,1,1,1,1,2
0.6612438,0.6013888,0.5828776,1,1,1,1,1,1,2
0.6786289,0.5907632,0.5755415,1,1,1,1,1,1,2
0.6959637,0.5804908,0.5682248,1,1,1,1,1,1,2
0.7131883,0.5705355,1,1,1,1,1,1,1,2
0.7332573,0.560415,1,1,1,1,1,1,1,2
1,0.5506068,1,1,1,1,1,1,1,2
1,0.5418369,1,1,1,1,1,1,1,2
1,0.5331226,1,1,1,1,1,1,1,2
1,0.5244606,1,1,1,1,1,1,1,2
1,0.5158539,1,1,1,1,1,1,1,2
1,0.5073021,1,1,1,1,1,1,1,2
1,0.4988018,1,1,1,1,1,1,1,2
1,0.4903557,1,1,1,1,1,1,1,2
1,0.4819633,1,1,1,1,1,1,1,2
1,0.4736241,1,1,1,1,1,1,1,2
0.5639086,0.4653346,1,1,1,1,1,1,1,2
0.5485955,0.4562757,1,1,1,1,1,1,1,2
0.5338806,0.4474731,1,1,1,1,1,1,1,2
0.5197452,0.4389192,1,1,0.9936617,1,1,1,1,2
0.506222,0.4306124,1,1,0.9680785,1,1,1,1,2
0.4934423,0.4225639,1,1,0.9442846,1,1,1,1,2
0.4813252,0.4147417,1,1,0.9220724,1,1,1,1,2
0.4697987,0.4071175,1,1,0.9012618,1,1,1,1,2
0.4588019,0.3996686,1,1,0.8886151,1,1,1,1,2
0.4482256,0.527926,1,1,0.8877365,1,1,1,1,2
0.438052,0.7188407,1,1,0.8863904,1,1,1,1,2
0.4282641,1,1,1,0.8844817,1,1,1,1,2
0.4188396,1,1,1,0.8818998,1,1,1,1,2
0.4096004,1,1,1,0.8793309,1,1,1,1,2
0.4005387,1,1,1,0.8767608,1,1,1,1,2
0.391654,1,1,1,0.8741846,1,1,1,1,2
0.3829385,1,1,1,0.8715879,1,1,1,1,2
0.374388,1,1,1,0.8689607,1,1,1,1,2
0.3659984,1,1,0.8614308,1,1,1,1,1,2
0.3576763,1,1,0.8418109,1,1,1,1,1,2
0.3495843,1,1,0.8230939,1,1,1,1,1,2
0.3417044,1,1,0.8051885,1,1,1,1,1,2
0.3407572,1,1,0.7880161,1,1,1,1,1,2
0.3646691,1,1,0.7716051,1,1,1,1,1,1
0.3883094,1,1,0.7562245,1,1,1,1,1,1
0.4115472,1,1,0.7417493,1,1,1,1,1,1
0.4342639,1,1,0.728074,1,1,1,1,1,1
0.4563626,1,1,0.7151045,1,1,1,1,1,1
0.4777529,1,1,0.7027647,1,1,1,1,1,1
0.4983639,1,1,0.690987,1,1,1,1,1,1
0.5181392,1,1,0.6797134,1,1,1,1,1,1
0.5370408,1,1,0.668891,1,1,1,1,1,1
0.5550442,1,1,0.6584734,1,1,1,1,1,1
0.5721335,1,1,0.6484232,1,1,1,1,1,1
0.588311,1,1,0.6387019,1,1,1,1,1,1
0.6035808,1,1,0.6292807,1,1,1,1,1,1
0.6179628,1,1,0.6201292,1,1,1,1,1,1
1,1,1,0.6112226,1,1,1,1,1,0
1,1,1,0.6069648,1,1,1,1,1,0
1,1,1,0.602765,1,1,1,1,1,0
1,1,1,0.5986192,1,1,1,1,1,0
1,1,1,0.5945254,0.6297777,1,1,1,1,0
1,1,0.9963331,0.5984823,0.6052198,1,1,1,1,0
1,1,0.9805438,0.6031724,0.5817956,1,1,1,1,0
1,1,0.9652785,0.6086617,0.5594159,1,1,1,1,0
1,1,0.9505116,1,0.5379965,1,1,1,1,0
1,1,0.9383436,1,0.5208285,1,1,1,1,0
1,1,0.9262484,1,0.5038837,1,1,1,1,0
1,1,0.9142495,1,0.4883443,1,1,1,1,0
1,1,0.9023817,1,0.4869557,1,1,1,1,0
1,1,0.8907509,0.9920356,0.4857391,0.5411395,1,1,1,0
1,1,0.8780202,0.9716199,0.4884094,0.5163852,1,1,1,0
1,1,0.9133062,0.951941,0.4917159,0.4928091,1,1,1,0
0.5818321,1,0.9798101,0.9329575,0.4957158,0.4703116,1,1,1,0
0.5775763,1,1,0.9155352,0.4989528,0.4497586,1,1,1,0
0.5737115,1,1,0.8987689,0.502558,0.4301284,1,1,1,0
0.5701427,1,1,0.8825716,0.9684656,0.411296,1,1,1,0
1,1,1,0.8707219,0.9538875,0.3996689,1,1,1,0
0.5688294,1,1,0.854528,0.9320029,0.4008378,1,1,1,0
1,1,1,0.8427618,0.9176065,0.3966008,1,1,1,0
1,1,1,0.8271066,0.8965742,0.3986243,1,1,1,0
1,1,1,0.8119224,0.8762897,0.4012231,0.4343585,1,1,0
0.5574367,1,1,0.7971258,0.8566047,0.4045727,0.4079309,1,1,0
0.5529656,1,1,0.7827737,0.8376115,0.408612,0.3829286,1,1,0
0.5486466,1,1,0.7688413,0.8192677,0.9062418,0.3592152,1,1,0
0.5476192,1,1,0.7566447,0.8040494,0.8865281,0.3394192,1,1,0
0.5462203,1,1,0.7444852,0.7888529,0.8668519,0.3199546,1,1,0
0.5445319,1,1,0.7324112,0.7737563,0.8473347,0.3055009,1,1,0
1,1,1,0.7204811,0.7588656,0.8281492,0.3049624,1,1,0
0.5387746,1,1,0.7080436,0.742814,0.8069612,0.3063272,1,1,0
1,1,1,0.696645,0.7288158,0.7892436,0.3061888,1,1,0
0.533493,1,1,0.7523929,0.7136176,0.7694011,0.3083617,1,1,0
1,1,1,0.8055272,0.7005526,0.7532375,0.3083721,1,1,0
0.5288642,1,1,0.9325758,0.686109,0.7345698,0.3114038,1,1,0
1,1,1,1,0.6739314,0.7199243,0.3112662,0.333009,1,0
1,1,1,1,0.6601426,0.7022685,1,0.295875,1,0
1,1,1,1,0.6467401,0.685198,1,0.2618765,1,0
0.5182205,1,1,1,0.6337048,0.6686808,0.7766163,0.2306051,1,0
0.5149397,1,1,1,0.6210189,0.652687,0.7525701,0.2221733,1,0
0.5117217,1,1,1,0.6086689,0.6371916,0.7295219,0.2229026,1,0
0.5085629,1,1,1,0.5966388,0.6221685,0.7074072,0.2239907,1,0
0.5054578,1,1,1,0.6837522,0.6075966,0.6861702,0.2254535,1,0
0.5024015,1,1,1,0.8083923,0.5934525,0.6657562,0.2273083,1,0
0.4995368,1,1,1,1,0.5798314,0.6463956,0.2294397,0.2775729,0
0.4965678,1,1,1,1,0.5664705,0.6274624,0.2321153,0.197438,0
0.4936377,1,1,1,1,0.5534802,0.609217,1,0.1911748,0
0.4907433,1,1,1,1,0.5408456,0.5916229,1,0.1918727,0
0.4878801,1,1,1,1,0.5285496,0.5746431,1,0.1928803,0
0.4850466,1,1,1,1,0.5386432,0.5582464,1,0.1942019,0
0.4822398,1,1,1,1,0.6248542,0.5424007,1,0.1958441,0
0.4795035,1,1,1,1,0.7419578,0.5271658,1,0.1977815,0
0.4769285,1,1,1,1,1,0.5126984,1,0.1999249,0
0.4745153,1,1,1,1,1,0.4989594,0.6591417,1,2
1,1,1,1,1,1,0.4892195,0.6481994,1,0
1,1,1,1,1,1,0.4757318,0.6234395,1,0
1,1,1,1,1,1,0.4625203,0.5995206,1,0
1,1,1,1,1,1,0.449597,0.5764669,1,0
1,1,1,1,1,1,0.436969,0.554288,1,0
1,1,1,1,1,1,0.4246415,0.5329849,1,0
1,1,1,1,1,1,0.4134513,0.5125396,1,0
1,1,1,1,1,1,0.4581011,0.4929368,1,0
1,1,1,1,1,1,0.5103316,0.4743178,1,0
1,1,1,1,1,1,0.5716887,0.4565979,1,0
1,1,1,1,1,1,0.6441447,0.439695,1,0
1,1,1,1,1,1,0.7302513,0.4235338,1,0
1,1,1,1,1,1,1,0.4080451,1,0
1,1,1,1,1,1,1,0.3933955,1,0
1,1,1,1,1,1,1,0.3790952,0.5826896,0
0.7787875,1,1,1,1,1,1,0.3635852,0.5487766,0
0.7242249,1,1,1,1,1,1,0.3489474,0.518159,0
0.6948324,1,1,1,1,1,1,0.335111,0.4904707,0
0.6755844,1,1,1,1,1,1,0.3218197,0.4647076,0
0.66155,1,1,1,1,1,1,0.314171,0.4404782,0
0.651028,1,1,1,1,1,1,0.3355103,0.4176179,0
0.6445082,1,1,1,1,1,1,0.3583121,0.396192,0
0.6405952,1,1,1,1,1,1,0.3827285,0.3759937,0
0.6385273,1,1,1,1,1,1,0.4088903,0.3568653,0
0.6378254,1,1,1,1,1,1,0.4369318,0.3386883,0
0.6381829,1,1,1,1,1,1,0.4669875,0.3213666,0
0.6393881,1,1,1,1,1,1,0.4991938,0.3048195,0
0.6412933,1,1,1,1,1,1,0.5336924,0.2889774,0
0.643789,1,1,1,1,1,1,0.57063,0.2737798,0
0.6468033,1,1,1,1,1,1,0.610159,0.2733148,0
0.6510817,1,1,1,1,1,1,1,0.284909,0
0.6655527,1,1,1,0.9905901,1,1,1,0.2951372,0
0.6794871,1,1,1,0.9846066,1,1,1,0.3055854,0
0.6928095,1,1,1,0.9786652,1,1,1,0.3162736,0
0.7056239,1,1,1,0.9727412,1,1,1,0.3271971,0
0.7180124,1,1,1,0.9668162,1,1,1,0.3383504,0
0.7300487,1,1,1,0.9608735,1,1,1,0.3497259,0
1,1,1,1,0.9549022,1,1,1,0.3613178,0
1,1,1,1,0.9559819,1,1,1,0.3779563,0
1,1,1,1,0.9568926,1,1,1,0.3951767,0
1,1,1,1,0.9575964,1,1,1,0.4129553,0
1,1,1,1,0.9580562,1,1,1,0.4312632,0
1,1,1,1,1,0.9698497,1,1,0.450061,0
1,1,1,1,1,0.9357996,1,1,0.4696499,0
1,1,1,1,1,0.9053534,1,1,0.4891607,0
1,1,0.9915808,1,1,0.8779284,1,1,0.5084966,0
1,1,0.9807528,1,1,0.8535022,1,1,0.5273019,0
1,1,0.9706489,1,1,0.8317415,1,1,1,2
1,1,0.9653735,1,1,0.8256243,1,1,1,2
1,1,0.9602695,1,1,0.8199128,1,1,1,2
1,1,0.9553331,1,1,0.8145877,1,1,1,2
1,1,0.9505607,1,1,0.8096312,1,1,1,2
1,1,0.9459512,1,1,0.80503,1,1,1,2
1,1,0.9415013,1,1,0.800769,1,1,1,2
1,0.8498937,0.9372081,1,1,0.7968344,1,1,1,2
1,0.8436122,0.9359244,1,1,0.8021747,1,1,1,2
1,0.8375741,0.9349386,1,0.8098196,0.808253,1,1,1,2
0.6756686,0.8319848,1,1,0.7884495,0.8229148,1,1,1,2
0.6636263,0.8269753,1,1,0.7661261,1,1,1,1,2
0.6522487,0.8224858,1,1,0.7446622,1,1,1,1,2
0.641511,0.8185153,1,1,0.7240006,1,1,1,1,2
0.6313904,0.8150638,1,1,0.704089,1,1,1,1,2
0.670209,0.8121313,1,1,0.6848828,1,1,1,1,2
1,0.8097205,1,1,0.6880395,1,1,1,1,2
1,0.8067909,1,1,0.6955379,1,1,1,1,2
1,0.8041056,1,0.71446,0.7035557,1,1,1,1,2
1,0.8029302,1,0.6916409,0.7216982,1,1,1,1,2
1,0.8022908,1,0.6697253,1,1,1,1,1,2
1,0.8011562,1,0.6508342,1,1,1,1,1,2
0.7816189,0.8004438,1,0.6323366,1,1,1,1,1,2
0.7750951,0.8012009,1,0.6125382,1,1,1,1,1,2
0.7691451,0.802525,1,0.5934436,1,1,1,1,1,2
0.7637587,0.8044286,1,0.6033604,1,1,1,1,1,2
0.758927,0.8069256,1,0.6186526,1,1,1,1,1,2
0.7546412,1,1,0.6358096,1,1,1,1,1,2
0.7509693,1,1,0.6506807,1,1,1,1,1,2
0.7477032,1,0.607932,1,1,1,1,1,1,2
0.7448444,1,0.5843828,1,1,1,1,1,1,2
0.7425158,1,0.5618392,1,1,1,1,1,1,2
0.7407161,1,0.5402291,1,1,1,1,1,1,2
0.7394435,1,0.5194911,1,1,1,1,1,1,2
0.7386978,1,0.4995613,1,1,1,1,1,1,2
0.7384827,1,0.5049877,1,1,1,1,1,1,2
0.738799,1,0.5185704,0.9879611,1,1,1,1,1,2
0.7396514,1,0.5336857,0.9711095,1,1,1,1,1,2
0.7410464,1,0.5505088,0.9548682,1,1,1,1,1,2
0.7429696,1,1,0.9392468,1,1,1,1,1,2
0.7438958,1,1,0.9263223,1,1,1,1,1,2
1,1,1,0.9379549,1,1,1,1,1,1
1,1,1,0.9379362,1,1,1,1,1,1
1,1,1,0.9379324,1,1,1,1,1,1
1,1,1,0.9379501,1,1,1,1,1,1
1,0.4945838,1,0.9379886,1,1,1,1,1,2
1,0.4671802,1,1,1,1,1,1,1,2
1,0.4410622,1,1,1,1,1,1,1,2
1,0.415884,1,1,1,1,1,1,1,2
1,0.3916724,0.8855694,1,1,1,0.9835259,1,1,2
1,0.3738074,0.8668254,1,1,1,0.9427212,1,1,2
1,0.3818089,0.8489174,1,1,1,0.9056958,1,1,2
1,0.3900899,0.8320426,1,1,1,0.8743059,1,1,2
1,0.3986161,0.8160667,1,1,1,0.8719392,1,1,2
1,0.4075868,0.800738,1,1,1,0.8695054,1,1,2
1,0.4169791,0.786007,1,1,1,0.8669611,1,1,2
1,1,0.7718238,1,1,1,0.86426,1,1,1
1,1,0.7706446,1,1,1,0.8521618,1,1,1
0.4226804,1,0.7740206,1,1,1,0.8399265,1,1,2
0.3796216,1,0.8391328,1,1,1,0.8399075,1,1,2
0.3405757,1,1,1,1,1,0.8403108,1,1,2
0.3271288,1,1,1,1,1,0.8411504,1,1,2
0.333333,1,1,1,1,1,0.8424503,1,1,2
0.3399743,1,1,1,1,1,1,1,1,2
0.3472371,1,1,1,1,1,1,1,1,2
0.3550733,1,1,1,1,1,1,1,1,2
0.363512,1,1,1,1,1,1,1,1,2
1,0.7371178,1,1,1,0.821138,1,1,1,1
1,0.725278,1,1,1,0.8114837,1,1,1,1
1,0.713466,1,1,1,0.801827,1,1,1,1
1,0.7016841,1,1,1,0.7921778,1,1,1,1
1,0.689934,1,1,1,0.7825395,1,1,1,1
1,0.6782209,1,1,1,0.7729211,1,1,1,1
1,0.6665427,1,1,1,0.7633249,1,1,1,1
1,0.6549007,1,1,1,0.7537555,1,1,1,1
1,0.6432996,1,1,1,0.7442201,1,1,1,1
1,0.6317366,1,1,1,0.7347197,1,1,1,1
1,0.6202127,1,1,1,0.7252576,1,1,1,1
1,0.6087319,1,1,1,0.7158393,1,1,1,1
1,0.5972912,1,1,1,0.7064645,1,1,1,1
1,0.5881524,1,1,1,0.6971382,1,1,1,1
1,0.5975105,1,1,1,0.6879151,1,1,1,1
1,0.6064847,1,1,1,0.6792263,1,1,1,1
1,0.6150774,1,1,1,0.6710189,1,1,1,1
1,0.6232926,1,1,1,1,1,1,1,2
1,0.6396959,1,1,1,0.6479338,1,1,1,1
1,0.6467654,1,1,1,0.6414448,1,1,1,1
1,0.6534848,1,1,1,1,1,1,1,2
1,1,1,1,1,0.6210551,1,1,1,0
1,1,1,1,1,1,0.5905453,1,1,0
1,1,1,1,1,1,0.5696419,1,1,0
1,1,1,1,1,1,0.5490222,1,1,0
1,1,1,1,1,1,0.5287263,1,1,0
1,1,1,1,1,1,0.50878,1,1,0
1,0.6264853,1,1,1,1,0.4892115,1,1,0
1,1,1,1,1,1,0.4736325,1,1,0
1,1,1,1,1,1,0.4566693,1,1,0
1,0.6083018,1,1,1,1,0.4605586,1,1,0
1,1,1,1,1,1,0.4594242,1,1,0
1,1,1,1,1,1,0.4636674,1,1,0
1,1,1,1,1,1,0.4681699,1,1,0
1,1,1,1,1,1,0.472931,1,1,0
1,1,1,1,1,1,0.4779449,1,1,0
1,1,1,1,1,1,1,1,1,1
1,1,1,1,1,1,1,1,1,1
1,1,1,1,1,1,1,1,1,1
1,1,1,1,1,1,1,1,1,1
0.5747048,1,1,1,1,1,1,1,1,2
0.5351921,1,1,1,1,1,1,1,1,2
0.497028,1,1,1,1,1,1,1,1,2
0.4604669,1,1,1,1,1,1,1,1,2
0.4351382,1,1,1,1,1,1,1,1,2
0.4438021,1,1,1,1,1,1,1,1,2
0.4529378,1,1,1,1,1,0.3873955,1,1,1
0.457114,1,1,1,1,1,1,1,1,2
0.4667606,1,1,1,1,1,0.3697455,1,1,1
0.4707323,1,1,1,1,1,1,1,1,2
0.480835,1,1,1,1,1,0.3533422,1,1,1
0.484535,1,1,1,1,1,1,0.373292,1,0
0.4862588,1,1,1,1,1,1,0.3396204,1,0
0.487491,1,1,1,1,1,1,0.3061201,1,0
0.4882572,1,1,1,1,1,1,0.2731384,1,0
1,1,1,1,1,1,1,0.2517588,1,0
1,1,1,1,1,1,1,0.2508727,1,0
1,1,1,1,1,1,1,0.2503029,1,0
1,1,1,1,1,1,1,0.2500567,1,0
1,1,1,1,1,1,1,0.2501457,1,0
1,1,1,1,1,1,1,0.2505796,1,0
1,1,1,1,1,1,1,0.2513693,1,0
1,1,1,1,1,1,1,0.2525287,0.2346047,0
1,1,1,1,1,1,1,1,0.2174673,0
1,1,1,1,1,1,1,1,0.2168284,0
1,1,1,1,1,1,1,1,0.2164929,0
1,1,1,1,1,1,1,1,0.2164615,0
1,1,1,1,1,1,1,1,0.2167385,0
1,1,1,1,1,1,1,1,0.2173278,0
1,1,1,1,1,1,1,1,0.218234,0
1,1,1,1,1,1,1,1,1,1
1,1,1,1,1,1,1,1,1,1
1,1,1,1,1,1,1,1,1,1
1,1,1,1,1,1,1,1,1,1
1,1,1,1,1,1,1,1,1,1
1,1,1,1,1,1,1,1,1,1
1,1,1,1,1,1,1,1,1,1
1,1,1,1,1,1,1,0.9439861,1,1
1,1,1,1,1,1,1,0.946812,1,1
1,1,1,1,1,1,1,0.9482201,1,1
1,1,1,1,1,1,1,0.9496187,1,1
1,1,1,1,1,1,1,0.9510059,1,1
1,1,1,1,1,1,1,0.9523838,1,1
1,1,1,1,1,1,1,0.9537501,1,1
1,1,1,1,1,1,1,0.955103,1,1
1,1,1,1,1,1,1,0.9564446,1,1
1,1,1,1,1,1,1,0.9577729,1,1
1,1,1,1,1,1,1,0.9590861,1,1
1,1,1,1,1,1,1,1,1,1
1,1,1,1,1,1,1,1,1,1
1,1,1,1,1,1,1,1,1,1
1,1,1,1,1,1,1,1,1,1
1,1,1,1,1,1,1,1,1,1
1,1,1,1,1,1,1,1,1,1
1,1,1,1,1,1,1,1,1,1
1,1,1,1,1,1,1,1,1,1
1,1,1,1,1,1,1,1,1,1
1,1,1,1,1,1,1,1,1,1
1,1,1,1,1,1,1,1,1,1
1,1,1,1,1,1,1,1,1,1
1,1,1,1,1,1,1,1,1,1
1,1,1,1,1,1,1,1,1,1
1,1,1,1,1,1,1,1,1,1
1,1,1,1,1,1,1,1,1,1
1,1,1,1,1,1,1,1,1,1
1,1,1,1,1,1,1,1,0.929058,1
1,1,1,1,1,1,1,1,0.8838742,0
1,1,1,1,1,1,1,1,0.8343975,0
1,1,1,1,1,1,1,1,0.7813237,0
1,1,1,1,1,1,1,1,0.7636995,0
1,1,1,1,1,1,1,1,0.7665013,0
1,1,1,1,1,1,1,1,0.7694513,0
1,1,1,1,1,1,1,1,0.7725447,0
1,1,1,1,1,1,1,1,0.775777,0
1,1,1,1,1,1,1,1,0.7791433,0
1,1,1,1,1,1,1,1,0.7826385,0
1,1,1,1,1,1,1,1,0.7862563,0
1,1,1,1,1,1,1,1,0.789993,0
1,1,1,1,1,1,1,1,0.7938419,0
1,1,1,1,1,1,1,1,0.7977977,0
1,1,1,1,1,1,1,1,1,1
1,1,1,1,1,1,1,1,1,1
1,1,1,1,1,1,1,1,1,1
1,1,1,1,1,1,1,1,1,1
1,1,1,1,1,1,1,1,1,1
1,1,1,1,1,1,1,1,1,1
1,1,1,1,1,1,1,1,1,1
1,1,1,1,1,1,1,1,1,1
1,1,1,1,1,1,1,1,1,1
1,1,1,1,1,1,1,1,1,1
1,1,1,1,1,1,1,1,1,1
1,1,1,1,1,1,1,1,1,1
1,1,1,1,1,1,1,1,1,1
1,1,1,1,1,1,1,1,1,1
1,1,1,1,1,1,1,1,1,1
1,1,1,1,1,1,1,1,1,1
1,1,1,1,1,1,1,1,1,1
1,1,1,1,1,1,1,1,1,1
1,1,1,1,1,1,1,1,1,1
1,1,1,1,1,1,1,1,1,1
1,1,1,1,1,1,1,1,1,1
1,1,1,1,1,1,1,1,1,1
1,1,1,1,1,1,1,1,1,1
1,1,1,1,1,1,1,1,1,1
1,1,1,1,1,1,1,1,1,1
1,1,1,1,1,1,1,1,1,1
1,1,1,1,1,1,1,1,1,1
1,1,1,1,1,1,1,1,1,1
1,1,1,1,1,1,1,1,1,1
1,1,1,1,1,1,1,1,1,1
1,1,1,1,1,1,1,1,1,1
1,1,1,1,1,1,1,1,1,1
1,1,1,1,1,1,1,1,1,1
1,1,1,1,1,1,1,1,1,1
1,1,1,1,1,1,1,1,1,1
1,1,1,1,1,1,1,1,1,1
1,0.7629852,1,1,1,1,1,1,1,2
1,0.7346481,1,1,1,1,1,1,1,2
1,0.7060479,1,1,1,1,1,1,1,2
1,0.6773347,1,1,1,1,1,1,1,2
1,0.6486605,1,1,1,1,1,1,1,2
1,0.6287267,1,1,1,1,1,1,1,2
1,0.6335893,1,1,1,1,1,1,1,2
1,0.6386666,1,1,1,1,1,1,1,2
1,0.6439506,1,1,1,1,1,1,1,2
1,0.6494347,1,1,1,1,1,1,1,2
1,0.6551107,1,1,1,1,1,1,1,2
1,0.6609696,1,1,1,1,1,1,1,2
1,1,1,1,1,1,1,1,1,1
1,1,1,1,1,1,1,1,1,1
1,1,1,1,1,1,1,1,1,1
1,1,1,1,1,1,1,1,1,1
1,1,1,1,1,1,1,1,1,1
1,1,1,1,1,1,1,1,1,1
1,1,1,1,1,1,1,1,1,1
1,1,1,1,1,1,1,1,1,1
1,1,1,1,1,1,1,1,1,1
1,1,1,1,1,1,1,1,1,1
1,1,1,1,1,1,1,1,1,1
1,1,1,1,1,1,1,1,1,1
0.6492784,1,1,1,1,1,1,1,1,2
0.5797731,1,1,1,1,1,1,1,1,2
0.5342799,1,1,1,1,1,1,1,1,2
0.5379071,1,1,1,1,1,1,1,1,2
0.5419153,1,1,1,1,1,1,1,1,2
0.5462974,1,1,1,1,1,1,1,1,2
0.5510493,1,1,1,1,1,1,1,1,2
0.556163,1,1,1,1,1,1,1,1,2
0.5616322,1,1,1,1,1,1,1,1,2
1,1,1,1,1,1,1,1,1,1
1,1,1,1,1,1,1,1,1,1
1,1,1,1,1,1,1,1,1,1
1,1,1,1,1,1,1,1,1,1
1,1,1,1,1,1,1,1,1,1
1,1,1,1,1,1,1,1,1,1
1,1,1,1,1,1,1,1,1,1
1,1,1,1,1,1,1,1,1,1
1,1,1,1,1,1,1,1,1,1
1,1,1,1,1,1,1,1,1,1
1,1,1,1,1,1,1,1,1,1
1,1,1,1,1,1,1,1,1,1
1,1,1,1,1,1,1,1,1,1
1,1,1,1,1,1,1,1,1,1
1,1,1,1,1,1,1,1,1,1
1,1,1,1,1,1,1,1,1,1
1,1,1,1,1,1,1,1,1,1
1,1,1,1,1,1,1,1,1,1
1,1,1,1,1,1,1,1,1,1
1,1,1,1,1,1,1,1,1,1
1,1,1,1,1,1,1,1,1,1
1,1,1,1,1,1,1,1,1,1
1,1,1,1,1,1,1,1,1,1
1,1,1,1,1,1,1,1,1,1
1,1,1,1,1,1,1,1,1,1
1,1,1,1,1,1,1,1,1,1
1,1,1,1,1,1,1,1,1,1
1,1,1,1,1,1,1,1,1,1
1,1,1,1,1,1,1,1,1,1
1,1,1,1,1,1,1,1,1,1
1,1,1,1,1,1,1,1,1,1
1,1,1,1,1,1,1,1,1,1
1,1,1,1,1,1,1,1,1,1
1,1,1,1,0.990651,1,1,1,1,1
1,1,1,1,0.980643,1,1,1,1,1
1,1,1,1,0.9706222,1,1,1,1,1
1,1,1,1,0.9605923,1,1,1,1,1
1,0.9902793,1,1,0.9505533,0.992483,1,1,1,1
1,0.9772876,1,1,0.9405301,0.9819899,1,1,1,1
1,0.9745191,1,1,0.9305295,0.9715483,1,1,1,1
1,0.9767086,1,1,0.9205102,0.9610642,1,1,1,1
1,0.978595,1,1,0.9104539,0.9504949,1,0.9410605,1,1
1,0.9777952,1,1,0.9000684,0.9391707,1,0.9177797,1,1
1,0.9758404,1,1,0.8895589,0.9275563,1,0.8932375,1,0
1,0.9727496,1,1,0.8789372,0.9156717,1,0.8675815,1,0
1,0.9685643,1,1,0.8682247,0.9035492,1,0.8409927,1,0
1,0.9633433,1,1,0.8574395,0.8912193,1,0.8136576,1,0
1,0.957166,1,1,0.8466051,0.8787201,0.9909528,0.7857774,1,0
1,0.9499237,1,1,0.8357241,0.8660374,0.9739297,0.75732,1,0
1,0.9415697,1,1,0.8707787,0.8531834,0.956461,0.7283484,1,0
1,0.9324457,1,1,0.9629108,0.8402597,0.9387689,0.6993271,1,0
1,0.9228646,1,1,1,0.8273603,0.9210545,0.7036151,1,0
1,0.9137117,1,1,1,0.8146963,0.9038242,0.7084802,1,0
1,0.9048753,1,1,1,0.8022354,0.8870026,0.7135577,1,0
1,0.8963619,1,1,1,0.7899711,0.8705821,0.7188289,1,0
1,0.8881791,1,1,1,0.7778954,0.8545523,0.724269,1,0
1,0.8803257,1,1,1,0.7660023,0.8389033,0.7298576,1,0
1,0.8727987,1,1,1,0.7542847,0.8236235,0.7355723,1,0
1,0.865593,1,1,1,0.7427289,0.8086932,0.7413912,1,0
1,0.8587001,1,1,1,0.7313269,0.7940985,0.747293,1,0
1,0.8521102,1,1,1,0.7200676,0.7798213,0.7532571,1,0
1,0.8458139,1,1,1,0.7089429,0.7658467,0.7592617,1,0
1,0.8397988,1,1,1,0.6979422,0.7521569,0.765288,1,0
1,0.8340522,1,1,1,0.6870518,0.7387307,1,1,1
1,0.8332077,1,1,1,0.6769081,0.727706,1,1,1
1,0.8322293,1,1,1,0.6667516,0.7166317,1,0.8398488,0
1,0.8269532,1,1,1,0.6828877,0.7036361,1,0.7873263,0
1,0.8205474,1,1,1,0.7394153,0.6902567,1,0.7331524,0
1,0.8132232,1,1,1,0.8178884,0.6766239,1,0.6788422,0
1,0.8051357,1,1,1,0.9281611,0.6628376,1,0.6254373,0
1,0.7964604,1,1,1,1,0.6489986,1,0.6141477,0
1,0.7880681,1,1,1,1,0.6354788,1,0.6183001,0
1,0.7801105,1,1,1,1,0.6223245,0.811999,0.6225905,0
1,0.7698399,1,1,1,1,0.6084804,0.7856342,0.6284635,0
1,0.7599288,1,1,1,1,0.595033,0.7605077,0.6347352,0
1,0.7503901,1,1,1,1,0.5819703,0.7365787,0.6413794,0
1,0.7412286,1,1,1,1,0.5692814,0.713803,0.6483657,0
1,0.7324423,1,1,1,1,0.5569462,0.6921207,0.6556604,0
1,0.7292576,1,1,1,1,0.544942,0.6714667,0.6632298,0
1,0.7293209,1,1,1,1,0.5332264,0.6516833,0.6711119,0
1,0.7291696,1,1,1,1,0.5706199,0.6326756,0.679319,0
1,0.7280644,1,1,1,1,0.6298054,0.6145763,1,1
1,0.7078828,1,1,1,1,0.6507031,0.6020423,1,1
1,0.6938179,1,1,1,1,0.6694862,0.5898215,1,1
1,0.6907526,1,1,1,1,0.6869105,0.5777884,1,1
1,0.6876744,1,1,1,1,0.7045983,0.5657557,1,1
1,0.6845825,1,1,1,1,0.722557,0.553729,1,1
1,0.68148,1,1,1,1,0.7407752,0.5417099,1,1
1,0.6783676,1,1,1,1,0.7592503,0.5296962,1,1
1,0.6752447,1,1,1,1,0.777989,0.517693,1,1
1,0.6721121,1,1,1,1,0.7969871,0.5056978,1,1
1,0.6689721,1,1,1,1,0.8162322,0.4937154,1,1
1,0.665824,1,1,1,1,0.8357292,0.4817467,1,1
1,0.6626683,1,1,1,1,0.8554734,0.4697889,1,1
1,0.6595058,1,1,1,1,0.8754598,0.4578463,1,1
1,0.6563386,1,1,1,1,1,0.4459196,0.7238433,0
1,0.6503638,1,1,1,1,1,0.431323,0.6931951,0
1,0.6441417,1,1,1,1,1,0.4167539,0.6627055,0
1,0.6377112,1,1,1,1,1,0.4022675,0.6325859,0
1,0.6311144,1,1,1,1,1,0.3879146,0.6030213,0
1,0.6243877,1,1,1,1,1,0.3737439,0.5741717,0
1,0.6175682,1,1,1,1,1,0.3597943,0.5461609,0
1,0.6106904,1,1,1,1,1,0.3460979,0.519082,0
1,0.6037835,1,1,1,1,1,0.3601313,0.4929991,0
1,0.5969849,1,1,1,1,1,0.377849,0.4682872,0
1,0.5903055,1,1,1,1,1,0.3966109,0.4448888,0
1,0.5837415,1,1,1,1,1,0.4164136,0.422711,0
1,0.5772864,1,1,1,1,1,0.4372468,0.4016537,0
1,0.5709342,1,1,1,1,1,0.4590892,0.3816254,0
1,0.5646757,1,1,1,1,1,0.4819154,0.3625401,0
1,0.5585032,1,1,1,1,1,0.5056872,0.3443167,0
1,0.5524069,1,1,1,1,1,0.5303622,0.3268756,0
1,0.5463791,1,1,1,1,1,0.5558849,0.3101431,0
1,0.5404122,1,1,1,1,1,0.5821918,0.2962506,0
1,0.5345048,1,1,1,1,1,0.6091096,0.3054884,0
1,0.5287249,1,1,1,1,1,0.6353801,0.3146098,0
1,0.5230514,1,1,1,1,1,0.6608074,0.3235856,0
1,0.5174695,1,1,1,1,1,0.6852092,0.3323871,0
1,0.5119663,1,1,1,1,1,1,0.3409932,1
1,0.5069324,1,1,1,1,1,1,0.3478736,1
1,0.5019416,1,1,1,1,1,1,0.3545913,1
1,0.4969968,1,1,1,1,1,1,0.3611383,1
1,0.492098,1,1,1,1,1,1,0.3675119,1
1,0.4872471,1,1,1,1,1,1,0.3737082,1
1,0.4824477,1,1,1,1,1,1,0.3797218,1
1,0.4777002,1,1,1,1,1,1,0.3855524,1
1,0.4730055,1,1,1,1,1,1,0.3912004,1
0.5458034,0.4683676,1,1,1,1,1,1,0.3966626,2
0.4669155,0.465593,1,1,1,1,1,1,0.3952419,2
0.4602118,0.46319,1,1,1,1,1,1,0.3937964,2
0.4539577,0.461161,1,1,1,1,1,1,0.3923267,2
0.4481435,0.4595116,1,1,1,1,1,1,0.3908313,2
0.4427575,0.4582447,1,1,1,1,1,1,0.3893126,2
0.4377922,0.4573677,1,1,1,1,1,1,0.3877687,2
0.4332398,1,1,1,1,1,1,1,0.3861998,1
0.4296041,1,1,1,1,1,1,1,0.3897481,1
0.4259917,1,1,1,1,1,1,1,0.3931855,1
0.422407,1,1,1,1,1,1,1,0.3965101,1
0.4188526,1,1,1,1,1,1,1,0.3997223,1
0.4153315,1,1,1,1,1,1,1,0.4028224,1
0.4118479,1,1,1,1,1,1,1,0.4058096,1
0.4084047,1,1,1,1,1,1,1,0.4086846,2
0.405006,1,1,1,1,1,1,1,0.4114467,2
0.4016529,1,1,1,1,1,1,1,0.4140991,2
0.3983497,1,1,1,1,1,1,1,0.4166415,2
0.3950973,1,1,1,1,1,1,1,0.419077,2
0.3918997,1,1,1,1,1,1,1,0.4214057,2
0.3887593,1,1,1,1,1,1,1,0.4236291,2
0.3856786,1,1,1,1,1,1,1,0.4257491,2
0.3826599,1,1,1,1,1,1,1,0.4277677,2
0.3797038,1,1,1,1,1,1,1,0.4296881,2
1,1,1,1,1,1,1,1,0.4315108,0
0.6602315,1,1,1,1,1,1,1,0.4406159,0
1,1,1,1,1,1,1,1,0.4458486,0
1,1,1,1,1,1,1,1,0.4555651,0
0.6539243,1,1,1,1,1,1,1,0.4657421,1
1,1,1,1,1,1,1,1,0.4712747,0
1,1,1,1,1,1,1,1,1,1
1,1,1,1,1,1,1,1,1,1
1,1,1,1,1,1,1,1,1,1
1,1,1,1,1,1,1,1,1,1
1,1,1,1,1,1,1,1,1,1
1,1,1,1,1,1,1,1,1,1
1,1,1,1,1,1,1,1,1,1
1,1,1,1,1,1,1,1,1,1
1,1,1,1,1,1,1,1,1,1
1,1,1,1,1,1,1,1,1,1
1,1,1,1,1,1,1,1,1,1
1,1,1,1,1,1,1,1,1,1
1,1,1,1,1,1,1,1,1,1
1,1,1,1,1,1,1,1,1,1
1,1,1,1,1,1,1,1,1,1
1,1,1,1,1,1,1,1,1,1
1,1,1,1,1,1,1,1,1,1
1,0.9784509,1,1,1,1,1,1,1,1
1,0.9532592,1,1,1,1,1,1,1,1
1,0.9500359,1,1,1,1,1,1,1,1
1,0.9468738,1,1,1,1,1,1,1,1
1,0.9437708,1,1,1,1,1,1,1,1
1,0.9407297,1,1,1,1,1,1,1,1
1,0.9377502,1,1,1,1,1,1,1,1
1,0.9348351,1,1,1,1,1,1,1,1
1,0.9319822,1,1,1,1,1,1,1,1
1,0.9291946,1,1,1,1,1,1,1,1
1,0.9264719,1,1,1,1,1,1,1,1
1,0.9238153,1,1,1,1,1,1,1,1
1,0.9212246,1,1,1,1,1,1,1,1
1,0.918701,1,1,1,1,1,1,1,1
1,0.9162458,1,1,1,1,1,1,1,1
1,0.9138589,1,1,1,1,1,1,1,1
1,0.9115413,1,1,1,1,1,1,1,1
1,0.9092946,1,1,1,1,1,1,1,1
1,0.9071181,1,1,1,1,1,1,1,1
1,0.905012,1,1,1,1,1,1,1,1
1,0.9029771,1,1,1,1,1,1,1,1
1,0.9010149,1,1,1,1,1,1,1,1
1,0.899125,1,1,1,1,1,1,1,1
1,0.897307,1,1,1,1,1,1,1,1
1,0.8955622,1,1,1,1,1,1,1,1
1,1,1,1,1,1,1,1,1,1
1,1,1,1,1,1,1,1,1,1
1,1,1,1,1,1,1,1,1,1
1,1,1,1,1,1,1,1,1,1
1,1,1,1,1,1,1,1,1,1
1,1,1,1,1,1,1,1,1,1
1,1,1,1,1,1,1,1,1,1
1,1,1,1,1,1,1,1,1,1
1,1,1,1,1,1,1,1,1,1
1,1,1,1,1,1,1,1,1,1
1,1,1,1,1,1,1,1,1,1
1,1,1,1,1,1,1,1,1,1
0.7886611,1,1,1,1,1,1,1,1,2
0.7855806,1,1,1,1,1,1,1,1,2
0.7826466,1,1,1,1,1,1,1,1,2
0.7798642,1,1,1,1,1,1,1,1,2
0.7772354,1,1,1,1,1,1,1,1,2
0.7747635,1,1,1,1,1,1,1,1,2
0.7724517,1,1,1,1,1,1,1,1,2
0.770303,1,1,1,1,1,1,1,1,2
0.7683188,1,1,1,1,1,1,1,1,2
0.7665018,1,1,1,1,1,1,1,1,2
0.7648548,1,1,1,1,1,1,1,1,2
0.7633786,1,1,1,1,1,1,1,1,2
0.7620755,1,1,1,1,1,1,1,1,2
0.7609462,1,1,1,1,1,1,1,1,2
0.7599911,1,1,1,1,1,1,1,1,2
0.7592121,1,1,1,1,1,1,1,1,2
1,1,1,1,1,1,1,1,1,1
1,1,1,1,1,1,1,1,1,1
1,1,1,1,1,1,1,1,1,1
1,1,1,1,1,1,1,1,1,1
1,1,1,1,1,1,1,1,1,1
1,1,1,1,1,1,1,1,1,1
1,1,1,1,1,1,1,1,1,1
1,1,1,1,1,1,1,1,1,1
1,1,1,1,1,1,1,1,1,1
1,1,1,1,1,1,1,1,1,1
1,1,1,1,1,1,1,1,1,1
1,1,1,1,1,1,1,1,1,1
1,1,1,1,1,1,1,1,1,1
1,1,1,1,1,1,1,1,1,1
1,1,1,1,1,1,1,1,1,1
1,1,1,1,1,1,1,1,1,1
1,1,1,1,1,1,1,1,1,1
1,1,1,1,1,1,1,1,1,1
1,1,1,1,1,1,1,1,1,1
1,1,1,1,1,1,1,1,1,1
1,1,1,1,1,1,1,1,1,1
1,1,1,1,1,1,1,1,1,1
1,1,1,1,1,1,1,1,1,1
1,1,1,1,1,1,1,1,1,1
1,1,1,1,1,1,1,1,1,1
1,1,1,1,1,1,1,1,1,1
1,1,1,1,1,1,1,1,1,1
1,1,1,1,1,1,1,1,1,1
1,1,1,1,1,1,1,1,1,1
1,1,1,1,1,1,1,1,1,1
1,1,1,1,1,1,1,1,1,1
1,1,1,1,1,1,1,1,1,1
1,1,1,1,1,1,1,1,1,1
1,1,1,1,1,1,1,1,1,1
1,1,1,1,1,1,1,1,1,1
1,1,1,1,1,1,1,1,1,1
1,1,1,1,1,1,1,1,1,1
1,1,1,1,1,1,1,1,1,1
1,1,1,1,1,1,1,1,1,1
1,1,1,1,1,1,1,1,1,1
1,1,1,1,1,1,1,1,1,1
1,1,1,1,1,1,1,1,1,1
1,1,1,1,1,1,1,1,1,1
1,1,1,1,1,1,1,1,1,1
1,1,1,1,1,1,1,1,1,1
1,1,1,1,1,1,1,1,1,1
1,1,1,1,1,1,1,1,1,1
1,1,1,1,1,1,1,1,1,1
1,1,1,1,1,1,1,1,1,1
1,1,1,1,1,1,1,1,1,1
1,1,1,1,1,1,1,1,1,1
1,1,1,1,1,1,1,1,1,1
1,1,1,1,1,1,1,1,1,1
1,1,1,1,1,1,1,1,1,1
1,1,1,1,1,1,1,1,1,1
1,1,1,1,1,1,1,1,1,1
1,1,1,1,1,1,1,1,1,1
1,1,1,1,1,1,1,1,1,1
1,1,1,1,1,1,1,1,1,1
1,1,1,1,1,1,1,1,1,1
1,1,1,1,1,1,1,1,1,1
1,1,1,1,1,1,1,1,1,1
1,1,1,1,1,1,1,1,1,1
1,1,1,1,1,1,1,1,1,1
1,1,1,1,1,1,1,1,1,1
1,1,1,1,1,1,1,1,1,1
1,1,1,1,1,1,1,1,1,1
1,1,1,1,1,1,1,1,1,1
1,1,1,1,1,1,1,1,1,1
1,1,1,1,1,1,1,1,1,1
1,1,1,1,1,1,1,1,1,1
1,1,1,1,1,1,1,1,1,1
1,1,1,1,1,1,1,1,1,1
1,1,1,1,1,1,1,1,1,1
1,1,1,1,1,1,1,1,1,1
1,1,1,1,1,1,1,1,1,1
1,1,1,1,1,1,1,1,1,1
1,1,1,1,1,1,1,1,1,1
1,1,1,1,1,1,1,1,1,1
1,1,1,1,1,1,1,1,1,1
1,1,1,1,1,1,1,1,1,1
1,1,1,1,1,1,1,1,1,1
1,1,1,1,1,1,1,1,1,1
1,1,1,1,1,1,1,1,1,1
1,1,1,1,1,1,1,1,1,1
1,1,1,1,1,1,1,1,1,1
1,1,1,1,1,1,1,1,1,1
1,1,1,1,1,1,1,1,1,1
1,1,1,1,1,1,1,1,1,1
1,1,1,1,1,1,1,1,1,1
1,1,1,1,1,1,1,1,1,1
1,1,1,1,1,1,1,1,1,1
1,1,1,1,1,1,1,1,1,1
1,1,1,1,1,1,1,1,1,1
1,1,1,1,1,1,1,1,1,1
1,1,1,1,1,1,1,1,1,1
1,1,1,1,1,1,1,1,1,1
1,1,1,1,1,1,1,1,1,1
1,1,1,1,1,1,1,1,1,1
1,1,1,1,1,1,1,1,1,1
1,1,1,1,1,1,1,1,1,1
1,1,1,1,1,1,1,1,1,1
1,1,1,1,1,1,1,1,1,1
1,1,1,1,1,1,1,1,1,1
1,1,1,1,1,1,1,1,1,1
1,0.9837245,1,1,1,1,1,1,1,1
1,0.9671744,1,1,1,1,1,1,1,1
1,0.9661927,1,1,1,1,1,1,1,1
1,0.9652457,1,1,1,1,1,1,1,1
1,0.9643328,1,1,1,1,1,1,1,1
1,0.9634533,1,1,1,1,1,1,1,1
1,0.9626085,1,1,1,1,1,1,1,1
1,0.9617958,1,1,1,1,1,1,1,1
1,0.9610165,1,1,1,1,1,1,1,1
1,0.9602698,1,1,1,1,1,1,1,1
1,0.9595553,1,1,1,1,1,1,1,1
1,0.9588725,1,1,1,1,1,1,1,1
1,0.9582223,1,1,1,1,1,1,1,1
1,1,1,1,1,1,1,1,1,1
1,1,1,1,1,1,1,1,1,1
1,1,1,1,1,1,1,1,1,1
1,1,1,1,1,1,1,1,1,1
1,1,1,1,1,1,1,1,1,1
1,1,1,1,1,1,1,1,1,1
1,1,1,1,1,1,1,1,1,1
1,1,1,1,1,1,1,1,1,1
1,1,1,1,1,1,1,1,1,1
1,1,1,1,1,1,1,1,1,1
1,1,1,1,1,1,1,1,1,1
1,1,1,1,1,1,1,1,1,1
1,1,1,1,1,1,1,1,1,1
1,1,1,1,1,1,1,1,1,1
1,1,1,1,1,1,1,1,1,1
1,1,1,1,1,1,1,1,1,1
1,1,1,1,1,1,1,1,1,1
1,1,1,1,1,1,1,1,1,1
1,1,1,1,1,1,1,1,1,1
1,1,1,1,1,1,1,1,1,1
1,1,1,1,1,1,1,1,1,1
1,1,1,1,1,1,1,1,1,1
1,1,1,1,1,1,1,1,1,1
1,1,1,1,1,1,1,1,1,1
1,1,1,1,1,1,1,1,1,1
1,1,1,1,1,1,1,1,1,1
1,1,1,1,1,1,1,1,1,1
1,1,1,1,1,1,1,1,1,1
0.8294562,1,1,1,1,1,1,1,1,2
0.7769838,1,1,1,1,1,1,1,1,2
0.7769006,1,1,1,1,1,1,1,1,2
0.7769753,1,1,1,1,1,1,1,1,2
0.7772075,1,1,1,1,1,1,1,1,2
0.7775964,1,1,1,1,1,1,1,1,2
0.7781411,1,1,1,1,1,1,1,1,2
0.7788407,1,1,1,1,1,1,1,1,2
1,1,1,1,1,1,1,1,1,1
1,1,1,1,1,1,1,1,1,1
1,1,1,1,1,1,1,1,1,1
1,1,1,1,1,1,1,1,1,1
1,1,1,1,1,1,1,1,1,1
1,1,1,1,1,1,1,1,1,1
1,1,1,1,1,1,1,1,1,1
1,1,1,1,1,1,1,1,1,1
1,1,1,1,1,1,1,1,1,1
1,1,1,1,1,1,1,1,1,1
1,1,1,1,1,1,1,1,1,1
1,1,1,1,1,1,1,1,1,1
1,1,1,1,1,1,1,1,1,1
1,1,1,1,1,1,1,1,1,1
1,1,1,1,1,1,1,1,1,1
1,1,1,1,1,1,1,1,1,1
1,1,1,1,1,1,1,1,1,1
1,1,1,1,1,1,1,1,1,1
1,1,1,1,1,1,1,1,1,1
1,1,1,1,1,1,1,1,1,1
1,1,1,1,1,1,1,1,1,1
1,1,1,1,1,1,1,1,1,1
1,1,1,1,1,1,1,1,1,1
1,1,1,1,1,1,1,1,1,1
1,1,1,1,1,1,1,1,1,1
1,1,1,1,1,1,1,1,1,1
1,1,1,1,1,1,1,1,1,1
1,1,1,1,1,1,1,1,1,1
1,1,1,1,1,1,1,1,1,1
1,1,1,1,1,1,1,1,1,1
1,1,1,1,1,1,1,1,1,1
1,1,1,1,1,1,1,1,1,1
1,1,1,1,1,1,1,1,1,1
1,1,1,1,1,1,1,1,1,1
1,1,1,1,1,1,1,1,1,1
1,1,1,1,1,1,1,1,1,1
1,1,1,1,1,1,1,1,1,1
1,1,1,1,1,1,1,1,1,1
1,1,1,1,1,1,1,1,1,1
1,1,1,1,1,1,1,1,1,1
1,1,1,1,1,1,1,1,1,1
1,1,1,1,1,1,1,1,1,1
1,1,1,1,1,1,1,1,1,1
1,1,1,1,1,1,1,1,1,1
1,1,1,1,1,1,1,1,1,1
1,1,1,1,1,1,1,1,1,1
1,1,1,1,1,1,1,1,1,1
1,1,1,1,1,1,1,1,1,1
1,1,1,1,1,1,1,1,1,1
1,1,1,1,1,1,1,1,1,1
1,1,1,1,1,1,1,1,1,1
1,1,1,1,1,1,1,1,1,1
1,1,1,1,1,1,1,1,1,1
1,1,1,1,1,1,1,1,1,1
1,1,1,1,1,1,1,1,1,1
1,1,1,1,1,1,1,1,1,1
1,1,1,1,1,1,1,1,1,1
1,1,1,1,1,1,1,1,1,1
1,1,1,1,1,1,1,1,1,1
1,1,1,1,1,1,1,1,1,1
1,1,1,1,1,1,1,1,1,1
1,1,1,1,1,1,1,1,1,1
1,1,1,1,1,1,1,1,1,1
1,1,1,1,1,1,1,1,1,1
1,1,1,1,1,1,1,1,1,1
1,1,1,1,1,1,1,1,1,1
1,1,1,1,1,1,1,1,1,1
1,1,1,1,1,1,1,1,1,1
1,1,1,1,1,1,1,1,1,1
1,1,1,1,1,1,1,1,1,1
1,1,1,1,1,1,1,1,1,1
1,1,1,1,1,1,1,1,1,1
1,1,1,1,1,1,1,1,1,1
1,1,1,1,1,1,1,1,1,1
1,1,1,1,1,1,1,1,1,1
1,1,1,1,1,1,1,1,1,1
1,1,1,1,1,1,1,1,1,1
1,1,1,1,1,1,1,1,1,1
1,1,1,1,1,1,1,1,1,1
1,1,1,1,1,1,1,1,1,1
1,1,1,1,1,1,1,1,1,1
1,1,1,1,1,1,1,1,1,1
1,1,1,1,1,1,1,1,1,1
1,1,1,1,1,1,1,1,1,1
1,1,1,1,1,1,1,1,1,1
1,1,1,1,1,1,1,1,1,1
1,1,1,1,1,1,1,1,1,1
1,1,1,1,1,1,1,1,1,1
1,1,1,1,0.9900931,1,1,1,1,1
1,1,1,0.995212,0.9800924,1,1,1,1,1
1,1,1,0.985051,0.9700918,1,1,1,1,1
1,1,1,0.9748775,0.9600912,1,1,1,1,1
1,1,1,0.9646919,0.9500907,1,1,1,1,1
1,1,1,0.9544948,0.9400902,1,1,1,1,1
1,1,1,0.9442865,0.9300898,1,1,1,1,1
1,1,1,0.9340676,0.9200895,1,1,1,1,1
1,1,1,0.9238389,0.9100896,1,1,1,1,1
1,1,1,0.913601,0.9000899,1,1,1,1,1
1,1,1,0.9033545,0.8900908,1,1,1,1,1
1,1,1,0.8931001,0.880092,1,1,1,1,1
1,1,1,0.8828386,0.8700939,1,1,1,1,1
1,1,1,0.8725706,0.8600966,1,1,1,1,1
1,1,1,0.8622969,0.8500999,1,1,1,1,1
1,1,1,0.8520182,0.8401043,1,1,1,1,1
1,1,1,0.8417355,0.8301095,1,1,1,1,1
1,1,1,0.8314492,0.8201159,1,1,1,1,1
1,1,1,0.8211601,0.8101233,1,1,1,1,1
1,1,1,0.810869,0.800132,1,1,1,1,1
1,1,1,0.8005767,0.7901419,1,1,1,1,1
1,1,1,0.7902868,0.7801561,1,1,1,1,1
1,1,1,0.779997,0.7701718,1,1,1,1,1
1,1,1,0.7697078,0.7601888,1,1,1,1,1
1,1,1,0.7594199,0.7502071,1,1,1,1,1
1,1,1,0.7491339,0.7402269,1,1,1,1,1
1,1,0.7981325,0.7388505,0.730248,1,1,1,1,2
1,1,0.785525,0.7281914,0.7203285,1,1,1,1,2
1,1,0.7729522,0.7175556,0.7104293,1,1,1,1,2
1,1,0.760419,0.7069427,0.7005472,1,1,1,1,2
1,1,0.7479358,0.6963583,0.6906853,1,1,1,1,2
1,1,0.735509,0.6858041,0.6808429,1,1,1,1,2
1,1,0.723141,0.675279,0.6710163,1,1,1,1,2
1,1,0.71084,0.6647869,0.6612074,1,1,1,1,2
1,1,0.6986099,0.6543289,0.6514152,1,1,1,1,2
1,1,0.6864574,0.6439082,0.6416413,1,1,1,1,2
1,1,0.6743816,0.633522,0.6318811,1,1,1,1,2
1,1,0.6623846,0.62317,0.622133,1,1,1,1,2
1,1,0.6504675,0.6128516,0.6123951,1,1,1,1,2
1,1,0.6386341,0.6025692,0.6026687,1,1,1,1,2
1,1,0.6268814,0.5923189,0.592949,1,1,1,1,2
1,1,0.6152121,0.5821024,0.5832369,1,1,1,1,2
1,1,0.6036254,0.5719184,0.5735308,1,1,1,1,2
1,1,0.5921168,0.5617625,0.5638257,1,1,1,1,2
1,1,0.5806879,0.5516363,0.5541228,1,1,1,1,2
1,1,0.5693371,0.5415382,0.5444206,1,1,1,1,2
1,1,0.5580622,0.5314667,0.5347174,1,1,1,1,2
1,1,0.5468575,0.521417,0.5250087,1,1,1,1,2
1,1,0.5357239,0.5113907,0.5152962,1,1,1,1,1
1,1,0.524659,0.5013862,0.5055788,1,1,1,1,1
1,1,0.5136598,0.491402,0.4958552,1,1,1,1,1
1,1,0.5027208,0.4814336,0.4861217,1,1,1,1,1
1,1,0.4918421,0.4714827,0.4763803,1,0.9992656,1,1,1
1,1,0.4810237,0.4615482,0.4666294,1,0.9897134,1,1,1
1,1,0.470287,0.4516276,0.456851,1,0.9798909,1,1,1
1,1,0.4596289,0.441722,0.4470484,1,0.9698077,1,1,1
1,1,0.44904,0.4318263,0.437219,1,0.9594678,1,1,1
1,1,0.4385144,0.4219391,0.4273638,1,0.9488808,1,1,1
1,0.5436786,0.4280465,0.412059,0.417484,1,0.9380574,1,1,2
1,0.5244708,0.416232,0.4021814,0.408474,1,0.9350798,1,1,2
1,0.5061334,0.4046835,0.3924011,0.3994679,1,0.931769,1,1,2
1,0.4885889,0.3933736,0.3826987,0.3904478,1,0.9280699,1,1,2
1,0.4717711,0.3822823,0.3730622,0.3814042,0.9724911,0.9239417,1,1,2
1,0.4557649,0.3714228,0.3634705,0.3722896,0.9425619,0.9190363,1,1,2
1,0.4404878,0.3607632,0.3539012,0.3630843,0.9165791,0.9132802,1,1,2
1,0.4258405,0.350276,0.3443466,0.3537915,0.8938931,0.9067049,1,1,2
1,0.4117273,0.3399294,0.3347931,0.3444075,0.8739791,0.8993403,1,1,2
1,0.3980728,0.3297022,0.325236,0.3349375,0.8564173,0.8912314,1,1,2
1,0.3848081,0.3195735,0.3156696,0.3253848,0.8408618,0.8824252,1,1,2
1,0.3718771,0.3095286,0.3060929,1,0.8270245,0.8729769,1,1,2
0.9971587,0.3574136,0.2991968,0.296734,1,0.8018593,0.8684722,1,1,2
0.983368,0.3434908,0.2890142,0.2873834,1,0.7794168,0.8631964,1,1,2
0.9923709,0.3299541,0.278944,0.2780471,1,0.7586879,0.8574627,1,1,2
1,0.3169277,0.269001,0.2686897,1,0.7406521,0.8506355,1,1,2
1,0.3043171,0.2591564,0.2593043,1,0.7248164,0.8428037,1,1,2
0.4550543,0.2920092,0.2493858,0.2499008,1,0.7104854,0.8342411,1,1,2
0.4240786,0.2772903,0.2393012,0.2411219,1,0.688364,0.8378543,1,1,2
0.3952606,0.2631362,0.229435,0.2324611,0.9381692,0.6857898,0.8420924,1,1,2
0.3685998,0.2495708,0.219782,0.2238915,0.8791741,0.6833631,0.8466164,1,1,2
0.3446387,0.2367582,0.210332,0.2153049,0.8303826,0.6802676,0.8497118,1,1,2
0.3228639,0.2245734,0.2010418,1,0.7894303,0.6764519,0.8512692,1,1,2
0.3004239,0.2122515,0.1918902,1,0.7433078,0.6750616,0.8580561,1,1,2
0.2796347,0.2004367,0.1829078,1,0.702386,0.6736035,0.8647631,1,1,2
0.2605564,0.1891488,0.1740621,1,0.6670712,0.6715352,0.870221,1,1,2
0.2428997,0.1783084,0.1653249,0.9701187,0.6362487,0.6688029,0.8742961,1,1,2
0.2265121,0.1678682,0.1566643,0.9138565,0.6095041,0.665156,0.8764133,1,1,2
0.2112467,0.1577804,0.1480512,0.8678387,0.5864862,0.6603557,1,1,1,2
0.1960709,0.1477684,0.1395401,0.8199207,0.5806046,0.6568006,1,1,1,2
0.1818032,0.1380508,1,0.7796503,0.5747091,0.652196,1,1,1,2
0.1676979,0.1284318,1,0.7381766,0.5695407,0.6487447,1,1,1,2
0.1543033,0.1190533,1,0.7021076,0.5638934,0.6444724,1,1,1,2
0.1414986,0.1098761,1,0.6703585,0.5577694,0.6393869,1,1,1,2
0.129179,0.1008641,1,0.6421084,0.5511745,0.6335029,1,1,1,2
0.1172642,0.09199224,1,0.616721,0.5441285,0.6268531,1,1,1,2
0.1056787,0.0905408,1,0.5936994,0.5366485,0.6194696,1,1,1,2
0.09437183,0.1138491,1,0.5727488,0.5287319,0.6113487,1,1,1,2
0.08330272,0.1375801,1,0.5538551,0.5203078,0.6023766,1,1,1,1
0.07241298,0.1614285,1,0.5366644,0.5114242,0.5926347,1,1,1,1
0.07398345,0.18512,1,0.5208875,0.5021259,0.582202,1,1,1,1
0.08304565,0.2081317,1,0.5066561,0.492346,0.5709702,1,1,1,1
0.09195928,0.2300225,1,0.4939257,0.4820836,0.5589417,1,1,1,1
0.1006835,0.2505715,1,0.4824523,0.4714127,0.5462447,1,1,1,1
0.1091896,0.2696488,1,0.4720331,0.4604091,0.5330068,1,1,1,1
0.1174533,0.2632384,1,0.4625055,0.4491349,0.5193374,1,1,1,0
0.125505,0.2744996,1,0.4534553,0.4377356,0.5054775,1,1,1,0
0.1333057,0.2899158,1,0.4450031,0.4261853,0.4913884,0.6870157,1,1,0
0.1389246,0.2923501,1,0.4488491,0.4113731,0.471982,0.6521921,1,1,0
0.1441265,0.2939365,1,0.4537792,0.3968444,0.4531104,0.61904,1,1,0
0.1489647,0.2949746,1,0.4597184,0.3826352,0.4348269,0.5876202,1,1,0
0.1534902,0.2956914,1,0.4665879,0.3687656,0.417157,0.5579252,1,1,0
0.1577489,0.2962502,1,0.4743096,0.3552428,0.4001048,0.5299003,1,1,0
0.1617811,0.2967658,1,0.4828068,0.342059,0.3836522,0.5034507,1,1,0
0.1656178,0.2973084,1,0.4920147,0.3292009,0.367772,0.4784657,1,1,0
0.1692877,0.2979275,1,0.5018669,0.3189487,0.3524258,0.4548209,1,1,0
0.1728223,0.2986825,1,0.5122215,0.3187187,0.3375843,0.4324169,1,1,0
0.1762642,0.2996892,1,0.522678,0.3182685,0.3232389,0.4112073,1,1,0
0.1796232,0.3009121,1,0.5331978,0.3175808,0.3093324,0.3910391,1,1,0
0.1829056,0.3023164,1,0.5437579,0.316647,0.2958046,0.3717683,1,1,0
0.1861163,0.3038712,1,0.554347,0.3154632,0.2826102,0.3532805,1,1,0
0.1875394,0.3055468,1,0.5649697,0.3140324,0.2697106,0.3354789,1,1,0
0.1826379,0.3073537,1,0.575468,0.3123101,0.2570752,0.3182924,1,1,0
0.1857657,0.3093839,1,0.5852051,0.3101314,0.2447042,0.3017109,1,1,0
0.1888212,0.3114402,1,0.5950671,0.3077522,0.2325173,0.2855601,1,1,0
0.1918084,0.3135141,1,0.605083,0.305176,0.2204955,0.2697946,0.5556065,1,0
0.1929369,0.3088157,1,1,0.3140224,0.2095324,0.2512453,0.4996408,1,0
0.1938828,0.3041922,1,1,0.3248456,0.2114167,0.2334404,0.449407,1,0
0.194652,0.299629,1,1,0.3380837,0.2140108,0.2163247,0.4040391,1,0
0.1952535,0.2951192,1,1,0.3543032,0.2174082,0.1998484,0.362837,1,0
0.1957314,0.2907858,1,1,0.3737783,0.2215582,0.1840095,0.325435,1,0
0.1962026,0.28699,1,1,0.3955516,0.2259988,0.1688776,0.2918203,1,0
0.1966708,0.2836772,1,1,0.419735,0.2306674,0.1543606,0.2613075,1,0
0.197134,0.2807866,1,1,0.4464866,0.2355159,0.142949,0.2333265,1,0
0.1975974,0.2782854,1,1,0.4758209,0.2404552,0.1430813,0.2074451,1,0
0.1980821,0.2762027,1,1,0.5070866,0.2452575,0.1431847,0.1833656,1,0
0.1985765,0.2744603,1,1,1,0.2499068,0.143259,0.160722,1,0
0.199338,0.273884,1,1,1,0.2520904,0.1426317,0.1398713,1,0
0.2000397,0.2732896,1,1,1,0.2544896,0.1420972,0.1196242,0.488175,0
0.1995316,0.2688236,1,1,1,0.2688789,0.1448861,0.09797235,0.3567814,0
0.198896,0.2643683,1,1,1,0.2864355,0.1483585,0.09058399,0.256794,0
0.1981359,0.2599198,1,1,1,0.3079778,0.1525933,0.09112745,0.1780797,0
0.1972535,0.2554744,1,0.9094976,1,0.3346359,0.1576839,0.09199148,0.1144761,0
0.1962508,0.2510283,1,0.8996736,1,0.3680165,0.1637412,0.09319206,0.074945,0
0.1951293,0.2465779,1,0.8925767,1,0.410482,0.1708974,0.09474707,0.07530329,0
0.1938902,0.2421196,1,0.8858246,1,1,0.1793119,0.09667651,0.07591625,0
0.1925326,0.2376481,1,0.8794138,1,1,0.1891821,0.09900483,0.07679052,0
0.1911647,0.2335593,1,0.8729005,1,1,0.1996088,0.1015212,0.07785282,0
0.1897959,0.2298647,1,0.8661149,1,1,0.2102547,0.1041469,0.07906216,0
0.1884142,0.2264893,1,0.859014,1,1,0.2210024,0.1068531,0.08039372,0
0.1870135,0.2233764,1,1,1,1,0.2317332,0.109613,0.08182507,0
0.1855266,0.2202156,1,1,1,1,0.2435966,0.1126248,0.08340883,0
0.1840097,0.2172433,1,1,0.9097081,1,0.2554367,0.1156812,0.08507598,0
0.1824773,0.2144964,1,1,0.8402929,1,0.2667451,0.1186968,0.08678994,0
0.1809301,0.2119362,1,1,0.7883385,1,0.2774251,0.1216552,0.08853443,0
0.1793692,0.2095289,1,1,0.778155,1,0.2874334,0.1245481,0.09029777,0
0.1777923,0.2072244,1,1,0.7686644,1,0.2969335,0.1273975,0.09207878,1
0.1762032,0.2050103,1,1,0.7590757,1,0.30589,0.1301951,0.0938689,1
0.1746067,0.202878,1,1,0.7493938,1,1,0.1329319,0.09565958,2
0.1732365,0.2018879,1,1,0.7387089,1,1,0.1342572,0.09701897,2
0.1719249,0.2009415,1,1,0.728081,1,1,0.1355122,0.09831999,2
0.1706685,0.2000354,1,1,0.7202636,1,1,0.1367034,0.09956647,2
0.1694664,0.1991678,1,1,0.7396791,1,1,0.1378343,0.1007595,2
0.1683087,0.1983128,1,1,0.7590388,1,1,0.1389372,0.1019121,2
0.1671939,0.1974723,1,0.7120396,0.7783462,1,1,0.1400108,0.103025,2
0.1662405,0.1971445,1,0.6999763,1,1,1,0.1404811,0.1039177,2
0.165322,0.1967073,1,0.6883014,1,1,1,0.141077,0.1048026,2
0.1644637,0.1963152,1,0.67674,1,1,1,0.1416193,0.1056321,2
0.1636636,1,1,0.6652837,1,1,1,0.1421107,0.106408,0
0.1619553,1,1,0.6589351,1,1,1,0.1469162,0.1085133,0
0.1601342,1,1,0.652716,0.6453931,1,1,0.1522199,0.1108976,0
0.1582833,1,1,1,0.6187857,1,1,0.157433,0.1133703,0
0.1562458,1,1,1,0.6108003,1,1,0.1637698,0.116286,0
0.154115,1,1,1,0.6028415,1,1,0.1704162,0.119405,0
0.151891,1,1,1,0.5948629,1,1,1,0.122703,2
0.1499409,1,1,1,0.5840972,1,1,1,0.1245568,2
0.1480565,1,1,1,0.573366,1,1,1,0.1263345,2
0.1462376,1,1,1,0.5626729,1,1,1,0.1280378,2
1,1,1,1,0.5520147,1,1,1,0.1296681,0
1,1,1,1,0.5442816,1,1,1,0.1332679,0
1,1,1,1,0.5367681,1,1,1,0.1372346,0
1,1,1,1,0.5294693,1,1,1,1,2
1,1,1,1,0.5188411,1,1,1,1,2
1,1,1,1,0.5082355,1,1,1,1,2
1,1,1,1,0.4976525,1,1,1,1,2
1,1,1,1,0.4870949,1,1,1,1,2
1,1,1,1,0.4765596,1,1,1,1,2
1,1,1,1,0.4660491,1,1,1,1,2
1,1,1,1,0.4555602,1,1,1,1,2
1,1,1,1,0.4450952,1,1,1,1,2
1,1,1,1,0.4346537,1,1,1,1,2
1,1,1,1,0.424235,1,1,1,1,2
1,1,1,0.4352053,0.4138384,1,1,1,1,2
1,1,1,0.4225533,0.4028107,1,1,1,1,2
1,1,1,0.410125,0.3919067,1,1,1,1,2
1,1,1,0.3979033,0.3811141,1,1,1,1,2
1,1,1,0.3858749,0.370424,1,1,1,1,2
1,0.9826339,1,0.3740271,0.3598278,1,1,1,1,2
1,0.9620925,1,0.3622774,0.3492891,1,1,1,1,2
1,0.9686769,1,0.3506218,0.3388075,1,1,1,1,2
1,0.9751831,1,0.3391541,0.3354195,1,1,1,1,2
1,0.9815634,1,0.3278566,0.3687379,1,1,1,1,2
1,0.9877028,1,0.3167177,0.4088137,1,1,1,1,2
1,0.9935918,1,0.3057173,1,1,1,1,1,2
1,0.9981122,1,0.2949402,1,1,1,1,1,2
1,1,1,0.2842241,1,1,1,1,1,2
1,1,0.3011128,0.2735614,1,1,1,1,1,2
1,1,0.2868939,0.2622038,1,1,1,1,1,2
1,1,0.2731658,0.2510748,1,1,1,1,1,2
1,1,0.2598814,0.2401504,1,1,1,1,1,2
1,1,0.246992,0.2294028,1,1,1,1,1,2
1,1,0.2344567,0.2285994,1,1,1,1,1,2
1,1,0.2222432,0.2681736,1,1,1,1,1,2
1,1,0.2103308,1,1,1,1,1,1,2
1,1,0.1988675,1,1,1,1,1,1,2
0.9773732,1,0.1875505,1,1,1,1,1,1,2
0.9206617,1,0.1763188,1,1,1,1,1,1,2
0.8714401,0.2138119,0.1651177,1,1,1,1,1,1,2
0.8808546,0.1966362,0.1537569,1,1,1,1,1,1,2
0.8910617,0.180212,0.1436392,1,1,1,1,1,1,2
0.9020922,0.1644839,0.1635652,1,1,1,1,1,1,2
0.9139802,0.1494055,0.1881482,1,1,1,1,1,1,2
0.9267648,0.1349308,0.2188332,1,1,1,1,1,1,2
0.940487,0.1210214,1,1,1,1,1,1,1,2
0.1738601,0.1076388,1,1,1,1,1,1,1,2
0.1499476,0.09578311,1,1,1,1,1,1,1,2
0.127767,0.1049251,0.989998,1,1,1,1,1,1,2
0.1071354,0.1151439,0.9782702,1,1,1,1,1,1,2
0.08790006,0.1265664,0.9670924,1,1,1,1,1,1,2
0.0822304,0.1393421,0.9564506,1,1,1,1,1,1,2
0.088517,0.1536472,0.9463321,1,1,1,1,1,1,2
0.09530042,1,0.9367257,1,1,1,1,1,1,2
0.1026106,1,1,1,1,1,1,1,1,2
0.1104851,1,1,1,1,1,1,1,1,2
0.1189611,0.9826468,1,1,1,1,1,1,1,2
0.1280803,0.9651638,1,1,1,1,1,1,1,2
1,0.9484901,1,1,1,1,1,1,1,1
1,0.939061,1,1,1,1,1,1,1,1
1,0.9295999,1,1,1,1,1,1,1,1
1,0.9201052,1,1,1,1,1,1,1,1
1,0.9105824,1,1,1,1,1,1,1,1
1,0.901033,1,1,1,1,1,1,1,1
1,0.8914628,1,1,1,1,1,1,1,1
1,0.8818704,1,1,1,1,1,1,1,1
1,0.8722613,1,1,1,1,1,1,1,1
1,0.8626378,1,1,1,1,1,1,1,1
1,0.8530021,1,1,1,1,1,1,1,1
1,0.8433566,1,1,1,1,1,1,1,1
1,0.8337067,1,1,1,1,1,1,1,1
1,0.8240548,1,1,1,1,1,1,1,1
1,0.8144034,1,1,1,1,1,1,1,1
1,0.8047544,1,1,1,1,1,1,1,1
1,0.7951106,1,1,1,1,1,1,1,1
1,0.7854771,1,1,1,1,1,1,1,1
1,0.7758562,1,1,1,1,1,1,1,1
1,0.7662501,1,1,1,1,1,1,1,1
1,0.756661,1,1,1,1,1,1,1,1
1,0.747094,1,1,1,1,1,1,1,1
1,0.737548,1,1,1,1,1,1,1,1
1,0.728028,1,1,1,1,1,1,1,1
1,0.7185358,1,1,1,1,1,1,1,1
1,0.7090733,1,1,1,1,1,1,1,1
1,0.6996419,1,1,1,1,1,1,1,1
1,0.6902465,1,1,1,1,1,1,1,1
1,0.6808885,1,1,1,1,1,1,1,1
0.8540254,0.6715659,1,1,1,1,1,1,1,2
0.8375545,0.6840278,1,1,1,1,1,1,1,2
0.8212924,0.7265798,1,1,1,1,1,1,1,2
0.8054608,0.771541,1,1,1,1,1,1,1,2
0.7900535,0.8189985,1,1,1,1,1,1,1,2
0.775055,0.8690203,1,1,1,1,1,1,1,2
0.7604529,0.9216725,1,1,1,1,1,1,1,2
0.7462341,0.9770023,1,1,1,1,1,1,1,2
0.7323814,1,1,1,1,1,1,1,1,2
0.7187128,1,1,1,1,1,1,1,1,2
0.7051216,1,1,1,1,1,1,1,1,2
0.691627,1,1,1,1,1,1,1,1,2
0.6782475,1,1,1,1,1,1,1,1,2
0.6649966,1,1,1,1,1,1,1,1,2
0.6518908,1,1,1,1,1,1,1,1,2
0.638945,1,1,1,1,1,1,1,1,2
0.6261698,1,1,1,1,1,1,1,1,2
0.6135778,1,1,1,1,1,1,1,1,2
0.6011807,1,1,1,1,1,1,1,1,2
0.5889852,1,1,1,1,1,1,1,1,2
0.576997,1,1,1,1,1,1,1,1,2
0.5923148,1,1,1,1,1,1,1,1,2
0.614722,1,1,1,1,1,1,1,1,2
0.6373045,1,1,1,1,1,1,1,1,2
0.6600078,1,1,1,1,1,1,1,1,2
0.682772,1,1,1,1,1,1,1,1,2
0.7055374,1,1,1,1,1,1,1,1,2
0.7282434,1,1,1,1,1,1,1,1,2
0.750833,1,1,1,1,1,1,1,1,2
0.7732474,1,1,1,1,1,1,1,1,2
0.7954315,1,1,1,1,1,1,1,1,1
0.8173326,1,1,1,1,1,1,1,1,1
0.8389002,1,1,1,1,1,1,1,1,1
0.8600829,1,1,1,1,1,1,1,1,1
0.8808397,0.8662235,1,1,1,1,1,1,1,1
1,0.8594489,1,1,1,1,1,1,1,1
1,0.8527492,1,1,1,1,1,1,1,1
1,0.8460494,1,1,1,1,1,1,1,1
1,0.8393526,0.9988214,1,1,1,1,1,1,1
1,0.8326562,0.991645,1,1,1,1,1,1,1
1,0.8259662,0.9844246,1,1,1,1,1,1,1
1,0.8192792,0.9771581,1,1,1,1,1,1,1
1,0.8125921,0.969843,1,1,1,1,1,1,1
1,0.8059081,0.9624839,1,1,1,1,1,1,1
1,0.799224,0.9550788,1,1,1,1,1,1,1
1,0.7925397,0.947629,1,1,1,1,1,1,1
1,0.7858554,0.9401361,1,1,1,1,1,1,1
1,0.779168,0.9325982,1,1,1,1,1,1,1
1,0.7724774,0.9250172,1,1,1,1,1,1,1
1,0.7657838,0.9173949,1,1,1,1,1,1,1
1,0.7590874,0.9097331,1,1,1,1,1,1,1
1,0.7523849,0.9020305,1,1,1,1,1,1,1
1,0.7456766,0.8942889,1,1,1,1,1,1,1
1,0.7389626,0.8865107,1,1,1,1,1,1,1
1,0.7479441,0.8786977,1,1,1,1,1,1,1
1,1,0.8708385,1,1,1,1,1,1,1
1,1,0.8627688,1,1,1,1,1,1,1
1,1,0.8546589,1,1,1,1,1,1,1
1,1,0.846511,1,1,1,1,1,1,1
1,1,0.8383242,1,1,1,1,1,1,1
1,1,0.8301007,1,1,1,1,1,1,1
1,1,0.8218399,1,1,1,1,1,1,1
1,1,0.8135473,1,1,1,1,1,1,1
1,1,0.8052217,1,1,1,1,1,1,1
1,1,0.7968658,1,1,1,1,1,1,1
1,1,0.7884818,1,1,1,1,1,1,1
1,1,0.7800689,1,1,1,1,1,1,1
1,1,0.7716326,1,1,1,1,1,1,1
1,1,0.7631719,1,1,1,1,1,1,1
1,1,0.754689,1,1,1,1,1,1,1
1,1,0.746186,1,1,1,1,1,1,1
1,1,0.737662,1,1,1,1,1,1,1
1,1,0.729122,1,1,1,1,1,1,1
1,1,0.720565,1,1,1,1,1,1,1
1,1,0.7119929,1,1,1,1,1,1,1
0.9771526,1,0.7034073,1,1,1,1,1,1,1
0.9707767,1,0.6949295,1,1,1,1,1,1,1
0.9643156,1,0.6864707,1,1,1,1,1,1,1
0.6623424,1,0.6780338,1,1,1,1,1,1,1
0.652524,1,0.6711044,1,1,1,1,1,1,1
0.6427587,1,0.6641994,1,1,1,1,1,1,1
0.6330528,1,0.6573204,1,1,1,1,1,1,1
0.6234053,1,0.6504627,1,1,1,1,1,1,1
0.613822,1,0.6436281,1,1,1,1,1,1,1
0.604305,1,0.636815,1,1,1,1,1,1,1
0.5948524,1,0.6300188,1,1,1,1,1,1,1
0.5854694,1,1,1,1,1,1,1,1,2
0.5744343,1,1,1,1,1,1,1,1,2
0.5635948,0.5738961,1,1,1,1,1,1,1,2
0.5874323,0.5665864,1,1,1,1,1,1,1,2
0.6133093,0.5594395,1,1,1,1,1,1,1,2
0.6393098,0.5524303,1,1,1,1,1,1,1,2
0.6653383,0.5455408,1,1,1,1,1,1,1,2
0.9162058,0.5387555,1,1,1,1,1,1,1,1
0.9368602,0.5320819,1,1,1,1,1,1,1,1
0.9568993,0.5254295,1,1,1,1,1,1,1,1
0.9763042,0.5187937,1,1,1,1,0.9948031,1,1,1
0.9946357,0.5121725,1,1,1,1,0.9867679,1,1,1
1,0.5055597,1,1,1,1,0.9789297,1,1,1
1,0.4989489,1,1,1,1,0.9712103,1,1,1
1,0.4923386,1,1,1,1,0.9635783,1,1,1
1,0.4857257,1,1,1,1,0.956031,1,1,1
1,0.4791074,1,1,1,1,0.948566,1,1,1
1,0.4724806,1,1,1,1,0.9411828,1,1,1
1,0.4658458,1,1,1,1,0.9338779,1,1,1
1,0.4591999,1,1,1,1,0.9266514,1,1,1
1,0.4525434,1,1,1,1,0.9195016,1,1,1
1,0.4458734,1,1,1,1,0.9124258,1,1,1
1,0.4391873,1,1,1,1,0.9054244,1,1,1
1,0.4324852,1,1,1,1,0.8984963,1,1,1
1,0.4257673,1,1,1,1,0.8916389,1,1,1
0.4730946,0.4190309,1,1,1,1,0.8848531,1,1,2
0.4638037,0.4121532,1,1,1,0.9890832,0.8751856,1,1,2
0.4548558,0.4053545,1,1,1,0.9765973,0.8657963,1,1,2
0.4462291,0.398624,1,1,1,0.9647447,0.8566718,1,1,2
0.4378789,0.3919452,1,1,1,0.9534597,0.8477837,1,1,1
0.4297688,1,1,1,1,0.9426814,0.8391053,1,1,1
0.4219859,1,1,1,1,0.9326988,0.8307626,1,1,1
0.4143561,1,1,1,1,0.9230687,0.8225664,1,1,1
0.4068586,1,1,1,1,0.9137651,0.8145066,1,1,1
0.3994775,1,1,1,1,0.9047662,0.8065761,1,1,1
0.3921979,1,1,1,1,0.8960495,0.7987657,1,1,1
0.3850025,1,1,1,1,0.8875979,0.7910708,1,1,1
0.3778783,1,1,1,1,0.879395,0.7834863,1,1,1
0.3708164,1,1,1,1,0.8714234,0.7760061,1,1,1
0.3638016,1,1,1,1,0.8636715,0.768628,1,1,1
0.3568229,1,1,1,1,0.8561249,0.7613473,1,1,1
0.3498695,1,1,1,1,0.848772,0.7541614,1,1,1
0.3429344,1,1,1,1,0.841601,0.7470666,1,1,1
0.3360078,1,1,1,1,0.8346021,0.7400608,1,1,1
0.3290799,1,1,1,1,0.8277647,0.7331412,1,1,1
0.3221411,1,1,1,1,0.8210789,0.7263047,1,1,1
0.3151858,1,1,1,1,0.814537,0.7195499,1,1,0
0.3093459,1,1,1,1,0.8081285,0.712873,1,1,0
0.322093,1,1,1,1,0.8018583,0.7062782,1,1,0
0.3341952,1,1,1,1,0.7959158,0.6998524,1,1,0
0.3456606,1,1,1,1,0.7902825,0.6935905,1,1,0
0.356503,1,1,1,1,0.7849418,0.6874882,1,1,0
0.3667413,1,1,1,1,0.7798793,0.6815417,1,1,0
0.3763948,1,1,1,1,0.775084,0.6757494,1,1,0
0.385489,1,1,1,1,1,0.6701084,1,1,1
0.3994157,1,1,1,1,1,0.6625978,1,1,1
0.4129201,1,1,1,1,1,0.6552367,0.6159884,1,0
0.4145194,1,1,1,1,1,0.6521304,0.6083276,1,0
0.4158853,1,1,1,1,1,0.6493222,0.6009853,1,0
0.4170584,1,1,1,1,1,0.6468093,0.5939592,1,0
0.4180784,1,1,1,1,1,0.6445852,0.5872434,1,0
0.4189736,1,1,1,1,1,0.642646,0.580834,1,0
0.4197703,1,1,1,1,1,0.6409857,0.5747246,1,0
0.420493,1,1,1,1,1,0.6395966,0.5689072,1,0
0.4211616,1,1,1,1,1,0.63847,0.563373,1,0
0.4217905,1,1,1,1,1,0.6375995,0.5581146,1,0
0.4223953,1,1,1,1,1,0.6369746,0.5531212,1,0
0.4229846,1,1,1,1,1,0.6365884,0.5483853,1,0
0.4235689,1,1,1,1,1,1,0.5438961,1,1
0.430337,1,1,1,1,1,1,0.5386172,1,1
0.4368586,1,1,1,1,1,1,0.5333892,1,1
1,1,1,1,1,1,1,1,1,1
1,1,1,1,1,1,1,1,1,1
1,1,1,1,1,1,1,1,1,1
1,1,1,1,1,1,1,1,1,1
1,1,1,1,1,1,1,1,1,1
1,1,1,1,1,1,1,1,1,1
1,1,1,1,1,1,1,1,1,1
1,1,1,1,1,1,1,1,1,1
1,1,1,1,1,1,1,1,1,1
1,1,1,1,1,1,1,1,1,1
1,1,1,1,1,1,1,1,1,1
1,1,1,1,0.993351,1,1,1,1,1
1,1,1,0.9985202,0.9833504,1,1,1,1,1
1,1,1,0.9883634,0.9733498,1,1,1,1,1
1,1,1,0.9781939,0.9633492,1,1,1,1,1
1,1,1,0.9680122,0.9533486,1,1,1,1,1
1,1,1,0.9578187,0.9433481,1,1,1,1,1
1,1,1,0.9476139,0.9333476,1,1,1,1,1
1,1,1,0.9373986,0.9233473,1,1,1,1,1
1,1,1,0.927173,0.9133474,1,1,1,1,1
1,1,1,0.9169379,0.9033475,1,1,1,1,1
1,1,1,0.9066941,0.8933482,1,1,1,1,1
1,1,1,0.8964422,0.8833493,1,1,1,1,1
1,1,1,0.8861829,0.873351,1,1,1,1,1
1,1,1,0.875917,0.8633534,1,1,1,1,1
1,1,1,0.8656451,0.8533565,1,1,1,1,1
1,1,1,0.855368,0.8433605,1,1,1,1,1
1,1,1,0.8450864,0.8333654,1,1,1,1,1
1,1,1,0.8348011,0.8233713,1,1,1,1,1
1,1,0.8934139,0.8245128,0.8133785,1,1,1,1,1
1,1,0.88124,0.8139753,0.8034042,1,1,1,1,1
1,1,0.8690251,0.8034304,0.7934421,1,1,1,1,1
1,1,0.8567753,0.7928786,0.7834901,1,1,1,1,1
1,1,0.8445004,0.7823241,0.7735494,1,1,1,1,1
1,1,0.8322099,0.7717706,0.7636207,1,1,1,1,1
1,1,0.8199161,0.7612246,0.7537078,1,1,1,1,1
1,1,0.8076245,0.7506863,0.7438082,1,1,1,1,2
1,1,0.7953464,0.7401621,0.7339251,1,1,1,1,2
1,1,0.7830867,0.7296515,0.7240558,1,1,1,1,2
1,1,0.7708555,0.7191601,0.7142032,1,1,1,1,2
1,1,0.7586598,0.70869,0.704367,1,1,1,1,2
1,1,0.7465054,0.6982433,0.6945468,1,1,1,1,2
1,1,0.7343944,0.6878183,0.6847388,1,1,1,1,2
1,1,0.722335,0.6774192,0.6749451,1,1,1,1,2
1,1,0.7103311,0.667047,0.6651649,0.9932386,1,1,1,2
1,1,0.6984076,0.6567098,0.6553966,0.9841324,1,1,1,2
1,1,0.6865687,0.6464055,0.6456341,0.9750057,1,1,1,2
1,1,0.6748144,0.636133,0.9368979,0.9658538,1,1,1,2
1,1,0.6628914,0.6258374,0.927349,0.9569526,1,1,1,2
1,1,0.6510619,0.615578,0.9178122,0.9480295,1,1,1,2
1,1,0.6393289,0.6053563,0.9082873,0.939082,1,1,1,2
1,1,0.6276915,0.5951708,0.8987705,0.9301039,1,1,1,2
1,1,0.6161451,0.5850164,0.8892549,0.9210868,1,1,1,2
1,1,0.6046911,0.5748943,0.8797405,0.9120286,1,1,1,2
1,1,0.5933272,0.5648025,0.8702236,0.9029244,1,1,1,2
1,1,0.5820507,0.5547389,0.8607011,0.8937699,1,1,1,2
1,1,0.5708591,0.5447016,0.8511699,0.8845614,1,1,1,1
1,1,0.5597457,0.5346853,0.8416243,0.8752922,1,1,1,1
1,1,0.5487106,0.5246914,0.8320647,0.8659628,1,1,1,1
1,1,0.5377505,0.5147178,0.8224891,0.8565709,1,1,1,1
1,1,0.5268588,0.5047597,0.8128923,0.8471116,1,1,1,1
1,1,0.516035,0.4948187,0.8032759,0.8375872,1,1,1,1
1,1,0.5052725,0.4848901,0.7936358,0.8279936,1,1,1,1
1,1,0.494571,0.4749755,0.783974,0.8183345,1,1,1,1
1,1,0.4839237,0.4650707,0.7742868,0.8086068,1,1,1,1
1,0.6025434,0.4733272,0.4551746,0.7645739,0.7988118,1,1,1,2
1,0.5829481,0.4613981,0.445261,0.7562319,0.7920225,1,1,1,2
1,0.5641215,0.4497073,0.4354436,0.7479383,0.7851908,1,1,1,2
1,0.546024,0.438243,0.4257127,0.7396747,1,1,1,1,2
1,0.5272299,0.4266635,0.41611,0.7319483,1,1,1,1,2
1,0.5092402,0.4153393,0.7069262,0.7242721,1,1,1,1,2
1,0.4917708,0.4042013,0.6977768,0.7167339,1,1,1,1,2
1,0.4749741,0.3932799,0.6887611,0.7092351,1,1,1,1,2
1,0.4588055,0.3825585,0.6798584,0.7017523,1,1,1,1,2
1,0.4432208,0.3720206,0.6710491,0.6942636,1,1,1,1,2
1,0.4281771,0.3616503,0.6623143,0.6867491,1,1,1,1,2
1,0.4136327,0.3514322,0.6536366,0.6791906,1,1,1,1,2
1,0.3995482,0.3413522,0.6449999,0.6715722,1,1,1,1,2
1,0.3858863,0.3313968,0.6363899,0.6638803,1,1,1,1,2
1,0.3726083,0.321551,0.6277912,0.6561003,1,1,1,1,2
1,0.3596818,0.3118037,0.6191927,0.648223,1,1,1,1,2
0.5227785,0.3470765,0.3021451,0.6105856,0.6402416,1,1,1,1,2
0.4920845,0.3324192,0.2923438,0.6035212,0.6353446,1,1,1,1,2
0.4634288,0.3183269,0.4928991,0.5967442,1,1,1,1,1,2
0.4366222,0.3047679,0.5734386,0.5902516,1,1,1,1,1,2
0.4114985,0.2917127,0.5642383,0.5840408,1,1,1,1,1,2
0.3879153,0.2791373,0.5553774,0.578113,1,1,1,1,1,2
0.3657424,0.2670163,0.5468472,0.5724671,1,1,1,1,1,2
0.3448638,0.2553264,0.5386404,0.5671027,1,1,1,1,1,2
0.3251761,0.2440456,0.5307498,0.5620197,1,1,1,1,1,2
0.3065912,0.2331569,0.5231723,0.5572225,1,1,1,1,1,2
0.2890258,0.2226415,0.5159022,1,1,1,1,1,1,2
0.2724052,0.2232853,0.5089349,1,1,1,1,1,1,2
0.2566661,0.2614832,0.5022693,1,1,1,1,1,1,2
0.2417433,0.3067708,0.4958986,1,1,1,1,1,1,2
0.2275856,0.3611064,0.4898235,1,1,1,1,1,1,2
0.2141428,0.4272281,0.4840416,1,1,1,1,1,1,2
0.2015328,0.4717982,0.4783946,1,1,1,1,1,1,2
0.1896901,0.4625221,0.4728029,1,1,1,1,1,1,2
0.1930648,0.4536397,0.4672944,1,1,1,1,1,1,2
0.2102373,0.4451258,0.4617916,1,1,1,1,1,1,2
0.227966,0.4369422,1,1,1,1,1,1,1,2
0.2491707,0.4287649,1,1,1,1,1,1,1,2
0.2715299,0.4209723,1,1,1,1,1,1,1,2
0.2949868,0.4135073,1,1,1,1,1,1,1,2
0.3194761,0.4063228,1,1,1,1,1,1,1,2
0.3449175,0.3993753,1,1,1,1,1,1,1,2
0.3712213,0.3926303,1,1,1,1,1,1,1,2
0.3982888,0.3860546,1,1,1,1,1,1,1,2
0.4185675,0.3796225,1,1,1,1,1,1,1,2
0.4096559,0.3733093,1,1,1,1,1,1,1,2
0.4010156,0.3671103,1,1,1,1,1,1,1,2
0.3926265,0.3610138,1,1,1,1,1,1,1,2
0.3844755,0.355015,1,1,1,1,1,1,1,2
0.3765472,0.349106,0.9988838,1,1,1,1,1,1,2
0.3688301,0.3432795,0.9966314,1,1,1,1,1,1,2
0.3613133,0.3375278,0.994298,1,1,1,1,1,1,2
0.3539859,1,0.9918762,1,1,1,1,1,1,2
0.3465875,1,0.9905354,1,1,1,1,1,1,2
0.3393719,1,0.9892632,1,1,1,1,1,1,2
0.3323333,0.8663118,0.9880532,1,1,1,1,1,1,2
0.3255187,0.8481674,1,1,1,1,1,1,1,2
0.3188396,0.8434606,1,1,1,1,1,1,1,2
0.3123144,0.8388515,1,1,1,1,1,1,1,2
0.3059347,0.8343321,1,1,1,1,1,1,1,2
0.2996925,0.8298947,1,1,1,1,1,1,1,2
0.293583,0.8255347,1,1,1,1,1,1,1,2
0.2875984,0.8212448,1,1,1,1,1,1,1,2
0.2880099,0.8170209,1,1,1,1,1,1,1,2
0.328076,0.8128465,1,1,1,1,1,1,1,2
0.3693184,0.8086518,1,1,1,1,1,1,1,2
0.4115209,0.8044226,1,1,1,1,1,1,1,2
0.4544366,0.8001491,1,1,1,1,1,1,1,1
0.497813,0.7958266,1,1,1,1,1,1,1,1
0.5413882,0.7914479,1,1,1,1,1,1,1,1
0.5848989,0.7870075,1,1,1,1,1,1,1,1
0.6280921,0.7825035,1,1,1,1,1,1,1,1
0.6707172,0.7779353,1,1,1,1,1,1,1,1
1,0.7732962,1,1,1,1,1,1,1,1
1,0.7681258,1,1,1,1,1,1,1,1
1,0.7629397,1,1,1,1,1,1,1,1
1,0.7577412,1,1,1,1,1,1,1,1
1,0.7525275,1,1,1,1,1,1,1,1
1,0.747299,1,1,1,1,1,1,1,1
1,0.7420558,1,1,1,1,1,1,1,1
1,0.7368014,1,1,1,1,1,1,1,1
1,0.7315328,1,1,1,1,1,1,1,1
1,0.7262504,1,1,1,1,1,1,1,1
1,0.7209543,1,1,1,1,1,1,1,1
1,0.7156447,1,1,1,1,1,1,1,1
1,0.7103218,1,1,1,1,1,1,1,1
1,0.7049829,1,1,1,1,1,1,1,1
0.7134567,0.6996309,1,1,1,1,1,1,1,1
0.7081071,0.6946729,1,1,1,1,1,1,1,1
0.7027702,0.689723,1,1,1,1,1,1,1,1
0.6974433,0.684778,1,1,1,1,1,1,1,1
0.6921296,0.679841,1,1,1,1,1,1,1,1
0.6868258,0.6749088,1,1,1,1,1,1,1,1
0.6815354,0.6699844,1,1,1,1,1,1,1,1
0.6762584,0.6650676,1,1,1,1,1,1,1,1
0.6709918,0.6601553,1,0.9970314,1,1,1,1,1,1
0.6657553,0.6552389,0.9900359,0.9902645,1,1,1,1,1,1
0.6606041,0.6502687,0.9745604,0.9829359,1,1,1,1,1,1
0.6555539,0.6452225,0.9599191,0.9748799,1,1,1,1,1,1
0.6505939,0.6400977,0.946064,0.9661212,1,1,1,1,1,1
0.6457175,0.6348956,0.9329487,0.9566938,1,1,1,1,1,1
0.6409182,0.629618,0.9205346,0.9466363,1,1,1,1,1,1
0.6361836,0.7008944,0.9087814,0.9359823,1,1,1,1,1,1
0.6314189,0.6954948,0.8969259,0.925403,1,1,1,1,1,1
0.6267169,0.6900167,0.8856938,0.9142818,1,1,1,1,1,1
0.6220689,0.684461,0.8750517,0.9026612,1,1,1,1,1,1
0.6174663,0.678829,0.864967,0.8905855,1,1,1,1,1,0
0.6129067,0.6731284,0.8554054,0.8781105,1,1,1,1,1,0
0.6083812,0.6673611,0.8463338,0.8652822,1,1,1,1,1,0
0.6038839,0.6615318,0.8377247,0.8521515,1,1,1,1,1,0
0.5994087,0.6556453,0.8295453,0.8387683,1,1,1,1,1,0
0.5949494,0.649706,0.8217624,0.825181,1,1,1,1,1,0
0.5904987,0.6437178,0.8143436,0.8114356,1,1,1,1,1,0
0.5860499,0.6376845,0.8072588,0.7975752,1,1,1,1,1,0
0.5815983,0.631612,0.8004751,0.7836441,1,1,1,1,1,0
0.5771394,0.6255059,0.7939593,0.7696832,1,1,1,1,1,0
0.5726613,0.6193649,0.7876805,0.7557209,1,1,1,1,1,0
0.5681621,0.6131959,0.7816027,0.7417949,1,1,1,1,1,0
0.5636324,0.6069994,0.7756919,0.7279298,1,1,1,1,1,0
0.5590663,0.6007779,0.7699147,0.7141513,1,1,1,1,1,0
0.5544572,0.5945333,0.764234,0.7004808,1,1,1,1,1,0
0.5497985,0.5882667,0.7586164,0.6869362,1,1,1,1,1,0
0.5450837,0.5819789,0.7530255,0.6735319,0.8189667,1,1,1,1,0
0.5416149,0.5754717,0.7562873,0.6565621,0.7939588,1,1,1,1,0
0.5381764,0.5689678,0.7606478,0.6416355,0.7694646,1,1,1,1,0
0.5347306,0.5624706,0.7659804,0.6406786,0.7456311,1,1,1,1,0
0.5311662,0.555986,0.7715913,0.6397662,0.7228508,1,1,1,1,0
0.5274624,0.5495062,0.7773932,0.6388489,0.7010771,1,1,1,1,0
0.5236,0.543022,0.7832995,0.6378804,0.6802556,1,1,1,1,0
0.5195643,0.5365271,0.7892174,0.6368133,0.6603318,1,1,0.9235089,1,0
0.5161977,0.5300876,1,0.6383697,0.6390592,1,1,0.9143972,1,0
0.5118209,0.5235459,1,0.6372847,0.6206884,1,1,0.9059504,1,0
0.5073809,0.5169901,1,0.6364771,0.6027243,1,1,0.8977543,1,0
0.5028524,0.5104119,1,0.6359094,0.5851794,1,1,0.8898135,1,0
0.4982204,0.5038108,1,0.6256696,0.568071,0.6931826,1,0.8821255,1,0
0.4960194,0.4976593,1,0.6084749,0.5470884,0.6620867,1,0.8744141,1,0
0.4938101,0.4915502,1,0.5918304,0.5269421,0.632696,1,0.8672554,1,0
0.4915901,0.4854782,1,0.5757007,0.5163745,0.6048542,1,0.8606418,1,0
0.4893603,0.4794412,1,0.5600561,0.5197181,0.5784277,1,1,1,0
0.4860061,0.4731363,1,0.545761,0.5216349,0.555182,1,1,1,0
0.4823295,0.466752,1,0.5319636,0.5235764,0.5332279,1,1,1,0
0.478289,0.4602698,1,0.5186332,0.5254716,0.5124602,1,1,1,0
0.4738483,0.4536737,1,0.5122823,0.5272452,0.4927758,1,1,1,0
0.4689211,0.4469284,1,0.5154781,0.5287353,0.474121,1,1,1,0
0.463423,0.4400024,1,0.5180026,0.5287589,0.4564539,1,1,1,0
0.4573604,0.4328917,1,0.519811,0.5144144,0.4396342,1,1,0.8540292,0
0.4533094,0.4264255,1,0.529076,0.4986753,0.4225295,0.5717825,1,0.8438926,0
0.4504582,0.4203582,1,0.5443212,0.4824545,0.4250544,0.5391653,1,0.8336231,0
0.4475394,0.4142742,0.3881243,0.5622,0.4667169,0.4281858,0.5085186,1,0.8240218,0
0.4445446,0.4081667,0.3787757,0.5832376,0.451431,0.4319759,0.4796477,1,0.8150705,0
0.4414693,0.4020324,0.3695184,1,0.4365709,0.4364813,0.4523869,1,0.8067509,0
0.4382986,0.3958606,0.3603404,1,0.4221058,0.4417669,0.4265812,1,0.7990466,0
0.4350266,0.3896472,0.3512354,1,0.4080136,0.4479068,0.4021029,1,0.7919432,0
0.4316453,0.3833877,0.3421978,1,0.4142246,0.432979,0.3788387,1,0.8140437,0
0.4267263,0.3765794,0.3331839,1,0.4229617,0.4169708,0.3576633,1,1,0
0.4162534,0.3678162,0.3240341,1,0.4225281,0.4037457,0.3407398,1,1,0
0.4050199,0.3587888,0.314851,1,0.4213597,0.3908681,0.3298302,1,1,0
0.3929689,0.3494787,0.3056305,1,0.4192372,0.378338,0.3271595,1,0.9662528,0
0.3807748,0.3401251,0.2963937,1,0.4175138,0.3658504,0.3246389,1,0.9620929,0
0.3677434,0.3304811,0.2871126,1,0.4146879,0.3536817,0.3218368,1,0.9581374,0
0.353963,0.3205786,0.2777913,1,0.4107964,0.3417858,0.3187656,1,0.9543474,0
0.3410613,0.3104431,0.2684297,1,0.4059002,0.3301169,0.3154436,1,0.9506923,1
0.3441858,0.3001134,0.2590331,1,0.4001371,0.3186298,0.3119091,1,0.947144,1
0.3472828,0.2897122,0.2496181,1,0.3942492,0.3071952,0.3083684,0.4430121,0.9436483,0
0.3461536,0.2822146,0.2406262,1,0.4099386,0.2929778,0.3107915,0.3950561,0.9394341,0
0.3449696,0.2745686,0.2316305,1,0.4287171,0.2791294,0.3137676,0.351786,0.93584,0
0.3437318,0.2667598,0.2226219,1,1,0.2791237,0.3150058,0.3125125,0.9328619,0
0.3438841,0.257491,0.2133294,1,1,0.2815206,0.2988104,0.2808301,0.9303553,0
0.3440337,0.2479669,0.2039787,1,1,0.2841648,0.2830949,0.2511425,1,0
0.344787,0.2376354,0.2011148,1,1,0.2848994,0.2684812,0.2245899,1,0
0.345503,0.2271045,0.2025,1,1,0.2857764,0.2541403,0.2207621,1,0
0.3463381,0.2162371,0.2043582,1,1,0.2861981,0.2402052,0.2193686,1,0
0.347288,0.205055,0.2066712,1,1,0.2861224,0.2266221,0.217942,1,0
0.340499,0.1935927,0.2093414,1,1,0.2855881,0.2133256,0.2164855,1,0
0.3220481,0.1818466,0.2125632,1,1,0.2844073,0.2003133,0.2149632,1,0
0.302301,0.1697977,0.2166468,1,1,0.2822976,0.1875864,0.2133222,1,1
0.2814776,0.1575024,0.2215278,1,1,0.2793233,0.1750858,0.2115666,1,1
0.259796,0.1450141,0.2271715,1,1,0.2755571,0.166258,0.2096997,0.291041,0
0.2478134,0.1345786,0.2161633,1,1,0.2870633,0.1684503,0.2103766,0.1818241,0
0.2347024,0.1237796,0.2060628,1,1,0.300828,0.1712348,0.2114067,0.1808205,0
0.2202733,0.112585,0.1966827,1,1,1,0.174674,0.188305,0.1801008,0
0.2009736,0.1003572,0.1915263,1,1,1,0.1768463,0.166367,0.1794233,0
0.1790655,0.08972673,0.1876487,1,1,1,0.1787176,0.1458516,0.1788363,0
0.1547408,0.08997906,0.1848042,1,1,1,0.1802455,0.1264388,0.1783121,0
0.1283651,0.09026106,0.1826842,1,1,1,0.1814899,0.1093436,0.1778363,0
0.1001828,0.09058658,0.1812242,1,1,1,0.182403,0.1090649,0.1773879,0
0.07038235,0.09101802,0.1806175,1,1,1,0.1827717,0.1086884,0.1769256,1
0.07010133,0.09155948,0.1807642,1,1,1,0.1826079,0.1082065,0.164281,1
0.07061484,0.09204142,0.1807618,1,1,1,0.1825588,0.1077756,0.1127384,0
0.07103518,0.09230362,0.1798561,1,1,1,0.1832138,0.107547,0.08774964,0
0.07138999,0.09245975,0.1786735,1,1,1,0.184134,0.1074188,0.08738615,0
0.071712,0.09261291,0.1777057,1,1,1,0.1849281,0.1072936,0.08705899,1
0.07200517,0.09276273,0.1769146,1,1,1,0.1856088,0.107171,0.08676315,1
0.07227378,0.09291016,0.1762718,1,1,1,1,0.1070493,0.08649355,2
0.07302733,0.09457143,0.182711,1,1,1,1,0.105463,0.08578782,2
0.07387544,0.09629817,0.1891558,1,1,1,1,0.103903,0.08501462,2
0.07480215,0.09807349,0.1955564,1,1,1,1,0.1023659,0.08418242,2
0.07579656,0.09988659,0.2018765,1,1,1,1,0.1008458,0.08329618,2
0.0768479,0.1017263,0.2080809,1,1,1,1,0.09933965,0.08236189,2
0.07794546,0.1035815,0.2141363,1,1,1,1,0.09784672,0.08138638,2
0.07908025,0.1054428,0.220016,1,1,1,1,0.09636627,0.08037557,2
0.08024494,0.1073029,0.2257002,1,1,1,1,0.09489736,0.0793344,1
0.08143388,0.1091568,0.2311761,1,1,1,1,0.09343851,0.07826678,1
0.08263973,0.1109969,0.2364288,1,1,1,1,0.09199136,0.07717852,1
0.0838585,0.1128201,1,1,1,1,1,0.09055479,0.07607266,0
0.08464119,0.1132628,1,1,1,1,1,1,0.07518117,2
0.08661102,0.1175003,1,1,1,1,1,1,0.07373898,2
0.08887795,0.1222943,1,1,1,0.9705248,1,1,0.07212864,2
0.09144317,0.1276596,1,1,1,0.9076295,1,1,0.07035238,2
0.09420149,0.1332805,1,1,1,0.8769839,1,1,0.06844236,2
0.09714235,0.1391691,1,1,1,0.872076,1,1,1,2
0.1006031,0.1464599,1,1,1,0.8688606,1,1,1,2
0.1044176,0.1545698,1,1,1,0.866027,1,1,1,2
0.1086006,0.1635769,1,1,1,0.8635782,1,1,1,2
0.1131686,1,1,1,1,0.8615286,1,1,1,2
0.1181417,1,1,1,0.9519399,0.8598837,1,1,1,2
0.12354,1,1,1,0.8819281,0.8586572,1,1,1,2
0.1293839,1,1,1,0.8199727,0.8578644,1,1,1,2
0.1356998,1,1,1,0.7878172,0.8575187,1,1,1,2
1,1,1,1,0.784324,0.8576351,1,1,1,0
1,1,1,1,0.7722672,0.8432335,1,1,1,0
1,1,1,1,0.7601538,0.8287428,1,1,1,0
1,1,1,1,0.7480031,0.8141921,1,1,1,0
1,1,1,1,0.7358277,0.799603,1,1,1,0
1,1,1,1,0.7347451,0.7849963,1,1,1,0
1,1,1,1,0.7419435,0.7704678,1,1,1,0
1,1,1,1,0.7498823,0.7560757,1,1,1,0
1,1,1,1,0.7585843,0.7418286,1,1,1,0
1,1,1,1,0.7680695,0.7277263,1,1,1,0
1,1,1,1,0.7783658,0.7137745,1,1,1,0
1,1,1,1,0.7894927,0.6999703,1,1,1,0
1,1,1,1,0.8014774,0.6863204,1,1,1,0
1,1,1,1,0.8143497,0.6728203,1,1,1,0
1,1,1,1,1,0.6594712,1,1,1,0
1,1,1,1,1,0.6468652,1,1,1,0
1,1,1,1,1,0.6342974,1,1,1,0
1,1,1,1,1,0.6217693,1,1,1,0
1,1,1,1,1,0.6092889,1,1,1,0
1,1,1,1,1,0.5968604,1,1,1,0
1,1,1,1,1,0.5844876,1,1,1,0
1,1,1,1,1,0.5721701,1,1,1,0
1,1,1,1,1,0.5599145,1,1,1,0
1,1,1,1,1,0.5477228,0.636682,1,1,0
1,1,1,1,1,0.5512687,0.6167887,1,1,0
1,1,1,1,1,0.5702988,0.5975137,1,1,0
1,1,1,1,1,0.5911994,0.5789258,1,1,0
1,1,1,1,1,0.614103,0.560986,1,1,0
1,1,1,1,1,0.6391612,0.5436553,1,1,0
1,1,1,1,1,1,0.5268945,1,1,0
1,1,1,1,1,1,0.5119129,1,1,0
1,1,1,1,1,1,0.4971207,1,1,0
1,1,1,1,1,1,0.4825211,1,1,0
1,1,1,1,1,1,0.4681165,1,1,0
1,1,1,1,1,1,0.4539075,1,1,0
1,1,1,1,1,1,0.4398972,1,1,0
1,1,1,1,1,1,0.4260842,1,1,0
1,1,1,1,1,1,0.4141907,1,1,0
1,1,1,1,1,1,0.4230197,1,1,0
1,1,1,1,1,1,0.4321887,1,1,0
1,1,1,1,1,1,0.441691,1,1,0
1,1,1,1,1,1,0.451522,1,1,0
1,1,1,1,1,1,0.4616724,0.4836904,1,0
1,1,1,1,1,1,0.4857537,0.4576184,1,0
1,1,1,1,1,1,0.5131717,0.4329286,1,0
1,1,1,1,1,1,1,0.409512,1,0
1,1,1,1,1,1,1,0.3885368,1,0
1,1,1,1,1,1,1,0.368306,1,0
1,1,1,1,1,1,1,0.34881,1,0
1,1,1,1,1,1,1,0.3300377,1,0
1,1,1,1,1,1,1,0.3119686,1,0
1,1,1,1,1,1,1,0.3134564,1,0
1,1,1,1,1,1,1,0.3240469,1,0
1,1,1,1,1,1,1,0.3352299,1,0
1,1,1,1,1,1,1,0.3470032,0.4122056,0
1,1,1,1,1,1,1,0.3619441,0.3780436,0
1,1,1,1,1,1,1,0.3783396,0.3465304,0
1,1,1,1,1,1,1,0.3963446,0.3173721,0
1,1,1,1,1,1,1,1,0.2903165,0
1,1,1,1,1,1,1,1,0.2675148,0
1,1,1,1,1,1,1,1,0.2760196,0
1,1,1,1,1,1,1,1,0.2851575,0
1,1,1,1,1,1,1,1,0.2949654,0
1,1,1,1,1,1,1,1,0.3054861,0
1,1,1,1,1,1,1,1,0.316769,0
1,1,1,1,1,1,1,1,0.3288624,0
1,1,1,1,1,1,1,1,0.3417908,0
1,1,1,1,1,1,1,1,0.3553591,0
1,1,1,1,1,1,1,1,1,1
1,1,1,1,1,1,1,1,1,1
1,1,1,1,1,1,1,1,1,1
1,1,1,1,1,1,1,1,1,1
1,1,1,1,1,1,1,1,1,1
1,1,1,1,1,1,1,1,1,1
1,1,1,1,1,1,1,1,1,1
1,1,1,1,1,1,1,1,1,1
1,1,1,1,1,1,1,1,1,1
1,1,1,1,1,1,1,1,1,1
1,1,1,1,1,1,1,1,1,1
1,1,1,1,1,1,1,1,1,1
1,1,1,1,1,1,1,1,1,1
1,1,1,1,1,1,1,1,1,1
1,1,1,1,1,1,1,1,1,1
1,1,1,1,1,1,1,1,1,1
1,1,1,1,1,1,1,1,1,1
1,1,1,1,1,1,1,1,1,1
1,1,1,1,1,1,1,1,1,1
1,1,1,1,1,1,1,1,1,1
1,1,1,1,1,1,1,1,1,1
1,1,1,1,1,1,1,1,1,1
1,1,1,1,1,1,1,1,1,1
1,1,1,1,1,1,1,1,1,1
1,1,1,1,1,1,1,1,1,1
1,1,1,1,1,1,1,1,1,1
1,1,1,1,1,1,1,1,1,1
1,1,1,1,1,1,1,1,1,1
1,1,1,1,1,1,1,1,1,1
1,1,1,1,1,1,1,1,1,1
1,1,1,0.9965357,1,1,1,1,1,1
1,1,1,0.985117,1,1,1,1,1,1
1,1,1,0.9734403,1,1,1,1,1,1
1,1,1,0.9615064,1,1,1,1,1,1
1,1,1,0.949317,1,1,1,1,1,1
1,1,1,0.936879,1,1,1,1,1,1
1,1,1,0.924197,1,1,1,1,1,1
1,1,1,0.9112768,1,1,1,1,1,1
1,1,1,0.8981291,1,1,1,1,1,1
1,1,1,0.8847666,1,1,1,1,1,1
1,1,1,0.8711988,1,1,1,1,1,1
1,1,1,0.8574364,1,1,1,1,1,1
1,1,1,0.8434951,1,1,1,1,1,1
1,1,1,0.8293917,1,1,1,1,1,2
1,1,1,0.8151356,1,1,1,1,1,2
1,1,1,0.8093079,1,1,1,1,1,2
1,1,1,0.8067643,1,1,1,1,1,2
1,1,1,0.8043163,1,1,1,1,1,2
1,1,1,0.8019616,1,1,1,1,1,2
1,1,1,0.7996985,1,1,1,1,1,2
1,1,1,0.7975271,1,1,1,1,1,2
1,1,1,0.7954458,1,1,1,1,1,2
1,1,1,0.7934524,1,1,1,1,1,2
1,1,1,0.7915453,1,1,1,1,1,2
1,1,1,0.7897254,1,1,1,1,1,2
1,1,1,0.7879883,1,1,1,1,1,2
1,1,1,0.7863349,1,1,1,1,1,2
1,1,1,0.7847611,1,1,1,1,1,2
1,1,1,1,1,1,1,1,1,1
1,1,1,1,1,1,1,1,1,1
1,1,1,1,1,1,1,1,1,1
1,1,1,1,1,1,1,1,1,1
1,1,1,1,1,1,1,1,1,1
1,1,0.7187446,1,1,1,1,1,1,2
1,1,0.6972738,1,1,1,1,1,1,2
1,1,0.6757707,1,1,1,1,1,1,2
1,1,0.6542993,1,1,1,1,1,1,2
1,1,0.6329156,1,1,1,1,1,1,2
1,1,0.6116763,1,1,1,1,1,1,2
1,1,0.5906333,1,1,1,1,1,1,2
1,1,0.5698334,1,1,1,1,1,1,2
1,1,0.5619874,1,1,1,1,1,1,2
1,1,0.5647868,1,1,1,1,1,1,2
1,1,0.567782,1,1,1,1,1,1,2
1,1,0.5709672,1,1,1,1,1,1,2
1,1,0.5743392,1,1,1,1,1,1,2
1,1,0.5778946,1,1,1,1,1,1,2
1,1,0.5816272,1,1,1,1,1,1,2
1,1,0.5855337,1,1,1,1,1,1,2
1,1,1,1,1,1,1,1,1,1
1,1,1,1,1,1,1,1,1,1
1,1,1,1,1,1,1,1,1,1
1,1,1,1,1,1,1,1,1,1
1,1,1,1,1,1,1,1,1,1
1,1,1,1,1,1,1,1,1,1
1,1,1,1,1,1,1,1,1,1
1,1,1,1,1,1,0.9986905,1,1,1
1,1,1,1,1,1,0.9888172,1,1,1
1,0.5203827,1,1,1,1,0.9789295,1,1,2
1,0.4803226,1,1,1,1,0.9725027,1,1,2
1,0.4420009,1,1,1,1,0.9665777,1,1,2
1,0.4055912,1,1,1,1,0.9611937,1,1,2
1,0.3966921,1,1,1,1,0.9562755,1,1,2
1,0.3999683,1,1,1,0.9127423,0.9516875,1,1,2
1,0.4037034,1,1,1,0.9035112,0.9473763,1,1,2
1,0.4077926,1,1,1,0.894591,0.9431998,1,1,2
1,0.4122186,1,1,1,0.8859439,0.9391185,1,1,2
1,0.4169647,1,1,1,0.8775303,0.9350907,1,1,2
1,0.4220099,1,1,1,0.8693122,0.9310757,1,1,2
1,1,1,1,1,0.8612564,0.9270369,1,1,1
1,1,1,1,1,0.8509177,0.9153832,1,1,1
0.4393681,1,1,1,1,0.8405613,0.9036643,1,1,2
0.3621782,1,1,1,1,0.8329911,0.9007549,1,1,2
0.3476036,1,1,1,1,0.8257959,0.8983925,1,1,2
0.3499357,1,1,1,1,0.818913,0.8963845,1,1,2
0.3526706,1,1,1,0.7935079,0.8123417,0.894742,1,1,2
0.3558187,1,1,1,0.7844493,0.8060789,0.8934738,1,1,2
0.3593784,1,1,1,0.7757182,0.8001002,0.8925368,1,1,2
0.3632392,1,1,1,0.7672378,0.7942206,0.8915173,1,1,2
0.367376,1,1,1,0.7589651,0.7883972,0.890359,1,1,2
1,1,1,1,0.7508539,0.7825836,0.8889992,1,1,0
1,1,1,1,0.7401127,0.7704037,0.8731961,1,1,0
1,1,1,1,0.729378,0.7582052,0.8573356,1,1,0
1,1,1,1,0.7186593,0.7460048,0.8414522,1,1,0
1,1,1,1,0.7079656,0.7338191,0.8255798,1,1,0
1,1,1,1,0.6973048,0.721663,0.8097501,1,1,0
1,1,1,1,0.686684,0.7095504,0.7939918,1,1,0
1,1,1,1,0.676109,0.6974937,0.7783316,1,1,0
1,1,1,1,0.6655875,0.6855068,0.7627965,1,1,0
1,1,1,1,0.65512,0.6735957,0.7474036,1,1,0
1,1,1,1,0.6447118,0.6617708,0.7321736,1,1,0
1,1,1,1,0.6343671,0.6500412,0.7171243,1,1,0
1,1,1,1,0.624083,0.6384076,0.7022638,1,1,0
1,1,1,1,0.6138613,0.6268761,0.6876039,1,1,0
1,1,1,1,0.6037002,0.6154474,0.6731504,1,1,0
1,1,1,1,0.8813742,0.6041217,0.6589068,1,1,0
1,1,1,1,1,0.5929171,0.6449245,1,1,0
1,1,1,1,1,0.5818023,0.6311222,1,1,0
1,1,1,1,1,0.5707735,0.6174864,1,1,0
1,1,1,1,1,0.5598272,0.6040156,1,1,0
1,1,1,1,1,0.5489652,0.5907141,1,1,0
1,1,1,1,1,0.5381857,0.5775815,1,1,0
1,1,1,1,1,0.5274894,0.5646194,1,1,0
1,1,1,1,1,0.5168704,0.5518222,1,1,0
1,1,1,1,1,0.5063286,0.5391899,1,1,0
1,1,1,1,1,0.4958633,0.5267215,1,1,0
1,1,1,1,1,0.4854677,0.5144094,0.6828532,1,0
1,1,1,1,1,0.4748283,0.5006303,0.6570472,1,0
1,1,1,1,1,0.4643912,0.4871984,0.6323349,1,0
1,1,1,1,1,0.6382705,0.4741164,0.6087103,1,0
1,1,1,1,1,1,0.4614118,0.5862719,1,0
1,1,1,1,1,1,0.4490431,0.5648712,1,0
1,1,1,1,1,1,0.436948,0.5442538,1,0
1,1,1,1,1,1,0.4251257,0.5244116,1,0
1,1,1,1,1,1,0.413569,0.5053253,1,0
1,1,1,1,1,1,0.4022747,0.4869769,1,0
1,1,1,1,1,1,0.3912312,0.4693363,1,0
1,1,1,1,1,1,0.3804283,0.452374,1,0
1,1,1,1,1,1,0.3698551,0.4360582,1,0
1,1,1,1,1,1,1,1,1,1
1,1,1,1,1,1,1,1,1,1
1,1,1,1,1,1,1,1,1,1
1,1,1,1,1,1,1,1,1,1
1,1,1,1,1,1,1,1,1,1
1,1,1,1,1,1,1,1,1,1
1,1,1,1,1,1,1,1,1,1
1,1,1,1,1,1,1,1,1,1
1,1,1,1,1,1,1,1,1,1
1,1,1,1,1,1,1,1,1,1
1,1,1,1,1,1,1,1,1,1
1,1,1,1,1,1,1,1,1,1
1,1,1,1,1,1,1,1,1,1
1,1,1,1,1,1,1,1,1,1
1,1,1,1,1,1,1,1,1,1
1,1,1,1,1,1,1,1,1,1
1,1,1,1,1,1,1,1,1,1
1,1,1,1,1,1,1,1,1,1
1,1,1,1,1,1,1,1,1,1
1,1,1,1,1,1,1,1,1,1
1,1,1,1,1,1,1,1,1,1
1,1,1,1,1,1,1,1,1,1
1,1,1,1,1,1,1,1,1,1
1,1,1,1,1,1,1,1,1,1
1,1,1,1,1,1,1,1,1,1
1,1,1,1,1,1,1,1,1,1
1,1,1,1,1,1,1,1,1,1
1,1,1,1,1,1,1,1,1,1
1,1,1,1,1,1,1,1,1,1
1,1,1,1,1,1,1,1,1,1
1,1,1,1,1,1,1,1,1,1
1,1,1,1,1,1,1,1,1,1
1,1,1,1,1,1,1,1,1,1
1,1,1,1,1,1,1,1,1,1
1,1,1,1,1,1,1,1,1,1
1,1,1,1,1,1,1,1,1,1
1,1,1,1,1,1,1,1,1,1
1,1,1,1,1,1,1,1,1,1
1,1,1,1,1,1,1,1,1,1
1,1,1,1,1,1,1,1,1,1
1,1,1,1,1,1,1,1,1,1
1,1,1,1,1,1,1,1,1,1
1,1,1,1,1,1,1,1,1,1
1,1,1,1,1,1,1,1,1,1
1,1,1,1,1,1,1,1,1,1
1,1,1,1,1,1,1,1,1,1
1,1,1,1,1,1,1,1,1,1
1,1,1,1,1,1,1,1,1,1
1,1,1,1,1,1,1,1,1,1
1,1,1,1,1,1,1,1,1,1
1,1,1,1,1,1,1,1,1,1
1,1,1,1,1,1,1,1,1,1
1,1,1,1,1,1,1,1,1,1
1,1,1,1,1,1,1,1,0.9884225,1
1,1,1,1,0.9945443,1,1,1,0.9481261,1
1,1,1,1,0.9845468,1,1,1,0.9025012,1
1,1,1,0.9907347,0.9745636,1,1,1,0.8518353,0
1,1,1,0.9816465,0.9646168,1,1,1,0.8225327,0
1,1,1,0.9727825,0.9547247,1,1,1,0.8243761,0
1,1,1,0.9639058,0.9448721,1,1,1,0.8262942,0
1,1,1,0.9550128,0.9350568,1,1,1,0.8282775,0
1,1,1,0.9460971,0.9252736,1,1,1,0.8303185,0
1,1,1,0.9371525,0.9155174,1,1,1,0.8324092,0
1,1,1,0.9281731,0.905783,1,1,1,0.8345407,0
1,1,1,0.9191533,0.8960656,1,1,1,0.8367032,0
1,1,1,0.9100879,0.8863605,1,1,1,0.8388895,0
1,1,1,0.9009721,0.876663,1,1,1,0.8410904,0
1,1,1,0.8918015,0.8669691,1,1,1,0.843297,0
1,1,1,0.8825723,0.8572747,1,1,1,0.8455025,0
1,1,1,0.8732811,0.8475761,0.8483818,1,1,0.8476983,0
1,1,1,0.8640607,0.8379129,0.838016,1,1,0.8500646,0
1,1,1,0.8547766,0.828245,0.8277034,1,1,0.8524159,1
1,1,1,0.8454223,0.8185661,0.8174365,1,1,0.8547433,1
1,1,1,0.8359956,0.8088732,0.8072114,1,1,0.8570387,1
1,1,1,0.8264945,0.7991635,0.7970244,1,1,0.8592943,1
1,1,1,0.8169212,0.7894382,0.7868748,1,1,0.8615029,1
1,1,1,0.8072723,0.7796924,0.7767563,1,1,0.8636597,1
1,1,1,0.7975479,0.7699247,0.766666,1,1,1,1
1,1,1,0.7865314,0.7596837,0.7568458,1,1,1,1
1,1,1,0.7755207,0.7494466,0.7470286,1,1,1,1
1,1,1,0.7645156,0.7392116,0.737211,1,1,1,1
1,1,1,0.753522,0.7289825,0.7273954,1,1,1,1
1,1,1,0.7425422,0.7187604,0.7175813,1,1,1,1
1,1,1,0.7315817,0.7085489,0.7077711,1,1,1,1
1,1,1,0.7206393,0.6983458,0.6979612,1,1,1,1
1,1,1,0.7097166,0.6881514,0.6881505,1,1,1,1
1,1,1,0.6988152,0.677966,0.6783386,1,1,1,1
1,1,1,0.6879364,0.6677898,0.6685246,1,1,1,1
1,1,1,0.677081,0.657623,0.6587075,1,1,1,1
1,1,0.7402449,0.6662499,0.6474654,0.6488866,1,1,1,2
1,1,0.7254092,0.6545746,0.6370797,0.6394184,1,1,1,2
1,1,0.7107725,0.6429963,0.6267489,0.6299721,1,1,1,2
1,1,0.6963367,0.631513,0.6164682,0.6205397,1,1,1,2
1,1,0.6821085,0.6201276,0.6062379,0.6111186,1,1,1,2
1,1,0.6680881,0.6088388,0.5960549,0.6017033,1,1,1,2
1,1,0.6542742,0.5976442,0.5859154,0.5922881,1,1,1,2
1,1,0.6406671,0.5865437,0.5758184,0.5828705,1,1,1,2
1,1,0.6272586,0.5755304,0.5657564,0.5734418,1,1,1,2
1,1,0.6140462,0.5646031,0.5557283,0.564,1,1,1,2
1,1,0.601023,0.5537571,0.5457296,0.5545402,1,1,1,2
1,1,0.5881812,0.5429875,0.5357558,0.5450579,1,1,1,2
1,1,0.5755162,0.5322922,0.5258058,0.5355521,1,1,1,2
1,1,0.5630158,0.5216633,0.5158726,0.5260164,1,1,1,2
1,1,0.5506748,0.5110986,0.5059556,1,1,1,1,2
1,1,0.5375528,0.5003096,0.4961271,1,1,1,1,2
1,1,0.5246599,0.4896197,0.4863343,1,1,1,1,2
1,1,0.5119864,0.4790237,0.4765732,1,1,1,1,2
1,1,0.4995191,0.4685137,0.4668373,1,1,1,1,2
1,1,0.4872417,0.4580789,0.4571174,1,1,1,1,2
1,1,0.4751483,0.447718,0.4474141,1,1,1,1,2
1,1,0.4632232,0.4374208,0.4377193,1,1,1,1,2
1,1,0.4514547,0.4271811,0.4280283,1,1,1,1,2
1,1,0.4398315,0.4169926,0.4183373,1,1,1,1,2
1,1,0.4283462,0.4068528,0.408646,1,1,1,1,2
1,0.5433711,0.4169852,0.3967536,0.3989483,1,1,1,1,2
1,0.5205244,0.4040898,0.3864902,0.3899341,1,1,1,1,2
1,0.4990743,0.3916236,0.3764162,0.3809882,1,1,1,1,2
1,0.478878,0.3795429,0.3665018,0.3720832,1,1,1,1,2
1,0.4598066,0.3678088,0.3567222,0.3631981,1,1,1,1,2
1,0.4417379,0.3563821,0.3470523,0.3543119,1,1,1,1,2
1,0.424561,0.3452268,0.3374702,0.3454074,1,1,1,1,2
1,0.4081755,0.3343104,0.3279569,0.3364706,1,1,1,1,2
1,0.392488,0.3236005,0.3184933,1,1,1,1,1,2
1,0.3756319,0.3127091,0.3092657,1,1,1,1,1,2
1,0.359617,0.3020867,0.3001299,1,1,1,1,1,2
1,0.3443482,0.291698,0.2910622,1,1,1,1,1,2
1,0.3297437,0.2815147,0.2820448,1,1,1,1,1,2
1,0.3157302,0.2715111,0.2730626,1,1,1,1,1,2
0.4596519,0.3022396,0.2616622,0.2641005,1,1,1,1,1,2
0.430141,0.2878999,0.2518146,0.2555697,1,1,1,1,1,2
0.4026114,0.2741044,0.2421846,0.2471615,1,1,1,1,1,2
0.3768756,0.2608218,0.2327618,1,1,1,1,1,1,2
0.3527742,0.2480264,0.2235395,1,1,1,1,1,1,2
0.330162,0.2356912,0.2145084,1,1,1,1,1,1,2
0.3089107,0.2237911,0.2056595,1,1,1,1,1,1,2
0.288911,0.2123064,0.1969876,1,1,1,1,1,1,2
0.2700568,0.2012121,0.1884816,1,1,1,1,1,1,2
0.2522618,0.1904915,0.1801369,1,1,1,1,1,1,2
0.235449,0.1801291,1,1,1,1,1,1,0.9837818,2
0.219541,0.1701044,1,1,1,1,1,1,0.9467244,2
0.2044761,0.1604043,1,1,1,1,1,1,0.9142591,2
0.1901948,0.1510138,1,1,1,1,1,1,0.8855662,2
0.1766431,0.1419188,1,1,1,1,1,1,0.8600087,2
0.1637725,0.1331062,1,1,1,1,1,1,0.8370873,2
0.1515385,0.1245638,1,1,1,1,1,1,0.816401,2
0.1399046,0.136601,1,1,1,1,1,1,0.7976208,2
0.1289574,0.1953963,1,1,1,1,1,1,0.783058,2
0.1186214,0.2680298,1,1,1,1,1,1,0.7724534,2
0.1087894,0.3576771,1,1,1,1,1,1,0.7648894,2
0.099378,0.4685106,1,1,1,1,1,1,0.7597204,2
0.1141637,1,1,1,1,1,1,1,0.7564725,2
0.1303321,1,1,1,1,1,1,1,0.7575351,2
0.1470678,1,1,1,1,1,1,1,0.7592313,2
0.1643549,1,1,1,1,1,1,1,0.7614858,2
0.1821694,1,1,1,1,1,1,1,0.7642368,2
0.2004953,1,1,1,1,1,1,1,0.7674323,2
0.2193088,1,1,1,1,1,1,1,0.7710296,2
0.2385882,1,1,1,1,1,1,1,0.7749923,2
0.2583103,1,1,1,1,1,1,1,0.7792886,2
0.2784511,1,1,1,1,1,1,1,0.7838922,2
0.2989857,1,1,1,1,1,1,1,0.7887753,2
0.3198917,1,1,1,1,1,1,1,0.7939237,2
0.341143,1,1,1,1,1,1,1,0.7993157,2
0.362716,1,1,1,1,1,1,1,0.8049303,2
0.3845873,1,1,1,1,1,1,1,0.8107619,2
0.4067296,1,1,1,1,1,1,1,0.8167937,1
0.4291193,1,1,1,1,1,1,1,0.8230114,1
0.4517325,1,1,1,1,1,1,1,0.829412,1
1,1,1,1,1,1,1,1,0.8359777,0
1,1,1,1,1,1,1,1,0.8532635,0
1,1,1,1,1,1,1,1,0.8702213,0
1,1,1,1,1,1,1,1,0.8867924,1
1,1,1,1,1,1,1,1,0.9029287,1
1,1,1,1,1,1,1,1,0.9185813,1
1,1,1,1,1,1,1,1,0.9337141,1
1,1,1,1,1,1,1,1,1,1
1,1,1,1,1,1,1,1,1,1
1,1,1,1,1,1,1,1,1,1
1,1,1,1,1,1,1,1,1,1
1,1,1,1,1,1,1,1,1,1
1,1,1,1,1,1,1,1,1,1
1,1,1,1,1,1,1,1,1,1
1,1,1,1,1,1,1,1,1,1
1,1,1,1,1,1,1,1,1,1
1,1,1,1,1,1,1,1,1,1
1,1,1,1,1,1,1,1,1,1
1,1,1,1,1,1,1,1,1,1
1,1,1,1,1,1,1,1,1,1
1,1,1,1,1,1,1,1,1,1
1,1,1,1,1,1,1,1,1,1
1,1,1,1,1,1,1,1,1,1
1,1,1,1,1,1,1,1,1,1
1,1,1,1,1,1,1,1,1,1
1,1,1,1,1,1,1,1,1,1
1,1,1,1,1,1,1,1,1,1
1,1,1,1,1,1,1,1,1,1
1,1,1,1,1,1,1,1,1,1
1,1,1,1,1,1,1,1,1,1
1,1,1,1,1,1,1,1,1,1
1,1,1,1,1,1,1,1,1,1
1,1,1,1,1,1,1,1,1,1
1,1,1,1,1,1,1,1,1,1
1,1,1,1,1,1,1,1,1,1
1,1,1,1,1,1,1,1,1,1
1,1,1,1,1,1,1,1,1,1
1,1,1,1,1,1,1,1,1,1
1,1,1,1,1,1,1,1,1,1
1,1,1,1,1,1,1,1,1,1
1,1,1,1,1,1,1,1,1,1
1,1,1,1,1,1,1,1,1,1
1,1,1,1,1,1,1,1,1,1
1,1,1,1,1,1,1,1,1,1
1,1,1,1,1,1,1,1,1,1
1,1,1,1,1,1,1,1,1,1
1,1,1,1,1,1,1,1,1,1
1,1,1,1,1,1,1,1,1,1
1,1,1,1,1,1,1,1,1,1
1,1,1,1,1,1,1,1,1,1
1,1,1,1,1,1,1,1,1,1
1,1,1,1,1,1,1,1,1,1
1,1,1,1,1,1,1,1,1,1
1,1,1,1,1,1,1,1,1,1
1,1,1,1,1,1,1,1,1,1
1,1,1,1,1,1,1,1,1,1
1,1,1,1,1,1,1,0.9991506,1,1
1,1,1,1,1,1,1,0.9914377,1,1
1,1,1,1,1,1,1,0.9836758,1,1
1,1,1,1,1,1,1,0.9758676,1,1
1,1,1,1,1,1,1,0.968016,1,1
1,1,1,1,1,1,1,0.9601264,1,1
1,1,1,1,1,1,1,0.9522022,1,1
1,1,1,1,1,1,1,0.9442479,1,1
1,1,1,1,1,1,1,0.9362688,1,1
1,1,1,1,1,1,1,0.9282717,1,1
1,1,1,1,1,1,1,0.9202596,1,1
1,1,1,1,1,1,1,0.9122407,1,1
1,1,1,1,1,1,1,0.9042207,1,1
1,1,1,1,1,1,1,0.8962051,1,0
1,1,1,1,1,1,1,0.8882014,1,0
1,1,1,1,1,1,1,0.8802153,1,0
1,1,1,1,1,1,1,0.872255,1,0
1,1,1,1,1,1,1,0.8643282,1,0
1,1,1,1,1,1,1,0.8564413,1,0
1,1,1,1,1,1,1,0.8486025,0.9865528,0
1,1,1,1,1,1,1,0.8407817,0.9741764,0
1,1,1,1,1,1,1,0.8330024,0.9615672,0
1,1,1,1,1,1,1,0.8553587,0.9487613,0
1,1,1,1,1,1,1,1,0.9364485,1
1,1,1,1,1,1,1,1,0.9272068,1
1,1,1,1,1,1,1,1,0.9178425,1
1,1,1,1,1,1,1,1,0.9083619,1
1,1,1,1,1,1,1,1,0.8987748,1
1,1,1,1,1,1,1,1,0.8890888,1
1,1,1,1,1,1,1,1,0.879316,0
1,1,1,1,1,1,1,1,0.8694655,0
1,1,1,1,1,1,1,1,0.8595484,0
1,1,1,1,1,1,1,1,0.8495765,0
1,1,1,1,1,1,1,1,0.8395613,0
1,1,1,1,1,1,1,1,0.8295156,0
1,1,1,1,1,1,1,1,0.8194518,0
1,1,1,1,1,1,1,1,0.8093849,0
1,1,1,1,1,1,1,1,0.7993261,0
1,1,1,1,1,1,1,1,0.7892907,0
1,1,1,1,1,1,1,1,0.7792921,0
1,1,1,1,1,1,1,1,0.7693441,0
1,1,1,1,1,1,1,1,0.759462,0
1,1,1,1,1,1,1,1,0.7496595,0
1,1,1,1,1,1,1,1,0.7399521,0
1,1,1,1,1,1,1,1,0.7303532,0
1,1,1,1,1,1,1,1,0.7208782,0
1,1,1,1,1,1,1,1,0.7115402,0
1,1,1,1,1,1,1,1,0.7546158,0
1,1,1,1,1,1,1,1,0.7990942,0
1,1,1,1,1,1,1,1,0.8420786,0
1,1,1,1,1,1,1,1,0.8828861,0
1,1,1,1,1,1,1,1,0.9209315,1
1,1,1,1,1,1,1,1,0.9558048,1
1,1,1,1,1,1,1,1,0.9872619,1
1,1,1,1,1,1,1,1,1,1
1,1,1,1,1,1,1,1,1,1
1,1,1,1,1,1,1,1,1,1
1,1,1,1,1,1,1,1,1,1
1,1,1,1,1,1,1,1,1,1
1,1,1,1,1,1,1,1,1,1
1,1,1,1,1,1,1,1,1,1
1,1,1,1,1,1,1,1,1,1
1,1,1,1,1,1,1,1,1,1
1,1,1,1,1,1,1,1,1,1
1,1,1,1,1,1,1,1,1,1
1,1,1,1,1,1,1,1,1,1
1,1,1,1,1,1,1,1,1,1
1,1,1,1,1,1,1,1,1,1
1,1,1,1,1,1,1,1,1,1
1,1,1,1,1,1,1,1,1,1
1,1,1,1,1,1,1,1,1,1
1,1,1,1,1,1,1,1,1,1
1,1,1,1,1,1,1,1,1,1
1,1,1,1,1,1,1,1,1,1
1,1,1,1,1,1,1,1,1,1
1,1,1,1,1,1,1,1,1,1
1,1,1,1,1,1,1,1,1,1
1,1,1,1,1,1,0.9980338,1,1,1
1,1,1,1,1,1,1,1,1,1
1,1,1,1,1,1,1,1,1,1
1,1,1,1,1,1,1,1,1,1
1,1,1,1,1,1,1,1,1,1
1,1,1,1,1,1,1,1,1,1
1,1,1,1,1,1,1,1,1,1
1,1,1,1,1,1,1,1,1,1
1,1,1,1,1,1,1,1,1,1
1,1,1,1,1,1,1,1,1,1
1,1,1,1,1,1,1,1,1,1
1,1,1,1,1,1,1,1,1,1
1,1,1,1,1,1,1,1,1,1
1,1,1,1,1,1,1,1,1,1
1,1,1,1,1,1,1,1,1,1
1,1,1,1,1,1,1,1,1,1
1,1,1,1,1,1,1,1,1,1
1,1,1,1,1,1,1,1,1,1
1,1,1,1,1,1,1,1,1,1
1,1,1,1,1,1,1,1,1,1
1,1,1,1,1,1,1,1,1,1
1,1,1,1,1,1,1,1,1,1
1,1,1,1,1,1,1,1,1,1
1,1,1,1,1,1,1,1,1,1
1,1,1,1,1,1,1,0.8863379,1,0
1,1,1,1,1,1,1,0.7817644,1,0
1,1,1,1,1,1,1,0.7129859,1,0
1,1,1,1,1,1,1,0.7088047,1,0
1,1,1,1,1,1,1,0.7048305,1,0
1,1,1,1,1,1,1,0.7010679,1,0
1,1,1,1,1,1,1,0.6975197,1,0
1,1,1,1,1,1,1,0.6941888,1,0
1,1,1,1,1,1,1,0.6910775,1,0
1,1,1,1,1,1,1,0.6881899,1,0
1,1,1,1,1,1,1,0.6855263,1,0
1,1,1,1,1,1,1,0.6830887,1,0
1,1,1,1,1,1,1,0.6808791,1,0
1,1,1,1,1,1,1,0.6788987,1,0
1,1,1,1,1,1,1,0.6771489,1,0
1,1,1,1,1,1,1,0.6756297,1,0
1,1,1,1,1,1,1,1,1,1
1,1,1,1,1,1,1,1,1,1
1,1,1,1,1,1,1,1,1,1
1,1,1,1,1,1,1,1,1,1
1,1,1,1,1,1,1,1,1,1
1,1,1,1,1,1,1,1,0.6292485,0
1,1,1,1,1,1,1,1,0.6243518,0
1,1,1,1,1,1,1,1,0.6197515,0
1,1,1,1,1,1,1,1,0.6154555,0
1,1,1,1,1,1,1,1,0.6114683,0
1,1,1,1,1,1,1,1,0.6077957,0
1,1,1,1,1,1,1,1,0.6044431,0
1,1,1,1,1,1,1,1,0.6014138,0
1,1,1,1,1,1,1,1,0.5987116,0
1,1,1,1,1,1,1,1,0.5963405,0
1,1,1,1,1,1,1,1,0.5943021,0
1,1,1,1,1,1,1,1,0.5926001,0
1,1,1,1,1,1,1,1,1,1
1,1,1,1,1,1,1,1,1,1
1,1,1,1,1,1,1,1,1,1
1,1,1,1,1,1,1,1,1,1
1,1,1,1,1,1,1,1,1,1
1,1,1,1,1,1,1,1,1,1
1,1,1,1,1,1,1,1,1,1
1,1,1,1,1,1,1,1,1,1
1,1,1,1,1,1,1,1,1,1
1,1,1,1,1,1,1,1,1,1
1,1,1,1,1,1,1,1,1,1
1,1,1,1,1,1,1,1,1,1
1,1,1,1,1,1,1,1,1,1
1,1,1,1,1,1,1,1,1,1
1,1,1,1,1,1,1,1,1,1
1,1,1,1,1,1,1,1,1,1
1,1,1,1,1,1,1,1,1,1
1,1,1,1,1,1,1,1,1,1
1,1,1,1,1,1,1,1,1,1
1,1,1,1,1,1,1,1,1,1
1,1,1,1,1,1,1,1,1,1
1,1,1,1,1,1,1,1,1,1
1,1,1,1,1,1,1,1,1,1
1,1,1,1,1,1,1,1,1,1
1,1,1,1,1,1,1,1,1,1
1,1,1,1,1,1,1,1,1,1
1,1,1,1,1,1,1,1,1,1
1,1,1,1,1,1,1,1,1,1
1,1,1,1,1,1,1,1,1,1
1,1,1,1,1,1,1,1,1,1
1,1,1,1,1,1,1,1,1,1
1,1,1,1,1,1,1,1,1,1
1,1,1,1,1,1,1,1,1,1
1,1,1,1,1,1,1,1,1,1
1,1,1,1,1,1,1,1,1,1
1,1,1,1,1,1,1,1,1,1
1,1,1,1,1,1,1,1,1,1
1,1,1,1,1,1,1,1,1,1
1,1,1,1,1,1,1,1,1,1
1,1,1,1,1,1,1,1,1,1
1,1,1,1,1,1,1,1,1,1
1,1,1,1,1,1,1,1,1,1
1,1,1,1,1,1,1,1,1,1
1,1,1,1,1,1,1,1,1,1
1,1,1,1,1,1,1,1,1,1
1,1,1,1,1,1,1,1,1,1
1,1,1,1,1,1,1,1,1,1
1,1,1,1,1,1,1,1,1,1
1,1,1,1,1,1,1,1,1,1
1,1,1,1,1,1,1,1,1,1
1,1,1,1,1,1,1,1,1,1
1,1,1,1,1,1,1,1,1,1
1,1,1,1,1,1,1,1,1,1
1,1,1,1,1,1,1,1,1,1
1,1,1,1,1,1,1,1,1,1
1,1,1,1,1,1,1,1,1,1
1,1,1,1,1,1,1,1,1,1
1,1,1,1,1,1,1,1,1,1
1,1,1,1,1,1,1,1,1,1
1,1,1,1,1,1,1,1,1,1
1,1,1,1,1,1,1,1,1,1
1,1,1,1,1,1,1,1,1,1
1,1,1,1,1,1,1,1,1,1
1,1,1,1,1,1,1,1,1,1
1,1,1,1,1,1,1,1,1,1
1,1,1,1,1,1,1,1,1,1
1,1,1,1,1,1,1,1,1,1
1,1,1,1,1,1,1,1,1,1
1,1,1,1,1,1,1,1,1,1
1,1,1,1,1,1,1,1,1,1
1,1,1,1,1,1,1,1,1,1
1,1,1,1,1,1,1,1,1,1
1,1,1,1,1,1,1,1,1,1
1,1,1,1,1,1,1,1,1,1
1,1,1,1,1,1,1,1,1,1
1,1,1,1,1,1,1,1,1,1
1,1,1,1,1,1,1,1,1,1
1,1,1,1,1,1,1,1,1,1
1,1,1,1,1,1,1,1,1,1
1,1,1,1,1,1,1,1,1,1
1,1,1,1,1,1,1,1,1,1
1,1,1,1,1,1,1,1,1,1
1,1,1,1,1,1,1,1,1,1
1,1,1,1,1,1,1,1,1,1
1,1,1,1,1,1,1,1,1,1
1,1,1,1,1,1,1,1,1,1
1,1,1,1,1,1,1,1,1,1
1,1,1,1,1,1,1,1,1,1
1,1,1,1,1,1,1,1,1,1
1,1,1,1,1,1,1,1,1,1
1,1,1,1,1,1,1,1,1,1
1,1,1,1,1,1,1,1,1,1
1,1,1,1,1,1,1,1,1,1
1,1,1,1,1,1,1,1,1,1
1,0.8525671,1,1,1,1,1,1,1,1
1,0.8373924,1,1,1,1,1,1,1,2
1,0.8220897,1,1,1,1,1,1,1,2
1,0.8066789,1,1,1,1,1,1,1,2
1,0.7911804,1,0.9667894,1,1,1,1,1,2
1,0.7756509,1,0.8553407,1,1,1,1,1,2
1,0.7602001,1,0.8457968,1,1,1,1,1,2
1,0.7447484,1,0.8362988,1,1,1,1,1,2
1,0.7526322,1,0.826852,1,1,1,1,1,2
1,0.7625628,1,0.8174232,1,1,1,1,1,2
1,0.7723774,1,0.8080082,1,1,1,1,1,2
1,0.7820584,1,0.7985993,1,1,1,1,1,2
1,0.7915859,1,0.7891898,1,1,1,1,1,2
1,1,1,0.7797797,1,1,1,1,1,1
1,1,1,0.7700258,1,1,1,1,1,1
1,1,1,0.7602719,1,1,1,1,1,1
1,1,1,0.7505152,1,1,1,1,1,1
1,1,1,0.7407557,1,1,1,1,1,1
1,1,1,0.7309968,1,1,1,1,1,1
1,1,1,0.7212354,1,1,1,1,1,1
1,1,1,0.7114718,1,1,1,1,1,1
1,1,1,0.7017061,1,1,1,1,1,1
1,1,1,0.6919382,1,1,1,1,1,1
1,1,1,0.6821715,1,1,1,1,1,1
1,1,1,0.672403,1,1,1,1,1,1
1,1,1,0.6626329,1,1,1,1,1,1
1,1,1,0.6528612,1,1,1,1,1,1
1,1,1,0.6430879,1,1,1,1,1,1
1,1,1,0.6333133,1,1,1,1,1,1
1,1,1,0.6235372,1,1,1,1,1,1
1,1,1,0.6137599,1,1,1,1,1,1
1,1,1,0.6039845,1,1,1,1,1,1
1,1,1,0.5942078,1,1,1,1,1,1
1,1,1,0.5844301,1,1,1,1,1,1
0.6957674,1,1,0.5746512,1,1,1,1,1,2
0.663529,1,1,0.5653392,1,1,1,1,1,2
0.6315431,1,1,0.5561408,1,1,1,1,1,2
0.6039326,1,1,0.5470678,1,1,1,1,1,2
0.611742,1,1,0.538122,1,1,1,1,1,2
0.6196424,1,1,0.5292255,1,1,1,1,1,2
0.6276089,1,1,0.5203649,1,1,1,1,1,2
0.6356186,1,1,0.5115285,1,1,1,1,1,2
0.6436509,1,0.4997186,1,1,1,1,1,1,2
1,1,0.4895174,1,1,1,1,1,1,1
1,1,0.4799752,1,1,1,1,1,1,1
1,1,0.4704449,1,1,1,1,1,1,1
1,1,0.4609263,1,1,1,1,1,1,1
1,1,1,1,1,1,1,1,1,1
1,1,1,1,0.8841971,0.8978373,0.9756035,1,1,1
1,1,1,1,0.8741971,0.887499,0.9640415,1,1,1
1,1,1,1,0.8641988,0.8771257,0.9523758,1,1,1
1,1,1,1,0.8542032,0.8667204,0.9406139,1,1,1
1,1,1,1,0.8442113,0.8562862,0.9287637,1,1,1
1,1,1,1,0.834224,0.8458267,0.9168336,1,1,1
1,1,1,1,0.8242428,0.8353456,0.9048325,1,1,1
1,1,1,1,0.8142715,0.8248499,0.8927729,1,1,1
1,1,1,1,0.8043083,0.8143401,0.8806607,1,1,1
1,1,1,1,0.7943544,0.8038201,0.8685055,1,1,1
1,1,1,1,0.7844106,0.7932938,0.8563163,1,1,1
1,1,1,1,0.7744778,0.7827649,0.8441026,1,1,1
1,1,1,1,0.7645599,0.7722398,0.8318766,1,1,1
1,1,1,1,0.7546543,0.7617191,0.8196441,1,1,1
1,1,1,1,0.7447647,0.7512088,0.8074164,1,1,1
1,1,1,1,0.7348882,0.7407089,0.7951986,1,1,0
1,1,1,1,1,0.7302252,0.7830012,1,1,0
1,1,1,1,1,0.7197121,0.770664,1,1,0
1,1,1,1,1,0.7092162,0.7583481,1,1,0
1,1,1,1,1,0.698743,0.7460635,1,1,0
1,1,1,1,1,0.6882976,0.7338197,1,1,0
1,1,1,0.9931528,1,0.677879,0.7216191,1,1,0
1,1,1,0.9842394,1,0.667493,0.7094855,1,1,0
1,1,1,0.9753346,1,0.6571444,0.6974309,1,1,0
1,1,1,0.9664305,1,0.64683,0.6854541,1,1,0
1,1,1,0.9575256,1,0.6365523,0.6735597,1,1,0
1,1,1,0.9486117,1,0.6263074,0.6617455,1,1,0
1,1,1,0.9396873,1,0.6160976,0.6500151,1,1,0
1,1,1,0.9307472,1,0.6059215,0.6383684,1,1,0
1,1,1,0.921787,1,0.5957779,0.6268049,1,1,0
1,1,1,0.912802,1,0.5856655,0.6153238,1,1,0
1,1,1,0.903788,1,0.5755824,0.6039237,1,1,0
1,1,1,0.8947408,1,0.5655274,0.5926031,1,1,0
1,1,1,0.8856564,1,0.5554985,0.5813601,1,1,0
1,1,1,0.8765312,0.9855196,0.5454942,0.5701928,1,1,0
1,1,1,0.8673382,0.9462478,0.5355141,0.5591129,1,1,1
1,1,1,0.8580311,0.9113691,0.5255582,0.5481412,1,1,1
1,1,1,0.8486106,0.8801895,0.5156199,0.5372645,1,1,1
1,1,1,0.8390845,0.8521594,0.5056995,0.5264769,1,1,1
1,1,1,0.8294549,0.8268126,0.4957915,0.5157667,0.6571271,1,0
1,1,1,0.8224704,0.7856788,0.485863,0.5038161,0.6374734,1,0
1,1,1,0.815412,0.7772641,0.4760223,0.492099,0.6185863,1,0
1,1,1,0.808322,0.7688892,1,0.480578,0.6003232,1,0
1,1,1,0.8012935,0.7605947,1,0.4692028,0.5824895,0.9698607,0
1,1,1,0.7946397,0.7525378,1,0.4578715,0.5646515,0.9590259,0
1,1,1,0.7881132,0.744601,1,0.4466831,0.5472015,0.9677222,0
1,1,1,0.7814466,0.7366439,1,0.4357036,0.5304364,0.9764625,0
1,1,1,0.7746112,0.7286424,1,0.4249116,0.5143013,0.9851987,0
1,1,1,0.767589,0.7205817,1,0.414293,0.4987505,0.9938859,0
1,1,1,0.7603592,0.7124429,1,0.403828,0.483733,1,0
1,1,1,0.752941,0.7042311,1,0.3934959,0.469175,1,0
1,1,1,0.7454034,0.6959806,1,0.3832715,0.454975,1,0
1,1,1,1,0.6876785,0.824906,0.3731445,0.4411089,1,0
1,1,1,1,0.680205,0.7281944,0.3629257,0.4264598,1,0
1,1,1,1,0.6725816,0.6513065,0.3528658,0.4123883,1,0
1,1,1,1,0.6647977,0.6369683,0.34294,0.398821,1,0
1,1,1,1,0.6569213,0.6283389,0.343498,0.3856262,1,0
1,1,1,1,0.6489388,0.6197009,0.4128865,0.3727713,0.5648719,0
1,1,1,1,0.644002,0.6125659,0.5858979,0.3576733,0.532537,0
1,1,1,1,0.6393524,0.6057208,1,0.3431638,0.5023705,0
1,1,1,1,0.6348122,0.5990687,1,0.3293183,0.4745633,0
1,1,1,1,0.630448,0.5926317,1,0.3160241,0.448643,0
1,1,1,1,0.626214,0.5863775,1,0.3032579,0.4244727,0
1,1,1,1,0.6220649,0.580273,1,0.2909921,0.4019131,0
1,1,1,1,0.6179501,0.5742794,1,0.2791902,0.3808175,0
1,1,1,1,1,0.5683653,0.7523037,0.2678216,0.3610546,0
1,1,0.9919991,1,1,0.563337,0.5315698,0.256486,0.3411227,0
1,1,0.9716099,1,1,0.5585954,0.5240391,0.2522602,0.3223055,0
1,1,0.9525657,1,1,0.5539266,0.5167485,0.2855554,0.3047695,0
1,1,0.9356356,1,1,0.5489246,0.5095421,0.3212699,0.2887553,0
1,1,0.920447,1,1,0.5435528,0.5023547,0.3591036,0.273966,0
1,1,0.9067047,1,1,0.5378002,0.4951468,0.3986684,0.2601769,0
1,1,0.8992227,1,1,0.5316621,0.4878852,0.4395236,0.2472008,0
1,1,0.8984469,1,1,0.5251971,0.4805702,0.4815448,0.234858,0
1,1,0.8958989,1,1,0.5184745,0.4732122,0.5247993,0.2230032,0
1,1,0.8915008,1,0.9986988,1,0.4657958,0.5687759,0.2115733,0
1,1,0.9013519,1,1,1,0.4593218,1,0.221739,0
1,1,0.9034794,0.9982626,0.9993858,1,0.4524588,1,0.2354963,0
1,1,0.9041845,0.9812797,0.9974225,1,0.4455699,1,0.2495003,0
1,1,0.902325,0.9658051,0.9943813,1,0.4385781,1,0.2634849,0
1,1,0.8976987,0.9517335,0.9901912,1,0.4314618,1,0.2773295,0
1,1,0.8901297,0.9389871,0.984783,1,0.424199,1,0.2909047,1
1,1,0.8794974,0.9275099,0.9781059,1,0.4167774,1,0.304079,1
1,1,0.8657299,0.9172649,0.9701155,1,0.4091819,1,0.3167176,1
1,1,0.848837,0.9082313,0.9607903,1,0.4014048,0.3914283,0.3286904,1
1,1,0.8365757,0.8973573,0.9535345,1,0.3939256,0.3835718,0.3419897,1
1,1,0.8211446,0.8877017,0.9449178,0.9954371,0.3862647,0.3758329,0.3545858,1
1,1,0.802506,0.8792852,0.9348866,0.9827647,0.3784114,0.3681978,0.3663147,1
1,1,0.7805948,0.8721924,0.9233557,0.9731107,0.3703495,0.3606561,0.3769834,1
1,1,0.755899,0.8663399,0.9104739,0.966258,0.3620951,0.3531858,0.3865612,2
1,1,0.7302676,0.8616502,0.8964181,0.9620202,0.3536713,0.34577,0.395055,2
1,1,0.7254032,0.8580119,0.8814179,0.9601473,0.3451069,0.3383899,0.4025374,2
1,1,0.7207323,0.854723,0.8662872,0.9590358,0.3365097,0.3309875,0.4095804,2
1,1,0.7162312,0.8517297,0.8511035,0.958569,0.3278852,0.323551,0.4162372,2
1,1,0.7118791,0.8489848,0.8359399,0.9586445,0.3192458,0.316078,0.4225562,2
1,1,0.707654,0.8464426,0.820847,0.9591644,0.3105951,0.3085601,0.4285856,2
1,1,0.7035381,0.8440646,0.8058709,0.9600459,0.301941,0.3009953,0.4343654,2
1,1,0.699514,0.8418152,0.7910389,0.961212,0.2932833,0.2933759,0.4399327,2
1,1,0.6955681,0.8396652,0.7763733,0.962598,0.2846237,0.2856974,0.4453168,2
1,1,0.6916851,0.8375853,0.7618924,0.9641403,0.2759654,0.2779586,0.4505475,2
1,1,0.6878551,0.8355538,0.7476051,0.9657895,0.2673083,0.2701559,0.4556449,2
1,1,0.6840662,0.8335485,0.7335187,0.9674956,0.2586541,0.262289,0.4606308,2
1,1,0.6803097,0.8315523,0.7196328,0.9692184,0.2500012,0.2543548,0.4655207,2
1,1,0.6765767,0.8171681,0.7140452,0.9709199,0.2413476,0.2463506,0.4703294,2
1,1,0.6729312,0.7997043,0.711687,0.9729419,0.2326845,0.2382856,0.4749696,2
1,1,0.6693658,0.7824706,0.7094361,0.9752558,0.2240145,0.2301597,0.2931286,1
1,1,0.6637478,0.7692864,0.7017744,0.9663615,0.215535,0.2216659,0.2826757,1
1,1,0.6582779,0.7558964,0.6944553,0.9581715,1,0.2131675,0.2722442,1
1,1,0.6508827,0.7459908,0.6821543,0.9395838,1,0.2043855,0.2606896,1
1,1,0.6438525,0.7354056,0.6708297,0.9230591,1,0.1956736,0.2493877,1
1,1,0.6371384,0.7242374,0.6603308,0.9082633,1,0.1870149,0.2382824,1
1,1,0.6306962,0.7125765,0.6505267,0.8949143,1,0.1783947,0.2273253,1
1,1,0.6244882,0.7005015,0.641307,0.8827769,1,0.1697968,0.2164711,1
1,1,0.6184828,0.6880912,0.6325783,0.8716537,1,0.1612132,0.2056876,1
1,0.9964675,0.6126529,0.6754121,0.624261,0.8613779,1,0.1526335,0.1949437,1
1,0.9013389,0.6070298,0.6624301,0.6164235,0.8520927,1,0.144055,0.1842357,2
1,0.7807275,0.6030363,0.6468556,0.6125794,0.8511969,1,0.1355998,0.1740938,2
1,0.6481157,0.6009219,0.628695,0.6133097,0.8601149,1,0.1272383,0.1644559,2
1,0.5197765,0.6007512,0.6084524,0.6188024,0.8796853,1,0.1189169,0.1551664,2
1,0.5037018,0.6023575,0.5870227,0.6287437,1,1,0.1108654,0.145997,2
1,0.500075,0.6030441,0.5678734,0.6363204,1,1,0.1203104,0.135982,2
1,0.4965598,0.6034947,0.5498413,0.6432663,1,1,0.1290751,0.125399,2
1,0.4931274,0.6036878,0.5327696,0.6495172,1,1,0.1373173,0.1142722,2
1,0.4897541,0.6036096,0.5165217,0.6550243,1,1,0.145155,0.1026267,2
1,0.48642,0.6032525,0.5009816,0.6597537,1,1,0.1526785,0.09049167,2
1,0.4831109,0.6026167,0.4955371,0.6636884,0.9939411,1,0.1599538,0.08600511,2
1,0.4798281,0.6017535,0.4947382,0.6669552,0.9818839,1,0.1669953,0.09097141,2
1,0.476601,0.5831672,0.4937905,0.6699675,0.9700564,1,0.1737338,0.09579384,2
1,0.4735058,0.5627941,0.4931207,0.6735922,0.9582872,1,0.179973,0.100429,2
1,0.4705446,0.5427538,0.4927377,0.6778648,0.9465809,1,0.185738,0.1048798,2
1,0.4677102,0.5230928,0.4926005,0.682718,0.9349595,1,0.1910788,0.1091553,2
1,0.4649956,0.5038372,0.4926724,0.6880903,0.923436,1,0.1960409,0.1132639,2
1,0.462391,0.4849997,0.4929154,0.6939189,0.9120184,1,0.2006716,0.1172174,2
0.4399199,0.4598893,0.4665824,0.4932986,0.7001508,0.9007101,1,0.2050089,0.121025,2
0.4353904,0.4594556,0.4431298,0.5037608,0.7290416,0.8874633,1,0.2045075,0.1235078,2
0.4312674,0.4594288,0.4207511,0.515622,1,0.8746365,1,0.203742,0.1257322,2
0.4275452,0.4598185,0.3993602,0.5290549,1,0.8622128,1,0.2027388,0.127711,2
0.4242191,0.4606353,0.37888,0.5442629,1,0.8501762,1,0.2015204,0.1294561,2
0.4212837,0.46189,0.3738957,0.5614845,0.866933,0.874826,1,1,0.1309794,2
0.4187377,0.4635977,0.3793333,0.5810126,0.85202,1,1,1,0.1322886,2
0.4165777,0.4657723,0.3855512,0.6031933,0.8375871,1,1,1,0.1333937,2
0.4148027,0.4684307,0.3926189,0.6284522,0.8236161,1,1,1,0.1343021,2
0.4134112,0.47159,0.4006132,0.6573083,0.8100872,1,1,1,0.1350219,2
0.4124041,0.4434226,0.4096244,1,0.7969847,1,1,1,0.135559,2
0.4117832,0.409153,0.4197566,1,0.7842909,1,1,1,0.1359183,2
0.4115499,0.3772727,0.4311265,0.8022286,0.7719894,1,1,1,0.1361057,2
0.4117063,0.3475297,0.4438695,0.7868241,0.7600677,1,1,1,0.1361265,2
0.4122572,0.3197065,0.4581462,0.7719299,0.8390219,1,1,1,0.1359838,2
0.4132069,0.2936038,0.4741414,0.7575197,1,1,1,1,0.1356817,2
0.4145606,0.286877,0.4920724,0.743578,1,1,1,1,0.1352237,2
0.4163246,0.2913044,0.5121967,0.7300815,1,1,1,1,0.1346127,2
0.4185065,0.2962846,0.5348215,0.7170143,1,1,1,1,0.1338514,2
0.4211148,0.3018513,0.5603159,0.7043614,1,1,1,1,1,2
0.4172413,0.3080416,1,0.6921063,1,1,1,1,1,2
0.3593106,0.3148995,1,0.6802331,1,1,1,1,1,2
0.3084308,0.3224672,1,0.7830396,1,1,1,1,1,2
0.2633789,0.3307987,0.6943903,1,1,1,1,1,1,2
0.2500066,0.3399523,0.6790835,1,1,1,1,1,1,2
0.2537533,0.3499908,0.6643082,1,1,1,1,1,1,2
0.2579066,0.360985,0.6500396,1,1,1,1,1,1,2
0.2624823,0.3730175,0.6362581,1,1,1,1,1,1,2
0.2674979,0.3861812,0.6229454,1,1,1,1,1,1,2
0.2729711,0.4005794,0.6100785,1,1,1,1,1,1,2
0.2789214,0.4163292,0.5976446,1,1,1,1,1,1,2
0.2853719,0.4335675,0.5856234,1,1,1,1,1,1,2
0.2923462,0.4524484,0.6370536,1,1,1,1,1,1,2
0.2998706,1,1,1,1,1,1,1,1,2
0.3079737,1,1,1,1,0.9966666,1,1,1,2
0.3166892,1,1,1,1,0.9537418,1,1,1,2
0.3260499,1,1,1,1,0.9217695,1,1,1,2
0.3360943,0.586707,1,1,1,0.9229606,1,1,1,2
0.3468651,0.5703414,1,1,1,0.9246939,1,1,1,2
0.3584088,0.5546548,1,1,1,0.9269959,1,1,1,2
0.3707775,0.5396091,1,1,1,0.9298889,1,1,1,2
0.3840285,0.5251758,1,1,0.9885945,0.9334056,1,1,1,2
0.3982233,0.511325,1,1,0.9404303,0.9375779,1,1,1,2
0.4134328,0.4980327,1,1,0.8958569,0.9424456,1,1,1,2
0.8830165,0.4852733,1,1,0.8544564,0.9480489,1,1,1,2
0.8959525,0.4752955,1,1,0.8362408,0.9415364,1,1,1,2
0.908178,0.4848353,1,1,0.8200858,0.9341922,1,1,1,1
1,0.5071638,1,1,0.8119427,0.9258422,1,1,1,1
1,0.5244232,1,1,0.8020484,0.914612,1,1,1,1
1,0.54043,1,1,0.7917724,0.9027559,1,1,1,1
1,0.5550814,1,1,0.7811295,0.8903021,1,1,1,1
1,0.5683013,1,1,0.7701448,0.8772918,1,1,1,1
1,0.5800382,1,1,0.7629678,0.8637627,1,1,1,1
1,1,1,1,0.7571989,0.8498279,1,1,1,0
1,1,1,1,0.7591747,0.8315434,1,1,1,0
0.5146136,1,1,1,0.7618824,0.813336,1,1,1,2
0.5003333,1,1,1,0.7463303,0.8049613,1,1,1,1
0.486336,1,1,1,0.7312702,0.7963895,1,1,1,1
0.472604,1,1,1,0.7166823,0.7876134,1,1,1,1
0.4591235,1,1,1,0.7025436,0.7786312,1,1,1,1
0.4458811,1,1,1,0.6888344,0.7694427,1,1,1,1
0.4328591,1,1,1,0.6755353,0.7600449,1,1,1,1
0.4200402,1,1,1,0.6626239,0.750437,1,1,1,1
0.4074114,1,1,1,0.6500818,0.7406222,1,1,1,1
0.39496,1,1,1,0.6407766,0.7306064,1,1,1,1
0.3826464,1,1,1,0.6315274,0.7204331,1,1,1,1
0.3768479,1,1,1,0.6221868,0.7101043,1,1,1,1
0.3851681,1,1,1,0.6126822,0.6995019,1,1,1,1
0.3931795,1,1,1,0.6028639,0.6883821,1,1,1,1
0.400858,1,1,1,0.5927462,0.6767718,1,1,1,1
0.4081856,1,1,1,0.5823525,0.6647092,1,1,1,1
0.4151486,1,1,1,0.5716974,0.6522242,1,1,1,1
0.4217393,1,1,1,0.5608075,0.6393606,1,1,1,1
0.4279502,1,1,1,0.5506891,0.6261603,1,1,1,1
0.4337915,1,1,1,0.54412,0.6126738,1,1,1,0
0.4393023,1,1,1,0.5380067,0.5989888,1,1,1,0
0.4444962,1,1,1,0.5323157,0.5851463,1,1,1,0
0.4493876,1,1,1,0.527017,0.571184,1,1,1,0
0.4539899,1,1,1,0.5220863,0.5571404,1,1,1,0
0.4583192,1,1,1,0.5174991,0.5430461,1,1,1,0
1,1,1,1,0.5132334,0.5289329,1,1,1,0
1,1,1,1,0.5230393,0.5088285,1,1,1,0
1,1,1,1,0.5342805,0.4894769,1,1,1,0
1,1,1,1,0.5471523,0.4708284,1,1,1,0
1,1,1,1,0.5618845,0.45283,0.5758606,1,1,0
1,1,1,1,0.5787545,0.4354405,0.5482275,1,1,0
1,1,1,1,0.5981039,0.4250666,0.5219885,1,1,0
1,1,1,1,1,0.4327235,0.4970301,1,1,0
1,1,1,1,1,0.4415211,0.473247,1,1,0
1,1,1,1,1,0.4515924,0.4505444,1,1,0
1,1,1,1,1,0.4630982,0.4288413,1,1,0
1,1,1,1,1,0.4762319,0.4080605,1,1,0
1,1,1,1,1,0.4912172,0.388132,1,1,0
1,1,1,1,1,0.5083275,0.3689963,1,1,0
1,1,1,1,1,1,0.3505953,1,1,0
1,1,1,1,1,1,0.3374314,1,1,0
1,1,1,1,1,1,0.3419364,1,1,0
1,1,1,1,1,1,0.3467881,1,1,0
1,1,1,1,1,1,0.3519877,0.4621604,1,0
1,1,1,1,1,1,0.3608271,0.4280728,1,0
1,1,1,1,1,1,0.3708194,0.3963135,1,0
1,1,1,1,1,1,0.3820936,0.3666428,1,0
1,1,1,1,1,1,0.3948039,0.3388471,1,0
1,1,1,1,1,1,0.4091278,0.3127459,1,0
1,1,1,1,1,1,0.4252755,0.2881766,1,0
1,1,1,1,1,1,1,0.2649959,1,0
1,1,1,1,1,1,1,0.2526514,1,0
1,1,1,1,1,1,1,0.2577381,1,0
1,1,1,1,1,1,1,0.2634198,1,0
1,1,1,1,1,1,1,0.2697369,0.3901791,0
1,1,1,1,1,1,1,0.2767351,0.3395014,0
1,1,1,1,1,1,1,0.2844625,0.294434,0
1,1,1,1,1,1,1,0.2929786,0.2540866,0
1,1,1,1,1,1,1,0.3023423,0.2177551,0
1,1,1,1,1,1,1,0.3126281,0.2212338,0
1,1,1,1,1,1,1,0.3239146,0.225685,0
1,1,1,1,1,1,1,1,0.2305603,0
1,1,1,1,1,1,1,1,0.2358791,0
0.8441651,1,1,1,1,1,1,1,0.2416606,0
0.8415559,1,1,1,1,1,1,1,0.2479262,0
0.8390983,1,1,1,1,1,1,1,0.2545913,0
0.836761,1,1,1,1,1,1,1,0.2616454,0
0.8345178,1,1,1,1,1,1,1,0.2690801,0
0.8323406,1,1,1,1,1,1,1,0.2768891,0
0.8302048,1,1,1,1,1,1,1,0.2850634,0
0.828087,1,1,1,1,1,1,1,1,2
0.8235167,1,1,1,1,1,1,1,1,2
0.819047,1,1,1,1,1,1,1,1,2
0.814682,1,1,1,1,1,1,0.9936672,1,2
0.95134,1,1,1,1,1,1,0.9871451,1,1
1,1,1,1,1,1,1,0.9774084,1,1
1,1,1,1,1,1,1,0.9785919,1,1
1,1,1,1,1,1,1,0.9866585,1,1
1,1,1,1,1,1,1,0.9944499,1,1
1,1,1,1,1,1,1,1,1,1
1,1,1,1,1,1,1,1,1,1
1,1,1,1,1,1,1,1,1,1
1,1,1,1,1,1,1,1,1,1
1,1,1,1,1,1,1,1,1,1
1,1,1,1,1,1,1,1,1,1
1,1,1,1,1,1,1,1,1,1
1,1,1,1,1,1,1,1,1,1
1,1,1,1,1,1,1,1,1,1
1,1,1,1,1,1,1,1,1,1
1,1,1,1,1,1,1,1,1,1
1,1,1,1,1,1,1,1,1,1
1,1,1,1,1,1,1,1,1,1
1,1,1,1,1,1,1,1,1,1
1,1,1,1,1,1,1,1,1,1
1,1,1,1,1,1,1,1,1,1
1,1,1,1,1,1,1,1,1,1
1,1,1,1,1,1,1,1,1,1
1,1,1,1,1,1,0.9918679,1,1,1
1,1,1,1,1,1,0.9824973,1,1,1
1,1,1,1,1,1,0.9731247,1,1,1
1,1,1,1,1,1,0.9637502,1,1,1
1,1,1,1,1,1,0.9543738,1,1,1
1,1,1,1,1,1,0.9449957,1,1,1
1,1,1,1,1,1,0.9356191,1,1,1
1,1,1,1,1,1,0.9262408,1,0.9926082,1
1,1,1,1,1,1,0.9168445,1,0.9760443,1
1,1,1,1,1,1,0.9074179,1,0.9587353,1
1,1,1,1,1,1,0.897962,1,0.9406999,1
1,1,1,1,1,1,0.8884798,1,0.921967,1
1,1,1,1,1,1,0.9767708,0.9992511,0.9025847,1
1,1,1,1,1,1,1,0.9868553,0.8828896,0
1,1,1,1,1,1,1,0.9740941,0.8624383,0
1,1,1,1,1,1,1,0.9609577,0.8412322,0
1,1,1,1,1,1,1,0.9474788,0.8193636,0
1,1,1,1,1,1,1,0.9336928,0.7969331,0
1,1,1,1,1,1,1,0.9196422,0.7874554,0
1,1,1,1,1,1,1,0.9055703,0.7979894,0
1,1,1,1,1,1,1,0.8917853,0.8087212,0
1,1,1,1,1,1,1,0.8782803,0.8196356,0
1,1,1,1,1,1,1,0.8650482,0.8307198,0
1,1,1,1,1,1,1,0.8520813,0.8419577,0
1,1,1,1,1,1,1,0.8393715,0.8533336,0
1,1,1,1,1,1,1,0.8269099,0.8648303,0
1,1,1,1,1,1,1,0.8146846,0.8764293,0
1,1,1,1,1,1,1,0.8026897,0.8881171,0
1,1,1,1,1,1,1,0.7909132,0.8998734,0
1,1,1,1,1,1,1,0.7793459,0.911682,0
1,1,1,1,1,1,1,0.7679756,0.9235274,0
1,1,1,1,1,1,1,0.7567936,1,1
1,1,1,1,1,1,1,0.7463406,1,1
1,1,1,1,1,1,1,0.7359129,1,1
1,1,1,1,1,1,1,0.7255169,1,1
1,1,1,1,1,1,1,0.7151524,1,1
1,1,1,1,1,1,1,0.7048256,1,0
1,1,1,1,1,1,1,0.6945392,1,0
1,1,1,1,1,1,1,0.6842961,1,0
1,1,1,1,1,1,1,0.6740985,1,0
1,1,1,1,1,1,1,0.6639519,1,0
1,1,1,1,1,1,1,0.6538585,0.8580256,0
1,1,1,1,1,1,1,0.6429578,0.8391601,0
1,1,1,1,1,1,1,0.6630634,0.820336,0
1,1,1,1,1,1,1,0.7013674,0.8019029,0
1,1,1,1,1,1,1,0.7420667,0.7840143,0
1,1,1,1,1,1,1,0.7852682,0.7666638,0
1,1,1,1,1,1,1,0.8310693,0.7498347,0
1,1,1,1,1,1,1,0.8795685,0.7335119,0
1,1,1,1,1,1,1,0.9308587,0.717679,0
1,1,1,1,1,1,1,0.9850171,0.7023194,0
1,1,1,1,1,1,1,1,0.6874148,0
1,1,1,1,1,1,1,1,0.6727235,0
1,1,1,1,1,1,1,1,0.6581759,0
1,1,1,1,1,1,1,1,0.6437971,0
1,1,1,1,1,1,1,1,0.6296022,0
1,1,1,1,1,1,1,1,0.6156089,0
1,1,1,1,1,1,1,1,0.6018332,0
1,1,1,1,1,1,1,1,0.5882855,0
1,1,1,1,1,1,1,1,0.5749785,0
1,1,1,1,1,1,1,1,0.5619231,0
1,1,1,1,1,1,1,1,0.5647944,0
1,1,1,1,1,1,1,1,0.585922,0
1,1,1,1,1,1,1,1,0.6072997,0
1,1,1,1,1,1,1,1,0.6288738,0
1,1,1,1,1,1,1,1,0.6505917,0
1,1,1,1,1,1,1,1,0.672399,0
1,1,1,1,1,1,1,1,0.694241,0
1,1,1,1,1,1,1,1,0.7160619,0
1,1,1,1,1,1,1,1,0.7378092,0
1,1,1,1,1,1,1,1,0.7594274,0
1,1,1,1,1,1,1,1,0.7808656,0
1,1,1,1,1,1,1,1,0.8020709,1
1,1,1,1,1,1,1,1,0.8229954,1
1,1,1,1,1,1,1,1,0.8435934,1
1,1,1,1,1,1,1,1,0.8638212,1
1,1,1,1,1,1,1,1,1,1
1,1,1,1,1,1,1,1,1,1
1,1,1,1,1,1,1,1,1,1
1,1,1,1,1,1,1,1,1,1
1,1,1,1,1,1,1,1,1,1
1,1,1,1,1,1,1,1,1,1
1,1,1,1,1,1,1,1,1,1
1,1,1,1,1,1,1,1,1,1
1,1,1,1,1,1,1,1,1,1
1,1,1,1,1,1,1,1,1,1
1,1,1,1,1,1,1,1,1,1
0.9933478,1,1,1,1,1,1,1,1,1
0.9846193,1,1,1,1,1,1,1,1,1
0.9757091,1,1,1,1,1,1,1,1,1
0.9666222,1,1,1,1,1,1,1,1,1
0.9573635,1,1,1,1,1,1,1,1,1
0.9479392,1,1,1,1,1,1,1,1,1
0.9383565,1,1,1,1,1,1,1,1,1
0.9286202,1,1,1,1,1,1,1,1,1
0.91874,1,1,1,1,1,1,1,1,1
0.9087237,1,1,1,1,1,1,1,1,1
0.8985808,1,1,1,1,1,1,1,1,1
0.888322,1,1,1,1,1,1,1,1,1
0.8779563,1,1,1,1,1,1,1,1,2
0.867497,1,1,1,1,1,1,1,1,2
0.8597941,1,1,1,1,1,1,1,1,2
0.8819056,1,1,1,1,1,1,1,1,2
0.9032303,1,1,1,1,1,1,1,1,1
0.9236773,1,1,1,1,1,1,1,1,1
0.9431767,1,1,1,1,1,1,1,1,1
0.961666,1,1,1,1,1,1,1,1,1
0.9791192,1,1,1,1,1,1,1,1,1
0.9955075,1,1,1,1,1,1,1,1,1
1,1,1,1,1,1,1,0.7808955,1,1
1,1,1,1,1,0.9981335,1,0.77355,1,1
1,1,1,1,1,0.9901074,1,0.7662147,1,1
1,1,1,1,1,0.9819711,1,0.7589011,1,1
1,1,1,1,1,0.9737216,1,0.7516056,1,1
1,1,1,1,1,0.9653599,1,0.7443277,1,1
1,1,1,1,1,0.9568876,1,0.7370669,1,1
1,1,1,1,1,0.948303,1,0.7298197,1,1
1,1,1,1,1,0.9396084,1,0.7225857,1,1
1,1,1,1,1,0.9308065,1,0.7153647,1,1
1,1,1,1,1,0.9218966,1,0.7081532,1,1
1,1,1,1,1,0.9128823,1,0.700951,1,1
1,1,1,1,1,0.9037639,1,0.6937546,1,1
1,1,1,1,1,0.8945456,1,0.686564,1,1
1,1,1,1,1,0.8852316,1,0.6793788,1,1
1,1,1,1,1,0.8758233,1,0.6721959,1,1
1,1,1,1,1,0.8663257,1,0.6650151,1,1
1,1,1,1,1,0.8567404,1,0.6578331,1,1
1,1,1,1,1,0.8470767,1,0.6506529,1,1
1,1,1,1,1,0.8373329,1,0.6434681,1,1
1,1,1,1,1,0.8275186,0.9620145,0.6362817,1,1
1,1,1,1,1,0.8173677,0.9478217,0.6291252,1,1
1,1,1,1,1,0.8070652,0.9343967,0.6614094,1,1
1,1,1,1,1,0.7965264,0.9222682,0.6967824,1,1
1,1,1,1,1,0.7857616,0.9114248,0.7273147,1,2
1,1,1,1,1,0.7748053,0.9017543,0.7533127,1,2
1,1,1,1,1,0.7636892,0.8931496,1,1,2
1,1,1,1,1,0.7518235,0.889495,1,1,2
1,1,1,1,1,0.7399325,0.8865755,1,1,2
1,1,1,1,1,0.7280313,0.8843803,1,1,2
1,1,1,1,1,0.7161336,1,1,1,2
1,1,1,1,1,0.7047905,1,1,1,2
1,1,1,1,1,0.693436,1,1,1,2
1,1,1,1,1,0.6820742,1,1,1,2
1,1,1,1,1,0.6707151,1,1,1,2
1,1,1,1,1,0.659362,1,1,1,2
1,1,1,1,1,0.6480209,1,1,1,2
1,1,1,1,1,0.6366975,1,1,1,2
1,1,1,1,1,0.6253973,1,1,1,2
1,1,1,1,1,0.6141249,1,1,1,2
1,1,1,1,1,0.6028848,1,1,1,2
1,1,1,1,0.6575881,0.5916775,1,1,1,2
1,0.9351047,1,1,0.6401036,0.5781296,1,1,1,2
1,0.9311309,1,1,0.6217945,0.5640646,1,1,1,2
1,0.92767,1,1,0.6039293,0.5502544,1,1,1,2
1,0.9247281,1,1,0.5865303,0.5367147,1,1,1,2
1,0.9223024,1,1,0.5696095,0.5234539,1,1,1,2
1,0.9203857,1,1,0.5531758,0.51048,1,1,1,2
1,0.9189666,1,1,0.5372266,0.4977918,1,1,1,2
1,1,1,1,0.5217554,0.4853863,1,1,1,2
1,1,1,0.5651883,0.5076052,0.4737338,1,1,1,2
1,1,1,0.5455948,0.4924613,0.4615375,1,1,1,2
1,1,1,0.5267069,0.477735,0.4574509,1,0.5895568,1,2
1,1,1,0.5094248,0.4639682,0.4756898,1,0.5770849,1,2
1,1,1,0.4929808,0.4506976,0.495306,1,0.5665297,1,2
1,1,1,0.4772688,0.4378591,0.5163801,1,0.557577,1,2
1,1,1,0.4621939,0.4253948,0.5390031,1,0.5499758,1,2
1,1,1,0.4476708,0.4132515,0.5632936,1,0.5435182,1,2
0.8637391,1,1,0.4336296,0.4013866,0.5893859,1,0.5380362,1,2
0.8597904,1,1,0.4187221,0.3890261,1,1,0.5284549,1,2
0.8563535,1,1,0.4048566,0.3772641,1,1,0.5219589,1,2
0.8532431,1,0.4665359,0.3913316,0.3656969,1,1,0.5160004,1,2
0.8504869,1,0.4456421,0.3767742,0.3535698,1,1,0.5049744,1,2
0.848307,1,0.4255948,0.362605,0.3416784,1,1,0.4944599,1,2
0.8467019,1,0.4063365,0.3488028,0.3422708,1,1,0.4844042,1,2
1,1,0.3878073,0.3353412,0.3678756,1,1,0.4747635,1,2
1,1,0.3710524,0.3227033,0.3915542,1,1,0.4678754,1,2
1,1,0.3550763,0.3104248,0.4178391,1,1,0.4618496,1,2
1,1,0.3397683,0.2984535,0.4470199,1,1,0.456556,1,2
1,1,0.3250319,0.2867429,0.4794219,1,1,0.4518891,1,2
1,1,0.3107827,0.2752509,1,1,1,0.4477569,1,2
1,1,0.2974277,0.2641531,1,1,1,0.4453217,1,2
1,1,0.2842704,0.253142,1,1,1,0.4429601,1,2
1,1,0.2712978,0.2422108,1,1,1,0.4406708,0.4864858,0
1,1,0.2616527,0.2327046,1,1,1,1,0.4442311,1
1,1,0.2494491,0.222104,1,1,1,1,0.4209433,1
1,1,0.2374068,0.2115714,1,1,1,1,0.3964393,1
1,1,0.2255076,0.2078553,1,1,1,1,0.3708247,1
1,0.3272375,0.2137471,0.2049967,1,1,1,1,0.3441702,2
1,0.3002236,0.1996684,0.2180572,1,1,1,1,0.334664,2
1,0.2748654,0.1859916,0.2343792,1,1,1,1,0.3312801,2
1,0.2510068,0.172693,0.2549092,1,1,1,1,0.3294677,2
1,0.2286089,0.1597759,0.280467,1,1,1,1,0.3276424,2
1,0.2076993,0.1472592,0.311218,1,1,1,1,0.3258759,2
1,0.1880649,0.1350946,0.3483453,1,1,1,1,0.3241535,2
1,0.1695169,0.1400545,1,1,1,1,1,0.3224628,2
1,0.1525251,0.1454817,1,1,1,1,1,0.3210926,2
0.2962926,0.1360668,0.1514361,1,1,1,1,1,0.3196836,2
0.2490629,0.1189485,0.1622184,1,1,1,1,1,0.3175705,2
0.207239,0.1026192,0.1749976,1,1,1,1,1,0.3154006,2
0.1699405,0.0870197,0.1901644,1,1,1,1,1,0.3131737,2
0.1364615,0.09033205,0.2082268,1,1,1,1,1,0.3108879,2
0.1062349,0.09502449,0.2298497,1,1,1,1,1,0.3085411,2
0.07880729,0.1003191,0.2559141,1,1,1,1,1,0.3061324,2
0.07363687,0.106269,1,1,1,1,1,1,0.3036592,2
0.07698563,0.1129317,1,1,1,1,1,1,0.3011203,2
0.08067643,0.120373,1,1,1,1,1,1,0.2985142,2
0.08472569,0.1286711,1,1,1,1,1,1,0.2958376,2
0.08914977,0.1379126,1,1,1,1,1,1,0.2930886,2
0.0939667,0.1481977,1,1,1,1,1,1,0.2902649,2
0.09919643,0.1596427,1,1,1,1,1,1,0.2873641,2
0.1047519,0.1719707,1,1,1,1,1,1,0.2843607,2
0.1105891,0.1850721,1,1,1,1,1,1,0.2812393,2
0.1166819,1,1,1,1,1,1,1,0.2779909,1
1,1,1,1,1,1,1,0.9719105,1,1
1,1,1,1,1,1,1,0.9178215,1,1
1,1,1,1,1,1,1,0.9199082,1,1
1,1,1,1,1,1,1,0.9219877,1,1
1,1,1,1,1,1,1,0.9240578,1,1
1,1,1,1,1,1,1,0.9261179,1,1
1,1,1,1,1,1,1,0.9281678,1,1
1,1,1,1,1,1,1,0.9302033,1,1
1,1,1,1,1,1,1,0.9322262,1,1
1,1,1,1,1,1,1,0.934234,1,1
1,1,1,1,1,1,1,0.9362267,1,1
1,1,1,1,1,1,1,0.9382024,1,1
1,1,1,1,1,1,1,0.9401585,1,1
1,1,1,1,1,1,1,0.9420975,1,1
1,1,1,1,1,1,1,0.9440171,1,1
1,1,1,1,1,1,1,0.9459152,1,1
1,1,1,1,1,1,1,0.9477919,1,1
1,1,1,1,1,1,1,0.9496475,1,1
1,1,1,1,1,1,1,0.95148,1,1
1,1,1,1,1,1,1,1,1,1
1,1,1,1,1,1,1,1,1,1
1,1,1,1,1,1,1,1,1,1
1,1,1,1,1,1,1,1,1,1
1,1,1,1,1,1,1,1,1,1
1,1,1,1,1,1,1,1,1,1
1,1,1,1,1,1,1,1,0.9856593,1
1,1,1,1,1,1,1,1,0.9500464,1
1,1,1,1,1,1,1,1,0.9103845,1
1,1,1,1,1,1,1,1,0.8668569,0
1,1,1,1,1,1,1,1,0.8198794,0
1,1,1,1,1,1,1,1,0.7700802,0
1,1,1,1,1,1,1,1,0.7517076,0
1,1,1,1,1,1,1,1,0.755066,0
1,1,1,1,1,1,1,1,0.7585795,0
1,1,1,1,1,1,1,1,0.7622411,0
1,1,1,1,1,1,1,1,0.7660459,0
1,1,1,1,1,1,1,1,0.7699864,0
1,1,1,1,1,1,1,1,0.7740576,0
1,1,1,1,1,1,1,1,0.7782551,0
1,1,1,1,1,1,1,1,0.7825702,0
1,1,1,1,1,1,1,1,0.7869989,0
1,1,1,1,1,1,1,1,0.7915335,0
1,1,1,1,1,1,1,1,0.7961665,0
1,1,1,1,1,1,1,1,0.8008938,0
1,1,1,1,1,1,1,1,0.8057058,0
1,1,1,1,1,1,1,1,0.8105985,0
1,1,1,1,1,1,1,1,0.815564,0
1,1,1,1,1,1,1,1,1,1
1,1,1,1,1,1,1,1,1,1
1,1,1,1,1,1,1,1,1,1
1,1,1,1,1,1,1,1,1,1
1,1,1,1,1,1,1,1,1,1
1,1,1,1,1,1,1,1,1,1
1,1,1,1,1,1,1,1,1,1
1,1,1,1,1,1,1,1,1,1
1,1,1,1,1,1,1,1,1,1
1,1,1,1,1,1,1,1,1,1
1,1,1,1,1,1,1,1,1,1
1,1,1,1,1,1,1,1,1,1
1,1,1,1,1,1,1,1,1,1
1,1,1,1,1,1,1,1,1,1
1,1,1,1,1,1,1,1,1,1
1,1,1,1,1,1,1,1,1,1
1,1,1,1,1,1,1,1,1,1
1,1,1,1,1,1,1,1,1,1
1,1,1,1,1,1,1,1,1,1
1,1,1,1,1,1,1,1,1,1
1,1,1,1,1,1,1,1,1,1
1,1,1,1,1,1,1,1,1,1
1,1,1,1,1,1,1,1,1,1
1,1,1,1,1,1,1,1,1,1
1,1,1,1,1,1,1,1,1,1
1,1,1,1,1,1,1,1,1,1
1,1,1,1,1,1,1,1,1,1
1,1,1,1,1,1,1,1,1,1
1,1,1,1,1,1,1,1,1,1
1,1,1,1,1,1,1,1,1,1
1,1,1,1,1,1,1,1,1,1
1,1,1,1,1,1,1,1,1,1
1,1,1,1,1,1,0.9940535,1,1,1
1,1,1,1,1,1,0.9839624,1,1,1
1,1,1,1,1,1,0.9738486,1,1,1
1,1,1,1,1,1,0.9637129,1,1,1
1,1,1,1,1,1,0.953559,1,1,1
1,1,1,1,1,1,0.9433848,1,1,1
1,1,1,1,1,1,0.9331913,1,1,1
1,1,1,1,1,1,0.9229825,1,1,1
1,1,1,1,1,1,0.9127563,1,1,1
1,1,1,1,1,1,0.9025167,1,1,1
1,1,1,1,1,1,0.892262,1,1,1
1,1,0.9971382,1,1,1,0.8819962,1,1,1
1,1,0.9856892,1,1,1,0.8717351,1,1,1
1,1,0.9740794,1,1,1,0.861519,1,1,1
1,1,0.9623138,1,1,1,0.8513502,1,1,1
1,1,0.9503897,1,1,1,0.8412246,1,1,1
1,1,0.9383098,1,1,1,0.8311411,1,1,1
1,1,0.9260775,1,1,1,0.8210989,1,1,1
1,1,0.9136966,1,1,1,0.8110968,1,1,1
1,1,0.901172,1,1,1,0.8011339,1,1,1
1,1,0.8885056,1,1,1,0.7912061,1,1,1
1,1,0.8757078,1,1,1,0.7813153,1,1,1
1,1,0.8627818,1,1,1,0.7714573,1,1,1
1,1,0.8517323,1,1,1,0.7616309,1,1,1
1,1,0.8499787,1,1,1,0.7518262,1,1,1
1,1,0.8481614,1,1,1,0.7420006,1,1,1
1,1,0.8462791,1,1,1,0.7455424,1,1,1
1,1,0.8444847,1,1,1,0.7498447,1,1,1
1,1,0.8427835,1,1,1,0.7538369,1,1,1
1,0.9902841,0.8411714,1,1,1,0.7575338,1,1,1
1,0.9665097,0.840057,1,1,1,0.7598371,1,1,1
1,0.9413659,0.840017,1,1,1,0.759252,1,1,1
1,0.9150356,0.8410575,1,1,1,0.7559196,1,1,2
1,0.8877123,0.8431888,1,1,1,0.7500467,1,1,2
1,0.8596047,0.8464181,1,1,1,0.7419018,1,1,2
1,0.8309184,0.8507553,1,1,1,0.7317858,1,1,2
1,0.8018611,0.8562011,1,1,1,0.7200366,1,1,2
1,0.7726371,0.8627627,1,1,1,0.7069759,1,1,2
1,0.7673355,0.8704379,1,1,1,0.6929306,1,1,2
1,0.7693006,0.8780581,1,1,1,0.6801495,1,1,2
1,0.7711371,0.8852601,1,1,1,0.6690341,1,1,2
1,0.7728482,0.8920539,1,1,1,0.6593264,1,1,2
1,0.7744376,0.8984503,1,1,1,0.6508181,1,1,2
1,0.7759092,1,1,1,1,0.6433389,1,1,1
1,0.776159,1,1,1,1,0.6408357,1,1,1
1,0.7764014,1,1,1,1,0.6384861,1,1,1
1,0.776637,1,1,1,1,0.636276,0.7129679,1,0
1,0.7724638,1,1,1,1,0.6502336,0.6955808,1,0
1,0.7682719,1,1,1,1,0.6648768,0.6783957,1,0
1,0.7640679,1,1,1,1,0.6802133,0.6614149,1,0
1,0.7598609,1,1,1,1,0.6962403,0.6446434,1,0
1,0.7556556,1,1,1,1,0.7129644,0.6280836,1,0
1,0.7456447,1,1,1,1,0.7303751,0.6117412,1,0
1,0.7329511,1,1,1,1,0.7479531,0.5957211,1,0
1,0.7196466,1,1,1,1,1,0.5800548,1,1
1,0.702487,1,1,1,1,1,0.5660936,1,1
1,0.6849507,1,1,1,1,1,0.5523022,1,1
1,0.6670347,1,1,1,1,1,0.5386732,1,1
1,0.6487508,1,1,1,1,1,0.5252063,1,1
1,0.6301042,1,1,1,1,1,0.5118923,1,1
1,0.6111107,1,1,1,1,1,0.4987255,1,1
1,0.5917895,1,1,1,1,1,0.4856987,1,1
1,0.5721649,1,1,1,1,1,0.4728044,1,1
1,0.5522591,1,1,1,1,1,0.4600302,1,1
1,0.5321097,1,1,1,1,1,0.4473707,1,1
1,0.5206511,1,1,1,1,1,0.4348119,1,1
1,0.5193822,1,1,1,1,1,0.4222244,1,1
0.8882678,0.5180166,1,1,1,1,1,0.4094784,1,2
0.762876,0.5180868,1,1,1,1,1,0.3982173,1,2
0.624674,0.5198424,1,1,1,1,1,0.3885019,1,2
0.617353,0.5235911,1,1,1,1,1,0.3804263,1,2
0.6176963,0.5275216,1,1,1,1,1,0.3719868,1,2
0.6182234,0.5314935,1,1,1,1,1,0.3630472,1,2
0.6189031,0.5354704,1,1,1,1,1,0.3535978,1,2
0.6197058,0.5394162,1,1,1,1,1,0.3436255,1,2
0.6206046,0.5432976,1,1,1,1,1,0.3331267,1,2
0.621573,0.5470811,1,1,1,1,1,0.3302151,1,2
0.6226255,0.5508465,1,1,1,1,1,0.3277369,1,2
0.5782526,0.5545866,1,1,1,1,1,0.3253745,1,2
0.5136128,0.5591563,1,1,1,1,1,0.3225779,1,2
0.4507352,0.5649863,1,1,1,1,1,0.3191592,1,2
0.450136,0.572108,1,1,1,1,1,0.3152109,1,2
0.4521883,1,1,1,1,1,1,0.3114543,1,1
0.4523866,1,1,1,1,1,1,0.311261,1,1
0.4525787,1,1,1,1,1,1,0.3110753,1,1
0.4527646,1,1,1,1,1,1,0.3108971,0.5442091,0
0.4503651,1,1,1,1,1,1,0.31569,0.4646174,0
0.4477351,1,1,1,1,1,1,0.3215284,0.3935784,0
0.4451136,1,1,1,1,1,1,0.3280074,0.3324808,0
0.4424981,1,1,1,1,1,1,0.3351693,0.2793677,0
0.4398859,1,1,1,1,1,1,0.3430618,0.2597584,0
0.4372745,1,1,1,1,1,1,0.351738,0.2628002,0
0.4346626,1,1,1,1,1,1,0.361255,0.2662301,0
0.4320474,1,1,1,1,1,1,0.3716793,0.2700614,0
0.429426,1,1,1,1,1,1,0.3830856,0.2743087,0
0.4268031,0.4891611,1,1,1,1,1,0.3954901,0.2789673,1
0.4249493,1,1,1,1,1,1,0.3987617,0.2810966,0
0.4223731,1,1,1,1,1,1,1,0.2859882,1
0.4202732,1,1,1,1,1,1,1,0.2886366,1
0.418159,1,1,1,1,1,1,1,0.2912863,1
0.4160312,1,1,1,1,1,1,1,0.2939346,1
0.413892,1,1,1,1,1,1,1,0.2965773,1
0.4117424,1,1,1,1,1,1,1,0.299212,1
0.4095831,1,1,1,1,1,1,1,0.3018361,1
0.4074168,1,1,1,1,1,1,1,0.3044456,1
0.4052445,1,1,1,1,1,1,1,0.3070383,1
0.4030674,1,1,1,1,1,1,1,0.3096119,1
0.4008881,1,1,1,1,1,1,1,0.3121625,1
0.3987079,1,1,1,1,1,1,1,0.3146881,1
0.3965281,1,1,1,1,1,1,1,0.3171867,1
0.3943499,1,1,1,1,1,1,1,0.3196564,1
0.3921764,1,1,1,1,1,1,1,0.3220937,1
0.3900076,1,1,1,1,1,1,1,0.3244985,1
0.3878461,1,1,1,1,1,1,1,1,2
0.3863199,1,1,1,1,1,1,1,1,2
0.3851645,1,1,1,1,1,1,1,1,2
1,1,1,1,1,1,1,1,1,1
1,1,1,1,1,1,1,1,1,1
1,1,1,1,1,1,1,1,1,1
1,1,1,1,1,1,1,1,1,1
1,1,1,1,1,1,1,1,1,1
1,1,1,1,1,1,1,1,1,1
1,1,1,1,1,1,1,1,1,1
1,1,1,1,1,1,1,1,1,1
1,1,1,1,1,1,1,1,1,1
1,1,1,1,1,1,1,1,1,1
1,1,1,1,1,1,1,1,1,1
1,1,1,1,1,1,1,1,1,1
1,1,1,1,1,1,1,1,1,1
1,1,1,1,1,1,1,1,1,1
1,1,1,1,1,1,1,1,1,1
1,1,1,1,1,1,1,1,1,1
1,1,1,1,1,1,1,1,1,1
1,1,1,1,1,1,1,1,1,1
1,1,1,1,1,1,1,1,1,1
1,1,1,1,1,1,1,1,1,1
1,1,1,1,1,1,1,1,1,1
1,1,1,1,1,1,1,1,1,1
1,1,1,1,1,1,1,1,1,1
1,1,1,1,1,1,1,1,1,1
1,1,1,1,1,1,1,1,1,1
1,1,1,1,1,1,1,1,1,1
1,1,1,1,1,1,1,1,1,1
1,1,1,1,1,1,1,1,1,1
1,1,1,1,1,1,1,1,1,1
1,1,1,1,1,1,1,1,1,1
1,1,1,1,1,1,1,1,1,1
1,1,1,1,1,1,1,1,1,1
1,1,1,1,1,1,1,1,1,1
1,1,1,1,1,1,1,1,1,1
1,1,1,1,1,1,1,1,1,1
1,1,1,1,1,1,1,1,1,1
1,1,1,1,1,1,1,1,1,1
1,1,1,1,1,1,1,1,1,1
1,1,1,1,1,1,1,1,1,1
1,1,1,1,1,1,1,1,1,1
1,1,1,1,1,1,1,1,1,1
1,1,1,1,1,1,1,1,1,1
1,1,1,1,1,1,1,1,1,1
1,1,1,1,1,1,1,1,1,1
1,1,1,1,1,1,1,1,1,1
1,1,1,1,1,1,1,1,1,1
1,1,1,1,1,1,1,1,1,1
1,1,1,1,1,1,1,1,1,1
1,1,1,1,1,1,1,1,1,1
1,1,1,1,1,1,1,1,1,1
1,1,1,1,1,1,1,1,1,1
1,1,1,1,1,1,1,1,1,1
1,1,1,1,1,1,1,1,1,1
1,1,1,1,1,1,1,1,1,1
1,1,1,1,1,1,1,1,1,1
1,1,1,1,1,1,1,1,1,1
1,1,1,1,1,1,1,1,1,1
1,1,1,1,1,1,1,1,1,1
1,1,1,1,1,1,1,1,1,1
1,1,1,1,1,1,1,1,1,1
1,1,1,1,1,1,1,1,1,1
1,1,1,1,1,1,1,1,1,1
1,1,1,1,1,1,1,1,1,1
1,1,1,1,1,1,1,1,1,1
1,1,1,1,1,1,1,1,1,1
1,1,1,1,1,1,1,1,1,1
1,1,1,1,1,1,1,1,1,1
1,1,1,1,1,1,1,1,1,1
1,1,1,1,1,1,1,1,1,1
1,1,1,1,1,1,1,1,1,1
1,1,1,1,1,1,1,1,1,1
1,1,1,1,1,1,1,1,1,1
1,1,1,1,1,1,1,1,1,1
1,1,1,1,1,1,1,1,1,1
1,1,1,1,1,1,1,1,1,1
1,1,1,1,1,1,1,1,1,1
1,1,1,1,1,1,1,1,1,1
1,1,1,1,1,1,1,1,1,1
1,1,1,1,1,1,1,1,1,1
1,1,1,1,1,1,1,1,1,1
1,1,1,1,1,1,1,1,1,1
1,1,1,1,1,1,1,1,1,1
1,1,1,1,1,1,1,1,1,1
1,1,1,1,1,1,1,1,1,1
1,1,1,1,1,1,1,1,1,1
1,1,1,1,1,1,1,1,1,1
1,1,1,1,1,1,1,1,1,1
1,1,1,1,1,1,1,1,1,1
1,1,1,1,1,1,1,1,1,1
1,1,1,1,1,1,1,1,1,1
1,1,1,1,1,1,1,1,1,1
1,1,1,1,1,1,1,1,1,1
1,1,1,1,1,1,1,1,1,1
1,1,1,1,1,1,1,1,1,1
1,1,1,1,1,1,1,1,1,1
1,1,1,1,1,1,1,1,1,1
1,1,1,1,1,1,1,1,1,1
1,1,1,1,1,1,1,1,1,1
1,1,1,1,1,1,1,1,1,1
1,1,1,1,1,1,1,1,1,1
1,1,1,1,1,1,1,1,1,1
1,1,1,1,1,1,1,1,1,1
1,1,1,1,1,1,1,1,1,1
1,1,1,1,1,1,1,1,1,1
1,1,1,1,1,1,1,1,1,1
1,1,1,1,1,1,1,1,1,1
1,1,1,1,1,1,1,1,1,1
1,1,1,1,1,1,1,1,1,1
1,1,1,1,1,1,1,1,1,1
1,1,1,1,1,1,1,1,1,1
1,1,1,1,1,1,1,1,1,1
1,1,1,1,1,1,1,1,1,1
1,1,1,1,1,1,1,1,1,1
1,1,1,1,1,1,1,1,1,1
1,1,1,1,1,1,1,1,1,1
1,1,1,1,1,1,1,1,1,1
1,1,1,1,1,1,1,1,1,1
1,1,1,1,1,1,1,1,1,1
1,1,1,1,1,1,1,1,1,1
1,1,1,1,1,1,1,1,1,1
1,1,1,1,1,1,1,1,1,1
1,1,1,1,1,1,1,1,1,1
1,1,1,1,1,1,1,1,1,1
1,1,1,1,1,1,1,1,1,1
1,1,1,1,1,1,1,1,1,1
1,1,1,1,1,1,1,1,1,1
1,1,1,1,1,1,1,1,1,1
1,1,1,1,0.9942471,1,1,1,1,1
1,1,1,1,0.9842421,1,1,1,1,1
1,1,1,1,0.9742273,1,1,1,1,1
1,1,1,1,0.9642031,1,1,1,1,1
1,1,1,0.9963353,0.9541667,1,1,1,1,1
1,1,1,0.9857752,0.9441142,1,1,1,1,1
1,1,1,0.9751488,0.9340328,1,1,1,1,1
1,1,1,0.9644588,0.923924,1,1,1,1,1
1,1,1,0.9537051,0.9137861,1,1,1,1,1
1,1,1,0.942894,0.9036237,1,1,1,1,1
1,1,1,0.9320261,0.8934358,1,1,1,1,1
1,1,1,0.921105,0.8832242,1,1,1,1,1
1,1,1,0.9101348,0.8729912,1,1,1,1,1
1,1,1,0.8991197,0.8627389,1,1,1,1,1
1,1,1,0.888064,0.8524696,1,1,1,1,1
1,1,1,0.8769721,0.8421855,1,1,1,1,1
1,1,1,0.8658487,0.831889,1,1,1,1,1
1,1,1,0.8546982,0.8215827,1,1,1,1,1
1,1,1,0.8435253,0.8112687,1,1,1,1,1
1,1,1,0.8323312,0.8009464,1,1,1,1,1
1,1,1,0.8211237,0.790621,1,1,1,1,1
1,1,1,0.8099071,0.7802948,1,1,1,1,1
1,1,1,0.7986825,0.7699667,1,1,1,1,1
1,1,1,0.7874573,0.7596419,1,1,1,1,1
1,1,1,0.7762352,0.7493222,1,1,1,1,1
1,1,1,0.765017,0.7390062,1,1,1,1,1
1,1,0.9900242,0.7538093,0.7286985,1,1,1,1,2
1,1,0.975952,0.7425674,0.7183821,1,1,1,1,2
1,1,0.9617492,0.7312853,0.7148582,1,1,1,1,2
1,1,0.9474551,0.7199787,0.7439449,1,1,1,1,2
1,1,0.9331542,0.7086769,0.7787918,1,1,1,1,2
1,1,0.9188682,0.69739,0.8205741,1,1,1,1,2
1,1,0.9046111,0.6861215,0.8708269,1,1,1,1,2
1,1,0.7484468,0.6748801,0.9315988,1,1,1,1,2
1,1,0.7335904,0.6632086,1,1,1,1,1,2
1,1,0.7189138,0.6516273,1,1,1,1,1,2
1,1,0.7043453,0.6401059,1,1,1,1,1,2
1,1,0.6899008,0.628653,1,1,1,1,1,2
1,1,0.6755911,0.6172729,1,1,1,1,1,2
1,1,0.6614284,0.6059719,1,1,1,1,1,2
1,1,0.6474165,0.5947493,1,1,1,1,1,2
1,1,0.6335642,0.5836097,1,1,1,1,1,2
1,1,0.6198755,0.5725535,1,1,1,1,1,2
1,1,0.606356,0.5615834,1,1,1,1,1,2
1,1,0.5930068,0.5506986,1,1,1,1,1,2
1,0.9788297,0.5798277,0.5398974,1,0.9579462,1,1,1,2
1,0.9539688,0.5667532,0.5291589,1,0.9153625,1,1,1,2
1,0.9294556,0.5537817,0.5603181,1,0.8749058,1,1,1,2
1,0.9055529,0.5409728,0.6199797,1,0.8634192,1,1,1,2
1,0.8821347,0.5283011,0.694048,1,0.8553246,1,1,1,2
1,0.8592141,0.5157698,0.7877034,1,0.8473023,1,1,1,2
1,0.8368255,0.5033863,1,1,0.8393383,1,1,1,2
1,0.8152124,0.4912024,1,1,0.8313486,1,1,1,2
1,0.793804,0.4790977,1,1,0.8235034,1,1,1,2
1,0.7726557,0.4670851,1,1,0.815796,1,1,1,2
1,0.7518195,0.4551792,1,1,0.8082215,1,1,1,2
1,0.5661206,0.443389,1,1,0.8007699,1,1,1,2
1,0.545516,0.4311896,1,1,0.7947284,1,1,1,2
1,0.5256661,0.4192409,1,1,0.7888213,1,1,1,2
1,0.5065524,0.4075382,1,1,0.7830261,1,1,1,2
1,0.488147,0.3960716,1,1,1,1,1,1,2
1,0.4691922,0.4166014,1,0.7924802,1,1,1,1,2
1,0.4517671,0.4656369,1,0.732298,1,1,1,1,2
1,0.4353267,0.5206295,1,0.7148479,1,1,1,1,2
1,0.4196281,0.5833284,1,0.7076047,1,1,1,1,2
0.8796818,0.4045625,1,1,0.700303,1,1,1,1,2
0.8420514,0.3895205,1,1,0.6934081,1,1,1,1,2
0.8050312,0.3746415,1,1,0.6868895,1,1,1,1,2
0.7689064,0.359987,1,1,0.6807511,1,1,1,1,2
0.733919,0.3456166,1,1,0.6749984,1,1,1,1,2
0.4907598,0.3315733,1,1,0.6696249,1,1,1,1,2
0.4621491,0.3174931,1,0.7009953,0.665307,1,1,1,1,2
0.4353839,0.3039452,1,0.6240194,1,1,1,1,1,2
0.4103032,0.2910676,1,0.6170734,1,1,1,1,1,2
0.3867555,0.3157268,1,0.6113409,1,1,1,1,1,2
0.3646153,0.3434712,1,0.6059074,1,1,1,1,1,2
0.3437671,0.3748157,1,0.6007727,1,1,1,1,1,2
0.3241121,0.4103985,1,0.595941,1,1,1,1,1,2
0.3055535,0.4510187,1,0.5914105,1,1,1,1,1,2
0.2880125,0.4976866,1,1,1,1,1,1,1,2
0.271419,1,1,1,1,1,1,1,1,2
0.2558433,1,0.6275207,1,1,1,1,1,1,2
0.2664914,1,0.5361837,1,1,1,1,1,1,2
0.2813386,1,0.5213951,1,1,1,1,1,1,2
0.2965989,1,0.5148786,1,1,1,1,1,1,2
0.3122473,1,0.5083882,1,1,1,1,1,1,2
0.3282335,1,0.5019041,1,1,1,1,1,1,2
0.3445042,1,0.4954066,1,1,1,1,1,1,2
0.3610055,1,0.4888794,1,1,1,1,1,1,2
0.3776793,1,0.4823117,1,1,1,1,1,1,2
0.3944717,1,0.4756923,1,1,1,1,1,1,2
0.4113278,1,0.469012,1,1,1,1,1,1,2
0.4281907,1,0.4622665,1,1,1,1,1,1,2
0.4450068,1,1,1,1,1,1,1,1,2
0.4668718,1,1,1,1,1,1,1,1,2
1,1,1,1,1,1,1,1,1,1
1,1,1,1,1,1,1,1,1,1
1,1,1,1,1,1,1,1,1,1
1,1,1,1,1,1,1,1,1,1
1,1,1,1,1,1,1,1,1,1
1,1,1,1,1,1,1,1,1,1
1,1,1,1,1,1,1,1,1,1
1,1,1,1,1,1,1,1,1,1
1,0.3644909,1,1,1,1,1,1,1,1
1,0.3571391,1,1,1,1,1,1,1,1
1,0.3498177,1,1,1,1,1,1,1,1
1,0.3425233,1,1,1,1,1,1,1,1
1,0.3352555,1,1,1,1,1,1,1,1
1,0.3280171,1,1,1,1,1,1,1,1
1,0.3208044,1,1,1,1,1,1,1,1
1,0.3136173,1,1,1,1,1,1,1,1
1,0.3064552,1,1,1,1,1,1,1,1
1,0.2993148,1,1,1,1,1,1,1,1
1,0.2921989,1,1,1,1,1,1,1,1
1,0.285107,1,1,1,1,1,1,1,1
1,0.2780359,1,1,1,1,1,1,1,1
1,0.3730664,1,1,1,1,1,1,1,1
1,1,1,1,1,1,1,1,1,1
0.2934883,1,1,1,1,1,1,1,1,2
0.2833793,1,1,1,1,1,1,1,1,2
0.2736298,1,1,1,1,1,1,1,1,2
0.2642204,1,1,1,1,1,1,1,1,2
0.2551355,1,1,1,1,1,1,1,1,2
0.2463603,1,1,1,1,1,1,1,1,2
0.2378806,1,1,1,1,1,1,1,1,2
0.2371243,1,1,1,1,1,1,1,1,2
0.2646013,1,1,1,1,1,1,1,1,2
0.2934427,1,1,1,1,1,1,1,1,2
1,1,1,1,1,1,1,1,1,1
1,1,1,1,1,1,1,1,1,1
1,1,1,1,1,1,1,1,1,1
1,1,1,1,1,1,1,1,1,1
1,1,1,1,1,1,1,1,1,1
1,1,1,1,1,1,1,1,1,1
1,1,1,1,1,1,1,1,1,1
1,1,1,1,1,1,1,1,1,1
1,1,1,1,1,1,1,1,1,1
1,1,1,1,1,1,1,1,1,1
1,1,1,1,1,1,1,1,1,1
1,1,1,1,1,1,1,1,1,1
1,1,1,1,1,1,1,1,1,1
1,1,1,1,1,1,1,1,1,1
1,1,1,1,1,1,1,1,1,1
1,1,1,1,1,1,1,1,1,1
1,1,1,1,1,1,1,1,1,1
1,1,1,1,1,1,1,1,1,1
1,1,1,1,1,1,1,1,1,1
1,1,1,1,1,1,1,1,1,1
1,1,1,1,1,1,1,1,1,1
1,1,1,1,1,1,1,1,1,1
1,1,1,1,1,1,1,1,1,1
1,1,1,1,1,1,1,1,1,1
1,1,1,1,1,1,1,1,1,1
1,1,1,1,1,1,1,1,1,1
1,1,1,1,1,1,1,1,1,1
1,1,1,1,1,1,1,1,1,1
1,1,1,1,1,1,1,1,1,1
1,1,1,1,1,1,1,1,1,1
1,1,1,1,1,1,1,1,1,1
1,1,1,1,1,1,1,1,1,1
1,1,1,1,1,1,1,1,1,1
1,1,1,1,1,1,1,1,1,1
1,1,1,1,1,1,1,1,1,1
1,1,1,1,1,1,1,1,1,1
1,1,1,1,1,1,1,1,1,1
1,1,1,1,1,1,1,1,1,1
1,1,1,1,1,1,1,1,1,1
1,1,1,1,1,1,1,1,1,1
1,1,1,1,1,1,1,1,1,1
1,1,1,1,1,1,1,1,1,1
1,1,1,1,1,1,1,1,1,1
1,1,1,1,1,1,1,1,1,1
1,1,1,1,1,1,1,1,1,1
1,1,1,1,1,1,1,1,1,1
1,1,1,1,1,1,1,1,1,1
1,1,1,1,1,1,1,1,1,1
1,1,1,1,1,1,1,1,1,1
1,1,1,1,1,1,1,1,1,1
1,1,1,1,1,1,1,0.9637576,1,1
1,1,1,1,1,1,1,0.9646084,1,1
1,1,1,1,1,1,1,0.9655601,1,1
1,1,1,1,1,1,1,0.9665033,1,1
1,1,1,1,1,1,1,0.9674379,1,1
1,1,1,1,1,1,1,0.9683639,1,1
1,1,1,1,1,1,1,0.9692815,1,1
1,1,1,1,1,1,1,0.9701887,1,1
1,1,1,1,1,1,1,1,1,1
1,1,1,1,1,1,1,1,1,1
1,1,1,1,1,1,1,1,1,1
1,1,1,1,1,1,1,1,1,1
1,1,1,1,1,1,1,1,1,1
1,1,1,1,1,1,1,1,1,1
1,1,1,1,1,1,1,1,1,1
1,1,1,1,1,1,1,1,1,1
1,1,1,1,1,1,1,1,1,1
1,1,1,1,1,1,1,1,1,1
1,1,1,1,1,1,1,1,1,1
1,1,1,1,1,1,1,1,1,1
1,1,1,1,1,1,1,1,1,1
1,1,1,1,1,1,1,1,1,1
1,1,1,1,1,1,1,1,1,1
1,1,1,1,1,1,1,1,1,1
1,1,1,1,1,0.9899551,1,1,1,1
1,1,1,1,1,0.9798036,1,1,0.9493672,1
1,1,1,1,1,0.9693112,1,0.9461631,0.9047906,0
1,1,1,1,1,0.9582812,1,0.9246067,0.8501287,0
1,1,1,1,1,0.9468806,1,0.9003592,0.7897226,0
1,1,1,1,1,0.9351642,0.9877323,0.8735396,0.775283,0
1,1,1,1,1,0.9234408,0.9714481,0.8460981,0.7791222,0
1,1,1,1,1,0.9118455,0.9552005,0.8188558,0.7835215,0
1,1,1,1,1,0.9004201,0.939069,0.7919742,0.7885062,0
1,1,1,1,1,0.8891987,0.9231238,0.7655922,0.7940978,0
1,1,0.8930389,1,1,0.8782151,0.9246243,0.7398348,0.8003092,0
1,1,0.8703709,1,1,0.8785996,0.9098874,0.7164843,0.8062696,0
1,1,0.8489049,1,1,1,0.8955501,0.694049,0.8125423,0
1,1,0.8288328,1,1,1,0.881647,0.6727936,0.8190345,0
1,1,0.8097943,1,1,1,0.8681027,0.6858577,0.902137,0
1,1,0.796119,1,1,1,0.8557606,0.6961254,0.8895018,0
1,1,0.7829417,1,1,1,0.8436152,0.7066392,0.895353,0
1,1,0.7709857,1,1,1,0.8317973,0.716754,0.9010106,0
1,1,0.7601029,1,1,1,0.8202615,0.7264478,0.9064617,0
1,1,0.7501642,1,1,1,0.8089712,0.7357069,0.9116991,0
1,1,0.7410572,1,1,1,0.797895,0.7445244,0.9167201,0
1,1,0.7326912,1,1,1,0.7870058,0.7528943,0.921521,0
1,1,0.7249801,1,1,1,0.7762772,0.760821,0.9261057,1
1,1,0.7178527,1,1,1,0.7656891,0.7683108,0.9304775,1
1,1,0.7112477,1,1,1,0.7552212,0.7753724,0.845216,0
1,1,0.702122,1,1,1,0.7443628,0.7855601,0.8154775,0
1,1,0.692617,1,1,1,0.733499,0.7966082,0.7857171,0
1,1,0.6828078,1,1,1,0.7226472,0.8085135,0.7561026,0
1,1,0.6727673,1,1,1,0.7118269,0.8383088,0.7267888,0
1,1,0.6628984,1,1,1,0.7011032,0.8222624,0.6984019,0
1,1,0.6523632,1,1,1,0.6903526,0.805905,0.6696835,0
1,1,0.6412638,1,1,1,0.6796083,0.7893325,0.6408788,0
1,1,0.6297091,1,1,1,0.6688972,0.7726347,0.6122075,0
1,1,0.6178097,1,1,1,0.6771939,0.7559025,0.5838723,0
1,1,0.6057414,1,1,1,0.7639337,0.7392715,0.5859259,0
1,1,0.5945121,1,1,1,0.8615413,0.7234421,0.5937127,0
1,1,0.5841431,1,1,1,0.9690039,0.7084031,0.6013156,0
1,1,0.5745213,1,1,1,1,0.712956,0.6087179,0
1,1,0.5655873,1,1,1,1,0.6991378,0.6158794,0
1,1,0.5569682,1,1,1,1,0.6856723,0.6230215,0
1,1,0.5486395,1,1,1,1,0.6725302,0.6301327,0
1,1,0.5405833,1,1,1,1,0.6596873,0.6371985,0
1,1,0.5327783,1,1,1,1,0.647118,0.6442094,0
1,1,0.5252072,1,1,1,1,0.6348013,0.6511545,0
1,1,0.5178522,1,1,1,1,0.622718,0.6580263,1
1,1,0.5106989,1,1,1,1,0.6108466,0.6648158,1
1,1,0.503732,1,1,1,1,0.5991672,0.6715172,1
1,0.9949437,0.4969377,1,1,1,1,0.5876679,0.6781248,1
1,0.9899921,0.4903956,1,1,1,1,0.5763876,0.684526,1
1,0.9851884,0.484084,1,1,1,1,0.5653037,0.6907193,1
1,0.9805212,0.4779824,1,1,1,1,0.5543951,0.6967058,1
1,0.9759806,0.4720735,1,1,1,1,0.5436395,0.7024876,1
1,0.9715585,0.4663415,1,1,1,1,0.5330166,0.7442244,1
1,0.9676081,0.4612789,1,1,1,1,0.5228236,0.7297488,1
1,0.9635471,0.4560586,1,1,1,1,0.5125282,0.7149138,1
1,0.9593776,0.4506878,1,1,1,1,0.5021389,0.6997496,1
1,0.9551001,0.4451706,1,1,1,1,0.4916678,0.6842926,1
1,0.9507173,0.4395138,1,1,1,1,0.4811242,0.6685762,1
1,0.9462343,0.4337271,1,1,1,1,0.4705211,0.6526399,1
1,0.9416534,0.4278165,1,1,1,1,0.459868,0.6365175,1
1,0.9369806,0.4217926,1,1,1,1,0.4491745,0.6202444,1
1,0.9322208,0.4156638,1,1,1,1,0.4384536,0.6038587,1
1,0.927379,0.4094389,1,1,1,1,0.4489771,0.5910591,1
1,0.9226062,1,1,1,1,1,0.4600399,0.597238,0
1,0.9130845,0.3909376,1,1,1,1,0.4896075,0.5687335,1
1,0.4383503,1,1,1,1,1,0.4994144,0.554703,1
1,0.4041691,1,1,1,1,1,0.5098869,0.5402765,1
1,0.3683154,1,1,1,1,1,0.5191174,0.5265669,1
1,0.3312038,1,1,1,1,1,0.5269911,0.5135327,1
1,0.2932995,1,1,1,1,1,0.5334402,0.5011203,1
1,0.2845307,1,1,1,1,1,0.5384513,0.4892681,1
1,0.280592,1,1,1,1,1,0.5434121,0.4772241,1
1,0.2766601,1,1,1,1,1,0.5485584,0.4648736,1
1,0.272732,1,1,1,1,1,0.5538964,0.4522262,1
1,0.2688066,1,1,1,1,1,0.5594296,0.4392971,1
1,0.2648812,1,1,1,1,1,0.5651642,0.426103,1
1,0.2609531,1,1,1,1,1,0.5711061,0.4126517,1
1,0.2570218,1,1,1,1,1,0.5772575,0.398962,1
1,0.2530848,1,1,1,1,1,0.5836243,0.3850532,1
1,0.2491401,1,1,1,1,1,0.5902115,0.3709405,1
1,0.245187,1,1,1,1,1,0.5970203,0.3566397,1
0.2325815,0.2412255,1,1,1,1,1,0.6040524,0.3494706,2
0.2282623,0.2389747,1,1,1,1,1,0.5882651,0.3485436,2
0.2242601,0.2370052,1,1,1,1,1,0.573508,0.3475559,2
0.2205693,0.8584622,1,1,1,1,1,0.5596586,0.3465095,2
0.2172368,0.8569795,1,1,1,1,1,0.5603256,0.3489963,2
0.2139731,0.8556226,1,1,1,1,1,0.560783,0.3513785,2
0.2107769,0.8543857,1,1,1,1,1,0.5610583,0.3536637,2
0.2076498,0.8532664,1,1,1,1,1,0.5611705,0.3558559,2
0.2045934,1,1,1,1,1,1,0.5611373,0.3579587,1
0.2015973,1,1,1,1,1,1,0.5660775,0.3613406,1
0.1986094,1,1,1,1,1,1,0.5706877,0.3646292,1
0.1956317,1,1,1,1,1,1,0.5749778,0.367826,1
0.7755905,1,1,1,1,1,1,0.5789532,0.3709287,0
0.7732179,1,1,1,1,1,1,1,0.3797282,0
0.770557,1,1,1,1,1,1,1,0.3867748,0
0.7678633,1,1,1,1,1,1,1,0.3939875,0
0.7651261,1,1,1,1,1,1,1,0.4013528,0
0.7623376,1,1,1,1,1,1,1,0.4088549,0
0.7594892,1,1,1,1,1,1,1,0.4164791,0
0.7565731,1,1,1,1,1,1,1,0.4242101,0
0.7535841,1,1,1,1,1,1,1,0.4320307,0
0.7505162,1,1,1,1,1,1,1,0.4399245,0
0.7473642,1,1,1,1,1,1,1,0.4478751,0
0.744124,1,1,1,1,1,1,1,0.4558657,0
0.7407934,1,1,1,1,1,1,1,0.4638773,0
0.7373685,1,1,1,1,1,1,1,0.4718948,0
0.7338488,1,1,1,1,1,1,1,0.4798987,0
0.7302319,1,1,1,1,1,1,1,0.4878739,0
0.7265174,1,1,1,1,1,1,1,0.495803,0
0.7227057,1,1,1,1,1,1,1,0.5036693,0
0.7187981,1,1,1,1,1,1,1,0.5114558,1
0.7147965,1,1,1,1,1,1,1,0.5191463,1
0.7107016,1,1,1,1,1,1,1,1,2
0.7045363,1,1,1,1,1,1,1,1,2
0.6985725,1,1,1,1,1,1,1,1,2
0.6928204,1,1,1,1,1,1,1,1,2
0.687288,1,1,1,1,1,1,1,1,2
0.6819831,1,1,1,1,1,1,1,1,2
0.676912,1,1,1,1,1,1,1,1,2
0.6720832,1,1,1,1,1,1,1,1,2
0.6675025,1,1,1,1,1,1,1,1,2
0.6631764,1,1,1,1,1,1,1,1,2
0.6591114,1,1,1,1,1,1,1,1,2
0.6553122,1,1,1,1,1,1,1,1,2
0.6517846,1,1,1,1,1,1,1,1,2
0.7918254,1,1,1,1,1,1,1,1,2
0.8930061,1,1,1,1,1,1,1,1,2
0.8901652,1,1,1,1,1,1,1,1,2
0.9150755,1,1,1,1,1,1,1,1,1
1,1,1,1,1,1,1,1,1,1
1,1,1,1,1,1,1,1,1,1
1,1,1,1,1,1,1,1,1,1
1,1,1,1,1,1,1,1,1,1
1,1,1,1,1,1,1,1,1,1
1,1,1,1,1,1,1,1,1,1
1,1,1,1,1,1,1,1,1,1
1,1,1,1,1,1,1,1,1,1
1,1,1,1,1,1,1,1,1,1
1,1,1,1,1,1,1,1,1,1
1,1,1,1,1,1,1,1,1,1
1,1,1,1,1,1,1,1,1,1
1,1,1,1,1,1,1,1,1,1
1,1,1,1,1,1,1,1,1,1
1,1,1,1,1,1,1,1,1,1
1,1,1,1,1,1,1,1,1,1
1,1,1,1,1,1,1,1,1,1
1,1,1,1,1,1,1,1,1,1
1,1,1,1,1,1,1,1,1,1
1,1,1,1,1,1,1,1,1,1
1,1,1,1,1,1,1,1,1,1
1,1,1,1,1,1,1,1,1,1
1,1,1,1,1,1,1,1,1,1
1,1,1,1,1,1,1,1,1,1
1,1,1,1,1,1,1,1,1,1
1,1,1,1,1,1,1,1,1,1
1,1,1,1,1,1,1,1,1,1
1,1,1,1,1,1,1,1,1,1
1,1,1,1,1,1,1,1,1,1
1,1,1,1,1,1,1,1,1,1
1,1,1,1,1,1,1,1,1,1
1,1,1,1,1,1,1,1,1,1
1,1,1,1,1,1,1,1,1,1
1,1,1,1,1,1,1,1,1,1
1,1,1,1,1,1,1,1,1,1
1,1,1,1,1,1,1,1,1,1
1,1,1,1,1,1,1,1,1,1
1,1,1,1,1,1,1,1,1,1
1,1,1,1,1,1,1,1,1,1
1,1,1,1,1,1,1,1,1,1
1,1,1,1,1,1,1,1,1,1
1,1,1,1,1,1,1,1,1,1
1,1,1,1,1,1,1,1,1,1
1,1,1,1,1,1,1,1,1,1
1,1,1,1,1,1,1,1,1,1
1,1,1,1,1,1,1,1,1,1
0.976847,1,1,1,1,1,1,1,1,1
0.9741664,1,1,1,1,1,0.9999852,1,1,1
0.9714966,1,1,1,1,1,0.9903905,1,1,1
0.9688383,1,1,1,1,1,0.9807979,1,1,1
0.9661919,1,1,1,1,1,0.971207,1,1,1
0.9635589,1,1,1,1,1,0.9616175,1,1,1
0.9609393,1,1,1,1,1,0.9520289,1,1,1
0.9583334,1,1,1,1,1,0.9424412,1,1,1
0.955743,1,1,1,1,1,0.9328537,1,1,1
0.9531664,1,1,1,1,1,0.9232661,1,1,1
0.9506054,1,1,1,1,1,0.9136781,1,1,1
0.94806,1,1,1,1,1,0.9040859,1,1,1
0.9455306,1,1,1,1,1,0.8944926,1,1,1
0.9430186,1,1,1,1,1,0.8848975,1,1,1
1,1,1,1,1,1,0.8753003,1,1,1
1,1,1,1,1,1,0.865307,1,1,1
1,1,1,1,1,1,0.8553069,1,1,1
1,1,1,1,1,1,0.8453038,1,1,1
1,1,1,1,1,1,0.8352984,1,1,1
1,1,1,1,1,1,0.8252915,1,1,1
1,1,1,1,1,1,0.8152839,1,1,1
1,1,1,1,1,1,0.8052793,1,1,1
1,1,1,1,1,1,0.7952752,1,1,1
1,1,1,1,1,1,0.7852725,1,1,1
1,1,1,1,1,1,0.775272,1,1,1
1,1,1,1,1,1,0.7652771,1,1,1
1,1,1,1,1,1,0.7552859,1,1,1
1,1,1,1,1,1,0.7453016,1,1,1
1,1,1,1,1,1,0.7353221,0.8790687,1,0
1,1,1,1,1,1,0.7730029,0.8646609,1,0
1,1,1,1,1,1,0.8143554,0.8503709,1,0
1,0.898023,1,1,1,1,0.8586062,0.8362032,1,1
1,0.8755819,1,1,1,1,0.8820764,0.8242768,1,1
1,0.8516095,1,1,1,1,0.9013082,0.8127621,1,1
1,0.8261589,1,1,1,1,0.9157695,0.8016556,1,1
1,0.7993185,1,1,1,1,0.9251019,0.7909521,1,1
1,0.7712188,1,1,1,1,0.9291537,0.7806488,1,1
1,0.7420141,1,1,1,1,0.9279937,0.7707369,1,1
1,0.711893,1,1,1,1,0.9218984,0.761209,1,2
1,0.6810485,1,1,1,1,0.9113151,0.7520476,1,2
1,0.649708,1,1,1,1,0.8968339,0.7432437,1,2
1,0.637958,1,1,1,1,0.8791255,0.7347736,1,2
1,0.6371397,1,1,1,1,0.862411,0.7262307,1,2
1,0.636272,1,1,1,1,0.8484621,0.717393,1,2
1,0.6353505,1,1,1,1,0.8368877,0.7082689,1,2
1,0.63437,1,1,1,1,0.8273833,0.6988645,1,2
1,0.6333255,1,1,1,1,0.8197038,0.6891865,1,2
1,0.6322144,1,1,1,1,0.8136422,0.6792468,1,1
1,0.6310327,1,1,1,1,0.8090366,0.6690542,1,1
1,0.6297807,1,1,1,1,0.8057394,0.658618,1,1
1,0.6284552,1,1,1,1,0.8036412,0.6479526,1,1
1,0.6270552,1,1,1,1,0.8026447,0.6370682,1,1
1,0.6255804,1,1,1,1,0.8026676,0.6259765,1,1
1,0.6240303,1,1,1,1,0.803641,0.6146888,1,1
1,0.6224052,1,1,1,1,0.8055062,0.6032207,1,1
1,0.620707,1,1,1,1,0.8082078,0.5915841,1,1
1,0.6189346,1,1,1,1,0.8117105,0.579791,1,1
1,0.6170902,1,1,1,1,0.8159717,0.5678535,1,1
1,0.6151767,1,1,1,1,0.8209552,0.5557831,1,1
1,0.6131947,1,1,1,1,0.826636,0.5435954,1,1
1,0.6111472,1,1,1,1,1,0.5312979,1,1
1,1,1,1,1,1,1,0.5195878,1,0
1,1,1,1,1,1,1,0.5020054,1,0
1,1,1,1,1,1,1,0.4847852,1,0
1,1,1,1,1,1,1,0.4679382,1,0
1,1,1,1,1,1,1,0.4514721,1,0
1,1,1,1,1,1,1,0.4353875,1,0
1,1,1,1,1,1,1,0.4196829,0.6783635,0
1,0.5619861,1,1,1,1,1,0.4024654,0.6373761,0
1,1,1,1,1,1,1,0.4070725,0.6099544,0
1,0.5483523,1,1,1,1,1,0.427191,0.5736098,0
1,1,1,1,1,1,1,0.4405921,0.5486621,0
1,0.5349243,1,0.985055,1,1,1,0.4638786,0.516268,0
1,0.5294764,1,0.9634675,1,1,1,0.4786752,0.4940268,0
0.5000764,1,1,0.9433135,1,1,1,0.4936381,0.4727779,0
0.4966776,1,1,0.9273451,1,1,1,0.5068679,0.4535645,0
0.4932206,1,1,0.9120378,1,1,1,0.5202278,0.4348698,0
0.4897072,1,1,0.8973624,1,1,1,0.5336832,0.4166593,0
0.4861365,1,1,0.8844025,1,1,1,0.547207,0.3988945,0
0.4825096,1,1,0.8761023,1,1,1,0.5608,0.3815305,0
0.4788343,1,1,0.8676896,1,1,1,0.5745418,0.3644954,0
0.4751101,1,1,0.859152,1,1,1,0.5884005,0.3477712,1
0.4713377,1,1,0.8504856,1,1,1,0.6023399,0.3419622,1
0.4674946,1,1,0.8414803,1,1,1,0.6158827,0.3481391,1
0.4635586,1,1,0.8319281,1,1,1,0.6284684,0.3541166,1
0.4595404,1,1,0.8218536,1,1,1,1,0.3598776,2
0.4550359,1,1,0.8076647,1,1,1,1,0.3633921,2
0.4505782,1,1,0.7998988,1,1,1,1,0.3666608,2
0.4461862,1,1,0.8008176,1,1,1,1,0.3697334,2
0.4418772,1,1,0.8020681,1,1,1,1,0.3726741,2
0.437653,1,1,0.8036427,1,1,1,1,0.3754902,2
0.433516,1,1,0.8055373,1,1,1,1,0.3781867,2
0.429469,1,1,0.8077484,1,1,1,1,0.3807685,2
0.4255126,1,1,0.81027,1,1,1,1,0.3832421,2
0.4216488,1,1,0.8130994,1,1,1,1,0.3856116,2
0.4178779,1,1,0.8162314,1,1,1,1,0.3878829,2
0.4663398,1,1,0.8196645,1,1,1,1,0.3900594,2
0.614302,1,1,1,1,1,1,1,0.3927595,0
1,1,1,1,1,1,1,1,0.3982152,0
1,1,1,0.77157,1,1,1,1,0.4085592,0
1,1,1,0.745699,1,1,1,1,0.4178075,0
0.96819,1,1,0.7223625,1,1,1,1,0.4271205,0
0.9562284,1,1,0.7026027,1,1,1,1,0.4359922,0
0.9550207,1,1,0.6849881,1,1,1,1,0.4446518,0
0.9595094,1,1,0.6687698,1,1,1,1,0.4532298,0
0.9672959,1,1,0.6535443,1,1,1,1,0.4617968,0
0.9770886,1,1,0.6390731,1,1,1,1,0.4703913,0
0.9881743,1,1,0.6252018,1,1,1,1,0.4790386,0
1,1,1,0.6118278,1,1,1,1,0.4877514,0
1,1,1,0.5988784,1,1,1,1,0.4965386,0
1,1,1,0.5867044,1,1,1,1,1,2
1,1,1,0.5875006,1,1,1,1,1,2
1,1,1,0.5884064,1,1,1,1,1,2
1,1,1,0.5894216,1,1,1,1,1,2
1,1,1,0.5905403,1,1,1,1,1,2
1,1,0.6164728,0.5917655,1,1,1,1,1,2
1,1,0.5883998,0.6037467,1,1,1,1,1,2
1,1,0.5617298,1,1,1,1,1,1,2
1,1,0.5405737,1,1,1,1,1,1,2
1,1,0.5197731,1,1,1,1,1,1,2
1,1,0.4993595,1,1,1,1,1,1,2
1,1,0.4793619,1,1,1,1,1,1,2
1,1,0.4597987,1,1,1,1,1,1,2
1,1,0.457335,1,1,1,1,1,1,2
1,1,0.4611363,1,1,1,1,1,1,2
1,1,0.4651999,1,1,1,1,1,1,2
1,1,0.4695226,1,1,1,1,1,1,2
1,1,0.4741012,1,1,1,1,1,1,2
1,1,0.4789321,1,1,1,1,1,1,2
1,1,0.484012,1,1,1,1,1,1,2
1,1,0.489337,1,1,1,1,1,1,2
1,1,1,1,1,1,1,1,1,1
1,1,1,1,1,1,1,1,1,1
1,0.4676337,1,1,1,1,1,1,1,2
1,0.4331084,1,1,1,1,1,1,1,2
1,0.4001961,1,1,1,1,1,1,1,2
1,0.3691627,1,1,1,1,1,1,1,2
1,0.3401738,1,1,1,1,1,1,1,2
1,0.3398753,1,1,1,1,1,1,1,2
1,0.3444276,1,1,1,1,1,1,1,2
1,0.3495438,1,1,1,1,1,1,1,2
1,0.3552557,1,1,1,1,1,1,1,2
1,0.3615949,1,1,1,1,1,1,1,2
1,0.3684143,1,1,1,1,1,1,1,2
0.4021134,0.3757101,1,1,1,1,1,1,1,2
0.3466238,1,1,1,1,1,1,1,1,2
0.2977209,1,1,1,1,1,1,1,1,2
0.2992243,1,1,1,1,1,1,1,1,2
0.3031661,1,1,1,1,1,1,1,1,2
0.3075377,1,1,1,1,1,1,1,1,2
0.3123555,1,1,1,1,1,1,1,1,2
0.3176339,1,1,1,1,1,1,1,1,2
0.3233944,1,1,1,1,1,1,1,1,2
0.3296568,1,1,1,1,1,1,1,1,2
1,1,1,1,1,1,1,1,1,1
1,1,1,1,1,1,1,1,1,1
1,1,0.99602,1,1,1,1,1,1,1
1,1,0.9861821,1,1,1,1,1,1,1
1,1,0.9763343,1,1,1,1,1,1,1
1,1,0.9664739,1,1,1,1,1,1,1
1,1,0.9566015,1,1,1,1,1,1,1
1,1,0.9467174,1,1,1,1,1,1,1
1,1,0.9368224,1,1,1,1,1,1,1
1,1,0.9269198,1,1,1,1,1,1,1
1,1,0.9170071,1,1,1,1,1,1,1
1,1,0.9070882,1,1,1,1,1,1,1
1,1,0.8971604,1,1,1,1,1,1,1
1,1,0.8872275,1,1,1,1,1,1,1
1,1,0.8772902,1,1,1,1,1,1,1
1,1,0.867349,1,1,1,1,1,1,1
1,1,0.8574015,1,1,1,1,1,1,1
1,1,0.8474514,1,1,1,1,1,1,1
1,1,0.8374995,1,1,1,1,1,1,1
1,1,0.8275464,1,1,1,1,1,1,1
1,1,0.8175927,1,1,1,1,1,1,1
1,1,0.8076391,1,1,1,1,1,1,1
1,1,0.7976863,1,1,1,1,1,1,1
1,1,0.787738,1,1,1,1,1,1,1
1,0.9293898,0.7777916,1,1,1,1,1,1,1
1,0.9157597,0.7676469,1,1,1,1,1,1,1
1,0.9019954,0.7574876,1,1,1,1,1,1,1
1,0.8881181,0.7473218,1,1,1,1,1,1,2
1,0.8741426,0.7520446,1,1,1,1,1,1,2
1,0.8601471,0.7952959,1,1,1,1,1,1,2
1,0.8462658,0.8415931,1,1,1,1,1,1,2
1,0.8325017,0.8911765,1,1,1,1,1,1,2
1,0.818857,0.9442941,1,1,1,1,1,1,2
1,0.8053368,1,1,1,1,1,1,1,2
1,0.7919353,1,1,1,1,1,1,1,2
1,0.7785106,1,1,1,1,1,1,1,2
1,0.7650744,1,1,1,1,1,1,1,2
1,0.7516382,1,1,1,1,1,1,1,2
1,0.738217,1,1,1,1,1,1,1,2
1,0.7248216,1,1,1,1,1,1,1,2
1,0.7114662,1,1,1,1,1,1,1,2
1,0.6981575,1,1,1,1,1,1,1,2
1,0.6849121,1,1,1,1,1,1,1,2
1,0.6717358,1,1,1,1,1,1,1,2
1,0.6586404,1,1,1,1,1,1,1,2
1,0.645634,1,1,1,1,1,1,1,2
1,0.6327271,1,1,1,1,1,1,1,2
1,0.6199264,1,1,1,1,1,1,1,2
1,0.6072378,1,1,1,1,1,1,1,2
1,0.5946698,1,1,1,1,1,1,1,2
1,0.5822269,1,1,1,1,1,1,1,2
1,0.569913,1,1,1,1,1,1,1,2
0.7895368,0.5577345,1,1,1,1,1,1,1,2
0.7619842,0.5440267,1,1,1,1,1,1,1,2
0.7349727,0.5305094,1,1,1,1,1,1,1,2
0.7086279,0.5384638,1,1,1,1,1,1,1,2
0.6833025,0.5734686,1,1,1,1,1,1,1,2
0.6592755,0.6117312,1,1,1,1,1,1,1,2
0.6364917,0.6535149,1,1,1,1,1,1,1,2
0.6148857,0.6991006,1,1,1,1,1,1,1,2
0.5943905,0.7487754,1,1,1,1,1,1,1,2
0.5749377,0.8028511,1,1,1,1,1,1,1,2
0.5564594,0.8616437,1,1,1,1,1,1,1,2
0.5388897,1,1,1,1,1,1,1,1,2
0.5225194,1,1,1,1,1,1,1,1,2
0.5065648,1,1,1,1,1,1,1,1,2
0.4910327,1,1,1,1,1,1,1,1,2
0.4759308,1,1,1,1,1,1,1,1,2
0.464686,1,1,1,1,1,1,1,1,2
0.4838671,1,1,1,1,1,1,1,1,2
0.5035216,1,1,1,1,1,1,1,1,2
0.5236083,1,1,1,1,1,1,1,1,2
0.5440873,1,1,1,1,1,1,1,1,2
0.5649135,1,1,1,1,1,1,1,1,2
0.5860379,1,1,1,1,1,1,1,1,2
0.6074094,1,1,1,1,1,1,1,1,2
0.628977,1,1,1,1,1,1,1,1,2
0.6506882,1,1,1,1,1,1,1,1,2
0.6724888,1,1,1,1,1,1,1,1,2
0.6943236,1,1,1,1,1,1,1,1,2
0.7161402,1,1,1,1,1,1,1,1,2
0.73788,1,1,1,1,1,1,1,1,2
0.7594907,1,1,1,1,1,1,1,1,2
0.7809216,1,1,1,1,1,1,1,1,2
1,1,1,1,1,1,1,1,1,1
1,1,1,1,1,1,1,1,1,1
1,1,1,1,1,1,1,1,1,1
1,1,1,1,1,1,1,1,1,1
1,1,1,1,1,1,1,1,1,1
1,1,1,1,1,1,1,1,1,1
1,1,1,1,1,1,1,1,1,1
1,1,1,1,1,1,1,1,1,1
1,1,1,1,1,1,1,1,1,1
1,1,1,1,1,1,1,1,1,1
1,1,1,1,1,1,1,1,1,1
1,1,1,1,1,1,1,1,1,1
1,1,1,1,1,1,1,1,1,1
1,1,1,1,1,1,1,1,1,1
1,1,1,1,1,1,1,1,1,1
1,1,1,1,1,1,1,1,1,1
1,1,1,1,1,1,1,1,1,1
1,1,1,1,1,1,1,1,1,1
1,1,1,1,1,1,1,1,1,1
1,1,1,1,1,1,1,1,1,1
1,1,1,1,1,1,1,1,1,1
1,1,1,1,1,1,1,1,1,1
1,1,1,1,1,1,1,1,1,1
1,1,1,1,1,1,1,1,1,1
1,1,1,1,1,1,1,1,1,1
1,1,1,1,1,1,1,1,1,1
1,1,1,1,1,1,1,1,1,1
1,1,1,1,1,1,1,1,1,1
1,1,1,1,1,1,1,1,1,1
1,1,1,1,1,1,1,1,1,1
1,1,1,1,1,1,1,1,1,1
1,1,1,1,1,1,1,1,1,1
1,1,1,1,1,1,1,1,1,1
1,1,1,1,1,1,1,1,1,1
1,1,1,1,1,1,1,1,1,1
1,1,1,1,1,1,1,1,1,1
1,1,1,1,1,1,1,1,1,1
1,1,1,1,1,1,1,1,1,1
1,1,1,1,1,1,1,1,1,1
1,1,1,1,1,1,1,1,1,1
1,1,1,1,1,1,1,1,1,1
1,1,1,1,1,1,1,1,1,1
1,1,1,1,1,1,1,1,1,1
1,1,1,1,1,1,1,1,1,1
1,1,1,1,1,1,1,1,1,1
1,1,1,1,1,1,1,1,1,1
1,1,1,1,1,1,1,1,1,1
1,1,1,1,1,1,1,1,1,1
1,1,1,1,1,1,1,1,1,1
1,1,1,1,1,1,1,1,1,1
1,1,1,1,1,1,1,1,1,1
1,1,1,1,1,1,1,1,1,1
1,1,1,1,1,1,1,1,1,1
1,1,1,1,1,1,1,1,1,1
1,1,1,1,1,1,1,1,1,1
1,1,1,1,1,1,1,1,1,1
1,1,1,1,1,1,1,1,1,1
1,1,1,1,1,1,1,1,1,1
1,1,1,1,1,1,1,1,1,1
1,1,1,1,1,1,1,1,1,1
1,1,1,1,1,1,1,1,1,1
1,1,1,1,1,1,1,1,1,1
1,1,1,1,1,1,1,1,1,1
1,1,1,1,1,1,1,1,1,1
1,1,1,1,1,1,1,1,1,1
1,1,1,1,1,1,1,1,1,1
1,1,1,1,1,1,1,1,1,1
1,1,1,1,1,1,1,1,1,1
1,1,1,1,1,1,1,1,1,1
1,1,1,1,1,1,1,1,1,1
1,1,1,1,1,1,1,1,1,1
1,1,1,1,1,1,1,1,1,1
1,1,1,1,1,1,1,1,1,1
1,1,1,1,1,1,1,1,1,1
1,1,1,1,1,1,1,1,1,1
1,1,1,1,1,1,1,1,1,1
1,1,1,1,1,1,1,1,1,1
1,1,1,1,1,1,1,1,1,1
1,1,1,1,1,1,1,1,1,1
1,1,1,1,1,1,1,1,1,1
1,1,1,1,1,1,1,1,1,1
1,1,1,1,1,1,1,1,1,1
1,1,1,1,1,1,1,1,1,1
1,1,1,1,1,1,1,1,1,1
1,1,1,1,1,1,1,1,1,1
1,1,1,1,1,1,1,1,1,1
1,1,1,1,1,1,1,1,1,1
1,1,1,1,1,1,1,1,1,1
1,1,1,1,1,1,1,1,1,1
1,1,1,1,1,1,1,1,1,1
1,1,1,1,1,1,1,1,1,1
1,1,1,1,1,1,1,1,1,1
1,1,1,1,1,1,1,1,1,1
1,1,1,1,1,1,1,1,1,1
1,1,1,1,1,1,1,1,1,1
1,1,1,1,1,1,1,1,1,1
1,1,1,1,1,1,1,1,1,1
1,1,1,1,1,1,1,1,1,1
1,1,1,1,1,1,1,1,1,1
1,1,1,1,1,1,1,1,1,1
1,1,1,1,1,1,1,1,1,1
1,1,1,1,1,1,1,1,1,1
1,1,1,1,1,1,1,1,1,1
1,1,1,1,1,1,1,1,1,1
1,1,1,1,1,1,1,1,1,1
1,1,1,1,1,1,1,1,1,1
1,1,1,1,1,1,1,1,1,1
1,1,1,1,1,1,1,1,1,1
1,1,1,1,1,1,1,1,1,1
1,1,1,1,1,1,1,1,1,1
1,1,1,1,1,1,1,1,1,1
1,1,1,1,1,1,1,1,1,1
1,1,1,1,1,1,1,1,1,1
1,1,1,1,1,1,1,1,1,1
1,1,1,1,1,1,1,1,1,1
1,1,1,1,1,1,1,1,1,1
1,1,1,1,1,1,1,1,1,1
1,1,1,1,1,1,1,1,1,1
1,1,1,1,1,1,1,1,1,1
1,1,1,1,1,1,1,1,1,1
1,1,1,1,1,1,1,1,1,1
1,1,1,1,1,1,1,1,1,1
1,1,1,1,1,1,1,1,1,1
0.96535,1,1,1,1,1,1,1,1,1
0.9548866,1,1,1,1,1,1,1,1,1
0.9553912,1,1,1,1,1,1,1,1,1
0.9559129,1,1,1,1,1,1,1,1,1
0.9564512,1,1,1,1,1,1,1,1,1
0.9570045,1,1,1,1,1,1,1,1,1
0.9575744,1,1,1,1,1,1,1,1,1
0.9581585,1,1,1,1,1,1,1,1,1
0.9587569,1,1,1,1,1,1,1,1,1
0.9593692,1,1,1,1,1,1,1,1,1
0.9599937,1,1,1,1,1,1,1,1,1
0.9606317,1,1,1,1,1,1,1,1,1
0.9612811,1,1,1,1,1,1,1,1,1
0.9619436,1,1,1,1,1,1,1,1,1
0.9626173,1,1,1,1,1,1,1,1,1
0.9633002,1,1,1,1,1,1,1,1,1
0.9639937,1,1,1,1,1,1,1,1,1
0.9646977,1,1,1,1,1,1,1,1,1
0.9654104,1,1,1,1,1,1,1,1,1
0.9661313,1,1,1,1,1,1,1,1,1
0.9668606,1,1,1,1,1,1,1,1,1
0.9675978,1,1,1,1,1,1,1,1,1
0.9683411,1,1,1,1,1,1,1,1,1
0.9690905,1,1,1,1,1,1,1,1,1
0.9698456,1,1,1,1,1,1,1,1,1
0.9706064,1,1,1,1,1,1,1,1,1
0.9713727,1,1,1,1,1,1,1,1,1
0.9721441,1,1,1,1,1,1,1,1,1
0.9729191,1,1,1,1,1,1,1,1,1
0.9736974,1,1,1,1,1,1,1,1,1
0.9744789,1,1,1,1,1,1,1,1,1
0.9752635,1,1,1,1,1,1,1,1,1
0.9760493,1,1,1,1,1,1,1,1,1
0.9768365,1,1,1,1,1,1,1,1,1
0.9776245,1,1,1,1,1,1,1,1,1
0.9784137,1,1,1,1,1,1,1,1,1
0.9792036,1,1,1,1,1,1,1,1,1
0.9799927,1,1,1,1,1,1,1,1,1
1,1,1,1,1,1,1,1,1,1
1,1,1,1,1,1,1,1,1,1
1,1,1,1,1,1,1,1,1,1
1,1,1,1,1,1,1,1,1,1
1,1,1,1,1,1,1,1,1,1
1,1,1,1,1,1,1,1,1,1
1,1,1,1,1,1,1,1,1,1
1,1,1,1,1,1,1,1,1,1
1,1,1,1,1,1,1,1,1,1
1,1,1,1,1,1,1,1,1,1
1,1,1,1,1,1,1,1,1,1
1,1,1,1,1,1,1,1,1,1
1,1,1,1,1,1,1,1,1,1
1,1,1,1,1,1,1,1,1,1
1,1,1,1,1,1,1,1,1,1
1,1,0.9897488,1,1,1,1,1,1,1
1,1,0.9789063,1,1,1,1,1,1,1
1,1,0.9680015,1,1,1,1,1,1,1
1,1,0.9570336,1,1,1,1,1,1,1
1,1,0.9460047,1,1,1,1,1,1,1
1,1,0.9349177,1,1,1,1,1,1,1
1,1,0.9237753,1,1,1,1,1,1,1
1,1,0.9125803,1,1,1,1,1,1,1
1,1,0.9013392,1,1,1,1,1,1,1
1,1,0.890052,1,1,1,1,1,1,1
1,1,0.8787222,1,1,1,1,1,1,1
1,1,0.8673565,1,1,1,1,1,1,1
1,1,0.8559552,1,1,1,1,1,1,1
1,1,0.8445221,1,1,1,1,1,1,1
1,1,0.8330642,1,1,1,1,1,1,1
1,1,0.8215853,1,1,1,1,1,1,1
1,1,0.8100858,1,1,1,1,1,1,1
1,1,0.7985729,1,1,1,1,1,0.9682238,1
1,1,0.7874316,1,1,1,1,1,0.9222023,1
1,1,0.776812,1,1,1,1,1,0.8939401,1
1,1,0.7664809,1,1,1,1,1,0.8933364,1
1,1,0.7561031,1,1,1,1,1,0.8927199,1
1,1,0.74568,1,1,1,1,1,0.89209,1
1,1,0.7352096,1,1,1,1,1,0.8914438,1
1,1,0.7246968,1,1,1,1,1,0.8907811,1
1,1,0.7141434,1,1,1,1,1,0.8900988,1
1,1,0.7035512,1,1,1,1,1,0.889397,1
1,1,0.6929221,1,1,1,1,1,0.8886744,1
1,1,0.6822582,1,1,1,1,1,0.8879298,1
1,1,0.6715614,1,1,1,1,1,0.887162,1
1,1,0.6608341,1,1,1,1,1,0.8863714,1
1,0.8712033,0.6500782,1,1,1,1,1,0.8855554,2
1,0.8531152,0.6383709,1,1,1,1,1,0.8840357,2
1,0.8347315,0.6265885,1,1,1,1,1,0.8823946,2
1,0.8161023,0.6147436,1,1,1,1,1,0.8806367,2
1,0.7972876,0.6028556,1,1,1,1,1,0.8787686,2
1,0.7783424,0.5909408,1,1,1,1,1,0.8767967,2
1,0.7593215,0.5790151,1,1,1,1,1,0.8747305,2
1,0.740282,0.5758223,1,1,1,1,1,0.872577,2
1,0.7213513,0.593686,1,1,1,1,1,0.8703601,2
1,0.7027364,0.6127588,1,1,1,1,1,0.8681216,2
1,0.6844478,0.6330946,1,1,1,1,1,0.8658627,2
1,0.666489,0.6547377,1,1,1,1,1,0.8635868,2
1,0.6488565,0.6777389,1,1,1,1,1,0.8612949,2
1,0.6315528,0.7021493,1,1,1,1,1,0.8589873,2
1,0.6145744,0.7280148,1,1,1,1,1,0.8566656,2
1,0.5979198,0.7553805,1,1,1,1,1,0.8543302,2
1,0.5815781,0.7842894,1,1,1,1,1,0.8519812,2
1,0.5655414,0.8147842,1,1,1,1,1,0.8496183,2
1,0.5498046,0.8469114,1,1,1,1,1,0.8472394,2
1,0.534354,0.8807008,1,1,1,1,1,0.844845,2
1,0.519183,1,1,1,1,1,1,0.8424339,2
1,0.5045785,1,1,1,1,1,1,0.8400404,2
1,0.4900679,1,1,1,1,1,1,0.8376123,2
1,0.4756645,1,1,1,1,1,1,0.8351509,2
1,0.4613765,1,1,1,1,1,1,0.8326572,2
0.7473127,0.4472113,1,1,1,1,1,1,0.8301336,2
0.7072137,0.4303548,1,1,1,1,1,1,0.8274326,2
0.6679856,0.4136451,1,1,1,1,1,1,0.824787,2
0.6299694,0.4077685,1,1,1,1,1,1,0.8222386,2
0.5936527,0.4260781,1,1,1,1,1,1,0.8198196,2
0.5595811,0.4462325,1,1,1,1,1,1,0.8175279,2
0.5276819,0.4683547,1,1,1,1,1,1,0.8153614,2
0.4978491,0.4925709,1,1,1,1,1,1,0.8133118,2
0.4699555,0.5190105,1,1,1,1,1,1,0.8113662,2
0.4438752,0.547804,1,1,1,1,1,1,0.8095074,2
0.4194697,0.5790851,1,1,1,1,1,1,0.8077143,2
0.3966022,0.6129897,1,1,1,1,1,1,0.8059624,2
0.3751463,0.649649,1,1,1,1,1,1,0.804226,2
0.3560544,0.6891915,1,1,1,1,1,1,0.8024786,2
0.368297,0.7316771,1,1,1,1,1,1,0.8006862,2
0.3806355,1,1,1,1,1,1,1,0.7986422,2
0.3916658,1,1,1,1,1,1,1,0.7956331,2
0.4028362,1,1,1,1,1,1,1,0.7924688,2
0.4141189,1,1,1,1,1,1,1,0.7891417,2
0.4254876,1,1,1,1,1,1,1,0.7856441,2
0.4369115,1,1,1,1,1,1,1,0.7819716,2
0.4483624,1,1,1,1,1,1,1,0.7781192,2
0.4598085,1,1,1,1,1,1,1,0.7740847,2
0.47122,0.9922099,1,1,1,1,1,1,0.7698661,2
0.482618,0.9818529,1,1,1,1,1,1,0.7654865,2
0.4939921,0.9717156,1,1,1,1,1,1,0.7609535,2
0.5053159,0.9617861,1,1,1,1,1,1,0.7562653,2
0.5165632,0.9520497,1,1,1,1,1,1,0.751421,1
0.5277054,0.9424931,1,1,1,1,1,1,0.7464224,1
0.5387151,0.9331059,1,1,1,1,1,1,0.7412723,1
0.5495676,0.9238734,1,1,1,1,1,1,0.7359727,1
0.5602392,0.9147866,1,1,1,1,1,1,0.7305268,1
0.5707051,0.905835,1,1,1,1,1,1,0.72494,1
0.5809444,0.8970082,1,1,1,1,1,1,0.7192172,1
0.5909375,0.8882998,1,1,1,1,1,1,0.7133638,1
0.6006664,0.8796974,1,1,1,1,1,1,0.716935,1
0.6103954,0.8711147,1,1,1,1,1,1,0.7385963,1
0.6206686,0.8623973,1,1,1,1,1,1,0.7587883,1
0.6314608,0.8535731,1,1,1,1,1,1,0.77758,1
1,0.8446655,1,1,1,1,1,1,0.7950713,0
1,0.8402889,1,1,1,1,1,1,0.8319327,0
1,0.8472369,1,1,1,1,1,1,0.8666263,1
1,0.8580133,1,1,1,1,1,1,0.8991025,1
1,0.8722242,1,1,1,1,1,1,0.9292533,1
1,0.8895502,1,1,1,1,1,1,1,1
1,0.9154738,1,1,1,1,1,1,1,1
0.9954678,0.9406519,1,1,1,1,1,1,1,1
0.9841263,0.9654697,1,1,1,1,1,1,1,1
0.97278,0.9905866,1,1,1,1,1,1,1,1
0.961428,1,1,1,1,1,1,1,1,1
0.9499395,1,1,1,1,1,1,1,1,1
0.9382439,1,1,1,1,1,1,1,1,1
0.9263484,1,1,1,1,1,1,1,1,1
0.9142659,1,1,1,1,0.9966835,1,1,1,1
0.9020795,1,1,1,1,0.9863958,1,1,1,1
0.8899494,1,1,1,1,0.9761215,1,1,1,1
0.8778785,1,1,1,1,0.9658666,1,1,1,1
0.8658692,1,1,1,1,0.9556328,1,1,1,1
0.8539283,1,1,1,1,0.9454236,1,1,1,1
0.8420535,1,1,1,1,0.9352422,1,1,1,1
0.830247,1,1,1,1,0.9250938,1,1,1,1
0.8185104,1,1,1,1,0.9149785,1,1,1,1
0.8068487,1,1,1,1,0.9049011,1,1,1,1
0.7952595,1,1,1,1,0.8948638,1,1,1,1
0.7837436,1,1,1,1,0.8848678,1,1,1,1
0.7723016,1,1,1,1,0.8749152,1,1,1,1
0.7609339,1,1,1,1,0.8650067,1,1,1,1
0.7496407,1,1,1,1,0.8551437,1,1,1,1
0.7384225,1,1,1,1,0.8453285,1,1,1,1
0.7272788,1,1,1,1,0.8355621,1,1,1,1
0.7162095,1,1,1,1,0.8258444,1,1,1,1
0.7052103,1,1,1,1,0.8161756,1,1,1,1
0.6942844,1,1,1,1,0.8065575,1,1,1,1
0.6834313,1,1,1,1,0.79699,1,1,1,1
0.680325,1,1,1,1,0.7874723,1,1,1,1
0.6918741,1,1,1,1,0.778142,1,1,1,1
0.7029136,1,1,1,1,0.769249,1,1,1,1
0.7134435,1,1,1,1,0.7607554,1,1,1,1
0.7234652,1,1,1,1,0.7526302,1,1,1,1
0.732982,1,1,1,1,0.7448459,1,1,1,1
0.7420034,1,1,1,1,0.737377,1,1,1,1
0.7505382,1,1,1,1,0.7302027,1,1,1,1
0.7585989,1,1,1,1,0.7233028,1,1,1,1
0.7662032,1,1,1,1,0.7166574,1,1,1,1
0.7733638,1,1,1,1,0.7102526,1,1,1,1
0.7800999,1,1,1,1,0.7040724,1,1,1,1
0.7864288,1,1,1,1,0.6981042,1,1,1,1
0.7923678,1,1,1,1,1,0.9855169,1,1,2
0.8071003,1,1,1,1,1,0.9774715,1,1,1
0.8213331,1,1,1,1,1,0.9680384,1,1,1
0.8349687,1,1,1,1,1,0.9571494,1,1,1
0.8479058,1,1,1,1,1,0.9472195,1,1,1
0.8601526,1,1,1,1,1,0.9394032,1,1,1
0.8717755,1,1,1,1,1,0.9318861,1,1,1
0.8827675,1,1,1,1,1,0.6485535,1,1,0
0.8810492,1,1,1,1,1,0.6188687,1,1,0
0.8782663,1,1,1,1,1,0.5891911,1,1,0
0.8745435,1,1,1,1,1,0.5597309,1,1,0
0.8700163,1,1,1,1,1,0.5306659,1,1,0
0.8648183,1,1,1,1,1,0.5023669,1,1,0
0.8590862,1,1,1,1,1,0.5001946,1,1,0
0.8538149,1,1,1,1,1,0.4981317,1,1,0
0.8489634,1,1,1,1,1,0.4961752,1,1,0
0.8444967,1,1,1,1,1,0.4943209,1,1,0
0.8403856,1,1,1,1,1,0.4925626,1,1,0
0.836599,1,1,1,1,1,0.4908984,1,1,0
0.8331111,1,1,1,1,1,0.4893247,1,1,0
0.829898,1,1,1,1,1,0.4878381,1,1,0
0.8269408,1,1,1,1,1,0.4864336,1,1,0
0.824217,1,1,1,1,1,0.9430459,1,1,1
0.8330774,1,1,1,1,1,0.9346288,1,1,1
0.8416001,1,1,1,1,1,0.9266468,1,1,1
0.8497791,1,1,1,1,1,0.9190685,1,1,1
0.857612,1,1,1,1,1,0.9118648,1,1,1
0.8651001,1,1,1,1,1,0.905008,1,1,1
0.8722422,1,1,1,1,1,0.8984777,1,1,1
0.8790428,1,1,1,1,1,0.8922521,1,1,1
0.8855073,1,1,1,1,1,0.8863122,0.4642398,1,0
0.8748263,1,1,1,1,1,0.8950933,0.384546,1,0
0.8646659,1,1,1,1,1,1,0.3477071,1,0
0.8549883,1,1,1,1,1,1,0.3454215,1,0
0.845761,1,1,1,1,1,1,0.3434622,1,0
0.8369559,1,1,1,1,1,1,0.3418316,1,0
0.8286737,1,1,1,1,1,1,0.3405093,1,0
0.8210341,1,1,1,1,1,1,0.3394554,1,0
0.8139783,1,1,1,1,1,1,0.3386591,1,0
0.8074521,1,1,1,1,1,1,0.3381115,1,0
0.8014062,1,1,1,1,1,1,0.7324067,1,1
0.8031083,1,1,1,1,1,1,0.7304079,1,1
0.8047217,1,1,1,1,1,1,0.7284818,0.3035805,0
0.7978687,1,1,1,1,1,1,0.7327677,0.3010328,0
0.7912904,1,1,1,1,1,1,0.7376931,0.298821,0
0.7849746,1,1,1,1,1,1,0.7432792,0.2969409,0
0.7789048,1,1,1,1,1,1,0.7495552,0.295394,0
0.7730693,1,1,1,1,1,1,0.7565498,0.2941791,0
0.7674568,1,1,1,1,1,1,0.7642941,0.2932962,0
0.7620553,1,1,1,1,1,1,1,0.656926,0
0.7618259,1,1,1,1,1,1,1,0.6561223,0
0.7615639,1,1,1,1,1,1,1,0.6553847,0
0.7612721,1,1,1,1,1,1,1,0.6547111,0
0.7609502,1,1,1,1,1,1,1,0.6541026,0
0.7606012,1,1,1,1,1,1,1,0.6535574,0
0.7602243,1,1,1,1,1,1,1,0.6530764,0
0.7598224,1,1,1,1,1,1,1,0.6526577,0
0.7593961,1,1,1,1,1,1,1,0.6523007,0
0.7589464,1,1,1,1,1,1,1,0.6520047,0
0.7584738,1,1,1,1,1,1,1,0.6517693,0
0.7579807,1,1,1,1,1,1,1,0.6515923,0
0.7574676,1,1,1,1,1,1,1,0.651473,0
0.7569348,1,1,1,1,1,1,1,0.6514109,0
0.7563828,1,1,1,1,1,1,1,0.6514052,0
0.7558132,1,1,1,1,1,1,1,0.6514537,0
0.7552266,1,1,1,1,1,1,1,0.6515557,0
0.7546228,1,1,1,1,1,1,1,0.6517104,0
0.7540038,1,1,1,1,1,1,1,0.6519156,0
0.7533693,1,1,1,1,1,1,1,0.6521705,0
0.752721,1,1,1,1,1,1,1,0.6524729,0
0.7520586,1,1,1,1,1,1,1,0.6528218,0
0.7513823,1,1,1,1,1,1,1,0.6532167,1
0.7506932,1,1,1,1,1,1,1,0.6536553,1
0.7499928,1,1,1,1,1,1,1,0.654135,1
1,1,1,1,1,1,1,1,0.6546568,0
1,1,1,1,1,1,1,1,1,1
1,1,1,1,1,1,1,1,1,1
1,1,1,1,1,1,1,1,1,1
1,1,1,1,1,1,1,1,1,1
1,1,1,1,1,1,1,1,1,1
1,1,1,1,1,1,1,1,1,1
1,1,1,1,1,1,1,1,1,1
1,1,1,1,1,1,1,1,1,1
1,1,1,1,1,1,1,1,1,1
1,1,1,1,1,1,1,1,1,1
1,1,1,1,1,1,1,1,1,1
1,1,1,1,1,1,1,1,1,1
1,1,1,1,1,1,1,1,1,1
1,1,1,1,1,1,1,1,1,1
1,1,1,1,1,1,1,1,1,1
1,1,1,1,1,1,1,1,1,1
1,1,1,1,1,1,1,1,1,1
1,1,1,1,1,1,1,1,1,1
1,1,1,1,1,1,1,1,1,1
1,1,1,1,1,1,1,1,1,1
1,1,1,1,1,1,1,1,1,1
1,1,1,1,1,1,1,1,1,1
1,1,1,1,1,1,1,1,1,1
1,1,1,1,1,1,1,1,1,1
1,1,1,1,1,1,1,1,1,1
1,1,1,1,1,1,1,1,1,1
1,1,1,1,1,1,1,1,1,1
1,1,1,1,1,1,1,1,1,1
1,1,1,1,1,1,1,1,1,1
1,1,1,1,1,1,1,1,1,1
1,1,1,1,1,1,1,1,1,1
1,1,1,1,1,1,1,1,1,1
1,1,1,1,1,1,1,1,1,1
1,1,1,1,1,1,1,1,1,1
1,1,1,1,1,1,1,1,1,1
1,1,1,1,1,1,1,1,1,1
1,1,1,1,1,1,1,1,1,1
1,1,1,1,1,1,1,1,1,1
1,1,1,1,1,1,1,1,1,1
1,1,1,1,1,1,1,1,1,1
1,1,1,1,1,1,1,1,1,1
1,1,1,1,1,1,1,1,1,1
1,1,1,1,1,1,1,1,1,1
1,1,1,1,1,1,1,1,1,1
1,1,1,1,1,1,1,1,1,1
1,1,1,1,1,1,1,1,1,1
1,1,1,1,1,1,1,1,1,1
1,1,1,1,1,1,1,1,1,1
1,1,1,1,1,1,1,1,1,1
1,1,1,1,1,1,1,1,1,1
1,1,1,1,1,1,1,1,1,1
1,1,1,1,1,1,1,1,1,1
1,1,1,1,1,1,1,1,1,1
1,1,1,1,1,1,1,1,1,1
1,1,1,1,1,1,1,1,1,1
1,1,1,1,1,1,1,1,1,1
1,1,1,1,1,1,1,1,1,1
1,1,1,1,1,1,1,1,1,1
1,1,1,1,1,1,1,1,1,1
1,1,1,1,1,1,1,1,1,1
1,1,1,1,1,1,1,1,1,1
1,1,1,1,1,1,1,1,1,1
1,1,1,1,1,1,1,1,1,1
1,1,1,1,1,1,1,1,1,1
1,1,1,1,1,1,1,1,1,1
1,1,1,1,1,1,1,1,1,1
1,1,1,1,1,1,1,1,1,1
1,1,1,1,1,1,1,1,1,1
1,1,1,1,1,1,1,1,1,1
1,1,1,1,1,1,1,1,1,1
1,1,1,1,1,1,1,1,1,1
1,1,1,1,1,1,1,1,1,1
1,1,1,1,1,1,1,1,1,1
1,1,1,1,1,1,1,1,1,1
1,1,1,1,1,1,1,1,1,1
1,1,1,1,1,1,1,1,1,1
1,1,1,1,1,1,1,1,1,1
1,1,1,1,1,1,1,1,1,1
1,1,1,1,1,1,1,1,1,1
1,1,1,1,1,1,1,1,1,1
1,1,1,1,1,1,1,1,1,1
1,1,1,1,1,1,1,1,1,1
1,1,1,1,1,1,1,1,1,1
1,1,1,1,1,1,1,1,1,1
1,1,1,1,1,1,1,1,1,1
1,1,1,1,1,1,1,1,1,1
1,1,1,1,1,1,1,1,1,1
1,1,1,1,1,1,1,1,1,1
1,1,1,1,1,1,1,1,1,1
1,1,1,1,1,1,1,1,1,1
1,1,1,1,1,1,1,1,1,1
1,1,1,1,1,1,1,1,1,1
1,1,1,1,1,1,1,1,1,1
1,1,1,1,1,1,1,1,1,1
1,1,1,1,1,1,1,1,1,1
1,1,1,1,1,1,1,1,1,1
1,1,1,1,1,1,1,1,1,1
1,1,1,1,1,1,1,1,1,1
1,1,1,1,1,1,1,1,1,1
1,1,1,1,1,1,1,1,1,1
1,1,1,1,1,1,1,1,1,1
1,1,1,1,1,1,1,1,1,1
1,1,1,1,1,1,1,1,1,1
1,1,1,1,1,1,1,1,1,1
1,1,1,1,1,1,1,1,1,1
1,1,1,1,1,1,1,1,1,1
1,1,1,1,1,1,1,1,1,1
1,1,1,1,1,1,1,1,1,1
1,1,1,1,1,1,1,1,1,1
1,1,1,1,1,1,1,1,1,1
1,1,1,1,1,1,1,1,1,1
1,1,1,1,1,1,1,1,1,1
1,1,1,1,1,1,1,1,1,1
1,1,1,1,1,1,1,1,1,1
1,1,1,1,1,1,1,1,1,1
1,1,1,1,1,1,1,1,1,1
1,1,1,1,1,1,1,1,1,1
1,1,1,1,1,1,1,1,1,1
1,1,1,1,1,1,1,1,1,1
1,1,1,1,1,1,1,1,1,1
1,1,1,1,1,1,1,1,1,1
1,1,1,1,1,1,1,1,1,1
1,1,1,1,1,1,1,1,1,1
1,1,1,1,1,1,1,1,1,1
1,1,1,1,1,1,1,1,1,1
1,1,1,1,1,1,1,1,1,1
1,1,1,1,1,1,1,1,1,1
1,1,1,1,1,1,1,1,1,1
1,1,1,1,1,1,1,1,1,1
1,1,1,1,1,1,1,1,1,1
1,1,1,1,1,1,1,1,1,1
1,1,1,1,1,1,1,1,1,1
1,1,1,1,1,1,1,1,1,1
1,1,1,1,1,1,1,1,1,1
1,1,1,1,1,1,1,1,1,1
1,1,1,1,1,1,1,1,1,1
1,1,1,1,1,1,1,1,1,1
1,1,1,1,1,1,1,1,1,1
1,1,1,1,1,1,1,1,1,1
1,1,1,1,1,1,1,1,1,1
1,1,1,1,1,1,1,1,1,1
1,1,1,1,1,1,1,1,1,1
1,1,1,1,1,1,1,1,1,1
1,1,1,1,1,1,1,1,1,1
1,1,1,1,1,1,1,1,1,1
1,1,1,1,1,1,1,1,1,1
1,1,1,1,1,1,1,1,1,1
1,1,1,1,1,1,1,1,1,1
1,1,1,1,1,1,1,1,1,1
1,1,1,1,1,1,1,1,1,1
1,1,1,1,1,1,1,1,1,1
1,1,1,1,1,1,1,1,1,1
1,1,1,1,1,1,1,1,1,1
1,1,1,1,1,1,1,1,1,1
1,1,1,1,1,1,1,1,1,1
1,1,1,1,1,1,1,1,1,1
1,1,1,1,1,1,1,1,1,1
1,1,1,1,1,1,1,1,1,1
1,1,1,1,1,1,1,1,1,1
1,1,1,1,1,1,1,1,1,1
1,1,1,1,1,1,1,1,1,1
1,1,1,1,1,1,1,1,1,1
1,1,1,1,1,1,1,1,1,1
1,1,1,1,1,1,1,1,1,1
1,1,1,1,1,1,1,1,1,1
1,1,1,1,1,1,1,1,1,1
1,1,1,1,1,1,1,1,1,1
1,1,1,1,1,1,1,1,1,1
1,1,1,1,1,1,1,1,1,1
1,1,1,1,1,1,1,1,1,1
1,1,1,1,1,1,1,1,1,1
1,1,1,1,1,1,1,1,1,1
1,1,1,1,1,1,1,1,1,1
1,1,1,1,1,1,1,1,1,1
1,1,1,1,1,1,1,1,1,1
1,1,1,1,1,1,1,1,1,1
1,1,1,1,1,1,1,1,1,1
1,1,1,1,1,1,1,1,1,1
1,1,1,1,1,1,1,1,1,1
1,1,1,1,1,1,1,1,1,1
1,1,1,1,1,1,1,1,1,1
1,1,1,1,1,1,1,1,1,1
1,1,1,1,1,1,1,1,1,1
1,1,1,1,1,1,1,1,1,1
1,1,1,0.9938864,1,1,1,1,1,1
1,1,1,0.9837238,1,1,1,1,1,1
1,1,1,0.9735486,1,1,1,1,1,1
1,1,1,0.9633614,1,1,1,1,1,1
1,1,1,0.9531626,1,1,1,1,1,1
1,1,1,0.9429526,1,1,1,1,1,1
1,1,1,0.932732,1,1,1,1,1,1
1,1,1,0.9225014,1,1,1,1,1,1
1,1,1,0.9122612,1,1,1,1,1,1
1,1,1,0.9020121,1,1,1,1,1,1
1,1,1,0.8917547,1,1,1,1,1,1
1,1,1,0.8814895,1,1,1,1,1,1
1,1,1,0.8712174,1,1,1,1,1,1
1,1,1,0.8609387,1,1,1,1,1,1
1,1,1,0.8506542,1,1,1,1,1,1
1,1,1,0.8403646,1,1,1,1,1,1
1,1,1,0.8300706,1,1,1,1,1,1
1,1,1,0.8197727,1,1,1,1,1,1
1,1,1,0.8094717,1,1,1,1,1,1
1,1,1,0.7991682,1,1,1,1,1,1
1,1,1,0.7888659,1,1,1,1,1,1
1,1,1,0.7785623,1,1,1,0.9998196,1,1
1,1,1,0.7682589,1,1,1,0.9984144,1,1
1,1,1,0.7579609,1,1,1,0.9969881,1,1
1,1,1,0.7476684,1,1,1,0.9955427,0.9781518,1
1,1,1,0.7374831,1,1,1,0.9948017,0.9386071,1
1,1,1,0.7274775,1,1,1,0.9953349,0.8931381,1
1,1,1,0.7176684,1,1,1,0.9973208,0.8420659,0
1,1,1,0.7080731,1,1,1,1,0.7994488,0
1,1,1,0.6986575,1,1,1,1,0.8006571,0
1,1,1,0.6892242,1,1,1,1,0.8019177,0
1,1,1,0.6797701,1,1,1,1,0.8032257,0
1,1,1,0.6702924,1,1,1,1,0.8045742,0
1,1,1,0.6607914,1,1,1,1,0.8059584,0
1,1,1,0.6512618,1,1,1,1,0.8073714,0
1,1,1,0.6417014,1,1,1,1,0.8088102,0
1,1,1,0.6321117,1,1,1,1,0.8102671,0
1,1,1,0.6224877,1,1,1,1,0.8117374,0
1,1,1,0.6128317,1,1,1,1,0.8132167,1
1,1,1,0.6031392,1,1,1,1,0.8147012,1
1,1,1,0.5934128,1,1,1,1,0.8161853,1
1,1,1,0.5836489,1,1,1,1,0.8176635,1
1,1,1,0.5738503,1,1,1,1,0.8191322,1
1,1,1,0.5640169,1,1,1,1,0.8205886,1
1,1,1,0.5541461,1,1,1,1,0.8220277,1
1,1,1,0.5442411,1,1,1,1,0.8234466,1
1,1,1,0.5342997,1,1,1,1,0.8248411,1
1,1,1,0.5243256,1,1,1,1,0.8262088,1
1,1,1,0.5143168,1,1,1,1,0.8275476,1
1,1,1,0.5042775,1,1,1,1,0.8288537,1
1,1,0.5489384,0.4942057,1,1,1,1,0.8301255,2
1,1,0.5352086,0.4829801,1,1,1,1,0.82862,2
1,1,0.5216157,0.4718196,1,1,1,1,0.8270826,2
1,1,0.5081591,0.4607215,1,1,1,1,0.8255213,2
1,1,0.4948434,0.4496888,1,1,1,1,0.8239397,2
1,1,0.4816688,0.4387206,1,1,1,1,0.8223438,2
1,1,0.4686344,0.4278158,1,1,1,1,0.8207372,2
1,1,0.455742,0.4169756,1,1,1,1,0.8191228,2
1,1,0.4429856,0.4061949,1,1,1,1,0.8175038,2
1,1,0.4303657,0.3954746,1,1,1,1,0.8158818,2
1,1,0.4178785,0.3848119,1,1,1,1,0.8142607,2
1,1,0.40552,0.3779529,1,1,1,1,0.8126404,2
1,1,0.3932936,0.3955596,1,1,1,1,0.8110274,2
1,1,0.3812169,0.4143633,1,1,1,1,0.8094547,2
1,1,0.369281,0.4344023,1,1,1,1,0.807919,2
1,1,0.3574712,0.4557334,1,1,1,1,0.8064141,2
1,1,0.3457803,0.4784023,1,1,1,1,0.8049363,2
1,1,0.334199,0.5024515,1,1,1,1,0.8034822,2
1,1,0.3227183,1,1,1,1,1,0.802049,1
1,1,0.3116286,1,1,1,1,1,0.8010642,1
1,1,0.3005592,1,1,1,1,1,0.8000488,1
1,1,0.2895083,1,1,1,1,1,0.7990026,1
1,1,0.2784803,1,1,1,1,1,0.7979286,1
1,0.3605799,0.2674729,1,1,1,1,1,0.7968264,2
1,0.3388222,0.2547595,1,1,1,1,1,0.7928154,2
1,0.3181346,0.2423726,1,1,1,1,1,0.7889692,2
1,0.2984338,0.2331659,1,1,1,1,1,0.7852836,2
1,0.2796914,0.2546935,1,1,1,1,1,0.7817719,2
1,0.262008,0.2793122,1,1,1,1,1,0.7784886,2
1,0.2452473,0.3074158,1,1,1,1,1,0.775393,2
1,0.2293025,0.3394522,1,1,1,1,1,0.7724474,2
1,0.2140701,0.3759378,1,1,1,1,1,0.7696162,2
1,0.1994672,1,1,1,1,1,1,0.7668696,2
0.3093116,0.1860455,1,1,1,1,1,1,0.7642692,2
0.2791496,0.1716045,1,1,1,1,1,1,0.7615576,2
0.2512961,0.1641203,1,1,1,1,1,1,0.7589779,2
0.2254963,0.1752771,1,1,1,1,1,1,0.7565283,2
0.2015371,0.1876662,1,1,1,1,1,1,0.754207,2
0.1792286,0.2014346,1,1,1,1,1,1,0.7520112,2
0.1584068,0.2167481,1,1,1,1,1,1,0.749941,2
0.1389331,0.2338052,1,1,1,1,1,1,0.7479953,2
0.1432445,0.2528411,1,1,1,1,1,1,0.7461733,2
0.1512454,0.2741367,1,1,1,1,1,1,0.7444741,2
0.1598517,1,1,1,1,1,1,1,0.7428973,2
0.1682726,1,1,1,1,1,1,1,0.74068,2
0.1770544,1,1,1,1,1,1,1,0.7383786,2
0.1861857,1,1,1,1,1,1,1,0.7359766,2
0.1956532,1,1,1,1,1,1,1,0.7334585,2
0.2054434,1,1,1,1,1,1,1,0.7308089,2
0.2155385,1,1,1,1,1,1,1,0.7280151,2
0.2259227,1,1,1,1,1,1,1,0.7250633,2
0.236574,1,1,1,1,1,1,1,0.7219436,2
0.2474697,1,1,1,1,1,1,1,0.7186465,2
1,1,1,1,1,1,1,1,0.7151638,0
1,1,1,1,1,1,1,1,0.7067899,0
1,1,1,1,1,1,1,1,0.6985891,0
1,1,1,1,1,1,1,1,0.690573,0
1,1,1,1,1,1,1,1,0.6827528,0
1,1,1,1,1,1,0.9683763,1,0.6751423,0
1,1,1,1,1,1,0.9341615,1,0.6675742,0
1,1,1,1,1,1,0.8995043,1,0.6778814,0
1,1,1,1,1,1,0.9005089,1,0.7695856,0
1,1,1,1,1,1,0.9037515,1,0.8606647,0
1,1,1,1,1,1,0.9044973,1,0.9452861,0
1,1,1,1,1,1,0.9027971,1,1,1
1,1,1,1,1,1,0.8995179,1,1,1
1,1,1,1,1,1,0.8963405,1,1,1
1,1,1,1,1,1,0.8932651,1,1,1
1,1,1,1,1,1,0.8902889,1,1,1
1,1,1,1,1,1,0.8874122,1,1,1
1,1,1,1,1,1,0.8846347,1,1,1
1,1,1,1,1,1,0.8819545,1,1,1
1,1,1,1,1,1,0.8793694,1,1,1
1,1,1,1,1,1,0.8768796,1,1,1
1,1,1,1,1,1,0.8744854,1,1,1
1,1,1,1,1,1,0.8721825,1,1,1
1,1,1,1,1,1,0.8699718,1,1,1
1,1,1,1,1,1,0.8678532,1,1,1
1,1,1,1,1,1,0.8658249,1,1,1
1,1,1,1,1,1,0.8638854,1,1,0
1,1,1,1,1,1,0.8620353,1,1,0
1,1,1,1,1,1,0.8602706,1,1,0
1,1,1,1,1,1,0.8585919,1,1,0
1,1,1,1,1,1,0.8570002,1,1,0
1,1,1,1,1,1,0.8554913,0.9993011,1,0
1,1,1,1,1,1,0.8540886,0.9573388,1,0
1,1,1,1,1,1,0.8541664,0.9119437,1,0
1,1,1,1,1,1,0.8558643,0.8637609,1,0
1,1,1,1,1,1,0.8593256,0.8135848,1,0
1,1,1,1,1,1,0.8646967,0.7623059,1,0
1,1,1,1,1,1,0.8721218,0.7108151,1,0
1,1,1,1,1,1,0.8817397,0.6599531,1,0
1,1,1,1,1,1,0.8936862,0.646898,1,0
1,1,1,1,1,1,0.9065952,0.6486697,1,0
1,1,1,1,1,1,1,0.6506411,1,0
1,1,1,1,1,1,1,0.6520831,1,0
1,1,1,1,1,1,1,0.6537572,1,0
1,1,1,1,1,1,1,0.6556588,1,0
1,1,1,1,1,1,1,0.6577839,1,0
1,1,1,1,1,1,1,0.6601281,1,0
1,1,1,1,1,1,1,0.6626866,1,0
1,1,1,1,1,1,1,0.665455,1,0
1,1,1,1,1,1,1,0.6684283,1,0
1,1,1,1,1,1,1,0.6716034,1,0
1,1,1,1,1,1,1,0.6749735,0.9684612,0
1,1,1,1,1,1,1,0.6791271,0.8111388,0
1,1,1,1,1,1,1,0.6865974,0.6533839,0
1,1,1,1,1,1,1,0.6956891,0.5764822,0
1,1,1,1,1,1,1,0.7056259,0.5782338,0
1,1,1,1,1,1,1,0.716456,0.5804698,0
1,1,1,1,1,1,1,0.7282325,0.5831985,0
1,1,1,1,1,1,1,0.7410144,0.5864297,0
1,1,1,1,1,1,1,0.7548689,0.5901762,0
1,1,1,1,1,1,1,1,0.5944492,0
1,1,1,1,1,1,1,1,0.5982507,0
1,1,1,1,1,1,1,1,0.6023697,0
1,1,1,1,1,1,1,1,0.6068009,0
1,1,1,1,1,1,1,1,0.6115357,0
1,1,1,1,1,1,1,1,0.6165686,0
1,1,1,1,1,1,1,1,0.6218918,0
1,1,1,1,1,1,1,1,0.6274958,0
1,1,1,1,1,1,1,1,0.633372,0
1,1,1,1,1,1,1,1,0.6395137,0
1,1,1,1,1,1,1,1,0.645908,0
1,1,1,1,1,1,1,1,0.6525475,0
1,1,1,1,1,1,1,1,0.6594205,0
1,1,1,1,1,1,1,1,0.6665168,0
1,1,1,1,1,1,1,1,0.673824,0
1,1,1,1,1,1,1,1,0.6813296,0
1,1,1,1,1,1,1,1,1,1
1,1,1,1,1,1,1,1,1,1
1,1,1,1,1,1,1,1,1,1
1,1,1,1,1,1,1,1,1,1
1,1,1,1,1,1,1,1,1,1
1,1,1,1,1,1,1,1,1,1
1,1,1,1,1,1,1,1,1,1
1,1,1,1,1,1,1,1,1,1
1,1,1,1,1,1,1,1,1,1
1,1,1,1,1,1,1,1,1,1
1,1,1,1,1,1,1,1,1,1
1,1,1,1,1,1,1,1,1,1
1,1,1,1,1,1,1,1,1,1
1,1,1,1,1,1,1,1,1,1
1,1,1,1,1,1,1,1,1,1
1,1,1,1,1,1,1,1,1,1
1,1,1,1,1,1,1,1,1,1
1,1,1,1,1,1,1,1,1,1
1,1,1,1,1,1,1,1,1,1
1,1,1,1,1,1,1,1,1,1
1,1,1,1,1,1,1,1,1,1
1,1,1,1,1,1,1,1,1,1
1,1,1,1,1,1,1,1,1,1
1,1,1,1,1,1,1,1,1,1
1,1,1,1,1,1,1,1,1,1
1,1,1,1,1,1,1,1,1,1
1,1,1,1,1,1,1,1,1,1
1,1,1,1,1,1,1,1,1,1
1,1,1,1,1,1,1,1,1,1
1,1,1,1,1,1,1,1,1,1
1,1,1,1,1,1,1,1,1,1
1,1,1,1,1,1,1,1,1,1
1,1,1,1,1,1,1,1,1,1
1,1,1,1,1,1,1,1,1,1
1,1,1,1,1,1,1,1,1,1
1,1,1,1,1,1,1,1,1,1
1,1,1,1,1,1,1,1,1,1
1,1,1,1,1,1,1,1,1,1
1,1,1,1,1,1,1,1,1,1
1,1,1,1,1,1,1,1,1,1
1,1,1,1,1,1,1,1,1,1
1,1,1,1,1,1,1,1,1,1
1,1,1,1,1,1,1,1,1,1
1,1,1,1,1,1,1,1,1,1
1,1,1,1,1,1,1,1,1,1
1,1,1,1,1,1,1,1,1,1
1,1,1,1,1,1,1,1,1,1
1,1,1,1,1,1,1,1,1,1
1,1,1,1,1,1,1,1,1,1
1,1,1,1,1,1,1,1,1,1
1,1,1,1,1,1,1,1,1,1
1,1,1,1,1,1,1,1,1,1
1,1,1,1,1,1,1,1,1,1
1,1,1,1,1,1,1,1,1,1
1,1,1,1,1,1,1,1,1,1
1,1,1,1,1,1,1,1,1,1
1,1,0.9960082,1,1,1,1,1,1,1
1,1,0.9920254,1,1,1,1,1,1,1
1,1,0.9881695,1,1,1,1,1,1,1
1,1,0.9844373,1,1,1,1,1,1,1
1,1,0.980826,1,1,1,1,1,1,1
1,1,0.977331,1,1,1,1,1,1,1
1,1,0.9739496,1,1,1,1,1,1,1
1,0.9993087,0.9706798,1,1,1,1,1,1,1
1,0.9967881,0.9675475,1,1,1,1,1,1,1
1,0.9943591,0.9646292,1,1,1,1,1,1,1
1,0.9920205,0.9619182,1,1,1,1,1,1,1
1,0.989768,0.9594029,1,1,1,1,1,1,1
1,0.9875997,0.9570757,1,0.9956277,1,1,1,1,1
1,0.9855367,0.9549859,1,0.9851834,1,1,1,1,1
1,0.9836065,0.9531978,1,0.974682,1,1,1,1,1
1,0.9818064,0.951701,1,0.9641341,1,1,1,1,1
1,0.9801323,0.9504833,1,0.9535434,1,1,1,1,1
1,0.9785805,0.9495328,1,0.9429165,1,1,1,1,1
1,0.9771471,0.9488379,1,0.9322566,1,1,1,1,1
1,0.9758304,0.9483905,1,0.9263185,1,1,1,1,1
1,0.974602,0.9481208,1,0.9276473,1,1,1,1,1
1,0.973423,0.9479329,1,0.9292333,1,1,1,1,1
1,0.9526542,0.9478229,1,0.9310681,1,1,1,1,1
1,0.9237682,0.9486774,1,0.9360701,1,1,1,1,2
1,0.8935677,0.9489542,1,0.9454873,1,1,1,1,2
0.8642295,0.8622388,0.9323521,1,0.9598398,1,1,1,1,2
0.8626779,0.8204616,0.9109751,1,1,1,1,1,1,2
0.8615106,0.7783162,0.8890132,0.874798,1,1,1,1,1,2
0.8609935,0.7334052,0.8652663,0.8582452,1,1,1,1,1,2
0.8611792,0.6889425,0.84113,0.8415326,1,1,1,1,1,2
0.8619677,0.6804292,0.8178784,0.8253335,1,1,1,1,1,2
0.8633496,0.6883738,0.7955686,0.8096832,1,1,1,1,1,2
0.8653323,0.6971028,0.8069997,0.7945565,1,1,1,1,1,2
0.8679233,0.7066576,0.8357754,0.8211333,1,1,1,1,1,2
0.8710516,0.7168608,0.8669661,1,1,1,1,1,1,2
0.8741,0.7260858,0.8957559,1,1,1,1,1,1,2
0.8773372,0.7352732,0.9249349,1,1,1,1,1,1,2
0.8807117,0.744368,1,1,1,1,1,1,1,2
0.8839681,0.7527848,1,1,1,1,1,1,1,2
0.8873979,0.7613491,0.7604059,1,1,1,1,1,1,2
0.8299928,0.7728994,0.7443631,1,1,1,1,1,1,2
0.7529829,0.7866611,0.7281769,1,1,1,1,1,1,2
0.6792257,0.8034541,0.7117823,1,1,1,1,1,1,2
0.6137843,0.7810035,0.6958554,1,1,1,1,1,1,2
0.6201033,0.7519169,0.6804894,1,1,1,1,1,1,2
0.6270294,0.7243099,0.7017433,1,1,1,1,1,1,2
0.6345855,0.6980743,0.7597649,1,1,1,1,1,1,2
0.642795,0.6731162,1,1,1,1,1,1,1,2
0.6516856,0.6711553,1,1,1,1,1,1,1,2
0.6612856,0.6932753,1,1,1,1,1,1,1,2
0.6713768,0.7166604,1,1,1,1,1,1,1,2
0.6816795,0.7406431,1,1,1,1,1,1,1,2
0.6921326,0.765112,1,1,1,1,1,1,1,2
0.7026792,0.7899516,1,1,1,1,1,1,1,2
0.713263,1,1,1,1,1,1,1,1,2
0.7218105,0.6330869,1,1,1,1,1,1,1,2
0.7345818,0.6154646,1,1,1,1,1,1,1,2
0.7280833,0.5986075,1,1,1,1,1,1,1,2
0.6951559,0.5822593,1,1,1,1,1,1,1,2
0.6631554,0.5661606,1,1,1,1,1,1,1,2
0.6322705,0.5591762,1,1,1,1,1,1,1,2
0.6027471,0.5930854,1,1,1,1,1,1,1,2
0.6131569,0.6304802,1,1,1,1,1,1,1,2
0.6294502,1,1,1,1,1,1,1,1,2
0.6424612,1,1,1,1,1,1,1,1,2
0.6556476,1,1,1,1,1,1,1,1,2
0.6689865,1,1,1,1,1,1,1,1,2
0.6824538,1,1,1,1,1,1,1,1,2
0.6960251,1,1,1,1,1,1,1,1,2
0.7096759,1,1,1,1,1,1,1,1,2
0.5629786,1,1,1,1,1,1,1,1,2
0.5445887,1,1,1,1,1,1,1,1,2
0.5266406,1,1,1,1,1,1,1,1,2
0.509155,1,1,1,1,1,1,1,1,2
0.4921479,1,1,1,1,1,1,1,1,2
0.5010291,1,1,1,1,1,1,1,1,2
0.5184372,1,1,1,1,1,1,1,1,2
0.5362327,1,1,1,1,1,1,1,1,2
0.5543786,1,1,1,1,1,1,1,1,2
1,1,1,1,1,1,1,1,1,1
1,1,1,1,1,1,1,1,1,1
1,1,1,1,1,1,1,1,1,1
1,1,1,1,1,1,1,1,1,1
1,1,1,1,1,1,1,1,1,1
1,1,1,1,1,1,1,1,1,1
1,1,1,1,1,1,1,1,1,1
1,1,1,1,1,1,1,1,1,1
1,1,1,1,1,1,1,1,1,1
1,1,1,1,1,1,1,1,1,1
1,1,1,1,1,1,1,1,1,1
1,1,1,1,1,1,1,1,1,1
1,1,1,1,1,1,1,1,1,1
1,1,1,1,1,1,1,1,1,1
1,1,1,1,1,1,1,1,1,1
1,1,1,1,1,1,1,1,1,1
1,1,1,1,1,1,1,1,1,1
1,1,1,1,1,1,1,1,1,1
1,1,1,1,1,1,1,1,1,1
1,1,1,1,1,1,1,1,1,1
1,1,1,1,1,1,1,1,1,1
1,1,1,1,1,1,1,1,1,1
1,1,1,1,1,1,1,1,1,1
1,1,1,1,1,1,1,1,1,1
1,1,1,1,1,1,1,1,1,1
1,1,1,1,1,1,1,1,1,1
1,1,1,1,1,1,1,1,1,1
1,1,1,1,1,1,1,1,1,1
1,1,1,1,1,1,1,1,1,1
1,1,1,1,1,1,1,1,1,1
1,1,1,1,1,1,1,1,1,1
1,1,1,1,1,1,1,1,1,1
1,1,1,1,1,1,1,1,1,1
1,1,1,1,1,1,1,1,1,1
1,1,1,1,1,1,1,1,1,1
1,1,1,1,1,1,1,1,1,1
1,1,1,1,1,1,1,1,1,1
1,1,1,1,1,1,1,1,1,1
1,1,1,1,1,1,1,1,1,1
1,1,1,1,1,1,1,1,1,1
1,1,1,1,1,1,1,1,1,1
1,1,1,1,1,1,1,1,1,1
1,1,1,1,1,1,1,1,1,1
1,1,1,1,1,1,1,1,1,1
1,1,1,1,1,1,1,1,1,1
1,1,1,1,1,1,1,1,1,1
1,1,1,1,1,1,1,1,1,1
1,1,1,1,1,1,1,1,1,1
1,1,1,1,1,1,1,1,1,1
1,1,1,1,1,1,1,1,1,1
1,1,1,1,1,1,1,1,1,1
1,1,1,1,1,1,1,1,1,1
1,1,1,1,1,1,1,1,1,1
1,1,1,1,1,1,1,1,1,1
1,1,1,1,1,1,1,1,1,1
1,1,1,1,1,1,1,1,1,1
1,1,1,1,1,1,1,1,1,1
1,1,1,1,1,1,1,1,1,1
1,1,1,1,1,1,1,1,1,1
1,1,1,1,1,1,1,1,1,1
1,1,1,1,1,1,1,1,1,1
1,1,1,1,1,1,1,1,1,1
1,1,1,1,1,1,1,1,1,1
1,1,1,1,1,1,1,1,1,1
1,1,1,1,1,1,1,1,1,1
1,1,1,1,1,1,1,1,1,1
1,1,1,1,1,1,1,1,1,1
1,1,1,1,1,1,1,1,1,1
1,1,1,1,1,1,1,1,1,1
1,1,1,1,1,1,1,1,1,1
1,1,1,1,1,1,1,1,1,1
1,1,1,1,1,1,1,1,1,1
1,1,1,1,1,1,1,1,1,1
1,1,1,1,1,1,1,1,1,1
1,1,1,1,1,1,1,1,1,1
1,1,1,1,1,1,1,1,1,1
1,1,1,1,1,1,1,1,1,1
1,1,1,1,1,1,1,1,1,1
1,1,1,1,1,1,1,1,1,1
1,1,1,1,1,1,1,1,1,1
1,1,1,1,1,1,1,1,1,1
1,1,1,1,1,1,1,1,1,1
1,1,1,1,1,1,1,1,1,1
1,1,1,1,1,1,1,1,1,1
1,1,1,1,1,1,1,1,1,1
1,1,1,1,1,1,1,1,1,1
1,1,1,1,1,1,1,1,1,1
1,1,1,1,1,1,1,1,1,1
1,1,1,1,1,1,1,1,1,1
1,1,1,1,1,1,1,1,1,1
1,1,1,1,1,1,1,1,1,1
1,1,1,1,1,1,1,1,1,1
1,1,1,1,1,1,1,1,1,1
1,1,1,1,1,1,1,1,1,1
1,1,1,1,1,1,1,1,1,1
1,1,1,1,1,1,1,1,1,1
1,1,1,1,1,1,1,1,1,1
1,1,1,1,1,1,1,1,1,1
1,1,1,1,1,1,1,1,1,1
1,1,1,1,1,1,1,1,1,1
1,1,1,1,1,1,1,1,1,1
1,1,1,1,1,1,1,1,1,1
1,1,1,1,1,1,1,1,1,1
1,1,1,1,1,1,1,1,1,1
1,1,1,1,1,1,1,1,1,1
1,1,1,1,1,1,1,1,1,1
1,1,1,1,1,1,1,1,1,1
1,1,1,1,1,1,1,1,1,1
1,1,1,1,1,1,1,1,1,1
1,1,1,1,1,1,1,1,1,1
1,1,1,1,1,1,1,1,1,1
1,1,1,1,1,1,1,1,1,1
1,1,1,1,1,1,0.9980934,1,1,1
1,1,1,1,1,1,0.9912392,1,1,1
1,1,1,1,1,1,0.9845171,1,1,1
1,1,1,1,1,1,0.9779243,1,1,1
1,1,1,1,1,1,0.9714578,1,1,1
1,1,1,1,1,1,0.9651168,1,1,1
1,1,1,1,1,1,0.958899,1,1,1
1,1,1,1,1,1,0.9528025,1,1,1
1,1,1,1,1,1,0.9468259,1,1,1
1,1,1,1,1,1,0.940967,1,1,1
1,1,1,1,1,1,0.9352255,1,1,1
1,1,1,1,1,1,0.929601,1,1,1
1,1,1,1,1,1,0.9240932,1,1,1
1,1,1,1,1,1,0.9186996,1,1,1
1,1,1,1,1,1,0.9134212,1,1,1
1,1,1,1,1,1,0.9082572,1,1,1
1,1,1,1,1,1,0.9032077,1,1,1
1,1,1,1,1,1,0.8982722,1,1,1
1,1,1,1,1,1,0.8934487,1,1,1
1,1,1,1,1,1,0.888739,1,1,1
1,1,1,1,1,1,0.884143,1,1,0
1,1,1,1,1,1,0.879659,1,1,0
1,1,1,1,1,1,0.8752891,1,1,0
1,1,1,1,1,1,0.8710316,1,1,0
1,1,1,1,1,1,0.8668866,1,1,0
1,1,1,1,1,1,0.8628546,1,1,0
1,1,1,1,1,1,0.8589357,1,1,0
1,1,1,1,1,1,1,1,1,1
1,1,1,1,1,1,1,1,1,1
1,1,1,1,1,1,1,1,1,1
1,1,1,1,1,1,1,1,1,1
1,1,1,1,1,1,1,1,1,1
1,1,1,1,1,1,1,1,1,1
1,1,1,1,1,1,1,1,1,1
1,1,1,1,1,1,1,1,1,1
1,1,1,1,1,1,1,0.9431103,1,1
1,1,1,1,1,1,1,0.852954,1,0
1,1,1,1,1,1,1,0.7429625,1,0
1,1,1,1,1,1,1,0.6741008,1,0
1,1,1,1,1,1,1,0.6701112,1,0
1,1,1,1,1,1,1,0.6663626,1,0
1,1,1,1,1,1,1,0.6628576,1,0
1,1,1,1,1,1,1,0.6595987,1,0
1,1,1,1,1,1,1,0.6565899,1,0
1,1,1,1,1,1,1,0.6538317,1,0
1,1,1,1,1,1,1,0.6513273,1,0
1,1,1,1,1,1,1,0.6490784,1,0
1,1,1,1,1,1,1,0.6470851,1,0
1,1,1,1,1,1,1,0.6453484,1,0
1,1,1,1,1,1,1,0.6438696,1,0
1,1,1,1,1,1,1,0.6426481,1,0
1,1,1,1,1,1,1,0.6416844,1,0
1,1,1,1,1,1,1,0.6409777,1,0
1,1,1,1,1,1,1,0.6405269,1,0
1,1,1,1,1,1,1,1,0.6010728,0
1,1,1,1,1,1,1,1,0.5972223,0
1,1,1,1,1,1,1,1,0.593701,0
1,1,1,1,1,1,1,1,0.5905139,0
1,1,1,1,1,1,1,1,0.5876643,0
1,1,1,1,1,1,1,1,1,1
1,1,1,1,1,1,0.9469761,1,1,1
1,1,1,1,1,1,0.9355327,1,1,1
1,1,1,1,1,1,0.924014,1,1,1
1,1,1,1,1,1,0.9206864,1,1,1
1,1,1,1,1,1,0.9235891,1,1,1
1,1,1,1,1,1,0.9264292,1,1,1
1,1,1,1,1,1,0.9292119,1,1,1
1,1,1,1,1,1,0.931935,1,1,1
1,1,1,1,1,1,0.9345993,1,1,1
1,1,1,1,1,1,0.937203,1,1,1
1,1,1,1,1,1,0.9397472,1,1,1
1,0.9989554,1,1,1,1,0.9422339,1,1,1
1,0.9843106,1,1,1,1,0.944589,1,1,1
1,0.9690156,1,1,1,1,0.9458731,1,1,1
1,0.9530956,1,1,1,1,0.9460627,1,1,1
1,0.9365813,1,1,1,1,0.9451429,1,1,1
1,0.9195032,1,1,1,1,0.9431108,1,1,1
1,0.9019066,1,1,1,1,0.9399835,1,1,1
1,0.8838361,1,1,1,1,0.9357829,1,1,1
1,0.8653398,1,1,1,1,0.9305426,1,1,1
1,0.8464683,1,1,1,1,0.9243145,1,1,1
1,0.8272754,1,1,1,1,0.9171522,1,1,1
1,0.8078148,1,1,1,1,0.9091209,1,1,2
1,0.7881415,1,1,1,1,0.9002956,1,1,2
1,0.7851952,1,1,1,1,0.8907488,1,1,2
1,0.7887335,1,1,1,1,0.8815398,1,1,2
1,0.7921513,1,1,1,1,0.8730081,1,1,1
1,0.7954469,1,1,1,1,0.865095,1,1,1
1,0.7986211,1,1,1,1,0.8577448,1,1,1
1,0.8016768,1,1,1,1,0.8509056,1,1,1
1,0.804615,1,1,1,1,0.8445348,1,1,1
1,0.8074371,1,1,1,1,0.8385944,0.8980138,1,1
1,0.8075985,1,1,1,1,0.8385674,0.8810409,1,1
1,0.8073314,1,1,1,1,0.839479,0.8634652,1,1
1,0.8066499,1,1,1,1,0.8413137,0.8453506,1,1
1,0.8055662,1,1,1,1,0.8440655,0.8267589,1,1
1,0.8040959,1,1,1,1,0.847731,0.8077625,1,1
1,0.8022615,1,1,1,1,0.8523022,0.7884306,1,1
1,0.8000846,1,1,1,1,0.857776,0.7688255,1,1
1,0.7975869,1,1,1,1,0.8641542,0.7490183,1,0
1,0.7947969,1,1,1,1,0.8714298,0.7290722,1,0
1,0.7917398,1,1,1,1,1,0.7090473,1,1
1,0.7899537,1,1,1,1,1,0.6908339,1,1
1,0.7878062,1,1,1,1,1,0.6723484,1,1
1,0.7853095,1,1,1,1,1,0.6536404,1,0
1,0.7824781,1,1,1,1,1,0.6347591,1,0
1,0.7793285,1,1,1,1,1,0.6157541,1,0
1,0.7758787,1,1,1,1,1,0.5966731,1,0
1,0.7721481,1,1,1,1,1,0.577567,1,0
1,0.768159,1,1,1,1,1,0.558475,1,0
1,0.7639338,1,1,1,1,1,0.5394431,1,0
1,1,1,1,1,1,1,0.5205041,1,0
1,0.7501981,1,1,1,1,1,0.5239094,1,0
1,0.7459618,1,1,1,1,1,0.5277618,1,0
1,1,1,1,1,1,1,0.5315661,1,0
1,0.7333605,1,1,1,1,1,0.5399749,1,0
1,1,1,1,1,1,1,0.5436113,1,0
1,1,1,1,1,1,1,0.552413,1,0
1,1,1,1,1,1,1,0.561493,0.7710475,0
1,0.7028826,1,1,1,1,1,0.5760456,0.7056096,0
1,0.6955007,1,1,1,1,1,0.5864307,0.658945,0
1,0.6878072,1,1,1,1,1,0.5980636,0.6139013,0
1,0.679898,1,1,1,1,1,0.6109717,0.5707992,0
1,0.6718587,1,1,1,1,1,0.6251789,0.5298395,0
1,0.6637687,1,1,1,1,1,0.6406968,0.4911363,0
1,0.6556934,1,1,1,1,1,0.6575311,0.4547134,0
1,0.6476864,1,1,1,1,1,1,0.458099,0
1,0.6428549,1,1,1,1,1,1,0.4625086,0
1,0.63816,1,1,1,1,1,1,0.4669223,0
1,0.6335923,1,1,1,1,1,1,0.4713311,0
1,0.629142,1,1,1,1,1,1,0.4757283,0
1,0.6248038,1,1,1,1,1,1,0.4801038,0
1,0.6205698,1,1,1,1,1,1,0.4844515,0
1,1,1,1,1,1,1,1,0.4887655,0
1,0.6082993,1,1,1,1,1,1,0.4975918,1
1,1,1,1,1,1,1,1,0.5018696,0
1,1,1,0.9761373,1,1,1,1,0.5111659,0
1,1,1,0.9395431,1,1,1,1,0.5206854,0
1,0.5821827,1,0.9070975,1,1,1,1,0.5302793,1
1,1,1,0.9037531,1,1,1,1,0.5335521,0
0.541378,1,1,0.8848623,1,1,1,1,0.5430974,2
0.5376542,1,1,0.8771563,1,1,1,1,0.5449994,2
0.534,1,1,0.8799842,1,1,1,1,0.5467185,2
0.5304274,1,1,0.8831376,1,1,1,1,0.5483468,2
0.5269369,1,1,0.8866102,1,1,1,1,0.5498909,2
0.5235307,1,0.9884655,0.8903988,1,1,1,1,0.5513551,2
0.5202025,1,0.96913,0.8950605,1,1,1,1,0.5526211,2
0.5169572,1,0.9495684,0.9009819,1,1,1,1,0.5536207,2
0.5138062,1,0.9298571,0.9081779,1,1,1,1,0.5543736,2
0.5107608,1,0.9100721,0.9166679,1,1,1,1,0.5549003,2
0.5078313,1,0.8902835,0.9264731,1,1,1,1,0.5552212,2
0.505026,1,0.8705552,0.9376141,1,1,1,1,0.5553578,2
0.5023525,1,0.8509437,0.9501141,1,1,1,1,0.5553311,2
0.4998189,1,0.8314946,0.9640012,1,1,1,1,1,2
0.4976508,1,0.8050418,1,1,1,1,1,0.5513811,2
0.495558,1,0.7866176,1,1,1,1,1,1,2
0.4940012,1,0.7619294,1,1,1,1,1,1,2
1,1,0.738282,1,1,1,1,1,0.5438548,0
1,1,0.7319494,1,1,1,1,1,1,2
1,1,0.7163276,1,1,1,1,1,1,2
1,1,0.7007099,1,1,1,1,1,1,2
1,1,0.6851151,1,1,1,1,1,1,2
1,1,0.6795543,1,1,1,1,1,1,2
1,1,0.6843499,1,1,1,1,1,1,2
1,1,0.689223,1,1,1,1,1,1,2
1,1,0.6941687,1,1,1,1,1,1,2
1,1,0.6991827,1,1,1,1,1,1,2
1,1,0.7042574,1,1,1,1,1,1,2
1,1,0.7093877,1,1,1,1,1,1,2
1,1,0.7145692,1,1,1,1,1,1,2
1,1,0.7197968,1,1,1,1,1,1,2
1,1,0.725066,1,1,1,1,1,1,2
1,0.8021113,0.7303717,1,1,1,1,1,1,2
1,0.770288,0.7445677,1,1,1,1,1,1,2
1,0.7390653,0.760621,1,1,1,1,1,1,2
1,0.7085654,0.7786478,1,1,1,1,1,1,2
1,0.6788906,0.7987709,1,1,1,1,1,1,2
1,0.6501127,1,1,1,1,1,1,1,2
1,0.6248818,1,1,1,1,1,1,1,2
1,0.5999166,1,1,1,1,1,1,1,2
1,0.5753031,1,1,1,1,1,1,1,2
1,0.5511171,1,1,1,1,1,1,1,2
1,0.5274191,1,1,1,1,1,1,1,2
1,0.5046878,1,1,1,1,1,1,1,2
1,0.5128428,1,1,1,1,1,1,1,2
1,0.5213269,1,1,1,1,1,1,1,2
1,0.5301318,1,1,1,1,1,1,1,2
1,0.5392443,1,1,1,1,1,1,1,2
1,0.5486524,1,1,1,1,1,1,1,2
1,0.5583435,1,1,1,1,1,1,1,2
0.6890326,0.5683042,1,1,1,1,1,1,1,2
0.6335119,0.584682,1,1,1,1,1,1,1,2
0.5832211,0.6024752,1,1,1,1,1,1,1,2
0.5374523,0.621807,1,1,1,1,1,1,1,2
0.4956315,0.6428226,1,1,1,1,1,1,1,2
0.4572731,1,1,1,1,1,1,1,1,2
0.4534225,1,1,1,1,1,1,1,1,2
0.4621919,1,1,1,1,1,1,1,1,2
0.4714116,1,1,1,1,1,1,1,1,2
0.4810713,1,0.9916824,1,1,1,1,1,1,2
0.4911729,1,0.9804395,1,1,1,1,1,1,2
0.5017054,1,0.9696535,1,1,1,1,1,1,2
0.5126506,1,0.9592853,1,1,1,1,1,1,2
0.5239881,1,0.9493001,1,1,1,1,1,1,2
0.5356963,1,1,1,1,1,1,1,1,2
0.5477199,1,1,1,1,1,1,1,1,2
0.5600771,1,1,1,1,1,1,1,1,2
0.5727478,1,1,1,1,1,1,1,1,2
0.5857107,1,1,1,1,1,1,1,1,2
1,1,1,1,1,1,1,1,1,1
1,1,1,1,1,1,1,1,1,1
1,1,1,1,1,1,1,1,1,1
1,1,1,1,1,1,1,1,1,1
1,1,1,1,1,1,1,1,1,1
1,1,1,1,1,1,1,1,1,1
1,1,1,1,1,1,1,1,1,1
1,1,1,1,1,1,1,1,1,1
1,1,1,1,1,1,1,1,1,1
0.9895838,1,1,1,1,1,1,1,1,1
0.9761753,0.8712222,1,1,1,1,1,1,1,1
0.9602356,0.8606821,1,1,1,1,1,1,1,1
0.9437772,0.8499724,1,1,1,1,1,1,1,1
0.9268371,0.8391047,1,1,1,1,1,1,1,2
0.9094619,0.8280956,1,1,1,1,1,1,1,2
0.8917084,0.8169673,1,1,1,1,1,1,1,2
0.8905104,0.8057379,1,1,1,1,1,1,1,2
0.9028295,0.7945799,1,1,1,1,1,1,1,2
0.9151597,0.7836139,1,1,1,1,1,1,1,2
0.9274804,0.7728274,1,1,1,1,1,1,1,2
0.939778,0.7622117,1,1,1,1,1,1,1,2
0.9520321,0.7517585,1,1,1,1,1,1,1,2
0.9642304,0.7414562,1,1,1,1,1,1,1,2
0.9763539,0.731294,1,1,1,1,1,1,1,2
0.988389,0.7212676,1,1,1,1,1,1,1,1
1,0.7113668,1,1,1,1,1,1,1,1
1,0.7015795,1,1,1,1,1,1,1,1
1,0.6918302,1,1,1,1,1,1,1,1
1,0.6821207,1,1,1,1,1,1,1,1
1,0.6892993,1,1,1,1,1,1,1,1
1,0.7165036,1,1,1,1,1,1,1,1
1,0.7435737,1,1,1,1,1,1,1,1
1,0.7704246,1,1,1,1,1,1,1,1
1,0.7969728,1,1,1,1,1,1,1,1
1,0.8231441,1,1,1,1,1,1,1,1
1,0.8488558,1,1,1,1,1,1,1,1
1,1,1,1,1,1,1,1,1,1
1,1,1,1,1,1,1,1,1,1
1,1,1,1,1,1,1,1,1,1
1,1,1,1,1,1,1,1,1,1
0.7312142,1,1,1,1,1,1,1,1,2
0.7156173,1,1,1,1,1,1,1,1,2
0.7000976,1,1,1,1,1,1,1,1,2
0.684683,1,1,1,1,1,1,1,1,2
0.6693996,1,1,1,1,1,1,1,1,2
0.6542724,1,1,1,1,1,1,1,1,2
0.6393246,1,1,1,1,1,1,1,1,2
0.6245736,1,1,1,1,1,1,1,1,2
0.6100425,1,1,1,1,1,1,1,1,2
0.5957449,1,1,1,1,1,1,1,1,2
0.5816926,1,1,1,1,1,1,1,1,2
0.5708141,1,1,1,1,1,1,1,1,2
0.5905814,1,1,1,1,1,1,1,1,2
0.610586,1,1,1,1,1,1,1,1,2
0.6307835,1,1,1,1,1,1,1,1,2
0.6511244,1,1,1,1,1,1,1,1,2
0.6715611,1,1,1,1,1,1,1,0.99923,2
0.6920137,1,1,1,1,1,1,1,0.9954508,2
0.7123029,1,1,1,1,1,1,1,0.9912792,2
0.7323461,1,1,1,1,1,1,1,0.9867119,2
1,1,1,1,1,1,1,1,0.9817479,1
1,1,1,1,1,1,1,1,0.9735407,1
1,1,1,1,1,1,1,1,0.9651882,1
1,1,1,1,1,1,1,1,0.9566963,1
1,1,1,1,1,1,1,1,0.9480711,1
1,1,1,1,1,1,1,1,0.9393174,1
1,1,1,1,1,1,1,1,0.9304426,1
1,1,1,1,1,1,1,1,0.9214525,1
1,1,1,1,1,1,1,1,0.9123555,1
1,1,1,1,1,1,1,1,0.9031601,1
1,1,1,1,1,1,1,1,0.8938738,1
1,1,1,1,1,1,1,1,0.8845061,0
1,1,1,1,1,1,1,1,0.8750671,0
1,1,1,1,1,1,1,1,0.8671242,0
1,1,1,1,1,1,1,1,0.8926951,1
1,1,1,1,1,1,1,1,0.9170895,1
1,1,1,1,1,1,1,1,0.9401916,1
1,1,1,1,1,1,1,1,0.9619147,1
1,1,1,1,1,1,1,1,0.9822019,1
1,1,1,1,1,1,1,1,1,1
1,1,1,1,1,1,1,1,1,1
1,1,1,1,1,1,1,1,1,1
1,1,1,1,1,1,1,1,1,1
1,1,1,1,1,1,1,1,1,1
1,1,1,1,1,1,1,1,1,1
1,1,1,1,1,1,1,1,1,1
1,1,1,1,1,1,1,1,1,1
1,1,1,1,1,1,1,1,1,1
1,1,1,1,1,1,1,1,1,1
1,1,1,1,1,1,1,1,1,1
1,1,1,1,1,1,1,1,1,1
1,1,1,1,1,1,1,1,1,1
1,1,1,1,1,1,1,1,1,1
1,1,1,1,1,1,1,1,1,1
1,1,1,1,1,1,1,1,1,1
1,1,1,1,1,1,1,1,1,1
1,1,1,1,1,1,1,1,1,1
1,1,1,1,1,1,1,1,1,1
1,1,1,1,1,1,1,1,1,1
1,1,1,1,1,1,1,1,1,1
1,1,1,1,1,1,1,1,1,1
1,1,1,1,1,1,1,1,1,1
1,1,1,1,1,1,1,1,1,1
1,1,1,1,1,1,1,1,1,1
1,1,1,1,1,1,1,1,1,1
1,1,1,1,1,1,1,1,1,1
1,1,1,1,1,1,1,1,1,1
1,1,1,1,1,1,1,1,1,1
1,1,1,1,1,1,1,1,1,1
1,1,1,1,1,1,1,1,1,1
1,1,1,1,1,1,1,1,1,1
1,1,1,1,1,1,1,1,1,1
1,1,1,1,1,1,1,1,1,1
1,1,1,1,1,1,1,1,1,1
1,1,1,1,1,1,1,1,1,1
1,1,1,1,1,1,1,1,1,1
1,1,1,1,1,1,1,1,1,1
1,1,1,1,1,1,1,1,1,1
1,1,1,1,1,1,1,1,1,1
1,1,1,1,1,1,1,1,1,1
1,1,1,1,1,1,1,1,1,1
1,1,1,1,1,1,1,1,1,1
1,1,1,1,1,1,1,1,1,1
1,1,1,1,1,1,1,1,1,1
1,1,1,1,1,1,1,1,1,1
1,1,1,1,1,1,1,1,1,1
1,1,1,1,1,1,1,1,1,1
1,1,1,1,1,1,1,1,1,1
1,1,1,1,1,1,1,1,1,1
1,1,1,1,1,1,1,1,1,1
1,1,1,1,1,1,1,1,1,1
1,1,1,1,1,1,1,1,1,1
1,1,1,1,1,1,1,1,1,1
1,1,1,1,1,1,1,1,1,1
1,1,1,1,1,1,1,1,1,1
1,1,1,1,1,1,1,1,1,1
1,1,1,1,1,1,1,1,1,1
1,1,1,1,1,1,1,1,1,1
1,1,1,1,1,1,1,1,1,1
1,1,1,1,1,1,1,1,1,1
1,1,1,1,1,1,1,1,1,1
1,1,1,1,1,1,1,1,1,1
1,1,1,1,1,1,1,1,1,1
1,1,1,1,1,1,1,1,1,1
1,1,1,1,1,1,1,1,1,1
1,1,1,1,1,1,1,1,1,1
1,1,1,1,1,1,1,1,1,1
1,1,1,1,1,1,1,1,1,1
1,1,1,1,1,1,1,1,1,1
1,1,1,1,1,1,1,1,1,1
1,1,1,1,1,1,1,1,1,1
1,1,1,1,1,1,1,1,1,1
1,1,1,1,1,1,1,1,1,1
1,1,1,1,1,1,1,1,1,1
1,1,1,1,1,1,1,1,1,1
1,1,1,1,1,1,1,1,1,1
1,1,1,1,1,1,1,1,1,1
1,1,1,1,1,1,1,1,1,1
1,1,1,1,1,1,1,1,1,1
1,1,1,1,1,1,1,1,1,1
1,1,1,1,1,1,1,1,1,1
1,1,1,1,1,1,1,1,1,1
1,1,1,1,1,1,1,1,1,1
1,1,1,1,1,1,1,1,1,1
1,1,1,1,1,1,1,1,1,1
1,1,1,1,1,1,1,1,1,1
1,1,1,1,1,1,1,1,1,1
1,1,1,1,1,1,1,1,1,1
1,1,1,1,1,1,1,1,1,1
1,1,1,1,1,1,1,1,1,1
1,1,1,1,1,1,1,1,1,1
1,1,1,1,1,1,1,1,1,1
1,1,1,1,1,1,1,1,1,1
1,1,1,1,1,1,1,1,1,1
1,1,1,1,1,1,1,1,1,1
1,1,1,1,1,1,1,1,1,1
1,1,1,1,1,1,1,1,1,1
1,1,1,1,1,1,1,1,1,1
1,1,1,1,1,1,1,1,1,1
1,1,1,1,1,1,1,1,1,1
1,1,1,1,1,1,1,1,1,1
1,1,1,1,1,1,1,1,1,1
1,1,1,1,1,1,1,1,1,1
1,1,1,1,1,1,1,1,1,1
1,1,1,1,1,1,1,1,1,1
1,1,1,1,1,1,1,1,1,1
1,1,1,1,1,1,1,1,1,1
1,1,1,1,1,1,1,1,1,1
1,1,1,1,1,1,1,1,1,1
1,1,1,1,1,1,1,1,1,1
0.9970582,1,1,1,1,1,1,1,1,1
0.9878413,1,1,1,1,1,1,1,1,1
0.9784805,1,1,1,1,1,1,1,1,1
0.9689857,1,1,1,1,1,1,1,1,1
0.9593555,1,1,1,1,1,1,1,1,1
0.9495974,1,1,1,1,1,1,1,1,1
0.9397189,1,1,1,1,1,1,1,1,1
0.9297247,1,1,1,1,1,1,1,1,1
0.9196196,1,1,1,1,1,1,1,1,1
0.9235259,1,1,1,1,1,1,1,1,1
0.9378999,1,1,1,1,1,1,1,1,1
0.9518877,1,1,1,1,1,1,1,1,1
0.9654778,1,1,1,1,1,1,1,1,1
0.9786575,1,1,1,1,1,1,1,1,1
0.9914169,1,1,1,1,1,1,1,1,1
1,1,1,1,1,1,1,1,1,1
1,1,1,1,1,1,1,1,1,1
1,1,1,1,1,1,1,1,1,1
1,1,1,1,1,1,1,1,1,1
1,1,1,1,1,1,1,1,1,1
1,1,1,1,1,1,1,1,1,1
1,1,1,1,1,1,1,1,1,1
1,1,1,1,1,1,1,1,1,1
1,1,1,1,1,1,1,1,1,1
1,1,1,1,1,1,1,1,1,1
1,1,1,0.9954813,1,1,1,1,1,1
1,1,1,0.982965,1,1,1,1,1,1
1,1,1,0.9708844,1,1,1,1,1,1
1,1,1,0.9592119,1,1,1,1,1,1
1,1,1,0.9479247,1,1,1,1,1,1
1,1,1,0.9369966,1,1,1,1,1,1
1,1,1,0.9264094,1,1,1,1,1,1
1,1,1,0.9161431,0.9975317,1,1,1,1,1
1,1,1,0.9062815,0.9858888,1,1,1,1,1
1,1,1,0.8971862,0.9738167,1,1,1,1,1
1,1,1,0.8888392,0.9613465,1,1,1,1,1
1,1,1,0.8812232,0.948507,1,1,1,1,1
1,1,1,0.874323,0.9353247,1,1,1,1,0
1,1,1,0.8681278,0.9218355,1,1,1,1,0
1,1,1,0.8626302,0.908072,1,1,1,1,0
1,1,1,0.8578208,0.8940672,1,1,1,1,0
1,1,1,0.8536921,0.8798541,1,1,1,1,0
1,1,1,0.8502374,0.8654653,1,1,1,1,0
1,1,1,0.8474562,0.8509329,1,1,1,1,0
1,1,1,0.8453453,0.8362913,0.9852832,1,1,1,0
1,1,1,0.8446487,0.8212792,0.9651467,1,1,1,0
1,1,1,0.8456663,0.80586,0.9443809,1,1,1,0
1,1,1,0.848473,0.7901027,0.9231082,1,1,1,0
1,1,1,0.8531535,0.7740822,0.9014577,1,1,1,0
1,1,1,0.859804,0.7578707,0.8795537,1,1,1,0
1,1,1,0.8685295,0.7415459,0.8575248,1,1,1,0
1,1,1,0.8794524,0.7251744,0.8354833,1,1,1,0
1,1,1,0.8927041,0.7088252,0.8135403,1,1,1,0
1,1,1,0.9084371,0.6925605,0.7917949,1,1,1,0
1,1,1,0.9268212,0.6764314,0.7703285,1,1,1,0
1,1,1,0.9480495,0.6604843,0.7492131,1,1,1,0
1,1,1,0.9723396,0.6636873,0.72851,0.9717601,1,1,0
1,1,1,1,0.6723841,0.7079309,0.9358226,1,1,0
1,1,1,1,0.6831518,0.6874812,0.900478,1,1,0
1,1,1,1,0.6966625,0.6670734,0.8655195,1,1,0
1,1,1,1,0.7131719,0.6468455,0.8312356,1,1,0
1,1,1,1,0.7329707,0.6269131,0.7978581,1,1,0
1,1,1,1,0.7563957,0.6073783,0.7655743,1,1,0
1,1,1,1,0.7838283,0.5883207,0.7345181,1,1,0
1,1,1,1,0.8157155,0.5704709,0.7047703,1,1,0
1,1,1,1,0.852184,0.5840895,0.6764919,1,1,0
1,1,1,1,0.8928388,0.5988823,0.6498719,1,1,0
1,1,1,1,0.9375986,0.6146517,0.6248705,1,1,0
1,1,1,1,1,0.6313519,0.6013396,1,1,0
0.9992245,1,1,1,1,0.6487123,0.5792114,1,1,0
0.9918275,1,1,1,1,0.6677462,0.5579861,1,1,0
0.9849762,1,1,1,1,0.6881531,0.5377204,1,1,0
0.9786373,1,1,1,1,0.7099677,0.518333,1,1,0
0.9727767,1,1,1,1,0.7332261,0.4997512,0.8464381,1,0
0.9648477,1,1,1,1,0.7687456,0.4800695,0.7948138,1,0
0.9572693,1,1,1,1,0.8094412,0.4756279,0.747151,1,0
0.9500235,1,1,1,1,0.8563344,0.48816,0.7030048,1,0
0.943096,1,1,1,1,1,0.5021349,0.661984,1,0
0.9365594,1,1,1,1,1,0.5175029,0.6239871,1,0
0.9302428,1,1,1,1,1,0.5347989,0.5883138,1,0
0.9241899,1,1,1,1,1,0.5541375,0.5548722,1,0
0.9184312,1,1,1,1,1,0.5756396,0.5235456,1,0
0.9129817,1,1,1,1,1,0.599438,0.4941947,1,0
0.9078447,1,1,1,1,1,0.6256785,0.4666725,1,0
0.9030176,1,1,1,1,1,0.6545092,0.4408347,1,0
0.8984874,1,1,1,1,1,0.6860989,0.4165357,1,0
0.8942378,1,1,1,1,1,0.7206214,0.3936363,1,0
0.8902485,1,1,1,1,1,0.7582635,0.3720061,0.7800754,0
0.8860002,1,1,1,1,1,1,0.3811867,0.7086763,0
0.8819586,1,1,1,1,1,1,0.3914166,0.6451141,0
0.8781177,1,1,1,1,1,1,0.4026024,0.5881734,0
0.8744718,1,1,1,1,1,1,0.4148231,0.536881,0
0.8710172,1,1,1,1,1,1,0.4281656,0.4904381,0
0.8677491,1,1,1,1,1,1,0.4427303,0.4481902,0
0.8646646,1,1,1,1,1,1,0.4586288,0.4095944,0
1,1,1,1,1,1,1,0.4759879,0.3742107,0
1,1,1,1,1,1,1,0.4949551,0.3416504,0
1,0.9333037,1,1,1,1,1,0.5156969,0.3336025,0
1,0.9218072,1,1,1,1,1,0.5384049,0.3416447,0
1,0.9106946,1,1,1,0.962485,1,0.5633009,0.3502975,0
1,0.8999451,1,1,1,0.9563435,1,0.5906455,0.3595963,0
1,0.8895429,1,1,1,0.9506518,1,0.6207375,0.3695759,0
1,0.879471,1,1,0.9991926,0.945412,1,0.6539318,0.3802771,0
1,0.8697127,1,1,0.9981791,0.9406247,1,1,0.3917465,0
1,0.861949,1,1,0.9944671,0.9345534,1,1,0.4016262,0
1,0.854524,1,1,0.990476,0.9284137,1,1,0.411609,0
1,0.8473991,1,1,0.9861684,0.9221703,1,1,0.4216497,0
1,0.8405378,1,1,0.981511,0.9157917,1,1,0.431706,0
1,0.8339077,1,1,0.9764752,0.9092506,1,1,0.4417368,0
1,0.8274841,1,1,0.9710332,0.9025205,1,1,0.4516963,0
1,0.8212451,1,1,0.9651688,0.8955854,1,1,0.4615408,0
1,0.8151708,1,1,0.9588631,0.888426,1,1,0.4712287,0
1,0.8092465,1,1,0.9521021,0.8810271,1,1,0.4807178,0
1,0.8034593,1,1,1,0.873383,1,1,0.4899695,0
1,0.7976211,1,1,1,0.8658335,0.8921369,1,0.499514,0
1,0.7919375,1,1,1,0.8579653,0.8102114,1,0.5086728,1
1,0.7863897,1,1,1,0.8497904,0.8017467,1,0.5174357,1
1,0.7809341,1,1,1,0.8413913,0.793246,1,0.5259073,1
1,0.7755662,1,1,1,0.8327777,0.7847081,1,0.5340701,1
1,0.770283,1,1,1,0.8239545,0.7761274,1,0.54191,1
0.7820112,0.7650831,1,1,1,0.8149317,0.7675023,1,0.549416,2
0.7750091,0.7612146,1,1,1,0.8030831,0.7581939,1,0.5515826,2
0.7680961,0.7575393,1,1,1,0.7912,0.7488873,1,0.5534,2
0.7612941,0.7540616,1,1,0.8416598,0.7793084,0.739593,1,0.5549048,2
0.7540964,1,1,1,0.8256792,0.7666146,0.7301767,1,0.5544365,1
0.7487285,1,1,1,0.8141907,0.7564805,0.721194,1,0.5590341,1
0.7433147,1,1,1,0.8024788,0.7462152,0.712185,1,0.5632465,2
0.7378715,1,1,1,0.790572,0.735835,0.7031532,1,1,2
0.7305254,1,1,1,0.7732198,0.7223985,0.6937823,1,1,2
0.7236217,1,1,1,0.7562621,0.7092181,0.6845744,1,1,2
0.7171756,1,1,1,0.7397264,0.6963109,1,1,1,2
0.7111741,1,1,1,0.7235621,0.6836518,1,1,1,2
0.7056288,1,1,1,0.7077789,0.6712481,1,1,1,2
0.7005495,1,1,1,0.6923882,0.6591052,1,1,1,2
0.6959406,1,1,1,0.6774004,0.6472291,1,1,1,2
0.6918026,1,1,0.7151467,0.6628162,0.635618,1,1,0.5393571,2
0.6883637,1,1,0.7008582,0.6508135,0.6251687,1,1,1,2
0.6848947,1,1,0.6825874,0.6365718,0.6138418,1,1,1,2
0.6819304,1,1,0.6649302,0.6227258,0.6027813,1,1,1,2
1,1,1,0.6478515,0.6092551,0.5919744,1,1,0.5288926,0
1,1,1,0.6389143,0.6001663,0.5825375,1,1,1,2
1,1,1,0.6248428,0.5883325,0.572282,1,1,1,2
1,1,1,0.6110268,0.5766494,0.5621038,1,1,1,2
1,1,1,0.5974616,0.5651132,0.5519987,1,1,1,2
1,1,1,0.5841374,0.5537161,0.5419585,1,1,1,2
1,1,1,0.5710436,0.5424491,0.5319749,1,1,1,2
1,1,1,0.5581743,0.5313094,0.5220454,1,1,1,2
1,1,1,0.545514,0.5202841,0.5121584,1,1,1,2
1,1,1,0.5330561,0.5093695,0.5023115,1,1,1,2
1,1,1,0.5207875,0.498556,0.4924965,1,1,1,2
1,1,0.5783615,0.5086951,0.4878341,0.4827055,1,1,1,2
1,1,0.5596125,0.495216,0.4765577,0.4731075,1,1,1,2
1,1,0.5417482,0.4821633,0.4655256,0.4636148,1,1,1,2
1,1,0.5246933,0.4694987,0.4547097,0.4542032,1,1,1,2
1,1,0.5083684,0.4571792,0.444077,0.4448448,1,1,1,2
1,1,0.4927053,0.4451701,0.4336032,0.4355202,1,1,1,2
1,1,0.4776343,0.4334333,0.4232602,0.4262068,1,1,1,2
1,1,0.4630945,0.421937,0.4130259,0.4168884,1,1,1,2
1,1,0.4490302,0.4106523,0.402881,0.4075516,1,1,1,2
1,1,0.435388,0.3995509,0.392806,1,1,1,1,2
1,1,1,1,1,1,1,1,1,1
1,1,1,1,1,1,1,1,1,1
1,1,1,1,1,1,1,1,1,1
1,1,1,1,1,1,1,1,1,1
1,1,1,1,1,1,1,1,1,1
1,1,1,1,1,1,1,1,1,1
1,1,1,1,1,1,1,1,1,1
1,1,1,1,1,1,1,1,1,1
1,1,1,1,1,1,1,1,1,1
1,1,1,1,1,1,1,1,1,1
1,1,1,1,1,1,1,1,1,1
1,1,1,1,1,1,1,1,1,1
1,1,1,1,1,1,1,1,1,1
1,1,1,1,1,1,1,1,1,1
1,1,1,1,1,1,1,1,1,1
1,1,1,1,1,1,1,1,1,1
1,1,1,1,1,1,1,1,1,1
1,1,1,1,1,1,1,1,1,1
1,1,1,1,1,1,1,1,1,1
1,1,1,1,1,1,1,1,1,1
1,1,1,1,1,1,1,1,1,1
1,1,1,1,1,1,1,1,1,1
1,1,1,1,1,1,1,1,1,1
1,1,1,1,1,1,1,1,1,1
1,1,1,1,1,1,1,1,1,1
1,1,1,1,1,1,1,1,1,1
1,1,1,1,1,1,1,1,1,1
1,1,1,1,1,1,1,1,1,1
1,1,1,1,1,1,1,1,1,1
1,1,1,1,1,1,1,1,1,1
1,1,1,1,1,1,1,1,1,1
1,1,1,1,1,1,1,1,1,1
1,1,1,1,1,1,1,1,1,1
1,1,1,1,1,1,1,1,1,1
1,1,1,1,1,1,1,1,1,1
1,1,1,1,1,1,1,1,1,1
1,1,1,1,1,1,1,1,1,1
1,1,1,1,1,1,1,1,1,1
1,1,1,1,1,1,1,1,1,1
1,1,1,1,1,1,1,1,1,1
1,1,1,1,1,1,1,1,1,1
1,1,1,1,1,1,1,1,1,1
1,1,0.9987165,1,1,1,1,1,1,1
1,1,0.9876716,1,1,1,1,1,1,1
1,1,0.9765379,1,1,1,1,1,1,1
1,1,0.965318,1,1,1,1,1,1,1
1,1,0.9540148,1,1,1,1,1,1,1
1,1,0.9426315,1,1,1,1,1,1,1
1,1,0.9311716,1,1,1,1,1,1,1
1,1,0.9196388,1,1,1,1,1,1,1
1,1,0.9080371,1,1,1,1,1,1,1
1,1,0.8963709,1,1,1,1,1,1,1
1,1,0.8846444,1,1,1,1,1,1,1
1,1,0.8728625,1,1,1,1,1,1,1
1,1,0.8610298,1,1,1,1,1,1,1
1,1,0.863015,1,1,1,1,1,1,1
1,1,0.8680048,1,1,1,1,1,1,1
1,1,0.8729168,1,1,1,1,1,1,1
1,1,0.8777478,1,1,1,1,1,1,1
1,1,0.8824981,1,1,1,1,1,1,1
1,1,0.8871647,1,1,1,1,1,1,1
1,1,0.8917441,1,1,1,1,1,1,1
1,1,0.8962377,1,1,1,1,1,1,1
1,1,1,1,1,1,1,1,1,1
1,1,1,1,1,1,1,0.9868183,1,1
1,1,1,1,1,1,1,0.9701115,1,1
1,1,1,1,1,1,1,0.9527583,1,1
1,1,1,1,1,1,1,0.9347748,1,1
1,1,1,1,1,1,1,0.9161797,1,1
1,1,1,1,1,1,1,0.8970073,1,1
1,1,1,1,1,1,1,0.8772951,1,1
1,1,1,1,1,1,1,0.8570861,1,0
1,1,1,1,1,1,1,0.8364255,1,0
1,1,1,1,1,1,1,0.8153734,1,0
1,1,1,1,1,1,1,0.7939894,1,0
1,1,1,1,1,1,1,0.7723372,1,0
1,1,1,1,1,1,1,0.7504825,1,0
1,1,1,1,1,1,1,0.7284974,1,0
1,1,1,1,1,1,1,0.7064493,1,0
1,1,1,1,1,1,1,0.7021478,1,0
1,1,1,1,1,1,1,0.7087696,1,0
1,1,1,1,1,1,1,0.7154985,1,0
1,1,1,1,1,1,1,0.7223264,1,0
1,1,1,1,1,1,1,0.7292436,1,0
1,1,1,1,1,1,1,0.7362398,1,0
1,1,1,1,1,1,1,0.7433047,1,0
1,1,0.688648,1,1,1,1,0.7504305,1,1
1,1,1,1,1,1,1,0.7523531,1,0
1,1,1,1,1,1,1,0.7595133,1,0
1,1,1,1,1,1,1,0.7667103,1,0
1,1,1,1,1,1,1,0.7739366,1,0
1,1,1,1,1,1,1,0.7811819,1,0
1,1,1,1,1,1,1,0.7884383,1,0
1,1,1,1,1,1,1,1,0.8237878,0
1,1,1,1,1,1,1,1,0.7857344,0
0.9980946,1,1,1,1,0.9979439,1,1,0.746473,0
0.995464,1,1,1,1,0.9879131,1,1,0.7065483,0
0.992699,1,0.5863058,1,0.9929301,0.9779928,1,1,0.6664212,1
0.9907344,1,1,1,0.9833494,0.9681486,1,1,0.6398032,0
0.9878148,1,0.5674169,1,0.9757423,0.9584303,1,1,0.6037149,1
0.9856414,1,0.5613468,1,0.9664227,0.9486712,1,1,0.6069076,1
0.9834856,1,1,1,0.9570077,0.9389183,1,1,0.6099935,0
0.980614,1,0.5421899,1,0.9496787,0.9294899,1,1,0.6164862,1
0.9784457,1,1,1,0.9399672,0.9197527,1,1,0.6192845,0
0.9756748,1,0.525273,1,0.9325954,0.9104874,1,1,0.6258726,1
0.9734634,1,1,1,0.9225637,0.9007184,1,1,0.6283258,0
0.9707603,1,1,1,0.9150933,0.8915538,1,1,0.6349331,0
0.9680952,1,1,1,0.9075929,0.8824869,1,1,0.641612,0
0.9654511,1,0.4890958,1,0.9000419,0.8734965,1,1,0.648338,1
0.9629744,1,1,1,0.8891448,0.863515,1,1,0.6498064,0
0.9603409,1,1,1,0.8813978,0.8545105,1,1,0.6563851,0
0.9577044,1,1,1,0.8735633,0.8455418,1,1,0.6629491,0
0.9550527,1,1,1,0.8656275,0.8365941,1,1,0.6694756,0
0.9523776,1,1,1,0.8575756,0.8276507,1,1,0.6759384,0
0.9496695,1,1,1,0.8493945,0.8186969,1,1,0.6823162,0
0.9469233,1,1,1,0.8410797,0.8097258,1,1,0.6885849,0
0.9441319,0.4513766,1,1,0.8326186,0.8007228,1,1,1,2
0.9788322,0.4057094,1,1,0.817309,0.7890168,1,1,1,2
1,0.3642569,1,1,0.8024863,0.7776558,1,1,1,2
1,0.3264247,1,1,0.7881247,0.7666234,1,1,0.678171,2
1,0.3142352,1,1,0.7750279,0.7560976,1,1,0.6747177,2
1,0.3145218,1,1,0.7622227,0.7457601,1,1,0.671373,2
1,0.3149604,1,0.7889282,0.7497709,0.7356111,1,1,0.6682996,2
1,0.3161502,1,0.7730479,0.7372037,0.7256064,1,1,0.664437,2
1,0.3175238,1,0.7578017,0.7250195,0.7158035,1,1,0.6608977,2
1,0.3190594,1,0.7431357,0.7131796,0.7061703,1,1,0.657657,2
1,0.3207327,1,0.7289956,0.7016442,0.6966736,1,1,0.6546929,2
1,0.3225238,1,0.7153299,0.6903758,0.6872829,1,1,0.6519797,2
0.3354635,0.9769388,1,0.7020906,0.6793399,0.6779706,1,1,0.6494955,2
0.2715084,0.9345295,1,0.6883413,0.6682292,0.6690096,1,1,0.6460303,2
0.2720052,0.8927701,1,0.6744889,0.6572468,0.660431,1,1,0.6420121,2
0.2728404,0.9065773,1,0.6610593,0.6465707,0.652092,1,1,0.6381105,2
0.2739404,0.9207407,1,0.6481629,0.636201,0.6438822,1,1,0.6345158,2
0.2752211,0.9346204,1,0.635813,0.6260883,0.6356803,1,1,0.6313163,2
0.2766479,0.9432972,0.674848,0.6239197,0.616169,1,1,1,0.6284448,2
0.2787574,0.9614466,0.6578855,0.611883,0.6065088,1,1,1,0.6249171,2
0.2812377,0.9810139,0.6415196,0.6001959,0.5971122,1,1,1,0.6214826,2
1,1,0.6259003,0.5888857,0.587931,1,1,1,0.6182345,0
1,0.9926624,0.61757,0.5794474,0.5775054,1,1,1,0.6187126,0
1,0.9849755,0.6090139,0.5699806,0.5671743,1,1,1,0.6192314,0
1,0.978195,0.6002228,0.5604721,0.5569192,1,1,1,1,2
1,0.9866417,0.5874951,0.5498658,0.5471739,1,1,1,1,2
1,0.9949457,0.5750026,0.5393511,0.5374457,1,1,1,1,2
1,1,0.5627227,0.5289149,0.5277248,1,1,1,1,2
1,1,0.5506218,0.5185462,0.5180126,1,1,1,1,2
1,1,0.5386581,0.5082318,0.5083112,1,1,1,1,2
1,1,0.5268254,0.4979677,0.4986172,1,1,1,1,2
1,1,0.5151173,0.48775,0.4889275,1,1,1,1,2
0.9748158,1,0.5035278,0.477575,0.4792392,1,1,1,1,2
0.9308003,1,0.4918883,0.4674107,0.4696022,1,1,1,1,2
0.8852526,1,0.4801167,0.4572548,0.4600639,1,1,1,1,2
0.8388802,1,0.4682541,0.4471249,0.4506304,1,1,1,1,2
0.7960552,1,0.4563481,0.4370421,0.4413093,1,1,1,1,2
0.8018595,1,0.4444619,0.4270244,0.4320933,1,1,1,1,2
0.8075933,1,0.432857,0.4170934,0.4228527,1,1,1,1,2
0.8132283,1,0.421495,0.4072284,0.4135745,1,1,1,1,2
0.8187418,1,0.4103482,0.3974181,0.404255,1,1,1,1,2
0.8241167,1,0.3993867,0.3876475,0.3948869,1,1,1,1,2
0.8293382,0.4830025,0.3885871,0.3779074,0.385468,1,1,1,1,2
0.8362616,0.4631976,0.3767996,0.3684079,0.3771237,1,0.9719307,1,1,2
0.8468986,0.4450103,0.3654834,0.3590243,1,1,0.9464599,1,1,2
0.8598307,0.4265172,0.3542072,0.3498779,1,1,0.9184886,1,1,2
0.8727772,0.4092817,0.3433161,0.3408441,1,1,0.8937595,1,1,2
0.885313,0.3932659,0.3327723,0.3318593,1,1,0.872342,1,1,2
0.8973622,0.3782508,0.3225015,0.322886,1,1,0.8536398,1,1,2
0.9088737,0.3640649,0.3124505,0.3139035,1,1,0.8371795,1,1,2
0.9198155,0.3505622,0.3025715,0.3048933,1,1,0.8225835,1,1,2
0.9301773,0.337626,0.2928293,0.2958459,1,1,0.8095427,1,1,2
0.9399627,0.3251566,0.2831932,0.2867537,1,1,0.797805,1,1,2
1,0.3130747,0.2736411,0.2776152,1,1,0.7871658,1,1,2
1,0.3016007,0.264185,0.2683384,1,1,0.7787814,1,1,1
1,0.290279,0.2547606,0.2590393,1,1,0.7707837,1,1,1
0.4133774,0.2790951,0.2453675,1,1,1,0.7631274,1,1,2
0.3868479,0.2655821,0.2358451,1,1,1,0.7431349,1,1,2
0.362024,0.2525676,0.2265258,1,1,1,0.7239569,1,1,2
0.3387521,0.2400234,0.2174,1,1,1,0.705534,1,1,2
0.316901,0.2279272,0.2084616,1,1,1,0.6878104,1,1,2
0.2963501,0.2162549,0.1997021,1,1,0.8755689,0.6707369,1,1,2
0.2775437,0.2051305,0.1910816,1,1,0.8467606,0.6552244,1,1,2
0.2603216,0.1945043,0.1825566,1,1,0.8217471,0.6412888,1,1,2
0.2443684,0.1842835,1,1,1,0.7997814,0.6286396,0.8704184,1,2
0.2299103,0.1745119,1,1,1,0.7823113,0.6179932,0.8637252,1,2
0.2160959,0.1649498,1,1,1,0.7663543,0.6079957,0.8572391,1,2
0.2028204,0.1555652,1,1,1,0.7516814,0.5985523,0.8509189,1,2
0.1899925,0.1463281,1,1,1,0.7381053,0.5895848,0.8447326,1,2
0.1775349,0.1372125,1,1,1,0.7254707,0.5810284,0.8386559,1,2
0.1653816,0.1281957,1,1,1,0.7136459,0.5728276,1,1,2
0.1525818,0.1190524,1,1,1,0.6972506,0.5624354,1,1,2
0.1402745,0.1130397,1,1,1,0.6820859,0.552573,1,1,2
0.1283821,0.1376315,1,1,1,0.6679894,0.5431728,1,1,2
0.1168642,0.1631779,1,1,1,0.6550316,0.5342766,1,1,2
0.1056463,0.1894108,1,1,1,0.6430321,0.5258065,1,1,2
0.0946665,0.2160612,1,1,1,0.6318451,0.5177,1,1,1
0.09475041,0.2428877,1,1,1,0.6213455,0.5099017,1,1,1
0.1043252,0.2693331,1,1,1,0.6116102,0.5024543,1,1,1
0.1137965,0.2948394,1,1,1,0.6026711,0.4953774,1,1,1
0.1231272,0.3191575,1,1,1,0.5944101,0.4886197,1,1,1
0.1322886,0.3421126,1,1,1,0.58673,0.4821393,1,1,1
0.141257,0.3635934,1,1,1,0.5795521,0.4759026,1,1,1
0.1500138,0.3835444,1,1,1,0.5728119,0.4698829,1,1,1
0.1585512,0.4019742,1,1,1,0.56645,0.4640534,1,1,1
0.16686,0.8521605,1,1,1,0.5604213,0.4583957,1,1,0
0.1739208,0.8456715,1,1,1,0.5573229,0.4541543,1,1,0
0.1807687,0.8391336,1,1,1,0.5542344,0.4499501,1,0.7711897,0
0.1853973,0.8347273,1,1,1,0.5565456,0.4483493,1,0.7608243,0
0.1897891,0.8303064,1,1,1,0.5590391,0.4468873,1,0.7510783,0
0.1939719,0.8258521,1,1,1,0.5616911,0.4455473,0.684971,0.7419114,0
0.1969543,0.8227347,1,1,1,0.5677599,0.4458495,0.5524932,0.7323689,0
0.1996467,0.819822,1,1,1,1,0.446584,0.4480492,0.7234402,0
0.2020674,0.8171154,1,1,1,1,0.4477723,0.3645114,0.7151085,0
0.2042349,0.8146204,1,1,1,1,0.4494368,0.361679,0.7073572,0
0.2061634,0.8123395,1,1,1,1,0.4516042,0.359173,0.7001729,0
0.2078697,0.8102789,1,1,1,1,0.4543004,0.3569945,0.7339973,0
0.209365,0.8084391,1,1,1,1,0.4575585,0.3551485,0.911961,0
0.21141,0.8049418,1,1,1,1,0.4594485,0.3530836,1,0
0.2140189,0.799579,1,1,1,1,0.459703,0.3506765,1,0
0.2165663,0.7939676,1,1,1,1,0.4599338,0.3483468,1,0
0.2190558,0.7881029,1,1,1,1,0.4601324,0.3460875,1,0
0.221494,0.7819749,1,1,1,1,0.4602857,0.3438888,1,0
0.2238839,0.7755823,1,1,1,1,0.4603864,0.3417447,1,0
0.2262298,0.7689184,1,1,1,1,1,0.3396478,0.3159715,0
0.2266724,0.7677937,0.8962916,1,1,1,1,0.3394024,0.3127325,0
0.2269745,0.7668878,0.7969623,1,1,1,1,0.3395154,0.3098355,0
0.2273304,0.7654818,0.7252146,1,1,1,1,0.3397658,0.3072611,0
0.2277267,0.7635332,0.6711801,1,1,1,1,0.3401266,0.3049709,0
0.2281547,0.7610108,0.6292127,1,1,1,1,0.3405714,0.3029293,0
0.2286059,0.7578838,0.6118531,1,1,1,1,0.3410777,0.301106,0
0.2290557,0.7542213,0.6039211,1,1,1,1,0.3416552,0.2994784,0
0.2294951,0.7500427,0.5958953,1,1,1,1,0.3422976,0.2980261,0
0.2299246,0.7453162,0.5877573,1,1,1,1,0.3429851,0.2967308,0
0.2303464,0.7400101,0.5794882,1,1,1,1,0.3436968,0.2955731,0
0.2307632,0.734106,0.5710786,1,1,1,1,0.3444125,0.2945352,0
0.2311747,0.7275822,0.5625153,1,1,1,1,0.3451162,0.293603,0
0.2315858,0.7204266,0.553791,1,1,1,1,0.3457875,0.2927587,0
0.2319969,0.7126325,0.544901,1,1,1,1,0.346412,0.2919901,0
1,0.704195,0.53584,1,1,1,1,1,0.2912827,0
1,0.7001542,0.5279782,1,1,1,1,1,0.291059,0
1,0.6956402,0.5199978,1,1,1,1,1,0.2909956,0
1,0.690612,0.5118834,1,1,1,1,1,0.2910797,0
1,0.6850293,0.5036212,1,1,1,1,1,0.2912942,0
1,0.6788501,0.4951954,1,1,1,1,1,0.2916251,0
1,0.6720394,0.4865952,1,1,1,1,1,0.2920568,0
1,0.6645607,0.4778086,1,1,1,1,1,0.2925741,0
1,0.656382,0.4688249,1,1,1,1,1,0.293162,0
1,0.6474808,0.4596391,1,1,1,1,1,0.2938056,0
1,0.6378361,0.450245,1,1,1,1,1,0.2944887,0
1,0.6274329,0.4406385,0.8158329,1,1,1,1,0.927307,2
1,0.5965631,0.4253575,1,1,1,1,1,0.9220184,2
1,0.5681055,0.4107402,1,1,1,1,1,0.917215,2
1,0.5409563,0.4038169,1,1,1,1,1,0.9125525,2
1,0.5151649,0.4264925,1,1,1,1,1,0.9080825,2
1,0.4908884,0.4517862,1,1,1,1,1,0.9038905,2
1,0.4679995,0.4799437,1,1,1,1,1,0.8999573,2
1,0.4463745,0.5112392,1,1,1,1,1,0.8962599,2
1,0.4258977,0.545972,1,1,1,1,1,0.8927749,2
1,0.4064585,0.5844809,1,1,1,1,1,0.8894759,2
1,0.3879599,0.6271345,1,1,1,1,1,0.8863381,2
1,0.3703132,0.6743469,1,1,1,1,1,0.8833351,2
0.6158661,0.3534344,1,1,1,1,1,1,0.8804434,2
0.5707384,0.3355824,1,1,1,1,1,1,0.8773567,2
0.5293708,0.3184902,1,1,1,1,1,1,0.8744561,2
0.4913232,0.3049836,1,1,1,1,1,1,0.8717378,2
0.4562162,0.3198037,1,1,1,1,1,1,0.8691998,2
0.4237266,0.336117,1,1,1,1,1,1,0.8668401,2
0.3935814,0.3540913,1,1,1,1,1,1,0.8646575,2
0.3655408,0.3739218,1,1,1,1,1,1,0.8626507,2
0.3393959,0.3958405,1,1,1,1,1,1,0.8608173,2
0.3149697,0.4201134,1,1,1,1,1,1,0.8591582,2
0.2921026,0.4470595,1,1,1,1,1,1,0.8576735,2
0.2706541,0.4770595,1,1,1,1,1,1,0.8563626,2
0.2737577,0.5105714,1,1,1,1,1,1,0.8552264,2
0.2851701,0.5481471,1,1,1,1,1,1,0.8542668,2
0.2974104,0.5904666,1,1,1,1,1,1,0.8534849,2
0.3105405,1,1,1,1,1,1,1,0.8528821,2
0.3224124,1,1,1,1,1,1,1,0.85097,2
0.3346382,1,1,1,1,1,1,1,0.8489231,2
0.3471935,1,1,1,1,1,1,1,0.8467239,2
0.3600534,1,1,1,1,1,1,1,0.8443549,2
0.3731903,1,1,1,1,1,1,1,0.8418001,2
0.3865714,1,1,1,1,1,1,1,0.8390471,2
0.4001636,1,1,1,1,1,1,1,0.8360831,2
0.4139314,1,1,1,1,1,1,1,0.8328975,2
0.4278392,1,1,1,1,1,1,1,0.8294797,2
0.4418471,1,1,1,1,1,1,1,0.8258225,2
0.4559132,1,1,1,1,1,1,1,0.8219205,2
0.469994,1,1,1,1,1,1,1,0.8177695,2
0.4840476,1,1,1,1,1,1,1,0.8133662,2
0.498031,1,1,1,1,1,1,1,0.8087088,2
0.5118983,1,1,1,1,1,1,1,0.8037982,2
1,1,1,1,1,1,1,1,0.7986361,0
1,1,1,1,1,1,1,1,0.789279,0
1,1,1,1,1,1,1,1,0.7799743,0
1,1,1,1,1,1,1,1,0.7707347,0
1,1,1,1,1,1,1,1,0.7615741,0
1,1,1,1,1,1,1,1,0.7525053,0
1,1,1,1,1,1,1,1,0.7435409,0
1,1,1,1,1,1,1,1,0.7346948,0
1,1,1,1,1,1,1,1,0.7259793,0
1,1,1,1,1,1,1,1,0.7174083,0
1,1,1,1,1,1,1,1,0.7089934,0
1,1,1,1,1,1,1,1,0.7007483,0
1,1,1,1,1,1,1,1,0.6926857,0
1,1,1,1,1,1,1,1,0.6848168,0
1,1,1,1,1,1,1,1,0.6771525,0
1,1,1,1,1,1,1,1,0.6875633,0
1,1,1,1,1,1,1,1,0.7595416,0
1,1,1,1,1,1,1,1,0.8293764,0
1,1,1,1,1,1,1,1,0.8942959,0
1,1,1,1,1,1,1,1,0.9520626,1
1,1,1,1,1,1,1,1,1,1
1,1,1,1,1,1,1,1,1,1
1,1,1,1,1,1,1,1,1,1
1,1,1,1,1,1,1,1,1,1
1,1,1,1,1,1,1,1,1,1
1,1,1,1,1,1,1,1,1,1
1,1,1,1,1,1,1,1,1,1
1,1,1,1,1,1,1,1,1,1
1,1,1,1,1,1,1,1,1,1
0.9927753,1,1,1,1,1,1,1,1,1
0.9794129,1,1,1,1,1,1,1,1,1
0.9656275,1,1,1,1,1,1,1,1,1
0.951431,1,1,1,1,1,1,1,1,1
0.9368337,1,1,1,1,1,1,1,1,1
0.9218541,1,1,1,1,1,1,1,1,1
0.9065135,1,1,1,1,1,1,1,1,1
0.8908324,1,1,1,1,1,1,1,1,1
0.8770685,1,1,1,1,1,1,1,1,1
0.8867707,1,1,1,1,1,1,1,1,1
0.8963307,1,1,1,1,1,1,1,1,1
0.9057426,1,1,1,1,1,1,1,1,1
0.9149944,1,1,1,1,1,1,1,1,1
0.924077,1,1,1,1,1,1,1,1,1
0.9329864,1,1,1,1,1,1,1,1,1
0.9417124,1,1,1,1,1,1,1,1,1
0.9502503,1,1,1,1,1,1,1,1,1
0.9585934,1,1,1,1,1,1,1,1,1
0.966738,1,1,1,1,1,1,1,1,1
0.9746811,1,1,1,1,1,1,1,1,1
0.9824175,1,1,1,1,1,1,1,1,1
0.9899456,1,1,1,1,1,1,1,1,1
0.9972639,1,1,1,1,1,1,1,1,1
1,1,1,1,1,1,1,1,1,1
1,1,1,1,1,1,1,1,1,1
1,1,1,1,1,1,1,1,1,1
1,1,1,1,1,1,1,1,1,1
1,1,1,1,1,1,1,1,1,1
1,1,1,1,1,1,1,1,1,1
1,1,1,1,1,1,1,1,1,1
1,1,1,1,1,1,1,1,1,1
1,1,1,1,1,1,1,1,1,1
1,1,1,1,1,1,1,1,1,1
1,1,1,1,1,1,1,1,1,1
1,1,1,1,1,1,1,1,1,1
1,1,1,1,1,1,1,1,1,1
1,1,1,1,1,1,1,1,1,1
1,1,1,1,1,1,1,1,1,1
1,1,1,1,1,1,1,1,1,1
1,1,1,1,1,1,1,1,1,1
1,1,1,1,1,1,1,1,1,1
1,1,1,1,1,1,1,1,1,1
1,1,1,1,1,1,1,1,1,1
1,1,1,1,1,1,1,1,1,1
1,1,1,1,1,1,1,1,1,1
1,1,1,1,1,1,1,1,1,1
1,1,1,1,1,1,1,1,1,1
1,1,1,1,1,1,1,1,1,1
1,1,1,1,1,1,1,1,1,1
1,1,1,1,1,1,1,1,1,1
1,1,1,1,1,1,1,1,1,1
1,1,1,1,1,1,1,1,1,1
1,1,1,1,1,1,1,1,1,1
1,1,1,1,1,1,1,1,1,1
1,1,1,1,1,1,1,1,1,1
1,1,1,1,1,1,1,1,1,1
1,1,1,1,1,1,1,1,1,1
1,1,1,1,1,1,1,1,1,1
1,1,1,1,1,1,1,1,1,1
1,1,1,1,1,1,1,1,1,1
1,1,1,1,1,1,1,1,1,1
1,1,1,1,1,1,1,1,1,1
1,1,1,1,1,1,1,1,1,1
1,1,1,1,1,1,1,1,1,1
1,1,1,1,1,1,1,1,1,1
1,1,1,1,1,1,1,1,1,1
1,1,1,1,1,1,1,1,1,1
1,1,1,1,1,1,1,1,1,1
1,1,1,1,1,1,1,1,1,1
1,1,1,1,1,1,1,1,1,1
1,1,1,1,1,1,1,1,1,1
1,1,1,1,1,1,1,1,1,1
1,1,1,1,1,1,1,1,1,1
1,1,1,1,1,1,1,1,1,1
1,1,1,1,1,1,1,1,1,1
1,1,1,1,1,1,1,1,1,1
1,1,1,1,1,1,1,1,1,1
1,1,1,1,1,1,1,1,1,1
1,1,1,1,1,1,1,1,1,1
1,1,1,1,1,1,1,1,1,1
1,1,1,1,1,1,1,1,1,1
1,1,1,1,1,1,1,1,1,1
1,1,1,1,1,1,1,1,1,1
1,1,1,1,1,1,1,1,1,1
1,1,1,1,1,1,1,1,1,1
1,1,1,1,1,1,1,1,1,1
1,1,1,1,1,1,1,1,1,1
1,1,1,1,1,1,1,1,1,1
1,1,1,1,1,1,1,1,1,1
1,1,1,1,1,1,1,1,1,1
1,1,1,1,1,1,1,1,1,1
1,1,1,1,1,1,1,1,1,1
1,1,1,1,1,1,1,1,1,1
1,1,1,1,1,1,1,1,1,1
1,1,1,1,1,1,1,1,1,1
1,1,1,1,1,1,1,1,1,1
1,1,1,1,1,1,1,1,1,1
1,1,1,1,1,1,1,1,1,1
1,1,1,1,1,1,1,1,1,1
1,1,1,1,1,1,1,1,1,1
1,1,1,1,1,1,1,1,1,1
1,1,1,1,1,1,1,1,1,1
1,1,1,1,1,1,1,1,1,1
1,1,1,1,1,1,1,1,1,1
1,1,1,1,1,1,1,1,1,1
1,1,1,1,1,1,1,1,1,1
1,1,1,1,1,1,1,1,1,1
1,1,1,1,1,1,1,1,1,1
1,1,1,1,1,1,1,1,1,1
1,1,1,1,1,1,1,1,1,1
1,1,1,1,1,1,1,1,1,1
1,1,1,1,1,1,1,1,1,1
1,1,1,1,1,1,1,1,1,1
1,1,1,1,1,1,1,1,1,1
1,1,1,1,1,1,1,1,1,1
1,1,1,1,1,1,1,1,1,1
1,1,1,1,1,1,1,1,1,1
1,1,1,1,1,1,1,1,1,1
1,1,1,1,1,1,1,1,1,1
1,1,1,1,1,1,1,1,1,1
1,1,1,1,1,1,1,1,1,1
1,1,1,1,1,1,1,1,1,1
1,1,1,1,1,1,1,1,1,1
1,1,1,1,1,0.9963832,1,1,1,1
1,1,1,1,1,0.9850036,1,1,1,1
1,1,1,1,1,0.9733778,1,1,1,1
1,1,1,1,1,0.961502,1,1,1,1
1,1,1,1,1,0.949386,1,1,1,1
1,1,1,1,1,0.9370329,1,1,1,1
1,1,1,1,1,0.9244466,1,1,1,1
1,1,1,1,1,0.9116367,1,1,1,1
1,1,1,1,1,0.8986096,1,1,1,1
1,1,1,1,1,0.8853735,1,1,1,1
1,1,1,1,1,0.8719449,1,1,1,1
1,1,1,1,1,0.8646048,1,1,1,1
1,1,1,1,1,0.8607771,1,1,1,1
1,1,1,1,1,0.8570689,1,1,1,1
1,1,1,1,1,0.8534788,1,1,1,1
1,1,1,1,1,0.8500009,1,1,1,1
1,1,1,1,1,0.8466366,1,1,1,1
1,1,1,1,1,0.8433825,1,1,1,1
1,1,1,1,1,0.8402356,1,1,1,1
1,1,1,1,1,0.837195,1,1,1,1
1,1,1,1,1,0.8342579,1,1,1,1
1,1,1,1,1,0.831422,1,1,1,0
1,1,1,1,1,0.8286861,1,1,1,0
1,1,1,1,1,0.8260482,1,1,1,0
1,1,1,1,1,0.8235059,1,1,1,0
1,1,1,1,1,0.8210562,1,1,1,0
1,1,1,1,1,0.8186998,1,1,1,0
1,1,1,1,1,1,1,1,1,1
1,1,1,1,1,1,1,1,1,1
1,1,1,1,1,1,1,1,1,1
1,1,1,1,1,1,1,1,1,1
1,1,1,1,1,1,0.7638504,1,1,0
1,1,1,1,1,1,0.7429687,1,1,0
1,1,1,1,1,1,0.7219303,1,1,0
1,1,1,1,1,1,0.7007944,1,1,0
1,1,1,1,1,1,0.6796235,1,1,0
1,1,1,1,1,1,0.6584741,1,1,0
1,1,1,1,1,1,0.6374036,1,1,0
1,1,1,1,1,1,0.6164665,1,1,0
1,1,1,1,1,1,0.5957083,1,1,0
1,1,1,1,1,1,0.591468,1,1,0
1,1,1,1,1,1,0.5940333,1,1,0
1,1,1,1,1,1,0.5967753,1,1,0
1,1,1,1,1,1,0.5996883,1,1,0
1,1,1,1,1,1,0.6027685,1,1,0
1,1,1,1,1,1,0.6060145,1,1,0
1,1,1,1,1,1,0.6094201,1,1,0
1,1,1,1,1,1,0.6129795,1,1,0
1,1,1,1,1,1,1,1,1,1
1,1,1,1,1,1,1,1,1,1
1,1,1,1,1,1,1,1,1,1
1,1,1,1,1,1,1,1,1,1
1,1,1,1,1,1,1,1,1,1
1,1,1,1,1,1,1,1,1,1
1,1,1,1,1,1,1,1,1,1
1,1,1,1,1,1,1,1,1,1
1,1,1,1,1,1,1,1,1,1
1,1,1,1,1,1,1,1,1,1
1,1,1,1,1,1,1,0.5487694,1,0
1,1,1,1,1,1,1,1,1,1
1,1,1,1,1,1,1,1,1,1
1,1,1,1,1,1,1,1,1,1
1,1,1,1,1,1,1,1,1,1
1,1,1,1,1,1,1,1,1,1
1,1,1,1,1,1,1,1,1,1
1,1,1,1,1,1,1,1,1,1
1,1,1,1,1,1,1,1,1,1
1,1,1,1,1,1,1,1,1,1
1,1,1,1,1,1,1,1,1,1
1,1,1,1,1,1,1,1,1,1
1,1,1,1,1,1,1,1,1,1
1,1,1,1,1,1,1,1,1,1
1,1,1,1,1,1,1,1,0.9989694,1
1,1,1,1,1,1,1,1,0.9911424,1
1,1,1,1,1,1,1,1,0.9912423,1
1,1,1,1,1,1,1,1,0.9913446,1
1,1,1,1,1,1,1,1,0.991449,1
1,1,1,1,1,1,1,1,0.9915571,1
1,1,1,1,1,1,1,1,0.9916674,1
1,1,1,1,1,1,1,1,0.9917797,1
1,1,1,1,1,1,1,1,0.9918941,1
1,1,1,1,1,1,1,1,0.9920107,1
1,1,1,1,1,1,1,1,0.9921292,1
1,1,1,1,1,1,1,1,0.9922497,1
1,1,1,1,1,1,1,1,0.9923736,1
1,1,1,1,1,1,1,1,0.9924996,1
1,1,1,1,1,1,1,1,0.9926274,1
1,1,1,1,1,1,1,1,0.9927556,1
1,1,1,1,1,1,1,1,0.9928855,1
1,1,1,1,1,1,1,1,0.9930174,1
1,1,1,1,1,1,1,1,0.9931511,1
1,1,1,1,1,1,1,1,0.9932865,1
1,1,1,1,1,1,1,1,0.9934236,1
1,1,1,1,1,1,1,1,0.993561,1
1,1,1,1,1,1,1,1,0.9937,1
1,1,1,1,1,1,1,1,0.993841,1
1,1,1,1,1,1,1,1,0.9939817,1
1,1,1,1,1,1,1,1,0.9941243,1
1,1,1,1,1,1,1,1,0.9942685,1
1,1,1,1,1,1,1,1,0.9944129,1
1,1,1,1,1,1,1,1,0.9945588,1
1,1,1,1,1,1,1,1,0.9947048,1
1,1,1,1,1,1,1,1,0.9948508,1
1,1,0.9926643,1,1,1,1,1,0.9949983,1
1,1,0.9816173,1,1,1,1,1,0.9951078,1
1,1,0.9704752,1,1,1,1,1,0.9951594,1
1,1,0.9592419,1,1,1,1,1,0.9951521,1
1,1,0.9479212,1,1,1,1,1,0.9950846,1
1,1,0.9365176,1,1,1,1,1,0.9949547,1
1,1,0.9250357,1,1,1,1,1,0.9947618,1
1,1,0.9134803,1,1,1,1,1,0.9945039,1
1,1,0.9018564,1,1,1,1,1,0.9941826,1
1,1,0.8901693,1,1,1,1,1,0.9937965,1
1,1,0.8784243,1,1,1,1,1,1,1
1,1,0.8665187,1,1,1,1,1,1,1
1,1,0.8545621,1,1,1,1,1,1,1
1,1,0.8425597,1,1,1,1,1,1,1
1,1,0.830517,1,1,1,1,1,1,1
1,1,0.8184395,1,1,1,1,1,1,1
1,1,0.8063362,1,1,1,1,1,1,1
1,1,0.7942094,1,1,1,1,1,1,1
1,1,0.7820643,1,1,1,1,1,1,1
1,1,0.7699068,1,1,1,1,1,1,1
1,1,0.7577454,1,1,1,1,1,1,1
1,1,0.7455825,1,1,1,1,1,1,1
1,1,0.7334261,1,1,1,1,1,1,2
1,1,0.7212781,1,1,1,1,1,1,2
1,1,0.7091469,1,1,1,1,1,1,2
1,1,0.6970367,1,1,1,1,1,1,2
1,1,0.684949,1,1,1,1,1,1,2
1,1,0.672891,1,1,1,1,1,1,2
1,1,0.6608669,1,1,1,1,1,1,2
1,1,0.6621809,1,1,1,1,1,1,2
1,1,0.6732252,1,1,1,1,1,1,2
1,1,0.6842992,1,1,1,1,1,1,2
1,1,0.6953899,1,1,1,1,1,1,2
1,1,0.706484,1,1,1,1,1,1,1
1,1,0.7175635,1,1,1,1,1,1,1
1,1,0.7286152,1,1,1,1,1,1,1
1,1,0.7396256,1,1,1,1,1,1,1
1,1,0.750577,1,1,1,1,1,1,1
1,1,0.7614561,1,1,1,1,1,1,1
1,1,0.7722505,1,1,1,1,1,1,1
1,0.6835116,1,1,1,1,1,1,1,2
1,0.6641655,1,1,1,1,1,1,1,2
1,0.6449428,1,1,1,1,1,1,1,2
1,0.6258794,1,1,1,1,1,1,1,2
1,0.6070129,1,1,1,1,1,1,1,2
1,0.5883769,1,1,1,1,1,1,1,2
1,0.5699978,1,1,1,1,1,1,1,2
1,0.5519022,1,1,1,1,1,1,1,2
1,0.5341092,1,1,1,1,1,1,1,2
1,0.5166421,1,1,1,1,1,1,1,2
1,0.4995092,1,1,1,1,1,1,1,2
1,0.4827267,1,1,1,1,1,1,1,2
1,0.4663004,1,1,1,1,1,1,1,2
1,0.4744015,1,1,1,1,1,1,1,2
1,0.4879997,1,1,1,1,1,1,1,2
1,0.5019845,1,1,1,1,1,1,1,2
1,0.5163373,1,1,1,1,1,1,1,2
0.6111956,0.5310313,1,1,1,1,1,1,1,2
0.5751394,0.5557107,1,1,1,1,1,1,1,2
0.541624,0.5828191,1,1,1,1,1,1,1,2
0.510403,1,1,1,1,1,1,1,1,2
0.4840192,1,1,1,1,1,1,1,1,2
0.4585943,1,1,1,1,1,1,1,1,2
0.4341781,1,1,1,1,1,1,1,1,2
0.4107927,1,1,1,1,1,1,1,1,2
0.4191296,1,1,0.9571708,1,1,1,1,1,2
0.4321175,1,1,0.9400277,1,1,1,1,1,2
0.4454805,1,1,0.9358844,1,1,1,1,1,2
0.459252,1,1,0.9317905,1,1,1,1,1,2
0.4734031,1,1,0.9277094,1,1,1,1,1,2
0.4879005,1,1,0.9236069,1,1,1,1,1,2
0.5027122,1,1,0.9194512,1,1,1,1,1,2
0.517802,1,1,0.9152168,1,1,1,1,1,2
0.5331326,1,1,0.910877,1,1,1,1,1,2
1,1,1,0.9064075,0.998583,1,1,1,1,1
1,1,1,0.8966761,0.9874948,1,1,1,1,1
1,1,1,0.8867847,0.9761464,1,1,1,1,1
1,1,1,0.8767365,0.9645441,1,1,1,1,1
1,1,1,0.8665391,0.9527001,1,1,1,1,1
1,1,1,0.8561977,0.9406246,1,1,1,1,1
1,1,1,0.8457221,0.9283329,1,1,1,1,1
1,1,1,0.8351164,0.9158346,1,1,1,1,0
1,1,1,0.824392,0.9031478,1,1,1,1,0
1,1,1,0.8135576,0.8902884,1,1,1,1,0
1,1,1,0.8026263,0.8772763,1,1,1,1,0
1,1,1,0.791608,0.8641292,1,1,1,1,0
1,1,1,0.7805128,0.8508649,1,1,1,1,0
1,1,1,0.7693545,0.837505,1,1,1,1,0
1,1,1,0.7581469,0.8240709,1,1,1,1,0
1,1,1,0.7469,0.8105808,0.99663,1,1,1,0
1,1,1,0.7355999,0.7921704,0.9789665,1,1,1,0
1,1,1,0.7241384,0.7783551,0.9608399,1,1,1,0
1,1,1,0.7125714,0.7643639,0.9424102,1,1,1,0
1,1,1,0.7009216,0.7502353,0.8459783,1,1,1,0
1,1,1,0.6887745,0.7352384,0.8265246,1,1,1,0
1,1,1,0.6766547,0.7202771,0.8071491,1,1,1,0
1,1,1,0.664588,0.7053932,0.7879198,1,1,1,0
1,1,1,0.6525997,0.6906272,0.7688994,1,1,1,0
1,1,1,0.6407114,0.6760141,0.7501428,1,1,1,0
1,1,1,0.6289402,0.6615831,0.7316951,1,1,1,0
1,1,1,0.6172994,0.6519058,0.7135925,0.9798722,1,1,0
1,1,1,0.6057341,0.6377402,0.6956328,0.9498035,1,1,0
1,1,1,0.5942281,0.6236205,0.672856,0.9199654,1,1,0
1,1,1,0.5828112,0.6095893,0.655135,0.8904905,1,1,0
1,1,1,0.5715293,0.5957292,0.6376721,0.8616735,1,1,0
1,1,1,0.6307198,0.5820884,0.6205417,0.8336689,1,1,0
1,1,1,0.7165118,0.5687642,0.6039117,0.7254809,1,1,0
1,1,1,0.8599307,0.5554605,0.5872413,0.6999967,1,1,0
1,1,1,1,0.5425305,0.5711607,0.675777,1,1,0
1,1,1,1,0.5299581,0.560206,0.6527597,1,1,0
1,1,1,1,0.5176784,0.5451078,0.6306865,1,1,0
1,1,1,1,0.5056812,0.5304478,0.6095115,1,1,0
1,1,1,1,0.4939578,0.5162183,0.5892143,1,1,0
1,1,1,1,0.4824948,0.5024049,0.5647452,1,1,0
1,1,1,1,0.5126891,0.4889744,0.5461274,1,1,0
1,1,1,1,0.5966547,0.4759533,0.5283456,1,1,0
1,1,1,1,0.7130756,0.4633291,0.511384,1,1,0
1,1,1,1,1,0.4510573,0.4951577,0.8460345,1,0
1,1,1,1,1,0.4386083,0.478355,0.8062285,1,0
1,1,1,1,1,0.4264536,0.4668035,0.7688342,1,0
1,1,1,1,1,0.4145847,0.4510371,0.7336787,1,0
1,1,1,1,1,0.4029895,0.4357783,0.6070921,1,0
1,1,1,1,1,0.4316022,0.4209979,0.5780337,1,0
1,1,1,1,1,0.5142484,0.4066691,0.5505503,1,0
1,1,1,1,1,0.6356598,0.3927696,0.5245177,1,0
1,1,1,1,1,1,0.3792759,0.4998203,1,0
1,1,1,1,1,1,0.3661656,0.4763545,1,0
1,1,1,1,1,1,0.3534212,0.4483824,1,0
1,1,1,1,1,1,0.3410263,0.4272231,1,0
1,1,1,1,1,1,0.3289625,0.4070427,1,0
1,1,1,1,1,1,0.3172124,0.387772,1,0
1,1,1,1,1,1,0.3433762,0.3719097,0.7684506,0
1,1,1,1,1,1,0.3938723,0.3569157,0.7195451,0
1,1,1,1,1,1,0.4581823,0.3399528,0.5533518,0
1,1,1,1,1,1,0.5421923,0.3236903,0.5160525,0
1,1,1,1,1,1,0.6556933,0.3080838,0.4815449,0
1,1,1,1,1,1,1,0.293096,0.4495377,0
1,1,1,1,1,1,1,0.2786892,0.4124671,0
1,1,1,1,1,1,1,0.2648288,0.3849346,0
1,1,1,1,1,1,1,0.2514862,0.3592199,0
1,1,1,1,1,1,1,0.2386316,0.3351537,0
1,1,1,1,1,1,1,0.2481858,0.3191398,0
1,1,1,1,1,1,1,0.2708061,0.2977889,0
1,1,1,1,1,1,1,0.2962866,0.2777053,0
1,1,1,1,1,1,1,0.3251041,0.2587843,0
1,1,1,1,1,1,1,0.3578494,0.240933,0
1,1,1,1,1,1,1,0.395263,0.2240723,0
1,1,1,1,1,1,1,0.4382799,0.2081272,0
1,1,1,1,1,1,1,0.4881058,0.2103407,0
1,1,1,1,1,1,1,0.5463272,0.2242102,0
1,1,1,1,1,1,1,1,0.2391497,0
1,1,1,1,1,1,1,1,0.2549902,0
1,1,1,1,1,1,1,1,0.271701,0
1,1,1,1,1,1,1,1,0.2892781,0
1,1,1,1,1,1,1,1,0.3077139,0
1,1,1,1,1,1,1,1,0.3269984,0
1,1,1,1,1,1,1,1,0.3471121,0
1,1,1,1,1,1,1,1,0.3680325,0
1,1,1,1,1,1,1,0.9957095,0.3897328,0
1,1,1,1,1,1,1,0.9871225,0.4121909,0
1,1,1,1,1,1,1,0.9788846,0.4353771,0
1,1,1,1,1,1,1,0.9709578,0.4592447,0
1,1,1,1,1,1,1,0.9633045,0.4837372,0
1,1,1,1,1,1,1,0.9558934,1,1
1,1,1,1,1,1,1,0.9490585,1,1
1,1,1,1,1,1,1,0.9422261,1,1
1,1,1,1,1,1,1,0.935393,1,1
1,1,1,1,1,1,1,0.9285592,1,1
1,1,1,1,1,1,1,0.921728,1,1
1,1,1,1,1,1,1,0.9148962,1,1
1,1,1,1,1,1,1,0.9080639,1,1
1,1,1,1,1,1,1,0.9012343,1,1
1,1,1,1,1,1,1,0.8944041,1,1
1,1,1,1,1,1,1,0.8875764,1,1
1,1,1,1,1,1,1,0.8807485,1,1
1,1,1,1,1,1,1,0.9584104,1,1
1,1,1,1,1,1,1,1,1,1
1,1,1,1,1,1,1,1,1,1
1,1,1,1,1,1,1,1,1,1
1,1,1,1,1,1,1,1,1,1
1,1,1,1,1,1,1,1,1,1
1,1,1,1,1,1,1,1,1,1
1,1,1,1,1,1,1,1,1,1
1,1,1,1,1,1,1,1,1,1
1,1,1,1,1,1,1,1,1,1
1,1,1,1,1,1,1,1,1,1
1,1,1,1,1,1,1,1,1,1
1,1,1,1,1,1,1,1,1,1
1,1,1,1,1,1,1,1,1,1
1,1,1,1,1,1,1,1,1,1
1,1,1,1,1,1,1,1,1,1
1,1,1,1,1,1,1,1,1,1
1,1,1,1,1,1,1,1,1,1
1,1,1,1,1,1,1,1,1,1
1,1,1,1,1,1,1,1,1,1
1,1,1,1,1,1,1,1,0.8334394,1
1,1,1,1,1,1,1,1,0.8243497,1
1,1,1,1,1,1,1,1,0.8152608,1
1,1,1,1,1,1,1,1,0.8061808,1
1,1,1,1,1,1,1,1,0.7971143,1
1,1,1,1,1,1,1,1,0.7880657,1
1,1,1,1,1,1,1,1,0.7790431,1
1,1,1,1,1,1,1,1,0.7700505,0
1,1,1,1,1,1,1,1,0.7610958,0
1,1,1,1,1,1,1,1,0.7521831,0
1,1,1,1,1,1,1,1,0.7433163,0
1,1,1,1,1,1,1,1,0.7345025,0
1,1,1,1,1,1,1,1,0.7257454,0
1,1,1,1,1,1,1,1,0.7170483,0
1,1,1,1,1,1,1,1,0.7228452,0
1,1,1,1,1,1,1,1,0.7494229,0
1,1,1,1,1,1,1,1,0.7757741,1
1,1,1,1,1,1,1,1,0.8018185,1
1,1,1,1,1,1,1,1,0.8274873,1
1,1,1,0.9995162,1,1,1,1,0.8527099,1
1,1,1,0.9892896,1,1,1,1,1,1
1,1,1,0.980588,1,1,1,1,1,1
1,1,1,0.9720562,1,1,1,1,1,1
1,1,1,0.9636889,1,1,1,1,1,1
1,1,1,0.9554815,1,1,1,1,1,1
1,1,1,0.9474314,1,1,1,1,1,1
1,1,1,0.9395351,1,1,1,1,1,1
1,1,1,0.9317887,1,1,1,1,1,1
1,1,1,0.9241893,1,1,1,1,1,1
1,1,1,0.916736,1,1,1,1,1,1
1,1,1,0.9094247,1,1,1,1,1,1
1,1,1,0.9022549,1,1,1,1,1,1
1,1,1,0.8952247,1,1,1,1,1,1
1,1,1,0.8883322,1,1,1,1,1,1
1,1,0.9913958,0.8815765,0.9972833,1,1,1,1,2
1,1,0.9500048,0.8751826,0.9912838,1,1,1,1,2
1,1,0.9031451,0.8699002,0.9870843,1,1,1,1,2
1,1,0.8518686,0.8658341,0.984849,1,1,1,1,2
1,1,0.797522,0.8630834,0.9847342,1,1,1,1,2
1,1,0.7610565,0.8617365,1,1,1,1,1,2
1,1,0.757014,0.8611854,1,1,1,1,1,2
1,1,0.7532206,0.8609787,1,1,1,1,1,2
1,1,0.7496733,0.8611134,1,1,1,1,1,2
1,1,0.746369,0.8615858,1,1,1,1,1,2
1,1,0.7433051,0.8623937,1,1,1,1,1,2
1,1,0.7404756,0.8635305,1,1,1,1,1,2
1,1,0.7378755,0.8649906,1,1,1,1,1,2
1,1,0.7354995,0.8667687,1,1,1,1,1,2
1,1,0.7333402,0.8688566,1,1,1,1,1,2
1,1,0.7313899,0.8712457,1,1,1,1,1,2
1,1,0.7296425,1,1,1,1,1,1,2
1,1,0.7265617,1,1,1,1,1,1,2
1,1,0.7236385,1,1,1,1,1,1,2
1,1,0.7208738,1,1,1,1,1,1,2
1,1,0.7182664,1,1,1,1,1,1,2
1,1,0.7158172,1,1,1,1,1,1,2
1,1,0.7135265,1,1,1,1,1,1,2
1,0.8455834,0.7113934,1,1,1,1,1,1,2
1,0.6589776,0.7123078,1,1,1,1,1,1,2
1,0.6053654,0.7155793,1,1,1,1,1,1,2
1,0.6021433,0.7194759,1,1,1,1,1,1,2
1,0.5993487,0.7240288,1,1,1,1,1,1,2
1,0.5969833,0.7292709,1,1,1,1,1,1,2
1,0.5950513,0.7352405,1,1,1,1,1,1,2
1,0.5935565,1,1,1,1,1,1,0.9900411,2
1,0.5916962,1,1,1,1,1,1,0.9819843,2
1,0.5900829,1,1,1,1,1,1,0.9744137,2
1,0.5887085,1,0.9949372,1,1,1,1,0.9672973,2
1,0.5875887,1,0.9741282,1,1,1,1,0.960518,2
1,0.5867903,1,0.9537781,1,1,1,1,0.9538136,2
1,0.5863142,1,0.9339064,1,1,1,1,0.9472232,2
1,0.5861598,1,0.9145321,1,1,1,1,0.9407789,2
0.5470274,0.5863209,1,0.9330975,1,1,1,1,0.934512,2
0.54343,0.5880598,1,0.9640735,1,1,1,1,0.9254258,2
0.5402771,0.590308,1,0.9985507,1,1,1,1,0.9167451,2
0.537567,0.5930833,0.9889904,1,1,1,1,1,0.9084448,2
0.5352941,0.5964006,0.9596516,1,1,1,1,1,0.9005067,2
0.5334588,0.6002817,0.9316375,1,1,1,1,1,0.7730771,2
0.5320595,0.604747,0.9048624,1,1,1,1,1,0.7670764,2
0.5310969,0.6098211,0.8792445,1,1,1,1,1,0.7613045,2
0.5305715,1,0.8547125,1,1,1,1,1,0.7557507,2
0.5299383,1,0.8351779,1,1,1,1,1,0.7528217,2
0.5295529,1,0.8160127,1,1,1,1,1,0.7498543,2
0.5294206,1,0.8096064,1,1,1,1,1,0.7468656,2
0.5295172,1,0.8262883,1,1,1,1,1,0.7439519,2
0.5297874,1,0.8432156,1,1,1,1,1,0.7412508,2
0.5302137,1,0.8603433,1,1,1,1,1,0.738739,2
0.5307796,1,0.877625,1,1,1,1,1,0.7363955,2
0.5314699,1,0.8950126,1,1,1,1,1,0.7342019,2
0.5322703,1,0.9124568,1,1,1,1,1,0.7321416,2
0.5331672,0.9858844,0.9299082,1,1,1,1,1,0.7301998,2
0.5342133,0.9575311,0.948218,1,1,1,1,1,0.7282602,2
0.5354744,0.9295604,0.9683444,1,1,1,1,1,0.7262239,2
0.5369526,0.9020711,0.9903392,1,1,1,1,1,0.7241092,2
0.5386488,0.8751408,1,1,1,1,1,1,0.7219326,2
0.540602,0.8485954,1,1,1,1,1,1,0.7196647,2
1,0.8223479,1,1,1,1,1,1,0.7172908,0
1,0.8128178,1,1,1,1,1,1,0.8272198,1
1,0.7987939,1,1,1,1,1,1,0.8271884,1
1,0.7843366,1,1,1,1,1,1,0.8270766,1
1,0.7694588,1,1,1,1,1,1,0.8268772,1
1,0.7541775,1,1,1,1,1,1,0.826584,1
1,0.7385126,1,1,1,1,1,1,0.8261902,1
1,0.7224876,1,1,1,1,1,1,0.8256928,1
1,0.7061333,1,1,1,1,1,1,0.8250866,1
1,0.6894745,1,1,1,1,1,1,0.8243707,1
1,0.6725421,1,1,1,1,1,1,0.8235418,1
1,0.6553699,1,1,1,1,1,1,0.8225993,1
1,0.637997,1,1,1,1,1,1,0.8215451,1
1,0.6204551,1,1,1,1,1,1,0.8203786,2
1,0.602785,1,1,1,1,1,1,0.8191016,2
1,0.5850233,1,1,1,1,1,1,0.8177183,2
1,0.5851344,1,1,1,1,1,1,0.8162305,2
1,0.5888389,1,1,1,1,1,1,0.8147389,2
1,0.5925245,1,1,1,1,1,1,0.8132607,2
1,0.5961854,1,1,1,1,1,1,0.8117951,2
1,0.5998177,1,1,1,1,1,1,0.8103395,1
1,0.6034156,1,1,1,1,1,1,0.8088935,1
1,0.6069758,1,1,1,1,1,1,0.8074557,1
0.9302184,0.6104926,1,1,1,1,1,1,0.8060257,2
0.8860367,0.615711,1,1,1,1,1,1,0.8041992,2
0.8402306,0.6220372,1,1,1,1,1,1,0.8021471,2
0.7934449,0.6295649,1,1,1,1,1,1,0.7998829,2
0.7463273,0.6383821,1,1,1,1,1,1,0.7974311,2
0.6994969,0.6485744,1,1,1,1,1,1,0.7948218,2
0.6535274,0.6602275,1,1,1,1,1,1,0.7920877,2
0.6089004,0.6734173,1,1,1,1,1,1,0.7892668,2
0.5659773,0.6882195,1,1,1,1,1,1,0.7863942,2
0.52502,0.7047003,1,1,1,1,1,1,0.7835058,2
0.4998607,0.7229265,1,1,1,1,1,1,0.7806301,2
0.5067269,0.7424489,1,1,1,1,1,1,0.7778108,2
0.5136924,0.7620775,1,1,1,1,1,1,0.7750796,2
0.5207214,1,1,1,1,1,1,1,0.7724024,2
0.5260952,1,1,1,1,1,1,1,0.7697865,2
0.5315162,1,1,1,1,1,1,1,0.7671429,2
0.5369734,1,1,1,1,1,1,1,0.7644693,2
0.5424569,1,1,1,1,1,1,1,0.761762,2
0.5479553,1,1,1,1,1,1,1,0.7590194,2
0.5534589,1,1,1,1,1,1,1,0.7562389,2
0.5589566,1,1,1,1,1,1,1,0.75342,2
0.5644391,1,1,1,1,1,1,1,0.7505607,2
0.5698968,1,1,1,1,1,1,1,0.7476598,2
0.5753193,1,1,1,1,1,1,1,0.7447179,2
0.5806993,1,1,1,1,1,1,1,0.741733,1
0.5860265,1,1,1,1,1,1,1,0.7387065,1
0.5912907,1,1,1,1,1,1,1,0.7356402,1
0.596486,1,1,1,1,1,1,1,0.7325332,1
0.6016046,1,1,1,1,1,1,1,0.7293866,1
0.6066373,1,1,1,1,1,1,1,0.7262031,1
0.6115791,1,1,1,1,1,1,1,0.7229832,1
0.6164213,1,1,1,1,1,1,1,0.7197301,1
0.6211582,1,1,1,1,1,1,1,0.716446,1
0.6257855,1,1,1,1,1,1,1,0.7131323,1
0.6302983,1,1,1,1,1,1,1,0.7097914,1
0.6346896,1,1,1,1,1,1,1,0.7064282,1
0.6389569,1,1,1,1,1,1,1,0.7030441,1
0.6430961,1,1,1,1,1,1,1,0.6996428,1
0.6471055,1,1,1,1,1,1,1,0.6962262,1
0.6509801,1,1,1,1,1,1,1,0.6927999,1
0.654719,1,1,1,1,1,1,1,0.6893662,1
1,1,1,1,1,1,1,1,0.7877556,0
1,1,1,1,1,1,1,1,1,1
1,1,1,1,1,1,1,1,1,1
1,1,1,1,1,1,1,1,1,1
1,1,1,1,1,1,1,1,1,1
1,1,1,1,1,1,1,1,1,1
1,1,1,1,1,1,1,1,1,1
1,1,1,1,1,1,1,1,1,1
1,1,1,1,1,1,1,1,1,1
1,1,1,1,1,1,1,1,1,1
1,1,1,1,1,1,1,1,1,1
1,1,1,1,1,1,1,1,1,1
1,1,1,1,1,1,1,1,1,1
1,1,1,1,1,1,1,1,1,1
1,1,1,1,1,1,1,1,1,1
1,1,1,1,1,1,1,1,1,1
1,1,1,1,1,1,1,1,1,1
1,1,1,1,1,1,1,1,1,1
1,1,1,1,1,1,1,0.8847395,1,0
1,1,1,1,1,1,1,0.8481036,1,0
1,1,1,1,1,1,1,0.8093354,1,0
1,1,1,1,1,1,1,0.7688029,1,0
1,1,1,1,1,1,1,0.756503,1,0
1,1,1,1,1,1,1,0.756297,1,0
1,1,1,1,1,1,1,0.7562455,1,0
1,1,1,1,1,1,1,0.7563473,1,0
1,1,1,1,1,1,1,0.7566009,1,0
1,1,1,1,1,1,1,0.7570049,1,0
1,1,1,1,1,1,1,0.7575558,1,0
1,1,1,1,1,1,1,0.7582523,1,0
1,1,1,1,1,1,0.9877755,1,1,1
1,1,1,1,1,1,0.9751221,1,1,1
1,1,1,1,1,1,0.962221,1,1,1
1,1,1,1,1,1,0.9490795,1,1,1
1,1,1,1,1,1,0.9357052,1,1,1
1,1,1,1,1,1,0.9221077,1,1,1
1,1,1,1,1,1,0.9082977,1,1,1
1,1,1,1,1,1,0.8942833,1,1,1
1,1,1,1,1,1,0.8800777,1,1,1
1,1,1,1,1,1,0.8656946,1,1,1
1,1,1,1,1,1,0.8519741,1,1,1
1,1,1,1,1,1,0.8527314,1,1,1
1,1,1,1,1,1,0.853524,1,1,1
1,1,1,1,1,1,0.8543539,1,1,1
1,1,1,1,1,1,0.8552178,1,1,1
1,1,1,1,1,1,0.8561174,1,1,1
1,1,1,1,1,1,0.8570473,1,0.6456466,0
1,1,1,1,1,1,0.8763186,1,0.6448331,0
1,1,1,1,1,1,0.8965246,1,0.6443738,0
1,1,1,1,1,1,0.9176434,1,0.6442435,0
1,1,1,1,1,1,1,1,0.6444213,0
1,1,1,1,1,1,1,1,0.6447347,0
1,1,0.9851101,1,1,1,1,1,0.6453338,0
1,1,0.9491869,1,1,1,1,1,1,1
1,1,0.9533603,1,1,1,1,1,1,1
1,1,0.9574115,1,1,1,1,1,1,1
1,1,1,1,1,1,1,1,1,1
1,1,1,1,1,1,1,1,1,1
1,1,1,1,1,1,1,1,1,1
1,0.9994168,1,1,1,1,1,1,1,1
1,0.9852132,1,1,1,1,1,0.8277155,1,0
1,0.9764212,1,1,1,1,1,0.8043306,1,0
1,0.9680594,1,1,1,1,1,0.7807664,1,0
1,0.9601412,1,1,1,1,1,0.7570786,1,0
1,0.9526707,1,1,1,1,1,0.7333161,1,0
1,0.9456601,1,1,1,1,1,0.7095386,1,0
1,0.9391168,1,1,1,1,1,0.6858011,1,0
1,0.9330477,1,1,1,1,1,0.6621581,1,0
1,0.9274588,1,1,1,1,1,0.6386619,1,0
1,0.9223558,0.8333369,1,1,1,1,0.6270723,1,0
1,0.9142431,0.821162,1,1,1,1,0.6304862,1,0
1,0.9052808,0.8104614,1,1,1,1,0.6336719,1,0
1,0.8954727,0.8011171,1,1,1,1,0.636609,1,0
1,0.8848287,0.7930267,1,1,1,1,0.63928,1,1
1,0.8733647,0.786109,1,1,1,1,0.641668,1,1
1,0.8611078,0.7802928,1,1,1,1,0.6437601,1,1
1,0.8480816,0.7755182,1,1,1,1,0.6455454,1,1
1,0.8343199,1,1,1,1,1,0.6470157,1,0
1,0.8242226,1,1,1,1,1,0.6506445,1,0
1,0.8134661,1,1,1,1,1,0.654093,1,0
1,0.8056456,1,1,1,1,1,0.6573361,1,0
1,0.8024966,1,1,1,1,1,0.6604193,1,1
1,0.7994921,1,1,1,1,1,0.6634326,1,1
1,0.7966237,1,1,1,1,1,1,1,2
1,0.8002322,1,1,1,1,1,1,1,2
1,0.8039017,1,1,1,1,1,1,1,2
1,0.8076295,1,1,1,1,1,1,1,2
1,0.8114088,1,1,1,1,1,1,1,2
1,0.815237,1,1,1,1,1,1,1,2
1,0.8191077,1,1,1,1,1,1,0.7032377,0
1,0.8148138,1,1,1,1,1,1,0.6518304,0
1,0.8092737,1,1,1,1,1,1,0.5987532,0
1,0.8025467,1,1,1,1,1,1,0.5451511,0
1,0.7947407,1,1,1,1,1,1,0.5159565,0
1,0.7865702,1,1,1,1,1,1,0.5186746,0
1,0.7788192,1,1,1,1,1,1,0.5215293,0
1,0.7714556,1,1,1,1,1,1,0.5245053,0
1,0.7644446,1,1,1,1,1,1,0.5275928,0
1,0.757759,1,1,1,1,1,1,0.5307789,0
1,0.7513727,1,1,1,1,1,1,0.5340525,0
1,0.7452633,1,1,1,1,1,1,0.5374013,0
1,1,1,1,1,1,1,1,1,1
1,1,1,1,1,1,1,1,1,1
1,1,1,1,1,1,1,1,1,1
1,1,1,1,1,1,1,1,1,1
1,1,1,1,1,1,1,1,1,1
1,1,1,1,1,1,1,1,1,1
1,1,1,1,1,1,1,1,1,1
1,1,1,1,1,1,1,1,1,1
1,1,1,1,1,1,1,1,1,1
1,1,1,1,1,1,1,1,1,1
1,0.9883699,1,1,1,1,1,1,1,1
1,0.9723794,1,1,1,1,1,1,1,1
1,0.9558199,1,1,1,1,1,1,1,1
1,0.9387058,1,1,1,1,1,1,1,1
1,0.9210566,1,1,1,1,1,1,1,1
1,0.9028968,1,1,1,1,1,1,1,1
1,0.8842575,1,1,1,1,1,1,1,1
1,0.8651787,1,1,1,1,1,1,1,2
1,0.8456971,1,1,1,1,1,1,1,2
1,0.8258573,1,1,1,1,1,1,1,2
1,0.8057132,1,1,1,1,1,1,1,2
1,0.7853121,1,1,1,1,1,1,1,2
1,0.7647129,1,1,1,1,1,1,1,2
1,0.7439715,1,1,1,1,1,1,1,2
1,0.7231438,1,1,1,1,1,1,1,2
1,0.7022905,1,1,1,1,1,1,1,2
1,0.6814659,1,1,1,1,1,1,1,2
1,0.6888002,1,1,1,1,1,1,1,2
1,0.696531,1,1,1,1,1,1,1,2
1,0.7043679,1,1,1,1,1,1,1,2
1,0.7123019,1,1,1,1,1,1,1,2
1,0.7203193,1,1,1,1,1,1,1,2
1,0.7284087,1,1,1,1,1,1,1,2
1,0.7365585,1,1,1,1,1,1,1,2
1,0.7447571,1,1,1,1,1,1,1,2
1,0.7529951,1,1,1,1,1,1,1,2
0.9274994,0.7612585,1,1,1,1,1,1,1,2
0.8845857,0.7720731,1,1,1,1,1,1,1,2
0.8412473,0.784537,1,1,1,1,1,1,1,2
0.797964,0.7987739,1,1,1,1,1,1,1,2
0.7551829,0.8149101,1,1,1,1,1,1,1,2
0.7132989,0.8330727,1,1,1,1,1,1,1,2
0.6726479,1,1,1,1,1,1,1,1,2
0.6377007,1,1,1,1,1,1,1,1,2
0.603134,1,1,1,1,1,1,1,1,2
0.6023712,1,1,1,1,1,1,1,1,2
0.6108327,1,1,1,1,1,1,1,1,2
0.6195633,1,1,1,1,1,1,1,1,2
0.6285475,1,1,1,1,1,1,1,1,2
0.6377727,1,1,1,1,1,1,1,1,2
0.6472221,1,1,1,1,1,1,1,1,2
0.6568803,1,1,1,1,0.9965621,1,1,1,2
0.6666967,1,1,1,1,0.9925309,1,1,1,2
0.6766439,1,1,1,1,0.9883145,1,1,1,2
0.6866958,1,1,1,1,0.9838912,1,1,1,2
0.6968249,1,1,1,1,0.9792406,1,1,1,2
0.7070054,1,1,1,1,0.9743397,1,1,1,2
0.7172102,1,1,1,1,0.9691707,1,1,1,2
0.7274097,1,1,1,1,0.9637138,1,1,1,2
0.7375761,1,1,1,1,0.9579538,1,1,1,2
0.7476789,1,1,1,1,0.9518741,1,1,1,2
0.7576917,1,1,1,1,0.9454633,1,1,1,2
1,1,1,1,0.9998903,0.9387082,1,1,1,1
1,1,1,1,0.9930161,0.9266064,1,1,1,1
1,1,1,1,0.9870045,0.9142491,1,1,1,1
1,1,1,1,0.9818287,0.9016591,1,1,1,1
1,1,1,1,0.9774737,0.8888552,1,1,1,1
1,1,1,1,0.9739271,0.8758605,1,1,1,1
1,1,1,1,0.9711717,0.8626946,1,1,1,1
1,1,1,1,0.9692003,0.8493808,1,1,1,1
1,1,1,1,0.9680009,0.8359378,1,1,1,0
1,1,1,1,0.9675707,0.8223882,1,1,1,0
1,1,1,1,0.967902,0.8087535,1,1,1,0
1,1,1,1,0.9689925,0.7950508,1,1,1,0
1,1,1,1,0.9708417,0.7813002,0.9815496,1,1,0
1,1,1,1,0.9747897,0.7672294,0.9611605,1,1,0
1,1,1,1,0.9810178,0.7528678,0.9401864,1,1,0
1,1,1,1,0.9896423,0.7382611,0.9187343,1,1,0
1,1,1,1,1,0.7234637,0.8969225,1,1,0
1,1,1,1,1,0.708522,0.8748531,1,1,0
1,1,1,1,1,0.7121716,0.8524668,1,1,0
1,1,1,1,1,0.7183415,0.8301976,1,1,0
1,1,1,1,1,0.7255151,0.808136,1,1,0
1,1,1,1,1,0.7337285,0.7863347,1,1,0
1,1,1,1,1,0.743014,0.7648388,1,1,0
1,1,1,1,1,0.7534131,0.7436901,1,1,0
1,1,1,1,1,0.7649627,0.7229144,1,1,0
1,1,1,1,1,0.7777034,0.7025389,1,1,0
1,1,1,1,1,0.7916784,0.6825801,1,1,0
1,1,1,1,1,0.8069345,0.6630523,1,1,0
1,1,1,1,1,0.8235208,0.6439604,1,1,0
1,1,1,1,1,0.841483,0.6253085,1,1,0
1,1,1,1,1,0.8608779,0.6070924,1,1,0
1,1,1,1,1,0.8817571,0.5893044,1,1,0
1,1,1,1,1,1,0.5719382,1,1,0
1,1,1,1,1,0.996736,0.5563759,1,1,0
1,1,1,1,1,0.9823292,0.5620249,1,1,0
1,1,1,1,1,0.9897507,0.5680287,1,1,0
1,1,1,1,1,1,0.5741163,1,1,0
1,1,1,1,1,1,0.5802466,0.7802502,1,0
1,1,1,1,1,1,0.5939873,0.7409996,1,0
1,1,1,1,1,1,0.6097888,0.703216,1,0
1,0.9941601,1,1,1,1,0.6278074,0.6670303,1,0
1,0.9767674,1,1,1,1,0.6480081,0.6326692,1,0
1,0.9602561,1,1,1,1,0.6700617,0.6004055,1,0
1,0.9446425,1,1,1,1,0.6940063,0.5701088,1,0
1,0.9299203,1,1,1,1,0.7198797,0.5416339,1,0
1,0.9160674,1,1,1,1,0.7477137,0.5148424,1,0
1,0.9030496,1,1,1,1,0.8786224,0.4895931,1,0
1,0.8920204,1,1,1,1,0.8621837,0.4666208,1,0
1,0.8810534,1,1,1,1,0.8538542,0.4443626,1,0
1,0.8702896,1,1,1,1,0.8896437,0.4353918,1,0
1,0.8604032,1,1,1,1,0.926479,0.4426951,1,0
1,0.8581911,1,1,1,1,1,0.4498259,1,0
1,0.8546842,1,1,1,1,1,0.4566191,1,0
1,0.8504844,1,1,1,1,1,0.4635178,0.6840523,0
1,0.8601006,1,1,1,1,1,0.4762603,0.6247462,0
1,0.8708329,1,1,1,1,1,0.4901406,0.5713598,0
1,0.8828167,1,1,1,1,1,0.5052541,0.5230582,0
1,0.8962024,1,1,1,1,1,0.5217112,0.4791508,0
1,0.9111686,1,1,1,1,1,0.5396341,0.4390659,0
1,0.9279329,1,1,1,1,1,0.5591645,0.4023336,0
1,0.9424525,1,1,1,1,1,0.5804614,0.3834336,0
1,0.9580816,1,1,1,1,1,0.6037073,0.3915494,0
1,0.9815025,1,1,1,1,1,0.7670854,0.4002865,0
1,1,1,1,1,1,1,0.7461092,0.4096773,0
1,1,1,1,1,1,1,0.7260598,0.4197593,0
1,1,1,1,1,1,1,0.7332774,0.4305701,0
1,1,1,1,1,1,1,0.7706732,0.4421549,0
1,1,0.8825542,1,1,1,1,0.8119718,0.4545594,0
0.99323,1,0.8636697,1,1,1,1,1,0.4665327,0
0.9749063,1,0.8490197,1,1,1,1,1,0.4770867,0
0.967752,1,0.8358926,1,1,1,1,1,0.4873158,0
0.9671195,1,0.8237931,1,1,1,1,1,0.4973639,0
0.9705908,1,0.812431,1,1,1,1,1,0.5073169,0
0.9767882,1,0.8016251,1,1,1,1,1,0.517228,0
0.9848663,1,0.7912532,1,1,1,1,0.9915072,0.5271334,0
0.9937037,1,0.7811502,1,1,1,1,0.9792058,0.537127,0
1,1,0.7712467,1,1,1,1,0.9671409,0.5472451,0
1,1,0.7615933,1,1,1,1,0.9553438,0.5574205,0
1,1,0.7523156,1,1,1,1,0.9438837,0.7196355,1
1,1,0.7458499,1,1,1,1,0.9342947,0.7066014,1
1,1,0.7392234,1,1,1,1,0.9246152,0.6933869,1
1,1,0.7324406,1,1,1,1,0.9148514,0.6800091,1
1,1,0.7255086,1,1,1,1,0.9050134,0.6664906,1
1,1,0.7184318,1,1,1,1,0.8951081,0.6528498,1
1,1,0.7112207,1,1,1,1,0.8851466,0.6391103,1
1,0.9767911,0.7038826,1,1,1,1,0.8751367,0.6314946,1
1,0.9352309,0.696992,1,1,1,1,0.8654364,0.6396025,1
1,0.8822371,0.6911291,1,1,1,1,0.8563952,0.6463722,1
1,0.8180512,0.6864695,1,1,1,1,0.8628976,0.651503,2
1,0.743556,0.6833007,1,1,1,1,0.863261,0.6546077,2
1,0.6834058,0.8913902,1,1,1,1,0.856357,0.6555945,1
1,0.6237668,0.8881389,1,1,1,1,0.8604418,0.6596367,2
1,0.559091,1,1,1,1,1,0.8584762,0.6619024,2
1,0.5494632,1,1,1,1,1,0.8590746,0.6648577,2
1,0.545405,1,1,1,1,1,0.8587273,0.6674909,2
1,0.5414277,1,1,1,1,1,0.8580149,0.6699665,2
1,0.5375301,1,1,1,1,1,0.8569894,0.6722983,2
1,0.5337123,1,1,1,1,1,0.8556937,0.6744968,2
1,0.5299749,1,1,1,1,1,0.8541659,0.6765718,2
1,0.5263165,1,1,1,1,1,0.8524437,0.6785342,2
1,0.5227375,1,1,1,1,1,0.850557,0.6803918,2
1,0.5192367,1,1,1,1,1,0.8485357,0.6821541,2
1,0.5158127,1,1,1,1,1,0.8464054,1,2
1,0.5140468,1,1,1,1,1,0.8264444,1,2
1,0.5124897,1,1,1,1,1,0.8084742,0.6758445,2
1,0.5092803,1,1,1,1,1,0.8087837,1,2
1,0.5080049,1,1,1,1,1,0.7925521,1,2
1,0.5069119,1,1,1,1,1,0.7778292,1,2
1,0.5059899,1,1,1,1,1,0.7644297,1,2
0.4732912,0.5052283,1,1,1,1,1,0.7521963,1,2
0.4695992,0.5060874,1,1,1,1,1,0.7326905,0.6601464,2
0.466321,0.5074027,1,1,1,1,1,0.7143933,0.654838,2
0.4634527,0.6956503,1,1,1,1,1,0.7014117,0.6497152,2
0.4609019,0.6974926,1,1,1,1,1,0.6966161,0.6472483,2
0.4585757,0.6994837,1,1,1,1,1,0.691574,0.6449779,2
0.4564586,0.975571,1,1,1,1,1,0.6862634,0.6428925,1
0.454248,0.9743342,1,1,1,1,1,0.6754019,1,2
0.4524528,0.9799012,1,1,1,1,0.9689399,0.6711409,1,2
0.4508906,1,1,1,1,1,0.9622676,0.6665146,1,2
0.4495234,1,1,1,1,1,0.9554707,0.6613111,1,2
0.4483581,1,1,1,1,1,0.9486927,0.6558902,1,2
0.4473842,1,1,1,1,1,0.9419147,0.6502256,1,2
0.4465896,1,1,1,1,1,0.9351171,0.6442912,1,2
0.4459636,1,1,1,1,1,0.9282776,0.6380567,1,2
0.4454936,1,1,1,1,1,0.9213765,0.6314959,1,2
0.6169131,1,1,1,1,1,0.9143945,0.6245829,1,1
0.6162338,1,1,1,1,1,0.9050679,0.61304,1,1
0.6155463,1,1,1,1,1,0.8955699,0.6022807,1,1
0.614844,1,1,1,1,1,0.8859076,0.6019319,1,1
0.6141564,1,1,1,1,1,0.8761776,0.6016539,1,1
0.6134798,1,1,1,1,1,0.8663802,0.6014482,1,1
0.6128121,1,1,1,1,1,0.8565198,0.6013147,1,1
0.6121514,1,1,1,1,1,0.8465942,0.6012527,1,1
0.6114958,1,1,1,1,1,0.8366044,0.6012622,1,1
0.6108434,1,1,1,1,1,0.8265556,0.6013423,1,1
0.8585964,1,1,1,1,1,0.8164459,0.6014928,1,0
0.8563541,1,1,1,1,1,0.8032794,0.6080328,1,0
0.8541365,1,1,1,1,1,0.7903377,0.6146828,1,0
0.8519405,1,1,1,1,1,0.7776118,0.6214285,1,0
0.8497618,1,1,1,1,1,0.7650897,0.6282576,1,0
0.8475992,1,1,1,1,1,0.7799557,1,1,1
0.8468112,1,1,1,1,1,0.7754944,1,0.9926033,1
0.8460204,1,1,1,1,1,0.7718462,1,0.9735357,1
0.8451611,1,1,1,1,1,0.7700168,1,0.9522666,1
0.8442141,1,1,1,1,1,0.7700967,1,0.9287468,1
0.8431608,1,1,1,1,1,0.7722039,1,0.9029878,1
0.8419851,1,1,1,1,1,0.7764795,1,0.8750488,1
0.8406739,1,1,1,1,0.9954088,0.78309,1,0.6318187,0
0.8381364,1,1,1,1,0.9848833,0.8129178,1,0.5888938,0
0.835476,1,1,1,1,0.9744565,0.8480827,1,0.546914,0
0.8327249,1,1,1,1,0.9641668,0.8892874,0.8234842,0.5062608,0
0.8294705,1,1,1,1,0.9540101,1,0.7975789,0.4908663,0
0.8263562,1,1,1,1,0.9442002,1,0.7730573,0.497006,0
0.8233396,1,1,1,1,0.9347187,1,0.7495487,0.5035955,0
0.8204206,1,1,1,1,0.9255548,1,0.7270385,0.5106267,0
0.8175939,1,1,1,1,0.9166929,1,0.7055021,0.5180887,0
0.814854,1,1,1,1,1,1,0.6849075,0.5259646,0
0.8121886,1,1,1,1,1,1,0.6650766,0.5343381,0
0.8095932,1,1,1,1,1,1,0.6460833,0.8558625,0
0.8068221,1,1,1,1,1,1,0.6323867,0.8621038,0
0.8040195,1,1,1,1,1,1,0.618864,0.8684128,0
0.801185,1,1,1,1,1,1,0.6055125,0.8747807,0
0.7983167,1,1,1,1,1,0.8546683,0.5923287,0.8812005,0
0.7954403,1,1,1,1,1,0.844488,0.5790302,0.8881156,0
0.7925287,1,1,1,1,1,0.8343808,0.5659153,0.8950863,0
0.7895808,1,1,1,1,1,0.8243446,0.5612281,0.9021004,0
0.7865868,1,1,1,1,1,0.8143891,0.5721682,0.9090336,0
0.7835296,1,1,1,1,1,0.8045351,0.5827186,1,1
0.7802671,1,1,1,1,1,0.7949855,0.5898817,1,1
0.7769845,1,1,1,1,1,0.7854617,0.5968043,1,1
0.796774,1,1,1,1,1,0.7759588,0.6034808,1,1
0.9117851,1,1,1,1,1,0.7664046,0.6109194,0.7369738,0
0.8679047,1,1,1,1,1,0.7559518,0.6334475,0.7052416,0
0.8489848,1,1,1,1,1,0.7458184,0.6556426,0.676535,0
0.8385539,1,1,1,1,1,0.7359042,0.6784719,0.6495873,0
0.8320826,1,1,1,1,1,0.7261757,0.7022721,0.623978,0
0.8278862,1,1,1,1,1,0.716616,0.7272099,0.5995131,0
0.8252109,1,1,1,1,1,0.7072142,1,0.5760787,0
0.8473948,1,1,1,1,1,1,1,0.5566818,0
0.8613968,1,1,1,1,1,1,1,0.5369111,0
0.8683754,1,1,1,1,1,1,1,0.5169255,0
0.8706754,1,1,1,1,1,1,1,0.4970062,0
0.8699344,1,1,1,1,1,1,1,0.4773372,0
0.8672422,1,1,1,1,1,1,1,0.4832996,0
0.8664338,1,1,1,1,1,1,1,0.4942636,0
0.8675072,1,1,1,1,1,1,1,0.5053812,0
0.8699185,1,1,1,1,1,1,1,0.5166706,0
0.8733137,1,1,1,1,1,1,1,0.5281436,0
0.8774486,1,1,1,1,1,1,1,0.5398113,0
0.882164,1,1,1,1,1,1,0.6380319,0.5516794,0
0.8713117,1,1,1,1,1,1,0.6259132,0.5668012,0
0.8644492,1,1,1,1,1,1,0.6143076,0.5819575,0
0.8605044,1,1,1,1,1,1,0.6031283,0.5971813,0
0.8587546,1,1,1,1,1,1,0.5923136,0.6124989,0
0.8587171,1,1,1,1,1,1,0.5818104,0.6279271,0
0.8600297,1,1,1,1,1,1,0.5715817,0.6434779,0
0.8624448,1,1,1,1,1,1,0.561592,1,1
0.8883253,1,1,1,1,1,1,0.5531431,1,1
0.9114014,1,1,1,1,1,1,0.5445265,1,1
0.9317827,1,1,1,1,1,1,0.5357761,1,1
0.9496461,1,1,1,1,1,1,0.5269257,1,1
0.9652179,1,1,1,1,1,1,0.5232493,1,1
0.9788928,1,1,1,1,1,1,0.5534997,1,1
0.9918609,1,1,1,1,1,1,0.5850956,1,1
1,1,1,1,1,1,1,0.6180719,1,1
1,1,1,1,1,1,1,1,1,1
1,1,1,1,1,1,1,1,1,1
1,1,1,1,1,1,1,1,1,1
1,1,1,1,1,1,1,1,1,1
1,1,1,1,1,1,1,1,1,1
1,1,1,1,1,1,1,1,1,1
1,1,1,1,1,1,1,1,0.5399974,0
1,1,1,1,1,1,1,1,0.5245443,0
1,1,1,1,1,1,0.9560197,1,0.5094719,0
1,1,1,1,1,1,0.9325734,1,0.4949281,0
1,1,1,1,1,1,0.9272343,1,0.4808417,0
1,1,1,1,1,1,0.9220914,1,0.4671467,0
1,1,1,1,1,1,0.9171392,1,0.4538387,0
1,1,1,1,1,1,0.9123738,1,0.4409156,0
1,1,1,1,1,1,0.9077883,1,0.4422174,0
1,1,1,1,1,1,0.903285,1,0.4626827,0
1,1,1,1,1,1,0.8987217,1,0.4835168,0
1,1,1,1,1,1,0.8940779,1,0.5046577,0
1,1,1,1,1,1,0.8893361,1,0.52604,0
1,1,1,1,1,1,0.8844783,1,0.5475942,0
1,1,1,1,1,1,0.8794888,1,1,1
1,1,1,1,1,1,0.8714024,1,1,1
1,1,1,1,1,1,0.8632826,1,1,1
1,1,1,1,1,1,0.8551279,1,1,1
1,1,1,1,1,1,0.8469436,1,1,1
1,1,1,1,1,1,0.838728,1,1,1
1,1,1,1,1,1,0.830483,1,1,1
1,1,1,1,1,1,0.8222073,1,1,1
1,1,1,1,1,1,0.8139062,1,1,1
1,1,1,1,1,1,0.8055779,1,1,1
1,1,1,1,1,1,0.7972247,1,1,1
1,1,1,1,1,1,0.7888482,1,1,1
1,1,1,1,1,1,0.7804503,0.9865831,1,1
1,1,1,1,1,1,0.7720461,0.9795701,1,1
1,1,1,1,1,1,0.7636322,0.9725475,1,1
1,1,1,1,1,1,0.7552072,0.9655119,1,1
1,1,1,1,1,1,0.7467755,0.9584661,1,1
1,1,1,1,1,1,0.7383354,0.9514063,1,1
1,1,1,1,1,1,0.7298881,0.944332,1,1
1,1,1,1,1,1,0.7214381,0.937246,1,1
1,1,1,1,1,1,0.7129834,0.9301441,1,1
1,1,1,1,1,1,0.7045248,0.9230261,1,1
1,1,1,1,1,1,0.6960635,0.9158911,1,1
1,1,1,1,1,1,0.6876002,0.9087384,1,1
1,1,1,1,1,1,0.6791388,0.9015703,1,1
1,1,1,1,1,1,0.6706769,0.894383,1,1
1,1,1,1,1,1,0.6622151,0.8871754,1,1
1,1,1,1,1,1,0.6537538,0.8799471,1,1
1,1,1,1,1,1,0.6452967,0.8726999,1,1
1,1,1,1,1,1,0.6368408,0.86543,1,1
1,1,1,1,1,1,0.6283865,0.8581365,1,1
1,1,1,1,1,1,0.6199371,0.8508217,1,1
1,1,1,1,1,1,0.6114925,0.8434845,1,1
1,1,1,1,1,1,0.6030499,0.836121,1,1
1,1,1,1,1,1,0.5946121,0.8287333,1,1
1,1,1,1,1,1,0.5861791,0.577875,1,1
1,1,1,1,1,1,0.5780398,0.57011,1,1
1,1,1,1,1,1,0.5699006,0.5623353,1,1
1,1,1,1,1,1,0.5617617,0.5545506,1,1
1,1,1,1,1,1,0.5536231,0.5467559,1,1
1,1,1,1,1,1,0.5454814,0.5389479,1,1
1,1,1,1,1,1,0.5373432,0.5311328,1,1
1,1,1,1,1,1,0.5292051,0.5233075,1,1
1,1,1,1,1,1,0.5210672,0.5154719,1,1
1,1,1,1,1,1,0.5129293,0.5076259,1,1
1,1,1,1,1,1,0.5047914,0.4997695,1,1
1,1,1,1,1,1,0.4966534,0.4919028,1,1
1,1,1,1,1,1,0.4885151,0.4840256,1,1
1,1,1,1,1,1,0.8427041,0.4761412,1,1
1,1,1,1,1,1,0.8352475,0.4679332,1,1
1,1,1,1,1,1,0.8277887,0.4597642,1,1
1,1,1,1,1,1,0.8203236,0.45163,1,1
1,1,1,1,1,1,0.8128522,0.4435298,1,1
1,1,1,1,1,1,0.8053737,0.435463,1,1
1,1,1,1,1,1,0.7978879,0.4274285,1,1
1,1,1,1,1,1,0.7903946,0.4194257,1,1
1,1,1,1,1,1,1,0.4114507,1,0
1,1,1,1,1,1,1,0.4033555,1,0
1,1,1,1,1,1,1,0.3953116,1,0
1,1,1,1,1,1,1,0.3873181,1,0
1,1,1,1,1,1,1,0.3793742,0.4529571,0
1,1,1,1,1,1,1,0.3708388,0.4388966,0
1,1,1,1,1,1,1,0.3625854,0.4255122,0
1,1,1,1,1,1,1,0.354595,0.412759,0
1,1,1,1,1,1,1,0.3468524,0.4005973,0
1,1,1,1,1,1,1,0.3393427,0.3889888,0
1,1,1,1,1,1,1,0.3320457,0.3778906,0
1,1,1,1,1,1,1,0.3249513,0.3672723,0
1,1,1,1,1,1,1,0.6128488,0.3570952,0
1,1,1,1,1,1,1,0.6635043,0.3474053,0
1,1,1,1,1,1,1,0.6568366,0.3380603,0
1,1,1,1,1,1,1,0.6503677,0.3290313,0
1,1,1,1,1,1,1,0.6440842,0.3202993,0
1,1,1,1,1,1,1,0.637973,0.3118467,0
1,1,1,1,1,1,1,0.6320243,0.3036596,0
1,1,1,1,1,1,1,0.6262258,0.2957216,0
1,1,1,1,1,1,1,0.6205689,0.2880204,0
1,1,1,1,1,1,1,0.6150392,0.2805378,0
1,1,1,1,1,1,1,1,0.2869107,0
1,1,1,1,1,1,1,1,0.3191004,0
1,1,1,1,1,1,1,1,0.3526539,0
1,1,1,1,1,1,1,1,0.3874781,0
1,1,1,1,1,1,1,1,0.4234666,0
1,1,1,1,1,1,1,1,0.4605009,0
1,1,1,1,1,1,1,1,0.498436,0
1,1,1,1,1,1,1,1,0.5371281,0
1,1,1,1,1,1,1,1,0.5894397,0
1,1,1,1,1,1,1,1,0.5830742,0
1,1,1,1,1,1,1,1,0.576788,0
1,1,1,1,1,1,1,1,0.5705806,0
1,1,1,1,1,1,1,1,0.5644518,0
1,1,1,1,1,1,1,1,0.5584009,0
1,1,1,1,1,1,1,1,0.5524277,0
1,1,0.9909667,1,1,1,1,1,0.5465316,0
1,1,0.9818726,1,1,1,1,1,0.540762,1
1,1,0.9728157,1,1,1,1,1,0.5351071,1
1,1,0.9637909,1,1,1,1,1,0.529561,1
1,1,0.9547938,1,1,1,1,1,0.5241121,1
1,1,0.9458224,1,1,1,1,1,0.5498273,1
1,1,0.9368941,1,1,1,1,1,0.591811,1
1,1,0.9280145,1,1,1,1,1,0.6324378,1
1,1,0.9191815,1,1,1,1,1,0.671343,1
1,1,0.910395,1,1,1,1,1,0.7082087,1
1,1,0.9016534,1,1,1,1,1,1,1
1,1,0.8931249,1,1,1,1,1,1,2
1,1,0.8846528,1,1,1,1,1,1,2
1,1,0.8762396,1,1,1,1,1,1,2
1,1,0.8678917,1,1,1,1,1,1,2
1,0.9108683,0.8596137,1,1,1,1,1,1,2
1,0.8986975,1,1,1,1,1,1,1,1
1,0.8883475,1,1,1,1,1,1,1,2
1,0.8779398,1,1,1,1,1,1,1,2
1,0.8674852,1,1,1,1,1,1,1,2
1,0.8569937,1,1,1,1,1,1,1,2
1,0.8464753,1,1,1,0.9907327,1,1,1,2
1,0.8358685,1,1,1,0.9758107,1,1,1,2
1,0.8251495,1,1,1,0.9601107,1,1,1,2
1,0.8143441,1,1,1,0.9436831,1,1,1,2
1,0.8034784,1,1,1,0.9265795,1,1,1,2
1,0.7925829,1,1,1,0.9088612,1,1,1,2
1,0.7816908,1,1,1,0.8906016,1,1,1,2
1,0.7708388,1,1,1,0.8718815,1,1,1,2
1,0.7600644,1,1,1,0.8527859,1,1,1,2
1,0.7494076,1,1,1,0.8333996,0.7602855,1,1,2
1,0.7382179,1,1,0.975918,0.8103669,0.7456977,1,1,2
1,0.7273642,1,1,0.940957,0.7873545,0.7310519,1,1,2
1,0.7170481,1,1,0.9078805,0.7652801,0.7168354,1,1,2
1,0.7072558,1,1,0.8765301,0.7440811,0.7030271,1,1,2
0.8158296,0.6979737,1,1,0.8467558,0.7388994,0.6896008,1,1,2
0.7972149,0.6891893,1,1,0.8184282,0.7480434,0.6765352,1,1,2
0.779572,0.6808914,1,0.9717294,0.7914355,0.7583375,0.6638134,1,1,2
0.7628511,1,1,0.9320887,0.7656689,0.7698988,0.6514133,1,1,2
0.7470062,1,1,0.8947809,0.7410384,0.7828625,0.6393203,1,1,2
0.7319941,1,1,0.8595848,0.717455,0.7973826,0.6275144,1,1,2
0.7177778,1,1,0.8263144,0.6948456,0.8136446,0.6370196,1,0.985065,2
0.704322,1,1,0.7948014,0.6731397,0.8318626,0.6659294,1,0.9903941,2
0.6915929,1,1,0.7648953,0.6522735,0.8522852,0.7014863,1,0.9961704,2
0.6795608,1,1,0.7364625,0.6531185,0.8752114,0.9372409,1,1,2
0.6681986,1,1,0.7093831,0.6626183,0.9009982,0.9252983,1,1,2
0.6574815,1,1,0.6835495,0.6733209,0.6064888,0.9137263,1,1,2
0.6473852,1,0.9035805,0.6588693,0.6853513,0.5919776,0.9025137,1,1,2
0.6378876,1,0.8596759,0.6352545,0.6988531,0.577855,0.8916467,1,1,2
0.6289699,1,0.8186194,0.6126258,0.7139976,0.5640985,0.8811124,1,1,2
0.6571399,1,0.7801251,0.5909111,0.7309846,0.5506867,0.9346318,1,1,2
0.7587654,1,0.7439435,0.5700447,0.7500457,0.5375994,1,1,1,2
0.882156,1,0.7098609,0.5783663,0.7714552,0.5248212,1,1,1,2
1,1,0.6776847,0.5879858,0.7955401,0.512334,1,1,1,2
1,1,0.6472489,0.5987995,0.8226972,0.5001241,1,1,1,2
1,1,0.6183979,0.6109305,0.5164772,0.4881721,1,1,0.6258954,2
1,1,0.5910015,0.6245215,0.5020692,0.4764659,1,1,0.6206045,2
1,1,0.5654423,0.6387886,0.4881992,0.4650711,1,1,0.6158907,2
1,1,0.5415294,0.6536162,0.4748155,0.4865504,1,1,0.6117262,2
1,1,0.519196,0.6686139,0.4619057,0.5241981,1,1,0.6081651,2
1,1,0.4982639,0.6835831,0.4494165,0.7831475,1,1,0.6051654,2
1,1,0.4790364,0.6967862,0.4374446,0.7721183,1,1,0.603099,2
1,1,0.4731668,0.7104032,0.425691,0.7612885,1,1,0.6012382,2
1,1,0.4763539,0.7238231,0.4141781,0.7506617,1,1,0.5996989,2
1,0.7616439,0.4792521,0.4284851,0.4028966,0.7402161,1,1,0.5985242,2
1,0.708347,0.488222,0.4139583,0.3908335,0.729442,1,1,0.5942634,2
1,0.6594921,0.4982401,0.3998205,0.379012,0.7189667,1,1,0.5901272,2
1,0.614529,0.5094086,0.3860479,0.3674172,0.708779,1,1,0.5861057,2
1,0.5729995,0.521839,0.3726218,0.356038,1,1,1,0.5821928,2
1,0.5345099,0.5356616,0.3595212,0.365851,1,1,1,0.5783812,2
1,0.4987296,0.5510243,0.3467295,0.4165798,1,1,0.9965855,0.5746653,2
1,0.4653686,0.5680982,0.3342283,0.6727551,1,1,0.9762682,0.5710402,2
1,0.435064,0.5855923,0.3221249,0.66151,1,1,0.9583198,0.5678079,2
1,0.4072507,0.6035,0.3103512,0.6505942,1,1,0.9423324,0.5648929,2
1,0.3815538,0.3295488,0.2988634,0.6399519,1,1,0.9280787,0.5622552,2
1,0.3699606,0.3148305,0.2873026,0.6294269,1,1,0.9109745,0.5589115,2
1,0.375727,0.3007471,0.2760315,0.6191918,1,1,0.8956916,0.555864,2
1,0.3813055,0.2873396,0.2939593,1,1,1,0.8826969,0.5532104,2
0.6774719,0.3866383,0.2744864,0.3245831,1,1,1,0.8716205,0.5508741,2
0.5992132,0.394578,0.2612354,0.5942255,1,1,1,0.8568797,0.5477493,2
0.5309754,0.4032946,0.2483388,0.5826874,1,1,1,0.8427156,0.5446795,2
0.470945,0.4128434,0.2357751,0.5714727,1,1,1,0.829089,0.5416608,2
0.4177276,0.4232841,0.2235276,0.5605713,1,1,1,0.815966,0.5386912,2
0.3702224,0.4346882,0.2115773,0.5499709,1,1,1,0.8033117,0.5357656,2
0.3275516,0.2558559,0.1999063,0.5396596,1,1,1,0.7910973,0.532882,2
0.3278785,0.2383399,0.2141608,1,1,1,1,0.7792964,0.5300384,2
0.3332517,0.2215887,0.2397956,1,1,1,1,0.7809849,0.5272315,2
0.3391147,0.2055436,0.2711437,1,1,1,1,0.7908237,0.5244576,2
0.3454857,0.1901587,0.5108653,1,1,1,1,0.8019371,0.5217164,2
0.3523906,0.1753924,0.4989309,1,1,1,1,0.8145055,0.5190027,2
0.3597082,0.1612693,0.4874104,1,1,1,1,0.8275557,0.5163183,2
0.3673922,0.1477411,0.476277,1,1,1,0.9880012,0.8407518,0.5136446,2
0.2103268,0.138889,0.465508,1,1,1,0.9637749,0.8532934,0.5109579,2
0.1868881,0.1500612,0.4548889,1,1,1,0.938009,0.8733571,0.5083314,2
0.1650595,0.1625075,0.4445855,1,1,1,0.9134606,0.8963583,0.5057227,2
0.1447469,0.1762683,1,1,1,1,0.8903233,0.9219323,0.5031137,2
0.1261006,0.1906748,1,1,1,1,0.8701259,0.9442528,0.5003765,2
0.1176599,0.5172753,1,1,1,1,0.8510197,0.9683115,0.4975915,2
0.1239961,0.5042971,1,1,1,1,0.8373224,0.9729953,0.494314,2
0.130498,0.4917603,1,1,1,1,0.8244438,0.9753931,0.490921,2
0.1371356,0.479638,1,1,1,1,0.8123652,0.9749362,0.4874031,2
0.1438735,0.4157371,1,1,1,1,0.8010825,0.9709624,0.4837499,2
0.1508001,0.4043978,1,1,1,1,0.7900246,0.9662584,0.4800256,2
0.1577667,0.3933937,1,1,1,1,0.7797803,0.9568604,0.476146,2
0.1647163,0.3827122,1,1,1,1,0.7703816,0.9418842,0.4720983,2
0.4977126,0.372342,1,1,1,1,0.761881,0.9204439,0.467872,0
0.5005606,0.3637705,1,1,1,1,0.7604174,0.8529539,0.5008776,0
0.5645075,0.3552964,1,1,1,1,0.75974,0.7857772,0.5669633,0
0.5571434,0.3469818,1,1,1,1,0.7601877,0.7184442,0.6229314,0
0.5493627,0.3385256,1,1,1,1,0.7605945,0.6569902,0.6174974,0
0.5426161,0.3302675,1,1,1,1,0.7624364,0.6022951,0.6120455,0
0.5366627,0.3221383,1,1,1,1,0.7655715,0.6002749,0.6066696,0
0.5300401,0.3137925,1,1,1,1,0.768554,0.5983238,0.601591,0
0.522708,0.3052204,1,1,1,1,0.7713344,0.5964176,0.5967831,0
0.5146409,0.2964217,1,1,1,1,0.7738627,0.5945318,0.5922195,0
0.5058151,0.2873948,1,1,1,1,0.7760953,0.5926462,0.6874281,0
0.4934124,0.2775183,1,1,1,1,0.7748178,0.5898521,0.7604381,1
0.4783559,0.2670314,1,1,1,1,0.7707524,0.5863121,0.7567392,1
0.463009,0.2678847,1,1,1,1,0.7664163,0.582704,0.7530788,1
0.4475465,0.2748668,1,1,1,1,0.7619929,0.5790765,0.7494351,1
1,1,1,1,1,1,1,1,1,1
1,1,1,1,1,0.7414865,0.8057104,1,1,0
1,1,1,1,1,0.7306566,0.7927208,1,1,0
1,1,1,1,1,0.7198423,0.7797434,1,1,0
1,1,1,1,1,0.709051,0.7667919,1,1,0
1,1,1,1,0.9914578,0.6982835,0.7538726,1,1,0
1,1,1,1,0.9816121,0.6875471,0.7410002,1,1,0
1,1,1,1,0.9718037,0.6768424,0.7281809,1,1,0
1,1,1,1,0.9620355,0.6661753,0.7154266,1,1,0
1,1,1,1,0.9523077,0.6555481,0.7027447,1,1,0
1,1,1,1,0.9426193,0.6449626,0.6901416,1,1,0
1,1,1,1,0.9329694,0.63442,0.6776227,1,1,0
1,1,1,1,0.9233593,0.6239243,0.6651958,1,1,0
1,1,1,1,0.9137837,0.6134725,0.6528611,1,1,0
1,1,1,1,0.9042435,0.6030675,0.6406245,1,1,0
1,1,1,1,0.8947326,0.5927058,0.6284846,1,1,0
1,1,1,1,0.885251,0.5823894,0.6164457,1,1,0
1,1,1,1,0.8757955,0.572117,0.6045078,1,1,0
1,1,1,1,0.8663625,0.6217504,0.5926707,1,1,0
1,1,1,1,1,0.6991248,0.5809704,0.7603741,1,0
1,1,1,1,1,0.8427125,0.5680072,0.7373892,1,0
1,1,1,1,1,0.8323172,0.5552648,0.7150913,1,0
1,1,1,1,1,0.8220948,0.5426883,0.6932524,1,0
1,1,1,1,1,0.8120527,0.5302923,0.67192,1,0
1,1,1,1,1,0.8021981,0.5180911,0.6511337,1,0
1,1,1,1,1,0.7925343,0.5060948,0.630922,1,0
1,1,1,1,1,0.7830619,0.49431,0.6113035,1,0
1,1,1,1,1,0.7737752,0.4827369,0.592284,1,0
1,1,1,1,1,0.7646686,0.4713764,0.5738646,1,0
1,1,1,1,1,0.7557317,0.4602231,0.5560371,1,0
1,1,1,1,1,0.746955,0.4492734,0.5387908,1,0
1,1,1,1,1,1,0.4385186,0.5221075,1,0
1,1,1,1,1,1,0.504509,0.5055904,1,0
1,1,1,1,1,1,0.5848119,0.4897361,1,0
1,1,1,1,1,1,0.6828752,0.4744898,1,0
1,1,1,1,1,1,0.6996825,0.4597997,1,0
1,1,1,1,1,1,0.6894065,0.4455059,0.6727203,0
1,1,1,1,1,1,0.678951,0.4296378,0.6375307,0
1,1,1,1,1,1,0.6688985,0.4144036,0.6046973,0
1,1,1,1,1,1,0.6592406,0.3997714,0.5740058,0
1,1,1,1,1,1,0.6499673,0.3857084,0.545263,0
1,1,1,1,1,1,0.6410719,0.3721879,0.5183033,0
1,1,1,1,1,1,0.6325432,0.3591783,0.492971,0
1,1,1,1,1,1,1,0.3466572,0.4691365,0
1,1,1,1,1,1,1,0.3387693,0.4466844,0
1,1,1,1,1,1,1,0.374622,0.4255031,0
1,1,1,1,1,1,1,0.4158147,0.4055009,0
1,1,1,1,1,1,1,0.4634895,0.3865913,0
1,1,1,1,1,1,1,0.5191346,0.3686964,0
1,1,1,1,1,1,1,0.5847355,0.3517458,0
1,0.9960986,1,1,1,1,1,0.5800967,0.3356797,0
1,0.9889901,1,1,1,1,1,0.5693299,0.3204401,0
1,0.9821728,1,1,1,1,1,0.55909,0.3060816,0
1,0.9756144,1,1,1,1,1,0.5493563,0.2993033,0
1,0.969271,1,1,1,1,1,0.5400962,0.3196805,0
1,0.9630768,1,1,1,1,1,0.5313032,0.3408112,0
1,0.9569691,1,1,1,1,1,0.5229095,0.3626051,0
1,0.9508931,1,1,1,1,1,0.5728655,0.3849657,0
1,0.9447856,1,1,1,1,1,0.7345499,0.4076077,0
1,0.9385754,1,1,1,1,1,0.9296681,0.4301037,0
1,0.9322308,1,1,1,1,1,1,0.4522798,0
1,0.9257787,1,1,1,1,1,1,0.4743857,0
1,0.9192272,1,1,1,1,1,1,0.4965048,0
1,0.9125701,1,1,1,1,1,1,0.5185299,0
1,0.9058019,1,1,1,1,1,1,0.5222736,0
1,0.898959,1,1,1,1,1,1,0.5133361,0
1,0.8920709,1,1,1,1,1,1,0.5045574,0
1,0.8851355,1,1,1,1,1,1,0.4959292,0
1,0.8781511,1,1,1,1,1,1,0.4874431,0
1,0.8711162,1,1,1,1,1,1,0.4790942,0
1,0.8640295,1,1,1,1,1,1,0.4708779,1
1,0.8568902,1,1,1,1,1,1,0.4627828,1
1,0.8496974,1,1,1,1,1,0.9404349,0.4548079,1
1,0.8424524,1,1,1,1,1,0.9339889,0.4469433,1
1,0.8351518,1,1,1,1,1,0.9275786,0.4396784,1
1,0.8277943,1,1,1,1,1,0.9212016,0.4610206,1
1,0.8203074,1,1,1,1,1,0.9148461,0.4818996,1
1,0.8126977,1,1,1,1,1,0.9085011,0.5022174,1
1,0.804975,1,1,1,1,1,0.9021579,0.5218806,1
1,0.7971474,1,1,1,1,1,0.8958087,0.5408134,1
1,0.7892254,1,1,1,1,1,0.8894507,0.5589465,1
1,0.781219,1,1,1,1,1,0.8830816,0.5762268,1
1,0.7731408,1,1,1,1,1,0.8766947,0.5926084,1
1,0.7650039,1,1,1,1,1,0.8702925,0.6080576,1
1,0.7568199,1,1,1,1,1,0.8638695,0.6225566,1
1,0.7486012,1,1,1,1,1,0.8574297,0.6360977,1
1,0.74036,1,1,1,1,1,0.8509714,0.6486837,2
1,0.7321102,1,1,1,1,1,0.8444963,0.6603236,2
1,0.723864,1,1,1,1,1,0.8380059,0.6710377,2
1,0.7156335,1,1,1,1,1,0.8315021,0.6808532,2
1,0.7074303,1,1,1,1,1,0.8249866,0.6898039,2
1,0.6992642,1,1,1,1,1,0.8184611,0.6979313,2
1,0.6911476,1,1,1,1,1,0.8119265,0.7052732,2
1,0.6830895,1,1,1,1,1,0.8053843,0.7118777,2
0.7900935,0.6750995,1,1,1,1,1,0.7988378,0.7177902,2
0.7744352,0.6666857,1,1,1,1,1,0.7926096,0.7131481,2
0.7590848,0.6585199,1,1,1,1,1,0.7864763,0.707931,2
0.7440883,0.8488973,1,1,1,1,1,0.7804484,0.7022645,2
0.7327208,1,1,1,1,1,1,0.7738711,0.7058882,1
0.7238726,1,1,1,1,1,1,0.7668017,0.7163808,1
0.7148874,1,1,1,1,1,1,0.7597532,0.7261764,1
0.7057853,1,1,1,1,1,1,0.7527262,0.7352782,1
0.6965862,1,1,1,1,1,1,0.7457154,0.7436937,2
0.6873116,1,1,1,1,1,1,0.7387217,1,2
0.6760794,1,1,1,1,1,1,0.7322401,1,2
0.6650109,1,1,1,1,1,1,0.7257816,1,2
0.6541214,1,1,1,1,1,1,0.7193463,1,2
0.6434232,1,1,1,1,1,1,0.7129375,1,2
0.6329263,1,1,1,1,1,1,0.7065578,1,2
0.6226431,1,1,1,1,1,1,0.7002093,1,2
0.612582,1,1,1,1,1,1,0.6938907,1,2
0.6027537,1,1,1,1,1,1,0.6876029,1,2
0.5931647,1,1,1,1,1,1,0.6813465,1,2
0.5838242,1,1,1,1,1,1,0.6751213,1,2
0.5747371,1,1,1,1,1,1,0.6689266,1,2
0.5956339,1,1,1,1,1,1,0.6627609,1,2
0.6420907,1,1,1,1,1,1,0.6564109,1,2
0.6880726,1,1,1,1,1,1,0.6496647,1,2
0.7326394,1,1,1,1,1,1,0.6425028,1,2
0.7749063,1,1,1,1,1,1,0.634925,1,2
0.8141426,1,1,1,1,1,1,0.6269469,1,1
0.8498103,1,1,1,1,1,1,0.618603,1,1
0.8816295,1,1,1,1,1,1,0.6099339,1,1
0.9095407,1,1,1,1,1,1,0.6009879,1,1
1,1,1,1,1,1,1,0.5918199,1,0
1,1,1,1,1,1,1,0.5820068,1,0
1,1,1,1,1,1,1,0.5722634,1,0
1,1,1,1,1,1,1,0.5625936,1,0
1,1,1,1,1,1,1,0.5529946,1,0
1,1,1,1,1,1,1,0.5434699,1,0
1,1,1,1,1,1,1,0.5340195,1,0
1,1,1,1,1,1,1,0.5246432,1,0
1,1,1,1,1,1,1,0.5153378,1,0
1,1,1,1,1,1,1,0.5061092,0.6382235,0
1,1,1,1,1,1,1,0.4957669,0.6198556,0
1,1,1,1,1,1,1,0.5112255,0.6021366,0
1,1,1,1,1,1,1,0.5744482,0.5851721,0
1,1,1,1,1,1,1,0.6456324,0.5691017,0
1,1,1,1,1,1,1,0.7258034,0.5538554,0
1,1,1,1,1,1,1,1,0.5393604,0
1,1,1,1,1,1,1,1,0.5260252,0
1,1,1,1,1,1,1,1,0.5129989,0
1,1,1,1,1,1,1,1,0.5002794,0
1,1,1,1,1,1,1,1,0.4878705,0
1,1,1,1,1,1,1,1,0.4757749,0
1,1,1,1,1,1,1,1,0.4639897,0
1,1,1,1,1,1,1,1,0.4525155,0
1,1,1,1,1,1,1,1,0.4413476,0
1,1,1,1,1,1,1,1,0.4304808,0
1,1,1,1,1,1,1,1,0.4430343,0
1,1,1,1,1,1,1,1,0.4680365,0
1,1,1,1,1,1,1,1,0.4936378,0
1,1,1,1,1,1,1,1,0.5197749,0
1,1,1,1,1,1,1,1,0.5463749,0
1,1,1,1,1,1,1,1,0.5733627,0
1,1,1,1,1,1,1,1,0.6006587,0
1,1,1,1,1,1,1,1,0.6281797,0
1,1,1,1,1,1,1,1,0.6558393,0
1,1,1,1,1,1,1,1,1,1
1,1,1,1,1,1,1,1,1,1
1,1,1,1,1,1,1,1,1,1
1,1,1,1,1,1,1,1,1,1
1,1,1,1,1,1,1,1,1,1
1,1,1,1,1,1,1,1,1,1
1,1,1,1,1,1,1,1,1,1
1,1,1,1,1,1,1,1,1,1
1,1,1,1,1,1,1,1,1,1
1,1,1,1,1,1,1,1,1,1
1,1,1,1,1,1,1,1,1,1
1,1,1,1,1,1,1,1,1,1
1,1,1,1,1,1,1,1,1,1
1,1,1,1,1,1,1,1,1,1
1,1,1,1,1,1,1,1,1,1
1,1,1,1,1,1,1,1,1,1
1,1,1,1,1,1,1,1,1,1
1,1,1,1,1,1,1,1,1,1
1,1,1,1,1,1,1,1,1,1
1,1,1,1,1,1,1,1,1,1
1,1,1,1,1,1,1,1,1,1
1,1,1,1,1,1,1,1,1,1
1,1,1,1,1,1,1,1,1,1
1,1,1,1,1,1,1,1,1,1
1,1,1,1,1,1,1,1,1,1
1,1,1,1,1,1,1,1,1,1
1,1,1,1,1,1,1,1,1,1
1,1,1,1,1,1,1,1,1,1
1,1,1,1,1,1,1,1,1,1
1,1,1,1,1,1,1,1,1,1
1,1,1,1,1,1,1,1,1,1
1,1,1,1,1,1,1,1,1,1
1,1,1,1,1,1,1,1,1,1
1,1,1,1,1,1,1,1,1,1
1,1,1,1,1,1,1,1,1,1
1,1,1,1,1,1,1,1,1,1
1,1,1,1,1,1,1,1,1,1
1,1,1,1,1,1,1,1,1,1
1,1,1,1,1,1,1,1,1,1
1,1,1,1,0.9966624,1,1,1,1,1
1,1,1,1,0.9867499,1,1,1,1,1
1,1,1,1,0.9770958,1,1,1,1,1
1,1,1,1,0.9676883,1,1,1,1,1
1,1,1,0.9892093,0.9585166,1,1,1,1,1
1,1,1,0.9732124,0.9498835,1,1,1,1,1
1,1,1,0.9558161,0.9419165,1,1,1,1,1
1,1,1,0.9370766,0.9346388,1,1,1,1,2
1,1,1,0.9170618,0.9280709,1,1,1,1,2
1,1,1,0.8958617,0.922239,1,1,1,1,2
1,1,1,0.8735989,0.9171683,1,1,1,1,2
1,1,1,0.8504021,0.9128828,1,1,1,1,2
1,1,1,0.8264203,0.9094111,1,1,1,1,2
1,1,1,0.8018113,0.9067818,1,1,1,1,2
1,1,1,0.7908263,0.9050213,1,1,1,1,2
1,1,1,0.7874035,0.90373,1,1,1,1,2
1,1,1,0.7841477,0.902681,1,1,1,1,2
1,1,1,0.7810535,0.9018672,1,1,1,1,2
1,1,1,0.7781186,0.901286,1,1,1,1,2
1,1,1,0.7753369,0.9009299,1,1,1,1,2
1,1,1,0.7727023,0.9007919,1,1,1,1,2
1,1,0.9937941,0.7702127,0.9008693,1,1,1,1,2
1,1,0.9484072,0.7680036,0.9013914,1,1,1,1,2
1,1,0.9015775,0.7669988,0.9039008,1,1,1,1,2
1,1,0.8541414,0.7672488,0.9084961,1,1,1,1,2
1,1,0.806887,0.7687937,0.9152671,1,1,1,1,2
1,1,0.7604908,0.7716631,1,1,1,1,1,2
1,1,0.718383,0.774465,1,1,1,1,1,2
1,1,0.6771695,0.7786895,1,1,1,1,1,2
1,1,0.645949,0.7844028,1,1,1,1,1,2
1,1,0.6464561,0.7914102,1,1,1,1,1,2
1,1,0.6472139,0.7988201,1,1,1,1,1,2
1,1,0.6482048,0.8066138,1,1,1,1,1,2
1,1,0.6494063,0.8147655,1,0.9985763,1,1,1,2
1,1,0.6508099,0.8232747,1,0.9825724,1,1,1,2
1,1,0.6524976,1,1,0.9670897,1,1,1,2
1,1,0.6522639,1,1,0.9536089,1,1,1,2
1,1,0.6522968,1,1,0.9403019,1,1,1,2
1,1,0.6525949,1,0.9977919,0.9271758,1,1,1,2
1,1,0.6531743,1,0.9813215,0.9142206,1,1,1,2
1,0.8961093,0.6541753,1,0.9650047,0.9013675,1,1,1,2
1,0.8011228,0.6579393,1,0.9469491,0.8875823,1,1,1,2
1,0.708739,0.6643289,1,0.9278716,0.9335214,1,1,1,2
1,0.6290098,0.6715107,1,0.9094589,1,1,1,1,2
1,0.5594507,0.679536,0.9737579,0.8916792,1,1,1,1,2
1,0.5209181,0.6884626,0.9506629,0.8745033,1,1,1,1,2
1,0.5213933,0.6983548,0.9284589,0.8578974,1,1,1,1,2
1,0.5223204,0.7092844,0.9070972,0.8418363,1,1,1,1,2
1,0.5237117,1,0.8865333,0.8262966,1,1,1,1,2
1,0.5255809,1,0.8667189,0.8112504,1,1,1,1,2
1,0.5279417,1,0.8476194,0.8059701,1,1,1,1,2
1,0.5308113,1,0.829193,0.8672005,1,1,1,1,2
1,0.5342087,1,0.8114073,0.9417318,1,1,1,1,2
1,0.5380865,1,0.7942947,1,1,1,1,1,2
1,0.5422816,1,0.7779614,1,1,1,1,1,2
0.626334,0.5469323,0.8674836,0.7622043,1,1,1,1,1,2
0.469811,0.5525919,0.8439997,0.7466309,1,1,1,1,1,2
0.4701253,0.5589002,0.8214696,0.731561,1,1,1,1,1,2
0.470861,0.5658916,0.799836,0.7286205,1,1,1,1,1,2
0.4720208,0.5735998,0.7790495,0.7876115,1,1,1,1,1,2
0.4736122,0.5820663,0.7590611,0.8589021,1,1,1,1,1,2
0.4756438,0.5913368,0.7398256,0.9463644,1,1,1,1,1,2
0.4781218,1,0.7213045,1,1,1,1,1,1,2
0.4810558,1,0.7034623,1,1,1,1,1,1,2
0.4844563,1,0.6862628,1,1,1,1,1,1,2
0.4883351,1,0.6696724,1,1,1,1,1,1,2
0.492706,1,0.653663,1,1,1,1,1,1,2
0.4975837,1,0.6382056,1,1,1,1,1,1,2
0.5029833,1,0.623273,1,1,1,1,1,1,2
0.5089248,1,0.6669257,1,1,1,1,1,1,2
0.5154253,1,0.7227144,1,1,1,1,1,1,2
0.5225069,0.7290297,0.7886978,1,1,1,1,1,1,2
0.5301942,0.7043753,0.8676463,1,1,1,1,1,1,2
0.5385121,0.6808829,1,1,1,1,1,1,1,2
1,0.658476,1,1,1,1,1,1,1,2
1,0.6426779,1,1,1,1,1,1,1,2
1,0.6270126,1,1,1,1,1,1,1,2
1,0.611499,1,1,1,1,1,1,1,2
1,0.5961509,1,1,1,1,1,1,1,2
1,0.580984,1,1,1,1,1,1,1,2
1,0.5660087,1,1,1,1,1,1,1,2
1,0.5512375,1,1,1,1,1,1,1,2
1,0.5366777,1,1,1,1,1,1,1,2
1,0.5223348,1,1,1,1,1,1,1,2
1,0.5082203,1,1,1,1,1,1,1,2
1,0.4943334,1,1,1,1,1,1,1,2
1,0.4909125,1,1,1,1,1,1,1,2
1,0.5078589,1,1,1,1,1,1,1,2
0.6670953,0.5251883,1,1,1,1,1,1,1,2
0.634624,0.5549961,1,1,1,1,1,1,1,2
0.6042192,0.5879551,1,1,1,1,1,1,1,2
0.5757796,0.6243365,1,1,1,1,1,1,1,2
0.5491904,0.6644301,1,1,1,1,1,1,1,2
0.5243292,1,1,1,1,1,1,1,1,2
0.5034636,1,1,1,1,1,1,0.9979223,1,2
0.4832693,1,1,1,1,1,1,0.9900215,1,2
0.4638689,1,1,1,1,1,1,0.9822429,1,2
0.4452388,1,1,1,1,1,1,0.9745935,1,2
0.4307989,1,1,1,1,1,1,0.9670738,1,2
0.4459333,1,1,1,1,1,1,0.9596953,1,2
0.4613272,1,1,1,1,1,1,0.952545,1,2
0.476931,1,1,1,1,1,1,0.9455819,1,2
0.4926951,1,1,1,1,1,1,0.93877,1,2
0.5085644,1,1,1,1,1,1,0.9320798,1,2
0.524485,1,1,1,1,1,1,0.9254845,1,2
0.5404018,1,1,1,1,1,1,0.9189624,1,2
0.5562586,1,1,1,1,1,1,0.9124948,1,2
0.5720018,1,1,1,1,1,1,0.9060653,1,2
0.5875783,1,1,1,1,1,1,0.8996607,1,2
0.6029356,1,1,1,1,1,1,0.8932701,1,2
0.6180232,1,1,1,1,1,1,0.8868858,1,2
1,1,1,1,1,1,1,0.8805035,1,0
1,1,1,1,1,1,1,0.8743138,1,0
1,1,1,1,1,1,1,0.8681919,1,0
1,1,1,1,1,1,1,0.8621418,1,0
1,1,1,1,1,1,1,0.8561699,1,0
1,1,1,1,1,1,1,0.8502804,1,0
1,1,1,1,1,1,1,0.8444792,1,0
1,1,1,1,1,1,1,0.8387709,1,0
1,1,1,1,1,1,1,0.8331612,1,0
1,1,1,1,1,1,1,0.8276533,1,0
1,1,1,1,1,1,1,0.8222543,1,0
1,1,1,1,1,1,1,0.8169669,1,0
1,1,1,1,1,1,1,0.811797,1,0
1,1,1,1,1,1,1,0.80675,1,0
1,1,1,1,1,1,1,0.8018303,1,0
1,1,1,1,1,1,1,0.7970415,1,0
1,1,1,1,1,1,1,0.7923875,1,0
1,1,1,1,1,1,1,0.7878736,0.8181942,0
1,1,1,1,1,1,1,0.7844011,0.8087665,0
1,1,1,1,1,1,1,1,0.7996639,0
1,1,1,1,1,1,1,1,0.7927191,0
1,1,1,1,1,1,1,1,0.7858707,0
1,1,1,1,1,1,1,1,0.7791266,0
1,1,1,1,1,1,1,1,0.7724973,0
1,1,1,1,1,1,1,1,0.7659904,0
1,1,1,1,1,1,1,1,0.7596164,0
1,1,1,1,1,1,1,1,0.7533826,0
1,1,1,1,1,1,1,1,0.7472978,0
1,1,1,1,1,1,1,1,0.7413718,0
1,1,1,1,1,1,1,1,0.7356118,0
1,1,1,1,1,1,1,1,0.7300243,0
1,1,1,1,1,1,1,1,0.7246186,0
1,1,1,1,1,1,1,1,0.7194029,0
1,1,1,1,1,1,1,1,0.7143831,0
1,1,1,1,1,1,1,1,0.7095665,0
1,1,1,1,1,1,1,1,0.7049587,0
1,1,1,1,1,1,1,1,0.7005682,0
1,1,1,1,1,1,1,1,0.6964,0
1,1,1,1,1,1,1,1,0.7180117,0
1,1,1,1,1,1,1,1,1,1
1,1,1,1,1,1,1,1,1,1
1,1,1,1,1,1,1,1,1,1
1,1,1,1,1,1,1,1,1,1
1,1,1,1,1,1,1,1,1,1
1,1,1,1,1,1,0.9971652,1,1,1
1,1,1,1,1,1,0.9840401,1,1,1
1,1,1,1,1,1,0.9705677,1,1,1
1,1,1,1,1,1,0.9567543,1,1,1
1,1,1,1,1,1,0.9426091,1,1,1
1,1,1,1,1,1,0.9281389,1,1,1
1,1,1,1,1,1,0.9133573,1,1,1
1,1,1,1,1,1,0.8982797,1,1,1
1,1,1,1,1,1,0.8829199,1,1,1
1,1,1,1,1,1,0.8672934,1,1,1
1,1,1,1,1,1,0.851426,1,1,1
1,1,1,1,1,1,0.835337,1,1,0
1,1,1,1,1,1,0.819047,1,1,0
1,1,1,0.9950765,1,1,0.8025861,1,1,0
1,1,1,0.984812,1,1,0.7859614,1,1,0
1,1,1,0.9745242,1,1,0.7691833,1,1,0
1,1,1,0.9642261,0.995834,1,0.7522902,1,1,0
1,1,1,0.9539205,0.9839591,1,0.752872,1,1,0
1,1,1,0.9436482,0.9721349,1,0.7552552,1,1,0
1,1,1,0.9334139,0.9603769,1,0.757846,1,1,0
1,1,1,0.9232177,0.9486884,1,0.7606303,1,1,0
1,1,1,0.9130622,0.9370747,1,0.7635989,1,1,0
1,1,1,0.9029465,0.9255366,1,0.7667397,1,1,0
1,1,1,0.8928689,0.9140752,1,0.7700375,1,1,0
1,1,1,0.8828278,0.9026898,1,0.7734798,1,1,0
1,1,1,0.8728206,0.89138,1,0.7770514,1,1,0
1,1,1,0.8628481,0.8801473,1,0.7807416,1,1,0
1,1,1,0.8529042,0.8689869,1,0.7845322,0.9628035,1,0
1,1,1,0.8429753,0.8576786,1,0.7899329,0.9292841,1,0
1,1,1,0.8330795,0.8462817,1,0.7968176,0.895099,1,0
1,1,1,0.8232401,0.8348347,1,0.8052467,0.860566,1,0
1,1,1,0.8134741,0.8233708,1,0.8152807,0.8259808,1,0
1,1,1,0.8037995,0.8119256,0.8461915,0.8269708,0.7916223,1,0
1,1,1,0.7943007,0.8003184,0.8318977,0.8430693,0.7553346,1,0
1,1,1,0.7849657,0.7888381,0.817718,0.8613127,0.7200207,1,0
1,1,1,0.7758051,0.777519,0.8037151,0.8817304,0.68589,1,0
1,1,1,0.7668193,0.7663835,0.7899364,1,0.653084,1,0
1,1,1,0.7578444,0.7555518,0.7768047,1,0.6233977,1,0
1,1,1,0.7490394,0.744856,0.7637978,1,0.5944535,1,0
1,1,1,0.7404095,0.7343169,0.7509549,1,0.5663666,1,0
1,1,1,0.7319524,0.7239468,0.7383049,1,0.572857,1,0
1,1,1,0.7235309,0.7137629,0.7260211,1,0.5796218,1,0
1,1,1,0.7151173,0.7037345,0.714065,1,0.5864464,1,0
1,1,1,1,0.6938341,0.7024001,1,0.5932904,1,0
1,1,1,1,0.6840832,0.690756,1,0.6014015,1,0
1,1,1,1,0.6744524,0.6793774,1,0.6096349,1,0
1,1,1,1,0.6649165,0.6682323,1,0.6179551,0.8770109,0
1,1,1,1,0.6556956,0.6569727,0.6986255,0.629383,0.8036352,0
1,1,1,1,0.6468903,0.6457793,0.682756,0.6440712,0.7302614,0
1,1,1,1,0.638355,0.6349264,0.6674393,0.6599946,0.6650095,0
1,1,1,1,0.6300856,0.624405,0.652652,0.6772498,0.6066113,0
1,1,1,1,0.6220758,0.6142035,0.6383697,0.6959472,0.5540432,0
1,1,1,1,0.6143228,0.6043142,0.6245723,0.7162093,0.5064828,0
1,1,1,1,1,0.5947272,0.6112384,0.7381767,0.5130469,0
1,1,1,1,1,0.5854331,0.5983478,1,0.5210872,0
1,1,1,1,1,0.5764077,0.585938,1,0.529629,0
1,1,1,1,1,0.5675912,0.5740347,1,0.5384565,0
1,1,1,1,1,0.5589391,0.5625747,1,0.5475205,0
1,1,1,1,1,0.5504119,0.5515013,1,0.556774,0
1,1,1,1,1,0.541972,0.5407606,1,0.5661691,0
1,1,1,1,1,0.5335926,0.5303112,1,0.5756611,0
1,1,1,1,1,0.5252455,0.5201105,1,0.5852053,0
1,1,1,1,1,1,0.5101212,0.5849326,0.5947621,0
1,1,1,1,1,1,0.5000542,0.5675997,0.6084518,0
1,1,1,1,1,1,0.490311,0.5509908,0.6230902,0
1,1,1,1,1,1,0.4808809,0.535067,0.6387368,0
1,1,1,1,1,1,0.4717539,0.5198509,0.6553187,0
1,1,1,1,1,1,0.4629,0.5055209,0.6722546,0
1,1,1,1,1,1,0.454269,0.4919692,1,0
1,1,1,1,1,1,0.4455546,0.4809247,1,0
1,1,1,1,1,1,0.4368847,0.4700328,1,0
1,1,1,1,1,1,0.4282597,0.4592917,1,0
1,1,1,1,1,1,0.4196769,0.4486964,1,0
1,1,1,1,1,1,0.4111339,0.4382415,1,0
1,1,1,1,1,1,0.4026254,0.4279186,1,0
1,1,1,1,1,1,1,0.4177226,1,0
1,1,1,1,1,1,1,0.407339,1,0
1,1,1,1,1,1,1,0.397096,0.522011,0
1,1,1,1,1,1,1,0.3854488,0.5002342,0
1,1,1,1,1,1,1,0.3742431,0.4796526,0
1,1,1,1,1,1,1,0.3634599,0.4601818,0
1,1,1,1,1,1,1,0.3530851,0.4417492,0
1,1,1,1,1,1,1,0.3431023,0.4242854,0
1,1,1,1,1,1,1,0.3334963,0.4077274,0
1,1,1,1,1,1,1,0.3242725,0.3921169,0
1,1,1,1,1,1,1,0.3154139,0.3774149,0
1,1,1,1,1,1,1,0.306896,0.3635513,0
1,1,1,1,1,1,1,0.2986922,0.3504567,0
1,1,1,1,1,1,1,0.4040602,0.3380698,0
1,1,1,1,1,1,1,0.5558425,0.3264284,0
1,1,1,1,1,1,1,1,0.3154477,0
1,1,1,1,1,1,1,1,0.3051651,0
1,1,1,1,1,1,1,1,0.2952348,0
1,1,1,1,1,1,1,1,0.2856421,0
1,1,1,1,1,1,1,1,0.2763726,0
1,1,1,1,1,1,1,1,0.2674156,0
1,1,1,1,1,1,1,1,0.2587543,0
1,1,1,1,1,1,1,1,0.2731632,0
1,1,1,1,1,1,1,1,0.3009456,0
1,1,1,1,1,1,1,1,0.3299658,0
1,1,1,1,1,1,1,1,0.3601698,0
1,1,1,1,1,1,1,1,0.3914848,0
1,1,1,1,1,1,1,1,0.4238285,0
1,1,1,1,1,1,1,1,0.4571006,0
1,1,1,1,1,1,1,1,0.4911961,0
1,1,1,1,1,1,1,1,0.5259946,0
1,1,1,1,1,1,1,1,0.561369,0
1,1,1,1,1,1,1,1,1,1
1,1,1,1,1,1,1,1,1,1
1,1,1,1,1,1,1,1,1,1
1,1,1,1,1,1,1,1,1,1
1,1,1,1,1,1,1,1,1,1
1,1,1,1,1,1,1,1,1,1
1,1,1,1,1,1,1,1,1,1
1,1,1,1,1,1,1,1,1,1
1,1,1,1,1,1,1,1,1,1
1,1,1,1,1,1,1,1,1,1
1,1,1,1,1,1,1,1,1,1
1,1,1,1,1,1,1,1,1,1
1,1,1,1,1,1,1,1,1,1
1,1,1,1,1,1,1,1,1,1
1,1,1,1,1,1,1,1,1,1
1,1,1,1,1,1,1,1,1,1
1,1,1,1,1,1,1,1,1,1
1,1,1,1,1,1,1,1,1,1
1,1,1,1,1,1,1,1,1,1
1,1,1,1,1,1,1,1,1,1
1,1,1,1,1,1,1,1,1,1
1,1,1,1,1,1,1,1,1,1
1,1,1,1,1,1,1,1,1,1
1,1,1,1,1,1,1,1,1,1
1,1,1,1,1,1,1,1,1,1
1,1,1,1,1,1,1,1,1,1
1,1,1,1,1,1,1,1,1,1
1,1,1,1,1,1,1,1,1,1
1,1,1,1,1,1,1,1,1,1
1,1,1,1,1,1,1,1,1,1
1,1,1,1,1,1,1,1,1,1
1,1,1,1,1,1,1,1,1,1
1,1,1,1,1,1,1,1,1,1
1,1,1,1,1,1,1,1,1,1
1,1,1,1,1,1,1,1,1,1
1,1,1,1,1,1,1,1,1,1
1,1,1,1,1,1,1,1,1,1
1,1,1,1,1,1,1,1,1,1
1,1,1,1,1,1,1,1,1,1
1,1,1,1,1,1,1,1,1,1
1,1,1,1,1,1,1,1,1,1
1,1,1,1,1,1,1,1,1,1
1,1,1,1,1,1,1,1,1,1
1,1,1,1,1,1,1,1,1,1
1,1,1,1,1,1,1,1,1,1
1,1,1,1,1,1,1,1,1,1
1,1,1,1,1,1,1,1,1,1
1,1,1,1,1,1,1,1,1,1
1,1,1,1,1,1,1,1,1,1
1,1,1,1,1,1,1,1,1,1
1,1,1,1,1,1,1,1,1,1
1,1,1,1,1,1,1,1,1,1
1,1,1,1,1,1,1,1,1,1
1,1,1,1,1,1,1,1,1,1
1,1,1,1,1,1,1,1,1,1
1,1,1,1,1,1,1,1,1,1
1,1,1,1,1,1,1,1,1,1
1,1,1,1,1,1,1,1,1,1
1,1,1,1,1,1,1,1,1,1
1,1,1,1,1,1,1,1,1,1
1,1,1,1,1,1,1,1,1,1
1,1,1,1,1,1,1,1,1,1
1,1,1,1,1,1,1,1,1,1
1,1,1,1,1,1,1,1,1,1
1,1,1,1,1,1,1,1,1,1
1,1,1,1,1,1,1,1,1,1
1,1,1,1,1,1,1,1,1,1
1,1,1,1,1,1,1,1,1,1
1,1,1,1,1,1,1,1,1,1
1,1,1,1,1,1,1,1,1,1
1,1,1,1,1,1,1,1,1,1
1,1,1,1,1,1,1,1,1,1
1,1,1,1,1,1,1,1,1,1
1,1,1,1,1,1,1,1,1,1
1,1,1,1,1,1,1,1,1,1
1,1,1,1,1,1,1,1,1,1
1,1,1,1,1,1,1,1,1,1
1,1,1,1,1,1,1,1,1,1
1,1,1,1,1,1,1,1,1,1
1,1,1,1,1,1,1,1,1,1
1,1,1,1,1,1,1,1,1,1
1,1,1,1,1,1,1,1,1,1
1,1,1,1,1,1,1,1,1,1
1,1,1,1,1,1,1,1,1,1
1,1,1,1,1,1,1,1,1,1
1,1,1,1,1,1,1,1,1,1
1,1,1,1,1,1,1,1,1,1
1,1,1,1,1,1,1,1,1,1
1,1,1,1,1,1,1,1,1,1
1,1,1,1,1,1,1,1,1,1
1,1,1,1,1,1,1,1,1,1
1,1,1,1,1,1,1,1,1,1
1,1,1,1,1,1,1,1,1,1
1,1,1,1,1,1,1,1,1,1
1,1,1,1,1,1,1,1,1,1
1,1,1,1,1,1,1,1,1,1
1,1,1,1,1,1,1,1,1,1
1,1,1,1,1,1,1,1,1,1
1,1,1,1,1,1,1,1,1,1
1,1,1,1,1,1,1,1,1,1
1,1,1,1,1,1,1,1,1,1
1,1,1,1,1,1,1,1,1,1
1,1,1,1,1,1,1,1,1,1
1,1,1,1,1,1,1,1,1,1
1,1,1,1,1,1,1,1,1,1
1,1,1,1,1,1,1,1,1,1
1,1,1,1,1,1,1,1,1,1
1,1,1,1,1,1,1,1,1,1
1,1,1,1,1,1,1,1,1,1
1,1,1,1,1,1,1,1,1,1
1,1,1,1,1,1,1,1,1,1
1,1,1,1,1,1,1,1,1,1
1,1,1,1,1,1,1,1,1,1
1,1,1,1,1,1,1,1,1,1
1,1,1,1,1,1,1,1,1,1
1,1,1,1,1,1,1,1,1,1
1,1,1,1,1,1,1,1,1,1
1,1,1,1,1,1,1,1,1,1
1,1,1,1,1,1,1,1,1,1
1,1,1,1,1,1,1,1,1,1
1,1,1,1,1,1,1,1,1,1
1,1,1,1,1,1,1,1,1,1
1,1,1,1,1,1,1,1,1,1
1,1,1,1,1,1,1,1,1,1
1,1,1,1,1,1,1,1,1,1
1,1,1,1,1,1,1,1,1,1
1,1,1,1,1,1,1,1,1,1
1,1,1,1,1,1,1,1,1,1
1,1,1,1,1,1,1,1,1,1
1,1,1,1,1,1,1,1,1,1
1,1,1,1,1,1,1,1,1,1
1,1,1,1,1,1,1,1,1,1
1,1,1,1,1,1,1,1,1,1
1,1,1,1,1,1,1,1,1,1
1,1,1,1,1,1,1,1,1,1
1,1,1,1,1,1,1,1,1,1
1,1,1,1,1,1,1,1,1,1
1,1,1,1,1,1,1,1,1,1
1,1,1,1,1,1,1,1,1,1
1,1,1,1,1,1,1,1,1,1
1,1,1,1,1,1,1,1,1,1
1,1,1,1,1,1,1,1,1,1
1,1,1,1,1,1,1,1,1,1
1,1,1,1,1,1,1,1,1,1
1,1,1,1,1,1,1,1,1,1
1,1,1,1,1,1,1,1,1,1
1,1,1,1,1,1,1,1,1,1
1,1,1,1,1,1,1,1,1,1
1,1,1,1,1,1,1,1,1,1
1,1,1,1,1,1,1,1,1,1
1,1,1,1,1,1,1,1,1,1
1,1,1,1,1,1,1,1,1,1
1,1,1,1,1,1,1,1,1,1
1,1,1,1,1,1,1,1,1,1
1,1,1,1,1,1,1,1,1,1
1,1,1,1,1,1,1,1,1,1
1,1,1,1,1,1,1,1,1,1
1,1,1,1,1,1,1,1,1,1
1,1,1,1,1,1,1,1,1,1
1,1,1,1,1,1,1,1,1,1
1,1,1,1,1,1,1,1,1,1
1,1,1,1,1,1,1,1,1,1
1,1,1,1,1,1,1,1,1,1
1,1,1,1,1,1,1,1,1,1
1,1,1,1,1,1,1,1,1,1
1,1,1,1,1,1,1,1,1,1
1,1,1,1,1,1,1,1,1,1
1,1,1,1,1,1,1,1,1,1
1,1,1,1,1,1,1,1,1,1
1,1,1,1,1,1,1,1,1,1
1,1,1,1,1,1,1,1,1,1
1,1,1,1,1,1,1,1,1,1
1,1,1,1,1,1,1,1,1,1
1,1,1,1,1,1,1,1,1,1
1,1,1,1,1,1,1,1,1,1
1,1,1,1,1,1,1,1,1,1
0.9709729,1,1,1,1,1,1,1,1,1
0.9282656,1,1,1,1,1,1,1,1,1
0.8803107,1,1,1,1,1,1,1,1,2
0.8275596,1,1,1,1,1,1,1,1,2
0.8018874,1,1,1,1,1,1,1,1,2
0.8039894,1,1,1,1,1,1,1,1,2
0.8062104,1,1,1,1,1,1,1,1,2
0.8085467,1,1,1,1,1,1,1,1,2
0.8109943,1,1,1,1,1,1,1,1,2
0.8135492,1,1,1,1,1,1,1,1,2
0.8162093,1,1,1,1,1,1,1,1,2
0.8189703,1,1,1,1,1,1,1,1,2
0.8218263,1,1,1,1,1,1,1,1,2
0.824775,1,1,1,1,1,1,1,1,2
0.8278138,1,1,1,1,1,1,1,1,2
0.8309366,1,1,1,1,1,1,1,1,2
0.8341392,1,1,1,1,1,1,1,1,2
0.8374174,1,1,1,1,1,1,1,1,2
0.8407682,1,1,1,1,1,1,1,1,2
0.8441857,1,1,1,1,1,1,1,1,2
1,1,1,1,1,1,1,1,1,1
1,1,1,1,1,1,1,1,1,1
1,1,1,1,1,1,1,1,1,1
1,1,1,1,1,1,1,1,1,1
1,1,1,1,1,1,1,1,1,1
1,1,1,1,1,1,1,1,1,1
1,1,1,1,1,1,1,1,1,1
1,1,1,1,1,1,1,1,1,1
1,1,1,1,1,1,1,1,1,1
1,1,1,1,1,1,1,1,1,1
1,1,1,1,1,1,1,1,1,1
1,1,1,1,1,1,1,1,1,1
1,1,1,1,1,1,1,1,1,1
1,1,1,1,1,1,1,1,1,1
1,1,1,1,0.9928126,1,1,1,1,1
1,1,1,1,0.9828064,1,1,1,1,1
1,1,1,1,0.9727934,1,1,0.999567,1,1
1,1,1,1,0.9627721,1,1,0.9809178,1,1
1,1,1,1,0.9526638,0.9897963,1,0.96121,1,1
1,1,1,1,0.9424505,0.9788713,1,0.940272,1,1
1,1,1,1,0.9321347,0.9676837,1,0.9181362,1,1
1,1,1,1,0.9217227,0.9562403,1,0.8948691,1,0
1,1,1,1,0.9112213,0.94455,1,0.8705562,1,0
1,1,1,1,0.9006442,0.9326309,1,0.8711014,1,0
1,1,1,1,0.8900913,0.9207425,1,0.8732138,1,0
1,1,1,1,0.8795697,0.9089036,1,0.8754715,1,0
1,1,1,1,0.8690804,0.8971181,1,0.8778692,1,0
1,1,1,1,0.8586243,0.8853893,1,0.8804015,1,0
1,1,1,1,0.8482048,0.8737233,1,0.8830587,1,0
1,1,1,1,0.8378186,0.8621187,1,0.8858328,1,0
1,1,1,1,0.8274685,0.8505802,1,0.8887159,1,0
1,1,1,1,0.8171536,0.8391086,1,0.8916997,1,0
1,1,1,1,0.806873,0.8277041,1,0.894774,1,0
1,1,1,1,0.796625,0.8163667,1,0.8979303,1,0
1,1,1,1,0.7864084,0.8050956,1,0.9011606,1,0
1,1,1,1,0.7762212,0.7938899,1,0.9044544,1,0
1,1,1,1,0.7660615,0.7827483,1,0.9078017,1,0
1,1,1,1,0.7559304,0.7716721,1,0.9111945,1,0
1,1,1,1,0.7458227,0.7606565,1,0.9146211,1,0
1,1,1,1,0.7357394,0.7497023,1,0.9180738,1,0
1,1,1,1,0.7256781,0.7388074,1,0.9215453,1,0
1,1,1,1,0.7156337,0.7279662,1,0.9250248,1,0
1,1,1,1,0.7056073,0.7171794,0.7805289,0.9285035,1,0
1,1,1,1,0.6955993,0.7059579,0.7664405,0.9351125,1,0
1,1,1,1,0.6856389,0.6948389,0.7525746,0.9418514,0.9628223,0
1,1,1,1,0.6757441,0.6836619,0.7384409,0.9499575,0.8952516,0
1,1,1,1,0.6659607,0.67235,0.723749,0.9605163,0.8254666,0
1,1,1,1,0.6563401,0.6609828,0.7086471,1,0.755637,0
1,1,1,1,0.6468997,0.6497077,0.6935301,1,0.7556747,0
1,1,1,1,1,0.6386625,0.6788758,1,0.7604406,0
1,1,1,1,1,0.6277795,0.6644241,1,0.7657524,0
1,1,1,1,1,0.6171116,0.6504117,1,0.7713406,0
1,1,1,1,1,0.606641,0.6368131,1,0.7771777,0
1,1,1,1,1,0.5963471,0.6235995,1,0.7832342,0
1,1,1,1,1,0.5862097,0.6107423,1,0.7894819,0
1,1,1,1,1,0.5762125,0.5982169,1,0.7958899,0
1,1,1,1,1,0.5663372,0.5859965,1,0.80243,0
1,1,1,1,1,0.5565664,0.5740554,1,0.8090743,0
1,1,1,1,1,0.5468846,0.5623694,1,0.8157949,0
1,1,1,1,1,0.5372801,0.5509189,1,0.8225635,0
1,1,1,1,1,1,0.5396797,1,0.8293567,0
1,1,1,1,1,1,0.5285316,1,0.83657,0
1,1,1,1,1,1,0.5175557,0.9516651,0.8438811,0
1,1,1,1,1,1,0.5066289,0.6122292,0.8518588,0
1,1,1,1,1,1,0.4951907,0.5925897,0.864168,0
1,1,1,1,1,1,0.4840896,0.5739339,1,0
1,1,1,1,1,1,0.473559,0.5577372,1,0
1,1,1,1,1,1,0.4631881,0.5419657,1,0
1,1,1,1,1,1,0.4529721,0.5266113,1,0
1,1,1,1,1,1,0.4429078,0.5116671,1,0
1,1,1,1,1,1,0.4329887,0.4971208,1,0
1,1,1,1,1,1,0.4232106,0.4829621,1,0
1,1,1,1,1,1,0.4135631,0.4691726,1,0
1,1,1,1,1,1,0.4040413,0.4557403,1,0
1,1,1,1,1,1,0.570227,0.4426491,1,0
1,1,1,1,1,1,1,0.4299341,1,0
1,1,1,1,1,1,1,0.4175873,1,0
1,1,1,1,1,1,1,0.4054638,1,0
1,1,1,1,1,1,1,0.3935559,0.5516812,0
1,1,1,1,1,1,1,0.3801819,0.5251335,0
1,1,1,1,1,1,1,0.3673149,0.5001712,0
1,1,1,1,1,1,1,0.354933,0.4766704,0
1,1,1,1,1,1,1,0.3430127,0.4545161,0
1,1,1,1,1,1,1,0.3315322,0.4336053,0
1,1,1,1,1,1,1,0.3204714,0.413846,0
1,1,1,1,1,1,1,0.3098148,0.3951589,0
1,1,1,1,1,1,1,0.3007951,0.3774689,0
1,1,1,1,1,1,1,0.3514021,0.3607078,0
1,1,1,1,1,1,1,0.4124359,0.3448142,0
1,1,1,1,1,1,1,0.4872018,0.3297321,0
1,1,1,1,1,1,1,0.5802938,0.3154333,0
1,1,1,1,1,1,1,1,0.3020904,0
1,1,1,1,1,1,1,1,0.2899517,0
1,1,1,1,1,1,1,1,0.2782967,0
1,1,1,1,1,1,1,1,0.267102,0
1,1,1,1,1,1,1,1,0.2697598,0
1,1,1,1,1,1,1,1,0.2916414,0
1,1,1,1,1,1,1,1,0.3145396,0
1,1,1,1,1,1,1,1,0.3384297,0
1,1,1,1,1,1,1,1,0.3632753,0
1,1,1,1,1,1,1,1,0.3890331,0
1,1,1,1,1,1,1,1,0.4156509,0
1,1,1,1,1,1,1,1,0.4430664,0
1,1,1,1,1,1,1,1,0.4712093,0
1,1,1,1,1,1,1,1,0.5000069,0
1,1,1,1,1,1,1,1,0.5293721,0
1,1,1,1,1,1,1,1,0.5592137,0
1,1,1,1,1,1,1,1,1,1
1,1,1,1,1,1,1,1,1,1
1,1,1,1,1,1,1,1,1,1
1,1,1,1,1,1,1,1,1,1
1,1,1,1,1,1,1,1,1,1
1,1,1,1,1,1,1,1,1,1
1,1,1,1,1,1,1,1,1,1
1,1,1,1,1,1,1,1,1,1
1,1,1,1,1,1,1,1,1,1
1,1,1,1,1,1,1,1,1,1
1,1,1,1,1,1,1,1,1,1
1,1,1,1,1,1,1,1,1,1
1,1,1,1,1,1,1,1,1,1
1,1,1,1,1,1,1,1,1,1
1,1,1,1,1,1,1,1,1,1
1,1,1,1,1,1,1,1,1,1
1,1,1,1,1,1,1,1,1,1
1,1,1,1,1,1,1,1,1,1
1,1,1,1,1,1,1,1,1,1
1,1,1,1,1,1,1,1,1,1
1,1,1,1,1,1,1,1,1,1
1,1,1,1,1,1,1,1,1,1
1,1,1,1,1,1,1,1,1,1
1,1,1,1,1,0.9927311,1,1,1,1
1,1,1,1,0.9955886,0.9811994,1,1,1,1
1,1,1,1,0.9847155,0.970172,1,1,1,1
1,1,1,1,0.9730043,0.9598492,1,1,1,1
1,1,1,1,0.9604757,0.9502262,1,1,1,1
1,1,1,1,0.9471574,0.941301,1,1,1,1
1,1,1,1,0.9330854,0.9330733,1,1,1,1
1,1,1,1,0.9183072,0.9255427,1,1,1,2
1,1,1,1,0.9028681,0.9187139,1,1,1,2
1,1,1,1,0.8868332,0.9125888,1,1,1,2
1,1,1,1,0.8702583,0.9071725,1,1,1,2
1,1,1,1,0.8532127,0.9024733,1,1,1,2
1,1,1,1,0.8357679,0.8984959,1,1,1,2
1,1,1,1,0.8179921,0.8952445,1,1,1,2
1,1,1,1,0.7999578,0.8927296,1,1,1,2
1,1,1,0.9896551,0.7817312,0.8909597,1,1,1,2
1,1,1,0.9612978,0.7630715,0.8903692,1,1,1,2
1,1,1,0.9316033,0.743569,0.8917472,1,1,1,2
1,1,1,0.9008945,0.7331854,0.895232,1,1,1,2
1,1,1,0.8698922,0.733294,0.9005964,1,1,1,2
1,1,1,0.8392447,0.7342558,0.9075211,1,1,1,2
1,1,1,0.8091511,0.7360617,0.9160285,1,1,1,2
1,1,1,0.779767,0.7387031,0.9261442,1,1,1,2
1,1,1,0.7512106,0.7421634,1,1,1,1,2
1,1,1,0.7248169,0.7452238,1,1,1,1,2
1,1,1,0.6989568,0.7492536,1,1,1,1,2
1,1,1,0.6737059,0.7542745,1,1,1,1,2
1,1,1,0.6491304,0.7603091,1,1,1,1,2
1,1,1,0.6324016,0.7673794,1,1,1,1,2
1,1,0.8657066,0.6345379,0.7752712,1,1,1,1,2
1,1,0.8176821,0.639559,0.7882608,1,1,1,1,2
1,1,0.7731408,0.6453303,0.8027169,1,1,1,1,2
1,1,0.7316927,0.6519076,0.8187947,1,1,1,1,2
1,1,0.6930085,0.6593513,1,1,1,1,1,2
1,1,0.6575502,0.6671023,1,1,1,1,1,2
1,1,0.6236206,0.6763331,1,1,1,1,1,2
1,1,0.5915781,0.6867729,1,1,1,1,1,2
1,1,0.5613567,0.6984117,1,1,1,1,1,2
1,1,0.5352721,0.7113626,1,1,1,1,1,2
1,1,0.5393763,0.7257577,1,1,1,1,1,2
1,1,0.5441286,0.7417433,1,1,1,1,1,2
1,1,0.5491354,1,1,1,1,1,1,2
1,1,0.5513605,1,1,1,1,1,1,2
1,1,0.5537951,1,1,1,1,1,1,2
1,1,0.5564357,1,1,1,1,1,1,2
1,0.7591361,0.5592791,1,1,1,1,1,1,2
1,0.695228,0.5673921,1,1,1,1,1,1,2
1,0.637648,0.576439,1,1,1,1,1,1,2
1,0.5854858,0.5864987,1,1,1,1,1,1,2
1,0.5379792,0.5976521,1,1,1,1,1,1,2
1,0.4945141,0.6099991,1,1,1,1,1,1,2
1,0.4545794,0.6236475,1,1,1,1,1,1,2
1,0.425885,0.6387231,1,1,1,1,1,1,2
1,0.4292253,1,1,1,1,1,1,1,2
1,0.4329731,1,1,1,1,1,1,1,2
1,0.437131,1,1,1,1,1,1,1,2
1,0.4416967,1,1,1,1,1,1,1,2
1,0.4466654,1,1,1,1,1,1,1,2
1,0.4520322,1,1,1,1,1,1,1,2
0.6322712,0.4577938,1,1,1,1,1,1,1,2
0.5353042,0.4650639,1,1,1,1,1,1,1,2
0.4539317,0.4730616,1,1,1,1,1,0.9985401,1,2
0.3846641,0.4818325,1,1,1,1,1,0.981185,1,2
0.3808628,0.4914272,1,1,1,1,1,0.9645664,1,2
0.384077,0.5019021,1,1,1,1,1,0.9530586,1,2
0.3877282,0.5133196,1,1,1,1,1,0.9637653,1,2
0.3918296,0.52575,1,1,1,1,1,0.975592,1,2
0.396394,1,1,1,1,1,1,0.9886593,1,2
0.401438,1,1,1,1,1,1,1,1,2
0.4069793,1,1,1,1,1,1,1,1,2
0.413036,1,1,1,1,1,1,1,1,2
0.4196298,1,1,1,1,1,1,1,1,2
0.4267828,1,1,1,1,1,1,1,1,2
0.4345192,1,1,1,1,1,1,1,0.9235265,2
0.4419266,1,1,1,1,1,1,1,0.9208263,2
0.4496517,1,1,1,1,1,1,1,0.9182332,2
0.457681,1,1,1,1,1,1,1,0.9157236,2
0.4660018,1,1,1,1,1,1,1,0.9132741,2
0.4745969,1,1,1,1,1,1,1,0.9108655,2
1,1,1,1,1,1,1,1,0.9084798,1
1,1,1,1,1,1,1,1,0.9048424,1
1,1,1,1,1,1,1,1,0.9012482,1
1,1,1,1,1,1,1,1,0.9208428,1
1,1,1,1,1,1,1,1,1,1
1,1,1,1,1,1,1,1,1,1
1,1,1,1,1,1,1,1,1,1
1,1,1,1,1,1,1,0.9867991,1,1
1,1,1,1,1,1,1,0.9592473,1,1
1,1,1,1,1,1,1,0.929171,1,1
1,1,1,1,1,1,1,0.8966228,1,1
1,1,1,1,1,1,1,0.8617426,1,0
1,1,1,1,1,1,1,0.8247588,1,0
1,1,1,1,1,1,1,0.7859784,1,0
1,1,1,1,1,1,1,0.7457936,1,0
1,1,1,1,1,1,1,0.7425432,1,0
1,1,1,1,1,1,1,0.7427406,1,0
1,1,1,1,1,1,1,0.7430996,1,0
1,1,1,1,1,1,1,0.743619,1,0
1,1,1,1,1,1,1,0.7442952,1,0
1,1,1,1,1,1,1,0.7451283,1,0
1,1,1,1,1,1,1,0.7461145,1,0
1,1,1,1,1,1,1,0.7472504,1,0
1,1,1,1,1,1,1,0.7485357,1,0
1,1,1,1,1,1,1,0.7499648,1,0
1,1,1,1,1,1,1,0.7515374,0.9146899,0
1,1,1,1,1,1,1,0.7548081,0.9137326,0
1,1,1,1,1,1,1,0.7583265,0.9130322,0
1,1,1,1,1,1,1,0.7620832,0.9125804,0
1,1,1,1,1,1,1,0.7660679,0.9123688,0
1,1,1,1,1,1,1,0.7702703,0.9123883,0
1,1,1,1,1,1,1,0.7746772,0.8755627,0
1,1,1,1,1,1,1,0.7800974,0.736889,0
1,1,1,1,1,1,1,0.8289982,0.6569546,0
1,1,1,1,1,1,1,0.8400532,0.658682,0
1,1,1,1,1,1,1,0.8516472,0.6608056,0
1,1,1,1,1,1,1,0.8637406,0.663296,0
1,1,1,1,1,1,1,0.8762925,0.6661257,0
1,1,1,1,1,1,1,0.8892606,0.6692671,0
1,1,1,1,1,1,1,0.9026,0.6726928,0
1,1,1,1,1,1,1,0.916262,0.6763742,0
1,1,1,1,1,1,1,0.9301986,0.6802846,0
1,1,1,1,1,1,1,0.9443609,0.6843979,0
1,1,1,1,1,1,1,0.9586943,0.6886857,0
1,1,1,1,1,1,1,0.9731487,0.6931233,0
1,1,1,1,1,1,1,0.9876739,0.6976873,0
1,1,1,1,1,1,1,1,0.7023531,0
1,1,1,1,1,1,1,1,0.707118,0
1,1,1,1,1,1,1,1,0.7120738,0
1,1,1,1,1,1,1,1,0.7531323,0
1,1,1,1,1,1,1,1,0.7581304,0
1,1,1,1,1,1,1,1,0.763257,0
1,1,1,1,1,1,1,1,0.7685056,0
1,1,1,1,1,1,1,1,0.7738692,0
1,1,1,1,1,1,1,1,0.7793396,0
1,1,1,1,1,1,1,1,0.7849079,0
1,1,1,1,1,1,1,1,0.7905654,0
1,1,1,1,1,1,1,1,0.7963055,0
1,1,1,1,1,1,1,1,0.8021193,0
1,1,1,1,1,1,1,1,0.8079997,0
1,1,1,1,1,1,1,1,0.813938,0
1,1,1,1,1,1,1,1,0.819926,0
1,1,1,1,1,1,1,1,0.8259547,0
1,1,1,1,1,1,1,1,0.8320171,0
1,1,1,1,1,1,1,1,0.8381069,0
1,1,1,1,1,1,1,1,0.8442155,0
1,1,1,1,1,1,1,1,0.8503348,0
1,1,1,1,1,1,1,1,0.8564581,0
1,1,1,1,1,1,1,1,0.8625776,0
1,1,1,1,1,1,1,1,0.8686854,0
1,1,1,1,1,1,1,1,0.8747773,0
1,1,1,1,1,1,1,1,0.880844,0
1,1,1,1,1,1,1,1,0.8868818,1
1,1,1,1,1,1,1,1,1,1
1,1,1,1,1,1,1,1,1,1
1,1,1,1,1,1,1,1,1,1
1,1,1,1,1,1,1,1,1,1
1,1,1,1,1,1,1,1,1,1
1,1,1,1,1,1,1,1,1,1
1,1,1,1,1,1,1,1,1,1
1,1,1,1,1,1,1,1,1,1
1,1,1,1,1,1,1,1,1,1
1,1,1,1,1,1,1,1,1,1
1,1,1,1,1,1,1,1,1,1
1,1,1,1,1,1,1,1,1,1
1,1,1,1,1,1,1,1,1,1
1,1,1,1,1,1,1,1,1,1
1,1,1,1,1,1,1,1,1,1
1,1,1,1,1,1,1,1,1,1
1,1,1,1,1,1,1,1,1,1
1,1,1,1,1,1,1,1,1,1
1,1,1,1,1,1,1,1,1,1
1,1,1,1,1,1,1,1,1,1
1,1,1,1,1,1,1,1,1,1
1,1,1,1,1,1,1,1,1,1
1,1,1,1,1,1,1,1,1,1
1,1,1,1,1,1,1,1,1,1
1,1,1,1,1,1,1,1,1,1
1,1,1,1,1,1,1,1,1,1
1,1,1,1,1,1,1,1,1,1
1,1,1,1,1,1,1,1,1,1
1,1,1,1,1,1,1,1,1,1
1,1,1,1,1,1,1,1,1,1
1,1,1,1,1,1,1,1,1,1
1,1,1,1,1,1,1,1,1,1
1,1,1,1,1,1,1,1,1,1
1,1,1,1,1,1,1,1,1,1
1,1,1,1,1,1,1,1,1,1
1,1,1,1,1,1,1,1,1,1
1,1,1,1,1,1,1,1,1,1
1,1,1,1,1,1,1,1,1,1
1,1,1,1,1,1,1,1,1,1
1,1,1,1,1,1,1,1,1,1
1,1,1,1,1,1,1,1,1,1
1,1,1,1,1,1,1,1,1,1
1,1,1,1,1,1,1,1,1,1
1,1,1,1,1,1,1,1,1,1
1,1,1,1,1,1,1,1,1,1
1,1,1,1,1,1,1,1,1,1
1,1,1,1,1,1,1,1,1,1
1,1,1,1,1,1,1,1,1,1
1,1,1,1,1,1,1,1,1,1
1,1,1,1,1,1,1,1,1,1
1,1,1,1,1,1,1,1,1,1
1,1,1,1,1,1,1,1,1,1
1,1,1,1,1,1,1,1,1,1
1,1,1,1,1,1,1,1,1,1
1,1,1,1,1,1,1,1,1,1
1,1,1,1,1,1,1,1,1,1
1,1,1,1,1,1,1,1,1,1
1,1,1,1,1,1,1,1,1,1
1,1,1,1,1,1,1,1,1,1
1,1,1,1,1,1,1,1,1,1
1,1,1,1,1,1,1,1,1,1
1,1,1,1,1,1,1,1,1,1
1,1,1,1,1,1,1,1,1,1
1,1,1,1,1,1,1,1,1,1
1,1,1,1,1,1,1,1,1,1
1,1,1,1,1,1,1,1,1,1
1,1,1,1,1,1,1,1,1,1
1,1,1,1,1,1,1,1,1,1
1,1,1,1,1,1,1,1,1,1
1,1,1,1,1,1,1,1,1,1
1,1,1,1,1,1,1,1,1,1
1,1,1,0.9955778,1,1,1,1,1,1
1,1,1,0.9854174,1,1,1,1,1,1
1,1,1,0.9752442,1,1,1,1,1,1
1,1,1,0.9650591,1,1,1,1,1,1
1,1,1,0.9548621,1,1,1,1,1,1
1,1,1,0.944654,1,1,1,1,1,1
1,1,1,0.9344352,1,1,1,1,1,1
1,1,1,0.9242061,1,1,1,1,1,1
1,1,0.9924637,0.9139675,1,1,1,1,1,1
1,1,0.9811003,0.9036991,1,1,1,1,1,1
1,1,0.9696242,0.8933922,1,1,1,1,1,1
1,1,0.9580412,0.8830491,1,1,1,1,1,1
1,1,0.946357,0.8726724,1,1,1,1,1,1
1,1,0.9345784,0.8622649,1,1,1,1,1,1
1,1,0.9227123,0.8518295,1,1,1,1,1,1
1,1,0.9107665,0.8413695,1,1,1,1,1,1
1,1,0.8987517,0.8308914,1,1,1,1,1,1
1,1,0.8866731,0.8393266,1,1,1,1,1,1
1,1,0.8745861,0.8569231,1,1,1,1,1,1
1,1,0.8625162,0.8757657,1,1,1,1,1,1
1,1,0.850467,0.8959114,0.9953229,0.9992422,1,1,1,1
1,1,0.8384494,0.9173462,0.9693378,0.9896767,1,1,1,1
1,1,0.8264992,0.9394377,0.959433,0.9800922,1,1,1,1
1,1,0.8146098,0.9622759,0.9495325,0.9704909,1,1,1,1
1,1,0.802785,0.9858039,0.9396388,0.960874,1,1,1,1
1,1,0.7910213,1,0.9297475,0.9512366,1,1,1,1
1,1,0.7793039,1,0.919863,0.9415919,1,1,1,1
1,1,0.7676059,1,0.9099852,0.9319517,1,1,1,1
1,1,0.7559301,1,0.9001137,0.9223143,1,1,1,1
1,1,0.7442828,1,0.890251,0.9126806,1,1,1,1
1,1,0.7326664,1,0.8803968,0.903049,1,1,1,1
1,1,0.7210801,1,0.8705475,0.8934142,1,1,1,1
1,1,0.7095291,1,0.8607054,0.8837774,1,1,0.9990898,1
1,1,0.6980222,1,0.8508646,0.8741257,1,1,0.9978425,1
1,1,0.6865669,1,0.8410267,0.864457,1,1,0.9965879,1
1,1,0.6751634,1,0.8311906,0.8547699,1,1,0.9953279,1
1,1,0.6638085,1,0.8213523,0.8450594,1,1,0.9940651,1
1,1,0.652505,1,0.8115138,0.8353273,1,1,0.9927996,1
1,1,0.6412491,1,0.8016714,0.8255688,1,1,0.9915335,1
1,1,0.6300433,1,0.7918271,0.815786,1,1,0.9902669,1
1,1,0.6188868,1,0.7819802,0.805978,1,1,0.9890012,1
1,0.8083404,0.6077752,1,0.7721269,0.7961407,1,1,0.9877364,2
1,0.7881073,0.595498,1,0.762671,0.7874991,1,1,0.9854499,2
1,0.768063,0.5832834,1,0.7532719,0.778927,1,1,0.9831113,2
1,0.7482551,0.5711474,1,0.7439309,1,1,1,0.9807304,2
1,0.7268842,0.5586097,1,0.7348868,1,1,1,0.9779128,2
1,0.7059184,0.5462087,1,0.7259449,1,1,1,0.9750835,2
1,0.6853911,0.5339546,1,0.7171008,1,1,1,0.9722527,2
1,0.6653311,0.548544,1,0.7083517,1,1,1,0.9694324,2
1,0.6459257,0.5771512,1,0.6996537,1,1,1,0.96666,2
1,0.6272212,0.607706,1,0.6909772,1,1,1,0.9639431,2
1,0.6091722,0.6402339,0.6703502,0.6823087,1,1,1,0.9612741,2
1,0.5918225,0.6742243,0.6606623,0.6736113,1,1,1,0.9586581,2
1,0.5750936,0.7096841,0.6510385,0.6648786,1,1,1,0.9560782,2
1,0.5589331,0.7464886,0.6414661,0.6561006,1,1,1,0.9535235,2
1,0.5432923,0.7844864,0.631934,0.6472696,1,1,1,0.9509842,2
1,0.5281218,0.8235009,0.6224295,0.6383763,1,1,1,0.9484521,2
1,0.5133795,0.8633397,0.6129445,0.6294163,1,1,1,0.9459186,2
1,0.4990265,1,0.6034719,0.6203868,1,1,1,0.9433781,2
1,0.4852922,1,0.593969,0.6111634,1,1,1,0.9408414,2
1,0.4717296,1,0.5844796,0.6019227,1,1,1,0.9382836,2
1,0.4583344,1,0.5750016,0.5926621,1,1,1,0.9357027,2
1,0.4451017,1,0.565533,0.5833792,1,1,1,0.933098,2
0.7037807,0.4320264,1,0.5560721,0.574072,1,1,1,0.9304703,2
0.6678138,0.4161035,1,0.5472463,0.5664892,1,1,1,0.9278652,2
0.6332908,0.4005068,1,0.5385904,0.5590979,1,1,1,0.9253331,2
0.6003326,0.3852844,1,0.5301052,1,1,1,1,0.9228851,2
0.5648488,0.3855335,1,0.5222113,1,1,1,1,0.9207966,2
0.5318519,0.4066709,0.5078479,0.5145652,1,1,1,1,0.9189085,2
0.5010971,0.4300193,0.4977781,0.5071617,1,1,1,1,0.9172205,2
0.4723756,0.4558656,0.4880311,0.4999993,1,1,1,1,0.915732,2
0.4456759,0.4842269,0.4785993,0.4930349,1,1,1,1,0.9144004,2
0.4212761,0.5142494,0.4694566,0.4861182,1,1,1,1,0.9130571,2
0.3988612,0.5458073,0.4605559,0.4792075,1,1,1,1,0.9116398,2
0.378151,0.5787475,0.4518491,1,1,1,1,1,0.9100921,2
0.3567774,0.6217076,0.4434586,1,1,1,1,1,0.9095138,2
0.3367773,0.6694495,0.4353266,1,1,1,1,1,0.9090437,2
0.3433015,1,0.4273968,1,1,1,1,1,0.9084535,2
0.3555437,1,0.4193828,1,1,1,1,1,0.9064881,2
0.3679379,1,0.4114319,1,1,1,1,1,0.9042732,2
0.3804403,1,0.4035261,1,1,1,1,1,0.9017887,2
0.3930019,1,0.3956473,1,1,1,1,1,0.8990218,2
0.4055772,1,0.387783,1,1,1,1,1,0.8959608,2
0.4181205,0.3897226,0.3799195,1,1,1,1,1,0.8925986,2
0.4342385,0.3796999,0.3725379,1,1,1,1,1,0.891105,2
0.4504035,0.3700442,0.3651757,1,1,1,1,1,0.889191,2
0.466535,0.3607036,1,1,1,1,1,1,0.8868386,2
0.4859622,0.3512387,1,1,1,1,1,1,0.885924,2
0.5057688,0.342097,1,1,1,1,1,1,0.8846728,2
0.5258776,0.3332414,1,1,1,1,1,1,0.8830551,2
0.546204,0.3246366,1,1,1,1,1,1,0.8810483,2
0.5666645,0.3162511,1,1,1,1,1,1,0.8786319,2
0.5871724,0.3080597,1,1,1,1,1,1,0.8757909,2
0.6076371,0.3000346,1,1,1,1,1,1,0.8725166,2
1,0.2921564,1,1,1,1,1,1,0.8688048,1
0.3362499,0.2846772,1,1,1,1,1,1,0.8609613,2
0.3245392,0.2767394,1,1,1,1,1,1,0.8596195,2
0.3132957,0.2689914,1,1,1,1,1,1,0.8581015,2
0.3024892,0.2614222,1,1,1,1,1,1,0.8563849,2
0.2920915,0.2540211,1,1,1,1,1,1,0.8544449,2
0.2820694,0.3418163,1,1,1,1,1,0.9551524,0.8522618,2
0.2727031,1,1,1,1,1,1,0.9353876,0.8487136,2
0.2639398,1,1,1,1,1,1,0.9422444,0.8435668,2
0.2552876,1,1,1,1,1,1,0.9470596,0.8384259,2
0.2467585,1,1,1,1,1,1,0.9508133,0.8332435,2
0.2383572,1,1,1,1,1,1,0.9540254,0.827989,2
0.2300877,1,1,1,1,1,1,0.9569524,0.8226457,2
0.2219456,1,1,1,1,1,1,0.9597824,0.8172029,2
0.2139252,1,1,1,1,1,1,0.9626161,0.8116522,2
0.212228,1,1,1,1,1,1,0.9654782,0.805987,2
0.232793,1,1,1,1,1,1,0.9690479,0.8001429,2
0.2536828,1,1,1,1,1,1,0.9753425,0.7939142,2
0.2748894,1,1,1,1,1,1,0.9835418,0.7873664,2
0.2964095,1,1,1,1,1,1,0.9931206,0.7805442,2
0.3182333,1,1,1,1,1,1,1,0.773482,1
0.3402358,1,1,1,1,1,1,1,0.7661198,1
0.3621162,1,1,1,1,1,1,1,0.7583077,1
1,1,1,1,1,1,1,1,0.7500614,0
1,1,1,1,1,1,1,1,0.735884,0
1,1,1,1,1,1,1,1,0.721728,0
1,1,1,1,1,1,1,1,0.7076164,0
1,1,1,1,1,1,1,1,0.6935721,0
1,1,1,1,1,1,1,1,0.6796209,0
1,1,1,1,1,1,1,1,0.665787,0
1,1,1,1,1,1,1,1,0.6520943,0
1,1,1,1,1,1,1,1,0.6385657,0
1,1,1,1,1,1,1,1,0.6252238,0
1,1,1,1,1,1,1,1,0.6120922,0
1,1,1,1,1,1,1,1,0.5991921,0
1,1,1,1,1,1,1,1,0.6039343,0
1,1,1,1,1,1,1,1,0.6365602,0
1,1,1,1,1,1,1,1,0.6699438,0
1,1,1,1,1,1,1,1,0.7038027,0
1,1,1,1,1,1,1,1,0.7378309,0
1,1,1,1,1,1,1,1,0.771691,0
1,1,1,1,1,1,1,1,0.8050343,0
1,1,1,1,1,1,1,1,0.8375252,0
1,1,1,1,1,1,1,1,0.8688344,0
1,1,1,1,1,1,1,1,0.8986949,1
1,1,1,1,1,1,1,1,0.9268727,1
1,1,1,1,1,1,1,1,1,1
1,1,1,1,1,1,1,1,1,1
1,1,1,1,1,1,1,1,1,1
1,1,1,1,1,1,1,1,1,1
1,1,1,1,1,1,1,1,1,1
1,1,1,1,1,1,1,1,1,1
1,1,1,1,1,1,1,1,1,1
1,1,1,1,1,1,1,1,1,1
1,1,1,1,1,1,1,1,1,1
1,1,1,1,1,1,1,1,1,1
1,1,1,1,1,1,1,1,1,1
1,1,1,1,1,1,1,1,1,1
1,1,1,1,1,1,1,1,1,1
1,1,1,1,1,1,1,1,1,1
1,1,1,1,1,1,1,1,1,1
1,1,1,1,1,1,1,1,1,1
1,1,1,1,1,1,1,1,1,1
1,1,1,1,1,1,1,1,1,1
1,1,1,1,1,1,1,1,1,1
1,1,1,1,1,1,1,1,1,1
1,1,1,1,1,1,1,1,1,1
1,1,1,1,1,1,1,1,1,1
1,1,1,1,1,1,1,1,1,1
1,1,1,1,1,1,1,1,1,1
1,1,1,1,1,1,1,1,1,1
1,1,1,1,1,1,1,1,1,1
1,1,1,1,1,1,1,1,1,1
1,1,1,1,1,1,1,1,1,1
1,1,1,1,1,1,1,1,1,1
1,1,1,1,1,1,1,1,1,1
1,1,1,1,1,1,1,1,1,1
1,1,1,1,1,1,1,1,1,1
1,1,1,1,1,1,1,1,1,1
1,1,1,1,1,1,1,1,1,1
1,1,1,1,1,1,1,1,1,1
1,1,1,1,1,1,1,1,1,1
1,1,1,1,1,1,1,1,1,1
1,1,1,1,1,1,1,1,1,1
1,1,1,1,1,1,1,1,1,1
1,1,1,1,1,1,1,1,1,1
1,1,1,1,1,1,1,1,1,1
1,1,1,1,1,1,1,1,1,1
1,1,1,1,1,1,1,1,1,1
1,1,1,1,1,1,1,1,1,1
1,1,1,1,1,1,1,1,1,1
1,1,1,1,1,1,1,1,1,1
1,1,1,1,1,1,1,1,1,1
1,1,1,1,1,1,1,1,1,1
1,1,1,1,1,1,1,1,1,1
1,1,1,1,1,1,1,1,1,1
1,1,1,1,1,1,1,1,1,1
1,1,1,1,1,1,1,1,1,1
1,1,1,1,1,1,1,1,1,1
1,1,1,1,1,1,1,1,1,1
1,1,1,1,1,1,1,1,1,1
1,1,1,1,1,1,1,1,1,1
1,1,1,1,1,1,1,1,1,1
1,1,1,1,1,1,1,1,1,1
1,1,1,1,1,1,1,1,1,1
1,1,1,1,1,1,1,1,1,1
1,1,1,1,1,1,1,1,1,1
1,1,1,1,1,1,1,1,1,1
1,1,1,1,1,1,1,1,1,1
1,1,1,1,1,1,1,1,1,1
1,1,1,1,1,1,1,1,1,1
1,1,1,1,1,1,1,1,1,1
1,1,1,1,1,1,1,1,1,1
1,1,1,1,1,1,1,1,1,1
1,1,1,1,1,1,1,1,1,1
1,1,1,1,1,1,1,1,1,1
1,1,1,1,1,1,1,1,1,1
1,1,1,1,1,1,1,1,1,1
1,1,1,1,1,1,1,1,1,1
1,1,1,1,1,1,1,1,1,1
1,1,1,1,1,1,1,1,1,1
1,1,1,1,1,1,1,1,1,1
1,1,1,1,1,1,1,1,1,1
1,1,1,1,1,1,1,1,1,1
1,1,1,1,1,1,1,1,1,1
1,1,1,1,1,1,1,1,1,1
1,1,1,1,1,1,1,1,1,1
1,1,1,1,1,1,1,1,1,1
1,1,1,1,1,1,1,1,1,1
1,1,1,1,1,1,1,1,1,1
1,1,1,1,1,1,1,1,1,1
1,1,1,1,1,1,1,1,1,1
1,1,1,1,1,1,1,1,1,1
1,1,1,1,1,1,1,1,1,1
1,1,1,1,1,1,1,1,1,1
1,1,1,1,1,1,1,1,1,1
1,1,1,1,1,1,1,1,1,1
1,1,1,1,1,1,1,1,1,1
1,1,1,1,1,1,1,1,1,1
1,1,1,1,1,1,1,1,1,1
1,1,1,1,1,1,1,1,1,1
1,1,1,1,1,1,1,1,1,1
1,1,1,1,1,1,1,1,1,1
1,1,1,1,1,1,1,1,1,1
1,1,1,1,1,1,1,1,1,1
1,1,1,1,1,1,1,1,1,1
1,1,1,1,1,1,1,1,1,1
1,1,1,1,1,1,1,1,1,1
1,1,1,1,1,1,1,1,1,1
1,1,1,1,1,1,1,1,1,1
1,1,1,1,1,1,1,1,1,1
1,1,1,1,1,1,1,1,1,1
1,1,1,1,1,1,1,1,1,1
1,1,1,1,1,1,1,1,1,1
1,1,1,1,1,1,1,1,1,1
1,1,1,1,1,1,1,1,1,1
1,1,1,1,1,1,1,1,1,1
1,1,1,1,1,1,1,1,1,1
1,1,1,1,1,1,1,1,1,1
1,1,1,1,1,1,1,1,1,1
1,1,1,1,1,1,1,1,1,1
1,1,1,1,1,1,1,1,1,1
1,1,1,1,1,1,1,1,1,1
1,1,1,1,1,1,1,1,1,1
1,1,1,1,1,1,1,1,1,1
1,1,1,1,1,1,1,1,1,1
1,1,1,1,1,1,1,1,1,1
1,1,1,1,1,1,1,1,1,1
1,1,1,1,1,1,1,1,1,1
1,1,1,1,1,1,1,1,1,1
1,1,1,1,1,1,1,1,1,1
1,1,1,1,1,1,1,1,1,1
1,1,1,1,1,1,1,1,1,1
1,1,1,1,1,1,1,1,1,1
0.9965974,1,1,1,1,1,1,1,1,1
0.9866664,1,1,1,1,1,1,1,1,1
0.9765526,1,1,1,1,1,1,1,1,1
0.9662665,1,1,1,1,1,1,1,1,1
0.955808,1,1,1,1,1,1,1,1,1
0.9451895,1,1,1,1,1,1,1,1,1
0.9344123,1,1,1,1,1,1,1,1,1
0.9234903,1,1,1,1,1,1,1,1,1
0.9124302,1,1,1,1,1,1,1,1,1
0.9012397,1,1,1,0.9931288,1,1,1,1,1
0.8900479,1,1,1,0.9803035,1,1,1,1,1
0.878956,1,1,1,0.9676091,1,1,1,1,1
0.8799421,1,1,1,0.9550435,1,1,1,1,1
0.892828,1,1,1,0.9429523,1,1,1,1,1
0.9049867,1,1,1,0.9316414,1,1,1,1,1
0.9164262,1,1,1,0.921038,1,1,1,1,1
0.9271559,1,1,1,0.9110817,1,1,1,1,1
0.937194,1,1,1,0.9017149,1,0.9948555,1,1,1
0.9463069,1,1,1,0.8931031,1,0.988454,1,1,1
0.9544643,1,1,1,0.885241,1,0.9823925,1,1,1
0.9617259,1,1,1,0.878059,1,0.9766458,1,1,1
0.968153,1,1,1,0.871497,1,0.9711928,1,1,1
0.9738067,1,1,1,0.8655041,0.9897941,0.966015,1,1,0
0.9783306,1,1,1,0.8603851,0.9730962,0.9612526,1,1,0
0.9815599,1,1,1,0.8563048,0.9555625,0.9569857,1,1,0
0.9835967,1,1,1,0.8532206,0.9373345,0.953201,1,1,0
0.9845498,1,1,1,0.8510988,0.9185458,0.9498885,1,1,0
0.9845384,1,1,1,0.8499037,0.899329,0.9470353,1,1,0
0.9836809,1,1,1,0.8496053,0.879804,0.9446303,1,1,0
0.9820948,1,1,1,0.8501765,0.8600899,0.9426622,1,1,0
0.9798983,1,1,1,0.8515862,0.8402897,0.9411162,1,1,0
0.977199,1,1,1,0.8538106,0.8204988,0.9399806,1,1,0
0.9741011,1,1,1,0.8568214,0.8007962,0.9392388,1,1,0
0.9707023,1,1,1,0.8605884,0.781248,0.9388728,1,1,0
0.9670852,1,1,1,0.8650886,0.7619168,0.9388671,1,1,0
0.9633275,1,1,1,0.8702934,0.7428492,0.9392024,1,1,0
0.9594939,1,1,1,0.8761781,0.7240776,0.9398606,1,1,0
0.9556435,1,1,1,0.882713,0.705633,0.9408202,1,1,0
0.9518245,1,1,1,0.8898716,0.6931363,0.9196083,1,1,0
0.9474912,1,1,1,0.8986243,0.6954054,0.8891888,1,1,0
0.9428259,1,1,1,0.9088737,0.6984156,0.8592512,1,1,0
0.9379431,1,1,1,0.9206049,0.7021362,0.8299378,1,1,0
0.9329411,1,1,1,0.9338074,0.7065381,0.801356,1,1,0
0.9279079,1,1,1,1,0.7115862,0.7735866,0.937843,1,0
0.9216524,1,1,1,1,0.7188381,0.7452339,0.8467387,1,0
0.9125242,1,1,1,1,0.7310362,0.7145817,0.7687577,1,0
0.9022505,1,1,1,1,0.7468978,0.6837596,0.7692527,1,0
0.8924586,1,1,1,1,0.7645032,0.6545339,0.7702969,1,0
0.8831185,1,1,1,1,0.7840446,0.6267668,0.7719007,1,0
0.8742006,1,1,1,1,0.8057514,0.6003482,0.7740785,1,0
0.8660069,1,1,1,1,0.8290271,0.575561,0.7766692,1,0
0.8585231,1,1,1,1,0.8537968,0.5833995,0.7796178,1,0
0.8521776,1,1,1,1,1,0.5910122,0.7825674,1,0
0.8479522,1,1,1,1,1,0.5967427,0.7846403,1,0
0.8441471,1,1,1,1,1,0.6025132,0.7868002,1,0
0.8407156,1,1,1,1,1,0.6083101,0.7890313,1,0
0.837621,1,1,1,1,1,0.6141129,0.7913142,1,0
0.8348282,1,1,1,1,1,0.6199073,0.760708,1,0
0.8317736,1,1,1,1,1,0.6267153,0.7219483,1,0
0.8283772,1,1,1,1,1,0.6348469,0.6839177,1,0
0.8247129,1,1,1,1,1,0.6443462,0.6468704,0.7080441,0
0.818525,1,1,1,1,1,0.6612254,0.6047375,0.7013446,0
0.8125827,1,1,1,1,1,0.6798593,0.5656627,0.7015963,0
0.8068751,1,1,1,1,1,0.7004378,0.5293118,0.7023677,0
0.8013899,1,1,1,1,1,0.7231848,0.4954022,0.7036645,0
0.7961193,1,1,1,1,1,1,0.4636845,0.7054915,0
0.7910525,1,1,1,1,1,1,0.4580145,0.7078571,0
0.7861811,1,1,1,1,1,1,0.4649693,0.71077,0
0.7815075,1,1,1,1,1,1,0.4726145,0.7142316,0
0.7780815,1,1,1,1,1,1,0.4805961,0.7180572,0
0.7965103,1,1,1,1,1,1,0.4888933,0.7222082,0
0.8182353,1,1,1,1,1,1,0.4978857,0.6976519,0
0.8495488,1,1,1,1,1,1,0.5082464,0.6247634,0
0.8923093,0.9167064,1,1,1,1,1,0.5199316,0.5591217,0
0.9470154,0.902318,1,1,1,0.9952377,1,0.5326466,0.5009623,0
1,0.8884711,1,1,1,0.9840977,1,0.546474,0.4490724,0
1,0.8751333,1,1,1,0.9734387,1,0.5615014,0.4058385,0
1,0.8622745,1,1,1,1,0.9987532,0.5778277,0.4115028,0
1,0.8498647,1,1,1,1,0.9831436,0.5955665,0.4176885,0
1,0.8378768,1,1,1,1,0.9681706,0.6148463,0.4244177,0
1,0.8262867,1,1,1,1,0.9538104,1,0.4317129,0
1,0.8175293,1,1,1,1,0.9411069,1,0.4380322,0
1,0.809192,1,1,1,1,0.9288362,1,0.444532,0
1,0.8012387,1,1,1,1,0.9169558,1,0.4511894,0
1,0.7936361,1,1,1,1,0.9054227,1,0.4579817,0
1,0.7863519,1,1,1,1,0.8942038,1,0.4648878,0
1,0.7793584,1,1,1,1,0.8832629,1,0.4718848,0
1,0.7726305,1,1,1,1,0.8725667,1,0.4789502,0
1,0.7661439,1,1,1,1,0.8620911,1,0.4860634,0
1,0.7598768,1,1,1,1,0.8518084,1,0.4932043,0
1,0.7538111,1,1,1,1,0.8416964,0.9682922,0.5003511,0
1,0.7477452,1,1,1,1,0.8336488,0.9527216,0.5077348,0
1,0.7417791,1,1,1,1,0.9832658,0.9375905,0.5152159,0
1,0.7360291,1,1,1,1,1,0.9231103,0.5225934,0
1,0.7303678,1,1,1,1,1,0.9090117,0.5300201,0
1,0.7247806,1,1,1,1,1,0.8952488,0.5374996,0
1,0.7192624,1,1,1,1,1,0.8818053,0.5450205,0
1,0.7138113,1,1,1,1,0.9976808,0.8686656,1,2
1,0.711808,1,1,1,1,0.9887911,0.8622643,1,2
0.6797405,0.7099053,1,1,1,1,0.9799327,0.8557714,1,2
0.6746155,0.7112079,1,1,1,1,0.9718781,0.8549129,1,2
0.6700047,0.7130543,1,1,1,1,0.9641516,0.8543285,1,2
0.6658998,0.7154569,1,1,1,1,0.9060793,0.85403,1,2
0.6622966,1,1,1,1,1,0.7904199,0.8540271,1,2
0.6592416,1,1,1,1,1,0.7586221,0.8479206,1,2
0.656343,1,1,1,1,1,0.7317393,0.8415943,1,2
0.6535892,1,1,1,1,1,0.708825,0.8350359,1,2
0.6509706,1,1,1,1,1,0.6891629,0.8282338,1,2
0.6484789,1,1,1,1,1,0.680235,0.8211813,1,2
0.6461043,1,1,1,1,1,0.6713787,0.8139086,1,2
0.6438401,1,1,1,1,1,0.6624785,0.8064003,1,2
0.6416766,1,1,1,1,1,0.6535277,0.7986414,1,2
0.6396073,1,1,1,1,1,0.6445228,0.7906217,1,2
0.637624,1,1,1,1,1,0.6354578,0.782328,1,2
0.6357173,1,1,1,1,1,0.62633,0.7737525,1,2
0.6338792,1,1,1,1,1,0.6171343,0.7648845,1,2
0.6321007,1,1,1,1,1,0.6078663,0.7557153,1,2
0.6303757,1,1,1,1,1,0.5985249,0.7462414,1,2
0.6286939,1,1,1,1,1,0.5891072,0.7364574,1,2
0.6270484,1,1,1,1,1,0.5845561,0.7263598,1,1
0.6254353,1,1,1,1,1,0.5827693,0.7159816,1,1
0.6238486,1,1,1,1,1,0.5816458,0.7053404,1,1
0.6222848,1,1,1,1,1,0.5811479,0.6944427,1,1
0.6207377,1,1,1,1,1,0.5812546,0.6832961,1,1
1,1,1,1,1,1,0.5819439,0.6719126,1,0
1,1,1,1,1,1,0.6194137,0.6515889,1,0
1,1,1,1,1,1,0.6610693,0.6319809,1,0
1,1,1,1,1,1,0.7073957,0.6130528,1,0
1,1,1,1,1,1,0.7129909,0.5947751,1,0
1,1,1,1,1,1,0.7011265,0.5769413,1,0
1,1,1,1,1,1,0.689442,0.559488,1,0
1,1,1,1,1,1,0.6779466,0.5424312,1,0
1,1,1,1,1,1,0.6666441,0.5257784,1,0
1,1,1,1,1,1,0.6934127,0.50954,1,0
1,1,1,1,1,1,0.7825661,0.4937866,1,0
1,1,1,1,1,1,0.8881035,0.4785956,1,0
1,1,1,1,1,1,1,0.4639184,0.7149798,0
0.8894119,1,1,1,1,1,1,0.4472967,0.6768605,0
0.824073,1,1,1,1,1,1,0.4320182,0.6438654,0
0.7896476,1,1,1,1,1,1,0.4176506,0.6142493,0
0.766749,1,1,1,1,1,1,0.4332525,0.5866324,0
0.7524048,1,1,1,1,1,1,0.4551774,0.5609181,0
0.7431891,1,1,1,1,1,1,0.4782508,0.5367613,0
0.7370959,1,1,1,1,1,1,0.5026492,0.5139021,0
0.7330928,1,1,1,1,1,1,0.5285141,0.4921729,0
0.7305921,1,1,1,1,1,1,0.5559644,0.4714541,0
0.7292374,1,1,1,1,1,1,0.5721289,0.4516524,0
0.7281345,1,1,1,1,1,1,0.5596681,0.4325994,0
0.7259705,1,1,1,1,1,1,0.5474154,0.4140629,0
0.7231958,1,1,1,1,1,1,0.5353978,0.3960844,0
0.7201071,1,1,1,1,1,1,0.5236363,0.3786898,0
0.7169285,1,1,1,1,1,1,0.5515916,0.3618819,0
0.7150653,1,1,1,1,1,1,0.5909995,0.3731534,0
0.7162876,1,1,1,1,1,1,0.6314214,0.3859751,0
0.7199287,1,1,1,1,1,1,0.6727303,0.3987848,0
0.725446,1,1,1,1,1,1,0.7148807,0.4115855,0
0.7324456,1,1,1,1,1,1,0.7578107,0.424374,0
0.7406429,1,1,1,1,1,1,0.801457,0.4371475,0
0.749833,1,1,1,1,1,1,1,0.4499065,0
0.7632352,1,1,1,1,1,1,1,0.4616999,0
0.7759302,1,1,1,1,1,1,1,0.4737935,0
0.7880076,1,1,1,1,1,1,1,0.4861821,0
0.7995495,1,1,1,1,1,1,1,0.4988557,0
0.8106273,1,1,1,1,1,1,1,0.492538,0
0.8202714,1,1,1,1,1,1,1,0.4801566,0
0.8283267,1,1,1,1,1,1,1,0.4677318,0
0.8349942,1,1,1,1,1,1,1,0.4553124,0
0.8404473,1,1,1,1,1,1,1,0.4506146,0
0.8452272,1,1,1,1,1,1,1,0.4658045,0
0.8503788,1,1,1,1,1,1,1,0.4812277,0
0.8558539,1,1,1,1,1,1,1,0.4968812,0
0.8616206,1,1,1,1,1,1,1,0.512758,0
1,1,1,1,1,1,1,1,0.528854,0
1,1,1,1,1,1,1,1,0.5492548,0
1,1,1,1,1,1,1,1,0.5699885,0
1,1,1,1,1,1,1,1,0.591009,0
1,1,1,1,1,1,1,1,0.6122653,0
1,1,1,1,1,1,1,1,0.6337073,0
1,1,1,1,1,1,1,1,0.6552823,0
1,1,1,1,1,1,1,1,0.6769341,0
1,1,1,1,1,1,1,1,0.698611,0
1,1,1,1,1,1,1,1,1,1
1,1,1,1,1,1,1,1,1,1
1,1,1,1,1,1,1,1,1,1
1,1,1,1,1,1,1,1,1,1
1,1,1,1,1,1,1,1,1,1
1,1,1,1,1,1,1,1,1,1
1,1,1,1,1,1,1,1,1,1
1,1,1,1,1,1,1,1,1,1
1,1,1,1,1,1,1,1,1,1
1,1,1,1,1,1,1,1,1,1
1,1,1,1,1,1,1,1,1,1
1,1,1,1,1,1,1,1,1,1
1,1,1,1,1,1,1,1,1,1
1,1,1,1,1,1,1,1,1,1
1,1,1,1,1,1,1,1,1,1
1,1,1,1,1,1,1,1,1,1
1,1,1,1,1,1,1,1,1,1
1,1,1,1,1,1,1,1,1,1
1,1,1,1,1,1,1,1,1,1
1,1,1,1,1,1,1,1,1,1
1,1,1,1,1,1,1,1,1,1
1,1,1,1,1,1,1,1,1,1
1,1,1,1,1,1,1,1,1,1
1,1,1,1,1,1,1,1,1,1
1,1,1,1,1,1,1,1,1,1
1,1,1,1,1,1,1,1,1,1
1,1,1,1,1,1,1,1,1,1
1,1,1,1,1,1,1,1,1,1
1,1,1,1,1,1,1,1,1,1
1,1,1,1,1,1,1,1,1,1
1,1,1,1,1,1,1,1,1,1
1,1,1,1,1,1,1,1,1,1
1,1,1,1,1,1,1,1,1,1
1,1,1,1,1,1,1,1,1,1
1,1,1,1,1,1,1,1,1,1
1,1,1,1,1,1,1,1,1,1
1,1,1,1,1,1,1,1,1,1
1,1,1,1,1,1,1,1,1,1
1,1,1,1,1,1,1,1,1,1
1,1,1,1,1,1,1,1,1,1
1,1,1,1,1,1,1,1,1,1
1,1,1,1,1,1,1,1,1,1
1,1,1,1,1,0.9927741,1,1,1,1
1,1,1,1,0.829953,0.8427485,0.9157294,1,1,1
1,1,1,1,0.8199553,0.8322102,0.9035884,1,1,1
1,1,1,1,0.8099644,0.821653,0.8913833,1,1,1
1,1,1,1,0.7999813,0.8110812,0.8791243,1,1,1
1,1,1,1,0.7900075,0.8004993,0.8668216,1,1,1
1,1,1,1,0.7800474,0.7899143,0.8544887,1,1,1
1,1,1,1,0.7700988,0.7793272,0.8421324,1,1,1
1,1,1,1,0.7601627,0.768742,0.8297623,1,1,1
1,1,1,1,0.75024,0.7581624,0.8173879,1,1,0
1,1,1,1,0.7403342,0.747595,0.8050216,1,1,0
1,1,1,1,0.7304427,0.7370397,0.7926685,1,1,0
1,1,1,1,0.7205687,0.7265027,0.7803401,1,1,0
1,1,1,1,0.7107121,0.7159864,0.7680435,1,1,0
1,1,1,1,0.7008697,0.7054899,0.7557823,1,1,0
1,1,1,1,1,0.6950184,0.743566,1,1,0
1,1,1,1,1,0.6845174,0.731196,1,1,0
1,1,1,1,1,0.6740454,0.7188733,1,1,0
1,1,1,1,1,0.663607,0.7066067,1,1,0
1,1,1,1,1,0.6532003,0.6943977,1,1,0
1,1,1,1,1,0.6428297,0.6822537,1,1,0
1,1,1,1,1,0.6324924,0.6701752,1,1,0
1,1,1,1,1,0.6221921,0.6581684,1,1,0
1,1,1,1,1,0.6119289,0.6462358,1,1,0
1,1,1,1,1,0.6017025,0.6343793,1,1,0
1,1,1,1,1,0.5915124,0.6226002,1,1,0
1,1,1,1,1,0.5813612,0.6109028,1,1,0
1,1,1,1,1,0.5712446,0.5992842,1,1,0
1,1,1,1,1,0.5611619,0.5877444,1,1,0
1,1,1,1,1,0.5511146,0.5762863,1,1,0
1,1,1,1,1,0.5411015,0.5649091,1,1,0
1,1,1,1,1,0.531121,0.5536119,1,1,0
1,1,1,1,1,0.5211686,0.54239,0.6916652,1,0
1,1,1,1,1,0.5112194,0.5300072,0.6703359,1,0
1,1,1,1,1,0.5013994,0.517848,0.6496634,1,0
1,1,1,1,1,1,0.5059155,0.6296552,1,0
1,1,1,1,1,1,0.4941544,0.6100768,1,0
1,1,1,1,1,1,0.4825927,0.5910408,1,0
1,1,1,1,1,1,0.471237,0.5725595,1,0
1,1,1,1,1,1,0.4600852,0.554631,1,0
1,1,1,1,1,1,0.4491332,0.5372487,1,0
1,1,1,1,1,1,0.4383783,0.5204049,1,0
1,1,1,1,1,1,0.4278162,0.5040885,1,0
1,1,1,1,1,1,0.4174419,0.4882854,1,0
1,1,1,1,1,1,0.407246,0.4729757,1,0
1,1,1,1,1,1,0.3972186,0.4581382,1,0
1,1,1,1,1,1,0.3873497,0.4437504,1,0
1,1,1,1,1,1,0.3776318,0.4297932,1,0
1,1,1,1,1,1,0.526269,0.4162434,0.6106068,0
1,1,1,1,1,1,1,0.4014534,0.5793678,0
1,1,1,1,1,1,1,0.387242,0.5501302,0
1,1,1,1,1,1,1,0.3735784,0.5227178,0
1,1,1,1,1,1,1,0.3604337,0.4969738,0
1,1,1,1,1,1,1,0.3477849,0.4727646,0
1,1,1,1,1,1,1,0.3356074,0.4499659,0
1,1,1,1,1,1,1,0.3238782,0.4284672,0
1,1,1,1,1,1,1,0.3125762,0.4081697,0
1,1,1,1,1,1,1,0.301685,0.3889885,0
1,1,1,1,1,1,1,0.2911861,0.3708432,0
1,1,1,1,1,1,1,0.3173696,0.3536613,0
1,1,1,1,1,1,1,0.3700537,0.3373773,0
1,1,1,1,1,1,1,0.4336937,0.3219319,0
1,1,1,1,1,1,1,0.5118004,0.3072749,0
1,1,1,1,1,1,1,0.6095896,0.2933533,0
1,1,1,1,0.983981,1,1,1,0.2803278,0
1,1,1,1,0.9883783,1,1,1,0.2684814,0
1,1,1,1,0.9933014,1,1,1,0.257088,0
1,1,1,1,0.9987693,1,1,1,0.2574688,0
1,1,1,1,1,1,1,1,0.2785876,0
1,1,1,1,1,1,1,1,0.3007468,0
1,1,1,1,1,1,1,1,0.3239085,0
1,1,1,1,1,0.9843007,1,1,0.3480455,0
1,1,1,1,1,0.9567025,1,1,0.3728187,0
1,1,1,1,1,0.9317134,1,1,0.3978387,0
1,1,1,1,1,0.9089442,1,1,0.4229442,0
1,1,1,1,1,0.8880748,1,1,0.447981,0
1,1,1,1,1,0.8688448,1,1,0.4727949,0
1,1,1,1,1,0.8562549,1,1,0.4972421,0
1,1,1,1,1,0.8514717,1,1,0.5213593,0
1,1,1,1,1,0.8462269,1,1,0.5452688,1
1,1,1,1,1,0.8405183,1,1,0.5688634,1
1,1,1,1,1,0.8343466,1,1,0.592034,1
1,1,1,1,1,0.8277189,1,1,0.6146748,1
1,1,1,1,1,0.8206406,1,1,1,2
1,1,1,1,1,0.8087266,1,1,1,2
1,1,1,1,1,0.7966715,1,1,1,2
1,1,1,1,1,0.7844913,1,1,1,2
1,1,1,1,1,0.7721974,1,1,1,2
1,1,1,1,1,0.7598063,1,1,1,2
1,1,1,1,1,0.7473261,1,1,1,2
1,1,1,1,1,0.7347769,1,1,1,2
1,1,1,1,1,0.7221669,1,1,1,2
1,1,1,1,1,0.7095118,1,1,1,2
1,1,1,1,1,0.6975178,1,1,1,2
1,1,1,1,1,0.6924689,1,1,1,2
1,1,1,1,1,0.6874936,1,1,1,2
1,1,1,1,1,0.6825877,1,1,1,2
1,1,1,1,1,0.6777493,1,1,1,2
1,1,1,1,1,0.6729743,1,1,1,2
1,1,1,1,1,0.6682614,1,1,1,2
1,1,1,1,1,0.6636062,1,1,1,2
1,1,1,1,0.690083,0.6590074,1,1,1,2
1,1,1,1,0.6688666,0.6635861,1,1,1,2
1,1,1,1,0.6482716,0.6689923,1,1,1,2
1,1,1,1,0.6283043,0.6752444,1,1,1,2
1,1,1,1,0.6089625,1,1,1,1,2
1,1,1,1,0.5935699,1,1,1,1,2
1,1,1,1,0.5782903,1,1,1,1,2
1,1,1,1,0.5631441,1,1,1,1,2
1,1,1,1,0.5481411,1,1,1,1,2
1,1,1,1,0.5332896,1,1,1,1,2
1,1,1,1,0.5186034,1,1,1,1,2
1,1,1,1,0.5159141,1,1,1,1,2
1,1,1,0.5677367,0.514582,1,1,1,1,2
1,1,1,0.5446588,0.5205147,1,1,1,1,2
1,1,1,0.5225688,0.52739,1,1,1,1,2
1,1,1,0.5013946,0.5353075,1,1,1,1,2
1,1,1,0.4810624,0.5443859,1,1,1,1,2
1,1,1,0.4615133,1,1,1,1,1,2
1,1,1,0.4450705,1,1,1,1,1,2
1,1,1,0.4289391,1,1,1,1,1,2
1,1,1,0.4289946,1,1,1,1,1,2
1,1,1,0.4299967,1,1,1,1,1,2
1,1,1,0.4311648,1,1,1,1,1,2
1,1,0.4659972,0.4324952,1,1,1,1,1,2
1,1,0.4412931,0.4391656,1,1,1,1,1,2
1,1,0.4177861,0.4468472,1,1,1,1,1,2
1,1,0.3953754,1,1,1,1,1,1,2
1,1,0.3750351,1,1,1,1,1,1,2
1,1,0.3553515,1,1,1,1,1,1,2
1,1,0.336314,1,1,1,1,1,1,2
1,1,0.3323117,1,1,1,1,1,1,2
1,1,0.3354094,1,1,1,1,1,1,2
1,1,0.3388403,1,1,1,1,1,1,2
1,1,0.3426072,1,1,1,1,1,1,2
1,1,0.3467109,1,1,1,1,1,1,2
1,1,0.3511518,1,1,1,1,1,1,2
1,0.3649195,0.355933,1,1,1,1,1,1,2
1,0.3327076,1,1,1,1,1,1,1,2
1,0.3027631,1,1,1,1,1,1,1,2
1,0.2748419,1,1,1,1,1,1,1,2
1,0.248734,1,1,1,1,1,1,1,2
1,0.2463733,1,1,1,1,1,1,1,2
1,0.2494696,1,1,1,1,1,1,1,2
1,0.2530406,1,1,1,1,1,1,1,2
1,0.2571148,1,1,1,1,1,1,1,2
1,0.2617195,1,1,1,1,1,1,1,2
0.2821969,0.2668875,1,1,1,1,1,1,1,2
0.2309531,1,1,1,1,1,1,1,1,2
0.2123882,1,1,1,1,1,1,1,1,2
0.2149341,1,1,1,1,1,1,1,1,2
0.217839,1,1,1,1,1,1,1,1,2
0.221113,1,1,1,1,1,1,1,1,2
0.2247691,1,1,1,1,1,1,1,1,2
0.22882,1,1,1,1,1,1,1,1,2
0.2332816,1,1,1,1,1,1,1,1,2
1,1,1,1,1,1,1,1,1,1
1,1,1,1,1,1,1,1,1,1
1,1,1,1,1,1,1,1,1,1
1,1,1,1,1,1,1,1,1,1
1,1,1,1,1,1,1,1,1,1
1,1,1,1,1,1,1,1,1,1
1,1,1,1,1,1,1,1,1,1
1,1,1,1,1,1,1,1,1,1
1,1,1,1,1,1,1,1,1,1
1,1,1,1,1,1,1,1,1,1
1,1,1,1,1,1,1,1,1,1
1,1,1,1,1,1,1,1,1,1
1,1,1,1,1,1,1,1,1,1
1,1,1,1,1,1,1,1,1,1
1,1,1,1,1,1,1,1,1,1
1,1,1,1,1,1,1,1,1,1
1,1,1,1,1,1,1,1,1,1
1,1,1,1,1,1,1,1,1,1
1,1,1,1,1,1,1,1,1,1
1,1,1,1,1,1,1,1,1,1
1,1,1,1,1,1,1,1,1,1
1,1,1,1,1,1,1,1,1,1
1,1,1,1,1,1,1,1,1,1
1,1,1,1,1,1,1,1,1,1
1,1,1,1,1,1,1,1,1,1
1,1,1,1,1,1,1,1,1,1
1,1,1,1,1,1,1,1,1,1
1,1,1,1,1,1,1,1,1,1
1,1,1,1,1,1,1,1,1,1
1,1,1,1,1,1,1,1,1,1
1,1,1,1,1,1,1,1,1,1
1,1,1,1,1,1,1,1,1,1
1,1,1,1,1,1,1,1,1,1
1,1,1,1,1,1,1,1,1,1
1,1,1,1,1,1,1,1,1,1
1,1,1,1,1,1,1,1,1,1
1,1,1,1,1,1,1,1,1,1
1,1,1,1,1,1,1,1,1,1
1,1,1,1,1,1,1,1,1,1
1,1,1,1,1,1,1,1,1,1
1,1,1,1,1,1,1,1,1,1
1,1,1,1,1,1,1,1,1,1
1,1,1,1,1,1,1,1,1,1
1,1,1,1,1,1,1,1,1,1
1,1,1,1,1,1,1,1,1,1
1,1,1,1,1,1,1,1,1,1
1,1,1,1,1,1,1,1,1,1
1,1,1,1,1,1,1,1,1,1
1,1,1,1,1,1,1,1,1,1
1,1,1,1,1,1,1,1,1,1
1,1,1,1,1,1,1,1,1,1
1,1,1,1,1,1,1,1,1,1
1,1,1,1,1,1,1,1,1,1
1,1,1,1,1,1,1,1,1,1
1,1,1,1,1,1,1,1,1,1
1,1,1,1,1,1,1,1,1,1
1,1,1,1,1,1,1,1,1,1
1,1,1,1,1,1,1,1,1,1
1,1,1,1,1,1,1,1,1,1
1,1,1,1,1,1,1,1,1,1
1,1,1,1,1,1,1,1,1,1
1,1,1,1,1,1,1,1,1,1
1,1,1,1,1,1,1,1,1,1
1,1,1,1,1,1,1,1,1,1
1,1,1,1,1,1,1,1,1,1
1,1,1,1,1,1,1,1,1,1
1,1,1,1,1,1,1,1,1,1
1,1,1,1,1,1,1,1,1,1
1,1,1,1,1,1,1,1,1,1
1,1,1,1,0.9931163,1,1,1,1,1
1,1,1,1,0.9831022,1,1,1,1,1
1,1,1,1,0.9730694,1,1,1,1,1
1,1,1,1,0.9630183,1,1,1,1,1
1,1,1,1,0.9529497,1,1,1,1,1
1,1,1,1,0.9428612,0.9956731,1,1,1,1
1,1,1,1,0.9327425,0.9848784,1,1,1,1
1,1,1,1,0.9225718,0.9739822,1,1,1,1
1,1,1,1,0.9123542,0.9629923,1,1,1,1
1,1,1,1,0.9020893,0.9519101,1,1,1,1
1,1,1,1,0.8917803,0.9407407,1,1,1,1
1,1,1,1,0.8814271,0.9294864,1,1,1,1
1,1,1,1,0.8710362,0.9181565,1,1,1,1
1,1,1,1,0.8606082,0.906754,1,1,1,1
1,1,1,1,0.8501499,0.8952888,1,1,1,1
1,1,1,1,0.8396624,0.8837646,1,1,1,1
1,1,1,1,0.8291494,0.8721884,1,1,1,1
1,1,1,1,0.8186153,0.8605672,1,1,1,1
1,1,1,1,0.8080639,0.8489082,0.9780674,1,1,0
1,1,1,1,0.797417,0.8370475,0.9630008,1,1,0
1,1,1,1,0.7867128,0.82506,0.9476578,1,1,0
1,1,1,1,0.7759622,0.8129638,0.9320745,1,1,0
1,1,1,1,0.7651765,0.8007774,0.916289,1,1,0
1,1,1,1,0.7543643,0.7885173,0.900337,1,1,0
1,1,1,1,0.7435404,0.7762062,0.8842618,1,1,0
1,1,1,1,0.7327131,0.7638603,0.8680996,1,1,0
1,1,1,1,0.7218965,0.7515023,0.8518928,1,1,0
1,1,1,1,0.711098,0.7391471,0.8356755,1,1,0
1,1,1,1,0.7003269,0.7268119,0.8194831,1,1,0
1,1,1,1,0.689595,0.7145161,0.8033525,1,1,0
1,1,1,1,0.6789095,0.702274,0.7873137,1,1,0
1,1,1,1,0.6942129,0.6900985,0.7713944,1,1,0
1,1,1,1,0.7617516,0.6780187,0.7556626,1,1,0
1,1,1,1,0.8464652,0.6660718,0.7402042,1,1,0
1,1,1,1,0.954919,0.6542515,0.7250133,1,1,0
1,1,1,1,1,0.6425606,0.710092,1,1,0
1,1,1,1,1,0.6309581,0.6953454,1,1,0
1,1,1,1,1,0.619432,0.6807389,1,1,0
1,1,1,1,1,0.6079863,0.6662827,1,1,0
1,1,1,1,1,0.5966243,0.6519855,1,1,0
1,1,1,1,1,0.585348,0.6378537,1,1,0
1,1,1,1,1,0.5741612,0.6238957,1,1,0
1,1,1,1,1,0.5630645,0.6101145,1,1,0
1,1,1,1,1,0.5520598,0.5965151,1,1,0
1,1,1,1,1,0.5411459,0.5830976,1,1,0
1,1,1,1,1,0.5303204,0.569861,1,1,0
1,1,1,1,1,0.5195807,0.556803,0.7589061,1,0
1,1,1,1,1,0.5811985,0.5423447,0.7309247,1,0
1,1,1,1,1,0.6971349,0.5282367,0.7041155,1,0
1,1,1,1,1,0.8658616,0.5145049,0.6785504,1,0
1,1,1,1,1,1,0.5011421,0.6541895,1,0
1,1,1,1,1,1,0.488088,0.6307979,1,0
1,1,1,1,1,1,0.4752816,0.6081325,1,0
1,1,1,1,1,1,0.4627307,0.5862134,1,0
1,1,1,1,1,1,0.4504451,0.5650565,1,0
1,1,1,1,1,1,0.4384272,0.5446633,1,0
1,1,1,1,1,1,0.4266761,0.5250259,1,0
1,1,1,1,1,1,0.415188,0.5061294,1,0
1,1,1,1,1,1,0.4464897,0.487949,1,0
1,1,1,1,1,1,0.5067117,0.470565,1,0
1,1,1,1,1,1,0.5787719,0.4539661,1,0
1,1,1,1,1,1,0.6656786,0.4380772,0.6906211,0
1,1,1,1,1,1,0.814355,0.4212095,0.6513456,0
1,1,1,1,1,1,1,0.4050343,0.6148857,0
1,1,1,1,1,1,1,0.3895072,0.5809538,0
1,1,1,1,1,1,1,0.3745977,0.5493141,0
1,1,1,1,1,1,1,0.3602675,0.5197465,0
1,1,1,1,1,1,1,0.3464881,0.4920669,0
1,1,1,1,1,1,1,0.3332298,0.4661086,0
1,1,1,1,1,1,1,0.320465,0.4417242,0
1,1,1,1,1,1,1,0.3352315,0.4187874,0
1,1,1,1,1,1,1,0.3674518,0.3971811,0
1,1,1,1,1,1,1,0.4041535,0.3768011,0
1,1,1,1,1,1,1,0.4462079,0.357554,0
1,1,1,1,1,1,1,0.4947408,0.3393597,0
1,1,1,1,1,1,1,0.551201,0.3221427,0
1,1,1,1,1,1,1,0.6175205,0.3058342,0
1,1,1,1,1,1,1,0.6963094,0.2903726,0
1,1,1,1,1,1,1,1,0.2791573,0
1,1,1,1,1,1,1,1,0.2966239,0
1,1,1,1,1,1,1,1,0.3149311,0
1,1,1,1,1,1,1,1,0.334065,0
1,1,1,1,1,1,1,1,0.3540086,0
1,1,1,1,1,1,1,1,0.3747383,0
1,1,1,1,1,1,1,1,0.3962218,0
1,1,1,1,1,1,1,1,0.4184287,0
1,1,1,1,1,1,1,1,0.4413162,0
1,1,1,1,1,1,1,1,0.4648352,0
1,1,1,1,1,1,1,1,0.4889368,0
1,1,1,1,1,1,1,1,0.5135627,0
1,1,1,1,1,1,1,1,0.5386492,0
1,1,1,1,1,1,1,1,0.5641311,0
1,1,1,1,1,1,1,1,0.5899389,0
1,1,1,1,1,1,1,1,0.6159987,0
1,1,1,1,1,1,1,1,0.6422342,0
1,1,1,1,1,1,1,1,1,1
1,1,1,1,1,1,1,1,1,1
1,1,1,1,1,1,1,1,1,1
1,1,1,1,1,1,1,1,1,1
1,1,1,1,1,1,1,1,1,1
1,1,1,1,1,1,1,1,1,1
1,1,1,1,1,1,1,1,1,1
1,1,1,1,1,1,1,1,1,1
1,1,1,1,1,1,1,1,1,1
1,1,1,1,1,1,1,1,1,1
1,1,1,1,1,1,1,1,1,1
1,1,1,1,1,1,1,1,1,1
1,1,1,1,1,1,1,1,1,1
1,1,1,1,1,1,1,1,1,1
1,1,1,1,1,1,1,1,1,1
1,1,1,1,1,1,1,1,1,1
1,1,1,1,1,1,1,1,1,1
1,1,1,1,1,1,1,1,1,1
1,1,1,1,1,1,1,1,1,1
1,1,1,1,1,1,1,1,1,1
1,1,1,1,1,1,1,1,1,1
1,1,1,1,1,1,1,1,1,1
1,1,1,1,1,1,1,1,1,1
1,1,1,1,1,1,1,1,1,1
1,1,1,1,1,1,1,1,1,1
1,1,1,1,1,1,1,1,1,1
1,1,1,1,1,1,1,1,1,1
1,1,1,1,1,1,1,1,1,1
1,1,1,1,1,1,1,1,1,1
1,1,1,1,1,1,1,1,1,1
1,1,1,1,1,1,1,1,1,1
1,1,1,1,1,1,1,1,1,1
1,1,1,1,1,1,1,1,1,1
1,1,1,1,1,1,1,1,1,1
1,1,1,1,1,1,1,1,1,1
1,1,1,1,1,1,1,1,1,1
1,1,1,1,1,1,1,1,1,1
1,1,1,1,1,1,1,1,1,1
1,1,1,1,1,1,1,1,1,1
1,1,1,1,1,1,1,1,1,1
1,1,1,1,1,1,1,1,1,1
1,1,1,1,1,1,0.9852406,1,1,1
1,1,1,1,1,1,0.9673994,1,1,1
1,1,1,1,1,1,0.9501925,1,1,1
0.9915703,1,1,1,1,1,0.9335704,1,1,1
0.9814495,1,1,1,1,1,0.9247435,1,1,1
0.9710373,1,1,1,1,1,0.9167684,1,1,1
0.9603574,1,1,1,1,1,0.9085913,1,1,1
0.9494212,1,1,1,1,1,0.9002137,1,1,1
0.9382411,1,1,1,1,1,0.8916351,1,1,1
0.9268354,1,1,1,1,1,0.8828593,1,1,2
0.9152199,0.9956335,1,1,1,1,0.8738918,1,1,2
0.9033111,0.9874298,1,1,1,1,0.8646735,1,1,2
0.8910486,0.9791916,1,1,1,1,0.8551534,1,1,2
0.8784713,0.970943,1,1,1,1,0.8453455,1,1,2
0.8962833,0.9627075,1,1,1,1,0.8352672,1,1,2
0.9212092,0.9546199,1,1,1,0.8192784,0.8252981,1,1,2
0.9534872,0.9463143,1,1,1,0.8037138,0.822548,1,1,2
0.9864688,1,1,1,1,0.7887152,0.827469,1,1,2
1,1,1,1,1,0.7757176,0.8251793,1,1,2
1,1,1,1,1,0.7629843,0.8223694,1,1,2
1,1,1,1,1,0.7502519,0.8202085,1,1,2
1,1,1,1,1,0.7375344,0.8186942,1,1,2
1,1,1,1,1,0.7248511,0.8178264,1,1,2
1,1,1,1,1,0.7122127,0.8176084,1,1,2
1,1,1,1,1,0.6996314,0.8180459,1,1,2
1,1,1,1,1,0.6871175,0.819154,1,1,2
1,1,1,1,1,0.6746803,0.8209346,1,1,2
1,1,1,1,1,0.6623269,0.823411,1,1,2
1,1,1,1,1,0.6500669,0.826599,1,1,2
0.9359021,1,1,1,1,0.6379012,0.8305254,1,1,2
0.9244401,1,1,1,1,0.6249865,0.8439535,1,1,2
0.9131834,1,1,1,0.9670331,0.6121193,1,1,1,2
0.9023123,1,1,1,0.9484229,0.5994567,1,1,1,2
0.891442,1,1,1,0.9295148,0.5866619,1,1,1,2
0.8806309,1,1,1,0.9103988,0.5737764,1,1,1,2
0.8699398,1,1,1,0.6195738,0.5608416,1,1,1,2
0.8578726,1,1,1,0.6008726,0.5465328,1,1,1,2
0.8465303,1,1,1,0.5828079,0.5325971,1,1,1,2
0.9228958,1,1,1,0.5653383,0.5261874,1,1,1,2
1,1,1,1,0.5488524,0.5399409,1,1,1,2
1,1,1,1,0.5339237,0.5500547,1,1,1,2
1,1,1,0.8662014,0.5194134,0.5610766,1,1,1,2
1,1,1,0.8427097,0.5043824,0.5796258,1,1,1,2
1,1,1,0.8201116,0.4897386,0.5704367,1,1,1,2
1,1,1,0.5257431,0.4753985,0.5581109,1,1,1,2
1,1,1,0.5072808,0.4609249,0.5457154,1,1,1,2
1,1,1,0.4894488,0.4468261,0.5335995,1,1,1,2
1,1,1,0.472209,0.4330823,0.5609084,1,1,1,2
1,1,1,0.4555224,0.4256975,0.6071944,1,1,1,2
1,1,1,0.4393534,0.4416571,0.6674076,1,1,1,2
1,1,1,0.4236687,0.4605622,1,1,1,1,2
1,1,1,0.4090355,0.4783297,1,1,1,1,2
1,1,0.7638009,0.39488,0.4819553,1,1,1,1,2
1,1,0.7379252,0.380394,0.4692472,1,1,1,1,2
1,1,0.4285725,0.3662937,0.4568302,1,0.9806019,1,1,2
1,1,0.4094481,0.3525548,0.4446878,1,0.9153368,1,1,2
1,1,0.3910435,0.3528019,0.4552933,1,0.9098383,1,1,2
1,1,0.3733123,0.3684178,0.5012154,1,0.9046448,1,1,2
1,1,0.3562085,0.3868062,0.56169,1,0.8997556,1,1,2
1,1,0.3396899,0.4085376,1,1,0.8951701,1,1,2
1,1,0.3237575,0.4011136,1,1,0.890844,1,1,2
1,1,0.308456,0.3885758,1,1,0.8865943,1,1,2
1,1,0.2937174,0.3763733,1,1,0.8823963,1,1,2
1,1,0.2794924,0.3644761,1,1,0.8782073,1,1,2
1,1,0.2657318,0.3845365,1,1,0.8739823,1,1,2
1,1,0.2711552,0.4182089,0.9931095,1,0.8695704,1,1,2
1,0.3370809,0.2802961,0.4558099,0.9830317,1,0.8647677,1,1,2
1,0.3138584,0.2942346,0.9842013,0.9733043,1,0.8623943,1,1,2
1,0.2918587,0.3102612,0.9712172,1,0.9689909,0.8603604,1,1,2
1,0.2709833,0.3170886,0.9587413,1,0.8831472,0.8586772,1,1,2
1,0.2511395,0.3039905,0.9467573,1,0.8103799,0.8573535,1,1,2
1,0.2322487,0.291246,0.9352535,1,0.7629965,0.8564032,1,1,2
1,0.2142359,0.2788349,0.9242163,1,0.7574326,1,1,1,2
1,0.1970379,0.2966117,0.913636,1,0.7521622,1,1,1,2
1,0.1942604,0.3257946,0.903501,1,0.7471851,1,1,1,2
0.2924984,0.2022529,0.3608424,0.8938007,1,0.742502,1,1,1,2
0.2590802,0.2110936,0.403391,1,1,0.7381177,1,1,1,2
0.2284894,0.2208621,0.8925292,1,0.8540443,0.7340344,1,1,1,2
0.2003796,0.2316464,0.879046,1,0.7749947,0.7302552,1,1,1,2
0.1744646,0.238731,0.8661063,1,0.7073118,0.7267874,1,1,1,2
0.1649601,0.2240175,0.8536948,1,0.6743257,0.7236395,1,1,1,2
0.170903,0.2098684,0.8417915,1,0.6688085,0.7208138,1,1,1,2
0.1773272,0.2090383,0.8303838,1,0.6635815,0.718321,1,1,1,2
0.1842589,0.2238921,0.8194602,1,0.6586486,0.7161726,1,1,1,2
0.1917273,0.2404057,0.8090073,0.8613259,0.6540109,0.7143783,1,1,1,2
0.1997643,0.2587955,0.7990133,0.7653591,0.6496705,0.712949,1,1,1,2
0.2084053,0.279319,1,0.6849276,0.6456303,0.711897,1,1,1,2
0.1896812,0.3022835,1,0.6163861,0.6418974,1,1,1,1,2
0.1744037,0.8407893,1,0.5958104,0.6384764,1,1,1,1,2
0.1833594,0.8251832,1,0.5896114,0.6340191,1,1,1,1,2
0.1926251,0.8104883,1,0.5833611,0.6293432,1,1,1,1,2
0.2021668,0.7966039,1,0.5770269,0.6244124,1,1,1,1,2
0.2119453,0.7834398,1,0.5705813,0.6191968,1,1,1,1,2
0.2219236,0.770916,1,0.5640017,0.6136727,1,1,1,1,2
0.2320585,0.7589545,1,0.557264,0.6078151,1,1,1,1,2
0.242312,0.7474957,1,0.5503577,0.6016152,1,1,1,1,2
0.2526412,0.7364803,1,0.5432703,0.5950624,1,1,1,1,2
0.2630051,0.7258557,1,0.535993,0.5881509,1,1,1,1,2
0.2733657,0.7155783,1,0.5285235,0.5808834,1,1,1,1,2
1,0.7056062,0.6748136,0.5208592,0.5732626,1,1,1,1,0
1,0.7003358,1,0.5080462,0.5570697,1,1,1,1,0
1,0.6946005,1,0.4959242,0.5420551,1,1,1,1,0
1,0.6888248,1,0.484004,0.5273992,1,1,1,1,0
1,0.6829926,1,0.472278,0.5130896,1,1,1,1,0
1,0.6770879,1,0.4607376,0.499112,1,1,1,1,0
1,0.6710947,1,0.449373,0.4854508,1,1,1,1,0
1,0.6649971,1,0.4381739,0.4720894,1,1,0.8859096,1,0
1,0.660052,1,0.4264885,0.457884,1,1,0.7897111,1,0
1,0.6560931,1,0.414562,0.4432424,0.4922545,1,0.7890902,1,0
1,0.6523921,1,0.4027979,0.4288715,0.4739519,1,0.7890991,1,0
1,0.6488108,1,0.3912503,0.4148684,0.4562753,1,0.7896553,1,0
1,0.6453519,1,0.3799081,0.4012128,0.439186,1,0.7907704,1,0
1,0.6420118,1,0.3687541,0.3878794,0.4226412,1,0.7924546,1,0
1,0.638794,1,0.3577784,0.3748509,0.4066082,1,1,1,0
1,0.634716,1,0.3471158,0.3624356,0.3916186,1,1,1,0
1,0.6302517,1,0.3366277,0.3503658,0.3772225,1,1,1,0
1,0.6253694,1,0.3262873,0.3386002,0.3633521,1,1,1,0
1,0.6200378,1,0.316066,0.3270962,0.3499414,1,1,1,0
1,0.614233,0.9589748,0.3059391,0.3158163,0.3369317,0.3993836,1,1,0
1,0.6114387,0.8674251,0.3043549,0.3040874,0.3230788,0.380005,1,1,0
1,0.6087695,0.7931939,0.3862567,0.2925638,0.3095704,0.3613769,1,1,0
1,0.6062274,0.7315978,1,0.2812311,0.2963842,0.3434454,1,0.7276627,0
1,0.6038188,0.6794959,1,0.2700788,0.2835026,0.3261647,1,0.7254951,0
1,0.6015467,0.6347123,1,0.2590936,0.2709057,0.3094893,1,0.7252324,0
1,0.599419,0.595683,1,0.2482659,0.258578,0.2933809,1,0.7254964,0
1,0.5974402,0.5612625,1,0.2375835,0.2465019,0.2778012,1,0.7262905,0
1,0.5956155,0.5305902,1,0.2270344,0.2346606,0.2627142,1,0.7276192,0
1,0.5937296,0.5035172,1,0.2166167,0.2230628,0.248143,1,1,0
1,0.5835764,0.4964957,1,0.2065059,0.2123899,0.2357758,1,1,0
1,0.5727831,0.4906642,1,0.1964196,0.2017998,0.2236118,1,1,0
1,0.5614063,0.4858487,1,0.1863542,0.1912807,0.2116219,1,1,0
1,0.5494987,0.4819083,1,0.1763041,0.1808198,0.1997776,0.2940186,1,0
1,0.5472186,0.4589017,1,0.1907665,0.1697549,0.1863804,0.2698236,1,0
1,0.545071,0.4377429,1,1,0.1588593,0.1733438,0.2470036,1,0
1,0.543057,0.4181662,1,1,0.148117,0.1606409,0.2254283,1,0
1,0.5406433,0.4006112,1,1,0.1375348,0.148304,0.2051765,1,0
1,0.536957,0.3856329,1,1,0.1271133,0.1363613,0.186319,1,0
1,0.531943,0.3727146,0.7616301,1,0.1168135,0.1247387,0.1685915,1,0
1,0.5238827,0.3630209,0.7217547,1,0.1066354,0.1134816,0.1521537,1,0
1,0.5142613,0.3547504,0.6901435,1,0.1054961,0.1024261,0.1364182,1,0
1,1,1,1,1,1,1,1,1,1
1,1,1,1,1,1,1,1,1,1
1,1,1,1,1,1,1,1,1,1
1,1,1,1,1,1,1,1,1,1
1,1,1,1,1,1,1,1,1,1
1,1,1,1,1,1,1,1,1,1
1,1,1,1,1,1,1,1,1,1
1,1,1,1,1,1,1,1,1,1
1,1,1,1,1,1,1,1,1,1
1,1,1,1,1,1,1,1,1,1
1,1,1,1,1,1,1,1,1,1
1,1,1,1,1,1,1,1,1,1
1,1,1,1,1,1,1,1,1,1
1,1,1,1,1,1,1,1,1,1
1,1,1,1,1,1,1,1,1,1
1,1,1,1,1,1,1,1,1,1
1,1,1,1,1,1,1,1,1,1
1,1,1,1,1,1,1,1,1,1
1,1,1,1,1,1,1,1,1,1
1,1,1,1,1,1,1,1,1,1
1,1,1,1,1,1,1,1,1,1
1,1,1,1,1,1,1,1,1,1
1,1,1,1,1,1,1,1,1,1
1,1,1,1,1,1,1,1,1,1
1,1,1,1,1,1,1,1,1,1
1,1,1,1,1,1,1,1,1,1
1,1,1,1,1,1,1,1,1,1
1,1,1,1,1,1,1,1,1,1
1,1,1,1,1,1,1,1,1,1
1,1,1,1,1,1,1,1,1,1
1,1,1,1,1,1,1,1,1,1
1,1,1,1,1,1,1,1,1,1
1,1,1,1,1,1,1,1,1,1
1,1,1,1,1,1,1,1,1,1
1,1,1,1,1,1,1,1,1,1
1,1,1,1,1,1,1,1,1,1
1,1,1,1,1,1,1,1,1,1
1,1,1,1,1,1,1,1,1,1
1,1,1,1,1,1,1,1,1,1
1,1,1,1,1,1,1,1,1,1
1,1,1,1,1,1,1,1,1,1
1,1,1,1,1,1,1,1,1,1
1,1,1,1,1,1,1,1,1,1
1,1,1,1,1,1,1,0.8981854,1,1
1,1,1,1,1,1,1,0.8792086,1,1
1,1,1,1,1,1,1,0.8597828,1,0
1,1,1,1,1,1,1,0.8399512,1,0
1,1,1,1,1,1,1,0.8197669,1,0
1,1,1,1,1,1,1,0.7992774,1,0
1,1,1,1,1,1,1,0.7785421,1,0
1,1,1,1,1,1,1,0.757614,1,0
1,1,1,1,1,1,1,0.7365562,1,0
1,1,1,1,1,1,1,0.7154319,1,0
1,1,1,1,1,1,1,0.6942948,1,0
1,1,1,1,1,1,1,0.6732056,1,0
1,1,1,1,1,1,1,0.652218,1,0
1,1,1,1,1,1,1,0.6414123,1,0
1,1,1,1,1,1,1,0.6497828,1,0
1,1,1,1,1,1,1,0.658312,1,0
1,1,1,1,1,1,1,0.666986,1,0
1,1,1,1,1,1,1,0.6757923,1,0
1,1,1,1,1,1,1,0.6847185,1,0
1,1,1,1,1,1,1,0.6937497,1,0
1,1,1,1,1,1,1,0.702875,1,0
1,1,1,1,1,1,1,0.7120765,1,0
1,1,1,1,1,1,1,0.7213438,1,0
1,1,1,1,1,1,1,0.7306632,1,0
1,1,1,1,1,1,1,0.7400191,0.7804573,0
1,1,1,1,1,1,1,1,0.7348146,0
1,1,1,1,1,1,1,1,0.6991374,0
1,1,1,1,1,1,1,1,0.6633211,0
1,1,1,1,1,1,1,1,0.6276745,0
1,1,1,1,1,1,1,1,0.5924914,0
1,1,1,1,1,1,1,1,0.5580292,0
1,1,1,1,1,1,1,1,0.5662788,0
1,1,1,1,1,1,1,1,0.5751474,0
1,1,1,1,1,1,1,1,0.5843284,0
1,1,1,1,1,1,1,1,0.5938066,0
1,1,1,1,1,1,1,1,0.6035658,0
1,1,1,1,1,1,1,1,0.613593,0
1,1,1,1,1,1,1,1,0.6238703,0
1,1,1,1,1,1,1,1,0.63438,0
1,1,1,1,1,1,1,1,0.6451062,0
1,1,1,1,1,1,1,1,0.6560298,0
1,1,1,1,1,1,1,1,0.6671323,0
1,1,1,1,1,1,1,1,1,1
1,1,1,1,1,1,1,1,1,1
1,1,1,1,1,1,1,1,1,1
1,1,1,1,1,1,1,1,1,1
1,1,1,1,1,1,1,1,1,1
1,1,1,1,1,1,1,1,1,1
1,1,1,1,1,1,1,1,1,1
1,1,1,1,1,1,1,1,1,1
1,1,1,1,1,1,1,1,1,1
1,1,1,1,1,1,1,1,1,1
1,1,1,1,1,1,1,1,1,1
1,1,1,1,1,1,1,1,1,1
1,1,1,1,1,1,1,1,1,1
1,1,1,1,1,1,1,1,1,1
1,1,1,1,1,1,1,1,1,1
1,1,1,1,1,1,1,1,1,1
1,1,1,1,1,1,1,1,1,1
1,1,1,1,1,1,1,1,1,1
1,1,1,1,1,1,1,1,1,1
1,1,1,1,1,1,1,1,1,1
1,1,1,1,1,1,1,1,1,1
1,1,1,1,1,1,1,1,1,1
1,1,1,1,1,1,1,1,1,1
1,1,1,1,1,1,1,1,1,1
1,1,1,1,1,1,1,1,1,1
1,1,1,1,1,1,1,1,1,1
1,1,1,1,1,1,1,1,1,1
1,1,1,1,1,1,1,1,1,1
1,1,1,1,1,1,1,1,1,1
1,1,1,1,1,1,1,1,1,1
1,1,1,1,1,1,1,1,1,1
1,1,1,1,1,1,1,1,1,1
1,1,1,1,1,1,1,1,1,1
1,1,1,1,1,1,1,1,1,1
1,1,1,1,1,1,1,1,1,1
1,1,1,1,1,1,1,1,1,1
1,1,1,0.9906851,1,1,1,1,1,1
1,1,1,0.9795005,1,1,1,1,1,1
1,1,1,0.9681405,1,1,1,1,1,1
1,1,1,0.9566094,1,1,1,1,1,1
1,1,1,0.9449121,1,1,1,1,1,1
1,1,1,0.9330508,1,1,1,1,1,1
1,1,1,0.9210321,1,1,1,1,1,1
1,1,1,0.9088596,1,1,1,1,1,1
1,1,1,0.8965409,1,1,1,1,1,1
1,1,1,0.8840849,1,1,1,1,1,1
1,1,1,0.8715004,1,1,1,1,1,1
1,1,1,0.8587936,1,1,1,1,1,1
1,1,1,0.8459747,1,1,1,1,1,1
1,1,1,0.8330505,1,1,1,1,1,1
1,1,1,0.820032,1,1,1,1,1,1
1,1,1,0.8069302,1,1,1,1,1,2
1,1,0.9894327,0.7937567,1,1,1,1,1,2
1,1,0.9705693,0.7803567,1,1,1,1,1,2
1,1,0.9510502,0.7666358,1,1,1,1,1,2
1,1,0.9309388,0.7526214,1,1,1,1,1,2
1,1,0.9103112,0.7383481,1,1,1,1,1,2
1,1,0.8892423,0.7238478,1,1,1,1,1,2
1,1,0.867821,0.7283002,1,1,1,1,1,2
1,1,0.8464657,0.7339201,1,1,1,1,1,2
1,1,0.8252385,0.7405053,1,1,1,1,1,2
1,1,0.8041954,0.7480885,1,1,1,1,1,2
1,1,0.7833775,0.7567053,1,1,1,1,1,2
1,1,0.7628287,0.7663832,1,1,1,1,1,2
1,1,0.7425774,0.7771628,1,1,1,1,1,2
1,1,0.7226543,0.7890806,1,1,1,1,1,2
1,1,0.7030802,0.8021753,1,1,1,1,1,2
1,1,0.6838742,0.8164889,1,1,1,1,1,2
1,1,0.6650423,0.8320624,1,1,1,1,1,2
1,1,0.6465979,0.8489435,1,1,1,1,1,2
1,1,0.6285383,0.8671833,1,1,1,1,1,2
1,1,0.6108651,0.8868278,1,1,1,1,1,2
1,1,0.5935764,0.9079267,1,1,1,1,1,2
1,1,0.5766643,0.9305403,1,1,1,1,1,2
1,0.913462,0.5659321,0.9547244,1,1,1,1,1,2
1,0.8727944,0.5749807,1,1,1,1,1,1,2
1,0.8336277,0.5851282,1,1,1,1,1,1,2
1,0.795257,0.5970048,1,0.9901996,1,1,1,1,2
1,0.7578585,0.6107907,1,0.9782941,1,1,1,1,2
1,0.7216296,0.6266292,1,0.9666041,1,1,1,1,2
1,0.6867342,0.6446587,1,0.955171,1,1,1,1,2
1,0.6532885,0.6650252,1,0.9440295,1,1,1,1,2
1,0.6213503,0.6878861,1,0.933198,1,1,1,1,2
1,0.5909418,0.7134048,0.9402441,0.9226884,1,1,1,1,2
1,0.5617269,0.7425334,0.9267187,0.9125029,1,1,1,1,2
1,0.5340299,0.774906,0.9136286,1,1,0.9927961,1,1,2
1,0.5078363,0.8105995,0.9009806,1,1,0.9550447,1,1,2
1,0.4833741,0.8485433,0.888827,1,1,0.933408,1,1,2
1,0.4603413,1,0.8770903,1,1,0.9308987,1,1,2
1,0.44881,1,0.8658241,1,1,0.9275347,1,1,2
0.842467,0.4573215,1,0.8548093,1,1,0.924321,1,1,2
0.7728391,0.4692737,1,0.8437921,1,1,0.9244584,1,1,2
0.7101118,0.4823814,1,0.8331885,1,1,0.9251402,1,1,2
0.6535705,0.4966544,1,0.8229939,1,1,0.9262896,1,1,2
0.6023546,0.5121942,0.8390888,1,1,1,0.9279301,1,1,2
0.5557561,0.5291152,0.8247749,1,1,1,0.9300874,1,1,2
0.5131823,0.5475448,0.8110065,1,1,1,0.9327865,1,1,2
0.4741374,0.5676276,0.7977631,1,1,1,0.936055,1,1,2
0.4382099,0.5895321,0.7850283,1,1,0.96758,0.9399277,1,1,2
0.4050445,0.6134482,0.7727841,1,1,0.9207028,1,1,1,2
0.4047148,0.6395949,0.7610139,1,1,0.8775328,1,1,1,2
0.4143225,0.6682259,0.7497053,1,1,0.8376096,1,1,1,2
0.4246323,0.6996361,0.7388442,1,1,0.8005451,1,1,1,2
0.4356848,0.7341707,0.7284172,1,1,0.782813,1,1,1,2
0.4472755,1,0.7602687,1,1,0.7818528,1,1,1,2
0.4572206,1,1,1,1,0.7779136,1,1,1,2
0.4671937,1,1,1,1,0.7735205,1,1,1,2
0.4773124,1,1,1,0.9134688,0.7688574,1,1,1,2
0.4868949,1,1,1,0.8847119,0.7630675,1,1,1,2
0.4962639,1,1,1,0.8591506,0.7566505,1,1,1,2
0.5053853,1,1,1,0.8363184,0.7496167,1,1,1,2
0.5142299,1,1,1,0.8158371,0.7419785,1,1,1,2
0.5227721,1,1,1,0.7974002,0.733757,1,1,1,2
0.5309898,0.6904588,1,1,0.7807569,0.7249739,1,1,1,2
0.5414158,0.6785035,1,1,0.7582909,0.7184569,1,1,1,2
0.5515651,0.6670052,1,1,0.7379492,0.7113369,1,1,1,2
0.5614061,0.6559089,1,1,0.7194471,0.7036308,1,1,1,2
0.5709121,0.6451638,1,1,0.7025489,0.6953576,1,1,1,2
0.5800632,0.6347278,1,1,0.6870548,0.6865444,1,1,1,1
0.5888444,0.6245605,1,1,0.6727964,0.6772184,1,1,1,1
0.5972446,0.6146291,1,1,0.6596317,0.6674138,1,1,1,1
0.6052595,0.6049079,1,1,0.6474363,0.6571709,1,1,1,1
0.6128882,0.5953643,1,1,0.6361033,0.6465191,1,1,1,1
0.6201317,0.585978,1,1,0.625544,0.6355009,1,1,1,1
0.6269998,0.5767276,1,1,0.615672,0.6241544,1,1,1,1
0.6335014,0.5675938,1,1,0.606418,0.6125168,1,1,1,1
0.6396489,0.5585587,1,1,0.5977177,0.6006247,1,1,1,1
1,0.5496057,1,1,0.5895149,0.5885125,1,1,1,0
1,0.542877,1,1,0.5932062,0.5712253,1,1,1,0
1,0.5360394,1,1,0.5970567,0.5544398,1,1,1,0
1,0.5290791,1,1,0.6010307,0.5381254,1,1,1,0
1,0.5219895,1,1,0.6050915,0.5222586,1,1,1,0
1,0.5147584,1,1,0.6092057,0.5068086,1,1,1,0
1,0.5073813,1,1,0.6133367,0.4917528,1,1,1,0
1,0.4998484,1,1,0.6174478,0.4770617,1,1,1,0
1,0.4921539,1,1,0.6215023,0.4627104,0.5852762,1,1,0
1,0.486972,1,1,1,0.4601391,0.5578328,1,1,0
1,0.4806127,1,1,1,0.464985,0.5344486,1,1,0
1,0.4741151,1,1,1,0.4702376,0.5121007,1,1,0
1,0.4674548,1,1,1,0.4758644,0.4907227,1,1,0
1,0.460612,1,1,1,0.4818314,0.4702514,1,1,0
1,0.4535615,1,1,1,0.4880998,0.4506157,1,1,0
1,0.4462873,1,1,1,0.4946325,0.4317552,1,1,0
1,0.438772,1,1,1,0.5013878,0.4136072,1,1,0
1,0.4310006,1,1,1,0.5083221,0.3961129,1,1,0
1,0.4229568,1,1,1,0.5153871,0.3792129,1,1,0
1,0.4146343,1,1,1,0.5225366,0.3628592,1,1,0
1,0.406026,1,1,1,0.5799676,0.3470038,1,1,0
1,0.396875,1,1,1,1,0.3435109,1,1,1
1,0.3853893,1,1,1,1,0.3406938,1,1,1
1,0.3737772,1,1,1,1,0.3377634,1,1,1
1,0.3679745,1,1,1,1,0.3347213,1,1,1
1,0.3710807,1,1,1,1,0.3316345,1,1,1
1,0.3741046,1,1,1,1,0.3286006,1,1,1
1,0.377047,1,1,1,1,0.3256181,0.4426141,1,0
1,0.3702382,1,1,1,1,0.3312599,0.4045451,1,0
1,0.363616,1,1,1,1,0.3377306,0.3694261,1,0
1,0.357162,1,1,1,1,0.3451091,0.3369067,1,0
1,0.3508575,1,1,1,1,0.3534892,0.306695,1,0
1,0.3446876,1,1,1,1,0.3629761,0.2785303,1,0
1,0.3387121,1,1,1,1,0.3735616,0.2522801,1,0
1,0.3330857,1,1,1,1,0.4264943,0.2334686,1,0
1,0.3281274,1,1,1,1,1,0.2357818,1,0
1,0.3272465,1,1,1,1,1,0.2360093,1,0
1,0.3263884,1,1,1,1,1,0.2362657,1,0
1,0.3255486,1,1,1,1,1,0.2365516,1,0
1,0.3247288,1,1,1,1,1,0.2368623,0.377033,0
1,0.3189847,1,1,1,1,1,0.2405124,0.302642,0
1,0.3133101,1,1,1,1,1,0.2446693,0.2400901,0
1,0.3076985,1,1,1,1,1,0.2493615,0.1954729,0
1,0.302142,1,1,1,1,1,0.2546231,0.1971393,0
1,0.2966326,1,1,1,1,1,0.260492,0.1991353,0
1,0.2911633,1,1,1,0.9956204,1,0.2670103,0.2014696,0
1,0.2857272,1,1,1,0.9839566,1,0.2742254,0.2041523,0
1,0.2803194,1,1,1,0.972783,1,0.3123721,0.2071926,0
1,0.2749334,1,1,1,0.9620863,1,0.3218459,0.210603,0
1,0.2695631,1,1,1,0.9518579,0.9874954,1,0.214397,1
0.3535382,0.2670147,1,1,1,0.9419829,0.9762781,1,0.2166311,2
0.2306589,0.2686285,1,1,1,0.9323791,0.9717857,1,0.2162295,2
0.2299626,0.27065,1,1,1,0.923144,0.9676343,1,0.2157047,2
0.2295734,0.2730967,1,1,1,0.914272,0.9638289,1,0.2150601,2
0.2294951,0.2759899,1,1,1,0.9057584,0.960375,1,0.2142972,2
0.2297289,0.2793494,1,1,1,0.8975931,0.957273,1,0.2134199,2
0.2302814,0.2832034,1,1,1,0.8897726,0.9545304,1,0.2124271,2
0.2311556,1,1,1,0.8725454,0.8822945,0.9521555,1,0.211322,1
0.2307906,1,1,1,1,0.8719436,0.940497,1,0.2117025,1
0.2303874,1,1,1,1,0.861561,0.9287338,1,0.2121261,1
0.2299528,1,1,1,1,0.8511704,0.9169313,1,0.2125862,1
0.229486,1,1,1,1,0.8407717,0.9050938,1,0.2130841,1
0.2289849,1,1,1,1,0.8303677,0.8932289,1,0.2350885,1
0.2285047,1,1,1,1,0.8200582,0.8816634,1,0.2356138,1
0.2279973,1,1,1,1,0.8097431,0.8700665,1,0.2361725,1
0.2274607,1,1,1,1,0.7994218,0.8584418,1,0.2367677,1
0.2268954,1,1,1,1,0.7890966,0.8467954,1,0.2373988,1
0.2263009,1,1,1,1,0.7787725,0.835137,1,1,2
0.2271351,1,1,1,1,0.7709457,0.8316728,1,1,2
1,1,1,1,0.75237,0.7634055,0.8285097,1,1,0
1,1,1,1,0.7423919,0.7526653,0.8157588,1,1,0
1,1,1,1,0.7324337,0.7419407,0.803022,1,1,0
1,1,1,1,0.7224932,0.7312328,0.790306,1,1,0
1,1,1,1,1,0.7205452,0.7776204,1,1,0
1,1,1,1,1,0.7098541,0.7648829,1,1,0
1,1,1,1,1,0.6991855,0.7521757,1,1,0
1,1,1,1,1,0.6885452,0.7395102,1,1,0
1,1,1,1,1,0.6779361,0.7268935,1,1,0
1,1,1,1,1,0.6673603,0.7143325,1,1,0
1,1,1,1,1,0.6568198,0.7018331,1,1,0
1,1,1,1,1,0.6463161,0.6894005,1,1,0
1,1,1,1,1,0.6358534,0.6770426,0.981799,1,0
1,1,1,1,1,0.6253962,0.6646236,0.9606112,1,0
1,1,1,1,1,0.6149531,0.6521499,0.9391529,1,0
1,1,1,1,1,0.6045381,0.6396497,0.917519,1,0
1,1,1,1,1,0.5941621,0.627148,0.8957977,1,0
1,1,1,1,1,0.5838347,0.6146685,0.8740749,1,0
1,1,1,1,1,0.5735677,0.6022372,0.8524353,1,0
1,1,1,1,1,0.5633688,0.5898746,0.8309534,1,0
1,1,1,1,1,0.5532469,0.5776024,0.8097,1,0
1,1,1,1,1,0.5432063,0.5654369,0.7887338,1,0
1,1,1,1,1,0.5332532,0.5533946,0.7681088,1,0
1,1,1,1,1,1,0.5414861,0.7478665,1,0
1,1,1,1,1,1,0.5297161,0.7576312,1,0
1,1,1,1,1,1,0.518169,0.6440713,1,0
1,1,1,1,1,1,0.5064581,0.6246651,1,0
1,1,1,1,1,1,0.4949341,0.6057595,1,0
1,1,1,1,1,1,0.4836019,0.5873668,1,0
1,1,1,1,1,1,0.4724637,0.5694934,1,0
1,1,1,1,1,1,0.4615169,0.5521365,1,0
1,1,1,1,1,1,0.45076,0.5352925,0.9538215,0
1,1,1,1,1,1,0.4400941,0.518406,0.9118102,0
1,1,1,1,1,1,0.4295713,0.5016496,0.8704602,0
1,1,1,1,1,1,0.419228,0.4851304,0.8301837,0
1,1,1,1,1,1,0.4090982,0.468946,0.7913182,0
1,1,1,1,1,1,0.601195,0.4531713,0.7541086,0
1,1,1,1,1,1,1,0.4379818,0.7191957,0
1,1,1,1,1,1,1,0.4233885,0.6865458,0
1,1,1,1,1,1,1,0.4092014,0.5764927,0
1,1,1,1,1,1,0.9957178,0.3955455,0.549007,0
1,1,1,1,1,1,0.987514,0.3824132,0.5231785,0
1,1,1,1,1,1,0.97983,0.3697817,0.498876,0
1,1,1,1,1,1,0.9726569,0.3576234,0.4759744,0
1,1,1,1,1,1,0.965993,0.3459191,0.4543697,0
1,1,1,1,1,1,0.9598349,0.3346478,0.4339649,0
1,1,1,1,1,1,1,0.3237902,0.4146725,0
1,1,1,1,1,1,1,0.3354524,0.3964178,0
1,0.9972369,1,1,1,1,1,0.3872647,0.3791254,0
1,0.989912,1,1,1,1,1,0.4494125,0.362735,0
1,0.9828702,1,1,1,1,1,0.5250679,0.3471876,0
1,0.9761279,1,1,1,1,1,0.6146219,0.3327221,0
1,0.9696146,1,1,1,1,1,0.9089174,0.3192425,0
1,0.9632409,1,1,1,1,1,0.8990563,0.3068748,0
1,0.9569696,1,1,1,1,1,0.8896019,0.2950188,0
1,0.9507833,1,1,1,1,1,0.8805329,0.2836446,0
1,0.9446667,1,1,1,1,1,0.8718284,0.2838185,0
1,0.938585,1,1,1,1,1,0.8634798,0.3043863,0
1,0.9324814,1,1,1,1,1,0.8554822,0.3255652,0
1,0.9263278,1,1,1,1,1,0.8477823,0.347268,0
1,0.9200997,1,1,1,1,1,0.8403357,0.3694003,0
1,0.9137775,1,1,1,1,1,0.8331029,0.391859,0
1,0.9073461,1,1,1,1,1,0.8260496,0.4145334,0
1,0.9007932,1,1,1,1,1,0.8191452,0.4373107,0
1,0.8941113,1,1,1,1,1,0.8123602,0.4600707,0
1,0.8872939,1,1,1,1,1,0.8056743,0.4826985,0
1,0.8803404,1,1,1,1,1,0.7990642,0.5050728,0
1,0.8732502,1,1,1,1,1,0.9558835,0.527082,1
1,0.8660147,1,1,1,1,1,1,0.5485373,1
1,0.8586527,1,1,1,1,1,1,0.5694188,1
1,0.851171,1,1,1,1,1,1,0.5896583,1
1,0.8435766,1,1,1,1,1,1,0.8464702,1
1,0.835296,1,1,1,1,1,1,0.8408031,1
1,0.8270314,1,1,1,1,1,1,0.8351828,1
1,0.8187891,1,1,1,1,1,1,0.8296089,2
1,0.8105736,1,1,1,1,1,1,0.8240774,2
1,0.8023893,1,1,1,1,1,1,0.8185841,2
1,0.7942411,1,1,1,1,1,1,0.8131286,2
1,0.7861332,1,1,1,1,1,1,0.8077097,2
1,0.7780703,1,1,1,1,1,1,0.8023233,2
1,0.7700568,1,1,1,1,1,1,0.7969683,2
1,0.7620955,1,1,1,1,1,1,0.7916436,2
1,0.7541921,1,1,1,1,1,1,0.7863442,2
1,0.7463508,1,1,1,1,1,1,0.7810653,2
1,0.7385757,1,1,1,1,1,1,0.7758087,2
1,0.7308707,1,1,1,1,1,1,0.7705687,2
1,0.7232395,1,1,1,1,1,1,0.7653401,2
1,0.7156859,1,1,1,1,1,1,0.7601237,2
1,0.7082132,1,1,1,1,1,1,0.7549134,2
1,0.7008247,1,1,1,1,1,1,0.7497065,2
1,0.6935221,1,1,1,1,1,1,0.7444997,2
1,0.6863098,1,1,1,1,1,1,0.7392862,2
1,0.6791891,1,1,1,1,1,1,0.7340657,2
1,0.6721624,1,1,1,1,1,1,0.7288307,2
0.7471389,0.6652323,1,1,1,1,1,1,0.7235767,2
0.7333915,0.6583145,1,1,1,1,1,1,0.7227295,2
0.7199982,0.6517297,1,1,1,1,1,1,0.722289,2
0.7069941,0.6455041,1,1,1,1,1,1,0.7222892,2
0.6944103,1,1,1,1,1,1,1,0.7227539,2
0.6863776,1,1,1,1,1,1,1,0.715441,2
0.6784067,1,1,1,1,1,1,1,0.7081095,2
0.6704997,1,1,1,1,1,1,1,0.7007551,2
0.662659,1,1,1,1,1,1,1,0.6933738,2
0.6548885,1,1,1,1,1,1,1,0.6859612,2
0.6471919,1,1,1,1,1,1,1,0.6785129,2
0.6395727,1,1,1,1,1,1,1,0.6710199,2
0.6320311,1,1,1,1,1,1,1,0.6634811,2
0.6245723,1,1,1,1,1,1,1,0.655887,2
0.6171961,1,1,1,1,1,1,1,0.648236,2
0.6099056,1,1,1,1,1,1,1,0.6405224,2
0.6027037,1,1,1,1,1,1,1,0.632736,2
0.5955916,1,1,1,1,1,1,1,0.6248746,2
0.5885704,1,1,1,1,1,1,1,0.6169274,2
0.581641,1,1,1,1,1,1,1,0.6088916,2
0.5748056,1,1,1,1,1,1,1,0.6007563,2
0.5680634,1,1,1,1,1,1,1,0.5925183,2
0.5614164,1,1,1,1,1,1,1,0.5841702,2
0.5548651,1,1,1,1,1,1,1,0.5757048,2
0.5484095,1,1,1,1,1,1,1,0.5671139,2
0.5571507,1,1,1,1,1,1,1,0.5583904,2
0.5976863,1,1,1,1,1,1,1,0.5492138,1
0.6353893,1,1,1,1,1,1,1,0.5389269,1
0.6695836,1,1,1,1,1,1,1,0.5276229,1
0.6998193,1,1,1,0.994558,1,1,1,0.5346187,1
0.7276477,1,1,1,0.9853684,1,1,1,0.5427744,1
0.7534267,1,1,1,0.9765709,0.9884503,1,1,0.5513619,1
0.7777328,1,1,1,0.9680055,0.9679531,1,1,0.5602533,1
0.8010584,1,1,1,0.9595518,0.9471837,1,1,0.569342,1
0.8235496,1,1,1,0.951173,0.9263091,1,1,0.578603,1
0.8453182,1,1,1,0.9428447,0.9054548,1,1,0.5880156,1
0.8664812,1,1,1,0.9345435,0.8847226,1,1,0.5975598,1
0.8871381,1,1,1,0.9262499,0.8641837,1,1,0.6072195,1
1,1,1,1,1,0.8438963,1,1,0.6169769,0
1,1,1,1,1,0.8327398,1,1,0.6306894,0
1,1,1,1,1,0.8263519,1,1,0.6442857,0
1,1,1,1,1,0.8197917,1,1,0.6577818,0
1,1,1,1,1,0.8130485,1,1,0.6711408,0
1,1,1,1,1,0.8061209,1,1,0.6843286,0
1,1,1,1,1,0.7990049,1,1,0.69731,0
1,1,1,1,1,0.7916986,1,1,0.7100561,1
1,1,1,1,1,0.7842015,1,1,0.722535,1
1,1,1,1,1,0.7765141,1,1,0.7347213,1
1,1,1,1,1,0.768635,1,1,0.7465867,1
1,1,1,1,1,0.7605706,1,1,0.7581106,1
1,1,1,1,1,0.7523248,1,1,0.7692722,1
1,1,1,1,1,0.7439026,1,1,0.7800555,1
1,1,1,1,1,0.7353128,1,1,0.790445,1
1,1,1,1,1,0.7265586,1,1,1,2
1,1,1,1,1,0.7157885,1,1,1,2
1,1,1,1,1,0.7050096,1,1,1,2
1,1,1,1,1,0.6942233,1,1,1,2
1,1,1,1,1,0.6834344,1,1,1,2
1,1,1,1,1,0.6726438,1,1,1,2
1,1,1,1,1,0.6618593,1,1,1,2
1,1,1,1,1,0.6510811,1,1,1,2
1,1,1,1,1,0.6403164,1,1,1,2
1,1,1,1,1,0.6295651,1,1,1,2
1,1,1,1,1,0.6188303,1,1,1,2
1,1,1,1,1,0.6081148,1,1,1,2
1,1,1,1,1,0.5974211,1,1,1,2
1,1,1,1,1,0.5867513,1,1,1,2
1,1,1,1,1,0.5761076,1,1,1,2
1,1,1,1,0.615686,0.5654913,1,1,1,2
1,1,1,1,0.6003582,0.5531672,1,1,1,2
1,1,1,1,0.5853224,0.5410097,1,1,1,2
1,1,1,1,0.5705814,0.5290214,1,1,1,2
1,1,1,1,0.5561317,0.5171992,1,1,1,2
1,1,1,1,0.5419702,0.5055412,1,1,1,2
1,1,1,1,0.5280915,0.494044,1,1,1,2
1,1,1,1,0.5144883,0.4827026,1,1,1,2
1,1,1,1,0.501148,0.4715077,1,1,1,2
1,1,1,1,0.4880637,0.4769705,1,1,1,2
1,1,1,1,0.4752524,0.4882783,1,1,1,2
1,1,1,0.5056294,0.4627049,0.500651,1,1,1,2
1,1,1,0.4883602,0.4489471,0.537128,1,1,1,2
1,1,1,0.4716459,0.4355261,0.5841919,1,1,1,2
1,1,1,0.4554474,0.4224182,1,1,1,1,2
1,1,1,0.4403223,0.4099399,1,1,1,1,2
1,1,1,0.4256436,0.3977273,1,1,1,1,2
1,1,1,0.4113819,0.3857609,1,1,1,1,2
1,1,1,0.3975111,0.3740243,1,1,1,1,2
1,1,1,0.3840021,0.3624979,1,1,1,1,2
1,1,1,0.3708268,0.365222,1,1,1,1,2
1,1,1,0.3579789,0.3835486,1,1,1,1,2
1,1,0.3975356,0.3454387,0.4042419,1,1,1,1,2
1,1,0.3798117,0.3323674,0.4456206,1,1,1,1,2
1,1,0.3627121,0.3195964,1,1,1,1,1,2
1,1,0.3461985,0.30711,1,1,1,1,1,2
1,1,0.3302357,0.2948936,1,1,1,1,1,2
1,1,0.3147842,0.2829271,1,1,1,1,0.7111361,2
1,1,0.301575,0.2788086,1,1,1,1,0.7093154,2
1,1,0.2885964,0.2878786,1,1,1,1,1,2
1,1,0.2741975,0.3139351,1,1,1,1,0.7032248,2
1,1,0.2618846,0.3246668,1,1,1,1,1,2
1,1,0.2482812,0.3581436,1,1,1,1,0.6979343,2
1,1,0.2364772,0.370531,1,1,1,1,1,2
1,1,0.223534,1,1,1,1,1,0.6932644,1
1,0.296366,0.2124925,1,1,1,1,1,1,2
1,0.2745084,0.1997113,1,1,1,1,1,1,2
1,0.2537777,0.1872546,1,1,1,1,1,0.6853721,2
1,0.2340759,0.1933484,1,1,1,1,1,0.6817606,2
1,0.2153234,0.2078315,1,1,1,1,1,0.6782648,2
1,0.1975028,0.2247139,1,1,1,1,1,0.6749095,2
1,0.1806422,0.2438155,1,1,1,1,1,0.6717492,2
1,0.1646179,0.2653511,1,1,1,1,1,0.668749,2
1,0.1493204,0.289565,1,1,1,1,1,0.6658745,2
0.2387073,0.1346591,1,1,1,1,1,1,0.6630962,2
0.207547,0.1284402,1,1,1,1,1,1,0.6601565,2
0.1790108,0.1359221,1,1,1,1,1,1,0.6573077,2
0.1527835,0.1442501,1,1,1,1,1,1,0.6545473,2
0.1285932,0.1535103,1,1,1,1,1,1,0.651872,2
0.106209,0.1637961,1,1,1,1,1,1,0.6492811,2
0.1103404,0.1752213,1,1,1,1,1,1,0.6467714,2
0.1159247,0.1879148,1,1,1,1,1,1,0.6443409,2
0.1219652,0.2020272,1,1,1,1,1,1,0.6419879,2
0.1284879,1,1,1,1,1,1,1,0.6397107,2
0.1347418,1,1,1,1,1,1,1,0.6369838,2
0.1412538,1,1,1,1,1,1,1,0.6341923,2
0.1480152,1,1,1,1,1,1,1,0.6313257,2
0.1550163,1,1,1,1,1,1,1,0.6283739,2
1,1,1,1,1,1,1,1,0.9960979,1
1,1,1,1,1,1,1,1,0.9243708,1
1,1,1,1,1,1,1,1,0.9251674,1
1,1,1,1,1,1,1,1,0.9259966,1
1,1,1,1,1,1,1,1,0.9268582,1
1,1,1,1,1,1,1,1,0.9277499,1
1,1,1,1,1,1,1,1,0.9286712,1
1,1,1,1,1,1,1,1,0.9296216,1
1,1,1,1,1,1,1,1,0.9305987,1
1,1,1,1,1,1,1,1,0.9316038,1
1,1,1,1,1,1,1,1,0.9326347,1
1,1,1,1,1,1,1,1,0.9336893,1
1,1,1,1,1,1,1,1,0.9347684,1
1,1,1,1,1,1,1,1,0.9358702,1
1,1,1,1,1,1,1,1,0.9369938,1
1,1,1,1,1,1,1,1,0.9381374,1
1,1,1,1,1,1,1,1,0.9393002,1
1,1,1,1,1,1,1,1,0.9404818,1
1,1,1,1,1,1,1,1,0.9416816,1
1,1,1,1,1,1,1,1,0.9428976,1
1,1,1,1,1,1,1,1,0.9441292,1
1,1,1,1,1,1,1,1,0.945376,1
1,1,1,1,1,1,1,1,1,1
1,1,1,1,1,1,1,1,1,1
1,1,1,1,1,1,1,1,1,1
1,1,1,1,1,1,1,1,1,1
1,1,1,1,1,1,1,1,1,1
1,1,1,1,1,1,1,1,1,1
1,1,1,1,1,1,1,1,1,1
1,1,1,1,1,1,1,1,1,1
1,1,1,1,1,1,1,1,1,1
1,0.9948367,1,1,1,1,1,1,1,1
1,0.9779444,1,1,1,1,1,1,1,1
1,0.9603336,1,1,1,1,1,1,1,1
1,0.9420182,1,1,1,1,1,1,1,1
1,0.9230202,1,1,1,1,1,1,1,1
1,0.9033648,1,1,1,1,1,1,1,1
1,0.8830949,1,1,1,1,1,1,1,1
1,0.8622524,1,1,1,1,1,1,1,2
1,0.8408911,1,1,1,1,1,1,1,2
1,0.8190765,1,1,1,1,1,1,1,2
1,0.8001815,1,1,1,1,1,1,1,2
1,0.8041398,1,1,1,1,1,1,1,2
1,0.8081497,1,1,1,1,1,1,1,2
1,0.8122064,1,1,1,1,1,1,1,2
1,0.816305,1,1,1,1,1,1,1,2
1,0.8204389,1,1,1,1,1,1,1,2
1,0.8246053,1,1,1,1,1,1,1,2
1,0.8287975,1,1,1,1,1,1,1,2
1,0.8330129,1,1,1,1,1,1,1,2
1,0.8372449,1,1,1,1,1,1,1,2
1,0.8414912,1,1,1,1,1,1,1,2
1,0.8457452,1,1,1,1,1,1,1,2
1,0.8500048,1,1,1,1,1,1,1,2
1,0.8542636,1,1,1,1,1,1,1,2
1,0.8585173,1,1,1,1,1,1,1,2
1,0.8627639,1,1,1,1,1,1,1,2
1,0.8669975,1,1,1,1,1,1,1,1
1,0.8712164,1,1,1,1,1,1,1,1
0.97798,0.8754144,1,1,1,1,1,1,1,2
0.9344782,0.8803452,1,1,1,1,1,1,1,2
0.8882301,0.8867787,1,1,1,1,1,1,1,2
0.8398862,1,1,1,1,1,1,1,1,2
0.7968455,1,1,1,1,1,1,1,1,2
0.7519617,1,1,1,1,1,1,1,1,2
0.7058488,1,1,1,1,1,1,1,1,2
0.6876444,1,1,1,1,1,1,1,1,2
0.692523,1,1,1,1,1,1,1,1,2
0.6976067,1,1,1,1,1,1,1,1,2
0.7028874,1,1,1,1,1,1,1,1,2
0.7083579,1,1,1,1,1,1,1,1,2
0.7140092,1,1,1,1,1,1,1,1,2
0.7198308,1,1,1,1,1,1,1,1,2
0.7258151,1,1,1,1,1,1,1,1,2
0.7319527,1,1,1,1,1,1,1,1,2
0.7382339,1,1,1,1,1,1,1,1,2
0.7446488,1,1,1,1,1,1,1,1,2
0.7511879,1,1,1,1,1,1,1,1,2
0.7578408,1,1,1,1,1,1,1,1,2
0.7645977,1,1,1,1,1,1,1,1,2
0.7714501,1,1,1,1,1,1,1,1,2
0.7783859,1,1,1,1,1,1,1,1,2
0.7853948,1,1,1,1,1,1,1,1,2
0.7924669,1,1,1,1,1,1,1,1,2
1,1,1,1,1,1,1,1,1,1
1,1,1,1,1,1,1,1,1,1
1,1,1,1,1,1,1,1,1,1
1,1,1,1,1,1,1,1,1,1
1,1,1,1,1,1,1,1,1,1
1,1,1,1,1,1,1,1,1,1
1,1,1,1,1,1,1,1,1,1
1,1,1,1,1,1,1,1,1,1
1,1,1,1,1,1,1,1,1,1
1,1,1,1,1,1,1,1,1,1
1,1,1,1,1,1,1,1,1,1
1,1,1,1,1,1,1,1,1,1
1,1,1,1,1,1,1,1,1,1
1,1,1,1,1,1,1,1,1,1
1,1,1,1,1,1,1,1,1,1
1,1,1,1,1,1,1,1,1,1
1,1,1,1,1,1,1,1,1,1
1,1,1,1,1,1,1,1,1,1
1,1,1,1,1,1,1,1,1,1
1,1,1,1,1,1,1,1,1,1
1,1,1,1,1,1,1,1,1,1
1,1,1,1,1,1,1,1,1,1
1,1,1,1,1,1,1,1,1,1
1,1,1,1,1,1,1,1,1,1
1,1,1,1,1,1,1,1,1,1
1,1,1,1,1,1,1,1,1,1
1,1,1,1,1,1,1,1,1,1
1,1,1,1,1,1,1,1,1,1
1,1,1,1,1,1,1,1,1,1
1,1,1,1,1,1,1,1,1,1
1,1,1,1,1,1,1,1,1,1
1,1,1,1,1,1,1,1,1,1
1,1,1,1,1,1,1,1,1,1
1,1,1,1,1,1,1,1,1,1
1,1,1,1,1,1,1,1,0.9994593,1
1,1,1,1,1,1,1,1,0.996516,1
1,1,1,1,1,1,1,1,0.99357,1
1,1,1,1,1,1,1,1,0.9906225,1
1,1,1,1,1,1,1,1,0.9876755,1
1,1,1,1,1,1,1,1,0.9847289,1
1,1,1,1,1,1,1,1,0.9817846,1
1,1,1,1,1,1,1,1,1,1
1,1,1,1,1,1,1,1,1,1
1,1,1,1,1,1,1,1,1,1
1,1,1,1,1,1,1,1,1,1
1,1,1,1,1,1,1,1,1,1
1,1,1,1,1,1,1,1,1,1
1,1,1,1,1,1,1,1,1,1
1,1,1,1,1,1,1,1,1,1
1,1,1,1,1,1,1,1,1,1
1,1,1,1,1,1,1,1,1,1
1,1,1,1,1,1,1,1,1,1
1,1,1,1,1,1,1,1,1,1
1,1,1,1,1,1,1,1,1,1
1,1,1,1,1,1,1,1,1,1
1,1,1,1,1,1,1,1,1,1
1,1,1,1,1,1,1,1,1,1
1,1,1,1,1,1,1,1,1,1
1,1,1,1,1,1,1,1,1,1
1,1,1,1,1,1,1,1,1,1
1,1,1,1,1,1,1,1,1,1
1,1,1,1,1,1,1,1,1,1
1,1,1,1,1,1,1,1,1,1
1,1,1,1,1,1,1,1,1,1
1,1,1,1,1,1,1,1,1,1
1,1,1,1,1,1,1,1,1,1
1,1,1,1,1,1,1,1,1,1
1,1,1,1,1,1,1,1,1,1
1,1,1,1,1,1,1,1,1,1
1,1,1,1,1,1,1,1,1,1
1,1,1,1,1,1,1,1,1,1
1,1,1,1,1,1,1,1,1,1
1,1,1,1,1,1,1,1,1,1
1,1,1,1,1,1,1,1,1,1
1,1,1,1,1,1,1,1,1,1
1,1,1,1,1,1,1,1,1,1
1,1,1,1,1,1,1,1,1,1
1,1,1,1,1,1,1,1,1,1
1,1,1,1,1,1,1,1,1,1
1,1,1,1,1,1,1,1,1,1
1,1,1,1,1,1,1,1,1,1
1,1,1,1,1,1,1,1,1,1
1,1,1,1,1,1,1,1,1,1
1,1,1,1,1,1,1,1,1,1
1,1,1,1,1,1,1,1,1,1
1,1,1,1,1,1,1,1,1,1
1,1,1,1,1,1,1,1,1,1
1,1,1,1,1,1,1,1,1,1
1,1,1,1,1,1,1,1,1,1
1,1,1,1,1,1,1,1,1,1
1,1,1,1,1,1,1,1,1,1
1,1,1,1,1,1,1,1,1,1
1,1,1,1,1,1,1,1,1,1
1,1,1,1,1,1,1,1,1,1
1,1,1,1,1,1,1,1,1,1
1,1,1,1,1,1,1,1,1,1
1,1,1,1,1,1,1,1,1,1
1,1,1,1,1,1,1,1,1,1
1,1,1,1,1,1,1,1,1,1
1,1,1,1,1,1,1,1,1,1
1,1,1,1,1,1,1,1,1,1
1,1,0.9920681,1,1,1,1,1,1,1
1,1,0.9823989,1,1,1,1,1,1,1
1,1,0.9727251,1,1,1,1,1,1,1
1,1,0.9630439,1,1,1,1,1,1,1
1,1,0.9533555,1,1,1,1,1,1,1
1,1,0.9436603,1,1,1,1,1,1,1
1,1,0.9339584,1,1,1,1,1,1,1
1,1,0.9242536,1,1,1,1,1,1,1
1,1,0.9145428,1,1,1,1,1,1,1
1,1,0.9048294,1,1,1,1,1,1,1
1,1,0.895111,1,1,1,1,1,1,1
1,1,0.8853909,1,1,1,1,1,1,1
1,1,0.8756663,1,1,1,1,1,1,1
1,1,0.8659407,1,1,1,1,1,1,1
1,1,0.8562144,1,1,1,1,1,1,1
1,1,0.8464881,1,1,1,1,1,1,1
1,1,0.836762,1,1,1,1,1,1,1
1,1,0.8270332,1,1,1,1,1,1,1
1,1,0.8173054,1,1,1,1,1,1,1
1,1,0.8075792,1,1,1,1,1,1,1
1,1,0.7978545,1,1,1,1,1,1,1
1,1,0.7881321,1,1,1,1,1,1,1
1,1,0.7784151,1,1,1,1,1,1,1
1,1,0.768701,1,1,1,1,1,1,1
1,1,0.75899,1,1,1,1,1,1,1
1,1,0.7492827,1,1,1,1,1,1,1
1,1,0.7395824,1,1,1,1,1,1,1
1,1,0.7298861,1,1,1,1,1,1,1
1,1,0.7201944,1,1,1,1,1,1,1
1,1,0.7105106,1,1,1,1,1,1,1
1,1,0.7008318,1,1,1,1,1,1,1
1,1,0.6911615,1,1,1,1,1,1,1
1,1,0.6814967,1,1,1,1,1,1,1
1,1,0.6718409,1,1,1,1,1,1,1
1,1,0.6621912,0.9910299,1,1,1,1,1,1
1,1,0.6525547,0.9816774,1,1,1,1,1,1
1,1,0.6429317,0.9723233,1,1,1,1,1,1
1,1,0.6333188,0.9629644,1,1,1,1,1,1
1,1,0.623719,0.953603,0.9961019,1,1,1,1,1
1,1,0.6141324,0.9442282,0.9865465,1,1,1,1,1
1,0.7006611,0.6045632,0.934828,0.9769285,1,1,1,1,2
1,0.6866716,0.5946547,0.9264069,1,1,1,1,1,2
1,0.6727267,0.5848008,0.9181035,1,1,1,1,1,2
1,0.6589685,0.5750219,0.9098648,1,1,1,1,1,2
1,0.645402,0.5653173,0.9016857,1,1,1,1,1,2
1,0.6320305,0.5556861,0.8935607,1,1,1,1,0.930725,2
1,0.6198045,0.6018793,0.8849431,1,1,1,1,0.9275279,2
1,0.6077587,0.7204198,0.8763015,1,1,1,1,0.9242777,1
1,0.5959288,0.8493811,0.8676021,1,1,1,1,0.9209569,1
1,0.5842961,0.8399647,0.8588457,1,1,1,1,0.917568,1
1,0.5727537,0.8305786,0.8500857,1,1,1,1,0.9141461,1
1,0.561305,0.821225,0.8413226,1,1,1,1,0.9106892,1
1,0.5499498,0.8119028,0.832554,1,1,1,1,0.9071968,1
1,0.538684,0.8026079,0.8237743,1,1,1,1,0.9036666,1
1,0.5275066,0.7933394,0.8149816,1,1,1,1,0.9000982,1
1,0.5164163,0.7840961,0.8061735,1,1,1,1,0.8964909,1
1,0.5054115,0.7748767,0.7973484,1,1,1,1,0.8928431,1
1,0.4944905,0.7656802,0.7885045,1,1,1,1,0.8891557,1
1,0.4836512,0.7565053,0.7796406,1,1,1,1,0.8854273,1
1,0.4728914,0.7473511,0.7707552,1,1,1,1,0.8816574,1
1,0.4622054,0.7382132,0.7618443,1,1,1,1,0.8778462,1
1,0.4515906,0.7290908,0.7529072,1,1,1,1,0.8739926,1
1,0.4410446,0.7199828,0.7439432,1,1,1,1,0.8700981,1
1,0.4305646,0.7108884,0.7349523,1,1,1,1,0.8661636,1
1,0.4201477,0.7018068,0.7259341,1,1,1,1,0.8621898,1
0.5784096,0.4097879,0.6927341,0.7168859,1,1,1,1,0.8581758,2
0.5544041,0.3970755,0.6837913,0.710513,1,1,1,1,0.8561234,2
0.5314811,0.3847065,0.675068,0.704309,1,1,1,1,0.8541106,2
0.5096225,0.3726819,0.6665571,0.6982533,1,1,1,1,0.8521169,2
0.4887891,0.3609918,0.6582432,1,1,1,1,1,0.8501238,2
0.4670226,0.3831072,0.6503308,1,1,1,1,1,0.8489496,2
0.4466651,0.4173244,0.6426667,1,1,1,1,1,0.8477275,2
0.4276333,0.4545156,0.6352016,1,1,1,1,1,0.8463861,2
0.40979,0.4947743,0.6279007,1,1,1,1,1,0.8448867,2
0.3930045,0.5381559,0.6207258,1,1,1,1,1,0.8431954,2
0.3771668,0.5846869,0.6136484,1,1,1,1,1,0.8412797,2
0.3621713,0.6198128,0.6066369,1,1,1,1,1,0.8391124,2
0.347881,0.6093594,0.5996838,1,1,1,1,1,0.8367198,2
0.3340943,0.5991773,0.5928305,1,1,1,1,1,0.8342398,2
0.3207876,0.5892569,0.5860659,1,1,1,1,1,0.8316557,2
0.3132143,0.5795875,0.5793782,1,1,1,1,1,0.8289507,2
0.3280216,0.570171,0.5727355,1,1,1,1,1,0.8260598,2
0.3429419,0.5610473,1,1,1,1,1,1,0.822773,2
0.3601072,0.5517584,1,1,1,1,1,1,0.8206334,2
0.3776422,0.5427743,1,1,1,1,1,1,0.8181552,2
0.3954884,0.5340618,1,1,1,1,1,1,0.8153189,2
0.4135767,0.5255914,1,1,1,1,1,1,0.8121117,2
0.4318396,0.5173337,1,1,1,1,1,1,0.8085214,2
0.4502031,0.509262,1,1,1,1,1,1,0.8045422,2
0.4685938,0.5013521,1,1,1,1,1,1,0.8001698,2
0.4869371,0.4935853,1,1,1,1,1,1,0.7954032,2
0.5051576,0.4859422,1,1,1,1,1,1,0.7902456,2
0.5231811,0.4784079,1,1,1,1,1,1,0.7847031,2
0.540935,0.4709633,1,1,1,1,1,1,0.7787851,1
0.5359526,0.463597,1,1,1,1,1,1,0.7725021,1
0.5265151,0.4562813,1,1,1,1,1,1,0.7660732,1
0.5171992,0.4490103,1,1,1,1,1,1,0.7595385,1
0.5079989,0.4417799,1,1,1,1,1,1,0.7528953,1
0.4989082,0.4345861,1,1,1,1,1,1,0.7461441,1
0.4899279,0.4274308,1,1,1,1,1,1,0.739283,1
0.4810518,0.4203101,1,1,1,1,1,1,0.7323115,1
0.4722769,0.4132228,1,1,1,1,1,1,0.7252302,1
0.4635968,0.406165,1,1,1,1,1,1,0.7180399,1
0.4550087,0.3991359,1,1,1,1,1,1,0.7107398,1
0.4465094,0.3921346,1,1,1,1,1,1,0.7033315,1
0.4380926,0.4056682,1,1,1,1,1,1,0.6958168,1
0.4297681,0.5354615,1,1,1,1,1,1,0.688175,1
0.4215931,0.6682869,1,1,1,1,1,1,0.6802867,1
0.4135556,1,1,1,1,1,1,1,0.6721693,1
0.4057432,1,1,1,1,1,1,1,0.6636403,1
0.3979591,1,1,1,1,1,1,1,0.6550534,1
0.3902052,1,1,1,1,1,1,1,0.6464106,1
0.3824763,1,1,1,1,1,1,1,0.6377165,1
0.3747671,1,1,1,1,1,1,1,0.628975,1
0.3670758,1,1,1,1,1,1,1,0.620189,1
0.3594006,1,1,1,1,1,1,1,0.6246063,1
0.3516522,1,1,1,1,1,1,1,0.6384534,1
0.3437751,1,1,1,1,1,1,1,0.6516209,1
0.3357907,1,1,1,1,1,1,1,0.6640897,1
0.3277173,1,1,1,1,1,1,1,0.6758558,1
0.3195729,1,1,1,1,1,1,1,0.6869246,1
0.311379,1,1,1,1,1,1,1,0.697302,1
0.3170689,1,1,1,1,1,1,1,0.7070069,1
0.3345258,1,1,1,1,1,1,1,0.7163838,1
0.3521894,1,1,1,1,1,1,1,0.7257133,1
0.370052,1,1,1,1,1,1,1,0.735001,1
0.3881057,1,1,1,1,1,1,1,0.7442522,1
0.4063489,1,1,1,1,1,1,1,0.7534715,1
0.4247731,1,1,1,1,1,1,1,0.7626632,1
0.4433695,1,1,1,1,1,1,1,0.7718372,1
0.4621325,1,1,1,1,1,1,1,0.7809966,1
0.4810569,1,1,1,1,1,1,1,0.7901441,1
0.5001367,1,1,1,1,1,1,1,0.7992833,1
0.5193629,1,1,1,1,1,1,1,0.8084167,1
0.5387294,1,1,1,1,1,1,1,0.8175452,1
0.5582269,1,1,1,1,1,1,1,0.8266777,1
0.5778496,1,1,1,1,1,1,1,0.835815,1
0.5975919,1,1,1,1,1,1,1,1,2
0.6244877,1,1,1,1,1,1,1,1,2
0.9159046,1,1,1,1,1,1,1,1,1
0.9369546,1,1,1,1,1,1,1,1,1
0.9573782,1,1,1,1,1,1,1,1,1
0.9771467,1,1,1,1,1,1,1,1,1
0.9962346,1,1,1,1,1,1,1,1,1
1,1,1,1,1,1,1,1,1,1
1,1,1,1,1,1,1,1,1,1
1,1,1,1,1,1,1,1,1,1
1,1,1,1,1,1,1,1,1,1
1,1,1,1,1,1,1,1,1,1
1,1,1,1,1,1,1,1,1,1
1,1,1,1,1,1,1,1,1,1
1,1,1,1,1,1,1,1,1,1
1,1,1,1,1,1,1,1,1,1
1,1,1,1,1,1,1,1,1,1
1,1,1,1,1,1,1,1,1,1
1,1,1,1,1,1,1,1,1,1
1,1,1,1,1,1,1,1,1,1
1,1,1,1,1,1,1,1,1,1
1,1,1,1,1,1,1,1,1,1
1,1,1,1,1,1,1,1,1,1
1,1,1,1,1,1,1,1,1,1
1,1,1,1,1,1,1,1,1,1
0.9997852,1,1,1,1,1,1,1,1,1
0.992716,1,1,1,1,1,1,1,1,1
0.9855898,1,1,1,1,1,1,1,1,1
0.978411,1,1,1,1,1,1,1,1,1
0.9711806,1,1,1,1,1,1,1,1,1
0.9638997,1,1,1,1,1,1,1,1,1
0.9565729,1,1,1,1,1,1,1,1,1
0.9492017,1,1,1,1,1,1,1,1,1
0.9527265,1,1,1,1,1,1,1,1,1
0.9729298,1,1,1,1,1,1,1,1,1
0.9924453,1,1,1,1,1,1,1,1,1
1,1,1,1,1,1,1,1,1,1
1,1,1,1,1,1,1,1,1,1
1,1,1,1,1,1,1,1,1,1
1,1,1,1,1,1,1,1,1,1
1,1,1,1,1,1,1,1,1,1
1,1,1,1,1,1,1,1,1,1
1,1,1,1,1,1,1,1,1,1
1,1,1,1,1,1,1,1,1,1
1,1,1,1,1,1,1,1,1,1
1,1,1,1,1,1,1,1,1,1
1,1,1,1,1,1,1,1,1,1
1,1,1,1,1,1,1,1,1,1
1,1,1,1,1,1,1,1,1,1
1,1,1,1,1,1,1,1,1,1
1,1,1,1,1,1,1,1,1,1
1,1,1,1,1,1,1,1,1,1
1,1,1,1,1,1,1,1,1,1
1,1,1,1,1,1,1,1,1,1
1,1,1,1,1,1,1,1,1,1
1,1,1,1,1,1,1,1,1,1
1,1,1,1,1,1,1,1,1,1
1,1,1,1,1,1,1,1,1,1
1,1,1,1,1,1,1,1,1,1
1,1,1,1,1,1,1,1,1,1
1,1,1,1,1,1,1,1,1,1
1,1,1,1,1,1,1,1,1,1
1,1,1,1,1,1,1,1,1,1
1,1,1,1,1,1,1,1,1,1
1,1,1,1,1,1,1,1,1,1
1,1,1,1,1,1,1,1,1,1
1,1,1,1,1,1,1,1,1,1
1,1,1,1,1,1,1,1,1,1
1,1,1,1,1,1,1,1,1,1
1,1,1,1,1,1,1,1,1,1
1,1,1,1,1,1,1,1,1,1
1,1,1,1,1,1,1,1,1,1
1,1,1,1,1,1,1,1,1,1
1,1,1,1,1,1,1,1,1,1
1,1,1,1,1,1,1,1,1,1
1,1,1,1,1,1,1,1,1,1
1,1,1,1,1,1,1,1,1,1
1,1,1,1,1,1,1,1,1,1
1,1,1,1,1,1,1,1,1,1
1,1,1,1,1,1,1,1,1,1
1,1,1,1,1,1,1,1,1,1
1,1,1,1,1,1,1,1,1,1
1,1,1,1,1,1,1,1,1,1
1,1,1,1,1,1,1,1,1,1
1,1,1,1,1,1,1,1,1,1
1,1,1,1,1,1,1,1,1,1
1,1,1,1,1,1,1,1,1,1
1,1,1,1,1,1,1,1,1,1
1,1,1,1,1,1,1,1,1,1
1,1,1,1,1,1,1,1,1,1
1,1,1,1,1,1,1,1,1,1
1,1,1,1,1,1,1,1,1,1
1,1,1,1,1,1,1,1,1,1
1,1,1,1,1,1,1,1,1,1
1,1,1,1,1,1,1,1,1,1
1,1,1,1,1,1,1,1,1,1
1,1,1,1,1,1,1,1,1,1
1,1,1,1,1,1,1,1,1,1
1,1,1,1,1,1,1,1,1,1
1,1,1,1,1,1,1,1,1,1
1,1,1,1,1,1,1,1,1,1
1,1,1,1,1,1,1,1,1,1
1,1,1,1,1,1,1,1,1,1
1,1,1,1,1,1,1,1,1,1
1,1,1,1,1,1,1,1,1,1
1,1,1,1,1,1,1,1,1,1
1,1,1,1,1,1,1,1,1,1
1,1,1,0.9960588,1,1,1,1,1,1
1,1,1,0.9842955,1,1,1,1,1,1
1,1,1,0.9728991,1,1,1,1,1,1
1,1,1,0.9618486,1,1,1,1,1,1
1,1,1,0.9511238,1,1,1,1,1,1
1,1,1,0.9407102,1,1,1,1,1,1
1,1,1,0.9305905,1,1,1,1,1,1
1,1,1,0.9207474,1,1,1,1,1,1
1,1,1,0.9111694,1,1,1,1,1,1
1,1,1,0.9018458,0.9891119,1,1,1,1,1
1,1,1,0.8931403,0.9756511,1,1,1,1,1
1,1,1,0.8851203,0.96152,1,1,1,1,0
1,1,1,0.877782,0.9467605,1,1,1,1,0
1,1,1,0.8711262,0.931424,1,1,1,1,0
1,1,1,0.8651544,0.9155666,1,1,1,1,0
1,1,0.9997037,0.8598693,0.8992388,1,1,1,1,0
1,1,0.9966882,0.85528,0.8825024,1,1,1,1,0
1,1,1,0.8514376,0.8653758,1,1,1,1,0
1,1,1,0.8482359,0.848021,1,1,1,1,0
1,1,1,0.8457375,0.830449,1,1,1,1,0
1,1,1,0.8439492,0.8127214,1,1,1,1,0
1,1,1,0.8428752,0.7948928,1,1,1,1,0
1,1,1,0.8425229,0.7770229,1,1,1,1,0
1,1,1,0.8428984,0.7591676,0.9303975,1,1,1,0
1,1,1,0.8274296,0.739686,0.9016939,1,1,1,0
1,1,1,0.8107759,0.719546,0.8720344,1,1,1,0
1,1,1,0.7936519,0.6989015,0.8417073,1,1,1,0
1,1,1,0.7761928,0.6865466,0.8110307,1,1,1,0
1,1,1,0.7586443,0.6926045,0.7805367,1,1,1,0
1,1,1,0.7413274,0.7001126,0.7508872,1,1,1,0
1,1,1,0.7243266,0.7091132,0.7222182,1,1,1,0
1,1,1,0.707781,0.7194288,0.6947772,1,1,1,0
1,1,1,0.6917424,0.7309827,0.6686262,1,1,1,0
1,1,1,0.6834196,0.7438021,0.6436626,1,1,1,0
1,1,1,0.703993,0.7237686,0.6197982,1,1,1,0
1,1,1,0.7275941,0.7044448,0.6088251,0.8070506,1,1,0
1,1,1,0.7547607,0.6857864,0.6161322,0.7676817,1,1,0
1,1,1,0.7861738,0.6677521,0.624384,0.730748,1,1,0
1,1,1,1,0.6503073,0.6336617,0.6960178,1,1,0
1,1,1,1,0.6334163,0.644059,0.663283,1,1,0
1,1,1,1,0.6170464,0.6556847,0.6323604,1,1,0
1,1,1,1,0.6011699,0.6623436,0.603093,1,1,0
1,1,1,1,0.598622,0.6423061,0.5753322,1,1,0
1,1,1,1,0.6202208,0.6229865,0.5489547,1,1,0
1,1,1,1,0.6450864,0.6043427,0.5238503,1,1,0
1,1,1,1,0.6738268,0.5863324,0.5156273,1,1,0
1,1,1,1,0.7072129,0.5689166,0.5225854,1,1,0
1,1,1,1,1,0.5520588,0.5303983,1,1,0
1,1,1,1,1,0.5357288,0.5391348,1,1,0
1,1,1,1,1,0.5198988,0.5488717,1,1,0
1,1,1,1,1,0.5273811,0.5592119,0.6885968,1,0
1,1,1,1,1,0.5490564,0.5685765,0.640494,1,0
1,1,1,1,1,0.5739323,0.5477529,0.5962201,1,0
1,1,1,1,1,0.6025928,0.5277413,0.5553246,1,0
1,1,1,1,1,1,0.5084878,0.5174196,1,0
1,1,1,1,1,1,0.4899465,0.4821796,1,0
1,1,1,1,1,1,0.4720716,0.4493193,1,0
1,1,1,1,1,1,0.4548245,0.4185977,1,0
1,1,1,1,1,1,0.4381661,0.4161703,1,0
1,1,1,1,1,1,0.426976,0.4222638,1,0
1,1,1,1,1,1,0.4445828,0.4290136,1,0
1,1,1,1,1,1,0.464454,0.4364591,1,0
1,1,1,1,1,1,0.4869259,0.4446437,1,0
1,1,1,1,1,1,0.5124114,0.453618,0.6063609,0
1,1,1,1,1,1,1,0.4634338,0.5372158,0
1,1,1,1,1,1,1,0.4467234,0.4764399,0
1,1,1,1,1,1,1,0.423766,0.4225951,0
1,1,1,1,1,1,1,0.4019344,0.3745624,0
1,1,1,1,1,1,1,0.3811432,0.3706857,0
1,1,1,1,1,1,1,0.3613195,0.3759933,0
1,1,1,1,1,1,1,0.3423931,0.381799,0
1,1,1,1,1,1,1,1,1,1
1,1,1,1,1,1,1,1,0.8030626,0
1,1,1,1,1,1,1,1,0.8048888,0
1,1,1,1,1,1,1,1,0.8068358,0
1,1,1,1,1,1,1,1,0.8089002,0
1,1,1,1,1,1,1,1,0.8110782,0
1,1,1,1,1,1,1,1,0.8133677,0
1,1,1,1,1,1,1,1,0.8157648,0
1,1,1,1,1,1,1,1,0.8182657,0
1,1,1,1,1,1,1,1,1,1
1,1,1,1,1,1,1,1,1,1
1,1,1,1,1,1,1,1,1,1
1,1,1,1,1,1,1,1,1,1
1,1,1,1,1,1,1,1,1,1
1,1,1,1,1,1,1,1,1,1
1,1,1,1,1,1,1,1,1,1
1,1,1,1,1,1,1,1,1,1
1,1,1,1,1,1,1,1,1,1
1,1,1,1,1,1,1,1,1,1
1,1,1,1,1,1,1,1,1,1
1,1,1,1,1,1,1,1,1,1
1,1,1,1,1,1,1,1,1,1
1,1,1,1,1,1,1,1,1,1
1,1,1,1,1,1,1,1,1,1
1,1,1,1,1,1,1,1,1,1
0.9932338,1,1,1,1,1,1,1,1,1
0.9486931,1,1,1,1,1,1,1,1,1
0.9485046,1,1,1,1,1,1,1,1,1
0.9483431,1,1,1,1,1,1,1,1,1
0.9482087,1,1,1,1,1,1,1,1,1
0.9481012,1,1,1,1,1,1,1,1,1
0.9480205,1,1,1,1,1,1,1,1,1
0.9479664,1,1,1,1,1,1,1,1,1
0.9479386,1,1,1,1,1,1,1,1,1
0.9479369,1,1,1,1,1,1,1,1,1
0.9479613,1,1,1,1,1,1,1,1,1
0.9480115,1,1,1,1,1,1,1,1,1
0.9480872,1,1,1,1,1,1,1,1,1
0.9481868,1,1,1,1,1,1,1,1,1
0.9483115,1,1,1,1,1,1,1,1,1
0.9484612,1,1,1,1,1,1,1,1,1
0.9486356,1,1,1,1,1,1,1,1,1
0.9488345,1,1,1,1,1,1,1,1,1
0.949056,1,1,1,1,1,1,1,1,1
0.9493015,1,1,1,1,1,1,1,1,1
0.9495693,1,1,1,1,1,1,1,1,1
0.9498606,1,1,1,1,1,1,1,1,1
0.9501735,1,1,1,1,1,1,1,1,1
0.9505078,1,1,1,1,1,1,1,1,1
0.9508651,1,1,1,1,1,1,1,1,1
0.951243,1,1,1,1,1,1,1,1,1
0.9516417,1,1,1,0.9931253,1,1,1,1,1
0.9520596,1,1,1,0.98311,0.9971353,1,1,1,1
0.9524933,1,1,1,0.9730988,0.9873165,1,1,1,1
0.9529278,1,1,1,0.9630916,0.9774801,1,1,1,1
1,1,1,1,0.9530879,0.967625,1,1,1,1
1,1,1,1,0.9430875,0.9574329,1,1,1,1
1,1,1,1,0.9330872,0.9472297,1,1,1,1
1,1,1,1,0.9230872,0.937016,1,1,1,1
1,1,1,1,0.9130875,0.9267923,1,1,1,1
1,1,1,1,0.903088,0.9165592,1,1,1,1
1,1,1,1,0.893089,0.9063175,1,1,1,1
1,1,1,1,0.8830905,0.8960679,1,1,1,1
1,1,1,1,0.8730927,0.8858109,1,1,1,1
1,1,1,1,0.8630954,0.8755473,1,1,1,1
1,1,1,1,0.853099,0.8652779,1,1,1,1
1,1,1,1,0.8431034,0.8550035,1,1,1,1
1,1,1,1,0.8331088,0.8447247,1,1,1,1
1,1,1,1,0.8231152,0.8344421,1,1,1,1
1,1,1,1,0.8131227,0.8241566,1,1,1,1
1,1,1,1,0.8031315,0.813869,1,1,1,1
1,1,1,1,0.7931415,0.8035799,1,1,1,1
1,1,1,1,0.7831558,0.7932931,1,1,1,1
1,1,1,1,0.7731714,0.7830061,1,1,1,1
1,1,1,1,0.7631884,0.7727195,1,1,1,1
1,1,1,1,0.7532067,0.7624341,1,1,1,1
1,1,1,1,0.7432263,0.7521504,1,1,1,1
1,1,1,1,0.7332473,0.7418689,1,1,1,1
1,1,1,1,0.7232696,0.7315902,1,1,1,1
1,1,1,1,1,0.7213148,1,1,1,1
1,1,1,1,1,0.7110129,1,1,1,1
1,1,1,1,1,0.7007141,1,1,1,1
1,1,1,1,1,0.6904219,1,1,1,1
1,1,1,1,1,0.6801337,1,1,1,1
1,1,1,1,1,0.66985,0.7210795,1,1,0
1,1,1,1,1,0.659155,0.7082498,1,1,0
1,1,1,1,1,0.6485012,0.695493,1,1,0
1,1,1,1,1,0.6378903,0.6828147,1,1,0
1,1,1,1,1,0.6273237,0.6702197,1,1,0
1,1,1,1,1,0.616802,0.657712,1,1,0
1,1,1,1,1,0.6063287,0.6452981,1,1,0
1,1,1,1,1,0.5959038,0.6329805,1,1,0
1,1,1,1,1,0.585527,0.620761,1,1,0
1,1,1,1,1,0.5751974,0.6086407,1,1,0
1,1,1,1,1,0.5649141,0.5966201,1,1,0
1,1,1,1,1,0.5546758,0.584699,1,1,0
1,1,1,1,1,0.544484,0.5728799,1,1,0
1,1,1,1,1,0.5343338,0.5611588,1,1,0
1,1,1,1,1,0.5242265,0.5495371,1,1,0
1,1,1,1,1,0.51416,0.5380131,1,1,0
1,1,1,1,1,0.5041322,0.5265845,1,1,0
1,1,1,1,1,0.4941409,0.515249,1,1,0
1,1,1,1,1,0.4841838,0.5040037,1,1,0
1,1,1,1,1,0.4742586,0.492846,1,1,0
1,1,1,1,1,0.6847516,0.4817759,1,1,0
1,1,1,1,1,1,0.4707965,1,1,0
1,1,1,1,1,1,0.459891,1,1,0
1,1,1,1,1,1,0.4490475,1,1,0
1,1,1,1,1,1,0.4382621,1,1,0
1,1,1,1,1,1,0.427537,1,1,0
1,1,1,1,1,1,0.416868,1,1,0
1,1,1,1,1,1,0.4062571,0.5030307,1,0
1,1,1,1,1,1,0.3946093,0.4836877,1,0
1,1,1,1,1,1,0.383244,0.4651504,1,0
1,1,1,1,1,1,0.3721496,0.4473829,1,0
1,1,1,1,1,1,0.3613134,0.4303468,1,0
1,1,1,1,1,1,0.3507183,0.4139984,1,0
1,1,1,1,1,1,0.3403502,0.3982976,1,0
1,1,1,1,1,1,0.3610834,0.383201,1,0
1,1,1,1,1,1,0.4644573,0.368699,1,0
1,1,1,1,1,1,0.6082674,0.3547926,1,0
1,1,1,1,1,1,1,0.3414196,1,0
1,1,1,1,1,1,1,0.3285999,1,0
1,1,1,1,1,1,1,0.3160808,1,0
1,1,1,1,1,1,1,0.3038511,0.4348854,0
1,1,1,1,1,1,1,0.2908278,0.4098652,0
1,1,0.989383,1,1,1,1,0.2782825,0.3863766,0
1,1,0.9674174,1,1,1,1,0.2661899,0.3642901,0
1,1,0.9463366,1,1,1,1,0.2545266,0.3434907,0
1,1,0.9260812,1,1,1,1,0.2432741,0.3238801,0
1,1,0.9065981,1,1,1,1,0.2723804,0.305362,0
1,1,0.8991922,1,1,1,1,0.3076123,0.2878584,0
1,1,0.9137092,1,1,1,1,0.3485339,0.2712988,0
1,1,0.9298953,1,1,1,1,0.3964778,0.2556122,0
1,1,0.9479559,1,1,1,1,0.4532222,0.2407421,0
1,1,0.9681174,1,1,1,1,1,0.2266295,0
1,1,0.9863431,1,1,1,1,1,0.2135643,0
1,1,1,0.9390701,1,1,1,1,0.2213126,0
1,1,1,0.9171193,1,1,1,1,0.238046,0
1,1,1,0.8970507,1,1,1,1,0.2553022,0
1,1,1,0.8785928,1,1,1,1,0.2730017,0
1,1,1,0.8615224,1,1,1,1,0.2910584,0
1,1,1,0.8456516,1,1,1,1,0.3093861,0
1,1,1,0.8308282,1,1,1,1,0.3278896,0
1,1,1,0.8169203,1,1,1,1,0.3464807,0
1,1,1,0.8038191,1,1,1,1,0.365068,0
1,1,1,0.7914313,1,1,1,1,0.3835639,0
1,1,1,0.779678,1,1,1,1,0.4018841,0
1,1,1,0.768491,1,1,1,1,0.4199511,1
1,1,1,0.7578136,1,1,1,1,1,2
1,1,1,0.7535103,1,1,1,1,1,2
1,1,1,0.749336,1,1,1,1,1,2
1,1,1,0.7452907,1,1,1,1,1,2
1,1,1,0.7413744,1,1,1,1,1,2
1,1,1,0.7375873,1,1,1,1,1,2
1,1,0.8246344,0.7339276,1,1,1,1,1,2
1,1,0.7747502,0.7343127,1,1,1,1,1,2
1,1,0.7254445,0.7361006,1,1,1,1,1,2
1,1,0.6774071,1,1,1,1,1,1,2
1,1,0.6422494,1,1,1,1,1,1,2
1,1,0.6187953,1,1,1,1,1,1,2
1,1,0.6164086,1,1,1,1,1,1,2
1,1,0.6142366,1,1,1,1,1,1,2
1,1,0.6122794,1,1,1,1,1,1,2
1,1,0.6105367,1,1,1,1,1,1,2
1,1,0.6090068,1,1,1,1,1,1,2
1,1,0.6076893,1,1,1,1,1,1,2
1,1,0.6065825,1,1,1,1,1,1,2
1,1,0.6056843,1,1,1,1,1,1,2
1,1,0.6049929,1,1,1,1,1,1,2
1,1,0.6045079,1,1,1,1,1,1,2
1,1,0.6042257,1,1,1,1,1,1,2
1,1,1,1,1,1,1,1,1,1
1,1,1,1,1,1,1,1,1,1
1,1,1,1,1,1,1,1,1,1
1,1,1,1,1,1,1,1,1,1
1,1,1,1,1,1,1,1,1,1
1,0.6580461,1,1,1,1,1,1,1,2
1,0.571258,1,1,1,1,1,1,1,2
1,0.4874559,1,1,1,1,1,1,1,2
1,0.4643994,1,1,1,1,1,1,1,2
1,0.4626249,1,1,1,1,1,1,1,2
1,0.4612345,1,1,1,1,1,1,1,2
1,0.4602323,1,1,1,1,1,1,1,2
1,0.4596246,1,1,1,1,1,1,1,2
1,0.4594209,1,1,1,1,1,1,1,2
1,0.4596301,1,1,1,1,1,1,1,2
1,0.4602607,1,1,1,1,1,1,1,2
1,0.4613131,1,1,1,1,1,1,1,2
1,0.4627582,1,1,1,1,1,1,1,2
0.4174744,1,1,1,1,1,1,1,1,2
0.4155164,1,1,1,1,1,1,1,1,2
0.4139441,1,1,1,1,1,1,1,1,2
0.4127547,1,1,1,1,1,1,1,1,2
0.4119512,1,1,1,1,1,1,1,1,2
0.4115331,1,1,1,1,1,1,1,1,2
0.4115034,1,1,1,1,1,1,1,1,2
0.4118665,1,1,1,1,1,1,1,1,2
0.4126263,1,1,1,1,1,1,1,1,2
0.4137874,1,1,1,1,1,1,1,1,2
1,1,1,1,1,1,1,1,1,1
1,1,1,1,1,1,1,1,1,1
1,1,1,1,1,1,1,1,1,1
1,1,1,1,1,1,1,1,1,1
1,1,1,1,1,1,1,1,1,1
1,1,1,1,1,1,1,1,1,1
1,1,1,1,1,1,1,1,1,1
1,1,1,1,1,1,1,1,1,1
1,1,1,1,1,1,1,1,1,1
1,1,1,1,1,1,1,1,1,1
1,1,1,1,1,1,1,1,1,1
1,1,1,1,1,1,1,1,1,1
1,1,1,1,1,1,1,1,1,1
1,1,1,1,1,1,1,1,1,1
1,1,1,1,1,1,1,1,1,1
1,1,1,1,1,1,1,1,1,1
1,1,1,1,1,1,1,1,1,1
1,1,1,1,1,1,1,1,1,1
1,1,1,1,1,1,1,1,1,1
1,1,1,1,1,1,1,1,1,1
1,1,1,1,1,1,1,1,1,1
1,1,1,1,1,1,1,1,1,1
1,1,1,1,1,1,1,1,1,1
1,1,1,1,1,1,1,1,1,1
1,1,1,1,1,1,1,1,1,1
1,1,1,1,1,1,1,1,1,1
1,1,1,1,1,1,1,1,1,1
0.9687125,1,1,1,1,1,1,1,1,1
0.9193795,1,1,1,1,1,1,1,1,1
0.8672651,1,1,1,1,1,1,1,1,2
0.8681413,1,1,1,1,1,1,1,1,2
0.8690909,1,1,1,1,1,1,1,1,2
0.8701134,1,1,1,1,1,1,1,1,2
0.8712074,1,1,1,1,1,1,1,1,2
0.8723704,1,1,1,1,1,1,1,1,2
0.8736013,1,1,1,1,1,1,1,1,2
0.8748978,1,1,1,1,1,1,1,1,2
0.8762583,1,1,1,1,1,1,1,1,2
0.8776819,1,1,1,1,1,1,1,1,2
0.8791658,1,1,1,1,1,1,1,1,2
0.8807087,1,1,1,1,1,1,1,1,2
0.8823096,1,1,1,1,1,1,1,1,2
0.8839656,1,1,1,1,1,1,1,1,2
0.8856738,1,1,1,1,1,1,1,1,2
0.8874329,1,1,1,1,1,1,1,1,2
1,1,1,1,1,1,1,1,1,1
1,1,1,1,1,1,1,1,1,1
1,1,1,1,1,1,1,1,1,1
1,1,1,1,1,1,1,1,1,1
1,1,1,1,1,1,1,1,1,1
1,0.9971502,1,1,1,1,1,1,1,1
1,0.9823815,1,1,1,1,1,1,1,1
1,0.9671438,1,1,1,1,1,1,1,1
1,0.9514513,1,1,1,1,1,1,1,1
1,0.9353131,1,1,1,1,1,1,1,1
1,0.9187466,1,1,1,1,1,1,1,1
1,0.9017771,1,1,1,1,1,1,1,1
1,0.884425,1,1,1,1,1,1,1,1
1,0.8667235,1,1,1,1,1,1,1,1
1,0.8487045,1,1,1,1,1,1,1,2
1,0.8304024,1,1,1,1,1,1,1,2
1,0.8323879,1,1,1,1,1,1,1,2
1,0.8376849,1,1,1,1,1,1,1,2
1,0.8429689,1,1,1,1,1,1,1,2
1,0.8482372,1,1,1,1,1,1,1,2
1,0.8534829,1,1,1,1,1,1,1,2
1,0.8587012,1,1,1,1,1,1,1,1
1,0.8638879,1,1,1,1,1,1,1,1
1,0.8690359,1,1,1,1,1,1,1,1
1,0.8741435,1,1,1,1,1,1,1,1
1,0.8792067,1,1,1,1,1,1,1,1
1,0.8842191,1,1,1,1,1,1,1,1
1,0.8891793,1,1,1,1,1,1,1,1
1,0.8940815,1,1,1,1,1,1,1,1
1,0.8989245,1,1,1,1,1,1,1,1
1,0.9037048,1,1,1,1,1,1,1,1
1,0.9084173,1,1,1,1,1,1,1,1
1,0.9130611,1,1,1,1,1,1,1,1
1,0.9176337,1,1,1,1,1,1,1,1
0.9909157,0.9221319,1,1,1,1,1,1,1,1
0.9601264,0.9269224,1,1,1,1,1,1,1,1
0.927479,1,1,1,1,1,1,1,1,1
0.8969889,1,1,1,1,1,1,1,1,1
0.8646253,1,1,1,1,1,1,1,1,2
0.8305786,1,1,1,1,1,1,1,1,2
0.7951127,1,1,1,1,1,1,1,1,2
0.7585282,1,1,1,1,1,1,1,1,2
0.7211763,1,1,1,1,1,1,1,1,2
0.7014692,1,1,1,1,1,1,1,1,2
0.7076954,1,1,1,1,1,1,1,1,2
0.714093,1,1,1,1,1,1,1,1,2
0.7206523,1,1,1,1,1,1,1,1,2
0.727363,1,1,1,1,1,1,1,1,2
0.7342132,1,1,1,1,1,1,1,1,2
0.741194,1,1,1,1,1,1,1,1,2
0.7482949,1,1,1,1,1,1,1,1,2
0.7555035,1,1,1,1,1,1,1,1,2
0.7628089,1,1,1,1,1,1,1,1,2
0.7702021,1,1,1,1,1,1,1,1,2
0.7776704,1,1,1,1,1,1,1,1,2
0.7852029,1,1,1,1,1,1,1,1,2
0.7927884,1,1,1,1,1,1,1,1,2
0.8004184,1,1,1,1,1,1,1,1,2
0.8080798,1,1,1,1,1,1,1,1,2
0.8157622,1,1,1,1,1,1,1,1,2
1,1,1,1,1,1,1,1,1,1
1,1,1,1,1,1,1,1,1,1
1,1,1,1,1,1,1,1,1,1
1,1,1,1,1,1,1,1,1,1
1,1,1,1,1,1,1,1,1,1
1,1,1,1,1,1,1,1,1,1
1,1,1,1,1,1,1,1,1,1
1,1,1,1,1,1,1,1,1,1
1,1,1,1,1,1,1,1,1,1
1,1,1,1,1,1,1,1,1,1
1,1,1,1,1,1,1,1,1,1
1,1,1,1,1,1,1,1,1,1
1,1,1,1,1,1,1,1,1,1
1,1,1,1,1,1,1,1,1,1
1,1,1,1,1,1,1,1,1,1
1,1,1,1,1,1,1,1,1,1
1,1,0.9996768,1,1,1,1,1,1,1
1,1,0.9902251,1,1,1,1,1,1,1
1,1,0.9807701,0.9908864,1,1,1,1,1,1
1,1,0.9713178,0.981339,1,1,1,1,1,1
1,1,0.9618682,0.9717863,1,1,1,1,1,1
1,1,0.9524213,0.9622285,1,1,1,1,1,1
1,1,0.9429739,0.9526628,1,1,1,1,1,1
1,1,0.9335291,0.9430922,1,1,1,1,1,1
1,1,0.9240867,0.9335173,1,1,1,1,1,1
1,1,0.9146467,0.9239379,1,1,1,1,1,1
1,1,0.9052089,0.9143545,1,1,1,1,1,1
1,1,0.8957703,0.9047642,1,1,1,1,1,1
1,1,0.8863336,0.8951702,1,1,1,1,1,1
1,1,0.8768989,0.8855729,1,1,1,1,1,1
1,1,0.8674629,0.8759695,1,1,1,1,1,1
1,1,0.8580287,0.8663632,1,1,1,1,1,1
1,1,0.848596,0.8567543,1,1,1,1,1,1
1,1,0.8391618,0.8471401,1,1,1,1,1,1
1,1,0.8297289,0.8375238,1,1,1,1,1,1
1,1,0.8202942,0.8279027,1,1,1,1,1,1
1,1,0.8108606,0.8182801,1,1,1,1,1,1
1,1,0.801425,0.8086532,1,1,1,1,1,1
1,1,0.7919902,0.7990255,1,1,1,1,1,1
1,1,0.7825531,0.7893939,1,1,1,1,1,1
1,1,0.7731166,0.7797619,1,1,1,1,1,1
1,1,0.7636775,0.7701266,1,1,1,1,1,1
1,1,0.7542359,0.7604883,1,1,1,1,1,1
1,1,0.7447943,0.7508503,1,1,1,1,1,1
1,1,0.73535,0.7412098,1,1,1,1,1,1
1,1,0.7259024,0.731567,1,1,1,1,1,1
1,1,0.7164549,0.721925,1,1,1,1,1,1
1,1,0.707004,0.7122811,1,1,1,1,1,1
1,1,0.6975496,0.7026355,1,1,1,1,1,1
1,1,0.6880949,0.6929914,1,1,1,1,1,1
1,1,0.6786364,0.6833459,1,1,1,1,1,1
1,1,0.6691743,0.6736991,1,1,1,1,1,1
1,1,0.6597082,0.6640512,1,1,1,1,1,1
1,1,0.6502413,0.6544055,1,1,1,1,1,1
1,1,0.6407703,0.6447588,1,1,1,0.9854881,1,1
1,1,0.6313341,0.6350557,1,1,1,0.9561772,1,1
1,1,0.6219647,0.6252404,1,1,1,0.9243582,1,1
1,1,0.6126648,0.6153148,1,1,1,0.8902141,1,0
1,1,0.6034412,0.6052877,1,1,1,0.8540243,1,0
1,1,0.5942932,0.5951632,1,1,1,0.8161227,1,0
1,1,0.5852299,0.5849589,1,1,1,0.7769295,1,0
1,1,0.5762578,0.5746931,1,1,1,0.7613503,1,0
1,1,0.5673048,0.5644487,1,1,1,0.7611786,1,0
1,1,0.5583164,0.5542642,1,1,1,0.7610369,1,0
1,0.6576762,0.5492898,0.5441343,1,1,1,0.7609128,1,1
1,0.6458226,0.5394858,0.5344705,1,1,1,0.7578621,1,1
1,0.633898,0.5296674,0.5248151,1,1,1,0.7547466,1,1
1,0.6219153,0.5198396,0.5151702,1,1,1,0.7515697,1,1
1,0.6098838,0.5100045,0.5055349,1,1,1,0.7483331,1,1
1,0.5978123,0.5001639,0.4959083,1,1,1,0.7450417,1,1
1,0.5857095,0.4903196,0.4862897,1,1,1,0.7416987,1,1
1,0.5735832,0.4804733,0.4766784,1,1,1,0.7383073,1,1
1,0.5614411,0.4706267,0.4670736,1,1,1,0.7348722,1,1
1,0.5492901,0.4607812,0.4574745,1,1,1,0.7313964,1,1
1,0.5371368,0.4509381,0.4478807,1,1,1,0.7278824,1,1
1,0.5249909,0.441102,0.4382943,1,1,1,0.7243345,1,1
1,0.512854,0.4312707,0.4287118,1,1,1,0.7207566,1,1
1,0.5007348,0.4214483,0.4191357,1,1,1,0.7171506,1,1
1,0.4886376,0.4116356,1,1,1,1,0.7135201,1,2
1,0.4757071,0.4016758,1,1,1,1,0.7089925,1,2
1,0.4628868,0.3917513,1,1,1,1,0.7044581,1,2
1,0.450177,0.381862,1,1,1,1,0.6999205,1,2
1,0.4375812,0.3720103,1,1,1,1,0.6953837,1,2
1,0.4250948,0.3621923,1,1,1,1,0.6908488,1,2
1,0.4127165,0.3524075,1,1,1,1,0.6863171,1,2
1,0.4004484,0.342658,1,1,1,1,0.6817893,1,1
1,0.3882849,0.3329397,1,1,1,1,0.6772691,1,1
1,0.3762237,0.3232518,1,1,1,1,0.6727552,1,1
1,0.3642623,0.3135933,1,1,1,1,0.6682506,1,1
0.5394352,0.3523979,0.3039633,1,1,1,1,0.6637549,1,2
0.5079637,0.3375337,0.2939851,1,1,1,1,0.6552372,1,2
0.4786893,0.3232588,0.2842295,1,1,1,1,0.6469582,1,2
0.4514562,0.3095506,0.2746814,1,1,1,1,0.6389273,1,2
0.4261041,0.2963831,0.2653264,1,1,1,1,0.6311432,1,2
0.4024661,0.2837223,1,1,1,1,1,0.6235969,1,2
0.3804905,0.2715609,1,1,1,1,1,0.6163164,1,2
0.3596739,0.2597695,1,1,1,1,1,0.6091484,1,2
0.3399414,0.248329,1,1,1,1,1,0.6020952,1,2
0.3212251,0.2372255,1,1,1,1,1,0.595152,1,2
0.3034524,0.2264404,1,1,1,1,1,0.5883125,1,2
0.2865531,0.2159551,1,1,1,1,1,0.5815682,1,2
0.2704592,0.2057507,1,1,1,1,1,0.5749091,1,2
0.2551068,0.1958089,1,1,1,1,1,0.5683255,1,2
0.2404315,0.1861089,1,1,1,1,1,0.5618073,1,2
0.2263772,0.1997257,1,1,1,1,1,0.5553426,1,2
0.2129393,0.229043,1,1,1,1,1,0.5489387,1,2
0.2000768,0.2605411,1,1,1,1,1,0.5425913,1,2
0.1877162,0.2941782,1,1,1,1,1,0.5362821,1,2
0.1757924,0.3298631,1,1,1,1,1,0.529999,1,2
0.164256,0.3674717,1,1,1,1,1,0.5237311,1,2
0.1530562,0.406847,1,1,1,1,1,0.5174688,1,2
0.1605565,0.4477877,1,1,1,1,1,0.5112063,1,2
0.1719266,0.4889847,1,1,1,1,1,0.5049524,1,2
0.1832526,0.5296806,1,1,1,1,1,0.498702,1,1
0.194481,1,1,1,1,1,1,0.4924539,1,1
0.2045027,1,1,1,1,1,1,0.4862933,1,1
0.214342,1,1,1,1,1,1,1,0.5214794,1
0.225012,1,1,1,1,1,1,1,0.5150645,1
0.2355606,1,1,1,1,1,1,1,0.5085191,1
0.2459599,1,1,1,1,1,1,1,0.5018535,1
0.2561852,1,1,1,1,1,1,1,0.4950773,1
0.2662112,1,1,1,1,1,1,1,0.488202,1
0.2760138,1,1,1,1,1,1,1,0.48124,1
0.2855738,1,1,1,1,1,1,1,0.4742017,1
0.2948737,1,1,1,1,1,1,1,0.4670982,1
0.3038926,1,1,1,1,1,1,1,0.4599441,1
0.31262,1,1,1,1,1,1,1,0.4527488,1
0.321042,1,1,1,1,1,1,1,0.4455253,1
0.329147,1,1,1,1,1,1,1,0.4382866,0
0.3369304,1,1,1,1,1,1,1,0.4310422,0
0.3443847,1,1,1,1,1,1,1,0.4238047,0
0.3515044,1,1,1,1,1,1,1,0.4165865,0
0.3582906,1,1,1,1,1,1,1,0.4093966,0
0.3647415,1,1,1,1,1,1,1,0.4022469,0
0.3708591,1,1,1,1,1,1,1,0.3951472,0
0.376647,1,1,1,1,1,1,1,0.4097103,0
0.3825009,1,1,1,1,1,1,1,0.4420477,0
0.3887522,1,1,1,1,1,1,1,0.4740452,1
0.3954108,1,1,1,1,1,1,1,0.5053905,1
0.4024816,1,1,1,1,1,1,1,0.535781,1
0.4099711,1,1,1,1,1,1,1,0.5649716,1
0.4178785,1,1,1,1,1,1,1,1,2
1,1,1,1,1,1,1,1,1,1
1,1,1,1,1,1,1,1,1,1
1,1,1,1,1,1,1,1,1,1
1,1,1,1,1,1,1,1,1,1
1,1,1,1,1,1,1,1,1,1
1,1,1,1,1,1,1,1,1,1
1,1,1,1,1,1,1,1,1,1
1,1,1,1,1,1,1,1,1,1
1,1,1,1,1,1,1,1,1,1
1,1,1,1,1,1,1,1,1,1
1,1,1,1,1,1,1,1,1,1
1,1,1,1,1,1,1,1,1,1
1,1,1,1,1,1,1,1,1,1
1,1,1,1,1,1,1,1,1,1
1,1,1,1,1,1,1,1,1,1
1,1,1,1,1,1,1,1,1,1
1,1,1,1,1,1,1,1,1,1
1,1,1,1,1,1,1,1,1,1
1,1,1,1,1,1,1,1,1,1
1,1,1,1,1,1,1,1,1,1
1,1,1,1,1,1,1,1,1,1
1,1,1,1,1,1,1,1,1,1
1,1,1,1,1,1,1,1,1,1
1,1,1,1,1,1,1,1,1,1
1,1,1,1,1,1,1,1,1,1
1,1,1,1,1,1,1,1,1,1
1,1,1,1,1,1,1,1,1,1
1,1,1,1,1,1,1,1,1,1
1,1,1,1,1,1,1,1,1,1
1,1,1,1,1,1,1,1,1,1
1,1,1,1,1,1,1,1,1,1
1,1,1,1,1,1,1,1,1,1
1,1,1,1,1,1,1,1,1,1
1,1,1,1,1,1,1,1,1,1
1,1,1,1,1,1,1,1,1,1
1,1,1,1,1,1,1,1,1,1
1,1,1,1,1,1,1,1,1,1
1,1,1,1,1,1,1,1,1,1
1,1,1,1,1,1,1,1,1,1
1,1,1,1,1,1,1,1,1,1
1,1,1,1,1,1,1,1,1,1
1,1,1,1,1,1,1,1,1,1
1,1,1,1,1,1,1,1,1,1
1,1,1,1,1,1,1,1,1,1
1,1,1,1,1,1,1,1,1,1
1,1,1,1,1,1,1,1,1,1
1,1,1,1,1,1,1,1,1,1
1,1,1,1,1,1,1,1,1,1
1,1,1,1,1,1,1,1,1,1
1,1,1,1,1,1,1,1,1,1
1,1,1,1,1,1,1,1,1,1
1,1,1,1,1,1,1,1,1,1
1,1,1,1,1,1,1,1,1,1
1,1,1,1,1,1,1,1,1,1
1,1,0.9518472,1,1,1,1,1,1,1
1,1,0.9404393,1,1,1,1,1,1,1
1,1,0.9289548,1,1,1,1,1,1,1
1,1,0.9173977,1,1,1,1,1,1,1
1,1,0.905772,1,1,1,1,1,1,1
1,1,0.894082,1,1,1,1,1,1,1
1,1,0.8823323,1,1,1,1,1,1,1
1,1,0.8705276,1,1,1,1,1,1,1
1,1,0.8586727,1,1,1,1,1,1,1
1,1,0.8467762,1,1,1,1,1,1,1
1,1,0.8348396,1,1,1,1,1,1,1
1,1,0.8228685,1,1,1,1,1,1,1
1,1,0.8108676,1,1,1,1,1,1,1
1,1,0.7988427,1,1,1,1,1,1,1
1,1,0.7868022,1,1,1,1,1,1,1
1,1,0.7747479,1,1,1,1,1,1,1
1,1,0.7626852,1,1,1,1,1,1,1
1,1,0.7506222,1,1,1,1,1,1,1
1,1,0.7385641,1,1,1,1,1,1,1
1,1,0.7265123,1,1,1,1,1,1,2
1,1,0.7144748,1,1,1,1,1,1,2
1,1,0.7024559,1,1,1,1,1,1,2
1,1,0.6904601,1,1,1,1,1,1,2
1,1,0.6863676,1,1,1,1,1,1,2
1,1,0.6969067,1,1,1,1,1,1,2
1,0.8761875,0.7074513,1,1,1,1,1,1,2
1,0.8549627,0.7253364,1,1,1,1,1,1,2
1,0.8339335,0.7448348,1,1,1,1,1,1,2
1,0.8131417,0.7660503,1,1,1,1,1,1,2
1,0.7926195,0.7890856,1,1,1,1,1,1,2
1,0.7723941,0.8140621,1,1,1,1,1,1,2
1,0.7524921,0.8411003,1,1,1,1,1,1,2
1,0.7329312,0.8703369,1,1,1,1,1,1,2
1,0.713725,0.9019132,1,1,1,1,1,1,2
1,0.6948867,0.9359825,1,1,1,1,1,1,2
1,0.6764177,1,1,1,1,1,1,1,2
1,0.6584948,1,1,1,1,1,1,1,2
1,0.6406989,1,1,1,1,1,1,1,2
1,0.6230606,1,1,1,1,1,1,1,2
1,0.6056083,1,1,1,1,1,1,1,2
1,0.5883637,1,1,1,1,1,1,1,2
1,0.5713459,1,1,1,1,1,1,1,2
1,0.5545754,1,1,1,1,1,1,1,2
1,0.5380697,1,1,1,1,1,1,1,2
1,0.5218401,1,1,1,1,1,1,1,2
1,0.505899,1,1,1,1,1,1,1,2
1,0.5112689,1,1,1,1,1,1,1,2
0.7561233,0.5253477,1,1,1,1,1,1,1,2
0.7153603,0.547336,1,1,1,1,1,1,1,2
0.6768769,0.5718082,1,1,1,1,1,1,1,2
0.6406921,0.5989679,1,1,1,1,1,1,1,2
0.6067764,0.6290247,1,1,1,1,1,1,1,2
0.575055,0.6622083,1,1,1,1,1,1,1,2
0.5454293,0.6987621,1,1,1,1,1,1,1,2
0.5177734,0.7389394,1,1,1,1,1,1,1,2
0.4919608,1,1,1,1,1,1,1,1,2
0.4697484,1,1,1,1,1,1,1,1,2
0.4483228,1,1,1,1,1,1,1,1,2
0.4610087,1,1,1,1,1,1,1,1,2
0.4753881,1,1,1,1,1,1,1,1,2
0.4902164,1,1,1,1,1,1,1,1,2
0.5054722,1,1,1,1,1,1,1,1,2
0.5211293,1,1,1,1,1,1,1,1,2
0.5371618,1,1,1,1,1,1,1,1,2
0.5535411,1,1,1,1,1,1,1,1,2
0.5702366,1,1,1,1,1,1,1,1,2
0.5872136,1,1,1,1,1,1,1,1,2
0.6044399,1,1,1,1,1,1,1,1,2
0.6218816,1,1,1,1,1,1,1,1,2
0.6394991,1,1,1,1,1,1,1,1,2
0.6572584,1,1,1,1,1,1,1,1,2
0.6751196,1,1,1,1,1,1,1,1,2
0.6930445,1,1,1,1,1,1,1,1,2
1,1,1,1,1,1,1,1,1,1
1,1,1,1,1,1,1,1,1,1
1,1,1,1,1,1,1,1,1,1
1,1,1,1,1,1,1,1,1,1
1,1,1,1,1,1,1,1,1,1
1,1,1,1,1,1,1,1,1,1
1,1,1,1,1,1,1,1,1,1
1,1,1,1,1,1,1,1,1,1
1,1,1,1,1,1,1,1,1,1
1,1,1,1,1,1,1,1,1,1
1,1,1,1,1,1,1,1,1,1
1,1,1,1,1,1,1,1,1,1
1,1,1,1,1,1,1,1,1,1
1,1,1,1,1,1,1,1,1,1
1,1,1,1,1,1,1,1,1,1
1,1,1,1,1,1,1,1,1,1
1,1,1,1,1,1,1,1,1,1
1,1,1,1,1,1,1,1,1,1
1,1,1,1,1,1,1,1,1,1
1,1,1,1,1,1,1,1,1,1
1,1,1,1,1,1,1,1,1,1
1,1,1,1,1,1,1,1,1,1
1,1,1,1,1,1,1,1,1,1
1,1,1,1,1,1,1,1,1,1
1,1,1,1,1,1,1,1,1,1
1,1,1,1,1,1,1,1,1,1
1,1,1,1,1,1,1,1,1,1
1,1,1,1,1,1,1,1,1,1
1,1,1,1,1,1,1,1,1,1
1,1,1,1,1,1,1,1,1,1
1,1,1,1,1,1,1,1,1,1
1,1,1,1,1,1,1,1,1,1
1,1,1,1,1,1,1,1,1,1
1,1,1,1,1,1,1,1,1,1
1,1,1,1,1,1,1,1,1,1
1,1,1,1,1,1,1,1,1,1
1,1,1,1,1,1,1,1,1,1
1,1,1,1,1,1,1,1,1,1
1,1,1,1,1,1,1,1,1,1
1,1,1,1,1,1,1,1,1,1
1,1,1,1,1,1,1,1,1,1
1,1,1,1,1,1,1,1,1,1
1,1,1,1,1,1,1,1,1,1
1,1,1,1,1,1,1,1,1,1
1,1,1,1,1,1,1,1,1,1
1,1,1,1,1,1,1,1,1,1
1,1,1,1,1,1,1,1,1,1
1,1,1,1,1,1,1,1,1,1
1,1,1,1,1,1,1,1,1,1
1,1,1,1,1,1,1,1,1,1
1,1,1,1,1,1,1,1,1,1
1,1,1,1,1,1,1,1,1,1
1,1,1,1,1,1,1,1,1,1
1,1,1,1,1,1,1,1,1,1
1,1,1,1,1,1,1,1,1,1
1,1,1,1,1,1,1,1,1,1
1,1,1,1,1,1,1,1,1,1
1,1,1,1,1,1,1,1,1,1
1,1,1,1,1,1,1,1,1,1
1,1,1,1,1,1,1,1,1,1
1,1,1,1,1,1,1,1,1,1
1,1,1,1,1,1,1,1,1,1
1,1,1,1,1,1,1,1,1,1
1,1,1,1,1,1,1,1,1,1
1,1,1,1,1,1,1,1,1,1
1,1,1,1,1,1,1,1,1,1
1,1,1,1,1,1,1,1,1,1
1,1,1,1,1,1,1,1,1,1
1,1,1,1,1,1,1,1,1,1
1,1,1,1,1,1,1,1,1,1
1,1,1,1,1,1,1,1,1,1
1,1,1,1,1,1,1,1,1,1
1,1,1,1,1,1,1,1,1,1
1,1,1,1,1,1,1,1,1,1
1,1,1,1,1,1,1,1,1,1
1,1,1,1,1,1,1,1,1,1
1,1,1,1,1,1,1,1,1,1
1,1,1,1,1,1,1,1,1,1
1,1,1,1,1,1,1,1,1,1
1,1,1,1,1,1,1,1,1,1
1,1,1,1,1,1,1,1,1,1
1,1,1,1,1,1,1,1,1,1
1,1,1,1,1,1,1,1,1,1
1,1,1,1,1,1,1,1,1,1
1,1,1,1,1,1,1,1,1,1
1,1,1,1,1,1,1,1,1,1
1,1,1,1,1,1,1,1,1,1
1,1,1,1,1,1,1,1,1,1
1,1,1,1,1,1,1,1,1,1
1,1,1,1,1,1,1,1,1,1
1,1,1,1,1,1,1,1,1,1
1,1,1,1,1,1,1,1,1,1
1,1,1,1,1,1,1,1,1,1
1,1,1,1,1,1,1,1,1,1
1,1,1,1,1,1,1,1,1,1
1,1,1,1,1,1,1,1,1,1
1,1,1,1,1,1,1,1,1,1
1,1,1,1,1,1,1,1,1,1
1,1,1,1,1,1,1,1,1,1
1,1,1,1,1,1,1,1,1,1
1,1,1,1,1,1,1,1,1,1
1,1,1,1,1,1,1,1,1,1
1,1,1,1,1,1,1,1,1,1
1,1,1,1,1,1,1,1,1,1
1,1,1,1,1,1,1,1,1,1
1,1,1,1,1,1,1,1,1,1
1,1,1,1,1,1,1,1,1,1
1,1,1,1,1,1,1,0.9997211,1,1
1,1,1,1,1,1,1,0.993432,1,1
1,1,1,1,1,1,1,0.9871494,1,1
1,1,1,1,1,1,1,0.9808761,1,1
1,1,1,1,1,1,1,0.974614,1,1
1,1,1,1,1,1,1,0.9683653,1,1
1,1,1,1,1,1,1,0.9621336,1,1
1,1,1,1,1,1,1,0.9559214,1,1
1,1,1,1,1,1,1,0.9497326,1,1
1,1,1,1,1,1,1,0.9435698,1,1
1,1,1,1,1,1,1,0.9374363,1,1
1,1,1,1,1,1,1,0.9313346,1,1
1,1,1,1,1,1,1,0.9252695,1,1
1,1,1,1,1,1,1,0.9192443,1,1
1,1,1,1,1,1,1,0.9132637,1,1
1,1,1,1,1,1,1,0.9073312,1,1
1,0.9948109,1,1,1,1,1,0.9014503,1,1
1,0.9875385,1,1,1,1,1,0.8956221,1,0
1,0.9802808,1,1,1,1,1,0.8898504,1,0
1,0.9730404,1,1,1,1,1,0.8841363,1,0
1,0.965814,1,1,1,1,1,0.8784825,1,0
1,0.9586013,1,1,1,1,1,0.8728918,1,0
1,0.9513983,1,1,1,1,1,0.8673669,1,0
1,0.9442075,1,1,1,1,1,0.86191,1,0
1,0.9370252,1,1,1,1,1,0.8565238,1,0
1,0.9298502,1,1,1,1,1,0.8512089,1,0
1,0.9226813,1,1,1,1,1,0.8459678,1,0
1,0.9155172,1,1,1,1,1,0.8408039,1,0
1,0.9083535,1,1,1,1,1,0.8357164,1,0
1,0.9012492,1,1,1,1,1,0.8307084,1,0
1,0.9026228,1,1,1,1,1,0.8257805,1,0
1,0.9032405,1,1,1,1,1,0.8209449,1,0
1,0.9031789,1,1,1,1,1,0.8162054,1,0
1,0.9025189,1,1,1,1,1,0.8115627,0.840648,0
1,0.8841479,1,1,1,1,1,0.8078457,0.8319839,0
1,0.8664049,1,1,1,1,1,0.8043929,0.8235917,0
1,0.8571261,1,1,1,1,1,0.8012087,0.8154835,0
1,0.8521525,1,1,1,1,1,0.7983137,0.8076466,0
1,0.8473117,1,1,1,1,1,0.7957247,0.800082,0
1,0.8426038,1,1,1,1,1,0.7934495,0.7928029,0
1,0.8380209,1,1,1,1,1,1,0.7858208,0
1,0.8304501,1,1,1,1,1,1,0.7803515,0
1,0.8228682,1,1,1,1,1,1,0.7749714,0
1,0.8152689,1,1,1,1,1,1,0.7696804,0
1,0.807648,1,1,1,1,1,1,0.7644828,0
1,0.8000021,1,1,1,1,1,1,0.7593781,0
1,0.7923269,1,1,1,1,1,1,0.7543688,0
1,0.7846215,1,1,1,1,1,1,0.7494556,0
1,0.7805414,1,1,1,1,1,1,0.7446407,0
1,0.7792453,1,1,1,1,1,1,0.7399172,0
1,0.7776852,1,1,1,1,1,1,0.7352822,0
1,0.7758865,1,1,1,1,1,1,0.7307398,0
1,0.7738764,1,1,1,1,1,1,0.726292,0
1,0.7716768,1,1,1,1,1,1,0.7219419,0
1,0.769308,1,1,1,1,1,1,0.7176928,0
1,0.7667892,1,1,1,1,1,1,0.7135475,0
1,0.764141,1,1,1,1,1,1,0.7095071,0
1,0.7613823,1,1,1,1,1,1,0.7055725,0
1,0.7585277,1,1,1,1,1,1,0.7017461,0
1,0.7555904,1,1,1,1,1,1,0.6980297,0
1,0.752585,1,1,1,1,1,1,0.6944238,0
1,0.7495252,1,1,1,1,1,1,0.6909284,0
1,0.7464233,1,1,1,1,1,1,0.7445945,0
1,0.7461389,1,1,1,1,1,1,1,2
1,0.7587727,1,1,1,1,1,1,1,2
0.9767352,0.7713443,1,1,1,1,1,1,1,2
0.9510825,0.7849008,1,1,1,1,1,1,1,2
0.9251949,0.799593,1,1,1,1,1,1,1,2
0.899178,0.8154885,1,1,1,1,1,1,1,2
0.8731407,0.8326541,1,1,1,1,1,1,1,2
0.8471881,0.8511542,1,1,1,1,1,1,1,2
0.8214186,0.8710579,1,1,1,1,1,1,1,2
0.7959182,0.8924311,1,1,1,1,1,1,1,2
0.7707681,0.9153444,1,1,1,1,1,1,1,2
0.7460359,0.9398613,1,1,1,1,1,1,1,2
0.7217878,0.9660457,1,1,1,1,1,1,1,2
0.6980653,0.9939605,1,1,1,1,1,1,1,2
0.6749147,1,1,1,1,1,1,1,1,2
0.6520211,1,1,1,1,1,1,1,1,2
0.6293664,1,1,1,1,1,1,1,1,2
0.6103936,1,1,1,1,1,1,1,1,2
0.6230534,1,1,1,1,1,1,1,1,2
0.6359251,1,1,1,1,1,1,1,1,2
0.648987,1,1,1,1,1,1,1,1,2
0.6622142,1,1,1,1,1,1,1,1,2
0.6755813,1,1,1,1,1,1,1,1,2
0.6890661,1,1,1,1,1,1,1,1,2
0.7026419,1,1,1,1,1,1,1,1,2
0.7162864,1,1,1,1,1,1,1,1,2
0.7299723,1,1,1,1,1,1,1,1,2
0.7436768,1,1,1,1,1,1,1,1,2
0.7573749,1,1,1,1,1,1,1,1,2
0.7710415,1,1,1,1,1,1,1,1,2
0.7846544,1,1,1,1,1,1,1,1,2
0.7981896,1,1,1,1,1,1,1,1,2
0.8116254,1,1,1,1,1,1,1,1,2
0.8249413,1,1,1,1,1,1,1,1,2
0.8381149,1,1,1,1,1,1,1,1,2
0.851127,1,1,1,1,1,1,1,1,1
0.8639591,1,1,1,1,1,1,1,1,1
0.8765942,1,1,1,1,1,1,1,1,1
0.8890135,1,1,1,1,1,1,1,1,1
1,1,1,1,1,1,1,1,1,1
1,1,1,1,1,1,1,1,1,1
1,1,1,1,1,1,1,1,1,1
1,1,1,1,1,1,1,1,1,1
1,1,1,1,1,1,1,1,1,1
1,1,1,1,1,1,1,1,1,1
1,1,1,1,1,1,1,1,1,1
1,1,1,1,1,1,1,1,1,1
1,1,1,1,1,1,1,1,1,1
1,1,1,1,1,1,1,1,1,1
1,1,1,1,1,1,1,1,1,1
1,1,1,1,1,1,1,1,1,1
1,1,1,1,1,1,1,1,1,1
1,1,1,1,1,1,1,1,1,1
1,1,1,1,1,1,1,1,1,1
1,1,1,1,1,1,1,1,1,1
1,1,1,1,1,1,1,1,1,1
1,1,1,1,1,1,1,1,1,1
1,1,1,1,1,1,1,1,1,1
1,1,1,1,1,1,1,1,1,1
1,1,1,1,1,1,1,1,1,1
1,1,1,1,1,1,1,1,1,1
1,1,1,1,1,1,1,1,1,1
1,1,1,1,1,1,1,1,1,1
1,1,1,1,1,1,1,1,1,1
1,1,1,1,1,1,1,1,1,1
1,1,1,1,1,1,1,1,1,1
1,1,1,1,1,1,1,1,1,1
1,1,1,1,1,1,1,1,1,1
1,1,1,1,1,1,1,1,1,1
1,1,1,1,1,1,1,1,1,1
1,1,1,1,1,1,1,1,1,1
1,1,1,1,1,1,1,1,1,1
1,1,1,1,1,1,1,1,1,1
1,1,1,1,1,1,1,1,1,1
1,1,1,1,1,1,1,1,1,1
1,1,1,1,1,1,1,1,1,1
1,1,1,1,1,1,1,1,1,1
1,1,1,1,1,1,1,1,1,1
1,1,1,1,1,1,1,1,1,1
1,1,1,1,1,1,1,1,1,1
1,1,1,1,1,1,1,1,1,1
1,1,1,1,1,1,1,1,1,1
1,1,1,1,1,1,1,1,1,1
1,1,1,1,1,1,1,1,1,1
1,1,1,1,1,1,1,1,1,1
1,1,1,1,1,1,1,1,1,1
1,1,1,1,1,1,1,1,1,1
1,1,1,1,1,1,1,1,1,1
1,1,1,1,1,1,1,1,1,1
1,1,1,1,1,1,1,1,1,1
1,1,1,1,1,1,1,1,1,1
1,1,1,1,1,1,1,1,1,1
1,1,1,1,1,1,1,1,1,1
1,1,1,1,1,1,1,1,1,1
1,1,1,1,1,1,1,1,1,1
1,1,1,1,1,1,1,1,1,1
1,1,1,1,1,1,1,1,1,1
1,1,1,1,1,1,1,1,1,1
1,1,1,1,1,1,1,1,1,1
1,1,1,1,1,1,1,1,1,1
1,1,1,1,1,1,1,1,1,1
1,1,1,1,1,1,1,1,1,1
1,1,1,1,1,1,1,1,1,1
1,1,1,1,1,1,1,1,1,1
1,1,1,1,1,1,1,1,1,1
1,1,1,1,1,1,1,1,1,1
1,1,1,1,1,1,1,1,1,1
1,1,1,1,1,1,1,1,1,1
1,1,1,1,1,1,1,1,1,1
1,1,1,1,1,1,1,1,1,1
1,1,1,1,1,1,1,1,1,1
1,1,1,1,1,1,1,1,1,1
1,1,1,1,1,1,1,1,1,1
1,1,1,1,1,1,1,1,1,1
1,1,1,1,1,1,1,1,1,1
1,1,1,1,1,1,1,1,1,1
1,1,1,1,1,1,1,1,1,1
1,1,1,1,1,1,1,1,1,1
1,1,1,1,1,1,1,1,1,1
1,1,1,1,1,1,1,1,1,1
1,1,1,1,1,1,1,1,1,1
1,1,1,1,1,1,1,1,1,1
1,1,1,1,1,1,1,1,1,1
1,1,1,1,1,1,1,1,1,1
1,1,1,1,1,1,1,1,1,1
1,1,1,1,1,1,1,1,1,1
1,1,1,1,1,1,1,1,1,1
1,1,1,1,1,1,1,1,1,1
1,1,1,1,1,1,1,1,1,1
1,1,1,1,1,1,1,1,1,1
1,1,1,1,1,1,1,1,1,1
1,1,1,1,1,1,1,1,1,1
1,1,1,1,1,1,1,1,1,1
1,1,1,1,1,1,1,1,1,1
1,1,1,1,1,1,1,1,1,1
1,1,1,1,1,1,1,1,1,1
1,1,1,1,1,1,1,1,1,1
1,1,1,1,1,1,1,1,1,1
1,1,1,1,1,1,1,1,1,1
1,1,1,1,1,1,1,1,1,1
1,1,1,1,1,1,1,1,1,1
1,1,1,1,1,1,1,1,1,1
1,1,1,1,1,1,1,1,1,1
1,1,1,1,1,1,1,1,1,1
1,1,1,1,1,1,1,1,1,1
1,1,1,1,1,1,1,1,1,1
1,1,1,1,1,1,1,1,1,1
1,1,1,1,1,1,1,1,1,1
1,1,1,1,1,1,1,1,1,1
1,1,1,1,1,1,1,1,1,1
1,1,1,1,1,1,1,1,1,1
1,1,1,1,1,1,1,1,1,1
1,1,1,1,1,1,1,1,1,1
1,1,1,1,1,1,1,1,1,1
1,1,1,1,1,1,1,1,1,1
1,1,1,1,1,1,1,1,1,1
1,1,1,1,1,1,1,1,1,1
1,1,1,1,1,1,1,1,1,1
1,1,1,1,1,1,1,1,1,1
1,1,1,1,1,1,1,1,1,1
1,1,1,1,1,1,1,1,1,1
1,1,1,1,1,1,1,1,1,1
1,1,1,1,1,1,1,1,1,1
1,1,1,1,1,1,1,1,1,1
1,1,1,1,1,1,1,1,1,1
1,1,1,1,1,1,1,1,1,1
1,1,1,1,1,1,1,1,1,1
1,1,1,1,1,1,1,1,1,1
1,1,1,1,1,1,1,1,1,1
1,1,1,1,1,1,1,1,1,1
1,1,1,1,1,1,1,1,1,1
1,1,1,1,1,1,1,1,1,1
1,1,1,1,1,1,1,1,1,1
1,1,1,1,1,1,1,1,1,1
1,1,1,1,1,1,1,1,1,1
1,1,1,1,1,1,1,1,1,1
1,1,1,1,1,1,1,1,1,1
1,1,1,1,1,1,1,1,1,1
1,1,1,1,1,1,1,1,1,1
1,1,1,1,1,1,1,1,1,1
1,1,1,1,1,1,1,1,1,1
1,1,1,1,1,1,1,1,1,1
1,1,1,1,1,1,1,1,1,1
1,1,1,1,1,1,1,1,1,1
1,1,1,1,1,1,1,1,1,1
1,1,1,1,1,1,1,1,1,1
1,1,1,1,1,1,1,1,1,1
1,1,1,1,1,1,1,1,1,1
1,1,1,1,1,1,1,1,1,1
1,1,1,1,1,1,1,1,1,1
1,1,0.9984097,1,1,1,1,1,1,1
1,1,0.9901068,1,1,1,1,1,1,1
1,1,0.9817898,1,1,1,1,1,1,1
1,1,0.9734622,1,1,1,1,1,1,1
1,1,0.9651243,1,1,1,1,1,1,1
1,1,0.9567735,1,1,1,1,1,1,1
1,1,0.948413,1,1,1,1,1,1,1
1,1,0.9400401,1,1,1,1,1,1,1
1,1,0.9316554,1,1,1,1,1,1,1
1,1,0.9232591,1,1,1,1,1,1,1
1,1,0.9148518,0.994306,1,1,1,1,1,1
1,1,0.9064177,0.9849328,1,1,1,1,1,1
1,1,0.8979446,0.9754578,1,1,1,1,1,1
1,1,0.889434,0.9658846,1,1,1,1,1,1
1,1,0.8808848,0.9562141,1,1,1,1,1,1
1,1,0.8722989,0.9464509,1,1,1,1,1,1
1,1,0.8636785,0.9365999,1,1,1,1,1,1
1,1,0.8550227,0.9266628,1,1,1,1,1,1
1,1,0.8463341,0.9166454,1,1,1,1,1,1
1,1,0.837612,0.9065501,1,1,1,1,1,1
1,1,0.8288592,0.8963829,1,1,1,1,1,1
1,1,0.8200782,0.88615,1,1,1,1,1,1
1,1,0.8112689,0.8758544,1,1,1,1,1,1
1,1,0.802434,0.8655025,1,1,1,1,1,1
1,1,0.7935764,0.8551008,1,1,1,1,1,1
1,1,0.7846955,0.8446525,1,1,1,1,1,1
1,1,0.7757974,0.8341672,1,1,1,1,1,1
1,1,0.7668814,0.8236481,1,1,1,1,1,1
1,1,0.7579471,0.8130981,1,1,1,1,1,0
1,1,0.749,0.8025264,1,1,1,1,1,0
1,1,0.7400392,0.7919356,1,1,1,1,1,0
1,1,0.7310669,0.7813313,1,1,1,1,1,0
1,1,0.722085,0.7707189,1,1,1,1,1,0
1,1,0.7130954,0.7601034,1,1,1,1,1,0
1,1,0.7040995,0.7494895,1,1,1,1,1,0
1,1,0.6950958,0.7388783,1,1,1,1,1,0
1,1,0.6860884,0.7282771,1,1,1,1,1,0
1,1,0.6770754,0.7176864,1,1,1,1,1,0
1,1,0.6680605,0.7071127,1,1,1,1,1,0
1,1,0.6590413,0.6965557,1,1,1,1,1,0
1,1,0.6500212,0.6860213,1,1,1,1,1,0
1,1,0.6409973,0.6755084,1,1,1,1,1,0
1,1,0.6319727,0.6650221,1,1,1,1,1,0
1,1,0.6229471,0.654564,1,1,1,1,1,0
1,1,0.6139172,0.644132,1,1,1,1,1,0
1,1,0.6048857,0.6337302,1,1,1,1,1,0
1,1,0.5958518,0.6233592,1,1,1,1,1,0
1,1,0.5868146,0.6130192,0.6577559,1,1,1,1,0
1,1,0.5776525,0.6015293,0.643888,1,1,1,1,0
1,1,0.5685241,0.5901703,0.6302534,1,1,1,1,0
1,1,0.5594261,0.5789405,0.6168504,1,1,1,1,0
1,1,0.5503543,0.567837,0.6036749,1,1,1,1,0
1,1,0.5413011,0.5568528,0.5907183,1,1,1,1,0
1,1,0.5322619,0.5459832,0.5779737,1,1,1,1,0
1,1,0.5232318,0.5352228,0.5654335,1,1,1,1,0
1,1,0.514203,0.5245629,0.553086,1,1,1,1,0
1,1,0.5051709,0.5139975,0.5409226,1,1,1,1,0
1,1,0.4961312,0.5035207,0.5289341,1,1,1,1,0
1,1,0.4870769,0.4931235,0.5171082,1,1,1,1,0
1,1,0.4780045,0.4828001,0.5054358,1,1,1,1,0
1,1,0.4689109,0.472545,0.4939081,1,1,1,1,0
1,1,0.4597906,0.46235,0.4825134,1,1,1,1,0
1,1,0.4506417,0.4522104,0.4712434,0.5080646,1,1,1,0
1,1,0.4419957,0.44152,0.4586417,0.49272,1,1,1,0
1,1,0.4333251,0.4310071,0.4463919,0.4779762,1,1,1,0
1,1,0.4246144,0.4206466,0.4344553,0.4637713,1,1,1,0
1,1,0.4158453,0.4104103,0.4227916,0.4500428,1,1,1,0
1,1,1,1,1,1,1,1,1,1
1,1,1,1,1,1,1,0.8361939,1,0
1,1,1,1,1,1,1,0.8399779,1,0
1,1,1,1,1,1,1,0.8437833,1,0
1,1,1,1,1,1,1,0.8476057,1,0
1,1,1,1,1,1,1,0.851439,1,0
1,1,1,1,1,1,1,0.8552814,1,0
1,1,1,1,1,1,1,0.8591287,1,0
1,1,1,1,1,1,1,0.8629751,1,0
1,1,1,1,1,1,1,0.8668188,1,1
1,1,1,1,1,1,1,0.870658,1,1
1,1,1,1,1,1,1,0.8744872,1,1
1,1,1,1,1,1,1,0.8783025,1,1
1,1,1,1,1,1,1,0.8821007,1,1
1,1,1,1,1,1,1,0.8858802,1,1
1,1,1,1,1,1,1,0.8896381,1,1
1,1,1,1,1,1,1,0.8933708,1,1
1,1,1,1,1,1,1,0.8970753,1,1
1,1,1,1,1,1,1,0.9007486,1,1
1,1,1,1,1,1,1,0.9043899,1,1
1,1,1,1,1,1,1,0.9079962,0.9730037,1
1,1,1,1,1,1,1,0.9125358,0.9328409,0
1,1,1,1,1,1,1,0.9185117,0.8900037,0
1,1,1,1,1,1,1,0.9260632,0.8450116,0
1,1,1,1,1,1,1,0.9353339,0.7984851,0
1,1,1,1,1,1,1,0.9464663,0.7510971,0
1,1,1,1,1,1,1,0.9595996,0.7061183,0
1,1,1,1,1,1,1,0.9747628,0.7112237,0
1,1,1,1,1,1,1,1,0.7164074,0
1,1,1,1,1,1,1,1,0.7215519,0
1,1,1,1,1,1,1,1,0.7268657,0
1,1,1,1,1,1,1,1,0.7323402,0
1,1,1,1,1,1,1,1,0.7379681,0
1,1,1,1,1,1,1,1,0.743739,0
1,1,1,1,1,1,1,1,0.7496451,0
1,1,1,1,1,1,1,1,0.7556773,0
1,1,1,1,1,1,1,1,0.7618262,0
1,1,1,1,1,1,1,1,0.7680823,0
1,1,1,1,1,1,1,1,0.7744377,0
1,1,1,1,1,1,1,1,0.7808811,0
1,1,1,1,1,1,1,1,0.7874047,0
1,1,1,1,1,1,1,1,0.7939988,0
1,1,1,1,1,1,1,1,0.8006536,0
1,1,1,1,1,1,1,1,0.8073597,0
1,1,1,1,1,1,1,1,0.8141072,0
1,1,1,1,1,1,1,1,0.8208887,0
1,1,1,1,1,1,1,1,0.8276946,0
1,1,1,1,1,1,1,0.9537874,0.8345156,0
1,1,1,1,1,1,1,0.9384681,0.8419216,0
1,1,1,1,1,1,1,0.9233248,0.8495365,0
1,1,1,1,1,1,1,0.908368,0.8573559,0
1,1,1,1,1,1,1,0.8936001,0.8653744,0
1,1,1,1,1,1,1,0.8790287,0.8735863,0
1,1,1,1,1,1,1,0.8646539,1,1
1,1,1,1,1,1,1,0.8524326,1,1
1,1,1,1,1,1,1,0.8401531,1,1
1,1,1,1,1,1,1,0.8278273,1,1
1,1,1,1,1,1,1,0.8154634,1,1
1,1,1,1,1,1,1,0.8030699,1,1
1,1,1,1,1,1,1,0.7906587,1,0
1,1,1,1,1,1,1,0.778238,1,0
1,1,1,1,1,1,1,0.7841109,1,0
1,1,1,1,1,1,1,0.7983614,1,1
1,1,1,1,1,1,1,0.8124511,1,1
1,1,1,1,1,1,1,0.8263577,1,1
1,1,1,1,1,1,1,0.8400596,1,1
1,1,1,1,1,1,1,0.8535387,1,1
1,1,1,1,1,1,1,0.8667762,1,1
1,1,1,1,1,1,1,0.8797536,1,1
1,1,1,1,1,1,1,0.8924568,1,1
1,1,1,1,1,1,1,1,1,1
1,1,1,1,1,1,1,1,1,1
1,1,1,1,1,1,1,1,1,1
1,1,1,1,1,1,1,1,1,1
1,1,1,1,1,1,1,1,1,1
1,1,1,1,1,1,1,1,1,1
1,1,1,1,1,1,1,1,1,1
1,1,1,1,1,1,1,1,1,1
1,1,1,1,1,1,1,1,1,1
1,1,1,1,1,1,1,1,1,1
1,1,1,1,1,1,1,1,0.8056815,0
1,1,1,1,1,1,1,1,0.7845811,0
1,1,1,1,1,1,1,1,0.7632713,0
1,1,1,1,1,1,1,1,0.7418305,0
1,1,1,1,1,1,1,1,0.7203282,0
1,1,1,1,1,1,1,1,0.6988423,0
1,1,1,1,1,1,1,1,0.6774395,0
1,1,1,1,1,1,1,1,0.6561924,0
1,1,1,1,1,1,1,1,0.6489111,0
1,1,1,1,1,1,1,1,0.6618152,0
1,1,1,1,1,1,1,1,0.6748652,0
1,1,1,1,1,1,1,1,0.6880381,0
1,1,1,1,1,1,1,1,0.7013101,0
1,1,1,1,1,1,1,1,0.714655,0
1,1,1,1,1,1,1,1,0.7280509,0
1,1,1,1,1,1,1,1,0.7414733,0
1,1,1,1,1,1,1,1,0.754898,0
1,1,1,1,1,1,1,1,1,1
1,1,1,1,1,1,1,1,1,1
1,1,1,1,1,1,1,1,1,1
1,1,1,1,1,1,1,1,1,1
1,1,1,1,1,1,1,1,1,1
1,1,1,1,1,1,1,1,1,1
1,1,1,1,1,1,1,1,1,1
1,1,1,1,1,1,1,1,1,1
1,1,1,1,1,1,1,1,1,1
1,1,1,1,1,1,1,1,1,1
1,1,1,1,1,1,1,1,1,1
1,1,1,1,1,1,1,1,1,1
1,1,1,1,1,1,1,1,1,1
1,1,1,1,1,1,1,1,1,1
1,1,1,1,1,1,1,1,1,1
1,1,1,1,1,1,1,1,1,1
1,1,1,1,1,1,1,1,1,1
1,1,1,1,1,1,1,1,1,1
1,1,1,1,1,1,1,1,1,1
1,1,1,1,1,1,1,1,1,1
1,1,1,1,1,1,1,1,1,1
1,1,1,1,1,1,1,1,1,1
1,1,1,1,1,1,1,1,1,1
1,1,1,1,1,1,1,1,1,1
1,1,1,1,1,1,1,1,1,1
1,1,1,1,1,1,1,1,1,1
1,1,1,1,1,1,1,1,1,1
1,1,1,1,1,1,1,1,1,1
1,1,1,1,1,1,1,1,1,1
1,1,1,1,1,1,1,1,1,1
1,1,1,1,1,1,1,1,1,1
1,1,1,1,1,1,1,1,1,1
1,1,1,1,1,1,1,1,1,1
1,1,1,1,1,1,1,1,1,1
1,1,1,1,1,1,1,1,1,1
1,1,1,1,1,1,1,1,1,1
1,1,1,1,1,1,1,1,1,1
1,1,1,1,1,1,1,1,1,1
1,1,1,1,1,1,1,1,1,1
1,1,1,1,1,1,1,1,1,1
1,1,1,1,1,1,1,1,1,1
1,1,1,1,1,1,1,1,1,1
1,1,1,1,1,1,1,1,1,1
1,1,1,1,1,1,1,1,1,1
1,1,1,1,1,1,1,1,1,1
1,1,1,1,1,1,1,1,1,1
1,1,1,1,1,1,1,1,1,1
1,1,1,1,1,1,1,1,1,1
1,1,1,1,1,1,1,1,1,1
1,1,1,1,1,1,1,1,1,1
1,1,1,1,1,1,1,1,1,1
1,1,1,1,1,1,1,1,1,1
1,1,1,1,1,1,1,1,1,1
1,1,1,1,1,1,1,1,1,1
1,1,1,1,1,1,1,0.9992058,1,1
1,1,1,1,1,1,1,0.9902658,1,1
1,1,1,1,1,1,1,0.9812884,1,1
1,1,1,1,1,1,1,0.9722779,1,1
1,1,1,1,1,1,1,0.9632352,1,1
1,1,1,1,1,1,1,0.9541582,1,1
1,1,1,1,1,1,1,0.9450516,1,1
1,1,1,1,1,1,1,0.9359196,1,1
1,1,1,1,1,1,1,0.9548404,1,1
1,1,1,1,1,1,1,0.9738461,1,1
1,1,1,1,1,1,1,0.9921744,1,1
1,1,1,1,1,1,1,1,1,1
1,1,1,1,1,1,1,1,1,1
1,1,1,1,1,1,1,1,1,1
1,1,1,1,1,1,1,1,1,1
1,1,1,1,1,1,1,1,1,1
1,1,1,1,1,1,1,1,1,1
1,1,1,1,1,1,1,1,1,1
1,1,1,1,1,1,1,1,1,1
1,1,1,1,1,1,1,1,1,1
1,1,1,1,1,1,1,1,1,1
1,1,1,1,1,1,1,1,1,1
1,1,1,1,1,1,1,1,1,1
1,1,1,1,1,1,1,1,1,1
1,1,1,1,1,1,1,1,1,1
1,1,1,1,1,1,1,1,1,1
1,1,1,1,1,1,1,1,0.9951878,1
1,1,1,1,1,1,1,1,0.9835062,1
1,1,1,1,1,1,1,1,0.9715317,1
1,1,1,1,1,1,1,1,0.9592692,1
1,1,1,1,1,1,1,1,0.946729,1
1,1,1,1,1,1,1,1,0.9339241,1
1,1,1,1,1,1,1,1,0.9208644,1
1,1,1,1,1,1,1,1,0.9075656,1
1,1,1,1,1,1,1,1,0.8940457,1
1,1,1,1,1,1,1,1,0.8803191,1
1,1,1,1,1,1,1,1,0.866407,1
1,1,1,1,1,1,1,1,0.8523308,1
1,1,1,1,1,1,1,1,0.8381095,0
1,1,1,1,1,1,1,1,0.8237671,0
1,1,1,1,1,1,1,1,0.8093283,0
1,1,1,1,1,1,1,1,0.7948182,0
1,1,1,1,1,1,1,1,0.7802584,0
1,1,1,1,1,1,1,1,0.7656787,0
1,1,1,1,1,1,1,1,0.7666667,0
1,1,1,1,1,1,1,1,0.7817436,0
1,1,1,1,1,1,1,1,0.796717,0
1,1,1,1,1,1,1,1,0.8115592,0
1,1,1,1,1,1,1,1,0.8262461,0
1,1,1,1,1,1,1,1,0.8407518,1
1,1,1,1,1,1,1,1,0.8550562,1
1,1,1,1,1,1,1,1,0.8691362,1
1,1,1,1,1,1,1,1,0.8829735,1
1,1,1,1,1,1,1,1,0.8965474,1
1,1,1,1,1,1,1,1,0.9098433,1
1,1,1,1,1,1,1,1,0.9228427,1
1,1,1,1,1,1,1,1,0.9355337,1
1,1,1,1,1,1,1,1,0.947906,1
1,1,1,1,1,1,1,1,0.9599479,1
1,1,1,1,1,1,1,1,0.9716498,1
1,1,1,1,1,1,1,1,0.9830025,1
1,1,1,1,1,1,1,1,0.9940016,1
1,1,1,1,1,1,1,1,1,1
1,1,1,1,1,1,1,1,1,1
1,1,1,1,1,1,1,0.9986528,1,1
1,1,1,1,1,1,1,0.9906579,1,1
1,1,1,1,1,1,1,0.9826495,1,1
1,1,1,1,1,1,1,0.9746281,1,1
1,1,1,1,1,1,1,0.966597,1,1
1,1,1,1,1,1,1,0.9585537,1,1
1,1,1,1,1,1,1,0.9505014,1,1
1,1,1,1,1,1,1,0.9424409,1,1
1,1,1,1,1,1,1,0.9343724,1,1
1,1,1,1,1,1,1,0.9262964,1,1
1,1,1,1,1,1,1,0.9182137,1,1
1,1,1,1,1,1,1,0.9101275,1,1
1,1,1,1,1,1,1,0.9020356,1,1
1,1,1,1,1,1,1,0.8939414,1,1
1,1,1,1,1,1,1,0.8858425,1,1
1,1,1,1,1,1,1,0.8777425,1,1
1,1,1,1,1,1,1,0.869642,1,1
1,1,1,1,1,1,1,0.8615447,1,1
1,1,1,1,1,1,1,0.8534481,1,1
1,1,1,1,1,1,1,0.8453528,1,1
1,1,1,1,1,1,1,0.8372625,1,1
1,1,1,1,1,1,1,0.8291745,1,1
1,1,1,1,1,1,1,0.8210928,1,1
1,1,1,1,1,1,1,0.8130178,1,1
1,1,1,1,1,1,1,0.8049501,1,1
1,1,1,1,1,1,1,0.7968903,1,1
1,1,1,1,1,1,1,0.7888389,1,1
1,1,1,1,1,1,1,0.7807995,1,1
1,1,1,1,0.9939817,1,1,0.7974783,1,1
1,1,1,1,0.9850904,1,1,0.8401429,1,1
1,1,1,1,0.9757282,1,1,0.8806773,1,1
1,1,1,1,0.9659058,1,1,0.9186909,1,1
1,1,1,1,0.9556413,0.9903847,1,0.9538471,1,1
1,1,1,0.9904327,0.944795,0.9793371,1,0.984764,1,1
1,1,1,0.9760597,0.9331347,0.970063,1,1,1,1
1,1,1,0.9605188,0.9206747,0.9625853,1,1,1,1
1,1,1,0.943992,0.9075301,0.9567462,1,1,1,2
1,1,1,0.931587,0.8937437,0.9525836,1,1,1,2
1,1,1,0.9280993,0.8794761,0.9498652,1,1,0.847993,1
1,1,1,0.9219626,0.867604,0.9414722,1,1,0.8399399,1
1,1,1,0.9161908,0.8554689,0.9338078,1,1,0.8321078,1
1,1,1,0.9107666,0.8431021,0.9268304,1,1,0.8244736,1
1,1,1,0.9056731,0.8305346,0.9205006,1,1,0.8170147,2
1,1,1,0.9008935,0.8177961,0.9147812,1,1,0.8097085,2
1,1,1,0.896412,0.8049191,0.9096371,1,1,0.8025368,2
1,1,1,0.8922103,0.7919312,0.9050304,1,1,0.795477,2
1,1,1,0.8882731,0.7788612,0.9009284,1,1,0.7885112,2
1,1,1,0.8845827,0.7657367,0.8972956,1,1,0.7816209,2
1,1,1,0.8777177,0.7525791,0.894101,1,1,0.7747841,2
1,1,1,0.8607192,0.7393524,0.8915,1,1,0.7680431,2
1,1,1,0.8434137,0.7259231,0.8900446,1,1,0.7615732,2
1,1,1,0.8258645,0.7123277,0.8897455,1,1,0.7553545,2
1,1,1,0.8081347,0.6986028,0.8906062,1,1,0.7493658,2
1,1,1,0.7902858,0.6847845,0.8926349,1,1,0.743583,2
1,1,1,0.7723809,0.6709112,0.8958394,1,1,0.7379841,2
1,1,1,0.7544751,0.6570152,0.9002248,1,1,0.7325409,2
1,1,0.8509736,0.7366186,0.6475734,0.9057944,1,1,0.7272233,2
1,1,0.8162559,0.7154757,0.6526842,0.9244029,1,1,0.7254563,2
1,1,0.7821195,0.6944196,0.659344,0.9470189,1,1,0.7242612,2
1,1,0.7488218,0.6735923,0.6675707,1,1,1,0.7235766,2
1,1,0.7169373,0.6533151,0.6769105,1,1,1,0.7230551,2
1,1,0.7072278,0.6332276,0.6883566,1,1,1,0.7232161,2
1,1,0.7106744,0.6137683,0.7010509,1,1,1,0.7234572,2
1,1,0.7143132,0.5951194,0.7144048,1,1,1,0.7233804,2
1,1,0.7181022,0.5772198,0.7283634,1,1,0.8369402,0.7229195,2
1,1,0.7129523,0.5611288,0.738194,1,1,0.8244817,0.7195493,2
1,1,0.6891595,0.5455385,0.7480639,1,1,0.8134319,0.7156404,2
1,1,0.6659982,0.5465848,0.7589681,1,1,0.802693,0.7116875,2
1,1,0.6437623,0.5493706,0.7701555,1,1,0.7929464,0.7072762,2
1,1,0.6224201,0.5521203,0.7814707,1,1,0.7841972,0.7023215,2
1,1,0.6019076,0.5547908,0.7928232,1,1,0.7763833,0.6967816,2
1,1,0.5821627,0.5573444,0.8041254,1,1,0.7694422,0.6906201,2
1,1,0.5631262,0.5597392,0.8152797,1,1,0.7633204,0.6838061,2
1,1,0.5447422,0.5619413,1,1,1,0.757961,0.6763152,2
1,1,0.5282272,0.5614036,1,1,1,0.7564743,0.665738,2
1,1,0.5119964,0.5608035,1,1,1,0.7551731,0.6547695,2
1,1,0.4960452,0.5601124,1,1,1,0.7540766,0.6433929,2
1,1,0.4803633,0.559306,1,1,1,0.7531975,0.6315888,2
1,0.6761078,0.4649438,0.558358,1,1,1,1,0.6193467,2
1,0.6185788,0.4432855,0.574955,1,1,1,0.7335707,0.6219581,2
1,0.5693645,0.4233613,0.5909064,1,1,1,0.7181168,0.6225765,2
1,0.5479826,0.403907,0.6097593,1,1,1,0.7027,0.6241419,2
1,0.550436,0.4040806,0.6303081,1,1,1,0.6884857,0.6254295,2
1,0.5527796,0.4094169,0.6504258,1,1,1,0.6766166,0.6246927,2
1,0.5549251,0.4143035,0.6696448,1,1,1,0.6668227,0.621655,2
1,0.556834,0.4186859,0.6877078,1,1,1,0.6587769,0.616261,2
1,0.5284547,0.4225157,1,1,1,1,0.6522263,0.6084755,2
1,0.5024768,0.4237382,1,1,1,1,0.6494747,0.5941831,2
1,0.4771467,0.4251007,1,1,1,1,0.6467253,0.5794046,2
1,0.4524752,0.4265749,1,1,1,1,0.6440161,0.5640486,2
1,0.4284681,0.4281224,1,1,1,1,0.6413881,0.5480333,2
1,0.4051169,0.4297057,1,1,1,1,0.6388762,0.5312763,2
1,0.3824047,0.4312839,1,1,1,1,0.6365136,0.5137009,2
1,0.3603081,0.4328178,1,1,1,1,0.6343274,0.4952416,2
1,0.3388037,0.4342631,1,1,1,1,0.6323458,0.4758518,2
1,0.3178576,0.4355785,1,1,1,1,0.6305906,0.4638312,2
0.5292483,0.2972856,0.4369563,1,1,1,1,0.628862,0.4641384,2
0.4762205,0.277479,0.4505002,1,1,1,1,0.6166882,0.4614255,2
0.4772352,0.2806682,0.4656746,1,1,1,1,0.6049954,0.4587343,2
0.4786817,0.2843413,0.4826812,1,1,1,1,0.5937451,0.4560621,2
0.4805666,0.2885241,0.5017585,1,1,1,1,0.5829018,0.4534064,2
0.4620529,0.2928025,0.5212465,1,1,1,1,0.5733255,0.4510063,2
0.3934998,0.2972325,1,1,1,1,1,0.5646478,0.4487665,2
0.3420299,0.3001431,1,1,1,1,1,0.559527,0.447384,2
0.2930365,0.3036493,1,1,1,1,1,0.5538324,0.445798,2
0.2470407,0.3077507,1,1,1,1,1,0.5477009,0.4440428,2
0.240129,0.3124419,1,1,1,1,1,0.5412624,0.4421512,2
0.2418798,0.317257,1,1,1,1,1,0.535209,0.4402911,2
0.2437193,0.3220686,1,1,1,1,1,0.5296296,0.4384839,2
0.2456335,0.3268576,1,1,1,1,1,0.5244642,0.4367146,2
0.2476075,0.3316036,1,1,1,1,1,0.5196646,0.4349731,2
0.2496288,0.3362891,1,1,1,1,1,0.515189,0.4332507,2
0.2516857,0.3408978,1,1,1,1,1,0.5110019,0.4315413,2
0.2537685,0.3454166,1,1,1,1,1,0.5070723,0.4298392,2
0.255868,0.3498332,1,1,1,1,1,0.5033741,0.4281408,2
0.2579773,0.3541386,1,1,1,1,1,0.4998833,0.4264424,2
0.2600879,0.3583224,1,1,1,1,1,1,0.4247436,2
0.2642711,0.3694612,1,1,1,1,1,0.4884194,0.4221376,1
0.2664155,0.3731987,1,1,1,1,1,1,0.4203669,2
0.2710842,0.3855419,1,1,1,1,1,1,0.4177551,2
0.2759938,1,1,1,1,1,1,1,0.4151713,1
0.2786803,1,1,1,1,1,1,1,0.41304,1
0.2813704,1,1,1,1,1,1,1,0.4108924,1
0.2840579,1,1,1,1,1,1,1,0.4087323,1
0.2867421,1,1,1,1,1,1,1,0.4065589,1
0.2894186,1,1,1,1,1,1,1,0.4043747,1
0.2920833,1,1,1,1,1,1,1,0.402182,1
0.2947355,1,1,1,1,1,1,1,0.3999804,1
0.2973695,1,1,1,1,1,1,1,0.397774,1
0.2999847,1,1,1,1,1,1,1,0.3955623,1
0.3025772,1,1,1,1,1,1,1,0.3933481,1
0.305145,1,1,1,1,1,1,1,0.3911327,1
0.3076859,1,1,1,1,1,1,1,0.3889173,1
0.3101982,1,1,1,1,1,1,1,0.3867034,1
0.3126782,1,1,1,1,1,1,1,0.3844938,1
0.3151241,1,1,1,1,1,1,1,0.38229,1
1,1,1,1,1,1,1,1,0.3800935,0
1,1,1,1,1,1,1,1,0.378493,0
1,1,1,1,1,1,1,1,0.3772614,0
1,1,1,1,1,1,1,1,1,1
1,1,1,1,1,1,1,1,1,1
1,1,1,1,1,1,1,1,1,1
1,1,1,1,1,1,1,1,1,1
1,1,1,1,1,1,1,1,1,1
1,1,1,1,1,1,1,1,1,1
1,1,1,1,1,1,1,1,1,1
1,1,1,1,1,1,1,1,1,1
1,1,1,1,1,1,1,1,1,1
1,1,1,1,1,1,1,1,1,1
1,1,1,1,1,1,1,1,1,1
1,1,1,1,1,1,1,1,1,1
1,1,1,1,1,1,1,1,1,1
1,1,1,1,1,1,1,1,1,1
1,1,1,1,1,1,1,1,1,1
1,1,1,1,1,1,1,1,1,1
1,1,1,1,1,1,1,1,1,1
1,1,1,1,1,1,1,1,1,1
1,1,1,1,1,1,1,1,1,1
1,1,1,1,1,1,1,1,1,1
1,1,1,1,1,1,1,1,1,1
1,1,1,1,1,1,1,1,1,1
1,1,1,1,1,1,1,1,1,1
1,1,1,1,1,1,1,1,1,1
1,1,1,1,1,1,1,1,1,1
1,1,1,1,1,1,1,1,1,1
1,1,1,1,1,1,1,1,1,1
1,1,1,1,1,1,1,1,1,1
1,1,1,1,1,1,1,1,1,1
1,1,1,1,1,1,1,1,1,1
1,1,1,1,1,1,1,1,1,1
1,1,1,1,1,1,1,1,1,1
1,1,1,1,1,1,1,1,1,1
1,1,1,1,1,1,1,1,1,1
1,1,1,1,1,1,1,1,1,1
1,1,1,1,1,1,1,1,1,1
1,1,1,1,1,1,1,1,1,1
1,1,1,1,1,1,1,1,1,1
1,1,1,1,1,1,1,1,1,1
1,1,1,1,1,1,1,1,1,1
1,1,1,1,1,1,1,1,1,1
1,1,1,1,1,1,1,1,1,1
1,1,1,1,1,1,1,1,1,1
1,1,1,1,1,1,1,1,1,1
1,1,1,1,1,1,1,1,1,1
1,1,1,1,1,1,1,1,1,1
1,1,1,1,1,1,1,1,1,1
1,1,1,1,1,1,1,1,1,1
1,1,1,1,1,1,1,1,1,1
1,1,1,1,1,1,1,1,1,1
1,1,1,1,1,1,1,1,1,1
1,1,1,1,1,1,1,1,1,1
1,1,1,1,1,1,1,1,1,1
1,1,1,1,1,1,1,1,1,1
1,1,1,1,1,1,1,1,1,1
1,1,1,1,1,1,1,1,1,1
1,1,1,1,1,1,1,1,1,1
1,1,1,1,1,1,1,1,1,1
1,1,1,1,1,1,1,1,1,1
1,1,1,1,1,1,1,1,1,1
1,1,1,1,1,1,1,1,1,1
1,1,1,1,1,1,1,1,1,1
1,1,1,1,1,1,1,1,1,1
1,1,1,1,1,1,1,1,1,1
1,1,1,1,1,1,1,1,1,1
1,1,1,1,1,1,1,1,1,1
1,1,1,1,1,1,1,1,1,1
1,1,1,1,1,1,1,1,1,1
1,1,1,1,1,1,1,1,1,1
1,1,1,1,1,1,1,1,1,1
1,1,1,1,1,1,1,1,1,1
1,1,1,1,1,1,1,1,1,1
1,1,1,1,1,1,1,1,1,1
1,1,1,1,1,1,1,1,1,1
1,1,1,1,1,1,1,1,1,1
1,1,1,1,1,1,1,1,1,1
1,1,1,1,1,1,1,1,1,1
1,1,1,1,1,1,1,0.995494,1,1
1,1,1,1,1,1,1,0.9759939,1,1
1,1,1,1,1,1,1,0.9553792,1,1
1,1,1,1,1,1,1,0.9336683,1,1
1,1,1,1,1,1,1,0.9114751,1,1
1,1,1,1,1,1,1,0.9114706,1,1
1,1,1,1,1,1,1,0.9115094,1,1
1,1,1,1,1,1,1,0.9115893,1,1
1,1,1,1,1,1,1,0.9117111,1,1
1,1,1,1,1,1,1,0.9118726,1,1
1,1,1,1,1,1,1,0.912073,1,1
1,1,1,1,1,1,1,0.9123116,1,1
1,1,1,1,1,1,1,0.9125896,1,1
1,1,1,1,1,1,1,0.9129043,1,1
1,1,1,1,1,1,1,0.9132551,1,1
1,1,1,1,1,1,1,0.9136397,1,1
1,1,1,1,1,1,1,0.914059,1,1
1,1,1,1,1,1,1,0.9145126,1,1
1,1,1,1,1,1,1,1,1,1
1,1,1,1,1,1,1,1,1,1
1,1,1,1,1,1,1,0.999512,1,1
1,1,1,1,1,1,1,0.9815494,1,1
1,1,1,1,1,1,1,0.9626821,1,1
1,1,1,1,1,1,1,0.9429234,1,1
1,1,1,1,1,1,1,0.9222926,1,1
1,1,1,1,1,1,1,0.9008271,1,1
1,1,1,1,1,1,1,0.8785763,1,0
1,1,1,1,1,1,1,0.8555975,1,0
1,1,1,1,1,1,1,0.8356406,1,0
1,1,1,1,1,1,1,0.8378989,1,0
1,1,1,1,1,1,1,0.8402098,1,0
1,1,1,1,1,1,1,0.8425719,1,0
1,1,1,1,1,1,1,0.8449812,1,0
1,1,1,1,1,1,1,0.8474344,0.9340007,0
1,1,1,1,1,1,1,0.8516825,0.849776,0
1,1,1,1,1,1,1,0.8583128,0.7642684,0
1,1,1,1,1,1,1,0.8675377,0.766451,0
1,1,1,1,1,1,1,0.8769946,0.7688586,0
1,1,1,1,1,1,1,0.8866537,0.7714714,0
1,1,1,1,1,1,1,0.8964843,0.7742703,0
1,1,1,1,1,1,1,0.9064538,0.7772346,0
1,1,1,1,1,1,1,0.9165314,0.7803459,0
1,1,1,1,1,1,1,0.9266864,0.7835864,0
1,1,1,1,1,1,1,0.936886,0.7869369,0
1,1,1,1,1,1,1,0.9471008,0.9760095,1
1,1,1,1,1,1,1,0.9503818,0.9380252,1
1,1,1,1,1,1,1,0.9550377,0.8969855,0
1,1,1,1,1,1,1,0.9612083,0.8533188,0
1,1,1,1,1,1,1,0.9690409,0.807593,0
1,1,1,1,1,1,1,1,0.7604748,0
1,1,1,1,1,1,1,1,0.7371376,0
1,1,1,1,1,1,1,1,0.7412997,0
1,1,1,1,1,1,1,1,0.7456218,0
1,1,1,1,1,1,1,1,0.750096,0
1,1,1,1,1,1,1,1,0.7547163,0
1,1,1,1,1,1,1,1,0.7594749,0
1,1,1,1,1,1,1,1,0.7643656,0
1,1,1,1,1,1,1,1,0.7693798,0
1,1,1,1,1,1,1,1,0.7745115,0
1,1,1,1,1,1,1,1,0.7797522,0
1,1,1,1,1,1,1,1,0.7850937,0
1,1,1,1,1,1,1,1,0.7905291,0
1,1,1,1,1,1,1,1,0.79605,0
1,1,1,1,1,1,1,1,0.8016496,0
1,1,1,1,1,1,1,1,0.8073196,0
1,1,1,1,1,1,1,1,0.8130512,0
1,1,1,1,1,1,1,1,0.8188381,0
1,1,1,1,1,1,1,1,0.8246714,0
1,1,1,1,1,1,1,1,1,1
1,1,1,1,1,1,1,1,1,1
1,1,1,1,1,1,1,1,1,1
1,1,1,1,1,1,1,1,1,1
1,1,1,1,1,1,1,1,1,1
1,1,1,1,1,1,1,1,1,1
1,1,1,1,1,1,1,1,1,1
1,1,1,1,1,1,1,1,1,1
1,1,1,1,1,1,1,1,1,1
1,1,1,1,1,1,1,1,1,1
1,1,1,1,1,1,1,1,1,1
1,1,1,1,1,1,1,1,1,1
1,1,1,1,1,1,1,1,1,1
1,1,1,1,1,1,1,1,1,1
1,1,1,1,1,1,1,1,1,1
1,1,1,1,1,1,1,1,1,1
1,1,1,1,1,1,1,1,1,1
1,1,1,1,1,1,1,1,1,1
1,1,1,1,1,1,1,1,1,1
1,1,1,1,1,1,1,1,1,1
1,1,1,1,1,1,1,1,1,1
1,1,1,1,1,1,1,1,1,1
1,1,1,1,1,1,1,1,1,1
1,1,1,1,1,1,1,1,1,1
1,1,1,1,1,1,1,1,1,1
1,1,1,1,1,1,1,1,1,1
1,1,1,1,1,1,1,1,1,1
1,1,1,1,1,1,1,1,1,1
1,1,1,1,1,1,1,1,1,1
1,1,1,1,1,1,1,1,1,1
1,1,1,1,1,1,1,1,1,1
1,1,1,1,1,1,1,1,1,1
1,1,1,1,1,1,1,1,1,1
1,1,1,1,1,1,1,1,1,1
1,1,1,1,1,1,1,1,1,1
1,1,1,1,1,1,1,1,1,1
1,1,1,1,1,1,1,1,1,1
1,1,1,1,1,1,1,1,1,1
1,1,1,1,1,1,1,1,1,1
1,1,1,1,1,1,1,1,1,1
1,1,1,1,1,1,1,1,1,1
1,1,1,0.9943467,1,1,1,1,1,1
1,1,1,0.9841846,1,1,1,1,1,1
1,1,1,0.9740101,1,1,1,1,1,1
1,1,1,0.9638235,1,1,1,1,1,1
1,1,1,0.9536252,1,1,1,1,1,1
1,1,1,0.9434158,1,1,1,1,1,1
1,1,1,0.9331956,1,1,1,1,1,1
1,1,1,0.9229653,1,1,1,1,1,1
1,1,0.9910948,0.9127256,1,1,1,1,1,1
1,1,0.9797174,0.9024523,1,1,1,1,1,1
1,1,0.968228,0.892141,1,1,1,1,1,1
1,1,0.9566323,0.8817937,1,1,1,1,1,1
1,1,0.9449364,0.8714131,1,1,1,1,1,1
1,1,0.9331467,0.861002,1,1,1,1,1,1
1,1,0.9212705,0.8505635,1,1,1,1,1,1
1,1,0.9093154,0.8401006,1,1,1,1,1,1
1,1,0.8972924,0.8296202,1,1,1,1,1,1
1,1,0.8852065,0.8191223,1,1,1,1,1,1
1,1,0.8730661,0.8086106,1,1,1,1,1,1
1,1,0.8608793,0.7980889,1,1,1,1,1,1
1,1,0.8486583,0.7875637,1,1,1,1,1,1
1,1,0.8364083,0.7770354,1,1,1,1,1,1
1,1,0.8241375,0.7665077,1,1,1,1,1,2
1,1,0.8118576,0.755987,1,1,1,1,1,2
1,1,0.7995766,0.7454764,1,1,1,1,1,2
1,1,0.7872991,0.734976,1,1,1,1,1,2
1,1,0.7750357,0.7385554,1,1,1,1,1,2
1,1,0.7628146,0.7745554,1,1,1,1,1,2
1,1,0.7506841,0.8135574,1,1,1,1,1,2
1,1,0.7386422,0.8558448,1,1,1,1,1,2
1,1,0.7266864,0.901719,1,1,1,1,1,2
1,1,0.7148146,0.9515178,1,1,1,1,1,2
1,1,0.7030243,1,1,1,1,1,1,2
1,1,0.6913105,1,1,1,1,1,1,2
1,1,0.6796209,1,1,1,1,1,1,2
1,1,0.6679585,1,1,1,1,1,1,2
1,1,0.6563295,1,1,1,1,1,1,2
1,1,0.6447335,1,1,1,1,1,1,2
1,1,0.6331762,1,1,1,1,1,1,2
1,1,0.6216599,1,1,1,1,1,1,2
1,1,0.6101867,1,1,1,1,1,1,2
1,1,0.5987585,1,1,1,1,1,1,2
1,1,0.5873768,1,1,1,1,1,1,2
1,1,0.5760431,1,1,1,1,1,1,2
1,0.7263429,0.5647618,1,1,1,1,1,1,2
1,0.704897,0.5522948,1,1,1,1,1,1,2
1,0.6838456,0.5399766,1,1,1,1,1,1,2
1,0.6632329,0.5278232,1,1,1,1,1,1,2
1,0.6430904,0.5158445,1,1,1,1,1,1,2
1,0.6234457,0.5100213,1,1,1,1,1,1,2
1,0.6043481,0.5542492,1,1,1,1,1,1,2
1,0.5859848,0.604444,1,1,1,1,1,1,2
1,0.5683133,0.6615332,1,1,1,1,1,1,2
1,0.5512887,0.7266397,1,1,1,1,0.9933556,1,2
1,0.5349588,0.7998329,1,1,1,1,0.984735,1,2
1,0.5192856,1,1,1,1,1,0.9765652,1,2
1,0.5044416,1,1,1,1,1,0.9691092,1,2
1,0.48992,1,1,1,1,1,0.9668006,1,2
1,0.4756519,1,1,1,1,1,0.9656949,1,2
1,0.4616266,1,1,1,1,1,0.9649321,1,2
1,0.4478403,1,1,1,1,1,0.9645258,1,2
0.6555264,0.4342883,1,1,1,1,1,0.9644938,1,2
0.6208606,0.41856,1,1,1,1,1,0.994724,1,2
0.5885179,0.4034606,1,1,1,1,1,1,1,2
0.5582823,0.3889551,1,1,1,1,1,1,1,2
0.5299639,0.387692,1,1,1,1,1,1,1,2
0.5033953,0.4166538,1,1,1,1,1,1,1,2
0.4784326,0.4491547,1,1,1,1,1,1,1,2
0.4549436,0.4857774,1,1,1,1,1,1,1,2
0.4328106,0.527247,1,1,1,1,1,1,1,2
0.4119326,0.5744702,1,0.9842085,1,1,1,1,1,2
0.3922149,0.6285918,1,0.9576904,1,1,1,1,1,2
0.3735725,0.6910845,1,0.9569827,1,1,0.9720532,1,1,2
0.3563537,1,1,0.9561827,1,1,0.9540654,1,1,2
0.3411814,1,1,0.9538648,1,1,0.9390341,1,1,2
0.3448375,1,1,0.9515778,1,1,0.9246116,1,1,2
0.3604674,1,1,0.9490638,1,1,0.9109906,1,1,2
0.3762406,1,1,0.946136,1,1,0.8982264,1,1,2
0.3920824,1,1,0.9427682,1,1,0.8862165,1,1,2
0.4079185,1,1,0.938934,1,1,0.8748733,1,1,2
0.4236736,1,1,0.934616,1,1,0.864124,1,1,2
0.4392692,1,1,0.929803,1,1,0.8539084,1,1,2
0.4546366,1,1,0.9244887,1,1,0.8441714,1,1,2
0.4697034,1,1,0.918668,1,1,0.83487,1,1,2
0.4844037,1,0.9838946,0.9123481,1,1,0.8259665,1,1,1
0.4985395,1,0.9477787,0.9054376,1,1,0.8174977,1,1,1
0.5118683,1,0.9166533,0.8978204,1,1,0.809517,1,1,1
0.5243666,1,0.889675,0.889553,1,1,0.8019738,1,1,1
0.5360245,1,0.8661942,0.8806939,1,1,0.7948279,1,1,1
0.54685,1,0.8456917,0.8713026,1,1,0.7880431,1,1,1
0.5568582,1,0.8277617,0.8614372,1,1,0.7815912,1,1,1
0.566076,1,0.8120734,0.8511513,1,1,0.7754475,1,1,1
0.5745347,1,0.7983666,0.840506,1,1,0.7695931,1,1,0
0.5822791,1,0.786412,0.8295528,1,1,0.7640071,1,1,0
0.5893518,1,0.7760329,0.818339,1,1,0.7586747,1,1,0
0.5958033,1,0.7670727,0.8069155,1,1,0.75358,1,1,0
1,1,0.7594136,0.7953213,1,1,0.7487117,1,1,0
1,1,0.784161,0.7793738,1,1,1,1,1,0
1,1,0.7787775,0.7677518,1,1,1,0.8639123,1,0
1,1,0.7944207,0.7538562,1,1,1,0.6568174,1,0
1,1,0.8484997,0.7369799,1,1,1,0.6517169,1,0
1,1,1,0.7207327,1,1,1,0.6470384,1,0
1,1,1,0.7052763,1,1,1,0.6427127,1,0
1,1,1,0.6901776,1,1,1,0.6388017,1,0
0.5772964,1,1,0.6754431,1,1,1,0.635308,1,0
1,1,1,0.6641921,1,1,1,0.6308616,1,0
1,1,1,0.6499581,0.7048846,1,1,0.6279656,1,0
0.5701642,1,1,0.6359576,0.6866616,1,1,0.6255734,1,0
1,1,1,0.6238361,0.6716844,1,1,0.6225489,1,0
0.5646013,1,1,0.6104545,0.6544653,1,1,0.6208828,1,0
1,1,1,0.5987794,0.6402636,1,1,0.6183447,1,0
0.5594677,1,1,0.5859575,0.6239442,1,1,0.6174032,1,0
1,1,1,0.5746996,0.6104792,1,1,0.6152874,1,0
0.5547988,1,1,0.5623782,0.5949609,1,1,0.6150692,0.5932237,0
0.5506326,1,1,0.5503384,0.5798873,1,1,1,0.5879349,0
1,1,1,0.5394721,0.5671073,0.6175022,1,1,0.5835458,0
0.5460843,1,1,0.5310553,0.5527245,0.5991428,1,1,0.5790181,0
0.5425781,1,1,0.5796375,0.5389112,0.5817246,1,1,0.5749858,0
0.5394862,1,1,0.6400241,0.5255893,0.5651206,1,1,0.571395,0
0.5367708,1,1,0.716485,0.5127044,0.5492455,1,1,0.5682019,0
0.5343956,1,1,1,0.5002029,0.5340179,1,1,0.5653654,0
0.5325591,1,1,1,0.4881364,0.519546,1,1,0.5628354,0
1,1,1,1,0.4762805,0.5054289,1,1,0.5605808,0
0.5273401,1,1,1,0.463955,0.4903532,1,1,0.5587862,0
1,1,1,1,0.4525624,0.4770324,1,1,0.5571369,0
0.5225038,1,1,1,0.4407002,0.4626862,1,1,0.5560886,0
1,1,1,1,0.4296972,0.4500604,0.5157405,1,0.5549702,0
1,1,1,1,0.4265464,0.4363525,0.4965725,1,1,0
1,1,1,1,0.4850582,0.422998,0.4781134,1,1,0
0.5116955,1,1,1,0.5681735,0.4099737,0.4603139,1,1,1
1,1,1,1,0.5661711,0.3994437,0.4482773,1,1,0
1,1,1,1,1,0.3868197,0.4312921,1,1,0
1,1,1,1,1,0.374709,0.4154238,1,1,0
1,1,1,1,1,0.362857,0.4000882,1,1,0
1,1,0.9879611,1,1,0.3512471,0.3852521,1,1,0
1,1,0.9507416,1,1,0.3398727,0.3709154,1,1,0
1,1,0.9456633,1,1,0.3358075,0.3571045,1,1,0
1,1,0.9414243,1,1,0.3687503,0.3436888,1,1,0
1,1,0.9369255,1,1,0.4072181,0.330662,1,1,0
1,1,0.9321367,1,1,0.4522347,0.3179789,1,1,0
1,1,0.9270359,1,1,0.5050548,0.3056028,1,1,0
1,1,0.9216056,1,1,1,0.2935016,0.3948371,1,0
1,1,0.9210828,1,1,1,0.2806212,0.3724554,1,0
1,1,0.920981,1,1,1,0.2680793,0.3511781,1,0
1,1,0.921315,1,1,1,0.2558563,0.3309197,1,0
1,1,0.9221044,1,1,1,0.2439368,0.3116071,1,0
1,1,0.9233673,1,1,1,0.2561848,0.2931702,1,0
1,1,0.9251279,1,1,1,0.2858602,0.2755495,1,0
1,1,0.9274091,0.990788,1,1,0.3221051,0.2586872,1,0
1,1,0.9302362,0.9370258,1,1,0.3669621,0.2425305,1,0
1,1,0.9336418,0.8881056,1,1,0.4234548,0.2270351,1,0
1,1,0.9363009,0.8462936,1,1,1,0.2123889,0.3429531,0
1,1,0.9408928,0.8049089,1,1,1,0.1980578,0.3133586,0
1,1,0.9461659,0.7825188,1,1,1,0.1842687,0.285927,0
0.7871851,1,0.9521725,0.7807623,1,1,1,0.1724146,0.2604417,0
0.7150344,1,0.9589577,0.779392,1,1,1,0.1859678,0.2366998,0
0.6678335,1,0.9665812,0.7784234,0.9469832,1,1,0.2010666,0.2145351,0
0.6343856,1,0.9751051,0.7778699,0.8900938,1,1,0.217913,0.1937973,0
0.6180729,1,0.9819897,0.7765338,0.8427929,1,1,0.2355831,0.1748357,0
0.6122875,1,1,0.7743556,0.8028682,1,1,0.2539342,0.157288,0
0.6111151,1,1,0.7717434,0.7674787,1,1,0.2733043,0.1476075,0
0.6151454,1,1,0.7683196,0.7367239,1,1,0.2932187,0.1553882,0
0.6240352,1,1,0.7638982,0.7101545,1,1,0.3132817,0.1632377,0
0.6362625,1,1,0.7586222,0.6866984,1,1,1,0.1711458,1
0.6811076,1,1,0.7463716,0.6790236,1,1,1,0.1772258,1
0.7226745,1,1,0.7348653,0.6697143,1,1,1,0.1834922,1
0.7608977,1,1,0.7239618,0.6590622,1,1,1,0.1899433,1
0.7959445,1,1,0.7135311,0.6473595,0.9855592,1,1,0.1965728,1
1,1,1,0.7033578,0.6351053,0.9647533,1,1,0.2033325,0
1,1,1,0.6972042,0.6207989,0.9234357,1,1,0.2116725,0
1,1,1,0.6901251,0.6133364,0.8885124,1,1,0.2199097,0
1,1,1,0.6822335,0.6053907,0.8584536,1,1,0.2280315,0
1,1,1,0.6735731,0.5969864,0.8324431,1,1,0.2360032,1
1,1,1,0.6641857,0.5881456,0.8098558,1,1,0.2437905,1
1,1,1,0.6541268,0.5789005,0.7901955,1,1,0.2513677,1
1,1,1,0.6434516,0.5692825,0.7730731,1,1,0.2587102,1
1,1,1,0.6322176,0.5593246,0.758169,1,1,1,2
1,1,0.8049036,0.6102036,0.5427705,0.7897858,1,1,1,2
1,1,0.7681254,0.5890577,0.5390043,0.8265392,1,1,1,2
1,1,0.7334828,0.5687193,0.5516635,0.8695515,1,1,1,2
1,1,0.7007802,0.5491325,0.566134,1,1,1,1,2
1,1,0.6698493,0.5302496,0.5826848,1,1,1,1,2
1,1,0.6405319,0.51202,0.6016381,1,1,1,1,2
1,1,0.6127005,0.4944074,0.6233884,1,1,1,1,2
1,1,0.5862283,0.4773681,0.6484281,1,1,1,1,2
1,1,0.5610098,0.4608684,0.6773644,1,1,1,1,2
1,1,0.5369464,0.467613,0.7109722,1,1,1,1,2
1,1,0.5139492,0.4805241,0.7502496,1,1,1,1,2
1,1,0.4919413,0.495241,0.7965026,1,1,1,1,2
1,1,0.4708537,0.5120214,1,1,1,1,1,2
1,1,0.4506158,0.5311848,1,1,1,1,1,2
1,1,0.4311705,0.5531131,1,1,1,1,1,2
1,0.6852464,0.412466,0.5782771,1,1,1,1,1,2
1,0.6412086,0.3944515,0.6072682,1,1,1,1,1,2
1,0.6004103,0.3770798,0.6408329,1,1,1,1,1,2
1,0.562499,0.3769046,0.6799227,1,1,1,1,1,2
1,0.5271668,0.3879582,0.7257755,1,1,1,1,1,2
1,0.4941527,0.4004091,1,1,1,1,1,1,2
1,0.4632251,0.4144264,1,1,1,1,1,1,2
1,0.4341817,0.4302095,1,1,1,1,1,1,2
1,0.4068501,0.4479949,1,1,1,1,1,1,2
1,0.381074,0.4680654,1,1,1,1,1,1,2
1,0.3567194,0.4907647,1,1,1,1,1,1,2
1,0.3336636,0.5165029,1,1,1,1,1,1,2
1,0.3118015,0.5457864,1,1,1,1,1,1,2
0.6047063,0.2910346,0.5792434,1,1,1,1,1,1,2
0.543941,0.2891269,0.6176566,1,1,1,1,1,1,2
0.4897439,0.2974672,0.9580424,1,1,1,1,0.9851785,1,2
0.4411104,0.3066403,1,1,1,1,1,0.9705652,1,2
0.3972181,0.3167133,1,1,1,1,1,0.9565051,1,2
0.3574179,0.3277639,1,1,1,1,1,0.9429644,1,2
0.3211558,0.3398804,1,1,1,1,1,0.9299123,1,2
0.2879852,0.3531603,1,1,1,1,1,0.9173218,1,2
0.2575323,0.3677147,1,1,1,1,1,0.9051679,1,2
0.2516901,0.3836735,1,1,1,1,1,0.8934253,1,2
0.2583168,0.4011801,1,1,1,1,1,0.8820745,1,2
0.2654714,0.4204055,1,1,1,1,1,0.8710933,1,2
0.2731817,0.4415455,1,1,1,1,1,0.8604628,1,2
0.2814782,0.4648272,1,1,1,1,1,0.8501655,1,2
0.2903964,0.4905205,1,1,1,1,1,0.8564542,1,2
0.2999716,0.5189365,1,1,1,1,1,0.8831102,1,2
0.310243,0.7701995,1,1,1,1,1,0.9143606,1,2
0.3212576,0.8010912,1,1,1,1,1,0.9513295,1,2
0.3330657,0.8505225,1,1,1,1,0.9984725,0.9955268,1,2
0.3457205,1,1,1,1,1,0.9764516,1,1,2
0.3587256,1,1,1,1,1,0.9564301,1,1,2
0.3720447,1,1,1,1,1,0.9380885,1,1,2
0.3856274,1,1,1,1,1,0.9211942,1,1,2
0.3994215,1,1,1,1,1,0.9055538,1,1,2
0.4133702,1,1,1,1,1,0.8910072,1,1,2
0.4274229,1,1,1,1,1,0.8774153,1,1,2
0.4415255,1,1,1,1,1,0.8646621,1,1,2
0.4556246,1,1,1,1,1,0.85265,1,1,2
0.4696687,1,1,1,1,1,0.8412946,1,1,2
0.7540519,1,1,1,1,1,0.8305225,1,1,1
0.7432493,1,1,1,1,1,0.8236724,1,1,1
0.732437,1,1,1,1,1,0.816806,1,1,1
0.7216167,1,1,1,1,1,0.8099228,1,1,1
0.7107902,1,1,1,1,1,0.8030254,1,1,1
0.6999589,1,1,1,1,1,0.796113,1,1,1
0.6891245,1,1,1,1,1,0.7891867,1,1,1
0.6921189,1,1,1,1,1,0.7822474,1,1,1
0.7015036,1,1,1,1,1,0.7754598,0.9907427,1,1
0.7101184,1,1,1,1,1,0.769063,0.8761419,1,0
0.7141024,1,1,1,1,1,0.7649897,0.7147222,1,0
0.712061,1,1,1,1,1,0.764111,0.66163,1,0
0.7083958,1,1,1,1,1,0.7644135,0.6570601,1,0
0.704942,1,1,1,1,1,0.7649608,0.6527299,1,0
0.7016968,1,1,1,1,1,0.7657446,0.6486317,1,0
0.6986548,1,1,1,1,1,0.7667564,0.6447579,1,0
0.6958127,1,1,1,1,1,0.7679859,0.6410994,1,0
0.693163,1,1,1,1,1,1,0.6376486,1,0
0.6960756,1,1,1,1,1,1,0.6333601,1,0
0.6987745,1,1,1,1,1,1,0.6291605,1,0
0.7012688,1,1,1,1,1,1,0.6250526,1,0
0.7035716,1,1,1,1,1,1,0.6210367,1,0
0.7056908,1,1,1,1,1,1,0.6171158,1,0
0.707639,1,1,1,1,1,1,0.6132896,1,0
0.7094237,1,1,1,1,1,1,0.6095612,1,0
0.7110568,1,1,1,1,1,1,0.6059302,1,0
0.7125467,1,1,1,1,1,1,0.6023979,1,0
0.7139024,1,1,1,1,1,1,0.5989655,1,0
0.7151319,1,1,1,1,1,1,0.5956341,1,0
0.7162449,1,1,1,1,1,1,0.5924032,0.5811814,0
0.7092013,1,1,1,1,1,1,0.5916636,0.5750741,0
0.7024545,1,1,1,1,1,1,0.5913776,0.5694519,0
0.6959826,1,1,1,1,1,1,0.5915549,0.5643069,0
0.6897694,1,1,1,1,1,1,0.5922037,0.5596292,0
0.6837982,1,1,1,1,1,1,0.593335,0.5554118,0
0.6780532,1,1,1,1,1,1,0.5949612,0.5516488,0
0.6725202,1,1,1,1,1,1,0.5970964,0.5483353,0
0.6671858,1,1,1,1,1,1,0.5997565,0.5454676,0
0.6620377,1,1,1,1,1,1,1,0.543043,0
0.66228,1,1,1,1,1,1,1,0.540712,0
0.6624538,1,1,1,1,1,1,1,0.5384732,0
0.6625634,1,1,1,1,1,1,1,0.5363269,0
0.6626125,1,1,1,1,1,1,1,0.5342732,0
0.6626033,1,1,1,1,1,1,1,0.5323138,0
0.6625389,1,1,1,1,1,1,1,0.5304486,0
0.6624231,1,1,1,1,1,1,1,0.5286776,0
0.6622587,1,1,1,1,1,1,1,0.5270005,0
0.6620487,1,1,1,1,1,1,1,0.5254174,0
1,1,1,1,1,1,1,1,0.5239294,0
0.6575133,1,1,1,1,1,1,1,0.5233106,0
1,1,1,1,1,1,1,1,0.5221643,0
0.653061,1,1,1,1,1,1,1,0.5220852,0
1,1,1,1,1,1,1,1,0.5212681,0
1,1,1,1,1,1,1,1,0.5217224,0
0.6448296,1,1,1,1,1,1,1,0.5225791,0
1,1,1,1,1,1,1,1,1,1
1,1,1,1,1,1,1,1,1,1
1,1,1,1,1,1,1,1,1,1
1,1,1,1,1,1,1,1,1,1
1,1,1,1,1,1,1,1,1,1
1,1,1,1,1,1,1,1,1,1
1,1,1,1,1,1,1,1,1,1
1,1,1,1,1,1,1,1,1,1
1,1,1,1,1,1,1,1,1,1
1,1,1,1,1,1,1,1,1,1
1,1,1,1,1,1,1,1,1,1
1,1,1,1,1,1,1,1,1,1
1,1,1,1,1,1,1,1,1,1
1,1,1,1,1,1,1,1,1,1
1,1,1,1,1,1,1,1,1,1
1,1,1,1,1,1,1,1,1,1
1,1,1,1,1,1,1,1,1,1
1,1,1,1,1,1,1,1,1,1
1,1,1,1,1,1,1,1,1,1
1,1,1,1,1,1,1,1,1,1
1,1,1,1,1,1,1,1,1,1
1,1,1,1,1,1,1,1,1,1
1,1,1,1,1,1,1,1,1,1
1,1,1,1,1,1,1,1,1,1
1,1,1,1,1,1,1,1,1,1
1,1,1,1,1,1,1,1,1,1
1,1,1,1,1,1,1,1,1,1
1,1,1,1,1,1,1,1,1,1
1,1,1,1,1,1,1,1,1,1
1,1,1,1,1,1,1,1,1,1
1,1,1,1,1,1,1,1,1,1
1,1,1,1,1,1,1,1,1,1
1,1,1,1,1,1,1,1,1,1
1,1,1,1,1,1,1,1,1,1
1,1,1,1,1,1,1,1,1,1
1,1,1,1,1,1,1,1,1,1
1,1,1,1,1,1,1,1,1,1
1,1,1,1,1,1,1,1,1,1
1,1,1,1,1,1,1,1,1,1
1,1,1,1,1,1,1,1,1,1
1,1,1,1,1,1,1,1,1,1
1,1,1,1,1,1,1,1,1,1
1,1,1,1,1,1,1,1,1,1
1,1,1,1,1,1,1,1,1,1
1,1,1,1,1,1,1,1,1,1
1,1,1,1,1,1,1,1,1,1
1,1,1,1,1,1,1,1,1,1
1,1,1,1,1,1,1,1,1,1
1,1,1,1,1,1,1,1,1,1
1,1,1,1,1,1,1,1,1,1
1,1,1,1,1,1,1,1,1,1
1,1,1,1,1,1,1,1,1,1
1,1,1,1,1,1,1,1,1,1
1,1,1,1,1,1,1,1,1,1
1,1,1,1,1,1,1,1,1,1
1,1,1,1,1,1,1,1,1,1
1,1,1,1,1,1,1,1,1,1
1,1,1,0.9932658,1,1,1,1,1,1
1,1,1,0.983252,1,1,1,1,1,1
1,1,1,0.9732347,1,1,1,1,1,1
1,1,1,0.9632138,1,1,1,1,1,1
1,1,1,0.9531897,1,1,1,1,1,1
1,1,1,0.9431623,1,1,1,1,1,1
1,1,1,0.933132,1,1,1,1,1,1
1,1,1,0.9230989,1,1,1,1,1,1
1,1,1,0.9130629,1,1,1,1,1,1
1,1,1,0.9030245,1,1,1,1,1,1
1,1,0.9479453,0.8929837,1,1,1,1,1,1
1,1,0.9369194,0.8828826,1,1,1,0.9875576,1,1
1,1,0.9259842,0.8728035,1,1,1,0.9715607,1,1
1,1,0.9151777,0.8627545,1,1,1,0.955034,1,1
1,1,0.9045011,0.8527356,1,1,1,0.9379761,1,1
1,1,0.8939556,0.8427469,1,1,1,0.9203914,1,1
1,1,0.8835417,0.8327886,1,1,1,0.9022899,1,1
1,1,0.8732597,0.8228616,1,1,1,0.8836887,1,1
1,1,0.8631066,0.8129631,1,1,1,0.8646053,1,1
1,1,0.8530852,0.8030974,1,1,1,0.8450745,1,1
1,1,0.8431914,0.7932626,1,1,1,0.8289603,1,1
1,1,0.833383,0.7834498,1,1,1,0.829635,1,1
1,1,0.8234791,0.7736167,1,1,1,0.8301927,1,1
1,1,0.8134784,0.7637599,1,1,1,0.8306291,1,1
1,1,0.803387,0.7538819,1,1,1,0.8309408,1,1
1,1,0.7932075,0.7439827,1,1,1,0.8311269,1,1
1,1,0.7829402,0.7340595,1,1,1,0.8311872,1,1
1,1,0.7725919,0.7241157,1,1,1,0.8311185,1,1
1,1,0.7621664,0.714152,1,1,1,0.8309236,1,1
1,1,0.7516683,0.7041692,1,1,1,0.8306022,1,1
1,1,0.7410983,0.6941651,1,1,1,0.8301546,1,1
1,1,0.7304646,0.6841438,1,1,1,0.8295832,1,1
1,1,0.7197718,0.6741067,1,1,1,0.8288911,1,1
1,1,0.7090246,0.6640548,1,1,1,0.82808,1,1
1,1,0.6982278,0.6539896,1,1,1,0.8271553,1,1
1,1,0.6873895,0.6439154,1,1,1,0.8261191,1,1
1,1,0.6765113,0.6338306,1,1,1,0.8249758,1,1
1,1,0.6655977,0.6237365,1,1,1,0.8237294,1,1
1,1,0.6546533,0.6136345,1,1,1,0.8223848,1,1
1,1,0.6436826,0.6035258,1,1,1,0.8209483,1,1
1,1,0.6326899,0.6043861,1,1,1,0.8194226,1,1
1,1,0.6216943,0.6177481,1,1,1,0.8178433,1,1
1,1,0.610708,0.631595,1,1,1,0.8162478,1,1
1,1,0.5997316,0.6459295,1,1,1,0.8146375,1,1
1,1,0.5887693,0.6607696,1,1,1,0.8130122,1,1
1,1,0.577818,0.6761025,1,1,1,0.8113756,1,1
1,1,0.5668784,0.6919315,1,1,1,0.809729,1,1
1,1,0.5559542,0.7082595,1,1,1,0.8080737,1,1
1,1,0.5450422,0.7250892,1,1,1,0.8064106,1,1
1,1,0.5341427,0.7424237,1,1,1,0.8047411,1,1
1,1,0.5232558,0.7602652,1,1,1,0.8030658,1,1
1,1,0.512385,1,1,1,1,1,0.9448388,2
1,1,0.5008587,1,1,1,1,1,0.9137508,1
1,1,0.4896023,1,1,1,1,1,0.874859,1
1,1,0.478646,1,1,1,1,1,0.8270005,1
1,1,0.4680211,1,1,1,1,1,0.7695326,1
1,1,0.4577622,1,1,1,1,1,0.7027769,0
1,1,0.4479066,1,1,1,1,1,0.6582853,0
1,1,0.4382799,1,1,1,1,1,0.6582207,0
1,1,0.4285754,1,1,1,1,1,0.6582036,0
1,1,0.4187924,1,1,1,1,1,0.6582291,0
1,1,0.4089274,1,1,1,1,1,0.6582895,0
1,1,0.3989871,1,1,1,1,1,0.6583803,0
1,1,0.3889687,1,1,1,1,1,0.6584942,0
1,1,0.3788734,1,1,1,1,1,0.6586273,1
1,0.5041556,0.3687024,1,1,1,1,1,0.6587743,2
1,0.4833601,0.3562264,1,1,1,1,1,0.6565831,2
1,0.4630166,0.3438862,1,1,1,1,1,0.6543349,2
1,0.4431431,0.3316857,1,1,1,1,1,0.6520411,2
1,0.4237625,0.3196361,1,1,1,1,1,0.6497108,2
1,0.404881,0.3077399,1,1,1,1,1,0.6473528,2
1,0.3864987,0.2959972,1,1,1,1,1,0.644972,2
1,0.3686144,0.2951719,1,1,1,1,1,0.6425729,2
1,0.3512615,0.3115667,1,1,1,1,1,0.6401719,2
1,0.3344776,0.3292987,1,1,1,1,1,0.6377851,2
1,0.3182146,0.3484335,1,1,1,1,1,0.6354057,2
1,0.3024351,0.3690307,1,1,1,1,1,0.6330283,2
1,0.2871004,0.3911474,1,1,1,1,1,0.6306478,2
1,0.2721745,0.4148382,1,1,1,1,1,0.6282596,2
1,0.2576278,0.4401533,1,1,1,1,1,0.6258591,2
0.4211119,0.2434255,0.4671374,1,1,1,1,1,0.6234422,2
0.384204,0.2274565,1,1,1,1,1,1,0.6206197,2
0.3503146,0.2121357,1,1,1,1,1,1,0.6178697,2
0.3190945,0.1978789,1,1,1,1,1,1,0.6151901,2
0.2902476,0.2095592,1,1,1,1,1,1,0.6125777,2
0.2635094,0.2224908,1,1,1,1,1,1,0.6100301,2
0.2386686,0.2368158,1,1,1,1,1,1,0.6075457,2
0.2155268,0.2526994,1,1,1,1,1,1,0.6051224,2
0.1939217,0.2703356,1,1,1,1,1,1,0.6027588,2
0.1737069,0.2899531,1,1,1,1,1,1,0.6004527,2
0.1752709,0.3118238,1,1,1,1,1,1,0.5982025,2
0.1839736,0.3362692,1,1,1,1,1,1,0.596008,2
0.1933267,0.3636848,1,1,1,1,1,1,0.5938661,2
0.2030292,1,1,1,1,1,1,1,0.5915616,2
0.2109709,1,1,1,1,1,1,1,0.5877878,2
0.2190183,1,1,1,1,1,1,1,0.583894,2
0.2271546,1,1,1,1,1,1,1,0.5798787,2
0.2353624,1,1,1,1,1,1,1,0.5757415,2
0.2436235,1,1,1,1,1,1,1,0.5714828,2
0.2519177,1,1,1,1,1,1,1,0.5671055,2
0.2602283,1,1,1,1,1,1,1,0.56261,1
0.2685345,1,1,1,1,1,1,1,0.5580006,1
0.2768196,1,1,1,1,1,1,1,0.5532793,1
0.2850648,1,1,1,1,1,1,1,0.5484504,1
0.2932516,1,1,1,1,1,1,1,0.5435185,1
0.3013618,1,1,1,1,1,1,1,0.5384893,1
0.3093799,1,1,1,1,1,1,1,0.533367,1
0.3172888,1,1,1,1,1,1,1,0.5281584,1
1,1,1,1,1,1,1,1,0.5228703,0
1,1,1,1,1,1,1,1,0.5148382,0
1,1,1,1,1,1,1,1,0.5071978,0
1,1,1,1,1,1,1,1,0.4999608,0
1,1,1,1,1,1,1,1,1,1
1,1,1,1,1,1,1,1,1,1
1,1,1,1,1,1,1,1,1,1
1,1,1,1,1,1,1,1,1,1
1,1,1,1,1,1,1,1,1,1
1,1,1,1,1,1,1,1,1,1
1,1,1,1,1,1,1,1,1,1
1,1,1,1,1,1,1,1,1,1
1,1,1,1,1,1,1,1,1,1
1,1,1,1,1,1,1,1,1,1
1,1,1,1,1,1,1,1,1,1
1,1,1,1,1,1,1,1,1,1
1,1,1,1,1,1,1,1,1,1
1,1,1,1,1,1,1,1,1,1
1,1,1,1,1,1,1,1,1,1
1,1,1,1,1,1,1,1,1,1
1,1,1,1,1,1,1,1,1,1
1,1,1,1,1,1,1,1,1,1
1,1,1,1,1,1,1,1,1,1
1,1,1,1,1,1,1,1,1,1
1,1,1,1,1,1,1,1,1,1
1,1,1,1,1,1,1,1,1,1
1,1,1,1,1,1,1,1,1,1
1,1,1,1,1,1,1,1,1,1
1,1,1,1,1,1,1,1,1,1
1,1,1,1,1,1,1,1,1,1
1,1,1,1,1,1,1,1,1,1
1,1,1,1,1,1,1,1,1,1
1,1,1,1,1,1,1,1,1,1
1,1,1,1,1,1,1,1,1,1
1,1,1,1,1,1,1,1,1,1
1,1,1,1,1,1,1,1,1,1
1,1,1,1,1,1,1,1,1,1
1,1,1,1,1,1,1,1,1,1
1,1,1,1,1,1,1,1,1,1
1,1,1,1,1,1,1,1,1,1
1,1,1,1,1,1,1,1,1,1
1,1,1,1,1,1,1,1,1,1
1,1,1,1,1,1,1,1,1,1
1,1,1,1,1,1,1,1,1,1
1,1,1,1,1,1,1,1,1,1
1,1,1,1,1,1,1,1,1,1
1,1,1,1,1,1,1,1,1,1
1,1,1,1,1,1,1,1,1,1
1,1,1,1,1,1,1,1,1,1
1,1,1,1,1,1,1,1,1,1
1,1,1,1,1,1,1,1,1,1
1,1,1,1,1,1,1,1,1,1
1,1,1,1,1,1,1,1,1,1
1,1,1,1,1,1,1,1,1,1
1,1,1,1,1,1,1,1,1,1
1,1,1,1,1,1,1,1,1,1
1,1,1,1,1,1,1,1,1,1
1,1,1,1,1,1,1,1,1,1
1,1,1,1,1,0.9929983,1,1,1,1
1,1,1,1,1,0.9828345,1,1,1,1
1,1,1,1,1,0.9726585,1,1,1,1
1,1,1,1,1,0.9624702,1,1,1,1
1,1,1,1,1,0.9522704,1,1,1,1
1,1,1,1,1,0.9420594,1,1,1,1
1,1,1,1,1,0.9318379,1,1,1,1
1,1,1,1,1,0.9216064,1,1,1,1
1,1,1,1,1,0.9113654,1,1,1,1
1,1,1,1,1,0.9011156,1,1,1,1
1,1,1,1,1,0.8908574,1,1,1,1
1,1,1,1,1,0.8805917,1,1,1,1
1,1,1,1,1,0.8703189,1,1,1,1
1,1,1,1,1,0.8600396,1,1,1,1
1,1,1,1,1,0.864318,1,1,1,1
1,1,1,1,1,0.8696873,1,1,1,1
1,1,1,1,1,0.874951,1,1,1,1
1,1,1,1,1,0.8801103,1,1,1,1
1,1,1,1,1,0.8851575,1,1,1,1
1,1,1,1,1,0.890094,1,1,1,1
1,1,1,1,1,0.8949218,1,1,1,1
1,1,1,1,1,1,1,1,1,1
1,1,1,1,1,1,1,1,1,1
1,1,1,1,1,1,1,1,1,1
1,1,1,1,1,1,1,1,1,1
1,1,1,1,1,1,1,1,1,1
1,1,1,1,1,1,1,1,1,1
1,1,1,1,1,1,1,1,1,1
1,1,1,1,1,1,1,1,1,1
1,1,1,1,1,1,1,1,1,1
1,1,1,1,1,1,1,1,1,1
1,1,1,1,1,1,1,1,1,1
1,1,1,1,1,1,1,1,1,1
1,1,1,1,1,1,1,1,1,1
1,1,1,1,1,1,1,1,1,1
1,1,1,1,1,1,1,1,1,1
1,1,1,1,1,1,1,1,1,1
1,1,1,1,1,1,1,1,1,1
1,1,1,1,1,1,1,1,1,1
1,1,1,1,1,1,1,1,1,1
1,1,1,1,1,1,1,1,1,1
1,1,1,1,1,1,0.6228424,1,1,0
1,1,1,1,1,1,0.6101071,1,1,0
1,1,1,1,1,1,0.5974385,1,1,0
1,1,1,1,1,1,0.5848437,1,1,0
1,1,1,1,1,1,0.5723261,1,1,0
1,1,1,1,1,1,0.5598882,1,1,0
1,1,1,1,1,1,0.5475324,1,1,0
1,1,1,1,1,1,0.5352607,1,1,0
1,1,1,1,1,1,0.5230776,1,1,0
1,1,1,1,1,1,0.5109808,1,1,0
1,1,1,1,1,1,0.4989743,1,1,0
1,1,1,1,1,1,0.4870582,1,1,0
1,1,1,1,1,1,0.4752356,1,1,0
1,1,1,1,1,1,0.4759378,1,1,0
1,1,1,1,1,1,0.4895159,1,1,0
1,1,1,1,1,1,0.5034235,1,1,0
1,1,1,1,1,1,0.5176371,1,1,0
1,1,1,1,1,1,0.5321364,1,1,0
1,1,1,1,1,1,1,1,1,1
1,1,1,1,1,1,1,1,1,1
1,1,1,1,1,1,1,1,1,1
1,1,1,1,1,1,1,1,1,1
1,1,1,1,1,1,1,1,1,1
1,1,1,1,1,1,1,1,1,1
1,1,1,1,1,1,1,1,1,1
1,1,1,1,1,1,1,1,1,1
1,1,1,1,1,1,1,0.4172919,1,0
1,1,1,1,1,1,1,0.3981083,1,0
1,1,1,1,1,1,1,0.3795308,1,0
1,1,1,1,1,1,1,0.3615569,1,0
1,1,1,1,1,1,1,0.3441758,1,0
1,1,1,1,1,1,1,0.3273731,1,0
1,1,1,1,1,1,1,0.3111283,1,0
1,1,1,1,1,1,1,0.3218456,1,0
1,1,1,1,1,1,1,0.3342553,1,0
1,1,1,1,1,1,1,0.3472861,1,0
1,1,1,1,1,1,1,0.360934,1,0
1,1,1,1,1,1,1,1,1,1
1,1,1,1,1,1,1,1,0.3530888,0
1,1,1,1,1,1,1,1,0.32546,0
1,1,1,0.9729687,1,1,1,1,0.2997395,0
1,1,1,0.9371132,1,1,1,1,0.2757347,0
1,1,1,0.9386488,1,1,1,1,0.2733452,0
1,1,1,0.9407474,1,1,1,1,0.2832164,0
1,1,1,0.9434298,1,1,1,1,0.2938068,0
1,1,1,0.9467274,1,1,1,1,0.3051627,0
1,1,1,0.9503121,1,1,1,1,0.317191,0
1,1,1,0.9539886,0.9628453,1,1,1,1,1
1,1,1,0.9412481,0.9562863,1,1,1,1,1
1,1,1,0.9281944,0.9505304,1,1,1,1,1
1,1,1,0.9148515,0.9455618,1,1,1,1,1
1,1,1,0.9012488,0.9413703,1,1,1,1,1
1,1,1,0.8874115,0.9379476,1,1,1,1,1
1,1,1,0.8733697,0.9352852,1,1,1,1,2
1,1,1,0.8591496,0.9333758,1,1,1,1,2
1,1,1,0.8447804,0.9322149,1,1,1,1,2
1,1,1,0.8302873,0.9318025,1,1,1,1,2
1,1,1,0.8156986,0.9321333,1,1,1,1,2
1,1,1,0.8010373,0.9332111,1,1,1,1,2
1,1,1,0.7863293,0.9350341,1,1,1,1,2
1,1,0.9881854,0.7715987,0.9376052,1,1,1,1,2
1,1,0.9656478,0.7566604,0.9417015,1,1,1,1,2
1,1,0.9424409,0.7413848,0.9480748,1,1,1,1,2
1,1,0.9187112,0.7258353,0.9568498,1,1,1,1,2
1,1,0.8946074,0.7100778,0.9681686,1,1,1,1,2
1,1,0.8702762,0.7049454,0.9821979,1,1,1,1,2
1,1,0.846089,0.7100875,0.9985185,1,1,1,1,2
1,1,0.8223364,0.7159398,1,1,1,1,1,2
1,1,0.7988552,0.7227988,1,1,1,1,1,2
1,1,0.7756835,0.7307276,1,1,1,1,1,2
1,1,0.752876,0.7397623,1,1,1,1,1,2
1,1,0.7304778,0.7499415,1,1,1,1,1,2
1,1,0.7085244,0.7613096,1,1,1,1,1,2
1,1,0.6870466,0.7739042,1,1,1,1,1,2
1,1,0.6660664,0.7877725,1,1,1,1,1,2
1,1,0.6455904,0.8029617,1,1,1,1,1,2
1,1,0.6256307,0.8195182,1,1,1,1,1,2
1,1,0.606181,0.8374918,1,1,1,1,1,2
1,1,0.5872421,0.85694,1,1,1,1,1,2
1,1,0.5688029,0.8779157,1,1,1,1,1,2
1,1,0.5621763,1,1,1,1,1,1,2
1,1,0.5671971,1,1,1,1,1,1,2
1,1,0.5723931,1,1,1,1,1,1,2
1,1,0.5777605,1,1,1,1,1,1,2
1,0.7925392,0.5832929,1,1,1,1,1,1,2
1,0.7506433,0.5957261,1,1,1,1,1,1,2
1,0.7102658,0.6101866,1,1,1,1,1,1,2
1,0.6715974,0.6268226,1,1,1,1,1,1,2
1,0.6347483,0.6458037,1,1,1,1,1,1,2
1,0.5997733,0.667305,1,1,1,1,1,1,2
1,0.566682,0.6915248,1,1,1,1,1,1,2
1,0.5354387,0.7186769,1,1,1,1,1,1,2
1,0.505978,0.7489969,1,1,1,1,1,1,2
1,0.4782182,1,1,1,1,1,1,1,2
1,0.4539975,1,1,1,1,1,1,1,2
1,0.4414228,1,1,1,1,1,1,1,2
1,0.4493653,1,1,1,1,1,1,1,2
1,0.4577113,1,1,1,1,1,1,1,2
1,0.4664521,1,1,1,1,1,1,1,2
0.6936997,0.47558,1,1,1,1,1,1,1,2
0.6321244,0.4881744,1,1,1,1,1,1,1,2
0.5768599,0.5018874,1,1,1,1,1,1,1,2
0.5269861,0.5168133,1,1,1,1,1,1,1,2
0.4817526,0.5330561,1,1,1,1,1,1,1,2
0.4405493,0.5507332,1,1,1,1,1,1,1,2
0.4028623,0.5699803,1,1,1,1,1,1,1,2
0.3940078,0.5909498,1,1,1,1,1,1,1,2
0.4019887,0.613818,1,1,1,1,1,1,1,2
0.410585,1,1,1,1,1,1,1,1,2
0.4198302,1,1,1,1,1,1,1,1,2
0.4295782,1,1,1,1,1,1,1,1,2
0.4398163,1,1,1,1,1,1,1,1,2
0.4505353,1,1,1,1,1,1,1,1,2
0.461723,1,1,1,1,1,1,1,1,2
0.4733676,1,1,1,1,1,1,1,1,2
0.4854537,1,1,1,1,1,1,1,1,2
0.4979661,1,1,1,1,1,1,1,1,2
0.510886,1,1,1,1,1,1,1,1,2
0.5241948,1,1,1,1,1,1,1,1,2
0.5378702,1,1,1,1,1,1,1,1,2
0.5518905,1,1,1,1,1,1,1,1,2
0.5662317,1,1,1,1,1,1,1,1,2
1,1,1,1,1,1,1,1,1,1
1,1,1,1,1,1,1,1,1,1
1,1,1,1,1,1,1,1,1,1
1,1,1,1,1,1,1,1,1,1
1,1,1,1,1,1,1,1,1,1
1,1,1,1,1,1,1,1,1,1
1,1,1,1,1,1,1,1,1,1
1,1,1,1,1,1,1,1,1,1
1,1,1,1,1,1,1,1,1,1
1,1,1,1,1,1,1,1,1,1
1,1,1,1,1,1,1,1,1,1
1,1,1,1,1,1,1,1,1,1
1,1,1,1,1,1,1,1,1,1
1,1,1,1,1,1,1,1,1,1
1,1,1,1,1,1,1,1,1,1
1,1,1,1,1,1,1,1,1,1
1,1,1,1,1,1,1,1,1,1
1,1,1,1,1,1,1,1,1,1
1,1,1,1,1,1,1,1,1,1
1,1,1,1,1,1,1,1,1,1
1,1,1,1,1,1,1,1,1,1
1,1,1,1,1,1,1,1,1,1
1,1,1,1,1,1,1,1,1,1
1,1,1,1,1,1,1,1,1,1
1,1,1,1,1,1,1,1,1,1
1,1,1,1,1,1,1,1,1,1
1,1,1,1,1,1,1,1,1,1
1,1,1,1,1,1,1,1,1,1
1,1,1,1,1,1,1,1,1,1
1,1,1,1,1,1,1,1,1,1
1,1,1,1,1,1,1,1,1,1
1,1,1,1,1,1,1,1,1,1
1,1,1,1,1,1,1,1,1,1
1,1,1,1,1,1,1,1,1,1
1,1,1,1,1,1,1,1,1,1
1,1,1,1,1,1,1,1,1,1
1,1,1,1,1,1,1,1,1,1
1,1,1,1,1,1,1,1,1,1
1,1,1,1,1,1,1,1,1,1
1,1,1,1,1,1,1,1,1,1
1,1,1,1,1,1,1,1,1,1
1,1,1,1,1,1,1,1,1,1
1,1,1,1,1,1,1,1,1,1
1,1,1,1,1,1,1,1,1,1
1,1,1,1,1,1,1,1,1,1
1,1,1,1,1,1,1,1,1,1
1,1,1,1,1,1,1,1,1,1
1,1,1,1,1,1,1,1,1,1
1,1,1,1,1,1,1,1,1,1
1,1,1,1,1,1,1,1,1,1
1,1,1,1,1,1,1,1,1,1
1,1,1,1,1,1,1,1,1,1
1,1,1,1,1,1,1,1,1,1
1,1,1,1,1,1,1,1,1,1
1,1,1,1,1,1,1,1,1,1
1,1,1,1,1,1,1,1,1,1
1,1,1,1,1,1,1,1,1,1
1,1,1,1,1,1,1,1,1,1
1,1,1,1,1,1,1,1,1,1
1,1,1,1,1,1,1,1,1,1
1,1,1,1,1,1,1,1,1,1
1,1,1,1,1,1,1,1,1,1
1,1,1,1,1,1,1,1,1,1
1,1,1,1,1,1,1,1,1,1
1,1,1,1,1,1,1,1,1,1
1,1,1,1,1,1,1,1,1,1
1,1,1,1,1,1,1,1,1,1
1,1,1,1,1,1,1,1,1,1
1,1,1,1,1,1,1,1,1,1
1,1,1,1,1,1,1,1,1,1
1,1,1,1,1,1,1,1,1,1
1,1,1,1,1,1,1,1,1,1
1,1,1,1,1,1,1,1,1,1
1,1,1,1,1,1,1,1,1,1
1,1,1,1,1,1,1,1,1,1
1,1,1,1,1,1,1,1,1,1
1,1,1,1,1,1,1,1,1,1
1,1,1,1,1,1,1,1,1,1
1,1,1,1,1,1,1,0.9734883,1,1
1,1,1,1,1,1,1,0.9160118,1,1
1,1,1,1,1,1,1,0.9114397,1,1
1,1,1,1,1,1,1,0.9069338,1,1
1,1,1,1,1,1,1,0.9024979,1,1
1,1,1,1,1,1,1,0.8981348,1,0
1,1,1,1,1,1,1,0.8938466,1,0
1,1,1,1,1,1,1,0.8896359,1,0
1,1,1,1,1,1,1,0.8855052,1,0
1,1,1,1,1,1,1,0.8814569,1,0
1,1,1,1,1,1,1,0.8774934,1,0
1,1,1,1,1,1,1,0.8736172,1,0
1,1,1,1,1,1,1,0.8698307,1,0
1,1,1,1,1,1,1,0.8661363,1,0
1,1,1,1,1,1,1,0.8625364,1,0
1,1,1,1,1,1,1,0.8590334,1,0
1,1,1,1,1,1,1,0.8556279,1,0
1,1,1,1,1,1,1,0.8523239,1,0
1,1,1,1,1,1,1,0.849122,1,0
1,1,1,1,1,1,1,0.8460245,1,0
1,1,1,1,1,1,1,0.8430332,1,0
1,1,1,1,1,1,1,0.8401505,1,0
1,1,1,1,1,1,1,0.8373783,1,0
1,1,1,1,1,1,1,0.8347171,1,0
1,1,1,1,1,1,1,0.8321687,1,0
1,1,1,1,1,1,1,0.8297333,1,0
1,1,1,1,1,1,1,0.8274146,1,0
1,1,1,1,1,1,1,0.8252107,1,0
1,1,1,1,1,1,1,0.8231252,1,0
1,1,1,1,1,1,1,0.8211579,0.7843068,0
1,1,1,1,1,1,1,0.8219447,0.779407,0
1,1,1,1,1,1,1,0.8231623,0.7748675,0
1,1,1,1,1,1,1,0.8248147,0.7706928,0
1,1,1,1,1,1,1,1,0.7668857,0
1,1,1,1,1,1,1,1,0.7635725,0
1,1,1,1,1,1,1,1,0.7604257,0
1,1,1,1,1,1,1,1,0.7574493,0
1,1,1,1,1,1,1,1,0.7546471,0
1,1,1,1,1,1,1,1,0.7520224,0
1,1,1,1,1,1,1,1,0.7495788,0
1,1,1,1,1,1,1,1,0.7473194,0
1,1,1,1,1,1,1,1,0.7452458,0
1,1,1,1,1,1,1,1,0.7433606,0
1,1,1,1,1,1,1,1,0.7416668,0
1,1,1,1,1,1,1,1,0.7401652,0
1,1,1,1,1,1,1,1,0.7388583,0
1,1,1,1,1,1,1,1,0.737748,0
1,1,1,1,1,1,1,1,0.7368336,0
1,1,1,1,1,1,1,1,0.7361167,0
1,1,1,1,1,1,1,1,0.7355975,0
1,1,1,1,1,1,1,1,0.7352774,0
1,1,1,1,1,1,1,1,0.7351547,0
1,1,1,1,1,1,1,1,0.7352306,0
1,1,1,1,1,1,1,1,1,1
1,1,1,1,1,1,1,1,1,1
1,1,1,1,1,1,1,1,1,1
1,1,1,1,1,1,1,1,1,1
1,1,1,1,1,1,1,1,1,1
1,1,1,1,1,1,1,1,1,1
1,1,1,1,1,1,1,1,1,1
1,1,1,1,1,1,1,1,1,1
1,1,1,1,1,1,1,1,1,1
1,1,1,1,1,1,1,1,1,1
1,1,1,1,1,1,1,1,1,1
1,1,1,1,1,1,1,1,1,1
1,1,1,1,1,1,1,1,1,1
1,1,1,1,1,1,1,1,1,1
1,1,1,1,1,1,1,1,1,1
1,1,1,1,1,1,1,1,1,1
1,1,1,1,1,1,1,1,1,1
1,1,1,1,1,1,1,1,1,1
1,1,1,1,1,1,1,1,1,1
1,1,1,1,1,1,1,1,1,1
1,1,1,1,1,1,1,1,1,1
1,1,1,1,1,1,1,1,1,1
1,1,1,1,1,1,1,1,1,1
1,1,1,1,1,1,1,1,1,1
1,1,1,1,1,1,1,1,1,1
1,1,1,1,1,1,1,1,1,1
1,1,1,1,1,1,1,1,1,1
1,1,1,1,1,1,1,1,1,1
1,1,1,1,1,1,1,1,1,1
1,1,1,1,1,1,1,1,1,1
1,1,1,1,1,1,1,1,1,1
1,1,1,1,1,1,1,1,1,1
1,1,1,1,1,1,1,1,1,1
1,1,1,1,1,1,1,1,1,1
1,1,1,1,1,1,1,1,1,1
1,1,1,1,1,1,1,1,1,1
1,1,1,1,1,1,1,1,1,1
1,1,1,1,1,1,1,1,1,1
1,1,1,1,1,1,1,1,1,1
1,1,1,1,1,1,1,1,1,1
1,1,1,1,1,1,1,1,1,1
1,1,1,1,1,1,1,1,1,1
1,1,1,1,1,1,1,1,1,1
1,1,1,1,1,1,1,1,1,1
1,1,1,1,1,1,1,1,1,1
1,1,1,1,1,1,1,1,1,1
1,1,1,1,1,1,1,1,1,1
1,1,1,1,1,1,1,1,1,1
1,1,1,1,1,1,1,1,1,1
1,1,1,1,1,1,1,1,1,1
1,1,1,1,1,1,1,1,1,1
1,1,1,1,1,1,0.99068,1,1,1
1,1,1,1,1,1,0.9789916,1,1,1
1,1,1,1,1,1,0.9671629,1,1,1
1,1,1,1,1,1,0.955198,1,1,1
1,1,1,1,1,1,0.9431018,1,1,1
1,1,1,1,1,1,0.9308761,1,1,1
1,1,1,1,1,1,0.9185306,1,1,1
1,1,1,1,1,1,0.9074866,1,1,1
1,1,1,1,1,1,0.9087354,1,1,1
1,1,1,1,1,1,0.9099811,1,1,1
1,1,1,1,1,1,0.9112267,1,1,1
1,1,1,1,1,1,0.9124695,1,1,1
1,1,1,1,1,1,0.9137093,1,1,1
1,1,1,1,1,1,0.9149434,1,1,1
1,1,1,1,1,1,0.9161748,1,1,1
1,1,1,1,1,1,0.9174007,1,1,1
1,1,1,1,1,1,0.9186214,1,1,1
1,1,1,1,1,1,0.9198367,1,1,1
1,1,1,1,1,1,0.9210471,1,1,1
1,1,1,1,1,1,0.9222528,1,1,1
1,1,1,1,1,1,0.9234505,1,1,1
1,1,1,1,1,1,0.924641,1,1,1
1,1,1,1,1,1,0.9258239,1,1,1
1,1,1,1,1,1,0.9269999,1,1,1
1,1,1,1,1,1,0.9281691,1,1,1
1,1,1,1,1,1,0.9293286,1,1,1
1,1,1,1,1,1,0.9304786,0.9961302,1,1
1,1,1,1,1,1,0.931847,0.9773526,1,1
1,1,1,1,1,1,0.9343116,0.9578825,1,1
1,1,1,1,1,1,0.9379071,0.9377736,1,1
1,1,1,1,1,1,0.9426683,0.9170909,1,1
1,1,1,1,1,1,0.9486405,0.8959097,1,0
1,1,1,1,1,1,0.9558659,0.8743003,1,0
1,1,1,1,1,1,0.9643933,0.8523455,1,0
1,1,1,1,1,1,0.9742749,0.8301198,1,0
1,1,1,1,1,1,0.9855603,0.8077024,1,0
1,1,1,1,1,1,0.9983097,0.7851762,1,0
1,1,1,1,1,1,1,0.7626113,1,0
1,1,1,1,1,1,1,0.7398801,1,0
1,1,1,1,1,1,1,0.717029,1,0
1,1,1,1,1,1,1,0.6941337,1,0
1,1,1,1,1,1,1,0.6712728,1,0
1,1,1,1,1,1,1,0.6485172,1,0
1,1,1,1,1,1,1,0.6259335,1,0
1,1,1,1,1,1,1,0.6045877,1,0
1,1,1,1,1,1,1,0.6124951,1,0
1,1,1,1,1,1,1,0.6206135,1,0
1,1,1,1,1,1,1,0.62893,1,0
1,1,1,1,1,1,1,0.637431,1,0
1,1,1,1,1,1,1,0.6461049,1,0
1,1,1,1,1,1,1,0.6549396,0.9429534,0
1,1,1,1,1,1,1,0.6655668,0.889969,0
1,1,1,1,1,1,1,0.6780111,0.8370179,0
1,1,1,1,1,1,1,0.6924278,0.7848639,0
1,1,1,1,1,1,1,0.7089753,0.7341591,0
1,1,1,1,1,1,1,0.7278132,0.6854285,0
1,1,1,1,1,1,1,0.7491027,0.6390552,0
1,1,1,1,1,1,1,0.7730024,0.5952765,0
1,1,1,1,1,1,1,0.7996793,0.5542203,0
1,1,1,1,1,1,1,0.8291494,0.5415953,0
1,1,1,1,1,1,1,1,0.551907,0
1,1,1,1,1,1,1,1,0.5612214,0
1,1,1,1,1,1,1,1,0.5708629,0
1,1,1,1,1,1,1,1,0.5808179,0
1,1,1,1,1,1,1,1,0.5910683,0
1,1,1,1,1,1,1,1,0.6016001,0
1,1,1,1,1,1,1,1,0.6123934,0
1,1,1,1,1,1,1,1,0.6234331,0
1,1,1,1,1,1,1,1,0.6346997,0
1,1,1,1,1,1,1,1,0.6461724,0
1,1,1,1,1,1,1,1,0.6578341,0
1,1,1,1,1,1,1,1,0.669663,0
1,1,1,1,1,1,1,1,0.6816388,0
1,1,1,1,1,1,1,1,0.6937405,0
1,1,1,1,1,1,1,1,0.7059473,0
1,1,1,1,1,1,1,1,0.7182373,0
1,1,1,1,1,1,1,1,0.7305892,0
1,1,1,1,1,1,1,1,0.742981,0
1,1,1,1,1,1,1,1,0.755393,0
1,1,1,1,1,1,1,1,1,1
1,1,1,1,1,1,1,1,1,1
1,1,1,1,1,1,1,1,1,1
1,1,1,1,1,1,1,1,1,1
1,1,1,1,1,1,1,1,1,1
1,1,1,1,1,1,1,1,1,1
1,1,1,1,1,1,1,1,1,1
1,1,1,1,1,1,1,1,1,1
1,1,1,1,1,1,1,1,1,1
1,1,1,1,1,1,1,1,1,1
1,1,1,1,1,1,1,1,1,1
1,1,1,1,1,1,1,1,1,1
1,1,1,1,1,1,1,1,1,1
1,1,1,1,1,1,1,1,1,1
1,1,1,1,1,1,1,1,1,1
1,1,1,1,1,1,1,1,1,1
1,1,1,1,1,1,1,1,1,1
1,1,1,1,1,1,1,1,1,1
1,1,1,1,1,1,1,1,1,1
1,1,1,1,1,1,1,1,1,1
1,1,1,1,1,1,1,1,1,1
1,1,1,1,1,1,1,1,1,1
1,1,1,1,1,1,1,1,1,1
1,1,1,1,1,1,1,1,1,1
1,1,1,1,1,1,1,1,1,1
1,1,1,1,1,1,1,1,1,1
1,1,1,1,1,1,1,1,1,1
1,1,1,1,1,1,1,1,1,1
1,1,1,1,1,1,1,1,1,1
1,1,1,1,1,1,1,1,1,1
1,1,1,1,1,1,1,1,1,1
1,1,1,1,1,1,1,1,1,1
1,1,1,1,1,1,1,1,1,1
1,1,1,1,1,1,1,1,1,1
1,1,1,1,1,1,1,1,1,1
1,1,1,1,1,1,1,1,1,1
1,1,1,1,1,1,1,1,1,1
1,1,1,1,1,1,1,1,1,1
1,1,1,1,1,1,1,1,1,1
1,1,1,1,1,1,1,1,1,1
1,1,1,1,1,1,1,1,1,1
1,1,1,1,1,1,1,1,1,1
1,1,1,1,1,1,1,1,1,1
1,1,1,1,1,1,1,1,1,1
1,1,1,1,1,1,1,1,1,1
1,1,1,1,1,1,1,1,1,1
1,1,1,1,1,1,1,1,1,1
1,1,1,1,1,1,1,1,1,1
1,1,1,1,1,1,1,1,1,1
1,1,1,1,1,1,1,1,1,1
1,1,1,1,1,1,1,1,1,1
1,1,1,1,1,1,1,1,1,1
1,1,1,1,1,1,1,1,1,1
1,1,1,1,1,1,1,1,1,1
1,1,1,1,1,1,1,1,1,1
1,1,1,1,1,1,1,1,1,1
1,1,1,1,1,1,1,1,1,1
1,1,1,1,1,1,1,1,1,1
1,1,1,1,1,1,1,1,1,1
1,1,1,1,1,1,1,1,1,1
1,1,1,1,1,1,1,1,1,1
1,1,1,1,1,1,1,1,1,1
1,1,1,1,1,1,1,1,1,1
1,1,1,1,1,1,1,1,1,1
1,1,1,1,1,1,1,1,1,1
1,1,1,1,1,1,1,1,1,1
1,1,1,1,1,1,1,1,1,1
1,1,1,1,1,1,1,1,1,1
1,1,1,1,1,1,1,1,1,1
1,1,1,1,1,1,1,1,1,1
1,1,1,1,1,1,1,1,1,1
1,1,1,1,1,1,1,1,1,1
1,1,1,1,1,1,1,1,1,1
1,1,1,1,1,1,1,1,1,1
1,1,1,1,1,1,1,1,1,1
1,1,1,1,1,1,1,1,1,1
1,1,1,1,1,1,1,1,1,1
1,1,1,1,1,1,1,1,1,1
1,1,1,1,1,1,1,1,1,1
1,1,1,1,1,1,1,1,1,1
1,1,1,1,1,1,1,1,1,1
1,1,1,1,1,1,1,1,1,1
1,1,1,1,1,1,1,1,1,1
1,1,1,1,1,1,1,1,1,1
1,1,1,1,1,1,1,1,1,1
1,1,1,1,1,1,1,1,1,1
1,1,1,1,1,1,1,1,1,1
1,1,1,1,1,1,1,1,1,1
1,1,1,1,1,1,1,1,1,1
1,1,1,1,1,1,1,1,1,1
1,1,1,1,1,1,1,1,1,1
1,1,1,1,1,1,1,1,1,1
1,1,1,1,1,1,1,1,1,1
1,1,1,1,1,1,1,1,1,1
1,1,1,1,1,1,1,1,1,1
1,1,1,1,1,1,1,1,1,1
1,1,1,1,1,1,1,1,1,1
1,1,1,1,1,1,1,1,1,1
1,1,1,1,1,1,1,1,1,1
1,1,1,1,1,1,1,1,1,1
1,1,1,1,1,1,1,1,1,1
1,1,1,1,1,1,1,1,1,1
1,1,1,1,1,1,1,1,1,1
1,1,1,1,1,1,1,1,1,1
1,1,1,1,1,1,1,1,1,1
1,1,1,1,1,1,1,1,1,1
1,1,1,1,1,1,1,1,1,1
1,1,1,1,1,1,1,1,1,1
1,1,1,1,1,1,1,1,1,1
0.9909364,1,1,1,1,1,1,1,1,1
0.9509953,1,1,1,1,1,1,1,1,1
0.9118954,1,1,1,1,1,1,1,1,1
0.9128424,1,1,1,1,1,1,1,1,1
0.9138287,1,1,1,1,1,1,1,1,1
0.9148535,1,1,1,1,1,1,1,1,1
0.9159147,1,1,1,1,1,1,1,1,1
0.9170114,1,1,1,1,1,1,1,1,1
0.9181432,1,1,1,1,1,1,1,1,1
0.919309,1,1,1,1,1,1,1,1,1
0.9205068,1,1,1,1,1,1,1,1,1
0.9217359,1,1,1,1,1,1,1,1,1
0.9229935,1,1,1,1,0.9921051,1,1,1,1
0.9242598,1,1,1,1,0.9825255,1,1,1,1
0.9255266,1,1,1,1,0.9729123,1,1,1,1
0.9267907,1,1,1,1,0.9632646,1,1,1,1
0.9280484,1,1,1,1,0.9535847,1,1,1,1
0.9292965,1,1,1,1,0.9438683,1,1,1,1
0.9305319,1,1,1,1,0.9341184,1,1,1,1
0.9317513,1,1,1,1,0.9243311,1,1,1,1
0.9329516,1,1,1,1,0.9145063,1,1,1,1
0.9341305,1,1,1,1,0.9046469,0.9999781,1,1,1
0.9352846,1,1,1,1,0.8947499,0.9895462,1,1,1
0.9363452,1,1,1,1,0.8847715,0.9789078,1,1,1
0.9373049,1,1,1,1,0.8747122,0.968066,1,1,1
0.9381588,1,1,1,1,0.864577,0.9570293,1,1,1
0.9389032,1,1,1,1,0.8543648,0.9458002,1,1,1
0.9395348,1,1,1,1,0.8440784,0.934386,1,1,1
0.9400495,1,1,1,1,0.833721,0.9227947,1,1,1
0.9404444,1,1,1,1,0.8232937,0.9110326,1,1,1
0.94072,1,1,1,1,0.8128036,0.8991131,1,1,1
0.9408749,1,1,1,1,0.802256,0.8870474,1,1,1
0.9409097,1,1,1,1,0.7916558,0.8748475,1,1,1
0.9408258,1,1,1,1,0.7810054,0.8625223,1,1,1
0.9406253,1,1,1,1,0.7719101,0.8500881,1,1,1
0.9403151,1,1,1,1,0.7789267,0.8375611,1,1,1
0.9399464,1,1,1,1,0.7866803,0.8250225,1,1,1
0.9395205,1,1,1,1,0.7951843,0.812477,1,1,1
0.9390419,1,1,1,1,0.8044408,0.7999356,1,0.9822249,1
0.9382972,1,1,1,1,0.8172454,0.7871088,1,0.9420205,0
0.9370325,1,1,1,1,0.8374939,0.7736865,1,0.9429154,0
0.9357716,1,1,1,1,0.8587304,0.7603979,1,0.9438756,0
0.9345164,1,1,1,1,0.8809594,0.7472441,1,0.9448963,0
1,1,1,1,1,0.9041842,0.7342221,1,0.9459728,0
1,1,1,1,1,0.9421192,0.7204003,1,0.9477876,0
1,1,1,1,1,0.9826546,0.706799,1,0.949689,0
1,1,1,1,1,1,0.6934082,1,1,0
1,1,1,1,1,1,0.6807593,1,1,0
1,1,1,1,1,1,0.6681479,1,1,0
1,1,1,1,1,1,0.6555757,1,1,0
1,1,1,1,1,1,0.643051,1,1,0
0.9982728,1,1,1,1,1,0.6305749,0.8670165,1,0
0.99554,1,1,1,1,1,0.6171182,0.8427045,1,0
0.992673,1,1,1,1,1,0.6036775,0.8184264,1,0
0.9896957,1,1,1,1,1,0.5902892,0.7942904,1,0
0.9866352,1,1,1,1,1,0.5769814,0.7703871,1,0
0.9835149,1,1,1,1,1,0.5637792,0.746797,1,0
0.98036,1,1,1,1,1,0.5507079,0.7235943,1,0
0.9771914,1,1,1,1,1,0.5680818,0.7008413,1,0
0.9740837,1,1,1,1,1,0.5964411,0.6788355,1,0
0.9710523,1,1,1,1,1,0.6274149,0.6576269,1,0
0.9680937,1,1,1,1,1,0.6612033,0.6371806,1,0
0.9652027,1,1,1,1,1,0.6980225,0.6174635,1,0
0.9623726,1,1,1,1,1,0.7381054,0.598437,1,0
0.9595955,1,1,1,1,1,0.7817029,0.5800624,1,0
0.956864,1,1,1,1,1,0.8290766,0.5623013,1,0
0.9541706,1,1,1,1,1,0.8805048,0.5451195,1,0
0.9515057,1,1,1,1,1,1,0.5284804,1,0
0.9488784,1,1,1,1,1,1,0.5125527,1,0
0.9462463,1,1,1,1,1,1,0.4968874,1,0
0.9436108,1,1,1,1,1,1,0.4814914,0.7920622,0
1,1,1,1,1,1,1,0.4639781,0.7495793,0
0.9887294,1,1,1,1,1,1,0.4461583,0.7062291,0
0.8597859,1,1,1,1,1,1,0.4290856,0.666109,0
0.8575121,1,1,1,1,1,1,0.4167382,0.6311702,0
0.8554111,1,1,1,1,1,1,0.4378297,0.5976694,0
0.8534443,1,1,1,1,1,1,0.4609956,0.5662349,0
0.8516023,1,1,1,1,1,1,0.486379,0.5367781,0
0.8498693,1,1,1,1,1,1,0.5141307,0.5091882,0
0.8482246,1,1,1,1,1,1,0.5444083,0.483342,0
0.8466449,1,1,1,1,1,1,0.5773726,0.4591174,0
0.8451053,1,1,1,1,1,1,0.6131837,0.4363886,0
0.843577,1,1,1,1,1,1,0.6520081,0.4150383,0
0.8420332,1,1,1,1,1,1,0.6940032,0.3949459,0
0.840445,1,1,1,1,1,1,0.7393259,0.3760065,0
0.8387836,1,1,1,1,1,1,0.7881249,0.3731643,0
0.836916,1,1,1,1,1,1,1,0.3865414,0
0.8341696,1,1,1,1,1,1,1,0.3989888,0
0.8312414,1,1,1,1,1,1,1,0.4116249,0
0.828121,1,1,1,1,1,1,1,0.4244181,0
0.8247997,1,1,1,1,1,1,1,0.4373342,0
0.8212687,1,1,1,1,1,1,1,0.4503407,0
0.8175224,1,1,1,1,1,1,1,0.4634003,0
0.8135568,1,1,1,1,1,1,1,0.4764748,0
0.809368,1,1,1,1,1,1,1,0.4895277,0
0.8049552,1,1,1,1,1,1,1,0.5025191,0
0.8003172,1,1,1,1,1,1,1,0.5154116,0
0.7954548,1,1,1,1,1,1,1,0.5281673,0
0.79037,1,1,1,1,1,1,1,0.5407491,1
0.7850677,1,1,1,1,1,1,1,0.5531181,1
0.779551,1,1,1,1,1,1,1,0.5652413,1
0.7738262,1,1,1,1,1,1,1,0.5770847,1
0.767902,1,1,1,1,1,1,1,0.588613,1
0.7797135,1,1,1,1,1,1,1,0.5997987,1
0.797156,1,1,1,1,1,1,1,0.6111787,1
0.8137066,1,1,1,1,1,1,1,0.6229373,1
0.829437,1,1,1,1,1,1,1,0.6350647,1
0.8443977,1,1,1,1,1,1,1,0.6475436,1
0.8152048,1,1,1,1,1,1,1,0.6603629,1
0.8089507,1,1,1,1,1,1,1,0.6719745,1
0.8024939,1,1,1,1,1,1,1,1,2
0.7932239,1,1,1,1,1,1,1,1,2
0.7840043,1,1,1,1,1,1,1,1,2
0.7748457,1,1,1,1,1,1,1,1,2
0.7657622,1,1,1,1,1,1,1,1,2
0.7567679,1,1,1,1,1,1,1,1,2
0.7478738,1,1,1,1,1,1,1,1,2
0.7390934,1,1,1,1,1,1,1,1,2
0.7304408,1,1,1,1,1,1,1,1,2
0.7770344,1,1,1,1,1,1,1,1,2
0.8249184,1,1,1,1,1,1,1,1,2
0.8705081,1,1,1,1,1,1,1,1,2
1,1,1,1,1,1,1,1,1,1
1,1,1,1,1,1,1,1,1,1
1,1,1,1,1,1,1,1,1,1
1,1,1,1,1,1,1,1,1,1
1,1,1,1,1,1,1,1,1,1
1,1,1,1,1,1,1,1,1,1
1,1,1,1,1,1,1,1,1,1
1,1,1,1,1,1,0.9916867,1,1,1
1,1,1,1,1,1,0.9831683,1,1,1
1,1,1,1,1,1,0.974644,1,1,1
1,1,1,1,1,1,0.9661142,1,1,1
1,1,1,1,1,1,0.9575788,1,1,1
1,1,1,1,1,1,0.9490353,1,1,1
1,1,1,1,1,1,0.9404868,1,1,1
1,1,1,1,1,1,0.9319304,1,1,1
1,1,1,1,1,1,0.9233664,1,1,1
1,1,1,1,1,1,0.914798,1,1,1
1,1,1,1,1,1,0.9062223,1,1,1
1,1,1,1,1,1,0.8976399,1,1,1
1,1,1,1,1,1,0.8890508,1,1,1
1,1,1,1,1,1,0.8804552,1,1,1
1,1,1,1,1,1,0.8718535,1,1,1
1,1,1,1,1,1,0.863246,1,1,1
1,1,1,1,1,1,0.8546327,1,1,1
1,1,1,1,1,1,0.846011,1,1,1
1,1,1,1,1,1,0.8373843,1,1,1
1,1,1,1,1,1,0.8287498,1,1,1
1,1,1,1,1,1,0.8201106,1,1,1
1,1,1,1,1,1,0.8114641,1,1,1
1,1,1,1,1,1,0.8028136,1,1,1
1,1,1,1,1,1,0.7941563,1,1,1
1,1,1,1,1,1,0.7854924,0.8218314,1,1
1,1,1,1,1,1,0.7770511,0.8125256,1,1
1,1,1,1,1,1,1,0.80322,1,1
1,1,1,1,1,1,1,0.7936239,1,1
1,1,1,1,1,1,1,0.7840388,1,1
1,1,1,1,1,1,1,0.7744668,1,1
1,1,1,1,1,1,1,0.76491,1,1
1,1,1,1,1,1,1,0.7553704,1,1
1,1,1,1,1,1,1,0.7458533,1,1
1,1,1,1,1,1,1,0.7363572,1,1
1,1,1,1,1,1,1,0.7268873,1,1
1,1,1,1,1,1,1,0.7174454,1,1
1,1,1,1,1,1,1,0.7080329,1,1
1,1,1,1,1,1,1,0.6986516,1,1
1,1,1,1,1,1,1,0.689306,1,1
1,1,1,1,1,1,1,0.6799945,1,1
1,1,1,1,1,1,1,0.6707213,1,1
1,1,1,1,1,1,1,0.6614878,1,1
1,1,1,1,1,1,1,0.652295,1,1
1,1,1,1,1,1,1,0.6431438,1,1
1,1,1,1,1,1,1,0.6340385,1,1
1,1,1,1,1,1,1,0.6249765,1,1
1,1,1,1,1,1,1,0.6159585,1,1
1,1,1,1,1,1,1,0.6069883,1,1
1,1,1,1,1,1,1,0.5980664,1,1
1,1,1,1,1,1,1,0.5891932,1,1
1,1,1,1,1,1,1,0.580369,1,1
1,1,1,1,1,1,1,0.5715909,1,1
1,1,1,1,1,1,1,0.5628654,1,1
1,1,1,1,1,1,1,0.5541893,0.6832339,0
1,1,1,1,1,1,1,0.5446545,0.6670302,0
1,1,1,1,1,1,1,0.5353131,0.6512483,0
1,1,1,1,1,1,1,0.5261701,0.6359016,0
1,1,1,1,1,1,1,0.5172262,0.6209949,0
1,1,1,1,1,1,1,0.5982197,0.606533,0
1,1,1,1,1,1,1,0.6912869,0.5927443,0
1,1,1,1,1,1,1,0.7977133,0.5795718,0
1,1,1,1,1,1,1,1,0.5669683,0
1,1,1,1,1,1,1,1,0.5550278,0
1,1,1,1,1,1,1,1,0.5433213,0
1,1,1,1,1,1,1,1,0.5318509,0
1,1,1,1,1,1,1,1,0.5206214,0
1,1,1,1,1,1,1,1,0.5096364,0
1,1,1,1,1,1,1,1,0.4988917,0
1,1,1,1,1,1,1,1,0.4883893,0
1,1,1,1,1,1,1,1,0.4781307,0
1,1,1,1,1,1,1,1,0.4681095,0
1,1,1,1,1,1,1,1,0.458326,0
1,1,1,1,1,1,1,1,0.4487765,0
1,1,1,1,1,1,1,1,0.4727563,0
1,1,1,1,1,1,1,1,0.5007519,0
1,1,1,1,1,1,1,1,0.5293005,0
1,1,1,1,1,1,1,0.9953831,0.5583125,0
1,1,1,1,1,1,1,0.989356,0.5876953,0
1,1,1,1,1,1,1,0.9834117,0.6173405,0
1,1,1,1,1,1,1,0.9775348,0.6471448,0
1,1,1,1,1,1,1,0.9717115,0.6770024,0
1,1,1,1,1,1,1,0.9659271,0.7068013,0
1,1,1,1,1,1,1,0.9601712,0.7364344,1
1,1,1,1,1,1,1,0.9544347,1,1
1,1,1,1,1,1,1,0.9484631,1,1
1,1,1,1,1,1,1,0.9424908,1,1
1,1,1,1,1,1,1,0.9365177,1,1
1,1,1,1,1,1,1,0.9305409,1,1
1,1,1,1,1,1,1,0.9245633,1,1
1,1,1,1,1,1,1,0.9185821,1,1
1,1,1,1,1,1,1,0.9126003,1,1
1,1,1,1,1,1,1,0.9066148,1,1
1,1,1,1,1,1,1,0.9006289,1,1
1,1,1,1,1,1,1,0.8946392,1,1
1,1,1,1,1,1,1,0.888646,1,1
1,1,1,1,1,1,1,0.8826525,1,1
1,1,1,1,1,1,1,0.8766555,1,1
1,1,1,1,1,1,1,0.8706549,1,1
1,1,1,1,1,1,1,0.864651,1,1
1,1,1,1,1,1,1,0.8586437,1,1
1,1,1,1,1,1,1,0.852633,1,1
1,1,1,1,1,1,1,0.8466221,1,1
1,1,1,1,1,1,1,0.8406079,1,1
1,1,1,1,1,1,1,0.8345904,1,1
1,1,1,1,1,1,1,0.8285698,1,1
1,1,1,1,1,1,1,0.8225459,1,1
1,1,1,1,1,1,1,0.8165158,1,1
1,1,1,1,1,1,1,1,1,1
1,1,1,1,1,1,1,1,0.8657933,1
1,1,1,1,1,1,1,1,0.8586178,1
1,1,1,1,1,1,1,1,0.8514438,1
1,1,1,1,1,1,1,1,0.8442732,1
1,1,1,1,1,1,1,1,0.8371078,1
1,1,1,1,1,1,1,1,0.829953,1
1,1,1,1,1,1,1,1,0.8228073,1
1,1,1,1,1,1,1,1,0.8156759,1
1,1,1,1,1,1,1,1,0.8085639,1
1,1,1,1,1,1,1,1,0.8014698,1
1,1,1,1,1,1,1,1,0.7943988,1
1,1,1,1,1,1,1,1,0.7873526,1
1,1,1,1,1,1,1,1,0.7803329,1
1,1,1,1,1,1,1,1,0.7733445,1
1,1,1,1,1,1,1,1,0.7663892,1
1,1,1,1,1,1,1,1,0.7594684,1
1,1,1,1,1,1,1,1,0.7525836,1
1,1,1,1,1,1,1,1,0.7457363,1
1,1,0.8879226,1,1,1,1,1,0.738931,1
1,1,0.846191,1,1,1,1,1,0.7332898,1
1,1,0.7967144,1,1,1,1,1,0.7280328,2
1,1,0.7399156,1,0.993849,1,1,1,0.7232266,2
1,1,0.7297079,1,0.9736897,1,1,1,0.7189851,2
1,1,0.7224604,1,0.9525787,1,1,1,0.7149442,2
1,1,0.7154076,1,0.9307793,1,1,1,0.7110772,2
1,1,0.7085669,1,0.9084088,1,1,1,0.7073889,2
1,1,0.7019542,1,0.8894707,1,1,1,0.7038833,2
1,1,0.6955667,1,0.8871405,1,1,1,0.700529,2
1,1,0.6893225,1,0.8850376,1,1,1,0.6971641,2
1,1,0.68322,1,0.883155,1,1,1,0.6937782,2
1,1,0.6772551,1,0.8814831,1,1,1,0.6903672,2
1,1,0.6714267,0.9950568,0.880016,1,1,1,0.6869231,2
1,1,0.6657658,0.9628175,0.8788816,1,1,1,0.683497,2
1,1,1,0.9300411,0.8788463,1,1,1,0.6804081,1
1,1,1,0.9169608,0.8690629,1,1,1,0.6730609,1
1,1,1,0.9029605,0.8597651,1,1,1,0.6659157,1
1,1,1,0.8880636,0.8509532,1,1,1,0.6589634,1
1,1,1,0.8723103,0.8426275,1,1,1,0.6521984,1
1,1,1,0.855746,0.8347865,1,1,1,0.6456116,1
1,1,1,0.8384255,0.8274305,1,1,1,0.6391938,1
1,1,1,0.8204195,0.820562,0.9941003,1,1,0.6329385,2
1,1,1,0.8016132,0.8142936,0.9883989,1,1,0.6268857,2
1,1,1,0.7821175,0.808621,0.9837168,1,1,0.6309191,2
1,1,1,0.761838,0.8036768,0.9802876,1,1,0.6384196,2
1,1,1,0.7408678,0.7994942,1,1,1,0.6445743,2
1,1,1,0.719986,0.7956099,1,1,1,0.6501368,2
1,1,1,0.6987549,0.7923956,1,1,1,0.6546043,2
1,0.5320938,1,0.680233,0.7898386,1,1,1,0.6580737,2
1,0.5244441,1,0.682121,0.7971797,1,1,1,0.6486508,2
1,0.5171973,0.9740064,0.684568,0.8054411,1,1,1,0.6398387,2
1,0.5103458,0.9095238,0.6876035,0.8146952,1,1,1,0.6315716,2
1,0.5038817,0.8508854,0.6912587,0.8250214,1,1,1,0.6237957,2
1,0.4978008,0.7972997,0.6955723,0.836514,1,1,1,0.6164585,2
1,0.4920971,0.7481058,0.7005834,0.8492754,1,1,1,0.6095194,2
1,1,0.7027461,0.7063377,0.8634243,1,1,1,0.60294,2
1,1,0.670413,0.7069973,1,1,1,1,0.6027063,2
1,1,0.6423221,0.7060725,1,1,1,1,0.6042848,2
1,1,0.6143154,0.705911,1,1,1,1,0.6051872,2
1,1,0.5865719,0.7065072,1,1,1,1,0.6054968,2
1,1,0.5685852,0.7078511,1,1,1,1,0.6053011,2
0.4732696,1,0.5668098,0.709669,1,1,1,1,0.6049032,2
0.4649904,1,0.5685068,0.7188048,1,1,1,1,0.5990745,2
0.4572001,1,0.570728,0.7290001,1,1,1,1,0.5934944,2
0.449883,1,0.5734979,0.7403447,1,1,1,1,0.5881438,2
0.4430247,1,0.5768436,0.7529401,1,1,1,1,0.5830052,2
0.4366121,1,0.5807957,0.7669023,1,1,1,1,0.5780628,2
0.4306351,1,0.58539,1,1,1,1,1,0.5733003,2
0.542754,0.8103516,0.5906642,1,1,1,1,1,0.5687047,2
1,0.7254679,0.5966626,1,1,1,1,1,0.5642619,2
1,0.6753824,0.5964948,1,1,1,1,1,0.5651233,2
1,0.6245616,0.5975285,1,1,1,1,1,0.5651443,2
1,0.5740311,0.5998098,1,1,1,1,1,0.5643944,2
1,0.5246661,0.6033705,1,1,1,1,1,0.5629703,2
1,0.4771591,0.608235,1,1,1,1,1,0.5609813,2
1,0.4522192,0.6144198,1,1,1,1,1,0.5585414,2
1,0.4521772,0.6213824,1,1,1,1,1,0.5560445,2
1,0.4522725,0.6284488,1,1,1,1,1,0.5538418,2
1,0.4524869,0.6355925,1,1,1,1,1,0.5519003,2
1,0.4528055,0.64279,1,1,1,1,1,0.5501891,2
1,0.4532126,1,1,1,1,1,1,0.5486829,1
1,0.4515007,1,1,1,1,1,1,0.550153,1
1,0.4498432,1,1,1,1,1,1,0.5515676,1
1,0.4482392,1,1,1,1,1,1,0.552929,1
1,0.4466864,1,1,1,1,1,1,0.5542409,1
1,0.4451874,1,1,1,1,1,1,0.5555018,1
1,0.4437397,1,1,1,1,1,1,0.556715,1
1,0.4423428,1,1,1,1,1,1,0.5578824,1
0.6338956,0.4409977,1,1,1,1,1,1,0.5590038,2
0.3879501,0.4436013,1,1,1,1,1,1,0.5557219,2
0.3869883,0.4470597,1,1,1,1,1,1,0.55211,2
0.3864018,0.4510471,1,1,1,1,1,1,0.5485805,2
0.3861918,0.4555865,1,1,1,1,1,1,0.5451286,2
0.3863607,0.4607039,1,1,1,1,1,1,0.5417501,2
0.3869134,0.4664297,1,1,1,1,1,1,0.5384388,2
0.3878539,0.4727956,1,1,1,1,1,1,0.5351909,2
0.3891876,0.4798369,1,1,1,1,1,1,0.5320024,2
0.390921,0.4875925,1,1,1,1,1,1,0.5288696,2
0.3930613,0.9199207,1,1,1,1,1,1,0.5257888,2
0.3940146,0.8959987,1,1,1,1,1,1,0.5246006,2
0.3951499,0.8720095,1,1,1,1,1,1,0.5232885,2
0.3964761,0.8499709,1,1,1,1,1,1,0.5218601,2
0.3979945,0.8576876,1,1,1,1,1,1,0.5203305,2
0.399585,0.8653245,1,1,1,1,1,1,0.5188219,2
0.4012389,0.8728617,1,1,1,1,1,1,0.5173298,2
0.4029478,0.8802802,1,1,1,1,1,1,0.5158499,2
0.4047039,0.8875619,1,1,1,1,1,1,0.5143791,2
0.4064996,1,1,1,1,1,1,1,0.5129145,1
0.4078339,1,1,1,1,1,1,1,0.5117807,1
0.4091911,1,1,1,1,1,1,1,0.5106331,1
0.4105675,1,1,1,1,1,1,1,0.5094739,1
0.4119608,1,1,1,1,1,1,1,0.5083039,1
0.4133705,1,1,1,1,1,1,1,0.5071222,1
0.4147945,1,1,1,1,1,1,1,0.5059298,1
0.416229,1,1,1,1,1,1,1,0.5047289,1
1,1,1,1,1,1,1,1,0.5035189,0
1,1,1,1,1,1,1,1,0.5045178,0
1,1,1,1,1,1,1,1,0.5059329,0
1,1,1,1,1,1,1,1,0.5077637,0
1,1,1,1,1,1,1,1,0.510008,0
1,1,1,1,1,1,1,1,0.5126616,0
1,1,1,1,1,1,1,1,0.5157219,0
1,1,1,1,1,1,1,1,0.5191861,0
1,1,1,1,1,1,1,1,0.5230495,0
1,1,1,1,1,1,1,1,1,1
1,1,1,1,1,1,1,1,1,1
1,1,1,1,1,1,1,1,1,1
1,1,1,1,1,1,1,1,1,1
1,1,1,1,1,1,1,1,1,1
1,1,1,1,1,1,1,1,1,1
1,1,1,1,1,1,1,1,1,1
1,1,1,1,1,1,1,1,1,1
1,1,0.9940529,1,1,1,1,1,1,1
1,1,0.9825269,1,1,1,1,1,1,1
1,1,0.9708718,1,1,1,1,1,1,1
1,1,0.9590915,1,1,1,1,1,1,1
1,1,0.9471902,1,1,1,1,1,1,1
1,1,0.9351729,1,1,1,1,1,1,1
1,1,0.9230412,1,1,1,1,1,1,1
1,1,0.9108043,1,1,1,1,1,1,1
1,1,0.8984685,1,1,1,1,1,1,1
1,1,0.8872949,1,1,1,1,1,1,1
1,1,0.8895916,1,1,1,1,1,1,1
0.7329645,1,0.8918689,1,1,1,1,1,0.9994059,2
0.6459641,1,0.9127487,1,1,1,1,1,1,2
0.6479318,1,0.9408747,1,1,1,1,1,1,2
0.6501281,1,0.9700277,1,1,1,1,1,1,2
0.6525286,1,1,1,1,1,1,1,1,2
0.6551099,1,1,1,1,1,1,1,1,2
0.6579562,1,1,1,1,1,1,1,1,2
1,1,1,1,1,1,1,1,1,1
1,1,1,1,1,1,1,1,1,1
1,0.9922789,1,1,1,1,1,1,1,1
1,0.9771135,1,1,1,1,1,1,0.9891445,1
1,0.9619268,1,1,1,1,1,1,0.9454154,1
1,0.9481264,1,1,1,1,1,1,0.9124831,1
1,0.935244,1,1,1,1,1,1,0.9125447,1
1,0.9218888,1,1,1,1,1,1,0.9125385,1
1,0.9080625,1,1,1,1,1,1,0.9124556,1
1,0.8937699,1,1,1,1,1,1,0.9122888,1
1,0.8790197,1,1,1,1,1,1,0.9120291,1
1,0.8638244,1,1,1,1,1,1,0.9116709,1
1,0.8481994,1,1,1,1,1,1,0.9112083,1
1,0.8321646,1,1,1,1,1,1,0.9106345,1
1,0.8157433,1,1,1,1,1,1,0.9099471,1
1,0.7989614,1,1,1,1,1,1,0.9091431,1
1,0.7818533,1,1,1,1,1,1,0.9082187,1
1,0.7644464,1,1,1,1,1,1,0.9071733,1
1,0.74678,1,1,1,1,1,1,0.906007,1
1,0.7288858,1,1,1,1,1,1,0.9047208,2
1,0.7108058,1,1,1,1,1,1,0.9033169,2
1,0.6925788,1,1,1,1,1,1,0.9017982,2
1,0.6742432,1,1,1,1,1,1,0.9001703,2
1,0.6558379,1,1,1,1,1,1,0.898436,2
1,0.637405,1,1,1,1,1,1,0.8965999,2
1,0.618977,1,1,1,1,1,1,0.8946695,2
1,0.6231569,1,1,1,1,1,1,0.8926502,2
1,0.6287673,1,1,1,1,1,1,0.8906563,2
1,1,1,1,1,1,1,1,1,1
1,1,1,1,1,1,1,1,1,1
1,1,1,1,1,1,1,1,1,1
1,1,1,1,1,1,1,1,1,1
1,1,1,1,1,1,1,1,1,1
1,1,1,1,1,1,1,1,1,1
1,1,1,1,1,1,1,1,1,1
1,1,1,1,1,1,1,1,1,1
1,1,1,1,1,1,1,1,1,1
1,1,1,1,1,1,1,1,1,1
1,1,1,1,1,1,1,1,1,1
1,1,1,1,1,1,1,1,1,1
1,1,1,1,1,1,1,1,1,1
1,1,1,1,1,1,1,1,1,1
1,1,1,1,1,1,1,1,1,1
1,1,1,1,1,1,1,1,1,1
1,1,1,1,1,1,1,1,1,1
1,1,1,1,1,1,1,1,1,1
1,1,1,1,1,1,1,1,1,1
1,1,1,1,1,1,1,1,1,1
1,1,1,1,1,1,1,1,1,1
1,1,1,1,1,1,1,1,1,1
1,1,1,1,1,1,1,1,1,1
1,1,1,1,1,1,1,1,1,1
1,1,1,1,1,1,1,1,1,1
1,1,1,1,1,1,1,1,1,1
1,1,1,1,1,1,1,1,1,1
1,1,1,1,1,1,1,1,1,1
1,1,1,1,1,1,1,1,1,1
1,1,1,1,1,1,1,1,1,1
1,1,1,1,1,1,1,1,1,1
1,1,1,1,1,1,1,1,1,1
1,1,1,1,1,1,1,1,1,1
1,1,1,1,1,1,1,1,1,1
1,1,1,1,1,1,1,1,1,1
1,1,1,1,1,1,1,1,1,1
1,1,1,1,1,1,1,1,1,1
1,1,1,1,1,1,1,1,1,1
1,1,1,1,1,1,1,1,1,1
1,1,1,1,1,1,1,1,1,1
1,1,1,1,1,1,1,1,1,1
1,1,1,1,1,1,1,1,1,1
1,1,1,1,1,1,1,1,1,1
1,1,1,1,1,1,1,1,1,1
1,1,1,1,1,1,1,1,1,1
1,1,1,1,1,1,1,1,1,1
1,1,1,1,1,1,1,1,1,1
1,1,1,1,1,1,1,1,1,1
1,1,1,1,1,1,1,1,1,1
1,1,1,1,1,1,1,1,1,1
1,1,1,1,1,1,1,1,1,1
1,1,1,1,1,1,1,1,1,1
1,1,1,1,1,1,1,1,1,1
1,1,1,1,1,1,1,1,1,1
1,1,1,1,1,1,1,1,1,1
1,1,1,1,1,1,1,1,1,1
1,1,1,1,1,1,1,1,1,1
1,1,1,1,1,1,1,1,1,1
1,1,1,1,1,1,1,1,1,1
1,1,1,1,1,1,1,1,1,1
1,1,1,1,1,1,1,1,1,1
1,1,1,1,1,1,1,1,1,1
1,1,1,1,1,1,1,1,1,1
1,1,1,1,1,1,1,1,1,1
1,1,1,1,1,1,1,1,1,1
1,1,1,1,1,1,1,1,1,1
1,1,1,1,1,1,1,1,1,1
1,1,1,1,1,1,1,1,1,1
1,1,1,1,1,1,1,1,1,1
1,1,1,1,1,1,1,1,1,1
1,1,1,1,1,1,1,1,1,1
1,1,1,1,1,1,1,1,1,1
1,1,1,1,1,1,1,1,1,1
1,1,1,1,1,1,1,1,1,1
1,1,1,1,1,1,1,1,1,1
1,1,1,1,1,1,1,1,1,1
1,1,1,1,1,1,1,1,1,1
1,1,1,1,1,1,1,1,1,1
1,1,1,1,1,1,1,1,1,1
1,1,1,1,1,1,1,1,1,1
1,1,1,1,1,1,1,1,1,1
1,1,1,1,1,1,1,1,1,1
1,1,1,1,1,1,1,1,1,1
1,1,1,1,1,1,1,1,1,1
1,1,1,1,1,1,1,1,1,1
1,1,1,1,1,1,1,1,1,1
1,1,1,1,1,1,1,1,1,1
1,1,1,1,1,1,1,1,1,1
1,1,1,1,1,1,1,1,1,1
1,1,1,1,1,1,1,1,1,1
1,1,1,1,1,1,1,1,1,1
1,1,1,1,1,1,1,1,1,1
1,1,1,1,1,1,1,1,1,1
1,1,1,1,1,1,1,1,1,1
1,1,1,1,1,1,1,1,1,1
1,1,1,1,1,1,1,1,1,1
1,1,1,1,1,1,1,1,1,1
1,1,1,1,1,1,1,1,1,1
1,1,1,1,1,1,1,1,1,1
1,1,1,1,1,1,1,1,1,1
1,1,1,1,1,1,1,1,1,1
1,1,1,1,1,1,1,1,1,1
1,1,1,1,1,1,1,1,1,1
1,1,1,1,1,1,1,1,1,1
1,1,1,1,1,1,1,1,1,1
1,1,1,1,1,1,1,1,1,1
1,1,1,1,1,1,1,1,1,1
1,1,1,1,1,1,1,1,1,1
1,1,1,1,1,1,1,1,1,1
1,1,1,1,1,1,1,1,1,1
1,1,1,1,1,1,1,1,1,1
1,1,1,1,1,1,1,1,1,1
1,1,1,1,1,1,1,1,1,1
1,1,1,1,1,1,1,1,1,1
1,1,1,1,1,1,1,1,1,1
1,1,1,1,1,1,1,1,1,1
1,1,1,1,1,1,1,1,1,1
1,1,1,1,1,1,1,1,1,1
1,1,1,1,1,1,1,1,1,1
1,1,1,1,1,1,1,1,1,1
1,1,1,1,1,1,1,1,1,1
1,1,1,1,1,1,1,1,1,1
1,1,1,1,1,1,1,1,1,1
1,1,1,1,1,1,1,1,1,1
1,1,1,1,1,1,1,1,1,1
1,1,1,1,1,1,1,1,1,1
1,1,1,1,1,1,1,1,1,1
0.9963447,1,1,1,1,1,1,1,1,1
0.9571773,1,1,1,1,1,1,1,1,1
0.9126628,1,1,1,1,1,1,1,1,1
0.8983644,1,1,1,1,1,1,1,1,1
0.8994811,1,1,1,1,1,1,1,1,1
0.9006459,1,1,1,1,1,1,1,1,1
0.9018559,1,1,1,1,1,1,1,1,1
0.9031106,1,1,1,1,1,1,1,1,1
0.9044091,1,1,1,1,1,1,1,1,1
0.9057487,1,1,1,1,1,1,1,1,1
0.9071285,1,1,1,1,1,1,1,1,1
0.9085461,1,1,1,1,1,1,1,1,1
0.9100008,1,1,1,1,1,1,1,1,1
0.9114898,1,1,1,1,1,1,1,1,1
0.9130139,1,1,1,1,1,1,1,1,1
0.9145691,1,1,1,1,1,1,1,1,1
0.9161559,1,1,1,1,1,1,1,1,1
0.9177703,1,1,1,1,1,1,1,1,1
0.9194131,1,1,1,1,1,1,1,1,1
0.9210817,1,1,1,1,1,1,1,1,1
1,1,1,1,1,1,1,1,1,1
1,1,1,1,1,1,1,1,1,1
1,1,1,1,1,1,1,1,1,1
1,1,1,1,1,1,1,1,1,1
1,1,1,1,1,1,1,1,1,1
1,1,1,1,1,1,1,1,1,1
1,1,1,1,1,1,1,1,1,1
1,1,1,1,1,1,1,1,1,1
1,1,1,1,1,1,1,1,1,1
1,1,1,1,1,1,1,1,1,1
1,1,1,1,1,1,1,1,1,1
1,1,1,1,1,1,1,1,1,1
1,1,1,1,1,1,1,1,1,1
1,1,1,1,1,1,1,1,1,1
1,1,1,1,1,1,1,1,1,1
1,1,1,1,1,1,1,1,1,1
1,1,1,1,1,1,1,1,1,1
1,1,1,1,1,1,1,1,1,1
1,1,1,1,1,1,1,1,1,1
1,1,1,1,1,1,1,1,1,1
1,1,1,1,1,1,1,1,1,1
1,1,1,1,1,1,1,1,1,1
1,1,1,1,1,1,1,1,1,1
1,1,1,1,1,1,1,1,1,1
1,1,1,1,1,1,1,1,1,1
1,1,1,1,1,1,1,1,1,1
1,1,1,1,1,1,1,1,1,1
1,1,1,1,1,1,1,1,1,1
1,1,1,1,1,1,1,1,1,1
1,1,1,1,1,1,1,1,1,1
1,1,1,1,1,1,1,1,1,1
1,1,1,1,1,1,1,1,1,1
1,1,1,1,1,1,1,1,1,1
1,1,1,1,1,1,1,1,1,1
1,1,1,1,1,1,1,1,1,1
1,1,1,1,1,1,1,1,1,1
1,1,1,1,1,1,1,1,1,1
1,1,1,1,1,1,1,1,1,1
1,1,1,1,1,1,1,1,1,1
1,1,1,1,1,1,1,1,1,1
1,1,1,1,1,1,1,1,1,1
1,1,1,1,1,1,1,1,1,1
1,1,1,1,1,1,1,1,1,1
1,1,1,1,1,1,1,1,1,1
1,1,1,1,1,1,1,1,1,1
1,1,1,1,1,1,1,1,1,1
1,1,1,1,1,1,1,1,1,1
1,1,1,1,1,1,1,1,1,1
1,1,1,1,1,1,1,1,1,1
1,1,1,1,1,1,1,1,1,1
1,1,1,1,1,1,1,1,1,1
1,1,1,1,1,1,1,1,1,1
1,1,1,1,1,1,1,1,1,1
1,1,1,1,1,1,1,1,1,1
1,1,1,1,1,1,1,1,1,1
1,1,1,1,1,1,1,1,1,1
1,1,1,1,1,1,1,1,1,1
1,1,1,1,1,1,1,1,1,1
1,1,1,1,1,1,1,1,1,1
1,1,1,1,1,1,1,1,1,1
1,1,1,1,1,1,1,1,1,1
1,1,1,1,1,1,1,1,1,1
1,1,1,1,1,1,1,1,1,1
1,1,1,1,1,1,1,1,1,1
1,1,1,1,1,1,1,1,1,1
1,1,1,1,1,1,1,1,1,1
1,1,1,1,1,1,1,1,1,1
1,1,1,1,1,1,1,1,1,1
1,1,1,1,1,1,1,1,1,1
1,1,1,1,1,1,1,1,1,1
1,1,1,1,1,1,1,1,1,1
1,1,1,1,1,1,1,1,1,1
1,1,1,1,1,1,1,1,1,1
1,1,1,1,1,1,1,1,1,1
1,1,1,1,1,1,1,1,1,1
1,1,1,1,1,1,1,1,1,1
1,1,1,1,1,1,1,1,1,1
1,1,1,1,1,1,1,1,1,1
1,1,1,1,1,1,1,1,1,1
1,1,1,1,1,1,1,1,1,1
1,1,1,1,1,1,1,1,1,1
1,1,1,1,1,1,1,1,1,1
1,1,1,1,1,1,1,1,1,1
1,1,1,1,1,1,1,1,1,1
1,1,1,1,1,1,1,1,1,1
1,1,1,1,1,1,1,1,1,1
1,1,1,1,1,1,1,1,1,1
1,1,1,1,1,1,1,1,1,1
1,1,1,1,1,1,1,1,1,1
1,1,1,1,1,1,1,1,1,1
1,1,1,1,1,1,1,1,1,1
1,1,1,1,1,1,1,1,1,1
1,1,1,1,1,1,1,1,1,1
1,1,1,1,1,1,1,1,1,1
1,1,1,1,1,1,1,1,1,1
1,1,1,1,1,1,1,1,1,1
1,1,1,1,1,1,1,1,1,1
1,1,1,1,1,1,1,1,1,1
1,1,1,1,1,1,1,1,1,1
1,1,1,1,1,1,1,1,1,1
1,1,1,1,1,1,1,1,1,1
1,1,1,1,1,1,1,1,1,1
1,1,1,1,1,1,1,1,1,1
1,1,1,1,1,1,1,1,1,1
1,1,1,1,1,1,1,1,1,1
1,1,1,1,1,1,1,1,1,1
1,1,1,1,1,1,1,1,1,1
1,1,1,1,1,1,1,1,1,1
1,1,1,1,1,1,1,1,1,1
1,1,1,1,1,1,1,1,1,1
1,1,1,1,1,1,1,1,1,1
1,1,1,1,1,1,1,1,1,1
1,1,1,1,1,1,1,1,1,1
1,1,1,1,1,1,1,1,1,1
1,1,1,1,1,1,1,1,1,1
1,1,1,1,1,1,1,1,1,1
1,1,1,1,1,1,1,1,1,1
1,1,1,1,1,1,1,1,1,1
1,1,1,1,1,1,1,1,1,1
1,1,1,1,1,1,1,1,1,1
1,1,1,1,1,1,1,1,1,1
1,1,1,1,1,1,1,1,1,1
1,1,1,1,1,1,1,1,1,1
1,1,1,1,1,1,1,1,1,1
1,1,1,1,1,1,1,1,1,1
1,1,1,1,1,1,1,1,1,1
1,1,1,1,1,1,1,1,1,1
1,1,1,1,1,1,1,1,1,1
1,1,1,1,1,1,1,1,1,1
1,1,1,1,1,1,1,1,1,1
1,1,1,1,1,1,1,1,1,1
1,1,1,1,1,1,1,1,1,1
1,1,1,1,1,1,1,1,1,1
1,1,1,1,1,1,1,1,1,1
1,1,1,1,1,1,1,1,1,1
1,1,1,1,1,1,1,1,1,1
1,1,1,1,1,1,1,1,1,1
1,1,1,1,1,1,1,1,1,1
1,1,1,1,1,1,1,1,1,1
1,1,1,1,1,1,1,1,1,1
1,1,1,1,1,1,1,1,1,1
1,1,1,1,1,1,1,1,1,1
1,1,1,1,1,1,1,1,1,1
1,1,1,1,1,1,1,1,1,1
1,1,1,1,1,1,1,1,1,1
1,1,1,1,1,1,1,1,1,1
1,1,1,1,1,1,1,1,1,1
1,1,1,1,1,1,1,1,1,1
1,1,1,1,1,1,1,1,1,1
1,1,1,1,1,1,1,1,1,1
1,1,1,1,1,1,1,1,1,1
1,1,1,1,1,1,1,1,1,1
1,1,1,1,1,1,1,1,1,1
1,1,1,1,1,1,1,1,1,1
1,1,1,1,1,1,1,1,1,1
1,1,1,1,1,1,1,1,1,1
1,1,1,1,1,1,1,1,1,1
1,1,1,1,1,1,1,1,1,1
1,1,1,1,1,1,1,1,1,1
1,1,1,1,1,1,1,1,1,1
1,1,1,1,1,1,0.9960914,1,1,1
1,1,1,1,1,1,0.9846575,1,1,1
1,1,1,1,1,1,0.9731007,1,1,1
1,1,1,1,1,1,0.961421,1,1,1
1,1,1,1,1,1,0.949626,1,1,1
1,1,1,1,1,1,0.93772,1,1,1
1,1,1,1,1,1,0.9257081,1,1,1
1,1,1,1,1,1,0.9135922,1,1,1
1,1,1,1,1,1,0.9013815,1,1,1
1,1,1,1,1,1,0.8890821,1,1,1
1,1,1,1,1,1,0.8766971,1,1,1
1,1,1,1,1,1,0.8642367,1,1,1
1,1,1,1,1,1,0.8517046,1,1,1
1,1,1,1,1,1,0.8391113,1,1,1
1,1,1,1,1,1,0.8264612,1,1,1
1,1,1,1,1,1,0.813765,1,1,1
1,1,1,1,1,1,0.8010306,1,1,1
1,1,1,1,1,1,0.7882621,1,1,1
1,1,1,1,1,1,0.7754707,1,1,0
1,1,1,1,1,1,0.7626606,1,1,0
1,1,1,1,1,1,0.7498428,1,1,0
1,1,1,1,1,1,0.7370244,1,1,0
1,1,1,1,1,1,0.7395591,1,1,0
1,1,1,1,1,1,0.7467434,1,1,0
1,1,1,1,1,1,0.753911,1,1,0
1,1,1,1,1,1,0.7610589,1,1,0
1,1,1,1,1,1,0.7681809,1,1,1
1,1,1,1,1,1,0.7752665,1,1,1
1,1,1,1,1,1,0.7823132,1,1,1
1,1,1,1,1,1,0.7893112,1,1,1
1,1,1,1,1,1,0.7962581,1,1,1
1,1,1,1,1,1,0.803144,1,1,1
1,1,1,1,1,1,0.9611436,1,1,1
1,1,1,1,1,1,0.9499879,1,1,1
1,1,1,1,1,1,0.9387643,1,1,1
1,1,1,1,1,1,0.9274758,1,1,1
1,1,1,1,1,1,0.9266601,1,1,1
1,1,1,1,1,1,0.9301203,1,1,1
1,1,1,1,1,1,0.9335008,1,1,1
1,1,1,1,1,1,0.9367988,1,1,1
1,1,1,1,1,1,0.9400159,1,1,1
1,1,1,1,1,1,0.9431505,1,1,1
1,1,1,1,1,1,0.9462044,0.6742519,1,0
1,1,1,1,1,1,0.9729245,0.6515157,1,0
1,1,1,1,1,1,1,0.6292982,1,0
1,1,1,1,1,1,1,0.6076021,1,0
1,1,1,1,1,1,1,0.58618,1,0
1,1,1,1,1,1,1,0.5650766,1,0
1,1,1,1,1,1,1,0.5443348,1,0
1,1,1,1,1,1,1,0.523991,1,0
1,1,1,1,1,1,1,0.5040755,1,0
1,1,1,1,1,1,1,0.5040469,1,0
1,1,1,1,1,1,1,0.5145541,1,0
1,1,1,1,1,1,1,0.5253911,1,0
1,1,1,1,1,1,1,0.5365416,1,0
1,1,1,1,1,1,1,0.5479907,1,0
1,1,1,1,1,1,1,0.5597223,1,0
1,1,1,1,1,1,1,0.5717167,1,0
1,1,1,1,1,1,1,0.5839558,1,0
1,1,1,1,1,1,1,0.7587814,0.5865358,0
1,1,1,1,1,1,1,0.7358567,0.5462109,0
1,1,1,1,1,1,1,0.7194871,0.5090235,0
1,1,1,1,1,1,1,0.748799,0.4746273,0
1,1,1,1,1,1,1,0.7808429,0.4427244,0
1,1,1,1,1,1,1,0.8159378,0.4461802,0
1,1,1,1,1,1,1,0.8544596,0.4574327,0
1,1,1,1,1,1,1,0.8968536,0.4694862,0
1,1,1,1,1,1,1,0.9411279,0.4818695,0
1,1,1,1,1,1,1,1,0.4944039,0
1,1,1,1,1,1,1,1,0.5069174,0
1,1,1,1,1,1,1,1,0.5198262,0
1,1,1,1,1,1,1,1,0.7471912,0
1,1,1,1,1,1,1,1,0.7278137,0
1,1,1,1,1,1,1,1,0.7084523,0
1,1,1,1,1,1,1,1,0.689165,0
1,1,1,1,1,1,1,1,0.6700026,0
1,1,1,1,1,1,1,1,0.6510139,0
1,1,1,1,1,1,1,1,0.6633791,0
1,1,1,1,1,1,1,1,0.6775693,0
1,1,1,1,1,1,1,1,0.6918612,0
1,1,1,1,1,1,1,1,0.706228,0
1,1,1,1,1,1,1,1,0.7206449,0
1,1,1,1,1,1,1,1,0.7350827,0
1,1,1,1,1,1,1,1,0.7495167,0
1,1,1,1,1,1,1,1,0.7639198,0
1,1,1,1,1,1,1,1,0.7782654,0
1,1,1,1,1,1,1,1,0.7925293,0
1,1,1,1,1,1,1,1,0.8066885,0
1,1,1,1,1,1,1,1,0.8207177,0
1,1,1,1,1,1,1,1,0.8345927,0
1,1,1,1,1,1,1,1,1,1
1,1,1,1,1,1,1,1,1,1
1,1,1,1,1,1,1,1,1,1
1,1,1,1,1,1,1,1,1,1
1,1,1,1,1,1,1,1,1,1
1,1,1,1,1,1,1,1,1,1
1,1,1,1,1,1,1,1,1,1
1,1,1,1,1,1,1,1,1,1
1,1,1,1,1,1,1,1,1,1
1,1,1,1,1,1,1,1,1,1
1,1,1,1,1,1,1,1,1,1
1,1,1,1,1,1,1,1,1,1
1,1,1,1,1,1,1,1,1,1
1,1,1,1,1,1,1,1,1,1
1,1,1,1,1,1,1,1,1,1
1,1,1,1,1,1,1,1,1,1
1,1,1,1,1,1,1,1,1,1
1,1,1,1,1,1,1,1,1,1
1,1,1,1,1,1,1,1,1,1
1,1,1,1,1,1,1,1,1,1
1,1,1,1,1,1,1,1,1,1
1,1,1,1,1,1,1,1,1,1
1,1,1,1,1,1,1,1,1,1
1,1,1,1,1,1,1,1,1,1
1,1,1,1,1,1,1,1,1,1
1,1,1,1,1,1,1,1,1,1
1,1,1,1,1,1,1,1,1,1
1,0.9961916,1,1,1,1,1,1,1,1
1,0.9559482,1,1,1,1,1,1,1,1
1,0.950247,1,1,1,1,1,1,1,1
1,0.9445819,1,1,1,1,1,1,1,1
1,0.9389556,1,1,1,1,1,1,1,1
1,0.9333721,1,1,1,1,1,1,1,1
1,0.9278339,1,1,1,1,1,1,1,1
1,0.9223439,1,1,1,1,1,1,1,1
1,0.9169047,1,1,1,1,1,1,1,1
1,0.9115211,1,1,1,1,1,1,1,1
1,0.9061956,1,1,1,1,1,1,1,1
1,0.9009315,1,1,1,1,1,1,1,1
1,0.8957335,1,1,1,1,1,1,1,2
1,0.8906029,1,1,1,1,1,1,1,2
1,0.8855446,1,1,1,1,1,1,1,2
1,0.8805615,1,1,1,1,1,1,1,2
1,0.8756585,1,1,1,1,1,1,1,2
1,0.8708372,1,1,1,1,1,1,1,2
1,0.8661024,1,1,1,1,1,1,1,2
1,0.861457,1,1,1,1,1,1,1,2
1,0.8569044,1,1,1,1,1,1,1,2
1,0.8524475,1,1,1,1,1,1,1,2
1,0.8480896,1,1,1,1,1,1,1,2
1,0.8438352,1,1,1,1,1,1,1,2
1,0.8396858,1,1,1,1,1,1,1,2
1,0.8356458,1,1,1,1,1,1,1,2
1,0.8317181,1,1,1,1,1,1,1,2
1,0.8279041,1,1,1,1,1,1,1,2
1,0.8242081,1,1,1,1,1,1,1,2
1,0.8206328,1,1,1,1,1,1,1,2
1,0.8171794,1,1,1,1,1,1,1,2
0.8121351,0.8138517,1,1,1,1,1,1,1,2
0.8050193,0.8122113,1,1,1,1,1,1,1,2
0.798225,0.8109695,1,1,1,1,1,1,1,2
0.7917687,0.81014,1,1,1,1,1,1,1,2
0.7856652,0.8097361,1,1,1,1,1,1,1,2
0.7799246,0.8097664,1,1,1,1,1,1,1,2
0.7745586,1,1,1,1,1,1,1,1,2
0.7701089,1,1,1,1,1,1,1,1,2
0.7658116,1,1,1,1,1,1,1,1,2
0.7616717,1,1,1,1,1,1,1,1,2
0.7576939,1,1,1,1,1,1,1,1,2
0.7538847,1,1,1,1,1,1,1,1,2
0.7502469,1,1,1,1,1,1,1,1,2
0.746788,1,1,1,1,1,1,1,1,2
0.7435105,1,1,1,1,1,1,1,1,2
0.7404186,1,1,1,1,1,1,1,1,2
0.7375175,1,1,1,1,1,1,1,1,2
0.7348093,1,1,1,1,1,1,1,1,2
0.7322977,1,1,1,1,1,1,1,1,2
0.7299857,1,1,1,1,1,1,1,1,2
0.7278781,1,1,1,1,1,1,1,1,2
0.7259747,1,1,1,1,1,1,1,1,2
0.7242797,1,1,1,1,1,1,1,1,2
0.7227942,1,1,1,1,1,1,1,1,2
0.7215189,1,1,1,1,1,1,1,1,2
1,1,1,1,1,1,1,1,1,1
1,1,1,1,1,1,1,1,1,1
1,1,1,1,1,1,1,1,1,1
1,1,1,1,1,1,1,1,1,1
1,1,1,1,1,1,1,1,1,1
1,1,1,1,1,1,1,1,1,1
1,1,1,1,1,1,1,1,1,1
1,1,1,1,1,1,1,1,1,1
1,1,1,1,1,1,1,1,1,1
1,1,1,1,1,1,1,1,1,1
1,1,1,1,1,1,1,1,1,1
1,1,1,1,1,1,1,1,1,1
1,1,1,1,1,1,1,1,1,1
1,1,1,1,1,1,1,1,1,1
1,1,1,1,1,1,1,1,1,1
1,1,1,1,1,1,1,1,1,1
1,1,1,1,1,1,1,1,1,1
1,1,1,1,1,1,1,1,1,1
1,1,1,1,1,1,1,1,1,1
1,1,1,1,1,1,1,1,1,1
1,1,1,1,1,1,1,1,1,1
1,1,1,1,1,1,1,1,1,1
1,1,1,1,1,1,1,1,1,1
1,1,1,1,1,1,1,1,1,1
1,1,1,1,1,1,1,1,1,1
1,1,1,1,1,1,1,1,1,1
1,1,1,1,1,1,1,1,1,1
1,1,1,1,1,1,1,1,1,1
1,1,1,1,1,1,1,1,1,1
1,1,1,1,1,1,1,1,1,1
1,1,1,1,1,1,1,1,1,1
1,1,1,1,1,1,1,1,1,1
1,1,1,1,1,1,1,1,1,1
1,1,1,1,1,1,1,1,1,1
1,1,1,1,1,1,1,1,1,1
1,1,1,1,1,1,1,1,1,1
1,1,1,1,1,1,1,1,1,1
1,1,1,1,1,1,1,1,1,1
1,1,1,1,1,1,1,1,1,1
1,1,1,1,1,1,1,1,1,1
1,1,1,1,1,1,1,1,1,1
1,1,1,1,1,1,1,1,1,1
1,1,1,1,1,1,1,1,1,1
1,1,1,1,1,1,1,1,1,1
1,1,1,1,1,1,1,1,1,1
1,1,1,1,1,1,1,1,1,1
1,1,1,1,1,1,1,1,1,1
1,1,1,1,1,1,1,1,1,1
1,1,1,1,1,1,1,1,1,1
1,1,1,1,1,1,1,1,1,1
1,1,1,1,1,1,1,1,1,1
1,1,1,1,1,1,1,1,1,1
1,1,1,1,1,1,1,1,1,1
1,1,1,1,1,1,1,1,1,1
1,1,1,1,1,1,1,1,1,1
1,1,1,1,1,1,1,1,1,1
1,1,1,1,1,1,1,1,1,1
1,1,1,1,1,1,1,1,1,1
1,1,1,1,1,1,1,1,1,1
1,1,1,1,1,1,1,1,1,1
1,1,1,1,1,1,1,1,1,1
1,1,1,1,1,1,1,1,1,1
1,1,1,1,1,1,1,1,1,1
1,1,1,1,1,1,1,1,1,1
1,1,1,1,1,1,1,1,1,1
1,1,1,1,1,1,1,1,1,1
1,1,1,1,1,1,1,1,1,1
1,1,1,1,1,1,1,1,1,1
1,1,1,1,1,1,1,1,1,1
1,1,1,1,1,1,1,1,1,1
1,1,1,1,1,1,1,1,1,1
1,1,1,1,1,1,1,1,1,1
1,1,1,1,1,1,1,1,1,1
1,1,1,1,1,1,1,1,1,1
1,1,1,1,1,1,1,1,1,1
1,1,1,1,1,1,1,1,1,1
1,1,1,1,1,1,1,1,1,1
1,1,1,1,1,1,1,1,1,1
1,1,1,1,1,1,1,1,1,1
1,1,1,1,1,1,1,1,1,1
1,1,1,1,1,1,1,1,1,1
1,1,1,1,1,1,1,1,1,1
1,1,1,1,1,1,1,1,1,1
1,1,1,1,1,1,1,1,1,1
1,1,1,1,1,1,1,1,1,1
1,1,1,1,1,1,1,1,1,1
1,1,1,1,1,1,1,1,1,1
1,1,1,1,1,1,1,1,1,1
1,1,1,1,1,1,1,1,1,1
1,1,1,1,1,1,1,1,1,1
1,1,1,1,1,1,1,1,1,1
1,1,1,1,1,1,1,1,1,1
1,1,1,1,1,1,1,1,1,1
1,1,1,1,1,1,1,1,1,1
1,1,1,0.9961559,1,1,1,1,1,1
1,1,1,0.9859961,1,1,1,1,1,1
1,1,1,0.9758239,1,1,1,1,1,1
1,1,1,0.9656393,1,1,1,1,1,1
1,1,1,0.955443,1,1,1,1,1,1
1,1,1,0.9452356,1,1,1,1,1,1
1,1,1,0.9350172,1,1,1,1,1,1
1,1,1,0.9247888,1,1,1,1,1,1
1,1,1,0.9145507,1,1,1,1,1,1
1,1,1,0.9043036,1,1,1,1,1,1
1,1,1,0.8940479,1,1,1,1,1,1
1,1,1,0.8837844,1,1,1,1,1,1
1,1,1,0.8735137,1,1,1,1,1,1
1,1,1,0.8632364,1,1,1,1,1,1
1,1,1,0.8529533,1,1,1,1,1,1
1,1,1,0.8576106,1,1,1,1,1,1
1,1,1,0.8632318,1,1,1,1,1,1
1,1,1,0.8687431,1,1,1,1,1,1
1,1,1,0.8741461,1,1,1,1,1,1
1,1,1,0.8794419,1,1,1,1,1,1
1,1,0.8568009,0.8846224,1,1,1,1,1,1
1,1,0.8446008,0.9035592,1,1,1,1,1,1
1,1,0.8324265,0.9237912,1,1,1,1,1,1
1,1,0.8202815,0.9453875,1,1,1,1,1,1
1,1,0.8081686,1,1,1,1,1,1,1
1,1,0.7961613,1,1,1,1,1,1,1
1,1,0.7841364,1,1,1,1,1,1,1
1,1,0.7720991,1,1,1,1,1,1,1
1,1,0.760058,1,1,1,1,1,1,1
1,1,0.7480145,1,1,1,1,1,1,1
1,1,0.7359769,1,1,1,1,1,1,2
1,1,0.7239499,1,1,1,1,1,1,2
1,1,0.7119348,1,1,1,1,1,1,2
1,1,0.6999392,1,1,1,1,1,1,2
1,1,0.6879672,1,1,1,1,1,1,2
1,1,0.6760229,1,1,1,1,1,1,2
1,1,0.6641098,1,1,1,1,1,1,2
1,1,0.6522348,1,1,1,1,1,1,2
1,1,0.6403977,1,1,1,1,1,1,2
1,1,0.6286014,1,1,1,1,1,1,2
1,1,0.6168519,1,1,1,1,1,1,2
1,1,0.6051516,1,1,1,1,1,1,2
1,1,0.5935025,1,1,1,1,1,1,2
1,1,0.5819066,1,1,1,1,1,1,2
1,1,0.5703653,1,1,1,1,1,1,2
1,1,0.5588802,1,1,1,1,1,1,2
1,1,0.5474521,1,1,1,1,1,1,2
1,1,0.5421814,1,1,1,1,1,1,2
1,1,0.5570846,1,1,1,1,1,1,2
1,1,0.5722114,1,1,1,1,1,1,2
1,1,0.5875353,1,1,1,1,1,1,2
1,1,0.6030338,1,1,1,1,1,1,2
1,1,0.6186775,1,1,1,1,1,1,2
1,1,0.634436,1,1,1,1,1,1,1
1,0.5807852,0.6502774,1,1,1,1,1,1,2
1,0.5606906,1,1,1,1,1,1,1,2
1,0.542794,1,1,1,1,1,1,1,2
1,0.5252069,1,1,1,1,1,1,1,2
1,0.5079507,1,1,1,1,1,1,1,2
1,0.4910353,1,1,1,1,1,1,1,2
1,0.4744718,1,1,1,1,1,1,1,2
1,0.4582681,1,1,1,1,1,1,1,2
1,0.4424253,1,1,1,1,1,1,1,2
1,0.4269463,1,1,1,1,1,1,1,2
1,0.4118279,1,1,1,1,1,1,1,2
1,0.3970683,1,1,1,1,1,1,1,2
1,0.3876025,1,1,1,1,1,1,1,2
1,0.4028161,1,1,1,1,1,1,1,2
1,0.4185972,1,1,1,1,1,1,1,2
0.5103616,0.4349235,1,1,1,1,1,1,1,2
0.4806391,0.4599129,1,1,1,1,1,1,1,2
0.4528638,0.4875897,1,1,1,1,1,1,1,2
0.4268532,0.5183236,1,1,1,1,1,1,1,2
0.4024559,1,1,1,1,1,1,1,1,2
0.3803479,1,1,1,1,1,1,1,1,2
0.3592824,1,1,1,1,1,1,1,1,2
0.3392413,1,1,1,1,1,1,1,1,2
0.3502307,1,1,1,1,1,1,1,1,2
0.3646439,1,1,1,1,1,1,1,1,2
0.3796899,1,1,1,1,1,1,1,1,2
0.395356,1,1,1,1,1,1,1,1,2
0.4116237,1,1,1,1,1,1,1,1,2
0.4284708,1,1,1,1,1,1,1,1,2
0.4458764,1,1,1,1,1,1,1,1,2
0.4638132,1,1,1,1,1,1,1,1,2
1,1,1,1,1,1,1,1,1,1
1,1,1,1,1,1,1,1,1,1
1,1,1,1,1,1,1,1,1,1
1,1,1,1,1,1,1,1,1,1
1,1,1,1,1,1,1,1,1,1
1,1,1,1,1,1,1,1,1,1
1,1,1,1,1,1,1,1,1,1
1,1,1,1,1,1,1,1,1,1
1,1,1,1,1,1,1,1,1,1
1,1,1,1,1,1,1,1,1,1
1,1,1,1,1,1,1,1,1,1
1,1,1,1,1,1,1,1,1,1
1,1,1,1,1,1,1,1,1,1
1,1,1,1,1,1,1,1,1,1
1,1,1,1,1,1,1,1,1,1
1,1,1,1,1,1,1,1,1,1
1,1,1,1,1,1,1,1,1,1
1,1,1,1,1,1,1,1,1,1
1,1,1,1,1,1,1,1,1,1
1,1,1,1,1,1,1,1,1,1
1,1,1,1,1,1,1,1,1,1
1,1,1,1,1,1,1,1,1,1
1,1,1,1,1,1,1,1,1,1
1,1,1,1,1,1,1,1,1,1
1,1,1,1,1,1,1,1,1,1
1,1,1,1,1,1,1,1,1,1
1,1,1,1,1,1,1,1,1,1
1,1,1,1,1,1,1,1,1,1
1,1,1,1,1,1,1,1,1,1
1,1,1,1,1,0.9896151,1,1,1,1
1,1,1,1,1,0.9775167,1,1,1,1
1,1,1,1,1,0.965027,1,1,1,1
1,1,1,1,0.9915665,0.9521424,1,1,1,1
1,1,1,1,0.9837605,0.9386501,1,1,1,1
1,1,1,1,0.9767374,0.9245793,1,1,1,1
1,1,1,1,0.9704914,0.9099622,1,1,1,1
1,1,1,1,0.965021,0.8948404,1,1,1,1
1,1,1,1,0.960322,0.8792589,1,1,1,0
1,1,1,1,0.9563967,0.863265,1,1,1,0
1,1,1,1,0.9532439,0.8469084,1,1,1,0
1,1,1,1,0.9508686,0.8302358,1,1,1,0
1,0.9955977,1,1,0.9492723,0.8133024,1,1,1,0
1,0.9888978,1,1,0.9483998,0.7962012,1,1,1,0
1,0.9822841,1,1,0.948212,0.7789941,1,1,1,0
1,0.9757546,1,1,0.9487084,0.7647898,1,1,1,0
1,0.9692818,1,1,0.9497548,0.7629647,1,1,1,0
1,0.9627579,1,1,0.9508213,0.7611493,1,1,1,0
1,0.9561812,1,1,0.9518974,0.7593378,0.9797964,1,1,0
1,0.9497558,1,1,0.954055,0.7581238,0.9516405,1,1,0
1,0.9435604,1,1,0.9577154,0.7577327,0.9230272,1,1,0
1,0.9375847,1,1,0.9628929,0.7581598,0.8941663,1,1,0
1,0.9318223,1,1,1,0.759398,0.8652641,1,1,0
1,0.9260427,1,1,1,0.7608393,0.8372846,1,1,0
1,0.9205039,1,1,1,0.7631965,0.8093219,1,1,0
1,0.915199,1,1,1,0.766492,0.7815111,1,1,0
1,0.9101248,1,1,1,0.7707444,0.7539834,1,1,0
1,0.9052719,1,1,1,0.7759745,0.7268484,1,1,0
1,0.9006346,1,1,1,0.7822021,0.7002077,1,1,0
1,0.8961971,1,1,1,0.7894416,0.6741357,1,1,0
1,0.8919441,1,1,1,0.7977062,0.6486934,1,1,0
1,0.8878606,1,1,1,0.8070111,0.6239306,1,1,0
1,0.8839215,1,1,1,0.8173682,0.6019067,1,1,0
1,0.880081,1,1,1,0.8286997,0.6046162,1,1,0
1,0.8759664,1,1,1,0.8399878,0.607286,1,1,0
1,0.871559,1,1,1,1,0.6098933,1,1,0
1,0.865277,1,1,1,1,0.6104375,1,1,0
1,0.8588223,1,1,1,1,0.6109806,1,1,0
1,0.8521887,1,1,1,1,0.611513,1,1,0
1,0.8453668,1,1,1,1,0.6120249,1,1,0
1,0.8383483,1,1,1,1,0.6125019,1,1,0
1,0.8311323,1,1,1,1,0.612934,1,1,0
1,0.8237082,1,1,1,1,0.6133096,0.8027732,1,0
1,0.8200908,1,1,1,1,0.618937,0.7506302,1,0
1,0.817328,1,1,1,1,0.6261688,0.6997138,1,0
1,0.8154184,0.9970033,1,1,1,0.6351016,0.6505786,1,0
1,0.8143333,0.9146084,1,1,1,0.6458178,0.6036521,1,0
1,0.8136581,0.844609,1,1,1,0.657855,0.5599063,1,0
1,0.8132988,0.7849227,1,1,1,0.6711736,0.5192525,1,0
1,0.813157,0.7338024,1,1,1,0.6857265,0.4815282,1,0
1,0.8131331,0.6897962,1,1,1,1,0.4615048,1,0
1,0.8077108,0.6692406,1,1,1,1,0.4626988,1,0
1,0.8017207,0.6515617,1,1,1,1,0.4638638,1,0
1,0.7951573,0.6362985,1,1,1,1,0.4649877,1,0
1,0.7880152,0.6231046,1,1,1,1,0.4660541,1,0
1,0.7802967,0.6116964,1,1,1,1,0.4670508,1,0
1,0.7720034,0.6018469,1,1,1,1,0.4679663,1,0
1,0.7631403,0.5933777,1,1,1,1,0.4687882,1,0
1,0.7537202,0.5861353,1,1,1,1,0.4695087,1,0
1,0.7437591,0.5800024,1,1,1,1,0.4701172,1,0
1,0.7332679,0.5748743,1,1,1,1,0.4706077,1,0
1,0.7222687,0.570673,1,1,1,1,0.4709712,0.6654963,0
1,0.7208992,0.5466385,1,1,1,1,0.4760752,0.5545629,0
1,0.7222375,0.5292697,1,1,1,1,0.4829171,0.45491,0
1,0.7240928,0.5230742,1,1,1,1,0.4905315,0.3947315,0
1,0.7263592,0.5169928,1,1,1,1,0.4988948,0.396766,0
1,0.7290717,0.5110255,1,1,1,1,0.5080537,0.3992154,0
1,0.7322613,0.5051654,1,1,1,1,0.5180601,0.4020893,0
1,0.7356479,0.4993262,0.8551462,1,1,1,0.5288013,0.4053501,0
1,1,0.4928028,0.7923419,1,1,1,1,0.4086136,0
1,1,0.4843472,0.7568188,1,1,1,1,0.4111094,0
1,1,0.4755615,0.7264993,1,1,1,1,0.4136163,0
1,1,0.4664535,0.7003998,1,1,1,1,0.4161168,0
1,0.7055248,0.4570339,0.6777663,1,1,1,1,0.4185977,1
1,0.6841313,0.4444859,0.6815459,1,1,1,1,0.4192277,1
1,0.662119,0.4317677,0.6875713,1,1,1,1,0.4196808,2
1,0.6396435,0.4189208,0.695896,1,1,1,1,0.4199625,2
1,0.6168462,0.4059791,0.7065982,1,1,1,1,0.4200795,2
1,0.5938656,0.3929783,0.7197775,1,1,1,1,0.4200412,2
1,0.5708298,0.3799518,0.7355602,1,1,1,1,0.4198575,2
1,0.5478541,0.3797049,1,1,1,1,1,0.4195382,2
1,0.5270578,0.3817809,1,1,1,1,1,0.4195256,2
1,0.5062509,0.3843358,1,1,1,1,1,0.4194026,2
1,0.4854977,0.3873762,1,1,1,1,1,0.4191732,2
1,0.4648512,0.3909104,1,1,1,1,1,0.4188417,2
1,0.4443675,0.394944,1,1,1,1,1,0.4184136,2
1,0.4240907,0.3994802,1,1,1,1,1,0.417896,2
1,0.4040628,0.4045266,1,1,1,1,1,0.4172937,2
1,0.3843091,0.4100915,1,1,1,1,1,0.4166113,2
1,0.3648586,0.4161802,1,1,1,1,1,0.4158538,2
1,0.3457242,0.4227991,1,1,1,1,1,0.4150264,2
1,0.3269232,0.4299549,1,1,1,1,1,0.414133,2
1,0.3084631,0.4376515,1,1,1,1,1,0.4131786,2
1,0.2903518,0.4458925,1,1,1,1,1,0.4121674,2
1,0.2725841,0.4546863,1,1,1,1,1,0.4111015,2
0.5869316,0.255161,0.4640329,1,1,1,1,1,0.4099854,2
0.5169232,0.2502765,0.4894984,1,1,1,1,1,0.4075334,2
0.4556133,0.2563704,0.5185757,1,1,1,1,1,0.4050683,2
0.4014774,0.263129,0.5519211,1,1,1,1,1,0.4025893,2
0.3533201,0.2706042,1,1,1,1,1,1,0.4000924,2
0.3102047,0.2788496,1,1,1,1,1,1,0.3975767,2
0.2713741,0.2879279,1,1,1,1,1,1,0.3950394,2
0.2362224,0.2979073,1,1,1,1,1,1,0.3924794,2
0.214943,0.3088674,1,1,1,1,1,1,0.3898937,2
0.2197315,0.320896,1,1,1,1,1,1,0.387281,2
0.2249038,0.3339093,1,1,1,1,1,1,0.3846455,2
0.2303164,0.3474391,1,1,1,1,1,1,0.3819887,2
0.2359389,0.3614251,1,1,1,1,1,1,0.3792918,2
0.2417426,0.3758035,1,1,1,1,1,1,0.447966,2
0.2482116,0.3924211,1,1,1,1,1,1,0.4752759,2
0.2550982,0.4103951,1,1,1,1,1,1,0.4886208,2
0.2622993,0.4293841,1,1,1,1,1,0.9933943,0.5002086,2
0.2697337,0.4491228,1,1,1,1,1,0.9839221,0.512789,2
0.2773625,1,1,1,1,1,1,0.9750172,0.526461,1
0.282782,1,1,1,1,1,1,0.969947,0.5877107,2
0.2887608,1,1,1,1,1,1,0.9641949,0.6346716,2
0.295209,1,1,1,1,1,1,0.9579974,0.6702688,2
0.3020489,1,1,1,1,1,1,0.9515395,1,2
0.3124965,1,1,1,1,1,1,0.9414642,0.6648697,2
0.3194892,1,1,1,1,1,1,0.9355549,1,2
0.330508,1,1,1,1,1,1,0.926313,0.6726966,2
0.3377071,1,1,1,1,1,1,0.9206785,1,2
0.3491836,1,1,1,1,1,1,0.9121276,1,2
0.3609915,1,1,1,1,1,1,0.9225378,1,2
0.3733836,1,1,1,1,1,1,0.9542664,1,2
0.3867232,1,1,1,1,1,1,0.9960554,0.6594665,2
1,1,1,1,1,1,1,0.9697219,1,1
1,1,1,1,1,1,1,0.9123563,1,1
1,1,1,1,1,1,1,0.8729637,1,0
1,1,1,1,1,1,1,0.868767,1,0
1,1,1,1,1,1,1,0.8646601,1,0
1,1,1,1,1,1,1,0.8606471,1,0
1,1,1,1,1,1,1,0.8567308,1,0
1,1,1,1,1,1,1,0.852914,1,0
1,1,1,1,1,1,1,0.849199,1,0
1,1,1,1,1,1,1,0.8455885,1,0
1,1,0.9955095,1,1,1,1,0.8420849,1,0
1,1,0.9863518,1,1,1,1,0.8386905,1,0
1,1,0.977208,1,1,1,1,0.8354103,1,0
1,1,0.968077,1,1,1,1,0.8322441,1,0
1,1,0.9589602,0.9961938,1,1,1,0.8291947,1,0
1,1,0.9498585,0.9848853,1,1,1,0.8262709,1,0
1,1,0.9407741,0.9735795,1,1,1,0.8234938,1,0
1,1,0.9317094,0.9622863,1,1,1,0.8208642,1,0
1,1,0.9226671,0.9510149,1,1,1,0.8183843,1,0
1,1,0.9136489,0.9397733,0.9968294,1,1,0.8160523,1,0
1,1,0.9046542,0.9285544,0.9834075,1,1,1,1,1
1,1,0.8954756,0.9189314,0.9730603,1,1,1,1,1
1,1,0.8863013,0.9092585,0.9626182,1,1,1,1,1
1,1,0.8771287,0.8995353,0.9520831,1,1,1,1,1
1,1,0.8679582,0.889765,0.9414605,1,1,1,1,1
1,1,0.8587904,0.8799509,0.9307563,1,1,1,1,1
1,1,0.8496226,0.8700936,0.9199735,1,1,1,1,1
1,1,0.8404557,0.8601968,0.9091188,1,1,1,1,1
1,1,0.8312902,0.8502645,0.8981991,1,1,1,1,1
1,1,0.8221266,0.8403007,0.8872216,1,1,1,0.750168,0
1,1,0.8133997,0.8284724,0.8725227,1,1,1,0.7452862,0
1,1,0.8047689,0.8167595,0.8579856,1,0.9906818,1,0.740656,0
1,1,0.796254,0.8051351,0.8435475,1,0.9634725,1,0.7362733,0
1,1,0.7879035,0.7935541,0.8290933,1,0.9362622,1,0.7321362,0
1,1,0.7797317,0.7820566,0.814688,1,0.9092308,1,0.7282883,0
1,1,0.7717541,0.7706842,0.8003976,1,0.8960242,1,0.7247655,0
1,1,1,0.7595009,0.7863641,1,0.9088544,1,0.7216043,0
1,1,1,0.7484591,0.7724389,1,0.9237466,1,0.7188175,0
1,1,1,0.7376719,0.758937,0.8067034,0.9392997,1,0.7164213,0
1,1,1,0.7269717,0.7452415,0.7890462,0.9595408,1,0.7144983,0
1,1,1,0.7165601,0.7320238,0.7721487,0.9807639,1,1,0
1,1,1,0.7066107,0.7209913,0.7595266,0.9863453,1,1,0
1,1,1,0.6966831,0.7100154,0.7470081,0.9921047,1,1,0
1,1,1,0.6867784,0.699099,0.7345979,0.9980162,1,1,0
1,1,1,0.6768941,0.6882414,0.7222964,1,1,1,0
1,1,1,0.6670306,0.6774322,0.7100804,1,1,1,0
1,1,1,0.6571835,0.666663,0.6979369,1,1,1,0
1,1,1,0.6473514,0.6559348,0.6858686,1,1,1,0
1,1,1,0.6375359,0.6452509,0.6738812,1,1,1,0
1,1,1,0.6277351,0.634611,0.6619757,1,0.9907494,1,0
1,1,1,0.6179534,0.6239848,0.6500822,1,0.9612206,1,0
1,1,1,0.608206,0.6133149,0.6380618,1,0.9309292,1,0
1,1,1,0.5985025,0.6026208,0.6259471,1,0.9001174,1,0
1,1,1,0.5888548,0.5919256,0.6137757,1,0.8690329,1,0
1,1,1,0.5792678,0.5812456,0.6015783,1,0.8379033,1,0
1,1,1,0.5697475,0.5705988,0.5893878,1,0.8069456,1,0
1,1,1,0.5603009,0.5600043,0.5772378,1,0.7763585,1,0
1,1,1,0.5509297,0.5494753,0.5651554,0.6274282,0.7463088,1,0
1,1,1,0.5421204,0.5387901,0.5521756,0.6092951,0.7096829,1,0
1,1,1,0.5334907,0.5283326,0.5395091,0.5917278,0.7178702,1,0
1,1,1,0.5248987,0.5181086,0.5273094,0.5751544,0.7286079,1,0
1,1,1,0.5162975,0.5080689,0.5155165,0.5594722,0.7392146,1,0
1,1,1,0.5076522,0.4981674,0.5040654,0.5445614,0.7496033,1,0
1,1,1,0.4989327,0.4883628,0.4928971,0.5303144,0.759697,1,0
1,1,1,0.4901203,0.4786247,0.4819646,0.5166408,0.7694328,1,0
1,1,1,0.4811996,0.4689263,0.4712254,0.5034598,0.7787641,1,0
1,1,1,0.4721608,0.4592469,0.4606444,0.4907016,0.7876515,1,0
1,1,1,0.4630025,0.4495737,0.4501952,0.4783094,0.7960699,1,0
1,1,1,0.4537209,0.439892,0.4398505,0.4662285,0.8040041,1,0
1,1,1,0.444318,0.4301938,0.4295908,0.4544148,0.8114491,0.908179,0
1,1,1,0.4352499,0.4206349,0.4192959,0.4422826,0.8215104,0.8563501,0
1,1,1,0.4262854,0.4111487,0.4090528,0.4301833,0.8327176,0.8057426,0
1,1,1,0.4174036,0.4017325,0.3988766,0.4181632,1,0.7569373,0
1,1,1,0.4079915,0.392132,0.3888318,0.4068018,1,0.717756,0
1,1,1,0.3986671,0.3825873,0.3788183,0.3954405,1,0.678849,0
1,1,1,0.3894138,0.3730937,0.3688428,0.3841057,0.4904937,0.640582,0
1,1,1,1,0.3643807,0.3589037,0.3716569,0.4688808,0.6382346,0
1,1,1,1,0.3558044,0.3491621,0.3595506,0.4482691,0.6468099,0
1,1,1,1,0.3473574,0.3396083,0.3477694,0.4285887,0.6560804,0
1,1,1,1,0.3390328,0.3302331,0.3362972,0.4097764,0.6660775,0
1,1,1,1,0.3308269,0.3210306,0.3251215,0.3917779,0.6768345,0
1,1,1,1,0.3227331,0.3119924,0.3142279,0.3745404,0.6883894,0
1,1,1,1,0.3146153,0.3030597,0.3036591,0.3583252,0.7001771,0
1,1,1,1,0.3063399,0.294154,0.2933995,0.3432145,0.7116367,0
1,1,1,1,0.2978901,0.2852417,0.2833805,0.3290059,0.7226917,0
1,1,1,1,0.2892656,0.2763056,0.2735536,0.315542,0.7332944,0
1,1,1,1,0.2804639,0.2673275,0.2638726,0.3026852,0.7434124,0
1,1,1,1,0.2714973,0.2583043,0.2543092,0.2903324,0.4327091,0
1,1,1,1,1,0.2498321,0.2447213,0.2768113,0.4061874,0
1,1,1,1,1,0.2415624,0.235309,0.2635216,0.3804161,0
1,1,1,1,1,0.2334059,0.2260978,0.2507196,0.3562791,0
1,1,1,1,1,0.2253561,0.2170784,0.2383782,0.3336315,0
1,1,1,1,1,0.2174068,0.208242,0.2264725,0.3123452,0
1,1,1,1,1,0.2095517,0.1995802,0.2149792,0.2923065,0
1,1,1,1,1,0.2017883,0.191088,0.2038803,0.2734185,0
1,1,1,1,1,1,0.1827423,0.1932031,0.255772,0
1,1,1,1,1,1,0.1745619,0.1828249,0.2388994,0
1,1,1,1,1,1,0.1665327,0.1727887,0.2229388,0
1,1,1,1,1,1,0.1586484,0.1630782,0.207824,0
1,1,1,1,1,1,0.1509027,0.1536783,0.1934955,0
1,1,1,1,1,1,0.1432896,0.144575,0.1798991,0
1,1,1,1,1,1,1,0.1357551,0.1669861,0
1,1,1,1,1,1,1,0.1272064,0.154712,0
1,1,1,1,1,1,1,0.1189206,0.1430402,0
1,1,1,1,1,1,1,0.110884,0.13193,0
1,1,1,1,1,1,1,0.1030898,0.1213515,0
1,1,1,1,1,1,1,0.09552883,0.111274,0
1,1,1,1,1,1,1,0.1339426,0.1016692,0
1,1,1,1,1,1,1,0.2751535,0.09251142,0
1,1,1,1,1,1,1,1,0.08378849,0
1,1,1,1,1,1,1,1,0.07580043,0
1,1,1,1,1,1,1,1,0.09587958,0
1,1,1,1,1,1,1,1,0.1175003,0
1,1,1,1,1,1,1,1,0.1406939,0
1,1,1,1,1,1,1,1,0.1654797,0
1,1,1,1,1,1,1,1,0.1918633,0
1,1,1,1,1,1,1,1,0.2198395,0
1,1,1,1,1,1,1,1,0.2493826,0
1,1,1,1,1,1,1,1,0.2804581,0
1,1,1,1,1,1,1,1,0.3130137,0
1,1,1,1,1,1,1,1,0.3469738,0
1,1,1,1,1,1,1,1,0.3822438,0
1,1,1,1,1,1,1,1,0.41872,0
1,1,1,1,1,1,1,1,0.4562758,0
1,1,1,1,1,1,1,1,1,1
1,1,1,1,1,1,1,1,1,1
1,1,1,1,1,1,1,1,1,1
1,1,1,1,1,1,1,1,1,1
1,1,1,1,1,1,1,1,1,1
1,1,1,1,1,1,1,1,1,1
1,1,1,1,1,1,1,1,1,1
1,1,1,1,1,1,1,1,1,1
1,1,1,1,1,1,1,1,1,1
1,1,1,1,1,1,1,1,1,1
1,1,1,1,1,1,1,1,1,1
1,1,1,1,1,1,1,1,1,1
1,1,1,1,1,1,1,1,1,1
1,1,1,1,1,1,1,1,1,1
1,1,1,1,1,1,1,1,1,1
1,1,1,1,1,1,1,1,1,1
1,1,1,1,1,1,1,1,1,1
1,1,1,1,1,1,1,1,1,1
1,1,1,1,1,1,1,1,1,1
1,1,1,1,1,1,1,1,1,1
1,1,1,1,1,1,1,1,1,1
1,1,1,1,1,1,1,1,1,1
1,1,1,1,1,1,1,1,1,1
1,1,1,1,1,1,1,1,1,1
1,1,1,1,1,1,1,1,1,1
1,1,1,1,1,1,1,1,1,1
1,1,1,1,1,1,1,1,1,1
1,1,1,1,1,1,1,1,1,1
1,1,1,1,1,1,1,1,1,1
1,1,1,1,1,1,1,1,1,1
1,1,1,1,1,1,1,1,1,1
1,1,1,1,1,1,1,1,1,1
1,1,1,1,1,1,1,1,1,1
1,1,1,1,1,1,1,1,1,1
1,1,1,1,1,1,1,1,1,1
1,1,1,1,1,1,1,1,1,1
1,1,1,1,1,1,1,1,1,1
1,1,1,1,1,1,1,1,1,1
1,1,1,1,1,1,1,1,1,1
1,1,1,1,1,1,1,1,1,1
1,1,1,1,1,1,1,1,1,1
1,1,1,1,1,1,1,1,1,1
1,1,1,1,1,1,1,1,1,1
1,1,1,1,1,1,1,1,1,1
1,1,1,1,1,1,1,1,1,1
1,1,1,1,1,1,1,1,1,1
1,1,1,1,1,1,1,1,1,1
1,1,1,1,1,1,1,1,1,1
1,1,1,1,1,1,1,1,1,1
1,1,1,1,1,1,1,1,1,1
1,1,1,1,1,1,1,1,1,1
1,1,1,1,1,1,1,1,1,1
1,1,1,1,1,1,1,1,1,1
1,1,1,1,1,1,1,1,1,1
1,1,1,1,1,1,1,1,1,1
1,1,1,1,1,1,1,1,1,1
1,1,1,1,1,1,1,1,1,1
1,1,1,1,1,1,1,1,1,1
1,1,1,1,1,1,1,1,1,1
1,1,1,1,1,1,1,1,1,1
1,1,1,1,1,1,1,1,1,1
1,1,1,1,1,1,1,1,1,1
1,1,1,1,1,1,1,1,1,1
1,1,1,1,1,1,1,1,1,1
1,1,1,1,1,1,1,1,1,1
1,1,1,1,1,1,1,1,1,1
1,1,1,1,1,1,1,1,1,1
1,1,1,1,1,1,1,1,1,1
1,1,1,1,1,1,1,1,1,1
1,1,1,1,1,1,1,1,1,1
1,1,1,1,1,1,1,1,1,1
1,1,1,1,1,1,1,1,1,1
1,1,1,1,1,1,1,1,1,1
1,1,1,1,1,1,1,1,1,1
1,1,1,1,1,1,1,1,1,1
1,1,1,1,1,1,1,1,1,1
1,1,1,1,1,1,1,1,1,1
1,1,1,1,1,1,1,1,1,1
1,1,1,1,1,1,1,1,1,1
1,1,1,1,1,1,1,1,1,1
1,1,1,1,1,1,1,1,1,1
1,1,1,1,1,1,1,1,1,1
1,1,1,1,1,1,1,1,1,1
1,1,1,1,1,1,1,1,1,1
1,1,1,1,1,1,1,1,1,1
1,1,1,1,1,1,1,1,1,1
1,1,1,1,1,1,1,1,1,1
1,1,1,1,1,1,1,1,1,1
1,1,1,1,1,1,1,1,1,1
1,1,1,1,1,1,1,1,1,1
1,1,1,1,1,1,1,1,1,1
1,1,1,1,1,1,1,1,1,1
1,1,1,1,1,1,1,1,1,1
1,1,1,1,1,1,1,1,1,1
1,1,1,1,1,1,1,1,1,1
1,1,1,1,1,1,1,1,1,1
1,1,1,1,1,1,1,1,1,1
1,1,1,1,1,1,1,1,1,1
1,1,1,1,1,1,1,1,1,1
1,1,1,1,1,1,1,1,1,1
1,1,1,1,1,1,1,1,1,1
1,1,1,1,1,1,1,1,1,1
1,1,1,1,1,1,1,1,1,1
1,1,1,1,1,1,1,1,1,1
1,1,1,1,1,1,1,1,1,1
1,1,1,1,1,1,1,1,1,1
1,1,1,1,1,1,1,1,1,1
1,1,1,1,1,1,1,1,1,1
1,1,1,1,1,1,1,1,1,1
1,1,1,1,1,1,1,1,1,1
1,1,1,1,1,1,1,1,1,1
1,1,1,1,1,1,1,1,1,1
1,1,1,1,1,1,1,1,1,1
1,1,1,1,1,1,1,1,1,1
1,1,1,1,1,1,1,1,1,1
1,1,1,1,1,1,1,1,1,1
1,1,1,1,1,1,1,1,1,1
1,1,1,1,1,1,1,1,1,1
1,1,1,1,1,1,1,1,1,1
1,1,1,1,1,1,1,1,1,1
1,1,1,1,1,1,1,1,1,1
1,1,1,1,1,1,1,1,1,1
1,1,1,1,1,1,1,1,1,1
1,1,1,1,1,1,1,1,1,1
1,1,1,1,1,1,1,1,1,1
1,1,1,1,1,1,1,1,1,1
1,1,1,1,1,1,1,1,1,1
1,1,1,1,1,1,1,1,1,1
1,1,1,1,1,1,1,1,1,1
1,1,1,1,1,1,1,1,1,1
1,1,1,1,1,1,1,1,1,1
1,1,1,1,1,1,1,1,1,1
1,1,1,1,1,1,1,1,1,1
1,1,1,1,1,1,1,1,1,1
1,1,1,1,1,1,1,1,1,1
1,1,1,1,1,1,1,1,1,1
1,1,1,1,1,1,1,1,1,1
1,1,1,1,1,1,1,1,1,1
1,1,1,1,1,1,1,1,1,1
1,1,1,1,1,1,1,1,1,1
1,1,1,1,1,1,1,1,1,1
1,1,1,1,1,1,1,1,1,1
1,1,1,1,1,1,1,1,1,1
1,1,1,1,1,1,1,1,1,1
1,1,1,1,1,1,1,1,1,1
1,1,1,1,1,1,1,1,1,1
1,1,1,1,1,1,1,1,1,1
1,1,1,1,1,1,1,1,1,1
1,1,1,1,1,1,1,1,1,1
1,1,1,1,1,1,1,1,1,1
1,1,1,1,1,1,1,1,1,1
1,1,1,1,1,1,1,1,1,1
1,1,1,1,1,1,1,1,1,1
1,1,1,1,1,1,1,1,1,1
1,1,1,1,1,1,1,1,1,1
1,1,1,1,1,1,1,1,1,1
1,1,1,1,1,1,1,1,1,1
1,1,1,1,1,1,1,1,1,1
1,1,1,1,1,1,1,1,1,1
1,1,1,1,1,1,1,1,1,1
1,1,1,1,1,1,1,1,1,1
1,1,1,1,1,1,1,1,1,1
1,1,1,1,1,1,1,1,1,1
1,1,1,1,1,1,1,1,1,1
1,1,1,1,1,1,1,1,1,1
1,1,1,1,1,1,1,1,1,1
1,1,1,1,1,1,1,1,1,1
1,1,1,1,1,1,1,1,1,1
1,1,1,1,1,1,1,1,1,1
1,1,1,1,1,1,1,1,1,1
1,1,1,1,1,1,1,1,1,1
1,1,1,1,1,1,1,1,1,1
1,1,1,1,1,1,1,1,1,1
1,1,1,1,1,1,1,1,1,1
1,1,1,1,1,1,1,1,1,1
1,1,1,1,1,1,1,1,1,1
1,1,1,1,1,1,1,1,1,1
1,1,1,1,1,1,1,1,1,1
1,1,1,1,1,1,1,1,1,1
1,1,1,1,1,1,1,1,1,1
1,1,1,1,1,1,1,1,1,1
1,1,1,1,1,1,1,1,1,1
1,1,1,1,1,1,1,1,1,1
1,1,1,1,1,1,1,1,1,1
1,1,1,1,1,1,1,1,1,1
1,1,1,1,1,1,1,1,1,1
1,1,1,1,1,1,1,1,1,1
1,1,1,1,1,1,1,1,1,1
1,1,1,1,1,1,1,1,1,1
1,1,1,1,1,1,1,1,1,1
1,1,1,1,1,1,1,1,1,1
1,1,1,1,1,1,1,1,1,1
1,1,1,1,1,1,1,1,1,1
1,1,1,1,1,1,1,1,1,1
1,1,1,1,1,1,1,1,1,1
1,1,1,1,1,1,1,1,1,1
1,1,1,1,1,1,1,1,1,1
1,1,1,1,1,1,1,1,1,1
1,1,1,1,1,1,1,1,1,1
1,1,1,1,1,1,1,1,1,1
1,1,1,1,1,1,1,1,1,1
1,1,1,1,1,1,1,1,1,1
1,1,1,1,1,1,1,1,1,1
1,1,1,1,1,1,1,1,1,1
1,1,1,1,1,1,1,1,1,1
1,1,1,1,1,1,1,1,1,1
1,1,1,1,1,1,1,1,1,1
1,1,1,1,1,1,1,1,1,1
1,1,1,1,1,1,1,1,1,1
1,1,1,1,1,1,1,1,1,1
1,1,1,1,1,1,1,1,1,1
1,1,1,1,1,1,1,1,1,1
1,1,1,1,1,1,1,1,1,1
1,1,1,1,1,1,1,1,1,1
1,1,1,1,1,1,1,1,1,1
1,1,1,1,1,1,1,1,1,1
1,1,1,1,1,1,1,1,1,1
1,1,1,1,1,1,1,1,1,1
1,1,1,1,1,1,1,1,1,1
1,1,1,1,1,1,1,1,1,1
1,1,1,1,1,1,1,1,1,1
1,1,1,1,1,1,1,1,1,1
1,1,1,1,1,1,1,1,1,1
1,1,1,1,1,1,1,1,1,1
1,1,1,1,1,1,1,1,1,1
1,1,1,1,1,1,1,1,1,1
1,1,1,1,1,1,1,1,1,1
1,1,1,1,1,1,1,1,1,1
1,1,1,1,1,1,1,1,1,1
1,1,1,1,1,1,1,1,1,1
1,1,1,1,1,1,1,1,1,1
1,1,1,1,1,1,1,1,1,1
1,1,1,1,1,1,1,1,1,1
1,1,1,1,1,1,1,1,1,1
1,1,1,1,1,1,1,1,1,1
1,1,1,1,1,1,1,1,0.999169,1
1,1,1,1,1,1,1,1,0.9604089,1
1,1,1,1,1,1,1,1,0.9231987,1
1,1,1,1,1,1,1,1,0.9240262,1
1,1,1,1,1,1,1,1,0.9248865,1
1,1,1,1,1,1,1,1,0.925779,1
1,1,1,1,1,1,1,1,0.9267032,1
1,1,1,1,1,1,1,1,0.9276568,1
1,1,1,1,1,1,1,1,0.9286393,1
1,1,1,1,1,1,1,1,0.9296503,1
1,1,1,1,1,1,1,1,0.9306873,1
1,1,1,1,1,1,1,1,0.9317515,1
1,1,1,1,1,1,1,1,0.9328408,1
1,1,1,1,1,1,1,1,0.9339531,1
1,1,1,1,1,1,1,1,0.9350891,1
1,1,1,1,1,1,1,1,0.936247,1
1,1,1,1,1,1,1,1,0.9374243,1
1,1,1,1,1,1,1,1,0.9386223,1
1,1,1,1,1,1,1,1,0.9398389,1
1,1,0.9994565,1,1,1,1,1,0.9410733,1
1,1,0.9939514,1,1,1,1,1,0.9423203,1
1,1,0.9887505,1,1,1,1,1,0.9435478,1
1,1,0.9838365,1,1,1,1,1,0.9447548,1
1,1,0.9791902,0.9996214,1,1,1,1,0.9459421,1
1,1,0.9748069,0.9897712,1,1,1,1,0.947106,1
1,1,0.9708372,0.9798617,1,1,1,1,0.9482169,1
1,1,0.9672629,0.9698951,1,1,1,1,0.949273,1
1,1,0.9640635,0.9598772,1,1,1,1,0.9502741,1
1,1,0.9612207,0.9498078,1,1,1,1,1,1
1,1,0.9621682,0.9392487,1,1,1,1,1,1
1,1,0.9632899,0.9286767,1,1,1,1,1,1
1,1,0.964586,0.9180967,1,1,1,1,1,1
1,1,0.9660498,0.9075104,1,1,1,1,1,1
1,1,0.9676757,0.8969166,1,1,1,1,1,1
1,1,0.9694606,0.8863201,1,1,1,1,1,1
1,1,0.9666387,0.8757226,1,1,1,1,1,1
1,1,0.9543945,0.8651067,1,1,1,1,1,1
1,1,0.9420104,0.8544356,1,1,1,1,1,1
1,0.9946469,0.9295002,0.8437172,1,1,1,1,1,1
1,0.9743556,0.9167859,0.8329203,1,1,1,1,1,1
1,0.9530075,0.903657,0.8219675,1,1,1,1,1,2
1,0.9306774,0.8901317,0.8108681,1,1,1,1,1,2
1,0.90747,0.8762434,0.7996423,1,1,1,1,1,2
1,0.8834993,0.8620262,0.7883073,1,1,1,1,1,2
1,0.8589032,0.8475278,0.7768905,1,1,1,1,1,2
1,0.8338219,0.832795,0.7654154,1,1,1,1,1,2
1,0.8084109,0.8178855,0.7539142,1,1,1,1,1,2
1,0.7828284,0.8028604,0.7424201,1,1,1,1,1,2
1,0.7572238,0.7877783,0.7309632,1,1,1,1,1,2
1,0.7317394,0.7726972,0.7673035,1,1,1,1,1,2
1,0.7067106,0.7577565,0.8562296,1,1,1,1,1,2
1,0.6823698,0.7430573,0.9704479,1,1,1,1,1,2
1,0.6587518,0.7286197,1,1,1,1,1,1,2
1,0.6523533,0.7143422,1,1,1,1,1,1,2
1,0.6635731,0.7003423,1,1,1,1,1,1,2
1,0.6751453,0.6867319,1,1,1,1,1,1,2
1,0.6870415,0.6734861,1,1,1,1,1,1,2
1,0.6992365,0.6605778,1,1,1,1,1,1,2
0.9812387,0.7116967,0.6479812,1,1,1,1,1,1,2
0.9314121,0.725026,0.6355528,1,1,1,1,1,1,2
0.8819,0.740335,0.6231171,1,1,1,1,1,1,2
0.8333333,0.7574693,0.6107411,1,1,1,1,1,1,2
0.786224,0.7356588,0.5984841,1,1,1,1,1,1,2
0.7395736,0.7135929,0.6201747,1,1,1,1,1,1,2
0.6943986,0.6916518,0.7027441,1,1,1,1,1,1,2
0.6515804,0.6702184,0.8121665,1,1,1,1,1,1,2
0.6118292,0.6496571,0.9577344,1,1,1,1,1,1,2
0.5817775,0.6300002,1,1,1,1,1,1,1,2
0.5941238,0.6111944,1,1,1,1,1,1,1,2
0.6073392,0.5931942,1,1,1,1,1,1,1,2
0.6214749,0.5759544,1,1,1,1,1,1,0.9805163,2
0.6362038,0.5596416,1,1,1,1,1,1,0.9068774,2
0.6498805,0.5449445,1,1,1,1,1,1,0.8712634,2
0.6631273,0.5312033,1,1,1,1,1,1,0.8664114,2
0.6765618,0.5179943,1,1,1,1,1,1,0.8641489,2
0.6902031,0.5052482,1,1,1,1,1,1,0.8618048,2
0.6769193,0.4929255,1,1,1,1,1,1,0.8593608,2
0.6547354,0.4808311,1,1,1,1,1,1,0.8569571,2
0.6330463,0.490689,1,1,1,1,1,1,0.8546454,2
0.6121103,0.5214647,1,1,1,1,1,1,0.8523555,2
0.5920881,0.5543994,1,1,1,1,1,1,0.8500108,2
0.5729377,0.5895683,1,1,1,1,1,1,0.8475974,2
0.5546077,0.6270511,1,1,1,1,1,1,0.8450962,2
0.5370514,0.6669009,1,1,1,1,1,1,0.8424934,2
0.5202225,0.7091658,1,1,1,1,1,1,0.8397719,2
0.5040721,0.7538703,1,1,1,1,1,1,0.8369168,2
0.488557,0.8010163,1,1,1,1,1,1,0.8339151,2
0.4736319,1,1,1,1,1,1,1,0.8307535,2
0.4598845,1,1,1,1,1,1,1,0.8269328,2
0.4463574,1,1,1,1,1,1,1,0.8231059,2
0.4330542,1,1,1,1,1,1,1,0.8193805,2
0.4199756,1,1,1,1,1,1,1,0.8248908,2
0.4140421,1,1,1,1,1,1,1,0.829203,2
0.4285015,1,1,1,1,1,1,1,0.8328825,2
0.4432079,1,1,1,1,1,1,1,0.837083,2
0.4581547,1,1,1,1,1,1,1,0.8417288,2
0.4733397,1,1,1,1,1,1,1,0.8467647,2
0.4887577,1,1,1,1,1,1,1,0.8521399,2
0.5044023,1,1,1,1,1,1,1,0.8578106,2
0.5202671,1,1,1,1,1,1,1,0.8637573,2
0.5363476,1,1,1,1,1,1,1,0.8699392,2
0.5526392,1,1,1,1,1,0.9932855,1,0.8763388,2
0.5689165,1,1,1,1,1,0.9835762,1,0.8834056,2
0.5850662,1,1,1,1,1,0.9741465,1,0.8912815,2
0.6010789,1,1,1,1,1,0.9649619,1,0.8998698,1
0.6169511,1,1,1,1,1,0.9559914,1,0.9090918,1
0.6326827,1,1,1,1,1,0.9472064,1,0.9188805,1
0.6482691,1,1,1,1,1,0.9385862,1,0.9291805,1
0.6637116,1,1,0.9995751,1,1,0.9301103,1,0.9399387,1
0.6789991,1,1,0.9925227,1,1,0.9217662,1,0.9511319,1
0.693967,1,1,0.9851942,1,1,0.9135977,1,0.9629995,1
0.708618,1,1,0.9776114,1,1,0.9055842,1,0.9754952,1
1,1,1,0.9697953,1,1,0.8977097,1,0.9885802,0
1,1,1,0.957914,1,1,0.8922856,1,1,0
1,1,1,0.9460704,1,1,0.8869177,1,1,0
1,1,1,0.9340207,1,1,0.8817661,1,1,0
1,1,1,0.9217825,1,1,0.8768365,1,1,0
1,1,1,0.9093841,1,1,0.872131,1,1,0
1,1,1,0.8968439,1,1,0.867655,1,1,0
1,1,1,0.8841833,1,1,0.863412,1,1,0
1,1,1,0.8714269,0.9844772,1,0.8594074,1,1,0
1,1,1,0.858394,0.9676374,1,0.8558168,1,1,0
1,1,1,0.8451125,0.9504205,1,1,1,1,0
1,1,1,0.8341635,0.9370529,1,1,1,1,0
1,1,1,0.8230077,0.9233638,1,1,1,1,0
1,1,1,0.8116621,0.9093806,1,1,1,1,0
1,1,1,0.800142,0.8951296,1,1,1,1,0
1,1,1,0.7884644,0.8806394,1,1,1,1,0
1,1,1,0.7766469,0.8659397,1,1,1,1,0
1,1,1,0.7647081,0.8510621,0.9934294,1,1,1,0
1,1,1,0.7525943,0.8359178,0.9732415,1,0.7954686,1,0
1,1,1,0.7584206,0.8153267,0.9441153,1,0.7138315,1,0
1,1,1,0.7806055,0.7937509,0.9134915,1,0.709736,1,0
1,1,1,0.8058297,0.7729797,0.8843101,1,0.7061106,1,0
1,1,1,0.8346018,0.752962,0.8564628,1,0.7029564,1,0
1,1,1,0.8675482,0.7336508,0.8298519,1,0.7002742,1,0
1,1,1,0.9054551,0.7150028,0.8043884,1,0.6980656,1,0
1,1,1,0.9493271,0.6969777,0.7799917,1,0.6963354,1,0
1,1,1,1,0.6795419,0.7565919,1,0.6950876,1,0
1,1,1,1,0.6626605,0.7341215,1,0.6943278,1,0
1,1,1,1,0.6756514,0.7125188,0.9012682,0.6940642,1,0
1,1,1,1,0.6989713,0.6917308,0.8664257,0.6943048,1,0
1,1,1,1,0.7255688,0.6717051,0.8334187,1,1,0
1,1,1,1,0.7471558,0.6541068,0.8057206,1,1,0
1,1,1,1,0.7723355,0.6368042,0.7787479,1,0.6553372,0
1,1,1,1,0.8102407,0.6185993,0.7499608,1,0.6511359,0
1,1,1,1,0.8542269,0.6010017,0.7225357,1,0.6474309,0
1,1,1,1,0.9056349,0.5839748,0.6963696,1,0.6442161,0
1,1,1,1,1,0.5916623,0.6713742,1,0.6414881,0
1,1,1,1,1,0.6137217,0.6474649,1,0.6392445,0
1,1,1,1,1,0.6387964,0.6245652,1,0.6374842,0
1,1,1,1,1,0.6673847,0.6026092,1,0.6362056,0
1,1,1,1,1,0.7001087,0.5815326,1,0.6354097,0
1,1,1,1,1,0.7377433,0.561277,1,0.6350975,0
1,1,1,1,1,0.7812786,0.5417922,1,0.6352723,0
0.6320962,1,1,1,1,0.8319863,0.5230322,1,1,1
1,1,1,1,1,0.8227886,0.5119576,1,1,0
1,1,1,1,1,0.8559763,0.4963617,0.7604277,1,0
1,1,1,1,1,1,0.4788617,0.7205632,1,0
1,1,1,1,1,1,0.4887165,0.6836591,1,0
1,1,1,1,1,1,0.5074162,0.6485626,1,0
0.6165125,1,1,1,1,1,0.5284215,0.6155695,1,0
1,1,1,1,1,1,0.534438,0.5952942,1,0
1,1,1,1,1,1,0.55883,0.5650285,1,0
0.6085864,1,1,1,1,1,0.5863353,0.5364665,1,0
1,1,1,1,1,1,0.5946733,0.5181885,1,0
1,1,1,1,1,1,0.6268606,0.4918281,1,0
0.6008081,1,1,1,1,1,0.6634568,0.4668524,1,0
1,1,1,1,1,1,0.6737989,0.4504571,1,0
1,1,1,1,1,1,0.7169763,0.427252,1,0
0.5932052,1,1,1,1,1,1,0.4052973,1,1
1,1,1,1,1,1,1,0.3916433,1,0
1,1,1,1,1,1,1,0.3720716,0.7094755,0
1,1,1,1,1,1,1,0.3699566,0.6519168,0
1,1,1,1,1,1,1,0.3820071,0.5998672,0
0.5804206,1,1,1,1,1,1,0.3951817,0.5525756,0
1,1,1,1,1,1,1,0.406329,0.5152372,0
0.5750348,1,1,1,1,1,1,0.4217103,0.4749674,0
0.572378,1,1,1,1,1,1,0.4353533,0.4418527,0
0.5697122,1,1,1,1,1,1,0.4501862,0.4105506,0
0.5670401,1,1,1,1,1,1,0.4662508,0.381014,0
0.5667368,1,1,1,1,1,1,0.483586,0.3531811,0
0.5699077,1,1,1,1,1,1,0.5023091,0.3269106,0
0.5701309,1,1,1,1,1,1,0.5225996,0.3237182,0
0.5752799,1,1,1,1,1,1,0.5436892,0.3314453,0
0.5840438,1,1,1,1,1,1,0.5653741,0.3393533,0
0.5943293,1,1,1,1,1,1,0.5877595,0.3474597,0
0.6054416,1,1,1,1,1,1,0.6108831,0.3557658,0
0.6170648,1,1,1,1,1,1,1,0.3642646,0
0.6583561,1,1,1,1,1,1,1,0.3708123,0
0.6904025,1,1,1,1,1,1,1,0.3779314,0
0.7153128,1,1,1,1,1,1,1,0.3855449,0
0.7349804,1,1,1,1,1,1,1,0.39359,0
0.7508909,1,1,1,1,1,1,1,0.4020212,0
0.7641532,1,1,1,1,1,1,1,0.4108054,0
0.7755434,1,1,1,1,1,1,1,0.4199161,0
0.7856019,1,1,1,1,1,1,1,0.4293345,0
0.7947367,1,1,1,1,1,1,1,0.4390448,0
0.8032076,1,1,1,1,1,1,1,0.4490396,0
0.8112236,1,1,1,1,1,1,1,0.4593081,0
0.8189073,1,1,1,1,1,1,1,0.4698451,0
0.8263591,1,1,1,1,1,1,1,0.4806429,0
0.833653,1,1,1,1,1,1,1,0.4916986,0
0.8408536,1,1,1,1,1,1,1,0.5030059,0
0.8479872,1,1,0.9978763,1,1,1,1,0.5145634,0
0.855253,1,1,0.9808632,1,1,1,1,0.5263334,0
0.863849,1,1,0.9648005,1,1,1,1,1,2
0.9134164,1,1,0.9639948,1,1,1,1,1,2
1,1,1,0.9610947,1,1,1,1,1,1
1,1,0.9876045,0.9544306,1,1,1,1,1,1
1,1,0.9698602,0.9484447,1,1,1,1,1,1
1,1,0.9511002,0.9433209,1,1,1,1,1,1
1,1,0.9313839,0.9390751,1,1,1,1,1,1
1,1,0.9107939,0.9357283,1,1,1,1,1,2
1,1,0.8894144,0.9333005,1,1,1,1,1,2
1,1,0.8673442,0.931816,1,1,1,1,1,2
1,1,0.8446849,0.9312981,1,1,1,1,1,2
1,1,0.8215531,0.9317738,1,1,1,1,1,2
1,1,0.7980627,0.9332694,1,1,1,1,1,2
1,1,0.7743272,0.9358112,1,1,1,1,1,2
1,1,0.7504573,0.9394271,1,1,1,1,1,2
1,1,0.7265583,0.9441482,1,1,1,1,1,2
1,1,0.7206764,0.9500011,1,1,1,1,1,2
1,1,0.7211481,0.9562246,1,1,1,1,1,2
1,1,0.721668,0.9625362,1,1,1,1,1,2
1,1,0.7222279,0.9689229,1,1,1,1,1,2
1,1,0.722824,0.9753782,1,1,1,1,1,2
1,1,0.7234493,0.9818891,1,1,1,1,1,2
1,1,0.7240966,1,1,1,1,1,1,2
1,1,0.7245842,1,1,1,1,1,1,2
1,1,0.7251865,1,1,1,1,1,1,2
1,1,0.7258999,1,1,1,1,1,1,2
1,1,0.7267231,1,1,1,1,1,1,2
1,1,0.7276523,1,1,1,1,1,1,2
1,0.9650918,0.7286885,1,1,1,1,1,1,2
1,0.9137059,0.730864,1,1,1,1,1,1,2
1,0.8606325,0.7347265,1,1,1,1,1,1,2
1,0.8068167,0.7404181,1,1,1,1,1,1,2
1,0.7531887,0.7480866,1,1,1,1,1,1,2
1,0.7005848,0.7578741,1,1,1,1,1,1,2
1,0.6497033,0.7699267,1,1,1,1,1,1,2
1,0.6010706,0.7843896,1,1,1,1,1,1,2
1,0.5550382,0.8014109,1,1,1,1,1,1,2
1,0.5574042,0.8202748,1,1,1,1,1,1,2
1,0.5617235,1,1,1,1,1,1,1,2
1,0.5649604,1,1,1,1,1,1,1,2
1,0.5684956,1,1,1,1,1,1,1,2
1,0.5723228,1,1,1,1,1,1,1,2
1,0.5764376,1,1,1,1,1,1,1,2
1,0.5808313,1,1,1,1,1,1,1,2
1,0.5855009,1,1,1,1,1,1,1,2
0.8956326,0.5904373,1,1,1,1,1,1,1,2
0.7654324,0.5975781,1,1,1,1,1,1,1,2
0.6490337,0.6066329,1,1,1,1,1,1,1,2
0.5526139,0.6165253,1,1,1,1,1,1,1,2
0.4968163,0.627309,1,1,1,1,1,1,1,2
0.5000005,0.639039,1,1,1,1,1,1,1,2
0.503664,0.6517788,1,1,1,1,1,1,1,2
0.5078195,0.6655988,1,1,1,1,1,1,1,2
0.5124813,0.6805774,1,1,1,1,1,1,1,2
0.5176651,0.6968021,1,1,1,1,1,1,1,2
0.523387,1,1,1,1,1,1,1,1,2
0.52907,1,1,1,1,1,1,1,1,2
0.5351347,1,1,1,1,1,1,1,1,2
0.5415744,1,1,1,1,1,1,1,1,2
0.5483782,1,1,1,1,1,1,1,1,2
0.5555385,1,1,1,1,1,1,1,1,2
0.5630437,1,1,1,1,1,1,1,1,2
0.5708846,1,1,1,1,1,1,1,1,2
0.5790484,1,1,1,1,1,1,1,1,2
0.587523,1,1,1,1,1,1,1,1,2
0.5962958,1,1,1,1,1,1,1,1,2
0.6053535,1,1,1,1,1,1,1,1,2
0.6146822,1,1,1,1,1,1,1,1,2
0.6242654,1,1,1,1,1,1,1,1,2
0.9755691,1,1,1,1,1,1,1,1,1
0.9803404,1,1,1,1,1,1,1,1,1
0.9850118,1,1,1,1,1,1,1,1,1
0.9895819,1,1,1,1,1,1,1,1,1
0.9940495,1,1,1,1,1,1,1,1,1
0.9984136,1,1,1,1,1,1,1,1,1
1,1,1,1,1,1,1,1,1,1
1,1,1,1,1,1,1,1,1,1
1,1,1,1,1,1,1,1,1,1
1,1,1,1,1,1,1,1,1,1
1,1,1,1,1,1,1,1,1,1
1,1,1,1,1,1,1,1,1,1
1,1,1,1,1,1,1,1,1,1
1,1,1,1,1,1,1,1,1,1
1,1,1,1,1,1,1,1,1,1
1,1,1,1,1,1,1,1,1,1
1,1,1,1,1,1,1,1,1,1
1,1,1,1,1,1,1,1,1,1
1,1,1,1,1,1,1,1,1,1
1,1,1,1,1,1,1,1,1,1
1,1,1,1,1,1,1,1,1,1
1,1,1,1,1,1,1,1,1,1
1,1,1,1,1,1,1,1,1,1
1,1,1,1,1,1,1,1,1,1
1,1,1,1,1,1,1,1,1,1
1,1,1,1,1,1,1,1,1,1
1,1,1,1,1,1,1,1,1,1
1,1,1,1,1,1,1,1,1,1
1,1,1,1,1,1,1,1,1,1
1,1,1,1,1,1,1,1,1,1
1,1,1,1,1,1,1,1,1,1
1,1,1,1,1,1,1,1,1,1
1,1,1,1,1,1,1,1,1,1
1,1,1,1,1,1,1,1,1,1
1,1,1,1,1,1,1,1,1,1
1,1,1,1,1,1,1,1,1,1
1,1,1,1,1,1,1,1,1,1
1,1,1,1,1,1,1,1,1,1
1,1,1,1,1,1,1,1,1,1
1,1,1,1,1,1,1,1,1,1
1,1,1,1,1,1,1,1,1,1
1,1,1,1,1,1,1,1,1,1
1,1,1,1,1,1,1,1,1,1
1,1,1,1,1,1,1,1,1,1
1,1,1,1,1,1,1,1,1,1
1,1,1,1,1,1,1,1,1,1
1,1,1,1,1,1,1,1,1,1
1,1,1,1,1,1,1,1,1,1
1,1,1,1,1,1,1,1,1,1
1,1,1,1,1,1,1,1,1,1
1,1,1,1,1,1,1,1,1,1
1,1,1,1,1,1,1,1,1,1
1,1,1,1,1,1,1,1,1,1
1,1,1,1,1,1,1,1,1,1
1,1,1,1,1,1,1,1,1,1
1,1,1,1,1,1,1,1,1,1
1,1,1,1,1,1,1,1,1,1
1,1,1,1,1,1,1,1,1,1
1,1,1,1,1,1,1,1,1,1
1,1,1,1,1,1,1,1,1,1
1,1,1,1,1,1,1,1,1,1
1,1,1,1,1,1,1,1,1,1
1,1,1,1,1,1,1,1,1,1
1,1,1,1,1,1,1,1,1,1
1,1,1,1,1,1,1,1,1,1
1,1,1,1,1,1,1,1,1,1
1,1,1,1,1,1,1,1,1,1
1,1,1,1,1,1,1,1,1,1
1,1,1,1,1,1,1,1,1,1
1,1,1,1,1,1,1,1,1,1
1,1,1,1,1,1,1,1,1,1
1,1,1,1,1,1,1,1,1,1
1,1,1,1,1,1,1,1,1,1
1,1,1,1,1,1,1,1,1,1
1,1,1,1,1,1,1,1,1,1
1,1,1,1,1,1,1,1,1,1
1,1,1,1,1,1,1,1,1,1
1,1,1,1,1,1,1,1,1,1
1,1,1,1,1,1,1,1,1,1
1,1,1,1,1,1,1,1,1,1
1,1,1,1,1,1,1,1,1,1
1,1,1,1,1,1,1,1,1,1
1,1,1,1,1,1,1,1,1,1
1,1,1,1,1,1,1,1,1,1
1,1,1,1,1,1,1,1,1,1
1,1,1,1,1,1,1,1,1,1
1,1,1,1,1,1,1,1,1,1
1,1,1,1,1,1,1,1,1,1
1,1,1,1,1,1,1,1,1,1
1,1,1,1,1,1,1,1,1,1
1,1,1,1,1,1,1,1,1,1
1,1,1,1,1,1,1,1,1,1
1,1,1,1,1,1,1,1,1,1
1,1,1,1,1,1,0.9973232,1,1,1
1,1,1,1,1,1,0.9862669,1,1,1
1,1,1,1,1,1,0.9751222,1,1,1
1,1,1,1,1,1,0.9638916,1,1,1
1,1,1,1,1,1,0.9525782,1,1,1
1,1,1,1,1,1,0.9411851,1,1,1
1,1,1,1,1,1,0.9297158,1,1,1
1,1,1,1,1,1,0.9181741,1,1,1
1,1,1,1,1,1,0.9065641,0.9840915,1,1
1,1,1,1,1,1,0.9085479,0.9662083,1,1
1,1,1,1,1,1,0.9141502,0.947836,1,1
1,1,1,1,1,1,0.9208766,0.9290769,1,1
1,1,1,1,1,1,0.9287649,0.9099764,1,1
1,1,1,1,1,1,0.9378532,0.8905864,1,0
1,1,1,1,1,1,0.9481906,0.8709601,1,0
1,1,1,1,1,1,0.9598225,0.851155,1,0
1,1,1,1,1,1,0.9728018,0.8312195,1,0
1,1,1,1,1,1,0.9871807,0.8112094,1,0
1,1,1,1,1,1,1,0.7991387,1,0
1,1,1,1,1,1,1,0.8044863,1,0
1,1,1,1,1,1,1,0.8098562,1,0
1,1,1,1,1,1,1,0.8152429,1,0
1,1,1,1,1,1,1,0.8206388,1,0
1,1,1,1,1,1,1,0.8260404,1,0
1,1,1,1,1,1,1,0.8314403,1,0
1,1,1,1,1,1,1,0.836831,1,0
1,1,1,1,1,1,1,0.8422095,1,0
1,1,1,1,1,1,1,0.8475688,1,0
1,1,1,1,1,1,1,0.8529038,1,0
1,1,1,1,1,1,1,0.8534099,1,0
1,1,1,1,1,1,1,0.8361717,1,0
1,1,1,1,1,1,1,0.8187243,1,0
1,1,1,1,1,1,1,0.8010996,1,0
1,1,1,1,1,1,1,0.783331,1,0
1,1,1,1,1,1,1,0.7654524,0.9858024,0
1,1,1,1,1,1,1,0.7471357,0.9436501,0
1,1,1,1,1,1,1,0.727761,0.8986437,0
1,1,1,1,1,1,1,0.7074462,0.8514631,0
1,1,1,1,1,1,1,0.6863505,0.8028984,0
1,1,1,1,1,1,1,0.6646796,0.7538089,0
1,1,1,1,1,1,1,0.6556228,0.7050256,0
1,1,1,1,1,1,1,0.6765815,0.695582,0
1,1,1,1,1,1,1,0.698773,0.7057651,0
1,1,1,1,1,1,1,0.7214709,0.7161229,0
1,1,0.9279571,1,1,1,1,0.7445711,0.7265967,0
1,1,0.9092744,1,1,1,1,0.7655885,0.7361959,0
1,1,0.8926854,1,1,1,1,0.7859141,0.7454838,0
1,1,0.8778734,1,1,1,1,0.8054446,0.7544283,0
1,1,0.86458,1,1,1,1,1,0.7630061,0
1,1,0.8560117,1,1,1,1,1,0.7493531,0
1,1,0.8473158,1,1,1,1,1,0.7276314,0
1,1,0.8382651,1,1,1,1,1,0.7057743,0
1,1,0.8288935,1,1,1,1,1,0.6838536,0
1,1,0.8192337,1,1,1,1,1,0.6619393,0
1,1,0.809322,1,1,1,1,1,0.6400929,0
1,1,0.7991939,1,1,1,1,1,0.618377,0
1,1,0.7888852,1,1,1,1,1,0.5968444,0
1,1,0.77843,1,1,1,1,1,0.5755424,0
1,1,0.7678611,1,1,1,1,1,0.5800302,0
1,1,0.7578102,1,1,1,1,1,0.5879323,0
1,1,0.7483116,1,1,1,1,1,0.5956966,0
1,1,0.7393147,1,1,1,1,1,0.6033093,0
1,1,0.7307731,1,1,1,1,1,0.6107601,0
1,1,0.7226487,1,1,1,1,1,0.6180376,1
1,1,0.7149081,1,1,1,1,1,0.625132,1
1,1,0.7075202,1,1,1,1,1,0.6320363,1
1,1,0.7004578,1,1,1,1,1,0.6387452,1
1,1,0.693697,1,1,1,1,1,0.6452538,1
1,1,0.6872149,1,1,1,1,1,0.6515607,1
1,1,0.680995,1,1,1,1,1,0.6576611,1
1,1,0.6750194,1,1,1,1,1,0.6635553,1
1,1,0.6692718,1,1,1,1,1,0.6692441,1
1,1,0.6637383,1,1,1,1,1,0.6747292,1
1,1,0.6584078,1,1,1,1,1,0.6800104,1
1,1,0.6532674,1,1,1,1,1,0.6850928,1
1,1,1,1,1,1,1,1,1,1
1,1,1,1,1,1,1,1,1,1
1,1,1,1,1,1,1,1,1,1
1,1,1,1,1,1,1,1,1,1
1,1,1,1,1,1,1,1,1,1
1,1,1,1,1,1,1,1,1,1
1,1,1,1,1,1,1,1,1,1
1,0.6586531,1,1,1,1,1,1,1,2
1,0.5944999,1,1,1,1,1,1,1,2
1,0.531653,1,1,1,1,1,1,1,2
1,0.4767899,1,1,1,1,1,1,1,2
1,0.4764482,1,1,1,1,1,1,1,2
1,0.4764945,1,1,1,1,1,1,1,2
1,0.4769257,1,1,1,1,1,1,1,2
1,0.4777411,1,1,1,1,1,1,1,2
1,0.4789393,1,1,1,1,1,1,1,2
1,0.4805164,1,1,1,1,1,1,1,2
1,0.4824728,1,1,1,1,1,1,1,2
1,0.4848045,1,1,1,1,1,1,1,2
1,0.4875071,1,1,1,1,1,1,1,2
1,1,1,1,1,1,1,1,1,1
0.5096957,1,1,1,1,1,1,1,1,2
0.4252024,1,1,1,1,1,1,1,1,2
0.4248028,1,1,1,1,1,1,1,1,2
0.4247978,1,1,1,1,1,1,1,1,2
0.4251899,1,1,1,1,1,1,1,1,2
0.4259847,1,1,1,1,1,1,1,1,2
0.4271869,1,1,1,1,1,1,1,1,2
0.4288025,1,1,1,1,1,1,1,1,2
0.4308385,1,1,1,1,1,1,1,1,2
0.433303,1,1,1,1,1,1,1,1,2
1,1,1,1,1,1,1,1,1,1
1,1,1,1,1,1,1,1,1,1
1,1,1,1,1,1,1,1,1,1
1,1,1,1,1,1,1,1,1,1
1,1,1,1,1,1,1,1,1,1
1,1,1,1,1,1,1,1,1,1
1,1,1,1,1,1,1,1,1,1
1,1,1,1,1,1,1,1,1,1
1,1,1,1,1,1,1,1,1,1
1,1,1,1,1,1,1,1,1,1
1,1,1,1,1,1,1,1,1,1
1,1,1,1,1,1,1,1,1,1
1,1,1,1,1,1,1,1,1,1
1,1,1,1,1,1,1,1,1,1
1,1,1,1,1,1,1,1,1,1
1,1,1,1,1,1,1,1,1,1
1,1,1,1,1,1,1,1,1,1
1,1,1,1,1,1,1,1,1,1
1,1,1,1,1,1,1,1,1,1
1,1,1,1,1,1,1,1,1,1
1,1,1,1,1,1,1,1,1,1
1,1,1,1,1,1,1,1,1,1
1,1,1,1,1,1,1,1,1,1
1,1,1,1,1,1,1,1,1,1
1,1,1,1,1,1,1,1,1,1
1,1,1,1,1,1,1,1,1,1
1,1,1,1,1,1,1,1,1,1
1,1,1,1,1,1,1,1,1,1
1,1,1,1,1,1,1,1,1,1
1,1,1,1,1,1,1,1,1,1
1,1,1,1,1,1,1,1,1,1
1,1,1,1,1,1,1,1,1,1
1,1,1,1,1,1,1,1,1,1
1,1,1,1,1,1,1,1,1,1
1,1,1,1,1,1,1,1,1,1
1,1,1,1,1,1,1,1,1,1
1,1,1,1,1,1,1,1,1,1
1,1,1,1,1,1,1,1,1,1
1,1,1,1,1,1,1,1,1,1
1,1,1,1,1,1,1,1,1,1
1,1,1,1,1,1,1,1,1,1
1,1,1,1,1,1,1,1,1,1
1,1,1,1,1,1,1,1,1,1
1,1,1,1,1,1,1,1,1,1
1,1,1,1,1,1,1,1,1,1
1,1,1,1,1,1,1,1,1,1
1,1,1,1,1,1,1,1,1,1
1,1,1,1,1,1,1,1,1,1
1,1,1,1,1,1,1,1,1,1
1,1,1,1,1,1,1,1,1,1
1,1,1,1,1,1,1,1,1,1
1,1,1,1,1,1,1,1,1,1
1,1,1,1,1,1,1,1,1,1
1,1,1,1,1,1,1,1,1,1
1,1,1,1,1,1,1,1,1,1
1,1,1,1,1,1,1,1,1,1
1,1,1,1,1,1,1,1,1,1
1,1,1,1,1,1,1,1,1,1
1,1,1,1,1,1,1,1,1,1
1,1,1,1,1,1,1,1,1,1
1,1,1,1,1,1,1,1,1,1
1,1,0.9910761,1,1,1,1,1,1,1
1,1,0.9801235,1,1,1,1,1,1,1
1,1,0.969096,1,1,1,1,1,1,1
1,1,0.9579962,1,1,1,1,1,1,1
1,1,0.9468266,1,1,1,1,1,1,1
1,1,0.9355904,1,1,1,1,1,1,1
1,1,0.9242904,1,1,1,1,1,1,1
1,1,0.9129302,1,1,1,1,1,1,1
1,1,0.9015133,1,1,1,1,1,1,1
1,1,0.8900434,1,1,1,1,1,1,1
1,1,0.8785278,1,1,1,1,1,1,1
1,1,0.8669672,1,1,1,1,1,1,1
1,1,0.8553658,1,1,1,1,1,1,1
1,1,0.8437277,1,1,1,1,1,1,1
1,1,0.8320607,1,1,1,1,1,1,1
1,1,0.8203658,1,1,1,1,1,1,1
1,1,0.8086509,1,1,1,1,1,1,1
1,1,0.7969168,1,1,1,1,1,1,1
1,1,0.7851713,1,1,1,1,1,1,1
1,1,0.7734156,1,1,1,1,1,1,1
1,1,0.7616571,1,1,1,1,1,1,1
1,1,0.7499002,1,1,1,1,1,1,1
1,1,0.7381487,1,1,1,1,1,1,1
1,0.9870054,0.7264068,1,1,1,1,1,1,2
1,0.9683861,0.7145749,1,1,1,1,1,1,2
1,0.9493101,0.7026248,1,1,1,1,1,1,2
1,0.9298383,0.6905763,1,1,1,1,1,1,2
1,0.9100321,0.6945302,1,1,1,1,1,1,2
1,0.890148,0.7116357,1,1,1,1,1,1,2
1,0.8703791,0.7302234,1,1,1,1,1,1,2
1,0.8665005,0.7503872,1,1,1,1,1,1,2
1,0.8749795,0.7711202,1,1,1,1,0.995731,1,2
1,0.8829947,0.7911267,1,1,1,1,0.9901465,1,2
1,0.8904912,0.8101749,1,1,1,1,0.9850478,1,2
1,0.897485,0.8282135,1,1,1,1,0.9803786,1,2
1,0.7491079,0.8451988,1,1,1,1,0.9760923,1,2
1,0.7307783,1,1,1,1,1,0.9695663,1,2
1,0.7137665,1,1,1,1,1,0.9640298,1,2
1,0.6968602,1,1,1,1,1,0.9583823,1,2
1,0.6800736,1,1,1,1,1,0.9526385,1,2
1,0.6634267,1,1,1,1,1,0.9468104,1,2
1,0.6469382,1,1,1,1,1,0.9409128,1,2
1,0.6306164,1,1,1,1,1,0.934958,1,2
1,0.614476,1,1,1,1,1,0.9289572,1,2
1,0.5985259,1,1,1,1,1,0.9229225,1,2
1,0.5827733,1,1,1,1,1,0.9168633,0.9931487,2
0.9887482,0.5673467,1,1,1,1,1,0.9109244,0.9226198,2
0.9593312,0.553156,1,1,1,1,1,0.906157,0.809267,1
0.9366162,0.5405115,1,1,1,1,1,0.9030298,0.8069393,1
0.9124583,0.5275341,1,1,1,1,1,0.8994697,0.8045706,1
0.8869768,0.5142537,1,1,1,1,1,0.8954694,0.8021576,1
0.8603112,0.5006992,1,1,1,1,1,0.8910257,0.7996967,2
0.8326333,0.4869086,1,1,1,1,1,0.8861462,0.7971879,2
0.8041374,0.477807,1,1,1,1,1,0.8808472,0.7946349,2
0.7751885,0.4868197,1,1,1,1,1,0.8752001,0.7920426,2
0.7465386,0.4963993,1,1,1,1,1,0.8694131,0.7894188,2
0.7493684,0.5065546,1,1,1,1,1,0.8635104,0.786766,2
0.7555293,0.5164129,1,1,1,1,1,0.8579534,0.7840794,2
0.6468673,0.5258409,1,1,1,1,1,0.8527571,0.7813547,2
0.6195151,0.5382354,1,1,1,1,1,0.8463516,0.7786472,2
0.5929394,0.5512527,1,1,1,1,1,0.8399342,0.7759165,2
0.5671552,0.5648826,1,1,1,1,1,0.833524,0.7731616,2
0.542181,0.579113,1,1,1,1,1,0.8271368,0.7703809,2
0.518008,0.5939273,1,1,1,1,1,0.8207854,0.7675707,2
0.4946243,0.6093004,1,1,1,1,1,0.814483,0.7647301,2
0.4720154,0.8375943,1,1,1,1,1,0.8082365,0.7618539,1
0.452978,0.8248094,1,1,1,1,1,0.8033818,0.7586685,2
0.4338807,0.811879,1,1,1,1,1,0.7983638,0.7554868,2
0.4147844,0.7988335,1,1,1,1,1,1,0.7523074,2
0.4074121,0.7822183,1,1,1,1,1,0.7856134,0.7497224,2
0.4136816,0.780125,1,1,1,1,1,1,0.7464533,2
0.4227703,0.8086267,1,1,1,1,1,0.7729079,0.7438511,1
0.4286864,0.822004,1,1,1,1,1,1,0.7402653,2
0.4376539,0.8497968,1,1,1,1,1,1,0.7374648,2
0.4465494,0.8771454,1,1,1,1,1,1,0.7345207,2
0.4553365,1,1,1,1,1,1,1,0.7314246,2
0.4632925,1,1,1,1,1,1,1,0.7279643,2
0.4712333,1,1,1,1,1,1,1,0.7244096,2
0.4791436,1,1,1,1,1,1,1,0.7207582,2
0.4870066,1,1,1,1,1,1,1,0.7170101,2
0.4948055,1,1,1,1,1,1,1,0.7131659,1
0.5025258,1,1,1,1,1,1,1,0.7092257,1
0.5101513,1,1,1,1,1,1,1,0.7051913,1
0.5176663,1,1,1,1,1,1,1,0.7010657,1
0.5250558,1,1,1,1,1,1,1,0.696852,1
0.8096957,1,1,1,1,1,1,1,0.6925529,0
0.8023106,1,1,1,1,1,1,1,0.6869983,0
0.7947847,1,1,1,1,1,1,1,0.6815532,0
0.7871079,1,1,1,1,1,1,1,0.6762176,0
0.7792608,1,1,1,1,1,1,1,0.6709911,0
0.7712318,1,1,1,1,1,1,1,0.6658736,0
0.763005,1,1,1,1,1,1,1,0.6608631,0
0.7545678,1,1,1,1,1,1,1,0.6559588,0
0.7458985,1,1,1,1,1,1,1,0.6511587,0
0.7369836,1,1,1,1,1,1,1,0.6464618,0
0.7278051,1,1,1,1,1,1,1,0.641867,0
0.718345,1,1,1,1,1,1,1,0.6373703,0
0.7085894,1,1,1,1,1,1,1,0.6329703,0
0.6985201,1,1,1,1,1,1,1,0.6286643,0
0.6881194,1,1,1,1,1,1,1,0.6244476,0
0.6773747,1,1,1,1,1,1,1,0.6203189,0
0.6662693,1,1,1,1,1,1,1,0.6162733,0
0.6547879,1,1,1,1,1,1,1,0.6123079,0
0.642921,1,1,1,1,1,1,1,0.6084177,0
0.6306561,1,1,1,1,1,1,1,0.6732298,1
0.630093,1,1,1,1,1,1,1,0.7752806,1
0.6359461,1,1,1,1,1,1,1,0.8426281,2
0.6431108,1,1,1,1,1,1,1,0.8840693,2
0.6511344,1,1,1,1,1,1,1,0.9096651,2
0.6597365,1,1,1,1,1,1,1,0.9264997,2
0.6687607,1,1,1,1,1,1,1,0.9386513,2
0.6781183,1,1,1,1,1,1,1,0.9482624,2
0.6877604,1,1,1,1,1,1,1,0.956488,2
0.6976566,1,1,1,1,1,1,1,0.9639453,2
0.7077907,1,1,1,1,1,1,1,0.9709752,2
1,1,1,1,1,1,1,1,0.9777566,1
1,1,1,1,1,1,1,1,1,1
1,1,1,1,1,1,1,1,1,1
1,1,1,1,1,1,1,1,1,1
1,1,1,1,1,1,1,1,1,1
1,1,1,1,1,1,1,1,1,1
1,1,1,1,1,1,1,1,1,1
1,1,1,1,1,1,1,1,1,1
1,1,1,1,1,1,1,1,1,1
1,1,1,1,1,1,1,1,1,1
1,1,1,1,1,1,1,1,1,1
1,1,1,1,1,1,1,1,1,1
1,1,1,1,1,1,1,1,1,1
1,1,1,1,1,1,1,1,1,1
1,1,1,1,1,1,1,1,1,1
1,1,1,1,1,1,1,1,1,1
1,1,1,1,1,1,1,1,1,1
1,1,1,0.9922576,1,1,1,1,1,1
1,1,1,0.9828482,1,1,1,1,1,1
1,1,1,0.9734131,1,1,1,1,1,1
1,1,1,0.9639531,1,1,1,1,1,1
1,1,1,0.954466,1,1,1,1,1,1
1,1,1,0.9449524,1,1,1,1,1,1
1,1,1,0.9354166,0.9961327,1,1,1,1,1
1,1,1,0.9258369,0.9857837,1,1,1,1,1
1,1,1,0.916191,0.9753131,1,1,1,1,1
1,1,1,0.9064785,0.9647225,1,1,1,1,1
1,1,1,0.8967028,0.9540173,1,1,1,1,1
1,1,1,0.8868673,0.9432036,1,1,1,1,1
1,1,1,0.876973,0.9322847,1,1,1,1,1
1,1,1,0.8670209,0.9212644,1,1,1,1,1
1,1,1,0.8570188,0.9101534,1,1,1,1,1
1,1,1,0.8469681,0.8989564,1,1,1,1,1
1,1,1,0.8368739,0.8876817,1,1,1,1,1
1,1,1,0.8267381,0.8763342,1,1,1,1,1
1,1,1,0.8165658,0.8649228,0.9500518,1,1,1,0
1,1,1,0.8061471,0.8530393,0.9359173,1,1,1,0
1,1,1,0.7956532,0.8410144,0.9215544,1,1,1,0
1,1,1,0.7851003,0.8288726,0.9070001,1,1,1,0
1,1,1,0.7744958,0.8166291,0.8922817,1,1,1,0
1,1,1,0.7638563,0.8043092,0.8774379,1,1,1,0
1,1,1,0.7531921,0.7919318,0.8625005,1,1,1,0
1,1,1,0.7425132,0.7795153,0.8475002,1,1,1,0
1,1,1,0.7318351,0.7670838,0.8324741,1,1,1,0
1,1,1,0.7211663,0.754654,0.8174507,1,1,1,0
1,1,1,0.7105173,0.7422445,0.8024597,1,1,1,0
1,1,1,0.7151508,0.7298722,0.7875285,1,1,1,0
1,1,1,0.7420462,0.7175741,0.7727207,1,1,1,0
1,1,1,0.7737195,0.7053884,0.7581015,1,1,1,0
1,1,1,0.8111182,0.6933176,0.7436758,1,1,1,0
1,1,1,0.8554748,0.6813622,0.7294464,1,1,1,0
1,1,1,0.9084706,0.6695213,0.7154133,1,1,1,0
1,1,1,0.9723735,0.6577961,0.7015784,1,1,1,0
1,1,1,1,0.6461836,0.6879385,1,1,1,0
1,1,1,1,0.6346551,0.67444,1,1,1,0
1,1,1,1,0.6231925,0.6610521,1,1,1,0
1,1,1,1,0.611802,0.6477839,1,1,1,0
1,1,1,1,0.6004853,0.6346402,0.7392384,1,1,0
1,1,1,1,0.5884122,0.6199579,0.7180634,1,1,0
1,1,1,1,0.5765166,0.6055396,0.6974267,1,1,0
1,1,1,1,0.5648047,0.5913993,0.6773549,1,1,0
1,1,1,1,0.5532838,0.5775508,0.6578703,1,1,0
1,1,1,1,0.5419511,0.5639958,0.6389769,1,1,0
1,1,1,1,0.5572011,0.550734,0.6206735,1,1,0
1,1,1,1,0.6328201,0.5377813,0.6029994,1,1,0
1,1,1,1,0.7328616,0.5251555,0.5860055,1,1,0
1,1,1,1,0.8698919,0.5128288,0.5696381,1,1,0
1,1,1,1,1,0.5007742,0.553846,1,1,0
1,1,1,1,1,0.488948,0.5385339,1,1,0
1,1,1,1,1,0.4772905,0.5235616,1,1,0
1,1,1,1,1,0.4657975,0.5089222,1,1,0
1,1,1,1,1,0.4544609,0.4946035,1,1,0
1,1,1,1,1,0.4432746,0.4805956,1,1,0
1,1,1,1,1,0.4322324,0.4668875,1,1,0
1,1,1,1,1,0.4490749,0.4534639,1,1,0
1,1,1,1,1,0.4949006,0.4403426,0.6014081,1,0
1,1,1,1,1,0.5964758,0.4259675,0.5737302,1,0
1,1,1,1,1,0.7493848,0.412029,0.5475076,1,0
1,1,1,1,1,1,0.3985,0.5226212,1,0
1,1,1,1,1,1,0.3853649,0.4989769,1,0
1,1,1,1,1,1,0.3725997,0.4764772,1,0
1,1,1,1,1,1,0.3601881,0.4550426,1,0
1,1,1,1,1,1,0.3481118,0.4345967,1,0
1,1,1,1,1,1,0.3378486,0.4150742,1,0
1,1,1,1,1,1,0.3838098,0.3964157,1,0
1,1,1,1,1,1,0.4398505,0.3787446,1,0
1,1,1,1,1,1,0.5082444,0.362016,1,0
1,1,1,1,1,1,0.5925427,0.3461296,1,0
1,1,1,1,1,1,1,0.3309928,0.5176004,0
1,1,1,1,1,1,1,0.3156994,0.4844278,0
1,1,1,1,1,1,1,0.3010048,0.4535864,0
1,1,1,1,1,1,1,0.2868771,0.4248501,0
1,1,1,1,1,1,1,0.2732797,0.398012,0
1,0.9941808,1,1,1,1,1,0.2601857,0.3729002,0
1,0.9839915,1,1,1,1,1,0.2611895,0.349364,0
1,0.9741508,1,1,1,1,1,0.284382,0.3272611,0
1,0.9646459,1,1,1,1,1,0.3104936,0.3064742,0
1,0.9554628,1,1,1,1,1,0.3400107,0.286895,0
1,0.9465889,1,1,1,1,1,0.3735355,0.2684312,0
1,0.9380118,1,1,1,1,1,0.4118219,0.2509917,0
1,0.9297218,1,1,1,1,1,0.4558224,0.2345032,0
1,0.9217097,1,1,1,1,1,0.5067643,0.2188957,0
1,0.9139655,1,1,1,1,1,1,0.2326862,0
1,0.9067646,1,1,1,1,1,1,0.2466699,0
1,0.899783,1,1,1,1,1,1,0.2611763,0
1,0.8929741,1,1,1,1,1,1,0.276167,0
1,0.8862966,1,1,1,1,1,1,0.2916006,0
1,0.8797168,1,1,1,1,1,1,0.3074277,0
1,0.8732015,1,1,1,1,1,1,0.3236015,0
1,0.8667262,1,1,1,1,1,1,0.3400654,0
1,0.8602699,1,1,1,1,1,1,0.3567583,0
1,0.8538134,1,1,1,1,1,1,0.373621,0
1,0.8473403,1,1,1,1,1,1,0.3905913,0
1,0.8408397,1,1,1,1,1,1,0.4076022,0
1,0.8343033,1,1,1,1,1,1,0.4245852,0
1,0.8277225,1,1,1,1,1,1,0.4414768,0
1,0.8210928,1,1,1,1,1,1,0.4582109,0
1,0.8144116,1,1,1,1,1,1,0.4747229,1
1,0.8076771,1,1,1,1,1,1,1,2
1,0.8004149,1,1,1,1,1,1,1,2
1,0.7932605,1,1,1,1,1,1,1,2
1,0.7862214,1,1,1,1,1,1,1,2
1,0.7793044,1,1,1,1,1,1,1,2
1,0.7725191,1,1,1,1,1,1,1,2
1,0.7658713,1,1,1,1,1,1,1,2
1,0.7593688,1,1,1,1,1,1,1,2
1,0.753019,1,1,1,1,1,1,1,2
1,0.7468276,1,1,1,1,1,1,1,2
1,0.7408017,1,1,1,1,1,1,1,2
1,0.7349483,1,1,1,1,1,1,1,2
0.7861477,0.7292739,1,1,1,1,1,1,1,2
0.7737858,0.7242476,1,1,1,1,1,1,1,2
0.7618767,0.7197021,1,1,1,1,1,1,1,2
0.7504932,0.71566,1,1,1,1,1,1,1,2
0.7397801,0.7120907,1,1,1,1,1,1,1,2
0.7297137,0.7089937,1,1,1,1,1,1,1,2
0.7202754,1,1,1,1,1,1,1,1,2
0.7130786,1,1,1,1,1,1,1,1,2
0.7060636,1,1,1,1,1,1,1,1,2
0.6992403,1,1,1,1,1,1,1,1,2
0.692618,1,1,1,1,1,1,1,1,2
0.6862059,1,1,1,1,1,1,1,1,2
0.6800146,1,1,1,1,1,1,1,1,2
0.6740524,1,1,1,1,1,1,1,1,2
0.6683279,1,1,1,1,1,1,1,1,2
0.6628491,1,1,1,1,1,1,1,1,2
0.6576234,1,1,1,1,1,1,1,1,2
0.6526583,1,1,1,1,1,1,1,1,2
0.6479609,1,1,1,1,1,1,1,1,2
0.6435378,1,1,1,1,1,1,1,1,2
0.6393954,1,1,1,1,1,1,1,1,2
0.6355385,1,1,1,1,1,1,1,1,2
0.9398307,1,1,1,1,1,1,1,1,1
1,1,1,1,1,1,1,1,1,1
1,1,1,1,1,1,1,1,1,1
1,1,1,1,1,1,1,1,1,1
1,1,1,1,1,1,1,1,1,1
1,1,1,1,1,1,1,1,1,1
1,1,1,1,1,1,1,1,1,1
1,1,1,1,1,1,1,1,1,1
1,1,1,1,1,1,1,1,1,1
1,1,1,1,1,1,1,1,1,1
1,1,1,1,1,1,1,1,1,1
1,1,1,1,1,1,1,1,1,1
1,1,1,1,1,1,1,1,1,1
1,1,1,1,1,1,1,1,1,1
1,1,1,1,1,1,1,1,1,1
1,1,1,1,1,1,1,1,1,1
1,1,1,1,1,1,1,1,1,1
1,1,1,1,1,1,1,1,1,1
1,1,1,1,1,1,1,1,1,1
1,1,1,1,1,1,1,1,1,1
1,1,1,1,1,1,1,1,1,1
1,1,1,1,1,1,1,1,1,1
1,1,1,1,1,1,1,1,1,1
1,1,1,1,1,1,1,1,1,1
1,1,1,1,1,1,1,1,1,1
1,1,1,1,1,1,1,1,1,1
1,1,1,1,1,1,1,1,0.9232845,1
1,1,1,1,1,1,1,1,0.9260376,1
1,1,1,1,1,1,1,1,0.9268568,1
1,1,1,1,1,1,1,1,0.9277066,1
1,1,1,1,1,1,1,1,0.9285864,1
1,1,1,1,1,1,1,1,0.9294957,1
1,1,1,1,1,1,1,1,0.9304339,1
1,1,1,1,1,1,1,1,0.931399,1
1,1,1,1,1,1,1,1,0.9323904,1
1,1,1,1,1,1,1,1,0.9334075,1
1,1,1,1,1,1,1,1,0.9344498,1
1,1,1,1,1,1,1,1,0.9355151,1
1,1,1,1,1,1,1,1,0.936603,1
1,1,1,1,1,1,1,1,1,1
1,1,1,1,1,1,1,1,1,1
1,1,1,1,1,1,1,1,1,1
1,1,1,1,1,1,1,1,1,1
1,1,1,1,1,1,1,1,1,1
1,1,1,1,1,1,1,1,1,1
1,1,1,1,1,1,1,1,1,1
1,1,1,1,1,1,1,1,1,1
1,1,1,1,1,1,1,1,1,1
1,1,1,1,1,1,1,1,1,1
1,1,1,1,1,1,1,1,1,1
1,1,1,1,1,1,1,1,1,1
1,1,1,1,1,1,1,1,1,1
1,1,1,1,1,1,1,1,1,1
1,1,1,1,1,1,1,1,1,1
1,1,1,1,1,1,1,1,1,1
1,1,1,1,1,1,1,1,1,1
1,1,1,1,1,1,1,1,1,1
1,1,1,1,1,1,1,1,1,1
1,1,1,1,1,1,1,1,1,1
1,1,1,1,1,1,1,1,1,1
1,1,1,1,1,1,1,1,1,1
1,1,1,1,1,1,1,1,1,1
1,1,1,1,1,1,1,1,1,1
1,1,1,1,1,1,1,1,1,1
1,1,1,1,1,1,1,1,1,1
1,1,1,1,1,1,1,1,1,1
1,1,1,1,1,1,1,1,1,1
1,1,1,1,1,1,1,1,1,1
1,1,1,1,1,1,1,1,1,1
1,1,1,1,1,1,1,1,1,1
1,1,1,1,1,1,1,0.9995717,1,1
1,1,1,1,1,1,1,0.9846452,1,1
1,1,1,1,1,1,1,0.9692216,1,1
1,1,1,1,1,1,1,0.9533141,1,1
1,1,1,1,1,1,1,0.9369324,1,1
1,1,1,1,1,1,1,0.9200937,1,1
1,1,1,1,1,1,1,0.9028202,1,1
1,1,1,1,1,1,1,0.8851427,1,1
1,1,1,1,1,1,1,0.8670867,1,1
1,1,1,1,1,1,1,0.8486907,1,0
1,1,1,1,1,1,1,0.8299921,1,0
1,1,1,1,1,1,1,0.8110307,1,0
1,1,1,1,1,1,1,0.7918493,1,0
1,1,1,1,1,1,1,0.7724966,1,0
1,1,1,1,1,1,1,0.7530132,1,0
1,1,1,1,1,1,1,0.7409603,1,0
1,1,1,1,1,1,1,0.7481269,1,0
1,1,1,1,1,1,1,0.7553455,1,0
1,1,1,1,1,1,1,0.7626053,1,0
1,1,1,1,1,1,1,0.7698985,1,0
1,1,1,1,1,1,1,0.7772149,1,0
1,1,1,1,1,1,1,0.7845446,1,0
1,1,1,1,1,1,1,0.7918795,1,0
1,1,1,1,1,1,1,0.7992075,1,0
1,1,1,1,1,1,1,0.8065232,1,0
1,1,1,1,1,1,1,0.8138171,1,0
1,1,1,1,1,1,1,0.8210799,1,0
1,1,1,1,1,1,1,0.8283017,0.9691023,0
1,1,1,1,1,1,1,0.8366591,0.9333145,0
1,1,1,1,1,1,1,0.8463842,0.896382,0
1,1,1,1,1,1,1,0.857582,0.8586415,0
1,1,1,1,1,1,1,0.8703596,0.8204395,0
1,1,1,1,1,1,1,0.8848233,0.7821351,0
1,1,1,1,1,1,1,0.9010795,0.7440646,0
1,1,1,1,1,1,1,0.9192355,0.7065283,0
1,1,1,1,1,1,1,0.9393965,0.6698004,0
1,1,1,1,1,1,1,1,0.6406205,0
1,1,1,1,1,1,1,1,0.6485461,0
1,1,1,1,1,1,1,1,0.6566961,0
1,1,1,1,1,1,1,1,0.6650571,0
1,1,1,1,1,1,1,1,0.6736166,0
1,1,1,1,1,1,1,1,0.6823605,0
1,1,1,1,1,1,1,1,0.6912737,0
1,1,1,1,1,1,1,1,0.7003432,0
1,1,1,1,1,1,1,1,0.7095534,0
1,1,1,1,1,1,1,1,0.7188888,0
1,1,1,1,1,1,1,1,0.7283352,0
1,1,1,1,1,1,1,1,0.7378765,0
1,1,1,1,1,1,1,1,0.7474968,0
1,1,1,1,1,1,1,1,0.7571815,0
1,1,1,1,1,1,1,1,0.7669164,0
1,1,1,1,1,1,1,1,0.7766852,0
1,1,1,1,1,1,1,1,0.7864736,0
1,1,1,1,1,1,1,1,0.7962676,0
1,1,1,1,1,1,1,1,0.8060511,0
1,1,1,1,1,1,1,1,0.8158106,0
1,1,1,1,1,1,1,1,0.8255324,0
1,1,1,1,1,1,1,1,0.8352038,0
1,1,1,1,1,1,1,1,0.8448116,0
1,1,1,1,1,1,1,1,1,1
1,1,1,1,1,1,1,1,1,1
1,1,1,1,1,1,1,1,1,1
1,1,1,1,1,1,1,1,1,1
1,1,1,1,1,1,1,1,1,1
1,1,1,1,1,1,1,1,1,1
1,1,1,1,1,1,1,1,1,1
1,1,1,1,1,1,1,1,1,1
1,1,1,1,1,1,1,1,1,1
1,1,1,1,1,1,1,1,1,1
1,1,1,1,1,1,1,1,1,1
1,1,1,1,1,1,1,1,1,1
1,1,1,1,1,1,1,1,1,1
1,1,1,1,1,1,1,1,1,1
1,1,1,1,1,1,1,1,1,1
1,1,1,1,1,1,1,1,1,1
1,1,1,1,1,1,1,1,1,1
1,1,1,1,1,1,1,1,1,1
1,1,1,1,1,1,1,1,1,1
1,1,1,1,1,1,1,1,1,1
1,1,1,1,1,1,1,1,1,1
1,1,1,1,1,1,1,1,1,1
1,1,1,1,1,1,1,1,1,1
1,1,1,1,1,1,1,1,1,1
1,1,1,1,1,1,1,1,1,1
1,1,1,1,1,1,1,1,1,1
1,1,1,1,1,1,1,1,1,1
1,1,1,1,1,1,1,1,1,1
1,1,1,1,1,1,1,1,1,1
1,1,1,1,1,1,1,1,1,1
1,1,1,1,1,1,1,1,1,1
1,1,1,1,1,1,1,1,1,1
1,1,1,1,1,1,1,1,1,1
1,1,1,1,1,1,1,1,1,1
1,1,1,1,1,1,1,1,1,1
1,1,1,1,1,1,1,1,1,1
1,1,1,1,1,1,1,1,1,1
1,1,1,1,1,1,1,1,1,1
1,1,1,1,1,1,1,1,1,1
1,1,1,1,1,1,1,1,1,1
1,1,1,1,1,1,1,0.9960583,1,1
1,1,1,1,1,1,1,0.9862419,1,1
1,1,1,1,1,1,1,0.9763554,1,1
1,1,1,1,1,1,1,0.9664038,1,1
1,1,1,1,1,1,1,0.9563895,1,1
1,1,1,1,1,1,1,0.9463146,1,1
1,1,1,1,1,1,1,0.9361817,1,1
1,1,1,1,1,1,1,0.9259936,1,1
1,1,1,1,1,1,1,0.915756,1,1
1,1,1,1,1,1,1,0.9054726,1,1
1,1,1,1,1,1,1,0.8951494,1,1
1,1,1,1,1,1,1,0.8847868,1,1
1,1,1,1,1,1,1,0.8743913,1,1
1,1,1,1,1,1,1,0.8639666,1,1
1,1,1,0.9938947,1,1,1,0.8535162,1,1
1,1,1,0.9834278,1,1,1,0.8431016,1,1
1,1,1,0.9731375,1,1,1,0.8327587,1,1
1,1,1,0.963016,1,1,1,0.8224848,1,1
1,1,1,0.9530581,1,1,1,0.8122775,1,1
1,1,1,0.9432586,1,1,1,0.8021342,1,1
1,1,1,0.9336104,1,1,0.9998678,0.7920491,1,1
1,1,1,0.924109,1,1,0.9911046,0.7943462,1,1
1,1,1,0.9149998,1,1,0.9823319,0.8094066,1,1
1,1,1,0.9064935,1,1,0.973539,0.8235443,1,1
1,1,1,0.8985354,1,1,0.9647211,0.8367654,1,1
1,1,1,0.8910799,1,1,0.9558803,0.8490794,1,1
1,1,1,0.8840836,1,1,0.9470159,0.8605083,1,1
1,1,1,0.8775109,1,1,0.9381278,0.871075,1,1
1,1,0.9545935,0.871325,1,1,0.9292186,0.8808159,1,1
1,1,0.9360549,0.8672118,1,1,0.9202167,0.8864237,1,1
1,1,0.9166988,0.8640187,1,1,0.9111754,0.8901564,1,2
1,1,0.8966494,0.8617198,1,1,0.9021028,0.8921288,1,2
1,1,0.8760321,0.8602909,1,1,0.8930067,0.8924792,1,2
1,1,0.8549706,0.8597089,1,1,0.8838954,0.8913638,1,2
1,1,0.8335849,0.8599512,1,1,0.874777,0.8889492,1,2
1,1,0.8119925,0.8609935,1,1,0.8656616,0.885411,1,2
1,1,0.7902978,0.8628109,1,1,0.8565558,0.8809236,1,2
1,1,0.7686002,0.8653786,1,1,0.8474676,0.8756544,1,2
1,1,0.7469829,1,1,1,0.8384007,0.8697648,1,2
1,1,0.7281536,1,1,1,0.8293325,0.8690071,1,2
1,1,0.7091713,1,1,1,0.8202729,0.8673372,1,2
1,1,0.6900949,1,1,1,0.8112239,0.8648429,1,2
1,1,0.6709837,1,1,1,0.8021902,0.8616212,1,2
1,1,0.6518928,1,1,1,0.7931757,0.8577679,1,2
1,1,0.6381944,1,1,1,0.7841808,0.8533772,1,2
1,1,0.63778,1,1,0.7903767,0.7752033,0.8487959,1,2
1,1,0.638427,1,1,0.7793891,0.7663068,0.8419331,1,2
1,1,0.6390027,1,1,0.768534,0.7574081,0.8358068,1,2
1,1,0.6394976,1,1,0.7577987,0.7485012,0.8303542,1,2
1,1,0.6399051,1,1,0.7471721,0.7395813,0.8255154,1,2
1,1,0.6402178,1,1,0.7366441,0.7306445,0.8212399,1,2
1,1,0.6404332,1,1,0.7262027,0.7216846,1,1,2
1,1,0.6432906,1,1,0.7154127,0.7130159,0.8089095,1,2
1,1,0.6431397,1,1,0.7051657,0.703972,1,0.7993056,1
1,1,0.6409284,1,1,0.695238,0.6946571,1,0.7857185,1
1,1,0.6383699,1,1,0.6853661,0.6852838,1,0.7713288,1
1,1,0.6354532,1,1,0.6755479,0.6758536,1,0.7561607,1
1,1,0.6321689,1,1,0.6657818,0.6663688,1,0.7402467,1
1,1,0.6285143,1,1,0.6560637,0.6568299,1,0.7236231,1
1,1,0.6244884,1,1,0.6463898,0.6472381,1,0.7063344,1
1,1,0.6200987,1,1,0.63676,0.637599,1,0.6884381,1
1,1,0.6153498,1,1,0.6271712,0.6279156,1,0.6699923,1
1,0.6730579,0.6102572,1,1,0.6176239,0.6181949,1,0.6510662,2
1,0.6314329,0.6135592,1,1,0.6071363,0.6094857,1,0.6445557,2
1,0.5910515,0.6176484,1,1,0.5966776,0.600851,1,0.6385005,2
1,0.5521375,1,1,1,0.5862662,0.5922855,1,0.6327816,1
1,0.5262378,1,1,1,0.5764427,0.5827402,1,0.6162432,1
1,0.5003536,1,1,1,0.5666095,0.5732075,1,0.5997955,1
1,0.4745334,1,1,1,0.5567659,0.5636822,1,0.5833961,1
1,0.4488381,1,1,1,0.5469171,0.554165,1,0.5670139,1
1,0.4319072,1,1,1,0.5370624,0.5446501,1,0.550603,1
1,0.4298111,1,1,1,0.5272165,0.5351015,1,0.5494697,1
1,0.4277067,1,1,1,0.5173808,0.5255221,1,0.5513675,1
1,0.4256166,1,1,1,0.5075498,0.5159233,1,0.5532531,1
1,0.4235385,1,1,1,0.497723,0.5063048,1,0.5551288,1
1,0.4214739,1,1,1,0.4878966,0.4966632,1,0.5569933,1
1,0.4194191,1,1,1,0.478073,0.4870015,1,0.5588502,1
1,0.4173756,1,1,1,0.4682549,0.4773225,0.5827765,0.5606983,0
1,0.4130712,1,1,1,0.4587548,0.4666552,0.5673283,0.5658514,0
1,0.4088503,1,1,1,0.4492748,0.4561151,0.5523257,0.5710005,0
1,0.404706,1,1,1,0.4398062,0.4456872,0.5377276,0.5761336,0
1,0.4006321,1,1,1,0.4303479,0.4353639,0.5235026,0.5812402,0
1,0.3966227,1,1,1,0.4208931,0.4251322,0.5096144,0.5863113,0
1,0.3926742,1,1,1,0.4114362,0.4149801,0.4960291,0.5913369,0
1,0.3887802,1,1,1,0.4019784,0.4049028,0.4827225,0.5963124,0
1,0.3849364,1,1,1,0.3925152,0.3948899,0.4696652,0.601232,0
1,0.3811376,1,1,1,0.3830461,0.3849352,0.4568335,0.6060929,1
1,0.3773808,1,1,1,1,0.375033,0.4442061,0.6108915,0
1,0.3731473,1,1,1,1,0.3650272,0.4309171,0.6168275,0
1,0.3689568,1,1,1,1,0.3550944,0.4178959,0.6227366,0
1,0.3648061,1,1,1,1,0.3452248,0.4051167,1,2
0.3348117,0.362774,1,1,1,1,0.3359445,0.3957873,1,2
0.3318442,0.3630435,1,1,1,1,0.3272502,0.3896958,1,2
0.329226,0.3637013,1,1,1,1,0.3185868,0.3835363,1,2
0.326955,0.3647599,1,1,1,0.3045031,0.3099454,0.3772987,1,2
0.3250299,1,1,1,1,0.2943888,0.3013176,0.3709724,1,2
0.3230506,1,1,1,1,0.2845198,0.2917653,0.3606109,1,2
0.3211332,1,1,1,1,0.2746644,0.2821285,0.3499074,1,2
0.3192644,1,1,1,1,0.2648192,0.2724126,0.3388856,1,2
0.3174336,1,1,1,1,0.254979,0.2626209,0.3275674,1,1
0.3156322,1,1,1,1,0.2451396,0.2527575,0.3159758,1,1
0.3138526,1,1,1,1,0.2353012,0.2428304,0.3041389,1,1
0.3120863,1,1,1,1,0.2254613,0.2328451,0.2920815,1,1
0.3103284,1,1,1,1,0.2156213,0.2228102,0.2798321,1,1
0.3085726,1,1,1,1,0.2057802,0.2127315,0.2674153,1,1
0.3068149,1,1,1,1,0.1959371,0.2026147,0.254855,0.4593756,0
0.304391,1,1,1,1,1,0.1915143,0.238216,0.4188335,0
0.3018818,1,1,1,1,1,0.1806094,0.2221161,0.3811183,0
0.2992985,1,1,1,1,1,0.1699151,0.2066161,0.3463116,0
0.2966459,1,1,1,1,1,0.1594363,0.1917374,0.3143135,0
0.2939221,1,1,1,1,1,0.1491632,0.1774421,0.2848041,0
0.2911237,1,1,1,1,1,0.1390848,0.1637117,0.2575898,0
0.2882455,1,1,1,1,1,0.1401399,0.1505246,0.2324715,0
0.2852783,1,1,1,1,1,0.2055806,0.1378453,0.2092345,0
0.2822081,1,1,1,1,1,0.3045161,0.1256471,0.1877167,0
0.2790277,1,1,1,1,1,0.4647074,0.1138789,0.1676831,0
0.2757281,1,1,1,1,1,1,0.1024941,0.1489306,0
0.2932765,1,1,1,1,1,1,0.09146589,0.131347,0
0.3201403,1,1,1,1,1,1,0.08929594,0.1144599,0
0.3403903,1,1,1,1,1,1,0.1029648,0.09826393,0
0.3565971,1,1,1,1,1,0.9669935,0.1181611,0.08281793,0
0.3701082,1,1,1,1,1,0.9586741,0.1350173,0.07019028,0
0.3819004,1,1,1,1,1,0.950686,0.153651,0.07784214,0
0.3934672,1,1,1,1,1,0.9429556,0.1739148,0.08587386,0
0.4049509,1,1,1,1,1,0.9354334,0.1958417,0.09426843,0
0.4164429,1,1,1,1,1,0.9280757,0.2194614,0.103011,0
0.4280058,1,1,1,1,1,0.920845,0.2447816,0.1120806,0
0.4396818,1,1,1,1,1,0.9137087,0.2718099,0.1214611,0
0.4515002,1,1,1,1,1,0.9066393,0.3005297,0.1311304,0
1,1,1,1,1,1,1,0.3309138,0.1410677,0
1,1,1,1,1,1,1,0.3782584,0.1533953,0
1,1,1,1,1,1,1,1,0.1666913,0
1,1,1,1,1,1,1,1,0.1810435,0
1,1,1,1,1,1,1,1,0.1965518,0
1,1,1,1,1,1,1,1,0.2130504,0
1,1,1,1,1,1,1,1,0.2305346,0
1,1,1,1,1,1,1,1,0.2490096,0
1,1,0.9877235,1,1,1,1,1,0.2684709,0
1,1,0.9740459,1,1,1,1,0.8250852,0.2886818,0
1,1,0.9608719,1,1,1,1,0.8166065,0.3099617,0
1,1,0.948456,1,1,1,1,0.8085375,0.3318108,0
1,1,0.9366952,1,1,1,1,0.8008071,1,1
1,1,0.9297193,1,1,1,1,0.7939404,1,1
1,1,0.9228302,1,1,1,1,0.7870732,1,1
1,1,0.9160269,1,1,1,1,0.7802028,1,1
1,1,0.9093089,1,1,1,1,0.7733296,1,1
1,1,0.9026753,1,1,1,1,0.766451,1,1
1,1,0.8961251,1,1,1,1,0.7595673,1,1
1,1,0.8896582,1,1,1,1,0.7526788,1,1
1,1,0.8832737,1,1,1,1,0.7457828,1,1
1,1,0.8769695,1,1,1,1,0.7388767,1,1
1,1,0.8707467,1,1,1,1,0.7319636,1,1
1,1,0.8646048,0.9970238,1,1,1,0.7250407,1,2
1,1,0.8585769,0.9915053,1,1,1,0.7181129,1,2
1,1,0.8526904,0.9862529,1,1,1,0.7111874,1,2
1,1,0.8469427,0.981256,1,1,1,0.7042614,1,2
1,1,0.8413312,1,1,1,1,0.6973315,1,2
1,1,0.8355764,1,1,1,1,0.6903349,1,2
1,1,0.8298958,1,1,1,1,0.6833215,1,2
1,1,0.8242885,1,1,1,1,0.6762939,1,2
1,1,0.8187525,1,1,1,1,0.6692485,1,2
1,1,0.813285,1,1,1,1,0.6621845,1,2
1,1,0.8078853,1,1,1,1,0.6663762,1,2
1,1,0.8025782,1,1,1,1,0.6862983,1,2
1,1,0.7974025,1,1,1,1,0.7036309,1,2
1,1,0.7923537,1,1,1,1,0.718637,1,2
1,1,0.7874305,1,1,1,1,0.7315498,1,2
1,1,0.7826303,1,1,1,1,0.7425965,1,2
1,1,0.7779505,1,1,1,1,0.7519888,1,2
1,1,0.773389,1,1,1,1,0.7599186,1,2
1,1,0.7689418,1,1,1,1,1,1,2
1,1,0.7653729,1,1,1,1,1,1,2
1,1,0.7619452,1,1,1,1,1,1,2
1,1,0.7586602,1,1,1,1,1,1,2
1,0.9603718,0.7555182,1,1,1,1,1,1,2
1,0.6990848,0.753227,1,1,1,1,1,1,2
1,0.6556792,0.755649,1,1,1,1,0.7132453,1,2
1,0.6514415,0.7582479,1,1,1,1,0.6840606,1,2
1,0.6475586,1,1,1,1,1,0.659633,1,2
1,0.6431335,1,1,1,1,1,0.655716,1,2
1,0.6388511,1,1,1,1,1,0.6518866,1,2
1,0.6347092,1,1,1,1,1,0.6481538,1,2
1,0.6307055,1,1,1,1,1,0.6445235,1,2
1,0.6268374,1,1,1,1,1,0.6409997,1,2
1,0.6231011,1,1,1,1,1,0.6375891,1,2
1,0.6194956,1,1,1,1,1,0.6342881,1,2
1,0.6160184,1,1,1,1,1,0.6310968,1,2
1,0.6126653,1,1,1,1,1,0.6280183,1,2
1,0.6094356,1,1,1,1,1,0.6250468,1,2
1,0.6063253,1,1,1,1,1,0.6221836,1,2
1,0.6033301,1,1,1,1,1,0.6194294,1,2
1,0.6004496,1,1,1,1,1,0.6167768,1,2
0.584067,0.5976796,1,1,1,1,1,0.6142262,1,2
0.5781471,0.5971642,1,0.9953265,1,1,1,0.5973074,1,2
0.5727116,0.5971095,1,0.9710829,1,1,1,0.58158,1,2
0.5677498,0.5975229,1,0.9477966,1,1,1,0.5668976,1,2
0.5632556,0.5984162,1,0.9706416,1,1,1,0.5531306,1,2
0.5592224,0.5998013,1,1,1,1,1,0.5401717,1,2
0.5556431,1,1,1,1,1,1,0.5279321,1,2
0.5525781,1,1,1,1,1,1,0.5268168,1,2
0.5496259,1,1,1,1,1,1,0.5256415,1,2
0.5467843,1,1,1,1,1,1,0.524416,1,2
0.5440522,1,0.9816045,1,1,1,1,0.5231467,1,2
0.5414344,1,0.9621185,1,1,1,1,0.5214547,1,2
0.5389398,1,0.9425827,1,1,1,1,0.5193616,1,2
0.5365798,1,0.9230567,1,1,1,1,0.5169057,1,2
0.5343613,1,0.9035881,1,1,1,1,0.5141333,1,2
0.5322933,1,0.8842284,1,1,1,1,0.5110835,1,2
0.5303844,1,0.86502,1,1,1,1,0.5077938,1,2
0.5286394,1,0.8460005,1,1,1,1,0.5043045,0.5235294,0
0.5263333,1,0.8382765,1,1,1,1,1,0.4947948,2
0.5244201,1,0.8228529,1,1,1,1,1,0.4780684,2
0.5225593,1,0.8076992,1,1,1,1,1,0.4607747,2
0.5207445,1,0.7928205,1,1,1,1,1,0.4428882,2
0.5189699,1,0.7782205,1,1,1,1,1,0.4243899,1
0.5172288,1,0.7639052,1,1,1,1,1,0.4052746,1
0.5155152,1,0.7498712,1,1,1,1,1,0.3855333,1
0.5138212,1,0.7451082,1,1,1,1,1,0.3651867,1
1,1,0.7446209,1,1,1,1,1,0.364795,0
1,1,0.7230905,1,1,1,1,1,0.3701559,0
1,1,0.7167969,1,1,1,1,1,0.3757024,0
1,1,0.7133724,1,1,1,1,1,0.3814831,0
1,1,0.7097197,1,1,1,1,1,0.3874946,0
1,1,0.7058068,1,1,1,1,1,0.3937204,0
1,1,0.7016029,0.9582182,1,1,1,1,0.4001411,0
1,1,0.6966099,0.9273921,1,1,1,1,0.406538,0
1,1,0.6908818,0.9001856,1,1,1,1,0.4129068,0
1,1,0.6844102,0.8760606,1,1,1,1,1,2
1,1,0.6644581,0.8890707,1,1,1,1,1,2
1,1,0.6448718,0.9033083,1,1,1,1,1,2
1,1,0.6256618,1,1,1,1,1,1,2
1,1,0.6147034,1,1,1,1,1,1,2
1,1,0.6184688,1,1,1,1,1,1,2
1,1,0.6223793,1,1,1,1,1,1,2
1,1,0.6264285,1,1,1,1,1,1,2
1,1,0.6306123,1,1,1,1,1,1,2
1,1,0.6349269,1,1,1,1,1,1,2
1,1,0.6393653,1,1,1,1,1,1,2
1,0.8237117,0.643923,1,1,1,1,1,1,2
1,0.7815677,0.6546079,1,1,1,1,1,1,2
1,0.740454,0.6672083,1,1,1,1,1,1,2
1,0.7006459,0.6818588,1,1,1,1,1,1,2
1,0.6623539,0.6987,1,1,1,1,1,1,2
1,0.6257158,0.7178838,1,1,1,1,1,1,2
1,0.5908197,0.7395709,1,1,0.9936813,1,1,1,2
1,0.5577128,0.7639045,1,1,0.9854646,1,1,1,2
1,0.5263916,1,1,0.9716308,0.977605,1,0.9359792,1,2
1,0.5006546,1,1,0.9610227,0.9692783,1,0.9246725,1,2
1,0.4757546,1,1,0.9505975,0.9611359,1,0.9134321,1,2
1,0.4796995,1,1,0.9403632,0.9531732,1,0.9023268,1,2
1,0.4851435,1,1,0.9303198,0.9452279,1,0.8921003,1,2
1,0.4906068,1,1,0.9204338,1,1,0.8827043,1,2
1,0.4962896,1,1,0.9106842,1,1,0.8737065,1,2
1,0.5019915,1,1,0.9010413,1,1,0.8653592,1,2
1,0.5076929,1,1,0.8914798,1,1,0.8575994,1,2
0.7160262,0.5133734,1,1,0.8819813,1,1,0.8503729,1,2
0.6446959,0.5249274,1,1,0.8732831,1,1,0.8366902,1,2
0.5811915,0.5376075,1,1,0.8649684,1,1,0.8233932,1,2
0.5246114,0.5513949,1,0.8516394,0.8570228,1,1,0.8105757,1,2
0.4738807,0.5663768,1,0.8410102,0.8494405,1,1,0.7982081,1,2
0.4281434,0.5826503,1,0.8307968,0.8422197,1,1,0.7862636,1,2
0.4221866,0.6003305,1,0.8209884,0.8353565,1,1,0.7747133,1,2
0.4288763,0.6195396,1,0.8115752,1,1,1,0.7635359,1,2
0.4361313,1,1,0.8025514,1,1,1,0.7527081,1,2
0.4414703,1,1,0.7933441,1,1,1,0.7458661,1,2
0.4468602,1,1,0.7842057,1,1,1,0.7393441,1,2
0.4522802,1,1,0.7751145,1,1,1,0.7331146,1,2
0.4577141,1,1,0.7660515,1,1,1,0.7271505,1,2
0.4631445,1,1,0.7570059,1,1,1,0.7214295,1,2
0.468556,1,1,0.7479634,1,1,1,0.7159302,1,2
0.4739346,1,1,0.7389114,1,1,1,0.7106344,1,2
0.4792666,1,1,0.7298423,1,1,1,0.7055258,1,2
0.4845394,1,0.7211698,0.7207503,1,1,1,0.7005901,1,2
0.4902468,1,0.7109377,0.7117802,1,1,1,0.6953568,1,2
0.4958779,1,0.7008296,0.7027775,1,1,1,0.6903073,1,2
0.5014219,1,0.6908313,0.6937376,1,1,1,0.6854251,1,2
0.5068676,1,0.6809271,0.6846547,1,1,1,0.6806972,1,2
0.5122055,1,0.6711029,0.6755241,1,1,1,0.6761128,1,1
0.5174266,1,0.6613497,0.6663456,1,1,1,0.6716623,1,1
0.5225273,1,0.6516591,0.65712,1,1,1,0.6673346,1,1
0.5275012,1,0.6420184,0.6478429,1,1,1,0.663123,1,1
0.5323447,1,0.6324247,0.6385197,1,1,1,0.6590201,1,1
0.5370552,1,0.62287,1,1,1,1,0.6550201,1,1
1,1,0.6132112,1,1,1,1,0.6504654,1,0
1,1,0.6044379,0.6091737,1,1,1,0.6499406,1,0
1,1,0.5958489,0.5982044,1,1,1,0.6502601,1,0
1,1,0.5872738,0.5874094,1,1,1,0.6507228,1,0
1,1,0.5786974,0.5767694,1,1,1,1,1,1
1,1,0.5689889,0.567158,1,1,1,1,1,1
1,1,0.5592821,0.5575454,1,1,1,1,1,1
1,1,0.5495801,0.5479347,1,1,1,1,1,1
1,1,0.5398798,0.5383226,1,1,1,1,1,1
1,0.9983052,0.5301844,0.5287124,1,1,1,1,1,1
1,0.9865988,0.5204877,0.5191033,1,1,1,1,1,1
1,0.9747389,0.5107769,0.5095125,1,1,1,1,1,1
1,0.9627372,0.5010536,0.4999387,1,1,1,1,1,1
1,0.950606,0.49132,0.4903809,1,1,1,1,1,1
1,0.9383583,0.4815779,0.4808381,1,1,1,1,1,1
1,0.9260104,0.4718327,1,1,1,1,1,1,2
1,0.9119524,0.4619209,1,1,1,1,1,1,2
1,0.8978704,0.4520321,1,1,1,1,1,1,2
1,0.8837822,0.4421689,1,1,1,1,1,1,2
1,0.8697082,0.4323368,1,1,1,1,1,0.5550708,0
1,0.8655248,0.4234183,1,1,1,1,1,0.551649,0
1,0.8611743,0.414481,1,1,1,1,1,0.548452,0
1,0.8566376,0.4055209,1,1,1,1,1,0.5454692,0
1,0.8518877,0.3965284,1,1,1,1,1,0.5426866,0
1,0.8469021,0.3874975,1,1,1,1,1,0.5400912,0
1,0.8416586,0.3784225,0.3728243,1,1,1,1,0.5376722,0
1,0.8373324,0.3694377,0.362763,1,1,1,1,0.5354608,0
1,0.8325272,0.3603763,0.3527611,1,1,1,1,0.5334315,0
1,0.8272204,0.3512346,0.3428091,1,1,1,1,1,2
1,0.8090463,0.340526,0.3331845,1,1,1,1,1,2
1,0.7912399,0.3299141,1,1,1,1,1,1,2
1,0.772895,0.3193012,1,1,1,1,1,1,2
1,0.3727216,0.3087872,1,1,1,1,1,1,2
1,0.3557979,0.2979387,1,1,1,1,1,1,2
1,0.3396752,0.2873653,1,1,1,1,1,1,2
1,0.3242884,0.2770441,1,1,1,1,1,1,2
1,0.3095765,0.2669541,1,1,1,1,1,1,2
1,0.2954794,0.257072,1,1,1,1,1,1,2
1,0.2819414,0.2473767,1,1,1,1,1,1,2
1,0.2689119,0.2378485,1,1,1,1,1,1,2
1,0.2563442,0.3858311,1,1,1,1,1,1,2
0.8462359,0.2442209,1,1,1,1,1,1,1,2
0.3274642,0.231992,1,1,1,1,1,1,1,2
0.30588,0.21997,1,1,1,1,1,1,1,2
0.2855794,0.2083672,1,1,1,1,1,1,1,2
0.2664562,0.1971614,1,1,1,1,1,1,1,2
0.2484161,0.186332,1,1,1,1,1,1,0.6174899,2
0.2318682,0.1759878,1,1,1,1,1,1,0.6081305,2
0.2162608,0.1659758,1,1,1,1,1,1,0.601175,2
0.2014786,0.1912025,1,1,1,1,1,1,0.5960444,2
0.1874987,0.2217629,1,1,1,1,1,1,0.5931006,2
0.1742193,0.2556227,1,1,1,1,1,1,0.5918735,2
0.1615457,0.2930815,1,1,1,1,1,1,0.5920073,2
0.1494072,0.3344524,1,1,1,1,1,1,0.5932277,2
0.1388517,1,1,1,1,1,1,1,0.5953475,2
0.1499608,1,1,1,1,1,1,1,1,2
0.164684,1,1,1,1,1,1,1,1,2
0.1805793,1,1,1,1,1,1,1,0.5884498,1
0.1928564,1,1,1,1,1,1,1,1,2
0.2101808,1,1,1,1,1,1,1,1,2
0.228538,1,1,1,1,1,1,1,1,2
0.2479285,1,1,1,1,1,1,1,1,2
0.2683515,1,1,1,1,1,1,1,1,2
0.2897956,1,1,1,1,1,1,1,1,2
1,1,1,1,1,1,1,1,1,1
1,1,1,1,1,1,1,1,1,1
1,1,1,1,1,1,1,1,1,1
1,1,1,1,1,1,1,1,1,1
1,1,1,1,1,1,1,1,1,1
1,1,1,1,1,1,1,1,1,1
1,1,1,1,1,1,1,1,1,1
1,1,1,1,1,1,1,1,1,1
1,1,1,1,1,1,1,1,1,1
1,1,1,1,1,1,1,1,1,1
1,1,1,1,1,1,1,0.9648153,1,1
1,1,1,1,1,1,1,0.8594225,1,0
1,1,1,1,1,1,1,0.862775,1,0
1,1,1,1,1,1,1,0.866137,1,0
1,1,1,1,1,1,1,0.8695048,1,1
1,1,1,1,1,1,1,0.8728751,1,1
1,1,1,1,1,1,1,0.8762442,1,1
1,1,1,1,1,1,1,0.8796107,1,1
1,1,1,1,1,1,1,0.8829694,1,1
1,1,1,1,1,1,1,0.8863189,1,1
1,1,1,1,1,1,1,0.8896559,1,1
1,1,1,1,1,1,1,0.8929797,1,1
1,1,1,1,1,1,1,0.8962871,1,1
1,1,1,1,1,1,1,0.8995749,1,1
1,1,1,1,1,1,1,0.9028404,1,1
1,1,1,1,1,1,1,0.9060806,1,1
1,1,1,1,1,1,1,0.909295,1,1
1,1,1,1,1,1,1,0.9124808,1,1
1,1,1,1,1,1,1,0.9156377,1,1
1,1,1,1,1,1,1,0.9187608,1,1
1,1,1,1,1,1,1,0.9218498,0.9938892,1
1,1,1,1,1,1,1,0.9251229,0.9556624,1
1,1,1,1,1,1,1,0.9297478,0.9143097,0
1,1,1,1,1,1,1,1,0.870258,0
1,1,1,1,1,1,1,1,0.8284632,0
1,1,1,1,0.9915883,0.9910015,1,1,0.7843702,0
1,1,1,1,0.9823877,0.9803511,1,1,0.7385467,0
1,1,1,1,0.973441,0.9696841,1,1,0.7202231,0
1,1,1,1,0.9646637,0.9591112,1,1,0.724622,0
1,1,1,1,0.9559568,0.9486876,1,1,0.7291801,0
1,1,1,1,0.9473106,0.9384046,1,1,0.733883,0
1,1,1,1,0.938712,0.9282507,1,1,0.7387158,0
1,1,1,1,0.9301485,0.918214,1,1,0.7436638,0
1,1,1,1,0.9216076,0.9082831,1,1,0.7487115,0
1,1,1,1,0.9130775,0.8984464,1,1,0.7538415,0
1,1,1,1,0.9045466,0.8886929,1,1,0.7590385,0
1,1,1,1,0.8960043,0.8790115,1,1,0.7642851,0
1,1,1,1,0.8874404,0.8693925,1,1,0.7695662,0
1,1,1,1,0.8788456,0.8598257,1,1,0.7748644,0
1,1,1,1,0.8702114,0.8503024,1,1,0.7801635,0
1,1,1,1,0.8615304,0.8408141,1,1,0.7854491,0
1,1,1,1,0.8527959,0.8313533,1,1,0.7907052,0
1,1,1,1,0.8439989,0.8219096,1,1,0.7959189,0
1,1,1,1,0.835138,0.8124803,1,1,0.8010758,0
1,1,1,1,1,0.8030564,1,1,0.8061619,0
1,1,1,1,1,0.7937495,1,1,0.8120085,0
1,1,1,1,1,0.7844594,1,1,0.8178486,0
1,1,1,1,1,0.7751814,1,1,0.8236717,0
1,1,1,1,1,0.7659108,0.7726361,1,1,1
1,1,1,1,1,0.7562779,0.7627981,1,1,1
1,1,1,1,1,0.7466483,0.7529634,1,1,1
1,1,1,1,1,0.737022,0.7431323,1,1,1
1,1,1,1,1,0.7273957,0.7333019,1,1,1
1,1,1,1,1,0.7177725,0.7234756,1,1,1
1,1,1,1,1,0.7081491,0.7136503,1,1,1
1,1,1,1,1,0.6985283,0.7038296,1,1,1
1,1,1,1,1,0.6889072,0.6940105,1,1,1
1,1,1,1,1,0.6792886,0.6841962,1,1,1
1,1,1,1,1,0.6696723,0.6743869,1,1,1
1,1,1,1,1,0.6600553,0.6645795,1,1,1
1,1,1,1,1,0.6504404,0.6547775,1,1,1
1,1,1,1,1,0.6408276,0.644981,1,1,1
1,1,1,1,1,0.6312137,0.6351868,1,1,1
1,1,1,1,1,0.6216017,0.6253983,1,1,1
1,1,1,1,1,0.6119915,0.6156155,1,1,1
1,1,1,1,1,0.6023799,0.6058354,1,1,1
1,1,1,1,1,0.59277,0.5960611,1,1,1
1,1,1,1,1,0.5831586,0.5862897,1,1,1
1,1,1,1,1,0.5735486,0.5765241,1,1,1
1,1,1,1,1,0.56394,0.5667647,1,1,1
1,1,1,1,1,0.5543298,0.5570081,1,1,1
1,1,1,1,1,0.5447209,0.5472575,1,1,1
1,1,1,1,1,0.5351133,0.5375129,1,1,1
1,1,1,1,1,0.5255038,0.5277712,1,1,1
1,1,1,1,1,0.5158956,0.5180355,1,1,1
1,1,1,1,1,0.5062855,0.5083027,1,1,1
1,1,1,1,1,0.4966766,0.4985758,1,1,1
1,1,1,1,1,0.4870659,0.4888518,1,1,1
1,1,1,1,1,0.4774562,0.4791335,1,1,1
1,1,1,1,1,0.4678477,0.4694211,1,1,1
1,1,1,1,1,0.4582374,0.4597113,1,1,1
1,1,1,1,1,0.4486282,0.4500073,1,1,1
1,1,1,1,1,0.4390171,0.4403057,1,1,1
1,1,1,1,1,0.4294073,0.4306097,1,1,1
1,1,1,1,1,0.4197957,0.4209162,1,1,1
1,1,1,1,1,0.4101852,0.411228,1,1,1
1,1,1,1,1,0.4005731,0.4015421,1,1,1
1,1,1,1,1,0.3909592,0.3918584,1,1,1
1,1,1,1,1,0.3813467,0.3821799,1,1,1
1,1,1,1,1,0.3717326,0.3725035,0.4396447,1,0
1,1,1,1,1,0.3627609,0.3622545,0.4247085,1,0
1,1,1,1,1,0.3538275,0.3521667,0.4102911,1,0
1,1,1,1,1,0.3449221,0.3422242,0.3963493,1,0
1,1,1,1,1,0.3360328,0.3324097,0.3828392,1,0
1,1,1,1,1,0.8318329,0.32271,0.3697239,1,0
1,1,1,1,1,0.8245646,0.3130449,0.3562285,1,0
1,1,1,1,1,0.8173698,0.3035195,0.3431707,1,0
1,1,1,1,1,0.8102232,0.2941171,0.3305128,1,0
1,1,1,1,1,0.8031018,0.2848226,0.3182192,1,0
1,1,1,1,1,0.7959906,0.2756279,0.3062638,1,0
1,1,1,1,1,0.7888706,0.26652,0.2946158,1,0
1,1,1,1,1,1,0.2574871,0.2832466,1,0
1,1,1,1,1,1,0.2485443,0.2718533,0.3781866,0
1,1,1,1,1,1,0.2398031,0.259775,0.3561828,0
1,1,1,1,1,1,0.2312504,0.2481248,0.3354647,0
1,1,1,1,1,1,0.7208117,0.2368809,0.3159294,0
1,1,1,1,1,1,0.7135807,0.2260263,0.297489,0
1,1,1,1,1,1,0.70674,0.2155388,0.2800568,0
1,1,1,1,1,1,0.7002916,0.2054075,0.2635666,0
1,1,1,1,1,1,0.6942295,0.1956129,0.2479473,0
1,1,1,1,1,1,0.6885516,0.1861397,0.2331381,0
1,1,1,1,1,1,0.6832598,0.1769771,0.2190882,0
1,1,1,1,1,1,1,0.1681117,0.2057476,0
1,1,1,1,1,1,1,0.1847831,0.1930672,0
1,1,1,1,1,1,1,0.2470507,0.1810096,0
1,1,1,1,1,1,1,0.3283094,0.1695407,0
1,1,1,1,1,1,1,0.438141,0.1586227,0
1,1,1,1,1,1,1,1,0.1482239,0
1,1,1,1,1,1,1,1,0.1385015,0
1,1,1,1,1,1,1,0.6108203,0.1566739,0
1,1,1,1,1,1,1,0.6033732,0.1777643,0
1,1,1,1,1,1,1,0.5962864,0.2001735,0
1,1,1,1,1,1,1,0.5895072,0.2238675,0
1,1,1,1,1,1,1,0.5829869,0.2487954,0
1,1,1,1,1,1,1,0.5766855,0.2748967,0
1,1,1,1,1,1,1,0.5705653,0.3020943,0
1,1,1,1,1,1,1,0.5645961,0.3302959,0
1,1,1,1,1,1,1,0.5587515,0.3593941,0
1,1,1,1,1,1,1,1,0.3892766,0
1,1,1,1,1,1,1,1,1,1
1,1,1,1,1,1,1,1,1,1
1,1,1,1,1,1,1,1,1,1
1,1,1,1,1,1,1,1,1,1
1,1,1,1,1,1,1,1,1,1
1,1,1,1,1,1,1,1,1,1
1,1,1,1,1,1,1,1,1,1
1,1,1,1,1,1,1,1,1,1
1,1,1,1,1,1,1,1,0.5354888,0
1,1,1,1,1,1,1,1,0.5277497,0
1,1,1,1,1,1,1,1,0.520143,0
1,1,1,1,1,1,1,1,0.5126675,0
1,1,1,1,1,1,1,1,0.505322,0
1,1,1,1,1,1,1,1,0.4981049,0
1,1,1,1,1,1,1,1,0.4910114,0
1,1,1,1,1,1,1,1,0.4840432,0
1,1,1,1,1,1,1,1,0.4771985,0
1,1,1,1,1,1,1,1,0.4704753,0
1,1,1,1,1,1,1,1,0.4638689,0
1,1,1,1,1,1,1,1,0.4636252,0
1,1,1,1,1,1,1,1,0.5036794,0
1,1,1,1,1,1,1,1,0.5445124,0
1,1,1,1,1,1,1,1,0.5859357,0
1,1,1,1,1,1,1,1,1,1
1,1,1,1,1,1,1,1,1,1
1,1,1,1,1,1,1,1,1,1
1,1,1,1,1,1,1,1,1,1
1,1,1,1,1,1,1,1,1,1
1,1,1,1,1,1,1,1,1,1
1,1,1,1,1,1,1,1,1,1
1,1,1,1,1,1,1,1,1,1
1,1,1,1,1,1,1,1,1,1
1,1,1,1,1,1,1,1,1,1
1,1,1,1,1,1,1,1,1,1
1,1,1,1,1,1,1,1,1,1
1,1,1,1,1,1,1,1,1,1
1,1,1,1,1,1,1,1,1,1
1,1,1,1,1,1,1,1,1,1
1,1,1,1,1,1,1,1,1,1
1,1,1,1,1,1,1,1,1,1
1,1,1,1,1,1,1,1,1,1
1,1,1,1,1,1,1,1,1,1
1,1,1,1,1,1,1,1,1,1
1,1,1,1,1,1,1,1,1,1
1,1,1,1,1,1,1,1,1,1
1,1,1,1,1,1,1,1,1,1
1,1,1,1,1,1,1,1,1,1
1,1,1,1,1,1,1,1,1,1
1,1,1,1,1,1,1,1,1,1
1,1,1,1,1,1,1,1,1,1
1,1,1,1,1,1,1,1,1,1
1,1,1,1,1,1,1,1,0.9968494,1
1,1,1,1,1,1,1,1,0.9915434,1
1,1,1,1,1,1,1,1,0.9862242,1
1,1,1,1,1,1,1,1,0.9808887,1
1,1,1,1,1,1,1,1,0.9755406,1
1,1,1,1,1,1,1,1,0.9701768,1
1,1,1,1,1,1,1,1,0.9648008,1
1,1,1,1,1,1,1,1,0.9594131,1
1,1,1,1,1,1,1,1,0.954017,1
1,1,1,1,1,1,1,1,0.9486101,1
1,1,1,1,1,1,1,1,0.9431956,1
1,1,1,1,1,1,1,1,0.9377741,1
1,1,1,1,1,1,1,1,0.932346,1
1,1,1,1,1,1,1,1,0.926912,1
1,1,1,1,1,1,1,1,0.9214723,1
1,1,1,1,1,1,1,1,0.9346893,1
1,1,1,1,1,1,1,1,0.9700664,1
1,1,1,1,1,1,1,1,1,1
1,1,1,1,1,1,1,1,1,1
1,1,1,1,1,1,1,1,1,1
1,1,1,1,1,1,1,1,1,1
1,1,1,1,1,1,1,1,1,1
1,1,1,1,1,1,1,1,1,1
1,1,1,1,1,1,1,1,1,1
1,1,1,1,1,1,1,1,1,1
1,1,1,1,1,1,1,1,1,1
1,1,1,1,1,1,1,1,1,1
1,1,1,1,1,1,1,1,1,1
1,1,1,1,1,1,1,1,1,1
1,1,1,1,1,1,1,1,1,1
1,1,1,1,1,1,1,1,1,1
1,1,1,1,1,1,1,1,1,1
1,1,1,1,1,1,1,1,1,1
1,1,1,1,1,1,1,1,1,1
1,1,1,1,1,1,1,1,1,1
1,1,1,1,1,1,1,1,1,1
1,1,1,1,1,1,1,1,1,1
1,1,1,1,1,1,1,1,1,1
1,1,1,1,1,1,1,1,1,1
1,1,1,1,1,1,1,1,1,1
1,1,1,1,1,1,1,1,1,1
1,1,1,1,1,1,1,1,1,1
1,1,1,1,1,1,1,1,1,1
1,1,1,1,1,1,1,1,1,1
1,1,1,1,1,1,1,1,1,1
1,1,1,1,1,1,1,1,1,1
1,1,1,1,1,1,1,1,1,1
1,1,1,1,1,1,1,1,1,1
1,1,1,1,1,1,1,1,1,1
1,1,1,1,1,1,1,1,1,1
1,1,1,1,1,1,1,1,1,1
1,1,1,1,1,1,1,1,1,1
1,1,1,1,1,1,1,1,1,1
1,1,1,1,1,1,1,1,1,1
1,1,1,1,1,1,1,1,1,1
1,1,1,1,1,1,1,1,1,1
1,1,1,1,1,1,1,1,1,1
1,1,1,1,1,1,1,1,1,1
1,1,1,1,1,1,1,1,1,1
1,1,1,1,1,1,1,1,1,1
1,1,1,1,1,1,1,1,1,1
1,1,1,1,1,1,1,1,1,1
1,1,1,1,1,1,1,1,1,1
1,1,1,1,1,1,1,1,1,1
1,1,1,1,1,1,1,1,1,1
1,1,1,1,1,1,1,1,1,1
1,1,1,1,1,1,1,1,1,1
1,1,1,1,1,1,1,1,1,1
1,1,1,1,1,1,1,1,1,1
1,1,1,1,1,1,1,1,1,1
1,1,1,1,1,1,1,1,1,1
1,1,1,1,1,1,1,1,1,1
1,1,1,1,1,1,1,1,1,1
1,1,1,1,1,1,1,1,1,1
1,1,1,1,1,1,1,1,1,1
1,1,1,1,1,1,1,1,1,1
1,1,1,1,1,1,1,0.9984559,1,1
1,1,1,1,1,1,1,0.9933473,1,1
1,1,1,1,1,1,1,0.9882324,1,1
1,1,1,1,1,1,1,0.9831115,1,1
1,1,1,1,1,1,1,0.9779846,1,1
1,1,1,1,1,1,1,0.9728488,1,1
1,1,1,1,1,1,1,0.9677072,1,1
1,1,1,1,1,1,1,0.9625567,1,1
1,1,1,1,1,1,1,0.9573978,1,1
1,1,1,1,1,1,1,0.9522305,1,1
1,1,1,1,1,1,1,0.9470547,1,1
1,1,1,1,1,1,1,0.941871,1,1
1,1,1,1,1,1,1,0.9366792,0.9575974,1
1,1,1,1,1,1,1,1,0.95235,1
1,1,1,1,1,1,1,1,0.9469784,1
1,1,1,1,1,1,1,1,0.9415968,1
1,1,1,1,1,1,1,1,0.9362087,1
1,1,1,1,1,1,1,1,0.9308146,1
1,1,1,1,1,1,1,1,0.9254149,1
1,1,1,1,1,1,1,1,0.9200132,1
1,1,1,1,1,1,1,1,0.914607,1
1,1,1,1,1,1,1,1,0.9091999,1
1,1,1,1,1,1,1,1,0.9037923,1
1,1,1,1,1,1,1,1,0.8983847,1
1,1,1,1,1,1,1,1,0.8929778,1
1,1,1,1,1,1,1,1,0.8875721,1
1,1,1,1,1,1,1,1,0.882168,1
1,1,1,1,1,1,1,1,0.8767694,1
1,1,1,1,1,1,1,1,0.8713766,1
1,1,1,1,1,1,1,1,0.8659903,1
1,1,1,1,1,1,1,1,0.8606113,1
1,1,1,1,1,1,1,1,0.8552396,1
1,1,1,1,1,1,1,1,0.8498762,1
1,1,1,1,1,1,1,1,0.8445215,1
1,1,1,1,1,1,1,1,0.8391792,1
1,1,1,1,1,1,1,1,0.8338497,1
1,1,1,1,1,1,1,1,0.8285307,1
1,1,1,1,1,1,1,1,0.8232255,1
1,1,1,1,1,1,1,1,0.8179348,1
1,1,1,1,1,1,1,1,0.8126623,1
1,1,1,1,1,1,1,1,0.8074053,1
1,1,1,1,1,1,1,1,0.8021643,1
1,1,1,1,1,1,1,1,0.7969427,1
1,1,1,1,1,1,1,1,0.7917382,1
1,1,1,1,1,1,1,1,0.7865539,1
1,1,1,1,1,1,1,1,0.7813905,1
1,1,1,1,1,1,1,1,0.7762486,1
1,1,1,1,1,1,1,1,0.7711283,1
1,1,1,1,1,1,1,1,0.76603,1
1,1,1,1,1,1,1,1,0.7617198,1
1,1,1,1,1,1,1,1,0.8109608,1
1,1,1,1,1,1,1,1,0.8593886,1
1,1,1,1,1,1,1,1,0.9067411,1
1,1,1,1,1,1,1,1,0.952771,1
1,1,1,1,1,1,1,1,0.997268,1
1,1,1,1,1,1,1,1,1,1
1,1,1,1,1,1,1,1,1,1
1,1,1,1,1,1,1,1,1,1
1,1,1,1,1,1,1,1,1,1
1,1,1,1,1,1,1,1,1,1
1,1,1,1,1,1,1,1,1,1
1,1,1,1,1,1,1,1,1,1
1,1,1,1,1,1,1,1,1,1
1,1,1,1,1,1,1,1,1,1
1,1,1,1,1,1,1,1,1,1
1,1,1,1,1,1,1,1,1,1
1,1,1,1,1,1,1,1,1,1
1,1,1,1,1,1,1,1,1,1
0.9909488,1,1,1,1,1,1,1,1,1
0.9773787,1,1,1,1,1,1,1,1,1
0.9634147,1,1,1,1,1,1,1,1,1
0.9490659,1,1,1,1,1,1,1,1,1
0.9517511,1,1,1,1,1,1,1,1,1
0.9591358,1,1,1,1,1,1,1,1,1
0.9663707,1,1,1,1,1,1,1,1,1
0.973454,1,1,1,1,1,1,1,1,1
0.9803797,1,1,1,1,1,1,1,1,1
0.987147,1,1,1,1,1,1,1,1,1
0.9937513,1,1,1,1,1,1,1,1,1
1,1,1,1,1,1,1,1,1,1
1,1,1,1,1,1,1,1,1,1
1,1,1,1,1,1,1,1,1,1
1,1,1,1,1,1,1,1,1,1
1,1,1,1,1,1,1,1,1,1
1,1,1,1,1,1,1,1,1,1
1,1,1,1,1,1,1,1,1,1
1,1,1,1,1,1,1,1,1,1
1,1,1,1,1,1,1,1,1,1
1,1,1,1,1,1,1,1,1,1
1,1,1,1,1,1,1,1,1,1
1,1,1,1,1,1,1,1,1,1
1,1,1,1,1,1,1,1,1,1
1,1,1,1,1,1,1,1,1,1
1,1,1,1,1,1,1,1,1,1
1,1,1,1,1,1,1,1,1,1
1,1,1,1,1,1,1,1,1,1
1,1,1,1,1,1,1,1,1,1
1,1,1,1,1,1,1,1,1,1
1,1,1,1,1,1,1,1,1,1
1,1,1,1,1,1,1,1,1,1
1,1,1,1,1,1,1,1,1,1
1,1,1,1,1,1,1,1,1,1
1,1,1,1,1,1,1,1,1,1
1,1,1,1,1,1,1,1,1,1
1,1,1,1,1,1,1,1,1,1
1,1,1,1,1,1,1,1,1,1
1,1,1,1,1,1,1,1,1,1
1,1,1,1,1,1,1,1,1,1
1,1,1,1,1,1,1,1,1,1
1,1,1,1,1,1,1,1,1,1
1,1,1,1,1,1,1,1,1,1
1,1,1,1,1,1,1,1,1,1
1,1,1,1,1,1,1,1,1,1
1,1,1,1,1,1,1,1,1,1
1,1,1,1,1,1,1,1,1,1
1,1,1,1,1,1,1,1,1,1
1,1,1,1,1,1,1,1,1,1
1,1,1,1,1,1,1,1,1,1
1,1,1,1,1,1,1,1,1,1
1,1,1,1,1,1,1,1,1,1
1,1,1,1,1,1,1,1,1,1
1,1,1,1,1,1,1,1,1,1
1,1,1,1,1,1,1,1,1,1
1,1,1,1,1,1,1,1,1,1
1,1,1,1,1,1,1,1,1,1
1,1,1,1,1,1,1,1,1,1
1,1,1,1,1,1,1,1,1,1
1,1,1,1,1,1,1,1,1,1
1,1,1,1,1,1,1,1,1,1
1,1,1,1,1,1,1,1,1,1
1,1,1,1,1,1,1,1,1,1
1,1,1,1,1,1,1,1,1,1
1,1,1,1,1,1,1,1,1,1
1,1,1,1,1,1,1,1,1,1
1,1,1,1,1,1,1,1,1,1
1,1,1,1,1,1,1,1,1,1
1,1,1,1,1,1,1,1,1,1
1,1,1,1,1,1,1,1,1,1
1,1,1,1,1,1,1,1,1,1
1,1,1,1,1,1,1,1,1,1
1,1,1,1,1,1,1,1,1,1
1,1,1,1,1,1,1,1,1,1
1,1,1,1,1,1,1,1,1,1
1,1,1,1,1,1,1,1,1,1
1,1,1,1,1,1,1,1,1,1
1,1,1,1,1,1,1,1,1,1
1,1,1,1,1,1,1,1,1,1
1,1,1,1,1,1,1,1,1,1
1,1,1,1,1,1,1,1,1,1
1,1,1,1,1,1,1,1,1,1
1,1,1,1,1,1,1,1,1,1
1,1,1,1,1,1,1,1,1,1
1,1,1,1,1,1,1,1,1,1
1,1,1,1,1,1,1,1,1,1
1,1,1,1,1,1,1,1,1,1
1,1,1,1,1,1,1,1,1,1
1,1,1,1,1,1,1,1,1,1
1,1,1,1,1,1,1,1,1,1
1,1,1,1,1,1,1,1,1,1
1,1,1,1,1,1,1,1,1,1
1,1,1,1,1,1,1,1,1,1
1,1,1,1,1,1,1,1,1,1
1,1,1,1,1,1,1,1,1,1
1,1,1,1,1,1,1,1,1,1
1,1,1,1,1,1,1,1,1,1
1,1,1,1,1,1,1,1,1,1
1,1,1,1,1,1,1,1,1,1
1,1,1,1,1,1,1,1,1,1
1,1,1,1,1,1,1,1,1,1
1,1,1,1,1,1,1,1,1,1
1,1,1,1,1,1,1,1,1,1
1,1,1,1,1,1,1,1,1,1
1,1,1,1,1,1,1,1,1,1
1,1,1,1,1,1,1,1,1,1
1,1,1,1,1,1,1,1,1,1
1,1,1,1,1,1,1,1,1,1
1,1,1,1,1,1,1,1,1,1
1,1,1,1,1,1,1,1,1,1
1,1,1,1,1,1,1,1,1,1
1,1,1,1,1,1,1,1,1,1
1,1,1,1,1,1,1,1,1,1
1,1,1,1,1,1,1,1,1,1
1,1,1,1,1,1,1,1,1,1
1,1,1,1,1,1,1,1,1,1
1,1,1,1,1,1,1,1,1,1
1,1,1,1,1,1,1,1,1,1
1,1,1,1,1,1,1,1,1,1
1,1,1,1,1,1,1,1,1,1
1,1,1,1,1,1,1,1,1,1
1,1,1,1,1,1,1,1,1,1
1,1,1,1,1,1,1,1,1,1
1,1,1,1,1,1,1,1,1,1
1,1,1,1,1,1,1,1,1,1
1,1,1,1,1,1,1,1,1,1
1,1,1,1,1,1,1,1,1,1
1,1,1,1,1,1,1,1,1,1
1,1,1,1,1,1,1,1,1,1
1,1,1,1,1,1,1,1,1,1
1,1,1,1,1,1,1,1,1,1
1,1,1,1,1,1,1,1,1,1
1,1,1,1,1,1,1,1,1,1
1,1,1,1,1,1,1,1,1,1
1,1,1,1,1,1,1,1,1,1
1,1,1,1,1,1,1,1,1,1
1,1,1,1,1,1,1,1,1,1
1,1,1,1,1,1,1,1,1,1
1,1,1,1,1,1,1,1,1,1
1,1,1,1,1,1,1,1,1,1
1,1,1,1,1,1,1,1,1,1
1,1,1,1,1,1,1,1,1,1
1,1,1,1,1,1,1,1,1,1
1,1,1,1,1,1,1,1,1,1
1,1,1,1,1,1,1,1,1,1
1,1,1,1,1,0.9962217,1,1,1,1
1,1,1,1,1,0.9851351,1,1,1,1
1,1,1,1,1,0.974324,1,1,1,1
1,1,1,1,1,0.9637772,1,1,1,1
1,1,1,1,1,0.9534823,1,1,1,1
1,1,1,1,0.9910825,0.9434258,1,1,1,1
1,1,1,1,0.9769596,0.933842,1,1,1,1
1,1,1,1,0.9613919,0.9248522,1,1,1,1
1,1,1,1,0.9444191,0.9164771,1,1,1,2
1,1,1,1,0.926099,0.9087384,1,1,1,2
1,1,1,1,0.9065194,0.9016593,1,1,1,2
1,1,1,1,0.8857859,0.8952652,1,1,1,2
1,1,1,1,0.8640224,0.8895788,1,1,1,2
1,1,1,1,0.8413764,0.8846266,1,1,1,2
1,1,1,1,0.8180021,1,1,1,1,2
1,1,1,1,0.7991132,1,1,1,1,2
1,1,1,1,0.779718,1,1,1,1,2
1,1,1,1,0.759881,1,1,1,1,2
1,1,1,1,0.7503135,1,1,1,1,2
1,1,1,1,0.7445812,1,1,1,1,2
1,1,1,1,0.738974,1,1,1,1,2
1,1,1,1,0.7334911,1,1,1,1,2
1,1,1,1,0.7281342,1,1,1,1,2
1,1,1,1,0.7229009,1,1,1,1,2
1,1,1,1,0.7177906,1,1,1,1,2
1,1,1,1,0.7128029,1,1,1,1,2
1,1,1,0.7812124,0.7079371,1,1,1,1,2
1,1,1,0.7412637,0.7076908,1,1,1,1,2
1,1,1,0.7022353,0.7085525,1,1,1,1,2
1,1,1,0.6644492,0.7105682,1,1,1,1,2
1,1,1,0.6286586,0.713463,1,1,1,1,2
1,1,1,1,1,1,1,1,1,1
1,1,1,1,1,1,1,1,1,1
1,1,1,1,1,1,1,1,1,1
1,1,1,1,1,1,1,1,1,1
1,1,1,1,1,1,1,1,1,1
1,1,1,1,1,1,1,1,1,1
1,1,1,1,1,1,1,1,1,1
1,1,1,1,1,1,1,1,1,1
1,1,1,1,1,1,1,1,1,1
1,1,1,1,1,1,1,1,1,1
1,1,1,1,1,1,1,1,1,1
1,1,1,1,1,1,1,1,1,1
1,1,1,1,1,1,1,1,1,1
1,1,1,1,1,1,1,1,1,1
1,1,1,1,1,1,1,1,1,1
1,1,1,1,1,1,1,1,1,1
1,1,1,1,1,1,1,1,1,1
1,1,1,1,1,1,1,1,1,1
1,1,1,1,1,1,1,1,1,1
1,1,1,1,1,1,1,1,1,1
1,1,1,1,1,1,1,1,1,1
1,1,1,1,1,1,1,1,1,1
1,1,1,1,1,1,1,1,1,1
1,1,1,1,1,1,1,1,1,1
1,1,1,1,1,1,1,1,1,1
1,1,1,1,1,1,1,1,1,1
1,1,1,1,1,1,1,1,1,1
1,1,1,1,1,1,1,1,1,1
1,1,1,1,1,1,0.9966503,1,1,1
1,1,1,1,1,1,0.9855887,1,1,1
1,1,1,1,1,1,0.9744385,1,1,1
1,1,1,1,1,1,0.963203,1,1,1
1,1,1,1,1,1,0.9518846,1,1,1
1,1,1,1,1,1,0.9404867,1,1,1
1,1,1,1,1,1,0.9290129,1,1,1
1,1,1,1,1,1,0.9174669,1,1,1
1,1,1,1,1,1,0.9058529,1,1,1
1,1,1,1,1,1,0.8941751,1,1,1
1,1,1,1,1,1,0.8824379,1,1,1
1,1,1,1,1,1,0.8706462,1,1,1
1,1,1,1,1,1,0.858808,1,1,1
1,1,1,1,1,1,0.8469251,1,1,1
1,1,1,1,1,1,0.8350026,1,1,1
1,1,1,1,1,1,0.8230454,1,1,1
1,1,1,1,1,1,0.8110591,1,1,1
1,1,1,1,1,1,0.7990486,1,1,1
1,1,1,1,1,1,0.7870227,1,1,1
1,1,1,1,1,1,0.774983,1,1,1
1,0.9943269,1,1,1,1,0.7629382,1,1,1
1,0.9826705,1,1,1,1,0.7509485,0.9948788,1,1
1,0.970833,1,1,1,1,0.73903,0.9762346,1,1
1,0.9593188,1,1,1,1,0.727057,0.9574023,1,0
1,0.948131,1,1,1,1,0.7150394,0.938409,1,0
1,0.9372655,1,1,1,1,0.7029845,0.9192783,1,0
1,0.926716,1,1,1,1,0.6909,0.9000371,1,0
1,0.916474,1,1,1,1,0.6787944,0.8807136,1,0
1,0.9065283,1,1,1,1,0.6797681,0.8752111,1,0
1,0.8961022,1,1,1,1,0.6917288,0.8808957,1,0
1,0.8845461,1,1,1,1,0.7026584,0.8860256,1,1
1,0.8718808,1,1,1,1,0.7124335,0.8905686,1,1
1,0.8581384,1,1,1,1,0.7209552,0.894502,1,1
1,0.843356,1,1,1,1,0.7281331,0.8978046,1,1
1,0.8275925,1,1,1,1,0.7339023,0.9004635,1,1
1,0.8109056,1,1,1,1,0.7382262,0.9024748,1,1
1,0.7933676,1,1,1,1,0.7410874,0.9038388,1,1
1,0.7750575,1,1,1,1,0.7424975,0.9045643,1,1
1,0.7560554,1,1,1,1,0.742487,0.9046648,1,1
1,0.7364559,1,1,1,1,0.7411122,0.9041612,1,1
1,0.7163452,1,1,1,1,0.7384532,0.903082,1,1
1,0.6958155,1,1,1,1,0.7345954,0.9014557,1,1
1,0.6749581,1,1,1,1,0.7296449,0.8993191,1,1
1,0.653861,1,1,1,1,1,0.8967112,1,2
1,0.6290669,1,1,1,1,0.7092364,0.8901082,1,2
1,0.6080508,1,1,1,1,0.7021402,0.8868431,1,2
1,0.587015,0.9965094,1,1,1,1,0.8832351,1,2
1,0.5798578,0.9909517,1,1,1,0.6779975,0.8753539,1,2
1,0.581647,1,1,1,1,0.6705273,0.8717168,1,2
1,0.5832493,1,1,1,1,0.664104,0.6164926,1,1
1,0.581118,1,1,1,1,1,0.5992707,1,1
1,0.5812833,1,1,1,1,1,0.585422,1,1
1,0.5812533,1,1,1,1,1,0.5712345,1,1
1,0.5810214,1,1,1,1,1,0.5567315,1,1
1,0.5805864,1,1,1,1,1,0.5419379,1,1
1,0.5799464,1,1,1,1,1,0.5268806,1,1
1,0.5791007,0.9994003,1,1,1,1,0.5115873,1,1
1,0.5780553,0.9962287,1,1,1,1,0.4960935,1,1
1,0.5768358,0.9923609,1,1,1,1,0.4804536,1,1
0.9998023,0.5754519,1,1,1,1,1,0.4647004,0.9680913,1
0.9985074,0.5732386,1,1,1,1,1,0.4481389,0.924232,0
0.9967397,0.5701002,1,1,1,1,1,0.4307783,0.8758915,0
0.9944986,0.5660199,0.9530309,1,1,1,1,0.4127219,0.823999,0
0.9919982,0.5614122,0.9360218,1,1,1,1,0.3944979,0.7718158,0
0.9891667,0.5560987,0.9166361,1,1,1,1,0.376,0.718904,0
0.9860727,0.5501824,0.8954216,1,1,1,1,0.3779086,0.6950348,0
0.9830728,0.544431,0.8754867,1,1,1,1,0.3841036,0.6993241,0
0.9803426,0.5392754,0.858413,1,1,1,1,0.3900184,0.7034308,0
0.9778252,0.5346249,0.8437055,1,1,1,1,0.3956402,0.7073399,0
0.9754736,0.5304027,0.8309706,1,1,1,1,0.400966,0.7110462,0
0.9732547,0.5265493,0.819901,1,1,1,1,0.4059934,0.7145461,0
0.9711426,0.5230159,0.8102487,1,1,1,1,0.410724,0.4921831,0
0.9681226,0.5169388,0.7913415,1,1,1,1,0.4194386,0.4532141,0
0.9651632,0.5109366,0.7732193,1,1,1,1,0.428641,0.4167548,0
0.9622696,0.5050365,0.7559419,1,1,1,1,0.4382868,0.3826443,0
0.9594411,0.4992577,0.739535,1,1,1,1,0.4483285,0.350693,0
0.9566709,0.4936091,0.7245301,1,1,1,1,1,0.3207043,1
0.9547154,0.4918361,0.7226262,1,1,1,1,1,0.3188442,1
0.5738585,0.4901005,0.7213444,1,1,1,1,1,0.3207745,2
0.4311481,0.4928919,0.7363135,1,1,1,1,1,0.3199707,2
0.4302554,0.4969366,0.7556448,1,1,1,1,1,0.3186627,2
0.4297574,0.5015469,0.7769099,1,1,1,1,1,0.317292,2
0.429615,0.5065523,1,1,1,1,1,1,0.3159403,2
0.4294052,0.5100675,1,1,1,1,1,1,0.3153013,2
0.4293894,1,1,1,1,1,1,1,0.3146468,1
0.4281452,1,1,1,1,1,1,1,0.3161041,1
0.4268867,1,1,1,1,1,1,1,0.3175825,1
0.4256131,1,1,1,1,1,1,1,0.3190814,1
0.4243252,1,1,1,1,1,1,1,0.3205987,1
0.4230255,1,1,1,1,1,1,1,0.3221305,1
0.4217131,1,1,1,1,1,1,1,0.3236764,1
0.4203905,1,1,1,1,1,1,1,0.3252328,1
0.4190572,1,1,1,1,1,1,1,0.3267992,1
0.4177155,1,1,1,1,1,1,1,0.328372,1
0.4163649,1,1,1,1,1,1,1,0.3299507,1
0.4150065,1,1,1,1,1,1,1,0.3315335,1
0.4136412,1,1,1,1,1,1,1,0.3331184,1
0.4122701,1,1,1,1,1,1,1,0.3347034,1
0.4108943,1,1,1,1,1,1,1,0.7538638,2
0.4106084,0.6357769,1,1,1,1,1,1,0.7505634,2
0.4110377,0.5988692,1,1,1,1,1,1,0.7455643,2
0.4118639,0.564361,1,1,1,1,1,1,0.7407454,2
0.413092,0.5320171,1,1,1,1,1,1,0.7360991,2
0.414728,0.5140914,1,1,1,1,1,1,0.7316178,2
1,0.5227183,1,1,1,1,1,1,0.7272947,2
1,0.5245712,1,1,1,1,1,1,0.7264591,2
1,0.5264317,1,1,1,1,1,1,0.7256273,1
1,0.5282975,1,1,1,1,1,1,0.7247989,1
1,0.5301661,1,1,1,1,1,1,0.7239731,1
1,0.5320349,1,1,1,1,1,1,0.7231497,1
1,0.5339018,1,1,1,1,1,1,0.7223281,1
1,0.5357643,1,1,1,1,1,1,0.7215084,1
1,1,1,1,1,1,1,1,0.7206916,0
1,1,1,1,1,1,1,1,1,1
1,1,1,1,1,1,1,1,1,1
1,1,1,1,1,1,1,1,1,1
1,1,1,1,1,1,1,1,1,1
1,1,1,1,1,1,1,1,1,1
1,1,1,1,1,1,1,1,1,1
1,1,1,1,1,1,1,1,1,1
0.5233752,1,1,1,1,1,1,1,1,2
0.4548995,1,1,1,1,1,1,1,1,2
0.4265187,1,1,1,1,1,1,1,1,2
0.43027,1,1,1,1,1,1,1,1,2
0.4344893,1,1,1,1,1,1,1,1,2
0.4391894,1,1,1,1,1,1,1,1,2
0.4443886,1,1,1,1,1,1,1,1,2
0.4501016,1,1,1,1,1,1,1,1,2
1,1,1,1,1,1,1,1,1,1
1,1,1,1,1,1,1,1,1,1
1,1,1,1,1,1,1,1,1,1
1,1,1,1,1,1,1,1,1,1
1,1,1,1,1,1,1,1,1,1
1,1,1,1,1,1,1,1,1,1
1,1,1,1,1,1,1,1,1,1
1,1,1,1,1,1,1,1,1,1
1,1,1,1,1,1,1,1,1,1
1,1,1,0.9952306,1,1,1,1,1,1
1,1,1,0.9853856,1,1,1,1,1,1
1,1,1,0.9755406,1,1,1,1,1,1
1,1,0.9993542,0.9656956,1,1,1,1,1,1
1,1,0.9891648,0.9558507,1,1,1,1,1,1
1,1,0.978947,0.9460059,1,1,1,1,1,1
1,1,0.9687017,0.9361612,1,1,1,1,1,1
1,1,0.9584299,0.9263169,1,1,1,1,1,1
1,1,0.9481328,0.9164728,1,1,1,1,1,1
1,1,0.9378149,0.9066323,1,1,1,1,1,1
1,1,0.9274742,0.8967924,1,1,1,1,1,1
1,1,0.9171154,0.8869563,1,1,1,1,1,1
1,1,0.9067367,0.8771212,1,1,1,1,1,1
1,1,0.8963431,0.8672902,1,1,1,1,1,1
1,1,0.8859326,0.8574604,1,1,1,1,1,1
1,1,0.8755102,0.8476354,1,1,1,1,1,1
1,1,0.8650775,0.8378149,1,1,1,1,1,1
1,1,0.8546363,0.8279996,1,1,1,1,1,1
1,1,0.8441851,0.8181862,1,1,1,1,1,1
1,1,0.8337285,0.8083782,1,1,1,1,1,1
1,1,0.8232683,0.7985758,1,1,1,1,1,1
1,1,0.8128063,0.7887789,1,1,1,1,1,1
1,1,0.8023438,0.7789878,1,1,1,1,1,1
1,1,0.7918859,0.7692057,1,1,1,1,1,1
1,1,0.7814306,0.7594295,1,1,1,1,1,1
1,1,0.7709795,0.7496592,1,1,1,1,1,1
1,1,0.760534,0.739895,1,1,1,1,1,1
1,1,0.7500987,0.73014,1,1,1,1,1,1
1,1,0.7396716,0.7203909,1,1,1,1,1,1
1,1,0.729257,0.7106508,1,1,1,1,1,1
1,1,0.7188529,1,1,1,1,1,1,1
1,1,0.7083923,1,1,1,1,1,1,1
1,1,0.6979449,1,1,1,1,1,1,1
1,1,0.6875119,1,1,1,1,1,1,1
1,1,0.6770943,1,1,1,1,1,1,1
1,1,0.6666932,1,1,1,1,1,1,1
1,1,0.6563094,1,1,1,1,1,1,1
1,1,0.6459438,1,1,1,1,1,1,1
1,1,0.6355969,1,1,1,1,1,1,1
1,1,0.6252729,1,1,1,1,1,1,1
1,1,0.614969,1,1,1,1,1,1,1
1,1,0.604689,1,1,1,1,1,1,1
1,1,0.5944303,1,1,1,1,1,1,1
1,1,0.5841963,1,1,1,1,1,1,1
1,1,0.5739844,1,1,1,1,1,1,1
1,0.6802561,0.563798,1,1,1,1,1,1,2
1,0.6632513,0.5529004,1,1,1,1,1,1,2
1,0.6465513,0.5421283,1,1,1,1,1,1,2
1,0.6301713,0.531487,1,1,1,1,1,1,2
1,0.6141202,0.5209773,1,1,1,1,1,1,2
1,0.5984032,0.5105988,1,1,1,1,1,1,2
1,0.5830259,0.5003533,1,1,1,1,1,1,2
1,0.5679877,0.4902383,1,1,1,1,1,1,2
1,0.5532858,0.4802503,1,1,1,1,1,1,2
1,0.5389186,0.4949242,1,1,1,1,1,1,2
1,0.5249029,0.6295357,1,1,1,1,1,1,2
1,0.5113136,0.8115813,1,1,1,1,1,1,2
1,0.4981135,1,1,1,1,1,1,1,2
1,0.4852428,1,1,1,1,1,1,1,2
1,0.4725725,1,1,1,1,1,1,1,2
1,0.4601049,1,1,1,1,1,1,1,2
1,0.4478419,1,1,1,1,1,1,1,2
1,0.4357778,1,1,1,1,1,1,1,2
0.5924686,0.4239132,1,1,1,1,1,1,1,2
0.5651587,0.4103394,1,1,1,1,1,1,1,2
0.5394756,0.3972865,1,1,1,1,1,1,1,2
0.5152928,0.384732,1,1,1,1,1,1,1,2
0.4924974,0.3726554,1,1,1,1,1,1,1,2
0.4709798,0.3610315,1,1,1,1,1,1,1,2
0.4506501,0.3562183,1,1,1,1,1,1,1,2
0.4314231,0.4027972,1,1,1,1,1,1,1,2
0.413222,0.4576412,1,1,1,1,1,1,1,2
0.3959773,0.5229486,1,1,1,1,1,1,1,2
0.3797753,0.6003025,1,1,1,1,1,1,1,2
0.3646667,0.6908606,1,1,1,1,1,1,1,2
0.3505196,1,1,1,1,1,1,1,1,2
0.3375621,1,1,1,1,1,1,1,1,2
0.3250908,1,1,1,1,1,1,1,1,2
0.3130899,1,1,1,1,1,1,1,1,2
0.3198754,1,1,1,1,1,1,1,1,2
0.3415141,1,1,1,1,1,1,1,1,2
0.3640235,1,1,1,1,1,1,1,1,2
0.3873679,1,1,1,1,1,1,1,1,2
0.4115074,1,1,1,1,1,1,1,1,2
0.4363908,1,1,1,1,1,1,1,1,2
0.4619659,1,1,1,1,1,1,1,1,2
0.4881701,1,1,1,1,1,1,1,1,2
0.5149368,1,1,1,1,1,1,1,1,2
0.5421898,1,1,1,1,1,1,1,1,2
0.5698505,1,1,1,1,1,1,1,1,2
0.5978357,1,1,1,1,1,1,1,1,2
1,1,1,1,1,1,1,1,1,1
1,1,1,1,1,1,1,1,1,1
1,1,1,1,1,1,1,1,1,1
1,1,1,1,1,1,1,1,1,1
1,1,1,1,1,1,1,1,1,1
1,1,1,1,1,1,1,1,1,1
1,1,1,1,1,1,1,1,1,1
1,1,1,1,1,1,1,1,1,1
1,1,1,1,1,1,1,1,1,1
1,1,1,1,1,1,1,1,1,1
1,1,1,1,1,1,1,1,1,1
1,1,1,1,1,1,1,1,1,1
1,1,1,1,1,1,0.9955298,1,1,1
1,1,1,1,1,1,0.9875828,1,1,1
1,1,1,1,1,1,0.9797181,1,1,1
1,1,1,1,1,1,0.9719355,1,1,1
1,1,1,1,1,1,0.9642359,1,1,1
1,1,1,1,1,1,0.9566194,1,1,1
1,1,1,1,1,1,0.9490875,1,1,1
1,1,1,1,1,1,0.9416394,1,1,1
1,1,1,1,1,1,0.9342771,1,1,1
1,1,1,1,1,1,0.9270016,1,1,1
1,1,1,1,1,1,0.9198154,1,1,1
1,1,1,1,1,1,0.9127183,1,1,1
1,1,1,1,1,1,0.9057132,1,1,1
1,1,1,1,1,1,0.8988031,1,1,1
1,1,1,1,1,1,0.8919883,1,1,0
1,1,1,1,1,1,0.8852719,1,1,0
1,1,1,1,1,1,0.8786558,1,1,0
1,1,1,1,1,1,0.872142,1,1,0
1,1,1,1,1,1,0.8657322,1,1,0
1,1,1,1,1,1,0.8594301,1,1,0
1,1,1,1,1,1,0.8532378,1,1,0
1,1,1,1,1,1,0.8471574,1,1,0
1,1,1,1,1,1,0.8411906,1,1,0
1,1,1,1,1,1,0.8353415,1,1,0
1,1,1,1,1,1,0.8296116,1,1,0
1,1,1,1,1,1,1,1,1,1
1,1,1,1,1,1,1,1,1,1
1,1,1,1,1,1,1,1,1,1
1,1,1,1,1,1,1,1,1,1
1,1,1,1,1,1,1,1,1,1
1,1,1,1,1,1,1,1,1,1
1,1,1,1,1,1,1,1,1,1
1,1,1,1,1,1,1,1,1,1
1,1,1,1,1,1,1,1,1,1
1,1,1,1,1,1,1,1,1,1
1,1,1,1,1,1,1,1,1,1
1,1,1,1,1,1,1,1,1,1
1,1,1,1,1,1,1,1,1,1
1,1,1,1,1,1,1,1,1,1
1,1,1,1,1,1,1,1,1,1
1,1,1,1,1,1,1,1,1,1
1,1,1,1,1,1,1,0.665778,1,0
1,1,1,1,1,1,1,0.6578845,1,0
1,1,1,1,1,1,1,0.650224,1,0
1,1,1,1,1,1,1,0.6428047,1,0
1,1,1,1,1,1,1,0.6356362,1,0
1,1,1,1,1,1,1,0.6287277,1,0
1,1,1,1,1,1,1,0.6220863,1,0
1,1,1,1,1,1,1,0.6157188,1,0
1,1,1,1,1,1,1,0.6096332,1,0
1,1,1,1,1,1,1,0.6038367,1,0
1,1,1,1,1,1,1,0.5983335,1,0
1,1,1,1,1,1,1,0.5931302,1,0
1,1,1,1,1,1,1,0.5882315,1,0
1,1,1,1,1,1,1,1,1,1
1,1,1,1,1,1,1,1,1,1
1,1,1,1,1,1,1,1,1,1
1,1,1,1,1,1,1,1,0.5953671,0
1,1,1,1,1,1,1,1,0.5864994,0
1,1,1,1,1,1,1,1,0.5779411,0
1,1,1,1,1,1,1,1,0.5697038,0
1,1,1,1,1,1,1,1,0.5618002,0
1,1,1,1,1,1,1,1,0.5542408,0
1,1,1,1,1,1,1,1,0.5470367,0
1,1,1,1,1,1,1,1,0.5401958,0
1,1,1,1,1,1,1,1,0.533728,0
1,1,1,1,1,1,1,1,0.5276415,0
1,1,1,1,1,1,1,1,0.5219424,0
1,1,1,1,1,1,1,1,0.5166394,0
1,1,1,1,1,1,1,1,0.6818808,0
1,1,1,1,1,1,1,1,1,1
1,1,1,1,1,1,1,1,1,1
1,1,1,1,1,1,1,1,1,1
1,1,1,1,1,1,1,1,1,1
1,1,1,1,1,1,1,1,1,1
1,1,1,1,1,1,1,1,1,1
1,1,1,1,1,1,1,1,1,1
1,1,1,1,1,1,1,1,1,1
1,1,1,1,1,1,1,1,1,1
1,1,1,1,1,1,1,1,1,1
1,1,1,1,1,1,1,1,1,1
1,1,1,1,1,1,1,1,1,1
1,1,1,1,1,1,1,1,1,1
1,1,1,1,1,1,1,1,1,1
1,1,1,1,1,1,1,1,1,1
1,1,1,1,1,1,1,1,1,1
1,1,1,1,1,1,1,1,1,1
1,1,1,1,1,1,1,1,1,1
1,1,1,1,1,1,1,1,1,1
1,1,1,1,1,1,1,1,1,1
1,1,1,1,1,1,1,1,1,1
1,1,1,1,1,1,1,1,1,1
1,1,1,1,1,1,1,1,1,1
1,1,1,1,1,1,1,1,1,1
1,1,1,1,1,1,1,1,1,1
1,1,1,1,1,1,1,1,1,1
1,1,1,1,1,1,1,1,1,1
1,1,1,1,1,1,1,1,1,1
1,1,1,1,1,1,1,1,1,1
1,1,1,1,1,1,1,1,1,1
1,1,1,1,1,1,1,1,1,1
1,1,1,1,1,1,1,1,1,1
1,1,1,1,1,1,1,1,1,1
1,1,1,1,1,1,1,1,1,1
1,1,1,1,1,1,1,1,1,1
1,1,1,1,1,1,1,1,1,1
1,1,1,1,1,1,1,1,1,1
1,1,1,1,1,1,1,1,1,1
1,1,1,1,1,1,1,1,1,1
1,1,1,1,1,1,1,1,1,1
1,1,1,1,1,1,1,1,1,1
1,1,1,1,1,1,1,1,1,1
1,1,1,1,1,1,1,1,1,1
1,1,1,1,1,1,1,1,1,1
1,1,1,1,1,1,1,1,1,1
1,1,1,1,1,1,1,1,1,1
1,1,1,1,1,1,1,1,1,1
1,1,1,1,1,1,1,1,1,1
1,1,1,1,1,1,1,1,1,1
1,1,1,1,1,1,1,1,1,1
1,1,1,1,1,1,1,1,1,1
1,1,1,1,1,1,1,1,1,1
1,1,1,1,1,1,1,1,1,1
1,1,1,1,1,1,1,1,1,1
1,1,1,1,1,1,1,1,1,1
1,1,1,1,1,1,1,1,1,1
1,1,1,1,1,1,1,1,1,1
1,1,1,1,1,1,1,1,1,1
1,1,1,1,1,1,1,1,1,1
1,1,0.9954101,1,1,1,1,1,1,1
1,1,0.9860145,1,1,1,1,1,1,1
1,1,0.9766198,1,1,1,1,1,1,1
1,1,0.9672228,1,1,1,1,1,1,1
1,1,0.9578238,1,1,1,1,1,1,1
1,1,0.9484224,1,1,1,1,1,1,1
1,1,0.9390193,1,1,1,1,1,1,1
1,1,0.9296142,1,1,1,1,1,1,1
1,1,0.9202104,1,1,1,1,1,1,1
1,1,0.9108049,1,1,1,1,1,1,1
1,1,0.9013978,1,1,1,1,1,1,1
1,1,0.8919923,1,1,1,1,1,1,1
1,1,0.8825853,1,1,1,1,1,1,1
1,1,0.8731772,1,1,1,1,1,1,1
1,1,0.8637708,1,1,1,1,1,1,1
1,1,0.8543636,1,1,1,1,1,1,1
1,0.9657266,0.8449584,1,1,1,1,1,1,1
1,0.9543827,0.8355125,1,1,1,1,1,1,1
1,0.9429302,0.8260606,1,1,1,1,1,1,1
1,0.9313762,0.8166043,1,1,1,1,1,1,1
1,0.9197281,0.8071448,1,1,1,1,1,1,1
1,0.9079975,0.7976874,1,1,1,1,1,1,1
1,0.8961929,0.7882337,1,1,1,1,0.9969991,1,1
1,0.88438,0.7787912,1,1,1,1,0.992287,1,1
1,0.8725966,0.769364,1,1,1,1,0.9875501,1,1
1,0.8608459,0.7599523,1,1,1,1,0.9827927,1,1
1,0.8491319,0.7505566,1,1,1,1,0.9780157,1,1
1,0.8374577,0.7411771,1,1,1,1,0.9732199,1,1
1,0.8258295,0.7318169,1,1,1,1,0.9684089,1,1
1,0.8142468,0.7224733,1,1,1,1,0.9635852,1,1
1,0.802712,0.8154322,1,1,1,1,0.9587504,1,1
1,0.791301,0.9633141,1,1,1,1,0.953962,1,1
1,0.7800373,1,1,1,1,1,0.9492397,1,1
1,0.7688345,1,1,1,1,1,0.9445235,1,1
1,0.7576684,1,1,1,1,1,0.9397957,1,1
1,0.7465402,1,1,1,1,1,0.9350575,1,1
1,0.7354472,1,1,1,1,1,0.9303095,1,1
1,0.7243938,1,1,1,1,1,0.9255527,1,1
1,0.7133807,1,1,1,1,1,0.9207877,1,1
1,0.7024086,1,1,1,1,1,0.9160153,1,1
1,0.6914778,1,1,1,1,1,0.9112362,1,1
1,0.6805888,1,1,1,1,1,0.9064507,1,1
1,0.6697387,1,1,1,1,1,0.9016612,1,1
1,0.6589308,1,1,1,1,1,0.8968664,1,1
1,0.6481654,1,1,1,1,1,0.8920682,1,1
1,0.6374425,1,1,1,1,1,0.8872671,1,1
1,0.6267585,1,1,1,1,1,0.8824632,1,1
1,0.6161168,1,1,1,1,1,0.8776568,1,1
1,0.605517,1,1,1,1,1,0.8728496,0.854629,1
1,0.5966176,1,1,1,1,1,0.8695223,0.8498214,0
1,0.5877077,1,1,1,1,1,0.8662683,0.8450583,0
1,0.5787799,1,1,1,1,1,0.863088,0.8403432,0
1,0.5698303,1,1,1,1,1,0.8599797,0.8356788,0
1,0.5608549,1,1,1,1,1,0.8569435,0.8310683,0
0.7956253,0.5518497,1,1,1,1,1,1,0.8265139,2
0.7730688,0.5394541,1,1,1,1,1,1,0.8234277,2
0.7504449,0.5270594,1,1,1,1,1,1,0.8203952,2
0.7278495,0.5146946,1,1,1,1,1,1,0.8174189,2
0.7053691,0.5023846,1,1,1,1,1,1,0.8145041,2
0.6830944,0.4901599,1,1,1,1,1,1,0.8116517,2
0.6611037,0.4780459,1,1,1,1,1,1,0.8088629,2
0.6394674,0.466066,1,1,1,1,1,1,0.806139,2
0.6182469,0.4542415,1,1,1,1,1,1,0.8034796,2
0.5974941,0.4683533,1,1,1,1,1,0.7940501,0.8008825,1
0.5824906,0.4862525,1,1,1,1,1,1,0.7966536,2
0.5628585,0.516075,1,1,1,1,1,1,0.7940058,2
0.5440429,0.5477842,1,1,1,1,1,1,0.7912828,2
0.5260003,0.5814267,1,1,1,1,1,0.7682756,0.7884698,1
0.5133096,0.5996445,1,1,1,1,1,1,0.783455,2
0.4962289,0.6358193,1,1,1,1,1,1,0.7804952,2
0.4798157,0.6739537,1,1,1,1,1,1,0.7774162,2
0.4640282,0.7140335,1,1,1,1,1,1,0.7742084,2
0.4488224,0.7560345,1,1,1,1,1,1,0.7708599,2
0.4341601,0.7999108,1,1,1,1,1,1,0.7673597,2
0.4200008,1,1,1,1,1,1,1,0.7637011,2
0.4068962,1,1,1,1,1,1,1,0.7594154,2
0.3939713,1,1,1,1,1,1,1,0.755109,2
0.3859906,1,1,1,1,1,1,1,0.7507774,2
0.3983733,1,1,1,1,1,1,1,0.7463822,2
0.4107438,1,1,1,1,1,1,1,0.7417707,2
0.4230642,1,1,1,1,1,1,1,0.7369445,2
0.4353016,1,1,1,1,1,1,1,0.7319034,2
0.4474185,1,1,1,1,1,1,1,0.7266517,1
0.4593798,1,1,1,1,1,1,1,0.7211938,1
0.4711514,1,1,1,1,1,1,1,0.7155346,1
0.4827001,1,1,1,1,1,1,1,0.7096812,1
0.4939945,1,1,1,1,1,1,1,0.7036409,1
0.5050043,1,1,1,1,1,1,1,0.6974226,1
0.515704,1,1,1,1,1,1,1,0.6910344,1
0.5260652,1,1,1,1,1,1,1,0.6844883,1
0.5360664,1,1,1,1,1,1,1,0.6777943,1
0.5456893,1,1,1,1,1,1,1,0.6709629,1
0.5549152,1,1,1,1,1,1,1,0.6640065,1
0.5637283,1,1,1,1,1,1,1,0.6569384,1
0.5721177,1,1,1,1,1,1,1,0.6497709,1
0.580073,1,1,1,1,1,1,1,0.6425178,1
0.5875894,1,1,1,1,1,1,1,0.6351917,1
0.5946614,1,1,1,1,1,1,1,0.6278071,1
0.6012889,1,1,1,1,1,1,1,0.6203769,0
0.6074743,1,1,1,1,1,1,1,0.6129138,0
0.613222,1,1,1,1,1,1,1,0.6054311,0
0.618536,1,1,1,1,1,1,1,0.5979429,0
1,1,1,1,1,1,1,1,1,1
1,1,1,1,1,1,1,1,1,1
1,1,1,1,1,1,1,1,1,1
1,1,1,1,1,1,1,1,1,1
1,1,1,1,1,1,1,1,1,1
1,1,1,1,1,1,1,1,1,1
1,1,1,1,1,1,1,1,1,1
1,1,1,1,1,1,1,1,1,1
1,1,1,1,1,1,1,1,1,1
1,1,1,1,1,1,1,1,1,1
1,1,1,1,1,1,1,1,1,1
1,1,1,1,1,1,1,1,1,1
1,1,1,1,1,1,1,1,1,1
1,1,1,1,1,1,1,1,1,1
1,1,1,1,1,1,1,1,1,1
1,1,1,1,1,1,1,1,1,1
1,1,1,1,1,1,1,1,1,1
1,1,1,1,1,1,1,1,1,1
1,1,1,1,1,1,1,1,1,1
1,1,1,1,1,1,1,1,1,1
1,1,1,1,1,1,1,1,1,1
1,1,1,1,1,1,1,1,1,1
1,1,1,1,1,1,1,1,1,1
1,1,1,1,1,1,1,1,1,1
1,1,1,1,1,1,1,1,1,1
1,1,1,1,1,1,1,1,1,1
1,1,1,1,1,1,1,1,1,1
1,1,1,1,1,1,1,1,1,1
1,1,1,1,1,1,1,1,1,1
1,1,1,1,1,1,1,1,1,1
1,1,1,1,1,1,1,1,1,1
1,1,1,1,1,1,1,1,1,1
1,1,1,1,1,1,1,1,1,1
1,1,1,1,1,1,1,1,1,1
1,1,1,1,1,1,1,1,1,1
1,1,1,1,1,1,1,1,1,1
1,1,1,1,1,1,1,1,1,1
1,1,1,1,1,1,1,1,1,1
1,1,1,1,1,1,1,1,1,1
1,1,1,1,1,1,1,1,1,1
1,1,1,1,1,1,1,1,1,1
1,1,1,1,1,1,1,1,1,1
1,1,1,1,1,1,1,1,1,1
1,1,1,1,1,1,1,1,1,1
1,1,1,1,1,1,1,1,1,1
1,1,1,1,1,1,1,1,1,1
1,1,1,1,1,1,1,1,1,1
1,1,1,1,1,1,1,1,1,1
1,1,1,1,1,1,1,1,1,1
1,1,1,1,1,1,1,1,1,1
1,1,1,1,1,1,1,1,1,1
1,1,1,1,1,1,1,1,1,1
1,1,1,1,1,1,1,1,1,1
1,1,1,1,1,1,1,1,1,1
1,1,1,1,1,1,1,1,1,1
1,1,1,1,1,1,1,1,1,1
1,1,1,1,1,1,1,1,1,1
1,1,1,1,1,1,1,1,1,1
1,1,1,1,1,1,1,1,1,1
1,1,1,1,1,1,1,1,1,1
1,1,1,1,1,1,1,1,1,1
1,1,1,1,1,1,1,1,1,1
1,1,1,1,1,1,1,1,1,1
1,1,1,1,1,1,1,1,1,1
1,1,1,1,1,1,1,1,1,1
1,1,1,1,1,1,1,1,1,1
1,1,1,1,1,1,1,1,1,1
1,1,1,1,1,1,1,1,1,1
1,1,1,1,1,1,1,1,1,1
1,1,1,1,1,1,1,1,1,1
1,1,1,1,1,1,1,1,1,1
1,1,1,1,1,1,1,1,1,1
1,1,1,1,1,1,1,1,1,1
1,1,1,1,1,1,1,1,1,1
1,1,1,1,1,1,1,1,1,1
1,1,1,1,1,1,1,1,1,1
1,1,1,1,1,1,1,1,1,1
1,1,1,1,1,1,1,1,1,1
1,1,1,1,1,1,1,1,1,1
1,1,1,1,1,1,1,1,1,1
1,1,1,1,1,1,1,1,1,1
1,1,1,1,1,1,1,1,1,1
1,1,1,1,1,1,1,1,1,1
1,1,1,1,1,1,1,1,1,1
1,1,1,1,1,1,1,1,1,1
1,1,1,1,1,1,1,1,1,1
1,1,1,1,1,1,1,1,1,1
1,1,1,1,1,1,1,1,1,1
1,1,1,1,1,1,1,1,1,1
1,1,1,1,1,1,1,1,1,1
1,1,1,1,1,1,1,1,1,1
1,1,1,1,1,1,1,1,1,1
1,1,1,1,1,1,1,1,1,1
1,1,1,1,1,1,1,1,1,1
1,1,1,1,1,1,1,1,1,1
1,1,1,1,1,1,1,1,1,1
1,1,1,1,1,1,1,1,1,1
1,1,1,1,1,1,1,1,1,1
1,1,1,1,1,1,1,1,1,1
1,1,1,1,1,1,1,1,1,1
1,1,1,1,1,1,1,1,1,1
1,1,1,1,1,1,1,1,1,1
1,1,1,1,1,1,1,1,1,1
1,1,1,1,1,1,1,1,1,1
1,1,1,1,1,1,1,1,1,1
1,1,1,1,1,1,1,1,1,1
1,1,1,1,1,1,1,1,1,1
1,1,1,1,1,1,1,1,1,1
1,1,1,1,1,1,1,1,1,1
1,1,1,1,1,1,1,1,1,1
1,1,1,1,1,1,1,1,1,1
1,1,1,1,1,1,1,1,1,1
1,1,1,1,1,1,1,1,1,1
1,1,1,1,1,1,1,1,1,1
1,1,1,1,1,1,1,1,1,1
1,1,1,1,1,1,1,1,1,1
1,1,1,1,1,1,1,1,1,1
1,1,1,1,1,1,1,1,1,1
1,1,1,1,1,1,1,1,1,1
1,1,1,1,1,1,1,1,1,1
1,1,1,1,1,1,1,1,1,1
1,1,1,1,1,1,1,1,1,1
1,1,1,1,1,1,1,1,1,1
1,1,1,1,1,1,1,1,1,1
1,1,1,1,1,1,1,1,1,1
1,1,1,1,1,1,1,1,1,1
1,1,1,1,1,1,1,1,1,1
1,1,1,1,1,1,1,1,1,1
1,1,1,1,1,1,1,1,1,1
1,1,1,1,1,1,1,1,1,1
1,1,1,1,1,1,1,1,1,1
1,1,1,1,1,1,1,1,1,1
1,1,1,1,1,1,1,1,1,1
1,1,1,1,1,1,1,1,1,1
1,1,1,1,1,1,1,1,1,1
1,1,1,1,1,1,1,1,1,1
1,1,1,1,1,1,1,1,1,1
1,1,1,1,1,1,1,1,1,1
1,1,1,1,1,1,1,1,1,1
1,1,1,1,1,1,1,1,1,1
1,1,1,1,1,1,1,1,1,1
1,1,1,1,1,1,1,1,1,1
1,1,1,1,1,1,1,1,1,1
1,1,1,1,1,1,1,1,1,1
1,1,1,1,1,1,1,1,1,1
1,1,1,1,1,1,1,1,1,1
1,1,1,1,1,1,1,1,1,1
1,1,1,1,1,1,1,1,1,1
1,1,1,1,1,1,1,1,1,1
1,1,1,1,1,1,1,1,1,1
1,1,1,1,1,1,1,1,1,1
1,1,1,1,1,1,1,1,1,1
1,1,1,1,1,1,1,1,1,1
1,1,1,1,1,1,1,1,1,1
1,1,1,1,1,1,1,1,1,1
1,1,1,1,1,1,1,1,1,1
1,1,1,1,1,1,1,1,1,1
1,1,1,1,1,1,1,1,1,1
1,1,1,1,1,1,1,1,1,1
1,1,1,1,1,1,1,1,1,1
1,1,1,1,1,1,1,1,1,1
1,1,1,1,1,1,1,1,1,1
1,1,1,1,1,1,1,1,1,1
1,1,1,1,1,1,1,1,1,1
1,1,1,1,1,1,1,1,1,1
1,1,1,1,1,1,1,1,1,1
1,1,1,1,1,1,1,1,1,1
1,1,1,1,1,1,1,1,1,1
1,1,1,1,1,1,1,1,1,1
1,1,1,1,1,1,1,1,1,1
1,1,1,1,1,1,1,1,1,1
1,1,1,1,1,1,1,1,1,1
1,1,1,1,1,1,1,1,1,1
1,1,1,1,1,1,1,1,1,1
1,1,1,1,1,1,1,1,1,1
1,1,1,1,1,1,1,1,1,1
1,1,1,1,1,1,1,1,1,1
1,1,1,1,1,1,1,1,1,1
1,1,1,1,1,1,1,1,1,1
1,1,1,1,1,1,1,1,1,1
1,1,1,1,1,1,1,1,1,1
1,1,1,1,1,1,1,1,1,1
1,1,1,1,1,1,1,1,1,1
1,1,1,1,1,1,1,1,1,1
1,1,1,1,1,1,1,1,1,1
1,1,1,1,1,1,1,1,1,1
1,1,1,1,1,1,1,1,1,1
1,1,1,1,1,1,1,1,1,1
1,1,1,1,1,1,1,1,1,1
1,1,1,1,1,1,1,1,1,1
1,1,1,1,1,1,1,1,1,1
1,1,1,1,1,1,1,1,1,1
1,1,1,1,1,1,1,1,1,1
1,1,1,1,1,1,1,1,1,1
1,1,1,1,1,1,1,1,1,1
1,1,1,1,1,1,1,1,1,1
1,1,1,1,1,1,1,1,1,1
1,1,1,1,1,1,1,1,1,1
1,1,1,1,1,1,1,1,1,1
1,1,1,1,1,1,1,1,1,1
1,1,1,1,1,1,1,1,1,1
1,1,1,1,1,1,1,1,1,1
1,1,1,1,1,1,1,1,1,1
1,1,1,1,1,1,1,1,1,1
1,1,1,1,1,1,1,1,1,1
1,1,1,1,1,1,1,1,1,1
1,1,1,1,1,1,1,1,1,1
1,1,1,1,1,1,1,1,1,1
1,1,1,1,1,1,1,1,1,1
1,1,1,1,1,1,1,1,1,1
1,1,1,1,1,1,1,1,1,1
1,1,1,1,1,1,1,1,1,1
1,1,1,1,1,1,1,1,1,1
1,1,1,1,1,1,1,1,1,1
1,1,1,1,1,1,1,1,1,1
1,1,1,1,1,1,1,1,1,1
1,1,1,1,1,1,1,1,1,1
1,1,1,1,1,1,1,1,1,1
1,1,1,1,1,1,1,1,1,1
1,1,1,1,1,1,1,1,1,1
1,1,1,1,1,1,1,1,1,1
1,1,1,1,1,1,1,1,1,1
1,1,1,1,1,1,1,1,1,1
1,1,1,1,1,1,1,1,1,1
1,1,1,1,1,1,1,1,1,1
1,1,1,1,1,1,1,1,1,1
1,1,1,1,1,1,1,1,1,1
1,1,1,1,1,1,1,1,1,1
1,1,1,1,1,1,1,1,1,1
1,1,1,1,1,1,1,1,1,1
1,1,1,1,1,1,1,1,1,1
1,1,1,1,1,1,1,1,1,1
1,1,1,1,1,1,1,1,1,1
1,1,1,1,1,1,1,1,1,1
1,1,1,1,1,1,1,1,1,1
1,1,1,1,1,1,1,1,1,1
1,1,1,1,1,1,1,1,1,1
1,1,1,1,1,1,1,1,1,1
1,1,1,1,1,1,1,1,1,1
1,1,1,1,1,1,1,1,1,1
1,1,1,1,1,1,1,1,1,1
1,1,1,1,1,1,1,1,1,1
1,1,1,1,1,1,1,1,1,1
1,1,1,1,1,1,1,1,1,1
1,1,1,1,1,1,1,1,1,1
1,1,1,1,1,1,1,1,1,1
1,1,1,1,1,1,1,1,1,1
1,1,1,1,1,1,1,1,1,1
1,1,1,1,1,1,1,1,1,1
1,1,1,1,1,1,1,1,1,1
1,1,1,1,1,1,1,1,1,1
1,1,1,1,1,1,1,1,1,1
1,1,1,1,1,1,1,1,1,1
1,1,1,1,1,1,1,1,1,1
1,1,1,1,1,1,1,1,1,1
1,1,1,1,1,1,1,1,1,1
1,1,1,1,1,1,1,1,1,1
1,1,1,1,1,1,1,1,1,1
1,1,1,1,1,1,1,1,1,1
1,1,1,1,1,1,1,1,1,1
1,1,1,1,1,1,1,1,1,1
1,1,1,1,1,1,1,1,1,1
1,1,1,1,1,1,1,1,1,1
1,1,1,1,1,1,1,1,1,1
1,1,1,1,1,1,1,1,1,1
1,1,1,1,1,1,1,1,1,1
1,1,1,1,1,1,0.9973863,1,1,1
1,1,1,1,1,1,0.9863305,1,1,1
1,1,1,1,1,1,0.9751863,1,1,1
1,1,1,1,1,1,0.9639562,1,1,1
1,1,1,1,1,1,0.9526433,1,1,1
1,1,1,1,1,1,0.9412506,1,1,1
1,1,1,1,1,1,0.931187,1,1,1
1,1,1,1,1,1,0.933736,1,1,1
1,1,1,1,1,1,0.9362316,1,1,1
1,1,1,1,1,1,0.9386713,1,1,1
1,1,1,1,1,1,0.9410564,1,1,1
1,1,1,1,1,1,0.9433886,1,1,1
1,1,1,1,1,1,0.9456652,1,1,1
1,1,1,1,1,1,0.9478879,1,1,1
1,1,1,1,1,1,0.9500581,1,1,1
1,1,1,1,1,1,0.9521769,1,1,1
1,1,1,1,1,1,0.9542425,1,1,1
1,1,1,1,1,1,0.9562598,1,1,1
1,1,1,1,1,1,0.9582229,1,1,1
1,1,1,1,1,1,0.9601367,1,1,1
1,1,1,1,1,1,0.9620029,1,1,1
1,1,1,1,1,1,0.9638189,1,1,1
1,1,1,1,1,1,0.9655867,1,1,1
1,1,1,1,1,1,0.9673072,1,1,1
1,1,1,1,1,1,0.9689783,1,1,1
1,1,1,1,1,1,0.9706052,1,1,1
1,1,1,1,1,1,0.9721857,1,1,1
1,1,1,1,1,1,0.9737208,1,1,1
1,1,1,1,1,1,0.9752124,0.9476272,1,1
1,1,1,1,1,1,0.9803756,0.9302441,1,1
1,1,1,1,1,1,0.9866816,0.9124762,1,1
1,1,1,1,1,1,0.9941678,0.8943709,1,1
1,1,1,1,1,1,1,0.8759692,1,1
1,1,1,1,1,1,1,0.8572719,1,0
1,1,1,1,1,1,1,0.8382279,1,0
1,1,1,1,1,1,1,0.8188792,1,0
1,1,1,1,1,1,1,0.7992672,1,0
1,1,1,1,1,1,1,0.7794433,1,0
1,1,1,1,1,1,1,0.7594615,1,0
1,1,1,1,1,1,1,0.7393676,1,0
1,1,1,1,1,1,1,0.7192165,1,0
1,1,1,1,1,1,1,0.6990618,1,0
1,1,1,1,1,1,1,0.6789476,1,0
1,1,1,1,1,1,1,0.6589243,1,0
1,1,1,1,1,1,1,0.6390394,1,0
1,1,1,1,1,1,1,0.6193334,1,0
1,1,1,1,1,1,1,0.6045172,1,0
1,1,1,1,1,1,1,0.6142837,1,0
1,1,1,1,1,1,1,0.6242443,1,0
1,1,1,1,1,1,1,0.6343808,1,0
1,1,1,1,1,1,1,0.644679,1,0
1,1,1,1,1,1,1,0.6551243,1,0
1,1,1,1,1,1,1,0.6656994,1,0
1,1,1,1,1,1,1,0.6763863,1,0
1,1,1,1,1,1,1,0.6871697,0.7982333,0
1,1,1,1,1,1,0.9891315,0.7051335,0.7543573,0
1,1,1,1,1,1,0.9759685,0.7253453,0.7118816,0
1,1,1,1,1,1,0.9630498,0.7479769,0.6710885,0
1,1,1,1,1,1,0.9504421,0.773178,0.6321971,0
1,1,1,1,1,1,1,1,0.5953411,0
1,1,1,1,1,1,1,1,0.5647402,0
1,1,1,1,1,1,1,1,0.5349086,0
1,1,1,1,1,1,1,1,0.5402023,0
1,1,1,1,1,1,1,1,0.5506545,0
1,1,1,1,1,1,1,1,0.5614416,0
1,1,1,1,1,1,1,1,0.5725464,0
1,1,1,1,1,1,1,1,0.5839523,0
1,1,1,1,1,1,1,1,0.5956407,0
1,1,1,1,1,1,1,0.9346507,0.6075929,0
1,1,1,1,1,1,1,0.9188277,0.6204186,0
1,1,1,1,1,1,1,0.9035622,0.6336573,0
1,1,1,1,1,1,1,0.8888295,0.6472884,0
1,1,1,1,1,1,1,0.8746074,0.6612895,0
1,1,1,1,1,1,1,0.8608667,0.6756352,0
1,1,1,1,1,1,1,0.847582,0.6903015,0
1,1,1,1,1,1,1,0.8347246,1,1
1,1,1,1,1,1,1,0.8247977,1,1
1,1,1,1,1,1,1,0.8148686,1,1
1,1,1,1,1,1,1,0.8049431,1,1
1,1,1,1,1,1,1,0.7950209,1,1
1,1,1,1,1,1,1,0.7851076,1,1
1,1,1,1,1,1,1,0.7752061,1,1
1,1,1,1,1,1,1,0.765319,1,1
1,1,1,1,1,1,1,0.7737197,1,1
1,1,1,1,1,1,1,0.7970573,1,1
1,1,1,1,1,1,1,0.820067,1,1
1,1,1,1,1,1,1,0.8426897,1,1
1,1,1,1,1,1,1,0.8648754,1,1
1,1,1,1,1,1,0.9944178,0.8865717,1,1
1,1,1,1,1,1,0.9860489,0.9076525,1,1
1,1,1,1,1,1,0.9776462,0.9280282,1,1
1,1,1,1,1,1,0.9692079,1,1,1
1,1,1,1,1,1,0.9606516,1,1,1
1,1,1,1,1,1,0.9520904,1,1,1
1,1,1,1,1,1,0.9435217,1,1,1
1,1,1,1,1,1,0.9349484,1,1,1
1,1,1,1,1,1,0.9263679,1,1,1
1,1,1,1,1,1,0.9177801,1,0.8153641,0
1,1,1,1,1,1,0.9098166,1,0.800196,0
1,1,1,1,1,1,0.9019338,1,0.784972,0
1,1,1,1,1,1,0.8941368,1,0.7697209,0
1,1,1,1,1,1,0.8864275,1,0.7544676,0
1,1,1,1,1,1,0.8788108,1,0.7392402,0
1,1,1,1,1,1,0.8712913,1,0.7240666,0
1,1,1,1,1,1,0.8638733,1,0.7089731,0
1,1,1,1,1,1,0.8565577,1,0.6939809,0
1,1,1,1,1,1,0.8493448,1,0.6791101,0
1,1,1,1,1,1,0.8422381,1,0.6643831,0
1,1,1,1,1,1,0.8352398,1,0.6498204,0
1,1,1,1,1,1,0.8283526,1,0.6354412,0
1,1,1,1,1,1,0.8215721,0.8250611,0.6435434,0
1,1,1,1,1,1,0.8151032,0.8151931,0.6613111,0
1,1,1,1,1,1,0.8086072,0.8056034,0.6790866,0
1,1,1,1,1,1,0.8020703,0.7962651,0.696815,0
1,1,1,1,1,1,0.7954813,0.7871537,0.7144471,0
1,1,1,1,1,1,0.7888304,0.7782466,0.73193,0
1,1,1,1,1,1,0.7821096,0.7695233,0.7492179,0
1,1,1,1,1,1,0.775313,0.760965,0.7662657,0
1,1,1,1,1,1,0.7684327,0.7525517,0.7830323,0
1,1,1,1,1,1,0.7614652,0.7442681,0.7994789,1
1,1,1,1,1,1,0.7544118,0.7361029,1,1
1,1,1,1,1,1,0.7463228,0.7285299,1,1
1,1,1,1,1,1,0.7382256,0.7209481,1,1
1,1,1,1,1,1,1,0.7133604,1,1
1,1,1,1,1,1,1,0.7054294,1,1
1,1,1,1,1,1,1,0.6975185,1,1
1,1,1,1,1,1,1,0.6896245,1,1
1,1,1,1,1,1,1,0.6817512,1,1
1,1,1,1,1,1,1,0.6738957,1,1
1,1,1,1,1,1,1,0.6660613,1,1
1,1,1,1,1,1,1,0.6582452,1,1
1,1,1,1,1,1,1,0.6504506,1,1
1,1,1,1,1,1,1,0.642678,1,1
1,1,1,1,1,1,1,0.6349242,1,1
1,1,1,1,1,1,1,0.6271925,1,1
1,1,1,1,1,1,1,0.6194831,1,1
1,1,1,1,1,1,1,0.611796,1,1
1,1,1,1,1,1,1,0.6041314,1,1
1,1,1,1,1,1,1,0.5964894,0.702195,0
1,1,1,1,1,1,1,0.5884057,0.6895444,0
1,1,1,1,1,1,1,0.5804437,0.6771299,0
1,1,1,1,1,1,1,0.5726073,0.664961,0
1,1,1,1,1,1,1,0.5648962,0.6530418,0
1,1,1,1,1,1,1,0.5573099,0.6413749,0
1,1,1,1,1,1,1,0.5498473,0.6299613,0
1,1,1,1,1,1,1,0.542507,0.618801,0
1,1,1,1,1,1,1,0.5352899,0.6078963,0
1,1,1,1,1,1,1,0.5281941,0.5972449,0
1,1,1,1,1,1,1,0.5212137,0.5868404,0
1,1,1,1,1,1,1,0.5143461,0.5766788,0
1,1,1,1,1,1,1,0.5075914,0.5667592,0
1,1,1,1,1,1,1,0.5009435,0.5570731,0
1,1,1,1,1,1,1,0.8518764,0.5476152,0
1,1,1,1,1,1,1,1,0.5384109,0
1,1,1,1,1,1,1,1,0.5293868,0
1,1,1,1,1,1,1,1,0.520532,0
1,1,1,1,1,1,1,1,0.5118455,0
1,1,1,1,1,1,1,1,0.5033258,0
1,1,1,1,1,1,1,1,0.4949714,0
1,1,1,1,1,1,1,1,0.4867803,0
1,1,1,1,1,1,1,1,0.4787502,0
1,1,1,1,1,1,1,1,0.4708824,0
1,1,1,1,1,1,1,1,0.463171,0
1,1,1,1,1,1,1,1,0.4556135,0
1,1,1,1,1,1,1,1,0.4482103,0
1,1,1,1,1,1,1,1,0.4409555,0
1,1,1,1,1,1,1,1,0.4338464,0
1,1,1,1,1,1,1,1,0.42688,0
1,1,1,1,1,1,1,1,0.4358853,0
1,1,1,1,1,1,1,1,0.4736002,0
1,1,1,1,1,1,1,1,0.51218,0
1,1,1,1,1,1,1,1,0.5514623,0
1,1,1,1,1,1,1,1,0.5912783,0
1,1,1,1,1,1,1,1,0.63145,0
1,1,1,1,1,1,1,1,0.6717923,1
1,1,1,1,1,1,1,1,0.7121164,1
1,1,1,1,1,1,1,1,0.7522338,1
1,1,1,1,1,1,1,1,0.7919568,1
1,1,1,1,1,1,1,1,0.8311119,1
1,1,1,1,1,1,1,1,1,1
1,1,1,1,1,1,1,1,1,1
1,1,1,1,1,1,1,1,1,1
1,1,1,1,1,1,1,1,1,1
1,1,1,1,1,1,1,1,1,1
1,1,1,1,1,1,1,1,1,1
1,1,1,1,1,1,1,1,1,1
1,1,1,1,1,1,1,1,1,1
1,1,1,1,1,1,1,1,1,1
1,1,1,1,1,1,1,1,1,1
1,1,1,1,1,1,1,1,1,1
1,1,1,1,1,1,1,1,1,1
1,1,1,1,1,1,1,1,1,1
1,1,1,1,1,1,1,1,1,1
1,1,1,1,1,1,1,1,1,1
1,1,1,1,1,1,1,1,1,1
1,1,1,1,1,1,1,1,1,1
1,1,1,1,1,1,1,1,1,1
1,1,1,1,1,1,1,1,1,1
1,1,1,1,1,1,1,1,1,1
1,1,1,1,1,1,1,1,1,1
1,1,1,1,1,1,1,1,1,1
1,1,1,1,1,1,1,1,1,1
1,1,1,1,1,1,1,1,1,1
1,1,1,1,1,1,1,1,1,1
1,1,1,1,1,1,1,1,1,1
1,1,1,1,1,1,1,1,1,1
1,1,1,1,1,1,1,1,1,1
1,1,1,1,1,1,1,1,1,1
1,1,1,1,1,1,1,1,1,1
1,1,1,1,1,1,1,1,1,1
1,1,1,1,1,1,1,1,1,1
1,0.9946879,1,1,1,1,1,1,1,1
1,0.985446,1,1,1,1,1,1,1,1
1,0.9760814,1,1,1,1,1,1,1,1
1,0.9665987,1,1,1,1,1,1,1,1
1,0.9570025,1,1,1,1,1,1,1,1
1,0.9472998,1,1,1,1,1,1,1,1
1,0.9454829,1,1,1,1,1,1,1,1
1,0.9669359,1,1,1,1,1,1,1,1
1,0.9862798,1,1,1,1,1,1,1,1
1,1,1,1,1,1,1,1,1,1
1,1,1,1,1,1,1,1,1,1
1,1,1,1,1,1,1,1,1,1
1,1,1,1,1,1,1,1,1,1
1,1,1,1,1,1,1,1,1,1
1,1,1,1,1,1,1,1,1,1
1,1,1,1,1,1,1,1,1,1
1,1,1,1,1,1,1,1,1,1
1,1,1,1,1,1,1,1,1,1
1,1,1,1,1,1,1,1,1,1
1,1,1,1,1,1,1,1,1,1
1,1,1,1,1,1,1,1,1,1
1,1,1,1,1,1,1,1,1,1
1,1,1,1,1,1,1,1,0.9303837,1
1,1,1,1,1,1,1,1,0.8948516,0
1,1,1,1,1,1,1,1,0.8959643,0
1,1,1,1,1,1,1,1,0.897128,1
1,1,1,1,1,1,1,1,0.8983397,1
1,1,1,1,1,1,1,1,0.8995987,1
1,1,1,1,1,1,1,1,0.9009026,1
1,1,1,1,1,1,1,1,0.9022502,1
1,1,1,1,1,1,1,1,0.9036407,1
1,1,1,1,1,1,1,1,0.9050719,1
1,1,1,1,1,1,1,1,1,1
1,1,1,1,1,1,1,1,1,1
1,1,1,1,1,1,1,1,1,1
1,1,1,1,1,1,1,1,1,1
1,1,1,1,1,1,1,1,1,1
1,1,1,1,1,1,1,1,1,1
1,1,1,1,1,1,1,1,1,1
1,1,1,1,1,1,1,1,1,1
1,1,1,1,1,1,1,1,1,1
1,1,1,1,1,1,1,1,1,1
1,1,1,1,1,1,1,1,1,1
1,1,1,1,1,1,1,1,1,1
1,1,1,1,1,1,1,1,1,1
1,1,1,1,1,1,1,1,1,1
1,1,1,1,1,1,1,1,1,1
1,1,1,1,1,1,1,1,1,1
1,1,1,1,1,1,1,1,1,1
1,1,1,1,1,1,1,1,1,1
1,1,0.995115,1,1,1,1,1,1,1
1,1,0.9838296,1,1,1,1,1,1,1
1,1,0.972437,1,1,1,1,1,1,1
1,1,0.9609405,1,1,1,1,1,1,1
1,1,0.9493403,1,1,1,1,1,1,1
1,1,0.9376435,1,1,1,1,1,1,1
1,1,0.9258548,1,1,1,1,1,1,1
1,1,0.9155415,1,1,1,1,1,1,1
1,1,0.9177264,1,1,1,1,1,1,1
1,1,0.9198768,1,1,1,1,1,1,1
1,1,0.9219936,1,1,1,1,1,1,1
1,1,0.9240741,1,1,1,1,1,1,1
1,1,0.9261225,1,1,1,1,1,1,1
1,1,0.9281363,1,1,1,1,1,1,1
1,1,0.9301131,1,1,1,1,1,1,1
1,1,0.9320568,1,1,1,1,1,1,1
1,1,0.9339654,1,1,1,1,1,1,1
1,1,1,1,1,1,1,1,1,1
1,1,1,1,1,1,1,1,1,1
1,1,1,1,1,1,1,1,1,1
1,1,1,1,1,1,1,1,1,1
1,1,1,1,1,1,1,1,1,1
1,1,1,1,1,1,1,1,1,1
1,1,1,1,1,1,1,1,1,1
1,1,1,1,1,1,1,1,1,1
1,1,1,1,1,1,1,1,1,1
1,1,1,1,1,1,1,1,1,1
1,1,1,1,1,1,1,1,1,1
1,1,1,1,1,1,1,1,1,1
1,1,1,1,1,1,1,1,1,1
1,1,1,1,1,1,1,1,1,1
1,1,1,1,1,1,1,1,1,1
1,1,1,1,1,1,1,1,1,1
1,1,1,1,1,1,1,1,1,1
1,1,1,1,1,1,1,1,1,1
1,1,1,1,1,1,1,1,1,1
1,1,1,1,1,1,1,1,1,1
1,1,1,1,1,1,1,1,1,1
1,1,1,1,1,1,1,1,1,1
1,1,1,1,1,1,1,1,1,1
1,1,1,1,1,1,1,1,1,1
1,1,1,1,1,1,1,1,1,1
1,1,1,1,1,1,1,1,1,1
1,1,1,1,1,1,1,1,1,1
1,1,1,1,1,1,1,1,1,1
1,1,1,1,1,1,1,1,1,1
1,1,1,1,1,1,1,1,1,1
1,0.6612042,1,1,1,1,1,1,1,2
1,0.6365771,1,1,1,1,1,1,1,2
1,0.6121721,1,1,1,1,1,1,1,2
1,0.5880719,1,1,1,1,1,1,1,2
1,0.5643452,1,1,1,1,1,1,1,2
1,0.55136,1,1,1,1,1,1,1,2
1,0.5592605,1,1,1,1,1,1,1,2
1,0.5674361,1,1,1,1,1,1,1,2
1,0.5758752,1,1,1,1,1,1,1,2
1,0.5845653,1,1,1,1,1,1,1,2
1,0.5934959,1,1,1,1,1,1,1,2
1,1,1,1,1,1,1,1,1,1
1,1,1,1,1,1,1,1,1,1
1,1,1,1,1,1,1,1,1,1
1,1,1,1,1,1,1,1,1,1
1,1,1,1,1,1,1,1,1,1
1,1,1,1,1,1,1,1,1,1
1,1,1,1,1,1,1,1,1,1
1,1,1,1,1,1,1,1,1,1
1,1,1,1,1,1,1,1,1,1
0.5804633,1,1,1,1,1,1,1,1,2
0.5321964,1,1,1,1,1,1,1,1,2
0.4858052,0.9268104,1,1,1,1,1,1,1,2
0.4718682,0.8974592,1,1,1,1,1,1,1,2
0.4787887,0.8695601,1,1,1,1,1,1,1,2
0.4862959,0.8557488,1,1,1,1,1,1,1,2
0.4944164,0.8838218,1,1,1,1,0.9915444,1,1,2
0.5031778,0.9142874,1,1,1,1,0.9624082,1,1,2
0.9189215,1,1,1,1,1,0.9367973,1,1,1
0.9227784,1,1,1,1,1,0.9313266,1,1,1
0.9264877,1,1,1,1,1,0.9261724,1,1,1
0.9300529,1,1,1,1,1,0.9213147,1,1,1
0.9334763,1,1,1,1,1,0.9167371,1,1,1
0.9367619,1,1,1,1,1,0.9124227,1,1,1
0.9399117,1,1,1,1,1,0.9083588,1,1,1
0.9429301,1,1,1,1,1,0.9045309,1,1,1
0.9458197,1,1,1,1,1,0.9009291,1,1,1
0.9485847,1,1,1,1,1,0.8975413,1,1,1
0.9512292,1,1,1,1,1,0.894357,1,1,1
0.9537579,1,1,1,1,1,0.8913666,1,1,1
0.9561726,1,1,1,1,1,1,1,1,1
0.9602542,1,1,1,1,1,1,1,1,1
0.9642761,1,1,1,1,1,1,1,1,1
1,1,1,1,1,1,1,1,1,1
1,1,1,1,1,1,1,1,1,1
1,1,1,1,1,1,1,0.8958741,1,1
1,1,1,1,1,1,1,0.8644736,1,0
1,1,1,1,1,1,1,0.8314211,1,0
1,1,1,1,1,1,1,0.7969462,1,0
1,1,1,1,1,1,1,0.7613124,1,0
1,1,1,1,1,1,1,0.7248341,1,0
1,1,1,1,1,1,1,0.6878412,1,0
1,1,1,1,1,1,1,0.6506704,1,0
1,1,1,1,1,1,1,0.6184303,1,0
1,1,1,1,1,1,1,0.6209059,1,0
1,1,1,1,1,0.9854133,1,0.6236314,1,0
1,1,1,1,1,0.9998063,1,0.6266838,1,0
1,1,1,1,1,1,1,0.6299024,1,0
1,1,1,1,1,1,1,0.6333551,1,0
1,1,1,1,1,1,1,0.6370382,1,0
1,1,1,1,1,1,1,0.6409445,1,0
1,1,1,1,1,1,1,0.6450686,1,0
1,1,1,1,1,1,0.9883727,0.649403,1,0
1,1,1,1,1,1,0.9699225,0.65406,1,0
1,1,1,1,1,1,0.9518048,0.6591071,1,0
1,1,1,1,1,1,0.934031,0.6645439,1,0
1,1,1,1,1,1,0.9166127,0.6703674,0.7255958,0
0.9067906,1,1,1,1,1,0.8958026,1,0.6213432,0
0.9033827,1,1,1,1,1,0.8788478,1,0.5488888,0
0.8992952,1,1,1,1,1,0.8610947,1,0.5512207,0
0.8953477,1,1,1,1,1,0.8438923,1,0.5540785,0
0.8915406,1,1,1,1,1,0.8527716,1,0.557255,0
0.8879534,1,1,1,1,1,0.8876446,1,0.5606599,0
0.8846294,1,1,1,1,1,0.9235374,1,0.5641941,0
0.8815283,1,1,1,1,1,0.9603219,1,0.5678293,0
0.8786135,1,1,1,1,1,0.9978571,1,0.5715403,0
0.875854,1,1,1,1,1,1,0.9874395,0.5753044,0
0.8731093,1,1,1,1,1,1,0.9629067,0.5793076,0
0.8703354,1,1,1,1,1,1,0.9387699,0.5836439,0
0.867544,1,1,1,1,1,0.9964019,0.9150834,0.5883201,0
0.8647429,1,1,1,1,1,0.98244,0.8918549,0.5933524,0
0.861931,1,1,1,1,1,0.968666,0.8690427,0.5987805,0
0.8591223,1,1,1,1,1,1,0.8467056,1,1
0.8574139,1,1,1,1,1,1,0.8352251,1,1
0.8557065,1,1,1,1,1,1,0.8235426,1,1
0.8539955,1,1,1,1,1,1,0.8116599,1,1
1,1,1,1,1,1,1,0.7995837,1,0
1,1,1,1,1,1,1,0.783325,1,0
1,1,1,1,1,1,1,0.7669993,1,0
0.6311911,1,1,1,1,1,1,0.7506274,1,2
0.5847026,1,1,1,1,1,1,0.7433585,1,2
0.5834222,1,1,1,1,1,1,0.7370419,1,2
0.5822952,1,1,1,1,1,1,0.7305359,1,2
0.5813135,1,1,1,1,1,0.9807862,0.7238222,1,2
0.5804529,1,1,1,1,1,0.95414,0.716749,1,2
0.5796925,1,1,1,1,1,0.9307238,0.7092232,1,2
0.5790176,1,1,1,1,1,0.9101156,0.7012436,1,2
1,1,1,1,1,1,0.8919719,0.6928036,1,0
1,1,1,1,1,1,0.9252308,0.6728911,1,0
1,1,1,1,1,1,1,0.6534282,1,0
1,1,1,1,1,1,1,0.634682,1,0
1,1,1,1,1,1,1,0.6161121,1,0
1,1,1,1,1,1,1,0.5977516,1,0
1,1,1,1,1,1,1,0.5913444,1,0
1,1,1,1,1,1,1,0.6023721,1,0
1,1,1,1,1,1,1,0.6136011,1,0
1,1,1,1,1,1,1,0.6250135,0.9110996,0
1,1,1,1,1,1,1,0.6394426,0.8682157,0
1,1,1,1,1,1,1,0.6556438,0.8260063,0
1,1,1,1,1,1,1,0.6737517,0.7848148,0
1,1,1,1,1,1,1,0.6939004,0.7449225,0
1,1,1,1,1,1,1,0.7162321,0.7065415,0
1,1,1,1,1,1,1,0.7408873,0.669821,0
1,1,1,1,1,1,1,0.7285722,0.6348578,0
1,1,1,1,1,1,1,0.7095289,0.6009449,0
1,1,1,1,1,1,1,0.6907436,0.5681674,0
1,1,1,1,1,1,1,0.6819857,0.5367709,0
1,1,1,1,1,1,1,0.7187136,0.5283971,0
1,1,1,1,1,1,1,0.7592535,0.5426369,0
1,1,1,1,1,1,1,1,0.5570464,0
1,1,1,1,1,1,1,1,0.5697648,0
1,1,1,1,1,1,1,1,0.582779,0
1,1,1,1,1,1,1,1,0.5960684,0
1,1,1,1,1,1,1,1,0.6096092,0
1,1,1,1,1,1,1,1,0.6233764,0
1,1,1,1,1,1,1,1,0.6373439,0
1,1,1,1,1,1,1,1,0.6514887,0
1,1,1,1,1,1,1,1,0.6657814,0
1,1,1,1,1,1,1,1,0.6711413,0
1,1,1,1,1,1,1,1,0.6536385,0
1,1,1,1,1,1,1,1,0.6363353,0
1,1,1,1,1,1,1,1,0.6192685,0
1,1,1,1,1,1,1,1,0.6060241,0
1,1,1,1,1,1,1,1,0.6224011,0
1,1,1,1,1,1,1,1,0.6389629,0
1,1,1,1,1,1,1,1,0.6556747,0
1,1,1,1,1,1,1,1,0.6725002,0
1,1,1,1,1,1,1,1,0.6894077,0
1,1,1,1,1,1,1,1,1,1
1,1,1,1,1,1,1,1,1,1
1,1,1,1,1,1,1,1,1,1
1,1,1,1,1,1,1,1,1,1
1,1,1,1,1,1,1,1,1,1
1,1,1,1,1,1,1,1,1,1
1,1,1,1,1,1,1,1,1,1
1,1,1,1,1,1,1,1,1,1
1,1,1,1,1,1,1,1,1,1
1,1,1,1,1,1,0.9959813,1,1,1
1,1,1,1,1,1,0.9878181,1,1,1
1,1,1,1,1,1,0.979637,1,1,1
1,1,1,1,1,1,0.9714411,1,1,1
1,1,1,1,1,1,0.9632313,1,1,1
1,1,1,1,1,1,0.9550046,1,1,1
1,1,1,1,1,1,0.9467616,1,1,1
1,1,1,1,1,1,0.9385028,1,1,1
1,1,1,1,1,1,0.9302286,1,1,1
1,1,1,1,1,1,0.9219398,1,1,1
1,1,1,1,1,1,0.9136368,1,1,1
1,1,1,1,1,1,0.9053171,1,1,1
1,1,1,1,1,1,0.8969845,1,1,1
1,1,1,1,1,1,0.8886363,1,1,1
1,1,1,1,1,1,0.8802735,1,1,1
1,1,1,1,1,1,0.8718964,1,1,1
1,1,1,1,1,1,0.863506,1,1,1
1,1,1,1,1,1,0.8551027,1,1,1
1,1,1,1,1,1,0.8466842,1,1,1
1,1,1,1,1,1,0.8382542,1,1,1
1,1,1,1,1,1,0.8298103,1,1,1
1,1,1,1,1,1,0.8213564,1,1,1
1,1,1,1,1,1,0.8128899,1,1,1
1,1,1,1,1,1,0.8044116,1,1,1
1,1,1,1,1,1,0.7959221,1,1,1
1,1,1,1,1,1,0.7874221,1,1,1
1,1,1,1,1,1,0.7789091,1,1,1
1,1,1,1,1,1,0.770387,1,1,1
1,1,1,1,1,1,0.7618562,1,1,1
1,1,1,1,1,1,0.7533143,0.7652608,1,1
1,1,1,1,1,1,0.7451158,0.756734,1,1
1,1,1,1,1,1,0.9526335,0.7482134,1,1
1,1,1,1,1,1,0.9447719,0.7393924,1,1
1,1,1,1,1,1,0.9369215,0.7305975,1,1
1,1,1,1,1,1,0.9290846,0.7218323,1,1
1,1,1,1,1,1,0.9212573,0.7130941,1,1
1,1,1,1,1,1,0.9134391,0.7043831,1,1
1,1,1,1,1,1,0.9056322,0.695703,1,1
1,1,1,1,1,1,0.897833,0.6870505,1,1
1,1,1,1,1,1,0.8900406,0.6784261,1,1
1,1,1,1,1,1,0.8822576,0.6698328,1,1
1,1,1,1,1,1,0.8744802,0.6612679,1,1
1,1,1,1,1,1,0.8667079,0.652731,1,1
1,1,1,1,1,1,0.8589398,0.6442223,1,1
1,1,1,1,1,1,0.8511788,0.6357449,1,1
1,1,1,1,1,1,0.8434209,0.6272954,1,1
1,1,1,1,1,1,0.8356657,0.6188738,1,1
1,1,1,1,1,1,0.8279126,0.61048,1,1
1,1,1,1,1,1,0.8201613,0.6021135,1,1
1,1,1,1,1,1,0.8124083,0.5937712,1,1
1,1,1,1,1,1,0.8046559,0.585456,1,1
1,1,1,1,1,1,0.7969042,0.5771673,1,1
1,1,1,1,1,1,0.7891496,0.568902,1,1
1,1,1,1,1,1,0.7813948,0.5606628,1,1
1,1,1,1,1,1,0.7736366,0.5524462,1,1
1,1,1,1,1,1,0.765878,0.5442549,1,1
1,1,1,1,1,1,0.7581154,0.5360856,1,1
1,1,1,1,1,1,0.7503489,0.5279378,1,1
1,1,1,1,1,1,0.7425784,0.5198111,1,1
1,1,1,1,1,1,0.7348039,0.5117052,0.6225696,0
1,1,1,1,1,1,1,0.502768,0.6082141,0
1,1,1,1,1,1,1,0.4937769,0.5931302,0
1,1,1,1,1,1,1,0.4850084,0.5785508,0
1,1,1,1,1,1,1,0.4764589,0.5644678,0
1,1,1,1,1,1,1,0.5208662,0.5508711,0
1,1,1,1,1,1,1,0.6330697,0.5378426,0
1,1,1,1,1,1,1,0.767608,0.5254366,0
1,1,1,1,1,1,1,1,0.5135975,0
1,1,1,1,1,1,1,0.6497672,0.5023525,0
1,1,1,1,1,1,1,0.6421533,0.4910252,0
1,1,1,1,1,1,1,0.6347277,0.4800386,0
1,1,1,1,1,1,1,0.627488,0.4693869,0
1,1,1,1,1,1,1,0.6204249,0.4590564,0
1,1,1,1,1,1,1,0.6135322,0.4490368,0
1,1,1,1,1,1,1,0.6068005,0.4393139,0
1,1,1,1,1,1,1,0.6002263,0.4298803,0
1,1,1,1,1,1,1,0.5937999,0.4207219,0
1,1,1,1,1,1,1,0.5875121,0.4118246,0
1,1,1,1,1,1,1,0.5813594,0.4272646,0
1,1,1,1,1,1,1,0.5753192,0.4564446,0
1,1,1,1,1,1,1,0.5693722,0.4860926,0
1,1,1,1,1,1,1,1,0.5160825,0
1,1,1,1,1,1,1,1,0.5474934,0
1,1,1,1,1,1,1,1,0.5793417,0
1,1,1,1,1,1,1,1,0.6115176,0
1,1,1,1,1,1,1,1,0.6439071,0
1,1,1,1,1,1,1,1,0.5691639,0
1,1,1,1,1,1,1,1,0.5617301,0
1,1,1,1,1,1,1,1,0.5544078,0
1,1,1,1,1,1,1,1,0.5471964,0
1,1,1,1,1,1,1,1,0.5400951,0
1,1,1,1,1,1,1,1,0.5331033,0
1,1,1,1,1,1,1,1,0.52622,0
1,1,1,1,1,1,1,1,0.5194443,0
1,1,1,1,1,1,1,1,0.5127751,0
1,1,1,1,1,1,1,1,0.5062112,0
1,1,1,1,1,1,1,1,0.4997515,0
1,1,1,1,1,1,1,1,0.4933946,0
1,1,1,1,1,1,1,1,0.4871392,0
1,1,1,1,1,1,1,1,0.480984,0
1,1,1,1,1,1,1,1,0.5125481,0
1,1,1,1,1,1,1,1,0.555914,0
1,1,1,1,1,1,1,1,0.5998476,0
1,1,1,1,1,1,1,1,0.6441349,1
1,1,1,1,1,1,1,1,0.9094313,1
1,1,1,1,1,1,1,1,0.9041485,1
1,1,1,1,1,1,1,1,0.8988668,1
1,1,1,1,1,1,1,1,0.8935865,1
1,1,1,1,1,1,1,1,0.8883082,1
1,1,1,1,1,1,1,1,0.8830355,1
1,1,1,1,1,1,1,1,0.8777657,1
1,1,1,1,1,1,1,1,0.8724993,1
1,1,1,1,1,1,1,1,0.8801271,1
1,1,1,1,1,1,1,1,0.9210723,1
1,1,1,1,1,1,1,1,0.9608107,1
1,1,1,1,1,1,1,1,1,1
1,1,1,1,1,1,1,1,1,1
1,1,1,1,1,1,1,1,1,1
1,1,1,1,1,1,1,1,1,1
1,1,1,1,1,1,1,1,1,1
1,1,1,1,1,1,1,1,1,1
1,1,1,1,1,1,1,1,1,1
1,1,1,1,1,1,1,1,1,1
1,1,1,1,1,1,1,1,1,1
1,1,1,1,1,1,1,1,1,1
1,1,1,1,1,1,1,1,1,1
1,1,1,1,1,1,1,1,1,1
1,1,1,1,1,1,1,1,1,1
1,1,1,1,1,1,1,1,1,1
1,1,1,1,1,1,1,1,1,1
1,1,1,1,1,1,1,1,1,1
1,1,1,1,1,1,1,1,1,1
1,1,1,1,1,1,1,1,1,1
1,1,1,1,1,1,1,1,1,1
1,1,1,1,1,1,1,1,1,1
1,1,1,1,1,1,1,1,1,1
1,1,1,1,1,1,1,1,1,1
1,1,1,1,1,1,1,1,1,1
1,1,1,1,1,1,1,1,1,1
1,1,1,1,1,1,1,1,1,1
1,1,1,1,1,1,1,1,1,1
1,1,1,1,1,1,1,1,1,1
1,1,1,1,1,1,1,1,1,1
1,1,1,1,1,1,1,1,1,1
1,1,1,1,1,1,1,1,1,1
1,1,1,1,1,1,1,1,1,1
1,1,1,1,1,1,1,1,1,1
1,1,1,1,1,1,1,1,1,1
1,1,1,1,1,1,1,1,1,1
1,1,1,1,1,1,1,1,1,1
1,1,1,1,1,1,1,1,1,1
1,1,1,1,1,1,1,1,1,1
1,1,1,1,1,1,1,1,1,1
1,1,1,1,1,1,1,1,1,1
1,1,1,1,1,1,1,1,1,1
1,1,1,1,1,1,1,1,1,1
1,1,1,1,1,1,1,1,1,1
1,1,1,1,1,1,1,1,1,1
1,1,1,1,1,1,1,1,1,1
1,1,1,1,1,1,1,1,1,1
1,1,1,1,1,1,1,1,1,1
1,1,1,1,1,1,1,1,1,1
1,1,1,1,1,1,1,1,1,1
1,1,1,1,1,1,1,1,1,1
1,1,1,1,1,1,1,1,1,1
1,1,1,1,1,1,1,1,1,1
1,1,1,1,1,1,1,1,1,1
1,1,1,1,1,1,1,1,1,1
1,1,1,1,1,1,1,1,1,1
1,1,1,1,1,1,1,1,1,1
1,1,1,1,1,1,1,1,1,1
1,1,1,1,1,1,1,1,1,1
1,1,1,1,1,1,1,1,1,1
1,1,1,1,1,1,1,1,1,1
1,1,1,1,1,1,1,1,1,1
1,1,1,1,1,1,1,1,1,1
1,1,1,1,1,1,1,1,1,1
1,1,1,1,1,1,1,1,1,1
1,1,1,1,1,1,1,1,1,1
1,1,1,1,1,1,1,1,1,1
1,1,1,1,1,1,1,1,1,1
1,1,1,1,1,1,1,1,1,1
1,1,1,1,1,1,1,1,1,1
1,1,1,1,1,1,1,1,1,1
1,1,1,1,1,1,1,1,1,1
1,1,1,1,1,1,1,1,1,1
1,1,1,1,1,1,1,1,1,1
1,1,1,1,1,1,1,1,1,1
1,1,1,1,1,1,1,1,1,1
1,1,1,1,1,1,1,1,1,1
1,1,1,1,1,1,1,1,1,1
1,1,1,1,1,1,1,1,1,1
1,1,1,1,1,1,1,1,1,1
1,0.9992844,1,1,1,1,1,1,1,1
1,0.9898692,1,1,1,1,1,1,1,1
1,0.9803174,1,1,1,1,1,1,1,1
1,0.9706316,1,1,1,1,1,1,1,1
1,0.9608184,1,1,1,1,1,1,1,1
1,0.9508812,1,1,1,1,1,1,1,1
1,0.9408296,1,1,1,1,1,1,1,1
1,0.9306679,1,1,1,1,1,1,1,1
1,0.9204051,1,1,1,1,1,1,1,1
1,0.9100488,1,1,1,1,1,1,1,1
1,0.8996075,1,1,1,1,1,1,1,1
1,0.8890911,1,1,1,1,1,1,1,2
1,0.8785089,1,1,1,1,1,1,1,2
1,0.8678721,1,1,1,1,1,1,1,2
1,0.876454,1,1,1,1,1,1,1,2
1,0.9048932,1,1,1,1,1,1,1,1
1,0.9311923,1,1,1,1,1,1,1,1
1,0.9552047,1,1,1,1,1,1,1,1
1,0.9768697,1,1,1,1,1,1,1,1
1,0.9962047,1,1,1,1,1,1,1,1
1,1,1,1,1,1,1,1,1,1
1,1,1,1,1,1,1,1,1,1
1,1,1,1,1,1,1,1,1,1
1,1,1,1,1,1,1,1,1,1
1,1,1,1,1,1,1,1,1,1
1,1,1,1,1,1,1,1,1,1
0.9729727,1,1,1,1,1,1,1,1,1
0.9605204,1,1,1,1,1,1,1,1,1
0.9477574,1,1,1,1,1,1,1,1,1
0.9346948,1,1,1,1,1,1,1,1,1
0.9213421,1,1,1,1,1,1,1,1,1
0.9077114,1,1,1,1,1,1,1,1,1
0.8938174,1,1,1,1,1,1,1,1,1
0.8796746,1,1,1,1,1,1,1,1,1
0.8653002,1,1,1,1,1,1,1,1,1
0.8507134,1,1,1,1,1,1,1,1,2
0.8359343,1,1,1,1,1,1,1,1,2
0.8209825,1,1,1,1,1,1,1,1,2
0.8058799,1,1,1,1,1,1,1,1,2
0.7906519,1,1,1,1,1,1,1,1,2
0.7753204,1,1,1,1,1,1,1,1,2
0.7599128,1,1,1,1,1,1,1,1,2
0.7444542,1,1,1,1,1,1,1,1,2
0.7289724,1,1,1,1,1,1,1,1,2
0.7198979,1,1,1,1,1,1,1,1,2
0.7379798,1,1,1,1,1,1,1,1,2
0.7561425,1,1,1,1,1,1,1,1,2
0.7743232,1,1,1,1,1,1,1,1,2
0.7924579,1,1,1,1,1,1,1,1,2
0.8104717,1,1,1,1,1,1,1,1,2
0.8283051,1,1,1,1,1,1,1,1,2
0.8458847,1,1,1,1,1,1,1,1,2
0.8631557,1,1,1,1,1,1,1,1,2
0.8800565,1,1,1,1,1,1,1,1,1
0.8965296,1,1,1,1,1,1,1,1,1
0.9125293,1,1,1,1,1,1,1,1,1
0.9280097,1,1,1,1,1,1,1,1,1
0.9429377,1,1,1,1,1,1,1,1,1
1,1,1,1,1,1,1,1,1,1
1,1,1,1,1,1,1,1,1,1
1,1,1,1,1,1,1,1,1,1
1,1,1,1,1,1,1,1,1,1
1,1,1,1,1,1,1,1,1,1
1,1,1,1,1,1,1,1,1,1
1,1,1,1,1,1,1,1,1,1
1,1,1,1,1,1,1,1,1,1
1,1,1,1,1,1,1,1,1,1
1,1,1,1,1,1,1,1,1,1
1,1,1,1,1,1,1,1,1,1
1,1,1,1,1,1,1,1,1,1
1,1,1,1,1,1,1,1,1,1
1,1,1,1,1,1,1,1,1,1
1,1,1,1,1,1,1,1,1,1
1,1,1,1,1,1,1,1,1,1
1,1,1,1,1,1,1,1,1,1
1,1,1,1,1,1,1,1,1,1
1,1,1,1,1,1,1,1,1,1
1,1,1,1,1,1,1,1,1,1
1,1,1,1,1,1,1,1,1,1
1,1,1,1,1,1,1,1,1,1
1,1,1,1,1,1,1,1,1,1
1,1,1,1,1,1,1,1,1,1
1,1,1,1,1,1,1,1,1,1
1,1,1,1,1,1,1,1,1,1
1,1,1,1,1,1,1,1,1,1
1,1,1,1,1,1,1,1,1,1
1,1,1,1,1,1,1,1,1,1
1,1,1,1,1,1,1,1,1,1
1,1,1,1,1,1,1,1,1,1
1,1,1,1,1,1,1,1,1,1
1,1,1,1,1,1,1,1,1,1
1,1,1,1,1,1,1,1,1,1
1,1,1,1,1,1,1,1,1,1
1,1,1,1,1,1,1,1,1,1
1,1,1,1,1,1,1,1,1,1
1,1,1,1,1,1,1,1,1,1
1,1,1,1,1,1,1,1,1,1
1,1,1,1,1,1,1,1,1,1
1,1,1,1,1,1,1,1,1,1
1,1,1,1,1,1,1,1,1,1
1,1,1,1,1,1,1,1,1,1
1,1,1,1,1,1,1,1,1,1
1,1,1,1,1,1,1,1,1,1
1,1,1,1,1,1,1,1,1,1
1,1,1,1,1,1,1,1,1,1
1,1,1,1,1,0.9955535,1,1,1,1
1,1,1,1,1,0.985393,1,1,1,1
1,1,1,1,1,0.9752199,1,1,1,1
1,1,1,1,1,0.9650347,1,1,1,1
1,1,1,1,1,0.9548377,1,1,1,1
1,1,1,1,1,0.9446295,1,1,1,1
1,1,1,1,1,0.9344107,1,1,1,1
1,1,1,1,1,0.9241816,1,1,1,1
1,1,1,1,1,0.913943,1,1,1,1
1,1,1,1,1,0.9036953,1,1,1,1
1,1,1,1,1,0.8934392,1,1,1,1
1,1,1,1,1,0.8831753,1,1,1,1
1,1,1,1,1,0.8729041,1,1,1,1
1,1,1,1,1,0.8626264,1,1,1,1
1,1,1,1,1,0.8523429,1,1,1,1
1,1,1,1,1,0.8420542,1,1,1,1
1,1,1,1,1,0.8317608,1,1,1,1
1,1,1,1,1,0.8214636,1,1,1,1
1,1,1,1,1,0.8111631,0.8784766,1,1,1
1,1,1,1,1,0.8005909,0.8661846,1,1,1
1,1,1,1,1,0.7900096,0.8538491,1,1,1
1,1,1,1,1,0.7794232,0.8414792,1,1,1
1,1,1,1,1,0.7688357,0.829084,1,1,0
1,1,1,1,1,0.7894408,0.8166758,1,1,0
1,1,1,1,1,0.816103,0.804324,1,1,0
1,1,1,1,1,0.8446501,0.7920422,1,1,0
1,1,1,1,1,0.8752117,0.7798274,1,1,0
1,1,1,1,1,0.9079175,0.7676831,1,1,1
1,1,1,1,1,0.9429336,0.7556093,1,1,1
1,1,1,1,1,1,0.7436021,1,1,1
1,1,1,1,1,1,0.7316923,1,1,1
1,1,1,1,1,1,0.7197945,1,1,0
1,1,1,1,1,1,0.7079129,1,1,0
1,1,1,1,1,1,0.6960513,1,1,0
1,1,1,1,1,1,0.6842137,1,1,0
1,1,1,1,1,1,0.6724035,1,1,0
1,1,1,1,1,1,0.6606274,1,1,0
1,1,1,1,1,1,0.6488852,1,1,0
1,1,1,1,1,1,0.6371798,1,1,0
1,1,1,1,1,1,0.625517,1,1,0
1,1,1,1,1,1,0.6138993,1,1,0
1,1,1,1,1,1,0.6023287,1,1,0
1,1,1,1,1,1,0.5908071,1,1,0
1,1,1,1,1,1,0.5793362,1,1,0
1,1,1,1,1,1,0.5679173,1,1,0
1,1,1,1,1,1,0.5565516,1,1,0
1,1,1,1,1,1,0.5452433,1,1,0
1,1,1,1,1,1,0.5339929,1,1,0
1,1,1,1,1,1,0.5227979,1,1,0
1,1,1,1,1,1,0.5116618,1,1,0
1,1,1,1,1,1,0.5108873,1,1,0
1,1,1,1,1,1,0.5274359,1,1,0
1,1,1,1,1,1,0.5442878,0.6042591,1,0
1,1,1,1,1,1,0.585476,0.5837849,1,0
1,1,1,1,1,1,0.6319046,0.5641727,1,0
1,1,1,0.9987543,1,1,0.684316,0.5453672,1,0
1,1,1,0.9942721,1,1,1,0.5273252,1,0
1,1,1,0.9887769,1,1,1,0.5108079,1,0
1,1,1,0.9834466,1,1,1,0.4946296,1,0
1,1,1,0.9782751,1,1,1,0.478795,1,0
1,1,1,0.9732555,1,1,1,0.463306,1,0
1,1,1,0.9683765,1,1,1,0.4481594,1,0
1,1,1,0.9636298,1,1,1,0.4333534,1,0
1,1,1,1,1,1,1,0.4188816,1,0
1,1,1,1,1,1,0.9984428,0.4045416,1,0
1,1,1,1,1,1,0.9876825,0.3905266,1,0
1,1,1,1,0.957689,1,0.9771533,0.376826,1,0
1,1,1,1,0.9168537,1,0.9668924,0.3788731,1,0
1,1,1,1,0.8804825,1,0.9568908,0.3947081,0.516617,0
1,1,1,1,0.8572534,1,0.9467365,0.4193417,0.4876283,0
1,1,1,1,0.8551024,1,0.937095,0.4467123,0.4604967,0
1,1,1,1,0.8533872,1,0.9279593,0.4772147,0.4350614,0
1,1,1,1,0.8521182,1,0.9193202,0.5113209,0.4111759,0
1,1,1,1,0.8513071,1,1,0.5496094,0.3887103,0
1,1,1,1,1,1,1,0.9660466,0.3675532,0
1,1,1,1,1,0.8596705,1,0.9497765,0.3480566,0
1,1,1,1,1,0.805023,1,0.934705,0.330072,0
1,1,1,1,1,0.7760273,1,0.9203884,0.3357795,0
1,1,1,1,1,0.7722333,1,0.90687,0.3500172,0
1,1,0.9904948,1,1,0.7684074,1,0.8940331,0.3647322,0
1,1,0.9754451,1,1,0.7643931,1,0.8818963,0.3797312,0
1,1,0.9614712,1,1,0.7600724,1,0.870425,0.3948418,0
1,1,0.9484421,1,1,0.7554137,1,0.8595265,0.4099897,0
1,1,0.9362491,1,1,0.7503995,1,0.8491265,0.4250981,0
1,1,0.9247961,1,1,0.7450124,1,0.8391551,0.4400962,0
1,1,0.9140029,1,1,1,1,0.8295544,0.4549127,0
1,1,0.9014455,1,1,1,1,0.8194458,0.4727677,0
1,1,0.8895756,1,1,1,1,0.8097558,0.4906482,0
1,1,0.8850368,1,1,1,1,0.8004303,1,1
1,1,0.8724591,1,1,1,1,0.7930008,1,1
1,1,0.8667852,1,1,1,1,0.7856057,1,1
1,1,0.8611824,1,1,1,1,0.7782063,1,1
1,1,0.8556497,1,1,1,1,0.7708017,1,1
1,1,0.8501846,1,1,1,1,0.763391,1,1
1,1,0.8447858,1,1,1,1,0.7559701,1,1
1,1,0.839451,1,1,1,1,0.7485412,1,1
1,1,0.8341791,1,1,1,1,0.7411001,1,1
1,1,0.8289695,1,1,1,1,0.7336456,0.9000179,1
1,1,0.8227202,1,1,1,1,0.7257909,0.8911025,1
1,1,0.8164375,1,1,1,1,0.7179092,0.8820974,1
1,1,0.8101212,1,1,1,1,0.7100004,0.8730022,1
1,1,0.803769,1,1,1,0.6366019,0.7020676,0.8638213,2
1,1,0.7987896,1,1,1,0.6210424,0.6946028,0.8567053,2
1,1,0.7938064,1,1,1,0.6047768,0.6912881,0.84947,2
1,1,0.7888321,1,1,1,0.5878677,0.7048316,0.8421329,2
1,1,0.783934,1,1,1,0.5707303,0.7174357,0.8348005,2
1,1,0.7791068,1,1,1,0.5532791,0.7291855,0.8274557,2
1,1,0.7743436,1,1,1,0.5354211,0.7401668,0.8200858,2
1,1,0.7696377,1,1,1,0.517064,0.7504592,0.8126793,2
1,1,0.7649853,1,1,1,0.4981228,0.7601308,0.8052254,2
1,1,0.7603806,1,1,1,0.4785035,0.7692496,0.7977138,2
1,1,0.7558185,1,1,1,0.4581092,0.7778776,0.790139,2
1,1,0.7512943,1,1,1,0.4462737,0.7860716,0.7824883,2
1,1,0.7467738,1,1,1,0.4375634,0.7940714,0.7747093,2
1,1,0.7422441,1,1,1,0.428858,0.8019739,0.7667856,2
1,1,0.7377011,0.9870666,1,1,0.4201562,0.809808,0.7587134,2
1,1,1,0.9711499,1,1,0.4114301,0.8165439,0.7507336,0
1,1,1,0.9638635,1,1,0.4033163,0.8494395,0.7367321,1
1,1,1,0.9561504,1,1,0.3951926,0.8821508,0.7231628,1
1,1,1,0.9480082,1,1,0.3870581,0.9144831,0.7100017,1
1,1,1,0.9394344,1,1,0.3789092,0.9342005,0.6972215,1
1,1,1,0.9305543,1,1,0.3707515,0.9249275,0.6847169,1
1,1,1,0.9216636,1,1,0.362608,0.9156941,0.6722992,1
1,1,1,0.9127475,1,1,0.3544745,0.9064996,0.6599697,1
1,1,1,0.9037951,1,1,0.3463503,0.8973464,0.6477336,1
1,1,1,0.8948004,0.9980995,1,0.3382374,0.8882396,0.6355994,1
1,1,1,0.8857075,0.9842132,1,0.3301294,0.8791884,0.6235903,1
1,1,1,0.8762458,0.9709303,1,0.3220077,0.8702587,0.6118542,1
1,0.7609956,1,0.8664206,0.9582202,1,0.3138702,0.8614408,0.6003701,2
1,0.5852367,1,0.8474873,0.9595031,1,0.3050881,0.8548616,0.5939018,2
0.940958,0.5486385,1,0.8228993,0.9712698,1,0.2958985,0.849916,0.5909017,2
0.9291102,0.5442382,1,0.7965663,1,1,0.2865808,0.845876,0.5895885,2
0.9180018,0.5401483,1,0.7999601,1,1,0.2773275,0.8418998,0.5881262,2
0.9076494,0.5363339,1,0.8084785,1,1,0.2681354,0.837906,0.5863664,2
0.8980361,0.5327541,1,0.8171261,1,1,0.2589953,0.8338173,0.5841771,2
0.8891045,0.5293803,1,0.8258222,1,1,0.2498931,0.8295949,0.5815045,2
0.8807977,0.5261834,0.8989372,0.8344818,1,1,0.2408163,0.8252019,0.5782978,2
0.9024323,0.5235656,0.8629735,0.846824,1,1,0.2317053,0.8217487,0.5766279,2
1,0.5211168,0.8299931,0.8590102,1,1,0.2226146,0.8180335,0.5742372,2
1,0.5183366,0.802763,0.8669305,1,1,0.213546,0.8128257,0.5689262,2
1,0.5156997,0.7766896,0.8751149,1,1,0.204463,0.807523,0.56327,2
1,0.5131884,0.7517413,1,1,1,0.1953585,0.8020846,0.5571969,2
1,0.5103433,0.730162,1,1,1,0.1862282,0.7954029,0.5487733,2
0.4907092,1,0.7091885,1,1,1,0.1770744,0.7886071,0.5400088,2
0.4861651,1,0.6877694,1,1,1,0.1678972,0.1889886,0.5317997,1
0.482385,1,0.6753308,1,1,1,0.1586493,0.1784363,0.5155421,1
0.4785942,1,0.6629177,1,1,1,0.1494119,0.1679066,0.4993219,1
0.4747904,1,0.6505134,1,1,1,0.140182,0.1573981,0.4890076,1
0.4709598,1,0.6379688,1,1,1,0.1388206,0.1469272,0.494597,1
0.4670745,1,0.6252829,1,1,1,0.6486151,0.1365252,0.4999485,1
0.4631045,1,0.6202288,1,1,1,0.6394136,0.126221,0.5047663,1
0.4591236,1,0.6153149,1,1,1,0.6302143,0.1159242,0.5094774,1
0.4551371,1,0.6105288,1,1,1,0.6210169,0.1056296,0.1530277,0
0.4518161,1,0.5992857,1,1,1,0.611638,0.0948111,0.1362145,0
0.4483996,1,0.5885015,1,1,1,0.6023849,0.08419192,0.1200253,0
0.444885,1,0.5781416,1,1,1,0.5932402,0.07673507,0.1043896,0
0.4412665,1,0.5681984,1,1,1,0.5841876,0.08840576,0.08924949,0
0.4375195,1,0.558791,1,1,1,0.5752125,0.100519,0.07457711,0
0.4336471,1,0.5498557,1,1,1,0.5662943,0.1130177,0.06076433,0
0.4296532,1,0.5413441,1,1,1,1,0.1258381,0.06705457,0
0.4255334,1,0.5332715,1,1,1,1,0.5966502,0.07342316,1
0.4206736,1,0.5289568,1,1,1,1,0.5877584,0.07919077,1
0.4158384,1,0.5247533,1,1,1,1,0.5788846,0.08486882,1
0.4110336,1,0.5206571,1,1,1,1,0.5700194,0.09045286,1
0.4062636,1,0.5166617,1,1,1,1,0.56116,0.09594093,1
0.4015324,1,0.5127618,1,1,1,1,0.5522971,0.1013315,1
0.3968435,1,0.508952,1,1,1,1,0.543425,0.1066236,2
0.4180098,1,0.5052257,1,1,1,1,0.5345384,0.6161044,2
0.5262738,1,0.508243,1,1,1,1,0.5293427,0.6114976,2
1,1,0.5091992,1,1,1,1,0.5227207,0.6097502,0
1,1,0.5009538,1,1,1,1,0.5108261,0.6180332,0
1,1,0.4929987,1,1,1,1,0.4991959,0.6262034,0
1,1,0.4853067,1,1,1,1,0.4878021,0.6342492,0
1,1,0.4778557,1,1,1,1,0.4766226,0.6421599,0
1,1,0.4706222,1,1,1,1,0.465634,0.6499294,1
1,1,0.4635872,1,1,1,1,0.4548149,0.6407207,1
1,1,0.4565233,1,1,1,1,0.4440388,0.6237752,0
1,1,0.4493415,1,1,1,1,0.4332638,0.6067911,0
1,1,0.4420562,1,1,1,1,0.4225043,0.5898126,0
1,1,0.4346828,1,1,1,1,0.4117709,0.5728767,0
1,0.5815052,0.4272341,1,1,1,1,0.401073,0.5560175,2
1,0.5182112,0.4257149,1,1,1,1,0.3932868,0.5497597,2
1,0.4575275,0.4249718,1,1,1,1,0.3857044,0.5443825,2
1,0.4004429,0.4249899,1,1,1,1,0.3782893,0.5397771,2
1,0.3475135,0.4257436,1,1,1,1,0.3709973,0.535812,2
1,0.3291582,0.4271961,1,1,1,1,0.3637814,0.532344,2
1,0.3271099,0.4287931,1,1,1,1,0.3563579,0.5283543,2
1,0.3251317,0.4302279,1,1,1,1,0.3485873,0.5233185,2
1,0.3231981,1,1,1,1,1,0.3404654,0.5171897,1
1,0.3190996,1,1,1,1,1,0.3287758,0.4976925,0
1,0.3149078,1,1,1,1,1,0.3170634,0.4780723,0
1,0.3106254,1,1,1,1,1,0.3053441,0.4583979,0
1,0.3062566,1,1,1,1,1,0.2936434,0.43875,0
1,0.3018074,1,1,1,1,1,0.2819787,0.419194,0
1,0.2972801,1,1,1,1,1,0.2718384,0.3997933,0
1,0.2926845,1,1,1,1,1,0.2832183,0.3806147,0
1,0.2880688,1,1,1,1,1,0.2949775,0.3619058,0
1,0.2834346,1,1,1,1,1,0.3071086,0.3436461,0
1,0.2787832,1,1,1,1,1,0.3196024,0.3258184,0
0.2654147,0.2741154,1,1,1,1,1,0.3324488,0.3084038,2
0.2608619,0.2719453,1,1,1,1,1,0.3272694,0.3015232,2
0.2566434,0.2700725,1,1,1,1,1,0.3222209,0.2942572,2
0.2527531,0.2685016,1,1,1,1,1,0.3172848,0.2865632,2
0.2491843,0.2672364,1,1,1,1,1,0.3124481,0.2783926,2
0.2459341,0.2661372,1,1,1,1,1,0.3083,0.2691851,2
0.2429689,0.2651731,1,1,1,1,1,0.3047652,0.2588662,2
0.2402573,0.264317,1,1,1,1,1,0.3017719,0.24737,2
0.2377689,0.2635408,1,1,1,1,1,0.2992655,0.2346546,2
0.2354768,1,1,1,1,1,1,0.2971998,0.2206804,0
0.2329301,1,1,1,1,1,1,0.3073079,0.2053149,0
0.2302975,1,1,1,1,1,1,0.3179531,0.209972,0
0.2275821,1,1,1,1,1,1,0.3287776,0.2147465,0
0.2247839,1,1,1,1,1,1,0.3397315,0.2196179,0
0.2219049,1,1,1,1,1,1,0.3507629,0.2245661,0
0.2189452,1,1,1,1,1,1,0.3618248,0.2295746,0
0.2159092,1,1,1,1,1,1,0.3728641,0.2346235,0
0.2127994,1,1,1,1,1,1,0.3838334,0.2396969,0
0.2096211,1,1,1,1,1,1,0.3946836,0.2447778,0
0.2063771,1,1,1,1,1,1,0.4053731,0.2498531,0
0.2030743,1,1,1,1,1,1,0.4158562,0.2549065,0
0.1997172,1,1,1,1,1,1,0.4260956,0.2599263,1
0.1963108,1,1,1,1,1,1,0.4360574,0.2649011,1
0.2448805,1,1,1,1,1,1,0.4457074,0.2698185,0
0.3266164,1,1,1,1,1,1,0.4568221,0.2751231,0
0.3900515,1,1,1,1,1,1,0.4706953,0.2811392,0
1,1,1,1,1,1,1,0.4868845,0.2877572,0
1,1,1,1,1,1,1,0.8272117,0.2973281,0
1,1,1,1,1,1,1,0.8084825,0.307597,0
1,1,1,1,1,1,1,0.7905787,0.3186074,0
1,1,1,1,1,1,1,0.7734596,0.3304113,0
1,1,1,1,1,1,1,0.7662728,0.3430626,0
1,1,1,1,1,1,1,0.8211972,0.3566229,0
1,1,1,1,1,1,1,0.8833504,0.3711585,0
1,1,1,1,1,1,1,0.9521397,0.3864551,0
1,1,1,1,1,1,1,1,0.4020018,0
1,1,1,1,1,1,1,1,0.4178625,0
1,1,1,1,1,1,1,1,0.4342888,0
1,1,1,1,1,1,1,1,0.8357199,0
1,1,1,1,1,1,1,1,0.8220736,0
1,1,1,1,1,1,1,1,0.8083518,0
1,1,1,1,1,1,1,1,0.7945766,0
1,1,1,1,1,1,1,1,0.7807704,0
1,1,1,1,1,1,1,1,0.7669511,0
1,1,1,1,1,1,1,1,0.7531413,0
1,1,1,1,1,1,1,1,0.7393584,0
1,1,1,1,1,1,1,1,0.7256278,0
1,1,1,1,1,1,1,1,0.7119664,0
1,1,1,1,1,1,1,1,0.6983899,0
1,1,1,1,1,1,1,1,0.6849214,0
1,1,0.9909363,1,1,1,1,1,0.6871445,0
1,1,0.9804343,1,1,1,1,1,0.7053244,0
1,1,0.9704138,1,1,1,1,1,0.7230545,0
1,1,0.9608278,1,1,1,1,1,0.7402751,0
1,1,0.9516342,1,1,1,1,1,0.7569383,1
1,1,0.9427997,1,1,1,1,1,0.7729956,1
1,1,0.934295,1,1,1,1,1,0.7884088,1
1,1,0.9260928,1,1,1,1,1,0.803148,1
1,1,0.9181705,1,1,1,1,1,0.8171901,1
1,1,0.9105101,1,1,1,1,1,0.8305155,1
1,1,0.9030932,1,1,1,1,1,0.8431157,1
1,1,0.8959075,1,1,1,1,1,0.8549832,1
1,1,0.8889395,1,1,1,1,1,0.8661206,1
1,1,0.8821789,1,0.9971431,1,1,1,0.8765333,1
1,1,0.8756463,1,0.9856248,0.9980907,1,1,0.8861284,1
1,1,0.8694443,1,0.9734208,0.9895926,1,1,0.8945441,1
1,1,0.8636236,1,0.9604679,0.9826139,1,1,0.9016043,2
1,1,0.858169,1,0.946857,0.9770611,1,1,0.9073871,2
1,1,0.8530642,1,0.9326853,0.9728487,1,1,0.9119866,2
1,1,0.8482987,1,0.9180468,0.9699111,1,1,0.9154984,2
1,1,0.8438597,1,0.9030272,1,1,1,0.9180282,2
1,0.8413152,0.8394634,1,0.8881973,1,1,1,0.9205335,2
1,0.8353136,0.8381759,1,0.8684177,1,1,1,0.9138378,2
1,0.829594,0.8373792,1,0.8487748,1,1,1,0.9067537,2
1,0.8241738,0.8370732,1,0.8293445,1,1,1,0.8994133,2
1,0.8190648,0.8372518,1,0.8101897,1,1,1,0.8919396,2
1,0.8142763,0.837908,1,0.7913619,1,1,1,0.884436,2
1,0.8098136,0.8390313,0.9746157,0.7775797,1,1,1,0.8769929,2
1,0.8057432,0.8409422,0.948023,0.7868294,1,1,1,0.8690632,2
1,0.8020294,0.8433686,0.9222329,0.7972242,1,1,1,0.861294,2
1,0.7986657,0.8462755,0.8180688,0.8087341,1,1,1,0.8537794,2
1,0.7959563,0.8509358,0.793643,0.8244427,1,1,1,0.844685,2
1,0.8927361,0.8559695,0.770384,0.8878788,1,1,1,0.8363193,2
1,0.7922953,1,0.7512514,0.8986853,0.9896786,1,1,0.8326853,2
1,0.7058328,1,0.7329413,0.9092126,0.9764646,1,1,0.8296525,2
1,0.6988739,1,0.7130188,0.9272915,1,1,1,0.823901,2
1,0.6969402,1,0.6938312,0.9463995,1,1,1,0.8185785,2
1,0.6952482,1,0.6752863,0.997383,1,1,1,0.8136009,2
0.7631214,0.6936693,1,0.6809934,0.980842,1,1,1,0.8093368,2
0.7566876,0.6938035,1,0.6954778,0.9618376,1,1,1,0.8008423,2
0.7508186,0.6944496,0.8554436,0.7116029,0.9435035,1,1,1,0.792726,2
0.7455045,0.6956183,0.823454,0.7295533,0.9258054,1,1,1,0.7849635,2
0.7407366,0.6973215,0.7096196,0.7957684,0.9087114,1,1,1,0.7775318,2
0.7365063,0.6995717,0.6823742,0.8198308,0.892195,1,1,1,0.7704121,2
0.7328091,0.702386,0.656393,0.8466479,0.8819493,1,1,1,0.7635835,2
0.7296405,0.7057819,0.6315848,0.9204947,0.9363291,1,1,1,0.7570282,2
0.7269954,0.7097771,0.6078596,0.9007503,1,1,1,1,0.7507317,2
1,0.714393,0.5851469,0.881722,1,1,1,1,0.7446785,2
0.6379664,0.717037,0.5779489,0.8658317,1,1,1,1,0.7415617,2
0.6366242,1,0.5907835,0.8479471,1,1,1,1,0.7358777,2
0.6355771,1,0.602307,0.8316458,1,1,1,1,0.7315144,2
0.6348623,1,0.614362,0.8159748,1,1,1,1,0.7274759,2
0.6344537,1,0.6269118,0.8008794,1,1,1,1,0.7237383,2
0.6343226,1,0.6821474,0.7970279,1,1,1,1,0.7202807,2
0.634333,1,0.6953416,0.8300222,1,1,1,1,0.7174055,2
0.6344856,1,0.7081679,0.8633783,1,1,1,1,0.7148898,2
0.6347488,1,0.7205775,0.8969261,1,1,1,1,0.7126817,2
0.635098,0.7258197,0.7325352,0.9305018,1,1,1,1,0.7107355,2
0.6367719,0.5892428,0.7974541,1,1,1,1,1,0.7066277,2
0.6391371,0.5566067,0.7773153,1,1,1,1,1,0.7022623,2
0.6420211,0.5259337,0.7579416,1,1,1,1,1,0.6980426,2
0.6454341,0.4970446,0.739291,1,1,1,1,1,0.6939621,2
0.6493877,0.4697857,0.7213275,1,1,1,1,1,0.690015,2
0.6538965,0.4605916,0.7040148,1,1,1,1,1,0.6861938,2
1,0.4704792,0.6873192,1,1,1,1,1,0.682495,2
1,0.4749832,0.6745261,1,1,1,1,1,0.680725,2
1,0.4795735,0.6794301,1,1,1,1,1,0.6789571,2
1,0.4841118,0.6949118,1,1,1,1,1,0.6772249,2
1,0.4885126,0.7099545,1,1,1,1,1,0.6755418,2
1,0.4927708,0.7245104,0.9981723,0.9996513,1,1,1,0.6738999,2
1,0.4968867,0.7385508,0.9877942,0.990173,1,1,1,0.6722912,2
1,0.5337157,0.7520086,0.9774939,0.9806622,1,1,1,0.6707128,1
1,0.5371138,0.7626511,0.9673176,0.9710099,1,1,1,0.6692699,1
1,0.540351,0.7726603,0.9571835,0.96132,1,1,1,0.6678475,1
0.5151232,0.5434266,0.7820207,0.9470859,0.9515927,1,1,1,0.6664451,2
0.4636697,0.5578448,0.8391563,0.9361836,0.944097,1,1,1,0.6631647,2
0.41738,0.5735101,0.905706,0.9257401,0.9370049,1,1,1,0.6599832,2
0.392745,0.590285,0.9826875,0.9157435,0.9302565,1,1,1,0.6569198,2
0.3985967,0.6417691,1,0.9061465,0.9236646,1,1,1,0.654007,2
0.4043644,0.6209403,1,0.896824,1,1,1,1,0.6512608,2
0.4106144,0.6007157,1,0.8877999,1,1,1,1,0.6485282,2
0.417206,0.5813782,1,0.8790371,1,1,1,1,0.6458296,2
0.4241223,0.5628786,1,0.8705088,1,1,1,1,0.6431555,2
0.4313431,0.5451699,1,0.8621904,1,1,1,1,0.640496,2
0.4657083,0.528205,1,0.854056,1,1,1,1,0.6378385,2
0.4734271,0.5122352,0.8452431,0.8459617,1,1,1,1,0.6351513,2
0.4816275,0.5269964,0.8342454,0.8380792,1,1,1,1,0.6324598,2
0.4897927,0.544793,0.8236016,0.8301983,1,1,1,1,0.6297071,2
0.4978562,0.5623984,0.813257,0.8222719,1,1,1,1,0.6268733,2
0.5057806,0.5796959,0.8031556,0.8142663,1,1,1,1,0.6239432,2
0.5135288,0.5965676,0.7932552,1,1,1,1,1,0.6209096,2
0.5216888,0.614695,0.7834474,1,1,1,1,1,0.6178612,2
0.6098417,0.6324299,0.7737969,1,1,1,1,1,0.614701,2
0.5907745,0.6462978,0.7643523,1,1,1,1,1,0.6112416,2
0.5719166,0.6606516,0.7549446,1,1,1,1,1,0.6077532,2
0.5532926,0.6754796,0.7455777,1,1,1,1,1,0.6042355,2
0.5349136,0.6907746,0.7362494,1,1,1,1,1,0.6006854,2
0.5167919,0.7065239,0.7269601,1,1,1,1,1,0.5971007,2
0.4989421,0.7227122,0.7177125,1,1,1,1,1,0.5934793,2
0.4813656,0.739322,0.7085033,1,1,1,1,1,0.589819,2
0.4640708,0.7563303,0.6993347,1,1,1,1,1,0.5861186,2
0.4470591,0.7737147,0.6902059,1,1,1,1,1,0.5823758,2
0.4382877,0.7914481,0.6811124,1,1,1,1,1,0.5785896,2
0.4454599,0.8090544,0.6720527,1,1,1,1,1,0.5747328,1
0.452411,1,0.6630182,1,1,1,1,1,0.5707605,1
0.4579047,1,0.6539749,1,1,1,1,1,0.5663939,1
0.4632525,1,0.6449276,1,1,1,1,1,0.5619967,1
0.4684492,1,0.6358768,1,1,1,1,1,0.5575761,1
0.4734922,1,0.62682,1,1,1,1,1,0.5531379,1
0.478382,1,0.6177582,1,1,1,1,1,0.5486863,1
0.4831174,1,0.608689,1,1,1,1,1,0.5442272,1
0.487698,1,0.5996134,1,1,1,1,1,0.5397667,1
0.4921239,1,0.5905322,1,1,1,1,1,0.5353104,1
0.4963977,1,0.5814435,1,1,1,1,1,0.530863,1
0.5005223,1,0.572348,1,1,1,1,1,0.5264286,1
0.5044992,1,0.5632465,1,1,1,1,1,0.5220131,1
0.5083302,1,0.5541369,1,1,1,1,1,0.517622,1
0.5120213,1,0.5450226,1,1,1,1,1,0.5132579,1
0.5155746,1,0.5359014,1,1,1,1,1,0.5089263,1
0.5189947,1,0.5267705,1,1,1,1,1,0.5046309,1
0.5222863,1,0.5176333,1,1,1,1,1,0.5003753,0
0.5254535,0.5712165,0.5084902,1,1,1,1,1,0.5822576,2
0.5335094,0.5587903,0.4991681,1,1,1,1,1,0.6167851,2
0.5422511,0.546234,0.4898988,1,1,1,1,1,0.6432558,2
0.5515527,0.5336928,0.4807002,1,1,1,1,1,0.6641064,2
0.5613168,0.5212613,0.4715824,1,1,1,1,1,0.6811589,2
0.5714728,0.5089945,1,1,1,1,1,1,0.6957037,2
0.5820341,0.4968977,1,1,1,1,1,1,0.7081136,2
0.593006,0.4849759,1,1,1,1,1,1,0.7187877,2
0.6043547,0.4732497,1,1,1,1,1,1,0.7282728,2
0.616052,0.4617237,1,1,1,1,1,1,0.7369762,2
0.6280764,0.4504031,1,1,1,1,1,1,0.7451507,2
0.6404098,0.4392858,1,1,1,1,1,1,0.7529869,2
0.6530371,0.4283673,1,1,1,1,1,1,0.7606161,2
0.6659431,0.4176416,1,1,1,1,1,1,0.7681318,2
1,0.4071013,1,1,1,1,1,1,0.7755987,1
1,0.3980195,1,1,1,1,1,1,0.8104448,1
1,0.3887198,1,1,1,1,1,1,0.8406493,1
1,0.3792587,1,1,1,1,1,1,0.8664007,1
0.4881132,0.3696838,1,1,1,1,1,1,0.8880979,2
0.4674658,0.3582966,1,1,1,1,1,1,0.8604954,2
0.4483082,0.3474054,1,1,1,1,1,1,0.8391433,2
0.4303859,0.3369378,1,1,1,1,1,1,0.8222464,2
0.4135161,0.3268413,1,1,1,1,1,1,0.8086635,2
0.397558,0.3676913,1,1,1,1,1,1,0.7976366,2
0.3825582,0.4152612,1,1,1,1,1,1,0.7897083,2
0.3683793,0.4675023,1,1,1,1,1,1,0.7842289,2
0.3549013,0.5248137,1,1,1,1,1,1,0.7806972,2
0.3420353,1,1,1,1,1,1,1,0.7787298,2
0.3304884,1,1,1,1,1,1,1,0.7840445,2
0.3190785,1,1,1,1,1,1,1,0.7885075,2
0.3078268,1,1,1,1,1,1,1,0.79224,2
0.2967466,1,1,1,1,1,1,1,0.7953587,2
0.2858515,1,1,1,1,1,1,1,0.7979582,2
0.2808742,1,1,1,1,1,1,1,0.8001201,2
0.2971459,1,1,1,1,1,1,1,0.8021306,2
0.3137841,1,1,1,1,1,1,1,0.8047664,2
0.3307739,1,1,1,1,1,1,1,0.8079513,2
0.3481024,1,1,1,1,1,1,1,0.8116209,2
0.3657561,1,1,1,1,1,1,1,0.8157179,2
0.3837178,1,1,1,1,1,1,1,0.8201993,2
0.4019755,1,1,1,1,1,1,1,0.8250276,2
0.4205143,1,1,1,1,1,1,1,0.8301673,2
0.4393213,1,1,1,1,1,1,1,0.8355986,2
0.4583808,1,1,1,1,1,1,1,1,2
0.4827477,1,1,1,1,1,1,1,1,2
1,1,1,1,1,1,1,1,1,1
1,1,1,1,1,1,1,1,1,1
1,1,1,1,1,1,1,1,1,1
1,1,1,1,1,1,1,1,1,1
1,1,1,1,1,1,1,1,1,1
1,1,1,1,1,1,1,1,1,1
1,1,1,1,1,1,1,1,1,1
1,1,1,1,1,1,1,1,1,1
1,1,1,1,1,1,1,1,1,1
1,1,1,1,1,1,1,1,1,1
1,1,1,1,1,1,1,1,1,1
1,1,1,1,1,1,1,1,1,1
1,1,1,1,1,1,1,1,1,1
1,1,1,1,1,1,1,1,1,1
1,1,1,1,1,1,1,1,1,1
1,1,1,1,1,1,1,1,1,1
1,1,1,1,1,1,1,1,1,1
1,1,1,1,1,1,1,1,1,1
1,1,1,1,1,1,1,1,1,1
1,1,1,1,1,1,1,1,1,1
1,1,1,1,1,1,1,1,1,1
1,1,1,1,1,1,1,1,1,1
1,1,1,1,1,1,1,1,1,1
1,1,1,1,1,1,1,1,1,1
1,1,1,1,1,1,1,1,1,1
1,1,1,1,1,1,1,1,1,1
1,1,1,1,1,1,1,1,1,1
1,1,1,1,1,1,1,1,1,1
1,1,1,1,1,1,1,1,1,1
1,1,1,1,1,1,1,1,1,1
1,1,1,1,1,1,1,1,1,1
1,1,1,1,1,1,1,1,1,1
1,1,1,1,1,1,1,1,1,1
1,1,1,1,1,1,1,1,1,1
1,1,1,1,1,1,1,1,1,1
1,1,1,1,1,1,1,1,1,1
1,1,1,1,1,1,1,1,1,1
1,1,1,1,1,1,1,1,1,1
1,1,1,1,1,1,1,1,1,1
1,1,1,1,1,1,1,1,1,1
1,1,1,1,1,1,1,1,1,1
1,1,1,1,1,1,1,1,1,1
1,1,1,1,1,1,1,1,1,1
1,1,1,1,1,1,1,1,1,1
1,1,1,1,1,1,1,1,1,1
1,1,1,1,1,1,1,1,1,1
1,1,1,1,1,1,1,1,1,1
1,1,1,1,1,1,1,1,1,1
1,1,1,1,1,1,1,1,1,1
1,1,1,1,1,1,1,1,1,1
1,1,1,1,1,1,1,1,1,1
1,1,1,1,1,1,1,1,1,1
1,1,1,1,1,1,1,1,1,1
1,1,1,1,1,1,1,1,1,1
1,1,1,1,1,1,1,1,1,1
1,1,1,1,1,1,1,1,1,1
1,1,1,1,1,1,1,1,1,1
1,1,1,1,1,1,1,1,1,1
1,1,1,1,1,1,1,1,1,1
1,1,1,1,1,1,1,1,1,1
1,1,1,1,1,1,1,1,1,1
1,1,1,1,1,1,1,1,1,1
1,1,1,1,1,1,1,1,1,1
1,1,1,1,1,1,1,1,1,1
1,1,1,1,1,1,1,1,1,1
1,1,1,1,1,1,1,1,1,1
1,1,1,1,1,1,1,1,1,1
1,1,1,1,1,1,1,1,1,1
1,1,1,1,1,1,1,1,1,1
1,1,1,1,1,1,1,1,1,1
1,1,1,1,1,1,1,1,1,1
1,1,1,1,1,1,1,1,1,1
1,1,1,1,1,1,1,1,1,1
1,1,1,1,1,1,1,1,1,1
1,1,1,1,1,1,1,1,1,1
1,1,1,1,1,1,1,1,1,1
1,1,1,1,1,1,1,1,1,1
1,1,1,1,1,1,1,1,1,1
1,1,1,1,1,1,1,1,1,1
1,1,1,1,1,1,1,1,1,1
1,1,1,1,1,1,1,1,1,1
1,1,1,1,1,1,1,1,1,1
1,1,1,1,1,1,1,1,1,1
1,1,1,1,1,1,1,1,1,1
1,1,1,1,1,1,1,1,1,1
1,1,1,1,1,1,1,1,1,1
1,1,1,1,1,1,1,1,1,1
1,1,1,1,1,1,1,1,1,1
1,1,1,1,1,1,1,1,1,1
1,1,1,1,1,1,1,1,1,1
1,1,1,1,1,1,1,1,1,1
1,1,1,1,1,1,1,1,1,1
1,1,1,1,1,1,1,1,1,1
1,1,1,1,1,1,1,1,1,1
1,1,1,1,1,1,1,1,1,1
1,1,1,1,1,1,1,1,1,1
1,1,1,1,1,1,1,1,1,1
1,1,1,1,1,1,1,1,1,1
1,1,1,1,1,1,1,1,1,1
1,1,1,1,1,1,1,1,1,1
1,1,1,1,1,1,1,1,1,1
1,1,1,1,1,1,1,1,1,1
1,1,1,1,1,1,1,1,1,1
1,1,1,1,1,1,1,1,1,1
1,1,1,1,1,1,1,1,1,1
1,1,1,1,1,1,1,1,1,1
1,1,1,1,1,1,1,1,1,1
1,1,1,1,1,1,1,1,1,1
1,1,1,1,1,1,1,1,1,1
1,1,1,1,1,1,1,1,1,1
1,1,1,1,1,1,1,1,1,1
1,1,1,1,1,1,1,1,1,1
1,1,1,1,1,1,1,1,1,1
1,1,1,1,1,1,1,1,1,1
1,1,1,1,1,1,1,1,1,1
1,1,1,1,1,1,1,1,1,1
1,1,1,1,1,1,1,1,1,1
1,1,1,1,1,1,1,1,1,1
1,1,1,1,1,1,1,1,1,1
1,1,1,1,1,1,1,1,1,1
1,1,1,1,1,1,1,1,1,1
1,1,1,1,1,1,1,1,1,1
1,1,1,1,1,1,1,1,1,1
1,1,1,1,1,1,1,1,1,1
1,1,1,1,1,1,1,0.9937387,1,1
1,1,1,1,1,1,1,0.9779463,1,1
1,1,1,1,1,1,1,0.9615817,1,1
1,1,1,1,1,1,1,0.9446567,1,1
1,1,1,1,1,1,1,0.9271894,1,1
1,1,1,1,1,1,1,0.9092026,1,1
1,1,1,1,1,1,1,0.8907247,1,1
1,1,1,1,0.9971584,1,1,0.8717903,1,1
1,1,1,1,0.9872189,0.9995071,1,0.8524443,1,0
1,1,1,0.9961337,0.9773067,0.9886607,1,0.8327281,1,0
1,1,1,0.9869912,0.9674295,0.9777597,1,0.8126613,1,0
1,1,1,0.9779779,0.9575977,0.9668264,1,0.7923501,1,0
1,1,1,0.9690968,0.9478186,0.9558746,1,0.7718578,1,0
1,1,1,0.9603499,0.9381,0.9449185,1,0.7512494,1,0
1,1,1,0.9517387,0.9284492,0.9339725,1,0.7559792,1,0
1,1,1,0.9430877,0.9188291,0.9231327,1,0.7619444,1,0
1,1,1,0.9343824,0.9092331,0.9123982,1,0.7678697,1,0
1,1,1,0.9256117,0.8996503,0.9017574,1,0.7737351,1,0
1,1,1,0.9167711,0.8900765,0.891205,1,0.7795163,1,0
1,1,1,0.9078515,0.8805019,0.8807299,1,0.7851924,1,0
1,1,1,0.8988506,0.8709238,0.8703278,1,0.7907415,1,0
1,1,1,0.8897607,0.8613337,0.8599883,1,0.7961431,1,0
1,1,1,0.8805819,0.8517302,0.8497081,1,0.7947388,1,0
1,1,1,0.8713571,0.8421234,0.8394665,1,0.7774829,1,0
1,1,1,0.8622025,0.8325561,0.8292392,1,0.7601976,1,0
1,1,1,0.8531134,0.8230281,0.8190306,1,0.7429138,1,0
1,1,1,0.8440846,0.8135387,0.8088444,1,0.7256613,1,0
1,1,1,0.835111,0.8040872,0.7986842,1,0.7084682,0.9774253,0
1,1,1,0.8264179,0.7947671,0.7885265,1,0.6908116,0.9362884,0
1,1,1,0.8181981,0.7856686,0.7783729,1,0.6723584,0.8928335,0
1,1,1,1,0.7768205,0.7682566,1,0.6776639,0.8476985,0
1,1,1,1,0.7684978,0.7582101,1,0.690867,0.798331,0
1,1,1,1,0.7604471,0.7483339,0.7738525,0.7057298,0.75038,0
1,1,1,1,0.7530398,0.7387003,0.7602425,0.7245126,0.7008501,0
1,1,1,1,0.7459689,0.7293555,0.7469255,0.7453173,0.6542703,0
1,1,1,1,0.7392129,0.7203081,0.7339599,0.7681324,0.6580216,0
1,1,1,1,0.7324041,0.7114516,0.7216109,0.790963,0.6672323,0
1,1,1,1,0.7254557,0.7027154,0.7098114,0.8134006,0.6763179,0
1,1,1,1,0.7183207,0.6940394,0.6984645,0.8352644,0.6852118,0
1,1,1,1,0.7109705,0.6853814,0.6874942,0.8563955,0.6938606,0
1,1,1,1,0.7033809,0.6767036,0.676831,1,0.7022172,0
1,1,1,1,0.6949085,0.6677153,0.6666435,1,0.7071871,0
1,1,1,1,0.6863168,0.6587033,0.6565691,1,0.6831017,0
1,1,1,1,0.6778389,0.6497652,0.6465244,1,0.6590994,0
1,1,1,1,1,0.6409026,0.6365216,1,0.635275,0
1,1,1,1,1,0.6326078,0.6263144,1,0.6077451,0
1,1,1,1,1,0.6244632,0.6162349,1,0.6022807,0
1,1,1,1,1,0.6163802,0.6063267,1,0.6119679,0
1,1,1,1,1,0.6082834,0.5965949,1,0.6216478,0
1,1,1,1,1,0.6001526,0.5870095,1,0.631286,0
1,1,1,1,1,0.5919768,0.5775505,1,0.6408499,0
1,1,1,1,1,0.5837476,0.5681998,1,0.6503123,0
1,1,1,1,1,0.5754524,0.5589365,1,0.6596466,0
1,1,1,1,1,0.5670875,0.5497476,0.6104252,0.6688287,0
1,1,1,1,1,0.5597247,0.5406337,0.5964871,0.6819415,0
1,1,1,1,1,0.5523022,0.5316678,0.5831772,0.6949949,0
1,1,1,1,1,0.5448015,0.5228214,0.5704247,0.7079328,0
1,1,1,1,1,0.5372051,0.5140671,0.5581629,0.720704,0
1,1,1,1,1,0.5295025,0.5053843,0.5463355,0.7332664,0
1,1,1,1,1,1,0.4967588,0.5348955,0.7455804,0
1,1,1,1,1,1,0.4883938,0.5225562,0.7621883,0
1,1,1,1,1,1,0.4801345,0.5107068,1,0
1,1,1,1,1,1,0.4716481,0.5004536,1,0
1,1,1,1,1,1,0.4631909,0.4903031,1,0
1,1,1,1,1,1,0.4547582,0.4802498,1,0
1,1,1,1,1,1,0.4463519,0.4702942,1,0
1,1,1,1,1,1,0.4379675,0.4604305,1,0
1,1,1,1,1,1,0.4296038,0.450656,1,0
1,1,1,1,1,1,0.4212597,0.440968,1,0
1,1,1,1,1,1,0.4129341,0.4313639,1,0
1,1,1,1,1,1,0.404626,0.421841,1,0
1,1,1,1,1,1,0.3963346,0.4123965,1,0
1,1,1,1,1,1,0.388056,0.4030249,0.5206758,0
1,1,1,1,1,1,0.380612,0.3922017,0.5014306,0
1,1,1,1,1,1,0.3733096,0.3817633,0.4832627,0
1,1,1,1,1,1,0.3661316,0.3716854,0.4660944,0
1,1,1,1,1,1,1,0.3619441,0.4498503,0
1,1,1,1,1,1,1,0.3521267,0.4327165,0
1,1,1,1,1,1,1,0.3427004,0.4165677,0
1,1,0.9929679,1,1,1,1,0.3336453,0.4013398,0
1,1,0.9772103,1,1,1,1,0.3249462,0.3870293,0
1,1,0.9623811,1,1,1,1,0.3165862,0.3736341,0
1,1,0.9483708,1,1,1,1,0.3085243,0.3610465,0
1,1,0.9350826,1,1,1,1,0.300724,0.3491725,0
1,1,0.9224274,1,1,1,1,0.293156,0.3379329,0
1,1,0.9103292,1,1,1,1,0.2857916,0.3272552,0
1,1,0.8987199,1,1,1,1,0.2786023,0.3170718,0
1,1,0.8875396,1,1,1,1,0.2715686,0.3073297,0
1,1,0.8767369,1,1,1,1,0.3555405,0.2979792,0
1,1,0.8663098,1,1,1,1,0.6866079,0.2889996,0
1,1,0.85628,1,1,1,1,0.991147,0.28038,0
1,1,0.84653,1,1,1,1,0.9844348,0.2720381,0
1,1,0.836929,0.9900537,1,1,1,0.9778407,0.2638924,0
1,1,0.8275486,0.977527,1,1,1,0.9713491,0.2559674,0
1,1,0.81839,0.9655827,1,1,1,0.9649346,0.2482457,0
1,1,0.8094303,0.9541659,1,1,1,0.9585797,0.2407037,1
1,1,0.8006487,0.9432267,1,1,1,0.952267,0.233317,1
1,1,0.7920278,0.9327216,1,1,1,0.945979,0.2260599,1
1,1,0.7835532,0.9226124,1,1,1,0.9397066,0.2244469,1
1,1,0.7752327,0.9129156,1,1,1,0.9334412,0.2443675,1
1,1,0.7671258,0.9037811,1,1,1,0.9271618,0.2637872,1
1,1,0.7592161,0.8951589,1,1,1,0.9208592,0.2825948,1
1,1,0.7514912,0.8870069,0.9985775,1,1,1,0.3006988,1
1,1,0.7439401,0.8792842,0.9904755,1,1,1,0.3180361,1
1,1,0.7366092,0.8720987,0.9832433,1,1,1,0.3343492,2
1,1,0.7294868,0.8654038,0.9768009,1,1,1,0.3496169,2
1,1,0.7225644,0.8591612,0.9710813,1,1,1,0.363841,2
1,1,0.7158359,0.8533381,0.9660271,1,1,1,0.3770424,2
1,1,0.7092935,0.8479036,0.9615856,1,1,1,0.3892635,2
1,1,0.7029341,0.8428337,0.957715,1,1,1,0.4005496,2
1,1,0.6967521,0.8381045,0.9543746,1,1,1,0.410961,2
1,1,0.6907423,0.8336942,0.9515284,1,1,1,0.4205607,2
1,1,0.684902,0.8295853,0.9491466,1,1,1,0.4294105,2
1,1,0.6792264,0.82576,0.9472,1,1,1,0.4375745,2
1,0.6425363,0.6737099,0.8222003,0.9456603,1,1,1,0.4451185,2
1,0.6340455,0.7203261,0.8253459,1,1,1,0.9983937,0.4430206,2
1,0.6260225,0.7184469,0.828984,1,1,1,0.867714,0.4411555,2
1,0.6184615,0.716743,0.832712,1,1,1,0.8203306,0.4399509,2
1,0.6113127,0.7152435,0.8366237,1,1,1,0.8149137,0.4391776,2
1,0.6045403,0.7139763,0.840804,1,1,1,0.8095732,0.4386766,2
1,0.5981181,0.7129155,0.8452185,1,1,1,0.8042877,0.4384326,2
1,0.5920192,0.7120348,0.8498319,1,1,1,0.7990341,0.4384319,2
1,0.5862197,0.7113104,0.8546125,1,1,1,0.7937868,0.4386571,2
1,0.5806956,0.7107188,0.8595277,1,1,1,0.7885283,0.4390934,2
1,0.5754241,0.7102374,1,1,1,1,0.7832361,0.4397256,2
1,0.5701504,0.708146,1,1,1,1,0.7770714,0.4427398,2
1,0.5650274,0.7061929,1,1,1,1,0.7708866,0.4456278,2
1,0.5600525,0.7043718,1,1,1,1,0.7646762,0.4484032,2
0.5807191,0.5552201,0.7026728,1,1,1,1,0.7584316,0.4510825,2
0.5712978,0.5513529,0.7057179,1,1,1,1,0.7544975,0.4486244,2
0.5624318,0.5478864,0.7093763,1,1,1,1,0.7507268,0.4462106,2
0.5541037,0.5919002,0.7136782,1,1,1,1,0.7471188,0.4438351,2
0.5462967,0.58943,0.7186552,1,1,1,1,0.7436764,0.4414945,2
0.5389951,0.5873877,0.7243429,1,1,1,1,0.7403998,0.4391854,2
0.5321865,0.5857783,0.7307821,1,1,1,1,0.7372895,0.4369027,2
0.525858,0.5846064,0.7380164,1,1,1,1,0.7343463,0.4346436,2
0.5199984,0.5838779,1,1,1,1,1,0.7315747,0.4324052,2
0.515073,0.5820923,1,1,1,1,1,0.7260512,0.4329081,2
0.5103837,0.5804865,1,1,1,1,1,0.7204605,0.4333785,2
0.5059248,0.5790538,1,1,1,1,1,0.7147897,0.4338228,2
0.5016873,0.5777838,1,1,1,1,1,0.7090216,0.4342499,2
0.4976652,0.5766694,1,1,1,1,1,0.7031428,0.434664,2
0.493849,0.5757,1,1,1,1,1,0.6971363,0.4350718,2
0.4902313,0.5748664,1,1,1,1,1,0.6909925,0.4354774,2
0.5331834,0.5741578,1,1,1,1,1,0.6846948,0.4358861,2
0.5299367,0.5730828,1,1,1,1,1,0.6773981,0.4368599,2
0.5268291,0.572088,1,1,1,1,1,0.6699411,0.4378194,2
0.5238537,0.5711643,1,1,1,1,1,0.6623166,0.4387696,2
0.5210047,0.5703045,1,1,1,1,1,0.6545142,0.4397133,2
0.5182751,0.5694997,1,1,1,1,1,0.6465244,0.4406546,2
0.5156579,0.5687412,0.9904529,1,1,1,1,0.6383457,0.4415972,2
0.5131516,0.568095,0.9713122,1,1,1,1,0.6300818,0.4424744,2
0.5107589,0.5676278,0.9522905,1,1,1,1,0.6218343,0.4432278,2
0.5084845,0.5673362,0.9334315,1,1,1,1,0.6135864,0.611052,2
0.5064994,0.5690609,0.9103726,1,1,1,1,0.6081104,0.608766,2
0.5047625,0.5710741,0.8880357,1,1,1,1,0.6025645,0.6065077,2
0.5032663,0.5733556,0.866429,1,1,1,1,0.5969148,0.6042979,2
0.5020044,0.5758871,0.8683121,1,1,1,1,0.5911194,0.6021488,2
0.5009354,1,0.8822237,1,1,1,1,0.5848688,0.6002285,1
0.4991039,1,0.875558,1,1,1,1,0.570505,0.6028866,1
0.4972496,1,0.868934,1,1,1,1,0.5562357,1,2
0.4962231,1,0.8815557,1,1,1,1,0.5489807,1,2
0.4953412,1,0.8940226,1,1,1,1,0.5412921,1,2
0.4945848,1,0.906258,1,1,1,1,0.5331599,1,2
0.4939387,1,0.9181907,1,1,1,1,0.5245771,1,2
0.4933842,1,0.9297401,1,1,1,1,0.5155367,1,2
0.4929077,1,0.9408367,1,1,1,1,0.5060388,1,2
0.492494,1,0.9514076,1,1,1,1,0.4960836,1,2
0.4921298,1,0.961385,1,1,1,1,0.4856788,1,2
0.4918016,0.9967741,0.9707038,1,1,1,1,0.474831,1,2
0.4915093,0.9708506,0.9795001,1,1,1,1,0.4636029,1,2
0.4913239,0.9450677,0.9891065,1,1,1,1,0.4523661,1,2
0.4912474,0.9194961,0.9995047,1,1,1,1,0.4410896,1,2
0.491278,0.894209,1,1,1,1,1,0.4297509,1,2
0.4914404,0.869014,1,1,1,1,1,0.4184138,1,2
0.4917394,0.8439733,1,1,1,1,1,0.4070628,1,2
1,0.8191524,1,1,1,1,1,0.3956718,1,0
1,0.8163403,1,1,1,1,1,0.3852106,1,0
1,0.8135206,1,1,1,1,1,0.3907572,1,0
1,0.8101317,1,1,1,1,1,0.3964604,1,0
1,0.806119,0.9551105,1,1,1,1,0.4022995,1,0
1,0.8003189,0.9369066,1,1,1,1,0.4078417,1,0
1,0.7932646,0.9207392,1,1,1,1,0.4132425,0.5709432,0
1,0.8006546,0.8877429,1,1,1,1,0.4244609,0.5157619,0
1,0.8089668,0.8568578,1,1,1,1,0.4367065,0.4662115,0
1,0.8183039,0.8278618,1,1,1,1,0.4500657,0.421472,0
1,0.8287857,0.8005651,1,1,1,1,0.4646336,0.3808746,0
1,0.84056,0.7748019,1,1,1,1,0.4805179,0.3438755,0
1,0.8537949,0.7504241,1,1,1,1,0.4978431,0.3374737,0
1,0.8686964,0.7273046,1,1,1,1,1,0.3443105,0
1,0.867521,0.71319,1,1,1,1,1,0.3496715,0
1,0.864713,0.7001293,1,1,1,1,1,0.3550812,0
1,0.8600982,0.6880521,1,1,1,1,1,0.3605056,0
1,0.853493,0.6768978,1,1,1,1,1,0.365912,0
1,0.8447262,0.6666244,1,1,1,1,1,0.3712622,0
1,0.8336307,0.6572006,1,1,1,1,1,0.3765159,0
1,0.8200628,0.6486029,1,1,1,1,1,0.3816331,0
1,0.803903,0.6408189,1,1,1,1,1,0.3865713,1
1,0.7850937,0.633844,1,1,1,1,1,0.3912882,1
1,0.7636193,0.6276816,1,1,1,1,1,0.3957407,1
1,0.7395406,0.6223387,1,1,1,1,1,0.3998905,1
1,0.7129945,0.6178305,0.9957153,1,1,1,1,0.4036996,1
1,0.6840441,0.6142283,0.99195,1,1,1,1,0.4071146,1
1,0.653001,0.6115435,0.9907354,1,1,1,1,0.4101149,2
1,0.6203281,0.6097648,0.9920431,1,1,1,1,0.4126985,2
1,0.5864966,0.6088778,0.9958515,1,1,1,1,0.4148742,2
1,0.5519884,0.6088628,1,1,1,1,1,0.4166626,2
1,0.5171908,0.6097306,1,1,1,1,1,0.4180762,2
1,0.4823826,0.6115468,1,1,1,1,1,0.4191132,2
1,0.4479061,0.6143216,1,1,1,1,1,0.4197999,2
1,0.4405011,0.6180618,1,1,1,1,1,0.4201675,2
1,0.4398823,0.6220019,1,1,1,1,1,1,2
1,0.4417434,0.6344348,1,1,1,1,1,1,2
1,0.4440703,0.7800062,1,1,1,1,1,1,2
1,0.4468791,0.7933959,1,1,1,1,1,1,2
1,0.4501897,0.7702482,1,1,1,1,1,1,2
1,0.4540223,0.7914542,1,1,1,1,1,1,2
1,0.4584011,0.8147755,1,1,1,1,1,1,2
0.6260497,0.463351,0.8404459,1,1,1,1,1,1,2
0.491863,0.4689016,0.8687406,1,1,1,1,1,1,2
0.3914498,0.4750836,0.899977,1,1,1,1,1,1,2
0.3926454,0.4819311,0.9345289,1,1,1,1,1,1,2
0.3942398,0.4894817,0.9728374,1,1,1,1,1,1,2
0.3962402,0.4977773,1,1,1,1,1,1,1,2
0.3986546,0.5068643,1,1,1,1,1,1,1,2
0.401494,0.5167962,1,1,1,1,1,1,1,2
0.4047675,0.5276282,1,1,1,1,1,1,1,2
0.4084869,0.6514897,1,1,1,1,1,1,1,2
0.412664,0.6666928,1,1,1,1,1,1,1,2
0.4173151,0.6734322,1,1,1,1,1,1,1,2
0.4224551,0.6586984,1,1,1,1,1,1,1,2
0.4281019,0.6770054,1,1,1,1,1,1,1,2
0.4342739,0.6968518,1,1,1,1,1,1,1,2
0.4409929,0.718376,1,1,1,1,1,1,1,2
0.4482813,0.7417319,1,1,1,1,1,1,1,2
0.4561636,0.7670947,1,1,1,1,1,1,1,2
0.4646688,0.7946676,1,1,1,1,1,1,1,2
0.4738264,0.8246795,1,1,1,1,1,1,1,2
0.4836694,0.8573942,1,1,1,1,1,1,1,2
0.590575,1,1,1,1,1,1,1,1,2
0.6004142,1,1,1,1,1,1,1,1,2
0.6105245,1,1,1,1,1,1,1,1,2
0.6196644,1,1,1,1,1,1,1,1,2
0.5961114,1,1,1,1,1,1,1,1,2
0.607168,1,1,1,1,1,1,1,1,2
0.6184742,1,1,1,1,1,1,1,1,2
0.6300118,1,1,1,1,1,1,1,1,2
0.6417619,1,1,1,1,1,1,1,1,2
0.6537029,1,1,1,1,0.9804805,1,1,1,2
0.6655321,1,1,1,1,0.9587804,1,1,1,2
0.6771572,1,1,1,1,0.9389406,1,1,1,2
0.6885463,1,1,1,1,0.9207271,1,1,1,2
0.699672,1,1,1,1,0.9039418,1,1,1,2
0.7105085,1,1,1,1,0.8884198,1,1,1,2
0.721037,1,1,1,1,0.8740174,1,1,1,2
0.7312394,1,1,1,1,0.8606141,1,1,1,2
0.7411029,1,1,1,1,0.8481051,1,1,1,1
0.7506172,1,1,1,1,0.8364002,0.9973186,1,1,1
0.7597072,1,1,1,1,0.8255135,0.9866552,1,1,1
1,1,1,1,1,0.8156424,0.9746116,1,1,0
1,1,1,1,1,0.813712,0.9519411,1,1,0
1,1,1,1,1,0.8126658,0.9286188,1,1,0
1,1,1,1,1,0.8125297,0.904755,1,1,0
1,1,1,1,1,0.8133338,0.8804739,1,1,0
1,1,1,1,1,0.8151056,0.8558962,1,1,0
1,1,1,1,1,0.817875,0.831135,1,1,0
1,1,1,1,1,0.8216732,0.8063135,1,1,0
1,1,1,1,1,0.8265347,0.781534,1,1,0
1,1,1,1,1,0.8324901,0.7569033,1,1,0
1,1,1,1,1,0.8395718,0.7325041,1,1,0
1,1,1,1,1,0.8478132,0.7084219,1,1,0
1,1,1,1,1,0.8572516,0.6847247,1,1,0
1,1,1,1,1,0.8679211,0.6614646,1,1,0
1,1,1,1,1,0.8798566,0.6386905,1,1,0
1,1,1,1,1,0.8930949,0.6358139,1,1,0
1,1,1,1,1,0.9067441,0.6393868,1,1,0
1,1,1,1,1,0.9204767,0.6429523,1,1,0
1,1,1,1,1,0.9342595,0.6464945,1,1,0
1,1,1,1,1,1,0.6500033,1,1,0
1,1,1,1,1,1,0.6527206,1,1,0
1,1,1,1,1,1,0.6555678,1,1,0
1,1,1,1,1,1,0.658541,0.8991275,1,0
1,1,1,1,1,1,0.6647049,0.8501006,1,0
1,1,1,1,1,1,0.6726584,0.8013026,1,0
1,1,1,1,1,1,0.6825317,0.7533376,1,0
1,1,1,1,1,1,0.6944613,0.7067199,1,0
1,1,1,1,1,1,0.7085857,0.66185,1,0
1,1,1,1,1,1,0.7250552,0.6190196,1,0
1,1,1,1,1,1,0.7440266,0.5784106,1,0
1,1,1,1,1,1,0.7653884,0.5403005,1,0
1,1,1,1,1,1,0.788923,0.5048406,1,0
1,1,1,1,1,1,1,0.5020609,1,0
1,1,1,1,1,1,1,0.5071627,1,0
1,1,1,1,1,1,1,0.5126079,1,0
1,1,1,1,1,1,1,0.5183907,1,0
1,1,1,1,1,1,1,0.5245031,1,0
1,1,1,1,1,1,1,0.5309368,1,0
0.6779155,1,1,1,1,1,1,0.5376847,0.7974707,0
1,1,1,1,1,1,1,0.5424043,0.7318374,0
0.6722454,1,1,1,1,1,1,0.5528782,0.6464581,0
0.6695263,1,1,1,1,1,1,0.5609752,0.5835199,0
0.6665503,1,1,1,1,1,1,0.5706556,0.5234087,0
0.6633956,1,1,1,1,1,1,0.5819946,0.4669913,0
0.6601378,1,1,1,1,1,1,0.5950583,0.443823,0
0.6569611,1,1,1,1,1,1,0.6091458,0.4485264,0
0.6539631,1,1,1,1,1,1,0.6235369,0.4534503,0
0.6511057,1,1,1,1,1,1,0.6381685,0.4585612,0
0.6483566,1,1,1,1,1,1,0.6529732,0.4638253,0
0.6456857,1,1,1,1,1,1,0.6678869,0.4692132,0
0.6430698,1,1,1,1,1,1,1,0.4746935,0
0.6408415,1,1,1,1,1,1,1,0.478125,0
0.6385934,1,1,1,1,1,1,1,0.4815665,0
1,1,1,1,1,1,1,1,0.4850122,0
1,1,1,0.9503698,1,1,1,1,0.4925911,0
0.6308447,1,1,0.9068282,1,1,1,1,0.5003424,1
1,1,1,0.8985027,1,1,1,1,0.5035447,0
1,1,1,0.8878163,1,1,1,1,0.5113996,0
0.9293544,1,1,0.8838658,1,1,1,1,0.5194951,0
0.8825735,1,1,0.8785124,1,1,1,1,0.5268351,0
0.9068176,1,1,0.8721095,1,1,1,1,0.5336175,0
0.9135656,1,1,0.8659927,1,1,1,1,0.5408268,0
0.9212362,1,1,0.8598211,1,1,1,1,0.5482097,0
0.9291841,1,1,0.8536001,1,1,1,1,0.5557743,0
1,1,1,0.8473262,1,1,1,1,0.5635175,0
0.9197831,1,1,0.8422974,0.9849559,1,1,1,0.5725307,0
1,1,1,0.83525,0.9551883,1,1,1,0.5801041,0
1,1,1,0.8294266,0.9208314,1,1,1,1,2
1,1,1,0.8160272,0.9225572,1,1,1,1,2
1,1,1,0.8026012,0.9250174,1,1,1,1,2
1,1,1,0.7891635,0.9282123,1,1,1,1,2
1,1,1,0.7757283,0.932144,1,1,1,1,2
1,1,1,0.7623051,0.9368162,1,1,1,1,2
1,1,1,0.7489091,0.9422345,1,1,1,1,2
1,1,1,0.7355477,0.9484063,1,1,1,1,2
1,1,1,0.722234,0.9553404,1,1,1,1,2
1,1,1,0.7089728,1,1,1,1,1,2
1,1,0.8416525,0.6959594,1,1,1,1,1,2
1,1,0.8204582,0.6813103,1,1,1,1,1,2
1,1,0.7992028,0.666617,1,1,1,1,0.9972107,2
1,1,0.7780347,0.6653663,1,1,1,1,0.9932311,2
1,1,0.7572099,0.675894,1,1,1,1,0.9891686,2
1,1,0.7368886,0.6873315,1,1,1,1,0.9851792,2
1,1,0.717069,0.6996991,1,1,1,1,0.9812785,2
1,0.9897712,0.6977441,0.7130117,1,1,1,1,0.9774822,2
1,0.9546472,0.678705,0.7279592,1,1,1,1,0.9735994,2
1,0.9589701,0.659519,0.7463657,1,1,1,1,0.969195,2
1,0.9634447,0.6410041,0.765668,1,1,1,1,0.9650882,2
1,0.9680421,0.6231152,0.7858394,1,1,1,1,0.9612657,2
1,0.9727372,0.6058085,0.8068565,1,1,1,1,0.9577109,2
1,0.9775044,0.5890418,1,1,1,1,1,0.9544079,2
1,0.9808798,0.5736799,1,1,1,1,1,0.9523543,2
1,0.9844825,0.5585181,1,1,1,1,1,0.9502856,2
1,0.9883031,0.5435588,1,1,1,1,1,0.9482116,2
1,0.9923318,0.5288023,1,1,1,1,1,0.9461405,2
1,0.9965566,0.5142514,1,1,1,1,1,0.9440807,2
1,1,0.5117772,1,1,1,1,1,0.9420363,2
1,1,0.5169647,1,1,1,1,1,0.9400962,2
1,1,0.5221891,1,1,1,1,1,0.9382672,2
1,1,0.5274438,1,1,1,1,1,0.9365395,2
1,0.6666227,0.5327215,1,1,1,1,1,0.9349035,2
1,0.6332316,0.5495257,1,1,1,1,1,0.9296414,2
1,0.6015773,0.5682153,1,1,1,1,1,0.9245359,2
1,0.571606,0.5888985,1,1,1,1,1,0.9196147,2
0.9520333,0.5432445,0.611694,1,1,1,1,1,0.9148954,2
0.8607189,0.5152529,0.6395394,1,1,1,1,1,0.9099233,2
0.8664721,0.4883075,1,1,1,1,1,1,0.9049877,2
0.8718373,0.4645719,1,1,1,1,1,1,0.9009892,2
0.8777281,0.4418319,1,1,1,1,1,1,0.8971044,2
0.8841346,0.4200527,1,1,1,1,1,1,0.8933452,2
0.8910455,0.3992011,1,1,1,1,1,1,0.8897163,2
0.8984448,0.390248,1,1,1,1,1,1,0.8862196,2
0.9061883,0.3994961,1,1,1,1,1,1,0.8828904,2
0.9140356,0.4089454,1,1,1,1,1,1,0.8797618,2
0.5923039,0.4185578,1,1,1,1,1,1,0.8767936,2
0.5442774,0.4322957,1,1,1,1,1,1,0.8733999,2
0.5005349,0.4472927,1,1,1,1,1,1,0.8701925,2
0.4605306,0.4636656,1,1,1,1,1,1,0.8671686,2
0.4238083,0.4815467,1,1,1,1,1,1,0.8643257,2
0.3899881,0.5010911,1,1,1,1,1,1,0.8616598,2
0.3587478,0.5224704,1,1,1,1,1,1,0.8591706,2
0.34398,0.5458884,1,1,1,1,1,1,0.8568548,2
0.3528474,1,1,1,1,1,1,1,0.8547111,2
0.3611259,1,1,1,1,1,1,1,0.8524054,2
0.3697079,1,1,1,1,1,1,1,0.8501147,2
0.3785774,1,1,1,1,1,1,1,0.8478206,2
0.3877217,1,1,1,1,1,1,1,0.8455023,2
0.3971223,1,1,1,1,1,1,1,0.8431441,2
0.4067615,1,1,1,1,1,1,1,0.8407296,2
0.4166202,1,1,1,1,1,1,1,0.838244,2
0.4266781,1,1,1,1,1,1,1,0.8356735,2
0.4369136,1,1,1,1,1,1,1,0.8330054,2
0.4473057,1,1,1,1,1,1,1,0.8302275,2
0.4578284,1,1,1,1,1,1,1,0.8273311,2
0.4684585,1,1,1,1,1,1,1,0.824306,2
0.4791698,1,1,1,1,1,1,1,0.8211449,2
1,1,1,1,1,1,1,1,0.8178404,0
1,1,1,1,1,1,1,1,0.8113607,0
1,1,1,1,1,1,1,1,0.8049645,0
1,1,1,1,1,1,1,1,0.7986605,0
1,1,1,1,1,1,1,1,0.7924572,0
1,1,1,1,1,1,1,1,0.7863613,0
1,1,1,1,1,1,1,1,0.7803813,0
1,1,1,1,1,1,1,1,0.7745252,0
1,1,1,1,1,1,1,0.9982747,0.7688013,0
1,1,1,1,1,1,1,0.9279729,0.7632084,0
1,1,1,1,1,1,1,0.9214107,0.7574406,0
1,1,1,1,1,1,1,0.9208099,0.7518826,0
1,1,1,1,1,1,1,0.9205705,0.7465754,0
1,1,1,1,1,1,1,0.9207011,0.7415287,0
1,1,1,1,1,1,1,0.9212097,0.7367517,0
1,1,1,1,1,1,1,0.9221014,0.7322506,0
1,1,1,1,1,1,1,0.9233825,0.7280322,0
1,1,1,1,1,1,1,1,0.9093767,1
1,1,1,1,1,1,1,1,1,1
1,1,1,1,1,1,1,1,1,1
1,1,1,1,1,1,1,1,1,1
1,1,1,1,1,1,1,1,1,1
1,1,1,1,1,1,1,1,1,1
1,1,1,1,1,1,1,1,1,1
1,1,1,1,1,1,1,1,1,1
1,1,1,1,1,1,1,1,1,1
1,1,1,1,1,1,1,1,1,1
1,1,1,1,1,1,1,1,1,1
1,1,1,1,1,1,1,1,1,1
1,1,1,1,1,1,1,1,1,1
1,1,1,1,1,1,1,1,1,1
1,1,1,1,1,1,1,1,1,1
1,1,1,1,1,1,1,1,1,1
1,1,1,1,1,1,1,1,1,1
1,1,1,1,1,1,1,1,1,1
1,1,1,1,1,1,1,1,1,1
1,1,1,1,1,1,1,1,1,1
1,1,1,1,1,1,1,1,1,1
1,1,1,1,1,1,1,1,1,1
1,1,1,1,1,1,1,1,1,1
1,1,1,1,1,1,1,1,0.7901579,0
1,1,1,1,1,1,1,1,0.7867023,0
1,1,1,1,1,1,1,1,0.7833911,0
1,1,1,1,1,1,1,1,0.780228,0
1,1,1,1,1,1,1,1,0.7772155,0
1,1,1,1,1,1,1,1,0.7743587,0
1,1,1,1,1,1,1,1,0.7716612,0
