1,1,1,0.9047881,1,1,1,1,1,1
1,0.950395,1,0.9024299,1,1,1,0.9103358,0.7222434,0
1,0.9482578,1,0.8941962,1,1,1,0.9196526,0.7246968,0
1,0.9454211,1,0.8859369,1,1,1,0.928909,0.7272494,0
1,0.9418136,1,0.8776291,1,1,1,1,0.7298678,0
1,0.9350169,1,0.868881,1,1,1,1,0.7320625,0
1,0.9275724,1,0.8600689,1,1,1,1,0.7342799,0
1,0.9194309,1,0.8511791,1,1,1,1,0.7364991,0
1,0.9105462,1,0.8421995,1,1,1,1,0.7386986,0
1,0.9008747,1,0.8331178,1,1,1,1,0.7408634,0
1,0.8903754,1,0.8239223,1,1,1,1,0.7429653,0
1,0.8790148,1,0.8146029,1,1,1,1,0.7449893,1
1,0.8667645,0.9916672,0.8051503,1,1,1,1,0.7469142,1
1,0.8533947,0.9844387,0.79552,1,1,1,1,0.7486666,1
1,0.8389224,0.9786559,0.7857093,1,1,1,1,0.7502307,1
1,0.8233881,0.9742848,0.7757197,1,1,1,1,0.7515885,1
1,0.8068467,0.9712879,0.7655563,1,1,1,1,0.752732,1
1,0.7893647,0.9696361,0.7552263,1,1,1,1,0.7536558,1
1,0.7710202,0.9693063,0.7447388,1,1,1,1,0.7543572,1
1,0.7519009,0.9702933,0.7341055,1,1,1,1,0.7548304,1
1,0.7321033,0.9725841,0.7233405,1,1,1,1,0.7550787,1
1,0.7117286,0.9761688,0.7124587,1,1,1,1,0.7551081,1
1,0.690882,0.9810404,0.7014769,1,1,1,1,0.754927,2
1,0.6696681,0.9871937,0.690412,1,1,1,1,0.7545456,2
1,0.6481908,1,0.6792817,1,1,1,1,0.7539756,2
1,0.6266422,1,0.6681213,1,1,1,1,0.7532576,2
1,0.6048722,1,0.6569011,1,1,1,1,0.7523327,2
1,0.6007725,1,0.6456385,1,1,1,1,0.7512192,2
1,0.6033102,1,0.6344338,1,1,1,1,0.7500697,2
1,0.6058851,0.6846165,0.6350369,1,1,1,1,0.7489384,2
1,0.6114264,0.6692611,0.6721705,1,1,1,1,0.7464498,2
1,0.6169192,0.6544366,0.7118385,1,1,1,1,0.7441348,2
1,0.6223376,0.6400852,0.7540618,1,1,1,1,0.7419754,2
1,0.6276662,0.626155,1,1,1,1,1,0.73995,2
1,0.6321079,0.6129841,1,1,1,1,1,0.7383114,2
0.9680647,0.6366462,0.5999955,1,1,1,1,1,0.7366778,2
0.9055529,0.6420187,0.5868587,1,1,1,1,1,0.7348187,2
0.8406171,0.6489939,0.5733357,1,1,1,1,1,0.7325445,2
0.7750033,0.6577145,0.5595214,1,1,1,1,1,0.729898,2
0.7103623,0.66829,0.5455297,1,1,1,1,1,0.7269536,2
0.6480719,0.680829,0.5314831,1,1,1,1,1,0.7237852,2
0.5891487,0.6954042,0.5175014,1,1,1,1,1,0.7204808,2
0.5342204,0.7120788,0.5036917,1,1,1,1,1,0.7171153,2
0.5284452,0.7308819,0.4907178,1,1,1,1,1,0.713762,2
0.5349513,0.7502691,0.532047,1,1,1,1,1,0.71061,2
0.5414244,0.7691536,0.5758738,1,1,1,1,1,0.7076897,2
0.5478104,0.7874061,0.6218849,1,1,1,1,1,0.7049282,2
0.5540708,1,1,1,1,1,1,1,0.702264,1
0.5577053,0.530277,1,1,1,1,1,1,0.6999631,2
0.5650566,0.5118644,1,1,1,1,1,1,0.6972504,2
0.5727507,0.4941658,1,1,1,1,1,1,0.6945651,2
0.580768,0.4771411,1,1,1,1,1,1,0.6919009,2
0.5890875,0.4607503,1,1,1,1,1,1,0.6892504,2
0.5976942,0.444954,1,1,1,1,1,1,0.6865991,2
0.6065646,0.4297129,1,1,1,1,1,1,0.6839383,2
0.6156746,0.4149896,1,1,1,1,1,1,0.6812586,2
0.6249986,0.4007475,1,1,1,1,1,1,0.6785508,2
0.6345108,0.3869521,1,1,1,1,1,1,0.675806,2
0.6441849,0.3735701,1,1,1,1,1,1,0.6730156,2
0.6540013,0.3793318,1,1,1,1,1,1,0.6701654,2
0.6637372,0.3945967,1,1,1,1,1,1,0.667224,2
0.6732603,0.4098647,1,1,1,1,1,1,0.6641708,2
0.4699678,0.4250597,1,1,1,1,1,1,0.6609963,2
0.44676,0.4464847,1,1,1,1,1,1,0.658321,2
0.4246783,0.4693668,1,1,1,1,1,1,0.6556166,2
0.4036573,1,1,1,1,1,1,1,0.6528689,2
0.3875328,1,1,1,1,1,1,1,0.6490496,2
0.3715029,1,1,1,1,1,1,1,0.6452307,2
0.3555896,1,1,1,1,1,1,1,0.6414067,2
0.3398135,1,1,1,1,1,1,1,0.6375774,2
0.3241933,1,1,1,1,1,1,1,0.633737,2
0.3144238,0.9990624,1,1,1,1,1,1,0.6298854,2
0.3224482,1,1,1,1,1,1,1,0.626006,2
0.3304915,1,1,1,1,1,1,1,0.6220097,2
0.3385298,1,1,1,1,1,1,1,0.6179071,2
0.3465518,1,1,1,1,1,1,1,0.613695,1
0.354538,1,1,1,1,1,1,1,0.609377,1
0.3624688,1,1,1,1,1,1,1,0.6049579,1
0.3703334,1,1,1,1,1,1,1,0.6004363,1
0.3781129,1,1,1,1,1,1,1,0.5958183,1
0.3857887,1,1,1,1,1,1,1,0.5911099,1
0.3933432,1,1,1,1,1,1,1,0.5863183,1
0.4007676,1,1,1,1,1,1,1,0.5814446,1
0.4080539,1,1,1,1,1,1,1,0.5875269,1
1,1,1,1,1,1,1,1,0.6199061,0
1,1,1,1,1,1,1,1,0.6960135,0
1,1,1,1,1,1,1,1,0.7725224,0
1,1,1,1,1,1,1,1,0.8460429,0
1,1,1,1,1,1,1,1,0.9133177,1
1,1,1,1,1,1,1,1,0.9719418,1
1,1,1,1,1,1,1,1,1,1
1,1,1,1,1,1,1,1,1,1
1,1,1,1,1,1,1,1,1,1
1,1,1,1,1,1,1,1,1,1
1,1,1,1,1,1,1,1,1,1
1,1,1,1,1,1,1,1,1,1
1,1,1,1,1,1,1,1,1,1
1,1,1,1,1,1,1,1,1,1
1,1,1,1,1,1,1,1,1,1
1,1,1,1,1,1,1,1,1,1
0.9959677,1,1,1,1,1,1,1,1,1
0.9824523,1,1,1,1,1,1,1,1,1
0.9684888,1,1,1,1,1,1,1,1,1
0.9540862,1,1,1,1,1,1,1,1,1
0.9392582,1,1,1,1,1,1,1,1,1
0.9240224,1,1,1,1,1,1,1,1,1
0.9083986,1,1,1,1,1,1,1,1,1
0.8924115,1,1,1,1,1,1,1,1,1
0.8760899,1,1,1,1,1,1,1,1,1
0.8594637,1,1,1,1,1,1,1,1,2
0.8425677,1,1,1,1,1,1,1,1,2
0.8254387,1,1,1,1,1,1,1,1,2
0.8081154,1,1,1,1,1,1,1,1,2
0.8103391,1,1,1,1,1,1,1,1,2
0.8216899,1,1,1,1,1,1,1,1,2
0.8329577,1,1,1,1,1,1,1,1,2
0.8441232,1,1,1,1,1,1,1,1,2
0.8551667,1,1,1,1,1,1,1,1,2
0.8660871,1,1,1,1,1,1,1,1,1
0.8768579,1,1,1,1,1,1,1,1,1
0.8874702,1,1,1,1,1,1,1,1,1
0.8979164,1,1,1,1,1,1,1,1,1
0.9081804,1,1,1,1,1,1,1,1,1
0.9182562,1,1,1,1,1,1,1,1,1
0.9281294,1,1,1,1,1,1,1,1,1
1,1,1,1,1,1,1,1,1,1
1,1,1,1,1,1,1,1,1,1
1,1,1,1,1,1,1,1,1,1
1,1,1,1,1,1,1,1,1,1
1,1,1,1,1,1,1,1,1,1
1,1,1,1,1,1,1,1,1,1
1,1,1,1,1,1,1,1,1,1
1,1,1,1,1,1,1,1,1,1
1,1,1,1,1,1,1,1,1,1
1,1,1,1,1,1,1,1,1,1
1,1,1,1,1,1,1,1,1,1
1,1,1,1,1,1,1,1,1,1
1,1,1,1,1,1,1,1,1,1
1,1,1,1,1,1,1,1,1,1
1,1,1,1,1,1,1,1,1,1
1,1,1,1,1,1,1,1,1,1
1,1,1,1,1,1,1,1,1,1
1,1,1,1,1,1,1,1,1,1
1,1,1,1,1,1,1,1,1,1
1,1,1,1,1,1,1,1,1,1
1,1,1,1,1,1,1,1,1,1
1,1,1,1,1,1,1,1,1,1
1,1,1,1,1,1,1,1,1,1
1,1,1,1,1,1,1,1,1,1
1,1,1,1,1,1,1,1,1,1
1,1,1,1,1,1,1,1,1,1
1,1,1,1,1,1,1,1,1,1
1,1,1,1,1,1,1,1,1,1
1,1,1,1,1,1,1,1,1,1
1,1,1,1,1,1,1,1,1,1
1,1,1,1,1,1,1,1,1,1
1,1,1,1,1,1,1,1,1,1
1,1,1,1,1,1,1,1,1,1
1,1,1,1,1,1,1,1,1,1
1,1,1,1,1,1,1,1,1,1
1,1,1,1,1,1,1,1,1,1
1,1,1,1,1,1,1,1,1,1
1,1,1,1,1,1,1,1,1,1
1,1,1,1,1,1,1,1,1,1
1,1,1,1,1,1,1,1,1,1
1,1,1,1,1,1,1,1,1,1
1,1,1,1,1,1,1,1,1,1
1,1,1,1,1,1,1,1,1,1
1,1,1,1,1,1,1,1,1,1
1,1,1,1,1,1,1,1,1,1
1,1,1,1,1,1,1,1,1,1
1,1,1,1,1,1,1,1,1,1
1,1,1,1,1,1,1,1,1,1
1,1,1,1,1,1,1,1,1,1
1,1,1,1,1,1,1,1,1,1
1,1,1,1,1,1,1,1,1,1
1,1,1,1,1,1,1,1,1,1
1,1,1,1,1,1,1,1,1,1
1,1,1,1,1,1,1,1,1,1
1,1,1,1,1,1,1,1,1,1
1,1,1,1,1,1,1,1,1,1
1,1,1,1,1,1,1,1,1,1
1,1,1,1,1,1,1,1,1,1
1,1,1,1,1,1,1,1,1,1
1,1,1,1,1,1,1,1,1,1
1,1,1,1,1,1,1,1,1,1
1,1,1,1,1,1,1,1,1,1
1,1,1,1,1,1,1,1,1,1
1,1,1,1,1,1,1,1,1,1
1,1,1,1,1,1,1,1,1,1
1,1,1,1,1,1,1,1,1,1
1,1,1,1,1,1,1,1,1,1
1,1,1,1,1,1,1,1,1,1
1,1,1,1,1,1,1,1,1,1
1,1,1,1,1,1,1,1,1,1
1,1,1,1,1,1,1,1,1,1
1,1,1,1,1,1,1,1,1,1
1,1,1,1,1,1,1,1,1,1
1,1,1,1,1,1,1,1,1,1
1,1,1,1,1,1,1,1,1,1
1,1,1,1,1,1,1,1,1,1
1,1,1,1,1,1,1,1,1,1
1,1,1,1,1,1,1,1,1,1
1,1,1,1,1,1,1,1,1,1
1,1,1,1,1,1,1,1,1,1
1,1,1,1,1,1,1,1,1,1
1,1,1,1,1,1,1,1,1,1
1,1,1,1,1,1,1,1,1,1
1,1,1,1,1,1,1,1,1,1
1,1,1,1,1,1,1,1,1,1
1,1,1,1,1,1,1,1,1,1
1,1,1,1,1,1,1,1,1,1
1,1,1,1,1,1,1,1,1,1
1,1,1,1,1,1,1,1,1,1
1,1,1,1,1,1,1,1,1,1
1,1,1,1,1,1,1,1,1,1
1,1,1,1,1,1,1,1,1,1
1,1,1,1,1,1,1,1,1,1
1,1,1,1,1,1,1,1,1,1
1,1,1,1,1,1,1,1,1,1
1,1,1,1,1,1,1,1,1,1
1,1,1,1,1,1,1,1,1,1
1,1,1,1,1,1,1,1,1,1
1,1,1,1,1,1,1,1,1,1
1,1,1,1,1,1,1,1,1,1
1,1,1,1,1,1,1,1,1,1
1,1,1,1,1,1,1,1,1,1
1,1,1,1,1,1,1,1,1,1
1,1,1,1,1,1,1,1,1,1
1,1,1,1,1,1,1,1,1,1
1,1,1,1,1,1,1,1,1,1
1,1,1,1,1,1,1,1,1,1
1,1,1,1,1,1,1,1,1,1
1,1,1,1,1,1,1,1,1,1
1,1,1,1,1,1,1,1,1,1
1,1,1,1,1,1,1,1,1,1
1,1,1,1,1,1,1,1,1,1
1,1,1,1,1,1,1,1,1,1
1,1,1,1,1,1,1,1,1,1
1,1,1,1,1,1,1,1,1,1
1,1,1,1,1,1,1,1,1,1
1,1,1,1,1,1,1,1,1,1
1,1,1,1,1,1,1,1,1,1
1,1,1,1,1,1,1,1,1,1
1,1,1,1,1,1,1,1,1,1
1,1,1,1,1,1,1,1,1,1
1,1,1,1,1,1,1,1,1,1
1,1,1,1,1,1,1,1,1,1
1,1,1,1,1,1,1,1,1,1
1,1,1,1,1,1,1,1,1,1
1,1,1,1,1,1,1,1,1,1
1,1,1,1,1,1,1,1,1,1
1,1,1,1,1,1,1,0.9524177,1,1
1,1,1,1,1,1,1,0.9174169,1,1
1,1,1,1,1,1,1,0.9126371,1,1
1,1,1,1,1,1,1,0.9079216,1,1
1,1,1,1,1,1,1,0.9032716,1,1
1,1,1,1,1,1,1,0.8986942,1,1
1,1,1,1,1,1,1,0.8941905,1,0
1,1,1,1,1,1,1,0.8897616,1,0
1,1,1,1,1,1,1,0.8854083,1,0
1,1,1,1,1,1,1,0.8811382,1,0
1,1,1,1,1,1,1,0.8769522,1,0
1,1,1,1,1,1,1,0.8728514,1,0
1,1,1,1,1,1,1,0.8688429,1,0
1,1,1,1,1,1,1,0.8649217,1,0
1,1,1,1,1,1,1,0.8610948,1,0
1,1,1,1,1,1,1,0.8573697,1,0
1,1,1,1,1,1,1,0.8537408,1,0
1,1,1,1,1,1,1,0.8502153,1,0
1,1,1,1,1,1,1,0.8467942,1,0
1,1,1,1,1,1,1,0.8434781,1,0
1,1,1,1,1,1,1,0.8402677,1,0
1,1,1,1,1,1,1,0.8371701,1,0
1,1,1,1,1,1,1,0.8341858,1,0
1,1,1,1,1,1,1,0.8313154,1,0
1,1,1,1,1,1,1,0.8285594,1,0
1,1,1,1,1,1,1,0.8259182,1,0
1,1,1,1,1,1,1,1,1,1
1,1,1,1,1,1,1,1,1,1
1,1,1,1,1,1,1,1,1,1
1,1,1,1,1,1,1,1,1,1
1,1,1,1,1,1,1,1,0.7834147,0
1,1,1,1,1,1,1,1,0.778385,0
1,1,1,1,1,1,1,1,0.773494,0
1,1,1,1,1,1,1,1,0.7687458,0
1,1,1,1,1,1,1,1,0.7641503,0
1,1,1,1,1,1,1,1,0.7597113,0
1,1,1,1,1,1,1,1,0.7554324,0
1,1,1,1,1,1,1,1,0.7513232,0
1,1,1,1,1,1,1,1,0.7473871,0
1,1,1,1,1,1,1,1,0.743627,0
1,1,1,1,1,1,1,1,0.7400521,0
1,1,1,1,1,1,1,1,0.7366654,0
1,1,1,1,1,1,1,1,0.7334691,0
1,1,1,1,1,1,1,1,0.7304718,0
1,1,1,1,1,1,1,1,0.7276699,0
1,1,1,1,1,1,1,1,0.7250713,0
1,1,1,1,1,1,1,1,0.7226839,0
1,1,1,1,1,1,1,1,0.7205034,0
1,1,1,1,1,1,1,1,1,1
1,1,1,1,1,1,1,1,1,1
1,1,1,1,1,1,1,1,1,1
1,1,1,1,1,1,1,1,1,1
1,1,1,1,1,1,1,1,1,1
1,1,1,1,1,1,1,1,1,1
1,1,1,1,1,1,1,1,1,1
1,1,1,1,1,1,1,1,1,1
1,1,1,1,1,1,1,1,1,1
1,1,1,1,1,1,1,1,1,1
1,1,1,1,1,1,1,1,1,1
1,1,1,1,1,1,1,1,1,1
1,1,1,1,1,1,1,1,1,1
1,1,1,1,1,1,1,1,1,1
1,1,1,1,1,1,1,1,1,1
1,1,1,1,1,1,1,1,1,1
1,1,1,1,1,1,1,1,1,1
1,1,1,1,1,1,1,1,1,1
1,1,1,1,1,1,1,1,1,1
1,1,1,1,1,1,1,1,1,1
1,1,1,1,1,1,1,1,1,1
1,1,1,1,1,1,1,1,1,1
1,1,1,1,1,1,1,1,1,1
1,1,1,1,1,1,1,1,1,1
1,1,1,1,1,1,1,1,1,1
1,1,1,1,1,1,1,1,1,1
1,1,1,1,1,1,1,1,1,1
1,1,1,1,1,1,1,1,1,1
1,1,1,1,1,1,1,1,1,1
1,1,1,1,1,1,1,1,1,1
1,1,1,1,1,1,1,1,1,1
1,1,1,1,1,1,1,1,1,1
1,1,1,1,1,1,1,1,1,1
1,1,1,1,1,1,1,1,1,1
1,1,1,1,1,1,1,1,1,1
1,1,1,1,1,1,1,1,1,1
1,1,1,1,1,1,1,1,1,1
1,1,1,1,1,1,1,1,1,1
1,1,1,1,1,1,1,1,1,1
1,1,1,1,1,1,1,1,1,1
1,1,1,1,1,1,1,1,1,1
1,1,1,1,1,1,0.9934233,1,1,1
1,1,1,1,1,1,0.9809434,1,1,1
1,1,1,1,1,1,0.9682239,1,1,1
1,1,1,1,1,1,0.9552701,1,1,1
1,1,1,1,1,1,0.942088,1,1,1
1,1,1,1,1,1,0.9286857,1,1,1
1,1,1,1,1,1,0.9150721,1,1,1
1,1,1,1,1,1,0.9012569,1,1,1
1,1,1,1,1,1,0.8968138,1,1,1
1,1,1,1,1,1,0.8964329,1,1,1
1,1,1,1,1,1,0.8960971,1,1,1
1,1,1,1,1,1,0.8958051,1,1,1
1,1,1,1,1,1,0.8955661,1,1,1
1,1,1,1,1,1,0.8953687,1,1,1
1,1,1,1,1,1,0.8952121,1,1,1
1,1,1,1,1,1,0.8950955,1,1,1
1,1,1,1,1,1,0.8950178,1,1,1
1,1,1,1,1,1,0.894978,1,1,1
1,1,1,1,1,1,0.894986,1,1,1
1,1,1,1,1,1,0.8950303,1,1,1
1,1,1,1,1,1,0.8951098,1,1,1
1,1,1,1,1,1,0.8952242,1,1,1
1,1,1,1,1,1,0.8953725,1,1,1
1,1,1,1,1,1,0.8955539,1,1,1
1,1,1,1,1,1,0.8957678,1,1,1
1,1,1,1,1,1,0.8960133,1,1,1
1,1,1,1,1,1,1,1,1,1
1,1,1,1,1,1,1,1,1,1
1,1,1,1,1,1,1,1,1,1
1,1,1,1,1,1,1,1,1,1
1,1,1,1,1,1,1,1,1,1
1,1,1,1,1,1,1,1,1,1
1,1,1,1,1,1,1,1,1,1
1,1,1,1,1,1,1,1,1,1
1,1,1,1,1,1,1,1,1,1
1,1,1,1,1,1,1,1,1,1
1,1,1,1,1,1,1,1,1,1
1,1,1,1,1,1,1,1,1,1
1,1,1,1,1,1,1,1,1,1
1,1,1,1,1,1,1,0.7931003,1,0
1,1,1,1,1,1,1,0.7638633,1,0
1,1,1,1,1,1,1,0.7341347,1,0
1,1,1,1,1,1,1,0.7040914,1,0
1,1,1,1,1,1,1,0.6739143,1,0
1,1,1,1,1,1,1,0.6437813,1,0
1,1,1,1,1,1,1,0.6138614,1,0
1,1,1,1,1,1,1,0.5843111,1,0
1,1,1,1,1,1,1,0.5859916,1,0
1,1,1,1,1,1,1,0.5911826,1,0
1,1,1,1,1,1,1,0.596634,1,0
1,1,1,1,1,0.9984849,1,0.602334,1,0
1,1,1,1,1,0.9855318,1,0.6082772,1,0
1,1,1,1,1,0.9728571,1,0.6145144,1,0
1,1,1,1,1,0.9604477,1,0.6210213,1,0
1,1,1,1,1,0.9881868,1,0.6277964,1,0
1,1,1,1,1,1,1,0.6346629,1,0
1,1,1,1,1,1,0.9945175,0.6416802,1,0
1,1,1,1,1,1,0.9790804,1,1,1
1,1,1,1,1,1,0.9681533,1,0.6957034,0
1,1,1,1,1,1,0.9525097,1,0.6377472,0
1,1,1,1,1,1,0.9363047,1,0.5800233,0
1,1,1,1,1,1,0.9197138,1,0.5237993,0
1,1,1,1,1,1,0.9029347,1,0.5165312,0
1,1,1,1,1,1,0.8866725,1,0.5221947,0
1,1,1,1,1,1,0.8710635,1,0.5283237,0
1,1,1,1,1,1,0.8560793,1,0.534913,0
1,1,1,1,1,1,0.8416889,1,0.541949,0
1,1,1,1,1,1,0.8278598,1,0.5494165,0
1,1,1,1,1,1,0.8499001,1,0.5573055,0
1,1,1,1,1,1,0.9408107,0.9717094,0.5654944,0
1,1,1,1,1,1,1,0.9482352,0.5740184,0
1,1,0.9983467,1,1,1,1,0.9258789,1,1
1,1,0.9921885,1,1,1,1,0.9132653,1,1
1,1,0.9858943,1,1,1,1,0.9006169,1,1
1,1,0.9794741,1,1,1,1,0.8879407,1,1
1,1,0.9729381,1,1,1,1,0.875244,1,1
1,1,0.9662964,1,1,1,1,0.8625337,1,1
1,1,0.9595498,1,1,1,1,0.8498167,1,1
1,1,0.9527173,1,1,1,1,0.8370994,1,1
1,1,0.9457997,1,1,1,1,0.8243879,1,1
1,1,0.9388067,1,1,1,1,0.8116883,1,1
1,1,0.931747,1,1,1,1,0.7990063,1,1
1,1,0.9246299,1,1,1,1,0.7863473,1,1
1,1,0.9174641,1,1,1,1,0.7737159,1,1
1,1,0.9102486,1,1,1,1,0.7611172,1,1
1,1,0.9030007,1,1,1,1,0.7485553,1,1
1,1,0.8957279,1,1,1,1,0.7360343,1,1
1,1,0.8884276,1,1,1,1,0.7235579,1,1
1,1,0.8811158,1,1,1,1,0.7111293,1,1
1,1,0.8737899,1,1,1,1,0.6987513,1,1
1,1,0.8664553,1,1,1,1,0.6864268,1,1
1,1,0.8591267,1,1,1,1,0.6741578,1,1
1,1,0.8517998,1,1,1,1,0.6619467,1,1
1,1,0.8444883,1,1,1,1,0.6497949,1,1
1,1,0.8371868,1,1,1,1,0.6377038,1,1
1,1,0.829908,1,1,1,1,0.6256744,1,1
1,1,0.8226463,1,1,1,1,0.6137076,1,1
1,1,0.8154134,1,1,1,1,0.6018041,1,1
1,1,0.8082026,1,1,1,1,0.5899643,1,1
1,1,0.8010252,1,1,1,1,0.5781883,1,1
1,1,0.7938742,1,1,1,1,0.566476,1,1
1,1,0.7867597,1,1,1,1,0.5632464,1,1
1,1,0.7798146,1,1,1,1,0.5731043,0.8115582,0
1,1,0.7683871,1,1,1,1,0.5895174,0.7862837,0
1,1,0.7571281,1,1,1,1,0.6066037,0.7617524,0
1,1,0.7460553,1,1,1,1,0.6243473,0.737967,0
1,1,0.7351901,1,1,1,1,0.6427151,0.7149215,0
1,1,0.7245325,1,1,1,1,0.6616977,0.6926022,0
1,1,0.7140952,1,1,1,1,0.6812549,0.6709915,0
1,1,0.703887,1,1,1,1,0.7013425,0.6500663,0
1,1,0.6939055,1,1,1,1,0.7219278,0.6297999,0
1,1,0.6841456,1,1,1,1,0.7429744,0.6101636,0
1,1,0.6746087,1,1,1,1,0.7644295,0.591127,0
1,1,0.6652862,1,1,1,1,0.7862519,0.572659,0
1,1,0.6561682,1,1,1,1,0.8083996,0.5547273,0
1,1,0.6472521,1,1,1,1,1,0.5373,1
1,1,0.6400027,1,1,1,1,1,0.5219921,1
1,1,0.6326668,1,1,1,1,1,0.5067133,1
1,0.9753608,0.6252545,1,1,1,1,1,0.4914804,1
1,0.9461389,0.6182752,1,1,1,1,1,0.476833,1
1,0.9121835,0.6117916,1,1,1,1,1,0.4795282,1
1,0.7406758,0.606141,1,1,1,1,1,0.4855625,2
1,0.67792,0.6040536,1,1,1,1,1,0.4882626,2
1,0.6126647,0.6033081,1,1,1,1,1,0.4897579,2
1,0.5472094,0.6039724,1,1,1,1,1,0.4901095,2
1,0.4835997,0.7544162,1,1,1,1,1,0.4894297,2
1,0.4759269,0.7570273,1,1,1,1,1,0.4897795,2
1,0.4735295,0.7599009,1,1,1,1,1,0.4900858,2
1,0.4712544,0.762888,1,1,1,1,1,0.4904323,2
1,0.4690909,0.7659737,1,1,1,1,1,0.4908213,2
1,0.4670354,0.7691524,1,1,1,1,1,0.4912469,2
1,0.465084,0.7724178,1,1,1,1,1,0.4917035,2
1,0.4632273,1,1,1,1,1,1,0.4921931,1
1,0.4602563,1,1,1,1,1,1,0.4950398,1
1,0.4573467,1,1,1,1,1,1,0.4977859,1
1,0.4544975,1,1,1,1,1,1,0.5004351,1
1,0.4517076,1,1,1,1,1,1,0.5029913,2
1,0.4489827,1,1,1,1,1,1,0.5054508,2
1,0.4463151,1,1,1,1,1,1,0.507825,2
1,0.4437107,1,1,1,1,1,1,0.51011,2
1,0.4411684,1,1,1,1,1,1,0.5123094,2
0.4066188,0.4386875,1,1,1,1,1,1,0.5144268,2
0.4034358,0.4394563,1,1,1,1,1,1,0.5110422,2
0.4006348,0.4406553,1,1,1,1,1,1,0.5077317,2
0.3982118,0.4422964,1,1,1,1,1,1,0.5044907,2
0.3961698,0.5710678,1,1,1,1,1,1,0.5013086,2
0.3945004,0.5750377,1,1,1,1,1,1,0.4981884,2
0.3932085,0.5795913,1,1,1,1,1,1,0.4951197,2
0.3922938,0.5847522,1,1,1,1,1,1,0.4920991,2
0.3917559,0.5905403,1,1,1,1,1,1,0.4891271,2
0.3915449,0.5966954,1,1,1,1,1,1,0.4863518,2
0.3916447,0.603197,1,1,1,1,1,1,0.4837449,2
0.3920343,1,1,1,1,1,1,1,0.481286,2
0.3915509,1,1,1,1,1,1,1,0.4813369,2
0.3911224,1,1,1,1,1,1,1,0.4813518,2
0.3907421,1,1,1,1,1,1,1,0.4813377,2
0.3904161,1,1,1,1,1,1,1,0.4812886,2
0.5052848,1,1,1,1,1,1,1,0.4812111,1
1,1,1,1,1,1,1,1,1,1
1,1,1,1,1,1,1,1,1,1
1,1,1,1,1,1,1,1,1,1
1,1,1,1,1,1,1,1,1,1
1,1,1,1,1,1,1,1,1,1
1,1,1,1,1,1,1,1,1,1
1,1,1,1,1,1,1,1,1,1
1,1,1,1,1,1,1,1,1,1
1,1,1,1,1,1,1,1,1,1
1,1,1,1,1,1,1,1,1,1
1,1,1,1,1,1,1,1,1,1
1,1,1,1,1,1,1,1,0.9643358,1
1,1,1,1,1,1,1,1,0.9207423,1
1,1,1,1,1,1,1,1,0.8719455,0
1,1,1,1,1,1,1,1,0.8635001,0
1,1,1,1,1,1,1,1,0.8649986,0
1,1,1,1,1,1,1,1,0.8665678,0
1,1,1,1,1,1,1,1,0.8682067,0
1,1,1,1,1,1,1,1,0.8699072,0
1,1,1,1,1,1,1,1,0.8716745,0
1,1,1,1,1,1,1,1,0.873501,0
1,1,1,1,1,1,1,1,0.8753913,0
1,1,1,1,1,1,1,1,0.8773378,0
1,1,1,1,1,1,1,1,0.8793387,0
1,1,1,1,1,1,1,1,0.881393,0
1,1,1,1,1,1,1,1,0.8834925,0
1,1,1,1,1,1,1,1,0.8856422,0
1,1,1,1,1,1,1,1,0.8878344,0
1,1,1,1,1,1,1,1,0.8900737,0
1,1,1,1,1,1,1,1,0.8923526,0
1,1,1,1,1,1,1,1,0.8946694,1
1,1,1,1,1,1,1,1,0.8970159,1
1,1,1,1,1,1,1,1,0.8993976,1
1,1,1,1,1,1,1,1,0.9018064,1
1,1,1,1,1,1,1,1,0.9042474,1
1,1,1,1,1,1,1,1,0.9067128,1
1,1,1,1,1,1,1,1,0.9092013,1
1,1,1,1,1,1,1,1,0.9117048,1
1,1,1,1,1,1,1,1,0.9142288,1
1,1,1,1,1,1,1,1,0.9167654,1
1,1,1,1,1,1,1,1,0.91932,1
1,1,1,1,1,1,1,1,0.9218847,1
1,1,1,1,1,1,1,1,0.9244586,1
1,1,1,1,1,1,1,1,1,1
1,1,1,1,1,1,1,1,1,1
1,1,1,1,1,1,1,1,1,1
1,1,1,1,1,1,1,1,1,1
1,1,1,1,1,1,1,1,1,1
1,1,1,1,1,1,1,1,1,1
1,1,1,1,1,1,1,1,1,1
1,1,1,1,1,1,1,1,1,1
1,1,1,1,1,1,1,1,1,1
1,1,1,1,1,1,1,1,1,1
1,1,1,1,1,1,1,1,1,1
1,1,1,1,1,1,1,1,1,1
1,1,1,1,1,1,1,1,1,1
1,1,1,1,1,1,1,1,1,1
1,1,1,1,1,1,1,1,1,1
1,1,1,1,1,1,1,1,1,1
1,1,1,1,1,1,1,1,1,1
1,1,1,1,1,1,1,1,1,1
1,1,1,1,1,1,1,1,1,1
1,1,1,1,1,1,1,1,1,1
1,1,1,1,1,1,1,1,1,1
1,1,1,1,1,1,1,1,1,1
1,1,1,1,1,1,1,1,1,1
1,1,1,1,1,1,1,1,1,1
1,1,1,1,1,1,1,1,1,1
1,1,1,1,1,1,1,1,1,1
1,1,1,1,1,1,1,1,1,1
1,1,1,1,1,1,1,1,1,1
1,1,1,1,1,1,1,1,1,1
1,1,1,1,1,1,1,1,1,1
1,1,1,1,1,1,1,1,1,1
1,1,1,1,1,1,1,1,1,1
1,1,1,1,1,1,1,1,1,1
1,1,1,1,1,1,1,1,1,1
1,1,1,1,1,1,1,1,1,1
1,1,1,1,1,1,1,1,1,1
1,1,1,1,1,1,1,1,1,1
1,1,1,1,1,1,1,1,1,1
1,1,1,1,1,1,1,1,1,1
1,1,1,1,1,1,1,1,1,1
1,1,1,1,1,1,1,1,1,1
1,1,1,1,1,1,1,1,1,1
1,1,1,1,1,1,1,1,1,1
1,1,1,1,1,1,1,1,1,1
1,1,1,1,1,1,1,1,1,1
1,1,1,1,1,1,1,1,1,1
1,1,1,1,1,1,1,1,1,1
1,1,1,1,1,1,1,1,1,1
1,1,1,1,1,1,1,1,1,1
1,1,1,1,1,1,1,1,1,1
1,1,1,1,1,1,1,1,1,1
1,1,1,1,1,1,1,1,1,1
1,1,1,1,1,1,1,1,1,1
1,1,1,1,1,1,1,1,1,1
1,1,1,1,1,1,1,1,1,1
1,1,1,1,1,1,1,1,1,1
1,1,1,1,1,1,1,1,1,1
1,1,1,1,1,1,1,1,1,1
1,1,1,1,1,1,1,1,1,1
1,1,1,1,1,1,1,1,1,1
1,1,1,1,1,1,1,1,1,1
1,1,1,1,1,1,1,1,1,1
1,1,1,1,1,1,1,1,1,1
1,1,0.9910153,1,1,1,1,1,1,1
1,1,0.979111,1,1,1,1,1,1,1
1,1,0.9670424,1,1,1,1,1,1,1
1,1,0.9548134,1,1,1,1,1,1,1
1,1,0.9424292,1,1,1,1,1,1,1
1,1,0.9298958,1,1,1,1,1,1,1
1,1,0.9172198,1,1,1,1,1,1,1
1,1,0.916241,1,1,1,1,1,1,1
1,1,0.916619,1,1,1,1,1,1,1
1,1,0.9170164,1,1,1,1,1,1,1
1,1,0.9174329,1,1,1,1,1,1,1
1,1,0.9178678,1,1,1,1,1,1,1
1,1,0.9183211,1,1,1,1,1,1,1
1,1,0.9187924,1,1,1,1,1,1,1
1,1,0.9192808,1,1,1,1,1,1,1
1,1,0.9197863,1,1,1,1,1,1,1
1,1,0.9203084,1,1,1,1,1,1,1
1,1,0.9208468,1,1,1,1,1,1,1
1,1,0.9213891,1,1,1,1,1,1,1
1,1,0.9219474,1,1,1,1,1,1,1
1,1,0.9225213,1,1,1,1,1,1,1
1,1,0.9231103,1,1,1,1,1,1,1
1,1,0.9237022,1,1,1,1,1,1,1
1,1,0.9243088,1,1,1,1,1,1,1
1,1,0.92493,1,1,1,1,1,1,1
1,1,0.9255534,1,1,1,1,1,1,1
1,1,0.9261909,1,1,1,1,1,1,1
1,1,0.9268303,1,1,1,1,1,1,1
1,1,0.9274836,1,1,1,1,1,1,1
1,1,0.9281381,1,1,1,1,1,1,1
1,1,0.9288065,1,1,1,1,1,1,1
1,1,0.929476,1,1,1,1,1,1,1
1,0.8967983,1,1,1,1,1,1,1,1
1,0.8750811,1,1,1,1,1,1,1,2
1,0.852709,1,1,1,1,1,1,1,2
1,0.8297497,1,1,1,1,1,1,1,2
1,0.8062812,1,1,1,1,1,1,1,2
1,0.782388,1,1,1,1,1,1,1,2
1,0.7581607,1,1,1,1,1,1,1,2
1,0.7336945,1,1,1,1,1,1,1,2
1,0.7090856,1,1,1,1,1,1,1,2
1,0.6844321,1,1,1,1,1,1,1,2
1,0.6598278,1,1,1,1,1,1,1,2
1,0.6353633,1,1,1,1,1,1,1,2
1,0.6111234,1,1,1,1,1,1,1,2
1,0.6082497,1,1,1,1,1,1,1,2
1,0.6153576,1,1,1,1,1,1,1,2
1,0.622682,1,1,1,1,1,1,1,2
1,0.6302087,1,1,1,1,1,1,1,2
1,0.637923,1,1,1,1,1,1,1,2
1,0.6458185,1,1,1,1,1,1,1,2
1,0.6538799,1,1,1,1,1,1,1,2
1,0.6621004,1,1,1,1,1,1,1,2
1,0.6704639,1,1,1,1,1,1,1,2
0.7995576,0.6789628,1,1,1,1,1,1,1,2
0.7413444,0.6935775,1,1,1,1,1,1,1,2
0.6854263,0.7105393,1,1,1,1,1,1,1,2
0.6324133,1,1,1,1,1,1,1,1,2
0.5914344,1,1,1,1,1,1,1,1,2
0.5513359,1,1,1,1,1,1,1,1,2
0.5368727,1,1,1,1,1,1,1,1,2
0.5444974,1,1,1,1,1,1,1,1,2
0.5524742,1,1,1,1,1,1,1,1,2
0.5607976,1,1,1,1,1,1,1,1,2
0.569454,1,1,1,1,1,1,1,1,2
0.5784294,1,1,1,1,1,1,1,1,2
0.5877165,1,1,1,1,1,1,1,1,2
0.597292,1,1,1,1,1,1,1,1,2
0.6071472,1,1,1,1,1,1,1,1,2
0.6172574,1,1,1,1,1,1,1,1,2
0.6276122,1,1,1,1,1,1,1,1,2
0.6382009,1,1,1,1,1,1,1,1,2
0.6489963,1,1,1,1,1,1,1,1,2
1,1,1,1,1,1,1,1,1,1
1,1,1,1,1,1,1,1,1,1
1,1,1,1,1,1,1,1,1,1
1,1,1,1,1,1,1,1,1,1
1,1,1,1,1,1,1,1,1,1
1,1,1,1,1,1,1,1,1,1
1,1,1,1,1,1,1,1,1,1
1,1,1,1,1,1,1,1,1,1
1,1,1,1,1,1,1,1,1,1
1,1,1,1,1,1,1,1,1,1
1,1,1,1,1,1,1,1,1,1
1,1,1,1,1,1,1,1,1,1
1,1,1,1,1,1,1,1,1,1
1,1,1,1,1,1,1,1,1,1
1,1,1,1,1,1,1,1,1,1
1,1,1,1,1,1,1,1,1,1
1,1,1,1,1,1,1,1,1,1
1,1,1,1,1,1,1,1,1,1
1,1,1,1,1,1,1,1,1,1
1,1,1,1,1,1,1,1,1,1
0.9982117,1,1,1,1,1,1,1,1,1
0.983344,1,1,1,1,1,1,1,1,1
0.9678852,1,1,1,1,1,1,1,1,1
0.951846,1,1,1,1,1,1,1,1,1
0.9352432,1,1,1,1,1,1,1,1,1
0.9180994,1,1,1,1,1,1,1,1,1
0.917339,1,0.9901618,1,1,1,1,1,1,1
0.9245725,1,0.9809709,1,1,1,1,1,1,1
0.9316894,1,0.9718018,1,1,1,1,1,1,1
0.9386942,1,0.9626514,1,1,1,1,1,1,1
0.9455754,1,0.9535173,1,1,1,1,1,1,1
0.9523226,1,0.9443966,1,1,1,1,1,1,1
0.9589416,1,0.9352873,1,1,1,1,1,1,1
0.9654229,1,0.9261875,1,1,1,1,1,1,1
0.9717576,1,0.9170953,1,1,1,1,1,1,1
0.9779531,1,0.9080089,1,1,1,1,1,1,1
0.9840018,1,0.8989272,1,1,1,1,1,1,1
0.9899041,1,0.8898488,1,1,1,1,1,1,1
0.995653,1,0.8807727,1,1,1,1,1,1,1
1,1,0.8716974,1,1,1,1,1,1,1
1,1,0.8626229,1,1,1,1,1,1,1
1,1,0.8535485,1,1,1,1,1,1,1
1,1,0.844474,1,1,1,1,1,1,1
1,1,0.8353995,1,1,1,1,1,1,1
1,1,0.8263251,1,1,1,1,1,1,1
1,1,0.817251,1,1,1,1,1,1,1
1,1,0.8081769,1,1,1,1,1,1,1
1,1,0.7991028,1,1,1,1,1,1,1
1,1,0.7900287,1,1,1,1,1,1,1
1,1,0.780955,1,1,1,1,1,1,1
1,1,0.7718813,1,1,1,1,1,1,1
1,1,0.7628076,1,1,1,1,1,1,1
1,1,0.7537339,1,1,1,1,1,1,1
1,1,0.7446605,1,1,1,1,1,1,1
1,1,0.7355872,1,1,1,1,1,1,1
1,1,0.7265139,1,1,1,1,1,1,1
1,1,0.7174405,1,1,1,1,1,1,1
1,1,0.7083676,1,1,1,1,1,1,1
1,1,0.6992946,1,1,1,1,1,1,1
1,1,0.6902217,1,1,1,1,1,1,1
1,1,0.6811491,1,1,1,1,1,1,1
1,1,0.6720766,1,1,1,1,1,1,1
1,1,0.663004,1,1,1,1,1,1,1
1,1,0.6539318,1,1,1,1,1,1,1
1,1,0.6448597,1,1,1,1,1,1,1
1,1,1,1,1,1,1,1,1,1
1,1,1,1,1,1,1,1,1,1
1,1,1,1,1,1,1,1,1,1
1,1,1,1,1,1,1,1,1,1
1,1,1,1,1,1,1,1,1,1
1,1,1,1,1,1,1,1,1,1
1,0.9906173,1,1,1,1,1,1,1,1
1,0.9805217,1,1,1,1,1,1,1,1
1,0.9703478,1,1,1,1,1,1,1,1
1,0.9600987,1,1,1,1,1,1,1,1
1,0.9497781,1,1,1,1,1,1,1,1
1,0.9393894,1,1,1,1,1,1,1,1
1,0.9289365,1,1,1,1,1,1,1,1
1,0.5706939,1,1,1,1,1,1,1,2
1,0.5588185,1,1,1,1,1,1,1,2
1,0.5470728,1,1,1,1,1,1,1,2
1,0.5354587,1,1,1,1,1,1,1,2
1,0.5239784,1,1,1,1,1,1,1,2
1,0.5126334,1,1,1,1,1,1,1,2
1,0.5014244,1,1,1,1,1,1,1,2
1,0.4903521,1,1,1,1,1,1,1,2
1,0.4794165,1,1,1,1,1,1,1,2
1,0.4686175,1,1,1,1,1,1,1,2
1,0.457954,1,1,1,1,1,1,1,2
1,0.447425,1,1,1,1,1,1,1,2
1,0.4370288,1,1,1,1,1,1,1,2
1,0.4267638,1,1,1,1,1,1,1,2
1,0.4166285,1,1,1,1,1,1,1,2
1,0.4142764,1,1,1,1,1,1,1,2
1,0.4417809,1,1,1,1,1,1,1,2
1,0.470067,1,1,1,1,1,1,1,2
0.4852898,0.4990491,1,1,1,1,1,1,1,2
0.4657211,0.556061,1,1,1,1,1,1,1,2
0.4474858,1,1,1,1,1,1,1,1,2
0.4317965,1,1,1,1,1,1,1,1,2
0.4166327,1,1,1,1,1,1,1,1,2
0.4019884,1,1,1,1,1,1,1,1,2
0.3878559,1,1,1,1,1,1,1,1,2
0.3742243,1,1,1,1,1,1,1,1,2
0.3610814,1,1,1,1,1,1,1,1,2
0.3623106,1,1,1,1,1,1,1,1,2
0.3830395,1,1,1,1,1,1,1,1,2
0.4045058,1,1,1,1,1,1,1,1,2
0.4266753,1,1,1,1,1,1,1,1,2
0.4494953,1,1,1,1,1,1,1,1,2
0.4729311,1,1,1,1,1,1,1,1,2
0.4969173,1,1,1,1,1,1,1,1,2
0.7227286,1,1,1,1,1,1,1,1,2
0.7455696,1,1,1,1,1,1,1,1,2
0.7682508,1,1,1,1,1,1,1,1,2
0.7907097,1,1,1,1,1,1,1,1,1
0.8128983,1,1,1,1,1,1,1,1,1
0.8347581,1,1,1,1,1,1,1,1,1
0.8562325,1,1,1,1,1,1,1,1,1
0.8772826,1,1,1,1,1,1,1,1,1
0.8978714,1,1,1,1,1,1,1,1,1
1,1,1,1,1,1,1,1,1,1
1,1,1,1,1,1,1,1,1,1
1,1,1,1,1,1,1,1,1,1
1,1,1,1,1,1,1,1,1,1
1,1,1,1,1,1,1,1,1,1
1,1,1,1,1,1,1,1,1,1
1,1,1,1,1,1,1,1,1,1
1,1,1,1,1,1,1,1,1,1
1,1,1,1,1,1,1,1,1,1
1,1,1,1,1,1,1,1,1,1
1,1,1,1,1,1,1,1,1,1
1,1,1,1,1,1,1,1,1,1
1,1,1,1,1,1,1,1,1,1
1,1,1,1,1,1,1,1,1,1
1,1,1,1,1,1,1,1,1,1
1,1,1,1,1,1,1,1,1,1
1,1,1,1,1,1,1,1,1,1
1,1,1,1,1,1,1,1,1,1
1,1,1,1,1,1,1,1,1,1
1,1,1,1,1,1,1,1,1,1
1,1,1,1,1,1,1,1,1,1
1,1,1,1,1,1,1,1,1,1
1,1,1,1,1,1,1,1,1,1
1,1,1,1,1,1,1,1,1,1
1,1,1,1,1,1,1,1,1,1
1,1,1,1,1,1,1,1,1,1
1,1,1,1,1,1,1,1,1,1
1,1,1,1,1,1,1,1,1,1
1,1,1,1,1,1,1,1,1,1
1,1,1,1,1,1,1,1,1,1
1,1,1,1,1,1,1,1,1,1
1,1,1,1,1,1,1,1,1,1
1,1,1,1,1,1,1,1,1,1
1,1,1,1,1,1,1,1,1,1
1,1,1,1,1,1,1,1,1,1
1,1,1,1,1,1,1,1,1,1
1,1,1,1,1,1,1,1,1,1
1,1,1,1,1,1,1,1,1,1
1,1,1,1,1,1,1,1,1,1
1,1,1,1,1,1,1,1,1,1
1,1,1,1,1,1,1,1,1,1
1,1,1,1,1,1,1,1,1,1
1,1,1,1,1,1,1,1,1,1
1,1,1,1,1,1,1,1,1,1
1,1,1,1,1,1,1,1,1,1
1,1,1,1,1,1,1,1,1,1
1,1,1,1,1,1,1,1,1,1
1,1,1,1,1,1,1,1,1,1
1,1,1,1,1,1,1,1,1,1
1,1,1,1,1,1,1,1,1,1
1,1,1,1,1,1,1,1,1,1
1,1,1,1,1,1,1,1,1,1
1,1,1,1,1,1,1,1,1,1
1,1,1,1,1,1,1,1,1,1
1,1,1,1,1,1,1,1,1,1
1,1,1,1,1,1,1,1,1,1
1,1,1,1,1,1,1,1,1,1
1,1,1,1,1,1,1,1,1,1
1,1,1,1,1,1,1,1,1,1
1,1,1,1,1,1,1,1,1,1
1,1,1,1,1,1,1,1,1,1
0.9985463,1,1,1,1,1,1,1,1,1
0.9910907,1,1,1,1,1,1,1,1,1
0.9835675,1,1,1,1,1,1,1,1,1
0.9759789,1,1,1,1,1,1,1,1,1
0.9683272,1,0.9889959,1,1,1,1,1,1,1
0.9607019,1,0.9692267,1,1,1,1,1,1,1
0.9531706,1,0.9499041,1,1,1,1,1,1,1
0.9457271,1,0.941668,1,1,1,1,1,1,1
0.9382831,1,0.9344541,1,1,1,1,1,1,1
0.9308311,1,0.9272481,1,1,1,1,0.9950856,1,1
0.9349054,1,0.9199675,1,1,1,1,0.9875101,1,1
0.9504164,1,0.9124807,1,1,1,1,0.9798611,1,1
0.9644611,1,0.904703,1,1,1,1,0.9721224,1,1
0.9770364,1,0.8966475,1,1,1,1,0.9643027,1,1
0.9881417,1,0.8883291,1,1,1,1,0.9564177,1,1
0.9977938,1,0.879764,1,1,1,1,0.9484842,1,1
1,1,0.8709698,1,1,1,1,0.9405136,1,0
1,1,0.862007,1,1,1,1,0.932538,1,0
1,1,0.8528996,0.990475,1,1,1,0.9245761,1,0
1,1,0.8435732,0.9777028,1,1,1,0.9166093,1,0
1,1,0.8340168,0.9644693,1,1,1,0.9277792,1,0
1,1,0.8245037,0.9513659,1,1,1,0.9199063,1,0
1,1,0.814788,0.9378591,1,1,1,0.9120642,1,0
1,1,0.8048876,0.9239874,1,1,1,0.9042748,1,0
1,1,0.7948225,0.909793,1,1,1,1,1,0
1,1,0.7858282,0.8979911,1,1,1,1,0.9952893,0
1,1,0.7767057,0.8859354,1,1,1,1,0.9842577,0
1,1,0.7674026,0.8735107,1,1,1,1,0.9729835,0
1,1,0.7579308,0.8607433,1,1,1,1,0.961493,0
1,1,0.7483042,0.8476628,1,1,1,1,0.9498302,0
1,1,0.7385389,0.8343023,1,1,1,1,0.9380279,0
1,1,0.7286519,0.8206977,1,1,1,1,0.9261276,0
1,1,0.7186622,0.806887,1,1,1,1,0.914173,0
1,1,0.7085892,0.7929097,1,1,1,1,0.9022158,0
1,1,0.6984533,0.7788063,1,1,1,1,0.8902938,0
1,1,0.6963571,0.7646171,1,1,1,1,0.8784525,0
1,1,0.7061017,0.7504169,0.8428038,1,1,1,0.8667673,0
0.9979913,1,0.7321419,0.7346715,0.8216032,1,1,1,0.8538837,0
0.9851173,1,0.7658758,0.719067,0.8006752,1,1,1,0.8413736,0
0.9725963,1,0.8081349,0.7037606,0.7802713,1,1,1,0.8293737,0
0.9605305,1,0.8613869,0.6887836,0.7604366,1,1,1,0.8179229,0
0.9490199,1,0.9291293,0.6741562,0.7411991,1,1,1,0.8270725,0
0.9389403,1,1,0.6601104,0.7229425,1,1,1,0.8168327,0
0.929336,1,1,0.6463721,0.7052072,1,1,1,0.827247,0
0.9205944,1,1,0.6330332,0.6881477,1,1,1,0.9094124,0
0.9153286,1,1,0.6207245,0.6728467,1,1,1,0.9896173,0
0.9131316,1,1,0.6092794,0.6590372,0.7422017,1,1,1,0
0.9053082,1,1,0.5966061,0.6431034,0.7212273,1,1,1,0
0.8976547,1,1,0.5841254,0.6274911,0.7008138,1,1,1,0
0.8902441,1,1,0.5718486,0.6122197,0.6809871,1,1,1,0
0.8831242,1,1,0.5597814,0.5972997,0.6617601,1,1,1,0
0.8763368,1,1,0.5479246,0.5827345,0.6431344,1,1,1,0
0.8699172,1,1,0.5362747,0.568521,0.6251022,1,1,1,0
0.8638815,1,1,0.5248249,0.5546514,0.6076482,1,1,1,0
0.8582355,1,1,0.5135653,0.5411134,0.5907514,1,0.9472678,1,0
0.851672,1,1,0.5022784,0.5274661,0.5736641,1,0.9444277,1,0
0.8456004,1,1,0.4911969,0.5141788,0.5571772,1,0.9466791,1,0
0.8401126,1,1,0.4803188,0.5012623,0.5413129,1,0.949149,1,0
0.8351797,1,1,0.4708364,0.4886833,0.5260186,1,0.951784,1,0
0.8307669,1,1,0.5041639,0.4764101,0.511245,0.612784,0.9545372,1,0
0.8362753,1,1,0.5817119,0.4634905,0.4952812,0.5888838,0.9603515,1,0
0.8473542,1,1,0.7027985,0.4508683,0.4797917,0.5660142,0.9669247,1,0
0.859563,1,1,1,0.4385275,0.4647493,0.544102,1,1,0
0.8730484,1,1,1,0.4264531,0.450129,0.5230814,1,1,0
0.8879859,1,1,1,0.4146306,0.4359068,0.5028918,1,1,0
0.9045836,1,1,1,0.4030465,0.4220605,0.4834779,1,1,0
0.9230934,1,1,1,0.3916882,0.4085699,0.4647895,1,1,0
0.9438213,1,1,1,0.3805433,0.3954152,0.4467801,1,1,0
0.9671413,1,1,1,0.4100743,0.3825784,0.4294073,1,1,0
0.9934779,1,1,1,0.4988936,0.3700437,0.4126349,1,0.878038,0
1,0.9868637,1,1,0.6479144,0.357792,0.3964198,1,0.8765904,0
1,0.968276,1,1,1,0.3458095,0.380732,1,0.8799925,0
1,0.9505302,1,1,1,0.3340822,0.3655408,1,0.8840276,0
1,0.9407129,1,1,1,0.3226244,0.3508975,0.4959176,0.8885939,0
1,0.9489552,1,1,1,0.3113625,0.3366075,0.4686319,0.8939245,0
1,0.9580724,1,1,1,0.31231,0.3227342,0.4428393,0.8999314,0
1,0.9004337,1,1,1,0.3741139,0.3092543,0.4184157,0.9066394,0
1,0.8858542,1,1,1,0.4657299,0.2961462,0.3952506,1,0
1,0.8718343,1,1,1,0.6128006,0.2833897,0.3732451,1,0
1,0.8583374,1,1,1,1,0.270966,0.3523103,1,0
1,0.8453301,0.9927651,1,1,1,0.258857,0.332366,1,0
1,0.832781,0.9593058,1,1,1,0.2470461,0.3133399,1,0
1,0.8210162,0.9288683,1,1,1,0.235562,0.2953474,1,0
1,0.8104023,0.9022703,1,1,1,0.2285801,0.2784873,1,0
1,0.8007733,0.8788804,1,1,1,0.2561452,0.2625832,0.4503216,0
1,0.789683,0.8519799,1,1,1,0.2954397,0.2464637,0.4128989,0
1,0.7789398,0.8264966,1,1,1,0.3453284,0.2310011,0.3785027,0
1,0.7685227,0.8023027,1,1,1,0.4101435,0.2161534,0.3467848,0
1,0.7584124,0.7792853,1,1,1,0.496952,0.2018816,0.317448,0
1,0.748597,0.7591335,1,1,1,1,0.1881506,0.2902383,0
1,0.7390527,0.7614913,1,1,1,1,0.1749274,0.2649364,0
1,0.7297694,0.7643957,1,1,1,1,0.1621823,0.2413527,0
1,0.720732,0.7678851,0.9600193,1,1,1,0.1709,0.2193214,0
1,0.7119321,0.7720027,0.9221002,1,1,1,0.1868653,0.198698,0
1,0.7033492,0.7767976,0.886565,1,1,1,0.2047647,0.1793556,0
1,0.6953415,0.7804392,0.8555358,1,1,1,0.2238518,0.1615359,0
1,0.6878239,0.7827064,0.8283372,1,1,1,0.2439644,0.1449763,0
1,0.6807064,0.7835118,0.8043114,1,1,1,0.2649574,0.1374426,0
1,0.6739527,0.7825285,0.7831909,1,1,1,0.286477,0.1456382,0
1,0.6675562,0.7792316,0.7649459,1,1,1,0.3079155,0.1538538,0
1,0.6614562,0.7736601,0.7491187,0.9686674,1,1,0.3289374,0.1620199,0
1,0.655681,0.7651879,0.7359224,0.9484461,1,1,0.3486191,0.1699683,1
1,0.6501666,0.7542189,0.7248207,0.9322169,1,1,0.3667947,0.1776637,1
1,0.6448741,0.741039,0.7154894,0.9193259,1,1,0.3832952,0.1850758,1
1,0.6397845,0.7259479,0.7076868,0.909291,1,1,0.3980071,0.1921731,1
1,0.6348892,0.7092485,0.7012237,0.9017418,1,1,1,0.1989319,2
1,0.6312306,0.683008,0.7032029,0.9099723,1,1,1,0.2035485,2
1,0.6277983,0.6571934,0.7058759,1,1,1,1,0.207861,2
1,0.62436,0.6332843,0.7077093,1,1,1,1,0.2122359,2
1,0.6211539,0.6095735,0.7103553,1,1,1,1,0.2163054,2
1,0.6181849,0.5861674,0.7138004,1,1,1,1,0.2200861,2
1,0.6154506,0.563153,0.7180204,1,1,1,1,0.2236034,2
1,0.6129593,0.5432794,0.7230119,1,1,1,1,0.226866,2
1,0.6106849,0.5435132,0.7286474,1,1,1,1,0.2299229,2
1,0.6085106,0.54373,0.734219,1,1,1,1,0.2329119,2
0.5869875,0.6064236,0.5439216,0.739713,1,1,1,1,0.2358391,2
0.5815391,0.6783978,0.5492555,0.7571721,1,1,1,1,0.236766,2
0.5765699,0.6086757,0.5553188,0.7765616,1,1,1,1,0.2375252,2
0.5720706,0.596524,0.5621598,1,1,1,1,1,0.2381268,2
0.5680465,0.5977636,0.5694841,1,1,1,1,1,0.2386768,2
0.5644765,0.5992783,0.5771447,1,1,1,1,1,0.2392075,2
0.5613159,0.6010291,0.5850955,1,1,1,1,1,0.2397267,2
0.558535,0.6014432,0.5933088,1,1,1,1,1,0.2402267,2
0.5560943,0.5574785,0.6017807,1,1,1,1,1,0.2407053,2
0.5540097,0.5156552,0.6118063,1,1,1,1,1,0.2409231,2
0.552308,0.4761548,0.6234117,1,1,1,1,1,0.2409186,2
0.5510095,0.4390453,0.6366196,1,1,1,1,1,0.240726,2
0.5501277,0.4311883,0.6514499,1,1,1,1,1,0.2403736,2
0.549593,0.4342318,0.6669163,1,1,1,1,1,0.2400072,2
0.6665468,0.437381,0.6825784,1,1,1,1,1,0.2396613,2
0.5381477,0.4391561,1,1,1,1,1,1,0.2398544,2
0.5376965,0.4404735,1,1,1,1,1,1,0.2401938,2
0.5373616,0.4418759,1,1,1,1,1,1,0.2404791,2
0.5371392,0.4433604,1,1,1,1,1,1,0.2407096,2
0.5370194,0.4449162,1,1,1,1,1,1,0.240891,2
0.5369923,0.4465331,1,1,1,1,1,1,0.2410288,2
0.5370546,0.448208,1,1,1,1,1,1,0.2411217,2
0.5274985,0.4499383,1,1,1,1,1,1,0.2411686,2
0.458226,0.4518556,1,1,1,1,1,1,1,2
0.3715429,0.4586622,1,1,1,1,1,1,1,2
0.3729677,0.4661744,1,1,1,1,1,1,1,2
1,1,1,1,1,1,1,1,1,1
1,1,1,1,1,1,1,0.9391294,1,1
1,1,1,1,1,1,1,0.9406967,1,1
1,1,1,1,1,1,1,0.9422544,1,1
1,1,1,1,1,1,1,0.9438021,1,1
1,1,1,1,1,1,1,0.9453398,1,1
1,1,1,1,1,1,1,0.9468675,1,1
1,1,1,1,1,1,1,0.9483849,1,1
1,1,1,1,1,1,1,0.9498923,1,1
1,1,1,1,1,1,1,0.9513814,1,1
1,1,1,1,1,1,1,0.9528605,1,1
1,1,1,1,1,1,1,0.9543215,1,1
1,1,1,1,1,1,1,0.9557725,1,1
1,1,1,1,1,1,1,0.9572056,1,1
1,1,1,1,1,1,1,0.9586208,1,1
1,1,1,1,1,1,1,0.9600185,1,1
1,1,1,1,1,1,1,0.9613988,0.9790352,1
1,1,1,1,1,1,1,0.9634951,0.9370143,1
1,1,1,1,1,1,1,0.9670442,0.8907463,0
1,1,1,1,1,1,1,0.9722143,0.8408096,0
1,1,1,1,1,1,1,1,0.7880266,0
1,1,1,1,1,1,1,1,0.7601426,0
1,1,1,1,1,1,1,1,0.7631705,0
1,1,1,1,1,1,1,1,0.766345,0
1,1,1,1,1,1,1,1,0.769663,0
1,1,1,1,1,1,1,1,0.7731208,0
1,1,1,1,1,1,1,1,0.7767153,0
1,1,1,1,1,1,1,1,0.7804365,0
1,1,1,1,1,1,1,1,0.7842807,0
1,1,1,1,1,1,1,1,0.7882442,0
1,1,1,1,1,1,1,1,0.7923169,0
1,1,1,1,1,1,1,1,0.7964946,0
1,1,1,1,1,1,1,1,0.8007737,0
1,1,1,1,1,1,1,1,0.8051438,0
1,1,1,1,1,1,1,1,0.8096007,0
1,1,1,1,1,1,1,1,0.8141406,0
1,1,1,1,1,1,1,1,0.8187526,0
1,1,1,1,1,1,1,1,0.8234399,0
1,1,1,1,1,1,1,1,0.8281846,0
1,1,1,1,1,1,1,1,0.8329898,0
1,1,1,1,1,1,1,1,0.8378447,0
1,1,1,1,1,1,1,1,0.8427455,0
1,1,1,1,1,1,1,1,0.8476815,0
1,1,1,1,1,1,1,1,0.8526489,0
1,1,1,1,1,1,1,1,0.8576439,0
1,1,1,1,1,1,1,1,0.8626562,0
1,1,1,1,1,1,1,1,1,1
1,1,1,1,1,1,1,1,1,1
1,1,1,1,1,1,1,1,1,1
1,1,1,1,1,1,1,1,1,1
1,1,1,1,1,1,1,1,1,1
1,1,1,1,1,1,1,1,1,1
1,1,1,1,1,1,1,1,1,1
1,1,1,1,1,1,1,1,1,1
1,1,1,1,1,1,1,1,1,1
1,1,1,1,1,1,1,1,1,1
1,1,1,1,1,1,1,1,1,1
1,1,1,1,1,1,1,1,1,1
1,1,1,1,1,1,1,1,1,1
1,1,1,1,1,1,1,1,1,1
1,1,1,1,1,1,1,1,1,1
1,1,1,1,1,1,1,1,1,1
1,1,1,1,1,1,1,1,1,1
1,1,1,1,1,1,1,1,1,1
1,1,1,1,1,1,1,1,1,1
1,1,1,1,1,1,1,1,1,1
1,1,1,1,1,1,1,1,1,1
1,1,1,1,1,1,1,1,1,1
1,1,1,1,1,1,1,1,1,1
1,1,1,1,1,1,1,1,1,1
1,1,1,1,1,1,1,1,1,1
1,1,1,1,1,1,1,1,1,1
1,1,1,1,1,1,1,1,1,1
1,1,1,1,1,1,1,1,1,1
1,1,1,1,1,1,1,1,1,1
1,1,1,1,1,1,1,1,1,1
1,1,1,1,1,1,1,1,1,1
0.9746608,1,1,1,1,1,1,1,1,1
0.94331,1,1,1,1,1,1,1,1,1
0.9410645,1,1,1,1,1,1,1,1,1
0.9388512,1,1,1,1,1,1,1,1,1
0.9366707,1,1,1,1,1,1,1,1,1
0.9345297,1,1,1,1,1,1,1,1,1
0.9324223,1,1,1,1,1,1,1,1,1
0.9303496,1,1,1,1,1,1,1,1,1
0.9283179,1,1,1,1,1,1,1,1,1
0.926328,1,1,1,1,1,1,1,1,1
0.9243803,1,1,1,1,1,1,1,1,1
0.9224755,1,1,1,1,1,1,1,1,1
0.9206139,1,1,1,1,1,1,1,1,1
0.9187962,1,1,1,1,1,1,1,1,1
0.9170292,1,1,1,1,1,1,1,1,1
0.915307,1,1,1,1,1,1,1,1,1
0.9136365,1,1,1,1,1,1,1,1,1
0.912018,1,1,1,1,1,1,1,1,1
0.910452,1,1,1,1,1,1,1,1,1
0.908939,1,1,1,1,1,1,1,1,1
0.9074794,1,1,1,1,1,1,1,1,1
1,1,1,1,1,1,1,1,1,1
1,1,1,1,1,1,1,1,1,1
1,1,1,1,1,1,1,1,1,1
1,1,1,1,1,1,1,1,1,1
1,1,1,1,1,1,1,1,1,1
1,1,1,1,1,1,1,1,1,1
1,1,1,1,1,1,1,1,1,1
1,1,1,1,1,1,1,1,1,1
1,1,1,1,1,1,1,1,1,1
1,1,1,1,1,1,1,1,1,1
1,1,1,1,1,1,1,1,1,1
1,1,1,1,1,1,1,1,1,1
1,1,0.9936697,1,1,1,1,1,1,1
1,1,0.9815621,1,1,1,1,1,1,1
1,1,0.9692611,1,1,1,1,1,1,1
1,1,0.9567714,1,1,1,1,1,1,1
1,1,0.944098,1,1,1,1,1,1,1
1,1,0.9312475,1,1,1,1,1,1,1
1,1,0.9182276,1,1,1,1,1,1,1
1,1,0.9050462,1,1,1,1,1,1,1
1,1,0.8917123,1,1,1,1,1,1,1
1,1,0.8782355,1,1,1,1,1,1,1
1,1,0.8646269,1,1,1,1,1,1,1
1,1,0.8508971,1,1,1,1,1,1,1
1,1,0.8370581,1,1,1,1,1,1,1
1,1,0.8231215,1,1,1,1,1,1,1
1,1,0.8091009,1,1,1,1,1,1,2
1,1,0.7950085,1,1,1,1,1,1,2
1,1,0.7808579,1,1,1,1,1,1,2
1,1,0.7666618,1,1,1,1,1,1,2
1,1,0.7571762,1,1,1,1,1,1,2
1,1,0.7615443,1,1,1,1,1,1,2
1,1,0.7659263,1,1,1,1,1,1,2
1,1,0.7703329,1,1,1,1,1,1,2
1,1,0.7747506,1,1,1,1,1,1,2
1,1,0.7791789,1,1,1,1,1,1,2
1,1,0.7836038,1,1,1,1,1,1,2
1,1,0.7880373,1,1,1,1,1,1,2
1,1,0.7924656,1,1,1,1,1,1,2
1,1,0.7968879,1,1,1,1,1,1,2
1,1,0.8013035,1,1,1,1,1,1,1
1,0.9003063,0.8057114,1,1,1,1,1,1,2
1,0.8744699,0.8151836,1,1,1,1,1,1,2
1,0.848488,0.8260662,1,1,1,1,1,1,2
1,0.8224748,0.8384329,1,1,1,1,1,1,2
1,0.7965368,0.8523493,1,1,1,1,1,1,2
1,0.7707731,0.8679121,1,1,1,1,1,1,2
1,0.7452738,0.8851978,1,1,1,0.9819948,1,1,2
1,0.7203859,1,1,1,1,0.9603847,1,1,2
1,0.6976318,1,1,1,1,0.9431521,1,1,2
1,0.675098,1,1,1,1,0.9257112,1,1,2
1,0.6528353,1,1,1,1,0.9081707,1,1,2
1,0.6308881,1,1,1,1,0.8906409,1,1,2
1,0.6092933,1,1,1,1,0.8732039,1,1,2
1,0.5880808,1,1,1,1,0.8559554,1,1,2
1,0.567275,1,1,1,1,0.8389373,1,1,2
1,0.5468929,1,1,1,1,0.82222,1,1,2
1,0.5486091,1,1,1,1,0.8058352,1,1,2
1,0.5550021,1,1,1,1,0.7907336,1,1,2
1,0.5613006,1,1,1,1,0.7769382,1,1,2
1,0.5674838,1,1,1,1,0.7643012,1,1,2
1,0.5735407,1,1,1,1,0.7526867,1,1,2
1,0.5794703,1,1,1,1,0.7419679,1,1,2
1,0.5852547,1,1,1,1,0.7320593,1,1,2
0.7837487,0.5908858,1,1,1,1,0.7228768,1,1,2
0.7334183,0.6020589,1,1,1,1,0.7050158,1,1,2
0.6850808,0.6145179,1,1,1,1,0.6868944,1,1,2
0.6390687,0.6282833,1,1,1,1,0.6687607,1,1,2
0.5955768,0.6433576,1,1,1,1,0.6508301,1,1,2
0.554684,0.6597244,1,1,1,1,0.6332802,1,1,2
0.5163783,0.6773594,1,1,1,1,0.6162414,1,1,2
0.4805778,0.6962301,1,1,1,1,0.5998014,1,1,2
0.4776267,1,1,1,1,1,0.5846408,1,1,2
0.4827945,1,1,1,1,1,0.575918,1,1,2
0.4879494,1,1,1,1,1,0.5668428,1,1,2
0.4930662,1,1,1,1,1,0.557413,1,1,2
0.4981347,1,1,1,1,1,0.5486315,1,1,2
0.5031464,1,1,1,1,1,0.5408937,1,1,2
0.5080901,1,1,1,1,1,0.5335232,1,1,2
0.5129647,1,1,1,1,1,0.5264814,1,1,1
0.5177693,1,1,1,1,1,0.5197343,1,1,1
0.522489,1,1,1,1,1,0.5132694,1,1,1
0.5271239,1,1,1,1,1,0.5070589,1,1,1
0.5316676,1,1,1,1,1,0.5010865,1,1,1
0.5361214,1,1,1,1,1,0.4953294,1,1,1
0.5404794,1,1,1,1,1,0.489776,1,1,1
0.5447361,1,1,1,1,1,0.4844163,1,1,1
0.5488941,1,1,1,1,1,0.479233,1,1,1
0.552956,1,1,1,1,1,0.4742104,1,1,1
0.5569171,1,1,1,1,1,0.4693431,1,1,1
0.5607732,1,1,1,1,1,0.4646266,1,1,1
0.5645278,1,1,1,1,1,0.4600487,1,1,1
0.5681841,1,1,1,1,1,0.455598,1,1,1
0.5717388,1,1,1,1,1,0.4512734,1,1,1
0.5751953,1,1,1,1,1,0.4470649,1,1,1
0.5785503,1,1,1,1,1,0.4429729,1,1,1
0.5818077,1,1,1,1,1,0.4389889,1,1,1
0.5849717,1,1,1,1,1,0.4351053,1,1,1
1,1,1,1,1,1,0.431315,1,1,0
1,1,1,1,1,1,0.4346706,0.4944369,1,0
1,1,1,1,1,1,0.4409613,0.447854,1,0
0.5770466,1,1,1,1,1,0.4480891,0.4054767,1,0
0.5730207,1,1,1,1,1,0.4561136,0.3667344,1,0
0.5691072,1,1,1,1,1,1,0.331156,1,0
0.5688592,1,1,1,1,1,1,0.3169861,1,0
1,1,1,1,1,1,1,0.3163438,1,0
1,1,1,1,1,1,1,0.3181101,1,0
0.5610392,1,1,1,1,1,1,0.3202966,1,0
1,1,1,1,1,1,1,0.3200727,1,0
1,1,1,1,1,1,1,0.3228588,1,0
0.5537378,1,1,1,1,1,1,0.3261153,1,0
1,1,1,1,1,1,1,0.3262489,0.4618284,0
1,1,1,1,1,1,1,0.3301322,0.3559357,0
1,1,1,1,1,1,1,0.3345399,0.2736364,0
1,1,1,1,1,1,1,0.3395005,0.2745432,0
0.5403763,1,1,1,1,1,1,0.3450455,0.2757941,0
0.5372362,1,1,1,1,1,1,1,0.2774015,0
1,1,1,1,1,1,1,1,0.2783998,0
0.5325704,1,0.8977644,1,1,1,1,1,0.2805468,0
1,1,0.8834809,1,1,1,1,1,0.2817157,0
1,1,0.8483089,1,1,1,1,1,0.2843775,0
1,1,0.8156578,1,1,1,1,1,0.2874242,0
1,1,0.7852341,1,1,1,1,1,0.2908675,0
0.5194579,1,0.7567869,1,1,1,1,1,0.2947206,1
1,1,0.7521148,1,1,1,1,1,0.2963716,0
1,1,0.7322105,1,1,1,1,1,0.3006991,0
1,1,0.7305644,1,1,1,1,1,0.8895488,1
1,1,0.7174098,1,1,1,1,1,0.8904901,1
1,1,0.7041366,1,1,1,1,1,0.891274,1
1,1,0.7001303,1,1,1,1,1,0.8919002,1
1,1,0.7003273,1,1,1,1,1,0.892465,1
1,1,0.7005556,1,1,1,1,1,0.8930175,1
1,1,0.7008251,1,1,1,1,1,0.8935511,1
1,1,0.7011352,1,1,1,1,1,0.8940662,1
1,1,0.7014846,1,1,1,1,1,0.8945638,1
1,1,0.701861,1,1,1,1,1,0.8950503,1
1,1,0.7022756,1,1,1,1,1,1,2
1,1,0.7071501,1,1,1,1,1,1,2
1,1,0.7120837,1,1,1,1,1,1,2
1,1,1,1,1,1,1,1,1,1
1,1,1,1,1,1,1,1,1,1
1,1,1,1,1,1,1,1,1,1
1,1,1,1,1,1,1,1,1,1
1,1,1,1,1,1,1,1,1,1
1,1,1,1,1,1,1,1,1,1
1,1,1,1,1,1,1,1,1,1
1,1,1,1,1,1,1,1,1,1
1,1,1,1,1,1,1,1,1,1
1,1,1,1,1,1,1,1,1,1
1,1,1,1,1,1,1,1,1,1
1,1,1,1,1,1,1,1,1,1
1,1,1,1,1,1,1,1,1,1
1,1,1,1,1,1,1,1,1,1
1,1,1,1,1,1,1,1,1,1
1,1,1,1,1,1,1,1,1,1
1,0.5749012,1,1,1,1,1,1,1,2
1,0.5440127,1,1,1,1,1,1,1,2
1,0.5138765,1,0.9875351,1,1,1,1,1,2
1,0.4845159,1,0.9728033,1,1,1,1,1,2
1,0.4560428,1,0.9664236,1,1,1,1,1,2
1,0.4521338,1,1,1,1,1,1,1,2
1,0.4583497,1,1,1,1,1,1,1,2
1,0.464955,0.9977459,1,1,1,1,1,1,2
1,0.4719576,0.9788412,1,1,1,1,1,1,2
1,0.4794804,0.9605845,1,1,1,1,1,1,2
1,0.4875235,0.9429585,1,1,1,1,1,1,2
1,1,0.9259419,1,1,1,1,1,1,1
1,1,0.9148191,1,1,1,1,1,1,1
1,1,0.9036502,1,1,1,1,1,1,1
1,1,0.8924378,1,0.9982073,1,1,1,1,1
0.4993654,1,0.8811871,0.9915661,0.988317,1,1,1,1,2
0.4417698,1,0.8637317,0.9795814,0.9799566,1,1,1,1,2
0.3906439,1,0.8469371,0.9680893,1,1,1,1,1,2
0.3953036,1,0.8307738,0.9570775,1,1,1,1,1,2
0.4005154,1,0.829511,0.946535,1,1,1,1,1,2
0.4062235,1,0.9004444,0.9364513,1,1,1,1,1,2
0.412455,0.9799177,0.9544873,0.9268171,1,1,1,1,1,2
0.4192323,0.9515133,0.9397691,0.9176246,1,1,1,1,1,2
0.426573,0.9244822,0.9256471,0.9088663,1,1,1,1,1,2
1,0.8987376,0.9121011,1,1,1,1,1,1,1
1,0.8849603,0.9017765,1,1,1,1,1,1,1
1,0.8710281,0.8914211,0.9919402,1,1,1,1,1,1
1,0.856979,0.8810471,0.9826019,1,1,1,1,1,1
1,0.8428361,0.870662,0.9733144,1,1,1,1,1,2
1,0.8286208,0.860274,0.9640805,1,1,1,1,1,2
1,0.8143541,0.8498899,0.9549022,1,1,1,1,1,2
1,0.8000582,0.8395182,0.9457827,1,1,1,1,1,2
1,0.7857538,0.8291661,0.9367234,1,1,1,1,1,2
1,0.7714616,0.8188408,0.9277263,1,1,1,1,1,2
1,0.7572016,0.8085494,0.9187928,1,1,1,1,1,2
1,0.7429923,0.798298,0.9099234,1,1,1,1,1,2
1,0.7288519,0.7880929,0.9011188,1,1,1,1,1,2
1,0.7147964,0.7779391,0.8923783,1,1,1,1,1,2
1,0.7008415,0.7678418,0.8837018,1,1,1,1,1,2
1,0.6870004,0.757805,0.8750877,1,1,1,1,1,2
1,0.6732854,0.7478321,0.8665345,1,1,1,1,1,2
1,0.6597068,0.7379257,0.8580397,1,1,1,1,1,2
1,0.646274,0.7280882,0.8496006,1,1,1,1,1,2
1,0.6329938,0.7183206,0.8412137,1,1,1,1,1,2
0.9193843,0.6315502,0.7086239,1,1,1,1,1,1,2
0.890417,0.6523389,0.6988596,1,1,1,1,1,1,2
0.862146,0.674662,0.6892247,1,1,1,1,1,1,2
0.8346491,0.6985733,0.679726,1,1,1,1,1,1,2
0.8079842,0.7241367,0.6703676,1,1,1,1,1,1,2
0.7821917,0.7325721,0.7710065,1,1,1,1,1,1,2
0.7570299,0.7184959,0.7619282,1,1,1,1,1,1,2
0.7321292,0.7045009,0.7530214,1,1,1,1,1,1,2
0.7076164,0.6906401,0.744306,1,1,1,1,1,1,2
0.6836017,0.6769621,0.7357996,1,1,1,1,1,1,2
0.6601785,0.6635101,0.7275163,1,1,1,1,1,1,2
0.637421,0.6503206,0.7194658,1,1,1,1,1,1,2
0.6153877,0.6374248,0.7116555,1,1,1,1,1,1,2
0.5941185,0.6248463,0.7040879,1,1,1,1,1,1,2
0.5736395,0.6126031,0.6967623,1,1,1,1,1,1,2
0.5539624,0.6007069,1,1,1,1,1,1,1,2
0.5720165,0.5888728,1,1,1,1,1,1,1,2
0.5919507,0.5775764,1,1,1,1,1,1,1,2
0.612368,0.5667691,1,1,1,1,1,1,1,2
0.6332126,0.5563999,1,1,0.9727318,1,1,1,1,2
0.6538334,0.5465024,1,1,0.9456445,1,1,1,1,2
0.6585993,0.53701,1,1,0.9416078,1,1,1,1,2
0.6433581,0.5277649,1,1,0.9399468,1,1,1,1,2
0.628512,0.5477378,1,1,0.938505,1,1,1,1,2
0.6141611,0.6173378,1,1,0.937086,1,1,1,1,2
0.6004274,0.6125785,1,1,0.9353856,1,1,1,1,2
0.5870434,0.603883,1,1,0.9338394,1,1,1,1,2
0.5739959,0.5953526,1,1,0.9324559,1,1,1,1,2
0.5612832,0.5869864,1,0.9766691,0.931219,1,1,1,1,2
0.5490777,0.578817,1,0.9490949,0.9296597,1,1,1,1,2
0.5373836,0.5708347,1,0.9233114,0.9276338,1,1,1,1,2
0.5261562,0.5630187,1,0.899141,0.9251139,1,1,1,1,2
0.5153551,0.5553505,1,0.8764274,0.9220773,1,1,1,1,2
0.5049426,0.5478126,1,0.8550329,0.9185058,1,1,1,1,2
0.4948844,0.5403895,1,0.8348252,0.9143858,1,1,1,1,2
0.4851487,0.5330666,1,0.8156975,0.9097077,1,1,1,1,2
0.4757062,0.6304202,1,0.7975549,0.9044667,1,1,1,1,1
0.4666148,0.7653326,1,0.7806864,0.8983479,1,1,1,1,1
0.4578548,1,1,0.7652328,0.8912928,1,1,1,1,1
0.449449,1,1,0.7577372,0.883094,1,1,1,1,1
0.4582016,1,1,0.7500601,0.8745874,1,1,1,1,1
0.4740292,1,1,0.7420071,0.8654524,1,1,1,1,1
0.4891743,1,1,0.7334998,0.855562,1,1,1,1,1
0.5035606,1,1,0.7245493,0.8449386,1,1,1,1,1
0.5171353,1,1,0.7151707,0.8336105,1,1,1,1,1
0.5280018,1,1,0.7053831,0.8216141,1,1,1,1,1
0.5209242,1,1,0.6952282,0.8090229,1,1,1,1,1
0.5139095,1,1,0.6849055,0.79617,1,1,1,1,1
0.506951,1,1,0.6744267,0.7830771,1,1,1,1,0
0.5000414,1,1,0.6638049,0.7697676,1,1,1,1,0
0.4931726,1,1,0.6530539,0.7562667,1,1,1,1,0
0.4863368,1,1,0.6421885,0.7426001,1,1,1,1,0
0.4795254,1,1,0.6312237,0.7287942,1,1,1,1,0
0.4727293,1,1,0.6201751,0.7148761,1,1,1,1,0
0.4659395,1,1,0.6090581,0.7008728,1,1,1,1,0
0.4591463,1,1,0.5984741,0.6868104,1,1,1,1,0
0.4523361,1,1,0.5918068,0.6727232,1,1,1,1,0
0.4454745,1,1,0.5852412,0.6586903,1,1,1,1,0
0.4385525,1,1,0.5787562,0.6447288,1,1,1,1,0
0.4315611,1,1,0.5723305,0.6308532,1,1,0.9221861,1,0
0.4253868,1,1,0.5690225,0.6152794,1,1,0.9153345,1,0
0.4191427,1,1,0.5659878,0.5998573,1,1,0.908655,1,0
0.4128121,1,1,0.5631955,0.5846114,1,1,0.9021505,1,0
0.4073729,1,1,0.5606139,0.5695609,1,1,0.8958225,1,0
0.4121528,1,1,0.5582355,0.55471,1,1,0.889671,1,0
0.4165379,1,1,0.5563052,0.5399603,1,1,0.8837081,1,0
0.4205759,1,1,0.5547932,0.5253412,0.6174653,1,0.8779377,1,0
0.4189682,1,1,0.5646753,0.5070976,0.5920483,1,0.8729272,1,0
0.4173548,1,1,0.5760851,0.4894789,0.5678072,1,0.8684586,1,0
0.4157385,1,1,0.5892386,0.4724422,0.544648,1,1,1,0
0.4161617,1,1,0.5981836,0.4572589,0.5246297,1,1,1,0
0.4166184,1,1,0.607924,0.4425103,0.5053936,1,1,1,0
0.4171349,1,1,1,0.4321232,0.4868961,1,1,0.9973511,0
0.4202563,1,1,1,0.4291991,0.4714508,1,1,0.9892719,0
0.4230753,1,1,1,0.4266638,0.4560959,1,1,0.9813198,0
0.4256183,1,1,1,0.4245082,0.4408633,1,1,1,0
0.4283782,1,1,1,0.421867,0.4261556,1,1,1,0
0.4310151,1,1,1,0.4193404,0.4116604,1,1,1,0
0.4335416,1,1,1,0.4169164,0.3973761,1,1,0.8355783,0
0.4332472,1,1,1,0.4201864,0.3813179,0.4943779,1,0.8279697,0
0.4310722,1,1,1,0.4283391,0.3643894,0.4673676,1,0.8200758,0
0.4289148,1,1,1,0.4378843,0.3480132,0.4417697,1,0.8127944,0
0.4267667,1,1,1,0.4490418,0.3321515,0.4174606,1,0.8061169,0
0.4246278,1,1,1,0.462063,0.3273391,0.3943296,1,0.8000298,0
0.4225054,1,1,1,0.4772409,0.3317466,0.3722786,1,0.7945148,0
0.4203839,1,1,1,1,0.3370302,0.3512195,1,0.8003381,0
0.4182707,1,1,1,1,0.3432782,0.331073,1,1,0
0.41861,1,1,1,1,0.3445791,0.3143395,1,1,0
0.4189388,1,1,1,1,0.3460714,0.2980408,1,1,0
0.4192514,1,1,1,1,0.3477661,0.2821503,1,1,0
0.4195551,1,1,1,1,0.3496484,0.2666416,1,1,0
0.4198565,1,1,1,1,0.3517036,0.251489,1,1,0
0.420154,1,1,1,1,0.3539314,0.2366683,0.9934707,1,0
0.4203879,1,1,1,1,0.3565307,0.2303251,0.9683045,1,0
0.4204479,1,1,1,1,0.3599264,0.2298484,0.3630714,1,0
0.4182025,1,1,1,1,0.3728068,0.2326769,0.3276941,1,0
0.4159625,1,1,1,1,1,0.2361146,0.2950654,1,0
0.4137198,1,1,1,1,1,0.2402277,0.264857,1,0
0.4114734,1,1,1,1,1,0.2450815,0.2367906,1,0
0.4092221,1,1,1,1,1,0.2507512,0.2106286,1,0
0.4069648,1,1,1,1,1,0.257324,0.1861674,1,0
0.4047001,1,1,1,1,1,0.264902,0.1632309,1,0
0.4024721,1,1,1,1,1,0.2734386,0.1630954,1,0
0.4004244,1,1,1,1,1,0.282414,0.1648727,1,0
0.3985282,1,1,1,1,1,0.291769,0.1668074,0.2759871,0
0.396213,1,1,1,1,1,1,0.1695627,0.2139373,0
0.3938833,1,1,1,1,1,1,0.1727647,0.1612322,0
0.391537,1,1,1,1,1,1,0.1764408,0.1371556,0
0.3891661,1,1,1,1,1,1,0.1806298,0.1386528,0
0.3867747,1,1,1,1,1,1,0.185358,0.1404519,0
0.3843608,1,1,1,1,1,1,0.1906634,0.1425615,0
0.3819219,1,1,1,1,1,1,0.196589,0.144991,0
0.3794557,1,1,1,1,1,1,0.2031827,0.147751,0
0.3769598,1,1,1,1,1,1,0.210499,0.1508533,0
0.3744313,1,1,1,1,1,1,0.2185987,0.154311,0
0.3718674,1,1,1,1,1,1,1,0.1581384,0
0.3696951,1,1,1,1,1,1,1,0.1608648,0
0.3674906,1,1,1,1,1,1,1,0.1636413,0
0.365252,1,1,1,1,1,1,1,0.1664668,0
0.3629839,1,1,1,1,1,1,1,0.1693332,1
0.3606907,1,1,1,1,1,1,1,0.1722324,1
0.3583708,1,1,1,1,1,1,1,0.175163,1
0.3560232,1,1,1,1,1,1,1,0.178124,1
0.3536464,1,1,1,1,1,1,1,1,2
0.3517745,1,1,1,1,1,1,1,1,2
0.3502554,1,1,1,1,1,1,1,1,2
0.3490942,1,1,1,1,1,1,1,0.9816874,2
0.3482909,1,1,1,1,1,1,1,0.9740912,2
1,1,1,1,1,1,1,1,0.9668323,1
1,1,1,1,1,1,1,1,0.9687829,1
1,1,1,1,1,1,1,1,0.9707196,1
1,1,1,1,1,1,1,1,1,1
1,1,1,1,1,1,1,1,1,1
1,1,1,1,1,1,1,1,1,1
1,1,1,1,1,1,1,1,1,1
1,1,1,1,1,1,1,1,1,1
1,1,1,1,1,1,1,1,1,1
1,1,1,1,1,1,1,1,1,1
1,1,1,1,1,1,1,1,1,1
1,1,1,1,1,1,1,1,1,1
1,1,1,1,1,1,1,1,1,1
1,1,1,1,1,1,1,1,1,1
1,1,1,1,1,1,1,1,1,1
1,1,1,1,1,1,1,1,1,1
1,1,1,1,1,1,1,1,1,1
1,1,1,1,1,1,1,1,1,1
1,1,1,1,1,1,1,1,1,1
1,1,1,1,1,1,1,1,1,1
1,1,1,1,1,1,1,1,1,1
1,1,1,1,1,1,1,1,1,1
1,1,1,1,1,1,1,1,1,1
1,1,1,1,1,1,1,1,1,1
1,1,1,1,1,1,1,1,1,1
1,1,1,1,1,1,1,1,1,1
1,1,1,1,1,1,1,1,1,1
1,1,1,1,1,1,1,1,1,1
1,1,1,1,1,1,1,1,1,1
1,1,1,1,1,1,1,1,1,1
1,1,1,1,1,1,1,1,1,1
1,1,1,1,1,1,1,1,1,1
1,1,1,1,1,1,1,1,1,1
1,1,1,1,1,1,1,1,1,1
1,1,1,1,1,1,1,1,1,1
1,1,1,1,1,1,1,1,1,1
1,1,1,1,1,1,1,1,1,1
1,1,1,1,1,1,1,1,1,1
1,1,1,1,1,1,1,1,1,1
1,1,1,1,1,1,1,1,1,1
1,1,1,1,1,1,1,1,1,1
1,1,1,1,1,1,1,1,1,1
1,1,1,1,1,1,1,1,1,1
1,1,1,1,1,1,1,1,1,1
1,1,1,1,1,1,1,1,1,1
1,1,1,1,1,1,1,1,1,1
1,1,1,1,1,1,1,1,1,1
1,1,1,1,1,1,1,1,1,1
1,1,1,1,1,1,1,1,1,1
1,1,1,1,1,1,1,1,1,1
1,1,1,1,1,1,1,1,1,1
1,1,1,1,1,1,1,1,1,1
1,1,1,1,1,1,1,1,1,1
1,1,1,1,1,1,1,1,1,1
1,1,1,1,1,1,1,1,1,1
1,1,1,1,1,1,1,1,1,1
1,1,1,1,1,1,1,1,1,1
1,1,1,1,1,1,1,1,1,1
1,1,1,1,1,1,1,1,1,1
1,1,1,1,1,1,1,1,1,1
1,1,1,1,1,1,1,1,1,1
1,1,1,1,1,1,1,1,1,1
1,1,1,1,1,1,1,1,1,1
1,1,1,1,1,1,1,1,1,1
1,1,1,1,1,1,1,1,1,1
1,1,1,1,1,1,1,1,1,1
1,1,1,1,1,1,1,1,1,1
1,1,1,1,1,1,1,1,1,1
1,1,1,1,1,1,1,1,1,1
1,1,1,1,1,1,1,1,1,1
1,1,1,1,1,1,1,1,1,1
1,1,1,1,1,1,1,1,1,1
1,1,1,1,1,1,1,1,1,1
1,1,1,1,1,1,1,1,1,1
1,1,1,1,1,1,1,1,1,1
1,1,1,1,1,1,1,1,1,1
1,1,1,1,1,1,1,1,1,1
1,1,1,1,1,1,1,1,1,1
1,1,1,1,1,1,1,1,1,1
1,1,1,1,1,1,1,1,1,1
1,1,1,1,1,1,1,1,1,1
1,1,1,1,1,1,1,1,1,1
1,1,1,1,1,1,1,1,1,1
1,1,1,1,1,1,1,1,1,1
1,1,1,1,1,1,1,1,1,1
1,1,1,1,1,1,1,1,1,1
1,1,1,1,1,1,1,1,1,1
1,1,1,1,1,1,1,1,1,1
1,1,1,1,1,1,1,1,1,1
1,1,1,1,1,1,1,1,1,1
1,1,1,1,1,1,1,1,1,1
1,1,1,1,1,1,1,1,1,1
1,1,1,1,1,1,1,1,1,1
1,1,1,1,1,1,1,1,1,1
1,1,1,1,1,1,1,1,1,1
1,1,1,1,1,1,1,1,1,1
1,1,1,1,1,1,1,1,1,1
1,1,1,1,1,1,1,1,1,1
1,1,1,1,1,1,1,1,1,1
1,1,1,1,1,1,1,1,1,1
1,1,1,1,1,1,1,1,1,1
1,1,1,1,1,1,1,1,1,1
1,1,1,1,1,1,1,1,1,1
1,1,1,1,1,1,1,1,1,1
1,1,1,1,1,1,1,1,1,1
1,1,1,1,1,1,1,1,1,1
1,1,1,1,1,1,1,1,1,1
1,1,1,1,1,1,1,1,1,1
1,1,1,1,1,1,1,1,1,1
1,1,1,1,1,1,1,1,1,1
1,1,1,1,1,1,1,1,1,1
1,1,1,1,1,1,1,1,1,1
1,1,1,1,1,1,1,1,1,1
1,1,1,1,1,1,1,1,1,1
1,1,1,1,1,1,1,1,1,1
1,1,1,1,1,1,1,1,1,1
1,1,1,1,1,1,1,1,1,1
1,1,1,1,1,1,1,1,1,1
1,1,1,1,1,1,1,1,1,1
1,1,1,1,1,1,1,1,1,1
1,1,1,1,1,1,1,1,1,1
1,1,1,1,1,1,1,1,1,1
1,1,1,1,1,1,1,1,1,1
1,1,1,1,1,1,1,1,1,1
1,1,1,1,1,1,1,1,1,1
1,1,1,1,1,1,1,1,1,1
1,1,1,1,1,1,1,1,1,1
1,1,1,1,1,1,1,1,1,1
1,1,1,1,1,1,1,1,1,1
1,1,1,1,1,1,1,1,1,1
1,1,1,1,1,1,1,1,1,1
1,1,1,1,1,1,1,1,1,1
1,1,1,1,1,1,1,1,1,1
1,1,1,1,1,1,1,1,1,1
1,1,1,1,1,1,1,1,1,1
1,1,1,1,1,1,1,1,1,1
1,1,1,1,1,1,1,1,1,1
1,1,1,1,1,1,1,1,1,1
1,1,1,1,1,1,1,1,1,1
1,1,1,1,1,1,1,1,1,1
1,1,1,1,1,1,1,1,1,1
1,1,1,1,1,1,1,1,1,1
1,1,1,1,1,1,1,1,1,1
1,1,1,1,1,1,1,1,1,1
1,1,1,1,1,1,1,1,1,1
1,1,1,1,1,1,1,1,1,1
1,1,1,1,1,1,1,1,1,1
1,1,1,1,1,1,1,1,1,1
1,1,1,1,1,1,1,1,1,1
1,1,1,1,1,1,1,1,1,1
1,1,1,1,1,1,1,1,1,1
1,1,1,1,1,1,1,1,1,1
1,1,1,1,1,1,1,1,1,1
1,1,1,1,1,1,1,1,1,1
1,1,1,1,1,1,1,1,1,1
1,1,1,1,1,1,1,1,1,1
1,1,1,1,1,1,1,1,1,1
1,1,1,1,1,1,1,1,1,1
1,1,1,1,1,1,1,1,1,1
1,1,1,1,1,1,1,1,1,1
1,1,1,1,1,1,1,1,1,1
1,1,1,1,1,1,1,1,1,1
1,1,1,1,1,1,1,1,1,1
1,1,1,1,1,1,1,1,1,1
1,1,1,1,1,1,1,1,1,1
1,1,1,1,1,1,1,1,1,1
1,1,1,1,1,1,1,1,1,1
1,1,1,1,1,1,1,1,1,1
1,1,1,1,1,1,1,1,1,1
1,1,1,1,1,1,1,1,1,1
1,1,1,1,1,1,1,1,1,1
1,1,1,1,1,1,1,1,1,1
1,1,1,1,1,1,1,1,1,1
1,1,1,1,1,1,1,1,1,1
1,1,1,1,1,1,1,1,1,1
1,1,1,1,1,1,1,1,1,1
1,1,1,1,1,1,1,1,1,1
1,1,1,1,1,1,1,1,1,1
1,1,1,1,1,1,1,1,1,1
1,1,1,1,1,1,1,1,1,1
1,1,1,1,1,1,1,1,1,1
1,1,1,1,1,1,1,1,1,1
1,1,1,1,1,1,1,1,1,1
1,1,1,1,1,1,1,1,1,1
1,1,1,1,1,1,1,1,1,1
1,1,1,1,1,1,1,1,1,1
1,1,1,1,1,1,1,1,1,1
1,1,1,1,1,1,1,1,1,1
1,1,1,1,1,1,1,1,1,1
1,1,1,1,1,1,1,1,1,1
1,1,1,1,1,1,1,1,1,1
1,1,1,1,1,1,1,1,1,1
1,1,1,1,1,1,1,1,1,1
1,1,1,1,1,1,1,1,1,1
1,1,1,1,1,1,1,1,1,1
1,1,1,1,1,1,1,1,1,1
1,1,1,1,1,1,1,1,1,1
1,1,1,1,1,1,1,1,1,1
1,1,1,1,1,1,1,1,1,1
1,1,1,1,1,1,1,1,1,1
1,1,1,1,1,1,1,1,1,1
1,1,1,1,1,1,1,1,1,1
1,1,1,1,1,1,1,1,1,1
1,1,1,1,1,1,1,1,1,1
1,1,1,1,1,1,1,1,1,1
1,1,1,1,1,1,1,1,1,1
1,1,1,1,1,1,1,1,1,1
1,1,1,1,1,1,1,1,1,1
1,1,1,1,1,1,1,1,1,1
1,1,1,1,1,1,1,1,1,1
1,1,1,1,1,1,1,1,1,1
1,1,1,1,1,1,1,1,1,1
1,1,1,1,1,1,1,1,1,1
1,1,1,1,1,1,1,1,1,1
1,1,1,1,1,1,1,1,1,1
1,1,1,1,1,1,1,1,1,1
1,1,1,1,1,1,1,1,1,1
1,1,1,1,1,1,1,1,1,1
1,1,1,1,1,1,1,1,1,1
1,1,1,1,1,1,1,1,1,1
1,1,1,1,1,1,1,1,1,1
1,1,1,1,1,1,1,1,1,1
1,1,1,1,1,1,1,1,1,1
1,1,1,1,1,1,1,1,1,1
1,1,1,1,1,1,1,1,1,1
1,1,1,1,1,1,1,1,1,1
1,1,1,1,1,1,1,1,1,1
1,1,1,1,1,1,1,1,1,1
1,1,1,1,1,1,1,1,1,1
1,1,1,1,1,1,1,1,1,1
1,1,1,1,1,1,1,1,1,1
1,1,1,1,1,1,1,1,1,1
1,1,1,1,1,1,1,1,1,1
1,1,1,1,1,1,1,1,1,1
1,1,1,1,1,1,1,1,1,1
1,1,1,1,1,1,1,1,1,1
1,1,1,1,1,1,1,1,1,1
1,1,1,1,1,1,1,1,1,1
1,1,1,1,1,1,1,1,1,1
1,1,1,1,1,1,1,1,1,1
1,1,1,1,1,1,1,1,1,1
1,1,1,1,1,1,1,1,1,1
1,1,1,1,1,1,1,1,1,1
1,1,1,1,1,1,1,1,1,1
1,1,1,1,1,1,1,1,1,1
1,1,1,1,1,1,1,1,1,1
1,1,1,1,1,1,1,1,1,1
1,1,1,1,1,1,1,1,1,1
1,1,1,1,1,1,1,1,1,1
1,1,1,1,1,1,1,1,1,1
1,1,1,1,1,1,1,1,1,1
1,1,1,1,1,1,1,1,1,1
1,1,1,1,1,1,1,1,1,1
1,1,1,1,1,1,1,1,1,1
1,1,1,1,1,1,1,1,1,1
1,1,1,1,1,1,1,1,1,1
1,1,1,1,1,1,1,1,1,1
1,1,1,1,1,1,1,1,1,1
1,1,1,1,1,1,1,1,1,1
1,1,1,1,1,1,1,1,1,1
1,1,1,1,1,1,1,1,1,1
1,1,1,1,1,1,1,1,1,1
1,1,1,1,1,1,1,1,1,1
1,1,1,1,1,1,1,1,1,1
1,1,1,1,1,1,1,1,1,1
1,1,1,1,1,1,1,1,1,1
1,1,1,1,1,1,1,1,1,1
1,1,1,1,1,1,1,1,1,1
1,1,1,1,1,1,1,1,1,1
1,1,1,1,1,1,1,1,1,1
1,0.9897183,1,1,1,1,1,1,1,1
1,0.9737785,1,1,1,1,1,1,1,1
1,0.957269,1,1,1,1,1,1,1,1
1,0.9402034,1,1,1,1,1,1,1,1
1,0.9226007,1,1,1,1,1,1,1,1
1,0.9044852,1,1,1,1,1,1,1,1
1,0.8858881,1,1,1,1,1,1,1,1
1,0.8668444,1,1,1,1,1,1,1,2
1,0.8473948,1,1,1,1,1,1,1,2
1,0.8275844,1,1,1,1,1,1,1,2
1,0.8074629,1,1,1,1,1,1,1,2
1,0.787269,1,1,1,1,1,1,1,2
1,0.7925577,1,1,1,1,1,1,1,2
1,0.7978789,1,1,1,1,1,1,1,2
1,0.803229,1,1,1,1,1,1,1,2
1,0.8086044,1,1,1,1,1,1,1,2
1,0.8140012,1,1,1,1,1,1,1,2
1,0.8194078,1,1,1,1,1,1,1,2
1,0.8248206,1,1,1,1,1,1,1,2
1,0.8302279,1,1,1,1,1,1,1,2
1,0.8356352,1,1,1,1,1,1,1,2
1,0.8410307,1,1,1,1,1,1,1,2
1,0.8464029,1,1,1,1,1,1,1,2
1,0.851758,1,1,1,1,1,1,1,2
1,0.8570844,1,1,1,1,1,1,1,1
1,0.8623708,1,1,1,1,1,1,1,1
1,0.867624,1,1,1,1,1,1,1,1
0.9919151,0.8728331,1,1,1,1,1,1,1,1
0.9555492,0.8783004,1,1,1,1,1,1,1,2
0.9171315,0.8850847,1,1,1,1,1,1,1,2
0.8770353,0.8933129,1,1,1,1,1,1,1,2
0.8356954,0.903096,1,1,1,1,1,1,1,2
0.7935876,0.9145641,1,1,1,1,1,1,1,2
0.7511979,0.9278389,1,1,1,1,1,1,1,2
0.7089999,0.9430324,1,1,1,1,1,1,1,2
0.6764477,0.9602636,1,1,1,1,1,1,1,2
0.6830142,1,1,1,1,1,1,1,1,2
0.6894326,1,1,1,1,1,1,1,1,2
0.6960453,1,1,1,1,1,1,1,1,2
0.7028386,1,1,1,1,1,1,1,1,2
0.7097988,1,1,1,1,1,1,1,1,2
0.7169186,1,1,1,1,1,1,1,1,2
0.7241839,1,1,1,1,1,1,1,1,2
0.7315869,1,1,1,1,1,1,1,1,2
0.739113,1,1,1,1,1,1,1,1,2
0.7467545,1,1,1,1,1,1,1,1,2
0.7544965,1,1,1,1,1,1,1,1,2
0.7623309,1,1,1,1,1,1,1,1,2
0.7702426,1,1,1,1,1,1,1,1,2
0.7782164,1,1,1,1,1,1,1,1,2
0.7862445,1,1,1,1,1,1,1,1,2
0.7943187,1,1,1,1,1,1,1,1,2
0.8024241,1,1,1,1,1,1,1,1,2
0.8105457,1,1,1,1,1,1,1,1,2
0.8186759,1,1,1,1,1,1,1,1,2
0.8267998,1,1,1,1,1,1,1,1,2
0.8349104,1,1,1,1,1,1,1,1,2
0.8430008,1,1,1,1,1,1,1,1,2
0.8510567,1,1,1,1,1,1,1,1,2
0.8590642,1,1,1,1,1,1,1,1,2
1,1,1,1,1,1,1,1,1,1
1,1,1,1,1,1,1,1,1,1
1,1,1,1,1,1,1,1,1,1
1,1,1,1,1,1,1,1,1,1
1,1,1,1,1,1,1,1,1,1
1,1,1,1,1,1,1,1,1,1
1,1,1,1,1,1,1,1,1,1
1,1,1,1,1,1,1,1,1,1
1,1,1,1,1,1,1,1,1,1
1,1,1,1,1,1,1,1,1,1
1,1,1,1,1,1,1,1,1,1
1,1,1,1,1,1,1,1,1,1
1,1,1,1,1,1,1,1,1,1
1,1,1,1,1,1,1,1,1,1
1,1,1,1,1,1,1,0.9873853,1,1
1,1,1,1,1,1,1,0.9549249,1,1
1,1,1,1,1,1,1,0.9187499,1,1
1,1,1,1,1,1,1,0.8789498,1,0
1,1,1,1,1,1,1,0.8357953,1,0
1,1,1,1,1,1,1,0.7897483,1,0
1,1,1,1,1,1,1,0.7469085,1,0
1,1,1,1,1,1,1,0.7457759,1,0
1,1,1,1,1,1,1,0.7448174,1,0
1,1,1,1,1,1,1,0.7440253,1,0
1,1,1,1,1,1,1,0.7434058,1,0
1,1,1,1,1,1,1,0.742951,1,0
1,1,1,1,1,1,1,0.7426664,1,0
1,1,1,1,1,1,1,0.742551,1,0
1,1,1,1,1,1,1,0.7425967,1,0
1,1,1,1,1,1,1,0.7428089,1,0
1,1,1,1,1,1,1,0.7431793,1,0
1,1,1,1,1,1,1,0.7437131,1,0
1,1,1,1,1,1,1,0.7444021,1,0
1,1,1,1,1,1,1,0.745251,1,0
1,1,1,1,1,1,1,0.7462514,1,0
1,1,1,1,1,1,1,0.7474011,1,0
1,1,1,1,1,1,1,0.7486982,1,0
1,1,1,1,1,1,1,0.7501409,1,0
1,1,1,1,1,1,1,0.7517267,0.9723557,0
1,1,1,1,1,1,1,0.7539524,0.7197831,0
1,1,1,1,1,1,1,1,0.6578674,0
1,1,1,1,1,1,1,1,0.6573817,0
1,1,1,1,1,1,1,1,0.6571698,0
1,1,1,1,1,1,1,1,0.6572313,0
1,1,1,1,1,1,1,1,0.6575657,0
1,1,1,1,1,1,1,1,0.6581722,0
1,1,1,1,1,1,1,1,0.6590499,0
1,1,1,1,1,1,1,1,0.6601973,0
1,1,1,1,1,1,1,1,0.6616132,0
1,1,1,1,1,1,1,1,0.6632959,0
1,1,1,1,1,1,1,1,0.6652374,0
1,1,1,1,1,1,1,1,0.6674352,0
1,1,1,1,1,1,1,1,0.6698936,0
1,1,1,1,1,1,1,1,0.6725973,0
1,1,1,1,1,1,1,1,0.6755498,0
1,1,1,1,1,1,1,1,0.6787416,0
1,1,1,1,1,1,1,1,1,1
1,1,1,1,1,1,1,1,1,1
1,1,1,1,1,1,1,0.9954733,1,1
1,1,1,1,1,1,1,0.9807728,1,1
1,1,1,1,1,1,1,0.9656181,1,1
1,1,1,1,1,1,1,0.95002,1,1
1,1,1,1,1,1,1,0.9339917,1,1
1,1,1,1,1,1,1,0.9175513,1,1
1,1,1,1,1,1,1,0.9007199,1,1
1,1,1,1,1,1,1,0.8835227,1,1
1,1,1,1,1,1,1,0.865988,1,1
1,1,1,1,1,1,1,0.8481471,1,0
1,1,1,1,1,1,1,0.8300351,1,0
1,1,1,1,1,1,1,0.8116886,1,0
1,1,1,1,1,1,1,0.7931467,1,0
1,1,1,1,1,1,1,0.7744499,1,0
1,1,1,1,1,1,1,0.7784789,1,0
1,1,1,1,1,1,1,0.7853128,1,0
1,1,1,1,1,1,1,0.7921591,1,0
1,1,1,1,1,1,1,0.799013,1,0
1,1,1,1,1,1,1,0.8058697,1,0
1,1,1,1,1,1,1,0.8127063,1,0
1,1,1,1,1,1,1,0.8195275,1,0
1,1,1,1,1,1,1,0.8263199,1,0
1,1,1,1,1,1,1,0.8330792,1,0
1,1,1,1,1,1,1,0.8398017,1,0
1,1,1,1,1,1,1,0.8464743,1,0
1,1,1,1,1,1,1,0.8530934,1,1
1,1,1,1,1,1,1,0.8596465,1,1
1,1,1,1,1,1,1,0.8661307,1,1
1,1,1,1,1,1,1,0.8725432,0.9591845,0
1,1,1,1,1,1,1,0.8805367,0.9259443,0
1,1,1,1,1,1,1,0.8898482,0.8915402,0
1,1,1,1,1,1,1,0.9005687,0.856253,0
1,1,1,1,1,1,1,1,0.820381,0
1,1,1,1,1,1,1,1,0.7877477,0
1,1,1,1,1,1,1,1,0.7542884,0
1,1,1,1,1,1,1,1,0.720271,0
1,1,1,1,1,1,1,1,0.6859742,0
1,1,1,1,1,1,1,1,0.6636655,0
1,1,1,1,1,1,1,1,0.6712288,0
1,1,1,1,1,1,1,1,0.6789927,0
1,1,1,1,1,1,1,1,0.686942,0
1,1,1,1,1,1,1,1,0.6950612,0
1,1,1,1,1,1,1,1,0.7033492,0
1,1,1,1,1,1,1,1,0.7117825,0
1,1,1,1,1,1,1,1,0.7203522,0
1,1,1,1,1,1,1,1,0.7290419,0
1,1,1,1,1,1,1,1,0.7378348,0
1,1,1,1,1,1,1,1,0.7467216,0
1,1,1,1,1,1,1,1,0.755693,0
1,1,1,1,1,1,1,1,0.764724,0
1,1,1,1,1,1,1,1,0.7738056,0
1,1,1,1,1,1,1,1,0.7829282,0
1,1,1,1,1,1,1,1,0.7920747,0
1,1,1,1,1,1,1,1,0.8012286,0
1,1,1,1,1,1,1,1,1,1
1,1,1,1,1,1,1,1,1,1
1,1,1,1,1,1,1,1,1,1
1,1,1,1,1,1,1,1,1,1
1,1,1,1,1,1,1,1,1,1
1,1,1,1,1,1,1,1,1,1
1,1,1,1,1,1,1,1,1,1
1,1,1,1,1,1,1,1,1,1
1,1,1,1,1,1,1,1,1,1
1,1,1,1,1,1,1,1,1,1
1,1,1,1,1,1,1,1,1,1
1,1,1,1,1,1,1,1,1,1
1,1,1,1,1,1,1,1,1,1
1,1,1,1,1,1,1,1,1,1
1,1,1,1,1,1,1,1,1,1
1,1,1,1,1,1,1,1,1,1
1,1,1,1,1,1,1,1,1,1
1,1,1,1,1,1,1,1,1,1
1,1,1,1,1,1,1,1,1,1
1,1,1,1,1,1,1,1,1,1
1,1,1,1,1,1,1,1,1,1
1,1,1,1,1,1,1,1,1,1
1,1,1,1,1,1,1,1,1,1
1,1,1,1,1,1,1,1,1,1
1,1,1,1,1,1,1,1,1,1
1,1,1,1,1,1,1,1,1,1
1,1,1,1,1,1,1,1,1,1
1,1,1,1,1,1,1,1,1,1
1,1,1,1,1,1,1,1,1,1
1,1,1,1,1,1,1,1,1,1
1,1,1,1,1,1,1,1,1,1
1,1,1,1,1,1,1,1,1,1
1,1,1,1,1,1,1,1,1,1
1,1,1,1,1,1,1,1,1,1
1,1,1,1,1,1,1,1,1,1
1,1,1,1,1,1,1,1,1,1
1,1,1,1,1,1,1,1,1,1
1,1,1,1,1,1,1,1,1,1
1,1,1,1,1,1,1,1,1,1
1,1,1,1,1,1,1,1,1,1
1,1,1,1,1,1,1,1,1,1
1,1,1,1,1,1,1,1,1,1
1,1,1,1,1,1,1,1,1,1
1,1,1,1,1,1,1,1,1,1
1,1,1,1,1,1,1,1,1,1
1,1,1,1,1,1,1,1,1,1
1,1,1,1,1,1,1,1,1,1
1,1,1,1,1,1,1,1,1,1
1,1,1,1,1,1,1,1,1,1
1,1,1,1,1,1,1,1,1,1
1,1,1,1,1,1,1,1,1,1
1,1,1,1,1,1,1,1,1,1
1,1,1,1,1,1,1,1,1,1
1,1,1,1,1,1,1,1,1,1
1,1,1,1,1,1,1,1,1,1
1,1,1,1,1,1,1,1,1,1
1,1,1,1,1,1,1,1,1,1
1,1,1,1,1,1,1,1,1,1
1,1,1,1,1,1,1,1,1,1
1,1,1,1,1,1,1,1,1,1
1,1,1,1,1,1,1,1,1,1
1,1,1,1,1,1,1,1,1,1
1,1,1,1,1,1,1,1,1,1
1,1,1,1,1,1,1,1,1,1
1,1,1,1,1,1,1,1,1,1
1,1,1,1,1,1,1,1,1,1
1,1,1,1,1,1,1,1,1,1
1,1,1,1,1,1,1,1,1,1
1,1,1,1,1,1,1,1,1,1
1,1,1,1,1,1,1,1,1,1
1,1,1,1,1,1,1,1,1,1
1,1,1,1,1,1,1,1,1,1
1,1,1,1,1,1,1,1,1,1
1,1,1,1,1,1,1,1,1,1
1,1,1,1,1,1,1,1,1,1
1,1,1,1,1,1,1,1,1,1
1,1,1,1,1,1,1,1,1,1
1,1,1,1,1,1,1,1,1,1
1,1,1,1,1,1,1,1,1,1
1,1,1,1,1,1,1,1,1,1
1,1,1,1,1,1,1,1,1,1
1,1,1,1,1,1,1,1,1,1
1,1,1,1,1,1,1,1,1,1
1,1,1,1,1,1,1,1,1,1
1,1,1,1,1,1,1,1,1,1
1,1,1,1,1,1,1,1,1,1
1,1,1,1,1,1,1,1,1,1
1,1,1,1,1,1,1,1,1,1
1,1,1,1,1,1,1,1,1,1
1,1,1,1,1,1,1,1,1,1
1,1,1,1,1,1,1,1,1,1
1,1,1,1,1,1,1,1,1,1
1,1,1,1,1,1,1,1,1,1
1,1,1,1,1,1,1,1,1,1
1,1,1,1,1,1,1,1,1,1
1,1,1,1,1,1,1,1,1,1
1,1,1,1,1,1,1,1,1,1
1,1,1,1,1,1,1,1,1,1
1,1,1,1,1,1,1,1,1,1
1,1,1,1,1,1,1,1,1,1
1,1,1,1,1,1,1,1,1,1
1,1,1,1,1,1,1,1,1,1
1,1,1,1,1,1,1,1,1,1
1,1,1,1,1,1,1,1,1,1
1,1,1,1,1,1,1,1,1,1
1,1,1,1,1,1,1,1,1,1
1,1,1,1,1,1,1,1,1,1
1,1,1,1,1,1,1,1,1,1
1,1,1,1,1,1,1,1,1,1
1,1,1,1,1,1,1,1,1,1
1,1,1,1,1,1,1,1,1,1
1,1,1,1,1,1,1,1,1,1
1,1,1,1,1,1,1,1,1,1
1,1,1,1,1,1,1,1,1,1
1,1,1,1,1,1,1,1,1,1
1,1,1,1,1,1,1,1,1,1
1,1,1,1,1,1,1,1,1,1
1,1,1,1,1,1,1,1,1,1
1,1,1,1,1,1,1,1,1,1
1,1,1,1,1,1,1,1,1,1
1,1,1,1,1,1,1,1,1,1
1,1,1,1,1,1,1,1,1,1
1,1,1,1,1,1,1,1,1,1
1,1,1,1,1,1,1,1,1,1
1,1,1,1,1,1,1,1,1,1
1,1,1,1,1,1,1,1,1,1
1,1,1,1,1,1,1,1,1,1
1,1,1,1,1,1,1,1,1,1
1,1,1,1,1,1,1,1,1,1
1,1,1,1,1,1,1,1,1,1
1,1,1,1,1,1,1,1,1,1
1,1,1,1,1,1,1,1,1,1
1,1,1,1,1,1,1,1,1,1
1,1,1,1,1,1,1,1,1,1
1,1,1,1,1,1,1,1,1,1
1,1,1,1,1,1,1,1,1,1
1,1,1,1,1,1,1,1,1,1
1,1,1,1,1,1,1,1,1,1
1,1,1,1,1,1,1,1,1,1
1,1,1,1,1,1,1,1,1,1
1,1,1,1,1,1,1,1,1,1
1,1,1,1,1,1,1,1,1,1
1,1,1,1,1,1,1,1,1,1
1,1,1,1,1,1,1,1,1,1
1,1,1,1,1,1,1,1,1,1
1,1,1,1,1,1,1,1,1,1
1,1,1,1,1,1,1,1,1,1
1,1,1,1,1,1,1,1,1,1
1,1,1,1,1,1,1,1,1,1
1,1,1,1,1,1,1,1,1,1
1,1,1,1,1,1,1,1,1,1
1,1,0.99393,1,1,1,1,1,1,1
1,1,0.982847,1,1,1,1,1,1,1
1,1,0.9716765,1,1,1,1,1,1,1
1,1,0.9604211,1,1,1,1,1,1,1
1,1,0.9490836,1,1,1,1,1,1,1
1,1,0.9376675,1,1,1,1,1,1,1
1,1,0.9261764,1,1,1,1,1,1,1
1,1,0.9146143,1,1,1,1,1,1,1
1,1,0.902985,1,1,1,1,1,1,1
1,1,0.8932821,1,1,1,1,1,1,1
1,1,0.897167,1,1,1,1,1,1,1
1,1,0.9009824,1,1,1,1,1,1,1
1,1,0.9047289,1,1,1,1,1,1,1
1,1,0.9084077,1,1,1,1,1,1,1
1,1,0.9120049,1,1,1,1,1,1,1
1,1,0.9155371,1,1,1,1,1,1,1
1,1,0.9168404,1,1,1,1,1,1,1
1,1,0.9053424,1,1,1,1,1,1,1
1,1,0.8937863,1,1,1,1,1,1,1
1,1,0.8821765,1,1,1,1,1,1,1
1,1,0.8705176,1,1,1,1,1,1,1
1,1,0.8588135,1,1,1,1,1,1,1
1,1,0.8470693,1,1,1,1,1,1,1
1,1,0.8352896,1,1,1,1,1,1,1
1,0.9863162,0.8405277,1,1,1,1,1,1,1
1,0.9681588,0.8476011,1,1,1,1,1,1,1
1,0.9496873,0.8557625,1,1,1,1,1,1,1
1,0.9309483,0.865043,1,1,1,1,1,1,2
1,0.9119878,0.8754934,1,1,1,1,1,1,2
1,0.8928536,1,1,1,1,1,1,0.9985801,1
1,0.8752688,1,1,1,1,1,1,0.9973153,1
1,0.8573879,1,1,1,1,1,1,0.9959295,1
1,0.839247,1,1,1,1,1,1,0.9944227,2
1,0.820884,1,1,1,1,1,1,0.9928021,2
1,0.802338,1,1,1,1,1,1,0.9910632,2
1,0.7836487,1,1,1,1,1,1,0.9892153,2
1,0.7648565,1,1,1,1,1,1,0.9872615,2
1,0.7460026,1,1,1,1,1,1,0.9852125,2
1,0.7271256,1,1,1,1,1,1,0.9830731,2
1,0.7082651,1,1,1,1,1,1,0.9808481,2
1,0.6894582,1,1,1,1,1,1,0.978543,2
1,0.6707399,1,1,1,1,1,1,0.9761694,2
1,0.6521436,1,1,1,1,1,1,0.9737386,2
1,0.6336997,1,1,1,1,1,1,0.9712559,2
1,0.6154363,1,1,1,1,1,1,0.9687258,2
1,0.6005026,1,1,1,1,1,1,0.966159,2
1,0.6098294,1,1,1,1,1,1,0.9635663,2
1,0.6191983,1,1,1,1,1,1,0.961019,2
1,0.6285966,1,1,1,1,1,1,0.9585026,2
1,0.6380018,1,1,1,1,1,1,0.9560099,2
0.8992303,0.6382753,1,1,1,1,1,1,0.9535288,2
0.858198,0.6203187,1,1,1,1,1,1,0.9508266,2
0.8164358,0.6020032,1,1,1,1,1,1,0.9480667,2
0.7744794,0.6135848,1,1,1,1,1,1,0.945288,2
0.7337971,0.6313807,1,1,1,1,1,1,0.9425629,2
0.6947529,0.6510394,1,1,1,1,1,1,0.9399139,2
0.6574805,0.7575697,1,1,1,1,1,1,0.9373657,2
0.6239547,0.7811085,1,1,1,1,1,1,0.9348673,2
0.5919431,0.8066607,1,1,1,1,1,1,0.9324515,2
0.561461,0.8343183,1,1,1,1,1,1,0.9301167,2
0.532497,1,1,1,1,1,1,1,0.927868,2
0.5351704,1,1,1,1,1,1,1,0.9254493,2
0.5447618,1,1,1,1,1,1,1,0.9230278,2
0.554531,1,1,1,1,1,1,1,0.9205633,2
0.5644476,1,1,1,1,1,1,1,0.9180489,2
0.573564,1,1,1,1,1,1,1,0.915466,2
0.5517635,1,1,1,1,1,1,1,0.9128145,2
0.5345646,1,1,1,1,1,1,1,0.9102315,2
0.5453301,1,1,1,1,1,1,1,0.9076965,2
0.5562217,1,1,1,1,1,1,1,0.9050633,2
0.5672132,1,1,1,1,1,1,1,0.9023212,2
0.5782773,1,1,1,1,1,1,1,0.8994607,2
0.5893863,1,1,1,1,1,1,1,0.8964735,2
0.664647,1,1,1,1,1,1,1,0.893353,2
0.674952,1,1,1,1,1,1,1,0.88969,2
0.6851264,1,1,1,1,1,1,1,0.8858849,2
0.6951439,1,1,1,1,1,1,1,0.8819386,2
0.7049785,1,1,1,1,1,1,1,0.8778527,1
0.7146142,1,1,1,1,1,1,1,0.873624,1
0.7240269,1,1,1,1,1,1,1,0.869256,1
0.7331937,1,1,1,1,1,1,1,0.8647536,1
0.7420928,1,1,1,1,1,1,1,0.8601225,1
1,1,1,1,1,1,1,1,0.8553626,0
1,1,1,1,1,1,1,1,0.8488576,0
1,1,1,1,1,1,1,1,0.8423988,0
1,1,1,1,1,1,1,1,0.8359912,0
1,1,1,1,1,1,1,1,0.829646,0
1,1,1,1,1,1,1,1,0.8233681,0
1,1,1,1,1,1,1,1,0.8171626,0
1,1,1,1,1,1,1,1,0.8110409,0
1,1,1,1,1,1,1,1,0.8050076,0
1,1,1,1,1,1,1,1,0.7990741,0
1,1,1,1,1,1,1,1,0.7932454,0
1,1,1,1,1,1,1,1,0.7875262,0
1,1,1,1,1,1,1,1,0.7819278,0
1,1,1,1,1,1,1,1,0.7764608,0
1,1,1,1,1,1,1,1,0.7711236,0
1,1,1,1,1,1,1,1,0.798517,0
1,1,1,1,1,1,1,1,0.9100174,1
1,1,1,1,1,1,1,1,1,1
1,1,1,1,1,1,1,1,1,1
1,1,1,1,1,1,1,1,1,1
1,1,1,1,1,1,1,1,1,1
1,1,1,1,1,1,1,1,1,1
1,1,1,1,1,1,1,1,1,1
1,1,1,1,1,1,1,1,1,1
1,1,1,1,1,1,1,1,1,1
1,1,1,1,1,1,1,1,1,1
1,1,1,1,1,1,1,1,1,1
1,1,1,1,1,1,1,1,1,1
1,1,1,1,1,1,1,1,1,1
1,1,1,1,1,1,1,1,1,1
1,1,1,1,1,1,1,1,1,1
1,1,1,1,1,1,1,1,1,1
1,1,1,1,1,1,1,1,1,1
1,1,1,1,1,1,1,1,1,1
1,1,1,1,1,1,1,1,1,1
1,1,1,1,1,1,1,1,1,1
1,1,1,1,1,1,1,1,1,1
1,1,1,1,1,1,1,1,1,1
1,1,1,1,1,1,1,1,1,1
1,1,1,1,1,1,1,1,1,1
1,1,1,1,1,1,1,1,1,1
1,1,1,1,1,1,1,1,1,1
1,1,1,1,1,1,1,1,1,1
1,1,1,1,1,1,1,1,1,1
1,1,1,1,1,1,1,1,1,1
1,1,1,1,1,1,1,1,1,1
1,1,1,1,1,1,1,1,1,1
1,1,1,1,1,1,1,1,1,1
1,1,1,1,1,1,1,1,1,1
1,1,1,1,1,1,1,1,1,1
1,1,1,1,1,1,1,1,1,1
1,1,1,1,1,1,1,1,1,1
1,1,1,1,1,1,1,1,1,1
1,1,1,1,1,1,1,1,1,1
1,1,1,1,1,1,1,1,1,1
1,1,1,1,1,1,1,1,1,1
1,1,1,1,1,1,1,1,1,1
1,1,1,1,1,1,1,1,1,1
1,1,1,1,1,1,1,1,1,1
1,1,1,1,1,1,1,1,1,1
1,1,1,1,1,1,1,1,1,1
1,1,1,1,1,1,1,1,1,1
1,1,1,1,1,1,1,1,1,1
1,1,1,1,1,1,1,1,1,1
1,1,1,1,1,1,1,1,1,1
1,1,1,1,1,1,1,1,1,1
1,1,1,1,1,1,1,1,1,1
1,1,1,1,1,1,1,1,1,1
1,1,1,1,1,1,1,1,1,1
1,1,1,1,1,1,1,1,1,1
1,1,1,1,1,1,1,1,1,1
1,1,1,1,1,1,1,1,1,1
1,1,1,1,1,1,1,1,1,1
1,1,1,1,1,1,1,1,1,1
1,1,1,1,1,1,1,1,1,1
1,1,1,1,1,1,1,1,1,1
1,1,1,1,1,1,1,1,1,1
1,1,1,1,1,1,1,1,1,1
1,1,1,1,1,1,1,1,1,1
1,1,1,1,1,1,1,1,1,1
1,1,1,1,1,1,1,1,1,1
1,1,1,1,1,1,1,1,1,1
1,1,1,1,1,1,1,1,1,1
1,1,1,1,1,1,1,1,1,1
1,0.9991537,1,1,1,1,1,1,1,1
1,0.9888023,1,1,1,1,1,1,1,1
1,0.9783533,1,1,1,1,1,1,1,1
1,0.96781,1,1,1,1,1,1,1,1
1,0.957176,1,1,1,1,1,1,1,1
1,0.946456,1,1,1,1,1,1,1,1
1,0.9356536,1,1,1,1,1,1,1,1
1,0.9351177,1,1,1,1,1,1,1,1
1,0.9461635,1,1,1,1,1,1,1,1
1,0.9568758,1,1,1,1,1,1,1,1
1,0.9672533,1,1,1,1,1,1,1,1
1,0.9772958,1,1,1,1,1,1,1,1
1,0.9870039,1,1,1,1,1,1,1,1
1,0.9963651,1,1,1,1,1,1,1,1
1,1,1,1,1,1,1,1,1,1
1,1,1,1,1,1,1,1,1,1
1,1,1,1,1,1,1,1,1,1
1,1,1,1,1,1,1,1,1,1
1,1,1,1,1,1,1,1,1,1
1,1,1,1,1,1,1,1,1,1
1,1,1,1,1,1,1,1,1,1
1,1,1,1,1,1,1,1,1,1
1,1,1,1,1,1,1,1,1,1
1,1,1,1,1,1,1,1,1,1
1,1,1,1,1,1,1,1,1,1
1,1,1,1,1,1,1,1,1,1
1,1,1,1,1,1,1,1,1,1
1,1,1,1,1,1,1,1,1,1
1,1,1,1,1,1,1,1,1,1
1,1,1,1,1,1,1,1,1,1
0.9882115,1,1,1,1,1,1,1,1,1
0.9729754,1,1,1,1,1,1,1,1,1
0.9571584,1,1,1,1,1,1,1,1,1
0.9407747,1,1,1,1,1,1,1,1,1
0.9238456,1,1,1,1,1,1,1,1,1
0.9063972,1,1,1,1,1,1,1,1,1
0.8884618,1,1,1,1,1,1,1,1,1
0.8700782,1,1,1,1,1,1,1,1,2
0.8512895,1,1,1,1,1,1,1,1,2
0.8321443,1,1,1,1,1,1,1,1,2
0.8126956,1,1,1,1,1,1,1,1,2
0.7929994,1,1,1,1,1,1,1,1,2
0.773115,1,1,1,1,1,1,1,1,2
0.7534959,1,1,1,1,1,1,1,1,2
0.7646697,1,1,1,1,1,1,1,1,2
0.7758534,1,1,1,1,1,1,1,1,2
0.7870265,1,1,1,1,1,1,1,1,2
0.7981766,1,1,1,1,1,1,1,1,2
0.8092834,1,1,1,1,1,1,1,1,2
0.8203265,1,1,1,1,1,1,1,1,2
0.8312947,1,1,1,1,1,1,1,1,2
0.8421691,1,1,1,1,1,1,1,1,2
0.852939,1,1,1,0.9970988,1,1,1,1,2
0.863536,1,1,1,0.9895527,1,1,1,1,1
0.8738645,1,1,1,0.981733,1,1,1,1,1
0.8838889,1,1,1,0.9736382,1,1,1,1,1
0.8936008,1,1,1,0.9652689,1,1,1,1,1
0.9029676,1,1,1,0.956627,1,1,1,1,1
0.9119763,1,1,1,0.9477161,1,1,1,1,1
0.9206072,1,1,1,0.9385403,1,1,1,1,1
0.9288424,1,1,1,0.9291065,1,1,1,1,1
0.9366761,1,1,1,0.9194216,1,1,1,1,1
0.9440951,1,1,1,0.9094947,1,1,1,1,1
0.9510978,1,1,1,0.8993354,1,1,1,1,1
0.9576766,1,1,1,0.8889546,1,1,1,1,1
0.9638255,1,1,1,0.8783638,0.9954042,1,1,1,1
0.9694272,1,1,1,0.8675107,0.9826751,1,1,1,1
0.9742573,1,1,1,0.8563005,0.9693664,1,1,1,1
0.9783224,1,1,1,0.8447528,0.9555124,1,1,1,1
0.9816281,1,1,1,0.8328899,0.9411517,1,1,1,0
0.98418,1,1,1,0.8207371,0.9263277,1,1,1,0
0.9860083,1,1,1,0.8083223,0.9110879,1,1,1,0
0.9871335,1,1,1,0.7956755,0.8954825,1,1,1,0
0.9875993,1,1,1,0.7828282,0.8795644,1,1,1,0
0.9874463,1,1,1,0.7698123,0.8633868,1,1,1,0
0.9867195,1,1,1,0.7566606,0.8470035,1,1,1,0
0.9854673,1,1,1,0.743405,0.8304676,1,1,1,0
0.98374,1,1,1,0.7459984,0.8138312,1,1,1,0
0.9818565,1,1,1,0.7494962,0.797321,1,1,1,0
0.9798503,1,1,1,0.753599,0.7809623,1,1,1,0
0.9777609,1,1,1,0.7582849,0.7647734,1,1,1,0
0.9756095,1,1,1,0.7635622,0.7487683,1,1,1,0
0.9734217,1,1,1,0.7694258,0.7329586,0.9275308,1,1,0
0.9694109,1,1,1,0.7800292,0.7162486,0.9013907,1,1,0
0.9649751,1,1,1,0.7928429,0.6995388,0.875348,1,1,0
0.9602079,1,1,1,0.8079979,0.6828991,0.8495495,1,1,0
0.9552122,1,1,1,0.8256089,0.6663921,0.8241218,1,1,0
0.9500731,1,1,1,0.8458253,0.6500699,0.7991681,1,1,0
0.9448663,1,1,1,0.868817,0.6339754,0.7747703,1,1,0
0.9396632,1,1,1,0.894759,0.6181422,0.7509893,1,1,0
0.9345244,1,1,1,0.923851,0.6090149,0.7278673,1,1,0
0.9295725,1,1,1,0.9559323,0.6192407,0.7055112,1,1,0
0.9250432,1,1,1,1,0.6297914,0.6841309,1,1,0
0.9209688,1,1,1,1,0.6404824,0.663713,1,1,0
0.9170313,1,1,1,1,0.6520058,0.6438752,1,1,0
0.9132387,1,1,1,1,0.6643746,0.6246017,1,1,0
0.9095958,1,1,1,1,0.6776034,0.6058728,1,1,0
0.9061044,1,1,1,1,0.691707,0.5876669,1,1,0
0.9027702,1,1,1,1,0.7066866,0.5699607,1,1,0
0.8995897,1,1,1,1,0.7225584,0.55273,1,1,0
0.8965578,1,1,1,1,0.7393408,0.5359508,1,1,0
0.8936745,1,1,1,1,0.7570344,0.5195981,1,1,0
0.890932,1,1,1,1,0.7756581,0.503647,1,1,0
0.8883216,1,1,1,1,0.7952315,0.4880739,1,1,0
0.8858408,1,1,1,1,0.8157548,0.4728559,0.7520674,1,0
0.8801726,1,1,1,1,1,0.4781086,0.7114495,1,0
0.8753409,1,1,1,1,1,0.4894798,0.6752045,1,0
0.870525,1,1,1,1,1,0.5023254,0.6406029,1,0
0.8657762,1,1,1,1,1,0.5167129,0.607669,1,0
0.861135,1,1,1,1,1,0.5327161,0.5763882,1,0
0.8566245,1,1,1,1,1,0.5504287,0.5467181,1,0
0.8522709,1,1,1,1,1,0.5699245,0.5185966,1,0
0.8480852,1,1,1,1,1,0.5912977,0.4919457,1,0
0.8440772,1,1,1,1,1,0.6146342,0.4666792,1,0
0.840244,1,1,1,1,1,0.6400414,0.4427062,1,0
0.8365776,1,1,1,1,1,0.6676333,0.4199345,1,0
0.8330723,1,1,1,1,1,0.6975138,0.3982723,1,0
0.8297189,1,1,1,1,1,1,0.3776323,1,0
0.8270903,1,1,1,1,1,1,0.3618583,1,0
0.824447,1,1,1,1,1,1,0.3677113,0.6851481,0
0.8206348,1,1,1,1,1,1,0.3778002,0.6236073,0
0.8169945,1,1,1,1,1,1,0.3888386,0.5684041,0
0.8135271,1,1,1,1,1,1,0.4008959,0.5186132,0
0.8102215,1,1,1,1,1,1,0.4140709,0.4734807,0
0.8070731,1,1,1,1,1,1,0.4284642,0.4323853,0
0.8040838,1,1,1,1,1,1,0.4441803,0.3948134,0
0.8012435,1,1,1,1,1,1,0.4613593,0.3603339,0
0.7985543,1,1,1,1,1,1,0.4801393,0.328584,0
0.7960129,1,1,1,1,1,1,0.5006902,0.3225346,0
0.7936159,1,1,1,1,1,1,0.523208,0.3305421,0
0.7913663,1,1,1,1,1,1,0.5479075,0.3391536,0
0.7892613,1,1,1,1,1,1,0.5750512,0.3484046,0
0.7872984,1,1,1,1,1,1,1,0.3583337,0
0.7846909,1,1,1,1,1,1,1,0.3665657,0
0.7820276,1,1,1,1,1,1,1,0.3749899,0
0.7792977,1,1,1,1,1,1,1,0.3835892,0
0.7764853,1,1,1,1,1,1,1,0.3923533,0
0.7735814,1,1,1,1,1,1,1,0.401263,0
0.7705845,1,1,1,1,1,1,1,0.4102906,0
0.7674822,1,1,1,1,1,1,1,0.4194231,0
0.7642686,0.8913933,1,1,1,1,1,1,0.4286392,1
0.7602752,1,1,1,1,1,1,1,0.4361258,0
0.7568553,1,1,1,1,1,1,1,0.4453638,0
0.7533172,1,1,1,1,1,1,1,0.4546199,0
0.7496532,1,1,1,1,1,1,1,0.4638797,0
0.7458628,1,1,1,1,1,1,1,0.4731196,0
0.7419463,1,1,1,1,1,1,1,0.4823163,0
0.7378988,1,1,1,1,1,1,1,0.4914549,0
0.733729,1,1,1,1,1,1,1,0.5005037,1
0.7294335,1,1,1,1,1,1,1,0.5094483,1
0.7250102,1,1,1,1,1,1,1,1,2
0.7179341,1,1,1,1,1,1,1,1,2
0.7110389,1,1,1,1,1,1,1,1,2
0.7043309,1,1,1,1,1,1,1,1,2
0.6978164,1,1,1,1,1,1,1,1,2
0.6915075,1,1,1,1,1,1,1,1,2
0.6854163,1,1,1,1,1,1,1,1,2
0.679548,1,1,1,1,1,1,1,1,2
0.673914,1,1,1,1,1,1,1,1,2
0.7507504,1,1,1,1,0.9888606,1,1,1,2
0.7827626,1,1,1,1,0.9770195,1,1,1,2
0.7780086,1,1,1,1,0.9655557,1,1,1,2
0.7733908,1,1,1,1,0.9541242,1,1,1,2
0.7689219,1,1,1,1,0.9427345,1,1,1,2
0.7646146,1,1,1,1,0.9313964,1,1,1,2
0.7604748,1,1,1,1,0.920118,1,1,1,2
0.7565082,1,1,1,1,0.9089078,1,1,1,2
0.7527259,1,1,1,0.9368913,0.907273,1,1,1,2
0.857859,1,1,1,0.9232386,0.96081,1,1,1,2
1,1,1,1,0.9111137,0.9894788,1,1,1,1
1,1,1,1,0.9007719,0.9753639,1,1,1,1
1,0.9970252,1,1,0.8903776,0.9625822,1,1,1,1
1,0.9681655,1,1,0.8799038,0.9519364,1,1,1,1
1,0.9366277,1,1,0.8690856,0.950896,1,1,1,2
1,0.9026694,1,1,0.8579319,0.9605242,1,1,1,2
1,0.8828745,1,1,0.8464617,0.9827317,1,1,1,2
1,0.8822917,1,1,0.8348584,1,1,1,1,2
1,0.8818247,1,1,0.8233089,1,1,1,1,2
1,0.8814968,1,1,0.8117962,1,1,1,1,2
1,0.8813053,1,1,0.8003241,1,1,1,1,2
1,0.8812542,1,1,0.7888962,1,1,1,1,2
1,0.8813403,1,1,0.7775152,1,1,1,1,2
1,0.8815538,1,1,0.7661835,1,1,1,1,2
1,0.8818976,1,1,0.7549031,1,1,1,1,2
1,0.8823684,1,1,0.7436754,1,1,1,1,2
1,0.8829621,1,1,0.7325016,1,1,1,1,2
1,0.8836749,1,1,0.7213824,1,1,1,1,2
1,0.8845025,1,1,0.710318,1,1,1,1,2
1,0.8854406,1,1,0.6993085,1,1,1,1,2
1,0.8864847,1,1,0.6883535,1,1,1,1,2
1,0.8876306,1,1,0.6774526,1,1,1,1,2
1,1,1,0.6996857,0.6666046,1,1,1,1,2
1,1,1,0.6874129,0.6557671,1,1,1,1,2
1,1,1,0.6752032,0.6449671,1,1,1,1,2
1,1,1,0.6630612,0.6342064,1,1,1,1,2
1,1,1,0.6509901,0.6234863,1,1,1,1,2
1,1,1,0.638993,0.6128081,1,1,1,1,2
1,1,1,0.6270719,0.6021723,1,1,1,1,2
0.9281459,1,1,0.6152285,0.5915792,1,1,1,1,2
0.7890798,1,1,0.6029048,0.5808079,1,1,1,1,2
0.7695093,1,1,0.5897261,0.5913629,1,1,1,1,2
0.7706289,1,1,0.5767388,0.6858968,1,1,1,1,2
0.7719907,1,1,0.5641214,1,1,1,1,1,2
0.7734634,1,1,0.5519111,1,1,1,1,1,2
0.7751959,1,1,0.5399071,1,1,1,1,1,2
0.7771798,1,1,0.5280992,1,1,1,1,1,2
0.7794062,1,1,0.5164766,1,1,1,1,1,2
0.7818589,1,1,0.5050287,1,1,1,1,1,2
0.7845281,1,0.5358752,0.4937447,1,1,1,1,1,2
0.7893418,1,0.5200683,0.4820051,1,1,1,1,1,2
0.7945824,1,0.5049096,0.4705886,1,1,1,1,1,2
1,1,0.4903455,0.551443,1,1,1,1,1,2
1,1,0.4778141,0.6121406,1,1,1,1,1,2
1,1,0.4655081,1,1,1,1,1,1,2
1,1,0.4536059,1,1,1,1,1,1,2
1,1,0.4418042,1,1,1,1,1,1,2
1,1,0.4301022,1,1,1,1,1,1,2
1,1,0.4184986,1,1,1,1,1,1,2
1,1,0.4069926,1,1,1,1,1,1,2
1,1,0.3955822,1,1,1,1,1,1,2
1,1,0.3842658,1,1,1,1,1,1,2
1,1,0.3730416,1,1,1,1,1,1,2
1,1,0.3619074,1,1,1,1,1,1,2
1,1,0.3508611,1,1,1,1,1,1,2
1,1,0.3399001,1,1,1,1,1,1,2
1,1,0.3290221,1,1,1,1,1,1,2
1,1,0.3190199,1,1,1,1,1,1,2
1,0.3846558,0.3357271,1,1,1,1,1,1,2
1,0.3658682,0.3753849,1,1,1,1,1,1,2
1,0.3479006,0.4241293,1,1,1,1,1,1,2
1,0.330699,0.8217189,1,1,1,1,1,1,2
1,0.3149068,0.8178912,1,1,1,1,1,1,2
1,0.2996769,0.9319692,1,1,1,1,1,1,2
1,0.2851123,1,1,1,1,1,1,1,2
1,0.2710757,1,1,1,1,1,1,1,2
1,0.2574614,1,1,1,1,1,1,1,2
1,0.2442501,1,1,1,1,1,1,1,2
0.3441563,0.2314222,1,1,1,1,1,1,1,2
0.3193039,0.2466589,1,1,1,1,1,1,1,2
0.2960515,0.2658384,1,1,1,1,1,1,1,2
0.2742551,0.2872592,1,1,1,1,1,1,1,2
0.2537876,0.3112549,1,1,1,1,1,1,1,2
0.2345365,0.3382297,1,1,1,1,1,1,1,2
0.2164022,0.7397583,1,1,1,1,1,1,1,2
0.1992951,0.724484,1,1,1,1,1,1,1,2
0.2097921,0.7098745,1,1,1,1,1,1,1,2
0.2221406,0.695902,1,1,1,1,1,1,1,2
0.2354178,0.6913638,1,1,1,1,1,1,1,2
0.2497053,0.7632354,1,1,1,1,1,1,1,2
0.2650851,1,1,1,1,1,1,1,1,2
0.2811651,1,1,1,1,1,1,1,1,2
0.2980651,1,1,1,1,1,1,1,1,2
1,1,1,1,1,1,1,1,1,1
1,1,1,1,1,1,1,1,1,1
1,1,1,1,1,1,1,1,1,1
1,1,1,1,1,1,1,1,1,1
1,1,1,1,1,1,1,1,1,1
1,1,1,1,1,1,1,1,1,1
1,1,1,1,1,1,1,1,1,1
0.6927654,1,1,1,1,1,1,1,1,2
0.6793385,1,1,1,1,1,1,1,1,2
0.666041,1,1,1,1,1,1,1,1,2
0.6528877,1,1,1,1,1,1,1,1,2
0.6398928,1,1,1,1,1,1,1,1,2
0.6270694,1,1,1,1,1,1,1,1,2
0.6144287,1,1,1,1,1,1,1,1,2
0.601981,1,1,1,1,1,1,1,1,2
0.6093885,1,1,1,1,1,1,1,1,2
0.6308227,1,1,1,1,1,1,1,1,2
0.6523873,1,1,1,1,1,1,1,1,2
0.6740375,1,1,1,1,1,1,1,1,2
0.6957278,1,1,1,1,1,1,1,1,2
1,1,1,1,1,1,1,1,1,1
1,1,1,1,1,1,1,1,1,1
1,1,1,1,1,1,1,1,1,1
1,1,1,1,1,1,1,1,1,1
1,1,1,1,1,1,1,1,1,1
1,1,1,1,1,1,1,1,1,1
1,1,1,1,1,1,1,1,1,1
1,1,1,1,1,1,1,1,1,1
1,1,1,1,1,1,1,1,1,1
1,1,1,1,1,1,1,1,1,1
1,1,1,1,1,1,1,1,1,1
1,1,1,1,1,1,1,1,1,1
1,1,1,1,1,1,0.9970833,1,1,1
1,1,1,1,1,1,0.9762929,1,1,1
1,1,1,1,1,1,0.9533936,1,1,1
1,1,1,1,1,0.9982535,0.9283315,1,1,1
1,1,1,1,1,0.9916984,0.9009597,1,1,1
1,1,1,1,1,0.9860827,0.8709633,1,1,0
1,1,1,1,1,0.9814758,0.8495644,1,1,0
1,1,1,1,1,0.9776236,0.8443327,1,1,0
1,1,1,1,1,0.9740755,0.839276,1,0.9977316,0
1,1,1,1,1,0.9708781,0.8344131,1,0.9862993,0
1,1,1,1,1,0.9682962,0.8298737,1,0.974723,0
1,1,1,1,1,1,0.8256594,1,0.9630459,0
1,1,1,1,1,1,0.8213714,1,0.951827,0
1,1,1,1,1,1,0.8173892,1,0.9405764,0
1,1,1,1,1,1,0.8137209,1,0.9293194,0
1,1,1,1,1,1,0.8103882,1,0.9180949,0
1,1,1,1,1,1,0.8073996,1,0.9286388,0
1,1,1,1,1,1,0.8044237,1,0.9695737,0
1,1,1,1,1,1,0.8009667,1,1,0
1,1,1,1,1,1,0.7971626,1,1,0
1,1,1,1,1,1,0.7934898,1,1,0
1,1,1,1,1,1,0.7899474,1,1,0
1,1,1,1,1,1,0.7865346,1,1,0
1,1,1,1,1,1,0.7832506,1,1,0
1,1,1,1,1,1,0.7801016,1,1,0
1,1,1,1,1,1,0.7770866,1,1,0
1,1,1,1,1,1,0.7742046,1,1,0
1,1,1,1,1,1,0.7714546,1,1,0
1,1,1,1,1,1,0.7688357,1,1,0
1,1,1,1,1,1,0.7663467,1,1,0
1,1,1,1,1,1,0.7639937,0.8808147,1,0
1,1,1,1,1,1,1,1,1,1
1,1,1,1,1,1,1,1,1,1
1,1,1,1,1,1,1,1,1,1
1,1,1,1,1,1,1,1,1,1
1,1,1,1,1,1,1,1,1,1
1,1,1,1,1,1,1,1,1,1
1,1,1,1,1,1,1,1,1,1
1,1,1,1,1,1,1,1,1,1
1,1,1,1,1,1,1,1,1,1
1,1,1,1,1,1,1,1,1,1
1,1,1,1,1,1,1,1,1,1
1,1,1,1,1,1,1,1,1,1
1,1,1,1,1,1,1,1,1,1
1,1,1,1,1,1,1,1,1,1
1,1,1,1,1,1,1,1,1,1
1,1,1,1,1,1,1,1,1,1
1,1,1,1,1,1,1,1,1,1
1,1,1,1,1,1,1,1,1,1
1,1,1,1,1,1,1,1,1,1
1,1,1,1,1,1,1,1,1,1
1,1,1,1,1,1,1,1,1,1
1,1,1,1,1,1,1,1,1,1
1,1,1,1,1,1,1,1,1,1
1,1,1,1,1,1,1,1,1,1
1,1,1,1,1,1,1,1,1,1
1,1,1,1,1,1,1,1,1,1
1,1,1,1,1,1,1,1,1,1
1,1,1,1,1,1,1,1,1,1
1,1,1,1,1,1,1,1,1,1
1,1,1,1,1,1,1,1,1,1
1,1,1,1,1,1,1,1,1,1
1,1,1,1,1,1,1,1,1,1
1,1,1,1,1,1,1,1,1,1
1,1,1,1,1,1,1,1,1,1
1,1,1,1,1,1,1,1,1,1
1,1,1,1,1,1,1,1,1,1
1,1,1,1,1,1,1,1,1,1
1,1,1,1,1,1,1,1,1,1
1,1,1,1,1,1,1,1,1,1
1,1,1,1,1,1,1,1,1,1
1,1,1,1,1,1,1,1,1,1
1,1,1,1,1,1,1,1,1,1
1,1,1,1,1,1,1,1,1,1
1,1,1,1,1,1,1,1,1,1
1,1,1,1,1,1,1,1,1,1
1,1,1,1,1,1,1,1,1,1
1,1,1,1,1,1,1,1,1,1
1,1,1,1,1,1,1,1,1,1
1,1,1,1,1,1,1,1,1,1
1,1,1,1,1,1,1,1,1,1
1,1,1,1,1,1,1,1,1,1
1,1,1,1,1,1,1,1,1,1
1,1,1,1,1,1,1,1,1,1
1,1,1,1,1,1,1,1,1,1
1,1,1,1,1,1,1,1,1,1
1,1,1,1,1,1,1,1,1,1
1,1,1,1,1,1,1,1,1,1
1,1,1,1,1,1,1,1,1,1
1,1,1,1,1,1,1,1,1,1
1,1,1,1,1,1,1,1,1,1
1,1,1,1,1,1,1,1,1,1
1,1,1,1,1,1,1,1,1,1
1,1,1,1,1,1,1,1,1,1
1,1,1,1,1,1,1,1,1,1
1,1,1,1,1,1,1,1,1,1
1,1,1,1,1,1,1,1,1,1
1,1,1,1,1,1,1,1,1,1
1,1,1,1,1,1,1,1,1,1
1,1,1,1,1,1,1,1,1,1
1,1,1,1,1,1,1,1,1,1
1,1,1,1,1,1,1,1,1,1
1,1,1,1,1,1,1,1,1,1
1,1,1,1,1,1,1,1,1,1
1,1,1,1,1,1,1,1,1,1
1,1,1,1,1,1,1,1,1,1
1,1,1,1,1,1,1,1,1,1
1,1,1,1,1,1,1,1,1,1
1,1,1,1,1,1,1,1,1,1
1,1,1,1,1,1,1,1,1,1
1,1,1,1,1,1,1,1,1,1
1,1,1,1,1,1,1,1,1,1
1,1,1,1,1,1,1,1,1,1
1,1,1,1,1,1,1,1,1,1
1,1,1,1,1,1,1,1,1,1
1,1,1,1,1,1,1,1,1,1
1,1,1,1,1,1,1,1,1,1
1,1,1,1,1,1,1,1,1,1
1,1,1,1,1,1,1,1,1,1
1,1,1,1,1,1,1,1,1,1
1,1,1,1,1,1,1,1,1,1
1,1,1,1,1,1,1,1,1,1
1,1,1,1,1,1,1,1,1,1
1,1,1,1,1,1,1,1,1,1
1,1,1,1,1,1,1,1,1,1
1,1,1,1,1,1,1,1,1,1
1,1,1,1,1,1,1,1,1,1
1,1,1,1,1,1,1,1,1,1
1,1,1,1,1,1,1,1,1,1
1,1,1,1,1,1,1,1,1,1
1,1,1,1,1,1,1,1,1,1
1,1,1,1,1,1,1,1,1,1
1,1,1,1,1,1,1,1,1,1
1,1,1,1,1,1,1,1,1,1
1,1,1,1,1,1,1,1,1,1
1,1,1,1,0.9972981,1,1,1,1,1
1,1,1,1,0.9872982,1,1,1,1,1
1,1,1,1,0.9772984,0.9923748,1,1,1,1
1,1,1,1,0.9672985,0.982211,1,1,1,1
1,1,1,1,0.9572986,0.9720349,1,1,1,1
1,1,1,1,0.9472989,0.9618467,1,1,1,1
1,1,1,1,0.9372991,0.9516472,1,1,1,1
1,1,1,1,0.9272996,0.9414366,1,1,1,1
1,1,1,1,0.9173002,0.9312159,1,1,1,1
1,1,1,1,0.9073011,0.9209852,1,1,1,1
1,1,1,1,0.8973023,0.9107456,1,1,1,1
1,1,1,1,0.887304,0.9004976,1,1,1,1
1,1,1,1,0.8773063,0.8902419,1,1,1,1
1,1,1,1,0.8673091,0.8799793,1,1,1,1
1,1,1,1,0.8573127,0.8697104,1,1,1,1
1,1,1,1,0.847317,0.859436,1,1,1,1
1,1,1,1,0.8373224,0.849157,1,1,1,1
1,1,1,1,0.8273287,0.8388739,1,1,1,1
1,1,1,1,0.8173364,0.8285878,1,1,1,1
1,1,1,1,0.8073454,0.8182993,1,1,1,1
1,1,1,1,0.7973555,0.808009,1,1,1,1
1,1,1,1,0.7873673,0.7977179,1,1,1,1
1,1,1,1,0.7773804,0.7874264,1,1,1,1
1,1,1,1,0.7673953,0.7771356,1,1,1,1
1,1,1,1,0.7574115,0.7668456,1,1,1,1
1,1,1,1,0.7474295,0.7565573,1,1,1,1
1,1,1,1,0.7374493,0.7462717,1,1,1,1
1,1,1,1,0.7274703,0.7359885,1,1,1,1
1,1,1,1,0.7174932,0.7257088,1,1,1,1
1,1,1,1,0.7075176,0.7154332,1,1,1,1
1,1,1,1,0.6975436,0.7051619,1,1,1,1
1,1,1,1,0.6875712,0.6948954,1,1,1,1
1,1,1,1,0.6776001,0.684634,1,1,1,1
1,1,1,1,0.6676304,0.6743782,1,1,1,1
1,1,1,1,0.6576623,0.6641285,1,1,1,1
1,1,1,1,0.6476954,0.6538849,1,1,1,1
1,1,1,1,0.6377293,0.6436476,1,1,1,1
1,1,1,1,0.6277646,0.633417,1,1,1,1
1,1,1,1,0.6178006,0.6231931,1,1,1,1
1,1,1,1,0.6078375,0.6129762,1,1,1,1
1,1,1,1,0.5978749,0.6027662,1,1,1,1
1,1,1,1,0.587913,0.5925633,1,1,1,1
1,1,1,1,0.5779516,0.5823678,1,1,1,1
1,1,1,1,0.5679902,0.5721792,1,1,1,1
1,1,1,1,0.5580291,0.5619978,1,1,1,1
1,1,1,1,0.5480682,0.5518237,1,1,1,1
1,1,1,1,0.5381071,0.5416566,1,1,1,1
1,1,1,1,0.528146,0.5314967,1,1,1,1
1,1,1,1,0.5181845,0.5213438,1,1,1,1
1,1,1,1,0.5082228,0.5111977,1,1,1,1
1,1,1,1,0.4982605,0.5010582,1,1,1,1
1,1,1,1,0.4882976,0.4909255,1,1,1,1
1,1,1,1,0.4783341,0.4807991,1,1,1,1
1,1,1,1,0.4683694,0.4706787,0.5028977,1,1,0
1,1,1,1,0.458635,0.4601784,0.490456,1,1,0
1,1,1,1,0.4489193,0.449757,0.4782099,1,1,0
1,1,1,1,0.4392165,0.4394066,0.4661461,1,1,0
1,1,1,1,0.4295219,0.4291206,0.4542522,1,1,0
1,1,1,1,0.4198314,0.4188926,0.4425163,1,1,0
1,1,1,1,0.410141,0.4087164,0.4309268,1,1,0
1,1,1,1,0.4004473,0.3985864,0.4194726,1,1,0
1,1,1,1,1,0.3884978,0.4081438,1,1,0
1,1,1,1,1,0.3783955,0.3965475,1,1,0
1,1,1,1,1,0.3683481,0.3850959,1,1,0
1,1,1,1,1,0.3583507,0.3737805,1,1,0
1,1,1,1,1,0.3483987,0.362593,1,1,0
1,1,1,1,1,0.3384873,0.3515249,1,1,0
1,1,1,1,1,0.3286121,0.3405682,1,1,0
1,1,1,1,1,0.318769,0.3297154,1,1,0
1,1,1,1,1,0.3089547,0.3189597,1,1,0
1,1,1,1,1,0.2991656,0.3082939,1,1,0
1,1,1,1,1,0.2893986,0.2977118,1,1,0
1,1,1,1,1,0.2796511,0.2872076,1,1,0
1,1,1,1,1,0.2699203,0.2767754,0.3420358,1,0
1,1,1,1,1,0.2604337,0.2655684,0.3244673,1,0
1,1,1,1,1,1,0.2546259,0.3076418,1,0
1,1,1,1,1,1,0.2439349,0.2915114,1,0
1,1,1,1,1,1,0.2334829,0.276032,1,0
1,1,1,1,1,1,0.2232589,0.2611639,1,0
1,1,1,1,1,1,0.2132636,0.2469616,1,0
1,1,1,1,1,1,0.2034771,0.2333878,1,0
1,1,1,1,1,1,0.1938755,0.2203769,1,0
1,1,1,1,1,1,0.1844364,0.20787,0.3032117,0
1,1,1,1,1,1,0.3079464,0.1954382,0.2805173,0
1,1,1,1,1,1,1,0.1834418,0.2592367,0
1,1,1,1,1,1,1,0.1718577,0.2392472,0
1,1,1,1,1,1,1,0.1606639,0.2204399,0
1,1,1,1,1,1,1,0.1498401,0.2027179,0
1,1,0.981654,1,1,1,1,0.1393677,0.185995,0
1,1,0.9612883,1,1,1,1,0.1292296,0.1701944,0
1,1,0.9416912,1,1,1,1,0.1318607,0.1552467,0
1,1,0.9376441,1,1,1,1,0.1599756,0.1410895,0
1,1,0.9544538,1,1,1,1,0.1930002,0.1276664,0
1,1,0.9731787,1,1,1,1,0.2321697,0.1149275,0
1,1,0.9940564,1,1,1,1,0.2791698,0.1029749,0
1,1,1,1,1,1,1,1,0.1160542,0
1,1,1,1,1,1,1,1,0.1302163,0
1,1,1,1,1,1,1,1,0.1455648,0
1,1,1,1,1,1,1,1,0.1620633,0
1,1,1,0.9236051,1,1,1,1,0.1796737,0
1,1,1,0.9041478,1,1,1,1,0.1975445,0
1,1,1,0.8862084,1,1,1,1,0.2160574,0
1,1,1,0.8695763,1,1,1,1,0.2351207,0
1,1,1,0.8540773,1,1,1,1,0.2546332,0
1,1,1,0.8395675,1,1,1,1,0.2744865,0
1,1,1,0.8259203,1,1,1,1,1,2
1,1,1,0.8205329,1,1,1,1,1,2
1,1,1,0.8152807,1,1,1,1,1,2
1,1,1,0.8101543,1,1,1,1,1,2
1,1,1,0.8051515,1,1,1,1,1,2
1,1,1,0.8002777,1,1,1,1,1,2
1,1,1,0.7955307,1,1,1,1,1,2
1,1,1,0.7909087,1,1,1,1,1,2
1,1,1,0.7864169,1,1,1,1,1,2
1,1,1,0.7820461,1,1,1,1,1,2
1,1,1,1,1,1,1,1,1,1
1,1,1,1,1,1,1,1,1,1
1,1,1,1,1,1,1,1,1,1
1,1,0.7922335,1,1,1,1,1,1,2
1,1,0.7574198,1,1,1,1,1,1,2
1,1,0.7215705,1,1,1,1,1,1,2
1,1,0.6850395,1,1,1,1,1,1,2
1,1,0.6481954,1,1,1,1,1,1,2
1,1,0.6268901,1,1,1,1,1,1,2
1,1,0.6241161,1,1,1,1,1,1,2
1,1,0.6215557,1,1,1,1,1,1,2
1,1,0.6192072,1,1,1,1,1,1,2
1,1,0.6170756,1,1,1,1,1,1,2
1,1,0.6151524,1,1,1,1,1,1,2
1,1,0.6134427,1,1,1,1,1,1,2
1,1,0.6119444,1,1,1,1,1,1,2
1,1,0.6106559,1,1,1,1,1,1,2
1,1,0.6095751,1,1,1,1,1,1,2
1,1,1,1,1,1,1,1,1,1
1,1,1,1,1,1,1,1,1,1
1,1,1,1,1,1,1,1,1,1
1,1,1,1,1,1,1,1,1,1
1,1,1,1,1,1,1,1,1,1
1,1,1,1,1,1,1,1,1,1
1,1,1,1,1,1,1,1,1,1
1,1,1,1,1,1,1,1,1,1
1,1,1,1,1,1,1,1,1,1
1,1,1,1,1,1,1,1,1,1
1,1,1,1,1,1,1,1,1,1
1,0.5967973,1,1,1,1,1,1,1,2
1,0.4796892,1,1,1,1,1,1,1,2
1,0.4488339,1,1,1,1,1,1,1,2
1,0.4457651,1,1,1,1,1,1,1,2
1,0.4430603,1,1,1,1,1,1,1,2
1,0.4407139,1,1,1,1,1,1,1,2
1,0.4387334,1,1,1,1,1,1,1,2
1,0.4371212,1,1,1,1,1,1,1,2
1,0.4358867,1,1,1,1,1,1,1,2
1,0.4350346,1,1,1,1,1,1,1,2
1,1,1,1,1,1,1,1,1,1
1,1,1,1,1,1,1,1,1,1
1,1,1,1,1,1,1,1,1,1
1,1,1,1,1,1,1,1,1,1
0.396544,1,1,1,1,1,1,1,1,2
0.3926306,1,1,1,1,1,1,1,1,2
0.389102,1,1,1,1,1,1,1,1,2
0.3859527,1,1,1,1,1,1,1,1,2
0.3831774,1,1,1,1,1,1,1,1,2
0.3807724,1,1,1,1,1,1,1,1,2
0.3787345,1,1,1,1,1,1,1,0.996199,2
0.3770677,1,1,0.9971476,1,1,1,1,0.9877459,2
1,1,1,0.9786067,1,1,1,1,0.979675,1
1,1,1,0.9682738,1,1,1,1,0.9819173,1
1,1,1,0.9578525,1,1,1,1,0.9840557,1
1,1,1,0.9473461,1,1,1,1,0.986084,1
1,1,1,0.9367582,1,1,1,1,0.9879961,1
1,1,1,0.926092,1,1,1,1,0.9898001,1
1,1,1,0.9153522,1,1,1,1,0.9914845,1
1,1,1,0.904543,1,1,1,1,0.9930577,1
1,1,1,0.8936684,1,1,1,1,0.9945159,1
1,1,1,0.8827332,1,1,1,1,0.9958614,1
1,1,1,0.871742,1,1,1,1,0.9970912,1
1,1,0.9879958,0.8606997,1,1,1,1,0.9982152,1
1,1,0.9744329,0.8495209,1,1,1,1,0.9990888,1
1,1,0.9605729,0.8382062,1,1,1,1,0.9997047,1
1,1,0.9464409,0.8267676,1,1,1,1,1,1
1,1,0.9320651,0.8152183,1,1,1,1,1,1
1,1,0.9174741,0.8035719,1,1,1,1,1,2
1,1,0.9026917,0.7918399,1,1,1,1,0.9996489,2
1,1,0.8877499,0.7800374,1,1,1,1,0.9990492,2
1,1,0.8726799,0.7681796,1,1,1,1,0.9982363,2
1,1,0.8575115,0.7562808,1,1,1,1,0.9972211,2
1,1,0.8422744,0.7622958,1,1,1,1,0.9960222,2
1,1,0.8271157,0.7737835,1,1,1,1,0.9947508,2
1,1,0.8120788,0.7861486,1,1,1,1,0.9934347,2
1,1,0.7971717,0.7993881,1,1,1,1,0.9920887,2
1,1,0.7824007,0.8135437,1,1,1,1,0.9907131,2
1,1,0.7677704,0.8286371,1,1,1,1,0.9893147,2
1,1,0.7532843,0.8446676,1,1,1,1,0.9879048,2
1,1,0.7389451,0.8616834,1,1,1,1,0.9864817,2
1,1,0.7247539,0.8796857,1,1,1,1,0.985056,2
1,1,0.710711,0.8987262,1,1,1,1,0.9836239,2
1,1,0.6968161,0.9188076,1,1,1,1,0.9821949,2
1,1,0.6830675,0.9399588,1,1,1,1,0.9807703,2
1,1,0.669464,0.9622098,1,1,1,1,0.9793519,2
1,1,0.6560026,0.9855918,1,1,1,1,0.9779403,2
1,1,0.6426808,1,1,1,1,1,0.9765359,2
1,1,0.6294652,1,1,1,1,1,0.9751111,2
1,1,0.6163151,1,1,1,1,1,0.9736288,2
1,0.866835,0.6032355,1,1,1,1,1,0.9720948,2
1,0.8396055,0.588977,1,1,1,1,1,0.9692516,2
1,0.8123604,0.5747051,1,1,1,1,1,0.9662029,2
1,0.7852472,0.5604638,1,1,1,1,1,0.9629801,2
1,0.7584008,0.5462943,1,1,1,1,1,0.9596154,2
1,0.7319415,0.5595305,1,1,1,1,1,0.9561521,2
1,0.7063123,0.5796397,1,1,1,1,1,0.952723,2
1,0.6815864,0.6016279,1,1,1,1,1,0.9493536,2
1,0.6577513,0.6255963,1,1,1,1,1,0.9460572,2
1,0.6347861,0.6516709,1,1,1,1,1,0.9428375,2
1,0.6126634,0.6799872,1,1,1,1,1,0.9396944,2
1,0.5913509,0.71069,1,1,1,1,1,0.9366254,2
1,0.5708126,0.7439126,1,1,1,1,1,0.9336316,2
1,0.551011,0.7797962,1,1,1,1,1,0.9307119,2
1,0.5319067,0.8185099,1,1,1,1,1,0.9278575,2
1,0.51346,0.8602316,1,1,1,1,1,0.9250582,2
1,0.4956316,0.9232737,1,1,1,1,1,0.9223157,2
1,0.4784575,0.9105042,1,1,1,1,1,0.9196308,2
1,0.4615839,0.9375886,1,1,1,1,1,0.9169329,2
0.7704971,0.4451607,0.9928595,1,1,1,1,1,0.914261,2
0.7221041,0.4265119,1,1,1,1,1,1,0.9112599,2
0.6754903,0.4157903,1,1,1,1,1,1,0.9083786,2
0.6325682,0.4332165,1,1,1,1,1,1,0.9056946,2
0.5929568,0.4523088,1,1,1,1,1,1,0.9032053,2
0.5562971,0.4732398,1,1,1,1,1,1,0.9009136,2
0.5222805,0.496234,1,1,1,1,1,1,0.8988105,2
0.4906398,0.5215274,1,1,1,1,1,1,0.8968996,2
0.4611433,0.5494098,1,1,1,1,1,1,0.8951787,2
0.4335888,0.5802224,1,1,1,1,1,1,0.8936459,2
0.4077988,0.6143562,1,1,1,1,1,1,0.8923059,2
0.3836168,0.6523073,1,0.9978625,1,1,1,1,0.8911512,2
0.3703621,0.6946433,1,0.9944752,1,1,1,1,0.8901871,2
0.3834972,0.7408944,1,0.9913818,1,1,1,1,0.8892993,2
0.3968375,0.7870034,1,0.9881485,1,1,1,1,0.8882115,2
0.4103143,0.7929339,1,0.9847054,1,1,1,1,0.8868745,2
0.4241165,0.8435138,1,0.9812115,1,1,1,1,0.8853876,2
0.4379107,0.8951201,1,0.9773811,1,1,1,1,0.8835616,2
0.451619,0.947246,0.9146672,1,1,1,1,1,0.8813639,2
0.4651465,0.999242,0.9015858,1,1,1,1,1,0.8787724,2
0.478422,1,0.8943637,1,1,1,1,1,0.8757647,2
0.4917367,1,0.8871555,1,1,1,1,1,0.8725263,2
0.5050511,1,0.879943,1,1,1,1,1,0.8690506,2
0.5183198,1,0.872709,1,1,1,1,1,0.8653303,2
0.5315067,1,0.8654379,1,1,1,1,1,0.8613536,2
0.544556,1,0.8581163,1,1,1,1,1,0.857124,2
0.5574222,1,0.8507325,1,1,1,1,1,0.8526405,2
0.5700605,1,0.8432764,1,1,1,1,1,0.8479045,1
0.5824374,1,0.8357394,1,1,1,1,1,0.8429127,1
0.5945016,1,0.8281152,1,1,1,1,1,0.8376768,1
0.6062238,1,0.8203985,1,1,1,1,1,0.8321977,1
0.6175677,1,0.8125857,1,1,1,1,1,0.826484,1
0.6284997,1,0.8046741,1,1,1,1,1,0.8205466,1
0.6389901,1,0.796663,1,1,1,1,1,0.8143976,1
0.6490227,1,0.7885523,1,1,1,1,1,0.8080441,1
0.7123214,1,0.7803433,1,1,1,1,1,0.8015011,1
0.7033421,1,0.7718053,1,1,1,1,1,0.7943559,1
0.6943645,1,0.7632514,1,1,1,1,1,0.7872201,1
0.6853846,1,0.7546829,1,1,1,1,1,0.7800961,1
0.6763979,1,0.7461005,1,1,1,1,1,0.7729923,1
0.6709099,1,0.7375054,1,1,1,1,1,0.7659048,1
0.6780822,1,0.7288846,1,1,1,1,1,0.7588088,1
0.6847621,1,0.7201914,1,1,1,1,1,0.7516187,1
0.6909522,1,0.7114311,1,1,1,1,1,0.7443534,1
0.6966579,1,0.7026093,1,1,1,1,1,0.7370324,0
0.7018971,1,0.6937318,1,1,1,1,1,0.7296684,0
0.7066891,1,0.6848043,1,1,1,1,1,0.7222738,0
0.7110463,1,0.6758327,1,1,1,1,1,0.7552517,1
0.7163285,1,0.6670065,1,1,1,1,1,0.788885,1
0.7225407,1,0.6583147,1,1,1,1,1,0.820528,1
0.7296078,1,0.6497385,1,1,1,1,1,0.8500761,1
0.7374499,1,0.6412619,1,1,1,1,1,0.8775161,1
0.7459925,1,0.6328719,1,1,1,1,1,0.9029081,1
0.7551676,1,0.6245571,1,1,1,1,1,0.9263719,1
0.764904,1,0.6163086,1,1,1,1,1,0.948061,1
0.7751554,1,0.6081185,1,1,1,1,1,0.9681516,1
0.7858641,1,0.5999798,1,1,1,1,1,0.9868272,1
0.7969779,1,0.5918863,1,1,1,1,1,1,1
0.8082994,1,0.5838155,1,1,1,1,1,1,1
0.8193126,1,0.5757118,1,1,1,1,1,1,1
0.8300049,1,0.567575,1,1,1,1,1,1,1
1,1,0.5594047,1,1,1,1,1,1,1
1,1,0.5507601,1,1,1,1,1,1,1
1,0.5541709,0.5421119,1,1,1,1,1,1,1
1,0.5453948,0.5339354,1,1,1,1,1,1,1
1,0.5366422,1,1,1,1,1,1,1,2
1,0.5274541,1,1,1,1,1,1,1,2
1,0.5183339,1,1,1,1,1,1,1,2
1,0.5092816,1,1,1,1,1,1,1,2
1,0.5002972,1,1,1,1,1,1,1,2
1,0.49138,1,1,1,1,1,1,1,2
1,0.4825298,1,1,1,1,1,1,1,2
1,0.4737462,1,1,1,1,1,1,1,2
1,0.4650282,1,1,1,1,0.993896,1,1,2
1,0.456397,1,1,1,1,0.9845644,1,1,2
1,0.4478579,1,1,1,1,0.9754473,1,1,1
1,0.4394027,1,1,1,1,0.9665343,1,1,1
1,0.431024,1,1,1,1,0.9578094,1,1,1
1,0.4227147,1,1,1,1,0.9492646,1,1,1
1,0.4144681,1,1,1,1,0.9408861,1,1,1
1,0.4062783,1,1,1,1,0.9326679,1,1,1
1,0.3981398,1,1,1,1,0.9245979,1,1,1
1,0.390047,1,1,1,1,0.9166651,1,1,1
1,0.3819951,1,1,1,1,0.9088659,1,1,1
0.4533845,0.3739797,1,1,1,1,0.9011908,1,1,2
0.4392988,0.3651775,1,1,1,1,0.8878224,1,1,2
0.4259294,0.3566361,1,1,1,1,0.8750204,1,1,2
0.4132071,0.3483292,1,1,1,1,0.8627297,1,1,2
0.4010697,0.3911743,1,1,1,1,0.8509,1,1,2
0.3895298,0.4808321,1,1,1,1,0.8395847,1,1,2
0.3785625,1,1,1,1,1,0.8287948,1,1,2
0.3685218,1,1,1,1,1,0.8191134,1,1,2
0.3587081,1,1,1,1,1,0.8095742,1,1,2
0.3491064,1,1,1,1,1,0.8001717,1,1,2
0.3397028,1,1,1,1,1,0.7908946,1,1,2
0.3304836,1,1,1,1,0.8956159,0.781732,1,1,1
0.3220628,1,1,1,1,0.8858926,0.773694,1,1,1
0.3137638,1,1,1,1,0.8765079,0.7658061,1,1,1
0.3055688,1,1,1,1,0.867431,0.7580541,1,1,1
0.2974621,1,1,1,1,1,0.7504322,1,1,2
0.2886735,1,1,1,1,0.8472348,0.741613,1,1,1
0.2952651,1,1,1,1,1,0.7342721,1,1,1
0.312115,1,1,1,1,0.8281762,0.7256608,1,1,1
0.3251974,1,1,1,1,1,0.7187828,1,1,1
0.3415231,1,1,1,1,1,0.7105094,1,1,1
0.3575596,1,1,1,1,1,0.702422,1,1,1
0.3732626,1,1,1,1,1,0.6945022,1,1,1
0.3885683,1,1,1,1,1,0.6867471,1,1,1
0.4034439,1,1,1,1,1,0.6791425,1,1,1
0.4178626,1,1,1,1,1,0.6716763,1,1,1
0.4317774,1,1,1,1,1,0.6643507,1,1,1
0.4451738,1,1,1,1,1,0.6571561,1,1,1
0.4580422,1,1,1,1,1,0.650084,1,1,1
1,1,1,1,1,1,0.6431335,1,1,0
1,1,1,1,1,1,0.6389016,1,1,0
1,1,1,1,1,1,0.634881,1,1,0
1,1,1,1,1,1,0.6310772,1,1,0
1,1,1,1,1,1,0.6274895,1,1,0
1,1,1,1,1,1,0.624123,1,1,0
1,1,1,1,1,1,0.6209764,1,1,0
1,1,1,1,1,1,0.6180485,1,1,0
1,1,1,1,1,1,0.6153374,1,1,0
1,1,1,1,1,1,0.6128484,1,1,0
1,1,1,1,1,1,0.6105797,1,1,0
1,1,1,1,1,1,0.6085225,1,1,0
1,1,1,1,1,1,0.6066892,0.6190737,1,0
1,1,1,1,1,1,1,0.5259025,1,0
1,1,1,1,1,1,1,0.5214632,1,0
1,1,1,1,1,1,1,0.5173904,1,0
1,1,1,1,1,1,1,0.5136837,1,0
1,1,1,1,1,1,1,0.5103426,1,0
1,1,1,1,1,1,1,0.5073725,1,0
1,1,1,1,1,1,1,0.5047726,1,0
1,1,1,1,1,1,1,0.5025482,1,0
1,1,1,1,1,1,1,0.5006981,1,0
1,1,1,1,1,1,1,0.4992213,1,0
1,1,1,1,1,1,1,0.4981165,1,0
1,1,1,1,1,1,1,0.4973888,0.475989,0
1,1,1,1,1,1,1,0.4972076,0.471362,0
1,1,1,1,1,1,1,1,0.4671563,0
1,1,1,1,1,1,1,1,0.4633645,0
1,1,1,1,1,1,1,1,0.4599862,0
1,1,1,1,1,1,1,1,0.4570161,0
1,1,1,1,1,1,1,1,0.4544497,0
1,1,1,1,1,1,1,1,0.4522835,0
1,1,1,1,1,1,1,1,0.4505211,0
1,1,1,1,1,1,1,1,0.4491549,0
1,1,1,1,1,1,1,1,0.4481905,0
1,1,1,1,1,1,1,1,0.4476281,0
1,1,1,1,1,1,1,1,0.4474694,0
1,1,1,1,1,1,1,1,1,1
1,1,1,1,1,1,1,1,1,1
1,1,1,1,1,1,1,1,1,1
1,1,1,1,1,1,1,1,1,1
1,1,1,1,1,1,1,1,1,1
1,1,1,1,1,1,1,1,1,1
1,1,1,1,1,1,1,1,1,1
1,1,1,1,1,1,1,1,1,1
1,1,1,1,1,1,1,1,1,1
1,1,1,1,1,1,1,1,1,1
1,1,1,1,1,1,1,1,1,1
1,1,1,1,1,1,1,1,1,1
1,1,1,1,1,1,1,1,1,1
1,1,1,1,1,1,1,1,1,1
1,1,1,1,1,1,1,1,1,1
1,1,1,1,1,1,1,1,1,1
1,1,1,1,1,1,1,1,1,1
1,1,1,1,1,1,1,1,1,1
1,1,1,1,1,1,1,1,1,1
1,1,1,1,1,1,1,1,1,1
1,1,1,1,1,1,1,1,1,1
1,1,1,1,1,1,1,1,1,1
1,1,1,1,1,1,1,1,1,1
1,1,1,1,1,1,1,1,1,1
1,1,1,1,1,1,1,1,1,1
1,1,1,1,1,1,1,1,0.9987597,1
1,1,1,1,1,1,1,1,0.9681544,1
1,1,1,1,1,1,1,1,0.9685024,1
1,1,1,1,1,1,1,1,0.9688608,1
1,1,1,1,1,1,1,1,0.96923,1
1,1,1,1,1,1,1,1,0.9696094,1
1,1,1,1,1,1,1,1,0.9699992,1
1,1,1,1,1,1,1,1,0.9703989,1
1,1,1,1,1,1,1,1,0.9708086,1
1,1,1,1,1,1,1,1,0.971228,1
1,1,1,1,1,1,1,1,0.971657,1
1,1,1,1,1,1,1,1,1,1
1,1,1,1,1,1,1,1,1,1
1,1,1,1,1,1,1,1,1,1
1,1,1,1,1,1,1,1,1,1
1,1,1,1,1,1,1,1,1,1
1,1,1,1,1,1,1,1,1,1
1,1,1,1,1,1,1,1,1,1
1,1,1,1,1,1,1,1,1,1
1,1,1,1,1,1,1,1,1,1
1,1,1,1,1,1,1,1,1,1
1,1,1,1,1,1,1,1,1,1
1,1,1,1,1,1,1,1,1,1
1,1,1,1,1,1,1,1,1,1
1,1,1,1,1,1,1,1,1,1
1,1,1,1,1,1,1,1,1,1
1,1,1,1,1,1,1,1,1,1
1,1,1,1,1,1,1,1,1,1
1,1,1,1,1,1,1,1,1,1
1,1,1,1,1,1,1,1,1,1
1,1,1,1,1,1,1,1,1,1
1,1,1,1,1,1,1,1,1,1
1,1,1,1,1,1,1,1,1,1
1,1,1,1,1,1,1,1,1,1
1,1,1,1,1,1,1,1,1,1
1,1,1,1,1,1,1,1,1,1
1,1,1,1,1,1,1,1,1,1
1,1,1,1,1,1,1,1,1,1
1,1,1,1,1,1,1,1,1,1
1,1,1,1,1,1,1,1,1,1
1,1,1,1,1,1,1,1,1,1
1,1,1,1,1,1,1,1,1,1
1,1,1,1,1,1,1,1,1,1
1,1,1,1,1,1,1,1,1,1
1,1,1,1,1,1,1,1,1,1
1,1,1,1,1,1,1,1,1,1
1,1,1,1,1,1,1,1,1,1
1,1,1,1,1,1,1,1,1,1
1,1,1,1,1,1,1,1,1,1
1,1,1,1,1,1,1,1,1,1
1,1,1,1,1,1,1,1,1,1
1,1,1,1,1,1,1,1,1,1
1,1,1,1,1,1,1,1,1,1
1,1,1,1,1,1,1,1,1,1
1,1,1,1,1,1,1,1,1,1
1,1,1,1,1,1,1,1,1,1
1,1,1,1,1,1,1,1,1,1
1,1,1,1,1,1,1,1,1,1
1,1,1,1,1,1,1,1,1,1
1,1,1,1,1,1,1,1,1,1
1,1,1,1,1,1,1,1,1,1
1,1,1,1,1,1,1,1,1,1
1,1,1,1,1,1,1,1,1,1
1,1,1,1,1,1,1,1,1,1
1,1,1,1,1,1,1,1,1,1
1,1,1,1,1,1,1,1,1,1
1,1,1,1,1,1,1,1,1,1
1,1,1,1,1,1,1,1,1,1
1,1,1,1,1,1,1,1,1,1
1,1,1,1,1,1,1,1,1,1
1,1,1,1,1,1,1,1,1,1
1,1,1,1,1,1,1,1,1,1
1,1,1,1,1,1,1,1,1,1
1,1,1,1,1,1,1,1,1,1
1,1,1,1,1,1,1,1,1,1
1,1,1,1,1,1,1,1,1,1
1,1,1,1,1,1,1,1,1,1
1,1,1,1,1,1,1,1,1,1
1,1,1,1,1,1,1,1,1,1
1,1,1,1,1,1,1,1,1,1
1,1,1,1,1,1,1,1,1,1
1,1,1,1,1,1,1,1,1,1
1,1,1,1,1,1,1,1,1,1
1,0.8977678,1,1,1,1,1,1,1,1
1,0.8784285,1,1,1,1,1,1,1,1
1,0.8586152,1,1,1,1,1,1,1,2
1,0.8383754,1,1,1,1,1,1,1,2
1,0.8177608,1,1,1,1,1,1,1,2
1,0.7968277,1,1,1,1,1,1,1,2
1,0.7756357,1,1,1,1,1,1,1,2
1,0.7542477,1,1,1,1,1,1,1,2
1,0.7327276,1,1,1,1,1,1,1,2
1,0.7199139,1,1,1,1,1,1,1,2
1,0.7263368,1,1,1,1,1,1,1,2
1,0.7328525,1,1,1,1,1,1,1,2
1,0.7394472,1,1,1,1,1,1,1,2
1,0.7461152,1,1,1,1,1,1,1,2
1,0.7528426,1,1,1,1,1,1,1,2
1,0.7596326,1,1,1,1,1,1,1,2
1,0.7664624,1,1,1,1,1,1,1,2
1,0.7733266,1,1,1,1,1,1,1,2
1,1,1,1,1,1,1,1,1,1
1,1,1,1,1,1,1,1,1,1
1,1,1,1,1,1,1,1,1,1
1,1,1,1,1,1,1,1,1,1
1,1,1,1,1,1,1,1,1,1
1,1,1,1,1,1,1,1,1,1
1,1,1,1,1,1,1,1,1,1
1,1,1,1,1,1,1,1,1,1
1,1,1,1,1,1,1,1,1,1
1,1,1,1,1,1,1,1,1,1
1,1,1,1,1,1,1,1,1,1
0.7717999,1,1,1,1,1,1,1,1,2
0.7277336,1,1,1,1,1,1,1,1,2
0.6828762,1,1,1,1,1,1,1,1,2
0.6378421,1,1,1,1,1,1,1,1,2
0.6090423,1,1,1,1,1,1,1,1,2
0.615034,1,1,1,1,1,1,1,1,2
0.6213058,1,1,1,1,1,1,1,1,2
0.6278518,1,1,1,1,1,1,1,1,2
0.6346664,1,1,1,1,1,1,1,1,2
0.6417292,1,1,1,1,1,1,1,1,2
0.6490406,1,1,1,1,1,1,1,1,2
0.6565792,1,1,1,1,1,1,1,1,2
1,1,1,1,1,1,1,1,1,1
1,1,1,1,1,1,1,1,1,1
1,1,1,1,1,1,1,1,1,1
1,1,1,1,1,1,1,1,1,1
1,1,1,1,1,1,1,1,1,1
1,1,1,1,1,1,1,1,1,1
1,1,1,1,1,1,1,1,1,1
1,1,1,1,1,1,1,1,1,1
1,1,1,1,1,1,1,1,1,1
1,1,1,1,1,1,1,1,1,1
1,1,1,1,1,1,1,1,1,1
1,1,1,1,1,1,1,1,1,1
1,1,1,1,1,1,1,1,1,1
1,1,1,1,1,1,1,1,1,1
1,1,1,1,1,1,1,1,1,1
1,1,1,1,1,1,1,1,1,1
1,1,1,1,1,1,1,1,1,1
1,1,1,1,1,1,1,1,1,1
1,1,1,1,1,1,1,1,1,1
1,1,1,1,1,1,1,1,1,1
1,1,1,1,1,1,1,1,1,1
1,1,1,1,1,1,1,1,1,1
1,1,1,1,1,1,1,1,1,1
1,1,1,1,1,1,1,1,1,1
1,1,1,1,1,1,1,1,1,1
1,1,1,1,1,1,1,1,1,1
1,1,1,1,1,1,1,1,1,1
1,1,1,1,1,1,1,1,1,1
1,1,1,1,1,1,1,1,1,1
1,1,1,1,1,1,1,1,1,1
1,1,1,1,1,1,1,1,1,1
1,1,1,1,1,1,1,1,1,1
1,1,1,1,1,1,1,1,1,1
1,1,1,1,1,1,1,1,1,1
1,1,1,1,1,1,1,1,1,1
1,1,1,1,1,1,1,1,1,1
1,1,1,1,1,1,1,1,1,1
1,1,1,1,1,1,1,1,1,1
1,1,1,1,1,1,1,1,1,1
1,1,1,1,1,1,1,1,1,1
1,1,1,1,1,1,1,1,1,1
1,1,1,1,1,1,1,1,1,1
1,1,1,1,1,1,1,1,1,1
1,1,1,1,1,1,1,1,1,1
1,1,1,1,1,1,1,1,1,1
1,1,1,1,1,1,1,1,1,1
1,1,1,1,1,1,1,1,1,1
1,1,1,1,1,1,1,1,1,1
1,1,1,1,1,1,1,1,1,1
1,1,1,1,1,1,1,1,1,1
1,1,1,1,1,1,1,1,1,1
1,1,1,1,1,1,1,1,1,1
1,1,1,1,1,1,1,1,1,1
1,1,1,1,1,1,1,1,1,1
1,1,1,1,1,1,1,1,1,1
1,1,1,1,1,1,1,1,1,1
1,1,1,1,1,1,1,1,1,1
1,1,1,1,1,1,1,1,1,1
1,1,1,1,1,1,1,1,1,1
1,1,1,1,1,1,1,1,1,1
1,1,1,1,1,1,1,1,1,1
1,1,1,1,1,1,1,1,1,1
1,1,1,1,1,1,1,1,1,1
1,1,1,1,1,1,1,1,1,1
1,1,1,1,1,1,1,1,1,1
1,1,1,1,1,1,1,1,1,1
1,1,1,1,1,1,1,1,1,1
1,1,1,1,1,1,1,1,1,1
1,1,1,1,1,1,1,1,1,1
1,1,1,1,1,1,1,1,1,1
1,1,1,1,1,1,1,1,1,1
1,1,1,1,1,1,1,1,1,1
1,1,1,1,1,1,1,1,1,1
1,1,1,1,1,1,1,1,1,1
1,1,1,1,1,1,1,1,1,1
1,1,1,1,1,1,1,1,1,1
1,1,1,1,1,1,1,1,1,1
1,1,1,1,1,1,1,1,1,1
1,1,1,1,1,1,1,1,1,1
1,1,1,1,1,1,1,1,1,1
1,1,1,1,1,1,1,1,1,1
1,1,1,1,1,1,1,1,1,1
1,1,1,1,1,1,1,1,1,1
1,1,1,1,1,1,1,1,1,1
1,1,1,1,1,1,1,1,1,1
1,1,1,1,1,1,1,1,1,1
1,1,1,1,1,1,1,1,1,1
1,1,1,1,1,1,1,1,1,1
1,1,1,1,1,1,1,1,1,1
1,1,1,1,1,1,1,1,1,1
1,1,1,1,1,1,1,1,1,1
1,1,1,1,1,1,1,1,1,1
1,1,1,1,1,1,1,1,1,1
1,1,1,1,1,1,1,1,1,1
1,1,1,1,1,1,1,1,1,1
1,1,1,1,1,1,1,1,1,1
1,1,1,1,1,1,1,1,1,1
1,1,1,1,1,1,1,1,1,1
1,1,1,1,1,1,1,1,1,1
1,1,1,1,1,1,1,1,1,1
1,1,1,1,1,1,1,1,1,1
1,1,1,1,1,1,1,1,1,1
1,1,1,1,1,1,1,1,1,1
1,1,1,1,1,1,1,1,1,1
1,1,1,1,1,1,1,1,1,1
1,1,1,1,1,1,1,1,1,1
1,1,1,1,1,1,1,1,1,1
1,1,1,1,1,1,1,1,1,1
1,1,1,1,1,1,1,1,1,1
1,1,1,1,1,1,1,1,1,1
1,1,1,1,1,1,1,1,1,1
1,1,1,1,1,1,1,1,1,1
1,1,1,1,1,1,1,1,1,1
1,1,1,1,1,1,1,1,1,1
1,1,1,1,1,1,1,1,1,1
1,1,1,1,1,1,1,1,1,1
1,1,1,1,1,1,1,1,1,1
1,1,1,1,1,1,1,1,1,1
1,1,1,1,1,1,1,1,1,1
1,1,1,1,1,1,1,1,1,1
1,1,1,1,1,1,1,1,1,1
1,1,1,1,1,1,1,1,1,1
1,1,1,1,1,1,1,1,1,1
1,1,1,1,1,1,1,1,1,1
1,1,1,1,1,1,1,1,1,1
1,1,1,1,1,1,1,1,1,1
1,1,1,1,1,1,1,1,1,1
1,1,1,1,1,1,1,1,1,1
1,1,1,1,1,1,1,1,1,1
1,1,1,1,1,1,1,1,1,1
1,1,1,1,1,1,1,1,1,1
1,1,1,1,1,1,1,1,1,1
1,1,1,1,1,1,1,1,1,1
1,1,1,1,1,1,1,1,1,1
1,1,1,1,1,1,1,1,1,1
1,1,1,1,1,1,1,1,1,1
1,1,1,1,1,1,1,1,1,1
1,1,1,1,1,1,1,1,1,1
1,1,1,1,1,1,1,1,1,1
1,1,1,1,1,1,1,1,1,1
1,1,1,1,1,1,1,1,1,1
1,1,1,1,1,1,1,1,1,1
1,1,1,1,1,1,1,1,1,1
1,1,1,1,1,1,1,1,1,1
1,1,1,1,1,1,1,1,1,1
1,1,1,1,1,1,1,1,1,1
1,1,1,1,1,1,1,1,1,1
1,1,1,1,1,1,1,1,1,1
1,1,1,1,1,1,1,1,1,1
1,1,1,1,1,1,1,1,1,1
1,1,1,1,1,1,1,1,1,1
1,1,1,1,1,1,1,1,1,1
1,1,1,1,1,1,1,1,1,1
1,1,1,1,1,1,1,1,1,1
1,1,1,1,1,1,1,1,1,1
1,1,1,1,1,1,1,1,1,1
1,1,1,1,1,1,1,1,1,1
1,1,1,1,1,1,1,1,1,1
1,1,1,1,1,1,1,1,1,1
1,1,1,1,1,1,1,1,1,1
1,1,1,1,1,1,1,1,1,1
1,1,1,1,1,1,1,1,1,1
1,1,1,1,1,1,1,1,1,1
1,1,1,1,1,1,1,1,1,1
1,1,1,1,1,1,1,1,1,1
1,1,1,1,1,1,1,1,1,1
1,1,1,1,1,1,1,1,1,1
1,1,1,1,1,1,1,1,1,1
1,1,1,1,1,1,1,1,1,1
1,1,1,1,1,1,1,1,1,1
1,1,1,1,1,1,1,1,1,1
1,1,1,1,1,1,1,1,1,1
1,1,1,1,1,1,1,1,1,1
1,1,1,1,1,1,1,1,1,1
1,1,1,1,1,1,1,1,1,1
1,1,1,1,1,1,1,1,1,1
1,1,1,1,1,1,1,1,1,1
1,1,1,1,1,1,1,1,1,1
1,1,1,1,1,1,1,1,1,1
1,1,1,1,1,1,1,1,1,1
1,1,1,1,1,1,1,1,1,1
1,1,1,1,1,1,1,1,1,1
1,1,1,1,1,1,1,1,1,1
1,1,1,1,1,1,1,1,1,1
1,1,1,1,1,1,1,1,1,1
1,1,1,1,1,1,1,1,1,1
1,1,1,1,1,1,1,1,1,1
1,1,1,1,1,1,1,1,1,1
1,1,1,1,1,1,1,1,1,1
1,1,1,1,1,1,1,1,1,1
1,1,1,1,1,1,1,1,1,1
1,1,1,1,1,1,1,1,1,1
1,1,1,1,1,1,1,1,1,1
1,1,1,1,1,1,1,1,1,1
1,1,1,1,1,1,1,1,1,1
1,1,1,1,1,1,1,1,1,1
1,1,1,1,1,1,1,1,1,1
1,1,1,1,1,1,1,1,1,1
1,1,1,1,1,1,1,1,1,1
1,1,1,1,1,1,1,1,1,1
1,1,1,1,1,1,1,1,1,1
1,1,1,1,1,1,1,1,1,1
1,1,1,1,1,1,1,1,1,1
1,1,1,1,1,1,1,1,1,1
1,1,1,1,1,1,1,1,1,1
1,1,1,1,1,1,1,1,1,1
1,1,1,1,1,1,1,1,1,1
1,1,1,1,1,1,1,1,1,1
1,1,1,1,1,1,1,1,1,1
1,1,1,1,1,1,1,1,1,1
1,1,1,1,1,1,1,1,1,1
1,1,1,1,1,1,1,1,1,1
1,1,1,1,1,1,1,1,1,1
1,1,1,1,1,1,1,1,1,1
1,1,1,1,1,1,1,1,1,1
1,1,1,1,1,1,1,1,1,1
1,1,1,1,1,1,1,1,1,1
1,1,1,1,1,1,1,1,1,1
1,1,1,1,1,1,1,1,1,1
1,1,1,1,1,1,1,1,1,1
1,1,1,1,1,1,1,1,1,1
1,1,1,1,1,1,1,1,1,1
1,1,1,1,1,1,1,1,1,1
1,1,1,1,1,1,1,1,1,1
1,1,1,1,1,1,1,1,1,1
1,1,1,1,1,1,1,1,1,1
1,1,1,1,1,1,1,1,1,1
1,1,1,1,1,1,1,1,1,1
1,1,1,1,1,1,1,1,1,1
1,1,1,1,1,1,1,1,1,1
1,1,1,1,1,1,1,1,1,1
1,1,1,1,1,1,1,1,1,1
1,1,1,1,1,1,1,1,1,1
1,1,1,1,1,1,1,1,1,1
1,1,1,1,1,1,1,1,1,1
1,1,1,1,1,1,1,1,1,1
1,1,1,1,1,1,1,1,1,1
1,1,1,1,1,1,1,1,1,1
1,1,1,1,1,1,1,1,1,1
1,1,1,1,1,1,1,1,1,1
1,1,1,1,1,1,1,1,1,1
1,1,1,1,1,1,1,1,1,1
1,1,1,1,1,1,1,1,1,1
1,1,1,1,1,1,1,1,1,1
1,1,1,1,1,1,1,1,1,1
1,1,1,1,1,1,1,1,1,1
1,1,1,1,1,1,1,1,1,1
1,1,1,1,1,1,1,1,1,1
1,1,1,1,1,1,1,1,1,1
1,1,1,1,1,1,1,1,1,1
1,1,1,1,1,1,1,1,1,1
1,1,1,1,1,1,1,1,1,1
1,1,1,1,1,1,1,1,1,1
1,1,1,1,1,1,1,1,1,1
1,1,1,1,1,1,1,1,1,1
1,1,1,1,1,1,1,1,1,1
1,1,1,1,1,1,1,1,1,1
1,1,1,1,1,1,1,1,1,1
1,1,1,1,1,1,1,1,1,1
1,1,1,1,1,1,1,1,1,1
1,1,1,1,1,1,1,1,1,1
1,1,1,1,1,1,1,1,1,1
1,1,1,1,1,1,1,1,1,1
1,1,1,1,1,1,1,1,1,1
1,1,1,1,1,1,1,1,1,1
1,1,1,1,1,1,1,1,1,1
1,1,1,1,1,1,1,1,1,1
1,1,1,1,1,1,1,1,1,1
1,1,1,1,1,1,1,1,1,1
1,1,1,1,1,1,1,1,1,1
1,1,1,1,1,1,1,1,1,1
1,1,1,1,1,1,1,1,1,1
1,1,1,1,1,1,1,1,1,1
1,1,1,1,1,1,1,1,1,1
1,1,1,1,1,1,1,1,1,1
1,1,1,1,1,1,1,1,1,1
1,1,1,1,1,1,1,1,1,1
1,1,1,1,1,1,1,1,1,1
1,1,1,1,1,1,1,1,1,1
1,1,1,1,1,1,1,1,1,1
1,1,1,1,1,1,1,1,1,1
1,1,1,1,1,1,1,1,1,1
1,1,1,1,1,1,1,1,1,1
1,1,1,1,1,1,1,1,1,1
1,1,1,1,1,1,1,1,1,1
1,1,1,1,1,1,1,1,1,1
1,1,1,1,1,1,1,1,1,1
1,1,1,1,1,1,1,1,1,1
1,1,1,1,1,1,1,1,1,1
1,1,1,1,1,1,1,1,1,1
1,1,1,1,1,1,1,1,1,1
1,1,1,1,1,1,1,1,1,1
1,1,1,1,1,1,1,1,1,1
1,1,1,1,1,1,1,1,1,1
1,1,1,1,1,1,1,1,1,1
1,1,1,1,1,1,1,1,1,1
1,1,1,1,1,1,1,1,1,1
1,1,1,1,1,1,1,1,1,1
1,1,1,1,1,1,1,1,1,1
1,1,1,1,1,1,1,1,1,1
1,1,1,1,1,1,1,1,1,1
1,1,1,1,1,1,1,1,1,1
1,1,1,1,1,1,1,1,1,1
1,1,1,1,1,1,1,1,1,1
1,1,1,1,1,1,1,1,1,1
1,1,1,1,1,1,1,1,1,1
1,1,1,1,1,1,1,1,1,1
1,1,1,1,1,1,1,1,1,1
1,1,1,1,1,1,1,1,1,1
1,1,1,1,1,1,1,1,1,1
1,1,1,1,1,1,1,1,1,1
1,1,1,1,1,1,1,1,1,1
1,1,1,1,1,1,1,1,1,1
1,1,1,1,1,1,1,1,1,1
1,1,1,1,1,1,1,1,1,1
1,1,1,1,1,1,1,1,1,1
1,1,1,1,1,1,1,1,1,1
1,1,1,1,1,1,1,1,1,1
1,1,1,1,1,1,1,1,1,1
1,1,1,1,1,1,1,1,1,1
1,1,1,1,1,1,1,1,1,1
1,1,1,1,1,1,1,1,1,1
1,1,1,1,1,1,1,1,1,1
1,1,1,1,1,1,1,1,1,1
1,1,1,1,1,1,1,1,1,1
1,1,1,1,1,1,1,1,1,1
1,1,1,1,1,1,1,1,1,1
1,1,1,1,1,1,1,1,1,1
1,1,1,1,1,1,1,1,1,1
1,1,1,1,1,1,1,1,1,1
1,1,1,1,1,1,1,1,1,1
1,1,1,1,1,1,1,1,1,1
1,1,1,1,1,1,1,1,1,1
1,1,1,1,1,1,1,1,1,1
1,1,1,1,1,1,1,1,1,1
1,1,1,1,1,1,1,1,1,1
1,1,1,1,1,1,1,1,1,1
1,1,1,1,1,1,1,1,1,1
1,1,1,1,1,1,1,1,1,1
1,1,1,1,1,1,1,1,1,1
1,1,1,1,1,1,1,1,1,1
1,1,1,1,1,1,1,1,1,1
1,1,1,1,1,1,1,1,1,1
1,1,1,1,1,1,1,1,1,1
1,1,1,1,1,1,1,1,1,1
1,1,1,1,1,1,1,1,1,1
1,1,1,1,1,1,1,1,1,1
1,1,1,1,1,1,1,1,1,1
1,1,1,1,1,1,1,1,1,1
1,1,1,1,1,1,1,1,1,1
1,1,1,1,1,1,1,1,1,1
1,1,1,1,1,1,1,1,1,1
1,1,1,1,1,1,1,1,1,1
1,1,1,1,1,1,1,1,1,1
1,1,1,1,1,1,1,1,1,1
1,1,1,1,1,1,1,1,1,1
1,1,1,1,1,1,1,1,1,1
1,1,1,1,1,1,1,1,1,1
1,1,1,1,1,1,1,1,1,1
1,1,1,1,1,1,1,1,1,1
1,1,1,1,1,1,1,1,1,1
1,1,1,1,1,1,1,1,1,1
1,1,1,1,1,1,1,1,1,1
1,1,1,1,1,1,1,1,1,1
1,1,1,1,1,1,1,1,1,1
1,1,1,1,1,1,1,1,1,1
1,1,1,1,1,1,1,1,1,1
1,1,1,1,1,1,1,1,1,1
1,1,1,1,1,1,1,1,1,1
1,1,1,1,1,1,1,1,1,1
1,1,1,1,1,1,1,1,1,1
1,1,1,1,1,1,1,1,1,1
1,1,1,1,1,1,1,1,1,1
1,1,1,1,1,1,1,1,1,1
1,1,1,1,1,1,1,1,1,1
1,1,1,1,1,1,1,1,1,1
1,1,1,1,1,1,1,1,1,1
1,1,1,1,1,1,1,1,1,1
1,1,1,1,1,1,1,1,1,1
1,1,1,1,1,1,1,1,1,1
1,1,1,1,1,1,1,1,1,1
1,1,1,1,1,0.9908047,1,1,1,1
1,1,1,1,1,0.980639,1,1,1,1
1,1,1,1,1,0.9704609,1,1,1,1
1,1,1,1,1,0.9602709,1,1,1,1
1,1,1,1,1,0.9500694,1,1,1,1
1,1,1,1,1,0.9398569,1,1,1,1
1,1,1,1,1,0.929634,1,1,1,1
1,1,1,1,1,0.919401,1,1,1,1
1,1,1,1,1,0.9091589,1,1,1,1
1,1,1,1,1,0.898908,1,1,1,1
1,1,1,1,1,0.8886489,1,1,1,1
1,1,1,1,1,0.8783824,1,1,1,1
1,1,1,1,1,0.8681089,1,1,1,1
1,1,1,1,1,0.8578291,1,1,1,1
1,1,1,1,1,0.8475438,1,1,1,1
1,1,1,1,1,0.8372539,1,1,1,1
1,1,1,1,1,0.8269598,1,1,1,1
1,1,1,1,1,0.8166621,1,1,1,1
1,1,1,1,1,0.8063618,1,1,1,1
1,1,1,1,1,0.7960592,1,1,1,1
1,1,1,1,1,0.7857553,1,1,1,1
1,1,1,1,1,0.7754503,1,1,1,1
1,1,1,1,1,0.7651452,1,0.9849128,1,1
1,0.9877108,1,1,1,0.7547846,1,0.9674422,1,1
1,0.974453,1,1,1,0.7444113,1,0.9498431,1,1
1,0.9613219,1,1,1,0.7340311,0.7920383,0.9321662,1,0
1,0.9525017,1,1,1,0.7232763,0.7790948,0.9108464,1,0
1,0.9442182,1,1,1,0.7125166,0.7660791,0.8893325,1,0
1,0.9364663,1,1,1,0.7017626,0.753011,0.8676842,1,0
1,0.9292363,1,1,1,0.722469,0.7399107,0.8459611,1,0
1,0.9223152,1,1,1,0.776785,0.7268459,0.8243657,1,0
1,0.9154941,1,1,1,0.8409646,0.7138724,0.8030633,1,0
1,0.9087238,1,1,1,1,0.7010032,0.7820885,1,0
1,0.9015148,1,1,1,1,0.6883362,0.7617337,1,0
1,0.8947054,1,1,1,1,0.6756994,0.7583461,1,0
1,0.8876328,1,1,1,1,0.6632217,0.7660381,1,0
1,0.8798335,1,1,1,1,0.6509724,0.7736374,1,0
1,0.8712593,1,1,1,1,0.6389393,0.7810876,1,0
1,0.8618654,1,1,1,1,0.6271102,0.7883478,1,0
1,0.8516122,1,1,1,1,0.6154734,0.7953687,1,0
1,0.8404659,1,1,1,1,0.6040177,0.8020999,1,0
1,0.8283993,1,1,1,1,0.5927317,0.8084927,1,0
1,0.8153946,1,1,1,1,0.5816051,0.8144983,1,1
1,0.801443,1,1,1,1,0.5706276,0.8200721,1,1
1,0.7865452,0.9910958,1,1,1,0.5597893,0.8251712,1,1
1,0.7704531,0.9807042,1,1,1,0.549114,0.829554,1,1
1,0.7581265,0.9697216,1,1,1,0.5385954,0.8331498,1,1
1,0.7560357,0.9582645,1,1,1,0.5281967,0.8360966,1,1
1,0.7540936,0.9465951,1,1,1,0.5178512,0.8387405,1,1
1,0.752291,0.9347304,1,1,1,0.5075529,0.8410947,0.9373394,1
1,0.7495009,0.9241791,1,1,1,0.4969537,0.8455297,0.9083988,1
1,0.7463839,0.9140328,1,1,1,0.4862784,0.8507046,0.8783933,1
1,0.7429405,0.9042798,1,1,1,0.4755392,0.8566517,0.8475094,1
1,0.7391847,0.894904,1,1,1,0.4647495,0.8633887,0.8159523,0
1,0.7351421,0.8858849,1,1,1,0.4603953,1,0.7839362,1
1,0.7323762,0.8750064,1,1,1,0.4701021,1,0.757429,1
1,0.72939,0.8643962,1,1,1,0.4808917,0.5458888,0.7303973,0
1,0.7210574,0.8615548,1,1,1,0.5172384,0.5265138,0.6852459,0
1,0.7125731,0.8593386,1,1,1,0.5606898,0.5074795,0.6421204,0
1,0.7040455,0.8576697,0.9695638,1,1,0.6126786,0.4888846,0.6459844,0
1,0.6963159,0.8549854,0.9315637,1,1,1,0.4715442,0.6536349,0
1,0.6903334,0.8491069,0.9055778,1,1,1,0.4562729,0.6598765,0
1,0.6847197,0.8425162,0.8825777,1,1,1,0.4416059,0.6659434,0
1,0.6794344,0.8352227,0.8621408,1,1,1,0.4274684,0.6718174,0
1,0.674442,0.8272416,0.8439223,1,1,1,0.4137939,0.6774839,0
1,0.6697193,0.8185951,0.8276504,1,1,1,0.4005243,0.6829242,0
1,0.6652466,0.8093108,0.8130997,1,1,1,0.3876081,0.6881231,1
1,0.6609945,0.7994221,0.8000543,1,1,1,0.3749995,0.6930828,1
1,0.6569508,0.7889645,0.788358,1,1,1,0.3626573,0.6977936,1
1,0.6530985,0.7779774,0.7778652,1,1,1,0.3505449,0.7022556,1
1,0.6359128,0.7665029,0.7684509,1,1,1,0.3386297,0.7064713,1
1,0.6128904,0.7542319,0.760805,1,1,1,0.3269916,0.7102092,1
1,0.5906605,0.7410952,0.7551011,1,1,1,0.3156299,0.7133864,1
1,0.5879601,0.7272155,0.7511571,1,1,1,0.3058526,0.7160302,1
1,0.5853654,0.7131521,0.7477478,1,1,1,0.3100874,0.4682893,0
1,0.5806131,0.7043423,0.7319451,1,1,1,0.3183968,0.4453646,0
1,0.575969,0.6951741,0.717127,1,1,1,0.3267346,0.4232833,0
1,0.5714244,0.6856443,0.7032126,1,1,1,0.3350798,0.4019634,0
1,0.5669835,0.6757537,0.6901512,1,1,1,0.3433894,0.3813274,0
1,0.5626369,0.6655086,0.6778676,1,1,1,0.3516457,0.3613031,1
1,0.558382,0.6549183,0.6663046,1,1,1,0.3598212,0.341822,1
1,0.5542098,0.6439949,0.6553956,0.9865295,1,1,0.3679018,0.3228206,1
1,0.5501629,0.6326457,0.6453149,0.9682049,1,1,0.3757428,0.3043213,1
1,0.5462488,0.6208598,0.6360647,0.9519722,1,1,0.3832813,0.2862748,1
1,0.5424479,0.6086906,0.6275234,0.937511,1,1,0.3905311,0.2685925,1
1,0.5387496,0.5961879,0.6195987,0.9245704,1,1,0.3974963,0.2511981,1
1,0.5351514,0.5833992,0.6122239,0.9129568,1,1,0.4041723,0.2514077,1
1,0.5317632,0.5700356,0.6059784,0.9040591,1,1,0.4101694,0.2552425,1
1,0.5285913,0.5561421,0.6008378,0.8978013,1,1,1,0.2588869,2
1,0.5284028,0.5353431,0.6111017,0.929066,1,1,1,0.2600236,2
0.5353684,0.5282957,0.5155531,0.6214112,1,1,1,1,0.2611705,2
0.5323168,0.5301082,0.4933375,0.6417333,1,1,1,1,0.2610352,2
0.5297022,0.5324124,0.4720555,0.6646579,1,1,1,1,0.2607843,2
0.527521,0.5352234,0.4516407,0.6905738,1,1,1,1,0.2604232,2
0.4916617,0.5385582,0.4513217,0.7199534,1,1,1,1,0.2599563,2
0.4762203,0.5424429,0.460878,0.7533941,1,1,1,1,0.2593811,2
0.475262,0.5468986,0.4715686,0.7916191,1,1,1,1,0.2587014,2
0.4747178,0.5519493,0.4835065,0.8355384,1,1,1,1,0.2579204,2
0.474589,0.5665879,0.4968215,1,1,1,1,1,0.2570412,2
0.4747799,0.5316538,0.5106373,1,1,1,1,1,0.2561994,2
0.4753588,0.4988771,0.526003,1,1,1,1,1,0.2552578,2
0.4763171,0.4681559,0.5429516,1,1,1,1,1,0.2542322,2
0.4776425,0.4393632,0.5615144,1,1,1,1,1,0.2531331,2
0.4793141,0.4123588,0.5817066,1,1,1,1,1,0.2519727,2
0.4813088,0.3869974,0.6035388,1,1,1,1,1,0.2507592,2
0.4836082,0.3631338,0.6270295,1,1,1,1,1,0.2494914,2
0.4861871,0.3502769,0.6521767,1,1,1,1,1,0.2481717,2
0.4889679,0.3559381,0.6784652,1,1,1,1,1,0.2468242,2
0.4918233,0.3615594,0.7048315,1,1,1,1,0.9913591,0.2454828,2
0.4946732,0.3670091,0.7305511,1,1,1,1,0.9808055,0.2441507,2
0.4974694,0.3722236,1,1,1,1,1,0.9716328,0.2428256,2
0.5156902,0.3757887,1,1,1,1,1,0.9661191,0.2416905,2
0.4792012,0.3790034,1,1,1,1,1,0.9614881,0.2405722,2
0.4426204,0.3827249,1,1,1,1,1,0.9562032,0.2393612,2
0.4063215,0.3869686,1,1,1,1,1,0.9503341,0.2380534,2
0.3706304,0.3917387,1,1,1,1,1,0.9439651,0.2366509,2
0.3358142,0.397037,1,1,1,1,1,0.9371837,0.235156,2
0.3020761,0.4028634,1,1,1,1,1,0.9300753,0.2335707,2
0.2980206,0.4092154,1,1,1,1,1,0.9227213,0.2318961,2
0.3007549,0.4155473,1,1,1,1,1,0.9158366,0.2301801,2
0.3034986,0.4217203,1,1,1,1,1,0.9095153,0.2284294,2
0.3062433,0.4277202,1,1,1,1,1,0.903694,1,2
0.3112349,0.4413175,1,1,1,1,1,0.8906797,1,2
0.3166971,0.4561553,1,1,1,1,1,0.8781214,1,2
0.3226435,0.4723391,1,1,1,1,1,0.8659983,1,2
0.3291035,0.4900095,1,1,1,1,1,0.8542782,1,2
0.3360948,0.5093054,1,1,1,1,1,0.8429438,1,2
0.3436443,0.5303974,1,1,1,1,1,0.8319729,1,2
0.3517816,0.5534817,1,1,1,1,1,0.8213445,1,2
0.360532,1,1,1,1,1,1,0.8110455,1,2
0.3683003,1,1,1,1,1,1,0.8029025,1,2
0.3762482,1,1,1,1,1,1,0.7951227,1,2
0.3843483,1,1,1,1,1,1,0.7876679,1,2
0.3925801,1,1,1,1,1,1,0.780499,0.9586551,2
0.4003699,1,1,1,1,1,1,0.7740182,0.9575233,2
0.4081891,1,1,1,1,1,1,0.7677367,1,2
0.4166342,1,1,1,1,1,1,0.7612147,1,2
0.4251212,1,1,1,1,1,1,0.7548767,1,2
0.4336292,1,1,1,1,1,1,0.7487022,1,2
0.4421371,1,1,1,1,1,1,0.7426735,1,2
0.4506239,1,1,1,1,1,1,0.7367752,1,2
0.4590696,1,1,1,1,1,1,0.7309946,1,2
0.4674539,1,1,1,1,1,1,0.7253206,1,2
0.4757658,1,1,1,1,1,1,0.7197379,1,2
0.4839784,1,1,1,1,1,1,0.7142454,1,2
0.4920737,1,1,1,1,1,1,0.708837,1,1
0.500043,1,1,1,1,1,1,0.703502,1,1
1,1,1,1,1,1,1,0.6982369,1,0
1,1,1,1,1,1,1,0.6955484,1,0
1,1,1,1,1,1,1,0.6930765,1,0
1,1,1,1,1,1,1,0.690828,1,0
1,1,1,1,1,1,1,0.6887966,1,0
1,1,1,1,1,1,1,0.6869884,1,0
1,1,1,1,1,1,1,0.6854031,1,0
1,1,1,1,1,1,1,0.6840403,1,0
1,1,1,1,1,1,1,0.6828994,1,0
1,1,1,1,1,1,1,1,1,1
1,1,1,1,1,1,1,1,1,1
1,1,1,1,1,1,1,1,1,1
1,1,1,1,1,1,1,1,1,1
1,1,1,1,1,1,1,1,1,1
1,1,1,1,1,1,1,1,1,1
1,1,1,1,1,1,1,1,0.6272886,0
1,1,1,1,1,1,1,1,0.6228455,0
1,1,1,1,1,1,1,1,0.6187083,0
1,1,1,1,1,1,1,1,0.6148733,0
1,1,1,1,0.9978625,1,1,1,0.6113496,0
1,1,1,1,0.9828947,1,1,1,0.6081449,0
1,1,1,1,1,1,1,1,0.6052608,0
1,1,1,1,1,1,1,1,0.6027033,0
1,1,1,1,1,1,1,1,0.6004764,0
1,1,1,1,1,1,1,1,0.5985751,0
1,1,1,1,1,0.9623032,1,1,0.5970064,0
1,1,1,1,1,0.9452769,1,1,0.5958027,0
1,1,1,1,1,0.9286401,1,1,1,1
1,1,1,1,1,0.9178324,1,1,1,1
1,1,1,1,1,0.9069829,1,1,1,1
1,1,1,1,1,0.8960937,1,1,1,1
1,1,1,1,1,0.8851672,1,1,1,1
1,1,1,1,1,0.8742059,1,1,1,1
1,1,1,1,1,0.8632121,1,1,1,1
1,1,1,1,1,0.8521886,1,1,1,1
1,1,1,1,1,0.8411382,1,1,1,1
1,1,1,1,1,0.8300636,1,1,1,1
1,1,1,1,1,0.8189675,1,1,1,1
1,1,1,1,1,0.8078524,1,1,1,1
1,1,1,1,1,0.7967215,1,1,1,1
1,1,1,1,1,0.7855771,1,1,1,1
1,1,1,1,1,0.7744225,1,1,1,1
1,1,1,1,1,0.7675468,1,1,1,1
1,1,1,1,1,0.7702681,1,1,1,1
1,1,1,1,1,0.7729758,1,1,1,1
1,1,1,1,1,0.7756911,1,1,1,1
1,1,1,1,1,0.7784146,1,1,1,1
1,1,1,1,1,0.7811269,1,1,1,1
1,1,1,1,1,0.7838496,1,1,1,1
1,1,1,1,1,0.7865624,1,1,1,1
1,1,1,1,1,0.7892669,1,1,1,1
1,1,1,1,1,1,1,1,1,1
1,1,1,1,1,1,1,1,1,1
1,1,1,1,1,1,1,1,1,1
1,1,1,1,1,1,1,1,1,1
1,1,1,1,1,1,1,1,1,1
1,1,1,1,1,1,1,1,1,1
1,1,1,1,1,1,1,1,1,1
1,1,1,1,1,1,1,1,1,1
1,1,1,1,1,1,1,1,1,1
1,1,1,1,1,1,1,1,1,1
1,1,1,1,1,1,1,1,1,1
1,1,1,1,1,1,1,1,1,1
1,1,1,1,1,1,0.6073681,1,1,0
1,1,1,1,1,1,0.5925695,1,1,0
1,1,1,1,1,1,0.5778891,1,1,0
1,1,1,1,1,1,0.5633362,1,1,0
1,1,1,1,1,1,0.5489186,1,1,0
1,1,1,1,1,1,0.5346432,1,1,0
1,1,1,1,1,1,0.5205151,1,1,0
1,1,1,1,1,1,0.5065393,1,1,0
1,1,1,1,1,1,0.4927193,1,1,0
1,1,1,1,1,1,0.479058,1,1,0
1,1,1,1,1,1,0.4656692,1,1,0
1,1,1,1,1,1,0.4749491,1,1,0
1,1,1,1,1,1,0.4845165,1,1,0
1,1,1,1,1,1,0.4943573,1,1,0
1,1,1,1,1,1,0.5044554,1,1,0
1,1,1,1,1,1,0.514809,1,1,0
1,1,1,1,1,1,1,1,1,1
1,1,1,1,1,1,1,1,1,1
1,1,1,1,1,1,1,1,1,1
1,1,1,1,1,1,1,1,1,1
1,1,1,1,1,1,1,1,1,1
1,1,1,1,1,1,1,1,1,1
1,1,1,1,1,1,1,1,1,1
1,1,1,1,1,1,1,1,1,1
1,1,1,1,1,1,1,0.4161359,1,0
1,1,1,1,1,1,1,0.3932201,1,0
1,0.9951745,1,1,1,1,1,0.3711752,1,0
1,0.9808404,1,1,1,1,1,0.3500518,1,0
1,0.9843087,1,1,1,1,1,0.3299225,1,0
1,0.9946967,1,1,1,1,1,0.3142382,1,0
1,1,1,1,1,1,1,0.3231593,1,0
1,1,1,1,1,1,1,0.3326975,1,0
1,1,1,1,1,1,1,0.3427981,1,0
1,1,1,1,1,1,1,0.3534517,1,0
1,1,1,1,1,1,1,1,1,1
1,1,1,1,1,1,1,1,0.3671286,0
1,1,1,1,1,1,1,1,0.3326066,0
1,1,1,1,1,1,1,1,0.3008853,0
1,1,1,1,1,1,1,1,0.2716405,0
1,1,1,1,1,1,1,1,0.2780799,0
1,1,1,1,1,1,1,1,0.2856263,0
1,1,1,1,1,1,1,1,0.2937555,0
1,1,1,1,1,1,1,1,0.3024944,0
1,1,1,1,1,1,1,1,0.3118803,0
1,1,1,1,1,1,1,1,1,1
1,1,1,1,1,1,1,1,1,1
1,1,1,1,1,1,1,1,1,1
1,1,1,1,1,1,1,1,1,1
0.9989589,1,1,1,1,1,1,1,1,1
0.9949757,1,1,1,1,1,1,1,1,1
0.990975,1,1,1,1,1,1,1,1,1
0.9869514,1,1,1,1,1,1,1,1,1
0.9829109,1,1,1,1,1,1,1,1,1
0.9788544,1,1,1,1,1,1,1,1,1
0.9747822,1,1,1,1,1,1,1,1,1
0.9707011,1,1,1,1,1,1,1,1,1
0.9666119,0.9674969,1,1,1,1,1,1,1,1
1,0.9280609,1,1,1,1,1,1,1,1
1,0.8887291,1,1,1,1,1,1,1,2
1,0.8458782,1,1,1,1,1,1,1,2
1,0.7999402,1,1,1,1,1,1,1,2
1,0.7515336,1,1,1,1,1,1,1,2
1,0.7324598,1,1,1,1,1,1,1,2
1,0.7315038,1,1,1,1,1,1,1,2
1,0.7307265,1,1,1,1,1,1,1,2
1,0.7301271,1,1,1,1,1,1,1,2
1,0.729711,1,1,1,1,1,1,1,2
1,0.7294707,1,1,1,1,1,1,1,2
1,0.7294114,1,1,1,1,1,1,1,2
1,0.7295252,1,1,1,1,1,1,1,2
1,0.7298106,1,1,1,1,1,1,1,2
1,0.7302727,1,1,1,1,1,1,1,2
1,0.7309031,1,1,1,1,1,1,1,2
1,0.7317001,1,1,1,1,1,1,1,2
1,0.7326618,1,1,1,1,1,1,1,2
1,0.7337865,1,1,1,1,1,1,1,2
1,0.7350717,1,1,1,1,1,1,1,2
1,0.7365156,1,1,1,1,1,1,1,2
1,1,1,1,1,1,1,1,1,1
1,1,1,1,1,1,1,1,1,1
1,1,1,1,1,1,1,1,1,1
0.7516619,1,1,1,1,1,1,1,1,2
0.642401,1,1,1,1,1,1,1,1,2
0.6414092,1,1,1,1,1,1,1,1,2
0.6407071,1,1,1,1,1,1,1,1,2
0.6403007,1,1,1,1,1,1,1,1,2
0.6401839,1,1,1,1,1,1,1,1,2
0.6403561,1,1,1,1,1,1,1,1,2
0.640823,1,1,1,1,1,1,1,1,2
0.6415775,1,1,1,1,1,1,1,1,2
0.6426186,1,1,1,1,1,1,1,1,2
0.6439449,1,1,1,1,1,1,1,1,2
0.6455549,1,1,1,1,1,1,1,1,2
0.6474469,1,1,1,1,1,1,1,1,2
0.6496125,1,1,1,1,1,1,1,1,2
0.6520494,1,1,1,1,1,1,1,1,2
1,1,1,1,1,1,1,1,1,1
1,1,1,1,1,1,1,1,1,1
1,1,1,1,1,1,1,1,1,1
1,1,1,1,1,1,1,1,1,1
1,1,1,1,1,1,1,1,1,1
1,1,1,1,1,1,1,1,1,1
1,1,1,1,1,1,1,1,1,1
1,1,1,1,1,1,1,1,1,1
1,1,1,1,1,1,1,1,1,1
1,1,1,1,1,1,1,1,1,1
1,1,1,1,1,1,1,1,1,1
1,1,0.9944983,1,1,1,1,1,1,1
1,1,0.9835024,1,1,1,1,1,1,1
1,1,0.9724256,1,1,1,1,1,1,1
1,1,0.9612705,1,1,1,1,1,1,1
1,1,0.95004,1,1,1,1,1,1,1
1,1,0.9387372,1,1,1,1,1,1,1
1,1,0.9273654,1,1,1,1,1,1,1
1,1,0.9159281,1,1,1,1,1,1,1
1,1,0.9044291,1,1,1,1,1,1,1
1,1,0.8928725,1,1,1,1,1,1,1
1,1,0.8812627,1,1,1,1,1,1,1
1,1,0.8696038,1,1,1,1,1,1,1
1,1,0.8579005,1,1,1,1,1,1,1
1,1,0.8461576,1,1,1,1,1,1,1
1,1,0.8343798,1,1,1,1,1,1,1
1,1,0.8225721,1,1,1,1,1,1,1
1,1,0.8115116,1,1,1,1,1,1,1
1,1,0.8185824,1,1,1,1,1,1,1
1,1,0.8255733,1,1,1,1,1,1,1
1,1,0.8324665,1,1,1,1,1,1,1
1,1,0.8392769,1,1,1,1,1,1,1
1,1,0.8459867,1,1,1,1,1,1,1
1,1,0.8525952,1,1,1,1,1,1,1
1,1,0.8590848,1,1,1,1,1,1,1
1,1,0.8654715,1,1,1,1,1,1,1
1,1,0.8717388,1,1,1,1,1,1,1
1,0.9900591,0.8779032,1,1,1,1,1,1,1
1,0.9734184,0.8846345,1,1,1,1,1,1,1
1,0.956472,0.8924177,1,1,1,1,1,1,1
1,0.8875252,0.9012945,1,1,1,1,1,1,2
1,0.8688698,0.9151171,1,1,1,1,1,1,2
1,0.8501495,0.9302685,1,1,1,1,1,1,2
1,0.8314036,0.9468161,1,1,1,1,1,1,2
1,0.8126701,1,1,1,1,1,1,1,2
1,0.7943671,1,1,1,1,1,1,1,2
1,0.7759147,1,1,1,1,1,1,1,2
1,0.7573522,1,1,1,1,1,1,1,2
1,0.7387201,1,1,1,1,1,1,1,2
1,0.7200585,1,1,1,1,1,1,1,2
1,0.7014071,1,1,1,1,1,1,1,2
1,0.6828042,1,1,1,1,1,1,1,2
1,0.6642869,1,1,1,1,1,1,1,2
1,0.6458904,1,1,1,1,1,1,1,2
1,0.6276475,1,1,1,1,1,1,1,2
1,0.6095883,1,1,1,1,1,1,1,2
1,0.5917407,1,1,1,1,1,1,1,2
1,0.5741288,1,1,1,1,1,1,1,2
1,0.5632538,1,1,1,1,1,1,1,2
1,0.5752257,1,1,1,1,1,1,1,2
1,0.5874356,1,1,1,1,1,1,1,2
1,0.5998617,1,1,1,1,1,1,1,2
0.8848971,0.6124908,1,1,1,1,1,1,1,2
0.7739679,0.6291546,1,1,1,1,1,1,1,2
0.7338132,0.650201,1,1,1,1,1,1,1,2
0.6954297,0.6735388,1,1,1,1,1,1,1,2
0.6589275,0.6993198,1,1,1,1,1,1,1,2
0.6243584,0.7277157,1,1,1,1,1,1,1,2
0.5917259,0.7588954,1,1,1,1,1,1,1,2
0.5609954,1,1,1,1,1,1,1,1,2
0.5349336,1,1,1,1,1,1,1,1,2
0.5096152,1,1,1,1,1,1,1,1,2
0.5023342,1,1,1,1,1,1,1,1,2
0.5146874,1,1,1,1,1,1,1,1,2
0.5274234,1,1,1,1,1,1,1,1,2
0.5405232,1,1,1,1,1,1,1,1,2
0.5539661,1,1,1,1,1,1,1,1,2
0.5677298,1,1,1,1,1,1,1,1,2
0.5817903,1,1,1,1,1,1,1,1,2
0.5961229,1,1,1,1,1,1,1,1,2
0.6106917,1,1,1,1,1,1,1,1,2
0.625478,1,1,1,1,1,1,1,1,2
0.6404617,1,1,1,1,1,1,1,1,2
0.6556036,1,1,1,1,1,1,1,1,2
0.6708731,1,1,1,1,1,1,1,1,2
0.6862479,1,1,1,1,1,1,1,1,2
1,1,1,1,1,1,1,1,1,1
1,1,1,1,1,1,1,1,1,1
1,1,1,1,1,1,1,1,1,1
1,1,1,1,1,1,1,1,1,1
1,1,1,1,1,1,1,1,1,1
1,1,1,1,1,1,1,1,1,1
1,1,1,1,1,1,1,1,1,1
1,1,1,1,1,1,1,1,1,1
1,1,1,1,1,1,1,1,1,1
1,1,1,1,1,1,1,1,1,1
1,1,1,1,1,1,1,1,1,1
1,1,1,1,1,1,1,1,1,1
1,1,1,1,1,1,1,1,1,1
1,1,1,1,1,1,1,1,1,1
1,1,1,1,1,1,1,1,1,1
1,1,1,1,1,1,1,1,1,1
1,1,1,1,1,1,1,1,1,1
1,1,1,1,1,1,1,1,1,1
1,1,1,1,1,1,1,1,1,1
1,1,1,1,1,1,1,1,1,1
1,1,1,1,1,1,1,1,1,1
1,1,1,1,1,1,1,1,1,1
1,1,1,1,1,1,1,1,1,1
1,1,1,1,1,1,1,1,1,1
1,1,1,1,1,1,1,1,1,1
1,1,1,1,1,1,1,1,1,1
1,1,1,1,1,1,1,1,1,1
1,1,1,1,1,1,1,1,1,1
1,1,1,1,1,1,1,1,1,1
1,1,1,1,1,1,1,1,1,1
1,1,1,1,1,1,1,1,1,1
1,1,1,1,1,1,1,1,1,1
1,1,1,1,1,1,1,1,1,1
1,1,1,1,1,1,1,1,1,1
1,1,1,1,1,1,1,1,1,1
1,1,1,1,1,1,1,1,1,1
1,1,1,1,1,1,1,1,1,1
1,1,1,1,1,1,1,1,1,1
1,1,1,1,1,1,1,1,1,1
1,1,1,1,1,1,1,1,1,1
1,1,1,1,1,1,1,1,1,1
1,1,1,1,1,1,1,1,1,1
1,1,1,1,1,1,1,1,1,1
1,1,1,1,1,1,1,1,1,1
1,1,1,1,1,1,1,1,1,1
1,1,1,1,1,1,1,1,1,1
1,1,1,1,1,1,1,1,1,1
1,1,1,1,1,1,1,1,1,1
1,1,1,1,1,1,1,1,1,1
1,1,1,1,1,1,1,1,1,1
1,1,1,1,1,1,1,1,1,1
1,1,1,1,1,1,1,1,1,1
1,1,1,1,1,1,1,1,1,1
1,1,1,1,1,1,1,1,1,1
1,1,1,1,1,1,1,1,1,1
1,1,1,1,1,1,1,1,1,1
1,1,1,1,1,1,1,1,1,1
1,1,1,1,1,1,1,1,1,1
1,1,1,1,1,1,1,1,1,1
1,1,1,1,1,1,1,1,1,1
1,1,1,1,1,1,1,1,1,1
1,1,1,1,1,1,1,1,1,1
1,1,1,1,1,1,1,1,1,1
1,1,1,1,1,1,1,1,1,1
1,1,1,1,1,1,1,1,1,1
1,1,1,1,1,1,1,1,1,1
1,1,1,1,1,1,1,1,1,1
1,1,1,1,1,1,1,1,1,1
1,1,1,1,1,1,1,1,1,1
1,1,1,1,1,1,1,1,1,1
1,1,1,1,1,1,1,1,1,1
1,1,1,1,1,1,1,1,1,1
1,1,1,1,1,1,1,1,1,1
1,1,1,1,1,1,1,1,1,1
1,1,1,1,1,1,1,1,1,1
1,1,1,1,1,1,1,1,1,1
1,1,1,1,1,1,1,1,1,1
1,1,1,1,1,1,1,1,1,1
1,1,1,1,1,1,1,1,1,1
1,1,1,1,1,1,1,1,1,1
1,1,1,1,1,1,1,1,1,1
1,1,1,1,1,1,1,1,1,1
1,1,1,1,1,1,1,1,1,1
1,1,1,1,1,1,1,1,1,1
1,1,1,1,1,1,1,1,1,1
1,1,1,1,1,1,1,1,1,1
1,1,1,1,1,1,1,1,1,1
1,1,1,1,1,1,1,1,1,1
1,1,1,1,1,1,1,1,1,1
1,1,1,1,1,1,1,1,1,1
1,1,1,1,1,1,1,1,1,1
1,1,1,1,1,1,1,1,1,1
1,1,1,1,1,1,1,1,1,1
1,1,1,1,1,1,1,1,1,1
1,1,1,1,1,1,1,1,1,1
1,1,1,1,1,1,1,1,1,1
1,1,1,1,1,1,1,1,1,1
1,1,1,1,1,1,1,1,1,1
1,1,1,1,1,1,1,1,1,1
1,1,1,1,1,1,1,1,1,1
1,1,1,1,1,1,1,1,1,1
1,1,1,1,1,1,1,1,1,1
1,1,1,1,1,1,1,1,1,1
1,1,1,1,1,1,1,1,1,1
1,1,1,1,1,1,1,1,1,1
1,1,1,1,1,0.8759273,0.8651781,1,1,1
1,1,1,1,1,0.8927611,0.8528411,1,1,1
1,1,1,1,1,0.9108154,0.8405264,1,1,1
1,1,1,1,1,0.9301022,0.8282388,1,1,1
1,1,1,1,1,0.9507138,0.8159817,1,1,1
1,1,1,1,1,0.9727084,0.8037586,1,1,1
1,1,1,1,1,0.9961497,0.791573,1,1,1
1,1,1,1,1,1,0.7794273,1,1,1
1,1,1,1,1,1,0.7672802,1,1,1
1,1,1,1,1,1,0.7551286,1,1,1
1,1,1,1,1,1,0.7429776,1,1,0
1,1,1,1,1,1,0.7308327,1,1,0
1,1,1,1,1,1,0.7186993,1,1,0
1,1,1,1,1,1,0.7065827,1,1,0
1,1,1,1,1,1,0.6944875,1,1,0
1,1,1,1,1,1,0.6824181,1,1,0
1,1,1,1,1,1,0.6703793,1,1,0
1,1,1,1,1,1,0.6583749,0.8857979,1,0
1,1,1,1,1,1,0.6455706,0.8637354,1,0
1,1,1,1,1,1,0.6327412,0.8415354,1,0
1,1,1,1,1,1,0.619914,0.8192854,1,0
1,1,1,1,1,1,0.6071166,0.797071,1,0
1,1,1,1,1,1,0.5943755,0.7749736,1,0
1,1,1,1,1,1,0.5817156,0.7530689,1,0
1,1,1,1,1,1,0.5695762,0.7314244,1,0
1,1,1,1,1,1,0.6001394,0.7101045,1,0
1,1,1,1,1,1,0.6338817,0.6894514,1,0
1,1,1,1,1,1,0.6711099,0.6694501,1,0
1,1,1,1,1,1,0.7121953,0.6500828,1,0
1,1,1,1,1,1,0.7575316,0.631328,1,0
1,1,1,1,1,1,0.8075918,0.613162,1,0
1,1,1,1,1,1,0.862914,0.595559,1,0
1,1,1,1,1,1,0.9240791,0.5784929,1,0
1,1,1,1,1,1,1,0.5619363,1,0
1,1,1,1,1,1,1,0.5458865,1,0
1,1,1,1,1,1,1,0.5300907,1,0
1,1,1,1,1,1,1,0.5145591,1,0
1,1,1,1,1,1,1,0.4992999,0.7920018,0
1,1,1,1,1,1,1,0.4820883,0.7513138,0
1,1,1,1,1,1,1,0.4651354,0.7118368,0
1,1,1,1,1,1,1,0.4486822,0.6744024,0
1,1,1,1,1,1,1,0.4358211,0.6395323,0
1,1,1,1,1,1,1,0.4618251,0.6069829,0
1,1,1,1,1,1,1,0.4906848,0.576542,0
1,1,1,1,1,1,1,0.5227978,0.548023,0
1,1,1,1,1,1,1,0.5586577,0.5212603,0
1,1,1,1,1,1,1,0.5988644,0.4961078,0
1,1,1,1,1,1,1,0.6441365,0.4724345,0
1,1,1,1,1,1,1,0.6953825,0.4501248,0
1,1,1,1,1,1,1,0.7531813,0.4291743,0
1,1,1,1,1,1,1,0.8173641,0.4096549,0
1,1,1,1,1,1,1,1,0.3914215,0
1,1,1,1,1,1,1,1,0.39954,0
1,1,1,1,1,1,1,1,0.4163805,0
1,1,1,1,1,1,1,1,0.4338043,0
1,1,1,1,1,1,1,1,0.4517879,0
1,1,1,1,1,1,1,1,0.4702943,0
1,1,1,1,1,1,1,1,0.4892924,0
1,1,1,1,1,1,1,1,0.5087575,0
1,1,1,1,1,1,1,1,0.5286411,0
1,1,1,1,1,1,1,1,0.5489016,0
1,1,1,1,1,1,1,1,0.5694935,0
1,1,1,1,1,1,1,1,0.590369,0
1,1,1,1,1,1,1,1,0.6114889,0
1,1,1,1,1,1,1,1,0.6327892,0
1,1,1,1,1,1,1,1,0.654227,0
1,1,1,1,1,1,1,1,0.6757465,0
1,1,1,1,1,1,1,1,0.6973029,0
1,1,1,1,1,1,1,1,0.7188269,0
1,1,1,1,1,1,1,1,1,1
1,1,1,1,1,1,1,1,1,1
1,1,1,1,1,1,1,1,1,1
1,1,1,1,1,1,1,1,1,1
1,1,1,1,1,1,1,1,1,1
1,1,1,1,1,1,1,1,1,1
1,1,1,1,1,1,1,1,1,1
1,1,1,1,1,1,1,1,1,1
1,1,1,1,1,1,1,1,1,1
1,1,1,1,1,1,1,1,1,1
1,1,1,1,1,1,1,1,1,1
1,1,1,1,1,1,1,1,1,1
1,1,1,1,1,1,1,1,1,1
1,1,1,1,1,1,1,1,1,1
1,1,1,1,1,1,1,1,1,1
1,1,1,1,1,1,1,1,1,1
1,1,1,1,1,1,1,1,1,1
1,1,1,1,1,1,1,1,1,1
0.9949628,1,1,1,1,1,1,1,1,1
0.9867216,1,1,1,1,1,1,1,1,1
0.9783212,1,1,1,1,1,1,1,1,1
0.9901843,1,1,1,1,1,1,1,1,1
1,1,1,1,1,1,1,1,1,1
1,1,1,1,1,1,1,1,1,1
1,1,1,1,1,1,1,1,1,1
1,1,1,1,1,1,1,1,1,1
1,1,1,1,1,1,1,1,1,1
1,1,1,1,1,1,1,1,1,1
1,1,1,1,1,1,1,1,1,1
1,1,1,1,1,1,1,1,1,1
1,1,1,1,1,1,1,1,1,1
1,1,1,1,1,1,1,1,1,1
1,1,1,1,1,1,1,1,1,1
1,1,1,1,1,1,1,1,1,1
1,1,1,1,1,1,1,1,1,1
1,1,1,1,1,1,1,1,1,1
1,1,1,1,1,1,1,1,1,1
1,1,1,1,1,1,1,1,1,1
1,1,1,1,1,1,1,1,1,1
1,1,1,1,1,1,1,1,1,1
1,1,1,1,1,1,1,1,1,1
1,1,1,1,1,1,1,1,1,1
1,1,1,1,1,1,1,1,1,1
1,1,1,1,1,1,1,1,1,1
1,1,1,1,1,1,1,1,1,1
1,1,1,1,1,1,1,1,1,1
1,1,1,1,1,1,1,1,1,1
1,1,1,1,1,1,1,1,1,1
1,1,1,1,1,1,1,1,1,1
1,1,1,1,1,1,1,1,1,1
1,1,1,1,1,1,1,1,1,1
1,1,1,1,1,1,1,1,1,1
1,1,1,1,1,1,1,1,1,1
1,1,1,1,1,1,1,1,1,1
1,1,1,1,1,1,1,1,1,1
1,1,1,1,1,1,1,1,1,1
1,1,1,1,1,1,1,1,1,1
1,1,1,1,1,1,1,1,1,1
1,1,1,1,1,1,1,1,1,1
1,1,1,1,1,1,1,1,1,1
1,1,1,1,1,1,1,1,1,1
1,1,1,1,1,1,1,1,1,1
1,1,1,1,1,1,1,1,1,1
1,1,1,1,1,1,1,1,1,1
1,1,1,1,1,1,1,1,1,1
1,1,1,1,1,1,1,1,1,1
1,1,1,1,1,1,1,1,1,1
1,1,1,1,1,1,1,1,1,1
1,1,1,1,1,1,1,1,1,1
1,1,1,1,1,1,1,1,1,1
1,1,1,1,1,1,1,1,1,1
1,1,1,1,1,1,1,1,1,1
1,1,1,1,1,1,1,1,1,1
1,1,1,1,1,1,1,1,1,1
1,1,1,1,1,1,1,1,1,1
1,1,1,1,1,1,1,1,1,1
1,1,1,1,1,1,1,1,1,1
1,1,1,1,1,1,1,1,1,1
1,1,1,1,1,1,1,1,1,1
1,1,1,1,1,1,1,1,1,1
1,1,1,1,1,1,1,1,1,1
1,1,1,1,1,1,1,1,1,1
1,1,1,1,1,1,1,1,1,1
1,1,1,1,1,1,1,1,1,1
1,1,1,1,1,1,1,1,1,1
1,1,0.9915035,1,1,1,1,1,1,1
1,1,0.9776217,1,1,1,1,1,1,1
1,1,0.9704363,1,1,1,1,1,1,1
1,1,0.9633607,1,1,1,1,1,1,1
1,1,0.9563856,1,1,1,1,1,1,1
1,1,0.9495152,1,1,1,1,1,1,1
1,1,0.9427535,1,1,1,1,1,1,1
1,1,0.9360921,1,1,1,1,1,1,1
1,1,0.9295357,1,1,1,1,1,1,1
1,1,0.9230891,1,1,1,1,1,1,1
1,1,0.9167444,1,1,1,1,1,1,1
1,1,0.9105064,1,1,1,1,1,1,1
1,1,0.9043742,1,1,1,1,1,1,1
1,1,0.8983531,1,1,1,1,1,1,1
1,1,0.8924356,1,1,1,1,1,1,1
1,1,0.8866273,1,1,1,1,1,1,2
1,1,0.8809339,1,1,1,1,1,1,2
1,1,0.8753482,1,1,1,1,1,1,2
1,1,0.8698758,1,1,1,1,1,1,2
1,1,0.8645161,1,1,1,1,1,1,2
1,1,0.8592752,1,1,1,1,1,1,2
1,1,0.8541458,1,1,1,1,1,1,2
1,1,0.8491338,1,1,1,1,1,1,2
1,1,0.8442386,1,1,1,1,1,1,2
1,1,0.8394666,1,1,1,1,1,1,2
1,1,0.8348101,1,1,1,1,1,1,2
1,1,0.8302752,1,1,1,1,1,1,2
1,1,0.8258618,1,1,1,1,1,1,2
1,1,0.8215755,1,1,1,1,1,1,2
1,1,0.817409,1,1,1,1,1,1,2
1,1,0.8133684,1,1,1,1,1,1,2
1,1,0.8094531,1,1,1,1,1,1,2
1,1,0.8056692,1,1,1,1,1,1,2
1,1,0.8020089,1,1,1,1,1,1,2
1,1,0.7984785,1,1,1,1,1,1,2
1,1,0.7950699,1,1,1,1,1,1,2
1,0.8771874,0.7917895,1,1,1,1,1,1,2
1,0.6851379,0.7910507,1,1,1,1,1,1,2
1,0.6810986,0.7944924,1,1,1,1,1,1,2
1,0.6774974,0.7985307,1,1,1,1,1,1,2
1,0.6743242,0.8031614,1,1,1,1,1,1,2
1,0.671574,1,1,1,1,1,1,1,2
1,0.6683115,1,1,1,1,1,1,1,2
1,0.6652933,1,1,1,1,1,1,1,2
1,0.6625199,1,1,1,1,1,1,1,2
1,0.6599916,1,1,1,1,1,1,1,2
1,0.6577087,1,1,1,1,1,1,1,2
1,0.6556773,1,1,1,1,1,1,1,2
1,0.6538972,1,1,1,1,1,1,1,2
1,0.652368,1,1,1,1,1,1,1,2
1,0.6510891,1,1,1,1,1,1,1,2
1,0.6500598,1,1,1,1,1,1,1,2
0.6179736,0.6492791,1,1,1,1,1,1,1,2
0.6132945,0.6504693,1,1,1,1,1,1,1,2
0.6091027,0.6521815,1,1,1,1,1,1,1,2
0.6053848,0.6544217,1,1,1,1,1,1,1,2
0.6021405,0.6572105,1,1,1,1,1,1,1,2
0.5993649,0.6605639,1,1,1,1,1,1,1,2
0.5970541,0.6645,1,1,1,1,1,1,1,2
0.5952111,1,1,1,1,1,1,1,1,2
0.5936528,1,1,1,1,1,1,1,1,2
0.5924295,1,1,1,1,1,1,1,1,2
0.5915478,1,1,1,1,1,1,1,1,2
0.5910018,1,1,1,1,1,1,1,1,2
0.5907975,1,1,1,1,1,1,1,1,2
0.5909284,1,1,1,1,1,1,1,1,2
0.5914003,1,1,1,1,1,1,1,1,2
0.5922061,1,1,1,1,1,1,1,1,2
0.5933512,1,1,1,1,1,1,1,1,2
0.5948281,1,1,1,1,1,1,1,1,2
0.5966355,1,1,1,1,1,1,1,1,2
0.5987717,1,1,1,1,1,1,1,1,2
0.6012348,1,1,1,1,1,1,1,1,2
0.7116196,1,1,1,1,1,1,1,1,2
0.7142594,1,1,1,1,1,1,1,1,2
1,1,1,1,1,1,1,1,1,1
1,1,1,1,1,1,1,1,1,1
1,1,1,1,1,1,1,1,1,1
1,1,1,1,1,1,1,1,1,1
1,1,1,1,1,1,1,1,1,1
1,1,1,1,1,1,1,1,1,1
1,1,1,1,1,1,1,1,1,1
1,1,1,1,1,1,1,1,1,1
1,1,1,1,1,1,1,1,1,1
1,1,1,1,1,1,1,1,1,1
1,1,1,1,1,1,1,1,1,1
1,1,1,1,1,1,1,1,1,1
1,1,1,1,1,1,1,1,1,1
1,1,1,1,1,1,1,1,1,1
1,1,1,1,1,1,1,1,1,1
1,1,1,1,1,1,1,1,1,1
1,1,1,1,1,1,1,1,1,1
1,1,1,1,1,1,1,1,1,1
1,1,1,1,1,1,1,1,1,1
1,1,1,1,1,1,1,1,1,1
1,1,1,1,1,1,1,1,1,1
1,1,1,1,1,1,1,1,1,1
1,1,1,1,1,1,1,1,1,1
1,1,1,1,1,1,1,1,1,1
1,1,1,1,1,1,1,1,1,1
1,1,1,1,1,1,1,1,1,1
1,1,1,1,1,1,1,1,1,1
1,1,1,1,1,1,1,1,1,1
1,1,1,1,1,1,1,1,1,1
1,1,1,1,1,1,1,1,1,1
1,1,1,1,1,1,1,1,1,1
1,1,1,1,1,1,1,1,1,1
1,1,1,1,1,1,1,1,1,1
1,1,1,1,1,1,1,1,1,1
1,1,1,1,1,1,1,1,1,1
1,1,1,1,1,1,1,1,1,1
1,1,1,1,1,1,1,1,1,1
1,1,1,1,1,1,1,1,1,1
1,1,1,1,1,1,1,1,1,1
1,1,1,1,1,1,1,1,1,1
1,1,1,1,1,1,1,1,1,1
1,1,1,1,1,1,1,1,1,1
1,1,1,1,1,1,1,1,1,1
1,1,1,1,1,1,1,1,1,1
1,1,1,1,1,1,1,1,1,1
1,1,1,1,1,1,1,1,1,1
1,1,1,1,1,1,1,1,1,1
1,1,1,1,1,1,1,1,1,1
1,1,1,1,1,1,1,1,1,1
1,1,1,1,1,1,1,1,1,1
0.995447,1,1,1,1,1,1,1,1,1
0.9607838,1,1,1,1,1,1,1,1,1
0.9219965,1,1,1,1,1,1,1,1,1
0.8792118,1,1,1,1,1,1,1,1,2
0.832783,1,1,1,1,1,1,1,1,2
0.7969072,1,1,1,1,1,1,1,1,2
0.7996691,1,1,1,1,1,1,1,1,2
0.8025463,1,1,1,1,1,1,1,1,2
0.8055295,1,1,1,1,1,1,1,1,2
0.8086225,1,1,1,1,1,1,1,1,2
0.8118157,1,1,1,1,1,1,1,1,2
0.8151066,1,1,1,1,1,1,1,1,2
0.8184918,1,1,1,1,1,1,1,1,2
0.8219687,1,1,1,1,1,1,1,1,2
0.8255274,1,1,1,1,1,1,1,1,2
0.8291649,1,1,1,1,1,1,1,1,2
0.8328784,1,1,1,1,1,1,1,1,2
0.8366577,1,1,1,1,1,1,1,1,2
0.8405002,1,1,1,1,1,1,1,1,2
0.8444025,1,1,1,1,1,1,1,1,2
0.8483618,1,1,1,1,1,1,1,1,2
0.8523682,1,1,1,1,1,1,1,1,2
0.8564187,1,1,1,1,1,1,1,1,2
0.8605103,1,1,1,1,1,1,1,1,2
0.8646402,1,1,1,1,1,1,1,1,2
0.8687989,1,1,1,1,1,1,1,1,2
0.872983,1,1,1,1,1,1,1,1,2
0.87719,1,1,1,1,1,1,1,1,2
0.8814106,1,1,1,1,1,1,1,1,2
0.8856422,1,1,1,1,1,1,1,1,2
0.8898819,1,1,1,1,1,1,1,1,1
0.8941275,1,1,1,1,1,1,1,1,1
0.8983699,1,1,1,1,1,1,1,1,1
1,1,1,1,1,1,1,1,1,1
1,1,1,1,1,1,1,1,1,1
1,1,1,1,1,1,1,1,1,1
1,1,1,1,1,1,1,1,1,1
1,1,1,1,1,1,1,1,1,1
1,1,1,1,1,1,1,1,1,1
1,1,1,1,1,1,1,1,1,1
1,1,1,1,1,1,1,1,1,1
1,1,1,1,1,1,1,1,1,1
1,1,1,1,1,1,1,1,1,1
1,1,0.8798361,1,1,1,1,1,1,1
1,1,0.8696431,1,1,1,1,1,1,1
1,1,0.8594427,1,1,1,1,1,1,1
1,1,0.8492358,1,1,1,1,1,1,1
1,1,0.8390241,1,1,1,1,1,1,1
1,1,0.8288083,1,1,1,1,1,1,1
1,1,0.81859,1,1,1,1,1,1,1
1,1,0.8083704,1,1,1,1,1,1,1
1,1,0.7981507,1,1,1,1,1,1,1
1,1,0.7879319,1,1,1,1,1,1,1
1,1,0.7777156,1,1,1,1,1,1,1
1,1,0.7675031,1,1,1,1,1,1,1
1,1,0.7572949,1,1,1,1,1,1,1
1,1,0.7470928,1,1,1,1,1,1,1
1,1,0.7368976,1,1,1,1,1,1,1
1,1,0.7267103,1,1,1,1,1,1,1
1,1,0.7165321,1,1,1,1,1,1,1
1,1,0.7063641,1,1,1,1,1,1,1
1,1,0.6962067,1,1,1,1,1,1,1
1,1,0.6860616,1,1,1,1,1,1,1
1,1,0.6759288,1,1,1,1,1,1,1
1,1,0.6658099,1,1,1,1,1,1,1
1,1,0.655705,1,1,1,1,1,1,1
1,1,0.6456151,1,1,1,1,1,1,1
1,1,0.6355411,1,1,1,1,1,1,1
1,1,0.6254833,1,1,1,1,1,1,1
1,1,0.6154423,1,1,1,1,1,1,1
1,1,0.6054188,1,1,1,1,1,1,1
1,1,0.595413,1,1,1,1,1,1,1
1,1,0.5967336,1,1,1,1,1,1,1
1,1,0.6249728,1,1,1,1,1,1,1
1,1,0.6533879,1,1,1,1,1,1,1
1,1,0.6818555,1,1,1,1,1,1,1
1,1,0.7102916,1,1,1,1,1,1,1
1,1,1,1,1,1,1,1,1,1
1,1,1,1,1,1,1,1,1,1
1,1,1,1,1,1,1,1,1,1
1,1,1,1,1,1,1,1,1,1
1,1,1,1,1,1,1,1,1,1
1,1,1,1,1,1,1,1,1,1
1,1,1,1,1,1,1,1,1,1
1,1,1,1,1,1,1,1,1,1
1,0.5431022,1,1,1,1,1,1,1,2
1,0.5280386,1,1,1,1,1,1,1,2
1,0.513218,1,1,1,1,1,1,1,2
1,0.498647,1,1,1,1,1,1,1,2
1,0.4843301,1,1,1,1,1,1,1,2
1,0.4702704,1,1,1,1,1,1,1,2
1,0.4564695,1,1,1,1,1,1,1,2
1,0.442928,1,1,1,1,1,1,1,2
1,0.4296444,1,1,1,1,1,1,1,2
1,0.4166173,1,1,1,1,1,1,1,2
1,0.4038434,1,1,1,1,1,1,1,2
0.9994854,0.3913192,1,1,1,1,1,1,1,2
0.9711578,0.3979205,1,1,1,1,1,1,1,2
0.943199,0.4179744,1,1,1,1,1,1,1,2
0.9159535,0.4396565,1,1,1,1,1,1,1,2
0.8894769,0.4630903,1,1,1,1,1,1,1,2
0.4559358,0.4884229,1,1,1,1,1,1,1,2
0.4328473,1,1,1,1,1,1,1,1,2
0.4126038,1,1,1,1,1,1,1,1,2
0.393185,1,1,1,1,1,1,1,1,2
0.3745834,1,1,1,1,1,1,1,1,2
0.3567848,1,1,1,1,1,1,1,1,2
0.3397698,1,1,1,1,1,1,1,1,2
0.3484816,1,1,1,1,1,1,1,1,2
0.3650229,1,1,1,1,1,1,1,1,2
0.3822442,1,1,1,1,1,1,1,1,2
0.4001196,1,1,1,1,1,1,1,1,2
0.4186286,1,1,1,1,1,1,1,1,2
0.4377355,1,1,1,1,1,1,1,1,2
1,1,1,1,1,1,1,1,1,1
1,1,1,1,1,1,1,1,1,1
1,1,1,1,1,1,1,1,1,1
1,1,1,1,1,1,1,1,1,1
1,1,1,1,1,1,1,1,1,1
1,1,1,1,1,1,1,1,1,1
1,1,1,1,1,1,1,1,1,1
1,1,1,1,1,1,1,1,1,1
1,1,1,1,1,1,1,1,1,1
1,1,1,1,1,1,1,1,1,1
1,1,1,1,1,1,1,1,1,1
1,1,1,1,1,1,1,1,1,1
1,1,1,1,1,1,1,1,1,1
1,1,1,1,1,1,1,1,1,1
1,1,1,1,1,1,1,1,1,1
1,1,1,1,1,1,1,1,1,1
1,1,1,1,1,1,1,1,1,1
1,1,1,1,1,1,1,1,1,1
1,1,1,1,1,1,1,1,1,1
1,1,1,1,1,1,1,1,1,1
1,1,1,1,1,1,1,1,1,1
1,1,1,1,1,1,1,1,1,1
1,1,1,1,1,1,1,1,1,1
1,1,1,1,1,1,1,1,1,1
1,1,1,1,1,1,1,1,1,1
1,1,1,1,1,1,1,1,1,1
1,1,1,1,1,1,1,1,1,1
1,1,1,1,1,1,1,1,1,1
1,1,1,1,1,1,1,1,1,1
1,1,1,1,1,1,1,1,1,1
1,1,1,1,1,1,1,1,1,1
1,1,1,1,1,1,1,1,1,1
1,1,1,1,1,1,1,1,1,1
1,1,1,1,1,1,1,1,1,1
1,1,1,1,1,1,1,1,1,1
1,1,1,1,1,1,1,1,1,1
1,1,1,1,1,1,1,1,1,1
1,1,1,1,1,1,1,1,1,1
1,1,1,1,1,1,1,1,1,1
1,1,1,1,1,1,1,1,1,1
1,1,1,1,1,1,1,1,1,1
1,1,1,1,1,1,1,1,1,1
1,1,1,1,1,1,1,1,1,1
1,1,1,1,1,1,1,1,1,1
1,1,1,1,1,1,1,1,1,1
1,1,1,1,1,1,1,1,1,1
1,1,1,1,1,1,1,1,1,1
1,1,1,1,1,1,1,1,1,1
1,1,1,1,1,1,1,1,1,1
1,1,1,1,1,1,1,1,1,1
1,1,1,1,1,1,1,1,1,1
1,1,1,1,1,1,1,1,1,1
1,1,1,1,1,1,1,1,1,1
1,1,1,1,1,1,1,1,1,1
1,1,1,1,1,1,1,1,1,1
1,1,1,1,1,1,1,1,1,1
1,1,1,1,1,1,1,1,1,1
1,1,1,1,1,1,1,1,1,1
1,1,1,1,1,1,1,1,1,1
1,1,1,1,1,1,1,1,1,1
0.9931275,1,1,1,1,1,1,1,1,1
0.9836257,1,1,1,1,1,1,1,1,1
0.9739725,1,1,1,1,1,1,1,1,1
0.9641724,1,1,1,1,1,1,1,1,1
0.9542305,1,1,1,1,1,1,1,1,1
0.9441527,1,1,1,1,1,1,1,1,1
0.9339458,1,1,1,1,1,1,1,1,1
0.9236165,1,1,1,1,1,1,1,1,1
0.9131727,1,1,1,1,1,1,1,1,1
0.9242799,1,1,1,1,1,1,1,1,1
0.9381863,1,1,1,1,1,1,1,1,1
0.9517253,1,1,1,1,1,1,1,1,1
0.9648777,1,1,1,1,1,1,1,1,1
0.9776381,1,1,1,1,1,1,1,1,1
0.9900011,1,1,1,1,1,1,1,1,1
1,1,1,1,1,1,1,1,1,1
1,1,1,1,1,1,1,1,1,1
1,1,1,1,1,1,1,1,1,1
1,1,1,1,1,1,1,1,1,1
1,1,1,1,1,1,1,1,1,1
1,1,1,1,1,1,1,1,1,1
1,1,1,1,1,1,1,1,1,1
1,1,1,1,1,1,1,1,1,1
1,1,1,1,1,1,1,1,1,1
1,1,1,1,1,1,1,1,1,1
1,1,1,1,1,1,1,1,1,1
1,1,1,1,1,1,1,1,1,1
1,1,1,1,1,1,1,1,1,1
1,1,1,1,1,1,1,1,1,1
1,1,1,1,1,1,1,1,1,1
1,1,1,1,1,1,1,1,1,1
1,1,1,1,1,1,1,1,1,1
1,1,1,1,1,1,1,1,1,1
1,1,1,1,1,1,1,1,1,1
1,1,1,1,1,1,1,1,1,1
1,1,1,1,1,1,1,1,1,1
1,1,1,1,1,1,1,1,1,1
1,1,1,1,1,1,1,1,1,1
1,1,1,1,1,1,1,1,1,1
1,1,1,1,1,1,1,1,1,1
1,1,1,1,1,1,1,1,1,1
1,1,1,1,1,1,1,1,1,1
1,1,1,1,1,1,1,1,1,1
1,1,1,1,1,1,1,1,1,1
1,1,1,1,1,1,1,1,1,1
1,1,1,1,1,1,1,1,1,1
1,1,1,1,1,1,1,1,1,1
1,1,1,1,1,1,1,1,1,1
1,1,1,1,1,1,1,1,1,1
1,1,1,1,1,1,1,1,1,1
1,1,1,1,1,1,1,1,1,1
1,1,1,1,1,1,1,1,1,1
1,1,1,1,1,1,1,1,1,1
1,1,1,1,1,1,1,1,1,1
1,1,1,1,1,1,1,1,1,1
1,1,1,1,1,1,1,1,1,1
1,1,1,1,1,1,1,1,1,1
1,1,1,1,1,1,1,1,1,1
1,1,1,1,1,1,1,1,1,1
1,1,1,1,1,1,1,1,1,1
1,1,1,1,1,1,1,1,1,1
1,1,1,1,1,1,1,1,1,1
1,1,1,1,1,1,1,1,1,1
1,1,1,1,1,1,1,1,1,1
1,1,1,1,1,1,1,1,1,1
1,1,1,1,1,1,1,1,1,1
1,1,1,1,1,1,1,1,1,1
1,1,1,1,1,1,1,1,1,1
1,1,1,1,1,1,1,1,1,1
1,1,1,1,1,1,1,1,1,1
1,1,1,1,1,1,1,1,1,1
1,1,1,1,1,1,1,1,1,1
1,1,1,1,1,1,1,1,1,1
1,1,1,1,1,1,1,1,1,1
1,1,1,1,1,1,1,1,1,1
1,1,1,1,1,1,1,1,1,1
1,1,1,1,1,1,1,1,1,1
1,1,1,1,1,1,1,1,1,1
1,1,1,1,1,1,1,1,1,1
1,1,1,1,1,1,1,1,1,1
1,1,1,1,1,1,1,1,1,1
1,1,1,1,1,1,1,1,1,1
1,1,1,1,1,1,1,1,1,1
1,1,1,1,1,1,1,1,1,1
1,1,1,1,1,1,1,1,1,1
1,1,1,1,1,1,1,1,1,1
1,1,1,1,1,1,1,1,1,1
1,1,1,1,1,1,1,1,1,1
1,1,1,1,1,1,1,1,1,1
1,1,1,1,1,1,1,1,1,1
1,1,1,1,1,1,1,1,1,1
1,1,1,1,1,1,1,1,1,1
1,1,1,1,1,1,1,1,1,1
1,1,1,1,1,1,1,1,1,1
1,1,1,1,1,1,1,1,1,1
1,1,1,1,1,1,1,1,1,1
1,1,1,1,1,1,1,1,1,1
1,1,1,1,1,1,1,1,1,1
1,1,1,1,1,1,1,1,1,1
1,1,1,1,1,1,1,1,1,1
1,1,1,1,1,1,1,1,1,1
1,1,1,1,1,1,1,1,1,1
1,1,1,1,1,1,1,1,1,1
1,1,0.9907026,1,1,1,1,1,1,1
1,1,0.9795939,1,1,1,1,1,1,1
1,1,0.9683982,1,1,1,1,1,1,1
1,1,0.9571184,1,1,1,1,1,1,1
1,1,0.9457576,1,1,1,1,1,1,1
1,1,0.9343191,1,1,1,1,1,1,1
1,1,0.9228067,1,1,1,1,1,1,1
1,1,0.9112244,1,1,1,1,1,1,1
1,1,0.8995763,1,1,1,1,1,1,1
1,1,0.8878672,1,1,1,1,1,1,1
1,1,0.8761012,1,1,1,1,1,1,1
1,1,0.8642837,1,1,1,1,1,1,1
1,1,0.8524195,1,1,1,1,1,1,1
1,1,0.8405138,1,1,1,1,1,1,1
1,1,0.8285714,1,1,1,1,1,1,1
1,1,0.8165983,1,1,1,1,1,1,1
1,1,0.8045995,1,1,1,1,1,1,1
1,1,0.7925802,1,1,1,1,1,1,1
1,1,0.7805462,1,1,1,1,1,1,1
1,1,0.7685026,1,1,1,1,1,1,1
1,1,0.7564548,1,1,1,1,1,1,1
1,1,0.7444078,1,1,1,0.9958422,1,1,1
1,1,0.732391,1,1,1,0.9866484,1,1,1
1,1,0.7204359,1,1,1,0.9774186,1,1,1
1,1,0.7085436,1,1,1,0.9681484,1,1,1
1,1,0.6967145,1,1,1,0.9588333,1,1,1
1,1,0.6849489,1,1,1,0.9494687,1,1,1
1,1,0.6827722,1,1,1,0.9400505,1,1,1
1,1,0.6911554,1,1,1,0.9304997,1,1,1
1,1,0.6991042,1,1,1,0.9207331,1,1,1
1,1,0.7065953,1,1,1,0.9107561,1,1,1
1,1,0.713591,1,1,1,0.9005738,1,1,1
1,1,0.7200571,1,1,1,0.8901932,1,1,1
1,0.8064016,0.7259808,1,1,1,0.8796212,1,1,2
1,0.7865766,0.7432009,1,1,1,0.8717681,1,1,2
1,0.7670653,0.7614392,1,1,1,0.8639151,1,1,2
1,0.7478799,0.7806858,1,1,1,0.856047,1,1,2
1,0.7290298,0.800965,1,1,1,0.8481498,1,1,2
1,0.710521,0.8222777,1,1,1,0.8402088,1,1,2
1,0.6923559,0.8446,1,1,1,0.8322091,1,1,2
1,0.6745351,1,1,1,1,0.8241372,1,1,2
1,0.6580287,1,1,1,1,0.8151039,1,1,2
1,0.6416057,1,1,1,1,0.8061317,1,1,2
1,0.6252807,1,1,1,1,0.7972132,1,1,2
1,0.6090676,1,1,1,1,0.7883415,1,1,2
1,0.5929787,1,1,1,1,0.7795082,1,1,2
1,0.577025,1,1,1,1,0.7707049,1,1,2
1,0.5612173,1,1,1,1,0.7619233,1,1,2
1,0.5455642,1,1,1,1,0.7531543,1,1,2
1,0.5300738,1,1,1,1,0.7443892,1,1,2
1,0.5147521,1,1,1,1,0.7356177,1,1,2
1,0.4996049,1,1,1,1,0.7268309,1,1,2
1,0.484636,1,1,1,1,0.7180189,1,1,2
1,0.4698487,1,1,1,1,0.709172,1,1,2
1,0.464635,1,1,1,1,0.7002802,1,1,2
1,0.4719836,1,1,1,1,0.691205,1,1,2
1,0.479174,1,1,1,1,0.6817713,1,1,2
1,0.4861882,1,1,1,1,0.6719841,1,1,2
0.6719829,0.4929996,1,1,1,1,0.6618506,1,1,2
0.6335073,0.5082034,1,1,1,0.7999645,0.6578535,1,1,2
0.6005154,0.522092,1,1,1,0.7721936,0.652238,1,1,2
0.5694061,0.536538,1,1,1,0.7462332,0.646463,1,1,2
0.540062,0.5514748,1,1,1,0.7220005,0.6404749,1,1,2
0.512356,0.5668312,1,1,1,0.6993967,0.634223,1,1,2
0.4861585,0.5825323,1,1,1,0.678315,0.6276629,1,1,2
0.4613417,0.5984992,1,1,1,0.6586456,0.6207556,1,1,2
0.4377816,0.6146516,1,1,1,0.6402798,0.6134683,1,1,2
0.4153601,0.6309072,1,1,1,0.6231128,0.6057747,1,1,2
0.3941933,1,1,1,1,0.6070324,0.5976542,1,1,1
0.3985573,1,1,1,1,0.5995989,0.5846758,1,1,1
0.4027224,1,1,1,1,0.5929077,0.5712723,1,1,1
0.406686,1,1,1,1,0.5869075,0.5574909,1,1,1
0.4104474,1,1,1,1,0.5815542,0.54338,1,1,1
0.4139997,1,1,1,1,0.5768222,0.5289871,1,1,1
0.4173522,1,1,1,1,0.5726659,0.5143582,1,1,1
0.4205152,1,1,1,1,0.5690451,0.4995387,1,1,1
0.423485,1,1,1,1,0.5659484,0.4845701,1,1,1
0.4262731,1,1,1,1,0.5633422,0.4694929,1,1,0
0.4288843,1,1,1,1,0.5612093,0.4543442,1,1,0
0.4313237,1,1,1,1,0.5595349,0.4391579,1,1,0
0.4336038,1,1,1,1,0.5582936,0.4239649,1,1,0
0.4357368,1,1,1,1,0.5574625,0.4087929,1,1,0
0.4377275,1,1,1,1,0.5570335,0.3936664,1,1,0
0.4395803,1,1,1,1,0.5570007,0.3796038,1,1,0
0.4413215,1,1,1,1,0.5573016,0.377834,1,1,0
0.4430466,1,1,1,1,1,0.376065,1,1,1
0.4471225,1,1,1,1,1,0.3706782,1,1,1
0.4511373,1,1,1,1,1,0.3654404,1,1,1
0.4550777,1,1,1,1,1,0.3603541,1,1,1
0.4589522,1,1,1,1,1,0.3553953,1,1,1
0.4627482,1,1,1,1,1,0.3505691,1,1,1
0.4664746,1,1,1,1,1,0.3458539,1,1,1
0.470119,1,1,1,1,1,0.3412568,0.5004525,1,0
0.4678752,1,1,1,1,1,0.3444178,0.4551268,1,0
0.4654109,1,1,1,1,1,0.3484819,0.4128657,1,0
0.462813,1,1,1,1,1,0.3534493,0.3736505,1,0
0.4601457,1,1,1,1,1,0.359332,0.3373615,1,0
0.4574669,1,1,1,1,1,0.3661246,0.3038393,1,0
0.4548126,1,1,1,1,1,0.3738396,0.2728479,1,0
0.452197,1,1,1,1,1,0.3825283,0.2496026,1,0
0.44969,1,1,1,1,1,0.3920484,0.2511452,1,0
0.4474398,1,1,1,1,1,0.4018655,0.2528468,1,0
0.4454097,1,1,1,1,1,1,0.2546795,1,1
0.4457517,1,1,1,1,1,1,0.2542272,1,1
0.4460668,1,1,1,1,1,1,0.2538152,0.4491364,0
0.4434904,1,1,1,1,1,1,0.2567384,0.3478089,0
0.4409261,1,1,1,1,1,1,0.2601264,0.2663745,0
0.4383654,1,1,1,1,1,1,0.264012,0.2128198,0
0.4358124,1,1,1,1,1,1,0.2684154,0.2138471,0
0.4332648,1,1,1,1,1,1,0.2733675,0.2151955,0
0.4307202,1,1,1,1,1,1,0.2789026,0.2168719,0
0.4281701,1,1,1,1,1,1,0.2850676,0.2188903,0
0.4256181,1,1,1,1,1,1,0.2918971,0.2212532,0
0.4230618,1,1,1,1,1,1,0.2994392,0.2239706,0
0.4204985,1,1,1,1,1,1,1,0.2270534,0
0.4188922,1,1,1,1,1,1,1,0.2289373,0
0.4172555,1,1,1,1,1,1,1,0.2308828,0
0.4155923,1,1,1,1,1,1,1,0.2328822,0
0.413907,1,1,1,1,1,1,1,0.234928,0
0.4121916,1,1,1,1,1,1,1,0.237026,0
1,1,1,1,1,1,1,1,0.2391686,0
1,1,1,1,1,1,1,1,0.2433088,0
1,1,1,1,1,1,1,1,0.2478687,0
1,1,1,1,1,1,1,1,0.252866,0
1,1,1,1,1,1,1,1,1,1
1,1,1,1,1,1,1,1,1,1
1,1,1,1,1,1,1,1,1,1
1,1,1,1,1,1,1,1,1,1
1,1,1,1,1,1,1,1,1,1
1,1,1,1,1,1,1,1,1,1
1,1,1,1,1,1,1,1,1,1
1,1,1,1,1,1,1,1,1,1
1,1,1,1,1,1,1,1,1,1
1,1,1,1,1,0.9928585,1,1,1,1
1,1,1,1,1,0.983113,1,1,1,1
1,1,1,1,1,0.9733661,1,1,1,1
1,1,1,1,1,0.9636179,1,1,1,1
1,1,1,1,1,0.953868,1,1,1,1
1,1,1,1,1,0.9441164,1,1,1,1
1,1,1,1,1,0.9343634,1,1,1,1
1,1,1,1,1,0.9246087,1,1,1,1
1,1,1,1,1,0.9148527,1,1,1,1
1,1,1,1,1,0.9050952,1,1,1,1
1,1,1,1,1,0.8953364,1,1,1,1
1,1,1,1,1,0.8855761,1,1,1,1
1,1,1,1,1,0.8758141,1,1,1,1
1,1,1,1,1,0.8660511,1,1,1,1
1,1,1,1,1,0.8562866,1,1,1,1
1,1,1,1,1,0.8465207,1,1,1,1
1,1,1,1,1,0.8367532,1,1,1,1
1,1,1,1,1,0.8269845,1,1,1,1
1,1,1,1,1,0.8172147,1,1,1,1
1,1,1,1,1,1,1,1,1,1
1,1,1,1,1,1,1,1,1,1
1,1,1,1,1,1,1,1,1,1
1,1,1,1,1,1,1,1,1,1
1,1,1,1,1,1,1,1,1,1
1,1,1,1,1,1,1,1,1,1
1,1,1,1,1,1,1,1,1,1
1,1,1,1,1,1,1,1,1,1
1,1,1,1,1,1,1,1,1,1
1,1,1,1,1,1,1,1,1,1
1,1,1,1,1,1,1,1,1,1
1,1,1,1,1,1,1,1,1,1
1,1,1,1,1,1,1,1,1,1
1,1,1,1,1,1,1,1,1,1
1,1,1,1,1,1,0.6844261,1,1,1
1,1,1,1,1,1,0.6741039,1,1,1
1,1,1,1,1,1,0.6637977,1,1,1
1,1,1,1,1,1,0.6535083,1,1,1
1,1,1,1,1,1,0.6432368,1,1,1
1,1,1,1,1,1,0.6329839,1,1,1
1,1,1,1,1,1,0.6227506,1,1,1
1,1,1,1,1,1,0.6125373,1,1,1
1,1,1,1,1,1,0.602345,1,1,1
1,1,1,1,1,1,0.5921741,1,1,1
1,1,1,1,1,1,0.5820252,1,1,1
1,1,1,1,1,1,0.5718983,1,1,1
1,1,1,1,1,1,0.5617945,1,1,1
1,1,1,1,1,1,0.5517135,1,1,1
1,1,1,1,1,1,0.5416558,1,1,1
1,1,1,1,1,1,0.5316215,1,1,1
1,1,1,1,1,1,0.521611,1,1,1
1,1,1,1,1,1,0.5116243,1,1,1
1,1,1,1,1,1,0.5016613,1,1,1
1,1,1,1,1,1,0.491722,1,1,1
1,1,1,1,1,1,0.4818066,1,1,1
1,1,1,1,1,1,0.4719149,1,1,1
1,1,1,1,1,1,0.4620466,1,1,1
1,1,1,1,1,1,0.4522017,1,1,1
1,1,1,1,1,1,0.4423797,1,0.9935972,1
1,1,1,1,1,1,0.4325687,1,0.9706815,1
1,1,1,1,1,1,0.4596191,1,0.9482109,0
1,1,1,1,1,1,0.5028452,1,0.9547791,1
1,1,1,1,1,1,0.5472236,1,0.9610987,1
1,1,1,1,1,1,1,1,0.9671744,1
1,1,1,1,1,1,1,1,0.9717253,1
1,1,1,1,1,1,1,0.4357018,0.9761955,0
1,1,1,1,1,1,1,0.4213097,0.9888986,0
1,1,1,1,1,1,1,0.4073567,1,0
1,1,1,1,1,1,1,0.3938006,1,0
1,1,1,1,1,1,1,0.3805394,1,0
1,1,1,1,1,1,1,0.3675674,1,0
1,1,1,1,1,1,1,0.3548779,1,0
1,1,1,1,1,1,1,0.342464,1,0
1,1,1,1,1,1,1,0.3303174,1,0
1,1,1,1,1,1,1,0.3184301,1,0
1,1,1,1,1,1,1,0.3067936,1,0
1,1,1,1,1,1,1,0.2953989,1,0
1,1,0.9859198,1,1,1,1,0.3104117,1,0
1,1,0.9719189,1,1,1,1,0.3308127,0.3729799,0
1,1,0.9508818,1,1,1,1,0.362126,0.3521572,0
1,1,0.9306653,1,1,1,1,0.3977405,0.3325182,0
1,1,0.9112207,1,1,1,1,1,0.3139729,0
1,1,0.8949265,1,1,1,1,1,0.2975541,0
1,1,0.8793386,1,1,1,1,1,0.2819602,0
1,1,0.8644077,1,1,1,1,1,0.2671209,0
1,1,0.8500792,1,1,1,1,1,0.2529741,0
1,1,0.8363074,1,1,1,1,1,0.2667682,0
1,1,0.8233851,0.9969939,1,1,1,1,0.2808443,0
1,1,0.8112389,0.9775172,1,1,1,1,0.2951195,0
1,1,0.7999834,0.9600114,1,1,1,1,0.3093195,0
1,1,0.7947036,0.9441918,1,1,1,1,0.3233584,0
1,1,0.7891026,0.9296553,1,1,1,1,0.3372655,0
1,1,0.7814846,0.9162623,1,1,1,1,0.3509664,0
1,1,0.7717909,0.9039461,1,1,1,1,1,2
1,1,0.7586296,0.9048098,1,1,1,1,1,2
1,1,0.7563019,0.9062546,1,1,1,1,1,2
1,1,0.7541491,0.9079596,1,1,1,1,1,2
1,1,0.752165,0.909918,1,1,1,1,1,2
1,1,0.7503369,0.9121132,1,1,1,1,1,2
1,1,0.7486658,0.9145467,1,1,1,1,1,2
1,1,0.7471451,0.9172099,1,1,1,1,1,2
1,1,0.7457619,0.9200866,1,1,1,1,1,2
1,1,0.7445174,0.9231777,1,1,1,1,1,2
1,1,0.7434055,0.9264754,1,1,1,1,1,2
1,1,0.7424128,1,1,1,1,1,1,2
1,1,0.7405545,1,1,1,1,1,1,2
1,1,0.7388291,1,1,1,1,1,1,2
1,1,0.7372426,1,1,1,1,1,1,2
1,1,0.7357935,1,1,1,1,1,1,2
1,1,0.7344806,1,1,1,1,1,1,2
1,0.9997739,0.7333024,1,1,1,1,1,1,2
1,0.9116532,0.7322627,1,1,1,1,1,1,2
1,0.8170726,0.7334021,1,1,1,1,1,1,2
1,0.7209958,0.7370261,1,1,1,1,1,1,2
1,0.6281506,0.7433933,1,1,1,1,1,1,2
1,0.5922926,0.7511119,1,1,1,1,1,1,2
1,0.5917825,0.7597098,1,1,1,1,1,1,2
1,0.591726,0.7692338,1,1,1,1,1,1,2
1,0.592137,0.7797535,1,1,1,1,1,1,2
1,0.5930306,1,1,1,1,1,1,1,2
1,0.5932013,1,1,1,1,1,1,1,2
1,0.5936665,1,1,1,1,1,1,1,2
1,0.5944242,1,1,1,1,1,1,1,2
1,0.5954662,1,1,1,1,1,1,1,2
1,0.5967969,1,1,1,1,1,1,1,2
1,0.5984077,1,1,1,1,1,1,1,2
1,0.6002963,1,1,1,1,1,1,1,2
0.7511886,0.6024604,1,1,1,1,1,1,1,2
0.5336062,0.6069909,1,1,1,1,1,1,1,2
0.5326797,0.6121352,1,1,1,1,1,1,1,2
0.5321928,0.617919,1,1,1,1,1,1,1,2
0.5321469,0.6243706,1,1,1,1,1,1,1,2
0.5325446,0.6315218,1,1,1,1,1,1,1,2
0.5333897,0.6394073,1,1,1,1,1,1,1,2
0.5346871,0.6480656,1,1,1,1,1,1,1,2
0.536449,0.8938696,1,1,1,1,1,1,1,2
0.5386763,0.8548218,1,1,1,1,1,1,1,2
0.5413777,0.8692643,1,1,1,1,1,1,1,2
0.5445691,0.8848838,1,1,1,1,1,1,1,2
0.5482554,0.9017503,1,1,1,1,1,1,1,2
0.5524493,0.9199497,1,1,1,1,1,1,1,2
0.5570273,0.9389526,1,1,1,1,1,1,1,2
0.5619174,0.9584988,1,1,1,1,1,1,1,2
0.5670811,0.9785076,1,1,1,1,1,1,1,2
0.5724807,0.9988936,1,1,1,1,1,1,1,2
0.5780858,1,1,1,1,1,1,1,1,2
0.5840173,1,1,1,1,1,1,1,1,2
0.5902647,1,1,1,1,1,1,1,1,2
0.9317843,1,1,1,1,1,1,1,1,1
0.9047455,1,1,1,1,1,1,1,1,1
0.8762201,1,1,1,0.9935346,1,1,1,1,2
0.8464314,1,1,1,0.9844688,1,1,1,1,2
0.8155802,1,1,1,0.9756309,1,1,1,1,2
0.7838604,1,1,1,0.9670409,1,1,1,1,2
0.7862351,1,1,1,0.9587199,1,1,1,1,2
0.7920125,1,1,1,0.9503978,1,1,1,1,2
0.797811,1,1,1,0.9420397,0.9995286,1,1,1,2
0.803618,1,1,0.9108337,0.9336364,0.9919403,1,1,1,2
0.8092396,1,1,0.8985597,0.9250872,1,1,1,1,2
0.8148721,1,1,0.8892802,0.9164981,1,1,1,1,2
0.8204395,1,1,0.8800051,0.9078315,1,1,1,1,2
0.8259317,1,1,0.8707281,0.8990827,1,1,1,1,2
0.8313395,1,1,0.8614433,0.8902465,1,1,1,1,2
0.8366477,1,1,0.8521456,0.8813198,1,1,1,1,1
0.8418418,1,1,0.8428305,0.8722997,1,1,1,1,1
0.8469084,1,1,0.8334944,0.8631843,1,1,1,1,1
0.851842,1,1,0.8241338,0.8539729,1,1,1,1,1
0.8566312,1,1,0.8147465,0.8446652,1,1,1,1,1
0.8612725,1,1,0.8053303,0.8352615,1,1,1,1,1
0.8657567,1,1,0.7958838,0.8257635,1,1,1,1,1
0.8700823,1,1,0.7864062,0.8161728,1,1,1,1,1
0.8742422,1,1,0.7768969,0.8064922,1,1,1,1,1
0.8782297,1,1,0.767356,0.7967247,1,1,1,1,1
0.882047,1,1,0.7577841,0.786874,1,1,1,1,1
0.8856968,1,1,0.7481817,0.7769441,1,1,1,1,1
0.8891683,1,1,0.73855,0.7669393,1,1,1,1,1
0.892473,1,1,0.7288903,0.7568644,1,1,1,1,1
0.8956093,1,1,0.7192041,0.7467242,1,1,1,1,1
0.8985831,1,1,0.7094929,0.7365236,1,1,1,1,1
0.9013934,1,1,0.6997588,0.7262679,1,1,1,1,1
0.9040475,1,1,0.6900035,0.7159624,1,1,1,1,1
0.9065455,1,1,0.680229,0.705612,1,1,1,1,1
0.9088957,1,1,0.6704375,0.695222,0.7454284,1,1,1,0
0.9083866,1,1,0.6602581,0.6838137,0.7321822,1,1,1,0
0.9077625,1,1,0.6500952,0.6724332,0.7189843,1,1,1,0
0.9070376,1,1,0.6399518,0.6610883,0.7058483,1,1,1,0
0.9062384,1,1,0.6298303,0.6497858,0.692786,1,1,1,0
1,1,1,0.6197326,0.6385309,0.679807,1,1,1,0
1,1,1,0.609498,0.6267738,0.6658803,1,1,1,0
1,1,1,0.5993266,0.6151366,0.6521556,1,1,1,0
1,1,1,0.5892156,0.6036184,0.6386337,1,1,1,0
1,1,1,0.5791614,0.5922171,0.625313,1,1,1,0
1,1,1,0.5691599,0.5809298,0.6121906,1,1,1,0
1,1,1,0.5592065,0.5697523,0.5992619,1,1,1,0
1,1,1,0.5492963,0.5586803,0.5865214,1,1,1,0
1,1,1,0.5394241,0.5477082,0.5739623,1,1,1,0
1,1,1,0.5295847,0.5368305,0.5615774,1,1,1,0
1,1,1,0.5197728,0.5260414,0.5493588,1,1,1,0
1,1,1,0.5099834,0.5153348,0.5372984,1,1,1,0
1,1,1,0.5002114,0.5047045,0.5253874,1,1,1,0
1,1,1,0.490452,0.4941445,0.5136174,1,1,1,0
1,1,1,0.4807009,0.4836488,0.5019797,1,1,1,0
1,1,1,0.4709539,0.4732119,0.4904661,0.5517448,1,1,0
1,1,1,0.4615248,0.4623508,0.4777212,0.5345235,1,1,0
1,1,1,0.4521553,0.4516779,0.4653254,0.5180372,1,1,0
1,1,1,0.442823,0.4411665,0.4532425,0.5022171,1,1,0
1,1,1,1,0.4307913,0.4414377,0.4869977,1,1,0
1,1,1,1,0.4204844,0.4296097,0.4716137,1,1,0
0.8495749,1,1,1,0.4103051,0.4180326,0.4567609,1,1,0
0.8474857,1,1,1,0.4002513,0.4071333,0.4436674,1,1,0
1,1,1,1,0.3902321,0.3963326,0.430805,1,1,0
0.8421329,1,1,1,0.3802669,0.385223,0.4169728,1,1,0
1,1,1,1,0.3703151,0.3746538,0.4046727,1,1,0
1,1,1,1,0.3604532,0.363811,0.3914481,1,1,0
0.8344229,1,1,1,0.3506408,0.353115,0.3785681,1,1,0
1,1,1,1,0.3407327,0.3428206,0.3669871,1,1,0
1,1,1,1,0.3309682,0.3323064,0.3545526,1,1,0
1,1,1,1,0.3212253,0.3218975,0.3423846,1,1,0
1,1,1,1,0.3114952,0.3115792,0.3304548,1,1,0
1,1,1,1,0.3017704,0.3013388,0.3187374,0.4213928,1,0
1,1,1,1,0.2924431,0.2909562,0.3059926,0.3993203,1,0
0.8153229,1,1,1,0.2832254,0.280753,0.2935845,0.3783109,1,0
0.8123118,1,1,1,1,0.270739,0.2819276,0.3599741,1,0
0.8090623,1,1,1,1,0.2608236,0.2702233,0.3412673,1,0
0.8059953,1,1,1,1,0.2510309,0.2588348,0.3235809,1,0
0.8030745,1,1,1,1,0.2413386,0.2477246,0.306794,1,0
0.8002666,1,1,1,1,0.231727,0.2368587,0.2907997,1,0
0.7975361,1,1,1,1,0.2221791,0.2262068,0.2755034,1,0
0.7948574,1,1,1,1,0.2126801,0.2157418,0.2608216,1,0
0.7922027,1,1,1,1,0.2032179,0.2054397,0.2466807,1,0
0.7895541,1,1,1,1,0.193782,0.1952793,0.2330159,1,0
0.7868978,1,1,1,1,1,0.1852422,0.2197701,0.3509458,0
0.7844558,1,1,1,1,1,0.1750953,0.2055316,0.321752,0
0.7821517,1,1,1,1,1,0.1651457,0.1918314,0.29466,0
0.7799886,1,1,1,1,1,0.155383,0.1786372,0.2694548,0
0.7779638,1,1,1,1,1,0.1457976,0.1659192,0.24595,0
0.7760748,1,1,1,1,1,0.1363804,0.1536499,0.2239833,0
0.7743193,1,0.9991627,1,1,1,0.1271224,0.1418038,0.2034123,0
0.7727013,1,0.9785228,1,1,1,1,0.1303577,0.1841124,0
0.7712189,1,0.9893797,1,1,1,1,0.1192895,0.1659727,0
0.7698705,1,1,1,1,1,1,0.108579,0.1488957,0
0.7686607,1,1,1,1,1,1,0.09820726,0.1327942,0
0.7675883,1,1,1,1,1,1,0.08815675,0.1175907,0
0.7666525,1,1,1,1,1,1,0.09081029,0.1032159,0
0.7658586,1,1,1,1,1,1,0.1139114,0.08960743,0
0.7652063,1,1,1,1,1,1,0.1408779,0.07670935,0
0.7647015,1,1,1,1,1,1,0.1725878,0.07111987,0
0.7643448,1,1,0.9785368,1,1,1,0.2102388,0.08211791,0
0.7641361,1,1,0.9509009,1,1,1,0.2554664,0.09400667,0
0.7637345,1,1,0.9254338,1,1,1,0.3089086,0.1066986,0
0.7625464,1,1,0.9031922,1,1,1,1,0.1198947,0
0.7588307,1,1,0.8874389,1,1,1,1,0.1324633,0
0.7546539,1,1,0.8728324,1,1,1,1,0.1452378,0
0.750018,1,1,0.8592472,1,1,1,1,0.1581571,0
0.7449301,1,1,0.8465781,1,1,1,1,0.1711585,0
0.7394079,1,1,0.8347441,0.9885641,1,1,1,0.1841679,1
0.7333602,1,1,0.8238847,0.9745191,1,1,1,0.1970186,1
0.7267854,1,1,0.8139642,0.9620668,1,1,1,0.2096106,1
0.7197372,1,1,0.8048895,0.9510396,1,1,1,0.2218728,1
0.7122656,1,1,0.7965766,0.9412916,1,1,1,0.2337545,1
0.7044281,1,1,0.7889639,0.9327121,1,1,1,0.2452031,1
0.6962765,1,1,0.781993,0.9251998,1,1,1,0.2561869,1
0.6878617,1,1,0.7756149,0.9186713,1,1,1,0.2666831,1
0.6792332,1,1,0.7697886,0.9130558,1,1,1,0.2766775,2
0.6704392,1,1,0.7644788,0.9082944,1,1,1,0.286163,2
0.6615253,1,0.9919368,0.7596562,0.9043373,1,1,1,0.2951398,2
0.6575801,1,0.9599698,0.7554908,0.9014736,1,1,1,1,2
0.7084789,1,0.9016839,0.7609581,0.914927,1,1,1,1,2
0.7651693,1,0.8482189,0.7671953,0.9297892,1,1,1,1,2
0.8286307,1,0.7989712,0.774249,0.946187,1,1,1,1,2
0.9000793,1,0.7534321,0.7821802,0.9642764,1,1,1,1,2
0.9788517,1,0.7120697,0.7904248,1,1,1,1,1,2
0.9638655,1,0.6766405,0.7970164,1,1,1,1,1,2
0.9527615,1,0.6416897,0.8056429,1,1,1,1,1,2
0.9419777,1,0.6440778,0.8163109,1,1,1,1,1,2
0.9319118,1,0.64693,0.8278673,1,1,1,1,1,2
0.9225411,1,0.6502003,0.8403068,1,1,1,1,1,2
0.9138336,1,0.6538628,0.8536118,1,1,1,1,1,2
1,1,0.6579063,0.8677834,1,1,1,1,1,2
1,1,0.6601296,1,1,1,1,1,1,2
1,1,0.6607224,1,1,1,1,1,1,2
1,1,0.6614677,1,1,1,1,1,1,2
1,1,0.6623634,1,1,1,1,1,1,2
1,0.892989,0.6634079,1,1,1,1,1,1,2
1,0.8219711,0.6672987,1,1,1,1,1,1,2
1,0.7514837,0.6733112,1,1,1,1,1,1,2
1,0.683251,0.681626,1,1,1,1,1,1,2
1,0.6201029,0.6917254,1,1,1,1,1,1,2
1,0.5635055,0.7028752,1,1,1,1,1,1,2
1,0.5159632,0.7151655,1,1,1,1,1,1,2
1,0.5179634,0.7286883,1,1,1,1,1,1,2
1,0.5204564,0.7435471,1,1,1,1,1,1,2
1,0.5234649,1,1,1,1,1,1,1,2
1,0.5260588,1,1,1,1,1,1,1,2
1,0.5289885,1,1,1,1,1,1,1,2
1,0.5322525,1,1,1,1,1,1,1,2
1,0.5358416,1,1,1,1,1,1,1,2
1,0.5397539,1,1,1,1,1,1,1,2
0.8321253,0.543987,1,1,1,1,1,1,1,2
0.6637217,0.5504312,1,1,1,1,1,1,1,2
0.5337177,0.5575621,1,1,1,1,1,1,1,2
0.4630109,0.5654162,1,1,1,1,1,1,1,2
0.4647523,0.5740422,1,1,1,1,1,1,1,2
0.4669293,0.5834773,1,1,1,1,1,1,1,2
0.4695502,0.5937715,1,1,1,1,1,1,1,2
0.4726314,0.6049883,1,1,1,1,1,1,1,2
0.4761775,0.6171812,1,1,1,1,1,1,1,2
0.4802009,0.6304187,1,1,1,1,1,1,1,2
0.4847156,1,1,1,1,1,1,1,1,2
0.4896023,1,1,1,1,1,1,1,1,2
1,1,1,1,1,1,1,1,1,1
1,1,1,1,1,1,1,1,1,1
1,1,1,1,1,1,1,1,1,1
1,1,1,1,1,1,1,1,1,1
1,1,1,1,1,1,1,1,1,1
1,1,1,1,1,1,1,1,1,1
1,1,1,1,1,1,1,1,1,1
1,1,1,1,1,1,1,1,1,1
1,1,1,1,1,1,1,1,1,1
1,1,1,1,1,1,1,1,1,1
1,1,1,1,1,1,1,1,1,1
1,1,1,1,1,1,1,1,1,1
1,1,1,1,1,1,1,1,1,1
1,1,1,1,1,1,1,1,1,1
1,1,1,1,1,1,1,1,1,1
1,1,1,1,1,1,1,1,1,1
1,1,1,1,1,1,1,1,1,1
1,1,1,1,1,1,1,1,1,1
1,1,1,1,1,1,1,1,1,1
1,1,1,1,1,1,1,1,1,1
1,1,1,1,1,1,1,1,1,1
1,1,1,1,1,1,1,1,1,1
1,1,1,1,1,1,1,1,1,1
1,1,1,1,1,1,1,1,1,1
1,1,1,1,1,1,1,1,1,1
1,1,1,1,1,1,1,1,1,1
1,1,1,1,1,1,1,1,1,1
1,1,1,1,1,1,1,1,1,1
1,1,1,1,1,1,1,1,1,1
1,1,1,1,1,1,1,1,1,1
1,1,1,1,1,1,1,1,1,1
1,1,1,1,1,1,1,1,1,1
1,1,1,1,1,1,1,1,1,1
1,1,1,1,1,1,1,1,1,1
1,1,1,1,1,1,1,1,1,1
1,1,1,1,1,1,1,1,1,1
1,1,1,1,1,1,1,1,1,1
1,1,1,1,1,1,1,1,1,1
1,1,1,1,1,1,1,1,1,1
1,1,1,1,1,1,1,1,1,1
1,1,1,1,1,1,1,1,1,1
1,1,1,1,1,1,1,1,1,1
1,1,1,1,1,1,1,1,1,1
1,1,1,1,1,1,1,1,1,1
1,1,1,1,1,1,1,1,1,1
1,1,1,1,1,1,1,1,1,1
1,1,1,1,1,1,1,1,1,1
1,1,1,1,1,1,1,1,1,1
1,1,1,1,1,1,1,1,1,1
1,1,1,1,1,1,1,1,1,1
1,1,1,1,1,1,1,1,1,1
1,1,1,1,1,1,1,1,1,1
1,1,1,1,1,1,1,1,1,1
1,1,1,1,1,1,1,1,1,1
1,1,1,1,1,1,1,1,1,1
1,1,1,1,1,1,1,1,1,1
1,1,1,1,1,1,1,1,1,1
1,1,1,1,1,1,1,1,1,1
1,1,1,1,1,1,1,1,1,1
1,1,1,1,1,1,1,1,1,1
1,1,1,1,1,1,1,1,1,1
1,1,1,1,1,1,1,1,1,1
1,1,1,1,1,1,1,1,1,1
1,1,1,1,1,1,1,1,1,1
1,1,1,1,1,1,1,1,1,1
1,1,1,1,1,1,1,1,1,1
1,1,1,1,1,1,1,1,1,1
1,1,1,1,1,1,1,1,1,1
1,1,1,1,1,1,1,1,1,1
1,1,1,1,1,1,1,1,1,1
1,1,1,1,1,1,1,1,1,1
1,1,1,1,1,1,1,1,1,1
1,1,1,1,1,1,1,1,1,1
1,1,1,1,1,1,1,0.9921771,1,1
1,1,1,1,1,1,1,0.976328,1,1
1,1,1,1,1,1,1,0.9599077,1,1
1,1,1,1,1,1,1,0.9429288,1,1
1,1,1,1,1,1,1,0.9254091,1,1
1,1,1,1,1,1,1,0.9073731,1,1
1,1,1,1,1,1,1,0.8888499,1,1
1,1,1,1,1,1,1,0.8698741,1,1
1,1,1,1,1,1,1,0.8504855,1,0
1,1,1,1,1,1,1,0.8398803,1,0
1,1,1,1,1,1,1,0.8439807,1,0
1,1,1,1,1,1,1,0.8480905,1,0
1,1,1,1,1,1,1,0.8522074,1,0
1,1,1,1,1,1,1,0.8563212,1,0
1,1,1,1,1,1,1,0.8604382,1,0
1,1,1,1,1,1,1,0.8645479,1,1
1,1,1,1,1,1,1,0.8686402,1,1
1,1,1,1,1,1,1,0.8727223,1,1
1,1,1,1,1,1,1,0.8767837,1,1
1,1,1,1,1,1,1,0.8808315,1,1
1,1,1,1,1,1,1,0.8848473,1,1
1,1,1,1,1,1,1,0.8888384,1,1
1,1,1,1,1,1,1,0.8928037,1,1
1,1,1,1,1,1,1,0.8967332,1,1
1,1,1,1,1,1,1,0.9006264,1,1
1,1,1,1,1,1,1,0.9044821,1,1
1,1,1,1,1,1,1,0.9082912,1,1
1,1,1,1,1,1,1,0.9120615,1,1
1,1,1,1,1,1,1,0.915784,1,1
1,1,1,1,1,1,1,0.9194583,0.9944385,1
1,1,1,1,1,1,1,0.92329,0.9593955,1
1,1,1,1,1,1,1,0.9283993,0.9218006,0
1,1,1,1,1,1,1,0.9349161,0.8819863,0
1,1,1,1,1,1,1,0.9429563,0.8403751,0
1,1,1,1,1,1,1,0.9526547,0.7974656,0
1,1,1,1,1,1,1,0.9641372,0.7537997,0
1,1,1,1,1,1,1,0.9775292,0.7099274,0
1,1,1,1,1,1,1,1,0.7149015,0
1,1,1,1,1,1,1,1,0.720202,0
1,1,1,1,1,1,1,1,0.7256696,0
1,1,1,1,1,1,1,1,0.731299,0
1,1,1,1,1,1,1,1,0.7370775,0
1,1,1,1,1,1,1,1,0.7429999,0
1,1,1,1,1,1,1,1,0.7490597,0
1,1,1,1,1,1,1,1,0.7552443,0
1,1,1,1,1,1,1,1,0.7615407,0
1,1,1,1,1,1,1,1,0.7679425,0
1,1,1,1,1,1,1,1,0.7744437,0
1,1,1,1,1,1,1,1,0.781031,0
1,1,1,1,1,1,1,1,0.7876908,0
1,1,1,1,1,1,1,1,0.7944171,0
1,1,1,1,1,1,1,1,0.8012036,0
1,1,1,1,1,1,1,1,0.8080369,0
1,1,1,1,1,1,1,1,0.8149109,0
1,1,1,1,1,1,1,1,0.8218123,0
1,1,1,1,1,1,1,1,0.8287354,0
1,1,1,1,1,1,1,1,0.8356741,0
1,1,1,1,1,1,1,1,0.8426155,0
1,1,1,1,1,1,1,1,0.8495469,0
1,1,1,1,1,1,1,1,0.8564628,0
1,1,1,1,1,1,1,1,0.8633584,0
1,1,1,1,1,1,1,1,1,1
1,1,1,1,1,1,1,1,1,1
1,1,1,1,1,1,1,1,1,1
1,1,1,1,1,1,1,1,1,1
1,1,1,1,1,1,1,1,1,1
1,1,1,1,1,1,1,1,1,1
1,1,1,1,1,1,1,1,1,1
1,1,1,1,1,1,1,1,1,1
1,1,1,1,1,1,1,1,1,1
1,1,1,1,1,1,1,1,1,1
1,1,1,1,1,1,1,1,1,1
1,1,1,1,1,1,1,1,1,1
1,1,1,1,1,1,1,1,1,1
1,1,1,1,1,1,1,1,1,1
1,1,1,1,1,1,1,1,1,1
1,1,1,1,1,1,1,1,1,1
1,1,1,1,1,1,1,1,1,1
1,1,1,1,1,1,1,1,1,1
1,1,1,1,1,1,1,1,1,1
1,1,1,1,1,1,1,1,1,1
1,1,1,1,1,1,1,1,1,1
1,1,1,1,1,1,1,1,1,1
1,1,1,1,1,1,1,1,1,1
1,1,1,1,1,1,1,1,1,1
1,1,1,1,1,1,1,1,1,1
1,1,1,1,1,1,1,1,1,1
0.9023522,1,1,1,1,1,1,1,1,1
0.8987495,1,1,1,1,1,1,1,1,2
0.895197,1,1,1,1,1,1,1,1,2
0.8916906,1,1,1,1,1,1,1,1,2
0.8882378,1,1,1,1,1,1,1,1,2
0.8848466,1,1,1,1,1,1,1,1,2
0.8815128,1,1,1,1,1,1,1,1,2
0.878244,1,1,1,1,1,1,1,1,2
0.8750421,1,1,1,1,1,1,1,1,2
0.8719087,1,1,1,1,1,1,1,1,2
0.8688455,1,1,1,1,1,1,1,1,2
1,1,1,1,1,1,1,1,1,1
1,1,1,1,1,1,1,1,1,1
1,1,1,1,1,1,1,1,1,1
1,1,1,1,1,1,1,1,1,1
1,1,1,1,1,1,1,1,1,1
1,1,1,1,1,1,1,1,1,1
1,1,1,1,1,1,1,1,1,1
1,1,1,1,1,1,1,1,1,1
1,1,1,1,1,1,1,1,1,1
1,1,1,1,1,1,1,1,1,1
1,1,1,1,1,1,1,1,1,1
1,1,1,1,1,1,1,1,1,1
1,1,1,1,1,1,1,1,1,1
1,1,1,1,1,1,1,1,1,1
1,1,1,1,1,1,1,1,1,1
1,1,1,1,1,1,1,1,1,1
1,1,1,1,1,1,1,1,1,1
1,1,1,1,1,1,1,1,1,1
1,1,1,1,1,1,1,1,1,1
1,1,1,1,1,1,1,1,1,1
1,1,1,1,1,1,1,1,1,1
1,1,1,1,1,1,1,1,1,1
1,1,1,1,1,1,1,1,1,1
1,1,1,1,1,1,1,1,1,1
1,1,1,1,1,1,1,1,1,1
1,1,1,1,1,1,1,1,1,1
1,1,1,1,1,1,1,1,1,1
1,1,1,1,1,1,1,1,1,1
1,1,1,1,1,1,1,1,1,1
1,1,1,1,1,1,1,1,1,1
1,1,1,1,1,1,1,1,1,1
1,1,1,1,1,1,1,1,1,1
1,1,1,1,1,1,1,1,1,1
1,1,1,1,1,1,1,1,1,1
1,1,1,1,1,1,1,1,1,1
1,1,1,1,1,1,1,1,1,1
1,1,1,1,1,1,1,1,1,1
1,1,1,1,1,1,1,1,1,1
1,1,1,1,1,1,1,1,1,1
1,1,1,1,1,1,1,1,1,1
1,1,1,1,1,1,1,1,1,1
1,1,1,1,1,1,1,1,1,1
1,1,1,1,1,1,1,1,1,1
1,1,1,1,1,1,1,1,1,1
1,1,1,1,1,1,1,1,1,1
1,1,1,1,1,1,1,1,1,1
1,1,1,1,1,1,1,1,1,1
1,1,1,1,1,1,1,1,1,1
1,1,1,1,1,1,1,1,1,1
1,1,1,1,1,1,1,1,1,1
1,1,1,1,1,1,1,1,1,1
1,1,1,1,1,1,1,1,1,1
1,1,1,1,1,1,1,1,1,1
1,1,1,1,1,1,1,1,1,1
1,1,1,1,1,1,1,1,1,1
1,1,1,1,1,1,1,1,1,1
1,1,1,1,1,1,1,1,1,1
1,1,1,1,1,1,1,1,1,1
1,1,1,1,1,1,1,1,1,1
1,1,1,1,1,1,1,1,1,1
1,1,1,1,1,1,1,1,1,1
1,1,1,1,1,1,1,1,1,1
1,1,1,1,1,1,1,1,1,1
1,1,1,1,1,1,1,1,1,1
1,1,1,1,1,1,1,1,1,1
1,1,1,1,1,1,1,1,1,1
1,1,0.801274,1,1,1,1,1,1,2
1,1,0.7846261,1,1,1,1,1,1,2
1,1,0.7678579,1,1,1,1,1,1,2
1,1,0.7509967,1,1,1,1,1,1,2
1,1,0.7340697,1,1,1,1,1,1,2
1,1,0.7171046,1,1,1,1,1,1,2
1,1,0.7001274,1,1,1,1,1,1,2
1,1,0.6831652,1,1,1,1,1,1,2
1,1,0.6662428,1,1,1,1,1,1,2
1,1,0.6493839,1,1,1,1,1,1,2
1,1,0.6326116,1,1,1,1,1,1,2
1,1,0.6215991,1,1,1,1,1,1,2
1,1,0.6263264,1,1,1,1,1,1,2
1,1,0.6311723,1,1,1,1,1,1,2
1,1,0.6361457,1,1,1,1,1,1,2
1,1,0.6412341,1,1,1,1,1,1,2
1,1,0.6464355,1,1,1,1,1,1,2
1,1,0.6517372,1,1,1,1,1,1,2
1,1,0.6571485,1,1,1,1,1,1,2
1,1,1,1,1,1,1,1,1,1
1,1,1,1,1,1,1,1,1,1
1,1,1,1,1,1,1,1,1,1
1,1,1,1,1,1,1,1,1,1
1,1,1,1,1,1,1,1,1,1
1,1,1,1,1,1,1,1,1,1
1,1,1,1,1,1,1,1,1,1
1,1,1,1,1,1,1,1,1,1
1,1,1,1,1,1,1,1,1,1
1,1,1,1,1,1,1,1,1,1
1,1,1,1,1,1,1,1,1,1
1,1,1,1,1,1,1,1,1,1
1,0.5547301,1,1,1,1,1,1,1,2
1,0.5230429,1,1,1,1,1,1,1,2
1,0.4922527,1,1,1,1,1,1,1,2
1,0.4624732,1,1,1,1,1,1,1,2
1,0.4337876,1,1,1,1,1,1,1,2
1,0.4250248,0.9974616,1,1,1,1,1,1,2
1,0.431031,0.9764506,1,1,1,1,1,1,2
1,0.4375978,0.9562352,1,1,1,1,1,1,2
1,0.4447295,0.9367986,1,1,1,1,1,1,2
1,0.4524286,0.9449873,1,1,1,1,1,1,2
1,0.460499,0.9562186,1,1,1,1,1,1,2
1,1,1,1,1,1,1,1,1,1
1,1,1,1,1,1,1,1,1,1
1,1,1,1,1,1,1,1,1,1
0.4883134,1,1,1,1,1,1,1,1,2
0.4311546,1,1,1,1,1,1,1,1,2
0.3797098,1,1,1,1,1,1,1,1,2
0.3720331,1,1,1,1,1,1,1,1,2
0.3769006,1,1,1,1,1,1,1,1,2
0.3822522,0.9760497,1,1,1,1,1,1,1,2
0.388107,0.9464642,1,1,1,1,1,1,1,2
0.3944863,0.9183345,1,1,1,1,1,1,1,2
0.4014065,0.891565,1,1,1,1,1,1,1,2
1,0.8660688,1,1,1,1,1,1,1,1
1,0.8521689,1,1,1,1,1,1,1,1
1,0.8381626,1,1,1,1,1,1,1,1
1,0.8240652,1,0.9966202,1,1,1,1,1,2
1,0.8098993,1,0.9873067,1,1,1,1,1,2
1,0.7956933,1,0.9780413,1,1,1,1,1,2
1,0.7814638,1,0.9688269,1,1,1,1,1,2
1,0.7672268,1,0.9596656,0.9930165,1,1,1,1,2
1,0.757623,1,0.9505512,0.9845136,1,1,1,1,2
1,0.7684914,1,0.9414698,0.9760351,1,1,1,1,2
1,0.7546801,1,0.9323653,0.9674374,1,1,1,1,2
1,0.7596831,1,0.9232987,0.9588842,1,1,1,1,2
1,0.7706531,1,0.9142172,0.9502439,1,1,1,1,1
1,0.7813008,1,0.9050991,0.9414716,1,1,1,1,1
1,0.7915801,1,0.8959404,0.932566,1,1,1,1,1
1,0.8014716,1,0.8867378,0.9235274,1,1,1,1,1
1,0.8109585,1,0.8774889,0.9143565,1,1,1,1,1
0.9837066,0.8200038,0.8647414,0.8681921,0.9050557,1,1,1,1,1
0.9619126,0.8302794,0.8548906,0.8590082,0.8959994,1,1,1,1,1
0.9398776,0.8411942,0.8450349,0.8498791,0.887046,1,1,1,1,1
0.9176701,0.8527644,0.8351811,0.8408049,0.8781907,1,1,1,1,1
0.8953598,0.8650025,0.8253356,0.831785,0.8694279,1,1,1,1,2
0.8730148,0.8778926,0.8155051,0.8228179,0.860751,1,1,1,1,2
0.8507005,0.8914386,0.8056958,0.8139021,0.8521528,1,1,1,1,2
0.8284786,0.9056409,0.7959133,0.8050353,0.8436252,1,1,1,1,2
0.8064077,0.9204694,0.7861632,0.7962147,1,1,1,1,1,2
0.7819394,0.9399487,0.7763158,0.7877985,1,1,1,1,1,2
0.7578462,0.960529,0.7665397,0.7794631,1,1,1,1,1,2
0.7341889,1,0.7568406,0.7712036,1,1,1,1,1,2
0.7113491,1,0.7472353,0.7629547,1,1,1,1,1,2
0.6885968,1,0.7376951,0.7548404,1,1,1,1,1,2
0.6660155,1,0.7282315,0.746863,1,1,1,1,1,2
0.643681,1,0.7188553,0.7390231,1,1,1,1,1,2
0.6488357,1,0.7095755,0.7313205,1,1,1,1,1,2
0.6393744,1,0.7004013,0.7235831,1,1,1,1,1,2
0.6471351,1,0.691321,0.715894,1,1,1,1,1,2
0.657324,1,0.6823256,0.708137,1,1,1,1,1,2
0.6673881,1,0.6733994,0.7002872,1,1,1,1,1,2
0.6773019,1,0.6645285,0.6923377,1,1,1,1,1,2
0.687041,1,0.6557007,0.6842833,1,1,1,1,1,2
0.6965837,1,0.6469054,0.6761206,1,1,1,1,1,2
0.7059186,1,0.6381334,0.6678477,1,1,1,1,1,2
0.7150195,1,0.629377,0.6594641,1,1,1,1,1,1
0.7238714,1,0.6206298,0.6509709,1,1,1,1,1,1
0.7324694,1,0.6118866,0.64237,1,1,1,1,1,1
0.7408027,1,0.6031426,0.633664,1,1,1,1,1,1
0.7488624,1,0.5943946,0.6248568,1,1,1,1,1,1
0.75665,1,0.5856397,1,1,1,1,1,1,2
0.7679094,0.6180316,0.5770823,1,1,1,1,1,1,2
0.7835072,0.6059623,0.5688209,1,1,1,1,1,1,2
0.7990831,0.5943061,0.5606383,1,1,1,1,1,1,2
0.814598,0.5830226,0.5525172,1,1,1,1,1,1,2
0.8299977,0.5720749,0.5444421,1,1,1,1,1,1,2
0.8452396,0.5614295,0.5363997,1,1,1,1,1,1,2
1,0.5510556,0.5283783,1,1,1,1,1,1,1
1,0.5415872,0.5200778,1,1,1,1,1,1,1
1,0.532172,0.5117906,1,1,1,1,1,1,1
1,0.522809,0.5035161,1,1,1,1,1,1,1
1,0.5134974,0.4952531,1,1,1,1,1,1,1
1,0.5042361,0.4870011,1,1,1,1,1,1,1
1,0.4950241,0.4787592,1,0.9903232,1,1,1,1,1
1,0.4858914,0.4705103,1,0.9821339,1,1,1,1,1
1,0.4768271,0.4622555,1,0.97378,1,1,1,1,1
1,0.4678264,0.4539931,1,0.9652615,1,1,1,1,1
1,0.4588847,0.445722,1,0.9565792,1,1,1,1,1
1,0.4499977,0.4374413,1,0.9477352,1,1,1,1,1
1,0.441161,0.42915,1,0.9387323,1,1,1,1,1
1,0.4323702,0.4208476,1,0.9295732,1,1,1,1,1
1,0.4236213,0.4125331,1,0.9202625,1,1,1,1,1
1,0.4149103,0.4042067,1,0.910805,1,1,1,1,1
0.5165527,0.4062332,0.3958676,1,0.9012058,1,1,1,1,2
0.4998578,0.3962132,1,1,0.8997337,1,1,1,1,2
0.4822064,0.3860596,1,1,0.9011089,1,1,1,1,2
0.4653963,0.3762365,1,1,0.9028153,1,1,1,1,2
0.4493863,0.3667316,1,0.9834875,0.904823,1,1,1,1,2
0.4342337,0.3575518,1,0.9406782,0.9068615,1,1,1,1,2
0.42003,0.3487036,1,0.9022232,0.9084529,1,1,1,1,2
0.4066612,0.3401457,1,0.8674658,0.9095405,1,1,1,1,2
0.3940284,0.3318414,1,0.835838,0.9100761,1,1,1,1,2
0.3820446,0.3237583,1,0.8068969,0.910019,1,1,1,1,2
0.3706341,0.315868,1,0.7941135,0.9093364,1,1,1,1,2
0.3596632,0.3081357,1,0.7908338,0.9082734,1,1,1,1,2
0.3490511,0.3005407,1,0.7874335,0.9069805,1,1,1,1,2
0.3387732,0.2930724,1,0.7838935,0.9054281,1,1,1,1,2
0.3288058,0.2857207,1,0.7801952,0.9035875,1,1,1,1,2
0.3191271,0.3802146,1,0.7763215,0.9014316,1,1,1,1,2
0.3097715,0.5212816,1,0.7720633,0.8986165,1,1,1,1,2
0.3007189,1,1,0.7673589,0.895041,1,1,1,1,2
0.2920629,1,0.9926255,0.7617108,0.8898818,1,1,1,1,2
0.2835662,1,0.9613603,0.7558407,0.8843373,1,1,1,1,1
0.275269,1,0.932627,0.7495208,0.8780302,1,1,1,1,1
0.2671476,1,0.9061654,0.7427535,0.8709663,1,1,1,1,1
0.2591798,1,0.8817247,0.7355453,0.8631579,1,1,1,1,1
0.251345,1,0.8591197,0.7279064,0.8546243,1,1,1,1,1
0.2436237,1,0.8381602,0.7198502,0.8453905,1,1,1,1,1
0.2359978,1,0.8186949,0.7113939,0.8354881,1,1,1,1,1
0.2395987,1,0.8005749,0.7025579,0.8249542,1,1,1,1,1
0.2548148,1,0.7841083,0.6932487,0.8136371,1,1,1,1,1
0.269358,1,0.7695796,0.6833816,0.8014011,1,1,1,1,1
0.2831707,1,0.7568212,0.6730104,0.7883427,1,1,1,1,0
0.2962138,1,0.7456938,0.6621915,0.7745615,1,1,1,1,0
0.3084655,1,0.7360798,0.650983,0.7601607,1,1,1,1,0
0.3199202,1,0.7278808,0.6394431,0.7452424,1,1,1,1,0
0.3305871,1,0.7210126,0.6276296,0.7299073,1,1,1,1,0
0.3404876,1,0.7154041,0.615598,0.7142518,1,1,1,1,0
0.3496654,1,0.7109774,0.6034014,0.6983668,0.859812,1,1,1,0
0.3552176,1,0.7176265,0.5891248,0.6791137,0.8313655,1,1,1,0
0.3597749,1,0.7276255,0.5746967,0.659689,0.8028102,1,1,1,0
0.3634721,1,0.7412411,0.5602213,0.6402645,0.7744471,1,1,1,0
0.3664567,1,0.7587888,0.5457917,0.6209906,0.7465305,1,1,1,0
0.3688684,1,0.7806686,0.5314873,0.6019937,0.7192649,0.9522872,1,1,0
0.3698746,1,0.813187,0.5168298,0.5824882,0.6913195,0.9538097,1,1,0
0.3707017,1,0.8520077,0.5025257,0.5636271,0.6646335,0.955887,1,1,0
0.3714434,1,0.8981179,0.4886011,0.5454445,0.6392356,0.9584516,1,1,0
0.3721877,1,1,0.4750651,0.5279492,0.6151133,0.9614198,1,1,0
0.3731585,1,1,0.461998,0.5112678,0.5924512,0.9645035,1,1,0
0.3739802,1,1,0.449181,0.4950357,0.5706265,0.9681329,1,1,0
0.3747182,1,1,0.4366245,0.4792673,0.5496495,0.9722483,1,1,0
0.3754234,1,1,0.4292115,0.4639638,0.5295099,0.7226676,1,1,0
0.3745983,1,1,0.4383478,0.448065,0.5084668,0.6849356,1,1,0
0.3737202,1,1,0.4492799,0.4326317,0.488254,0.6495715,1,1,0
0.3727862,1,1,0.462366,0.4176337,0.4688111,0.61634,1,1,0
0.3717934,1,1,0.478064,0.4030433,0.4500834,0.5850367,1,1,0
0.370755,1,1,0.4969262,0.3888344,0.4320207,0.5554816,1,1,0
0.3696672,1,1,0.5197318,0.3749829,0.4145769,0.5275159,1,1,0
0.3685262,1,1,0.5475358,0.3614665,0.3977104,0.5010002,0.9517177,1,0
0.3673434,1,1,0.5817446,0.3482638,0.3813823,0.4758095,0.8579924,1,0
0.3661145,1,1,0.6244301,0.3356887,0.3655569,0.4518334,0.8238277,1,0
0.3648424,1,1,0.6786231,0.3449072,0.3502017,0.4289729,0.8262762,1,0
0.3635299,1,1,0.7490047,0.3560162,0.335286,0.4071386,0.8293371,1,0
0.3621717,1,1,1,0.369412,0.3207816,0.3862512,0.8330327,1,0
0.3607704,1,1,1,0.3855854,0.3066627,0.3662383,0.837381,1,0
0.3593276,1,1,1,0.4051833,0.2929045,0.3470345,0.8424023,1,0
0.3581207,1,1,1,0.4267752,0.2796524,0.3289361,0.584355,1,0
0.3565994,1,1,1,0.455709,0.2665362,0.3111495,0.5389214,1,0
0.355034,1,1,1,0.4917139,0.2696361,0.2940122,0.4971934,1,0
0.3534254,1,1,1,0.5372046,0.2794887,0.2774792,0.4587177,1,0
0.3517812,1,1,1,0.595806,0.2912506,0.2615094,0.4231129,1,0
0.350095,1,1,1,0.6733804,0.3053134,0.2460648,0.3900537,1,0
0.3483673,1,1,1,1,0.3221597,0.2311107,0.3592623,0.9463938,0
0.3465982,1,1,1,1,0.3424206,0.2166146,0.3304996,0.76366,0
0.3447811,1,1,1,1,0.366961,0.2025473,0.3035595,0.7631085,0
0.3429224,1,1,1,1,0.3969061,0.1925653,0.2782616,0.7656659,0
0.3410215,1,1,1,1,0.4338575,0.1996012,0.2544491,0.768796,0
0.3390779,1,1,1,1,0.4801237,0.2078043,0.2319846,0.7725092,0
0.3370844,1,1,1,1,0.5391933,0.2173537,0.2107463,0.5164788,0
0.3350462,1,1,1,1,1,0.228435,0.1906269,0.4446705,0
0.3329623,1,1,1,1,1,0.2412905,0.1715313,0.3825532,0
0.3308252,1,1,1,1,1,0.2562352,0.1533742,0.3282808,0
0.3286394,1,1,1,1,1,0.2736247,0.1360796,0.2804484,0
0.3264032,1,1,1,1,1,0.2939256,0.1363817,0.237968,0
0.3241147,1,1,1,1,1,0.3177334,0.1414027,0.1999834,0
0.3217719,1,1,1,1,1,0.3458192,0.1470366,0.1658122,0
0.3193724,1,1,1,1,1,0.3792009,0.153334,0.1349031,0
0.3169137,1,1,1,1,1,0.419248,0.1603523,0.1121236,0
0.3143992,1,1,1,1,1,0.4678212,0.1681463,0.1157083,0
0.3118198,1,1,1,1,1,1,0.1767994,0.119659,0
0.3091786,1,1,1,1,1,1,0.1863851,0.1239855,0
0.3064721,1,1,1,1,1,1,0.196999,0.1287065,0
0.3036968,1,1,1,1,1,1,0.2087507,0.1338423,0
0.3008439,1,1,1,1,1,1,0.2212464,0.1392696,0
0.2978893,1,1,1,1,1,1,0.2344038,0.1449589,0
0.2948322,1,1,1,1,1,1,0.2481506,0.1508722,0
0.2916573,1,1,1,1,1,1,0.2624405,0.1569923,0
0.2883649,1,1,1,1,1,1,0.2771924,0.1632856,0
0.2849522,1,1,1,1,1,1,0.2923292,0.1697253,0
0.2814131,1,1,1,1,1,1,0.3077791,0.1762916,0
0.2777565,1,1,1,1,1,1,0.3234372,0.1829486,0
0.273981,1,1,1,1,1,1,0.3392209,0.189676,0
0.2700935,1,1,1,1,1,1,0.3550308,0.1964455,0
0.2660963,1,1,1,1,1,1,0.3707802,0.2032371,0
0.2762262,1,1,1,1,1,1,0.3863687,0.2100233,0
0.3150044,1,1,1,1,1,1,1,0.2169036,1
0.3687612,1,1,1,1,1,1,1,0.2220128,1
0.4197846,1,1,1,1,1,1,1,0.2274893,1
0.4666598,1,1,1,1,1,1,1,0.2333523,1
0.5085363,1,1,1,1,1,1,1,0.2396047,1
0.5451466,1,1,1,1,1,1,1,0.246251,0
0.5766959,1,1,1,1,1,1,1,0.2532769,0
0.6036876,1,1,1,1,1,1,1,0.2606756,0
0.6267627,1,1,1,1,1,1,1,0.2684342,0
1,1,1,1,1,1,1,1,0.276542,0
0.6280019,1,1,1,1,1,1,1,0.2886875,0
1,1,1,1,1,1,1,1,0.2972549,0
0.6308602,1,1,1,1,1,1,1,0.3106664,0
1,1,1,1,1,1,1,1,1,1
1,1,1,1,1,1,1,1,1,1
1,1,1,1,1,1,1,1,1,1
1,1,1,1,1,1,1,1,1,1
1,1,1,1,1,1,1,1,1,1
1,1,1,1,1,1,1,1,1,1
1,1,1,1,1,1,1,1,1,1
1,1,1,1,1,1,1,1,1,1
1,1,1,1,1,1,1,1,1,1
1,1,1,1,1,1,1,1,1,1
1,1,1,1,1,1,1,1,1,1
1,1,1,1,1,1,1,1,1,1
1,1,1,1,1,1,1,1,1,1
1,1,1,1,1,1,1,1,1,1
1,1,1,1,1,1,1,1,1,1
1,1,1,1,1,1,1,1,1,1
1,1,1,1,1,1,1,1,1,1
1,1,1,1,1,1,1,1,1,1
1,1,1,1,1,1,1,1,1,1
1,1,1,1,1,1,1,1,1,1
1,1,1,1,1,1,1,1,1,1
1,1,1,1,1,1,1,1,1,1
1,1,1,1,1,1,1,1,1,1
1,1,1,1,1,1,1,1,1,1
1,1,1,1,1,1,1,1,1,1
1,1,1,1,1,1,1,1,1,1
1,1,1,1,1,1,1,1,1,1
1,1,1,1,1,1,1,1,1,1
1,1,1,1,1,1,1,1,1,1
1,1,1,1,1,1,1,1,1,1
1,1,1,1,1,1,1,1,1,1
1,1,1,1,1,1,1,1,1,1
1,1,1,1,1,1,1,1,1,1
1,1,1,1,1,1,1,1,1,1
1,1,1,1,1,1,1,1,1,1
1,1,1,1,1,1,1,1,1,1
1,1,1,1,1,1,1,1,1,1
1,1,1,1,1,1,1,1,1,1
1,1,1,1,1,1,1,1,1,1
1,1,1,1,1,1,1,1,1,1
1,1,1,1,1,1,1,1,1,1
1,1,1,1,1,1,1,1,1,1
1,1,1,1,1,1,1,1,1,1
1,1,1,1,1,1,1,1,1,1
1,1,1,1,1,1,1,1,1,1
1,1,1,1,1,1,1,1,1,1
1,1,1,1,1,1,1,1,1,1
1,1,1,1,1,1,1,1,1,1
1,1,1,1,1,1,1,1,1,1
1,1,1,1,1,1,1,1,1,1
1,1,1,1,1,1,1,1,1,1
1,1,1,1,1,1,1,1,1,1
1,1,1,1,1,1,1,1,1,1
1,1,1,1,1,1,1,1,1,1
1,1,1,1,1,1,1,1,1,1
1,1,1,1,1,1,1,1,1,1
1,1,1,1,1,1,1,1,1,1
1,1,1,1,1,1,1,1,1,1
1,1,1,1,1,1,1,1,1,1
1,1,1,1,1,1,1,1,1,1
1,1,1,1,1,1,1,1,1,1
1,1,1,1,1,1,1,1,1,1
1,1,1,1,1,1,1,1,1,1
1,1,1,1,1,1,1,1,1,1
1,1,1,1,1,1,1,1,1,1
1,1,1,1,1,1,1,1,1,1
1,1,1,1,1,1,1,1,1,1
1,1,1,1,1,1,1,1,1,1
1,1,1,1,1,1,1,1,1,1
1,1,1,1,1,1,1,1,1,1
1,1,1,1,1,1,1,1,1,1
1,1,1,1,1,1,1,1,1,1
1,1,1,1,1,1,1,1,1,1
1,1,1,1,1,1,1,1,1,1
1,1,1,1,1,1,1,1,1,1
1,1,1,1,1,1,1,0.9893196,1,1
1,1,1,1,1,1,1,0.9733651,1,1
1,1,1,1,1,1,1,0.9568411,1,1
1,1,1,1,1,1,1,0.9397615,0.9940661,1
1,1,1,1,1,1,1,0.9218842,0.9482046,0
1,1,1,1,1,1,1,0.9015411,0.8952045,0
1,1,1,1,1,1,1,0.8786143,0.835756,0
1,1,1,1,1,1,1,0.8834592,0.8230221,0
1,1,1,1,1,1,1,0.8925287,0.8261067,0
1,1,1,1,1,1,1,0.901636,0.8292938,0
1,1,1,1,1,1,1,0.910753,0.8325659,0
1,1,1,1,1,1,1,0.9198521,0.8359061,0
1,1,1,1,1,1,1,0.9289149,0.839305,0
1,1,1,1,1,1,1,0.9379156,0.8427471,0
1,1,1,1,1,1,1,0.9468292,0.846218,0
1,1,1,1,1,1,1,0.9556314,0.8497035,0
1,1,1,1,1,1,1,0.9643084,0.8531972,0
1,1,1,1,1,1,1,0.972839,0.8566866,0
1,1,1,1,1,1,1,0.981202,0.8601598,0
1,1,1,1,1,1,1,0.9893881,1,1
1,1,1,1,1,1,1,0.9915826,1,1
1,1,1,1,1,1,1,0.9937115,1,1
1,1,1,1,1,1,1,0.9957759,1,1
1,1,1,1,1,1,1,0.9977779,1,1
1,1,1,1,1,1,1,0.9997277,1,1
1,1,1,1,1,1,1,1,1,1
1,1,1,1,1,1,1,1,0.992861,1
1,1,1,1,1,1,1,1,0.966089,1
1,1,1,1,1,1,1,1,0.9369928,1
1,1,1,1,1,1,1,1,0.9056288,1
1,1,1,1,1,1,1,1,0.8721231,0
1,1,1,1,1,1,1,1,0.8366804,0
1,1,1,1,1,1,1,1,0.7995807,0
1,1,1,1,1,1,1,1,0.7611691,0
1,1,1,1,1,1,1,1,0.7592027,0
1,1,1,1,1,1,1,1,0.764298,0
1,1,1,1,1,1,1,1,0.7695183,0
1,1,1,1,1,1,1,1,0.7748516,0
1,1,1,1,1,1,1,1,0.7802929,0
1,1,1,1,1,1,1,1,0.7858303,0
1,1,1,1,1,1,1,1,0.7914584,0
1,1,1,1,1,1,1,1,0.7971655,0
1,1,1,1,1,1,1,1,0.8029459,0
1,1,1,1,1,1,1,1,0.8087947,0
1,1,1,1,1,1,1,1,0.8146998,0
1,1,1,1,1,1,1,1,0.8206562,0
1,1,1,1,1,1,1,1,0.8266514,0
1,1,1,1,1,1,1,1,0.8326806,0
1,1,1,1,1,1,1,1,0.8387391,0
1,1,1,1,1,1,1,1,0.8448147,0
1,1,1,1,1,1,1,1,0.8508959,0
1,1,1,1,1,1,1,1,0.8569849,0
1,1,1,1,1,1,1,1,0.8630706,0
1,1,1,1,1,1,1,1,0.8691484,0
1,1,1,1,1,1,1,1,0.8752071,0
1,1,1,1,1,1,1,1,0.8812429,0
1,1,1,1,1,1,1,1,0.8872446,1
1,1,1,1,1,1,1,1,0.8932092,1
1,1,1,1,1,1,1,1,1,1
1,1,1,1,1,1,1,1,1,1
1,1,1,1,1,1,1,1,1,1
1,1,1,1,1,1,1,1,1,1
1,1,1,1,1,1,1,1,1,1
1,1,1,1,1,1,1,1,1,1
1,1,1,1,1,1,1,1,1,1
1,1,1,1,1,1,1,1,1,1
1,1,1,1,1,1,1,1,1,1
1,1,1,1,1,1,1,1,1,1
1,1,1,1,1,1,1,1,1,1
1,1,1,1,1,1,1,1,1,1
1,1,1,1,1,1,1,1,1,1
1,1,1,1,1,1,1,1,1,1
1,1,1,1,1,1,1,1,1,1
1,1,1,1,1,1,1,1,1,1
1,1,1,1,1,1,1,1,1,1
1,1,1,1,1,1,1,1,1,1
1,1,1,1,1,1,1,1,1,1
1,1,1,1,1,1,1,1,1,1
1,1,1,1,1,1,1,1,1,1
1,1,1,1,1,1,1,1,1,1
1,1,1,1,1,1,1,1,1,1
1,1,1,1,1,1,1,1,1,1
1,1,1,1,1,1,1,1,1,1
1,1,1,1,1,1,1,1,1,1
1,1,1,1,1,1,1,1,1,1
1,1,1,1,1,1,1,1,1,1
1,1,1,1,1,1,1,1,1,1
1,1,1,1,1,1,1,1,1,1
1,1,1,1,1,1,1,1,1,1
1,1,1,1,1,1,1,1,1,1
1,1,1,1,1,1,1,1,1,1
1,1,1,1,1,1,1,1,1,1
1,1,1,1,1,1,1,1,1,1
1,1,1,1,1,1,1,1,1,1
1,1,1,1,1,1,1,1,1,1
1,1,1,1,1,1,1,1,1,1
1,1,1,1,1,1,1,1,1,1
1,1,1,1,1,1,1,1,1,1
1,1,1,1,1,1,1,1,1,1
1,1,1,1,1,1,1,1,1,1
1,1,1,1,1,1,1,1,1,1
1,1,1,1,1,1,1,1,1,1
1,1,1,1,1,1,1,1,1,1
1,1,1,1,1,1,1,1,1,1
1,1,1,1,1,1,1,1,1,1
1,1,1,1,1,1,1,1,1,1
1,1,1,1,1,1,1,1,1,1
1,1,1,1,1,1,1,1,1,1
1,1,1,1,1,1,1,1,1,1
1,1,1,1,1,1,1,1,1,1
1,1,1,1,1,1,1,1,1,1
1,0.9832246,1,1,1,1,1,1,1,1
1,0.96761,1,1,1,1,1,1,1,1
1,0.9647506,1,1,1,1,1,1,1,1
1,0.9619463,1,1,1,1,1,1,1,1
1,0.9591956,1,1,1,1,1,1,1,1
1,0.9565048,1,1,1,1,1,1,1,1
1,0.9538665,1,1,1,1,1,1,1,1
1,0.9512865,1,1,1,1,1,1,1,1
1,0.9487642,1,1,1,1,1,1,1,1
1,0.9462991,1,1,1,1,1,1,1,1
1,0.9438904,1,1,1,1,1,1,1,1
1,0.9415442,1,1,1,1,1,1,1,1
1,0.9392532,1,1,1,1,1,1,1,1
1,0.9370238,1,1,1,1,1,1,1,1
1,0.9348548,1,1,1,1,1,1,1,1
1,0.9327462,1,1,1,1,1,1,1,1
1,0.9306973,1,1,1,1,1,1,1,1
1,0.9287073,1,1,1,1,1,1,1,1
1,0.9267761,1,1,1,1,1,1,1,1
1,0.9249095,1,1,1,1,1,1,1,1
1,0.9231004,1,1,1,1,1,1,1,1
1,0.9213551,1,1,1,1,1,1,1,1
1,0.9196661,1,1,1,1,1,1,1,1
1,0.9180398,1,1,1,1,1,1,1,1
1,0.9164756,1,1,1,1,1,1,1,1
1,0.914973,1,1,1,1,1,1,1,1
1,0.9135313,1,1,1,1,1,1,1,1
1,0.9121569,1,1,1,1,1,1,1,1
1,0.9108424,1,1,1,1,1,1,1,1
1,0.909587,1,1,1,1,1,1,1,1
1,0.9083972,1,1,1,1,1,1,1,1
1,0.9072655,1,1,1,1,1,1,1,1
1,0.9061982,1,1,1,1,1,1,1,1
1,0.9051877,1,1,1,1,1,1,1,1
1,1,1,1,1,1,1,1,1,1
0.9233481,1,1,1,1,1,1,1,1,1
0.8032749,1,1,1,1,1,1,1,1,2
0.8013466,1,1,1,1,1,1,1,1,2
0.7995538,1,1,1,1,1,1,1,1,2
0.7979038,1,1,1,1,1,1,1,1,2
0.7963974,1,1,1,1,1,1,1,1,2
0.7950294,1,1,1,1,1,1,1,1,2
0.7938063,1,1,1,1,1,1,1,1,2
0.792729,1,1,1,1,1,1,1,1,2
0.7917976,1,1,1,1,1,1,1,1,2
0.7910125,1,1,1,1,1,1,1,1,2
0.7903739,1,1,1,1,1,1,1,1,2
0.7898819,1,1,1,1,1,1,1,1,2
0.7895363,1,1,1,1,1,1,1,1,2
0.7893431,1,1,1,1,1,1,1,1,2
0.7892959,1,1,1,1,1,1,1,1,2
0.7893941,1,1,1,1,1,1,1,1,2
0.7896373,1,1,1,1,1,1,1,1,2
0.7900246,1,1,1,1,1,1,1,1,2
0.7905555,1,1,1,1,1,1,1,1,2
0.7912351,1,1,1,1,1,1,1,1,2
0.7920562,1,1,1,1,1,1,1,1,2
0.7930176,1,1,1,1,1,1,1,1,2
1,1,1,1,1,1,1,1,1,1
1,1,1,1,1,1,1,1,1,1
1,1,1,1,1,1,1,1,1,1
1,1,1,1,1,1,1,1,1,1
1,1,1,1,1,1,1,1,1,1
1,1,1,1,1,1,1,1,1,1
1,1,1,1,1,1,1,1,1,1
1,1,1,1,1,1,1,1,1,1
1,1,1,1,1,1,1,1,1,1
1,1,1,1,1,1,1,1,1,1
1,1,1,1,1,1,1,1,1,1
1,1,1,1,1,1,1,1,1,1
1,1,1,1,1,1,1,1,1,1
1,1,1,1,1,1,1,1,1,1
1,1,1,1,1,1,1,1,1,1
1,1,1,1,1,1,1,1,1,1
1,1,1,1,1,1,1,1,1,1
1,1,1,1,1,1,1,1,1,1
1,1,1,1,1,1,1,1,1,1
1,1,1,1,1,1,1,1,1,1
1,1,1,1,1,1,1,1,1,1
1,1,1,1,1,1,1,1,1,1
1,1,1,1,1,1,1,1,1,1
1,1,1,1,1,1,1,1,1,1
1,1,1,1,1,1,1,1,1,1
1,1,1,1,1,1,1,1,1,1
1,1,1,1,1,1,1,1,1,1
1,1,1,1,1,1,1,1,1,1
1,1,1,1,1,1,1,1,1,1
1,1,1,1,1,1,1,1,1,1
1,1,1,1,1,1,1,1,1,1
1,1,1,1,1,1,1,1,1,1
1,1,1,1,1,1,1,1,1,1
1,1,1,1,1,1,1,1,1,1
1,1,1,1,1,1,1,1,1,1
1,1,1,1,1,1,1,1,1,1
1,1,1,1,1,1,1,1,1,1
1,1,1,1,1,1,1,1,1,1
1,1,0.9890192,1,1,1,1,1,1,1
1,1,0.9776759,1,1,1,1,1,1,1
1,1,0.9662272,1,1,1,1,1,1,1
1,1,0.9546763,1,1,1,1,1,1,1
1,1,0.9430267,1,1,1,1,1,1,1
1,1,0.9312827,1,1,1,1,1,1,1
1,1,0.9194489,1,1,1,1,1,1,1
1,1,0.90753,1,1,1,1,1,1,1
1,1,0.895531,1,1,1,1,1,1,1
1,1,0.8834577,1,1,1,1,1,1,1
1,1,0.8713154,1,1,1,1,1,1,1
1,1,0.8591101,1,1,1,1,1,1,1
1,1,0.8468484,1,1,1,1,1,1,1
1,1,0.8345362,1,1,1,1,1,1,1
1,1,0.8371922,1,1,1,1,1,1,1
1,1,0.8420681,1,1,1,1,1,1,1
1,1,0.8468932,1,1,1,1,1,1,1
1,1,0.8516535,1,1,1,1,1,1,1
1,1,0.8563489,1,1,1,1,1,1,1
1,1,0.8609942,1,1,1,1,1,1,1
1,1,0.8655745,1,1,1,1,1,1,1
1,1,0.8700904,1,1,1,1,1,1,1
1,1,0.8745276,1,1,1,1,1,1,1
1,1,0.8789013,1,1,1,1,1,1,1
1,1,0.8831971,1,1,1,1,1,1,1
1,1,0.8874313,1,1,1,1,1,1,1
1,1,0.8915887,1,1,1,1,1,1,1
1,1,0.8956709,1,1,1,1,1,1,1
1,1,0.8996786,1,1,1,1,1,1,1
1,0.8972976,0.9036128,1,1,1,1,1,1,2
1,0.8771791,0.9142669,1,1,1,1,1,1,2
1,0.8568994,0.9262107,1,1,1,1,1,1,2
1,0.8365132,0.9395195,1,1,1,1,1,1,2
1,0.8160755,1,1,1,1,1,1,1,2
1,0.796276,1,1,1,1,1,1,1,2
1,0.7762666,1,1,1,1,1,1,1,2
1,0.7560996,1,1,1,1,1,1,1,2
1,0.7358272,1,1,1,1,1,1,1,2
1,0.7155033,1,1,1,1,1,1,1,2
1,0.69518,1,1,1,1,1,1,1,2
1,0.6749083,1,1,1,1,1,1,1,2
1,0.6547368,1,1,1,1,1,1,1,2
1,0.6347119,1,1,1,1,1,1,1,2
1,0.6148771,1,1,1,1,1,1,1,2
1,0.5952715,1,1,1,1,1,1,1,2
1,0.5759302,1,1,1,1,1,1,1,2
1,0.5794781,1,1,1,1,1,1,1,2
1,0.5899166,1,1,1,1,1,1,1,2
1,0.6005784,1,1,1,1,1,1,1,2
1,0.6114448,1,1,1,1,1,1,1,2
1,0.6224955,1,1,1,1,1,1,1,2
1,0.6337202,1,1,1,1,1,1,1,2
0.7801175,0.6450976,1,1,1,1,1,1,1,2
0.7350653,0.6639925,1,1,1,1,1,1,1,2
0.6919619,0.68516,1,1,1,1,1,1,1,2
0.6510101,0.7087701,1,1,1,1,1,1,1,2
0.612322,0.7349909,1,1,1,1,1,1,1,2
0.5759364,1,1,1,1,1,1,1,1,2
0.5460376,1,1,1,1,1,1,1,1,2
0.5169823,1,1,1,1,1,1,1,1,2
0.5114487,1,1,1,1,1,1,1,1,2
0.5222897,1,1,1,1,1,1,1,1,2
0.5335011,1,1,1,1,1,1,1,1,2
0.5450664,1,1,1,1,1,1,1,1,2
0.5569754,1,1,1,1,1,1,1,1,2
0.5692014,1,1,1,1,1,1,1,1,2
0.5817239,1,1,1,1,1,1,1,1,2
0.5945296,1,1,1,1,1,1,1,1,2
0.6075876,1,1,1,1,1,1,1,0.9988805,2
0.620856,1,1,1,1,1,1,1,0.996782,2
0.6342831,1,1,1,1,1,1,1,0.9945586,2
0.6478266,1,1,1,1,1,1,1,0.9922015,2
0.6614596,1,1,1,1,1,1,1,0.9896907,2
0.6751372,1,1,1,1,1,1,1,0.9870203,2
1,1,1,1,1,1,1,1,0.9841736,1
1,1,1,1,1,1,1,1,0.9786422,1
1,1,1,1,1,1,1,1,0.9730576,1
1,1,1,1,1,1,1,1,0.9674273,1
1,1,1,1,1,0.9960931,1,1,0.9689735,1
1,1,1,1,0.995239,0.9835869,1,1,1,1
1,1,1,1,0.9861597,0.9717814,1,1,1,1
1,1,1,1,0.9779397,0.9595555,1,1,1,1
1,1,1,1,0.9705492,0.9469317,1,1,1,1
1,1,1,1,0.9639742,0.9339347,1,1,1,1
1,1,1,1,0.9581917,0.9205907,1,1,1,1
1,1,1,1,0.9532054,0.9069281,1,0.9463948,1,0
1,1,1,1,0.9527034,0.891317,1,0.8676912,1,0
1,1,1,1,0.9585821,0.8732122,1,0.8343738,1,0
1,1,1,1,0.967908,0.8542466,1,0.8312974,1,0
1,1,1,1,0.9786073,0.8354132,1,0.8284715,1,0
1,1,1,1,0.9907202,0.8167594,1,0.8259031,1,0
1,1,1,1,1,0.798327,1,0.8235968,1,0
1,1,1,1,1,0.7801044,1,0.8215671,1,0
1,1,1,1,1,0.7654914,0.9724246,0.8198537,1,0
1,1,1,1,1,0.7735981,0.942664,0.8186656,1,0
1,1,1,1,1,0.7832043,0.9132615,0.8179231,1,0
1,1,1,1,1,0.7943534,0.8843611,0.8176309,1,0
1,1,1,1,1,0.8071128,0.8560833,0.8178026,1,0
1,1,1,1,1,0.821527,0.8285248,0.8184355,1,0
1,1,1,1,1,0.8376533,0.8017578,1,1,0
1,1,1,1,1,0.8446029,0.7812451,1,1,0
1,1,1,1,1,0.852587,0.7608684,1,1,0
1,1,1,1,1,0.8616398,0.7406732,1,1,0
1,1,1,1,1,0.8717844,0.7206983,1,1,0
1,1,1,1,1,0.8830454,0.7009782,1,1,0
1,1,1,1,1,0.8954629,0.6815408,1,0.7515801,0
1,1,1,1,1,0.9287621,0.6566373,1,0.7486948,0
1,1,1,1,1,0.9660681,0.6328178,1,0.74634,0
1,1,1,1,1,1,0.6385511,1,0.7445117,0
1,1,1,1,1,1,0.6521087,1,0.7431635,0
1,1,1,1,1,1,0.6665082,0.9418496,0.7422692,0
1,1,1,1,1,1,0.6838098,0.8888248,0.7419684,0
1,1,1,1,1,1,0.7028895,0.8397492,0.7422015,0
1,1,1,1,1,1,0.7239384,0.794192,0.7429718,0
1,1,1,1,1,1,0.7471783,0.7517824,0.7442837,0
1,1,1,1,1,1,0.7728667,0.7121999,1,0
1,1,1,1,1,1,0.7918314,0.6810716,1,0
1,1,1,1,1,1,0.8130063,0.650898,1,0
1,1,1,1,1,1,0.8365213,0.621745,1,0
1,1,1,1,1,1,0.8625167,0.5936539,1,0
1,1,1,1,1,1,0.8911598,0.5666437,1,0
1,1,1,1,1,1,1,0.5407147,1,0
1,1,1,1,1,1,1,0.5166316,1,0
1,1,1,1,1,1,1,0.515832,1,0
1,1,1,1,1,1,1,0.5237972,1,0
1,1,1,1,1,1,1,0.5320815,1,0
1,1,1,1,1,1,1,0.5406725,0.8904436,0
1,1,1,1,1,1,1,0.5520671,0.820436,0
1,1,1,1,1,1,1,0.5656496,0.753046,0
1,1,1,1,1,1,1,0.5809282,0.6910217,0
1,1,1,1,1,1,1,0.5975205,0.6351385,0
1,1,1,1,1,1,1,0.6155406,0.5845348,0
1,1,1,1,1,1,1,0.6351175,0.5385024,0
1,1,1,1,1,1,1,0.656387,0.496455,0
1,1,1,1,1,1,1,0.6795249,0.4579032,0
1,1,1,1,1,1,1,0.7047103,0.4638027,0
1,1,1,1,1,1,1,0.7321592,0.4730431,0
1,1,1,1,1,1,1,0.7621093,0.4829678,0
1,1,1,1,1,1,1,1,0.4936221,0
1,1,1,1,1,1,1,1,0.5038099,0
1,1,1,1,1,1,1,1,0.5143962,0
1,1,1,1,1,1,1,1,0.5253663,0
1,1,1,1,1,1,1,1,0.5367047,0
1,1,1,1,1,1,1,1,0.5483943,0
1,1,1,1,1,1,1,1,0.5604249,0
1,1,1,1,1,1,1,1,0.5727692,0
1,1,1,1,1,1,1,1,0.5854065,0
1,1,1,1,1,1,1,1,0.5983148,0
1,1,1,1,1,1,1,1,0.611471,0
1,1,1,1,1,1,1,1,0.6248512,0
1,1,1,1,1,1,1,1,0.6384386,0
1,1,1,1,1,1,1,1,0.6521986,0
1,1,1,1,1,1,1,1,0.666113,0
1,1,1,1,1,1,1,1,0.6801547,0
1,1,1,1,1,1,1,1,0.694295,0
1,1,1,1,1,1,1,1,1,1
1,1,1,1,1,1,1,1,1,1
1,1,1,1,1,1,1,1,1,1
1,1,1,1,1,1,1,1,1,1
1,1,1,1,1,1,1,1,1,1
1,1,1,1,1,1,1,1,1,1
1,1,1,1,1,1,1,1,1,1
1,1,1,1,1,1,1,1,1,1
1,1,1,1,1,1,1,1,1,1
1,1,1,1,1,1,1,1,1,1
1,1,1,1,1,1,1,1,1,1
1,1,1,1,1,1,1,1,1,1
1,1,1,1,1,1,1,1,1,1
1,1,1,1,1,1,1,1,1,1
1,1,1,1,1,1,1,1,1,1
1,1,1,1,1,1,1,1,1,1
1,1,1,1,1,1,1,1,1,1
1,1,1,1,1,1,1,1,1,1
1,1,1,1,1,1,1,1,1,1
1,1,1,1,1,1,1,1,1,1
1,1,1,1,1,1,1,1,1,1
1,1,1,1,1,1,1,1,1,1
1,1,1,1,1,1,1,1,1,1
1,1,1,1,1,1,1,1,1,1
1,1,1,1,1,1,1,1,1,1
1,1,1,1,1,1,1,1,1,1
1,1,1,1,1,1,1,1,1,1
1,1,1,1,1,1,1,1,1,1
1,1,1,1,1,1,1,1,1,1
1,1,1,1,1,1,1,1,1,1
1,1,1,1,1,1,1,1,1,1
1,1,1,1,1,1,1,1,1,1
1,1,1,1,1,1,1,1,1,1
1,1,1,1,1,1,1,1,1,1
1,1,1,1,1,1,1,1,1,1
1,1,1,1,1,1,1,1,1,1
1,1,1,1,1,1,1,1,1,1
1,1,1,1,1,1,1,1,1,1
1,1,1,1,1,1,1,1,1,1
1,1,1,1,1,1,1,1,1,1
1,1,1,1,1,1,1,1,1,1
1,1,1,1,1,1,1,1,1,1
1,1,1,1,1,1,1,1,1,1
1,1,1,1,1,1,1,1,1,1
1,1,1,1,1,1,1,1,1,1
1,1,1,1,1,1,1,1,1,1
1,1,1,1,1,1,1,1,1,1
1,1,1,1,1,1,1,1,1,1
1,1,1,1,1,1,1,1,1,1
1,1,1,1,1,1,1,1,1,1
1,1,1,1,1,1,1,1,1,1
1,1,1,1,1,1,1,1,1,1
1,1,1,1,1,1,1,1,1,1
1,1,1,1,1,1,1,1,1,1
1,1,1,1,1,1,1,1,1,1
1,1,1,1,1,1,1,1,1,1
1,1,1,1,1,1,1,1,1,1
1,1,1,1,1,1,1,1,1,1
1,1,1,1,1,1,1,1,1,1
1,1,1,1,1,1,1,1,1,1
1,1,1,1,1,1,1,1,1,1
1,1,1,1,1,1,1,1,1,1
1,1,1,1,1,1,1,1,1,1
1,1,1,1,1,1,1,1,1,1
1,1,1,1,1,1,1,1,1,1
1,1,1,1,1,1,1,1,1,1
1,1,1,1,1,1,1,1,1,1
1,1,1,1,1,1,1,1,1,1
1,1,1,1,1,1,1,1,1,1
1,1,1,1,1,1,1,1,1,1
1,1,1,1,1,1,1,1,1,1
1,1,1,1,1,1,1,1,1,1
1,1,1,1,1,1,1,1,1,1
1,1,1,1,1,1,1,1,1,1
1,1,1,1,1,1,1,1,1,1
1,1,1,1,1,1,1,1,1,1
1,1,1,1,1,1,1,1,1,1
1,1,1,1,1,1,1,1,1,1
1,1,1,1,1,1,1,1,1,1
1,1,1,1,1,1,1,1,1,1
1,1,1,1,1,1,1,1,1,1
1,1,1,1,1,1,1,1,1,1
1,1,1,1,1,1,1,1,1,1
1,1,1,1,1,1,1,1,1,1
1,1,1,1,1,1,1,1,1,1
1,1,1,1,1,1,1,1,1,1
1,1,1,1,1,1,1,1,1,1
1,1,1,1,1,1,1,1,1,1
1,1,1,1,1,1,1,1,1,1
1,1,1,1,1,1,1,1,1,1
1,1,1,1,1,1,1,1,1,1
1,1,1,1,1,1,1,1,1,1
1,1,1,1,1,1,1,1,1,1
1,1,1,1,1,1,1,1,1,1
1,1,1,1,1,1,1,1,1,1
1,1,1,1,1,1,1,1,1,1
1,1,1,1,1,1,1,1,1,1
1,1,1,1,1,1,1,1,1,1
1,1,1,1,1,1,1,1,1,1
1,1,1,1,1,1,1,1,1,1
1,1,1,1,1,1,1,1,1,1
1,1,1,1,1,1,1,1,1,1
1,1,1,1,1,1,1,1,1,1
1,1,1,1,1,1,1,1,1,1
1,1,1,1,1,1,1,1,1,1
1,1,1,1,1,1,1,1,1,1
1,1,1,1,1,1,1,1,1,1
1,1,1,1,1,1,1,1,1,1
1,1,1,1,1,1,1,1,1,1
1,1,1,1,1,1,1,1,1,1
1,1,1,1,1,1,1,1,1,1
1,1,1,1,1,1,1,1,1,1
1,1,1,1,1,1,1,1,1,1
1,1,1,1,1,1,1,1,1,1
1,1,1,1,1,1,1,1,1,1
1,1,1,1,1,1,1,1,1,1
1,1,1,1,1,1,1,1,1,1
1,1,1,1,1,1,1,1,1,1
1,1,1,1,1,1,1,1,1,1
1,1,1,1,1,1,1,1,1,1
1,1,1,1,1,1,1,1,1,1
1,1,1,1,1,1,1,1,1,1
1,1,1,1,1,1,1,1,1,1
1,1,1,1,1,1,1,1,1,1
1,1,1,1,1,1,1,1,1,1
1,1,1,1,1,1,1,1,1,1
1,1,1,1,1,1,1,1,1,1
1,1,1,1,1,1,1,1,1,1
1,1,1,1,1,1,1,1,1,1
1,1,1,1,1,1,1,1,1,1
1,1,1,1,1,1,1,1,1,1
1,1,1,1,1,1,1,1,1,1
1,1,1,1,1,1,1,1,1,1
1,1,1,1,1,1,1,1,1,1
1,1,1,1,1,1,1,1,1,1
1,1,1,1,1,1,1,1,1,1
1,1,1,1,1,1,1,1,1,1
1,1,1,1,1,1,1,1,1,1
1,1,1,1,1,1,1,1,1,1
1,1,1,1,1,1,1,1,1,1
1,1,1,1,1,1,1,1,1,1
1,1,1,1,1,1,1,1,1,1
1,1,1,1,1,1,1,1,1,1
1,1,1,1,1,1,1,1,1,1
1,1,1,1,1,1,1,1,1,1
1,1,1,1,1,1,1,1,1,1
1,1,1,1,1,1,1,1,1,1
1,1,1,1,1,1,1,1,1,1
1,1,1,1,1,1,1,1,1,1
1,1,1,1,1,1,1,1,1,1
1,1,1,1,1,1,1,1,1,1
1,1,1,1,1,1,1,1,1,1
1,1,1,1,1,1,1,1,1,1
1,1,1,1,1,1,1,1,1,1
1,1,1,1,1,1,1,1,1,1
1,1,1,1,1,1,1,1,1,1
1,1,1,1,1,1,1,1,1,1
1,1,1,1,1,1,1,1,1,1
1,1,1,1,1,1,1,1,1,1
1,1,1,1,1,1,1,1,1,1
1,1,1,1,1,1,1,1,1,1
1,1,1,1,1,1,1,1,1,1
1,1,1,1,1,1,1,1,1,1
1,1,1,1,1,1,1,1,1,1
1,1,1,1,1,1,1,1,1,1
1,1,1,1,1,1,1,1,1,1
1,1,1,1,1,1,1,1,1,1
1,1,1,1,1,1,1,1,1,1
1,1,1,1,1,1,1,1,1,1
1,1,1,1,1,1,1,1,1,1
1,1,1,1,1,1,1,1,1,1
1,1,1,1,1,1,1,1,1,1
1,1,1,1,1,1,1,1,1,1
1,1,1,1,1,1,1,1,1,1
1,1,1,1,1,1,1,1,1,1
1,1,1,1,1,1,1,1,1,1
1,1,1,1,1,1,1,1,1,1
1,1,1,1,1,1,1,1,1,1
1,1,1,1,1,1,1,1,1,1
1,1,1,1,1,1,1,1,1,1
1,1,1,1,1,1,1,1,1,1
1,1,1,1,1,1,1,1,1,1
1,1,1,1,1,1,1,1,1,1
1,1,1,1,1,1,1,1,1,1
1,1,1,1,1,1,1,1,1,1
1,1,1,1,1,1,1,1,1,1
1,1,1,1,1,1,1,1,1,1
1,1,1,1,1,1,1,1,1,1
1,1,1,1,1,1,1,1,1,1
1,1,1,1,1,1,1,1,1,1
1,1,1,1,1,1,1,1,1,1
1,1,1,1,1,1,1,1,1,1
1,1,1,1,1,1,1,1,1,1
1,1,1,1,1,1,1,1,1,1
1,1,1,1,1,1,1,1,1,1
1,1,1,1,1,1,1,1,1,1
1,1,1,1,1,1,1,1,1,1
1,1,1,1,1,1,1,1,1,1
1,1,1,1,1,1,1,1,1,1
1,1,1,1,1,1,1,1,1,1
1,1,1,1,1,1,1,1,1,1
1,1,1,1,1,1,1,1,1,1
1,1,1,1,1,1,1,1,1,1
1,1,1,1,1,1,1,1,1,1
1,1,1,1,1,1,1,1,1,1
1,1,1,1,1,1,1,1,1,1
1,1,1,1,1,1,1,1,1,1
1,1,1,1,1,1,1,1,1,1
1,1,1,1,1,1,1,1,1,1
1,1,1,1,1,1,1,1,1,1
1,1,1,1,1,1,1,1,1,1
1,1,1,1,1,1,1,1,1,1
1,1,1,1,1,1,1,1,1,1
1,1,1,1,1,1,1,1,1,1
1,1,1,1,1,1,1,1,1,1
1,1,1,1,1,1,1,1,1,1
1,1,1,1,1,1,1,1,1,1
1,1,1,0.999463,1,1,1,1,1,1
1,1,1,0.9893082,1,1,1,1,1,1
1,1,1,0.9791406,1,1,1,1,1,1
1,1,1,0.9689609,1,1,1,1,1,1
1,1,1,0.958769,1,1,1,1,1,1
1,1,1,0.9485658,1,1,1,1,1,1
1,1,1,0.9383518,1,1,1,1,1,1
1,1,1,0.9281274,1,1,1,1,1,1
1,1,0.9967915,0.9178931,1,1,1,1,1,1
1,1,0.9854732,0.9076408,1,1,1,1,1,1
1,1,0.9740405,0.8973491,1,1,1,1,1,1
1,1,0.9624985,0.8870204,1,1,1,1,1,1
1,1,0.9508532,0.876657,1,1,1,1,1,1
1,1,0.9391109,0.8662618,1,1,1,1,1,1
1,1,0.9272786,0.8558378,1,1,1,1,1,1
1,1,0.9153641,0.8453884,1,1,1,1,1,1
1,1,0.9033744,0.8349164,1,1,1,1,1,1
1,1,0.8913183,0.8244261,1,1,1,1,1,1
1,1,0.8792039,0.8207123,1,1,1,1,1,1
1,1,0.8670564,0.839552,1,1,1,1,1,1
1,1,0.8549351,0.8596889,1,1,1,1,1,1
1,1,0.8428437,0.8812301,1,1,1,1,1,1
1,1,0.8307844,0.9042038,1,1,1,1,1,1
1,1,0.8187605,0.9286861,1,1,1,1,1,1
1,1,0.8067745,0.9548055,1,1,1,1,1,1
1,1,0.7948283,0.9826056,1,1,1,1,1,1
1,1,0.7829238,1,1,1,1,1,1,1
1,1,0.7710416,1,1,1,1,1,1,1
1,1,0.7591558,1,1,1,1,1,1,1
1,1,0.7472705,1,1,1,1,1,1,1
1,1,0.7353913,1,1,1,1,1,1,1
1,1,0.7235218,1,1,1,1,1,1,2
1,1,0.7116672,1,1,1,1,1,1,2
1,1,0.6998311,1,1,1,1,1,1,2
1,1,0.6880181,1,1,1,1,1,1,2
1,1,0.6762318,1,1,1,0.9979703,1,1,2
1,1,0.6644859,1,1,1,0.9891337,1,1,2
1,1,0.6528162,1,1,1,0.9802318,1,1,2
1,1,0.6412222,1,1,1,0.9712585,0.9994165,1,2
1,0.829401,0.6297071,1,1,1,0.9621964,0.9952157,1,2
1,0.808421,0.617254,1,1,1,0.9558524,0.9878135,1,2
1,0.7877479,0.604903,1,1,1,0.9496385,0.9803547,1,2
1,0.7674145,0.5926644,1,1,1,0.9435331,0.9728733,1,2
1,0.7474487,0.5805471,1,1,1,0.9375144,0.9653922,1,2
1,0.7278714,0.5685576,1,1,1,0.9315584,0.9579456,1,2
1,0.7086984,0.5567003,1,1,1,0.9256408,0.9505498,1,2
1,0.6899407,0.5579079,1,1,1,0.9197367,0.9432319,1,2
1,0.6716841,0.5844444,1,1,1,0.9137276,0.9360858,1,2
1,0.6540569,0.6121564,1,1,1,0.9074155,0.9292528,1,2
1,0.637015,0.6409295,1,1,1,0.9007819,0.9227266,1,2
1,0.620516,0.6706785,1,1,1,0.8938121,0.9164867,1,2
1,0.6045197,0.7012703,1,1,1,0.8864935,0.9105202,1,2
1,0.5889882,0.7325487,1,1,1,0.8788171,0.9048146,1,2
1,0.5738854,0.7643357,1,1,0.9818144,0.8707767,0.8993581,1,2
1,0.5593008,0.7952928,1,1,0.9632629,0.8621694,0.8942798,1,2
1,0.5451868,0.8250221,1,1,0.9468198,0.8529949,0.8895543,1,1
1,0.5314845,0.8532443,1,1,0.9322315,0.8432882,0.8851533,1,1
1,0.5181401,1,1,1,0.9192568,0.8330854,0.8810394,1,1
1,0.5054663,1,1,1,0.9097487,0.821771,0.877622,1,1
1,0.492945,1,1,1,0.9009369,0.8102223,0.8743364,1,1
1,0.4805611,1,1,1,0.892785,0.7984528,0.871181,1,1
1,0.4683,1,1,1,0.8852294,0.7864774,0.8681413,1,1
1,0.456148,1,1,1,0.8782409,0.7743108,0.8652163,1,1
1,0.4440925,1,1,1,0.8717922,0.761969,0.8624055,1,1
0.7198284,0.4321208,1,1,1,0.8658425,0.7494673,0.8597015,1,2
0.6876011,0.4171752,1,1,1,0.8408624,0.7430817,0.8527831,1,2
0.6563174,0.4024421,1,1,1,0.8163568,0.736859,0.8458073,1,2
0.6260644,0.3879497,1,1,1,0.7924694,0.7307476,0.8388098,1,2
0.5968962,0.3737183,1,1,1,0.7693328,0.7246941,0.8318332,1,2
0.5688397,0.3715708,1,1,1,0.7470152,0.7186458,0.8249007,1,2
0.5421238,0.3831604,1,1,1,0.7259675,0.7123724,0.8181394,1,2
0.5169037,0.3948941,1,1,1,0.706525,0.7056288,0.8116477,1,2
0.493028,0.4067112,1,1,1,0.6885417,0.6983882,0.8054106,1,2
0.4703542,0.4185394,1,1,0.9978794,0.6718956,0.6906302,0.7994188,1,2
0.4487708,0.4302985,1,1,0.9674665,0.6564955,0.6823243,0.7936648,1,2
0.4283945,0.4416269,1,1,0.9410933,0.6426662,0.6731985,0.7882463,1,2
0.409028,0.4524783,1,1,0.9181107,0.6301932,0.6633061,0.7831262,1,1
0.3905035,0.4628185,1,1,0.8979983,0.6188973,0.6527079,0.7782732,1,1
0.3726763,0.4726356,1,1,0.8803172,0.6086167,0.6414671,0.7736555,1,1
0.3554236,0.481927,1,1,0.8647069,0.5992143,0.6296512,0.769246,1,1
0.3386383,0.4906858,1,1,0.8508862,0.5905854,0.6173254,0.7650284,1,1
0.3222286,0.4989381,1,1,0.8385854,0.5826174,0.6045565,0.7609767,1,1
0.3061145,0.5066895,1,1,0.8276113,0.5752367,0.5914065,0.7570812,1,1
0.3084069,0.5139755,1,1,0.8177654,0.5683561,0.5779355,0.7533213,1,1
0.312551,0.5202456,1,1,0.8102018,0.5624914,0.5638376,0.7498459,1,1
0.3164338,0.5255142,1,1,0.804751,0.5575747,0.5492064,0.7466509,1,1
0.3200848,0.5299102,1,1,0.8010886,0.5534539,0.5341711,0.7436991,0.7046924,0
0.3205977,0.5220393,1,1,0.8268095,0.562112,0.5124326,0.7444216,0.7003111,0
0.3212423,0.5153582,1,1,0.8528951,0.5705918,0.4919368,0.7451833,0.6963097,0
0.3220031,0.5096909,1,1,1,0.5788457,0.4725109,0.7459537,0.6926354,0
0.323193,0.5061334,1,1,1,0.5850492,0.4546596,0.7462138,0.6892788,0
0.324338,0.5027922,1,1,1,0.5915038,0.437306,0.7465975,0.6861308,0
0.325448,0.4996723,1,1,1,0.598173,0.4204209,0.7820683,0.683177,0
0.3268036,0.4977658,1,1,1,0.6032997,0.4044427,0.7430558,0.6803997,0
0.3278078,0.4948424,1,1,1,0.6106361,0.4013844,0.7035694,0.6777767,0
0.328562,0.4913219,1,1,1,0.6197326,0.4029452,0.6647129,0.675343,0
0.3291221,0.4874308,1,1,1,0.6304053,0.4050485,0.6269897,0.6731178,0
0.3295254,0.4833033,1,1,1,0.6426002,0.4076487,0.5906184,0.6711089,0
0.3297972,0.4790415,1,1,1,0.6562788,0.4107101,0.5557297,0.6693256,0
0.3299647,0.4747376,1,1,1,0.6713861,0.4141883,0.5223854,0.6677678,0
0.3300501,0.4704627,1,1,1,0.6878663,0.4180402,0.4905912,0.6664312,0
0.3300768,0.466279,1,1,1,0.7056468,0.4222143,0.4603117,0.6653035,0
0.3300503,0.462213,1,1,1,0.7246922,0.4266833,0.4314805,0.6643821,0
0.3299862,0.4582976,1,1,1,1,0.431401,0.4040152,0.663651,0
0.3304166,0.4563546,1,1,1,1,0.4339833,0.3799363,0.6627921,0
0.3307374,0.454207,1,1,1,1,0.4370042,0.356305,0.6620783,0
0.330955,0.4518908,1,1,1,1,0.4404519,0.3331717,0.6615149,0
0.3310812,0.449446,1,1,1,1,0.4443037,0.3105708,0.6610996,0
0.3311262,0.4469075,1,1,1,1,0.4485376,0.2885225,0.6608297,0
0.3310921,0.4442959,1,1,1,1,0.4531447,0.2808664,0.6607075,0
0.3310586,0.4418682,1,1,1,1,0.4577058,0.2813289,0.660663,0
0.3310512,0.4397193,1,1,1,1,0.4620041,0.2817689,1,2
0.3329069,0.4441827,1,1,1,1,0.454573,0.2792516,1,2
0.3347409,1,1,1,1,1,0.4478943,0.2768672,0.68167,0
0.3330186,0.4401826,1,1,1,1,0.4627684,0.2799734,0.5496324,0
0.3324459,1,1,1,1,1,0.4706829,0.2813932,0.4667658,0
0.3306414,0.4284913,1,1,1,1,0.4883766,0.2852417,0.3751313,0
0.3294352,1,1,1,1,1,0.5021279,0.2881748,0.3072291,0
0.327549,1,1,1,1,1,0.523698,0.2929242,0.2418301,0
0.3256069,0.4081884,1,1,1,1,0.5479962,0.298252,0.2351484,0
0.3241748,1,1,1,1,1,1,0.3023684,0.236389,0
0.3221444,0.3959894,1,1,1,1,1,0.3087503,0.2383894,1
0.3213671,1,1,1,1,1,1,0.3105322,0.2392044,0
0.3192782,1,1,1,1,1,1,0.3177292,0.2416231,0
0.3171289,1,1,1,1,1,1,0.3256694,0.2444116,0
0.3149238,1,1,1,1,1,1,0.3343994,0.2475745,0
0.3126985,1,1,1,1,1,1,0.3436812,0.2510369,0
0.3104692,1,1,1,1,1,1,0.3533125,0.2547248,0
0.3082165,1,1,1,1,1,1,0.3632624,0.2586201,0
0.3059299,1,1,1,1,1,1,0.3734884,0.2626989,0
0.3036009,1,1,1,1,1,1,0.3839453,0.2669373,0
0.3012234,1,1,1,1,1,1,0.3945855,0.2713118,0
0.2987934,1,1,1,1,1,1,0.4053597,0.2757991,0
0.2963026,1,1,1,1,1,1,0.4162274,0.2803832,0
0.2937507,1,1,1,1,1,1,0.4271371,0.2850418,0
0.2911392,1,1,1,1,1,1,0.4380361,0.2897528,0
0.2884646,1,1,1,1,1,1,1,0.2945017,2
0.2857984,1,1,1,1,1,1,1,0.2968213,2
0.2831866,1,1,1,1,1,1,1,0.2990555,2
0.2806234,1,1,1,1,1,1,1,0.3012134,2
0.2781091,1,1,1,1,1,1,1,0.3032968,2
0.2756501,1,1,1,1,1,1,1,0.3053008,2
0.2732466,1,1,1,1,1,1,1,0.3072273,2
0.2708989,1,1,1,1,1,1,1,0.3090784,2
0.2686072,1,1,1,1,1,1,1,0.310856,2
1,1,1,1,1,1,1,1,0.3125553,0
1,1,1,1,1,1,1,1,0.3190078,0
1,1,1,1,1,1,1,1,0.3259896,0
1,1,1,1,1,1,1,1,0.3335277,0
0.6339903,1,1,1,1,1,1,1,0.3416518,0
1,1,1,1,1,1,1,1,0.3471841,0
0.6428259,1,1,1,1,1,1,1,0.3561908,0
1,1,1,1,1,1,1,1,1,1
1,1,1,1,1,1,1,1,1,1
1,1,1,1,1,1,1,1,1,1
1,1,1,1,1,1,1,1,1,1
1,1,1,1,1,1,1,1,1,1
1,1,1,1,1,1,1,1,1,1
1,1,1,1,1,1,1,1,1,1
1,1,1,1,1,1,1,1,1,1
1,1,1,1,1,1,1,1,1,1
1,1,1,1,1,1,1,1,1,1
1,1,1,1,1,1,1,1,1,1
1,1,1,1,1,1,1,1,1,1
1,1,1,1,1,1,1,1,1,1
1,1,1,1,1,1,1,1,1,1
1,1,1,1,1,1,1,1,1,1
1,1,1,1,1,1,1,1,1,1
1,1,1,1,1,1,1,1,1,1
1,1,1,1,1,1,1,1,1,1
1,1,1,1,1,1,1,1,1,1
1,1,1,1,1,1,1,1,1,1
1,1,1,1,1,1,1,1,1,1
1,1,1,1,1,1,1,1,1,1
1,1,1,1,1,1,1,1,1,1
1,1,1,1,1,1,1,1,1,1
1,1,1,1,1,1,1,1,1,1
1,1,1,1,1,1,1,1,1,1
1,1,1,1,1,1,1,1,1,1
1,1,1,1,1,1,1,1,1,1
1,1,1,1,1,1,1,1,1,1
1,1,1,1,1,1,1,1,1,1
1,1,1,1,1,1,1,1,1,1
1,1,1,1,1,1,1,1,1,1
1,1,1,1,1,1,1,1,1,1
1,1,1,1,1,1,1,1,1,1
1,1,1,1,1,1,1,1,1,1
1,1,1,1,1,1,1,1,1,1
1,1,1,1,1,1,1,1,1,1
1,1,1,1,1,1,1,1,1,1
1,1,1,1,1,1,1,1,1,1
1,1,1,1,1,1,1,1,1,1
1,1,1,1,1,1,1,1,1,1
1,1,1,1,1,1,1,1,1,1
1,1,1,1,1,1,1,1,1,1
1,1,1,1,1,1,1,1,1,1
1,1,1,1,1,1,1,1,1,1
1,1,1,1,1,1,1,1,1,1
1,1,1,1,1,1,1,1,1,1
1,1,1,1,1,1,1,1,1,1
1,1,1,1,1,1,1,1,1,1
1,1,1,1,1,1,1,1,1,1
1,1,1,1,1,1,1,1,1,1
1,1,1,1,1,1,1,1,1,1
1,1,1,1,1,1,1,1,1,1
1,1,1,1,1,1,1,1,1,1
1,1,1,1,1,1,1,1,1,1
1,1,1,1,1,1,1,1,1,1
1,1,1,1,1,1,1,1,1,1
1,1,1,1,1,1,1,1,1,1
1,1,1,1,1,1,1,1,1,1
1,1,1,1,1,1,1,1,1,1
1,1,1,1,1,1,1,1,1,1
1,1,1,1,1,1,1,1,1,1
1,1,1,1,1,1,1,1,1,1
1,1,1,1,1,1,1,1,1,1
1,1,1,1,1,1,1,1,1,1
1,1,1,1,1,1,1,1,1,1
1,1,1,1,1,1,1,1,1,1
1,1,1,1,1,1,1,1,1,1
1,1,1,1,1,1,1,1,1,1
1,1,1,1,1,1,1,1,1,1
1,1,1,1,1,1,1,1,1,1
1,1,1,1,1,1,1,1,1,1
1,1,1,1,1,1,1,1,1,1
1,1,1,1,1,1,1,1,1,1
1,1,1,1,1,1,1,1,1,1
1,1,1,1,1,1,1,1,1,1
1,1,1,1,1,1,1,1,1,1
1,1,1,1,1,1,1,1,1,1
1,1,1,1,1,1,1,1,1,1
1,1,1,1,1,1,1,1,1,1
1,1,1,1,1,1,1,1,1,1
1,1,1,1,1,1,1,1,1,1
1,1,1,1,1,1,1,1,1,1
1,1,1,1,1,1,1,1,1,1
1,1,1,1,1,1,1,1,1,1
1,1,1,1,1,1,1,1,1,1
1,1,1,1,1,1,1,1,1,1
1,1,1,1,1,1,1,1,1,1
1,1,1,1,1,1,1,1,1,1
1,1,1,1,1,1,1,1,1,1
1,1,1,1,1,1,1,1,1,1
1,1,1,1,1,1,1,1,1,1
1,1,1,1,1,1,1,1,1,1
1,1,1,1,1,1,1,1,1,1
1,1,1,1,1,1,1,1,1,1
1,1,1,1,1,1,1,1,1,1
1,1,1,1,1,1,1,1,1,1
1,1,1,1,1,1,1,1,1,1
1,1,1,1,1,1,1,1,1,1
1,1,1,1,1,1,1,1,1,1
1,1,1,1,1,1,1,1,1,1
1,1,1,1,1,1,1,1,1,1
1,1,1,1,1,1,1,1,1,1
1,1,1,1,1,1,1,1,1,1
1,1,1,1,1,1,1,1,1,1
1,1,1,1,1,1,1,1,1,1
1,1,1,1,1,1,1,1,1,1
1,1,1,1,1,1,1,1,1,1
1,1,1,1,1,1,1,1,1,1
1,1,1,1,1,1,1,1,1,1
1,1,1,1,1,1,1,1,1,1
1,1,1,1,1,1,1,1,1,1
1,1,1,1,1,1,1,1,1,1
1,1,1,1,1,1,1,1,1,1
1,1,1,1,1,1,1,1,1,1
1,1,1,1,1,1,1,1,1,1
1,1,1,1,1,1,1,1,1,1
1,1,1,1,1,1,1,1,1,1
1,1,1,1,1,1,1,1,1,1
1,1,1,1,1,1,1,1,1,1
1,1,1,1,1,1,1,1,1,1
1,1,1,1,1,1,1,1,1,1
1,1,1,1,1,1,1,1,1,1
1,1,1,1,1,1,1,1,1,1
1,1,1,1,1,1,1,1,1,1
1,1,1,1,1,1,1,1,1,1
1,1,1,1,1,1,1,1,1,1
1,1,1,1,1,1,1,1,1,1
1,1,1,1,1,1,1,1,1,1
1,1,1,1,1,1,1,1,1,1
1,1,1,1,1,1,1,1,1,1
1,1,1,1,1,1,1,1,1,1
1,1,1,1,1,1,1,1,1,1
1,1,1,1,1,1,1,1,1,1
1,1,1,1,1,1,1,1,1,1
1,1,1,1,1,1,1,1,1,1
1,1,1,1,1,1,1,1,1,1
1,1,1,1,1,1,1,1,1,1
1,1,1,1,1,1,1,1,1,1
1,1,1,1,1,1,1,1,1,1
1,1,1,1,1,1,1,1,1,1
1,1,1,1,1,1,1,1,1,1
1,1,1,1,1,1,1,1,1,1
1,1,1,1,1,1,1,1,1,1
1,1,1,1,1,1,1,1,1,1
1,1,1,1,1,1,1,1,1,1
1,1,1,1,1,1,1,1,1,1
1,1,1,1,1,1,1,1,1,1
1,1,1,1,1,1,1,1,1,1
1,1,1,1,1,1,1,1,1,1
1,1,1,1,1,1,1,1,1,1
1,1,1,1,1,1,1,1,1,1
1,1,1,1,1,1,1,1,1,1
1,1,1,1,1,1,1,1,1,1
1,1,1,1,1,1,1,1,1,1
1,1,1,1,1,1,1,1,1,1
1,1,1,1,1,1,1,1,1,1
1,1,1,1,1,1,1,1,1,1
1,1,1,1,1,1,1,1,1,1
1,1,1,1,1,1,1,1,1,1
1,1,1,1,1,1,1,1,1,1
1,1,1,1,1,1,1,1,1,1
1,1,1,1,1,1,1,1,1,1
1,1,1,1,1,1,1,1,1,1
1,1,1,1,1,1,1,1,1,1
1,1,1,1,1,1,1,1,1,1
1,1,1,1,1,1,1,1,1,1
1,1,1,1,1,1,1,1,1,1
1,1,1,1,1,1,1,1,1,1
1,1,1,1,1,1,1,1,1,1
1,1,1,1,1,1,1,1,1,1
1,1,1,1,1,1,1,1,1,1
1,1,1,1,1,1,1,1,1,1
1,1,1,1,1,1,1,1,1,1
1,0.9914972,1,1,1,1,1,1,1,1
1,0.9631311,1,1,1,1,1,1,1,1
1,0.9319512,1,1,1,1,1,1,1,1
1,0.897999,1,1,1,1,1,1,1,1
1,0.861421,1,1,1,1,1,1,1,2
1,0.822475,1,1,1,1,1,1,1,2
1,0.781525,1,1,1,1,1,1,1,2
1,0.7598632,1,1,1,1,1,1,1,2
1,0.7594345,1,1,1,1,1,1,1,2
1,0.759156,1,1,1,1,1,1,1,2
1,0.759033,1,1,1,1,1,1,1,2
1,0.7590576,1,1,1,1,1,1,1,2
1,0.7592353,1,1,1,1,1,1,1,2
1,0.7595579,1,1,1,1,1,1,1,2
1,0.7600306,1,1,1,1,1,1,1,2
1,0.7606453,1,1,1,1,1,1,1,2
1,0.7614068,1,1,1,1,1,1,1,2
1,0.7623067,1,1,1,1,1,1,1,2
1,0.7633432,1,1,1,1,1,1,1,2
1,0.7645146,1,1,1,1,1,1,1,2
1,0.7658185,1,1,1,1,1,1,1,2
1,0.7672534,1,1,1,1,1,1,1,2
1,0.768817,1,1,1,1,1,1,1,2
1,0.7705002,1,1,1,1,1,1,1,2
1,1,1,1,1,1,1,1,1,1
1,1,1,1,1,1,1,1,1,1
0.9377205,1,1,1,1,1,1,1,1,1
0.8106478,1,1,1,1,1,1,1,1,2
0.6632206,1,1,1,1,1,1,1,1,2
0.6628274,1,1,1,1,1,1,1,1,2
0.6627048,1,1,1,1,1,1,1,1,2
0.6628521,1,1,1,1,1,1,1,1,2
0.6632689,1,1,1,1,1,1,1,1,2
0.6639482,1,1,1,1,1,1,1,1,2
0.6648951,1,1,1,1,1,1,1,1,2
0.6661083,1,1,1,1,1,1,1,1,2
0.66758,1,1,1,1,1,1,1,1,2
0.6693087,1,1,1,1,1,1,1,1,2
0.671292,1,1,1,1,1,1,1,1,2
0.6735282,1,1,1,1,1,1,1,1,2
0.6760147,1,1,1,1,1,1,1,1,2
1,1,1,1,1,1,1,1,1,1
1,1,1,1,1,1,0.9815761,1,1,1
1,1,1,1,1,1,0.970395,1,1,1
1,1,1,1,1,1,0.9591292,1,1,1
1,1,1,1,1,1,0.9477817,1,1,1
1,1,1,1,1,1,0.9363559,1,1,1
1,1,1,1,1,1,0.9248555,1,1,1
1,1,1,1,1,1,0.9132844,1,1,1
1,1,1,1,1,1,0.9016466,1,1,1
1,1,1,1,1,1,0.8899466,1,1,1
1,1,1,1,1,1,0.8781894,1,1,1
1,1,1,1,1,1,0.8663797,1,1,1
1,1,1,1,1,1,0.8545219,1,1,1
1,1,1,1,1,1,0.8426217,1,1,1
1,1,1,1,1,1,0.8306845,1,1,1
1,1,1,1,1,1,0.8187149,1,1,1
1,1,1,1,1,1,0.8067187,1,1,1
1,1,1,1,1,1,0.7947017,1,1,1
1,1,1,1,1,1,0.7826685,1,1,1
1,1,1,1,1,1,0.7706248,1,1,1
1,1,1,1,1,1,0.7585759,1,1,1
1,1,1,1,1,1,0.7465271,1,1,1
1,1,1,1,1,1,0.7344835,1,1,0
1,1,1,1,1,1,0.7224503,1,1,0
1,1,1,1,1,1,0.7104319,1,1,0
1,1,1,1,1,1,0.6999221,0.9443329,1,0
1,1,1,1,1,1,0.7131641,0.9237067,1,0
1,1,1,1,1,1,0.7276946,0.9030784,1,0
1,1,1,1,1,1,0.7436134,0.8824961,1,0
1,1,1,1,1,1,0.7609919,0.8620054,1,0
1,1,1,1,1,1,0.7799074,0.8416479,1,0
1,1,1,1,1,1,0.8004436,0.8214628,1,0
1,1,1,1,1,1,0.8227102,0.8014835,1,0
1,1,1,1,1,1,0.846825,0.7817394,1,0
1,1,1,1,1,1,0.8728746,0.762257,1,0
1,1,1,1,1,1,0.9009942,0.7430577,1,0
1,1,1,1,1,1,0.9312863,0.7241588,1,0
1,1,1,1,1,1,0.9639053,0.7055743,1,0
1,1,1,1,1,1,1,0.6873139,1,0
1,1,1,1,1,1,1,0.6693911,1,0
1,1,1,1,1,1,1,0.6515778,1,0
1,1,1,1,1,1,1,0.6339037,1,0
1,1,1,1,1,1,1,0.6163967,1,0
1,1,1,1,1,1,1,0.5990816,1,0
1,1,1,1,1,1,1,0.5819808,1,0
1,1,1,1,1,1,1,0.5651146,1,0
1,1,1,1,1,1,1,0.5485004,1,0
1,1,1,1,1,1,1,0.5321532,1,0
1,1,1,1,1,1,1,0.5160855,1,0
1,1,1,1,1,1,1,0.5240427,0.8095667,0
1,1,1,1,1,1,1,0.5436627,0.7675422,0
1,1,1,1,1,1,1,0.5655135,0.7274954,0
1,1,1,1,1,1,1,0.5897781,0.6895352,0
1,1,1,1,1,1,1,0.6166406,0.6537069,0
1,1,1,1,1,1,1,0.6463116,0.6200023,0
1,1,1,1,1,1,1,0.6789906,0.5883713,0
1,1,1,1,1,1,1,0.7149179,0.5587337,0
1,1,1,1,1,1,1,0.7543079,0.5309888,0
1,1,1,1,1,1,1,0.7974156,0.5050219,0
1,1,1,1,1,1,1,1,0.4807117,0
1,1,1,1,1,1,1,1,0.4591846,0
1,1,1,1,1,1,1,1,0.4728305,0
1,1,1,1,1,1,1,1,0.4871644,0
1,1,1,1,1,1,1,1,0.5019225,0
1,1,1,1,1,1,1,1,0.5170909,0
1,1,1,1,1,1,1,1,0.5326453,0
1,1,1,1,1,1,1,1,0.5485502,0
1,1,1,1,1,1,1,1,0.5647767,0
1,1,1,1,1,1,1,1,0.5813033,0
1,1,1,1,1,1,1,1,0.5980881,0
1,1,1,1,1,1,1,1,0.6151064,0
1,1,1,1,1,1,1,1,0.6323128,0
1,1,1,1,1,1,1,1,0.6496799,0
1,1,1,1,1,1,1,1,0.6671695,0
1,1,1,1,1,1,1,1,0.6847423,0
1,1,1,1,1,1,1,1,0.7023591,0
1,1,1,1,1,1,1,1,0.7199899,0
1,1,1,1,1,1,1,1,0.7375945,0
1,1,1,1,1,1,1,1,1,1
1,1,1,1,1,1,1,1,1,1
1,1,1,1,1,1,1,1,1,1
1,1,1,1,1,1,1,1,1,1
1,1,1,1,1,1,1,1,1,1
1,1,1,1,1,1,1,1,1,1
1,1,1,1,1,1,1,1,1,1
1,1,1,1,1,1,1,1,1,1
1,1,1,1,1,1,1,1,1,1
1,1,1,1,1,1,1,1,1,1
1,1,1,1,1,1,1,1,1,1
1,1,1,1,1,1,1,1,1,1
1,1,1,1,1,1,1,1,1,1
1,1,1,1,1,1,1,1,1,1
1,1,1,1,1,1,1,1,1,1
1,1,1,1,1,1,1,1,1,1
1,1,1,1,1,1,1,1,1,1
1,1,1,1,1,1,1,1,1,1
1,1,1,1,1,1,1,1,1,1
1,1,1,1,1,1,1,1,1,1
1,1,1,1,1,1,1,1,1,1
1,1,1,1,1,1,1,1,1,1
1,1,1,1,1,1,1,1,1,1
1,1,1,1,1,1,1,1,1,1
1,1,1,1,1,1,1,1,1,1
1,1,1,1,1,1,1,1,1,1
1,0.7844186,1,1,1,1,1,1,1,2
1,0.7782498,1,1,1,1,1,1,1,2
1,0.7722212,1,1,1,1,1,1,1,2
1,0.7663367,1,1,1,1,1,1,1,2
1,0.7606059,1,1,1,1,1,1,1,2
1,0.7550324,1,1,1,1,1,1,1,2
1,0.7496193,1,1,1,1,1,1,1,2
1,0.7443759,1,1,1,1,1,1,1,2
1,0.7393053,1,1,1,1,1,1,1,2
1,0.7344161,1,1,1,1,1,1,1,2
1,0.7297111,1,1,1,1,1,1,1,2
1,0.7251986,1,1,1,1,1,1,1,2
1,1,1,1,1,1,1,1,1,1
1,1,1,1,1,1,1,1,1,1
1,1,1,1,1,1,1,1,1,1
1,1,1,1,1,1,1,1,1,1
1,1,1,1,1,1,1,1,1,1
1,1,1,1,1,1,1,1,1,1
1,1,1,1,1,1,1,1,1,1
1,1,1,1,1,1,1,1,1,1
1,1,1,1,1,1,1,1,1,1
1,1,1,1,1,1,1,1,1,1
1,1,1,1,1,1,1,1,1,1
1,1,1,1,1,1,1,1,1,1
1,1,1,1,1,1,1,1,1,1
0.6754791,1,1,1,1,1,1,1,1,2
0.6673509,1,1,1,1,1,1,1,1,2
0.6594473,1,1,1,1,1,1,1,1,2
0.6517755,1,1,1,1,1,1,1,1,2
0.6443492,1,1,1,1,1,1,1,1,2
0.6371812,1,1,1,1,1,1,1,1,2
0.6302842,1,1,1,1,1,1,1,1,2
0.623664,1,1,1,1,1,1,1,1,2
0.6173261,1,1,1,1,1,1,1,1,2
0.611288,1,1,1,1,1,1,1,1,2
0.7310051,1,1,1,1,1,1,1,1,2
1,1,1,1,1,1,1,1,1,1
1,1,1,1,1,1,1,1,1,1
1,1,1,1,1,1,1,1,1,1
1,1,1,1,1,1,1,1,1,1
1,1,1,1,1,1,1,1,1,1
1,1,1,1,1,1,1,1,1,1
1,1,1,1,1,1,1,1,1,1
1,1,1,1,1,1,1,1,1,1
1,1,1,1,1,1,1,1,1,1
1,1,1,1,1,1,1,1,1,1
1,1,1,1,1,1,1,1,1,1
1,1,1,1,1,1,1,1,1,1
1,1,1,1,1,1,1,1,1,1
1,1,1,1,1,1,1,1,1,1
1,1,1,1,1,1,1,1,1,1
1,1,1,1,1,1,1,1,1,1
1,1,1,1,1,1,1,1,1,1
1,1,1,1,1,1,1,1,1,1
1,1,1,1,1,1,1,1,1,1
1,1,1,1,1,1,1,1,1,1
1,1,1,1,1,1,1,1,1,1
1,1,1,1,1,1,1,1,1,1
1,1,1,1,1,1,1,0.9914855,1,1
1,1,1,1,1,1,1,0.9811303,1,1
1,1,1,1,1,1,1,0.9706838,1,1
1,1,1,1,1,1,1,0.9603181,1,1
1,1,1,1,1,1,1,0.97063,1,1
1,1,1,1,1,1,1,0.9806051,1,1
1,1,1,1,1,1,1,0.9902443,1,1
1,1,1,1,1,1,1,0.9995357,1,1
1,1,1,1,1,1,1,1,1,1
1,1,1,1,1,1,1,1,1,1
1,1,1,1,1,1,1,1,1,1
1,1,1,1,1,1,1,1,1,1
1,1,1,1,1,1,1,1,1,1
1,1,1,1,1,1,1,1,1,1
1,1,1,1,1,1,1,1,1,1
1,1,1,1,1,1,1,1,1,1
1,1,1,1,1,1,1,1,1,1
1,1,1,1,1,1,1,1,1,1
1,1,1,1,1,1,1,1,1,1
1,1,1,1,1,1,1,1,1,1
1,1,1,1,1,1,1,1,1,1
1,1,1,1,1,1,1,1,1,1
1,1,1,1,1,1,1,1,1,1
1,1,1,1,1,1,1,1,1,1
1,1,1,1,1,1,1,1,1,1
1,1,1,1,1,1,1,1,1,1
1,1,1,1,1,1,1,1,1,1
1,1,1,1,1,1,1,1,1,1
1,1,1,1,1,1,1,1,1,1
1,1,1,1,1,1,1,1,0.996079,1
1,1,1,1,1,1,1,1,0.9811853,1
1,1,1,1,1,1,1,1,0.9657081,1
1,1,1,1,1,1,1,1,0.9496592,1
1,1,1,1,1,1,1,1,0.9330553,1
1,1,1,1,1,1,1,1,0.9159204,1
1,1,1,1,1,1,1,1,0.898283,1
1,1,1,1,1,1,1,1,0.8801786,1
1,1,1,1,1,1,1,1,0.8616477,0
1,1,1,1,1,1,1,1,0.842735,0
1,1,1,1,1,1,1,1,0.8234916,0
1,1,1,1,1,1,1,1,0.8039713,0
1,1,1,1,1,1,1,1,0.7842311,0
1,1,1,1,1,1,1,1,0.7786116,0
1,1,1,1,1,1,1,1,0.7893309,0
1,1,1,1,1,1,1,1,0.8000327,0
1,1,1,1,1,1,1,1,0.8106972,0
1,1,1,1,1,1,1,1,0.8213054,0
1,1,1,1,1,1,1,1,0.8318469,0
1,1,1,1,1,1,1,1,0.8423115,0
1,1,1,1,1,1,1,1,0.8526813,0
1,1,1,1,1,1,1,1,0.8629387,1
1,1,1,1,1,1,1,1,0.8730752,1
1,1,1,1,1,1,1,1,0.8830832,1
1,1,1,1,1,1,1,1,0.8929465,1
1,1,1,1,1,1,1,1,0.9026505,1
1,1,1,1,1,1,1,1,0.9121888,1
1,1,1,1,1,1,1,1,0.9215566,1
1,1,1,1,1,1,1,1,0.9307404,1
1,1,1,1,1,1,1,1,0.9397365,1
1,1,1,1,1,1,1,1,0.9485416,1
1,1,1,1,1,1,1,1,0.9571444,1
1,1,1,1,1,1,1,1,0.9655434,1
1,1,1,1,1,1,1,1,0.9737284,1
1,1,1,1,1,1,1,1,0.9816988,1
1,1,1,1,1,1,1,1,0.9894549,1
1,1,1,1,1,1,1,1,0.9969884,1
1,1,1,1,1,1,1,1,1,1
1,1,1,1,1,1,1,1,1,1
1,1,1,1,1,1,1,1,1,1
1,1,1,1,1,1,1,1,1,1
1,1,1,1,1,1,1,1,1,1
1,1,1,1,1,1,1,0.8717985,1,1
1,1,1,1,1,1,1,0.8621137,1,1
1,1,1,1,1,1,1,0.8524164,1,1
1,1,1,1,1,1,1,0.8427102,1,1
1,1,1,1,1,1,1,0.8329981,1,1
1,1,1,1,1,1,1,0.823283,1,1
1,1,1,1,1,1,1,0.813568,1,1
1,1,1,1,1,1,1,0.8038566,1,1
1,1,1,1,1,1,1,0.7941515,1,1
1,1,1,1,1,1,1,0.7844556,1,1
1,1,1,1,1,1,1,0.774772,1,1
1,1,1,1,1,1,1,0.7651037,1,1
1,1,1,1,1,1,1,0.7554537,1,1
1,1,1,1,0.9935883,1,1,0.7574631,1,1
1,1,1,1,0.9854454,1,1,0.7823749,1,1
1,1,1,1,0.9769663,1,1,0.8064646,1,1
1,1,1,1,0.9681581,1,1,0.8296183,1,1
1,1,1,1,0.9590293,1,1,1,1,1
1,1,1,1,0.9484546,1,1,1,1,1
1,1,1,1,0.9377425,1,1,1,1,1
1,1,1,1,0.9268962,1,1,1,1,1
1,1,1,1,0.9159197,1,1,1,1,1
1,1,1,1,0.9048168,1,1,1,1,1
1,1,1,1,0.8935927,1,1,1,1,1
1,1,1,1,0.8822526,1,1,1,1,1
1,1,1,0.9937497,0.8708022,1,1,1,1,1
1,1,1,0.9796356,0.8591529,1,1,1,1,1
1,1,1,0.9650347,0.8472002,1,1,1,1,2
1,1,1,0.9499693,0.8349565,1,1,1,1,2
1,1,1,0.9344668,0.822437,1,1,1,1,2
1,1,1,0.91856,0.8096606,1,1,1,1,2
1,1,1,0.9022862,0.796649,1,1,1,1,2
1,1,1,0.8856864,0.7834266,1,1,1,1,2
1,1,1,0.8688056,0.781768,1,1,1,1,2
1,1,1,0.8518602,0.7829912,1,1,1,1,2
1,1,1,0.8349204,0.7849208,1,1,1,1,2
1,1,1,0.8180188,0.787559,1,1,1,1,2
1,1,1,0.8011861,0.790922,1,1,1,1,2
1,1,1,0.7844499,0.7950279,1,1,1,1,2
1,1,1,0.767835,0.7998685,1,1,1,1,2
1,1,0.966061,0.7513626,0.8054641,1,1,1,1,2
1,1,0.9392173,0.7344679,0.8137407,1,1,1,1,2
1,1,0.9120758,0.7173837,0.824454,1,1,1,1,2
1,1,0.8848263,0.7001954,0.8377783,1,1,1,1,2
1,1,0.8576475,0.6829863,0.8539127,1,1,1,1,2
1,1,0.8307025,0.6658338,0.8730845,0.9966061,1,1,1,2
1,1,0.8041066,0.6487951,0.8956406,0.9839866,1,1,1,2
1,1,0.7779288,0.6383115,0.9220587,0.9714876,1,1,1,2
1,1,0.7524001,0.6489916,0.9523365,1,1,1,1,2
1,1,0.7281066,0.6601743,0.9891558,1,1,1,1,2
1,1,0.7048569,0.6719983,0.9742311,1,1,1,1,2
1,1,0.6821485,0.6853907,0.9595271,1,1,1,1,2
1,1,0.6600252,0.7004148,0.9450741,1,1,1,1,2
1,1,0.6385174,0.7171522,0.9308954,1,1,1,1,2
1,1,0.6176429,0.7356757,0.9170073,1,1,1,1,2
1,1,0.5974088,0.7560464,0.9034199,1,1,1,1,2
1,1,0.5778119,0.7783605,0.8901361,1,1,1,1,2
1,1,0.5588417,0.8027033,0.8771545,1,1,1,1,2
1,1,0.5404812,0.8291477,0.8644689,1,1,1,1,2
1,1,0.5227083,0.8577867,0.8520693,1,1,1,1,2
1,1,0.5208553,0.8781726,0.897837,1,1,1,1,2
1,0.7802682,0.5288957,0.8636473,0.9700314,1,1,1,1,2
1,0.7365493,0.5437499,0.8474976,1,1,1,1,1,2
1,0.6956073,0.5604532,0.8318402,1,1,1,1,1,2
1,0.6574014,0.5790292,0.816713,1,1,1,1,0.9970454,2
1,0.6216604,0.5997058,0.8020935,1,1,1,1,0.9904429,2
1,0.5881484,0.6227638,0.7879614,1,1,1,1,0.9841408,2
1,0.5566568,0.6485085,0.7742966,1,1,1,1,0.978134,2
1,0.5270042,0.6773187,0.7906765,1,1,1,1,0.9724122,2
1,0.4990291,0.7096646,0.89753,1,1,1,1,0.9669586,2
1,0.4730482,0.7444805,1,1,1,1,1,0.9619752,2
1,0.4489295,0.7739917,1,1,1,1,1,0.957453,2
1,0.4261023,0.7578132,1,1,1,1,1,0.9531835,2
1,0.4138349,0.7420609,1,1,1,1,1,0.9490401,2
1,0.4236001,0.7268226,1,1,1,1,1,0.94508,2
0.6988676,0.4338066,0.712222,1,1,1,1,1,0.941388,2
0.6409823,0.4463962,0.6974335,1,1,1,1,0.4994029,0.937497,2
0.6001477,0.4551808,0.6848096,1,1,1,1,1,0.9346852,2
0.5511752,0.4696319,0.6708524,1,1,1,1,0.4858693,1,2
0.5119341,0.4820643,0.6581874,1,1,1,1,0.4794121,1,2
0.4750347,0.4955455,0.7063726,1,1,1,1,0.4729374,1,2
0.440889,0.509669,0.7708081,1,1,1,1,0.4666243,1,2
0.4092859,0.5242938,0.8438322,1,1,1,1,0.4605048,1,2
0.3799383,0.5393515,0.9264714,1,1,1,1,0.4545673,1,2
0.3630797,0.5547533,1,1,1,1,1,1,1,2
0.3711964,0.5778803,1,1,1,1,1,0.4415419,1,2
0.3772394,0.5929883,1,1,1,1,1,0.9825102,1,2
0.3863203,0.619572,1,1,1,1,1,0.9708516,1,2
0.3960698,0.6394957,1,1,1,1,1,0.422243,1,2
0.4018729,0.6266694,1,1,1,1,1,0.9539893,1,2
0.412577,0.608821,1,1,1,1,1,0.943229,1,2
0.4240411,0.5917269,1,1,1,1,1,0.9328313,1,2
0.4363227,0.5753474,1,1,1,1,1,0.9227716,1,2
0.4494689,0.5596463,1,1,1,1,1,0.9130393,1,2
0.4635398,0.5445899,1,1,1,1,1,0.9036185,1,2
0.4784538,0.5332005,1,1,1,1,1,0.8945638,0.9768464,2
0.4933026,0.5710413,1,1,1,1,1,0.8862104,0.9576756,2
0.5076499,0.6086387,1,1,1,1,1,0.8785306,0.9563215,2
0.5217643,0.6466595,1,1,1,1,1,0.8712603,0.95458,2
0.5355487,0.6846572,1,1,1,1,1,0.8643287,0.9524298,2
0.5489389,0.7222141,1,1,1,1,1,0.857664,0.9498439,2
0.5618588,0.7588601,1,1,1,1,1,0.8512209,0.9468193,2
0.5835179,0.7941501,1,1,1,1,1,0.8449602,0.3486494,0
0.5816718,0.7677558,1,1,1,1,1,0.8418695,0.3413149,0
0.5796915,0.7443217,1,1,1,1,1,0.8391584,0.3343485,0
0.5775445,0.7234227,1,1,1,1,1,0.8368117,0.3277356,0
0.5751976,0.7047135,1,1,1,1,1,0.8348126,0.3214621,0
0.5726149,0.6879257,1,1,1,1,1,0.8331382,0.3155078,0
0.5697597,0.67282,1,1,1,1,1,0.8317704,0.3098595,0
0.5665929,0.6591967,1,1,1,1,1,1,0.3045044,0
0.5584992,0.6565596,1,1,1,1,1,1,0.2997177,0
0.5500304,0.6542768,1,1,1,1,1,1,0.3582195,0
0.5394554,0.6559077,1,1,1,1,1,1,0.8020951,2
0.5168721,0.6840976,1,1,1,1,1,1,0.7995769,2
0.495263,0.714005,1,1,1,1,1,1,0.7970372,2
0.4745835,0.7456527,1,1,1,1,1,1,0.794467,2
0.4547856,1,1,1,1,1,1,1,0.7918507,2
0.437501,1,1,1,1,1,1,1,0.7885639,2
0.4278904,1,1,1,1,1,1,1,0.7852976,2
0.4380397,1,1,1,1,1,1,1,0.7820033,2
0.4482402,1,1,1,1,1,1,1,0.7785751,2
0.4584745,1,1,1,1,1,1,1,0.7750028,2
0.4687161,1,1,1,1,1,1,1,0.7712843,2
0.4789468,1,1,1,1,1,1,1,0.7674118,2
0.489131,1,1,1,1,1,1,1,0.763391,2
0.4992502,1,1,1,1,1,1,1,0.7592168,2
0.5092774,1,1,1,1,1,1,1,0.7548907,2
0.5191861,1,1,1,1,1,1,1,0.7504159,1
0.5289498,1,1,1,1,1,1,1,0.7457963,1
0.5385525,1,1,1,1,1,1,1,0.7410303,1
0.5479692,1,1,1,1,1,1,1,0.7361238,1
0.5571761,1,1,1,1,1,1,1,0.7310834,1
0.566151,1,1,1,1,1,1,1,0.7259166,1
0.5748817,1,1,1,1,1,1,1,0.7206252,1
0.5833573,1,1,1,1,1,1,1,0.7152119,1
0.5915502,1,1,1,1,1,1,1,0.7096924,1
0.5994529,1,1,1,1,1,1,1,0.7040705,1
0.607059,1,1,1,1,1,1,1,0.6983507,1
0.6143457,1,1,1,1,1,1,1,0.6925502,1
0.6213103,1,1,1,1,1,1,0.9991513,0.6866744,1
0.627928,1,1,1,1,1,1,0.9940254,0.6807213,1
0.6340693,1,1,1,1,1,1,0.9890052,0.6746669,1
0.6397228,1,1,1,1,1,1,0.9841039,0.6685342,1
1,1,1,1,1,1,1,0.9793229,0.6623341,0
1,1,1,1,1,1,1,0.9763179,0.6542419,0
1,1,1,1,1,1,1,0.9737193,0.646396,0
1,1,1,1,1,1,1,0.9715506,0.6388173,0
1,1,1,1,1,1,1,0.9698352,0.631525,0
1,1,1,1,1,1,1,0.9685887,0.6678859,0
1,1,1,1,1,1,1,1,0.7626202,0
1,1,1,1,1,1,1,1,0.8494512,0
1,1,1,1,1,1,1,1,0.9276444,1
1,1,1,1,1,1,1,1,0.9934713,1
1,1,1,1,1,1,1,1,1,1
1,1,1,1,1,1,1,1,1,1
1,1,1,1,1,1,1,1,0.9293467,1
1,1,1,1,1,1,1,1,0.9245515,1
1,1,1,1,1,1,1,1,0.9197615,1
1,1,1,1,1,1,1,1,0.9149855,1
1,1,1,1,1,1,1,1,0.9102316,1
1,1,1,1,1,1,1,1,0.9054958,1
1,1,1,1,1,1,1,1,0.9007867,1
1,1,1,1,1,1,1,1,0.8961067,0
1,1,1,1,1,1,1,1,0.8914582,0
1,1,1,1,1,1,1,1,0.88685,0
1,1,1,1,1,1,1,1,0.8822845,0
1,1,1,1,1,1,1,1,0.8777707,0
1,1,1,1,1,1,1,1,0.8733048,0
1,1,1,1,1,1,1,1,0.8688958,0
1,1,1,1,1,1,1,1,0.8645524,0
1,1,1,1,1,1,1,1,0.8602713,0
1,1,1,1,1,1,1,1,0.8560611,0
1,1,1,1,1,1,1,1,0.8519246,0
1,1,1,1,1,1,1,1,0.8478706,0
1,1,1,1,1,1,1,1,0.8438956,0
1,1,1,1,1,1,1,1,0.8400084,0
1,1,1,1,1,1,1,1,0.8362176,0
1,1,1,1,1,1,1,1,0.8325197,0
1,1,1,1,1,1,1,1,0.828923,0
1,1,1,1,1,1,1,1,1,1
1,1,1,1,1,1,1,1,1,1
1,1,1,1,1,1,1,1,1,1
1,1,1,1,1,1,1,1,1,1
1,1,1,1,1,1,1,1,1,1
1,1,1,1,1,1,1,1,1,1
1,1,1,1,1,1,1,1,1,1
1,1,1,1,1,1,1,1,1,1
1,1,1,1,1,1,1,1,1,1
1,1,1,1,1,1,1,1,1,1
1,1,1,1,1,1,1,1,1,1
1,1,1,1,1,1,1,1,1,1
1,1,1,1,1,1,1,1,1,1
1,1,1,1,1,1,1,1,1,1
1,1,1,1,1,1,1,1,1,1
1,1,1,1,1,1,1,1,1,1
1,1,1,1,1,1,1,1,1,1
1,1,1,1,1,1,1,1,1,1
1,1,1,1,1,1,1,1,1,1
1,1,1,1,1,1,1,1,1,1
1,1,1,1,1,1,1,1,1,1
1,1,1,1,1,1,1,1,1,1
1,1,1,1,1,1,1,1,1,1
1,1,1,1,1,1,1,1,1,1
1,1,1,1,1,1,1,1,1,1
1,1,1,1,1,1,1,1,1,1
1,1,1,1,1,1,1,1,1,1
1,1,1,1,1,1,1,1,1,1
1,1,1,1,1,1,1,1,1,1
1,1,1,1,1,1,1,1,1,1
1,1,1,1,1,1,1,1,1,1
1,1,1,1,1,1,1,1,1,1
1,1,1,1,1,1,1,1,1,1
1,1,1,1,1,1,1,1,1,1
1,1,1,1,1,1,1,1,1,1
1,1,1,1,1,1,1,1,1,1
1,1,1,1,1,1,1,1,1,1
1,1,1,1,1,1,1,1,1,1
1,1,1,1,1,1,1,1,1,1
1,1,1,1,1,1,1,1,1,1
1,1,1,1,1,1,1,1,1,1
1,1,1,1,1,1,1,1,1,1
1,1,1,1,1,1,1,1,1,1
1,1,1,1,1,1,1,1,1,1
1,1,1,1,1,1,1,1,1,1
1,1,1,1,1,1,1,1,1,1
1,1,1,1,1,1,1,1,1,1
1,1,1,1,1,1,1,1,1,1
1,1,1,1,1,1,1,1,1,1
1,1,1,1,1,1,1,1,1,1
1,1,1,1,1,1,1,1,1,1
1,1,1,1,1,1,1,1,1,1
1,1,1,1,1,1,1,1,1,1
1,1,1,1,1,1,1,1,1,1
1,1,1,1,1,1,1,1,1,1
1,1,1,1,1,1,1,1,1,1
1,1,1,1,1,1,1,1,1,1
1,1,1,1,1,1,1,1,1,1
1,1,1,1,1,1,1,1,1,1
1,1,1,1,1,1,1,1,1,1
1,1,1,1,1,1,1,1,1,1
1,1,1,1,1,1,1,1,1,1
1,1,1,1,1,1,1,1,1,1
1,1,1,1,1,1,1,1,1,1
1,1,1,1,1,1,1,1,1,1
1,1,1,1,1,1,1,1,1,1
1,1,1,1,1,1,1,1,1,1
1,1,1,1,1,1,1,1,1,1
1,1,1,1,1,1,1,1,1,1
1,1,1,1,1,1,1,1,1,1
1,1,1,1,1,1,1,1,1,1
1,1,1,1,1,1,1,1,1,1
1,1,1,1,1,1,1,1,1,1
1,1,1,1,1,1,1,1,1,1
1,1,1,1,1,1,1,1,1,1
1,1,1,1,1,1,1,1,1,1
1,1,1,1,1,1,1,1,1,1
1,1,1,1,1,1,1,1,1,1
1,1,1,1,1,1,1,1,1,1
1,1,1,1,1,1,1,1,1,1
1,1,1,1,1,1,1,1,1,1
1,1,1,1,1,1,1,1,1,1
1,1,1,1,1,1,1,1,1,1
1,1,1,1,1,1,1,1,1,1
1,1,1,1,1,1,1,1,1,1
1,1,1,1,1,1,1,1,1,1
1,1,1,1,1,1,1,1,1,1
0.8519033,1,1,1,1,1,1,1,1,2
0.853352,1,1,1,1,1,1,1,1,2
0.854883,1,1,1,1,1,1,1,1,2
1,1,1,1,1,1,1,1,1,1
1,1,1,1,1,1,1,1,1,1
1,1,1,1,1,1,1,1,1,1
1,1,1,1,1,1,1,1,1,1
1,1,1,1,1,1,1,1,1,1
1,1,1,1,1,1,1,1,1,1
1,1,1,1,1,1,1,1,1,1
1,1,1,1,1,1,1,1,1,1
1,1,1,1,1,1,1,1,1,1
1,1,1,1,1,1,1,1,1,1
1,1,1,1,1,1,1,1,1,1
1,1,1,1,1,1,1,1,1,1
1,1,1,1,1,1,1,1,1,1
1,1,1,1,1,1,1,1,1,1
1,1,1,1,1,1,1,1,1,1
1,1,1,1,1,1,1,1,1,1
1,1,1,1,1,1,1,1,1,1
1,1,1,1,1,1,1,1,1,1
1,1,1,1,1,1,1,1,1,1
1,1,1,1,1,1,1,1,1,1
1,1,1,1,1,1,1,1,1,1
1,1,1,1,1,1,1,1,1,1
1,1,1,1,1,1,1,1,1,1
1,1,1,1,1,1,1,1,1,1
1,1,1,1,1,1,1,1,1,1
1,1,1,1,1,1,1,1,1,1
1,1,1,1,1,1,1,1,1,1
1,1,1,1,1,1,1,1,1,1
1,1,1,1,1,1,1,1,1,1
1,1,1,1,1,1,1,1,1,1
1,1,1,1,1,1,1,1,1,1
1,1,1,1,1,1,1,1,1,1
1,1,1,1,1,1,1,1,1,1
1,1,1,1,1,1,1,1,1,1
1,1,1,1,1,1,1,1,1,1
1,1,1,1,1,1,1,1,1,1
1,1,1,1,1,1,1,1,1,1
1,1,1,1,1,1,1,1,1,1
1,1,1,1,1,1,1,1,1,1
1,1,1,1,1,1,1,1,1,1
1,1,1,1,1,1,1,1,1,1
1,1,1,1,1,1,1,1,1,1
1,1,1,1,1,1,1,1,1,1
1,1,1,1,1,1,1,1,1,1
1,1,1,1,1,1,1,1,1,1
1,1,1,1,1,1,1,1,1,1
1,1,1,1,1,1,1,1,1,1
1,1,1,1,1,1,1,1,1,1
1,1,1,1,1,1,1,1,1,1
1,1,1,1,1,1,1,1,1,1
1,1,1,1,1,1,1,1,1,1
1,1,1,1,1,1,1,1,1,1
1,1,1,1,1,1,1,1,1,1
1,1,1,1,1,1,1,1,1,1
1,1,1,1,1,1,1,1,1,1
1,1,1,1,1,1,1,1,1,1
1,1,1,1,1,1,1,1,1,1
1,1,1,1,1,1,1,1,1,1
1,1,1,1,1,1,1,1,1,1
1,1,1,1,1,1,1,1,1,1
1,1,1,1,1,1,1,1,1,1
1,1,1,1,1,1,1,1,1,1
1,1,1,1,1,1,1,1,1,1
1,1,1,1,1,1,1,1,1,1
1,1,1,1,1,1,1,1,1,1
1,1,1,1,1,1,1,1,1,1
1,1,1,1,1,1,1,1,1,1
1,1,1,1,1,1,1,1,1,1
1,1,1,1,1,1,1,1,1,1
1,1,1,1,1,1,1,1,1,1
1,1,1,1,1,1,1,1,1,1
1,1,1,1,1,1,1,1,1,1
1,1,1,1,1,1,1,1,1,1
1,1,1,1,1,1,1,1,1,1
1,1,1,1,1,1,1,1,1,1
1,1,1,1,1,1,1,1,1,1
1,1,1,1,1,1,1,1,1,1
1,1,1,1,1,1,1,1,1,1
1,1,1,1,1,1,1,1,1,1
1,1,1,1,1,1,1,1,1,1
1,1,1,1,1,1,1,1,1,1
1,1,1,1,1,1,1,1,1,1
1,1,1,1,1,1,1,1,1,1
1,1,0.9972073,1,1,1,1,1,1,1
1,1,0.9862434,1,1,1,1,1,1,1
1,1,0.9751992,1,1,1,1,1,1,1
1,1,0.9640768,1,1,1,1,1,1,1
1,1,0.9528791,1,1,1,1,1,1,1
1,1,0.9416094,1,1,1,1,1,1,1
1,1,0.9302704,1,1,1,1,1,1,1
1,1,0.918866,1,1,1,1,1,1,1
1,1,0.9074,1,1,1,1,1,1,1
1,1,0.8958761,1,1,1,1,1,1,1
1,1,0.8842984,1,1,1,1,1,1,1
1,1,0.8726712,1,1,1,1,1,1,1
1,1,0.8609992,1,1,1,1,1,1,1
1,1,0.8492869,1,1,1,1,1,1,1
1,1,0.8375389,1,1,1,1,1,1,1
1,1,0.8257602,1,1,1,1,1,1,1
1,1,0.8139555,1,1,1,1,1,1,1
1,1,0.8160957,1,1,1,1,1,1,1
1,1,0.823188,1,1,1,1,1,1,1
1,0.9840189,0.8301984,1,1,1,1,1,1,1
1,0.9660375,0.8381432,1,1,1,1,1,1,1
1,0.947783,0.8471768,1,1,1,1,1,1,1
1,0.9292995,0.8573327,1,1,1,1,1,1,2
1,0.9106299,0.8686641,1,1,1,1,1,1,2
1,0.8918179,0.8812283,1,1,1,1,1,1,2
1,0.8729068,0.8950693,1,1,1,1,1,1,2
1,0.8539387,0.9102532,1,1,1,1,1,1,2
1,0.8349544,0.9268317,1,1,1,1,1,1,2
1,0.8159919,0.9448797,1,1,1,1,1,1,2
1,0.7970878,0.9644582,1,1,1,1,1,1,2
1,0.7782757,0.9856323,1,1,1,1,1,1,2
1,0.7595862,1,1,1,1,1,1,1,2
1,0.7409672,1,1,1,1,1,1,1,2
1,0.7223142,1,1,1,1,1,1,1,2
1,0.7036669,1,1,1,1,1,1,1,2
1,0.6983828,1,1,1,1,1,1,1,2
1,0.7072995,1,1,1,1,1,1,1,2
1,0.7162907,1,1,1,1,1,1,1,2
1,0.7000141,1,1,1,1,1,1,1,2
1,0.6823304,1,1,1,1,1,1,1,2
1,0.6647333,1,1,1,1,1,1,1,2
1,0.6472527,1,1,1,1,1,1,1,2
0.9882354,0.6299157,1,1,1,1,1,1,1,2
0.9472106,0.6125386,1,1,1,1,1,1,1,2
0.9047281,0.5946874,1,1,1,1,1,1,1,2
0.8613652,0.5832579,1,1,1,1,1,1,1,2
0.8179604,0.6001049,1,1,1,1,1,1,1,2
0.7759382,0.6189386,1,1,1,1,1,1,1,2
0.7355464,0.6399078,1,1,1,1,1,1,1,2
0.6969613,0.6631698,1,1,1,1,1,1,1,2
0.6602899,0.6888789,1,1,1,1,1,1,1,2
0.6255831,0.7172097,1,1,1,1,1,1,1,2
0.6224078,0.7483346,1,1,1,1,1,1,1,2
0.6352457,0.7809621,1,1,1,1,1,1,1,2
0.6206281,0.8142111,1,1,1,1,1,1,1,2
0.5931997,0.8494648,1,1,1,1,1,1,1,2
0.567141,1,1,1,1,1,1,1,1,2
0.543694,1,1,1,1,1,1,1,1,2
0.5208607,1,1,1,1,1,1,1,1,2
0.5326953,1,1,1,1,1,1,1,1,2
0.5461583,1,1,1,1,1,1,1,1,2
0.5599602,1,1,1,1,1,1,1,1,2
0.5740691,1,1,1,1,1,1,1,1,2
0.5884601,1,1,1,1,1,1,1,1,2
0.6031069,1,1,1,1,1,1,1,1,2
0.6179813,1,1,1,1,1,1,1,1,2
0.6330635,0.994526,1,1,1,1,1,1,1,2
0.6483647,1,1,1,1,1,1,1,1,2
0.6637629,1,1,1,1,1,1,1,1,2
0.6792762,1,1,1,1,1,1,1,1,2
0.694872,1,1,1,1,1,1,1,1,2
0.7105176,1,1,1,1,1,1,1,1,2
0.7261892,1,1,1,1,1,1,1,1,2
0.7418442,1,1,1,1,1,1,1,1,2
0.7574588,1,1,1,1,1,1,1,1,2
0.7730105,1,1,1,1,1,1,1,1,2
1,1,1,1,1,1,1,1,1,1
1,1,1,1,1,1,1,1,1,1
1,1,1,1,1,1,1,1,1,1
1,1,1,1,1,1,1,1,1,1
1,1,1,1,1,1,1,1,1,1
1,1,1,1,1,1,1,1,1,1
1,1,1,1,1,1,1,1,1,1
1,1,1,1,1,1,1,1,1,1
1,1,1,1,1,1,1,1,1,1
1,1,1,1,1,1,1,1,1,1
0.9986675,1,1,1,1,1,1,1,1,1
0.9884311,0.9471987,1,1,1,1,1,1,1,1
0.977605,0.9387901,1,1,1,1,1,1,1,1
0.9665295,0.9303142,1,1,1,1,1,1,1,1
0.9552148,0.9217757,1,1,1,1,1,1,1,1
0.9436735,0.91318,1,1,1,1,1,1,1,1
0.9319197,0.9045329,1,1,1,1,1,1,1,1
0.9199692,0.8958411,1,1,1,1,1,1,1,1
0.9078388,0.8871118,1,1,1,1,1,1,1,1
0.8955473,0.8783528,1,1,1,1,1,1,1,1
0.8831142,0.8695719,1,1,1,1,1,1,1,1
0.8705599,0.9028832,1,1,1,1,1,1,1,1
0.8581352,0.9515939,1,1,1,1,1,1,1,1
0.8459145,1,1,1,1,1,1,1,1,1
0.854008,1,1,1,1,1,1,1,1,1
0.8689706,1,1,1,1,1,1,1,1,1
0.8836629,1,1,1,1,1,1,1,1,1
0.8980583,1,1,1,1,1,1,1,1,1
0.9121437,1,1,1,1,1,1,1,1,1
0.9259065,1,1,1,1,1,1,1,1,1
0.9393258,1,1,1,1,1,1,1,1,1
0.9523928,1,1,1,1,1,1,1,1,1
0.9651005,1,1,1,1,1,1,1,1,1
0.9774324,0.994377,1,1,1,1,1,1,1,1
0.9894323,0.9864909,1,1,1,1,1,1,1,1
1,0.978649,1,1,1,1,1,1,1,1
1,0.9708432,1,1,1,1,1,1,1,1
1,0.9630295,1,1,1,1,1,1,1,1
1,0.9552088,1,1,1,1,1,1,1,1
1,0.9473814,1,1,1,1,1,1,1,1
1,0.9395485,1,1,1,1,1,1,1,1
1,0.9317104,1,1,1,1,1,1,1,1
1,0.9238679,1,1,1,1,1,1,1,1
1,0.916022,1,1,1,1,1,1,1,1
1,0.9203986,1,1,1,1,1,1,1,1
1,0.9614329,1,1,1,1,1,1,1,1
1,1,1,1,1,1,1,1,1,1
0.7820841,1,1,1,1,1,1,1,1,2
0.7700592,1,1,1,1,1,1,1,1,2
0.7580575,1,1,1,1,1,1,1,1,2
0.7460918,1,1,1,1,1,1,1,1,2
0.7341758,1,1,1,1,1,1,1,1,2
0.722322,1,1,1,1,1,1,1,1,2
0.7232289,1,1,1,1,1,1,1,1,2
0.7429893,1,1,1,1,1,1,1,1,2
0.7626392,1,1,1,1,1,0.9968016,1,1,2
0.7819743,1,1,1,1,1,0.9900128,1,1,2
0.9359368,1,1,1,1,1,0.9813262,1,1,1
0.9270418,1,1,1,1,1,0.9632166,1,1,1
0.9184443,1,1,1,1,1,0.9438173,1,1,1
0.9101623,1,1,1,1,1,0.9230615,1,1,1
0.9022146,1,1,1,1,1,0.9008993,1,1,1
0.8946218,1,1,1,1,1,0.8773085,1,1,1
0.8874038,1,1,1,1,1,0.8522913,1,1,1
0.8805825,1,1,1,1,1,0.8361861,1,1,1
0.8739622,1,1,1,1,1,0.8301099,1,1,1
0.8673273,1,1,1,1,1,0.8240811,1,1,1
0.8606738,1,1,1,1,1,0.8180911,1,1,1
0.8539977,1,1,1,1,1,0.8121452,1,1,1
0.8472958,1,1,1,1,1,0.8062414,1,1,1
0.840564,1,1,1,1,1,0.800378,1,1,1
0.8337986,1,1,1,1,1,0.7945465,1,1,1
0.826996,1,1,1,1,1,0.7887515,1,1,1
0.8201523,1,1,1,1,1,0.7829915,1,1,1
0.8132638,1,1,1,1,1,0.7772711,1,1,1
0.8063267,1,1,1,1,1,0.7715815,1,1,1
0.799337,1,1,1,1,1,0.7659206,1,1,1
0.792291,1,1,1,1,1,0.7602868,1,1,1
0.7851855,1,1,1,1,1,0.7546777,1,1,1
0.778016,1,1,1,1,1,0.7490915,1,1,1
0.7707798,1,1,1,1,1,0.7435258,1,1,1
0.763473,1,1,1,1,1,0.7379857,1,1,1
0.7560922,1,1,1,1,1,1,1,1,2
0.7432448,1,1,1,1,1,1,1,1,2
0.7304462,1,1,1,1,1,1,1,1,2
0.745484,1,1,1,1,1,1,1,1,2
0.763427,1,1,1,1,1,1,1,1,2
0.7812447,1,1,1,1,1,1,1,1,2
0.7988964,1,1,1,1,1,1,1,1,2
0.8163545,1,1,1,1,1,1,1,1,2
0.8335806,1,1,1,1,1,1,1,1,1
0.85055,1,1,1,1,1,1,1,1,1
0.8672279,1,1,1,1,1,1,1,1,1
0.883592,1,1,1,1,1,1,1,1,1
0.8996121,1,1,1,1,1,1,1,1,1
0.9152701,1,1,1,1,1,1,1,1,1
0.9305395,1,1,1,1,1,1,1,1,1
0.9454066,1,1,1,1,1,1,1,1,1
0.9598601,1,1,1,1,1,1,1,1,1
0.9738804,1,1,1,1,1,1,1,1,1
0.9874482,1,1,1,1,1,1,1,1,1
1,1,1,1,1,1,1,1,1,1
1,1,1,1,1,1,1,1,1,1
1,1,1,1,1,1,1,1,1,1
1,1,1,1,1,1,1,1,1,1
1,1,1,1,1,1,1,1,1,1
1,1,1,1,1,1,1,1,1,1
1,1,1,1,1,1,1,1,1,1
1,1,1,1,1,1,1,1,1,1
1,1,1,1,1,1,1,0.4779692,1,0
1,1,1,1,1,1,1,0.4709807,1,0
1,1,1,1,1,1,1,0.464365,1,0
1,1,1,1,1,1,1,0.4581131,1,0
1,1,1,1,1,1,1,0.452223,1,0
1,1,1,1,1,1,1,0.4466874,1,0
0.984537,1,0.9932185,1,1,1,1,0.441506,1,0
0.9690005,1,0.9812285,1,1,1,1,0.4366732,1,0
0.9543523,1,0.969632,1,1,1,1,0.4321903,1,0
0.9405221,1,0.9584155,1,1,1,1,1,1,1
0.9497808,1,0.9500428,1,1,1,1,1,1,1
0.9587676,1,0.9416393,1,1,1,1,1,1,1
0.9674709,1,0.9332041,1,1,1,1,1,1,1
0.9758903,1,0.9247366,1,1,1,1,1,0.4212058,0
0.9619594,1,0.9139009,1,1,1,1,1,0.4132532,0
0.9487736,1,0.9034063,0.9564334,1,1,1,1,0.4057648,0
0.9362791,1,0.8932414,0.9402477,1,1,1,1,0.3987236,0
0.924427,1,0.883396,0.9245946,1,1,1,1,0.3921145,0
0.9131656,1,0.8738602,0.9094496,1,1,1,1,0.3859296,0
0.9024552,1,0.8646252,0.8947899,1,1,1,1,0.3801562,0
0.8922604,1,0.8556827,0.8805946,1,1,1,1,0.3747825,0
0.8825489,1,0.8470252,0.8668441,1,1,1,1,0.4528939,0
0.8740589,1,0.8385862,0.8537286,1,1,1,1,1,1
0.880884,1,0.8290926,0.8448375,1,1,1,1,1,1
0.8875703,1,0.81964,0.8358971,1,1,1,1,1,1
0.8941054,1,0.8102237,0.8269064,1,1,1,1,1,1
0.9004854,1,0.8008391,0.8178644,1,1,1,1,1,1
0.9067003,1,0.7914818,0.8087708,1,1,1,1,1,1
0.9127487,1,0.7821489,0.799626,1,1,1,1,1,1
0.9186221,1,0.7728365,0.7904304,1,1,1,1,1,1
0.9243212,1,0.7635421,0.7811854,1,1,1,1,1,1
0.9298395,1,0.754263,0.7718922,1,1,1,1,1,1
0.9351798,1,0.7449966,0.7625523,1,1,1,1,1,1
1,1,0.7357408,0.7531675,1,1,1,1,1,1
1,1,0.7265481,0.743405,1,1,1,1,1,1
1,1,0.7173506,0.7336401,1,1,1,1,1,1
1,1,0.708148,0.7238736,1,1,1,1,1,1
1,1,0.6989399,0.7141059,1,1,1,1,1,1
1,1,0.6897261,0.7043378,1,1,1,1,1,1
1,1,0.6805068,0.6945702,1,1,1,1,1,1
1,0.9934983,0.6712815,0.6848035,1,1,1,1,1,1
1,0.9839198,0.6620454,0.6750563,1,1,1,1,1,1
1,0.9742252,0.6527966,0.6653371,1,1,1,1,1,1
1,0.9644161,0.6435355,0.6556447,1,1,1,1,1,1
1,0.9544948,0.6342624,0.6459784,1,1,1,1,1,1
1,0.9444634,0.6249777,0.6363372,1,1,1,1,1,1
1,0.9343253,0.615682,0.6267201,1,1,1,1,1,1
1,0.9240844,0.606376,0.6171266,1,1,1,1,1,1
1,0.9137448,0.5970606,0.6075556,1,1,1,1,1,1
1,0.9033109,0.5877365,0.5980063,1,1,1,1,1,1
1,0.8927878,0.5784048,0.5884778,1,1,1,1,1,1
1,0.882181,0.5690666,0.5789695,1,1,1,1,1,1
1,0.8766112,0.5597227,0.5694802,1,1,1,1,1,1
1,0.8844248,0.5503773,0.5599972,1,1,1,1,1,1
1,0.891891,0.5410398,0.5504898,1,1,1,1,1,1
1,0.8990268,0.5317085,0.5409601,1,1,1,1,1,1
1,0.9058371,0.5223817,0.5314103,1,1,1,1,1,1
1,0.91234,0.5130581,0.5218421,1,1,1,1,1,1
1,0.9185539,0.5037366,0.5122579,1,1,1,1,1,1
1,0.9244975,0.4944158,0.5026591,1,1,1,1,1,1
1,0.930176,0.4850949,0.4930477,1,1,1,1,1,1
1,0.9356082,0.4757729,0.4834251,1,1,1,1,1,1
1,0.9408116,0.4664494,0.4737935,1,1,1,1,1,1
1,0.9458039,0.4571233,0.4641536,1,1,1,1,1,1
1,0.9506021,0.4477937,0.4545067,1,1,1,1,1,1
1,0.5015911,0.4384602,0.4448543,1,1,1,1,1,2
1,0.4887782,0.4288635,0.4360064,1,1,1,1,1,2
1,0.476207,0.4193369,0.4271608,1,1,1,1,1,2
1,0.4638647,0.4098752,0.4183139,1,1,1,1,1,2
1,0.4517379,0.4004727,0.4094616,1,1,1,1,1,2
1,0.4398143,0.3911251,0.4006016,1,1,1,1,1,2
0.9525871,0.4280814,0.3818273,0.3917308,1,1,1,1,1,2
0.9287841,0.4162087,0.3725656,0.3829967,1,1,1,1,1,2
0.9051124,0.4044101,0.3633582,0.3743205,1,1,1,1,1,2
0.8816733,0.3927062,0.3542086,0.3656977,1,1,1,1,1,2
0.8585564,0.3811151,0.3451199,0.3571235,1,1,1,1,1,2
0.8358372,0.3696517,0.3360935,0.3485925,1,1,1,1,1,2
0.8135773,0.3583281,0.3271301,0.340099,1,1,1,1,1,2
0.7918246,0.347153,0.3182291,1,1,1,1,1,0.9999155,2
0.7639667,0.3350536,0.3095167,1,1,1,1,1,0.9987488,2
0.7374445,0.323301,0.3009579,1,1,1,1,1,0.9977042,2
0.4178169,0.3118926,0.2925454,1,1,1,1,1,0.996756,2
0.3970364,0.3003663,0.2844122,1,1,1,1,1,0.9970571,2
0.3774137,0.2892544,0.27648,1,1,1,1,1,0.9976107,2
0.3588645,0.2785388,0.2687434,1,1,1,1,1,0.9984257,2
0.3413122,0.2682021,0.2611971,1,1,1,1,1,0.999512,2
0.3246879,0.2582284,0.2538362,1,1,1,1,1,1,2
0.3090617,0.2486325,1,1,1,1,1,1,1,2
0.2940956,0.2393335,1,1,1,1,1,1,1,2
0.2798878,0.2303559,1,1,1,1,1,1,1,2
0.2663916,0.2216878,1,1,1,1,1,1,1,2
0.2535641,0.2133182,1,1,1,1,1,0.9972242,1,2
0.2413661,0.2052366,1,1,1,1,1,0.9911432,1,2
0.2297621,0.1974335,1,1,1,1,1,0.9853337,1,2
0.2188446,0.1899105,1,1,1,1,1,0.9797133,1,2
0.2085531,0.1826386,1,1,1,1,1,0.9742076,1,2
0.1988129,0.3507205,1,1,1,1,1,0.9687629,1,2
0.1895951,1,1,1,1,1,1,0.9632868,1,2
0.1808726,1,1,1,1,1,1,0.9576427,1,2
0.1724593,1,1,1,1,1,1,0.9519988,1,2
0.1643329,1,1,1,1,1,1,0.9463337,1,2
0.1564721,1,1,1,1,1,1,0.9406332,1,2
0.1628537,1,1,1,1,1,1,0.9348844,1,2
0.1875619,1,1,1,1,1,1,0.9290224,1,2
0.2132964,1,1,1,1,1,1,0.9229788,1,2
0.2399454,1,1,1,1,1,1,0.9167379,1,2
0.267394,1,1,1,1,1,1,0.9102812,1,2
0.2954752,1,1,1,1,1,1,0.9036074,1,2
0.3240225,1,1,1,1,1,1,0.8967115,1,2
0.3528553,1,1,1,1,1,1,0.8895926,1,2
0.3818009,1,1,1,1,1,1,0.882246,0.9972153,1
0.4105598,1,1,1,1,1,1,0.8746546,0.9897333,1
0.4387071,1,1,1,1,1,1,0.866796,0.9813257,1
0.4659753,1,1,1,1,1,1,0.8586683,0.9719992,1
1,1,1,1,1,1,1,0.8502797,0.9617763,0
1,1,1,1,1,1,1,0.8400468,0.9450561,0
1,1,1,1,1,1,1,0.8297359,0.927904,0
1,1,1,1,1,1,1,0.8193678,0.9103674,0
1,1,1,1,1,1,1,0.8089779,0.8925151,0
1,1,1,1,1,1,1,0.7985983,0.8744119,0
1,1,1,1,1,1,1,0.7882698,0.8561338,0
1,1,1,1,1,1,1,0.7780231,0.8377446,0
1,1,1,1,1,1,1,0.7679037,0.8193247,0
1,1,1,1,1,1,1,0.7579589,0.8009558,0
1,1,1,1,1,1,1,0.7482257,0.8002334,0
1,1,1,1,1,1,1,0.7388172,0.8339356,0
1,1,1,1,1,1,1,0.729854,0.8690278,0
1,1,1,1,1,1,1,0.7213001,0.905332,0
1,1,1,1,1,1,1,0.7867265,0.9426235,0
1,1,1,1,1,1,1,0.9852398,0.9752716,1
1,1,1,1,1,1,1,1,0.7995621,0
1,1,1,1,1,1,1,1,0.788344,0
1,1,1,1,1,1,1,1,0.7771343,0
1,1,1,1,1,1,1,1,0.7659522,0
1,1,1,1,1,1,1,1,0.7548102,0
1,1,1,1,1,1,1,1,0.7437274,0
1,1,1,1,1,1,1,1,0.7327234,0
1,1,1,1,1,1,1,1,0.7218107,0
1,1,1,1,1,1,1,1,0.7110084,0
1,1,1,1,1,1,1,1,0.7003354,0
1,1,1,1,1,1,1,1,0.6898106,0
1,1,1,1,1,1,1,1,0.6794454,0
1,1,1,1,1,1,1,1,0.6692582,0
1,1,1,1,1,1,1,1,0.6592598,0
1,1,1,1,1,1,1,1,0.649474,0
1,1,1,1,1,1,1,1,0.6399109,0
1,1,1,1,1,1,1,1,0.6305867,0
1,1,1,1,1,1,1,1,0.6710621,0
1,1,1,1,1,1,1,1,0.724897,0
1,1,1,1,1,1,1,1,0.7783362,0
1,1,1,1,1,1,1,1,0.8301359,0
1,1,1,1,1,1,1,1,0.8791156,0
1,1,1,1,1,1,1,1,1,1
1,1,1,1,1,1,1,1,1,1
1,1,1,1,1,1,1,1,1,1
1,1,1,1,1,1,1,1,1,1
1,1,1,1,1,1,1,1,1,1
1,1,1,1,1,1,1,1,1,1
1,1,1,1,1,1,1,1,1,1
1,1,1,1,1,1,1,1,1,1
1,1,1,1,1,1,1,1,1,1
1,1,1,1,1,1,1,1,1,1
1,1,1,1,1,1,1,1,1,1
1,1,1,1,1,1,1,1,1,1
1,1,1,1,1,1,1,1,1,1
1,1,1,1,1,1,1,1,1,1
1,1,1,1,1,1,1,1,1,1
1,1,1,1,1,1,1,1,1,1
1,1,1,1,1,1,1,1,1,1
1,1,1,1,1,1,1,1,1,1
1,1,1,1,1,1,1,1,1,1
1,1,1,1,1,1,1,1,1,1
1,1,1,1,1,1,1,1,1,1
1,1,1,1,1,0.9910489,1,1,1,1
1,1,1,1,1,0.9794637,1,1,1,1
1,1,1,1,1,0.9676088,1,1,1,1
1,1,1,1,1,0.9554868,1,1,1,1
1,1,1,1,1,0.9431018,1,1,1,1
1,1,1,1,1,0.9304596,1,1,1,1
1,1,1,1,1,0.9175671,1,1,1,1
1,1,1,1,1,0.9044331,1,1,1,1
1,1,1,1,1,0.8910671,1,1,1,1
1,1,1,1,1,0.8855362,1,1,1,1
1,1,1,1,1,0.8809826,1,1,1,1
1,1,1,1,1,0.8765677,1,1,1,1
1,1,1,1,1,0.8722872,1,1,1,1
1,1,1,1,1,0.8681362,1,1,1,1
1,1,1,1,1,0.8641108,1,1,1,1
1,1,1,1,1,0.8602067,1,1,1,1
1,1,1,1,1,0.8564202,1,1,1,1
1,1,1,1,1,0.852757,1,1,1,1
1,1,1,1,1,0.8492038,0.9940239,1,1,1
1,1,1,1,1,0.8459822,0.9737197,1,1,0
1,1,1,1,1,0.8436111,0.9526719,1,1,0
1,1,1,1,1,0.8421116,0.9309694,1,1,0
1,1,1,1,1,0.8415053,0.9087076,1,1,0
1,1,1,1,1,0.8418263,0.8859881,1,1,0
1,1,1,1,1,0.8430896,0.8629142,1,1,0
1,1,1,1,1,0.8453211,0.8395901,1,1,0
1,1,1,1,1,0.8485594,0.8161176,1,1,0
1,1,1,1,1,0.8528227,0.7925953,1,1,0
1,1,1,1,1,0.8581412,0.7691154,1,1,0
1,1,1,1,1,0.8645468,0.7457638,1,1,0
1,1,1,1,1,0.8720717,0.7226176,1,1,0
1,1,1,1,1,0.8807513,0.6997447,1,1,0
1,1,1,1,1,0.8906091,0.6772043,1,1,0
1,1,1,1,1,0.9016713,0.6550457,1,1,0
1,1,1,1,1,0.9139886,0.6496417,1,1,0
1,1,1,1,1,0.9267847,0.6528598,1,1,0
1,1,1,1,1,0.9396217,0.6560592,1,1,0
1,1,1,1,1,0.9524692,0.6592259,1,1,0
1,1,1,1,1,1,0.6623558,1,1,0
1,1,1,1,1,1,0.6649304,1,1,0
1,1,1,1,1,1,0.6676303,1,1,0
1,1,1,1,1,1,0.6704448,0.9348779,1,0
1,1,1,1,1,1,0.6753755,0.8878485,1,0
1,1,1,1,1,1,0.6819813,0.8404592,1,0
1,1,1,1,1,1,0.6903835,0.7933227,1,0
1,1,1,1,1,1,0.7007181,0.7469904,1,0
1,1,1,1,1,1,0.7131077,0.7019277,1,0
1,1,1,1,1,1,0.7276911,0.658502,1,0
1,1,1,1,1,1,0.7446169,0.6169773,1,0
1,1,1,1,1,1,0.7640448,0.5775235,1,0
1,1,1,1,1,1,0.7861251,0.5402249,1,0
1,1,1,1,1,1,0.8108684,0.506655,1,0
1,1,1,1,1,1,1,0.5128428,1,0
1,1,1,1,1,1,1,0.5180732,1,0
1,1,1,1,1,1,1,0.5236299,1,0
1,1,1,1,1,1,1,0.5295182,1,0
1,1,1,1,1,1,1,1,1,1
1,1,1,1,1,1,1,1,1,1
1,1,1,1,1,1,1,1,1,1
1,1,1,1,1,1,1,1,1,1
1,1,1,1,1,1,1,1,1,1
1,1,1,1,1,1,1,1,1,1
1,1,1,1,1,1,1,1,1,1
1,1,1,1,1,1,1,1,1,1
1,1,1,1,1,1,1,1,1,1
1,1,1,1,1,1,1,1,1,1
1,1,1,1,1,1,1,1,1,1
1,1,1,1,1,1,1,1,1,1
1,1,1,1,1,1,1,1,1,1
1,1,1,1,1,1,1,1,1,1
1,1,1,1,1,1,1,1,1,1
1,1,1,1,1,1,1,1,1,1
1,1,1,1,1,1,1,1,1,1
1,1,1,1,1,1,1,1,1,1
1,1,1,1,1,1,1,1,1,1
1,1,1,1,1,1,1,1,1,1
1,1,1,1,1,1,1,1,1,1
1,1,1,1,1,1,1,1,1,1
1,1,1,1,1,1,1,1,1,1
1,1,1,1,1,1,1,1,1,1
1,1,1,1,1,1,1,1,1,1
1,1,1,1,1,1,1,1,1,1
1,1,1,1,1,1,1,1,1,1
1,1,1,1,1,1,1,1,1,1
1,1,1,1,1,1,1,1,1,1
1,1,1,1,1,1,1,1,1,1
1,1,1,1,1,1,1,1,1,1
1,1,1,1,1,1,1,1,1,1
1,1,1,1,1,1,1,1,1,1
1,1,1,1,1,1,1,1,1,1
1,1,1,1,1,1,1,1,1,1
1,1,1,1,1,1,1,1,1,1
1,1,1,1,1,1,1,1,1,1
1,1,1,1,1,1,1,1,1,1
1,1,1,1,1,1,1,1,1,1
1,1,1,1,1,1,1,1,1,1
1,1,1,1,1,1,1,1,1,1
1,1,1,1,1,1,1,1,1,1
1,1,1,1,1,1,1,1,1,1
1,1,1,1,1,1,1,1,1,1
1,1,1,1,1,1,1,1,1,1
1,1,1,1,1,1,1,1,1,1
1,1,1,1,1,1,1,1,1,1
1,1,1,1,1,1,1,1,1,1
1,1,1,1,1,1,1,1,1,1
1,1,1,1,1,1,1,1,1,1
1,1,1,1,1,1,1,1,1,1
1,1,1,1,1,1,1,1,1,1
1,1,1,1,1,1,1,1,1,1
1,1,1,1,1,1,1,1,1,1
1,1,1,1,1,1,1,1,1,1
1,1,1,1,1,1,1,1,1,1
1,1,1,1,1,1,1,1,1,1
1,1,1,1,1,1,1,1,1,1
1,1,1,1,1,1,1,1,1,1
1,1,1,1,1,1,1,1,1,1
1,1,1,1,1,1,1,1,1,1
1,1,1,1,1,1,1,1,1,1
1,1,1,1,1,1,1,1,1,1
1,1,1,1,1,1,1,1,1,1
1,1,1,1,1,1,1,1,1,1
1,1,1,1,1,1,1,1,1,1
1,1,1,1,1,1,1,1,1,1
1,1,1,1,1,1,1,1,1,1
1,1,1,1,1,1,1,1,1,1
1,1,1,1,1,1,1,1,1,1
1,1,1,1,1,1,1,1,1,1
1,1,1,1,1,1,1,1,1,1
1,1,1,1,1,1,1,1,1,1
1,1,1,1,1,1,1,1,1,1
1,1,1,1,1,1,1,1,1,1
1,1,1,1,1,1,1,1,1,1
1,1,1,1,1,1,1,1,1,1
1,1,1,1,1,1,1,1,1,1
1,1,1,1,1,1,1,1,1,1
1,1,1,1,1,1,1,1,1,1
1,1,1,1,1,1,1,1,1,1
1,1,1,1,1,1,1,1,1,1
1,1,1,1,1,1,1,1,1,1
1,1,1,1,1,1,1,1,1,1
1,1,1,1,1,1,1,1,1,1
1,1,1,1,1,1,1,1,1,1
1,1,1,1,1,1,1,1,1,1
1,1,1,1,1,1,1,1,1,1
1,1,1,1,1,1,1,1,1,1
1,1,1,1,1,1,1,1,1,1
1,1,1,1,1,1,1,1,1,1
1,1,1,1,1,1,1,1,1,1
1,1,1,1,1,1,1,1,1,1
1,1,1,1,1,1,1,1,1,1
1,1,1,1,1,1,1,1,1,1
1,1,1,1,1,1,1,1,1,1
1,1,1,1,1,1,1,1,1,1
1,1,1,1,1,1,1,1,1,1
1,1,1,1,1,1,1,1,1,1
1,1,1,1,1,1,1,1,1,1
1,1,1,1,1,1,1,1,1,1
1,1,1,1,1,1,1,1,1,1
1,1,1,1,1,1,1,1,1,1
1,1,1,1,1,1,1,1,1,1
1,1,1,1,1,1,1,1,1,1
1,1,1,1,1,1,1,1,1,1
1,1,1,1,1,1,1,1,1,1
1,1,1,1,1,1,1,1,1,1
1,1,1,1,1,1,1,1,1,1
1,1,1,1,1,1,1,1,1,1
1,1,1,1,1,1,1,1,1,1
1,1,1,1,1,1,1,1,1,1
1,1,1,1,1,1,1,1,1,1
1,1,1,1,1,1,1,1,1,1
1,1,1,1,1,1,1,1,1,1
1,1,1,1,1,1,1,1,1,1
1,1,1,1,1,1,1,1,1,1
1,1,1,1,1,1,1,1,1,1
1,1,1,1,1,1,1,1,1,1
1,1,1,1,1,1,1,1,1,1
1,1,1,1,1,1,1,1,1,1
1,1,1,1,1,1,1,1,1,1
1,1,1,1,1,1,1,1,1,1
1,1,1,1,1,1,1,1,1,1
1,1,1,1,1,1,1,1,1,1
1,1,1,1,1,1,1,1,1,1
1,1,1,1,1,1,1,1,1,1
1,1,1,1,1,1,1,1,1,1
1,1,1,1,1,1,1,1,1,1
1,1,1,1,1,1,1,1,1,1
1,1,1,1,1,1,1,1,1,1
1,1,1,1,1,1,1,1,1,1
1,1,1,1,1,1,1,1,1,1
1,1,1,1,1,1,1,1,1,1
1,1,1,1,1,1,1,1,1,1
1,1,1,1,1,1,1,1,1,1
1,1,1,1,1,1,1,1,1,1
1,1,1,1,1,1,1,1,1,1
1,1,1,1,1,1,1,1,1,1
1,1,1,1,1,1,1,1,1,1
1,1,1,1,1,1,1,1,1,1
1,1,1,1,1,1,1,1,1,1
1,1,1,1,1,1,1,1,1,1
1,1,1,1,1,1,1,1,1,1
1,1,1,1,1,1,1,1,1,1
1,1,1,1,1,1,1,1,1,1
1,1,1,1,1,1,1,1,1,1
1,1,1,1,1,1,1,1,1,1
1,1,1,1,1,1,1,1,1,1
1,1,1,1,1,1,1,1,1,1
1,1,1,1,1,1,1,1,1,1
1,1,1,1,1,1,1,1,1,1
1,1,1,1,1,1,1,1,1,1
1,1,1,1,1,1,1,1,1,1
1,1,1,1,1,1,1,1,1,1
1,1,1,1,1,1,1,1,1,1
1,1,1,1,1,1,1,1,1,1
1,1,0.8290074,1,1,1,1,1,1,1
1,1,0.8168246,1,1,1,1,1,1,1
1,1,0.8046115,1,1,1,1,1,1,1
1,1,0.7923744,1,1,1,1,1,1,1
1,1,0.7801193,1,1,1,1,1,1,1
1,1,0.7678519,1,1,1,1,1,1,1
1,1,0.7555785,1,1,1,1,1,1,1
1,1,0.743305,1,1,1,1,1,1,2
1,1,0.7310371,1,1,1,1,1,1,2
1,1,0.7187804,1,1,1,1,1,1,2
1,1,0.70654,1,1,1,1,1,1,2
1,1,0.6943213,1,1,1,1,1,1,2
1,1,0.6821294,1,1,1,1,1,1,2
1,1,0.669969,1,1,1,1,1,1,2
1,1,0.6578442,1,1,1,1,1,1,2
1,1,0.6457597,1,1,1,1,1,1,2
1,1,0.6337191,1,1,1,1,1,1,2
1,1,0.6217259,1,1,1,1,1,1,2
1,1,0.6323451,1,1,1,1,1,1,2
1,1,0.644102,1,1,1,1,1,1,2
1,1,0.6559223,1,1,1,1,1,1,2
1,1,0.667796,1,1,1,1,1,1,2
1,1,0.6797127,1,1,1,1,1,1,2
1,1,0.6916438,1,1,1,1,1,1,2
1,1,1,1,1,1,1,1,1,1
1,1,1,1,1,1,1,1,1,1
1,1,1,1,1,1,1,1,1,1
1,1,1,1,1,1,1,1,1,1
1,1,1,1,1,1,1,1,1,1
1,1,1,1,1,1,1,1,1,1
1,1,1,1,1,1,1,1,1,1
1,1,1,1,1,1,1,1,1,1
1,1,1,1,1,1,1,1,1,1
1,1,1,1,1,1,1,1,1,1
1,1,1,1,1,1,1,1,1,1
1,1,1,1,1,1,1,1,1,1
1,0.5435033,1,1,1,1,1,1,1,2
1,0.5231785,1,1,1,1,1,1,1,2
1,0.5032817,1,1,1,1,1,1,1,2
1,0.4838361,1,1,1,1,1,1,1,2
1,0.4648586,1,1,1,1,1,1,1,2
1,0.4463616,1,1,1,1,1,1,1,2
1,0.4283527,1,1,1,1,1,1,1,2
1,0.4108346,1,1,1,1,1,1,1,2
1,0.4186564,1,1,1,1,1,1,1,2
1,0.4309719,1,1,1,1,1,1,1,2
1,0.4437479,1,1,1,1,1,1,1,2
1,0.456981,1,1,1,1,1,1,1,2
1,0.4706441,1,1,1,1,1,1,1,2
1,1,1,1,1,1,1,1,1,1
1,1,1,1,1,1,1,1,1,1
0.4688463,1,1,1,1,1,1,1,1,2
0.4373944,1,1,1,1,1,1,1,1,2
0.4074669,1,1,1,1,1,1,1,1,2
0.3791052,1,1,1,1,1,1,1,1,2
0.3539377,1,1,1,1,1,1,1,1,2
0.3643705,1,1,1,1,1,1,1,1,2
0.375549,1,1,1,1,1,1,1,1,2
0.387352,1,1,1,1,1,1,1,1,2
0.3997139,1,1,1,1,1,1,1,1,2
0.4126266,1,1,1,1,1,1,1,1,2
0.4260716,1,1,1,1,1,1,1,1,2
1,1,1,1,1,1,1,1,1,1
1,1,1,1,1,1,1,1,1,1
1,1,1,1,1,1,1,1,1,1
1,1,1,1,1,1,1,1,1,1
1,1,1,1,1,1,1,1,1,1
1,1,1,1,1,1,1,1,1,1
1,1,1,1,1,1,1,1,1,1
1,1,1,1,1,1,1,1,1,1
1,1,1,1,1,1,1,1,1,1
1,1,1,1,1,1,1,1,1,1
1,1,1,1,1,1,1,1,1,1
1,1,1,1,1,1,1,1,1,1
1,1,1,1,1,1,1,1,1,1
1,1,1,1,1,1,1,1,1,1
1,1,1,1,1,1,1,1,1,1
1,1,1,1,1,1,1,1,1,1
1,1,1,1,1,1,1,1,1,1
1,1,1,1,1,1,1,1,1,1
1,1,1,1,1,1,1,1,1,1
1,1,1,1,1,1,1,1,1,1
1,1,1,1,1,1,1,1,1,1
1,1,1,1,1,1,1,1,1,1
1,1,1,1,1,1,1,1,1,1
1,1,1,1,1,1,1,1,1,1
1,1,1,1,1,1,1,1,1,1
1,1,1,1,1,1,1,1,1,1
1,1,1,1,1,1,1,1,1,1
1,1,1,1,1,1,1,1,1,1
1,1,1,1,1,1,1,1,1,1
1,1,1,1,1,1,1,1,1,1
1,1,1,1,1,1,1,1,1,1
1,1,1,1,1,1,1,1,1,1
1,1,1,1,1,1,1,1,1,1
1,1,1,1,1,1,1,1,1,1
1,1,1,1,1,1,1,1,1,1
1,1,1,1,1,1,1,1,1,1
1,1,1,1,1,1,1,1,1,1
1,1,1,1,1,1,1,1,1,1
1,1,1,1,1,1,1,1,1,1
1,1,1,1,1,1,1,1,1,1
1,1,1,1,1,1,1,1,1,1
1,1,1,1,1,1,1,0.9991539,1,1
1,1,1,1,1,1,1,0.9942009,1,1
1,1,1,1,1,1,1,0.989293,1,1
1,1,1,1,1,1,1,0.9844229,1,1
1,1,1,1,1,1,1,0.9795961,1,1
1,1,1,1,1,1,1,0.9748125,1,1
1,1,1,1,1,1,1,0.9700777,1,1
1,1,1,1,1,1,1,0.9653913,1,1
1,1,1,1,1,1,1,0.960753,1,1
1,1,1,1,1,1,1,0.9561628,1,1
1,1,1,1,1,1,1,0.951627,1,1
1,1,1,1,1,1,1,0.9471455,1,1
1,1,1,1,1,1,1,0.9427182,1,1
1,1,1,1,1,1,1,0.9383454,1,1
1,1,1,1,1,1,1,0.9340336,1,1
1,1,1,1,1,1,1,0.929783,1,1
1,1,1,1,1,1,1,0.9255939,1,1
1,1,1,1,1,1,1,0.9214665,1,1
1,1,1,1,1,1,1,0.9174077,1,1
1,1,1,1,1,1,1,0.9134177,1,1
1,1,1,1,1,1,1,0.9094971,1,1
1,1,1,1,1,1,1,0.905646,1,1
1,1,1,1,1,1,1,0.9018714,1,1
1,1,1,1,1,1,1,0.8981737,1,1
1,1,1,1,1,1,1,1,1,1
1,1,1,1,1,1,1,1,1,1
1,1,1,1,1,1,1,0.9652998,1,1
1,1,1,1,1,1,1,0.9226038,1,1
1,1,1,1,1,1,1,0.8742749,1,0
1,1,1,1,1,1,1,0.8694279,1,0
1,1,1,1,1,1,1,0.8662161,1,0
1,1,1,1,1,1,1,0.8630987,1,0
1,1,1,1,1,1,1,0.8600763,0.84579,0
1,1,1,1,1,1,1,0.858767,0.8400216,0
1,1,1,1,1,1,1,0.8577679,0.8344787,0
1,1,1,1,1,1,1,0.8570839,0.82917,0
1,1,1,1,1,1,1,0.8567193,0.8241032,0
1,1,1,1,1,1,1,0.8566846,0.8192908,0
1,1,1,1,1,1,1,0.8569827,0.8147389,0
1,1,1,1,1,1,1,0.8576224,0.8104581,0
1,1,1,1,1,1,1,0.8586052,0.8064524,0
1,1,1,1,1,1,1,0.8599316,0.8027244,0
1,1,1,1,1,1,1,0.8616012,0.7992761,0
1,1,1,1,1,1,1,0.86362,0.7961143,0
1,1,1,1,1,1,1,0.8659852,0.7932392,0
1,1,1,1,1,1,1,0.8686873,0.7906434,0
1,1,1,1,1,1,1,0.8717288,1,0
1,1,1,1,1,1,1,0.8711482,1,0
1,1,1,1,1,1,1,0.8706376,0.9684876,0
1,1,1,1,1,1,1,1,0.7770771,0
1,1,1,1,1,1,1,1,0.7751693,0
1,1,1,1,1,1,1,1,0.7734222,0
1,1,1,1,1,1,1,1,0.7718431,0
1,1,1,1,1,1,1,1,0.7704266,0
1,1,1,1,1,1,1,1,0.7691734,0
1,1,1,1,1,1,1,1,0.7680904,0
1,1,1,1,1,1,1,1,0.7671717,0
1,1,1,1,1,1,1,1,0.7664238,0
1,1,1,1,1,1,1,1,0.765847,0
1,1,1,1,1,1,1,1,0.765441,0
1,1,1,1,1,1,1,1,0.7652059,0
1,1,1,1,1,1,1,1,0.7651351,0
1,1,1,1,1,1,1,1,0.7652344,0
1,1,1,1,1,1,1,1,0.7655033,0
1,1,1,1,1,1,1,1,0.7659408,0
1,1,1,1,1,1,1,1,0.7665462,0
1,1,1,1,1,1,1,1,0.7673122,0
1,1,1,1,1,1,1,1,0.7682441,0
1,1,1,1,1,1,1,1,0.7693405,0
1,1,1,1,1,1,1,1,0.7705935,0
1,1,1,1,1,1,1,1,0.7720019,0
1,1,1,1,1,1,1,1,1,1
1,1,1,1,1,1,1,1,1,1
1,1,1,1,1,1,1,1,1,1
1,1,1,1,1,1,1,1,1,1
1,1,1,1,1,1,1,1,1,1
1,1,1,1,1,1,1,1,1,1
1,1,1,1,1,1,1,1,1,1
1,1,1,1,1,1,1,1,1,1
1,1,1,1,1,1,1,1,1,1
1,1,1,1,1,1,1,1,1,1
1,1,1,1,1,1,1,1,1,1
1,1,1,1,1,1,1,1,1,1
1,1,1,1,1,1,1,1,1,1
1,1,1,1,1,1,1,1,1,1
1,1,1,1,1,1,1,1,1,1
1,1,1,1,1,1,1,1,1,1
1,1,1,1,1,1,1,1,1,1
1,1,1,1,1,1,1,1,1,1
1,1,1,1,1,1,1,1,1,1
1,1,1,1,1,1,1,1,1,1
1,1,1,1,1,1,1,1,1,1
1,1,1,1,1,1,1,1,1,1
1,1,1,1,1,1,1,1,1,1
1,1,1,1,1,1,1,1,1,1
1,1,1,1,1,1,1,1,1,1
1,1,1,1,1,1,1,1,1,1
1,1,1,1,1,1,1,1,1,1
1,1,1,1,1,1,1,1,1,1
1,1,1,1,1,1,1,1,1,1
1,1,1,1,1,1,1,1,1,1
1,1,1,1,1,1,1,1,1,1
1,1,1,1,1,1,1,1,1,1
1,1,1,1,1,1,1,1,1,1
1,1,1,1,1,1,1,1,1,1
1,1,1,1,1,1,1,1,1,1
1,1,1,1,1,1,1,1,1,1
1,1,1,1,1,1,1,1,1,1
1,1,1,1,1,1,1,1,1,1
1,1,1,1,1,1,1,1,1,1
1,1,1,1,1,1,1,1,1,1
1,1,1,1,1,1,1,1,1,1
1,1,1,1,1,1,1,1,1,1
1,1,1,1,1,1,1,1,1,1
1,1,1,1,1,1,1,1,1,1
1,1,1,1,1,1,1,1,1,1
1,1,1,1,1,1,1,1,1,1
1,1,1,1,1,1,1,1,1,1
1,1,1,1,1,1,1,1,1,1
1,1,1,1,1,1,1,1,1,1
1,1,1,1,1,1,1,1,1,1
1,1,1,1,1,1,1,1,1,1
1,1,1,1,1,1,1,1,1,1
1,1,1,1,1,1,1,1,1,1
1,1,1,1,1,1,1,1,1,1
1,1,1,1,1,1,1,1,1,1
1,1,1,1,1,1,1,1,1,1
1,1,1,1,1,1,1,1,1,1
1,1,1,1,1,1,1,1,1,1
1,1,1,1,1,1,1,1,1,1
1,1,1,1,1,1,1,1,1,1
1,1,1,1,1,1,1,1,1,1
1,1,1,1,1,1,1,1,1,1
1,1,1,1,1,1,1,1,1,1
1,1,1,1,1,1,1,1,1,1
1,1,1,1,1,1,1,1,1,1
1,1,1,1,1,1,1,1,1,1
1,1,1,1,1,1,1,1,1,1
0.9803275,1,1,1,1,1,1,1,1,1
0.964995,1,1,1,1,1,1,1,1,1
0.9655977,1,1,1,1,1,1,1,1,1
0.9662086,1,1,1,1,1,1,1,1,1
0.9668336,1,1,1,1,1,1,1,1,1
0.9674664,1,1,1,1,1,1,1,1,1
0.9681067,1,1,1,1,1,1,0.9865786,1,1
0.9686216,1,1,1,1,1,1,0.9715596,1,1
0.9344658,1,1,1,1,1,1,0.955891,1,1
0.8957604,1,1,1,1,1,1,0.9412267,1,1
0.889587,1,1,1,1,1,1,0.9277766,1,1
0.8904765,1,1,1,1,1,1,0.9140216,1,1
0.891249,1,1,1,1,1,1,0.8996294,1,1
0.8918978,1,1,1,1,1,1,0.8846039,1,1
0.8924103,1,1,1,1,1,1,0.8689529,1,1
0.8927755,1,1,1,1,1,1,0.8526914,1,1
0.8929839,1,1,1,1,1,1,0.8358397,1,1
0.8930268,1,1,1,1,1,1,0.818425,1,1
0.8928976,1,1,1,1,1,1,0.8004801,1,1
0.8925979,1,1,1,1,1,1,0.7820432,1,1
0.8921175,1,1,1,1,1,1,0.763158,1,1
0.8914554,1,1,1,1,1,1,0.743873,1,1
0.8906178,1,1,1,1,1,1,0.7242402,1,0
0.8896008,1,1,1,1,1,1,0.7043153,1,0
0.888414,1,1,1,1,1,1,0.6841553,1,0
0.8870562,1,1,1,1,1,1,0.6638192,1,0
0.8855403,1,1,1,1,1,1,0.6433657,1,0
0.8838738,1,1,1,1,1,1,0.6437472,1,0
0.8822184,1,1,1,1,1,1,0.6476425,1,0
0.8806011,1,1,1,1,1,1,0.6515422,1,0
0.8790156,1,1,1,1,1,1,0.6554437,1,0
0.8774563,1,1,1,1,1,1,0.6593446,1,0
0.8759241,1,1,1,1,1,1,0.6632341,1,0
0.8744138,1,1,1,1,1,1,0.6671096,1,0
0.8729272,1,1,1,1,1,1,0.6709612,1,0
0.8714594,1,1,1,1,1,1,0.6747865,1,0
0.8700063,1,1,1,1,1,1,0.6785837,1,0
0.8685702,1,1,1,1,1,1,0.6823427,1,0
0.9462023,1,1,1,1,1,1,0.686062,0.9091598,0
0.9434434,1,1,1,1,1,1,0.6944677,0.8514968,0
0.940392,1,1,1,1,1,1,0.7045833,0.793512,0
0.8585745,1,1,1,1,1,1,0.7165542,0.7362554,0
0.8557369,1,1,1,1,1,1,0.7279242,0.6861483,0
0.8527638,1,1,1,1,1,1,0.7410046,0.6372277,0
0.8496984,1,1,1,1,1,1,0.7558945,0.5900326,0
0.8465936,1,1,1,1,1,1,0.772671,0.5519627,0
0.843509,1,1,1,1,1,1,0.7911621,0.5583082,0
0.8405809,1,1,1,1,1,1,1,0.5647714,0
0.8380342,1,1,1,1,1,1,1,0.5698183,0
0.8354973,1,1,1,1,1,1,1,0.5749521,0
0.8329547,1,1,1,1,1,1,1,0.5801736,0
0.8304095,1,1,1,1,1,1,1,0.5854622,0
0.8278529,1,1,1,1,1,1,1,0.5908116,0
0.825277,1,1,1,1,1,1,1,0.5962154,0
0.8226798,1,1,1,1,1,1,1,0.6016598,0
0.8976424,1,1,1,1,1,1,1,0.6071315,0
0.8950034,1,1,1,1,1,1,1,0.6138315,0
0.8923521,1,1,1,1,1,1,1,0.6206156,0
0.8896769,1,1,1,1,1,1,1,0.6274744,0
0.886979,1,1,1,1,1,1,1,0.6343842,0
0.8842481,1,1,1,1,1,1,1,0.6413354,0
0.8814805,1,1,1,1,1,1,1,0.6483112,0
0.8786672,1,1,1,1,1,1,1,0.6553021,0
0.8758122,1,1,1,1,1,1,1,0.662284,0
0.8729016,1,1,1,1,1,1,1,0.6692549,0
0.8699406,1,1,1,1,1,1,1,0.676191,0
0.8669229,1,1,1,1,1,1,1,0.6830831,0
0.8638485,1,1,1,1,1,1,1,0.6899152,0
0.8607123,1,1,1,1,1,1,1,0.6966789,0
0.8575221,1,1,1,1,1,1,1,1,2
0.9810613,1,1,1,1,1,1,1,1,1
1,1,1,1,1,1,1,1,1,1
1,1,1,1,1,1,1,1,1,1
1,1,1,1,1,1,1,1,1,1
1,1,1,1,1,1,1,1,1,1
1,1,1,1,1,1,1,1,1,1
1,1,1,1,1,1,1,1,1,1
1,1,1,1,1,1,1,1,1,1
1,1,1,1,1,1,1,1,1,1
1,1,1,1,1,1,1,1,1,1
1,1,1,1,1,1,1,1,1,1
1,1,1,1,1,1,1,1,1,1
1,1,1,1,1,1,1,1,1,1
1,1,1,1,1,1,1,1,1,1
1,1,1,1,1,1,1,1,1,1
1,1,1,1,1,1,1,1,1,1
1,1,1,1,1,1,1,1,1,1
1,1,1,1,1,1,1,1,1,1
1,1,1,1,1,1,1,1,1,1
1,1,1,1,1,1,1,1,1,1
1,1,1,1,1,1,1,1,1,1
1,1,1,1,1,1,1,1,1,1
1,1,1,1,1,1,1,1,1,1
1,1,1,1,1,1,1,1,1,1
1,1,1,1,1,1,1,1,1,1
1,1,1,1,1,1,1,1,1,1
1,1,1,1,1,1,1,1,1,1
1,1,1,1,1,1,1,1,1,1
1,1,1,1,1,1,1,1,1,1
1,1,1,1,1,1,1,1,1,1
1,1,1,1,1,1,1,1,1,1
1,1,1,1,1,1,1,1,1,1
1,1,1,1,1,1,1,1,1,1
1,1,1,1,1,0.9697424,1,1,1,1
0.9823219,1,1,1,1,0.9525835,1,1,1,1
0.9824195,1,1,1,1,0.9424914,1,1,1,1
0.9825028,1,1,1,1,0.9323853,1,1,1,1
0.9825659,1,1,1,1,0.9222654,1,1,1,1
0.9826085,1,1,1,1,0.9121324,1,1,1,1
0.9826311,1,1,1,1,0.9019866,1,1,1,1
0.9826339,1,1,1,1,0.8918288,1,1,1,1
0.9826169,1,1,1,1,0.8816594,1,1,1,1
0.9825805,1,1,1,1,0.871479,1,1,1,1
0.9825253,1,1,1,1,0.8612884,1,1,1,1
0.9824454,1,1,1,1,0.8510879,1,1,1,1
0.9823407,1,1,1,1,0.8408784,1,1,1,1
0.9822187,1,1,1,1,0.8306605,1,1,1,1
0.9820731,1,1,1,1,0.8204349,1,1,1,1
0.9819049,1,1,1,1,0.8102021,1,1,1,1
0.9817144,1,1,1,1,0.7999631,1,1,1,1
0.9815022,1,1,1,1,0.7897182,1,1,1,1
0.9812691,1,1,1,1,0.7794684,1,1,1,1
0.9810094,1,1,1,1,0.769214,1,1,1,1
0.9807302,1,1,1,1,0.7589561,1,1,1,1
0.9804257,1,1,1,1,0.748695,1,1,1,1
0.980103,1,1,1,1,0.7384316,1,1,1,1
0.9797567,1,1,1,1,0.7281667,0.7892967,1,1,0
1,1,1,1,1,0.7207608,0.776643,1,1,0
1,1,1,1,1,0.7482532,0.7637228,1,1,0
1,1,1,1,1,0.7778386,0.7509189,1,1,0
1,1,1,1,1,0.8096806,0.738229,1,1,0
1,1,1,1,1,0.8439583,0.7256508,1,1,0
1,1,1,1,1,1,0.7131824,1,1,0
1,1,1,1,1,1,0.7010121,1,1,0
1,1,1,1,1,1,0.6888656,1,1,0
1,1,1,1,1,1,0.6767476,1,1,0
1,1,1,1,1,1,0.6646623,1,1,0
1,1,1,1,1,1,0.6526144,1,1,0
1,1,1,1,1,1,0.6406074,1,1,0
1,1,1,1,1,1,0.6286454,1,1,0
1,1,1,1,1,1,0.6167313,1,1,0
1,1,1,1,1,1,0.6048684,1,1,0
1,1,1,1,1,1,0.5930597,1,1,0
1,1,1,1,1,1,0.5813074,1,1,0
1,1,1,1,1,1,0.5696136,1,1,0
1,1,1,1,1,1,0.5579807,1,1,0
1,1,1,1,1,1,0.5464097,1,1,0
1,1,1,1,1,1,0.5349026,1,1,0
1,1,1,1,1,1,0.5234603,1,1,0
1,1,1,1,1,1,0.5120837,1,1,0
1,1,1,1,1,1,0.5007731,1,1,0
1,1,1,1,1,1,0.489529,1,1,0
1,1,1,1,1,1,0.4880366,1,1,0
1,1,1,1,1,1,0.5040697,1,1,0
1,1,1,1,1,1,0.5204408,1,1,0
1,1,1,1,1,1,0.5371333,1,1,0
1,1,1,1,1,1,0.5541053,0.5478677,1,0
1,1,1,1,1,1,0.5996359,0.5276099,1,0
1,1,1,1,1,1,0.9705055,0.508287,1,0
1,1,1,1,1,1,0.9576865,0.4909469,1,0
1,1,1,1,1,1,0.9450682,0.4739509,1,0
1,1,1,1,1,1,0.9326684,0.4573177,1,0
1,1,1,1,1,1,0.9205019,0.4410613,1,0
1,1,1,1,1,1,0.9085807,0.4251918,1,0
1,1,1,1,1,1,0.8969126,0.4097139,1,0
1,1,0.9969255,1,1,1,0.8855032,0.3946292,1,0
1,1,0.9772172,1,1,1,0.8743638,0.379956,1,0
1,1,0.9586601,1,1,1,0.9725928,0.3657884,1,0
1,1,0.9416132,1,1,1,1,0.3521805,1,0
1,1,0.9255678,1,1,1,1,0.3621317,1,0
1,1,0.9107465,1,1,1,1,0.3767209,0.4850093,0
1,1,0.9166768,1,1,1,1,0.3997889,0.45627,0
1,1,0.924315,1,1,1,1,0.4253776,0.4293968,0
1,1,0.9328703,1,1,1,1,0.4538586,0.4042216,0
1,1,0.9424195,1,1,1,1,0.4856478,0.3805964,0
1,1,0.95305,1,1,1,1,0.8527237,0.3583907,0
1,1,0.964678,1,1,1,1,0.8359824,0.3375369,0
0.9873326,1,0.9777673,0.9840023,1,1,1,0.8199406,0.3178274,0
0.9452211,1,0.9922754,0.9519709,1,1,1,0.8046167,0.311717,0
0.9146566,1,1,0.923555,1,1,1,0.7904567,0.3256595,0
0.8947889,1,1,0.8989029,1,1,1,0.7774607,0.3395624,0
0.8826934,1,1,0.8772341,1,1,1,0.7653931,0.3533669,0
0.8760267,1,1,0.8578126,1,1,1,0.7540363,0.3670935,0
0.8733265,1,1,0.8401322,1,1,1,0.7432387,0.3807567,0
0.8736269,1,1,0.8238348,1,1,1,0.7328898,0.3943617,0
0.8762586,1,1,0.80865,1,1,1,0.7669553,0.4079177,0
0.8817611,1,1,0.7947303,0.9701226,1,1,0.8154547,0.421174,0
0.8915187,1,1,0.7824739,0.953094,1,1,0.8598615,0.4336614,1
0.9039859,1,1,0.7712814,0.9379506,1,1,0.9012889,0.866326,2
0.9441262,1,1,0.7688524,0.9379519,1,1,0.8970841,0.8614637,2
0.9815162,1,0.9550257,0.7651864,0.9358002,1,1,0.8994273,0.8553139,2
1,1,0.9277908,0.7616569,1,1,1,0.9010963,0.8491653,2
1,1,0.9034464,0.75708,1,1,1,0.9076362,0.8419387,2
1,1,0.8782115,0.7531575,1,1,1,0.9109536,0.8352009,2
1,1,0.8522633,0.7498785,1,1,1,0.9113296,0.8289297,2
1,1,0.8257829,0.7472476,1,1,1,0.9090499,0.8231007,2
1,1,0.7989499,0.7452598,1,1,1,0.9044612,0.8176874,2
1,1,0.7719373,0.7438983,1,1,1,0.8979456,0.8065509,2
1,1,0.7451096,0.7430188,1,1,1,0.8903502,0.801706,2
1,1,0.7183893,0.742741,1,1,1,0.8814802,0.797176,2
1,1,0.6919049,0.743052,1,1,1,0.8716478,0.7929233,2
1,1,0.6657683,0.7439373,1,1,1,0.8611342,0.78891,2
1,1,0.6400729,0.745371,1,1,1,0.8502048,0.7850952,2
1,1,0.6148925,0.7473264,1,1,1,0.8390862,0.7814366,2
1,1,0.5902845,0.7497843,1,1,1,0.8279489,0.7778914,2
1,1,0.5838667,0.7527243,1,1,1,0.8169321,0.774414,2
1,1,0.5827283,0.7555224,1,1,1,0.8073818,0.7704729,2
1,1,0.5814638,0.757993,1,1,1,0.7994482,0.7659125,2
1,1,0.5800655,1,1,1,1,0.7929198,0.7607353,1
1,1,0.5757011,1,1,1,1,0.7987974,0.7498675,1
1,1,0.571273,1,1,1,1,0.8048646,0.738768,1
1,1,0.5667824,1,1,1,1,0.8111219,0.7274431,1
1,1,0.5622226,1,1,1,1,0.8175845,0.7158984,1
1,1,0.5576032,1,1,1,1,1,0.7041404,2
1,1,0.5542856,1,1,1,1,1,0.6945339,2
1,1,0.5508755,1,1,1,1,1,0.6845618,2
1,1,0.5473686,1,1,1,1,1,0.6742215,2
1,1,0.5437536,1,1,1,1,1,0.6635128,1
1,1,0.5400273,1,1,1,1,1,0.6524372,1
1,1,0.5361792,1,1,1,1,1,0.6409975,1
1,1,0.5322076,1,1,1,1,1,0.6291994,1
1,0.7086097,0.5281035,0.9898861,1,1,1,1,0.6170493,2
1,0.6414581,0.5295358,0.9692448,1,1,1,1,0.6135541,2
1,0.5756693,0.5326099,0.9475321,1,1,1,0.9757099,0.6120348,2
1,0.5135347,0.5372114,0.957881,1,1,0.9707246,0.9487942,0.6121731,2
1,0.4569439,0.5429286,0.9838164,1,1,0.9627355,0.9222338,0.6131946,2
1,0.4092658,0.5495324,1,1,1,0.955068,0.89705,0.6146621,2
1,0.409259,0.556995,1,1,1,0.9477106,0.8733869,0.6164521,2
1,0.4093649,1,1,1,1,0.9404556,0.7146786,0.6170462,1
1,0.4066248,0.9941391,1,1,1,0.9310775,0.8555134,0.6010277,2
1,0.4044291,0.9769284,1,1,1,0.9220718,0.8541324,0.5875618,2
1,0.4022621,0.9599959,1,1,1,0.9130414,0.8528878,0.5737246,2
1,0.4001114,0.9433525,1,1,1,0.9039809,0.8518203,0.5594898,2
1,0.3979784,0.9270061,1,1,1,0.8948852,0.8509449,0.544835,2
1,0.3958446,0.910962,1,1,1,0.885749,0.8503083,0.5297412,1
1,0.3937119,0.8952228,1,1,1,0.8765672,0.8499201,0.5141951,1
1,0.391569,0.8797887,1,1,1,0.8673356,0.8498093,0.4981872,1
1,0.3894051,0.8646587,1,1,1,0.8580502,0.8500026,0.4817149,1
1,0.3872168,0.8498281,1,1,1,0.8487079,0.8505126,0.4802289,1
1,0.3851121,0.834904,1,1,1,0.8393933,0.8506712,0.4821334,1
1,0.3831101,0.8198311,1,1,1,0.8301226,0.8503691,0.483901,1
0.3423074,0.381205,0.8046481,1,1,1,0.8208901,0.8496583,0.4855432,2
0.3403313,0.382781,0.7791365,1,1,1,0.8144814,0.8297539,0.4825794,2
0.3387029,0.3847904,0.7547188,1,1,1,0.8083276,0.8109447,0.4796643,2
0.3374274,0.387256,0.7729186,1,1,1,0.8024268,0.7931216,0.4767883,2
0.3365044,0.3901951,0.7938741,1,1,1,0.7967782,0.7761975,0.4739483,2
0.3359345,0.3936273,0.816911,1,1,1,0.7913809,0.7600949,0.4711419,2
0.335719,0.3975744,0.8422574,1,1,1,0.7862353,0.7447447,0.4683661,2
0.3358604,0.9833581,0.8701774,1,1,1,0.7813416,0.730085,0.4656185,1
0.3348156,0.9674802,0.8665161,1,1,1,0.7704546,0.7323502,0.4668564,1
0.3338028,0.950614,0.8638426,1,1,1,0.7597585,0.7341259,0.4679843,1
0.332826,0.9328412,0.8621174,1,1,1,0.7492375,0.735418,0.4689987,1
0.3318895,0.9142507,0.8613049,1,1,1,0.738876,0.7362376,0.4698978,1
0.3310041,0.8949378,0.8613836,1,1,1,0.7286596,0.7365924,0.4706744,1
0.3301682,0.8750023,0.8623083,1,1,1,0.7185736,0.736512,0.4713356,1
0.3293868,0.8545452,0.8640483,1,1,1,0.7086045,0.7360209,0.4718828,1
0.3286586,0.8336671,0.8665614,1,1,1,0.6987392,0.735155,0.4723244,1
0.3279947,0.8124642,0.8698314,1,1,1,0.6889644,0.7339343,0.4726567,1
0.3273939,0.7910312,0.8738154,1,1,1,0.6792676,0.7323986,0.4728892,1
0.326855,0.7694557,0.8784715,1,1,1,0.6696365,0.7305871,0.4730315,2
0.3263827,0.7478179,0.8837708,1,1,1,0.660059,0.7285301,0.4730866,2
0.3259819,0.72619,0.8896829,1,1,1,0.6505229,0.726257,0.4730572,2
0.3256509,0.7046381,0.8961641,1,1,1,0.6410168,0.7238045,0.4729524,2
0.3253881,0.6832179,1,1,1,1,0.6315295,0.7212073,0.4727803,1
1,0.6636786,1,1,1,1,0.6215699,0.7198172,0.4728655,0
1,0.6658044,0.8718126,1,1,1,0.6058735,0.7354567,0.4770426,0
1,0.667864,0.8395651,0.9972966,1,1,0.590818,0.7519618,0.4816166,0
1,0.6683524,0.8120787,0.9922302,1,1,0.5766231,0.7532145,0.4862768,0
1,0.6675547,0.7880088,0.9869968,1,1,0.5630839,0.7280205,0.491042,0
1,0.6661539,0.7659635,0.9817733,1,1,0.5499911,0.7042865,0.4960309,0
1,0.6639956,0.745777,0.9764987,1,1,0.5373126,0.6819085,0.6827712,0
1,0.6530206,0.7346487,0.9686562,0.9632571,1,0.5259795,0.6646229,0.6480615,0
1,0.6423718,0.7231638,0.9610146,0.9162375,1,0.5427791,0.6473499,0.6139039,0
1,0.631497,0.7118422,0.9534076,0.9076046,1,0.5674846,0.6303642,0.5968297,0
1,0.6198277,0.7011611,0.9456533,0.8989328,1,0.592975,0.6139015,0.6011869,0
1,0.6064166,0.6918677,0.9374325,0.8900594,1,0.6169665,0.5983157,0.6052802,0
1,0.5913167,0.683849,0.9287404,0.8809713,1,0.6389607,0.5835104,0.6090812,1
1,0.5746163,0.6770085,0.9195811,0.8716625,1,0.6585133,0.5693974,0.6125683,1
1,0.5564365,0.6712626,0.9099689,0.8621337,1,0.6752656,0.555897,0.6157259,1
1,0.5369257,0.6665373,0.8999252,0.8523915,1,0.6889687,0.5429355,0.6185458,1
1,0.516256,0.6627676,0.8894804,0.8424486,1,0.6994992,0.5304452,0.6210262,1
1,0.4946137,0.6598831,0.8786703,0.8323213,1,0.7068878,0.5183628,0.623178,1
1,0.472192,0.6578196,0.8675355,0.8220301,1,0.71128,0.5066285,0.6250175,1
1,0.4491832,0.6565259,0.8561199,0.8115972,1,0.7128887,0.4951866,0.6265584,1
1,0.4457481,0.6559435,0.8444685,0.8010462,1,0.7120258,0.4839836,0.6278242,1
1,0.444218,0.6553539,0.8328713,0.7905222,1,0.7112654,0.4726947,0.6290797,1
1,0.4426869,0.654689,0.8213519,0.7800366,1,0.7108272,0.4612933,0.6303488,1
1,0.4411557,0.6539506,0.8099055,0.7695867,1,0.7106873,0.449783,0.6316296,1
1,0.4396179,0.6531307,0.7985278,0.7591701,1,0.7108485,0.4381679,0.6329274,1
1,0.4380814,0.6522427,0.7872147,0.7487844,1,0.7112604,0.4264526,0.6342332,1
1,0.4365404,0.6512791,0.7759619,0.7384273,1,0.7119297,0.414641,0.6355523,1
1,0.4349887,1,0.7647661,0.7280971,1,0.7128589,0.4027381,0.6368893,0
1,0.4312718,1,0.7560903,0.7189788,1,1,0.388055,0.6409726,1
1,0.4283775,1,0.7464045,0.7093834,1,1,0.3745762,0.6440355,1
1,0.4255219,1,0.7366332,0.6997513,1,1,0.3612442,0.6355357,1
1,0.4226086,1,0.7269037,0.6901442,1,1,0.3479277,0.6100488,1
1,0.4194864,1,0.7173927,0.6806508,1,1,0.334472,0.5839425,0
1,0.4161655,1,0.7080888,0.6712682,1,1,0.3209173,0.5574012,0
1,0.4126586,1,0.6989796,0.6619936,1,1,0.3109535,0.5306107,0
1,0.4090002,1,0.6900237,0.6528091,1,1,0.3168062,0.5038391,0
1,0.4052939,1,0.6810886,0.643649,1,1,0.3228874,0.4775892,0
1,0.4015505,1,0.6721614,0.6345066,1,1,0.3291853,0.4518973,0
1,0.3977791,1,0.6632289,0.6253752,1,1,0.3356874,0.4267857,0
1,0.3939875,1,0.6542789,0.6162483,1,1,0.3423802,0.4022656,0
0.4123382,0.3901823,1,0.6452993,0.607119,1,1,0.3492494,0.3783369,2
0.3492384,0.3913389,1,0.6293377,0.5943098,1,1,0.34409,0.3711097,2
0.3474638,0.3931207,0.7121105,0.6135319,0.5816441,1,1,0.3384984,0.364203,2
0.3460544,0.395503,0.6891077,0.5980204,0.5692016,1,1,0.3326972,0.3573236,2
0.345001,0.3983579,0.6670419,0.5829748,0.5570693,1,1,0.3270085,0.3498956,2
0.3443041,0.4017048,0.645853,0.5683707,0.5957114,1,1,0.3214205,0.3418322,2
0.3439486,0.405503,0.6255692,0.5542225,0.6837262,1,1,0.3160022,0.3328603,2
0.3437935,0.4091336,0.6069337,0.540846,0.7903122,1,1,0.3114729,0.3209895,2
0.3437746,0.4125144,0.5896894,0.528109,1,1,1,0.3077131,0.3060462,2
0.3438152,0.4154817,0.5737225,0.5159416,1,1,1,0.3047222,0.2876965,2
0.3439341,0.4182481,0.5585718,0.5041363,1,1,1,0.3021503,0.2666771,2
0.3440867,0.4207418,0.5441504,0.4926464,1,1,1,0.2999912,0.2429746,2
0.3442436,0.4229127,0.5303789,0.4814296,1,1,1,0.2982242,0.2301163,2
0.3444275,0.4249039,0.517043,0.4703947,1,1,1,0.2966785,0.2299742,2
0.3446708,1,0.5039533,0.4594641,1,1,1,0.295192,0.2298009,0
0.3432703,1,0.4958367,0.4504346,1,1,1,0.2990507,0.2311251,0
0.3419149,1,0.4873329,0.4412845,1,1,1,0.3027961,0.2325031,0
0.3406002,1,0.478452,0.4320078,1,1,1,0.3063973,0.2339109,0
0.3393129,1,0.4692079,0.4226021,1,1,1,0.3098431,0.2353393,0
0.3380549,1,0.4596194,0.4130689,1,1,1,0.3131078,0.2367671,0
0.3368187,1,0.4497074,0.4034123,1,1,1,0.3161855,0.2381871,0
0.3356048,1,0.4394956,0.3936384,1,1,1,0.3190637,0.239587,1
0.3344097,1,0.4290085,0.3837546,1,1,1,0.3217408,0.2409615,1
0.3332375,1,0.4182716,0.3737695,1,1,1,0.3242088,0.2422996,1
0.3320875,1,0.4073112,0.3636926,1,1,1,0.3264697,0.2435975,1
0.3309601,1,0.3961525,0.3535331,1,1,1,0.3285272,0.2448519,1
0.3298566,1,0.3848209,0.3433012,0.6820558,1,1,0.3303859,0.2460598,1
0.3288639,1,0.3730323,0.3328748,1,1,1,0.3315636,0.2470758,1
0.3278205,1,0.361463,0.3225416,1,1,1,0.3330681,0.248182,1
0.3268097,1,0.3497863,0.3121626,1,1,1,0.3343899,0.2492337,1
0.3258292,1,0.3380227,0.3017464,1,1,1,0.3355446,0.2502353,1
0.3248827,0.4979299,0.3261908,0.2913007,1,1,1,0.3365386,0.2511843,2
0.3251347,0.4672711,0.3111339,0.2794989,1,1,1,0.331289,0.2502894,2
1,0.438729,0.2965974,0.2717296,1,1,1,0.326293,0.249356,0
1,0.4277855,0.2868267,0.2583224,1,1,1,0.3304775,0.2509842,0
1,0.4154745,0.2766828,0.2485632,1,1,1,1,0.2525624,2
1,0.3908929,0.2632216,0.257214,1,1,1,1,0.2520927,2
1,0.3672998,0.2500084,0.2695067,1,1,1,1,0.2515453,2
1,0.3446653,0.2370415,0.2837296,1,1,1,1,0.250921,2
1,0.3229387,0.2243125,0.3000986,0.999701,1,1,1,0.2502292,2
1,0.3020647,0.2118107,0.3189023,0.989427,1,1,1,0.2494718,2
1,0.2819836,0.1995237,0.3404613,0.9793137,0.9938547,1,1,0.2486548,2
1,0.2626544,0.1874432,0.3650286,0.969345,0.9857952,1,1,0.2477872,2
1,0.2440226,0.1755564,0.3929674,0.9595027,0.9777506,1,1,0.2468685,2
1,0.2260295,0.1638487,0.4246821,0.9497684,0.9696997,1,1,0.2459024,2
1,0.2086184,0.15905,0.4606349,0.9401237,0.9616235,1,1,0.244892,2
0.42438,0.1917577,0.1642105,1,0.9305466,0.9534811,1,1,0.2438517,2
0.3682021,0.1732475,0.1752111,1,0.9217466,0.9480104,1,1,0.2420834,2
0.3186292,0.155619,0.1881877,1,0.9133426,0.942918,1,1,0.2402245,2
0.2745543,0.1388024,0.2035214,0.9011316,0.9053286,0.9382054,1,1,0.238274,2
0.2351072,0.1227355,0.2216999,0.8902658,0.8977006,0.9338751,1,1,0.2362307,2
0.1995923,0.1073626,0.2433571,0.8798386,0.8904549,0.9299312,1,1,0.234093,2
0.1674456,0.1078625,0.269332,0.8698405,0.8835887,0.9263781,1,1,0.231859,2
0.1382064,0.1138053,0.3007591,0.8602619,0.8770998,0.9232216,1,1,0.2295265,2
0.1114943,0.1204498,0.3391819,0.8510949,0.8709868,0.920468,1,1,0.2270993,2
0.08699325,0.1278725,0.3868641,0.8423325,0.8652495,1,1,1,0.2245685,2
0.09027191,0.1361396,1,0.8339683,0.8598886,1,1,1,0.2219371,2
0.0945124,0.1449125,1,0.8258315,0.8544517,1,1,1,0.2192126,2
0.09897283,0.15414,1,0.8178377,0.8488659,1,1,1,0.216388,2
0.103631,0.1637728,1,0.8099152,0.8430704,1,1,1,0.2453042,2
0.1085675,0.174148,0.7974062,0.8021744,0.8374,1,1,1,0.3311659,2
0.1140795,0.1864088,0.7865019,0.7950625,0.8328368,1,1,1,0.3703067,2
0.119967,0.199815,0.7759765,0.7882088,0.8284985,1,1,1,0.3957751,2
0.1261806,0.2142184,0.7658342,0.7814993,0.8241726,1,1,1,0.4159946,2
0.1326848,0.2295335,0.7560343,0.7748598,0.8197491,1,1,1,0.4340048,2
0.1394511,0.245698,0.746528,0.7682375,1,1,1,1,0.4510681,2
0.1468711,0.2644553,0.7372646,0.7622235,1,1,1,1,0.459189,2
0.1545422,0.2841379,0.7282796,0.7561425,1,1,1,1,0.4692355,2
0.1624543,1,0.7195138,0.7499727,1,1,1,1,0.4806063,1
0.16867,1,0.7105969,0.7410207,1,1,1,1,0.5212758,1
0.1751466,1,0.7017211,0.7323582,1,1,1,1,0.5577206,1
0.1818803,1,0.6928927,0.7239374,1,1,1,1,1,2
0.1918779,1,0.6847085,0.7194695,1,1,1,1,1,2
0.2024839,1,0.6768717,0.7152022,1,1,1,1,1,2
0.213542,1,0.6692978,0.7109084,1,1,1,1,1,2
0.2250174,1,0.6619287,0.7065378,1,1,1,1,0.555386,1
0.2321816,1,0.6532192,0.6969395,1,1,1,1,1,2
0.2440246,1,0.6459357,0.6922702,1,1,1,1,1,2
1,1,0.6387554,1,1,1,1,1,1,1
1,1,0.6300917,1,1,1,1,1,1,1
1,0.644317,0.6214228,1,1,1,1,1,1,1
1,0.6350991,0.6131437,1,1,1,1,1,1,1
1,0.62591,0.6048748,1,1,1,1,1,1,1
1,0.6167503,0.5966154,1,1,1,1,1,1,1
1,0.6076198,0.588365,1,1,1,1,1,1,1
1,0.5985192,0.5801234,1,1,1,1,1,1,1
1,0.5894488,0.5718903,1,1,1,1,1,1,1
1,0.5804087,0.5636653,0.993917,1,1,1,1,1,1
1,0.5714151,0.5554383,0.9857354,1,1,1,1,1,1
1,0.5624709,0.5472052,0.9774855,1,1,1,1,1,1
1,0.553574,0.5389656,0.9691674,1,1,1,1,1,1
1,0.5447211,0.5307184,0.9607807,1,1,1,1,1,1
1,0.5359097,0.522463,0.9523259,1,1,1,1,1,1
1,0.5271366,0.5141988,0.9438032,1,1,1,1,1,1
1,0.5183997,0.5059257,0.9352142,1,1,1,1,1,1
1,0.509696,0.4976431,0.9265597,1,1,1,1,1,1
1,0.5010229,0.4893507,0.9178414,1,1,1,1,1,1
1,0.4923779,0.4810486,0.9090611,1,1,1,1,1,1
1,0.4837582,0.4727363,0.9002202,1,1,1,1,1,1
1,0.4751616,0.4644142,0.8913215,1,1,1,1,1,1
1,0.4665859,0.4560823,0.8823673,1,1,1,1,1,1
1,0.4580281,0.4477402,0.8733598,1,1,1,1,1,1
1,0.4494864,0.4393887,0.8643018,1,1,1,1,1,1
1,0.4409585,0.4310276,0.855196,1,1,1,1,1,1
1,0.4324426,0.4226575,0.8460456,1,1,1,1,1,1
1,0.423936,0.4142782,0.8368529,1,1,1,1,1,1
1,0.4154375,0.4058906,0.8276215,1,1,1,1,1,1
0.5158761,0.4069444,0.3974943,0.8183535,1,1,1,1,1,2
0.4998072,0.3971098,0.3900539,0.8140793,1,1,1,1,1,2
0.4844301,0.3875219,0.3826766,0.8097688,1,1,1,1,1,2
0.4696979,0.3781641,0.3753514,0.8053972,1,1,1,1,1,2
0.455564,0.3690197,0.841935,0.8009413,1,1,1,1,1,2
0.4406191,0.3597756,0.7610562,0.7981737,1,1,1,1,1,2
0.4265742,0.3508347,0.7175537,0.795103,1,1,1,1,1,2
0.413246,0.3421432,0.7118526,0.7918134,1,1,1,1,1,2
0.4004659,0.3336554,0.7061998,0.7884368,1,1,1,1,1,2
0.3881922,0.3253554,0.7005773,0.7849495,1,1,1,1,1,2
0.3763848,0.3172275,0.6949674,0.781329,1,1,1,1,1,2
0.3650064,0.3092569,0.6893544,0.7775556,1,1,1,1,1,2
0.3540223,0.3014301,0.6837243,0.7736123,1,1,1,1,1,2
0.3433997,0.293734,0.678064,1,1,1,1,1,1,2
0.3320866,0.2860284,0.6736076,1,1,1,1,1,1,2
0.3212608,0.2785107,0.6691707,1,1,1,1,1,1,2
0.3108782,0.2711634,0.6647339,1,1,1,1,1,1,2
0.3008985,0.2639701,0.6602796,1,1,1,1,1,1,2
0.2912848,0.3537213,0.6557927,1,1,1,1,1,1,2
0.282036,0.5868021,0.6511956,1,1,1,1,1,1,2
0.2731383,0.62617,0.6464198,1,1,1,1,1,1,2
0.2644877,0.8839411,0.6415943,1,1,1,1,1,1,2
0.2560912,1,0.6366434,1,1,1,1,1,1,2
0.2478893,1,0.6316473,1,1,1,1,1,1,2
0.2398527,1,0.6266415,1,1,1,1,1,1,2
0.2319726,1,0.6216215,1,1,1,1,1,1,2
0.2242402,1,0.6165828,1,1,1,1,1,1,2
0.2166474,1,0.6115215,1,1,1,1,1,1,2
0.2382442,0.5442873,0.606434,1,1,1,1,1,1,2
0.260708,0.538125,0.6010429,1,1,1,1,1,1,2
0.2832648,0.5319966,0.5954347,1,1,1,1,1,1,1
0.3057914,0.5258918,0.5896165,1,1,1,1,1,1,1
0.3282003,0.5198016,0.5835966,1,1,1,1,1,1,1
0.3503951,0.5137187,0.5773842,1,1,1,1,1,1,1
0.3723024,0.5076369,1,1,1,1,1,1,1,2
0.4019512,0.5018077,1,1,1,1,1,1,1,2
0.4321913,0.4960573,1,1,1,1,1,1,1,2
0.4628698,0.4903693,1,1,1,1,1,1,1,2
0.4938444,0.4847295,1,1,1,1,1,1,1,2
0.5249881,0.4791258,1,1,1,1,1,1,1,2
0.5346622,0.473548,1,1,1,1,1,1,1,2
0.5384535,0.4680029,1,1,1,1,1,1,1,2
0.5698684,0.4624901,1,1,1,1,1,1,1,1
0.60108,0.4569861,1,1,1,1,1,1,1,1
0.6319526,0.4514848,1,1,1,1,1,1,1,1
0.6623588,0.445981,1,1,1,1,1,1,1,1
0.6922005,0.4404703,1,1,1,1,1,1,1,1
0.7213901,0.4349495,1,1,1,1,1,1,1,1
0.4508644,0.4294156,1,1,1,1,1,1,1,2
0.4443142,0.4240915,1,1,1,1,1,1,1,2
0.4378591,0.4188026,1,1,1,1,1,1,1,2
0.4314944,0.4135469,1,1,1,1,1,1,1,2
0.4252163,0.4083226,1,1,1,1,1,1,1,2
0.4190207,0.4031277,1,1,1,1,1,1,1,1
0.4129037,0.3979605,1,1,1,1,1,1,1,1
0.4068617,0.3928193,1,1,1,1,1,1,1,1
0.4008907,0.3877024,1,1,1,1,1,1,1,1
0.3949876,0.3826085,1,1,1,1,1,1,1,1
0.3891491,0.3775361,1,1,1,1,1,1,1,1
0.3833721,1,1,1,1,1,1,1,1,2
0.3772571,1,1,1,1,1,1,1,1,2
0.3712611,1,1,1,1,1,1,1,1,2
0.3653807,1,1,1,1,1,1,1,1,2
0.3596126,1,1,1,1,1,1,1,1,2
0.3539532,1,1,1,1,1,1,1,1,2
0.3483993,1,1,1,1,1,1,1,1,2
0.3429476,1,1,1,1,1,1,1,1,2
0.3375948,1,1,1,1,1,1,1,1,2
0.3323378,1,1,1,1,1,1,1,1,2
0.3271735,1,1,1,1,1,1,1,1,2
0.3220988,1,1,1,1,1,1,1,1,2
0.3171108,1,1,1,1,1,1,1,1,2
0.3122067,1,1,1,1,1,1,1,1,2
0.3672063,1,1,1,1,1,1,1,1,2
0.4253339,1,1,1,1,1,1,1,1,2
0.4852268,1,1,1,1,1,1,1,1,1
0.5465046,1,1,1,1,1,1,1,1,1
1,1,1,1,1,1,1,1,1,1
1,1,1,1,1,1,1,1,1,1
1,1,1,1,1,1,1,1,1,1
1,1,1,1,1,1,1,1,1,1
1,1,1,1,1,1,1,1,1,1
1,1,1,1,1,1,1,1,1,1
1,1,1,1,1,1,1,1,1,1
1,1,1,1,1,1,1,1,1,1
1,1,1,1,1,1,1,1,1,1
1,1,1,1,1,1,1,1,1,1
1,1,1,1,1,1,1,1,1,1
1,1,1,1,1,1,1,1,1,1
1,1,1,1,1,1,1,1,1,1
1,1,1,1,1,1,1,1,1,1
1,1,1,1,1,1,1,1,1,1
1,1,1,1,1,1,1,1,1,1
1,1,1,1,1,1,1,1,1,1
1,1,1,1,1,1,1,1,1,1
1,1,1,1,1,1,1,1,1,1
1,0.8814045,1,1,1,1,1,1,1,1
1,0.8503532,1,1,1,1,1,1,1,1
1,0.8200436,1,1,1,1,1,1,1,1
1,0.7903356,1,1,1,1,1,1,1,1
1,0.7661763,1,1,1,1,1,1,1,1
1,0.7612282,1,1,1,1,1,1,1,1
1,0.7562623,1,1,1,1,1,1,1,1
1,0.751279,1,1,1,1,1,1,1,1
1,0.7462783,1,1,1,1,1,1,1,1
1,0.7412607,1,1,1,1,1,1,1,1
1,0.736226,1,1,1,1,1,1,1,1
1,0.7311746,1,1,1,1,1,1,1,1
1,0.7261066,1,1,1,1,1,1,1,1
1,0.7210222,1,1,1,1,1,1,1,1
1,0.7159216,1,1,1,1,1,1,1,1
1,0.7108051,1,1,1,1,1,1,1,1
1,0.7056724,1,1,1,1,1,1,1,1
1,0.7005241,1,1,1,1,1,1,1,1
1,0.6953603,1,1,1,1,1,1,1,1
1,0.690181,1,1,1,1,1,1,1,1
1,0.6849862,1,1,1,1,1,1,1,1
1,0.6797764,1,1,1,1,1,1,1,1
1,0.6745515,1,1,1,1,1,1,1,1
1,1,1,1,1,1,1,1,1,1
1,1,1,1,1,1,1,1,1,1
1,1,1,1,1,1,1,1,1,1
1,1,1,1,1,1,1,1,1,1
1,1,1,1,1,1,1,1,1,1
1,1,1,1,1,1,1,1,1,1
1,1,1,1,1,1,1,1,1,1
1,1,1,1,1,1,1,1,1,1
1,1,1,1,1,1,1,1,1,1
1,1,1,1,1,1,1,1,1,1
1,1,1,1,1,1,1,1,1,1
1,1,1,1,1,1,1,1,1,1
1,1,1,1,1,1,1,1,1,1
0.9998305,1,1,1,1,1,1,1,1,1
0.9949479,1,1,1,1,1,1,1,1,1
0.9900547,1,1,1,1,1,1,1,1,1
0.9851512,1,1,1,1,1,1,1,1,1
0.9802383,1,1,1,1,1,1,1,1,1
0.5858452,1,1,1,1,1,1,1,1,1
0.5804585,1,1,1,1,1,1,1,1,1
0.5751292,1,1,1,1,1,1,1,1,1
0.569857,1,1,1,1,1,1,1,1,1
0.5646415,1,1,1,1,1,1,1,1,1
0.5594822,1,1,1,1,1,1,1,1,1
0.5543786,1,1,1,1,1,1,1,1,1
0.5493301,1,1,1,1,1,1,1,1,1
0.5443361,1,1,1,1,1,1,1,1,1
0.5393961,1,1,1,1,1,1,1,1,1
0.5925549,1,1,1,1,1,1,1,1,1
1,1,1,1,1,1,1,1,1,1
1,1,1,1,1,1,1,1,1,1
1,1,1,1,1,1,1,1,1,1
1,1,1,1,1,1,1,1,1,1
1,1,1,1,1,1,1,1,1,1
1,1,1,1,1,1,1,1,1,1
1,1,1,1,1,1,1,1,1,1
1,1,1,1,1,1,1,1,1,1
1,1,1,1,1,1,1,1,1,1
1,1,1,1,1,1,1,1,1,1
1,1,1,1,1,1,1,1,1,1
1,1,1,1,1,1,1,1,1,1
1,1,1,1,1,1,1,1,1,1
1,1,1,1,1,1,1,1,1,1
1,1,1,1,1,1,1,1,1,1
1,1,1,1,1,1,1,1,1,1
1,1,1,1,1,1,1,1,1,1
1,1,1,1,1,1,1,1,1,1
1,1,1,1,1,1,1,1,1,1
1,1,1,1,1,1,1,1,1,1
1,1,1,1,1,1,1,1,1,1
1,1,1,1,1,1,1,1,1,1
1,1,1,1,1,1,1,1,1,1
1,1,1,1,1,1,1,1,1,1
1,0.9902689,1,1,1,1,1,1,1,1
1,0.9536961,1,1,1,1,1,1,1,1
1,0.9470761,1,1,1,1,1,1,1,1
1,0.9424346,1,1,1,1,1,1,1,1
1,0.9377786,1,1,1,1,1,1,1,1
1,0.9331077,1,1,1,1,1,1,1,1
1,0.928422,1,1,1,1,1,1,1,1
1,0.9237211,1,1,1,1,1,1,1,1
1,0.9190052,1,1,1,1,1,1,1,1
1,0.914274,1,1,1,1,1,1,1,1
1,0.9095276,1,1,1,1,1,1,1,1
1,0.9047656,1,1,1,1,1,1,1,1
1,0.8999883,1,1,1,1,1,1,1,1
1,0.8951954,1,1,1,1,1,1,1,1
1,0.8903869,1,1,1,1,1,1,1,1
1,0.8855628,1,1,1,1,1,1,1,1
1,0.880723,1,1,1,1,1,1,1,1
1,0.8758677,1,1,1,1,1,1,1,1
1,0.8709967,1,1,1,1,1,1,1,1
1,0.8661101,1,1,1,1,1,1,1,1
1,0.8612078,1,1,1,1,1,1,1,1
1,1,1,1,1,1,1,1,1,1
1,1,1,1,1,1,1,1,1,1
1,1,1,1,1,1,1,1,1,1
1,1,1,1,1,1,1,1,1,1
1,1,1,1,1,1,1,1,0.9623761,1
1,1,1,1,1,1,1,1,0.9185225,1
1,1,1,1,1,1,1,1,0.8694814,0
1,1,1,1,1,1,1,1,0.8425023,0
1,1,1,1,1,1,1,1,0.8441861,0
1,1,1,1,1,1,1,1,0.8459541,0
1,1,1,1,1,1,1,1,0.8478048,0
1,1,1,1,1,1,1,1,0.8497365,0
1,1,1,1,1,1,1,1,0.8517477,0
1,1,1,1,1,1,1,1,0.8538364,0
1,1,1,1,1,1,1,1,0.8559945,0
1,1,1,1,1,1,1,1,0.8582267,0
1,1,1,1,1,1,1,1,0.8605248,0
1,1,1,1,1,1,1,1,0.8628868,0
1,1,1,1,1,1,1,1,0.865311,0
1,1,1,1,1,1,1,1,0.8677956,0
1,1,1,1,1,1,1,1,0.8703321,0
1,1,1,1,1,1,1,1,0.8729254,0
1,1,1,1,1,1,1,1,0.8755667,0
1,1,1,1,1,1,1,1,0.8782544,0
1,1,1,1,1,1,1,1,0.8809802,0
1,1,1,1,1,1,1,1,0.8837488,0
1,1,1,1,1,1,1,1,0.8865519,0
1,1,1,1,1,1,1,1,0.8893938,0
1,1,1,1,1,1,1,1,0.8922668,1
1,1,1,1,1,1,1,1,0.8951621,1
1,1,1,1,1,1,1,1,0.898085,1
1,1,1,1,1,1,1,1,0.9010268,1
1,1,1,1,1,1,1,1,0.9039928,1
1,1,1,1,1,1,1,1,1,1
1,1,1,1,1,1,1,1,1,1
1,1,1,1,1,1,1,1,1,1
1,1,1,1,1,1,1,1,1,1
1,1,1,1,1,1,1,1,1,1
1,1,1,1,1,1,1,1,1,1
1,1,1,1,1,1,1,1,1,1
1,1,1,1,1,1,1,1,1,1
1,1,1,1,1,1,1,1,1,1
1,1,1,1,1,1,1,1,1,1
1,1,1,1,1,1,1,1,1,1
1,1,1,1,1,1,1,1,1,1
1,1,1,1,1,1,1,1,1,1
1,1,1,1,1,1,1,1,1,1
1,1,1,1,1,1,1,1,1,1
1,1,1,1,1,1,1,1,1,1
1,1,1,1,1,1,1,1,1,1
1,1,1,1,1,1,1,1,1,1
1,1,1,1,1,1,1,1,1,1
1,1,1,1,1,1,1,1,1,1
1,1,1,1,1,1,1,1,1,1
1,1,1,1,1,1,1,1,1,1
1,1,1,1,1,1,1,1,1,1
1,1,1,1,1,1,1,1,1,1
1,1,1,1,1,1,1,1,1,1
1,1,1,1,1,1,1,1,1,1
1,1,1,1,1,1,1,1,1,1
1,1,1,1,1,1,1,1,1,1
1,1,1,1,1,1,1,1,1,1
1,1,1,1,1,1,1,1,1,1
1,1,1,1,1,1,1,1,1,1
1,1,1,1,1,1,1,1,1,1
1,1,1,1,1,1,1,1,1,1
1,1,1,1,1,1,1,1,1,1
1,1,1,1,1,1,1,1,0.9970496,1
1,1,1,1,1,1,1,1,0.971664,1
1,1,1,1,1,1,1,1,0.9441444,1
1,1,1,1,1,1,1,1,0.9145287,1
1,1,1,1,1,1,1,0.8015345,0.8829163,0
1,1,1,1,1,1,1,0.7815149,0.8500131,0
1,1,1,1,1,1,1,0.7608312,0.856438,0
1,1,1,1,1,1,1,0.7405598,0.8632699,0
1,1,1,1,1,1,1,0.720724,0.8705009,0
1,1,1,1,1,1,1,0.7047642,0.8781351,0
1,1,1,1,1,1,1,0.7195273,0.8861204,0
1,1,1,1,1,1,1,0.7342535,0.8940709,0
1,1,1,1,1,1,1,0.7488919,0.9019585,0
1,1,1,1,1,1,1,0.7633923,0.9097577,0
1,1,1,1,1,1,1,1,0.9174383,1
1,1,1,1,1,1,1,1,0.9220408,1
1,1,1,1,1,1,1,1,0.9266028,1
1,1,1,1,1,1,1,1,0.9311299,1
1,1,1,1,1,1,1,1,0.9356064,1
1,1,1,1,1,1,1,1,0.940038,1
1,1,1,1,1,1,1,1,0.9444236,1
1,1,1,1,1,1,1,1,0.9487551,1
1,1,1,1,1,1,1,1,1,1
1,1,1,1,1,1,1,1,1,1
1,1,1,1,1,1,1,1,1,1
1,1,1,1,1,1,1,1,1,1
1,1,1,1,1,1,1,1,1,1
1,1,1,1,1,1,1,1,1,1
1,1,1,1,1,1,1,1,1,1
1,1,1,1,1,1,1,1,0.6963027,0
1,1,1,1,1,1,1,1,0.6657017,0
1,1,1,1,1,1,1,1,0.6352825,0
1,1,1,1,1,1,1,1,0.6052281,0
1,1,1,1,1,1,1,1,0.6021176,0
1,1,1,1,1,1,1,1,0.6119114,0
1,1,1,1,1,1,1,1,0.621963,0
1,1,1,1,1,1,1,1,0.6322551,0
1,1,1,1,1,1,1,1,0.6427687,0
1,1,1,1,1,1,1,1,1,1
1,1,1,1,1,1,1,1,1,1
1,1,1,1,1,1,1,1,1,1
1,1,1,1,1,1,1,1,1,1
1,1,1,1,1,1,1,1,1,1
1,1,1,1,1,1,1,1,1,1
1,1,1,1,1,1,1,1,1,1
1,1,1,1,1,1,1,1,1,1
1,1,1,1,1,1,1,1,1,1
1,1,1,1,1,1,1,1,1,1
1,1,1,1,1,1,1,1,1,1
1,1,1,1,1,1,1,1,1,1
1,1,1,1,1,1,1,1,1,1
1,1,1,1,1,1,1,0.9908468,1,1
1,1,1,1,1,1,1,0.9803547,1,1
1,1,1,1,1,1,1,0.9697641,1,1
1,1,1,1,1,1,1,0.9590791,1,1
1,1,1,1,1,1,1,0.9483039,1,1
1,1,1,1,1,1,1,0.9374428,1,1
1,1,1,1,1,1,1,0.9265012,1,1
1,1,1,1,1,1,1,0.9154833,1,1
1,1,1,1,1,1,1,0.9043948,1,1
1,1,1,1,1,1,1,0.8932416,1,1
1,1,1,1,1,1,1,0.8820295,1,1
1,1,1,1,1,1,1,0.8707647,1,1
1,1,1,1,1,1,1,0.8594534,1,1
1,1,1,1,1,1,1,0.8481024,1,1
1,1,1,1,1,1,1,0.8367182,1,1
1,1,1,1,1,1,1,0.8253074,1,1
1,1,1,1,1,1,1,0.8138767,1,1
1,1,1,1,1,1,1,0.8024332,1,1
1,1,1,1,1,1,1,0.7909831,1,1
1,1,1,1,1,1,1,0.779534,1,1
1,1,1,1,1,1,1,0.7680919,1,1
1,1,1,1,1,1,1,0.7566637,1,0
1,1,1,1,1,1,1,0.7452556,1,0
1,1,1,1,1,1,1,0.7382839,1,0
1,1,1,1,1,1,1,0.7565064,1,1
1,1,1,1,1,1,1,0.7745818,1,1
1,1,1,1,1,1,1,0.7924652,0.9702595,0
1,1,1,1,1,1,1,0.8119143,0.9520081,0
1,1,1,1,1,1,1,0.8322848,0.9337681,0
1,1,1,1,1,1,1,0.853626,0.9155706,0
1,1,1,1,1,1,1,0.8759869,0.8974458,0
1,1,1,1,1,1,1,0.8993839,0.8794217,0
1,1,1,1,1,1,1,0.9238656,0.8615241,0
1,1,1,1,0.9976822,1,1,0.9494626,0.8437775,0
1,1,1,1,0.9906673,1,1,0.9760889,0.8262421,0
1,1,1,1,0.9836424,1,1,1,0.8090121,0
1,1,1,1,0.976625,1,1,1,0.7920491,0
1,1,1,1,0.9698091,1,1,1,0.7750779,0
1,1,1,1,0.9631956,0.992925,1,1,0.7581255,0
1,1,1,1,0.9567283,0.9615909,1,1,0.7412928,0
1,1,1,1,0.9502002,0.9315613,1,1,0.7248495,0
1,1,1,1,0.9435984,0.9027874,1,1,0.7087876,0
1,1,1,1,0.9369114,0.875202,1,1,0.6930975,0
1,1,1,1,0.9301282,0.8516078,1,1,0.6777695,0
1,1,1,1,0.9232642,0.844316,1,1,0.6627647,0
1,1,1,1,0.9164516,0.83707,1,1,0.6479313,0
1,1,1,1,0.9096826,0.8298653,1,1,0.6332785,0
1,1,1,1,0.9029485,0.8226969,1,1,0.6292003,0
1,1,1,1,0.8960668,0.8154553,1,1,0.641167,0
1,1,1,1,0.8887633,0.8079743,1,1,0.6528209,1
1,1,1,1,0.8810366,0.8002504,1,1,0.6641113,1
1,1,1,1,0.8728882,0.7922822,1,1,0.674999,1
1,1,1,1,0.8643231,0.7840704,1,1,0.685449,1
1,1,1,1,0.8553489,0.7756175,1,1,0.6954389,1
1,1,1,1,0.8459771,0.7669286,1,1,0.704932,1
1,1,1,1,0.8362219,0.7580108,1,1,0.7139152,1
1,1,1,1,0.8260992,0.748872,1,1,0.7223707,1
1,1,1,1,0.8156287,0.7395229,1,1,0.730276,1
1,1,1,1,0.8048315,0.729975,1,1,0.737633,1
1,1,1,1,0.7937305,0.7202411,1,1,0.7444482,1
1,1,1,1,0.7823501,0.7103349,1,1,0.7507141,1
1,1,1,1,0.7707165,0.7002715,1,1,0.7564464,1
1,1,1,1,0.7588556,0.6900659,1,1,0.7616554,1
1,1,1,1,0.7467942,0.6797334,1,1,0.7663556,2
1,1,1,1,0.7345597,0.6692902,1,1,0.7705736,2
1,1,1,1,0.7221778,0.6587516,1,1,0.774329,2
1,1,1,1,0.7096748,0.6481326,1,1,0.7776535,2
1,1,1,1,0.6970758,0.6374485,1,1,0.7805703,2
1,1,1,1,0.6844044,0.626713,1,1,0.7831039,2
1,1,1,1,0.6716833,0.6159398,1,1,0.785289,2
1,1,1,1,0.6589337,0.6051414,1,1,0.7871505,2
1,1,1,1,0.6461752,0.5943295,1,1,0.7887223,2
1,1,1,1,0.6334251,0.5835144,1,1,0.790037,2
1,1,1,1,0.6206995,0.5727056,1,1,0.7911177,2
1,1,1,1,0.6080126,0.5619116,1,1,0.7919944,2
1,1,1,0.6694515,0.5953771,0.55114,1,1,0.7926958,2
1,1,1,0.6495116,0.5800643,0.5388238,1,1,0.7867275,2
1,1,1,0.6301805,0.5651026,0.5267136,1,1,0.7809846,2
1,1,1,0.6114595,0.550496,0.5148107,1,1,0.7755094,2
1,1,1,0.59334,0.5362412,0.5031121,1,1,0.7703312,2
1,1,1,0.5758065,0.5223309,0.491899,1,1,0.7654678,2
1,1,1,0.558838,0.5087533,0.507508,1,1,0.7609299,2
1,1,1,0.5424965,0.4955459,0.5246136,1,1,0.7568802,2
1,1,1,0.5267247,0.4826739,0.5433747,1,1,0.7532749,2
1,1,1,0.5114701,0.4701053,0.5639514,1,1,0.7500791,2
1,1,1,0.4966834,0.4578098,0.5865721,1,1,0.747252,2
1,1,1,0.4823198,0.4457598,0.6114382,1,1,0.7447699,2
1,1,1,0.4683381,0.4339298,0.6388755,1,1,0.742596,2
1,1,0.5485505,0.4547009,0.4222969,0.6692392,1,1,0.740703,2
1,1,0.5253687,0.4390916,0.4095518,1,1,1,0.7343403,2
1,1,0.5031856,0.4239337,0.3970838,1,1,1,0.7282245,2
1,1,0.4819717,0.4092206,0.3848883,1,1,1,0.722385,2
1,1,0.4618631,0.3950219,0.3729987,1,1,1,0.7170323,2
1,1,0.4427618,0.381294,0.381511,1,1,1,0.7121401,2
1,1,0.4246272,0.3680188,0.4077167,1,1,1,0.7077377,2
1,1,0.4073859,0.3551614,0.4378526,1,1,1,0.7038201,2
1,1,0.3909254,0.3426675,0.4725909,1,1,1,0.7003313,2
1,1,0.375148,0.3304901,0.5128173,1,1,1,0.6972145,2
1,1,0.3599681,0.3185875,0.5596116,1,1,1,0.6944259,2
1,1,0.3453117,0.3069236,1,1,1,1,0.6919203,2
1,1,0.3314838,0.2956248,1,1,1,1,0.6901729,2
1,1,0.317901,0.2844359,1,1,1,1,0.6884674,2
1,1,0.3045503,0.2733503,1,1,1,1,0.686801,2
1,1,0.2914192,0.2722631,1,1,1,1,0.685176,2
1,0.4125554,0.2785105,0.2802045,1,1,1,1,0.683612,2
1,0.3848063,0.2641535,0.3046434,1,1,1,1,0.6794069,2
1,0.3586845,0.2502131,0.335398,1,1,1,1,0.6753368,2
1,0.3340429,0.2366642,0.3747521,1,1,1,1,0.6713895,2
1,0.310751,0.2234834,0.4261452,1,0.9993874,1,1,0.6675657,2
1,0.288693,0.2106486,1,1,0.9935107,1,1,0.66386,2
1,0.2677665,0.1981397,1,1,0.9880287,1,1,0.660267,2
1,0.2479949,0.1948724,1,1,0.9828225,1,1,0.6568374,2
1,0.2293101,0.2089985,1,1,0.977798,1,1,0.6535842,2
1,0.2116384,0.2248541,1,1,0.9728349,1,1,0.6505053,2
0.371342,0.1948542,0.2425615,1,1,0.967879,1,1,0.647572,2
0.3297324,0.1782207,0.2661666,1,1,0.9642441,1,1,0.6444384,2
0.2920632,0.1623025,0.2944697,1,0.9379603,0.96102,1,1,0.6413921,2
0.2577994,0.1470488,0.3286974,1,0.9097379,0.958213,1,1,0.6384354,2
0.226499,0.1324133,0.3706145,1,0.9038394,0.9558308,1,1,0.6355582,2
0.1977941,0.137922,1,1,0.8983333,0.9538824,1,1,0.632763,2
0.1713739,0.1465931,1,1,0.8932198,0.9523776,1,1,0.6300462,2
0.1469769,0.156231,1,1,0.8885016,0.9513284,1,1,0.627404,2
0.1243795,0.1669403,1,1,0.8841814,0.9507477,1,1,0.624833,2
0.1116383,0.1788421,1,0.988042,0.880263,0.9506503,1,1,0.6223298,2
0.1173998,0.192065,1,0.8497601,0.8767509,0.9510523,1,1,0.6198972,2
0.1236264,0.206772,1,0.830556,0.8736517,0.9519725,1,1,0.6175318,2
0.1303469,0.2231551,1,0.8247045,0.870972,0.9534308,1,1,0.6152304,2
0.1375934,0.241441,1,0.8192465,0.8687202,0.9554502,1,1,0.6129898,2
0.145393,0.2618861,1,0.8141829,0.8669059,0.9580554,1,1,0.6108128,2
0.1535573,0.2837768,1,0.8091435,0.8648667,0.9601645,1,1,0.6085235,2
0.1619755,1,1,0.8039514,0.8623378,0.9613671,1,1,0.6060377,1
0.1686914,1,1,0.7956302,0.8541175,0.9531447,1,1,0.6019083,1
0.1753438,1,1,0.7870755,0.8454643,0.9441981,1,1,0.5976224,1
0.1818958,1,1,0.7782811,0.8363741,0.9345248,1,1,0.5931891,1
0.1883114,1,1,0.7692446,0.8268486,0.9241304,1,1,0.5886194,1
0.1945725,1,1,0.7599674,0.8168948,0.9130298,1,1,0.5839147,1
0.2006385,1,1,0.7504547,0.8065252,0.9012461,1,1,0.5790974,1
0.2064963,1,1,0.7407154,0.7957579,0.8888116,1,1,0.5741736,1
0.212119,1,1,0.7307612,0.7846156,0.8757659,1,1,0.5691638,1
0.2174837,1,1,0.7206079,0.7731262,0.862157,1,1,0.5640908,0
0.2225793,1,1,0.7102735,0.7613217,0.8480386,1,1,0.558973,0
0.2273984,1,1,0.6997786,0.7492377,0.8334706,1,1,0.55383,0
0.2319376,1,1,0.6891456,0.7369124,0.8185164,1,1,0.5486826,0
0.2361886,1,0.9937037,0.6783973,0.7243847,0.803241,1,1,0.5435581,0
1,1,0.9846042,0.6675579,0.7116949,0.7877102,1,1,0.5384721,0
1,1,0.9756427,0.6545356,0.6949369,0.7654417,1,1,0.5324879,0
1,1,0.9670192,0.6418483,0.6786994,0.7440238,1,0.8531018,0.5269727,0
1,1,0.9587267,0.6294798,0.6629543,0.7234036,1,0.7702361,0.5219158,0
1,1,0.9507589,0.6174153,0.6476754,0.7035328,1,0.7528728,0.5554236,0
1,1,0.9431106,0.6056405,0.6328387,0.6843664,1,0.7552294,0.8504032,0
1,1,0.9357768,0.5941423,0.6184214,0.6658635,1,0.7581753,1,0
1,1,0.9287534,0.5829079,0.6044025,0.6479856,1,0.7617198,1,0
1,1,0.9220368,0.5719254,0.5907618,0.6306974,0.7485794,0.7658876,1,0
1,1,0.915624,0.5611836,0.5774809,0.6139661,0.7230669,0.7707053,1,0
1,1,0.909513,0.5506716,0.5645419,0.597761,0.698663,0.7761887,1,0
1,1,0.9037019,0.7643038,0.5519286,0.582054,0.6752925,1,1,0
1,1,0.8975188,0.8704289,0.5399364,0.5674642,0.6542939,1,1,0
1,1,0.8914483,0.8604809,0.5282024,0.5532953,0.6341676,1,1,0
1,1,0.885489,0.8507653,0.5166997,0.5395032,0.6148167,1,1,0
1,1,0.8796008,0.8412603,0.505416,0.5260758,0.5962172,1,1,0
1,1,0.8737428,0.8319405,0.4943365,0.5129966,0.5783372,1,0.8456458,0
1,1,0.869401,0.8230743,0.4831849,0.4995154,0.5594255,1,0.6903365,0
1,1,0.8653592,0.8145232,0.4722727,0.4863906,0.5411999,1,0.6920434,0
1,1,0.8616213,0.8062817,0.4615895,0.4736056,0.5236208,1,0.6942803,0
1,1,0.8581907,0.7983441,0.4511245,0.4611433,0.5066503,1,0.6970553,0
1,1,0.8550725,0.7907059,0.7809818,0.4489886,0.4902542,1,0.7003845,0
1,1,0.852273,0.7833636,0.7708805,0.437127,0.4744006,1,0.7042727,0
1,1,1,0.7763022,0.7611173,0.4255494,0.4590745,0.6358107,0.7087175,0
1,1,1,0.7695404,0.7516855,0.4142326,0.4442176,0.6064647,0.7137623,0
1,1,1,0.7630662,0.7425774,0.40317,0.4298204,0.5787014,1,0
1,1,1,0.7568766,0.7337857,0.3923505,0.4158607,0.5524,1,0
1,1,1,0.750806,0.7252439,0.3817809,0.402417,0.527823,1,0
1,1,1,0.744796,0.7169045,0.408837,0.3894494,0.5048191,1,0
1,1,1,0.7387727,0.7087123,0.7014835,0.3769246,0.4832714,1,0
1,1,1,0.7326138,0.7005888,0.6913736,0.3648233,0.4631309,1,0
1,1,1,0.7264236,0.6925575,0.6814929,0.3530398,0.4440134,1,0
1,1,1,0.7201614,0.6845844,0.6718086,0.3415458,0.4258302,1,0
1,1,1,0.7137902,0.6766378,0.6622893,0.3303136,0.408496,1,0
1,1,1,0.7072768,0.6686884,0.6529046,0.3193163,0.3919296,1,0
1,1,1,0.7005926,0.6607102,0.6436268,0.3085287,0.3760556,1,0
1,1,1,0.6937137,0.6526805,0.6344306,0.2979274,0.3608041,1,0
1,1,1,0.6866203,0.6445798,0.6252934,0.2874907,0.3461102,0.5685916,0
1,1,1,0.6828011,0.6383214,0.6168796,0.2767503,0.3295684,0.5300534,0
1,1,1,0.6792729,0.6323316,0.60876,0.3217318,0.3137005,0.4944439,0
1,1,1,0.6760424,0.6266106,0.6009299,0.408035,0.298466,0.4614499,0
1,1,1,1,0.6211584,0.5933847,0.5352188,0.2838269,0.4308004,0
1,1,1,1,0.6159762,0.5861207,0.5771611,0.2697485,0.4022613,0
1,1,1,1,0.6110657,0.5791346,0.5671303,0.2561991,0.3756294,0
1,1,1,1,0.6064293,0.5724238,0.5574503,0.2431489,0.3507258,0
1,1,1,1,0.6020702,0.5659863,0.5481118,0.2305708,0.3273946,0
1,1,1,1,0.5979925,0.5598208,0.5391063,0.2184399,0.3054985,0
1,1,1,1,0.5942004,0.5539262,0.5304255,0.2067321,0.2849146,0
1,1,1,1,0.5907,0.5483023,0.5220626,0.2109628,0.2655349,0
1,1,1,1,0.5871325,0.5427374,0.5139644,0.2356599,0.2475342,0
1,1,1,1,1,0.5369905,0.5060364,0.2621025,0.2309497,0
1,1,1,1,1,0.532113,0.4985258,0.2947033,0.2145079,0
1,1,1,1,1,0.5275105,0.491311,0.3323625,0.1989518,0
1,1,1,1,1,0.5230947,0.484357,0.3756898,0.1842768,0
1,1,1,1,1,0.5184323,0.4774953,0.4230727,0.17156,0
1,1,1,1,1,0.5134813,0.4706716,0.4743563,0.1842508,0
1,1,1,1,1,0.508049,0.4637796,0.467072,0.1970823,0
1,1,1,1,1,0.5022936,0.4568494,0.4575813,0.2101231,0
1,1,1,1,1,0.4962177,0.4498627,0.4484249,0.2233136,0
1,1,1,1,1,0.4898235,0.4428051,0.4395484,0.2365886,0
1,1,1,1,1,1,0.4356667,0.430906,0.2498844,0
1,1,1,1,1,1,0.4296826,0.4217173,0.2671969,0
1,1,1,1,1,1,0.423679,0.4129264,0.2849892,0
1,1,1,1,1,1,0.4176288,0.404469,0.3031649,0
1,1,1,1,1,1,0.4115115,0.3962912,0.3216457,0
1,1,1,1,1,1,0.4053122,0.3883474,0.340341,0
1,1,1,1,1,1,0.3990201,0.3805991,0.3591596,0
1,1,1,1,1,1,0.3926289,0.3730142,0.3780119,0
1,1,1,1,1,1,0.3861355,0.3655654,0.3968234,0
1,1,1,1,1,1,0.3795387,0.3582297,0.4123458,0
1,1,1,1,1,1,0.3728498,0.3509862,0.4028514,0
1,1,1,1,1,1,0.3661458,0.3438095,0.3935461,0
1,1,1,1,1,1,0.3594253,0.3366944,0.3844167,0
1,1,1,1,1,1,0.3526872,0.3296362,0.3754511,0
1,1,1,1,1,1,0.345931,0.3226307,0.3666379,0
1,1,1,1,1,1,0.3391562,0.3156736,0.357966,1
1,1,1,1,1,1,0.9955939,0.3087609,0.3494249,0
1,1,1,1,1,1,0.9941729,0.3018264,0.3392507,0
1,1,1,1,1,1,0.992801,0.2950681,0.3295032,0
1,1,1,1,1,1,0.9914511,0.2884712,0.3201486,0
1,1,1,1,1,1,0.9900982,0.2820221,0.3111556,0
1,1,1,1,1,1,0.9887193,0.2757082,0.3024953,0
1,1,1,1,1,1,0.9872935,0.2695177,0.2941411,0
1,1,1,1,1,1,0.9858012,0.2634397,0.2860682,0
1,1,1,1,1,1,0.9842251,0.2574642,0.2782542,0
1,1,1,1,1,1,0.9825497,0.251582,0.2706783,0
1,1,1,1,1,1,0.9807609,0.2457846,0.2633211,0
1,1,1,1,1,1,0.9788467,0.2400644,0.2561653,0
1,1,1,1,1,1,0.9767966,0.234414,0.2491944,0
1,1,1,1,1,1,0.9746014,1,0.2423936,0
1,1,1,1,1,1,0.9739343,0.9684795,0.2355358,0
1,1,1,1,1,1,0.9732416,0.8369641,0.2288671,0
1,1,1,1,1,1,1,0.8323124,0.2224069,0
1,1,1,1,1,1,1,0.8278303,0.2160647,0
1,1,1,1,1,1,1,0.8234532,0.2098783,0
1,1,1,1,1,1,1,0.8191725,0.2038394,0
1,1,1,1,1,1,1,0.8149794,0.1979399,0
1,1,1,1,1,1,1,0.8108662,0.1921723,0
1,1,1,1,1,1,1,0.8068252,0.2168121,0
1,1,1,1,1,1,1,0.8027981,0.256601,0
1,1,1,1,1,1,1,0.7987498,0.2979071,0
1,1,1,1,1,1,1,0.7946686,0.3405268,0
1,1,1,1,1,1,1,0.7905442,0.3842064,0
1,1,1,1,1,1,1,0.7863687,0.4286972,1
1,1,1,1,1,1,1,0.7821354,0.4737092,1
1,1,1,1,1,1,1,0.7778394,0.5189435,1
1,1,1,1,1,1,1,0.7734767,0.5641251,1
1,1,1,1,1,1,1,0.7690446,0.6089847,1
1,1,1,1,1,1,1,0.7645413,1,1
1,1,1,1,1,1,1,0.7594092,1,1
1,1,1,1,1,1,1,0.7542621,1,1
1,1,1,1,1,1,1,0.7491,1,1
1,1,1,1,1,1,1,0.7439231,1,1
1,1,1,1,1,1,1,0.7387313,1,1
1,1,1,1,1,1,1,0.7335247,1,1
1,1,1,1,1,1,1,0.7283037,1,1
1,1,1,1,1,1,1,0.7230682,1,1
1,1,1,1,1,1,1,0.7178184,1,1
1,1,1,1,1,1,1,0.7125544,1,1
1,1,1,1,1,1,1,0.7072762,1,1
1,1,1,1,1,1,1,0.701984,1,1
1,1,1,1,1,1,1,0.6966778,1,1
1,1,1,1,1,1,1,0.6913577,0.7026342,1
1,1,1,1,1,1,1,0.6864457,0.6973938,1
1,1,1,1,1,1,1,0.6815392,0.6921634,1
1,1,1,1,1,1,1,0.6766387,0.6869434,1
1,1,1,1,1,1,1,0.6717437,0.6817337,1
1,1,1,1,1,1,1,0.6668541,0.6765343,1
1,1,1,1,1,1,1,0.6619698,0.6713454,1
1,1,1,1,1,1,1,0.6570909,0.6661669,1
1,1,1,1,1,1,1,0.652217,0.6609987,1
1,1,1,1,1,1,1,0.6473481,0.6558409,1
1,1,1,1,1,1,1,0.6424841,0.6506934,1
1,1,1,1,1,1,1,0.6376247,0.6455562,1
1,1,1,1,1,1,1,0.6327702,0.6404294,1
1,1,1,1,1,1,1,0.62792,0.6353128,1
1,1,1,1,1,1,1,0.6230742,0.6302064,1
1,1,1,1,1,1,1,1,0.62511,1
1,1,1,1,1,1,1,1,0.6195838,1
1,1,1,1,1,1,1,1,0.6141112,1
1,1,1,1,1,1,1,1,0.608692,1
1,1,1,1,1,1,1,1,0.6033261,1
1,1,1,1,1,1,1,1,0.5980135,1
1,1,1,1,1,1,1,1,0.592754,1
1,1,1,1,1,1,1,1,0.5875471,1
1,1,1,1,1,1,1,1,0.5823926,1
1,1,1,1,1,1,1,1,0.5772902,1
1,1,1,1,1,1,1,1,0.5722395,1
1,1,1,1,1,1,1,1,0.5672402,1
1,1,1,1,1,1,1,1,0.5622915,1
1,1,1,1,1,1,1,1,0.5573932,1
1,1,1,1,1,1,1,1,0.5525446,1
1,1,1,1,1,1,1,1,0.5477453,1
1,1,1,1,1,1,1,1,0.5429946,1
1,1,1,1,1,1,1,1,0.5382921,1
1,1,1,1,1,1,1,1,0.533637,1
1,1,1,1,1,1,1,1,0.5290287,1
1,1,1,1,1,1,1,1,0.5244668,1
1,1,1,1,1,1,1,1,0.5199501,1
1,1,1,1,1,1,1,1,0.5154784,1
1,1,1,1,1,1,1,1,0.5641633,1
1,1,1,1,1,1,1,1,0.6328344,1
1,1,1,1,1,1,1,1,0.7018507,1
1,1,1,1,1,1,1,1,0.7706549,1
1,1,1,1,1,1,1,1,0.838693,1
1,1,1,1,1,1,1,1,0.905432,1
1,1,1,1,1,1,1,1,1,1
1,1,1,1,1,1,1,1,1,1
1,1,1,1,1,1,1,1,1,1
1,1,1,1,1,1,1,1,1,1
1,1,1,1,1,1,1,1,1,1
1,1,1,1,1,1,1,1,1,1
1,1,1,1,1,1,1,1,1,1
1,1,1,1,1,1,1,1,1,1
1,1,1,1,1,1,1,1,1,1
1,1,1,1,1,1,1,1,1,1
1,1,1,1,1,1,1,1,1,1
1,1,1,1,1,1,1,1,1,1
1,1,1,1,1,1,1,1,1,1
1,1,1,1,1,1,1,1,1,1
1,1,1,1,1,1,1,1,1,1
1,1,1,1,1,1,1,1,1,1
1,1,1,1,1,1,1,1,1,1
1,1,1,1,1,1,1,1,1,1
1,1,1,1,1,1,1,1,1,1
1,1,1,1,1,1,1,1,1,1
1,1,1,1,1,1,1,1,1,1
1,1,1,1,1,1,1,1,1,1
1,1,1,1,1,1,1,1,1,1
1,1,1,1,1,1,1,1,1,1
1,1,1,1,1,1,1,1,1,1
1,1,1,1,1,1,1,1,1,1
1,1,1,1,1,1,1,1,1,1
1,1,1,1,1,1,1,1,1,1
1,1,1,1,1,1,1,1,1,1
1,1,1,1,1,1,1,1,1,1
1,1,1,1,1,1,1,1,1,1
1,1,1,1,1,1,1,1,1,1
1,1,1,1,1,1,1,1,1,1
1,1,1,1,1,1,1,1,1,1
1,1,1,1,1,1,1,1,1,1
1,1,1,1,1,1,1,1,1,1
1,1,1,1,1,1,1,1,1,1
1,1,1,1,1,1,1,1,1,1
1,1,1,1,1,1,1,1,1,1
1,1,1,1,1,1,1,1,1,1
1,1,1,1,1,1,1,1,1,1
1,1,1,1,1,1,1,1,1,1
1,1,1,1,1,1,1,1,1,1
1,1,1,1,1,1,1,1,1,1
1,1,1,1,1,1,1,1,1,1
1,1,1,1,1,1,1,1,1,1
1,1,1,1,1,1,1,1,1,1
1,1,1,1,1,1,1,1,1,1
1,1,1,1,1,1,1,1,1,1
1,1,1,1,1,1,1,1,1,1
1,1,1,1,1,1,1,1,1,1
1,1,1,1,1,1,1,1,1,1
1,1,1,1,1,1,1,1,1,1
1,1,1,1,1,1,1,1,1,1
1,1,1,1,1,1,1,1,1,1
1,1,1,1,1,1,1,1,1,1
1,1,1,1,1,1,1,1,1,1
1,1,1,1,1,1,1,1,1,1
1,1,1,1,1,1,1,1,1,1
1,1,1,1,1,1,1,1,1,1
1,1,1,1,1,1,1,1,1,1
1,1,1,1,1,1,1,1,1,1
1,1,1,1,1,1,1,1,1,1
1,1,1,1,1,1,1,1,1,1
1,1,1,1,1,1,1,1,1,1
1,1,1,1,1,1,1,1,1,1
1,1,1,1,1,1,1,1,1,1
1,1,1,1,1,1,1,1,1,1
1,1,1,1,1,1,1,1,1,1
1,1,1,1,1,1,1,1,1,1
1,1,1,1,1,1,1,1,1,1
1,1,1,1,1,1,1,1,1,1
1,1,1,1,1,1,1,1,1,1
1,1,1,1,1,1,1,1,1,1
1,1,1,1,1,1,1,1,1,1
1,1,1,1,1,1,1,1,1,1
1,1,1,1,1,1,1,1,1,1
1,1,1,1,1,1,1,1,1,1
1,1,1,1,1,1,1,1,1,1
1,1,1,1,1,1,1,1,1,1
1,1,1,1,1,1,1,1,1,1
1,1,1,1,1,1,1,1,1,1
1,1,1,1,1,1,1,1,1,1
1,1,1,1,1,1,1,1,1,1
1,1,1,1,1,1,1,1,1,1
1,1,1,1,1,1,1,1,1,1
1,1,1,1,1,1,1,1,1,1
1,1,1,1,1,1,1,1,1,1
1,1,1,1,1,1,1,1,1,1
1,1,1,1,1,1,1,1,1,1
1,1,1,1,1,1,1,1,1,1
1,1,1,1,1,1,1,1,1,1
1,1,1,1,1,1,1,1,1,1
1,1,1,1,1,1,1,1,1,1
1,1,1,1,1,1,1,1,1,1
1,1,1,1,1,1,1,1,1,1
1,1,1,1,1,1,1,1,1,1
1,1,1,1,1,1,1,1,1,1
1,1,1,1,1,1,1,1,1,1
1,1,1,1,1,1,1,1,1,1
1,1,1,1,1,1,1,1,1,1
1,1,1,1,1,1,1,1,1,1
1,1,1,1,1,1,1,1,1,1
1,1,1,1,1,1,1,1,1,1
1,1,1,1,1,1,1,1,1,1
1,1,1,1,1,1,1,1,1,1
1,1,1,1,1,1,1,1,1,1
1,1,1,1,1,1,1,1,1,1
1,1,1,1,1,1,1,1,1,1
1,1,1,1,1,1,1,1,1,1
1,1,1,1,1,1,1,1,1,1
1,1,1,1,1,1,1,1,1,1
1,1,1,1,1,1,1,1,1,1
1,1,1,1,1,1,1,1,1,1
1,1,1,1,1,1,1,1,1,1
1,1,1,1,1,1,1,1,1,1
1,1,1,1,1,1,1,1,1,1
1,1,1,1,1,1,1,1,1,1
1,1,1,1,1,1,1,1,1,1
1,1,1,1,1,1,1,1,1,1
1,1,1,1,1,1,1,1,1,1
1,1,1,1,1,1,1,1,1,1
1,1,1,1,1,1,1,1,1,1
1,1,1,1,1,1,1,1,1,1
1,1,0.9467838,1,1,1,1,1,1,1
1,1,0.9353397,1,1,1,1,1,1,1
1,1,0.9238207,1,1,1,1,1,1,1
1,1,0.9122306,1,1,1,1,1,1,1
1,1,0.9005736,1,1,1,1,1,1,1
1,1,0.8888544,1,1,1,1,1,1,1
1,1,0.8770778,1,1,1,1,1,1,1
1,1,0.8652482,1,1,1,1,1,1,1
1,1,0.853371,1,1,1,1,1,1,1
1,1,0.8414515,1,1,1,1,1,1,1
1,1,0.8294945,1,1,1,1,1,1,1
1,1,0.817506,1,1,1,1,1,1,1
1,1,0.8054907,1,1,1,1,1,1,1
1,1,0.7934548,1,1,1,1,1,1,1
1,1,0.7814029,1,1,1,1,1,1,1
1,1,0.7693411,1,1,1,1,1,1,1
1,1,0.7572745,1,1,1,1,1,1,1
1,1,0.7452084,1,1,1,1,1,1,1
1,1,0.7331482,1,1,1,1,1,1,2
1,1,0.7210983,1,1,1,1,1,1,2
1,1,0.7090639,1,1,1,1,1,1,2
1,1,0.7144109,1,1,1,1,1,1,2
1,1,0.7242163,1,1,1,1,1,1,2
1,1,0.7340003,1,1,1,1,1,1,1
1,1,0.7437395,1,1,1,1,1,1,1
1,1,0.7534449,1,1,1,1,1,1,1
1,1,0.7630757,1,1,1,1,1,1,1
1,1,0.7726434,1,1,1,0.9930445,1,1,1
1,1,1,1,1,1,0.9858344,1,1,1
1,1,1,1,1,1,0.9846166,1,1,1
1,1,1,1,1,1,0.9834532,1,1,1
1,1,1,1,1,1,0.9823297,1,1,1
1,1,1,1,1,1,0.9812573,1,1,1
1,1,1,1,1,1,0.9802334,1,1,1
1,1,1,1,1,1,0.9792444,1,1,1
1,1,1,1,1,1,0.978301,1,1,1
1,1,1,1,1,1,0.9774017,1,1,1
1,1,1,1,1,1,0.9765326,1,1,1
1,1,1,1,1,1,0.9757046,1,1,1
1,1,1,1,1,1,0.9749166,1,1,1
1,1,1,1,1,1,0.974167,1,1,1
1,1,1,1,1,1,0.9734544,1,1,1
1,1,1,1,1,1,0.9727775,1,1,1
1,1,1,1,1,1,0.9721349,1,1,1
1,0.5973525,1,1,1,1,0.9715258,1,1,2
1,0.5764889,1,1,1,1,0.9505681,1,1,2
1,0.5561695,1,1,1,1,0.9302726,1,1,2
1,0.5363907,1,1,1,1,0.9106638,1,1,2
1,0.5171455,1,1,1,1,0.8917324,1,1,2
1,0.498422,1,1,1,1,0.8734847,1,1,2
1,0.4802069,1,1,1,1,0.8558973,1,1,2
1,0.4624839,1,1,1,1,0.8389646,1,1,2
1,0.4511408,1,1,1,1,0.8226758,1,1,2
1,0.4597101,1,1,1,1,0.8071779,1,1,2
1,0.468206,1,1,1,1,0.7930099,1,1,2
1,0.4766182,1,1,1,1,0.7799937,1,1,2
1,0.4849178,1,1,1,1,0.7679998,1,1,2
1,0.4930873,1,1,1,1,0.7569085,1,1,2
1,0.5011103,1,1,1,1,0.7466188,1,1,2
1,0.5089718,1,1,1,1,0.737044,1,1,2
1,1,1,1,1,1,0.7281098,1,1,0
1,1,1,1,1,1,0.7310471,1,1,0
1,1,1,1,1,1,0.7340525,1,1,0
0.508306,1,1,1,1,1,0.7371246,1,1,2
0.4761595,1,1,1,1,1,0.7223777,1,1,2
0.4450341,1,1,1,1,1,0.7074359,1,1,2
0.4150287,1,1,1,1,1,0.6924219,1,1,2
0.3862056,1,1,1,1,1,0.6774333,1,1,2
0.3809543,1,1,1,1,0.9945793,0.6625606,1,1,2
0.3872926,1,1,1,1,0.9623729,0.6485381,1,1,2
0.393547,1,1,1,1,0.9344866,0.6359349,1,1,2
0.3996899,1,1,1,1,0.9101555,0.6245388,1,1,2
0.4057111,1,1,1,1,0.8887637,0.6141626,1,1,2
0.4115883,1,1,1,1,0.8698527,0.6046717,1,1,2
0.4173159,1,1,1,1,0.8530346,0.5959406,1,1,2
0.4228903,1,1,1,1,0.8379976,0.5878658,1,1,2
0.4283017,1,1,1,1,0.8245012,0.5803702,1,1,1
1,1,1,1,1,0.8123369,0.573382,1,1,0
1,1,1,1,1,0.8298163,0.5784684,1,1,0
1,1,1,1,1,0.8476016,0.5835906,1,1,0
1,1,1,1,1,0.8656594,0.5887347,0.8849626,1,0
1,1,1,1,1,1,0.5969527,0.8240142,1,0
1,1,1,1,1,1,0.6054743,0.7693447,1,0
1,1,1,1,1,1,0.6160504,0.7165394,1,0
1,1,1,1,1,1,0.6288304,0.6661295,1,0
1,1,1,1,1,1,0.6430724,0.6196328,1,0
1,1,1,1,1,1,0.6587907,0.5767813,1,0
1,1,1,1,1,1,0.6761321,0.5371493,1,0
1,1,1,1,1,1,0.6952649,0.5003737,1,0
1,1,1,1,1,1,0.7163841,0.466145,1,0
1,1,1,1,1,1,0.7397147,0.4561377,1,0
1,1,1,1,1,1,0.7655206,0.4619449,1,0
1,1,1,1,1,1,1,0.4683942,1,0
1,1,1,1,1,1,1,0.4743275,1,0
1,1,1,1,1,1,1,0.4806384,1,0
1,1,1,1,1,1,1,0.4873183,0.7646646,0
1,1,1,1,1,1,1,0.4963225,0.6724674,0
1,1,1,1,1,1,1,0.5061628,0.593106,0
1,1,1,1,1,1,1,0.5169048,0.5240715,0
1,1,1,1,1,1,1,0.5286041,0.4634699,0
1,1,1,1,1,1,1,0.5413319,0.4098422,0
1,1,1,1,1,1,1,0.5551674,0.4082846,0
1,1,1,1,1,1,1,0.5701997,0.4134165,0
1,1,1,1,1,1,1,0.5865288,0.4190525,0
1,1,1,1,1,1,1,0.6042674,0.4252124,0
1,1,1,1,1,1,1,0.6235327,0.4319115,0
1,1,1,1,1,1,0.9953737,0.6444784,0.4391805,0
1,1,1,1,1,1,0.9813164,1,0.4470389,0
1,1,1,1,1,1,0.9679481,1,0.4553604,0
1,1,1,1,1,1,0.9551919,1,0.4641658,0
1,1,1,1,1,1,0.9430062,1,0.4734422,0
1,1,1,1,1,1,1,1,0.4831822,0
1,1,1,1,1,1,1,1,0.4932543,0
1,1,1,1,1,1,1,1,0.5037333,0
1,1,1,1,1,1,1,1,0.5146133,0
1,1,1,1,1,1,1,1,0.5258792,0
1,1,1,1,1,1,1,0.9821172,0.537515,0
1,1,1,1,1,1,1,0.9646332,0.5496538,0
1,1,1,1,1,1,1,0.9478266,0.5622837,0
1,1,1,1,1,1,1,0.9316708,0.5753962,0
1,1,1,1,1,1,1,0.9161376,0.5889803,0
1,1,1,1,1,1,1,0.9011974,1,1
1,1,1,1,1,1,1,0.891085,1,1
1,1,1,1,1,1,1,0.8809419,1,1
1,1,1,1,1,1,1,0.8707715,1,1
1,1,1,1,1,1,1,0.8605781,1,1
1,1,1,1,1,1,1,0.8503655,1,1
1,1,1,1,1,1,1,0.840138,1,1
1,1,1,1,1,1,1,0.8298992,1,1
1,1,1,1,1,1,1,0.8196536,1,1
1,1,1,1,1,1,1,0.8094054,1,1
1,1,1,1,1,1,1,0.7991583,1,1
1,1,1,1,1,1,1,0.7889168,1,1
1,1,1,1,1,1,1,0.7786844,1,1
1,1,1,1,1,1,1,0.7684652,1,1
1,1,1,1,1,1,1,0.758263,1,1
1,1,1,1,1,1,1,0.7480813,1,1
1,1,1,1,1,1,1,0.7379241,1,1
1,1,1,1,1,1,1,0.7277946,1,1
1,1,1,1,1,1,1,0.7289463,1,1
1,1,1,1,1,1,1,0.7525086,1,1
1,1,1,1,1,1,1,0.7758499,1,1
1,1,1,1,1,1,1,0.7989367,1,1
1,1,1,1,1,1,1,0.8216799,1,1
1,1,1,1,1,1,1,0.844052,0.8741547,0
1,1,1,1,1,1,1,0.8756658,0.8578332,0
1,1,1,1,1,1,1,0.9085803,0.8417562,0
1,1,1,1,1,1,1,0.9428232,0.8259287,0
1,1,1,1,1,1,1,0.9783981,0.8103558,0
1,1,1,1,1,1,1,1,0.7950404,0
1,1,1,1,1,1,1,1,0.7798561,0
1,1,1,1,1,1,1,1,0.7646382,0
1,1,1,1,1,1,1,1,0.7494141,0
1,1,1,1,1,1,1,1,0.7342119,0
1,1,1,1,1,1,1,1,0.719058,0
1,1,1,1,1,1,1,1,0.7039787,0
1,1,1,1,1,1,1,1,0.6889989,0
1,1,1,1,1,1,1,1,0.6741425,0
1,1,1,1,1,1,1,1,0.6594316,0
1,1,1,1,1,1,1,1,0.6448873,0
1,1,1,1,1,1,1,1,0.6305282,0
1,1,1,1,1,1,1,1,0.6163716,0
1,1,1,1,1,1,1,1,0.6300882,0
1,1,1,1,1,1,1,1,0.6490582,0
1,1,1,1,1,1,1,1,0.668141,0
1,1,1,1,1,1,1,1,0.6872913,0
1,1,1,1,1,1,1,1,0.7064626,0
1,1,1,1,1,1,1,1,0.7256091,0
1,1,1,1,1,1,1,1,0.7446951,0
1,1,1,1,1,1,1,1,0.7636753,0
1,1,1,1,1,1,1,1,0.7825152,0
1,1,1,1,1,1,1,1,0.8011709,0
1,1,1,1,1,1,1,1,0.819599,1
1,1,1,1,1,1,1,1,0.83777,1
1,1,1,1,1,1,1,1,0.855644,1
1,1,1,1,1,1,1,1,1,1
1,1,1,1,1,1,1,1,1,1
1,1,1,1,1,1,1,1,1,1
1,1,1,1,1,1,1,1,1,1
1,1,1,1,1,1,1,1,1,1
1,1,1,1,1,1,1,1,1,1
1,1,1,1,1,1,1,1,1,1
1,1,1,1,1,1,1,1,1,1
1,1,1,1,1,1,1,1,1,1
1,1,1,1,1,1,1,1,1,1
1,1,1,1,1,1,1,1,1,1
1,1,0.9991776,1,1,1,1,1,1,1
1,1,0.9917997,1,1,1,1,1,1,1
1,1,0.9845337,1,1,1,1,1,1,1
1,1,0.977382,1,1,1,1,1,1,1
1,1,0.9703412,1,1,1,1,1,1,1
1,1,0.9634079,1,1,1,1,1,1,1
1,1,0.9565858,1,1,1,1,1,1,1
1,1,0.9498721,1,1,1,1,1,1,1
1,1,0.9432642,1,1,1,1,1,1,1
1,1,0.9367665,1,1,1,1,1,1,1
1,1,0.930377,1,1,1,1,1,1,1
1,1,0.9240935,1,1,1,1,1,1,1
1,1,0.9179212,1,1,1,1,1,1,1
1,1,0.9118583,1,1,1,1,1,1,1
1,1,0.9059032,1,1,1,1,1,1,1
1,1,0.9000546,1,1,1,1,1,1,1
1,1,0.8943179,1,1,1,1,1,1,1
1,1,0.8886922,1,1,1,1,1,1,2
1,1,0.883176,1,1,1,1,1,1,2
1,1,0.8777753,1,1,1,1,1,1,2
1,1,0.8724889,1,1,1,1,1,1,2
1,1,0.8673158,1,1,1,1,1,1,2
1,1,0.8622553,1,1,1,1,1,1,2
1,1,0.8573066,1,1,1,1,1,1,2
1,1,0.8524755,1,1,1,1,1,1,2
1,1,0.8477612,1,1,1,1,1,1,2
1,1,0.8431698,1,1,1,1,1,1,2
1,1,0.8386936,1,1,1,1,1,1,2
1,0.8233942,0.8343387,1,1,1,1,1,1,2
1,0.7385575,1,1,1,1,1,1,1,2
1,0.7330064,1,1,1,1,1,1,1,2
1,0.7276392,1,1,1,1,1,1,1,2
1,0.7224588,1,1,1,1,1,1,1,2
1,0.7174684,1,1,1,1,1,1,1,2
1,0.7126764,1,1,1,1,1,1,1,2
1,0.7080915,1,1,1,1,1,1,1,2
1,0.7037097,1,1,1,1,1,1,1,2
1,0.6995391,1,1,1,1,1,1,1,2
1,0.6955878,1,1,1,1,1,1,1,2
1,0.6918508,1,1,1,1,1,1,1,2
1,0.688342,1,1,1,1,1,1,1,2
1,0.6850561,1,1,1,1,1,1,1,2
1,0.6819943,1,1,1,1,1,1,1,2
1,0.6791631,1,1,1,1,1,1,1,2
1,0.6765633,1,1,1,1,1,1,1,2
1,0.6742013,1,1,1,1,1,1,1,2
0.6606044,0.6720708,1,1,1,1,1,1,1,2
0.6541203,0.6716989,1,1,1,1,1,1,1,2
0.6481565,0.6718169,1,1,1,1,1,1,1,2
0.6427073,1,1,1,1,1,1,1,1,2
0.6380909,1,1,1,1,1,1,1,1,2
0.6337582,1,1,1,1,1,1,1,1,2
0.6297125,1,1,1,1,1,1,1,1,2
0.6259627,1,1,1,1,1,1,1,1,2
0.6225175,1,1,1,1,1,1,1,1,2
0.619373,1,1,1,1,1,1,1,1,2
0.6165434,1,1,1,1,1,1,1,1,2
0.6140245,1,1,1,1,1,1,1,1,2
0.6118236,1,1,1,1,1,1,1,1,2
0.6099419,1,1,1,1,1,1,1,1,2
0.6083805,1,1,1,1,1,1,1,1,2
0.6071399,1,1,1,1,1,1,1,1,2
0.6062268,1,1,1,1,1,1,1,1,2
0.6056352,1,1,1,1,1,1,1,1,2
1,1,1,1,1,1,1,1,1,1
1,1,1,1,1,1,1,1,1,1
1,1,1,1,1,1,1,1,1,1
1,1,1,1,1,1,1,1,1,1
1,1,1,1,1,1,1,1,1,1
1,1,1,1,1,1,1,1,1,1
1,1,1,1,1,1,1,1,1,1
1,1,1,1,1,1,1,1,1,1
1,1,1,1,1,1,1,1,1,1
1,1,1,1,1,1,1,0.9757652,1,1
1,1,1,1,1,1,1,0.961856,1,1
1,1,1,1,1,1,1,0.9476354,1,1
1,1,1,1,1,1,1,0.9331145,1,1
1,1,1,1,1,1,1,0.9183073,1,1
1,1,1,1,1,1,1,0.9032295,1,1
1,1,1,1,1,1,1,0.8878986,1,1
1,1,1,1,1,1,1,0.8723343,1,1
1,1,1,1,1,1,1,0.8565577,1,1
1,1,1,1,1,1,1,0.8405913,1,0
1,1,1,1,1,1,1,0.8244601,1,0
1,1,1,1,1,1,1,0.8081889,1,0
1,1,1,1,1,1,1,0.7918041,1,0
1,1,1,1,1,1,1,0.7753324,1,0
1,1,1,1,1,1,1,0.758801,1,0
1,1,1,1,1,1,1,0.7422367,1,0
1,1,0.9891475,1,1,1,1,0.736338,1,0
1,1,0.9769713,1,1,1,1,0.7458222,1,0
1,1,0.9657273,1,1,1,1,0.7550052,1,0
1,1,0.9553211,1,1,1,1,0.7638761,1,0
1,1,0.9456707,1,1,1,1,0.772426,1,0
1,1,0.9367052,1,1,1,1,0.7806474,1,1
1,1,0.9283633,1,1,1,1,0.7885348,1,1
1,1,0.9205915,1,1,1,1,0.7960842,1,1
1,1,0.9133328,1,1,1,1,0.8033034,1,1
1,1,0.9065474,1,1,1,1,0.8101913,1,1
1,1,0.9001902,1,1,1,1,0.8167573,1,1
1,1,0.8942312,1,1,1,1,0.8230023,1,1
1,1,0.8886436,1,1,1,1,0.8289275,1,1
1,1,0.8833947,1,1,1,1,1,1,1
1,1,0.8829244,1,1,1,1,1,1,1
1,1,0.8824987,1,1,1,1,1,1,1
1,1,0.8821265,1,1,1,1,1,1,1
1,1,0.8818064,1,1,1,1,1,1,1
1,1,0.8815377,1,1,1,1,1,0.828462,1
1,1,0.8741778,1,1,1,1,1,0.8030618,1
1,1,0.8660487,1,1,1,1,1,0.7769687,0
1,1,0.8571776,1,1,1,1,1,0.750317,0
1,1,0.8476218,1,1,1,1,1,0.7232491,0
1,1,0.8374271,1,1,1,1,1,0.6959113,0
1,1,0.8266572,1,1,1,1,1,0.668447,0
1,1,0.8153898,1,1,1,1,0.9987232,0.6409973,0
1,1,0.8036579,1,1,1,1,0.9816633,0.6136628,0
1,1,0.7912043,1,1,1,1,0.9642669,0.6131623,0
1,1,0.7789869,1,1,1,1,0.9472196,0.6199477,0
1,1,0.767236,1,1,1,1,0.9306739,0.6268173,0
1,1,0.7559255,1,1,1,1,0.9146048,0.63376,0
1,1,0.7450383,1,1,1,1,0.8989882,0.640757,0
1,1,0.734548,1,1,1,1,0.883799,0.6477973,0
1,1,0.7244377,1,1,1,1,0.869013,0.6548634,0
1,1,0.7146907,1,1,1,1,0.8546063,0.6619381,0
1,1,0.7052821,1,1,1,1,0.8681162,0.6690124,0
1,1,0.6965967,1,1,1,1,0.883288,0.6757935,0
1,1,0.6885896,1,1,1,1,0.8973998,0.6822506,1
1,1,0.6811869,1,1,1,1,0.9104465,0.6883825,1
1,1,0.6743098,1,1,1,1,0.9224584,0.6942054,1
1,1,0.6679085,1,1,1,1,0.933449,0.6997215,1
1,1,0.6619326,1,1,1,1,0.9434522,1,2
1,1,0.6628755,1,1,1,1,0.9354327,1,2
1,1,0.6638021,1,1,1,1,0.9280673,1,2
1,1,0.664714,1,1,1,1,0.9212882,1,2
1,1,0.6656133,1,1,1,1,0.9150349,1,2
1,1,0.6664925,1,1,1,1,0.9092665,1,2
1,1,0.667354,1,1,1,1,0.9039351,1,2
1,1,0.6681911,1,1,1,1,0.8990089,1,2
1,1,0.6690149,1,1,1,1,0.8944379,1,2
1,1,1,1,1,1,1,0.8901992,1,1
1,1,1,1,1,1,1,0.8990496,1,1
1,1,1,1,1,1,1,0.9077224,1,1
1,1,1,1,1,1,1,0.9162029,1,1
1,1,1,1,1,1,1,0.9244898,1,1
1,0.6636252,1,1,1,1,1,0.9325808,1,2
1,0.6213177,1,1,1,1,1,0.9213861,1,2
1,0.5795327,1,1,1,1,1,0.9087363,1,2
1,0.5386981,1,1,1,1,1,0.8949254,1,2
1,0.4991575,1,1,1,1,1,0.8802458,1,2
1,0.46861,1,1,1,1,1,0.8649739,1,2
1,0.4701069,1,1,1,1,1,0.8496901,1,2
1,0.4717589,1,1,1,1,1,0.8357636,1,2
1,0.4735583,1,1,1,1,1,0.8230245,1,2
1,0.4754837,1,1,1,1,1,0.8113462,1,2
1,0.4775288,1,1,1,1,1,0.8006017,1,2
1,0.4796805,1,1,1,1,1,0.7906905,1,2
1,0.4819194,1,1,1,1,1,0.7815348,1,2
1,0.4842409,1,1,1,1,1,0.7730492,1,2
1,0.4866333,1,1,1,1,1,0.7651676,1,2
1,0.4890856,1,1,1,1,1,0.7578323,1,2
0.5618446,1,1,1,1,1,1,0.7509933,1,2
0.4747304,1,1,1,1,1,1,0.7441395,1,2
0.40972,1,1,1,1,1,1,0.7350121,1,2
0.4106147,1,1,1,1,1,1,0.7245511,1,2
0.4117329,1,1,1,1,1,1,0.7147346,1,2
0.4130602,1,1,1,1,1,1,0.7055025,1,2
0.4145766,1,1,1,1,1,1,0.6968092,1,2
0.4162749,1,1,1,1,1,1,0.6885987,1,2
0.418142,1,1,1,1,1,1,0.6808286,1,2
0.4201718,1,1,1,1,1,1,0.6734532,1,2
0.4223454,1,1,1,1,1,1,0.6664467,1,2
0.4246506,1,1,1,1,1,1,0.6597788,1,2
0.4270822,1,1,1,1,1,1,0.6534147,1,2
0.4296285,1,1,1,1,1,1,0.6473304,1,2
1,1,1,1,1,1,1,0.6415046,1,0
1,1,1,1,1,1,1,0.6460596,1,0
1,1,1,1,1,1,1,0.6508216,1,0
1,1,1,1,1,1,1,0.6557865,1,0
1,1,1,1,1,1,1,0.6609424,1,0
1,1,1,1,1,1,1,0.6662772,1,0
1,1,1,1,1,1,1,0.6717861,0.7713053,0
1,1,1,1,1,1,1,0.6828005,0.6731396,0
1,1,1,1,1,1,1,1,0.5872931,0
1,1,1,1,1,1,1,1,0.549173,0
1,1,1,1,1,1,1,1,0.5528346,0
1,1,1,1,1,1,1,1,0.5568605,0
1,1,1,1,1,1,1,1,0.5612482,0
1,1,1,1,1,1,1,1,0.5659884,0
1,1,1,1,1,1,1,1,0.5710779,0
1,1,1,1,1,1,1,1,0.5765065,0
1,1,1,1,1,1,1,1,0.5822634,0
1,1,1,1,1,1,1,1,0.5883445,0
1,1,1,1,1,1,1,1,0.5947383,0
1,1,1,1,1,1,1,1,0.6014394,0
1,1,1,1,1,1,1,1,0.6084354,0
1,1,1,1,1,1,1,1,0.6157134,0
1,1,1,1,1,1,1,1,1,1
1,1,1,1,1,1,1,1,1,1
1,1,1,1,1,1,1,1,1,1
1,1,1,1,1,1,1,1,1,1
1,1,1,1,1,1,1,1,1,1
1,1,1,1,1,1,1,1,1,1
1,1,1,1,1,1,1,1,1,1
1,1,1,1,1,1,1,1,1,1
1,1,1,1,1,1,1,1,1,1
1,1,1,1,1,1,1,1,1,1
1,1,1,1,1,1,1,1,1,1
1,1,1,1,1,1,1,1,1,1
1,1,1,1,1,1,1,1,1,1
1,1,1,1,1,1,1,1,1,1
1,1,1,1,1,1,1,1,1,1
1,1,1,1,1,1,1,1,1,1
1,1,1,1,1,1,1,1,1,1
1,1,1,1,1,1,1,1,1,1
1,1,1,1,1,1,1,1,1,1
1,1,1,1,1,1,1,1,1,1
1,1,1,1,1,1,1,1,1,1
1,1,1,1,1,1,1,1,1,1
1,1,1,1,1,1,1,1,1,1
1,1,1,1,1,1,1,1,1,1
1,1,1,1,1,1,1,1,1,1
1,1,1,1,1,1,1,1,1,1
1,1,1,1,1,1,1,1,1,1
1,1,1,1,1,1,1,1,1,1
1,1,1,1,1,1,1,1,1,1
1,1,1,1,1,1,1,1,1,1
1,1,1,1,1,1,1,1,1,1
1,1,1,1,1,1,1,1,1,1
1,1,1,1,1,1,1,1,1,1
1,1,1,1,1,1,1,1,1,1
1,1,1,1,1,1,1,1,1,1
1,1,1,1,1,1,1,1,1,1
1,1,1,1,1,1,1,1,1,1
1,1,1,1,1,1,1,1,1,1
1,1,1,1,1,1,1,1,1,1
1,1,1,1,1,1,1,1,1,1
1,1,1,1,1,1,1,1,1,1
1,1,1,1,1,1,1,1,1,1
1,1,1,1,1,1,1,1,1,1
1,1,1,1,1,1,1,1,1,1
1,1,1,1,1,1,1,1,1,1
1,1,1,1,1,1,1,1,1,1
1,1,1,1,1,1,1,1,1,1
1,1,1,1,1,1,1,1,1,1
1,1,1,1,1,1,1,1,1,1
1,1,1,1,1,1,1,1,1,1
1,1,1,1,1,1,1,1,1,1
1,1,1,1,1,1,1,1,1,1
1,1,1,1,1,1,1,1,1,1
1,1,1,1,1,1,1,1,1,1
1,1,1,1,1,1,1,1,1,1
1,1,1,1,1,1,1,1,1,1
1,1,1,1,1,1,1,1,1,1
1,1,1,1,1,1,1,1,1,1
1,1,1,1,1,1,1,1,1,1
1,1,1,1,1,1,1,1,1,1
1,1,1,1,1,1,1,1,1,1
1,1,1,1,1,1,1,1,1,1
1,1,1,1,1,1,1,1,1,1
1,1,1,1,1,1,1,1,1,1
1,1,0.8025293,0.7385591,1,1,1,1,1,2
1,1,0.7895201,0.727723,1,1,1,1,1,2
1,1,0.7765265,0.7169041,1,1,1,1,1,2
1,1,0.7635589,0.7061071,1,1,1,1,1,2
1,1,0.7506273,0.6953362,1,1,1,1,1,2
1,1,0.7377413,0.6845955,1,1,1,1,1,2
1,1,0.7249089,0.6738883,1,1,1,1,1,2
1,1,0.7121378,0.6632174,1,1,1,1,1,2
1,1,0.6994354,0.6525857,1,1,1,1,1,2
1,1,0.6868078,0.6419955,1,1,1,1,1,2
1,1,0.6742603,0.6314483,1,1,1,1,1,2
1,1,0.6617973,0.6366438,1,1,1,1,1,2
1,1,0.6494403,0.6868438,1,1,1,1,1,2
1,1,0.6372317,0.7432963,1,1,1,1,1,2
1,1,0.6251634,0.8069121,1,1,1,1,1,2
1,1,0.6132277,0.8788604,1,1,1,1,1,2
1,1,0.6014172,0.9605609,1,1,1,1,1,2
1,1,0.5897246,1,1,1,1,1,1,2
1,0.7570611,0.5781128,1,1,1,1,1,1,2
1,0.7345192,0.5652648,1,1,1,1,1,1,2
1,0.7123185,0.5525442,1,1,1,1,1,1,2
1,0.6905189,0.539972,1,1,1,1,1,1,2
1,0.6691707,0.5275659,1,1,1,1,1,1,2
1,0.6483153,0.5153406,1,1,1,1,1,1,2
1,0.6279843,0.5033078,1,1,1,1,1,1,2
1,0.6082001,0.4914757,1,1,1,1,1,1,2
1,0.5889774,0.47985,1,1,1,1,1,1,2
1,0.5703231,0.4684331,1,1,1,1,1,1,2
1,0.5522381,0.5085307,1,1,1,1,1,1,2
1,0.5348608,0.5679491,1,1,1,1,1,1,2
1,0.5181741,0.6374407,1,1,1,1,1,1,2
1,0.5021253,0.7191015,1,1,1,1,1,1,2
1,0.4866634,0.8156753,1,1,1,1,1,1,2
1,0.4717422,1,1,1,1,1,1,1,2
1,0.4574071,1,1,1,1,1,1,1,2
0.6722192,0.4433531,1,1,1,1,1,1,1,2
0.6367145,0.4274035,1,1,1,1,1,1,1,2
0.6036046,0.4120937,1,1,1,1,1,1,1,2
0.5726663,0.3973888,1,1,1,1,1,1,1,2
0.543704,0.3832571,1,1,1,1,1,1,1,2
0.5165453,0.3696688,1,1,1,1,1,1,1,2
0.491037,0.3565962,1,1,1,1,1,1,1,2
0.4670441,0.3834439,1,1,1,1,1,1,1,2
0.4444451,0.4184928,1,1,1,1,1,1,1,2
0.4231327,0.4584033,1,1,1,1,1,1,1,2
0.4030102,0.504116,1,1,1,1,1,1,1,2
0.3839908,0.5568572,1,1,1,1,1,1,1,2
0.3659957,0.6182239,1,1,1,1,1,1,1,2
0.3489539,0.6903125,1,1,1,1,1,1,1,2
0.3328647,1,1,1,1,1,1,1,1,2
0.3183724,1,1,1,1,1,1,1,1,2
0.3248061,1,1,1,1,1,1,1,1,2
0.3433411,1,1,1,1,1,1,1,1,2
0.3626451,1,1,1,1,1,1,1,1,2
0.3826983,1,1,1,1,1,1,1,1,2
0.4034755,1,1,1,1,1,1,1,1,2
0.4249338,1,1,1,1,1,1,1,1,2
0.4470476,1,1,1,1,1,1,1,1,2
0.469762,1,1,1,1,1,1,1,1,2
0.4930281,1,1,1,1,1,1,1,1,2
0.5167919,1,1,1,1,1,1,1,1,2
0.541006,1,1,1,1,1,1,1,1,2
0.5655946,1,1,1,1,1,1,1,1,2
0.5905019,1,1,1,1,1,1,1,1,2
0.6156568,1,1,1,1,1,1,1,1,2
0.640985,1,1,1,1,1,1,1,1,2
1,1,1,1,1,1,1,1,1,1
1,1,1,1,1,1,1,1,1,1
1,1,1,1,1,1,1,1,1,1
1,1,1,1,1,1,1,1,1,1
1,1,1,1,1,1,1,1,1,1
1,1,1,1,1,1,1,1,1,1
1,1,1,1,1,1,1,1,1,1
1,1,1,1,1,1,1,1,1,1
1,1,1,1,1,1,1,1,1,1
1,1,1,1,1,1,1,1,1,1
1,1,1,1,1,1,1,1,1,1
1,1,1,1,1,1,1,1,1,1
1,1,1,1,1,1,1,1,1,1
1,1,1,1,1,1,1,1,1,1
1,1,1,1,1,1,1,1,1,1
1,1,1,1,1,1,1,1,1,1
1,1,1,1,1,1,1,1,1,1
1,1,1,1,1,1,1,1,1,1
1,1,1,1,1,1,1,1,1,1
1,1,1,1,1,1,1,1,1,1
1,1,1,1,1,1,1,1,1,1
1,1,1,1,1,1,1,1,1,1
1,1,1,1,1,1,1,1,1,1
1,1,1,1,1,1,1,1,1,1
1,1,1,1,1,1,1,1,1,1
1,1,1,1,1,1,1,1,1,1
1,1,1,1,1,1,1,1,1,1
1,1,1,1,1,1,1,1,1,1
1,1,1,1,1,1,1,1,1,1
1,1,1,1,1,1,1,1,1,1
1,1,1,1,1,1,1,1,1,1
1,1,1,1,1,1,1,1,1,1
1,1,1,1,1,1,1,1,1,1
1,1,1,1,1,1,1,1,1,1
1,1,1,1,1,1,1,1,1,1
1,1,1,1,1,1,1,1,1,1
1,1,1,1,1,1,1,1,1,1
1,1,1,1,1,1,1,1,1,1
1,1,1,1,1,1,1,1,1,1
1,1,1,1,1,1,1,1,1,1
1,1,1,1,1,1,1,1,1,1
1,1,1,1,1,1,1,1,1,1
1,1,1,1,1,1,1,1,1,1
1,1,1,1,1,1,1,1,1,1
1,1,1,1,1,1,1,1,1,1
1,1,1,1,1,1,1,1,1,1
1,1,1,1,1,1,1,1,1,1
1,1,1,1,1,1,1,1,1,1
1,1,1,1,1,1,1,1,1,1
1,1,1,1,1,1,1,1,1,1
1,1,1,1,1,1,1,1,1,1
1,1,1,1,1,1,1,1,1,1
1,1,1,1,1,1,1,1,1,1
1,1,1,1,1,1,1,1,1,1
1,1,1,1,1,1,1,1,1,1
1,1,1,1,1,1,1,1,1,1
1,1,1,1,1,1,1,1,1,1
1,1,1,1,1,1,1,1,1,1
1,1,1,1,1,1,1,1,1,1
1,1,1,1,1,1,1,1,1,1
1,1,1,1,1,1,1,1,1,1
1,1,1,1,1,1,1,1,1,1
1,1,1,1,1,1,1,1,1,1
1,1,1,1,1,1,1,1,1,1
1,1,1,1,1,1,1,1,1,1
1,1,1,1,1,1,1,1,1,1
1,1,1,1,1,1,1,1,1,1
1,1,1,1,1,1,1,1,1,1
1,1,1,1,1,1,1,1,1,1
1,1,1,1,1,1,1,1,1,1
1,1,1,1,1,1,1,1,1,1
1,1,1,1,1,1,1,1,1,1
1,1,1,1,1,1,1,1,1,1
1,1,1,1,1,1,1,1,1,1
1,1,1,1,1,1,1,1,1,1
1,1,1,1,1,1,1,1,1,1
1,1,1,1,1,1,1,1,1,1
1,1,1,1,1,1,1,1,1,1
1,1,1,1,1,1,1,1,1,1
1,1,1,1,1,1,1,1,1,1
1,1,1,1,1,1,1,1,1,1
1,1,1,1,1,1,1,1,1,1
1,1,1,1,1,1,1,1,1,1
1,1,1,1,1,1,1,1,1,1
1,1,1,1,1,1,1,1,1,1
1,1,1,1,1,1,1,1,1,1
1,1,1,1,0.9953989,1,1,1,1,1
1,1,1,1,0.9855277,1,1,1,1,1
1,1,1,1,0.975922,1,1,1,1,1
1,1,1,1,0.9665753,1,1,1,1,1
1,1,1,1,0.9574742,1,1,1,1,1
1,1,1,1,0.9486138,1,1,1,1,1
1,1,1,1,0.939974,1,1,1,1,1
1,1,1,1,0.9315605,1,1,1,1,1
1,1,1,1,0.9233543,1,1,1,1,1
1,1,1,1,0.9153457,1,1,1,1,1
1,1,1,1,0.9075336,1,1,1,1,1
1,1,1,1,0.8999182,1,1,1,1,1
1,1,1,1,0.8924824,0.9939283,1,1,1,1
1,1,1,1,0.8854033,0.9759979,1,1,1,0
1,1,1,1,0.87902,0.9569914,1,1,1,0
1,1,1,1,0.8733504,0.9369887,1,1,1,0
1,1,1,1,0.8684052,0.9160846,1,1,1,0
1,1,1,1,0.8642133,0.8943866,1,1,1,0
1,1,1,1,0.8607951,0.872013,1,1,1,0
1,1,1,1,0.8581721,0.8490877,1,1,1,0
1,1,1,1,0.8563647,0.8257402,1,1,1,0
1,1,1,1,0.855395,0.8020992,1,1,1,0
1,1,1,1,0.8552844,0.7782919,1,1,1,0
1,1,1,1,0.856054,0.7544392,1,1,1,0
1,1,1,1,0.857725,0.7306539,1,1,1,0
1,1,1,1,0.8603089,0.726198,1,1,1,0
1,1,1,1,0.8631898,0.7254311,1,1,1,0
1,1,1,1,0.8662418,0.7247701,1,1,1,0
1,1,1,1,0.8694569,0.7242076,1,1,1,0
1,1,1,1,0.8728179,0.7237291,0.9163394,1,1,0
1,1,1,1,0.8799628,0.7254544,0.8729249,1,1,0
1,1,1,1,1,0.728384,0.8301308,1,1,0
1,1,1,1,1,0.7305187,0.7922554,1,1,0
1,1,1,1,1,0.7339083,0.7547679,1,1,0
1,1,1,1,1,0.7386134,0.7179707,1,1,0
1,1,1,1,1,0.7446854,0.6821163,1,1,0
1,1,1,1,1,0.7521855,0.6474036,1,1,0
1,1,1,1,1,0.7611668,0.6139768,1,1,0
1,1,1,1,1,0.7716833,0.6021618,1,1,0
1,1,1,1,1,0.7830955,0.6049629,1,1,0
1,1,1,1,1,1,0.6079473,1,1,0
1,1,1,1,1,1,0.6084949,1,1,0
1,1,1,1,1,1,0.6092326,1,1,0
1,1,1,1,1,1,0.6101586,1,1,0
1,1,1,1,1,1,0.611271,1,1,0
1,1,1,1,1,1,0.6125602,1,1,0
1,1,1,1,1,1,0.6140242,1,1,0
1,1,1,1,1,1,0.6156697,1,1,0
1,1,1,1,1,1,0.6174783,0.7811324,1,0
1,1,1,1,1,1,0.6248815,0.708841,1,0
1,1,1,1,1,1,0.6335472,0.6433172,1,0
1,1,1,1,1,1,0.6431667,0.5847001,1,0
1,1,1,1,1,1,0.6538213,0.5319202,1,0
1,1,1,1,1,1,1,0.4841193,1,0
1,1,1,1,1,1,1,0.4766824,1,0
1,1,1,1,1,1,1,0.478776,1,0
1,1,1,1,1,1,1,0.4812462,1,0
1,1,1,1,1,1,1,0.4840921,1,0
1,1,1,1,1,1,1,0.4873059,1,0
1,1,1,1,1,1,1,0.4908866,1,0
1,1,1,1,1,1,1,0.4948333,1,0
1,1,1,1,1,1,1,0.4991376,1,0
1,1,1,1,1,1,1,0.503791,0.7017897,0
1,1,1,1,1,1,1,0.5101979,0.5663589,0
1,1,1,1,0.9988626,1,1,0.5172842,0.4588223,0
1,1,1,1,0.9878405,1,1,0.5250876,0.4254681,0
1,1,1,1,0.9772633,1,1,0.53365,0.4274142,0
1,1,1,1,0.9671211,1,1,0.5430257,0.4297906,0
1,1,1,1,0.9574043,1,1,1,0.4326002,0
1,1,1,1,0.9481055,0.95508,1,1,0.4358533,0
1,1,1,1,0.9392167,0.9426614,1,1,0.4395681,0
1,1,1,1,1,0.9307278,1,1,0.4437514,0
1,1,1,1,1,0.9192662,1,1,0.4484176,0
1,1,1,1,1,0.908264,1,1,0.4535832,0
1,1,1,1,1,0.8977097,1,1,0.4592659,0
1,1,1,1,1,0.8875939,1,1,0.4654676,0
1,1,1,1,1,0.8778945,1,1,0.4720995,0
1,1,1,1,1,0.8685743,1,1,0.4791399,0
1,1,1,1,1,0.8595954,1,1,0.486579,0
1,1,1,1,1,0.8509216,1,1,1,1
1,1,1,1,1,0.841173,1,1,1,1
1,1,1,1,1,1,0.8441022,1,1,1
1,1,1,1,1,1,0.8340433,1,1,1
1,1,1,1,1,1,0.8239824,1,1,1
1,1,1,1,1,1,0.8139208,1,1,1
1,1,1,1,1,1,0.8038592,1,1,1
1,1,1,1,1,1,0.793799,1,1,1
1,1,1,1,1,1,0.7837408,1,1,1
1,1,1,1,1,1,0.7736858,1,1,1
1,1,1,1,1,1,0.763635,1,1,1
1,1,1,1,1,1,0.7535891,1,1,1
1,1,1,1,1,1,0.7435489,1,1,1
1,1,1,1,1,1,0.7335156,1,1,1
1,1,1,1,1,1,0.7234897,1,1,1
1,1,1,1,1,1,0.7134724,1,1,1
1,1,1,1,1,1,0.7034643,1,1,1
1,1,1,1,1,1,0.6934659,1,1,1
1,1,1,1,1,1,0.6834781,1,1,1
1,1,1,1,1,1,0.6735016,1,1,1
1,1,1,1,1,1,0.6635369,1,1,1
1,1,1,1,1,1,0.6535848,1,1,1
1,1,1,1,1,1,0.6436456,1,1,1
1,1,1,1,1,1,0.6337199,1,1,1
1,1,1,1,1,1,0.6238082,1,1,1
1,1,1,1,1,1,0.6139108,1,1,1
1,1,1,1,1,1,0.6040282,1,1,1
1,1,1,1,1,1,0.5941609,1,1,1
1,1,1,1,1,1,0.5843088,1,1,1
1,1,1,1,1,1,0.5744726,1,1,1
1,1,1,1,1,1,0.5646525,1,1,1
1,1,1,1,1,1,0.5548484,1,1,1
1,1,1,1,1,1,0.5450606,1,1,1
1,1,1,1,1,1,0.5352893,1,1,1
1,1,1,1,1,1,0.5255344,1,1,1
1,1,1,1,1,1,0.515796,1,1,1
1,1,1,1,1,1,0.5060742,1,1,1
1,1,1,1,1,1,0.4963689,1,1,1
1,1,1,1,1,1,0.4866804,1,1,1
1,1,1,1,1,1,0.4770083,1,1,1
1,1,1,1,1,1,0.4673528,1,1,1
1,1,1,1,1,1,0.4594218,1,1,1
1,1,1,1,1,1,0.5012843,0.5198085,1,0
1,1,1,1,1,1,0.6062278,0.5050697,1,0
1,1,1,1,1,1,1,0.4908291,1,0
1,1,1,1,1,1,1,0.477271,1,0
1,1,1,0.9763874,1,1,1,0.4639466,1,0
1,1,1,0.957132,1,1,1,0.4509772,1,0
1,1,1,0.9521362,1,1,1,0.438321,1,0
1,1,1,0.9471617,1,1,1,0.4258938,1,0
1,1,1,0.9421953,1,1,1,0.4136893,1,0
1,1,1,0.937225,1,1,1,0.4017019,1,0
1,1,1,0.9322378,1,1,1,0.3899249,1,0
1,1,1,0.9272208,1,1,1,0.3783518,1,0
1,1,1,0.9221605,1,1,1,0.3669751,1,0
1,1,1,0.9170442,1,1,1,0.3557883,1,0
1,1,1,0.9118587,1,1,1,0.3447841,1,0
1,1,1,0.9065911,1,1,1,0.3339552,1,0
1,1,1,0.9012278,0.9832183,1,1,0.3232942,0.4396889,0
1,1,1,0.9051429,0.9361164,1,1,0.3437225,0.4175806,0
1,1,1,0.9097341,0.8924559,1,1,0.3788675,0.396731,0
1,1,1,0.9150426,0.8518375,1,1,0.4191532,0.3770452,0
1,1,1,0.9203221,0.8151213,1,1,0.4642163,0.3587313,0
1,1,1,0.9247791,0.8033777,1,1,0.9185324,0.3418643,0
1,1,1,0.9243857,0.800139,1,1,0.9804858,0.3273768,0
1,1,1,0.9234766,0.7966002,0.9972227,1,1,0.313537,0
1,1,1,0.9224197,0.792983,0.9605721,1,1,0.3001764,0
1,1,1,0.9207835,0.7890259,0.9269781,1,1,0.2873545,0
1,1,1,0.9185222,0.7847013,0.8960912,1,1,0.2800329,0
1,1,1,0.9154631,0.7799053,0.8678069,1,1,0.2931635,0
1,1,1,0.9110483,0.7743043,0.842666,1,1,0.3061328,0
1,1,1,0.9052666,0.7678925,0.8202564,1,1,0.3188635,0
1,1,1,0.8981221,0.7606732,0.8002618,1,1,0.3312698,1
1,1,1,0.8896352,0.7526587,0.7824295,1,1,0.34327,1
1,1,1,0.8798421,0.7438701,0.7665557,1,1,0.3547883,1
1,1,1,0.8687956,0.7343369,0.7524639,1,1,0.3657674,1
1,1,1,0.8565634,0.7240974,0.7400083,1,1,0.3761595,1
1,1,1,0.843228,0.7131972,0.7290822,1,1,0.3859174,1
1,1,1,0.828884,0.7016898,0.7195855,1,1,0.3950157,1
1,1,1,0.813637,0.6896339,0.7114475,1,1,0.4034315,2
1,1,1,0.7975996,0.6770929,0.7045977,1,1,0.4111638,2
1,1,1,0.7808889,0.6641328,0.6989898,1,1,0.4182132,2
1,1,1,0.7636246,0.6508216,0.6945599,1,1,0.6897253,2
1,1,1,0.7405085,0.6339582,0.7007591,1,1,0.6871182,2
1,1,1,0.7178175,0.6172971,0.7082929,1,1,0.6846899,2
1,1,1,0.695618,0.6008822,0.7171672,1,1,0.6824023,2
1,1,1,0.6739614,0.5847492,0.7274312,1,1,0.6802148,2
1,1,1,0.6528841,0.5689249,0.739092,1,1,0.6780842,2
1,1,0.8656338,0.6324082,0.5534272,0.7521869,1,1,0.6759635,2
1,1,0.8245351,0.6099711,0.5414025,0.7762352,1,1,0.6768285,2
1,1,0.7848269,0.5879121,0.5508178,0.8058864,1,1,0.678513,2
1,1,0.7474066,0.5666577,0.5617214,0.8404554,1,1,0.6805285,2
1,1,0.7122217,0.546226,0.5741423,0.8805701,1,1,0.6827934,2
1,1,0.6790624,0.5265599,0.588291,1,1,1,0.6853267,2
1,1,0.648471,0.507944,0.6031848,1,1,1,0.6874021,2
1,1,0.6192554,0.4898596,0.620464,1,1,1,0.689947,2
1,1,0.5914213,0.4723286,0.6403292,1,1,1,0.6928911,2
1,1,0.5649459,0.4665808,0.6629975,1,1,1,0.6961561,2
1,1,0.539923,0.4754081,0.6882663,1,1,1,0.6994174,2
1,1,0.5164011,0.4847683,0.715687,1,1,1,0.7022698,2
1,1,0.4942279,0.4946235,0.7453377,1,1,1,0.7045984,2
1,1,0.473265,0.5049054,0.7772485,1,1,1,0.7062884,2
1,1,0.4533862,0.5155654,0.8114737,1,1,1,0.7072244,2
1,1,0.4344784,0.5265203,1,1,1,1,0.7072912,2
1,0.9505545,0.4170344,0.5356611,1,1,1,1,0.7042787,2
1,0.7065991,0.3995135,0.5476622,1,1,1,1,0.7030872,2
1,0.6565201,0.3806329,0.5692764,1,1,1,1,0.7099959,2
1,0.610531,0.3659283,0.5939996,1,1,1,1,0.7177052,2
1,0.5681351,0.3735796,0.6223574,1,1,1,0.7450227,0.7263268,2
1,0.5304927,0.3812049,0.6516483,1,1,1,0.7307928,0.7330931,2
1,0.495715,0.3894761,0.6842086,1,1,1,0.7175454,0.7398382,2
1,0.4635065,0.3983387,0.7202039,1,1,1,0.7052657,0.7463353,2
1,0.4335898,0.4077454,1,1,1,1,0.6939132,0.7523435,2
1,0.4073457,0.4156004,1,1,1,1,0.6853951,0.7518944,2
1,0.3822965,0.4240498,1,1,1,1,0.6771846,0.7511164,2
1,0.3583753,0.4330755,1,1,1,1,0.6692995,0.749818,2
1,0.3355126,0.442652,1,1,1,1,0.6617518,0.7477785,2
1,0.313639,0.4527299,1,1,1,1,0.6545585,0.7447453,2
1,0.2926858,0.4632455,1,1,1,1,0.647734,0.7404248,2
1,0.2725871,0.4741174,1,1,1,1,0.6412908,0.7344825,2
0.6353686,0.2690726,0.4852561,1,1,1,1,0.6352335,0.7265349,2
0.5524236,0.2741342,0.508369,1,1,1,1,0.6240921,0.7460312,2
0.4810348,0.279786,0.5345303,1,1,1,1,0.6133294,1,2
0.4189375,0.286067,0.5642421,1,1,1,1,0.6029171,1,2
0.364423,0.2930297,0.5981427,1,1,1,1,0.5928226,1,2
0.3161783,0.3007146,1,1,1,1,1,0.5830296,1,2
0.273176,0.3091765,1,1,1,1,1,0.5735164,1,2
0.2346014,0.318477,1,1,1,1,1,0.5642629,1,2
0.2349486,0.3286851,1,1,1,1,1,0.5552502,1,2
0.2392888,0.3398788,1,1,1,1,1,0.5464605,1,2
0.2440484,0.3521364,1,1,1,1,1,0.5378844,1,2
0.249253,0.3655671,1,1,1,1,1,0.5294995,1,2
0.2549159,0.3802743,1,1,1,1,1,0.521298,1,2
0.2610596,0.3963869,1,1,1,1,1,0.5132659,1,2
0.2677082,0.4140526,1,1,1,1,1,0.5053901,1,2
0.2748355,0.4332342,1,1,1,1,1,0.4977196,1,2
0.2821253,0.4528156,1,1,1,1,1,0.4905591,1,2
0.2895322,0.472667,1,1,1,1,1,0.4838222,1,2
0.2970199,0.492664,1,1,1,1,1,0.4774331,1,2
0.3045381,1,1,1,1,1,1,0.4713434,1,1
0.3096722,1,1,1,1,1,1,0.4670816,1,1
0.3147553,1,1,1,1,1,1,0.4628715,1,1
0.3197852,1,1,1,1,1,1,0.458708,1,1
0.3247524,1,1,1,1,1,1,0.454593,1,1
0.3296477,1,1,1,1,1,1,0.4505288,1,1
0.3344701,1,1,1,1,1,1,0.4465114,1,1
0.3392111,1,1,1,1,1,1,0.4425439,0.423981,0
0.338388,1,1,1,1,1,1,0.4419223,0.4194249,0
0.3374984,1,1,1,1,1,1,0.4416954,0.4152676,0
0.3365463,1,1,1,1,1,1,0.4418703,0.4115018,0
0.3355276,1,1,1,1,1,1,1,0.4081271,1
0.3387443,1,1,1,1,1,1,1,0.4051646,1
0.341895,1,1,1,1,1,1,1,0.4022121,1
0.3449726,1,1,1,1,1,1,1,0.399276,1
0.3479781,1,1,1,1,1,1,1,0.396357,1
0.350912,1,1,1,1,1,1,1,0.3934557,1
0.3537683,1,1,1,1,1,1,1,0.3905787,1
0.3565553,1,1,1,1,1,1,1,0.3877205,1
0.3592595,1,1,0.9970337,1,1,1,1,0.384894,1
0.3618869,1,1,0.9870647,1,1,1,1,0.3820933,1
0.3644251,1,1,0.9770786,1,1,1,1,0.3793252,1
0.3668763,1,1,0.967079,0.9997872,1,1,1,0.3765905,1
0.3692426,1,1,0.9570681,0.9888169,1,1,1,0.3738897,1
0.3714934,1,1,0.9470376,0.9777853,1,1,1,0.3712295,1
0.3736261,1,1,0.936992,0.9667022,1,1,1,0.3686172,0
0.8642573,1,1,0.926936,0.9555769,1,1,1,0.366054,0
0.8568648,1,1,1,0.9405018,1,1,1,0.3637897,0
0.8497844,1,1,1,0.9259416,1,1,1,1,2
0.8544601,1,1,1,0.9169595,1,1,1,1,2
0.8591057,1,1,1,0.9079303,1,1,1,1,2
0.8637085,1,1,1,0.8988506,1,1,1,1,1
0.8682559,1,1,0.9296565,0.8897182,1,1,1,1,1
0.8726579,1,1,0.857231,0.8804916,1,1,1,1,1
0.8768886,1,1,0.8476769,0.8711632,1,1,1,1,1
0.8810146,1,1,0.838115,0.8617676,1,1,1,1,1
0.8850332,1,1,0.8285429,0.852304,1,1,1,1,1
0.8889416,1,1,0.8189585,0.8427726,1,1,1,1,1
0.8927312,1,1,0.8093602,0.8331739,1,1,1,1,1
0.8963938,1,1,0.7997473,0.8235094,1,1,1,1,1
0.8999295,1,1,0.7901186,0.8137803,1,1,1,1,1
0.9033389,1,1,0.7804736,0.8039888,1,1,1,1,1
0.9066161,1,1,0.7708121,0.7941368,1,1,1,1,1
0.9097632,1,1,0.761134,0.7842271,1,1,1,1,1
0.9127759,1,1,0.7514396,0.7742625,1,1,1,1,1
0.9156573,1,1,0.7417293,0.7642463,1,1,1,1,1
0.9184043,1,1,0.7320038,0.7541818,1,1,1,1,1
0.9210211,1,1,0.7222636,0.7440721,1,1,1,1,1
0.9235126,1,1,0.7125099,0.7339209,1,1,1,1,1
0.9258841,1,1,0.7027434,0.7237319,1,1,1,1,1
0.9281337,1,1,0.6929651,0.7135085,1,1,1,1,1
0.9302605,1,1,0.6831762,0.7032543,1,1,1,1,1
0.9322775,1,1,0.6733778,0.692973,1,1,1,1,1
0.934184,1,1,0.6635705,0.6826677,1,1,1,1,1
0.9359859,1,1,0.6537558,0.6723422,1,1,1,1,1
0.9376901,1,1,0.6439344,0.6619994,1,1,1,1,1
1,1,1,0.6341075,0.6516427,1,1,1,1,0
1,1,1,0.6241814,0.6409221,1,1,1,1,0
1,1,1,0.6142634,0.6302277,1,1,1,1,0
1,1,1,0.6043532,0.6195599,1,1,1,1,0
1,1,1,0.5944505,0.608919,1,1,1,1,0
1,1,1,0.5845551,0.5983058,1,1,1,1,0
1,1,1,0.5746665,0.5877196,0.6206769,1,1,1,0
1,1,1,0.5646596,0.5764158,0.6075239,1,1,1,0
1,1,1,0.5547022,0.5652252,0.5945705,1,1,1,0
1,1,1,0.5447893,0.5541431,0.5818106,1,1,1,0
1,1,1,0.5349154,0.5431635,0.5692368,1,1,1,0
1,1,1,0.525075,0.5322804,0.5568412,1,1,1,0
1,1,1,0.5152627,0.5214878,0.5446154,1,1,1,0
1,1,1,0.5054733,0.5107793,0.5325509,1,1,1,0
1,1,1,0.4957016,0.5001484,0.5206383,1,1,1,0
1,1,1,0.4859423,0.4895886,0.5088688,1,1,1,0
1,1,1,0.4761914,0.4790942,0.4972334,1,1,1,0
1,1,1,0.4664444,0.4686588,0.4857233,1,1,1,0
1,1,1,0.4566976,0.4582773,0.4743302,1,1,1,0
1,1,1,0.4469475,0.4479439,0.4630457,1,1,1,0
1,1,1,0.4371911,0.4376538,0.4518617,1,1,1,0
1,1,1,0.4274258,0.4274023,0.4407708,1,1,1,0
1,1,1,1,0.4171852,0.4297659,1,1,1,0
1,1,1,1,0.4069277,0.4185959,1,1,1,0
1,1,1,1,0.3967091,0.4075155,1,1,1,0
1,1,1,1,0.3865254,0.3965194,0.4382668,1,1,0
1,1,1,1,0.3761803,0.3846397,0.4227902,1,1,0
1,1,1,1,0.3659796,0.3730457,0.4079208,1,1,0
1,1,1,1,0.3558989,0.3617038,0.3935963,1,1,0
1,1,1,1,0.3459153,0.3505827,0.379759,1,1,0
1,1,1,1,0.3360093,0.3396543,0.3663567,1,1,0
1,1,1,1,0.3261628,0.3288928,0.3533417,1,1,0
1,1,1,1,0.3163609,0.3182757,0.3406714,1,1,0
1,1,1,1,0.3065903,0.3077829,0.3283072,1,1,0
1,1,1,1,0.2968403,0.2973965,0.3162146,1,1,0
1,1,1,1,0.2871015,0.2871009,0.3043628,1,1,0
1,1,1,1,0.2773663,0.2768826,0.2927243,1,1,0
1,1,1,1,0.2676288,0.2667297,0.2812744,1,1,0
1,1,1,1,0.2578843,0.2566322,0.2699917,1,1,0
1,1,1,1,0.2481292,0.2465814,0.2588565,1,1,0
1,1,1,1,0.2383609,0.23657,0.247852,0.3207206,1,0
1,1,1,1,1,0.2265145,0.2359752,0.3015776,1,0
1,1,1,1,1,0.2166018,0.2243812,0.2833012,1,0
1,1,1,1,1,0.2068231,0.2130547,0.26583,1,0
1,1,1,1,1,0.1971699,0.2019818,0.2491085,1,0
1,1,1,1,1,0.187634,0.1911491,0.2330861,1,0
1,1,1,1,1,0.1782075,0.1805439,0.2177165,1,0
0.8450857,1,1,1,1,1,0.170154,0.2029574,1,0
0.8339757,1,1,1,1,1,0.1600308,0.1891499,1,0
0.8314778,1,1,1,1,1,0.1500811,0.1759076,0.274627,0
0.8292565,1,1,1,1,1,0.1402152,0.1626342,0.2491616,0
0.8271907,1,1,1,1,1,0.1305243,0.1498418,0.2254563,0
0.8252839,1,1,1,1,1,0.1209991,0.1375023,0.203338,0
0.8235341,1,1,1,1,1,0.1116304,0.125589,0.1826559,0
0.8219452,1,1,1,1,1,1,0.1140779,0.1632774,0
0.8205156,1,1,1,1,1,1,0.1029464,0.1450862,0
0.8192437,1,1,1,1,1,1,0.09217356,0.1279797,0
0.8181284,1,1,1,1,1,1,0.08174016,0.1118667,0
0.8171749,1,1,1,1,1,1,0.07162807,0.0966661,0
0.8163826,1,1,1,1,1,1,0.0886469,0.08230558,0
0.8157512,1,1,1,1,1,1,0.1098995,0.06872037,0
0.8152868,1,1,1,1,1,1,0.1345427,0.06045815,0
0.8149899,1,1,1,1,1,1,0.1633177,0.07017982,0
0.8148672,1,1,1,1,1,1,0.1971746,0.08066729,0
0.8149201,1,1,1,1,1,1,0.2374113,0.09199161,0
0.8151499,1,1,1,1,1,1,1,0.1042329,0
0.8138613,1,1,1,1,1,1,1,0.1166156,0
0.812346,1,1,1,1,1,1,1,0.1296285,0
0.8105852,1,1,1,1,1,1,1,0.1432527,0
0.8085558,1,1,1,1,1,1,1,0.1574744,0
0.8062366,1,1,1,1,1,1,1,0.1722741,0
0.8036083,1,1,1,1,1,1,1,0.1876266,0
0.800661,1,1,1,1,1,1,1,0.2034893,0
0.7973734,1,1,1,1,1,1,1,0.2198359,0
1,1,1,1,1,1,1,1,1,1
1,1,1,1,1,1,1,1,1,1
1,1,1,1,1,1,1,1,1,1
1,1,1,1,1,1,1,1,1,1
1,1,1,1,1,1,1,1,1,1
1,1,1,1,1,1,1,1,1,1
1,1,1,1,1,1,1,1,1,1
1,1,1,1,1,1,1,1,1,1
1,1,1,1,1,1,1,1,1,1
1,1,1,1,1,1,1,1,1,1
1,1,1,1,1,1,1,1,1,1
1,1,1,1,1,1,1,1,1,1
1,1,1,1,1,1,1,1,1,1
1,1,1,1,1,1,1,1,1,1
1,1,1,1,1,1,1,1,1,1
1,1,1,1,1,1,1,1,1,1
1,1,1,1,1,1,1,1,1,1
1,1,1,1,1,1,1,1,1,1
1,1,1,1,1,1,1,1,1,1
1,1,1,1,1,1,1,1,1,1
1,1,1,1,1,1,1,1,1,1
1,1,1,1,1,1,1,1,1,1
1,1,1,1,1,1,1,1,1,1
1,1,1,1,1,1,1,1,1,1
1,1,1,1,1,1,1,1,1,1
1,1,1,1,1,1,1,1,1,1
1,1,1,1,1,1,1,1,1,1
1,1,1,1,1,1,1,1,1,1
1,1,1,1,1,1,1,1,1,1
1,1,1,1,1,1,1,1,1,1
1,1,1,1,1,1,1,1,1,1
1,1,1,1,1,1,1,1,1,1
1,1,1,1,1,1,1,1,1,1
1,1,1,1,1,1,1,1,1,1
1,1,1,1,1,1,1,1,1,1
1,1,1,1,1,1,1,1,1,1
1,1,1,1,1,1,1,1,1,1
1,1,1,1,1,1,1,1,1,1
1,1,1,1,1,1,1,1,1,1
1,1,1,1,1,1,1,1,1,1
1,1,1,1,1,1,1,1,1,1
1,1,1,1,1,1,1,1,1,1
1,1,1,1,1,1,1,1,1,1
1,1,1,1,1,1,1,1,1,1
1,1,1,1,1,1,1,1,1,1
1,1,1,1,1,1,1,1,1,1
1,1,1,1,1,1,1,1,1,1
1,1,1,1,1,1,1,1,1,1
1,1,1,1,1,1,1,1,1,1
1,1,1,1,1,1,1,1,1,1
1,1,1,1,1,1,1,1,1,1
1,1,1,1,1,1,1,1,1,1
1,1,1,1,1,1,1,1,1,1
1,1,1,1,1,1,1,1,1,1
1,1,1,1,1,1,1,1,1,1
1,1,1,1,1,1,1,1,1,1
1,1,1,1,1,1,1,1,1,1
1,1,1,1,1,1,1,1,1,1
1,1,1,1,1,1,1,1,1,1
1,1,1,1,1,1,1,1,1,1
1,1,1,1,1,1,1,1,1,1
1,1,1,1,1,1,1,1,1,1
1,1,1,1,1,1,1,1,1,1
1,1,1,1,1,1,1,1,1,1
1,1,1,1,1,1,1,1,1,1
1,1,1,1,1,1,1,1,1,1
1,1,1,1,1,1,1,1,1,1
1,1,1,1,1,1,1,1,1,1
1,1,1,1,1,1,1,1,1,1
1,1,1,1,1,1,1,1,1,1
1,1,1,1,1,1,1,1,1,1
1,1,1,1,1,1,1,1,1,1
1,1,1,1,1,1,1,1,1,1
1,1,1,1,1,1,1,1,1,1
1,1,1,1,1,1,1,1,1,1
1,1,1,1,1,1,1,1,1,1
1,1,1,1,1,1,1,1,1,1
1,1,1,1,1,1,1,1,1,1
1,1,1,1,1,1,1,1,1,1
1,1,1,1,1,1,1,1,1,1
1,1,1,1,1,1,1,1,1,1
1,1,1,1,1,1,1,1,1,1
1,1,1,1,1,1,1,1,1,1
1,1,1,1,1,1,1,1,1,1
1,1,1,1,1,1,1,1,1,1
1,1,1,1,1,1,1,1,1,1
1,1,1,1,1,1,1,1,1,1
1,1,1,1,1,1,1,1,1,1
1,1,1,1,1,1,1,1,1,1
1,1,1,1,1,1,1,1,1,1
1,1,1,1,1,1,1,1,1,1
1,1,1,1,1,1,1,1,1,1
1,1,1,1,1,1,1,1,1,1
1,1,1,1,1,1,1,1,1,1
1,1,1,1,1,1,1,1,1,1
1,1,1,1,1,1,1,1,1,1
1,1,1,1,1,1,1,1,1,1
1,1,1,1,1,1,1,1,1,1
1,1,1,1,1,1,1,1,1,1
1,1,1,1,1,1,1,1,1,1
1,1,1,1,1,1,1,1,1,1
1,1,1,1,1,1,1,1,1,1
1,1,1,1,1,1,1,1,1,1
1,1,1,1,1,1,1,1,1,1
1,1,1,1,1,1,1,1,1,1
1,1,1,1,1,1,1,1,1,1
1,1,1,1,1,1,1,1,1,1
1,1,1,1,1,1,1,1,1,1
1,1,1,1,1,1,1,1,1,1
1,1,1,1,1,1,1,1,1,1
1,1,1,1,1,1,1,1,1,1
1,1,1,1,1,1,1,1,1,1
1,1,1,1,1,1,1,1,1,1
1,1,1,1,1,1,1,1,1,1
1,1,1,1,1,1,1,1,1,1
1,1,1,1,1,1,1,1,1,1
1,1,1,1,1,1,1,1,1,1
1,1,1,1,1,1,1,1,1,1
1,1,1,1,1,1,1,1,1,1
1,1,1,1,1,1,1,1,1,1
1,1,1,1,1,1,1,1,1,1
1,1,1,1,1,1,1,1,1,1
1,1,1,1,1,1,1,1,1,1
1,1,1,1,1,1,1,1,1,1
1,1,1,1,1,1,1,1,1,1
1,1,1,1,1,1,1,1,1,1
1,1,1,1,1,1,1,1,1,1
1,1,1,1,1,1,1,1,1,1
1,1,1,1,1,1,1,1,1,1
1,1,1,1,1,1,1,1,1,1
1,1,1,1,1,1,1,1,1,1
1,1,1,1,1,1,1,1,1,1
1,1,1,1,1,1,1,1,1,1
1,1,1,1,1,1,1,1,1,1
1,1,1,1,1,1,1,1,1,1
1,1,1,1,1,1,1,1,1,1
1,1,1,1,1,1,1,1,1,1
1,1,1,1,1,1,1,1,1,1
1,1,1,1,1,1,1,1,1,1
1,1,1,1,1,1,1,1,1,1
1,1,1,1,1,1,1,1,1,1
1,1,1,1,1,1,1,1,1,1
1,1,1,1,1,1,1,1,1,1
1,1,1,1,1,1,1,1,1,1
1,1,1,1,1,1,1,1,1,1
1,1,1,1,1,1,1,1,1,1
1,1,1,1,1,1,1,1,1,1
1,1,1,1,1,1,1,1,1,1
1,1,1,1,1,1,1,1,1,1
1,1,1,1,1,1,1,1,1,1
1,1,1,1,1,1,1,1,1,1
1,1,1,1,1,1,1,1,1,1
1,1,1,1,1,1,1,1,1,1
1,1,1,1,1,1,1,1,1,1
1,1,1,1,1,1,1,1,1,1
1,1,1,1,1,1,1,1,1,1
1,1,1,1,1,1,1,1,1,1
1,1,1,1,1,1,1,1,1,1
1,1,1,1,1,1,1,1,1,1
1,1,1,1,1,1,1,1,1,1
1,1,1,1,1,1,1,1,1,1
1,1,1,1,1,1,1,1,1,1
1,1,1,1,1,1,1,1,1,1
1,1,1,1,1,1,1,1,1,1
1,1,1,1,1,1,1,1,1,1
1,1,1,1,1,1,1,1,1,1
1,1,1,1,1,1,1,1,1,1
1,1,1,1,1,1,1,1,1,1
1,1,1,1,1,1,1,1,1,1
1,1,1,1,1,1,1,1,1,1
1,1,1,1,1,1,1,1,1,1
1,1,1,1,1,1,1,1,1,1
1,1,1,1,1,1,1,1,1,1
1,1,1,1,1,1,1,1,1,1
1,1,1,1,1,1,1,1,1,1
1,1,1,1,1,1,1,1,1,1
1,1,1,1,1,1,1,1,1,1
1,1,1,1,1,1,1,1,1,1
1,1,1,1,1,1,1,1,1,1
1,1,1,1,1,1,1,1,1,1
1,1,1,1,1,1,1,1,1,1
1,1,1,1,1,1,1,1,1,1
1,1,1,1,1,1,1,1,1,1
1,1,1,1,1,1,1,1,1,1
1,1,1,1,1,1,1,1,1,1
1,1,1,1,1,1,1,1,1,1
1,1,1,1,1,1,1,1,1,1
1,1,1,1,1,1,1,1,1,1
1,1,1,1,1,1,1,1,1,1
1,1,1,1,1,1,1,1,1,1
1,1,1,1,1,1,1,1,1,1
1,1,1,1,1,1,1,1,1,1
1,1,1,1,1,1,1,1,1,1
1,1,1,1,1,1,1,1,1,1
1,1,1,1,1,1,1,1,1,1
1,1,1,1,1,1,1,1,1,1
1,1,1,1,1,1,1,1,1,1
1,1,1,1,1,1,1,1,1,1
1,1,1,1,1,1,1,1,1,1
1,1,1,1,1,1,1,1,1,1
1,1,1,1,1,1,1,1,1,1
1,1,1,1,1,1,1,1,1,1
1,1,1,1,1,1,1,1,1,1
1,1,1,1,1,1,1,1,1,1
1,1,1,1,1,1,1,1,1,1
1,1,1,1,1,1,1,1,1,1
1,1,1,1,1,1,1,1,1,1
1,1,1,1,1,1,1,1,1,1
1,1,1,1,1,1,1,1,1,1
1,1,1,1,1,1,1,1,1,1
1,1,1,1,1,1,1,1,1,1
1,1,1,1,1,1,1,1,1,1
1,1,1,1,1,1,1,1,1,1
1,1,1,1,1,1,1,1,1,1
1,1,1,1,1,1,1,1,1,1
1,1,1,1,1,1,1,1,1,1
1,1,1,1,1,1,1,1,1,1
1,1,1,1,1,1,1,1,1,1
1,1,1,1,1,1,1,1,1,1
1,1,1,1,1,1,1,1,1,1
1,1,1,1,1,1,1,1,1,1
1,1,1,1,1,1,1,1,1,1
1,1,1,1,1,1,1,1,1,1
1,1,1,1,1,1,1,1,1,1
1,1,1,1,1,1,1,1,1,1
1,1,1,1,1,1,1,1,1,1
1,1,1,1,1,1,1,1,1,1
1,1,1,1,1,1,1,1,1,1
1,1,1,1,1,1,1,1,1,1
1,1,1,1,1,1,1,1,1,1
1,1,1,1,1,1,1,1,1,1
1,1,1,1,1,1,1,1,1,1
1,1,1,1,1,1,1,1,1,1
1,1,1,1,1,1,1,1,1,1
1,1,1,1,1,1,1,1,1,1
1,1,1,1,1,1,1,1,1,1
1,1,1,1,1,1,1,1,1,1
1,1,1,1,1,1,1,1,1,1
1,1,1,1,1,1,1,1,1,1
1,1,1,1,1,1,1,1,1,1
1,1,1,1,1,1,1,1,1,1
1,1,1,1,1,1,1,1,1,1
1,1,1,1,1,1,1,1,1,1
1,1,1,1,1,1,1,1,1,1
1,1,1,1,1,1,1,1,1,1
1,1,1,1,1,1,1,1,1,1
1,1,1,1,1,1,1,1,1,1
1,1,1,1,1,1,1,1,1,1
1,1,1,1,1,1,1,1,1,1
1,1,1,1,1,1,1,1,1,1
1,1,1,1,1,1,1,1,1,1
1,1,1,1,1,1,1,1,1,1
1,1,1,1,1,1,1,1,1,1
1,1,1,1,1,1,1,1,1,1
1,1,1,1,1,1,1,1,1,1
1,1,1,1,1,1,1,1,1,1
1,1,1,1,1,1,1,1,1,1
1,1,1,1,1,1,1,1,1,1
1,1,1,1,1,1,1,1,1,1
1,1,1,1,1,1,1,1,1,1
1,1,1,1,1,1,1,1,1,1
1,1,1,1,1,1,1,1,1,1
1,1,1,1,1,1,1,1,1,1
1,1,1,1,1,1,1,1,1,1
1,1,1,1,1,1,1,1,1,1
1,1,1,1,1,1,1,1,1,1
1,1,1,1,1,1,1,1,1,1
1,1,1,1,1,1,1,1,1,1
1,1,1,1,1,1,1,1,1,1
1,1,1,1,1,1,1,1,1,1
1,1,1,1,1,1,1,1,1,1
1,1,1,1,1,1,1,1,1,1
1,1,1,1,1,1,1,1,1,1
1,1,1,1,1,1,1,1,1,1
1,1,1,1,1,1,1,1,1,1
1,1,1,1,1,1,1,1,1,1
1,1,1,1,1,1,1,1,1,1
1,1,1,1,1,1,1,1,1,1
1,1,1,1,1,1,1,1,1,1
1,1,1,1,1,1,1,0.9940478,1,1
1,1,1,1,1,1,1,0.9782683,1,1
1,1,1,1,1,1,1,0.9619159,1,1
1,1,1,1,1,1,1,0.9450033,1,1
1,1,1,1,1,1,1,0.9275478,1,1
1,1,1,1,1,1,1,0.9095722,1,1
1,1,1,1,1,1,1,0.891106,1,1
1,1,1,1,1,1,1,0.8721828,1,1
1,1,1,1,1,1,1,0.8528417,1,0
1,1,1,1,1,1,1,0.8331274,1,0
1,1,1,1,1,1,1,0.8130876,1,0
1,1,1,1,1,1,1,0.7927736,1,0
1,1,1,1,1,1,1,0.7922908,1,0
1,1,1,1,1,1,1,0.7975808,1,0
1,1,1,1,1,1,1,0.8029003,1,0
1,1,1,1,1,1,1,0.8082458,1,0
1,1,1,1,1,1,1,0.8136137,1,0
1,1,1,1,1,1,1,0.8189918,1,0
1,1,1,1,1,1,1,0.8243771,1,0
1,1,1,1,1,1,1,0.8297661,1,0
1,1,1,1,1,1,1,0.8351472,1,0
1,1,1,1,1,1,1,0.8405173,1,0
1,1,1,1,1,1,1,0.8458737,1,0
1,1,1,1,1,1,1,0.8512046,1,0
1,1,1,1,1,1,1,0.8565078,1,1
1,1,1,1,1,1,1,0.8617808,1,1
1,1,1,1,1,1,1,0.8670121,1,1
1,1,1,1,1,1,1,0.8722093,1,1
1,1,1,1,1,1,1,0.8773607,0.9673834,0
1,1,1,1,1,1,1,0.8836775,0.9295942,0
1,1,1,1,1,1,1,0.8913969,0.8899892,0
1,1,1,1,1,1,1,0.9006384,0.8489864,0
1,1,1,1,1,1,1,0.911523,0.8070523,0
1,1,1,1,1,1,1,0.9241726,0.764674,0
1,1,1,1,1,1,1,0.9387081,0.7223322,0
1,1,1,1,1,1,1,0.9552501,0.6804771,0
1,1,1,1,1,1,1,1,0.6817076,0
1,1,1,1,1,1,1,1,0.6880433,0
1,1,1,1,1,1,1,1,0.6945682,0
1,1,1,1,1,1,1,1,0.7012756,0
1,1,1,1,1,1,1,1,0.7081586,0
1,1,1,1,1,1,1,1,0.7152035,0
1,1,1,1,1,1,1,1,0.7224028,0
1,1,1,1,1,1,1,1,0.7297351,0
1,1,1,1,1,1,1,1,0.7371999,0
1,1,1,1,1,1,1,1,0.7447825,0
1,1,1,1,1,1,1,1,0.7524679,0
1,1,1,1,1,1,1,1,0.7602482,0
1,1,1,1,1,1,1,1,0.7681084,0
1,1,1,1,1,1,1,1,0.7760404,0
1,1,1,1,1,1,1,1,0.7840294,0
1,1,1,1,1,1,1,1,0.7920598,0
1,1,1,1,1,1,1,1,0.8001239,0
1,1,1,1,1,1,1,1,0.8082144,0
1,1,1,1,1,1,1,1,0.816316,0
1,1,1,1,1,1,1,0.9915603,0.8244216,0
1,1,1,1,1,1,1,0.9775931,0.8326213,0
1,1,1,1,1,1,1,0.9637939,0.8409796,0
1,1,1,1,1,1,1,0.9501655,0.8494986,0
1,1,1,1,1,1,1,0.9367091,0.858164,0
1,1,1,1,1,1,1,0.9234259,1,1
1,1,1,1,1,1,1,0.9123542,1,1
1,1,1,1,1,1,1,0.9012123,1,1
1,1,1,1,1,1,1,0.8900064,1,1
1,1,1,1,1,1,1,0.8787422,1,1
1,1,1,1,1,1,1,0.8674261,1,1
1,1,1,1,1,1,1,0.8560647,1,1
1,1,1,1,1,1,1,0.8620348,1,1
1,1,1,1,1,1,1,0.875573,1,1
1,1,1,1,1,1,1,0.8888218,1,1
1,1,1,1,1,1,1,0.9017703,1,1
1,1,1,1,1,1,1,0.9144099,1,1
1,1,1,1,1,1,1,0.926719,1,1
1,1,1,1,1,1,1,0.938691,1,1
1,1,1,1,1,1,1,0.9503219,1,1
1,1,1,1,1,1,1,0.9615937,1,1
1,1,1,1,1,1,1,0.9725047,1,1
1,1,1,1,1,1,1,0.9830542,1,1
1,1,1,1,1,1,1,0.9932429,1,1
1,1,1,1,1,1,1,1,1,1
1,1,1,1,1,1,1,1,1,1
1,1,1,1,1,1,1,1,0.9900036,1
1,1,1,1,1,1,1,1,0.9752717,1
1,1,1,1,1,1,0.9940112,1,0.9600008,1
1,1,1,1,1,1,0.9849026,1,0.944201,1
1,1,1,1,1,1,0.9757999,1,0.9278902,1
1,1,1,1,1,1,0.9667081,1,0.9110938,1
1,1,1,1,1,1,0.9576331,1,0.8938426,1
1,1,1,1,1,1,0.9485815,1,0.8761738,1
1,1,1,1,1,1,0.9395609,1,0.8581285,0
1,1,1,1,1,1,0.9305793,1,0.8397529,0
1,1,1,1,1,1,0.9216458,1,0.8210975,0
1,1,1,1,1,1,0.9127696,1,0.8022153,0
1,1,1,1,1,1,0.9039608,1,0.7831622,0
1,1,1,1,1,1,0.8952295,1,0.7639944,0
1,1,1,1,1,1,0.8865861,1,0.74477,0
1,1,1,1,1,1,0.8780407,0.9470779,0.725545,0
1,1,1,1,1,1,0.8696493,0.9341751,0.7057539,0
1,1,1,1,1,1,1,0.9212595,0.7163049,0
1,1,1,1,1,1,1,0.9085469,0.7300051,0
1,1,1,1,1,1,1,0.8961715,0.7439126,0
1,1,1,1,1,1,1,0.884116,0.7579995,0
1,1,1,1,1,1,1,0.8723628,0.7722362,0
1,1,1,1,1,1,1,0.8608949,0.7866023,0
1,1,1,1,1,1,1,0.8496956,0.8010672,0
1,1,1,1,1,1,1,0.8387486,0.8156011,0
1,1,1,1,1,1,1,0.8280381,0.8301908,0
1,1,1,1,1,1,1,0.8175492,0.8447973,0
1,1,1,1,1,1,1,0.8072672,0.859399,0
1,1,1,1,1,1,1,0.7971783,0.8739667,0
1,1,1,1,1,1,1,0.7872693,0.8733137,0
1,1,1,1,1,1,1,0.7774411,0.8774191,0
1,1,1,1,1,1,1,0.7677215,0.8923515,0
1,1,1,1,1,1,1,0.7581646,0.9071831,0
1,1,1,1,1,1,1,0.7487583,0.9218944,0
1,1,1,1,1,1,1,0.739491,0.9364587,0
1,1,1,1,1,1,1,0.730352,0.9508589,1
1,1,1,1,1,1,1,0.7213312,0.9650705,1
1,1,1,1,1,1,1,0.7124193,0.9790792,1
1,1,1,1,1,1,1,0.7036073,0.9928738,1
1,1,1,1,1,1,1,0.694887,1,1
1,1,1,1,1,1,1,0.6862254,1,1
1,0.7465934,1,1,1,1,1,0.6775924,1,2
1,0.5475119,1,1,1,1,1,0.6705552,0.8310881,2
1,0.5419973,1,1,1,1,1,0.6640769,0.8282846,2
1,0.5366305,1,1,1,1,1,0.6575568,0.8253587,2
1,0.5314003,1,1,1,1,1,0.6509887,0.8222923,2
1,0.5263079,1,1,1,1,1,0.6443657,0.8190677,2
1,0.5213481,1,1,1,1,1,0.6376811,0.8156654,2
1,0.5165095,1,1,1,1,1,0.6309279,0.8120653,2
1,0.5117868,1,1,1,1,1,0.6240988,0.8082471,2
1,0.5071744,1,1,1,1,1,0.6171869,0.8041897,2
1,0.5026671,1,1,1,1,1,0.6101851,0.7998718,2
1,0.4982528,1,1,1,1,1,0.6030865,0.7952714,2
1,0.4939325,1,1,1,1,1,0.595884,0.7903662,2
1,0.489688,1,1,1,1,1,0.5885707,0.7851344,2
1,0.4855202,1,1,1,1,1,0.58114,0.7795535,2
1,0.481411,1,1,1,1,1,0.5735859,0.7736018,2
1,0.4773614,1,1,1,1,1,0.5659024,0.7672585,2
0.4744579,0.4733599,1,1,1,1,1,0.5580841,0.760503,2
0.467741,1,1,1,1,1,1,0.5532765,0.7648074,2
0.4625791,1,1,1,1,1,1,0.5451741,0.7573169,2
0.4575425,1,1,1,1,1,1,0.5369443,0.7494403,2
0.4526219,1,1,1,1,1,1,0.5285817,0.7411548,2
0.4478143,1,1,1,1,1,1,0.5200815,0.7324404,2
0.4431167,1,1,1,1,1,1,0.5114396,0.7232773,2
0.43852,1,1,1,1,1,1,0.5026521,0.7136477,2
0.4340151,1,1,1,1,1,1,0.4937162,0.7035365,2
0.4295994,1,1,1,1,1,1,0.4846298,0.6929314,1
0.4252642,1,1,1,1,1,1,0.489627,0.681823,1
0.4209902,1,1,1,1,1,1,0.4946908,0.6704275,1
0.4167704,1,1,1,1,1,1,0.4998092,0.6587422,1
0.4126096,1,1,1,1,1,1,0.5049793,0.6467655,1
0.4085006,1,1,1,1,1,1,0.5102255,0.6344969,1
0.4044361,1,1,1,1,1,1,0.5155712,0.6219378,1
0.4004213,1,1,1,1,1,1,0.5210124,0.6090907,1
0.3964489,1,1,1,1,1,1,0.5265714,0.59596,1
0.4102951,1,0.9892883,1,1,1,1,0.5322701,0.582551,1
0.4909268,1,0.9737797,1,1,1,1,0.5385329,0.568566,1
0.5590144,1,0.961715,1,1,1,1,0.5481519,0.5521382,0
1,1,0.9525095,1,1,1,1,0.5608888,0.5338556,0
0.5885828,1,0.9610987,1,1,1,1,0.5935087,0.5050875,0
1,1,0.9532269,1,1,1,1,0.6094133,0.4871175,0
1,1,0.9628156,1,1,1,1,0.6469762,0.4608869,0
0.5870126,1,0.9734772,1,1,1,1,0.6888536,0.4362623,0
1,1,0.9653619,1,1,1,1,0.7083391,0.4202969,0
1,1,0.9771949,1,1,1,1,1,0.3977172,0
1,1,1,1,1,1,1,1,0.4025516,0
1,1,1,0.9451939,1,1,1,1,0.4167641,0
1,1,1,0.9199108,1,1,1,1,0.4308454,0
1,1,1,0.8969972,1,1,1,1,0.4450169,0
1,1,1,0.8761014,1,1,1,1,0.4592282,0
1,1,1,0.8569533,1,1,1,1,0.4734122,0
1,1,1,0.8393214,1,1,1,1,0.4875118,0
1,1,1,0.8230063,1,1,1,1,0.5014812,0
1,1,1,0.8078407,1,1,1,1,0.5152772,0
1,1,1,0.7936926,1,1,1,1,0.5288501,0
1,1,1,0.7804423,1,1,1,1,0.5421628,0
1,1,1,0.7679968,1,1,1,1,0.5551721,0
1,1,1,0.7562695,1,1,1,1,0.5678482,1
1,1,1,0.7451771,1,1,1,1,0.5801748,1
1,1,1,0.7346652,1,1,1,1,0.5921193,1
1,1,1,0.7246786,1,1,1,1,0.6036637,1
1,1,1,0.7151619,1,1,1,1,0.6148022,1
1,1,1,0.7060744,1,1,1,1,0.6255235,1
1,1,1,0.6973811,1,1,1,1,0.6358185,1
1,1,1,0.689052,1,1,1,1,0.645682,1
1,1,1,0.6810606,1,1,1,1,0.6551107,1
1,1,1,0.6733757,1,1,1,1,1,2
1,1,1,0.6715862,1,1,1,1,1,2
1,1,1,0.6699147,1,1,1,1,1,2
1,1,1,0.6683592,1,1,1,1,1,2
1,1,1,0.666927,1,1,1,1,1,2
1,1,0.7153288,0.6656075,1,1,1,1,1,2
1,1,0.6766844,0.6718085,1,1,1,1,1,2
1,1,0.6396334,0.6794823,1,1,1,1,1,2
1,1,0.6048236,1,1,1,1,1,1,2
1,1,0.5780978,1,1,1,1,1,1,2
1,1,0.5517741,1,1,1,1,1,1,2
1,1,0.5412029,1,1,1,1,1,1,2
1,1,0.5418249,1,1,1,1,1,1,2
1,1,0.5426841,1,1,1,1,1,1,2
1,1,0.543771,1,1,1,1,1,1,2
1,1,0.545076,1,1,1,1,1,1,2
1,1,0.5466058,1,1,1,1,1,1,2
1,1,0.548359,1,1,1,1,1,1,2
1,1,0.550326,1,1,1,1,1,1,2
1,1,0.5525056,1,1,1,1,1,1,2
1,1,0.5548965,1,1,1,1,1,1,2
1,1,1,1,1,1,1,1,1,1
1,1,1,1,1,1,1,1,1,1
1,1,1,1,1,1,1,1,1,1
1,0.5684221,1,1,1,1,1,1,1,2
1,0.5173321,1,1,1,1,1,1,1,2
1,0.4683412,1,1,1,1,1,1,1,2
1,0.4219484,1,1,1,1,1,1,1,2
1,0.4078971,1,1,1,1,1,1,1,2
1,0.409237,1,1,1,1,1,1,1,2
1,0.4110119,1,1,1,1,1,1,1,2
1,0.4132432,1,1,1,1,1,1,1,2
1,0.415947,1,1,1,1,1,1,1,2
1,1,1,1,1,1,1,1,1,1
1,1,1,1,1,1,1,1,1,1
1,1,1,1,1,1,1,1,1,1
1,1,1,1,1,1,1,1,1,1
1,1,1,1,1,1,1,1,1,1
1,1,1,1,1,1,1,1,1,1
1,1,1,1,1,1,1,1,1,1
1,1,1,1,1,1,1,1,1,1
1,1,1,1,1,1,1,1,1,1
1,1,1,1,1,1,1,1,1,1
1,1,1,1,1,1,1,1,1,1
1,1,1,1,1,1,1,1,1,1
1,1,1,1,1,1,1,1,1,1
1,1,1,1,1,1,1,1,0.9977947,1
1,1,1,1,1,1,1,1,0.9588388,1
1,1,1,1,1,1,1,1,0.9459164,1
1,1,1,1,1,1,1,1,0.9465151,1
1,1,1,1,1,1,1,1,0.9471378,1
1,1,1,1,1,1,1,1,0.9477779,1
1,1,1,0.9946536,1,1,1,1,0.9484411,1
1,1,1,0.9848587,1,1,1,1,0.9491099,1
1,1,1,0.9750409,1,1,1,1,0.9497741,1
1,1,1,0.9652001,1,1,1,1,0.950433,1
1,1,1,0.9553358,1,1,1,1,0.9510853,1
1,1,1,0.9454479,1,1,1,1,0.9517303,1
1,1,1,0.935536,1,1,1,1,0.9523606,1
1,1,1,0.9256002,1,1,1,1,0.9529821,1
1,1,1,0.9156408,1,1,1,1,0.9535877,1
1,1,1,0.9056578,1,1,1,1,0.9541765,1
1,1,1,0.895651,1,1,1,1,0.9547423,1
1,1,0.9699134,0.8856214,1,1,1,1,0.9552906,1
1,1,0.958871,0.8754678,1,1,1,1,0.9556485,1
1,1,0.9476797,0.8652586,1,1,1,1,0.955919,1
1,1,0.9363458,0.8549962,1,1,1,1,0.9561027,1
1,1,0.9248762,0.8446833,1,1,1,1,0.9561943,1
1,1,0.9132784,0.8343226,1,1,1,1,0.9561893,1
1,1,0.9015607,0.8239177,1,1,1,1,0.9560901,1
1,1,0.8897322,0.8134722,1,1,1,1,0.9558995,1
1,1,0.8778023,0.80299,1,1,1,1,0.9556146,1
1,1,0.8657807,0.7924753,1,1,1,1,0.9552328,1
1,1,0.8536775,0.7819325,1,1,1,1,0.9547648,1
1,1,0.8415028,0.7804868,1,1,1,1,0.9542027,1
1,1,0.8292956,0.791379,1,1,1,1,0.9535766,1
1,1,0.8170998,0.8030704,1,1,1,1,0.9529088,1
1,1,0.8049206,0.8155714,1,1,1,1,0.9522026,1
1,1,0.7927623,0.8288584,1,1,1,1,0.951467,1
1,1,0.7806288,0.8429807,1,1,1,1,0.9506983,1
1,1,0.7685235,0.8579527,1,1,1,1,0.949899,1
1,1,0.7564493,0.8737901,1,1,1,1,0.9490713,1
1,1,0.7444095,0.8905097,1,1,1,1,1,2
1,1,0.7317158,0.9201463,1,1,1,1,1,2
1,1,0.7191182,0.9517711,1,1,1,1,1,2
1,1,0.7066162,1,1,1,1,1,1,2
1,1,0.6942355,1,1,1,1,1,1,2
1,1,0.6818821,1,1,1,1,1,1,2
1,1,0.6695613,1,1,1,1,1,1,2
1,1,0.6572778,1,1,1,1,1,1,2
1,1,0.6450364,1,1,1,1,1,1,2
1,1,0.6328413,1,1,1,1,1,1,2
1,1,0.6206965,1,1,1,1,1,1,2
1,1,0.6086057,1,1,1,1,1,1,2
1,1,0.5965719,1,1,1,1,1,1,2
1,1,0.5845981,1,1,1,1,1,1,2
1,1,0.572687,1,1,1,1,1,1,2
1,1,0.5608411,0.9994894,1,1,1,1,1,2
1,1,0.5490617,0.9890187,0.9909921,1,1,1,1,2
1,1,0.5373517,0.9785989,0.9816256,1,1,1,1,2
1,1,0.5257148,0.9682313,0.9722955,1,1,1,1,2
1,1,0.5141525,0.9579164,0.9629992,0.9986416,1,1,1,2
1,0.6530362,0.5180618,0.9476555,0.9537328,0.9901687,1,1,1,2
1,0.6303082,0.5496193,0.9371034,0.9457381,0.9847323,1,1,1,2
1,0.6086169,0.5845194,0.9268279,0.9379103,0.9793789,1,1,1,2
1,0.5879108,0.6230025,0.9168062,0.9302192,0.9740664,1,1,1,2
1,0.5681326,0.6653369,0.9070126,0.9226333,1,1,1,1,2
0.9910959,0.5490219,0.7131196,0.8974303,0.9152063,1,1,1,1,2
0.9423565,0.5305777,1,0.8880481,0.907914,1,1,1,1,2
0.947594,0.513038,1,0.8788193,0.9005939,1,1,1,1,2
0.9569755,0.4960326,1,0.8697512,0.8933795,1,1,1,1,2
0.9665963,0.4795959,1,0.8608222,0.8862199,1,1,1,1,2
0.976423,0.4636996,0.8613232,0.8520141,0.8790919,1,1,1,1,2
0.9870071,0.4480146,0.849737,0.8433971,0.8722221,1,1,1,1,2
0.9977419,0.4328591,0.8384354,0.8348816,0.8653502,1,1,1,1,2
1,0.4182007,0.8273976,0.8264454,0.8584495,1,1,1,1,2
1,0.4039298,0.8165722,0.8181022,0.8515784,1,1,1,1,2
1,0.3900117,0.8059413,0.8098481,0.8447409,1,1,1,1,2
0.5754148,0.3858104,0.7954963,0.8016704,0.8379194,1,1,1,1,2
0.5421313,0.4069901,0.7845719,0.7950405,0.8342553,1,1,1,1,2
0.5111115,0.4303861,0.7741027,0.7887861,1,1,1,1,1,2
0.4821421,0.4562764,0.7640784,0.7829067,1,1,1,1,1,2
0.4550354,0.4850191,0.7544883,0.7774018,1,1,1,1,0.9988456,2
0.429626,0.5170125,0.7453234,0.7722723,1,1,1,1,0.933349,2
0.4057683,0.5527515,0.7365754,0.7675198,1,1,1,1,0.8814394,2
0.3844221,0.589002,0.7281405,0.7624983,1,1,1,1,0.8582696,2
0.3648916,1,0.7199306,0.7572714,1,1,1,1,0.8566145,2
0.348617,1,0.7115973,0.7504758,1,1,1,1,0.8536333,2
0.337063,1,0.7033591,0.743724,1,1,1,1,0.8506035,2
0.3472221,1,0.6952015,0.7369696,1,1,1,1,0.8474916,2
0.3573677,1,0.6870703,1,1,1,1,1,0.8488824,2
0.3690886,0.7137626,0.6792656,1,1,1,1,1,0.8457958,2
0.3825558,0.7013806,0.6718534,1,1,1,1,1,0.8396341,2
0.396215,0.6895787,0.6645285,1,1,1,1,1,0.8374871,2
0.4100792,0.6782585,0.6572744,1,1,1,1,1,0.8351029,2
0.4240991,0.6673703,0.6500642,1,1,1,1,1,0.8324582,2
0.4382149,0.6568691,0.6428744,1,1,1,1,1,0.8295407,2
0.4523741,0.6467136,0.6356844,1,1,1,1,1,0.8263357,2
0.4665245,0.6368665,0.6284762,1,1,1,1,1,0.8254328,2
0.4806747,0.6272792,0.6212476,1,1,1,1,1,0.8304345,2
0.4949293,0.6178912,0.614019,1,1,1,1,1,0.8362182,2
0.5092789,0.6086804,0.6067871,1,1,1,1,1,0.8426709,2
1,0.5996287,0.5995499,1,1,1,1,1,0.8497005,0
1,0.5922379,0.5906371,1,1,1,1,1,0.8829495,0
1,0.5846215,0.5819173,1,1,1,1,1,0.913937,1
1,0.5767998,0.5733652,1,1,1,1,1,0.9424923,1
1,0.5687963,0.564958,1,1,1,1,1,0.9685494,1
1,0.5606385,0.5566777,1,1,1,1,1,0.9921371,1
1,0.5523539,0.5485088,1,1,1,1,1,1,1
1,0.5440333,0.5403767,1,1,1,1,1,1,1
1,0.5357197,0.5322455,1,1,1,1,1,1,1
1,0.5274125,0.5241148,1,1,1,1,1,1,1
1,0.5191118,0.5159847,1,1,1,1,1,1,1
1,0.5108174,0.5078551,1,1,1,1,1,1,1
1,0.5025296,0.4997259,1,1,1,1,1,1,1
1,0.4942481,0.4915973,1,1,1,1,1,1,1
0.6018705,0.4859725,0.4834688,0.9986023,1,1,1,1,1,2
0.586849,0.4766481,0.8222917,0.9951729,1,1,1,1,1,2
0.5710174,0.4672273,0.8167771,0.9934376,1,1,1,1,1,2
0.5557899,0.4580486,0.8114271,0.9918534,1,1,1,1,1,2
0.5411459,0.4491036,0.8062256,0.990392,1,1,1,1,1,2
0.5270627,0.4403833,0.8011565,0.9890251,1,1,1,1,1,2
0.5135154,0.431877,0.796203,0.9877238,1,1,1,1,1,2
0.5004793,0.4235751,0.7913486,0.9864599,1,1,1,1,1,2
0.4879282,0.4154659,0.7865762,0.9852047,1,1,1,1,1,2
0.475836,0.4075383,0.942527,0.9839303,1,1,1,1,1,2
0.4636056,0.399707,0.884727,0.9840255,1,1,1,1,1,2
0.452041,0.3920938,0.8587846,0.9836472,1,1,1,1,1,2
0.4409781,0.3846599,0.8549131,0.9830162,1,1,1,1,1,2
0.4303054,0.377381,0.8510731,0.9823116,1,1,1,1,1,2
0.4199987,0.3702465,0.8472479,0.981508,1,1,1,1,1,2
0.4100345,0.3632454,0.8434207,0.9805797,1,1,1,1,1,2
0.4003908,0.3563679,0.8395761,0.9795036,1,1,1,1,1,2
0.3910464,0.5449591,0.8356993,0.9782568,1,1,1,1,1,2
0.3820243,0.6807192,0.8316872,0.9766288,1,1,1,1,1,2
0.3732637,0.6741074,0.8275936,0.9747443,1,1,1,1,1,2
0.3647187,0.6676035,0.8234709,0.9727211,1,1,1,1,1,2
0.3563775,0.6611992,0.8193079,1,1,1,1,1,1,2
0.3481101,0.6548979,0.8154125,1,1,1,1,1,1,2
0.3400355,0.6486941,0.8114885,1,1,1,1,1,1,2
0.3321431,0.6425806,0.8075281,1,1,1,1,1,1,2
0.3244224,0.6365499,0.8035234,1,1,1,1,1,1,2
0.3168629,0.6305951,0.7994675,1,1,1,1,1,1,2
0.3094558,0.6247099,0.7953545,1,1,1,1,1,1,2
0.3021912,0.6188877,0.7911782,1,1,1,1,1,1,2
0.2970848,0.6131228,0.7869338,1,1,1,1,1,1,2
0.3235959,0.6074083,0.7826034,1,1,1,1,1,1,2
0.3502367,0.6017143,0.7779722,1,1,1,1,1,1,1
0.3768813,0.5960301,0.7730447,1,1,1,1,1,1,1
0.4034075,0.5903471,0.7678274,1,1,1,1,1,1,1
0.429663,1,0.7623283,1,1,1,1,1,1,1
0.4572738,1,0.7571708,1,1,1,1,1,1,1
0.4846454,1,0.7517626,1,1,1,1,1,1,1
0.5116458,0.8963985,0.7461085,1,1,1,1,1,1,1
0.5375779,0.7921548,0.7400457,1,1,1,1,1,1,1
0.5622597,0.6978492,0.733582,1,1,1,1,1,1,1
0.5831352,0.6311101,0.7267504,1,1,1,1,1,1,1
0.5772936,0.6252934,0.7196326,1,1,1,1,1,1,1
0.5714446,0.6194666,0.7124982,1,1,1,1,1,1,1
0.5655876,0.6136297,0.705349,1,1,1,1,1,1,1
0.5597211,0.6077827,0.6981865,1,1,1,1,1,1,1
0.5538443,0.6019259,0.691012,1,1,1,1,1,1,1
0.5479563,0.596059,0.683827,1,1,1,1,1,1,1
0.542056,0.5901824,0.6766329,1,1,1,1,1,1,1
0.5361425,0.5842958,0.6694308,1,1,1,1,1,1,1
0.5302147,0.5783994,0.662222,1,1,1,1,1,1,1
0.5242723,0.5724934,0.6550077,1,1,1,1,1,1,1
0.5183145,0.5665779,0.6477893,1,1,1,1,1,1,1
0.5123402,0.5606526,0.6405674,1,1,1,1,1,1,1
0.5063488,0.5547176,0.6333429,1,1,1,1,1,1,1
0.5003401,0.5487734,0.6261173,1,1,1,1,1,1,1
0.4943133,0.5428199,0.6188911,1,1,1,1,1,1,1
0.488268,0.5368571,0.6116654,1,1,1,1,1,1,1
0.4822034,0.5308849,0.6044405,1,1,1,1,1,1,1
0.4761196,0.5249038,0.5972174,1,1,1,1,1,1,1
0.470016,0.5189137,0.5899966,1,1,1,1,1,1,1
0.4638923,0.5129146,0.5827786,1,1,1,1,1,1,1
0.4800475,0.5069065,0.5755638,1,1,1,1,1,1,1
0.4997259,0.500877,0.5682447,1,1,1,1,1,1,1
0.5187248,0.494823,0.5608113,1,1,1,1,1,1,1
0.5370251,0.4887441,0.5532749,1,1,1,1,1,1,1
0.5546482,0.4826398,0.5456458,1,1,1,1,1,1,1
0.5715884,0.4765102,0.5379347,1,1,1,1,1,1,1
0.5878462,0.4703548,0.5301508,1,1,1,1,1,1,1
0.6034586,0.4641738,0.5223032,1,1,1,1,1,1,1
0.6184338,0.4579669,0.5144001,1,1,1,1,1,1,1
0.6327989,0.4517342,0.5064493,1,1,1,1,0.8913502,1,0
0.4856855,0.4453858,0.4973094,1,1,1,1,0.8817913,1,0
0.4801447,0.4390429,0.4887929,1,1,1,1,0.8727692,1,0
0.4745512,0.4326693,1,1,1,1,1,0.8638301,1,1
0.4669783,0.4263835,1,1,1,1,1,0.8564414,1,1
0.4595191,0.4201209,1,1,1,1,1,0.8489815,1,1
0.4521646,0.4138777,1,1,1,1,1,0.8414563,1,1
0.4449064,0.4076508,1,1,1,1,1,0.8338599,1,1
0.4377373,0.4014374,1,1,1,1,1,0.8262053,1,1
0.430649,0.3952344,1,1,1,1,1,0.8184873,1,1
0.4236346,0.3890395,1,1,1,1,1,0.8107073,1,1
0.4166872,0.3828501,1,1,1,1,1,0.802873,1,1
0.4098002,0.3766642,1,1,1,1,1,0.7949923,1,1
0.4029675,0.3704799,1,1,1,1,1,0.7870615,1,1
0.3961826,0.364295,1,1,1,1,1,0.7790889,1,1
0.3894401,0.3581081,1,1,1,1,1,0.7710769,1,1
0.3827345,0.3519175,1,1,1,1,1,0.7630282,1,1
0.3760602,0.3457216,1,1,1,1,1,0.7549454,1,1
0.3694123,0.3395191,1,1,1,1,1,0.7468375,1,1
0.3627861,0.3333088,1,1,1,1,1,0.7745848,1,1
0.3559634,0.3271151,1,1,1,1,1,0.8032492,1,1
0.3489706,0.3209476,1,1,1,1,1,0.8267158,1,1
0.34187,0.3148121,1,1,1,1,1,0.8457669,1,1
0.334713,0.308714,1,1,1,1,1,0.8612175,1,1
0.3275397,0.3026572,1,1,1,1,1,1,1,2
0.3197508,0.2967601,1,1,1,1,1,1,1,2
0.3121824,0.2909508,1,1,1,1,1,1,1,2
0.3048186,0.4780253,1,1,1,1,1,1,1,2
0.2975873,0.4725153,1,1,1,1,1,1,1,2
0.2905394,0.4670914,1,1,1,1,1,1,1,2
0.283663,0.4617465,1,1,1,1,1,1,1,2
0.2769473,0.456474,1,1,1,1,1,1,1,2
0.2703817,0.4512677,1,1,1,1,1,1,1,2
0.2639571,1,1,1,1,1,1,1,1,2
0.2574627,1,1,1,1,1,1,1,1,2
0.2511311,1,1,1,1,1,1,1,1,2
0.2449555,1,1,1,1,1,1,1,1,2
0.2389294,1,1,1,1,0.9978715,1,1,1,2
0.2730052,1,1,1,1,0.9853543,1,1,1,2
0.3137314,1,1,1,1,0.9733571,1,1,1,2
0.3554061,1,1,1,1,0.9668431,1,1,1,2
0.3979193,1,1,1,1,0.967346,1,1,1,2
0.4095009,1,1,1,1,0.9664332,1,1,1,2
0.4040348,1,1,1,1,0.9648572,1,1,1,2
0.3986441,1,1,1,0.9914514,0.9630333,1,1,1,1
0.3933534,1,1,1,0.9792103,0.9600044,1,1,1,1
0.388169,1,1,1,0.9673442,0.9551986,1,1,1,1
0.3830833,1,1,1,0.9558624,0.9484252,1,1,1,1
0.3955108,1,1,1,0.9447705,0.9395016,1,1,1,1
0.4373615,1,1,1,0.9341644,0.9277829,1,1,1,1
0.4769632,1,1,1,0.9241983,0.9123284,1,1,1,1
1,1,1,1,0.9149002,0.893092,1,1,1,0
1,1,1,1,0.9085328,0.8580528,1,1,0.6479279,0
1,1,1,1,0.9081853,0.8386663,1,1,0.6227371,0
1,1,1,1,0.90918,0.8358652,1,1,0.597922,0
1,1,1,1,0.9108075,0.8335477,1,1,0.5744077,0
1,1,1,1,0.9130212,0.8316859,1,1,0.5522019,0
1,1,1,1,0.9158422,0.8302857,1,1,0.5500339,0
1,1,1,1,0.919295,0.8293551,1,1,0.5729713,0
1,1,1,1,0.9234214,0.8289167,1,1,0.5976335,0
1,1,1,1,0.9282446,0.8289747,1,1,0.6241826,0
1,1,1,1,0.9338144,0.8295552,0.90508,1,1,0
1,1,1,1,0.9332569,0.826444,0.8377931,1,1,0
1,1,1,1,0.9351786,0.8248788,0.7684534,1,1,0
1,1,1,1,0.9397519,0.824968,0.7330875,1,1,0
1,1,1,1,0.9459277,0.8260697,0.7296535,1,1,0
1,1,1,1,0.9526044,0.8275059,0.7265097,1,1,0
1,1,1,1,1,0.8292529,0.7236375,1,1,0
1,1,1,1,1,0.8305546,0.720677,1,1,0
1,1,1,1,1,0.8322364,0.7179952,1,1,0
1,1,1,1,1,0.8342898,0.7155834,1,1,0
1,1,1,1,1,0.836706,0.7134326,1,1,0
1,1,1,1,1,0.8394753,0.7115329,1,1,0
1,1,1,1,1,0.8425956,0.7098814,1,1,0
1,1,1,1,1,0.8460481,0.7084609,1,1,0
1,1,1,1,1,0.8498216,0.707261,1,1,0
1,1,1,1,1,0.8539132,0.7062783,1,1,0
1,1,1,1,1,1,0.7054952,1,1,0
1,1,1,1,1,1,0.7031382,1,1,0
1,1,1,1,1,1,0.700949,0.9333404,1,0
1,1,1,1,1,1,0.7001166,0.7364059,1,0
1,1,1,1,1,1,0.7028413,0.5989442,1,0
1,1,1,1,1,1,0.706164,0.5954047,1,0
1,1,1,1,1,1,0.7101096,0.5922846,1,0
1,1,1,1,1,1,0.7147135,0.5895892,1,0
1,1,0.9928122,1,1,1,0.720007,0.587319,1,0
1,1,0.9830395,1,1,1,0.7260331,0.5854815,1,0
1,1,0.9736176,1,1,1,0.7328309,0.5840794,1,0
1,1,0.9645381,1,1,1,0.7404444,0.5831162,1,0
1,1,0.9557933,1,1,1,1,0.5825967,1,0
1,1,0.9471811,1,1,1,1,0.5816807,1,0
1,1,0.9387503,1,1,1,1,0.5810652,1,0
1,1,0.9304909,1,1,1,1,0.5807389,1,0
1,1,0.9223911,1,1,1,1,0.5806962,1,0
1,1,0.9144392,1,1,1,1,0.5809311,0.5410808,0
1,1,0.9072205,1,1,1,1,0.5827138,0.5375709,0
0.9993912,1,0.9002989,1,1,1,1,0.5849999,0.5344976,0
0.9901263,1,0.8936709,1,1,1,1,0.5878174,0.5318686,0
0.981281,1,0.8873336,1,1,1,1,0.5911764,0.5296739,0
0.985139,1,0.8812855,0.8608092,1,1,1,0.5950953,0.5279112,0
1,1,0.875525,0.8504318,1,1,1,0.5996018,0.5265849,0
1,1,0.8700511,0.8403978,1,1,1,0.6047192,0.5256945,0
1,1,0.8648635,0.8306982,1,1,1,0.6104656,0.5252346,0
1,1,0.8599631,0.8213249,1,1,1,0.616877,0.5252127,0
1,1,0.8553505,0.8122702,1,1,1,1,0.5256317,0
1,1,0.8498977,0.8032845,1,1,1,1,0.5261233,0
1,1,0.8444848,0.7944665,1,1,1,1,0.5269074,0
1,1,0.8390845,0.785793,1,1,1,1,0.5279662,0
1,1,0.83367,0.7772422,1,1,1,1,0.5292818,0
1,1,1,0.7687913,0.7611162,1,1,1,0.5308359,0
1,1,1,0.7608069,0.7508282,1,1,1,0.5330659,0
1,1,1,0.7529437,0.740786,1,1,1,0.5355896,0
1,1,1,0.7451727,0.7309597,1,1,1,0.5383843,0
1,1,1,0.7374663,0.721321,1,1,1,0.5414209,0
1,1,1,0.7297975,0.7118423,1,1,1,0.5446828,0
1,1,1,0.7221408,0.7024971,1,1,1,0.5481407,0
1,1,1,0.7144718,0.6932605,1,1,1,0.5517719,0
1,1,1,0.7067683,0.6841092,1,1,1,0.5555536,0
1,1,1,0.6990098,0.6750215,1,1,1,0.5594636,0
1,1,1,0.6911772,0.6659775,1,1,1,1,2
1,1,1,0.679665,0.6555409,1,1,1,1,2
1,1,1,0.6681956,0.645128,1,1,1,1,2
1,1,1,0.6567711,0.6347391,1,1,1,1,2
1,1,1,0.6453934,0.624375,1,1,1,1,2
1,1,1,0.6340641,0.6140358,1,1,1,1,2
1,1,1,0.622784,0.6037215,1,1,1,1,2
1,1,1,0.6115544,0.5934322,1,1,1,1,2
0.9528574,1,1,0.6003753,0.5831673,1,1,1,1,2
0.8761976,1,1,0.5889594,0.5728462,1,1,1,1,2
0.8774341,1,1,0.5771898,0.5624563,1,1,1,1,2
0.8788188,1,0.6235451,0.5655734,0.5521436,1,1,1,1,2
0.8819152,1,0.6068012,0.5532301,0.5417563,1,1,1,1,2
0.8853413,1,0.5906898,0.541197,0.5315431,1,1,1,1,2
0.8890566,1,0.5751694,0.5294491,0.5214817,1,1,1,1,2
0.8930265,1,0.5601975,0.5179607,0.5115501,1,1,1,1,2
0.8972042,1,0.5457317,0.5067063,0.5017269,1,1,1,1,2
0.9015445,1,0.5317303,0.4956611,0.4919919,1,1,1,1,2
0.9060166,1,0.5181527,0.4848013,0.4823262,1,1,1,1,2
1,1,0.5049605,0.4741044,0.4727127,1,1,1,1,2
1,1,0.4927625,0.4637019,0.4630007,1,1,1,1,2
1,1,0.4807352,0.4533656,0.4533002,1,1,1,1,2
1,1,0.4688682,0.4430901,1,1,1,1,1,2
1,1,0.4568063,0.432803,1,1,1,1,1,2
1,1,0.444905,0.422583,1,1,1,1,1,2
1,1,0.4331564,0.4124252,1,1,1,1,1,2
1,1,0.4215531,0.4023251,1,1,1,1,1,2
1,1,0.410087,0.3922774,1,1,1,1,1,2
1,1,0.3987511,0.3822781,1,1,1,1,1,2
1,1,0.3875377,0.3723226,1,1,1,1,1,2
1,0.4780532,0.3764396,0.362407,1,1,1,1,1,2
1,0.4569481,0.3641602,0.3525594,1,1,1,1,1,2
1,0.4368189,0.352216,0.3429028,1,1,1,1,1,2
1,0.4178551,0.3406487,0.3334129,1,1,1,1,1,2
1,0.3999401,0.3294201,1,1,1,1,1,1,2
1,0.3824522,0.3183906,1,1,1,1,1,1,2
1,0.3657832,0.3076438,1,1,1,1,1,1,2
1,0.3498711,0.2971585,1,1,1,1,1,1,2
1,0.3346552,0.2869124,1,1,1,1,1,1,2
1,0.3200791,0.2768847,1,1,1,1,1,1,2
1,0.3060885,0.2670547,1,1,1,1,1,1,2
1,0.2926339,0.2574039,1,1,1,1,1,1,2
0.4085543,0.2796676,0.2479134,1,1,1,1,1,1,2
0.3829856,0.2664421,0.3536267,1,1,1,1,1,1,2
0.359026,0.2537002,1,1,1,1,1,1,1,2
0.3365357,0.2414163,1,1,1,1,1,1,1,2
0.3153907,0.2295668,1,1,1,1,1,1,1,2
0.2954805,0.2181296,1,1,1,1,1,1,1,2
0.2767075,0.2070846,1,1,1,1,1,1,1,2
0.2589832,0.1964124,1,1,1,1,1,1,1,2
0.2422289,0.1860955,1,1,1,1,1,1,1,2
0.226374,0.1761175,1,1,1,1,1,1,0.9551717,2
0.2113548,0.1977119,1,1,1,1,1,1,0.9228532,2
0.1971134,0.2369152,1,1,1,1,1,1,0.8942207,2
0.1835977,0.2838648,1,1,1,1,1,1,0.8686625,2
0.1707602,0.3409051,1,1,1,1,1,1,0.8456942,2
0.1585756,0.4109581,1,1,1,1,1,1,0.8252426,2
0.1473411,1,1,1,1,1,1,1,0.8103164,2
0.1618949,1,1,1,1,1,1,1,0.8055115,2
0.1769906,1,1,1,1,1,1,1,0.8022999,2
0.1926247,1,1,1,1,1,1,1,0.8004066,2
0.2087692,1,1,1,1,1,1,1,0.7996224,2
0.225406,1,1,1,1,1,1,1,0.7997801,2
0.2425147,1,1,1,1,1,1,1,0.8007482,2
0.2600861,1,1,1,1,1,1,1,0.8024193,2
0.2780976,1,1,1,1,1,1,1,0.8047074,2
0.2965254,1,1,1,1,1,1,1,0.8075402,2
0.3153445,1,1,1,1,1,1,1,0.8108584,2
0.334554,1,1,1,1,1,1,1,0.8146107,2
0.3541147,1,1,1,1,1,1,1,0.8187555,2
0.3740119,1,1,1,1,1,1,1,0.8232552,2
0.3942307,1,1,1,1,1,1,1,0.8280799,2
1,1,1,1,1,1,1,1,0.833202,0
1,1,1,1,1,1,1,1,0.853502,0
1,1,1,1,1,1,1,1,0.8733131,0
1,1,1,1,1,1,1,1,0.8925545,1
1,1,1,1,1,1,1,1,1,1
1,1,1,1,1,1,1,1,1,1
1,1,1,1,1,1,1,1,1,1
1,1,1,1,1,1,1,1,1,1
1,1,1,1,1,1,1,1,1,1
1,1,1,1,1,1,1,1,1,1
1,1,1,1,1,1,1,1,1,1
1,1,1,1,1,1,1,1,1,1
1,1,1,1,1,1,1,1,1,1
1,1,1,1,1,1,1,1,1,1
1,1,1,1,1,1,1,1,1,1
1,1,1,1,1,1,1,1,1,1
1,1,1,1,1,1,1,1,1,1
1,1,1,1,1,1,1,1,1,1
1,1,1,1,1,1,1,1,1,1
1,1,1,1,1,1,1,1,1,1
1,1,1,1,1,1,1,1,1,1
1,1,1,1,1,1,1,1,1,1
1,1,1,1,1,1,1,1,1,1
1,1,1,1,1,1,1,1,1,1
1,1,1,1,1,1,1,1,1,1
1,1,1,1,1,1,0.9993894,1,1,1
1,1,1,1,1,1,0.9917329,1,1,1
1,1,1,1,1,1,0.984182,1,1,1
1,1,1,1,1,1,0.9767269,1,1,1
1,1,1,1,1,1,0.9693712,1,1,1
1,1,1,1,1,1,0.9621188,1,1,1
1,1,1,1,1,1,0.9549671,1,1,1
1,1,1,1,1,1,0.9479141,1,1,1
1,1,1,1,1,1,0.9409578,1,1,1
1,1,1,1,1,1,0.9341031,1,1,1
1,1,1,1,1,1,0.9273484,1,1,1
1,1,1,1,1,1,0.9206926,1,1,1
1,1,1,1,1,1,0.9141343,1,1,1
1,1,1,1,1,1,0.9076793,1,1,1
1,1,1,1,1,1,0.901333,1,1,1
1,1,1,1,1,1,0.8950881,1,1,1
1,1,1,1,1,1,0.8889505,1,1,0
1,1,1,1,1,1,0.8829197,1,1,0
1,1,1,1,1,1,0.8769951,1,1,0
1,1,1,1,1,1,0.8711828,1,1,0
1,1,1,1,1,1,0.8654824,1,1,0
1,1,1,1,1,1,0.8598935,1,1,0
1,1,1,1,1,1,0.8544224,1,1,0
1,1,1,1,1,1,0.8490621,1,1,0
1,1,1,1,1,1,0.8438255,1,1,0
1,1,1,1,1,1,0.8387057,1,1,0
1,1,1,1,1,1,0.8337023,1,1,0
1,1,1,1,1,1,0.8288215,1,1,0
1,1,1,1,1,1,0.8240633,1,1,0
1,1,1,1,1,1,0.8194338,1,1,0
1,1,1,1,1,1,0.8149258,1,1,0
1,1,1,1,1,1,0.8105456,1,1,0
1,1,1,1,1,1,0.8062928,1,1,0
1,1,1,1,1,1,0.8021737,1,1,0
1,1,1,1,1,1,0.7981809,0.7142875,1,0
1,1,1,1,1,1,0.7993486,0.7087272,1,0
1,1,1,1,1,1,0.8010761,0.7035912,1,0
1,1,1,1,1,1,1,0.6988763,1,0
1,1,1,1,1,1,1,0.694015,1,0
1,1,1,1,1,1,1,0.6893765,1,0
1,1,1,1,1,1,1,0.6849566,1,0
1,1,1,1,1,1,1,0.6807634,1,0
1,1,1,1,1,1,1,0.6768049,1,0
1,1,1,0.9945959,1,1,1,0.6730824,1,0
1,1,1,0.9804069,1,1,1,0.6696066,1,0
1,1,1,0.9663609,1,1,1,0.6664022,1,0
1,1,1,0.952476,1,1,1,0.6634728,1,0
1,1,1,0.9387685,1,1,1,0.660827,1,0
1,1,1,0.9252518,0.9915155,1,1,0.6584669,1,0
1,1,1,0.9118952,0.9742621,1,1,0.6564259,1,0
1,1,1,0.8986796,0.9572018,1,1,0.6547416,0.6412953,0
1,1,1,0.9082904,0.9382254,1,1,0.6544551,0.635069,0
1,1,1,0.9767237,0.9199127,1,1,0.6546523,0.6293505,0
1,0.9801158,1,1,0.9022306,0.9834838,1,0.6553476,0.6241351,0
1,0.9511715,1,1,0.8851479,0.9605155,1,0.6565503,0.6194127,0
1,0.9242814,1,1,0.8686357,0.9384332,1,1,0.6151745,0
1,0.9042368,1,1,0.8536283,0.91888,1,1,0.6114901,0
1,0.8999899,1,1,0.8389621,0.8998482,1,1,0.6081609,0
1,0.8991958,1,1,0.8245689,0.8812113,1,1,0.6051909,0
1,0.8988515,1,1,0.8104568,0.8629766,1,1,0.6025956,0
1,0.8989428,1,1,0.7966467,0.8451753,1,1,0.6003895,0
1,0.8994511,1,1,0.8445126,0.82783,1,1,0.5985786,0
1,0.8999544,1,1,0.9106371,0.8111369,1,1,0.5971398,0
1,0.9003364,1,1,0.9883153,0.7950827,1,1,0.5960531,0
1,0.9005374,1,1,1,0.7796227,1,1,0.5952929,0
1,0.9009373,1,1,1,0.7645694,0.8696262,1,0.5948769,0
1,0.9040782,1,1,1,0.7491769,0.8465389,1,0.5950772,0
1,0.9080342,1,1,1,0.7341725,0.8241507,1,0.595771,0
1,0.9127706,1,1,1,0.7195842,0.8025111,1,1,0
1,0.902824,1,1,1,0.7084056,0.7889266,1,1,0
1,0.8928064,1,1,1,0.6972635,0.7754217,1,1,0
1,0.8827018,1,1,1,0.6996003,0.7620024,1,1,0
1,0.8723686,1,1,1,0.7092024,0.7487308,1,1,1
1,0.8617303,1,1,1,0.718618,0.735635,1,1,1
1,0.850781,1,1,1,0.7277814,0.7227093,1,1,1
1,0.839516,1,1,1,0.7365984,0.7099471,1,1,1
1,0.8279334,1,1,1,0.7449749,0.6973426,1,1,1
1,0.8160334,1,1,1,0.752844,0.684889,1,1,1
1,0.8038176,1,1,1,0.7601422,0.6725793,1,1,1
1,0.7912897,1,1,1,0.7667815,0.6604069,1,1,1
1,0.7784562,1,1,1,0.7727077,0.648365,1,1,1
1,0.7653251,1,1,1,0.7778446,0.6364465,1,1,1
1,0.7519058,1,1,1,0.7821534,0.6246446,1,1,1
1,0.7382102,1,1,1,0.7855751,0.6129521,1,1,1
1,0.7242514,1,1,1,0.7880902,0.6013621,1,1,1
1,0.710044,1,1,1,0.78969,0.5898678,1,1,1
1,0.695604,1,1,1,0.7903469,0.5784622,1,1,1
1,0.6918693,1,1,1,0.7900451,0.5671388,1,1,1
1,0.6920437,1,1,1,0.7901053,0.5557942,1,1,1
1,0.6920825,1,1,1,0.790963,0.5443981,1,1,1
1,0.6919888,1,1,1,0.792592,0.5329588,1,1,1
1,1,1,1,1,1,1,1,1,1
1,1,1,1,1,1,1,1,1,1
1,1,1,1,1,1,1,1,1,1
1,1,1,1,1,1,1,1,1,1
1,1,1,1,1,1,1,1,1,1
1,1,1,1,1,1,1,1,1,1
1,1,1,1,1,1,1,1,1,1
1,1,1,1,1,1,1,1,1,1
1,1,1,1,1,1,1,1,1,1
1,1,1,1,1,1,1,1,1,1
1,1,1,1,1,1,1,1,1,1
1,1,1,1,1,1,1,1,1,1
1,1,1,1,1,1,1,1,1,1
1,1,1,1,1,1,1,1,1,1
1,1,1,1,1,1,1,1,1,1
1,1,1,1,1,1,1,1,1,1
1,1,1,1,1,1,1,1,1,1
1,1,1,1,1,1,1,1,1,1
1,1,1,1,1,1,1,1,1,1
1,1,1,1,1,1,1,1,1,1
1,1,1,1,1,1,1,1,1,1
1,1,1,1,1,1,1,1,1,1
1,1,1,1,1,1,1,1,1,1
1,1,1,1,1,1,1,1,1,1
1,1,1,1,1,1,1,1,1,1
1,1,1,1,1,1,1,1,1,1
1,1,1,1,1,1,1,1,1,1
1,1,1,1,1,1,1,1,1,1
1,1,1,1,1,1,1,1,1,1
1,1,1,1,1,1,1,1,1,1
1,1,1,1,1,1,1,1,1,1
1,1,1,1,1,1,1,1,1,1
1,1,1,1,1,1,1,1,1,1
1,1,1,1,1,1,1,1,1,1
1,1,1,1,1,1,1,1,1,1
1,1,1,1,1,1,1,1,1,1
1,1,1,1,1,1,1,1,1,1
1,1,1,1,1,1,1,1,1,1
1,1,1,1,1,1,1,1,1,1
1,1,1,1,1,1,1,1,1,1
1,1,1,1,1,1,1,1,1,1
1,1,1,1,1,1,1,1,1,1
1,1,1,1,1,1,1,1,1,1
1,1,1,1,1,1,1,1,1,1
1,1,1,1,1,1,1,1,1,1
1,1,1,1,1,1,1,1,1,1
1,1,1,1,1,1,1,1,1,1
1,1,1,1,1,1,1,1,1,1
1,1,1,1,1,1,1,1,1,1
1,1,1,1,1,1,1,1,1,1
1,1,1,1,1,1,1,1,1,1
1,1,1,1,1,1,1,1,1,1
1,1,1,1,1,1,1,1,1,1
1,1,1,1,1,1,1,1,1,1
1,1,1,1,1,1,1,1,1,1
1,1,1,1,1,1,1,1,1,1
1,1,1,1,1,1,1,1,1,1
1,1,1,1,1,1,1,1,1,1
1,1,1,1,1,1,1,1,1,1
1,1,1,1,1,1,1,1,1,1
1,1,1,1,1,1,1,1,1,1
1,1,1,1,1,1,1,1,1,1
1,1,1,1,1,1,1,1,1,1
1,1,1,1,1,1,1,1,1,1
1,1,1,1,1,1,1,1,1,1
1,1,1,1,1,1,1,1,1,1
1,1,1,1,1,1,1,1,1,1
1,1,1,1,1,1,1,1,1,1
1,1,1,1,1,1,1,1,1,1
1,1,1,1,1,1,1,1,1,1
1,1,1,1,1,1,1,1,1,1
1,1,1,1,1,1,1,1,1,1
1,1,1,1,1,1,1,1,1,1
1,1,1,1,1,1,1,1,1,1
1,1,1,1,1,1,1,1,1,1
1,1,1,1,1,1,1,1,1,1
1,1,1,1,1,1,1,1,1,1
1,1,1,1,1,1,1,1,1,1
1,1,1,1,1,1,1,1,1,1
1,1,1,1,1,1,1,1,1,1
1,1,1,1,1,1,1,1,1,1
1,1,1,1,1,1,1,1,1,1
1,1,1,1,1,1,1,1,1,1
1,1,1,1,1,1,1,1,1,1
1,1,1,1,1,1,1,1,1,1
1,1,1,1,1,1,1,1,1,1
1,1,1,1,1,1,1,1,1,1
1,1,1,1,1,1,1,1,1,1
1,1,1,1,1,1,1,1,1,1
1,1,1,1,1,1,1,1,1,1
1,1,1,1,1,1,1,1,1,1
1,1,1,1,1,1,1,1,1,1
1,1,1,1,1,1,1,1,1,1
1,1,1,1,1,1,1,1,1,1
1,1,1,1,1,1,1,1,1,1
1,1,1,1,1,1,1,1,1,1
1,1,1,1,1,1,1,1,1,1
1,1,1,1,1,1,1,1,1,1
1,1,1,1,1,1,1,1,1,1
1,1,1,1,1,1,1,1,1,1
1,1,1,1,1,1,1,1,1,1
1,1,1,1,1,1,1,1,1,1
1,1,1,1,1,1,1,1,1,1
1,1,1,1,1,1,1,1,1,1
1,1,1,1,1,1,1,1,1,1
1,1,1,1,1,1,1,1,1,1
1,1,1,1,1,1,1,1,1,1
1,1,1,1,1,1,1,1,1,1
1,1,1,1,1,1,1,1,1,1
1,1,1,1,1,1,1,1,1,1
1,1,1,1,1,1,1,1,1,1
1,1,1,1,1,1,1,1,1,1
1,1,1,1,1,1,1,1,1,1
1,1,1,1,1,1,1,1,1,1
1,1,1,1,1,1,1,1,1,1
1,1,1,1,1,1,1,1,1,1
1,1,1,1,1,1,1,1,1,1
1,1,1,1,1,1,1,1,1,1
1,1,1,1,1,1,1,1,1,1
1,1,1,1,1,1,1,1,1,1
1,1,1,1,1,1,1,1,1,1
1,1,1,1,1,1,1,1,1,1
1,1,1,1,1,1,1,1,1,1
1,1,1,1,1,1,1,1,1,1
1,1,1,1,1,1,1,1,1,1
1,1,1,1,1,1,1,1,1,1
1,1,1,1,1,1,1,1,1,1
1,1,1,1,1,1,1,1,1,1
1,1,1,1,1,1,1,1,1,1
1,1,1,1,1,1,1,1,1,1
1,1,1,1,1,1,1,1,1,1
1,1,1,1,1,1,1,1,1,1
1,1,1,1,1,1,1,1,1,1
1,1,1,1,1,1,1,1,1,1
1,1,1,1,1,1,1,1,1,1
1,1,1,1,1,1,1,1,1,1
1,1,1,1,1,1,1,1,1,1
1,1,1,1,1,1,1,1,1,1
1,1,1,1,1,1,1,1,1,1
1,1,1,1,1,1,1,1,1,1
1,1,1,1,1,1,1,1,1,1
1,1,1,1,1,1,1,1,1,1
1,1,1,1,1,1,1,1,1,1
1,1,1,1,1,1,1,1,1,1
1,1,1,1,1,1,1,1,1,1
1,1,0.9910942,1,1,1,1,1,1,1
1,1,0.9799885,1,1,1,1,1,1,1
1,1,0.9687959,1,1,1,1,1,1,1
1,1,0.9575189,1,1,1,1,0.9873391,1,1
1,1,0.9463397,1,1,1,1,0.9721616,1,1
1,1,0.9352905,1,1,1,1,0.9566387,1,1
1,1,0.9243721,1,1,1,1,0.9407722,1,1
1,1,0.9135858,1,1,1,1,0.9245666,1,1
1,1,0.9029316,1,1,1,1,0.908029,1,1
1,1,0.8924101,1,1,1,1,0.8911705,1,1
1,1,0.8820211,1,1,1,1,0.8740042,1,1
1,1,0.8717643,1,1,1,1,0.8565469,1,1
1,1,0.8616389,1,1,1,1,0.8388184,1,1
1,1,0.8516444,1,1,1,1,0.8208412,1,1
1,1,0.8417794,1,1,1,1,0.8026406,1,1
1,1,0.8320419,1,1,1,1,0.7842432,1,1
1,1,0.82243,1,1,1,1,0.7694005,1,1
1,1,0.8128937,1,1,1,1,0.7724196,1,1
1,1,0.8032035,1,1,1,1,0.7752978,1,1
1,0.9953737,0.7933607,1,1,1,1,0.7780316,1,1
1,0.9828188,0.7833079,1,1,1,1,0.7805022,1,1
1,0.9692808,0.7729472,1,1,1,1,0.7825062,1,1
1,0.954764,0.7622786,1,1,1,1,0.7840213,1,1
1,0.939284,0.7513054,1,1,1,1,0.7850139,1,1
1,0.9228684,0.7400345,1,1,1,1,0.7854553,1,1
1,0.905557,0.7284759,1,1,1,1,0.7853401,1,1
1,0.8874017,0.721015,1,1,1,1,0.7846527,1,1
1,0.8685587,0.7235849,1,1,1,1,0.7834591,1,1
1,0.8493026,0.7269565,1,1,1,1,0.7818917,1,1
1,0.8297025,0.7311197,1,1,1,1,0.7799759,1,1
1,0.8147627,0.7360933,1,1,1,1,0.7777222,1,1
1,0.8171169,0.7416114,1,1,1,1,0.7752773,1,1
1,0.8193207,0.7467944,1,1,1,1,0.7730399,1,1
1,0.8213776,0.7516474,1,1,1,1,0.7709938,1,1
1,0.8232991,0.7561909,1,1,1,1,0.7691172,1,1
1,0.8250958,0.7604445,1,1,1,1,0.7673907,1,1
1,0.8267701,0.7644128,1,1,1,1,0.7658052,1,1
1,0.823786,0.7681158,1,1,1,1,0.764345,1,1
1,0.8060402,0.7718136,1,1,1,0.9922233,0.7629026,1,1
1,0.7881356,0.7760704,1,1,1,0.9823419,0.7612625,1,1
1,0.7701444,0.7808068,1,1,1,0.9725438,0.7594652,1,1
1,0.7520984,0.7860242,1,1,1,0.9628199,0.7575169,1,1
1,0.7340273,0.7917072,1,1,1,0.95316,0.7554327,0.98528,1
1,0.7164545,0.7967638,1,1,1,0.9432823,0.7536019,0.9548923,1
1,0.6998562,0.8000178,1,1,1,0.932902,0.7524117,0.9199362,1
1,0.6842805,0.7960997,1,1,1,0.9219605,0.7519615,0.8802273,1
1,0.6697065,0.7854613,1,1,1,0.9104488,0.7523082,0.8361217,1
1,0.6561075,0.7777733,1,1,1,0.8983729,0.7534924,0.7881958,1
1,0.6435668,0.7716564,1,1,1,0.8856904,0.7556627,0.736789,0
1,0.6321363,0.7628185,1,1,1,0.8723944,0.7589523,0.6826108,0
1,0.621794,0.7514064,1,1,1,0.8585387,0.7634395,0.6267985,0
1,0.6124902,0.73982,1,1,1,0.8442068,0.7691748,0.6060278,0
1,0.6031038,0.7317948,1,1,1,0.8300165,0.7752247,0.607732,0
1,0.5929689,0.723471,1,1,1,0.836615,0.7809815,0.6094289,0
1,0.5818183,0.7147114,1,1,1,0.8506997,0.7861475,0.6110278,0
1,0.5695853,0.7054725,1,1,1,0.8628418,0.790589,0.6124803,0
1,0.5563376,0.6957744,1,1,1,0.8729392,0.7942933,0.6137711,1
1,0.5421554,0.6856438,1,1,1,0.8809323,0.7972581,0.6148884,1
1,0.527128,0.6781257,1,1,1,0.8868062,0.799491,0.6158241,1
1,0.5113903,0.6755307,1,1,1,0.890734,0.80106,0.6165912,1
0.985274,0.4951038,0.6739036,1,1,1,0.8930174,1,0.6172134,2
0.908022,0.4741836,0.6818931,1,1,1,0.8791734,1,0.6163123,2
0.8239313,0.451794,0.6947083,1,1,1,0.859032,1,0.6147314,2
0.7373178,0.4283194,0.7129848,1,1,1,0.8335404,1,0.6125157,2
0.6533755,0.4190906,0.7373435,1,1,1,0.8041355,0.7708788,0.6097633,2
0.6553605,0.4230362,0.7550055,1,1,1,0.7854203,0.76378,0.6079248,2
0.6572239,0.4266175,0.7709731,1,1,1,0.7700549,0.7577991,0.6063219,2
0.6589507,0.4298452,0.7852731,1,1,1,0.7573612,1,0.6049138,2
0.6622624,0.4360186,0.8135203,1,1,1,0.7348351,0.7436206,0.6024435,2
0.6635824,0.438281,0.8229375,1,1,1,0.7278877,1,0.6014347,2
0.6381446,0.4439656,1,1,1,1,0.7101792,1,0.5993025,2
0.5894029,0.4487456,1,1,1,1,0.6967885,1,0.5975155,2
0.5415851,0.454291,1,1,1,1,0.6823164,1,0.5955529,2
0.4952748,0.4606095,1,1,1,1,0.6670778,1,0.5934411,2
0.4509028,0.4676932,1,1,1,1,0.6513804,0.7069426,0.591211,1
0.4196228,0.4704125,1,1,1,1,0.6464852,1,0.5899365,2
0.3779526,0.4788125,1,1,1,1,0.6298286,1,0.5875309,2
0.3575039,0.4879517,1,1,1,1,0.6133949,1,0.5850743,2
0.3610702,0.4973861,1,1,1,1,0.5980223,1,0.5826436,2
0.3646485,0.5065619,1,1,1,1,0.5894734,0.6744083,0.5802937,1
0.3661951,0.5022565,1,1,1,1,0.582314,1,0.5788062,2
0.3697519,0.5056219,1,1,1,1,0.5702214,1,0.5765213,2
0.3733084,0.5141184,1,1,1,1,0.5613783,1,0.5742643,2
0.3768314,0.5223061,1,1,1,1,0.5527293,1,0.5720291,2
0.380303,0.5301508,1,1,1,1,0.5436276,1,0.569808,2
0.383704,0.5376117,1,1,1,1,0.534087,1,0.5675973,2
0.3870303,0.5446731,1,1,1,1,0.5247158,1,0.5653838,2
0.3902617,0.5513037,1,1,1,1,0.5179386,1,0.5631741,1
0.3934121,0.5575511,1,1,1,1,0.5117046,1,0.5609576,1
0.3964722,0.5634095,1,1,1,1,0.5059617,1,0.5587391,1
0.3994406,0.568886,1,1,1,1,0.5006569,1,0.5565192,1
0.4023229,0.5739995,1,1,1,1,0.4957356,1,0.5542933,1
0.4051111,0.5787493,1,1,1,1,0.4911706,1,0.5520705,1
0.4078114,0.5831565,1,1,1,1,0.4869201,1,0.5498481,1
0.410423,0.5872325,1,1,1,1,0.4829577,1,0.5476303,1
0.4129452,0.590989,1,1,1,1,0.4792608,1,0.5454219,1
0.4153844,0.594448,1,1,1,1,0.4758007,1,0.5432217,1
0.4177395,0.5976211,1,1,1,1,0.4725621,1,0.5410353,1
0.4200097,0.6005197,1,1,1,1,0.469532,1,0.5388682,1
0.4145581,1,1,1,1,1,0.4666897,1,0.5367202,0
0.4135427,1,1,1,1,1,0.470224,1,0.5349461,0
0.4134817,1,1,1,1,1,0.47385,1,0.5333284,0
0.4134245,1,1,1,1,1,0.4775867,1,0.5318614,0
0.4133662,1,1,1,1,1,0.4814306,0.5111433,0.5305393,0
0.4111342,1,1,1,1,1,0.4935471,0.4741541,0.5300503,0
0.4088971,1,1,1,1,1,1,0.4397919,0.5300015,0
0.4074133,1,1,1,1,1,1,0.4105307,0.5300072,0
0.4057905,0.5439951,1,1,1,1,1,0.38247,1,2
0.4094402,1,1,1,1,1,1,0.3731934,1,1
0.4108676,1,1,1,1,1,1,0.3557009,1,1
0.4121892,1,1,1,1,1,1,0.3377955,1,1
0.413398,1,1,1,1,1,1,0.3195345,1,1
0.4144816,1,1,1,1,1,1,0.3183536,1,1
0.4155418,1,1,1,1,1,1,0.317201,1,1
0.4165795,1,1,1,1,1,1,0.3160734,1,1
0.4175951,1,1,1,1,1,1,0.31497,1,1
0.4185956,1,1,1,1,1,1,0.3138829,1,1
0.4195685,1,1,1,1,1,1,0.3128263,1,1
0.4205209,1,1,1,1,1,1,0.3117922,1,1
0.4214532,1,1,1,1,1,1,0.31078,1,1
0.4223661,1,1,1,1,1,1,0.3097893,1,1
0.4232599,1,1,1,1,1,1,0.3088194,1,1
0.4241286,1,1,1,1,1,1,0.3078774,0.4187892,0
0.4217258,1,1,1,1,1,1,0.3113611,0.3144181,0
0.4193235,1,1,1,1,1,1,0.3153464,0.2587537,0
0.4169201,1,1,1,1,1,1,0.3198597,0.2594962,0
0.4145072,1,1,1,1,1,1,1,0.2605802,0
0.4138768,1,1,1,1,1,1,1,0.2608668,0
0.4132113,1,1,1,1,1,1,1,0.261226,0
0.4125164,1,1,1,1,1,1,1,0.2616508,0
0.4117913,1,1,1,1,1,1,1,0.2621409,0
0.4110354,1,1,1,1,1,1,1,0.2626958,0
0.410254,1,1,1,1,1,1,1,0.2633086,0
0.4094401,1,1,1,1,1,1,1,0.2639851,0
0.408599,1,1,1,1,1,1,1,0.2647184,0
0.4077301,1,1,1,1,1,1,1,0.2655081,0
0.4068386,1,1,1,1,1,1,1,0.2663473,0
0.4059173,1,1,1,1,1,1,1,0.2672418,0
1,1,1,1,1,1,1,1,1,1
1,1,1,1,1,1,1,1,1,1
1,1,1,1,1,1,1,1,1,1
1,1,1,1,1,1,1,1,1,1
1,1,1,1,1,1,1,1,1,1
1,1,1,1,1,1,1,1,1,1
1,1,1,0.9963917,1,1,1,1,1,1
1,1,1,0.9861408,1,1,1,1,1,1
1,1,1,0.9758685,1,1,1,1,1,1
1,1,1,0.965576,1,1,1,1,1,1
1,1,1,0.9552638,1,1,1,1,1,1
1,1,1,0.9449323,1,1,1,1,1,1
1,1,1,0.9345827,1,1,1,1,1,1
1,1,1,0.924216,1,1,1,1,1,1
1,1,1,0.9138328,1,1,1,1,1,1
1,1,1,0.903434,1,1,1,1,1,1
1,1,1,0.8930206,1,1,1,1,1,1
1,1,1,0.8825938,1,1,1,1,1,1
1,1,1,0.8721546,1,1,1,1,1,1
1,1,1,0.8617036,1,1,1,1,1,1
1,1,1,0.8512424,1,1,1,1,1,1
1,1,1,0.840772,1,1,1,1,1,1
1,1,1,0.8302931,1,1,1,1,1,1
1,1,1,0.8198071,1,1,1,1,1,1
1,1,1,0.809315,1,1,1,1,1,1
1,1,1,0.7988183,1,1,1,1,1,1
1,1,1,0.7883177,1,1,1,1,1,1
1,1,1,0.7778144,1,1,1,1,1,1
1,1,1,0.7673094,1,1,1,1,1,1
1,1,1,0.7568037,1,1,1,1,1,1
1,1,0.8165148,0.7462986,1,1,1,1,1,2
1,1,0.8031823,0.7353007,1,1,1,1,1,2
1,1,0.7898539,0.7243151,1,1,1,1,1,2
1,1,0.7765423,0.7133476,1,1,1,1,1,2
1,1,0.7632595,0.7024034,1,1,1,1,1,2
1,1,0.7500169,0.6914877,1,1,1,1,1,2
1,1,0.7368249,0.6806051,1,1,1,1,1,2
1,1,0.7236932,0.6940666,1,1,1,1,1,2
1,1,0.7106789,0.7267738,1,1,1,1,1,2
1,1,0.6978153,0.7622939,1,1,1,1,1,2
1,1,0.6850969,0.8008474,1,1,1,1,1,2
1,1,0.6725186,0.8427264,1,1,1,1,1,2
1,1,0.6600746,1,1,1,1,1,1,2
1,1,0.6479079,1,1,1,1,1,1,2
1,1,0.6357856,1,1,1,1,1,1,2
1,1,0.6237113,1,1,1,1,1,1,2
1,1,0.6116886,1,1,1,1,1,1,2
1,1,0.5997207,1,1,1,1,1,1,2
1,1,0.5878105,1,1,1,1,1,1,2
1,1,0.5759605,1,1,1,1,1,1,2
1,1,0.5641732,1,1,1,1,1,1,2
1,1,0.5524503,1,1,1,1,1,1,2
1,1,0.5407937,1,1,1,1,1,1,2
1,1,0.5292045,1,1,1,1,1,1,2
1,1,0.517684,1,1,1,1,1,1,2
1,1,0.5062327,1,1,1,1,1,1,2
1,1,0.4948514,1,1,1,1,1,1,2
1,1,0.4835407,1,1,1,1,1,1,2
1,1,0.4723001,1,1,1,1,1,1,2
1,1,0.4611298,1,1,1,1,1,1,2
1,0.5724253,0.469346,1,1,1,1,1,1,2
1,0.5510119,0.5076602,1,1,1,1,1,1,2
1,0.5306354,0.5513445,1,1,1,1,1,1,2
1,0.5112196,0.6012335,1,1,1,1,1,1,2
1,0.4926913,0.6583334,1,1,1,1,1,1,2
1,0.4749803,1,1,1,1,1,1,1,2
1,0.4587312,1,1,1,1,1,1,1,2
1,0.4428456,1,1,1,1,1,1,1,2
1,0.4273247,1,1,1,1,1,1,1,2
1,0.4121678,1,1,1,1,1,1,1,2
1,0.3973722,1,1,1,1,1,1,1,2
1,0.3829329,1,1,1,1,1,1,1,2
1,0.3688443,1,1,1,1,1,1,1,2
1,0.3550986,1,1,1,1,1,1,1,2
0.5097243,0.3416875,1,1,1,1,1,1,1,2
0.4800627,0.3622687,1,1,1,1,1,1,1,2
0.4523391,0.3859754,1,1,1,1,1,1,1,2
0.4263789,0.4123504,1,1,1,1,1,1,1,2
0.4020271,0.4418021,1,1,1,1,1,1,1,2
0.3791471,0.4747771,1,1,1,1,1,1,1,2
0.3576178,0.5118695,1,1,1,1,1,1,1,2
0.3373311,1,1,1,1,1,1,1,1,2
0.3185131,1,1,1,1,1,1,1,1,2
0.300639,1,1,1,1,1,1,1,1,2
0.3149741,1,1,1,1,1,1,1,1,2
0.3302982,1,1,1,1,1,1,1,1,2
0.3463329,1,1,1,1,1,1,1,1,2
0.3630604,1,1,1,1,1,1,1,1,2
0.380478,1,1,1,1,1,1,1,1,2
0.3985598,1,1,1,1,1,1,1,1,2
0.4172744,1,1,1,1,1,1,1,1,2
0.4366063,1,1,1,1,1,1,1,1,2
0.456515,1,1,1,1,1,1,1,1,2
0.4769651,1,1,1,1,1,1,1,1,2
1,1,1,1,1,1,1,1,1,1
1,1,1,1,1,1,1,1,1,1
1,1,1,1,1,1,1,1,1,1
1,1,1,1,1,1,1,1,1,1
1,1,1,1,1,1,1,1,1,1
1,1,1,1,1,1,1,1,1,1
1,1,1,1,1,1,1,1,1,1
1,1,1,1,1,1,1,1,1,1
1,1,1,1,1,1,1,1,1,1
1,1,1,1,1,1,1,1,1,1
1,1,1,1,1,1,1,1,1,1
1,1,1,1,1,1,1,1,1,1
1,1,1,1,1,1,1,1,1,1
1,1,1,1,1,1,1,1,1,1
1,1,1,1,1,1,1,1,1,1
1,1,1,1,1,1,1,1,1,1
1,1,1,1,1,1,1,1,1,1
1,1,1,1,1,1,1,1,1,1
1,1,1,1,1,1,1,1,1,1
1,1,1,1,1,1,1,1,1,1
1,1,1,1,1,1,1,1,1,1
1,1,1,1,1,1,1,1,1,1
1,1,1,1,1,1,1,1,1,1
1,1,1,1,1,1,1,1,1,1
1,1,1,1,1,1,1,1,1,1
1,1,1,1,1,1,1,1,1,1
1,1,1,1,1,1,1,1,1,1
1,1,1,1,1,1,1,1,1,1
1,1,1,1,1,1,1,1,1,1
1,1,1,1,1,1,1,1,1,1
1,1,1,1,1,1,1,1,1,1
1,1,1,1,1,1,1,1,1,1
1,1,1,1,1,1,1,1,1,1
1,1,1,1,1,1,1,1,1,1
1,1,1,1,1,1,1,1,1,1
1,1,1,1,1,1,1,1,1,1
1,1,1,1,1,1,1,1,1,1
1,1,1,1,1,1,1,1,1,1
1,1,1,1,1,1,1,1,1,1
1,1,1,1,1,1,1,1,1,1
1,1,1,1,1,1,1,1,1,1
1,1,1,1,1,1,1,1,1,1
1,1,1,1,1,1,1,1,1,1
1,1,1,1,1,1,1,1,1,1
1,1,1,1,1,1,1,1,1,1
1,1,1,1,1,1,1,1,1,1
1,1,1,1,1,1,1,1,1,1
1,1,1,1,1,1,1,1,1,1
1,1,1,1,1,1,1,1,1,1
1,1,1,1,1,1,1,1,1,1
1,1,1,1,1,1,1,1,1,1
1,1,1,1,1,1,1,1,1,1
1,1,1,1,1,1,1,1,1,1
1,1,1,1,1,1,1,1,1,1
1,1,1,1,1,1,1,1,1,1
1,1,1,1,1,1,1,1,1,1
1,1,1,1,1,1,1,1,1,1
1,1,1,1,1,1,1,1,1,1
1,1,1,1,1,1,1,1,1,1
1,1,1,1,1,1,1,1,1,1
1,1,1,1,1,1,1,1,1,1
1,1,1,1,1,1,1,1,1,1
1,1,1,1,1,1,1,1,1,1
1,1,1,1,1,1,1,1,1,1
1,1,1,1,1,1,1,1,1,1
1,1,1,1,1,1,1,1,1,1
1,1,1,1,1,1,1,1,1,1
1,1,1,1,1,1,1,1,1,1
1,1,1,1,1,1,1,1,1,1
1,1,1,1,1,1,1,1,1,1
1,1,1,1,1,1,1,1,1,1
1,1,1,1,1,1,1,1,1,1
1,1,1,1,1,1,1,1,1,1
1,1,1,1,1,1,1,1,1,1
1,1,1,1,1,1,1,1,1,1
1,1,1,1,1,1,1,1,1,1
1,1,1,1,1,1,1,1,1,1
1,1,1,1,1,1,1,1,1,1
1,1,1,1,1,1,1,1,1,1
1,1,1,1,1,1,1,1,1,1
1,1,1,1,1,1,1,1,1,1
1,1,1,1,1,1,1,1,1,1
1,1,1,1,1,1,1,1,1,1
1,1,1,1,1,1,1,1,1,1
1,1,1,1,1,1,1,1,1,1
1,1,1,1,1,1,1,1,1,1
1,1,1,1,1,1,1,1,1,1
1,1,1,1,1,1,1,1,1,1
1,1,1,1,1,1,1,1,1,1
1,1,1,1,1,1,1,1,1,1
1,1,1,1,1,1,1,1,1,1
1,1,1,1,1,1,1,1,1,1
1,1,1,1,1,1,1,1,1,1
1,1,1,1,1,1,1,1,1,1
1,1,1,1,1,1,1,1,1,1
1,1,1,1,1,1,1,1,1,1
1,1,1,1,1,1,1,1,1,1
1,1,1,1,1,1,1,1,1,1
1,1,1,1,1,1,1,1,1,1
1,1,1,1,1,1,1,1,1,1
1,1,1,1,1,1,1,1,1,1
1,1,1,1,1,1,1,1,1,1
1,1,1,1,1,1,1,1,1,1
1,1,1,1,1,1,1,1,1,1
1,1,1,1,1,1,1,1,1,1
1,1,1,1,1,1,1,1,1,1
1,1,1,1,1,1,1,1,1,1
1,1,1,1,1,1,1,1,1,1
1,1,1,1,1,1,1,1,1,1
1,1,1,1,1,1,1,1,1,1
1,1,1,1,1,1,1,1,1,1
1,1,1,1,1,1,1,1,1,1
1,1,1,1,1,1,1,1,1,1
1,1,1,1,1,1,1,1,1,1
1,1,1,1,1,1,1,1,1,1
1,1,1,1,1,1,1,1,1,1
1,1,1,1,1,1,1,1,1,1
1,1,1,1,1,1,1,1,1,1
1,1,1,1,1,1,1,1,1,1
1,1,1,1,1,1,1,1,1,1
1,1,1,1,1,1,1,1,1,1
1,1,1,1,1,1,1,1,1,1
1,1,1,1,1,1,1,1,1,1
1,1,1,1,1,1,1,1,1,1
0.9319255,1,1,1,1,1,1,1,1,1
0.930608,1,1,1,1,1,0.9225289,1,1,1
0.9310128,1,1,1,1,1,0.9196368,1,1,1
0.9314138,1,1,1,1,1,0.9168779,1,1,1
0.9318115,1,1,1,1,1,0.9142441,1,1,1
1,1,1,1,1,1,0.9117286,1,1,1
1,1,1,1,1,1,0.9146267,1,1,1
1,1,1,1,1,1,0.9174784,1,1,1
1,1,1,1,1,1,0.9202701,1,1,1
1,1,1,1,1,1,0.9230174,1,1,1
1,1,1,1,1,1,0.9257067,1,1,1
1,1,1,1,1,1,0.9283394,1,1,1
1,1,1,1,1,1,0.930917,1,1,1
1,1,1,1,1,1,0.9334404,1,1,1
1,1,1,1,1,1,0.9359112,1,1,1
1,1,1,1,1,1,0.9383307,1,1,1
1,1,1,1,1,1,0.9406998,1,1,1
1,1,1,1,1,1,0.9430054,0.9874581,1,1
1,1,1,1,1,1,0.9461083,0.9704555,1,1
1,1,1,1,1,1,0.9502905,0.9529718,1,1
1,1,1,1,1,1,0.9555836,0.9350489,1,1
1,1,1,1,1,1,0.9620084,0.9167321,1,1
1,1,1,1,1,1,0.9696188,0.898068,1,1
1,1,1,1,1,1,0.9784422,0.8791075,1,1
1,1,1,1,1,1,0.9885248,0.8599002,1,0
1,1,1,1,1,1,0.9999005,0.8404981,1,0
1,1,1,1,1,1,1,0.8209518,1,0
1,1,1,1,0.9411707,1,1,0.801131,1,0
1,1,1,1,0.9012998,1,1,0.7811728,1,0
1,1,1,1,0.8916039,1,1,0.761114,1,0
1,1,1,1,0.8819718,1,1,0.7409629,1,0
1,1,1,1,0.8724108,1,1,0.7207737,1,0
1,1,1,1,0.8629278,1,1,0.7005996,1,0
1,1,1,1,0.8535302,1,1,0.6804922,1,0
1,1,1,1,0.8442239,1,1,0.6604995,1,0
1,1,1,1,0.8350145,1,1,0.6406665,1,0
1,1,1,1,0.8259069,1,1,0.6210349,1,0
1,1,1,1,0.8169052,1,1,0.6016423,1,0
1,1,1,1,0.8080122,1,1,0.6004936,1,0
1,1,1,1,0.7991699,1,1,0.6094879,1,0
1,1,1,1,0.7903357,1,1,0.6185402,1,0
1,1,1,1,0.7814983,1,1,0.6276239,1,0
1,1,1,1,0.7726473,1,1,0.6367131,1,0
1,1,1,1,0.7637738,1,1,0.6457818,0.8916334,0
1,1,1,1,0.7554746,1,1,0.6581857,0.8476427,0
1,1,1,1,0.7474217,0.7321059,1,0.6720985,0.8043173,0
1,1,1,1,1,0.7226969,1,0.6872765,0.7625311,0
1,0.999787,1,1,1,0.7135659,1,0.7061844,0.7190874,0
1,0.9887705,1,1,1,0.7046832,1,0.7270883,0.6776512,0
1,0.9779916,1,1,1,0.69603,1,0.7496079,0.6388115,0
1,0.9675086,1,1,1,0.6875931,1,0.7737135,0.6024983,0
1,0.957366,1,1,1,0.6793538,1,0.7993517,0.5685941,0
1,0.9475831,1,1,1,0.6712898,1,0.8264678,0.5369522,0
1,0.9381775,1,1,1,0.6633756,1,1,0.5294431,0
1,0.9304949,1,1,1,0.6551242,1,1,0.5378316,0
1,0.9232042,1,1,1,0.6468519,1,1,0.5461872,0
1,0.9162653,1,1,1,0.6385418,1,1,0.5544766,0
1,0.909644,1,1,1,1,1,1,0.5626682,0
1,0.9023692,1,1,1,1,1,1,0.5721151,0
1,0.8953608,1,1,1,1,0.5994322,1,0.5815838,0
1,0.8884094,1,1,1,1,0.5900385,1,0.591363,0
1,0.8817316,1,1,1,1,0.5807608,1,0.6010464,0
1,0.8752939,1,1,1,1,0.5715781,1,0.6106071,0
1,0.8690743,1,1,1,1,0.5624728,1,0.6200129,0
1,0.863048,1,1,1,1,0.5534293,1,0.6292412,0
1,0.8571877,1,1,1,1,0.5444346,1,0.6382798,0
1,0.8514822,1,1,1,1,0.5354777,1,0.6471022,0
1,0.8459166,1,1,1,1,0.5265493,1,0.6556928,1
1,0.8404785,1,1,1,1,0.5176412,1,0.6640376,1
1,0.8351581,1,1,1,1,0.5087472,1,0.6721247,1
1,0.8299407,1,1,1,1,0.4998619,1,0.679953,1
1,0.8248264,1,1,1,1,0.4909806,1,0.6875063,1
1,0.8198041,1,1,1,1,0.4820999,1,0.6947872,1
1,0.8148702,1,1,1,1,0.4732172,1,0.7017914,1
1,0.8100225,1,1,1,1,0.46433,1,0.7085165,1
1,0.8052534,1,1,1,1,0.4554369,1,0.7149698,1
1,0.8005623,1,1,1,1,0.4465363,1,0.7211512,1
1,0.7959496,1,1,1,1,0.4376271,1,0.727062,1
1,0.7914099,1,1,1,1,0.4287089,1,1,2
1,0.7885504,1,1,1,1,0.4196323,1,1,2
1,0.7858071,1,1,1,1,0.4105572,1,1,2
1,0.7831817,1,1,1,1,0.4014811,1,1,2
1,0.7806634,1,1,1,1,0.3924018,1,1,2
1,0.7782477,1,1,1,1,0.383317,1,1,2
1,0.7759301,1,1,1,1,0.3742242,1,1,2
1,0.7737063,1,1,1,1,0.365121,0.9989899,1,2
1,0.771567,1,1,1,1,0.3560051,0.9928899,1,2
1,0.769478,1,1,1,1,0.3468733,0.9866244,1,2
1,0.7674323,1,1,1,1,0.3377232,0.9801832,1,2
1,0.765417,1,1,1,1,0.3285529,0.9735578,1,2
1,0.7634256,1,1,1,1,0.3193602,0.9667398,1,2
1,0.7614522,1,1,1,1,0.3101436,0.9597214,1,2
1,0.7594844,1,1,1,1,0.3009016,0.9524964,1,2
1,0.7575108,1,1,1,1,0.3113893,0.3350089,1,0
1,0.7519685,1,1,1,1,0.3835216,0.3229726,1,0
1,0.7465796,1,1,1,1,1,0.3111684,1,1
0.7059027,0.7417403,1,1,1,1,1,0.2998275,1,2
0.7017516,0.7401436,1,1,1,1,1,0.2904852,1,2
0.6977477,0.7386233,1,1,1,1,1,0.2810124,1,2
0.6938808,0.7371665,1,1,1,1,1,0.2714063,1,2
0.690147,0.7357669,1,1,1,1,1,0.2616649,1,2
0.6865363,1,1,1,1,1,1,0.2517869,1,1
0.6834161,1,1,1,1,1,1,0.240292,1,1
0.6802725,1,1,1,1,1,1,0.2288492,1,1
0.6771051,1,1,1,1,1,1,0.2174599,1,1
0.6739137,1,1,1,1,1,1,0.2061247,1,1
0.6706981,1,1,1,1,1,1,0.1948442,1,1
0.667458,1,1,1,1,1,1,0.1836193,1,1
0.664193,1,1,1,1,1,1,0.17245,0.2598456,0
0.6619322,1,1,1,1,1,1,0.1687379,0.2366716,0
0.659755,1,1,1,1,1,1,0.1838118,0.2150101,0
0.6576583,1,1,1,1,1,1,0.2006772,0.1947213,0
0.6556455,1,1,1,1,1,1,0.2195768,0.1756831,0
0.6537136,1,1,1,1,1,1,0.2408175,0.1577864,0
0.6518663,1,1,1,1,1,1,1,0.1409354,0
0.6488582,1,1,1,1,1,1,1,0.146015,0
0.6457401,1,1,1,1,1,1,1,0.154301,0
0.64249,1,1,1,1,1,1,1,0.1628348,0
0.6391005,1,1,1,1,1,1,1,0.1716007,0
0.6355655,1,1,1,1,1,1,1,0.1805812,0
0.6318734,1,1,1,1,1,1,1,0.1897663,0
0.6280267,1,1,1,1,1,1,1,0.1991268,0
0.6240228,1,1,1,1,1,1,1,0.2086408,0
0.6198537,1,1,1,1,1,1,1,0.8446963,2
0.612275,1,1,1,1,1,1,1,0.8426422,2
0.6048754,1,1,1,1,1,1,1,0.8403767,2
0.5976597,1,1,1,1,1,1,1,0.8379275,2
0.5906318,1,1,1,1,1,1,1,0.8353209,2
0.5838013,1,1,1,1,1,1,1,0.8325731,2
0.5771713,1,1,1,1,1,1,1,0.8297073,2
0.5707438,1,1,1,1,1,1,1,0.826745,2
0.5645269,1,1,1,1,1,1,1,0.8236983,2
0.5585222,1,1,1,1,1,1,1,0.8205859,2
0.5527302,1,1,1,1,1,1,1,0.8174253,2
0.5471579,1,1,1,1,1,1,1,0.8142239,2
0.5418051,1,1,1,1,1,1,1,0.8109967,2
0.5366718,1,1,1,1,1,1,1,0.8077571,2
0.5317574,1,1,1,1,1,1,1,0.804517,2
0.5622938,1,1,1,1,1,1,1,0.8012792,2
0.703164,1,1,1,1,1,1,1,0.7989302,2
0.8275679,1,1,1,1,1,1,1,0.8001243,1
1,1,1,1,1,1,1,1,0.804329,0
1,1,1,1,1,1,1,1,0.8127939,0
1,1,1,1,1,1,1,1,0.8212588,0
1,1,1,1,1,1,1,1,1,1
1,1,1,1,1,1,1,1,1,1
1,1,1,1,1,1,1,1,1,1
1,1,1,1,1,1,1,1,1,1
1,1,1,1,1,1,1,1,1,1
1,1,1,1,1,1,1,1,1,1
1,1,1,1,1,1,1,1,1,1
1,1,1,1,1,1,1,1,1,1
1,1,1,1,1,1,1,1,1,1
1,1,1,1,1,1,1,1,1,1
1,1,1,1,1,1,1,1,1,1
1,0.9970387,1,1,1,1,1,1,1,1
1,0.9931141,1,1,1,1,1,1,1,1
1,0.9892389,1,1,1,1,1,1,1,1
1,0.9854189,1,1,1,1,1,1,1,1
1,0.9816524,1,1,1,1,1,1,1,1
1,0.977939,1,1,1,1,1,1,1,1
1,0.9742775,1,1,1,1,1,1,1,1
1,0.9706736,1,1,1,1,1,1,1,1
1,0.9671264,1,1,1,0.9952136,1,1,1,1
1,0.9636483,1,1,1,0.9854466,1,1,1,1
1,0.9602521,1,1,1,0.9756362,1,1,1,1
1,0.9569429,1,1,1,0.965785,1,1,1,1
1,0.9537198,1,1,1,0.9558956,1,1,1,1
1,0.9505817,1,1,0.9958274,0.9459707,1,1,1,1
1,0.9475547,1,1,0.9848694,0.9360006,1,1,1,1
1,0.9446707,1,1,0.9737924,0.9259704,1,1,1,1
1,0.9419354,1,1,0.9626063,0.9158853,1,1,1,1
1,0.9393542,1,1,0.9513222,0.9057515,1,1,1,1
0.8869034,0.9369261,1,1,0.9399503,0.8955742,1,1,1,2
0.8827636,1,1,1,0.9268864,0.884602,1,1,0.9979324,2
0.8789171,1,1,1,0.9146598,0.8740289,1,1,0.9910054,2
0.875168,1,1,0.9762158,0.9024712,0.8634791,1,1,0.9841167,2
0.8715034,1,1,0.961426,0.89018,0.8528916,1,1,0.9779459,2
0.8679436,1,1,0.9465801,0.8778591,0.8423015,1,1,0.9722255,2
0.864497,1,1,0.9317024,0.8655238,0.8317183,1,1,0.9669434,2
0.8611838,1,1,0.916817,0.8531892,0.8211509,1,1,0.9620832,2
0.8580119,1,1,0.9019474,0.8408697,0.8106073,1,1,0.957624,2
0.8549884,1,1,0.8871176,0.8285807,0.8000965,1,1,0.9535416,2
0.8521265,1,1,0.87235,0.8163359,0.7896258,1,1,0.949807,2
0.8494319,1,1,0.8576661,0.8041481,0.7792019,1,1,0.9463852,2
0.846916,1,1,0.8430859,0.7920296,0.7688306,1,1,0.9432362,2
0.8445827,1,1,0.8286274,0.7799908,0.7585166,1,1,0.9403127,2
0.8424352,1,1,0.8143078,0.7680418,0.7482638,1,1,0.9375631,2
0.8404811,1,1,0.8001413,0.7561902,0.7380745,1,1,0.9349254,2
0.8387145,1,1,0.7861407,0.744443,0.7279501,1,1,0.9323301,2
0.8371407,1,1,0.7723163,0.7328047,0.7178901,1,1,0.9296986,2
0.8357507,1,1,0.7586774,0.7212794,0.7078937,1,1,0.9269427,2
0.8345466,1,1,0.7452303,0.7098692,0.6979584,1,1,0.9239635,2
0.8335164,1,1,0.7319794,0.6985743,0.6880796,1,1,0.920647,2
0.8326529,1,1,0.7189287,0.6873947,0.6782532,1,1,0.9168714,2
0.8319471,1,1,0.7060794,0.6763284,0.6684732,1,1,0.9124988,2
0.8313822,1,0.7876081,0.6934317,0.6653723,0.6587322,1,1,0.9073764,2
1,1,0.7687837,0.6799229,0.6540887,1,1,1,0.9119456,2
1,1,0.7533447,0.6679162,0.6434467,1,1,1,0.9028314,2
1,1,0.73813,0.6560147,0.632861,1,1,1,0.8931865,2
1,1,0.7231517,0.6442225,0.6223317,1,1,1,0.8828713,2
1,1,0.7084209,0.6325439,0.6118584,1,1,1,0.8788127,2
1,1,0.6938342,0.6209339,0.6014239,1,1,1,0.8773972,2
1,1,0.6793599,0.6093798,0.5910239,1,1,1,0.8759245,2
1,1,0.665011,0.5978869,0.5806601,1,1,1,0.8744072,2
1,1,0.6507981,0.5864597,0.5703336,1,1,1,0.8728563,2
1,1,0.6367299,0.5751016,0.5600449,1,1,1,0.8712751,2
1,1,0.6228125,0.5638147,0.5497938,1,1,1,0.8696781,2
1,1,0.6090505,0.5526006,0.5395797,1,1,1,0.8680722,2
1,1,0.5954462,0.5414594,0.5294013,1,1,1,0.8664629,2
1,1,0.582001,0.530391,0.519257,1,1,1,0.8648547,2
1,1,0.5687147,0.5193946,0.5091452,1,1,1,0.8632506,2
1,1,0.5555853,0.5084682,0.4990633,1,1,1,0.8616532,2
1,1,0.5426107,0.4976103,0.4890093,1,1,1,0.8600699,2
1,1,0.5297871,0.486818,0.4789805,1,1,1,0.8585014,2
1,1,0.5171106,0.4760889,0.4689746,1,1,1,0.8569471,2
1,1,0.504576,0.4654199,0.4589886,1,1,1,0.8554063,2
1,1,0.4921786,0.454808,0.4490205,1,1,1,0.8538837,2
1,1,0.479913,0.4442503,0.4390678,1,1,1,0.8523778,2
1,1,0.4677734,0.4337436,0.4291282,1,1,1,0.850886,2
1,1,0.4557537,0.4232844,0.4191992,1,1,1,0.8494123,2
1,1,0.443848,0.4128698,0.4092789,1,1,1,0.8479537,2
1,1,0.4320503,0.4024965,0.3993653,1,1,1,0.8465075,2
1,0.5732538,0.4203548,0.3921616,0.3894567,1,1,1,0.8450769,2
1,0.54797,0.4066436,0.3812898,0.3798546,1,1,1,0.8412489,2
1,0.524194,0.3933724,0.3706213,1,1,1,1,0.8376552,2
1,0.5007256,0.3802178,0.3600768,1,1,1,1,0.8339577,2
1,0.4785062,0.3674432,0.3497157,1,1,1,1,0.8304435,2
1,0.4574437,0.3550242,0.3395202,1,1,1,1,0.8270997,2
1,0.4374463,0.3429349,0.3294722,1,1,1,1,0.8239152,2
1,0.4184241,0.331149,0.3195538,1,1,1,1,0.8208638,2
1,0.4002922,0.3196407,0.309748,1,1,1,1,0.8179305,2
1,0.3829692,0.3083845,0.3000381,1,1,1,1,0.8150934,2
1,0.3663791,0.2973558,0.2904086,1,1,1,1,0.8123308,2
1,0.3504525,0.2865323,1,1,1,1,1,0.8096219,2
1,0.3347258,0.2758074,1,1,1,1,1,0.8069102,2
1,0.3195263,0.2652546,1,1,1,1,1,0.8042358,2
0.4943508,0.3048179,0.2548616,1,1,1,1,1,0.8015841,2
0.4593391,0.289122,0.2443591,1,1,1,1,1,0.7990385,2
0.426928,0.2740501,0.23409,1,1,1,1,1,0.7966449,2
0.3968452,0.2595645,0.2240433,1,1,1,1,1,0.7943939,2
0.3688549,0.2456307,0.2142088,1,1,1,1,1,0.7922889,2
0.3427519,0.2322166,0.2045763,1,1,1,1,1,0.7903274,2
0.3183577,0.2192928,0.3679584,1,1,1,1,1,1,2
0.2955159,0.2068324,1,1,1,1,1,1,1,2
0.2740892,0.1948105,1,1,1,1,1,1,1,2
0.2539547,0.1832031,1,1,1,1,1,1,1,2
0.2350051,0.171989,1,1,1,1,1,1,1,2
0.2171441,0.1611479,1,1,1,1,1,1,1,2
0.2002865,0.1506616,1,1,1,1,1,1,1,2
0.1843549,0.1446687,1,1,1,1,1,1,1,2
0.1692806,0.1718429,1,1,1,1,1,1,1,2
0.1550016,0.2035587,1,1,1,1,1,1,1,2
0.1414616,0.2408711,1,1,1,1,1,1,1,2
0.1286103,0.2852227,1,1,1,1,1,1,1,2
0.122597,0.3385962,1,1,1,1,1,1,1,2
0.1364268,0.4037624,1,1,1,1,1,0.7144804,1,2
0.1499989,0.4685559,1,1,1,1,1,0.7079352,1,2
0.1638913,1,1,1,1,1,1,0.7014473,1,2
0.1770909,1,1,1,1,1,1,0.694986,1,2
0.1904678,1,1,1,1,1,1,0.7103867,1,2
0.2042535,1,1,1,1,1,1,0.8380391,1,2
0.2201169,1,1,1,1,1,1,0.7627751,1,2
0.2352901,1,1,1,1,1,1,0.7964174,1,2
0.2513111,1,1,1,1,1,1,0.8035137,1,2
0.2677936,1,1,1,1,1,1,0.8116432,1,2
0.2847574,1,1,1,1,1,1,0.8199152,1,2
0.3022087,1,1,1,1,1,1,0.8282632,1,2
0.3201402,1,1,1,1,1,1,0.8366715,1,2
0.3385432,1,1,1,1,1,1,0.8451475,1,2
0.3574337,1,1,1,1,1,1,0.8536731,1,2
0.376802,1,1,1,1,1,1,1,1,2
0.400941,1,1,1,1,1,1,0.8276572,1,2
0.420026,1,1,1,1,1,1,1,1,2
0.4452788,1,1,1,1,1,1,0.8298455,1,1
1,1,1,1,1,1,1,1,1,1
1,1,1,1,1,1,1,1,1,1
1,1,1,1,1,1,1,1,0.6760062,0
1,1,1,1,1,1,1,1,0.6624613,0
1,1,1,1,1,1,1,1,0.649071,0
1,1,1,1,1,1,1,1,0.6358525,0
1,1,1,1,1,1,1,1,0.6228292,0
1,1,1,1,1,1,1,1,0.6100239,0
1,1,1,1,1,1,1,1,0.5974588,0
1,1,1,1,1,1,1,1,0.5851547,0
1,1,1,1,1,1,1,1,0.5731246,0
1,1,1,1,1,1,1,1,0.561395,0
1,1,1,1,1,0.9881102,1,1,0.5499836,0
1,1,1,1,1,0.9563986,1,1,0.5388172,0
1,1,1,1,1,0.9244555,1,1,0.5642316,0
1,1,1,1,1,0.9107965,1,1,0.6133026,0
1,1,1,1,1,0.9183782,1,1,0.6654081,0
1,1,1,1,1,0.9246308,1,1,0.7187088,0
1,1,1,1,1,0.9292917,1,1,1,1
1,1,1,1,1,0.9232469,1,1,1,1
1,1,1,1,1,0.9173705,1,1,1,1
1,1,1,1,1,0.9116559,1,1,1,1
1,1,1,1,1,0.9060966,1,1,1,1
1,1,1,1,1,0.9006954,1,1,1,1
1,1,1,1,1,0.8954466,1,1,1,1
1,1,1,1,1,0.8903443,0.9995122,1,1,1
1,1,1,1,1,0.8853999,0.9787804,1,1,1
1,1,1,0.9912807,1,0.8813149,0.9569247,1,1,0
1,1,1,0.9800984,1,0.8782496,0.9338391,1,1,0
1,1,1,0.9685428,1,0.8762721,0.9096085,1,1,0
1,1,1,0.957157,1,0.87543,0.8843887,1,1,0
1,1,1,0.9630874,1,0.8757642,0.8583658,1,1,0
1,1,1,0.9714657,1,0.8770338,0.8320459,1,1,0
1,1,1,0.9824032,0.9975138,0.8792399,0.8056048,1,1,0
1,1,1,0.9961423,0.9817365,0.8824185,0.7791457,1,1,0
1,1,1,1,0.965728,0.8868701,0.752543,1,1,0
1,1,1,1,0.9494899,0.9202833,0.7258186,1,1,0
1,1,1,1,0.9334249,0.9099771,0.6997458,1,1,0
1,1,1,1,0.9170381,0.9189903,0.6906139,1,1,0
1,1,1,1,0.9008821,0.9289792,0.6926782,1,1,0
1,1,1,1,0.8851299,0.9394663,0.6949586,1,1,0
1,1,1,1,0.8697689,0.9504219,0.697436,1,1,0
1,1,1,1,0.8547846,0.9399431,0.7000835,1,1,0
1,1,1,1,0.8399811,0.9209182,0.7032138,1,1,0
1,1,1,1,0.8253109,0.9021095,0.7069581,1,1,0
1,1,1,1,0.8108041,0.8835641,0.7113099,1,1,0
1,1,1,1,0.80551,0.8653213,0.716269,1,1,0
1,1,1,1,0.8275245,0.8474771,0.7217196,1,1,0
1,1,1,1,0.8509623,0.8302131,0.7273683,1,1,0
1,1,1,1,0.8758157,0.8134952,0.7331721,1,1,0
1,1,1,1,0.9021364,0.7972887,0.7391154,0.7942522,1,0
1,1,1,1,0.9558282,0.7784716,0.7773873,0.733903,1,0
1,1,1,1,1,0.7601056,0.7766355,0.678279,1,0
1,1,1,1,1,0.7423515,0.7930078,0.6275183,1,0
1,1,1,1,1,0.7251921,0.8109485,0.581042,1,0
1,1,1,1,1,0.7085966,0.8190266,0.553115,1,0
1,1,1,1,1,0.7394776,0.7947748,0.5576482,1,0
1,1,1,1,1,0.7798491,0.7715284,0.5627751,1,0
1,1,0.9949116,1,1,0.8265398,0.7492245,0.568529,1,0
1,1,0.9360806,1,1,0.8809227,0.7278062,0.5749391,1,0
1,1,0.8839423,1,1,0.9448031,0.7072206,0.582038,1,0
1,1,0.8404678,1,1,1,0.6879587,0.589247,1,0
1,1,0.8186229,1,1,1,0.6699318,0.5964007,1,0
1,1,0.8135967,1,1,1,0.6526943,0.6038198,1,0
1,1,0.8085537,1,1,1,0.6361026,0.6115839,0.7086496,0
1,1,0.8052438,1,1,1,0.6187245,0.6222125,0.614594,0
1,1,0.8022279,1,1,1,0.6130732,0.6641835,0.5344197,0
1,1,0.7995123,1,1,1,0.6449094,0.6549565,0.5000752,0
1,1,0.7971042,1,1,1,0.6809903,0.6687521,0.5041573,0
1,1,0.7950121,1,1,1,0.7220851,0.6837102,0.5087473,0
1,1,0.793245,1,1,1,0.7691212,0.6999094,0.5138544,0
1,1,0.7918139,0.9993097,1,1,0.8232968,0.6826586,0.5194958,0
1,1,0.7907306,0.9316144,1,1,1,0.6565999,0.5256907,0
1,1,0.7900087,0.8716973,1,1,1,0.6318182,0.5324599,0
1,1,0.789663,0.8182085,1,1,1,0.6082242,0.5398268,0
1,1,0.7890611,0.7722179,1,1,1,0.5862328,0.5474927,0
1,1,0.7880918,0.7323622,1,1,1,0.5656857,0.5553973,0
1,1,0.786679,0.6975157,1,1,1,0.5464177,0.5634862,0
1,1,0.7847549,0.6668042,1,1,1,0.5282813,0.5717062,0
1,1,0.7822583,0.6575512,1,1,1,0.5111457,0.6042628,0
1,1,0.7787597,0.6512254,1,1,1,0.4950711,0.595606,0
1,1,0.7752671,0.6449271,0.9136207,1,1,0.5088979,0.6041344,0
1,1,0.7700446,0.6378306,0.8731343,1,1,0.5235134,0.612029,0
1,1,0.7634242,0.6300877,0.8399643,1,1,0.5371505,0.6194065,0
1,1,0.7554723,0.6217264,0.812606,1,1,0.5497164,0.6262422,0
1,1,0.7462707,0.6127833,0.7899715,1,1,0.5611418,0.6325211,1
1,1,0.7359144,0.6033009,0.7712228,1,1,0.5714053,0.630246,1
1,1,0.7247056,0.5934206,0.7551755,1,1,0.5807575,0.6111095,1
1,1,0.713131,0.5833712,0.7402633,1,1,0.5897813,0.5925325,1
1,1,0.7012044,0.5731589,0.7263898,1,1,0.5984579,0.5744623,1
1,1,0.6889434,0.5627912,0.7134637,1,1,0.606774,0.556847,1
1,1,0.6763684,0.5522771,0.7014353,1,1,0.6146971,0.5396362,1
1,1,0.6635028,0.5416272,0.6902215,1,1,0.6222254,0.5227818,1
1,1,0.6503718,0.5308524,0.6797445,1,1,0.6293627,0.5062367,1
1,1,0.6370018,0.5199648,0.6699663,1,1,0.6360928,0.4899563,1
1,1,0.6234208,0.5089771,0.660798,1,1,0.6424415,0.4738978,1
1,1,0.6096562,0.4979014,0.6522084,1,1,0.6484017,0.4580204,1
1,1,0.5957359,0.4867505,0.6441156,1,1,0.6540073,0.4422852,1
1,1,0.5816866,0.4755365,0.6364769,1,1,0.6592695,0.4266564,1
1,1,0.5675347,0.4642716,0.6292527,1,1,0.6642025,0.4111001,1
1,1,0.5533045,0.4529667,0.6223691,1,1,0.6688467,0.410891,1
1,1,0.5387372,0.4414988,0.6167284,1,1,1,0.4142396,2
1,1,0.5202879,0.4281818,0.6250533,1,1,1,0.4152833,2
1,1,0.5021659,0.4203942,0.6344277,1,1,1,0.4162157,2
1,1,0.4844344,0.4219896,0.6446446,1,1,1,0.417083,2
0.9389168,1,0.4671651,0.4236574,0.6553077,1,1,1,0.4179491,2
0.9357136,1,0.4492987,0.4276295,0.6722646,1,1,1,0.4181271,2
0.9327732,1,0.431996,0.4317491,1,1,1,1,0.4183361,2
0.9300512,0.9536923,0.4164691,0.4326501,1,0.9306246,1,1,0.4194841,2
0.9274893,0.9107388,0.4004053,0.435897,1,0.9200985,1,1,0.4200066,2
0.9251511,0.8667156,0.3841064,0.4411741,1,0.9095464,1,1,0.4200625,2
0.9231019,0.8223863,0.3676971,0.4486261,1,0.8990246,1,1,0.4196962,2
0.9213988,0.7784421,0.3512974,0.4583988,1,0.8885881,1,1,0.4189664,2
0.9200934,0.7354679,0.3350163,0.4706567,0.996492,0.878287,1,1,0.4179348,2
0.9192241,0.5295498,0.3189397,0.485607,0.9832813,0.8681619,1,1,0.4166624,2
0.9192041,0.4911351,0.302303,0.5092229,0.9696084,0.8582581,1,1,0.414407,2
0.9197972,0.4555077,0.3071901,0.5367002,0.9564223,0.8486951,1,1,0.4121483,2
0.9210072,0.422362,0.3150365,0.5688426,0.943707,0.8394648,1,0.5580933,0.4098853,2
0.9209774,0.3987404,0.317246,1,0.9327227,0.8299098,1,0.5546445,0.4097055,1
0.9203111,0.3787055,0.3168678,1,0.9223568,0.8201257,1,1,0.4103588,2
0.9218124,0.3518293,0.3240018,1,0.9107393,0.8111156,1,1,0.4087402,2
0.9236953,0.3264593,0.3317917,1,0.8011221,0.8022717,1,1,0.4071292,2
0.9259828,0.3023497,0.3404044,1,0.7901909,0.7935967,1,1,0.4054947,2
0.9285722,0.2795792,0.3495756,0.8985918,0.7795078,1,1,1,0.4038992,2
0.9318933,0.2573319,0.3607836,0.8850565,0.7689946,1,1,0.5158258,0.4020718,1
1,0.2407872,0.3611214,0.8746027,0.7589642,1,1,1,0.4022075,2
1,0.2207219,0.3714238,0.8619494,0.7487336,1,1,1,0.4006863,2
0.8115514,0.2110475,0.3824048,0.8496049,0.7386588,1,1,1,0.3991602,2
0.4290615,0.2150857,0.4007215,0.836576,0.7288124,1,1,1,0.3968355,2
0.3667681,0.2197088,0.4218414,0.8239642,0.7192838,1,1,1,0.3944606,2
0.3124793,0.2248967,0.4459586,0.8117945,0.7100654,1,1,0.4776374,0.3920684,2
0.2677678,0.2297099,1,0.701911,0.7009142,1,1,0.4708564,0.3899844,2
0.2321466,0.2329982,1,0.6913413,0.6914386,1,1,1,0.3884656,2
0.1921591,0.2396146,1,0.6802776,0.6828717,1,1,1,0.3860285,2
0.1806918,0.2469413,1,0.6695674,0.6745909,1,1,0.4511144,0.3835665,2
0.1826982,0.2508614,1,0.6594632,1,1,1,1,0.3818458,2
0.1860894,0.2592615,1,0.6492108,1,1,1,1,0.3793443,2
0.1898496,0.2685085,0.7624249,0.6392854,1,1,1,0.432558,0.3768178,2
0.1924389,0.2733952,0.7510648,0.6294838,1,1,1,1,0.3747906,2
0.1967225,0.2839151,0.7371541,0.6199648,1,1,1,1,0.3722207,2
0.2014129,0.2954729,0.7237472,0.6107506,1,1,1,1,0.3696185,2
0.2065361,0.3081796,0.7108256,0.6018336,1,1,1,1,0.3669745,2
0.2120445,0.3219256,0.6984221,0.5931818,1,1,1,1,0.3642967,2
0.2177184,0.335959,0.5875509,0.5846649,1,1,1,1,0.3615757,2
0.2236115,1,0.5764897,1,1,1,1,1,0.3587915,1
0.2276192,1,0.5666521,1,1,1,1,1,0.3558136,1
0.2316266,1,0.5568573,1,1,1,1,1,0.3528083,1
0.2356317,1,0.5471011,1,1,1,1,1,0.3497748,1
0.2396257,1,0.5373797,1,1,1,1,1,0.3467188,1
0.2436072,1,0.5276895,1,1,1,1,1,0.3436399,1
0.2475676,1,0.5180269,1,1,1,1,1,0.3405439,1
0.2515059,1,0.5083891,1,1,1,1,1,0.3374307,1
0.2554137,1,0.4987731,1,1,1,1,1,0.3343063,1
0.2592905,1,0.4891763,1,1,1,1,1,0.3311709,1
0.2631359,1,0.4795963,1,1,1,1,1,0.3280245,1
0.266942,1,0.4700308,1,1,1,1,1,0.3248735,1
0.2707087,1,0.4604779,1,1,1,1,1,0.3217182,1
0.2744363,1,0.4509355,1,1,1,1,1,0.3185588,1
0.8088071,1,0.441402,1,1,1,1,1,0.3154018,0
0.8023578,1,0.4328383,1,1,1,1,1,0.3121451,0
0.7964585,1,0.4242932,1,1,1,1,1,0.3091896,0
0.7910603,1,0.4157497,1,1,1,1,1,1,2
0.7997234,1,0.4051834,1,1,1,1,1,1,2
0.8084637,1,0.3947788,1,1,1,1,1,1,2
0.8172559,1,0.3845197,1,1,1,1,1,1,2
0.8260687,1,0.3743916,1,1,1,1,1,1,2
0.8348861,0.5411252,0.3643811,1,1,1,1,1,1,2
0.8495877,0.5239076,0.3541306,1,1,1,1,1,1,2
0.864593,0.5076215,0.3441372,1,1,1,1,1,1,2
0.8798216,0.4921722,0.3343684,1,1,1,1,1,1,2
0.8951944,0.3667014,0.3247942,1,1,1,1,1,1,2
0.9122144,0.3531556,1,1,1,1,1,1,1,2
1,0.3403673,1,1,1,1,1,1,1,2
1,0.3283635,1,1,1,1,1,1,1,2
1,0.3166119,1,1,1,1,1,1,1,2
1,0.3051041,1,1,1,1,1,1,1,2
1,0.2938314,1,1,1,1,1,1,1,2
1,0.2827852,1,1,1,1,1,1,1,2
1,0.2719566,1,1,1,1,1,1,1,2
1,0.2613369,1,1,1,1,1,1,1,2
0.4756287,0.2509176,1,1,1,1,1,1,1,2
0.3166259,0.2398917,1,1,1,1,1,1,1,2
0.2986817,0.2292458,1,1,1,1,1,1,1,2
0.281709,0.245768,1,1,1,1,1,1,1,2
0.2656387,0.2845996,1,1,1,1,1,1,1,2
0.2504085,0.3304868,1,1,1,1,1,1,1,2
0.2359616,0.4378823,1,1,1,1,1,1,1,2
0.2222474,0.5093488,1,1,1,1,1,1,1,2
0.2092188,1,1,1,1,1,1,1,1,2
0.1970251,1,1,1,1,1,1,1,0.8565314,2
0.2045107,1,1,1,1,1,1,1,0.8494411,2
0.220632,1,1,1,1,1,1,1,0.8440323,2
0.2372785,1,1,1,1,1,1,1,0.8403139,2
0.2544326,1,1,1,1,1,1,1,0.8379965,2
0.2720633,1,1,1,1,1,1,1,0.8368565,2
0.290161,1,1,1,1,1,1,1,0.8367179,2
0.3087029,1,1,1,1,1,1,1,0.8374406,2
0.3521633,1,1,1,1,1,1,1,0.8389109,2
0.3715375,1,1,1,1,1,1,1,1,2
0.3954108,1,1,1,1,1,1,1,1,2
0.4200749,1,1,1,1,1,1,1,1,2
0.4454648,1,1,1,1,1,1,1,1,2
0.4715344,1,1,1,1,1,1,1,1,2
0.4982168,1,1,1,1,1,1,1,1,2
1,1,1,1,1,1,0.9963886,1,1,1
1,1,1,1,1,1,0.9885408,1,1,1
1,1,1,1,1,1,0.9807854,1,1,1
1,1,1,1,1,1,0.9731196,1,1,1
1,1,1,1,1,1,0.9655412,1,1,1
1,1,1,1,1,1,0.9580483,1,1,1
1,1,1,1,1,1,0.9506456,1,1,1
1,1,1,1,1,1,0.9433316,0.9966464,1,1
1,1,1,1,1,1,0.9361488,0.988644,1,1
1,1,1,1,1,1,0.9291484,0.980579,1,1
1,1,1,1,1,1,0.9223372,0.972466,1,0
1,1,1,1,1,1,0.9157225,0.9643207,1,0
1,1,1,1,1,1,0.9093062,0.9561532,1,0
1,1,1,1,1,1,0.9030975,0.9799773,1,0
1,1,1,1,1,1,0.8967139,1,1,1
1,1,1,1,1,1,0.890196,1,1,0
1,1,1,1,1,1,0.8837816,1,1,0
1,1,1,1,1,1,0.8774704,1,1,0
1,1,1,1,1,1,0.8712626,1,1,0
1,1,1,1,1,1,0.8651645,1,1,0
1,1,1,1,1,1,0.859176,1,1,0
1,1,1,1,1,1,1,1,0.9927505,1
1,1,1,1,1,1,1,1,1,1
1,1,1,1,1,1,1,1,1,1
1,1,1,1,1,1,1,1,1,1
1,1,1,1,1,1,1,1,1,1
1,1,1,1,1,1,1,1,1,1
1,1,1,1,1,1,1,1,1,1
1,1,1,1,1,1,1,1,1,1
1,1,1,1,1,1,1,1,1,1
1,1,1,1,1,1,1,1,1,1
1,1,1,1,1,1,1,1,1,1
1,1,1,1,1,1,1,1,1,1
1,1,1,1,1,1,1,1,1,1
1,1,1,1,1,1,1,1,1,1
1,1,1,1,1,1,1,1,1,1
1,1,1,1,1,1,1,1,1,1
1,1,1,1,1,1,1,1,1,1
1,1,1,1,1,1,1,1,1,1
1,1,1,1,1,1,1,1,1,1
1,1,1,1,1,1,1,1,1,1
1,1,1,1,1,1,1,1,1,1
1,1,1,1,1,1,1,1,1,1
1,1,1,1,1,1,1,1,1,1
1,1,1,1,1,1,1,1,1,1
1,1,1,1,1,1,1,1,1,1
1,1,1,1,1,1,1,1,1,1
1,1,1,1,1,1,1,1,1,1
1,1,1,1,1,1,1,1,1,1
1,1,1,1,1,1,1,1,1,1
1,1,1,1,1,1,1,1,1,1
1,1,1,1,1,1,1,1,1,1
1,1,1,1,1,1,1,1,1,1
1,1,1,1,1,1,1,1,1,1
1,1,1,1,1,1,1,1,1,1
1,1,1,1,1,1,1,1,1,1
1,1,1,1,1,1,1,1,1,1
1,1,1,1,1,1,1,1,1,1
1,1,1,1,1,1,1,1,1,1
1,1,1,1,1,1,1,1,1,1
1,1,1,1,1,1,1,1,1,1
1,1,1,1,1,1,1,1,1,1
1,1,1,1,1,1,1,1,1,1
1,1,1,1,1,1,1,1,1,1
1,1,1,1,1,1,1,1,1,1
1,1,1,1,1,1,1,1,1,1
1,1,1,1,1,1,1,1,1,1
1,1,1,1,1,1,1,1,1,1
1,1,1,1,1,1,1,1,1,1
1,1,1,1,1,1,1,1,1,1
1,1,1,1,1,1,1,1,1,1
1,1,1,1,1,1,1,1,1,1
1,1,1,0.9983298,1,1,1,1,1,1
1,1,1,0.9881731,1,1,1,1,1,1
1,1,1,0.9780036,1,1,1,1,1,1
1,1,1,0.9678218,1,1,1,1,1,1
1,1,1,0.9576281,1,1,1,1,1,1
1,1,1,0.947423,1,1,1,1,1,1
1,1,1,0.937207,1,1,1,1,1,1
1,1,1,0.9269807,1,1,1,1,1,1
1,1,1,0.9167446,1,1,1,1,1,1
1,1,1,0.9064993,1,1,1,1,1,1
1,1,0.9729882,0.8962453,1,1,1,1,1,1
1,1,0.9614305,0.8859109,1,1,1,1,1,1
1,1,0.9497698,0.8755419,1,1,1,1,1,1
1,1,0.9380121,0.8651411,1,1,1,1,1,1
1,1,0.9261651,0.8547117,1,1,1,1,1,1
1,1,0.9142357,0.8442567,1,1,1,1,1,1
1,1,0.9022319,0.8337796,1,1,1,1,1,1
1,1,0.8901621,0.8474479,1,1,1,1,1,1
1,1,0.8780963,0.864395,1,1,1,1,1,1
1,1,0.8660446,0.8825642,1,1,1,1,1,1
1,1,0.8540104,0.9020079,1,1,1,1,1,1
1,1,0.841998,0.9227834,1,1,1,1,1,1
1,1,0.8300102,0.9449533,1,1,1,1,1,1
1,1,0.8180505,0.968585,1,1,1,1,1,1
1,1,0.8061212,0.9937515,1,1,1,1,1,1
1,1,0.7942249,1,1,1,1,1,1,1
1,1,0.782327,1,1,1,1,1,1,1
1,1,0.7704203,1,1,1,1,1,1,1
1,1,0.7585098,1,1,1,1,1,1,1
1,1,0.7466003,1,1,1,1,1,1,1
1,1,0.7346965,1,1,1,1,1,1,1
1,1,0.7228032,1,1,1,1,1,1,2
1,1,0.7109246,1,1,1,1,1,1,2
1,1,0.6990651,1,1,1,1,1,1,2
1,1,0.6872289,1,1,1,1,1,1,2
1,1,0.67542,1,1,1,1,1,1,2
1,1,0.6636418,1,1,1,1,1,1,2
1,1,0.6518978,1,1,1,1,1,1,2
1,1,0.6401914,1,1,1,1,1,1,2
1,1,0.6285257,1,1,1,1,1,1,2
1,1,0.6169034,1,1,1,1,1,1,2
1,1,0.6053271,1,1,1,1,1,1,2
1,1,0.5937993,1,1,1,1,1,1,2
1,1,0.5823219,1,1,1,1,1,1,2
1,1,0.5708965,1,1,1,1,1,1,2
1,1,0.559525,1,1,1,1,1,1,2
1,1,0.5482084,1,1,1,1,1,1,2
1,1,0.5383477,1,1,1,1,1,1,2
1,1,0.5537776,1,1,1,1,1,1,2
1,0.6563662,0.5694534,1,0.997739,1,1,1,1,2
1,0.6353221,0.605882,1,0.990101,1,1,1,1,2
1,0.6151022,0.6463304,0.966154,0.9826043,1,1,1,1,2
1,0.5956727,0.6911739,0.9565567,1,1,1,1,1,2
1,0.576907,0.74149,0.9471564,1,1,1,1,1,2
1,0.5588372,1,0.9379333,1,1,1,1,1,2
1,0.5421343,1,0.9287616,1,1,1,1,1,2
1,0.5257241,1,0.9197307,1,1,1,1,1,2
1,0.5096185,1,0.9108429,1,1,1,1,1,2
1,0.4938266,1,0.9020985,1,1,1,1,1,2
1,0.4783534,1,0.8934967,1,1,1,1,1,2
1,0.4632029,1,0.8850356,1,1,1,1,1,2
1,0.4483756,1,0.8767121,1,1,1,1,1,2
1,0.4338701,1,0.868522,1,1,1,1,1,2
1,0.4196832,1,0.8604604,1,1,1,1,1,2
1,0.4058094,1,0.8525206,1,1,1,1,1,2
1,0.400988,1,0.8446959,1,1,1,1,1,2
0.5657793,0.4163642,1,1,1,1,1,1,1,2
0.5345016,0.4406201,0.814046,1,1,1,1,1,1,2
0.505275,0.4674977,0.8041273,1,1,1,1,1,1,2
0.4779146,0.4973498,0.794659,1,1,1,1,1,1,2
0.4522564,0.5306145,0.7856321,1,1,1,1,1,1,2
0.4281557,0.5678205,0.7770385,1,1,1,1,1,1,2
0.4054838,1,0.7688711,1,1,1,1,1,1,2
0.3853863,1,0.7609332,1,1,1,1,1,1,2
0.3662168,1,0.7533098,1,1,1,1,1,1,2
0.3509081,1,0.7459969,1,1,1,1,1,1,2
0.3653407,1,0.7389782,1,1,1,1,1,1,2
0.3802448,1,1,1,1,1,1,1,1,2
0.3963095,1,1,1,1,1,1,1,1,2
0.4129865,1,1,1,1,1,1,1,1,2
0.4302476,1,1,1,1,1,1,1,1,2
0.4480704,1,1,1,1,1,1,1,1,2
0.4664286,1,1,1,1,1,1,1,1,2
0.485282,1,1,1,1,1,1,1,1,2
0.5046071,0.6812235,1,1,1,1,1,1,1,2
0.5262762,0.6715755,1,1,1,1,1,1,1,2
1,0.6623098,1,1,1,1,1,1,1,1
1,0.6543995,1,1,1,1,1,1,1,1
1,0.6465116,1,1,1,1,1,1,1,1
1,0.6386465,1,1,1,1,1,1,1,1
1,0.6308048,1,1,1,1,1,1,1,1
1,0.6229863,1,1,1,1,1,1,1,1
1,0.6151913,1,1,1,1,1,1,1,1
1,0.6074206,1,1,1,1,1,1,1,1
1,0.5996741,1,1,1,1,1,1,1,1
1,0.591952,1,1,1,1,1,1,1,1
1,0.5842542,1,1,1,1,1,1,1,1
1,0.5765809,1,1,1,1,1,1,1,1
1,0.5689319,1,1,1,1,1,1,1,1
1,0.5613078,1,1,1,1,1,1,1,1
1,0.5537084,1,1,1,1,1,1,1,1
1,0.5461336,1,1,1,1,1,1,1,1
1,0.5385832,1,1,1,1,1,1,1,1
1,0.5911204,1,1,1,1,1,1,1,1
1,0.6585411,1,1,1,1,1,1,1,1
1,1,1,1,1,1,1,1,1,1
1,1,1,1,1,1,1,1,1,1
1,1,1,1,1,1,1,1,1,1
1,1,1,1,1,1,1,1,1,1
0.5685602,1,1,1,1,1,1,1,1,2
0.5568129,1,1,0.9817845,1,1,1,1,1,2
0.5454267,1,1,0.9604421,1,1,1,1,1,2
0.5344099,1,1,0.9576308,1,1,1,1,1,2
0.5236151,1,1,0.9549415,1,1,1,1,1,2
0.5130411,1,1,0.9523686,1,1,1,1,1,2
0.5026858,1,1,0.9499062,1,1,1,1,1,2
0.4925462,1,1,0.9475476,1,1,1,1,1,2
0.4826197,1,1,0.9452874,1,1,1,1,1,2
0.4729022,1,1,0.9431182,1,1,1,1,1,2
0.4633908,1,1,0.9410341,1,1,1,1,1,2
0.454081,1,1,0.9390281,1,1,1,1,1,2
0.4611249,1,1,0.9370933,1,1,1,1,1,2
0.4869576,1,1,0.9349912,1,1,1,1,1,2
0.5130529,1,1,0.9324453,1,1,1,1,1,2
0.5393142,1,1,0.9294398,1,1,1,1,1,2
0.5656384,1,0.995122,0.9259607,1,1,1,1,1,2
0.5917675,1,0.9667455,0.9219235,1,1,1,1,1,1
1,1,0.9411712,0.9169609,1,1,1,1,1,1
1,1,0.9300224,0.9058955,1,1,1,1,1,1
1,1,0.919718,0.8944799,1,1,1,1,1,0
1,1,0.9102383,0.8827428,1,1,1,1,1,0
1,1,0.9015533,0.8707148,1,1,1,1,1,0
1,1,0.8936356,0.8584263,1,1,1,1,1,0
1,1,0.886475,0.8459086,1,1,1,1,1,0
1,1,0.8800638,0.8331933,0.9900843,1,1,1,1,0
1,1,0.8749989,0.8200966,0.9722253,1,1,1,1,0
1,1,0.8717804,0.8065075,0.9535942,1,1,1,1,0
1,1,0.8704937,0.7924861,0.9343005,1,1,1,1,0
1,1,0.8712079,0.7780973,0.9144608,1,1,1,1,0
1,1,0.8740402,0.7634094,0.8941957,1,1,1,1,0
1,1,0.8790947,0.7484923,0.8736265,1,1,1,1,0
1,1,0.8865307,0.7334162,0.852873,1,1,1,1,0
1,1,0.8965184,0.718249,0.832049,1,1,1,1,0
1,1,0.9092407,0.7030546,0.8112602,1,1,1,1,0
1,1,0.924937,0.6878928,0.790603,1,1,1,1,0
1,1,0.9438931,0.672817,0.7701627,1,1,0.9705865,1,0
1,1,0.9704533,0.6573633,0.7491769,1,1,0.9633447,1,0
1,1,1,0.6420263,0.7284562,1,1,0.9564662,1,0
1,1,1,0.6268536,0.7080727,0.8428946,1,0.9499786,1,0
1,1,1,0.610653,0.6860729,0.810857,1,0.9440054,1,0
1,1,1,0.5949382,0.6649309,0.7804644,1,1,1,0
1,1,1,0.5796796,0.6445875,0.7515797,1,1,1,0
1,1,1,0.5732614,0.6249886,0.7240811,1,1,1,0
1,1,1,0.5865503,0.606084,0.6978582,1,1,1,0
1,1,1,0.6018938,0.5878286,0.6728128,1,1,1,0
1,1,1,0.619625,0.5701805,0.648856,1,1,1,0
1,1,1,0.6401564,0.5531012,0.6259078,1,1,1,0
1,1,1,0.6640244,0.5365551,0.6038948,1,1,1,0
1,1,1,0.6918901,0.5205092,0.5827513,0.7617146,1,1,0
1,1,1,0.7246281,0.5049328,0.5624164,0.7270118,1,1,0
1,1,1,0.7633629,0.4897975,0.5428351,0.6942635,1,0.9013681,0
1,1,1,0.8095997,0.4847115,0.5239566,0.6632956,1,0.8939525,0
1,1,1,1,0.4984949,0.505735,0.6339547,1,0.8871692,0
1,1,1,1,0.5144637,0.4881278,0.606104,1,0.8810107,0
1,1,1,1,0.532989,0.4710955,0.5796207,1,1,0
1,1,1,1,0.5545342,0.4546022,0.554396,1,1,0
1,1,1,1,0.5797051,0.4386144,0.5303314,1,1,0
1,1,1,1,0.6092581,0.4231012,0.5073388,1,1,0
1,1,1,1,0.6441576,0.4080338,0.4853383,1,1,0
1,1,1,1,0.6857584,0.415433,0.4642574,1,1,0
1,1,1,1,0.7358214,0.4295955,0.4440307,1,1,0
1,1,1,1,1,0.4459284,0.4245981,1,1,0
1,1,1,1,1,0.4648121,0.4059056,1,1,0
1,1,1,1,1,0.4867017,0.3879028,0.6334047,1,0
1,1,1,1,1,0.5121702,0.3705444,0.5925351,1,0
1,1,1,1,1,0.5419492,0.3537888,0.5545766,1,0
1,1,1,1,1,0.5769878,0.3375973,0.5192183,1,0
1,1,1,1,1,0.6185395,0.3219341,0.4861916,1,0
1,1,1,1,1,0.6682937,0.3310999,0.4552647,1,0
1,1,1,1,1,1,0.3432945,0.4262343,1,0
1,1,1,1,1,1,0.3571435,0.3989236,1,0
1,1,1,1,1,1,0.3728625,0.373176,1,0
1,1,1,1,1,1,0.3907262,0.3488536,1,0
1,1,1,1,1,1,0.4110675,0.3258348,1,0
1,1,1,1,1,1,0.4343105,0.3040102,1,0
1,1,1,1,1,1,0.460944,0.2832833,0.5932474,0
1,1,1,1,1,1,0.4915987,0.2635673,0.5323466,0
1,1,1,1,1,1,0.5270742,0.2447841,0.4780997,0
1,1,1,1,1,1,0.5683987,0.2466254,0.4294745,0
1,1,1,1,1,1,1,0.2550973,0.3856405,0
1,1,1,1,1,1,1,0.2644351,0.3459252,0
1,1,1,1,1,1,1,0.2747158,0.3097745,0
1,1,1,1,1,1,1,0.2860168,0.2767309,0
1,1,1,1,1,1,1,0.298437,0.2464115,0
1,1,1,1,1,1,1,0.3120999,0.218494,0
1,1,1,1,1,1,1,0.3271249,0.2114767,0
1,1,1,1,1,1,1,0.3436499,0.2179128,0
1,1,1,1,1,1,1,0.3618582,0.2248646,0
0.6240501,1,1,1,1,1,1,0.3819383,0.2323547,0
0.5908511,1,1,1,1,1,1,0.4041239,0.2404154,0
0.5694975,1,1,1,1,1,1,0.4283534,0.2490045,0
0.5625504,1,1,1,1,1,1,0.4528992,0.2576831,0
0.5625557,1,1,1,1,1,1,0.4780636,0.2665125,0
0.5664844,1,1,1,1,1,1,1,0.2755238,0
0.5992767,1,1,1,1,1,1,1,0.2824801,0
0.6268047,1,1,1,1,1,1,1,0.2898509,0
0.649922,1,1,1,1,1,1,1,0.2976048,0
1,1,1,1,1,1,1,1,0.3057228,0
1,1,1,1,1,1,1,1,0.3181016,0
0.6301519,1,1,1,1,1,1,1,0.3313449,0
1,1,1,1,1,1,1,1,0.339918,0
1,1,1,1,1,1,1,1,0.3540311,0
0.6277806,1,1,1,1,1,1,1,0.368784,1
1,1,1,1,1,1,1,1,0.3778017,0
1,1,1,1,1,0.9857003,1,1,0.3933383,0
1,1,1,1,1,0.9838308,1,1,0.4093658,0
1,1,1,1,1,0.9819466,1,1,1,1
1,1,1,1,1,0.9727584,1,1,1,1
1,1,1,1,1,0.9634978,1,1,1,1
1,1,1,1,1,0.9541659,1,1,1,1
1,1,1,1,1,0.9447638,1,1,1,1
1,1,1,1,1,0.9352933,1,1,1,1
1,1,1,1,1,0.9257553,1,1,1,1
1,1,1,1,1,0.9161515,1,1,1,1
1,1,1,1,1,0.9064844,1,1,1,1
1,1,1,1,1,0.8967557,1,1,1,1
1,1,1,1,1,0.8869674,1,1,1,1
1,1,1,1,1,0.8771224,1,1,1,1
1,1,1,1,1,0.867223,1,1,1,1
1,1,1,1,1,0.8572712,1,1,1,1
1,1,1,1,1,0.8472705,1,1,1,1
1,1,1,1,1,0.8372236,1,1,1,1
1,1,1,1,1,0.8271332,1,1,1,1
1,1,1,1,1,0.8170022,1,1,1,1
1,1,1,1,1,0.806834,1,1,1,1
1,1,1,1,1,0.7966312,1,1,1,1
1,1,1,1,1,0.7863973,1,1,1,1
1,1,1,1,1,0.7761352,1,1,1,1
1,1,1,1,1,0.7658483,1,1,1,1
1,1,1,1,1,0.7555391,1,1,1,1
1,1,1,1,1,0.7452111,1,1,1,1
1,1,1,1,1,0.7348672,1,1,1,1
1,1,1,1,1,0.7245099,1,1,1,2
1,1,1,1,1,0.7141426,1,1,1,2
1,1,1,1,1,0.7037677,1,1,1,2
1,1,1,1,1,0.6933881,1,1,1,2
1,1,1,1,1,0.6830062,1,1,1,2
1,1,1,1,1,0.6726245,1,1,1,2
1,1,1,1,1,0.6622454,1,1,1,2
1,1,1,1,1,0.6518707,1,1,1,2
1,1,1,1,1,0.6415029,1,1,1,2
1,1,1,1,1,0.6311436,1,1,1,2
1,1,1,1,1,0.6207946,1,1,1,2
1,1,1,1,1,0.6104577,1,1,1,2
1,1,1,1,1,0.600134,1,1,1,2
1,1,1,1,1,0.5898253,1,1,1,2
1,1,1,1,1,0.5795324,1,1,1,2
1,1,1,1,1,0.5692567,1,1,1,2
1,1,1,1,1,0.5589988,1,1,1,2
1,1,1,1,0.5882827,0.5487598,1,1,1,2
1,1,1,1,0.5744696,0.5372998,1,1,1,2
1,1,1,1,0.5608839,0.525968,1,1,1,2
1,1,1,1,0.5475224,0.514762,1,1,1,2
1,1,0.9921848,1,0.5343808,0.5036784,1,1,1,2
1,1,0.9640694,1,0.5213977,0.497697,1,1,1,2
1,1,0.9361852,1,0.5084543,0.5112538,1,1,1,2
1,1,0.922183,1,0.4956152,0.5284641,1,1,1,2
1,1,0.9297844,1,0.482978,0.5487884,1,1,1,2
1,1,0.9372213,1,0.4706481,0.5706661,1,1,1,2
1,1,0.9444669,1,0.458589,1,1,1,1,2
1,1,0.9487749,1,0.4471789,1,1,1,1,2
1,1,0.9531839,1,0.4358707,1,1,1,1,2
1,1,0.9576833,0.4566981,0.4246593,1,1,1,1,2
1,1,0.9738111,0.4415812,0.4121965,1,1,1,1,2
1,1,0.9591292,0.427026,0.4000647,1,1,1,1,2
1,1,0.9452451,0.4128136,0.3881397,1,1,1,1,2
1,1,0.9628425,0.3989404,0.376418,1,1,1,1,2
1,1,0.9805667,0.3855262,0.3649581,1,1,1,1,2
1,1,0.9983262,0.3725176,0.3537254,1,1,1,1,2
1,1,1,0.3598652,0.3704912,1,1,1,1,2
1,1,1,0.3475037,0.3911254,1,1,1,1,2
1,0.9378835,1,0.3353968,0.4145903,1,1,1,1,2
1,0.8961571,1,0.3232761,1,1,1,1,1,2
1,0.8600969,0.3522083,0.3115865,1,1,1,1,1,2
1,0.815086,0.3360327,0.2992648,1,1,1,1,1,2
1,0.7731209,0.3203851,0.2872021,1,1,1,1,1,2
1,0.7715914,0.3052321,0.2753827,1,1,1,1,1,2
1,0.783187,0.2905436,0.2706024,1,1,1,1,1,2
1,0.7957743,0.2762917,0.2973086,1,1,1,1,1,2
1,0.8094142,0.2624501,0.331502,1,1,1,1,1,2
1,0.8241825,0.2489945,1,1,1,1,1,1,2
1,0.8392649,0.236158,1,1,1,1,1,1,2
1,0.8087718,0.2236865,1,1,1,1,1,1,2
1,0.8127009,0.2114267,1,1,1,1,1,1,2
1,0.264901,0.1994596,1,1,1,1,1,1,2
1,0.2457738,0.1948368,1,1,1,1,1,1,2
1,0.2275383,0.2120141,1,1,1,1,1,1,2
0.8061898,0.2101274,0.2324664,1,1,1,1,1,1,2
0.746129,0.1934815,0.2569461,1,1,1,1,1,1,2
0.7038353,0.1775457,1,1,1,1,1,1,1,2
0.713664,0.1622705,1,1,1,1,1,1,1,2
0.7242526,0.1476111,1,1,1,1,1,1,1,2
0.2201234,0.1335259,1,1,1,1,1,1,1,2
0.1936037,0.1403202,1,1,1,1,1,1,1,2
0.1690744,0.1502229,1,1,1,1,1,1,1,2
0.1463205,0.1612265,1,1,1,1,1,1,1,2
0.1251571,0.1734709,1,1,1,1,1,1,1,2
0.1128387,0.1870941,1,1,1,1,1,1,1,2
0.1192385,0.2022712,1,1,1,1,1,1,1,2
0.1261438,1,1,1,1,1,1,1,1,2
0.1335799,1,1,1,1,1,1,1,1,2
0.1415833,1,1,1,1,1,1,1,1,2
0.1501943,1,1,1,1,1,1,1,1,2
0.1594577,1,1,1,1,1,1,1,1,2
0.1694143,1,1,1,1,1,1,1,1,2
0.9756929,1,1,1,1,1,1,1,1,1
0.983575,1,1,1,1,1,1,1,1,1
0.9912356,1,1,1,1,1,1,1,1,1
0.9986842,1,1,1,1,1,1,1,1,1
1,1,1,1,1,1,1,1,1,1
1,1,1,1,1,1,1,1,1,1
1,1,1,1,1,1,1,1,1,1
1,1,1,1,1,1,1,1,1,1
1,1,1,1,1,1,1,1,1,1
1,1,1,1,1,1,1,1,1,1
1,1,1,1,1,1,1,1,1,1
1,1,1,1,1,1,1,1,1,1
1,1,1,1,1,1,1,1,1,1
1,1,1,1,1,1,1,1,1,1
1,1,1,1,1,1,1,1,1,1
1,1,1,1,1,1,1,1,1,1
1,1,1,1,1,1,1,1,1,1
1,1,1,1,1,1,1,1,1,1
1,1,1,1,1,1,1,1,1,1
1,1,1,1,1,1,1,1,1,1
1,1,1,1,1,1,1,1,1,1
1,1,1,1,1,1,1,1,1,1
1,1,1,1,1,1,1,1,1,1
1,1,1,1,1,1,1,1,1,1
1,1,1,1,1,1,1,1,1,1
1,1,1,1,1,1,1,1,1,1
1,1,1,1,1,1,1,1,1,1
1,1,1,1,1,1,1,1,1,1
1,1,1,1,1,1,1,1,1,1
1,1,1,1,1,1,1,1,1,1
1,1,1,1,1,1,1,1,1,1
1,1,1,1,1,1,1,1,1,1
1,1,1,1,1,1,1,1,1,1
1,1,1,1,1,1,1,1,1,1
1,1,1,1,1,1,1,1,1,1
1,1,1,1,1,1,1,1,1,1
1,1,1,1,1,1,1,1,1,1
1,1,1,1,1,1,1,1,1,1
1,1,1,1,1,1,1,1,1,1
1,1,1,1,1,1,1,1,1,1
1,1,1,1,1,1,1,1,1,1
1,1,1,1,1,1,1,1,1,1
1,1,1,1,1,1,1,1,1,1
1,1,1,1,1,1,1,1,1,1
1,1,1,1,1,1,1,1,1,1
1,1,1,1,1,1,1,1,1,1
1,1,1,1,1,1,1,1,1,1
1,1,1,1,1,1,1,1,1,1
1,1,1,1,1,1,1,1,1,1
1,1,1,1,1,1,1,1,1,1
1,1,1,1,1,1,1,1,1,1
1,1,1,1,1,1,1,1,1,1
1,1,1,1,1,1,1,1,1,1
1,1,1,1,1,1,1,1,1,1
1,1,1,1,1,1,1,1,1,1
1,1,1,1,1,1,1,1,1,1
1,1,1,1,1,1,1,1,1,1
1,1,1,1,1,1,1,1,1,1
1,1,1,1,1,1,1,1,1,1
1,1,1,1,1,1,1,1,1,1
1,1,1,1,1,1,1,1,1,1
1,1,1,1,1,1,1,1,1,1
1,1,1,1,1,1,1,1,1,1
1,1,1,1,1,1,1,1,1,1
1,1,1,1,1,1,1,1,1,1
1,1,1,1,1,1,1,1,1,1
1,1,1,1,1,1,1,1,1,1
1,1,1,1,1,1,1,1,1,1
1,1,1,1,1,1,1,1,1,1
1,1,1,1,1,1,1,1,1,1
1,1,1,1,1,1,1,1,1,1
1,1,1,1,1,1,1,1,1,1
1,1,1,1,1,1,1,1,1,1
1,1,1,1,1,1,1,1,1,1
1,1,1,1,1,1,1,1,1,1
1,1,1,1,1,1,1,1,1,1
1,1,1,1,1,1,1,1,1,1
1,1,1,1,1,1,1,1,1,1
1,1,1,1,1,1,1,1,1,1
1,1,1,1,1,1,1,1,1,1
1,1,1,1,1,1,1,1,1,1
1,1,1,1,1,1,1,1,1,1
1,1,1,1,1,1,1,1,1,1
1,1,1,1,1,1,1,1,1,1
1,1,1,1,1,1,1,1,1,1
1,1,1,1,1,1,1,1,1,1
1,1,1,1,1,1,1,1,1,1
1,1,1,1,1,1,1,1,1,1
1,1,1,1,1,1,1,1,1,1
1,1,1,1,1,1,1,1,1,1
1,1,1,1,1,1,1,1,1,1
1,1,1,1,1,1,1,1,1,1
1,1,1,1,1,1,1,1,1,1
1,1,1,1,1,1,1,1,1,1
1,1,1,1,1,1,1,1,1,1
1,1,1,1,1,1,1,1,1,1
1,1,1,1,1,1,1,1,1,1
1,1,1,1,1,1,1,1,1,1
1,1,1,1,1,1,1,1,1,1
1,1,1,1,1,1,1,1,1,1
1,1,1,1,1,1,1,1,1,1
1,1,1,1,1,1,1,1,1,1
1,1,1,1,1,1,1,1,1,1
1,1,1,1,1,1,1,1,1,1
1,1,1,1,1,1,1,1,1,1
1,1,1,1,1,1,1,1,1,1
1,1,1,1,1,1,1,1,1,1
1,1,1,1,1,1,1,1,1,1
1,1,1,1,1,1,1,1,1,1
1,1,1,1,1,1,1,1,1,1
1,1,1,1,1,1,1,1,1,1
1,1,1,1,1,1,1,1,1,1
1,1,1,1,1,1,1,1,1,1
1,1,1,1,1,1,1,1,1,1
1,1,1,1,1,1,1,1,1,1
1,1,1,1,1,1,1,1,1,1
1,1,1,1,1,1,1,1,1,1
1,1,1,1,1,1,1,1,1,1
1,1,1,1,1,1,1,1,1,1
1,1,1,1,1,1,1,1,1,1
1,1,1,1,1,1,1,1,1,1
1,1,1,1,1,1,1,1,1,1
1,1,1,1,1,1,1,1,1,1
1,1,1,1,1,1,1,1,1,1
1,1,1,1,1,1,1,1,1,1
1,1,1,1,1,1,1,1,1,1
1,1,1,1,1,1,1,1,1,1
1,1,1,1,1,1,1,1,1,1
1,1,1,1,1,1,1,1,1,1
1,1,1,1,1,1,1,1,1,1
1,1,1,1,1,1,1,1,1,1
1,1,1,1,1,1,1,1,1,1
1,1,1,1,1,1,1,1,1,1
1,1,1,1,1,1,1,1,1,1
1,1,1,1,1,1,1,1,1,1
1,1,1,1,1,1,1,1,1,1
1,1,1,1,1,1,1,1,1,1
1,1,1,1,1,1,1,1,1,1
1,1,1,1,1,1,1,1,1,1
1,1,1,1,1,1,1,1,1,1
1,1,1,1,1,1,1,1,1,1
1,1,1,1,1,1,1,1,1,1
1,1,1,1,1,1,1,1,1,1
1,1,1,1,1,1,1,1,1,1
1,1,1,1,1,1,1,1,1,1
1,1,1,1,1,1,1,1,1,1
1,1,1,1,1,1,1,1,1,1
1,1,1,1,1,1,1,1,1,1
1,1,1,1,1,1,1,1,1,1
1,1,1,1,1,1,1,1,1,1
1,1,1,1,1,1,1,1,1,1
1,1,1,1,1,1,1,1,1,1
1,1,1,1,1,1,1,1,0.9688358,1
1,1,1,1,1,1,1,1,0.9258431,1
1,1,1,1,1,1,1,1,0.8776172,0
1,1,1,1,1,1,1,1,0.8246306,0
1,1,1,1,1,1,1,1,0.8233076,0
1,1,1,1,1,1,1,1,0.8252465,0
1,1,1,1,1,1,1,1,0.8272886,0
1,1,1,1,1,1,1,1,0.829426,0
1,1,1,1,1,1,1,1,0.8316565,0
1,1,1,1,1,1,1,1,0.8339781,0
1,1,1,1,1,1,1,1,0.8363887,0
1,1,1,1,1,1,1,1,0.8388861,0
1,1,1,1,1,1,1,1,0.841462,0
1,1,1,1,1,1,1,1,0.8441204,0
1,1,1,1,1,1,1,1,0.8468527,0
1,1,1,1,1,1,1,1,0.8496501,0
1,1,1,1,1,1,1,1,0.8525168,0
1,1,1,1,1,1,1,1,0.8554508,0
1,1,1,1,1,1,1,1,0.858443,0
1,1,1,1,1,1,1,1,0.8614912,0
1,1,1,1,1,1,1,1,0.8645933,0
1,1,1,1,1,1,1,1,1,1
1,1,1,1,1,1,1,1,1,1
1,1,1,1,1,1,1,1,1,1
1,1,1,1,1,1,1,1,1,1
1,1,1,1,1,1,1,1,1,1
1,1,1,1,1,1,1,1,1,1
1,1,1,1,1,1,1,1,1,1
1,1,1,1,1,1,1,1,1,1
1,1,1,1,1,1,1,1,1,1
1,1,1,1,1,1,1,1,1,1
1,1,1,1,1,1,1,1,1,1
1,1,1,1,1,1,1,1,1,1
1,1,1,1,1,1,1,1,1,1
1,1,1,1,1,1,1,1,1,1
1,1,1,1,1,1,1,1,1,1
1,1,1,1,1,1,1,1,1,1
1,1,1,1,1,1,1,1,1,1
1,1,1,1,1,1,1,1,1,1
1,1,1,1,1,1,1,1,1,1
1,1,1,1,1,1,1,1,1,1
1,1,1,1,1,1,1,1,1,1
1,1,1,1,1,1,1,1,1,1
1,1,1,1,1,1,1,1,1,1
1,1,1,1,1,1,1,1,1,1
1,1,1,1,1,1,1,1,1,1
1,1,1,1,1,1,1,1,1,1
1,1,1,1,1,1,1,1,1,1
1,1,1,1,1,1,1,1,1,1
1,1,1,1,1,1,1,1,1,1
1,1,1,1,1,1,1,1,1,1
1,1,1,1,1,1,1,1,1,1
1,1,1,1,1,1,1,1,1,1
1,1,1,1,1,1,1,1,1,1
1,1,1,1,1,1,1,1,1,1
1,1,1,1,1,1,1,1,1,1
1,1,1,1,1,1,1,1,1,1
1,1,1,1,1,1,1,1,1,1
1,1,1,1,1,1,1,1,1,1
1,1,1,1,1,1,1,1,1,1
1,1,1,1,1,1,1,1,1,1
1,1,1,1,1,1,1,1,1,1
1,1,1,1,1,1,1,1,1,1
1,1,1,1,1,1,1,1,1,1
1,1,1,1,1,1,1,1,1,1
1,1,1,1,1,1,1,1,1,1
1,1,1,1,1,1,1,1,1,1
1,1,1,1,1,1,1,1,1,1
1,1,1,1,1,1,1,1,1,1
1,0.8614874,1,1,1,1,1,1,1,2
1,0.8369787,1,1,1,1,1,1,1,2
1,0.8118069,1,1,1,1,1,1,1,2
1,0.7860762,1,1,1,1,1,1,1,2
1,0.7599003,1,1,1,1,1,1,1,2
1,0.7334006,1,1,1,1,1,1,1,2
1,0.7067007,1,1,1,1,1,1,1,2
1,0.6799266,1,1,1,1,1,1,1,2
0.9399095,0.6543736,1,1,1,1,1,1,1,2
0.8911921,0.6607882,1,1,1,1,1,1,1,2
0.8940892,0.668538,1,1,1,1,1,1,1,2
0.8972686,0.6765574,1,1,1,1,1,1,1,2
0.9007026,0.6848186,1,1,1,1,1,1,1,2
0.9043642,0.6932932,1,1,1,1,1,1,1,2
1,0.7019605,1,1,1,1,1,1,1,2
1,0.7083601,1,1,1,1,1,1,1,2
1,0.7148733,1,1,1,1,1,1,1,2
1,1,1,1,1,1,1,1,1,1
1,1,1,1,1,1,1,1,1,1
1,1,1,1,1,1,1,1,1,1
1,1,1,1,1,1,1,1,1,1
1,1,1,1,1,1,1,1,1,1
1,1,1,1,1,1,1,1,1,1
1,1,1,1,1,1,1,1,1,1
0.736582,1,1,1,1,1,1,1,1,2
0.6827612,1,1,1,1,1,1,1,1,2
0.628513,1,1,1,1,1,1,1,1,2
0.5748631,1,1,1,1,1,1,1,1,2
0.5726573,1,1,1,1,1,1,1,1,2
0.5778396,1,1,1,1,1,1,1,1,2
0.5833564,1,1,1,1,1,1,1,1,2
0.5891969,1,1,1,1,1,1,1,1,2
0.5953497,1,1,1,1,1,1,1,1,2
0.60181,1,1,1,1,1,1,1,1,2
0.6085654,1,1,1,1,1,1,1,1,2
0.6156035,1,1,1,1,1,1,1,1,2
0.6229178,1,1,1,1,1,1,1,1,2
1,1,1,1,1,1,1,1,1,1
1,1,1,1,1,1,1,1,1,1
1,1,1,1,1,1,1,1,1,1
1,1,1,1,1,1,1,1,1,1
1,1,1,1,1,1,1,1,1,1
1,1,1,1,1,1,1,1,1,1
1,1,1,1,1,1,1,1,1,1
1,1,1,1,1,1,1,1,1,1
1,1,1,1,1,1,1,1,1,1
1,1,1,1,1,1,1,1,1,1
1,1,1,1,1,1,1,1,1,1
1,1,1,1,1,1,1,1,1,1
1,1,1,1,1,1,1,1,1,1
1,1,1,1,1,1,1,1,1,1
1,1,1,1,1,1,1,1,1,1
1,1,1,1,1,1,1,1,1,1
1,1,1,1,1,1,1,1,1,1
1,1,1,1,1,1,1,1,1,1
1,1,1,1,1,1,1,1,1,1
1,1,1,1,1,1,1,1,1,1
1,1,1,1,1,1,1,1,1,1
1,1,1,1,1,1,1,1,1,1
1,1,1,1,1,1,1,1,1,1
1,1,1,1,1,1,1,1,1,1
1,1,1,1,1,1,1,1,1,1
1,1,1,1,1,1,1,1,1,1
1,1,1,1,1,1,1,1,1,1
1,1,1,1,1,1,1,1,1,1
1,1,1,1,1,1,1,1,1,1
1,1,1,1,1,1,1,1,1,1
1,1,1,1,1,1,1,1,1,1
1,1,1,1,1,1,1,1,1,1
1,1,1,1,1,1,1,1,1,1
1,1,1,1,1,1,1,1,1,1
1,1,1,1,1,1,1,1,1,1
1,1,1,1,1,1,1,1,1,1
1,1,1,1,1,1,1,1,1,1
1,1,1,1,1,1,1,1,1,1
1,1,1,1,1,1,1,1,1,1
1,1,1,1,1,1,1,1,1,1
1,1,1,1,1,1,1,1,1,1
1,1,1,1,1,1,1,1,1,1
1,1,1,1,1,1,1,1,1,1
1,1,1,1,1,1,1,1,1,1
1,1,1,1,1,1,1,1,1,1
1,1,1,1,1,1,1,1,1,1
1,1,1,1,1,1,1,1,1,1
1,1,1,1,1,0.9926551,1,1,1,1
1,1,1,1,1,0.9852818,1,1,1,1
1,1,1,1,1,0.9798557,1,1,1,1
1,1,1,1,1,0.9746407,1,1,1,1
1,1,1,1,1,0.9696254,1,1,1,1
1,1,1,1,1,0.9647848,1,1,1,1
1,1,1,1,1,0.9601251,1,1,1,1
1,1,1,1,1,0.9556369,1,1,1,1
1,1,1,1,1,0.9513268,1,1,1,1
1,1,1,1,1,0.9471715,1,1,1,1
1,1,1,1,1,0.9431635,1,1,1,1
1,1,1,1,1,0.939311,1,1,1,1
1,1,1,1,1,0.9355916,1,1,1,1
1,1,1,1,1,0.9320146,1,1,1,1
1,1,1,1,1,0.9285733,1,1,1,1
1,1,1,1,1,0.9252619,1,1,1,1
1,1,1,1,1,0.9220749,1,1,1,1
1,1,1,1,1,0.9190071,1,1,1,1
1,1,1,1,1,0.9160532,1,1,1,1
1,1,1,1,1,0.9132084,1,1,1,1
1,1,1,1,1,0.9104843,1,1,1,1
1,1,1,1,1,0.90786,1,1,1,1
1,1,1,1,1,0.9053318,1,1,1,1
1,1,1,1,1,0.9857726,1,1,1,1
1,1,1,1,1,0.9750944,1,1,1,1
1,0.9936115,1,1,1,0.9643467,1,1,1,1
1,0.981695,1,1,1,0.9535964,1,1,1,1
1,0.9696771,1,1,1,0.9429002,1,1,1,1
1,0.9575583,1,1,1,0.9322577,1,1,1,1
1,0.9453399,1,1,1,0.9243604,1,1,1,1
1,0.9329933,1,1,1,0.9182955,0.7772092,1,1,0
1,0.9245107,1,1,1,0.9244862,0.7616921,1,1,0
1,0.9159783,1,1,1,0.9310218,0.7463024,1,1,0
1,0.9073839,1,1,1,0.9378964,0.7310475,1,1,0
1,0.8987144,1,1,1,0.9450676,0.7159331,1,1,0
1,0.8899582,1,1,1,0.9525254,0.7009643,1,1,0
1,0.8811024,1,1,1,0.9602238,0.6861445,1,1,0
1,0.8721359,1,1,1,0.9681497,0.6714762,1,1,0
1,0.863047,1,1,1,0.9762522,0.6569608,1,1,0
1,0.8538256,1,1,1,0.9844974,0.642599,1,1,0
1,0.8444608,1,1,1,0.9928486,0.62839,1,1,0
1,0.8349444,1,1,1,1,0.614333,1,1,0
1,0.82528,1,1,1,1,0.600419,0.9936725,1,0
1,0.8156908,1,1,1,1,0.5865163,0.9663884,1,0
1,0.8066978,1,1,1,1,0.5723461,0.9380876,1,0
1,0.7983164,1,1,1,1,0.5625291,0.9089056,1,0
1,0.7904838,1,1,1,1,0.5666863,0.8791472,1,0
1,0.7829763,1,1,1,1,0.57164,0.8493964,1,0
1,0.7757729,1,1,1,1,0.5774111,0.8197805,1,0
1,0.7688496,1,1,1,1,0.5840312,0.7904183,1,0
1,0.76218,1,1,1,1,0.5915315,0.7614179,1,0
1,0.7557341,1,1,1,1,0.5999309,0.7535638,1,0
1,0.7489399,1,1,1,1,0.6084853,0.7577184,1,0
1,0.7414676,1,1,1,1,0.7015845,0.7616726,1,0
1,0.7319905,1,1,1,1,0.6877152,0.7644154,1,0
1,0.7222156,1,1,1,1,0.6740602,0.7671462,1,0
1,0.7121285,1,1,1,1,0.6773926,0.7698507,1,0
1,0.7014668,1,1,1,1,0.6831048,0.7723054,1,0
1,0.6902037,1,1,1,1,0.6881869,0.5537519,1,0
1,0.6838925,1,1,1,1,0.7027668,0.5295472,1,0
1,0.6774772,1,1,1,1,0.7183157,0.5061139,1,0
1,0.6709107,1,1,1,1,0.7348064,0.4834414,1,0
1,0.6641461,1,1,1,1,0.752219,0.461512,1,0
1,0.657136,1,1,1,1,0.7705256,0.4403023,1,0
1,0.6498345,1,1,1,1,0.789675,0.4197857,1,0
1,0.6421965,1,1,1,1,0.8096207,0.3999318,0.958958,0
1,0.6355387,1,1,1,1,0.8336574,0.4046044,0.890215,0
1,0.6301218,1,1,1,1,0.8630087,0.41043,0.8225287,0
1,0.6258683,1,1,1,1,0.8983045,0.4172567,0.7571273,0
1,0.6226767,1,1,1,1,0.940235,0.4251128,0.6949311,0
1,0.6204188,1,1,1,1,0.9895778,0.4340156,0.6624436,0
1,0.6179789,1,1,1,1,1,0.4434629,0.668104,0
1,0.6144124,1,1,1,1,1,0.4529856,0.6738406,0
1,0.6097577,1,1,1,1,1,0.5502612,0.4664961,0
1,0.6098908,1,1,1,1,1,0.5284343,0.4237319,0
1,0.6121134,1,1,1,1,1,0.5227996,0.3832912,0
1,0.6153115,1,1,1,1,1,0.5402014,0.3496384,0
1,0.6191577,1,1,1,1,1,0.559148,0.3561326,0
1,0.6231637,1,1,1,1,1,0.5794352,0.3630747,0
1,0.6261063,1,1,1,1,1,0.600346,0.3702591,0
1,0.6277763,1,1,1,1,1,0.6217695,0.3776439,0
1,0.6279441,1,1,1,1,1,0.6435714,0.3851836,0
1,0.6263638,1,1,1,1,1,0.6655923,0.3928297,0
1,0.6227751,1,1,1,1,1,0.6876442,0.4005295,0
1,0.6169106,1,1,1,1,1,0.7094979,0.5358824,0
1,0.6009693,1,1,1,1,1,0.7251905,0.5144557,0
1,0.5838073,1,1,1,1,1,0.7408869,0.493789,0
1,0.5652949,1,1,1,1,1,0.7564458,0.4738594,0
1,0.5453214,1,1,1,1,1,0.7717244,0.458724,0
1,0.5235766,1,1,1,1,1,0.7863432,0.4649604,1
1,0.4989517,1,1,1,1,1,0.7990587,0.4707597,1
1,0.4716478,1,1,1,1,1,0.8096512,0.4760633,1
1,0.4419745,1,1,1,1,1,0.8179811,0.4808376,1
1,0.4307708,1,1,1,1,1,0.9079448,0.4850461,1
1,0.4273863,1,1,1,1,1,0.9096541,0.4883514,1
1,0.424059,1,1,1,1,1,0.9109632,0.4915368,1
1,0.4207994,1,1,1,1,1,0.9118861,0.4945947,1
1,0.417599,1,1,1,1,1,0.9124752,0.4975403,2
1,0.4144558,1,1,1,1,1,0.9127658,0.5003808,2
1,0.4113745,1,1,1,1,1,0.9127774,0.5031151,2
1,0.4083531,1,1,1,1,1,1,0.5057495,2
1,0.4056785,1,1,1,1,1,1,0.507623,2
1,0.4030789,1,1,1,1,1,1,0.5094128,2
1,0.4005539,1,1,1,1,1,1,0.5111231,2
1,0.3981027,1,1,1,1,1,1,0.5127578,2
1,0.3957247,1,1,1,1,1,1,0.5143203,2
1,0.3934192,1,1,1,1,1,1,0.5158141,2
1,0.3911923,1,1,1,1,1,1,0.517235,2
1,0.3890365,1,1,1,1,1,1,0.5185937,2
0.356171,0.3869514,1,1,1,1,1,1,0.5198928,2
0.3532893,0.3875496,1,1,1,1,1,1,0.516462,2
0.3507655,0.388554,1,1,1,1,1,0.8373337,0.5131077,2
0.3486024,1,1,1,1,1,1,0.817461,0.5098189,2
0.3463939,1,1,1,1,1,1,0.8161765,0.5111142,2
0.3442354,1,1,1,1,1,1,0.8148215,0.5123578,2
0.3421328,1,1,1,1,1,1,0.8133947,0.5135447,2
0.3400799,1,1,1,1,1,1,1,0.5146845,2
0.3382217,0.9904758,1,1,1,1,1,1,0.5144604,2
0.3364974,0.9523921,1,1,1,1,1,1,0.5140959,2
0.3349489,0.9135141,1,1,1,1,1,1,0.5133322,2
0.3336022,0.8783178,1,1,1,1,1,0.7813476,0.5121936,2
0.3322169,0.8804326,1,1,1,1,1,1,0.5121685,2
0.331195,0.8858865,1,1,1,1,1,0.7670616,0.5107262,2
0.3300198,0.887861,1,1,1,1,1,1,0.5108031,2
0.3292575,0.8936337,1,1,1,1,1,0.7544866,0.5094148,2
1,0.8954117,1,1,1,1,1,1,0.5095741,0
1,0.8850697,1,1,1,1,1,1,0.5143444,0
1,0.8753417,1,1,1,1,1,1,0.5192901,0
1,0.8661599,1,1,1,1,1,1,0.5244,0
1,0.8574775,0.9808526,1,1,1,1,1,0.5296496,0
1,0.8494643,0.961168,1,1,1,1,1,0.5348997,0
1,0.8420663,0.9435046,1,1,1,1,1,0.5401089,0
1,0.8352084,0.9326447,1,1,1,1,1,0.5452556,0
1,0.8287737,0.9268556,1,1,1,1,1,0.550357,0
1,0.8226641,0.9205711,1,1,1,1,1,0.5554392,0
1,0.8168647,0.9137766,1,1,1,1,1,0.5604749,0
1,0.8113558,0.9064615,1,1,1,1,1,0.5654443,0
1,0.806121,0.8986171,1,1,1,1,1,0.5703284,0
1,0.8011457,0.8902386,1,1,1,1,1,0.5751086,0
1,0.7964177,0.8813246,1,1,1,1,1,0.6254557,1
1,0.7925501,0.870648,1,1,1,1,1,0.6294605,1
1,0.7889017,0.8594825,1,1,1,1,1,0.6332726,1
1,0.785469,0.8478451,1,1,1,1,1,0.6368815,1
1,0.7822425,0.835756,1,1,1,1,1,0.6402856,1
1,0.7792274,0.8232377,1,1,1,1,1,0.6434702,1
1,0.7764227,0.8147188,1,1,1,1,1,0.6464299,1
1,0.7737792,0.8113773,1,1,1,1,1,0.6492137,1
1,0.7712458,0.808313,1,1,1,1,1,0.6518748,1
1,0.7688153,0.805505,1,1,1,1,1,0.796924,2
1,0.7683736,0.8079457,1,1,1,1,1,0.796795,2
1,0.7679828,0.8104197,1,1,1,1,1,0.7966942,2
1,0.7676347,0.8129148,1,1,1,1,1,0.7966253,2
1,1,0.8154303,1,1,1,1,1,0.7965852,1
1,1,0.8089511,1,1,1,1,1,0.8004931,1
1,1,0.8028169,1,1,1,1,1,0.8042933,1
1,1,0.7970091,1,1,1,1,1,1,2
1,1,0.7984868,1,1,1,1,1,1,2
1,1,0.8000113,1,1,1,1,1,1,2
1,1,0.7844059,1,1,1,1,1,1,2
1,1,0.7686058,1,1,1,1,1,1,2
1,1,0.752737,1,1,1,1,1,1,2
0.8554308,1,0.736821,1,1,1,1,1,1,2
0.6668665,1,0.7403291,1,1,1,1,1,1,2
0.6660231,1,0.7583432,1,1,1,1,1,1,2
0.6656106,1,0.7774084,1,1,1,1,1,0.9939901,2
0.6655803,1,0.7972363,1,1,1,1,1,0.9872977,2
0.665886,0.7584085,0.8177183,1,1,1,1,1,0.9812276,2
0.6669254,0.7170218,0.8441284,1,1,1,1,1,0.9742637,2
0.6684762,0.6783922,0.8732558,1,1,1,1,1,0.7741803,2
0.6701742,0.6444803,0.9011459,1,1,1,1,1,0.7699186,2
0.6723012,0.6124107,1,1,1,1,1,1,0.7657739,2
1,0.6107366,1,1,1,1,1,1,0.7620843,1
1,0.6119882,1,1,1,1,1,1,0.761613,1
1,0.6132418,1,1,1,1,1,1,0.9508344,2
1,0.6184158,1,1,1,1,1,1,0.9480591,2
1,0.6236814,1,1,1,1,1,1,0.9454007,2
1,0.6290247,1,1,1,1,1,1,0.9428498,2
1,0.6344405,1,1,1,1,1,1,0.940392,2
1,0.6288213,1,1,1,1,1,1,0.9380198,2
1,0.6075422,1,1,1,1,1,1,0.9356458,2
1,0.5875055,1,1,1,1,1,1,0.9331702,2
1,0.593752,1,1,1,1,1,1,0.9306056,2
1,0.6000623,1,0.9920025,1,1,1,1,0.9281281,2
1,0.6064511,1,0.9810255,1,1,1,1,0.925717,2
1,0.6129169,1,0.9701903,1,1,1,1,0.9233589,2
0.6410798,0.6194313,1,0.9594843,1,1,1,1,0.9210569,2
0.5796512,0.6345897,1,0.9480785,1,1,1,1,0.9168194,2
0.5264811,0.6510246,0.9809045,1,1,1,1,0.9884492,0.9128002,2
0.5329329,0.6688408,0.9644623,1,1,1,1,0.9739255,0.9089932,2
0.5399638,0.688147,0.9486744,1,1,1,1,0.9599541,0.9053991,2
0.5476044,0.7090858,0.9335157,1,1,1,1,0.9464952,0.9020065,2
0.555363,0.7301373,0.9193134,1,1,1,1,0.9343816,0.7166114,2
0.5607831,1,0.9073594,1,1,1,1,0.9271001,0.8962933,2
0.5630002,1,0.8955464,1,1,1,1,0.9198192,0.8936766,2
0.5333722,1,0.8839803,1,1,1,1,0.9128249,0.8910664,2
0.5238611,1,0.8724553,1,1,1,1,0.9055831,0.888436,2
0.5299371,1,0.8611064,1,1,1,1,0.8984436,0.8857995,2
0.5360246,1,0.8500043,1,1,1,1,0.8916371,0.8831526,2
0.542097,1,0.8391219,1,1,1,1,0.885143,0.8804899,2
0.5481428,1,0.8284351,1,1,1,1,0.8789296,0.8777955,2
0.5541369,1,0.8179213,0.9965455,1,1,1,0.8729817,0.8750678,2
0.5600629,1,0.8075625,0.9877858,1,1,1,0.8672798,0.8722938,2
0.5658861,1,0.7973436,0.9789831,1,1,1,0.8618233,0.8694731,2
0.5715965,1,0.7872474,0.9701269,1,1,1,0.8565902,0.8665959,2
0.5771711,1,0.8304569,0.9612089,1,1,1,0.8515736,0.8636661,1
0.5824968,1,0.8883382,0.9521847,1,1,1,0.8468458,0.8606687,1
0.587541,1,0.9372947,0.9430417,1,1,1,0.8424052,0.8576001,1
0.5923091,1,0.9275673,0.9337861,1,1,1,0.8382236,0.8544713,1
0.5969087,1,0.9179031,0.9244582,1,1,1,0.8341972,0.8512962,1
0.6013246,1,0.9082949,0.9150587,1,1,1,0.8303291,0.8480862,1
0.6055654,1,0.8987366,0.9055888,1,1,1,0.8266035,0.8448349,1
0.6096185,1,0.8892226,0.896051,1,1,1,0.8230253,0.8415551,1
0.6134802,1,0.8797483,0.8864482,1,1,1,0.819593,0.8382543,1
0.6171557,1,0.8703095,0.876784,1,1,1,0.8162988,0.8349341,1
0.6206507,1,0.8609024,0.8670629,1,1,1,0.8131357,0.831597,1
0.6239651,1,0.8515241,0.857289,1,1,1,0.8101037,0.8282512,1
0.6270992,1,0.8421715,0.8474675,1,1,1,0.8072031,0.8249061,1
0.6300548,1,0.8328422,0.8376034,1,1,1,0.804434,0.8215705,1
0.8388749,0.7495432,0.8235338,0.8277016,1,1,1,0.8017837,0.8182416,0
0.8401553,0.7404618,0.8144013,0.8175541,1,1,1,0.7998185,0.8148638,0
0.8414232,0.7313045,0.8052565,0.8074287,1,1,1,0.7978913,0.8115494,0
0.8426865,0.7220638,0.7960972,0.7973259,1,1,1,0.7959968,0.8082981,0
0.8439528,0.7127333,0.7869216,0.787246,1,1,1,0.7941302,0.8051094,0
0.845235,0.703307,0.7777274,0.7771888,1,1,1,0.7922799,0.8019765,1
0.8465313,0.6937803,0.7685131,0.7671542,1,1,1,0.790448,0.7287256,0
0.8462749,0.6854548,0.7595896,0.7568679,1,1,1,0.7896498,0.7256809,0
0.8461429,0.6769292,0.7506313,0.7466401,1,1,1,0.7888485,0.7227383,0
0.8461334,0.6681983,0.7416338,0.7364661,1,1,1,0.7880362,0.719893,0
0.8462509,0.6592579,0.7325933,0.7263406,1,1,1,0.7871989,0.7171343,0
0.846492,0.6501059,0.7235065,0.7162592,1,1,1,0.7863306,0.7144579,0
0.8468528,0.640741,0.7143706,0.7062174,1,1,1,0.7854255,0.7118595,0
0.8473361,0.6311632,0.7051831,0.6962109,1,1,1,0.7844723,0.7093292,0
0.8479444,0.6213745,0.6959427,0.6862355,1,1,1,0.7834603,0.7068571,0
0.8486718,0.6113778,0.686648,0.6762878,0.6957196,1,1,0.7823864,0.7044399,0
0.8480155,0.6025414,0.6777076,0.6662157,0.6844752,1,1,1,0.7021483,1
0.8514536,0.5898622,0.6676127,0.6565518,0.6747275,1,1,1,0.6997277,1
0.8548928,0.577234,0.6575342,0.646889,0.6649705,1,1,1,0.697297,1
0.8583311,0.5646574,0.6474723,0.6372269,0.6552037,1,1,1,0.6948563,1
0.861766,0.5521318,0.6374267,0.6275652,0.6454265,1,1,1,0.6924055,1
0.8652029,0.5396566,0.6273972,0.6179035,0.6356385,1,1,1,0.6899382,1
0.8686256,0.527231,0.6173834,0.6082415,0.6258393,1,1,1,0.6874666,1
0.87204,0.5148535,0.607385,0.5985789,0.6160287,1,1,1,0.6849844,1
0.8754449,0.5025228,0.5974014,0.5889156,0.6062067,1,1,1,0.6824914,1
0.878839,0.4902372,0.5874322,0.5792513,1,1,1,1,0.6799876,2
0.8843836,0.4765783,0.5770418,0.5697912,1,1,1,1,0.6774176,2
1,0.4631199,0.5667219,0.5603405,1,1,1,1,0.6748174,1
1,0.4510894,0.5568415,0.550686,1,1,1,1,0.6722178,1
1,0.4390229,0.5469503,0.5410413,1,1,1,1,0.6696068,1
1,0.4269289,0.5370513,0.5314062,1,1,1,1,0.6669845,1
1,0.4148154,0.5271465,0.5217803,1,1,1,1,0.6643512,1
1,0.4026902,0.5172385,0.5121634,1,1,1,1,0.6617075,1
1,0.4016967,0.5073297,0.502555,1,1,1,1,0.6590533,1
1,0.4072284,0.4974435,0.4929417,1,1,1,1,0.6563875,1
1,0.4126251,0.4875898,0.4833155,1,1,1,1,0.6537088,1
1,0.4178793,0.4777644,0.4736768,1,1,1,1,0.6510226,1
0.5551739,0.4229959,0.4679635,0.4640265,1,1,1,1,0.6483286,2
0.5220705,0.4386041,0.457085,0.4551941,1,1,1,1,0.64568,2
0.491264,0.4550732,0.446455,0.446469,1,1,1,1,0.6430352,2
0.4625615,0.4723411,0.4360577,0.4378306,1,1,1,1,0.6403801,2
0.4357683,0.4903264,0.4258744,0.4292579,1,1,1,1,0.6377046,2
0.4106945,0.4783167,0.4158849,0.4207308,1,1,1,1,0.6349853,2
0.3868201,0.4638745,0.4060521,0.4122835,1,1,1,1,0.6322463,2
0.3640716,0.449834,0.3963695,0.4039083,1,1,1,1,0.6294804,2
0.3424011,0.4361938,0.3868309,0.3955922,1,1,1,1,0.6266807,2
0.342264,0.4229461,0.3774283,1,1,1,1,1,0.6238332,2
0.3524579,0.4090734,0.3681396,1,1,1,1,1,0.6213843,2
0.3628714,0.3958816,0.3590415,1,1,1,1,1,0.6188225,2
0.3734497,0.3832863,0.3500999,1,1,1,1,1,0.6161286,2
0.3841542,0.3712137,0.3412854,1,1,1,1,1,0.6132761,2
0.3949384,0.3595988,0.3325725,1,1,1,1,1,0.6102499,2
0.4057568,0.3483843,0.3239397,1,1,1,1,1,0.6070397,2
0.4165655,0.3375203,0.3153687,1,1,1,1,1,0.6036402,2
0.4273306,0.3269625,0.3068442,1,1,1,1,1,0.6000437,2
0.4215455,0.3166721,0.2983535,1,1,1,1,1,0.5962526,2
0.4059688,0.3065638,0.2899018,1,1,1,1,1,0.5923396,2
0.390786,0.2965945,0.2814934,1,1,1,1,1,0.5883533,2
0.3759857,0.2867607,0.2731249,1,1,1,1,1,0.5842866,2
0.3615541,0.2770579,1,1,1,1,1,1,0.5801321,2
0.3463529,0.267194,1,1,1,1,1,1,0.5764893,2
0.3315987,0.2574985,1,1,1,1,1,1,0.5727835,2
0.3172799,0.2479682,1,1,1,1,1,1,0.569005,2
0.3033833,0.2385988,1,1,1,1,1,1,0.5651504,2
0.2898938,0.2293856,1,1,1,1,1,1,0.5612095,2
0.2767955,0.2203232,1,1,1,1,1,1,0.5571722,2
0.2640715,0.2114059,1,1,1,1,1,1,0.5530284,2
0.2517042,0.2026273,1,1,1,1,1,1,0.5487747,2
0.2396759,0.1939813,1,1,1,1,1,1,0.5444015,2
0.2279688,0.1854614,1,1,1,1,1,1,0.539906,2
0.2165652,0.1895004,1,1,1,1,1,1,0.5352795,2
0.2054631,0.2294747,1,1,1,1,1,1,0.5304957,2
0.1946788,0.2724548,1,1,1,1,1,1,0.5254861,2
0.1841782,0.3183847,1,1,1,1,1,1,0.5202469,2
0.1739304,0.3670787,1,1,1,1,1,1,0.5147896,2
0.1639073,0.4183516,1,1,1,1,1,1,0.5091139,2
0.1540828,0.4719155,1,1,1,1,1,1,0.5032279,2
0.1492764,1,1,1,1,1,1,1,0.4971411,1
0.1611942,1,1,1,1,1,1,1,0.4901116,1
0.1730151,1,1,1,1,1,1,1,0.4973745,1
0.1848491,1,1,1,1,1,1,1,0.5141382,1
0.1968111,1,1,1,1,1,1,1,0.5304827,1
0.208923,1,1,1,1,1,1,1,0.5463995,1
0.2211839,1,1,1,1,1,1,1,0.5618862,1
0.2336245,1,1,1,1,1,1,1,0.5769448,1
0.2462414,1,1,1,1,1,1,1,0.5915822,1
0.2590521,1,1,1,1,1,1,1,0.6058078,1
0.2720513,1,1,1,1,1,1,1,0.6196356,1
0.2852658,1,1,1,1,1,1,1,0.6330813,1
0.2986885,1,1,1,1,1,1,1,0.6461623,1
0.3123222,1,1,1,1,1,1,1,0.6588975,1
0.3261806,1,1,1,1,1,1,1,0.6713067,1
0.3402655,1,1,1,1,1,1,1,0.6834105,1
0.3545662,1,1,1,1,1,1,1,0.6952289,1
0.3690945,1,1,1,1,1,1,1,0.7067819,1
0.3838503,1,1,1,1,1,1,1,0.7180895,1
0.3988329,1,1,1,1,1,1,1,0.7291709,1
1,1,1,1,1,1,1,1,0.7400443,0
1,1,1,1,1,1,1,1,0.7691876,0
1,1,1,1,1,1,1,1,0.7980117,0
1,1,1,1,1,1,1,1,0.8262876,0
1,1,1,1,1,1,1,1,1,1
1,1,1,1,1,1,1,1,1,1
1,1,1,1,1,1,1,1,1,1
1,1,1,1,1,1,1,1,1,1
1,1,1,1,1,1,1,1,1,1
1,1,1,1,1,1,1,1,1,1
1,1,1,1,1,1,1,1,1,1
1,1,1,1,1,1,1,1,1,1
1,1,1,1,1,1,1,1,1,1
1,1,1,1,1,1,1,1,1,1
1,0.8630733,1,1,1,1,1,1,1,2
1,0.8431098,1,1,1,1,1,1,1,2
1,0.8227703,1,1,1,1,1,1,1,2
1,0.8021085,1,1,1,1,1,1,1,2
1,0.7811818,1,1,1,1,1,1,1,2
1,0.7600498,1,1,1,1,1,1,1,2
1,0.7388021,1,1,1,1,1,0.9958183,1,2
1,0.7447823,1,1,1,1,1,0.989131,1,2
1,0.7506725,1,1,1,1,1,0.9828423,1,2
1,0.7564613,1,1,1,1,1,0.9769213,1,2
1,0.7621461,1,1,1,1,1,0.9713332,1,2
1,0.7677249,1,1,1,1,1,0.966047,1,2
1,0.7731795,1,1,1,1,1,0.9610492,1,2
1,0.7785088,1,1,1,1,1,0.9563139,1,2
1,0.7837046,1,1,1,1,1,0.951825,1,2
1,0.7887672,1,1,1,1,1,0.9475606,1,2
1,0.7936888,1,1,1,1,1,0.9435086,1,1
1,0.798471,1,1,1,1,1,0.9396507,1,1
1,0.8031068,1,1,1,1,1,0.9359779,1,1
1,0.8075989,1,1,1,1,1,0.9324747,1,1
0.9745189,0.8119408,1,1,1,1,1,0.9291345,1,1
0.9378036,0.8170114,1,1,1,1,1,0.9253227,1,2
0.8993316,0.8231924,1,1,1,1,1,0.9208134,1,2
0.8595071,0.8305548,1,1,1,1,1,0.9156254,1,2
0.8187698,0.8391668,1,1,1,1,1,0.909794,1,2
0.777576,0.8490817,1,1,1,1,1,0.9033771,1,2
0.7363674,0.8603565,1,1,1,1,1,0.8964366,1,2
0.6955554,0.8730423,1,1,1,1,1,0.8890438,1,2
0.6555015,0.8871726,1,1,1,1,1,0.881282,1,2
0.635493,0.9027742,1,1,1,1,1,0.8732347,1,2
0.6413051,0.9190331,1,1,1,1,1,0.8653294,1,2
0.6470352,1,1,1,1,1,1,0.8580209,1,2
0.6520752,1,1,1,1,1,1,0.852007,1,2
0.6571125,1,1,1,1,1,1,0.846226,1,2
0.6621345,1,1,1,1,1,1,0.8406623,1,2
0.6671288,1,1,1,1,1,1,0.835302,1,2
0.6720906,1,1,1,1,1,1,0.8301262,1,2
0.6770087,1,1,1,1,1,1,0.8251246,1,2
0.681872,1,1,1,1,1,1,0.8202877,1,2
0.6866772,1,1,1,1,1,1,0.8156011,1,2
0.6914147,1,1,1,1,1,1,0.8110582,1,1
0.6960745,1,1,1,1,1,1,0.8066533,1,1
0.7006553,1,1,1,1,1,1,0.802375,1,1
0.7051482,1,1,1,1,1,1,0.7982193,1,1
0.7095524,1,1,1,1,1,1,0.7941769,1,1
0.7138603,1,1,1,1,1,1,0.7902454,1,1
0.7180644,1,1,1,1,1,1,0.7864233,1,1
0.7221655,1,1,1,1,1,1,0.7827029,1,1
0.726164,1,1,1,1,1,1,0.7790772,1,1
0.730054,1,1,1,1,1,1,0.7755463,1,1
0.733837,1,1,1,1,1,1,0.7721044,1,1
0.7375073,1,1,1,1,1,1,0.7687525,1,1
0.7410673,1,1,1,1,1,1,0.7654856,1,1
0.744512,1,1,1,1,1,1,0.7623054,1,1
0.7478443,1,1,1,1,1,1,0.7592075,1,1
0.7510598,1,1,1,1,1,1,0.7561945,1,1
0.7541689,1,1,1,1,1,1,0.7532555,0.6908998,0
0.7511369,1,1,1,1,1,1,0.7548575,0.6880168,0
0.7482201,1,1,1,1,1,1,0.7566999,0.6853908,0
0.7454165,1,1,1,1,1,1,0.7587751,0.683015,0
0.742723,1,1,1,1,1,1,0.761075,0.680883,0
0.7401425,1,1,1,1,1,1,1,0.6789815,1
0.7411116,0.9976201,1,1,1,1,1,1,0.676928,1
0.7420242,0.9882167,1,1,1,1,1,1,0.6749276,1
0.7429649,0.9786512,1,1,1,1,1,1,0.672962,1
0.7439281,0.9689187,1,1,1,1,1,1,0.6710357,1
0.744915,0.9590157,1,1,1,1,1,1,0.6691476,1
0.7459339,0.9489385,1,1,1,1,1,1,0.6672903,1
0.7469858,0.9386839,1,1,1,1,1,1,0.6654622,1
0.7480784,0.9282495,1,1,1,1,1,1,0.6636562,1
0.7492056,0.9176341,1,1,1,1,1,1,0.6618773,1
0.7503753,0.9117686,1,1,1,1,1,1,0.6601179,1
0.7515409,0.9119562,1,1,1,1,1,1,0.6583837,1
1,0.9119983,1,1,1,1,1,1,0.6566824,0
1,0.9016204,1,1,1,1,1,1,0.6556302,0
1,0.8917778,1,1,1,1,1,1,0.6547679,0
1,0.8824391,1,1,1,1,1,1,0.6540824,0
1,0.873566,1,1,1,1,1,1,0.653568,0
1,0.8651234,1,1,1,1,1,1,0.6532184,0
1,0.8579131,1,1,1,1,1,1,0.6530222,0
1,0.8525684,1,1,1,1,1,1,0.652976,0
1,0.8470105,1,1,1,1,1,1,0.6530739,0
1,0.8412166,1,1,1,1,1,1,0.6533104,0
1,0.8351645,1,1,1,1,1,1,1,2
1,0.8333076,1,1,1,1,1,1,1,2
1,0.8386432,1,1,1,1,1,1,1,2
1,0.8439668,1,1,1,1,1,1,1,2
1,0.8492668,1,1,1,1,1,1,1,2
1,0.8545495,1,1,1,1,1,1,1,2
1,0.8598036,1,1,1,1,1,1,1,1
1,0.8650177,1,1,1,1,1,1,1,1
1,0.8701988,1,1,1,1,1,1,1,1
1,0.8753359,1,1,1,1,1,1,1,1
1,0.8804182,1,1,1,1,1,1,1,1
1,0.8854531,1,1,1,1,1,1,1,1
1,0.8904303,1,1,1,1,1,1,1,1
1,0.8953482,1,1,1,1,1,1,1,1
1,0.9002059,1,1,1,1,1,1,1,1
1,0.9050021,1,1,1,1,1,1,1,1
1,0.9097271,1,1,1,1,1,1,1,1
1,0.9143802,1,1,1,1,1,1,1,1
1,0.9189609,1,1,1,1,1,1,1,1
0.9991099,0.9234689,1,1,1,1,1,1,1,1
0.9692422,0.9279307,1,1,1,1,1,1,1,1
0.9374992,0.9335515,1,1,1,1,1,1,1,2
0.9040804,0.9404109,1,1,1,1,1,1,1,2
0.8692387,0.9486191,1,1,1,1,1,1,1,2
0.8332717,0.9582697,1,1,1,1,1,1,1,2
0.7965051,1,1,1,1,1,1,1,1,2
0.7605943,1,1,1,1,1,1,1,1,2
0.7239289,1,1,1,1,1,1,1,1,2
0.7033613,1,1,1,1,1,1,1,1,2
0.7096958,1,1,1,1,1,1,1,1,2
0.7161958,1,1,1,1,1,1,1,1,2
0.7228547,1,1,1,1,1,1,1,1,2
0.729659,1,1,1,1,1,1,1,1,2
0.7366015,1,1,1,1,1,1,1,1,2
0.7436683,1,1,1,1,1,1,1,1,2
0.7508522,1,1,1,1,1,1,1,1,2
0.7581388,1,1,1,1,1,1,1,1,2
0.765521,1,1,1,1,1,1,1,1,2
0.772984,1,1,1,1,1,1,1,1,2
0.7805133,1,1,1,1,1,1,1,1,2
0.7881089,1,1,1,1,1,1,1,1,2
0.7957488,1,1,1,1,1,1,1,1,2
0.8034259,1,1,1,1,1,1,1,1,2
0.8111331,1,1,1,1,1,1,1,1,2
0.8188559,1,1,1,1,1,1,1,1,2
0.8265876,1,1,1,1,1,1,1,1,2
0.8343139,1,1,1,1,1,1,1,1,2
0.8420208,1,1,1,1,1,1,1,1,2
0.8497099,1,1,1,1,1,1,1,1,2
0.8573598,1,1,1,1,1,1,1,1,2
1,1,1,1,1,1,1,1,1,1
1,1,1,1,1,1,1,1,1,1
1,1,1,1,1,1,1,1,1,1
1,1,1,1,1,1,1,1,1,1
1,1,1,1,1,1,1,1,1,1
1,1,1,1,1,1,1,1,1,1
1,1,1,1,1,1,1,1,1,1
1,1,1,1,1,1,1,1,1,1
1,1,1,1,1,1,1,1,1,1
1,1,1,1,1,1,1,1,1,1
1,1,1,1,1,1,1,1,1,1
1,1,1,1,1,1,1,1,1,1
1,1,1,1,1,1,1,1,1,1
1,1,1,1,1,1,1,1,1,1
1,1,1,1,1,1,1,1,1,1
1,1,1,1,1,1,1,1,1,1
1,1,1,1,1,1,1,1,1,1
1,1,1,1,1,1,1,1,1,1
1,1,1,1,1,1,1,1,1,1
1,1,1,1,1,1,1,1,1,1
1,1,1,1,1,1,1,1,1,1
1,1,1,1,1,1,1,1,1,1
1,1,1,1,1,1,1,1,1,1
1,1,1,1,1,1,1,1,1,1
1,1,1,1,1,1,1,1,1,1
1,1,1,1,1,1,1,1,1,1
1,1,1,1,1,1,1,1,1,1
1,1,1,1,1,1,1,1,1,1
1,1,1,1,1,1,1,1,1,1
1,1,1,1,1,1,1,1,1,1
1,1,1,1,1,1,1,1,1,1
1,1,1,1,1,1,1,1,1,1
1,1,1,1,1,1,1,1,1,1
1,1,1,1,1,1,1,1,1,1
1,1,1,1,1,1,1,1,1,1
1,1,1,1,1,1,1,1,1,1
1,1,1,1,1,1,1,1,1,1
1,1,1,1,1,1,1,1,1,1
1,1,1,1,1,1,1,1,1,1
1,1,1,1,1,1,1,1,1,1
1,1,1,1,1,1,1,1,1,1
1,1,1,1,1,1,1,1,1,1
1,1,1,1,1,1,1,1,1,1
1,1,1,1,1,1,1,1,1,1
1,1,1,1,1,1,1,1,1,1
1,1,1,1,1,1,1,1,1,1
1,1,1,1,1,1,1,1,1,1
1,1,1,1,1,1,1,1,1,1
1,1,1,1,1,1,1,1,1,1
1,1,1,1,1,1,1,1,1,1
1,1,1,1,1,1,1,1,1,1
1,1,1,1,1,1,1,1,1,1
1,1,1,1,1,1,1,1,1,1
1,1,1,1,1,1,1,1,1,1
1,1,1,1,1,1,1,1,1,1
1,1,1,1,1,1,1,1,1,1
1,1,1,1,1,1,1,1,1,1
1,1,1,1,1,1,1,1,1,1
1,1,1,1,1,1,1,1,1,1
1,1,1,1,1,1,1,1,1,1
1,1,1,1,1,1,1,1,1,1
1,1,1,1,1,1,1,1,1,1
1,1,1,1,1,1,1,1,1,1
1,1,1,1,1,1,1,1,1,1
1,1,1,1,1,1,1,1,1,1
1,1,1,1,1,1,1,1,1,1
1,1,1,1,1,1,1,1,1,1
1,1,1,1,1,1,1,1,1,1
1,1,1,1,1,1,1,1,1,1
1,1,1,1,1,1,1,1,1,1
1,1,1,1,1,1,1,1,1,1
1,1,1,1,1,1,1,1,1,1
1,1,1,1,1,1,1,1,1,1
1,1,1,1,1,1,1,1,1,1
1,1,1,1,1,1,1,1,1,1
1,1,1,1,1,1,1,1,1,1
1,1,1,1,1,1,1,1,1,1
1,1,1,1,1,1,1,1,1,1
1,1,1,1,1,1,1,1,1,1
1,1,1,1,1,1,1,1,1,1
1,1,1,1,1,1,1,1,1,1
1,1,1,1,1,1,1,1,1,1
1,1,1,1,1,1,1,1,1,1
1,1,1,1,1,1,1,1,1,1
1,1,1,1,1,1,1,1,1,1
1,1,1,1,1,1,1,1,1,1
1,1,1,1,1,1,1,1,1,1
1,1,1,1,1,1,1,1,1,1
1,1,1,1,1,1,1,1,1,1
1,1,1,1,1,1,1,1,1,1
1,1,1,1,1,1,1,1,1,1
1,1,1,1,1,1,1,1,1,1
1,1,1,1,1,1,1,1,1,1
1,1,1,1,1,1,1,1,1,1
1,1,1,1,1,1,1,1,1,1
1,1,1,1,1,1,1,1,1,1
1,1,1,1,1,1,1,1,1,1
1,1,1,1,1,1,1,1,1,1
1,1,1,1,1,1,1,1,1,1
1,1,1,1,1,1,1,1,1,1
1,1,1,1,1,1,1,1,1,1
1,1,1,1,1,1,1,1,1,1
1,1,0.9997662,1,1,1,1,1,1,1
1,1,0.9904457,1,1,1,1,1,1,1
1,1,0.9811236,1,1,1,1,1,1,1
1,1,0.9718003,1,1,1,1,1,1,1
1,1,0.962476,1,1,1,1,1,1,1
1,1,0.9531507,1,1,1,1,1,1,1
1,1,0.9438246,1,1,1,1,1,1,1
1,1,0.9344978,1,1,1,1,1,1,1
1,1,0.9251705,1,1,1,1,1,1,1
1,1,0.915843,1,1,1,1,1,1,1
1,1,0.9065153,1,1,1,1,1,1,1
1,1,0.8971874,1,1,1,1,1,1,1
1,1,0.8878597,1,1,1,1,1,1,1
1,1,0.8785321,1,1,1,1,1,1,1
1,1,0.8692048,1,1,1,1,1,1,1
1,1,0.8598779,1,1,1,1,1,1,1
1,1,0.8505521,1,1,1,1,1,1,1
1,1,0.8412269,1,1,1,1,1,1,1
1,1,0.8319027,1,1,1,1,1,1,1
1,1,0.8225797,1,1,1,1,1,1,1
1,1,0.8132577,1,1,1,1,1,1,1
1,1,0.8039371,1,1,1,1,1,1,1
1,1,0.7946183,1,1,1,1,1,1,1
1,1,0.7853009,1,1,1,1,1,1,1
1,0.8786105,0.7759852,1,1,1,1,1,1,1
1,0.8667549,0.7665833,1,1,1,1,1,1,1
1,0.8548607,0.7571946,1,1,1,1,1,1,1
1,0.8429375,0.7478219,1,1,1,1,1,1,1
1,0.8309951,0.7384675,1,1,1,1,1,1,1
1,0.8190435,0.7291343,1,1,1,1,1,1,1
1,0.8070915,0.8107416,1,1,1,1,1,1,1
1,0.7952007,1,1,1,1,1,1,1,1
1,0.7834154,1,1,1,1,1,1,1,1
1,0.7716327,1,1,1,1,1,1,1,2
1,0.7598594,1,1,1,1,1,1,1,2
1,0.7481035,1,1,1,1,1,1,1,2
1,0.7363716,1,1,1,1,1,1,1,2
1,0.7246711,1,1,1,1,1,1,1,2
1,0.7130088,1,1,1,1,1,1,1,2
1,0.7013906,1,1,1,1,1,1,1,2
1,0.6898229,1,1,1,1,1,1,1,2
1,0.6783115,1,1,1,1,1,1,1,2
1,0.6668618,1,1,1,1,1,1,1,2
1,0.6554792,1,1,1,1,1,1,1,2
1,0.6441684,1,1,1,1,1,1,1,2
1,0.6329334,1,1,1,1,1,1,1,2
1,0.6217785,1,1,1,1,1,1,1,2
1,0.6107076,1,1,1,1,1,1,1,2
1,0.5997237,1,1,1,1,1,1,1,2
1,0.5888295,1,1,1,1,1,1,1,2
1,0.5780276,0.9971864,1,1,1,1,1,1,2
1,0.567322,0.9889048,1,1,1,1,1,1,2
0.742199,0.5567179,0.9806884,1,1,1,1,1,1,2
0.7198145,0.5447592,0.9732674,1,1,1,1,1,1,2
0.6979955,0.5330266,0.9661397,1,1,1,1,1,1,2
0.6767987,0.5215419,0.9593137,1,1,1,1,1,1,2
0.6562669,0.5103217,1,1,1,1,1,1,1,2
0.636278,0.5482556,1,1,1,1,1,1,1,2
0.6172802,0.6008257,1,1,1,1,1,1,1,2
0.5992696,0.6589366,1,1,1,1,1,1,1,2
0.5821743,0.723164,1,1,1,1,1,1,1,2
0.5659263,0.794107,1,1,1,1,1,1,1,2
0.5504605,0.8447498,1,1,1,1,1,1,1,2
0.5356224,0.8345956,1,1,1,1,1,1,1,2
0.5211766,0.8437503,1,1,1,1,1,1,1,2
0.5071823,0.8845924,1,1,1,1,1,1,1,2
0.4937012,0.8750932,1,1,1,1,1,1,1,2
0.4805925,0.8658422,1,1,1,1,1,1,1,2
0.4678596,0.8568437,1,1,1,1,1,1,1,2
0.4555013,0.8480994,1,1,1,1,1,1,1,2
0.4524773,0.8396098,1,1,1,1,1,1,1,2
0.4759977,0.8313867,1,1,1,1,1,1,1,2
0.5000976,0.8234528,1,1,1,1,1,1,1,2
0.5246977,0.8157724,1,1,1,1,1,1,1,2
0.5497378,0.8083145,1,1,1,1,1,1,1,2
0.5751401,0.8010508,1,1,1,1,1,1,1,2
0.6008099,0.7939558,1,1,1,1,1,1,1,2
0.6266741,0.7870063,1,1,1,1,1,1,1,2
0.6526459,0.7801821,1,1,1,1,1,1,1,2
0.6786505,1,1,1,1,1,1,1,1,2
0.7042952,1,1,1,1,1,1,1,1,2
0.7298607,1,1,1,1,1,1,1,1,2
0.7552671,1,1,1,1,1,1,1,1,2
0.7491239,1,1,1,1,1,1,1,1,2
0.7405354,1,1,1,1,1,1,1,1,2
0.7372347,1,1,1,1,1,1,1,1,2
0.7635621,1,1,1,1,1,1,1,1,1
0.7896198,1,1,1,1,1,1,1,1,1
0.7822716,1,1,1,1,1,1,1,1,1
0.774201,1,1,1,1,1,1,1,1,1
0.7661642,1,1,1,1,1,1,1,1,1
0.7581651,1,1,1,1,1,1,1,1,1
0.7502075,1,1,1,1,1,1,1,1,1
0.7422947,1,1,1,1,1,1,1,1,1
0.7344302,1,1,1,1,1,1,1,1,2
0.7266166,1,1,1,1,1,1,1,1,2
0.7188574,1,1,1,1,1,1,1,1,2
0.711155,1,1,1,1,1,1,1,1,2
0.7035125,1,1,1,1,1,1,1,1,2
0.6959321,1,1,1,1,1,1,1,1,2
0.6884161,1,1,1,1,1,1,1,1,2
0.6809667,1,1,1,1,1,1,1,1,2
0.6735858,1,1,1,1,1,1,1,1,2
0.6662752,1,1,1,1,1,1,1,1,2
0.6609272,1,1,1,1,1,1,1,1,2
0.694466,1,1,1,1,1,1,1,1,2
0.7279049,1,1,1,1,1,1,1,1,1
0.7611262,1,1,1,1,1,1,1,1,1
0.793995,1,1,1,1,1,1,1,1,1
0.8263816,1,1,1,1,1,1,1,1,1
0.85818,1,1,1,1,1,1,1,1,1
0.8892924,1,1,1,1,1,1,1,1,1
0.9196082,1,1,1,1,1,1,1,1,1
0.9490477,1,1,1,1,1,1,1,1,1
0.9775385,1,1,1,1,1,1,1,1,1
1,1,1,1,1,1,1,1,1,1
1,1,1,1,1,1,1,1,1,1
1,1,1,1,1,0.9952838,1,1,1,1
1,1,1,1,1,0.9862621,1,1,1,1
1,1,1,1,1,0.9773922,1,1,1,1
1,1,1,1,1,0.9686613,1,1,1,1
1,1,1,1,1,0.960071,1,1,1,1
1,1,1,1,1,0.9516231,1,1,1,1
1,1,1,1,1,0.9433063,1,1,1,1
1,1,1,1,1,0.9351234,1,1,1,1
1,1,1,1,1,0.9270775,1,1,1,1
1,1,1,1,0.9921354,0.9191583,1,1,1,1
1,1,1,1,0.984403,0.9114819,1,1,1,1
1,1,1,1,0.9770488,0.9040481,1,1,1,0
1,1,1,1,0.9700559,0.8968472,1,1,1,0
1,1,1,1,0.9634169,0.889878,1,1,1,0
1,1,1,1,0.9571186,0.8831328,1,1,1,0
1,1,1,1,0.9511555,0.8766112,1,1,1,0
1,1,1,1,0.9455165,0.870307,1,1,1,0
1,1,1,1,0.9401906,0.8606633,1,1,1,0
1,1,1,1,0.9352692,0.8387942,1,1,1,0
1,1,1,1,0.9310802,0.8333659,1,1,1,0
1,1,1,1,0.9271889,0.8281419,1,1,1,0
1,1,1,1,0.9235875,0.8231174,1,1,1,0
1,1,1,1,0.9202685,0.8182874,0.9152938,1,1,0
1,1,1,1,0.9198624,0.8152607,0.8451227,1,1,0
1,1,1,1,0.9219836,0.8138102,0.7730305,1,1,0
1,1,1,1,0.9268198,0.8140553,0.7420799,1,1,0
1,1,1,1,0.933098,0.8152159,0.7387656,1,1,0
1,1,1,1,0.9398883,0.8167204,0.7357585,1,1,0
1,1,1,1,0.9471554,0.8185363,0.7330319,1,1,0
1,1,1,1,0.9548713,0.8206385,0.7305651,1,1,0
1,1,1,1,0.9630165,0.8230098,0.7283446,1,1,0
1,1,1,1,1,0.8256174,0.7263434,1,1,0
1,1,1,1,1,0.8278961,0.7051725,1,1,0
1,1,1,1,1,0.8310328,0.7034644,1,1,0
1,1,1,1,1,0.8345262,0.7020073,0.9907999,1,0
1,1,1,1,1,0.8386532,0.7009257,0.9849502,1,0
1,1,1,1,1,0.8433203,0.7001736,0.9795092,1,0
1,1,1,1,1,0.8485143,0.6997386,0.9744694,1,0
1,1,1,1,1,0.8542199,0.699607,0.9698209,1,0
1,1,1,1,1,0.8604289,0.6997716,0.9655579,1,0
1,1,1,1,1,0.8671139,0.70021,0.7578878,1,0
1,1,1,1,1,1,0.7031077,0.6148632,1,0
1,1,1,1,1,1,0.7066103,0.6115053,1,0
0.9143945,1,1,1,1,1,0.7107433,0.6085743,1,0
0.90253,1,1,1,1,1,0.7155434,0.6060761,1,0
0.8912632,1,1,1,1,1,0.7210505,0.6040177,1,0
0.8805609,1,1,1,1,1,0.7272934,0.6023949,1,0
0.8703777,1,1,1,1,1,0.7343201,0.6012169,1,0
0.8609642,1,1,1,1,1,0.7419118,0.5822264,1,0
0.8520374,1,1,1,1,1,0.7502909,0.5817414,1,0
0.8440582,1,1,1,1,1,0.7589338,0.5815156,0.9164815,0
0.8355761,1,1,1,1,1,1,0.5819987,0.9109321,0
0.8311402,1,1,1,1,1,1,0.5815126,0.9063908,0
0.8268534,1,1,1,1,1,1,0.5812708,0.9021931,0
0.8227124,1,1,1,1,1,1,0.5812755,0.5570534,0
0.8152585,1,1,1,1,1,1,0.583232,0.553683,0
0.8081147,1,1,1,1,1,1,0.5857035,0.5507611,0
0.8012645,1,1,1,1,1,1,0.5887053,0.5482835,0
0.794686,1,1,1,1,1,1,0.5922616,0.5462528,0
0.7883722,1,1,1,1,1,1,0.5963847,0.544661,0
0.7823034,1,1,1,1,1,1,0.6011033,0.525983,0
0.7764677,1,1,1,1,1,1,0.6064414,0.5252477,0
0.7708541,1,1,1,1,1,1,0.6124256,0.5249491,0
0.7654522,1,1,1,1,1,1,0.6190854,0.5250896,0
0.7602526,1,1,1,1,1,1,0.6264535,0.5256719,0
0.7552461,1,1,1,1,1,1,0.6345659,0.5267004,0
0.7504244,1,1,1,1,1,1,0.6434624,0.5281804,0
0.7457796,1,1,1,1,1,1,1,0.5301184,0
0.7440447,1,1,1,1,1,1,1,0.5308846,0
0.7423213,1,1,1,1,1,1,1,0.5317698,0
0.7406127,1,1,1,1,1,1,1,0.5327657,0
0.7389157,1,1,1,1,1,1,1,0.5338702,0
0.7372268,1,1,1,1,1,1,1,0.535081,0
0.7355493,1,1,1,1,1,1,1,0.5363896,0
0.7338799,1,1,1,1,1,1,1,0.5377938,0
0.732215,1,1,1,1,1,1,1,0.5392914,0
0.730558,1,1,1,1,1,1,1,0.5408739,0
0.7289053,1,1,1,1,1,1,1,0.542539,0
0.7272536,1,1,1,1,1,1,1,0.5442847,0
0.7256,1,1,1,1,1,1,1,0.5461086,0
0.7239474,1,1,1,1,1,1,1,0.5480022,0
0.7222926,1,1,1,1,1,1,1,0.5499632,0
0.7206389,1,1,1,1,1,1,1,0.5519832,0
0.7189833,1,1,1,1,1,1,1,0.5540599,0
0.7173226,1,1,1,1,1,1,1,0.5561911,0
0.7156604,1,1,1,1,1,1,1,0.5583686,0
0.7139875,1,1,1,1,1,1,1,1,2
0.7145483,1,1,1,1,1,1,1,1,2
0.7153231,1,1,1,1,1,1,1,1,2
0.7163109,1,1,1,1,1,1,1,1,2
0.7175102,1,1,1,1,1,1,1,1,2
0.7189195,1,1,1,1,1,1,1,1,2
0.7205371,1,1,1,1,1,1,1,1,2
1,1,1,1,1,1,1,1,1,1
1,1,1,1,1,1,1,1,1,1
1,1,1,1,1,1,1,1,1,1
1,1,1,1,1,1,1,1,1,1
1,1,1,1,1,1,1,1,1,1
1,1,1,1,1,1,1,1,1,1
1,1,1,1,1,1,1,1,1,1
1,1,1,1,1,1,1,1,1,1
1,1,1,1,1,1,1,1,1,1
1,1,1,1,1,1,1,1,1,1
1,1,1,1,1,1,1,1,1,1
1,1,1,1,1,1,1,1,1,1
1,1,1,1,1,1,1,1,1,1
1,1,1,1,1,1,1,1,1,1
1,1,1,1,1,1,1,1,1,1
1,1,1,1,1,1,1,1,1,1
1,1,1,1,1,1,1,1,1,1
1,1,1,1,1,1,1,1,1,1
1,1,1,1,1,1,1,1,1,1
1,1,1,1,1,1,1,1,1,1
1,1,1,1,1,1,1,1,1,1
1,1,1,1,1,1,1,1,1,1
1,1,1,1,1,1,1,1,1,1
1,1,1,1,1,1,1,1,1,1
1,1,1,1,1,1,1,1,1,1
1,1,1,1,1,1,1,1,1,1
1,1,1,1,1,1,1,1,1,1
1,1,1,1,1,1,1,1,1,1
1,1,1,1,1,1,1,1,1,1
1,1,1,1,1,1,1,1,1,1
1,1,1,1,1,1,1,1,1,1
1,1,1,1,1,1,1,1,1,1
1,1,1,1,1,1,1,1,1,1
1,1,1,1,1,1,1,1,1,1
1,1,1,1,1,1,1,1,1,1
1,1,1,1,1,1,1,1,1,1
1,1,1,1,1,1,1,1,1,1
1,1,1,1,1,1,1,1,1,1
1,1,1,1,1,1,1,1,1,1
1,1,1,1,1,1,1,1,1,1
1,1,1,1,1,1,1,1,1,1
1,1,1,1,1,1,1,1,1,1
1,1,1,1,1,1,1,1,1,1
1,1,1,1,1,1,1,1,1,1
1,1,1,1,1,1,1,1,1,1
1,1,1,1,1,1,1,1,1,1
1,1,1,1,1,1,1,1,1,1
1,1,1,1,1,1,1,1,1,1
1,1,1,1,1,1,1,1,1,1
1,1,1,1,1,1,1,1,1,1
1,1,1,1,1,1,1,1,1,1
1,1,1,1,1,1,1,1,1,1
1,1,1,1,1,1,1,1,1,1
1,1,1,1,1,1,1,1,1,1
1,1,1,1,1,1,1,1,1,1
1,1,1,1,1,1,0.9364578,1,1,1
0.9921614,1,1,1,1,1,1,1,1,1
0.9922392,1,1,1,1,1,1,1,1,1
0.9923161,1,1,1,1,1,1,1,1,1
0.9923987,1,1,1,1,1,1,1,1,1
0.9924805,1,1,1,1,1,1,1,1,1
0.9925677,1,1,1,1,1,1,1,1,1
0.9926542,1,1,1,1,1,1,1,1,1
0.9927462,1,1,1,1,1,1,1,1,1
0.9928373,1,1,1,1,1,1,1,1,1
0.9929338,1,1,1,1,1,1,1,1,1
0.9930293,1,1,1,1,1,1,1,1,1
0.9931301,1,1,1,1,1,1,1,1,1
0.9932302,1,1,1,1,1,1,1,1,1
0.9933289,1,1,1,1,1,1,1,1,1
0.9934333,1,1,1,1,1,1,1,1,1
0.9935364,1,1,1,1,1,1,1,1,1
0.9936448,1,1,1,1,1,1,1,1,1
0.9937523,1,1,1,1,1,1,1,1,1
0.9938647,1,1,1,1,1,1,1,1,1
0.9939762,1,1,1,1,1,1,1,1,1
0.9940866,1,1,1,1,1,1,1,1,1
0.9632465,1,1,1,1,1,1,1,1,1
0.9202806,1,1,1,1,0.9999838,1,1,1,1
0.8866728,1,1,1,1,0.9904067,1,1,1,2
0.8879388,1,1,1,1,0.9810675,1,1,1,2
0.8892367,1,1,1,1,0.9717078,1,1,1,2
0.8905638,1,1,1,1,0.9623253,1,1,1,1
0.8919176,1,1,1,1,0.9529179,1,1,1,1
0.893289,1,1,1,0.9241339,0.9434835,1,1,1,1
0.8946487,1,1,1,0.9142448,0.934001,1,1,1,1
0.8960133,1,1,1,0.9043611,0.9244823,1,1,1,1
0.8973732,1,1,1,0.8944806,0.9149259,1,1,1,1
0.8987319,1,1,1,0.8846013,0.9053297,1,1,1,1
0.9000734,1,1,1,0.8747218,0.8956922,1,1,1,1
0.901402,1,1,1,0.86484,0.8860123,1,1,1,1
0.9027085,1,1,1,0.854955,0.8762892,1,1,1,1
0.9039909,1,1,1,0.8450649,0.8665217,1,1,1,1
0.9052475,1,1,1,0.8351693,0.8567101,1,1,1,1
0.9064702,1,1,1,0.8252665,0.846854,1,1,1,1
0.9076577,1,1,1,0.8153558,0.8369532,1,1,1,1
0.9088088,1,1,1,0.8054367,0.8270084,1,1,1,1
0.9099167,1,1,1,0.7955085,0.8170202,1,1,1,1
0.9109809,1,1,1,0.785571,0.8069896,1,1,1,1
0.912001,1,1,1,0.7756239,0.7969178,1,1,1,1
0.912971,1,1,1,0.7656675,0.7868062,1,1,1,1
0.9138911,1,1,1,0.7557014,0.776656,1,1,1,1
0.9147625,1,1,1,0.745726,0.7664693,1,1,1,1
0.915579,1,1,1,0.7357413,0.7562474,1,0.6560143,1,0
0.9126352,1,1,1,0.7252085,0.7438858,1,0.6291529,1,0
0.9095467,1,1,1,0.7147611,0.7315893,1,0.6027263,1,0
0.9063441,1,1,1,0.7044131,0.7193857,1,0.5768369,1,0
0.9030679,1,1,1,0.7625238,0.7072997,1,0.5515672,1,0
0.8997613,1,1,1,1,0.6953577,1,0.5519196,1,0
0.8966397,1,1,1,1,0.683663,1,0.5579215,1,0
0.8936817,1,1,1,1,0.6721891,1,0.5640305,1,0
0.8908702,1,1,1,1,0.660914,1,0.5702258,1,0
0.8881896,1,1,1,1,0.6498168,1,0.5764874,1,0
0.8856257,1,1,1,1,0.6388787,0.6840192,0.5827949,1,0
0.882239,1,1,1,1,0.6277405,0.66929,1,1,1
0.881223,1,1,1,1,0.6175836,0.6581224,1,1,1
0.880172,1,1,1,1,0.6074268,0.6469455,1,1,1
1,1,1,1,1,0.5972715,0.635763,1,1,0
1,1,1,1,1,0.5868375,0.6234177,1,1,0
1,1,1,1,1,0.5764538,0.6111761,1,1,0
1,1,1,1,1,0.5661193,0.599039,1,1,0
1,1,1,1,1,0.5558339,0.5870076,1,0.5819073,0
1,1,1,1,1,0.5451617,0.5724465,1,0.5251062,0
1,1,1,1,1,1,0.5583606,1,0.4741952,0
0.8596164,1,1,1,1,1,0.5447285,1,0.4799585,0
0.8563387,1,1,1,1,1,0.5317773,1,0.4862598,0
0.8532397,1,1,1,1,1,0.5192796,1,0.4928699,0
0.8502916,1,1,1,1,1,0.5071902,1,0.4997572,0
0.8474621,1,1,1,1,1,0.4954678,1,0.5068973,0
0.844727,1,1,1,1,1,0.4840745,1,1,1
0.8422853,1,1,1,1,1,0.474442,1,1,1
0.839873,1,1,1,1,1,0.4647946,1,1,1
1,1,1,1,1,1,0.4551321,1,1,0
1,1,1,1,1,1,0.4448846,1,1,0
1,1,1,1,1,1,0.4346748,1,1,0
1,1,1,1,1,1,0.4245025,1,1,0
1,1,1,1,1,1,0.414367,0.4982415,1,0
1,1,1,1,1,1,0.4034919,0.4810607,1,0
1,1,1,1,1,1,0.4280805,0.4644977,1,0
1,1,1,1,1,1,0.5047758,0.4485841,1,0
1,1,1,1,1,1,0.6005262,0.4333354,1,0
0.9421114,1,1,1,1,1,1,0.4186895,1,0
0.9425009,1,1,1,1,1,1,0.4054028,1,0
0.9416934,1,1,1,1,1,1,0.3923291,1,0
0.9406115,1,1,1,1,1,1,0.3794791,1,0
0.9395409,1,1,1,1,1,1,0.3668529,1,0
0.9385829,1,1,1,1,1,1,0.3544465,1,0
0.9377807,1,1,1,1,1,1,0.3422542,1,0
0.9371437,1,1,1,1,1,1,0.3302708,1,0
0.9366786,1,1,1,1,1,1,0.3184906,1,0
0.9363806,1,1,1,1,1,1,0.3069077,0.4350882,0
0.8812916,1,1,1,1,1,1,0.294073,0.4106373,0
0.8370274,1,1,1,1,1,1,0.2896528,0.3876612,0
0.8006314,1,1,1,1,1,1,0.3174409,0.3660386,0
0.7839752,1,1,1,1,1,1,0.3489628,0.3456621,0
0.7829897,1,1,1,1,1,1,0.3843374,0.3265944,0
0.7819515,1,1,1,1,1,1,0.4236681,0.3087951,0
0.7808173,1,1,1,1,1,1,0.4673306,0.2921249,0
0.7795523,1,1,1,1,1,1,1,0.2764594,0
0.776596,1,1,1,1,1,1,1,0.2629136,0
0.7736253,1,1,1,1,1,1,1,0.2497366,0
0.7706329,1,1,1,1,1,1,1,0.2548834,0
0.767475,1,1,1,1,1,1,1,0.2677722,0
0.7640773,1,1,1,1,1,1,1,0.2809373,0
0.7604375,1,1,1,1,1,1,1,0.294335,0
0.7565489,1,1,1,1,1,1,1,0.3079285,0
0.7523995,1,1,1,1,1,1,1,0.3216887,0
0.7479927,1,1,1,1,1,1,1,0.3355636,0
0.7434288,1,1,1,1,1,1,1,0.34952,0
0.7519855,1,1,1,1,1,1,1,0.3635038,0
0.7604533,1,1,1,1,1,1,1,0.3777637,0
0.7688487,1,1,1,1,1,1,1,0.392287,0
0.7771878,1,1,1,1,1,1,1,0.4070818,0
0.785483,1,1,1,1,1,1,1,1,2
0.8165382,1,1,1,1,1,1,1,1,2
0.8467491,1,1,1,1,1,1,1,1,2
0.875857,1,1,1,1,1,1,1,1,2
0.9036353,1,1,1,1,1,1,1,1,1
0.9299,1,1,1,1,1,1,1,1,1
0.9545142,1,1,1,1,1,1,1,1,1
0.9773921,1,1,1,1,1,1,1,1,1
1,1,1,1,1,1,1,1,1,1
1,1,1,1,1,1,1,1,1,1
1,1,1,1,1,1,1,1,1,1
1,1,1,1,1,1,1,1,1,1
1,1,1,1,1,1,1,1,1,1
1,1,1,1,1,1,1,1,1,1
1,1,1,1,1,1,1,1,1,1
1,1,1,1,1,1,1,1,1,1
1,1,1,1,1,1,1,1,1,1
1,1,1,1,1,1,1,1,1,1
1,1,1,1,1,1,1,1,1,1
1,1,1,1,1,1,1,1,1,1
1,1,1,1,1,1,1,1,1,1
1,1,1,1,1,1,1,1,1,1
1,1,1,1,1,1,1,1,1,1
1,1,1,1,1,1,1,1,1,1
1,1,1,1,1,1,1,1,1,1
1,1,1,1,1,1,1,1,1,1
1,1,1,1,1,1,1,1,1,1
1,1,1,1,1,1,1,1,1,1
1,1,1,1,1,1,1,1,1,1
1,1,1,1,1,1,1,1,1,1
1,1,1,1,1,1,1,1,1,1
1,1,1,1,1,1,1,1,1,1
1,1,1,1,1,1,1,1,1,1
1,1,1,1,1,1,1,1,1,1
1,1,1,1,1,1,1,1,1,1
1,1,1,1,1,1,1,1,1,1
1,1,1,1,1,1,1,1,1,1
1,1,1,1,1,1,1,1,1,1
1,1,1,1,1,1,1,1,1,1
1,1,1,1,1,1,1,1,1,1
1,1,1,1,1,1,1,1,1,1
1,1,1,1,1,1,1,1,1,1
1,1,1,1,1,1,1,1,1,1
1,1,1,1,1,1,1,1,1,1
1,1,1,1,1,1,1,1,1,1
1,1,1,1,1,1,1,1,1,1
1,1,1,1,1,1,1,1,1,1
1,1,1,1,1,1,1,1,1,1
1,1,1,1,1,1,1,1,1,1
1,1,1,1,1,1,1,1,1,1
1,1,1,1,1,1,1,1,1,1
1,1,1,1,1,1,1,1,1,1
1,1,1,1,1,1,1,1,1,1
1,1,1,1,1,1,1,1,1,1
1,1,1,1,1,1,1,1,1,1
1,1,1,1,1,1,1,1,1,1
1,1,1,1,1,1,1,1,1,1
1,1,1,1,1,1,1,1,1,1
1,1,1,1,1,1,1,1,1,1
1,1,1,1,1,1,1,1,1,1
1,1,1,1,1,1,1,1,1,1
1,1,1,1,1,1,1,1,1,1
1,1,1,1,1,1,1,1,1,1
1,0.9920225,1,1,1,1,1,1,1,1
1,0.9857472,1,1,1,1,1,1,1,1
1,0.979483,1,1,1,1,1,1,1,1
1,0.9732305,1,1,1,1,1,1,1,1
1,0.9669961,1,1,1,1,1,1,1,1
1,0.9607745,1,1,1,1,1,1,1,1
1,0.9545728,1,1,1,1,1,1,1,1
1,0.948398,1,1,1,1,1,1,1,1
1,0.9422513,1,1,1,1,1,1,1,1
1,0.9361342,1,1,1,1,1,1,1,1
1,0.9300478,1,1,1,1,1,1,1,1
1,0.9240003,1,1,1,1,1,1,1,1
1,0.9179929,1,1,1,1,1,1,1,1
1,0.9120339,1,1,1,1,1,1,1,1
1,0.906119,1,1,1,1,1,1,1,1
1,0.900256,1,1,1,1,1,1,1,1
1,0.8944535,1,1,1,1,1,1,1,2
1,0.8887134,1,1,1,1,1,1,1,2
1,0.8830379,1,1,1,1,1,1,1,2
1,0.877429,1,1,1,1,1,1,1,2
1,0.8718954,1,1,1,1,1,1,1,2
1,0.866439,1,1,1,1,1,1,1,2
1,0.8610684,1,1,0.9915828,1,1,1,1,2
1,0.8558019,1,1,0.9774345,1,1,1,1,2
1,0.8506615,1,1,0.963029,1,1,1,1,2
1,0.8456548,1,1,0.9483957,1,1,1,1,2
1,0.840802,1,1,0.9335654,1,1,1,1,2
1,0.8361107,1,1,0.9185702,1,1,1,1,2
1,0.8315951,1,1,0.9138792,1,1,1,1,2
1,0.8272361,1,1,0.9168779,1,1,1,1,2
1,0.8230221,1,1,0.9203067,1,1,1,1,2
0.8416678,0.8189462,1,0.9752914,0.9241533,1,1,1,1,2
0.8326849,0.8160579,1,0.9505612,0.9398233,1,1,1,1,2
0.8239878,0.8136371,1,0.9260511,0.9582725,1,1,1,1,2
0.8156368,1,1,0.9018911,0.9797205,1,1,1,1,2
0.8089643,1,1,0.8834163,1,1,1,1,1,2
0.8024553,1,1,0.8650569,1,1,1,1,1,2
0.7960569,1,1,0.8465908,1,1,1,1,1,2
0.7898029,1,1,0.8280716,1,1,1,1,1,2
0.7837216,1,1,0.8095525,1,1,1,1,1,2
0.7778468,1,1,0.791085,1,1,1,1,1,2
0.7721997,1,1,0.787707,1,1,1,1,1,2
0.7668352,1,1,0.7982706,1,1,1,1,1,2
0.7617916,1,1,0.8096101,1,1,1,1,1,2
0.7570566,1,1,0.8217328,1,1,1,1,1,2
0.7526295,1,1,0.834671,1,1,1,1,1,2
0.7484968,1,1,0.8484321,1,1,1,1,1,2
0.744651,1,0.8125005,1,1,1,1,1,1,2
0.7410197,1,0.78749,1,1,1,1,1,1,2
0.737734,1,0.7628152,1,1,1,1,1,1,2
0.7348205,1,0.7385622,1,1,1,1,1,1,2
0.7323159,1,0.7148052,1,1,1,1,1,1,2
1,1,0.6916059,1,1,1,1,1,1,2
1,1,0.6748961,1,1,1,1,1,1,2
1,1,0.6582381,1,1,1,1,1,1,2
1,1,0.6500981,1,1,1,1,1,1,2
1,1,0.6544787,1,1,1,1,1,1,2
1,1,0.6589691,1,1,1,1,1,1,2
1,1,0.6635674,1,1,1,1,1,1,2
1,1,0.6682612,1,1,1,1,1,1,2
1,1,0.6730488,1,1,1,1,1,1,2
1,1,0.6779176,1,1,1,1,1,1,2
1,1,0.6828764,1,1,1,1,1,1,2
1,1,0.6879014,1,1,1,1,1,1,2
1,1,0.6930019,1,1,1,1,1,1,2
1,1,1,1,1,1,1,1,1,1
1,1,1,1,1,1,1,1,1,1
1,1,1,1,1,1,1,1,1,1
1,1,1,1,1,1,1,1,1,1
1,1,1,1,1,1,1,1,1,1
1,0.9250695,1,1,1,1,1,1,1,1
1,0.9028915,1,1,1,1,1,1,1,1
1,0.6345204,1,1,1,1,1,1,1,2
1,0.6042604,1,1,1,1,1,1,1,2
1,0.5744251,1,1,1,1,1,1,1,2
1,0.545155,1,1,1,1,1,1,1,2
1,0.5165709,1,1,1,1,1,1,1,2
1,0.4887708,1,1,1,1,1,1,1,2
1,0.4618322,1,1,1,1,1,1,1,2
1,0.4651799,1,1,1,1,1,1,1,2
1,0.4719326,1,1,1,1,1,1,1,2
1,0.4790634,1,1,1,1,1,1,1,2
1,0.4865633,1,1,1,1,1,1,1,2
1,0.4944223,1,1,1,1,1,1,1,2
1,0.5026383,1,1,1,1,1,1,1,2
1,0.5111918,1,1,1,1,1,1,1,2
1,0.5200791,1,1,1,1,1,1,1,2
0.536626,1,1,1,1,1,1,1,1,2
0.4868309,1,1,1,1,1,1,1,1,2
0.439627,1,1,1,1,1,1,1,1,2
0.4072835,1,1,1,1,1,1,1,1,2
0.4134282,1,1,1,1,1,1,1,1,2
0.4201153,1,1,1,1,1,1,1,1,2
0.4273623,1,1,1,1,1,1,1,1,2
0.4352024,1,1,1,1,1,1,1,1,2
0.443559,1,1,1,1,1,1,1,1,2
0.4523896,1,1,1,1,1,1,1,1,2
0.4616784,1,1,1,1,1,1,1,1,2
1,1,1,1,1,1,1,1,1,1
1,1,1,1,1,1,1,1,1,1
1,1,1,1,1,1,1,1,1,1
1,1,1,1,1,1,1,1,1,1
1,1,1,1,1,1,1,1,1,1
1,1,1,1,1,1,1,1,1,1
1,1,1,1,1,1,1,1,1,1
1,1,1,1,1,1,1,1,1,1
1,1,1,0.9947101,1,1,1,1,1,1
1,1,1,0.9851319,1,1,1,1,1,1
1,1,1,0.9755436,1,1,1,1,1,1
1,1,1,0.9659457,1,1,1,1,1,1
1,1,1,0.956338,0.9989235,1,1,1,1,1
1,1,1,0.9467185,0.9888204,1,1,1,1,1
1,1,1,0.9370689,0.9786507,1,1,1,1,1
1,1,1,0.9273897,0.9684162,1,1,1,1,1
1,1,1,0.9176816,0.9581187,1,1,1,1,1
1,1,1,0.9079458,0.9477608,1,1,1,1,1
1,1,1,0.898183,0.9373451,1,1,1,1,1
1,1,1,0.8883948,0.9268745,1,1,1,1,1
1,1,1,0.8785823,0.916352,0.9889123,1,1,1,1
1,1,1,0.8687176,0.905713,0.9770058,1,1,1,1
1,1,1,0.8588026,0.8949605,0.9649038,1,0.9842836,1,1
1,1,1,0.8487652,0.8839234,0.9523058,1,0.9535455,1,0
1,1,1,0.8385478,0.8724561,0.9389542,1,0.9522396,1,0
1,1,1,0.8283015,0.8609111,0.9254658,1,0.9511893,1,0
1,1,1,0.8180351,0.849305,0.9118685,1,0.9503916,1,0
1,1,1,0.807758,0.8376554,0.8981909,1,0.949849,1,0
1,1,1,0.8074032,0.8259778,0.8844598,1,0.949564,1,0
1,1,1,0.8353499,0.8142996,0.8707217,1,0.9495111,1,0
1,1,1,0.8692011,0.8026602,0.8570474,1,0.9496325,1,0
1,1,1,0.9102533,0.7910684,0.8434523,1,0.9499249,1,0
1,1,1,0.9601121,0.7795315,0.8299496,1,0.9503711,1,0
1,1,1,1,0.7680551,0.8165494,1,0.950967,1,0
1,1,1,1,0.7566308,0.8032365,1,0.9517329,1,0
1,1,1,1,0.7452387,0.7899723,1,0.9527259,1,0
1,1,1,1,0.7338863,0.7767703,1,0.9539393,1,0
1,1,1,1,0.7225803,0.7636421,1,0.9553723,1,0
1,1,1,1,0.7113256,0.7505978,1,0.95701,1,0
1,1,1,1,0.7001273,0.737646,1,0.9588507,1,0
1,1,1,1,0.6889886,0.724794,1,0.9608849,1,0
1,1,1,1,0.6779121,0.7120476,1,0.9631025,1,0
1,1,1,1,0.6668993,0.699411,1,0.9654935,1,0
1,1,1,1,0.6559513,0.6868871,1,0.9680465,1,0
1,1,1,1,0.6450685,0.6744785,1,0.970751,1,0
1,1,1,1,0.63425,0.6621856,0.7545124,0.9735953,1,0
1,1,1,1,0.6229707,0.6487752,0.7359535,1,1,0
1,1,0.9997371,1,0.6118941,0.6357406,0.718192,1,0.9101704,0
1,1,0.994723,1,0.6006716,0.6221844,0.6991611,1,0.8388057,0
1,1,0.9909099,1,0.5894819,0.6084399,0.679557,1,0.8405242,0
1,1,0.9872648,0.9313232,0.6498249,0.5951103,0.6607682,1,0.8427068,0
1,1,0.9835275,0.9193004,0.8557889,0.5822458,0.6429384,1,0.8452261,0
1,1,0.9796011,0.9112398,1,0.5698056,0.6260011,1,0.8480069,0
1,1,1,0.9032992,1,0.5576962,0.6097497,1,0.8510677,0
1,1,1,0.8955507,1,0.5458152,0.5939282,1,0.8545409,0
1,1,1,0.8879219,1,0.5341877,0.5786217,1,0.8583277,0
1,1,1,0.8803831,1,0.5227961,0.5638027,1,0.8623945,0
1,1,1,0.8729049,1,0.5116212,0.5494414,1,0.8667071,0
1,1,1,0.8654579,1,0.5006436,0.5355074,1,0.8712303,0
1,1,1,0.858014,1,0.489844,0.52197,1,0.8759359,0
1,1,1,0.8505465,1,0.5263208,0.5087988,1,0.8807834,0
1,1,1,0.8429884,0.984185,0.6165775,0.4959966,1,0.8856727,0
1,1,1,0.8352677,0.8706101,0.7294506,0.4835593,1,0.8905081,0
1,1,1,0.8272587,0.7981673,1,0.4715108,0.6160268,0.8950859,0
1,1,1,0.821741,0.790073,1,0.4582267,0.5917729,1,0
1,1,1,0.8153046,0.7817404,1,0.4458478,0.5707338,1,0
1,1,1,0.8089658,0.7735472,1,0.4337174,0.5504662,1,0
1,1,1,0.8026975,0.7654763,1,0.4218296,0.5309506,1,0
1,1,1,0.7964727,0.7575089,1,0.4101763,0.5121613,1,0
1,1,1,0.7902635,0.7496254,1,0.3987473,0.4940675,1,0
1,1,1,0.7840421,0.7418055,1,0.3875309,0.4766349,1,0
1,1,1,0.7777814,0.7340288,1,0.3765142,0.4598272,1,0
1,1,1,0.7714553,0.7262753,1,0.3656839,0.4436068,1,0
1,1,1,0.765039,0.7185254,0.8565114,0.400455,0.4279358,1,0
1,1,1,0.7582073,0.7105958,0.7295894,0.441361,0.4130118,1,0
1,1,1,0.7509128,0.7024484,0.6792479,0.4841623,0.398761,1,0
1,1,1,0.7432395,0.6941193,0.6701905,0.5289789,0.3850316,1,0
1,1,1,0.7352507,0.6856371,0.6611139,0.5759028,0.3717172,1,0
1,1,1,0.7269514,0.6769992,0.6520077,0.6245636,0.3587667,1,0
1,1,1,0.7183499,0.668206,0.6428645,0.6744193,0.3461352,0.543693,0
1,1,1,1,0.6627848,0.63519,0.9636289,0.3305516,0.5093794,0
1,1,1,1,0.6576527,0.6278161,0.9521583,0.3155836,0.4774963,0
1,1,1,1,0.6528115,0.6207393,0.9412212,0.3011958,0.4478028,0
1,1,1,1,0.6482638,0.6139569,0.9308055,0.2873555,0.4200885,0
1,1,1,1,0.6440128,0.6074666,0.9208997,0.2740322,0.3941698,0
1,1,1,1,0.6400631,0.6012671,0.9114944,0.2611985,0.3698855,0
1,1,1,1,0.6364197,0.5953575,0.9025809,0.2812208,0.3470932,0
1,1,1,1,0.6330882,0.5897375,0.6221448,0.3067385,0.3256666,0
1,1,1,1,0.6296452,0.5841601,0.5558383,0.3344816,0.3058928,0
1,1,1,1,1,0.5784382,0.5477239,0.3638048,0.2877397,0
1,1,1,1,1,0.5736153,0.5400256,0.4002129,0.2696227,0
1,1,1,1,1,0.5690863,0.5326427,0.4419399,0.2525035,0
1,1,1,1,1,0.5646229,0.5254973,0.4885376,0.2365058,0
1,1,1,1,1,0.5599581,0.5184734,0.5388243,0.2283328,0
1,1,1,1,1,0.5550042,0.5115016,1,0.2414665,0
1,1,1,1,1,0.5483846,0.5040402,1,0.2531846,0
1,1,1,1,1,0.541531,0.4965463,1,0.2649525,0
1,1,1,1,1,0.5344434,0.4890091,0.8338861,0.2767207,0
1,1,1,1,1,0.5275759,0.4815953,0.8240238,0.2890866,0
1,1,1,1,1,0.5204776,0.4741329,0.8144751,0.3014381,0
1,1,1,1,1,0.5131527,0.4666158,0.8051994,0.3137352,0
1,1,1,1,1,1,0.4590392,0.7961617,0.3259403,0
1,1,1,1,1,1,0.4524772,0.785808,0.3425048,0
1,1,1,1,1,1,0.4459155,0.7759166,0.3593778,0
1,1,1,1,1,1,0.4393357,0.7664274,0.3764998,0
1,1,1,1,1,1,0.4327224,0.4228888,0.3937993,0
1,1,1,1,1,1,0.4263645,0.4144453,0.4126686,0
1,1,1,1,1,1,0.4199367,0.4062403,0.4316035,0
1,1,1,1,1,1,0.4134289,0.3982367,0.4505069,0
1,1,1,1,1,1,0.4068345,0.3904027,0.4693085,0
1,1,1,1,1,1,0.4001498,0.3827115,1,2
1,1,1,1,1,1,0.391827,0.3755611,1,2
1,1,1,1,1,1,0.3835266,0.368371,1,2
1,1,1,1,1,1,0.3752469,0.3611417,1,2
1,1,1,1,1,1,0.3669862,0.3538739,1,1
1,1,1,1,1,1,0.358743,0.346568,1,1
1,1,1,1,1,1,0.3505158,0.3392248,1,1
1,1,1,1,1,1,0.342303,0.3318447,1,1
1,1,1,1,1,1,0.3341036,0.3244288,1,1
1,1,1,1,1,1,0.3259163,0.3169779,1,1
1,1,1,1,1,1,0.3177398,0.3094927,1,1
1,1,1,1,1,1,0.3095734,0.3019744,1,1
1,1,1,1,1,1,0.3014159,0.294424,1,1
1,1,1,1,1,1,0.2932664,0.2868423,0.343721,0
1,1,1,1,1,1,0.2864804,0.2786154,0.3316577,0
1,1,1,1,1,1,1,0.2705776,0.3201113,0
1,1,1,1,1,1,1,0.2624743,0.3073998,0
1,1,1,1,1,1,1,0.2546686,0.2954122,0
1,1,1,1,1,1,1,0.2471341,0.284081,0
1,1,1,1,1,1,1,0.2398467,0.2733449,0
1,1,1,1,1,1,1,0.2327836,0.2631479,0
1,1,1,1,1,1,1,0.2259238,0.2534392,0
1,1,1,1,1,1,1,0.2192485,0.2441731,0
1,1,1,1,1,1,1,0.2127403,0.2353083,0
1,1,1,1,1,1,1,0.2063834,0.2268074,0
1,1,1,1,1,1,1,1,0.2186367,0
1,1,1,1,1,1,1,1,0.2107065,0
1,1,1,1,1,1,1,1,0.2030338,0
1,1,1,1,1,1,1,1,0.1956051,0
1,1,1,1,1,1,1,1,0.1884079,0
1,1,1,1,1,1,1,1,0.1814303,0
1,1,1,1,1,1,1,1,0.174661,0
1,1,1,1,1,1,1,1,0.1694086,0
1,1,1,1,1,1,1,1,0.2020667,0
1,1,1,0.9893988,1,1,1,1,0.2366487,0
1,1,1,0.9765143,1,1,1,1,0.2727251,0
1,1,1,0.9642294,1,1,1,1,0.3099365,0
1,1,1,0.9524714,1,1,1,1,0.3479623,0
1,1,1,0.9411799,1,1,1,1,0.3864571,0
1,1,1,0.9303043,1,1,1,1,0.4250607,1
1,1,1,0.919803,1,1,1,1,1,1
1,1,1,0.911687,1,1,1,1,1,1
1,1,1,0.9036883,1,1,1,1,1,1
1,1,1,0.8958047,1,1,1,1,1,1
1,1,1,0.8880351,1,1,1,1,1,2
1,1,1,0.8803844,1,1,1,1,1,2
1,1,1,0.8728517,1,1,1,1,1,2
1,1,0.9163182,0.8654357,1,1,1,1,1,2
1,1,0.8144226,0.8593928,1,1,1,1,1,2
1,1,0.7938675,0.8550715,1,1,1,1,1,2
1,1,0.7871879,0.8513063,1,1,1,1,1,2
1,1,0.7807661,1,1,1,1,1,1,2
1,1,0.7737466,1,1,1,1,1,1,2
1,1,0.7668574,1,1,1,1,1,1,2
1,1,0.7601137,1,1,1,1,1,1,2
1,1,0.7535113,1,1,1,1,1,1,2
1,1,0.7470589,1,1,1,1,1,1,2
1,1,0.7407644,1,1,1,1,1,1,2
1,1,0.7346298,1,1,1,1,1,1,2
1,1,0.7286565,1,1,1,1,1,1,2
1,1,0.7228461,1,1,1,1,1,1,2
1,1,0.7172061,1,1,1,1,1,1,2
1,1,0.7117373,1,1,1,1,1,1,2
1,1,0.7064471,1,1,1,1,1,1,2
1,1,0.7013361,1,1,1,1,1,1,2
1,1,0.6964048,1,1,1,1,1,1,2
1,1,0.6916597,1,1,1,1,1,1,2
1,1,0.6871011,1,1,1,1,1,1,2
1,1,1,1,1,1,1,1,1,1
1,1,1,1,1,1,1,1,1,1
1,1,1,1,1,1,1,1,1,1
1,1,1,1,1,1,1,1,1,1
1,0.613386,1,1,1,1,1,1,1,2
1,0.6057751,1,1,1,1,1,1,1,2
1,0.5984501,1,1,1,1,1,1,1,2
1,0.5914214,1,1,1,1,1,1,1,2
1,0.5846924,1,1,1,1,1,1,1,2
1,0.5782664,1,1,1,1,1,1,1,2
1,0.5721582,1,1,1,1,1,1,1,2
1,0.5663699,1,1,1,1,1,1,1,2
1,0.5609096,1,1,1,1,1,1,1,2
1,0.5557785,1,1,1,1,1,1,1,2
1,0.550984,1,1,1,1,1,1,1,2
1,0.5465265,1,1,1,1,1,1,1,2
1,0.5424127,1,1,1,1,1,1,1,2
1,0.5386489,1,1,1,1,1,1,1,2
0.5464248,0.5352349,1,1,1,1,1,1,1,2
0.5384639,1,1,1,1,1,1,1,1,2
0.5312536,1,1,1,1,1,1,1,1,2
0.5244244,1,1,1,1,1,1,1,1,2
0.5179857,1,1,1,1,1,1,1,1,2
0.5119407,1,1,1,1,1,1,1,1,2
0.5063041,1,1,1,1,1,1,1,1,2
0.5010719,1,1,1,1,1,1,1,1,2
0.4962578,1,1,1,1,1,1,1,0.9969029,2
0.4918677,1,1,1,1,1,1,1,0.9863361,2
0.4879072,1,1,1,1,1,1,1,0.9763521,2
0.4843655,1,1,1,1,1,1,1,0.9669193,2
0.7323049,1,1,1,1,1,1,1,0.958007,2
1,1,1,1,1,1,1,1,0.9555839,1
1,1,1,1,1,1,1,1,0.9596722,1
1,1,1,1,1,1,1,1,0.9636992,1
1,1,1,1,1,1,1,1,0.9676646,1
1,1,1,1,1,1,1,1,0.9715682,1
1,1,1,1,1,1,1,1,0.9754097,1
1,1,1,1,1,1,1,1,0.9791822,1
1,1,1,1,1,1,1,1,0.982886,1
1,1,1,1,1,1,1,1,0.9865209,1
1,1,1,1,1,1,1,1,0.9900878,1
1,1,1,1,1,1,1,1,0.9935868,1
1,1,1,1,1,1,1,1,0.9970117,1
1,1,1,1,1,1,1,1,1,1
1,1,1,1,1,1,1,1,1,1
1,1,1,1,1,1,1,1,1,1
1,1,1,1,1,1,1,1,1,1
1,1,1,1,1,1,1,1,1,1
1,1,1,1,1,1,1,1,1,1
1,1,1,1,1,1,1,1,1,1
1,1,1,1,1,1,1,1,1,1
1,1,1,1,1,1,1,1,1,1
1,1,1,1,1,1,1,1,1,1
1,1,1,1,1,1,1,1,1,1
1,1,1,1,1,1,1,1,1,1
1,1,1,1,1,1,1,1,1,1
1,1,1,1,1,1,1,1,1,1
1,1,1,1,1,1,1,1,1,1
1,1,1,1,1,1,1,1,1,1
1,1,1,1,1,1,1,1,1,1
1,1,1,1,1,1,1,1,1,1
1,1,1,1,1,1,1,1,1,1
1,1,1,1,1,1,1,1,1,1
1,1,1,1,1,1,1,1,1,1
1,1,1,1,1,1,1,1,1,1
1,1,1,1,1,1,1,1,1,1
1,1,1,1,1,1,1,1,1,1
1,1,1,1,1,1,1,1,1,1
1,1,1,1,1,1,1,1,1,1
1,1,1,1,1,1,1,1,1,1
1,1,1,1,1,1,1,1,1,1
1,1,1,1,1,1,1,1,1,1
1,1,1,1,1,1,1,1,1,1
1,1,1,1,1,1,1,1,1,1
1,1,1,1,1,1,1,1,1,1
1,1,1,1,1,1,1,1,1,1
1,1,1,1,1,1,1,1,1,1
1,1,1,1,1,1,1,1,1,1
1,1,1,1,1,1,1,1,1,1
1,1,1,1,1,1,1,1,1,1
1,1,1,1,1,1,1,1,1,1
1,1,1,1,1,1,1,1,1,1
1,1,1,1,1,1,1,1,1,1
1,1,1,1,1,1,1,1,1,1
1,1,1,1,1,1,1,1,1,1
1,1,1,1,1,1,1,1,1,1
1,1,1,1,1,1,1,1,1,1
1,1,1,1,1,1,1,1,1,1
1,1,1,1,1,1,1,1,1,1
1,1,1,1,1,1,1,1,1,1
1,1,1,1,1,1,1,1,1,1
1,1,1,1,1,1,1,1,1,1
1,1,1,1,1,1,1,1,1,1
1,1,1,1,1,1,1,1,1,1
1,1,1,1,1,1,1,1,1,1
1,1,1,1,1,1,1,1,1,1
1,1,1,1,1,1,1,1,1,1
1,1,1,1,1,1,1,1,1,1
1,1,1,1,1,1,1,1,1,1
1,1,1,1,1,1,1,1,1,1
1,1,1,1,1,1,1,1,1,1
1,1,1,1,1,1,1,1,1,1
1,1,1,1,1,1,1,1,1,1
1,1,1,1,1,1,1,1,1,1
1,1,1,1,1,1,1,1,1,1
1,1,1,1,1,1,1,1,1,1
1,1,1,1,1,1,1,1,1,1
1,1,1,1,1,1,1,1,1,1
1,1,1,1,1,1,1,1,1,1
1,1,1,1,1,1,1,1,1,1
1,1,1,1,1,1,1,1,1,1
1,1,1,1,1,1,1,1,1,1
1,1,1,1,1,1,1,1,1,1
1,1,1,1,1,1,1,1,1,1
1,1,1,1,1,1,1,1,1,1
1,1,1,1,1,1,1,1,1,1
1,1,1,1,1,1,1,1,1,1
1,1,1,1,1,1,1,1,1,1
1,1,1,1,1,1,1,1,1,1
1,1,1,1,1,1,1,1,1,1
1,1,1,1,1,1,1,1,1,1
1,1,1,1,1,1,1,1,1,1
1,1,1,1,1,1,1,1,1,1
1,1,1,1,1,1,1,1,1,1
1,1,1,1,1,1,1,1,1,1
1,1,1,1,1,1,1,1,1,1
1,1,1,1,1,1,1,1,1,1
1,1,1,1,1,1,1,1,1,1
1,1,1,1,1,1,1,1,1,1
1,1,1,1,1,1,1,1,1,1
1,1,1,1,1,1,1,1,1,1
1,1,1,1,1,1,1,1,1,1
1,1,1,1,1,1,1,1,1,1
1,1,1,1,1,1,1,1,1,1
1,1,1,1,1,1,1,1,1,1
1,1,1,1,1,1,1,1,1,1
1,1,1,1,1,1,1,1,1,1
1,1,1,1,1,1,1,1,1,1
1,1,1,1,1,1,1,1,1,1
1,1,1,1,1,1,1,1,1,1
1,1,1,1,1,1,1,1,1,1
1,1,1,1,1,1,1,1,1,1
1,1,1,1,1,1,1,1,1,1
1,1,1,1,1,1,1,1,1,1
1,1,1,1,1,1,1,1,1,1
1,1,1,1,1,1,1,1,1,1
1,1,1,1,1,1,1,1,1,1
1,1,1,1,1,1,1,1,1,1
1,1,1,1,1,1,1,1,1,1
1,1,1,1,1,1,1,1,1,1
1,1,1,1,1,1,1,1,1,1
1,1,1,1,1,1,1,1,1,1
1,1,1,1,1,1,1,1,1,1
1,1,1,1,1,1,1,1,1,1
1,1,1,1,1,1,1,1,1,1
1,1,1,1,1,1,1,1,1,1
1,1,1,1,1,1,1,1,1,1
1,1,1,1,1,1,1,1,1,1
1,1,1,1,1,1,1,1,1,1
1,1,1,1,1,1,1,1,1,1
1,1,1,1,1,1,1,1,1,1
1,1,1,1,1,1,1,1,1,1
1,1,1,1,1,1,1,1,1,1
1,1,1,1,1,1,1,1,1,1
1,1,1,1,1,1,1,1,1,1
1,1,1,1,1,1,1,1,1,1
1,1,1,1,1,1,1,1,1,1
1,1,1,1,1,1,1,1,1,1
1,1,1,1,1,1,1,1,1,1
1,1,1,1,1,1,1,1,1,1
1,1,1,1,1,1,1,1,1,1
1,1,1,1,1,1,1,1,1,1
1,1,1,1,1,1,1,1,1,1
1,1,1,1,1,1,1,1,1,1
1,1,1,1,1,1,1,1,1,1
1,1,1,1,1,1,1,1,1,1
1,1,1,1,1,1,1,1,1,1
1,1,1,1,1,1,1,1,1,1
1,1,1,1,1,1,1,1,1,1
1,1,1,1,1,1,1,1,1,1
1,1,1,1,1,1,1,1,1,1
1,1,1,1,1,1,1,1,1,1
1,1,1,1,1,1,1,1,1,1
1,1,1,1,1,1,1,1,1,1
1,1,1,1,1,1,1,1,1,1
1,1,1,1,1,1,1,1,1,1
1,1,1,1,1,1,1,1,1,1
1,1,1,1,1,1,1,1,1,1
1,1,1,1,1,1,1,1,1,1
1,1,1,1,1,1,1,1,1,1
1,1,1,1,1,1,1,1,1,1
1,1,1,1,1,1,1,1,1,1
1,1,1,1,1,1,1,1,1,1
1,1,1,1,1,1,1,1,1,1
1,1,1,1,1,1,1,1,1,1
1,1,1,1,1,1,1,1,1,1
1,1,1,1,1,1,1,1,1,1
1,1,1,1,1,1,1,1,1,1
1,1,1,1,1,1,1,1,1,1
1,1,1,1,1,1,1,1,1,1
1,1,1,1,1,1,1,1,1,1
1,1,1,1,1,1,1,1,1,1
1,1,1,1,1,1,1,1,1,1
1,1,1,1,1,1,1,1,1,1
1,1,1,1,1,1,1,1,1,1
1,1,1,1,1,1,1,1,1,1
1,1,1,1,1,1,1,1,1,1
1,1,1,1,1,1,1,1,1,1
1,1,1,1,1,1,1,1,1,1
1,1,1,1,1,1,1,1,1,1
1,1,1,1,1,1,1,1,1,1
1,1,1,1,1,1,1,1,1,1
1,1,1,1,1,1,1,1,1,1
1,1,1,1,1,1,1,1,1,1
1,1,1,1,1,1,1,1,1,1
1,1,1,1,1,1,1,1,1,1
1,1,1,1,1,1,1,1,1,1
1,1,1,1,1,1,1,1,1,1
1,1,1,1,1,1,1,1,1,1
1,1,1,1,1,1,1,1,1,1
1,1,1,1,1,1,1,1,1,1
1,1,1,1,1,1,1,1,1,1
1,1,1,1,1,1,1,1,1,1
1,1,1,1,1,1,1,1,1,1
1,1,1,1,1,1,1,1,1,1
1,1,1,1,1,1,1,1,1,1
1,1,1,1,1,1,1,1,1,1
1,1,1,1,1,1,1,1,1,1
1,1,1,1,1,1,1,1,1,1
1,1,1,1,1,1,1,1,1,1
1,1,1,1,1,1,1,1,1,1
1,1,1,1,1,1,1,1,1,1
1,1,1,1,1,1,1,1,1,1
1,1,1,1,1,1,1,1,1,1
1,1,1,1,1,1,1,1,1,1
0.9845767,1,1,1,1,1,1,1,1,1
0.9437423,1,1,1,1,1,1,1,1,1
0.8975941,1,1,1,1,1,1,1,1,1
0.8485177,1,1,1,1,1,1,1,1,2
0.8501056,1,1,1,1,1,1,1,1,2
0.8517698,1,1,1,1,1,1,1,1,2
0.853515,1,1,1,1,1,1,1,1,2
0.8553398,1,1,1,1,1,1,1,1,2
0.8572365,1,1,1,1,1,1,0.9999695,1,2
0.8592089,1,1,1,1,1,1,0.9950199,1,2
0.8612045,1,1,1,1,1,1,0.9902676,1,2
0.8632143,1,1,1,1,1,1,0.9857073,1,2
0.865236,1,1,1,1,1,1,0.9813258,1,2
0.8672678,1,1,1,1,1,1,0.9771119,1,2
0.8693011,1,1,1,1,1,1,0.9730619,1,2
0.8713347,1,1,1,1,1,1,0.9691652,1,1
0.8733671,1,1,1,1,1,1,0.9654121,1,1
0.8753906,1,1,1,1,1,1,0.9618009,1,1
0.8774041,1,1,1,1,1,1,0.958323,1,1
0.8794068,1,1,1,1,1,1,0.9549696,1,1
0.8813915,1,1,1,1,1,1,0.9517409,1,1
0.8833576,1,1,1,1,1,1,0.948629,1,1
0.8852983,1,1,1,1,1,1,0.9456345,1,1
0.88722,1,1,1,1,1,1,0.942743,1,1
0.8891159,1,1,1,1,1,1,0.9399561,1,1
0.8909796,1,1,1,1,1,1,0.9372749,1,1
1,1,1,1,1,1,1,0.9346861,1,1
1,1,1,1,1,1,1,0.9348815,1,1
1,1,1,1,1,1,1,0.9351052,1,1
1,1,1,1,1,1,1,0.9353496,1,1
1,1,1,1,1,1,1,0.9356213,1,1
1,1,1,1,1,1,1,0.9359199,1,1
1,0.9951711,1,1,1,1,1,0.9362375,0.9855682,1
1,0.983731,1,1,1,1,1,0.9368774,0.9127012,0
1,0.9748146,1,1,1,1,1,1,0.8296335,0
1,0.9667928,1,1,1,1,1,1,0.7799649,0
1,0.9604777,1,1,1,1,1,1,0.7804631,0
1,0.9538776,1,1,1,1,1,1,0.7810515,0
1,0.9469697,1,1,1,1,1,1,0.7817302,0
1,0.9397299,1,1,1,1,1,1,0.782486,0
1,0.9321339,1,1,1,1,1,1,0.7833056,0
1,0.9241582,1,1,1,1,1,1,0.7841818,0
1,0.9157792,1,1,1,1,1,1,0.7851069,0
1,0.9069732,1,1,1,1,1,1,0.7860669,0
1,0.8977181,1,1,1,1,1,1,0.7870475,0
1,0.8879933,1,1,1,1,1,1,0.7880405,0
1,0.8825693,1,1,1,1,1,1,0.7890313,0
1,0.8790096,1,1,1,1,1,1,0.7900443,0
1,0.8755667,1,1,1,1,1,1,0.7910894,0
1,0.8722415,1,1,1,1,1,1,0.7921588,0
1,0.869027,1,1,1,1,1,1,0.7932514,1
1,0.8659163,1,1,1,1,1,1,0.7943659,1
1,0.862911,1,1,1,1,1,1,0.7954952,1
1,0.8600053,1,1,1,1,1,1,0.7966379,1
1,0.8571929,1,1,1,1,1,1,0.7977934,1
1,0.8544683,1,1,1,1,1,1,0.798961,1
1,0.8518343,1,1,1,1,1,1,0.8001337,1
1,0.8492855,1,1,1,1,1,1,0.8013108,1
1,0.8468171,1,1,1,1,1,1,0.8024918,1
1,0.8444244,1,1,1,1,1,1,0.8036766,1
1,0.8421108,1,1,1,1,1,1,0.8048581,1
1,0.8398717,1,1,1,1,1,1,0.8060362,1
1,0.8377032,1,1,1,1,1,1,1,2
1,0.8405655,1,1,1,1,1,1,1,2
1,0.8434694,1,1,1,1,1,1,1,2
1,0.8464052,1,1,1,1,1,1,1,2
1,0.8493711,1,1,1,1,1,1,1,2
1,0.8523732,1,1,1,1,1,1,1,2
1,0.8553939,1,1,1,1,1,1,1,2
1,0.8584396,1,1,1,1,1,1,1,2
1,0.8615083,1,1,1,1,1,1,1,2
1,0.8645908,1,1,1,1,1,1,1,2
1,1,1,1,1,1,1,1,1,1
1,1,1,1,1,1,1,1,1,1
1,1,1,1,1,1,1,1,1,1
1,1,1,1,1,1,1,1,1,1
1,1,1,1,1,1,1,1,1,1
1,1,1,1,1,1,1,1,1,1
1,1,1,1,1,1,1,1,1,1
0.9280428,1,1,1,1,1,1,1,1,1
0.8792019,1,1,1,1,1,1,1,1,2
0.825399,1,1,1,1,1,1,1,1,2
0.7675251,1,1,1,1,1,1,1,1,2
0.7068403,1,1,1,1,1,1,1,1,2
0.6970327,1,1,1,1,1,1,1,1,2
0.7001275,1,1,1,1,1,1,1,1,2
0.7034391,1,1,1,1,1,1,1,1,2
0.7069576,1,1,1,1,1,1,1,1,2
0.7106796,0.984814,1,1,1,1,1,1,1,2
0.7147207,0.9591457,1,1,1,1,1,1,1,2
0.7191855,0.942163,1,1,1,1,1,1,1,2
0.7240084,0.9564531,1,1,1,1,1,1,1,2
0.7289262,0.9707561,1,1,1,1,1,1,1,2
0.7339101,0.9850144,1,1,1,1,1,1,1,2
0.7389392,0.9991814,1,1,1,1,1,1,1,2
0.7440004,1,1,1,1,1,1,1,1,2
1,1,1,1,1,1,1,1,1,1
1,1,1,1,1,1,1,1,1,1
1,1,1,1,1,1,1,1,1,1
1,1,1,1,1,1,1,1,1,1
1,1,1,1,1,1,1,1,1,1
1,1,1,1,1,1,1,1,1,1
1,1,1,1,1,1,1,1,1,1
1,1,1,1,1,1,1,1,1,1
1,1,1,1,1,1,1,1,1,1
1,1,1,1,1,1,1,1,1,1
1,1,1,1,1,1,1,1,1,1
1,1,1,1,1,1,1,1,1,1
1,1,1,1,1,1,1,1,1,1
1,1,1,1,1,1,1,1,1,1
1,1,1,1,1,1,1,1,1,1
1,1,1,1,1,1,1,1,1,1
1,1,1,1,1,1,1,1,1,1
1,1,1,1,1,1,1,1,1,1
1,1,1,1,1,1,1,1,1,1
1,1,1,1,1,1,1,1,1,1
0.9897913,1,1,1,1,1,1,1,1,1
0.9654768,1,1,1,1,1,1,1,1,1
0.9393333,1,1,1,1,1,1,1,1,1
0.911404,1,1,1,1,1,1,1,1,1
0.8817827,1,1,1,1,1,1,1,1,2
0.8506099,1,1,1,1,1,1,1,1,2
0.8180734,1,1,1,1,1,1,1,1,2
0.7912013,1,1,1,1,1,1,1,1,2
0.7965443,1,1,1,1,1,1,1,1,2
0.8019735,1,1,1,1,1,1,1,1,2
0.8074698,1,1,1,1,1,1,1,1,2
0.8130358,1,1,1,1,1,1,1,1,2
0.8186595,1,1,1,1,1,1,1,1,2
0.8243362,1,1,1,1,1,1,1,1,2
0.8300538,1,1,1,1,1,1,1,1,2
0.8358079,1,1,1,1,1,1,1,1,2
0.8415869,1,1,1,1,1,1,1,1,2
0.8473862,1,1,1,1,1,1,1,1,2
0.8532014,1,1,1,1,1,1,1,1,2
0.8590212,1,1,1,1,1,1,1,1,2
0.8648416,1,1,1,1,1,1,1,1,2
0.8706582,1,1,1,1,1,1,1,1,2
0.8764604,1,1,1,1,1,1,1,1,2
0.8822442,1,1,1,1,1,1,1,1,2
1,1,1,1,1,1,1,1,1,1
1,1,1,1,1,1,1,1,1,1
1,1,1,1,1,1,1,1,1,1
1,1,1,1,1,1,1,1,1,1
1,1,1,1,1,1,1,1,1,1
1,1,1,1,1,1,1,1,1,1
1,1,1,1,1,1,1,1,1,1
1,1,1,1,1,1,1,1,1,1
1,1,1,1,1,1,1,1,1,1
1,1,1,1,1,1,1,1,1,1
1,1,1,1,1,1,1,1,1,1
1,1,1,1,1,1,1,1,1,1
1,1,1,1,1,1,1,1,1,1
1,1,1,1,1,1,1,1,1,1
1,1,1,1,1,1,1,1,1,1
1,1,1,1,1,1,1,1,1,1
1,1,1,1,1,1,1,1,1,1
1,1,1,1,1,1,1,1,1,1
1,1,1,1,1,1,1,1,1,1
1,1,1,1,1,1,1,1,1,1
1,1,1,1,1,1,1,1,1,1
1,1,1,1,1,1,1,1,1,1
1,1,1,1,1,1,1,1,1,1
1,1,1,1,1,1,1,1,1,1
1,1,1,1,1,1,1,1,1,1
1,1,1,1,1,1,1,1,1,1
1,1,1,1,1,1,1,1,1,1
1,1,1,1,1,1,1,1,1,1
1,1,1,1,1,1,1,1,1,1
1,1,1,1,1,1,1,1,1,1
1,1,1,1,1,1,1,1,1,1
1,1,1,1,1,1,1,1,1,1
1,1,1,1,1,1,1,1,1,1
1,1,1,1,1,1,1,1,1,1
1,1,1,1,1,1,1,1,1,1
1,1,1,1,1,1,1,1,1,1
1,1,1,1,1,1,1,1,1,1
1,1,1,1,1,1,1,1,1,1
1,1,1,1,1,1,1,1,1,1
1,1,1,1,1,1,1,1,1,1
1,1,1,1,1,1,1,1,1,1
1,1,1,1,1,1,1,1,1,1
1,1,1,1,1,1,1,1,1,1
1,1,1,1,1,1,1,1,1,1
1,1,1,1,1,1,1,1,1,1
1,1,1,1,1,1,1,1,1,1
1,1,1,1,1,1,1,1,1,1
1,1,1,1,1,1,1,1,1,1
1,1,1,1,1,1,1,1,1,1
1,1,1,1,1,1,1,1,1,1
1,1,1,1,1,1,1,1,1,1
1,1,1,1,1,1,1,1,1,1
1,1,1,1,1,1,1,1,1,1
1,1,1,1,1,1,1,1,1,1
1,1,1,1,1,1,1,1,1,1
1,1,1,1,1,1,1,1,1,1
1,1,1,1,1,1,1,1,1,1
1,1,1,1,1,1,1,1,1,1
1,1,1,1,1,1,1,1,1,1
1,1,1,1,1,1,1,1,1,1
1,1,1,1,1,1,1,1,1,1
1,1,1,1,1,1,1,1,1,1
1,1,1,1,1,1,1,1,1,1
1,1,1,1,1,1,1,1,1,1
1,1,1,1,1,1,1,1,1,1
1,1,1,1,1,1,1,1,1,1
1,1,1,1,1,1,1,1,1,1
1,0.9917358,1,1,1,1,1,1,1,1
1,0.9802197,1,1,1,1,1,1,1,1
1,0.9685435,1,1,1,1,1,1,1,1
1,0.9567125,1,1,1,1,1,1,1,1
1,0.9447325,1,1,1,1,1,1,1,1
1,0.9326109,1,1,1,1,1,1,1,1
1,0.9203548,1,1,1,1,1,1,1,1
1,0.9079726,1,1,1,1,1,1,1,1
1,0.8954727,1,1,1,1,1,1,1,1
1,0.8828651,1,1,1,1,1,1,1,1
1,0.8701593,1,1,1,1,1,1,1,1
1,0.8573656,1,1,1,1,1,1,1,1
1,0.8444951,1,1,1,1,1,1,1,1
1,0.8315588,1,1,1,1,1,1,1,1
1,0.8185681,1,1,1,1,1,1,1,1
1,0.8055344,1,1,1,1,1,1,1,2
1,0.7924694,1,1,1,1,1,1,1,2
1,0.779385,1,1,1,1,1,1,1,2
1,0.7662929,1,1,1,1,1,1,1,2
1,0.7616637,1,1,1,1,1,1,1,2
1,0.7752239,1,1,1,1,1,1,1,2
1,0.7886883,1,1,1,1,1,1,1,2
1,0.8020167,1,1,1,1,1,1,1,1
1,0.8152074,1,1,1,1,1,1,1,1
1,0.8282207,1,1,1,1,1,1,1,1
1,0.8410568,1,1,1,1,1,1,1,1
1,0.8536908,1,1,1,1,1,1,1,1
1,0.8660987,1,1,1,1,1,1,1,1
1,0.8782707,1,1,1,1,1,1,1,1
1,0.8901979,1,1,1,1,1,1,1,1
1,0.9018592,1,1,1,1,1,1,1,1
0.8926497,0.9132482,1,1,1,1,1,1,1,2
0.8713197,1,1,1,1,1,1,1,1,2
0.851431,1,1,1,1,1,1,1,1,2
0.8311217,1,1,1,1,1,1,1,1,2
0.8104538,1,1,1,1,1,1,1,1,2
0.7894939,1,1,1,1,1,1,1,1,2
0.7683125,1,1,1,1,1,1,1,1,2
0.7469822,1,1,1,1,1,1,1,1,2
0.7255765,1,1,1,1,1,1,1,1,2
0.7041685,1,1,1,1,1,1,1,1,2
0.6828301,1,1,1,1,1,1,1,1,2
0.6616298,1,1,1,1,1,1,1,1,2
0.6424625,1,1,1,1,1,1,1,1,2
0.6554118,1,1,1,1,1,1,1,1,2
0.6685147,1,1,1,1,1,1,1,1,2
0.681746,1,1,1,1,1,1,1,1,2
0.695088,1,1,1,1,1,1,1,1,2
0.7085146,1,1,1,1,1,1,1,1,2
0.7219993,1,1,1,1,1,1,1,1,2
0.735524,1,1,1,1,1,1,1,1,2
0.7490531,1,1,1,1,1,1,1,1,2
0.7625687,1,1,1,1,1,1,1,1,2
0.7760531,1,1,1,1,1,1,1,1,2
0.7894803,1,1,1,1,1,1,1,1,2
0.8028239,1,1,1,1,1,1,1,1,2
1,1,1,1,1,1,1,1,1,1
1,1,1,1,1,1,1,1,1,1
1,1,1,1,1,1,1,1,1,1
1,1,1,1,1,1,1,1,1,1
1,1,1,1,1,1,1,1,1,1
1,1,1,1,1,1,1,1,1,1
1,1,1,1,1,1,1,1,1,1
1,1,1,1,1,1,1,1,1,1
1,1,1,1,1,1,1,1,1,1
1,1,1,1,1,1,1,1,1,1
1,1,1,1,1,1,1,1,1,1
1,1,1,1,1,1,1,1,1,1
1,1,1,1,1,1,1,1,1,1
1,1,1,1,1,1,1,1,1,1
1,1,1,1,1,1,1,1,1,1
1,1,1,1,1,1,1,1,1,1
1,1,1,1,1,1,1,1,1,1
1,1,1,1,1,1,1,1,1,1
1,1,1,1,1,1,1,1,1,1
1,1,1,1,1,1,1,1,1,1
1,1,1,1,1,1,1,1,1,1
1,1,1,1,1,1,1,1,1,1
1,1,1,1,1,1,1,1,1,1
1,1,1,1,1,1,1,1,1,1
1,1,1,1,1,1,1,1,1,1
1,1,1,1,1,1,1,1,1,1
1,1,1,1,1,1,1,1,1,1
1,1,1,1,1,1,1,1,1,1
1,1,1,1,1,1,1,1,1,1
1,1,1,1,1,1,1,1,1,1
1,1,1,1,1,1,1,1,1,1
1,1,1,1,1,1,1,1,1,1
1,1,1,1,1,1,1,1,1,1
1,1,1,1,1,1,1,1,1,1
1,1,1,1,1,1,1,1,1,1
1,1,1,1,1,1,1,1,1,1
1,1,1,1,1,1,1,1,1,1
1,1,1,1,1,1,1,1,1,1
1,1,1,1,1,1,1,1,1,1
1,1,1,1,1,1,1,1,1,1
1,1,1,1,1,1,1,1,1,1
1,1,1,1,1,1,1,1,1,1
1,1,1,1,1,1,1,1,1,1
1,1,1,1,1,1,1,1,1,1
1,1,1,1,1,1,1,1,1,1
1,1,1,1,1,1,1,1,1,1
1,1,1,1,1,1,1,1,1,1
1,1,1,1,1,1,1,1,1,1
1,1,1,1,1,1,1,1,1,1
1,1,1,1,1,1,1,1,1,1
1,1,1,1,1,1,1,1,1,1
1,1,1,1,1,1,1,1,1,1
1,1,1,1,1,1,1,1,1,1
1,1,1,1,1,1,1,1,1,1
1,1,1,1,1,1,1,1,1,1
1,1,1,1,1,1,1,1,1,1
1,1,1,1,1,1,1,1,1,1
1,1,1,1,1,1,1,1,1,1
1,1,1,1,1,1,1,1,1,1
1,1,1,1,1,1,1,1,1,1
1,1,1,1,1,1,1,1,1,1
1,1,1,1,1,1,1,1,1,1
1,1,1,1,1,1,1,1,1,1
1,1,1,1,1,1,1,1,1,1
1,1,1,1,1,1,1,1,1,1
1,1,1,1,1,1,1,1,1,1
1,1,1,1,1,1,1,1,1,1
1,1,1,1,1,1,1,1,1,1
1,1,1,1,1,1,1,1,1,1
0.9835738,1,1,1,1,1,1,1,1,1
0.9425993,1,1,1,1,1,1,1,1,1
0.8963145,1,1,1,1,1,1,1,1,2
0.8450471,1,1,1,1,1,1,1,1,2
0.8053466,1,1,1,1,1,1,1,1,2
0.8073826,1,1,1,1,1,1,1,1,2
0.8095363,1,1,1,1,1,1,1,1,2
0.8117994,1,1,1,1,1,1,1,1,2
0.8141697,1,1,1,1,1,1,1,1,2
0.8166512,1,1,1,1,1,1,1,1,2
0.8192353,1,1,1,1,1,1,1,1,2
0.8219132,1,1,1,1,1,1,1,1,2
0.8246887,1,1,1,1,1,1,1,1,2
0.8275531,1,1,1,1,1,1,1,1,2
0.8305038,1,1,1,1,1,1,1,1,2
0.8335381,1,1,1,1,1,1,1,1,2
0.8366535,1,1,1,1,1,1,1,1,2
0.8398411,1,1,1,1,1,1,1,1,2
0.8430979,1,1,1,1,1,1,1,1,2
0.8464214,1,1,1,1,1,1,1,1,2
0.8498092,1,1,1,1,1,1,1,1,2
0.8532583,1,1,1,1,1,1,1,1,2
0.8567594,1,1,1,1,1,1,1,1,2
0.8603104,1,1,1,1,1,1,1,1,2
0.8639015,1,1,1,1,1,1,1,1,2
0.8675372,1,1,1,1,1,1,1,1,2
0.8712081,1,1,1,1,1,1,1,1,2
0.8749117,1,1,1,1,1,1,1,1,2
1,1,1,1,1,1,1,1,1,1
1,1,1,1,1,1,1,1,1,1
1,1,1,1,1,1,1,1,1,1
1,1,1,1,1,1,1,1,1,1
1,1,1,1,1,1,1,1,1,1
1,1,1,1,1,1,1,1,1,1
1,1,1,1,1,1,1,1,1,1
1,1,1,1,1,1,1,1,1,1
1,1,1,1,1,1,1,1,1,1
1,1,1,1,1,1,1,1,1,1
1,1,1,1,1,1,1,1,1,1
1,1,1,1,1,1,1,1,1,1
1,1,1,1,1,1,1,1,1,1
1,1,1,1,1,1,1,1,1,1
1,1,1,1,1,1,1,1,1,1
1,1,1,1,1,1,1,1,1,1
1,1,1,1,1,1,1,1,1,1
1,1,1,1,1,1,1,1,1,1
1,1,1,1,1,1,1,1,1,1
1,1,1,1,1,1,1,1,1,1
1,1,1,1,1,1,1,1,1,1
1,1,1,1,1,1,1,1,1,1
1,1,1,1,1,1,1,1,1,1
1,1,1,1,1,1,1,1,1,1
1,1,1,1,1,1,1,1,1,1
1,1,1,1,1,1,1,1,1,1
1,1,1,1,1,1,1,1,1,1
1,1,1,1,1,1,1,1,1,1
1,1,1,1,1,1,1,1,1,1
1,1,1,1,1,1,1,1,1,1
1,1,1,1,1,1,1,1,1,1
1,1,1,1,1,1,1,1,1,1
1,1,1,1,1,1,1,1,1,1
1,1,1,1,1,1,1,1,1,1
1,1,1,1,1,1,1,1,1,1
1,1,1,1,1,1,1,1,1,1
1,1,1,1,1,1,1,1,1,1
1,1,1,1,1,1,1,1,1,1
1,1,1,1,1,1,1,1,1,1
1,1,1,1,1,1,1,1,1,1
1,1,1,1,1,1,1,1,1,1
1,1,1,1,1,1,1,1,1,1
1,1,1,1,1,1,1,1,1,1
1,1,1,1,1,1,1,1,1,1
1,1,1,1,1,1,1,1,1,1
1,1,1,1,1,1,1,1,1,1
1,1,1,1,1,1,1,1,1,1
1,1,1,1,1,1,1,1,1,1
1,1,1,1,1,1,1,1,1,1
1,1,1,1,1,1,1,1,1,1
1,1,1,1,1,1,1,1,1,1
1,1,1,1,1,1,1,1,1,1
1,1,1,1,1,1,1,1,1,1
1,1,1,1,1,1,1,1,1,1
1,1,1,1,1,1,1,1,1,1
1,1,1,1,1,1,1,1,1,1
1,1,1,1,1,1,1,1,1,1
1,1,1,1,1,1,1,1,1,1
1,1,1,1,1,1,1,1,1,1
1,1,1,1,1,1,1,1,1,1
1,1,1,1,1,1,1,1,1,1
1,1,1,1,1,1,1,1,1,1
1,1,1,1,1,1,1,1,1,1
1,1,1,1,1,1,1,1,1,1
1,1,1,1,1,1,1,1,1,1
1,1,1,1,1,1,1,1,1,1
1,1,1,1,1,1,1,1,1,1
1,1,1,1,1,1,1,1,1,1
1,1,1,1,1,1,1,1,1,1
1,1,1,1,1,1,1,1,1,1
1,1,1,1,1,1,1,1,1,1
1,1,1,1,1,1,1,1,1,1
1,1,1,1,1,1,1,1,1,1
1,1,1,1,1,1,1,1,1,1
1,1,1,1,1,1,1,1,1,1
1,1,1,1,1,1,1,1,1,1
1,1,1,1,1,1,1,1,1,1
1,1,1,1,1,1,1,1,1,1
1,1,1,1,1,1,1,1,1,1
1,1,1,1,1,1,1,1,1,1
1,1,1,1,1,1,1,1,1,1
1,1,1,1,1,1,1,1,1,1
1,1,1,1,1,1,1,1,1,1
1,1,1,1,1,1,1,1,1,1
1,1,1,1,1,1,1,1,1,1
1,1,1,1,1,1,1,1,1,1
1,1,1,1,1,1,1,1,1,1
1,1,1,1,1,1,1,1,1,1
1,1,1,1,1,1,1,1,1,1
1,1,1,1,1,1,1,1,1,1
1,1,1,1,1,1,1,1,1,1
1,1,1,1,1,1,1,1,1,1
1,0.772568,1,1,1,1,1,1,1,2
1,0.7556714,1,1,1,1,1,1,1,2
1,0.7387414,1,1,1,1,1,1,1,2
1,0.7218069,1,1,1,1,1,1,0.9968883,2
1,0.7049699,1,1,1,1,1,1,0.9582654,2
1,0.6890578,1,1,0.998607,1,1,1,0.8923148,1
1,0.6746129,1,1,0.9893436,1,1,1,0.8612922,1
1,0.6608036,1,1,0.9798707,1,1,1,0.8591133,1
1,0.6469826,1,1,0.9704319,1,1,1,0.8569093,1
1,0.6331595,1,1,0.9610264,1,1,1,0.8546752,1
1,0.6193436,1,1,0.9516531,1,1,1,0.8524127,1
1,0.6055436,1,1,0.9423105,1,1,1,0.8501229,1
1,0.606131,1,1,0.9329979,1,1,1,0.8478074,1
1,0.6122304,1,1,0.9236356,1,1,1,0.8454788,1
1,0.6181064,1,1,0.9141932,1,1,1,0.8431453,1
1,0.6237441,1,1,0.9046707,1,1,1,0.8408099,1
1,0.6291398,1,1,0.8950698,1,1,1,0.8384702,1
1,0.6342914,1,1,0.8853924,1,1,1,0.8361239,1
1,0.6391878,1,1,0.8756405,1,1,1,0.8337756,1
1,0.6438193,1,1,0.8658169,1,1,1,0.8314301,1
1,0.6481882,1,1,0.8559244,1,1,1,0.8290862,1
1,0.6522877,1,1,0.8459666,1,1,1,0.8267493,1
1,0.6561224,1,1,0.8359474,1,1,1,0.824419,1
1,0.7728218,1,1,0.8258703,1,1,1,0.8220951,1
1,0.7730474,1,1,0.815187,1,1,1,0.8198808,1
1,0.773066,1,1,0.8044947,1,1,1,0.8177168,1
1,0.7728948,1,1,0.7937977,1,1,1,0.8156039,1
1,0.7725506,1,1,0.7831,1,1,1,0.8135427,1
1,0.7720491,1,1,0.7724048,1,1,1,1,1
1,0.7794612,1,1,0.7630528,1,1,1,1,1
0.6332148,0.7866586,1,1,0.7536453,1,1,1,1,2
0.5936677,0.8085047,1,0.7267576,0.7466233,1,1,1,1,2
0.5570108,1,1,0.717934,0.7397329,1,1,1,1,2
0.52617,1,1,0.7090372,0.732201,1,1,1,1,2
0.4962552,1,1,0.7003095,0.7248937,1,1,1,1,2
0.496628,1,1,0.6917576,1,1,1,1,1,2
0.5054584,1,1,0.6836177,1,1,1,1,0.9080403,2
0.5131714,1,1,0.6751879,1,1,1,1,0.8891922,2
0.5207017,1,1,0.6667052,1,1,1,1,0.8929313,2
0.5283542,1,1,0.6582526,1,1,1,1,0.8999361,2
0.5361723,1,1,0.6498371,1,1,1,1,0.9078737,2
0.5441664,1,1,0.6414572,1,1,1,1,0.9162242,2
0.5523319,1,1,0.6331086,1,1,1,1,0.9248336,2
0.6684546,1,1,0.6247874,1,1,1,1,0.9336376,2
0.6520165,1,1,0.6159933,1,1,1,1,0.9699696,2
0.6603367,1,1,0.607473,1,1,1,1,1,2
0.6692413,1,1,0.5990864,1,1,1,1,1,2
0.6780766,1,1,0.5906554,1,1,1,1,1,2
0.6868223,1,1,0.5821746,1,1,1,1,1,2
0.695459,1,0.5564167,0.5736396,1,1,1,1,1,2
0.7041448,1,0.5472708,0.565091,1,1,1,1,1,2
0.7126325,1,0.5381677,0.5564671,1,1,1,1,1,2
0.7209011,1,0.5290991,1,1,1,1,1,1,2
0.7320567,1,0.5200952,1,1,1,1,1,1,2
1,1,0.5111625,1,1,1,1,1,1,1
1,1,0.502168,1,1,1,1,1,1,1
1,1,0.4931721,1,1,1,1,1,1,1
1,1,0.4841749,1,1,1,1,1,1,1
1,1,0.4751764,1,1,1,1,1,1,1
1,1,0.4661765,1,1,1,1,1,1,1
1,1,0.4571752,1,1,1,1,1,1,1
1,1,0.4481726,1,1,1,1,1,1,1
1,1,0.4391685,1,1,1,1,1,1,1
1,1,0.4301632,1,1,1,1,1,1,1
1,1,0.4211565,1,1,1,1,1,1,1
1,1,0.4121487,1,1,1,1,1,1,1
1,1,0.4031397,1,1,1,1,1,1,1
1,1,0.3941292,1,1,1,1,1,1,1
1,1,0.3851172,1,1,1,1,1,1,1
1,1,0.3761043,1,1,1,1,1,1,1
1,1,0.36709,1,1,1,1,1,1,1
1,1,0.3580743,1,1,1,1,1,1,1
1,1,0.3490576,1,1,1,1,1,1,1
1,1,0.3400394,1,1,1,1,1,1,1
1,1,0.3310203,1,1,1,1,1,1,1
1,1,0.3220001,1,1,1,1,1,1,1
1,1,0.3129784,1,1,1,1,1,1,1
1,1,0.3039557,1,1,1,1,1,1,1
1,0.3239888,0.2949319,1,1,1,1,1,1,2
1,0.3125257,0.2860087,1,1,1,1,1,1,2
1,0.3013294,0.2771636,1,1,1,1,1,1,2
1,0.29038,0.2683887,1,1,1,1,1,1,2
1,0.2796595,1,1,1,1,1,1,1,2
1,0.2689864,1,1,1,1,1,1,1,2
1,0.2585143,1,1,1,1,1,1,1,2
1,0.2482345,1,1,1,1,1,1,1,2
1,0.2381389,1,1,1,1,1,1,1,2
1,0.2282195,1,1,1,1,1,1,1,2
1,0.2184679,1,1,1,1,1,1,1,2
0.270648,0.2088769,1,1,1,1,1,1,1,2
0.2544597,0.1988479,1,1,1,1,1,1,1,2
0.2391233,0.1891507,1,1,1,1,1,1,1,2
0.2245804,0.1797709,1,1,1,1,1,1,1,2
0.2107785,0.2213411,1,1,1,1,1,1,1,2
0.1976696,0.2744425,1,1,1,1,1,1,1,2
0.1852101,1,1,1,1,1,1,1,1,2
0.173487,1,1,1,1,1,1,1,1,2
0.1623268,1,1,1,1,1,1,1,1,2
0.1539424,1,1,1,1,1,1,1,1,2
0.1722113,1,1,1,1,1,1,1,1,2
0.1916489,1,1,1,1,1,1,1,1,2
0.2122829,1,1,1,1,1,1,1,1,2
0.2341087,1,1,1,1,1,1,1,1,2
0.2571245,1,1,1,1,1,1,1,1,2
0.2813053,1,1,1,1,1,1,1,1,2
1,1,1,1,1,1,1,1,1,1
1,1,1,1,1,1,1,1,1,1
1,1,1,1,1,1,1,1,1,1
1,1,1,1,1,1,1,1,1,1
1,1,1,1,1,1,1,1,1,1
1,1,1,1,1,1,1,1,1,1
1,1,1,1,1,1,1,1,1,1
1,1,1,1,1,1,1,1,1,1
1,1,1,1,1,1,1,1,1,1
1,1,1,1,1,1,1,1,1,1
1,1,1,1,1,1,1,1,1,1
1,1,1,1,1,1,1,1,1,1
1,1,1,1,1,1,1,1,1,1
1,1,1,1,1,1,1,1,1,1
1,1,1,1,1,1,1,1,1,1
1,1,1,1,1,1,1,1,1,1
1,1,1,1,1,1,1,1,1,1
1,1,1,1,1,1,1,1,1,1
1,1,1,1,1,1,1,1,1,1
1,1,1,1,1,1,1,1,1,1
1,1,1,1,1,1,1,1,1,1
1,1,1,1,1,1,1,1,1,1
1,1,1,1,1,1,1,1,1,1
1,1,1,1,1,1,1,1,1,1
1,1,1,1,1,1,1,1,1,1
1,1,1,1,1,1,1,1,1,1
1,1,1,1,1,1,1,1,1,1
1,1,1,1,1,1,1,1,1,1
1,1,1,1,1,1,1,1,1,1
1,1,1,1,1,1,1,1,1,1
1,1,1,1,1,1,1,1,1,1
1,1,1,1,1,1,1,1,1,1
1,1,1,1,1,1,1,1,1,1
1,1,1,1,1,1,1,1,1,1
1,1,1,1,1,1,1,1,1,1
1,1,1,1,1,1,1,1,1,1
1,1,1,1,1,1,1,1,1,1
1,1,1,1,1,1,1,1,1,1
1,1,1,1,1,1,1,1,1,1
1,1,1,1,1,1,1,1,1,1
1,1,1,1,1,1,1,1,1,1
1,1,1,1,1,1,1,1,1,1
1,1,1,1,1,1,1,1,1,1
1,1,1,1,1,1,1,1,1,1
1,1,1,1,1,1,1,1,1,1
1,1,1,1,1,1,1,1,1,1
1,1,1,1,1,1,1,1,1,1
1,1,1,1,1,1,1,1,1,1
1,1,1,1,1,1,1,1,1,1
1,1,1,1,1,1,1,1,1,1
1,1,1,1,1,1,1,1,1,1
1,1,1,1,1,1,1,1,1,1
1,1,1,1,1,1,1,1,1,1
1,1,1,1,1,1,1,1,1,1
1,1,1,1,1,1,1,1,1,1
1,1,1,1,1,1,1,1,1,1
1,1,1,1,1,1,1,1,1,1
1,1,1,1,1,1,1,1,1,1
1,1,1,1,1,1,1,1,1,1
1,1,1,1,1,1,1,1,1,1
1,1,1,1,1,1,1,1,1,1
1,1,0.9822539,1,1,1,1,1,1,1
1,1,0.9645115,1,1,1,1,1,1,1
1,1,0.9473871,1,1,1,1,1,1,1
1,1,0.9325969,1,1,1,1,1,1,1
1,1,0.9249446,1,1,1,1,1,1,1
1,1,0.9172381,1,1,1,1,1,1,1
1,1,0.9094782,1,1,1,1,1,1,1
1,1,0.9016665,1,1,1,1,1,1,1
1,1,0.8938034,1,1,1,1,1,1,1
1,1,0.8858901,1,1,1,1,1,1,1
1,1,0.8779283,1,1,1,1,1,1,1
1,1,0.8699188,1,1,1,1,1,1,1
1,1,0.8618635,1,1,1,1,1,1,1
1,1,0.8537635,0.9988058,1,1,1,1,1,1
1,1,0.845609,0.9883991,1,1,1,1,1,1
1,1,0.8373159,0.977715,1,1,1,1,1,1
1,1,0.8288868,0.9667615,1,1,1,1,1,1
1,1,0.8203257,0.9555489,1,1,1,1,1,1
1,1,0.8116369,0.9440888,1,1,1,1,1,0
1,1,0.8028263,0.9323946,1,1,1,1,1,0
1,1,0.7939,0.9204818,1,1,1,1,1,0
1,1,0.7848651,0.9083664,1,1,1,1,1,0
1,1,0.7757294,0.8960659,1,1,1,1,1,0
1,1,0.7665012,0.8835994,1,1,1,1,1,0
1,1,0.7571889,0.8709856,1,1,1,1,1,0
1,1,0.7478014,0.8582445,1,1,1,1,1,0
1,1,0.7383486,0.8453967,1,1,1,1,1,0
1,1,0.7288398,0.8324627,1,1,1,1,1,0
1,1,0.7192843,0.8194625,1,1,1,1,1,0
1,1,0.7096912,0.8064159,1,1,1,1,1,0
1,1,0.7000698,0.7933425,1,1,1,1,1,0
1,1,0.6904289,0.780261,1,1,1,1,1,0
1,1,0.6807765,0.7671888,1,1,1,1,1,0
1,1,0.6711202,0.7541423,1,1,1,1,1,0
1,1,0.6614677,0.7411374,1,1,1,1,1,0
1,1,0.6518252,0.728188,1,1,1,1,1,0
1,1,0.642199,0.7153074,1,1,1,1,1,0
1,1,0.632594,0.7025066,0.7912914,1,1,1,1,0
1,1,0.6221551,0.6876931,0.771587,1,1,1,1,0
1,1,0.6117848,0.673034,0.7521812,1,1,1,1,0
1,1,0.607031,0.6585646,0.7331271,1,1,1,1,0
1,1,0.6283137,0.6443275,0.7144901,1,1,1,1,0
1,1,0.6543872,0.6303989,0.6963917,1,1,1,1,0
1,1,0.6864554,0.6167787,0.6788284,1,1,1,1,0
1,1,0.7262338,0.6034625,0.6617903,1,1,1,1,0
1,1,0.7761945,0.5904421,0.6452625,1,1,1,1,0
1,1,0.8402346,0.5777063,0.6292257,1,1,1,1,0
1,1,1,0.5652418,0.6136576,0.6942138,1,1,1,0
1,1,1,0.5518023,0.5964152,0.6710595,1,1,1,0
1,1,1,0.5386908,0.579714,0.6488401,1,1,1,0
1,1,1,0.525889,0.5635217,0.6274911,1,1,1,0
1,1,1,0.5133796,0.5478079,0.6069534,1,1,1,0
1,1,1,0.5011468,0.5325447,0.5871733,1,1,1,0
1,1,1,0.4891754,0.5177063,0.568102,1,1,1,0
1,1,1,0.4774509,0.5032679,0.5496936,1,1,1,0
1,1,1,0.4659598,0.4892073,0.5319067,1,1,1,0
1,1,1,0.4546894,0.475503,0.5147027,1,1,1,0
1,1,1,0.4436272,0.4621351,0.4980462,1,1,1,0
1,1,1,0.4328009,0.4491838,0.4820797,0.5779451,1,1,0
1,1,1,0.4221155,0.4364258,0.4664094,0.5546665,1,1,0
1,1,1,0.4362044,0.4239516,0.4511952,0.5323822,1,1,0
1,1,1,0.5513219,0.4117457,0.4364108,0.5110217,1,1,0
1,1,1,1,0.3997932,0.4220317,0.490521,1,1,0
1,1,1,1,0.3880801,0.4080345,0.4708214,0.999409,1,0
1,1,1,1,0.376593,0.394398,0.4518697,1,1,0
1,1,1,1,0.3653196,0.381102,0.433617,1,1,0
1,1,1,1,0.3542476,0.3681274,0.4160181,1,1,0
1,1,1,1,0.3433658,0.3554568,0.3990321,1,1,0
1,1,1,1,0.3326631,0.3430732,0.3826208,1,1,0
1,1,1,1,0.3250408,0.3309609,0.366749,1,1,0
1,1,1,1,0.4656432,0.319105,0.3513844,1,1,0
1,1,1,1,1,0.3075622,0.3366872,0.4837166,1,0
1,1,1,1,1,0.2961678,0.3222312,0.4557905,1,0
1,1,1,1,1,0.2849899,0.3081994,0.4294334,1,0
1,1,1,1,1,0.2740168,0.2945676,0.4045114,1,0
1,1,1,1,1,0.2632369,0.2813134,0.380905,1,0
1,1,1,1,1,0.2526392,0.2684155,0.3585075,1,0
1,1,1,1,1,0.3187616,0.2558543,0.3372236,0.9318274,0
1,1,1,1,1,0.4666058,0.2436114,0.3169677,0.9382837,0
1,1,1,1,1,1,0.2316695,0.2976628,0.9480189,0
1,1,1,1,1,1,0.2200123,0.2792392,0.9585775,0
1,1,1,1,1,1,0.2086243,0.2616337,0.9699928,0
1,1,1,1,1,1,0.1974913,0.2447894,0.427116,0
1,1,1,1,1,1,0.1865996,0.228654,0.3893684,0
1,1,1,1,1,1,0.1935096,0.2131804,0.3547536,0
1,1,1,1,1,1,0.2330958,0.1983252,0.3229004,0
1,1,1,1,1,1,0.2852905,0.1840487,0.2934944,0
1,1,1,1,1,1,0.3563092,0.1703148,0.2662676,0
1,1,1,1,1,1,0.4574144,0.1570897,0.2409893,0
1,1,1,1,1,1,1,0.144343,0.217461,0
1,1,1,1,1,1,1,0.1320463,0.1955101,0
1,1,1,1,1,1,1,0.128279,0.1749861,0
1,1,1,1,1,1,1,0.1428054,0.1557574,0
1,1,1,1,1,1,1,0.1591328,0.1377077,0
1,1,1,1,1,1,1,0.1775332,0.1207353,0
1,1,1,1,1,1,1,0.198337,0.104749,0
1,1,1,1,1,1,1,0.2219318,0.1119827,0
1,1,1,1,1,1,1,0.2488158,0.1212697,0
1,1,1,1,1,1,1,0.2796128,0.1312682,0
1,1,1,1,1,1,1,0.3150952,0.1420285,0
1,1,1,1,1,1,1,0.3562797,0.1536159,0
1,1,1,1,1,1,1,1,0.1660948,0
1,1,1,1,1,1,1,1,0.179547,0
1,1,1,1,1,1,1,1,0.1940652,0
1,1,1,1,1,1,1,1,0.2097061,0
1,1,1,1,1,1,1,1,0.2262956,0
1,1,1,1,1,1,1,1,0.2438464,0
1,1,1,1,1,1,1,1,0.2623551,0
1,1,1,1,1,1,1,1,0.2818229,0
1,1,1,1,1,1,1,1,0.3022441,0
1,1,1,1,1,1,1,1,0.3235949,0
1,1,1,1,1,1,1,1,0.3458549,0
1,1,1,1,1,1,1,1,1,1
1,1,1,1,1,1,1,1,1,1
1,1,1,1,1,1,1,1,1,1
1,1,1,1,1,1,1,1,1,1
1,1,1,1,1,1,1,1,1,1
1,0.9945366,1,1,1,1,1,1,1,1
1,0.9873115,1,1,1,1,1,1,1,1
1,0.9800568,1,1,1,1,1,1,1,1
1,0.9727799,1,1,1,1,1,1,1,1
1,0.9654883,1,1,1,1,1,1,1,1
1,0.9581771,1,1,1,1,1,1,1,1
1,0.9508546,1,1,1,1,1,1,1,1
1,0.9435287,1,1,1,1,1,1,1,1
1,0.9361957,1,1,1,1,1,1,1,1
1,0.9288642,1,1,1,1,1,1,1,1
1,0.921543,1,1,1,1,1,1,1,1
1,0.9142351,1,1,1,1,1,1,1,1
1,0.9069435,1,1,1,1,1,1,1,1
1,0.8996717,1,1,1,1,1,1,1,2
1,0.892429,1,1,1,1,1,1,1,2
1,0.8852251,1,1,1,1,1,1,1,2
1,0.8780578,1,1,1,1,1,1,1,2
1,0.8709368,1,1,1,1,1,1,1,2
1,1,1,1,1,1,1,1,1,1
0.9685104,1,1,1,1,1,1,1,1,1
0.9602251,1,1,1,1,1,1,1,1,1
0.9518111,1,1,1,1,1,1,1,1,1
0.9432712,1,1,1,1,1,1,1,1,1
0.9346155,1,1,1,1,1,1,1,1,1
0.9258484,1,1,1,1,1,1,1,1,1
0.9169739,1,1,1,1,1,1,1,1,1
0.9080039,1,1,1,1,1,1,1,1,1
0.8989434,1,1,1,1,1,1,1,1,1
0.8897985,1,1,1,1,1,1,1,1,1
0.8805888,1,1,1,1,1,1,1,1,2
0.8713143,1,1,1,1,1,1,1,1,2
0.8619887,1,1,1,1,1,1,1,1,2
0.8526193,1,1,1,1,1,1,1,1,2
0.8432207,1,1,1,1,1,1,1,1,2
0.8338075,1,1,1,1,1,1,1,1,2
0.8243882,1,1,1,1,1,1,1,1,2
0.8149713,1,1,1,0.9959139,1,1,1,1,2
0.8055342,1,1,1,0.9801494,1,1,1,1,2
0.7959974,1,1,1,0.9639457,1,1,1,1,2
0.7863818,1,1,1,0.9473425,1,1,1,1,2
0.7767236,1,1,1,0.9454001,1,1,1,1,2
0.7671635,1,1,1,0.9481074,1,1,1,1,2
0.7577475,1,1,1,0.9515396,1,1,1,1,2
0.7485009,1,1,1,0.9557373,1,1,1,1,2
0.7484471,1,1,0.9986789,0.9607113,1,1,1,1,2
0.7969328,0.9988791,1,0.9765022,0.9660462,1,1,1,1,2
0.8454798,0.9943188,1,0.9560388,0.969879,1,1,1,1,2
0.8937355,0.9897615,1,0.9370452,0.97221,1,1,1,1,2
0.941034,0.9851698,1,0.9194143,0.9729004,1,1,1,1,2
0.9867756,0.9805089,1,0.9030232,0.9718751,1,1,1,1,2
1,0.9757608,1,0.887739,0.9691471,1,1,1,1,2
1,0.9710846,1,0.8724602,0.9666861,1,1,1,1,2
1,1,1,0.8567988,0.9653265,1,1,1,1,2
1,1,1,0.8418459,0.9628451,1,1,1,1,2
1,1,1,0.8266837,0.9611329,1,1,1,1,2
1,1,1,0.8113478,0.960193,1,1,1,1,2
1,1,1,0.7958735,0.9600183,1,1,1,1,2
1,1,1,0.780295,0.9606148,1,1,1,1,2
0.9565566,1,1,0.7646456,0.9619901,1,1,1,1,2
0.9493909,1,1,0.7478729,0.9672289,1,1,1,1,2
0.942287,1,1,0.7468375,1,1,1,1,1,2
0.9354708,1,1,0.7477327,1,1,1,1,1,2
0.9288009,1,0.9103077,0.7490203,1,1,1,1,1,2
0.9217359,1,0.8815792,0.7537414,1,1,1,1,1,2
0.9147924,1,0.8527226,0.7599785,1,1,1,1,1,2
0.9080238,1,0.8239297,0.7678145,1,1,1,1,1,2
0.9014816,1,0.795378,0.7773379,1,1,1,1,1,2
0.8952214,1,0.7672242,0.7886552,1,1,1,1,1,2
0.8892887,1,0.7396045,0.8018675,1,1,1,1,1,2
0.8837248,1,0.712631,0.8170845,1,1,1,1,1,2
0.8785652,1,0.686392,0.8344235,1,1,1,1,1,2
0.8738338,1,0.6609538,1,1,1,1,1,1,2
0.8696915,1,0.6381972,1,1,1,1,1,1,2
1,1,0.615782,1,1,1,1,1,1,2
1,1,1,1,1,1,1,1,1,1
1,1,1,1,1,1,1,1,1,1
1,1,1,1,1,1,1,1,1,1
1,1,1,1,1,1,1,1,1,1
1,1,1,1,1,1,1,1,1,1
1,1,1,1,1,1,1,1,1,1
1,1,1,1,1,1,1,1,1,1
1,1,1,1,1,1,1,1,1,1
1,1,1,1,1,1,1,1,1,1
1,1,1,1,1,1,1,1,1,1
1,1,1,1,1,1,1,1,1,1
1,1,1,1,1,1,1,1,1,1
1,1,1,1,1,1,1,1,1,1
1,1,1,1,1,1,1,1,1,1
1,1,1,1,1,1,1,1,1,1
1,1,1,1,1,1,1,1,1,1
1,1,1,1,1,1,1,1,1,1
1,1,1,1,1,1,1,1,1,1
1,1,1,1,1,1,1,1,1,1
1,1,1,1,1,1,1,1,1,1
1,1,1,1,1,1,1,1,1,1
1,1,1,1,1,1,1,1,1,1
1,1,1,1,1,1,1,1,1,1
1,1,1,1,1,1,1,1,1,1
1,1,1,1,1,1,1,1,1,1
1,1,1,1,1,1,1,1,1,1
1,1,1,1,1,1,1,1,1,1
1,1,1,1,1,1,1,1,1,1
1,1,1,1,1,1,1,1,1,1
1,1,1,1,1,1,1,1,1,1
1,1,1,1,1,1,1,1,1,1
1,1,1,1,1,1,1,1,1,1
1,1,1,1,1,1,1,1,1,1
1,1,1,1,1,1,1,1,1,1
1,1,1,1,1,1,1,1,1,1
1,1,1,1,1,1,1,1,1,1
1,1,1,1,1,1,1,1,1,1
1,1,1,1,1,1,1,1,1,1
1,1,1,1,1,1,1,1,1,1
1,1,1,1,1,1,1,1,1,1
1,1,1,1,1,1,1,1,1,1
1,1,1,1,1,1,1,1,1,1
1,1,1,1,1,1,1,1,1,1
1,1,1,1,1,1,1,1,1,1
1,1,1,1,1,1,1,1,1,1
1,1,1,1,1,1,1,1,1,1
1,1,1,1,1,1,1,1,1,1
1,1,1,1,1,1,1,1,1,1
1,1,1,1,1,1,1,1,1,1
1,1,1,1,1,1,1,1,1,1
1,1,1,1,1,1,1,1,1,1
1,1,1,1,1,1,1,1,1,1
1,1,1,1,1,1,1,1,1,1
1,1,1,1,1,1,1,1,1,1
1,1,1,1,1,1,1,1,1,1
1,1,1,1,1,1,1,1,1,1
1,1,1,1,1,1,1,1,1,1
1,1,1,1,1,1,1,1,1,1
1,1,1,1,1,1,1,1,1,1
1,1,1,1,1,1,1,1,1,1
1,1,1,1,1,1,1,1,1,1
1,1,1,1,1,1,1,1,1,1
1,1,1,1,1,1,1,1,1,1
1,1,1,1,1,1,1,1,1,1
1,1,1,1,1,1,1,1,1,1
1,1,1,1,1,1,1,1,1,1
1,1,1,1,1,1,1,1,1,1
1,1,1,1,1,1,1,1,1,1
1,1,1,1,1,1,1,1,1,1
1,1,1,1,1,1,1,1,1,1
1,1,1,1,1,1,1,1,1,1
1,1,1,1,1,1,1,1,1,1
1,1,1,1,1,1,1,1,1,1
1,1,1,1,1,1,1,1,1,1
1,1,1,1,1,1,1,1,1,1
1,1,1,1,1,1,1,1,1,1
1,1,1,1,1,1,1,1,1,1
1,1,1,1,1,1,1,1,1,1
1,1,1,1,1,1,1,1,1,1
1,1,1,1,1,1,1,1,1,1
1,1,1,1,1,1,1,1,1,1
1,1,1,1,1,1,1,1,1,1
1,1,1,1,1,1,1,1,1,1
1,1,1,1,1,1,1,1,1,1
1,1,1,1,1,1,1,1,1,1
1,1,1,1,1,1,1,1,1,1
1,1,1,1,1,1,1,1,1,1
1,1,1,1,1,1,1,1,1,1
1,1,1,1,1,1,1,1,1,1
1,1,1,1,1,1,1,1,1,1
1,1,1,1,1,1,1,1,1,1
1,1,1,1,1,1,1,1,0.9802081,1
1,1,1,1,1,1,1,1,0.9630467,1
1,1,1,1,1,1,1,1,0.9634603,1
1,1,1,1,1,1,1,1,0.9638844,1
1,1,1,1,1,1,1,1,0.9643251,1
1,1,1,1,1,1,1,1,0.9647762,1
1,1,1,1,1,1,1,1,0.9652371,1
1,1,1,1,1,1,1,1,0.9657145,1
1,1,1,1,1,1,1,1,0.9662013,1
1,1,1,1,1,1,1,1,0.9666975,1
1,1,1,1,1,1,1,1,0.967203,1
1,1,1,1,1,1,1,1,0.9677175,1
1,1,1,1,1,1,1,1,0.9682473,1
1,1,1,1,1,1,1,1,0.9687859,1
1,1,1,1,1,1,1,1,0.9693329,1
1,1,1,1,1,1,1,1,0.9698881,1
1,1,1,1,1,1,1,1,0.9704517,1
1,1,1,1,1,1,1,1,0.9710232,1
1,1,1,1,1,1,1,1,0.9716024,1
1,1,1,1,1,1,1,1,0.972183,1
1,1,1,1,1,1,1,1,0.9727712,1
1,1,1,1,1,1,1,1,0.9733666,1
1,1,1,1,1,1,1,1,0.9739695,1
1,1,1,1,1,1,1,1,0.9745793,1
1,1,1,1,1,1,1,1,0.9751898,1
1,1,1,1,1,1,1,1,0.975807,1
1,1,1,1,1,1,1,1,0.9764246,1
1,1,1,1,1,1,1,1,0.9770489,1
1,1,1,1,1,1,1,1,0.9776732,1
1,1,1,1,1,1,1,1,0.9783038,1
1,1,1,1,1,1,1,1,0.9789344,1
1,1,1,1,1,1,1,1,0.979571,1
1,1,1,1,1,1,1,1,0.9802074,1
1,1,1,1,1,1,1,1,1,1
1,1,1,1,1,1,1,1,1,1
1,1,1,1,1,1,1,1,1,1
1,1,1,1,1,1,1,1,1,1
1,1,1,1,1,1,1,1,1,1
1,1,1,1,1,1,1,1,1,1
1,1,1,1,1,1,1,1,1,1
1,1,1,1,1,1,1,1,1,1
1,1,1,1,1,1,1,1,1,1
1,1,1,1,1,1,1,1,1,1
1,1,1,1,1,1,1,1,1,1
1,1,1,1,1,1,1,1,1,1
1,1,1,1,1,1,1,1,1,1
1,1,1,1,1,1,1,1,1,1
1,1,1,1,1,1,1,1,1,1
1,1,1,1,1,1,1,1,1,1
1,1,1,1,1,1,1,1,1,1
1,1,1,1,1,1,1,1,1,1
1,1,1,1,1,1,1,1,1,1
1,1,1,1,1,1,1,1,1,1
1,1,1,1,1,1,1,1,1,1
1,1,1,1,1,1,1,1,1,1
1,1,1,1,1,1,1,1,1,1
1,1,1,1,1,1,1,1,1,1
1,1,1,1,1,1,1,1,1,1
1,1,1,1,1,1,1,1,1,1
1,1,1,1,1,1,1,1,1,1
1,1,1,1,1,1,1,1,1,1
1,1,1,1,1,1,1,1,1,1
1,1,1,1,1,1,1,1,1,1
1,1,1,1,1,1,1,1,1,1
1,1,1,1,1,1,1,1,1,1
1,1,1,1,1,1,1,1,1,1
1,1,1,1,1,1,1,1,1,1
1,1,1,1,1,1,1,1,1,1
1,1,1,1,1,1,1,1,1,1
1,1,1,1,1,1,1,1,1,1
1,1,1,1,1,1,1,1,1,1
1,1,1,1,1,1,1,1,1,1
1,0.999782,1,1,1,1,1,1,1,1
0.9906305,0.9993085,1,1,1,1,1,1,1,1
0.9439068,0.9991441,1,1,1,1,1,1,1,1
0.8898913,1,1,1,1,1,1,1,1,2
0.8292047,1,1,1,1,1,1,1,1,2
0.8109729,1,1,1,1,1,1,1,1,2
0.8123432,1,1,1,1,1,1,0.994912,1,2
0.8138002,1,1,1,1,1,1,0.9881816,1,2
0.8153151,1,1,1,1,1,1,0.9810505,1,2
0.8168852,1,1,1,1,1,1,0.9734885,1,2
0.8184885,1,1,1,1,1,1,0.9654645,1,2
0.8201221,1,1,1,1,1,1,0.9569489,1,2
0.8217629,1,1,1,1,1,1,0.9479114,1,2
0.8234007,1,1,1,1,1,1,0.9383239,1,2
0.8250189,1,1,1,1,1,1,0.9281586,1,2
0.8266066,1,1,1,1,1,1,0.9173916,1,2
0.8281472,1,1,1,1,1,1,0.9059991,1,1
0.8296235,1,1,1,1,1,1,0.8939627,1,1
0.8310192,1,1,1,1,1,1,0.8812668,1,1
0.8323243,1,1,1,1,1,1,0.8679001,1,1
0.8335232,1,1,1,1,1,1,0.8538576,1,1
0.8345945,1,1,1,1,1,1,0.8391383,1,1
0.8355309,1,1,1,1,1,1,0.8237489,1,1
0.8363196,1,1,1,1,1,1,0.8077017,1,1
0.8369488,1,1,1,1,1,1,0.791016,1,1
0.8374088,1,1,1,1,1,1,0.7737175,1,1
0.8376974,1,1,1,1,1,1,0.7558394,1,1
0.8378016,1,1,1,1,1,1,0.7374213,1,1
0.8377168,1,1,1,1,1,1,0.7185082,1,1
0.8374399,1,1,1,1,1,1,0.7023703,1,1
0.8369986,1,1,1,1,1,1,0.7036353,1,1
0.836561,1,1,1,1,1,1,0.7049037,1,1
0.8361256,1,1,1,1,1,1,0.706175,1,1
0.8356851,1,1,1,1,1,1,0.7074566,1,1
0.8352453,1,1,1,1,1,1,0.7087404,1,1
0.8348047,1,1,1,1,1,1,0.7100258,1,1
0.834369,1,1,1,1,1,1,0.7113051,1,1
0.8339308,1,1,1,1,1,1,0.7125858,1,1
0.8334892,1,1,1,1,1,1,0.7138677,1,1
0.8330499,1,1,1,1,1,1,0.7151425,1,1
0.8326117,1,1,1,1,1,1,0.7164104,1,1
0.8321739,1,1,1,1,1,1,0.717671,1,1
0.8317356,1,1,1,1,1,1,0.7189246,1,1
0.8312963,1,1,1,1,1,1,0.720171,1,1
0.8308549,1,1,1,1,1,1,1,1,2
0.8325962,1,1,1,1,1,1,1,1,2
0.8344328,1,1,1,1,1,1,1,1,2
1,1,1,1,1,1,1,1,1,1
1,1,1,1,1,1,1,1,1,1
1,1,1,1,1,1,1,1,1,1
1,1,1,1,1,1,1,1,1,1
1,1,1,1,1,1,1,1,1,1
1,1,1,1,1,1,1,1,1,1
1,1,1,1,1,1,1,1,1,1
1,1,1,1,1,1,1,1,0.7422631,0
1,1,1,1,1,1,1,1,0.6696738,0
1,1,1,1,1,1,1,1,0.5963286,0
1,1,1,1,1,1,1,1,0.5749243,0
1,1,1,1,1,1,1,1,0.5781077,0
1,1,1,1,1,1,1,1,0.5816283,0
1,1,1,1,1,1,1,1,0.5854897,0
1,1,1,1,1,1,1,1,0.5896764,0
1,1,1,1,1,1,1,1,0.5941912,0
1,1,1,1,1,1,1,1,0.5990244,0
1,1,1,1,1,1,1,1,0.6041653,0
1,1,1,1,1,1,1,1,0.6096098,0
1,1,1,1,1,1,1,1,1,1
1,1,1,1,1,1,1,1,1,1
1,1,1,1,1,1,1,1,1,1
1,1,1,1,1,1,1,1,1,1
1,1,1,1,1,1,1,1,1,1
1,1,1,1,1,1,1,1,1,1
1,1,1,1,1,1,1,1,1,1
1,1,1,1,1,1,1,1,1,1
1,1,1,1,1,1,1,1,1,1
1,1,1,1,1,1,1,1,1,1
1,1,1,1,1,1,1,1,1,1
1,1,1,1,1,1,1,1,1,1
1,1,1,1,1,1,1,1,1,1
1,1,1,1,1,1,1,1,1,1
1,1,1,1,1,1,1,1,1,1
1,1,1,1,1,1,1,1,1,1
1,1,1,1,1,1,1,1,1,1
1,1,1,1,1,1,1,1,1,1
1,1,1,1,1,1,1,1,1,1
1,1,1,1,1,1,1,1,1,1
1,1,1,1,1,1,1,1,1,1
1,1,1,1,1,1,1,1,1,1
1,1,1,1,1,1,1,1,1,1
1,1,1,1,1,1,1,1,1,1
1,1,1,1,1,1,1,1,1,1
1,1,1,1,1,1,1,1,1,1
1,1,1,1,1,1,1,1,1,1
1,1,1,1,1,1,1,1,1,1
1,1,1,1,1,1,1,1,1,1
1,1,1,1,1,1,1,1,1,1
1,1,1,1,1,1,1,1,1,1
1,1,1,1,1,1,1,1,1,1
1,1,1,1,1,1,1,1,1,1
1,1,1,1,1,1,1,1,1,1
1,1,1,1,1,1,1,1,1,1
1,1,1,1,1,1,1,1,1,1
1,1,1,1,1,1,1,1,1,1
1,1,1,1,1,1,1,1,1,1
1,1,1,1,1,1,1,1,1,1
1,1,1,1,1,1,1,1,1,1
1,1,1,1,1,1,1,1,1,1
1,1,1,1,1,1,1,1,1,1
1,1,1,1,1,1,1,1,1,1
1,1,1,1,1,1,1,1,1,1
1,1,1,1,1,1,1,1,1,1
1,1,1,1,1,1,1,1,1,1
1,1,1,1,1,1,1,1,1,1
1,1,1,1,1,1,1,1,1,1
1,1,1,1,1,1,1,1,1,1
1,1,1,1,1,1,1,1,1,1
1,1,1,1,1,1,1,1,1,1
1,1,1,1,1,1,1,1,1,1
1,1,1,1,1,1,0.992821,1,1,1
1,1,1,1,1,1,0.9825266,1,1,1
1,1,1,1,1,1,0.9722,1,1,1
1,1,1,1,1,1,0.9618425,1,1,1
1,1,1,1,1,1,0.9514557,1,1,1
1,1,1,1,1,1,0.9410407,1,1,1
1,1,1,1,1,1,0.9305993,1,1,1
1,1,1,1,1,1,0.9201328,1,1,1
1,1,1,1,1,1,0.9096433,1,1,1
1,1,1,1,1,1,0.8991321,1,1,1
1,1,1,1,1,0.9993631,0.8886013,1,1,1
1,1,1,1,1,0.9894865,0.8780529,1,1,1
1,1,1,1,1,0.9796131,0.8674876,1,1,1
1,1,1,1,1,0.9697434,0.8569075,1,1,1
1,1,1,1,1,0.9598781,0.8482533,1,1,1
1,1,1,1,1,0.9500181,0.8600157,1,1,1
1,1,1,1,1,0.9401635,0.8715425,1,1,1
1,1,1,1,1,0.9303139,0.8827999,1,1,1
1,1,1,1,1,0.9204682,0.8937796,1,1,1
1,1,1,1,1,0.9106258,0.904475,1,1,1
1,1,1,1,1,0.9007858,0.9148804,1,1,1
1,1,1,1,1,0.890948,0.9213642,1,1,1
1,1,1,1,1,0.8811119,0.9109923,1,1,1
1,1,1,1,1,0.8712784,0.9006028,1,1,1
1,1,1,1,1,0.861448,0.8901981,1,1,1
1,1,1,1,1,0.851621,0.8797795,1,1,1
1,1,1,1,1,0.8417978,0.8693491,1,1,1
1,1,1,1,1,0.8319788,0.8589088,1,1,1
1,1,1,1,1,0.8221644,0.8484603,1,1,1
1,1,1,1,1,0.8123549,0.8380055,1,1,1
1,1,1,1,1,0.8025509,0.8275465,1,1,1
1,1,1,1,1,0.7927524,0.8170848,1,1,1
1,1,1,1,1,0.7829599,0.8066223,0.8221407,1,0
1,1,1,1,1,0.7732641,0.7952608,0.8053414,1,0
1,1,1,1,1,0.7636207,0.7839099,0.7885218,1,0
1,1,1,1,1,0.754035,0.7725839,0.7717204,1,0
1,1,1,1,1,0.744511,0.7612961,0.7549739,1,0
1,1,1,1,1,0.7350526,0.750059,0.7383167,1,0
1,1,1,1,1,0.7256625,0.7388844,0.7217804,1,0
1,1,1,1,1,0.7163428,0.7277827,0.7053937,1,0
1,1,1,1,1,1,0.716763,0.689182,1,0
1,1,1,1,1,1,0.7057153,0.6727135,1,0
1,1,1,1,1,1,0.6947688,0.656446,1,0
1,1,1,1,1,1,0.6839315,0.6404003,1,0
1,1,1,1,1,1,0.6732103,0.6245944,1,0
1,1,1,1,1,1,0.6626108,0.6090433,1,0
1,1,1,1,1,1,0.6521369,0.5937584,1,0
1,1,1,1,1,1,0.6417916,0.5787489,1,0
1,1,1,1,1,1,0.6315767,0.5828379,1,0
1,1,1,1,1,1,0.6215134,0.6001074,1,0
1,1,1,1,1,1,0.6116017,0.6175619,1,0
1,1,1,1,1,1,0.601823,0.635151,1,0
1,1,1,1,1,1,0.5921606,0.6528245,1,0
1,1,1,1,1,1,0.5825998,0.6592602,0.729316,0
1,1,1,1,1,1,0.5729429,0.6431826,0.6985624,0
1,1,1,1,1,1,0.5635189,0.627411,0.6688051,0
1,1,1,1,1,1,0.5543465,0.6120097,0.6401721,0
1,1,1,1,1,1,1,0.5970296,0.6127515,0
1,1,1,1,1,1,1,0.5824295,0.5863851,0
1,1,1,1,1,1,1,0.5682465,0.5611225,0
1,1,1,1,1,1,1,0.5545139,0.5370044,0
1,1,1,1,1,1,1,0.5412557,0.5140475,0
1,1,1,1,1,1,1,0.5284863,0.5199238,0
1,1,1,1,1,1,1,0.5163341,0.5393899,0
1,1,1,1,1,1,1,0.504799,0.5595099,0
1,1,1,1,1,1,1,0.4938131,0.5802225,0
1,1,1,1,1,1,1,0.4833156,0.6014612,0
1,1,1,1,1,1,1,0.4732518,0.5860993,0
1,1,1,1,1,1,1,0.4634814,0.5690728,0
1,1,1,1,1,1,1,0.4539945,0.5527239,0
1,1,1,1,1,1,1,0.4447861,0.5370378,0
1,1,1,1,1,1,1,0.499359,0.5219961,0
1,1,1,1,1,1,1,0.5910757,0.5077239,0
1,1,1,1,1,1,1,0.6992735,0.4942115,0
1,1,1,1,1,1,1,0.8979813,0.4813862,0
1,1,1,1,1,1,1,0.9741049,0.4692849,0
1,1,1,1,1,1,1,1,0.4576251,0
1,1,1,1,1,1,1,1,0.4463086,0
1,1,1,1,1,1,1,1,0.4352965,0
1,1,1,1,1,1,1,1,0.4245838,0
1,1,1,1,1,1,1,1,0.4141654,0
1,1,1,1,1,1,1,1,0.4040352,0
1,1,1,1,1,1,1,1,0.3941867,0
1,1,1,1,1,1,1,1,0.3846131,0
1,1,1,1,1,1,1,1,0.4081447,0
1,1,1,1,1,1,1,1,0.4357365,0
1,1,1,1,1,1,1,1,0.4640804,0
1,1,1,1,1,1,1,1,0.493111,0
1,1,1,1,1,1,1,1,0.5227407,0
1,1,1,1,1,1,1,1,0.5528737,0
1,1,1,1,1,1,1,1,0.5834069,0
1,1,1,1,1,1,1,1,0.6142483,0
1,1,1,1,1,1,1,1,0.6452856,0
1,1,1,1,1,1,1,1,0.6764024,0
1,1,1,1,1,1,1,1,0.8156632,1
1,1,1,1,1,1,1,1,0.8085059,1
1,1,1,1,1,1,1,1,0.8013686,1
1,1,1,1,1,1,1,1,0.7942538,1
1,1,1,1,1,1,1,1,0.8217265,1
1,1,1,1,1,1,1,1,0.8510521,1
1,1,1,1,1,1,1,1,0.87977,1
1,1,1,1,1,1,1,1,0.9078047,1
1,1,1,1,1,1,1,1,0.9350696,1
1,1,1,1,1,1,1,1,0.9615048,1
1,1,1,1,1,1,1,1,0.9870577,1
1,1,1,1,1,1,1,1,1,1
1,1,1,1,1,1,1,1,1,1
1,1,1,1,1,1,1,1,1,1
1,1,1,1,1,1,1,1,1,1
1,1,1,1,1,1,1,1,1,1
1,1,1,1,1,1,1,1,1,1
1,1,1,1,1,1,1,1,1,1
1,1,1,1,1,1,1,1,1,1
1,1,1,1,1,1,1,1,1,1
1,1,1,1,1,1,1,1,1,1
1,1,1,1,1,1,1,1,1,1
1,1,1,1,1,1,1,1,1,1
1,1,1,1,1,1,1,1,1,1
1,1,1,1,1,1,1,1,1,1
1,1,1,1,1,1,1,1,1,1
1,1,1,1,1,1,1,1,1,1
1,1,1,1,1,1,1,1,1,1
1,1,1,1,1,1,1,1,1,1
1,1,1,1,1,1,1,1,1,1
1,1,1,1,1,1,1,1,1,1
1,1,1,1,1,1,1,1,1,1
1,1,1,1,1,1,1,1,1,1
1,1,1,1,1,1,1,1,1,1
1,1,1,1,1,1,1,1,1,1
1,1,1,1,1,1,1,1,1,1
1,1,1,1,1,1,1,1,1,1
1,1,1,1,1,1,1,1,1,1
1,1,1,1,1,1,1,1,1,1
1,1,1,1,1,1,1,1,1,1
1,1,1,1,1,1,1,1,1,1
1,1,1,1,1,1,1,1,1,1
1,1,1,1,1,1,1,1,1,1
1,1,1,1,1,1,1,1,1,1
1,1,1,1,1,1,1,1,1,1
1,1,1,1,1,1,1,1,1,1
1,1,1,1,1,1,1,1,1,1
1,1,1,1,1,1,1,1,1,1
1,1,1,1,1,1,1,1,1,1
1,1,1,1,1,1,1,1,1,1
1,1,1,1,1,1,1,1,1,1
1,1,1,1,1,1,1,1,1,1
1,1,1,1,1,1,1,1,1,1
1,1,1,1,1,1,1,1,1,1
1,1,1,1,1,1,1,1,1,1
1,1,1,1,1,1,1,1,1,1
1,1,1,1,1,1,1,1,1,1
1,1,1,1,1,1,1,1,1,1
1,1,1,1,1,1,1,1,1,1
1,1,1,1,1,1,1,1,1,1
1,1,1,1,1,1,1,1,1,1
1,1,1,1,1,1,1,1,1,1
1,1,1,1,1,1,1,1,1,1
1,1,1,1,1,1,1,1,1,1
1,1,1,1,1,1,1,1,1,1
1,1,1,1,1,1,1,1,1,1
1,1,1,1,1,1,1,1,1,1
1,1,1,1,1,1,1,1,1,1
1,1,1,1,1,1,1,1,1,1
1,1,1,1,1,1,1,1,1,1
1,1,1,1,1,1,1,1,1,1
1,1,1,1,1,1,1,1,1,1
1,1,1,1,1,1,1,1,1,1
1,1,1,1,1,1,1,1,1,1
1,1,1,1,1,1,1,1,1,1
1,1,1,1,1,1,1,1,1,1
1,1,1,1,1,1,1,1,1,1
1,1,1,1,1,1,1,1,1,1
1,1,1,1,1,1,1,1,1,1
1,1,1,1,1,1,1,1,1,1
1,1,1,1,1,1,1,1,1,1
1,1,1,1,1,1,1,1,1,1
1,1,1,1,1,1,1,1,1,1
1,1,1,1,1,1,1,1,1,1
1,1,1,1,1,1,1,1,1,1
1,1,1,1,1,1,1,1,1,1
1,1,1,1,1,1,1,1,1,1
1,1,1,1,1,1,1,1,1,1
1,1,1,1,1,1,1,1,1,1
1,1,1,1,1,1,1,1,1,1
1,1,1,1,1,1,1,1,1,1
1,1,1,1,1,1,1,1,1,1
1,1,1,1,1,1,1,1,1,1
1,1,1,1,1,1,1,1,1,1
1,1,1,1,1,1,1,1,1,1
1,1,1,1,1,1,1,1,1,1
1,1,1,1,1,1,1,1,1,1
1,1,1,1,1,1,1,1,1,1
1,1,1,1,1,1,1,1,1,1
1,1,1,1,1,1,1,1,1,1
1,1,1,1,1,1,1,1,1,1
1,1,1,1,1,1,1,1,1,1
1,1,1,1,1,1,1,1,1,1
1,1,1,1,1,1,1,1,1,1
1,1,1,1,1,1,1,1,1,1
1,1,1,1,1,1,1,1,1,1
1,1,1,1,1,1,1,1,1,1
1,1,1,1,1,1,1,1,1,1
1,1,1,1,1,1,1,1,1,1
1,1,1,1,1,1,1,1,1,1
1,1,1,1,1,1,1,1,1,1
1,1,1,1,1,1,1,1,1,1
1,1,1,1,1,1,1,1,1,1
1,1,1,1,1,1,1,1,1,1
1,1,1,1,1,1,1,1,1,1
1,1,1,1,1,1,1,1,1,1
1,1,1,1,1,1,1,1,1,1
1,1,1,1,1,1,1,1,1,1
1,1,1,1,1,1,1,1,1,1
1,1,1,1,1,1,1,1,1,1
1,1,1,1,1,1,1,1,1,1
1,1,1,1,1,1,1,1,1,1
1,1,1,1,1,1,1,1,1,1
1,1,1,1,1,1,1,1,1,1
1,1,1,1,1,1,1,1,1,1
1,1,1,1,1,1,1,1,1,1
1,1,1,1,1,1,1,1,1,1
1,1,1,1,1,1,1,1,1,1
1,1,1,1,1,1,1,1,1,1
1,1,1,1,1,1,1,1,1,1
1,1,1,1,1,1,1,1,1,1
1,1,1,1,1,1,1,1,1,1
1,1,1,1,1,1,1,1,1,1
1,1,1,1,1,1,1,1,1,1
1,1,1,1,1,1,1,1,1,1
1,1,1,1,1,1,1,1,1,1
1,1,1,1,1,1,1,1,1,1
1,1,1,1,1,1,1,1,1,1
1,1,1,1,1,1,1,1,1,1
1,1,1,1,1,1,1,1,1,1
1,1,1,1,1,1,1,1,1,1
1,1,1,1,1,1,1,1,1,1
1,1,1,1,1,1,1,1,1,1
1,1,1,1,1,1,1,1,1,1
1,1,1,1,1,1,1,1,1,1
1,1,1,1,1,1,1,1,1,1
1,1,1,1,1,1,1,1,1,1
1,1,1,1,1,1,1,1,1,1
1,1,1,1,1,1,1,1,1,1
1,1,1,1,1,1,1,1,1,1
1,1,1,1,1,1,1,1,1,1
1,1,1,1,1,1,1,1,1,1
1,1,1,1,1,1,1,1,1,1
1,1,1,1,1,1,1,1,1,1
1,1,1,1,1,1,1,1,1,1
1,1,1,1,1,1,1,1,1,1
1,1,1,1,1,1,1,1,1,1
1,1,1,1,1,1,1,1,1,1
1,1,1,1,1,1,1,1,1,1
1,1,1,1,1,1,1,1,1,1
1,1,1,1,1,1,1,1,1,1
1,1,1,1,1,1,1,1,1,1
1,1,1,1,1,1,1,1,1,1
1,1,1,1,1,1,1,1,1,1
1,0.9848057,1,1,1,1,1,1,1,1
1,0.968686,1,1,1,1,1,1,1,1
1,0.9520001,1,1,1,1,1,1,1,1
1,0.9347633,1,1,1,1,1,1,1,1
1,0.9169964,1,0.9933842,1,1,1,1,1,1
1,0.8986763,1,0.982789,1,1,1,1,1,1
1,0.8798113,1,0.9721065,1,1,1,1,1,1
1,0.8604461,1,0.9613451,1,1,1,1,1,2
1,0.8406317,1,0.9505147,1,1,1,1,1,2
1,0.8204259,1,0.9396272,1,1,1,1,1,2
1,0.7998904,1,0.9286958,1,1,1,1,1,2
1,0.804797,0.9864529,0.9177356,1,1,1,1,1,2
1,0.8103712,0.972872,0.9542694,1,1,1,1,1,2
1,0.8159791,0.9594982,1,1,1,1,1,1,2
1,0.8215796,0.9463345,1,1,1,1,1,1,2
1,0.827356,0.9332814,1,1,1,1,1,1,2
1,0.8333109,0.9203407,1,1,1,1,1,1,2
1,0.8394294,0.907514,1,1,1,1,1,1,2
1,0.8457047,0.8948014,1,1,1,1,1,1,2
1,0.8521301,0.8822037,1,1,1,1,1,1,2
1,0.8586987,0.8697203,1,1,1,1,1,1,2
1,0.8653945,0.8573502,1,1,1,1,1,1,2
1,0.8722186,0.8450924,1,1,1,1,1,1,2
1,1,0.832945,1,1,1,1,1,1,1
1,1,0.8218516,1,1,1,1,1,1,1
1,1,0.8107461,1,1,1,1,1,1,1
1,1,0.7996318,1,1,1,1,1,1,1
1,1,0.7885113,1,1,1,1,1,1,1
1,1,0.7773879,1,1,1,1,1,1,1
0.9059592,1,0.7662646,1,1,1,1,1,1,2
0.8658983,1,0.7542861,1,1,1,1,1,1,2
0.8240082,1,0.7420355,1,1,1,1,1,1,2
0.7808276,1,0.7295561,1,1,1,1,1,1,2
0.7369439,1,0.7169033,1,1,1,1,1,1,2
0.6929544,1,0.7041426,1,1,1,1,1,1,2
0.6928582,0.8631958,0.6913461,1,1,1,1,1,1,2
0.7015582,0.8383285,0.6782853,1,1,1,1,1,1,2
0.7108683,0.8144746,0.7455244,1,1,1,1,1,1,2
0.7204894,0.79203,0.8262323,1,1,1,1,1,1,2
0.7303618,0.7708902,0.919964,1,1,1,1,1,1,2
0.740427,0.75094,1,1,1,1,1,1,1,2
0.7507244,0.7319793,1,1,1,1,1,1,1,2
0.7614855,0.7136775,1,1,1,1,1,1,1,2
0.7726976,0.6960165,1,1,1,1,1,1,1,2
1,0.6789745,1,1,1,1,1,1,1,2
1,0.6653576,1,1,1,1,1,1,1,2
1,0.6518301,1,1,1,1,1,1,1,2
1,0.6384026,1,1,1,1,1,1,1,2
1,0.6250843,1,1,1,1,1,1,1,2
1,0.6118838,1,1,1,1,1,1,1,2
1,0.5988086,1,1,1,1,1,1,1,2
1,0.5858662,1,1,1,1,1,1,1,2
1,0.5730624,1,1,1,1,1,1,1,2
1,0.5604028,1,1,1,1,1,1,1,2
1,0.547892,1,1,1,1,1,1,1,2
0.7625016,0.5355332,1,1,1,1,1,1,1,2
0.7337666,0.5222287,1,1,1,1,1,1,1,2
0.7057906,0.5530246,1,1,1,1,1,1,1,2
0.6792431,0.5867137,1,1,1,1,1,1,1,2
0.6540772,0.6235509,1,1,1,1,1,1,1,2
0.6302352,0.6637586,1,1,1,1,1,1,1,2
0.6076521,0.7076066,1,1,1,1,1,1,1,2
0.5862579,0.7553819,1,1,1,1,1,1,1,2
0.5659803,0.8073472,1,1,1,1,1,1,1,2
0.5467465,1,1,1,1,1,1,1,1,2
0.5292751,1,1,1,1,1,1,1,1,2
0.5122439,1,1,1,1,1,1,1,1,2
0.4956676,1,1,1,1,1,1,1,1,2
0.4795566,1,1,1,1,1,1,1,1,2
0.4639176,1,1,1,1,1,1,1,1,2
0.4785103,1,1,1,1,1,1,1,1,2
0.4971762,1,1,1,1,1,1,1,1,2
0.5162777,1,1,1,1,1,1,1,1,2
0.5357878,1,1,1,1,1,1,1,1,2
0.5556548,1,1,1,1,1,1,1,1,2
0.5758353,1,1,1,1,1,1,1,1,2
0.5962936,1,1,1,1,1,1,1,1,2
0.6169697,1,1,1,1,1,1,1,1,2
0.6378244,1,1,1,1,1,1,1,1,2
0.6588045,1,1,1,1,1,1,1,1,2
0.6798568,1,1,1,1,1,1,1,1,2
0.7009271,1,1,1,1,1,1,1,1,2
0.7219714,1,1,1,1,1,1,1,1,2
0.7429353,1,1,1,1,1,1,1,1,2
1,1,1,1,1,1,1,1,1,1
1,1,1,1,1,1,1,1,1,1
1,1,1,1,1,1,1,1,1,1
1,1,1,1,1,1,1,1,1,1
1,1,1,1,1,1,1,1,1,1
1,1,1,1,1,1,1,1,1,1
1,1,1,1,1,1,1,1,1,1
1,1,1,1,1,1,1,1,1,1
1,1,1,1,1,1,1,1,1,1
1,1,1,1,1,1,1,1,1,1
1,1,1,1,1,1,1,1,1,1
1,1,1,1,1,1,1,1,1,1
1,1,1,1,1,1,1,1,1,1
1,1,1,1,1,1,1,1,1,1
1,1,1,1,1,1,1,1,1,1
1,1,1,1,1,1,1,1,1,1
1,1,1,1,1,1,1,1,1,1
1,1,1,1,1,1,1,1,1,1
1,1,1,1,1,1,1,1,1,1
1,1,1,1,1,1,1,1,1,1
1,1,1,1,1,1,1,1,1,1
1,1,1,1,1,1,1,1,1,1
1,1,1,1,1,1,1,1,1,1
1,1,1,1,1,1,1,1,1,1
1,1,1,1,1,1,1,1,1,1
1,1,1,1,1,1,1,1,1,1
1,1,1,1,1,1,1,1,1,1
1,1,1,1,1,1,1,1,1,1
1,1,1,1,1,1,1,1,1,1
1,1,1,1,1,1,1,1,1,1
1,1,1,1,1,1,1,1,1,1
1,1,1,1,1,1,1,1,1,1
1,1,1,1,1,1,1,1,1,1
1,1,1,1,1,1,1,1,1,1
1,1,1,1,1,1,1,1,1,1
1,1,1,1,1,1,1,1,1,1
1,1,1,1,1,1,1,1,1,1
1,1,1,1,1,1,1,1,1,1
1,1,1,1,1,1,1,1,1,1
1,1,1,1,1,1,1,1,1,1
1,1,1,1,1,1,1,1,1,1
1,1,1,1,1,1,1,1,1,1
1,1,1,1,1,1,1,1,1,1
1,1,1,1,1,1,1,1,1,1
1,1,1,1,1,1,1,1,1,1
1,1,1,1,1,1,1,1,1,1
1,1,1,1,1,1,1,1,1,1
1,1,1,1,1,1,1,1,1,1
1,1,1,1,1,1,1,1,1,1
1,1,1,1,1,1,1,1,1,1
1,1,1,1,1,1,1,1,1,1
1,1,1,1,1,1,1,1,1,1
1,1,1,1,1,1,1,1,1,1
1,1,1,1,1,1,1,1,1,1
1,1,1,1,1,1,1,1,1,1
1,1,1,1,1,1,1,1,1,1
1,1,1,1,1,1,1,1,1,1
1,1,1,1,1,1,1,1,1,1
1,1,1,1,1,1,1,1,1,1
1,1,1,1,1,1,1,1,1,1
1,1,1,1,1,1,1,1,1,1
1,1,1,1,1,1,1,1,1,1
1,1,1,1,1,1,1,1,1,1
1,1,1,0.9945933,1,1,1,1,1,1
1,1,1,0.9858551,1,1,1,1,1,1
1,1,1,0.9769753,1,1,1,1,1,1
1,1,1,0.9679543,1,1,1,1,1,1
1,1,1,0.958793,1,1,1,1,1,1
1,1,1,0.9494925,1,1,1,1,1,1
1,1,1,0.9400541,1,1,1,1,1,1
1,1,1,0.9304801,1,1,1,1,1,1
1,1,1,0.9207729,1,1,1,1,1,1
1,1,1,0.9109356,1,1,1,1,1,1
1,1,1,0.9009716,1,1,1,1,1,1
1,1,1,0.8908847,1,1,1,1,1,1
1,1,1,0.8806791,1,1,1,1,1,1
1,1,1,0.8703598,1,1,1,1,1,1
1,1,1,0.8599315,1,1,1,1,1,1
1,1,1,0.8493994,1,1,1,1,1,1
1,1,1,0.8387697,1,1,1,1,1,1
1,1,1,0.8280479,1,1,1,1,1,1
1,1,1,0.8172407,1,1,1,1,1,1
1,1,1,0.8063543,1,1,1,1,1,0
1,1,0.991794,0.7953957,1,1,1,1,1,0
1,1,1,0.7843214,1,1,1,1,1,0
1,1,1,0.7732385,1,1,1,1,1,0
1,1,1,0.7621039,1,1,1,1,1,0
1,1,1,0.7509245,1,1,1,1,1,0
1,1,1,0.7397072,1,1,1,1,1,0
1,1,1,0.7284591,1,1,1,1,1,0
1,1,1,0.7171863,1,1,1,1,1,0
1,1,1,0.7058958,0.7967815,1,1,1,1,0
1,1,1,0.6924534,0.7792917,1,1,1,1,0
1,1,1,0.6789919,0.7618101,1,1,1,1,0
1,1,1,0.6655421,0.7443855,1,1,1,1,0
1,1,1,0.6521322,0.7270626,1,1,1,1,0
1,1,1,0.6387889,0.7098827,1,1,1,1,0
1,1,1,0.6255358,0.6928824,1,1,1,1,0
1,1,1,0.6123939,0.6760932,1,1,1,1,0
1,1,1,0.5993809,0.6595424,1,1,1,1,0
1,1,1,0.5865116,0.6432518,1,1,1,1,0
1,1,1,0.5737977,0.6272388,1,1,1,1,0
1,1,1,0.5612478,0.6115159,1,1,1,1,0
1,1,1,0.548868,0.5960918,0.6746348,1,1,1,0
1,1,1,0.5355316,0.5790295,0.6517727,1,1,1,0
1,1,1,0.5256222,0.5624981,0.6298295,1,1,1,0
1,1,1,0.5466709,0.5464654,0.6087415,1,1,1,0
1,1,1,0.5718608,0.5309016,0.5884507,1,1,1,0
1,1,1,0.6022257,0.5157789,0.5689038,1,1,1,0
1,1,1,0.6392074,0.5010718,0.5500523,1,1,1,0
1,1,1,0.6847738,0.486756,0.5318515,1,1,1,0
1,1,1,1,0.4728092,0.5142602,1,1,1,0
1,1,1,1,0.4596752,0.4980377,1,1,1,0
1,1,1,1,0.4468247,0.4822882,0.5846015,1,1,0
1,1,1,1,0.4337995,0.4662065,0.5603873,1,1,0
1,1,1,1,0.4476576,0.4506049,0.5372423,1,1,0
1,1,1,1,0.4726253,0.4354547,0.5150877,1,1,0
1,0.9021848,1,1,0.5029084,0.4207298,0.4938534,1,1,0
1,0.8808863,1,1,0.5400189,0.4064053,0.4734746,1,1,0
1,0.8607661,1,1,0.5861384,0.3924581,0.4538926,1,1,0
1,0.8417178,1,1,1,0.3788671,0.4350541,1,1,0
1,0.8261536,1,1,1,0.3659427,0.4176442,1,1,0
1,0.8119127,1,1,1,0.3564528,0.400963,1,1,0
1,0.7989055,1,1,1,0.3716175,0.3849482,1,1,0
1,0.7872465,1,1,1,0.3877606,0.3695982,1,1,0
1,0.7767594,1,1,1,0.4048805,0.3548265,1,1,0
1,0.7672956,1,1,1,0.4229688,0.3405588,1,1,0
1,0.7587208,1,1,1,0.4420351,0.3267306,1,1,0
1,0.7509207,1,1,1,0.4620852,0.3132864,0.4608927,1,0
1,0.7370661,1,1,1,0.5058526,0.2986594,0.4322079,1,0
1,0.7237678,1,1,1,1,0.284465,0.4051971,1,0
1,0.7109765,1,1,1,1,0.2706779,0.379711,1,0
1,0.7005426,1,1,1,1,0.2653154,0.3556175,1,0
1,0.7031984,1,1,1,1,0.2801677,0.3327988,1,0
1,0.7063438,1,1,1,1,0.2973363,0.3111503,1,0
1,0.7100246,1,1,1,1,0.317256,0.2905782,1,0
1,0.7139753,1,1,1,1,0.3401183,0.271074,1,0
1,0.7177002,1,1,1,1,0.365929,0.2526404,1,0
1,0.7210999,1,1,1,1,0.3950161,0.2351598,1,0
1,0.7240712,1,1,1,1,0.4277464,0.2185278,0.3990746,0
1,0.7309512,1,1,1,1,1,0.2020983,0.3592533,0
1,0.7387919,1,1,1,1,1,0.1904066,0.3229725,0
1,0.747717,1,1,1,1,1,0.1995476,0.2897807,0
1,0.8309408,1,1,1,1,1,0.2096639,0.2593019,0
1,0.8458815,1,1,1,1,1,0.2208437,0.2312182,0
1,0.8628114,1,1,1,1,1,0.2331998,0.2052588,0
1,0.8820544,1,1,1,1,1,0.2468506,0.1811938,0
1,0.9040085,1,1,1,1,1,0.2619574,0.1619645,0
1,0.929169,1,1,1,1,1,0.2786835,0.1686407,0
1,0.958161,1,1,1,1,1,0.2972329,0.1758379,0
1,1,1,1,1,1,1,0.3178465,0.183589,0
1,1,1,1,1,1,1,0.3407959,0.1919224,0
1,1,1,1,1,1,1,1,0.2008859,0
1,1,1,1,1,1,1,1,0.2105075,0
1,1,1,1,1,1,1,1,0.2208434,0
1,1,0.6013435,1,1,1,1,1,0.2319394,0
1,1,0.5911022,1,1,1,1,1,0.2410152,0
1,1,0.5813406,1,1,1,1,1,0.2501675,0
1,1,0.5720119,1,1,1,1,1,0.2593623,0
1,1,0.5630695,1,1,1,1,1,0.268575,0
1,1,0.5544806,1,1,1,1,1,0.2777727,0
1,1,0.5462034,1,1,1,1,1,0.2869404,0
1,1,0.5382084,1,1,1,1,1,0.2960553,1
1,1,0.5304779,1,1,1,1,1,0.3050868,1
1,1,0.5229825,1,1,1,1,1,0.9012098,2
1,1,1,1,1,1,1,1,0.9013313,1
1,1,1,1,1,1,1,1,0.8871404,1
1,1,1,1,1,1,1,1,0.8737851,1
1,1,1,1,1,1,1,1,0.8849033,1
1,1,1,1,1,1,1,1,0.8958446,1
1,1,1,1,1,1,1,1,0.9065914,1
1,0.8397138,1,1,1,1,1,1,0.9171283,2
1,0.5199535,1,1,1,1,1,1,0.9206876,2
1,0.4050987,1,1,1,1,1,1,0.9110818,2
1,0.3929164,1,1,1,1,1,1,0.8988821,2
1,0.3895615,1,1,1,1,1,1,0.8873153,2
1,0.3865376,1,1,1,1,1,1,0.8763365,2
1,0.3838444,1,1,1,1,0.9345468,1,0.8659054,2
1,0.3814875,1,1,1,1,0.9252352,1,0.8559865,2
1,0.379416,1,1,1,1,0.9162371,1,0.8468715,2
1,0.3776127,1,1,1,1,0.907519,1,0.8501439,2
1,0.3761146,1,1,1,1,0.8990669,1,0.8570172,2
1,0.3749345,1,1,1,1,0.8908747,1,0.864441,2
0.3513369,0.585449,1,1,1,1,0.8829344,1,0.8724554,2
0.3477055,0.5868405,1,1,1,1,0.8753656,1,0.8828105,2
0.3444367,1,1,1,1,1,0.8680797,1,0.894129,2
0.3415191,1,1,1,1,1,0.8610732,1,0.9065215,2
0.3389607,1,1,1,1,1,0.8543422,1,0.9201151,2
0.3367518,1,1,1,1,1,0.8478839,1,0.9350598,2
0.3348899,1,1,1,1,1,0.841696,1,0.951532,2
0.3333794,1,1,1,1,1,0.8357765,1,0.9697391,2
0.3322193,1,1,1,1,1,0.8301243,1,0.9899297,2
0.530558,1,1,1,1,0.7916158,0.8247388,1,1,2
0.5303172,1,1,1,1,0.7821368,0.8186801,1,1,2
0.5303698,1,1,1,1,0.772839,0.8126727,1,1,2
0.5307044,1,1,1,1,0.7637016,0.8066924,0.9989737,1,2
0.5313001,1,1,1,1,0.754701,0.8007048,0.9841707,1,2
0.5320891,1,1,1,1,0.7457832,0.7945592,0.9707324,1,2
1,1,1,1,1,0.7369174,0.7882284,0.9585048,1,0
1,1,1,1,1,0.7263655,0.7756623,0.964677,1,0
1,1,1,1,1,0.7158613,0.7632036,0.9709767,1,0
1,1,1,1,1,0.7054043,0.7508534,0.9773828,0.964207,0
1,1,1,1,1,0.6948998,0.7382218,0.985272,0.9152631,0
1,1,1,1,1,0.6843466,0.725237,0.9952008,0.8641119,0
1,1,1,1,1,0.6737837,0.71197,1,0.8117386,0
1,1,1,1,1,0.6632467,0.6984559,1,0.7587273,0
1,1,1,1,1,0.6527827,0.6847535,1,0.7627543,0
1,1,1,1,1,0.7634964,0.671415,1,0.7687079,0
1,1,1,1,1,1,0.658466,1,0.7748048,0
1,1,1,1,1,1,0.6458704,1,0.7810124,0
1,1,1,1,1,1,0.6335405,1,0.7874345,0
1,1,1,1,1,1,0.6214609,1,0.794051,0
1,1,1,1,1,1,0.6096174,1,0.800849,0
1,1,1,1,1,1,0.5979944,1,0.8078084,0
1,1,1,1,1,1,0.5865779,1,0.8149155,0
1,1,1,1,1,1,0.5753539,1,0.8221431,0
1,1,1,1,1,1,0.5643086,1,0.8294777,0
1,1,1,1,1,1,0.5534288,0.6680372,0.836906,0
1,1,1,1,1,1,0.5419781,0.6482854,0.8484853,0
1,1,1,1,1,1,0.5308398,0.6294366,0.8605204,0
1,1,1,1,1,1,0.5199932,0.6114395,0.8729632,0
1,1,1,1,1,1,0.5094159,0.5942413,0.8857633,0
1,1,1,1,1,1,0.6186073,0.5777879,0.8988617,0
1,1,1,1,1,1,0.7597305,0.5621858,1,0
1,1,1,1,1,1,1,0.5482519,1,0
1,1,1,1,1,1,1,0.5347841,1,0
1,1,1,1,1,1,1,0.5215048,1,0
1,1,1,1,1,1,1,0.5084174,1,0
1,1,1,1,1,1,1,0.4955251,1,0
1,1,1,1,1,1,1,0.4828294,1,0
1,1,1,1,1,1,1,0.4703313,1,0
1,1,1,1,1,1,1,0.4580309,1,0
1,1,1,1,1,1,1,0.4459277,1,0
1,1,1,1,1,1,1,0.43402,1,0
1,1,1,1,1,1,1,0.422306,0.5869355,0
1,1,1,1,1,1,1,0.4089,0.5601408,0
1,1,1,1,1,1,1,0.3960096,0.5349325,0
1,1,1,1,1,1,1,0.3836106,0.5111853,0
1,1,1,1,1,1,1,0.3936539,0.4887877,0
1,1,1,1,1,1,1,0.4365423,0.4676394,0
1,1,1,1,1,1,1,0.486223,0.44765,0
1,1,1,1,1,1,1,0.5442609,0.4287381,0
1,1,1,1,1,1,1,0.6119622,0.4109408,0
1,1,1,1,1,1,1,1,0.3943573,0
1,1,1,1,1,1,1,1,0.3796805,0
1,1,1,1,1,1,1,1,0.3655468,0
1,1,1,1,1,1,1,1,0.3519417,0
1,1,1,1,1,1,1,1,0.3388493,0
1,1,1,1,1,1,1,1,0.3405018,0
1,1,1,1,1,1,1,1,0.360977,0
1,1,1,1,1,1,1,1,0.3822422,0
1,1,1,1,1,1,1,1,0.4042556,0
1,1,1,1,1,1,1,1,0.4269801,0
1,1,1,1,1,1,1,1,0.4503727,0
1,1,1,1,1,1,1,1,0.4743833,0
1,1,1,1,1,1,1,1,0.498969,0
1,1,1,1,1,1,1,1,0.5240554,0
1,1,1,1,1,1,1,1,0.5495747,0
1,1,1,1,1,1,1,1,0.5754689,0
1,1,1,1,1,1,1,1,0.6016471,0
1,1,1,1,1,1,1,1,1,1
1,1,1,1,1,1,1,1,1,1
1,1,1,1,1,1,1,1,1,1
1,1,1,1,1,1,1,1,1,1
1,1,1,1,0.9942085,1,1,1,1,1
1,1,1,1,0.9843675,1,1,1,1,1
1,1,1,1,0.9747872,1,1,1,1,1
1,1,1,1,0.9654613,1,1,1,1,1
1,1,1,1,0.9563764,1,1,1,1,1
1,1,1,0.9936918,0.9475284,1,1,1,1,1
1,1,1,0.9779109,0.9390916,1,1,1,1,1
1,1,1,0.9608897,0.9313344,1,1,1,1,1
1,1,1,0.9426782,0.9242743,1,1,1,1,2
1,1,1,0.9233469,0.9179298,1,1,1,1,2
1,1,1,0.9029821,0.9123132,1,1,1,1,2
1,1,1,0.8816866,0.907454,1,1,1,1,2
1,1,1,0.8595767,0.9033746,1,1,1,1,2
1,1,1,0.83678,0.9000972,1,1,1,1,2
1,1,1,0.8134313,0.897645,1,1,1,1,2
1,1,1,0.7896687,0.8960413,1,1,1,1,2
1,1,1,0.7726141,0.8953083,1,1,1,1,2
1,1,1,0.7700087,0.8952408,1,1,1,1,2
1,1,1,0.7675509,0.8953909,1,1,1,1,2
1,1,1,0.7652344,0.8957514,1,1,1,1,2
1,1,1,0.7630533,0.8963152,1,1,1,1,2
1,1,1,0.7610011,0.8970752,1,1,1,1,2
1,1,0.981249,0.7590722,0.8980244,1,1,1,1,2
1,1,0.9382056,0.7577236,0.8999298,1,1,1,1,2
1,1,0.894289,0.757547,0.9038011,1,1,1,1,2
1,1,0.8501624,0.7585788,0.9097215,1,1,1,1,2
1,1,0.8064303,0.7608483,0.9177683,1,1,1,1,2
1,1,0.7636082,0.764376,0.9280131,1,1,1,1,2
1,1,0.7221082,0.7691655,0.9405112,1,1,1,1,2
1,1,0.6822346,0.7752203,0.9553226,1,1,1,1,2
1,1,0.6441901,0.7825273,1,1,1,1,1,2
1,1,0.634999,0.7905076,1,1,1,1,1,2
1,1,0.636456,0.7991977,1,1,1,1,1,2
1,1,0.6381229,0.8082612,1,1,1,1,1,2
1,1,0.6399752,0.817668,1,1,1,1,1,2
1,1,0.6419961,0.8273972,1,1,1,1,1,2
1,1,0.6441624,0.8374184,1,1,1,1,1,2
1,1,0.6464517,0.8477005,1,1,1,1,1,2
1,1,0.6488501,0.8582234,1,1,1,1,1,2
1,1,0.6513372,1,1,1,1,1,1,2
1,0.9124835,0.6520926,1,1,1,1,1,1,2
1,0.8345217,0.6550689,1,1,1,1,1,1,2
1,0.7568361,0.6602176,1,1,1,1,1,1,2
1,0.6817304,0.6677235,1,1,1,1,1,1,2
1,0.614002,0.6765603,1,1,1,1,1,1,2
1,0.5538039,0.6863557,1,1,1,1,1,1,2
1,0.5120078,0.6971794,1,1,1,1,1,1,2
1,0.513397,0.7091188,1,1,1,1,1,1,2
1,0.5152602,0.7222629,1,1,1,1,1,1,2
1,0.5176113,0.7367118,1,1,1,1,1,1,2
1,0.5204725,0.752589,1,1,1,1,1,1,2
1,0.5238544,1,1,1,1,1,1,1,2
1,0.526751,1,1,1,1,1,1,1,2
1,0.5299829,1,1,1,1,1,1,1,2
1,0.5335481,1,1,1,1,1,1,1,2
0.8163918,0.5374376,1,1,1,1,1,1,1,2
0.6295153,0.5433027,1,1,1,1,1,1,1,2
0.4898279,0.5498246,1,1,1,1,1,1,1,2
0.4604977,0.557037,1,1,1,1,1,1,1,2
0.4618684,0.5649848,1,1,1,1,1,1,1,2
0.4636679,0.5737017,1,1,1,1,1,1,1,2
0.4659034,0.5832332,1,1,1,1,1,1,1,2
0.4685838,0.5936302,1,1,1,1,1,1,1,2
0.4717251,0.6049567,1,1,1,1,1,1,1,2
0.4753324,0.617267,1,1,1,1,1,1,1,2
0.4794184,0.6306306,1,1,1,1,1,1,1,2
0.4839969,1,1,1,1,1,1,1,1,2
0.488949,1,1,1,1,1,1,1,1,2
0.4943295,1,1,1,1,1,1,1,1,2
0.5001305,1,1,1,1,1,1,1,1,2
0.5063432,1,1,1,1,1,1,1,1,2
0.5129584,1,1,1,1,1,1,1,1,2
0.5199666,1,1,1,1,1,1,1,1,2
0.527364,1,1,1,1,1,1,1,1,2
0.5351397,1,1,1,1,1,1,1,1,2
0.5432822,1,1,1,1,1,1,1,1,2
0.5517787,1,1,1,1,1,1,1,1,2
0.5606161,1,1,1,1,1,1,1,1,2
0.5697877,1,1,1,1,1,1,1,1,2
0.9054351,1,1,1,1,1,1,1,1,1
0.9112958,1,1,1,1,1,1,1,1,1
1,1,1,1,1,1,1,1,1,1
1,1,1,1,1,1,1,1,1,1
1,1,1,1,1,1,1,1,1,1
1,1,1,1,1,1,1,1,1,1
1,1,1,1,1,1,1,1,1,1
1,1,1,1,1,1,1,1,1,1
1,1,1,1,1,1,1,1,1,1
1,1,1,1,1,1,1,1,1,1
1,1,1,1,1,1,1,1,1,1
1,1,1,1,1,1,1,1,1,1
1,1,1,1,1,1,1,1,1,1
1,1,1,1,1,1,1,1,1,1
1,1,1,1,1,1,1,1,1,1
1,1,1,1,1,1,1,1,1,1
1,1,1,1,1,1,1,1,1,1
1,1,1,1,1,1,1,1,1,1
1,1,1,1,1,1,1,1,1,1
1,1,1,1,1,1,1,1,1,1
1,1,1,1,1,1,1,1,1,1
1,1,1,1,1,1,1,1,1,1
1,1,1,1,1,1,1,1,1,1
1,1,1,1,1,1,1,1,1,1
1,1,1,1,1,1,1,1,1,1
1,1,1,1,1,1,1,1,1,1
1,1,1,1,1,1,1,1,1,1
1,1,1,1,1,1,1,1,1,1
1,1,1,1,1,1,1,1,1,1
1,1,1,1,1,1,1,1,1,1
1,1,1,1,1,1,1,1,1,1
1,1,1,1,1,1,1,1,1,1
1,1,1,1,1,1,1,1,1,1
1,1,1,1,1,1,1,1,1,1
1,1,1,1,1,1,1,1,1,1
1,1,1,1,1,1,1,1,1,1
1,1,1,1,1,1,1,1,1,1
1,1,1,1,1,1,1,1,1,1
1,1,1,1,1,1,1,1,1,1
1,1,1,1,1,1,1,1,1,1
1,1,1,1,1,1,1,1,1,1
1,1,1,1,1,1,1,1,1,1
1,0.991562,1,1,1,1,1,1,1,1
1,0.9756902,1,1,1,1,1,1,1,1
1,0.9592474,1,1,1,1,1,1,1,1
1,0.9422468,1,1,1,1,1,1,1,1
1,0.9247063,1,1,1,1,1,1,1,1
1,0.9066502,1,1,1,1,1,1,1,1
1,0.8881084,1,1,1,1,1,1,1,1
1,0.8691157,1,1,1,1,1,1,1,1
1,0.8497121,1,1,1,1,1,1,1,2
1,0.8299421,1,1,1,1,1,1,1,2
1,0.8098548,1,1,1,1,1,1,1,2
1,0.7895023,1,1,1,1,1,1,1,2
1,0.7689398,1,1,1,1,1,1,1,2
1,0.7482237,1,1,1,1,1,1,1,2
1,0.7274112,1,1,1,1,1,1,1,2
1,0.7065598,1,1,1,1,1,1,1,2
1,0.6857263,1,1,1,1,1,1,1,2
1,0.664965,1,1,1,1,1,1,1,2
1,0.6722892,1,1,1,1,1,1,1,2
1,0.6803833,1,1,1,1,1,1,1,2
1,0.6886066,1,1,1,1,1,1,1,2
1,0.6969341,1,1,1,1,1,1,1,2
1,0.7053581,1,1,1,1,1,1,1,2
1,0.7138715,1,1,1,1,1,1,1,2
1,0.7224572,1,1,1,1,1,1,1,2
1,0.7311075,1,1,1,1,1,1,1,2
0.9243633,0.7398057,1,1,1,1,1,1,1,2
0.8806461,0.7511327,1,1,1,1,1,1,1,2
0.8366925,0.7641402,1,1,1,1,1,1,1,2
0.7929865,0.778957,1,1,1,1,1,1,1,2
0.7499688,0.7957147,1,1,1,1,1,1,1,2
0.708021,0.8145369,1,1,1,1,1,1,1,2
0.6674532,0.8355589,1,1,1,1,1,1,1,2
0.6285008,1,1,1,1,1,1,1,1,2
0.5947729,1,1,1,1,1,1,1,1,2
0.5886689,0.9914936,1,1,1,1,1,1,1,2
0.5975484,0.9703604,1,1,1,1,1,1,1,2
0.6069152,0.9498844,1,1,1,1,1,1,1,2
0.6167611,0.9300696,1,1,1,1,1,1,0.9993763,2
0.6270722,0.9109276,1,1,1,1,1,1,0.9970902,2
0.6378027,0.8924826,1,1,1,1,1,1,0.9948636,2
0.6489417,0.8990574,1,1,1,1,1,1,0.9926813,2
0.6602235,0.9299501,1,1,1,1,1,1,0.9904726,2
0.6713609,0.9605678,1,1,1,1,1,1,0.9881552,2
0.6823045,0.9907107,1,1,1,1,1,1,0.985703,2
0.6930088,1,1,1,1,1,1,1,0.9830964,2
0.7036468,1,1,1,1,1,1,1,0.9803831,2
0.7143041,1,1,1,1,1,1,1,0.9775683,2
0.7249453,1,1,1,1,1,1,1,0.974651,2
0.7355433,1,1,1,1,1,1,1,0.9716252,2
0.7460786,1,1,1,1,1,1,1,0.9684799,2
0.7565243,1,1,1,1,1,1,1,0.9652115,2
0.9960791,1,1,1,1,1,1,1,0.9618173,1
0.9843413,1,1,1,1,1,1,1,0.9568872,1
0.9723822,1,1,1,1,1,1,1,0.9520075,1
0.960197,1,1,1,1,1,1,1,0.9471787,1
0.9477824,1,1,1,1,1,1,1,0.9423953,1
0.9351366,1,1,1,1,1,1,1,0.9376581,1
0.9222576,1,1,1,1,1,1,1,0.9329681,1
0.9091458,1,1,1,1,1,1,1,0.928326,1
0.8958019,1,0.9991056,1,1,1,1,1,0.9237267,1
0.88223,1,0.9901696,1,1,1,1,1,0.919171,1
0.8684435,1,0.9812418,1,1,1,1,1,0.9146514,1
0.8544481,1,0.9723232,1,1,1,1,1,0.9101692,1
0.8402514,1,0.9634157,1,1,1,1,1,0.9057254,1
0.8258619,1,0.9545209,1,1,1,1,1,0.9013146,1
0.8112898,1,0.9456401,1,1,1,1,1,0.8969378,1
0.7965477,1,0.9367759,1,1,1,1,1,0.8925959,1
0.7816491,1,0.9279301,1,1,1,1,1,0.8882837,1
0.7666088,1,0.9191049,1,1,1,1,1,0.8840019,1
0.7581182,1,0.9103033,1,1,1,1,1,0.8797514,1
0.766058,1,0.9015182,1,1,1,1,1,0.8754867,1
0.7737274,1,0.8927264,1,1,1,1,1,0.8711203,1
0.7811273,1,0.8839248,1,1,1,1,1,0.8666469,1
0.7882352,1,1,1,1,1,1,1,0.8620794,1
0.7952325,1,1,1,1,1,1,1,0.8574691,1
0.8019469,1,1,1,1,1,1,1,0.8527721,1
0.8083671,1,1,1,1,1,1,1,0.8479968,1
0.814492,1,1,1,1,1,1,1,0.843146,1
0.8203121,1,1,1,1,1,1,1,0.8393289,1
0.8258551,1,1,1,1,1,1,1,0.8833873,1
0.8326513,1,1,1,1,1,1,1,0.921146,1
0.8405167,1,1,1,1,1,1,1,0.9530791,1
0.8492819,1,1,1,1,1,1,1,0.9799358,1
0.8588119,1,1,1,1,1,1,1,1,2
0.8688947,1,1,1,1,1,1,1,1,1
0.8788546,1,1,1,1,1,1,1,1,1
0.888676,1,1,1,1,1,1,1,1,1
0.898352,1,1,1,1,1,1,1,1,1
0.9078681,1,1,1,1,1,1,1,1,1
0.9172188,1,1,1,1,1,1,1,1,1
0.9263905,1,1,1,1,1,1,1,1,1
0.935388,1,1,1,1,1,1,1,1,1
0.9441906,1,1,1,1,1,1,1,1,1
0.9528042,1,1,1,1,1,1,1,1,1
1,1,1,1,1,1,1,1,1,1
1,1,0.9929222,1,1,1,1,1,1,1
1,1,0.984228,1,1,1,1,1,1,1
1,1,0.9755308,1,1,1,1,1,1,1
1,1,0.9668306,1,1,1,1,1,1,1
1,1,0.9581271,1,1,1,1,1,1,1
1,1,0.9494205,1,1,1,1,1,1,1
1,0.669691,0.9407107,1,1,1,1,1,1,2
1,0.659417,0.9324157,1,1,1,1,1,1,2
1,0.6492046,0.9241603,1,1,1,1,1,1,2
1,0.6390553,0.9159434,1,1,1,1,1,1,2
1,0.6289712,0.9077647,1,1,1,1,1,1,2
1,0.618954,0.8996235,1,1,1,1,1,1,2
1,0.6090051,0.8915192,1,1,1,1,1,1,2
1,0.5991252,0.8834503,1,1,1,1,1,1,2
1,0.5893155,0.8754161,1,1,1,1,1,1,2
1,0.5795763,0.8674153,1,1,1,1,1,1,2
1,0.5699076,0.8594462,1,1,1,1,1,1,2
0.9988222,0.5603096,0.8515077,1,1,1,1,1,1,2
0.992011,0.5507769,0.8436024,1,1,1,1,1,1,2
1,0.5724429,0.8357493,1,1,1,1,1,1,1
1,0.6001467,0.8278449,1,1,1,1,1,1,1
1,0.6277246,0.8199042,1,1,1,0.9977628,1,1,1
1,0.8339265,0.8119133,1,1,1,0.9867865,1,1,1
1,0.8252632,0.8035496,1,1,1,0.9709997,1,1,1
1,0.8167219,0.7951172,1,1,1,0.9543626,0.9648555,1,1
1,0.808633,0.7864224,1,1,1,0.9345845,0.8655148,1,0
1,0.8016189,0.7771354,1,1,1,0.9116405,0.7861178,1,0
1,0.7955176,0.7674195,1,0.9857662,1,0.9115198,0.7816913,1,0
1,0.7894762,0.7577401,1,0.9686567,1,0.9117839,0.7774756,1,0
1,0.7835005,0.7481,1,0.9516796,1,0.9124539,0.7734776,1,0
1,0.7775773,0.7385086,1,0.9494977,1,0.9135098,0.7696959,1,0
1,0.7716072,0.7289951,1,0.9584821,1,0.9147356,0.7660918,1,0
1,0.765511,0.7195691,1,0.9674404,1,0.9159499,0.7626173,1,0
1,0.7592785,0.7102188,1,0.9763173,1,0.9171273,0.7592547,1,0
1,0.7529011,0.7009335,1,0.9850725,1,0.9182519,0.7559932,1,0
1,0.7463709,0.6917022,1,0.9936674,0.9597961,0.9193094,0.7528233,1,0
1,0.7399975,0.6824839,1,1,0.9408879,0.9210241,0.7499118,1,0
1,0.7336068,0.6733006,1,1,0.9223055,0.9230086,0.7471694,1,0
1,0.7272201,0.6641498,1,1,0.9039921,0.9253315,1,1,1
0.5299505,0.7174873,0.6551508,1,1,0.8926476,0.9199752,1,1,2
0.5080291,0.7033046,0.6464328,1,1,0.8908952,0.9038278,1,1,2
0.4871461,0.689588,0.6378933,1,0.9431989,0.8891677,0.888265,1,1,2
0.4677899,0.6766173,0.6294733,1,0.9112121,0.8866314,0.8740067,1,1,2
0.4495743,0.6642033,0.6211499,1,0.8822659,0.8835146,0.8606747,1,1,2
0.4323651,0.6522875,0.6128963,1,0.8559622,1,0.8481787,1,1,2
0.4175127,0.640092,0.6048796,1,0.8273348,1,0.8345419,0.6994471,1,1
0.4242405,0.6311253,0.5961462,1,0.8187044,1,0.8289765,1,1,2
0.4363686,0.6195713,0.5881444,1,0.7935259,1,0.8165287,1,1,2
0.4480714,0.60861,0.5801235,1,0.7715432,1,0.8052604,1,1,2
0.4593161,0.5981349,0.5720614,1,0.75217,1,0.7949854,1,1,2
0.4700977,0.5880591,0.5639446,1,0.7406939,1,0.7855411,1,1,2
0.4804676,0.5782889,0.5557757,1,0.7329561,1,0.7767467,1,1,1
0.4904683,0.5687639,1,1,0.7247425,1,0.7684741,1,1,2
1,0.5590301,1,1,0.717261,1,0.7594534,1,1,0
1,0.5518377,1,1,0.7028905,1,0.757704,1,1,0
1,0.5445944,1,1,0.6900301,1,0.7560863,1,1,0
1,0.5372894,1,1,0.6907228,1,0.7545739,1,1,0
1,0.5298637,1,1,0.6912028,0.7499589,0.7530068,1,0.6507228,0
1,0.5246002,0.4931263,1,0.7065786,0.7255377,0.7580124,1,0.6419456,0
1,0.5193771,0.4835972,1,0.7238411,0.7021313,0.7637354,0.9340984,0.6337317,0
1,0.5141902,0.4742056,1,0.743229,0.6796687,0.7702119,0.8080435,0.626063,0
1,0.5090359,0.464943,1,1,0.6580857,0.7774898,0.7031426,0.6189294,0
1,0.5039106,0.4558011,1,1,0.6373243,1,0.6215444,0.612316,0
1,0.4988109,0.446772,1,1,0.6173308,1,0.6210811,0.6062089,0
1,0.4937325,0.4378475,1,1,0.6032835,1,0.6210911,0.6006024,0
1,0.4886719,0.4290203,1,1,0.6170751,1,0.6215819,0.5954853,0
1,0.4836251,0.4202829,1,1,0.6325282,1,0.6225623,0.7470407,0
1,0.4783563,0.4115944,1,1,0.6488699,1,0.6238399,1,0
1,0.4694928,0.4024006,1,1,0.6515968,0.6429914,0.6223634,1,0
1,0.4633044,0.3936462,1,1,0.6668466,0.6198043,0.6235383,1,0
1,0.4567131,0.3848555,1,1,1,0.5980657,0.6247726,1,0
1,0.4479039,0.3756624,1,1,1,0.5805832,0.6242946,1,0
1,0.4388884,0.3664281,1,1,1,0.5635594,0.6238595,1,0
1,0.4296589,0.3571488,1,1,1,0.546971,0.6234493,1,0
1,0.4202102,0.3478217,1,1,1,0.5307945,0.6230537,1,0
1,0.4105384,0.338444,1,1,1,0.5150059,0.6226566,1,0
1,0.4006414,0.3290136,1,1,1,0.4995804,0.6222428,1,0
1,0.3905202,0.3195295,1,1,1,0.4844946,0.621805,0.5982899,0
1,0.3844111,0.3109644,1,1,1,0.471732,0.6262285,0.5538042,0
1,0.3782167,0.3024105,1,1,1,0.4821018,0.63126,0.5526444,0
1,0.3719274,0.2938606,1,1,1,0.4936744,0.6369314,0.5519323,0
1,0.3648988,0.2851432,1,1,1,0.5050313,0.8444724,0.5515262,0
1,0.3547024,0.2756097,1,1,1,0.5099044,0.847849,0.5507485,0
1,0.3439404,0.2659259,1,1,1,0.5140903,0.8507479,0.5500122,0
1,0.3326567,0.2561015,0.6589776,1,1,0.5175654,0.853159,0.5492891,0
1,0.3206826,0.2460905,0.6178154,1,1,1,0.8546826,0.5485033,2
1,0.3052401,0.2351555,1,1,1,1,0.8496374,0.5467451,2
1,0.2902485,0.2243479,1,1,1,1,0.8451096,0.5450296,2
0.526489,0.2754226,0.2135912,1,1,1,1,0.8405677,0.5432769,2
0.4773311,0.2572623,0.2019873,1,1,1,0.4800188,0.8279842,0.5403913,2
0.4411243,0.2416737,0.1910831,1,1,1,0.4686215,0.8201078,0.5380518,2
0.4067225,0.2264286,0.1802919,1,1,1,0.4573474,0.8122309,0.5356657,2
0.3741376,0.211547,0.1888174,1,1,1,0.4462902,0.8044259,0.5332414,2
0.3434537,0.1970648,0.2074893,1,1,1,0.4356367,0.796836,0.5307947,2
0.314575,0.1829774,0.2282988,1,1,1,0.4254411,0.7895118,0.5283231,2
0.287324,0.1692587,0.2513765,1,1,1,0.4156944,0.7824576,0.5258241,2
0.2615281,0.1558801,0.2768177,1,1,1,0.4063876,0.7756759,0.5233008,2
0.2370258,0.1428127,0.3047713,1,1,1,0.3974856,0.4236099,0.5207433,1
0.218592,0.1312049,0.3119943,1,1,1,0.3953659,0.3983034,0.518334,1
0.1998468,0.119514,0.3190319,1,1,1,1,0.3734753,0.5159661,2
0.1757762,0.1105323,0.3552209,1,1,1,1,0.3608984,0.5133538,2
0.1530739,0.1170527,0.3955381,1,1,1,1,0.3471106,0.5107129,2
0.1316319,0.1237699,0.4390816,1,1,1,1,0.3317652,0.5080293,2
0.1112315,0.1306299,0.4853426,1,1,1,1,0.3148557,0.5052938,2
0.09168337,0.137565,1,1,1,1,1,0.2964144,0.5025063,1
0.09218724,0.1438675,1,1,1,1,1,0.2746859,0.4996288,1
0.09586157,0.1499769,1,1,1,1,1,0.2517299,0.4967066,1
0.09947243,0.1558095,1,1,1,1,1,0.2430415,0.4937451,1
0.1030443,0.1614753,1,1,1,1,1,0.239754,0.4907615,1
0.1065821,0.1670097,1,1,1,1,1,0.2365205,0.4877669,1
0.1100778,0.1723979,1,1,1,1,1,0.2333417,0.4847685,1
0.1135235,0.1776268,1,1,1,1,1,0.230219,0.4817736,1
0.1169192,0.1826962,1,1,1,1,1,0.2271477,0.4787837,1
0.1202578,0.1875957,1,1,1,1,1,0.2241299,0.4758065,1
0.1235396,0.1923278,1,1,1,1,1,0.221162,0.4728437,1
0.1267582,0.1968843,1,1,1,1,1,0.2182471,0.5347887,1
0.1301619,0.2021502,1,1,1,1,1,0.2151043,1,2
0.1354054,0.2140381,1,1,1,1,1,0.2100881,0.7108638,2
0.1395933,0.2217386,1,1,1,1,1,0.2062902,0.1918677,0
0.1415447,0.2211977,1,1,1,1,1,0.2045513,0.188747,0
0.143376,0.220713,1,1,1,1,1,0.2029552,0.185849,0
0.1450951,0.2202758,1,1,1,1,1,0.2014922,0.1831578,0
0.1467093,0.2198789,1,1,1,1,1,1,0.1806586,2
0.1511265,0.2295529,1,1,1,1,1,0.6811121,0.178001,1
0.1544526,0.2350963,1,1,1,1,1,1,0.1753249,2
0.1590577,0.2451266,1,1,1,1,1,1,0.1725511,2
0.1638016,0.2554162,1,1,1,1,1,1,0.1696804,2
0.1686703,0.2659264,1,1,1,1,1,1,0.1667105,2
0.1736421,0.2766044,1,1,1,1,1,1,0.1636465,2
0.1786953,0.2873948,1,1,1,1,1,1,0.1604947,2
0.1838154,1,1,1,1,1,1,1,0.1572565,0
0.186882,1,1,1,1,1,1,1,0.153901,0
0.1898317,1,1,1,1,1,1,1,0.2165853,0
0.1930462,1,1,1,1,1,1,1,0.5894923,2
0.1984079,1,1,1,1,1,1,1,0.5866474,2
0.203923,1,1,1,1,1,1,1,0.5837482,2
0.2095879,1,1,1,1,1,1,1,0.5807847,2
0.2153913,1,1,1,1,1,1,1,0.5777537,2
0.2213137,1,1,1,1,1,1,1,0.5746588,2
0.2273576,1,1,1,1,1,1,1,0.5714859,2
0.2335025,1,1,1,1,1,1,1,0.56824,2
0.239735,1,1,1,1,1,1,1,0.5649205,2
1,1,1,1,1,1,1,1,0.5615212,0
1,1,1,1,1,1,1,1,0.5563865,0
1,1,1,1,1,1,1,1,0.5516154,0
1,1,1,1,1,1,1,1,0.5472164,0
1,1,1,1,1,1,1,1,0.5431916,0
1,1,1,1,1,1,1,1,0.539549,0
1,1,1,1,1,1,1,1,0.5362902,0
1,1,1,1,1,1,1,1,0.5334223,0
1,1,1,1,1,1,1,1,0.5309464,0
1,1,1,1,1,1,1,1,0.5288634,0
1,1,1,1,1,1,1,1,0.9177254,1
1,1,1,1,1,1,1,1,0.9158169,1
1,1,1,1,1,1,1,1,0.9139591,1
1,1,1,1,1,1,1,1,0.9121469,1
1,1,1,1,1,1,1,1,0.9103867,1
1,1,1,1,1,1,1,1,0.9086791,1
1,1,1,1,1,1,1,1,0.9070247,1
1,1,1,1,1,1,1,1,0.9054303,1
1,1,1,1,1,1,1,1,0.90389,1
1,1,1,1,1,1,1,1,1,1
1,1,1,1,1,1,1,1,1,1
1,1,1,1,1,1,1,1,1,1
1,1,1,1,1,1,1,1,1,1
1,1,1,1,1,1,1,1,1,1
1,1,1,1,1,1,1,1,1,1
1,1,1,1,1,1,1,1,1,1
1,1,1,1,1,1,1,1,1,1
1,1,1,1,1,1,1,1,1,1
1,1,1,1,1,1,1,1,1,1
1,1,1,1,1,1,1,1,1,1
1,1,1,1,1,1,1,1,1,1
1,1,1,1,1,1,1,1,1,1
1,1,1,1,1,1,1,1,1,1
1,1,1,1,1,1,1,1,1,1
1,1,1,1,1,1,1,1,1,1
1,1,1,1,1,1,1,1,1,1
1,1,1,1,1,1,1,1,1,1
1,1,1,1,1,1,1,1,1,1
1,1,1,1,1,1,1,1,1,1
1,1,1,1,1,1,1,1,1,1
1,1,1,1,1,1,1,1,1,1
1,1,1,1,1,1,1,1,1,1
1,0.9566619,1,1,1,1,1,1,1,1
1,0.9429447,1,1,1,1,1,1,1,1
1,0.9289774,1,1,1,1,1,1,1,1
1,0.914772,1,1,1,1,1,1,1,1
1,0.9003431,1,1,1,1,1,1,1,1
1,0.8857056,1,1,1,1,1,1,1,1
1,0.8708767,1,1,1,1,1,1,1,1
1,0.8558742,1,1,1,1,1,1,1,1
1,0.8407175,1,1,1,1,1,1,1,1
1,0.8254269,1,1,1,1,1,1,1,2
1,0.8100236,1,1,1,1,1,1,1,2
1,0.7945291,1,1,1,1,1,1,1,2
1,0.7789657,1,1,1,1,1,1,1,2
1,0.7633554,1,1,1,1,1,1,1,2
1,0.7477206,1,1,1,1,1,1,1,2
1,0.732083,1,1,1,1,1,1,1,2
1,0.7164649,1,1,1,1,1,1,1,2
1,0.7008867,1,1,1,1,1,1,1,2
1,0.6853691,1,1,1,1,0.9602002,1,1,2
1,0.6704259,1,1,1,1,0.9486502,1,1,2
1,0.655683,1,1,1,1,0.9372608,1,1,2
1,0.6411402,1,1,1,1,0.9260278,1,1,2
1,0.6498857,1,1,1,1,0.9149658,1,1,2
1,0.6607306,1,1,1,1,0.9046377,1,1,2
1,0.6712393,1,1,1,1,0.8950263,1,1,2
1,0.6813959,1,1,1,1,0.8860625,1,1,1
1,0.6911982,1,1,1,1,0.877677,1,1,1
1,0.7006236,1,1,1,1,0.8698271,1,1,1
1,0.7096748,1,1,1,1,0.8624585,1,1,1
1,0.7183449,1,1,1,1,0.8555323,1,1,1
0.8170703,0.7266291,1,1,1,1,0.8490148,1,1,2
0.7896405,0.7423162,1,1,1,0.9863676,0.8370284,1,1,2
0.763158,0.7584387,1,1,1,0.9652275,0.8253217,1,1,2
0.737778,0.7747295,1,1,1,0.9452016,0.8140513,1,1,2
0.7134312,0.7911259,1,1,1,0.9290615,0.8032101,1,1,2
0.6899905,0.8076621,1,1,1,0.9219587,0.7927315,1,1,2
0.6672381,1,1,1,1,0.9147833,0.7824757,1,1,1
0.6483824,1,1,1,1,0.9055467,0.7752172,1,1,1
0.6295598,1,1,1,1,0.8963911,0.7678369,1,1,1
0.6107954,1,1,1,1,0.8873097,0.7603502,1,1,1
0.5921133,1,1,1,1,0.8782948,0.7527722,1,1,1
0.5735354,1,1,1,1,0.8693385,0.7451094,1,1,1
0.5550827,1,1,1,1,0.8604329,0.737377,1,1,1
0.5393494,1,1,1,1,0.8515695,0.7295976,1,1,1
0.5456493,1,1,1,1,0.8426937,0.7218344,1,1,1
0.5517206,1,1,1,1,0.8334099,0.7145844,1,1,1
0.5575529,1,1,1,1,0.8237355,1,1,1,2
0.5671924,1,1,1,1,0.8184752,0.6956686,1,1,1
0.5724646,1,1,1,1,0.8078365,1,1,1,2
0.5820214,1,1,1,1,0.8020099,0.67873,1,1,1
0.5866661,1,1,1,0.9981171,0.7904591,1,1,1,2
0.5960252,1,1,1,0.9687943,0.7840301,1,1,1,2
0.6050913,1,1,1,0.9427885,0.7770256,1,1,1,2
0.6138415,1,1,1,0.9196242,0.7694569,1,1,1,2
0.6222481,1,1,1,0.8989314,0.7613405,1,1,1,2
0.6302956,1,1,1,0.8803946,0.7526971,1,1,1,1
0.637964,1,1,1,0.8637685,0.7435511,1,1,1,1
0.645245,1,1,1,0.8488365,0.7339298,1,1,1,1
0.6521341,1,1,1,0.835418,0.7238632,1,1,1,1
0.6586299,1,1,1,0.8233611,0.713383,1,1,1,1
0.6647258,1,1,1,0.8125514,0.7025222,1,0.6459663,1,0
0.6620411,1,1,1,0.8276269,0.6841463,1,0.5747877,1,0
0.6579896,1,1,1,0.848983,0.6650516,0.8420075,0.5063232,1,0
0.6520348,1,1,1,0.8806232,0.6448737,0.8084569,0.4709782,1,0
0.6463093,1,1,1,1,0.646169,0.7766637,0.4702002,1,0
0.6407998,1,1,1,1,0.6619703,0.7464839,0.4698261,1,0
0.6354932,1,1,1,1,0.6796292,0.7177897,0.4698628,1,0
0.6303784,1,1,1,1,0.6993727,0.6904657,0.470318,1,0
0.6254372,1,1,1,1,0.721482,0.664409,0.4712079,1,0
0.6206601,1,1,1,1,0.7462769,0.6395255,0.472543,1,0
0.6160383,1,1,1,1,0.7741405,0.6157311,0.4743357,1,0
0.611842,1,1,1,1,0.8039986,0.5933375,0.4763977,1,0
0.6080588,1,1,1,1,1,0.5722345,0.4786787,1,0
0.6054684,1,1,1,1,1,0.5533568,1,0.5323679,0
0.6028279,1,1,1,1,1,0.5403502,1,0.4215463,0
0.598934,1,1,1,1,1,0.5533997,1,0.420656,0
0.5953818,1,1,1,1,1,0.5670389,1,0.4200874,0
0.5921337,1,1,1,1,1,0.5812329,1,0.4198075,0
0.5891563,1,0.9537947,1,1,1,0.5959429,0.7113048,0.4197854,0
0.5854602,1,0.9307492,1,1,1,0.6156666,0.6724818,0.420354,0
0.5818558,1,0.9273971,1,1,1,0.6375849,0.6361751,0.4213235,0
0.5783383,1,0.9243875,1,1,1,0.6619766,0.602142,0.4226991,0
0.5749029,1,0.9217265,1,1,1,0.6891717,0.5701706,0.4244872,0
0.571539,1,0.9194214,1,1,1,0.7195777,0.5400747,0.4267016,0
0.5682486,1,0.9174801,1,1,1,1,0.5116891,1,1
0.5686278,1,0.9047675,1,1,1,1,0.4985217,1,1
0.569006,1,0.8922291,1,1,1,1,0.4850922,1,1
0.56938,1,0.8798608,1,1,1,1,0.4714028,1,1
0.5697466,1,0.8676585,1,1,1,1,0.4574577,1,1
0.5700967,1,0.8556174,1,1,1,1,0.4432627,1,1
0.5704216,1,0.8437325,1,1,1,1,0.428827,1,1
0.570719,1,0.8319985,1,1,1,1,0.4141611,1,1
0.5709873,1,0.8204097,1,1,1,1,0.3997039,1,1
0.7852272,1,0.808955,1,1,1,1,0.3992493,1,0
0.7836553,1,0.8006686,1,1,1,1,0.401738,1,0
0.7821589,1,0.7921872,1,1,1,1,0.4042018,1,0
0.7807272,1,0.7835089,1,1,1,1,0.4066368,1,0
0.779357,1,0.7746332,1,1,1,1,0.4090306,1,0
0.7780458,1,0.7655606,1,1,1,1,0.4113718,1,0
0.7767916,1,0.7562927,1,1,1,1,0.413649,0.6403698,0
0.7729724,1,0.7524711,1,1,1,1,0.4215863,0.570231,0
0.7689969,1,0.7495726,1,1,1,1,0.4309653,0.5055991,0
0.7651404,1,0.7470542,1,1,1,1,0.4413173,0.4482243,0
0.7614359,1,0.7448304,1,1,1,1,0.4526168,0.3972375,0
0.7578784,1,0.7429109,1,1,1,1,0.4649382,0.3516277,0
0.7544627,1,0.7413056,0.93016,1,1,1,0.4783653,0.3438709,0
0.7511842,1,0.7400268,0.8716748,1,1,1,0.4929923,0.3491135,0
0.7481061,1,0.7384666,0.8217416,1,1,1,0.5081825,0.354633,0
0.7452409,1,0.7358619,0.7810209,1,1,1,0.5230111,0.360151,0
0.7425115,1,0.7321905,0.7473037,1,1,1,1,0.3656151,1
0.7401843,1,0.7207052,0.7387577,1,1,1,1,0.3685206,1
0.7378684,1,0.7088079,0.7314372,1,1,1,1,0.3713003,1
0.7355675,1,0.6965336,0.7252536,1,1,1,1,0.3739505,1
0.7332804,1,0.683918,0.7201173,1,1,1,1,0.3764753,1
0.731019,1,0.670997,0.7159829,1,1,1,1,0.3788657,1
0.7287835,1,0.657807,0.7127825,1,1,1,1,0.3811277,1
0.7370242,1,0.6443839,0.7104887,1,1,1,1,0.3832535,1
0.734851,1,0.6309783,0.7082987,1,1,1,1,0.3853464,1
0.7327186,1,0.6173854,0.7069529,1,1,1,1,0.3873121,1
0.730635,1,0.603638,0.7064216,1,1,1,1,0.3891513,1
0.7286016,1,0.5897681,0.7066648,1,1,1,1,0.3908719,1
0.7266262,1,0.5758049,0.7076632,1,1,1,1,0.3924751,1
0.7247165,1,0.5617765,0.7094015,1,1,1,1,0.393962,2
1,1,0.547709,0.7118511,1,1,1,1,0.3953411,0
1,1,0.538286,0.6941817,1,1,1,1,0.399063,0
1,1,0.5284363,0.6784937,1,1,1,1,0.4027011,0
1,1,0.518182,0.6645111,1,1,1,1,0.406253,0
1,1,0.5075468,0.6520539,1,1,1,1,0.4096972,1
1,1,0.4965565,0.6409296,1,1,1,1,0.4130345,1
1,1,0.4852383,0.6310076,1,1,1,1,0.4162522,1
1,1,0.4736202,0.6221497,1,1,1,1,1,2
1,1,0.4540527,0.6467952,1,1,1,1,1,2
1,1,0.4353708,1,1,1,1,1,1,2
1,1,0.418963,1,1,1,1,1,1,2
1,1,0.42259,1,1,1,1,1,1,2
1,1,0.4284867,1,1,1,1,1,1,2
1,0.5887424,0.4346723,1,1,1,1,1,1,2
1,0.5516548,0.4470194,1,1,1,1,1,1,2
1,0.5170614,0.4608534,1,1,1,1,1,1,2
1,0.4847097,0.4763366,1,1,1,1,1,1,2
1,0.4543796,0.4936725,1,1,1,1,1,1,2
1,0.4258795,0.5131016,1,1,1,1,1,1,2
1,0.3990409,0.5349239,1,1,1,1,1,1,2
1,0.3737155,0.5594683,1,1,1,1,1,1,2
1,0.3497716,1,1,1,1,1,1,1,2
1,0.3272977,1,1,1,1,1,1,0.9952617,2
1,0.3253607,1,1,1,1,1,1,0.9903706,2
1,0.3330704,1,1,1,1,1,1,0.9858209,2
0.5322341,0.3412146,1,1,1,1,1,1,0.9816254,2
0.4790385,0.3508119,1,1,1,1,1,1,0.9773661,2
0.4312626,0.3613278,1,1,1,1,1,1,0.9733493,2
0.3881194,0.3728394,1,1,1,1,1,1,0.9695689,2
0.3489685,0.3854237,1,1,1,1,1,1,0.9660257,2
0.3132814,0.3991885,1,1,1,1,1,1,0.9627083,2
0.2807948,0.4142451,1,1,1,1,1,1,0.959612,2
0.2869721,0.4307104,1,1,1,1,1,1,0.9567387,2
0.2936601,0.4487285,1,1,1,1,1,1,0.9540843,2
0.3008851,1,1,1,1,1,1,1,0.9516457,2
0.3086762,1,1,1,1,1,1,1,0.9494197,2
0.3170577,1,1,1,1,1,1,1,0.9474095,2
0.3260645,1,1,1,1,1,1,1,0.945613,2
0.3356703,1,1,1,1,1,1,1,0.9439992,2
0.3457595,1,1,1,1,1,1,1,0.9425018,2
0.3563254,1,1,1,1,1,1,1,0.9410846,2
0.3673593,1,1,1,1,1,1,1,0.9397131,2
0.3788428,1,1,1,1,1,1,1,0.9383607,2
0.3907628,1,1,1,1,1,1,1,0.9369968,2
0.4031041,1,1,1,1,1,1,1,0.9355924,2
1,1,1,1,1,1,1,1,0.9341261,1
1,1,1,1,1,1,1,1,0.9285581,1
1,1,1,1,1,1,1,1,0.9229781,1
1,1,1,1,1,1,1,1,0.9173887,1
1,1,1,1,1,1,1,1,0.9117988,1
1,1,1,1,1,1,1,1,0.9062109,1
1,1,1,1,1,1,1,1,0.9006344,1
1,1,1,1,1,1,1,1,0.895072,0
1,1,1,1,1,1,1,1,0.889527,0
1,1,1,1,1,1,1,1,0.8840089,0
1,1,1,1,1,1,1,1,0.8785206,0
1,1,1,1,1,1,1,1,0.8730658,0
1,1,1,1,1,1,1,1,0.867648,0
1,1,1,1,1,1,1,1,0.8622767,0
1,1,1,1,1,1,1,1,0.8569616,0
1,1,1,1,1,1,1,1,0.8517065,0
1,1,1,1,1,1,1,1,0.846515,0
1,1,1,1,1,1,1,1,0.8413905,0
1,1,1,1,1,1,1,1,0.8363431,0
1,1,1,1,1,1,1,1,0.8313764,0
1,1,1,1,1,1,1,1,0.8264937,0
1,1,1,1,1,1,1,1,0.821705,0
1,1,1,1,1,1,1,1,0.817014,0
1,1,1,1,1,1,1,1,0.81243,0
1,1,1,1,1,1,1,1,0.9037821,1
1,1,1,1,1,1,1,1,1,1
1,1,1,1,1,1,1,1,1,1
1,1,1,1,1,1,1,1,1,1
1,1,1,1,1,1,1,1,1,1
1,1,1,1,1,1,1,1,1,1
1,1,1,1,1,1,1,1,1,1
1,1,1,1,1,1,1,1,1,1
1,1,1,1,1,1,1,1,1,1
1,1,1,1,1,1,1,1,1,1
1,1,1,1,1,1,1,1,1,1
1,1,1,1,1,1,1,1,1,1
1,1,1,1,1,1,1,1,1,1
1,1,1,1,1,1,1,1,1,1
1,1,1,1,1,1,1,1,1,1
1,1,1,1,1,1,1,1,1,1
1,1,1,1,1,1,1,1,1,1
1,1,1,1,1,1,1,1,1,1
1,1,1,1,1,1,1,1,1,1
1,1,1,1,1,1,1,1,1,1
1,1,1,1,1,1,1,1,1,1
1,1,1,1,1,1,1,1,1,1
1,1,1,1,1,1,1,1,1,1
1,1,1,1,1,1,1,1,1,1
1,1,1,1,1,1,1,1,1,1
1,1,1,1,1,1,1,1,1,1
1,1,1,1,1,1,1,1,1,1
1,1,1,1,1,1,1,1,1,1
1,1,1,1,1,1,1,1,1,1
1,1,1,1,1,1,1,1,1,1
1,1,1,1,1,1,1,1,1,1
1,1,1,1,1,1,1,1,1,1
1,1,1,1,1,1,1,1,1,1
1,1,1,1,1,1,1,1,1,1
1,1,1,1,1,1,1,1,1,1
1,1,1,1,1,1,1,1,1,1
1,1,1,1,1,1,1,1,1,1
1,1,1,1,1,1,1,1,1,1
1,1,1,1,1,1,1,1,1,1
1,1,1,1,1,1,1,1,1,1
1,1,1,1,1,1,1,1,1,1
1,1,1,1,1,1,1,1,1,1
1,1,1,1,1,1,1,1,1,1
1,1,1,1,1,1,1,1,1,1
1,1,1,1,1,1,1,1,1,1
1,1,1,1,1,1,1,1,1,1
1,1,1,1,1,1,1,1,1,1
1,1,1,1,1,1,1,1,1,1
1,1,1,1,1,1,1,1,1,1
1,1,1,1,1,1,1,1,1,1
1,1,1,1,1,1,1,1,1,1
1,1,1,1,1,1,1,1,1,1
1,1,1,1,1,1,1,1,1,1
1,1,1,1,1,1,1,1,1,1
1,1,1,1,1,1,1,1,1,1
1,1,1,1,1,1,1,1,1,1
1,1,1,1,1,1,1,1,1,1
1,1,1,1,1,1,1,1,1,1
1,1,1,1,1,1,1,1,1,1
1,1,1,1,1,1,1,1,1,1
1,1,1,1,1,1,1,1,1,1
1,1,1,1,1,1,1,1,1,1
1,1,1,1,1,1,1,1,1,1
1,1,1,1,1,1,1,1,1,1
1,1,1,1,1,1,1,1,1,1
1,1,1,1,1,1,1,1,1,1
1,1,1,1,1,1,1,1,1,1
1,1,1,1,1,1,1,1,1,1
1,1,1,1,1,1,1,1,1,1
1,1,1,1,1,1,1,1,1,1
1,1,1,1,1,1,1,1,1,1
1,1,1,1,1,1,1,1,1,1
1,1,1,1,1,1,1,1,1,1
1,1,1,1,1,1,1,1,1,1
1,1,1,1,1,1,1,1,1,1
1,1,1,1,1,1,1,1,1,1
1,1,1,1,1,1,1,1,1,1
1,1,1,1,1,1,1,1,1,1
1,1,1,1,1,1,1,1,1,1
1,1,1,1,1,1,1,1,1,1
1,1,1,1,1,1,1,1,1,1
1,1,1,1,1,1,1,1,1,1
1,1,1,1,1,1,1,1,1,1
1,1,1,1,1,1,1,1,1,1
1,1,1,1,1,1,1,1,1,1
1,1,1,1,1,1,1,1,1,1
1,1,1,1,1,1,1,1,1,1
1,1,1,1,1,1,1,1,1,1
1,1,1,1,1,1,1,1,1,1
1,1,1,1,1,1,1,1,1,1
1,1,1,1,1,1,1,1,1,1
1,1,1,1,1,1,1,1,1,1
1,1,1,1,1,1,1,1,1,1
1,1,1,1,1,1,1,1,1,1
1,1,1,1,1,1,1,1,1,1
1,1,1,1,1,1,1,1,1,1
1,1,1,1,1,1,1,1,1,1
1,1,1,1,1,1,1,1,1,1
1,1,1,1,1,1,1,1,1,1
1,1,1,1,1,1,1,1,1,1
1,1,1,1,1,1,1,1,1,1
1,1,1,1,1,1,1,1,1,1
1,1,1,1,1,1,1,1,1,1
1,1,1,1,1,1,1,1,1,1
1,1,1,1,1,1,1,1,1,1
1,1,1,1,1,1,1,1,1,1
1,1,1,1,1,1,1,1,1,1
1,1,1,1,1,1,1,1,1,1
1,1,1,1,1,1,1,1,1,1
1,1,1,1,1,1,1,1,1,1
1,1,1,1,1,1,1,1,1,1
1,1,1,1,1,1,1,1,1,1
1,1,1,1,1,1,1,1,1,1
1,1,1,1,1,1,1,1,1,1
1,1,1,1,1,1,1,1,1,1
1,1,1,1,1,1,1,1,1,1
1,1,1,1,1,1,1,1,1,1
1,1,1,1,1,1,1,1,1,1
1,1,1,1,1,1,1,1,1,1
1,1,1,1,1,1,1,1,1,1
1,1,1,1,1,1,1,1,1,1
1,1,1,1,1,1,1,1,1,1
1,1,1,1,1,1,1,1,1,1
1,1,1,1,1,1,1,1,1,1
1,1,1,1,1,1,1,1,1,1
1,1,1,1,1,1,1,1,1,1
1,1,1,1,1,1,1,1,1,1
1,1,1,1,1,1,1,1,1,1
1,1,1,1,1,1,1,1,1,1
1,1,1,1,1,1,1,1,1,1
1,1,1,1,1,1,1,1,1,1
1,1,1,1,1,1,1,1,1,1
1,1,1,1,1,1,1,1,1,1
1,1,1,1,1,1,1,1,1,1
1,1,1,1,1,1,1,1,1,1
1,1,1,1,1,1,1,1,1,1
1,1,1,1,1,1,1,1,1,1
1,1,1,1,1,1,1,1,1,1
1,1,1,1,1,1,1,1,1,1
1,1,1,1,1,1,1,1,1,1
1,1,1,1,1,1,1,1,1,1
1,1,1,1,1,1,1,1,1,1
1,1,1,1,1,1,1,1,1,1
1,1,1,1,1,1,1,1,1,1
1,1,1,1,1,1,1,1,1,1
1,1,1,1,1,1,1,1,1,1
1,1,1,1,1,1,1,1,1,1
1,1,1,1,1,1,1,1,1,1
1,1,1,1,1,1,1,1,1,1
1,1,1,1,1,1,1,1,1,1
1,1,1,1,1,1,1,1,1,1
1,1,1,1,1,1,1,1,1,1
1,1,1,1,1,1,1,1,1,1
1,1,1,1,1,1,1,1,1,1
1,1,1,1,1,1,1,1,1,1
1,1,1,1,1,1,1,1,1,1
1,1,1,1,1,1,1,1,1,1
1,1,1,1,1,1,1,1,1,1
1,1,1,1,1,1,1,1,1,1
1,1,1,1,1,1,1,1,1,1
1,1,1,1,1,1,1,1,1,1
1,1,1,1,1,1,1,1,1,1
1,1,1,1,1,1,1,1,1,1
1,1,1,1,1,1,1,1,1,1
1,1,1,1,1,1,1,1,1,1
1,1,1,1,1,1,1,1,1,1
1,1,1,1,1,1,1,1,1,1
1,1,1,1,1,1,1,1,1,1
1,1,1,1,1,1,1,1,1,1
1,1,1,1,1,1,1,1,1,1
1,1,1,1,1,1,1,1,1,1
1,1,1,1,1,1,1,1,1,1
1,1,1,1,1,1,1,1,1,1
1,1,1,1,1,1,1,1,1,1
1,1,1,1,1,1,1,1,1,1
1,1,1,1,1,1,1,1,1,1
1,1,1,1,1,1,1,1,1,1
1,1,1,1,1,1,1,1,1,1
1,1,1,1,1,1,1,1,1,1
1,1,1,1,1,1,1,1,1,1
1,1,1,1,1,1,1,1,1,1
1,1,1,1,1,1,1,1,1,1
1,1,1,1,1,1,1,1,1,1
1,1,1,1,1,1,1,1,1,1
1,1,1,1,1,1,1,1,1,1
1,1,1,1,1,1,1,1,1,1
1,1,1,1,1,1,1,1,1,1
1,1,1,1,1,1,1,1,1,1
1,1,1,1,1,1,1,1,1,1
1,1,1,1,1,1,1,1,1,1
1,1,1,1,1,1,1,1,1,1
1,1,1,1,1,1,0.9949749,1,1,1
1,1,1,1,1,1,0.9839005,1,1,1
1,1,1,1,1,1,0.9727381,1,1,1
1,1,1,1,1,1,0.9614906,1,1,1
1,1,1,1,1,1,0.9523671,1,1,1
1,1,1,1,1,1,0.9541522,1,1,1
1,1,1,1,1,1,0.9558907,1,1,1
1,1,1,1,1,1,0.9575841,1,1,1
1,1,1,1,1,1,0.9592482,1,1,1
1,1,1,1,1,1,0.9608698,1,1,1
1,1,1,1,1,1,0.9624494,1,1,1
1,1,1,1,1,1,0.9639888,1,1,1
1,1,1,1,1,1,0.9654887,1,1,1
1,1,1,1,1,1,0.9669509,1,1,1
1,1,1,1,1,1,0.9683763,1,1,1
1,1,1,1,1,1,0.969766,1,1,1
1,1,1,1,1,1,0.9711211,1,1,1
1,1,1,1,1,1,0.9724427,1,1,1
1,1,1,1,1,1,0.9737171,1,1,1
1,1,1,1,1,1,0.974961,1,1,1
1,1,1,1,1,1,0.9761747,1,1,1
1,1,1,1,1,1,0.9773597,1,1,1
1,1,1,1,1,1,0.9785019,1,1,1
1,1,1,1,1,1,0.9796175,1,1,1
1,1,1,1,1,1,0.9806926,1,1,1
1,1,1,1,1,1,0.9817435,1,1,1
1,1,1,1,1,1,0.982756,1,1,1
1,1,1,1,1,1,0.9837462,1,1,1
1,1,1,1,1,1,0.9847004,1,1,1
1,1,1,1,1,1,1,1,1,1
1,1,1,1,1,1,1,1,1,1
1,1,1,1,1,1,1,1,1,1
1,1,1,1,1,1,1,0.8897803,1,1
1,1,1,1,1,1,1,0.8709728,1,1
1,1,1,1,1,1,1,0.8517605,1,0
1,1,1,1,1,1,1,0.8321864,1,0
1,1,1,1,1,1,1,0.8122977,1,0
1,1,1,1,1,1,1,0.7921449,1,0
1,1,1,1,1,1,1,0.7717813,1,0
1,1,1,1,1,1,1,0.7512618,1,0
1,1,1,1,1,1,1,0.7306421,1,0
1,1,1,1,1,1,1,0.7099783,1,0
1,1,1,1,1,1,1,0.689325,1,0
1,1,1,1,1,1,1,0.6687359,1,0
1,1,1,1,1,1,1,0.6482618,1,0
1,1,1,1,1,1,1,0.6279505,1,0
1,1,1,1,1,1,1,0.6078471,1,0
1,1,1,1,1,1,1,0.6099673,1,0
1,1,1,1,1,1,1,0.6194781,1,0
1,1,1,1,1,1,1,0.6291829,1,0
1,1,1,1,1,1,1,0.6390544,1,0
1,1,1,1,1,1,1,0.6490834,1,0
1,1,1,1,1,1,1,0.6592606,1,0
1,1,1,1,1,1,1,0.6695573,1,0
1,1,1,1,1,1,1,0.679963,1,0
1,1,1,1,1,1,1,0.6904675,0.7849053,0
1,1,1,1,1,1,1,0.7085565,0.7397548,0
1,1,1,1,1,1,1,0.7288632,0.6962984,0
1,1,1,1,1,1,1,1,0.6547917,0
1,1,1,1,1,1,1,1,0.6216689,0
1,1,1,1,1,1,1,1,0.5890239,0
1,1,1,1,1,1,1,1,0.5570639,0
1,1,1,1,1,1,1,1,0.5312856,0
1,1,1,1,1,1,1,1,0.5409867,0
1,1,1,1,1,1,1,1,0.5510419,0
1,1,1,1,1,1,1,1,0.561428,0
1,1,1,1,1,1,1,1,0.5721364,0
1,1,1,1,1,1,1,1,0.5831496,0
1,1,1,1,1,1,1,1,0.594449,0
1,1,1,1,1,1,1,1,0.6060154,0
1,1,1,1,1,1,1,1,0.6178285,0
1,1,1,1,1,1,1,1,0.6298751,0
1,1,1,1,1,1,1,1,0.642125,0
1,1,1,1,1,1,1,1,0.6545637,0
1,1,1,1,1,1,1,1,0.6671592,0
1,1,1,1,1,1,1,1,1,1
1,1,1,1,1,1,1,1,1,1
1,1,1,1,1,1,1,1,1,1
1,1,1,1,1,1,1,1,1,1
1,1,1,1,1,1,1,1,1,1
1,1,1,1,1,1,1,1,1,1
1,1,1,1,1,1,1,1,1,1
1,1,1,1,1,1,1,1,1,1
1,1,1,1,1,1,1,1,1,1
1,1,1,1,1,1,1,1,1,1
1,1,1,1,1,1,1,1,1,1
1,1,1,1,1,1,1,1,1,1
1,1,1,1,1,1,1,1,1,1
1,1,1,1,1,1,1,1,1,1
1,1,1,1,1,1,1,1,1,1
1,1,1,1,1,1,1,1,1,1
1,1,1,1,1,1,1,1,1,1
1,1,1,1,1,1,1,1,1,1
1,1,1,1,1,1,1,1,1,1
1,1,1,1,1,1,1,1,1,1
1,1,1,1,1,1,1,1,1,1
1,1,1,1,1,1,1,1,1,1
1,1,1,1,1,1,1,1,1,1
1,1,1,1,1,1,1,1,1,1
1,1,1,1,1,1,1,1,1,1
1,1,1,1,1,1,1,1,1,1
1,1,1,1,1,1,1,1,1,1
1,1,1,1,1,1,1,1,1,1
1,1,1,1,1,1,1,1,1,1
1,1,1,1,1,1,1,1,1,1
1,1,1,1,1,1,1,1,1,1
1,1,1,1,1,1,1,1,1,1
1,1,1,1,1,1,1,1,1,1
1,1,1,1,1,1,1,1,1,1
1,1,1,1,1,1,1,1,1,1
1,1,1,1,1,1,1,1,1,1
1,1,1,1,1,1,1,1,1,1
1,1,1,1,1,1,1,1,1,1
1,1,1,1,1,1,1,1,1,1
1,1,1,1,1,1,1,1,1,1
1,1,1,1,1,1,1,1,1,1
1,1,1,1,1,1,1,1,1,1
1,1,1,1,1,1,1,1,1,1
1,1,1,1,1,1,1,1,1,1
1,1,1,1,1,1,1,1,1,1
1,1,1,1,1,1,1,1,1,1
1,1,1,1,1,1,1,1,1,1
1,1,1,1,1,1,1,1,1,1
1,1,1,1,1,1,1,1,1,1
1,1,1,1,1,1,1,1,1,1
1,1,1,1,1,1,1,1,1,1
1,1,1,1,1,1,1,1,1,1
1,1,1,1,1,1,1,1,1,1
1,1,1,1,1,1,1,1,1,1
1,1,1,1,1,1,1,1,1,1
1,1,1,1,1,1,1,1,1,1
1,1,1,1,1,1,1,1,1,1
1,1,1,1,1,1,1,1,1,1
1,1,1,1,1,1,1,1,1,1
1,1,1,1,1,1,1,1,1,1
1,1,1,1,1,1,1,1,1,1
1,1,1,1,1,1,1,1,1,1
1,1,1,1,1,1,1,1,1,1
1,1,1,1,1,1,1,1,1,1
1,1,1,1,1,1,1,1,1,1
1,1,1,1,1,1,1,1,1,1
1,1,1,1,1,1,1,1,1,1
1,1,1,1,1,1,1,1,1,1
1,1,1,1,1,1,1,1,1,1
1,1,1,1,1,1,1,1,1,1
1,1,1,1,1,1,1,1,1,1
1,1,1,1,1,1,1,1,1,1
1,1,1,1,1,1,1,1,1,1
1,0.9977502,1,1,1,1,1,1,1,1
1,0.992988,1,1,1,1,1,1,1,1
1,0.9882672,1,1,1,1,1,1,1,1
1,0.9835932,1,1,1,1,1,1,1,1
1,0.978965,1,1,1,1,1,1,1,1
1,0.9743821,1,1,1,1,1,1,1,1
1,0.9698505,1,1,1,1,1,1,1,1
1,0.9653633,1,1,1,1,1,1,1,1
1,1,1,1,1,1,1,1,1,1
1,1,1,1,1,1,1,1,1,1
1,1,1,1,1,1,1,1,1,1
1,1,1,1,1,1,1,1,1,1
1,1,1,1,1,1,1,1,1,1
1,1,1,1,1,1,1,1,1,1
1,1,1,1,1,1,1,1,1,1
1,1,1,1,1,1,1,1,1,1
1,1,1,1,1,1,1,1,1,1
1,1,1,1,1,1,1,1,1,1
1,1,1,1,1,1,1,1,1,1
1,1,1,1,1,1,1,1,1,1
1,1,1,1,1,1,1,1,1,1
1,1,1,1,1,1,1,1,1,1
1,1,1,1,1,1,1,1,1,1
1,1,1,1,1,0.9984185,1,1,1,1
1,1,1,1,1,0.989113,1,1,1,1
1,1,1,1,1,0.9797705,1,1,1,1
1,1,1,1,1,0.9703916,1,1,1,1
1,1,1,1,1,0.9609768,1,1,1,1
1,1,1,1,1,0.9515265,1,1,1,1
0.861402,1,1,1,1,0.9420414,1,1,1,2
0.8555503,1,1,1,0.9993142,0.9308571,1,1,1,2
0.8497444,1,1,1,0.9858868,0.919617,1,1,1,2
0.843959,1,1,1,0.9722635,0.9082671,1,1,1,2
0.8382142,1,1,1,0.9584729,0.8968257,1,1,1,2
0.8325316,1,1,1,0.944545,0.8853116,1,1,1,2
0.826927,1,1,1,0.9305102,0.8737443,1,1,1,2
0.8214285,1,1,1,0.9164,0.862144,1,1,1,2
0.8160521,1,1,1,0.9022455,0.8505305,1,1,1,2
0.8108195,1,1,1,0.888078,0.8389236,1,1,1,2
0.8057522,1,1,1,0.8739268,0.8273417,1,1,1,2
0.8008704,1,1,0.9390177,0.8598202,0.8367739,1,1,1,2
0.861405,1,1,0.9206187,0.8454029,0.8748772,1,1,1,2
1,1,1,0.9038835,0.8319703,0.907253,1,1,1,2
1,1,1,0.8903126,0.8203877,0.9141284,1,1,1,2
1,1,1,0.8766605,0.8087557,0.9234985,1,1,1,2
1,1,1,0.8629516,0.7970887,0.9355564,1,1,1,2
1,1,1,0.8492091,0.7854007,0.9505026,1,1,1,2
1,1,1,0.8354549,0.7737049,0.9686295,1,1,1,2
1,1,1,0.8217093,0.7620134,0.9902552,1,1,1,2
1,1,1,0.8079907,0.7503369,1,1,1,1,2
1,1,1,0.7942775,0.738664,1,1,1,1,2
1,1,1,0.7805608,0.7269901,1,1,1,1,2
1,1,1,0.766857,0.7153251,1,1,1,1,2
1,1,1,0.7531816,0.7036785,1,1,1,1,2
1,1,1,0.7395493,0.6920591,1,1,1,1,2
1,1,1,0.7259737,0.6804751,1,1,1,1,2
1,1,1,0.7124668,0.6689337,1,1,1,1,2
1,1,1,0.6990396,0.657441,1,1,1,1,2
1,1,1,0.6857019,0.6460029,1,1,1,1,2
1,1,1,0.6724621,0.6346242,1,1,1,1,2
1,1,1,0.6593274,0.6233085,1,1,1,1,2
1,1,1,0.6463038,0.6120592,1,1,1,1,2
1,1,0.7342676,0.6333957,0.6008781,1,1,1,1,2
1,1,0.7136958,0.6190042,0.5889873,1,1,1,1,2
1,1,0.6936367,0.6048657,0.5985432,1,1,1,1,2
1,1,0.6741853,0.5910254,0.6483436,1,1,1,1,2
1,1,0.6554433,0.5775288,0.7086779,1,1,1,1,2
1,1,0.6373743,0.5643578,0.782608,1,1,1,1,2
1,1,0.6199402,0.5514929,1,1,1,1,1,2
1,1,0.6033123,0.539003,1,1,1,1,1,2
1,1,0.5870253,0.5266856,1,1,1,1,1,2
1,1,0.5710825,0.5145419,1,1,1,1,1,2
1,1,0.5554836,0.5025711,1,1,1,1,1,2
1,1,0.5402254,0.4907709,1,1,1,1,1,2
1,1,0.5253024,0.4791374,1,1,1,1,1,2
1,1,0.5107062,0.4932842,1,1,1,1,1,2
1,1,0.4964753,0.5285814,1,1,1,1,1,2
1,1,0.4826163,0.5684694,1,1,1,1,1,2
1,1,0.4690984,0.6135878,1,1,1,1,1,2
1,1,0.455893,0.664784,1,1,1,1,1,2
1,1,0.4429733,0.7230374,1,1,1,1,1,2
1,0.5846347,0.4303151,1,1,1,1,1,1,2
1,0.5576509,0.4161438,1,1,1,1,1,1,2
1,0.5320674,0.4023957,1,1,1,1,1,1,2
1,0.5077766,0.389049,1,1,1,1,1,1,2
1,0.4846814,0.3760836,1,1,1,1,1,1,2
1,0.4626952,0.3685921,1,1,1,1,1,1,2
1,0.4417389,0.4048467,1,1,1,1,1,1,2
1,0.421741,0.4484251,1,1,1,1,1,1,2
1,0.4027707,0.5004554,1,1,1,1,1,1,2
1,0.3848438,0.5620793,1,1,1,1,1,1,2
1,0.3678516,0.6354727,1,1,1,1,1,1,2
1,0.3516958,1,1,1,1,1,1,1,2
1,0.3366867,1,1,1,1,1,1,1,2
0.5047016,0.3221052,1,1,1,1,1,1,1,2
0.4717964,0.3068855,1,1,1,1,1,1,1,2
0.4412093,0.2922601,1,1,1,1,1,1,1,2
0.4127113,0.2781951,1,1,1,1,1,1,1,2
0.3861027,0.2912027,1,1,1,1,1,1,1,2
0.3612089,0.3124376,1,1,1,1,1,1,1,2
0.337876,0.3361321,1,1,1,1,1,1,1,2
0.3159688,0.3626552,1,1,1,1,1,1,1,2
0.2953671,0.3924538,1,1,1,1,1,1,1,2
0.2759643,0.426075,1,1,1,1,1,1,1,2
0.2576653,0.4641774,1,1,1,1,1,1,1,2
0.2403849,0.5075852,1,1,1,1,1,1,1,2
0.2524559,1,1,1,1,1,1,1,1,2
0.2665314,1,1,1,1,1,1,1,1,2
0.2815104,1,1,1,1,1,1,1,1,2
0.2972842,1,1,1,1,1,1,1,1,2
0.3138338,1,1,1,1,1,1,1,1,2
0.331165,1,1,1,1,1,1,1,1,2
0.349259,1,1,1,1,1,1,1,1,2
0.3680918,1,1,1,1,1,1,1,1,2
0.3876545,1,1,1,1,1,1,1,1,2
0.4079122,1,1,1,1,1,1,1,1,2
0.4288347,1,1,1,1,1,1,1,1,2
0.4503754,1,1,1,1,1,1,1,1,2
0.4725042,1,1,1,1,1,1,1,1,2
1,1,1,1,1,1,1,1,1,1
1,1,1,1,1,1,1,1,1,1
1,1,1,1,1,1,1,1,1,1
1,1,1,1,1,1,1,1,1,1
1,1,1,1,1,1,1,1,1,1
1,1,1,1,1,1,1,1,1,1
1,1,1,1,1,1,1,1,1,1
1,1,1,1,1,1,1,1,1,1
1,1,1,1,1,1,1,1,1,1
1,1,1,1,1,1,1,1,1,1
1,1,1,1,1,1,1,1,1,1
1,1,1,1,1,1,1,1,1,1
1,1,1,1,1,1,1,1,1,1
1,1,1,1,1,1,1,1,1,1
1,1,1,1,1,1,1,1,1,1
1,1,1,1,1,1,1,1,1,1
1,1,1,1,1,1,1,1,1,1
1,1,1,1,1,1,1,1,1,1
1,1,1,1,1,1,1,1,1,1
1,1,1,1,1,1,1,1,1,1
1,1,1,1,1,1,1,1,1,1
1,1,1,1,1,1,1,1,1,1
1,1,1,1,1,1,1,1,1,1
1,1,1,1,1,1,1,1,1,1
1,1,1,1,1,1,1,1,1,1
1,1,1,1,1,1,1,1,1,1
1,1,1,1,1,1,1,1,1,1
1,1,1,1,1,1,1,1,1,1
1,1,1,1,1,1,1,1,1,1
1,1,1,1,1,1,1,1,1,1
1,1,1,1,1,1,1,1,1,1
1,1,1,1,1,1,1,1,1,1
1,1,1,1,1,1,1,1,1,1
1,1,1,1,1,1,1,1,1,1
1,1,1,1,1,1,1,1,1,1
1,1,1,1,1,1,1,1,1,1
1,1,1,1,1,1,1,1,1,1
1,1,1,1,1,1,1,1,1,1
1,1,1,1,1,1,1,1,1,1
1,1,1,1,1,1,1,1,1,1
1,1,1,1,1,1,1,1,1,1
1,1,1,1,1,1,1,1,1,1
1,1,1,1,1,1,1,1,1,1
1,1,1,1,1,1,1,1,1,1
1,1,1,1,1,1,1,1,1,1
1,1,1,1,1,1,1,1,1,1
1,1,1,1,1,1,1,1,1,1
1,1,1,1,1,1,1,1,1,1
1,1,1,1,1,1,1,1,1,1
1,1,1,1,1,1,1,1,1,1
1,1,1,1,1,1,1,1,1,1
1,1,1,1,1,1,1,1,1,1
1,1,1,1,1,1,1,1,1,1
1,1,1,1,1,1,1,1,1,1
1,1,1,1,1,1,1,1,1,1
1,1,1,1,1,1,1,1,1,1
1,1,1,1,1,1,1,1,1,1
1,1,1,1,1,1,1,1,1,1
1,1,1,1,1,1,1,1,1,1
1,1,1,1,1,1,1,1,1,1
1,1,1,1,1,1,1,1,1,1
1,1,1,1,1,1,1,1,1,1
1,1,1,1,1,1,1,1,1,1
1,1,1,1,1,1,1,1,1,1
1,1,1,1,1,1,1,1,1,1
1,1,1,1,1,1,1,1,1,1
1,1,1,1,1,1,1,1,1,1
1,1,1,1,1,1,1,1,1,1
1,1,1,1,1,1,1,1,1,1
1,1,1,1,1,1,1,1,1,1
1,1,1,1,1,1,1,1,1,1
1,1,1,1,1,1,1,1,1,1
1,1,1,1,1,1,1,1,1,1
1,1,1,1,1,1,1,1,1,1
1,1,1,1,1,1,1,1,1,1
1,1,1,1,1,1,1,1,1,1
1,1,1,1,1,1,1,1,1,1
1,1,1,1,1,1,1,1,1,1
1,1,1,1,1,1,1,1,1,1
1,1,1,1,1,1,1,1,1,1
1,1,1,1,1,1,1,1,1,1
1,1,1,1,1,1,1,1,1,1
1,1,1,1,1,1,1,1,1,1
1,1,1,1,1,1,1,1,1,1
1,1,1,1,1,1,1,1,1,1
1,1,1,1,1,1,1,1,1,1
1,1,1,1,1,1,1,1,1,1
1,1,1,1,1,1,1,1,1,1
1,1,1,1,1,1,1,1,1,1
1,1,1,1,1,1,1,1,1,1
1,1,1,1,1,1,1,1,1,1
1,1,1,1,1,1,1,1,1,1
1,1,1,1,1,1,1,1,1,1
1,1,1,1,1,1,1,1,1,1
1,1,1,1,1,1,1,1,1,1
1,1,1,1,1,1,1,1,1,1
1,1,1,1,1,1,1,1,1,1
1,1,1,1,1,1,1,1,1,1
1,1,1,1,1,1,1,1,1,1
1,1,1,1,1,1,1,1,1,1
1,1,1,1,1,1,1,1,1,1
1,1,1,1,1,1,1,1,1,1
1,1,1,1,1,1,1,1,1,1
1,1,1,1,1,1,1,1,1,1
1,1,1,1,1,1,1,1,1,1
1,1,1,1,1,1,1,1,1,1
1,1,1,1,1,1,1,1,1,1
1,1,1,1,1,1,1,1,1,1
1,1,1,1,1,1,1,1,1,1
1,1,1,1,1,1,1,1,1,1
1,1,1,1,1,1,1,1,1,1
1,1,1,1,1,1,1,1,1,1
1,1,1,1,1,1,1,1,1,1
1,1,1,1,1,1,1,1,1,1
1,1,1,1,1,1,1,1,1,1
1,1,1,1,1,1,1,1,1,1
1,1,1,1,1,1,1,1,1,1
1,1,1,1,1,1,1,1,1,1
1,1,1,1,1,1,1,1,1,1
1,1,1,1,1,1,1,1,1,1
1,1,1,1,1,1,1,1,1,1
1,1,1,1,1,1,1,1,1,1
1,1,1,1,1,1,1,1,1,1
1,1,1,1,1,1,1,1,1,1
1,1,1,1,1,1,1,1,1,1
1,1,1,1,1,1,1,1,1,1
1,1,1,1,1,1,1,1,1,1
1,1,1,1,1,1,1,1,1,1
1,1,1,1,1,1,1,1,1,1
1,1,1,1,1,1,0.9999526,1,1,1
1,1,1,1,1,1,0.9889186,1,1,1
1,1,1,1,1,1,0.9777956,1,1,1
1,1,1,1,1,1,0.9665861,1,1,1
1,1,1,1,1,1,0.955293,1,1,1
1,1,1,1,1,1,0.9439193,1,1,1
1,1,1,1,1,1,0.9324686,1,1,1
1,1,1,1,1,1,0.9209446,1,1,1
1,1,1,1,1,1,0.9093512,1,1,1
1,1,1,1,1,1,0.9069017,1,1,1
1,1,1,1,1,1,0.9103363,1,1,1
1,1,1,1,1,1,0.9137103,1,1,1
1,1,1,1,1,1,0.9170103,1,1,1
1,1,1,1,1,1,0.9202523,1,1,1
1,1,1,1,1,1,0.9234225,1,1,1
1,1,1,1,1,1,0.9265226,1,1,1
1,1,1,1,1,1,0.9295538,1,1,1
1,1,1,1,1,1,0.9325179,1,1,1
1,1,1,1,1,1,0.9354164,1,1,1
1,1,1,1,1,1,0.9382502,1,1,1
1,1,1,1,1,1,0.9410064,1,1,1
1,1,1,1,1,1,0.9437019,1,1,1
1,1,1,1,1,1,0.9463378,1,1,1
1,1,1,1,1,1,0.9489007,1,1,1
1,1,1,1,1,1,0.9514076,1,1,1
1,1,1,1,1,1,0.9538447,1,1,1
1,1,1,1,1,1,0.9562138,1,1,1
1,1,1,1,1,1,0.9585169,0.9586695,1,1
1,1,1,1,1,1,0.9636896,0.9415051,1,1
1,1,1,1,1,1,0.9699855,0.9239618,1,1
1,1,1,1,1,1,0.9774254,0.9060811,1,1
1,1,1,1,1,1,0.9860656,0.8879063,1,1
1,1,1,1,1,1,0.9959334,0.8694819,1,1
1,1,1,1,1,1,1,0.8508533,1,0
1,1,1,1,1,1,1,0.8319654,1,0
1,1,1,1,1,1,1,0.8127999,1,0
1,1,1,1,1,1,1,0.7934012,1,0
1,1,1,1,1,1,1,0.7738171,1,0
1,1,1,1,1,1,1,0.7540955,1,0
1,1,1,1,1,1,1,0.7342855,1,0
1,1,1,1,1,1,1,0.7144357,1,0
1,1,1,1,1,1,1,0.6945952,1,0
1,1,1,1,1,1,1,0.6748106,1,0
1,1,1,1,1,1,1,0.6551273,1,0
1,1,1,1,1,1,1,0.635588,1,0
1,1,1,1,1,1,1,0.6162316,1,0
1,1,1,1,1,1,1,0.5970946,1,0
1,1,1,1,1,1,1,0.6062183,1,0
1,1,1,1,1,1,1,0.6165244,1,0
1,1,1,1,1,1,1,0.6270186,1,0
1,1,1,1,1,1,1,0.6376815,1,0
1,1,1,1,1,1,1,0.6484932,1,0
1,1,1,1,1,1,1,0.6594428,1,0
1,1,1,1,1,1,1,0.6705096,0.819918,0
1,1,0.9873846,1,1,1,1,0.6878981,0.776368,0
1,1,0.9643647,1,1,1,1,0.707039,0.7346204,0
1,1,0.9419839,1,1,1,1,0.7276934,0.6951668,0
1,1,0.9203665,1,1,1,1,0.7498493,0.6580037,0
1,1,0.8995949,1,1,1,1,0.7734849,0.6230755,0
1,1,0.8797154,1,1,1,1,1,0.5902895,0
1,1,0.8648745,1,1,1,1,1,0.5632869,0
1,1,0.8499929,1,1,1,1,1,0.5370036,0
1,1,0.8351434,1,1,1,1,1,0.52924,0
1,1,0.8208896,1,1,1,1,1,0.53777,0
1,1,0.8132596,1,1,1,1,1,0.5462703,0
1,1,0.8080589,1,1,1,1,1,0.5547894,0
1,1,0.8023515,1,1,1,1,1,0.5633334,0
1,1,0.7961108,1,1,1,1,1,0.5718735,0
1,1,0.7893124,1,1,1,1,1,0.5803794,0
1,1,0.7819335,1,1,1,1,1,0.5888205,0
1,1,0.7739555,1,1,1,1,1,0.5971657,0
1,1,0.7653621,0.9852727,1,1,1,1,0.6053838,0
1,1,0.7558322,0.9707576,1,1,1,1,0.6132599,1
1,1,0.7453617,0.9577767,1,1,1,1,0.6207526,1
1,1,0.7339861,0.946204,1,1,1,1,0.6278414,1
1,1,0.7217489,0.9359437,1,1,1,1,0.6345016,1
1,1,0.7087007,0.9269048,1,1,1,1,0.6407212,1
1,1,0.6949002,0.9190212,1,1,1,1,0.646485,1
1,1,0.6838619,0.9122269,1,1,1,1,0.6517905,1
1,1,0.6789794,0.9063114,1,1,1,1,0.6567086,1
1,1,0.67435,0.9009571,1,1,1,1,0.6613619,1
1,1,0.6699562,0.8961193,1,1,1,1,0.6657622,1
1,1,0.6657835,0.891759,1,1,1,1,0.6699203,1
1,1,0.6618116,0.8878318,1,1,1,1,0.6738552,1
1,1,0.6580222,1,1,1,1,1,0.6775844,1
1,1,0.6528354,1,1,1,1,1,0.9215748,2
1,1,0.6522744,1,1,1,1,1,0.920431,2
1,1,0.6517901,1,1,1,1,1,0.9193534,2
1,1,0.6513739,1,1,1,1,1,0.9183461,2
1,1,0.6510335,1,1,1,1,1,0.9173969,2
1,1,0.6507601,1,1,1,1,1,0.91651,2
1,1,0.6505529,1,1,1,1,1,0.9156811,2
1,1,0.6504118,1,1,1,1,1,0.9149064,2
1,1,0.6503364,1,1,1,1,1,0.9141823,2
1,0.8556073,0.6503179,1,1,1,1,1,0.9135127,2
1,0.7985985,0.6541926,1,1,1,1,1,0.909243,2
1,0.7420536,0.6597303,1,1,1,1,1,0.9039533,2
1,0.6869476,0.6669931,1,1,1,1,1,0.8978444,2
1,0.6340382,0.6760552,1,1,1,1,1,0.8911142,2
1,0.5838529,0.6869861,1,1,1,1,1,0.8839572,2
1,0.5367049,0.6998339,1,1,1,1,1,0.8765661,2
1,0.4950712,0.7146171,1,1,1,1,1,0.869123,2
1,0.4981262,1,1,1,1,1,1,0.8619892,2
1,0.4995282,1,1,1,1,1,1,0.8583881,2
1,0.5010878,1,1,1,1,1,1,0.8549903,2
1,0.5028019,1,1,1,1,1,1,0.8517765,2
1,0.5046526,1,1,1,1,1,1,0.848742,2
1,0.5066443,1,1,1,1,1,1,0.8458627,2
1,0.5087663,1,1,1,1,1,1,0.843129,2
1,0.5110086,1,1,1,1,1,1,0.8405326,2
1,0.5133683,1,1,1,1,1,1,0.8380588,2
0.7717994,0.5158426,1,1,1,1,1,1,0.835694,2
0.6324261,0.5219783,1,1,1,1,1,1,0.830488,2
0.5174873,0.5292113,1,1,1,1,1,1,0.8251357,2
0.4355297,0.5371708,1,1,1,1,1,1,0.8200001,2
0.437509,0.5459067,1,1,1,1,1,1,0.8150659,2
0.4399168,0.5554584,1,1,1,1,1,1,0.8103316,2
0.4427623,0.5658782,1,1,1,1,1,1,0.8057898,2
0.4460626,0.5772318,1,1,1,1,1,1,0.8014268,2
0.449823,1,1,1,1,1,1,1,0.7972425,2
0.452768,1,1,1,1,1,1,1,0.794377,2
0.4559006,1,1,1,1,1,1,1,0.7915888,2
0.4592166,1,1,1,1,1,1,1,0.7888646,2
0.462705,1,1,1,1,1,1,1,0.7861981,2
0.4663616,1,1,1,1,1,1,1,0.7835773,2
0.4701753,1,1,1,1,1,1,1,0.7809964,2
0.4741347,1,1,1,1,1,1,1,0.7784503,2
0.4782353,1,1,1,1,1,1,1,0.775928,2
0.4824656,1,1,1,1,1,1,1,0.773425,2
0.4868138,1,1,1,1,1,1,1,0.7709376,2
0.4912752,1,1,1,1,1,1,1,0.7684557,2
0.4958376,1,1,1,1,1,1,1,0.7659764,2
0.500496,1,1,1,1,1,1,1,0.7634906,2
0.5052384,1,1,1,1,1,1,1,0.760996,2
1,1,1,1,1,1,1,1,0.7584908,0
1,1,1,1,1,1,1,1,0.7566046,0
1,1,1,1,1,1,1,1,0.7548949,0
1,1,1,1,1,1,1,1,0.7533687,0
1,1,1,1,1,1,1,1,0.752021,0
1,1,1,1,1,1,1,1,0.7508585,0
1,1,1,1,1,1,1,1,0.7498817,0
1,1,1,1,1,1,1,1,0.7490848,0
1,1,1,1,1,1,1,1,0.748474,0
1,1,1,1,1,1,1,1,1,1
1,1,1,1,1,1,1,1,1,1
1,1,1,1,1,1,1,1,1,1
1,1,1,1,1,1,1,1,1,1
1,1,1,1,1,1,1,1,1,1
1,1,1,1,1,1,1,1,1,1
1,1,1,1,1,1,1,1,1,1
1,1,1,1,1,1,1,1,1,1
1,1,1,1,1,1,1,1,1,1
1,1,1,1,1,1,1,1,1,1
1,1,1,1,1,1,1,1,1,1
1,1,1,1,1,1,1,1,1,1
1,1,1,1,1,1,1,1,1,1
1,1,1,1,1,1,1,1,1,1
1,1,1,1,1,1,1,1,1,1
1,1,1,1,1,1,1,1,1,1
1,1,1,1,1,1,1,1,1,1
1,1,1,1,1,1,1,1,1,1
1,1,1,1,1,1,1,1,1,1
1,1,1,1,1,1,1,1,1,1
1,1,1,1,1,1,1,1,1,1
1,1,1,1,1,1,1,1,1,1
1,1,1,1,1,1,1,1,1,1
1,1,1,1,1,1,1,1,1,1
1,1,1,1,1,1,1,1,1,1
1,1,1,1,1,1,1,1,1,1
1,1,1,1,1,1,1,1,1,1
1,1,1,1,1,1,1,1,1,1
1,1,1,1,1,1,1,1,1,1
1,1,1,1,1,1,1,1,1,1
1,1,1,1,1,1,1,1,1,1
1,1,1,1,1,1,1,1,1,1
1,1,1,1,1,1,1,1,1,1
1,1,1,1,1,1,1,1,1,1
1,1,1,1,1,1,1,1,1,1
1,1,1,1,1,1,1,1,1,1
1,1,1,1,1,1,1,1,1,1
1,1,1,1,1,1,1,1,1,1
1,1,1,1,1,1,1,1,1,1
1,1,1,1,1,1,1,1,1,1
1,1,1,1,1,1,1,1,1,1
1,1,1,1,1,1,1,1,1,1
1,1,1,1,1,1,1,1,1,1
1,1,1,1,1,1,1,1,1,1
1,1,1,1,1,1,1,1,1,1
1,1,1,1,1,1,1,1,1,1
1,1,1,1,1,1,1,1,1,1
1,1,1,1,1,1,1,1,1,1
1,1,1,1,1,1,1,1,1,1
1,1,1,1,1,1,1,1,1,1
1,1,1,1,1,1,1,1,1,1
1,1,1,1,1,1,1,1,1,1
1,1,1,1,1,1,1,1,1,1
1,1,1,1,1,1,1,1,1,1
1,1,1,1,1,1,1,1,1,1
1,1,1,1,1,1,1,1,1,1
1,1,1,1,1,1,1,1,1,1
1,1,1,1,1,1,1,1,1,1
1,1,1,1,1,1,1,1,1,1
1,1,1,1,1,1,1,1,1,1
1,1,1,1,1,1,1,1,1,1
1,1,1,1,1,1,1,1,1,1
1,1,1,1,1,1,1,1,1,1
1,1,1,1,1,1,1,1,1,1
1,1,1,1,1,1,1,1,1,1
1,1,1,1,1,1,1,1,1,1
1,1,1,1,1,1,1,1,1,1
1,1,1,1,1,1,1,1,1,1
1,1,1,1,1,1,1,1,1,1
1,1,1,1,1,1,1,1,1,1
1,1,1,1,1,1,1,1,1,1
1,1,1,1,1,1,1,1,1,1
1,1,1,1,1,1,1,1,1,1
1,1,1,1,1,1,1,1,1,1
1,1,1,1,1,1,1,1,1,1
1,1,1,1,1,1,1,1,1,1
1,1,1,1,1,1,1,1,1,1
1,1,1,1,1,1,1,1,1,1
1,1,1,1,1,1,1,1,1,1
1,1,1,1,1,1,1,1,1,1
1,1,1,1,1,1,1,1,1,1
1,1,1,1,1,1,1,1,1,1
1,1,1,1,1,1,1,1,1,1
1,1,1,1,1,1,1,1,1,1
1,1,1,1,1,1,1,1,1,1
1,1,1,1,1,1,1,1,1,1
1,1,1,1,1,1,1,1,1,1
1,1,1,1,1,1,1,1,1,1
1,1,1,1,1,1,1,1,1,1
1,1,1,1,1,1,1,1,1,1
1,1,1,1,1,1,1,1,1,1
1,1,1,1,1,1,1,1,1,1
1,1,1,1,1,1,1,1,1,1
1,1,1,1,1,1,1,1,1,1
1,1,1,1,1,1,1,1,1,1
1,1,1,1,1,1,1,1,1,1
1,1,1,1,1,1,1,1,1,1
1,1,1,1,1,1,1,1,1,1
1,1,1,1,1,1,1,1,1,1
1,1,1,1,1,1,1,1,1,1
1,1,1,1,1,1,1,1,1,1
1,1,1,1,1,1,1,1,1,1
1,1,1,1,1,1,1,1,1,1
1,1,1,1,1,1,1,1,1,1
1,1,1,1,1,1,1,1,1,1
1,1,1,1,1,1,1,1,1,1
1,1,1,1,1,1,1,1,1,1
1,1,1,1,1,1,1,1,1,1
1,1,1,1,1,1,1,1,1,1
1,1,1,1,1,1,1,1,1,1
1,1,1,1,1,1,1,1,1,1
1,1,1,1,1,1,1,1,1,1
1,1,1,1,1,1,1,1,1,1
1,1,1,1,1,1,1,1,1,1
1,1,1,1,1,1,1,1,1,1
1,1,1,1,1,1,1,1,1,1
1,1,1,1,1,1,1,1,1,1
1,1,1,1,1,1,1,1,1,1
1,1,1,1,1,1,1,1,1,1
1,1,1,1,1,1,1,1,1,1
1,1,1,1,1,1,1,1,1,1
1,1,1,1,1,1,1,1,1,1
1,1,1,1,1,1,1,1,1,1
1,1,1,1,1,1,1,1,1,1
1,1,1,1,1,1,1,1,1,1
1,1,1,1,1,1,1,1,1,1
1,1,1,1,1,1,1,1,1,1
1,1,1,1,1,1,1,1,1,1
1,1,1,1,1,1,1,1,1,1
1,1,1,1,1,1,1,1,1,1
1,1,1,1,1,1,1,1,1,1
1,1,1,1,1,1,1,1,1,1
1,1,1,1,1,1,1,1,1,1
1,1,1,1,1,1,1,1,1,1
1,1,1,1,1,1,1,1,1,1
1,1,1,1,1,1,1,1,1,1
1,1,1,1,1,1,1,1,1,1
1,1,1,1,1,1,1,1,1,1
1,1,1,1,1,1,1,1,1,1
1,1,1,1,1,1,1,1,1,1
1,1,1,1,1,1,1,1,1,1
1,1,1,1,1,1,1,1,1,1
1,1,1,1,1,1,1,1,1,1
1,1,1,1,1,1,1,1,1,1
1,1,1,1,1,1,1,1,1,1
1,1,1,1,1,1,1,1,1,1
1,1,1,1,1,1,1,1,1,1
1,1,1,1,1,1,1,1,1,1
1,1,1,1,1,1,1,1,1,1
1,1,1,1,1,1,1,1,1,1
1,1,1,1,1,1,1,1,1,1
1,1,1,1,1,1,1,1,1,1
1,1,1,1,1,1,1,1,1,1
1,1,1,1,1,1,1,1,1,1
1,1,1,1,1,1,1,1,1,1
1,1,1,1,1,1,1,1,1,1
1,1,1,1,1,1,1,1,1,1
1,1,1,1,1,1,1,1,1,1
1,1,1,1,1,1,1,1,1,1
1,1,1,1,1,1,1,1,1,1
1,1,1,1,1,1,1,1,1,1
1,1,1,1,1,1,1,1,1,1
1,1,1,1,1,1,1,1,1,1
1,1,1,1,1,1,1,1,1,1
1,1,1,1,1,1,1,1,1,1
1,1,1,1,1,1,1,1,1,1
1,1,1,1,1,1,1,1,1,1
1,1,1,1,1,1,1,1,1,1
1,1,1,1,1,1,1,1,1,1
1,1,1,1,1,1,1,1,1,1
1,1,1,1,1,1,1,1,1,1
1,1,1,1,1,1,1,1,1,1
1,1,1,1,1,1,1,1,1,1
1,1,1,1,1,1,1,1,1,1
1,1,1,1,1,1,1,1,1,1
1,1,1,1,1,1,1,1,1,1
1,1,1,1,1,1,1,1,1,1
1,1,1,1,1,1,1,1,1,1
1,1,1,1,1,1,1,1,1,1
1,1,1,1,1,1,1,1,1,1
1,1,1,1,1,1,1,1,1,1
1,1,1,1,1,1,1,1,1,1
1,1,1,1,1,1,1,1,1,1
1,1,1,1,1,1,1,1,1,1
1,1,1,1,1,1,1,1,1,1
1,1,1,1,1,1,1,1,1,1
1,1,1,1,1,1,1,1,1,1
1,1,1,1,1,1,1,1,1,1
1,1,1,1,1,1,1,1,1,1
1,1,1,1,1,1,1,1,1,1
1,1,1,1,1,1,1,1,1,1
1,1,1,1,1,1,1,1,1,1
1,1,1,1,1,1,1,1,1,1
1,1,1,1,1,1,1,1,1,1
1,1,1,1,1,1,1,1,1,1
1,1,1,1,1,1,1,1,1,1
1,1,1,1,1,1,1,1,1,1
1,1,1,1,1,1,1,1,1,1
1,1,1,1,1,1,1,1,1,1
1,1,1,1,1,1,1,1,1,1
1,1,1,1,1,1,1,1,1,1
1,1,1,1,1,1,1,1,1,1
1,1,1,1,1,1,1,1,1,1
1,1,1,1,1,1,1,1,1,1
1,1,1,1,1,1,1,1,1,1
1,1,1,1,1,1,1,1,1,1
1,1,1,1,1,1,1,1,1,1
1,1,1,1,1,1,1,1,1,1
1,1,1,1,1,1,1,1,1,1
1,1,1,1,1,1,1,1,1,1
1,1,1,1,1,1,1,1,1,1
1,1,1,1,1,1,1,1,1,1
1,1,1,1,1,1,1,1,1,1
1,1,1,1,1,1,1,1,1,1
1,1,1,1,1,1,1,1,1,1
1,1,1,1,1,1,1,1,1,1
1,1,1,1,1,1,1,1,1,1
1,1,1,1,1,1,1,1,1,1
1,1,1,1,1,1,1,1,1,1
1,1,1,1,1,1,1,1,1,1
1,1,1,1,1,1,1,1,1,1
1,1,1,1,1,1,1,1,1,1
1,1,1,1,1,1,1,1,1,1
1,1,1,1,1,1,1,1,1,1
1,1,1,1,1,1,1,1,1,1
1,1,1,1,1,1,1,1,1,1
1,1,1,1,1,1,1,1,1,1
1,1,1,1,1,1,1,1,1,1
1,1,1,1,1,1,1,1,1,1
1,1,1,1,1,1,1,1,1,1
1,1,1,1,1,1,1,1,1,1
1,1,1,1,1,1,1,1,1,1
1,1,1,1,1,1,1,1,0.9990557,1
1,1,1,1,1,1,1,1,1,1
1,1,1,1,1,1,1,1,1,1
1,1,1,1,1,1,1,1,1,1
1,1,1,1,1,1,1,1,1,1
1,1,1,1,1,1,1,1,1,1
1,1,1,1,1,1,1,1,1,1
1,1,1,1,1,1,1,1,1,1
1,1,1,1,1,1,1,1,1,1
1,1,1,1,1,1,1,1,1,1
1,1,1,1,1,1,1,1,1,1
1,1,1,1,1,1,1,1,1,1
1,1,1,1,1,1,1,1,1,1
1,1,1,1,1,1,1,1,1,1
1,1,1,1,1,1,1,1,1,1
1,1,1,1,1,1,1,1,1,1
1,1,1,1,1,1,1,1,1,1
1,1,1,1,1,1,1,1,1,1
1,1,1,1,1,1,1,1,1,1
1,1,1,1,1,1,1,1,1,1
1,1,1,1,1,1,1,1,1,1
1,1,1,1,1,1,1,1,1,1
1,1,1,1,1,1,1,1,1,1
1,1,1,1,1,1,1,1,1,1
1,1,1,1,1,1,1,1,1,1
1,1,1,1,1,1,1,1,1,1
1,1,1,1,1,1,1,1,1,1
1,1,1,1,1,1,1,1,1,1
1,1,1,1,1,1,1,1,1,1
1,1,1,1,1,1,1,1,1,1
1,1,1,1,1,1,1,1,1,1
1,1,1,1,1,1,1,1,1,1
1,1,1,1,1,1,1,1,1,1
1,1,1,1,1,1,1,1,1,1
1,1,1,1,1,1,1,1,1,1
1,1,1,1,1,1,1,1,1,1
1,1,1,1,1,1,1,1,1,1
1,1,1,1,1,1,1,1,1,1
1,1,1,1,1,1,1,1,1,1
1,1,1,1,1,1,1,1,1,1
1,1,1,1,1,1,1,1,1,1
1,1,1,1,1,1,1,1,1,1
1,1,1,1,1,1,1,1,1,1
1,1,1,1,1,1,1,1,1,1
1,1,1,1,1,1,1,1,1,1
1,1,1,1,1,1,1,1,1,1
1,1,1,1,1,1,1,1,1,1
1,1,1,1,1,1,1,1,1,1
1,1,1,1,1,1,1,1,1,1
1,1,1,1,1,1,1,1,1,1
1,1,1,1,1,1,1,1,1,1
1,1,1,1,1,1,1,1,1,1
1,1,1,1,1,1,1,1,1,1
1,1,1,1,1,1,1,1,1,1
1,1,1,1,1,1,1,1,1,1
1,1,1,1,1,1,1,1,1,1
1,1,1,1,1,1,1,1,1,1
1,1,1,1,1,1,1,1,1,1
1,1,1,1,1,1,1,1,1,1
1,1,0.9618202,1,1,1,1,1,1,1
1,1,1,1,1,1,1,1,1,1
1,1,1,1,1,1,1,1,1,1
1,1,1,1,1,1,1,1,1,1
1,1,1,1,1,1,1,1,1,1
1,1,1,1,1,1,1,1,1,1
1,1,1,1,1,1,1,1,1,1
1,1,1,1,1,1,1,1,1,1
1,1,1,1,1,1,1,1,1,1
1,1,0.9125911,1,1,1,1,1,1,1
1,1,0.9009141,1,1,1,1,1,1,1
1,1,0.8891736,1,1,1,1,1,1,1
1,1,0.8773744,1,1,1,1,1,1,1
1,1,0.8655211,1,1,1,1,1,1,1
1,1,0.8536195,1,1,1,1,1,1,1
1,1,0.8416746,1,1,1,1,1,1,1
1,1,0.8296917,1,1,1,1,1,1,1
1,1,0.8176761,1,1,1,1,1,1,1
1,1,0.8056337,1,1,1,1,1,1,1
1,1,0.7935696,1,1,1,1,1,1,1
1,1,0.7814894,1,1,1,1,1,1,1
1,1,0.7693988,1,1,1,1,1,1,1
1,1,0.7573029,1,1,1,1,1,1,1
1,1,0.7452074,1,1,1,1,1,1,1
1,1,0.7367748,1,1,1,1,1,1,2
1,1,0.7456386,1,1,1,1,1,1,1
1,1,0.7544557,1,1,1,1,1,1,1
1,1,0.7632376,1,1,1,1,1,1,1
1,1,0.7719631,1,1,1,1,1,1,1
1,1,0.7806277,1,1,1,1,1,1,1
1,1,1,1,1,1,1,1,1,1
1,1,1,1,1,1,1,1,1,1
1,1,1,1,1,1,1,1,1,1
1,1,1,1,1,1,1,1,1,1
1,1,1,1,1,1,1,1,1,1
1,1,1,1,1,1,1,1,1,1
1,1,1,1,1,1,1,1,1,1
1,1,1,1,1,1,1,1,1,1
1,1,1,1,1,1,1,1,1,1
1,1,1,1,1,1,1,1,1,1
1,1,1,1,1,1,1,1,1,1
1,1,1,1,1,1,1,1,1,1
1,1,1,1,1,1,1,1,1,1
1,1,1,1,1,1,1,1,1,1
1,1,1,1,1,1,1,1,1,1
1,1,1,1,1,1,1,1,1,1
1,1,1,1,1,1,1,1,1,1
1,1,0.9923331,1,1,1,1,1,1,1
1,1,0.9815879,1,1,1,1,1,1,1
1,1,0.9707826,1,1,1,1,1,1,1
1,1,0.9599196,1,1,1,1,1,1,1
1,1,0.949001,1,1,1,1,1,1,1
1,1,0.9380294,1,1,1,1,1,1,1
1,0.5586218,0.927007,1,1,1,1,1,1,2
1,0.5363339,0.9113894,1,1,1,1,1,1,2
1,0.5144792,0.8959309,1,1,1,1,1,1,2
1,0.4931188,0.8806802,1,1,1,1,1,1,2
1,0.4723016,0.8656803,1,1,1,1,1,1,2
1,0.461951,0.8509685,1,1,1,1,1,1,2
1,0.473419,0.8366386,1,1,1,1,1,1,2
1,0.4854136,0.8228189,1,1,1,1,1,1,2
1,0.4979157,0.8094698,1,1,1,1,1,1,2
1,0.5109137,0.7965546,1,1,1,1,1,1,2
1,1,0.7840377,1,1,1,1,1,1,1
1,1,0.7737641,1,1,1,1,1,1,1
1,1,0.7730891,1,1,1,1,1,1,1
1,1,0.7916333,1,1,1,1,1,1,1
1,1,0.8099295,1,1,1,1,1,1,1
1,1,0.8279188,1,1,1,1,1,1,1
0.4833292,1,0.845606,1,1,1,1,1,1,2
0.4465148,1,0.9541141,1,1,1,1,1,1,2
0.4123865,1,1,1,1,1,1,1,1,2
0.3990096,0.8094655,1,1,0.9975524,1,1,1,1,2
0.408159,0.7876457,1,1,0.9610591,1,1,1,1,2
0.4179819,0.7668037,1,1,0.9579669,1,1,1,1,2
0.4285256,0.7468848,1,1,0.9553286,1,1,1,1,2
0.4398264,0.7278395,1,1,0.953153,1,1,1,1,2
1,0.7096212,1,1,0.9514487,1,1,1,1,2
1,0.6976629,1,1,0.9433725,1,1,1,1,2
1,0.6857874,1,1,0.9353179,1,1,1,1,2
1,0.673997,1,1,0.9272806,1,1,1,1,2
1,0.6622943,1,1,0.919257,1,1,1,1,2
1,0.6506809,1,1,0.9112431,1,1,1,1,2
1,0.6391591,1,0.9877385,0.9032354,0.9981713,1,1,1,2
1,0.6277796,1,0.9544439,0.8951561,0.9903015,1,1,1,1
1,0.6166438,1,0.9240956,0.8868406,0.9820257,1,1,1,1
1,0.6057324,1,0.8963735,0.8782871,0.9733436,1,1,1,1
1,0.5950277,1,0.8710041,0.8694967,0.9642593,1,1,1,1
1,0.5845123,1,0.8477316,0.8604717,0.954779,1,1,1,1
1,0.5955194,1,0.8263782,0.8512171,0.944913,1,1,1,1
1,0.6073845,1,0.8077885,0.841588,0.934424,1,1,1,1
1,0.6180867,1,0.7917513,0.8315975,0.9233366,1,1,1,1
1,0.6276091,1,0.7780134,0.8212759,0.9117031,1,1,1,1
1,0.6359831,1,0.7663282,0.8106548,0.8995776,1,1,1,1
1,0.643241,1,0.756515,0.7997667,0.887015,1,1,1,1
1,0.6494147,1,0.7484501,0.788644,0.8740706,1,1,1,1
1,0.6545771,1,0.7419912,0.7773191,0.8607987,1,1,1,1
0.7027349,0.6587943,1,0.7370431,0.765824,0.8472525,1,1,1,2
0.6846496,0.6760266,1,0.7101782,0.7575951,0.8391172,1,1,1,2
0.6672779,0.6928531,1,0.7016602,0.7491556,0.8306182,1,1,1,1
0.6504207,0.7094775,1,0.6930748,0.7405719,0.8218675,1,1,1,1
0.6340486,0.7258168,1,0.684417,0.7318386,0.812858,1,1,1,1
0.618131,1,1,0.6756836,0.7229527,0.8035862,1,1,1,1
0.605635,1,1,0.6660071,0.7123581,0.7914915,1,1,1,1
0.5931769,1,1,0.656307,0.701726,0.779339,1,1,1,1
0.5807445,1,1,0.6465856,0.6910605,0.7671365,1,1,1,1
0.5683268,1,1,0.6368459,0.6803672,0.7548927,1,1,1,1
0.5559114,1,1,0.6270906,0.6696509,0.7426159,1,1,1,1
0.5434861,1,1,0.617322,0.6589166,0.7303149,1,1,1,1
0.5310389,1,1,0.6075429,0.6481692,0.7179978,1,1,1,1
0.5185574,1,1,0.5977558,0.6374139,0.7056731,1,1,1,1
0.5060307,1,1,0.5879637,0.6266554,0.6933492,1,1,1,1
0.4934467,1,1,0.5781687,0.6158984,0.6810337,1,1,1,1
0.4807948,1,1,0.5683733,0.6051474,0.668734,1,1,1,1
0.4680649,1,1,0.5585797,0.5944065,0.6564573,1,1,1,1
0.460385,1,1,0.54879,0.5836797,0.6442097,1,1,0.9950113,1
0.4645262,1,1,0.5389534,0.5728726,0.6318352,1,1,0.9903566,1
0.4683386,1,1,0.5290261,0.5619034,0.6191986,1,1,0.9856337,0
0.4718261,1,1,0.5190214,0.5507971,0.6063421,1,1,0.9808728,0
0.4750029,1,1,0.5089527,0.5395786,0.5933077,1,1,0.9760974,0
0.4778928,1,1,0.4988328,0.5282715,0.5801353,0.7279426,1,0.9713252,0
0.4772894,1,1,0.487719,0.5150458,0.5637629,0.7026828,1,0.9655737,0
0.4764199,1,1,0.4766658,0.5019115,0.5475482,0.6778609,1,0.9601278,0
0.4753532,1,1,0.4656962,0.48891,0.5315582,0.6536089,1,0.9550298,0
0.4741493,1,1,0.4724204,0.4760742,0.5158455,0.630027,1,0.9503123,0
0.4729125,1,1,0.5002558,0.4634472,0.5004832,0.6072559,1,0.9459939,0
0.4717093,1,1,0.5349084,0.4510543,0.485516,0.5853781,1,0.9420873,0
0.4705685,1,1,0.5783181,0.4388921,0.4709399,0.5643733,1,0.9385754,0
0.4695101,1,1,0.6333535,0.4269516,0.4567429,0.5442073,1,0.935436,0
0.4685401,1,1,0.7044884,0.4152213,0.4429084,0.5248376,1,0.9326496,0
0.4676663,1,1,0.7988646,0.4036867,0.4294154,0.5062146,1,0.9301888,0
0.4668846,1,1,1,0.3923327,0.4162414,0.4882869,1,0.9280313,0
0.4662492,1,1,1,0.38116,0.4033949,0.4710714,1,0.9261361,0
0.4655905,1,1,1,0.3700957,0.3907414,0.4542784,1,0.9245037,0
0.4649202,1,1,1,0.3591369,0.3782782,0.4379018,1,0.9231262,0
0.4642532,1,1,1,0.3482798,0.3660013,0.4219317,1,1,0
0.4643415,1,1,1,0.3377238,0.3543358,0.4072977,1,1,0
0.4643872,1,1,1,0.327215,0.3427648,0.3928751,1,1,0
0.4644023,1,1,1,0.3167521,0.3312868,0.3786615,1,1,0
0.4643902,1,1,1,0.3063335,0.3199001,0.3646529,1,1,0
0.4643538,1,1,1,0.2959566,0.3086018,0.3508436,0.5594171,1,0
0.4616393,1,1,1,0.3319695,0.2961408,0.3344024,0.5227484,1,0
0.4589495,1,1,1,0.3875144,0.2839445,0.3185064,0.4885705,1,0
0.4562754,1,1,1,0.4731887,0.2719975,0.3031213,0.4566284,1,0
0.453621,1,1,1,0.618636,0.2602855,0.2882157,0.4267004,1,0
0.4510854,1,1,1,1,0.2488311,0.2738553,0.3989406,1,0
0.4487529,1,1,1,1,0.237641,0.2600786,0.3734099,1,0
0.4464671,1,1,1,1,0.2266348,0.2466958,0.3493621,1,0
0.4442244,1,1,1,1,0.2391745,0.2336826,0.3266728,1,0
0.4420463,1,1,1,1,0.2692664,0.2210281,0.305274,1,0
0.43993,1,1,1,1,0.3067201,0.2087049,0.285049,1,0
0.4378669,1,1,1,1,0.3537386,0.1966774,0.265858,1,0
0.4358426,1,1,1,1,0.4135435,0.1849132,0.2475776,0.5226126,0
0.4332473,1,1,1,1,0.5366884,0.172947,0.228487,0.4648981,0
0.4306498,1,1,1,1,1,0.1612553,0.2102942,0.4135504,0
0.4280472,1,1,1,1,1,0.1511216,0.1929314,0.3675708,0
0.4254369,1,1,1,1,1,0.1680271,0.1763373,0.3261593,0
0.4228159,1,1,1,1,1,0.1885217,0.1604561,0.288667,0
0.4201809,1,1,1,1,1,0.2135632,0.1452371,0.2545621,0
0.4175353,1,1,1,1,1,0.244456,0.1306341,0.223405,0
0.4148757,1,1,1,1,1,0.2831034,0.1166057,0.19483,0
0.4121925,1,1,1,1,1,0.3323714,0.1031134,0.1685288,0
0.4094884,1,1,1,1,1,0.396633,0.1078176,0.1442404,0
0.4067599,1,1,1,1,1,0.4831209,0.1169594,0.1217418,0
0.4040092,1,1,1,1,1,1,0.127153,0.100843,0
0.4012263,1,1,1,1,1,1,0.1385348,0.08466217,0
0.3984132,1,1,1,1,1,1,0.1512388,0.09040432,0
0.3955656,1,1,1,0.9715483,1,1,0.165436,0.09661075,0
0.3926744,1,1,1,0.9319494,1,1,0.1812467,0.1032882,0
0.3896104,1,1,1,0.9296255,1,1,0.1979056,0.1102325,0
0.3863838,1,1,1,0.9269177,1,1,0.2155512,0.1174621,0
0.3829844,1,1,1,0.9237665,1,1,0.2340823,0.1249375,0
0.3794012,1,1,1,0.9201244,1,1,0.2533872,0.1326242,0
0.375628,1,1,1,0.9159528,1,1,0.2733303,0.1404856,0
0.3716691,1,1,1,0.9112228,1,1,0.2937379,0.1484745,0
0.3675205,1,1,1,0.9059156,1,1,0.31445,0.1565592,0
0.3631938,1,1,1,0.9000198,0.9848641,1,0.3352578,0.1646902,0
0.3586712,1,1,1,0.893422,0.9521316,1,0.3557726,0.1727988,0
0.3539463,1,1,1,0.8859953,0.9246136,1,0.3754681,0.1807841,1
0.3490414,1,1,0.9939456,0.8777939,0.9014047,1,0.394149,0.1886101,1
0.3439656,1,1,0.9842588,0.8687934,0.8822057,1,0.949814,0.1962126,2
0.3381169,1,1,0.9670475,0.8552003,0.8847595,1,0.945866,0.2018955,2
0.3323027,1,1,0.9493631,0.8413054,0.8897989,1,0.939751,0.2072382,2
0.3742511,1,1,0.9313391,0.8271896,0.8973148,1,0.9318868,0.2122522,2
0.4228294,1,1,0.9145249,0.8137982,0.9020804,1,0.9272777,0.2173696,2
0.4716493,1,1,0.8989771,0.8011681,0.9032202,1,0.9261898,0.2226626,2
0.5199389,1,1,0.8845502,0.7892123,0.9006586,1,0.9282935,0.2281529,1
0.5670363,1,1,0.8710947,0.7778417,0.8945625,1,0.9332302,0.2338384,1
1,1,1,0.8584617,0.7669672,0.8852454,1,0.9406663,0.2397196,0
1,1,1,0.8571953,0.7630233,0.8315237,1,0.9889137,0.2496525,0
1,1,1,0.8544191,0.7581888,0.7876827,1,1,0.2594443,0
1,1,1,0.8505332,0.7527002,0.750254,1,1,0.2691692,0
1,1,1,0.8456514,0.7466227,0.717671,1,1,0.2788085,0
1,1,1,0.8397764,0.7399545,0.6890574,1,1,0.2883192,0
1,1,1,0.8329216,0.7327009,0.6722399,1,1,0.2976516,0
1,1,1,0.8252057,0.7249324,0.6643878,1,1,0.3068003,1
1,1,1,0.8167321,0.7167101,0.6562788,1,1,0.8847013,2
1,1,1,0.7958416,0.7009076,0.6436822,1,1,0.8841219,2
1,1,1,0.7750533,0.68514,0.6369647,1,1,0.8841556,2
1,1,1,0.7544958,0.669488,0.6484712,1,1,0.8847202,2
1,1,1,0.7343735,0.6540788,0.6619057,1,1,0.8855707,2
1,1,1,0.7147133,0.6389315,0.6774476,1,1,0.886664,2
1,1,1,0.6955336,0.6240599,0.6952649,1,1,0.8879539,2
1,1,1,0.6768456,0.6094731,0.7156,1,1,0.8893919,2
1,1,1,0.6586524,0.5951751,0.7387155,1,1,0.8909248,2
1,1,1,0.6409515,0.5811657,0.7649223,1,1,0.8924963,2
1,1,1,0.623735,0.5674413,0.7945885,1,0.9868468,0.8940466,2
1,1,0.7582809,0.6070888,0.5540541,0.827207,1,0.9682298,0.895228,2
1,1,0.7279615,0.5882981,0.5393927,0.8947077,1,0.938481,0.9047859,2
1,1,0.6993425,0.57024,0.525178,1,1,0.9113591,0.9148378,2
1,1,0.6724746,0.5529569,0.5202109,1,1,0.88701,0.9249682,2
1,1,0.6467777,0.5361882,0.5425776,1,1,0.8641559,0.9360625,2
1,1,0.6224126,0.5200213,0.5681018,1,1,0.8432027,0.9475715,2
1,1,0.5992844,0.5044202,0.5971991,1,1,0.8239967,0.9594088,2
1,1,0.5772978,0.4893467,0.630404,1,1,0.8063779,0.9714853,2
1,1,0.5563611,0.474762,0.66835,1,1,0.790206,0.98371,2
1,1,0.5363858,0.4606275,0.711851,1,1,0.7753392,0.995989,2
1,1,0.517289,0.4469059,0.7618636,1,1,0.7616674,1,2
1,1,0.4991049,0.433613,1,1,1,0.7493607,1,2
1,1,0.4822497,0.4387019,1,1,1,0.7396225,1,2
1,1,0.4659685,0.4507565,1,1,1,0.7306408,1,2
1,1,0.4502338,0.4633257,1,1,1,0.7224081,1,2
1,1,0.4349892,0.4763758,1,1,1,0.7148548,1,2
1,1,0.420185,0.4898906,1,1,1,0.7079101,1,2
1,0.6253239,0.4057756,0.5038738,1,1,1,0.7015029,1,2
1,0.5889565,0.3892345,0.539318,1,1,1,0.6878558,1,2
1,0.5549356,0.3732408,0.5818265,1,1,1,0.6747789,1,2
1,0.5230342,0.3577616,0.6334153,0.9971114,1,1,0.6622187,1,2
1,0.4930534,0.342766,0.6968786,1,1,1,0.6501435,1,2
1,0.4650654,0.3282945,0.9921762,1,1,1,0.6387626,1,2
1,0.4399794,0.3384036,0.9789704,1,1,1,0.629167,1,2
1,0.4162866,0.3526761,0.9662257,1,1,1,0.6200682,1,2
1,0.3938935,0.3681595,0.9539177,1,1,1,0.6114693,1,2
1,0.3726794,0.3848531,0.9420083,1,1,1,0.6033524,1,2
1,0.3525303,0.4027669,0.9304592,1,1,1,0.5956873,1,2
1,0.3333405,0.4219053,0.919232,1,1,1,0.5884418,1,2
1,0.3150116,0.4422659,0.9082891,1,1,1,0.5815832,1,2
1,0.2974544,0.4638187,0.8975953,1,1,1,0.5750862,1,2
0.5402229,0.2805866,0.4865637,1,1,1,1,0.5689119,1,2
0.4897959,0.2622155,0.5267833,1,1,1,1,0.559772,1,2
0.4442425,0.2446651,0.5742439,1,1,1,1,0.5508716,1,2
0.4028917,0.2410348,0.8824927,1,1,1,1,0.5421863,1,2
0.3651913,0.2510143,0.8681291,1,1,1,1,0.5337002,1,2
0.3306805,0.2620023,0.8543273,1,1,1,0.7550775,0.5254051,1,2
0.2994442,0.2737375,0.8412036,1,1,1,0.7327172,0.5175148,1,2
0.2710765,0.2861002,0.8287196,1,1,1,0.7123877,0.5100473,1,2
0.2451227,0.299026,0.8168001,1,1,1,0.693869,0.5029629,1,2
0.2211966,0.3124349,0.8053709,1,1,1,0.6769624,0.4962274,1,2
0.2041768,0.3262671,0.794363,1,1,1,0.6614674,0.4897935,1,2
0.2100966,0.3403328,0.783727,1,1,1,0.6473428,0.4836631,1,2
0.2159895,0.3540795,0.9246066,1,1,1,0.6348854,0.4779288,1,2
0.2217388,0.3670561,1,1,1,1,0.6241453,0.4726118,1,2
0.2273642,0.3793809,1,1,1,1,0.6146435,0.4675934,1,2
0.2328955,0.3911898,1,1,1,1,0.6060312,0.4627835,1,2
0.2383257,0.402454,1,1,1,1,0.5981749,0.4581477,1,1
0.243634,0.4131295,1,1,1,1,0.590983,0.4536722,1,1
0.2488241,0.4232202,1,1,1,1,0.5843572,0.449329,1,1
0.2538778,0.4326991,1,1,1,1,0.578241,0.4451145,1,1
0.2588009,0.4415859,1,1,1,1,0.5725642,0.4410096,1,1
0.2635847,1,1,1,1,1,0.5672845,0.4370108,1,0
0.2659542,1,1,1,1,1,0.5681967,0.4347453,1,0
0.2682525,1,1,1,1,1,0.5691788,0.4325779,1,0
0.2704733,1,1,1,1,1,0.5702365,0.4305123,1,0
0.2726253,1,1,1,1,1,0.5713581,0.428539,1,0
0.2747167,1,1,1,1,1,0.6378647,0.4266492,1,0
0.2771206,1,1,1,1,1,1,0.4245043,1,1
0.2815158,1,1,1,1,1,1,0.4205903,1,1
0.2858864,1,1,1,1,1,1,0.4167217,0.3899141,0
0.2855986,1,1,1,1,1,1,0.4168997,0.3863775,0
0.2852056,1,1,1,1,1,1,0.4174847,0.383219,0
0.2847127,1,1,1,1,1,1,0.4184868,0.3804335,0
0.2841246,1,1,1,1,1,1,0.4199175,0.3780171,0
0.2834451,1,0.7367272,1,1,1,1,0.4217898,0.3759667,0
0.282992,1,0.6859214,1,1,1,1,0.4236318,0.3742193,0
0.2826142,1,0.6452916,1,1,1,1,0.4255835,0.3727471,0
0.2822977,1,0.6121315,1,1,1,1,0.4276177,0.3715159,0
0.2820315,1,0.5846175,1,1,1,1,0.4297092,0.3704947,0
0.2818069,1,0.5614758,1,1,1,1,0.4318352,0.3696553,0
0.2816106,1,0.5417705,1,1,1,1,0.4339817,0.3689784,0
0.2814386,1,0.5248319,1,1,1,1,0.4361294,0.3684406,0
0.2812815,1,0.5121679,1,1,1,1,0.4382675,0.3680266,0
0.2811292,1,0.5035628,1,1,1,1,0.4956478,0.3677242,0
0.281186,1,0.4944692,1,1,1,1,0.4974734,0.3673801,0
0.2812404,1,0.4852451,1,1,1,1,1,0.3670965,2
0.2831823,1,0.4961475,1,1,1,1,1,0.3655458,2
0.2851947,1,0.5120533,1,1,1,1,1,0.363982,2
0.287261,1,0.5280646,1,1,1,1,1,0.3624062,2
0.2893659,1,0.5440949,1,1,1,1,1,0.360822,2
0.2915074,1,0.560095,1,1,1,1,1,0.3592217,2
1,1,0.5759944,1,1,1,1,1,0.3576045,0
1,1,0.5438758,1,1,1,1,1,0.3576136,0
1,1,0.5158622,1,1,1,1,1,0.3579507,0
1,1,0.4915885,1,1,1,1,1,0.3585771,0
1,1,0.470315,1,1,1,1,1,0.3594721,0
1,1,0.4514962,1,1,1,1,1,0.3606103,0
1,1,0.4346977,1,1,1,1,1,0.3619735,0
1,1,0.4195932,1,1,1,1,1,0.410668,0
1,1,0.407543,1,1,1,1,1,0.4123768,0
1,1,0.3964629,1,1,1,1,1,0.4142242,0
1,1,0.3862219,1,1,1,1,1,1,2
1,1,0.3946229,1,1,1,1,1,1,2
1,0.4372764,0.4033949,1,1,1,1,1,1,2
1,0.410833,0.4216406,1,1,1,1,1,1,2
1,0.3858498,0.4423287,1,1,1,1,1,1,2
1,0.3622035,1,1,1,1,1,1,1,2
1,0.3402335,1,1,1,1,1,1,1,2
1,0.3192019,1,1,1,1,1,1,1,2
1,0.299081,1,1,1,1,1,1,1,2
1,0.2798377,1,1,1,1,1,1,1,2
1,0.2752876,1,1,1,1,1,1,1,2
1,0.2842819,1,1,1,1,1,1,1,2
1,0.2938755,1,1,1,1,1,1,1,2
0.3692006,0.3040743,1,1,1,1,1,1,1,2
0.3336777,0.3161289,1,1,1,1,1,1,1,2
0.3011006,0.3293561,1,1,1,1,1,1,1,2
0.2711195,0.3438743,1,1,1,1,1,1,1,2
0.2434382,0.3598183,1,1,1,1,1,1,1,2
0.239632,1,1,1,1,1,1,1,1,2
0.2468555,1,1,1,1,1,1,1,0.9441878,2
0.2546338,1,1,1,1,1,1,1,0.8279411,2
0.2624739,1,1,1,1,1,1,1,0.7737098,2
0.2702187,1,1,1,1,1,1,1,0.7519881,2
0.2780657,1,1,1,1,1,1,1,0.7425249,2
0.2860938,1,1,1,1,1,1,1,0.7389518,2
0.2943395,1,1,1,1,1,1,1,0.738616,2
0.3028208,1,1,1,1,1,1,1,0.7402204,2
0.3115468,1,1,1,1,1,1,1,0.7430696,2
1,1,1,1,1,1,1,1,0.7467597,0
1,1,1,1,1,1,1,1,0.8360998,0
1,1,1,1,1,1,1,1,0.9173223,1
1,1,1,1,1,1,1,1,1,1
1,1,1,1,1,1,1,1,1,1
1,1,1,1,1,1,1,1,1,1
1,1,1,1,1,1,1,1,1,1
1,1,1,1,1,1,1,1,1,1
1,1,1,1,1,1,1,1,1,1
1,1,1,1,1,1,1,1,1,1
1,1,1,1,1,1,1,1,1,1
1,1,1,1,1,1,1,1,1,1
1,1,1,1,1,1,1,1,1,1
1,1,1,1,1,1,1,1,1,1
1,1,1,1,1,1,1,1,1,1
1,1,1,1,1,1,1,1,1,1
1,1,1,1,1,1,1,1,1,1
1,1,1,1,1,1,1,1,1,1
1,1,1,1,1,1,1,1,1,1
1,1,1,1,1,1,1,1,1,1
1,1,1,1,1,1,1,1,1,1
1,1,1,1,1,1,1,1,1,1
1,1,1,1,1,1,1,1,1,1
1,1,1,1,1,1,1,1,1,1
1,1,1,1,1,1,1,1,1,1
1,1,1,1,1,1,1,1,1,1
1,1,1,1,1,1,1,1,1,1
1,1,1,1,1,1,1,1,1,1
1,1,1,1,1,1,1,1,1,1
1,1,1,1,1,1,1,1,1,1
1,1,1,1,1,1,1,1,1,1
1,1,1,1,1,1,1,1,1,1
1,1,1,1,1,1,1,1,1,1
1,1,1,1,1,1,1,1,1,1
1,1,1,1,1,1,1,1,1,1
1,1,1,1,1,1,1,1,1,1
1,1,1,1,1,1,1,1,1,1
1,1,1,1,1,1,1,1,1,1
1,1,1,1,1,1,1,1,1,1
1,1,1,1,1,1,1,1,1,1
1,1,1,1,1,1,1,1,1,1
1,1,1,1,1,1,1,1,1,1
1,1,1,1,1,1,1,1,1,1
1,1,1,1,1,1,1,1,1,1
1,1,1,1,1,1,1,1,1,1
1,1,1,1,1,1,1,1,1,1
1,1,1,1,1,1,1,1,1,1
1,1,1,1,1,1,1,1,1,1
1,1,1,1,1,1,1,1,1,1
1,1,1,1,1,1,1,1,1,1
1,1,1,1,1,1,1,1,1,1
1,1,1,1,1,1,1,1,1,1
1,1,1,1,1,1,1,1,1,1
1,1,1,1,1,1,1,1,1,1
1,1,1,1,1,1,1,1,1,1
1,1,1,1,1,1,1,1,1,1
1,1,1,1,1,1,1,1,1,1
1,1,1,1,1,1,1,1,1,1
1,1,1,1,1,1,1,1,1,1
1,1,1,1,1,1,1,1,1,1
1,1,1,1,1,1,1,1,1,1
1,1,1,1,1,1,1,1,1,1
1,1,1,1,1,1,1,1,1,1
1,1,1,1,1,1,1,1,1,1
1,1,1,1,1,1,1,1,1,1
1,1,1,1,1,1,1,1,1,1
1,1,1,1,1,1,1,1,1,1
1,1,1,1,1,1,1,1,1,1
1,1,1,1,1,1,1,1,1,1
1,1,1,1,1,1,1,1,1,1
1,1,1,1,1,1,1,1,1,1
1,1,1,1,1,1,1,1,1,1
1,1,1,1,1,1,1,1,1,1
1,1,1,1,1,1,1,1,1,1
1,1,1,1,1,1,1,1,1,1
1,1,1,1,1,1,1,1,1,1
1,1,1,1,1,1,1,1,1,1
1,1,1,1,1,1,1,1,1,1
1,1,1,1,1,1,1,1,1,1
1,1,1,1,1,1,1,1,1,1
1,1,1,1,1,1,1,1,1,1
1,1,1,1,1,1,1,1,1,1
1,1,1,1,1,1,1,1,1,1
1,1,1,1,1,1,1,1,1,1
1,1,1,1,1,1,1,1,1,1
1,1,1,1,1,1,1,1,1,1
1,1,1,1,1,1,1,1,1,1
1,1,1,1,1,1,1,1,1,1
1,1,1,1,1,1,1,1,1,1
1,1,1,1,1,1,1,1,1,1
1,1,1,1,1,1,1,1,1,1
1,1,1,1,1,1,1,1,1,1
1,1,1,1,1,1,1,1,1,1
1,1,1,1,1,1,1,1,1,1
1,1,1,1,1,1,1,1,1,1
1,1,1,1,1,1,1,1,1,1
1,1,1,1,1,1,1,1,1,1
1,1,1,1,1,1,1,1,1,1
1,1,1,1,1,1,1,1,1,1
1,1,1,1,1,1,1,1,1,1
1,1,1,1,1,1,1,1,1,1
1,1,1,1,1,1,1,1,1,1
1,1,1,1,1,1,1,1,1,1
1,1,1,1,1,1,1,1,1,1
1,1,1,1,1,1,1,1,1,1
1,1,1,1,1,1,1,1,1,1
1,1,1,1,1,1,1,1,1,1
1,1,1,1,1,1,1,1,1,1
1,1,1,1,1,1,1,1,1,1
1,1,1,1,1,1,1,1,1,1
1,1,1,1,1,1,1,1,1,1
1,1,1,1,1,1,1,1,1,1
1,1,1,1,1,1,1,1,1,1
1,1,1,1,1,1,1,1,1,1
1,1,1,1,1,1,1,1,1,1
1,1,1,1,1,1,1,1,1,1
1,1,1,1,1,1,1,1,1,1
1,1,1,1,1,1,1,1,1,1
1,1,1,1,1,1,1,1,1,1
1,1,1,1,1,1,1,1,1,1
1,1,1,1,1,1,1,1,1,1
1,1,1,1,1,1,1,1,1,1
1,1,1,1,1,1,1,1,1,1
1,1,1,1,1,1,1,1,1,1
1,1,1,1,1,1,1,1,1,1
1,1,1,1,1,1,1,1,1,1
1,1,1,1,1,1,1,1,1,1
1,1,1,1,1,1,1,1,1,1
1,1,1,1,1,1,1,1,1,1
1,1,1,1,1,1,1,1,1,1
1,1,1,1,1,1,1,1,1,1
1,1,1,1,1,1,1,1,1,1
1,1,1,1,1,1,1,1,1,1
1,1,1,1,1,1,1,1,1,1
1,1,1,1,1,1,1,1,1,1
1,1,1,1,1,1,1,1,1,1
1,1,1,1,1,1,1,1,1,1
1,1,1,1,1,1,1,1,1,1
1,1,1,1,1,1,1,1,1,1
1,1,1,1,1,1,1,1,1,1
1,1,1,1,1,1,1,1,1,1
1,1,1,1,1,1,1,1,1,1
1,1,1,1,1,1,1,1,1,1
1,1,1,1,1,1,1,1,1,1
1,1,1,1,1,1,1,1,1,1
1,1,1,1,1,1,1,1,1,1
1,1,1,1,1,1,1,1,1,1
1,1,1,1,1,1,1,1,1,1
1,1,1,1,1,1,1,1,1,1
1,1,1,1,1,1,1,1,1,1
1,1,1,1,1,1,1,1,1,1
1,1,1,1,1,1,1,1,1,1
1,1,1,1,1,1,1,1,1,1
1,1,1,1,1,1,1,1,1,1
1,1,1,1,1,1,1,1,1,1
1,1,1,1,1,1,1,1,1,1
1,1,1,1,1,1,1,1,1,1
1,1,1,1,1,1,1,1,1,1
1,1,1,1,1,1,1,1,1,1
1,1,1,1,1,1,1,1,1,1
1,1,1,1,1,1,1,1,1,1
1,1,1,1,1,1,1,1,1,1
1,1,1,1,1,1,1,1,1,1
1,1,1,1,1,1,1,1,1,1
1,1,1,1,1,1,1,1,1,1
1,1,1,1,1,1,1,1,1,1
1,1,1,1,1,1,1,1,1,1
1,1,1,1,1,1,1,1,1,1
1,1,1,1,1,1,1,1,1,1
1,1,1,1,1,1,1,1,1,1
1,1,1,1,1,1,1,1,1,1
1,1,1,1,1,1,1,1,1,1
1,1,1,1,1,1,1,1,1,1
1,1,1,1,1,1,1,1,1,1
1,1,1,1,1,1,1,1,1,1
1,1,1,1,1,1,1,1,1,1
1,1,1,1,1,1,1,1,1,1
1,1,1,1,1,1,1,1,1,1
1,1,1,1,1,1,1,1,1,1
1,1,1,1,0.9919074,1,1,1,1,1
1,1,1,1,0.9819075,1,1,1,1,1
1,1,1,1,0.9719077,0.986901,1,1,1,1
1,1,1,1,0.9619079,0.9767305,1,1,1,1
1,1,1,1,0.9519081,0.9665477,1,1,1,1
1,1,1,1,0.9419082,0.9563533,1,1,1,1
1,1,1,1,0.9319086,0.9461477,0.9984463,1,1,1
1,1,1,1,0.9219092,0.935927,0.9872263,1,1,1
1,1,1,1,0.9119104,0.9256644,0.9758889,1,1,1
1,1,1,1,0.9019125,0.9153621,0.9644392,1,1,1
1,1,1,1,0.8919165,0.9050224,0.9528832,1,1,1
1,1,1,1,0.8819228,0.8946482,0.9412276,1,1,1
1,1,1,1,0.8719326,0.8842424,0.9294797,1,1,1
1,1,1,1,0.8619472,0.8738087,0.9176475,1,1,1
1,1,1,1,0.8519672,0.8633504,0.9057389,1,1,1
1,1,1,1,0.8419942,0.8528712,0.8937631,1,1,1
1,1,1,1,0.8320293,0.8423752,0.8817288,1,1,1
1,1,1,1,0.8220741,0.8318663,0.8696455,1,1,1
1,1,1,1,0.8121289,0.821348,0.857522,1,1,1
1,1,1,1,1,0.810825,0.8453681,1,1,1
1,1,1,1,1,0.800275,0.8331146,1,1,1
1,1,1,1,1,0.7897254,0.8208389,1,1,1
1,1,1,1,1,0.7791797,0.810387,1,1,0
1,1,1,1,1,0.7686443,0.8199353,1,1,1
1,1,1,1,1,0.7581537,0.8294758,1,1,1
1,1,1,1,1,0.7477049,0.8389995,1,1,1
1,1,1,1,1,0.7372948,0.8484808,1,1,1
1,1,1,1,1,0.7269212,0.8579113,1,1,1
1,1,1,1,1,0.716581,0.867283,1,1,1
1,1,1,1,1,0.7062723,1,1,1,1
1,1,1,1,1,0.6961318,1,1,1,1
1,1,1,1,1,0.6859945,1,1,1,1
1,1,1,1,1,0.6758603,1,1,1,1
1,1,1,1,1,0.6657297,1,1,1,1
1,1,1,1,1,0.655603,1,1,1,1
1,1,1,1,1,0.6454799,1,1,1,1
1,1,1,1,1,0.6353611,1,1,1,1
1,1,1,1,1,0.6252466,1,1,1,1
1,1,1,1,1,0.6151366,1,1,1,1
1,1,1,1,1,0.6050317,1,1,1,1
1,1,1,1,1,0.5949315,1,1,1,1
1,1,1,1,1,0.5848361,1,1,1,1
1,1,1,1,1,0.5747461,1,1,1,1
1,1,1,1,1,0.5646611,1,1,1,1
1,1,1,1,1,0.5545815,1,1,1,1
1,1,1,1,1,0.5445073,1,1,1,1
1,1,1,1,1,0.5344387,0.5660174,1,1,0
1,1,1,1,1,0.5241257,0.5539051,1,1,0
1,1,1,1,1,0.5138677,0.5419165,1,1,0
1,1,1,1,1,0.5036623,0.5300491,0.6560231,1,0
1,1,1,1,1,0.4932837,0.5166699,0.632026,1,0
1,1,1,1,1,0.4830945,0.5036185,0.6090057,1,0
1,1,1,1,1,1,0.4908946,0.5869513,1,0
1,1,1,1,1,1,0.4785152,0.5659256,1,0
1,1,1,1,1,1,0.4664007,0.5501443,1,0
1,1,1,1,1,1,0.4545633,0.5657381,1,0
1,1,1,1,1,1,0.4430654,0.5817442,1,0
1,1,1,1,1,1,0.4318675,0.5981278,1,0
1,0.9942642,1,1,1,1,0.4209346,0.6148204,1,0
1,0.9852843,1,1,1,1,0.4102485,1,1,1
1,0.9807784,1,1,1,1,0.4002927,1,1,1
1,0.9763462,1,1,1,1,0.3903726,1,1,1
1,0.9719824,1,1,1,1,0.3804857,1,1,1
1,0.9676822,1,1,1,1,0.3706294,1,1,1
1,0.9634479,1,1,1,1,0.3608015,1,1,1
1,0.9592748,1,1,1,1,0.3509999,0.4151704,1,0
1,0.949688,1,1,1,1,0.340646,0.3997242,0.5760187,0
1,0.9383333,1,1,1,1,0.4256594,0.3835397,0.5409833,0
1,0.9273613,1,1,1,1,1,0.3680057,0.5084175,0
1,0.916752,1,1,1,1,1,0.3530852,0.4781307,0
1,0.9064866,1,1,1,1,1,0.3387444,0.4905344,0
1,0.8965475,1,1,1,1,1,0.3249514,0.5038126,0
1,0.8869244,1,1,1,1,1,0.3116772,0.5180155,0
1,0.8776015,1,1,1,1,1,0.2988953,0.5332073,0
1,0.8685638,1,1,1,1,1,0.2865801,1,0
1,0.8626221,1,1,1,1,1,0.276273,1,0
1,0.8567257,1,1,1,1,1,0.2660856,0.3617649,0
1,0.8481491,1,1,1,1,1,0.2545715,0.341371,0
1,0.8398255,1,1,1,1,1,0.2759653,0.3221302,0
1,0.8317493,0.9856399,1,1,1,1,0.3098606,0.3039548,0
1,0.8972442,0.9660246,1,1,1,1,0.3490535,0.2867674,0
1,0.9964359,0.9471319,1,1,1,1,0.3947404,0.2704968,0
1,1,0.9289223,1,1,1,1,1,0.2550798,0
1,1,0.9131619,1,1,1,1,1,0.2411169,0
1,1,0.8981338,1,1,1,1,1,0.2278539,0
1,1,0.8837712,1,1,1,1,1,0.220866,0
1,1,0.8700742,1,1,1,1,1,0.236154,0
1,1,0.857195,1,1,1,1,1,0.2518703,0
1,1,0.8450354,1,1,1,1,1,0.267938,0
1,1,0.8334935,1,1,1,1,1,0.2843067,0
1,1,0.8225025,1,1,1,1,1,0.3008904,0
1,1,0.8119874,1,1,1,1,1,0.3176328,0
1,1,0.8018975,1,1,1,1,1,0.3344539,0
1,1,0.7921906,1,1,1,1,1,0.3512724,0
1,1,0.7828183,1,1,1,1,1,1,2
1,1,0.7781069,1,1,1,1,1,1,2
1,1,0.7735413,1,1,1,1,1,1,2
1,1,0.7691146,1,1,1,1,1,1,2
1,0.7016468,0.7648335,1,1,1,1,1,1,2
1,0.6949458,0.7649113,0.988328,1,1,1,1,1,2
1,0.6887159,0.7655127,0.9523628,1,1,1,1,1,2
1,0.6829492,0.7666509,0.9502742,1,1,1,1,1,2
1,0.6776384,0.7683407,0.9606082,1,1,1,1,1,2
1,0.672784,1,0.9720283,1,1,1,1,1,2
1,0.66791,1,0.9780914,1,1,1,1,1,2
1,0.663286,1,0.9847156,1,1,1,1,1,2
1,0.6589016,1,0.9918919,1,1,1,1,1,2
1,0.6547581,1,0.9996287,1,1,1,1,1,2
1,0.6508506,1,1,1,1,1,1,1,2
1,0.6472031,0.9700586,1,1,1,1,1,1,2
1,0.6439453,0.9335812,1,1,1,1,1,1,2
1,0.6411456,0.8971318,1,1,1,1,1,1,2
0.6394801,0.6388515,0.8609993,1,1,1,1,1,1,2
0.6320934,0.637364,0.8238386,1,1,1,1,1,1,2
0.6252376,0.6363384,0.8299773,1,1,1,1,1,1,2
0.618898,0.6357787,0.8394986,1,1,1,1,1,1,2
0.6130623,0.635691,0.8500032,1,1,1,1,1,1,2
0.6077248,0.6360887,0.8615628,1,1,1,1,1,1,2
0.6028755,0.6369802,0.8742493,1,1,1,1,1,1,2
0.5985051,0.6383756,0.8881418,1,1,1,1,1,1,2
0.5946122,1,0.9033389,1,1,1,1,1,1,2
0.5912014,1,0.9186672,1,1,1,1,1,1,2
0.5882106,1,0.9349718,1,1,1,1,1,1,2
0.5856243,0.9821579,0.9522566,1,1,1,1,1,1,2
0.583443,0.9219357,0.9713532,0.9946173,1,1,1,1,1,2
0.5817214,0.8637429,0.9942188,1,1,1,1,1,1,2
0.58046,0.8103075,1,1,1,1,1,1,1,2
0.5796583,0.7610587,1,1,1,1,1,1,1,2
0.5793172,0.7155131,1,1,1,1,1,1,1,2
0.5794386,0.7073938,1,1,1,1,1,1,1,2
0.5800255,0.7157514,0.9984757,1,1,1,1,1,1,2
0.581082,0.7249163,0.9745696,1,1,1,1,1,1,2
1,0.7349312,0.9516425,1,1,1,1,1,1,2
1,0.739584,0.9351147,1,1,1,1,1,1,2
1,0.744561,0.9188069,1,1,1,1,1,1,2
1,0.7498502,0.9027292,1,1,1,1,1,1,2
1,0.7554545,0.8868898,1,1,1,1,1,1,2
1,0.7613684,0.8712944,1,1,1,1,1,1,2
1,0.7675774,0.8760184,1,1,1,1,1,1,2
1,0.7738384,0.8943446,1,1,1,1,1,1,2
0.9355792,0.7799761,0.9124942,1,1,1,1,1,1,2
0.8638879,0.7877948,0.9359528,1,1,1,1,1,1,2
0.7920292,0.7975672,0.9658922,1,1,1,1,1,1,2
0.7218992,0.8093847,1,1,1,1,1,1,1,2
0.6549058,0.8233425,1,1,1,1,1,1,1,2
0.6328549,0.8400033,1,1,1,1,1,1,1,2
0.6385202,0.9629411,1,1,1,1,1,1,1,2
0.6436335,0.9354965,1,1,1,1,1,1,1,2
0.6492573,0.9086631,1,1,1,1,1,1,1,2
0.6554102,0.8825107,1,1,1,1,1,1,1,2
0.662109,0.8570963,1,1,1,1,1,1,1,2
0.6693618,0.8324622,1,1,1,1,1,1,1,2
0.6771742,0.8086377,1,1,1,1,1,1,1,2
0.6855562,0.7856405,1,1,1,1,1,1,1,2
0.6945013,0.7634769,1,1,1,1,1,1,1,2
0.7040075,0.742144,1,1,1,1,1,1,1,2
0.7140698,0.7216306,1,1,1,1,1,1,1,2
0.7246807,0.7295035,1,1,1,1,1,1,1,2
0.7355169,0.7532902,1,1,1,1,1,1,1,2
0.7463635,0.7772979,1,1,1,1,1,1,1,2
0.7571763,0.8014194,1,1,1,1,1,1,1,2
0.767907,0.8255333,1,1,1,1,1,1,1,2
0.9278648,0.8495181,1,1,1,1,1,1,1,2
0.9046489,0.8651974,1,1,1,1,1,1,1,2
0.8813361,0.882015,1,1,1,1,1,1,1,2
0.8580045,0.9000309,1,1,1,1,1,1,1,2
0.8347278,0.9192926,1,1,1,1,1,1,1,2
0.8115772,0.9398611,1,1,1,1,1,1,1,2
0.7886183,0.9617977,1,1,1,1,1,1,1,2
0.7659105,1,1,1,1,1,1,1,1,2
0.7437676,1,1,1,1,1,1,1,1,2
0.7215428,1,1,1,1,1,1,1,1,2
0.6993173,1,1,1,1,1,1,1,1,2
0.6771706,1,1,1,1,1,1,1,1,2
0.6551784,0.9884097,1,1,1,1,1,1,1,2
0.6332702,0.9737375,1,1,1,1,1,1,1,2
0.6398515,0.9590513,1,1,1,1,1,1,1,2
0.6531499,0.9447474,1,1,1,1,1,1,1,2
0.6667764,0.9713249,1,1,1,1,1,1,1,2
0.6802868,1,1,1,1,1,1,1,1,2
0.6936227,1,1,1,0.9960896,1,1,1,1,2
0.7069792,1,1,1,0.9704427,1,1,1,1,2
0.7199979,1,1,1,0.9471521,1,1,1,1,2
0.7326419,1,1,1,0.9348668,1,1,1,1,2
0.7450386,1,1,1,0.928477,1,1,1,1,2
0.7572514,1,1,1,0.9217908,1,1,1,1,2
0.7692444,1,1,1,0.9148022,1,1,1,1,2
0.7809923,1,1,1,0.9075071,1,1,1,1,1
0.7924616,1,1,1,0.8999037,1,1,1,1,1
0.8036205,1,1,1,0.8919914,1,1,1,1,1
0.8144391,1,1,1,0.8837719,1,1,1,1,1
0.8248897,1,1,1,0.8752483,1,1,1,1,1
0.8349558,1,1,1,0.8664256,1,1,1,1,1
0.8446146,1,1,1,0.8573109,1,1,1,1,1
0.8538548,1,1,1,0.8479117,1,1,1,1,1
0.9660535,1,1,1,0.8382374,1,1,1,1,1
0.957198,1,1,1,0.8267201,1,1,1,1,1
0.9482829,1,1,1,0.8152339,1,1,1,1,1
0.9393026,1,1,1,0.803782,1,1,1,1,1
0.9302513,1,1,1,0.792367,1,1,1,1,1
0.9211236,1,1,1,0.7809917,1,1,1,1,1
0.9119135,1,1,1,0.7696581,1,1,1,1,1
0.9026157,1,1,1,0.7583686,1,1,1,1,1
0.8932239,1,1,1,0.7471252,1,1,1,1,1
0.8837339,1,1,1,0.7359301,1,1,1,1,1
0.8741399,1,1,1,0.7247847,1,1,1,1,1
0.8644371,1,1,1,0.7136908,1,1,1,1,1
0.8546212,1,1,1,0.7026499,1,1,1,1,1
0.8446873,1,1,1,0.6916628,1,1,1,1,1
0.8346322,1,1,1,0.6807309,1,1,1,1,1
0.8244518,1,1,1,0.6698549,1,1,1,1,1
0.8141432,1,1,1,0.6590351,1,1,1,1,1
0.8037035,1,1,1,0.6482725,1,1,1,1,1
0.7931316,1,1,1,0.6375674,1,1,1,1,1
0.7832968,1,1,1,0.6269196,1,1,1,1,1
0.7892633,1,1,1,0.6163197,1,1,1,1,1
0.7948887,1,1,1,0.6055989,1,1,1,1,1
0.8001832,1,1,1,0.5947691,1,1,1,1,1
0.8051494,1,1,1,0.5838423,1,1,1,1,1
0.8097998,1,1,1,0.5728297,1,1,1,1,1
0.8141395,1,1,1,0.5655096,1,1,1,1,1
0.8182464,1,1,1,0.5590071,1,1,1,1,1
0.8221456,1,1,1,0.5526714,1,1,1,1,1
0.8258422,1,1,1,0.5464991,0.594968,1,1,1,0
0.8208022,1,1,1,0.5513853,0.5767599,1,1,1,0
0.816121,1,1,1,0.5566341,0.5591348,1,1,1,0
0.811784,1,1,1,0.5622379,0.5420567,1,1,1,0
0.8077828,1,1,1,0.5681763,0.5254909,1,1,1,0
0.8040991,1,1,1,0.5744438,0.5094025,1,1,1,0
0.8007215,1,1,1,1,0.4937586,1,1,1,0
0.8023783,1,1,1,1,0.4808906,1,1,1,0
0.803826,1,1,1,1,0.4680328,1,1,1,0
0.805081,1,1,1,1,0.4551966,1,1,1,0
0.8061595,1,1,1,1,0.4423912,1,1,1,0
0.8070694,1,1,1,1,0.4296262,1,1,1,0
0.8078254,1,1,1,1,0.4169092,1,1,1,0
0.8084424,1,1,1,1,0.4042471,1,1,1,0
0.8089341,1,1,1,1,0.399093,1,1,1,0
0.80941,1,1,1,1,0.3965511,1,1,1,0
0.8099039,1,1,1,0.996233,0.3940195,1,1,1,0
0.8103736,1,1,1,0.9837795,0.3915495,1,1,1,0
0.8107566,1,1,1,0.9713783,0.3892131,0.4191655,1,1,0
0.8030924,1,1,1,1,0.3972672,0.3975417,1,1,0
0.7957486,1,1,1,1,0.4065756,0.3768519,1,1,0
0.7887074,1,1,1,1,0.4173001,0.3570242,1,1,0
0.7819525,1,1,1,1,0.9665343,0.3379948,1,1,0
0.7801017,1,1,1,1,0.9511502,0.3224561,1,1,0
0.778093,1,1,1,1,0.9358547,0.3071069,1,1,0
0.7759586,1,1,1,0.9991432,0.920678,0.2919645,1,1,0
0.773724,1,1,1,0.9865069,0.9056423,0.2839025,1,1,0
0.771443,1,1,1,0.9740127,0.8907949,0.2847878,1,1,0
0.7692161,1,1,1,0.9617139,0.8762283,0.2858805,1,1,0
0.7670557,1,1,1,0.9496058,0.8619384,0.2871652,1,1,0
0.7649659,1,1,1,0.9376823,0.8825184,0.2886368,1,1,0
0.7631339,1,1,1,0.9260138,0.903349,0.290059,1,1,0
0.7615246,1,1,1,0.9145671,0.9239877,0.2914343,0.3105182,1,0
0.756136,1,1,1,0.9017707,0.9381,0.2983863,0.2816021,1,0
0.750947,1,1,1,0.8894151,0.9217049,0.8878501,0.2546146,1,0
0.7461467,1,1,1,0.9463304,0.9060648,0.8655996,0.2295856,1,0
0.7413918,1,1,1,1,0.8908533,0.8440005,0.2059221,1,0
0.7367378,1,1,1,1,0.8761118,0.8231203,0.1978644,1,0
0.7322508,1,1,1,1,0.8618855,0.8030468,0.2006888,1,0
0.7280223,1,1,1,1,0.8482318,0.7839187,0.203885,1,0
0.7240521,1,1,1,1,0.8351172,0.7656903,0.2074308,1,0
0.7203155,1,1,1,1,0.8224985,0.7482985,0.211324,0.2463924,0
0.7164013,1,1,1,1,0.8100883,0.7830889,0.2160558,0.1977048,0
0.7126238,1,1,1,1,0.8502329,0.827692,0.2213605,0.1683351,0
0.7089715,1,1,1,1,1,0.8328795,0.9253262,0.1705738,0
0.7054455,1,1,1,1,1,0.8163584,0.8929825,0.1731458,0
0.702041,1,1,1,1,1,0.8004504,0.862321,0.1760619,0
0.6987532,1,1,1,1,1,0.7851298,0.8332203,0.1793341,0
0.6955779,1,1,1,1,1,0.7703719,0.8055698,0.182976,0
0.6925169,1,1,1,1,1,0.756154,0.7792699,0.1869955,0
0.6895599,1,1,1,1,1,0.7424555,0.7542306,0.1914156,0
0.6867093,1,1,1,1,1,0.7292567,0.7303696,1,2
0.6844634,1,1,1,1,1,0.7199468,0.7205186,1,1
0.6822587,1,1,1,1,1,0.7105775,0.7104396,1,1
0.6800925,1,1,1,1,1,0.701147,0.7001315,1,1
0.6779563,1,1,1,1,1,0.6916543,0.6895952,1,1
0.6758476,1,1,1,1,1,0.6820988,0.6788327,1,1
0.6737584,1,1,1,1,1,0.6724807,0.6678474,1,1
0.6716809,1,1,1,1,1,0.6628005,0.6566443,1,1
0.6696134,1,1,1,1,1,0.6530588,0.6452292,1,1
0.6675547,1,1,1,1,1,0.6432575,0.63361,1,1
0.6654977,1,1,1,1,1,0.6333982,0.6217948,1,1
0.6634358,1,1,1,1,1,0.6234837,0.6097941,1,1
0.6613686,1,1,1,1,1,0.6135167,0.5976182,1,1
0.6592898,1,1,1,1,1,0.6035003,0.5852793,1,1
0.6571997,1,1,1,1,1,0.5934385,0.5727901,1,1
0.6550925,1,1,1,1,1,0.5963668,0.5601643,1,1
0.6529731,1,1,1,1,1,0.607536,0.5591298,1,1
0.6508541,1,1,1,1,1,0.6182905,0.5629113,1,1
0.6487452,1,1,1,1,1,0.6282609,0.5664775,1,1
0.6466454,1,1,1,1,1,0.6374695,0.569841,1,1
1,1,1,1,1,1,0.6459433,0.5730138,1,0
1,1,1,1,1,1,0.6997083,0.5875005,0.8180344,0
1,1,1,1,1,1,0.7839488,0.6075535,0.7687709,0
0.6364523,1,1,1,1,1,0.889105,0.5973978,0.7232243,0
1,1,1,1,1,1,1,0.5835551,0.6978225,0
0.667928,1,1,1,1,1,1,0.5639914,0.6559275,0
0.772662,1,1,1,1,1,1,0.5495449,0.629201,0
0.7496126,1,1,1,1,1,1,0.533501,0.5981997,0
0.7340721,1,1,1,1,1,1,0.5178386,0.5685593,0
0.7201924,1,1,1,1,1,1,0.5024871,0.5400406,0
0.7075442,1,1,1,1,1,1,0.4874582,0.5126345,0
0.6959982,1,1,1,1,1,1,0.4727656,0.4863381,0
0.6854901,1,1,1,1,1,1,0.4584199,0.487253,0
0.6801726,1,1,1,1,1,1,0.4446224,0.4977308,0
0.6789697,1,1,1,1,1,1,0.4313475,0.5084103,0
0.6801559,1,1,1,1,1,1,0.4483307,0.5193325,0
0.6848971,1,1,1,1,1,1,0.4703988,0.5302666,0
0.6921897,1,1,1,1,1,1,0.4929739,0.541212,0
0.7011946,1,1,1,1,1,1,0.5160895,0.529501,0
0.709031,1,1,1,1,1,1,0.5407137,0.5100086,0
0.7152936,1,1,1,1,1,1,0.5672231,0.4909816,0
0.7205182,1,1,1,1,1,1,0.5956454,0.4724707,0
0.7250741,1,1,1,1,1,1,0.6260591,0.4545011,0
0.7292284,1,1,1,1,1,1,0.6585413,0.4370805,0
0.7331654,1,1,1,1,1,1,0.6931637,0.4202038,0
0.7370155,1,1,1,1,1,1,0.7300258,0.4038584,0
0.7408678,1,1,1,1,1,1,1,0.3880268,0
0.7524028,1,1,1,1,1,1,1,0.373738,0
0.7614349,1,1,1,1,1,1,1,0.3767977,0
0.7695705,1,1,1,1,1,1,1,0.3882301,0
0.7775192,1,1,1,1,1,1,1,0.3999389,0
0.7853264,1,1,1,1,1,1,1,0.4119224,0
1,1,1,1,1,1,1,1,0.4241704,0
0.7825187,1,1,1,1,1,1,1,0.4410498,0
1,1,1,1,1,1,1,1,0.4535856,0
1,1,1,1,1,1,1,1,0.471229,0
1,1,1,1,1,1,1,1,0.4893533,0
1,1,1,1,1,1,1,1,0.5079269,0
1,1,1,1,1,1,1,1,0.526915,0
1,1,1,1,1,1,1,1,0.5462795,0
1,1,1,1,1,1,1,1,0.5659795,0
1,1,1,1,1,1,1,1,0.5859711,0
1,1,1,1,1,1,1,1,0.6062191,0
1,1,1,1,1,1,1,1,0.6266638,0
1,1,1,1,1,1,1,1,0.647267,0
1,1,1,1,1,1,1,1,1,1
1,1,1,1,1,1,1,1,1,1
1,1,1,1,1,1,1,1,1,1
1,1,1,1,1,1,1,1,1,1
1,1,1,1,1,1,1,1,1,1
1,1,1,1,1,1,1,1,1,1
1,1,1,1,1,1,1,1,1,1
1,1,1,1,1,1,1,1,1,1
1,1,1,1,1,1,1,1,1,1
1,1,1,1,1,1,1,1,1,1
1,1,1,1,1,1,1,1,1,1
1,1,1,1,1,1,1,1,1,1
1,1,1,1,1,1,1,1,1,1
1,1,1,1,1,1,1,1,1,1
1,1,1,1,1,1,1,1,1,1
1,1,1,1,1,1,1,1,1,1
1,1,1,1,1,1,1,1,1,1
1,1,1,1,1,1,1,1,1,1
1,1,1,1,1,1,1,1,1,1
1,1,1,1,1,1,1,1,1,1
1,1,1,1,1,1,1,1,1,1
1,1,1,1,1,1,1,1,1,1
1,1,1,1,1,1,1,1,1,1
1,1,1,1,1,1,1,1,1,1
1,1,1,1,1,1,1,1,1,1
1,1,1,1,1,1,1,1,1,1
1,1,1,1,1,1,1,1,1,1
1,1,1,1,1,1,1,1,1,1
1,1,1,1,1,1,1,1,1,1
1,1,1,1,1,1,1,1,1,1
1,1,1,1,1,1,1,1,1,1
1,1,1,1,1,1,1,1,1,1
1,1,1,1,1,1,1,1,1,1
1,1,1,1,1,1,1,1,1,1
1,1,1,1,1,1,1,1,1,1
1,1,1,1,1,1,1,1,1,1
1,1,1,1,1,1,1,1,1,1
1,1,1,1,1,1,1,1,1,1
1,1,1,1,1,1,1,1,1,1
1,1,1,1,1,1,1,1,1,1
1,1,1,1,1,1,1,1,1,1
1,1,1,1,1,1,1,1,1,1
1,1,1,1,1,1,1,1,1,1
1,1,1,1,1,1,1,1,1,1
1,1,1,1,1,1,1,1,1,1
1,1,1,1,1,1,1,1,1,1
1,1,1,1,1,1,1,1,1,1
1,1,1,1,1,1,1,1,1,1
1,1,1,1,1,1,1,1,1,1
1,1,1,1,1,1,1,1,1,1
1,1,1,1,1,1,1,1,1,1
1,1,1,1,1,1,1,1,1,1
1,1,1,1,1,1,1,1,1,1
1,1,1,1,1,1,1,1,1,1
1,1,1,1,1,1,1,1,1,1
1,1,1,1,1,1,1,1,1,1
1,1,1,1,1,1,1,1,1,1
1,1,1,1,1,1,1,1,1,1
1,1,1,1,1,1,1,1,1,1
1,1,1,1,1,1,1,1,1,1
1,1,1,1,1,1,1,1,1,1
1,1,1,1,1,1,1,1,1,1
1,1,1,1,1,1,1,1,1,1
1,1,1,1,1,1,1,1,1,1
1,1,1,1,1,1,1,1,1,1
1,1,1,1,1,1,1,1,1,1
1,1,1,1,1,1,1,1,1,1
1,1,1,1,1,1,1,1,1,1
1,1,1,1,1,1,1,1,1,1
1,1,1,1,1,1,1,1,1,1
1,1,1,1,1,1,1,1,1,1
1,1,1,1,1,1,1,1,1,1
1,1,1,1,1,1,1,1,1,1
1,1,1,1,1,1,1,1,1,1
1,1,1,1,1,1,1,1,1,1
1,1,1,1,1,1,1,1,1,1
1,1,1,1,1,1,1,1,1,1
1,1,1,1,1,1,1,1,1,1
1,1,1,1,1,1,1,1,1,1
1,1,1,1,1,1,1,1,1,1
1,1,1,1,1,1,1,1,1,1
1,1,1,1,1,1,1,1,1,1
1,1,1,1,1,1,1,1,1,1
1,1,1,1,1,1,1,1,1,1
1,1,1,1,1,1,1,1,1,1
1,1,1,1,1,1,1,1,1,1
1,1,1,1,1,1,1,1,1,1
1,1,1,1,1,1,1,1,1,1
1,1,1,1,1,1,1,1,1,1
1,1,1,1,1,1,1,1,1,1
1,1,1,1,1,1,1,1,1,1
1,1,1,1,1,1,1,1,1,1
1,1,1,1,1,1,1,1,1,1
1,1,1,1,1,1,1,1,1,1
1,1,1,1,1,1,1,1,1,1
1,1,1,1,1,1,1,1,1,1
1,1,1,1,1,1,1,1,1,1
1,1,1,1,1,1,1,1,1,1
1,1,1,1,1,1,1,1,1,1
1,1,1,1,1,1,1,1,1,1
1,1,1,1,1,1,1,1,1,1
1,1,1,1,1,1,1,1,1,1
1,1,1,1,1,1,1,1,1,1
1,1,1,1,1,1,1,1,1,1
1,1,1,1,1,1,1,1,1,1
1,1,1,1,1,1,1,1,1,1
1,1,1,1,1,1,1,1,1,1
1,1,1,1,1,1,1,1,1,1
1,1,1,1,1,1,1,1,1,1
1,1,1,1,1,1,1,1,1,1
1,1,1,1,1,1,1,1,1,1
1,1,1,1,1,1,1,1,1,1
1,1,1,1,1,1,1,1,1,1
1,1,1,1,1,1,1,1,1,1
1,1,1,1,1,1,1,1,1,1
1,1,1,1,1,1,1,1,1,1
1,1,1,1,1,1,1,1,1,1
1,1,1,1,1,1,1,1,1,1
1,1,1,1,1,1,1,1,1,1
1,1,1,1,1,1,1,1,1,1
1,1,1,1,1,1,1,1,1,1
1,1,1,1,1,1,1,1,1,1
1,1,1,1,1,1,1,1,1,1
1,1,1,1,1,1,1,1,1,1
1,1,1,1,1,1,1,1,1,1
1,1,1,1,1,1,1,1,1,1
1,1,1,1,1,1,1,1,1,1
1,1,1,1,1,1,1,1,1,1
1,1,1,1,1,1,1,1,1,1
1,1,1,1,1,1,1,1,1,1
1,1,1,1,1,1,1,1,1,1
1,1,1,1,1,1,1,1,1,1
1,1,1,1,1,1,1,1,1,1
1,1,1,1,1,1,1,1,1,1
1,1,1,1,1,1,1,1,1,1
1,1,1,1,1,1,1,1,1,1
1,1,1,1,1,1,1,1,1,1
1,1,1,1,1,1,1,1,1,1
1,1,1,1,1,1,1,1,1,1
1,1,1,1,1,1,1,1,1,1
1,1,1,1,1,1,1,1,1,1
1,1,1,1,1,1,1,1,1,1
1,1,1,1,1,1,1,1,1,1
1,1,1,1,1,1,1,1,1,1
1,1,1,1,1,1,1,1,1,1
1,1,1,1,1,1,1,1,1,1
1,1,1,1,1,1,1,1,1,1
1,1,1,1,1,1,1,1,1,1
1,1,1,1,1,1,1,1,1,1
1,1,1,1,1,1,1,1,1,1
1,1,1,1,1,1,1,1,1,1
1,1,1,1,1,1,1,1,1,1
1,1,1,1,1,1,1,1,1,1
1,1,1,1,1,1,1,1,1,1
1,1,1,1,1,1,1,1,1,1
1,1,1,1,1,1,1,1,1,1
1,1,1,1,1,1,1,1,1,1
1,1,1,1,1,1,1,1,1,1
1,1,1,1,1,1,1,1,1,1
1,1,1,1,1,1,1,1,1,1
1,1,1,1,1,1,1,1,1,1
1,1,1,1,1,1,1,1,1,1
1,1,1,1,1,1,1,1,1,1
1,1,1,1,1,1,1,1,1,1
1,1,1,1,1,1,1,1,1,1
1,1,1,1,1,1,1,1,1,1
1,1,1,1,1,1,1,1,1,1
1,1,1,1,1,1,1,1,1,1
1,1,1,1,1,1,1,1,1,1
1,1,1,1,1,1,1,1,1,1
1,1,1,1,1,1,1,1,1,1
1,1,1,1,1,1,1,1,1,1
1,1,1,1,1,1,1,1,1,1
1,1,1,1,1,1,1,1,1,1
1,1,1,1,1,1,1,1,1,1
1,1,1,1,1,1,1,1,1,1
1,1,1,1,1,1,1,1,1,1
1,1,1,1,1,1,1,1,1,1
1,1,1,1,1,1,1,1,1,1
1,1,1,1,1,1,1,1,1,1
1,1,1,1,1,1,1,1,1,1
1,1,1,1,1,1,1,1,1,1
1,1,1,1,1,1,1,1,1,1
1,1,1,1,1,1,1,1,1,1
1,1,1,1,1,1,1,1,1,1
1,1,1,1,1,1,1,1,1,1
1,1,1,1,1,1,1,1,1,1
1,1,1,1,1,1,1,1,1,1
1,1,1,1,1,1,1,1,1,1
1,1,1,1,1,1,1,1,1,1
1,1,1,1,1,1,1,1,1,1
1,1,1,1,1,1,1,1,1,1
1,1,1,1,1,1,1,1,1,1
1,1,1,1,1,1,1,1,1,1
1,1,1,1,1,1,1,1,1,1
1,1,0.9946681,1,1,1,1,1,1,1
1,1,0.9835912,1,1,1,1,1,1,1
1,1,0.9724265,1,1,1,1,1,1,1
1,1,0.9611766,1,1,1,1,1,1,1
1,1,0.9498445,1,1,1,1,1,1,1
1,1,0.9384336,1,1,1,1,1,1,1
1,1,0.9269474,1,1,1,1,1,1,1
1,1,0.9153898,1,1,1,1,1,1,1
1,1,0.9037649,1,1,1,1,1,1,1
1,1,0.892077,1,1,1,0.9954611,1,1,1
1,1,0.8949888,1,1,1,0.9852303,1,1,1
1,1,0.8983401,1,1,1,0.9748713,1,1,1
1,1,0.9012407,1,1,1,0.9643822,1,1,1
1,1,0.9036781,1,1,1,0.9537677,1,1,1
1,1,0.9056719,1,1,1,0.9430335,1,1,1
1,1,0.9072134,1,1,1,0.9321859,1,1,1
1,1,0.9082964,1,1,1,0.9212307,1,1,1
1,1,0.908932,1,1,1,0.9101742,1,1,1
1,1,0.9091333,1,1,1,0.8990231,1,1,1
1,1,0.908915,1,1,1,0.8877836,1,1,1
1,1,0.9082776,1,1,1,0.8764623,1,1,1
1,1,1,1,1,1,0.8650663,1,1,1
1,1,1,1,1,1,0.8529477,1,1,1
1,1,1,1,1,1,0.8407796,1,1,1
1,1,1,1,1,1,0.8285677,1,1,1
1,1,1,1,1,1,0.8163183,1,1,1
1,1,1,1,1,1,0.8040379,1,1,1
1,1,1,1,1,1,0.7917321,1,1,1
1,1,1,1,1,1,0.7794074,1,1,1
1,1,1,1,1,1,0.7670704,1,1,1
1,1,1,1,1,1,0.754727,1,1,0
1,1,1,1,1,1,0.7423834,1,1,0
1,1,1,1,1,1,0.7300452,1,1,0
1,1,1,1,1,1,0.7177184,1,1,0
1,1,1,1,1,1,0.7054087,1,1,0
1,1,1,1,1,1,0.6931214,1,1,0
1,1,1,1,1,1,0.6808616,1,1,0
1,1,1,1,1,1,0.6686341,1,1,0
1,1,1,1,1,1,0.6564437,1,1,0
1,1,1,1,1,1,0.6442946,1,1,0
1,1,1,1,1,1,0.6321908,1,1,0
1,1,1,1,1,1,0.6201359,1,1,0
1,1,1,1,1,1,0.6081336,0.8142794,1,0
1,1,1,1,1,1,0.6040941,0.7908747,1,0
1,1,1,1,1,1,0.627472,0.7677264,1,0
1,1,1,1,1,1,0.653123,0.7451667,1,0
1,1,1,1,1,1,0.6812536,0.7232089,1,0
1,1,0.6673028,1,1,1,0.7120515,0.7018583,1,0
1,1,0.6601725,1,1,1,0.7271279,0.6857047,1,0
1,1,1,1,1,1,0.7427155,0.6697253,1,0
1,1,0.6383229,1,1,1,0.7800495,0.6493801,1,1
1,1,0.6319609,1,1,1,0.7961518,0.6342231,1,1
1,1,1,1,1,1,0.8126919,0.6192021,1,0
1,1,0.611423,1,1,1,0.85756,0.599837,1,1
1,1,0.6057991,1,1,1,1,0.585568,1,1
1,1,1,1,1,1,1,0.5720243,1,0
1,1,0.5885988,1,1,1,1,0.5540523,1,1
1,1,1,1,1,1,1,0.5407099,1,0
1,1,1,1,1,1,1,0.5230631,1,0
1,1,0.5583286,1,1,1,1,0.5057508,1,1
1,1,1,1,1,1,1,0.4929355,1,0
1,1,0.5409737,1,1,1,1,0.4760138,1,1
1,1,1,1,1,1,1,0.4634662,1,0
1,1,0.5236739,1,1,1,1,0.4469678,0.9666026,1
1,1,1,1,1,1,1,0.4343203,0.9429834,0
1,1,0.5044705,1,1,1,1,0.4320989,0.682137,0
1,1,0.493437,1,1,1,1,0.4443831,0.6499645,0
1,1,0.4825506,1,1,1,1,0.4574209,0.6191055,0
1,1,0.4718559,1,1,1,1,0.4711939,0.589564,0
1,1,0.4613687,1,1,1,1,0.4857025,0.5613201,0
1,1,0.4511143,1,1,1,1,0.5009202,0.5343376,0
1,1,0.4411091,1,1,1,1,0.5168172,0.508567,0
1,1,0.431354,1,1,1,1,0.5333709,0.483949,0
1,1,0.4218447,1,1,1,1,0.550556,0.4604192,0
1,1,0.4125813,1,1,1,1,0.5683309,0.437909,0
1,1,0.4035601,1,1,1,1,0.5866512,0.4163489,0
1,1,0.3947669,1,1,1,1,0.6054817,0.3956701,0
1,1,0.3861938,1,1,1,1,0.6247717,0.3758054,0
1,1,0.3778237,1,1,1,1,0.644482,0.3697189,0
1,1,0.3697949,1,1,1,1,1,0.3772258,1
1,0.4095311,0.3642711,1,1,1,1,1,0.3825369,2
1,0.3515247,1,1,1,1,1,1,0.3811298,2
1,0.3154019,1,1,1,1,1,1,0.3843231,2
1,0.2791771,1,1,1,1,1,1,0.3870133,2
1,0.2730479,1,1,1,1,1,1,0.3892034,2
1,0.2700464,1,1,1,1,1,1,0.3912699,2
1,0.2671286,1,1,1,1,1,1,0.3932458,2
1,0.2642942,1,1,1,1,1,1,0.3951346,2
1,0.2615358,1,1,1,1,1,1,0.3969474,2
1,0.2588596,1,1,1,1,1,1,0.39868,2
1,0.2562585,1,1,1,1,1,1,0.4003426,2
1,0.2537386,1,1,1,1,1,1,0.4019308,2
1,0.2512928,1,1,1,1,1,1,0.4034542,2
1,0.2489273,1,1,1,1,1,1,0.4049081,2
0.2266211,0.2466352,1,1,1,1,1,1,0.4063018,2
0.2238565,0.2459971,1,1,1,1,1,1,0.4043031,2
0.2213926,1,1,1,1,1,1,1,0.4022975,2
0.2190658,1,1,1,1,1,1,1,0.4026013,2
0.2168731,1,1,1,1,1,1,1,0.4028297,2
0.2148073,1,1,1,1,1,1,1,0.4029928,2
0.2128676,1,1,1,1,1,1,1,0.403093,2
0.2110531,1,1,1,1,1,1,1,0.4031331,2
0.2093629,1,1,1,1,1,1,1,0.4031147,2
0.2077962,1,1,1,1,1,1,1,0.40304,2
1,1,1,1,1,1,1,1,0.402917,0
1,1,1,1,1,1,1,1,0.4089219,0
1,1,1,1,1,1,1,1,0.4154624,0
1,1,1,1,1,1,1,1,0.4225555,0
1,1,1,1,1,1,1,1,0.430234,0
1,1,1,1,1,1,1,1,0.4384889,0
1,1,1,1,1,1,1,1,0.4472202,0
1,1,1,1,1,1,1,1,0.4564199,0
1,1,1,1,1,1,1,1,0.4660715,0
1,1,1,1,1,1,1,1,1,1
1,1,1,1,1,1,1,1,1,1
1,1,1,1,1,1,1,1,1,1
1,1,1,1,1,1,1,1,1,1
1,1,1,1,1,1,1,0.9364948,1,1
1,1,1,1,1,1,1,0.9249128,1,1
1,1,1,1,1,1,1,0.9132302,1,1
1,1,1,1,1,1,1,0.9014539,1,1
1,1,1,1,1,1,1,0.8895914,1,1
1,1,1,1,1,1,1,0.8776506,1,1
1,1,1,1,1,1,1,0.8656392,1,1
1,1,1,1,1,1,1,0.8535659,1,1
1,1,1,1,1,1,1,0.8414387,1,1
1,1,1,1,1,1,1,0.8292669,1,1
1,1,1,1,1,1,1,0.8170595,1,1
1,1,1,1,1,1,1,0.8053664,1,1
1,1,1,1,1,1,1,0.8189831,1,1
1,1,1,1,1,1,1,0.8324099,1,1
1,1,1,1,1,1,1,0.8456331,1,1
1,1,1,1,1,1,1,0.8586408,1,1
1,1,1,1,1,1,1,0.8714072,1,1
1,1,1,1,1,1,1,1,1,1
1,1,1,1,1,1,1,1,1,1
1,1,1,1,1,1,1,1,1,1
1,1,1,1,1,1,1,1,1,1
1,1,1,1,1,1,1,1,1,1
1,1,1,1,1,1,1,1,1,1
1,1,1,1,1,1,1,1,1,1
1,1,1,1,1,1,1,1,1,1
1,1,1,1,1,1,1,1,1,1
1,1,1,1,1,1,1,1,1,1
1,1,1,1,1,1,1,1,1,1
1,1,1,1,1,1,1,1,1,1
1,1,1,1,1,1,1,1,1,1
1,1,1,1,1,1,1,1,1,1
1,1,1,1,1,1,1,1,1,1
1,1,1,1,1,1,1,1,1,1
1,1,1,1,1,1,1,1,1,1
1,1,1,1,1,1,1,1,0.992149,1
1,1,1,1,1,1,1,1,0.9766723,1
1,1,1,1,1,1,1,1,0.96057,1
1,1,1,1,1,1,1,1,0.7634575,0
1,1,1,1,1,1,1,1,0.7409272,0
1,1,1,1,1,1,1,1,0.7183169,0
1,1,1,1,1,1,1,1,0.6957119,0
1,1,1,1,1,1,1,1,0.6731952,0
1,1,1,1,1,1,1,1,0.6619318,0
1,1,1,1,1,1,1,1,0.6738883,0
1,1,1,1,1,1,1,1,0.685982,0
1,1,1,1,1,1,1,1,0.6981978,0
1,1,1,1,1,1,1,1,0.7105039,0
1,1,1,1,1,1,1,1,0.7228853,0
1,1,1,1,1,1,1,1,0.9073831,1
1,1,1,1,1,1,1,1,0.916495,1
1,1,1,1,1,1,1,1,0.9254447,1
1,1,1,1,1,1,1,1,0.9342195,1
1,1,1,1,1,1,1,1,0.9428164,1
1,1,1,1,1,1,1,1,0.951224,1
1,1,1,1,1,1,1,1,0.9594487,1
1,1,1,1,1,1,1,1,0.9674721,1
1,1,1,1,1,1,1,1,0.9753019,1
1,1,1,1,1,1,1,1,0.9829286,1
1,1,1,1,1,1,1,1,0.9903442,1
1,1,1,1,1,1,1,1,0.9975582,1
1,1,1,1,1,1,1,1,1,1
1,1,1,1,1,1,1,1,0.9907014,1
1,1,1,1,1,1,1,1,0.9780411,1
1,1,1,1,1,1,1,1,0.9650232,1
1,1,1,1,1,1,1,1,0.9516573,1
1,1,1,1,1,1,1,1,0.9379555,1
1,1,1,1,1,1,1,1,0.923932,1
1,1,1,1,1,1,1,1,0.9216231,1
1,1,1,1,1,1,1,1,0.9308936,1
1,1,1,1,1,1,1,1,0.9399734,1
1,1,1,1,1,1,1,1,0.9488503,1
1,1,1,1,1,1,1,1,0.9575225,1
1,1,1,1,1,1,1,1,0.9659877,1
1,1,1,1,1,1,1,1,0.9742447,1
1,1,1,1,1,1,1,1,0.9822842,1
1,1,1,1,1,1,1,1,0.9900972,1
1,1,1,1,1,1,1,1,0.9976937,1
1,1,1,1,1,1,1,1,1,1
1,1,0.9963293,1,1,1,1,1,1,1
1,1,0.9902369,1,1,1,1,1,1,1
1,1,0.9842926,1,1,1,1,1,1,1
1,1,0.9784831,1,1,1,1,1,1,1
1,1,0.9728181,1,1,1,1,1,1,1
1,1,0.9672852,1,1,1,1,1,1,1
1,1,0.9618793,1,1,1,1,1,1,1
1,1,0.9566035,1,1,1,1,1,1,1
1,1,0.9514539,1,1,1,1,1,1,1
1,1,0.9464332,1,1,1,1,1,1,1
1,1,0.941531,1,1,1,1,1,1,1
1,1,0.9367503,1,1,1,1,1,1,1
1,1,0.9320882,1,1,1,1,1,1,1
1,1,0.9275488,1,1,1,1,1,1,1
1,1,0.9231212,1,1,1,1,1,1,1
1,1,0.91881,1,1,1,1,1,1,1
1,1,0.9146126,1,1,1,1,1,1,1
1,1,0.910526,1,1,1,1,1,1,1
1,1,0.9065475,1,1,1,1,1,1,1
1,1,0.9026823,1,1,1,1,1,1,1
1,1,0.8989279,1,1,1,1,1,1,1
1,1,0.8952819,1,1,1,1,1,1,1
1,1,0.8917421,1,1,1,1,1,1,1
1,1,0.8883063,1,1,1,1,1,1,1
1,1,0.8849723,1,1,1,1,1,1,1
1,1,0.8817458,1,1,1,1,1,1,1
1,1,0.8786247,1,1,1,1,1,1,1
1,1,0.8755995,1,1,1,1,1,1,1
1,1,0.8726759,1,1,1,1,1,1,2
1,1,0.8698601,1,1,1,1,1,1,2
1,1,0.8671419,1,1,1,1,1,1,2
1,1,0.8645202,1,1,1,1,1,1,2
1,0.9730274,0.8620008,1,1,1,1,1,1,2
1,0.9158787,0.860365,1,1,1,1,1,1,2
1,0.8534536,0.8605222,1,1,1,1,1,1,2
1,0.7874107,1,1,1,1,1,1,1,2
1,0.7307276,1,1,1,1,1,1,1,2
1,0.676023,1,1,1,1,1,1,1,2
1,0.6746882,1,1,1,1,1,1,1,2
1,0.6735857,1,1,1,1,1,1,1,2
1,0.6727084,1,1,1,1,1,1,1,2
1,0.6720618,1,1,1,1,1,1,1,2
1,0.6716448,1,1,1,1,1,1,1,2
1,0.6714562,1,1,1,1,1,1,1,2
1,0.6714945,1,1,1,1,1,1,1,2
1,0.6717582,1,1,1,1,1,1,1,2
1,0.6722456,1,1,1,1,1,1,1,2
1,0.6729551,1,1,1,1,1,1,1,2
1,0.6738778,1,1,1,1,1,1,1,2
1,0.6750186,1,1,1,1,1,1,1,2
1,0.6763753,1,1,1,1,1,1,1,2
1,0.6779387,1,1,1,1,1,1,1,2
1,0.6797066,1,1,1,1,1,1,1,2
0.7096576,0.6816763,1,1,1,1,1,1,1,2
0.6006352,0.6874661,1,1,1,1,1,1,1,2
0.6001021,0.6939406,1,1,1,1,1,1,1,2
0.6000397,1,1,1,1,1,1,1,1,2
0.600049,1,1,1,1,1,1,1,1,2
0.6003881,1,1,1,1,1,1,1,1,2
0.6010565,1,1,1,1,1,1,1,1,2
0.6020533,1,1,1,1,1,1,1,1,2
0.6033711,1,1,1,1,1,1,1,1,2
0.6050148,1,1,1,1,1,1,1,1,2
0.6069766,1,1,1,1,1,1,1,1,2
0.6092609,1,1,1,1,1,1,1,1,2
0.6118593,1,1,1,1,1,1,1,1,2
0.6147633,1,1,1,1,1,1,1,1,2
0.6179765,1,1,1,1,1,1,0.9971038,1,2
0.6214706,1,1,1,1,1,1,0.9848828,1,2
0.6251599,1,1,1,1,1,1,0.9734347,1,2
0.629032,1,1,1,1,1,1,0.9626806,1,2
1,1,1,1,1,1,1,0.9525574,1,1
1,1,1,1,1,1,1,0.9525375,1,1
1,1,1,1,1,1,1,0.9525345,1,1
1,1,1,1,1,1,1,0.9525551,1,1
1,1,1,1,1,1,1,0.9525989,1,1
1,1,1,1,1,1,1,0.9526581,1,1
1,1,1,1,1,1,1,0.9527396,1,1
1,1,1,1,1,1,1,0.9528357,1,1
1,1,1,1,1,1,1,0.9529535,1,1
1,1,1,1,1,1,1,0.9530926,1,1
1,1,1,1,1,1,1,0.9532449,1,1
1,1,1,1,1,1,1,0.9534179,1,1
1,1,1,1,1,1,1,0.953611,1,1
1,1,1,1,1,1,1,1,1,1
1,1,1,1,1,1,1,1,1,1
1,1,1,1,1,1,1,1,1,1
1,1,1,1,1,1,1,1,1,1
1,1,1,1,1,1,1,1,1,1
1,1,1,1,1,1,1,1,1,1
1,1,1,1,1,1,1,1,1,1
1,1,1,1,1,1,1,1,1,1
1,1,1,1,1,1,1,1,1,1
1,1,1,1,1,1,1,0.9870622,0.9912659,1
1,1,1,1,1,1,1,0.9689862,0.9346819,1
1,1,1,1,1,1,1,0.947118,0.8654636,0
1,1,1,1,1,1,1,0.9458221,0.7848571,0
1,1,1,1,1,1,1,0.9528006,0.7813036,0
1,1,1,1,1,1,1,0.9600428,0.782735,0
1,1,1,1,1,1,1,0.9673895,0.7843049,0
1,1,1,1,1,1,1,0.9748175,0.7859991,0
1,1,1,1,1,1,1,0.9823111,0.7878097,0
1,1,1,1,1,1,1,0.9898475,0.7897229,0
1,1,1,1,1,1,1,0.9974038,0.791725,0
1,1,1,1,1,1,1,1,0.7938094,0
1,1,1,1,1,1,1,1,0.7960065,0
1,1,1,1,1,1,1,1,0.7983258,0
1,1,1,1,1,1,1,1,0.8007654,0
1,1,1,1,1,1,1,1,0.8033226,0
1,1,1,1,1,1,1,1,0.805995,0
1,1,1,1,1,1,1,1,0.8087802,0
1,1,1,1,1,1,1,1,0.8116689,0
1,1,1,1,1,1,1,1,0.8146585,0
1,1,1,1,1,1,1,1,1,1
1,1,1,1,1,1,1,1,1,1
1,1,1,1,1,1,1,1,1,1
1,1,1,1,1,1,1,1,1,1
1,1,1,1,1,1,1,1,0.9897408,1
1,1,1,1,1,1,1,1,0.9596255,1
1,1,1,1,1,1,1,1,0.9265798,1
1,1,1,1,1,1,1,1,0.8906959,0
1,1,1,1,1,1,1,1,0.8521799,0
1,1,1,1,1,1,1,1,0.8261014,0
1,1,1,1,1,1,1,1,0.8294528,0
1,1,1,1,1,1,1,1,0.8328835,0
1,1,1,1,1,1,1,1,0.836384,0
1,1,1,1,1,1,1,1,0.8399516,0
1,1,1,1,1,1,1,1,0.8435901,0
1,1,1,1,1,1,1,1,0.8472831,0
1,1,1,1,1,1,1,1,0.8510345,0
1,1,1,1,1,1,1,1,0.8548347,0
1,1,1,1,1,1,1,1,0.858681,0
1,1,1,1,1,1,1,1,0.8625705,0
1,1,1,1,1,1,1,1,0.8664936,0
1,1,1,1,1,1,1,1,0.8704546,0
1,1,1,1,1,1,1,1,0.874437,0
1,1,1,1,1,1,1,1,0.8784453,0
1,1,1,1,1,1,1,1,0.8824766,0
1,1,1,1,1,1,1,1,0.8865218,0
1,1,1,1,1,1,1,1,0.8905786,1
1,1,1,1,1,1,1,1,0.8946374,1
1,1,1,1,1,1,1,1,0.8986963,1
1,1,1,1,1,1,1,1,0.9027601,1
1,1,1,1,1,1,1,1,0.9068128,1
1,1,1,1,1,1,1,1,0.9108592,1
1,1,1,1,1,1,1,1,0.9148909,1
1,1,1,1,1,1,1,1,0.9189057,1
1,1,1,1,1,1,1,1,0.9229024,1
1,1,1,1,1,1,1,1,0.9268792,1
1,1,1,1,1,1,1,1,0.9308276,1
1,1,1,1,1,1,1,1,0.9347464,1
1,1,1,1,1,1,1,1,0.9386345,1
1,1,1,1,1,1,1,1,1,1
1,1,1,1,1,1,1,1,1,1
1,1,1,1,1,1,1,1,1,1
1,1,1,1,1,1,1,1,1,1
1,1,1,1,1,1,1,1,1,1
1,1,1,1,1,1,1,1,1,1
1,1,1,1,1,1,1,1,1,1
1,1,1,1,1,1,1,1,1,1
1,1,1,1,1,1,1,1,1,1
1,1,1,1,1,1,1,1,1,1
1,1,1,1,1,1,1,1,1,1
1,1,1,0.9999949,1,1,1,1,1,1
1,1,1,0.9893853,1,1,1,1,1,1
1,1,1,0.9786989,1,1,1,1,1,1
1,1,1,0.9679369,1,1,1,1,1,1
1,1,1,0.9571015,1,1,1,1,1,1
1,1,1,0.9461949,1,1,1,1,1,1
1,1,1,0.9352194,1,1,1,1,1,1
1,1,1,0.9241775,1,1,1,1,1,1
1,1,1,0.9130722,1,1,1,1,1,1
1,1,1,0.9019067,1,1,1,1,1,1
1,1,1,0.8906839,1,1,1,1,1,1
1,1,1,0.8794073,1,1,1,1,1,1
1,1,1,0.8680807,1,1,1,1,1,1
1,1,1,0.8567078,1,1,1,1,1,1
1,1,1,0.8452921,1,1,1,1,1,1
1,1,1,0.8338376,1,1,1,1,1,1
1,1,1,0.8223484,1,1,1,1,1,1
1,1,1,0.8108287,1,1,1,1,1,1
1,1,1,0.7992821,1,1,1,1,1,1
1,1,1,0.7976455,1,1,1,1,1,1
1,1,1,0.7984849,1,1,1,1,1,1
1,1,1,0.799352,1,1,1,1,1,1
1,1,1,0.8002471,1,1,1,1,1,1
1,1,1,0.8011537,1,1,1,1,1,1
1,1,1,0.8020887,1,1,1,1,1,1
1,1,0.8291506,0.8030527,1,1,1,1,1,2
1,1,0.8128442,0.8131974,1,1,1,1,1,2
1,1,0.7966436,0.824317,1,1,1,1,1,2
1,1,0.7805641,0.8364569,1,1,1,1,1,2
1,1,0.7646198,0.8496478,1,1,1,1,1,2
1,1,0.7488223,0.8639413,1,1,1,1,1,2
1,1,0.7331816,1,1,1,1,1,1,2
1,1,0.7184463,1,1,1,1,1,1,2
1,1,0.7037191,1,1,1,1,1,1,2
1,1,0.6890144,1,1,1,1,1,1,2
1,1,0.6743455,1,1,1,1,1,1,2
1,1,0.6597255,1,1,1,1,1,1,2
1,1,0.6451669,1,1,1,1,1,1,2
1,1,0.6306808,1,1,1,1,1,1,2
1,1,0.6162781,1,1,1,1,1,1,2
1,1,0.6019682,1,1,1,1,1,1,2
1,1,0.5877603,1,1,1,1,1,1,2
1,1,0.5736623,1,1,1,1,1,1,2
1,1,0.5599027,1,1,1,1,1,1,2
1,1,0.5681614,1,1,1,1,1,1,2
1,1,0.5765902,1,1,1,1,1,1,2
1,1,0.5851725,1,1,1,1,1,1,2
1,1,0.5939052,1,1,1,1,1,1,2
1,1,0.6027848,1,1,1,1,1,1,2
1,1,0.611779,1,1,1,1,1,1,2
1,1,0.6208978,1,1,1,1,1,1,2
1,1,0.630122,1,1,1,1,1,1,2
1,1,0.6394319,1,1,1,1,1,1,2
1,0.5987334,0.648837,1,1,1,1,1,1,2
1,0.5714042,1,1,1,1,1,1,1,2
1,0.5484983,1,1,1,1,1,1,1,2
1,0.5260485,1,1,1,1,1,1,1,2
1,0.504098,1,1,1,1,1,1,1,2
1,0.4826813,1,1,1,1,1,1,1,2
1,0.461825,1,1,1,1,1,1,1,2
1,0.4415477,1,1,1,1,1,1,1,2
1,0.4218608,1,1,1,1,1,1,1,2
1,0.4138965,1,1,1,1,1,1,1,2
1,0.4244342,1,1,1,1,1,1,1,2
1,0.4354247,1,1,1,1,1,1,1,2
1,0.4468576,1,1,1,1,1,1,1,2
1,0.4587209,1,1,1,1,1,1,1,2
0.5383608,0.471001,1,1,1,1,1,1,1,2
0.4985906,0.4889992,1,1,1,1,1,1,1,2
0.4619824,0.5086628,1,1,1,1,1,1,1,2
0.4281801,1,1,1,1,1,1,1,1,2
0.397242,1,1,1,1,1,1,1,1,2
0.3681356,1,1,1,1,1,1,1,1,2
0.3678146,1,1,1,1,1,1,1,1,2
0.3780529,1,1,1,1,1,1,1,1,2
0.3890124,1,1,1,1,1,1,1,1,2
0.4005256,1,1,1,1,1,1,1,1,2
0.4125776,1,1,1,1,1,1,1,1,2
0.4251595,1,1,1,1,1,1,1,1,2
0.4382524,1,1,1,1,1,1,1,1,2
0.4518515,1,1,1,1,1,1,1,1,2
0.4659329,1,1,1,1,1,1,1,1,2
1,1,1,1,1,1,1,1,1,1
1,1,1,1,1,1,1,1,1,1
1,1,1,1,1,1,1,1,1,1
1,1,1,1,1,1,1,1,1,1
1,1,1,1,1,1,1,1,1,1
1,1,1,1,1,1,1,1,1,1
1,1,1,1,1,1,1,1,1,1
1,1,1,1,1,1,1,1,1,1
1,1,1,1,1,1,1,1,1,1
1,1,1,1,1,1,1,1,1,1
1,1,1,1,1,1,1,1,1,1
1,1,1,1,1,1,1,1,1,1
1,1,1,1,1,1,1,1,1,1
1,1,1,1,1,1,1,1,1,1
1,1,1,1,1,1,1,1,1,1
1,1,1,1,1,1,1,1,1,1
1,1,1,1,1,1,1,1,1,1
1,1,1,1,1,1,1,1,1,1
1,1,1,1,1,1,1,1,1,1
1,1,1,1,1,1,1,1,1,1
1,1,1,1,1,1,1,1,1,1
1,1,1,1,1,1,1,1,1,1
1,1,1,1,1,1,1,1,1,1
1,1,1,1,1,1,1,1,1,1
1,1,1,1,1,1,1,1,1,1
1,1,1,1,1,1,1,1,1,1
1,1,1,1,1,1,1,1,1,1
1,1,1,1,1,1,1,1,1,1
1,1,1,1,1,1,1,1,1,1
1,1,1,1,1,1,1,1,1,1
1,1,1,1,1,1,1,1,1,1
1,1,1,1,1,1,1,1,1,1
1,1,1,1,1,1,1,1,1,1
1,1,1,1,1,1,1,1,1,1
1,1,1,1,1,1,1,1,1,1
1,1,1,1,1,1,1,1,1,1
1,1,1,1,1,1,1,1,1,1
1,1,1,1,1,1,1,1,1,1
1,1,1,1,1,1,1,1,1,1
1,1,1,1,1,1,1,1,1,1
1,1,1,1,1,1,1,1,1,1
1,1,1,1,1,1,1,1,1,1
1,1,1,1,1,1,1,1,1,1
1,1,1,1,1,1,1,1,1,1
1,1,1,1,1,1,1,1,1,1
1,1,1,1,1,1,1,1,1,1
1,1,1,1,1,1,1,1,1,1
1,1,1,1,1,1,1,1,1,1
1,1,1,1,1,1,1,1,1,1
1,1,1,1,1,1,1,1,1,1
1,1,1,1,1,1,1,1,1,1
1,1,1,1,1,1,1,1,1,1
1,1,1,1,1,1,1,1,1,1
1,1,1,0.9951655,1,1,1,1,1,1
1,1,1,0.9850052,1,1,1,1,1,1
1,1,1,0.9748324,1,1,1,1,1,1
1,1,1,0.9646476,1,1,1,1,1,1
1,1,1,0.954451,1,1,1,1,1,1
1,1,1,0.9442431,1,1,1,1,1,1
1,1,1,0.9340246,1,1,1,1,1,1
1,1,1,0.923796,1,1,1,1,1,1
1,1,1,0.9135577,1,1,1,1,1,1
1,1,1,0.9033105,1,1,1,1,1,1
1,1,1,0.8930548,1,1,1,1,1,1
1,1,1,0.8827915,1,1,1,1,1,1
1,1,1,0.8725208,1,1,1,1,1,1
1,1,1,0.8622438,1,1,1,1,1,1
1,1,1,0.8519608,1,1,1,1,0.9651374,1
1,1,1,0.8418733,1,1,1,1,0.9240979,1
1,1,1,0.8320103,1,1,1,1,0.9052489,1
1,1,1,0.8222409,1,1,1,1,0.9058641,1
1,1,1,0.8124517,1,1,1,1,0.9064835,1
1,1,1,0.8026419,1,1,1,1,0.9071059,1
1,1,1,0.7928111,1,1,1,1,0.9077239,1
1,1,1,0.7829592,1,1,1,1,0.9083428,1
1,1,1,0.7730862,1,1,1,1,0.9089555,1
1,1,1,0.7631915,1,1,1,1,0.9095671,1
1,1,1,0.7532755,1,1,1,1,0.9101644,1
1,1,1,0.7433379,1,1,1,1,0.910753,1
1,1,1,0.7333791,0.8481412,1,1,1,0.9113323,1
1,1,1,0.7233849,0.7736973,1,1,1,0.9118683,1
1,1,1,0.7133613,0.7159445,1,1,1,0.9123713,1
1,1,1,0.7033106,0.690196,1,1,1,0.9128429,1
1,1,1,0.6932367,0.6802078,1,1,1,0.9132833,1
1,1,1,0.6831425,0.6702182,1,1,1,0.9136962,1
1,1,1,0.6730288,0.6602269,1,1,1,0.9140822,1
1,1,1,0.6628965,0.6502336,1,1,1,0.9144419,1
1,1,1,0.6527468,0.6402386,1,1,1,0.9147696,1
1,1,1,0.6425811,0.6302421,1,1,1,0.9150727,1
1,1,1,0.6324003,0.6202439,1,1,1,0.9153458,1
1,1,1,0.6222056,0.6102442,1,1,1,0.9155898,1
1,1,1,0.6119981,0.600243,1,1,1,0.915806,1
1,1,1,0.6017786,0.5902401,1,1,1,0.9159957,1
1,1,1,0.5915488,0.5802361,1,1,1,0.9161536,1
1,1,1,0.5813097,0.5702311,1,1,1,0.9162813,1
1,1,1,0.5710627,0.5602254,1,1,1,0.9163862,1
1,1,1,0.5608088,0.550219,1,1,1,0.9164636,1
1,1,1,0.5505486,0.5402118,1,1,1,0.9165148,1
1,1,1,0.5402836,0.5302044,1,1,1,0.9165412,1
1,1,1,0.5300145,0.5201963,1,1,1,0.9165379,1
1,1,1,0.5197425,0.5125934,1,1,1,0.916513,1
1,1,1,0.5094687,0.5279857,1,1,1,0.9164678,1
1,1,1,0.4991952,0.546817,1,1,1,0.916402,1
1,1,1,0.4889231,0.569261,1,1,1,0.9163231,1
1,1,1,0.4786522,0.5964149,1,1,1,0.9162256,1
1,1,1,0.4683836,0.6292486,1,1,1,0.9161107,1
1,1,1,0.4581178,1,1,1,1,0.9159856,1
1,1,0.4883483,0.4478694,1,1,1,1,0.9158902,2
1,1,0.4749516,0.4368769,1,1,1,1,0.9133459,2
1,1,0.4617784,0.4259857,1,1,1,1,0.9108553,2
1,1,0.4488183,0.4151897,1,1,1,1,0.9084265,2
1,1,0.4360608,0.4044826,1,1,1,1,0.9060482,2
1,1,0.4234959,0.393859,1,1,1,1,0.9037212,2
1,1,0.4111134,0.383313,1,1,1,1,0.9014392,2
1,1,0.3989029,0.3728386,1,1,1,1,0.8992025,2
1,1,0.3868545,0.3624304,1,1,1,1,0.8970045,2
1,1,0.3749583,0.3520831,0.9948889,1,1,1,0.894845,2
1,1,0.3632076,0.3417924,0.9854724,1,1,1,0.8927197,2
1,1,0.3515947,0.3315535,1,1,1,1,0.8906307,2
1,1,0.3401004,0.3213595,1,1,1,1,0.8885585,2
1,1,0.3287234,0.311208,1,1,1,1,0.8865112,2
1,1,0.3174557,0.3010948,1,1,1,1,0.8844829,2
1,1,0.30629,0.2910166,1,1,1,1,0.8824674,2
1,1,0.2952188,0.3396038,1,1,1,1,0.8804653,2
1,1,0.2842481,0.4049085,1,1,1,1,0.8784937,2
1,1,0.2733688,0.9037758,1,1,1,1,0.8765448,2
1,0.3388887,0.2626329,0.893701,1,1,1,1,0.8747078,2
1,0.3195298,0.2507119,0.8832778,1,1,1,1,0.8710054,2
1,0.3010477,0.239079,0.8732847,1,1,1,1,0.8674984,2
1,0.2833807,0.2277191,0.8637127,1,1,1,1,0.8641761,2
1,0.266546,0.2166348,0.8545396,1,1,1,1,0.861053,2
1,0.2505627,0.2058241,0.8457094,1,1,1,1,0.8581222,2
1,0.2353381,0.1953464,1,1,1,1,1,0.8553535,2
1,0.2207074,0.2345112,1,1,1,1,1,0.8527005,2
1,0.206724,0.2827531,1,1,1,1,1,0.8501416,2
1,0.1933059,0.3424932,1,1,1,1,1,0.8476382,2
0.2783383,0.1803823,0.8011575,1,1,1,1,1,0.8451517,2
0.2533818,0.1672504,0.7899972,1,1,1,1,1,0.8430511,2
0.2301189,0.1545911,0.7792985,1,1,1,1,1,0.8411174,2
0.2083868,0.1423768,0.7690499,1,1,1,1,1,0.8393481,2
0.1880429,0.1369566,0.7592407,1,1,1,1,1,0.8377412,2
0.1689616,0.1526404,0.7498614,1,1,1,1,1,0.8363013,2
0.1510319,0.1703011,0.7409025,1,1,1,1,1,0.8350266,2
0.1341565,0.1902484,1,1,1,1,1,1,0.8339163,2
0.1182483,0.2128605,1,1,1,1,1,1,0.8329691,2
0.1175844,0.2385866,1,1,1,1,1,1,0.8321909,2
0.1273341,0.2679879,1,1,1,1,1,1,0.8315876,2
0.1378341,0.7341158,1,1,1,1,1,1,0.831153,2
0.1491389,0.7204728,1,1,1,1,1,1,0.8308936,2
0.1612369,0.7075146,1,1,1,1,1,1,0.8307036,2
0.1740485,0.6952881,1,1,1,1,1,1,0.8304111,2
0.1875736,0.6837211,1,1,1,1,1,1,0.8299688,2
0.2017964,0.6727474,1,1,1,1,1,1,0.8293384,2
0.2167044,0.662306,1,1,1,1,1,1,0.8284777,2
0.2322677,0.6523409,1,1,1,1,1,1,0.8273541,2
1,0.6428015,1,1,1,1,1,1,0.8259319,1
1,0.6354613,1,1,1,1,1,1,0.8173206,0
1,0.6281193,1,1,1,1,1,1,0.8087044,0
1,0.620774,1,1,1,1,1,1,0.8000957,0
1,0.6134244,1,1,1,1,1,1,0.7915012,0
1,0.6060693,1,1,1,1,1,1,0.7829262,0
1,0.5987072,1,1,1,1,1,1,0.7743836,0
1,0.5913365,1,1,1,1,1,1,0.765879,0
1,0.5839561,1,1,1,1,1,1,0.7574183,0
1,0.5765647,1,1,1,1,1,1,0.7490067,0
1,0.5691604,1,1,1,1,1,1,0.7406564,0
1,0.5617417,1,1,1,1,1,1,0.7323724,0
1,0.5543066,1,1,1,1,1,1,0.7241597,0
1,0.5468538,1,1,1,1,1,1,0.7160228,0
1,0.5470763,1,1,1,1,1,1,0.7079727,0
1,0.5558063,1,1,1,1,1,1,0.699993,0
1,0.5632304,1,1,1,1,1,0.9069198,0.6962762,0
1,0.5618054,1,1,1,1,1,0.8730615,0.7431532,0
1,0.5614008,1,1,1,1,1,0.8684289,0.7919431,0
1,0.5643965,1,1,1,1,1,0.8637533,0.839221,0
1,0.5703393,1,1,1,1,1,0.8590006,0.884294,0
0.6296368,0.5789091,1,1,1,1,1,0.8541394,0.9266354,2
0.6144868,0.6102244,1,1,1,1,1,0.8479273,0.9344985,2
0.5996474,0.6429899,1,1,1,1,1,0.8417121,0.9422361,2
0.5851167,0.6771856,1,1,1,1,1,0.8355054,0.9499178,2
0.5708888,0.7128562,1,1,1,1,1,0.8292993,0.957599,2
0.5569559,1,1,1,1,1,1,0.8230919,0.9653196,1
0.5445822,1,1,1,1,1,1,0.8171234,0.9808146,1
0.5320221,1,1,1,1,1,1,0.8110831,0.9941733,2
0.5193473,1,1,1,1,1,1,0.8049852,1,2
0.5067118,1,1,1,1,1,1,0.7988558,1,2
0.4942214,1,1,1,1,1,1,0.7927123,1,2
0.481877,1,1,1,1,1,1,0.7865488,1,2
0.4696794,1,1,1,1,1,1,0.7803713,1,2
0.4576291,1,1,1,1,1,1,0.7741796,1,2
0.4457254,1,1,1,1,1,1,0.7679735,1,2
0.4339679,1,1,1,1,1,1,0.7617464,1,2
0.4343599,1,1,1,1,1,1,0.7555039,1,2
0.4467853,1,1,1,1,1,1,0.7492613,1,1
0.45901,1,1,1,1,1,1,0.7430233,1,1
0.4709989,1,1,1,1,1,1,0.7367892,1,1
0.4827196,1,1,1,1,1,1,0.73056,1,1
0.4941417,1,1,1,1,1,1,0.7243375,1,1
0.5052377,1,1,1,1,1,1,0.7181247,1,1
0.515993,1,1,1,1,1,1,1,1,2
0.5352322,1,1,1,1,1,1,1,1,2
0.5548257,1,1,1,1,1,1,1,1,2
0.5747415,1,1,1,1,1,1,1,1,2
0.5949345,1,1,1,1,1,1,1,1,2
1,1,1,1,1,1,1,0.8392576,1,0
1,1,1,1,1,1,1,1,1,1
1,1,1,1,1,1,1,1,1,1
1,1,1,1,1,1,1,1,1,1
1,1,1,1,1,1,1,1,1,1
1,1,1,1,1,1,1,1,1,1
1,1,1,1,1,1,1,1,1,1
1,1,1,1,1,1,1,1,1,1
1,1,1,1,1,1,1,1,1,1
1,1,1,1,1,1,1,1,1,1
1,1,1,1,1,1,1,1,1,1
1,1,1,1,1,1,1,1,0.9971091,1
1,1,1,1,1,1,1,1,0.9897658,1
1,1,1,1,1,1,1,1,0.982298,1
1,1,1,1,1,1,1,1,0.6531324,0
1,1,1,1,1,1,1,1,0.6419498,0
1,1,1,1,1,1,1,1,0.6309819,0
1,1,1,1,1,1,1,1,0.6202471,0
1,1,1,1,1,1,1,1,0.6097635,0
1,1,1,1,1,1,1,1,0.5995415,0
1,1,1,1,1,1,1,1,0.5896041,0
1,1,1,1,1,1,1,1,0.5799607,0
1,1,0.9986053,1,1,1,1,1,0.5778775,0
1,1,0.9876186,1,1,1,1,1,0.6341678,0
1,1,0.9771387,1,1,1,1,1,0.6923054,0
1,1,0.9670854,1,1,1,1,1,1,1
1,1,0.9584926,1,1,1,1,1,1,1
1,1,0.9498944,1,1,1,1,1,1,1
1,1,0.9412907,1,1,1,1,1,1,1
1,1,0.9326822,1,1,1,1,1,1,1
1,1,0.924068,1,1,1,1,1,1,1
1,1,0.9154484,1,1,1,1,1,1,1
1,1,0.9068236,1,1,1,1,1,1,1
1,1,0.8981935,1,1,1,1,1,1,1
1,1,0.8895578,1,1,1,1,1,1,1
1,1,0.8809168,1,1,1,1,1,1,1
1,1,0.8722706,1,1,1,1,1,1,1
1,1,0.8636187,1,1,1,1,1,1,1
1,1,0.8549618,1,1,1,1,1,1,1
1,1,0.8462995,1,1,1,1,1,1,1
1,1,0.8376319,1,1,1,1,1,1,1
1,1,0.828959,1,1,1,1,1,1,1
1,1,0.820281,1,1,1,1,1,1,1
1,1,0.811598,1,1,1,1,1,1,1
1,1,1,1,1,1,1,1,1,1
1,1,1,1,1,1,1,1,1,1
1,1,1,1,1,1,1,1,1,1
1,1,1,1,1,1,1,1,1,1
1,1,1,1,1,1,1,1,1,1
1,1,1,1,1,1,1,1,1,1
1,1,1,1,1,1,1,1,1,1
1,1,1,1,1,1,1,1,1,1
1,1,1,1,1,1,1,1,1,1
1,1,1,1,1,1,1,1,1,1
1,0.7536789,1,1,1,1,1,1,1,1
1,0.7437844,1,1,1,1,1,1,1,1
1,0.7339149,1,1,1,1,1,1,1,1
1,0.7240735,1,1,1,1,1,1,1,1
1,0.7142629,1,1,1,1,1,1,1,1
1,0.7044858,1,1,1,1,1,1,1,1
1,0.6947448,1,1,1,1,1,1,1,1
1,0.6850425,1,1,1,1,1,1,1,1
1,0.6753809,1,1,1,1,1,1,1,1
1,0.6657623,1,1,1,1,1,1,1,1
1,0.6561888,1,1,1,1,1,1,1,1
1,0.6466622,1,1,1,1,1,1,1,2
1,0.637184,1,1,1,1,1,1,1,2
1,0.6277559,1,1,1,1,1,1,1,2
1,0.6183796,1,1,1,1,1,1,1,2
1,0.6090559,1,1,1,1,1,1,1,2
1,0.5997859,1,1,1,1,1,1,1,2
1,0.5905712,1,1,1,1,1,1,1,2
1,0.581412,1,1,1,1,1,1,1,2
1,0.5723091,0.9950811,1,1,1,1,1,1,2
1,0.5632682,0.9876449,1,1,1,1,1,1,2
1,0.5542918,0.980234,1,1,1,1,1,1,2
1,0.5453795,0.972847,1,1,1,1,1,1,2
1,0.5365299,0.9654814,1,1,1,1,1,1,2
1,0.527742,0.9581348,1,1,1,1,1,1,2
1,0.5190151,1,1,1,1,1,1,1,2
0.6298661,0.5210707,1,1,1,1,1,1,1,2
0.6133062,0.5847381,1,1,1,1,1,1,1,2
0.5975675,0.6560993,1,1,1,1,1,1,1,2
0.5825864,0.7360445,1,1,1,1,1,1,1,2
0.5683033,0.9045366,1,1,1,1,1,1,1,2
0.5548695,0.8952041,1,1,1,1,1,1,1,2
0.5417289,0.8860646,1,1,1,1,1,1,1,2
0.528891,0.8771257,1,1,1,1,1,1,1,2
0.5163627,0.8683926,1,1,1,1,1,1,1,2
0.5041488,0.8598696,1,1,1,1,1,1,1,2
0.4922516,0.8515587,1,1,1,1,1,1,1,2
0.4806713,0.8434609,1,1,1,1,1,1,1,2
0.4694068,0.8355759,1,1,1,1,1,1,1,2
0.4584543,0.8279018,1,1,1,1,1,1,1,2
0.4478097,0.8204359,1,1,1,1,1,1,1,2
0.4685442,0.8131744,1,1,1,1,1,1,1,2
0.4946858,0.8061248,1,1,1,1,1,1,1,2
0.5213344,0.7992617,1,1,1,1,1,1,1,2
0.5484011,0.7925588,1,1,1,1,1,1,1,2
0.5757922,0.7859921,1,1,1,1,1,1,1,2
0.6034099,0.7795404,1,1,1,1,1,1,1,2
0.6311528,0.773185,1,1,1,1,1,1,1,2
0.6589335,0.7669093,1,1,1,1,1,1,1,2
0.8319327,0.760699,1,1,1,1,1,1,1,1
0.8241161,0.7544789,1,1,1,1,0.9962785,1,1,1
0.8163701,1,1,1,1,1,0.9876119,1,1,1
0.808675,1,1,1,1,1,0.978948,1,1,1
0.8011066,1,1,1,1,1,0.9703445,1,1,1
0.7936579,1,1,1,1,1,0.9617981,1,1,1
0.7863232,1,1,1,1,1,0.9533054,1,1,1
0.779096,1,1,1,1,1,0.9448633,1,1,1
0.7719712,1,1,1,1,1,0.9364753,1,1,1
0.7649423,1,1,1,1,1,0.9281386,1,1,1
0.7580042,1,1,1,1,1,0.9198505,1,1,1
0.7511514,1,1,1,1,1,0.9116087,1,1,1
0.744379,1,1,1,1,1,0.9034171,1,1,1
0.7376817,1,1,1,1,1,0.8952676,1,1,1
0.7310544,1,1,1,1,1,0.8871641,1,1,1
0.7244929,1,1,1,1,1,0.8791113,1,1,1
0.7179921,1,1,1,1,1,0.871101,1,1,1
0.7115477,1,1,1,1,1,0.8631378,1,1,1
0.7051552,1,1,1,1,1,0.8552203,1,1,1
0.6988103,1,1,1,1,1,0.847347,1,1,1
0.6925091,1,1,1,1,1,0.8395165,1,1,1
0.6862474,1,1,1,1,1,0.8317336,0.8278793,1,0
0.6820403,1,1,1,1,1,0.8254274,0.8184153,1,0
0.6779162,1,1,1,1,1,0.8193108,0.8090307,1,0
0.6738726,1,1,1,1,1,0.8133944,0.7997447,1,0
0.6699061,1,1,1,1,1,0.8076884,0.790576,1,0
0.6660132,0.99629,1,1,1,1,0.8021961,0.7815365,1,0
0.6621891,0.9898865,1,1,1,1,0.7969266,0.7726436,1,0
0.6584272,0.9835258,1,1,1,1,0.7918807,0.7639078,1,0
0.6547205,0.9772142,1,1,1,1,0.7870652,0.7553448,1,0
0.6510612,0.9709569,1,1,1,1,0.7824799,0.7469628,1,0
0.6474411,0.9647582,1,1,1,1,0.7781295,0.7387748,1,0
0.6438504,0.9586208,1,1,1,1,1,0.7307863,1,1
0.637023,0.951816,1,1,1,1,1,0.7234645,1,1
0.6301767,0.9450005,1,1,1,1,1,0.7161825,1,1
0.6233074,0.9381739,1,1,1,1,1,0.708935,1,1
0.6164111,0.9313353,1,1,1,1,1,0.7017289,1,1
0.6094841,0.9244841,1,1,1,1,1,0.694559,1,1
0.6025222,0.9176194,1,1,1,1,1,0.6874318,1,1
0.5955213,0.9107403,1,1,1,1,1,0.6803479,1,1
0.5884778,0.9038461,1,1,1,1,1,0.6733078,1,1
0.5813876,0.9229269,1,1,1,1,1,0.6663117,1,0
0.5742931,0.9458879,1,1,1,1,1,0.6593555,1,0
0.5671993,0.9657847,1,1,1,1,1,0.6524398,1,0
0.5613508,0.9829116,1,1,1,1,1,0.6455723,1,0
0.5694813,1,1,1,1,1,1,0.638754,0.7167197,0
0.5677412,0.9384133,1,1,1,1,1,0.6318916,0.7037161,0
0.5658525,0.8888497,1,1,1,1,1,0.6253145,0.6911627,0
0.5638458,0.8528706,1,1,1,1,1,0.6190291,0.6790662,0
0.5617321,0.8476328,1,1,1,1,1,0.6130355,0.6674148,0
0.5593971,0.842548,1,1,1,1,1,0.607339,0.6561508,0
0.5568806,0.8376175,1,1,1,1,1,0.6019562,0.6452989,0
0.5542472,0.8328404,1,1,1,1,1,0.5968837,0.6348607,0
0.5515245,0.8282146,1,1,1,1,1,0.5921351,0.6248541,0
0.5487546,0.823736,1,1,1,1,1,0.5877107,0.6152815,0
0.5459646,0.819398,1,1,1,1,1,0.5836154,0.606149,0
0.5431942,0.815193,1,1,1,1,1,1,0.5974478,1
0.5504409,0.8063142,1,1,1,1,1,1,0.5919415,1
0.5574942,0.7975101,1,1,1,1,1,1,0.5863912,1
0.5643441,0.7887751,1,1,1,1,1,1,0.5808065,1
0.5709907,0.7801037,1,1,1,1,1,1,0.5751911,1
0.5774349,0.77149,1,1,1,1,1,1,0.5695483,1
0.5836696,0.7629291,1,1,1,1,1,1,0.5638881,1
0.5896975,0.7544158,1,1,1,1,1,1,0.5582142,1
0.5955223,0.7459456,1,1,1,1,1,1,0.5525303,1
0.6011391,0.7479578,1,1,1,1,1,1,0.5468462,1
0.6064638,0.7565664,1,1,1,1,1,1,0.5411438,1
0.6114369,0.7639777,1,1,1,1,1,1,0.5354216,1
0.6160687,0.7702492,1,1,1,1,1,1,0.5296944,0
0.6203783,0.7754608,1,1,1,1,1,1,0.5239708,0
0.6243771,0.7796775,1,1,1,1,1,1,0.5182651,0
0.6280845,0.7829831,1,1,1,1,1,1,0.5125844,0
0.6315116,0.7854432,1,1,1,1,1,1,0.506942,0
0.6346779,0.7871397,1,1,1,1,1,1,0.501344,0
0.6376022,0.7881508,1,1,1,1,1,1,0.4957962,0
0.6402944,1,1,1,1,1,1,1,0.4903098,0
0.6407656,1,1,1,1,1,1,1,0.491492,0
0.6412249,1,1,1,1,1,1,1,0.5586994,0
0.6432276,1,1,1,1,1,1,1,0.623846,0
0.646677,1,1,1,1,1,1,1,0.6843195,1
0.6514426,1,1,1,1,1,1,1,0.7382046,1
0.6573852,1,1,1,1,1,1,1,0.7845799,1
0.6643459,1,1,1,1,1,1,1,0.8234771,1
0.6721763,1,1,1,1,1,1,1,0.8556105,2
0.6807388,1,1,1,1,1,1,1,0.8820256,2
0.6899279,1,1,1,1,1,1,1,0.9038321,2
0.6996447,1,1,1,1,1,1,1,0.9220446,2
1,1,1,1,1,1,1,1,0.9375151,1
1,1,1,1,1,1,1,1,1,1
1,1,1,1,1,1,1,1,1,1
1,1,1,1,1,1,1,1,1,1
1,1,1,1,1,1,1,1,1,1
1,1,1,1,1,1,1,1,1,1
0.664276,1,1,1,1,1,1,1,1,2
0.6438398,1,1,1,1,1,1,1,1,2
0.6236529,1,1,1,1,1,1,1,1,2
0.6037661,1,1,1,1,1,1,1,1,2
0.5842249,1,1,1,1,1,1,1,1,2
0.5769839,1,1,1,1,1,1,1,1,2
0.5919451,1,1,1,1,1,1,1,1,2
0.6071591,1,1,1,1,1,1,1,1,2
0.6225876,1,1,1,1,1,1,1,1,2
0.6382089,1,1,1,1,1,1,1,1,2
1,1,1,1,1,1,1,1,1,1
1,1,1,1,1,1,1,1,1,1
1,1,1,1,1,1,1,1,1,1
1,1,1,1,1,1,1,1,1,1
1,1,1,1,0.9988955,1,1,1,1,1
1,1,1,1,0.9889302,0.988983,1,1,1,1
1,1,1,1,0.9797828,0.9769236,1,1,1,1
1,1,1,1,0.9714593,0.9643507,1,1,1,1
1,1,1,1,0.9639357,0.9512889,1,1,1,1
1,1,1,1,0.9572024,0.9377667,1,1,1,1
1,1,1,1,0.9512517,0.9238154,1,1,1,1
1,1,1,1,0.9460677,0.9094688,1,1,1,1
1,1,1,1,0.9416588,0.8947624,1,1,1,0
1,1,1,1,0.9380128,0.8797344,1,1,1,0
1,1,1,1,0.935119,0.864423,1,1,1,0
1,1,1,1,0.9329918,0.8488679,1,1,1,0
1,1,1,1,0.9316236,0.8331086,1,1,1,0
1,1,1,1,0.9310079,0.8171848,1,1,1,0
1,1,1,1,0.9311522,0.8011346,1,1,1,0
1,1,1,1,1,0.7849954,1,1,1,0
1,1,1,1,1,0.7697571,1,1,1,0
1,1,1,1,1,0.7544196,1,1,1,0
1,1,1,1,1,0.7390041,1,1,1,0
1,1,1,1,1,0.7235324,1,1,1,0
1,1,1,1,1,0.719481,1,1,1,0
1,1,1,1,1,0.7185076,1,1,1,0
1,1,1,1,1,0.7176155,1,1,1,0
1,1,1,1,1,0.7168137,1,1,1,0
1,1,1,1,1,0.7160908,1,1,1,0
1,1,1,1,1,0.7154562,1,1,1,0
1,1,1,1,1,0.7148986,1,1,1,0
1,1,1,1,1,0.7144273,0.7759711,1,1,0
1,1,1,1,1,0.7215415,0.7485631,1,1,0
1,1,1,1,1,0.7298604,0.7217247,1,1,0
1,1,1,1,1,0.739431,0.6955293,1,1,0
1,1,1,1,1,0.7502913,0.6700324,1,1,0
1,1,1,1,1,1,0.6452734,1,1,0
1,1,1,1,1,1,0.6246302,1,1,0
1,1,1,1,1,1,0.6041456,1,1,0
1,1,1,1,1,1,0.5838631,1,1,0
1,1,1,1,1,1,0.5638217,1,1,0
1,1,1,1,1,1,0.5583743,1,1,0
1,1,1,1,1,1,0.5616164,1,1,0
1,1,1,1,1,1,0.5650573,1,1,0
1,1,1,1,1,1,0.5686868,1,1,0
1,1,1,1,1,1,0.5724942,1,1,0
1,1,1,1,1,1,0.5764882,1,1,0
1,1,1,1,1,1,0.580658,1,1,0
1,1,1,1,1,1,0.5849926,1,1,0
1,1,1,1,1,1,0.5895009,1,1,0
1,1,1,1,1,1,0.5941614,1,1,0
1,1,1,1,1,1,0.5989829,1,1,0
1,1,1,1,1,1,1,0.5990232,1,0
1,1,1,1,1,1,1,0.563818,1,0
1,1,1,1,1,1,1,0.529405,1,0
1,1,1,1,1,1,1,0.49598,1,0
1,1,1,1,1,1,1,0.4636976,1,0
1,1,0.9964119,1,1,1,1,0.4326709,1,0
1,1,0.992743,1,1,1,1,0.4234451,1,0
1,1,0.9893916,1,1,1,1,0.4285917,1,0
1,1,0.9861597,1,1,1,1,0.4341274,1,0
1,1,0.983016,1,1,1,1,0.4400502,1,0
1,1,0.9799291,1,1,1,1,0.4463415,1,0
1,1,0.9768685,1,1,1,1,0.4529978,1,0
1,1,0.9738036,1,1,1,1,0.460007,1,0
1,1,0.9707047,1,1,1,1,0.4673554,0.543633,0
1,1,0.9701406,1,1,1,1,0.4773366,0.4777178,0
1,1,0.9700111,1,1,1,1,1,0.4198465,0
1,1,0.9703313,1,1,1,1,1,0.3728932,0
1,1,0.9711183,0.9459612,1,1,1,1,0.3772856,0
1,1,0.972391,0.8809813,1,1,1,1,0.3821457,0
1,1,0.9741706,0.8521145,1,1,1,0.9951552,0.387491,0
1,1,0.9763962,0.8481005,1,1,1,1,0.3933182,0
1,1,1,0.8441924,1,1,1,1,0.3995082,0
1,1,1,0.8405894,1,1,1,1,0.406196,0
1,1,1,0.837069,1,1,1,1,0.4132575,0
1,1,1,0.8335958,1,1,1,1,0.4206784,0
1,1,1,0.8301352,0.9355434,1,1,1,0.4284363,0
1,1,1,0.8263342,0.8748234,1,1,1,1,2
1,1,1,0.8135746,0.8788806,1,1,1,1,2
1,1,1,0.8008263,0.8836471,1,1,1,1,2
1,1,1,0.7880975,0.8891484,1,1,1,1,2
1,1,1,0.7753958,0.8954123,1,1,1,1,2
1,1,1,0.7627285,0.9024249,1,1,1,1,2
1,1,1,0.7501017,0.9101958,1,1,1,1,2
1,1,1,0.7375211,0.9187604,1,1,1,1,2
1,1,1,0.7249914,0.928133,1,1,1,1,2
1,1,0.8394883,0.7125171,0.9383298,1,1,1,1,2
1,1,0.820327,0.6987681,0.9660042,1,1,1,1,2
1,1,0.8013436,0.6850997,1,1,1,1,1,2
1,1,0.7825922,0.6715384,1,1,1,1,1,2
1,1,0.7639013,0.6580061,1,1,1,1,1,2
1,1,0.7453181,0.6445268,1,1,1,1,1,2
1,1,0.7268864,0.6311229,1,1,1,1,1,2
1,1,0.7086452,0.6385673,1,1,1,1,1,2
1,1,0.6907696,0.6558524,1,1,1,1,1,2
1,1,0.6733178,0.674621,1,1,1,1,1,2
1,1,0.6562794,0.6949825,1,1,1,1,1,2
1,1,0.6396428,0.7170153,1,1,1,1,1,2
1,1,0.623394,0.7408043,1,1,1,1,1,2
1,1,0.6075182,0.7664859,1,1,1,1,1,2
1,1,0.5919999,0.794163,1,1,1,1,1,2
1,1,0.5768232,0.8239702,1,1,1,0.9945101,1,2
1,1,0.5620226,1,1,1,1,0.9853598,1,2
1,1,0.5480446,1,1,1,1,0.9782424,1,2
1,1,0.5342501,1,1,1,1,0.9712601,1,2
1,1,0.5206352,1,1,1,1,0.9644235,1,2
1,1,0.5071951,1,1,1,1,0.957725,1,2
1,1,0.4939252,1,1,1,1,0.9511731,1,2
1,1,0.4808198,1,1,1,1,0.9447662,1,2
1,1,0.4719225,1,1,1,1,0.938502,1,2
1,1,1,1,1,0.9455122,1,1,1,1
1,1,1,1,1,0.8968862,1,1,1,1
1,1,1,1,1,0.8866163,1,1,1,1
1,1,1,1,1,0.8763388,1,1,1,1
1,1,1,1,1,0.8660542,1,1,1,1
1,1,1,1,1,0.8557633,1,1,1,1
1,1,1,1,1,0.8454668,1,1,1,1
1,1,1,1,1,0.8351654,1,1,1,1
1,1,1,1,1,0.8248595,1,1,1,1
1,1,1,1,1,0.8145505,1,1,1,1
1,1,1,1,1,0.8042385,0.8714762,1,1,1
1,1,1,1,1,0.7936348,0.8591012,1,1,1
1,1,1,1,1,0.7830242,0.8466877,1,1,1
1,1,1,1,1,0.7724113,0.8342454,1,1,0
1,1,1,1,1,0.7618005,0.8217839,1,1,0
1,1,1,1,1,0.7511955,0.8093125,1,1,0
1,1,1,1,1,0.7406002,0.7968404,1,1,0
1,1,1,1,1,0.7300187,0.7843763,1,1,0
1,1,1,1,1,0.719454,0.7719285,1,1,0
1,1,1,1,1,0.7381635,0.7595055,1,1,0
1,1,1,1,1,0.7743631,0.7471601,1,1,0
1,1,1,1,1,0.8136507,0.7349159,1,1,0
1,1,1,1,1,0.8562652,0.7227703,1,1,0
1,1,1,1,1,0.902531,0.7107209,1,1,0
1,1,1,1,1,1,0.6987647,1,1,0
1,1,1,1,1,1,0.6869491,1,1,0
1,1,1,1,1,1,0.6751609,1,1,0
1,1,1,1,1,1,0.6634032,1,1,0
1,1,1,1,1,1,0.6516799,1,1,0
1,1,1,1,1,1,0.6399938,1,1,0
1,1,1,1,1,1,0.6283482,1,1,0
1,1,1,1,1,1,0.6167456,1,1,0
1,1,1,1,1,1,0.6051888,1,1,0
1,1,1,1,1,1,0.5936799,1,1,0
1,1,1,1,1,1,0.5822211,1,1,0
1,1,1,1,1,1,0.5708141,1,1,0
1,1,1,1,1,1,0.5594602,1,1,0
1,1,1,1,1,1,0.5481611,1,1,0
1,1,1,1,1,1,0.536918,1,1,0
1,1,1,1,1,1,0.5257314,1,1,0
1,1,1,1,1,1,0.5146023,1,1,0
1,1,1,1,1,1,0.5035311,1,1,0
1,1,1,1,1,1,0.4925178,1,0.9793493,0
1,1,1,1,1,1,0.4814628,0.6071624,0.9425156,0
1,1,1,1,1,1,0.5009853,0.5854107,0.9099346,0
1,1,1,1,1,1,0.552857,0.5641182,0.9211603,0
1,1,1,1,1,1,0.6123672,0.5441391,0.9326374,0
1,1,1,1,1,1,0.6806479,0.5253319,0.9442933,0
1,1,1,1,1,1,1,0.5075673,1,0
1,1,1,1,1,1,1,0.4918255,1,0
1,1,1,1,1,1,1,0.4763881,1,0
1,1,1,1,1,1,1,0.4612598,1,0
1,1,1,1,1,1,1,0.4464425,1,0
1,1,1,1,1,1,1,0.4319374,1,0
1,1,1,1,1,1,1,0.4177428,1,0
1,1,1,1,1,1,1,0.4038563,1,0
1,1,1,1,1,1,1,0.3902739,1,0
1,1,1,1,1,1,1,0.3769901,1,0
1,1,1,1,1,1,1,0.3639993,0.5329443,0
1,1,1,1,1,1,1,0.3716602,0.5039213,0
1,1,1,1,1,1,1,0.3976042,0.4767446,0
1,1,1,1,1,1,1,0.4265801,0.4512528,0
1,1,1,1,1,1,1,0.4590459,0.4273036,0
1,1,1,1,1,1,1,0.4955935,0.4047701,0
1,1,1,1,1,1,1,0.5369181,0.3835396,0
1,1,1,1,1,1,1,1,0.363511,0
1,1,1,1,1,1,1,1,0.3453172,0
1,1,1,1,1,1,1,1,0.327959,0
1,1,1,1,1,1,1,1,0.3196978,0
1,1,1,1,1,1,1,1,0.3356208,0
1,1,1,1,1,1,1,1,0.3522602,0
1,1,1,1,1,1,1,1,0.3696053,0
1,1,1,1,1,1,1,1,0.3876317,0
1,1,1,1,1,1,1,1,0.4063199,0
1,1,1,1,1,1,1,1,0.4256459,0
1,1,1,1,1,1,1,1,0.4455701,0
1,1,1,1,1,1,1,1,0.4660698,0
1,1,1,1,1,1,1,1,0.4870957,0
1,1,1,1,1,1,1,1,0.5086045,0
1,1,1,1,1,1,1,1,1,1
1,1,1,1,1,1,1,1,1,1
1,1,1,1,1,1,1,1,1,1
1,1,1,1,1,1,1,1,1,1
1,1,1,1,1,1,1,1,1,1
1,1,1,1,1,1,1,1,1,1
1,1,1,1,1,1,1,1,1,1
1,1,1,1,1,1,1,1,1,1
1,1,1,1,1,1,1,1,1,1
1,1,1,1,1,1,1,1,1,1
1,1,1,1,1,1,1,1,1,1
1,1,1,1,1,1,1,1,1,1
1,1,1,1,1,1,1,1,1,1
1,1,1,1,1,1,1,1,1,1
1,1,1,1,1,1,1,1,1,1
1,1,1,1,1,1,1,1,1,1
1,1,1,1,1,1,1,1,1,1
1,1,1,1,1,1,1,1,1,1
1,1,1,1,1,1,1,1,1,1
1,1,1,1,1,1,1,1,1,1
1,1,1,1,1,1,1,1,1,1
1,1,1,1,1,1,1,1,1,1
1,1,1,1,1,1,1,1,1,1
1,1,1,1,1,1,1,1,1,1
1,1,1,1,1,1,1,1,1,1
1,1,1,1,1,1,1,1,1,1
1,1,1,1,1,1,1,1,1,1
1,1,1,1,1,1,1,1,1,1
1,1,1,1,1,1,1,1,1,1
1,1,1,1,1,1,1,1,1,1
1,1,1,1,1,1,1,1,1,1
1,1,1,1,1,1,1,1,1,1
1,1,1,1,1,1,1,1,1,1
1,1,1,1,1,1,1,1,1,1
1,1,1,1,1,1,1,1,1,1
1,1,1,1,1,1,1,1,1,1
1,1,1,1,1,1,1,1,1,1
1,1,1,1,1,1,1,1,1,1
1,1,1,1,1,1,1,1,1,1
1,1,1,1,1,1,1,1,1,1
1,1,1,1,1,1,1,1,1,1
1,1,1,1,1,1,1,1,1,1
1,1,1,1,1,1,1,1,1,1
1,1,1,1,1,1,1,1,1,1
1,1,1,1,1,1,1,1,1,1
1,1,1,1,1,1,1,1,1,1
1,1,1,1,1,1,1,1,1,1
1,1,1,1,1,1,1,1,1,1
1,1,1,1,1,1,1,1,1,1
1,1,1,1,1,1,1,1,1,1
1,1,1,1,1,1,1,1,1,1
1,1,1,1,1,1,1,1,1,1
1,1,1,1,1,1,1,1,1,1
1,1,1,1,1,1,1,1,1,1
1,1,1,1,1,1,1,1,1,1
1,1,1,1,1,1,1,1,1,1
1,1,1,1,1,1,1,1,1,1
1,1,1,1,1,1,1,1,1,1
1,1,1,1,1,1,1,1,1,1
1,1,1,1,1,1,1,1,1,1
1,1,1,1,1,1,1,1,1,1
1,1,1,1,1,1,1,1,1,1
1,1,1,1,1,1,1,1,1,1
1,1,1,1,1,1,1,1,1,1
1,1,1,1,1,1,1,1,1,1
1,1,1,1,1,1,1,1,1,1
1,1,1,1,1,1,1,1,1,1
1,1,1,1,1,1,1,1,1,1
1,1,1,1,1,1,1,1,1,1
1,1,1,1,1,1,1,1,1,1
1,1,1,1,1,1,1,1,1,1
1,1,1,1,1,1,1,1,1,1
1,1,1,1,1,1,1,1,1,1
1,1,1,1,1,1,1,1,1,1
1,1,1,1,1,1,1,1,1,1
1,1,1,1,1,1,1,1,1,1
1,1,1,1,1,1,1,1,1,1
1,1,1,1,1,1,1,1,1,1
1,1,1,1,1,1,1,1,1,1
1,1,1,1,1,1,1,1,1,1
1,1,1,1,1,1,1,1,1,1
1,1,1,1,1,1,1,1,1,1
1,1,1,1,1,1,1,1,1,1
1,1,1,1,1,1,1,1,1,1
1,1,1,1,1,1,1,1,1,1
1,1,1,1,1,1,1,1,1,1
1,1,1,1,1,1,1,1,1,1
1,1,1,1,1,1,1,1,1,1
1,1,1,1,1,1,1,1,1,1
1,1,1,1,1,1,1,1,1,1
1,1,1,1,1,1,1,1,1,1
1,1,1,1,1,1,1,1,1,1
1,1,1,1,1,1,1,1,1,1
1,1,1,1,1,1,1,1,1,1
1,1,1,1,1,1,1,1,1,1
1,1,1,1,1,1,1,1,1,1
1,1,1,1,1,1,1,1,1,1
1,1,1,1,1,1,1,1,1,1
1,1,1,1,1,1,1,1,1,1
1,1,1,1,1,1,1,1,1,1
1,1,1,1,1,1,1,1,1,1
1,1,1,1,1,1,1,1,1,1
1,1,1,1,1,1,1,1,1,1
1,1,1,1,1,1,1,1,1,1
1,1,1,1,1,1,1,1,1,1
1,1,1,1,1,1,1,1,1,1
1,1,1,1,1,1,1,1,1,1
1,1,1,1,1,1,0.9803685,1,1,1
1,1,1,1,1,1,0.9591498,1,1,1
1,1,1,1,1,1,0.938691,1,1,1
1,1,1,1,1,1,0.9189335,1,1,1
1,1,1,1,1,1,0.8998038,1,1,1
1,1,1,1,1,1,0.8812553,1,1,1
1,1,1,1,1,1,0.8632261,1,1,1
1,1,1,1,1,1,0.8456588,1,1,1
1,1,1,1,1,1,0.8284998,1,0.9927689,1
1,1,1,1,1,1,0.8113014,1,0.9852899,1
1,1,1,1,1,1,0.7940113,1,0.9778005,1
1,1,1,1,1,1,0.7766351,1,0.9702982,1
1,1,1,1,1,1,0.7591361,1,0.96278,1
1,1,1,1,1,1,0.7415208,1,0.955243,1
1,1,1,1,1,1,0.7237532,1,0.9476854,1
1,1,1,1,1,1,0.7130014,1,0.9504974,1
1,1,1,1,1,1,0.7047022,1,0.9592064,1
1,1,1,1,1,1,0.696345,1,0.9674327,1
1,1,1,1,1,1,0.6879343,1,0.9751838,1
1,1,1,1,1,1,0.6794745,1,0.9824911,1
1,1,1,1,1,1,0.6709701,1,0.9893534,1
1,1,1,1,1,1,0.6624254,1,0.9958032,1
1,1,1,1,1,1,0.6538442,1,1,1
1,1,1,1,1,1,0.6452383,1,1,1
1,1,1,1,1,1,0.6366273,1,1,1
1,1,1,1,1,1,0.6280115,1,1,1
1,1,1,1,1,1,0.6193916,1,1,1
1,1,1,1,1,1,0.6107683,1,1,1
1,1,1,1,1,1,0.602142,1,1,1
1,1,1,1,1,1,0.5935134,1,1,1
1,1,1,1,1,1,0.5848823,1,1,1
1,1,1,1,1,1,0.5762495,1,1,1
1,1,1,1,1,1,0.5676152,1,1,1
1,1,1,1,1,1,0.5589796,1,1,1
1,1,1,1,1,1,0.5503427,1,1,1
1,1,1,1,1,1,0.5417052,1,1,1
1,1,1,1,1,1,0.5330669,1,1,1
1,1,1,1,1,1,0.5244277,1,1,1
1,1,1,1,1,1,0.515788,1,1,1
1,1,1,1,1,1,0.5071474,1,1,1
1,1,1,1,1,1,0.498506,1,1,1
1,1,1,1,1,1,0.489864,1,1,1
1,1,1,1,1,1,0.4812209,1,1,1
1,1,1,1,1,1,0.4725769,1,1,1
1,1,1,1,1,1,0.4639317,1,1,1
1,1,1,1,1,1,0.4552854,1,1,1
1,1,1,1,1,1,0.4466373,1,1,1
1,1,1,1,1,1,0.4379879,1,1,1
1,1,1,1,1,1,0.4293365,1,1,1
1,1,1,1,1,1,0.4206831,1,1,1
1,1,1,1,1,1,0.412027,1,1,1
1,1,1,1,1,1,0.4033685,1,1,1
1,1,1,1,1,1,0.3947074,1,1,1
1,1,1,1,1,1,0.386043,1,1,1
1,1,1,1,1,1,0.3773753,1,1,1
1,1,1,1,1,1,0.3687043,1,1,1
1,1,1,1,1,1,0.3600294,1,1,1
1,1,1,1,1,1,0.3513504,1,1,1
1,1,1,1,1,1,0.342667,1,1,1
1,1,1,1,1,1,0.3339792,1,1,1
1,1,1,1,1,1,0.3252865,1,1,1
1,1,1,1,1,1,0.3165889,1,1,1
1,1,1,1,1,1,0.3078861,1,1,1
1,1,1,1,1,1,0.2991779,1,1,1
1,1,1,1,1,1,0.2904642,1,1,1
1,1,1,1,1,1,0.2817447,1,1,1
1,1,1,1,1,1,0.2730193,0.2876491,1,0
1,1,1,1,1,1,0.2646065,0.2779411,1,0
1,1,1,1,1,1,0.2562184,0.2683527,1,0
1,1,1,1,1,1,0.2478523,0.2588757,1,0
1,1,1,1,1,1,0.2395056,0.2495019,1,0
1,1,1,1,1,1,0.2311764,0.2402247,1,0
1,1,1,1,1,1,0.2228626,0.2310368,1,0
1,1,1,1,1,1,0.2145625,0.221932,1,0
1,1,1,1,1,1,0.6504374,0.2129044,1,0
1,1,1,1,1,1,0.6427484,0.203802,1,0
1,1,1,1,1,1,0.6350871,0.1948048,1,0
1,1,1,1,1,1,1,0.1859058,0.2353057,0
1,1,1,1,1,1,1,0.176518,0.2207777,0
1,1,1,1,1,1,1,0.1674337,0.2069903,0
1,1,1,1,1,1,1,0.1586404,0.1938955,0
1,1,1,1,1,1,1,0.1501263,0.1814496,0
1,1,1,1,1,1,1,0.1418807,0.1696128,0
1,1,1,1,1,1,1,0.1789753,0.1583488,0
1,1,1,1,1,1,1,0.2657066,0.1476241,0
1,1,1,1,1,1,1,0.5602775,0.1374086,0
1,1,1,1,1,1,1,0.5521957,0.1277128,0
1,1,1,1,1,1,1,0.5445353,0.1185012,0
1,1,1,1,1,1,1,0.5372565,0.1325251,0
1,1,1,1,1,1,1,0.5303248,0.1540508,0
1,1,1,1,1,1,1,0.5236904,0.1769595,0
1,1,1,1,1,1,1,0.5173062,0.2012193,0
1,1,1,1,1,1,1,1,0.2267657,0
1,1,1,1,1,1,1,1,0.253794,0
1,1,1,1,1,1,1,1,0.5394101,0
1,1,1,1,1,1,1,1,0.5313154,0
1,1,1,1,1,1,1,1,0.5233614,0
1,1,1,1,1,1,1,1,0.5155471,0
1,1,1,1,1,1,1,1,0.5078713,0
1,1,1,1,0.9904339,1,1,1,0.5003328,0
1,1,1,1,0.9756265,1,1,1,0.4929856,0
1,1,1,1,0.9613215,1,1,1,0.4858475,0
1,1,1,1,0.9474816,1,1,1,0.4789,0
1,1,1,1,0.9359746,1,1,1,0.472126,0
1,1,1,1,0.9329057,1,1,1,0.4655003,0
1,1,1,1,0.9297041,1,1,1,0.4589695,0
1,1,1,1,0.9263555,1,1,1,0.452531,0
1,1,1,1,0.9228451,1,1,1,0.4461817,0
1,1,1,1,0.9191591,1,1,1,0.4399194,0
1,1,1,1,0.9152812,1,1,1,0.4665906,1
1,1,1,1,0.9105951,0.9657793,1,1,0.5009439,1
1,1,1,1,0.9033744,0.9527072,1,1,0.5331185,1
1,1,1,1,0.8945423,0.9406121,1,1,0.5636543,1
1,1,1,1,0.8841478,0.929437,1,1,0.5922434,1
1,1,1,1,0.8722591,0.9191421,1,1,0.6186098,1
1,1,1,1,0.8589641,0.9096945,1,1,0.6425396,1
1,1,1,1,0.8443689,0.9010664,1,1,0.6638892,2
1,1,1,1,0.8285946,0.8932346,1,1,1,2
1,1,1,1,0.8067075,1,1,1,1,2
1,1,1,1,0.7884364,1,1,1,1,2
1,1,1,1,0.7697654,1,1,1,1,2
1,1,1,1,0.7565762,1,1,1,1,2
1,1,1,1,0.7509869,1,1,1,1,2
1,1,1,1,0.7455209,1,1,1,1,2
1,1,1,1,0.7401832,1,1,1,1,2
1,1,1,1,0.7349637,1,1,1,1,2
1,1,1,1,0.7298676,1,1,1,1,2
1,1,1,1,0.7248923,1,1,1,1,2
1,1,1,0.816813,0.7200353,1,1,1,1,2
1,1,1,0.7799593,0.7192394,1,1,1,1,2
1,1,1,0.7435529,0.7194738,1,1,1,1,2
1,1,1,0.707896,0.7207842,1,1,1,1,2
1,1,1,0.6732363,0.7232069,1,1,1,1,2
1,1,1,0.6397641,0.7267753,1,1,1,1,2
1,1,1,0.6335254,1,1,1,1,1,2
1,1,1,0.6304842,1,1,1,1,1,2
1,1,1,0.6276003,1,1,1,1,1,2
1,1,1,0.6248714,1,1,1,1,1,2
1,1,1,0.6222953,1,1,1,1,1,2
1,1,1,0.6198694,1,1,1,1,1,2
1,1,1,0.6175991,1,1,1,1,1,2
1,1,1,0.6154743,1,1,1,1,1,2
1,1,0.6684504,0.6135006,1,1,1,1,1,2
1,1,0.6224228,0.6163439,1,1,1,1,1,2
1,1,0.5801155,0.6197929,1,1,1,1,1,2
1,1,0.5410594,1,1,1,1,1,1,2
1,1,0.5123119,1,1,1,1,1,1,2
1,1,0.5110795,1,1,1,1,1,1,2
1,1,0.5101122,1,1,1,1,1,1,2
1,1,0.5094078,1,1,1,1,1,1,2
1,1,0.5089639,1,1,1,1,1,1,2
1,1,0.5087787,1,1,1,1,1,1,2
1,1,0.5088502,1,1,1,1,1,1,2
1,1,0.5091765,1,1,1,1,1,1,2
1,1,0.509756,1,1,1,1,1,1,2
1,1,0.5105875,1,1,1,1,1,1,2
1,1,0.5116692,1,1,1,1,1,1,2
1,1,1,1,1,1,1,1,1,1
1,0.5567633,1,1,1,1,1,1,1,2
1,0.4901667,1,1,1,1,1,1,1,2
1,0.4275785,1,1,1,1,1,1,1,2
1,0.3964422,1,1,1,1,1,1,1,2
1,0.3957166,1,1,1,1,1,1,1,2
1,0.3953641,1,1,1,1,1,1,1,2
1,0.3953986,1,1,1,1,1,1,1,2
1,0.3958216,1,1,1,1,1,1,1,2
1,0.3966494,1,1,1,1,1,1,1,2
1,0.3978998,1,1,1,1,1,1,1,2
1,0.3995786,1,1,1,1,1,1,1,2
1,0.4017068,1,1,1,1,1,1,1,2
0.4149829,1,1,1,1,1,1,1,1,2
0.3519295,1,1,1,1,1,1,1,1,2
0.3513336,1,1,1,1,1,1,1,1,2
0.3510989,1,1,1,1,1,1,1,1,2
0.3512276,1,1,1,1,1,1,1,1,2
0.3517228,1,1,1,1,1,1,1,1,2
0.3525888,1,1,1,1,1,1,1,1,2
0.3538369,1,1,1,1,1,1,1,0.5429661,2
0.3542173,1,1,1,1,1,1,1,1,2
0.3559949,1,1,1,1,1,1,1,1,2
0.358171,1,1,1,1,1,1,1,1,2
1,1,1,1,1,1,1,1,1,1
1,1,1,1,1,1,1,1,1,1
1,1,1,1,1,1,1,1,1,1
1,1,1,1,1,1,1,1,1,1
1,1,1,1,1,1,1,1,1,1
1,1,1,1,1,1,1,1,1,1
1,1,1,1,1,1,1,1,1,1
1,1,1,1,1,1,1,1,1,1
1,1,1,1,1,1,1,1,1,1
1,1,1,1,1,1,1,1,1,1
1,1,1,1,1,1,1,1,1,1
1,1,1,1,1,1,1,1,1,1
1,1,1,1,1,1,1,1,1,1
1,1,1,1,1,1,1,1,1,1
1,1,1,1,1,1,1,1,1,1
1,1,1,1,1,1,1,1,1,1
1,1,1,1,1,1,1,1,1,1
1,1,1,1,1,1,1,1,1,1
1,1,1,1,1,1,1,1,1,1
1,1,1,1,1,1,1,1,1,1
1,1,1,1,1,1,1,1,1,1
1,1,1,1,1,1,1,1,1,1
1,1,1,1,1,1,1,1,1,1
1,1,1,1,1,1,1,1,1,1
1,1,1,1,1,1,1,1,1,1
1,1,1,1,1,1,1,1,1,1
1,1,1,1,1,1,1,1,1,1
1,1,1,1,1,1,1,1,1,1
1,1,1,1,1,1,1,1,1,1
1,1,1,1,1,1,1,1,1,1
1,1,1,1,1,1,1,1,1,1
1,1,1,1,1,1,1,1,1,1
1,1,1,1,1,1,1,1,1,1
1,1,0.9894068,1,1,1,1,1,1,1
1,1,0.9784769,1,1,1,1,1,1,1
1,1,0.9674755,1,1,1,1,1,1,1
1,1,0.956405,1,1,1,1,1,1,1
1,1,0.9452679,1,1,1,1,1,1,1
1,1,0.9340674,1,1,1,1,1,1,1
1,1,0.9228066,1,1,1,1,1,1,1
1,1,0.9114887,1,1,1,1,1,1,1
1,1,0.9001175,1,1,1,1,1,1,1
1,1,0.8886964,1,1,1,1,1,1,1
1,1,0.8772294,1,1,1,1,1,1,1
1,1,0.8657206,1,1,1,1,1,1,1
1,1,0.8541743,1,1,1,1,1,1,1
1,1,0.8425943,1,1,1,1,1,1,1
1,1,0.8309854,1,1,1,1,1,1,1
1,1,0.8193519,1,1,1,1,1,1,1
1,1,0.8076978,1,1,1,1,1,1,1
1,1,0.796028,1,1,1,1,1,1,1
1,1,0.7843466,1,1,1,1,1,1,1
1,1,0.7726581,1,1,1,1,1,1,1
1,1,0.7609668,1,1,1,1,1,1,1
1,1,0.749277,1,1,1,1,1,1,1
1,1,0.7375928,1,1,1,1,1,1,1
1,1,0.7259184,1,1,1,1,1,1,1
1,1,0.7142575,1,1,1,1,1,1,1
1,1,0.702614,1,1,1,1,1,1,2
1,1,0.6909915,1,1,1,1,1,1,2
1,1,0.6901504,1,1,1,1,1,1,2
1,1,0.7018935,1,1,1,1,1,1,1
1,1,0.7136121,1,1,1,1,1,1,1
1,1,0.725315,1,1,1,1,1,1,1
1,0.9402933,0.7369732,1,1,1,1,1,1,2
1,0.9221168,0.752551,1,1,1,1,1,1,2
1,0.9039375,0.7694408,1,1,1,1,1,1,2
1,0.8857873,0.7877074,1,1,1,1,1,1,2
1,0.7573475,0.8074415,1,1,1,1,1,1,2
1,0.7379107,0.8374446,1,1,1,1,1,1,2
1,0.718843,1,1,1,1,1,1,1,2
1,0.7010539,1,1,1,1,1,1,1,2
1,0.6833188,1,1,1,1,1,1,1,2
1,0.665669,1,1,1,1,1,1,1,2
1,0.6481341,1,1,1,1,1,1,1,2
1,0.6307421,1,1,1,1,1,1,1,2
1,0.6135184,1,1,1,1,1,1,1,2
1,0.5964866,1,1,1,1,1,1,1,2
1,0.5796675,1,1,1,1,1,1,1,2
1,0.56308,1,1,1,1,1,1,1,2
1,0.5467399,1,1,1,1,1,1,1,2
1,0.530661,1,1,1,1,1,1,1,2
1,0.5148548,1,1,1,1,1,1,1,2
1,0.49933,1,1,1,1,1,1,1,2
1,0.498467,1,1,1,1,1,1,1,2
1,0.51307,1,1,1,1,1,1,1,2
1,0.5280235,1,1,1,1,1,1,1,2
0.6778312,0.543301,1,1,1,1,1,1,1,2
0.6410395,0.5697479,1,1,1,1,1,1,1,2
0.6067825,0.5988519,1,1,1,1,1,1,1,2
0.574818,0.6309575,1,1,1,1,1,1,1,2
0.5449341,0.6664586,1,1,1,1,1,1,1,2
0.516945,1,1,1,1,1,1,1,1,2
0.493724,1,1,1,1,1,1,1,1,2
0.471268,1,1,1,1,1,1,1,1,2
0.4496068,1,1,1,1,1,1,1,1,2
0.4396022,1,1,1,1,1,1,1,1,2
0.4538013,1,1,1,1,1,1,1,1,2
0.4684834,0.9921395,1,1,1,1,1,1,1,2
0.4836936,0.9777392,1,1,1,1,1,1,1,2
0.4994525,0.9639708,1,1,1,1,1,1,1,2
0.5157373,0.9507936,1,1,1,1,1,1,1,2
0.5325216,1,1,1,1,1,1,1,1,2
0.5493106,1,1,1,1,1,1,1,1,2
0.5664195,1,1,1,1,1,1,1,1,2
0.5838242,1,1,1,1,1,1,1,1,2
0.6014791,1,1,1,1,1,1,1,1,2
1,1,1,1,1,1,1,1,1,1
1,1,1,1,1,1,1,1,1,1
1,1,1,1,1,1,1,1,1,1
1,1,1,1,1,1,1,1,1,1
1,1,1,1,1,1,1,1,1,1
1,1,1,1,1,1,1,1,1,1
1,1,1,1,1,1,1,1,1,1
1,1,1,1,1,1,1,1,1,1
1,1,1,1,1,1,1,1,1,1
1,1,1,1,1,1,1,1,1,1
1,1,1,1,1,1,1,1,1,1
1,1,1,1,1,1,1,1,1,1
1,1,1,1,1,1,1,1,1,1
1,1,1,1,1,1,1,1,1,1
1,1,1,1,1,1,1,1,1,1
1,1,1,1,1,1,1,1,1,1
1,1,1,1,1,1,1,1,1,1
1,1,1,1,1,1,1,1,1,1
1,1,1,1,1,1,1,1,1,1
0.8978269,1,1,1,1,1,1,1,1,1
0.8859688,1,1,1,1,1,1,1,1,1
0.8739896,1,1,1,1,1,1,1,1,1
0.8619026,1,1,1,1,1,1,1,1,1
0.8497222,1,1,1,1,1,1,1,1,1
0.8374622,1,1,1,1,1,1,1,1,1
0.8251383,1,1,1,1,1,1,1,1,2
1,1,1,1,1,1,1,1,1,1
1,1,1,1,1,1,1,1,1,1
1,1,1,1,1,1,1,1,1,1
1,1,1,1,1,1,1,1,1,1
1,1,1,1,1,1,1,1,1,1
1,1,1,1,1,1,1,1,1,1
1,1,1,1,1,1,1,1,1,1
1,1,1,1,1,1,1,1,1,1
1,1,1,1,1,1,1,1,1,1
1,1,1,1,1,1,1,1,1,1
1,1,1,1,1,1,1,1,1,1
1,1,1,1,1,1,1,1,1,1
1,1,1,1,1,1,1,1,1,1
1,1,0.9932215,1,1,1,1,1,1,1
1,1,0.9821328,1,1,1,1,1,1,1
1,1,0.9709568,1,1,1,1,1,1,1
1,1,0.959696,1,1,1,1,1,1,1
1,1,0.9483534,1,1,1,1,1,1,1
1,1,0.9369324,1,1,1,1,1,1,1
1,1,0.9254366,1,1,1,1,1,1,1
1,1,0.91387,1,1,1,1,1,1,1
1,1,0.9022366,1,1,1,1,1,1,1
1,1,0.8905407,1,1,1,1,1,1,1
1,1,0.8787873,1,1,1,1,1,1,1
1,1,0.8669813,1,1,1,1,1,1,1
1,1,0.8551272,1,1,1,1,1,1,1
1,1,0.8432301,1,1,1,1,1,1,1
1,1,0.831296,1,1,1,1,1,1,1
1,1,0.8193293,1,1,1,1,1,1,1
1,1,0.8073357,1,1,1,1,1,1,1
1,1,0.7953205,1,1,1,1,1,1,1
1,1,0.7832894,1,1,1,1,1,1,1
1,1,0.7712474,1,1,1,1,1,1,1
1,1,0.7592002,1,1,1,1,1,1,1
1,1,0.7471527,1,1,1,1,1,1,1
1,1,0.7351102,1,1,1,1,1,1,2
1,1,0.7230778,1,1,1,1,1,1,2
1,1,0.71106,1,1,1,1,1,1,2
1,1,0.6990617,1,1,1,1,1,1,2
1,1,0.687087,1,1,1,1,1,1,2
1,1,0.6751407,1,1,1,1,1,1,2
1,1,0.6632262,1,1,1,1,1,1,2
1,1,0.6638528,1,1,1,1,1,1,2
1,1,0.6752003,1,1,1,1,1,1,2
1,0.8332894,0.686564,1,1,1,1,1,1,2
1,0.8116892,0.7078887,1,1,1,1,1,1,2
1,0.7904349,0.7311071,1,1,1,1,1,1,2
1,0.769554,0.7563659,1,1,1,1,1,1,2
1,0.7490677,0.7838045,1,1,1,1,1,1,2
1,0.7289931,0.8135754,1,1,1,1,1,1,2
1,0.7093409,0.8458441,1,1,1,1,1,1,2
1,0.6901178,0.8807909,1,1,1,1,1,1,2
1,0.6713265,1,1,1,1,1,1,1,2
1,0.6534585,1,1,1,1,1,1,1,2
1,0.6357268,1,1,1,1,1,1,1,2
1,0.6181597,1,1,1,1,1,1,1,2
1,0.6007826,1,1,1,1,1,1,1,2
1,0.5836188,1,1,1,1,1,1,1,2
1,0.5666886,1,1,1,1,1,1,1,2
1,0.5500101,1,1,1,1,1,1,1,2
1,0.5335985,1,1,1,1,1,1,1,2
1,0.5174665,1,1,1,1,1,1,1,2
1,0.501624,1,1,1,1,1,1,1,2
1,0.4860793,1,1,1,1,1,1,1,2
1,0.4979576,1,1,1,1,1,1,1,2
0.7150224,0.5125576,1,1,1,1,1,1,1,2
0.6754467,0.5363573,1,1,1,1,1,1,1,2
0.6386829,0.5625069,1,1,1,1,1,1,1,2
0.6044536,0.5912846,1,1,1,1,1,1,1,2
0.5725161,0.6230305,1,1,1,1,1,1,1,2
0.5426595,0.6581338,1,1,1,1,1,1,1,2
0.5146965,0.6970863,1,1,1,1,1,1,1,2
0.4884638,0.740449,1,1,1,1,1,1,1,2
0.4639872,1,1,1,1,1,1,1,1,2
0.4427666,1,1,1,1,1,1,1,1,2
0.4393623,1,1,1,1,1,1,1,1,2
0.4538177,1,1,1,1,1,1,1,1,2
0.4687518,1,1,1,1,1,1,1,1,2
0.4841539,1,1,1,1,1,1,1,1,2
0.4999924,1,1,1,1,1,1,1,1,2
0.5162511,1,1,1,1,1,1,1,1,2
0.5328935,1,1,1,1,1,1,1,1,2
0.5498895,1,1,1,1,1,1,1,1,2
0.5672066,1,1,1,1,1,1,1,1,2
0.5848199,1,1,1,1,1,1,1,1,2
0.6026832,1,1,1,1,1,1,1,1,2
0.6207581,1,1,1,1,1,1,1,1,2
0.6390147,1,1,1,1,1,1,1,1,2
0.6574016,1,1,1,1,1,1,1,1,2
1,1,1,1,1,1,1,1,1,1
1,1,1,1,1,1,1,1,1,1
1,1,1,1,1,1,1,1,1,1
1,1,1,1,1,1,1,1,1,1
1,1,1,1,1,1,1,1,1,1
1,1,1,1,1,1,1,1,1,1
1,1,1,1,1,1,1,1,1,1
1,1,1,1,1,1,1,1,1,1
1,1,1,1,1,1,1,1,1,1
1,1,1,1,1,1,1,1,1,1
1,1,1,1,1,1,1,1,1,1
1,1,1,1,1,1,1,1,1,1
1,1,1,1,1,1,1,1,1,1
1,1,1,1,1,1,1,1,1,1
1,1,1,1,1,1,1,1,1,1
1,1,1,1,1,1,1,1,1,1
1,1,1,1,1,1,1,1,1,1
1,1,1,1,1,1,1,1,1,1
1,1,1,1,1,1,1,1,1,1
1,1,1,1,1,1,1,1,1,1
1,1,1,1,1,1,1,1,1,1
1,1,1,1,1,1,1,1,1,1
1,1,1,1,1,1,1,1,1,1
1,1,1,1,1,1,1,1,1,1
1,1,1,1,1,1,1,1,1,1
1,1,1,1,1,1,1,1,1,1
1,1,1,1,1,1,1,1,1,1
1,1,1,1,1,1,1,1,1,1
1,1,1,1,1,1,1,1,1,1
1,1,1,1,1,1,1,1,1,1
1,1,1,1,1,1,1,1,1,1
1,1,1,1,1,1,1,1,1,1
1,1,1,1,1,1,1,1,1,1
1,1,1,1,1,1,1,1,1,1
1,1,1,1,1,1,1,1,1,1
1,1,1,1,1,1,1,1,1,1
1,1,1,1,1,1,1,1,1,1
1,1,1,1,1,1,1,1,1,1
1,1,1,1,1,1,1,1,1,1
1,1,1,1,1,1,1,1,1,1
1,1,1,1,1,1,1,1,1,1
1,1,1,1,1,1,1,1,1,1
1,1,1,1,1,1,1,1,1,1
1,1,1,1,1,1,1,1,1,1
1,1,1,1,1,1,1,1,1,1
1,1,1,1,1,1,1,1,1,1
1,1,1,1,1,1,1,0.9671177,1,1
1,1,1,1,1,1,1,0.9608389,1,1
1,1,1,1,1,1,1,0.9545784,1,1
1,1,1,1,1,1,1,0.9483373,1,1
1,1,1,1,1,1,1,0.9421228,1,1
1,1,1,1,1,1,1,0.9359363,1,1
1,1,1,1,1,1,1,0.9297794,1,1
1,1,1,1,1,1,1,0.92366,1,1
1,1,1,1,1,1,1,0.9175795,1,1
1,1,1,1,1,1,1,0.9115463,1,1
1,1,1,1,1,1,1,0.9055622,1,1
1,1,1,1,1,1,1,0.8996292,1,0
1,1,1,1,1,1,1,0.8937495,1,0
1,1,1,1,1,1,1,0.8879312,1,0
1,1,1,1,1,1,1,0.882177,1,0
1,1,1,1,1,1,1,0.8764949,1,0
1,1,1,1,1,1,1,0.8708812,1,0
1,1,1,1,1,1,1,0.8653505,1,0
1,1,1,1,1,1,1,0.859899,1,0
1,1,1,1,1,1,1,0.8545353,1,0
1,1,1,1,1,1,1,0.8492616,1,0
1,1,1,1,1,1,1,0.8440803,1,0
1,1,1,1,1,1,1,0.8389996,1,0
1,1,1,1,1,1,1,0.834022,1,0
1,1,1,1,1,1,1,0.8291557,1,0
1,1,1,1,1,1,1,0.824403,1,0
1,1,1,1,1,1,1,0.8197659,1,0
1,1,1,1,1,1,1,0.8152461,1,0
1,1,1,1,1,1,1,0.8108522,1,0
1,1,1,1,1,1,1,0.8065855,1,0
1,1,1,1,1,1,1,0.8024483,0.8224818,0
1,1,1,1,1,1,1,0.7995175,0.813915,0
1,1,1,1,1,1,1,0.7969701,0.8056511,0
1,1,1,1,1,1,1,0.7948318,0.7977201,0
1,1,1,1,1,1,1,0.7931152,0.7901381,0
1,1,1,1,1,1,1,0.7918385,0.7829257,0
1,1,1,1,1,1,1,1,0.7761016,0
1,1,1,1,1,1,1,1,0.7706593,0
1,1,1,1,1,1,1,1,0.7653571,0
1,1,1,1,1,1,1,1,0.7602053,0
1,1,1,1,1,1,1,1,0.7552087,0
1,1,1,1,1,1,1,1,0.7503713,0
1,1,1,1,1,1,1,1,0.7457033,0
1,1,1,1,1,1,1,1,0.7412087,0
1,1,1,1,1,1,1,1,0.7368972,0
1,1,1,1,1,1,1,1,0.7327724,0
1,1,1,1,1,1,1,1,0.7288376,0
1,1,1,1,1,1,1,1,0.725096,0
1,1,1,1,1,1,1,1,0.7215566,0
1,1,1,1,1,1,1,1,0.7182223,0
1,1,1,1,1,1,1,1,0.7151014,0
1,1,1,1,1,1,1,1,0.7121967,0
1,1,1,1,1,1,1,1,0.70951,0
1,1,1,1,1,1,1,1,0.7070433,0
1,1,1,1,1,1,1,1,0.7048044,0
1,1,1,1,1,1,1,1,1,1
1,1,1,1,1,1,1,1,1,1
1,1,1,1,1,1,1,1,1,1
1,1,1,1,1,1,1,1,1,1
1,1,1,1,1,1,1,1,1,1
1,1,1,1,1,1,1,1,1,1
1,1,1,1,1,1,1,1,1,1
1,1,1,1,1,1,1,1,1,1
1,1,1,1,1,1,1,1,1,1
1,1,1,1,1,1,1,1,1,1
1,1,1,1,1,1,1,1,1,1
1,1,1,1,1,1,1,1,1,1
1,1,1,1,1,1,1,1,1,1
1,1,1,1,1,1,1,1,1,1
1,1,1,1,1,1,1,1,1,1
1,1,1,1,1,1,1,1,1,1
1,1,1,1,1,1,1,1,1,1
1,1,1,1,1,1,1,1,1,1
1,1,1,1,1,1,1,1,1,1
1,1,1,1,1,1,1,1,1,1
1,1,1,1,1,1,1,1,1,1
1,1,1,1,1,1,1,1,1,1
1,1,1,1,1,1,1,1,1,1
1,1,1,1,1,1,1,1,1,1
1,1,1,1,1,1,1,1,1,1
1,1,1,1,1,1,1,1,1,1
1,1,1,1,1,1,1,1,1,1
1,1,1,1,1,1,1,0.998057,1,1
1,1,1,1,1,1,1,0.9955603,1,1
1,1,1,1,1,1,1,0.993117,1,1
1,1,1,1,1,1,1,0.9907196,1,1
1,1,1,1,1,1,1,0.9883735,1,1
1,1,1,1,1,1,1,0.9860708,1,1
1,1,1,1,1,1,1,0.983817,1,1
1,1,1,1,1,1,1,0.9816114,1,1
1,1,1,1,1,1,1,0.9794529,1,1
1,1,1,1,1,1,1,0.9773403,1,1
1,1,1,1,1,1,1,0.9752798,1,1
1,0.9996904,1,1,1,1,1,0.9732634,1,1
1,0.9881718,0.9958681,1,1,1,1,0.9712932,1,1
1,0.9764431,0.986037,1,1,1,1,0.9691998,1,1
1,0.9644725,0.9761358,1,1,1,1,0.9669569,1,1
1,0.9522673,0.9661667,1,1,1,1,0.9645578,1,1
1,0.9398366,0.9561318,1,1,1,1,0.9619961,1,1
1,0.9271914,0.9460346,1,1,1,1,0.9592807,1,1
1,0.9143435,0.9358786,1,1,1,1,0.9564008,1,1
1,0.9013055,0.9256679,1,1,1,1,0.9533669,1,1
1,0.8880922,0.9154074,1,1,1,1,0.9501702,1,1
1,0.8747188,0.9051015,1,1,1,1,0.9468231,1,1
1,0.861201,0.8947558,1,1,1,1,0.9433187,1,1
1,0.8475552,0.8843755,1,1,1,1,0.9396709,1,1
1,0.833799,0.8739668,1,1,1,1,0.9358811,1,1
1,0.8199494,0.8635352,1,1,1,1,0.931951,1,1
1,0.8060242,0.8530869,1,1,1,1,0.9278898,1,1
1,0.7920402,0.8426277,1,1,1,1,0.9237072,1,1
1,0.7780156,0.8321637,1,1,1,1,0.9194061,1,1
1,0.7639666,0.8217006,1,1,1,1,0.9149964,1,1
1,0.7584723,0.8112442,1,1,1,1,0.9104886,1,1
1,0.7670794,0.8272147,1,1,1,1,0.9059818,1,1
1,0.7752312,0.8575624,1,1,1,1,0.9017046,1,1
1,0.7827975,0.8859944,1,1,1,1,0.8976902,1,1
1,0.7898003,0.9123637,1,1,1,1,0.8939122,1,1
1,0.7962734,0.9366049,1,1,1,1,0.8903426,0.8087807,0
1,0.7929375,0.9151176,1,1,1,1,0.890352,0.8062028,0
1,0.7898203,0.8959139,1,1,1,1,0.8903888,0.8037286,0
1,0.7869133,0.8786915,1,1,1,1,0.868314,0.8013483,0
1,0.783296,0.8595244,1,1,1,1,0.8338588,0.7990794,0
1,0.7785696,0.8371223,1,1,1,1,0.7987303,0.796954,0
1,0.7728673,0.8124205,1,1,1,1,0.7746264,0.7950016,0
1,0.7667688,0.7877931,1,1,1,1,0.7761024,0.7932226,0
1,0.7612847,0.7666461,1,1,1,1,0.7775283,0.7915743,0
1,0.7563382,0.7483316,1,1,1,1,0.7789055,0.7900463,0
1,0.7518724,0.7323729,1,1,1,1,0.7802291,0.7886242,0
1,0.7478377,0.7183942,1,1,1,1,0.7814946,0.7872944,0
1,0.7441913,0.7060965,1,1,1,1,0.7826986,0.7860447,0
1,0.7408869,0.6952151,1,1,1,1,0.7838454,0.7848704,0
1,0.7378927,0.6855574,1,1,1,1,0.784932,0.783761,0
1,0.7351725,0.6769433,1,1,1,1,0.7859631,0.7827132,0
1,0.7327032,0.6692452,1,1,1,1,0.7869362,0.7817179,0
1,0.7304553,0.6623352,1,1,1,1,0.7878565,0.780773,0
0.9914327,0.7284126,0.6561271,1,1,1,1,0.7887213,0.7798706,0
0.976258,0.7268237,0.6512356,1,1,1,1,0.7893633,0.7789696,1
0.9588934,0.7258446,0.6480134,1,1,1,1,0.7896623,0.7780367,1
0.9393433,0.7254788,0.6464213,1,1,1,1,0.7895943,0.7770577,1
0.917652,0.7257416,0.6464607,1,1,1,1,0.7891318,0.7760137,1
0.8939068,0.7266383,0.6481286,1,1,1,1,0.7882602,0.7748946,1
0.8682373,0.7281846,0.6514567,1,1,1,1,0.7869636,0.7736862,1
0.8408157,0.7303766,0.6564476,1,1,1,1,0.7852474,0.7723892,1
0.8118512,0.7332277,0.6631562,1,1,1,1,0.7831091,0.7709942,1
0.7815803,0.7367485,0.6716435,1,1,1,1,0.7805533,0.7694944,1
0.7502664,0.6430144,0.681936,1,1,1,1,0.7776068,0.7678978,2
0.7134501,0.6259555,0.7004322,1,1,1,1,0.7728965,0.7659001,2
0.6758695,0.6084718,0.7228673,1,1,1,1,0.7675928,0.7637522,2
0.6380136,0.5906884,1,1,1,1,1,0.7617604,0.7614707,2
0.6042596,0.5741788,1,1,1,1,1,0.7568311,0.7593312,2
0.5699297,0.5572817,1,1,1,1,1,0.7513059,0.7570547,2
0.563647,0.5401018,1,1,1,1,1,0.7452351,0.7546568,2
0.5682212,0.5232035,1,1,1,1,1,0.7391378,0.7522292,2
0.5728997,0.5067619,1,1,1,1,1,0.7331939,0.7497957,2
0.5776671,0.4907512,1,1,1,1,1,0.7274024,0.7473558,2
0.5825082,0.4751465,1,1,1,1,1,0.7217615,0.6803228,2
0.58656,0.4608681,1,1,1,1,1,0.7172955,0.6366836,1
0.5900818,0.447392,1,1,1,1,1,0.7135569,0.6343981,1
0.5936161,0.4340439,1,1,1,1,1,0.7098537,0.6320932,1
0.5971609,0.4208185,1,1,1,1,1,0.7061847,0.6297681,1
0.6007143,0.4077099,1,1,1,1,1,0.7025487,0.6274219,1
0.6042746,0.3960256,1,1,1,1,1,0.698944,0.6250538,1
0.6078223,0.4014069,1,1,1,1,1,0.6953875,0.6226695,1
0.6112155,0.4065456,1,1,1,1,1,0.6920207,0.6202742,1
0.6144472,0.4114267,1,1,1,1,1,0.6888375,0.6178771,1
0.6175257,0.4160588,1,1,1,1,1,0.6858203,0.6154762,1
0.556159,0.4204404,1,1,1,1,1,0.6829602,0.6130757,1
0.5336201,0.4259891,1,1,1,1,1,0.6794371,0.610629,1
0.5109632,0.4318398,1,1,1,1,1,0.6757792,0.6081585,1
0.4882593,0.4380023,1,1,1,1,1,0.671992,0.6056602,1
0.4655747,0.4444854,1,1,1,1,1,0.6680816,0.60313,1
0.4429704,0.4512866,1,1,1,1,1,0.6640614,0.60057,1
0.4205037,0.458402,1,1,1,1,1,0.6599444,0.597982,2
0.3982226,0.4658383,1,1,1,1,1,0.655737,0.5953619,2
0.3761703,0.4735896,1,1,1,1,1,0.6514516,0.5927109,2
0.3543835,0.4816601,1,1,1,1,1,0.6470936,0.5900241,2
0.332892,0.4900314,1,1,1,1,1,0.6426811,0.5873087,2
0.3238181,1,1,1,1,1,1,0.6382176,0.5845591,0
0.325633,1,1,1,1,1,1,1,0.5817388,2
0.3302335,1,1,1,1,1,1,1,0.5790111,2
0.3348812,1,1,1,1,1,1,1,0.5762413,2
0.3395719,1,1,1,1,1,1,1,0.5734252,2
0.3442945,1,1,1,1,1,1,1,0.570565,2
0.3490379,1,1,1,1,1,1,1,0.567663,2
0.3537909,1,1,1,1,1,1,1,0.564722,2
0.3585496,1,1,1,1,1,1,1,0.5617392,1
0.3633101,1,1,1,1,1,1,1,0.5587118,1
0.3680615,1,1,1,0.9934592,1,1,1,0.5556437,1
0.372771,1,1,1,0.9845974,1,1,1,0.5525355,1
0.3774259,1,1,1,0.9755822,1,1,1,0.5493842,1
0.3820062,1,1,1,0.9664125,1,1,1,0.5461999,1
0.3865072,1,1,1,0.9570888,1,1,1,0.5429813,1
0.3909247,1,1,1,0.9476126,1,1,1,0.5397272,1
0.3952475,1,1,1,0.9379859,1,1,1,0.5364432,1
0.3994649,1,1,1,0.928212,1,1,1,0.5331351,1
0.4035675,1,1,1,0.9182953,1,1,1,0.5298092,1
1,1,1,1,0.9082407,1,1,1,0.526466,0
1,1,1,1,0.8917795,1,1,1,0.5225998,0
1,1,1,1,0.8937005,1,1,1,0.5191672,0
1,1,1,1,0.949542,1,1,1,0.5161687,0
1,1,1,1,1,0.9000775,1,1,0.5135995,0
1,1,1,1,1,0.8811115,1,1,0.5114618,0
1,1,1,1,1,0.8628198,1,1,1,1
1,1,1,1,1,0.8515027,1,1,1,1
1,1,1,1,1,0.8401478,1,1,1,1
1,1,1,1,1,0.8287586,1,1,1,1
1,1,1,1,1,0.8173393,1,1,1,1
1,1,1,1,1,0.8058933,1,1,1,1
1,1,1,1,1,0.7944245,1,1,1,1
1,1,1,1,1,0.7829368,1,1,1,1
1,1,1,1,1,0.7714338,1,1,1,1
1,1,1,1,1,0.7599195,1,1,1,1
1,1,1,1,1,0.7483974,1,1,1,1
1,1,1,1,1,0.7368712,1,1,1,1
1,1,1,1,1,0.7253445,1,1,1,1
1,1,1,1,1,0.7138208,1,1,1,1
1,1,1,1,1,0.7023035,1,1,1,0
1,1,1,1,1,0.6907956,1,1,1,0
1,1,1,1,1,0.6793002,1,1,1,0
1,1,1,1,1,0.6791596,1,1,1,0
1,1,1,1,1,0.6831869,1,1,1,0
1,1,1,1,1,0.6872417,1,1,1,1
1,1,1,1,1,0.6913252,1,1,1,1
1,1,1,1,1,0.6954383,1,1,1,1
1,1,1,1,1,0.6995622,1,1,1,1
1,1,1,1,1,0.7036973,1,1,1,1
1,1,1,1,1,0.7078446,1,1,1,1
1,1,1,1,1,1,1,1,1,1
1,1,1,1,1,1,1,1,1,1
1,1,1,1,1,1,0.6287482,1,1,0
1,1,1,1,1,1,0.6138587,1,1,0
1,1,1,1,1,1,0.5990719,1,1,0
1,1,1,1,1,1,0.584398,1,1,0
1,1,1,1,1,1,0.5698463,1,1,0
1,1,1,1,1,1,0.5554252,1,1,0
1,1,1,1,1,1,0.5411414,1,1,0
1,1,1,1,1,1,0.5270011,1,1,0
1,1,1,1,1,1,0.5130094,1,1,0
1,1,1,1,1,1,0.4991701,1,1,0
1,1,1,1,1,1,0.485486,1,1,0
1,1,1,1,1,1,0.4719595,1,1,0
1,1,1,1,1,1,0.4585917,1,1,0
1,1,1,1,1,1,0.4669368,1,1,0
1,1,1,1,1,1,0.4767164,1,1,0
1,1,1,1,1,1,0.4867826,1,1,0
1,1,1,1,1,1,0.4971194,1,1,0
1,1,1,1,1,1,0.5077249,1,1,0
1,1,1,1,1,1,0.5185969,1,1,0
1,1,1,1,1,1,1,1,1,1
1,1,1,1,1,1,1,1,1,1
1,1,1,1,1,1,1,1,1,1
1,1,1,1,1,1,1,1,1,1
1,1,1,1,1,1,1,0.4464162,1,0
1,1,1,1,1,1,1,0.4239618,1,0
1,1,1,1,1,1,1,0.4022659,1,0
1,1,1,1,1,1,1,0.3813329,1,0
1,1,1,1,1,1,1,0.3611589,1,0
1,1,1,1,1,1,1,0.3417327,1,0
1,1,1,1,1,1,1,0.3230374,1,0
1,1,1,1,1,1,1,0.3276639,1,0
1,1,1,1,1,1,1,0.3379645,1,0
1,1,1,1,1,1,1,0.3488306,1,0
1,1,1,1,1,1,1,0.3602609,1,0
1,1,1,1,1,1,1,0.3722521,1,0
1,1,1,1,1,1,1,1,0.3722327,0
1,1,1,1,1,1,1,1,0.3404733,0
1,1,1,1,1,1,1,1,0.3111133,0
1,1,1,1,1,1,1,1,0.2838945,0
1,1,1,1,1,1,1,1,0.2844126,0
1,1,1,1,1,1,1,1,0.2930108,0
1,1,1,1,1,1,1,1,0.3022474,0
1,1,1,1,1,1,1,1,0.3121631,0
1,1,1,1,1,1,1,1,0.3227947,0
1,1,1,1,1,1,1,1,0.3341913,0
1,1,1,1,1,1,1,1,1,1
1,1,1,1,1,1,1,1,1,1
1,1,1,1,1,1,1,1,1,1
1,1,1,1,1,1,1,1,1,1
1,1,1,1,1,1,1,1,1,1
1,1,1,1,1,1,1,1,1,1
1,1,1,1,1,1,1,1,1,1
1,1,1,1,1,1,1,1,1,1
1,1,1,1,1,1,1,1,1,1
1,1,1,1,1,1,1,1,1,1
1,1,1,1,1,1,1,1,1,1
1,1,1,1,1,1,1,1,1,1
1,1,1,1,1,1,1,1,1,1
1,1,1,1,1,1,1,1,1,1
1,1,1,1,1,1,1,1,1,1
1,1,1,1,1,1,1,1,1,1
1,1,1,1,1,1,1,1,1,1
1,1,1,1,1,1,1,1,1,1
1,1,1,1,1,1,1,1,1,1
1,1,1,1,1,1,1,1,1,1
1,1,1,1,1,1,1,1,1,1
1,1,1,1,1,1,1,1,1,1
1,1,1,1,1,1,1,1,1,1
1,1,1,1,1,1,1,1,1,1
1,1,1,1,1,1,1,1,1,1
1,1,1,1,1,1,1,1,1,1
1,1,1,1,1,1,1,1,1,1
1,1,1,1,1,1,1,1,1,1
1,1,1,1,1,1,1,1,1,1
1,1,1,1,1,1,1,1,1,1
1,1,1,1,1,1,1,1,1,1
1,1,1,1,1,1,1,1,1,1
1,1,1,1,1,1,1,1,1,1
1,1,1,1,1,1,1,1,1,1
1,1,1,1,1,1,1,1,1,1
1,1,1,1,1,1,1,1,1,1
1,1,1,1,1,1,1,1,1,1
1,1,1,1,1,1,1,1,1,1
1,1,1,1,1,1,1,1,1,1
1,1,1,1,1,1,1,1,1,1
1,1,1,1,1,1,1,1,1,1
1,1,1,1,1,1,1,1,1,1
1,1,1,1,1,1,1,1,1,1
1,1,1,1,1,1,1,1,1,1
1,1,1,1,1,1,1,1,1,1
1,1,1,1,1,1,1,1,1,1
1,1,1,1,1,1,1,1,1,1
1,1,1,1,1,1,1,1,1,1
1,1,1,1,1,1,1,1,1,1
1,1,1,1,1,1,1,1,1,1
1,1,1,1,1,1,1,1,1,1
1,1,1,1,1,1,1,1,1,1
1,1,1,1,1,1,1,1,1,1
1,1,1,1,1,1,1,1,1,1
1,1,1,1,1,1,1,1,1,1
1,1,1,1,1,1,1,1,1,1
1,1,1,1,1,1,1,1,1,1
1,1,1,1,1,1,1,1,1,1
1,1,1,1,1,1,1,1,1,1
1,1,1,1,1,1,1,1,1,1
1,1,1,1,1,1,1,1,1,1
1,1,1,1,1,1,1,1,1,1
1,1,1,1,1,1,1,1,1,1
1,1,1,1,1,1,1,1,1,1
1,1,1,1,1,1,1,1,1,1
1,1,1,1,1,1,1,1,1,1
1,1,1,1,1,1,1,1,1,1
1,1,1,1,1,1,1,1,1,1
1,1,1,1,1,1,1,1,1,1
1,1,1,1,1,1,1,1,1,1
1,1,1,1,1,1,1,1,1,1
1,1,1,1,1,1,1,1,1,1
1,1,1,1,1,1,1,1,1,1
1,1,1,1,1,1,1,1,1,1
1,1,1,1,1,1,1,1,1,1
1,1,1,1,1,1,1,1,1,1
1,1,1,1,1,1,1,1,1,1
1,1,1,1,1,1,1,1,1,1
1,1,1,1,1,1,1,1,1,1
1,1,1,1,1,1,1,1,1,1
1,1,1,1,1,1,1,1,1,1
1,1,1,1,1,1,1,1,1,1
1,1,1,1,1,1,1,1,1,1
1,1,1,1,1,1,1,1,1,1
1,1,1,1,1,1,1,1,1,1
1,1,1,1,1,1,1,1,1,1
1,1,1,1,1,1,1,1,1,1
1,1,1,1,1,1,1,1,1,1
1,1,1,1,1,1,1,1,1,1
1,1,1,1,1,1,1,1,1,1
1,1,1,1,1,1,1,1,1,1
1,1,1,1,1,1,1,1,1,1
1,1,1,1,1,1,1,1,1,1
1,0.9970104,1,1,1,1,1,1,1,1
1,0.9813411,1,1,1,1,1,1,1,1
1,0.9650977,1,1,1,1,1,1,1,1
1,0.948291,1,1,1,1,1,1,1,1
1,0.9398476,1,1,1,1,1,1,1,1
1,0.9414523,1,1,1,1,1,1,1,1
1,0.9430462,1,1,1,1,1,1,1,1
1,0.944629,1,1,1,1,1,1,1,1
1,0.9462007,1,1,1,1,1,1,1,1
1,0.9477617,1,1,1,1,1,1,1,1
1,0.9493033,1,1,1,1,1,1,1,1
1,0.9508339,1,1,1,1,1,1,1,1
1,0.9523455,1,1,1,1,1,1,1,1
1,0.9538463,1,1,1,1,1,1,1,1
1,0.9553283,1,1,1,1,1,1,1,1
1,0.9567995,1,1,1,1,1,1,1,1
1,0.9582521,1,1,1,1,1,1,1,1
1,0.9596862,1,1,1,1,0.9948782,1,1,1
1,0.9610209,1,1,1,0.9938868,0.9842905,1,1,1
1,0.9621191,1,1,1,0.9882828,0.9735503,1,1,1
1,0.9629856,1,1,1,0.9840621,0.9626649,1,1,1
1,0.9636325,1,1,1,0.9811179,0.9516457,1,1,1
1,0.9640638,1,1,1,0.9793892,0.9405047,1,1,1
1,0.9642923,1,1,1,0.9787943,0.9292523,1,1,1
1,0.9643227,1,1,1,0.9792937,0.9178997,1,1,1
1,0.964168,1,1,1,0.9808244,0.9064577,1,1,1
1,0.963841,1,1,1,0.983332,0.8949362,1,1,1
1,0.9633459,1,1,1,0.9867994,0.8833454,1,1,1
1,0.9626953,1,1,1,0.9911836,0.8716944,1,1,1
1,0.9619017,1,1,1,0.9964471,0.8599919,1,1,1
1,0.9609768,1,1,1,1,0.8482465,1,1,1
1,0.9599063,1,1,1,1,0.8364574,1,1,1
1,0.9586808,1,1,1,1,0.8246191,1,1,1
1,0.9572921,1,1,1,1,0.8127376,1,1,1
1,0.9557567,1,1,1,1,0.8008193,1,1,1
1,0.9540747,1,1,1,1,0.7888707,1,1,1
1,0.9522549,1,1,1,1,0.7768981,1,1,1
1,0.9503056,1,1,1,1,0.7649071,1,1,1
0.9944199,0.9482355,1,1,1,1,0.7529036,1,1,1
0.9652866,0.9462326,1,1,1,1,0.7409714,1,1,1
0.931907,0.9450656,1,1,1,1,0.7294312,1,1,1
0.894125,0.944845,1,1,1,1,0.7183093,1,1,1
0.8519845,0.9457051,1,1,1,1,0.707633,1,1,1
0.8057784,0.9477766,1,1,1,1,0.6974288,1,1,1
0.7560676,0.9511989,1,1,1,1,0.6877208,1,1,2
0.7526063,0.9560994,1,1,1,1,0.6785296,1,1,2
0.753981,0.960924,1,1,1,1,0.6692205,1,1,2
0.7553364,0.9654995,1,1,1,0.9803088,0.6597297,1,1,2
0.7566198,1,1,1,1,0.9577526,0.6500074,1,1,1
0.7575911,1,1,1,1,0.9431254,0.6397439,1,1,1
0.7585017,1,1,1,1,0.93058,0.6293264,1,1,1
0.759347,1,1,1,1,0.9199125,0.6187652,1,1,1
0.7601294,1,1,1,1,0.9109246,0.6080706,1,1,1
0.7608453,1,1,1,1,0.903478,0.5972524,1,1,1
0.7614914,1,1,1,1,0.8974569,0.5863212,1,1,1
0.7620777,1,1,1,1,0.8927075,0.5752873,1,1,1
0.7625948,1,1,1,1,0.8891817,0.5641602,1,1,1
0.7630465,1,1,1,1,0.8867852,0.55295,1,1,1
0.7634369,1,1,1,1,0.8854367,0.541666,0.7872833,1,0
0.7620387,1,1,1,1,0.9150363,0.5284049,0.7636136,1,0
0.7604948,1,1,1,1,1,0.5151427,0.739965,1,0
0.7589198,1,1,1,1,1,0.5020108,0.7168112,0.9436693,0
0.7566583,1,1,1,1,1,0.4883131,0.6916336,0.8823491,0
0.7537395,1,1,1,1,1,0.4741341,0.6647428,0.8857738,0
0.7507659,1,1,1,1,1,0.4682537,0.638565,0.889658,0
0.7477909,1,1,1,1,1,0.4853946,0.6132606,0.8939613,0
0.7448976,1,1,1,1,1,0.5038902,0.5890832,0.8985597,0
0.7420828,1,1,1,1,1,0.5237719,0.5659756,0.9034289,0
0.7393463,1,1,1,1,1,0.5450498,0.5438768,0.9085372,0
0.7366789,1,1,1,1,1,0.5677454,0.5227228,0.9138592,0
0.7340822,1,1,1,1,1,0.5918363,0.5024487,0.9193566,0
0.7315436,1,1,1,1,1,0.6173284,0.4829911,0.9250044,0
0.7290562,1,1,1,1,1,0.6441994,0.4642871,0.9307725,0
0.7266124,1,1,1,1,1,0.6724152,0.4462771,0.9366314,0
0.7242048,1,1,1,1,1,0.7019302,0.4289041,0.9425532,0
0.7218196,1,1,1,1,1,0.7327077,0.4121146,0.9485186,0
0.7194563,1,1,1,1,1,0.7646538,0.395858,0.9544967,0
0.7171023,1,1,1,1,1,1,0.3800873,0.6850355,0
0.7142562,1,1,1,1,1,1,0.3623399,0.6394555,0
0.711383,1,1,1,1,1,1,0.3447794,0.5952561,0
0.7085289,1,1,1,1,1,1,0.3512752,0.5528896,0
0.7057564,1,1,1,1,1,1,0.3656469,0.5132084,0
0.7030823,1,1,1,1,1,1,0.3815768,0.4763337,0
0.7005129,1,1,1,1,1,1,0.3991311,0.4421709,0
0.6980458,0.7508728,1,1,1,1,1,0.4184164,0.4105304,0
0.6952922,0.7441059,1,1,1,1,1,0.4323548,0.3866183,0
0.6925033,0.7374543,1,1,1,1,1,0.4468744,0.3637465,0
0.6896757,0.730923,1,1,1,1,1,0.4619443,0.3418497,0
0.6867994,0.7245079,1,1,1,1,1,0.4775417,0.3208591,0
0.6838704,0.7182094,1,1,1,1,1,0.493628,0.3007084,0
0.6808783,0.7120199,1,1,1,1,1,0.5101734,0.3014225,0
0.6777675,1,1,1,1,1,1,0.5264437,0.3080951,0
0.6755228,0.6978325,1,1,1,1,1,0.5549771,0.3176879,0
0.6719986,0.6925765,1,1,1,1,1,0.5698227,0.3241333,0
0.6683422,1,1,1,1,1,1,0.5838524,0.3304135,0
0.6658255,1,1,1,1,1,1,0.6131579,0.3401605,0
0.6631529,0.6730984,1,1,1,1,1,1,0.3499914,2
0.6580399,1,1,1,1,1,1,1,0.3536538,0
0.6544387,1,1,1,1,1,1,1,0.3613294,0
0.6507391,1,1,1,1,1,1,1,0.3690234,0
0.6469427,1,1,1,1,1,1,1,0.3767172,0
0.6430513,1,1,1,1,1,1,1,0.3843924,0
0.6390616,1,1,1,1,1,1,1,0.3920388,1
0.634977,1,1,1,1,1,1,1,0.3996382,1
0.6307954,1,1,1,1,1,1,1,0.4071806,1
0.6265276,1,1,1,1,1,1,1,0.4146399,1
0.6221727,1,1,1,1,1,1,1,0.4220072,1
0.6177303,1,1,1,1,1,1,1,0.4292737,1
0.6132067,1,1,1,1,1,1,1,0.4364229,1
0.6086088,1,1,1,1,1,1,1,0.4434393,1
0.603944,1,1,1,1,1,1,1,0.4503075,1
0.5992138,1,1,1,1,1,1,1,0.4570216,1
0.5944199,1,1,1,1,1,1,1,0.4635764,1
0.5895709,1,1,1,1,1,1,1,0.469959,1
0.5846753,1,1,1,1,1,1,1,0.4761576,1
0.5797361,1,1,1,1,1,1,1,0.4821694,1
0.5747625,1,1,1,1,1,1,1,0.4879842,1
0.5697638,1,1,1,1,1,1,1,0.4935929,1
0.5647434,1,1,1,1,1,1,1,0.4989955,1
0.559705,1,1,1,1,1,1,1,0.5041929,1
0.5546582,1,1,1,1,1,1,1,1,2
0.5480106,1,1,1,1,1,1,1,1,2
0.5417265,1,1,1,1,1,1,1,1,2
0.5358155,1,1,1,1,1,1,1,1,2
0.5741699,1,1,1,1,1,1,1,1,2
0.7304291,1,1,1,1,1,1,1,1,2
0.8854257,1,1,1,1,1,1,1,1,2
1,1,1,1,1,1,1,1,1,1
1,1,1,1,1,1,1,1,1,1
1,1,1,1,1,1,1,1,1,1
1,1,1,1,1,1,1,1,1,1
1,1,1,1,1,1,1,1,1,1
1,1,1,1,1,1,1,1,1,1
1,1,1,1,1,1,1,1,1,1
1,1,1,1,1,1,1,1,1,1
1,1,1,1,1,1,1,1,1,1
1,1,1,1,1,1,1,1,1,1
1,1,1,1,1,1,1,1,1,1
1,1,1,1,1,0.9953753,1,1,1,1
1,1,1,1,1,0.9858633,1,1,1,1
1,1,1,1,1,0.976336,1,1,1,1
1,1,1,1,1,0.9667937,1,1,1,1
1,1,1,1,1,0.9572363,1,1,1,1
1,1,1,1,0.9968651,0.9476646,1,1,1,1
1,1,1,1,0.986684,0.9380697,1,1,1,1
1,1,1,1,0.9764177,0.9284325,1,1,1,1
1,1,1,1,0.9660681,0.9187536,1,1,1,1
1,1,1,1,0.9556386,0.9090346,1,1,1,1
1,1,1,1,0.9451321,0.8992766,1,1,1,1
1,1,1,1,0.9345523,0.8894814,1,1,1,1
1,1,1,1,0.9239028,0.8796509,1,1,1,1
1,1,1,1,0.913188,0.8697871,1,1,1,1
1,1,1,1,0.9024125,0.8598925,1,1,1,1
1,1,1,1,0.8915806,0.8499688,1,1,1,1
1,1,1,1,0.880697,0.8400186,1,1,1,1
1,1,1,1,0.8697668,0.8300444,1,1,1,1
1,1,1,1,0.8587955,0.8200494,1,1,1,1
1,1,1,1,0.847788,0.8100355,1,1,1,1
1,1,1,1,0.8367496,0.800006,1,1,1,1
1,1,1,1,0.825685,0.7899629,1,1,1,1
1,1,1,1,0.8146002,0.7799093,1,1,1,1
1,1,1,1,0.8034993,0.7698472,1,1,1,1
1,1,1,1,0.7923879,0.7597794,1,1,1,2
1,1,1,1,0.7812706,0.7497083,1,1,1,2
1,1,1,1,0.7701515,0.7396358,1,1,1,2
1,1,1,1,0.7590355,0.7295641,1,1,1,2
1,1,1,1,0.7479261,0.7194949,1,1,1,2
1,1,1,1,0.7368276,0.7094301,1,1,1,2
1,1,1,1,0.7257432,0.6993712,1,1,1,2
1,1,1,1,0.7146769,0.6893199,1,1,1,2
1,1,1,1,0.703631,0.6792771,1,1,1,2
1,1,1,0.7409924,0.6926082,0.6692437,1,1,1,2
1,1,1,0.7268059,0.6806859,0.6588956,1,1,1,2
1,1,1,0.7127667,0.6688529,0.6485999,1,1,1,2
1,1,1,0.6988844,0.6571144,0.638358,1,1,1,2
1,1,1,0.6851663,0.6454738,0.6281699,1,1,1,2
1,1,1,0.6716179,0.6339338,0.618035,1,1,1,2
1,1,1,0.6582421,0.6224952,0.6079518,1,1,1,2
1,1,1,0.6450404,0.6111578,0.5979179,1,1,1,2
1,1,1,0.6320124,0.5999203,0.5879305,1,1,1,2
1,1,1,0.6191561,0.5887802,0.5779859,1,1,1,2
1,1,1,0.6064689,0.5777349,0.5680807,1,1,1,2
1,1,1,0.5939459,0.5667804,0.5582103,1,1,1,2
1,1,1,0.5815823,0.5559123,0.5483702,1,1,1,2
1,1,1,0.5693725,0.5451264,0.5385565,1,1,1,2
1,1,1,0.5573099,0.5344177,0.5287642,1,1,1,2
1,1,1,0.545388,0.523781,0.5189891,1,1,1,2
1,1,1,0.5335997,0.5132115,0.5092272,1,1,1,2
1,1,1,0.5219379,0.5027039,0.499474,1,1,1,2
1,1,1,0.5103955,0.4922534,0.4897262,1,1,1,2
1,1,0.5604104,0.4989653,0.4818551,0.4799799,1,1,1,2
1,1,0.5434202,0.4863295,0.471052,0.4705676,1,1,1,2
1,1,0.5271178,0.4740199,0.4604233,0.4612078,1,1,1,2
1,1,0.5114418,0.4620038,0.4499448,0.4518803,1,1,1,2
1,1,0.4963339,0.4502502,0.4395941,1,1,1,1,2
1,1,0.4810209,0.4384568,0.4293063,1,1,1,1,2
1,1,0.4662187,0.4269046,0.419141,1,1,0.9893045,1,2
1,0.9872673,0.451957,0.4155951,0.4090804,1,1,0.9771751,1,2
1,0.9559115,0.4381064,0.404473,0.3991037,1,1,0.9658558,1,2
1,0.9257723,0.4245211,0.3934835,0.3892025,1,1,0.9548211,1,2
1,0.9269441,0.4112075,0.3826259,0.3793708,1,1,0.9441395,1,2
1,0.9383216,0.3983163,0.3719393,0.3695829,1,1,0.9345257,1,2
1,0.9490038,0.3858358,0.3614069,0.3598145,1,1,0.9260508,1,2
1,0.9589812,0.3736985,0.3509973,0.3500509,1,1,0.9185501,1,2
1,0.9682644,0.3618486,0.3406856,0.340282,1,1,0.9118808,1,2
1,0.9768718,0.3502397,0.3304521,0.330501,1,1,0.9059247,1,2
1,0.9848372,0.338833,0.320281,0.3207039,1,1,0.9005768,1,2
1,0.992198,0.3275962,0.3101598,0.3108883,1,1,0.8957487,1,2
1,0.4157401,0.3165025,0.3000786,0.3010534,1,1,0.8913742,1,2
1,0.3940979,0.3038979,0.2897812,0.2917908,1,1,0.8776748,1,2
1,0.3739713,0.2917492,0.279669,0.2825719,1,1,0.8652745,1,2
1,0.3552798,0.2800266,0.2697061,0.9195895,1,1,0.8542483,1,2
1,0.3365606,0.2683567,0.259871,0.9128625,1,1,0.8422143,1,2
1,0.3190464,0.2570532,0.2501625,0.9061916,1,1,0.8313147,1,2
1,0.3025548,0.2460584,0.2405487,0.8995056,1,1,0.821395,1,2
0.9522134,0.2869329,0.2353237,0.231004,1,1,1,0.8123159,1,2
0.9037907,0.271513,0.2246962,0.2215621,1,1,1,0.8028498,1,2
0.8581325,0.2565451,0.2142354,0.2122093,1,1,1,0.7934841,1,2
0.8365534,0.2420526,0.2039448,0.2029375,1,1,1,0.7843021,1,2
0.3589426,0.2281498,0.1938402,0.8366042,1,1,1,0.7756122,1,2
0.3303839,0.2140675,0.1837994,0.8294713,1,1,1,0.7656471,1,2
0.3038346,0.2005135,0.1739553,0.822728,1,1,1,0.755963,1,2
0.2790945,0.1874568,0.1642982,0.8163723,1,1,1,0.7666058,1,2
0.2559895,0.1748688,0.1548188,1,1,1,1,0.7860922,1,2
0.2343668,0.1627226,0.1455078,1,1,1,1,0.8089428,1,2
0.2140929,0.1509938,0.1363568,1,1,1,1,0.8359392,1,2
0.1950501,0.13966,0.7650058,1,1,1,1,0.8681257,1,2
0.1771336,0.1286998,0.7564681,1,1,1,1,0.9069322,1,2
0.1602506,0.1180935,0.7483472,1,1,1,1,0.9543654,1,2
0.1443181,0.1078228,0.7406372,1,1,1,1,1,1,2
0.1292622,0.09787069,0.7333331,1,1,1,1,1,1,2
0.1150167,0.08822134,0.7264307,1,1,1,1,1,1,2
0.101522,0.1104795,0.7199265,1,1,1,0.7780405,1,1,2
0.08872419,0.1391822,0.7138181,1,1,1,0.7616013,1,1,2
0.07657484,0.173203,1,1,1,1,0.7457016,1,1,2
0.07999621,0.2139735,1,1,1,1,0.7303053,1,1,2
0.09229874,0.2634583,1,1,1,1,0.715386,1,1,2
0.1053111,0.3211641,1,1,1,1,0.7016105,1,1,2
0.1188351,0.6758615,1,1,1,1,0.689031,1,1,2
0.1323282,0.6667479,1,1,1,1,0.6781057,1,1,2
0.1461947,0.6579648,1,1,1,1,0.6676728,1,1,2
0.1603557,0.6494624,1,1,1,1,0.6576785,1,1,2
0.1747513,0.6411973,1,1,1,1,0.6480659,1,1,2
0.18932,0.6331336,1,1,1,1,0.6387872,1,1,2
0.2040004,0.6252396,1,1,1,1,0.6298016,1,1,2
0.2187202,0.6174884,1,1,1,1,0.6210817,1,1,2
0.2334204,0.6098575,1,1,1,1,0.6125988,1,1,1
0.2480566,0.6023268,1,1,1,1,0.604322,1,1,1
0.262564,0.59488,1,1,1,1,0.596238,1,1,1
0.2768938,0.5875031,1,1,1,1,0.5883297,1,1,1
0.2910133,0.5801833,1,1,1,1,0.5805768,1,1,1
0.3048828,0.5729101,1,1,1,1,0.5729679,1,1,1
0.7176373,0.5656749,1,1,1,1,0.5654938,1,1,0
0.7130715,0.558934,1,1,1,1,0.56008,1,1,0
0.7083384,0.5521482,1,1,1,1,0.5546867,1,1,0
0.7034315,0.5453149,1,1,1,1,0.5493094,1,1,0
0.6983443,0.5384313,1,1,1,1,0.5439434,0.5012389,1,0
0.6989704,0.5324671,1,1,1,1,0.5417598,0.4944282,1,0
0.6997596,0.5265595,1,1,1,1,1,0.4879972,1,0
0.6955117,0.5197008,1,1,1,1,1,0.481756,1,0
0.6910853,0.5127835,1,1,1,1,1,0.4756433,1,0
0.6864676,0.5058033,1,1,1,1,1,0.4696541,1,0
0.6816452,0.4987554,1,1,1,1,1,0.463783,1,0
0.6766047,0.4916355,1,1,1,1,1,0.4580249,1,0
0.671334,0.4844398,1,1,1,1,1,0.4523686,1,0
0.6658204,0.4771644,1,1,1,1,1,0.4468092,1,0
0.6600514,0.4698052,1,1,1,1,1,0.441342,1,0
0.6540166,0.4623595,1,1,1,1,1,0.4359561,1,0
0.6477045,0.4548238,1,1,1,1,1,0.4306532,1,0
0.641105,0.4471954,1,1,1,1,1,0.4254169,1,0
0.6342098,0.4394725,1,1,1,1,1,0.4202492,1,0
0.6270105,0.4316531,1,1,1,1,1,0.415134,0.4329987,0
0.6275533,0.4255859,1,1,1,1,1,0.4109905,0.4246848,0
0.628247,0.4195074,1,1,1,1,1,0.4071881,0.41685,0
0.6291016,0.4134119,1,1,1,1,1,0.4037247,0.4094768,0
0.630129,0.4072939,1,1,1,1,1,1,0.4025487,1
0.6197315,0.3983848,1,1,1,1,1,1,0.397391,1
0.6089986,0.3944912,1,1,1,1,1,1,0.3923108,1
0.5198801,0.4035478,1,1,1,1,1,1,0.3872989,1
0.5071343,0.4149346,1,1,1,1,1,1,0.382514,1
0.494346,0.4263057,1,1,1,1,1,1,0.3777401,1
0.4815156,0.4376651,1,1,1,1,1,1,0.3729771,1
0.4686448,0.4490325,1,1,1,1,1,1,0.3682186,1
0.4557354,0.4603949,1,1,1,1,1,1,0.3634706,1
0.4427892,0.471756,1,1,1,0.9998544,1,1,0.3587331,1
0.429809,0.4831149,1,1,1,0.988333,1,1,0.3540057,1
0.4169275,0.4941341,1,1,1,0.9766276,1,1,0.3492663,1
0.4041297,0.5048023,1,1,1,0.964748,1,1,0.3445163,1
0.3914015,0.5150958,1,1,1,0.9527056,1,1,0.3397634,1
0.3787284,0.5250099,1,1,1,0.9405122,1,1,0.3350092,1
0.3660959,0.7380893,1,1,1,0.9281807,1,1,0.3302554,0
0.354791,0.7300063,1,1,1,0.9134256,1,1,0.325315,0
0.3433107,0.7218679,1,1,1,0.89881,1,1,0.3496126,1
0.3311969,0.7132928,1,1,1,0.8851234,1,1,0.4030178,1
0.3180575,0.7039113,1,1,1,0.8730974,1,1,0.4527792,1
0.3070787,0.6937948,1,1,1,0.8625857,1,1,0.4971871,1
0.3137838,0.6830832,1,1,1,0.8533608,1,1,0.5355251,2
0.3209226,0.6720693,1,1,1,0.844889,1,1,1,2
0.3333906,0.6565909,1,1,1,0.8472002,1,1,0.5564811,1
0.341011,0.6460108,1,1,1,0.8385856,1,1,1,2
0.3546573,0.6313713,1,1,0.9546869,0.841438,1,1,1,2
0.3688354,0.6176009,1,1,0.9121787,0.8440548,1,1,1,2
0.3832171,0.6047372,1,1,0.8751547,0.8458422,1,1,1,2
0.3977244,0.5926438,1,1,0.8426,0.8467256,1,1,1,2
0.4122688,0.6124499,1,1,0.8137447,0.8466427,1,1,1,2
0.426576,0.6587173,1,1,0.7884367,0.8452363,1,1,1,2
0.4403997,0.7041677,1,1,0.7664095,0.8422489,1,1,1,2
1,1,1,1,0.7470847,0.8377247,1,1,1,0
1,1,1,1,0.7489494,0.8172821,1,1,1,0
1,1,1,1,0.7515885,0.796967,1,1,1,0
1,1,1,1,0.7550207,0.7768315,1,1,1,0
1,1,1,1,0.7592652,0.7569216,1,1,1,0
1,0.7028753,1,1,0.7643312,0.7372762,1,1,1,0
1,1,1,1,0.7651256,0.7204133,1,1,1,0
1,0.6911682,1,1,0.7717662,0.7012235,1,1,1,0
1,1,1,1,0.7732741,0.6848862,1,1,1,0
1,0.6792118,1,1,0.7815368,0.6662369,1,1,1,0
1,1,1,1,0.783646,0.6504777,0.8566437,1,1,0
1,0.6596177,1,1,0.8010081,0.6300341,0.8214501,1,1,0
1,0.6497871,1,1,0.8128363,0.6123387,0.7925714,1,1,0
1,0.6396693,1,1,0.8266147,0.616055,0.764271,1,1,0
1,0.630208,1,1,0.8414286,0.6209826,0.7371424,1,1,0
1,0.6214395,1,1,1,0.6262487,0.7111686,1,1,0
1,0.6164603,1,1,1,0.6294321,0.6882357,1,1,0
1,0.6113497,1,1,1,0.6331524,0.665773,1,1,0
1,0.6061853,1,1,1,0.6373915,0.6438097,1,1,0
1,0.6010308,1,1,1,0.6421317,0.6223642,1,1,0
1,0.5959249,1,1,1,0.6473671,0.6014458,1,1,0
1,0.5909215,1,1,1,0.6530688,0.5810567,1,1,0
1,0.586039,1,1,1,0.659232,0.5611929,1,1,0
1,0.5813129,1,1,1,0.6658282,0.5418452,1,1,0
0.5746123,0.5767463,1,1,1,0.6728542,0.5229999,1,1,1
0.5542232,1,1,1,1,0.6614497,0.5118167,1,1,0
0.541517,1,1,1,1,0.6614171,0.4961359,1,1,0
0.5284282,1,1,1,1,0.6612645,0.4806946,1,1,0
0.5149432,1,1,1,1,0.6609631,0.4654875,1,1,0
0.5010513,1,1,1,1,0.6604711,0.4516403,1,1,0
0.4867216,1,1,1,1,0.6597206,0.4494441,1,1,1
0.4717122,1,1,1,1,0.6582586,0.4469853,1,1,1
0.4560677,1,1,1,1,0.6560931,0.4442716,1,1,1
0.4398372,1,1,1,1,0.6532121,0.441294,1,1,1
0.4230737,1,1,1,1,0.6496245,0.4380549,1,1,1
0.4058333,1,1,1,1,0.6453603,0.4345681,1,1,1
0.3952762,1,1,1,1,0.6404272,0.4308303,1,1,1
0.3983693,1,1,1,1,0.6352057,0.4269905,0.6374686,1,0
0.3978905,1,1,1,1,1,0.4303504,0.5930538,1,0
0.3987275,1,1,1,1,1,0.4310721,0.5583667,1,0
0.3992582,1,1,1,1,1,0.4325134,0.5239536,1,0
0.3995052,1,1,1,1,1,0.4346903,0.490097,1,0
0.3994996,1,1,1,1,1,0.4376087,0.4570286,1,0
0.3992724,1,1,1,1,1,0.4412752,0.4249296,1,0
0.3988459,1,1,1,1,1,0.4457061,0.3939294,1,0
0.3982612,1,1,1,1,1,0.450888,0.3641122,1,0
0.3975349,1,1,1,1,1,0.4568389,0.3355211,1,0
0.3966942,1,1,1,1,1,0.4635569,0.3081667,1,0
0.3957554,1,1,1,1,1,0.4710517,0.3042874,1,0
0.3948808,1,1,1,1,1,0.4787045,0.3053567,1,0
0.3940864,1,1,1,1,1,0.4863644,0.3064863,1,0
0.3933571,1,1,1,1,1,0.4940093,0.3076673,1,0
0.3926868,1,1,1,1,1,1,0.3088841,1,1
0.3937058,1,1,1,1,1,1,0.3077271,1,1
0.394713,1,1,1,1,1,1,0.3065867,0.5341011,0
0.3927507,1,1,1,1,1,1,0.3098589,0.4246221,0
0.390549,1,1,1,1,1,1,0.3139563,0.3333428,0
0.3883243,1,1,1,1,1,1,0.3185953,0.2587556,0
0.3860814,1,1,1,1,1,1,0.323799,0.2587677,0
0.3838189,1,1,1,1,1,1,0.3296008,0.2602823,0
0.3815289,1,1,1,1,1,1,0.3360463,0.2621523,0
0.3792157,1,1,1,1,1,1,0.3431697,0.2643796,0
0.3768777,1,1,1,1,1,1,0.3510172,0.2669734,0
0.3745126,1,1,1,1,1,1,0.3596409,0.2699441,0
0.3721185,1,1,1,1,1,1,0.3690989,0.2733032,0
0.369712,1,1,1,1,1,1,0.3792905,0.2770178,0
0.3673335,1,1,1,1,1,1,0.866802,0.2809681,0
0.3655678,1,1,1,1,1,1,0.874074,0.2832898,0
0.3637865,1,1,1,1,1,1,0.8810479,0.2856166,1
0.3619865,1,1,1,1,1,1,0.8877222,0.2879478,1
0.360171,1,1,1,1,1,1,0.8940868,0.2902765,1
0.3583438,1,1,1,1,1,0.9903798,0.9001336,0.2925954,1
0.9344262,1,1,1,1,1,0.9794108,0.9059697,0.2949125,0
0.9309819,1,1,1,1,1,0.9640724,0.9325073,0.3000621,0
0.9277472,1,1,1,1,1,1,0.9612268,0.3056858,0
0.9247239,1,1,1,1,1,1,0.9923276,0.3117984,0
0.9219075,1,1,1,1,1,1,1,0.3184229,0
1,1,1,1,1,1,1,1,0.325592,0
1,1,1,1,1,1,1,1,0.7706189,0
1,1,1,1,1,1,1,1,0.7432035,0
1,1,1,1,1,1,1,1,0.7205912,0
1,1,1,1,1,1,1,1,0.7291461,0
1,1,1,1,1,1,1,0.9885015,0.7378129,0
1,1,1,1,1,1,1,0.9722335,0.746703,0
1,1,1,1,1,1,1,0.9562751,0.7558731,0
1,1,1,1,1,1,1,0.9406293,0.7653092,0
1,1,1,1,1,1,1,0.9252971,0.7750036,0
0.8922189,1,1,1,1,1,1,0.9102777,0.7849479,0
0.8889022,1,1,1,1,1,1,0.8976548,0.7923648,0
0.8855421,1,1,1,1,1,1,0.885209,0.7997868,1
0.8821362,1,1,1,1,1,1,0.872935,0.8072057,1
0.8786813,1,1,1,1,1,1,0.8608276,0.8146132,1
0.8751753,1,1,1,1,1,1,0.8488815,0.8220011,1
0.8716217,1,1,1,1,1,1,0.8370911,0.8293535,1
0.8680183,1,1,1,1,1,1,0.8254505,0.8366627,1
0.864363,1,1,1,1,1,1,0.8139541,0.8439215,1
0.8606602,1,1,1,1,1,1,0.8025956,0.8511146,1
0.8569083,1,1,1,1,1,1,0.7913694,0.8582357,1
0.8531058,1,1,1,1,1,1,0.7802693,0.8652784,1
0.8492516,1,1,1,1,1,1,0.7692895,0.8722368,1
0.8453509,1,1,1,1,1,1,0.758424,0.8790978,1
0.8414028,1,1,1,1,1,1,0.7476671,0.8858566,1
0.8374131,1,1,1,1,1,1,0.7449368,0.8925006,1
0.8333613,1,1,1,1,1,1,0.7568219,0.8989205,1
0.8292168,1,1,1,1,1,1,0.7678078,0.9049107,1
0.8249907,1,1,1,1,1,1,0.7778894,0.9104778,1
0.8206891,1,1,1,1,1,1,0.7870835,0.9156386,1
0.8163238,1,1,1,1,1,1,0.7953988,0.9204025,1
0.8119073,1,1,1,1,1,1,0.8028512,0.9247807,1
0.8074526,1,1,1,1,1,1,0.8094621,0.9287852,1
0.8029661,1,1,1,1,1,1,0.8152717,0.9324371,1
0.7984608,1,1,1,1,1,1,0.8203096,0.9235098,1
0.7939934,1,1,1,1,1,1,0.8252959,0.9119616,1
0.7895743,1,1,1,1,1,1,0.8303806,0.9001977,1
0.7851973,1,1,1,1,1,1,0.835591,0.8882138,1
0.7808681,1,1,1,1,1,1,0.8409251,0.8760071,1
0.7765802,0.984006,1,1,1,1,1,0.8464095,0.8635744,1
0.7722659,0.9433568,1,1,1,1,1,0.8509476,0.8515999,1
0.7678322,0.8989193,1,1,1,1,1,0.8528537,0.841108,2
0.7632935,0.8510958,1,1,1,1,1,0.8519314,0.8322155,2
0.7586808,0.8005093,1,1,1,1,1,0.8480765,0.8250386,2
0.7540367,0.7756921,1,1,1,1,1,0.8413098,0.8196915,2
0.7495016,0.7744309,1,1,1,1,1,0.8334724,0.8150652,2
0.8768933,0.7732827,1,1,1,1,1,0.8260996,0.8101136,1
1,0.7706712,1,1,1,1,1,0.8272475,0.798637,1
1,0.7665678,1,1,1,1,1,0.8364297,0.7810495,1
1,0.7623896,1,1,1,1,1,0.8460399,0.7632972,1
1,0.7581473,1,1,1,1,1,0.8560665,0.7454106,1
1,0.7538393,1,1,1,1,1,0.8665236,0.7274188,1
1,0.7494637,1,1,1,1,1,0.8774233,0.7093517,1
1,0.7450324,1,1,1,1,1,0.8887509,0.691238,1
1,0.7405439,1,1,1,1,1,0.9005168,0.6731052,1
1,0.7359968,1,1,1,1,1,0.91273,0.65498,1
1,0.7314031,1,1,1,1,1,1,0.6368873,1
1,0.7271348,1,1,1,1,1,1,0.6200696,1
1,0.7227644,1,1,1,1,1,1,0.603031,1
1,0.7182892,1,1,1,1,1,1,0.5858052,1
1,0.7137142,1,1,1,1,1,1,0.5696884,1
1,0.7090542,1,1,1,1,1,1,0.5757418,1
1,0.7044794,1,1,1,1,1,1,0.5816661,1
1,0.6999885,1,1,1,1,1,1,0.5874521,1
1,0.6955746,1,1,1,1,1,1,0.5930983,1
1,0.6912379,1,1,1,1,1,1,0.5985966,1
1,0.6869791,1,1,1,1,1,1,0.6039394,1
1,0.6827928,1,1,1,1,1,1,0.6091277,1
1,0.678681,1,1,1,1,1,1,0.614155,1
1,1,1,1,1,1,1,1,0.6190232,0
1,1,1,1,1,1,1,1,0.6303076,0
1,1,1,1,1,1,1,1,0.6418048,0
1,1,1,1,1,1,1,1,0.6535015,0
1,1,1,1,1,1,1,1,0.6653681,0
1,1,1,1,1,1,1,1,0.6773904,0
1,1,1,1,1,1,1,1,0.6895453,0
1,1,1,1,1,1,1,1,0.7018095,0
1,1,1,1,1,1,1,1,0.7141595,0
1,1,1,1,1,1,1,1,0.7265798,0
1,1,1,1,1,1,1,1,0.7390459,0
1,1,1,1,1,1,1,1,0.7515341,0
1,1,1,1,1,1,1,1,0.7640286,0
1,1,1,1,1,1,1,1,0.7765056,0
1,1,1,1,1,1,1,1,0.7889413,0
1,1,1,1,1,1,1,1,1,1
1,1,1,1,1,1,1,1,1,1
1,1,1,1,1,1,1,1,1,1
1,1,1,1,1,1,1,1,1,1
0.5765736,1,1,1,1,1,1,1,1,2
0.5687262,1,1,1,1,1,1,1,1,2
0.5612165,1,1,1,1,1,1,1,1,2
0.5540558,1,1,1,1,1,1,1,1,2
0.547249,1,1,1,1,1,1,1,1,2
0.5408124,1,1,1,1,1,1,1,1,2
0.5347497,1,1,1,1,1,1,1,1,2
0.5290641,1,1,1,1,1,1,1,1,2
0.5237704,1,1,1,1,1,1,1,1,2
0.518871,1,1,1,1,1,1,1,1,2
0.670836,1,1,1,1,1,1,1,1,2
1,1,1,1,1,1,1,1,1,1
1,1,1,1,1,1,1,1,1,1
1,1,1,1,1,1,1,1,1,1
1,1,1,1,1,1,1,1,1,1
1,1,1,1,1,1,1,1,1,1
1,1,1,1,1,1,1,1,1,1
1,1,1,1,1,1,1,1,1,1
1,1,1,1,1,1,1,1,1,1
1,1,1,1,1,1,1,1,1,1
1,1,1,1,1,1,1,1,1,1
1,1,1,1,1,1,1,1,1,1
1,1,1,1,1,1,1,1,1,1
1,1,1,1,1,1,1,1,1,1
1,1,1,1,1,1,1,1,1,1
1,1,1,1,1,1,1,1,1,1
1,1,1,1,1,1,1,1,1,1
1,1,1,1,1,1,1,1,1,1
1,1,1,1,1,1,1,1,1,1
1,1,1,1,1,1,1,1,1,1
1,1,1,1,1,1,1,1,1,1
1,1,1,1,1,1,1,1,1,1
1,1,1,1,1,1,1,1,1,1
1,1,1,1,1,1,1,1,1,1
1,1,1,1,1,1,1,1,1,1
1,1,1,1,1,1,1,1,1,1
1,1,1,1,1,1,1,1,1,1
1,1,1,1,1,1,1,1,1,1
1,1,1,1,1,1,1,1,1,1
1,1,1,1,1,1,1,1,1,1
1,1,1,1,1,1,1,1,1,1
1,1,1,1,1,1,1,1,1,1
1,1,1,1,1,1,1,1,1,1
1,1,1,1,1,1,1,1,1,1
1,1,1,1,1,1,1,1,1,1
1,1,1,1,1,1,1,1,1,1
1,1,1,1,1,1,1,1,1,1
1,1,1,1,1,1,1,1,1,1
1,1,1,1,1,1,1,1,1,1
1,1,1,1,1,1,1,1,1,1
1,1,1,1,1,1,1,1,1,1
1,1,1,1,1,1,1,1,1,1
1,1,1,1,1,1,1,1,1,1
1,1,1,1,1,1,1,1,1,1
1,1,1,1,1,1,1,1,1,1
1,1,1,1,1,1,1,1,1,1
1,1,1,1,1,1,1,1,1,1
1,1,1,1,1,1,1,1,1,1
1,1,1,1,1,1,1,1,1,1
1,1,0.9977514,1,1,1,1,1,1,1
1,1,0.9866995,1,1,1,1,1,1,1
1,1,0.9755591,1,1,1,1,1,1,1
1,1,0.9643327,1,1,1,1,1,1,1
1,1,0.9530231,1,1,1,1,1,1,1
1,1,0.941634,1,1,1,1,1,1,1
1,1,0.9301684,1,1,1,1,1,1,1
1,1,0.9186303,1,1,1,1,1,1,1
1,1,0.9070238,1,1,1,1,1,1,1
1,1,0.895353,1,1,1,1,1,1,1
1,1,0.8836228,1,1,1,1,1,1,1
1,1,0.8718375,1,1,1,1,1,1,1
1,1,0.8600024,1,1,1,1,1,1,1
1,1,0.8481226,1,1,1,1,1,1,1
1,1,0.8362029,1,1,1,1,1,1,1
1,1,0.824249,1,1,1,1,1,1,1
1,1,0.8122657,1,1,1,1,1,1,1
1,1,0.8002586,1,1,1,1,1,1,1
1,1,0.7882334,1,1,1,1,1,1,1
1,1,0.7761953,1,1,1,1,1,1,1
1,1,0.7641494,1,1,1,1,1,1,1
1,1,0.7521012,1,1,1,1,1,1,1
1,1,0.740056,1,1,1,1,1,1,1
1,1,0.7422073,1,1,1,1,1,1,1
1,1,0.7511518,1,1,1,1,1,1,1
1,1,0.7600622,1,1,1,1,1,1,1
1,1,0.7689168,1,1,1,1,1,1,1
1,1,0.7777112,1,1,1,1,1,1,1
1,1,0.7864239,1,1,1,1,1,1,1
1,1,0.7950507,1,1,1,1,1,1,1
1,1,0.8035879,1,1,1,1,1,1,1
1,1,0.8120316,1,1,1,1,1,1,1
1,1,1,1,1,1,1,1,1,1
1,1,1,1,1,1,1,1,1,1
1,1,1,1,1,1,1,1,1,1
1,1,1,1,1,1,1,1,1,1
1,1,1,1,1,1,1,1,1,1
1,1,1,1,1,1,1,1,1,1
1,1,1,1,1,1,1,1,1,1
1,1,1,1,1,1,1,1,1,1
1,1,1,1,1,1,1,1,1,1
1,1,1,1,1,1,1,1,1,1
1,1,1,1,1,1,1,1,1,1
1,1,1,1,1,1,1,1,1,1
1,1,1,1,1,1,1,1,1,1
1,0.6478495,1,1,1,1,1,1,1,2
1,0.6270285,1,1,1,1,1,1,1,2
1,0.6064227,1,1,1,1,1,1,1,2
1,0.5860758,1,1,1,1,1,1,1,2
1,0.5660273,1,1,1,1,1,1,1,2
1,0.5463118,1,1,1,1,1,1,1,2
1,0.5269585,1,1,1,1,1,1,1,2
1,0.5079918,1,1,1,1,1,1,1,2
1,0.4894306,1,1,1,1,1,1,1,2
1,0.4898767,1,1,1,1,1,1,1,2
1,0.5014553,1,1,1,1,1,1,1,2
1,0.5133876,1,1,1,1,1,1,1,2
1,0.5256561,1,1,1,1,1,1,1,2
1,0.5382416,1,1,1,1,1,1,1,2
1,0.5511237,1,1,1,1,1,1,1,2
1,0.5642802,1,1,1,1,1,1,1,2
1,1,1,1,1,1,1,1,1,1
0.5644644,1,1,1,1,1,1,1,1,2
0.531728,1,1,1,1,1,1,1,1,2
0.5000373,1,1,1,1,1,1,1,1,2
0.4695284,1,1,1,1,1,1,1,1,2
0.4402982,1,1,1,1,1,1,1,1,2
0.4239951,1,1,1,1,1,1,1,1,2
0.4347936,1,1,1,1,1,1,1,1,2
0.4460845,1,1,1,1,1,1,1,1,2
0.4578491,1,1,1,1,1,1,1,1,2
0.470083,1,1,1,1,1,1,1,1,2
0.4827638,1,1,1,1,1,1,1,1,2
0.4958756,1,1,1,1,1,1,1,1,2
0.5094005,1,1,1,1,1,1,1,1,2
1,1,1,1,1,1,1,1,1,1
1,1,1,1,1,1,1,1,1,1
1,1,1,1,1,1,1,1,1,1
1,1,1,1,1,1,1,1,1,1
1,1,1,1,1,1,1,1,1,1
1,1,1,1,1,1,1,1,1,1
1,1,1,1,1,1,1,1,1,1
1,1,1,1,1,1,1,1,1,1
1,1,1,1,1,1,1,1,1,1
1,1,1,1,1,1,1,1,1,1
1,1,1,1,1,1,1,1,1,1
1,1,1,1,1,1,1,1,1,1
1,1,1,1,1,1,1,1,1,1
1,1,1,1,1,1,1,1,1,1
1,1,1,1,1,1,1,1,1,1
1,1,1,1,1,1,1,1,1,1
1,1,1,1,1,1,1,1,1,1
1,1,1,1,1,1,1,1,1,1
1,1,1,1,1,1,1,1,1,1
1,1,1,1,1,1,1,1,1,1
1,1,1,1,1,1,1,1,1,1
1,1,1,1,1,1,1,1,1,1
1,1,1,1,1,1,1,1,1,1
1,1,1,1,1,1,1,1,1,1
1,1,1,1,1,1,1,1,1,1
1,1,1,1,1,1,1,1,1,1
1,1,1,1,1,1,1,1,1,1
1,1,1,1,1,1,1,1,1,1
1,1,1,1,1,1,1,1,1,1
1,1,1,1,1,1,1,1,1,1
1,1,1,1,1,1,1,1,1,1
1,1,1,1,1,1,1,1,1,1
1,1,1,1,1,1,1,1,1,1
1,1,1,1,1,1,1,1,1,1
1,1,1,1,1,1,1,1,1,1
1,1,1,1,1,1,1,1,1,1
1,1,1,1,1,1,1,1,1,1
1,1,1,1,1,1,1,1,1,1
1,1,1,1,1,1,1,1,1,1
1,1,1,1,1,1,1,1,1,1
1,1,1,1,1,1,1,1,1,1
1,1,1,1,1,1,1,1,1,1
1,1,1,1,1,1,1,1,1,1
1,1,1,1,1,1,1,1,1,1
1,1,1,1,1,1,1,1,1,1
1,1,1,1,1,1,1,1,1,1
1,1,1,1,1,1,1,1,1,1
1,1,1,1,1,1,1,1,1,1
1,1,1,1,1,1,1,1,1,1
1,1,1,1,1,1,1,1,1,1
1,1,1,1,1,1,1,1,1,1
1,1,1,1,1,1,1,1,1,1
1,1,1,1,1,1,1,1,1,1
1,1,1,1,1,1,1,1,1,1
1,1,1,1,1,1,1,1,1,1
1,1,1,1,1,1,1,1,1,1
1,1,1,1,1,1,1,1,1,1
1,1,1,1,1,1,1,1,1,1
1,1,1,1,1,1,1,1,1,1
1,1,1,1,1,1,1,1,1,1
1,1,1,1,1,1,1,1,1,1
1,1,1,1,1,1,1,1,1,1
1,1,1,1,1,1,1,0.7766329,1,0
1,1,1,1,1,1,1,0.6996393,1,0
1,1,1,1,1,1,1,0.6771246,1,0
1,1,1,1,1,1,1,0.6745629,1,0
1,1,1,1,1,1,1,0.6722335,1,0
1,1,1,1,1,1,1,0.6701427,1,0
1,1,1,1,1,1,1,0.6682903,1,0
1,1,1,1,1,1,1,0.6666762,1,0
1,1,1,1,1,1,1,1,1,1
1,1,1,1,1,1,1,1,1,1
1,1,1,1,1,1,1,1,1,1
1,1,1,1,1,1,1,1,1,1
1,1,1,1,1,1,1,1,1,1
1,1,1,1,1,1,1,1,1,1
1,1,1,1,1,1,1,1,1,1
1,1,1,1,1,1,1,1,1,1
1,1,1,1,1,1,1,1,1,1
1,1,1,1,1,1,1,1,1,1
1,1,1,1,1,1,1,1,1,1
1,1,1,1,1,1,1,1,1,1
1,1,1,1,1,1,1,1,1,1
1,1,1,1,1,1,1,1,1,1
1,1,1,1,1,1,1,1,1,1
1,1,1,1,1,1,1,1,1,1
1,1,1,1,1,1,1,1,1,1
1,1,1,1,1,1,1,1,1,1
1,1,1,1,1,1,1,1,0.5712122,0
1,1,1,1,1,1,1,1,0.5661499,0
1,1,1,1,1,1,1,1,0.5614454,0
1,1,1,1,1,1,1,1,0.5571013,0
1,1,1,1,1,1,1,1,0.55312,0
1,1,1,1,1,1,1,1,0.6042032,0
1,1,1,1,1,1,1,1,1,1
1,1,1,1,1,1,1,1,1,1
1,1,1,1,1,1,1,1,1,1
1,1,1,1,1,1,1,1,1,1
1,1,1,1,1,1,1,1,1,1
1,1,1,1,1,1,1,1,1,1
1,1,1,1,1,1,1,1,1,1
1,1,1,1,1,1,1,1,1,1
1,1,0.9993259,1,1,1,1,1,1,1
1,1,0.9896456,1,1,1,1,1,1,1
1,1,0.9799568,1,1,1,1,1,1,1
1,1,0.9702604,1,1,1,1,1,1,1
1,1,0.9605569,1,1,1,1,1,1,1
1,1,0.9508463,1,1,1,1,1,1,1
1,1,0.9411296,1,1,1,1,1,1,1
1,1,0.9314068,1,1,1,1,1,1,1
1,1,0.9216787,1,1,1,1,1,1,1
1,1,0.9119459,1,1,1,1,1,1,1
1,1,0.9022089,1,1,1,1,1,1,1
1,1,0.892468,1,1,1,1,1,1,1
1,1,0.882724,1,1,1,1,1,1,1
1,1,0.8729777,1,1,1,1,1,1,1
1,1,0.8632292,1,1,1,1,1,1,1
1,1,0.8534792,1,1,1,1,1,1,1
1,1,0.8437284,1,1,1,1,1,1,1
1,1,0.8339775,1,1,1,1,1,0.867061,0
1,1,0.8248515,1,1,1,1,1,0.8640134,0
1,1,0.8157226,0.9944538,1,1,1,1,0.8610268,0
1,1,0.8065932,0.9842657,1,1,1,1,0.8581072,0
1,1,0.7974646,0.9740888,1,1,1,1,0.8552489,0
1,1,0.7883353,0.9639251,0.9966224,1,1,1,0.8524588,0
1,1,0.7792086,0.9537724,0.9852406,1,1,1,0.8497375,0
1,1,0.7700947,0.9436247,0.9738559,1,1,1,0.8470855,0
1,1,0.7609913,0.9334854,0.9624755,1,1,1,1,1
1,1,0.7510315,0.9238781,0.9527607,1,1,1,1,1
1,1,0.7410899,0.9142662,0.9430229,1,1,1,1,1
1,1,0.7311665,0.9046493,0.9332623,1,1,1,1,1
1,1,0.7212595,0.8950265,0.9234779,1,1,1,1,1
1,1,0.7113692,0.8853982,0.9136704,1,1,1,1,1
1,1,0.7014941,0.8757636,0.9038393,1,1,1,1,1
1,1,0.6916336,0.8661227,0.893985,1,1,1,1,1
1,1,0.6817873,0.8564755,0.8841081,1,1,1,1,1
1,1,0.6719541,0.8468219,0.8742087,1,1,1,1,1
1,1,0.6621331,0.8371617,0.8642874,1,1,1,1,1
1,1,0.6523235,0.8274949,0.8543448,1,1,1,1,1
1,1,0.6425246,0.8178217,0.8443816,1,1,1,1,1
1,0.7582374,0.6327352,0.8081419,0.8343984,1,1,1,1,2
1,0.7435935,0.6223719,0.7989157,0.8257314,1,1,1,1,2
1,0.7290779,0.6120587,0.7897261,0.817094,1,1,1,1,2
1,0.7147029,0.6017984,0.7805716,0.808481,1,1,1,1,2
1,0.7004786,0.5915928,0.7714497,0.7998863,1,1,1,1,2
1,0.6864127,0.581443,0.7623574,0.7913033,1,1,1,1,2
1,0.6725117,0.5713494,0.7532921,0.7827261,1,1,1,1,2
1,0.6587802,0.5613123,0.7442502,0.7741483,1,1,1,1,2
1,0.6452214,0.5513314,0.7352288,0.7655641,1,1,1,1,2
1,0.631837,0.5414059,0.7262242,0.7569673,1,1,1,1,2
1,0.6186267,0.5616599,0.7172326,0.7483519,1,1,1,1,2
1,0.6056402,0.6199031,0.7082344,0.7396765,1,1,1,1,2
1,0.5929218,0.6816671,0.6992074,0.7308966,1,1,1,1,2
1,0.5804487,0.746743,0.6901484,0.7220119,1,1,0.9986986,1,1
1,0.5682175,0.8143207,0.6810497,0.7130113,1,1,0.9904751,1,1
1,0.5562918,0.8811288,0.6718768,0.7038268,1,1,0.9856948,1,1
1,0.5445943,0.9703079,0.6626467,0.6945017,1,1,0.981101,1,1
1,0.5331232,0.9662801,0.6533514,0.6850244,1,1,0.9767092,1,1
1,0.5217531,1,0.6440338,0.6754889,1,1,0.9723838,1,1
1,0.5105139,0.626477,0.6346774,0.6658636,1,1,0.9681729,1,1
1,0.4990047,0.6169504,0.6254493,0.656499,1,1,0.9635788,1,1
1,0.4876179,0.6074528,0.6161925,0.6470614,1,1,0.9590675,1,1
1,0.4763427,0.5979805,0.6069069,0.6375533,1,1,0.9546391,1,1
1,0.4651697,0.5885311,0.5975937,0.6279782,1,1,0.9502937,1,1
1,0.4540888,0.5791017,0.5882533,0.6183394,1,1,0.9460183,1,1
1,0.443091,0.5696896,0.5788869,0.6086403,1,1,0.9418135,1,1
0.6426871,0.432167,0.5602924,0.5694953,0.5988847,1,1,0.9376798,1,2
0.616004,0.4185924,0.5505372,0.5614983,0.5919303,1,1,0.9297023,1,2
0.5906937,0.4054061,0.5409443,0.553555,0.5849643,1,1,0.9219335,1,2
0.5666874,0.3925961,0.531502,0.5456465,0.5779594,1,1,0.9143793,1,2
0.5439057,0.3801449,0.5221964,0.5377538,0.5708894,1,1,0.907032,1,2
0.522265,0.3680331,0.5130132,0.5298596,0.5637317,1,1,0.8998925,1,2
0.5016787,0.3562388,0.5039378,0.5219477,0.5564659,1,1,0.8929449,1,2
0.4820612,0.3535802,0.4949563,0.5140039,0.5490748,1,1,0.8861841,1,2
0.4634085,0.371765,0.4860526,0.5059927,1,1,1,0.8796239,1,2
0.4416524,0.3979248,0.4773764,0.4991733,1,1,1,0.8715225,1,2
0.4215775,0.4250732,0.4688503,0.4922494,1,1,1,0.8638579,1,2
0.402933,0.453014,0.4604352,0.4851949,1,1,1,0.8565627,1,2
0.3855063,0.4815494,0.4520984,0.4779914,1,1,1,0.8495749,1,2
0.3691173,0.5104867,0.4438135,0.4706269,1,1,1,0.8428364,1,2
0.3536133,0.5395908,0.4355594,0.4630946,1,1,1,0.8363105,1,2
0.3388636,0.5686628,0.4273193,0.4553925,1,1,1,0.8299569,1,2
0.3247568,0.439083,0.4190808,0.4475229,1,1,1,0.8237485,1,2
0.3106006,0.4289491,0.4109508,0.4398754,1,1,1,0.8173954,1,2
0.2969166,0.4190287,0.4028408,0.4321371,1,1,1,0.8111222,1,2
0.306385,0.4093008,0.3947437,0.4243059,1,1,1,0.8049119,1,2
0.3165952,0.3998193,0.3866142,0.416263,1,1,1,0.7988222,1,2
0.3265899,0.3905464,0.3784454,0.4080175,1,1,1,0.7928306,1,1
0.3363433,0.3814465,0.3702347,0.3995851,1,1,1,0.7869241,1,1
0.3458435,0.3724902,0.3619816,0.390983,1,1,1,0.7810889,1,1
0.3550734,0.3636516,0.3536869,1,1,1,1,0.7753216,1,2
0.3686336,0.3539239,0.3460045,1,1,1,1,0.7687153,1,2
0.3820792,0.3444968,0.3383096,1,1,1,1,0.7622393,1,2
0.3953637,0.3353228,0.33059,1,1,1,1,0.7558554,1,2
0.408436,0.3263614,0.3228366,1,1,1,1,0.7495403,1,2
0.4212596,0.3175788,0.3150441,1,1,1,1,0.7432717,0.7772931,1
0.4289647,0.309536,0.3066129,1,1,1,1,0.7375017,0.7699357,1
0.436303,0.3014961,0.2981454,1,1,1,1,0.731792,0.7624978,0
0.3670567,0.2934521,0.2896455,1,1,1,1,0.7261435,0.7550007,1
0.3573362,0.2852612,0.2812348,1,1,1,1,0.7204392,0.7480252,1
0.3475673,0.2770481,0.272817,1,1,1,1,0.7147579,0.741078,1
0.3377447,0.2688114,0.2643922,1,1,1,1,0.7091051,0.7341689,1
0.3278644,0.2605498,0.255961,1,1,1,1,0.7034743,0.7272945,1
0.3179233,0.2522629,0.2475241,1,1,1,0.988496,0.6978707,0.7204639,1
0.308023,0.2439744,0.2390617,1,1,1,0.9668624,0.6923196,0.7135715,1
0.2982326,0.2356996,0.2305595,1,1,1,0.9442296,1,0.706547,2
0.2854502,0.2266986,0.2225947,1,1,1,0.9417632,1,0.7025955,2
0.2730546,0.2178335,0.214646,1,1,1,0.938448,1,0.6984507,2
0.2610156,0.2090931,0.2067076,1,1,1,0.9341997,1,0.6941103,2
0.2493043,0.2004661,0.1987738,1,1,1,0.9289396,1,0.703151,2
0.2377984,0.1919217,1,1,1,1,0.9235136,1,0.712994,2
0.2253345,0.1832148,1,1,1,1,0.9302384,1,0.7104224,2
0.2133001,0.1746837,1,1,1,0.9897968,0.9373083,1,0.7082571,2
0.201712,0.1663278,1,1,1,0.9703911,0.9441268,1,0.7069527,2
0.1905687,0.1581402,1,1,1,0.9520723,0.9500686,1,0.7068522,2
0.1798195,0.1501034,1,1,1,0.9347141,0.9551049,1,0.7077786,2
0.169421,0.1422013,1,1,1,0.9182069,0.9591945,1,0.7095991,2
0.1593365,0.1344211,1,1,1,0.9024604,0.9622934,1,0.7122112,2
0.1495338,0.1267504,1,1,1,0.8874005,0.9643448,1,0.7155398,2
0.139985,0.1546112,1,1,1,0.8729576,0.9652902,1,0.7195265,2
0.1306785,0.2209599,1,1,1,0.8592113,0.9646004,1,0.7243948,2
0.1215974,0.2945502,1,1,1,0.8462017,0.9617774,1,0.7303317,2
0.1127101,0.3748513,1,1,1,0.8338696,0.9567604,1,0.7372886,2
0.1039884,0.4891109,1,1,1,0.8221598,0.9495065,1,0.7452371,1
0.10682,0.4817151,1,1,1,0.811097,0.9396888,1,0.7543276,1
0.1212759,0.4743892,1,1,1,0.8004721,0.928044,1,0.7641656,1
0.1357258,0.4671318,1,1,1,0.7904057,0.9139503,1,0.7751163,1
0.150091,0.4599308,1,1,1,0.7808704,0.8974654,1,1,2
0.1666121,0.4525253,1,1,1,0.7676144,0.8977653,1,1,2
0.183339,0.5149216,1,1,1,0.7551562,0.8950475,1,1,2
0.2000378,0.6592558,1,1,1,0.7435722,0.8884711,1,1,1
0.2164602,0.8075926,1,1,1,0.7329209,0.8772523,1,1,1
0.232398,1,1,1,1,0.7231673,0.8613241,1,1,1
0.2475974,1,1,1,1,0.7143489,0.8404287,1,0.582611,0
0.2549669,1,1,1,1,0.7135381,0.7812885,1,0.5687618,0
0.2605922,0.8333904,1,1,1,0.7143743,0.7221265,1,0.5546674,0
0.2649482,0.7486078,1,1,1,0.7165864,0.6655509,1,0.5407261,0
0.2686282,0.685068,1,1,1,0.7196691,0.6160303,1,0.5273341,0
0.2719103,0.6372576,1,1,1,0.7233803,0.6145362,1,0.51463,0
0.2748381,0.5997528,1,1,1,0.7277519,0.6134614,1,0.5025784,0
0.2774392,0.5693404,1,1,1,0.7328278,0.6128213,1,0.511558,0
0.2801214,0.5464503,1,1,1,0.7379613,0.6122953,1,0.5574566,0
0.2836216,0.5334266,1,1,1,1,0.6111442,1,0.6038369,0
0.2907061,0.5440433,1,1,1,1,0.6065743,1,1,2
0.3034924,0.5895594,1,1,1,1,0.5968195,1,1,2
0.316054,0.6345742,1,1,1,1,0.5876363,1,1,2
0.3283285,0.6784211,1,1,1,1,0.5789496,1,1,2
0.3887357,0.720533,1,1,1,1,0.5706874,1,1,1
0.3781015,1,1,1,1,1,0.5631651,1,1,1
0.3682363,1,1,1,1,1,0.5564154,1,1,1
0.3583585,1,1,1,1,1,0.5496663,1,1,1
0.3484684,1,1,1,1,1,0.5429109,1,1,1
0.3385662,1,1,1,1,1,0.536156,1,1,1
0.3286522,1,1,1,1,1,0.5293951,1,1,1
0.3267414,1,1,1,1,1,0.5226349,1,1,1
0.3364794,1,1,1,1,1,0.515924,1,1,1
0.3459678,1,1,1,1,1,0.5093513,1,1,1
0.3552027,1,1,1,1,1,0.5029059,1,1,1
0.3641818,1,1,1,1,1,0.4965779,1,1,1
0.3728941,1,1,1,1,1,0.4903654,1,1,1
0.3813314,1,1,1,1,1,0.4842671,1,1,1
0.3894962,1,1,1,1,1,0.4782751,1,1,1
0.3973926,1,1,1,1,1,0.4723827,0.6785321,1,0
0.3981968,1,1,1,1,1,0.4702185,0.4252898,1,0
0.3970582,1,1,1,1,1,0.4693991,0.4057137,1,0
0.3958787,1,1,1,1,1,0.4689761,0.4011467,1,0
0.3946635,1,1,1,1,1,0.4689615,0.3969117,1,0
0.3934175,1,1,1,1,1,0.4693694,0.3930056,1,0
0.3921359,0.9778947,1,1,1,1,0.4702229,0.3894318,1,0
0.3908231,0.9389882,1,1,1,1,1,0.3861888,1,0
0.3951669,0.9383174,1,1,1,1,1,0.3818498,1,0
0.3993532,0.937206,1,1,1,1,1,0.3775756,1,0
0.4033825,0.9357009,1,1,1,1,1,0.3733714,1,0
0.4072636,0.9338611,1,1,1,1,1,0.3692361,1,0
0.411005,0.9317392,1,1,1,1,1,0.3651685,1,0
0.4146147,0.9293822,1,1,1,1,1,0.3611677,0.3577201,0
0.4127565,0.8973686,1,1,1,1,1,0.3587225,0.3520105,0
0.4108977,0.8680622,1,1,1,1,1,0.3566052,0.3466886,0
0.4090312,0.8410951,1,1,1,1,1,0.354824,0.3417499,0
0.4071577,0.8316272,1,1,1,1,1,0.3533821,0.3371851,0
0.4052781,0.8305904,1,1,1,1,1,0.3522834,0.3329856,0
0.4033928,0.8298152,1,1,1,1,1,0.3515328,0.3291439,0
0.4015021,0.8293106,1,1,1,1,1,0.3511366,0.3256534,0
0.3995991,0.8290869,0.9965695,0.9927332,1,1,1,0.3511082,0.3225144,0
0.397684,0.8291553,0.9900848,0.9808458,1,1,1,1,0.319722,1
0.4001168,0.8189694,0.9807525,0.9709098,1,1,1,1,0.3170734,1
0.4025386,0.8086731,0.9713906,0.9609897,1,1,1,1,0.3144577,1
0.4049656,0.7982637,0.9619981,0.9510852,1,1,1,1,0.3118626,1
0.4073924,0.7877395,0.9525737,0.9411958,1,1,1,1,0.3092936,1
0.4098279,0.777099,0.9431163,0.9313211,1,1,1,1,0.3067443,1
0.4122663,0.7663418,0.933625,0.9214603,1,1,1,1,0.3042206,1
0.4147162,0.755468,0.9240996,0.911613,1,1,1,1,0.3017159,1
0.4171857,0.7444787,0.9145395,0.9017786,1,1,1,1,0.299224,1
0.4196687,0.7349026,0.9049446,0.8919565,1,1,1,1,0.2967506,1
0.4221643,0.7376879,0.8953212,0.8821435,1,1,1,1,0.2942896,1
0.4246009,0.7402621,0.8857206,0.8723192,1,1,1,1,0.2918419,1
0.4269751,0.7426303,0.876139,0.8624853,1,1,1,1,0.289414,1
0.4292904,0.7448084,0.8665738,0.8526431,1,1,1,1,0.2870058,1
0.43155,0.7468127,0.8570218,0.8427941,1,1,1,1,1,2
0.4396906,0.773577,0.8438856,0.8344785,1,1,1,1,1,2
0.4484619,0.8027085,0.8312715,1,1,1,1,1,1,2
0.4578972,0.8344647,0.8191633,1,1,1,1,1,1,2
1,0.8584968,0.8075458,1,1,1,1,1,1,1
0.896277,0.8673505,0.7976805,1,1,1,1,1,1,2
0.8698198,0.8845941,0.7875885,1,1,1,1,1,1,2
0.8434457,0.9031988,0.7775468,1,1,1,1,1,1,2
0.8172685,0.9232166,0.7675685,1,1,1,1,1,1,2
0.7913897,0.9446837,0.7576655,1,1,1,1,1,1,2
0.7659003,0.9676463,0.7478484,1,1,1,1,1,1,2
0.7408777,0.83639,0.7381259,1,1,1,1,1,1,2
0.7135218,0.8204426,0.7284149,1,1,1,1,1,1,2
0.6864232,0.8045081,0.718861,1,1,1,1,1,1,2
0.6597504,0.7886683,0.7094934,0.9970586,1,1,1,1,1,2
0.6423213,0.7730103,0.7003382,0.9915806,1,1,1,1,1,2
0.656571,0.757705,0.6914125,0.9864477,1,1,1,1,1,2
0.6711041,0.7430951,0.6826972,0.9813567,1,1,1,1,1,2
0.6858584,0.7291262,1,0.9762666,1,1,1,1,1,2
0.701176,0.7155797,1,0.9713311,1,1,1,1,1,2
0.7167736,0.7025453,1,0.966401,1,1,1,1,1,2
0.7326051,0.6899848,1,0.9614463,1,1,1,1,1,2
0.7486234,0.6778618,1,0.9564391,1,1,1,1,1,2
0.7647799,0.6661419,1,0.9513534,1,1,1,1,1,2
0.7706567,0.6547924,1,0.9461656,1,1,1,1,1,2
0.7870818,0.6437232,1,0.9409704,1,1,1,1,1,2
0.8035086,0.632975,1,0.9356343,1,1,1,1,1,2
0.8198866,0.6225199,1,0.9301391,1,1,1,1,1,2
0.8361737,0.6123319,1,0.9244696,1,1,1,1,1,2
0.8523119,0.6023873,0.9575499,0.9186125,1,1,1,1,1,2
0.7499239,0.5927086,0.8849829,0.9124354,1,1,1,1,1,2
0.7336478,0.5828235,0.83417,0.9072074,1,1,1,1,1,2
0.717865,0.5731158,0.8272451,1,1,1,1,1,1,2
0.7014052,0.5633053,0.8207229,1,1,1,1,1,1,2
0.6853167,0.5536582,0.8143508,1,1,1,1,1,1,2
0.6696154,0.5441796,0.8081242,1,1,1,1,1,1,2
0.6543121,0.5348723,0.8020371,1,1,1,1,1,1,2
0.6394138,0.5257381,0.7960829,1,1,1,1,1,1,2
0.6249233,0.5167771,0.7902533,1,1,1,1,1,1,2
0.6108401,0.5188118,0.7845398,1,1,1,1,1,1,2
0.5971923,0.5914745,0.7789153,1,1,1,1,1,1,2
0.5841497,0.6715901,0.773259,1,1,1,1,1,1,2
0.5716587,0.7595654,0.7675548,1,1,1,1,1,1,2
0.5596702,0.855776,0.761789,1,1,1,1,1,1,2
0.5481392,1,0.75595,1,1,1,1,1,1,2
0.5370935,1,0.7499748,1,1,1,1,1,1,2
0.5262321,1,0.7440568,1,1,1,1,1,1,2
0.5155545,1,0.7381922,1,1,1,1,1,1,2
0.5050601,1,0.7323776,1,1,1,1,1,1,2
0.494747,1,0.7266092,1,1,1,1,1,1,2
0.4846135,1,0.7208831,1,1,1,1,1,1,2
0.4746564,1,0.7151953,1,1,1,1,1,1,2
0.4648734,1,1,1,1,1,1,1,1,2
0.4542208,1,1,1,1,1,1,1,1,2
0.4438391,1,1,1,1,1,1,1,1,2
0.4386319,1,1,1,1,1,1,1,1,2
0.4646179,0.6365628,1,1,1,1,1,1,1,2
0.4916918,0.6298198,1,1,1,1,1,1,1,2
0.5192254,0.6232277,1,1,1,1,1,1,1,2
0.5471016,0.6167629,1,1,1,1,1,1,1,2
0.5752282,0.6104046,1,1,1,1,1,1,1,2
0.6034802,0.6041347,1,1,1,1,1,1,1,2
0.6317628,0.5979374,1,1,1,1,1,1,1,2
0.6599655,0.591799,1,1,1,1,1,1,1,2
0.6879811,0.5857074,1,1,1,1,1,1,1,2
0.715721,0.5796524,1,1,1,1,1,1,1,1
0.7430862,0.5736251,1,1,1,1,1,1,1,1
0.7699841,0.567618,1,1,1,1,1,1,1,1
0.7963445,0.5616243,1,1,1,1,1,1,1,1
1,0.5556386,1,1,1,1,1,1,1,1
1,0.5495566,1,1,1,1,1,1,1,1
1,0.5434686,1,1,1,1,1,1,1,1
1,0.5373744,1,1,1,1,1,1,1,1
1,0.5312742,1,1,1,1,1,1,1,1
1,0.5251678,1,1,1,1,1,1,1,1
1,0.5190555,1,1,1,1,1,1,1,1
1,0.5129373,1,1,1,1,1,1,1,1
1,0.506813,1,1,1,1,1,1,1,1
1,0.5006829,1,1,1,1,1,1,1,1
1,0.4945468,1,1,1,1,1,1,1,1
0.5291381,0.488405,1,1,1,1,1,1,1,2
0.521093,1,1,1,1,1,1,1,1,2
0.513006,1,1,1,1,1,1,1,1,2
0.5050669,1,1,1,1,1,1,1,1,2
0.4972742,1,1,1,1,1,1,1,1,2
0.4896264,1,1,1,1,1,1,1,1,2
0.4821216,1,1,1,1,1,1,1,1,2
0.474758,1,1,1,1,1,1,1,1,2
0.467533,1,1,1,1,1,1,1,1,2
0.4604444,1,1,1,1,1,1,0.9940509,1,2
0.453524,1,1,1,1,1,1,0.9874161,1,2
0.4467658,1,1,1,1,1,1,0.9806677,1,2
0.4401607,1,1,1,1,1,1,0.9737985,1,2
0.4336994,1,1,1,1,1,1,0.9668022,1,2
1,1,1,1,1,1,1,1,1,1
1,1,1,1,1,1,1,1,1,1
1,1,1,1,1,1,1,1,1,1
1,1,1,1,1,1,1,1,1,1
1,1,1,1,1,1,1,1,1,1
1,1,1,1,1,1,1,1,1,1
1,1,1,1,1,1,1,1,1,1
1,1,1,1,1,1,1,1,1,1
1,1,1,1,1,1,1,1,1,1
1,1,1,1,1,1,1,1,1,1
1,1,1,1,1,1,1,1,1,1
1,1,1,1,1,1,1,1,1,1
1,1,1,1,1,1,1,1,1,1
1,1,1,1,1,1,1,1,1,1
1,1,1,1,1,1,1,1,1,1
1,1,1,1,1,1,1,1,1,1
1,1,1,1,1,1,1,1,1,1
1,1,1,1,1,1,1,0.9890901,1,1
1,1,1,1,1,1,1,0.9731272,1,1
1,1,1,1,1,1,1,0.9565948,1,1
1,1,1,1,1,1,1,0.9395072,1,1
1,1,1,1,1,1,1,0.9218833,1,1
1,1,1,1,1,1,1,0.9037479,1,1
1,1,1,1,1,1,1,0.8968737,1,1
1,1,1,1,1,1,1,0.899583,1,1
1,1,1,1,1,1,1,0.9022834,1,1
1,1,1,1,1,1,1,0.9049741,1,1
1,1,1,1,1,1,1,0.9076541,1,1
1,1,1,1,1,1,1,0.9103233,1,1
1,1,1,1,1,1,1,0.9129723,1,1
1,1,1,1,1,1,1,0.9156095,1,1
1,1,1,1,1,1,1,0.9182256,1,1
1,1,1,1,1,1,1,0.9208204,1,1
1,1,1,1,1,1,1,0.9233936,1,1
1,1,1,1,1,1,1,0.9259451,1,1
1,1,1,1,1,1,1,0.9284743,1,1
1,1,1,1,1,1,1,0.9309813,1,1
1,1,1,1,1,1,1,0.9334575,1,1
1,1,1,1,1,1,1,0.9359114,1,1
1,1,1,1,1,1,1,0.9383341,1,1
1,1,1,1,1,1,1,0.9407258,1,1
1,1,1,1,1,1,1,0.9430869,1,1
1,1,1,1,1,1,1,0.9454175,1,1
1,1,1,1,1,1,1,0.947709,1,1
1,1,1,1,1,1,1,0.9499706,1,1
1,1,1,1,1,1,1,0.9522021,1,1
1,1,1,1,1,1,1,0.9543956,1,1
1,1,1,1,1,1,1,0.9565513,1,1
1,1,1,1,1,1,1,0.9586698,1,1
1,1,1,1,1,1,1,0.9607517,0.9776856,1
1,1,1,1,1,1,1,0.9636356,0.9411279,1
1,1,1,1,1,1,1,0.9678524,0.9014827,0
1,1,1,1,1,1,1,1,0.859127,0
1,1,1,1,1,1,1,1,0.8163617,0
1,1,1,1,1,1,1,1,0.7714124,0
1,1,1,1,1,1,1,1,0.7458069,0
1,1,1,1,1,1,1,1,0.7498347,0
1,1,1,1,1,1,1,1,0.7540146,0
1,1,1,1,1,1,1,1,0.7583426,0
1,1,1,1,1,1,1,1,0.762808,0
1,1,1,1,1,1,1,1,0.7674062,0
1,1,1,1,1,1,1,1,0.7721261,0
1,1,1,1,1,1,1,1,0.7769634,0
1,1,1,1,1,1,1,1,0.7819132,0
1,1,1,1,1,1,1,1,0.7869641,0
1,1,1,1,1,1,1,1,0.7921117,0
1,1,1,1,1,1,1,1,0.7973509,0
1,1,1,1,1,1,1,1,0.8026703,0
1,1,1,1,1,1,1,1,0.8080651,0
1,1,1,1,1,1,1,1,0.8135237,0
1,1,1,1,1,1,1,1,0.8190413,0
1,1,1,1,1,1,1,1,0.8246131,0
1,1,1,1,1,1,1,1,0.8302276,0
1,1,1,1,1,1,1,1,0.8358802,0
1,1,1,1,1,1,1,1,0.8415664,0
1,1,1,1,1,1,1,1,0.8472746,0
1,1,1,1,1,1,1,1,0.8530005,0
1,1,1,1,1,1,1,1,1,1
1,1,1,1,1,1,1,1,1,1
1,1,1,1,1,1,1,1,1,1
1,1,1,1,1,1,1,1,1,1
1,1,1,1,1,1,1,1,1,1
1,1,1,1,1,1,1,1,1,1
1,1,1,1,1,1,1,1,1,1
1,1,1,1,1,1,1,1,1,1
1,1,1,1,1,1,1,1,1,1
1,1,1,1,1,1,1,1,1,1
1,1,1,1,1,1,1,1,1,1
1,1,1,1,1,1,1,1,1,1
1,1,1,1,1,1,1,1,1,1
1,1,1,1,1,1,1,1,1,1
1,1,1,1,1,1,1,1,1,1
1,1,1,1,1,1,1,1,1,1
1,1,1,1,1,1,1,1,1,1
1,1,1,1,1,1,1,1,1,1
1,1,1,1,1,1,1,1,1,1
1,1,1,1,1,1,1,1,1,1
1,1,1,1,1,1,1,1,1,1
1,1,1,1,1,1,1,1,1,1
1,1,1,1,1,1,1,1,1,1
1,1,1,1,1,1,1,1,1,1
1,1,1,1,1,1,1,1,1,1
1,1,1,1,1,1,1,1,1,1
1,1,1,1,1,1,1,1,1,1
1,1,1,1,1,1,1,1,1,1
1,1,1,1,1,1,1,1,1,1
1,1,1,1,1,1,1,1,1,1
1,1,1,1,1,1,1,1,1,1
1,1,1,1,1,1,1,1,1,1
1,1,1,1,1,1,1,1,1,1
1,1,1,1,1,1,1,1,1,1
1,1,1,1,1,1,1,1,1,1
1,1,1,1,1,1,1,1,1,1
1,1,1,1,1,1,1,1,1,1
1,1,1,1,1,1,1,1,1,1
1,1,1,1,1,1,1,1,1,1
1,1,1,1,1,1,1,1,1,1
1,1,1,1,1,1,1,1,1,1
1,1,1,1,1,1,1,1,1,1
1,1,1,1,1,1,1,1,1,1
1,1,1,1,1,1,1,1,1,1
1,1,1,1,1,1,1,1,1,1
1,1,1,1,1,1,1,1,1,1
1,1,1,1,1,1,1,1,1,1
1,1,1,1,1,1,1,1,1,1
1,1,1,1,1,1,1,1,1,1
1,1,1,1,1,1,1,1,1,1
1,1,1,1,1,1,1,1,1,1
1,1,1,1,1,1,1,1,1,1
1,1,1,1,1,1,1,1,1,1
1,1,1,1,1,1,1,1,1,1
1,1,1,1,1,1,1,1,1,1
1,1,1,1,1,1,1,1,1,1
1,1,1,1,1,1,1,1,1,1
1,1,1,1,1,1,1,1,1,1
1,1,1,1,1,1,1,1,1,1
1,1,1,1,1,1,1,1,1,1
1,1,1,1,1,1,1,1,1,1
1,1,1,1,1,1,1,1,1,1
1,1,1,1,1,1,1,1,1,1
1,1,1,1,1,1,1,1,1,1
1,1,1,1,1,1,1,1,1,1
1,1,1,1,1,1,1,1,1,1
1,1,1,1,1,1,1,1,1,1
1,1,1,1,1,1,1,1,1,1
1,1,1,1,1,1,1,1,1,1
1,1,1,1,1,1,1,1,1,1
1,1,1,1,1,1,1,1,1,1
1,1,1,1,1,1,1,1,1,1
1,1,1,1,1,1,1,1,1,1
1,1,1,1,1,1,1,1,1,1
1,1,1,1,1,1,1,1,1,1
1,1,1,1,1,1,1,1,1,1
1,1,1,1,1,1,1,1,1,1
1,1,1,1,1,1,1,1,1,1
1,1,1,1,1,1,1,1,1,1
1,1,1,1,1,1,1,1,1,1
1,1,1,1,1,1,1,1,0.9819201,1
1,1,1,1,1,1,1,1,0.9618023,1
1,1,1,1,1,1,1,1,0.9405762,1
1,1,1,1,1,1,1,1,0.9182746,1
1,1,1,1,1,1,1,1,0.8949496,1
1,1,1,1,1,1,1,1,0.8706725,0
1,1,1,1,1,1,1,1,0.8455335,0
1,1,1,1,1,1,1,1,0.8196408,0
1,1,1,1,1,1,1,1,0.8231146,0
1,1,1,1,1,1,1,1,0.8298988,0
1,1,1,1,1,1,1,1,0.8367003,0
1,1,1,1,1,1,1,1,0.8435065,0
1,1,1,1,1,1,1,1,0.8503047,0
1,1,1,1,1,1,1,1,0.8570897,0
1,1,1,1,1,1,1,1,0.8638564,0
1,1,1,1,1,1,1,1,0.8705931,0
1,1,1,1,1,1,1,1,0.8772949,0
1,1,1,1,1,1,1,1,0.8839577,1
1,1,1,1,1,1,1,1,0.89057,1
1,1,1,1,1,1,1,1,0.8971278,1
1,1,1,1,1,1,1,1,0.9036202,1
1,1,1,1,1,1,1,1,0.9100442,1
1,1,1,1,1,1,1,1,0.9163965,1
1,1,1,1,1,1,1,1,0.9226671,1
1,1,1,1,1,1,1,1,0.9288533,1
1,1,1,1,1,1,1,1,0.9349534,1
1,1,1,1,1,1,1,1,0.9409574,1
1,1,1,1,1,1,1,1,0.9468645,1
1,1,1,1,1,1,1,1,0.9526728,1
1,1,1,1,1,1,1,1,0.958382,1
1,1,1,1,1,1,1,1,0.9639828,1
1,1,1,1,1,1,1,1,0.9694752,1
1,1,1,1,1,1,1,1,0.9748513,1
1,0.9954697,1,1,1,1,1,1,0.9801114,1
1,0.9671297,1,1,1,1,1,1,0.9851226,1
1,0.9349917,1,1,1,1,1,1,0.9891682,1
1,0.8991264,1,1,1,1,1,1,0.9921392,1
1,0.8597714,1,1,1,1,1,1,0.9939378,2
1,0.8173417,1,1,1,1,1,1,0.9945008,2
1,0.7724106,1,1,1,1,1,1,0.9937919,2
1,0.7662724,1,1,1,1,1,1,0.9918157,2
1,0.7651636,1,1,1,1,1,1,0.9897437,2
1,0.764183,1,1,1,1,1,1,0.9877124,2
1,0.7633287,1,1,1,1,1,1,0.9857227,2
1,0.762592,1,1,1,1,1,1,0.9837824,2
1,0.761978,1,1,1,1,1,1,0.9818841,2
1,0.7614781,1,1,1,1,1,1,0.9800349,2
1,0.761097,1,1,1,1,1,1,0.9782273,2
1,0.7608259,1,1,1,1,1,1,0.9764673,2
1,0.7606632,1,1,1,1,1,1,0.9747542,2
1,0.7606068,1,1,1,1,1,1,0.9730865,2
1,0.7606549,1,1,1,1,1,1,0.9714631,2
1,0.7608057,1,1,1,1,1,1,0.9698823,2
1,0.7610501,1,1,1,1,1,1,0.9683493,2
1,0.7613936,1,1,1,1,1,1,0.9668555,2
1,0.7618271,1,1,1,1,1,1,0.9654056,2
1,0.7623488,1,1,1,1,1,1,1,2
1,0.7635096,1,1,1,1,1,1,1,2
1,0.7648038,1,1,1,1,1,1,1,2
0.9159449,0.7662295,1,1,1,1,1,1,1,2
0.6712308,0.7693525,1,1,1,1,1,1,1,2
0.6708928,0.7769121,1,1,1,1,1,1,0.9469724,2
0.6709449,0.7846382,1,1,1,1,1,1,0.9403602,2
0.6713861,0.7927432,1,1,1,1,1,1,0.9342715,2
0.6721858,0.8011928,1,1,1,1,1,1,0.928659,2
0.6733147,1,1,1,1,1,1,1,0.9234781,2
0.6738337,1,1,1,1,1,1,1,0.9208399,2
0.6745128,1,1,1,1,1,1,1,0.9182627,2
0.6753486,1,1,1,1,1,1,1,0.9157416,2
0.6763315,1,1,1,1,1,1,1,0.9132785,2
0.6774584,1,1,1,1,1,1,1,0.9108688,2
0.6787261,1,1,1,1,1,1,1,0.9085072,2
0.6801249,1,1,1,1,1,1,1,0.9061956,2
0.6816515,1,1,1,1,1,1,1,0.9039289,2
0.6833027,1,1,1,1,1,1,1,0.9017022,2
0.6850686,1,1,1,1,1,1,1,0.8995166,2
0.6869461,1,1,1,1,1,1,1,0.8973672,2
0.6889318,1,1,1,1,1,1,1,0.8952492,2
0.6910223,1,1,1,1,1,1,1,0.8931578,2
0.6932077,1,1,1,1,1,1,1,0.8910941,2
0.6954848,1,1,1,1,1,1,1,0.8890536,2
0.6978439,1,1,1,1,1,1,1,0.8870381,2
0.7002814,1,1,1,1,1,1,1,0.8850423,2
0.7027942,1,1,1,1,1,1,1,0.8830621,2
0.7053725,1,1,1,1,1,1,1,0.8810992,2
0.7080129,1,1,1,1,1,1,1,0.8791491,2
0.7107124,1,1,1,1,1,1,1,0.8772079,2
1,1,1,1,1,1,1,1,1,1
1,1,1,1,1,1,1,1,1,1
1,1,1,1,1,1,1,1,1,1
1,1,1,1,1,1,1,1,1,1
1,1,1,1,1,1,1,1,1,1
1,1,1,1,1,1,1,1,1,1
1,1,1,1,1,1,1,1,1,1
1,1,1,1,1,1,1,1,1,1
1,1,1,1,1,1,1,1,1,1
1,1,1,1,1,1,1,1,1,1
1,1,1,1,1,1,1,1,1,1
1,1,1,1,1,1,1,1,1,1
1,1,1,1,1,1,1,1,1,1
1,1,1,1,1,1,1,1,1,1
1,1,1,1,1,1,1,1,1,1
1,1,1,1,1,1,1,1,1,1
1,1,1,1,1,1,1,1,1,1
1,1,1,1,1,1,1,1,1,1
1,1,1,1,1,1,1,1,1,1
1,1,1,1,1,1,1,1,1,1
1,1,1,1,1,1,1,1,1,1
1,1,1,1,1,1,1,1,1,1
1,1,1,1,1,1,1,1,1,1
1,1,1,1,1,1,1,1,1,1
1,1,1,1,1,1,1,1,1,1
1,1,1,1,1,1,1,1,1,1
1,1,1,1,1,1,1,1,1,1
1,1,1,1,1,1,1,1,1,1
1,1,1,1,1,1,1,1,1,1
1,1,1,1,1,1,1,1,1,1
1,1,1,1,1,1,1,1,1,1
1,1,1,1,1,1,1,1,1,1
1,1,1,1,1,1,1,1,1,1
1,1,1,1,1,1,1,1,1,1
1,1,1,1,1,1,1,1,1,1
1,1,1,1,1,1,1,1,1,1
1,1,1,1,1,1,1,1,1,1
1,1,1,1,1,1,1,1,1,1
1,1,1,1,1,1,1,1,1,1
1,1,1,1,1,1,1,1,1,1
1,1,1,1,1,1,1,1,1,1
1,1,1,1,1,1,1,1,1,1
1,1,1,1,1,1,1,1,1,1
1,1,1,1,1,1,1,1,1,1
1,1,1,1,1,1,1,1,1,1
1,1,1,1,1,1,1,1,1,1
1,1,1,1,1,1,1,1,1,1
1,1,1,1,1,1,1,1,1,1
1,1,1,1,1,1,1,1,1,1
1,1,1,1,1,1,1,1,1,1
1,1,1,1,1,1,1,1,1,1
1,1,1,1,1,1,1,1,1,1
1,1,1,1,1,1,1,1,1,1
1,1,1,1,1,1,1,1,1,1
1,1,1,1,1,1,1,1,1,1
1,1,1,1,1,1,1,1,1,1
1,1,1,1,1,1,1,1,1,1
1,1,1,1,1,1,1,1,1,1
1,1,1,1,1,1,1,1,1,1
1,1,1,1,1,1,1,1,1,1
1,1,1,1,1,1,1,1,1,1
1,1,1,1,1,1,1,1,1,1
1,1,1,1,1,1,1,1,1,1
1,1,1,1,1,1,1,1,1,1
1,1,1,1,1,1,1,1,1,1
1,1,1,1,1,1,1,1,1,1
1,1,1,1,1,1,1,1,1,1
1,1,1,1,1,1,1,1,1,1
1,1,1,1,1,1,1,1,1,1
1,1,1,1,1,1,1,1,1,1
1,1,1,1,1,1,1,1,1,1
1,1,1,1,1,1,1,1,1,1
1,1,1,1,1,1,1,1,1,1
1,1,1,1,1,1,1,1,1,1
1,1,1,1,1,1,1,1,1,1
1,1,1,1,1,1,1,1,1,1
1,1,1,1,1,1,1,1,1,1
1,1,1,1,1,1,1,1,1,1
1,1,1,1,1,1,1,1,1,1
1,1,1,1,1,1,1,1,1,1
1,1,1,1,1,1,1,1,1,1
1,1,1,1,1,1,1,1,1,1
1,1,1,1,1,1,1,1,1,1
1,1,1,1,1,1,1,1,1,1
1,1,1,1,1,1,1,1,1,1
1,1,1,1,1,1,1,1,1,1
1,1,1,1,1,1,1,1,1,1
1,1,1,1,1,1,1,1,1,1
1,1,1,1,1,1,1,1,1,1
1,1,1,1,1,1,1,1,1,1
1,1,1,1,1,1,1,1,1,1
1,1,1,1,1,1,1,1,1,1
1,1,1,1,1,1,1,1,1,1
1,1,1,1,1,1,1,1,1,1
1,1,1,1,1,1,1,1,1,1
1,1,1,1,1,1,1,1,1,1
1,1,1,1,1,1,1,1,1,1
1,1,1,1,1,1,1,1,1,1
1,1,1,1,1,1,1,1,1,1
1,1,1,1,1,1,1,1,1,1
1,1,1,1,1,1,1,1,1,1
1,1,1,1,1,1,1,1,1,1
1,1,1,1,1,1,1,1,1,1
0.9970199,1,1,1,1,1,1,1,1,1
0.968628,1,1,1,1,1,1,1,1,1
0.937507,1,1,1,1,1,1,1,1,1
0.9037123,1,1,1,1,1,1,1,1,1
0.8673967,1,1,1,1,1,1,1,1,2
0.8473736,1,1,1,1,1,1,1,1,2
0.8506517,1,1,1,1,1,1,1,1,2
0.8539925,1,1,1,1,1,1,1,1,2
0.8573867,1,1,1,1,1,1,1,1,2
0.8608314,1,1,1,1,1,1,1,1,2
0.8643247,1,1,1,1,1,1,1,1,2
0.8678571,1,1,1,1,1,1,1,1,2
0.8714261,1,1,1,1,1,1,1,1,2
0.8750294,1,1,1,1,1,1,1,1,2
0.8786648,1,1,1,1,1,1,1,1,2
0.8823295,1,1,1,1,1,1,1,1,2
1,1,1,1,1,1,1,1,1,1
1,1,1,1,1,1,1,1,1,1
1,1,1,1,1,1,1,1,1,1
1,1,1,1,1,1,1,1,1,1
1,1,1,1,1,1,1,1,1,1
1,1,1,1,1,1,1,1,1,1
1,1,1,1,1,1,1,1,1,1
1,1,1,1,1,1,1,1,1,1
1,1,1,1,1,1,1,1,1,1
1,1,1,1,1,1,1,1,1,1
1,1,1,1,1,1,1,1,1,1
1,1,1,1,1,1,1,1,1,1
1,1,1,1,1,1,1,1,1,1
1,1,1,1,1,1,1,1,1,1
1,1,1,1,1,1,1,1,1,1
1,1,1,1,1,1,1,1,1,1
1,1,1,1,1,1,1,1,1,1
1,1,1,1,1,1,1,1,1,1
1,1,1,1,1,1,1,1,1,1
1,1,1,1,1,1,1,1,1,1
1,1,1,1,1,1,1,1,1,1
1,1,1,1,1,1,1,1,1,1
1,1,1,1,1,1,1,1,1,1
1,1,1,1,1,1,1,1,1,1
1,1,1,1,1,1,1,1,1,1
1,1,1,1,1,1,1,1,1,1
1,1,1,1,1,1,1,1,1,1
1,1,1,1,1,1,1,1,1,1
1,1,1,1,1,1,1,1,1,1
1,1,1,1,1,1,1,1,1,1
1,1,1,1,1,1,1,1,1,1
1,1,1,1,1,1,1,1,1,1
1,1,1,1,1,1,1,1,1,1
1,1,1,1,1,1,1,1,1,1
1,1,1,1,1,1,1,1,1,1
1,1,1,1,1,1,1,1,1,1
1,1,1,1,1,1,1,1,1,1
1,1,1,1,1,1,1,1,1,1
1,1,1,1,1,1,1,1,1,1
1,1,1,1,1,1,1,1,1,1
1,1,1,1,1,1,1,1,1,1
1,1,1,1,1,1,1,1,1,1
1,1,1,1,1,1,1,1,1,1
1,1,1,1,1,1,1,1,1,1
1,1,1,1,1,1,1,1,1,1
1,1,1,1,1,1,1,1,1,1
1,1,1,1,1,1,1,1,1,1
1,1,1,1,1,1,1,1,1,1
1,1,1,1,1,1,1,1,1,1
1,1,1,1,1,1,1,1,1,1
1,1,1,1,1,1,1,1,1,1
1,1,1,1,1,1,1,1,1,1
1,1,1,1,1,1,1,1,1,1
1,1,1,1,1,1,1,1,1,1
1,1,1,1,1,1,1,1,1,1
1,1,1,1,1,1,1,1,1,1
1,1,1,1,1,1,1,1,1,1
1,1,1,1,1,1,1,1,1,1
1,1,1,1,1,1,1,1,1,1
1,1,1,1,1,1,1,1,1,1
1,1,1,1,1,1,1,1,1,1
1,1,1,1,1,1,1,1,1,1
1,1,1,1,1,1,1,1,1,1
1,1,1,1,1,1,1,1,1,1
1,1,1,1,1,1,1,1,1,1
1,1,1,1,1,1,1,1,1,1
1,1,1,1,1,1,1,1,1,1
1,1,1,1,1,1,1,1,1,1
1,1,1,1,1,1,1,1,1,1
1,1,1,1,1,1,1,1,1,1
1,1,1,1,1,1,1,1,1,1
1,1,1,1,1,1,1,1,1,1
1,1,1,1,1,1,1,1,1,1
1,1,1,1,1,1,1,1,1,1
1,1,1,1,1,1,1,1,1,1
1,1,1,1,1,1,1,1,1,1
1,1,1,1,1,1,1,1,1,1
1,1,1,1,1,1,1,1,1,1
1,1,1,1,1,1,1,1,1,1
1,1,1,1,1,1,1,1,1,1
1,1,1,1,1,1,1,1,1,1
1,1,1,1,1,1,1,1,1,1
1,1,1,1,1,1,1,1,1,1
1,1,1,1,1,1,1,1,1,1
1,1,1,1,1,1,1,1,1,1
1,1,1,1,1,1,1,1,1,1
1,1,1,1,1,1,1,1,1,1
1,1,1,1,1,1,1,1,1,1
1,1,1,1,1,1,1,1,1,1
1,1,1,1,1,1,1,1,1,1
1,1,1,1,1,1,1,1,1,1
1,1,1,1,1,1,1,1,1,1
1,1,1,1,1,1,1,1,1,1
1,1,1,1,1,1,1,1,1,1
1,1,1,1,1,1,1,1,1,1
1,1,1,1,1,1,1,1,1,1
1,1,1,1,1,1,1,1,1,1
1,1,1,1,1,1,1,1,1,1
1,1,1,1,1,1,1,1,1,1
1,1,1,1,1,1,1,1,1,1
1,1,1,1,1,1,1,1,1,1
1,1,1,1,1,1,1,1,1,1
1,1,1,1,1,1,1,1,1,1
1,1,1,1,1,1,1,1,1,1
1,1,1,1,1,1,1,1,1,1
1,1,1,1,1,1,1,1,1,1
1,1,1,1,1,1,1,1,1,1
1,1,1,1,1,1,1,1,1,1
1,1,1,1,1,1,1,1,1,1
1,1,1,1,1,1,1,1,1,1
1,1,1,1,1,1,1,1,1,1
1,1,1,1,1,1,1,1,1,1
1,1,1,1,1,1,1,1,1,1
1,1,1,1,1,1,1,1,1,1
1,1,1,1,1,1,1,1,1,1
1,1,1,1,1,1,1,1,1,1
1,1,1,1,1,1,1,1,1,1
1,1,1,1,1,1,1,1,1,1
1,1,1,1,1,1,1,1,1,1
1,1,1,1,1,1,1,1,1,1
1,1,1,1,1,1,1,1,1,1
1,1,1,1,1,1,1,1,1,1
1,1,1,1,1,1,1,1,1,1
1,1,1,1,1,1,1,1,1,1
1,1,1,1,1,1,1,1,1,1
1,1,1,1,1,1,1,1,1,1
1,1,1,1,1,1,1,1,1,1
1,1,1,1,1,1,1,1,1,1
1,1,1,1,1,1,1,1,1,1
1,1,1,1,1,1,1,1,1,1
1,1,1,1,1,1,1,1,1,1
1,1,1,1,1,1,1,1,1,1
1,1,1,1,1,1,1,1,1,1
1,1,1,1,1,1,1,1,1,1
1,1,1,1,1,1,1,1,1,1
1,1,1,1,1,1,1,1,1,1
1,1,1,1,1,1,1,1,1,1
1,1,1,1,1,1,1,1,1,1
1,1,1,1,1,1,1,1,1,1
1,1,1,1,1,1,1,1,1,1
1,1,1,1,1,1,1,1,1,1
1,1,1,1,1,1,1,1,1,1
1,1,1,1,1,1,1,1,1,1
1,1,1,1,1,1,1,1,1,1
1,1,1,1,1,1,1,1,1,1
1,1,1,1,1,1,1,1,1,1
1,1,1,1,1,1,1,1,1,1
1,1,1,1,1,1,1,1,1,1
1,1,1,1,1,1,1,1,1,1
1,1,1,1,1,1,1,1,1,1
1,1,1,1,1,1,1,1,1,1
1,1,1,1,1,1,1,1,1,1
1,1,1,1,1,1,1,1,1,1
1,1,1,1,1,1,1,1,1,1
1,1,1,1,1,1,1,1,1,1
1,1,1,1,1,1,1,1,1,1
1,1,1,1,1,1,1,1,1,1
1,1,1,1,1,1,1,1,1,1
1,1,1,1,1,1,1,1,1,1
1,1,1,1,1,1,1,1,1,1
1,1,1,1,1,1,1,1,1,1
1,1,1,1,1,1,1,1,1,1
1,1,1,1,1,1,1,1,1,1
1,1,1,1,1,1,1,1,1,1
1,1,1,1,1,1,1,1,1,1
1,1,1,1,1,1,1,1,1,1
1,1,1,1,1,1,1,1,1,1
1,1,1,1,1,1,1,1,1,1
1,1,1,1,1,1,1,1,1,1
1,1,1,1,1,1,1,1,1,1
1,1,1,1,1,1,1,1,1,1
1,1,1,1,1,1,1,1,1,1
1,1,1,1,1,1,1,1,1,1
1,0.9960247,1,1,1,1,1,1,1,1
1,0.9803185,1,1,1,1,1,1,1,1
1,0.9640388,1,1,1,1,1,1,1,1
1,0.9471968,1,1,1,1,1,1,1,1
1,0.9298093,0.9944356,1,1,1,1,1,1,1
1,0.9117935,0.9823598,1,1,1,1,1,1,1
1,0.8930653,0.9699703,1,1,1,1,1,1,1
1,0.8736685,0.9572797,1,1,1,1,1,1,2
1,0.8536582,0.9443052,1,1,1,1,1,1,2
1,0.8330997,0.9310693,1,1,1,1,1,1,2
1,0.8120664,0.9175981,1,1,1,1,1,1,2
1,0.7906399,0.9039227,1,1,1,1,1,1,2
1,0.7689065,0.8900769,1,1,1,1,1,1,2
1,0.7685743,0.8760988,1,1,1,1,1,1,2
1,0.7760115,0.8731002,1,1,1,1,1,1,2
1,0.7835449,0.8950425,1,1,1,1,1,1,2
1,0.7908769,0.9167139,1,1,1,1,1,1,2
1,0.797987,0.938021,1,1,1,1,1,1,2
1,0.8048655,0.958892,1,1,1,1,1,1,2
1,0.8115045,0.9792601,1,1,1,1,1,1,2
1,0.8179066,0.9990814,1,1,1,1,1,1,2
1,0.8240584,1,1,1,1,1,1,1,2
1,0.8301889,1,1,1,1,1,1,1,2
1,0.836297,1,1,1,1,1,1,1,2
1,0.8423702,1,1,1,1,1,1,1,2
1,0.8484051,1,1,1,1,1,1,1,2
1,0.8543989,1,1,1,1,1,1,1,1
1,0.8603487,1,1,1,1,1,1,1,1
0.9172813,0.890505,1,0.9939953,1,1,1,1,1,2
0.8793548,0.8723775,1,0.9839263,1,1,1,1,1,2
0.8388988,0.8530592,1,0.9738773,1,1,1,1,1,2
0.7964483,0.8326491,1,0.9638972,1,1,1,1,1,2
0.7526458,0.8112958,1,0.9540493,1,1,1,1,1,2
0.7081932,0.7891913,1,0.9444083,1,1,1,1,1,2
0.6638001,0.7665618,1,1,1,1,1,1,1,2
0.669426,0.7435985,1,1,1,1,1,1,1,2
0.6791011,0.7215174,0.9314882,1,1,1,1,1,1,2
0.6896078,0.7001168,0.9184939,1,1,1,1,1,1,2
0.7007601,0.6796525,0.9059898,1,1,1,1,1,1,2
0.7125394,0.6651863,0.8939639,1,1,1,1,1,1,2
0.7248529,0.6910053,0.8824102,1,1,1,1,1,1,2
0.7372174,0.7173076,0.8713679,1,1,1,1,1,1,2
0.7495618,0.7439402,0.8607557,1,1,1,1,1,1,2
0.7618195,0.7707435,0.8505022,1,1,1,1,1,1,2
0.7739295,0.797555,0.8405458,1,1,1,1,1,1,2
0.8195933,0.8242109,0.8308327,1,1,1,1,1,1,2
0.7946101,0.8486522,0.8213413,1,1,1,1,1,1,2
0.7701809,0.8746824,0.8119683,1,1,1,1,1,1,2
0.7463534,0.9023389,1,1,1,1,1,1,1,2
0.7232485,0.9314576,1,1,1,1,1,1,1,2
0.7007283,1,1,1,1,1,1,1,1,2
0.6793199,1,1,1,1,1,1,1,1,2
0.6580604,1,1,1,1,1,1,1,1,2
0.6370152,1,1,1,1,1,1,1,1,2
0.6162437,1,1,1,1,1,1,1,1,2
0.595801,1,1,1,1,1,1,1,1,2
0.5964457,1,1,1,1,1,1,1,1,2
0.6106507,1,1,1,1,1,1,1,1,2
0.6250817,0.7571458,1,1,1,1,1,1,1,2
0.6420141,0.7444048,1,1,1,1,1,1,1,2
0.6593297,0.7321609,1,1,1,1,1,1,1,2
0.6769875,0.7203745,1,1,1,1,1,1,1,2
0.6949447,0.7090083,1,1,1,1,1,1,1,2
0.7131563,0.6980273,1,1,1,1,1,1,1,2
0.7315856,0.6873981,1,1,1,1,1,1,1,2
0.7501761,0.6770906,1,1,1,1,1,1,1,2
0.7688791,0.6670764,1,1,1,1,1,1,1,2
0.7876467,0.6573287,1,1,1,1,1,1,1,2
0.8064407,0.6478235,1,1,1,1,1,1,1,2
0.8252134,0.6385384,1,1,1,1,1,1,1,2
0.8439175,0.635825,1,1,1,1,1,1,1,2
0.8624441,0.689288,1,1,1,1,1,1,1,2
1,0.7428805,1,1,1,1,1,1,1,1
1,0.7837864,1,1,1,1,1,1,1,1
1,1,1,1,1,1,1,1,1,1
1,1,1,1,1,1,1,1,1,1
1,1,1,1,1,1,1,1,1,1
1,1,1,1,1,1,1,1,1,1
1,1,1,1,1,1,1,1,1,1
1,1,1,1,1,1,1,1,1,1
0.664549,1,1,1,1,1,1,1,1,2
0.6511694,1,1,1,1,1,1,1,1,2
0.6379529,1,1,1,1,1,1,1,1,2
0.6249134,1,1,1,1,1,1,1,1,2
0.6120624,1,1,1,1,1,1,1,1,2
0.5994108,1,1,1,1,1,1,1,1,2
0.5869678,1,1,1,1,1,1,1,1,2
0.5747417,1,1,1,1,1,1,1,1,2
0.5627396,1,1,1,1,1,1,1,1,2
0.5509664,1,1,1,1,1,1,1,1,2
0.5394269,1,1,1,1,1,1,1,1,2
0.5329489,1,1,1,1,1,1,1,1,2
0.5565834,1,1,1,1,1,1,1,1,2
0.5805577,1,1,1,1,1,1,1,1,2
0.6047937,1,1,1,1,1,1,1,1,2
0.6292353,1,1,1,1,1,1,1,1,2
0.6538118,1,1,1,1,1,1,1,1,2
0.6784639,1,1,1,1,1,1,1,1,2
1,1,1,1,1,1,1,1,1,1
1,1,1,1,1,1,1,1,1,1
1,1,1,1,1,1,1,1,1,1
1,1,1,1,1,1,1,1,0.9973981,1
1,1,1,1,1,1,1,1,0.988462,1
1,1,1,1,1,1,1,1,0.9793345,1
1,1,1,1,1,1,1,1,0.9700168,1
1,1,1,1,1,1,1,1,0.9605122,1
1,1,1,1,1,1,1,1,0.9508229,1
1,1,1,1,1,1,1,1,0.9409602,1
1,1,1,1,1,1,1,1,0.9309356,1
1,1,1,1,1,1,1,1,0.9207471,1
1,1,1,1,1,1,1,1,0.9104075,1
1,1,1,1,1,1,1,1,0.8999307,1
1,1,1,1,1,1,1,1,0.9154359,1
1,1,1,1,1,1,1,1,0.9328806,1
1,1,1,1,1,1,1,1,0.949587,1
1,1,1,1,1,1,1,1,0.9655218,1
1,1,1,1,1,1,1,1,0.9806603,1
1,1,1,1,1,1,1,1,0.9949906,1
1,1,1,1,1,1,1,1,1,1
1,1,1,1,1,1,1,1,1,1
1,1,1,1,1,1,1,1,1,1
1,1,1,1,1,1,1,1,1,1
1,1,1,1,1,1,1,1,1,1
1,1,1,1,1,1,1,1,1,1
1,1,1,1,1,1,1,1,1,1
1,1,1,1,1,1,1,1,1,1
1,1,1,1,1,1,1,1,1,1
1,1,1,1,1,1,1,1,1,1
1,1,1,1,1,1,1,1,1,1
1,1,1,1,1,1,1,1,1,1
1,1,1,1,1,1,1,1,1,1
1,1,1,1,1,1,1,1,1,1
1,1,1,1,1,1,1,1,1,1
1,1,1,1,1,1,1,1,1,1
1,1,1,1,1,1,1,1,1,1
1,1,1,1,1,1,1,1,1,1
1,1,1,1,1,1,1,1,1,1
1,1,1,1,1,1,1,1,1,1
1,1,1,1,1,1,1,1,1,1
1,1,1,1,1,1,1,1,1,1
1,1,1,1,1,1,1,1,1,1
1,1,1,1,1,1,1,1,1,1
1,1,1,1,1,1,1,1,1,1
1,1,1,1,1,1,1,1,1,1
1,1,1,1,1,1,1,1,1,1
1,1,1,1,1,1,1,1,1,1
1,1,1,1,1,1,1,1,1,1
1,1,1,1,1,1,1,1,1,1
1,1,1,1,1,1,1,1,1,1
1,1,1,1,1,1,1,1,1,1
1,1,1,1,1,1,1,1,1,1
1,1,1,1,1,1,1,1,1,1
1,1,1,1,1,1,1,1,1,1
1,1,1,1,1,1,1,1,1,1
1,1,1,1,1,1,1,1,1,1
1,1,1,1,1,1,1,1,1,1
1,1,1,1,1,1,1,1,1,1
1,1,1,1,1,1,1,1,1,1
1,1,1,1,1,1,1,1,1,1
1,1,1,1,1,1,1,1,1,1
1,1,1,1,1,1,1,1,1,1
1,1,1,1,1,1,1,1,1,1
1,1,1,1,1,1,1,1,1,1
1,1,1,1,1,1,1,1,1,1
1,1,1,1,1,1,1,1,1,1
1,1,1,1,1,1,1,1,1,1
1,1,1,1,1,1,1,1,1,1
1,1,1,1,1,1,1,1,1,1
1,1,1,1,1,1,1,1,1,1
1,1,1,1,1,1,1,1,1,1
1,1,1,1,1,1,1,1,1,1
1,1,1,1,1,1,1,1,1,1
1,1,1,1,1,1,1,1,1,1
1,1,1,1,1,1,1,1,1,1
1,1,1,1,1,1,1,1,1,1
1,1,1,1,1,1,1,1,1,1
1,1,1,1,1,1,1,1,1,1
1,1,1,1,1,1,1,1,1,1
1,1,1,1,1,1,1,1,1,1
1,1,1,1,1,1,1,1,1,1
1,1,1,1,1,1,1,1,1,1
1,1,1,1,1,1,1,1,1,1
1,1,1,1,1,1,1,1,1,1
1,1,1,1,1,1,1,1,1,1
1,1,1,1,1,1,1,1,1,1
1,1,1,1,1,1,1,1,1,1
1,1,1,1,1,1,1,1,1,1
1,1,1,1,1,1,1,1,1,1
1,1,1,1,1,1,1,1,1,1
1,1,1,1,1,1,1,1,1,1
1,1,1,1,1,1,1,1,1,1
1,1,1,1,1,1,1,1,1,1
1,1,1,1,1,1,1,1,1,1
1,1,1,1,1,1,1,1,1,1
1,1,1,1,1,1,1,1,1,1
1,1,1,1,1,1,1,1,1,1
1,1,1,1,1,1,1,1,1,1
1,1,1,1,1,1,1,1,1,1
1,1,1,1,1,1,1,1,1,1
1,1,1,1,1,1,1,1,1,1
1,1,1,1,1,1,1,1,1,1
1,1,1,1,1,1,1,1,1,1
1,1,1,1,1,1,1,1,1,1
1,1,1,1,1,1,1,1,1,1
1,1,1,1,1,1,1,1,1,1
1,1,1,1,1,1,1,1,1,1
1,1,1,1,1,1,1,1,1,1
1,1,1,1,1,1,1,1,1,1
1,1,1,1,1,1,1,1,1,1
1,1,1,1,1,1,1,1,1,1
1,1,1,1,1,1,1,1,1,1
1,1,1,1,1,1,1,1,1,1
1,1,1,1,1,1,1,1,1,1
1,1,1,1,1,1,1,1,1,1
1,1,1,1,1,1,1,1,1,1
1,1,1,1,1,1,1,1,1,1
1,1,1,1,1,1,1,1,1,1
1,1,1,1,1,1,1,1,1,1
1,1,1,1,1,1,1,1,1,1
1,1,1,1,1,1,1,1,1,1
1,1,1,1,1,1,1,1,1,1
1,1,1,1,1,1,1,1,1,1
1,1,1,1,1,1,1,1,1,1
1,1,1,1,1,1,1,1,1,1
1,1,1,1,1,1,1,1,1,1
1,1,1,1,1,1,1,1,1,1
1,1,1,1,1,1,1,1,1,1
1,1,1,1,1,1,1,1,1,1
1,1,1,1,1,1,1,1,1,1
1,1,1,1,1,1,1,1,1,1
1,1,1,1,1,1,1,1,1,1
1,1,1,1,1,1,1,1,1,1
1,1,1,1,1,1,1,1,1,1
1,1,1,1,1,1,1,1,1,1
1,1,1,1,1,1,1,1,1,1
1,1,1,1,1,1,1,1,1,1
1,1,1,1,1,1,1,1,1,1
1,1,1,1,1,1,1,1,1,1
1,1,1,1,1,1,1,1,1,1
1,1,1,1,1,1,1,1,1,1
1,1,1,1,1,1,1,1,1,1
1,1,1,1,1,1,1,1,1,1
1,1,1,1,1,1,1,1,1,1
1,1,1,1,1,1,1,1,1,1
1,1,1,1,1,1,1,1,1,1
1,1,1,1,1,1,1,1,1,1
1,1,1,1,1,1,1,1,1,1
1,1,1,1,1,1,1,1,1,1
1,1,1,1,1,1,1,1,1,1
1,1,1,1,1,1,1,1,1,1
1,1,1,1,1,1,1,1,1,1
1,1,1,1,1,1,1,1,1,1
1,1,1,1,1,1,1,1,1,1
1,1,1,1,1,1,1,1,1,1
1,1,1,1,1,1,1,1,1,1
1,1,1,1,1,1,0.9877944,1,1,1
1,1,1,1,1,1,0.9647624,1,1,1
1,1,1,1,1,1,0.9549773,1,1,1
1,1,1,1,1,1,0.9479292,1,1,1
1,1,1,1,1,1,0.9409846,1,1,1
1,1,1,1,1,1,0.9341354,1,1,1
1,1,1,1,1,1,0.9273864,1,1,1
1,1,1,1,1,1,0.9207432,1,1,1
1,1,1,1,1,1,0.9141976,1,1,1
1,1,1,1,1,1,0.9077554,1,1,1
1,1,1,1,1,1,0.9014155,1,1,1
1,1,1,1,1,1,0.8951839,1,1,1
1,1,1,1,1,1,0.8890597,1,1,0
1,1,1,1,1,1,0.8830423,1,1,0
1,1,1,1,1,1,0.8771313,1,1,0
1,1,1,1,1,1,0.8713326,1,1,0
1,1,1,1,1,1,0.8656461,1,1,0
1,1,1,1,1,1,0.860071,1,1,0
1,1,1,1,1,1,0.8546137,1,1,0
1,1,1,1,1,1,0.8492672,1,1,0
1,1,1,1,1,1,0.8440377,1,1,0
1,1,1,1,1,1,0.8389319,1,1,0
1,1,1,1,1,1,0.8339422,1,1,0
1,1,1,1,1,1,0.8290755,1,1,0
1,1,1,1,1,1,0.824331,1,1,0
1,1,1,1,1,1,0.8197152,1,1,0
1,1,1,1,1,1,0.8152208,1,1,0
1,1,1,1,1,1,0.8108543,1,1,0
1,1,1,1,1,1,0.8066151,1,1,0
1,1,1,1,1,1,0.8025025,1,1,0
1,1,1,1,1,1,0.7985229,1,1,0
1,1,1,1,1,1,0.7946757,1,1,0
1,1,1,1,1,1,0.7909533,1,1,0
1,1,1,1,1,1,0.7873689,1,1,0
1,1,1,1,1,1,0.7839146,1,1,0
1,1,1,1,1,1,0.7805898,0.8418665,1,0
1,1,1,1,1,1,1,0.6802202,1,0
1,1,1,1,1,1,1,0.6753304,1,0
1,1,1,1,1,1,1,0.6706728,1,0
1,1,1,1,1,1,1,0.6662558,1,0
1,1,1,1,1,1,1,0.6620812,1,0
1,1,1,1,1,1,1,0.6581565,1,0
1,1,1,1,1,1,1,0.6544832,1,0
1,1,1,1,1,1,1,0.6510622,1,0
1,1,1,1,1,1,1,0.6478944,1,0
1,1,1,1,1,1,1,0.6449865,1,0
1,1,1,1,1,1,1,0.6423389,1,0
1,1,1,1,1,1,1,0.639958,1,0
1,1,1,1,1,1,1,0.6378375,1,0
1,1,1,1,1,1,1,0.6359835,1,0
1,1,1,1,1,1,1,0.6343954,1,0
1,1,1,1,1,1,1,0.6330726,1,0
1,1,1,1,1,1,1,0.6320145,0.6066562,0
1,1,1,1,1,1,1,0.632632,0.6015736,0
1,1,1,1,1,1,1,0.891111,0.5969728,0
1,1,1,1,1,1,1,1,0.5928515,0
1,1,1,1,1,1,1,1,0.5892621,0
1,1,1,1,1,1,1,1,0.5860111,0
1,1,1,1,1,1,1,1,0.5831,0
1,1,1,1,1,1,1,1,0.5805367,0
1,1,1,1,1,1,1,1,0.5783223,0
1,1,1,1,1,1,1,1,0.5764579,0
1,1,1,1,1,1,1,1,0.5749502,0
1,1,1,1,1,1,1,1,0.5737938,0
1,1,1,1,1,1,1,1,0.5729949,0
1,1,1,1,1,1,1,1,0.5725539,0
1,1,1,1,1,1,1,1,0.5724642,0
1,1,1,1,1,1,1,1,0.5727318,0
1,1,1,1,1,1,1,1,0.8182685,0
1,1,1,1,1,1,1,1,0.8184136,0
1,1,1,1,1,1,1,1,0.8186834,0
1,1,1,1,1,1,1,1,1,1
1,1,1,1,1,1,1,1,1,1
1,1,1,1,1,1,1,1,1,1
1,1,1,1,1,1,1,1,1,1
1,1,1,1,1,1,1,1,1,1
1,1,1,1,1,1,1,1,1,1
1,1,1,1,1,1,1,1,1,1
1,1,1,1,1,1,1,1,1,1
1,1,1,1,1,1,1,1,1,1
1,1,1,1,1,1,1,1,1,1
1,1,1,1,1,1,1,1,1,1
1,1,1,1,1,1,1,1,1,1
1,1,1,1,1,1,1,1,1,1
1,1,1,1,1,1,1,1,1,1
1,1,1,1,1,1,1,1,1,1
1,1,1,1,1,1,1,1,1,1
1,1,1,1,1,1,1,1,1,1
1,1,1,1,1,1,1,1,1,1
1,1,1,1,1,1,1,1,1,1
1,1,1,1,1,1,1,1,1,1
1,1,1,1,1,1,1,1,1,1
1,1,1,1,1,1,1,1,1,1
1,1,1,1,1,1,1,1,1,1
1,1,1,1,1,1,1,1,1,1
1,1,1,1,1,1,1,1,1,1
1,1,1,1,1,1,1,1,1,1
1,1,1,1,1,1,1,1,1,1
1,1,1,1,1,1,1,1,1,1
1,1,1,1,1,1,1,1,1,1
1,1,1,1,1,1,1,1,1,1
1,1,1,1,1,1,1,1,1,1
1,1,1,1,1,1,1,1,1,1
1,1,1,1,1,1,1,1,1,1
1,1,1,1,1,1,1,1,1,1
1,1,1,1,1,1,1,1,1,1
1,1,1,1,1,1,1,1,1,1
1,1,1,1,1,1,1,1,1,1
1,1,1,1,1,1,1,1,1,1
1,1,1,1,1,1,1,1,1,1
1,1,1,1,1,1,1,1,1,1
1,1,1,1,1,1,1,1,1,1
1,1,1,1,1,1,1,1,1,1
1,1,1,1,1,1,1,1,1,1
1,1,1,1,1,1,1,1,1,1
1,1,1,1,1,1,1,1,1,1
1,1,1,1,1,1,1,1,1,1
1,1,1,1,1,1,1,1,1,1
1,1,1,1,1,1,1,1,1,1
1,1,1,1,1,1,1,1,1,1
1,1,1,1,1,1,1,1,1,1
1,1,1,1,1,1,1,1,1,1
1,1,1,1,1,1,1,1,1,1
1,1,1,1,1,1,1,1,1,1
1,1,1,1,1,1,1,1,1,1
1,1,1,1,1,1,1,1,1,1
1,1,1,1,1,1,1,1,1,1
1,1,1,1,1,1,1,1,1,1
1,1,1,1,1,1,1,1,1,1
1,1,1,1,1,1,1,1,1,1
1,1,1,1,1,1,1,1,1,1
1,1,1,1,1,1,1,1,1,1
1,1,1,1,1,1,1,1,1,1
1,1,1,1,1,1,1,1,1,1
1,1,1,1,1,1,1,1,1,1
1,1,1,1,1,1,1,1,1,1
1,1,1,1,1,1,1,1,1,1
1,1,1,1,1,1,1,1,1,1
1,0.9404401,1,1,1,1,1,1,1,1
1,0.9244522,1,1,1,1,1,1,1,1
1,0.9080876,1,1,1,1,1,1,1,1
1,0.8913684,1,1,1,1,1,1,1,1
1,0.8743201,1,1,1,1,1,1,1,1
1,0.8569711,1,1,1,1,1,1,1,2
1,0.8393526,1,1,1,1,1,1,1,2
1,0.8214981,1,1,1,1,1,1,1,2
1,0.8034433,1,1,1,1,1,1,1,2
1,0.7852248,1,1,1,1,1,1,1,2
1,0.7668813,1,1,1,1,1,1,1,2
1,0.7484516,1,1,1,1,1,1,1,2
1,0.7299749,1,1,1,1,1,1,1,2
1,0.7114897,1,1,1,1,1,1,1,2
1,0.6930342,1,1,1,1,1,1,1,2
1,0.6746444,1,1,1,1,1,1,1,2
1,0.6563561,1,1,1,1,1,1,1,2
1,0.6382018,1,1,1,1,1,1,1,2
1,0.6418401,1,1,1,1,1,1,1,2
1,0.6523586,1,1,1,1,1,1,1,2
1,0.6630117,1,1,1,1,1,1,1,2
1,0.6737791,1,1,1,1,1,1,1,2
1,0.6846501,1,1,1,1,1,1,1,2
1,0.6956033,1,1,1,1,1,1,1,2
1,0.7066173,1,1,1,1,1,1,1,2
1,0.717681,1,1,1,1,1,1,1,2
1,0.7287723,1,1,1,1,1,1,1,2
0.7912732,0.7398695,1,1,1,1,1,1,1,2
0.7532106,0.7593213,1,1,1,1,1,1,1,2
0.716277,0.7808312,1,1,1,1,1,1,1,2
0.6806481,1,1,1,1,1,1,1,0.9975013,2
0.651018,1,1,1,1,1,1,1,0.9949226,2
0.6217471,1,1,1,1,1,1,1,0.9924005,2
0.5929742,1,1,1,1,1,1,1,0.9899555,2
0.5648211,1,1,1,1,1,1,1,0.9876083,2
0.55953,1,1,1,1,1,1,1,0.9853787,2
0.5699943,1,1,1,1,1,1,1,0.983206,2
0.5806992,1,1,1,1,1,1,1,0.9810246,2
0.5916217,1,1,1,1,1,1,1,0.978816,2
0.6027378,1,1,1,1,1,1,1,0.9765625,2
0.6140223,1,1,1,1,1,1,1,0.9742479,2
0.6254486,1,1,1,1,1,1,1,0.9718572,2
0.6369892,1,1,1,1,1,1,1,0.9693774,2
0.6486158,1,1,1,1,1,1,1,0.9667959,2
0.6602989,1,1,1,1,1,1,1,0.9641021,2
0.672017,1,1,1,1,1,1,1,0.9612802,2
0.683731,1,1,1,1,1,1,1,0.9583281,2
0.6954182,1,1,1,1,1,1,1,0.9552331,2
1,1,1,1,1,1,1,1,0.9519956,1
1,1,1,1,1,1,1,1,0.9466034,1
1,1,1,1,1,1,1,1,0.9411888,1
1,1,1,1,1,1,1,1,0.9357536,1
1,1,1,1,1,1,1,1,0.9303061,1
1,1,1,1,1,1,1,1,0.9248486,1
1,1,1,1,1,1,1,1,0.9193833,1
1,1,1,1,1,1,1,1,0.9139191,1
1,1,1,1,1,1,1,1,0.9084584,1
1,1,1,1,1,1,1,1,0.9030104,1
1,1,1,1,1,1,1,1,0.8975779,0
1,1,1,1,1,1,1,1,0.8921638,0
1,1,1,1,1,1,1,1,0.8867711,0
1,1,1,1,1,1,1,1,0.8814092,0
1,1,1,1,1,1,1,1,0.8760813,0
1,1,1,1,1,1,1,1,0.870797,0
1,1,1,1,1,1,1,1,0.8655534,0
1,1,1,1,1,1,1,1,0.8603662,0
1,1,1,1,1,1,1,1,0.8552326,0
1,1,1,1,1,1,1,1,0.8501623,0
1,1,1,1,1,1,1,1,0.8451589,0
1,1,1,1,1,1,1,1,0.8402318,0
1,1,1,1,1,1,1,1,0.8353847,0
1,1,1,1,1,1,1,1,1,1
1,1,0.9149088,1,1,1,1,1,1,1
1,1,0.9179039,1,1,1,1,1,1,1
1,1,0.9208493,1,1,1,1,0.9983249,1,1
1,1,0.9236234,1,1,1,1,0.9842933,1,1
1,0.9970043,0.9254137,1,1,1,1,0.9696285,1,1
1,0.9810523,0.9263967,1,1,1,1,0.9544615,1,1
1,0.9651147,0.9273996,1,1,1,1,0.9392813,1,1
1,0.949193,0.9284045,1,1,1,1,0.9240858,1,1
1,0.9332897,0.929422,1,1,1,1,0.9088728,1,1
1,0.9174067,0.9304484,1,1,1,1,0.9049324,1,1
1,0.9011599,0.932223,1,1,1,1,0.9042486,1,1
1,0.8844689,0.9349757,1,1,1,1,0.9032089,1,1
1,0.8673819,0.9387005,1,1,1,1,0.9018227,1,1
1,0.8499495,0.9433791,1,1,1,1,0.9001099,1,1
1,0.8322225,0.949011,1,1,1,1,0.898084,1,1
1,0.8142503,0.9555975,1,1,1,1,0.8957598,1,1
1,0.7960832,0.9631257,1,1,1,1,0.8931606,1,1
1,0.7777684,0.9716004,1,1,1,1,0.8903036,1,1
1,0.7593518,1,1,1,1,1,0.8872057,1,1
1,0.7411371,1,1,1,1,1,0.8841182,1,2
1,0.7227467,1,1,1,1,1,0.8807133,1,2
1,0.7042233,1,1,1,1,1,0.8770124,1,2
1,0.6856099,1,1,1,1,1,0.873022,1,2
1,0.666948,1,1,1,1,1,0.8687657,1,2
1,0.6482783,1,1,1,1,1,0.8642676,1,2
1,0.6296381,1,1,1,1,1,0.8595448,1,2
1,0.611063,1,1,1,1,1,0.8546144,1,2
1,0.5925865,1,1,1,1,1,0.849501,1,2
1,0.5742386,1,1,1,1,1,0.8442289,1,2
1,0.5614802,1,1,1,1,1,0.8388139,1,2
1,0.5671246,1,1,1,1,1,0.8333694,1,2
1,0.5727071,1,1,1,1,1,0.8282027,1,2
1,0.578207,1,1,1,1,1,0.8233001,1,2
1,0.5836223,0.9878653,1,1,1,1,0.8186351,1,2
1,0.5890434,0.9755936,1,1,1,1,0.8141084,1,2
1,0.5944671,0.9634846,1,1,1,1,0.8097088,1,2
0.8420497,0.599888,0.9515287,1,1,1,1,0.8054282,1,2
0.7954698,0.6095291,0.9379963,1,1,1,1,0.7981685,1,2
0.749359,0.6205257,0.924373,1,1,1,1,0.7903981,1,2
0.7042564,0.6329262,0.9107436,1,1,1,1,0.7822276,1,2
0.6606015,0.6467803,0.8971901,1,1,1,1,0.773762,1,2
0.6187228,0.6621191,0.9018914,1,1,1,1,0.7651073,1,2
0.5790371,0.6788087,0.9738015,1,1,1,1,0.7564298,1,2
0.5421957,0.6962662,1,1,1,1,1,0.7480354,1,2
0.5075437,0.7148666,1,1,1,1,1,0.7397685,1,2
0.4866887,0.734823,1,1,1,1,1,0.7315806,1,2
0.4941155,1,1,1,1,1,1,0.7236543,1,2
0.4996703,1,1,1,1,1,1,0.7181476,1,2
0.5052269,1,1,1,1,1,1,0.7128019,1,2
0.5107652,1,1,1,1,1,1,0.7076125,1,2
0.5162728,1,1,1,1,1,1,0.7025691,1,2
0.5217447,1,1,1,1,1,1,0.6976562,1,2
0.5271693,1,1,1,1,1,1,0.6928665,1,2
0.5325354,1,1,1,1,1,1,0.6881938,1,2
0.5378395,1,1,1,1,1,1,0.6836265,1,1
0.5430713,1,1,1,1,1,1,0.6791605,1,1
0.5482209,1,1,1,1,1,1,0.6747926,1,1
0.5532863,1,1,1,1,1,1,0.6705139,1,1
0.5582585,1,1,1,1,1,1,0.6663228,1,1
0.5631291,1,1,1,1,1,1,0.6622186,1,1
0.5678977,1,1,1,1,1,1,0.6581942,1,1
0.5725566,0.7752005,1,1,1,1,1,0.65425,1,2
0.5790802,0.7616624,1,1,1,1,1,0.6491886,1,2
0.5856234,0.7483847,1,1,1,1,1,0.644184,1,2
0.592187,0.7353538,1,1,1,1,1,0.6392251,1,2
0.5987494,0.7225569,1,1,1,1,1,0.6343202,1,2
0.6053119,0.7099811,1,1,1,1,1,0.6294578,1,2
0.6118611,0.6976138,1,1,1,1,1,0.6246399,1,2
0.618384,0.6854423,1,1,1,1,1,0.6198684,1,1
0.6248757,0.6734554,1,1,1,1,1,0.6151386,1,1
0.6313317,0.661641,1,1,1,1,1,0.6104462,1,1
1,0.6571292,1,1,1,1,1,0.6057935,1,0
1,0.653866,1,1,1,1,1,0.6036744,1,0
1,0.650766,1,1,1,1,1,0.601647,1,0
1,0.6478058,1,1,1,1,1,0.5997159,0.5690101,0
1,0.6311921,1,1,1,1,1,0.6006999,0.5645835,0
1,0.6208618,1,1,1,1,1,0.6021752,0.5606146,0
1,0.617748,1,1,1,1,1,1,0.5571026,0
1,0.6102508,1,1,1,1,1,1,0.554073,0
1,0.6026126,1,1,1,1,1,1,0.5511922,0
1,0.5948234,1,1,1,1,1,1,0.5484563,0
1,0.5868741,1,1,1,1,1,1,0.5458556,0
1,0.5834109,1,1,1,1,1,1,0.5433925,0
1,0.5802876,1,1,1,1,1,1,0.5410581,0
1,0.5772279,1,1,1,1,1,1,0.5388502,0
1,0.5742296,1,1,1,1,1,1,0.5367669,0
1,0.5712908,1,1,1,1,1,1,0.5348061,0
1,0.5684096,1,1,1,1,1,1,0.5329658,0
1,0.5655934,1,1,1,1,1,1,0.5312377,0
1,0.5628393,1,1,1,1,1,1,0.5296198,0
1,0.5601441,1,1,1,1,1,1,0.5281101,0
1,0.557505,1,1,1,1,1,1,0.526707,0
1,0.5549188,1,1,1,1,1,1,0.5254082,0
1,0.5523921,1,1,1,1,1,1,0.524206,0
1,0.549912,1,1,1,1,1,1,1,2
1,0.5603737,1,1,1,1,1,1,1,2
1,0.5711063,1,1,1,1,1,1,1,2
1,0.5820821,1,1,1,1,1,1,1,2
1,1,1,1,1,1,1,1,1,1
1,1,1,1,1,1,1,1,1,1
1,1,1,1,1,1,1,1,1,1
1,1,1,1,1,1,1,1,1,1
1,1,1,1,1,1,1,1,1,1
1,1,1,1,1,1,1,1,1,1
0.5731268,1,1,1,1,1,1,1,1,2
0.5340148,1,1,1,1,1,1,1,1,2
0.4962437,1,1,1,1,1,1,1,1,2
0.4600524,1,1,1,1,1,1,1,1,2
0.4544628,1,1,1,1,1,1,1,1,2
0.4632504,1,1,1,1,1,1,1,1,2
0.4724875,1,1,1,1,1,1,1,1,2
0.482164,1,1,1,1,1,1,1,1,2
0.4922687,1,1,1,1,1,1,1,1,2
0.502789,1,1,1,1,1,1,1,1,2
1,1,1,1,1,1,1,1,1,1
1,1,1,1,1,1,1,1,1,1
1,1,1,1,1,1,1,1,1,1
1,1,1,1,1,1,1,1,1,1
1,1,1,1,1,1,1,1,1,1
1,1,1,1,1,1,1,1,1,1
1,1,1,1,1,1,1,1,1,1
1,1,1,1,1,1,1,1,1,1
1,1,1,1,1,1,1,1,1,1
1,1,1,1,1,1,1,1,1,1
1,1,1,1,1,1,1,1,1,1
1,1,1,1,1,1,1,1,1,1
1,1,1,1,1,1,1,1,1,1
1,1,1,1,1,1,1,1,1,1
1,1,1,1,1,1,1,1,1,1
1,1,1,1,1,1,1,1,1,1
1,1,1,1,1,1,1,1,1,1
1,1,1,1,1,1,1,1,1,1
1,1,1,1,1,1,1,1,1,1
1,1,1,1,1,1,1,1,1,1
1,1,1,1,1,1,1,1,1,1
1,1,1,1,1,1,1,1,1,1
1,1,1,1,1,1,1,1,1,1
1,1,1,1,1,1,1,1,1,1
1,1,1,1,1,1,1,1,1,1
1,1,1,1,1,1,1,1,1,1
1,1,1,1,1,1,1,1,1,1
1,1,1,1,1,1,1,1,1,1
1,1,1,1,1,1,1,1,1,1
1,1,1,1,1,1,1,1,1,1
1,1,1,1,1,1,1,1,1,1
1,1,1,1,1,1,1,1,1,1
1,1,1,1,1,1,1,1,1,1
1,1,1,1,1,1,1,1,1,1
1,1,1,1,1,1,1,1,1,1
1,1,1,1,1,1,1,1,1,1
1,1,1,1,1,1,1,1,1,1
1,1,1,1,1,1,1,1,1,1
1,1,1,1,1,1,1,1,1,1
1,1,1,1,1,1,1,1,1,1
1,1,1,1,1,1,1,1,1,1
1,1,1,1,1,1,1,1,1,1
1,1,1,1,1,1,1,1,1,1
1,1,1,1,1,1,1,1,1,1
1,1,1,1,1,1,1,1,1,1
1,1,1,1,1,1,1,1,1,1
1,1,1,1,1,1,1,1,1,1
1,1,1,1,1,1,1,1,1,1
1,1,1,1,1,1,1,1,1,1
1,1,1,1,1,1,1,1,1,1
1,1,1,1,1,1,1,1,1,1
1,1,1,1,1,1,1,1,1,1
1,1,1,1,1,1,1,1,1,1
1,1,1,1,1,0.9936117,1,1,1,1
1,1,1,1,1,0.9867951,1,1,1,1
1,1,1,1,1,0.9802133,1,1,1,1
1,1,1,1,1,0.9738652,1,1,1,1
1,1,1,1,1,0.9677384,1,1,1,1
1,1,1,1,1,0.9618216,1,1,1,1
1,1,1,1,1,0.956104,1,1,1,1
1,1,1,1,1,0.9505755,1,1,1,1
1,1,1,1,1,0.9452384,1,1,1,1
1,1,1,1,1,0.9400837,1,1,1,1
1,1,1,1,1,0.9351025,1,1,1,1
1,1,1,1,1,0.9302869,1,1,1,1
1,1,1,1,1,0.9256294,1,1,1,1
1,1,1,1,1,0.9211348,1,1,1,1
1,1,1,1,1,1,1,1,0.9983112,1
1,1,1,1,1,1,1,1,0.9947012,1
1,1,1,1,1,1,1,1,0.9910756,1
1,1,1,1,1,1,1,1,0.9874347,1
1,1,1,1,1,1,1,1,0.9837846,1
1,1,1,1,1,1,1,1,0.9801259,1
1,1,1,1,1,1,1,1,0.9764653,1
1,1,1,1,1,1,1,1,0.9960654,1
1,1,1,1,1,1,1,1,1,1
1,1,1,1,1,1,1,1,1,1
1,1,1,1,1,1,1,1,1,1
1,1,1,1,1,1,1,1,1,1
1,1,1,1,1,1,1,1,1,1
1,1,1,1,1,1,1,1,1,1
1,1,1,1,1,1,0.7609919,1,1,0
1,1,1,1,1,1,0.7420908,1,1,0
1,1,1,1,1,1,0.7230925,1,1,0
1,1,1,1,1,1,0.7040388,1,1,0
1,1,1,1,1,1,0.6849711,1,1,0
1,1,1,1,1,1,0.6659297,1,1,0
1,1,1,1,1,1,0.6469535,1,1,0
1,1,1,1,1,1,0.6280783,1,1,0
1,1,1,1,1,1,0.6093377,1,1,0
1,1,1,1,1,1,0.5996209,1,1,0
1,1,1,1,1,1,0.6032236,1,1,0
1,1,1,1,1,1,0.6069839,1,1,0
1,1,1,1,1,1,0.6109002,1,1,0
1,1,1,1,1,1,0.6149613,1,1,0
1,1,1,1,1,1,0.619166,1,1,0
1,1,1,1,1,1,0.6235124,1,1,0
1,1,1,1,1,1,1,1,1,1
1,1,1,1,1,1,1,1,1,1
1,1,1,1,1,1,1,1,1,1
1,1,1,1,1,1,1,1,1,1
1,1,1,1,1,1,1,1,1,1
1,1,1,1,1,1,1,1,1,1
1,1,1,1,1,1,1,1,1,1
1,1,1,1,1,1,1,1,1,1
1,1,1,1,1,1,1,1,1,1
1,1,1,1,1,1,1,1,1,1
1,1,1,1,1,1,1,1,1,1
1,1,1,1,1,1,1,1,1,1
1,1,1,1,1,1,1,1,1,1
1,1,1,1,1,1,1,0.5318848,1,0
1,1,1,1,1,1,1,0.4949881,1,0
1,1,1,1,1,1,1,0.4594548,1,0
1,1,1,1,1,1,1,0.4254402,1,0
1,1,1,1,1,1,1,0.4075615,1,0
1,1,1,1,1,1,1,0.4118001,1,0
1,1,1,1,1,1,1,0.4164728,1,0
1,1,1,1,1,1,1,0.421564,1,0
1,1,1,1,1,1,1,0.4270753,1,0
1,1,1,1,1,1,1,0.4330091,1,0
1,1,1,1,1,1,1,1,1,1
1,1,1,1,1,1,1,1,1,1
1,1,1,1,1,1,1,1,1,1
1,1,1,1,1,1,1,1,1,1
1,1,1,1,1,1,1,1,0.4509915,0
1,1,1,1,1,1,1,1,0.3789912,0
1,1,1,1,1,1,1,1,0.3550331,0
1,1,1,1,1,1,1,1,0.3578567,0
1,1,1,1,1,1,1,1,0.3611025,0
1,1,1,1,1,1,1,1,0.3647762,0
1,1,1,1,1,1,1,1,0.3688911,0
1,1,1,1,1,1,1,1,0.3734623,0
1,1,1,1,1,1,1,1,0.3785059,0
1,1,1,1,1,1,1,1,1,1
1,1,1,1,1,1,1,1,1,1
1,1,1,1,1,1,1,1,1,1
1,1,1,1,1,1,1,1,1,1
1,1,1,1,1,1,1,1,1,1
1,1,1,1,1,1,1,1,1,1
1,1,1,1,1,1,1,1,1,1
1,1,1,1,1,1,1,1,1,1
1,1,1,1,1,1,1,1,1,1
1,1,1,1,1,1,1,1,1,1
1,1,1,1,1,1,1,1,1,1
1,1,1,1,1,1,1,1,1,1
1,1,1,1,1,1,1,1,1,1
1,1,1,1,1,1,1,1,1,1
1,1,1,1,1,1,1,1,1,1
1,1,1,1,1,1,1,1,1,1
1,1,1,1,1,1,1,1,1,1
1,1,1,1,1,1,1,1,1,1
1,1,1,1,1,1,1,1,1,1
1,1,1,1,1,1,1,1,1,1
1,1,1,1,1,1,1,1,1,1
1,1,1,1,1,1,1,1,1,1
1,1,1,1,1,1,1,1,1,1
1,1,1,1,1,1,1,1,1,1
1,1,1,1,1,1,1,1,1,1
1,1,1,1,1,1,1,1,1,1
1,1,1,1,1,1,1,1,1,1
1,1,1,1,1,1,1,1,1,1
1,1,1,1,1,1,1,1,1,1
1,1,1,1,1,1,1,1,1,1
1,1,1,1,1,1,1,1,1,1
1,1,1,1,1,1,1,1,1,1
1,1,1,1,1,1,1,1,1,1
1,1,1,1,1,1,1,1,1,1
1,1,1,1,1,1,1,1,1,1
1,1,1,1,1,1,1,1,1,1
1,1,1,1,1,1,1,1,1,1
1,1,1,1,1,1,1,1,1,1
1,1,1,1,1,1,1,1,1,1
1,1,1,1,1,1,1,1,1,1
1,1,1,1,1,1,1,1,1,1
1,1,1,1,1,1,1,1,1,1
1,1,1,1,1,1,1,1,1,1
1,1,1,1,1,1,1,1,1,1
1,1,1,1,1,1,1,1,1,1
1,1,1,1,1,1,1,1,1,1
1,1,1,1,1,1,1,1,1,1
1,1,1,1,1,1,1,1,1,1
1,1,1,1,1,1,1,1,1,1
1,1,1,1,1,1,1,1,1,1
1,1,1,1,1,1,1,1,1,1
1,1,1,1,1,1,1,1,1,1
1,1,1,1,1,1,1,1,1,1
1,1,1,1,1,1,1,1,1,1
1,1,1,1,1,1,1,1,1,1
1,1,1,1,1,1,1,1,1,1
1,1,1,1,1,1,1,1,1,1
1,1,1,1,1,1,1,1,1,1
1,1,1,1,1,1,1,1,1,1
1,1,1,1,1,1,1,1,1,1
1,1,1,1,1,1,1,1,1,1
1,1,1,1,1,1,1,1,1,1
1,1,1,1,1,1,1,1,1,1
1,1,1,1,1,1,1,1,1,1
1,1,1,1,1,1,1,1,1,1
1,1,1,1,1,1,1,1,1,1
1,1,1,1,1,1,1,1,1,1
1,1,1,1,1,1,1,1,1,1
1,1,1,1,1,1,1,1,1,1
1,1,1,1,1,1,1,1,1,1
1,1,1,1,1,1,1,1,1,1
1,1,1,1,1,1,1,1,1,1
1,1,1,1,1,1,1,1,1,1
1,1,1,1,1,1,1,1,1,1
1,1,1,1,1,1,1,1,1,1
1,1,1,1,1,1,1,1,1,1
1,1,1,1,1,1,1,1,1,1
1,1,1,1,1,1,1,1,1,1
1,1,1,1,1,1,1,1,1,1
1,1,1,1,1,0.9861305,1,1,1,1
1,1,1,1,0.991372,0.9762827,1,1,1,1
1,1,1,1,0.981361,0.9664348,1,1,1,1
1,1,1,1,0.9713374,0.9565867,1,1,1,1
1,1,1,1,0.9613019,0.9467382,1,1,1,1
1,1,1,0.9968266,0.9512545,0.9368894,1,1,1,1
1,1,1,0.9862044,0.941188,0.9270399,1,1,1,1
1,1,1,0.9755058,0.9310859,0.9171899,1,1,1,1
1,1,1,0.9647336,0.9209495,0.9073392,1,1,1,1
1,1,1,0.9538916,0.9107803,0.897488,1,1,1,1
1,1,1,0.8969762,0.9005803,0.8876364,1,1,1,1
1,1,1,0.8858243,0.8902524,0.8777874,1,1,1,1
1,1,1,0.8746278,0.8799027,0.8679398,1,1,1,1
1,1,1,0.8633924,0.8695346,0.8580944,1,1,1,1
1,1,1,0.8521239,0.859151,0.8482517,1,1,1,1
1,1,1,0.8408278,0.8487548,0.8384125,1,1,1,1
1,1,1,0.8295099,0.838349,0.8285772,1,1,1,1
1,1,1,0.8181759,0.8279368,0.8187464,1,1,1,1
1,1,1,0.8068314,0.8175209,0.8089207,1,1,1,1
1,1,1,0.7954815,0.8071041,0.7991003,1,1,1,1
1,1,1,0.7841315,0.7966889,0.7892855,1,1,1,1
1,1,1,0.7727863,0.7862779,0.7794766,1,1,1,1
1,1,1,0.7614506,0.7758734,0.7696735,1,1,1,1
1,1,1,0.7501284,0.7654772,0.7598759,1,1,1,1
1,1,1,0.738824,0.7550914,0.750084,1,1,1,1
1,1,1,0.7275406,0.7447175,0.7402971,0.9932996,1,1,1
1,1,1,0.7163009,0.7343646,1,0.9851357,1,1,2
1,1,1,0.7049742,0.7239804,1,0.9753598,1,1,2
1,1,1,0.6936972,0.7136208,1,0.9658765,1,1,2
1,1,1,0.6824701,0.7032851,1,0.9566884,1,1,2
1,1,1,0.6712921,0.6929727,1,0.9477965,1,1,2
1,1,1,0.6601627,0.6826829,1,0.9391993,1,1,2
1,1,1,0.6490809,0.6724144,1,0.9308934,1,1,1
1,1,1,0.6380459,0.6621669,1,0.9228746,1,1,1
1,1,1,0.6270565,0.651939,1,0.9151542,1,1,1
1,1,1,0.6161113,0.64173,1,0.9077074,1,1,1
1,1,1,0.6052092,0.6315387,1,0.9005434,1,1,1
1,1,1,0.5943485,0.6213641,1,0.893653,1,1,1
1,1,0.6963852,0.5835279,0.6112052,1,0.8870268,1,1,2
1,1,0.6813647,0.5718986,0.6008319,1,0.8668691,1,1,2
1,1,0.666682,0.577374,0.5905321,1,0.8482224,1,1,2
1,1,0.6523715,0.5934085,0.5803015,1,0.8312896,1,1,2
1,1,0.5899107,0.5821532,0.5701309,1,0.816029,1,1,2
1,1,0.5761557,0.5709062,0.5599947,1,0.8001033,1,1,2
1,1,0.5626781,0.5597869,0.5499079,1,0.7853957,1,1,2
1,1,0.5494573,0.5487839,0.5398632,1,0.7717952,1,1,2
1,1,0.5364736,0.5378866,0.5298537,1,0.7592014,1,1,2
1,1,0.5237083,0.527085,0.519873,1,0.7475112,1,1,2
1,1,0.511144,0.5163701,0.509916,1,0.7366453,1,1,2
1,1,0.498764,0.5057331,0.4999776,1,0.7265195,1,1,2
1,1,0.486553,0.4951662,0.4900535,1,0.7170709,1,1,2
1,1,0.4744969,0.4846624,0.4801401,1,0.7082437,1,1,2
1,1,0.4625824,0.4742152,0.4702342,1,0.6999744,1,1,2
1,1,0.4507974,0.4638187,0.4603333,1,0.692219,1,1,2
1,1,0.4391306,0.4534678,0.4504353,1,0.6849247,1,1,2
1,1,0.4275717,0.4431577,0.4405383,1,0.6780571,1,1,1
1,1,0.4161111,0.4328838,0.4306406,1,0.6715728,1,1,1
1,1,0.4047402,0.4226426,0.4207412,1,0.6654319,1,1,1
1,1,0.3934512,0.4124307,0.4108394,1,0.6596111,1,1,1
1,1,0.3822365,0.4022449,0.4009341,1,0.6540901,1,1,1
1,1,0.3724728,0.3920822,0.3910248,1,0.6488255,1,1,1
1,1,0.3775242,0.3819413,0.3811108,1,0.6438388,1,1,1
1,1,0.3823083,0.3718273,0.3711853,1,0.639335,1,1,1
1,1,0.3843045,0.3617357,0.3612489,1,0.635267,1,1,1
1,1,0.3734071,0.3516614,0.3513037,1,0.6315309,1,1,1
1,0.4830253,0.362539,0.3415961,0.3413558,1,0.6278769,1,1,2
1,0.4610234,0.3497836,0.3311352,0.3318931,1,0.607793,1,1,2
1,0.3809503,0.3374639,0.3208417,0.322456,1,0.5901145,1,1,2
1,0.3619223,0.325342,0.3106607,1,1,0.5728878,1,1,2
1,0.3428986,0.313246,0.3005808,1,1,0.554468,1,1,2
1,0.3250031,0.3015234,0.2906377,1,0.9488163,0.5379974,1,1,2
1,0.3082541,0.2901729,0.2807994,1,0.9060696,0.5237061,1,1,2
1,0.2924353,0.2791222,0.2710333,1,0.8705384,0.5111799,1,1,2
1,0.2773715,0.2683123,0.2613159,1,0.8405463,0.5000724,1,1,2
1,0.2629226,0.2576967,0.25163,1,0.8264462,0.4901147,1,1,2
1,0.2540454,0.2472288,0.2419664,1,0.8188623,0.4809829,1,1,2
1,0.2604907,0.2368865,0.2323165,1,0.8109487,0.4725791,1,1,2
1,0.2667157,0.2266653,0.2226682,1,0.8025883,0.4650239,1,1,2
1,0.2629032,0.216541,0.2130166,1,0.7938201,0.4581732,1,1,2
0.3270808,0.2501019,0.2064848,0.203363,1,0.7847704,0.4517857,1,1,2
0.2962691,0.2347176,0.1959286,1,1,0.781726,0.4364675,1,1,2
0.2678182,0.2199423,0.1855908,1,1,0.7790313,0.421769,1,1,2
0.2414697,0.2057382,0.1754605,1,1,0.7766951,0.4076326,1,1,2
0.2170015,0.1920701,0.165527,1,1,0.7747266,0.3940155,1,1,2
0.2181447,0.1789062,0.15578,1,0.8188621,0.5373411,0.3808708,1,1,2
0.2251307,0.1666417,0.1462391,1,0.7746772,0.5159951,0.3699376,1,1,2
0.2278976,0.1549726,0.1368284,1,0.7402182,0.4984175,0.3604327,1,1,2
0.2097068,0.1437286,0.2013282,1,0.7123647,0.4834909,0.3519518,1,1,2
0.1924639,0.1327629,0.3509906,1,0.6883839,0.4701291,0.3440672,1,1,2
0.1759714,0.1220199,1,1,0.6770641,0.4580647,0.3366884,1,1,2
0.1601311,0.1114696,1,1,0.6685669,0.4472894,0.3298282,1,1,2
0.1446037,0.1010179,1,1,0.6599461,0.4368908,0.3231016,1,1,2
0.1293508,0.09065364,1,1,0.6512075,0.4268321,0.3164978,1,1,1
0.1143381,0.08036639,1,1,0.6423572,0.4170699,0.3099994,0.4973103,1,0
0.1019334,0.08281089,1,1,0.6276428,0.4203832,0.3092566,0.4374828,1,0
0.08894716,0.08832651,1,1,0.6297048,0.4244633,0.3088665,0.3835321,1,0
0.07526211,0.09323902,1,1,0.6463984,0.6535033,0.3086873,0.3352526,1,0
0.06041586,0.09866578,1,1,0.6550865,0.6383023,0.3070224,0.2962565,1,0
0.06310666,0.1036557,1,1,0.6649851,0.6232686,0.3055572,0.2594414,1,0
0.06663457,0.1081398,1,1,0.6770819,0.6082508,0.3044426,0.2277337,1,0
0.06996132,0.1121831,1,1,1,0.5933714,0.3036074,0.2253343,1,0
0.07341713,0.1169288,1,1,1,0.5803366,0.3012452,0.222557,1,0
0.07676709,0.1214559,1,1,1,0.5674168,0.2989466,0.2198437,1,0
0.08001415,0.1257763,1,1,1,0.5546127,0.2967078,0.2171928,1,0
0.08316115,0.1299012,1,1,1,0.5419239,0.2945252,0.2146033,1,0
0.08621793,0.1338522,1,1,1,0.5293494,0.2923868,0.2120675,1,0
0.08918691,0.1376382,1,1,1,0.5168871,0.2902903,0.2095845,1,0
0.0920632,0.1412569,1,1,1,0.5045338,0.2882432,0.2071604,1,0
0.09485614,0.1447272,1,1,1,0.4922868,0.2862344,0.2047878,0.1866525,0
0.09658669,0.1447558,1,1,1,0.4768419,0.28951,0.2040163,0.1841434,0
0.09808983,0.1445074,1,1,1,0.4911281,0.2934118,0.203545,0.1819157,0
0.09936889,0.1439965,1,1,1,0.5107898,0.5195568,0.2033888,0.1799728,0
0.1004401,0.1432545,1,1,1,0.5333916,0.4994455,0.2035498,0.1783068,0
0.1013049,0.1422903,1,1,1,1,0.4801054,0.2040454,0.1769226,0
0.1021322,0.141627,1,1,1,1,0.4623726,0.2044921,0.175732,0
0.1028378,0.140938,1,1,1,1,0.4454699,0.2050876,0.1747437,0
0.1034332,0.1402307,1,1,1,1,0.4293007,0.2058125,0.1739374,0
0.1039225,0.1395027,1,1,1,1,0.4137795,0.2066555,0.1733,0
0.104316,0.1387599,1,1,1,1,0.3988304,0.207599,0.1728134,0
0.1046236,0.1380079,1,1,1,1,0.3843864,0.208626,0.1724601,0
0.104842,0.1372352,1,1,1,1,0.3784456,0.2097351,0.1722361,0
0.1049928,0.1364771,1,1,1,1,0.3854485,1,0.1721136,2
0.1062751,0.139519,1,1,1,1,0.3727149,1,0.1708547,2
0.1076964,0.1426847,1,1,1,1,0.3614664,1,0.1695461,2
0.1092347,0.1459467,1,1,1,1,0.3514464,1,0.1681903,2
0.1108818,0.149295,1,1,1,1,0.3424339,1,0.1667803,2
0.1126166,0.1527016,1,1,1,1,0.3342776,1,0.1653233,2
0.1144315,0.156156,1,1,1,1,0.3268366,1,0.1638159,2
0.1163123,0.1596392,1,1,1,1,0.3200088,1,0.1622627,2
0.1182454,1,1,1,1,1,0.3137125,1,0.1606691,0
0.1187903,1,1,1,1,1,0.3196006,1,0.1597299,0
0.1192272,1,1,1,1,1,0.3257838,1,1,2
0.1215882,1,1,1,1,1,0.3132339,1,1,2
0.1241747,1,1,1,1,1,0.3017289,1,1,2
0.1269717,1,1,1,1,1,0.2911055,1,1,2
1,1,1,1,1,1,0.2812319,1,1,0
1,1,1,1,1,1,0.2854337,0.3278998,1,0
1,1,1,1,1,1,0.2918493,0.2978836,1,0
1,1,1,1,1,1,0.2992104,0.2699111,1,0
1,1,1,1,1,1,1,0.243765,1,0
1,1,1,1,1,1,1,0.2192583,1,0
1,1,1,1,1,1,1,0.1962281,1,0
1,1,1,1,1,1,1,0.197327,1,0
1,1,1,1,1,1,1,0.2003758,1,0
1,1,1,1,1,1,1,0.2038902,1,0
1,1,1,1,1,1,1,0.2078981,0.273358,0
1,1,1,1,1,1,1,0.2124391,0.2219353,0
1,1,1,1,1,1,1,0.2175399,0.1770444,0
1,1,1,1,1,1,1,0.2232395,0.1681602,0
1,1,1,1,1,1,1,1,0.170621,0
1,1,1,1,1,1,1,1,0.1734218,0
1,1,1,1,1,1,1,1,0.1765741,0
1,1,1,1,1,1,1,1,0.1800909,0
1,1,1,1,1,1,1,1,0.1839868,0
1,1,1,1,1,1,1,1,0.1882773,0
1,1,1,1,1,1,1,1,0.1929732,0
1,1,1,1,1,1,1,1,1,1
1,1,1,1,1,1,1,1,1,1
1,1,1,1,1,1,1,1,1,1
1,1,1,1,1,1,1,1,1,1
1,1,1,1,1,1,1,1,1,1
1,1,1,1,1,1,1,1,1,1
1,1,1,1,1,1,1,1,1,1
1,1,1,1,1,1,1,1,1,1
1,1,1,1,1,1,1,1,1,1
1,1,1,1,1,1,1,1,1,1
1,1,1,1,1,1,1,1,1,1
1,1,1,1,1,1,1,1,1,1
1,1,1,1,1,1,1,1,1,1
1,1,1,1,1,1,1,1,1,1
1,1,1,1,1,1,1,1,1,1
1,1,1,1,1,1,1,1,1,1
1,1,1,1,1,1,1,1,1,1
1,1,1,1,1,1,1,0.9749681,1,1
1,1,1,1,1,1,1,1,1,1
1,1,1,1,1,1,1,1,1,1
1,1,1,1,1,1,1,1,1,1
1,1,1,1,1,1,1,1,1,1
1,1,1,1,1,1,1,1,1,1
1,1,1,1,1,1,1,1,1,1
1,1,1,1,1,1,1,1,1,1
1,1,1,1,1,1,1,1,1,1
1,1,1,1,1,1,1,1,1,1
1,1,1,1,1,1,1,1,1,1
1,1,1,1,1,1,1,1,1,1
1,1,1,1,1,1,1,1,1,1
1,1,1,1,1,1,1,1,1,1
1,1,1,1,1,1,1,1,1,1
1,1,1,1,1,1,1,1,1,1
1,1,1,1,1,1,1,1,1,1
1,1,1,1,1,1,1,1,1,1
1,1,1,1,1,1,1,1,1,1
1,1,1,1,1,1,1,1,1,1
1,1,1,1,1,1,1,1,1,1
1,1,1,1,1,1,1,1,1,1
1,1,1,1,1,1,1,1,1,1
1,1,1,1,1,1,1,1,1,1
1,1,1,1,1,1,1,1,1,1
1,1,1,1,1,1,1,1,1,1
1,1,1,1,1,1,1,1,1,1
1,1,1,1,1,1,1,1,1,1
1,1,1,1,1,1,1,1,1,1
1,1,1,1,1,1,1,1,1,1
1,1,1,1,1,1,1,1,1,1
1,1,1,1,1,1,1,1,1,1
1,1,1,1,1,1,1,1,1,1
1,1,1,1,1,1,1,1,1,1
1,1,1,1,1,1,1,1,0.9517301,1
1,1,1,1,1,1,1,1,0.9066256,1
1,1,1,1,1,1,1,1,0.8564535,0
1,1,1,1,1,1,1,1,0.8018445,0
1,1,1,1,1,1,1,1,0.8017946,0
1,1,1,1,1,1,1,1,0.8039707,0
1,1,1,1,1,1,1,1,0.8062652,0
1,1,1,1,1,1,1,1,0.8086758,0
1,1,1,1,1,1,1,1,0.8111938,0
1,1,1,1,1,1,1,1,0.8138231,0
1,1,1,1,1,1,1,1,0.816555,0
1,1,1,1,1,1,1,1,0.819387,0
1,1,1,1,1,1,1,1,0.8223098,0
1,1,1,1,1,1,1,1,1,1
1,1,1,1,1,1,1,1,1,1
1,1,1,1,1,1,1,1,1,1
1,1,1,1,1,1,1,1,1,1
1,1,1,1,1,1,1,1,1,1
1,1,1,1,1,1,1,1,1,1
1,1,1,1,1,1,1,1,1,1
1,1,1,1,1,1,1,1,1,1
1,1,1,1,1,1,1,1,1,1
1,1,1,1,1,1,1,1,1,1
1,1,1,1,1,1,1,1,1,1
1,1,1,1,1,1,1,1,1,1
1,1,1,1,1,1,1,1,1,1
1,1,1,1,1,1,1,1,1,1
1,1,1,1,1,1,1,1,1,1
1,1,1,1,1,1,1,1,1,1
1,1,1,1,1,1,1,1,1,1
1,1,1,1,1,1,1,1,1,1
1,1,1,1,1,1,1,1,1,1
1,1,1,1,1,1,1,1,1,1
1,1,1,1,1,1,1,1,1,1
1,1,1,1,1,1,1,1,1,1
1,1,1,1,1,1,1,1,1,1
1,1,1,1,1,1,1,1,1,1
1,1,1,1,1,1,1,1,1,1
1,1,1,1,1,1,1,1,1,1
1,1,1,1,1,1,1,1,1,1
1,1,1,1,1,1,1,1,1,1
1,1,1,1,1,1,1,1,1,1
1,1,1,1,1,1,0.9994615,1,1,1
1,1,1,1,1,1,0.9888606,1,1,1
1,1,1,1,1,1,0.9782059,1,1,1
1,1,1,1,1,1,0.9674994,1,1,1
1,1,1,1,1,1,0.9567429,1,1,1
1,1,1,1,1,1,0.9459385,1,1,1
1,1,1,1,1,1,0.9350885,1,1,1
1,1,1,1,1,1,0.9241951,1,1,1
1,1,1,1,1,1,0.9132612,1,1,1
1,1,1,1,1,1,0.9022893,1,1,1
1,1,1,1,1,1,0.8912819,1,1,1
1,1,1,1,1,1,0.8802422,1,1,1
1,1,1,1,1,1,0.8691728,1,1,1
1,1,1,1,1,1,0.8580769,1,1,1
1,1,1,1,1,1,0.8469579,1,1,1
1,1,1,1,1,1,0.8358186,1,1,1
1,1,1,1,1,1,0.8246622,1,1,1
1,1,1,1,1,1,0.813492,1,1,1
1,1,1,1,1,1,0.8023111,1,1,1
1,1,1,1,1,1,0.7911226,1,1,1
1,1,1,1,1,1,0.7799297,1,1,1
1,1,1,1,1,1,0.7687355,1,1,1
1,1,1,1,1,1,0.7575434,1,1,1
1,1,1,1,1,1,0.7463561,1,1,1
1,1,1,1,1,1,0.7351767,1,1,1
1,1,1,1,1,1,0.7240077,1,1,1
1,1,1,1,1,1,0.712852,1,1,1
1,1,1,1,1,1,0.7017125,1,1,1
1,1,1,1,1,1,0.6905917,1,1,1
1,1,1,1,1,1,0.6794919,1,1,1
1,1,1,1,1,1,0.6684154,1,1,1
1,1,1,1,1,1,0.6573641,1,1,1
1,1,1,1,1,1,0.6463401,1,1,1
1,1,1,1,1,1,0.6353459,1,1,1
1,1,1,1,1,1,0.6247348,1,1,0
1,1,1,1,1,1,0.6408148,1,1,1
1,1,1,1,1,1,0.6569844,1,1,1
1,1,1,1,1,1,0.6731983,1,1,1
1,1,1,1,1,1,0.6894097,1,1,1
1,1,1,1,1,1,0.7056205,1,1,1
1,1,1,1,1,1,0.7217838,1,1,1
1,1,1,1,1,1,0.7378515,1,1,1
1,1,1,1,1,1,0.7538022,0.672191,1,0
1,1,1,1,1,1,1,0.6537952,1,0
1,1,1,1,1,1,1,0.6368641,1,0
1,1,1,1,1,1,1,0.6200865,1,0
1,1,1,1,1,1,1,0.603485,1,0
1,1,1,1,1,1,1,0.5870788,1,0
0.9977924,1,1,1,1,1,1,0.5708848,1,0
0.9951535,1,1,1,1,1,1,0.5549542,1,0
0.9925188,1,1,1,1,1,1,0.5393009,1,0
0.9898966,1,1,1,1,1,1,0.5239292,1,0
0.9872826,1,1,1,1,1,1,0.5088407,1,0
0.9846772,1,1,1,1,1,1,0.4940366,1,0
0.9820806,1,1,1,1,1,1,0.4795161,1,0
0.9794976,1,1,1,1,1,1,0.4652778,1,0
0.9769207,1,1,1,1,1,1,0.4513182,1,0
0.9743474,1,1,1,1,1,1,0.4431364,1,0
0.9717698,1,1,1,1,1,1,0.4586001,1,0
0.9691371,1,1,1,1,1,1,0.4743477,1,0
0.966438,1,1,1,1,1,1,0.4903349,0.587366,0
0.9651051,1,1,1,1,1,1,0.5188149,0.556428,0
0.9639913,1,1,1,1,1,1,0.5504089,0.5274814,0
0.963102,1,1,1,1,1,1,0.5855551,0.5003515,0
0.9624369,1,1,1,1,1,1,1,0.4748819,0
0.9607702,1,1,1,1,1,1,1,0.4538594,0
0.9592527,1,1,1,1,1,1,1,0.4335488,0
0.9578896,1,1,1,1,1,1,1,0.4139574,0
0.9566783,1,1,1,1,1,1,1,0.395086,0
0.9556202,1,1,1,1,1,1,1,0.3935307,0
0.954581,1,1,1,1,1,1,1,0.4078694,0
0.9534141,1,1,1,1,1,1,1,0.422655,0
0.9520931,1,1,1,1,1,1,1,0.4378618,0
0.9505993,1,1,1,1,1,1,1,0.4534513,0
0.9489033,1,1,1,1,1,1,1,0.4693995,0
0.9469903,1,1,1,1,1,1,1,0.48566,0
0.9448415,1,1,1,1,1,1,1,0.5021915,0
0.942433,1,1,1,1,1,1,1,0.5189596,0
0.9397565,1,1,1,1,1,1,1,0.5359062,0
0.9367988,1,1,1,1,1,1,1,1,1
0.9291264,1,1,1,1,1,1,1,1,1
0.9213858,1,1,1,1,1,1,1,1,1
0.9135808,1,1,1,1,1,1,1,1,1
0.9057158,1,1,1,1,1,1,1,1,1
0.8978015,1,1,1,1,1,1,1,1,1
0.889843,1,1,1,1,1,1,1,1,2
0.8818453,1,1,1,1,1,1,1,1,2
0.8738204,1,1,1,1,1,1,1,1,2
0.8982192,1,1,1,1,1,1,1,1,1
0.9299434,1,1,1,1,1,1,1,1,1
0.9592805,1,1,1,1,1,1,1,1,1
0.9860988,1,1,1,1,1,1,1,1,1
1,1,1,1,1,1,1,1,1,1
1,1,1,1,1,1,1,1,1,1
1,1,1,1,1,1,1,1,1,1
1,1,1,1,1,1,1,1,1,1
1,1,1,1,1,1,1,1,1,1
1,1,1,1,1,1,1,1,1,1
1,1,1,1,1,1,1,1,1,1
1,1,1,1,1,1,1,1,1,1
1,1,1,1,1,1,1,1,1,1
1,1,1,1,1,1,1,1,1,1
1,1,1,1,1,1,1,1,1,1
1,1,1,1,1,1,1,1,1,1
1,1,1,1,1,1,1,1,1,1
1,1,1,1,1,1,1,1,1,1
1,1,1,1,1,1,1,1,1,1
1,1,1,1,1,1,1,1,1,1
1,1,1,1,1,1,1,1,1,1
1,1,1,1,1,1,1,1,1,1
1,1,1,1,1,1,1,1,1,1
1,1,1,1,1,1,1,1,1,1
1,1,1,1,1,1,1,1,1,1
1,1,1,1,1,1,1,1,1,1
1,1,1,1,1,1,1,1,1,1
1,1,1,1,1,1,1,1,1,1
1,1,1,1,1,1,1,1,1,1
1,1,1,1,1,1,1,1,1,1
1,1,1,1,1,1,1,1,1,1
1,1,1,1,1,1,1,1,1,1
1,1,1,1,1,1,1,1,1,1
1,1,1,1,1,1,1,1,1,1
1,1,1,1,1,1,1,1,1,1
1,1,1,1,1,1,1,1,1,1
1,1,1,1,1,1,1,1,1,1
1,1,1,1,1,1,1,1,1,1
1,1,1,1,1,1,1,1,1,1
1,1,1,1,1,1,0.9821923,1,1,1
1,1,1,1,1,1,0.9516781,1,1,1
1,1,1,1,1,1,0.9222778,1,1,1
1,1,1,1,1,0.9938102,0.9111916,1,1,1
1,1,1,1,1,0.9844119,0.9027871,1,1,1
1,1,1,1,1,0.9749058,0.8943406,1,1,1
1,1,1,1,0.9939219,0.965295,0.8858525,1,1,1
1,1,1,1,0.9827517,0.9555136,0.8772985,1,1,1
1,1,1,1,0.971249,0.9455112,0.8686595,1,1,1
1,1,1,1,0.959424,0.9352936,0.8599375,1,1,1
1,1,1,1,0.9472893,0.9248678,0.8511347,1,1,1
1,1,1,1,0.9349118,0.9142437,0.8422548,1,1,1
1,1,1,1,0.9305888,0.9034325,0.8333019,1,1,2
1,1,1,1,0.9267055,0.8925287,0.82431,1,1,2
1,1,1,1,0.9232407,0.8815469,0.8152844,1,1,2
1,1,1,1,0.9201846,0.8705006,0.8062298,1,1,2
1,1,1,1,0.9175167,0.8594041,0.7971519,1,1,2
1,1,1,0.9834887,0.9152279,0.8482701,0.7880554,1,1,2
1,1,1,0.9664122,0.913969,0.8369414,0.7788916,1,1,2
1,1,1,0.9489628,0.9137532,0.8254462,0.769672,1,1,2
1,1,1,0.9312192,0.9145652,0.8138149,0.7604092,1,1,2
1,1,1,0.9132576,0.9164019,0.8020773,0.751115,1,1,2
1,1,1,0.8951532,0.9192579,0.7902632,0.7418014,1,1,2
1,1,1,0.8769771,0.9231154,0.7784016,0.7324797,1,1,2
1,1,1,0.858796,0.927979,0.766519,0.7231597,1,1,2
1,1,1,0.8406706,0.9338142,0.7546405,0.7138507,1,1,2
1,1,1,0.8226551,0.9406222,0.7427884,0.7045597,1,1,2
1,1,1,0.8047978,0.9483632,0.7309827,0.6952929,1,1,2
1,1,1,0.7871383,0.9570209,0.7192397,0.6860542,1,1,2
1,1,1,0.7697114,0.966563,0.7075738,0.7366747,1,1,2
1,1,1,0.7525948,1,0.6960154,0.862737,1,1,2
1,1,1,0.7360488,1,0.684661,1,1,1,2
1,1,1,0.7380687,1,0.6733587,1,1,1,2
1,1,1,0.741282,0.7051247,0.6621684,1,1,1,2
1,1,0.8654208,0.750429,0.6903746,0.6502265,1,1,1,2
1,1,0.83354,0.7650795,0.6747774,0.6378697,1,1,1,2
1,1,0.8028899,0.7816039,0.6595077,0.6257317,1,1,1,2
1,1,0.7735432,0.8000113,0.6446016,0.6138316,1,1,1,2
1,1,0.7455323,0.820314,0.630082,0.6021794,1,1,1,2
1,1,0.718856,0.8424896,0.6159584,0.590776,1,1,1,2
1,1,0.6934868,1,0.60223,0.5796152,1,1,1,2
1,1,0.6709004,1,0.5893379,0.5688541,1,1,1,2
1,1,0.6489641,0.6156687,0.576644,0.5582219,1,1,1,2
1,1,0.6251697,0.5990763,0.5634367,0.547501,1,1,1,2
1,1,0.628157,0.5830015,0.5505649,0.537004,1,1,1,2
1,1,0.6420981,0.5674162,0.538012,0.5267208,1,1,1,2
1,1,0.6569959,0.5524046,0.5258158,0.5166463,1,1,1,2
1,1,0.6719801,0.5380896,0.5140223,0.506754,1,1,1,2
1,1,0.6869442,0.5243756,0.5025666,0.4969974,1,1,1,2
1,1,0.7017663,0.5111795,0.4913932,0.4873373,1,1,1,2
1,1,0.7163419,0.4984281,0.4804533,0.4777404,1,1,1,2
1,0.7251751,0.7305874,0.4860579,0.4697053,0.4681796,1,1,1,2
1,0.6861216,1,0.4729404,0.458765,1,1,1,1,2
1,0.6519061,0.5103195,0.4604534,0.4481271,1,1,1,1,2
1,0.6174446,0.4933432,0.4479578,0.4376003,1,1,1,1,2
1,0.5850741,0.4769409,0.4357669,0.4272782,1,1,1,1,2
1,0.554605,0.4610801,0.4238661,0.4171511,1,1,1,1,2
1,0.5258703,0.4457307,0.4122411,0.4072097,1,1,1,1,2
1,0.5064816,0.4308655,0.4008796,0.397446,1,1,1,1,2
1,0.5172106,0.416458,0.3897686,0.3878511,1,1,1,1,2
1,0.5288959,0.4024848,0.378897,0.3784176,1,1,1,1,2
1,0.5416083,0.3889229,0.3682531,1,1,1,1,1,2
1,0.5554273,0.3757513,0.3578265,1,1,1,1,1,2
1,0.5704415,0.3629509,0.3476077,1,1,1,1,1,2
0.667369,0.5865025,0.3505377,0.3375874,1,1,1,1,1,2
0.615225,0.6041911,0.3384202,0.3277522,1,1,1,1,1,2
0.5678046,0.4047816,0.3266219,0.3180971,1,1,1,1,1,2
0.5245013,0.3860889,0.3151279,0.3086142,1,1,1,1,1,2
0.4848076,0.3682054,0.3039238,0.2992957,1,1,1,1,1,2
0.4556742,0.3510788,0.2929962,1,1,1,1,1,1,2
0.4647822,0.3346617,0.2823324,1,1,1,1,1,1,2
0.4745739,0.3189104,0.2719203,1,1,1,1,1,1,2
0.4850797,0.3037849,0.2617489,1,1,1,1,1,1,2
0.4963485,0.289248,0.251807,1,1,1,1,1,1,2
0.5084184,0.2752664,0.2420852,1,1,1,1,1,1,2
0.5213395,0.2618086,0.2325735,1,1,1,1,1,1,2
0.3564969,0.2488458,0.2232631,1,1,1,1,1,1,2
0.3333961,0.2363514,1,1,1,1,1,1,1,2
0.311702,0.2243008,1,1,1,1,1,1,1,2
0.2912965,0.2126707,1,1,1,1,1,1,1,2
0.2720743,0.2014399,1,1,1,1,1,1,1,2
0.2539427,0.1905888,1,1,1,1,1,1,1,2
0.2368176,0.1800992,1,1,1,1,1,1,1,2
0.2206236,0.1699537,1,1,1,1,1,1,1,2
0.2052933,0.1601362,1,1,1,1,1,1,1,2
0.1907656,0.1827343,1,1,1,1,1,1,1,2
0.1769853,0.2215571,1,1,1,1,1,1,1,2
0.1639028,0.2682045,1,1,1,1,1,1,1,2
0.1514721,0.3250657,1,1,1,1,1,1,1,2
0.1396523,0.3956083,1,1,1,1,1,1,1,2
0.1406117,1,1,1,1,1,1,1,1,2
0.1570835,1,1,1,1,1,1,1,1,2
0.174667,1,1,1,1,1,1,1,1,2
0.1933856,1,1,1,1,1,1,1,1,2
0.2132446,1,1,1,1,1,1,1,1,2
0.2342528,1,1,1,1,1,1,1,1,2
0.2564113,1,1,1,1,1,1,1,1,2
0.2797121,1,1,1,1,1,1,1,1,2
0.3041237,1,1,1,1,1,1,1,1,2
0.3296176,1,1,1,1,1,1,1,1,2
0.3561542,1,1,1,1,1,1,1,1,2
1,1,1,1,1,1,1,1,1,1
1,1,1,1,1,1,1,1,1,1
1,1,1,1,1,1,1,1,1,1
1,1,1,1,1,1,1,1,1,1
1,1,1,1,1,1,1,1,1,1
1,1,1,1,1,1,1,1,1,1
1,1,1,1,1,1,1,1,1,1
1,1,1,1,1,1,1,1,1,1
1,1,1,1,1,1,1,1,1,1
1,1,1,1,1,1,1,1,1,1
1,1,1,1,1,1,1,1,1,1
1,1,1,1,1,1,1,1,1,1
1,1,1,1,1,1,1,1,1,1
1,1,1,1,1,1,1,1,1,1
1,1,1,1,1,1,1,1,1,1
1,1,1,1,1,1,1,1,1,1
1,1,1,1,1,1,1,1,1,1
1,1,1,1,1,1,1,1,1,1
1,1,1,1,1,1,1,1,1,1
1,1,1,1,1,1,1,1,1,1
1,1,1,1,1,1,1,1,1,1
1,1,1,1,1,1,1,1,1,1
1,1,1,1,1,1,1,1,1,1
1,1,1,1,1,1,1,1,1,1
1,1,1,1,1,1,1,1,1,1
1,1,1,1,1,1,1,1,1,1
1,1,1,1,1,1,1,1,1,1
1,1,1,1,1,1,1,1,1,1
1,1,1,1,1,1,1,1,1,1
1,1,1,1,1,1,1,1,1,1
1,1,1,1,1,1,1,1,1,1
1,1,1,1,1,1,1,1,1,1
1,1,1,1,1,1,1,1,1,1
1,1,1,1,1,1,1,1,1,1
1,1,1,1,1,1,1,1,1,1
1,1,1,1,1,1,1,1,0.9979928,1
1,1,1,1,1,1,1,1,0.9884698,1
1,1,1,1,1,1,1,1,0.978721,1
1,1,1,1,1,1,1,1,0.9687562,1
1,1,1,1,1,1,1,1,0.958578,1
1,1,1,1,1,1,1,1,0.9701778,1
1,1,1,1,1,1,1,1,0.9826743,1
1,1,1,1,1,1,1,1,0.9946136,1
1,1,1,1,1,1,1,1,1,1
1,1,1,1,1,1,1,1,1,1
1,1,1,1,1,1,1,1,1,1
1,1,1,1,1,1,1,1,1,1
1,1,1,1,1,1,1,1,1,1
1,1,1,1,1,1,1,1,1,1
1,1,1,1,1,1,1,1,1,1
1,1,1,1,1,1,1,1,1,1
1,1,1,1,1,1,1,1,1,1
1,1,1,1,1,1,1,1,1,1
1,1,1,1,1,1,1,1,1,1
1,1,1,1,1,1,1,1,1,1
1,1,1,1,1,1,1,1,1,1
1,1,1,1,1,1,1,1,1,1
1,1,1,1,1,1,1,1,1,1
1,1,1,1,1,1,1,1,1,1
1,1,1,1,1,1,1,1,1,1
1,1,1,1,1,1,1,1,1,1
1,1,1,1,1,1,1,1,1,1
1,1,1,1,1,1,1,1,1,1
1,1,1,1,1,1,1,1,1,1
1,1,1,1,1,1,1,1,1,1
1,1,1,1,1,1,1,1,1,1
1,1,1,1,1,1,1,1,1,1
1,1,1,1,1,1,1,1,1,1
1,1,1,1,1,1,1,1,1,1
1,1,1,1,1,1,1,1,1,1
1,1,1,1,1,1,1,1,1,1
1,1,1,1,1,1,1,1,1,1
1,1,1,1,1,1,1,1,1,1
1,1,1,1,1,1,1,1,1,1
1,1,1,1,1,1,1,1,1,1
1,1,1,1,1,1,1,1,1,1
1,1,1,1,1,1,1,1,1,1
1,1,1,1,1,1,1,1,1,1
1,1,1,1,1,1,1,1,1,1
1,1,1,1,1,1,1,1,1,1
1,1,1,1,1,1,1,1,1,1
1,1,1,1,1,1,1,1,1,1
1,1,1,1,1,1,1,1,1,1
1,1,1,1,1,1,1,1,1,1
1,1,1,1,1,1,1,1,1,1
1,1,1,1,1,1,1,1,1,1
1,1,1,1,1,1,1,1,1,1
1,1,1,1,1,1,1,1,1,1
1,1,1,1,1,1,1,1,1,1
1,1,1,1,1,1,1,1,1,1
1,1,1,1,1,1,1,1,1,1
1,1,1,1,1,1,1,1,1,1
1,1,1,1,1,1,1,1,1,1
1,1,1,1,1,1,1,1,1,1
1,1,1,1,1,1,1,1,1,1
1,0.787629,1,1,1,1,1,1,1,1
1,0.781224,1,1,1,1,1,1,1,1
1,0.7748188,1,1,1,1,1,1,1,1
1,0.7684135,1,1,1,1,1,1,1,1
1,0.762008,1,1,1,1,1,1,1,1
1,0.755602,1,1,1,1,1,1,1,1
1,0.7491959,1,1,1,1,1,1,1,1
1,0.7427896,1,1,1,1,1,1,1,1
1,0.7363831,1,1,1,1,1,1,1,1
1,0.7299762,1,1,1,1,1,1,1,1
1,0.7235692,1,1,1,1,1,1,1,1
1,0.717162,1,1,1,1,1,1,1,1
1,0.7107545,1,1,1,1,1,1,1,1
1,0.7043467,1,1,1,1,1,1,1,1
1,0.6979387,1,1,1,1,1,1,1,1
1,0.6915305,1,1,1,1,1,1,1,1
1,0.6851219,1,1,1,1,1,1,1,1
1,0.6787131,1,1,1,1,1,1,1,1
1,0.6723042,1,1,1,1,1,1,1,1
1,0.6658949,1,1,1,1,1,1,1,1
1,0.6594853,1,1,1,1,1,1,1,1
1,0.6530756,1,1,1,1,1,1,1,1
1,0.6466655,1,1,1,1,1,1,1,1
1,0.6402552,1,1,1,1,1,1,1,1
1,1,1,1,1,1,1,1,1,1
1,1,1,1,1,1,1,1,1,1
1,1,1,1,1,1,1,1,1,1
1,1,1,1,1,1,1,1,1,1
1,1,1,1,1,1,1,1,1,1
1,1,1,1,1,1,1,1,1,1
1,1,1,1,1,1,1,1,1,1
1,1,1,1,1,1,1,1,1,1
1,1,1,1,1,1,1,1,1,1
1,1,1,1,1,1,1,1,1,1
1,1,1,1,1,1,1,1,1,1
0.6209081,1,1,1,1,1,1,1,1,2
0.612018,1,1,1,1,1,1,1,1,2
0.6032504,1,1,1,1,1,1,1,1,2
0.5946074,1,1,1,1,1,1,1,1,2
0.5860904,1,1,1,1,1,1,1,1,2
0.5777009,1,1,1,1,1,1,1,1,2
0.5694396,1,1,1,1,1,1,1,1,2
0.5613071,1,1,1,1,1,1,1,1,2
0.5533036,1,1,1,1,1,1,1,1,2
0.5454291,1,1,1,1,1,1,1,1,2
0.5376834,1,1,1,1,1,1,1,1,2
0.5300658,1,1,1,1,1,1,1,1,2
0.5226644,1,1,1,1,1,1,1,1,2
0.5569763,1,1,1,1,1,1,1,1,2
0.5917312,1,1,1,1,1,1,1,1,2
0.626787,1,1,1,1,1,1,1,1,2
0.6620147,1,1,1,1,1,1,1,1,2
1,1,1,1,1,1,1,1,1,1
1,1,1,1,1,1,1,1,1,1
1,1,1,1,1,1,1,1,1,1
1,1,1,1,1,1,1,1,1,1
1,1,1,1,1,1,1,1,1,1
1,1,1,1,1,1,1,1,1,1
1,1,1,1,0.9949846,1,1,1,1,1
1,1,1,1,0.9847215,1,1,1,1,1
1,1,1,1,0.9739293,1,1,1,1,1
1,1,1,1,0.9625956,1,1,1,1,1
1,1,1,1,0.9507105,1,1,1,1,1
1,1,1,1,0.938268,1,1,1,1,1
1,1,1,1,0.9252661,1,1,1,1,1
1,1,1,1,0.9164459,1,1,1,1,1
1,1,1,1,0.9082473,1,1,1,1,1
1,1,1,1,0.9002177,1,1,1,1,1
1,1,1,1,0.8923509,1,1,1,1,1
1,1,1,0.9956676,0.8846488,1,1,1,1,1
1,1,1,0.9834739,0.877185,1,1,1,1,0
1,1,1,0.9707608,0.8700956,1,1,1,1,0
1,1,1,0.9575632,0.8633868,1,1,1,1,0
1,1,1,0.9439195,0.8570652,1,1,1,1,0
1,1,1,0.9298719,0.8511302,1,1,1,1,0
1,1,1,0.9154639,0.8455888,1,1,1,1,0
1,1,1,0.9007418,0.8404478,0.9782537,1,1,1,0
1,1,1,0.8850896,0.8362294,0.9483487,1,1,1,0
1,1,1,0.8683907,0.8331704,0.9165743,1,1,1,0
1,1,1,0.8667518,0.8313602,0.8832982,1,1,1,0
1,1,1,0.8685319,0.8305774,0.8495935,1,1,1,0
1,1,1,0.8717885,0.8307977,0.8159105,1,1,1,0
1,1,1,0.8765462,0.8320261,0.7825688,1,1,1,0
1,1,1,0.882836,0.8342703,0.7498394,1,1,1,0
1,1,1,0.8906757,0.8375241,0.7289728,1,1,1,0
1,1,1,0.8995942,0.8414575,0.7287594,1,1,1,0
1,1,1,0.9086615,0.8365682,0.7285999,1,1,1,0
1,1,1,0.918214,0.8134282,0.7286182,1,1,1,0
1,1,1,0.9290174,0.7909037,0.7291003,1,1,1,0
1,1,1,0.9410694,0.7690302,0.730023,1,1,1,0
1,1,1,0.9543675,0.7485821,0.731361,0.8606018,1,1,0
1,1,1,0.9762962,0.7572947,0.7358094,0.8042719,1,1,0
1,1,1,1,0.767064,0.7409674,0.7527645,1,1,0
1,1,1,1,0.777979,0.7468756,0.705452,1,1,0
1,1,1,1,0.790152,0.7535878,0.6618094,1,1,0
1,1,1,1,0.8036901,0.7418727,0.6213955,1,1,0
1,1,1,1,0.8187487,0.7153527,0.6223135,1,1,0
1,1,1,1,0.8354838,0.6900262,0.6241102,1,1,0
1,1,1,1,0.8540765,0.6723118,0.6264457,1,1,0
1,1,1,1,0.8747366,0.6810938,0.629342,1,1,0
1,1,1,1,0.8977225,0.6909216,0.632831,1,1,0
1,1,1,1,0.9233246,0.7018838,0.6369403,1,1,0
1,1,1,1,1,1,1,1,1,1
1,1,1,1,1,1,1,1,1,1
1,1,1,1,1,1,1,1,1,1
1,1,1,1,1,1,1,1,1,1
1,1,1,1,1,1,1,1,1,1
1,1,1,1,1,1,1,1,1,1
1,1,1,1,1,1,1,1,1,1
1,1,1,1,1,1,1,1,1,1
1,1,1,1,1,1,1,1,1,1
1,1,1,1,1,1,1,1,1,1
1,1,1,1,1,1,1,1,1,1
1,1,1,1,1,1,1,1,1,1
1,1,1,1,1,1,1,1,1,1
1,1,1,1,1,1,1,1,1,1
1,1,1,1,1,1,1,1,1,1
1,1,1,1,1,1,1,1,1,1
1,1,1,1,1,1,1,1,1,1
1,1,1,1,1,1,1,1,1,1
1,1,1,1,1,1,1,1,1,1
1,1,1,1,1,1,1,1,1,1
1,1,1,1,1,1,1,1,1,1
1,1,0.9906428,1,1,1,1,1,1,1
1,1,0.9795337,1,1,1,1,1,1,1
1,1,0.9683374,1,1,1,1,1,1,1
1,1,0.9570572,1,1,1,1,1,1,1
1,1,0.945696,1,1,1,1,1,1,1
1,1,0.9342571,1,1,1,1,1,1,1
1,1,0.9227443,1,1,1,1,1,1,1
1,1,0.9111616,1,1,1,1,1,1,1
1,1,0.8995131,1,1,1,1,1,1,1
1,1,0.89999,1,1,1,1,1,1,1
1,1,0.9036863,1,1,1,1,1,1,1
1,1,0.9073162,1,1,1,1,1,1,1
1,1,0.9108663,1,1,1,1,1,1,1
1,1,0.9143527,1,1,1,1,1,1,1
1,1,0.9177615,1,1,1,1,1,1,1
1,1,0.9211095,1,1,1,1,1,1,1
1,1,0.9243825,1,1,1,1,1,1,1
1,1,1,1,1,1,1,1,1,1
1,1,1,1,1,1,1,1,1,1
1,1,1,1,1,1,1,1,1,1
1,1,1,1,1,1,1,1,1,1
1,1,1,1,1,1,1,1,1,1
1,1,1,1,1,1,1,1,1,1
1,1,1,1,1,1,1,1,1,1
1,1,1,1,1,1,1,1,1,1
1,1,1,1,1,1,1,1,1,1
1,1,1,1,1,1,1,1,1,1
1,1,1,1,1,1,1,1,1,1
1,1,1,1,1,1,1,1,1,1
1,1,1,1,1,1,1,1,1,1
1,1,1,1,1,1,1,1,1,1
1,1,1,1,1,1,1,1,1,1
1,1,1,1,1,1,1,1,1,1
1,1,1,1,1,1,1,1,1,1
1,1,1,1,1,1,1,1,1,1
1,1,1,1,1,1,1,1,1,1
1,1,1,1,1,1,1,1,1,1
1,1,1,1,1,1,1,1,1,1
1,1,1,1,1,1,1,1,1,1
1,1,1,1,1,1,1,1,1,1
1,1,1,1,1,1,1,1,1,1
1,1,1,1,1,1,1,1,1,1
1,1,1,1,1,1,1,1,1,1
1,1,1,1,1,1,1,1,1,1
1,1,1,1,1,1,1,1,1,1
1,1,1,1,1,1,1,1,1,1
1,1,1,1,1,1,1,1,1,1
1,0.6498412,1,1,1,1,1,1,1,2
1,0.6267926,1,1,1,1,1,1,1,2
1,0.6039831,1,1,1,1,1,1,1,2
1,0.5814756,1,1,1,1,1,1,1,2
1,0.5593254,1,1,1,1,1,1,1,2
1,0.5394753,1,1,1,1,1,1,1,2
1,0.5483027,1,1,1,1,1,1,1,2
1,0.5574185,1,1,1,1,1,1,1,2
1,0.5668079,1,1,1,1,1,1,1,2
1,0.5764554,1,1,1,1,1,1,1,2
0.948984,0.5863444,1,1,1,1,1,1,1,2
0.8961876,1,1,1,1,1,1,1,1,1
0.8643948,1,1,1,1,1,1,1,1,2
0.8652753,1,1,1,1,1,1,1,1,2
0.8692331,1,1,1,1,1,1,1,1,2
0.87322,1,1,1,1,1,1,1,1,2
0.877233,1,1,1,1,1,1,1,1,2
0.8812631,1,1,1,1,1,1,1,1,2
0.5688512,1,1,1,1,1,1,1,1,2
0.5290427,1,1,1,1,1,1,1,1,2
0.4906564,1,1,1,1,1,1,1,1,2
0.4694086,1,1,1,1,1,1,1,1,2
0.4776401,1,1,1,1,1,1,1,1,2
0.4863052,1,1,1,1,1,1,1,1,2
0.4953936,1,1,1,1,1,1,1,1,2
0.5048941,1,1,1,1,1,1,1,1,2
1,1,1,1,1,1,1,1,1,1
1,1,1,1,1,1,1,1,1,1
1,1,1,1,1,1,1,1,1,1
1,1,1,1,1,1,1,1,1,1
1,1,1,1,1,1,1,1,1,1
1,1,1,1,1,1,1,1,1,1
1,1,1,1,1,1,1,1,1,1
1,1,1,1,1,1,1,1,1,1
1,1,1,1,1,1,1,1,1,1
1,1,1,1,1,1,1,1,1,1
1,1,1,1,1,1,1,1,1,1
1,1,1,1,1,1,1,1,1,1
1,1,1,1,1,1,1,1,1,1
1,1,1,1,1,1,1,1,1,1
1,1,1,1,1,1,1,1,1,1
1,1,1,1,1,1,1,1,1,1
1,1,1,1,1,1,1,1,1,1
1,1,1,1,1,1,1,1,1,1
1,1,1,1,1,1,1,1,1,1
1,1,1,1,1,1,1,1,1,1
1,1,1,1,1,1,1,1,1,1
1,1,1,1,1,1,1,1,1,1
1,1,1,1,1,1,1,1,1,1
1,1,1,1,1,1,1,1,1,1
1,1,1,1,1,1,1,1,1,1
1,1,1,1,1,1,1,1,1,1
1,1,1,1,1,1,1,1,1,1
1,1,1,1,1,1,1,1,1,1
1,1,1,1,1,1,1,1,1,1
1,1,1,1,1,1,1,1,1,1
1,1,1,1,1,1,1,1,1,1
1,1,1,1,1,1,1,1,1,1
1,1,1,1,1,1,1,1,1,1
1,1,1,1,1,1,1,1,1,1
1,1,1,1,1,1,1,1,1,1
1,1,1,1,1,1,1,1,1,1
1,1,1,1,1,1,1,1,1,1
1,1,1,1,1,1,1,1,1,1
1,1,1,1,1,1,1,1,1,1
1,1,1,1,1,1,1,1,1,1
1,1,1,1,1,1,1,1,1,1
1,1,1,1,1,1,1,1,1,1
1,1,1,1,1,1,1,1,1,1
1,1,1,1,1,1,1,1,1,1
1,1,1,1,1,1,1,1,1,1
1,1,1,1,1,1,1,1,1,1
1,1,1,1,1,1,1,1,1,1
1,1,1,1,1,1,1,1,1,1
1,1,1,1,1,1,1,1,1,1
1,1,1,1,1,1,1,1,1,1
1,1,1,1,1,1,1,1,1,1
1,1,1,1,1,1,1,1,1,1
1,1,1,1,1,1,1,1,1,1
1,1,1,1,1,1,1,1,1,1
1,1,1,1,1,1,1,1,1,1
1,1,1,1,1,1,1,1,1,1
1,1,1,1,1,1,1,1,1,1
1,1,1,1,1,1,1,1,1,1
1,1,1,1,1,1,1,1,1,1
1,1,1,1,1,1,1,1,1,1
1,1,1,1,1,1,1,1,1,1
1,1,1,1,1,1,1,1,1,1
1,1,1,1,1,1,1,1,1,1
1,1,1,1,1,1,1,1,1,1
1,1,1,1,1,1,1,1,1,1
1,1,1,1,1,1,1,1,1,1
1,1,1,1,1,1,1,1,1,1
1,1,1,1,1,1,1,1,1,1
1,1,1,1,1,1,1,1,1,1
1,1,1,1,1,1,1,1,1,1
1,1,1,1,1,1,1,1,1,1
1,1,1,1,1,1,1,1,1,1
1,1,1,1,1,1,1,1,1,1
1,1,1,1,1,1,1,1,1,1
1,1,1,1,1,1,1,1,1,1
1,1,1,1,1,1,1,1,1,1
1,1,1,1,1,1,1,1,1,1
1,1,1,1,1,1,1,1,1,1
1,1,1,1,1,1,1,1,1,1
1,1,1,1,1,1,1,1,1,1
1,1,1,1,1,1,1,1,1,1
1,1,1,1,1,1,1,1,1,1
1,1,1,1,1,1,1,1,1,1
1,1,1,1,1,1,1,1,1,1
1,1,1,1,1,1,1,1,1,1
1,1,1,1,1,1,1,1,1,1
1,1,1,1,1,1,1,1,1,1
1,1,1,1,1,1,1,1,1,1
1,1,1,1,1,1,1,1,1,1
1,1,1,1,1,1,1,1,1,1
1,1,1,1,1,1,1,1,1,1
1,1,1,1,1,1,1,1,1,1
1,1,1,1,1,1,1,1,1,1
1,1,1,1,1,1,1,1,1,1
1,1,1,1,1,1,1,1,1,1
1,1,1,1,1,1,1,1,1,1
1,1,1,1,1,1,1,1,1,1
1,1,1,1,1,1,1,1,1,1
1,1,1,1,1,1,1,1,1,1
1,1,1,1,1,1,1,1,1,1
1,1,1,1,1,1,1,1,1,1
1,1,1,1,1,1,1,1,1,1
1,1,1,1,1,1,1,1,1,1
1,1,1,1,1,1,1,1,1,1
1,1,1,1,1,1,1,1,1,1
1,1,1,1,1,1,1,1,1,1
1,1,1,1,1,1,1,1,1,1
1,1,1,1,1,1,1,1,1,1
1,1,1,1,1,1,1,1,1,1
1,1,1,1,1,1,1,1,1,1
1,1,1,1,1,1,1,1,1,1
1,1,1,1,1,1,1,1,1,1
1,1,1,1,1,1,1,1,1,1
1,1,1,1,1,1,1,1,1,1
1,1,1,1,1,1,1,1,1,1
1,1,1,1,1,1,1,1,1,1
1,1,1,1,1,1,1,1,1,1
1,1,1,1,1,1,1,1,1,1
1,1,1,1,1,1,1,1,1,1
1,1,1,1,1,1,1,1,1,1
1,1,1,1,1,1,1,1,1,1
1,1,1,1,1,1,1,1,1,1
1,1,1,1,1,1,1,1,1,1
1,1,1,1,1,1,1,1,1,1
1,1,1,1,1,1,1,1,1,1
1,1,1,1,1,1,1,1,1,1
1,1,1,1,1,1,1,1,1,1
1,1,1,1,1,1,1,1,1,1
1,1,1,1,1,1,1,1,1,1
1,1,1,1,1,1,1,1,1,1
1,1,1,1,1,1,1,1,1,1
1,1,1,1,1,1,1,1,1,1
1,1,1,1,1,1,1,1,1,1
1,1,1,1,1,1,1,1,1,1
1,1,1,1,1,1,1,1,1,1
1,1,1,1,1,1,1,1,1,1
1,1,1,1,1,1,1,1,1,1
1,1,1,1,1,1,1,1,1,1
1,1,1,1,1,1,1,1,1,1
1,1,1,1,1,1,1,1,1,1
1,1,1,1,1,1,1,1,1,1
1,1,1,1,1,1,1,1,1,1
1,1,1,1,1,1,1,1,1,1
1,1,1,1,1,1,1,1,1,1
1,1,1,1,1,1,1,0.9976608,1,1
1,1,1,1,1,1,1,0.994159,1,1
1,1,1,1,1,1,1,0.990715,1,1
1,1,1,1,1,1,1,0.9873208,1,1
1,1,1,1,1,1,1,0.9839819,1,1
1,1,1,1,1,1,1,0.9806972,1,1
1,1,1,1,1,1,1,0.9774655,1,1
1,1,1,1,1,1,1,0.9742926,1,1
1,1,1,1,1,1,1,0.9711709,1,1
1,1,1,1,1,1,1,1,1,1
1,1,1,1,1,1,1,1,1,1
1,1,1,1,1,1,1,1,1,1
1,1,1,1,1,1,1,1,1,1
1,1,1,1,1,1,1,1,1,1
1,1,1,1,1,1,1,1,1,1
1,1,1,1,1,1,1,1,1,1
1,1,1,1,1,1,1,1,1,1
1,1,1,1,1,1,1,1,1,1
1,1,1,1,1,1,1,1,1,1
1,1,1,1,1,1,1,1,1,1
1,1,1,1,1,1,1,1,1,1
1,1,1,1,1,1,1,1,1,1
1,1,1,1,1,1,1,1,1,1
1,1,1,1,1,1,1,1,1,1
1,1,1,1,1,1,1,1,1,1
1,1,1,1,1,1,1,1,1,1
1,1,1,1,1,1,1,1,1,1
1,1,1,1,1,1,1,1,0.8472506,0
1,1,0.9915785,1,0.9969152,1,1,1,0.8436922,0
1,1,0.9827609,1,0.9847449,1,1,1,0.8402247,0
1,1,0.9739825,1,0.9725652,1,1,1,0.836846,0
1,1,0.9652437,1,0.9603869,1,1,1,0.8335665,0
1,1,0.9565457,1,0.9482209,1,1,1,0.8303968,0
1,1,0.9478883,1,0.9360774,1,1,1,0.8273411,0
1,1,0.9392709,1,0.9239658,1,1,1,0.8244029,0
1,1,0.9306929,1,0.9118951,1,1,1,0.8215855,0
1,1,0.9221529,1,0.8998736,1,1,1,0.8188982,0
1,1,0.9136493,1,0.8879091,1,1,1,0.8163433,0
1,1,0.9051796,1,0.8760079,1,1,1,0.8139227,0
1,1,0.8967406,1,0.8641757,1,1,1,0.811638,0
1,1,0.8883292,1,0.8524178,1,1,1,0.8094899,0
1,1,0.8799409,1,0.8407376,1,1,1,0.8074852,0
1,1,0.8715718,1,0.8291389,1,1,1,1,1
1,1,0.8616328,1,0.8190732,1,1,1,1,1
1,1,0.8516906,1,0.8090094,1,0.9937569,1,1,1
1,1,0.8417748,1,0.7989193,1,0.9810853,1,1,1
1,1,0.8319137,1,0.7887758,1,0.9681901,1,1,1
1,1,0.8221057,1,0.7785813,1,0.955081,1,1,1
1,1,0.8123485,1,0.7683379,1,0.9417689,1,1,1
1,1,0.80264,1,0.7580486,1,0.9282662,1,1,1
1,1,0.792978,1,0.7550674,1,0.9145871,1,1,1
1,1,0.7833485,1,0.753413,1,0.9099413,1,1,1
1,1,0.773706,1,0.7517772,1,0.9093562,1,1,1
1,1,0.7640317,1,0.749807,0.7548691,0.9086722,1,1,0
1,1,0.7550124,1,0.7619038,0.7426286,0.9126142,1,1,0
1,1,0.7459272,1,0.7738822,0.730538,0.9163769,1,1,0
1,1,0.7367761,1,0.7857112,0.7185858,0.9199585,1,1,0
1,1,0.7275596,1,0.7973279,0.7067622,0.9233489,1,1,0
1,1,0.718278,1,1,0.6950569,0.9265393,1,1,1
1,1,0.7086666,1,1,0.6838058,0.9276498,1,1,1
1,1,0.6990303,1,1,0.6725932,0.9287628,1,1,1
1,1,0.6893686,1,1,0.6614189,0.929872,1,1,1
1,1,0.6796807,1,1,0.6502829,0.930971,1,1,1
1,1,0.6699659,1,1,0.6391845,0.932043,1,1,1
1,1,0.6602232,1,1,0.6281229,0.9330937,1,1,1
1,1,0.6504527,1,1,0.6170976,1,1,1,1
1,1,0.6403694,1,1,0.6064264,1,1,1,1
1,1,0.6374067,1,1,0.5957633,1,1,1,1
1,1,0.6401857,1,1,0.5850924,1,1,1,1
1,1,0.6425956,1,1,0.5744017,1,1,1,1
1,1,0.644658,1,1,0.5636945,1,1,1,1
1,1,0.6463739,1,1,0.5529741,1,1,1,1
1,1,0.6477875,1,1,0.5422435,1,1,1,1
1,1,0.6488987,1,1,0.5315053,1,1,1,1
1,1,0.6497301,1,1,0.5207621,1,1,1,1
1,1,0.6503032,1,1,0.5100166,1,1,1,1
1,1,1,1,1,0.4992706,1,1,1,0
1,1,1,1,1,0.4878521,1,1,1,0
1,1,1,1,1,0.4764889,1,1,1,0
1,1,1,1,1,0.4651814,1,0.8119572,1,0
1,1,0.6037179,1,1,0.4530539,1,0.7783875,1,0
1,1,0.5918874,1,1,0.4416234,1,0.7510154,1,0
1,1,0.5795366,1,1,0.4302093,1,0.7238055,1,0
1,1,0.566846,1,1,0.4244024,0.4657394,0.6968833,1,0
1,1,0.5385114,1,1,0.459604,0.4490654,0.6605097,1,0
1,1,0.5134374,1,1,0.5014616,0.4330822,0.6286807,1,0
1,1,0.4912925,1,1,1,0.4177665,0.6382948,1,0
1,1,0.4767073,1,1,1,0.4039762,0.6455208,1,0
1,1,0.4636703,1,1,1,0.3906074,0.6526781,1,0
1,1,0.4519347,1,1,1,0.3776085,0.6597443,1,0
1,1,0.4413141,1,1,1,0.3649343,0.6666917,1,0
1,1,0.4316434,1,1,1,0.3525458,0.6735042,1,0
1,1,0.4227997,1,1,1,0.3404085,0.68016,1,0
1,1,0.4146693,1,1,1,0.328492,0.6866487,1,0
1,1,0.4071447,1,1,1,0.3167702,1,1,1
1,1,0.4070462,1,1,1,0.3062904,1,1,1
1,1,0.4068073,1,1,1,0.3012179,1,1,1
1,1,0.4064845,1,1,1,0.3019334,1,1,1
1,1,0.4061491,1,1,1,0.3026498,1,1,1
1,1,0.4058027,1,1,1,0.3033652,1,1,1
1,1,0.4054475,1,1,1,0.3040778,1,1,1
1,1,0.4050849,1,1,1,0.3047861,0.3285342,0.7134908,0
1,1,0.3884478,1,1,1,0.3242194,0.3073019,0.6417525,0
1,1,0.3727522,1,1,1,0.3467584,0.2871108,0.5782945,0
1,1,0.3578879,1,1,1,1,0.2678806,0.5459698,0
1,1,0.34376,1,1,1,1,0.249539,0.5523107,0
1,1,0.3302869,1,1,1,1,0.2320212,0.5592391,0
1,1,0.3173972,1,1,1,1,0.2152679,0.5667784,0
1,1,0.3051954,1,1,1,1,0.1992848,0.5748361,0
1,1,0.2939765,1,1,1,1,0.2060816,0.5831023,0
1,1,0.2838003,1,1,1,1,0.2150161,0.2838502,0
1,1,0.2726324,1,1,1,1,0.2259773,0.2542769,0
1,1,0.2618182,1,1,1,1,0.2380823,0.2269835,0
1,1,0.2513218,1,1,1,1,0.2514549,0.2017183,0
1,1,0.2411197,1,1,1,1,0.2662265,0.1782648,0
1,1,0.2311735,1,1,1,1,1,0.1728038,0
1,1,0.224998,1,1,1,1,1,0.1777238,0
1,1,0.2189585,1,1,1,1,1,0.1826716,0
1,1,0.2130427,1,1,1,1,1,0.1876363,1
1,1,0.2072402,1,1,1,1,1,0.192607,1
1,0.2590524,0.2015426,1,1,1,1,1,0.1975731,2
1,0.2166147,0.2008854,1,1,1,1,1,0.1988051,2
1,0.1786931,0.2005723,1,1,1,1,1,0.1998524,2
1,0.1468872,0.2006328,1,1,1,1,1,0.2007181,2
1,0.145115,1,1,1,1,1,1,0.201419,2
1,0.1423442,1,1,1,1,1,1,0.2041505,2
1,0.1396165,1,1,1,1,1,1,0.2068132,2
1,0.1369317,1,1,1,1,1,1,1,2
1,0.1355054,1,1,1,1,1,1,1,2
0.1200212,0.1343358,1,1,1,1,1,1,1,2
0.118034,0.1334358,1,1,1,1,1,1,1,2
0.1162963,0.1328054,1,1,1,1,1,1,1,2
0.1148128,0.1324594,1,1,1,1,1,1,1,2
0.1135828,1,1,1,1,1,1,1,1,2
0.1126063,1,1,1,1,1,1,1,1,2
0.1118838,1,1,1,1,1,1,1,1,2
0.1114167,1,1,1,1,1,1,1,1,2
0.1112129,1,1,1,1,1,1,1,1,2
1,1,1,1,1,1,1,1,1,1
1,1,1,1,1,1,1,1,1,1
1,1,1,1,1,1,1,1,1,1
1,1,1,1,1,1,1,1,1,1
1,1,1,1,1,1,1,1,1,1
1,1,1,1,1,1,1,1,1,1
1,1,1,1,1,1,1,1,1,1
1,1,1,1,1,1,1,1,1,1
1,1,1,1,1,1,1,1,1,1
1,1,1,1,1,1,1,1,1,1
1,1,1,1,1,1,1,1,1,1
1,1,1,1,1,1,1,1,1,1
1,1,1,1,1,1,1,1,1,1
1,1,1,1,1,1,1,1,1,1
1,1,1,1,1,1,1,1,1,1
1,1,1,1,1,1,1,1,1,1
1,1,1,1,1,1,1,1,1,1
1,1,1,1,1,1,1,1,1,1
1,1,1,1,1,1,1,1,1,1
1,1,1,1,1,1,1,1,1,1
1,1,1,1,1,1,1,1,1,1
1,1,1,1,1,1,1,1,1,1
1,1,1,1,1,1,1,1,1,1
1,1,1,1,1,1,1,1,1,1
1,1,1,1,1,1,1,1,1,1
1,1,1,1,1,1,1,1,1,1
1,1,1,1,1,1,1,1,1,1
1,1,1,1,1,1,1,1,1,1
1,1,1,1,1,1,1,1,1,1
1,1,1,1,1,1,1,1,1,1
1,1,1,1,1,1,1,1,1,1
1,1,1,1,1,1,1,1,1,1
1,1,1,1,1,1,1,1,1,1
1,1,1,1,1,1,1,1,1,1
1,1,1,1,1,1,1,1,1,1
1,1,1,1,1,1,1,1,1,1
1,1,1,1,1,1,1,1,1,1
1,1,1,1,1,1,1,1,1,1
1,1,1,1,1,1,1,1,1,1
1,1,1,1,1,1,1,1,1,1
1,1,1,1,1,1,1,1,1,1
1,1,1,1,1,1,1,1,1,1
1,1,1,1,1,1,1,1,1,1
1,1,1,1,1,1,1,1,1,1
1,1,1,1,1,1,1,1,1,1
1,1,1,1,1,1,1,1,1,1
1,1,1,1,1,1,1,1,1,1
1,1,1,1,1,1,1,1,1,1
1,1,1,1,1,1,1,1,1,1
1,1,1,1,1,1,1,1,1,1
1,1,1,1,1,1,1,1,1,1
1,1,1,1,1,1,1,1,1,1
1,1,1,1,1,1,1,1,1,1
1,1,1,1,1,1,1,1,1,1
1,1,1,1,1,1,1,1,1,1
1,1,1,1,1,1,1,1,1,1
1,1,1,1,1,1,1,1,1,1
1,1,1,1,1,1,1,1,1,1
1,1,1,1,1,1,1,1,1,1
1,1,1,1,1,1,1,1,1,1
1,1,1,1,1,1,1,1,1,1
1,1,1,1,1,1,1,1,1,1
1,1,1,1,1,1,1,1,1,1
1,1,1,1,1,1,1,1,1,1
1,1,1,1,1,1,1,1,1,1
1,1,1,1,1,1,1,1,1,1
1,1,1,1,1,1,1,1,1,1
1,1,1,1,1,1,1,1,1,1
1,1,1,1,1,1,1,1,1,1
1,1,1,1,1,1,1,1,1,1
1,1,1,1,1,1,1,1,1,1
1,1,1,1,1,1,1,1,1,1
1,1,1,1,1,1,1,1,1,1
1,1,1,1,1,1,1,1,1,1
1,1,1,1,1,1,1,1,1,1
1,1,1,1,1,1,1,1,1,1
1,1,1,1,1,1,1,1,1,1
1,1,1,1,1,1,1,1,1,1
1,1,1,1,1,1,1,1,1,1
1,1,1,1,1,1,1,1,1,1
1,1,1,1,1,1,1,1,1,1
1,1,1,1,1,1,1,1,1,1
1,1,1,1,1,1,1,1,1,1
1,1,1,1,1,1,1,1,1,1
1,1,1,1,1,1,1,1,1,1
1,1,1,1,1,1,1,1,1,1
1,1,1,1,1,1,1,1,1,1
1,1,1,1,1,1,1,1,1,1
1,1,1,1,1,1,1,1,1,1
1,1,1,1,1,1,1,1,1,1
1,1,1,1,1,1,1,1,1,1
1,1,1,1,1,1,1,1,1,1
1,1,1,1,1,1,1,1,1,1
1,1,1,1,1,1,1,1,1,1
1,1,1,1,1,1,1,1,1,1
1,1,1,1,1,1,1,1,1,1
1,1,1,1,1,1,1,1,1,1
1,1,1,1,1,1,1,1,1,1
1,1,1,1,1,1,1,1,1,1
1,1,1,1,1,1,1,1,1,1
1,1,1,1,1,1,1,1,1,1
1,1,1,1,1,1,1,1,1,1
1,1,1,1,1,1,1,1,1,1
1,1,1,1,1,1,1,1,1,1
1,1,1,1,1,1,1,1,1,1
1,1,1,1,1,1,1,1,1,1
1,1,1,1,1,1,1,1,1,1
1,1,1,1,1,1,1,1,1,1
1,1,1,1,1,1,1,1,1,1
1,1,1,1,1,1,1,1,1,1
1,1,1,1,1,1,1,1,1,1
1,1,1,1,1,1,1,1,1,1
1,1,1,1,1,1,1,1,1,1
1,1,1,1,1,1,1,1,1,1
1,1,1,1,1,1,1,1,1,1
1,1,1,1,1,1,1,1,1,1
1,1,1,1,1,1,1,1,1,1
1,1,1,1,1,1,1,1,1,1
1,1,1,1,1,1,1,1,1,1
1,1,1,1,1,1,1,1,1,1
1,1,1,1,1,1,1,1,1,1
1,1,1,1,1,1,1,1,1,1
1,1,1,1,1,1,1,1,1,1
1,1,1,1,1,1,1,1,1,1
1,1,1,1,1,1,1,1,1,1
1,1,1,1,1,1,1,1,1,1
1,1,1,1,1,1,1,1,1,1
1,1,1,1,1,1,1,1,1,1
1,1,1,1,1,1,1,1,1,1
1,1,1,1,1,1,1,1,1,1
1,1,1,1,1,1,1,1,1,1
1,1,1,1,1,1,1,1,1,1
1,1,1,1,1,1,1,1,1,1
1,1,1,1,1,1,1,1,1,1
1,1,1,1,0.9902257,1,1,1,1,1
1,1,1,1,0.9802259,0.9953474,1,1,1,1
1,1,1,1,0.970226,0.9851874,1,1,1,1
1,1,1,1,0.9602262,0.9750149,1,1,1,1
1,1,1,1,0.9502264,0.9648302,1,1,1,1
1,1,1,1,0.9402267,0.9546339,1,1,1,1
1,1,1,1,0.930227,0.9444265,1,1,1,1
1,1,1,1,0.9202275,0.9342087,1,1,1,1
1,1,1,1,0.9102284,0.9239809,1,1,1,1
1,1,1,1,0.9002295,0.9137439,1,1,1,1
1,1,1,1,0.890231,0.9034983,1,1,1,1
1,1,1,1,0.8802331,0.8932447,1,1,1,1
1,1,1,1,0.8702357,0.882984,1,1,1,1
1,1,1,1,0.8602391,0.872717,1,1,1,1
1,1,1,1,0.8502433,0.8624441,1,1,1,1
1,1,1,1,0.8402483,0.8521664,1,1,1,1
1,1,1,1,0.8302543,0.8418843,1,1,1,1
1,1,1,1,0.8202618,0.8315992,1,1,1,1
1,1,1,1,0.8102703,0.8213114,0.889855,1,1,1
1,1,1,1,0.800299,0.8107685,0.8776606,1,1,1
1,1,1,1,0.7903376,0.8002166,0.8654248,1,1,1
1,1,1,1,0.7803875,0.7896598,0.8531581,1,1,1
1,1,1,1,0.7704495,0.7791021,0.8408697,1,1,1
1,1,1,1,0.7605247,0.7685472,0.8285693,1,1,1
1,1,1,1,0.7506143,0.7579995,0.8162667,1,1,1
1,1,1,1,0.7407185,0.7474617,0.8039699,1,1,0
1,1,1,1,0.7308379,0.7369372,0.7916877,1,1,0
1,1,1,1,0.7209731,0.7264292,0.7794281,1,1,0
1,1,1,1,0.7111242,0.7159404,0.7671987,1,1,0
1,1,1,1,0.7012909,0.7054729,0.7550059,1,1,0
1,1,1,1,0.6914731,0.6950289,0.7428559,1,1,0
1,1,1,1,0.68167,0.6846098,0.730754,1,1,0
1,1,1,1,0.6718812,0.6742172,0.7187051,1,1,0
1,1,1,1,0.662106,0.6638522,0.7067135,1,1,0
1,1,1,1,0.652343,0.6535152,0.6947826,1,1,0
1,1,1,1,1,0.643207,0.6829154,1,1,0
1,1,1,1,1,0.6328613,0.6708169,1,1,0
1,1,1,1,1,0.622552,0.6587898,1,1,0
1,1,1,1,1,0.6122797,0.6468369,1,1,0
1,1,1,1,1,0.6020451,0.634961,1,1,0
1,1,1,1,1,0.5918475,0.6231637,1,1,0
1,1,1,1,1,0.5816873,0.6114466,1,1,0
1,1,1,1,1,0.5715634,0.5998101,1,1,0
1,1,1,1,1,0.5614752,0.5882548,1,1,0
1,1,1,1,1,0.5514217,0.5767807,1,1,0
1,1,1,1,1,0.5414021,0.5653874,1,1,0
1,1,1,1,1,0.5314147,0.5540739,1,1,0
1,1,1,1,1,0.5214585,0.5428393,1,1,0
1,1,1,1,1,0.5115317,0.5316821,1,1,0
1,1,1,1,1,0.501633,0.5206009,1,1,0
1,1,1,1,1,0.4917611,0.5095941,1,1,0
1,1,1,1,1,0.4819144,0.4986595,1,1,0
1,1,1,1,1,0.4720909,0.4877951,0.6125378,1,0
1,1,1,1,1,0.4623934,0.4757918,0.5922559,1,0
1,1,1,1,1,0.4528288,0.46405,0.5727553,1,0
1,1,1,1,1,1,0.4525599,0.5540076,1,0
1,1,1,1,1,1,0.4412057,0.5354992,1,0
1,1,1,1,1,1,0.4300786,0.5176185,1,0
1,1,1,1,1,1,0.4191726,0.50035,1,0
1,1,1,1,1,1,0.4084807,0.4836747,1,0
1,1,1,1,1,1,0.3979942,0.4675707,1,0
1,1,1,1,1,1,0.3877029,0.4520129,1,0
1,1,1,1,1,1,0.3775963,0.4369756,1,0
1,1,1,1,1,1,0.3676632,0.4224317,1,0
1,1,1,1,1,1,0.3578921,0.4083539,1,0
1,1,1,1,1,1,0.3482717,0.3947151,1,0
1,1,1,1,1,1,0.3387907,0.3814886,0.5556316,0
1,1,1,1,1,1,1,0.3672526,0.5263687,0
1,1,1,1,1,1,1,0.3535627,0.4989548,0
1,1,1,1,1,1,1,0.3403908,0.4732306,0
1,1,1,1,1,1,1,0.327711,0.4490542,0
1,1,1,1,1,1,1,0.3154991,0.4262998,0
1,1,1,1,1,1,1,0.3037326,0.4048548,0
1,1,1,1,1,1,1,0.2923909,0.3846191,0
1,1,1,1,1,1,1,0.2814545,0.3655025,0
1,1,1,1,1,1,1,0.2709058,0.3474241,0
1,1,1,1,1,1,1,0.2607283,0.3303111,0
1,1,1,1,1,1,1,0.2748505,0.314097,0
1,1,1,1,1,1,1,0.3261411,0.298722,0
1,1,1,1,1,1,1,0.3885932,0.2841316,0
1,1,1,1,1,1,1,0.4659172,0.2702767,0
1,1,1,1,1,1,1,0.5638162,0.257112,0
1,1,1,1,1,1,1,1,0.2446465,0
1,1,1,1,1,1,1,1,0.2332317,0
1,1,1,1,1,1,1,1,0.2222993,0
1,1,1,1,1,1,1,1,0.2378384,0
1,1,1,1,1,1,1,1,0.2591488,0
1,1,1,1,1,1,1,1,0.2815552,0
1,1,1,1,1,1,1,1,0.3050297,0
1,1,1,1,1,1,1,1,0.3295474,0
1,1,1,1,1,1,1,1,0.3550602,0
1,1,1,1,1,1,1,1,0.3815366,0
1,1,1,1,1,1,1,1,0.4089219,0
1,1,1,1,1,1,1,1,0.4371511,0
1,1,1,1,1,1,1,1,0.4661492,0
1,1,1,1,1,1,1,1,0.4958319,0
1,1,1,1,1,1,1,1,0.526122,0
1,1,1,1,1,1,1,1,0.5569022,0
1,1,1,1,1,1,1,1,1,1
1,1,1,1,1,1,1,1,1,1
1,1,1,1,1,1,1,1,1,1
1,1,1,1,1,1,1,1,1,1
1,1,1,1,1,1,1,0.9685825,1,1
1,1,1,1,1,1,1,0.9625649,1,1
1,1,1,1,1,1,1,0.956546,1,1
1,1,1,1,1,1,1,0.9505256,1,1
1,1,1,1,1,1,1,0.9445038,1,1
1,1,1,1,1,1,1,0.9384803,1,1
1,1,1,1,1,1,1,0.9324551,1,1
1,1,1,1,1,1,1,0.9264282,1,1
1,1,1,1,1,1,1,0.9203997,1,1
1,1,1,1,1,1,1,0.9143691,1,1
1,1,1,1,1,1,1,0.9083365,1,1
1,1,1,1,1,1,1,0.902302,1,1
1,1,1,1,1,1,1,0.896265,1,1
1,1,1,1,1,1,1,0.8902262,1,1
1,1,1,1,1,1,1,0.8841851,1,1
1,1,1,1,1,1,1,0.8781415,1,1
1,1,1,1,1,1,1,0.8720955,1,1
1,1,1,1,1,1,1,0.8660469,1,1
1,1,1,1,1,1,1,0.8599958,1,1
1,1,1,1,1,1,1,0.8539423,1,1
1,1,1,1,1,1,1,0.8478857,1,1
1,1,1,1,1,1,1,0.8418267,1,1
1,1,1,1,1,1,1,0.8357649,1,1
1,1,1,1,1,1,1,0.8297003,1,1
1,1,1,1,1,1,1,0.8236325,1,1
1,1,1,1,1,1,1,0.8175619,1,1
1,1,1,1,1,1,1,0.8114883,1,1
1,1,1,1,1,1,1,0.8054115,1,1
1,1,1,1,1,1,1,0.7993317,1,1
1,1,1,1,1,1,1,1,1,1
1,1,1,1,1,1,1,1,1,1
1,1,1,1,1,1,1,1,1,1
1,1,1,1,1,1,1,1,1,1
1,1,1,1,1,1,1,1,1,1
1,1,1,1,1,1,1,1,1,1
1,1,1,1,1,1,1,1,1,1
1,1,1,1,1,1,1,1,1,1
1,1,1,1,1,1,1,1,1,1
1,1,1,1,1,1,1,1,1,1
1,1,1,1,1,1,1,1,1,1
1,1,1,1,1,1,1,1,1,1
1,1,1,1,1,1,1,1,1,1
1,1,1,1,1,1,1,1,1,1
1,1,1,1,1,1,1,1,0.7647651,1
1,1,1,1,1,1,1,1,0.757089,1
1,1,1,1,1,1,1,1,0.7494534,1
1,1,1,1,1,1,1,1,0.7418615,1
1,1,1,1,1,1,1,1,0.734316,1
1,1,1,1,1,1,1,1,0.7268196,1
1,1,1,1,1,1,1,1,0.7193753,0
1,1,1,1,1,1,1,1,0.7119848,0
1,1,1,1,1,1,1,1,0.7046508,0
1,1,1,1,1,1,1,1,0.6973755,0
1,1,1,1,1,1,1,1,0.6901604,0
1,1,1,1,1,1,1,1,0.6830078,0
1,1,1,1,1,1,1,1,0.6759192,0
1,1,1,1,1,1,1,1,0.6688959,0
1,1,1,1,1,1,1,1,0.6619394,0
1,1,1,1,1,1,1,1,0.6550514,0
1,1,1,1,1,1,1,1,0.6643332,0
1,1,1,1,1,1,1,1,0.7001968,1
1,1,1,1,1,1,1,1,0.7359172,1
1,1,1,1,1,1,1,1,0.7713581,1
1,1,1,1,1,1,1,1,0.8063864,1
1,1,1,1,1,1,1,1,1,1
1,1,1,1,1,1,1,1,1,1
1,1,1,1,1,1,1,1,1,1
1,1,1,1,1,1,1,1,1,1
1,1,1,1,1,1,1,1,1,1
1,1,1,1,1,1,1,1,1,1
1,1,1,1,1,1,1,1,1,1
1,1,1,1,0.99005,1,1,1,1,1
1,1,1,1,0.9795023,1,1,1,1,1
1,1,1,1,0.9683879,1,1,1,1,1
1,1,1,1,0.956693,1,1,1,1,1
1,1,1,1,0.9444081,1,1,1,1,1
1,1,1,1,0.9315278,1,1,1,1,1
1,1,1,1,0.9180509,0.9936212,1,1,1,1
1,1,1,1,0.9037066,0.9850041,1,1,1,1
1,1,1,1,0.8884162,0.9770714,1,1,1,2
1,1,1,1,0.8722364,0.969844,1,1,1,2
1,1,1,1,0.8552362,0.9633193,1,1,1,2
1,1,1,1,0.8374926,0.9575199,1,1,1,2
1,1,1,1,0.8238584,0.9524618,1,1,1,2
1,1,1,1,0.818166,0.947996,1,1,1,2
1,1,1,1,0.8126771,0.9438508,1,1,1,2
1,1,1,1,0.8073905,0.9400226,1,1,1,2
1,1,1,0.993138,0.8022974,0.9364988,1,1,1,2
1,1,1,0.9627076,0.7975433,0.9335244,1,1,1,2
1,1,1,0.9308408,0.7936666,0.9319955,1,1,1,2
1,1,1,0.8979377,0.7906953,1,1,1,1,2
1,1,1,0.8674263,0.7874168,1,1,1,1,2
1,1,1,0.8362834,0.7850143,1,1,1,1,2
1,1,1,0.8047859,0.783516,1,1,1,1,2
1,1,1,0.7732018,0.7829648,1,1,1,1,2
1,1,1,0.7417818,0.7833942,1,1,1,1,2
1,1,1,0.710749,0.7848448,1,1,1,1,2
1,1,1,0.6841541,0.7873479,1,1,1,1,2
1,1,1,0.6836743,0.7908272,1,1,1,1,2
1,1,1,0.6833842,0.794584,1,1,1,1,2
1,1,1,0.6832626,0.7985954,1,1,1,1,2
1,1,1,0.6833044,0.802857,1,1,1,1,2
1,1,0.8551751,0.6834969,0.8073558,1,1,1,1,2
1,1,0.79784,0.6868356,1,1,1,1,1,2
1,1,0.7504566,0.6888924,1,1,1,1,1,2
1,1,0.7043002,0.6923719,1,1,1,1,1,2
1,1,0.6598253,0.6973452,1,1,1,1,1,2
1,1,0.6183654,0.7032474,1,1,1,1,1,2
1,1,0.5799214,0.7099538,1,1,1,1,1,2
1,1,0.5787111,0.7175277,1,1,1,1,1,2
1,1,0.5800689,0.7260305,1,1,1,1,1,2
1,1,0.5819356,1,1,1,1,1,1,2
1,1,0.5816353,1,1,1,1,1,1,2
1,1,0.5815547,1,1,1,1,1,1,2
1,1,0.5816843,1,1,1,1,1,1,2
1,1,0.5820299,1,1,1,1,1,1,2
1,1,0.5825819,1,1,1,1,1,1,2
1,1,0.5833385,1,1,1,1,1,1,2
1,1,0.5842978,1,1,1,1,1,1,2
1,1,0.5854579,1,1,1,1,1,1,2
1,0.6744809,0.5868176,1,1,1,1,1,1,2
1,0.5983638,0.5927018,1,1,1,1,1,1,2
1,0.5317874,0.5993503,1,1,1,1,0.9691406,1,2
1,0.4730155,0.6068128,1,1,1,1,0.9404334,1,2
1,0.457746,1,1,1,1,1,0.9137715,1,2
1,0.457943,1,1,1,1,1,0.8929003,1,2
1,0.4583722,1,1,1,1,1,0.892196,1,2
1,0.4591083,1,1,1,1,1,0.8915648,1,2
1,0.4601414,1,1,1,1,1,0.8909882,1,2
1,0.4614685,1,1,1,1,1,0.890447,1,2
1,0.4630865,1,1,1,1,1,0.8899211,1,2
1,0.4649923,1,1,1,1,1,0.8893896,1,2
1,0.4671759,1,1,1,1,1,0.8888301,1,2
1,0.4696337,1,1,1,1,1,0.8882194,1,2
0.5027224,0.4723551,1,1,1,1,1,0.8875331,1,2
0.4063779,0.4769265,1,1,1,1,1,0.8908572,1,2
0.4064208,0.4820816,1,1,1,1,1,0.8946733,1,2
0.4068534,0.4878487,1,1,1,1,1,0.8990148,0.7339446,2
0.4076796,1,1,1,1,1,1,0.9039181,0.7292205,2
0.4079335,1,1,1,1,1,1,0.8996099,0.7271962,2
0.4083117,1,1,1,1,1,1,0.8949691,0.7252412,2
0.4088033,1,1,1,1,1,1,0.8899661,0.7233556,2
0.4094034,1,1,1,1,1,1,0.8845712,1,2
0.411373,1,1,1,0.9977862,1,1,0.8901594,0.7173669,2
0.4123298,1,1,1,0.9877372,1,1,0.8840922,0.7156177,2
0.4133656,1,1,1,0.977765,1,1,0.877525,1,2
0.4159967,1,1,1,0.9681012,1,1,0.8830825,0.710138,2
0.4173362,1,1,1,0.9583359,1,1,0.8756002,1,2
0.4204471,1,1,1,0.9491571,1,1,0.8811677,0.7049418,2
0.4220492,1,1,1,0.9395347,1,1,0.8725635,1,2
0.4255952,1,1,1,1,1,1,0.8779184,0.6999897,2
0.4274437,1,1,0.9214757,1,1,0.9946171,0.8682505,1,2
1,1,1,0.9101663,1,1,0.9622401,0.8737443,1,0
1,1,1,0.9005152,1,1,0.9682887,0.8497763,1,0
1,1,1,0.8909187,1,1,0.9756185,0.8254102,1,0
1,1,1,0.8813821,1,1,0.9842669,0.8007592,1,0
1,1,1,0.8719096,1,1,0.9942726,0.7759343,1,0
1,1,1,0.8625056,1,1,1,0.7510442,1,0
1,1,1,0.8531847,1,1,1,0.7260778,1,0
1,1,1,1,0.8394882,1,1,0.7010123,1,0
1,1,1,1,0.8290361,1,1,0.6749309,1,0
1,1,1,1,0.8186579,1,1,0.649001,1,0
1,1,1,1,0.8083728,1,1,0.6254132,1,0
1,1,1,1,0.7981995,1,1,0.6316069,1,0
1,1,1,1,0.7881517,1,1,0.6379619,1,0
1,1,1,1,0.7782142,1,1,0.6444574,1,0
1,1,1,1,0.7683724,1,1,0.6510721,1,0
1,1,1,1,0.7586131,1,1,0.6577931,1,0
1,1,1,1,0.7489237,1,1,0.6645908,1,0
1,1,1,1,0.7392922,1,1,0.6714602,1,0
1,1,1,1,0.729708,1,1,0.678372,0.9662994,0
1,1,1,1,0.7202328,1,1,0.6862233,0.9074062,0
1,1,1,1,0.710943,1,1,0.6957599,0.8476974,0
1,1,1,1,0.7018764,0.7002314,1,0.7071151,0.7883431,0
1,1,1,1,0.6931455,0.6895241,1,0.7211293,0.7286938,0
1,1,1,1,1,0.6790122,1,0.7371513,0.6719695,0
1,1,1,1,1,0.6687222,1,0.7567774,0.6162317,0
1,1,1,1,1,0.6587592,1,0.7783184,0.5653729,0
1,1,1,1,1,0.6491234,1,0.8016394,0.5589753,0
1,1,1,1,1,0.6398068,1,0.8269159,0.5673939,0
1,1,1,1,1,0.6307531,1,1,0.5761185,0
1,1,1,1,1,0.6216967,1,1,0.5836871,0
1,1,1,1,1,0.6127506,1,1,0.5914357,0
1,1,1,1,1,0.6038948,1,1,0.5993401,0
1,1,1,1,1,1,1,0.9989772,0.6073762,0
1,1,1,1,1,1,0.5863441,0.9786973,0.6163364,0
1,1,1,1,1,1,0.575637,0.9576968,0.6266958,0
1,1,1,1,1,1,0.5651894,0.9729059,0.6375083,0
1,1,1,1,1,1,0.5550194,1,0.6483908,0
1,1,1,1,1,1,0.5450939,1,0.6591696,0
1,1,1,1,1,1,0.535355,1,0.6700847,0
1,1,1,0.9905036,1,1,0.5257805,1,0.6811055,0
1,1,1,0.9661608,1,1,0.5163527,1,0.6920778,0
1,1,1,0.9443303,1,1,0.5070506,1,0.7027606,0
1,1,1,0.9246513,1,1,0.4978476,1,0.713124,0
1,1,1,0.9068176,1,1,0.4887214,1,0.7231516,0
1,1,1,0.8905873,1,1,0.4796539,1,0.7328231,0
1,1,1,0.8757488,1,1,0.4706307,1,0.7421315,0
1,1,1,0.8621355,1,1,0.4616401,1,0.751065,0
1,1,1,0.8495975,1,1,0.4526731,1,1,1
1,1,1,0.8469728,1,1,0.4436349,1,1,1
1,1,1,0.8443416,1,1,1,1,1,1
1,1,1,0.8414628,1,1,1,1,1,1
1,1,0.9957138,0.838688,1,1,1,1,1,1
1,1,0.9769112,0.83618,1,1,1,1,1,2
1,1,0.9575543,0.8345054,1,1,1,1,1,2
1,1,0.937712,0.8336812,1,1,1,1,1,2
1,1,0.9174563,0.8337253,1,1,1,1,1,2
1,1,0.8968614,0.8346465,1,1,1,1,1,2
1,1,0.8760027,0.8364781,1,1,1,1,1,2
1,1,0.8549546,0.8392314,1,1,1,0.3966942,1,1
1,1,0.8444953,0.8275558,1,1,1,0.3856341,1,1
1,1,0.8335274,0.816586,1,1,1,0.3747247,0.9389838,0
1,1,0.8239306,0.8037704,1,1,1,0.3635913,0.918797,0
1,1,0.8143878,0.7909308,1,1,1,0.3525161,0.8987575,0
1,1,0.8048745,0.7781028,1,1,1,0.3415049,0.8788986,0
1,1,0.7953666,0.7653202,1,1,1,0.3305631,0.8592509,0
1,1,0.7858393,0.7526026,1,1,1,0.3196952,0.8398423,0
1,1,0.7762679,0.7399891,1,1,1,0.3089051,0.8206962,0
1,1,0.7666272,0.7275039,1,1,1,0.2981951,0.8149422,0
1,1,0.7565076,0.7156055,1,1,1,0.2876211,0.8235143,1
1,1,0.7454998,0.7047036,1,1,1,0.2772267,0.8315707,1
1,1,0.7336569,0.6947215,1,1,1,0.2669857,0.8390893,1
1,1,0.7210382,0.6855634,1,1,1,0.2568738,0.8460783,1
1,1,0.7077076,0.6771556,1,1,1,0.2468692,0.8525434,1
1,1,0.6937338,0.6694437,1,1,1,0.2369528,0.8584864,1
1,1,0.6791863,0.6623698,1,1,1,0.2452926,0.3174207,0
1,1,0.67845,0.6404814,1,1,1,0.265646,0.2981894,0
1,1,0.6767427,0.6205925,0.8185654,1,1,0.2870086,0.2802389,0
1,1,0.6708318,0.6051615,0.7934625,1,1,0.3065092,0.2643454,0
1,1,0.6634137,0.5912849,0.7715373,1,1,0.3258243,0.2492952,0
1,1,0.6545672,0.5787167,0.7522458,1,1,1,0.2349326,2
1,1,0.6356269,0.5744199,0.7486733,1,1,1,0.2233474,2
1,1,0.6167164,0.5703136,0.7454515,1,1,1,0.2116687,2
1,1,0.5978819,0.5663718,0.7425347,1,1,1,0.199878,2
1,1,0.5791631,0.5625791,0.7398912,1,1,1,0.1949499,2
1,1,0.5604363,0.5590678,0.7377828,1,1,1,0.2001939,2
1,1,0.5415347,0.5560508,0.7366283,1,1,1,0.2052072,2
1,1,0.5225548,0.5534844,0.7363589,1,1,1,0.2100018,2
1,0.9336065,0.5035801,0.5513492,1,1,1,1,0.2145747,2
1,0.8771511,0.4859971,0.5479273,1,1,1,1,0.2193773,2
1,0.8745257,0.4669879,0.5467577,1,1,1,1,0.2235022,2
1,0.8721306,0.4480785,0.5460839,1,1,1,1,0.2274013,2
1,0.8699735,0.4293287,0.5458999,1,1,1,1,0.2310751,2
1,0.8680483,0.4107891,0.5461786,1,1,1,1,0.2345401,2
1,0.8663481,0.4026093,0.5468949,1,1,1,1,0.2378129,2
1,0.8647875,0.4008203,0.5477671,1,1,1,1,0.240961,2
1,0.8632939,0.3990304,0.5485946,1,1,1,1,0.2440425,2
1,0.8618705,0.39725,0.5493921,1,1,1,1,0.2470499,2
1,0.8605076,0.395473,0.5501505,1,1,1,1,0.2499911,2
1,0.6528825,0.3937015,0.5508732,1,1,1,1,1,2
1,0.5887896,0.397176,0.5642202,1,1,1,1,1,2
1,0.5316079,0.4012629,0.579254,1,1,1,1,1,2
1,0.4802429,0.4060143,1,1,0.9895428,1,1,1,2
1,0.433819,0.411479,1,1,0.977465,1,1,1,2
1,0.3916261,0.4177125,1,1,0.9658125,1,1,1,2
1,0.3530864,0.4247772,1,1,0.9545727,1,1,1,2
1,0.3177205,0.4327546,1,1,0.9437337,1,1,1,2
0.7920631,0.2979219,0.4417164,1,1,0.9332849,1,1,1,2
0.7915734,0.2994367,0.4517661,1,1,0.9232162,1,1,1,2
0.7916387,0.301364,0.4630113,1,1,0.9135185,1,1,1,2
0.7922617,0.3037202,0.4755758,1,0.9115397,0.9041836,1,1,1,2
0.7934463,0.3065239,0.489603,1,0.8991812,0.8952038,1,1,1,2
0.5173757,0.3097954,1,1,0.8872532,0.8865725,1,1,1,2
0.4087328,0.3135577,1,1,0.8757426,0.8782836,1,1,1,2
0.3214211,0.3178362,1,1,0.864637,1,1,1,1,2
0.2600778,0.3226666,1,1,0.8539253,1,1,1,1,2
0.2613523,0.328073,1,1,0.8435972,1,1,1,1,2
0.2629716,0.3340901,1,1,0.8336431,1,1,1,0.8134233,2
0.2649496,0.3407649,1,0.8317766,0.8240544,1,1,1,0.808945,2
0.2672884,0.3481326,1,0.8194445,0.8148229,1,1,1,0.8046513,2
0.2699975,0.3562414,1,0.8075466,0.8059418,1,1,1,0.8005354,2
0.2730878,0.3651451,1,0.7960697,0.7974046,1,1,1,0.7965913,2
0.2765777,0.3749129,1,0.7850012,0.7892058,1,1,1,0.792807,2
0.2804741,0.3856035,1,0.77433,1,1,1,1,0.7891833,2
0.2847852,0.3972836,1,0.7640452,1,1,1,1,0.7857214,2
0.2895338,1,1,0.7541375,1,1,1,1,0.7824098,2
0.2942352,1,1,0.744531,1,1,1,1,0.7794293,2
0.2991855,1,1,0.7351639,1,1,1,1,0.776562,2
0.3043702,1,1,0.7260019,1,1,1,1,0.7737821,2
0.3097748,1,0.7281073,0.7170135,1,1,1,1,0.7710652,2
0.3157967,1,0.7160596,0.7083095,1,1,1,1,0.7683727,2
0.3220311,1,0.7044318,0.6997582,1,1,1,1,0.7657348,2
0.3284566,1,0.6931759,1,1,1,1,1,0.763122,2
0.3353944,1,0.6821179,1,1,1,1,1,0.7605584,2
0.3425695,1,0.6713742,1,1,1,1,1,0.7579978,2
0.349956,1,0.6609108,1,1,1,1,1,0.7554256,2
1,1,0.6506968,1,1,1,1,1,0.7528231,0
1,1,0.6417625,1,1,1,1,1,0.7488281,0
1,1,0.6328366,1,1,1,1,1,0.7449863,0
1,1,0.6239167,1,1,1,1,1,0.7412975,0
1,1,0.6150004,1,1,1,1,1,0.7377609,0
1,1,0.6060846,1,1,1,1,1,0.7343816,0
1,1,0.597167,1,1,1,1,1,1,1
1,1,0.5873443,1,1,1,1,1,1,1
1,1,0.5775365,1,1,1,1,1,1,1
1,1,0.5677439,1,1,1,1,1,1,1
1,1,0.5579666,1,1,1,1,1,1,1
1,1,0.5482048,1,1,1,1,1,1,1
1,1,0.5384586,1,1,1,1,1,1,1
1,1,0.5287281,1,1,1,1,1,1,1
1,1,0.5190134,1,1,1,1,1,1,1
1,0.9906108,0.5093145,1,1,1,1,1,1,1
1,0.9779242,0.4996203,1,1,1,1,1,1,1
1,0.9651362,0.4899298,1,1,1,1,1,1,1
1,0.9522616,0.4802458,1,1,1,1,1,1,1
1,0.9393147,0.4705714,1,1,1,1,1,1,1
1,0.926311,0.4609098,1,1,1,1,1,1,1
1,0.9132649,0.4512639,1,1,1,1,1,1,1
1,0.9001913,0.4416364,1,1,1,1,1,1,2
1,0.8871042,0.43203,1,1,1,1,1,1,2
1,0.4850684,0.422447,1,1,1,1,1,1,2
1,0.470912,0.4126679,1,1,1,1,1,1,2
1,0.4571385,0.4030243,1,1,1,1,1,1,2
1,0.4437312,0.4136685,1,1,1,1,1,1,2
1,0.4306813,1,1,1,1,1,1,1,2
1,0.4181312,1,1,1,1,1,1,1,2
1,0.4058117,1,1,1,1,1,1,1,2
0.9811383,0.393719,1,1,1,1,1,1,1,2
0.9541522,0.3817467,1,1,1,1,1,1,1,2
0.9272316,0.3698747,1,1,1,1,1,1,1,2
0.9005249,0.3581334,1,1,1,1,1,1,1,2
0.8899266,0.3465503,1,1,1,1,1,1,1,2
0.9080639,0.3352112,1,1,1,1,1,1,1,2
0.9263209,0.3242179,1,1,1,1,1,1,1,2
0.4166621,0.3135367,1,1,1,1,1,1,1,2
0.3963525,0.3021972,1,1,1,1,1,1,1,2
0.377163,0.2912657,1,1,1,1,1,1,1,2
0.3590131,0.2975283,1,1,1,1,1,1,1,2
0.3418304,0.3421659,1,1,1,1,1,1,1,2
0.3255489,0.3951312,1,1,1,1,1,1,1,2
0.3101087,0.4587739,1,1,1,1,1,1,1,2
0.2954563,1,1,1,1,1,1,1,1,2
0.282189,1,1,1,1,1,1,1,1,2
0.2694921,1,1,1,1,1,1,1,1,2
0.2573382,1,1,1,1,1,1,1,1,2
0.2487352,1,1,1,1,1,1,1,1,2
0.2686372,1,1,1,1,1,1,1,1,2
0.2895386,1,1,1,1,1,1,1,1,2
0.3114279,1,1,1,1,1,1,1,1,2
0.3342732,1,1,1,1,1,1,1,1,2
0.3580457,1,1,1,1,1,1,1,1,2
0.3827217,1,1,1,1,1,1,1,1,2
0.4082425,1,1,1,1,1,1,1,1,2
0.4345535,1,1,1,1,1,1,1,1,2
1,1,1,1,1,1,1,1,1,1
1,1,1,1,1,1,1,1,1,1
1,1,1,1,1,1,1,1,1,1
1,1,1,1,1,1,1,1,1,1
1,1,1,1,1,1,1,1,1,1
1,1,1,1,1,1,1,1,1,1
1,1,1,1,1,1,1,1,1,1
1,1,1,1,1,1,1,1,1,1
1,1,1,1,1,1,1,1,1,1
1,1,1,1,1,1,1,1,1,1
1,1,1,1,1,1,1,1,1,1
1,1,1,1,1,1,1,1,1,1
1,1,1,1,1,1,1,1,1,1
1,1,1,1,1,1,1,1,1,1
1,1,1,1,1,1,1,1,1,1
1,1,1,1,1,1,1,1,1,1
1,1,1,1,1,1,1,1,1,1
1,1,1,1,1,1,1,1,1,1
1,1,1,1,1,1,1,1,1,1
1,1,1,1,1,1,1,1,1,1
1,1,1,1,1,1,1,1,1,1
1,1,1,1,1,1,1,1,1,1
1,1,1,1,1,1,1,1,1,1
1,1,1,1,1,1,1,1,1,1
1,1,1,1,1,1,1,1,1,1
1,1,1,1,1,1,1,1,1,1
1,1,1,1,1,1,1,1,1,1
1,1,1,1,1,1,1,1,1,1
1,1,1,1,1,1,1,1,1,1
1,1,1,1,1,1,1,1,1,1
1,1,1,1,1,1,1,1,1,1
1,1,1,1,1,1,1,1,1,1
1,1,1,1,1,1,1,1,1,1
1,1,1,1,1,1,1,1,1,1
1,1,1,1,1,1,1,1,1,1
1,1,1,1,1,1,1,1,1,1
1,1,1,1,1,1,1,1,1,1
1,1,1,1,1,1,1,1,1,1
1,1,1,1,1,1,1,1,1,1
1,1,1,1,1,1,1,1,1,1
1,1,1,1,1,1,1,1,1,1
1,1,1,1,1,1,1,1,1,1
1,1,1,1,1,1,1,1,1,1
1,1,1,1,1,1,1,1,1,1
1,1,0.9861102,1,1,1,1,1,1,1
1,1,0.9749649,1,1,1,1,1,1,1
1,1,0.9637338,1,1,1,1,1,1,1
1,1,0.9524196,1,1,1,1,1,1,1
1,1,0.9410259,1,1,1,1,1,1,1
1,1,0.9295561,1,1,1,1,1,1,1
1,1,0.9180139,1,1,1,1,1,1,1
1,1,0.9064034,1,1,1,1,1,1,1
1,1,0.8947288,1,1,1,1,1,1,1
1,1,0.8829952,1,1,1,1,1,1,1
1,1,0.8712069,1,1,1,1,1,1,1
1,1,0.8593688,1,1,1,1,1,1,1
1,1,0.8474861,1,1,1,1,1,1,1
1,1,0.835564,1,1,1,1,1,1,1
1,1,0.8236079,1,1,1,1,1,1,1
1,1,0.8116227,1,1,1,1,1,1,1
1,1,0.7996144,1,1,1,1,1,1,1
1,1,0.7875879,1,1,1,1,1,1,1
1,1,0.781955,1,1,1,1,1,1,1
1,1,0.7895642,1,1,1,1,1,1,1
1,1,0.797115,1,1,1,1,1,1,1
1,1,0.8045887,1,1,1,1,1,1,1
1,1,0.8119828,1,1,1,1,1,1,1
1,1,0.8192952,1,1,1,1,1,1,1
1,1,0.8265238,1,1,1,1,1,1,1
1,1,0.8336501,1,1,1,1,1,1,1
1,1,0.8406726,1,1,1,1,1,1,1
1,1,0.8476068,1,1,1,1,1,1,1
1,1,0.8544176,1,1,1,1,1,1,1
1,1,0.8611213,1,1,1,1,1,1,1
1,1,0.8677003,1,1,1,1,1,1,1
1,0.840433,0.8741711,1,1,1,1,1,1,2
1,0.8204168,0.8919039,1,1,1,1,1,1,2
1,0.8004959,0.9111915,1,1,1,1,1,1,2
1,0.7807092,0.9352162,1,1,1,1,1,1,2
1,0.7611233,0.9222125,1,1,1,1,1,1,2
1,0.7413807,0.9091212,1,1,1,1,1,1,2
1,0.7215474,0.8959718,1,1,1,1,1,1,2
1,0.7016894,0.8827953,1,1,1,1,1,1,2
1,0.6818705,0.8696221,1,1,1,1,1,1,2
1,0.6621521,0.8564832,1,1,1,1,1,1,2
1,0.6425918,0.8434078,1,1,1,1,1,1,2
1,0.6232418,0.8304235,1,1,1,1,1,1,2
1,0.6041496,0.8175567,1,1,1,1,1,1,2
1,0.5853569,0.8545901,1,1,1,1,1,1,2
1,0.5671226,0.9083346,1,1,1,1,1,1,2
1,0.5494803,0.967518,1,1,1,1,1,1,2
1,0.5601145,1,1,1,1,1,1,1,2
1,0.5725424,1,1,1,1,1,1,1,2
1,0.585215,1,1,1,1,1,1,1,2
1,0.5981095,1,1,1,1,1,1,1,2
1,0.6112016,1,1,1,1,1,1,1,2
0.7326416,0.6244774,1,1,1,1,1,1,1,2
0.6930087,0.6475021,1,1,1,1,1,1,1,2
0.6554328,0.6730108,1,1,1,1,1,1,1,2
0.6199595,0.7011849,1,1,1,1,1,1,1,2
0.5865794,0.7322179,1,1,1,1,0.9784575,1,1,2
0.5557231,0.7469469,1,1,1,1,0.9555502,1,1,2
0.5269606,0.7291576,1,1,1,1,0.9338568,1,1,2
0.4997233,0.7119671,1,1,1,1,0.9218861,1,1,2
0.4909445,0.6953109,1,1,1,1,0.9286375,1,1,2
0.5049175,0.6792144,1,1,1,1,0.9365228,1,1,2
0.5195901,0.6715541,1,1,1,1,0.9447652,1,1,2
0.5349007,0.7147848,1,1,1,1,0.9531706,1,1,2
0.550415,0.7601185,1,1,1,1,1,1,1,2
0.5668222,0.8103477,1,1,1,1,1,1,1,2
0.5832035,0.8622179,1,1,1,1,1,1,1,2
0.5994802,1,1,1,1,1,1,1,1,2
0.6148151,1,1,1,1,1,1,1,1,2
0.6303536,1,1,1,1,1,1,1,1,2
0.6460644,1,1,1,1,1,1,1,1,2
0.6619246,1,1,1,1,1,1,1,1,2
0.6900555,1,1,1,1,1,1,1,1,2
0.6745265,1,1,1,1,1,1,1,1,2
0.6591466,1,1,1,1,1,1,1,1,2
0.6439395,1,1,1,1,1,1,1,1,2
0.6289269,1,1,1,1,0.8190969,1,1,1,1
0.6167307,1,1,1,1,0.8077065,1,1,1,1
0.6047038,1,1,1,1,0.7964536,1,1,1,1
0.5928415,1,1,1,1,0.7853346,1,1,1,1
0.5977584,1,1,1,1,0.7743459,1,1,1,1
0.610448,1,1,1,1,0.7637769,1,1,1,1
0.622695,1,1,1,1,0.7537389,1,1,1,1
0.6344828,1,1,1,1,0.7441843,1,1,1,1
0.6458083,1,1,1,1,0.7350639,1,1,1,1
0.6566625,1,1,1,1,0.7263426,1,1,1,1
0.6670395,1,1,1,1,0.71799,1,1,1,1
0.6769366,1,1,1,1,0.7099797,1,1,1,1
0.6863642,1,1,1,1,0.7022806,1,1,1,1
0.6953247,1,1,1,1,0.6948736,1,1,1,1
0.7038328,1,1,1,1,1,1,1,1,2
0.7212635,1,1,1,1,0.6748238,1,1,1,1
0.7284811,1,1,1,1,1,1,1,1,2
0.7456576,1,1,1,1,0.6560985,1,1,1,0
0.7515545,1,1,1,1,1,1,1,1,2
0.7684163,1,1,1,1,1,1,1,1,2
1,1,1,1,1,0.626951,1,1,1,0
1,1,1,1,1,1,1,1,1,1
1,1,1,1,1,1,1,1,1,1
1,1,1,1,1,1,1,1,1,1
1,1,1,1,1,1,0.6135966,1,1,0
1,1,1,1,1,1,0.5793708,1,1,0
1,1,1,1,1,1,0.5457352,1,1,0
1,1,1,1,1,1,0.5129017,1,1,0
1,1,1,1,1,1,0.4922782,1,1,0
1,1,1,1,1,1,0.4912456,1,1,0
1,1,1,1,1,1,0.4904864,1,1,0
1,1,1,1,1,1,0.4899985,1,1,0
1,1,1,1,1,1,0.4897799,1,1,0
1,1,1,1,1,1,0.4898287,1,1,0
0.7452441,1,1,1,1,1,0.4901432,1,1,0
0.7450847,1,1,1,1,1,1,1,1,2
1,1,1,1,1,1,1,1,1,1
1,1,1,1,1,1,1,0.9646619,1,1
1,1,1,1,1,1,1,0.914672,1,1
1,1,1,1,1,1,1,0.8569137,1,0
1,1,1,1,1,1,1,0.8441688,1,0
1,1,1,1,1,1,1,0.8406497,1,0
1,1,1,1,1,1,1,0.8372436,1,0
1,1,1,1,1,1,1,0.8339449,1,0
1,1,1,1,1,1,1,0.4343894,1,0
1,1,1,1,1,1,1,0.365288,1,0
1,1,1,1,1,1,1,0.353076,1,0
1,1,1,1,1,1,1,0.3512851,1,0
1,1,1,1,1,1,1,0.3498318,1,0
1,1,1,1,1,1,1,0.34872,1,0
1,1,1,1,1,0.9830557,1,0.3479547,1,0
1,1,1,1,1,0.9612177,1,0.3475484,1,0
1,1,1,1,1,0.9402046,1,1,1,1
1,1,1,1,1,0.9289616,1,1,1,1
1,1,1,1,1,0.9176331,1,1,1,1
1,1,1,1,1,0.906223,1,1,1,1
1,1,1,1,1,0.9019243,1,1,0.3077212,0
1,1,1,1,1,0.9359517,1,1,0.3050446,0
1,1,1,1,1,0.9740953,1,1,0.3027034,0
1,1,1,1,1,1,0.9768769,1,0.3006948,0
1,1,1,1,1,1,0.9493475,1,0.2990227,0
1,1,1,1,1,1,0.9230193,1,0.2976859,0
1,1,1,1,1,1,0.8978168,1,0.2966778,0
1,1,1,1,1,1,0.8736703,1,0.75905,0
1,1,1,1,1,1,0.8548049,1,0.7590802,0
1,1,1,1,1,1,0.8361892,1,0.7594122,0
1,1,1,1,1,1,0.817853,1,0.7600532,0
1,1,1,1,1,1,0.7998215,1,1,1
1,1,1,1,1,1,0.78646,1,1,0
1,1,1,1,1,1,0.7752299,1,1,0
1,1,1,1,1,1,0.7801968,1,1,0
1,1,1,1,1,1,0.7851541,1,1,0
1,1,1,1,1,1,0.7901,1,1,0
1,1,1,1,1,1,0.7950338,1,1,1
1,1,1,1,1,1,0.7999544,1,1,1
1,1,1,1,1,1,0.8048476,1,1,1
1,1,1,1,1,1,0.8097261,0.9954871,1,1
1,1,1,1,1,1,0.8148111,0.974122,1,0
1,1,1,1,1,1,0.8210103,0.9522648,1,0
1,1,1,1,1,1,0.8283738,0.9299944,1,0
1,1,1,1,1,1,0.8369557,0.9073911,1,0
1,1,1,1,1,1,0.8468142,0.884538,1,0
1,1,1,1,1,1,0.8580112,0.861518,1,0
1,1,1,1,1,1,0.8706137,0.838412,1,0
1,1,1,1,1,1,0.8846787,0.8152979,1,0
1,1,1,1,1,1,0.9002817,0.7922485,1,0
1,1,1,1,1,1,0.9175042,0.7693328,1,0
1,1,1,1,1,1,0.9364173,0.7466126,1,0
1,1,1,1,1,1,0.9571131,0.7241434,1,0
1,1,1,1,1,1,0.9796737,0.7019732,1,0
1,1,1,1,1,1,1,0.6801438,1,0
1,1,1,1,1,1,1,0.658644,1,0
1,1,1,1,1,1,1,0.637286,1,0
1,1,1,1,1,1,1,0.6161233,1,0
1,1,1,1,1,1,1,0.5952059,1,0
1,1,1,1,1,1,1,0.5745788,1,0
1,1,1,1,1,1,1,0.557174,1,0
1,1,1,1,1,1,1,0.5668189,1,0
1,1,1,1,1,1,1,0.5767233,1,0
1,1,1,1,1,1,1,0.5868703,0.9227358,0
1,1,1,1,1,1,1,0.5993757,0.8705145,0
1,1,1,1,1,1,1,0.6137644,0.8192106,0
1,1,1,1,1,1,1,0.630184,0.7694129,0
1,1,1,1,1,1,1,0.6487988,0.7215859,0
1,1,1,1,1,1,1,0.66978,0.6760649,0
1,1,1,1,1,1,1,0.6932975,0.6330616,0
1,1,1,1,1,1,1,0.7195297,0.5926801,0
1,1,1,1,1,1,1,0.7484053,0.5551103,0
1,1,1,1,1,1,1,0.7799578,0.5202987,0
1,1,1,1,1,1,1,0.8145019,0.4994304,0
1,1,1,1,1,1,1,1,0.5113228,0
1,1,1,1,1,1,1,1,0.5222763,0
1,1,1,1,1,1,1,1,0.5336012,0
1,1,1,1,1,1,1,1,0.5452805,0
1,1,1,1,1,1,1,1,0.5573039,0
1,1,1,1,1,1,1,1,0.5696446,0
1,1,1,1,1,1,1,1,0.5822816,0
1,1,1,1,1,1,1,1,0.5952016,0
1,1,1,1,1,1,1,1,0.6083733,0
1,1,1,1,1,1,1,1,0.6217728,0
1,1,1,1,1,1,1,1,0.6353831,0
1,1,1,1,1,1,1,1,0.6491786,0
1,1,1,1,1,1,1,1,0.6631237,0
1,1,1,1,1,1,1,1,0.6772085,0
1,1,1,1,1,1,0.9744635,1,0.6913959,0
1,1,1,1,1,1,0.9668964,1,0.7055688,0
1,1,1,1,1,1,0.9593665,1,0.7197554,0
1,1,1,1,1,1,0.9518602,1,0.7339114,0
1,1,1,1,1,1,0.9443642,1,0.748011,0
1,1,1,1,1,1,0.9368666,1,0.7620193,0
1,1,1,1,1,1,0.929358,1,1,1
1,1,1,1,1,1,0.9208882,1,1,1
1,1,1,1,1,1,0.9124092,1,1,1
1,1,1,1,1,1,0.9039212,1,1,1
1,1,1,1,1,1,0.8954242,1,1,1
1,1,1,1,1,1,0.8869184,1,1,1
1,1,1,1,1,1,0.878404,1,1,1
1,1,1,1,1,1,0.8698809,1,1,1
1,1,1,1,1,1,0.8613491,1,1,1
1,1,1,1,1,1,0.8528088,1,1,1
1,1,1,1,1,1,0.8442603,1,1,1
1,1,1,1,1,1,0.8357036,1,1,1
1,1,1,1,1,1,0.8271385,1,1,1
1,1,1,1,1,1,0.8185657,1,1,1
1,1,1,1,1,1,0.809985,1,1,1
1,1,1,1,1,1,0.801397,1,1,1
1,1,1,1,1,1,0.7928014,1,1,1
1,1,1,1,1,1,0.7841983,1,1,1
1,1,1,1,1,1,0.7755882,1,1,1
1,1,1,1,1,1,0.7669712,1,1,1
1,1,1,1,1,1,0.7583475,1,1,1
1,1,1,1,1,1,0.749717,1,1,1
1,1,1,1,1,1,0.7410799,1,1,1
1,1,1,1,1,1,0.7324362,1,1,1
1,1,1,1,1,1,0.7237863,1,1,1
1,1,1,1,1,1,0.7151303,1,1,1
1,1,1,1,1,1,0.7064687,1,1,1
1,1,1,1,1,1,0.6978012,1,1,1
1,1,1,1,1,1,0.6891277,1,1,1
1,1,1,1,1,1,0.6804489,1,1,1
1,1,1,1,1,1,0.6717646,1,1,1
1,1,1,1,1,1,1,1,1,1
1,1,1,1,1,1,1,1,1,1
1,1,1,1,1,1,1,1,1,1
1,1,1,1,1,1,1,1,1,1
1,1,1,1,1,1,1,1,1,1
1,1,1,1,1,1,1,1,1,1
1,1,1,1,1,1,1,1,1,1
1,1,1,1,1,1,1,1,1,1
1,1,1,1,1,1,1,1,1,1
1,1,1,1,1,1,1,1,1,1
1,1,1,1,1,1,1,1,1,1
1,1,1,1,1,1,1,1,1,1
1,1,1,1,1,1,1,1,1,1
1,1,1,1,1,1,1,1,1,1
1,1,1,1,1,1,1,1,1,1
1,1,1,1,1,1,1,0.5586618,1,0
1,1,1,1,1,1,1,0.5487337,1,0
1,1,1,1,1,1,1,0.5388883,1,0
1,1,1,1,1,1,1,0.529126,1,0
1,1,1,1,1,1,1,0.5194474,1,0
1,1,1,1,1,1,1,0.5098524,1,0
1,1,1,1,1,1,1,0.5003408,1,0
1,1,1,1,1,1,1,0.4909127,1,0
1,1,1,1,1,1,1,0.4815674,1,0
1,1,1,1,1,1,1,0.4723043,1,0
1,1,1,1,1,1,1,0.4631227,1,0
1,1,1,1,1,1,1,0.4540218,1,0
1,1,1,1,1,1,1,0.4450007,1,0
1,1,1,1,1,1,1,0.436058,1,0
1,1,1,1,1,1,1,0.4271928,1,0
1,1,1,1,1,1,1,0.418404,1,0
1,1,1,1,1,1,1,0.4159463,1,0
1,1,1,1,1,1,1,0.4540915,1,0
1,1,1,1,1,1,1,0.4932802,1,0
1,1,1,1,1,1,1,0.5333356,0.4704494,0
1,1,1,1,1,1,1,1,0.4548143,0
1,1,1,1,1,1,1,1,0.4410471,0
1,1,1,1,1,1,1,1,0.4276989,0
1,1,1,1,1,1,1,1,0.4147641,0
1,1,1,1,1,1,1,1,0.4022368,0
1,1,1,1,1,1,1,1,0.3901083,0
1,1,1,1,1,1,1,1,0.3783703,0
1,1,1,1,1,1,1,1,0.3670118,0
1,1,1,1,1,1,1,1,0.3560228,0
1,1,1,1,1,1,1,1,0.367675,0
1,1,1,1,1,1,1,1,0.3917702,0
1,1,1,1,1,1,1,1,0.4166747,0
1,1,1,1,1,1,1,1,0.4423231,0
1,1,1,1,1,1,1,1,0.4686683,0
1,1,1,1,1,1,1,1,1,1
1,1,1,1,1,1,1,1,1,1
1,1,1,1,1,1,1,1,1,1
1,1,1,1,1,1,1,1,1,1
1,1,1,1,1,1,1,1,1,1
1,1,1,1,1,1,1,1,1,1
1,1,1,1,1,1,1,1,1,1
1,1,1,1,1,1,1,1,1,1
1,1,1,1,1,1,1,1,1,1
1,1,1,1,1,1,1,1,1,1
1,1,1,1,1,1,1,1,1,1
1,1,1,1,1,1,1,1,1,1
1,1,1,1,1,1,1,1,1,1
1,1,1,1,1,1,1,1,1,1
1,1,1,1,1,1,1,1,1,1
1,1,1,1,1,1,1,1,1,1
1,1,1,1,1,1,1,1,1,1
1,1,1,1,1,1,1,1,1,1
1,1,1,1,1,1,1,1,1,1
1,1,1,1,1,1,1,1,1,1
1,1,1,1,1,1,1,1,1,1
1,1,1,1,1,1,1,1,1,1
1,1,1,1,1,1,1,1,1,1
1,1,1,1,1,1,1,1,1,1
1,1,1,1,1,1,1,1,1,1
1,1,1,1,1,1,1,1,1,1
1,1,1,1,1,1,1,1,1,1
1,1,1,1,1,1,1,1,1,1
1,1,1,1,1,1,1,1,1,1
1,1,1,1,1,1,1,1,1,1
1,1,1,1,1,1,1,1,1,1
1,1,1,1,1,1,1,1,1,1
1,1,1,1,1,1,1,1,1,1
1,1,1,1,1,1,1,1,1,1
1,1,1,1,1,1,1,1,1,1
1,1,1,1,1,1,1,1,1,1
1,1,1,1,1,1,1,1,1,1
1,1,1,1,1,1,1,1,1,1
1,1,1,1,1,1,1,1,1,1
1,1,1,1,1,1,1,1,1,1
1,1,1,1,1,1,1,1,1,1
1,1,1,1,1,1,1,1,1,1
1,1,1,1,1,1,1,1,1,1
0.9927683,1,1,1,1,1,1,1,1,1
0.9834483,1,1,1,1,1,1,1,1,1
0.9739183,1,1,1,1,1,1,1,1,1
0.964187,1,1,1,1,1,1,1,1,1
0.9542654,1,1,1,1,1,1,1,1,1
0.9441496,1,1,1,1,1,1,1,1,1
0.9338511,1,1,1,1,1,1,1,1,1
0.9233825,1,1,1,1,1,1,1,1,1
0.9127496,1,0.9815691,1,1,1,1,1,1,1
0.9015271,1,0.9459563,1,1,1,1,1,1,2
0.8893569,1,0.9056436,1,1,1,1,1,1,2
0.8762094,1,0.860957,1,1,1,1,1,1,2
0.8621057,1,0.8422378,1,1,1,1,1,1,2
0.878431,1,0.8377212,1,1,1,1,1,1,2
0.9079539,1,0.8332385,1,1,1,1,1,1,2
0.9373932,1,0.8286337,1,1,1,1,1,1,2
0.9665655,1,0.823871,1,1,1,1,1,1,2
0.9952947,1,0.8189333,1,1,1,1,1,1,2
1,1,0.8137957,1,1,1,1,1,1,2
1,1,0.8087339,1,1,1,1,1,1,2
1,1,0.8038025,1,1,1,1,1,1,2
1,1,0.7990015,1,1,1,1,1,1,2
1,1,0.7943305,1,1,1,1,1,1,2
1,1,0.7897965,1,1,1,1,1,1,2
1,1,1,1,1,1,1,1,1,1
1,1,1,1,0.9950535,1,1,1,1,1
1,1,1,1,0.9852069,1,1,1,1,1
1,1,1,0.9881421,0.9756697,1,1,1,1,1
1,1,1,0.9748532,0.9668533,1,1,1,1,1
1,1,1,0.9607825,0.958779,1,1,1,1,1
1,1,1,0.945964,0.9514477,1,1,1,1,1
1,1,1,0.9304386,0.9448622,1,1,1,1,1
1,1,1,0.9142545,0.9390267,1,1,1,1,2
1,1,1,0.8974662,0.9339377,1,1,1,1,2
1,1,1,0.8801326,0.9296123,1,1,1,1,2
1,1,1,0.8623185,0.9260494,1,1,1,1,2
1,1,1,0.8440911,0.9232589,1,1,1,1,2
1,1,1,0.8255197,0.9212514,1,1,1,1,2
1,1,1,0.8066743,0.9200283,1,1,1,1,2
1,1,1,0.7876242,1,1,1,1,1,2
1,1,1,0.7701898,1,1,1,1,1,2
1,0.6610259,1,0.754351,1,1,1,1,1,2
1,0.605315,1,0.7613266,1,1,1,1,1,2
1,0.6006389,1,0.7691751,1,1,1,1,1,2
1,0.5963868,1,0.7779649,1,1,1,1,1,2
1,0.5925491,1,0.7877544,1,1,1,1,1,2
1,0.5891356,0.8437873,0.7986376,1,1,1,1,1,2
1,0.5861388,0.8033811,0.8106912,1,1,1,1,1,2
1,0.5835644,0.7654831,0.8240218,1,1,1,1,1,2
1,1,0.7298513,1,1,1,1,1,1,2
1,1,0.7069695,1,1,1,1,1,1,2
1,1,0.6839987,1,1,1,1,1,1,2
1,1,0.6610179,1,1,1,1,1,1,2
1,1,0.6416129,1,1,1,1,1,1,2
1,1,0.6424181,1,1,1,1,1,1,2
0.5484179,1,0.6433864,1,1,1,1,1,1,2
0.5428533,1,0.650292,1,1,1,1,1,1,2
0.5377542,1,0.6580264,1,1,1,1,1,1,2
0.5331109,1,0.6666437,1,1,1,1,1,1,2
0.5289148,1,0.6762054,1,1,1,1,1,1,2
0.5251646,1,0.6867887,1,1,1,1,1,1,2
0.521848,1,0.6984623,1,1,1,1,1,1,2
0.5189656,1,1,1,1,1,1,1,1,2
1,1,1,1,1,1,1,1,1,1
1,0.7036003,1,1,1,1,1,1,1,2
1,0.6656978,1,1,1,1,1,1,1,2
1,0.6278092,1,1,1,1,1,1,1,2
1,0.5902745,1,1,1,1,1,1,1,2
1,0.5534027,1,1,1,1,1,1,1,2
1,0.5174595,1,1,1,1,1,1,1,2
1,0.5169922,1,1,1,1,1,1,1,2
1,0.5207438,1,1,1,1,1,1,1,2
1,0.5248331,1,1,1,1,1,1,1,2
1,0.5292581,1,1,1,1,1,1,1,2
1,0.5340023,1,1,1,1,1,1,1,2
1,0.5390705,1,1,1,1,1,1,1,2
1,0.5444453,1,1,1,1,1,1,1,2
1,0.5501237,1,1,1,1,1,1,1,2
1,0.5561025,1,1,1,1,1,1,1,2
1,1,1,1,1,1,1,1,1,1
0.6084399,1,1,1,1,1,1,1,1,2
0.5326859,1,1,1,1,1,1,1,1,2
0.4607538,1,1,1,1,1,1,1,1,2
0.4581611,1,1,1,1,1,1,1,1,2
0.4618464,1,1,1,1,1,1,1,1,2
0.4660073,1,1,1,1,1,1,1,1,2
0.4706584,1,1,1,1,1,1,1,1,2
0.4757764,1,1,1,1,1,1,1,1,2
0.481331,1,1,1,1,1,1,1,1,2
0.4873141,1,1,1,1,1,1,1,1,2
0.4937242,1,1,1,1,1,1,1,1,2
0.5005525,1,1,1,1,1,1,1,1,2
1,1,1,1,1,1,1,1,1,1
1,1,1,1,1,1,1,1,1,1
1,1,1,1,1,1,1,1,1,1
1,1,1,1,1,1,1,1,1,1
1,1,1,1,1,1,1,1,1,1
1,1,1,1,1,1,1,1,1,1
1,1,1,1,1,1,1,1,1,1
1,1,1,1,1,1,1,1,1,1
1,1,1,1,1,1,1,1,1,1
1,1,1,1,1,1,1,1,1,1
1,1,1,1,1,1,1,1,1,1
1,1,1,1,1,1,1,1,1,1
1,1,1,1,1,1,1,1,1,1
1,1,1,1,1,1,1,1,1,1
1,1,1,1,1,1,1,1,1,1
1,1,1,1,1,1,1,1,1,1
1,1,1,1,1,1,1,1,1,1
1,1,1,1,1,1,1,1,1,1
1,1,1,1,1,1,1,1,1,1
1,1,1,1,1,1,1,1,1,1
1,1,1,1,1,1,1,1,1,1
1,1,1,1,1,1,1,1,1,1
1,1,1,1,1,1,1,1,1,1
1,1,1,1,1,1,1,1,1,1
1,1,1,1,1,1,1,1,1,1
1,1,1,1,1,1,1,1,1,1
1,1,1,1,1,1,1,1,1,1
1,1,1,1,1,1,1,1,1,1
1,1,1,1,1,1,1,1,1,1
1,1,1,1,1,1,1,1,1,1
1,1,1,1,1,1,1,1,1,1
1,1,1,1,1,1,1,1,1,1
1,1,1,1,1,1,1,1,1,1
1,1,1,1,1,1,1,1,1,1
1,1,1,1,1,1,1,1,1,1
1,1,1,1,1,1,1,1,1,1
1,1,1,1,1,1,1,1,1,1
1,1,1,1,1,1,1,1,1,1
1,1,1,1,1,1,1,1,1,1
1,1,1,1,1,1,1,1,1,1
1,1,1,1,1,1,1,1,1,1
1,1,1,1,1,1,1,1,1,1
1,1,1,1,1,1,1,1,1,1
1,1,1,1,1,1,1,1,1,1
1,1,1,1,1,1,1,1,1,1
0.991302,1,1,1,1,1,1,1,1,1
0.9695619,1,1,1,1,1,1,1,1,1
0.9463892,1,1,1,1,1,1,1,1,1
0.9218149,1,1,1,1,1,1,1,1,1
0.8958997,1,1,1,1,1,1,1,1,1
0.8948536,1,1,1,1,1,1,1,1,1
0.8993336,1,1,1,1,1,1,1,1,1
0.9038025,1,1,1,1,1,1,1,1,1
0.9082581,1,1,1,1,1,1,1,1,1
0.9126914,1,1,1,1,1,1,1,1,1
0.9171003,1,1,1,1,1,1,1,1,1
0.9214829,1,1,1,1,1,1,1,1,1
0.9258379,1,1,1,1,1,1,1,1,1
0.9301561,1,1,1,1,1,1,1,1,1
0.9344365,1,1,1,1,1,1,1,1,1
0.9386775,1,1,1,1,1,1,1,1,1
0.9428709,1,1,1,1,1,1,1,1,1
0.9470229,1,1,1,1,1,1,1,1,1
0.9511254,1,1,1,1,1,1,1,1,1
0.9551705,1,1,1,1,1,1,1,1,1
0.9591648,1,1,1,1,1,1,1,1,1
0.9631007,1,1,1,1,1,1,1,1,1
0.9669778,1,1,1,1,1,1,1,1,1
0.9707956,1,1,1,1,1,1,1,1,1
0.9745544,1,1,1,1,1,1,1,1,1
0.9782467,1,1,1,1,1,1,1,1,1
0.9818801,1,1,1,1,1,1,1,1,1
0.9854476,1,1,1,1,1,1,1,1,1
0.9889418,1,1,1,1,1,1,1,1,1
0.9923712,1,1,1,1,1,1,1,1,1
0.9957286,1,1,1,1,1,1,1,1,1
0.9990222,1,1,1,1,1,1,1,1,1
1,1,1,1,1,1,1,1,1,1
